fullname,ward.id,name,district,region,long,lat,area.km2,status,pop2012,popdens2012,popdensglw.cattle,popglw.cattle,popdensglw.sheep,popglw.sheep,popdensglw.goats,popglw.goats,popglw.animals,popdensglw.animals,popglw.caprine,popdensglw.caprine,pop.cattle,pop.sheep,pop.goats,popdens.cattle,popdens.sheep,popdens.goats,pop.animals,popdens.animals,pop.caprine,popdens.caprine,prodsys,market,nearest.secondary,mindist.secondary,nearest.primary,mindist.primary,ndvi,rvf.risk,rvf.risk.bin
arusha/meru/akheri,lon36.785.lat-3.375,Akheri,Meru,Arusha,36.7852810818249,-3.37505198559338,17.6,Mixed Ward,13699,778.4,35.743,629,8.988,158,21.853,385,1172,66.6,543,30.9,7414,875,916,421.2,49.7,52,9205,523,1791,101.8,Smallholder,None,arusha/arusha/bwawani,21.07,arusha/arushaurban/sokonii,12.52,0.646,0,0
arusha/ngorongoro/alailelai,lon35.687.lat-2.893,Alailelai,Ngorongoro,Arusha,35.6874405157405,-2.89324374242303,366.9,Rural Ward,7351,20,7.818,2868,21.694,7959,18.492,6785,17612,48,14744,40.2,29183,94531,13072,79.5,257.6,35.6,136786,372.8,107603,293.3,Pastoral,None,arusha/monduli/meserani,108.08,arusha/ngorongoro/olbalbal,32.33,0.461,0.329,0
kilimanjaro/rombo/aleni,lon37.596.lat-3.227,Aleni,Rombo,Kilimanjaro,37.5963865971777,-3.22661554447507,43,Rural Ward,9801,227.9,39.38,1693,24.927,1072,31.157,1340,4105,95.5,2412,56.1,2061,1352,5475,47.9,31.4,127.3,8888,206.7,6827,158.8,Smallholder,None,kilimanjaro/hai/machamekusini,40.53,kilimanjaro/rombo/kitirimakingachi,17.01,0.636,0.022,0
tanga/muheza/amani,lon38.623.lat-5.133,Amani,Muheza,Tanga,38.6233507289936,-5.13329379813126,91.2,Rural Ward,5553,60.9,0.107,10,0.011,1,0,0,11,0.1,1,0,NA,NA,NA,NA,NA,NA,NA,NA,NA,NA,NA,NA,NA,NA,NA,NA,0.819,0,0
arusha/ngorongoro/arash,lon35.385.lat-2.428,Arash,Ngorongoro,Arusha,35.3852619642546,-2.42787397723835,1103.7,Rural Ward,7841,7.1,37.265,41129,12.886,14223,21.988,24268,79620,72.1,38491,34.9,46501,25168,58851,42.1,22.8,53.3,130520,118.3,84019,76.1,Agropastoral,Primary,arusha/monduli/meserani,168.9,arusha/ngorongoro/oloirien,39.42,0.394,0.676,1
manyara/babati/arri,lon35.580.lat-4.199,Arri,Babati,Manyara,35.5804269203864,-4.19888479817212,109.9,Rural Ward,14146,128.7,1.404,154,1.847,203,7.686,845,1202,10.9,1048,9.5,5625,1933,5236,51.2,17.6,47.6,12794,116.4,7169,65.2,Agropastoral,None,arusha/monduli/meserani,111.95,manyara/babati/dareda,7.31,0.602,0,0
kilimanjaro/moshi/arushachini,lon37.343.lat-3.534,Arusha Chini,Moshi,Kilimanjaro,37.3429778086801,-3.53367206953398,173,Rural Ward,13960,80.7,29.368,5081,6.045,1046,55.544,9609,15736,91,10655,61.6,8125,1600,7870,47,9.2,45.5,17595,101.7,9470,54.7,Agropastoral,None,kilimanjaro/hai/machamekusini,22.09,manyara/simanjiro/msituwatembo,14.28,0.579,0.097,0
manyara/mbulu/ayamaami,lon35.549.lat-3.884,Ayamaami,Mbulu,Manyara,35.5489981705248,-3.88354766656634,14.6,Urban Ward,4848,332.1,10.934,160,2.32,34,19.579,286,480,32.9,320,21.9,1423,333,1389,97.5,22.8,95.1,3145,215.4,1722,117.9,Smallholder,None,arusha/monduli/meserani,97.81,manyara/mbulu/endagikot,3.66,0.569,0,0
manyara/mbulu/ayamohe,lon35.572.lat-3.846,Ayamohe,Mbulu,Manyara,35.5720251092973,-3.84615930140935,8.6,Urban Ward,5785,672.7,12.336,106,4.628,40,19.674,169,315,36.6,209,24.3,1140,368,1006,132.6,42.8,117,2514,292.3,1374,159.8,Smallholder,None,arusha/monduli/meserani,94.03,manyara/mbulu/endagikot,7.31,0.532,0,0
manyara/babati/ayasanda,lon35.709.lat-4.360,Ayasanda,Babati,Manyara,35.708580832775,-4.36013506208263,49,Rural Ward,6182,126.2,10.516,515,6.634,325,32.849,1610,2450,50,1935,39.5,3041,1627,3291,62.1,33.2,67.2,7959,162.4,4918,100.4,Agropastoral,None,arusha/monduli/meserani,114.07,manyara/babati/gidas,9.19,0.563,0,0
manyara/babatiurban/babati,lon35.775.lat-4.203,Babati,Babati Urban,Manyara,35.7749419147919,-4.20304768718181,27.5,Urban Ward,16718,607.9,4.22,116,21.96,604,21.281,585,1305,47.5,1189,43.2,1451,603,2662,52.8,21.9,96.8,4716,171.5,3265,118.7,Urban,None,arusha/monduli/meserani,96.18,manyara/babatiurban/nangara,5.79,0.54,0,0
tanga/lushoto/baga,lon38.428.lat-4.770,Baga,Lushoto,Tanga,38.4283167324584,-4.77047578859827,43.4,Rural Ward,8521,196.3,10.268,446,2.909,126,24.548,1065,1637,37.7,1191,27.4,NA,NA,NA,NA,NA,NA,NA,NA,NA,NA,NA,NA,NA,NA,NA,NA,0.69,0,0
manyara/babatiurban/bagara,lon35.715.lat-4.241,Bagara,Babati Urban,Manyara,35.714865666259,-4.24111510407684,47.6,Mixed Ward,28920,607.6,12.765,608,10.272,489,29.154,1388,2485,52.2,1877,39.4,3750,1102,3935,78.8,23.2,82.7,8787,184.6,5037,105.8,Smallholder,None,arusha/monduli/meserani,103.87,manyara/babati/riroda,8.73,0.48,0.036,0
manyara/hanang/balagidalalu,lon35.307.lat-4.660,Balagidalalu,Hanang,Manyara,35.3068781223489,-4.65953205333081,299.7,Rural Ward,14478,48.3,14.858,4453,2.548,764,12.335,3697,8914,29.7,4461,14.9,16572,2362,6199,55.3,7.9,20.7,25133,83.9,8561,28.6,Agropastoral,None,arusha/monduli/meserani,168.75,manyara/hanang/katesh,16.29,0.433,0.083,0
arusha/arusha/bangata,lon36.747.lat-3.323,Bangata,Arusha,Arusha,36.7468495503313,-3.3228088732051,14.5,Rural Ward,9136,630.1,15.349,223,4.728,69,8.444,122,414,28.6,191,13.2,2732,372,396,188.4,25.7,27.3,3500,241.4,768,53,Smallholder,None,arusha/arusha/bwawani,27.4,arusha/arusha/olmotonyi,10.34,0.768,0,0
arusha/arushaurban/baraa,lon36.737.lat-3.376,Baraa,Arusha Urban,Arusha,36.7369962757425,-3.37631892612924,4.5,Urban Ward,12498,2777.3,36.741,165,9.104,41,21.161,95,301,66.9,136,30.2,1633,641,143,362.9,142.4,31.8,2417,537.1,784,174.2,Smallholder,None,arusha/arusha/bwawani,21.91,arusha/arushaurban/sokonii,7.63,0.645,0,0
arusha/karatu/baray,lon35.106.lat-3.728,Baray,Karatu,Arusha,35.1062913337915,-3.72807244177563,1151.8,Rural Ward,23554,20.4,24.915,28697,6.115,7043,22.673,26115,61855,53.7,33158,28.8,49368,8325,45679,42.9,7.2,39.7,103372,89.7,54004,46.9,Agropastoral,None,arusha/monduli/meserani,141.9,manyara/mbulu/bashay,33.81,0.327,0.765,1
manyara/mbulu/bargish,lon35.545.lat-3.798,Bargish,Mbulu,Manyara,35.5446047198218,-3.79754301373098,37.1,Rural Ward,8804,237.3,12.367,459,6.95,258,21.338,792,1509,40.7,1050,28.3,2511,1143,2598,67.7,30.8,70,6252,168.5,3741,100.8,Smallholder,None,arusha/monduli/meserani,95.41,manyara/mbulu/daudi,4.87,0.505,0,0
manyara/mbulu/bashay,lon35.284.lat-3.975,Bashay,Mbulu,Manyara,35.2840062558729,-3.97508589571655,126.1,Rural Ward,10194,80.8,19.672,2481,3.329,420,29.876,3767,6668,52.9,4187,33.2,6230,1538,6774,49.4,12.2,53.7,14542,115.3,8312,65.9,Agropastoral,Primary,arusha/monduli/meserani,128.92,manyara/mbulu/masqaroda,13.47,0.448,0.145,0
manyara/babati/bashneti,lon35.420.lat-4.242,Bashneti,Babati,Manyara,35.4199439751749,-4.24159502327494,67.1,Rural Ward,13367,199.2,11.188,751,6.284,422,19.159,1286,2459,36.6,1708,25.5,7771,3583,4589,115.8,53.4,68.4,15943,237.6,8172,121.8,Smallholder,Primary,arusha/monduli/meserani,129.11,manyara/babati/dabil,9.18,0.528,0,0
manyara/hanang/bassodesh,lon35.137.lat-4.307,Bassodesh,Hanang,Manyara,35.1373861071814,-4.30669736389735,279,Rural Ward,16762,60.1,25.044,6987,4.565,1274,16.966,4733,12994,46.6,6007,21.5,10167,4942,10827,36.4,17.7,38.8,25936,93,15769,56.5,Agropastoral,Primary,arusha/monduli/meserani,159.43,manyara/hanang/bassotu,9.57,0.43,0.15,0
manyara/hanang/bassotu,lon35.112.lat-4.389,Bassotu,Hanang,Manyara,35.1116726298965,-4.38881435855236,362.8,Mixed Ward,24527,67.6,20.727,7520,3.349,1215,13.796,5005,13740,37.9,6220,17.1,38409,2234,15360,105.9,6.2,42.3,56003,154.4,17594,48.5,Agropastoral,Primary,arusha/monduli/meserani,166.64,manyara/hanang/bassodesh,9.57,0.413,0.273,0
kilimanjaro/same/bendera,lon38.078.lat-4.544,Bendera,Same,Kilimanjaro,38.0784531941824,-4.54425202124785,118.6,Mixed Ward,4913,41.4,20.304,2408,2.255,267,8.4,996,3671,31,1263,10.6,710,1645,1591,6,13.9,13.4,3946,33.3,3236,27.3,Pastoral,None,kilimanjaro/hai/machamekusini,160.68,kilimanjaro/same/hedaru,22.81,0.351,0.766,1
kilimanjaro/siha/biriri,lon37.044.lat-3.213,Biriri,Siha,Kilimanjaro,37.0444443528414,-3.21304298742737,39,Rural Ward,7768,199.2,79.299,3093,11.679,455,39.913,1557,5105,130.9,2012,51.6,1785,1842,1939,45.8,47.2,49.7,5566,142.7,3781,96.9,Agropastoral,Primary,kilimanjaro/hai/machamekusini,28.22,arusha/meru/kikatiti,19.77,0.567,0,0
manyara/babati/boay,lon35.740.lat-4.409,Boay,Babati,Manyara,35.7403938774175,-4.40910007940884,84.4,Rural Ward,6565,77.8,15.829,1336,2.219,187,25.153,2123,3646,43.2,2310,27.4,4464,940,4762,52.9,11.1,56.4,10166,120.5,5702,67.6,Agropastoral,None,arusha/monduli/meserani,116.08,manyara/babati/gidas,9.75,0.596,0,0
tanga/mkinga/boma,lon39.189.lat-4.843,Boma,Mkinga,Tanga,39.1885561566855,-4.84298031947524,42.1,Rural Ward,2587,61.4,5.716,241,4.651,196,8.893,374,811,19.3,570,13.5,NA,NA,NA,NA,NA,NA,NA,NA,NA,NA,NA,NA,NA,NA,NA,NA,0.726,0,0
kilimanjaro/moshimunicipal/bomambuzi,lon37.341.lat-3.375,Boma Mbuzi,Moshi Municipal,Kilimanjaro,37.3410239095839,-3.37509150771428,1.1,Urban Ward,15776,14341.8,49.125,54,20.319,22,189.91,209,285,259.1,231,210,98,73,337,89.1,66.4,306.4,508,461.8,410,372.7,Smallholder,None,kilimanjaro/hai/machamekusini,9.81,kilimanjaro/moshi/kiboshomagharibi,19.33,0.427,0.5,0
kilimanjaro/same/bombo,lon37.992.lat-4.268,Bombo,Same,Kilimanjaro,37.9915270654183,-4.26756734939564,21.9,Rural Ward,5530,252.5,121.955,2671,27.243,597,41.305,905,4173,190.5,1502,68.6,5128,297,256,234.2,13.6,11.7,5681,259.4,553,25.3,Smallholder,None,kilimanjaro/hai/machamekusini,130.25,kilimanjaro/same/makanya,26.43,0.736,0,0
kilimanjaro/moshimunicipal/bondeni,lon37.338.lat-3.360,Bondeni,Moshi Municipal,Kilimanjaro,37.3384793039777,-3.36049998693396,0.5,Urban Ward,4050,8100,49.125,25,20.319,10,189.91,95,130,260,105,210,524,158,706,1048,316,1412,1388,2776,864,1728,Smallholder,None,kilimanjaro/hai/machamekusini,9.3,kilimanjaro/moshi/kiboshomagharibi,17.72,0.368,0.8,1
manyara/babatiurban/bonga,lon35.751.lat-4.319,Bonga,Babati Urban,Manyara,35.7505353527393,-4.31894872510135,41.5,Mixed Ward,9603,231.4,16.607,689,3.604,150,31.518,1308,2147,51.7,1458,35.1,2215,416,1815,53.4,10,43.7,4446,107.1,2231,53.8,Agropastoral,None,arusha/monduli/meserani,107.57,manyara/babatiurban/nangara,9.94,0.611,0,0
tanga/mkinga/bosha,lon38.716.lat-4.887,Bosha,Mkinga,Tanga,38.7156763889135,-4.88725942992544,78.7,Rural Ward,7585,96.4,7.841,617,0.139,11,2.411,190,818,10.4,201,2.6,NA,NA,NA,NA,NA,NA,NA,NA,NA,NA,NA,NA,NA,NA,NA,NA,0.738,0,0
arusha/karatu/buger,lon35.662.lat-3.659,Buger,Karatu,Arusha,35.6623175024431,-3.65892402783483,210.5,Rural Ward,9919,47.1,10.666,2245,8.766,1845,16.266,3424,7514,35.7,5269,25,23064,3759,16196,109.6,17.9,76.9,43019,204.4,19955,94.8,Agropastoral,None,arusha/monduli/meserani,79.73,manyara/babati/magara,10.63,0.716,0,0
tanga/lushoto/bumbuli,lon38.483.lat-4.856,Bumbuli,Lushoto,Tanga,38.4829225260891,-4.85638066341453,27.9,Rural Ward,10159,364.1,0.436,12,0.027,1,0,0,13,0.5,1,0,NA,NA,NA,NA,NA,NA,NA,NA,NA,NA,NA,NA,NA,NA,NA,NA,0.715,0,0
tanga/korogwe/bungu,lon38.377.lat-5.023,Bungu,Korogwe,Tanga,38.3767255948548,-5.02348726652255,46.7,Rural Ward,14232,304.8,5.555,259,6.137,287,180.913,8449,8995,192.6,8736,187.1,NA,NA,NA,NA,NA,NA,NA,NA,NA,NA,NA,NA,NA,NA,NA,NA,0.656,0,0
tanga/pangani/bushiri,lon38.861.lat-5.348,Bushiri,Pangani,Tanga,38.860776576462,-5.34794253117802,248.4,Rural Ward,7294,29.4,7.367,1830,1.76,437,10.495,2607,4874,19.6,3044,12.3,NA,NA,NA,NA,NA,NA,NA,NA,NA,NA,NA,NA,NA,NA,NA,NA,0.629,0,0
manyara/kiteto/bwagamoyo,lon36.582.lat-5.301,Bwagamoyo,Kiteto,Manyara,36.5817484540939,-5.30054932210248,26.1,Mixed Ward,10748,411.8,24.911,650,6.522,170,18.073,472,1292,49.5,642,24.6,1233,16,1112,47.2,0.6,42.6,2361,90.5,1128,43.2,Agropastoral,None,arusha/monduli/meserani,192.66,manyara/kiteto/partimbo,8.62,0.46,0.156,0
kilimanjaro/same/bwambo,lon37.940.lat-4.377,Bwambo,Same,Kilimanjaro,37.9404371243054,-4.376505882858,53.3,Rural Ward,9479,177.8,133.111,7095,41.663,2221,44.738,2385,11701,219.5,4606,86.4,5562,1110,1640,104.4,20.8,30.8,8312,155.9,2750,51.6,Smallholder,None,kilimanjaro/hai/machamekusini,136.65,kilimanjaro/same/hedaru,13.66,0.729,0,0
arusha/arusha/bwawani,lon36.797.lat-3.564,Bwawani,Arusha,Arusha,36.7966055182404,-3.56419868196973,175.5,Rural Ward,11117,63.3,22.655,3976,4.518,793,25.188,4420,9189,52.4,5213,29.7,5005,5522,6933,28.5,31.5,39.5,17460,99.5,12455,71,Agropastoral,Secondary,arusha/monduli/meserani,46.67,arusha/meru/mbuguni,11.61,0.369,0.74,1
tanga/muheza/bwembwera,lon38.701.lat-5.201,Bwembwera,Muheza,Tanga,38.7013719843461,-5.20107151963963,41.4,Rural Ward,5557,134.2,10.836,449,0.641,27,10.317,427,903,21.8,454,11,NA,NA,NA,NA,NA,NA,NA,NA,NA,NA,NA,NA,NA,NA,NA,NA,0.705,0,0
tanga/pangani/bweni,lon38.974.lat-5.454,Bweni,Pangani,Tanga,38.9738581944287,-5.45369840357966,20.6,Rural Ward,1263,61.3,5.855,121,4.455,92,10.999,227,440,21.4,319,15.5,NA,NA,NA,NA,NA,NA,NA,NA,NA,NA,NA,NA,NA,NA,NA,NA,0.66,0,0
tanga/mkinga/bwiti,lon38.849.lat-4.748,Bwiti,Mkinga,Tanga,38.8485015484831,-4.74772339973482,270.7,Rural Ward,9711,35.9,6.689,1811,0.499,135,11.625,3147,5093,18.8,3282,12.1,NA,NA,NA,NA,NA,NA,NA,NA,NA,NA,NA,NA,NA,NA,NA,NA,0.638,0,0
tanga/tanga/central,lon39.113.lat-5.064,Central,Tanga,Tanga,39.1132397540125,-5.06428954603269,3.9,Urban Ward,5739,1471.5,0,0,0,0,0,0,0,0,0,0,NA,NA,NA,NA,NA,NA,NA,NA,NA,NA,NA,NA,NA,NA,NA,NA,0.496,0.2,0
tanga/handenitownshipauthority/chanika,lon38.007.lat-5.435,Chanika,Handeni Township Authority,Tanga,38.0073697705318,-5.43454163821389,4.1,Urban Ward,10994,2681.5,8.042,33,1.826,7,15.82,65,105,25.6,72,17.6,NA,NA,NA,NA,NA,NA,NA,NA,NA,NA,NA,NA,NA,NA,NA,NA,0.519,0,0
manyara/kiteto/chapakazi,lon36.404.lat-5.449,Chapakazi,Kiteto,Manyara,36.403631594118,-5.44911080528315,277.5,Rural Ward,7773,28,32.13,8916,7.114,1974,19,5273,16163,58.2,7247,26.1,12409,3943,8329,44.7,14.2,30,24681,88.9,12272,44.2,Agropastoral,None,arusha/monduli/meserani,207.85,manyara/kiteto/dosidosi,14.36,0.396,0.644,1
tanga/korogwe/chekelei,lon38.312.lat-4.982,Chekelei,Korogwe,Tanga,38.3124672300322,-4.98206005701425,76.7,Rural Ward,8228,107.3,0.871,67,0.007,1,0,0,68,0.9,1,0,NA,NA,NA,NA,NA,NA,NA,NA,NA,NA,NA,NA,NA,NA,NA,NA,0.568,0,0
kilimanjaro/same/chome,lon37.920.lat-4.270,Chome,Same,Kilimanjaro,37.9199491207699,-4.27030268056696,73.6,Rural Ward,5893,80.1,231.761,17058,130.809,9628,56.577,4164,30850,419.2,13792,187.4,2460,1456,364,33.4,19.8,4.9,4280,58.2,1820,24.7,Smallholder,None,kilimanjaro/hai/machamekusini,125.67,kilimanjaro/same/makanya,19.27,0.703,0,0
kilimanjaro/mwanga/chomvu,lon37.665.lat-3.723,Chomvu,Mwanga,Kilimanjaro,37.6651362464951,-3.72296352506586,25.4,Rural Ward,7444,293.1,141.503,3594,2.001,51,33.42,849,4494,176.9,900,35.4,7607,426,2712,299.5,16.8,106.8,10745,423,3138,123.5,Smallholder,None,kilimanjaro/hai/machamekusini,61.18,kilimanjaro/mwanga/mgagao,15.54,0.702,0,0
tanga/tanga/chongoleani,lon39.095.lat-4.999,Chongoleani,Tanga,Tanga,39.0948621331402,-4.99939499220416,37,Rural Ward,4737,128,13.546,501,20.044,742,17.994,666,1909,51.6,1408,38.1,NA,NA,NA,NA,NA,NA,NA,NA,NA,NA,NA,NA,NA,NA,NA,NA,0.639,0,0
tanga/tanga/chumbageni,lon39.085.lat-5.066,Chumbageni,Tanga,Tanga,39.0846001887359,-5.0664063299091,2.5,Urban Ward,14225,5690,0,0,0,0,0,0,0,0,0,0,NA,NA,NA,NA,NA,NA,NA,NA,NA,NA,NA,NA,NA,NA,NA,NA,0.537,0,0
arusha/karatu/daa,lon35.487.lat-3.409,Daa,Karatu,Arusha,35.4868890233351,-3.4090523497859,225.7,Rural Ward,9868,43.7,6.975,1574,26.702,6027,17.266,3897,11498,50.9,9924,44,23351,5610,23504,103.5,24.9,104.1,52465,232.5,29114,129,Agropastoral,Primary,arusha/monduli/meserani,100.54,arusha/karatu/endabash,15.93,0.429,0.511,1
manyara/babati/dabil,lon35.433.lat-4.323,Dabil,Babati,Manyara,35.4325551619069,-4.32314915119679,142,Rural Ward,16781,118.2,9.219,1309,6.493,922,22.024,3127,5358,37.7,4049,28.5,15250,5354,7748,107.4,37.7,54.6,28352,199.7,13102,92.3,Agropastoral,Primary,arusha/monduli/meserani,133.38,manyara/babati/bashneti,9.18,0.427,0.151,0
tanga/mkinga/daluni,lon38.761.lat-4.713,Daluni,Mkinga,Tanga,38.7610732440491,-4.71347520059611,100.9,Rural Ward,6905,68.4,15.831,1597,0.196,20,11.613,1172,2789,27.6,1192,11.8,NA,NA,NA,NA,NA,NA,NA,NA,NA,NA,NA,NA,NA,NA,NA,NA,0.567,0,0
arusha/arushaurban/darajambili,lon36.690.lat-3.383,Daraja Mbili,Arusha Urban,Arusha,36.6899227954917,-3.38312099976009,1.2,Urban Ward,19491,16242.5,0,0,0,0,0,0,0,0,0,0,1578,864,491,1315,720,409.2,2933,2444.2,1355,1129.2,Urban,None,arusha/arusha/bwawani,23.36,arusha/arushaurban/sokonii,3.58,0.53,0,0
manyara/babati/dareda,lon35.527.lat-4.237,Dareda,Babati,Manyara,35.5265107544177,-4.23666495119792,69.9,Mixed Ward,22880,327.3,1.309,92,1.595,112,6.198,433,637,9.1,545,7.8,7503,2398,4665,107.3,34.3,66.7,14566,208.4,7063,101,Agropastoral,Primary,arusha/monduli/meserani,119.25,manyara/babati/bashneti,11.83,0.552,0,0
manyara/mbulu/daudi,lon35.538.lat-3.754,Daudi,Mbulu,Manyara,35.5378348746959,-3.75428349831673,46.2,Rural Ward,7642,165.4,7.573,350,4.754,220,18.273,844,1414,30.6,1064,23,2170,1037,2702,47,22.4,58.5,5909,127.9,3739,80.9,Smallholder,Primary,arusha/monduli/meserani,95.05,manyara/mbulu/gunyoda,10.48,0.522,0.038,0
arusha/ngorongoro/digodigo,lon35.789.lat-2.115,Digodigo,Ngorongoro,Arusha,35.7889418563823,-2.11466890688864,276.5,Rural Ward,8195,29.6,24.25,6705,36.1,9982,33.087,9149,25836,93.4,19131,69.2,3115,1527,5638,11.3,5.5,20.4,10280,37.2,7165,25.9,Pastoral,None,arusha/monduli/meserani,175.52,arusha/ngorongoro/oldonyosambu,11.67,0.512,0.012,0
manyara/mbulu/dinamu,lon35.266.lat-4.051,Dinamu,Mbulu,Manyara,35.2659602788065,-4.05115591639974,90.6,Rural Ward,11606,128.1,20.571,1864,2.05,186,29.04,2631,4681,51.7,2817,31.1,5341,937,5433,59,10.3,60,11711,129.3,6370,70.3,Agropastoral,None,arusha/monduli/meserani,133.87,manyara/mbulu/bashay,8.69,0.438,0.057,0
tanga/korogwe/dindira,lon38.420.lat-4.994,Dindira,Korogwe,Tanga,38.4195899191821,-4.9938686970748,40.1,Rural Ward,12086,301.4,2.531,101,1.943,78,51.395,2061,2240,55.9,2139,53.3,NA,NA,NA,NA,NA,NA,NA,NA,NA,NA,NA,NA,NA,NA,NA,NA,0.716,0,0
manyara/hanang/dirma,lon35.458.lat-4.641,Dirma,Hanang,Manyara,35.457984281946,-4.64120886450465,226.1,Rural Ward,8538,37.8,13.436,3038,2.025,458,18.057,4083,7579,33.5,4541,20.1,18220,2277,4146,80.6,10.1,18.3,24643,109,6423,28.4,Agropastoral,Primary,arusha/monduli/meserani,155.88,manyara/hanang/katesh,14.91,0.451,0.046,0
tanga/mkinga/doda,lon39.004.lat-4.849,Doda,Mkinga,Tanga,39.0042758802134,-4.8492673849084,202.2,Rural Ward,2670,13.2,12.054,2437,3.426,693,14.511,2934,6064,30,3627,17.9,NA,NA,NA,NA,NA,NA,NA,NA,NA,NA,NA,NA,NA,NA,NA,NA,0.633,0,0
manyara/kiteto/dongo,lon36.808.lat-5.836,Dongo,Kiteto,Manyara,36.8076861572204,-5.83635280228533,724.6,Rural Ward,17980,24.8,19.166,13887,5.006,3627,13.246,9598,27112,37.4,13225,18.3,30337,1682,19152,41.9,2.3,26.4,51171,70.6,20834,28.8,Agropastoral,Primary,arusha/arusha/bwawani,252.65,manyara/kiteto/sunya,20.66,0.47,0.258,0
manyara/mbulu/dongobesh,lon35.369.lat-4.079,Dongobesh,Mbulu,Manyara,35.3691209450978,-4.0792422640267,65.2,Mixed Ward,11770,180.5,20.46,1334,3.733,243,24.331,1586,3163,48.5,1829,28.1,4460,1102,3981,68.4,16.9,61.1,9543,146.4,5083,78,Agropastoral,Primary,arusha/monduli/meserani,124.78,manyara/mbulu/bashay,14.94,0.432,0.097,0
manyara/kiteto/dosidosi,lon36.417.lat-5.578,Dosidosi,Kiteto,Manyara,36.4165224752447,-5.57761454328973,106.3,Rural Ward,7785,73.2,27.647,2939,6.663,708,16.756,1781,5428,51.1,2489,23.4,7472,388,2879,70.3,3.7,27.1,10739,101,3267,30.7,Agropastoral,Primary,arusha/monduli/meserani,222.16,manyara/kiteto/namelock,34.31,0.415,0.418,0
tanga/tanga/duga,lon39.086.lat-5.101,Duga,Tanga,Tanga,39.0864199283638,-5.10106249100351,2.4,Urban Ward,18704,7793.3,5.408,13,0.538,1,8.073,19,33,13.8,20,8.3,NA,NA,NA,NA,NA,NA,NA,NA,NA,NA,NA,NA,NA,NA,NA,NA,0.451,0,0
tanga/mkinga/duga,lon39.096.lat-4.642,Duga,Mkinga,Tanga,39.0957269730799,-4.64177432214469,164.9,Rural Ward,9444,57.3,17.286,2851,6.73,1110,15.17,2502,6463,39.2,3612,21.9,NA,NA,NA,NA,NA,NA,NA,NA,NA,NA,NA,NA,NA,NA,NA,NA,0.579,0,0
tanga/lushoto/duleb,lon38.444.lat-4.858,Dule "B",Lushoto,Tanga,38.4439720691599,-4.85771969397552,28.1,Rural Ward,7971,283.7,0.7,20,4.763,134,16.831,473,627,22.3,607,21.6,NA,NA,NA,NA,NA,NA,NA,NA,NA,NA,NA,NA,NA,NA,NA,NA,0.719,0,0
tanga/lushoto/dulem,lon38.309.lat-4.563,Dule "M",Lushoto,Tanga,38.3090582902108,-4.56345924794478,32.3,Rural Ward,8834,273.5,23.748,767,2.97,96,13.104,423,1286,39.8,519,16.1,NA,NA,NA,NA,NA,NA,NA,NA,NA,NA,NA,NA,NA,NA,NA,NA,0.71,0,0
manyara/babati/duru,lon35.639.lat-4.335,Duru,Babati,Manyara,35.6390702932972,-4.33494950327371,103.9,Rural Ward,11526,110.9,10.335,1074,5.567,578,28.082,2918,4570,44,3496,33.6,7284,1834,5150,70.1,17.7,49.6,14268,137.3,6984,67.2,Agropastoral,None,arusha/monduli/meserani,117.2,manyara/babati/riroda,5.9,0.523,0.008,0
arusha/longido/elengatadapash,lon36.276.lat-2.981,Eleng'ata Dapash,Longido,Arusha,36.2761856110362,-2.98087017234106,450.9,Rural Ward,10221,22.7,16.578,7475,17.544,7911,19.52,8801,24187,53.6,16712,37.1,9796,5470,6740,21.7,12.1,14.9,22006,48.8,12210,27.1,Pastoral,None,arusha/monduli/meserani,67.55,arusha/longido/kitumbeine,20.8,0.344,0.67,1
arusha/arushaurban/elerai,lon36.662.lat-3.365,Elerai,Arusha Urban,Arusha,36.6619942634372,-3.36532222522677,3.7,Urban Ward,40749,11013.2,0,0,0,0,0,0,0,0,0,0,1620,1928,460,437.8,521.1,124.3,4008,1083.2,2388,645.4,Urban,None,arusha/arusha/bwawani,26.69,arusha/arushaurban/sokonii,5.69,0.464,0,0
manyara/simanjiro/emboreet,lon36.396.lat-3.973,Emboreet,Simanjiro,Manyara,36.3961975927687,-3.97301913233222,927.3,Rural Ward,8860,9.6,28.129,26084,9.452,8765,25.628,23765,58614,63.2,32530,35.1,34263,26057,30475,36.9,28.1,32.9,90795,97.9,56532,61,Agropastoral,None,arusha/monduli/meserani,43.75,arusha/monduli/lolkisale,22.58,0.423,0.218,0
arusha/karatu/endabash,lon35.556.lat-3.535,Endabash,Karatu,Arusha,35.5559690672269,-3.53464094700798,281.2,Rural Ward,14358,51.1,21.711,6105,5.551,1561,21.851,6144,13810,49.1,7705,27.4,14832,6716,17102,52.7,23.9,60.8,38650,137.4,23818,84.7,Agropastoral,Primary,arusha/monduli/meserani,91.19,arusha/karatu/daa,15.93,0.38,0.701,1
manyara/mbulu/endagikot,lon35.516.lat-3.881,Endagikot,Mbulu,Manyara,35.5160781678635,-3.88086044838703,18.2,Urban Ward,4463,245.2,13.125,239,1.518,28,13.241,241,508,27.9,269,14.8,1767,296,1251,97.1,16.3,68.7,3314,182.1,1547,85,Urban,Primary,arusha/monduli/meserani,101.15,manyara/mbulu/gunyoda,9.6,0.533,0,0
arusha/karatu/endamaghang,lon35.355.lat-3.376,Endamaghang,Karatu,Arusha,35.35484541,-3.37604332661026,93.7,Rural Ward,16267,173.6,14.505,1359,21.808,2043,13.532,1268,4670,49.8,3311,35.3,4505,4026,3469,48.1,43,37,12000,128.1,7495,80,Agropastoral,None,arusha/monduli/meserani,115.63,arusha/karatu/daa,15.11,0.409,0.349,0
arusha/karatu/endamarariek,lon35.710.lat-3.481,Endamarariek,Karatu,Arusha,35.7101464203378,-3.48142778299248,245.5,Rural Ward,24996,101.8,12.187,2992,7.519,1846,14.254,3499,8337,34,5345,21.8,29551,9741,38626,120.4,39.7,157.3,77918,317.4,48367,197,Agropastoral,None,arusha/monduli/meserani,74.75,arusha/karatu/karatu,12.03,0.488,0.164,0
manyara/mbulu/endamilay,lon35.135.lat-4.062,Endamilay,Mbulu,Manyara,35.134717381729,-4.06224577915214,152.5,Rural Ward,13967,91.6,19.224,2932,2.685,409,20.341,3102,6443,42.2,3511,23,6817,1513,6012,44.7,9.9,39.4,14342,94,7525,49.3,Agropastoral,None,arusha/monduli/meserani,147.83,manyara/mbulu/maghang,7.27,0.461,0.039,0
manyara/hanang/endasak,lon35.541.lat-4.419,Endasak,Hanang,Manyara,35.5410241144048,-4.41893141685731,36.5,Mixed Ward,10054,275.5,13.271,484,5.146,188,29.528,1078,1750,47.9,1266,34.7,892,279,816,24.4,7.6,22.4,1987,54.4,1095,30,Smallholder,Primary,arusha/monduli/meserani,131.48,manyara/babati/gidas,12.46,0.434,0.209,0
manyara/hanang/endasiwold,lon35.495.lat-4.398,Endasiwold,Hanang,Manyara,35.4946724410318,-4.39780264083171,30.6,Rural Ward,6562,214.4,18.577,568,6.493,199,35.419,1084,1851,60.5,1283,41.9,2824,2849,3702,92.3,93.1,121,9375,306.4,6551,214.1,Smallholder,None,arusha/monduli/meserani,133.54,manyara/hanang/endasak,5.65,0.442,0.029,0
manyara/simanjiro/endiantu,lon36.982.lat-3.585,Endiantu,Simanjiro,Manyara,36.9819742942008,-3.58507005790142,18.2,Urban Ward,13621,748.4,16.761,305,8.633,157,22.031,401,863,47.4,558,30.7,515,747,1552,28.3,41,85.3,2814,154.6,2299,126.3,Agropastoral,None,arusha/arusha/bwawani,20.7,arusha/meru/mbuguni,9.58,0.336,0.762,1
manyara/babati/endokise,lon36.057.lat-4.173,Endokise,Babati,Manyara,36.0574971064563,-4.17261194991099,347.5,Rural Ward,9246,26.6,3.222,1120,1.384,481,4.091,1422,3023,8.7,1903,5.5,4846,3301,7188,13.9,9.5,20.7,15335,44.1,10489,30.2,Agropastoral,None,arusha/monduli/meserani,74.79,manyara/babati/mamire,7.44,0.451,0.01,0
manyara/simanjiro/endonyongijape,lon37.282.lat-4.441,Endonyongijape,Simanjiro,Manyara,37.2821786308073,-4.44102599507816,1523,Rural Ward,10153,6.7,18.943,28850,8.82,13432,16.711,25450,67732,44.5,38882,25.5,16517,6000,16899,10.8,3.9,11.1,39416,25.9,22899,15,Pastoral,None,arusha/arusha/bwawani,111.39,manyara/simanjiro/orkesmet,10.83,0.427,0.254,0
arusha/ngorongoro/endulen,lon35.128.lat-3.128,Endulen,Ngorongoro,Arusha,35.1282336895399,-3.12795976591648,1759.7,Rural Ward,13537,7.7,22.071,38838,11.777,20724,18.072,31802,91364,51.9,52526,29.8,50846,26868,41577,28.9,15.3,23.6,119291,67.8,68445,38.9,Agropastoral,Primary,arusha/monduli/meserani,147.39,arusha/ngorongoro/olbalbal,36.84,0.357,0.754,1
arusha/longido/engarenaibor,lon36.545.lat-2.505,Engarenaibor,Longido,Arusha,36.545467114861,-2.50528602498671,429.7,Rural Ward,11607,27,22.302,9583,22.567,9697,23.47,10085,29365,68.3,19782,46,15889,17038,51336,37,39.7,119.5,84263,196.1,68374,159.1,Pastoral,Primary,arusha/monduli/meserani,120.97,arusha/longido/orbomba,33.95,0.436,0.317,0
arusha/monduli/engaruka,lon36.040.lat-2.959,Engaruka,Monduli,Arusha,36.0398349724347,-2.95891452016661,658.1,Rural Ward,11121,16.9,12.634,8314,9.677,6368,18.214,11987,26669,40.5,18355,27.9,16676,18301,15612,25.3,27.8,23.7,50589,76.9,33913,51.5,Pastoral,Primary,arusha/monduli/meserani,78.53,arusha/monduli/selela,31.28,0.297,0.842,1
arusha/longido/engikaret,lon36.599.lat-2.950,Engikaret,Longido,Arusha,36.5994575160444,-2.94981352823199,914.5,Rural Ward,6527,7.1,22.116,20225,9.485,8674,23.056,21085,49984,54.7,29759,32.5,21798,21135,35017,23.8,23.1,38.3,77950,85.2,56152,61.4,Pastoral,None,arusha/arusha/bwawani,71.74,arusha/longido/orbomba,21.05,0.295,0.929,1
manyara/kiteto/engusero,lon36.549.lat-5.566,Engusero,Kiteto,Manyara,36.5489381195123,-5.5661817170671,336,Rural Ward,24707,73.5,25.153,8451,6.415,2155,15.891,5340,15946,47.5,7495,22.3,9121,6181,5694,27.1,18.4,16.9,20996,62.5,11875,35.3,Agropastoral,None,arusha/monduli/meserani,221.67,manyara/kiteto/dosidosi,14.71,0.42,0.321,0
arusha/ngorongoro/enguserosambu,lon35.682.lat-2.036,Engusero Sambu,Ngorongoro,Arusha,35.6816348057673,-2.03645130507819,67.9,Rural Ward,1521,22.4,13.118,891,33.85,2298,28.288,1921,5110,75.3,4219,62.1,12407,31762,11491,182.7,467.8,169.2,55660,819.7,43253,637,Agropastoral,None,arusha/monduli/meserani,188.19,arusha/ngorongoro/oloirien,16.7,0.617,0,0
arusha/arushaurban/engutoto,lon36.712.lat-3.435,Engutoto,Arusha Urban,Arusha,36.7118751603235,-3.4347606994251,7.8,Urban Ward,7426,952.1,17.266,135,5.155,40,44.774,349,524,67.2,389,49.9,440,337,384,56.4,43.2,49.2,1161,148.8,721,92.4,Smallholder,None,arusha/arusha/bwawani,17.19,arusha/arushaurban/sokonii,4.32,0.476,0.1,0
arusha/monduli/engutoto,lon36.453.lat-3.302,Engutoto,Monduli,Arusha,36.4531250087298,-3.30176768830763,31.7,Mixed Ward,6970,219.9,17.193,545,1.876,59,27.627,876,1480,46.7,935,29.5,4749,2602,2553,149.8,82.1,80.5,9904,312.4,5155,162.6,Smallholder,None,arusha/monduli/meserani,32.1,arusha/monduli/mondulijuu,18,0.555,0.081,0
manyara/mbulu/eshkesh,lon35.018.lat-3.968,Eshkesh,Mbulu,Manyara,35.0177747301542,-3.96796470580975,459,Rural Ward,5859,12.8,33.48,15367,8.161,3746,24.718,11345,30458,66.4,15091,32.9,16638,5823,13337,36.2,12.7,29.1,35798,78,19160,41.7,Agropastoral,None,arusha/monduli/meserani,156.79,manyara/mbulu/maghang,22.54,0.434,0.182,0
arusha/monduli/esilalei,lon35.935.lat-3.482,Esilalei,Monduli,Arusha,35.9353972548266,-3.48227731796139,497,Rural Ward,14595,29.4,13.765,6841,5.325,2647,14.636,7274,16762,33.7,9921,20,37068,25206,26748,74.6,50.7,53.8,89022,179.1,51954,104.5,Pastoral,None,arusha/monduli/meserani,50.14,arusha/monduli/mtowambu,12.85,0.359,0.762,1
tanga/lushoto/funta,lon38.460.lat-4.905,Funta,Lushoto,Tanga,38.4603686141025,-4.9053205487197,30.3,Rural Ward,10592,349.6,1.729,52,2.168,66,18.538,562,680,22.4,628,20.7,NA,NA,NA,NA,NA,NA,NA,NA,NA,NA,NA,NA,NA,NA,NA,NA,0.66,0,0
manyara/babati/galapo,lon36.087.lat-4.251,Galapo,Babati,Manyara,36.0865382075986,-4.25130398446731,552.2,Mixed Ward,19578,35.5,5.231,2889,1.765,975,7.051,3894,7758,14,4869,8.8,17785,4453,16503,32.2,8.1,29.9,38741,70.2,20956,38,Agropastoral,Primary,arusha/monduli/meserani,81.27,manyara/babati/mamire,16.75,0.448,0.09,0
arusha/karatu/ganako,lon35.639.lat-3.321,Ganako,Karatu,Arusha,35.6390037366849,-3.32132641590202,65.5,Rural Ward,15481,236.4,29.341,1922,5.527,362,43.681,2861,5145,78.5,3223,49.2,7677,2324,5596,117.2,35.5,85.4,15597,238.1,7920,120.9,Smallholder,None,arusha/monduli/meserani,86.75,arusha/karatu/karatu,8.41,0.537,0.064,0
manyara/hanang/ganana,lon35.383.lat-4.511,Ganana,Hanang,Manyara,35.383361680252,-4.51119661193725,6.1,Urban Ward,7543,1236.6,6.613,40,2.648,16,12.666,77,133,21.8,93,15.2,190,43,85,31.1,7,13.9,318,52.1,128,21,Urban,None,arusha/monduli/meserani,151.17,manyara/hanang/katesh,2.37,0.466,0,0
kilimanjaro/siha/gararagua,lon37.055.lat-3.124,Gararagua,Siha,Kilimanjaro,37.0548672030935,-3.12429307545423,123,Rural Ward,9884,80.4,12.038,1481,4.934,607,8.795,1082,3170,25.8,1689,13.7,4636,3647,4012,37.7,29.7,32.6,12295,100,7659,62.3,Pastoral,None,kilimanjaro/hai/machamekusini,33.97,kilimanjaro/siha/biriri,9.94,0.607,0.11,0
tanga/lushoto/gare,lon38.357.lat-4.787,Gare,Lushoto,Tanga,38.3567052006159,-4.78701767585178,32.6,Rural Ward,12477,382.7,4.243,138,3.711,121,25.265,824,1083,33.2,945,29,NA,NA,NA,NA,NA,NA,NA,NA,NA,NA,NA,NA,NA,NA,NA,NA,0.708,0,0
manyara/mbulu/gehandu,lon35.627.lat-3.807,Gehandu,Mbulu,Manyara,35.6268686688937,-3.80651629021274,85.3,Rural Ward,15222,178.5,6.852,584,12.126,1034,20.101,1715,3333,39.1,2749,32.2,2858,2660,4177,33.5,31.2,49,9695,113.7,6837,80.2,Smallholder,None,arusha/monduli/meserani,86.9,manyara/mbulu/daudi,11.46,0.611,0,0
manyara/hanang/gehandu,lon35.173.lat-4.588,Gehandu,Hanang,Manyara,35.1731101274014,-4.58787465895192,246.3,Rural Ward,12092,49.1,18.756,4620,2.955,728,12.311,3032,8380,34,3760,15.3,23367,7508,13355,94.9,30.5,54.2,44230,179.6,20863,84.7,Agropastoral,Primary,arusha/monduli/meserani,174.27,manyara/hanang/laghanga,14.11,0.44,0.063,0
arusha/longido/gelailumbwa,lon36.188.lat-2.538,Gelai lumbwa,Longido,Arusha,36.1884804125699,-2.53770409272786,884.8,Rural Ward,6198,7,13.591,12025,17.895,15834,14.813,13107,40966,46.3,28941,32.7,8009,13526,27316,9.1,15.3,30.9,48851,55.2,40842,46.2,Pastoral,Primary,arusha/monduli/meserani,117.77,arusha/longido/kitumbeine,35.17,0.339,0.799,1
arusha/longido/gelaimeirugoi,lon36.042.lat-2.716,Gelai Meirugoi,Longido,Arusha,36.0419187215705,-2.71569129381658,830.1,Rural Ward,9173,11.1,12.623,10478,22.631,18786,16.731,13888,43152,52,32674,39.4,28551,59548,28402,34.4,71.7,34.2,116501,140.3,87950,106,Pastoral,None,arusha/monduli/meserani,103.04,arusha/longido/gelailumbwa,25.63,0.338,0.696,1
manyara/hanang/gendabi,lon35.311.lat-4.416,Gendabi,Hanang,Manyara,35.3109332728089,-4.41625452795584,116.4,Rural Ward,10968,94.2,4.91,571,0.676,79,5.419,631,1281,11,710,6.1,4960,4179,4836,42.6,35.9,41.5,13975,120.1,9015,77.4,Agropastoral,None,arusha/monduli/meserani,150.38,manyara/hanang/katesh,14.97,0.39,0.288,0
tanga/muheza/genge,lon38.804.lat-5.179,Genge,Muheza,Tanga,38.8040891037709,-5.17876995760188,5.4,Rural Ward,6521,1207.6,12.075,65,0.324,2,10.354,56,123,22.8,58,10.7,NA,NA,NA,NA,NA,NA,NA,NA,NA,NA,NA,NA,NA,NA,NA,NA,0.606,0,0
manyara/hanang/getanuwas,lon34.961.lat-4.393,Getanuwas,Hanang,Manyara,34.9606751870827,-4.39263796700185,107.4,Rural Ward,12152,113.1,34.141,3667,6.278,674,23.388,2512,6853,63.8,3186,29.7,8524,2337,5435,79.4,21.8,50.6,16296,151.7,7772,72.4,Agropastoral,None,arusha/monduli/meserani,181.18,manyara/hanang/hirbadaw,8.06,0.434,0,0
manyara/mbulu/geterer,lon35.055.lat-4.218,Geterer,Mbulu,Manyara,35.0547869530842,-4.2184356816306,107,Rural Ward,11445,107,38.271,4095,6.043,647,20.058,2146,6888,64.4,2793,26.1,8161,2000,4794,76.3,18.7,44.8,14955,139.8,6794,63.5,Agropastoral,None,arusha/monduli/meserani,162.89,manyara/mbulu/haydom,7.61,0.427,0.095,0
manyara/hanang/gidahababieg,lon35.583.lat-4.458,Gidahababieg,Hanang,Manyara,35.5827720307519,-4.45765302040469,64.3,Rural Ward,5366,83.5,13.484,867,5.146,331,30.165,1940,3138,48.8,2271,35.3,3639,1634,3501,56.6,25.4,54.4,8774,136.5,5135,79.9,Agropastoral,None,arusha/monduli/meserani,131.42,manyara/hanang/endasak,6.32,0.437,0.125,0
manyara/babati/gidas,lon35.653.lat-4.422,Gidas,Babati,Manyara,35.653418478592,-4.42180394259239,89.2,Rural Ward,7392,82.9,11.239,1002,5.238,467,30.311,2704,4173,46.8,3171,35.5,6760,2249,4881,75.8,25.2,54.7,13890,155.7,7130,79.9,Agropastoral,Primary,arusha/monduli/meserani,123.25,manyara/hanang/endasak,12.46,0.508,0,0
manyara/mbulu/gidihim,lon35.326.lat-4.122,Gidihim,Mbulu,Manyara,35.3256211990877,-4.12195543952496,108.7,Rural Ward,11198,103,19.876,2161,2.32,252,26.013,2828,5241,48.2,3080,28.3,5784,1127,5680,53.2,10.4,52.3,12591,115.8,6807,62.6,Agropastoral,None,arusha/monduli/meserani,131.23,manyara/mbulu/dongobesh,6.77,0.459,0.023,0
manyara/hanang/gisambalang,lon35.472.lat-4.761,Gisambalang,Hanang,Manyara,35.4717216333099,-4.76112211469149,269.7,Rural Ward,10937,40.6,17.818,4806,3.678,992,13.588,3665,9463,35.1,4657,17.3,9038,12170,14130,33.5,45.1,52.4,35338,131,26300,97.5,Agropastoral,None,arusha/monduli/meserani,165.26,manyara/hanang/dirma,13.42,0.478,0,0
manyara/hanang/giting,lon35.415.lat-4.402,Giting,Hanang,Manyara,35.4146393039979,-4.40237968127312,88,Rural Ward,13370,151.9,13.089,1152,3.786,333,6.654,586,2071,23.5,919,10.4,11476,7422,9701,130.4,84.3,110.2,28599,325,17123,194.6,Agropastoral,None,arusha/monduli/meserani,140.51,manyara/babati/dabil,9.03,0.528,0.019,0
tanga/mkinga/gombero,lon38.941.lat-4.922,Gombero,Mkinga,Tanga,38.9408601102118,-4.92174668490521,195.6,Rural Ward,6302,32.2,16.621,3251,1.939,379,16.725,3271,6901,35.3,3650,18.7,NA,NA,NA,NA,NA,NA,NA,NA,NA,NA,NA,NA,NA,NA,NA,NA,0.639,0,0
manyara/mbulu/gunyoda,lon35.463.lat-3.812,Gunyoda,Mbulu,Manyara,35.4633954449856,-3.81231992866532,105.3,Rural Ward,11477,109,10.721,1129,3.934,414,18.764,1976,3519,33.4,2390,22.7,4077,1524,4557,38.7,14.5,43.3,10158,96.5,6081,57.7,Smallholder,Primary,arusha/monduli/meserani,104.55,manyara/mbulu/endagikot,9.6,0.42,0.311,0
kilimanjaro/hai/haimjini,lon37.151.lat-3.364,Hai Mjini,Hai,Kilimanjaro,37.15105020071,-3.36378629703313,54.1,Urban Ward,34098,630.3,42.521,2300,8.35,452,65.412,3539,6291,116.3,3991,73.8,5981,1608,6519,110.6,29.7,120.5,14108,260.8,8127,150.2,Smallholder,None,kilimanjaro/hai/machamekusini,11.56,kilimanjaro/siha/biriri,20.52,0.377,0.766,1
manyara/mbulu/hayderer,lon35.193.lat-4.218,Hayderer,Mbulu,Manyara,35.1931578361409,-4.21778084372337,124.4,Rural Ward,13004,104.5,17.321,2155,3.21,399,23.392,2910,5464,43.9,3309,26.6,5775,1490,5780,46.4,12,46.5,13045,104.9,7270,58.4,Agropastoral,None,arusha/monduli/meserani,149.19,manyara/mbulu/maretadu,8.58,0.432,0.02,0
manyara/mbulu/haydom,lon35.001.lat-4.175,Haydom,Mbulu,Manyara,35.0013875157105,-4.175419536455,127.9,Mixed Ward,23013,179.9,42.407,5424,7.945,1016,30.785,3937,10377,81.1,4953,38.7,9495,2632,6960,74.2,20.6,54.4,19087,149.2,9592,75,Agropastoral,Primary,arusha/monduli/meserani,166.29,manyara/mbulu/maghang,16.68,0.441,0.093,0
kilimanjaro/same/hedaru,lon37.882.lat-4.484,Hedaru,Same,Kilimanjaro,37.8816178523658,-4.48440309458564,166.8,Mixed Ward,18476,110.8,45.307,7557,34.26,5715,70.063,11686,24958,149.6,17401,104.3,6059,1963,3261,36.3,11.8,19.6,11283,67.6,5224,31.3,Pastoral,Primary,kilimanjaro/hai/machamekusini,143.5,kilimanjaro/same/makanya,18,0.358,0.798,1
tanga/lushoto/hemtoye,lon38.355.lat-4.622,Hemtoye,Lushoto,Tanga,38.3547126367772,-4.62212295202004,19.4,Rural Ward,9125,470.4,23.176,450,2.566,50,12.762,248,748,38.6,298,15.4,NA,NA,NA,NA,NA,NA,NA,NA,NA,NA,NA,NA,NA,NA,NA,NA,0.638,0,0
manyara/hanang/hidet,lon35.518.lat-4.496,Hidet,Hanang,Manyara,35.5176786171501,-4.49560028690233,51.6,Rural Ward,6528,126.5,13.621,703,3.737,193,28.023,1446,2342,45.4,1639,31.8,3362,1135,2331,65.2,22,45.2,6828,132.3,3466,67.2,Agropastoral,None,arusha/monduli/meserani,139.41,manyara/hanang/simbay,8.86,0.442,0,0
manyara/hanang/hirbadaw,lon34.909.lat-4.342,Hirbadaw,Hanang,Manyara,34.9089035768294,-4.34178900208651,103.7,Rural Ward,7903,76.2,51.824,5374,16.991,1762,37.681,3908,11044,106.5,5670,54.7,16350,900,13580,157.7,8.7,131,30830,297.3,14480,139.6,Agropastoral,Primary,arusha/monduli/meserani,183.5,manyara/mbulu/haydom,21.15,0.419,0.172,0
kilimanjaro/rombo/holili,lon37.635.lat-3.358,Holili,Rombo,Kilimanjaro,37.6345251876884,-3.35846697630207,37.3,Mixed Ward,7299,195.7,47.326,1765,26.823,1000,76.943,2870,5635,151.1,3870,103.8,3783,1029,5219,101.4,27.6,139.9,10031,268.9,6248,167.5,Smallholder,None,kilimanjaro/hai/machamekusini,42.15,kilimanjaro/moshi/kilemakusini,12.74,0.43,0.174,0
arusha/arusha/ilkidinga,lon36.729.lat-3.265,Ilkiding'a,Arusha,Arusha,36.7290239381652,-3.26505630137783,56.7,Rural Ward,10850,191.4,0,0,0,0,0,0,0,0,0,0,5184,1382,2712,91.4,24.4,47.8,9278,163.6,4094,72.2,Smallholder,None,arusha/arusha/bwawani,34.1,arusha/arusha/olmotonyi,9.19,0.606,0.143,0
arusha/longido/ilorienito,lon36.191.lat-2.869,Ilorienito,Longido,Arusha,36.1908128273465,-2.86876120881892,140.3,Rural Ward,5571,39.7,20.868,2928,42.731,5995,16.947,2378,11301,80.5,8373,59.7,10113,4610,8509,72.1,32.9,60.6,23232,165.6,13119,93.5,Pastoral,None,arusha/monduli/meserani,81.73,arusha/longido/kitumbeine,18.95,0.583,0,0
manyara/mbulu/imboru,lon35.512.lat-3.845,Imboru,Mbulu,Manyara,35.5124455455819,-3.84541726638966,27,Urban Ward,7938,294,10.895,294,6.95,188,22.011,594,1076,39.9,782,29,1975,943,2177,73.1,34.9,80.6,5095,188.7,3120,115.6,Smallholder,None,arusha/monduli/meserani,100.3,manyara/mbulu/endagikot,3.96,0.494,0,0
kilimanjaro/siha/ivaeny,lon37.123.lat-3.173,Ivaeny,Siha,Kilimanjaro,37.1226892064052,-3.17294629469309,26.3,Rural Ward,10748,408.7,47.676,1254,7.319,192,59.91,1576,3022,114.9,1768,67.2,1376,675,806,52.3,25.7,30.6,2857,108.6,1481,56.3,Smallholder,None,kilimanjaro/hai/machamekusini,25.05,kilimanjaro/siha/biriri,9.76,0.713,0,0
tanga/kilindi/jaila,lon37.910.lat-5.448,Jaila,Kilindi,Tanga,37.9099425468952,-5.4477105236282,157,Rural Ward,12319,78.5,9.498,1491,2.679,421,15.226,2390,4302,27.4,2811,17.9,NA,NA,NA,NA,NA,NA,NA,NA,NA,NA,NA,NA,NA,NA,NA,NA,0.571,0,0
kilimanjaro/mwanga/jipe,lon37.722.lat-3.603,Jipe,Mwanga,Kilimanjaro,37.7217681336781,-3.60345302466118,87,Rural Ward,2564,29.5,25.209,2193,0.783,68,15.779,1373,3634,41.8,1441,16.6,5830,508,3643,67,5.8,41.9,9981,114.7,4151,47.7,Pastoral,None,kilimanjaro/hai/machamekusini,58.7,kilimanjaro/mwanga/mgagao,29.37,0.48,0.092,0
tanga/handeni/kabuku,lon38.457.lat-5.522,Kabuku,Handeni,Tanga,38.45705788686,-5.52190197871311,90.6,Rural Ward,12222,134.9,10.236,927,0.783,71,7.26,658,1656,18.3,729,8,NA,NA,NA,NA,NA,NA,NA,NA,NA,NA,NA,NA,NA,NA,NA,NA,0.624,0,0
tanga/handeni/kabukundani,lon38.522.lat-5.570,Kabuku ndani,Handeni,Tanga,38.5215325388221,-5.5701119112908,160.9,Rural Ward,15551,96.7,6.066,976,0.696,112,4.845,780,1868,11.6,892,5.5,NA,NA,NA,NA,NA,NA,NA,NA,NA,NA,NA,NA,NA,NA,NA,NA,0.646,0,0
kilimanjaro/moshi/kahe,lon37.431.lat-3.515,Kahe,Moshi,Kilimanjaro,37.4310071664524,-3.51471399869318,191,Rural Ward,19142,100.2,82.622,15781,16.248,3103,87.716,16754,35638,186.6,19857,104,8709,2010,8890,45.6,10.5,46.5,19609,102.7,10900,57.1,Agropastoral,None,kilimanjaro/hai/machamekusini,26.38,kilimanjaro/moshi/kilemakusini,18.56,0.495,0.216,0
kilimanjaro/moshi/kahemashariki,lon37.510.lat-3.475,Kahe Mashariki,Moshi,Kilimanjaro,37.5097934877088,-3.47463710683605,78,Rural Ward,11384,145.9,86.804,6771,5.193,405,71.044,5541,12717,163,5946,76.2,5754,1856,8695,73.8,23.8,111.5,16305,209,10551,135.3,Agropastoral,None,kilimanjaro/hai/machamekusini,31.24,kilimanjaro/moshi/kilemakusini,11.27,0.442,0.261,0
manyara/mbulu/kainam,lon35.584.lat-3.905,Kainam,Mbulu,Manyara,35.5842335745164,-3.90473398788361,33.7,Rural Ward,7679,227.9,11.04,372,3.073,104,23.691,798,1274,37.8,902,26.8,2242,657,2610,66.5,19.5,77.4,5509,163.5,3267,96.9,Smallholder,None,arusha/monduli/meserani,95.02,manyara/mbulu/endagikot,8.01,0.633,0,0
arusha/ngorongoro/kakesio,lon34.998.lat-3.392,Kakesio,Ngorongoro,Arusha,34.9984586402504,-3.39197053198201,1127.4,Rural Ward,5537,4.9,36.425,41065,10.812,12190,19.634,22136,75391,66.9,34326,30.4,18077,40438,40364,16,35.9,35.8,98879,87.7,80802,71.7,Agropastoral,None,arusha/monduli/meserani,154.36,arusha/ngorongoro/endulen,32.7,0.354,0.814,1
kilimanjaro/same/kalemawe,lon38.157.lat-4.377,Kalemawe,Same,Kilimanjaro,38.1565109924489,-4.37731312427108,347.1,Rural Ward,4248,12.2,38.158,13245,16.01,5557,52.931,18372,37174,107.1,23929,68.9,7421,3114,4088,21.4,9,11.8,14623,42.1,7202,20.7,Pastoral,None,kilimanjaro/hai/machamekusini,151.38,kilimanjaro/same/hedaru,32.72,0.391,0.607,1
arusha/arushaurban/kaloleni,lon36.688.lat-3.362,Kaloleni,Arusha Urban,Arusha,36.6875647717095,-3.36226773631339,0.9,Urban Ward,9591,10656.7,0,0,0,0,0,0,0,0,0,0,118,152,165,131.1,168.9,183.3,435,483.3,317,352.2,Urban,None,arusha/arusha/bwawani,25.51,arusha/arushaurban/sokonii,5.77,0.441,0,0
kilimanjaro/moshimunicipal/kaloleni,lon37.351.lat-3.376,Kaloleni,Moshi Municipal,Kilimanjaro,37.3506278505366,-3.37600626520728,3,Urban Ward,6554,2184.7,73.704,221,15.618,47,123.449,370,638,212.7,417,139,99,31,166,33,10.3,55.3,296,98.7,197,65.7,Urban,None,kilimanjaro/hai/machamekusini,10.87,kilimanjaro/moshi/kilemakusini,18.89,0.671,0,0
arusha/longido/kamwanga,lon37.288.lat-2.845,Kamwanga,Longido,Arusha,37.2883139679198,-2.84477842897477,53,Rural Ward,10146,191.4,14.448,766,84.862,4498,16.575,878,6142,115.9,5376,101.4,4847,4113,6109,91.5,77.6,115.3,15069,284.3,10222,192.9,Smallholder,None,kilimanjaro/hai/machamekusini,56.91,kilimanjaro/moshi/kiboshomagharibi,40.97,0.429,0.274,0
tanga/handeni/kangata,lon37.931.lat-5.709,Kang'ata,Handeni,Tanga,37.9309611105656,-5.70866072059642,611.8,Rural Ward,9099,14.9,6.243,3820,1.992,1219,8.018,4906,9945,16.3,6125,10,NA,NA,NA,NA,NA,NA,NA,NA,NA,NA,NA,NA,NA,NA,NA,NA,0.654,0,0
arusha/karatu/kansay,lon35.535.lat-3.635,Kansay,Karatu,Arusha,35.5352292903974,-3.63523144973974,206.5,Rural Ward,14198,68.8,13.271,2740,2.708,559,22.601,4667,7966,38.6,5226,25.3,28618,4958,14550,138.6,24,70.5,48126,233.1,19508,94.5,Agropastoral,None,arusha/monduli/meserani,93.55,arusha/karatu/endabash,11.42,0.428,0.418,0
kilimanjaro/moshimunicipal/karanga,lon37.306.lat-3.341,Karanga,Moshi Municipal,Kilimanjaro,37.3055664722216,-3.34141282129901,7.6,Urban Ward,7124,937.4,61.215,465,17.225,131,110.58,840,1436,188.9,971,127.8,250,210,290,32.9,27.6,38.2,750,98.7,500,65.8,Smallholder,None,kilimanjaro/hai/machamekusini,5.84,kilimanjaro/moshi/kiboshomagharibi,14.6,0.504,0,0
kilimanjaro/siha/karansi,lon36.943.lat-3.168,Karansi,Siha,Kilimanjaro,36.9433170791028,-3.16790933339945,58.6,Rural Ward,11394,194.4,12.808,751,4.627,271,7.462,437,1459,24.9,708,12.1,4997,5533,8537,85.3,94.4,145.7,19067,325.4,14070,240.1,Smallholder,None,kilimanjaro/hai/machamekusini,40.39,arusha/meru/ngarenanyuki,12,0.461,0.29,0
arusha/karatu/karatu,lon35.693.lat-3.375,Karatu,Karatu,Arusha,35.6927102852719,-3.37466099437295,51.3,Mixed Ward,26617,518.8,16.484,846,11.89,610,7.367,378,1834,35.8,988,19.3,9691,3647,4422,188.9,71.1,86.2,17760,346.2,8069,157.3,Smallholder,Primary,arusha/monduli/meserani,79.24,arusha/monduli/mtowambu,18.63,0.456,0.034,0
kilimanjaro/siha/kashisha,lon37.138.lat-3.172,Kashisha,Siha,Kilimanjaro,37.1381804971565,-3.17229613626545,28.3,Rural Ward,6694,236.5,1.038,29,9.148,259,20.174,571,859,30.4,830,29.3,2048,796,1067,72.4,28.1,37.7,3911,138.2,1863,65.8,Agropastoral,None,kilimanjaro/hai/machamekusini,24.14,kilimanjaro/siha/biriri,11.35,0.759,0,0
kilimanjaro/rombo/katangaramrere,lon37.509.lat-3.135,Katangara Mrere,Rombo,Kilimanjaro,37.5087685115639,-3.13521452490778,69.7,Rural Ward,11642,167,67.3,4691,11.769,820,52.004,3625,9136,131.1,4445,63.8,1832,2218,7140,26.3,31.8,102.4,11190,160.5,9358,134.3,Smallholder,None,kilimanjaro/hai/machamekusini,37.35,kilimanjaro/rombo/kitirimakingachi,13.17,0.58,0.207,0
manyara/hanang/katesh,lon35.380.lat-4.532,Katesh,Hanang,Manyara,35.3796143377946,-4.53221221014098,13.8,Urban Ward,8774,635.8,0,0,0,0,0,0,0,0,0,0,874,312,610,63.3,22.6,44.2,1796,130.1,922,66.8,Agropastoral,Primary,arusha/monduli/meserani,153.08,manyara/hanang/dirma,14.91,0.434,0,0
arusha/arushaurban/kati,lon36.687.lat-3.372,Kati,Arusha Urban,Arusha,36.68743869646,-3.37173604231144,0.6,Urban Ward,3114,5190,0,0,0,0,0,0,0,0,0,0,18,6,29,30,10,48.3,53,88.3,35,58.3,Urban,None,arusha/arusha/bwawani,24.59,arusha/arushaurban/sokonii,4.73,0.413,0.5,0
kilimanjaro/rombo/kelamfuamokala,lon37.535.lat-3.197,Kelamfua Mokala,Rombo,Kilimanjaro,37.5345803441174,-3.19664541060579,50,Mixed Ward,13302,266,60.108,3005,15.739,787,39.249,1962,5754,115.1,2749,55,2153,2633,6889,43.1,52.7,137.8,11675,233.5,9522,190.4,Smallholder,None,kilimanjaro/hai/machamekusini,35.73,kilimanjaro/rombo/kitirimakingachi,16.01,0.752,0,0
kilimanjaro/rombo/kenimengeni,lon37.597.lat-3.241,Keni Mengeni,Rombo,Kilimanjaro,37.5966204078192,-3.24125021105695,38.3,Rural Ward,8719,227.7,49.873,1910,25.538,978,41.659,1596,4484,117.1,2574,67.2,2908,1071,4888,75.9,28,127.6,8867,231.5,5959,155.6,Smallholder,None,kilimanjaro/hai/machamekusini,40.01,kilimanjaro/moshi/kilemakusini,16.98,0.68,0.022,0
tanga/korogwe/kerenge,lon38.577.lat-4.991,Kerenge,Korogwe,Tanga,38.5774332716044,-4.99064780674869,134.2,Rural Ward,14737,109.8,7.102,953,0.1,13,2.649,356,1322,9.9,369,2.7,NA,NA,NA,NA,NA,NA,NA,NA,NA,NA,NA,NA,NA,NA,NA,NA,0.638,0,0
kilimanjaro/hai/kia,lon37.104.lat-3.424,KIA,Hai,Kilimanjaro,37.1042758709274,-3.42421820236371,140.5,Mixed Ward,10472,74.5,19.723,2771,4.45,625,23.715,3332,6728,47.9,3957,28.2,6613,1958,6282,47.1,13.9,44.7,14853,105.7,8240,58.6,Agropastoral,None,kilimanjaro/hai/machamekusini,18.38,arusha/meru/kikatiti,17.55,0.315,0.969,1
manyara/kiteto/kibaya,lon36.563.lat-5.313,Kibaya,Kiteto,Manyara,36.5633028654234,-5.31292782690342,3.1,Urban Ward,8759,2825.5,23.684,73,6.543,20,17.409,54,147,47.4,74,23.9,933,241,489,301,77.7,157.7,1663,536.5,730,235.5,Urban,None,arusha/monduli/meserani,193.8,manyara/kiteto/partimbo,10.18,0.387,0.5,0
tanga/kilindi/kibirashi,lon37.433.lat-5.342,Kibirashi,Kilindi,Tanga,37.4332261272564,-5.34243976147401,429.1,Rural Ward,20796,48.5,16.688,7161,2.361,1013,17.542,7527,15701,36.6,8540,19.9,NA,NA,NA,NA,NA,NA,NA,NA,NA,NA,NA,NA,NA,NA,NA,NA,0.544,0,0
kilimanjaro/moshimunicipal/kiboriloni,lon37.378.lat-3.336,Kiboriloni,Moshi Municipal,Kilimanjaro,37.3781466953252,-3.33554709017285,6,Urban Ward,9206,1534.3,50.687,304,5.53,33,28.494,171,508,84.7,204,34,105,35,295,17.5,5.8,49.2,435,72.5,330,55,Smallholder,None,kilimanjaro/hai/machamekusini,13.87,kilimanjaro/moshi/kilemakusini,16.4,0.531,0,0
kilimanjaro/moshi/kiboshokati,lon37.320.lat-3.182,Kibosho Kati,Moshi,Kilimanjaro,37.3197130150854,-3.18150078802249,27.1,Rural Ward,10258,378.5,141.776,3842,72.894,1975,47.481,1287,7104,262.1,3262,120.4,4814,850,4700,177.6,31.4,173.4,10364,382.4,5550,204.8,Smallholder,None,kilimanjaro/hai/machamekusini,20.65,kilimanjaro/moshi/kiboshomagharibi,5.81,0.628,0.065,0
kilimanjaro/moshi/kiboshomagharibi,lon37.278.lat-3.213,Kibosho Magharibi,Moshi,Kilimanjaro,37.2779517937582,-3.2130498657618,37.3,Rural Ward,20291,544,56.554,2109,13.366,499,160.825,5999,8607,230.8,6498,174.2,5411,1032,4518,145.1,27.7,121.1,10961,293.9,5550,148.8,Smallholder,Primary,kilimanjaro/hai/machamekusini,16.05,kilimanjaro/siha/biriri,25.92,0.692,0,0
kilimanjaro/moshi/kiboshomashariki,lon37.342.lat-3.195,Kibosho Mashariki,Moshi,Kilimanjaro,37.3416287449182,-3.19483580133712,57.1,Rural Ward,14148,247.8,0,0,0,0,0,0,0,0,0,0,4792,899,4340,83.9,15.7,76,10031,175.7,5239,91.8,Smallholder,None,kilimanjaro/hai/machamekusini,20.3,kilimanjaro/moshi/kiboshomagharibi,7.35,0.648,0.029,0
tanga/muheza/kicheba,lon38.803.lat-5.107,Kicheba,Muheza,Tanga,38.802954303103,-5.10656439055449,30.8,Rural Ward,6328,205.5,10.356,319,0.271,8,9.568,295,622,20.2,303,9.8,NA,NA,NA,NA,NA,NA,NA,NA,NA,NA,NA,NA,NA,NA,NA,NA,0.689,0,0
tanga/handenitownshipauthority/kideleko,lon37.994.lat-5.489,Kideleko,Handeni Township Authority,Tanga,37.9935592360055,-5.48855623718948,58.7,Urban Ward,5414,92.2,7.587,445,1.842,108,14.546,854,1407,24,962,16.4,NA,NA,NA,NA,NA,NA,NA,NA,NA,NA,NA,NA,NA,NA,NA,NA,0.593,0,0
kilimanjaro/mwanga/kifula,lon37.674.lat-3.636,Kifula,Mwanga,Kilimanjaro,37.6739562190281,-3.63619125885051,22.8,Rural Ward,8020,351.8,124.935,2849,6.414,146,30.701,700,3695,162.1,846,37.1,6712,808,2408,294.4,35.4,105.6,9928,435.4,3216,141.1,Smallholder,None,kilimanjaro/hai/machamekusini,56.02,kilimanjaro/mwanga/mgagao,25.18,0.679,0,0
kilimanjaro/mwanga/kighare,lon37.658.lat-3.682,Kighare,Mwanga,Kilimanjaro,37.6582763181203,-3.68246763798444,12,Rural Ward,6254,521.2,122.156,1466,0.997,12,31.965,384,1862,155.2,396,33,4693,177,1665,391.1,14.8,138.8,6535,544.6,1842,153.5,Urban,None,kilimanjaro/hai/machamekusini,57.68,kilimanjaro/mwanga/mgagao,20.08,0.687,0,0
tanga/muheza/kigombe,lon39.000.lat-5.299,Kigombe,Muheza,Tanga,38.9998056494563,-5.29912768286095,110.6,Rural Ward,5678,51.3,18.529,2049,9.524,1053,12.155,1344,4446,40.2,2397,21.7,NA,NA,NA,NA,NA,NA,NA,NA,NA,NA,NA,NA,NA,NA,NA,NA,0.625,0,0
tanga/mkinga/kigongoi,lon38.762.lat-4.806,Kigongoi,Mkinga,Tanga,38.7617237737128,-4.80646657314678,65.9,Rural Ward,7318,111,10.343,682,0.231,15,3.387,223,920,14,238,3.6,NA,NA,NA,NA,NA,NA,NA,NA,NA,NA,NA,NA,NA,NA,NA,NA,0.744,0,0
kilimanjaro/mwanga/kigoningoni,lon37.743.lat-3.690,Kigoningoni,Mwanga,Kilimanjaro,37.7427549204357,-3.69044556025022,70.2,Rural Ward,2610,37.2,71.613,5027,18.187,1277,51.758,3633,9937,141.6,4910,69.9,9114,3025,6625,129.8,43.1,94.4,18764,267.3,9650,137.5,Pastoral,None,kilimanjaro/hai/machamekusini,65.72,kilimanjaro/mwanga/mgagao,20.74,0.46,0.169,0
kilimanjaro/same/kihurio,lon38.060.lat-4.466,Kihurio,Same,Kilimanjaro,38.0603501629491,-4.46644567472478,36,Mixed Ward,10341,287.2,41.166,1482,39.361,1417,61.673,2220,5119,142.2,3637,101,3981,4233,4788,110.6,117.6,133,13002,361.2,9021,250.6,Agropastoral,None,kilimanjaro/hai/machamekusini,152.46,kilimanjaro/same/hedaru,19.91,0.394,0.537,1
manyara/kiteto/kijungu,lon37.045.lat-5.406,Kijungu,Kiteto,Manyara,37.0445427703532,-5.40578615675491,458.4,Rural Ward,6165,13.4,19.704,9033,5.105,2340,15.343,7033,18406,40.2,9373,20.4,6686,1476,4231,14.6,3.2,9.2,12393,27,5707,12.4,Agropastoral,Primary,arusha/arusha/bwawani,206.61,manyara/kiteto/lengatei,16.31,0.513,0.002,0
arusha/meru/kikatiti,lon36.957.lat-3.368,Kikatiti,Meru,Arusha,36.9566167241529,-3.36774058380917,59.3,Mixed Ward,16755,282.5,22.694,1346,5.459,324,25.784,1529,3199,53.9,1853,31.2,7406,5001,7057,124.9,84.3,119,19464,328.2,12058,203.3,Agropastoral,Primary,arusha/arusha/bwawani,28.15,kilimanjaro/siha/biriri,19.77,0.54,0,0
tanga/kilindi/kikunde,lon37.217.lat-5.950,Kikunde,Kilindi,Tanga,37.2165611102837,-5.94979699853531,97.5,Rural Ward,10468,107.4,11.233,1095,1.916,187,14.927,1455,2737,28.1,1642,16.8,NA,NA,NA,NA,NA,NA,NA,NA,NA,NA,NA,NA,NA,NA,NA,NA,0.573,0,0
arusha/meru/kikwe,lon36.868.lat-3.467,Kikwe,Meru,Arusha,36.8681390713468,-3.46734911881272,77.1,Rural Ward,10795,140,29.365,2264,2.805,216,16.712,1288,3768,48.9,1504,19.5,13724,9679,11712,178,125.5,151.9,35115,455.4,21391,277.4,Agropastoral,None,arusha/arusha/bwawani,13.38,arusha/meru/mbuguni,10.47,0.436,0.36,0
kilimanjaro/moshi/kilemakaskazini,lon37.470.lat-3.263,Kilema Kaskazini,Moshi,Kilimanjaro,37.4704262654113,-3.26256196071778,10.3,Rural Ward,9669,938.7,10.314,106,60.643,625,5.623,58,789,76.6,683,66.3,5121,860,4991,497.2,83.5,484.6,10972,1065.2,5851,568.1,Urban,None,kilimanjaro/hai/machamekusini,26.07,kilimanjaro/moshi/kilemakusini,13.58,0.77,0,0
kilimanjaro/moshi/kilemakati,lon37.492.lat-3.295,Kilema Kati,Moshi,Kilimanjaro,37.4917055490585,-3.2945404631552,5.8,Rural Ward,6993,1205.7,62.798,364,35.856,208,49.818,289,861,148.4,497,85.7,4117,890,4720,709.8,153.4,813.8,9727,1677.1,5610,967.2,Smallholder,None,kilimanjaro/hai/machamekusini,27.15,kilimanjaro/moshi/kilemakusini,9.39,0.792,0,0
kilimanjaro/moshi/kilemakusini,lon37.521.lat-3.374,Kilema Kusini,Moshi,Kilimanjaro,37.5207776863398,-3.37386604732205,52.2,Rural Ward,22711,435.1,50.06,2613,21.807,1138,75.906,3962,7713,147.8,5100,97.7,5284,1327,6111,101.2,25.4,117.1,12722,243.7,7438,142.5,Smallholder,Primary,kilimanjaro/hai/machamekusini,29.59,kilimanjaro/moshi/kiboshomagharibi,32.35,0.524,0.271,0
kilimanjaro/mwanga/kileo,lon37.560.lat-3.516,Kileo,Mwanga,Kilimanjaro,37.559657287316,-3.5162162784612,117.4,Mixed Ward,13645,116.2,85.551,10044,4.708,553,71.816,8431,19028,162.1,8984,76.5,13232,1818,11113,112.7,15.5,94.7,26163,222.9,12931,110.1,Pastoral,None,kilimanjaro/hai/machamekusini,38.26,kilimanjaro/moshi/kilemakusini,16.41,0.445,0.446,0
kilimanjaro/moshimunicipal/kilimanjaro,lon37.328.lat-3.338,Kilimanjaro,Moshi Municipal,Kilimanjaro,37.3276500693236,-3.3378291486317,4.7,Urban Ward,5233,1113.4,112.003,526,23.09,109,153.124,720,1355,288.3,829,176.4,2702,677,2450,574.9,144,521.3,5829,1240.2,3127,665.3,Smallholder,None,kilimanjaro/hai/machamekusini,8.32,kilimanjaro/moshi/kiboshomagharibi,14.93,0.537,0,0
tanga/kilindi/kilindi,lon37.627.lat-5.656,Kilindi,Kilindi,Tanga,37.6272881707297,-5.6563863016056,374.8,Rural Ward,11093,29.6,3.687,1382,0.446,167,3.725,1396,2945,7.9,1563,4.2,NA,NA,NA,NA,NA,NA,NA,NA,NA,NA,NA,NA,NA,NA,NA,NA,0.687,0,0
tanga/lushoto/kilole,lon38.391.lat-4.632,Kilole,Lushoto,Tanga,38.3911904031947,-4.63240911805329,16.7,Urban Ward,8208,491.5,23.364,390,2.299,38,12.972,217,645,38.6,255,15.3,NA,NA,NA,NA,NA,NA,NA,NA,NA,NA,NA,NA,NA,NA,NA,NA,0.652,0,0
tanga/korogwetownshipauthority/kilole,lon38.466.lat-5.181,Kilole,Korogwe Township Authority,Tanga,38.4657190747968,-5.18109407095415,31.6,Rural Ward,6460,204.4,16.58,524,9.649,305,8.356,264,1093,34.6,569,18,NA,NA,NA,NA,NA,NA,NA,NA,NA,NA,NA,NA,NA,NA,NA,NA,0.593,0,0
kilimanjaro/mwanga/kilomeni,lon37.665.lat-3.770,Kilomeni,Mwanga,Kilimanjaro,37.6646712691085,-3.76966196132039,28.2,Rural Ward,4467,158.4,61.636,1738,37.291,1052,80.681,2275,5065,179.6,3327,118,5143,2688,4969,182.4,95.3,176.2,12800,453.9,7657,271.5,Smallholder,None,kilimanjaro/hai/machamekusini,64.72,kilimanjaro/mwanga/mgagao,10.36,0.691,0,0
tanga/muheza/kilulu,lon38.792.lat-5.227,Kilulu,Muheza,Tanga,38.7924192399888,-5.22719618225966,39.8,Rural Ward,8212,206.3,10.453,416,0.995,40,8.901,354,810,20.4,394,9.9,NA,NA,NA,NA,NA,NA,NA,NA,NA,NA,NA,NA,NA,NA,NA,NA,0.673,0,0
tanga/kilindi/kilwa,lon37.530.lat-5.567,Kilwa,Kilindi,Tanga,37.5297980164598,-5.56682718006336,153.1,Rural Ward,6835,44.6,4.524,693,0,0,0.198,30,723,4.7,30,0.2,NA,NA,NA,NA,NA,NA,NA,NA,NA,NA,NA,NA,NA,NA,NA,NA,0.719,0,0
arusha/arushaurban/kimandolu,lon36.718.lat-3.373,Kimandolu,Arusha Urban,Arusha,36.7180357950635,-3.37266906511688,5.3,Urban Ward,27649,5216.8,37.739,200,9.219,49,20.47,108,357,67.4,157,29.6,1391,221,374,262.5,41.7,70.6,1986,374.7,595,112.3,Urban,None,arusha/arusha/bwawani,23.01,arusha/arushaurban/sokonii,6.26,0.603,0,0
tanga/pangani/kimanga,lon39.011.lat-5.375,Kimang'a,Pangani,Tanga,39.0105526582388,-5.37499340303428,30.1,Rural Ward,3876,128.8,6.153,185,3.548,107,0,0,292,9.7,107,3.6,NA,NA,NA,NA,NA,NA,NA,NA,NA,NA,NA,NA,NA,NA,NA,NA,0.66,0,0
tanga/kilindi/kimbe,lon37.605.lat-5.799,Kimbe,Kilindi,Tanga,37.6045939133803,-5.79877239008353,464.2,Rural Ward,14249,30.7,7.011,3255,2.867,1331,6.493,3014,7600,16.4,4345,9.4,NA,NA,NA,NA,NA,NA,NA,NA,NA,NA,NA,NA,NA,NA,NA,NA,0.663,0,0
arusha/arusha/kimnyaki,lon36.676.lat-3.313,Kimnyaki,Arusha,Arusha,36.6757770589438,-3.31342956558057,3,Rural Ward,3487,1162.3,36.053,108,6.892,21,36.047,108,237,79,129,43,4555,298,1420,1518.3,99.3,473.3,6273,2091,1718,572.7,Smallholder,None,arusha/arusha/bwawani,30.94,arusha/arusha/olmotonyi,2.48,0.632,0,0
kilimanjaro/moshi/kimochi,lon37.418.lat-3.326,Kimochi,Moshi,Kilimanjaro,37.4180015171724,-3.32634242812499,30.8,Rural Ward,13562,440.3,109.793,3382,34.459,1061,123.867,3815,8258,268.1,4876,158.3,6065,1422,4009,196.9,46.2,130.2,11496,373.2,5431,176.3,Smallholder,None,kilimanjaro/hai/machamekusini,18.4,kilimanjaro/moshi/kilemakusini,12.57,0.651,0,0
arusha/longido/kimokouwa,lon36.738.lat-2.607,Kimokouwa,Longido,Arusha,36.7383167710178,-2.60652252420936,411.9,Rural Ward,7806,19,18.494,7618,19.212,7913,23.788,9798,25329,61.5,17711,43,17585,15253,22758,42.7,37,55.3,55596,135,38011,92.3,Pastoral,None,kilimanjaro/hai/machamekusini,101.12,arusha/longido/orbomba,20.2,0.381,0.77,1
kilimanjaro/moshi/kindi,lon37.283.lat-3.299,Kindi,Moshi,Kilimanjaro,37.2833811795419,-3.29886263491538,31.4,Rural Ward,21391,681.2,46.629,1464,14.794,465,158.403,4974,6903,219.8,5439,173.2,5634,1443,5987,179.4,46,190.7,13064,416.1,7430,236.6,Smallholder,None,kilimanjaro/hai/machamekusini,7.05,kilimanjaro/moshi/kiboshomagharibi,9.56,0.58,0,0
arusha/meru/kingori,lon37.007.lat-3.330,King'ori,Meru,Arusha,37.0073867239444,-3.33028749812405,172.1,Mixed Ward,23280,135.3,110.051,18940,5.761,992,38.777,6673,26605,154.6,7665,44.5,21993,12980,25817,127.8,75.4,150,60790,353.2,38797,225.4,Agropastoral,None,kilimanjaro/hai/machamekusini,27.61,arusha/meru/kikatiti,7.01,0.523,0.228,0
tanga/tanga/kiomoni,lon38.958.lat-5.060,Kiomoni,Tanga,Tanga,38.9577490825617,-5.05965071197569,83.5,Rural Ward,6587,78.9,22.268,1859,16.44,1373,17.862,1491,4723,56.6,2864,34.3,NA,NA,NA,NA,NA,NA,NA,NA,NA,NA,NA,NA,NA,NA,NA,NA,0.645,0,0
tanga/pangani/kipumbwi,lon38.805.lat-5.628,Kipumbwi,Pangani,Tanga,38.804627547103,-5.62757902840706,234.9,Rural Ward,5333,22.7,8.096,1902,1.65,388,11.773,2766,5056,21.5,3154,13.4,NA,NA,NA,NA,NA,NA,NA,NA,NA,NA,NA,NA,NA,NA,NA,NA,0.623,0,0
kilimanjaro/same/kirangare,lon37.962.lat-4.445,Kirangare,Same,Kilimanjaro,37.9621511397374,-4.44477805460984,31.3,Rural Ward,5528,176.6,55.665,1742,18.53,580,51.096,1599,3921,125.3,2179,69.6,2869,1121,1561,91.7,35.8,49.9,5551,177.3,2682,85.7,Smallholder,None,kilimanjaro/hai/machamekusini,144.32,kilimanjaro/same/hedaru,9.96,0.665,0,0
arusha/arusha/kiranyi,lon36.671.lat-3.350,Kiranyi,Arusha,Arusha,36.6709019958039,-3.35045916166582,4.5,Mixed Ward,25469,5659.8,18.026,81,3.446,16,18.023,81,178,39.6,97,21.6,4000,210,433,888.9,46.7,96.2,4643,1031.8,643,142.9,Urban,None,arusha/arusha/bwawani,27.56,arusha/arusha/olmotonyi,5.49,0.563,0,0
tanga/tanga/kirare,lon38.976.lat-5.257,Kirare,Tanga,Tanga,38.976221345885,-5.25652204658802,55.6,Rural Ward,4756,85.5,15.054,837,4.225,235,12.851,715,1787,32.1,950,17.1,NA,NA,NA,NA,NA,NA,NA,NA,NA,NA,NA,NA,NA,NA,NA,NA,0.639,0,0
kilimanjaro/moshi/kirima,lon37.303.lat-3.282,Kirima,Moshi,Kilimanjaro,37.3031763558815,-3.2817587415218,12.4,Rural Ward,10709,863.6,42.061,522,14.621,181,81.627,1012,1715,138.3,1193,96.2,5489,1471,3839,442.7,118.6,309.6,10799,870.9,5310,428.2,Smallholder,None,kilimanjaro/hai/machamekusini,9.8,kilimanjaro/moshi/kiboshomagharibi,8.14,0.719,0,0
kilimanjaro/rombo/kirongosamanga,lon37.604.lat-3.099,Kirongo Samanga,Rombo,Kilimanjaro,37.6035946642223,-3.09916603073275,43.8,Rural Ward,14895,340.1,51.351,2249,34.783,1523,52.875,2316,6088,139,3839,87.6,3156,4501,4230,72.1,102.8,96.6,11887,271.4,8731,199.3,Smallholder,None,kilimanjaro/hai/machamekusini,48.08,kilimanjaro/rombo/kitirimakingachi,2.87,0.607,0.056,0
kilimanjaro/mwanga/kirongwe,lon37.686.lat-3.700,Kirongwe,Mwanga,Kilimanjaro,37.685590086994,-3.6999388944795,14.1,Rural Ward,4771,338.4,107.182,1511,9.046,128,38.951,549,2188,155.2,677,48,4770,746,2074,338.3,52.9,147.1,7590,538.3,2820,200,Smallholder,None,kilimanjaro/hai/machamekusini,61.25,kilimanjaro/mwanga/mgagao,18.17,0.655,0,0
manyara/babati/kiru,lon35.634.lat-4.094,Kiru,Babati,Manyara,35.6343751804678,-4.09356171290758,175,Rural Ward,13119,75,13.103,2293,7.255,1270,16.286,2850,6413,36.6,4120,23.5,5813,1724,6005,33.2,9.9,34.3,13542,77.4,7729,44.2,Agropastoral,Primary,arusha/monduli/meserani,100.19,manyara/babati/dareda,19.91,0.573,0,0
kilimanjaro/moshi/kiruavunjokusini,lon37.457.lat-3.387,KiruaVunjo Kusini,Moshi,Kilimanjaro,37.4566688150611,-3.3866404581879,94,Rural Ward,19378,206.1,97.093,9127,9.552,898,33.835,3181,13206,140.5,4079,43.4,5469,1512,6990,58.2,16.1,74.4,13971,148.6,8502,90.4,Agropastoral,None,kilimanjaro/hai/machamekusini,22.67,kilimanjaro/moshi/kilemakusini,7.26,0.469,0.295,0
kilimanjaro/moshi/kiruavunjomagharibi,lon37.454.lat-3.293,KiruaVunjo Magharibi,Moshi,Kilimanjaro,37.4542892859846,-3.29348217271727,33.7,Rural Ward,12840,381,64.983,2190,42.279,1425,47.451,1599,5214,154.7,3024,89.7,4746,1290,4981,140.8,38.3,147.8,11017,326.9,6271,186.1,Smallholder,None,kilimanjaro/hai/machamekusini,23.19,kilimanjaro/moshi/kilemakusini,11.59,0.754,0,0
kilimanjaro/moshi/kiruavunjomashariki,lon37.492.lat-3.346,KiruaVunjo Mashariki,Moshi,Kilimanjaro,37.4920521006753,-3.34578444780779,23.2,Rural Ward,8657,373.1,72.946,1692,29.328,680,78.598,1823,4195,180.8,2503,107.9,4908,1416,4980,211.6,61,214.7,11304,487.2,6396,275.7,Urban,None,kilimanjaro/hai/machamekusini,26.35,kilimanjaro/moshi/kilemakusini,4.46,0.625,0,0
kilimanjaro/rombo/kirwakeni,lon37.538.lat-3.157,Kirwa Keni,Rombo,Kilimanjaro,37.5376689146512,-3.1574175022984,45.8,Rural Ward,8362,182.6,0,0,0,0,0,0,0,0,0,0,1511,2660,6593,33,58.1,144,10764,235,9253,202,Smallholder,None,kilimanjaro/hai/machamekusini,38.35,kilimanjaro/rombo/kitirimakingachi,12.28,0.581,0.038,0
kilimanjaro/mwanga/kirya,lon37.505.lat-3.841,Kirya,Mwanga,Kilimanjaro,37.5054332302675,-3.84099674513821,216.8,Mixed Ward,4917,22.7,34.509,7482,15.5,3360,47.657,10332,21174,97.7,13692,63.2,11291,5450,12592,52.1,25.1,58.1,29333,135.3,18042,83.2,Pastoral,None,kilimanjaro/hai/machamekusini,60.72,kilimanjaro/mwanga/mgagao,18.51,0.316,0.867,1
kilimanjaro/rombo/kisalemsaranga,lon37.652.lat-3.143,Kisale Msaranga,Rombo,Kilimanjaro,37.6521216876303,-3.14292713552276,21.9,Rural Ward,10048,458.8,22.543,494,11.455,251,30.452,667,1412,64.5,918,41.9,2319,1560,6269,105.9,71.2,286.3,10148,463.4,7829,357.5,Smallholder,None,kilimanjaro/hai/machamekusini,50.04,kilimanjaro/rombo/kitirimakingachi,8.92,0.536,0.038,0
tanga/kilindi/kisangasa,lon37.609.lat-5.301,Kisangasa,Kilindi,Tanga,37.6092070760799,-5.30088577972665,503.4,Rural Ward,9591,19.1,7.617,3834,2.587,1302,9.947,5007,10143,20.1,6309,12.5,NA,NA,NA,NA,NA,NA,NA,NA,NA,NA,NA,NA,NA,NA,NA,NA,0.58,0,0
kilimanjaro/same/kisima,lon37.755.lat-4.087,Kisima,Same,Kilimanjaro,37.7551607155289,-4.08747417053702,20.2,Urban Ward,9885,489.4,49.001,990,36.475,737,65.728,1328,3055,151.2,2065,102.2,1980,907,2008,98,44.9,99.4,4895,242.3,2915,144.3,Smallholder,None,kilimanjaro/hai/machamekusini,98.52,kilimanjaro/mwanga/mgagao,26.69,0.394,0.565,1
tanga/muheza/kisiwani,lon38.677.lat-5.084,Kisiwani,Muheza,Tanga,38.6768790032187,-5.08422961134343,74.5,Mixed Ward,9309,125,0.975,73,0.056,4,0,0,77,1,4,0.1,NA,NA,NA,NA,NA,NA,NA,NA,NA,NA,NA,NA,NA,NA,NA,NA,0.805,0,0
kilimanjaro/same/kisiwani,lon38.103.lat-4.046,Kisiwani,Same,Kilimanjaro,38.1030816295188,-4.04604019353116,1537.5,Rural Ward,7123,4.6,2.543,3910,2.87,4413,4.586,7051,15374,10,11464,7.5,2038,1117,1671,1.3,0.7,1.1,4826,3.1,2788,1.8,Agropastoral,None,kilimanjaro/hai/machamekusini,121.47,kilimanjaro/same/makanya,50.82,0.444,0.319,0
arusha/arusha/kisongo,lon36.523.lat-3.377,Kisongo,Arusha,Arusha,36.5233231577677,-3.3774089440848,56.6,Rural Ward,8769,154.9,0,0,0.482,27,14.236,806,833,14.7,833,14.7,3016,289,9702,53.3,5.1,171.4,13007,229.8,9991,176.5,Smallholder,None,arusha/monduli/meserani,27.82,arusha/arushaurban/olasiti,11.21,0.335,0.971,1
kilimanjaro/rombo/kitirimakingachi,lon37.611.lat-3.074,Kitirima Kingachi,Rombo,Kilimanjaro,37.6105070731216,-3.07425624467345,41.6,Rural Ward,18420,442.8,85.711,3566,79.887,3323,92.913,3865,10754,258.5,7188,172.8,4449,5903,6771,106.9,141.9,162.8,17123,411.6,12674,304.7,Smallholder,Primary,kilimanjaro/hai/machamekusini,50.37,kilimanjaro/moshi/kilemakusini,34.77,0.624,0,0
arusha/longido/kitumbeine,lon36.351.lat-2.809,Kitumbeine,Longido,Arusha,36.350770863886,-2.80930927851655,546.7,Rural Ward,7233,13.2,20.309,11103,14.281,7807,22.418,12256,31166,57,20063,36.7,12470,20192,31750,22.8,36.9,58.1,64412,117.8,51942,95,Pastoral,Primary,arusha/monduli/meserani,85.75,arusha/longido/gelailumbwa,35.17,0.326,0.821,1
manyara/simanjiro/kitwai,lon37.223.lat-4.841,Kitwai,Simanjiro,Manyara,37.2226623079919,-4.84056922859781,3657.4,Rural Ward,5914,1.6,18.739,68538,8.091,29592,14.146,51739,149869,41,81331,22.2,28892,4287,9684,7.9,1.2,2.6,42863,11.7,13971,3.8,Pastoral,None,arusha/arusha/bwawani,149.58,manyara/simanjiro/orkesmet,42.19,0.451,0.147,0
kilimanjaro/moshimunicipal/kiusa,lon37.334.lat-3.352,Kiusa,Moshi Municipal,Kilimanjaro,37.3337971621561,-3.35158014798956,1.1,Urban Ward,5950,5409.1,80.564,89,21.704,24,171.517,189,302,274.5,213,193.6,1038,269,1077,943.6,244.5,979.1,2384,2167.3,1346,1223.6,Urban,None,kilimanjaro/hai/machamekusini,8.77,kilimanjaro/moshi/kiboshomagharibi,16.6,0.36,1,1
tanga/handeni/kiva,lon38.158.lat-5.472,Kiva,Handeni,Tanga,38.1581789122824,-5.47156348576925,157.9,Rural Ward,9972,63.2,2.015,318,0.155,24,3.851,608,950,6,632,4,NA,NA,NA,NA,NA,NA,NA,NA,NA,NA,NA,NA,NA,NA,NA,NA,0.592,0,0
kilimanjaro/mwanga/kivisini,lon37.630.lat-3.545,Kivisini,Mwanga,Kilimanjaro,37.6295268798122,-3.54475593816441,81.7,Rural Ward,1694,20.7,19.378,1583,0.549,45,0.925,76,1704,20.9,121,1.5,4891,395,615,59.9,4.8,7.5,5901,72.2,1010,12.4,Pastoral,None,kilimanjaro/hai/machamekusini,46.61,kilimanjaro/moshi/kilemakusini,22.51,0.548,0,0
tanga/korogwe/kizara,lon38.651.lat-4.856,Kizara,Korogwe,Tanga,38.6509038513535,-4.85573309811809,116.9,Rural Ward,14622,125.1,31.284,3657,2.169,254,24.995,2922,6833,58.5,3176,27.2,NA,NA,NA,NA,NA,NA,NA,NA,NA,NA,NA,NA,NA,NA,NA,NA,0.681,0,0
tanga/handeni/komkonga,lon38.431.lat-5.602,Komkonga,Handeni,Tanga,38.4312423033009,-5.60160242512684,133.4,Rural Ward,16262,121.9,7.608,1015,0.655,87,5.427,724,1826,13.7,811,6.1,NA,NA,NA,NA,NA,NA,NA,NA,NA,NA,NA,NA,NA,NA,NA,NA,0.632,0,0
manyara/simanjiro/komolo,lon36.689.lat-3.986,Komolo,Simanjiro,Manyara,36.6894040447141,-3.9862425404601,1295.5,Rural Ward,11555,8.9,24.746,32058,9.838,12745,22.616,29300,74103,57.2,42045,32.5,12043,8995,17990,9.3,6.9,13.9,39028,30.1,26985,20.8,Pastoral,Primary,arusha/arusha/bwawani,48.41,manyara/simanjiro/terrat,16.75,0.403,0.548,1
tanga/handenitownshipauthority/konje,lon38.114.lat-5.407,Konje,Handeni Township Authority,Tanga,38.1136769690589,-5.40650776761414,46.9,Urban Ward,3057,65.2,9.073,426,8.855,415,16.83,789,1630,34.8,1204,25.7,NA,NA,NA,NA,NA,NA,NA,NA,NA,NA,NA,NA,NA,NA,NA,NA,0.546,0,0
kilimanjaro/moshimunicipal/korongoni,lon37.328.lat-3.366,Korongoni,Moshi Municipal,Kilimanjaro,37.3276324189397,-3.36579693028077,3.1,Urban Ward,5815,1875.8,49.125,152,20.319,63,189.91,589,804,259.4,652,210.3,1384,485,2166,446.5,156.5,698.7,4035,1301.6,2651,855.2,Smallholder,None,kilimanjaro/hai/machamekusini,8.16,kilimanjaro/moshi/kiboshomagharibi,17.86,0.389,0.667,1
tanga/handeni/kwachaga,lon38.163.lat-5.647,Kwachaga,Handeni,Tanga,38.1632399460414,-5.64656847655543,165.9,Rural Ward,10438,62.9,4.205,698,0.431,72,6.806,1129,1899,11.4,1201,7.2,NA,NA,NA,NA,NA,NA,NA,NA,NA,NA,NA,NA,NA,NA,NA,NA,0.653,0,0
tanga/muheza/kwafungo,lon38.704.lat-5.296,Kwafungo,Muheza,Tanga,38.704246926971,-5.2959063587993,109.8,Rural Ward,11943,108.8,13.153,1444,1.448,159,10.411,1143,2746,25,1302,11.9,NA,NA,NA,NA,NA,NA,NA,NA,NA,NA,NA,NA,NA,NA,NA,NA,0.676,0,0
tanga/korogwe/kwagunda,lon38.555.lat-5.134,Kwagunda,Korogwe,Tanga,38.5549116291023,-5.13415556267393,99.2,Rural Ward,8924,90,8.114,805,0.219,22,6.309,626,1453,14.6,648,6.5,NA,NA,NA,NA,NA,NA,NA,NA,NA,NA,NA,NA,NA,NA,NA,NA,0.656,0,0
tanga/lushoto/kwai,lon38.349.lat-4.737,Kwai,Lushoto,Tanga,38.3485232917303,-4.73686984581025,38.5,Rural Ward,12829,333.2,4.243,163,2.973,114,26.262,1011,1288,33.5,1125,29.2,NA,NA,NA,NA,NA,NA,NA,NA,NA,NA,NA,NA,NA,NA,NA,NA,0.692,0,0
tanga/muheza/kwakifua,lon38.746.lat-5.227,Kwakifua,Muheza,Tanga,38.7461293890246,-5.22686534444729,20.9,Rural Ward,3084,147.6,10.058,210,1.046,22,9.294,194,426,20.4,216,10.3,NA,NA,NA,NA,NA,NA,NA,NA,NA,NA,NA,NA,NA,NA,NA,NA,0.671,0,0
kilimanjaro/mwanga/kwakoa,lon37.719.lat-3.780,Kwakoa,Mwanga,Kilimanjaro,37.7188834596223,-3.78016987874659,106,Rural Ward,3717,35.1,53.069,5625,33.337,3534,73.217,7761,16920,159.6,11295,106.6,9683,5620,10562,91.3,53,99.6,25865,244,16182,152.7,Agropastoral,None,kilimanjaro/hai/machamekusini,69.87,kilimanjaro/mwanga/mgagao,10.61,0.511,0.008,0
tanga/mkinga/kwale,lon39.122.lat-4.950,Kwale,Mkinga,Tanga,39.1223669225334,-4.95042985780966,15.7,Rural Ward,2430,154.8,0,0,0,0,0,0,0,0,0,0,NA,NA,NA,NA,NA,NA,NA,NA,NA,NA,NA,NA,NA,NA,NA,NA,0.561,0,0
tanga/handeni/kwaluguru,lon38.101.lat-5.576,Kwaluguru,Handeni,Tanga,38.1011379165599,-5.57603190240997,164,Rural Ward,11347,69.2,10.028,1645,1.462,240,15.304,2510,4395,26.8,2750,16.8,NA,NA,NA,NA,NA,NA,NA,NA,NA,NA,NA,NA,NA,NA,NA,NA,0.62,0,0
tanga/handenitownshipauthority/kwamagome,lon37.875.lat-5.565,Kwamagome,Handeni Township Authority,Tanga,37.8745739718465,-5.56549306199795,378,Urban Ward,9188,24.3,11.006,4160,3.203,1211,11.829,4471,9842,26,5682,15,NA,NA,NA,NA,NA,NA,NA,NA,NA,NA,NA,NA,NA,NA,NA,NA,0.614,0,0
tanga/handeni/kwamatuku,lon38.382.lat-5.311,Kwamatuku,Handeni,Tanga,38.3817060351446,-5.31108445986289,325,Rural Ward,11219,34.5,10.917,3548,0.854,277,7.078,2300,6125,18.8,2577,7.9,NA,NA,NA,NA,NA,NA,NA,NA,NA,NA,NA,NA,NA,NA,NA,NA,0.605,0,0
tanga/handeni/kwamgwe,lon38.626.lat-5.408,Kwamgwe,Handeni,Tanga,38.6259528322392,-5.40762811532602,121.2,Rural Ward,7970,65.8,8.43,1022,3.161,383,8.413,1020,2425,20,1403,11.6,NA,NA,NA,NA,NA,NA,NA,NA,NA,NA,NA,NA,NA,NA,NA,NA,0.667,0,0
tanga/handeni/kwamkonje,lon38.238.lat-5.551,Kwamkonje,Handeni,Tanga,38.2383997066418,-5.55116310496046,162.9,Rural Ward,10671,65.5,1.803,294,0.076,12,0,0,306,1.9,12,0.1,NA,NA,NA,NA,NA,NA,NA,NA,NA,NA,NA,NA,NA,NA,NA,NA,0.643,0,0
tanga/korogwetownshipauthority/kwamndolwa,lon38.513.lat-5.087,Kwamndolwa,Korogwe Township Authority,Tanga,38.5127639610877,-5.08712352712562,43.2,Rural Ward,5160,119.4,63.288,2734,3.535,153,14.236,615,3502,81.1,768,17.8,NA,NA,NA,NA,NA,NA,NA,NA,NA,NA,NA,NA,NA,NA,NA,NA,0.64,0,0
tanga/korogwetownshipauthority/kwamsisi,lon38.505.lat-5.213,Kwamsisi,Korogwe Township Authority,Tanga,38.5046496211275,-5.21331686292101,61.6,Rural Ward,11351,184.3,15.745,970,0.725,45,9.637,594,1609,26.1,639,10.4,NA,NA,NA,NA,NA,NA,NA,NA,NA,NA,NA,NA,NA,NA,NA,NA,0.602,0,0
tanga/handeni/kwamsisi,lon38.566.lat-5.870,Kwamsisi,Handeni,Tanga,38.5663672579043,-5.87022063105884,506,Rural Ward,5813,11.5,5.62,2844,0.952,482,7.583,3837,7163,14.2,4319,8.5,NA,NA,NA,NA,NA,NA,NA,NA,NA,NA,NA,NA,NA,NA,NA,NA,0.657,0,0
tanga/korogwe/kwashemshi,lon38.482.lat-5.042,Kwashemshi,Korogwe,Tanga,38.4816421445856,-5.04212886024781,57.1,Rural Ward,10166,178,10.593,605,0.138,8,2.959,169,782,13.7,177,3.1,NA,NA,NA,NA,NA,NA,NA,NA,NA,NA,NA,NA,NA,NA,NA,NA,0.67,0,0
tanga/handeni/kwasunga,lon38.428.lat-5.935,Kwasunga,Handeni,Tanga,38.4275376616702,-5.93454613042505,292.2,Rural Ward,8257,28.3,5.554,1623,0.371,108,4.088,1195,2926,10,1303,4.5,NA,NA,NA,NA,NA,NA,NA,NA,NA,NA,NA,NA,NA,NA,NA,NA,0.63,0,0
tanga/kilindi/kwediboma,lon37.574.lat-5.453,Kwediboma,Kilindi,Tanga,37.5737163820573,-5.45304479037989,205.3,Rural Ward,17748,86.4,7.221,1482,1.703,350,5.89,1209,3041,14.8,1559,7.6,NA,NA,NA,NA,NA,NA,NA,NA,NA,NA,NA,NA,NA,NA,NA,NA,0.665,0,0
tanga/handenitownshipauthority/kwediyamba,lon37.974.lat-5.438,Kwediyamba,Handeni Township Authority,Tanga,37.9737742224363,-5.43769269696737,30.5,Urban Ward,4152,136.1,8.223,251,2.77,84,15.817,482,817,26.8,566,18.6,NA,NA,NA,NA,NA,NA,NA,NA,NA,NA,NA,NA,NA,NA,NA,NA,0.543,0,0
tanga/handeni/kwedizinga,lon38.497.lat-5.423,Kwedizinga,Handeni,Tanga,38.4965140364958,-5.4227694033205,145.2,Rural Ward,6319,43.5,12.394,1800,1.641,238,7.82,1135,3173,21.9,1373,9.5,NA,NA,NA,NA,NA,NA,NA,NA,NA,NA,NA,NA,NA,NA,NA,NA,0.638,0,0
tanga/lushoto/kwekanga,lon38.363.lat-4.674,Kwekanga,Lushoto,Tanga,38.36313454755,-4.67352047494535,42.3,Rural Ward,11858,280.3,4.169,176,5.402,229,21.84,924,1329,31.4,1153,27.3,NA,NA,NA,NA,NA,NA,NA,NA,NA,NA,NA,NA,NA,NA,NA,NA,0.587,0,0
tanga/kilindi/kwekivu,lon37.316.lat-5.805,Kwekivu,Kilindi,Tanga,37.3163078754735,-5.80479841247347,346.2,Rural Ward,9130,26.4,9.729,3368,3.153,1092,9.713,3363,7823,22.6,4455,12.9,NA,NA,NA,NA,NA,NA,NA,NA,NA,NA,NA,NA,NA,NA,NA,NA,0.563,0,0
tanga/lushoto/kwemashai,lon38.329.lat-4.807,Kwemashai,Lushoto,Tanga,38.3288769627351,-4.80658285399762,14.9,Rural Ward,5649,379.1,1.569,23,3.767,56,15.078,225,304,20.4,281,18.9,NA,NA,NA,NA,NA,NA,NA,NA,NA,NA,NA,NA,NA,NA,NA,NA,0.669,0,0
tanga/muheza/kwemkabala,lon38.779.lat-5.183,Kwemkabala,Muheza,Tanga,38.7788992479278,-5.18288842423618,3.2,Rural Ward,6672,2085,8.881,28,0.134,0,6.577,21,49,15.3,21,6.6,NA,NA,NA,NA,NA,NA,NA,NA,NA,NA,NA,NA,NA,NA,NA,NA,0.613,0,0
tanga/lushoto/kwemshasha,lon38.368.lat-4.577,Kwemshasha,Lushoto,Tanga,38.3679419105625,-4.5774762702946,23.1,Mixed Ward,8093,350.3,23.176,535,2.26,52,13.104,303,890,38.5,355,15.4,NA,NA,NA,NA,NA,NA,NA,NA,NA,NA,NA,NA,NA,NA,NA,NA,0.652,0,0
tanga/handenitownshipauthority/kwenjugo,lon38.025.lat-5.384,Kwenjugo,Handeni Township Authority,Tanga,38.0253606603947,-5.38417189066771,84.4,Urban Ward,7115,84.3,11.723,989,7.043,594,17.05,1439,3022,35.8,2033,24.1,NA,NA,NA,NA,NA,NA,NA,NA,NA,NA,NA,NA,NA,NA,NA,NA,0.518,0,0
manyara/hanang/laghanga,lon35.090.lat-4.492,Laghanga,Hanang,Manyara,35.0898501992306,-4.49186047783784,245,Rural Ward,11872,48.5,23.171,5677,3.979,975,17.556,4301,10953,44.7,5276,21.5,9825,5764,7564,40.1,23.5,30.9,23153,94.5,13328,54.4,Agropastoral,Primary,arusha/monduli/meserani,175.05,manyara/hanang/bassotu,11.71,0.422,0.296,0
manyara/hanang/lalaji,lon35.279.lat-4.766,Lalaji,Hanang,Manyara,35.2791378521398,-4.76594286963379,288,Rural Ward,9698,33.7,15.618,4498,3.287,947,10.555,3040,8485,29.5,3987,13.8,17767,4317,11833,61.7,15,41.1,33917,117.8,16150,56.1,Agropastoral,None,arusha/monduli/meserani,179.43,manyara/hanang/gehandu,23.02,0.456,0.114,0
kilimanjaro/mwanga/langata,lon37.466.lat-3.677,Lang'ata,Mwanga,Kilimanjaro,37.4659823270914,-3.67668760263807,165.9,Mixed Ward,8965,54,44.488,7381,20.941,3474,47.71,7915,18770,113.1,11389,68.6,11209,5562,10690,67.6,33.5,64.4,27461,165.5,16252,98,Pastoral,None,kilimanjaro/hai/machamekusini,42.71,manyara/simanjiro/msituwatembo,18.63,0.245,0.851,1
arusha/meru/leguruki,lon36.940.lat-3.237,Leguruki,Meru,Arusha,36.9399661942062,-3.23744326430633,78,Rural Ward,17636,226.1,80.643,6290,5.314,415,34.656,2703,9408,120.6,3118,40,15034,11052,19417,192.7,141.7,248.9,45503,583.4,30469,390.6,Smallholder,None,kilimanjaro/hai/machamekusini,37.34,kilimanjaro/siha/biriri,11.91,0.622,0,0
arusha/arushaurban/lemara,lon36.698.lat-3.415,Lemara,Arusha Urban,Arusha,36.6981412297576,-3.41526250142351,7,Urban Ward,19564,2794.9,19.166,134,4.935,35,33.311,233,402,57.4,268,38.3,2910,324,8948,415.7,46.3,1278.3,12182,1740.3,9272,1324.6,Urban,None,arusha/arusha/bwawani,19.84,arusha/arushaurban/sokonii,2.1,0.529,0,0
kilimanjaro/mwanga/lembeni,lon37.581.lat-3.756,Lembeni,Mwanga,Kilimanjaro,37.5808645172796,-3.7556036488944,96.3,Mixed Ward,11780,122.3,58.481,5632,34.22,3295,80.39,7742,16669,173.1,11037,114.6,9689,5386,10546,100.6,55.9,109.5,25621,266.1,15932,165.4,Agropastoral,None,kilimanjaro/hai/machamekusini,57.34,kilimanjaro/mwanga/mgagao,15.53,0.443,0.23,0
manyara/kiteto/lengatei,lon37.045.lat-5.552,Lengatei,Kiteto,Manyara,37.0454485475837,-5.55244258961719,764.1,Rural Ward,12776,16.7,16.623,12702,5.665,4328,15.72,12012,29042,38,16340,21.4,32096,3757,13641,42,4.9,17.9,49494,64.8,17398,22.8,Agropastoral,Primary,arusha/arusha/bwawani,222.8,manyara/kiteto/kijungu,16.31,0.523,0,0
arusha/monduli/lepurko,lon36.210.lat-3.370,Lepurko,Monduli,Arusha,36.2102063686758,-3.37020956170317,247.2,Rural Ward,8151,33,12.336,3049,8.004,1979,16.231,4012,9040,36.6,5991,24.2,21368,10962,16786,86.4,44.3,67.9,49116,198.7,27748,112.2,Agropastoral,Primary,arusha/monduli/meserani,29.74,arusha/monduli/makuyuni,17.49,0.422,0.432,0
arusha/arushaurban/levolosi,lon36.681.lat-3.367,Levolosi,Arusha Urban,Arusha,36.6808671477881,-3.36746902766528,1.1,Urban Ward,8838,8034.5,0,0,0,0,0,0,0,0,0,0,18,6,29,16.4,5.5,26.4,53,48.2,35,31.8,Smallholder,None,arusha/arusha/bwawani,25.37,arusha/arushaurban/sokonii,5.12,0.314,1,1
manyara/simanjiro/liborsoit,lon37.403.lat-4.229,Liborsoit,Simanjiro,Manyara,37.4030878318511,-4.22868469003211,1035,Rural Ward,7207,7,15.324,15861,6.127,6342,14.931,15454,37657,36.4,21796,21.1,18145,16180,28483,17.5,15.6,27.5,62808,60.7,44663,43.2,Pastoral,None,kilimanjaro/hai/machamekusini,98.48,manyara/simanjiro/orkesmet,35.39,0.381,0.593,1
kilimanjaro/siha/livishi,lon37.125.lat-3.129,Livishi,Siha,Kilimanjaro,37.1245779728571,-3.12867149632905,55.8,Rural Ward,6140,110,0.974,54,9.148,510,19.531,1090,1654,29.6,1600,28.7,2297,691,937,41.2,12.4,16.8,3925,70.3,1628,29.2,Smallholder,None,kilimanjaro/hai/machamekusini,29.08,kilimanjaro/siha/biriri,12.93,0.784,0,0
manyara/simanjiro/loiborsiret,lon36.518.lat-4.361,Loiborsiret,Simanjiro,Manyara,36.5183690101071,-4.36100527386353,2031.5,Rural Ward,13569,6.7,22.112,44921,7.529,15296,18.64,37867,98084,48.3,53163,26.2,38559,19190,19443,19,9.4,9.6,77192,38,38633,19,Agropastoral,Primary,arusha/monduli/meserani,88.25,manyara/simanjiro/komolo,45.79,0.441,0.196,0
arusha/monduli/lolkisale,lon36.295.lat-3.797,Lolkisale,Monduli,Arusha,36.2952976880402,-3.79669224394998,1123.4,Rural Ward,10056,9,25.226,28338,7.679,8626,21.116,23722,60686,54,32348,28.8,23560,17795,17795,21,15.8,15.8,59150,52.7,35590,31.7,Agropastoral,Primary,arusha/monduli/meserani,25.71,manyara/simanjiro/terrat,33.05,0.398,0.537,1
arusha/longido/longido,lon36.712.lat-2.719,Longido,Longido,Arusha,36.7120469215017,-2.71900645112256,22.4,Urban Ward,2285,102,15.649,351,13.44,301,18.593,416,1068,47.7,717,32,212,118,509,9.5,5.3,22.7,839,37.5,627,28,Pastoral,None,kilimanjaro/hai/machamekusini,92.96,arusha/longido/orbomba,7.51,0.505,0.433,0
kilimanjaro/moshimunicipal/longuob,lon37.322.lat-3.319,Longuo B,Moshi Municipal,Kilimanjaro,37.322369359692,-3.31936072448137,4.7,Urban Ward,6632,1411.1,112.003,526,23.09,109,153.124,720,1355,288.3,829,176.4,268,185,462,57,39.4,98.3,915,194.7,647,137.7,Smallholder,None,kilimanjaro/hai/machamekusini,8.51,kilimanjaro/moshi/kiboshomagharibi,12.81,0.56,0,0
manyara/kiteto/loolera,lon37.187.lat-5.262,Loolera,Kiteto,Manyara,37.1872995145799,-5.26202663989511,1446.4,Rural Ward,6098,4.2,16.417,23745,4.771,6901,19.23,27815,58461,40.4,34716,24,11103,9605,19590,7.7,6.6,13.5,40298,27.9,29195,20.2,Agropastoral,None,arusha/arusha/bwawani,193.69,manyara/kiteto/kijungu,22.48,0.507,0.001,0
kilimanjaro/same/lugulu,lon38.006.lat-4.338,Lugulu,Same,Kilimanjaro,38.0061547179119,-4.33838707184355,34.6,Rural Ward,6460,186.7,8.946,310,0,0,21.748,752,1062,30.7,752,21.7,607,122,154,17.5,3.5,4.5,883,25.5,276,8,Agropastoral,None,kilimanjaro/hai/machamekusini,137.45,kilimanjaro/same/hedaru,21.31,0.723,0,0
tanga/lushoto/lukozi,lon38.293.lat-4.672,Lukozi,Lushoto,Tanga,38.2933640698386,-4.67241357968454,46.2,Rural Ward,11998,259.7,9.489,438,2.562,118,23.161,1070,1626,35.2,1188,25.7,NA,NA,NA,NA,NA,NA,NA,NA,NA,NA,NA,NA,NA,NA,NA,NA,0.64,0,0
tanga/lushoto/lunguza,lon38.536.lat-4.362,Lunguza,Lushoto,Tanga,38.5356842036336,-4.36234355921089,1394.8,Rural Ward,8278,5.9,3.807,5310,1.186,1654,5.916,8252,15216,10.9,9906,7.1,NA,NA,NA,NA,NA,NA,NA,NA,NA,NA,NA,NA,NA,NA,NA,NA,0.42,0.423,0
tanga/muheza/lusanga,lon38.833.lat-5.165,Lusanga,Muheza,Tanga,38.8327498208632,-5.16472435127908,41,Mixed Ward,7739,188.8,15.159,622,0.512,21,13.92,571,1214,29.6,592,14.4,NA,NA,NA,NA,NA,NA,NA,NA,NA,NA,NA,NA,NA,NA,NA,NA,0.667,0,0
tanga/lushoto/lushoto,lon38.285.lat-4.770,Lushoto,Lushoto,Tanga,38.2853005998531,-4.76958126134119,81.1,Urban Ward,28190,347.6,12.626,1024,0.731,59,21.429,1738,2821,34.8,1797,22.2,NA,NA,NA,NA,NA,NA,NA,NA,NA,NA,NA,NA,NA,NA,NA,NA,0.755,0,0
tanga/korogwe/lutindi,lon38.385.lat-5.083,Lutindi,Korogwe,Tanga,38.3845605045626,-5.08344864345962,37,Rural Ward,7840,211.9,1.684,62,0.003,0,0,0,62,1.7,0,0,NA,NA,NA,NA,NA,NA,NA,NA,NA,NA,NA,NA,NA,NA,NA,NA,0.716,0,0
tanga/kilindi/lwande,lon37.428.lat-5.691,Lwande,Kilindi,Tanga,37.4281332030137,-5.69104502574073,219.4,Rural Ward,8793,40.1,9.061,1988,2.13,467,8.596,1886,4341,19.8,2353,10.7,NA,NA,NA,NA,NA,NA,NA,NA,NA,NA,NA,NA,NA,NA,NA,NA,0.667,0,0
arusha/ngorongoro/maalon,lon35.471.lat-2.252,Maalon,Ngorongoro,Arusha,35.4711620174104,-2.25190727937252,644.7,Rural Ward,4353,6.8,25.578,16490,16.024,10331,26.567,17127,43948,68.2,27458,42.6,32813,40180,42138,50.9,62.3,65.4,115131,178.6,82318,127.7,Pastoral,None,arusha/monduli/meserani,178.65,arusha/ngorongoro/oloirien,17.69,0.448,0.436,0
tanga/kilindi/mabalanga,lon37.833.lat-5.423,Mabalanga,Kilindi,Tanga,37.8328068904329,-5.42345859767955,148.4,Rural Ward,6916,46.6,11.071,1643,2.893,429,12.796,1899,3971,26.8,2328,15.7,NA,NA,NA,NA,NA,NA,NA,NA,NA,NA,NA,NA,NA,NA,NA,NA,0.579,0,0
tanga/handenitownshipauthority/mabanda,lon38.102.lat-5.320,Mabanda,Handeni Township Authority,Tanga,38.1019404938277,-5.31952014247417,82,Urban Ward,5860,71.5,11.07,908,11.156,915,17.517,1436,3259,39.7,2351,28.7,NA,NA,NA,NA,NA,NA,NA,NA,NA,NA,NA,NA,NA,NA,NA,NA,0.473,0.01,0
tanga/tanga/mabawa,lon39.105.lat-5.100,Mabawa,Tanga,Tanga,39.1053722386507,-5.10002408556427,5.2,Urban Ward,35125,6754.8,3.605,19,0.358,2,5.382,28,49,9.4,30,5.8,NA,NA,NA,NA,NA,NA,NA,NA,NA,NA,NA,NA,NA,NA,NA,NA,0.408,0.333,0
kilimanjaro/same/mabilioni,lon37.800.lat-4.536,Mabilioni,Same,Kilimanjaro,37.8002103563239,-4.53557327259241,313.2,Rural Ward,6570,21,32.147,10069,10.856,3400,36.676,11487,24956,79.7,14887,47.5,11697,2054,3506,37.3,6.6,11.2,17257,55.1,5560,17.8,Pastoral,None,kilimanjaro/hai/machamekusini,144.49,kilimanjaro/same/hedaru,10.67,0.324,0.865,1
kilimanjaro/moshi/mabogini,lon37.368.lat-3.449,Mabogini,Moshi,Kilimanjaro,37.3678076250565,-3.44926358300998,68.7,Rural Ward,28992,422,97.588,6704,25.102,1724,135.212,9289,17717,257.9,11013,160.3,6595,1917,6020,96,27.9,87.6,14532,211.5,7937,115.5,Agropastoral,None,kilimanjaro/hai/machamekusini,16.31,kilimanjaro/moshi/kilemakusini,18.94,0.442,0.346,0
tanga/tanga/mabokweni,lon39.035.lat-4.993,Mabokweni,Tanga,Tanga,39.0345629487355,-4.99332537302841,47.6,Rural Ward,5433,114.1,26.076,1241,5.3,252,21.764,1036,2529,53.1,1288,27.1,NA,NA,NA,NA,NA,NA,NA,NA,NA,NA,NA,NA,NA,NA,NA,NA,0.629,0,0
kilimanjaro/hai/machamekaskazini,lon37.238.lat-3.203,Machame Kaskazini,Hai,Kilimanjaro,37.2379963684076,-3.20283996639924,58,Rural Ward,23334,402.3,50.95,2955,13.824,802,153.994,8932,12689,218.8,9734,167.8,6846,2279,11514,118,39.3,198.5,20639,355.8,13793,237.8,Smallholder,None,kilimanjaro/hai/machamekusini,17.08,kilimanjaro/moshi/kiboshomagharibi,4.58,0.659,0.043,0
kilimanjaro/hai/machamekusini,lon37.255.lat-3.356,Machame Kusini,Hai,Kilimanjaro,37.254849653465,-3.35551583137352,80.5,Rural Ward,13572,168.6,41.962,3378,12.889,1038,51.227,4124,8540,106.1,5162,64.1,7357,2667,7161,91.4,33.1,89,17185,213.5,9828,122.1,Agropastoral,Secondary,arusha/arusha/bwawani,55.9,kilimanjaro/moshi/kiboshomagharibi,16.05,0.439,0.351,0
kilimanjaro/hai/machamemagharibi,lon37.234.lat-3.095,Machame Magharibi,Hai,Kilimanjaro,37.2343334163384,-3.09463301184482,99,Rural Ward,6503,65.7,37.507,3713,17.459,1728,11.68,1156,6597,66.6,2884,29.1,7741,3636,3278,78.2,36.7,33.1,14655,148,6914,69.8,Smallholder,None,kilimanjaro/hai/machamekusini,29.1,kilimanjaro/moshi/kiboshomagharibi,14.03,0.573,0.235,0
kilimanjaro/hai/machamemashariki,lon37.272.lat-3.145,Machame Mashariki,Hai,Kilimanjaro,37.2717995461515,-3.14450291436537,85.1,Rural Ward,13084,153.7,49.832,4241,22.528,1917,10.499,893,7051,82.9,2810,33,8316,3873,2797,97.7,45.5,32.9,14986,176.1,6670,78.4,Smallholder,None,kilimanjaro/hai/machamekusini,23.54,kilimanjaro/moshi/kiboshomagharibi,7.65,0.621,0.101,0
kilimanjaro/hai/machamenarumu,lon37.245.lat-3.267,Machame Narumu,Hai,Kilimanjaro,37.2448177450767,-3.26746965531365,11.4,Rural Ward,12077,1059.4,48.202,550,15.089,172,135.439,1544,2266,198.8,1716,150.5,2768,893,3916,242.8,78.3,343.5,7577,664.6,4809,421.8,Urban,None,kilimanjaro/hai/machamekusini,9.85,kilimanjaro/moshi/kiboshomagharibi,7.08,0.714,0,0
kilimanjaro/hai/machameuroki,lon37.209.lat-3.237,Machame Uroki,Hai,Kilimanjaro,37.2085685495271,-3.2370786407583,13.2,Rural Ward,10762,815.3,104.769,1383,13.593,179,218.391,2883,4445,336.7,3062,232,4548,915,5747,344.5,69.3,435.4,11210,849.2,6662,504.7,Smallholder,None,kilimanjaro/hai/machamekusini,14.14,kilimanjaro/moshi/kiboshomagharibi,8.15,0.749,0,0
kilimanjaro/hai/machameweruweru,lon37.273.lat-3.415,Machame Weruweru,Hai,Kilimanjaro,37.2729003850772,-3.41494700992661,45,Rural Ward,12402,275.6,47.619,2143,6.842,308,47.511,2138,4589,102,2446,54.4,5758,1273,4783,128,28.3,106.3,11814,262.5,6056,134.6,Agropastoral,None,kilimanjaro/hai/machamekusini,6.91,kilimanjaro/moshi/kiboshomagharibi,22.46,0.445,0.5,0
tanga/pangani/madanga,lon38.975.lat-5.363,Madanga,Pangani,Tanga,38.9745871735034,-5.36266500082888,26.4,Rural Ward,3298,124.9,5.818,154,3.2,84,9.425,249,487,18.4,333,12.6,NA,NA,NA,NA,NA,NA,NA,NA,NA,NA,NA,NA,NA,NA,NA,NA,0.663,0,0
manyara/babati/madunga,lon35.495.lat-4.144,Madunga,Babati,Manyara,35.4951959026484,-4.14363924432565,188.5,Rural Ward,21094,111.9,14.308,2697,1.66,313,9.254,1744,4754,25.2,2057,10.9,12174,2766,2328,64.6,14.7,12.4,17268,91.6,5094,27,Agropastoral,None,arusha/monduli/meserani,116.12,manyara/babati/dareda,10.91,0.68,0,0
tanga/korogwe/magambakwalukonge,lon38.189.lat-5.000,Magamba Kwalukonge,Korogwe,Tanga,38.1888528514793,-5.00040102909712,231.9,Rural Ward,6314,27.2,19.786,4588,0.378,88,10.15,2354,7030,30.3,2442,10.5,NA,NA,NA,NA,NA,NA,NA,NA,NA,NA,NA,NA,NA,NA,NA,NA,0.543,0.004,0
manyara/babati/magara,lon35.719.lat-3.736,Magara,Babati,Manyara,35.7194577210275,-3.73565146403421,208.5,Rural Ward,15336,73.6,9.696,2022,6.179,1288,12.171,2538,5848,28,3826,18.4,10238,1689,6711,49.1,8.1,32.2,18638,89.4,8400,40.3,Agropastoral,Primary,arusha/monduli/meserani,74.92,manyara/mbulu/daudi,20.26,0.606,0.037,0
manyara/mbulu/maghang,lon35.144.lat-4.127,Maghang,Mbulu,Manyara,35.1437165984353,-4.12699204066876,106.8,Rural Ward,13624,127.6,19.141,2044,2.296,245,19.702,2104,4393,41.1,2349,22,5613,1108,4736,52.6,10.4,44.3,11457,107.3,5844,54.7,Agropastoral,Primary,arusha/monduli/meserani,149.67,manyara/mbulu/maretadu,9.27,0.445,0.008,0
tanga/muheza/magila,lon38.772.lat-5.147,Magila,Muheza,Tanga,38.7722825716036,-5.1465498753898,25.4,Rural Ward,6758,266.1,8.864,225,0.119,3,6.063,154,382,15,157,6.2,NA,NA,NA,NA,NA,NA,NA,NA,NA,NA,NA,NA,NA,NA,NA,NA,0.711,0,0
tanga/korogwe/magoma,lon38.573.lat-4.918,Magoma,Korogwe,Tanga,38.573098492367,-4.91828796481056,85.5,Rural Ward,11395,133.3,11.646,996,0.153,13,3.343,286,1295,15.1,299,3.5,NA,NA,NA,NA,NA,NA,NA,NA,NA,NA,NA,NA,NA,NA,NA,NA,0.605,0,0
tanga/muheza/magoroto,lon38.747.lat-5.104,Magoroto,Muheza,Tanga,38.7468081241371,-5.10421540356063,38.3,Rural Ward,5769,150.6,8.8,337,0.129,5,6.588,252,594,15.5,257,6.7,NA,NA,NA,NA,NA,NA,NA,NA,NA,NA,NA,NA,NA,NA,NA,NA,0.789,0,0
manyara/babati/magugu,lon35.912.lat-4.021,Magugu,Babati,Manyara,35.9118555562559,-4.02089311273472,756.7,Mixed Ward,32774,43.3,5.44,4117,2.946,2229,9.659,7309,13655,18,9538,12.6,12051,4839,11898,15.9,6.4,15.7,28788,38,16737,22.1,Agropastoral,Primary,arusha/monduli/meserani,71.13,manyara/babati/mamire,17.09,0.489,0.035,0
tanga/korogwetownshipauthority/magunga,lon38.464.lat-5.127,Magunga,Korogwe Township Authority,Tanga,38.4636515848571,-5.1267217966923,8.5,Urban Ward,9519,1119.9,30.231,257,12.962,110,18.733,159,526,61.9,269,31.6,NA,NA,NA,NA,NA,NA,NA,NA,NA,NA,NA,NA,NA,NA,NA,NA,0.622,0,0
manyara/kiteto/magungu,lon36.618.lat-5.715,Magungu,Kiteto,Manyara,36.6177193951103,-5.71534593960516,145.7,Rural Ward,8732,59.9,23.051,3359,5.625,820,14.359,2092,6271,43,2912,20,14169,6355,15613,97.2,43.6,107.2,36137,248,21968,150.8,Agropastoral,None,arusha/monduli/meserani,238.93,manyara/kiteto/dongo,24.95,0.387,0.711,1
tanga/lushoto/mahezangulu,lon38.520.lat-4.927,Maheza ngulu,Lushoto,Tanga,38.5198661487733,-4.92698684630203,45.6,Rural Ward,9006,197.5,1.586,72,0.001,0,0,0,72,1.6,0,0,NA,NA,NA,NA,NA,NA,NA,NA,NA,NA,NA,NA,NA,NA,NA,NA,0.695,0,0
kilimanjaro/rombo/mahida,lon37.615.lat-3.314,Mahida,Rombo,Kilimanjaro,37.6151941844761,-3.31373113307231,20.8,Mixed Ward,7980,383.7,58.877,1225,34.93,727,93.453,1944,3896,187.3,2671,128.4,3783,1029,5219,181.9,49.5,250.9,10031,482.3,6248,300.4,Smallholder,None,kilimanjaro/hai/machamekusini,40.27,kilimanjaro/moshi/kilemakusini,12.43,0.592,0,0
manyara/babatiurban/maisaka,lon35.740.lat-4.131,Maisaka,Babati Urban,Manyara,35.7395835352098,-4.13102764629599,103.9,Mixed Ward,8831,85,11.952,1242,7.423,771,24.728,2569,4582,44.1,3340,32.1,3627,1110,5093,34.9,10.7,49,9830,94.6,6203,59.7,Agropastoral,None,arusha/monduli/meserani,93.51,manyara/babati/kiru,12.39,0.491,0,0
kilimanjaro/moshimunicipal/majengo,lon37.353.lat-3.343,Majengo,Moshi Municipal,Kilimanjaro,37.3527258908021,-3.34320617010878,0.9,Urban Ward,9006,10006.7,57.547,52,11.617,10,76.562,69,131,145.6,79,87.8,777,158,580,863.3,175.6,644.4,1515,1683.3,738,820,Urban,None,kilimanjaro/hai/machamekusini,10.95,kilimanjaro/moshi/kiboshomagharibi,16.68,0.464,0,0
tanga/tanga/majengo,lon39.094.lat-5.077,Majengo,Tanga,Tanga,39.0938477287493,-5.07681575892208,0.9,Urban Ward,6992,7768.9,0,0,0,0,0,0,0,0,0,0,NA,NA,NA,NA,NA,NA,NA,NA,NA,NA,NA,NA,NA,NA,NA,NA,0.384,1,1
tanga/muheza/majengo,lon38.791.lat-5.182,Majengo,Muheza,Tanga,38.79079989474,-5.18225522163705,1.6,Urban Ward,7482,4676.2,8.881,14,0.134,0,6.577,11,25,15.6,11,6.9,NA,NA,NA,NA,NA,NA,NA,NA,NA,NA,NA,NA,NA,NA,NA,NA,0.609,0,0
arusha/monduli/majengo,lon35.849.lat-3.342,Majengo,Monduli,Arusha,35.8487928272299,-3.34225111189256,26.7,Rural Ward,7853,294.1,19.642,524,7.239,193,16.826,449,1166,43.7,642,24,1985,2188,4907,74.3,81.9,183.8,9080,340.1,7095,265.7,Agropastoral,None,arusha/monduli/meserani,64.25,arusha/monduli/mtowambu,6,0.584,0,0
arusha/meru/majiyachai,lon36.902.lat-3.346,Maji ya chai,Meru,Arusha,36.902173628226,-3.34550422054505,84.9,Mixed Ward,29313,345.3,33.465,2841,2.55,217,12.801,1087,4145,48.8,1304,15.4,9494,5354,8046,111.8,63.1,94.8,22894,269.7,13400,157.8,Agropastoral,None,arusha/arusha/bwawani,26.99,arusha/meru/kikatiti,6.53,0.638,0,0
manyara/kiteto/makame,lon36.572.lat-4.712,Makame,Kiteto,Manyara,36.5716899474743,-4.71192048926817,2597.2,Rural Ward,9751,3.8,19.684,51123,6.619,17192,15.97,41477,109792,42.3,58669,22.6,35018,15329,27960,13.5,5.9,10.8,78307,30.2,43289,16.7,Agropastoral,None,arusha/monduli/meserani,127.71,manyara/simanjiro/loiborsiret,39.47,0.462,0.16,0
tanga/lushoto/makanya,lon38.485.lat-4.653,Makanya,Lushoto,Tanga,38.4849714331904,-4.65322926791083,139.5,Mixed Ward,10629,76.2,21.526,3003,5.745,801,23.439,3270,7074,50.7,4071,29.2,NA,NA,NA,NA,NA,NA,NA,NA,NA,NA,NA,NA,NA,NA,NA,NA,0.602,0,0
kilimanjaro/same/makanya,lon37.774.lat-4.364,Makanya,Same,Kilimanjaro,37.7735234295398,-4.36365578729557,443.7,Rural Ward,13888,31.3,45.192,20052,26.382,11706,62.974,27942,59700,134.6,39648,89.4,12302,1796,4771,27.7,4,10.8,18869,42.5,6567,14.8,Pastoral,Primary,kilimanjaro/hai/machamekusini,126.01,kilimanjaro/same/hedaru,18,0.329,0.714,1
arusha/meru/makiba,lon36.993.lat-3.490,Makiba,Meru,Arusha,36.9927763589263,-3.4896488433784,115,Mixed Ward,11874,103.3,16.601,1909,7.715,887,22.318,2567,5363,46.6,3454,30,17796,15232,25237,154.7,132.5,219.5,58265,506.7,40469,351.9,Agropastoral,None,arusha/arusha/bwawani,23.3,arusha/meru/mbuguni,12.56,0.351,0.904,1
kilimanjaro/rombo/makiidi,lon37.550.lat-3.207,Makiidi,Rombo,Kilimanjaro,37.5498855333289,-3.20743846910922,20.5,Rural Ward,8720,425.4,72.577,1488,22.751,466,46.221,948,2902,141.6,1414,69,1471,1729,3766,71.8,84.3,183.7,6966,339.8,5495,268,Smallholder,None,kilimanjaro/hai/machamekusini,36.66,kilimanjaro/rombo/kitirimakingachi,16.27,0.787,0,0
kilimanjaro/siha/makiwaru,lon37.027.lat-3.239,Makiwaru,Siha,Kilimanjaro,37.0266684111322,-3.23850456436576,38,Rural Ward,10699,281.6,227.73,8654,12.964,493,95.878,3643,12790,336.6,4136,108.8,6488,3291,7891,170.7,86.6,207.7,17670,465,11182,294.3,Smallholder,None,kilimanjaro/hai/machamekusini,28.48,kilimanjaro/siha/biriri,3.45,0.559,0,0
tanga/tanga/makorora,lon39.109.lat-5.087,Makorora,Tanga,Tanga,39.1093251967367,-5.08658864088523,1.1,Urban Ward,16664,15149.1,0,0,0,0,0,0,0,0,0,0,NA,NA,NA,NA,NA,NA,NA,NA,NA,NA,NA,NA,NA,NA,NA,NA,0.332,1,1
kilimanjaro/moshi/makuyuni,lon37.572.lat-3.402,Makuyuni,Moshi,Kilimanjaro,37.5716327650318,-3.40200247206948,51.2,Mixed Ward,22442,438.3,49.826,2551,22.266,1140,75.462,3864,7555,147.6,5004,97.7,5840,1685,7982,114.1,32.9,155.9,15507,302.9,9667,188.8,Agropastoral,None,kilimanjaro/hai/machamekusini,35.54,kilimanjaro/moshi/kilemakusini,6.45,0.426,0.387,0
tanga/korogwe/makuyuni,lon38.342.lat-5.067,Makuyuni,Korogwe,Tanga,38.3418966336849,-5.06735203438809,56.7,Rural Ward,13180,232.5,11.191,635,0.45,26,3.78,214,875,15.4,240,4.2,NA,NA,NA,NA,NA,NA,NA,NA,NA,NA,NA,NA,NA,NA,NA,NA,0.582,0,0
arusha/monduli/makuyuni,lon36.133.lat-3.507,Makuyuni,Monduli,Arusha,36.1326893084771,-3.50710569103568,408.3,Rural Ward,11228,27.5,17.134,6996,5.207,2126,11.57,4724,13846,33.9,6850,16.8,24399,18140,18840,59.8,44.4,46.1,61379,150.3,36980,90.6,Pastoral,Primary,arusha/monduli/meserani,28.24,arusha/monduli/lepurko,17.49,0.411,0.588,1
arusha/ngorongoro/malambo,lon35.518.lat-2.646,Malambo,Ngorongoro,Arusha,35.5177852608595,-2.64607978581812,2389.4,Rural Ward,14226,6,19.805,47321,10.997,26275,17.792,42511,116107,48.6,68786,28.8,40827,108637,82795,17.1,45.5,34.7,232259,97.2,191432,80.1,Pastoral,None,arusha/monduli/meserani,140.97,arusha/ngorongoro/arash,28.38,0.311,0.888,1
tanga/handenitownshipauthority/malezi,lon37.996.lat-5.336,Malezi,Handeni Township Authority,Tanga,37.9955526375262,-5.3361939627744,55.7,Urban Ward,8077,145,14.33,798,13.78,768,16.589,924,2490,44.7,1692,30.4,NA,NA,NA,NA,NA,NA,NA,NA,NA,NA,NA,NA,NA,NA,NA,NA,0.498,0,0
tanga/lushoto/malibwi,lon38.401.lat-4.718,Malibwi,Lushoto,Tanga,38.4011349668046,-4.71773608409145,57.6,Rural Ward,17680,306.9,14.695,846,3.308,191,22.173,1277,2314,40.2,1468,25.5,NA,NA,NA,NA,NA,NA,NA,NA,NA,NA,NA,NA,NA,NA,NA,NA,0.626,0,0
tanga/lushoto/malindi,lon38.303.lat-4.633,Malindi,Lushoto,Tanga,38.3031103782703,-4.63252613314218,39.7,Rural Ward,17979,452.9,22.415,890,2.734,109,11.868,471,1470,37,580,14.6,NA,NA,NA,NA,NA,NA,NA,NA,NA,NA,NA,NA,NA,NA,NA,NA,0.58,0,0
tanga/lushoto/mamba,lon38.418.lat-4.826,Mamba,Lushoto,Tanga,38.4182051095911,-4.8258216957663,40.1,Rural Ward,11359,283.3,0.621,25,3.98,160,14.062,564,749,18.7,724,18.1,NA,NA,NA,NA,NA,NA,NA,NA,NA,NA,NA,NA,NA,NA,NA,NA,0.739,0,0
kilimanjaro/moshi/mambakaskazini,lon37.542.lat-3.262,Mamba Kaskazini,Moshi,Kilimanjaro,37.5421519894614,-3.26241338823861,9.9,Rural Ward,9065,915.7,52.692,522,14.69,145,21.128,209,876,88.5,354,35.8,4757,870,5666,480.5,87.9,572.3,11293,1140.7,6536,660.2,Smallholder,None,kilimanjaro/hai/machamekusini,33.53,kilimanjaro/moshi/kilemakusini,12.62,0.759,0,0
kilimanjaro/moshi/mambakusini,lon37.545.lat-3.303,Mamba Kusini,Moshi,Kilimanjaro,37.5452956243374,-3.3026408747127,12.4,Rural Ward,10060,811.3,80.205,995,27.023,335,58.882,730,2060,166.1,1065,85.9,3478,714,3059,280.5,57.6,246.7,7251,584.8,3773,304.3,Smallholder,None,kilimanjaro/hai/machamekusini,32.77,kilimanjaro/moshi/kilemakusini,8.37,0.759,0,0
manyara/babati/mamire,lon36.038.lat-4.108,Mamire,Babati,Manyara,36.038414716749,-4.10849629011727,365.7,Rural Ward,9014,24.6,1.447,529,0.692,253,2.834,1036,1818,5,1289,3.5,8597,2116,11752,23.5,5.8,32.1,22465,61.4,13868,37.9,Agropastoral,Primary,arusha/monduli/meserani,69.7,manyara/babati/galapo,16.75,0.459,0.021,0
kilimanjaro/rombo/mamsera,lon37.650.lat-3.301,Mamsera,Rombo,Kilimanjaro,37.6497614614862,-3.30119009351177,42.3,Rural Ward,9935,234.9,54.95,2324,21.619,914,70.889,2999,6237,147.4,3913,92.5,2138,1050,5236,50.5,24.8,123.8,8424,199.1,6286,148.6,Smallholder,None,kilimanjaro/hai/machamekusini,44.25,kilimanjaro/moshi/kilemakusini,16.44,0.511,0.075,0
kilimanjaro/rombo/manda,lon37.609.lat-3.246,Manda,Rombo,Kilimanjaro,37.6094726013083,-3.24601306552211,4.7,Rural Ward,4040,859.6,64.668,304,16.774,79,43.34,204,587,124.9,283,60.2,5669,2604,10135,1206.2,554,2156.4,18408,3916.6,12739,2710.4,Urban,None,kilimanjaro/hai/machamekusini,41.21,kilimanjaro/moshi/kilemakusini,17.29,0.702,0,0
arusha/karatu/mangola,lon35.281.lat-3.549,Mang'ola,Karatu,Arusha,35.2807237063735,-3.54902312900804,128.2,Rural Ward,6087,47.5,12.156,1558,25.934,3325,14.867,1906,6789,53,5231,40.8,24010,14772,21412,187.3,115.2,167,60194,469.5,36184,282.2,Agropastoral,None,arusha/monduli/meserani,121.65,arusha/karatu/daa,27.67,0.306,0.541,1
tanga/lushoto/manolo,lon38.197.lat-4.637,Manolo,Lushoto,Tanga,38.1967286735424,-4.63687352321618,144.9,Rural Ward,23134,159.7,9.833,1425,6.396,927,41.315,5987,8339,57.6,6914,47.7,NA,NA,NA,NA,NA,NA,NA,NA,NA,NA,NA,NA,NA,NA,NA,NA,0.576,0.108,0
tanga/korogwetownshipauthority/manundu,lon38.453.lat-5.155,Manundu,Korogwe Township Authority,Tanga,38.4530848290598,-5.15464600612159,4.5,Urban Ward,17499,3888.7,23.452,106,12.003,54,14.568,66,226,50.2,120,26.7,NA,NA,NA,NA,NA,NA,NA,NA,NA,NA,NA,NA,NA,NA,NA,NA,0.561,0,0
tanga/mkinga/manza,lon39.135.lat-4.865,Manza,Mkinga,Tanga,39.1349939432903,-4.86528365063562,37.6,Rural Ward,3613,96.1,5.617,211,5.051,190,10.996,413,814,21.6,603,16,NA,NA,NA,NA,NA,NA,NA,NA,NA,NA,NA,NA,NA,NA,NA,NA,0.619,0,0
kilimanjaro/same/maore,lon38.153.lat-4.250,Maore,Same,Kilimanjaro,38.1534906532158,-4.25038201975987,349.3,Mixed Ward,15722,45,7.921,2767,2.955,1032,11.552,4035,7834,22.4,5067,14.5,15105,7657,12121,43.2,21.9,34.7,34883,99.9,19778,56.6,Agropastoral,None,kilimanjaro/hai/machamekusini,140.86,kilimanjaro/same/hedaru,39.82,0.457,0.122,0
tanga/mkinga/mapatano,lon38.849.lat-4.898,Mapatano,Mkinga,Tanga,38.849329688969,-4.89778428756691,47.6,Rural Ward,6677,140.3,8.595,409,0.26,12,11.1,528,949,19.9,540,11.3,NA,NA,NA,NA,NA,NA,NA,NA,NA,NA,NA,NA,NA,NA,NA,NA,0.686,0,0
tanga/mkinga/maramba,lon38.797.lat-4.869,Maramba,Mkinga,Tanga,38.7971913757824,-4.86921772037355,57.6,Mixed Ward,10961,190.3,9.158,527,0.252,15,6.929,399,941,16.3,414,7.2,NA,NA,NA,NA,NA,NA,NA,NA,NA,NA,NA,NA,NA,NA,NA,NA,0.746,0,0
manyara/mbulu/marang,lon35.562.lat-3.715,Marang,Mbulu,Manyara,35.5618868157356,-3.71522326036976,70.3,Rural Ward,7377,104.9,1.396,98,1.459,103,14.545,1022,1223,17.4,1125,16,1093,654,3039,15.5,9.3,43.2,4786,68.1,3693,52.5,Agropastoral,None,arusha/monduli/meserani,91.63,manyara/mbulu/daudi,5.1,0.623,0.012,0
kilimanjaro/rombo/marangukitowo,lon37.645.lat-3.120,Marangu Kitowo,Rombo,Kilimanjaro,37.6445842690644,-3.12028335299401,17.8,Rural Ward,7734,434.5,22.773,405,14.279,254,29.985,534,1193,67,788,44.3,2347,1132,2039,131.9,63.6,114.6,5518,310,3171,178.1,Smallholder,None,kilimanjaro/hai/machamekusini,50.56,kilimanjaro/rombo/kitirimakingachi,6.36,0.549,0.053,0
kilimanjaro/moshi/marangumagharibi,lon37.495.lat-3.258,Marangu Magharibi,Moshi,Kilimanjaro,37.495134031426,-3.25783249226859,20.1,Rural Ward,18976,944.1,23.938,481,33.683,677,9.734,196,1354,67.4,873,43.4,5311,970,4917,264.2,48.3,244.6,11198,557.1,5887,292.9,Smallholder,None,kilimanjaro/hai/machamekusini,28.8,kilimanjaro/moshi/kilemakusini,13.21,0.772,0,0
kilimanjaro/moshi/marangumashariki,lon37.526.lat-3.292,Marangu Mashariki,Moshi,Kilimanjaro,37.525533830537,-3.29245491755688,26.6,Rural Ward,23734,892.3,83.966,2233,26.727,711,57.525,1530,4474,168.2,2241,84.2,5998,1134,5944,225.5,42.6,223.5,13076,491.6,7078,266.1,Smallholder,None,kilimanjaro/hai/machamekusini,30.86,kilimanjaro/moshi/kilemakusini,9.07,0.738,0,0
manyara/mbulu/maretadu,lon35.225.lat-4.147,Maretadu,Mbulu,Manyara,35.224746388699,-4.14735276669403,140.1,Rural Ward,14343,102.4,17.192,2409,1.958,274,20.064,2811,5494,39.2,3085,22,6132,1186,5659,43.8,8.5,40.4,12977,92.6,6845,48.9,Agropastoral,Primary,arusha/monduli/meserani,142.49,manyara/mbulu/maghang,9.27,0.455,0,0
arusha/meru/maroroni,lon36.932.lat-3.436,Maroroni,Meru,Arusha,36.9316471817185,-3.43562976022323,117.2,Rural Ward,14103,120.3,24.251,2842,4.426,519,19.452,2280,5641,48.1,2799,23.9,24830,12327,22354,211.9,105.2,190.7,59511,507.8,34681,295.9,Agropastoral,None,arusha/arusha/bwawani,20.71,arusha/meru/kikatiti,8.04,0.431,0.387,0
tanga/tanga/marungu,lon39.007.lat-5.218,Marungu,Tanga,Tanga,39.0066455850356,-5.21811895555106,42.2,Rural Ward,3025,71.7,18.635,786,7.384,312,12.865,543,1641,38.9,855,20.3,NA,NA,NA,NA,NA,NA,NA,NA,NA,NA,NA,NA,NA,NA,NA,NA,0.644,0,0
tanga/kilindi/masagalu,lon37.269.lat-5.689,Masagalu,Kilindi,Tanga,37.268826236955,-5.68915975289384,189.5,Rural Ward,13464,71.1,11.534,2186,4.98,944,11.215,2125,5255,27.7,3069,16.2,NA,NA,NA,NA,NA,NA,NA,NA,NA,NA,NA,NA,NA,NA,NA,NA,0.548,0,0
manyara/hanang/masakta,lon35.537.lat-4.302,Masakta,Hanang,Manyara,35.537115105326,-4.3022942167375,59.9,Rural Ward,7321,122.2,14.157,848,6.204,372,27.498,1647,2867,47.9,2019,33.7,4314,1370,3646,72,22.9,60.9,9330,155.8,5016,83.7,Smallholder,None,arusha/monduli/meserani,122.95,manyara/babati/dareda,7.39,0.472,0,0
kilimanjaro/hai/masamakati,lon37.167.lat-3.212,Masama Kati,Hai,Kilimanjaro,37.1666225787323,-3.21246392887269,23.6,Rural Ward,11562,489.9,1.251,30,10.343,244,22.919,541,815,34.5,785,33.3,578,1105,2056,24.5,46.8,87.1,3739,158.4,3161,133.9,Smallholder,None,kilimanjaro/hai/machamekusini,18.68,kilimanjaro/moshi/kiboshomagharibi,12.36,0.722,0,0
kilimanjaro/hai/masamakusini,lon37.160.lat-3.303,Masama Kusini,Hai,Kilimanjaro,37.1603196797795,-3.30301054254398,65.3,Mixed Ward,12060,184.7,115.981,7574,11.811,771,147.093,9605,17950,274.9,10376,158.9,11365,2225,12040,174,34.1,184.4,25630,392.5,14265,218.5,Agropastoral,None,kilimanjaro/hai/machamekusini,12.01,kilimanjaro/siha/biriri,16.3,0.463,0.247,0
kilimanjaro/hai/masamamagharibi,lon37.140.lat-3.218,Masama Magharibi,Hai,Kilimanjaro,37.1404170013627,-3.21818411905117,37.8,Rural Ward,10851,287.1,180.67,6829,11.884,449,282.358,10673,17951,474.9,11122,294.2,10749,1601,12846,284.4,42.4,339.8,25196,666.6,14447,382.2,Agropastoral,None,kilimanjaro/hai/machamekusini,19.86,kilimanjaro/siha/biriri,10.67,0.673,0,0
kilimanjaro/hai/masamamashariki,lon37.196.lat-3.186,Masama Mashariki,Hai,Kilimanjaro,37.1961246664149,-3.18644882744603,82.7,Rural Ward,25723,311,200.295,16564,13.433,1111,332.249,27477,45152,546,28588,345.7,17324,2779,22967,209.5,33.6,277.7,43070,520.8,25746,311.3,Smallholder,None,kilimanjaro/hai/machamekusini,19.9,kilimanjaro/moshi/kiboshomagharibi,9.55,0.651,0.073,0
kilimanjaro/hai/masamarundugai,lon37.223.lat-3.435,Masama Rundugai,Hai,Kilimanjaro,37.2234692746538,-3.43509100128929,106.8,Mixed Ward,14033,131.4,26.741,2856,4.935,527,43.928,4692,8075,75.6,5219,48.9,6721,1765,7752,62.9,16.5,72.6,16238,152,9517,89.1,Agropastoral,None,kilimanjaro/hai/machamekusini,9.51,kilimanjaro/moshi/kiboshomagharibi,25.42,0.403,0.6,1
tanga/korogwe/mashewa,lon38.693.lat-4.661,Mashewa,Korogwe,Tanga,38.6933406126678,-4.66136115530655,359.7,Rural Ward,11938,33.2,13.595,4890,2.146,772,9.081,3267,8929,24.8,4039,11.2,NA,NA,NA,NA,NA,NA,NA,NA,NA,NA,NA,NA,NA,NA,NA,NA,0.525,0.007,0
manyara/mbulu/masieda,lon35.389.lat-3.723,Masieda,Mbulu,Manyara,35.3893055229478,-3.72283368320623,373.9,Rural Ward,9929,26.6,15.017,5615,1.688,631,18.03,6742,12988,34.7,7373,19.7,9673,1970,9687,25.9,5.3,25.9,21330,57,11657,31.2,Agropastoral,None,arusha/monduli/meserani,110.68,manyara/mbulu/gunyoda,12.91,0.377,0.697,1
manyara/hanang/maskron,lon35.479.lat-4.454,Maskron,Hanang,Manyara,35.4790724638039,-4.45428257335627,61.3,Rural Ward,13149,214.5,17.301,1061,6.493,398,37.721,2312,3771,61.5,2710,44.2,6750,2924,4517,110.1,47.7,73.7,14191,231.5,7441,121.4,Agropastoral,None,arusha/monduli/meserani,139.13,manyara/hanang/endasak,7.91,0.519,0,0
manyara/hanang/masqaroda,lon35.550.lat-4.361,Masqaroda,Hanang,Manyara,35.5496996775107,-4.36085329798723,69.1,Rural Ward,7254,105,12.156,840,4.765,329,29.194,2017,3186,46.1,2346,34,16377,1426,7436,237,20.6,107.6,25239,365.3,8862,128.2,Agropastoral,None,arusha/monduli/meserani,126.28,manyara/hanang/endasak,6.53,0.467,0,0
manyara/mbulu/masqaroda,lon35.368.lat-3.887,Masqaroda,Mbulu,Manyara,35.367730812626,-3.88738772852389,205.7,Rural Ward,10262,49.9,21.629,4449,5.287,1088,23.198,4772,10309,50.1,5860,28.5,8534,2744,7833,41.5,13.3,38.1,19111,92.9,10577,51.4,Agropastoral,Primary,arusha/monduli/meserani,117.02,manyara/mbulu/bashay,13.47,0.416,0.393,0
tanga/muheza/masuguru,lon38.785.lat-5.173,Masuguru,Muheza,Tanga,38.7849218556631,-5.17326376580902,0.4,Mixed Ward,3824,9560,8.881,4,0.134,0,6.577,3,7,17.5,3,7.5,NA,NA,NA,NA,NA,NA,NA,NA,NA,NA,NA,NA,NA,NA,NA,NA,0.577,0,0
arusha/longido/matale,lon36.296.lat-2.359,Matale,Longido,Arusha,36.2962381195019,-2.35893672984371,686.6,Rural Ward,4411,6.4,13.957,9583,12.848,8821,15.256,10475,28879,42.1,19296,28.1,16300,21000,24700,23.7,30.6,36,62000,90.3,45700,66.6,Pastoral,None,arusha/monduli/meserani,136.07,arusha/longido/gelailumbwa,23.2,0.371,0.561,1
arusha/arusha/mateves,lon36.598.lat-3.445,Mateves,Arusha,Arusha,36.5976698276701,-3.44522738716396,104.5,Rural Ward,15632,149.6,21.181,2213,6.055,633,19.218,2008,4854,46.4,2641,25.3,6608,3992,4169,63.2,38.2,39.9,14769,141.3,8161,78.1,Smallholder,None,arusha/arusha/bwawani,25.74,arusha/arushaurban/olasiti,5.93,0.388,0.664,1
manyara/kiteto/matui,lon36.345.lat-5.441,Matui,Kiteto,Manyara,36.3449579772145,-5.44056751846516,53.3,Mixed Ward,19883,373,31.535,1681,7.496,400,17.215,918,2999,56.3,1318,24.7,13056,1024,5396,245,19.2,101.2,19476,365.4,6420,120.5,Agropastoral,None,arusha/monduli/meserani,206.91,manyara/kiteto/dosidosi,17.17,0.374,0.934,1
tanga/tanga/maweni,lon39.023.lat-5.121,Maweni,Tanga,Tanga,39.0233087275533,-5.12113918294819,72.6,Rural Ward,14091,194.1,34.253,2487,2.401,174,16.693,1212,3873,53.3,1386,19.1,NA,NA,NA,NA,NA,NA,NA,NA,NA,NA,NA,NA,NA,NA,NA,NA,0.606,0,0
kilimanjaro/moshimunicipal/mawenzi,lon37.342.lat-3.349,Mawenzi,Moshi Municipal,Kilimanjaro,37.3418741274899,-3.34883789967679,1,Urban Ward,1770,1770,80.564,81,21.704,22,171.517,172,275,275,194,194,986,255,1017,986,255,1017,2258,2258,1272,1272,Urban,None,kilimanjaro/hai/machamekusini,9.69,kilimanjaro/moshi/kiboshomagharibi,16.68,0.406,0.5,0
tanga/lushoto/mayo,lon38.530.lat-4.848,Mayo,Lushoto,Tanga,38.5295530125147,-4.84848618114309,54,Rural Ward,12218,226.3,2.546,137,2.958,160,8.001,432,729,13.5,592,11,NA,NA,NA,NA,NA,NA,NA,NA,NA,NA,NA,NA,NA,NA,NA,NA,0.696,0,0
tanga/mkinga/mayomboni,lon39.164.lat-4.716,Mayomboni,Mkinga,Tanga,39.1641675426565,-4.71608353158866,33.1,Rural Ward,4001,120.9,6.644,220,2.717,90,10.992,364,674,20.4,454,13.7,NA,NA,NA,NA,NA,NA,NA,NA,NA,NA,NA,NA,NA,NA,NA,NA,0.58,0,0
tanga/korogwe/mazinde,lon38.182.lat-4.780,Mazinde,Korogwe,Tanga,38.1820137288441,-4.78030884935135,281.7,Mixed Ward,22832,81.1,10.248,2887,0.405,114,5.272,1485,4486,15.9,1599,5.7,NA,NA,NA,NA,NA,NA,NA,NA,NA,NA,NA,NA,NA,NA,NA,NA,0.534,0.036,0
tanga/handeni/mazingara,lon38.166.lat-5.756,Mazingara,Handeni,Tanga,38.1659682371128,-5.75628198172861,499.7,Rural Ward,15854,31.7,2.454,1226,1.109,554,9.253,4624,6404,12.8,5178,10.4,NA,NA,NA,NA,NA,NA,NA,NA,NA,NA,NA,NA,NA,NA,NA,NA,0.677,0,0
tanga/muheza/mbaramo,lon38.783.lat-5.167,Mbaramo,Muheza,Tanga,38.7825624620264,-5.16690356801694,0.9,Urban Ward,2795,3105.6,8.881,8,0.134,0,6.577,6,14,15.6,6,6.7,NA,NA,NA,NA,NA,NA,NA,NA,NA,NA,NA,NA,NA,NA,NA,NA,0.638,0,0
tanga/lushoto/mbaramo,lon38.333.lat-4.475,Mbaramo,Lushoto,Tanga,38.3329010941078,-4.47485823716298,74.9,Rural Ward,12465,166.4,8.048,603,1.727,129,6.905,517,1249,16.7,646,8.6,NA,NA,NA,NA,NA,NA,NA,NA,NA,NA,NA,NA,NA,NA,NA,NA,0.709,0,0
kilimanjaro/moshi/mbokomu,lon37.400.lat-3.280,Mbokomu,Moshi,Kilimanjaro,37.3998714456062,-3.28002731999421,26.2,Rural Ward,14606,557.5,16.513,433,27.228,713,12.652,331,1477,56.4,1044,39.8,5827,1379,4411,222.4,52.6,168.4,11617,443.4,5790,221,Smallholder,None,kilimanjaro/hai/machamekusini,18.16,kilimanjaro/moshi/kiboshomagharibi,15.45,0.732,0,0
tanga/muheza/mbomole,lon38.600.lat-5.069,Mbomole,Muheza,Tanga,38.5995682594441,-5.06931279549666,27,Rural Ward,5663,209.7,0.256,7,0,0,0,0,7,0.3,0,0,NA,NA,NA,NA,NA,NA,NA,NA,NA,NA,NA,NA,NA,NA,NA,NA,0.741,0,0
arusha/meru/mbuguni,lon36.901.lat-3.556,Mbuguni,Meru,Arusha,36.9008655497169,-3.55562602065604,59.3,Mixed Ward,16130,272,12.696,753,0.602,36,12.868,763,1552,26.2,799,13.5,15148,11185,11453,255.4,188.6,193.1,37786,637.2,22638,381.8,Agropastoral,Primary,arusha/arusha/bwawani,11.61,arusha/meru/kikatiti,21.79,0.436,0.338,0
arusha/karatu/mbulumbulu,lon35.880.lat-3.201,Mbulumbulu,Karatu,Arusha,35.8800944159747,-3.20146584251227,211,Rural Ward,21764,103.1,12.001,2532,32.664,6892,11.815,2493,11917,56.5,9385,44.5,16997,5868,22650,80.6,27.8,107.3,45515,215.7,28518,135.2,Agropastoral,Primary,arusha/monduli/meserani,69.33,arusha/monduli/mtowambu,21.66,0.551,0.033,0
tanga/lushoto/mbuzii,lon38.340.lat-4.854,Mbuzii,Lushoto,Tanga,38.3401672773038,-4.85354492621974,19.6,Rural Ward,6882,351.1,0.372,7,1.369,27,0,0,34,1.7,27,1.4,NA,NA,NA,NA,NA,NA,NA,NA,NA,NA,NA,NA,NA,NA,NA,NA,0.603,0,0
tanga/handenitownshipauthority/mdoe,lon38.020.lat-5.427,Mdoe,Handeni Township Authority,Tanga,38.0201813073313,-5.4274009452096,4.6,Urban Ward,9541,2074.1,6.96,32,0,0,16.261,75,107,23.3,75,16.3,NA,NA,NA,NA,NA,NA,NA,NA,NA,NA,NA,NA,NA,NA,NA,NA,0.464,0,0
kilimanjaro/rombo/mengwe,lon37.617.lat-3.258,Mengwe,Rombo,Kilimanjaro,37.6169668157913,-3.25788557176969,4.1,Rural Ward,5277,1287.1,64.215,263,17.152,70,48.604,199,532,129.8,269,65.6,5669,2604,10135,1382.7,635.1,2472,18408,4489.8,12739,3107.1,Smallholder,None,kilimanjaro/hai/machamekusini,41.64,kilimanjaro/moshi/kilemakusini,16.74,0.721,0,0
manyara/simanjiro/mererani,lon37.000.lat-3.580,Mererani,Simanjiro,Manyara,36.9995412694691,-3.58016014860444,11.6,Urban Ward,13450,1159.5,17.523,203,7.599,88,20.546,238,529,45.6,326,28.1,170,65,325,14.7,5.6,28,560,48.3,390,33.6,Agropastoral,None,arusha/arusha/bwawani,22.59,arusha/meru/mbuguni,11.29,0.398,0.308,0
arusha/monduli/meserani,lon36.376.lat-3.580,Meserani,Monduli,Arusha,36.3763863638329,-3.58005769119111,651.8,Rural Ward,11301,17.3,16.733,10907,5.409,3526,14.57,9497,23930,36.7,13023,20,10694,7028,10487,16.4,10.8,16.1,28209,43.3,17515,26.9,Agropastoral,Secondary,arusha/arusha/bwawani,46.67,arusha/monduli/lolkisale,25.71,0.35,0.956,1
kilimanjaro/moshimunicipal/mfumuni,lon37.344.lat-3.335,Mfumuni,Moshi Municipal,Kilimanjaro,37.3443843969959,-3.33544802766952,2,Urban Ward,4750,2375,57.547,115,11.617,23,76.562,153,291,145.5,176,88,60,15,58,30,7.5,29,133,66.5,73,36.5,Smallholder,None,kilimanjaro/hai/machamekusini,10.19,kilimanjaro/moshi/kiboshomagharibi,15.48,0.504,0,0
kilimanjaro/mwanga/mgagao,lon37.671.lat-3.863,Mgagao,Mwanga,Kilimanjaro,37.6708243859082,-3.86264463038297,354,Rural Ward,6011,17,50.337,17819,27.943,9892,71.273,25230,52941,149.6,35122,99.2,18019,10515,21794,50.9,29.7,61.6,50328,142.2,32309,91.3,Agropastoral,Primary,kilimanjaro/hai/machamekusini,72.88,manyara/simanjiro/msituwatembo,47.24,0.441,0.395,0
tanga/handeni/mgambo,lon38.629.lat-5.572,Mgambo,Handeni,Tanga,38.6289888395193,-5.57182610194857,510.1,Rural Ward,11317,22.2,8.797,4488,1.693,864,9.931,5066,10418,20.4,5930,11.6,NA,NA,NA,NA,NA,NA,NA,NA,NA,NA,NA,NA,NA,NA,NA,NA,0.673,0,0
tanga/lushoto/mgwashi,lon38.482.lat-4.772,Mgwashi,Lushoto,Tanga,38.4817272856499,-4.77243722898563,65,Rural Ward,12772,196.5,7.905,514,4.776,310,19.664,1278,2102,32.3,1588,24.4,NA,NA,NA,NA,NA,NA,NA,NA,NA,NA,NA,NA,NA,NA,NA,NA,0.676,0,0
tanga/muheza/mhamba,lon38.662.lat-5.367,Mhamba,Muheza,Tanga,38.6616233443056,-5.36703788860505,75.5,Rural Ward,3391,44.9,6.579,497,2.145,162,10.57,798,1457,19.3,960,12.7,NA,NA,NA,NA,NA,NA,NA,NA,NA,NA,NA,NA,NA,NA,NA,NA,0.693,0,0
kilimanjaro/same/mhezi,lon37.875.lat-4.146,Mhezi,Same,Kilimanjaro,37.8753882595701,-4.14632764175376,22.8,Rural Ward,4790,210.1,0,0,0,0,0,0,0,0,0,0,2630,1418,867,115.4,62.2,38,4915,215.6,2285,100.2,Smallholder,None,kilimanjaro/hai/machamekusini,111.68,kilimanjaro/same/makanya,26.68,0.658,0,0
tanga/mkinga/mhinduro,lon38.773.lat-4.958,Mhinduro,Mkinga,Tanga,38.7734007078682,-4.95838892671376,134.2,Rural Ward,6989,52.1,5.519,741,0.09,12,2.454,329,1082,8.1,341,2.5,NA,NA,NA,NA,NA,NA,NA,NA,NA,NA,NA,NA,NA,NA,NA,NA,0.783,0,0
kilimanjaro/moshimunicipal/miembeni,lon37.353.lat-3.356,Miembeni,Moshi Municipal,Kilimanjaro,37.3534061286054,-3.35610189560306,1.9,Urban Ward,15220,8010.5,65.625,125,13.617,26,100.006,190,341,179.5,216,113.7,108,150,265,56.8,78.9,139.5,523,275.3,415,218.4,Urban,None,kilimanjaro/hai/machamekusini,10.94,kilimanjaro/moshi/kiboshomagharibi,17.98,0.544,0,0
tanga/pangani/mikunguni,lon38.850.lat-5.553,Mikunguni,Pangani,Tanga,38.8497014977134,-5.55271890830493,153.3,Rural Ward,4646,30.3,18.11,2776,135.122,20714,27.145,4161,27651,180.4,24875,162.3,NA,NA,NA,NA,NA,NA,NA,NA,NA,NA,NA,NA,NA,NA,NA,NA,0.639,0,0
tanga/lushoto/milingano,lon38.596.lat-4.723,Milingano,Lushoto,Tanga,38.5960849314734,-4.7231251491854,174.2,Rural Ward,12467,71.6,8.108,1412,0.88,153,13.879,2418,3983,22.9,2571,14.8,NA,NA,NA,NA,NA,NA,NA,NA,NA,NA,NA,NA,NA,NA,NA,NA,0.652,0,0
tanga/muheza/misalai,lon38.632.lat-5.027,Misalai,Muheza,Tanga,38.6320512934776,-5.0273245357125,46.5,Rural Ward,6942,149.3,0.181,8,0,0,0,0,8,0.2,0,0,NA,NA,NA,NA,NA,NA,NA,NA,NA,NA,NA,NA,NA,NA,NA,NA,0.774,0,0
tanga/handeni/misima,lon38.047.lat-5.185,Misima,Handeni,Tanga,38.0466234654269,-5.18491098730672,878.8,Rural Ward,13366,15.2,7.834,6885,3.098,2722,12.234,10751,20358,23.2,13473,15.3,NA,NA,NA,NA,NA,NA,NA,NA,NA,NA,NA,NA,NA,NA,NA,NA,0.526,0,0
tanga/muheza/misozwe,lon38.768.lat-5.039,Misozwe,Muheza,Tanga,38.7680591207474,-5.03874829616833,82.7,Rural Ward,6606,79.9,2.743,227,0.053,4,3.882,321,552,6.7,325,3.9,NA,NA,NA,NA,NA,NA,NA,NA,NA,NA,NA,NA,NA,NA,NA,NA,0.747,0,0
kilimanjaro/moshimunicipal/mjimpya,lon37.360.lat-3.351,Mji Mpya,Moshi Municipal,Kilimanjaro,37.3604469228335,-3.35134784847841,1.4,Urban Ward,15293,10923.6,50.687,71,5.53,8,28.494,40,119,85,48,34.3,36,12,143,25.7,8.6,102.1,191,136.4,155,110.7,Urban,None,kilimanjaro/hai/machamekusini,11.73,kilimanjaro/moshi/kiboshomagharibi,17.9,0.454,0,0
tanga/pangani/mkalamo,lon38.702.lat-5.749,Mkalamo,Pangani,Tanga,38.7019644239136,-5.74915761604803,249.5,Rural Ward,8836,35.4,8.126,2027,1.439,359,13.758,3433,5819,23.3,3792,15.2,NA,NA,NA,NA,NA,NA,NA,NA,NA,NA,NA,NA,NA,NA,NA,NA,0.633,0,0
tanga/korogwe/mkalamo,lon38.057.lat-4.957,Mkalamo,Korogwe,Tanga,38.0571945761204,-4.95690131200206,715.5,Rural Ward,5565,7.8,14.672,10498,1.747,1250,13.981,10003,21751,30.4,11253,15.7,NA,NA,NA,NA,NA,NA,NA,NA,NA,NA,NA,NA,NA,NA,NA,NA,0.519,0.004,0
tanga/handeni/mkata,lon38.381.lat-5.777,Mkata,Handeni,Tanga,38.3810100426528,-5.77659751337764,719.9,Rural Ward,31879,44.3,4.684,3372,0.372,268,11.546,8312,11952,16.6,8580,11.9,NA,NA,NA,NA,NA,NA,NA,NA,NA,NA,NA,NA,NA,NA,NA,NA,0.652,0,0
tanga/kilindi/mkindi,lon37.859.lat-5.270,Mkindi,Kilindi,Tanga,37.8589526677786,-5.26980799086871,513.4,Rural Ward,10774,21,6.802,3492,2.001,1028,14.501,7445,11965,23.3,8473,16.5,NA,NA,NA,NA,NA,NA,NA,NA,NA,NA,NA,NA,NA,NA,NA,NA,0.535,0,0
tanga/mkinga/mkinga,lon39.084.lat-4.849,Mkinga,Mkinga,Tanga,39.0841105486839,-4.84895978358785,25.7,Rural Ward,4839,188.3,7.906,203,3.83,98,11.008,283,584,22.7,381,14.8,NA,NA,NA,NA,NA,NA,NA,NA,NA,NA,NA,NA,NA,NA,NA,NA,0.651,0,0
tanga/korogwe/mkomazi,lon38.063.lat-4.686,Mkomazi,Korogwe,Tanga,38.0633028590297,-4.68567610576679,289.2,Rural Ward,8069,27.9,14.268,4126,5.769,1668,18.573,5371,11165,38.6,7039,24.3,NA,NA,NA,NA,NA,NA,NA,NA,NA,NA,NA,NA,NA,NA,NA,NA,0.386,0.637,1
tanga/muheza/mkuzi,lon38.819.lat-5.264,Mkuzi,Muheza,Tanga,38.8191872762678,-5.26427478173868,39.4,Rural Ward,7948,201.7,16.839,663,0.969,38,11.443,451,1152,29.2,489,12.4,NA,NA,NA,NA,NA,NA,NA,NA,NA,NA,NA,NA,NA,NA,NA,NA,0.682,0,0
tanga/pangani/mkwaja,lon38.787.lat-5.816,Mkwaja,Pangani,Tanga,38.7865889198205,-5.81645037312591,407.4,Rural Ward,4217,10.4,9.003,3668,1.943,792,13.229,5390,9850,24.2,6182,15.2,NA,NA,NA,NA,NA,NA,NA,NA,NA,NA,NA,NA,NA,NA,NA,NA,0.58,0.011,0
tanga/lushoto/mlalo,lon38.351.lat-4.550,Mlalo,Lushoto,Tanga,38.3514621184039,-4.55009163878621,22.3,Mixed Ward,8143,365.2,15.735,351,4.085,91,13.871,309,751,33.7,400,17.9,NA,NA,NA,NA,NA,NA,NA,NA,NA,NA,NA,NA,NA,NA,NA,NA,0.672,0,0
arusha/arusha/mlangarini,lon36.771.lat-3.443,Mlangarini,Arusha,Arusha,36.7710764393337,-3.44277159449789,75.6,Rural Ward,12983,171.7,16.744,1266,4.517,341,46.948,3549,5156,68.2,3890,51.5,1718,855,3437,22.7,11.3,45.5,6010,79.5,4292,56.8,Agropastoral,None,arusha/arusha/bwawani,13.8,arusha/arushaurban/sokonii,10.7,0.469,0.133,0
tanga/handenitownshipauthority/mlimani,lon38.078.lat-5.440,Mlimani,Handeni Township Authority,Tanga,38.0784987901828,-5.44046134696303,49.6,Urban Ward,5252,105.9,6.807,338,0,0,16.54,820,1158,23.3,820,16.5,NA,NA,NA,NA,NA,NA,NA,NA,NA,NA,NA,NA,NA,NA,NA,NA,0.572,0,0
tanga/muheza/mlingano,lon38.881.lat-5.106,Mlingano,Muheza,Tanga,38.8805042342021,-5.10590872584239,57.7,Rural Ward,5326,92.3,18.901,1091,0.618,36,15.089,871,1998,34.6,907,15.7,NA,NA,NA,NA,NA,NA,NA,NA,NA,NA,NA,NA,NA,NA,NA,NA,0.636,0,0
tanga/lushoto/mlola,lon38.428.lat-4.629,Mlola,Lushoto,Tanga,38.427542895764,-4.62891621247649,32.9,Rural Ward,9724,295.6,19.136,630,1.963,65,12.149,400,1095,33.3,465,14.1,NA,NA,NA,NA,NA,NA,NA,NA,NA,NA,NA,NA,NA,NA,NA,NA,0.561,0,0
tanga/lushoto/mnazi,lon38.288.lat-4.363,Mnazi,Lushoto,Tanga,38.2878433713686,-4.36250584899502,342.3,Rural Ward,11221,32.8,16.132,5522,7.538,2580,23.83,8157,16259,47.5,10737,31.4,NA,NA,NA,NA,NA,NA,NA,NA,NA,NA,NA,NA,NA,NA,NA,NA,0.422,0.279,0
tanga/lushoto/mngaro,lon38.539.lat-4.574,Mng'aro,Lushoto,Tanga,38.5393914377461,-4.57447407405524,350.1,Rural Ward,7148,20.4,17.708,6200,7.572,2651,27.116,9493,18344,52.4,12144,34.7,NA,NA,NA,NA,NA,NA,NA,NA,NA,NA,NA,NA,NA,NA,NA,NA,0.523,0.012,0
tanga/mkinga/mnyenzani,lon38.874.lat-4.982,Mnyenzani,Mkinga,Tanga,38.874289963822,-4.9816830803055,114.4,Rural Ward,3604,31.5,7.542,863,0.441,50,12.124,1387,2300,20.1,1437,12.6,NA,NA,NA,NA,NA,NA,NA,NA,NA,NA,NA,NA,NA,NA,NA,NA,0.681,0,0
tanga/korogwe/mnyuzi,lon38.596.lat-5.274,Mnyuzi,Korogwe,Tanga,38.5963940332289,-5.27379975974037,103.1,Mixed Ward,19174,186,10.408,1073,4.025,415,7.064,728,2216,21.5,1143,11.1,NA,NA,NA,NA,NA,NA,NA,NA,NA,NA,NA,NA,NA,NA,NA,NA,0.656,0,0
tanga/mkinga/moa,lon39.150.lat-4.789,Moa,Mkinga,Tanga,39.1496082920988,-4.7887943585498,26.1,Rural Ward,4339,166.2,4.815,126,4.645,121,8.426,220,467,17.9,341,13.1,NA,NA,NA,NA,NA,NA,NA,NA,NA,NA,NA,NA,NA,NA,NA,NA,0.624,0,0
manyara/hanang/mogitu,lon35.329.lat-4.513,Mogitu,Hanang,Manyara,35.3287011188317,-4.5125494585076,266.8,Rural Ward,21547,80.8,9.522,2541,1.921,513,10.711,2858,5912,22.2,3371,12.6,8459,4097,8894,31.7,15.4,33.3,21450,80.4,12991,48.7,Agropastoral,None,arusha/monduli/meserani,155.74,manyara/hanang/katesh,6.05,0.464,0.01,0
arusha/monduli/moita,lon36.567.lat-3.551,Moita,Monduli,Arusha,36.5671823387353,-3.55112235278625,258.5,Rural Ward,11340,43.9,12.911,3338,6.037,1561,16.27,4206,9105,35.2,5767,22.3,10190,5393,8393,39.4,20.9,32.5,23976,92.8,13786,53.3,Agropastoral,None,arusha/monduli/meserani,21.42,arusha/arusha/oljoro,10.54,0.366,0.92,1
arusha/arusha/moivo,lon36.691.lat-3.349,Moivo,Arusha,Arusha,36.6913000798955,-3.34949109937703,4.7,Mixed Ward,27151,5776.8,20.608,97,5.366,25,15.274,72,194,41.3,97,20.6,2355,276,4261,501.1,58.7,906.6,6892,1466.4,4537,965.3,Urban,None,arusha/arusha/bwawani,26.58,arusha/arusha/olmotonyi,6.46,0.632,0,0
tanga/korogwe/mombo,lon38.260.lat-4.900,Mombo,Korogwe,Tanga,38.259675892075,-4.90011924419295,74.8,Mixed Ward,17093,228.5,21.693,1623,4.555,341,22.868,1711,3675,49.1,2052,27.4,NA,NA,NA,NA,NA,NA,NA,NA,NA,NA,NA,NA,NA,NA,NA,NA,0.526,0,0
arusha/monduli/mondulijuu,lon36.430.lat-3.142,Monduli juu,Monduli,Arusha,36.4304583710471,-3.14150518457775,972.9,Rural Ward,15914,16.4,16.688,16236,9.571,9312,21.523,20940,46488,47.8,30252,31.1,11042,6601,16601,11.3,6.8,17.1,34244,35.2,23202,23.8,Pastoral,Primary,arusha/monduli/meserani,49.13,arusha/arusha/olmotonyi,30.82,0.379,0.665,1
arusha/monduli/mondulimjini,lon36.445.lat-3.299,Monduli Mjini,Monduli,Arusha,36.4446281985511,-3.29881605835505,2.5,Urban Ward,7796,3118.4,17.742,44,1.599,4,28.233,71,119,47.6,75,30,168,359,591,67.2,143.6,236.4,1118,447.2,950,380,Smallholder,None,arusha/monduli/meserani,32.18,arusha/monduli/mondulijuu,17.56,0.541,0,0
arusha/arushaurban/moshono,lon36.735.lat-3.412,Moshono,Arusha Urban,Arusha,36.7351126021125,-3.41243189995648,24.6,Urban Ward,20698,841.4,34.532,849,9.219,227,20.532,505,1581,64.3,732,29.8,6063,1234,6837,246.5,50.2,277.9,14134,574.6,8071,328.1,Smallholder,None,arusha/arusha/bwawani,18.2,arusha/arushaurban/sokonii,6.2,0.537,0,0
kilimanjaro/rombo/motamburukitendeni,lon37.357.lat-2.973,Motamburu Kitendeni,Rombo,Kilimanjaro,37.3572917091985,-2.97289460705402,477.4,Rural Ward,5603,11.7,65.542,31290,17.14,8183,13.964,6666,46139,96.6,14849,31.1,389,187,668,0.8,0.4,1.4,1244,2.6,855,1.8,Smallholder,None,kilimanjaro/hai/machamekusini,44.04,kilimanjaro/moshi/kiboshomagharibi,28.12,0.491,0.14,0
tanga/korogwe/mpale,lon38.455.lat-4.998,Mpale,Korogwe,Tanga,38.4554872737554,-4.99782786486036,32.2,Rural Ward,9006,279.7,0.741,24,0.044,1,0,0,25,0.8,1,0,NA,NA,NA,NA,NA,NA,NA,NA,NA,NA,NA,NA,NA,NA,NA,NA,0.741,0,0
tanga/muheza/mpapayu,lon38.866.lat-5.216,Mpapayu,Muheza,Tanga,38.8662292629676,-5.21605445984753,50.6,Rural Ward,3225,63.7,16.029,811,0.631,32,12.263,621,1464,28.9,653,12.9,NA,NA,NA,NA,NA,NA,NA,NA,NA,NA,NA,NA,NA,NA,NA,NA,0.673,0,0
kilimanjaro/same/mpinji,lon37.965.lat-4.357,Mpinji,Same,Kilimanjaro,37.9653144734741,-4.35662404564912,37.2,Rural Ward,8453,227.2,143.616,5343,37.745,1404,26.177,974,7721,207.6,2378,63.9,1636,86,149,44,2.3,4,1871,50.3,235,6.3,Smallholder,None,kilimanjaro/hai/machamekusini,136.4,kilimanjaro/same/hedaru,16.97,0.74,0,0
tanga/lushoto/mponde,lon38.417.lat-4.922,Mponde,Lushoto,Tanga,38.4168552372669,-4.92221003449038,46.1,Rural Ward,11232,243.6,2.559,118,4.01,185,15.297,705,1008,21.9,890,19.3,NA,NA,NA,NA,NA,NA,NA,NA,NA,NA,NA,NA,NA,NA,NA,NA,0.732,0,0
kilimanjaro/rombo/mraokeryo,lon37.588.lat-3.165,Mrao Keryo,Rombo,Kilimanjaro,37.5877208955459,-3.16500966280303,19.6,Rural Ward,8199,418.3,88.215,1729,9.386,184,70.023,1372,3285,167.6,1556,79.4,1957,2578,6959,99.8,131.5,355.1,11494,586.4,9537,486.6,Smallholder,None,kilimanjaro/hai/machamekusini,42.59,kilimanjaro/rombo/kitirimakingachi,10.4,0.722,0,0
tanga/tanga/msambweni,lon39.099.lat-5.087,Msambweni,Tanga,Tanga,39.0992715278495,-5.08714593063391,0.8,Urban Ward,9610,12012.5,0,0,0,0,0,0,0,0,0,0,NA,NA,NA,NA,NA,NA,NA,NA,NA,NA,NA,NA,NA,NA,NA,NA,0.349,1,1
kilimanjaro/mwanga/msangeni,lon37.625.lat-3.614,Msangeni,Mwanga,Kilimanjaro,37.6251904109239,-3.61420400510205,40.1,Rural Ward,6925,172.7,124.217,4981,6.601,265,29.079,1166,6412,159.9,1431,35.7,9069,1162,3295,226.2,29,82.2,13526,337.3,4457,111.1,Smallholder,None,kilimanjaro/hai/machamekusini,50.17,kilimanjaro/mwanga/mgagao,28.09,0.682,0,0
tanga/kilindi/msanja,lon37.708.lat-5.460,Msanja,Kilindi,Tanga,37.7084887192392,-5.46032191299679,409.8,Rural Ward,17233,42.1,8.58,3516,2.741,1123,10.356,4244,8883,21.7,5367,13.1,NA,NA,NA,NA,NA,NA,NA,NA,NA,NA,NA,NA,NA,NA,NA,NA,0.617,0,0
kilimanjaro/moshimunicipal/msaranga,lon37.370.lat-3.356,Msaranga,Moshi Municipal,Kilimanjaro,37.3696513912835,-3.35589563126655,6.5,Urban Ward,7699,1184.5,50.687,329,5.53,36,28.494,185,550,84.6,221,34,379,465,884,58.3,71.5,136,1728,265.8,1349,207.5,Smallholder,None,kilimanjaro/hai/machamekusini,12.74,kilimanjaro/moshi/kilemakusini,16.89,0.603,0,0
tanga/handenitownshipauthority/msasa,lon38.059.lat-5.493,Msasa,Handeni Township Authority,Tanga,38.0585019092712,-5.49291089739158,26.5,Urban Ward,4328,163.3,7.73,205,0,0,15.169,402,607,22.9,402,15.2,NA,NA,NA,NA,NA,NA,NA,NA,NA,NA,NA,NA,NA,NA,NA,NA,0.602,0,0
kilimanjaro/same/mshewa,lon37.909.lat-4.151,Mshewa,Same,Kilimanjaro,37.9094544070901,-4.15080627638749,34.5,Rural Ward,6154,178.4,81.317,2805,17.853,616,38.73,1336,4757,137.9,1952,56.6,4942,2457,717,143.2,71.2,20.8,8116,235.2,3174,92,Smallholder,None,kilimanjaro/hai/machamekusini,114.44,kilimanjaro/same/makanya,28.06,0.658,0,0
kilimanjaro/same/msindo,lon37.957.lat-4.202,Msindo,Same,Kilimanjaro,37.9566776406131,-4.20153590453539,59.4,Rural Ward,6495,109.3,124.324,7385,15.622,928,55.578,3301,11614,195.5,4229,71.2,1737,1649,662,29.2,27.8,11.1,4048,68.1,2311,38.9,Smallholder,None,kilimanjaro/hai/machamekusini,122.12,kilimanjaro/same/makanya,27.16,0.656,0,0
manyara/simanjiro/msituwatembo,lon37.300.lat-3.655,Msitu wa Tembo,Simanjiro,Manyara,37.2996081199825,-3.65453373240377,367.1,Rural Ward,12054,32.8,19.212,7053,7.003,2571,18.67,6854,16478,44.9,9425,25.7,9763,2504,8088,26.6,6.8,22,20355,55.4,10592,28.9,Agropastoral,Primary,kilimanjaro/hai/machamekusini,33.62,kilimanjaro/moshi/kilemakusini,39.71,0.377,0.512,1
tanga/korogwe/mswaha,lon38.277.lat-5.104,Mswaha,Korogwe,Tanga,38.2772404817451,-5.10393751062436,313.5,Rural Ward,13594,43.4,24.619,7718,1.074,337,9.32,2922,10977,35,3259,10.4,NA,NA,NA,NA,NA,NA,NA,NA,NA,NA,NA,NA,NA,NA,NA,NA,0.586,0,0
arusha/monduli/mswakini,lon36.066.lat-3.665,Mswakini,Monduli,Arusha,36.0656239251992,-3.66538319483703,319.8,Rural Ward,5776,18.1,16.834,5384,5.33,1705,14.531,4647,11736,36.7,6352,19.9,19494,12998,12998,61,40.6,40.6,45490,142.2,25996,81.3,Agropastoral,None,arusha/monduli/meserani,35.77,manyara/babati/nkaiti,18.67,0.388,0.714,1
tanga/lushoto/mtae,lon38.257.lat-4.482,Mtae,Lushoto,Tanga,38.2565345298435,-4.48246800422721,114.8,Rural Ward,12851,111.9,37.717,4330,3.507,403,35.762,4106,8839,77,4509,39.3,NA,NA,NA,NA,NA,NA,NA,NA,NA,NA,NA,NA,NA,NA,NA,NA,0.629,0.037,0
kilimanjaro/same/mtii,lon38.005.lat-4.302,Mtii,Same,Kilimanjaro,38.0050866645324,-4.30177271935669,20.6,Rural Ward,5488,266.4,63.214,1302,13.622,281,26.089,537,2120,102.9,818,39.7,837,146,185,40.6,7.1,9,1168,56.7,331,16.1,Smallholder,None,kilimanjaro/hai/machamekusini,134.16,kilimanjaro/same/hedaru,24.49,0.703,0,0
tanga/mkinga/mtimbwani,lon39.060.lat-4.942,Mtimbwani,Mkinga,Tanga,39.060373716233,-4.94234496414298,52.6,Rural Ward,3103,59,12.142,639,3.404,179,23.704,1247,2065,39.3,1426,27.1,NA,NA,NA,NA,NA,NA,NA,NA,NA,NA,NA,NA,NA,NA,NA,NA,0.641,0,0
tanga/muheza/mtindiro,lon38.763.lat-5.317,Mtindiro,Muheza,Tanga,38.763347742463,-5.31704056769916,82.2,Rural Ward,10831,131.8,14.658,1205,0.882,72,10.5,863,2140,26,935,11.4,NA,NA,NA,NA,NA,NA,NA,NA,NA,NA,NA,NA,NA,NA,NA,NA,0.678,0,0
arusha/monduli/mtowambu,lon35.859.lat-3.395,Mto wa Mbu,Monduli,Arusha,35.8593227830133,-3.39514410735049,24.8,Mixed Ward,11405,459.9,16.596,412,5.078,126,19.892,493,1031,41.6,619,25,4942,2509,2849,199.3,101.2,114.9,10300,415.3,5358,216,Agropastoral,Primary,arusha/monduli/meserani,60.96,arusha/karatu/karatu,18.63,0.535,0.133,0
tanga/korogwetownshipauthority/mtonga,lon38.429.lat-5.138,Mtonga,Korogwe Township Authority,Tanga,38.4286186811467,-5.13750045874854,14.8,Urban Ward,10369,700.6,15.694,232,14.816,219,20.878,309,760,51.4,528,35.7,NA,NA,NA,NA,NA,NA,NA,NA,NA,NA,NA,NA,NA,NA,NA,NA,0.618,0,0
arusha/longido/mundarara,lon36.433.lat-2.629,Mundarara,Longido,Arusha,36.4329544294724,-2.62942321312154,615.1,Rural Ward,7301,11.9,20.956,12890,23.752,14610,22.318,13728,41228,67,28338,46.1,21542,25042,31175,35,40.7,50.7,77759,126.4,56217,91.4,Pastoral,None,arusha/monduli/meserani,105.89,arusha/longido/engarenaibor,18.62,0.404,0.481,0
manyara/mbulu/murray,lon35.550.lat-4.012,Murray,Mbulu,Manyara,35.5504930648804,-4.011711357168,121.8,Rural Ward,9965,81.8,39.823,4850,2.408,293,29.552,3599,8742,71.8,3892,32,8940,1235,6587,73.4,10.1,54.1,16762,137.6,7822,64.2,Smallholder,None,arusha/monduli/meserani,103.44,manyara/babati/kiru,13.02,0.704,0,0
arusha/arusha/mussa,lon36.527.lat-3.321,Mussa,Arusha,Arusha,36.5267753672007,-3.32106423704017,71.7,Rural Ward,11836,165.1,5.714,410,3.73,267,14.947,1072,1749,24.4,1339,18.7,5140,3060,4131,71.7,42.7,57.6,12331,172,7191,100.3,Smallholder,None,arusha/monduli/meserani,33.29,arusha/arushaurban/olasiti,13.6,0.473,0.159,0
manyara/babatiurban/mutuka,lon35.809.lat-4.160,Mutuka,Babati Urban,Manyara,35.8094139645475,-4.15973198940361,80.2,Rural Ward,4910,61.2,8.179,656,16.601,1331,23.103,1853,3840,47.9,3184,39.7,3027,722,4305,37.7,9,53.7,8054,100.4,5027,62.7,Agropastoral,None,arusha/monduli/meserani,90.06,manyara/babatiurban/nangara,9.7,0.537,0,0
tanga/kilindi/mvungwe,lon37.375.lat-5.540,Mvungwe,Kilindi,Tanga,37.3751281485871,-5.54017187162804,331.6,Rural Ward,20100,60.6,16.575,5496,2.064,685,9.937,3295,9476,28.6,3980,12,NA,NA,NA,NA,NA,NA,NA,NA,NA,NA,NA,NA,NA,NA,NA,NA,0.566,0,0
manyara/babati/mwada,lon35.938.lat-3.910,Mwada,Babati,Manyara,35.9375620123696,-3.90951178163029,731.5,Rural Ward,16139,22.1,3.933,2877,1.865,1364,6.071,4441,8682,11.9,5805,7.9,25391,7493,16642,34.7,10.2,22.8,49526,67.7,24135,33,Agropastoral,None,arusha/monduli/meserani,60.93,manyara/babati/magugu,12.71,0.435,0.118,0
tanga/mkinga/mwakijembe,lon38.889.lat-4.561,Mwakijembe,Mkinga,Tanga,38.8893428761003,-4.56050499191699,762.6,Rural Ward,6515,8.5,25.889,19743,1.355,1033,11.069,8441,29217,38.3,9474,12.4,NA,NA,NA,NA,NA,NA,NA,NA,NA,NA,NA,NA,NA,NA,NA,NA,0.527,0.007,0
arusha/arusha/mwandeti,lon36.565.lat-3.255,Mwandeti,Arusha,Arusha,36.5649333338499,-3.25464534119893,61.6,Rural Ward,17390,282.3,30.244,1863,11.043,680,43.185,2660,5203,84.5,3340,54.2,11559,5907,8129,187.6,95.9,132,25595,415.5,14036,227.9,Smallholder,None,arusha/monduli/meserani,41.8,arusha/arusha/olmotonyi,11.45,0.491,0.105,0
kilimanjaro/mwanga/mwanga,lon37.545.lat-3.645,Mwanga,Mwanga,Kilimanjaro,37.5453238697861,-3.64497981358205,158.2,Urban Ward,15783,99.8,57.647,9120,46.714,7390,92.71,14667,31177,197.1,22057,139.4,12561,8805,15617,79.4,55.7,98.7,36983,233.8,24422,154.4,Agropastoral,None,kilimanjaro/hai/machamekusini,45.56,manyara/simanjiro/msituwatembo,27.29,0.398,0.679,1
tanga/lushoto/mwangoi,lon38.312.lat-4.605,Mwangoi,Lushoto,Tanga,38.3121487745983,-4.60535659711418,20,Rural Ward,9649,482.4,20.958,419,3.194,64,16.082,322,805,40.2,386,19.3,NA,NA,NA,NA,NA,NA,NA,NA,NA,NA,NA,NA,NA,NA,NA,NA,0.546,0,0
kilimanjaro/mwanga/mwaniko,lon37.672.lat-3.585,Mwaniko,Mwanga,Kilimanjaro,37.6718246694534,-3.58522717090387,34.1,Rural Ward,7741,227,14.34,489,24.616,839,35.806,1221,2549,74.8,2060,60.4,2598,2343,3390,76.2,68.7,99.4,8331,244.3,5733,168.1,Smallholder,None,kilimanjaro/hai/machamekusini,52.86,kilimanjaro/moshi/kilemakusini,28.87,0.696,0,0
tanga/tanga/mwanzange,lon39.076.lat-5.092,Mwanzange,Tanga,Tanga,39.0764527827732,-5.09194846611393,7.7,Urban Ward,7521,976.8,5.408,42,0.538,4,8.073,62,108,14,66,8.6,NA,NA,NA,NA,NA,NA,NA,NA,NA,NA,NA,NA,NA,NA,NA,NA,0.506,0,0
kilimanjaro/same/mwembe,lon37.766.lat-4.207,Mwembe,Same,Kilimanjaro,37.7662672809731,-4.20664417474961,334.4,Mixed Ward,11913,35.6,46.432,15527,31.157,10419,66.343,22185,48131,143.9,32604,97.5,18789,9950,13900,56.2,29.8,41.6,42639,127.5,23850,71.3,Agropastoral,None,kilimanjaro/hai/machamekusini,110.35,kilimanjaro/same/makanya,17.48,0.384,0.505,1
tanga/pangani/mwera,lon38.960.lat-5.506,Mwera,Pangani,Tanga,38.9595305865054,-5.50619810962261,41.3,Rural Ward,4601,111.4,13.199,545,7.79,322,15.392,636,1503,36.4,958,23.2,NA,NA,NA,NA,NA,NA,NA,NA,NA,NA,NA,NA,NA,NA,NA,NA,0.597,0,0
kilimanjaro/moshi/mwikakusini,lon37.578.lat-3.330,Mwika Kusini,Moshi,Kilimanjaro,37.578042618871,-3.33027315339227,55.8,Rural Ward,19645,352.1,66.522,3712,29.404,1641,84.086,4692,10045,180,6333,113.5,4509,1587,6017,80.8,28.4,107.8,12113,217.1,7604,136.3,Smallholder,None,kilimanjaro/hai/machamekusini,35.99,kilimanjaro/moshi/kilemakusini,7.99,0.584,0,0
kilimanjaro/moshi/mwikakaskazini,lon37.573.lat-3.265,MwikaKaskazini,Moshi,Kilimanjaro,37.5732602555084,-3.26475182453531,18.1,Rural Ward,21177,1170,69.987,1267,21.479,389,28.291,512,2168,119.8,901,49.8,4728,1300,4988,261.2,71.8,275.6,11016,608.6,6288,347.4,Smallholder,None,kilimanjaro/hai/machamekusini,36.76,kilimanjaro/moshi/kilemakusini,13.46,0.756,0,0
kilimanjaro/same/myamba,lon38.013.lat-4.400,Myamba,Same,Kilimanjaro,38.0130755426547,-4.40031461795095,54,Rural Ward,13168,243.9,25.435,1373,22.905,1237,41.878,2261,4871,90.2,3498,64.8,1608,600,721,29.8,11.1,13.4,2929,54.2,1321,24.5,Smallholder,None,kilimanjaro/hai/machamekusini,143.43,kilimanjaro/same/hedaru,17.32,0.628,0,0
tanga/tanga/mzingani,lon39.120.lat-5.095,Mzingani,Tanga,Tanga,39.1200200928681,-5.0949964784638,8.2,Urban Ward,29041,3541.6,0,0,0,0,0,0,0,0,0,0,NA,NA,NA,NA,NA,NA,NA,NA,NA,NA,NA,NA,NA,NA,NA,NA,0.502,0,0
tanga/tanga/mzizima,lon39.014.lat-5.034,Mzizima,Tanga,Tanga,39.0139962541503,-5.03433644750019,56.2,Mixed Ward,11570,205.9,26.626,1496,4.423,249,19.132,1075,2820,50.2,1324,23.6,NA,NA,NA,NA,NA,NA,NA,NA,NA,NA,NA,NA,NA,NA,NA,NA,0.642,0,0
manyara/simanjiro/naberera,lon36.991.lat-4.176,Naberera,Simanjiro,Manyara,36.9907219605557,-4.17649947237943,2845.4,Mixed Ward,19814,7,22.239,63278,8.587,24434,19.508,55509,143221,50.3,79943,28.1,80563,33823,63339,28.3,11.9,22.3,177725,62.5,97162,34.1,Pastoral,Primary,arusha/arusha/bwawani,71.41,manyara/simanjiro/orkesmet,38.56,0.405,0.564,1
manyara/mbulu/nahasey,lon35.642.lat-3.891,Nahasey,Mbulu,Manyara,35.6422596344527,-3.89132763270806,106.3,Rural Ward,9844,92.6,13.556,1441,4.268,454,11.415,1213,3108,29.2,1667,15.7,4650,1612,3376,43.7,15.2,31.8,9638,90.7,4988,46.9,Smallholder,None,arusha/monduli/meserani,88.51,manyara/mbulu/endagikot,14.05,0.625,0,0
arusha/ngorongoro/nainokanoka,lon35.770.lat-3.091,Nainokanoka,Ngorongoro,Arusha,35.7700447159082,-3.09065973262603,1034.9,Rural Ward,12971,12.5,7.157,7406,16.926,17517,13.538,14010,38933,37.6,31527,30.5,55632,45141,30942,53.8,43.6,29.9,131715,127.3,76083,73.5,Agropastoral,None,arusha/monduli/meserani,86.55,arusha/karatu/mbulumbulu,17.35,0.718,0,0
manyara/simanjiro/naisinyai,lon37.144.lat-3.648,Naisinyai,Simanjiro,Manyara,37.1443250886139,-3.64772148365055,909.8,Rural Ward,11144,12.2,19.448,17693,6.548,5957,19.602,17834,41484,45.6,23791,26.1,29915,10367,22292,32.9,11.4,24.5,62574,68.8,32659,35.9,Agropastoral,None,kilimanjaro/hai/machamekusini,34.73,manyara/simanjiro/msituwatembo,17.25,0.362,0.776,1
arusha/ngorongoro/naiyobi,lon35.861.lat-2.889,Naiyobi,Ngorongoro,Arusha,35.8605499545067,-2.88857791482358,194.3,Rural Ward,9133,47,8.264,1606,27.02,5250,7.59,1475,8331,42.9,6725,34.6,27722,17769,21683,142.7,91.5,111.6,67174,345.7,39452,203,Agropastoral,None,arusha/monduli/meserani,95.87,arusha/monduli/engaruka,21.39,0.63,0.018,0
arusha/longido/namanga,lon36.784.lat-2.552,Namanga,Longido,Arusha,36.7844568294495,-2.55215746790672,4.3,Mixed Ward,9189,2137,15.347,66,61.775,266,19.781,85,417,97,351,81.6,236,618,157,54.9,143.7,36.5,1011,235.1,775,180.2,Pastoral,None,kilimanjaro/hai/machamekusini,103.48,arusha/longido/engarenaibor,27.06,0.365,0.8,1
manyara/mbulu/nambisi,lon35.555.lat-3.941,Nambisi,Mbulu,Manyara,35.5551271608598,-3.94130547909072,58,Rural Ward,8874,153,9.394,545,2.332,135,21.662,1256,1936,33.4,1391,24,2754,771,3449,47.5,13.3,59.5,6974,120.2,4220,72.8,Smallholder,None,arusha/monduli/meserani,99.58,manyara/mbulu/endagikot,8,0.686,0,0
manyara/kiteto/namelock,lon36.706.lat-5.468,Namelock,Kiteto,Manyara,36.7063551158012,-5.46823579894496,650.6,Rural Ward,14743,22.7,23.99,15608,6.633,4316,16.176,10524,30448,46.8,14840,22.8,17889,5541,30434,27.5,8.5,46.8,53864,82.8,35975,55.3,Agropastoral,Primary,arusha/arusha/bwawani,211.96,manyara/kiteto/partimbo,16.41,0.494,0.001,0
manyara/babatiurban/nangara,lon35.803.lat-4.247,Nangara,Babati Urban,Manyara,35.8033327980105,-4.24674186120722,41.3,Mixed Ward,7468,180.8,16.649,688,5.901,244,22.455,927,1859,45,1171,28.4,2093,873,2809,50.7,21.1,68,5775,139.8,3682,89.2,Agropastoral,Primary,arusha/monduli/meserani,97.66,manyara/babati/riroda,17.68,0.688,0,0
manyara/hanang/nangwa,lon35.459.lat-4.525,Nangwa,Hanang,Manyara,35.4590256503132,-4.52543988513222,103.7,Mixed Ward,13165,127,11.543,1197,3.786,393,20.824,2159,3749,36.2,2552,24.6,2539,1726,3307,24.5,16.6,31.9,7572,73,5033,48.5,Agropastoral,None,arusha/monduli/meserani,146.3,manyara/hanang/katesh,8.83,0.483,0,0
kilimanjaro/rombo/nanjarareha,lon37.491.lat-3.070,Nanjara Reha,Rombo,Kilimanjaro,37.4913358203285,-3.07012378667741,132.7,Rural Ward,26715,201.3,0,0,0,0,0,0,0,0,0,0,6489,7372,12300,48.9,55.6,92.7,26161,197.1,19672,148.2,Smallholder,None,kilimanjaro/hai/machamekusini,41.19,kilimanjaro/rombo/kitirimakingachi,13.24,0.459,0.238,0
manyara/babati/nar,lon35.388.lat-4.189,Nar,Babati,Manyara,35.3881054587286,-4.18908566343245,66,Rural Ward,11186,169.5,12.335,814,6.408,423,21.99,1451,2688,40.7,1874,28.4,3418,1544,3769,51.8,23.4,57.1,8731,132.3,5313,80.5,Agropastoral,None,arusha/monduli/meserani,128.87,manyara/babati/bashneti,6.82,0.473,0.013,0
kilimanjaro/siha/nasai,lon37.085.lat-3.186,Nasai,Siha,Kilimanjaro,37.0847788078653,-3.18630540393166,10.8,Rural Ward,8032,743.7,118.39,1279,7.547,82,97.129,1049,2410,223.1,1131,104.7,1727,765,1685,159.9,70.8,156,4177,386.8,2450,226.9,Smallholder,None,kilimanjaro/hai/machamekusini,26.65,kilimanjaro/siha/biriri,5.38,0.636,0,0
manyara/kiteto/ndedo,lon36.759.lat-4.989,Ndedo,Kiteto,Manyara,36.7592092406085,-4.98877137936218,2481.9,Rural Ward,5103,2.1,24.222,60117,7.059,17520,15.413,38253,115890,46.7,55773,22.5,27561,3774,6850,11.1,1.5,2.8,38185,15.4,10624,4.3,Agropastoral,None,arusha/arusha/bwawani,158.46,manyara/kiteto/partimbo,39.74,0.495,0.045,0
tanga/handeni/ndolwa,lon38.347.lat-5.535,Ndolwa,Handeni,Tanga,38.3471048606813,-5.53534441938577,294.3,Rural Ward,23317,79.2,4.48,1319,0.333,98,4.181,1231,2648,9,1329,4.5,NA,NA,NA,NA,NA,NA,NA,NA,NA,NA,NA,NA,NA,NA,NA,NA,0.646,0,0
kilimanjaro/siha/ndumeti,lon37.103.lat-2.974,Ndumeti,Siha,Kilimanjaro,37.1033464331894,-2.97380008283197,559.2,Rural Ward,11344,20.3,47.892,26781,81.769,45725,46.402,25948,98454,176.1,71673,128.2,1528,765,1028,2.7,1.4,1.8,3321,5.9,1793,3.2,Pastoral,None,kilimanjaro/hai/machamekusini,45.66,arusha/longido/tingatinga,26.41,0.552,0.262,0
kilimanjaro/same/ndungu,lon38.057.lat-4.377,Ndungu,Same,Kilimanjaro,38.0570798380489,-4.376847147561,38,Mixed Ward,13636,358.8,19.291,733,13.382,509,30.238,1149,2391,62.9,1658,43.6,8053,2732,4300,211.9,71.9,113.2,15085,397,7032,185.1,Smallholder,None,kilimanjaro/hai/machamekusini,144.29,kilimanjaro/same/hedaru,22.83,0.466,0.286,0
arusha/arusha/nduruma,lon36.812.lat-3.491,Nduruma,Arusha,Arusha,36.8123194416837,-3.49117222766942,62.8,Rural Ward,12042,191.8,14.816,930,0.652,41,31.536,1980,2951,47,2021,32.2,6586,3483,8799,104.9,55.5,140.1,18868,300.4,12282,195.6,Agropastoral,None,arusha/arusha/bwawani,8.31,arusha/meru/mbuguni,12.16,0.416,0.378,0
tanga/kilindi/negero,lon37.802.lat-5.796,Negero,Kilindi,Tanga,37.802058832117,-5.79605112651255,397.1,Rural Ward,10000,25.2,8.758,3478,2.682,1065,8,3177,7720,19.4,4242,10.7,NA,NA,NA,NA,NA,NA,NA,NA,NA,NA,NA,NA,NA,NA,NA,NA,0.653,0,0
kilimanjaro/moshimunicipal/ngambo,lon37.382.lat-3.350,Ng'ambo,Moshi Municipal,Kilimanjaro,37.382446098478,-3.34950367165721,3.8,Urban Ward,7890,2076.3,50.687,193,5.53,21,28.494,108,322,84.7,129,33.9,351,33,403,92.4,8.7,106.1,787,207.1,436,114.7,Smallholder,None,kilimanjaro/hai/machamekusini,14.18,kilimanjaro/moshi/kilemakusini,15.59,0.518,0,0
tanga/tanga/ngamianikaskazini,lon39.102.lat-5.073,Ngamiani Kaskazini,Tanga,Tanga,39.1016005441319,-5.07347298285288,0.4,Urban Ward,3910,9775,0,0,0,0,0,0,0,0,0,0,NA,NA,NA,NA,NA,NA,NA,NA,NA,NA,NA,NA,NA,NA,NA,NA,0.356,0.75,1
tanga/tanga/ngamianikati,lon39.101.lat-5.077,Ngamiani Kati,Tanga,Tanga,39.101171010425,-5.07728110593972,0.3,Urban Ward,4755,15850,0,0,0,0,0,0,0,0,0,0,NA,NA,NA,NA,NA,NA,NA,NA,NA,NA,NA,NA,NA,NA,NA,NA,0.3,1,1
tanga/tanga/ngamianikusini,lon39.101.lat-5.081,Ngamiani Kusini,Tanga,Tanga,39.1009200871876,-5.08112756400861,0.4,Urban Ward,7638,19095,0,0,0,0,0,0,0,0,0,0,NA,NA,NA,NA,NA,NA,NA,NA,NA,NA,NA,NA,NA,NA,NA,NA,0.294,1,1
kilimanjaro/siha/ngarenairobi,lon37.083.lat-3.063,Ngarenairobi,Siha,Kilimanjaro,37.0828780431787,-3.06307084881079,172.5,Mixed Ward,9431,54.7,2.369,409,7.958,1373,53.836,9287,11069,64.2,10660,61.8,1211,599,1032,7,3.5,6,2842,16.5,1631,9.5,Smallholder,None,kilimanjaro/hai/machamekusini,37.71,kilimanjaro/siha/biriri,17.21,0.559,0.249,0
arusha/meru/ngarenanyuki,lon36.835.lat-3.173,Ngarenanyuki,Meru,Arusha,36.8353581793053,-3.17310925832838,270.6,Rural Ward,20379,75.3,12.213,3305,3.084,835,8.194,2217,6357,23.5,3052,11.3,39455,27269,37785,145.8,100.8,139.6,104509,386.2,65054,240.4,Agropastoral,Primary,arusha/arusha/bwawani,43.7,arusha/arusha/oldonyosambu,11.91,0.505,0.339,0
arusha/arushaurban/ngarenaro,lon36.675.lat-3.366,Ngarenaro,Arusha Urban,Arusha,36.6746681827952,-3.36629053851481,1,Urban Ward,12382,12382,0,0,0,0,0,0,0,0,0,0,212,134,231,212,134,231,577,577,365,365,Urban,None,arusha/arusha/bwawani,25.84,arusha/arushaurban/sokonii,5.28,0.401,0.5,0
tanga/korogwetownshipauthority/ngombezi,lon38.409.lat-5.178,Ngombezi,Korogwe Township Authority,Tanga,38.4086841654206,-5.17757332006302,34.2,Mixed Ward,5346,156.3,31.301,1071,10.585,362,10.307,352,1785,52.2,714,20.9,NA,NA,NA,NA,NA,NA,NA,NA,NA,NA,NA,NA,NA,NA,NA,NA,0.613,0,0
tanga/muheza/ngomeni,lon38.913.lat-5.192,Ngomeni,Muheza,Tanga,38.9134699929982,-5.1921711112109,105.1,Rural Ward,9190,87.4,21.136,2221,2.364,248,14.934,1570,4039,38.4,1818,17.3,NA,NA,NA,NA,NA,NA,NA,NA,NA,NA,NA,NA,NA,NA,NA,NA,0.633,0,0
manyara/simanjiro/ngorika,lon37.367.lat-3.904,Ngorika,Simanjiro,Manyara,37.3665263068686,-3.90379286445673,722.3,Rural Ward,7417,10.3,18.163,13119,6.084,4394,17.956,12970,30483,42.2,17364,24,8486,6271,14016,11.7,8.7,19.4,28773,39.8,20287,28.1,Pastoral,None,kilimanjaro/hai/machamekusini,62.21,manyara/simanjiro/msituwatembo,28.69,0.321,0.919,1
arusha/ngorongoro/ngorongoro,lon35.470.lat-3.211,Ngorongoro,Ngorongoro,Arusha,35.4701740142848,-3.21079250543631,1076.5,Mixed Ward,12586,11.7,7.156,7703,9.563,10294,9.643,10381,28378,26.4,20675,19.2,17788,18266,25252,16.5,17,23.5,61306,56.9,43518,40.4,Agropastoral,None,arusha/monduli/meserani,108.65,arusha/karatu/daa,22.12,0.567,0.104,0
kilimanjaro/rombo/ngoyoni,lon37.668.lat-3.274,Ngoyoni,Rombo,Kilimanjaro,37.6684528991499,-3.27443673996939,33.4,Rural Ward,4038,120.9,46.175,1542,42.912,1433,86.047,2874,5849,175.1,4307,129,4822,3245,5736,144.4,97.2,171.7,13803,413.3,8981,268.9,Smallholder,None,kilimanjaro/hai/machamekusini,46.79,kilimanjaro/moshi/kilemakusini,19.77,0.475,0.024,0
kilimanjaro/mwanga/ngujini,lon37.629.lat-3.733,Ngujini,Mwanga,Kilimanjaro,37.6288634690737,-3.73292765341121,21.5,Rural Ward,3314,154.1,142.175,3057,16.027,345,32.028,689,4091,190.3,1034,48.1,6972,1364,2385,324.3,63.4,110.9,10721,498.7,3749,174.4,Smallholder,None,kilimanjaro/hai/machamekusini,59.03,kilimanjaro/mwanga/mgagao,15.16,0.697,0,0
tanga/lushoto/ngulwi,lon38.287.lat-4.834,Ngulwi,Lushoto,Tanga,38.2865243711936,-4.83375281022165,16.6,Rural Ward,6152,370.6,0,0,0.354,6,15.268,253,259,15.6,259,15.6,NA,NA,NA,NA,NA,NA,NA,NA,NA,NA,NA,NA,NA,NA,NA,NA,0.659,0,0
tanga/tanga/nguvumali,lon39.069.lat-5.078,Nguvumali,Tanga,Tanga,39.069372136755,-5.07782531708067,5.8,Urban Ward,15133,2609.1,0,0,0,0,0,0,0,0,0,0,NA,NA,NA,NA,NA,NA,NA,NA,NA,NA,NA,NA,NA,NA,NA,NA,0.595,0,0
tanga/lushoto/ngwelo,lon38.402.lat-4.589,Ngwelo,Lushoto,Tanga,38.4018671386029,-4.58933167378767,19,Rural Ward,4647,244.6,22.385,425,4.277,81,17.226,327,833,43.8,408,21.5,NA,NA,NA,NA,NA,NA,NA,NA,NA,NA,NA,NA,NA,NA,NA,NA,0.632,0,0
kilimanjaro/moshimunicipal/njoro,lon37.346.lat-3.359,Njoro,Moshi Municipal,Kilimanjaro,37.3456468202668,-3.35881004941492,2,Urban Ward,14296,7148,65.625,131,13.617,27,100.006,200,358,179,227,113.5,1278,289,1115,639,144.5,557.5,2682,1341,1404,702,Smallholder,None,kilimanjaro/hai/machamekusini,10.09,kilimanjaro/moshi/kiboshomagharibi,17.87,0.417,0,0
kilimanjaro/same/njoro,lon37.664.lat-3.972,Njoro,Same,Kilimanjaro,37.6642216891311,-3.97207329629209,80.5,Rural Ward,15410,191.4,47.949,3860,30.132,2426,69.281,5577,11863,147.4,8003,99.4,2519,1578,3823,31.3,19.6,47.5,7920,98.4,5401,67.1,Agropastoral,None,kilimanjaro/hai/machamekusini,82.24,kilimanjaro/mwanga/mgagao,12.19,0.385,0.769,1
manyara/kiteto/njoro,lon36.563.lat-5.209,Njoro,Kiteto,Manyara,36.5631140232967,-5.20905380668528,552.2,Rural Ward,5368,9.7,27.601,15242,6.726,3714,19.183,10593,29549,53.5,14307,25.9,19235,5001,14524,34.8,9.1,26.3,38760,70.2,19525,35.4,Agropastoral,None,arusha/monduli/meserani,182.32,manyara/kiteto/partimbo,16.8,0.472,0.107,0
manyara/babati/nkaiti,lon35.929.lat-3.764,Nkaiti,Babati,Manyara,35.9291398007669,-3.76356002130703,566.8,Rural Ward,14150,25,4.612,2614,2.351,1333,6.29,3565,7512,13.3,4898,8.6,38862,14871,22021,68.6,26.2,38.9,75754,133.7,36892,65.1,Agropastoral,Primary,arusha/monduli/meserani,53.66,manyara/babati/magara,23.47,0.384,0.393,0
arusha/meru/nkoanrua,lon36.761.lat-3.354,Nkoanrua,Meru,Arusha,36.7609038698207,-3.35351888241344,10.8,Rural Ward,18520,1714.8,22.856,247,6.897,74,12.807,138,459,42.5,212,19.6,11897,2613,511,1101.6,241.9,47.3,15021,1390.8,3124,289.3,Smallholder,None,arusha/arusha/bwawani,23.76,arusha/arushaurban/sokonii,11.25,0.707,0,0
arusha/meru/nkoaranga,lon36.844.lat-3.331,Nkoaranga,Meru,Arusha,36.8444783341504,-3.33148584766694,29.4,Mixed Ward,13929,473.8,13.591,400,2.037,60,5.426,160,620,21.1,220,7.5,6776,3587,1914,230.5,122,65.1,12277,417.6,5501,187.1,Smallholder,None,arusha/arusha/bwawani,26.42,arusha/meru/kikatiti,13.08,0.737,0,0
arusha/meru/nkoarisambu,lon36.777.lat-3.333,Nkoarisambu,Meru,Arusha,36.7773165447018,-3.33324358118104,8.5,Rural Ward,7359,865.8,9.969,85,4.806,41,3.76,32,158,18.6,73,8.6,6732,921,404,792,108.4,47.5,8057,947.9,1325,155.9,Urban,None,arusha/arusha/bwawani,25.77,arusha/arusha/olmotonyi,13.89,0.725,0,0
tanga/lushoto/nkongoi,lon38.529.lat-4.752,Nkongoi,Lushoto,Tanga,38.5292077087762,-4.75207273157141,78.4,Rural Ward,9208,117.4,1.416,111,2.236,175,9.383,736,1022,13,911,11.6,NA,NA,NA,NA,NA,NA,NA,NA,NA,NA,NA,NA,NA,NA,NA,NA,0.632,0,0
tanga/muheza/nkumba,lon38.726.lat-5.161,Nkumba,Muheza,Tanga,38.725773683197,-5.16051027529612,29,Rural Ward,6473,223.2,8.572,249,0.142,4,7.062,205,458,15.8,209,7.2,NA,NA,NA,NA,NA,NA,NA,NA,NA,NA,NA,NA,NA,NA,NA,NA,0.736,0,0
kilimanjaro/moshi/okaoni,lon37.303.lat-3.180,Okaoni,Moshi,Kilimanjaro,37.3027925606154,-3.18040543211257,36.5,Rural Ward,10446,286.2,0,0,0,0,0,0,0,0,0,0,3961,960,2900,108.5,26.3,79.5,7821,214.3,3860,105.8,Smallholder,None,kilimanjaro/hai/machamekusini,20.19,kilimanjaro/moshi/kiboshomagharibi,4.56,0.657,0,0
arusha/arushaurban/olasiti,lon36.622.lat-3.398,Olasiti,Arusha Urban,Arusha,36.6221798298795,-3.39785697099654,66.3,Urban Ward,36361,548.4,45.879,3042,6.155,408,11.496,762,4212,63.5,1170,17.6,3509,1342,8742,52.9,20.2,131.9,13593,205,10084,152.1,Smallholder,Primary,arusha/arusha/bwawani,26.78,arusha/arushaurban/sokonii,6.57,0.452,0.259,0
arusha/ngorongoro/olbalbal,lon35.400.lat-2.937,Olbalbal,Ngorongoro,Arusha,35.399747588993,-2.93749389646657,1139.9,Rural Ward,8969,7.9,25.202,28727,10.615,12100,20.622,23507,64334,56.4,35607,31.2,11556,21634,19833,10.1,19,17.4,53023,46.5,41467,36.4,Pastoral,Primary,arusha/monduli/meserani,129.85,arusha/ngorongoro/endulen,36.84,0.328,0.82,1
manyara/kiteto/olboroti,lon36.345.lat-5.204,Olboroti,Kiteto,Manyara,36.3452433154691,-5.20364542311026,357.4,Mixed Ward,16497,46.2,29.653,10598,7.74,2766,19.553,6988,20352,56.9,9754,27.3,13620,4842,9902,38.1,13.5,27.7,28364,79.4,14744,41.3,Agropastoral,None,arusha/monduli/meserani,180.57,manyara/kiteto/partimbo,36.94,0.395,0.688,1
tanga/korogwetownshipauthority/oldkorogwe,lon38.495.lat-5.145,Old Korogwe,Korogwe Township Authority,Tanga,38.4948016016207,-5.14521134899833,26.8,Urban Ward,6394,238.6,21.765,583,5.923,159,14.659,393,1135,42.4,552,20.6,NA,NA,NA,NA,NA,NA,NA,NA,NA,NA,NA,NA,NA,NA,NA,NA,0.597,0,0
kilimanjaro/moshi/oldmoshimagharibi,lon37.390.lat-3.390,Old Moshi Magharibi,Moshi,Kilimanjaro,37.3897731929291,-3.38951565720457,33,Rural Ward,8100,245.5,50.687,1673,5.53,182,28.494,940,2795,84.7,1122,34,3331,1415,4585,100.9,42.9,138.9,9331,282.8,6000,181.8,Smallholder,None,kilimanjaro/hai/machamekusini,15.45,kilimanjaro/moshi/kilemakusini,14.65,0.543,0.079,0
kilimanjaro/moshi/oldmoshimashariki,lon37.412.lat-3.294,Old Moshi Mashariki,Moshi,Kilimanjaro,37.4121225757071,-3.29375202928442,14.2,Rural Ward,9528,671,74.762,1062,27.851,395,48.961,695,2152,151.5,1090,76.8,2770,1164,4085,195.1,82,287.7,8019,564.7,5249,369.6,Smallholder,None,kilimanjaro/hai/machamekusini,18.76,kilimanjaro/moshi/kilemakusini,14.99,0.726,0,0
arusha/karatu/oldean,lon35.540.lat-3.348,Oldean,Karatu,Arusha,35.5400280720851,-3.34780172214575,70.7,Rural Ward,6870,97.2,12.13,858,24.731,1749,9.609,679,3286,46.5,2428,34.3,3427,1795,5160,48.5,25.4,73,10382,146.8,6955,98.4,Smallholder,None,arusha/monduli/meserani,96.35,arusha/karatu/daa,9.01,0.615,0.012,0
arusha/ngorongoro/oldonyosambu,lon35.890.lat-2.142,Oldonyo Sambu,Ngorongoro,Arusha,35.8904136632934,-2.14181630362078,177.9,Rural Ward,5233,29.4,15.897,2828,33.271,5919,24.142,4295,13042,73.3,10214,57.4,19830,10659,21169,111.5,59.9,119,51658,290.4,31828,178.9,Pastoral,Primary,arusha/monduli/meserani,168.79,arusha/ngorongoro/oloirien,37.46,0.496,0.01,0
arusha/arusha/oldonyosambu,lon36.741.lat-3.123,Oldonyosambu,Arusha,Arusha,36.7407029832298,-3.12262727188637,216.4,Rural Ward,16484,76.2,14.806,3204,4.913,1063,26.254,5681,9948,46,6744,31.2,6999,2320,200,32.3,10.7,0.9,9519,44,2520,11.6,Smallholder,Primary,arusha/arusha/bwawani,49.49,arusha/meru/ngarenanyuki,11.91,0.364,0.788,1
kilimanjaro/rombo/olele,lon37.553.lat-3.115,Olele,Rombo,Kilimanjaro,37.553431344301,-3.11516564291691,17.2,Rural Ward,6723,390.9,61.861,1064,15.966,275,53.996,929,2268,131.9,1204,70,3302,3152,8810,192,183.3,512.2,15264,887.4,11962,695.5,Smallholder,None,kilimanjaro/hai/machamekusini,42.58,kilimanjaro/rombo/kitirimakingachi,7.8,0.731,0.059,0
arusha/arusha/oljoro,lon36.660.lat-3.571,Oljoro,Arusha,Arusha,36.6600425724605,-3.57118452401836,64.7,Rural Ward,7896,122,7.926,513,6.139,397,18.437,1193,2103,32.5,1590,24.6,2720,1980,5430,42,30.6,83.9,10130,156.6,7410,114.5,Agropastoral,Primary,arusha/arusha/bwawani,15.18,arusha/arushaurban/sokonii,17.66,0.335,0.918,1
manyara/simanjiro/oljorono,lon36.657.lat-3.712,Oljoro  No. 5,Simanjiro,Manyara,36.6573793580393,-3.71162256616322,464,Rural Ward,15527,33.5,21.007,9747,8.016,3719,22.395,10391,23857,51.4,14110,30.4,20164,6341,29503,43.5,13.7,63.6,56008,120.7,35844,77.2,Agropastoral,None,arusha/arusha/bwawani,22.53,arusha/arusha/oljoro,15.62,0.36,0.768,1
arusha/arusha/olkokola,lon36.625.lat-3.226,Olkokola,Arusha,Arusha,36.6250422921047,-3.22623704182534,93.8,Rural Ward,24728,263.6,11.232,1054,13.48,1264,23.328,2188,4506,48,3452,36.8,9306,3006,3638,99.2,32,38.8,15950,170,6644,70.8,Smallholder,None,arusha/arusha/bwawani,42.13,arusha/arusha/olmotonyi,9.24,0.476,0.262,0
kilimanjaro/siha/olkolili,lon37.086.lat-3.304,Olkolili,Siha,Kilimanjaro,37.0859840695538,-3.3038070672534,84.5,Rural Ward,12896,152.6,52.624,4447,9.593,811,28.648,2421,7679,90.9,3232,38.2,1036,501,1069,12.3,5.9,12.7,2606,30.8,1570,18.6,Agropastoral,None,kilimanjaro/hai/machamekusini,19.61,kilimanjaro/siha/biriri,11.1,0.458,0.108,0
arusha/longido/olmolog,lon37.099.lat-2.837,Olmolog,Longido,Arusha,37.0985112211588,-2.83653561868859,338.8,Rural Ward,8764,25.9,12.728,4312,20.934,7092,17.077,5786,17190,50.7,12878,38,11020,5894,8706,32.5,17.4,25.7,25620,75.6,14600,43.1,Pastoral,None,kilimanjaro/hai/machamekusini,60.26,arusha/longido/tingatinga,21.37,0.37,0.689,1
arusha/arusha/olmotonyi,lon36.656.lat-3.303,Olmotonyi,Arusha,Arusha,36.6557545365633,-3.3034595942901,11.7,Mixed Ward,18560,1586.3,17.257,202,8.697,102,21.606,253,557,47.6,355,30.3,5588,245,944,477.6,20.9,80.7,6777,579.2,1189,101.6,Smallholder,Primary,arusha/arusha/bwawani,32.94,arusha/arushaurban/olasiti,11.14,0.624,0,0
arusha/ngorongoro/oloipiri,lon35.406.lat-2.072,Oloipiri,Ngorongoro,Arusha,35.4056367378907,-2.07228291607715,623.2,Rural Ward,4114,6.6,25.817,16089,13.606,8480,28.121,17525,42094,67.5,26005,41.7,23499,26833,24138,37.7,43.1,38.7,74470,119.5,50971,81.8,Pastoral,Primary,arusha/monduli/meserani,199.33,arusha/ngorongoro/oloirien,17.22,0.434,0.229,0
arusha/ngorongoro/oloirien,lon35.554.lat-2.116,Oloirien,Ngorongoro,Arusha,35.5542774381401,-2.11617838435302,262.7,Rural Ward,9485,36.1,20.72,5443,15.612,4101,30.181,7929,17473,66.5,12030,45.8,36413,43082,30343,138.6,164,115.5,109838,418.1,73425,279.5,Pastoral,Primary,arusha/monduli/meserani,186.63,arusha/ngorongoro/oloipiri,17.22,0.469,0.223,0
arusha/arushaurban/oloirieni,lon36.715.lat-3.388,Oloirieni,Arusha Urban,Arusha,36.7154805166937,-3.38799130133675,3.2,Urban Ward,18679,5837.2,37.739,121,9.219,30,20.47,66,217,67.8,96,30,559,117,538,174.7,36.6,168.1,1214,379.4,655,204.7,Urban,None,arusha/arusha/bwawani,21.56,arusha/arushaurban/sokonii,4.92,0.516,0,0
arusha/ngorongoro/ololosokwan,lon35.315.lat-1.825,Ololosokwan,Ngorongoro,Arusha,35.3148661670929,-1.82500581856239,404.2,Rural Ward,6557,16.2,22.665,9161,7.971,3222,18.533,7491,19874,49.2,10713,26.5,38940,15737,16431,96.3,38.9,40.7,71108,175.9,32168,79.6,Agropastoral,None,arusha/monduli/meserani,228,arusha/ngorongoro/oloipiri,29.29,0.527,0,0
arusha/arusha/olorieni,lon36.645.lat-3.337,Olorieni,Arusha,Arusha,36.6447235467764,-3.33712638426394,24.8,Rural Ward,22434,904.6,36.053,894,6.892,171,36.047,894,1959,79,1065,42.9,2152,890,2792,86.8,35.9,112.6,5834,235.2,3682,148.5,Smallholder,None,arusha/arusha/bwawani,30.36,arusha/arusha/olmotonyi,3.94,0.57,0,0
arusha/arusha/oltoroto,lon36.710.lat-3.333,Oltoroto,Arusha,Arusha,36.7101065212207,-3.33332383535972,11.9,Rural Ward,15451,1298.4,8.642,103,5.353,64,4.582,55,222,18.7,119,10,3347,2333,1100,281.3,196.1,92.4,6780,569.7,3433,288.5,Smallholder,None,arusha/arusha/bwawani,27.41,arusha/arusha/olmotonyi,6.89,0.682,0,0
arusha/arusha/oltrumet,lon36.614.lat-3.302,Oltrumet,Arusha,Arusha,36.6139027176181,-3.30224833728172,37.2,Rural Ward,10226,274.9,13.99,520,12.103,450,19.725,734,1704,45.8,1184,31.8,4791,2365,2380,128.8,63.6,64,9536,256.3,4745,127.6,Smallholder,None,arusha/arusha/bwawani,35.49,arusha/arusha/olmotonyi,4.65,0.473,0,0
arusha/longido/orbomba,lon36.681.lat-2.779,Orbomba,Longido,Arusha,36.6809513946025,-2.77893123124054,630.5,Rural Ward,7900,12.5,20.369,12843,10.503,6622,22.588,14241,33706,53.5,20863,33.1,5266,7954,12005,8.4,12.6,19,25225,40,19959,31.7,Pastoral,Primary,arusha/arusha/bwawani,88.26,arusha/longido/tingatinga,25.94,0.333,0.88,1
arusha/ngorongoro/orgosorok,lon35.675.lat-1.990,Orgosorok,Ngorongoro,Arusha,35.6751230474239,-1.99037933853402,325.9,Mixed Ward,12268,37.6,18.251,5948,19.492,6352,34.006,11082,23382,71.7,17434,53.5,8328,10719,10414,25.6,32.9,32,29461,90.4,21133,64.8,Pastoral,None,arusha/monduli/meserani,193.16,arusha/ngorongoro/oloirien,19.39,0.517,0,0
manyara/simanjiro/orkesmet,lon37.187.lat-4.463,Orkesmet,Simanjiro,Manyara,37.1869354595955,-4.46284485631478,12.4,Urban Ward,5325,429.4,21.561,267,8.23,102,16.674,207,576,46.5,309,24.9,2280,1080,2989,183.9,87.1,241,6349,512,4069,328.1,Agropastoral,Primary,arusha/arusha/bwawani,108.9,manyara/simanjiro/naberera,38.56,0.409,0.312,0
tanga/kilindi/pagwi,lon37.146.lat-5.853,Pagwi,Kilindi,Tanga,37.1460296619703,-5.85278706692384,347.7,Rural Ward,11518,33.1,9.797,3407,2.304,801,6.582,2289,6497,18.7,3090,8.9,NA,NA,NA,NA,NA,NA,NA,NA,NA,NA,NA,NA,NA,NA,NA,NA,0.555,0,0
tanga/muheza/pandedarajani,lon38.851.lat-5.057,Pande Darajani,Muheza,Tanga,38.8508949650908,-5.05699464830943,51.1,Rural Ward,3681,72,10.128,518,0.413,21,11.831,605,1144,22.4,626,12.3,NA,NA,NA,NA,NA,NA,NA,NA,NA,NA,NA,NA,NA,NA,NA,NA,0.676,0,0
tanga/pangani/panganimagharibi,lon38.960.lat-5.414,Pangani Magharibi,Pangani,Tanga,38.9604927099792,-5.41389470149485,13.1,Urban Ward,6262,478,3.169,42,4.83,63,6.935,91,196,15,154,11.8,NA,NA,NA,NA,NA,NA,NA,NA,NA,NA,NA,NA,NA,NA,NA,NA,0.633,0,0
tanga/pangani/panganimashariki,lon38.989.lat-5.413,Pangani Mashariki,Pangani,Tanga,38.9887580651333,-5.41330819689093,5.3,Mixed Ward,2975,561.3,4.661,25,4.189,22,3.467,18,65,12.3,40,7.5,NA,NA,NA,NA,NA,NA,NA,NA,NA,NA,NA,NA,NA,NA,NA,NA,0.584,0,0
manyara/kiteto/partimbo,lon36.654.lat-5.330,Partimbo,Kiteto,Manyara,36.6536182475686,-5.33032775166459,956.7,Rural Ward,20669,21.6,25.585,24477,6.746,6453,17.216,16471,47401,49.5,22924,24,14954,2226,9494,15.6,2.3,9.9,26674,27.9,11720,12.3,Agropastoral,Primary,arusha/arusha/bwawani,197.02,manyara/kiteto/namelock,16.41,0.467,0.111,0
tanga/mkinga/parungukasera,lon39.031.lat-4.765,Parungu Kasera,Mkinga,Tanga,39.030729027826,-4.76494475483069,201.7,Rural Ward,4560,22.6,12.022,2425,3.533,713,13.945,2813,5951,29.5,3526,17.5,NA,NA,NA,NA,NA,NA,NA,NA,NA,NA,NA,NA,NA,NA,NA,NA,0.627,0,0
kilimanjaro/moshimunicipal/pasua,lon37.334.lat-3.378,Pasua,Moshi Municipal,Kilimanjaro,37.3343460455343,-3.37846298013511,2.2,Urban Ward,13460,6118.2,49.125,108,20.319,45,189.91,418,571,259.5,463,210.5,172,22,248,78.2,10,112.7,442,200.9,270,122.7,Smallholder,None,kilimanjaro/hai/machamekusini,9.19,kilimanjaro/moshi/kiboshomagharibi,19.43,0.403,0.5,0
arusha/ngorongoro/pinyinyi,lon35.915.lat-2.426,Pinyinyi,Ngorongoro,Arusha,35.9151435056425,-2.42643687372506,1336.2,Rural Ward,8482,6.3,9.392,12550,10.398,13894,10.751,14365,40809,30.5,28259,21.1,18723,23487,47610,14,17.6,35.6,89820,67.2,71097,53.2,Pastoral,None,arusha/monduli/meserani,138.12,arusha/ngorongoro/oldonyosambu,31.77,0.252,0.515,1
arusha/meru/poli,lon36.817.lat-3.361,Poli,Meru,Arusha,36.8173608917454,-3.36054259852011,13.5,Mixed Ward,9507,704.2,31.523,426,6.277,85,18.176,245,756,56,330,24.4,4176,1544,871,309.3,114.4,64.5,6591,488.2,2415,178.9,Smallholder,None,arusha/arusha/bwawani,22.76,arusha/meru/kikatiti,15.48,0.686,0,0
tanga/tanga/pongwe,lon38.965.lat-5.144,Pongwe,Tanga,Tanga,38.9647483906747,-5.14407441010409,77.7,Mixed Ward,13513,173.9,33.108,2572,2.444,190,15.97,1241,4003,51.5,1431,18.4,NA,NA,NA,NA,NA,NA,NA,NA,NA,NA,NA,NA,NA,NA,NA,NA,0.628,0,0
tanga/muheza/potwe,lon38.642.lat-5.205,Potwe,Muheza,Tanga,38.6423690189948,-5.20496374955153,46.1,Rural Ward,5812,126.1,10.607,489,2.804,129,8.908,411,1029,22.3,540,11.7,NA,NA,NA,NA,NA,NA,NA,NA,NA,NA,NA,NA,NA,NA,NA,NA,0.72,0,0
manyara/babati/qashi,lon36.081.lat-4.345,Qashi,Babati,Manyara,36.0812162783131,-4.34523658561811,550.3,Rural Ward,19549,35.5,6.96,3830,1.154,635,6.465,3558,8023,14.6,4193,7.6,14023,3799,9144,25.5,6.9,16.6,26966,49,12943,23.5,Agropastoral,None,arusha/monduli/meserani,91.17,manyara/babati/galapo,10.46,0.45,0.165,0
arusha/karatu/qurus,lon35.626.lat-3.398,Qurus,Karatu,Arusha,35.6262529386365,-3.39832206793766,100.8,Rural Ward,15919,157.9,16.102,1623,12.989,1309,8.038,810,3742,37.1,2119,21,17423,3297,16175,172.8,32.7,160.5,36895,366,19472,193.2,Smallholder,None,arusha/monduli/meserani,85.67,arusha/karatu/karatu,7.83,0.376,0.761,1
tanga/lushoto/rangwi,lon38.250.lat-4.577,Rangwi,Lushoto,Tanga,38.2504414610011,-4.57690247338604,45,Rural Ward,14936,331.9,13.059,588,4.318,194,20.263,912,1694,37.6,1106,24.6,NA,NA,NA,NA,NA,NA,NA,NA,NA,NA,NA,NA,NA,NA,NA,NA,0.601,0,0
kilimanjaro/moshimunicipal/rau,lon37.344.lat-3.324,Rau,Moshi Municipal,Kilimanjaro,37.343817708971,-3.32396316780111,3.8,Urban Ward,9137,2404.5,57.547,219,11.617,44,76.562,291,554,145.8,335,88.2,164,126,2368,43.2,33.2,623.2,2658,699.5,2494,656.3,Smallholder,None,kilimanjaro/hai/machamekusini,10.48,kilimanjaro/moshi/kiboshomagharibi,14.34,0.56,0,0
arusha/karatu/rhotia,lon35.771.lat-3.357,Rhotia,Karatu,Arusha,35.7711279041321,-3.35674745839122,205.2,Rural Ward,24268,118.3,16.926,3473,8.902,1827,12.317,2528,7828,38.1,4355,21.2,19834,7657,20924,96.7,37.3,102,48415,235.9,28581,139.3,Agropastoral,None,arusha/monduli/meserani,71.62,arusha/karatu/karatu,8.93,0.5,0.038,0
manyara/babati/riroda,lon35.648.lat-4.283,Riroda,Babati,Manyara,35.6480237906262,-4.28261208396469,73.3,Rural Ward,12179,166.2,2.729,200,4.369,320,21.671,1588,2108,28.8,1908,26,5137,1367,5854,70.1,18.6,79.9,12358,168.6,7221,98.5,Agropastoral,Primary,arusha/monduli/meserani,112.39,manyara/babati/dareda,14.41,0.54,0,0
kilimanjaro/same/ruvu,lon37.578.lat-4.218,Ruvu,Same,Kilimanjaro,37.5778808155923,-4.21798244644106,1040.2,Rural Ward,14261,13.7,27.733,28848,15.635,16264,40.185,41800,86912,83.6,58064,55.8,31013,13062,28089,29.8,12.6,27,72164,69.4,41151,39.6,Agropastoral,None,kilimanjaro/hai/machamekusini,102.38,kilimanjaro/same/makanya,27.07,0.32,0.828,1
manyara/simanjiro/ruvuremiti,lon37.734.lat-4.768,Ruvu Remiti,Simanjiro,Manyara,37.7337049413718,-4.7680321257136,2626.5,Rural Ward,5077,1.9,13.61,35747,6.004,15768,15.791,41476,92991,35.4,57244,21.8,24465,20218,19220,9.3,7.7,7.3,63903,24.3,39438,15,Pastoral,None,kilimanjaro/hai/machamekusini,165.8,kilimanjaro/same/hedaru,35.54,0.433,0.24,0
arusha/ngorongoro/sale,lon35.705.lat-2.290,Sale,Ngorongoro,Arusha,35.7048909670061,-2.29042516953059,119.6,Rural Ward,4384,36.7,14.025,1677,11.254,1346,17.531,2097,5120,42.8,3443,28.8,6803,5158,11148,56.9,43.1,93.2,23109,193.2,16306,136.3,Pastoral,None,arusha/monduli/meserani,161.63,arusha/ngorongoro/oloirien,25.6,0.457,0.234,0
arusha/arusha/sambasha,lon36.696.lat-3.241,Sambasha,Arusha,Arusha,36.6955364051046,-3.24058844744577,71.9,Rural Ward,9484,131.9,9.745,701,11.851,852,21.721,1562,3115,43.3,2414,33.6,3796,2028,357,52.8,28.2,5,6181,86,2385,33.2,Smallholder,None,arusha/arusha/bwawani,37.69,arusha/arusha/olmotonyi,8.27,0.714,0,0
kilimanjaro/same/same,lon37.699.lat-4.039,Same,Same,Kilimanjaro,37.6994136877167,-4.03857201796207,36.2,Urban Ward,9049,250,36.19,1310,35.02,1268,59.238,2144,4722,130.4,3412,94.3,1282,564,1751,35.4,15.6,48.4,3597,99.4,2315,64,Smallholder,None,kilimanjaro/hai/machamekusini,90.57,kilimanjaro/mwanga/mgagao,19.82,0.412,0.698,1
arusha/ngorongoro/samunge,lon35.683.lat-2.165,Samunge,Ngorongoro,Arusha,35.6825239330211,-2.16524289641802,147.4,Rural Ward,6579,44.6,21.651,3191,32.499,4790,27.093,3994,11975,81.2,8784,59.6,14733,13542,21142,100,91.9,143.4,49417,335.3,34684,235.3,Pastoral,None,arusha/monduli/meserani,175.18,arusha/ngorongoro/oloirien,15.26,0.506,0,0
manyara/mbulu/sanubaray,lon35.570.lat-3.862,Sanu Baray,Mbulu,Manyara,35.5695144817008,-3.86169895250964,9.3,Urban Ward,6233,670.2,13.969,130,3.338,31,16.676,155,316,34,186,20,1273,315,954,136.9,33.9,102.6,2542,273.3,1269,136.5,Urban,None,arusha/monduli/meserani,94.85,manyara/mbulu/endagikot,6.3,0.544,0,0
kilimanjaro/siha/sanyajuu,lon37.054.lat-3.185,Sanya Juu,Siha,Kilimanjaro,37.0538926237737,-3.1846740142205,21.1,Urban Ward,11283,534.7,112.966,2384,10.514,222,62.54,1320,3926,186.1,1542,73.1,2300,1004,3891,109,47.6,184.4,7195,341,4895,232,Smallholder,None,kilimanjaro/hai/machamekusini,29.3,kilimanjaro/siha/biriri,3.32,0.557,0,0
tanga/kilindi/saunyi,lon37.635.lat-5.121,Saunyi,Kilindi,Tanga,37.6352849565837,-5.12059996336536,894.8,Rural Ward,3231,3.6,9.184,8218,3.822,3420,14.673,13129,24767,27.7,16549,18.5,NA,NA,NA,NA,NA,NA,NA,NA,NA,NA,NA,NA,NA,NA,NA,NA,0.512,0,0
arusha/meru/seelasingisi,lon36.799.lat-3.353,Seela Sing'isi,Meru,Arusha,36.798733239446,-3.35313186655744,11.6,Rural Ward,10109,871.5,25.745,299,6.69,78,14.596,169,546,47.1,247,21.3,4869,1075,446,419.7,92.7,38.4,6390,550.9,1521,131.1,Smallholder,None,arusha/arusha/bwawani,23.47,arusha/arushaurban/sokonii,14.86,0.678,0,0
tanga/handeni/segera,lon38.504.lat-5.306,Segera,Handeni,Tanga,38.5044261392767,-5.30626672816302,203.4,Rural Ward,23445,115.3,18.675,3799,2.64,537,8.846,1799,6135,30.2,2336,11.5,NA,NA,NA,NA,NA,NA,NA,NA,NA,NA,NA,NA,NA,NA,NA,NA,0.617,0,0
arusha/arushaurban/sekei,lon36.699.lat-3.366,Sekei,Arusha Urban,Arusha,36.699305938989,-3.36634755680211,2.6,Urban Ward,9213,3543.5,18.87,49,4.61,12,10.235,27,88,33.8,39,15,128,54,308,49.2,20.8,118.5,490,188.5,362,139.2,Urban,None,arusha/arusha/bwawani,24.51,arusha/arushaurban/sokonii,5.7,0.543,0,0
arusha/monduli/selela,lon36.085.lat-3.237,Selela,Monduli,Arusha,36.0854129544767,-3.23655682877796,1183.2,Rural Ward,8703,7.4,15.977,18903,7.794,9222,21.319,25225,53350,45.1,34447,29.1,23083,25954,21137,19.5,21.9,17.9,70174,59.3,47091,39.8,Pastoral,Primary,arusha/monduli/meserani,50.02,arusha/monduli/lepurko,20.32,0.333,0.807,1
arusha/monduli/sepeko,lon36.356.lat-3.406,Sepeko,Monduli,Arusha,36.3559972375847,-3.4062638770049,586.1,Rural Ward,16720,28.5,10.757,6305,6.383,3741,14.31,8387,18433,31.5,12128,20.7,7992,6428,10428,13.6,11,17.8,24848,42.4,16856,28.8,Pastoral,None,arusha/monduli/meserani,19.46,arusha/monduli/lepurko,16.67,0.398,0.694,1
manyara/simanjiro/shambarai,lon36.954.lat-3.780,Shambarai,Simanjiro,Manyara,36.9536816953686,-3.78040363986997,1088.6,Rural Ward,9420,8.7,23.734,25837,8.216,8944,20.184,21973,56754,52.1,30917,28.4,12684,1696,13973,11.7,1.6,12.8,28353,26,15669,14.4,Pastoral,Primary,arusha/arusha/bwawani,29.69,arusha/meru/mbuguni,25.67,0.345,0.862,1
kilimanjaro/mwanga/shighatini,lon37.624.lat-3.664,Shighatini,Mwanga,Kilimanjaro,37.6243640783855,-3.6643377251834,34,Rural Ward,7765,228.4,122.828,4176,11.501,391,30.462,1036,5603,164.8,1427,42,8247,1472,3064,242.6,43.3,90.1,12783,376,4536,133.4,Smallholder,None,kilimanjaro/hai/machamekusini,53.49,kilimanjaro/mwanga/mgagao,22.65,0.663,0,0
kilimanjaro/rombo/shimbi,lon37.603.lat-3.211,Shimbi,Rombo,Kilimanjaro,37.6027745690106,-3.21121810851644,36.2,Rural Ward,14591,403.1,51.397,1861,23.934,866,34.619,1253,3980,109.9,2119,58.5,4334,1885,6945,119.7,52.1,191.9,13164,363.6,8830,243.9,Smallholder,None,kilimanjaro/hai/machamekusini,41.82,kilimanjaro/rombo/kitirimakingachi,15.25,0.635,0.122,0
kilimanjaro/moshimunicipal/shirimatunda,lon37.310.lat-3.367,Shirimatunda,Moshi Municipal,Kilimanjaro,37.310294520684,-3.36670771410956,3.2,Urban Ward,4485,1401.6,69.645,223,16.42,53,130.779,418,694,216.9,471,147.2,1702,436,1754,531.9,136.2,548.1,3892,1216.2,2190,684.4,Urban,None,kilimanjaro/hai/machamekusini,6.28,kilimanjaro/moshi/kiboshomagharibi,17.46,0.514,0,0
tanga/lushoto/shume,lon38.255.lat-4.701,Shume,Lushoto,Tanga,38.2551260326021,-4.70111739971973,49.8,Rural Ward,12251,246,8.859,441,2.014,100,29.505,1469,2010,40.4,1569,31.5,NA,NA,NA,NA,NA,NA,NA,NA,NA,NA,NA,NA,NA,NA,NA,NA,0.753,0,0
tanga/mkinga/sigaya,lon39.096.lat-4.728,Sigaya,Mkinga,Tanga,39.0960438275614,-4.72835239209144,79.8,Rural Ward,3912,49,8.401,670,3.15,251,12.155,970,1891,23.7,1221,15.3,NA,NA,NA,NA,NA,NA,NA,NA,NA,NA,NA,NA,NA,NA,NA,NA,0.62,0,0
manyara/babatiurban/sigino,lon35.670.lat-4.191,Sigino,Babati Urban,Manyara,35.6695902391531,-4.19110326652209,95.8,Rural Ward,10038,104.8,17.429,1670,4.238,406,21.818,2090,4166,43.5,2496,26.1,4620,1423,5028,48.2,14.9,52.5,11071,115.6,6451,67.3,Agropastoral,None,arusha/monduli/meserani,103.75,manyara/babati/riroda,10.45,0.508,0,0
manyara/hanang/simbay,lon35.579.lat-4.546,Simbay,Hanang,Manyara,35.5794952223738,-4.54610275351312,122.1,Rural Ward,6737,55.2,12.287,1500,3.195,390,25.469,3110,5000,41,3500,28.7,5870,5130,9630,48.1,42,78.9,20630,169,14760,120.9,Agropastoral,Primary,arusha/monduli/meserani,139.11,manyara/hanang/endasak,14.77,0.46,0,0
tanga/handeni/sindeni,lon38.269.lat-5.344,Sindeni,Handeni,Tanga,38.2689801420751,-5.34403501078983,381.4,Rural Ward,16790,44,5.38,2052,0.49,187,3.142,1198,3437,9,1385,3.6,NA,NA,NA,NA,NA,NA,NA,NA,NA,NA,NA,NA,NA,NA,NA,NA,0.568,0,0
manyara/babatiurban/singe,lon35.758.lat-4.266,Singe,Babati Urban,Manyara,35.7577645011116,-4.2663790805754,34.4,Mixed Ward,6620,192.4,15.71,540,10.386,357,29.869,1027,1924,55.9,1384,40.2,1670,411,1371,48.5,11.9,39.9,3452,100.3,1782,51.8,Agropastoral,None,arusha/monduli/meserani,102.63,manyara/babatiurban/nangara,5.5,0.521,0.073,0
manyara/hanang/sirop,lon35.610.lat-4.605,Sirop,Hanang,Manyara,35.610385228948,-4.60514759487826,130.8,Rural Ward,5563,42.5,12.123,1586,1.444,189,15.743,2059,3834,29.3,2248,17.2,5540,4706,8360,42.4,36,63.9,18606,142.2,13066,99.9,Agropastoral,None,arusha/monduli/meserani,142.16,manyara/hanang/simbay,7.4,0.456,0.111,0
arusha/ngorongoro/soitsambu,lon35.387.lat-1.940,Soitsambu,Ngorongoro,Arusha,35.3870156284776,-1.93996750830192,588.6,Rural Ward,10956,18.6,24.733,14558,12.072,7106,27.619,16256,37920,64.4,23362,39.7,47917,45778,32613,81.4,77.8,55.4,126308,214.6,78391,133.2,Agropastoral,None,arusha/monduli/meserani,212.91,arusha/ngorongoro/oloipiri,14.86,0.499,0,0
arusha/arusha/sokonii,lon36.728.lat-3.344,Sokon II,Arusha,Arusha,36.7279047794115,-3.3442058836374,14.1,Mixed Ward,32073,2274.7,15.46,218,4.857,68,8.35,118,404,28.7,186,13.2,13484,908,1459,956.3,64.4,103.5,15851,1124.2,2367,167.9,Smallholder,None,arusha/arusha/bwawani,25.62,arusha/arusha/olmotonyi,9.2,0.714,0,0
arusha/arushaurban/sokonii,lon36.679.lat-3.414,Sokoni I,Arusha Urban,Arusha,36.6792695650023,-3.41352441599769,18.1,Urban Ward,73331,4051.4,42.131,763,9.428,171,43.698,791,1725,95.3,962,53.1,4830,881,1385,266.9,48.7,76.5,7096,392,2266,125.2,Urban,Primary,arusha/arusha/bwawani,21.22,arusha/arushaurban/olasiti,6.57,0.459,0.182,0
arusha/arushaurban/sombetini,lon36.662.lat-3.388,Sombetini,Arusha Urban,Arusha,36.6620751668564,-3.38800566881299,5.2,Urban Ward,48268,9282.3,21.065,110,4.714,25,21.849,114,249,47.9,139,26.7,1823,154,324,350.6,29.6,62.3,2301,442.5,478,91.9,Urban,None,arusha/arusha/bwawani,24.63,arusha/arushaurban/sokonii,3.42,0.416,0.2,0
tanga/muheza/songa,lon38.667.lat-5.302,Songa,Muheza,Tanga,38.6671904939597,-5.30228654748942,50,Rural Ward,5769,115.4,9.54,477,2.128,106,8.64,432,1015,20.3,538,10.8,NA,NA,NA,NA,NA,NA,NA,NA,NA,NA,NA,NA,NA,NA,NA,NA,0.685,0,0
manyara/kiteto/songambele,lon36.534.lat-5.662,Songambele,Kiteto,Manyara,36.5341774595213,-5.66208420848962,123.2,Rural Ward,7532,61.1,25.539,3146,7.574,933,17.057,2101,6180,50.2,3034,24.6,20578,3215,14774,167,26.1,119.9,38567,313,17989,146,Agropastoral,None,arusha/monduli/meserani,232.17,manyara/kiteto/dosidosi,16.05,0.416,0.379,0
tanga/kilindi/songe,lon37.278.lat-5.576,Songe,Kilindi,Tanga,37.2779060484837,-5.57570173879739,90.1,Rural Ward,14801,164.3,15.426,1390,3.429,309,15.676,1412,3111,34.5,1721,19.1,NA,NA,NA,NA,NA,NA,NA,NA,NA,NA,NA,NA,NA,NA,NA,NA,0.547,0,0
arusha/meru/songoro,lon36.826.lat-3.279,Songoro,Meru,Arusha,36.8259280708985,-3.27927408732434,114.1,Rural Ward,11319,99.2,6.716,766,0.73,83,1.766,202,1051,9.2,285,2.5,24814,4077,941,217.5,35.7,8.2,29832,261.5,5018,44,Smallholder,None,arusha/arusha/bwawani,31.85,arusha/meru/ngarenanyuki,11.85,0.777,0,0
tanga/lushoto/soni,lon38.380.lat-4.858,Soni,Lushoto,Tanga,38.3798103534853,-4.85789664346068,36.1,Mixed Ward,12839,355.7,0.498,18,6.286,227,11.061,399,644,17.8,626,17.3,NA,NA,NA,NA,NA,NA,NA,NA,NA,NA,NA,NA,NA,NA,NA,NA,0.695,0,0
kilimanjaro/moshimunicipal/soweto,lon37.321.lat-3.356,Soweto,Moshi Municipal,Kilimanjaro,37.3210632807349,-3.35565769956456,2.9,Urban Ward,14946,5153.8,80.564,234,21.704,63,171.517,497,794,273.8,560,193.1,1747,485,1951,602.4,167.2,672.8,4183,1442.4,2436,840,Urban,None,kilimanjaro/hai/machamekusini,7.35,kilimanjaro/moshi/kiboshomagharibi,16.56,0.455,0,0
kilimanjaro/same/stesheni,lon37.684.lat-4.120,Stesheni,Same,Kilimanjaro,37.6844213558859,-4.12006594239588,178,Urban Ward,6860,38.5,41.628,7410,23.933,4260,66.593,11854,23524,132.2,16114,90.5,2634,1123,3280,14.8,6.3,18.4,7037,39.5,4403,24.7,Agropastoral,None,kilimanjaro/hai/machamekusini,97.46,kilimanjaro/mwanga/mgagao,28.66,0.347,0.947,1
kilimanjaro/same/suji,lon37.899.lat-4.351,Suji,Same,Kilimanjaro,37.8988435767461,-4.35099330283498,59.5,Rural Ward,8776,147.5,28.138,1674,20.486,1219,51.719,3077,5970,100.3,4296,72.2,2506,1514,1813,42.1,25.4,30.5,5833,98,3327,55.9,Smallholder,None,kilimanjaro/hai/machamekusini,131.75,kilimanjaro/same/makanya,13.97,0.658,0,0
tanga/lushoto/sunga,lon38.199.lat-4.532,Sunga,Lushoto,Tanga,38.1986776537061,-4.53177477862847,62.6,Rural Ward,20452,326.7,2.109,132,7.015,439,11.319,709,1280,20.4,1148,18.3,NA,NA,NA,NA,NA,NA,NA,NA,NA,NA,NA,NA,NA,NA,NA,NA,0.505,0.014,0
manyara/kiteto/sunya,lon36.931.lat-5.697,Sunya,Kiteto,Manyara,36.9314432776279,-5.69723329957022,1079.7,Rural Ward,23558,21.8,16.864,18208,5.755,6213,14.075,15197,39618,36.7,21410,19.8,37102,11200,18614,34.4,10.4,17.2,66916,62,29814,27.6,Agropastoral,Primary,arusha/arusha/bwawani,237.65,manyara/kiteto/lengatei,20.45,0.506,0.038,0
tanga/lushoto/tamota,lon38.482.lat-4.942,Tamota,Lushoto,Tanga,38.4819080149912,-4.94240871086742,25.5,Rural Ward,8300,325.5,2.947,75,4.636,118,13.385,341,534,20.9,459,18,NA,NA,NA,NA,NA,NA,NA,NA,NA,NA,NA,NA,NA,NA,NA,NA,0.718,0,0
tanga/muheza/tanganyika,lon38.802.lat-5.159,Tanganyika,Muheza,Tanga,38.8024995116016,-5.15904152131808,6.4,Rural Ward,3580,559.4,12.016,77,0.319,2,10.12,65,144,22.5,67,10.5,NA,NA,NA,NA,NA,NA,NA,NA,NA,NA,NA,NA,NA,NA,NA,NA,0.657,0,0
tanga/tanga/tangasisi,lon39.076.lat-5.139,Tangasisi,Tanga,Tanga,39.0760116927621,-5.13915390080417,38.9,Mixed Ward,19149,492.3,10.816,421,1.075,42,16.146,628,1091,28,670,17.2,NA,NA,NA,NA,NA,NA,NA,NA,NA,NA,NA,NA,NA,NA,NA,NA,0.566,0,0
kilimanjaro/rombo/tarakeamotamburu,lon37.470.lat-3.031,Tarakea Motamburu,Rombo,Kilimanjaro,37.4703319407475,-3.03083801540792,128.1,Mixed Ward,20746,162,2.167,278,51.217,6561,23.639,3028,9867,77,9589,74.9,5090,2890,7161,39.7,22.6,55.9,15141,118.2,10051,78.5,Smallholder,None,kilimanjaro/hai/machamekusini,43.31,kilimanjaro/rombo/kitirimakingachi,16.3,0.519,0.148,0
arusha/arushaurban/terrat,lon36.680.lat-3.490,Terrat,Arusha Urban,Arusha,36.6801756245838,-3.48951712189919,106.2,Urban Ward,21790,205.2,10.332,1097,6.892,732,20.677,2196,4025,37.9,2928,27.6,15437,7005,6667,145.4,66,62.8,29109,274.1,13672,128.7,Smallholder,None,arusha/arusha/bwawani,15.36,arusha/arushaurban/sokonii,8.45,0.379,0.865,1
manyara/simanjiro/terrat,lon36.581.lat-3.882,Terrat,Simanjiro,Manyara,36.5808111009772,-3.88164376147993,287.4,Rural Ward,8586,29.9,25.936,7454,9.869,2836,25.933,7453,17743,61.7,10289,35.8,25391,22305,24586,88.3,77.6,85.5,72282,251.5,46891,163.2,Agropastoral,Primary,arusha/monduli/meserani,40.49,manyara/simanjiro/komolo,16.75,0.406,0.467,0
arusha/arushaurban/themi,lon36.705.lat-3.391,Themi,Arusha Urban,Arusha,36.7048545690018,-3.39131542052779,6.2,Urban Ward,9458,1525.5,28.601,177,6.967,43,21.175,131,351,56.6,174,28.1,386,134,209,62.3,21.6,33.7,729,117.6,343,55.3,Urban,None,arusha/arusha/bwawani,21.75,arusha/arushaurban/sokonii,3.76,0.511,0,0
arusha/longido/tingatinga,lon36.906.lat-2.841,Tingatinga,Longido,Arusha,36.9061350232792,-2.84099446883908,1113.2,Rural Ward,8821,7.9,14.802,16478,8.622,9599,20.903,23269,49346,44.3,32868,29.5,9162,24119,25319,8.2,21.7,22.7,58600,52.6,49438,44.4,Pastoral,Primary,kilimanjaro/hai/machamekusini,69.08,arusha/longido/orbomba,25.94,0.265,0.993,1
tanga/muheza/tingeni,lon38.761.lat-5.191,Tingeni,Muheza,Tanga,38.7609603171988,-5.19135494126282,11.1,Rural Ward,2709,244.1,9.491,105,0.579,6,7.958,88,199,17.9,94,8.5,NA,NA,NA,NA,NA,NA,NA,NA,NA,NA,NA,NA,NA,NA,NA,NA,0.682,0,0
manyara/mbulu/tlawi,lon35.464.lat-3.927,Tlawi,Mbulu,Manyara,35.463851282465,-3.92724034065601,93.3,Rural Ward,8547,91.6,1,93,0.766,71,3.271,305,469,5,376,4,1063,521,1445,11.4,5.6,15.5,3029,32.5,1966,21.1,Smallholder,None,arusha/monduli/meserani,108.36,manyara/mbulu/endagikot,7.76,0.576,0.044,0
kilimanjaro/mwanga/toloha,lon37.847.lat-3.793,Toloha,Mwanga,Kilimanjaro,37.8473145559286,-3.79317864344716,264.5,Rural Ward,3055,11.6,34.872,9224,19.043,5037,48.614,12858,27119,102.5,17895,67.7,12638,6973,14403,47.8,26.4,54.5,34014,128.6,21376,80.8,Pastoral,None,kilimanjaro/hai/machamekusini,81.8,kilimanjaro/mwanga/mgagao,21.05,0.427,0.417,0
tanga/tanga/tongoni,lon39.058.lat-5.204,Tongoni,Tanga,Tanga,39.0576808847353,-5.20376485520318,44.1,Rural Ward,4594,104.2,5.372,237,1.968,87,7.446,328,652,14.8,415,9.4,NA,NA,NA,NA,NA,NA,NA,NA,NA,NA,NA,NA,NA,NA,NA,NA,0.617,0,0
tanga/muheza/tongwe,lon38.713.lat-5.090,Tongwe,Muheza,Tanga,38.7130850217036,-5.08965002398501,37.3,Rural Ward,7478,200.5,4.042,151,0.085,3,6.452,241,395,10.6,244,6.5,NA,NA,NA,NA,NA,NA,NA,NA,NA,NA,NA,NA,NA,NA,NA,NA,0.77,0,0
manyara/mbulu/tumati,lon35.446.lat-4.071,Tumati,Mbulu,Manyara,35.4457645556786,-4.07122094173853,113.8,Rural Ward,12798,112.5,11.812,1344,3.718,423,12.748,1451,3218,28.3,1874,16.5,4478,1544,3769,39.3,13.6,33.1,9791,86,5313,46.7,Agropastoral,None,arusha/monduli/meserani,116.8,manyara/mbulu/dongobesh,8.55,0.617,0,0
tanga/pangani/tungamaa,lon38.837.lat-5.497,Tungamaa,Pangani,Tanga,38.8366452471696,-5.49736694266896,132.7,Rural Ward,2583,19.5,8.292,1100,3.324,441,13.849,1838,3379,25.5,2279,17.2,NA,NA,NA,NA,NA,NA,NA,NA,NA,NA,NA,NA,NA,NA,NA,NA,0.662,0,0
tanga/kilindi/tunguli,lon37.323.lat-5.931,Tunguli,Kilindi,Tanga,37.3226492749288,-5.93121191815036,159.3,Rural Ward,7774,48.8,12.104,1928,1.506,240,10.585,1686,3854,24.2,1926,12.1,NA,NA,NA,NA,NA,NA,NA,NA,NA,NA,NA,NA,NA,NA,NA,NA,0.561,0,0
tanga/pangani/ubangaa,lon38.835.lat-5.435,Ubangaa,Pangani,Tanga,38.834854993309,-5.43501845576619,198.7,Rural Ward,2112,10.6,3.831,761,2.225,442,10.627,2112,3315,16.7,2554,12.9,NA,NA,NA,NA,NA,NA,NA,NA,NA,NA,NA,NA,NA,NA,NA,NA,0.667,0,0
kilimanjaro/rombo/ubetukahe,lon37.551.lat-3.071,Ubetu Kahe,Rombo,Kilimanjaro,37.5514212185943,-3.07056625607126,50.7,Rural Ward,19295,380.6,0,0,0,0,0,0,0,0,0,0,3846,6734,8981,75.9,132.8,177.1,19561,385.8,15715,310,Smallholder,None,kilimanjaro/hai/machamekusini,45.69,kilimanjaro/rombo/kitirimakingachi,6.57,0.671,0.066,0
tanga/lushoto/ubiri,lon38.312.lat-4.848,Ubiri,Lushoto,Tanga,38.3122667942342,-4.84793501567767,21.1,Rural Ward,6325,299.8,0.374,8,4.263,90,9.823,207,305,14.5,297,14.1,NA,NA,NA,NA,NA,NA,NA,NA,NA,NA,NA,NA,NA,NA,NA,NA,0.619,0,0
manyara/babati/ufana,lon35.306.lat-4.271,Ufana,Babati,Manyara,35.3057074745377,-4.27086710456169,213.1,Rural Ward,20189,94.7,16.903,3602,2.773,591,18.946,4037,8230,38.6,4628,21.7,6960,329,7491,32.7,1.5,35.2,14780,69.4,7820,36.7,Agropastoral,None,arusha/monduli/meserani,141.45,manyara/babati/bashneti,13.08,0.451,0.079,0
manyara/mbulu/uhuru,lon35.558.lat-3.826,Uhuru,Mbulu,Manyara,35.557748005294,-3.82622040692915,14.8,Urban Ward,7141,482.5,12.198,181,6.95,103,21.693,321,605,40.9,424,28.6,1521,654,1492,102.8,44.2,100.8,3667,247.8,2146,145,Smallholder,None,arusha/monduli/meserani,94.87,manyara/mbulu/endagikot,7.63,0.49,0,0
arusha/arushaurban/ungaltd,lon36.679.lat-3.378,Unga Ltd,Arusha Urban,Arusha,36.6789817624158,-3.37789163995884,1.5,Urban Ward,17342,11561.3,0,0,0,0,0,0,0,0,0,0,117,85,202,78,56.7,134.7,404,269.3,287,191.3,Urban,None,arusha/arusha/bwawani,24.49,arusha/arushaurban/sokonii,3.96,0.346,1,1
kilimanjaro/moshi/urukaskazini,lon37.371.lat-3.214,Uru Kaskazini,Moshi,Kilimanjaro,37.37108017575,-3.21419096047556,43.9,Rural Ward,11081,252.4,21.146,928,27.414,1203,25.375,1114,3245,73.9,2317,52.8,3522,787,2969,80.2,17.9,67.6,7278,165.8,3756,85.6,Smallholder,None,kilimanjaro/hai/machamekusini,20.33,kilimanjaro/moshi/kiboshomagharibi,10.34,0.698,0,0
kilimanjaro/moshi/urukusini,lon37.333.lat-3.287,Uru Kusini,Moshi,Kilimanjaro,37.3332473761557,-3.28713297749615,23.7,Rural Ward,22904,966.4,15.747,373,15.581,369,46.63,1105,1847,77.9,1474,62.2,3080,1047,3798,130,44.2,160.3,7925,334.4,4845,204.4,Smallholder,None,kilimanjaro/hai/machamekusini,11.56,kilimanjaro/moshi/kiboshomagharibi,10.27,0.688,0,0
kilimanjaro/moshi/urumashariki,lon37.388.lat-3.264,Uru Mashariki,Moshi,Kilimanjaro,37.387924677097,-3.26425063673688,26.8,Rural Ward,14781,551.5,93.082,2495,38.401,1029,36.224,971,4495,167.7,2000,74.6,3802,1360,3887,141.9,50.7,145,9049,337.6,5247,195.8,Smallholder,None,kilimanjaro/hai/machamekusini,17.92,kilimanjaro/moshi/kiboshomagharibi,13.47,0.749,0,0
kilimanjaro/moshi/urushimbwe,lon37.389.lat-3.237,Uru Shimbwe,Moshi,Kilimanjaro,37.3891270714735,-3.23671406599383,21,Rural Ward,6107,290.8,50.439,1059,24.943,524,20.974,440,2023,96.3,964,45.9,3190,1235,2597,151.9,58.8,123.7,7022,334.4,3832,182.5,Smallholder,None,kilimanjaro/hai/machamekusini,19.92,kilimanjaro/moshi/kiboshomagharibi,12.62,0.717,0,0
tanga/tanga/usagara,lon39.109.lat-5.075,Usagara,Tanga,Tanga,39.1093825653789,-5.0746891175216,1,Urban Ward,10330,10330,0,0,0,0,0,0,0,0,0,0,NA,NA,NA,NA,NA,NA,NA,NA,NA,NA,NA,NA,NA,NA,NA,NA,0.369,0.5,0
tanga/lushoto/usambara,lon38.352.lat-4.942,Usambara,Lushoto,Tanga,38.3517979258328,-4.94227194404765,29.1,Rural Ward,5351,183.9,0.905,26,0.81,24,3.059,89,139,4.8,113,3.9,NA,NA,NA,NA,NA,NA,NA,NA,NA,NA,NA,NA,NA,NA,NA,NA,0.663,0,0
arusha/meru/usariver,lon36.852.lat-3.390,Usariver,Meru,Arusha,36.8523162248395,-3.39041896809928,27.7,Mixed Ward,23437,846.1,21.236,588,4.52,125,14.67,406,1119,40.4,531,19.2,3666,2219,2983,132.3,80.1,107.7,8868,320.1,5202,187.8,Agropastoral,None,arusha/arusha/bwawani,20.29,arusha/meru/kikatiti,11.85,0.574,0,0
kilimanjaro/rombo/ushiriikuini,lon37.514.lat-3.178,Ushiri Ikuini,Rombo,Kilimanjaro,37.5144332551593,-3.17841886548597,69.9,Rural Ward,8879,127,70.572,4933,7.509,525,56.019,3916,9374,134.1,4441,63.5,2139,1754,3966,30.6,25.1,56.7,7859,112.4,5720,81.8,Smallholder,None,kilimanjaro/hai/machamekusini,34.9,kilimanjaro/rombo/kitirimakingachi,15.75,0.68,0.025,0
tanga/handenitownshipauthority/vibaoni,lon38.030.lat-5.447,Vibaoni,Handeni Township Authority,Tanga,38.030468788624,-5.44654735323631,16,Urban Ward,6078,379.9,7.372,118,0,0,15.737,252,370,23.1,252,15.8,NA,NA,NA,NA,NA,NA,NA,NA,NA,NA,NA,NA,NA,NA,NA,NA,0.54,0,0
kilimanjaro/same/vudee,lon37.879.lat-4.205,Vudee,Same,Kilimanjaro,37.8785720013915,-4.20532998099976,42,Rural Ward,7120,169.5,133.793,5619,6.752,284,51.333,2156,8059,191.9,2440,58.1,2000,1600,1200,47.6,38.1,28.6,4800,114.3,2800,66.7,Smallholder,None,kilimanjaro/hai/machamekusini,117.13,kilimanjaro/same/makanya,21.11,0.609,0,0
tanga/lushoto/vuga,lon38.342.lat-4.902,Vuga,Lushoto,Tanga,38.3416223213172,-4.90212664551428,49.9,Rural Ward,11128,223,0.111,6,0.015,1,0,0,7,0.1,1,0,NA,NA,NA,NA,NA,NA,NA,NA,NA,NA,NA,NA,NA,NA,NA,NA,0.693,0,0
tanga/korogwe/vugiri,lon38.431.lat-5.081,Vugiri,Korogwe,Tanga,38.4309447748338,-5.08129366407914,49.4,Rural Ward,9772,197.8,19.769,977,6.845,338,313.602,15492,16807,340.2,15830,320.4,NA,NA,NA,NA,NA,NA,NA,NA,NA,NA,NA,NA,NA,NA,NA,NA,0.729,0,0
kilimanjaro/same/vuje,lon37.996.lat-4.240,Vuje,Same,Kilimanjaro,37.9962240397454,-4.24045852735744,33.2,Rural Ward,10726,323.1,160.669,5334,9.389,312,53.313,1770,7416,223.4,2082,62.7,6918,220,132,208.4,6.6,4,7270,219,352,10.6,Smallholder,None,kilimanjaro/hai/machamekusini,128.25,kilimanjaro/same/makanya,28.24,0.683,0,0
kilimanjaro/same/vumari,lon37.816.lat-3.993,Vumari,Same,Kilimanjaro,37.8156561061222,-3.99279324383116,469.3,Rural Ward,5908,12.6,17.226,8084,10.331,4848,22.802,10701,23633,50.4,15549,33.1,5082,2085,5969,10.8,4.4,12.7,13136,28,8054,17.2,Agropastoral,None,kilimanjaro/hai/machamekusini,94.31,kilimanjaro/mwanga/mgagao,21.62,0.511,0.02,0
kilimanjaro/same/vunta,lon37.998.lat-4.518,Vunta,Same,Kilimanjaro,37.9979191976896,-4.51849783452187,130.6,Rural Ward,8659,66.3,29.717,3881,3.993,521,28.098,3670,8072,61.8,4191,32.1,4379,1527,3089,33.5,11.7,23.7,8995,68.9,4616,35.3,Agropastoral,None,kilimanjaro/hai/machamekusini,153.35,kilimanjaro/same/hedaru,13.44,0.546,0.078,0
manyara/mbulu/yaedaampa,lon35.425.lat-4.003,Yaeda Ampa,Mbulu,Manyara,35.4245998314432,-4.00335267743223,117.9,Rural Ward,13138,111.4,17.681,2085,6.809,803,17.821,2101,4989,42.3,2904,24.6,5673,2281,4732,48.1,19.3,40.1,12686,107.6,7013,59.5,Agropastoral,None,arusha/monduli/meserani,115.62,manyara/mbulu/dongobesh,10.44,0.551,0.104,0
manyara/mbulu/yaedachini,lon35.201.lat-3.871,Yaeda Chini,Mbulu,Manyara,35.2008024110899,-3.87109787261363,542.7,Rural Ward,5420,10,18.256,9908,2.793,1516,18.918,10267,21691,40,11783,21.7,13135,3358,12543,24.2,6.2,23.1,29036,53.5,15901,29.3,Agropastoral,None,arusha/monduli/meserani,134.4,manyara/mbulu/bashay,14.8,0.395,0.543,1
tanga/muheza/zirai,lon38.680.lat-4.977,Zirai,Muheza,Tanga,38.6797994847559,-4.97749630392907,64.1,Rural Ward,9289,144.9,0.483,31,0.106,7,0,0,38,0.6,7,0.1,NA,NA,NA,NA,NA,NA,NA,NA,NA,NA,NA,NA,NA,NA,NA,NA,0.799,0,0
