"","arusha/meru/akheri","arusha/ngorongoro/alailelai","kilimanjaro/rombo/aleni","arusha/ngorongoro/arash","manyara/babati/arri","kilimanjaro/moshi/arushachini","manyara/mbulu/ayamaami","manyara/mbulu/ayamohe","manyara/babati/ayasanda","manyara/babatiurban/babati","manyara/babatiurban/bagara","manyara/hanang/balagidalalu","arusha/arusha/bangata","arusha/arushaurban/baraa","arusha/karatu/baray","manyara/mbulu/bargish","manyara/mbulu/bashay","manyara/babati/bashneti","manyara/hanang/bassodesh","manyara/hanang/bassotu","kilimanjaro/same/bendera","kilimanjaro/siha/biriri","manyara/babati/boay","kilimanjaro/moshimunicipal/bomambuzi","kilimanjaro/same/bombo","kilimanjaro/moshimunicipal/bondeni","manyara/babatiurban/bonga","arusha/karatu/buger","manyara/kiteto/bwagamoyo","kilimanjaro/same/bwambo","arusha/arusha/bwawani","manyara/kiteto/chapakazi","kilimanjaro/same/chome","kilimanjaro/mwanga/chomvu","arusha/karatu/daa","manyara/babati/dabil","arusha/arushaurban/darajambili","manyara/babati/dareda","manyara/mbulu/daudi","arusha/ngorongoro/digodigo","manyara/mbulu/dinamu","manyara/hanang/dirma","manyara/kiteto/dongo","manyara/mbulu/dongobesh","manyara/kiteto/dosidosi","manyara/babati/duru","arusha/longido/elengatadapash","arusha/arushaurban/elerai","manyara/simanjiro/emboreet","arusha/karatu/endabash","manyara/mbulu/endagikot","arusha/karatu/endamaghang","arusha/karatu/endamarariek","manyara/mbulu/endamilay","manyara/hanang/endasak","manyara/hanang/endasiwold","manyara/simanjiro/endiantu","manyara/babati/endokise","manyara/simanjiro/endonyongijape","arusha/ngorongoro/endulen","arusha/longido/engarenaibor","arusha/monduli/engaruka","arusha/longido/engikaret","manyara/kiteto/engusero","arusha/ngorongoro/enguserosambu","arusha/arushaurban/engutoto","arusha/monduli/engutoto","manyara/mbulu/eshkesh","arusha/monduli/esilalei","manyara/babati/galapo","arusha/karatu/ganako","manyara/hanang/ganana","kilimanjaro/siha/gararagua","manyara/mbulu/gehandu","manyara/hanang/gehandu","arusha/longido/gelailumbwa","arusha/longido/gelaimeirugoi","manyara/hanang/gendabi","manyara/hanang/getanuwas","manyara/mbulu/geterer","manyara/hanang/gidahababieg","manyara/babati/gidas","manyara/mbulu/gidihim","manyara/hanang/gisambalang","manyara/hanang/giting","manyara/mbulu/gunyoda","kilimanjaro/hai/haimjini","manyara/mbulu/hayderer","manyara/mbulu/haydom","kilimanjaro/same/hedaru","manyara/hanang/hidet","manyara/hanang/hirbadaw","kilimanjaro/rombo/holili","arusha/arusha/ilkidinga","arusha/longido/ilorienito","manyara/mbulu/imboru","kilimanjaro/siha/ivaeny","kilimanjaro/mwanga/jipe","kilimanjaro/moshi/kahe","kilimanjaro/moshi/kahemashariki","manyara/mbulu/kainam","arusha/ngorongoro/kakesio","kilimanjaro/same/kalemawe","arusha/arushaurban/kaloleni","kilimanjaro/moshimunicipal/kaloleni","arusha/longido/kamwanga","arusha/karatu/kansay","kilimanjaro/moshimunicipal/karanga","kilimanjaro/siha/karansi","arusha/karatu/karatu","kilimanjaro/siha/kashisha","kilimanjaro/rombo/katangaramrere","manyara/hanang/katesh","arusha/arushaurban/kati","kilimanjaro/rombo/kelamfuamokala","kilimanjaro/rombo/kenimengeni","kilimanjaro/hai/kia","manyara/kiteto/kibaya","kilimanjaro/moshimunicipal/kiboriloni","kilimanjaro/moshi/kiboshokati","kilimanjaro/moshi/kiboshomagharibi","kilimanjaro/moshi/kiboshomashariki","kilimanjaro/mwanga/kifula","kilimanjaro/mwanga/kighare","kilimanjaro/mwanga/kigoningoni","kilimanjaro/same/kihurio","manyara/kiteto/kijungu","arusha/meru/kikatiti","arusha/meru/kikwe","kilimanjaro/moshi/kilemakaskazini","kilimanjaro/moshi/kilemakati","kilimanjaro/moshi/kilemakusini","kilimanjaro/mwanga/kileo","kilimanjaro/moshimunicipal/kilimanjaro","kilimanjaro/mwanga/kilomeni","arusha/arushaurban/kimandolu","arusha/arusha/kimnyaki","kilimanjaro/moshi/kimochi","arusha/longido/kimokouwa","kilimanjaro/moshi/kindi","arusha/meru/kingori","kilimanjaro/same/kirangare","arusha/arusha/kiranyi","kilimanjaro/moshi/kirima","kilimanjaro/rombo/kirongosamanga","kilimanjaro/mwanga/kirongwe","manyara/babati/kiru","kilimanjaro/moshi/kiruavunjokusini","kilimanjaro/moshi/kiruavunjomagharibi","kilimanjaro/moshi/kiruavunjomashariki","kilimanjaro/rombo/kirwakeni","kilimanjaro/mwanga/kirya","kilimanjaro/rombo/kisalemsaranga","kilimanjaro/same/kisima","kilimanjaro/same/kisiwani","arusha/arusha/kisongo","kilimanjaro/rombo/kitirimakingachi","arusha/longido/kitumbeine","manyara/simanjiro/kitwai","kilimanjaro/moshimunicipal/kiusa","kilimanjaro/mwanga/kivisini","manyara/simanjiro/komolo","kilimanjaro/moshimunicipal/korongoni","kilimanjaro/mwanga/kwakoa","manyara/hanang/laghanga","manyara/hanang/lalaji","kilimanjaro/mwanga/langata","arusha/meru/leguruki","arusha/arushaurban/lemara","kilimanjaro/mwanga/lembeni","manyara/kiteto/lengatei","arusha/monduli/lepurko","arusha/arushaurban/levolosi","manyara/simanjiro/liborsoit","kilimanjaro/siha/livishi","manyara/simanjiro/loiborsiret","arusha/monduli/lolkisale","arusha/longido/longido","kilimanjaro/moshimunicipal/longuob","manyara/kiteto/loolera","kilimanjaro/same/lugulu","arusha/ngorongoro/maalon","kilimanjaro/same/mabilioni","kilimanjaro/moshi/mabogini","kilimanjaro/hai/machamekaskazini","kilimanjaro/hai/machamekusini","kilimanjaro/hai/machamemagharibi","kilimanjaro/hai/machamemashariki","kilimanjaro/hai/machamenarumu","kilimanjaro/hai/machameuroki","kilimanjaro/hai/machameweruweru","manyara/babati/madunga","manyara/babati/magara","manyara/mbulu/maghang","manyara/babati/magugu","manyara/kiteto/magungu","kilimanjaro/rombo/mahida","manyara/babatiurban/maisaka","kilimanjaro/moshimunicipal/majengo","arusha/monduli/majengo","arusha/meru/majiyachai","manyara/kiteto/makame","kilimanjaro/same/makanya","arusha/meru/makiba","kilimanjaro/rombo/makiidi","kilimanjaro/siha/makiwaru","kilimanjaro/moshi/makuyuni","arusha/monduli/makuyuni","arusha/ngorongoro/malambo","kilimanjaro/moshi/mambakaskazini","kilimanjaro/moshi/mambakusini","manyara/babati/mamire","kilimanjaro/rombo/mamsera","kilimanjaro/rombo/manda","arusha/karatu/mangola","kilimanjaro/same/maore","manyara/mbulu/marang","kilimanjaro/rombo/marangukitowo","kilimanjaro/moshi/marangumagharibi","kilimanjaro/moshi/marangumashariki","manyara/mbulu/maretadu","arusha/meru/maroroni","manyara/hanang/masakta","kilimanjaro/hai/masamakati","kilimanjaro/hai/masamakusini","kilimanjaro/hai/masamamagharibi","kilimanjaro/hai/masamamashariki","kilimanjaro/hai/masamarundugai","manyara/mbulu/masieda","manyara/hanang/maskron","manyara/hanang/masqaroda","manyara/mbulu/masqaroda","arusha/longido/matale","arusha/arusha/mateves","manyara/kiteto/matui","kilimanjaro/moshimunicipal/mawenzi","kilimanjaro/moshi/mbokomu","arusha/meru/mbuguni","arusha/karatu/mbulumbulu","kilimanjaro/rombo/mengwe","manyara/simanjiro/mererani","arusha/monduli/meserani","kilimanjaro/moshimunicipal/mfumuni","kilimanjaro/mwanga/mgagao","kilimanjaro/same/mhezi","kilimanjaro/moshimunicipal/miembeni","kilimanjaro/moshimunicipal/mjimpya","arusha/arusha/mlangarini","manyara/hanang/mogitu","arusha/monduli/moita","arusha/arusha/moivo","arusha/monduli/mondulijuu","arusha/monduli/mondulimjini","arusha/arushaurban/moshono","kilimanjaro/rombo/motamburukitendeni","kilimanjaro/same/mpinji","kilimanjaro/rombo/mraokeryo","kilimanjaro/mwanga/msangeni","kilimanjaro/moshimunicipal/msaranga","kilimanjaro/same/mshewa","kilimanjaro/same/msindo","manyara/simanjiro/msituwatembo","arusha/monduli/mswakini","kilimanjaro/same/mtii","arusha/monduli/mtowambu","arusha/longido/mundarara","manyara/mbulu/murray","arusha/arusha/mussa","manyara/babatiurban/mutuka","manyara/babati/mwada","arusha/arusha/mwandeti","kilimanjaro/mwanga/mwanga","kilimanjaro/mwanga/mwaniko","kilimanjaro/same/mwembe","kilimanjaro/moshi/mwikakusini","kilimanjaro/moshi/mwikakaskazini","kilimanjaro/same/myamba","manyara/simanjiro/naberera","manyara/mbulu/nahasey","arusha/ngorongoro/nainokanoka","manyara/simanjiro/naisinyai","arusha/ngorongoro/naiyobi","arusha/longido/namanga","manyara/mbulu/nambisi","manyara/kiteto/namelock","manyara/babatiurban/nangara","manyara/hanang/nangwa","kilimanjaro/rombo/nanjarareha","manyara/babati/nar","kilimanjaro/siha/nasai","manyara/kiteto/ndedo","kilimanjaro/siha/ndumeti","kilimanjaro/same/ndungu","arusha/arusha/nduruma","kilimanjaro/moshimunicipal/ngambo","kilimanjaro/siha/ngarenairobi","arusha/meru/ngarenanyuki","arusha/arushaurban/ngarenaro","manyara/simanjiro/ngorika","arusha/ngorongoro/ngorongoro","kilimanjaro/rombo/ngoyoni","kilimanjaro/mwanga/ngujini","kilimanjaro/moshimunicipal/njoro","kilimanjaro/same/njoro","manyara/kiteto/njoro","manyara/babati/nkaiti","arusha/meru/nkoanrua","arusha/meru/nkoaranga","arusha/meru/nkoarisambu","kilimanjaro/moshi/okaoni","arusha/arushaurban/olasiti","arusha/ngorongoro/olbalbal","manyara/kiteto/olboroti","kilimanjaro/moshi/oldmoshimagharibi","kilimanjaro/moshi/oldmoshimashariki","arusha/karatu/oldean","arusha/ngorongoro/oldonyosambu","arusha/arusha/oldonyosambu","kilimanjaro/rombo/olele","arusha/arusha/oljoro","manyara/simanjiro/oljorono","arusha/arusha/olkokola","kilimanjaro/siha/olkolili","arusha/longido/olmolog","arusha/arusha/olmotonyi","arusha/ngorongoro/oloipiri","arusha/ngorongoro/oloirien","arusha/arushaurban/oloirieni","arusha/ngorongoro/ololosokwan","arusha/arusha/olorieni","arusha/arusha/oltoroto","arusha/arusha/oltrumet","arusha/longido/orbomba","arusha/ngorongoro/orgosorok","manyara/simanjiro/orkesmet","manyara/kiteto/partimbo","kilimanjaro/moshimunicipal/pasua","arusha/ngorongoro/pinyinyi","arusha/meru/poli","manyara/babati/qashi","arusha/karatu/qurus","kilimanjaro/moshimunicipal/rau","arusha/karatu/rhotia","manyara/babati/riroda","kilimanjaro/same/ruvu","manyara/simanjiro/ruvuremiti","arusha/ngorongoro/sale","arusha/arusha/sambasha","kilimanjaro/same/same","arusha/ngorongoro/samunge","manyara/mbulu/sanubaray","kilimanjaro/siha/sanyajuu","arusha/meru/seelasingisi","arusha/arushaurban/sekei","arusha/monduli/selela","arusha/monduli/sepeko","manyara/simanjiro/shambarai","kilimanjaro/mwanga/shighatini","kilimanjaro/rombo/shimbi","kilimanjaro/moshimunicipal/shirimatunda","manyara/babatiurban/sigino","manyara/hanang/simbay","manyara/babatiurban/singe","manyara/hanang/sirop","arusha/ngorongoro/soitsambu","arusha/arusha/sokonii","arusha/arushaurban/sokonii","arusha/arushaurban/sombetini","manyara/kiteto/songambele","arusha/meru/songoro","kilimanjaro/moshimunicipal/soweto","kilimanjaro/same/stesheni","kilimanjaro/same/suji","manyara/kiteto/sunya","kilimanjaro/rombo/tarakeamotamburu","arusha/arushaurban/terrat","manyara/simanjiro/terrat","arusha/arushaurban/themi","arusha/longido/tingatinga","manyara/mbulu/tlawi","kilimanjaro/mwanga/toloha","manyara/mbulu/tumati","kilimanjaro/rombo/ubetukahe","manyara/babati/ufana","manyara/mbulu/uhuru","arusha/arushaurban/ungaltd","kilimanjaro/moshi/urukaskazini","kilimanjaro/moshi/urukusini","kilimanjaro/moshi/urumashariki","kilimanjaro/moshi/urushimbwe","arusha/meru/usariver","kilimanjaro/rombo/ushiriikuini","kilimanjaro/same/vudee","kilimanjaro/same/vuje","kilimanjaro/same/vumari","kilimanjaro/same/vunta","manyara/mbulu/yaedaampa","manyara/mbulu/yaedachini"
"arusha/meru/akheri",0,0,0,0,0,0,0,0,0,0,0,0,0,0,0,0,0,0,0,0,0,0,0,0,0,0,0,0,0,0,0,0,0,0,0,0,0,0,0,0,0,0,0,0,0,0,0,0,0,0,0,0,0,0,0,0,0,0,0,0,0,0,0,0,0,0,0,0,0,0,0,0,0,0,0,0,0,0,0,0,0,0,0,0,0,0,0,0,0,0,0,0,0,0,0,0,0,0,0,0,0,0,0,0,0,0,0,0,0,0,0,0,0,0,0,0,0,0,0,0,0,0,0,0,0,0,0,0,0,0,0,0,0,0,0,0,0,0,0,0,0,0,0,0,0,0,0,0,0,0,0,0,0,0,0,0,0,0,0,0,0,0,0,0,0,0,0,0,0,0,0,0,0,0,0,0,0,0,0,0,0,0,0,0,0,0,0,0,0,0,0,0,0,0,0,0,0,0,0,0,0,0,0,0,0,0,0,0,0,0,0,0,0,0,0,0,0,0,0,0,0,0,0,0,0,0,0,0,0,0,0,0,0,0,0,0,0,0,0,0,0,0,0,0,0,0,0,0,0,0,0,0,0,0,0,0,0,0,0,0,0,0,0,0,0,0,0,0,0,0,0,0,0,0,0,0,0,0,0,0,0,0,0,0,0,0,0,0,0,0,0,0,0,0,0,0,0,0,0,0,0,0,0,0,0,0,0,0,0,0,0,0,0,0,0,0,0,0,0,0,0,0,0,0,0,0,0,0,0,0,0,0,0,0,0,0,0,0,0,0,0,0,0,0,0,0,0,0,0,0,0,0,0,0,0,0,0,0,0,0,0,0,0,0,0,0,0,0,0,0,0,0,0,0,0,0,0,0,0,0,0,0,0,0,0,0,0,0,0,0,0,0,0,0,0,0,0,0
"arusha/ngorongoro/alailelai",0,0,0,0,0,0,0,0,0,0,0,0,0,0,0,0,0,0,0,0,0,0,0,0,0,0,0,0,0,0,0,0,0,0,0,0,0,0,0,0,0,0,0,0,0,0,0,0,0,0,0,0,0,0,0,0,0,0,0,0,0,0,0,0,0,0,0,0,0,0,0,0,0,0,0,0,0,0,0,0,0,0,0,0,0,0,0,0,0,0,0,0,0,0,0,0,0,0,0,0,0,0,0,0,0,0,0,0,0,0,0,0,0,0,0,0,0,0,0,0,0,0,0,0,0,0,0,0,0,0,0,0,0,0,0,0,0,0,0,0,0,0,0,0,0,0,0,0,0,0,0,0,0,0,0,0,0,0,0,0,0,0,0,0,0,0,0,0,0,0,0,0,0,0,0,0,0,0,0,0,0,0,0,0,0,0,0,0,0,0,0,0,0,0,0,0,0,0,0,0,0,0,0,0,0,0,0,0,0,0,0,0,0,0,0,0,0,0,0,0,0,0,0,0,0,0,0,0,0,0,0,0,0,0,0,0,0,0,0,0,0,0,0,0,0,0,0,0,0,0,0,0,0,0,0,0,0,0,0,0,0,0,0,0,0,0,0,0,0,0,0,0,0,0,0,0,0,0,0,0,0,0,0,0,0,0,0,0,0,0,0,0,0,0,0,0,0,0,0,0,0,0,0,0,0,0,0,0,0,0,0,0,0,0,0,0,0,0,0,0,0,0,0,0,0,0,0,0,0,0,0,0,0,0,0,0,0,0,0,0,0,0,0,0,0,0,0,0,0,0,0,0,0,0,0,0,0,0,0,0,0,0,0,0,0,0,0,0,0,0,0,0,0,0,0,0,0,0,0,0,0,0,0,0,0,0,0,0,0,0,0,0,0,0,0,0,0,0
"kilimanjaro/rombo/aleni",0,0,0,0,0,0,0,0,0,0,0,0,0,0,0,0,0,0,0,0,0,0,0,0,0,0,0,0,0,0,0,0,0,0,0,0,0,0,0,0,0,0,0,0,0,0,0,0,0,0,0,0,0,0,0,0,0,0,0,0,0,0,0,0,0,0,0,0,0,0,0,0,0,0,0,0,0,0,0,0,0,0,0,0,0,0,0,0,0,0,0,0,0,0,0,0,0,0,0,0,0,0,0,0,0,0,0,0,0,0,0,0,0,0,0,0,0,0,0,0,0,0,0,0,0,0,0,0,0,0,0,0,0,0,0,0,0,0,0,0,0,0,0,0,0,0,0,0,0,0,0,0,0,0,0,0,0,0,0,0,0,0,0,0,0,0,0,0,0,0,0,0,0,0,0,0,0,0,0,0,0,0,0,0,0,0,0,0,0,0,0,0,0,0,0,0,0,0,0,0,0,0,0,0,0,0,0,0,0,0,0,0,0,0,0,0,0,0,0,0,0,0,0,0,0,0,0,0,0,0,0,0,0,0,0,0,0,0,0,0,0,0,0,0,0,0,0,0,0,0,0,0,0,0,0,0,0,0,0,0,0,0,0,0,0,0,0,0,0,0,0,0,0,0,0,0,0,0,0,0,0,0,0,0,0,0,0,0,0,0,0,0,0,0,0,0,0,0,0,0,0,0,0,0,0,0,0,0,0,0,0,0,0,0,0,0,0,0,0,0,0,0,0,0,0,0,0,0,0,0,0,0,0,0,0,0,0,0,0,0,0,0,0,0,0,0,0,0,0,0,0,0,0,0,0,0,0,0,0,0,0,0,0,0,0,0,0,0,0,0,0,0,0,0,0,0,0,0,0,0,0,0,0,0,0,0,0,0,0,0,0,0,0,0,0,0,0,0
"arusha/ngorongoro/arash",4e-06,2.1e-05,1e-06,0,0,1.7e-05,0,0,0,3.1e-05,1e-06,0,3e-06,4.6e-05,1.7e-05,0,0,1e-06,0,1e-06,0,4e-06,0,0,0,0,0,0,0,0,1.2e-05,0,0,0,6e-06,0,4e-06,9e-06,1e-06,0.000391,0,0,1.5e-05,9e-06,2e-06,0,6e-06,0.001102,6e-05,1e-06,0,2e-06,1e-06,0,6e-06,0,0,0,9e-06,0.002056,5.4e-05,0.000169,4.1e-05,1e-06,0,2.8e-05,1.8e-05,0,8e-06,2.3e-05,1e-06,0,1e-06,4e-06,1e-06,0.000199,2.4e-05,0,0,0,0,1e-06,0,0,0,0,0.000139,0,9e-06,4.9e-05,0,0,0.000133,2.7e-05,5e-06,1.8e-05,1e-05,0,5.6e-05,1.4e-05,0,1e-06,1e-05,7e-06,2e-06,0.00012,1e-06,1.3e-05,6e-06,0.000159,7e-06,4.5e-05,4e-06,0,1e-06,0,4.7e-05,0,7.2e-05,7e-06,4e-06,0.00014,0,1e-06,0,4e-06,1.1e-05,0.000238,1.4e-05,0,0,1.4e-05,2.7e-05,3e-06,0,2.5e-05,2e-06,9e-06,0.000443,2.1e-05,1e-05,0,9e-06,2e-06,1e-06,1.9e-05,0,3e-05,2.7e-05,9e-06,0,0,1e-06,0,1.7e-05,0.000283,2e-06,1e-05,1e-06,0.001031,4e-06,4.2e-05,0,1e-06,0,0,5e-06,6e-06,4.7e-05,2e-06,4e-06,0.000116,0.000758,7e-06,3e-06,9e-06,9.3e-05,1e-06,2.1e-05,6e-06,0,0.000488,2.7e-05,3e-06,0.000148,0.002511,0,1e-06,7.1e-05,2.2e-05,5e-06,2e-06,6e-06,0,2.2e-05,1e-06,0,0,2.4e-05,1e-06,8.1e-05,3e-06,1.5e-05,0,3.8e-05,3e-06,0.000216,7.6e-05,0.002345,1e-06,0,0,7.4e-05,0,0,4e-06,0,0.000365,3e-06,1.9e-05,0,0,0,1e-06,8.3e-05,2e-06,0.00013,1e-06,2e-06,0,0,0,0.000806,9.1e-05,2e-06,0,1e-06,1.2e-05,6.3e-05,0,7e-06,0.000712,0,0.000417,0,0,1e-06,3.2e-05,0,3e-06,0.000254,0.000482,1e-06,6.2e-05,2.3e-05,8e-06,1e-06,2e-06,0,0,0,7e-06,0,0,0.000108,8e-06,0,9.9e-05,0,5e-06,9.2e-05,4.9e-05,0,0,0.000197,1e-06,9e-06,1.7e-05,0,2.4e-05,3e-06,4e-06,0.001726,1e-06,0,0,0,1e-06,0,0,1e-06,7e-06,1e-06,0.000159,5e-06,1.3e-05,0.000106,1e-06,8e-06,8.1e-05,0,0,0,4e-06,0,0.000104,6e-06,1e-06,0,1e-06,7.1e-05,0.000205,1e-06,0,4e-06,1e-06,2.7e-05,0.000245,0.000129,7.4e-05,7e-06,0.000114,1.1e-05,7.8e-05,0.000689,0.002167,0.002568,2e-06,8.8e-05,1.8e-05,2.7e-05,1.2e-05,0.001682,0.002679,1.8e-05,0,2e-06,8.4e-05,0.000171,1e-06,1e-06,0,1e-06,0,3.3e-05,6e-06,0.000492,3.5e-05,2.7e-05,0.000565,0,3.1e-05,2e-06,0.000307,8.6e-05,3.3e-05,2.2e-05,2e-06,1e-06,5e-06,0,0,0,0,8.9e-05,0.000205,5.3e-05,0.000124,1e-06,2.2e-05,2e-06,0,0,1e-06,1e-06,1.1e-05,6e-06,0,0.000184,0,0,0,0.000268,2e-06,0,5e-06,0,5.3e-05,1e-05,0,7.3e-05,0,0,1e-06,0,0,0,0
"manyara/babati/arri",0,0,0,0,0,0,0,0,0,0,0,0,0,0,0,0,0,0,0,0,0,0,0,0,0,0,0,0,0,0,0,0,0,0,0,0,0,0,0,0,0,0,0,0,0,0,0,0,0,0,0,0,0,0,0,0,0,0,0,0,0,0,0,0,0,0,0,0,0,0,0,0,0,0,0,0,0,0,0,0,0,0,0,0,0,0,0,0,0,0,0,0,0,0,0,0,0,0,0,0,0,0,0,0,0,0,0,0,0,0,0,0,0,0,0,0,0,0,0,0,0,0,0,0,0,0,0,0,0,0,0,0,0,0,0,0,0,0,0,0,0,0,0,0,0,0,0,0,0,0,0,0,0,0,0,0,0,0,0,0,0,0,0,0,0,0,0,0,0,0,0,0,0,0,0,0,0,0,0,0,0,0,0,0,0,0,0,0,0,0,0,0,0,0,0,0,0,0,0,0,0,0,0,0,0,0,0,0,0,0,0,0,0,0,0,0,0,0,0,0,0,0,0,0,0,0,0,0,0,0,0,0,0,0,0,0,0,0,0,0,0,0,0,0,0,0,0,0,0,0,0,0,0,0,0,0,0,0,0,0,0,0,0,0,0,0,0,0,0,0,0,0,0,0,0,0,0,0,0,0,0,0,0,0,0,0,0,0,0,0,0,0,0,0,0,0,0,0,0,0,0,0,0,0,0,0,0,0,0,0,0,0,0,0,0,0,0,0,0,0,0,0,0,0,0,0,0,0,0,0,0,0,0,0,0,0,0,0,0,0,0,0,0,0,0,0,0,0,0,0,0,0,0,0,0,0,0,0,0,0,0,0,0,0,0,0,0,0,0,0,0,0,0,0,0,0,0,0,0,0,0,0,0,0,0,0,0,0,0,0,0,0,0,0,0,0,0,0
"kilimanjaro/moshi/arushachini",0,0,0,0,0,0,0,0,0,0,0,0,0,0,0,0,0,0,0,0,0,0,0,0,0,0,0,0,0,0,0,0,0,0,0,0,0,0,0,0,0,0,0,0,0,0,0,0,0,0,0,0,0,0,0,0,0,0,0,0,0,0,0,0,0,0,0,0,0,0,0,0,0,0,0,0,0,0,0,0,0,0,0,0,0,0,0,0,0,0,0,0,0,0,0,0,0,0,0,0,0,0,0,0,0,0,0,0,0,0,0,0,0,0,0,0,0,0,0,0,0,0,0,0,0,0,0,0,0,0,0,0,0,0,0,0,0,0,0,0,0,0,0,0,0,0,0,0,0,0,0,0,0,0,0,0,0,0,0,0,0,0,0,0,0,0,0,0,0,0,0,0,0,0,0,0,0,0,0,0,0,0,0,0,0,0,0,0,0,0,0,0,0,0,0,0,0,0,0,0,0,0,0,0,0,0,0,0,0,0,0,0,0,0,0,0,0,0,0,0,0,0,0,0,0,0,0,0,0,0,0,0,0,0,0,0,0,0,0,0,0,0,0,0,0,0,0,0,0,0,0,0,0,0,0,0,0,0,0,0,0,0,0,0,0,0,0,0,0,0,0,0,0,0,0,0,0,0,0,0,0,0,0,0,0,0,0,0,0,0,0,0,0,0,0,0,0,0,0,0,0,0,0,0,0,0,0,0,0,0,0,0,0,0,0,0,0,0,0,0,0,0,0,0,0,0,0,0,0,0,0,0,0,0,0,0,0,0,0,0,0,0,0,0,0,0,0,0,0,0,0,0,0,0,0,0,0,0,0,0,0,0,0,0,0,0,0,0,0,0,0,0,0,0,0,0,0,0,0,0,0,0,0,0,0,0,0,0,0,0,0,0,0,0,0,0,0,0
"manyara/mbulu/ayamaami",0,0,0,0,0,0,0,0,0,0,0,0,0,0,0,0,0,0,0,0,0,0,0,0,0,0,0,0,0,0,0,0,0,0,0,0,0,0,0,0,0,0,0,0,0,0,0,0,0,0,0,0,0,0,0,0,0,0,0,0,0,0,0,0,0,0,0,0,0,0,0,0,0,0,0,0,0,0,0,0,0,0,0,0,0,0,0,0,0,0,0,0,0,0,0,0,0,0,0,0,0,0,0,0,0,0,0,0,0,0,0,0,0,0,0,0,0,0,0,0,0,0,0,0,0,0,0,0,0,0,0,0,0,0,0,0,0,0,0,0,0,0,0,0,0,0,0,0,0,0,0,0,0,0,0,0,0,0,0,0,0,0,0,0,0,0,0,0,0,0,0,0,0,0,0,0,0,0,0,0,0,0,0,0,0,0,0,0,0,0,0,0,0,0,0,0,0,0,0,0,0,0,0,0,0,0,0,0,0,0,0,0,0,0,0,0,0,0,0,0,0,0,0,0,0,0,0,0,0,0,0,0,0,0,0,0,0,0,0,0,0,0,0,0,0,0,0,0,0,0,0,0,0,0,0,0,0,0,0,0,0,0,0,0,0,0,0,0,0,0,0,0,0,0,0,0,0,0,0,0,0,0,0,0,0,0,0,0,0,0,0,0,0,0,0,0,0,0,0,0,0,0,0,0,0,0,0,0,0,0,0,0,0,0,0,0,0,0,0,0,0,0,0,0,0,0,0,0,0,0,0,0,0,0,0,0,0,0,0,0,0,0,0,0,0,0,0,0,0,0,0,0,0,0,0,0,0,0,0,0,0,0,0,0,0,0,0,0,0,0,0,0,0,0,0,0,0,0,0,0,0,0,0,0,0,0,0,0,0,0,0,0,0,0,0,0,0,0
"manyara/mbulu/ayamohe",0,0,0,0,0,0,0,0,0,0,0,0,0,0,0,0,0,0,0,0,0,0,0,0,0,0,0,0,0,0,0,0,0,0,0,0,0,0,0,0,0,0,0,0,0,0,0,0,0,0,0,0,0,0,0,0,0,0,0,0,0,0,0,0,0,0,0,0,0,0,0,0,0,0,0,0,0,0,0,0,0,0,0,0,0,0,0,0,0,0,0,0,0,0,0,0,0,0,0,0,0,0,0,0,0,0,0,0,0,0,0,0,0,0,0,0,0,0,0,0,0,0,0,0,0,0,0,0,0,0,0,0,0,0,0,0,0,0,0,0,0,0,0,0,0,0,0,0,0,0,0,0,0,0,0,0,0,0,0,0,0,0,0,0,0,0,0,0,0,0,0,0,0,0,0,0,0,0,0,0,0,0,0,0,0,0,0,0,0,0,0,0,0,0,0,0,0,0,0,0,0,0,0,0,0,0,0,0,0,0,0,0,0,0,0,0,0,0,0,0,0,0,0,0,0,0,0,0,0,0,0,0,0,0,0,0,0,0,0,0,0,0,0,0,0,0,0,0,0,0,0,0,0,0,0,0,0,0,0,0,0,0,0,0,0,0,0,0,0,0,0,0,0,0,0,0,0,0,0,0,0,0,0,0,0,0,0,0,0,0,0,0,0,0,0,0,0,0,0,0,0,0,0,0,0,0,0,0,0,0,0,0,0,0,0,0,0,0,0,0,0,0,0,0,0,0,0,0,0,0,0,0,0,0,0,0,0,0,0,0,0,0,0,0,0,0,0,0,0,0,0,0,0,0,0,0,0,0,0,0,0,0,0,0,0,0,0,0,0,0,0,0,0,0,0,0,0,0,0,0,0,0,0,0,0,0,0,0,0,0,0,0,0,0,0,0,0,0
"manyara/babati/ayasanda",0,0,0,0,0,0,0,0,0,0,0,0,0,0,0,0,0,0,0,0,0,0,0,0,0,0,0,0,0,0,0,0,0,0,0,0,0,0,0,0,0,0,0,0,0,0,0,0,0,0,0,0,0,0,0,0,0,0,0,0,0,0,0,0,0,0,0,0,0,0,0,0,0,0,0,0,0,0,0,0,0,0,0,0,0,0,0,0,0,0,0,0,0,0,0,0,0,0,0,0,0,0,0,0,0,0,0,0,0,0,0,0,0,0,0,0,0,0,0,0,0,0,0,0,0,0,0,0,0,0,0,0,0,0,0,0,0,0,0,0,0,0,0,0,0,0,0,0,0,0,0,0,0,0,0,0,0,0,0,0,0,0,0,0,0,0,0,0,0,0,0,0,0,0,0,0,0,0,0,0,0,0,0,0,0,0,0,0,0,0,0,0,0,0,0,0,0,0,0,0,0,0,0,0,0,0,0,0,0,0,0,0,0,0,0,0,0,0,0,0,0,0,0,0,0,0,0,0,0,0,0,0,0,0,0,0,0,0,0,0,0,0,0,0,0,0,0,0,0,0,0,0,0,0,0,0,0,0,0,0,0,0,0,0,0,0,0,0,0,0,0,0,0,0,0,0,0,0,0,0,0,0,0,0,0,0,0,0,0,0,0,0,0,0,0,0,0,0,0,0,0,0,0,0,0,0,0,0,0,0,0,0,0,0,0,0,0,0,0,0,0,0,0,0,0,0,0,0,0,0,0,0,0,0,0,0,0,0,0,0,0,0,0,0,0,0,0,0,0,0,0,0,0,0,0,0,0,0,0,0,0,0,0,0,0,0,0,0,0,0,0,0,0,0,0,0,0,0,0,0,0,0,0,0,0,0,0,0,0,0,0,0,0,0,0,0,0,0
"manyara/babatiurban/babati",9.3e-05,3.1e-05,8e-06,0.000125,0.000342,0.000375,3.2e-05,3.7e-05,0.000353,0,0.006021,2.7e-05,6.9e-05,0.001084,0.00074,8.5e-05,5e-05,0.000465,2.9e-05,9.5e-05,8e-06,4.4e-05,0.000238,7e-06,6e-06,2e-06,0.001141,4.2e-05,3e-06,1e-05,0.000624,2.2e-05,4e-06,5e-06,8.4e-05,0.000177,0.000108,0.007603,0.000125,0.000161,5.4e-05,2.6e-05,0.000436,0.002028,9.4e-05,0.000344,4.1e-05,0.02581,0.009399,3.9e-05,5.5e-05,2.5e-05,3.5e-05,4.4e-05,0.003962,6.2e-05,1.4e-05,0.000255,0.000374,0.004792,0.000149,0.000514,0.000369,5.6e-05,0,0.000756,0.000384,1.9e-05,0.000346,0.014581,1.7e-05,9e-06,1.4e-05,0.000945,8.7e-05,0.000263,4.6e-05,2.9e-05,1.5e-05,2.3e-05,4.7e-05,0.000632,5.6e-05,3.9e-05,0.000177,2.8e-05,0.002785,3.4e-05,0.000608,0.000926,4e-05,1.6e-05,0.002335,0.000504,2.1e-05,0.003741,0.00016,3e-06,0.001174,0.000282,8.2e-05,1.5e-05,0.000233,0.000164,3.6e-05,0.001356,3.8e-05,0.000238,1e-04,0.002181,0.000112,0.000679,0.000949,4e-06,1e-05,8e-06,0.001035,1.4e-05,0.001302,0.000117,4.5e-05,0.002239,8e-06,2.9e-05,3e-06,9.6e-05,0.000357,0.003626,0.000382,8e-06,7e-06,0.000183,0.000534,5.4e-05,2e-06,0.000594,3.2e-05,0.000153,0.0026,0.000383,0.000197,5e-06,0.000211,3.5e-05,1.4e-05,0.000421,0.000516,0.000564,0.00046,0.000153,7e-06,7e-06,1.1e-05,9e-06,0.000373,0.007222,2.1e-05,3.5e-05,6.3e-05,0.019055,7.9e-05,0.002455,3e-06,2.1e-05,1.7e-05,2.3e-05,0.000112,9.9e-05,0.001231,4.7e-05,0.000119,0.002131,0.01785,0.000235,3.9e-05,0.001109,0.007926,7e-06,0.000383,0.000271,3e-06,3.2e-05,0.000758,6.6e-05,0.00241,0.071358,5e-06,9e-06,0.001242,0.000374,0.000105,0.001602,0.000674,4e-05,0.018788,2.7e-05,8e-06,0.001538,0.000446,1.2e-05,0.001726,0.00039,0.000295,8e-06,0.000602,5.4e-05,0.003961,0.002475,0.000419,1e-05,9e-06,0.000322,0.001247,4e-06,1.3e-05,9.6e-05,2.7e-05,0.00537,5.1e-05,0.000319,4.8e-05,8e-06,0.000148,9e-06,0.001538,3.4e-05,0.002075,1.9e-05,0.000155,5.5e-05,8.2e-05,4.5e-05,0.00159,0.002708,0.000108,1e-06,1e-05,0.000251,0.000436,6e-06,0.000197,0.055401,4e-06,0.007029,5e-06,7e-06,2.5e-05,0.000872,5.8e-05,0.000138,0.005766,0.004358,1.8e-05,0.001592,3e-04,0.000197,9e-06,4.1e-05,6e-06,6e-06,5e-06,0.000126,2.6e-05,6e-06,0.001933,3.1e-05,0.000182,0.002173,0.001495,0.002534,0.001684,0.001088,7e-06,6e-06,0.003408,1.8e-05,0.000225,0.000703,0.000122,0.000115,7.7e-05,9e-06,0.010015,0.000322,1.2e-05,0.003631,3.1e-05,1.9e-05,0.000166,8e-06,0.000102,8.7e-05,1.7e-05,0.004578,9.8e-05,0.000172,0.001179,3.1e-05,0.000255,0.000499,3e-06,2e-06,7e-06,9.5e-05,2.5e-05,0.014258,0.000127,1.6e-05,1e-05,8e-06,0.00132,0.000172,8.2e-05,6e-06,6.3e-05,1.5e-05,1.1e-05,0.002418,0.001903,0.002021,0.000365,0.001963,0.000215,0.000818,0.009979,0.000268,0.000335,4.8e-05,4e-05,0.000404,0.000588,0.000253,0.008344,0.001042,0.000625,1.7e-05,3.4e-05,5.3e-05,0.00382,0.000492,1.8e-05,6e-06,1.8e-05,0.000613,0.001002,0.000172,0.000106,0.00062,0.000702,0.00014,3.7e-05,0.000504,4.9e-05,0.007219,0.000864,0.000957,0.000624,3.6e-05,1.3e-05,9.9e-05,0.001032,4.9e-05,0.002116,3.7e-05,2.7e-05,0.004559,0.000997,0.003109,2.6e-05,0.00042,3.7e-05,2e-06,8e-06,3.1e-05,1.5e-05,0.00035,0.000359,1.1e-05,0.001222,5e-05,3e-06,0.000104,0.003805,0.000653,2.9e-05,0.000131,8e-06,0.000925,0.000166,5e-06,0.001704,6e-06,6e-06,1.3e-05,2e-06,3e-06,8.3e-05,2.6e-05
"manyara/babatiurban/bagara",0,0,0,0,0,0,0,0,0,0,0,0,0,0,0,0,0,0,0,0,0,0,0,0,0,0,0,0,0,0,0,0,0,0,0,0,0,0,0,0,0,0,0,0,0,0,0,0,0,0,0,0,0,0,0,0,0,0,0,0,0,0,0,0,0,0,0,0,0,0,0,0,0,0,0,0,0,0,0,0,0,0,0,0,0,0,0,0,0,0,0,0,0,0,0,0,0,0,0,0,0,0,0,0,0,0,0,0,0,0,0,0,0,0,0,0,0,0,0,0,0,0,0,0,0,0,0,0,0,0,0,0,0,0,0,0,0,0,0,0,0,0,0,0,0,0,0,0,0,0,0,0,0,0,0,0,0,0,0,0,0,0,0,0,0,0,0,0,0,0,0,0,0,0,0,0,0,0,0,0,0,0,0,0,0,0,0,0,0,0,0,0,0,0,0,0,0,0,0,0,0,0,0,0,0,0,0,0,0,0,0,0,0,0,0,0,0,0,0,0,0,0,0,0,0,0,0,0,0,0,0,0,0,0,0,0,0,0,0,0,0,0,0,0,0,0,0,0,0,0,0,0,0,0,0,0,0,0,0,0,0,0,0,0,0,0,0,0,0,0,0,0,0,0,0,0,0,0,0,0,0,0,0,0,0,0,0,0,0,0,0,0,0,0,0,0,0,0,0,0,0,0,0,0,0,0,0,0,0,0,0,0,0,0,0,0,0,0,0,0,0,0,0,0,0,0,0,0,0,0,0,0,0,0,0,0,0,0,0,0,0,0,0,0,0,0,0,0,0,0,0,0,0,0,0,0,0,0,0,0,0,0,0,0,0,0,0,0,0,0,0,0,0,0,0,0,0,0,0,0,0,0,0,0,0,0,0,0,0,0,0,0,0,0,0,0,0,0
"manyara/hanang/balagidalalu",0,0,0,0,0,0,0,0,0,0,0,0,0,0,0,0,0,0,0,0,0,0,0,0,0,0,0,0,0,0,0,0,0,0,0,0,0,0,0,0,0,0,0,0,0,0,0,0,0,0,0,0,0,0,0,0,0,0,0,0,0,0,0,0,0,0,0,0,0,0,0,0,0,0,0,0,0,0,0,0,0,0,0,0,0,0,0,0,0,0,0,0,0,0,0,0,0,0,0,0,0,0,0,0,0,0,0,0,0,0,0,0,0,0,0,0,0,0,0,0,0,0,0,0,0,0,0,0,0,0,0,0,0,0,0,0,0,0,0,0,0,0,0,0,0,0,0,0,0,0,0,0,0,0,0,0,0,0,0,0,0,0,0,0,0,0,0,0,0,0,0,0,0,0,0,0,0,0,0,0,0,0,0,0,0,0,0,0,0,0,0,0,0,0,0,0,0,0,0,0,0,0,0,0,0,0,0,0,0,0,0,0,0,0,0,0,0,0,0,0,0,0,0,0,0,0,0,0,0,0,0,0,0,0,0,0,0,0,0,0,0,0,0,0,0,0,0,0,0,0,0,0,0,0,0,0,0,0,0,0,0,0,0,0,0,0,0,0,0,0,0,0,0,0,0,0,0,0,0,0,0,0,0,0,0,0,0,0,0,0,0,0,0,0,0,0,0,0,0,0,0,0,0,0,0,0,0,0,0,0,0,0,0,0,0,0,0,0,0,0,0,0,0,0,0,0,0,0,0,0,0,0,0,0,0,0,0,0,0,0,0,0,0,0,0,0,0,0,0,0,0,0,0,0,0,0,0,0,0,0,0,0,0,0,0,0,0,0,0,0,0,0,0,0,0,0,0,0,0,0,0,0,0,0,0,0,0,0,0,0,0,0,0,0,0,0,0,0
"arusha/arusha/bangata",0,0,0,0,0,0,0,0,0,0,0,0,0,0,0,0,0,0,0,0,0,0,0,0,0,0,0,0,0,0,0,0,0,0,0,0,0,0,0,0,0,0,0,0,0,0,0,0,0,0,0,0,0,0,0,0,0,0,0,0,0,0,0,0,0,0,0,0,0,0,0,0,0,0,0,0,0,0,0,0,0,0,0,0,0,0,0,0,0,0,0,0,0,0,0,0,0,0,0,0,0,0,0,0,0,0,0,0,0,0,0,0,0,0,0,0,0,0,0,0,0,0,0,0,0,0,0,0,0,0,0,0,0,0,0,0,0,0,0,0,0,0,0,0,0,0,0,0,0,0,0,0,0,0,0,0,0,0,0,0,0,0,0,0,0,0,0,0,0,0,0,0,0,0,0,0,0,0,0,0,0,0,0,0,0,0,0,0,0,0,0,0,0,0,0,0,0,0,0,0,0,0,0,0,0,0,0,0,0,0,0,0,0,0,0,0,0,0,0,0,0,0,0,0,0,0,0,0,0,0,0,0,0,0,0,0,0,0,0,0,0,0,0,0,0,0,0,0,0,0,0,0,0,0,0,0,0,0,0,0,0,0,0,0,0,0,0,0,0,0,0,0,0,0,0,0,0,0,0,0,0,0,0,0,0,0,0,0,0,0,0,0,0,0,0,0,0,0,0,0,0,0,0,0,0,0,0,0,0,0,0,0,0,0,0,0,0,0,0,0,0,0,0,0,0,0,0,0,0,0,0,0,0,0,0,0,0,0,0,0,0,0,0,0,0,0,0,0,0,0,0,0,0,0,0,0,0,0,0,0,0,0,0,0,0,0,0,0,0,0,0,0,0,0,0,0,0,0,0,0,0,0,0,0,0,0,0,0,0,0,0,0,0,0,0,0,0,0
"arusha/arushaurban/baraa",0,0,0,0,0,0,0,0,0,0,0,0,0,0,0,0,0,0,0,0,0,0,0,0,0,0,0,0,0,0,0,0,0,0,0,0,0,0,0,0,0,0,0,0,0,0,0,0,0,0,0,0,0,0,0,0,0,0,0,0,0,0,0,0,0,0,0,0,0,0,0,0,0,0,0,0,0,0,0,0,0,0,0,0,0,0,0,0,0,0,0,0,0,0,0,0,0,0,0,0,0,0,0,0,0,0,0,0,0,0,0,0,0,0,0,0,0,0,0,0,0,0,0,0,0,0,0,0,0,0,0,0,0,0,0,0,0,0,0,0,0,0,0,0,0,0,0,0,0,0,0,0,0,0,0,0,0,0,0,0,0,0,0,0,0,0,0,0,0,0,0,0,0,0,0,0,0,0,0,0,0,0,0,0,0,0,0,0,0,0,0,0,0,0,0,0,0,0,0,0,0,0,0,0,0,0,0,0,0,0,0,0,0,0,0,0,0,0,0,0,0,0,0,0,0,0,0,0,0,0,0,0,0,0,0,0,0,0,0,0,0,0,0,0,0,0,0,0,0,0,0,0,0,0,0,0,0,0,0,0,0,0,0,0,0,0,0,0,0,0,0,0,0,0,0,0,0,0,0,0,0,0,0,0,0,0,0,0,0,0,0,0,0,0,0,0,0,0,0,0,0,0,0,0,0,0,0,0,0,0,0,0,0,0,0,0,0,0,0,0,0,0,0,0,0,0,0,0,0,0,0,0,0,0,0,0,0,0,0,0,0,0,0,0,0,0,0,0,0,0,0,0,0,0,0,0,0,0,0,0,0,0,0,0,0,0,0,0,0,0,0,0,0,0,0,0,0,0,0,0,0,0,0,0,0,0,0,0,0,0,0,0,0,0,0,0,0,0
"arusha/karatu/baray",1.6e-05,2e-05,2e-06,9.1e-05,9e-06,7.2e-05,7e-06,9e-06,4e-06,0.000959,1.8e-05,4e-06,1.3e-05,0.000189,0,3.3e-05,5.9e-05,5e-05,1.3e-05,3.6e-05,2e-06,9e-06,3e-06,1e-06,1e-06,0,6e-06,1.4e-05,0,2e-06,9.1e-05,3e-06,1e-06,1e-06,0.000101,1.5e-05,1.9e-05,0.000325,6.1e-05,8e-05,4.3e-05,2e-06,7.7e-05,0.000645,1.3e-05,5e-06,1.2e-05,0.004579,0.000579,3.1e-05,1.7e-05,5.3e-05,1.5e-05,6.6e-05,0.000163,3e-06,2e-06,4e-06,5.3e-05,0.010247,5e-05,0.000201,9.6e-05,8e-06,0,0.000123,7.4e-05,7.9e-05,8.1e-05,0.00027,1.2e-05,1e-06,3e-06,2e-04,1.9e-05,0.000105,2e-05,4e-06,8e-06,1.9e-05,2e-06,1.3e-05,2e-05,3e-06,1.6e-05,1.9e-05,0.000545,1.7e-05,0.000696,0.00018,2e-06,1.2e-05,0.000518,9.8e-05,7e-06,0.00143,3.5e-05,1e-06,0.000233,5.8e-05,1.3e-05,7.8e-05,4.9e-05,2.9e-05,7e-06,0.000348,2.8e-05,4.9e-05,2.1e-05,0.001208,2.4e-05,0.000159,9.9e-05,1e-06,2e-06,2e-06,0.000192,2e-06,0.000275,2.6e-05,1e-05,0.000499,2e-06,6e-06,1e-06,2e-05,5.6e-05,0.00067,6.3e-05,2e-06,2e-06,3.9e-05,0.00011,1.1e-05,0,0.000104,6e-06,3.3e-05,0.000785,8e-05,3.8e-05,1e-06,3.7e-05,7e-06,3e-06,8.5e-05,1.2e-05,0.000119,1e-04,3.3e-05,2e-06,1e-06,3e-06,2e-06,8e-05,0.001249,5e-06,1.1e-05,9e-06,0.003988,1.6e-05,0.000216,1e-06,4e-06,5e-06,3e-06,2.1e-05,2e-05,0.000205,9e-06,2e-05,0.000426,0.003149,3.7e-05,9e-06,6.3e-05,0.000623,2e-06,8e-05,4.3e-05,1e-06,2e-05,0.000143,1.3e-05,0.000526,0.015061,1e-06,2e-06,0.000262,8e-05,2.1e-05,0.000125,0.000127,3.9e-05,0.000357,4e-06,2e-06,6e-06,9.3e-05,4e-06,0.00032,2.8e-05,5.5e-05,1e-06,0.000138,1.1e-05,0.000855,0.000406,0.000314,2e-06,2e-06,6e-06,0.000282,1e-06,6.1e-05,2e-05,1.3e-05,0.001287,1.1e-05,7.1e-05,2.8e-05,1e-06,5e-06,2e-06,0.000313,7e-06,0.000454,4e-06,0.000286,3e-06,3e-06,4.7e-05,0.000615,0.000428,1.3e-05,0,2e-06,3.9e-05,0.000181,1e-06,3.1e-05,0.007246,1e-06,0.001368,1e-06,1e-06,5e-06,0.000143,8e-06,1.9e-05,0.001031,0.001028,3e-06,0.000267,7.3e-05,4e-05,2e-06,8e-06,1e-06,1e-06,1e-06,2.2e-05,3e-06,1e-06,0.000644,1e-05,1.8e-05,0.000402,3e-06,0.000105,0.000335,0.000214,1e-06,1e-06,0.000754,4e-06,4.6e-05,7.8e-05,1.4e-05,6.4e-05,1.3e-05,5e-06,0.003062,4.9e-05,2e-06,6e-06,2e-06,5e-06,2.7e-05,2e-06,1.1e-05,2.1e-05,4e-06,0.000727,2.1e-05,4e-05,0.000249,5e-06,4.2e-05,0.000582,1e-06,0,1e-06,1.8e-05,3e-06,0.001304,2.3e-05,3e-06,2e-06,2e-06,0.000222,0.000186,8e-06,1e-06,1.4e-05,1.4e-05,5e-06,0.000534,0.000451,0.000277,4.2e-05,0.000399,4.3e-05,0.000211,0.001876,0.000158,0.000188,8e-06,2.2e-05,7.3e-05,0.000107,4.7e-05,0.002369,0.000533,8.1e-05,2e-06,7e-06,2.6e-05,0.000687,9e-06,1.3e-05,1e-06,8e-06,7e-06,0.000174,3.2e-05,5.8e-05,0.000123,0.000133,7.5e-05,8e-06,0.000108,9e-06,0.00127,0.000244,0.000164,8.3e-05,7e-06,3e-06,2e-05,7e-06,2e-06,5e-06,2e-06,1.5e-05,0.000822,0.000165,0.00053,4e-06,8.1e-05,8e-06,0,1e-06,5e-06,4e-06,5.3e-05,3.1e-05,2e-06,0.00032,1.8e-05,1e-06,1.8e-05,0.000916,0.000142,9e-06,2.3e-05,2e-06,0.000197,3.6e-05,1e-06,3e-04,1e-06,1e-06,3e-06,0,1e-06,2.6e-05,0.000147
"manyara/mbulu/bargish",0,0,0,0,0,0,0,0,0,0,0,0,0,0,0,0,0,0,0,0,0,0,0,0,0,0,0,0,0,0,0,0,0,0,0,0,0,0,0,0,0,0,0,0,0,0,0,0,0,0,0,0,0,0,0,0,0,0,0,0,0,0,0,0,0,0,0,0,0,0,0,0,0,0,0,0,0,0,0,0,0,0,0,0,0,0,0,0,0,0,0,0,0,0,0,0,0,0,0,0,0,0,0,0,0,0,0,0,0,0,0,0,0,0,0,0,0,0,0,0,0,0,0,0,0,0,0,0,0,0,0,0,0,0,0,0,0,0,0,0,0,0,0,0,0,0,0,0,0,0,0,0,0,0,0,0,0,0,0,0,0,0,0,0,0,0,0,0,0,0,0,0,0,0,0,0,0,0,0,0,0,0,0,0,0,0,0,0,0,0,0,0,0,0,0,0,0,0,0,0,0,0,0,0,0,0,0,0,0,0,0,0,0,0,0,0,0,0,0,0,0,0,0,0,0,0,0,0,0,0,0,0,0,0,0,0,0,0,0,0,0,0,0,0,0,0,0,0,0,0,0,0,0,0,0,0,0,0,0,0,0,0,0,0,0,0,0,0,0,0,0,0,0,0,0,0,0,0,0,0,0,0,0,0,0,0,0,0,0,0,0,0,0,0,0,0,0,0,0,0,0,0,0,0,0,0,0,0,0,0,0,0,0,0,0,0,0,0,0,0,0,0,0,0,0,0,0,0,0,0,0,0,0,0,0,0,0,0,0,0,0,0,0,0,0,0,0,0,0,0,0,0,0,0,0,0,0,0,0,0,0,0,0,0,0,0,0,0,0,0,0,0,0,0,0,0,0,0,0,0,0,0,0,0,0,0,0,0,0,0,0,0,0,0,0,0,0,0
"manyara/mbulu/bashay",0,0,0,0,0,0,0,0,0,0,0,0,0,0,0,0,0,0,0,0,0,0,0,0,0,0,0,0,0,0,0,0,0,0,0,0,0,0,0,0,0,0,0,0,0,0,0,0,0,0,0,0,0,0,0,0,0,0,0,0,0,0,0,0,0,0,0,0,0,0,0,0,0,0,0,0,0,0,0,0,0,0,0,0,0,0,0,0,0,0,0,0,0,0,0,0,0,0,0,0,0,0,0,0,0,0,0,0,0,0,0,0,0,0,0,0,0,0,0,0,0,0,0,0,0,0,0,0,0,0,0,0,0,0,0,0,0,0,0,0,0,0,0,0,0,0,0,0,0,0,0,0,0,0,0,0,0,0,0,0,0,0,0,0,0,0,0,0,0,0,0,0,0,0,0,0,0,0,0,0,0,0,0,0,0,0,0,0,0,0,0,0,0,0,0,0,0,0,0,0,0,0,0,0,0,0,0,0,0,0,0,0,0,0,0,0,0,0,0,0,0,0,0,0,0,0,0,0,0,0,0,0,0,0,0,0,0,0,0,0,0,0,0,0,0,0,0,0,0,0,0,0,0,0,0,0,0,0,0,0,0,0,0,0,0,0,0,0,0,0,0,0,0,0,0,0,0,0,0,0,0,0,0,0,0,0,0,0,0,0,0,0,0,0,0,0,0,0,0,0,0,0,0,0,0,0,0,0,0,0,0,0,0,0,0,0,0,0,0,0,0,0,0,0,0,0,0,0,0,0,0,0,0,0,0,0,0,0,0,0,0,0,0,0,0,0,0,0,0,0,0,0,0,0,0,0,0,0,0,0,0,0,0,0,0,0,0,0,0,0,0,0,0,0,0,0,0,0,0,0,0,0,0,0,0,0,0,0,0,0,0,0,0,0,0,0,0,0
"manyara/babati/bashneti",0.000618,0.00031,6.8e-05,0.002007,0.005154,0.002834,0.000385,0.000394,0.001253,0.182881,0.005497,0.00079,0.000464,0.007102,0.017364,0.000988,0.002854,0,0.002655,0.007241,6.8e-05,0.00047,0.000906,5.6e-05,5.5e-05,1.7e-05,0.001795,0.000351,2.6e-05,8.2e-05,0.002464,0.000187,3.1e-05,4.1e-05,0.001385,0.041288,0.000698,0.399316,0.00205,0.001699,0.003108,0.000815,0.005775,0.173497,0.001198,0.002524,0.000321,0.151831,0.036478,0.000593,0.001101,0.000338,0.000299,0.002148,0.125447,0.00261,9.3e-05,0.000492,0.00263,0.089849,0.001919,0.006161,0.002895,0.000496,1e-06,0.004785,0.002506,0.000679,0.002286,0.043904,0.000169,0.00036,0.00011,0.008003,0.004543,0.003478,0.000422,0.002087,0.000609,0.001192,0.000738,0.00729,0.005504,0.000693,0.012582,0.000616,0.020449,0.002782,0.038012,0.01097,0.000951,0.000898,0.019202,0.003481,0.000177,0.04931,0.001242,2.5e-05,0.009087,0.002253,0.00082,0.000263,0.002043,0.001074,0.000284,0.011579,0.000425,0.001853,0.000752,0.027544,0.000875,0.005689,0.048435,2.6e-05,8.6e-05,6.4e-05,0.007428,0.000113,0.010261,0.000949,0.000505,0.017911,6.2e-05,0.000236,2.6e-05,0.000837,0.004263,0.035233,0.002507,6.8e-05,5.6e-05,0.002106,0.004282,0.000422,1.8e-05,0.00389,0.000216,0.001228,0.022565,0.002992,0.001422,4.7e-05,0.001381,0.000278,0.00012,0.00341,0.004011,0.004503,0.003726,0.00124,5.8e-05,5.3e-05,9.7e-05,7.6e-05,0.003232,0.044172,0.000258,0.000417,0.000471,0.136096,0.00064,0.017031,2.6e-05,0.000169,0.001024,0.000555,0.000861,0.000728,0.007827,0.000369,0.001485,0.018923,0.108526,0.001707,0.000309,0.006876,0.046408,6.2e-05,0.003,0.002238,2.7e-05,0.000352,0.006282,0.000508,0.018846,0.290366,3.8e-05,7.3e-05,0.009634,0.002914,8e-04,0.080695,0.006508,0.003329,0.048755,0.000252,6.5e-05,0.001286,0.003507,9.5e-05,0.011945,0.002171,0.003415,5.3e-05,0.005023,0.000407,0.031749,0.019938,0.004583,8e-05,7e-05,0.000882,0.010418,3e-05,0.000211,0.000837,0.000291,0.044833,0.000419,0.002619,0.005393,5.7e-05,0.005752,7.3e-05,0.011572,0.000262,0.016184,0.000139,0.002577,0.001921,0.00216,0.001587,0.015059,0.016419,0.000936,5e-06,8e-05,0.00228,0.005088,5.4e-05,0.001301,0.17222,2.8e-05,0.075658,3.8e-05,5.5e-05,0.000193,0.005592,0.002579,0.000785,0.037155,0.043107,0.000117,0.010226,0.002538,0.001672,7.7e-05,0.000327,4.5e-05,5.1e-05,3.9e-05,0.001305,0.000129,4.9e-05,0.020446,0.000273,0.002549,0.014019,5e-04,0.007555,0.011354,0.008533,5.5e-05,5.1e-05,0.02769,0.000146,0.001932,0.005884,0.000901,0.001059,0.000527,8.2e-05,0.084443,0.003927,0.000148,0.001704,0.000917,0.000165,0.049486,6e-05,0.000707,0.000709,0.000149,0.028712,0.000776,0.00137,0.012182,0.000203,0.001845,0.005703,2.6e-05,1.9e-05,5.2e-05,0.000753,0.000187,0.085408,0.000852,0.000108,6.7e-05,6.7e-05,0.011741,0.00284,0.000634,4.4e-05,0.000506,0.000161,0.000158,0.024909,0.016,0.016467,0.001965,0.013509,0.001597,0.006895,0.089223,0.004263,0.005193,0.000312,0.000455,0.002654,0.003919,0.001682,0.09292,0.0112,0.005972,0.000196,0.000264,0.000531,0.025453,0.00122,0.00018,4.5e-05,0.000153,0.004378,0.007713,0.001442,0.001121,0.004307,0.0056,0.001501,4e-04,0.00385,0.000331,0.045951,0.00883,0.005795,0.005394,0.000288,0.000112,0.000764,0.002395,0.001046,0.00129,0.000471,0.000307,0.029846,0.00893,0.019725,0.000237,0.002943,0.00029,1.7e-05,6.3e-05,0.000404,0.000131,0.002136,0.00242,7.2e-05,0.014264,0.000995,2.8e-05,0.004767,0.031859,0.10185,0.000326,0.000847,6.4e-05,0.0073,0.001338,4.5e-05,0.011418,5.1e-05,5.4e-05,0.000111,1.7e-05,2.5e-05,0.002722,0.000775
"manyara/hanang/bassodesh",0.000173,9.8e-05,2.2e-05,0.000733,0.000277,0.000876,5.8e-05,6.4e-05,0.000134,0.022338,0.000511,0.000394,0.000131,0.001975,0.007649,0.00018,0.000771,0.004569,0,0.035162,2.3e-05,0.000143,0.000114,1.7e-05,1.8e-05,5e-06,0.000196,7.2e-05,8e-06,2.7e-05,0.000666,6.1e-05,1e-05,1.3e-05,0.000388,0.001739,0.000191,0.019099,0.000404,0.000609,0.000918,0.00024,0.002028,0.022554,0.000402,0.000214,9.3e-05,0.045077,0.007803,0.000146,0.000174,0.000106,7e-05,0.001636,0.01422,0.000239,2.6e-05,8e-05,0.000792,0.03535,0.000632,0.001808,0.000874,0.000165,1e-06,0.001302,0.000665,0.000524,0.000517,0.007555,4.5e-05,0.000105,3.4e-05,0.001365,0.004239,0.001141,0.000133,0.000846,0.001529,0.003884,9.3e-05,0.000845,0.000792,0.000234,0.001631,0.000122,0.006275,0.004446,0.074621,0.003648,0.000152,0.001959,0.006303,0.000991,5.3e-05,0.008753,0.000385,8e-06,0.002864,0.000718,0.000116,0.000113,0.000692,0.000295,8.9e-05,0.003813,9.7e-05,0.000579,0.000227,0.007127,0.000272,0.001858,0.015626,7e-06,2.8e-05,2.1e-05,0.002228,3.5e-05,0.003255,0.000301,0.000159,0.005748,2e-05,7.6e-05,9e-06,0.000281,0.001409,0.010487,0.000706,2.2e-05,1.8e-05,0.000676,0.001371,0.000132,6e-06,0.001076,6e-05,0.00039,0.007427,0.000936,0.000423,1.6e-05,0.000379,8.7e-05,4e-05,0.001101,0.000344,0.001434,0.001194,0.000397,1.9e-05,1.7e-05,3.2e-05,2.5e-05,0.001087,0.011877,8.5e-05,0.000128,0.000146,0.045776,0.000206,0.00417,8e-06,5.4e-05,0.001926,0.000293,0.000269,0.000217,0.002135,0.000117,0.000501,0.004711,0.031541,0.000523,9.6e-05,0.001558,0.009938,2e-05,0.000942,0.000731,9e-06,0.000129,0.00207,0.000159,0.005967,0.105832,1.2e-05,2.3e-05,0.003017,0.000908,0.000247,0.003756,0.0012,0.003546,0.007336,8.7e-05,2.1e-05,0.000132,0.001104,2.4e-05,0.003485,0.000552,0.001114,1.5e-05,0.001638,0.000123,0.010387,0.004571,0.001587,2.6e-05,2.3e-05,0.000141,0.003422,1e-05,6.9e-05,0.000283,5.9e-05,0.015135,0.000135,0.000846,0.003006,1.6e-05,0.000274,2.3e-05,0.003567,8.1e-05,0.005097,4.3e-05,0.000651,0.000272,0.000158,0.000341,0.005112,0.004342,0.000303,1e-06,2.6e-05,0.000637,0.001365,1.8e-05,0.000372,0.044672,9e-06,0.02518,1.3e-05,1.7e-05,6.1e-05,0.001543,0.001074,0.000198,0.010452,0.012308,3.1e-05,0.002822,0.000827,0.000556,2.5e-05,0.000105,1.4e-05,1.7e-05,1.3e-05,0.000397,2.6e-05,1.6e-05,0.004978,8.8e-05,0.00026,0.003779,5.8e-05,0.001232,0.003145,0.002715,1.8e-05,1.7e-05,0.009086,4.8e-05,0.000646,0.001611,0.00013,0.000305,0.000155,2.5e-05,0.028967,0.000509,4.8e-05,0.000196,0.000196,5.4e-05,0.001503,1.9e-05,0.000205,0.000225,5e-05,0.00803,0.000245,0.000429,0.003629,5.5e-05,0.000562,0.001753,9e-06,6e-06,1.6e-05,0.000241,5.7e-05,0.016441,0.000239,3.1e-05,1.9e-05,2.1e-05,0.00316,0.000964,0.000189,1.4e-05,0.000161,4.5e-05,5.6e-05,0.007435,0.005282,0.004289,0.000491,0.003823,0.000484,0.002232,0.025932,0.001594,0.001906,8.6e-05,0.000173,0.000727,0.001092,0.000462,0.030696,0.004116,0.001765,6.2e-05,8.3e-05,0.00018,0.007314,0.00021,4.7e-05,1.4e-05,3.9e-05,0.000339,0.002444,0.000476,0.000397,0.001226,0.001802,0.00054,6.3e-05,0.001181,9.4e-05,0.012957,0.002306,0.001451,0.001486,9.2e-05,3.7e-05,0.000238,0.000193,0.000185,0.000136,9.5e-05,0.000115,0.008448,0.002426,0.005402,8.1e-05,0.000852,9.1e-05,5e-06,2.1e-05,0.000139,4.3e-05,0.000567,0.000566,2e-05,0.004556,0.000151,9e-06,0.000389,0.010632,0.022376,5.6e-05,0.000231,2e-05,0.002308,0.000426,1.4e-05,0.003264,1.7e-05,1.8e-05,3.7e-05,6e-06,8e-06,0.000348,0.000296
"manyara/hanang/bassotu",0.000242,0.000128,3.2e-05,0.000999,0.000329,0.001258,6.5e-05,7.3e-05,0.000183,0.028589,0.000657,0.000826,0.000182,0.002745,0.008423,0.000204,0.000733,0.004892,0.013979,0,3.4e-05,0.000202,0.00016,2.5e-05,2.7e-05,8e-06,0.000263,8.6e-05,1.2e-05,4e-05,0.000931,9.5e-05,1.5e-05,1.9e-05,0.000467,0.002113,0.000265,0.02244,0.00046,0.00085,0.000804,0.000427,0.00313,0.021513,0.000632,0.000284,0.000126,0.06155,0.010638,0.000173,0.000192,0.000128,8.6e-05,0.001365,0.020015,0.000331,3.7e-05,0.000107,0.001163,0.044202,0.000885,0.002409,0.001212,0.000258,1e-06,0.001806,0.000904,0.000531,0.000654,0.01033,5.6e-05,0.000181,4.8e-05,0.001583,0.0115,0.001575,0.000181,0.001317,0.003694,0.002883,0.000136,0.001193,0.000701,0.000426,0.002285,0.000134,0.008913,0.002363,0.071097,0.005384,0.000234,0.003579,0.00909,0.001378,7.2e-05,0.009713,0.000547,1.2e-05,0.004119,0.001035,0.000131,0.000137,0.001022,0.000409,0.000127,0.005444,0.000113,0.000828,0.00032,0.008791,0.000386,0.002671,0.027671,1e-05,4e-05,3e-05,0.003163,5.4e-05,0.004665,0.000431,0.000227,0.008216,2.9e-05,0.00011,1.2e-05,0.000416,0.002143,0.01474,0.00099,3.1e-05,2.6e-05,0.000974,0.001979,0.000189,8e-06,0.001494,8.3e-05,0.00056,0.01043,0.001338,0.000597,2.3e-05,0.000525,0.000125,5.7e-05,0.001598,0.000405,0.002062,0.001715,0.000572,2.7e-05,2.4e-05,4.6e-05,3.6e-05,0.001596,0.016171,0.000123,0.000176,0.000217,0.064649,0.000298,0.005848,1.2e-05,7.9e-05,0.008185,0.000613,0.000389,0.000306,0.002958,0.00017,0.000766,0.006216,0.043296,0.000763,0.000137,0.00223,0.013234,2.8e-05,0.001349,0.001105,1.3e-05,0.000178,0.003058,0.000228,0.008498,0.146283,1.7e-05,3.3e-05,0.004304,0.001294,0.000353,0.004092,0.001436,0.002562,0.009335,0.000135,3e-05,0.000164,0.001582,3e-05,0.004893,0.000821,0.001639,2.2e-05,0.002359,0.000174,0.014943,0.005942,0.002125,3.7e-05,3.3e-05,0.000187,0.004939,1.4e-05,7.9e-05,0.000417,6.8e-05,0.021737,0.000194,0.001218,0.002168,2.3e-05,0.000344,3.2e-05,0.005071,0.000115,0.007251,6.1e-05,0.000721,0.000405,0.000211,0.000354,0.007128,0.00596,0.000479,2e-06,3.7e-05,0.000896,0.001756,2.6e-05,0.000527,0.059312,1.3e-05,0.036353,1.8e-05,2.5e-05,8.7e-05,0.00215,0.002033,0.000271,0.014444,0.016718,4.2e-05,0.003921,0.001184,0.00082,3.6e-05,0.000152,2e-05,2.5e-05,1.9e-05,0.000569,3.4e-05,2.4e-05,0.006263,0.000122,0.000288,0.005163,7.4e-05,0.001557,0.004318,0.003923,2.6e-05,2.4e-05,0.013072,6.9e-05,0.000954,0.002321,0.00015,0.000392,0.000221,3.3e-05,0.040525,0.000568,7.5e-05,0.000258,0.000322,7.8e-05,0.001472,2.6e-05,0.00031,0.00032,7.4e-05,0.011204,0.000351,0.000608,0.00508,7.7e-05,0.000812,0.002176,1.2e-05,9e-06,2.3e-05,0.000351,8.7e-05,0.020532,0.000333,4.3e-05,2.6e-05,3e-05,0.004351,0.001244,0.000296,2e-05,0.000231,5.5e-05,7.8e-05,0.010343,0.007594,0.005923,0.00068,0.005275,0.000686,0.00317,0.035602,0.002222,0.002652,0.000119,0.000244,0.001004,0.001516,0.000637,0.042562,0.00576,0.002587,9.5e-05,0.000118,0.000248,0.010206,0.000293,5.7e-05,2e-05,4.8e-05,0.000436,0.003575,0.000707,0.000549,0.001701,0.002632,0.000751,7.1e-05,0.001672,0.000131,0.017903,0.003023,0.001946,0.002106,0.000133,5.3e-05,0.000341,0.000239,0.00029,0.000178,0.000153,0.000162,0.011713,0.003356,0.007457,0.000126,0.001192,0.00013,8e-06,3.1e-05,0.000213,6.2e-05,0.000785,0.000784,2.7e-05,0.00642,0.000161,1.3e-05,0.000401,0.015256,0.019972,6.3e-05,0.00032,2.9e-05,0.003303,0.000611,2e-05,0.00457,2.4e-05,2.6e-05,5.4e-05,8e-06,1.2e-05,0.000356,0.000299
"kilimanjaro/same/bendera",0,0,0,0,0,0,0,0,0,0,0,0,0,0,0,0,0,0,0,0,0,0,0,0,0,0,0,0,0,0,0,0,0,0,0,0,0,0,0,0,0,0,0,0,0,0,0,0,0,0,0,0,0,0,0,0,0,0,0,0,0,0,0,0,0,0,0,0,0,0,0,0,0,0,0,0,0,0,0,0,0,0,0,0,0,0,0,0,0,0,0,0,0,0,0,0,0,0,0,0,0,0,0,0,0,0,0,0,0,0,0,0,0,0,0,0,0,0,0,0,0,0,0,0,0,0,0,0,0,0,0,0,0,0,0,0,0,0,0,0,0,0,0,0,0,0,0,0,0,0,0,0,0,0,0,0,0,0,0,0,0,0,0,0,0,0,0,0,0,0,0,0,0,0,0,0,0,0,0,0,0,0,0,0,0,0,0,0,0,0,0,0,0,0,0,0,0,0,0,0,0,0,0,0,0,0,0,0,0,0,0,0,0,0,0,0,0,0,0,0,0,0,0,0,0,0,0,0,0,0,0,0,0,0,0,0,0,0,0,0,0,0,0,0,0,0,0,0,0,0,0,0,0,0,0,0,0,0,0,0,0,0,0,0,0,0,0,0,0,0,0,0,0,0,0,0,0,0,0,0,0,0,0,0,0,0,0,0,0,0,0,0,0,0,0,0,0,0,0,0,0,0,0,0,0,0,0,0,0,0,0,0,0,0,0,0,0,0,0,0,0,0,0,0,0,0,0,0,0,0,0,0,0,0,0,0,0,0,0,0,0,0,0,0,0,0,0,0,0,0,0,0,0,0,0,0,0,0,0,0,0,0,0,0,0,0,0,0,0,0,0,0,0,0,0,0,0,0,0,0,0,0,0,0,0,0,0,0,0,0,0,0,0,0,0,0,0,0
"kilimanjaro/siha/biriri",0.001483,1.4e-05,0.000106,9.2e-05,1e-06,0.005376,1e-06,1e-06,1e-06,0.000268,4e-06,1e-06,0.001029,0.012223,4.3e-05,2e-06,2e-06,6e-06,1e-06,4e-06,8e-06,0,1e-06,0.000194,9e-06,6.4e-05,2e-06,2e-06,1e-06,1.2e-05,0.002542,4e-06,5e-06,2.4e-05,1.3e-05,2e-06,0.000873,5.7e-05,6e-06,0.00014,1e-06,1e-06,0.000178,4.2e-05,2.5e-05,1e-06,7.7e-05,0.166409,0.001809,4e-06,1e-06,3e-06,4e-06,1e-06,4.2e-05,1e-06,0.00016,3e-06,0.000325,0.001305,0.000758,0.000658,0.002711,1.2e-05,0,0.005678,0.00098,1e-06,6.1e-05,0.000319,3e-06,0,0.003841,2.2e-05,4e-06,0.000616,5.2e-05,0,1e-06,1e-06,0,5e-06,1e-06,1e-06,2e-06,1e-06,0.173811,1e-06,3.4e-05,0.001459,0,1e-06,0.023511,0.007793,3.3e-05,8e-05,0.044838,1.7e-05,0.014637,0.003261,1e-06,2e-06,0.000285,0.001411,0.000948,0.027678,2e-06,0.008612,0.016116,0.000467,0.025387,0.012225,2.3e-05,3.3e-05,0.000169,9.8e-05,0.04634,3e-06,0.033345,0.005292,0.003756,0.083459,4.3e-05,0.000153,1.5e-05,0.000109,0.000165,0.247241,0.006063,0.000167,0.000122,0.003636,0.004919,0.001773,1e-05,0.006006,3e-04,0.00345,0.016667,0.01811,0.024332,6e-06,0.001689,0.001572,0.000182,0.002039,3e-06,0.009496,0.009415,0.002491,0.000113,2.9e-05,0.000127,2e-05,0.000678,0.021754,0.000377,0.000131,3.1e-05,0.408106,0.000585,0.002357,9.9e-05,8.1e-05,1e-06,1e-06,0.000782,0.015666,0.009202,0.000228,5.5e-05,0.002074,0.132066,0.000352,0.00739,0.000228,0.002442,5.6e-05,0.013619,0.000103,4e-06,1.9e-05,0.000785,0.001237,0.171959,0.778084,0.000315,0.000545,0.08069,0.037329,0.003192,1.1e-05,3.4e-05,2e-06,0.000226,7e-06,8.9e-05,1e-06,0.012735,3e-06,0.077225,5.6e-05,0.000544,0.000179,0.009255,0.060326,0.043915,0.001124,0.000207,0.000147,0.000123,6e-06,0.012944,4.4e-05,1e-06,0.000134,1e-06,0.059294,0.000932,0.004994,1e-06,0.000233,1e-06,0.001607,0.156364,0.008332,0.210648,0.000602,6e-06,1e-06,0,2e-06,0.003018,0.009959,1.7e-05,1.7e-05,0.000267,0.003723,0.000226,7.7e-05,0.002398,0.026464,0.00011,0.033722,8e-06,0.000194,0.000665,0.009039,1e-06,0.000289,0.051403,0.018759,4.4e-05,0.015159,0.00771,0.000255,0.000124,0.000261,0.000146,1.1e-05,7e-06,0.001627,3e-06,8e-06,0.00054,9.6e-05,2e-06,0.007861,1e-06,5.4e-05,0.008853,0.00739,4.2e-05,1e-05,0.041618,0.000241,0.000275,0.000953,2e-06,4.2e-05,0.00075,6e-06,0.06083,4e-06,4e-06,2e-06,0,0.000364,2e-06,0.005367,2.3e-05,0.004669,2.1e-05,0.045396,0.002425,0.019808,0.070623,0.000243,0.000904,9.2e-05,3.2e-05,1.1e-05,0.000188,0.000259,4e-06,0.000994,0.001882,0.000495,0.000179,0.000418,0.009375,7.3e-05,1e-05,0.00012,0.001551,2e-06,1.5e-05,0.063354,0.028694,0.008875,0.000614,0.01569,0.042101,0.020115,0.109521,0.000238,0.000329,0.00045,2.5e-05,0.002853,0.006497,0.001617,0.08827,0.000819,0.000652,5e-06,0.000942,5.2e-05,0.078744,8e-06,2e-06,0.000179,3e-06,2e-06,0.001647,0.000135,8.1e-05,0.007863,0.001636,0.000108,1e-06,0.442579,0.000961,0.063425,0.000753,0.001131,0.003219,0.000206,0.000172,0.003174,1e-06,1e-06,1e-06,0,1.7e-05,0.053193,0.009453,0.020462,6e-06,0.014111,0.001192,4e-06,1e-05,1.4e-05,0.000298,0.001726,0.000315,9.6e-05,0.032881,1e-06,1.1e-05,1e-06,0.055474,1e-05,1e-06,0.001005,0.000263,0.033393,0.004805,0.000164,0.039358,0.000109,1.1e-05,1.9e-05,5e-06,3e-06,1e-06,1e-06
"manyara/babati/boay",0,0,0,0,0,0,0,0,0,0,0,0,0,0,0,0,0,0,0,0,0,0,0,0,0,0,0,0,0,0,0,0,0,0,0,0,0,0,0,0,0,0,0,0,0,0,0,0,0,0,0,0,0,0,0,0,0,0,0,0,0,0,0,0,0,0,0,0,0,0,0,0,0,0,0,0,0,0,0,0,0,0,0,0,0,0,0,0,0,0,0,0,0,0,0,0,0,0,0,0,0,0,0,0,0,0,0,0,0,0,0,0,0,0,0,0,0,0,0,0,0,0,0,0,0,0,0,0,0,0,0,0,0,0,0,0,0,0,0,0,0,0,0,0,0,0,0,0,0,0,0,0,0,0,0,0,0,0,0,0,0,0,0,0,0,0,0,0,0,0,0,0,0,0,0,0,0,0,0,0,0,0,0,0,0,0,0,0,0,0,0,0,0,0,0,0,0,0,0,0,0,0,0,0,0,0,0,0,0,0,0,0,0,0,0,0,0,0,0,0,0,0,0,0,0,0,0,0,0,0,0,0,0,0,0,0,0,0,0,0,0,0,0,0,0,0,0,0,0,0,0,0,0,0,0,0,0,0,0,0,0,0,0,0,0,0,0,0,0,0,0,0,0,0,0,0,0,0,0,0,0,0,0,0,0,0,0,0,0,0,0,0,0,0,0,0,0,0,0,0,0,0,0,0,0,0,0,0,0,0,0,0,0,0,0,0,0,0,0,0,0,0,0,0,0,0,0,0,0,0,0,0,0,0,0,0,0,0,0,0,0,0,0,0,0,0,0,0,0,0,0,0,0,0,0,0,0,0,0,0,0,0,0,0,0,0,0,0,0,0,0,0,0,0,0,0,0,0,0,0,0,0,0,0,0,0,0,0,0,0,0,0,0,0,0,0,0,0
"kilimanjaro/moshimunicipal/bomambuzi",0,0,0,0,0,0,0,0,0,0,0,0,0,0,0,0,0,0,0,0,0,0,0,0,0,0,0,0,0,0,0,0,0,0,0,0,0,0,0,0,0,0,0,0,0,0,0,0,0,0,0,0,0,0,0,0,0,0,0,0,0,0,0,0,0,0,0,0,0,0,0,0,0,0,0,0,0,0,0,0,0,0,0,0,0,0,0,0,0,0,0,0,0,0,0,0,0,0,0,0,0,0,0,0,0,0,0,0,0,0,0,0,0,0,0,0,0,0,0,0,0,0,0,0,0,0,0,0,0,0,0,0,0,0,0,0,0,0,0,0,0,0,0,0,0,0,0,0,0,0,0,0,0,0,0,0,0,0,0,0,0,0,0,0,0,0,0,0,0,0,0,0,0,0,0,0,0,0,0,0,0,0,0,0,0,0,0,0,0,0,0,0,0,0,0,0,0,0,0,0,0,0,0,0,0,0,0,0,0,0,0,0,0,0,0,0,0,0,0,0,0,0,0,0,0,0,0,0,0,0,0,0,0,0,0,0,0,0,0,0,0,0,0,0,0,0,0,0,0,0,0,0,0,0,0,0,0,0,0,0,0,0,0,0,0,0,0,0,0,0,0,0,0,0,0,0,0,0,0,0,0,0,0,0,0,0,0,0,0,0,0,0,0,0,0,0,0,0,0,0,0,0,0,0,0,0,0,0,0,0,0,0,0,0,0,0,0,0,0,0,0,0,0,0,0,0,0,0,0,0,0,0,0,0,0,0,0,0,0,0,0,0,0,0,0,0,0,0,0,0,0,0,0,0,0,0,0,0,0,0,0,0,0,0,0,0,0,0,0,0,0,0,0,0,0,0,0,0,0,0,0,0,0,0,0,0,0,0,0,0,0,0,0,0,0,0,0,0
"kilimanjaro/same/bombo",0,0,0,0,0,0,0,0,0,0,0,0,0,0,0,0,0,0,0,0,0,0,0,0,0,0,0,0,0,0,0,0,0,0,0,0,0,0,0,0,0,0,0,0,0,0,0,0,0,0,0,0,0,0,0,0,0,0,0,0,0,0,0,0,0,0,0,0,0,0,0,0,0,0,0,0,0,0,0,0,0,0,0,0,0,0,0,0,0,0,0,0,0,0,0,0,0,0,0,0,0,0,0,0,0,0,0,0,0,0,0,0,0,0,0,0,0,0,0,0,0,0,0,0,0,0,0,0,0,0,0,0,0,0,0,0,0,0,0,0,0,0,0,0,0,0,0,0,0,0,0,0,0,0,0,0,0,0,0,0,0,0,0,0,0,0,0,0,0,0,0,0,0,0,0,0,0,0,0,0,0,0,0,0,0,0,0,0,0,0,0,0,0,0,0,0,0,0,0,0,0,0,0,0,0,0,0,0,0,0,0,0,0,0,0,0,0,0,0,0,0,0,0,0,0,0,0,0,0,0,0,0,0,0,0,0,0,0,0,0,0,0,0,0,0,0,0,0,0,0,0,0,0,0,0,0,0,0,0,0,0,0,0,0,0,0,0,0,0,0,0,0,0,0,0,0,0,0,0,0,0,0,0,0,0,0,0,0,0,0,0,0,0,0,0,0,0,0,0,0,0,0,0,0,0,0,0,0,0,0,0,0,0,0,0,0,0,0,0,0,0,0,0,0,0,0,0,0,0,0,0,0,0,0,0,0,0,0,0,0,0,0,0,0,0,0,0,0,0,0,0,0,0,0,0,0,0,0,0,0,0,0,0,0,0,0,0,0,0,0,0,0,0,0,0,0,0,0,0,0,0,0,0,0,0,0,0,0,0,0,0,0,0,0,0,0,0,0
"kilimanjaro/moshimunicipal/bondeni",0,0,0,0,0,0,0,0,0,0,0,0,0,0,0,0,0,0,0,0,0,0,0,0,0,0,0,0,0,0,0,0,0,0,0,0,0,0,0,0,0,0,0,0,0,0,0,0,0,0,0,0,0,0,0,0,0,0,0,0,0,0,0,0,0,0,0,0,0,0,0,0,0,0,0,0,0,0,0,0,0,0,0,0,0,0,0,0,0,0,0,0,0,0,0,0,0,0,0,0,0,0,0,0,0,0,0,0,0,0,0,0,0,0,0,0,0,0,0,0,0,0,0,0,0,0,0,0,0,0,0,0,0,0,0,0,0,0,0,0,0,0,0,0,0,0,0,0,0,0,0,0,0,0,0,0,0,0,0,0,0,0,0,0,0,0,0,0,0,0,0,0,0,0,0,0,0,0,0,0,0,0,0,0,0,0,0,0,0,0,0,0,0,0,0,0,0,0,0,0,0,0,0,0,0,0,0,0,0,0,0,0,0,0,0,0,0,0,0,0,0,0,0,0,0,0,0,0,0,0,0,0,0,0,0,0,0,0,0,0,0,0,0,0,0,0,0,0,0,0,0,0,0,0,0,0,0,0,0,0,0,0,0,0,0,0,0,0,0,0,0,0,0,0,0,0,0,0,0,0,0,0,0,0,0,0,0,0,0,0,0,0,0,0,0,0,0,0,0,0,0,0,0,0,0,0,0,0,0,0,0,0,0,0,0,0,0,0,0,0,0,0,0,0,0,0,0,0,0,0,0,0,0,0,0,0,0,0,0,0,0,0,0,0,0,0,0,0,0,0,0,0,0,0,0,0,0,0,0,0,0,0,0,0,0,0,0,0,0,0,0,0,0,0,0,0,0,0,0,0,0,0,0,0,0,0,0,0,0,0,0,0,0,0,0,0,0,0
"manyara/babatiurban/bonga",0,0,0,0,0,0,0,0,0,0,0,0,0,0,0,0,0,0,0,0,0,0,0,0,0,0,0,0,0,0,0,0,0,0,0,0,0,0,0,0,0,0,0,0,0,0,0,0,0,0,0,0,0,0,0,0,0,0,0,0,0,0,0,0,0,0,0,0,0,0,0,0,0,0,0,0,0,0,0,0,0,0,0,0,0,0,0,0,0,0,0,0,0,0,0,0,0,0,0,0,0,0,0,0,0,0,0,0,0,0,0,0,0,0,0,0,0,0,0,0,0,0,0,0,0,0,0,0,0,0,0,0,0,0,0,0,0,0,0,0,0,0,0,0,0,0,0,0,0,0,0,0,0,0,0,0,0,0,0,0,0,0,0,0,0,0,0,0,0,0,0,0,0,0,0,0,0,0,0,0,0,0,0,0,0,0,0,0,0,0,0,0,0,0,0,0,0,0,0,0,0,0,0,0,0,0,0,0,0,0,0,0,0,0,0,0,0,0,0,0,0,0,0,0,0,0,0,0,0,0,0,0,0,0,0,0,0,0,0,0,0,0,0,0,0,0,0,0,0,0,0,0,0,0,0,0,0,0,0,0,0,0,0,0,0,0,0,0,0,0,0,0,0,0,0,0,0,0,0,0,0,0,0,0,0,0,0,0,0,0,0,0,0,0,0,0,0,0,0,0,0,0,0,0,0,0,0,0,0,0,0,0,0,0,0,0,0,0,0,0,0,0,0,0,0,0,0,0,0,0,0,0,0,0,0,0,0,0,0,0,0,0,0,0,0,0,0,0,0,0,0,0,0,0,0,0,0,0,0,0,0,0,0,0,0,0,0,0,0,0,0,0,0,0,0,0,0,0,0,0,0,0,0,0,0,0,0,0,0,0,0,0,0,0,0,0,0,0
"arusha/karatu/buger",0,0,0,0,0,0,0,0,0,0,0,0,0,0,0,0,0,0,0,0,0,0,0,0,0,0,0,0,0,0,0,0,0,0,0,0,0,0,0,0,0,0,0,0,0,0,0,0,0,0,0,0,0,0,0,0,0,0,0,0,0,0,0,0,0,0,0,0,0,0,0,0,0,0,0,0,0,0,0,0,0,0,0,0,0,0,0,0,0,0,0,0,0,0,0,0,0,0,0,0,0,0,0,0,0,0,0,0,0,0,0,0,0,0,0,0,0,0,0,0,0,0,0,0,0,0,0,0,0,0,0,0,0,0,0,0,0,0,0,0,0,0,0,0,0,0,0,0,0,0,0,0,0,0,0,0,0,0,0,0,0,0,0,0,0,0,0,0,0,0,0,0,0,0,0,0,0,0,0,0,0,0,0,0,0,0,0,0,0,0,0,0,0,0,0,0,0,0,0,0,0,0,0,0,0,0,0,0,0,0,0,0,0,0,0,0,0,0,0,0,0,0,0,0,0,0,0,0,0,0,0,0,0,0,0,0,0,0,0,0,0,0,0,0,0,0,0,0,0,0,0,0,0,0,0,0,0,0,0,0,0,0,0,0,0,0,0,0,0,0,0,0,0,0,0,0,0,0,0,0,0,0,0,0,0,0,0,0,0,0,0,0,0,0,0,0,0,0,0,0,0,0,0,0,0,0,0,0,0,0,0,0,0,0,0,0,0,0,0,0,0,0,0,0,0,0,0,0,0,0,0,0,0,0,0,0,0,0,0,0,0,0,0,0,0,0,0,0,0,0,0,0,0,0,0,0,0,0,0,0,0,0,0,0,0,0,0,0,0,0,0,0,0,0,0,0,0,0,0,0,0,0,0,0,0,0,0,0,0,0,0,0,0,0,0,0,0,0
"manyara/kiteto/bwagamoyo",0,0,0,0,0,0,0,0,0,0,0,0,0,0,0,0,0,0,0,0,0,0,0,0,0,0,0,0,0,0,0,0,0,0,0,0,0,0,0,0,0,0,0,0,0,0,0,0,0,0,0,0,0,0,0,0,0,0,0,0,0,0,0,0,0,0,0,0,0,0,0,0,0,0,0,0,0,0,0,0,0,0,0,0,0,0,0,0,0,0,0,0,0,0,0,0,0,0,0,0,0,0,0,0,0,0,0,0,0,0,0,0,0,0,0,0,0,0,0,0,0,0,0,0,0,0,0,0,0,0,0,0,0,0,0,0,0,0,0,0,0,0,0,0,0,0,0,0,0,0,0,0,0,0,0,0,0,0,0,0,0,0,0,0,0,0,0,0,0,0,0,0,0,0,0,0,0,0,0,0,0,0,0,0,0,0,0,0,0,0,0,0,0,0,0,0,0,0,0,0,0,0,0,0,0,0,0,0,0,0,0,0,0,0,0,0,0,0,0,0,0,0,0,0,0,0,0,0,0,0,0,0,0,0,0,0,0,0,0,0,0,0,0,0,0,0,0,0,0,0,0,0,0,0,0,0,0,0,0,0,0,0,0,0,0,0,0,0,0,0,0,0,0,0,0,0,0,0,0,0,0,0,0,0,0,0,0,0,0,0,0,0,0,0,0,0,0,0,0,0,0,0,0,0,0,0,0,0,0,0,0,0,0,0,0,0,0,0,0,0,0,0,0,0,0,0,0,0,0,0,0,0,0,0,0,0,0,0,0,0,0,0,0,0,0,0,0,0,0,0,0,0,0,0,0,0,0,0,0,0,0,0,0,0,0,0,0,0,0,0,0,0,0,0,0,0,0,0,0,0,0,0,0,0,0,0,0,0,0,0,0,0,0,0,0,0,0,0
"kilimanjaro/same/bwambo",0,0,0,0,0,0,0,0,0,0,0,0,0,0,0,0,0,0,0,0,0,0,0,0,0,0,0,0,0,0,0,0,0,0,0,0,0,0,0,0,0,0,0,0,0,0,0,0,0,0,0,0,0,0,0,0,0,0,0,0,0,0,0,0,0,0,0,0,0,0,0,0,0,0,0,0,0,0,0,0,0,0,0,0,0,0,0,0,0,0,0,0,0,0,0,0,0,0,0,0,0,0,0,0,0,0,0,0,0,0,0,0,0,0,0,0,0,0,0,0,0,0,0,0,0,0,0,0,0,0,0,0,0,0,0,0,0,0,0,0,0,0,0,0,0,0,0,0,0,0,0,0,0,0,0,0,0,0,0,0,0,0,0,0,0,0,0,0,0,0,0,0,0,0,0,0,0,0,0,0,0,0,0,0,0,0,0,0,0,0,0,0,0,0,0,0,0,0,0,0,0,0,0,0,0,0,0,0,0,0,0,0,0,0,0,0,0,0,0,0,0,0,0,0,0,0,0,0,0,0,0,0,0,0,0,0,0,0,0,0,0,0,0,0,0,0,0,0,0,0,0,0,0,0,0,0,0,0,0,0,0,0,0,0,0,0,0,0,0,0,0,0,0,0,0,0,0,0,0,0,0,0,0,0,0,0,0,0,0,0,0,0,0,0,0,0,0,0,0,0,0,0,0,0,0,0,0,0,0,0,0,0,0,0,0,0,0,0,0,0,0,0,0,0,0,0,0,0,0,0,0,0,0,0,0,0,0,0,0,0,0,0,0,0,0,0,0,0,0,0,0,0,0,0,0,0,0,0,0,0,0,0,0,0,0,0,0,0,0,0,0,0,0,0,0,0,0,0,0,0,0,0,0,0,0,0,0,0,0,0,0,0,0,0,0,0,0,0
"arusha/arusha/bwawani",0.027425,0.000127,0.000269,0.000357,1.6e-05,0.024174,7e-06,1e-05,1.4e-05,0.004137,6.3e-05,8e-06,0.012585,0.233562,0.000468,2.9e-05,1e-05,4e-05,6e-06,2.2e-05,6.8e-05,0.00307,1.4e-05,0.000452,7.4e-05,0.00014,2.7e-05,2.8e-05,7e-06,0.000103,0,4e-05,4.5e-05,0.000144,7.6e-05,1.5e-05,0.022555,0.000379,3.7e-05,0.000914,1.4e-05,4e-06,0.000886,0.00026,0.000134,1.5e-05,0.000613,0.907311,0.050703,2.7e-05,1e-05,3.2e-05,5e-05,1.5e-05,0.000278,7e-06,0.004812,6.4e-05,0.004305,0.006221,0.001593,0.002947,0.012042,0.000125,1e-06,0.226624,0.015018,9e-06,0.000933,0.003017,3.3e-05,2e-06,0.001036,0.00031,2.1e-05,0.001838,0.000377,6e-06,7e-06,9e-06,5e-06,3.2e-05,1.1e-05,1.2e-05,2.6e-05,7e-06,0.251104,9e-06,0.000186,0.006504,5e-06,6e-06,0.07263,0.060725,0.000243,0.001064,0.012058,8.2e-05,0.05837,0.012083,1.6e-05,1.8e-05,0.002212,0.029637,0.002246,0.041645,2.5e-05,0.015969,0.009382,0.002912,0.008246,0.02384,0.000139,0.00078,0.000371,0.000253,0.13695,3e-05,0.069474,0.006236,0.001952,0.107563,0.000223,0.000857,8.1e-05,0.000895,0.00088,0.405471,0.220963,0.000358,0.00029,0.005411,0.020259,0.003426,6e-05,0.125227,0.004287,0.007738,0.051693,0.025718,0.031207,5.4e-05,0.032399,0.002245,0.000415,0.011507,1.8e-05,0.026584,0.020712,0.006627,0.00024,0.000226,0.000321,0.000158,0.004655,0.357806,0.000434,0.000396,0.000372,0.62397,0.002599,0.041288,0.000217,0.000508,4e-06,9e-06,0.004834,0.01236,0.273775,0.001484,0.000285,0.016702,0.868455,0.004165,0.002654,0.002413,0.033402,0.000177,0.023877,0.0011,3.3e-05,0.000142,0.007249,0.004008,0.140917,0.820698,0.000251,5e-04,0.083733,0.027159,0.008312,0.000147,0.000253,9e-06,0.00202,6.7e-05,0.00026,2.3e-05,0.02634,3.5e-05,0.307921,0.000886,0.002497,0.002371,0.021021,0.00598,0.134321,0.01032,0.001672,0.000359,0.000325,6e-05,0.037953,0.000116,1.1e-05,0.000998,1.3e-05,0.137066,0.00208,0.012447,9e-06,0.003029,1e-05,0.000725,0.132571,0.002797,0.129059,0.001766,7.6e-05,7e-06,6e-06,1e-05,0.015588,0.293589,0.000187,3.6e-05,0.000508,0.13667,0.001311,0.000209,0.056728,0.381385,0.000219,0.113135,6.5e-05,0.000426,0.001455,0.364578,1.3e-05,0.015381,0.565259,0.084799,0.000672,0.390523,0.010816,0.002105,0.00029,0.001315,0.00033,8.2e-05,5.7e-05,0.006116,6.7e-05,6.3e-05,0.003689,0.000465,2.1e-05,0.121978,1.4e-05,0.000981,0.099203,0.039569,0.000202,9e-05,0.113446,0.00062,0.002257,0.00973,2.5e-05,0.000437,0.008973,4.9e-05,0.171651,5.4e-05,2.2e-05,2e-05,5e-06,0.000667,2.4e-05,0.000659,0.000295,0.004111,0.000172,0.947545,0.00548,0.010298,0.077026,0.005442,0.009398,0.000965,9.3e-05,6.9e-05,0.000412,0.002047,5.1e-05,0.008841,0.02978,0.003527,0.002119,0.000457,0.123784,0.000338,0.000122,0.000316,0.003146,2.3e-05,4.7e-05,0.111867,0.05933,0.358308,0.048191,0.132718,0.024889,0.028302,0.507235,0.000858,0.00116,0.012156,0.000178,0.049776,0.094728,0.023348,0.142623,0.005452,0.004693,2.9e-05,0.002199,0.000349,0.582282,0.000136,2.9e-05,0.000341,4.2e-05,1.4e-05,0.016244,0.00131,0.000563,0.060206,0.013229,0.000737,9e-06,0.043131,0.012549,0.675112,0.004713,0.022143,0.059949,0.00113,0.000431,0.006725,2e-05,5e-06,2e-05,6e-06,0.000123,0.534265,0.15208,0.397848,5.9e-05,0.064838,0.002455,3.6e-05,8.5e-05,6.9e-05,0.00052,0.122887,0.006649,0.002738,0.030905,1.1e-05,6.7e-05,1.4e-05,0.109636,0.000122,9e-06,0.024718,0.000397,0.053089,0.008496,0.000274,0.411946,0.000227,8.5e-05,0.000152,3.6e-05,2.6e-05,1.5e-05,1.1e-05
"manyara/kiteto/chapakazi",0,0,0,0,0,0,0,0,0,0,0,0,0,0,0,0,0,0,0,0,0,0,0,0,0,0,0,0,0,0,0,0,0,0,0,0,0,0,0,0,0,0,0,0,0,0,0,0,0,0,0,0,0,0,0,0,0,0,0,0,0,0,0,0,0,0,0,0,0,0,0,0,0,0,0,0,0,0,0,0,0,0,0,0,0,0,0,0,0,0,0,0,0,0,0,0,0,0,0,0,0,0,0,0,0,0,0,0,0,0,0,0,0,0,0,0,0,0,0,0,0,0,0,0,0,0,0,0,0,0,0,0,0,0,0,0,0,0,0,0,0,0,0,0,0,0,0,0,0,0,0,0,0,0,0,0,0,0,0,0,0,0,0,0,0,0,0,0,0,0,0,0,0,0,0,0,0,0,0,0,0,0,0,0,0,0,0,0,0,0,0,0,0,0,0,0,0,0,0,0,0,0,0,0,0,0,0,0,0,0,0,0,0,0,0,0,0,0,0,0,0,0,0,0,0,0,0,0,0,0,0,0,0,0,0,0,0,0,0,0,0,0,0,0,0,0,0,0,0,0,0,0,0,0,0,0,0,0,0,0,0,0,0,0,0,0,0,0,0,0,0,0,0,0,0,0,0,0,0,0,0,0,0,0,0,0,0,0,0,0,0,0,0,0,0,0,0,0,0,0,0,0,0,0,0,0,0,0,0,0,0,0,0,0,0,0,0,0,0,0,0,0,0,0,0,0,0,0,0,0,0,0,0,0,0,0,0,0,0,0,0,0,0,0,0,0,0,0,0,0,0,0,0,0,0,0,0,0,0,0,0,0,0,0,0,0,0,0,0,0,0,0,0,0,0,0,0,0,0,0,0,0,0,0,0,0,0,0,0,0,0,0,0,0,0,0,0,0
"kilimanjaro/same/chome",0,0,0,0,0,0,0,0,0,0,0,0,0,0,0,0,0,0,0,0,0,0,0,0,0,0,0,0,0,0,0,0,0,0,0,0,0,0,0,0,0,0,0,0,0,0,0,0,0,0,0,0,0,0,0,0,0,0,0,0,0,0,0,0,0,0,0,0,0,0,0,0,0,0,0,0,0,0,0,0,0,0,0,0,0,0,0,0,0,0,0,0,0,0,0,0,0,0,0,0,0,0,0,0,0,0,0,0,0,0,0,0,0,0,0,0,0,0,0,0,0,0,0,0,0,0,0,0,0,0,0,0,0,0,0,0,0,0,0,0,0,0,0,0,0,0,0,0,0,0,0,0,0,0,0,0,0,0,0,0,0,0,0,0,0,0,0,0,0,0,0,0,0,0,0,0,0,0,0,0,0,0,0,0,0,0,0,0,0,0,0,0,0,0,0,0,0,0,0,0,0,0,0,0,0,0,0,0,0,0,0,0,0,0,0,0,0,0,0,0,0,0,0,0,0,0,0,0,0,0,0,0,0,0,0,0,0,0,0,0,0,0,0,0,0,0,0,0,0,0,0,0,0,0,0,0,0,0,0,0,0,0,0,0,0,0,0,0,0,0,0,0,0,0,0,0,0,0,0,0,0,0,0,0,0,0,0,0,0,0,0,0,0,0,0,0,0,0,0,0,0,0,0,0,0,0,0,0,0,0,0,0,0,0,0,0,0,0,0,0,0,0,0,0,0,0,0,0,0,0,0,0,0,0,0,0,0,0,0,0,0,0,0,0,0,0,0,0,0,0,0,0,0,0,0,0,0,0,0,0,0,0,0,0,0,0,0,0,0,0,0,0,0,0,0,0,0,0,0,0,0,0,0,0,0,0,0,0,0,0,0,0,0,0,0,0,0,0
"kilimanjaro/mwanga/chomvu",0,0,0,0,0,0,0,0,0,0,0,0,0,0,0,0,0,0,0,0,0,0,0,0,0,0,0,0,0,0,0,0,0,0,0,0,0,0,0,0,0,0,0,0,0,0,0,0,0,0,0,0,0,0,0,0,0,0,0,0,0,0,0,0,0,0,0,0,0,0,0,0,0,0,0,0,0,0,0,0,0,0,0,0,0,0,0,0,0,0,0,0,0,0,0,0,0,0,0,0,0,0,0,0,0,0,0,0,0,0,0,0,0,0,0,0,0,0,0,0,0,0,0,0,0,0,0,0,0,0,0,0,0,0,0,0,0,0,0,0,0,0,0,0,0,0,0,0,0,0,0,0,0,0,0,0,0,0,0,0,0,0,0,0,0,0,0,0,0,0,0,0,0,0,0,0,0,0,0,0,0,0,0,0,0,0,0,0,0,0,0,0,0,0,0,0,0,0,0,0,0,0,0,0,0,0,0,0,0,0,0,0,0,0,0,0,0,0,0,0,0,0,0,0,0,0,0,0,0,0,0,0,0,0,0,0,0,0,0,0,0,0,0,0,0,0,0,0,0,0,0,0,0,0,0,0,0,0,0,0,0,0,0,0,0,0,0,0,0,0,0,0,0,0,0,0,0,0,0,0,0,0,0,0,0,0,0,0,0,0,0,0,0,0,0,0,0,0,0,0,0,0,0,0,0,0,0,0,0,0,0,0,0,0,0,0,0,0,0,0,0,0,0,0,0,0,0,0,0,0,0,0,0,0,0,0,0,0,0,0,0,0,0,0,0,0,0,0,0,0,0,0,0,0,0,0,0,0,0,0,0,0,0,0,0,0,0,0,0,0,0,0,0,0,0,0,0,0,0,0,0,0,0,0,0,0,0,0,0,0,0,0,0,0,0,0,0,0
"arusha/karatu/daa",0.000119,0.000332,1e-05,0.001027,2.1e-05,0.00039,2.6e-05,4e-05,1e-05,0.003278,5.5e-05,7e-06,9.6e-05,0.001426,0.003048,0.000157,7e-05,0.000119,1.9e-05,5.9e-05,7e-06,8.4e-05,9e-06,8e-06,6e-06,3e-06,1.9e-05,0.000192,1e-06,8e-06,0.000403,9e-06,3e-06,5e-06,0,3.7e-05,0.000144,0.000975,0.000503,0.000581,3.9e-05,6e-06,0.00039,0.001237,6.4e-05,1.3e-05,0.000139,0.035747,0.003619,0.001856,7.4e-05,0.001839,0.000509,4.1e-05,0.000495,7e-06,1.4e-05,2.1e-05,0.000238,0.094162,0.000536,0.003991,0.000817,2.8e-05,0,0.000931,0.000715,3e-05,0.00135,0.001697,0.000723,2e-06,2e-05,0.001207,4e-05,0.001375,0.000226,7e-06,9e-06,1.6e-05,4e-06,4.7e-05,2.4e-05,7e-06,2.8e-05,8e-05,0.003268,1.7e-05,0.000732,0.001107,4e-06,1.6e-05,0.002666,0.00076,8.6e-05,0.004882,0.000215,3e-06,0.001242,0.000306,4.8e-05,0.000144,0.000215,0.000226,4.1e-05,0.002011,0.000383,0.000279,0.000145,0.074828,0.00015,0.000856,0.00025,5e-06,1.3e-05,9e-06,0.001166,6e-06,0.001519,0.00015,8e-05,0.002822,8e-06,2.9e-05,3e-06,8.6e-05,3e-04,0.006245,0.000429,1e-05,8e-06,0.000295,0.000569,6.3e-05,2e-06,0.000793,4.8e-05,0.000179,0.005584,0.000461,0.000245,5e-06,0.000298,4.3e-05,1.8e-05,0.000421,5.2e-05,0.000639,0.000545,0.000176,9e-06,6e-06,1.4e-05,8e-06,0.000362,0.011015,3.8e-05,0.000158,3.7e-05,0.022055,8.3e-05,0.001783,4e-06,2e-05,1e-05,6e-06,0.000109,0.000137,0.001569,4.5e-05,0.000105,0.007288,0.024417,0.000172,5.4e-05,0.000417,0.006737,1.6e-05,0.000453,0.000166,3e-06,0.000145,0.000618,7.2e-05,0.003088,0.054158,6e-06,1.2e-05,0.00153,0.000473,0.000118,0.000252,0.001717,4.2e-05,0.002631,1.5e-05,9e-06,2.3e-05,0.000519,0.000109,0.002186,0.000113,0.000348,8e-06,0.000734,7.2e-05,0.004444,0.006861,0.003327,1.1e-05,1e-05,4.3e-05,0.001456,4e-06,0.000227,9e-05,0.000106,0.006693,6.1e-05,0.000376,3.7e-05,1e-05,1.2e-05,1.2e-05,0.001881,4.4e-05,0.002712,2.1e-05,0.000777,7e-06,6e-06,8.9e-05,0.004828,0.003491,4.5e-05,1e-06,1.2e-05,0.000358,0.005471,8e-06,0.000193,0.040789,4e-06,0.009304,4e-06,8e-06,2.8e-05,0.001036,1.3e-05,0.00015,0.008048,0.014498,3.4e-05,0.002,0.000416,0.000174,1.1e-05,4.2e-05,7e-06,6e-06,4e-06,0.000171,3.1e-05,5e-06,0.020416,8.9e-05,4.8e-05,0.003615,1.1e-05,0.000685,0.002954,0.00109,7e-06,5e-06,0.003942,2.1e-05,2e-04,0.000557,6.5e-05,0.001444,7.2e-05,6.8e-05,0.020761,0.000153,9e-06,2.7e-05,4e-06,2.5e-05,4.1e-05,1.1e-05,4.2e-05,0.000131,1.6e-05,0.00505,0.000113,0.000251,0.002565,4.3e-05,0.000214,0.023931,4e-06,2e-06,8e-06,8.5e-05,1e-05,0.016444,0.00017,2.1e-05,1.3e-05,1.1e-05,0.002555,0.003672,2.8e-05,6e-06,7.5e-05,0.002275,5.3e-05,0.005861,0.002404,0.002907,0.00029,0.003359,0.000267,0.001315,0.021323,0.001446,0.001852,6.3e-05,0.000124,0.000594,0.00083,0.000399,0.025551,0.003515,0.00052,1.1e-05,3.9e-05,0.000237,0.004922,3.9e-05,0.000933,7e-06,0.000257,2.5e-05,0.000803,0.000134,0.000473,0.000984,0.000622,0.000554,3.5e-05,0.00069,6.4e-05,0.009806,0.005159,0.001673,0.000695,3.6e-05,1.6e-05,0.000113,2.1e-05,7e-06,1.5e-05,4e-06,9.2e-05,0.006268,0.001821,0.0042,1.4e-05,0.000588,4.3e-05,2e-06,7e-06,2.8e-05,2e-05,0.000403,0.000285,1.5e-05,0.003099,3.9e-05,3e-06,3.2e-05,0.004885,0.000191,3.9e-05,0.000177,1e-05,0.001113,0.000201,7e-06,0.002095,8e-06,6e-06,1.2e-05,2e-06,3e-06,4.3e-05,5.2e-05
"manyara/babati/dabil",1.8e-05,8e-06,2e-06,5.5e-05,0.000118,8.4e-05,8e-06,8e-06,4.8e-05,0.006143,0.000168,3.6e-05,1.3e-05,0.000204,4e-04,2.1e-05,5.3e-05,0.00325,7.7e-05,0.00024,2e-06,1.4e-05,3.5e-05,2e-06,2e-06,1e-06,6.2e-05,8e-06,1e-06,2e-06,7.1e-05,6e-06,1e-06,1e-06,3.3e-05,0,2e-05,0.012609,4.5e-05,4.8e-05,5.5e-05,4e-05,0.000188,0.002857,4e-05,1e-04,9e-06,0.00484,0.001095,1.4e-05,2.2e-05,8e-06,7e-06,4.6e-05,0.008552,0.000215,3e-06,1.5e-05,8.1e-05,0.002426,5.5e-05,0.000166,8.2e-05,1.6e-05,0,0.000137,7e-05,1.6e-05,5.9e-05,0.001412,4e-06,2.1e-05,3e-06,0.000179,0.000185,9.7e-05,1.2e-05,0.000109,1.9e-05,3.1e-05,3.9e-05,0.000328,7.9e-05,3.1e-05,0.001218,1.3e-05,0.000608,6.4e-05,0.001006,0.000339,5.6e-05,2.7e-05,0.000579,9.9e-05,5e-06,0.001053,3.6e-05,1e-06,0.000272,6.7e-05,1.7e-05,6e-06,6.2e-05,3.1e-05,8e-06,0.000341,1e-05,5.5e-05,2.2e-05,0.000694,2.6e-05,0.000169,0.002763,1e-06,3e-06,2e-06,0.000219,4e-06,0.000305,2.8e-05,1.5e-05,0.000534,2e-06,7e-06,1e-06,2.6e-05,0.000137,0.001049,7.3e-05,2e-06,2e-06,6.3e-05,0.000128,1.2e-05,1e-06,0.000111,6e-06,3.6e-05,0.000656,8.8e-05,4.1e-05,1e-06,3.9e-05,8e-06,4e-06,0.000103,8.8e-05,0.000134,0.00011,3.7e-05,2e-06,2e-06,3e-06,2e-06,9.8e-05,0.001278,8e-06,1.2e-05,1.5e-05,0.004447,1.9e-05,0.000514,1e-06,5e-06,3.7e-05,2.3e-05,2.6e-05,2.1e-05,0.000225,1.1e-05,4.8e-05,0.000516,0.003348,5.2e-05,9e-06,0.000218,0.001345,2e-06,8.9e-05,7.1e-05,1e-06,1e-05,0.000194,1.5e-05,0.00056,0.010829,1e-06,2e-06,0.000285,8.6e-05,2.4e-05,0.001199,0.000154,7.3e-05,0.00136,8e-06,2e-06,3.4e-05,0.000104,2e-06,0.000348,7.2e-05,0.000105,2e-06,0.000149,1.2e-05,0.000965,0.000537,0.000124,2e-06,2e-06,2.6e-05,0.000312,1e-06,5e-06,2.6e-05,6e-06,0.001371,1.2e-05,7.8e-05,0.000105,2e-06,0.000251,2e-06,0.000342,8e-06,0.000479,4e-06,5.6e-05,0.000135,0.000124,3.1e-05,0.00043,0.00047,3.2e-05,0,2e-06,6.7e-05,0.000132,2e-06,3.8e-05,0.005455,1e-06,0.002409,1e-06,2e-06,6e-06,0.000161,0.000135,2.2e-05,0.001087,0.001233,3e-06,0.000295,7.5e-05,5.1e-05,2e-06,1e-05,1e-06,2e-06,1e-06,3.9e-05,3e-06,1e-06,0.000525,8e-06,4.8e-05,0.000397,1.4e-05,0.000199,0.000322,0.000257,2e-06,2e-06,0.000838,4e-06,5.9e-05,0.00018,2e-05,2.7e-05,1.6e-05,2e-06,0.002578,7.9e-05,5e-06,5.3e-05,5.4e-05,5e-06,0.000397,2e-06,2.3e-05,2.1e-05,5e-06,0.000847,2.3e-05,4e-05,0.000353,6e-06,5.6e-05,0.000142,1e-06,1e-06,2e-06,2.3e-05,6e-06,0.002325,2.4e-05,3e-06,2e-06,2e-06,0.000336,7.4e-05,2.2e-05,1e-06,1.5e-05,4e-06,4e-06,0.000723,0.000478,0.000477,5.7e-05,0.000385,4.7e-05,0.000201,0.002702,0.00012,0.000146,9e-06,1.3e-05,7.5e-05,0.000112,4.8e-05,0.002832,0.000319,0.000186,6e-06,8e-06,1.5e-05,0.000746,4e-05,4e-06,1e-06,4e-06,0.000148,0.000236,4.5e-05,3.1e-05,0.000123,0.00017,4.2e-05,8e-06,0.000112,1e-05,0.001354,0.000236,0.00016,0.00016,9e-06,3e-06,2.3e-05,6.4e-05,5.3e-05,4.1e-05,2.2e-05,9e-06,0.000871,0.000256,0.000569,8e-06,8.5e-05,9e-06,1e-06,2e-06,1.3e-05,4e-06,6.1e-05,7.1e-05,2e-06,0.000415,1.9e-05,1e-06,7e-05,0.000962,0.002556,7e-06,2.4e-05,2e-06,0.000216,4e-05,1e-06,0.000332,2e-06,2e-06,3e-06,1e-06,1e-06,4.6e-05,1.6e-05
"arusha/arushaurban/darajambili",0,0,0,0,0,0,0,0,0,0,0,0,0,0,0,0,0,0,0,0,0,0,0,0,0,0,0,0,0,0,0,0,0,0,0,0,0,0,0,0,0,0,0,0,0,0,0,0,0,0,0,0,0,0,0,0,0,0,0,0,0,0,0,0,0,0,0,0,0,0,0,0,0,0,0,0,0,0,0,0,0,0,0,0,0,0,0,0,0,0,0,0,0,0,0,0,0,0,0,0,0,0,0,0,0,0,0,0,0,0,0,0,0,0,0,0,0,0,0,0,0,0,0,0,0,0,0,0,0,0,0,0,0,0,0,0,0,0,0,0,0,0,0,0,0,0,0,0,0,0,0,0,0,0,0,0,0,0,0,0,0,0,0,0,0,0,0,0,0,0,0,0,0,0,0,0,0,0,0,0,0,0,0,0,0,0,0,0,0,0,0,0,0,0,0,0,0,0,0,0,0,0,0,0,0,0,0,0,0,0,0,0,0,0,0,0,0,0,0,0,0,0,0,0,0,0,0,0,0,0,0,0,0,0,0,0,0,0,0,0,0,0,0,0,0,0,0,0,0,0,0,0,0,0,0,0,0,0,0,0,0,0,0,0,0,0,0,0,0,0,0,0,0,0,0,0,0,0,0,0,0,0,0,0,0,0,0,0,0,0,0,0,0,0,0,0,0,0,0,0,0,0,0,0,0,0,0,0,0,0,0,0,0,0,0,0,0,0,0,0,0,0,0,0,0,0,0,0,0,0,0,0,0,0,0,0,0,0,0,0,0,0,0,0,0,0,0,0,0,0,0,0,0,0,0,0,0,0,0,0,0,0,0,0,0,0,0,0,0,0,0,0,0,0,0,0,0,0,0,0,0,0,0,0,0,0,0,0,0,0,0,0,0,0,0,0,0,0
"manyara/babati/dareda",0.000116,5.3e-05,1.2e-05,0.000328,0.003934,0.000516,7.3e-05,7.6e-05,0.000408,0.067255,0.002141,0.000105,8.7e-05,0.001347,0.002314,0.00018,0.000326,0.011557,0.000229,0.000688,1.2e-05,8.5e-05,0.00026,1e-05,1e-05,3e-06,0.000595,6.6e-05,5e-06,1.4e-05,0.000474,3.4e-05,6e-06,7e-06,0.000231,0.003375,0.000133,0,0.000366,0.000283,0.000299,0.000127,0.001009,0.019468,0.000213,0.000978,5.8e-05,0.031673,0.008028,0.000103,0.000199,5.4e-05,5.5e-05,0.000211,0.029808,0.00047,1.7e-05,0.000123,0.00049,0.014657,0.000334,0.001101,0.000524,8.8e-05,0,0.000915,0.000477,7.6e-05,0.000443,0.01104,2.9e-05,4.5e-05,2e-05,0.001591,0.000526,0.000602,7.3e-05,0.000188,6.4e-05,0.000112,0.000168,0.002042,0.000418,0.000111,0.001395,0.000102,0.003781,0.000213,0.003904,0.00196,0.000171,9.6e-05,0.00345,0.00065,3.2e-05,0.009018,0.000224,4e-06,0.00165,0.000405,0.000167,3.8e-05,0.000359,0.000203,5.1e-05,0.002053,7.4e-05,0.000335,0.000137,0.004995,0.000158,0.001011,0.006431,5e-06,1.5e-05,1.1e-05,0.001373,2.1e-05,0.001856,0.00017,9.1e-05,0.003238,1.1e-05,4.2e-05,5e-06,0.000147,0.000764,0.006674,0.000474,1.2e-05,1e-05,0.000377,0.000769,7.6e-05,3e-06,0.000737,4.1e-05,0.00022,0.004006,0.000541,0.000262,8e-06,0.000261,5e-05,2.1e-05,0.000611,0.001336,0.00081,0.000667,0.000222,1e-05,1e-05,1.7e-05,1.4e-05,0.00057,0.008694,4.5e-05,7.4e-05,8.7e-05,0.02674,0.000114,0.003499,5e-06,3e-05,0.000108,7.7e-05,0.000156,0.000134,0.001497,6.6e-05,0.000263,0.003689,0.021982,0.000314,5.6e-05,0.001462,0.010126,1.1e-05,0.000542,0.000402,5e-06,5.8e-05,0.001123,9.2e-05,0.003428,0.064086,7e-06,1.3e-05,0.001748,0.000527,0.000145,0.020291,0.001315,0.000301,0.01277,4.4e-05,1.1e-05,0.000426,0.000633,1.8e-05,0.002236,0.000437,0.000612,1e-05,0.000893,7.4e-05,0.005773,0.004008,0.00076,1.4e-05,1.3e-05,0.000219,0.001857,5e-06,3.2e-05,0.000147,5.2e-05,0.008115,7.5e-05,0.000467,0.000425,1.1e-05,0.002879,1.3e-05,0.002118,4.7e-05,0.002942,2.5e-05,4e-04,0.000309,0.000636,0.000225,0.002605,0.003195,0.000169,1e-06,1.4e-05,0.000433,0.000923,1e-05,0.000245,0.03852,5e-06,0.014228,7e-06,1e-05,3.5e-05,0.001065,0.000298,0.000154,0.007175,0.008198,2.2e-05,0.001952,0.000449,0.000296,1.4e-05,5.9e-05,8e-06,9e-06,7e-06,0.00024,2.7e-05,9e-06,0.003865,4.8e-05,0.000565,0.002685,0.000154,0.001781,0.002146,0.001544,1e-05,9e-06,0.005008,2.6e-05,0.000341,0.001146,0.000194,0.000185,9.8e-05,1.4e-05,0.015529,0.000795,2.7e-05,0.000544,0.00014,2.9e-05,0.002025,1.1e-05,0.000134,0.000127,2.6e-05,0.005555,0.00014,0.000246,0.002251,3.8e-05,0.00034,0.000947,5e-06,3e-06,9e-06,0.000136,3.5e-05,0.019365,0.00016,2e-05,1.3e-05,1.2e-05,0.002259,0.000464,0.000118,8e-06,9.1e-05,2.7e-05,2.6e-05,0.004634,0.002854,0.003245,0.000391,0.00254,0.000292,0.001224,0.017732,7e-04,0.000859,5.9e-05,7.4e-05,0.000503,0.000739,0.000318,0.017464,0.001867,0.001127,3.6e-05,4.8e-05,9e-05,0.004842,0.000296,3.1e-05,8e-06,2.8e-05,0.002059,0.001404,0.000257,0.000187,0.000804,0.001009,0.000249,7.7e-05,7e-04,6.2e-05,0.008936,0.001655,0.001129,0.00104,5.2e-05,2e-05,0.000138,0.001049,0.000206,0.000445,9.2e-05,5e-05,0.00572,0.001712,0.003797,4.2e-05,0.000547,5.2e-05,3e-06,1.1e-05,7.1e-05,2.3e-05,0.000412,0.000498,1.4e-05,0.002556,0.000165,5e-06,0.000693,0.005729,0.005668,6.1e-05,0.000161,1.1e-05,0.001318,0.00024,8e-06,0.002155,9e-06,1e-05,2e-05,3e-06,4e-06,0.000392,9.6e-05
"manyara/mbulu/daudi",1.1e-05,1.1e-05,1e-06,4.5e-05,8e-06,4e-05,3.3e-05,6.8e-05,3e-06,0.00106,1.8e-05,1e-06,9e-06,0.000136,0.000401,0.000707,2.4e-05,3.8e-05,4e-06,1.3e-05,1e-06,8e-06,2e-06,1e-06,1e-06,0,5e-06,6.6e-05,0,1e-06,4.3e-05,1e-06,0,1e-06,0.00011,1.1e-05,1.4e-05,0.000336,0,3.3e-05,1.2e-05,1e-06,4.7e-05,0.00048,8e-06,4e-06,9e-06,0.003432,0.000569,8.2e-05,9.1e-05,2e-05,2.6e-05,1e-05,0.000135,2e-06,1e-06,5e-06,2.8e-05,0.003089,3.7e-05,0.000194,6.1e-05,4e-06,0,9.2e-05,6.1e-05,5e-06,0.000115,0.00038,1.1e-05,0,2e-06,0.001682,8e-06,7.8e-05,1.1e-05,2e-06,2e-06,3e-06,1e-06,1.3e-05,8e-06,2e-06,7e-06,0.000117,0.000319,4e-06,0.000143,0.000121,1e-06,3e-06,0.000262,6.8e-05,5e-06,0.008461,2e-05,0,0.000125,3.1e-05,4.8e-05,7e-06,2.3e-05,2.1e-05,4e-06,0.000177,0.000123,2.7e-05,1.3e-05,0.001949,1.4e-05,8.1e-05,5.9e-05,1e-06,1e-06,1e-06,0.000116,1e-06,0.000148,1.4e-05,8e-06,0.000266,1e-06,3e-06,0,9e-06,3.7e-05,0.000606,4.3e-05,1e-06,1e-06,2.9e-05,5.7e-05,6e-06,0,7.5e-05,4e-06,1.7e-05,0.000414,4.4e-05,2.3e-05,1e-06,2.8e-05,4e-06,2e-06,4.3e-05,2.3e-05,6.3e-05,5.3e-05,1.7e-05,1e-06,1e-06,1e-06,1e-06,3.8e-05,0.001024,4e-06,1e-05,5e-06,0.002181,8e-06,0.000239,0,2e-06,2e-06,1e-06,1.1e-05,1.3e-05,0.000152,5e-06,1.3e-05,0.000601,0.002335,2e-05,5e-06,6.7e-05,0.00099,1e-06,4.4e-05,2e-05,0,7e-06,6.8e-05,7e-06,0.00029,0.005467,1e-06,1e-06,0.000146,4.5e-05,1.2e-05,0.000102,0.000794,1e-05,0.000781,2e-06,1e-06,8e-06,5.1e-05,5e-06,0.000209,1.7e-05,3.8e-05,1e-06,7e-05,7e-06,0.000439,0.000688,0.000125,1e-06,1e-06,1e-05,0.000142,0,1.3e-05,9e-06,0.000283,0.000636,6e-06,3.6e-05,1e-05,1e-06,4e-06,1e-06,0.00018,4e-06,0.000253,2e-06,0.00033,2e-06,2e-06,4.7e-05,0.000299,0.000344,6e-06,0,1e-06,3.7e-05,0.000223,1e-06,2e-05,0.004659,0,0.000986,0,1e-06,3e-06,0.000103,3e-06,1.6e-05,0.000754,0.001095,3e-06,0.000195,3.8e-05,1.9e-05,1e-06,4e-06,1e-06,1e-06,0,1.8e-05,4e-06,1e-06,0.001143,6e-06,2.9e-05,0.00032,3e-06,0.000185,0.000253,0.000112,1e-06,1e-06,0.000385,2e-06,2.1e-05,7e-05,5.6e-05,4.4e-05,8e-06,3e-06,0.001577,0.000127,1e-06,8e-06,1e-06,2e-06,1.4e-05,1e-06,6e-06,1.1e-05,2e-06,0.000515,1.1e-05,2.2e-05,0.000226,4e-06,2.3e-05,0.00029,0,0,1e-06,9e-06,1e-06,0.003648,1.6e-05,2e-06,1e-06,1e-06,0.000244,9.8e-05,4e-06,1e-06,7e-06,1.1e-05,3e-06,0.000494,0.000227,0.000313,3.4e-05,0.000288,2.5e-05,0.000112,0.001949,7.9e-05,1e-04,6e-06,8e-06,5.5e-05,7.7e-05,3.6e-05,0.001921,0.000205,6.4e-05,1e-06,4e-06,1.2e-05,0.00047,8e-06,1.4e-05,1e-06,9e-06,8e-06,8.9e-05,1.5e-05,2.4e-05,8.6e-05,6.7e-05,3e-05,5.1e-05,6.3e-05,6e-06,0.00093,0.000317,0.000153,7.9e-05,4e-06,2e-06,1.1e-05,8e-06,2e-06,5e-06,1e-06,5e-06,0.000588,0.000177,4e-04,2e-06,5.4e-05,4e-06,0,1e-06,3e-06,2e-06,4.1e-05,3.8e-05,1e-06,0.000251,3e-05,0,1.5e-05,0.000458,5.3e-05,9.3e-05,1.7e-05,1e-06,0.000107,1.9e-05,1e-06,0.000203,1e-06,1e-06,1e-06,0,0,2.3e-05,1.3e-05
"arusha/ngorongoro/digodigo",0,0,0,0,0,0,0,0,0,0,0,0,0,0,0,0,0,0,0,0,0,0,0,0,0,0,0,0,0,0,0,0,0,0,0,0,0,0,0,0,0,0,0,0,0,0,0,0,0,0,0,0,0,0,0,0,0,0,0,0,0,0,0,0,0,0,0,0,0,0,0,0,0,0,0,0,0,0,0,0,0,0,0,0,0,0,0,0,0,0,0,0,0,0,0,0,0,0,0,0,0,0,0,0,0,0,0,0,0,0,0,0,0,0,0,0,0,0,0,0,0,0,0,0,0,0,0,0,0,0,0,0,0,0,0,0,0,0,0,0,0,0,0,0,0,0,0,0,0,0,0,0,0,0,0,0,0,0,0,0,0,0,0,0,0,0,0,0,0,0,0,0,0,0,0,0,0,0,0,0,0,0,0,0,0,0,0,0,0,0,0,0,0,0,0,0,0,0,0,0,0,0,0,0,0,0,0,0,0,0,0,0,0,0,0,0,0,0,0,0,0,0,0,0,0,0,0,0,0,0,0,0,0,0,0,0,0,0,0,0,0,0,0,0,0,0,0,0,0,0,0,0,0,0,0,0,0,0,0,0,0,0,0,0,0,0,0,0,0,0,0,0,0,0,0,0,0,0,0,0,0,0,0,0,0,0,0,0,0,0,0,0,0,0,0,0,0,0,0,0,0,0,0,0,0,0,0,0,0,0,0,0,0,0,0,0,0,0,0,0,0,0,0,0,0,0,0,0,0,0,0,0,0,0,0,0,0,0,0,0,0,0,0,0,0,0,0,0,0,0,0,0,0,0,0,0,0,0,0,0,0,0,0,0,0,0,0,0,0,0,0,0,0,0,0,0,0,0,0,0,0,0,0,0,0,0,0,0,0,0,0,0,0,0,0,0,0,0
"manyara/mbulu/dinamu",0,0,0,0,0,0,0,0,0,0,0,0,0,0,0,0,0,0,0,0,0,0,0,0,0,0,0,0,0,0,0,0,0,0,0,0,0,0,0,0,0,0,0,0,0,0,0,0,0,0,0,0,0,0,0,0,0,0,0,0,0,0,0,0,0,0,0,0,0,0,0,0,0,0,0,0,0,0,0,0,0,0,0,0,0,0,0,0,0,0,0,0,0,0,0,0,0,0,0,0,0,0,0,0,0,0,0,0,0,0,0,0,0,0,0,0,0,0,0,0,0,0,0,0,0,0,0,0,0,0,0,0,0,0,0,0,0,0,0,0,0,0,0,0,0,0,0,0,0,0,0,0,0,0,0,0,0,0,0,0,0,0,0,0,0,0,0,0,0,0,0,0,0,0,0,0,0,0,0,0,0,0,0,0,0,0,0,0,0,0,0,0,0,0,0,0,0,0,0,0,0,0,0,0,0,0,0,0,0,0,0,0,0,0,0,0,0,0,0,0,0,0,0,0,0,0,0,0,0,0,0,0,0,0,0,0,0,0,0,0,0,0,0,0,0,0,0,0,0,0,0,0,0,0,0,0,0,0,0,0,0,0,0,0,0,0,0,0,0,0,0,0,0,0,0,0,0,0,0,0,0,0,0,0,0,0,0,0,0,0,0,0,0,0,0,0,0,0,0,0,0,0,0,0,0,0,0,0,0,0,0,0,0,0,0,0,0,0,0,0,0,0,0,0,0,0,0,0,0,0,0,0,0,0,0,0,0,0,0,0,0,0,0,0,0,0,0,0,0,0,0,0,0,0,0,0,0,0,0,0,0,0,0,0,0,0,0,0,0,0,0,0,0,0,0,0,0,0,0,0,0,0,0,0,0,0,0,0,0,0,0,0,0,0,0,0,0,0
"manyara/hanang/dirma",2e-05,7e-06,3e-06,5.6e-05,2.9e-05,0.000106,3e-06,4e-06,3.6e-05,0.003609,8.5e-05,0.000265,1.5e-05,0.000223,0.000228,1e-05,1.9e-05,0.000246,4.2e-05,0.000191,3e-06,1.6e-05,3.8e-05,2e-06,2e-06,1e-06,4.5e-05,5e-06,2e-06,4e-06,8e-05,1.4e-05,1e-06,2e-06,2.2e-05,0.000157,2.1e-05,0.001883,2.2e-05,5.3e-05,1.8e-05,0,0.000347,0.000715,8.7e-05,4.8e-05,9e-06,0.005157,0.001139,8e-06,9e-06,5e-06,5e-06,2e-05,0.004834,5.7e-05,3e-06,1.4e-05,0.000117,0.001927,6.1e-05,0.000155,8.8e-05,3.4e-05,0,0.000149,6.9e-05,9e-06,4.4e-05,0.0015,3e-06,4.7e-05,4e-06,8.9e-05,0.000434,0.000103,1.2e-05,5.3e-05,1.9e-05,1.8e-05,4.6e-05,0.000314,1.9e-05,0.000524,0.00025,6e-06,0.000733,2.3e-05,0.000624,0.000487,0.000114,2.5e-05,0.000742,0.000109,5e-06,0.000461,4.3e-05,1e-06,0.000345,8.6e-05,7e-06,5e-06,8.9e-05,3.3e-05,1e-05,0.000415,5e-06,6.7e-05,2.5e-05,0.000486,3.1e-05,0.000212,0.009184,1e-06,3e-06,2e-06,0.000263,8e-06,0.00038,3.4e-05,1.8e-05,0.000658,2e-06,9e-06,1e-06,3.7e-05,0.00024,0.001216,8.3e-05,3e-06,2e-06,7.9e-05,0.000165,1.5e-05,1e-06,0.000121,7e-06,4.5e-05,0.000748,0.000108,4.8e-05,2e-06,4.2e-05,1e-05,4e-06,0.000135,3.1e-05,0.000169,0.000139,4.6e-05,2e-06,2e-06,4e-06,3e-06,0.000136,0.001295,1e-05,1.2e-05,2.3e-05,0.00551,2.5e-05,0.000607,1e-06,7e-06,4.8e-05,0.000159,3.3e-05,2.4e-05,0.000242,1.5e-05,8.4e-05,0.000457,0.00359,7.2e-05,1.1e-05,3e-04,0.001241,2e-06,0.00011,0.00012,1e-06,1e-05,0.00028,1.9e-05,0.00068,0.013255,1e-06,3e-06,0.000347,0.000104,2.9e-05,0.000236,8.8e-05,3.1e-05,0.000928,1.6e-05,2e-06,1.7e-05,0.000129,2e-06,0.000398,0.000123,0.000149,2e-06,0.000188,1.4e-05,0.001234,0.000446,0.000119,3e-06,3e-06,2.2e-05,0.000399,1e-06,3e-06,3.6e-05,3e-06,0.001741,1.6e-05,9.8e-05,3.3e-05,2e-06,3.9e-05,3e-06,0.000412,9e-06,0.000578,5e-06,2.8e-05,0.00011,3.4e-05,1.2e-05,0.000475,0.00049,7.3e-05,0,3e-06,7.7e-05,0.000107,2e-06,4.5e-05,0.005158,1e-06,0.003223,2e-06,2e-06,7e-06,0.000178,0.000261,2.3e-05,0.001169,0.001237,3e-06,0.000322,9.2e-05,7.2e-05,3e-06,1.3e-05,2e-06,2e-06,2e-06,4.9e-05,3e-06,2e-06,0.000389,8e-06,1.6e-05,0.000404,9e-06,0.000137,0.000333,0.000333,2e-06,2e-06,0.001068,6e-06,8.4e-05,0.00024,9e-06,2.3e-05,1.9e-05,2e-06,0.002968,3.1e-05,9e-06,3.6e-05,0.000207,6e-06,5.5e-05,2e-06,4.2e-05,2.4e-05,6e-06,0.00095,2.9e-05,4.7e-05,0.000397,6e-06,7.3e-05,0.000105,1e-06,1e-06,2e-06,3.1e-05,1.3e-05,0.001598,2.7e-05,4e-06,2e-06,2e-06,0.000353,6.3e-05,5e-05,2e-06,1.9e-05,3e-06,5e-06,0.000796,0.000602,0.000512,6.2e-05,0.000408,5.5e-05,0.000239,0.002877,0.000132,0.000159,1e-05,1.5e-05,8e-05,0.000121,5e-05,0.003154,0.000355,0.00027,1.3e-05,1e-05,1.5e-05,0.000834,4.8e-05,3e-06,2e-06,3e-06,5.9e-05,0.000329,6.6e-05,3.3e-05,0.000133,0.000233,4.6e-05,4e-06,0.000132,1.1e-05,0.001461,0.000204,0.000151,0.000193,1.1e-05,4e-06,2.8e-05,2.5e-05,0.000209,2.6e-05,0.000133,1e-05,0.000948,0.000275,0.000606,1.6e-05,9.5e-05,1.1e-05,1e-06,3e-06,2.3e-05,5e-06,6.6e-05,7.8e-05,2e-06,0.000479,7e-06,1e-06,1.8e-05,0.00121,0.000452,3e-06,2.6e-05,2e-06,0.000267,4.9e-05,2e-06,0.000375,2e-06,2e-06,5e-06,1e-06,1e-06,1.4e-05,8e-06
"manyara/kiteto/dongo",8.2e-05,1.8e-05,1.7e-05,0.000173,6e-06,0.00069,2e-06,2e-06,6e-06,0.001226,2.2e-05,7e-06,5.9e-05,0.000894,0.000168,6e-06,7e-06,3.6e-05,7e-06,2.9e-05,4.8e-05,8.2e-05,6e-06,1.3e-05,3e-05,4e-06,1e-05,4e-06,9.8e-05,4.9e-05,0.000337,0.000773,1.7e-05,1.4e-05,2.8e-05,1.5e-05,8.2e-05,0.000307,1.6e-05,0.000197,6e-06,7e-06,0,0.000196,0.008616,7e-06,2.8e-05,0.019135,0.002525,9e-06,5e-06,7e-06,6e-06,7e-06,0.000303,4e-06,1.6e-05,1.2e-05,0.001486,0.003455,0.000259,0.000431,0.000347,0.006417,0,0.000579,0.000217,4e-06,7e-05,0.001331,5e-06,1e-06,1.9e-05,6e-05,3.4e-05,0.000376,3.7e-05,4e-06,5e-06,5e-06,3e-06,3.3e-05,4e-06,1.2e-05,1.5e-05,3e-06,0.004053,5e-06,0.000203,0.007467,3e-06,8e-06,0.005288,0.000438,1.5e-05,0.00026,0.00023,8e-06,0.002346,6e-04,4e-06,6e-06,0.00123,0.000126,6.5e-05,0.002347,5e-06,0.000409,0.000119,0.000733,0.000164,0.00136,0.000196,3e-06,2.1e-05,1.6e-05,0.001421,0.000436,0.002393,0.000203,0.000106,0.003947,2e-05,7.6e-05,9e-06,0.000548,0.040198,0.005845,0.000372,1.6e-05,1.4e-05,0.000542,0.001197,9.4e-05,6e-06,0.000477,2.5e-05,0.000292,0.003361,0.000643,0.000242,3e-05,0.000159,6e-05,3e-05,0.001121,1e-05,0.001121,0.000898,0.000311,1.4e-05,1.7e-05,2.5e-05,3.4e-05,0.001515,0.004225,6.4e-05,4.3e-05,0.000609,0.033325,0.000188,0.002336,6e-06,5.9e-05,6e-06,9e-06,0.000246,0.000115,0.000932,0.000119,0.0286,0.001087,0.01359,0.000759,5.7e-05,0.001013,0.002443,9e-06,0.000667,0.010325,1.6e-05,3.5e-05,0.004567,0.000122,0.003871,0.074709,8e-06,1.5e-05,0.002004,0.000584,0.000176,5.4e-05,7.6e-05,9e-06,0.000654,0.010982,1.7e-05,6e-06,0.000802,3e-06,0.001837,0.000859,0.002023,9e-06,0.00125,7e-05,0.008648,0.00087,0.000333,2e-05,1.8e-05,1.9e-05,0.002821,8e-06,3e-06,0.000456,3e-06,0.011706,0.000102,0.000658,8e-06,9e-06,5e-06,1.4e-05,0.00227,5e-05,0.003208,3e-05,2e-05,4e-06,3e-06,6e-06,0.001897,0.001691,0.002965,1e-06,1.9e-05,0.000359,0.000224,1.4e-05,0.000232,0.01296,6e-06,0.028387,1.9e-05,1.3e-05,4.4e-05,0.000733,9e-06,7.5e-05,0.004505,0.004066,1e-05,0.001283,0.000539,0.000993,1.9e-05,9.9e-05,1e-05,2.5e-05,2e-05,0.000325,4e-06,2.8e-05,0.000647,3.3e-05,6e-06,0.001348,4e-06,0.000122,0.001177,0.002527,1.7e-05,2.6e-05,0.00736,3.7e-05,0.001195,0.001647,5e-06,4.9e-05,0.000113,5e-06,0.013616,1.4e-05,0.001921,1.2e-05,4e-06,3.8e-05,1e-05,1.1e-05,0.001028,0.000128,9e-05,0.004046,0.000181,0.000244,0.001753,2.3e-05,0.000574,0.000178,7e-06,6e-06,1.2e-05,0.000296,0.000454,0.001742,0.00011,1.5e-05,9e-06,1.4e-05,0.001263,0.000139,8e-04,1e-05,0.000119,4e-06,1.9e-05,0.003307,0.003922,0.001847,0.00022,0.001525,0.000292,0.001243,0.010797,0.000469,0.000572,3.8e-05,5.6e-05,0.000296,0.000478,0.000182,0.013341,0.001352,0.003283,0.001041,6e-05,5.4e-05,0.003584,4.1e-05,4e-06,1e-05,5e-06,1.1e-05,0.003699,0.001467,0.000115,0.000524,0.002361,0.000165,2e-06,0.000675,4.5e-05,0.00565,0.00048,0.000409,0.000996,9e-05,2.9e-05,0.00017,7e-06,7e-06,7e-06,5e-06,3.6e-05,0.003778,0.001037,0.00226,0.004509,0.000414,6.5e-05,7e-06,3.7e-05,0.03046,3e-05,0.000245,0.000246,9e-06,0.002266,3e-06,1e-05,5e-06,0.007791,6.2e-05,2e-06,9.8e-05,1.4e-05,0.001625,0.000306,1e-05,0.001662,1.2e-05,2.8e-05,5.9e-05,7e-06,1.7e-05,5e-06,4e-06
"manyara/mbulu/dongobesh",2e-05,1.3e-05,2e-06,7.7e-05,7.9e-05,8.8e-05,2.5e-05,2.4e-05,1.9e-05,0.00452,1e-04,1.3e-05,1.5e-05,0.000235,0.001112,6.2e-05,0.000397,0.000976,6.5e-05,0.000159,2e-06,1.5e-05,1.4e-05,2e-06,2e-06,1e-06,3e-05,1.8e-05,1e-06,2e-06,7.9e-05,5e-06,1e-06,1e-06,7.1e-05,0.000184,2.3e-05,0.004749,0.000126,6.1e-05,0.000431,1.2e-05,0.000156,0,3e-05,3.2e-05,1.2e-05,0.005665,0.001104,3.1e-05,7.9e-05,1.8e-05,1.4e-05,0.000137,0.001355,2.1e-05,3e-06,1.3e-05,7.5e-05,0.004491,6.6e-05,0.000239,1e-04,1.3e-05,0,0.000157,8.7e-05,3.8e-05,9.3e-05,0.001101,8e-06,4e-06,4e-06,0.00043,8.1e-05,0.000126,1.6e-05,2.4e-05,1.6e-05,4.2e-05,9e-06,9.6e-05,0.000771,1.1e-05,0.000101,4.6e-05,0.000658,8.9e-05,0.001528,0.000325,1.1e-05,2.7e-05,0.000607,0.000116,7e-06,0.003578,4e-05,1e-06,0.000284,7e-05,4.7e-05,1.3e-05,6.1e-05,3.6e-05,9e-06,0.000378,2.4e-05,5.8e-05,2.5e-05,0.001293,2.8e-05,0.000181,0.000623,1e-06,3e-06,2e-06,0.000236,3e-06,0.000325,3e-05,1.6e-05,0.000576,2e-06,7e-06,1e-06,2.5e-05,0.000115,0.001162,8.1e-05,2e-06,2e-06,6.6e-05,0.000133,1.3e-05,1e-06,0.000129,7e-06,3.9e-05,0.000778,9.5e-05,4.6e-05,1e-06,4.6e-05,9e-06,4e-06,0.000104,0.00012,0.000141,0.000117,3.9e-05,2e-06,2e-06,3e-06,2e-06,9.8e-05,0.001552,8e-06,1.5e-05,1.3e-05,0.004742,2e-05,0.000505,1e-06,5e-06,2.1e-05,1e-05,2.6e-05,2.4e-05,0.000259,1.1e-05,4e-05,0.000708,0.003901,5e-05,1e-05,0.000179,0.001542,2e-06,9.5e-05,6.1e-05,1e-06,1.3e-05,0.000184,1.6e-05,0.00061,0.011611,1e-06,2e-06,0.000308,9.3e-05,2.5e-05,0.002099,0.000306,0.000173,0.001522,7e-06,2e-06,3.2e-05,0.000111,4e-06,0.00039,5.4e-05,0.000101,2e-06,0.000159,1.3e-05,0.001011,0.000751,0.000184,2e-06,2e-06,2.4e-05,0.000328,1e-06,1.2e-05,2.5e-05,1.7e-05,0.001459,1.3e-05,8.2e-05,0.000295,2e-06,4.4e-05,2e-06,0.000372,8e-06,0.000524,4e-06,0.000181,1.9e-05,1.9e-05,0.000169,0.000536,0.000553,2.3e-05,0,3e-06,7.2e-05,0.000212,2e-06,4.1e-05,0.006648,1e-06,0.002417,1e-06,2e-06,6e-06,0.000182,3.3e-05,2.6e-05,0.001266,0.001574,4e-06,0.000337,8.2e-05,5e-05,2e-06,1e-05,1e-06,2e-06,1e-06,4e-05,5e-06,1e-06,0.000882,1e-05,0.000144,0.000485,1.2e-05,0.000256,0.000392,0.000263,2e-06,2e-06,0.000883,5e-06,5.7e-05,0.000169,4.5e-05,4.5e-05,1.6e-05,3e-06,0.003031,0.000247,4e-06,3.5e-05,1.1e-05,5e-06,0.000612,2e-06,1.8e-05,2.3e-05,4e-06,0.000942,2.4e-05,4.5e-05,0.000406,7e-06,5.6e-05,0.000271,1e-06,1e-06,2e-06,2.3e-05,5e-06,0.003434,2.8e-05,4e-06,2e-06,2e-06,0.000395,0.000124,1.5e-05,1e-06,1.6e-05,8e-06,6e-06,0.000852,0.000512,0.000538,6.2e-05,0.000463,5.1e-05,0.000227,0.003194,0.000155,0.000189,1e-05,1.6e-05,8.9e-05,0.00013,5.7e-05,0.003396,0.000403,0.000169,5e-06,8e-06,2e-05,0.000846,2.8e-05,9e-06,1e-06,7e-06,6.1e-05,0.000229,4.2e-05,4.1e-05,0.000145,0.000168,5.5e-05,2.4e-05,0.000125,1.1e-05,0.001572,0.000344,0.000205,0.000165,9e-06,4e-06,2.4e-05,4.7e-05,1.4e-05,2.4e-05,7e-06,1.1e-05,0.001007,0.000297,0.000664,6e-06,9.7e-05,9e-06,0,2e-06,1.1e-05,4e-06,7e-05,7.3e-05,2e-06,0.00048,9.4e-05,1e-06,0.000582,0.001032,0.001301,2e-05,2.8e-05,2e-06,0.000232,4.2e-05,1e-06,0.000373,2e-06,2e-06,3e-06,1e-06,1e-06,0.000442,6.4e-05
"manyara/kiteto/dosidosi",0.000718,0.000161,0.000135,0.0015,7.4e-05,0.005507,1.9e-05,2.4e-05,8.4e-05,0.015308,0.000276,1e-04,0.000516,0.007812,0.001694,6.9e-05,8.1e-05,0.000436,8.5e-05,0.000341,0.000295,0.000678,9.1e-05,0.000102,2e-04,3.1e-05,0.000139,4.6e-05,0.002564,0.000322,0.002997,0.0959,0.000115,0.000102,0.000272,0.000191,0.000727,0.003794,0.000164,0.001657,6.3e-05,0.000105,0.367863,0.002226,0,8.9e-05,0.000243,0.152778,0.026605,9.1e-05,5.2e-05,6.8e-05,6.2e-05,7.6e-05,0.004096,4.8e-05,0.000139,0.000148,0.011557,0.031255,0.002151,0.003833,0.002962,0.271214,1e-06,0.005124,0.00196,4.5e-05,0.000682,0.017102,4.4e-05,1.6e-05,0.000158,0.000643,0.000436,0.003194,0.00032,4.5e-05,5.3e-05,5.3e-05,3.8e-05,0.000455,5.1e-05,0.000191,0.000191,3.6e-05,0.032665,5.4e-05,0.002217,0.046258,4.9e-05,8.4e-05,0.039548,0.003801,0.000134,0.002773,0.001883,5.9e-05,0.018295,0.004659,4.1e-05,5.9e-05,0.007805,0.001115,0.000521,0.018467,4.9e-05,0.003279,0.000999,0.007013,0.00134,0.010543,0.002658,2.7e-05,0.000164,0.000126,0.011732,0.012659,0.018792,0.001624,0.00085,0.030842,0.000148,0.000573,6.6e-05,0.003438,0.14167,0.048078,0.00323,0.000128,0.000108,0.004214,0.009193,0.000756,4.6e-05,0.004187,0.000222,0.002302,0.027292,0.005159,0.002032,0.000192,0.001406,0.000484,0.00023,0.008383,0.000122,0.008764,0.007031,0.002426,0.00011,0.000133,0.000192,0.000244,0.010275,0.037325,0.000493,0.000369,0.004276,0.227193,0.001435,0.022853,4.7e-05,0.000439,7.7e-05,0.000126,0.001921,0.00097,0.008233,0.000905,0.062314,0.010105,0.111533,0.005818,0.000466,0.012313,0.024682,7.2e-05,0.005324,0.046011,0.000102,0.000299,0.028496,0.000968,0.030665,0.430107,6.1e-05,0.000122,0.016042,0.004724,0.001423,0.000639,0.000793,9.8e-05,0.007541,0.06542,0.000132,7.4e-05,0.006375,3e-05,0.015544,0.012249,0.0135,7.8e-05,0.009652,0.000582,0.064124,0.008373,0.002919,0.000155,0.000139,0.00023,0.021335,6e-05,2.8e-05,0.002984,2.7e-05,0.08514,8e-04,0.005111,9.1e-05,7.7e-05,6e-05,0.000115,0.018387,0.000406,0.025623,0.000242,0.000203,5.9e-05,4.1e-05,6.3e-05,0.015721,0.015164,0.278703,8e-06,0.000147,0.003121,0.002072,0.000109,0.00199,0.114811,5.1e-05,0.186237,0.000129,0.000101,0.000354,0.006431,0.00012,0.000692,0.038728,0.035213,9.1e-05,0.01124,0.004262,0.006463,0.000148,0.000757,8.3e-05,0.000172,0.000136,0.002625,4.1e-05,0.000183,0.00619,0.000277,6.9e-05,0.012012,4.4e-05,0.001346,0.010353,0.019268,0.000127,0.000178,0.054919,0.000289,0.007642,0.014938,5.7e-05,0.000451,0.000947,4.8e-05,0.104334,0.000154,0.021332,0.000158,5.1e-05,3e-04,0.00012,8.9e-05,0.012644,0.00104,0.000579,0.0348,0.001438,0.001995,0.014759,0.000207,0.004551,0.001663,5.4e-05,4.6e-05,9.5e-05,0.002179,0.010758,0.018082,0.000963,0.000133,7.7e-05,0.000114,0.011231,0.001255,0.029369,8.3e-05,0.000938,3.7e-05,0.000156,0.027798,0.029882,0.016709,0.002065,0.013257,0.002416,0.010005,0.089605,0.00396,0.004822,0.000335,0.000466,0.002623,0.00418,0.001609,0.104345,0.011252,0.026573,0.019156,0.000482,0.000458,0.03045,0.000559,4e-05,8e-05,4.3e-05,0.000137,0.026515,0.008491,0.000979,0.004549,0.016985,0.001394,2.3e-05,0.005567,0.000389,0.048302,0.004424,0.003785,0.008751,0.000682,0.000222,0.001368,8.1e-05,9.9e-05,9.2e-05,7.4e-05,0.000302,0.032423,0.009176,0.019845,0.136485,0.003545,0.000522,5.4e-05,0.000247,0.026269,0.000235,0.002205,0.002443,7.7e-05,0.018478,3.4e-05,7.6e-05,5.7e-05,0.058292,0.000746,2.1e-05,0.00087,0.000113,0.012883,0.002425,8e-05,0.014241,9.7e-05,0.000188,0.000397,5.2e-05,0.000108,5.5e-05,4.1e-05
"manyara/babati/duru",0,0,0,0,0,0,0,0,0,0,0,0,0,0,0,0,0,0,0,0,0,0,0,0,0,0,0,0,0,0,0,0,0,0,0,0,0,0,0,0,0,0,0,0,0,0,0,0,0,0,0,0,0,0,0,0,0,0,0,0,0,0,0,0,0,0,0,0,0,0,0,0,0,0,0,0,0,0,0,0,0,0,0,0,0,0,0,0,0,0,0,0,0,0,0,0,0,0,0,0,0,0,0,0,0,0,0,0,0,0,0,0,0,0,0,0,0,0,0,0,0,0,0,0,0,0,0,0,0,0,0,0,0,0,0,0,0,0,0,0,0,0,0,0,0,0,0,0,0,0,0,0,0,0,0,0,0,0,0,0,0,0,0,0,0,0,0,0,0,0,0,0,0,0,0,0,0,0,0,0,0,0,0,0,0,0,0,0,0,0,0,0,0,0,0,0,0,0,0,0,0,0,0,0,0,0,0,0,0,0,0,0,0,0,0,0,0,0,0,0,0,0,0,0,0,0,0,0,0,0,0,0,0,0,0,0,0,0,0,0,0,0,0,0,0,0,0,0,0,0,0,0,0,0,0,0,0,0,0,0,0,0,0,0,0,0,0,0,0,0,0,0,0,0,0,0,0,0,0,0,0,0,0,0,0,0,0,0,0,0,0,0,0,0,0,0,0,0,0,0,0,0,0,0,0,0,0,0,0,0,0,0,0,0,0,0,0,0,0,0,0,0,0,0,0,0,0,0,0,0,0,0,0,0,0,0,0,0,0,0,0,0,0,0,0,0,0,0,0,0,0,0,0,0,0,0,0,0,0,0,0,0,0,0,0,0,0,0,0,0,0,0,0,0,0,0,0,0,0,0,0,0,0,0,0,0,0,0,0,0,0,0,0,0,0,0,0,0
"arusha/longido/elengatadapash",0,0,0,0,0,0,0,0,0,0,0,0,0,0,0,0,0,0,0,0,0,0,0,0,0,0,0,0,0,0,0,0,0,0,0,0,0,0,0,0,0,0,0,0,0,0,0,0,0,0,0,0,0,0,0,0,0,0,0,0,0,0,0,0,0,0,0,0,0,0,0,0,0,0,0,0,0,0,0,0,0,0,0,0,0,0,0,0,0,0,0,0,0,0,0,0,0,0,0,0,0,0,0,0,0,0,0,0,0,0,0,0,0,0,0,0,0,0,0,0,0,0,0,0,0,0,0,0,0,0,0,0,0,0,0,0,0,0,0,0,0,0,0,0,0,0,0,0,0,0,0,0,0,0,0,0,0,0,0,0,0,0,0,0,0,0,0,0,0,0,0,0,0,0,0,0,0,0,0,0,0,0,0,0,0,0,0,0,0,0,0,0,0,0,0,0,0,0,0,0,0,0,0,0,0,0,0,0,0,0,0,0,0,0,0,0,0,0,0,0,0,0,0,0,0,0,0,0,0,0,0,0,0,0,0,0,0,0,0,0,0,0,0,0,0,0,0,0,0,0,0,0,0,0,0,0,0,0,0,0,0,0,0,0,0,0,0,0,0,0,0,0,0,0,0,0,0,0,0,0,0,0,0,0,0,0,0,0,0,0,0,0,0,0,0,0,0,0,0,0,0,0,0,0,0,0,0,0,0,0,0,0,0,0,0,0,0,0,0,0,0,0,0,0,0,0,0,0,0,0,0,0,0,0,0,0,0,0,0,0,0,0,0,0,0,0,0,0,0,0,0,0,0,0,0,0,0,0,0,0,0,0,0,0,0,0,0,0,0,0,0,0,0,0,0,0,0,0,0,0,0,0,0,0,0,0,0,0,0,0,0,0,0,0,0,0,0,0
"arusha/arushaurban/elerai",1e-05,0,0,0,0,2e-06,0,0,0,1e-06,0,0,1.2e-05,0.00025,0,0,0,0,0,0,0,1e-06,0,0,0,0,0,0,0,0,1.7e-05,0,0,0,0,0,7.8e-05,0,0,0,0,0,0,0,0,0,0,0,6e-06,0,0,0,0,0,0,0,0,0,0,2e-06,1e-06,1e-06,6e-06,0,0,0.000128,1e-05,0,0,1e-06,0,0,0,0,0,1e-06,0,0,0,0,0,0,0,0,0,0,3.6e-05,0,0,1e-06,0,0,1e-05,6.2e-05,0,0,2e-06,0,6e-06,1e-06,0,0,0,0.000172,0,9e-06,0,2e-06,3e-06,1e-06,1e-06,4e-06,0,4e-06,0,0,1.4e-05,0,9e-06,1e-06,0,1.7e-05,0,0,0,0,0,0.000104,1.4e-05,0,0,1e-06,2e-06,0,0,0.000211,1.3e-05,1e-06,1.6e-05,3e-06,4e-06,0,0.00037,0,0,1e-06,0,3e-06,3e-06,1e-06,0,0,0,0,1e-06,0.000437,0,0,0,0.000148,0,5e-06,0,0,0,0,0,3e-06,0.000349,0,0,8e-06,0.02748,0,1e-06,0,8e-06,0,3e-06,0,0,0,1e-06,0,2.4e-05,0.000706,0,0,1.2e-05,4e-06,1e-06,0,0,0,0,0,0,0,3e-06,0,7e-05,0,0,0,3e-06,1e-06,1.8e-05,4e-06,0,0,0,0,5e-06,0,0,0,0,2.3e-05,0,2e-06,0,0,0,0,2e-05,0,2.3e-05,0,0,0,0,0,5e-06,0.000277,0,0,0,5e-06,1e-06,0,3e-06,0.000299,0,1.8e-05,0,0,0,7.6e-05,0,3e-06,0.004353,7.2e-05,0,0.00028,2e-06,0,0,0,0,0,0,1e-06,0,0,1e-06,0,0,0.00014,0,0,0.00012,4e-06,0,0,1.6e-05,0,0,1e-06,0,0,1e-06,0,5.7e-05,0,0,0,0,0,0,0,0,1e-06,0,0.000203,1e-06,2e-06,4.6e-05,8.1e-05,1e-06,0,0,0,0,0,0,3e-06,2e-05,1e-06,1e-06,0,0.000446,0,0,0,0,0,0,9.3e-05,9e-06,5.6e-05,3e-06,0.000164,4e-06,7e-06,0.003082,0,0,1.6e-05,0,0.000293,0.00021,5e-05,7.9e-05,1e-06,1e-06,0,0,0,0.000305,0,0,0,0,0,2e-06,0,0,6.7e-05,1e-06,0,0,9e-06,5e-06,0.004602,2e-06,9e-06,4e-06,0,0,1e-06,0,0,0,0,0,0.001252,0.000363,0.003588,0,2.7e-05,0,0,0,0,0,2.7e-05,1e-06,4e-06,1.3e-05,0,0,0,1.9e-05,0,0,0.000173,0,7e-06,1e-06,0,9.4e-05,0,0,0,0,0,0,0
"manyara/simanjiro/emboreet",0.000137,1e-05,6e-06,3.9e-05,5e-06,0.000412,2e-06,2e-06,4e-06,0.001506,2.1e-05,2e-06,9.4e-05,0.001628,7.1e-05,6e-06,3e-06,1.3e-05,2e-06,6e-06,4e-06,4.7e-05,4e-06,7e-06,4e-06,2e-06,9e-06,6e-06,1e-06,6e-06,0.001262,6e-06,2e-06,4e-06,1.5e-05,5e-06,0.000165,0.000139,1.1e-05,5.9e-05,3e-06,1e-06,0.000143,7.9e-05,2.6e-05,4e-06,2.7e-05,0.037809,0,6e-06,3e-06,4e-06,8e-06,3e-06,1e-04,2e-06,2.4e-05,4.2e-05,0.000351,0.000946,8.3e-05,0.000255,0.000299,1.7e-05,0,0.001267,0.000446,1e-06,0.000139,0.002622,4e-06,0,1.4e-05,7.3e-05,5e-06,0.000126,2.1e-05,1e-06,1e-06,1e-06,1e-06,1.3e-05,2e-06,2e-06,6e-06,2e-06,0.003239,2e-06,4.2e-05,0.00058,1e-06,1e-06,0.001849,0.000633,1.2e-05,0.000233,0.000158,2e-06,0.001175,0.000259,4e-06,2e-06,0.000132,0.000242,3.6e-05,0.000962,5e-06,0.000241,0.000107,0.000541,0.00011,0.000524,4.2e-05,6e-06,8e-06,6e-06,0.001322,5e-06,0.001237,0.000105,4.2e-05,0.001987,6e-06,2.5e-05,3e-06,5.6e-05,0.000146,0.004873,0.000623,7e-06,6e-06,0.000159,0.000476,5.3e-05,2e-06,0.00089,4.4e-05,0.00014,0.001617,0.000382,0.000246,3e-06,0.000303,3.4e-05,1e-05,0.000351,7e-06,0.000519,0.000402,0.000134,5e-06,7e-06,8e-06,7e-06,0.00023,0.010296,1.5e-05,2.2e-05,4.1e-05,0.018954,6.7e-05,0.010961,3e-06,1.7e-05,1e-06,2e-06,0.000115,0.000115,0.001994,4.3e-05,4.6e-05,0.00181,0.026353,0.000235,3.7e-05,0.00148,0.030056,5e-06,0.000376,0.000125,2e-06,1e-05,0.000485,6.7e-05,0.002298,0.075621,4e-06,8e-06,0.001242,0.000374,0.000115,3.7e-05,8.2e-05,2e-06,0.001272,8e-06,6e-06,8e-06,0.000435,4e-06,0.002328,0.000215,0.000206,1.2e-05,0.000471,6.1e-05,0.003347,0.001946,0.000132,8e-06,7e-06,5.4e-05,0.000955,3e-06,2e-06,5.6e-05,3e-06,0.003819,4.2e-05,0.000265,2e-06,1.2e-05,3e-06,9e-06,0.001683,3.5e-05,0.002002,2.2e-05,1.4e-05,2e-06,2e-06,3e-06,0.000749,0.004642,2.9e-05,1e-06,9e-06,0.000449,0.000173,5e-06,0.000324,0.105749,3e-06,0.005999,3e-06,7e-06,2.4e-05,0.00145,3e-06,0.000307,0.008286,0.003937,2e-05,0.002546,0.000226,0.000123,7e-06,3.5e-05,5e-06,4e-06,3e-06,0.000154,1.7e-05,4e-06,0.000668,1.8e-05,5e-06,0.002794,5e-06,0.00041,0.001987,0.001021,6e-06,5e-06,0.002777,1.4e-05,0.000136,0.001171,6e-06,4e-05,0.000112,4e-06,0.006052,1.3e-05,4e-06,1e-05,1e-06,1.5e-05,5e-06,8e-06,4.9e-05,7.2e-05,1e-05,0.00805,9.4e-05,0.000156,0.001298,4.6e-05,0.000298,0.00011,2e-06,2e-06,7e-06,8.1e-05,8e-06,0.003745,0.000183,2.1e-05,1.4e-05,7e-06,0.002061,4.5e-05,2.2e-05,5e-06,5.7e-05,3e-06,4e-06,0.002498,0.001418,0.004635,0.001224,0.002279,0.000248,0.000607,0.013197,8.8e-05,0.000114,7.4e-05,1.3e-05,0.000567,0.000824,0.00033,0.005894,0.000369,0.00061,6e-06,3.4e-05,2.1e-05,0.005461,7.1e-05,4e-06,5e-06,5e-06,6e-06,0.000859,0.000101,3.8e-05,0.00075,0.000572,5e-05,2e-06,0.000524,7e-05,0.010676,0.000506,0.00117,0.001301,3.1e-05,1e-05,0.000101,6e-06,2e-06,7e-06,2e-06,9e-06,0.006488,0.001612,0.004787,8e-06,0.000533,3.8e-05,2e-06,5e-06,1.1e-05,1.1e-05,0.00066,0.002624,1.7e-05,0.000934,2e-06,2e-06,3e-06,0.002773,2.6e-05,2e-06,0.000198,7e-06,0.000881,0.00015,5e-06,0.002508,5e-06,4e-06,8e-06,2e-06,2e-06,3e-06,2e-06
"arusha/karatu/endabash",0.000305,0.00051,2.3e-05,0.00168,7.4e-05,0.000969,0.000117,0.000191,3.4e-05,0.01158,0.000192,1.9e-05,0.000243,0.003663,0.007137,0.000811,0.000225,0.000389,5.6e-05,0.000169,1.7e-05,0.000204,2.9e-05,2e-05,1.4e-05,6e-06,6.4e-05,0.001442,4e-06,2.1e-05,0.00107,2.5e-05,8e-06,1.2e-05,0.014046,0.000119,0.000373,0.003306,0.002853,0.00108,0.000121,1.8e-05,0.000975,0.004149,0.000165,4.5e-05,0.000306,0.088685,0.011178,0,0.000323,0.001296,0.002276,0.000116,0.00158,2.1e-05,3.6e-05,7.1e-05,0.000613,0.117062,0.001142,0.00794,0.001885,7.2e-05,1e-06,0.002433,0.001832,7.7e-05,0.00443,0.005612,0.000997,5e-06,4.8e-05,0.00635,0.000114,0.002713,0.000431,2e-05,2.4e-05,4.4e-05,1.2e-05,0.000152,7.7e-05,2.1e-05,8.7e-05,0.000353,0.008076,5e-05,0.001972,0.002722,1.4e-05,4.3e-05,0.006411,0.001902,0.000177,0.022049,0.000521,8e-06,0.003055,0.000748,0.000213,0.000226,0.000522,0.000583,0.000102,0.004682,0.003698,0.000682,0.000354,0.156287,0.000364,0.00204,0.000749,1.4e-05,3e-05,2.2e-05,0.002921,1.6e-05,0.003694,0.000361,0.000194,0.006781,1.9e-05,7.2e-05,8e-06,0.000209,0.000758,0.015626,0.001107,2.4e-05,2e-05,0.000715,0.00139,0.000154,5e-06,0.002042,0.000122,0.000435,0.012282,0.001125,0.000611,1.2e-05,0.000766,0.000104,4.2e-05,0.00103,0.000197,0.001555,0.001317,0.000427,2.1e-05,1.6e-05,3.3e-05,2.1e-05,0.000876,0.028565,9e-05,0.000338,9.5e-05,0.052726,0.000203,0.005082,9e-06,5e-05,2.8e-05,1.8e-05,0.000271,0.000338,0.004084,0.000111,0.000264,0.019457,0.061293,0.000438,0.000131,0.001224,0.021126,3.5e-05,0.001104,0.00042,7e-06,0.000252,0.001528,0.000177,0.007455,0.125887,1.5e-05,2.9e-05,0.003725,0.001151,0.000292,0.000883,0.009508,0.000121,0.009847,3.9e-05,2.2e-05,8.4e-05,0.001268,0.000274,0.005497,0.000314,0.000861,2.1e-05,0.001755,0.000178,0.010725,0.020583,0.005172,2.7e-05,2.4e-05,0.000149,0.003492,1e-05,0.000423,0.000218,0.00071,0.015788,0.000147,0.000905,0.000113,2.4e-05,3.9e-05,3e-05,0.00462,0.000108,0.00655,5.1e-05,0.003021,2.1e-05,2e-05,0.00032,0.009702,0.009253,0.000118,2e-06,2.9e-05,0.000935,0.011216,1.8e-05,0.000499,0.111899,1e-05,0.02273,1e-05,2e-05,6.9e-05,0.002694,3.7e-05,0.000412,0.020469,0.03438,8.7e-05,0.005178,0.000982,0.000426,2.7e-05,0.000102,1.6e-05,1.3e-05,1e-05,0.000431,0.000107,1.3e-05,0.056762,0.000187,0.000188,0.009272,3.8e-05,0.002654,0.007404,0.002684,1.7e-05,1.3e-05,0.009471,5e-05,0.000489,0.001499,0.000297,0.002376,0.000183,0.00012,0.045029,0.000641,2.3e-05,9.3e-05,1.4e-05,6e-05,0.000136,2.6e-05,0.000111,0.00031,3.8e-05,0.013126,0.000277,6e-04,0.006258,0.000111,0.000542,0.019556,9e-06,6e-06,1.9e-05,0.000211,2.6e-05,0.06429,0.000435,5.2e-05,3.4e-05,2.6e-05,0.006669,0.004687,7.4e-05,1.6e-05,0.000181,0.001226,0.000101,0.01411,0.005704,0.007882,0.000811,0.008333,0.000661,0.003053,0.052929,0.002598,0.003333,0.000163,0.000233,0.001523,0.002116,0.001015,0.056162,0.006556,0.001354,2.9e-05,9.5e-05,0.000434,0.012462,0.000125,0.001794,1.6e-05,0.000626,8.6e-05,0.002011,0.000331,0.00084,0.002453,0.001539,0.001004,0.000162,0.001679,0.000163,0.024976,0.012347,0.004515,0.001848,8.8e-05,3.9e-05,0.000278,7.6e-05,2.2e-05,5.3e-05,1.2e-05,0.00017,0.015905,0.004747,0.010866,3.5e-05,0.00147,0.000106,4e-06,1.6e-05,7e-05,4.8e-05,0.001072,0.000832,3.8e-05,0.007139,0.000153,8e-06,0.000115,0.011529,0.00059,0.000194,0.000459,2.4e-05,0.002702,0.000487,1.6e-05,0.005336,1.8e-05,1.4e-05,2.9e-05,5e-06,6e-06,0.000157,0.000149
"manyara/mbulu/endagikot",8e-06,6e-06,1e-06,2.9e-05,1.2e-05,3e-05,0.000218,0.000102,4e-06,0.001335,2.4e-05,2e-06,6e-06,9.6e-05,0.000313,0.000195,3.5e-05,5.8e-05,5e-06,1.5e-05,1e-06,6e-06,3e-06,1e-06,0,0,7e-06,2e-05,0,1e-06,3.1e-05,1e-06,0,0,4.6e-05,1.5e-05,1e-05,0.000519,0.000259,2.2e-05,1.8e-05,2e-06,4.1e-05,0.000855,8e-06,5e-06,5e-06,0.002387,0.000457,2.6e-05,0,1e-05,1.1e-05,1.2e-05,0.000176,2e-06,1e-06,5e-06,2.3e-05,0.001825,2.5e-05,0.000114,4.1e-05,3e-06,0,6.5e-05,4e-05,5e-06,6.1e-05,0.000373,5e-06,0,1e-06,0.000872,1e-05,5e-05,7e-06,2e-06,2e-06,4e-06,1e-06,1.6e-05,1.3e-05,2e-06,1e-05,0.000108,0.000237,6e-06,0.000159,9.8e-05,1e-06,3e-06,2e-04,4.7e-05,3e-06,0.029316,1.4e-05,0,9.6e-05,2.3e-05,0.000142,5e-06,1.8e-05,1.5e-05,3e-06,0.00013,2.6e-05,2e-05,9e-06,0.000863,1e-05,6.1e-05,7.2e-05,0,1e-06,1e-06,8.6e-05,1e-06,0.000111,1e-05,6e-06,0.000199,1e-06,2e-06,0,7e-06,3.2e-05,0.000441,3.1e-05,1e-06,1e-06,2.2e-05,4.4e-05,5e-06,0,5.3e-05,3e-06,1.3e-05,0.000288,3.3e-05,1.7e-05,0,1.9e-05,3e-06,1e-06,3.4e-05,4e-05,4.8e-05,4e-05,1.3e-05,1e-06,1e-06,1e-06,1e-06,3e-05,0.000693,3e-06,6e-06,4e-06,0.001643,6e-06,0.00019,0,2e-06,2e-06,1e-06,9e-06,9e-06,0.000107,4e-06,1.1e-05,0.000369,0.001631,1.6e-05,4e-06,5.9e-05,0.000732,1e-06,3.3e-05,1.7e-05,0,5e-06,5.6e-05,5e-06,0.000215,0.004097,0,1e-06,0.000109,3.3e-05,9e-06,0.000184,0.00035,1.2e-05,0.000762,2e-06,1e-06,1.1e-05,3.8e-05,3e-06,0.00015,1.5e-05,3.1e-05,1e-06,5.3e-05,5e-06,0.000336,0.000421,7.6e-05,1e-06,1e-06,1e-05,0.000108,0,6e-06,8e-06,2.7e-05,0.000483,4e-06,2.8e-05,1.4e-05,1e-06,5e-06,1e-06,0.000133,3e-06,0.000186,2e-06,0.000156,2e-06,2e-06,7.5e-05,0.000201,0.000239,6e-06,0,1e-06,2.8e-05,0.000119,1e-06,1.5e-05,0.003195,0,0.000776,0,1e-06,2e-06,7.4e-05,4e-06,1.1e-05,0.000526,0.000708,2e-06,0.000138,2.8e-05,1.5e-05,1e-06,3e-06,0,0,0,1.4e-05,3e-06,0,0.000568,4e-06,7.7e-05,0.000215,4e-06,0.000153,0.00017,8.7e-05,1e-06,0,0.000294,2e-06,1.7e-05,5.7e-05,7.7e-05,2.4e-05,6e-06,2e-06,0.001106,0.00052,1e-06,1e-05,1e-06,2e-06,2.2e-05,1e-06,5e-06,8e-06,1e-06,0.000373,8e-06,1.6e-05,0.000159,3e-06,1.8e-05,0.000144,0,0,1e-06,7e-06,1e-06,0.002395,1.1e-05,1e-06,1e-06,1e-06,0.000169,5.6e-05,4e-06,0,5e-06,5e-06,2e-06,0.000342,0.000171,0.000225,2.5e-05,0.000196,1.9e-05,8.1e-05,0.001344,5.4e-05,6.7e-05,4e-06,5e-06,3.8e-05,5.4e-05,2.4e-05,0.001315,0.000141,5.3e-05,1e-06,3e-06,8e-06,0.000335,9e-06,6e-06,0,4e-06,1.1e-05,7.2e-05,1.2e-05,1.6e-05,6e-05,5.3e-05,2e-05,0.00012,4.6e-05,4e-06,0.000651,0.000183,9.9e-05,6.1e-05,3e-06,1e-06,8e-06,1.1e-05,2e-06,6e-06,1e-06,4e-06,0.000413,0.000124,0.000279,2e-06,3.8e-05,3e-06,0,1e-06,3e-06,1e-06,2.9e-05,3e-05,1e-06,0.000178,0.000128,0,3.1e-05,0.000346,7.4e-05,8.5e-05,1.2e-05,1e-06,8e-05,1.4e-05,0,0.000146,1e-06,0,1e-06,0,0,5.4e-05,1.3e-05
"arusha/karatu/endamaghang",1.4e-05,4.5e-05,1e-06,0.000124,3e-06,5.2e-05,3e-06,4e-06,1e-06,0.000401,7e-06,1e-06,1.2e-05,0.000171,0.000645,1.7e-05,8e-06,1.2e-05,2e-06,7e-06,1e-06,8e-06,1e-06,1e-06,1e-06,0,2e-06,1.5e-05,0,1e-06,7.6e-05,1e-06,0,1e-06,0.000748,4e-06,1.7e-05,9.2e-05,3.7e-05,8.9e-05,6e-06,1e-06,4e-05,0.000125,7e-06,2e-06,1.6e-05,0.004308,0.000416,6.9e-05,6e-06,0,3.1e-05,7e-06,4.8e-05,1e-06,2e-06,2e-06,3.2e-05,0.020827,5.1e-05,0.000328,0.000101,4e-06,0,0.000111,8e-05,5e-06,0.000116,0.000144,4.3e-05,0,3e-06,0.000123,4e-06,0.00013,2.9e-05,1e-06,1e-06,3e-06,1e-06,4e-06,3e-06,1e-06,4e-06,7e-06,0.000425,3e-06,8.8e-05,0.000111,1e-06,2e-06,0.000367,9.2e-05,1e-05,0.000575,2.8e-05,0,0.000167,4.2e-05,5e-06,4.4e-05,3.1e-05,2.7e-05,6e-06,0.000274,3.2e-05,3.7e-05,1.8e-05,0.003323,2e-05,0.000117,2.6e-05,1e-06,2e-06,1e-06,0.00015,1e-06,0.000204,2e-05,8e-06,0.000379,1e-06,4e-06,0,1.2e-05,3e-05,0.000556,5.3e-05,1e-06,1e-06,2.8e-05,7.8e-05,8e-06,0,9.5e-05,6e-06,2.4e-05,0.000744,6.1e-05,3.1e-05,1e-06,3.5e-05,6e-06,2e-06,5.8e-05,5e-06,8.6e-05,7.4e-05,2.4e-05,1e-06,1e-06,2e-06,1e-06,5.1e-05,0.001259,4e-06,1.4e-05,5e-06,0.002983,1.1e-05,0.000153,1e-06,3e-06,1e-06,1e-06,1.5e-05,1.7e-05,0.000186,6e-06,1.1e-05,0.000531,0.002934,2.3e-05,7e-06,3.7e-05,0.000518,2e-06,6e-05,2.4e-05,0,2.4e-05,8.7e-05,1e-05,0.00041,0.011482,1e-06,2e-06,0.000202,6.2e-05,1.6e-05,3.4e-05,0.00011,5e-06,0.000207,2e-06,1e-06,3e-06,6.9e-05,9e-06,0.000272,1.5e-05,3.4e-05,1e-06,0.000101,9e-06,0.000609,0.000477,0.000542,2e-06,1e-06,3e-06,0.000201,1e-06,6e-05,1.3e-05,1e-05,0.00093,8e-06,5.1e-05,4e-06,1e-06,2e-06,2e-06,0.000246,6e-06,0.000358,3e-06,0.000106,1e-06,1e-06,9e-06,0.000669,0.000403,7e-06,0,2e-06,3.1e-05,0.000367,1e-06,2.4e-05,0.007034,1e-06,0.000911,1e-06,1e-06,4e-06,0.000125,2e-06,1.7e-05,0.00096,0.001186,4e-06,0.000239,5.7e-05,2.5e-05,2e-06,6e-06,1e-06,1e-06,1e-06,1.6e-05,3e-06,1e-06,0.001167,1.2e-05,6e-06,0.000414,1e-06,7.2e-05,0.000344,0.000149,1e-06,1e-06,0.000541,3e-06,2.8e-05,5.1e-05,7e-06,0.000155,9e-06,8e-06,0.002823,1.8e-05,1e-06,2e-06,1e-06,3e-06,6e-06,1e-06,6e-06,1.7e-05,2e-06,0.000615,1.5e-05,3.3e-05,0.000225,5e-06,2.9e-05,0.003669,1e-06,0,1e-06,1.2e-05,1e-06,0.001134,2.1e-05,3e-06,2e-06,1e-06,0.00021,0.000484,4e-06,1e-06,1e-05,8.4e-05,6e-06,0.00051,0.000331,0.000241,3.4e-05,0.000398,3.4e-05,0.000176,0.001804,0.000169,0.00021,7e-06,2e-05,7e-05,9.9e-05,4.7e-05,0.002354,0.000553,5e-05,1e-06,5e-06,3.4e-05,0.000603,5e-06,4.2e-05,1e-06,1.9e-05,2e-06,0.000111,1.9e-05,7.3e-05,0.000118,8.6e-05,8.7e-05,4e-06,8.9e-05,8e-06,0.001172,0.00037,0.000181,6.2e-05,5e-06,2e-06,1.5e-05,3e-06,1e-06,2e-06,1e-06,1.5e-05,0.000754,0.000152,0.000495,2e-06,7.2e-05,6e-06,0,1e-06,3e-06,3e-06,4.7e-05,2.4e-05,2e-06,0.000286,5e-06,0,4e-06,0.000674,2.8e-05,4e-06,2.1e-05,1e-06,0.000149,2.7e-05,1e-06,0.000258,1e-06,1e-06,2e-06,0,0,6e-06,9e-06
"arusha/karatu/endamarariek",1e-06,1e-06,0,3e-06,0,3e-06,0,0,0,2.3e-05,0,0,1e-06,1.1e-05,8e-06,1e-06,0,0,0,0,0,0,0,0,0,0,0,3e-06,0,0,5e-06,0,0,0,9e-06,0,1e-06,4e-06,2e-06,3e-06,0,0,2e-06,4e-06,0,0,1e-06,0.000303,3.2e-05,5e-06,0,1e-06,0,0,2e-06,0,0,0,1e-06,0.000139,2e-06,1.9e-05,6e-06,0,0,8e-06,6e-06,0,2.8e-05,9e-06,4e-06,0,0,1e-05,0,5e-06,1e-06,0,0,0,0,0,0,0,0,0,2.2e-05,0,2e-06,5e-06,0,0,1.6e-05,6e-06,1e-06,2.7e-05,1e-06,0,8e-06,2e-06,0,0,1e-06,2e-06,0,1.2e-05,2e-06,2e-06,1e-06,0.000872,1e-06,5e-06,1e-06,0,0,0,8e-06,0,1e-05,1e-06,0,1.8e-05,0,0,0,0,1e-06,3.2e-05,3e-06,0,0,1e-06,4e-06,0,0,6e-06,0,1e-06,3.5e-05,3e-06,2e-06,0,2e-06,0,0,3e-06,0,4e-06,3e-06,1e-06,0,0,0,0,2e-06,9.8e-05,0,1e-06,0,0.000146,1e-06,1e-05,0,0,0,0,1e-06,1e-06,1.3e-05,0,0,5.7e-05,0.000204,1e-06,0,2e-06,4.8e-05,0,3e-06,1e-06,0,1e-06,4e-06,0,2e-05,0.000583,0,0,1e-05,3e-06,1e-06,1e-06,1.5e-05,0,1.7e-05,0,0,0,3e-06,2e-06,1.6e-05,1e-06,1e-06,0,5e-06,1e-06,2.8e-05,6.3e-05,1.2e-05,0,0,0,9e-06,0,0,1e-06,1e-06,4e-05,0,2e-06,0,0,0,0,1.3e-05,0,1.8e-05,0,2e-06,0,0,0,2.7e-05,3e-05,0,0,0,2e-06,3.6e-05,0,1e-06,0.00066,0,4e-05,0,0,0,8e-06,0,1e-06,6.6e-05,8.5e-05,0,1.6e-05,3e-06,1e-06,0,0,0,0,0,1e-06,0,0,0.000324,1e-06,0,3.1e-05,0,7e-06,2.5e-05,7e-06,0,0,2.4e-05,0,1e-06,3e-06,0,8e-06,1e-06,0,0.000128,1e-06,0,0,0,0,0,0,0,1e-06,0,4e-05,1e-06,2e-06,1.3e-05,0,1e-06,3.6e-05,0,0,0,1e-06,0,0.000158,1e-06,0,0,0,1.5e-05,7e-06,0,0,0,2e-06,0,3.1e-05,1.5e-05,1.8e-05,2e-06,2.7e-05,2e-06,8e-06,0.000125,4e-06,5e-06,1e-06,1e-06,5e-06,7e-06,3e-06,0.000122,1.6e-05,2e-06,0,0,1e-06,3.8e-05,0,6e-06,0,5e-06,0,5e-06,1e-06,2e-06,8e-06,4e-06,2e-06,0,5e-06,0,8e-05,3.8e-05,1.7e-05,4e-06,0,0,1e-06,0,0,0,0,0,5e-05,1.1e-05,3.5e-05,0,4e-06,0,0,0,0,0,3e-06,2e-06,0,1.4e-05,0,0,0,3e-05,1e-06,0,1e-06,0,7e-06,1e-06,0,1.6e-05,0,0,0,0,0,0,0
"manyara/mbulu/endamilay",0,0,0,0,0,0,0,0,0,0,0,0,0,0,0,0,0,0,0,0,0,0,0,0,0,0,0,0,0,0,0,0,0,0,0,0,0,0,0,0,0,0,0,0,0,0,0,0,0,0,0,0,0,0,0,0,0,0,0,0,0,0,0,0,0,0,0,0,0,0,0,0,0,0,0,0,0,0,0,0,0,0,0,0,0,0,0,0,0,0,0,0,0,0,0,0,0,0,0,0,0,0,0,0,0,0,0,0,0,0,0,0,0,0,0,0,0,0,0,0,0,0,0,0,0,0,0,0,0,0,0,0,0,0,0,0,0,0,0,0,0,0,0,0,0,0,0,0,0,0,0,0,0,0,0,0,0,0,0,0,0,0,0,0,0,0,0,0,0,0,0,0,0,0,0,0,0,0,0,0,0,0,0,0,0,0,0,0,0,0,0,0,0,0,0,0,0,0,0,0,0,0,0,0,0,0,0,0,0,0,0,0,0,0,0,0,0,0,0,0,0,0,0,0,0,0,0,0,0,0,0,0,0,0,0,0,0,0,0,0,0,0,0,0,0,0,0,0,0,0,0,0,0,0,0,0,0,0,0,0,0,0,0,0,0,0,0,0,0,0,0,0,0,0,0,0,0,0,0,0,0,0,0,0,0,0,0,0,0,0,0,0,0,0,0,0,0,0,0,0,0,0,0,0,0,0,0,0,0,0,0,0,0,0,0,0,0,0,0,0,0,0,0,0,0,0,0,0,0,0,0,0,0,0,0,0,0,0,0,0,0,0,0,0,0,0,0,0,0,0,0,0,0,0,0,0,0,0,0,0,0,0,0,0,0,0,0,0,0,0,0,0,0,0,0,0,0,0,0,0,0,0,0,0,0,0,0,0,0,0,0,0,0,0,0,0,0,0
"manyara/hanang/endasak",0.000445,0.000172,5.1e-05,0.001188,0.002153,0.002153,0.000132,0.000146,0.002709,0.17032,0.005597,0.000989,0.00033,0.00509,0.006131,0.000365,0.000658,0.014737,0.000898,0.003239,5.5e-05,0.00034,0.002143,4.1e-05,4.3e-05,1.3e-05,0.002789,0.000159,2.6e-05,6.5e-05,0.001838,0.000197,2.5e-05,3.2e-05,0.000621,0.012019,0.000497,0.144319,0.000779,0.001076,0.000616,0.001732,0.005253,0.029148,0.001216,0.005606,0.000203,0.11092,0.030198,0.00026,0.000358,0.000148,0.000146,0.00056,0,0.014028,7e-05,0.000467,0.002254,0.04451,0.001279,0.003688,0.00195,0.000492,1e-06,0.003449,0.001683,0.00022,0.001281,0.045876,8.3e-05,0.000564,7.9e-05,0.003304,0.003692,0.002216,0.000259,0.001236,0.000292,0.000393,0.007862,0.030919,0.000733,0.001208,0.013853,0.000204,0.015201,0.000642,0.013305,0.008874,0.006039,0.000411,0.014451,0.002452,0.000111,0.017058,0.000901,1.9e-05,0.006904,0.001704,0.000296,0.000114,0.001618,0.000761,0.000212,0.008315,0.000175,0.001378,0.000537,0.013804,0.000635,0.004192,0.074953,1.8e-05,6.4e-05,4.7e-05,0.005535,0.000117,0.007657,0.000696,0.000371,0.013209,4.8e-05,0.000182,2e-05,0.000668,0.003903,0.02596,0.001849,5e-05,4.2e-05,0.001579,0.003253,0.000314,1.4e-05,0.002777,0.000152,0.000915,0.015423,0.002215,0.00104,3.7e-05,0.000975,0.000206,8.8e-05,0.002629,0.001718,0.003378,0.002772,0.000927,4.3e-05,4.2e-05,7.2e-05,6.1e-05,0.002523,0.030764,0.00019,0.000269,0.00042,0.104056,0.000487,0.014254,1.9e-05,0.000131,0.000603,0.000664,0.000664,0.000524,0.005614,0.000286,0.001344,0.011967,0.078749,0.001407,0.000223,0.006842,0.034411,4.2e-05,0.002229,0.002011,2.1e-05,0.000215,0.005122,0.000382,0.013846,0.228825,2.8e-05,5.4e-05,0.007108,0.002137,0.000599,0.013665,0.003079,0.000838,0.035044,0.00024,4.8e-05,0.000871,0.002613,5.1e-05,0.008693,0.002327,0.002761,4e-05,0.003724,0.000295,0.024011,0.012473,0.002625,5.9e-05,5.2e-05,0.000765,0.007798,2.2e-05,8.3e-05,0.000659,0.000116,0.033383,0.000311,0.001952,0.001044,4.2e-05,0.005148,5.3e-05,0.008536,0.000191,0.01184,0.000104,0.000899,0.009772,0.00967,0.000435,0.009844,0.011669,0.000999,3e-06,6e-05,0.001712,0.002823,4e-05,0.000987,0.124453,2.1e-05,0.059855,3e-05,4.1e-05,0.000144,0.004067,0.002839,0.000566,0.02651,0.028662,7.8e-05,0.007374,0.001839,0.001335,5.7e-05,0.00025,3.3e-05,4e-05,3.1e-05,0.001005,8.1e-05,3.9e-05,0.011076,0.000179,0.000761,0.009622,0.000416,0.004907,0.007784,0.006564,4.2e-05,4.1e-05,0.020811,0.000109,0.001542,0.005052,0.000369,0.000576,0.000406,4.7e-05,0.058792,0.001289,0.000145,0.00188,0.002746,0.000121,0.002732,4.4e-05,0.000715,0.000506,0.000118,0.021255,0.000578,0.000982,0.008631,0.000144,0.001466,0.002753,2e-05,1.4e-05,3.9e-05,0.000595,0.000198,0.051649,0.00061,7.8e-05,4.8e-05,4.9e-05,0.008303,0.001485,0.00072,3.3e-05,0.000376,7.5e-05,1e-04,0.017404,0.011814,0.01214,0.001498,0.009338,0.001171,0.004885,0.063656,0.002655,0.003243,0.000223,0.000289,0.001862,0.002778,0.001168,0.064375,0.007135,0.005213,0.000198,0.000197,0.00033,0.018449,0.001431,8.6e-05,3.3e-05,7.9e-05,0.00547,0.00626,0.001195,0.000693,0.00301,0.004441,0.000939,0.000146,0.002783,0.000238,0.032971,0.005284,0.003853,0.004249,0.000221,8.3e-05,0.000569,0.001648,0.00462,0.001539,0.001469,0.000193,0.021357,0.006387,0.01404,0.000231,0.002103,0.000216,1.3e-05,5.1e-05,0.000367,9.6e-05,0.001547,0.001941,5.2e-05,0.009961,0.000276,2.2e-05,0.000822,0.023531,0.016323,0.00012,0.000601,4.7e-05,0.005413,0.000991,3.3e-05,0.008321,3.8e-05,4.3e-05,8.8e-05,1.3e-05,2e-05,0.000586,0.000226
"manyara/hanang/endasiwold",0,0,0,0,0,0,0,0,0,0,0,0,0,0,0,0,0,0,0,0,0,0,0,0,0,0,0,0,0,0,0,0,0,0,0,0,0,0,0,0,0,0,0,0,0,0,0,0,0,0,0,0,0,0,0,0,0,0,0,0,0,0,0,0,0,0,0,0,0,0,0,0,0,0,0,0,0,0,0,0,0,0,0,0,0,0,0,0,0,0,0,0,0,0,0,0,0,0,0,0,0,0,0,0,0,0,0,0,0,0,0,0,0,0,0,0,0,0,0,0,0,0,0,0,0,0,0,0,0,0,0,0,0,0,0,0,0,0,0,0,0,0,0,0,0,0,0,0,0,0,0,0,0,0,0,0,0,0,0,0,0,0,0,0,0,0,0,0,0,0,0,0,0,0,0,0,0,0,0,0,0,0,0,0,0,0,0,0,0,0,0,0,0,0,0,0,0,0,0,0,0,0,0,0,0,0,0,0,0,0,0,0,0,0,0,0,0,0,0,0,0,0,0,0,0,0,0,0,0,0,0,0,0,0,0,0,0,0,0,0,0,0,0,0,0,0,0,0,0,0,0,0,0,0,0,0,0,0,0,0,0,0,0,0,0,0,0,0,0,0,0,0,0,0,0,0,0,0,0,0,0,0,0,0,0,0,0,0,0,0,0,0,0,0,0,0,0,0,0,0,0,0,0,0,0,0,0,0,0,0,0,0,0,0,0,0,0,0,0,0,0,0,0,0,0,0,0,0,0,0,0,0,0,0,0,0,0,0,0,0,0,0,0,0,0,0,0,0,0,0,0,0,0,0,0,0,0,0,0,0,0,0,0,0,0,0,0,0,0,0,0,0,0,0,0,0,0,0,0,0,0,0,0,0,0,0,0,0,0,0,0,0,0,0,0,0,0,0
"manyara/simanjiro/endiantu",0,0,0,0,0,0,0,0,0,0,0,0,0,0,0,0,0,0,0,0,0,0,0,0,0,0,0,0,0,0,0,0,0,0,0,0,0,0,0,0,0,0,0,0,0,0,0,0,0,0,0,0,0,0,0,0,0,0,0,0,0,0,0,0,0,0,0,0,0,0,0,0,0,0,0,0,0,0,0,0,0,0,0,0,0,0,0,0,0,0,0,0,0,0,0,0,0,0,0,0,0,0,0,0,0,0,0,0,0,0,0,0,0,0,0,0,0,0,0,0,0,0,0,0,0,0,0,0,0,0,0,0,0,0,0,0,0,0,0,0,0,0,0,0,0,0,0,0,0,0,0,0,0,0,0,0,0,0,0,0,0,0,0,0,0,0,0,0,0,0,0,0,0,0,0,0,0,0,0,0,0,0,0,0,0,0,0,0,0,0,0,0,0,0,0,0,0,0,0,0,0,0,0,0,0,0,0,0,0,0,0,0,0,0,0,0,0,0,0,0,0,0,0,0,0,0,0,0,0,0,0,0,0,0,0,0,0,0,0,0,0,0,0,0,0,0,0,0,0,0,0,0,0,0,0,0,0,0,0,0,0,0,0,0,0,0,0,0,0,0,0,0,0,0,0,0,0,0,0,0,0,0,0,0,0,0,0,0,0,0,0,0,0,0,0,0,0,0,0,0,0,0,0,0,0,0,0,0,0,0,0,0,0,0,0,0,0,0,0,0,0,0,0,0,0,0,0,0,0,0,0,0,0,0,0,0,0,0,0,0,0,0,0,0,0,0,0,0,0,0,0,0,0,0,0,0,0,0,0,0,0,0,0,0,0,0,0,0,0,0,0,0,0,0,0,0,0,0,0,0,0,0,0,0,0,0,0,0,0,0,0,0,0,0,0,0,0,0
"manyara/babati/endokise",0,0,0,0,0,0,0,0,0,0,0,0,0,0,0,0,0,0,0,0,0,0,0,0,0,0,0,0,0,0,0,0,0,0,0,0,0,0,0,0,0,0,0,0,0,0,0,0,0,0,0,0,0,0,0,0,0,0,0,0,0,0,0,0,0,0,0,0,0,0,0,0,0,0,0,0,0,0,0,0,0,0,0,0,0,0,0,0,0,0,0,0,0,0,0,0,0,0,0,0,0,0,0,0,0,0,0,0,0,0,0,0,0,0,0,0,0,0,0,0,0,0,0,0,0,0,0,0,0,0,0,0,0,0,0,0,0,0,0,0,0,0,0,0,0,0,0,0,0,0,0,0,0,0,0,0,0,0,0,0,0,0,0,0,0,0,0,0,0,0,0,0,0,0,0,0,0,0,0,0,0,0,0,0,0,0,0,0,0,0,0,0,0,0,0,0,0,0,0,0,0,0,0,0,0,0,0,0,0,0,0,0,0,0,0,0,0,0,0,0,0,0,0,0,0,0,0,0,0,0,0,0,0,0,0,0,0,0,0,0,0,0,0,0,0,0,0,0,0,0,0,0,0,0,0,0,0,0,0,0,0,0,0,0,0,0,0,0,0,0,0,0,0,0,0,0,0,0,0,0,0,0,0,0,0,0,0,0,0,0,0,0,0,0,0,0,0,0,0,0,0,0,0,0,0,0,0,0,0,0,0,0,0,0,0,0,0,0,0,0,0,0,0,0,0,0,0,0,0,0,0,0,0,0,0,0,0,0,0,0,0,0,0,0,0,0,0,0,0,0,0,0,0,0,0,0,0,0,0,0,0,0,0,0,0,0,0,0,0,0,0,0,0,0,0,0,0,0,0,0,0,0,0,0,0,0,0,0,0,0,0,0,0,0,0,0,0,0
"manyara/simanjiro/endonyongijape",0,0,0,0,0,0,0,0,0,0,0,0,0,0,0,0,0,0,0,0,0,0,0,0,0,0,0,0,0,0,0,0,0,0,0,0,0,0,0,0,0,0,0,0,0,0,0,0,0,0,0,0,0,0,0,0,0,0,0,0,0,0,0,0,0,0,0,0,0,0,0,0,0,0,0,0,0,0,0,0,0,0,0,0,0,0,0,0,0,0,0,0,0,0,0,0,0,0,0,0,0,0,0,0,0,0,0,0,0,0,0,0,0,0,0,0,0,0,0,0,0,0,0,0,0,0,0,0,0,0,0,0,0,0,0,0,0,0,0,0,0,0,0,0,0,0,0,0,0,0,0,0,0,0,0,0,0,0,0,0,0,0,0,0,0,0,0,0,0,0,0,0,0,0,0,0,0,0,0,0,0,0,0,0,0,0,0,0,0,0,0,0,0,0,0,0,0,0,0,0,0,0,0,0,0,0,0,0,0,0,0,0,0,0,0,0,0,0,0,0,0,0,0,0,0,0,0,0,0,0,0,0,0,0,0,0,0,0,0,0,0,0,0,0,0,0,0,0,0,0,0,0,0,0,0,0,0,0,0,0,0,0,0,0,0,0,0,0,0,0,0,0,0,0,0,0,0,0,0,0,0,0,0,0,0,0,0,0,0,0,0,0,0,0,0,0,0,0,0,0,0,0,0,0,0,0,0,0,0,0,0,0,0,0,0,0,0,0,0,0,0,0,0,0,0,0,0,0,0,0,0,0,0,0,0,0,0,0,0,0,0,0,0,0,0,0,0,0,0,0,0,0,0,0,0,0,0,0,0,0,0,0,0,0,0,0,0,0,0,0,0,0,0,0,0,0,0,0,0,0,0,0,0,0,0,0,0,0,0,0,0,0,0,0,0,0,0,0
"arusha/ngorongoro/endulen",0.000552,0.002336,6.3e-05,0.017716,6.9e-05,0.002276,5.6e-05,7.7e-05,3.8e-05,0.010262,0.000181,3.5e-05,0.00044,0.006387,0.016926,0.000276,0.000256,0.000455,1e-04,0.00032,4.7e-05,0.000458,3.3e-05,4.8e-05,3.9e-05,1.5e-05,6.6e-05,0.000224,9e-06,5.6e-05,0.001814,6e-05,2.2e-05,3.2e-05,0.005546,0.00015,0.000628,0.003435,0.000783,0.0064,0.000153,3e-05,0.00264,0.004325,0.000416,4.9e-05,0.000628,0.141403,0.012655,0.000923,0.000163,0.00286,0.000448,0.000199,0.002015,2.7e-05,6.9e-05,6.7e-05,0.001404,0,0.003572,0.017926,0.004172,0.000184,5e-06,0.004048,0.002725,0.000178,0.002462,0.005895,0.000618,8e-06,0.000113,0.002097,0.000221,0.009616,0.001443,3.1e-05,5.5e-05,8.8e-05,1.5e-05,0.000184,9.1e-05,3.8e-05,0.00012,0.000161,0.017974,7.9e-05,0.004293,0.007254,2e-05,0.000104,0.016863,0.003515,0.000435,0.009958,0.001226,2e-05,0.007425,0.001881,0.000105,0.003648,0.001455,0.000989,0.000246,0.012846,0.000366,0.001639,0.000774,0.067021,0.000862,0.00545,0.001187,2.4e-05,8e-05,5.8e-05,0.006278,3.7e-05,0.009098,0.000907,0.000478,0.016996,4.9e-05,0.000185,2.1e-05,0.000576,0.001948,0.031225,0.00204,6.2e-05,5.1e-05,0.001834,0.003526,0.000374,1.4e-05,0.003522,0.000211,0.001092,0.034759,0.002709,0.001287,3.2e-05,0.001294,0.000254,0.000116,0.002656,0.000149,0.003898,0.003358,0.001092,5.5e-05,3.8e-05,9.2e-05,5.3e-05,0.002429,0.041808,0.00025,0.000852,0.000228,0.121204,0.000524,0.007644,2.3e-05,0.000128,5.5e-05,3.5e-05,0.000656,0.000713,0.006783,0.000277,0.000696,0.021412,0.100205,0.001026,0.000313,0.001857,0.020372,9.4e-05,0.002684,0.001074,1.9e-05,0.002152,0.004025,0.000426,0.018009,0.262342,3.9e-05,7.2e-05,0.008891,0.002741,0.000681,0.000829,0.002632,0.000204,0.006974,0.000103,5.8e-05,6.7e-05,0.003098,0.000187,0.01081,0.000589,0.002242,4.3e-05,0.004668,0.000392,0.027443,0.017158,0.04613,7.2e-05,6.3e-05,0.00013,0.009331,2.7e-05,0.000584,0.000609,0.000143,0.042788,0.000383,0.002357,0.000165,4.7e-05,4.3e-05,7e-05,0.010537,0.000251,0.015677,0.000117,0.001495,2.9e-05,2.4e-05,0.000251,0.035795,0.013909,0.000286,4e-06,7.3e-05,0.001716,0.013878,4.9e-05,0.000973,0.123849,2.5e-05,0.056422,2.7e-05,4.8e-05,0.00017,0.00467,6.1e-05,0.000574,0.034753,0.058497,0.000128,0.008851,0.002642,0.001151,7.2e-05,0.000261,3.9e-05,3.6e-05,2.8e-05,0.000979,7.1e-05,3.4e-05,0.032783,0.000551,0.000129,0.014301,3.2e-05,0.001643,0.012383,0.006669,4.4e-05,3.5e-05,0.024587,0.000133,0.001333,0.002894,0.000135,0.004935,0.000386,0.000381,0.12525,0.000365,5.7e-05,8.7e-05,2e-05,0.000162,0.000156,5.9e-05,0.000246,0.000783,0.000104,0.022894,0.000683,0.001451,0.012894,0.000186,0.001244,0.065344,2.4e-05,1.4e-05,4.6e-05,0.000533,5.9e-05,0.033372,0.000781,1e-04,6.2e-05,6.4e-05,0.010523,0.067095,0.000165,3.8e-05,0.000457,0.000742,0.000548,0.028497,0.015388,0.011846,0.001179,0.014786,0.001462,0.008118,0.088656,0.02097,0.024212,0.000278,0.001724,0.002544,0.003708,0.001698,0.135437,0.04082,0.003005,7e-05,0.000229,0.00215,0.022999,0.000144,0.000487,4e-05,0.00034,8.8e-05,0.004962,0.000875,0.005499,0.00451,0.003921,0.006619,7e-05,0.00382,0.000301,0.042153,0.015273,0.005583,0.003399,0.000225,0.000104,0.000667,6.7e-05,3.1e-05,5.2e-05,1.8e-05,0.001296,0.02784,0.007774,0.017755,9.1e-05,0.002856,0.000255,1.1e-05,4.3e-05,0.000186,0.000131,0.001697,0.001117,6.4e-05,0.018111,9.9e-05,2.2e-05,0.000103,0.031143,0.000821,7.4e-05,0.000767,6e-05,0.006633,0.001225,4.1e-05,0.009988,4.8e-05,3.7e-05,7.9e-05,1.2e-05,1.7e-05,0.000131,0.000212
"arusha/longido/engarenaibor",0,0,0,0,0,0,0,0,0,0,0,0,0,0,0,0,0,0,0,0,0,0,0,0,0,0,0,0,0,0,0,0,0,0,0,0,0,0,0,0,0,0,0,0,0,0,0,0,0,0,0,0,0,0,0,0,0,0,0,0,0,0,0,0,0,0,0,0,0,0,0,0,0,0,0,0,0,0,0,0,0,0,0,0,0,0,0,0,0,0,0,0,0,0,0,0,0,0,0,0,0,0,0,0,0,0,0,0,0,0,0,0,0,0,0,0,0,0,0,0,0,0,0,0,0,0,0,0,0,0,0,0,0,0,0,0,0,0,0,0,0,0,0,0,0,0,0,0,0,0,0,0,0,0,0,0,0,0,0,0,0,0,0,0,0,0,0,0,0,0,0,0,0,0,0,0,0,0,0,0,0,0,0,0,0,0,0,0,0,0,0,0,0,0,0,0,0,0,0,0,0,0,0,0,0,0,0,0,0,0,0,0,0,0,0,0,0,0,0,0,0,0,0,0,0,0,0,0,0,0,0,0,0,0,0,0,0,0,0,0,0,0,0,0,0,0,0,0,0,0,0,0,0,0,0,0,0,0,0,0,0,0,0,0,0,0,0,0,0,0,0,0,0,0,0,0,0,0,0,0,0,0,0,0,0,0,0,0,0,0,0,0,0,0,0,0,0,0,0,0,0,0,0,0,0,0,0,0,0,0,0,0,0,0,0,0,0,0,0,0,0,0,0,0,0,0,0,0,0,0,0,0,0,0,0,0,0,0,0,0,0,0,0,0,0,0,0,0,0,0,0,0,0,0,0,0,0,0,0,0,0,0,0,0,0,0,0,0,0,0,0,0,0,0,0,0,0,0,0,0,0,0,0,0,0,0,0,0,0,0,0,0,0,0,0,0,0,0
"arusha/monduli/engaruka",1.6e-05,3.9e-05,1e-06,7e-05,0,3.4e-05,0,0,0,5.3e-05,1e-06,0,1.4e-05,0.000196,1.6e-05,1e-06,1e-06,1e-06,0,1e-06,0,1.1e-05,0,1e-06,0,0,0,1e-06,0,0,4.1e-05,0,0,0,1e-05,0,2e-05,1.2e-05,2e-06,7.7e-05,0,0,1.6e-05,1.1e-05,2e-06,0,0.000121,0.005339,0.000163,3e-06,0,2e-06,3e-06,0,8e-06,0,1e-06,1e-06,1.3e-05,0.000863,0.00015,0,0.000248,1e-06,0,0.000118,0.000137,0,4.3e-05,4.4e-05,3e-06,0,3e-06,8e-06,1e-06,0.000572,0.000182,0,0,0,0,1e-06,0,0,0,0,0.000352,0,8e-06,6e-05,0,0,0.000219,0.000126,0.000127,2.9e-05,2.7e-05,0,0.000104,2.5e-05,0,1e-06,1.2e-05,3.3e-05,4e-06,0.000247,1e-06,2.8e-05,2.2e-05,0.000499,1.9e-05,8.2e-05,4e-06,1e-06,1e-06,1e-06,0.000123,0,0.000144,1.6e-05,9e-06,0.000295,1e-06,2e-06,0,5e-06,1.3e-05,0.000762,4.9e-05,1e-06,1e-06,2.5e-05,4.5e-05,6e-06,0,0.000111,8e-06,1.7e-05,0.001312,4.7e-05,3e-05,0,4.5e-05,4e-06,2e-06,3e-05,1e-06,5.6e-05,5e-05,1.6e-05,1e-06,0,1e-06,1e-06,2.2e-05,0.001673,3e-06,9.7e-05,2e-06,0.002159,6e-06,0.000103,0,1e-06,0,0,8e-06,1.9e-05,0.000206,3e-06,4e-06,0.001023,0.00357,1e-05,7e-06,1.7e-05,0.000327,4e-06,4.5e-05,7e-06,0,1.2e-05,3.3e-05,6e-06,0.000348,0.005675,1e-06,1e-06,0.000165,5.3e-05,1.1e-05,3e-06,1.4e-05,0,4.8e-05,1e-06,1e-06,0,5e-05,4e-06,0.000283,4e-06,1.9e-05,1e-06,6.6e-05,9e-06,0.000369,0.000457,0.000263,1e-06,1e-06,1e-06,0.000121,0,1e-06,5e-06,0,0.000592,6e-06,3.3e-05,0,1e-06,0,1e-06,0.00021,5e-06,0.000319,2e-06,3e-06,0,0,1e-06,0.001316,0.000446,2e-06,0,1e-06,3.6e-05,0.000613,1e-06,1.8e-05,0.003526,0,0.00062,0,1e-06,3e-06,0.000126,0,1.5e-05,0.001195,0.004665,7e-06,0.00026,4.7e-05,1e-05,1e-06,3e-06,1e-06,0,0,1.4e-05,1e-06,0,0.000566,3.4e-05,0,0.000629,0,1.3e-05,0.000583,8.2e-05,1e-06,0,0.000336,2e-06,1.1e-05,3.1e-05,1e-06,0.000138,6e-06,3.9e-05,0.004493,1e-06,0,0,0,2e-06,0,1e-06,2e-06,1.9e-05,1e-06,0.000567,1.1e-05,3.5e-05,0.000431,6e-06,1.5e-05,0.000102,0,0,1e-06,5e-06,0,0.000322,2.4e-05,3e-06,2e-06,1e-06,0.000357,8.7e-05,1e-06,1e-06,7e-06,2e-06,8e-06,0.001171,0.000224,0.000292,2.3e-05,0.000659,3.2e-05,0.000197,0.003556,0.000113,0.000178,9e-06,9e-06,9.2e-05,0.000125,6.8e-05,0.007032,0.000371,2.7e-05,0,4e-06,5.6e-05,0.000663,1e-06,2e-06,1e-06,4e-06,0,4.7e-05,7e-06,6.3e-05,0.000175,3.8e-05,6.5e-05,0,9.2e-05,9e-06,0.001409,0.001319,0.000231,5.4e-05,3e-06,1e-06,1.1e-05,0,0,0,0,7e-06,0.000917,0.000242,0.000589,1e-06,8.8e-05,4e-06,0,0,1e-06,2e-06,4.7e-05,1.7e-05,2e-06,0.000591,0,0,0,0.000463,2e-06,0,2.5e-05,1e-06,0.000111,2e-05,1e-06,0.000265,1e-06,0,1e-06,0,0,0,0
"arusha/longido/engikaret",0,0,0,0,0,0,0,0,0,0,0,0,0,0,0,0,0,0,0,0,0,0,0,0,0,0,0,0,0,0,0,0,0,0,0,0,0,0,0,0,0,0,0,0,0,0,0,0,0,0,0,0,0,0,0,0,0,0,0,0,0,0,0,0,0,0,0,0,0,0,0,0,0,0,0,0,0,0,0,0,0,0,0,0,0,0,0,0,0,0,0,0,0,0,0,0,0,0,0,0,0,0,0,0,0,0,0,0,0,0,0,0,0,0,0,0,0,0,0,0,0,0,0,0,0,0,0,0,0,0,0,0,0,0,0,0,0,0,0,0,0,0,0,0,0,0,0,0,0,0,0,0,0,0,0,0,0,0,0,0,0,0,0,0,0,0,0,0,0,0,0,0,0,0,0,0,0,0,0,0,0,0,0,0,0,0,0,0,0,0,0,0,0,0,0,0,0,0,0,0,0,0,0,0,0,0,0,0,0,0,0,0,0,0,0,0,0,0,0,0,0,0,0,0,0,0,0,0,0,0,0,0,0,0,0,0,0,0,0,0,0,0,0,0,0,0,0,0,0,0,0,0,0,0,0,0,0,0,0,0,0,0,0,0,0,0,0,0,0,0,0,0,0,0,0,0,0,0,0,0,0,0,0,0,0,0,0,0,0,0,0,0,0,0,0,0,0,0,0,0,0,0,0,0,0,0,0,0,0,0,0,0,0,0,0,0,0,0,0,0,0,0,0,0,0,0,0,0,0,0,0,0,0,0,0,0,0,0,0,0,0,0,0,0,0,0,0,0,0,0,0,0,0,0,0,0,0,0,0,0,0,0,0,0,0,0,0,0,0,0,0,0,0,0,0,0,0,0,0,0,0,0,0,0,0,0,0,0,0,0,0,0,0,0,0,0,0,0
"manyara/kiteto/engusero",0,0,0,0,0,0,0,0,0,0,0,0,0,0,0,0,0,0,0,0,0,0,0,0,0,0,0,0,0,0,0,0,0,0,0,0,0,0,0,0,0,0,0,0,0,0,0,0,0,0,0,0,0,0,0,0,0,0,0,0,0,0,0,0,0,0,0,0,0,0,0,0,0,0,0,0,0,0,0,0,0,0,0,0,0,0,0,0,0,0,0,0,0,0,0,0,0,0,0,0,0,0,0,0,0,0,0,0,0,0,0,0,0,0,0,0,0,0,0,0,0,0,0,0,0,0,0,0,0,0,0,0,0,0,0,0,0,0,0,0,0,0,0,0,0,0,0,0,0,0,0,0,0,0,0,0,0,0,0,0,0,0,0,0,0,0,0,0,0,0,0,0,0,0,0,0,0,0,0,0,0,0,0,0,0,0,0,0,0,0,0,0,0,0,0,0,0,0,0,0,0,0,0,0,0,0,0,0,0,0,0,0,0,0,0,0,0,0,0,0,0,0,0,0,0,0,0,0,0,0,0,0,0,0,0,0,0,0,0,0,0,0,0,0,0,0,0,0,0,0,0,0,0,0,0,0,0,0,0,0,0,0,0,0,0,0,0,0,0,0,0,0,0,0,0,0,0,0,0,0,0,0,0,0,0,0,0,0,0,0,0,0,0,0,0,0,0,0,0,0,0,0,0,0,0,0,0,0,0,0,0,0,0,0,0,0,0,0,0,0,0,0,0,0,0,0,0,0,0,0,0,0,0,0,0,0,0,0,0,0,0,0,0,0,0,0,0,0,0,0,0,0,0,0,0,0,0,0,0,0,0,0,0,0,0,0,0,0,0,0,0,0,0,0,0,0,0,0,0,0,0,0,0,0,0,0,0,0,0,0,0,0,0,0,0,0,0,0
"arusha/ngorongoro/enguserosambu",0,0,0,0,0,0,0,0,0,0,0,0,0,0,0,0,0,0,0,0,0,0,0,0,0,0,0,0,0,0,0,0,0,0,0,0,0,0,0,0,0,0,0,0,0,0,0,0,0,0,0,0,0,0,0,0,0,0,0,0,0,0,0,0,0,0,0,0,0,0,0,0,0,0,0,0,0,0,0,0,0,0,0,0,0,0,0,0,0,0,0,0,0,0,0,0,0,0,0,0,0,0,0,0,0,0,0,0,0,0,0,0,0,0,0,0,0,0,0,0,0,0,0,0,0,0,0,0,0,0,0,0,0,0,0,0,0,0,0,0,0,0,0,0,0,0,0,0,0,0,0,0,0,0,0,0,0,0,0,0,0,0,0,0,0,0,0,0,0,0,0,0,0,0,0,0,0,0,0,0,0,0,0,0,0,0,0,0,0,0,0,0,0,0,0,0,0,0,0,0,0,0,0,0,0,0,0,0,0,0,0,0,0,0,0,0,0,0,0,0,0,0,0,0,0,0,0,0,0,0,0,0,0,0,0,0,0,0,0,0,0,0,0,0,0,0,0,0,0,0,0,0,0,0,0,0,0,0,0,0,0,0,0,0,0,0,0,0,0,0,0,0,0,0,0,0,0,0,0,0,0,0,0,0,0,0,0,0,0,0,0,0,0,0,0,0,0,0,0,0,0,0,0,0,0,0,0,0,0,0,0,0,0,0,0,0,0,0,0,0,0,0,0,0,0,0,0,0,0,0,0,0,0,0,0,0,0,0,0,0,0,0,0,0,0,0,0,0,0,0,0,0,0,0,0,0,0,0,0,0,0,0,0,0,0,0,0,0,0,0,0,0,0,0,0,0,0,0,0,0,0,0,0,0,0,0,0,0,0,0,0,0,0,0,0,0,0,0
"arusha/arushaurban/engutoto",0,0,0,0,0,0,0,0,0,0,0,0,0,0,0,0,0,0,0,0,0,0,0,0,0,0,0,0,0,0,0,0,0,0,0,0,0,0,0,0,0,0,0,0,0,0,0,0,0,0,0,0,0,0,0,0,0,0,0,0,0,0,0,0,0,0,0,0,0,0,0,0,0,0,0,0,0,0,0,0,0,0,0,0,0,0,0,0,0,0,0,0,0,0,0,0,0,0,0,0,0,0,0,0,0,0,0,0,0,0,0,0,0,0,0,0,0,0,0,0,0,0,0,0,0,0,0,0,0,0,0,0,0,0,0,0,0,0,0,0,0,0,0,0,0,0,0,0,0,0,0,0,0,0,0,0,0,0,0,0,0,0,0,0,0,0,0,0,0,0,0,0,0,0,0,0,0,0,0,0,0,0,0,0,0,0,0,0,0,0,0,0,0,0,0,0,0,0,0,0,0,0,0,0,0,0,0,0,0,0,0,0,0,0,0,0,0,0,0,0,0,0,0,0,0,0,0,0,0,0,0,0,0,0,0,0,0,0,0,0,0,0,0,0,0,0,0,0,0,0,0,0,0,0,0,0,0,0,0,0,0,0,0,0,0,0,0,0,0,0,0,0,0,0,0,0,0,0,0,0,0,0,0,0,0,0,0,0,0,0,0,0,0,0,0,0,0,0,0,0,0,0,0,0,0,0,0,0,0,0,0,0,0,0,0,0,0,0,0,0,0,0,0,0,0,0,0,0,0,0,0,0,0,0,0,0,0,0,0,0,0,0,0,0,0,0,0,0,0,0,0,0,0,0,0,0,0,0,0,0,0,0,0,0,0,0,0,0,0,0,0,0,0,0,0,0,0,0,0,0,0,0,0,0,0,0,0,0,0,0,0,0,0,0,0,0,0,0
"arusha/monduli/engutoto",0,0,0,0,0,0,0,0,0,0,0,0,0,0,0,0,0,0,0,0,0,0,0,0,0,0,0,0,0,0,0,0,0,0,0,0,0,0,0,0,0,0,0,0,0,0,0,0,0,0,0,0,0,0,0,0,0,0,0,0,0,0,0,0,0,0,0,0,0,0,0,0,0,0,0,0,0,0,0,0,0,0,0,0,0,0,0,0,0,0,0,0,0,0,0,0,0,0,0,0,0,0,0,0,0,0,0,0,0,0,0,0,0,0,0,0,0,0,0,0,0,0,0,0,0,0,0,0,0,0,0,0,0,0,0,0,0,0,0,0,0,0,0,0,0,0,0,0,0,0,0,0,0,0,0,0,0,0,0,0,0,0,0,0,0,0,0,0,0,0,0,0,0,0,0,0,0,0,0,0,0,0,0,0,0,0,0,0,0,0,0,0,0,0,0,0,0,0,0,0,0,0,0,0,0,0,0,0,0,0,0,0,0,0,0,0,0,0,0,0,0,0,0,0,0,0,0,0,0,0,0,0,0,0,0,0,0,0,0,0,0,0,0,0,0,0,0,0,0,0,0,0,0,0,0,0,0,0,0,0,0,0,0,0,0,0,0,0,0,0,0,0,0,0,0,0,0,0,0,0,0,0,0,0,0,0,0,0,0,0,0,0,0,0,0,0,0,0,0,0,0,0,0,0,0,0,0,0,0,0,0,0,0,0,0,0,0,0,0,0,0,0,0,0,0,0,0,0,0,0,0,0,0,0,0,0,0,0,0,0,0,0,0,0,0,0,0,0,0,0,0,0,0,0,0,0,0,0,0,0,0,0,0,0,0,0,0,0,0,0,0,0,0,0,0,0,0,0,0,0,0,0,0,0,0,0,0,0,0,0,0,0,0,0,0,0,0,0
"manyara/mbulu/eshkesh",0,0,0,0,0,0,0,0,0,0,0,0,0,0,0,0,0,0,0,0,0,0,0,0,0,0,0,0,0,0,0,0,0,0,0,0,0,0,0,0,0,0,0,0,0,0,0,0,0,0,0,0,0,0,0,0,0,0,0,0,0,0,0,0,0,0,0,0,0,0,0,0,0,0,0,0,0,0,0,0,0,0,0,0,0,0,0,0,0,0,0,0,0,0,0,0,0,0,0,0,0,0,0,0,0,0,0,0,0,0,0,0,0,0,0,0,0,0,0,0,0,0,0,0,0,0,0,0,0,0,0,0,0,0,0,0,0,0,0,0,0,0,0,0,0,0,0,0,0,0,0,0,0,0,0,0,0,0,0,0,0,0,0,0,0,0,0,0,0,0,0,0,0,0,0,0,0,0,0,0,0,0,0,0,0,0,0,0,0,0,0,0,0,0,0,0,0,0,0,0,0,0,0,0,0,0,0,0,0,0,0,0,0,0,0,0,0,0,0,0,0,0,0,0,0,0,0,0,0,0,0,0,0,0,0,0,0,0,0,0,0,0,0,0,0,0,0,0,0,0,0,0,0,0,0,0,0,0,0,0,0,0,0,0,0,0,0,0,0,0,0,0,0,0,0,0,0,0,0,0,0,0,0,0,0,0,0,0,0,0,0,0,0,0,0,0,0,0,0,0,0,0,0,0,0,0,0,0,0,0,0,0,0,0,0,0,0,0,0,0,0,0,0,0,0,0,0,0,0,0,0,0,0,0,0,0,0,0,0,0,0,0,0,0,0,0,0,0,0,0,0,0,0,0,0,0,0,0,0,0,0,0,0,0,0,0,0,0,0,0,0,0,0,0,0,0,0,0,0,0,0,0,0,0,0,0,0,0,0,0,0,0,0,0,0,0,0,0
"arusha/monduli/esilalei",0,0,0,0,0,0,0,0,0,0,0,0,0,0,0,0,0,0,0,0,0,0,0,0,0,0,0,0,0,0,0,0,0,0,0,0,0,0,0,0,0,0,0,0,0,0,0,0,0,0,0,0,0,0,0,0,0,0,0,0,0,0,0,0,0,0,0,0,0,0,0,0,0,0,0,0,0,0,0,0,0,0,0,0,0,0,0,0,0,0,0,0,0,0,0,0,0,0,0,0,0,0,0,0,0,0,0,0,0,0,0,0,0,0,0,0,0,0,0,0,0,0,0,0,0,0,0,0,0,0,0,0,0,0,0,0,0,0,0,0,0,0,0,0,0,0,0,0,0,0,0,0,0,0,0,0,0,0,0,0,0,0,0,0,0,0,0,0,0,0,0,0,0,0,0,0,0,0,0,0,0,0,0,0,0,0,0,0,0,0,0,0,0,0,0,0,0,0,0,0,0,0,0,0,0,0,0,0,0,0,0,0,0,0,0,0,0,0,0,0,0,0,0,0,0,0,0,0,0,0,0,0,0,0,0,0,0,0,0,0,0,0,0,0,0,0,0,0,0,0,0,0,0,0,0,0,0,0,0,0,0,0,0,0,0,0,0,0,0,0,0,0,0,0,0,0,0,0,0,0,0,0,0,0,0,0,0,0,0,0,0,0,0,0,0,0,0,0,0,0,0,0,0,0,0,0,0,0,0,0,0,0,0,0,0,0,0,0,0,0,0,0,0,0,0,0,0,0,0,0,0,0,0,0,0,0,0,0,0,0,0,0,0,0,0,0,0,0,0,0,0,0,0,0,0,0,0,0,0,0,0,0,0,0,0,0,0,0,0,0,0,0,0,0,0,0,0,0,0,0,0,0,0,0,0,0,0,0,0,0,0,0,0,0,0,0,0,0
"manyara/babati/galapo",0.000106,2e-05,8e-06,0.000117,3.7e-05,0.00043,8e-06,1e-05,5.3e-05,0.018411,0.000233,1e-05,7.6e-05,0.001237,0.000264,2.5e-05,1.9e-05,0.000126,1.2e-05,4.3e-05,8e-06,6.6e-05,5.6e-05,8e-06,7e-06,2e-06,0.00012,1.7e-05,4e-06,1e-05,0.000517,2.3e-05,4e-06,6e-06,5.5e-05,5.1e-05,0.000123,0.001521,5.7e-05,0.000116,1.4e-05,1.4e-05,0.000599,0.000625,0.000133,4.5e-05,3.4e-05,0.028835,0.020563,2.4e-05,2e-05,1.1e-05,1.8e-05,1.3e-05,0.001225,1.3e-05,1.8e-05,0.001742,0.000519,0.003477,0.000175,0.000539,0.000339,5.8e-05,0,0.000891,0.000386,6e-06,0.000231,0,9e-06,3e-06,1.4e-05,0.000288,4.4e-05,0.000288,3.4e-05,8e-06,5e-06,7e-06,1.1e-05,0.000191,1.3e-05,1.7e-05,4.3e-05,1.1e-05,0.003114,9e-06,0.000281,0.001424,1.1e-05,8e-06,0.002403,0.00054,1.7e-05,0.001009,0.000167,3e-06,0.001309,0.000306,1.9e-05,7e-06,0.000238,0.000184,3.9e-05,0.00128,1.4e-05,0.000258,0.000104,0.001663,0.000117,0.000676,0.000415,5e-06,1e-05,8e-06,0.001194,1.6e-05,0.001392,0.000121,6.6e-05,0.002308,8e-06,3.2e-05,3e-06,1e-04,0.000561,0.005855,0.000462,9e-06,7e-06,0.000273,0.000578,5.8e-05,2e-06,0.000675,3.5e-05,0.000162,0.002255,0.000411,0.000221,6e-06,0.000234,3.8e-05,1.4e-05,0.000458,7.7e-05,0.000604,0.00048,0.000161,7e-06,8e-06,1.1e-05,1.1e-05,0.000382,0.00782,2.9e-05,4.1e-05,8.3e-05,0.020606,8.4e-05,0.006408,4e-06,2.3e-05,8e-06,1e-05,0.000129,0.000107,0.001431,5.3e-05,0.000178,0.002673,0.020057,0.000307,4e-05,0.004159,0.016294,6e-06,0.000411,0.00031,3e-06,2.2e-05,0.000842,7.3e-05,0.002518,0.051152,5e-06,9e-06,0.001325,0.000397,0.000118,0.000249,0.000376,1.6e-05,0.012924,2.7e-05,8e-06,7.4e-05,0.00048,8e-06,0.001952,0.000704,0.00047,9e-06,0.000607,5.9e-05,0.004163,0.00304,0.00027,1e-05,9e-06,0.001126,0.001266,4e-06,5e-06,9.8e-05,9e-06,0.005263,5.2e-05,0.000329,1.8e-05,1e-05,2.3e-05,1e-05,0.001678,3.6e-05,0.002164,2.1e-05,5.1e-05,1.4e-05,1.5e-05,1.7e-05,0.001245,0.003144,0.000111,1e-06,1e-05,0.000451,0.000408,7e-06,0.000249,0.042046,4e-06,0.011155,5e-06,8e-06,2.6e-05,0.001038,1.8e-05,0.000172,0.00643,0.005719,1.8e-05,0.001856,0.000291,0.000209,9e-06,4.4e-05,6e-06,7e-06,5e-06,0.000216,2.2e-05,6e-06,0.001704,2.5e-05,3.2e-05,0.002279,6.5e-05,0.00157,0.001728,0.001218,7e-06,7e-06,0.003519,1.8e-05,0.000237,0.001634,3e-05,7.2e-05,9.6e-05,6e-06,0.008662,6.8e-05,1.9e-05,0.000217,9e-06,1.9e-05,3.4e-05,8e-06,0.000144,8.5e-05,1.8e-05,0.005619,0.000105,0.000173,0.001737,3.5e-05,0.000323,0.000259,3e-06,3e-06,7e-06,0.000108,3e-05,0.012612,0.000144,1.8e-05,1.1e-05,9e-06,0.002116,0.000141,9.4e-05,6e-06,6.6e-05,7e-06,1.1e-05,0.003443,0.00188,0.003688,0.000529,0.00202,0.000236,0.00077,0.015199,0.000264,0.000333,5.5e-05,2.8e-05,0.000444,0.000652,0.00027,0.010521,0.000749,0.00129,2.8e-05,3.7e-05,3.8e-05,0.004346,0.003957,9e-06,6e-06,1.1e-05,8.1e-05,0.00121,0.000191,7.5e-05,0.000653,0.000798,9.9e-05,1e-05,0.00053,5.5e-05,0.008139,0.000945,0.000966,0.001264,3.9e-05,1.3e-05,0.000108,5.8e-05,2.2e-05,9.3e-05,1.4e-05,1.9e-05,0.005098,0.001633,0.00353,2.6e-05,0.000458,4e-05,2e-06,8e-06,4.5e-05,1.5e-05,0.000426,0.000894,1.3e-05,0.001615,1.2e-05,4e-06,2e-05,0.003725,0.000158,8e-06,0.000148,8e-06,0.000981,0.000174,6e-06,0.001973,6e-06,7e-06,1.4e-05,2e-06,3e-06,1.8e-05,8e-06
"arusha/karatu/ganako",0,0,0,0,0,0,0,0,0,0,0,0,0,0,0,0,0,0,0,0,0,0,0,0,0,0,0,0,0,0,0,0,0,0,0,0,0,0,0,0,0,0,0,0,0,0,0,0,0,0,0,0,0,0,0,0,0,0,0,0,0,0,0,0,0,0,0,0,0,0,0,0,0,0,0,0,0,0,0,0,0,0,0,0,0,0,0,0,0,0,0,0,0,0,0,0,0,0,0,0,0,0,0,0,0,0,0,0,0,0,0,0,0,0,0,0,0,0,0,0,0,0,0,0,0,0,0,0,0,0,0,0,0,0,0,0,0,0,0,0,0,0,0,0,0,0,0,0,0,0,0,0,0,0,0,0,0,0,0,0,0,0,0,0,0,0,0,0,0,0,0,0,0,0,0,0,0,0,0,0,0,0,0,0,0,0,0,0,0,0,0,0,0,0,0,0,0,0,0,0,0,0,0,0,0,0,0,0,0,0,0,0,0,0,0,0,0,0,0,0,0,0,0,0,0,0,0,0,0,0,0,0,0,0,0,0,0,0,0,0,0,0,0,0,0,0,0,0,0,0,0,0,0,0,0,0,0,0,0,0,0,0,0,0,0,0,0,0,0,0,0,0,0,0,0,0,0,0,0,0,0,0,0,0,0,0,0,0,0,0,0,0,0,0,0,0,0,0,0,0,0,0,0,0,0,0,0,0,0,0,0,0,0,0,0,0,0,0,0,0,0,0,0,0,0,0,0,0,0,0,0,0,0,0,0,0,0,0,0,0,0,0,0,0,0,0,0,0,0,0,0,0,0,0,0,0,0,0,0,0,0,0,0,0,0,0,0,0,0,0,0,0,0,0,0,0,0,0,0,0,0,0,0,0,0,0,0,0,0,0,0,0,0,0,0,0,0,0
"manyara/hanang/ganana",0,0,0,0,0,0,0,0,0,0,0,0,0,0,0,0,0,0,0,0,0,0,0,0,0,0,0,0,0,0,0,0,0,0,0,0,0,0,0,0,0,0,0,0,0,0,0,0,0,0,0,0,0,0,0,0,0,0,0,0,0,0,0,0,0,0,0,0,0,0,0,0,0,0,0,0,0,0,0,0,0,0,0,0,0,0,0,0,0,0,0,0,0,0,0,0,0,0,0,0,0,0,0,0,0,0,0,0,0,0,0,0,0,0,0,0,0,0,0,0,0,0,0,0,0,0,0,0,0,0,0,0,0,0,0,0,0,0,0,0,0,0,0,0,0,0,0,0,0,0,0,0,0,0,0,0,0,0,0,0,0,0,0,0,0,0,0,0,0,0,0,0,0,0,0,0,0,0,0,0,0,0,0,0,0,0,0,0,0,0,0,0,0,0,0,0,0,0,0,0,0,0,0,0,0,0,0,0,0,0,0,0,0,0,0,0,0,0,0,0,0,0,0,0,0,0,0,0,0,0,0,0,0,0,0,0,0,0,0,0,0,0,0,0,0,0,0,0,0,0,0,0,0,0,0,0,0,0,0,0,0,0,0,0,0,0,0,0,0,0,0,0,0,0,0,0,0,0,0,0,0,0,0,0,0,0,0,0,0,0,0,0,0,0,0,0,0,0,0,0,0,0,0,0,0,0,0,0,0,0,0,0,0,0,0,0,0,0,0,0,0,0,0,0,0,0,0,0,0,0,0,0,0,0,0,0,0,0,0,0,0,0,0,0,0,0,0,0,0,0,0,0,0,0,0,0,0,0,0,0,0,0,0,0,0,0,0,0,0,0,0,0,0,0,0,0,0,0,0,0,0,0,0,0,0,0,0,0,0,0,0,0,0,0,0,0,0,0
"kilimanjaro/siha/gararagua",0,0,0,0,0,0,0,0,0,0,0,0,0,0,0,0,0,0,0,0,0,0,0,0,0,0,0,0,0,0,0,0,0,0,0,0,0,0,0,0,0,0,0,0,0,0,0,0,0,0,0,0,0,0,0,0,0,0,0,0,0,0,0,0,0,0,0,0,0,0,0,0,0,0,0,0,0,0,0,0,0,0,0,0,0,0,0,0,0,0,0,0,0,0,0,0,0,0,0,0,0,0,0,0,0,0,0,0,0,0,0,0,0,0,0,0,0,0,0,0,0,0,0,0,0,0,0,0,0,0,0,0,0,0,0,0,0,0,0,0,0,0,0,0,0,0,0,0,0,0,0,0,0,0,0,0,0,0,0,0,0,0,0,0,0,0,0,0,0,0,0,0,0,0,0,0,0,0,0,0,0,0,0,0,0,0,0,0,0,0,0,0,0,0,0,0,0,0,0,0,0,0,0,0,0,0,0,0,0,0,0,0,0,0,0,0,0,0,0,0,0,0,0,0,0,0,0,0,0,0,0,0,0,0,0,0,0,0,0,0,0,0,0,0,0,0,0,0,0,0,0,0,0,0,0,0,0,0,0,0,0,0,0,0,0,0,0,0,0,0,0,0,0,0,0,0,0,0,0,0,0,0,0,0,0,0,0,0,0,0,0,0,0,0,0,0,0,0,0,0,0,0,0,0,0,0,0,0,0,0,0,0,0,0,0,0,0,0,0,0,0,0,0,0,0,0,0,0,0,0,0,0,0,0,0,0,0,0,0,0,0,0,0,0,0,0,0,0,0,0,0,0,0,0,0,0,0,0,0,0,0,0,0,0,0,0,0,0,0,0,0,0,0,0,0,0,0,0,0,0,0,0,0,0,0,0,0,0,0,0,0,0,0,0,0,0,0,0
"manyara/mbulu/gehandu",0,0,0,0,0,0,0,0,0,0,0,0,0,0,0,0,0,0,0,0,0,0,0,0,0,0,0,0,0,0,0,0,0,0,0,0,0,0,0,0,0,0,0,0,0,0,0,0,0,0,0,0,0,0,0,0,0,0,0,0,0,0,0,0,0,0,0,0,0,0,0,0,0,0,0,0,0,0,0,0,0,0,0,0,0,0,0,0,0,0,0,0,0,0,0,0,0,0,0,0,0,0,0,0,0,0,0,0,0,0,0,0,0,0,0,0,0,0,0,0,0,0,0,0,0,0,0,0,0,0,0,0,0,0,0,0,0,0,0,0,0,0,0,0,0,0,0,0,0,0,0,0,0,0,0,0,0,0,0,0,0,0,0,0,0,0,0,0,0,0,0,0,0,0,0,0,0,0,0,0,0,0,0,0,0,0,0,0,0,0,0,0,0,0,0,0,0,0,0,0,0,0,0,0,0,0,0,0,0,0,0,0,0,0,0,0,0,0,0,0,0,0,0,0,0,0,0,0,0,0,0,0,0,0,0,0,0,0,0,0,0,0,0,0,0,0,0,0,0,0,0,0,0,0,0,0,0,0,0,0,0,0,0,0,0,0,0,0,0,0,0,0,0,0,0,0,0,0,0,0,0,0,0,0,0,0,0,0,0,0,0,0,0,0,0,0,0,0,0,0,0,0,0,0,0,0,0,0,0,0,0,0,0,0,0,0,0,0,0,0,0,0,0,0,0,0,0,0,0,0,0,0,0,0,0,0,0,0,0,0,0,0,0,0,0,0,0,0,0,0,0,0,0,0,0,0,0,0,0,0,0,0,0,0,0,0,0,0,0,0,0,0,0,0,0,0,0,0,0,0,0,0,0,0,0,0,0,0,0,0,0,0,0,0,0,0,0,0
"manyara/hanang/gehandu",0.000111,5e-05,1.5e-05,0.000405,0.000126,0.000605,2.1e-05,2.3e-05,9.5e-05,0.012943,0.000295,0.001835,8.3e-05,0.001254,0.002163,6.5e-05,0.00017,0.001503,0.000814,0.005651,1.7e-05,9.4e-05,8.9e-05,1.2e-05,1.4e-05,4e-06,0.000131,2.9e-05,7e-06,2e-05,0.000434,6e-05,8e-06,9e-06,0.000154,0.000797,0.00012,0.008481,0.000146,0.000364,0.000169,0.000474,0.001804,0.005437,0.000395,0.000139,5.4e-05,0.028514,0.005042,5.7e-05,5.9e-05,4.1e-05,3.1e-05,0.000239,0.011238,0.00017,1.8e-05,5.1e-05,6e-04,0.015226,0.000392,0.000986,0.000538,0.000157,0,0.000825,0.000395,0.000107,0.000253,0.005218,2e-05,0.000156,2.2e-05,0.000533,0,0.000676,7.6e-05,0.000542,0.000532,0.000308,8.3e-05,0.000677,0.000158,0.000503,0.001106,4e-05,0.004216,0.000307,0.010118,0.002746,0.000162,0.000585,0.004385,0.000625,3.1e-05,0.003008,0.000255,6e-06,0.001985,0.000498,4.3e-05,4.1e-05,0.000516,0.000185,6.1e-05,0.002543,3.6e-05,0.000393,0.000147,0.003156,0.00018,0.001269,0.026999,4e-06,1.9e-05,1.4e-05,0.001494,3.3e-05,0.002224,0.000203,0.000107,0.003893,1.4e-05,5.4e-05,6e-06,0.000211,0.001203,0.006899,0.00046,1.5e-05,1.2e-05,0.000467,0.000957,9e-05,4e-06,0.00068,3.7e-05,0.000267,0.004705,0.000634,0.000279,1.2e-05,0.000237,5.9e-05,2.7e-05,0.000782,0.00015,0.000987,0.000818,0.000273,1.3e-05,1.2e-05,2.2e-05,1.8e-05,0.000795,0.007217,5.8e-05,7.6e-05,0.000116,0.031522,0.000145,0.002853,6e-06,3.9e-05,0.002931,0.001203,0.000189,0.000141,0.001348,8.3e-05,0.00043,0.002599,0.019954,0.000386,6.4e-05,0.00118,0.005923,1.2e-05,0.00064,0.000608,7e-06,7.4e-05,0.001565,0.000109,0.004008,0.073499,8e-06,1.6e-05,0.002033,0.000608,0.000168,0.001317,0.000509,0.00039,0.003976,8e-05,1.5e-05,6.8e-05,0.000753,1.1e-05,0.002269,0.00047,0.000832,1e-05,0.001125,8.1e-05,0.007224,0.002448,0.000842,1.8e-05,1.6e-05,8.6e-05,0.002375,7e-06,2.3e-05,0.000209,2.2e-05,0.010448,9.3e-05,0.000582,0.000368,1.1e-05,0.000146,1.5e-05,0.002389,5.4e-05,0.003408,2.9e-05,0.000209,0.00025,0.000102,9.5e-05,0.003121,0.00269,0.000308,1e-06,1.7e-05,0.000421,0.000678,1.2e-05,0.000249,0.026659,6e-06,0.01817,9e-06,1.2e-05,4.1e-05,0.00099,0.001993,0.000122,0.006582,0.007309,1.8e-05,0.001795,0.000556,0.000415,1.7e-05,7.4e-05,1e-05,1.2e-05,1e-05,0.000275,1.4e-05,1.2e-05,0.00237,5.3e-05,9.4e-05,0.002289,3.3e-05,0.000639,0.00192,0.00191,1.2e-05,1.2e-05,0.006297,3.3e-05,0.000483,0.001173,5.2e-05,0.00015,0.000106,1.3e-05,0.01857,0.000182,4.4e-05,0.000122,0.00026,3.7e-05,0.000392,1.2e-05,0.000178,0.000148,3.7e-05,0.005213,0.000167,0.000282,0.002323,3.5e-05,4e-04,0.000756,6e-06,4e-06,1.1e-05,0.000174,5.3e-05,0.008161,0.000152,2e-05,1.2e-05,1.4e-05,0.001963,0.000458,0.000191,1e-05,0.00011,1.9e-05,3.3e-05,0.004688,0.003618,0.002723,0.000317,0.002363,0.000321,0.001464,0.016256,0.000938,0.001122,5.4e-05,0.000105,0.000452,0.000688,0.000285,0.019356,0.002477,0.001345,5.7e-05,5.6e-05,0.000105,0.004709,0.000156,2e-05,1e-05,1.8e-05,0.000198,0.001804,0.000367,0.00023,0.000767,0.001312,0.000318,2.3e-05,0.000777,6e-05,0.008185,0.001227,0.000839,0.001013,6.5e-05,2.5e-05,0.000162,9.9e-05,0.000215,8.4e-05,0.000121,6.9e-05,0.005353,0.001526,0.003384,7.7e-05,0.000546,6.2e-05,4e-06,1.6e-05,0.000121,2.9e-05,0.000358,0.000371,1.2e-05,0.002931,4.7e-05,7e-06,0.000115,0.00728,0.004307,2e-05,0.000145,1.4e-05,0.001568,0.00029,1e-05,0.002115,1.1e-05,1.3e-05,2.7e-05,4e-06,6e-06,9.8e-05,7.1e-05
"arusha/longido/gelailumbwa",0,0,0,0,0,0,0,0,0,0,0,0,0,0,0,0,0,0,0,0,0,0,0,0,0,0,0,0,0,0,0,0,0,0,0,0,0,0,0,0,0,0,0,0,0,0,0,0,0,0,0,0,0,0,0,0,0,0,0,0,0,0,0,0,0,0,0,0,0,0,0,0,0,0,0,0,0,0,0,0,0,0,0,0,0,0,0,0,0,0,0,0,0,0,0,0,0,0,0,0,0,0,0,0,0,0,0,0,0,0,0,0,0,0,0,0,0,0,0,0,0,0,0,0,0,0,0,0,0,0,0,0,0,0,0,0,0,0,0,0,0,0,0,0,0,0,0,0,0,0,0,0,0,0,0,0,0,0,0,0,0,0,0,0,0,0,0,0,0,0,0,0,0,0,0,0,0,0,0,0,0,0,0,0,0,0,0,0,0,0,0,0,0,0,0,0,0,0,0,0,0,0,0,0,0,0,0,0,0,0,0,0,0,0,0,0,0,0,0,0,0,0,0,0,0,0,0,0,0,0,0,0,0,0,0,0,0,0,0,0,0,0,0,0,0,0,0,0,0,0,0,0,0,0,0,0,0,0,0,0,0,0,0,0,0,0,0,0,0,0,0,0,0,0,0,0,0,0,0,0,0,0,0,0,0,0,0,0,0,0,0,0,0,0,0,0,0,0,0,0,0,0,0,0,0,0,0,0,0,0,0,0,0,0,0,0,0,0,0,0,0,0,0,0,0,0,0,0,0,0,0,0,0,0,0,0,0,0,0,0,0,0,0,0,0,0,0,0,0,0,0,0,0,0,0,0,0,0,0,0,0,0,0,0,0,0,0,0,0,0,0,0,0,0,0,0,0,0,0,0,0,0,0,0,0,0,0,0,0,0,0,0,0,0,0,0,0,0
"arusha/longido/gelaimeirugoi",0,0,0,0,0,0,0,0,0,0,0,0,0,0,0,0,0,0,0,0,0,0,0,0,0,0,0,0,0,0,0,0,0,0,0,0,0,0,0,0,0,0,0,0,0,0,0,0,0,0,0,0,0,0,0,0,0,0,0,0,0,0,0,0,0,0,0,0,0,0,0,0,0,0,0,0,0,0,0,0,0,0,0,0,0,0,0,0,0,0,0,0,0,0,0,0,0,0,0,0,0,0,0,0,0,0,0,0,0,0,0,0,0,0,0,0,0,0,0,0,0,0,0,0,0,0,0,0,0,0,0,0,0,0,0,0,0,0,0,0,0,0,0,0,0,0,0,0,0,0,0,0,0,0,0,0,0,0,0,0,0,0,0,0,0,0,0,0,0,0,0,0,0,0,0,0,0,0,0,0,0,0,0,0,0,0,0,0,0,0,0,0,0,0,0,0,0,0,0,0,0,0,0,0,0,0,0,0,0,0,0,0,0,0,0,0,0,0,0,0,0,0,0,0,0,0,0,0,0,0,0,0,0,0,0,0,0,0,0,0,0,0,0,0,0,0,0,0,0,0,0,0,0,0,0,0,0,0,0,0,0,0,0,0,0,0,0,0,0,0,0,0,0,0,0,0,0,0,0,0,0,0,0,0,0,0,0,0,0,0,0,0,0,0,0,0,0,0,0,0,0,0,0,0,0,0,0,0,0,0,0,0,0,0,0,0,0,0,0,0,0,0,0,0,0,0,0,0,0,0,0,0,0,0,0,0,0,0,0,0,0,0,0,0,0,0,0,0,0,0,0,0,0,0,0,0,0,0,0,0,0,0,0,0,0,0,0,0,0,0,0,0,0,0,0,0,0,0,0,0,0,0,0,0,0,0,0,0,0,0,0,0,0,0,0,0,0,0
"manyara/hanang/gendabi",0,0,0,0,0,0,0,0,0,0,0,0,0,0,0,0,0,0,0,0,0,0,0,0,0,0,0,0,0,0,0,0,0,0,0,0,0,0,0,0,0,0,0,0,0,0,0,0,0,0,0,0,0,0,0,0,0,0,0,0,0,0,0,0,0,0,0,0,0,0,0,0,0,0,0,0,0,0,0,0,0,0,0,0,0,0,0,0,0,0,0,0,0,0,0,0,0,0,0,0,0,0,0,0,0,0,0,0,0,0,0,0,0,0,0,0,0,0,0,0,0,0,0,0,0,0,0,0,0,0,0,0,0,0,0,0,0,0,0,0,0,0,0,0,0,0,0,0,0,0,0,0,0,0,0,0,0,0,0,0,0,0,0,0,0,0,0,0,0,0,0,0,0,0,0,0,0,0,0,0,0,0,0,0,0,0,0,0,0,0,0,0,0,0,0,0,0,0,0,0,0,0,0,0,0,0,0,0,0,0,0,0,0,0,0,0,0,0,0,0,0,0,0,0,0,0,0,0,0,0,0,0,0,0,0,0,0,0,0,0,0,0,0,0,0,0,0,0,0,0,0,0,0,0,0,0,0,0,0,0,0,0,0,0,0,0,0,0,0,0,0,0,0,0,0,0,0,0,0,0,0,0,0,0,0,0,0,0,0,0,0,0,0,0,0,0,0,0,0,0,0,0,0,0,0,0,0,0,0,0,0,0,0,0,0,0,0,0,0,0,0,0,0,0,0,0,0,0,0,0,0,0,0,0,0,0,0,0,0,0,0,0,0,0,0,0,0,0,0,0,0,0,0,0,0,0,0,0,0,0,0,0,0,0,0,0,0,0,0,0,0,0,0,0,0,0,0,0,0,0,0,0,0,0,0,0,0,0,0,0,0,0,0,0,0,0,0,0
"manyara/hanang/getanuwas",0,0,0,0,0,0,0,0,0,0,0,0,0,0,0,0,0,0,0,0,0,0,0,0,0,0,0,0,0,0,0,0,0,0,0,0,0,0,0,0,0,0,0,0,0,0,0,0,0,0,0,0,0,0,0,0,0,0,0,0,0,0,0,0,0,0,0,0,0,0,0,0,0,0,0,0,0,0,0,0,0,0,0,0,0,0,0,0,0,0,0,0,0,0,0,0,0,0,0,0,0,0,0,0,0,0,0,0,0,0,0,0,0,0,0,0,0,0,0,0,0,0,0,0,0,0,0,0,0,0,0,0,0,0,0,0,0,0,0,0,0,0,0,0,0,0,0,0,0,0,0,0,0,0,0,0,0,0,0,0,0,0,0,0,0,0,0,0,0,0,0,0,0,0,0,0,0,0,0,0,0,0,0,0,0,0,0,0,0,0,0,0,0,0,0,0,0,0,0,0,0,0,0,0,0,0,0,0,0,0,0,0,0,0,0,0,0,0,0,0,0,0,0,0,0,0,0,0,0,0,0,0,0,0,0,0,0,0,0,0,0,0,0,0,0,0,0,0,0,0,0,0,0,0,0,0,0,0,0,0,0,0,0,0,0,0,0,0,0,0,0,0,0,0,0,0,0,0,0,0,0,0,0,0,0,0,0,0,0,0,0,0,0,0,0,0,0,0,0,0,0,0,0,0,0,0,0,0,0,0,0,0,0,0,0,0,0,0,0,0,0,0,0,0,0,0,0,0,0,0,0,0,0,0,0,0,0,0,0,0,0,0,0,0,0,0,0,0,0,0,0,0,0,0,0,0,0,0,0,0,0,0,0,0,0,0,0,0,0,0,0,0,0,0,0,0,0,0,0,0,0,0,0,0,0,0,0,0,0,0,0,0,0,0,0,0,0,0
"manyara/mbulu/geterer",0,0,0,0,0,0,0,0,0,0,0,0,0,0,0,0,0,0,0,0,0,0,0,0,0,0,0,0,0,0,0,0,0,0,0,0,0,0,0,0,0,0,0,0,0,0,0,0,0,0,0,0,0,0,0,0,0,0,0,0,0,0,0,0,0,0,0,0,0,0,0,0,0,0,0,0,0,0,0,0,0,0,0,0,0,0,0,0,0,0,0,0,0,0,0,0,0,0,0,0,0,0,0,0,0,0,0,0,0,0,0,0,0,0,0,0,0,0,0,0,0,0,0,0,0,0,0,0,0,0,0,0,0,0,0,0,0,0,0,0,0,0,0,0,0,0,0,0,0,0,0,0,0,0,0,0,0,0,0,0,0,0,0,0,0,0,0,0,0,0,0,0,0,0,0,0,0,0,0,0,0,0,0,0,0,0,0,0,0,0,0,0,0,0,0,0,0,0,0,0,0,0,0,0,0,0,0,0,0,0,0,0,0,0,0,0,0,0,0,0,0,0,0,0,0,0,0,0,0,0,0,0,0,0,0,0,0,0,0,0,0,0,0,0,0,0,0,0,0,0,0,0,0,0,0,0,0,0,0,0,0,0,0,0,0,0,0,0,0,0,0,0,0,0,0,0,0,0,0,0,0,0,0,0,0,0,0,0,0,0,0,0,0,0,0,0,0,0,0,0,0,0,0,0,0,0,0,0,0,0,0,0,0,0,0,0,0,0,0,0,0,0,0,0,0,0,0,0,0,0,0,0,0,0,0,0,0,0,0,0,0,0,0,0,0,0,0,0,0,0,0,0,0,0,0,0,0,0,0,0,0,0,0,0,0,0,0,0,0,0,0,0,0,0,0,0,0,0,0,0,0,0,0,0,0,0,0,0,0,0,0,0,0,0,0,0,0,0
"manyara/hanang/gidahababieg",0,0,0,0,0,0,0,0,0,0,0,0,0,0,0,0,0,0,0,0,0,0,0,0,0,0,0,0,0,0,0,0,0,0,0,0,0,0,0,0,0,0,0,0,0,0,0,0,0,0,0,0,0,0,0,0,0,0,0,0,0,0,0,0,0,0,0,0,0,0,0,0,0,0,0,0,0,0,0,0,0,0,0,0,0,0,0,0,0,0,0,0,0,0,0,0,0,0,0,0,0,0,0,0,0,0,0,0,0,0,0,0,0,0,0,0,0,0,0,0,0,0,0,0,0,0,0,0,0,0,0,0,0,0,0,0,0,0,0,0,0,0,0,0,0,0,0,0,0,0,0,0,0,0,0,0,0,0,0,0,0,0,0,0,0,0,0,0,0,0,0,0,0,0,0,0,0,0,0,0,0,0,0,0,0,0,0,0,0,0,0,0,0,0,0,0,0,0,0,0,0,0,0,0,0,0,0,0,0,0,0,0,0,0,0,0,0,0,0,0,0,0,0,0,0,0,0,0,0,0,0,0,0,0,0,0,0,0,0,0,0,0,0,0,0,0,0,0,0,0,0,0,0,0,0,0,0,0,0,0,0,0,0,0,0,0,0,0,0,0,0,0,0,0,0,0,0,0,0,0,0,0,0,0,0,0,0,0,0,0,0,0,0,0,0,0,0,0,0,0,0,0,0,0,0,0,0,0,0,0,0,0,0,0,0,0,0,0,0,0,0,0,0,0,0,0,0,0,0,0,0,0,0,0,0,0,0,0,0,0,0,0,0,0,0,0,0,0,0,0,0,0,0,0,0,0,0,0,0,0,0,0,0,0,0,0,0,0,0,0,0,0,0,0,0,0,0,0,0,0,0,0,0,0,0,0,0,0,0,0,0,0,0,0,0,0,0,0
"manyara/babati/gidas",1.1e-05,4e-06,1e-06,2.5e-05,4.1e-05,5e-05,3e-06,3e-06,0.000209,0.006571,0.000195,1.3e-05,8e-06,0.000122,0.000106,7e-06,1e-05,0.000168,1.1e-05,4.1e-05,1e-06,8e-06,0.000187,1e-06,1e-06,0,0.000145,3e-06,1e-06,2e-06,4.5e-05,5e-06,1e-06,1e-06,1.3e-05,9.8e-05,1.2e-05,0.002305,1.6e-05,2.3e-05,9e-06,2.4e-05,0.000121,0.000447,2.9e-05,0.000223,5e-06,0.002872,0.000846,5e-06,7e-06,3e-06,3e-06,8e-06,0.006705,4.6e-05,2e-06,1.5e-05,5.5e-05,0.000895,2.8e-05,8.1e-05,4.4e-05,1.2e-05,0,8.3e-05,4e-05,3e-06,2.9e-05,0.001575,2e-06,5e-06,2e-06,7e-05,4.7e-05,4.8e-05,6e-06,1.2e-05,4e-06,5e-06,1e-04,0,1e-05,2.1e-05,9.3e-05,4e-06,0.000358,8e-06,0.000192,0.000206,4.2e-05,6e-06,0.000333,5.8e-05,2e-06,0.000336,2.1e-05,0,0.000161,3.9e-05,6e-06,2e-06,3.7e-05,1.8e-05,5e-06,0.000188,4e-06,3.2e-05,1.2e-05,0.000298,1.5e-05,9.5e-05,0.000761,0,1e-06,1e-06,0.000131,3e-06,0.000177,1.6e-05,9e-06,0.000305,1e-06,4e-06,0,1.5e-05,9.3e-05,0.000624,4.4e-05,1e-06,1e-06,3.6e-05,7.5e-05,7e-06,0,6.6e-05,4e-06,2.1e-05,0.000345,5.1e-05,2.4e-05,1e-06,2.3e-05,5e-06,2e-06,6.1e-05,3.8e-05,7.8e-05,6.4e-05,2.1e-05,1e-06,1e-06,2e-06,1e-06,5.8e-05,0.000752,4e-06,6e-06,1e-05,0.002596,1.1e-05,0.000379,0,3e-06,8e-06,1e-05,1.6e-05,1.2e-05,0.000135,7e-06,3.1e-05,0.000284,0.001989,3.4e-05,5e-06,0.000196,0.000924,1e-06,5.1e-05,4.8e-05,0,4e-06,0.000119,9e-06,0.000321,0.006362,1e-06,1e-06,0.000165,4.9e-05,1.4e-05,0.00022,6.9e-05,1.2e-05,0.001013,6e-06,1e-06,2.4e-05,6e-05,1e-06,0.000206,6.4e-05,6.4e-05,1e-06,8.5e-05,7e-06,0.00056,0.000301,5.5e-05,1e-06,1e-06,2.3e-05,0.000178,1e-06,2e-06,1.5e-05,2e-06,0.000772,7e-06,4.5e-05,1.4e-05,1e-06,5.8e-05,1e-06,0.000199,4e-06,0.000274,2e-06,1.7e-05,4.4e-05,6.5e-05,8e-06,0.000214,0.000284,2.4e-05,0,1e-06,4.1e-05,6.2e-05,1e-06,2.4e-05,0.003391,0,0.001452,1e-06,1e-06,3e-06,9.8e-05,2.8e-05,1.4e-05,0.000642,0.000674,2e-06,0.000177,4.2e-05,3.1e-05,1e-06,6e-06,1e-06,1e-06,1e-06,2.4e-05,2e-06,1e-06,0.000249,4e-06,1.5e-05,0.00023,1.3e-05,0.00013,0.000184,0.000153,1e-06,1e-06,0.000482,2e-06,3.5e-05,0.000129,8e-06,1.2e-05,1e-05,1e-06,0.001356,2.6e-05,3e-06,7.3e-05,2.4e-05,3e-06,3.5e-05,1e-06,1.8e-05,1.1e-05,3e-06,0.000521,1.3e-05,2.2e-05,0.000201,3e-06,3.5e-05,5.6e-05,0,0,1e-06,1.4e-05,5e-06,0.001317,1.4e-05,2e-06,1e-06,1e-06,2e-04,3e-05,1.8e-05,1e-06,9e-06,2e-06,2e-06,0.000407,0.000269,0.000302,3.8e-05,0.00022,2.7e-05,0.00011,0.001575,5.5e-05,6.8e-05,5e-06,6e-06,4.4e-05,6.6e-05,2.8e-05,0.001509,0.000151,0.00013,5e-06,5e-06,7e-06,0.000443,5e-05,2e-06,1e-06,2e-06,0.00017,0.000148,2.8e-05,1.5e-05,7.1e-05,0.000104,2e-05,3e-06,6.4e-05,6e-06,0.000804,0.000121,9.2e-05,0.000105,5e-06,2e-06,1.3e-05,4.4e-05,8.4e-05,6.3e-05,3.4e-05,4e-06,0.000515,0.000154,0.000339,5e-06,4.9e-05,5e-06,0,1e-06,8e-06,2e-06,3.8e-05,5.1e-05,1e-06,0.000226,5e-06,0,1.3e-05,0.00054,0.000183,2e-06,1.4e-05,1e-06,0.000125,2.3e-05,1e-06,0.000199,1e-06,1e-06,2e-06,0,0,1e-05,4e-06
"manyara/mbulu/gidihim",0,0,0,0,0,0,0,0,0,0,0,0,0,0,0,0,0,0,0,0,0,0,0,0,0,0,0,0,0,0,0,0,0,0,0,0,0,0,0,0,0,0,0,0,0,0,0,0,0,0,0,0,0,0,0,0,0,0,0,0,0,0,0,0,0,0,0,0,0,0,0,0,0,0,0,0,0,0,0,0,0,0,0,0,0,0,0,0,0,0,0,0,0,0,0,0,0,0,0,0,0,0,0,0,0,0,0,0,0,0,0,0,0,0,0,0,0,0,0,0,0,0,0,0,0,0,0,0,0,0,0,0,0,0,0,0,0,0,0,0,0,0,0,0,0,0,0,0,0,0,0,0,0,0,0,0,0,0,0,0,0,0,0,0,0,0,0,0,0,0,0,0,0,0,0,0,0,0,0,0,0,0,0,0,0,0,0,0,0,0,0,0,0,0,0,0,0,0,0,0,0,0,0,0,0,0,0,0,0,0,0,0,0,0,0,0,0,0,0,0,0,0,0,0,0,0,0,0,0,0,0,0,0,0,0,0,0,0,0,0,0,0,0,0,0,0,0,0,0,0,0,0,0,0,0,0,0,0,0,0,0,0,0,0,0,0,0,0,0,0,0,0,0,0,0,0,0,0,0,0,0,0,0,0,0,0,0,0,0,0,0,0,0,0,0,0,0,0,0,0,0,0,0,0,0,0,0,0,0,0,0,0,0,0,0,0,0,0,0,0,0,0,0,0,0,0,0,0,0,0,0,0,0,0,0,0,0,0,0,0,0,0,0,0,0,0,0,0,0,0,0,0,0,0,0,0,0,0,0,0,0,0,0,0,0,0,0,0,0,0,0,0,0,0,0,0,0,0,0,0,0,0,0,0,0,0,0,0,0,0,0,0,0,0,0,0,0,0
"manyara/hanang/gisambalang",9e-05,3.1e-05,1.2e-05,0.000178,8.7e-05,0.000502,1.2e-05,1.3e-05,0.000113,0.01228,0.000276,0.000848,6.6e-05,0.00101,0.000844,3.6e-05,4.6e-05,0.000484,9.5e-05,0.00044,1.5e-05,5.3e-05,0.000124,1e-05,1.2e-05,3e-06,0.000149,1.8e-05,1e-05,1.8e-05,0.000568,8.4e-05,7e-06,8e-06,6e-05,0.00028,9.7e-05,0.00379,5.7e-05,0.000241,5.9e-05,0.001212,0.001362,0.001597,0.000367,0.000138,3.8e-05,0.022888,0.004917,2.3e-05,2.3e-05,2.1e-05,1.9e-05,6.9e-05,0.007783,0.000129,1.5e-05,5.6e-05,0.00058,0.005643,0.000198,0.000475,4e-04,0.000197,0,0.000672,0.000305,3.2e-05,0.000176,0.004349,1.2e-05,8e-05,1.7e-05,0.000322,0.001062,0.00033,5.1e-05,0.000129,7e-05,6.2e-05,0.000109,0.000628,5.8e-05,0,0.000551,1.4e-05,0.003428,7.3e-05,0.001559,0.001711,0.000205,6.7e-05,0.003548,0.000492,2.1e-05,0.001618,0.000202,5e-06,0.001641,0.000409,2.5e-05,1.9e-05,0.000441,0.000148,4.9e-05,0.001956,2e-05,0.000319,0.000116,0.001371,0.000143,0.001005,0.010491,4e-06,1.5e-05,1.1e-05,0.001226,4.4e-05,0.001801,0.000162,6e-05,0.003102,1.2e-05,4.5e-05,5e-06,0.000183,0.000914,0.003959,0.00038,1.2e-05,1e-05,0.000268,0.000788,7.3e-05,3e-06,0.000547,3e-05,0.000216,0.00345,0.000511,0.000225,1e-05,0.000189,4.8e-05,2.1e-05,0.000654,7.3e-05,0.000803,0.000659,0.000221,1e-05,1e-05,1.7e-05,1.6e-05,0.000668,0.005713,3.2e-05,3.8e-05,0.000119,0.025678,0.000119,0.001951,4e-06,3.3e-05,0.000118,0.000996,0.000159,0.000112,0.001092,7e-05,0.000321,0.001369,0.016027,0.000354,5e-05,0.000994,0.003682,9e-06,0.000517,0.000632,6e-06,4.7e-05,0.001399,8.9e-05,0.003193,0.091527,6e-06,1.2e-05,0.001632,0.000486,0.000137,0.000718,0.000232,7.3e-05,0.002454,9.4e-05,1.2e-05,5.6e-05,0.00061,7e-06,0.001831,0.000631,0.00052,8e-06,0.000897,6.4e-05,0.005881,0.001304,0.000524,1.4e-05,1.3e-05,6.2e-05,0.00191,5e-06,1.1e-05,0.000178,1.2e-05,0.00828,7.4e-05,0.000468,7.5e-05,9e-06,0.000104,1.2e-05,0.001926,4.3e-05,0.002707,2.4e-05,0.000101,0.000212,8.6e-05,3e-05,0.002174,0.002179,0.000442,1e-06,1.4e-05,0.00025,0.000316,1e-05,0.000211,0.033771,5e-06,0.010978,8e-06,1e-05,3.4e-05,0.00081,0.000543,0.000102,0.005261,0.003865,1.4e-05,0.001457,0.000433,0.00036,1.4e-05,6.1e-05,8e-06,1.1e-05,8e-06,0.000165,1.1e-05,1e-05,0.001112,3.8e-05,5.4e-05,0.001789,3e-05,0.000524,0.001488,0.001598,1e-05,1.1e-05,0.005087,2.6e-05,0.000418,0.000811,3.2e-05,9.5e-05,9e-05,9e-06,0.013652,0.000104,3.8e-05,8.9e-05,0.000284,2.9e-05,0.000163,1e-05,0.000224,0.000114,3.2e-05,0.00432,0.000136,0.00022,0.001283,2.8e-05,0.000351,0.000429,5e-06,4e-06,9e-06,0.00015,7.3e-05,0.004356,0.000122,1.6e-05,1e-05,1.1e-05,0.001112,0.000189,0.000299,8e-06,8.9e-05,1.1e-05,1.6e-05,0.002556,0.002863,0.001617,0.000278,0.001834,0.000259,0.001117,0.009102,0.000425,0.000514,4.4e-05,6.8e-05,0.000359,0.000549,0.000224,0.010159,0.001633,0.000942,5.1e-05,4.6e-05,7e-05,0.003799,0.000204,1.2e-05,8e-06,1.1e-05,0.000126,0.001613,0.000335,0.00015,0.000601,0.001136,0.000209,1.3e-05,0.000615,4.8e-05,0.006569,0.000611,0.000652,0.000634,5.4e-05,2e-05,0.000132,8e-05,0.00032,8.7e-05,0.00039,4.5e-05,0.004284,0.000872,0.002719,9.3e-05,0.000434,5e-05,3e-06,1.4e-05,9.1e-05,2.3e-05,0.000295,0.000245,1e-05,0.001564,2.4e-05,6e-06,5.6e-05,0.00574,0.001277,1.1e-05,0.000116,1.1e-05,0.001262,0.000233,8e-06,0.001718,9e-06,1.1e-05,2.3e-05,3e-06,5e-06,4.6e-05,2.7e-05
"manyara/hanang/giting",0,0,0,0,0,0,0,0,0,0,0,0,0,0,0,0,0,0,0,0,0,0,0,0,0,0,0,0,0,0,0,0,0,0,0,0,0,0,0,0,0,0,0,0,0,0,0,0,0,0,0,0,0,0,0,0,0,0,0,0,0,0,0,0,0,0,0,0,0,0,0,0,0,0,0,0,0,0,0,0,0,0,0,0,0,0,0,0,0,0,0,0,0,0,0,0,0,0,0,0,0,0,0,0,0,0,0,0,0,0,0,0,0,0,0,0,0,0,0,0,0,0,0,0,0,0,0,0,0,0,0,0,0,0,0,0,0,0,0,0,0,0,0,0,0,0,0,0,0,0,0,0,0,0,0,0,0,0,0,0,0,0,0,0,0,0,0,0,0,0,0,0,0,0,0,0,0,0,0,0,0,0,0,0,0,0,0,0,0,0,0,0,0,0,0,0,0,0,0,0,0,0,0,0,0,0,0,0,0,0,0,0,0,0,0,0,0,0,0,0,0,0,0,0,0,0,0,0,0,0,0,0,0,0,0,0,0,0,0,0,0,0,0,0,0,0,0,0,0,0,0,0,0,0,0,0,0,0,0,0,0,0,0,0,0,0,0,0,0,0,0,0,0,0,0,0,0,0,0,0,0,0,0,0,0,0,0,0,0,0,0,0,0,0,0,0,0,0,0,0,0,0,0,0,0,0,0,0,0,0,0,0,0,0,0,0,0,0,0,0,0,0,0,0,0,0,0,0,0,0,0,0,0,0,0,0,0,0,0,0,0,0,0,0,0,0,0,0,0,0,0,0,0,0,0,0,0,0,0,0,0,0,0,0,0,0,0,0,0,0,0,0,0,0,0,0,0,0,0,0,0,0,0,0,0,0,0,0,0,0,0,0,0,0,0,0,0,0
"manyara/mbulu/gunyoda",0,0,0,0,0,0,0,0,0,0,0,0,0,0,0,0,0,0,0,0,0,0,0,0,0,0,0,0,0,0,0,0,0,0,0,0,0,0,0,0,0,0,0,0,0,0,0,0,0,0,0,0,0,0,0,0,0,0,0,0,0,0,0,0,0,0,0,0,0,0,0,0,0,0,0,0,0,0,0,0,0,0,0,0,0,0,0,0,0,0,0,0,0,0,0,0,0,0,0,0,0,0,0,0,0,0,0,0,0,0,0,0,0,0,0,0,0,0,0,0,0,0,0,0,0,0,0,0,0,0,0,0,0,0,0,0,0,0,0,0,0,0,0,0,0,0,0,0,0,0,0,0,0,0,0,0,0,0,0,0,0,0,0,0,0,0,0,0,0,0,0,0,0,0,0,0,0,0,0,0,0,0,0,0,0,0,0,0,0,0,0,0,0,0,0,0,0,0,0,0,0,0,0,0,0,0,0,0,0,0,0,0,0,0,0,0,0,0,0,0,0,0,0,0,0,0,0,0,0,0,0,0,0,0,0,0,0,0,0,0,0,0,0,0,0,0,0,0,0,0,0,0,0,0,0,0,0,0,0,0,0,0,0,0,0,0,0,0,0,0,0,0,0,0,0,0,0,0,0,0,0,0,0,0,0,0,0,0,0,0,0,0,0,0,0,0,0,0,0,0,0,0,0,0,0,0,0,0,0,0,0,0,0,0,0,0,0,0,0,0,0,0,0,0,0,0,0,0,0,0,0,0,0,0,0,0,0,0,0,0,0,0,0,0,0,0,0,0,0,0,0,0,0,0,0,0,0,0,0,0,0,0,0,0,0,0,0,0,0,0,0,0,0,0,0,0,0,0,0,0,0,0,0,0,0,0,0,0,0,0,0,0,0,0,0,0,0,0
"kilimanjaro/hai/haimjini",1e-06,0,0,0,0,1.2e-05,0,0,0,0,0,0,0,6e-06,0,0,0,0,0,0,0,2e-06,0,0,0,0,0,0,0,0,3e-06,0,0,0,0,0,0,0,0,0,0,0,0,0,0,0,0,9.6e-05,1e-06,0,0,0,0,0,0,0,0,0,0,1e-06,0,0,1e-06,0,0,3e-06,0,0,0,0,0,0,0,0,0,0,0,0,0,0,0,0,0,0,0,0,0,0,0,1e-06,0,0,3e-05,3e-06,0,0,9e-06,0,2.8e-05,5e-06,0,0,0,1e-06,2e-06,1.3e-05,0,2.1e-05,2e-06,0,6e-06,1.1e-05,0,0,0,0,0.00022,0,6.1e-05,5e-06,3e-06,8.9e-05,0,0,0,0,0,0.000134,5e-06,0,0,4e-06,7e-06,4e-06,0,3e-06,0,5e-06,7e-06,3.7e-05,1.3e-05,0,1e-06,3e-06,0,3e-06,0,1.6e-05,1.3e-05,4e-06,0,0,0,0,1e-06,1.2e-05,0,0,0,0.001298,1e-06,2e-06,0,0,0,0,1e-06,3e-06,5e-06,0,0,1e-06,7.4e-05,0,2e-06,0,1e-06,0,2.8e-05,0,0,0,1e-06,3e-06,0.000162,0.012265,0,0,0.000139,3.9e-05,1.1e-05,0,0,0,0,0,0,0,2.6e-05,0,3.8e-05,0,0,0,1e-05,3e-06,6.3e-05,0,0,0,0,0,1.5e-05,0,0,0,0,5.7e-05,1e-06,6e-06,0,0,0,1e-06,0.000541,3e-06,0.000135,3e-06,0,0,0,0,2e-06,6e-06,0,0,0,3e-06,0,0,4e-06,2.7e-05,0,3.1e-05,0,0,1e-06,6e-06,0,0,2.6e-05,6e-06,0,9e-06,4e-06,0,0,0,0,0,0,2e-06,0,0,0,0,0,4e-06,0,0,4e-06,1.1e-05,0,0,5.5e-05,0,0,1e-06,0,0,1e-06,0,2.7e-05,0,0,0,0,0,0,0,0,1e-06,0,3.5e-05,4e-06,4e-06,1.3e-05,0,1e-06,0,0,0,0,0,0,0,1e-06,0,0,0,4e-06,0,0,0,2e-06,0,0,1.5e-05,2.7e-05,5e-06,1e-06,7e-06,3.9e-05,7e-06,3.8e-05,0,0,0,0,1e-06,3e-06,1e-06,2.5e-05,0,0,0,2e-06,0,4e-05,0,0,0,0,0,2e-06,0,0,3e-06,2e-06,0,0,2.3e-05,0,3.3e-05,0,1e-06,3e-06,0,0,8e-06,0,0,0,0,0,2.6e-05,4e-06,1.1e-05,0,5e-06,3e-06,0,0,0,0,1e-06,0,0,8e-06,0,0,0,4.9e-05,0,0,1e-06,0,5.6e-05,7e-06,0,2.3e-05,0,0,0,0,0,0,0
"manyara/mbulu/hayderer",0,0,0,0,0,0,0,0,0,0,0,0,0,0,0,0,0,0,0,0,0,0,0,0,0,0,0,0,0,0,0,0,0,0,0,0,0,0,0,0,0,0,0,0,0,0,0,0,0,0,0,0,0,0,0,0,0,0,0,0,0,0,0,0,0,0,0,0,0,0,0,0,0,0,0,0,0,0,0,0,0,0,0,0,0,0,0,0,0,0,0,0,0,0,0,0,0,0,0,0,0,0,0,0,0,0,0,0,0,0,0,0,0,0,0,0,0,0,0,0,0,0,0,0,0,0,0,0,0,0,0,0,0,0,0,0,0,0,0,0,0,0,0,0,0,0,0,0,0,0,0,0,0,0,0,0,0,0,0,0,0,0,0,0,0,0,0,0,0,0,0,0,0,0,0,0,0,0,0,0,0,0,0,0,0,0,0,0,0,0,0,0,0,0,0,0,0,0,0,0,0,0,0,0,0,0,0,0,0,0,0,0,0,0,0,0,0,0,0,0,0,0,0,0,0,0,0,0,0,0,0,0,0,0,0,0,0,0,0,0,0,0,0,0,0,0,0,0,0,0,0,0,0,0,0,0,0,0,0,0,0,0,0,0,0,0,0,0,0,0,0,0,0,0,0,0,0,0,0,0,0,0,0,0,0,0,0,0,0,0,0,0,0,0,0,0,0,0,0,0,0,0,0,0,0,0,0,0,0,0,0,0,0,0,0,0,0,0,0,0,0,0,0,0,0,0,0,0,0,0,0,0,0,0,0,0,0,0,0,0,0,0,0,0,0,0,0,0,0,0,0,0,0,0,0,0,0,0,0,0,0,0,0,0,0,0,0,0,0,0,0,0,0,0,0,0,0,0,0,0,0,0,0,0,0,0,0,0,0,0,0,0,0,0,0,0,0,0
"manyara/mbulu/haydom",1.1e-05,7e-06,1e-06,5.6e-05,1.1e-05,5.5e-05,3e-06,4e-06,5e-06,0.000983,2.1e-05,1.1e-05,8e-06,0.000124,0.000868,1.2e-05,5.7e-05,0.000139,0.000163,0.000395,1e-06,9e-06,4e-06,1e-06,1e-06,0,8e-06,5e-06,0,2e-06,4.1e-05,3e-06,1e-06,1e-06,3e-05,4.7e-05,1.2e-05,0.000684,2.7e-05,4.4e-05,5.9e-05,7e-06,0.000117,0.001107,2.2e-05,8e-06,6e-06,0.002909,0.00043,1.1e-05,1.1e-05,9e-06,5e-06,0.000207,0.000443,7e-06,2e-06,4e-06,4.7e-05,0.00323,4.3e-05,0.000125,5.7e-05,9e-06,0,8.1e-05,4.2e-05,0.000104,3.3e-05,0.000359,3e-06,3e-06,2e-06,8.4e-05,0.00011,7.9e-05,9e-06,1.5e-05,8.2e-05,0.000655,3e-06,3e-05,3.4e-05,8e-06,4e-05,8e-06,0.000396,9.9e-05,0,0.000223,5e-06,0.000189,4e-04,6.3e-05,4e-06,0.00056,2.5e-05,1e-06,0.000179,4.5e-05,7e-06,1.1e-05,4.3e-05,1.8e-05,6e-06,0.000248,7e-06,3.6e-05,1.4e-05,0.000512,1.7e-05,0.000119,0.000399,0,2e-06,1e-06,0.000139,2e-06,0.000206,1.9e-05,1e-05,0.000367,1e-06,5e-06,1e-06,1.7e-05,8.1e-05,0.000661,4.4e-05,1e-06,1e-06,4.3e-05,8.6e-05,8e-06,0,6.7e-05,4e-06,2.5e-05,0.000498,5.9e-05,2.7e-05,1e-06,2.4e-05,6e-06,3e-06,6.9e-05,1.6e-05,9e-05,7.6e-05,2.5e-05,1e-06,1e-06,2e-06,2e-06,6.8e-05,0.000749,5e-06,9e-06,8e-06,0.002977,1.3e-05,0.000238,1e-06,3e-06,4.5e-05,1e-05,1.7e-05,1.4e-05,0.000133,7e-06,2.9e-05,0.000301,0.002015,3.1e-05,6e-06,8.1e-05,0.00057,1e-06,6e-05,4.2e-05,1e-06,1e-05,0.000126,1e-05,0.000381,0.00718,1e-06,1e-06,0.000191,5.8e-05,1.5e-05,0.000153,7.4e-05,0.00033,0.000373,5e-06,1e-06,6e-06,7e-05,2e-06,0.000219,2.9e-05,6.8e-05,1e-06,0.000104,8e-06,0.00066,0.000285,0.000121,2e-06,1e-06,7e-06,0.000218,1e-06,6e-06,1.8e-05,4e-06,0.000978,9e-06,5.4e-05,0.000135,1e-06,9e-06,1e-06,0.000226,5e-06,0.000325,3e-06,5.1e-05,8e-06,5e-06,2.4e-05,0.000354,0.000269,1.6e-05,0,2e-06,3.9e-05,9.5e-05,1e-06,2.3e-05,0.002779,1e-06,0.001583,1e-06,1e-06,4e-06,9.6e-05,2.4e-05,1.2e-05,0.00066,0.000806,2e-06,0.000176,5.3e-05,3.4e-05,2e-06,7e-06,1e-06,1e-06,1e-06,2.4e-05,2e-06,1e-06,0.000337,6e-06,1.3e-05,0.000239,3e-06,6.6e-05,2e-04,0.000169,1e-06,1e-06,0.000579,3e-06,4e-05,9.3e-05,7e-06,2.2e-05,1e-05,2e-06,0.001971,2.8e-05,3e-06,8e-06,6e-06,3e-06,5.1e-05,1e-06,1.1e-05,1.5e-05,3e-06,0.000497,1.5e-05,2.8e-05,0.000232,3e-06,3.4e-05,0.000139,1e-06,0,1e-06,1.5e-05,3e-06,0.000966,1.5e-05,2e-06,1e-06,1e-06,0.000197,7.7e-05,1e-05,1e-06,1e-05,3e-06,4e-06,0.00048,0.000339,0.000261,2.9e-05,0.000244,3.1e-05,0.000146,0.001665,0.000118,0.00014,5e-06,1.3e-05,4.6e-05,6.9e-05,2.9e-05,0.002075,0.000298,0.000103,3e-06,5e-06,1.3e-05,0.00046,1e-05,3e-06,1e-06,3e-06,1.3e-05,0.000148,2.9e-05,2.9e-05,7.8e-05,0.000111,3.9e-05,4e-06,7.5e-05,6e-06,0.000817,0.000154,9.1e-05,8.9e-05,6e-06,2e-06,1.5e-05,8e-06,6e-06,6e-06,3e-06,8e-06,0.000533,0.000151,0.000338,4e-06,5.4e-05,6e-06,0,1e-06,8e-06,3e-06,3.5e-05,3.2e-05,1e-06,0.000299,9e-06,1e-06,1.8e-05,0.000686,0.000462,3e-06,1.4e-05,1e-06,0.000146,2.7e-05,1e-06,0.000204,1e-06,1e-06,2e-06,0,1e-06,1.9e-05,3e-05
"kilimanjaro/same/hedaru",2e-06,0,1e-06,2e-06,0,3.1e-05,0,0,0,7e-06,0,0,1e-06,1.7e-05,1e-06,0,0,0,0,0,5.1e-05,2e-06,0,0,2.8e-05,0,0,0,0,0.000138,7e-06,0,1.9e-05,1e-06,0,0,1e-06,2e-06,0,2e-06,0,0,2.1e-05,1e-06,2e-06,0,0,0.000332,2.9e-05,0,0,0,0,0,1e-06,0,0,0,0.000104,2.7e-05,3e-06,5e-06,5e-06,1e-06,0,1.1e-05,3e-06,0,1e-06,9e-06,0,0,0,0,0,4e-06,0,0,0,0,0,0,0,0,0,0,0.000119,0,1e-06,0,0,0,0.000248,8e-06,0,2e-06,6e-06,1e-06,0.000114,3e-05,0,0,0.000793,2e-06,2e-06,5.1e-05,0,1.4e-05,2e-06,6e-06,4e-06,4.3e-05,1e-06,0,1e-06,1e-06,4.1e-05,0,8.7e-05,6e-06,3e-06,0.000119,2e-06,6e-06,1e-06,0.000794,3.1e-05,0.000138,8e-06,1e-06,1e-06,2.4e-05,6.8e-05,3e-06,1e-06,9e-06,0,1.1e-05,5e-05,2e-05,6e-06,0.000136,3e-06,2e-06,1e-06,0.000103,0,4.7e-05,3.3e-05,1.3e-05,0,2e-06,1e-06,1.1e-05,0.00041,6.4e-05,2e-06,1e-06,1.1e-05,0.001207,1.2e-05,4.1e-05,0,7e-06,0,0,1.6e-05,2e-06,1.7e-05,1.1e-05,1e-05,1.3e-05,0.000239,9.6e-05,1e-06,9e-06,2.8e-05,0,2.3e-05,2.7e-05,2.1e-05,0,0.01452,5e-06,0.000108,0.002575,0,0,5.9e-05,1.6e-05,6e-06,0,1e-06,0,5e-06,1e-06,1e-06,0,2.9e-05,0,4e-05,4e-06,0.003131,0,4.5e-05,2e-06,0.000413,9e-06,3e-06,1e-06,1e-06,0,0.000122,0,0,0.000216,0,4e-04,4e-06,2.6e-05,0,0,0,0,6.4e-05,1e-06,8.5e-05,1e-06,0,0,0,0,2.3e-05,2.8e-05,1e-06,0,1e-06,9e-06,2e-06,1e-06,7e-06,0.00017,0,0.003815,9e-06,0,2e-06,1.4e-05,0,1e-06,7.9e-05,5.6e-05,0,2.4e-05,1.3e-05,0.001971,1e-06,7e-06,0,1.3e-05,1.3e-05,1.6e-05,0,3e-05,6e-06,0,0,2e-05,0,1e-06,1.8e-05,0.000176,1e-06,1.4e-05,0.000318,1e-06,0.002275,5.2e-05,0,0,4e-06,0,0.000205,0,1e-06,0,0,1e-06,0,0,3e-06,3e-06,0.000109,8.5e-05,7e-06,5e-06,3.3e-05,0,4.4e-05,2e-06,0,1e-06,0,5.2e-05,0,1.5e-05,2e-06,0,0,0,2.1e-05,1e-06,1e-06,0,4e-06,0,0,5.7e-05,0.000126,3.3e-05,4e-06,2.5e-05,8e-06,2.4e-05,0.000183,4e-06,6e-06,1e-06,1e-06,5e-06,9e-06,3e-06,0.000202,1.4e-05,0.00015,1e-06,2e-06,1e-06,7.2e-05,0,0,0,0,0,0.000993,0.000363,1e-06,9e-06,0.00055,2e-06,0,1.6e-05,1e-06,0.000101,5e-06,5e-06,2.9e-05,7e-06,1e-06,6e-06,0,0,0,0,0,6.9e-05,1.8e-05,3.9e-05,1e-06,8e-06,2e-06,2e-06,8.9e-05,2e-06,1e-06,4e-06,4e-06,0,4e-05,0,1e-06,0,0.000239,0,0,2e-06,0,5.4e-05,1e-05,0,3.5e-05,0,1.9e-05,4.6e-05,2e-06,4.5e-05,0,0
"manyara/hanang/hidet",0,0,0,0,0,0,0,0,0,0,0,0,0,0,0,0,0,0,0,0,0,0,0,0,0,0,0,0,0,0,0,0,0,0,0,0,0,0,0,0,0,0,0,0,0,0,0,0,0,0,0,0,0,0,0,0,0,0,0,0,0,0,0,0,0,0,0,0,0,0,0,0,0,0,0,0,0,0,0,0,0,0,0,0,0,0,0,0,0,0,0,0,0,0,0,0,0,0,0,0,0,0,0,0,0,0,0,0,0,0,0,0,0,0,0,0,0,0,0,0,0,0,0,0,0,0,0,0,0,0,0,0,0,0,0,0,0,0,0,0,0,0,0,0,0,0,0,0,0,0,0,0,0,0,0,0,0,0,0,0,0,0,0,0,0,0,0,0,0,0,0,0,0,0,0,0,0,0,0,0,0,0,0,0,0,0,0,0,0,0,0,0,0,0,0,0,0,0,0,0,0,0,0,0,0,0,0,0,0,0,0,0,0,0,0,0,0,0,0,0,0,0,0,0,0,0,0,0,0,0,0,0,0,0,0,0,0,0,0,0,0,0,0,0,0,0,0,0,0,0,0,0,0,0,0,0,0,0,0,0,0,0,0,0,0,0,0,0,0,0,0,0,0,0,0,0,0,0,0,0,0,0,0,0,0,0,0,0,0,0,0,0,0,0,0,0,0,0,0,0,0,0,0,0,0,0,0,0,0,0,0,0,0,0,0,0,0,0,0,0,0,0,0,0,0,0,0,0,0,0,0,0,0,0,0,0,0,0,0,0,0,0,0,0,0,0,0,0,0,0,0,0,0,0,0,0,0,0,0,0,0,0,0,0,0,0,0,0,0,0,0,0,0,0,0,0,0,0,0,0,0,0,0,0,0,0,0,0,0,0,0,0,0,0,0,0,0,0
"manyara/hanang/hirbadaw",0.000104,6.1e-05,1.5e-05,0.000508,8.2e-05,0.000557,2.2e-05,2.5e-05,4.6e-05,0.008104,0.000174,0.000168,7.9e-05,0.001181,0.004519,7.5e-05,0.000261,0.000994,0.00126,0.005867,1.5e-05,9e-05,4.1e-05,1.1e-05,1.2e-05,3e-06,6.9e-05,3.3e-05,5e-06,1.8e-05,0.000393,3.8e-05,7e-06,9e-06,0.00021,0.000387,0.000113,0.005204,0.000174,0.000422,0.000256,9.2e-05,0.001354,0.006002,0.000257,6.8e-05,5.7e-05,0.027029,0.003935,7.3e-05,6.6e-05,6.1e-05,3.5e-05,0.000569,0.004211,6.4e-05,1.6e-05,3.4e-05,0.000492,0.023965,0.000415,0.001094,0.000546,0.000106,0,0.000769,0.000385,0.000334,0.000263,0.003271,2.5e-05,3e-05,2.2e-05,0.000563,0.001961,0.000746,8.5e-05,0.00016,0.006289,0.001303,3e-05,0.000282,0.000178,0.000106,0.000381,5e-05,0.003954,0.00046,0.056397,0.002402,4.8e-05,0,0.00413,6e-04,3.3e-05,0.003463,0.000245,5e-06,0.001836,0.000463,4.4e-05,7.9e-05,0.000462,0.000175,5.7e-05,0.002509,4.6e-05,0.00037,0.000142,0.003785,0.000173,0.001218,0.004743,4e-06,1.8e-05,1.4e-05,0.001389,2.2e-05,0.002094,0.000195,0.000102,0.003719,1.3e-05,4.9e-05,6e-06,0.000187,0.000911,0.006475,0.000425,1.4e-05,1.2e-05,0.000439,0.000887,8.5e-05,4e-06,0.000641,3.6e-05,0.000252,0.004868,0.000599,0.000263,1e-05,0.000225,5.6e-05,2.6e-05,0.000716,0.000114,0.000925,0.000774,0.000257,1.2e-05,1.1e-05,2.1e-05,1.6e-05,0.000723,0.00688,5.6e-05,8.1e-05,9.1e-05,0.029659,0.000134,0.002302,5e-06,3.5e-05,0.000988,0.000155,0.000172,0.000135,0.001262,7.5e-05,0.000329,0.002588,0.018884,0.000329,6.1e-05,0.00081,0.004992,1.3e-05,0.000604,0.000472,6e-06,9e-05,0.001356,0.000101,0.003829,0.069234,8e-06,1.5e-05,0.001928,0.000579,0.000157,0.001032,0.000526,0.00089,0.002998,5.7e-05,1.4e-05,4.7e-05,0.000708,1.3e-05,0.002138,0.000303,0.000726,9e-06,0.001073,7.7e-05,0.006774,0.002379,0.001057,1.7e-05,1.5e-05,6e-05,0.002247,6e-06,3.8e-05,0.000189,2.6e-05,0.010034,8.8e-05,0.000551,0.000559,1e-05,7.5e-05,1.4e-05,0.002258,5.1e-05,0.003263,2.7e-05,0.000298,7.7e-05,4.5e-05,0.00013,0.003412,0.002512,0.000188,1e-06,1.7e-05,0.000382,0.000769,1.2e-05,0.000226,0.024361,6e-06,0.016406,8e-06,1.1e-05,3.9e-05,0.000919,0.000299,0.000112,0.006243,0.007367,1.8e-05,0.001679,0.000541,0.000367,1.6e-05,6.8e-05,9e-06,1.1e-05,8e-06,0.000249,1.3e-05,1.1e-05,0.002611,5.7e-05,8.7e-05,0.002208,2.2e-05,0.000526,0.00187,0.001749,1.2e-05,1.1e-05,0.005942,3.1e-05,0.000428,0.000951,5e-05,0.000178,9.6e-05,1.5e-05,0.019207,0.000183,3.1e-05,7.2e-05,6.1e-05,3.5e-05,0.000322,1.2e-05,0.000123,0.000145,3.3e-05,0.004795,0.000157,0.000274,0.002252,3.3e-05,0.000353,0.001031,6e-06,4e-06,1e-05,0.000156,3.4e-05,0.007463,0.000144,1.9e-05,1.1e-05,1.4e-05,0.00185,0.00062,0.00011,9e-06,0.000104,2.5e-05,3.8e-05,0.004602,0.003477,0.002463,0.000276,0.002301,0.000304,0.001455,0.015589,0.001133,0.001337,5.1e-05,0.000125,0.000431,0.000654,0.000274,0.019843,0.002892,0.001083,3.8e-05,5.3e-05,0.00012,0.004437,9.1e-05,2.5e-05,9e-06,2e-05,0.000108,0.001566,0.000312,0.000272,0.000742,0.001168,0.000375,2.5e-05,0.000746,5.7e-05,0.007737,0.001297,0.000808,0.000884,6e-05,2.4e-05,0.000152,6.3e-05,6.5e-05,4.8e-05,3.6e-05,8.3e-05,0.005074,0.00143,0.00319,5.3e-05,0.000521,5.8e-05,3e-06,1.4e-05,9.2e-05,2.8e-05,0.00033,0.000306,1.2e-05,0.002941,5.4e-05,6e-06,0.000111,0.007021,0.003189,2.2e-05,0.000137,1.3e-05,0.001483,0.000275,9e-06,0.00198,1.1e-05,1.2e-05,2.4e-05,4e-06,6e-06,0.00011,0.000134
"kilimanjaro/rombo/holili",0,0,0,0,0,0,0,0,0,0,0,0,0,0,0,0,0,0,0,0,0,0,0,0,0,0,0,0,0,0,0,0,0,0,0,0,0,0,0,0,0,0,0,0,0,0,0,0,0,0,0,0,0,0,0,0,0,0,0,0,0,0,0,0,0,0,0,0,0,0,0,0,0,0,0,0,0,0,0,0,0,0,0,0,0,0,0,0,0,0,0,0,0,0,0,0,0,0,0,0,0,0,0,0,0,0,0,0,0,0,0,0,0,0,0,0,0,0,0,0,0,0,0,0,0,0,0,0,0,0,0,0,0,0,0,0,0,0,0,0,0,0,0,0,0,0,0,0,0,0,0,0,0,0,0,0,0,0,0,0,0,0,0,0,0,0,0,0,0,0,0,0,0,0,0,0,0,0,0,0,0,0,0,0,0,0,0,0,0,0,0,0,0,0,0,0,0,0,0,0,0,0,0,0,0,0,0,0,0,0,0,0,0,0,0,0,0,0,0,0,0,0,0,0,0,0,0,0,0,0,0,0,0,0,0,0,0,0,0,0,0,0,0,0,0,0,0,0,0,0,0,0,0,0,0,0,0,0,0,0,0,0,0,0,0,0,0,0,0,0,0,0,0,0,0,0,0,0,0,0,0,0,0,0,0,0,0,0,0,0,0,0,0,0,0,0,0,0,0,0,0,0,0,0,0,0,0,0,0,0,0,0,0,0,0,0,0,0,0,0,0,0,0,0,0,0,0,0,0,0,0,0,0,0,0,0,0,0,0,0,0,0,0,0,0,0,0,0,0,0,0,0,0,0,0,0,0,0,0,0,0,0,0,0,0,0,0,0,0,0,0,0,0,0,0,0,0,0,0,0,0,0,0,0,0,0,0,0,0,0,0,0,0,0,0,0,0,0
"arusha/arusha/ilkidinga",0,0,0,0,0,0,0,0,0,0,0,0,0,0,0,0,0,0,0,0,0,0,0,0,0,0,0,0,0,0,0,0,0,0,0,0,0,0,0,0,0,0,0,0,0,0,0,0,0,0,0,0,0,0,0,0,0,0,0,0,0,0,0,0,0,0,0,0,0,0,0,0,0,0,0,0,0,0,0,0,0,0,0,0,0,0,0,0,0,0,0,0,0,0,0,0,0,0,0,0,0,0,0,0,0,0,0,0,0,0,0,0,0,0,0,0,0,0,0,0,0,0,0,0,0,0,0,0,0,0,0,0,0,0,0,0,0,0,0,0,0,0,0,0,0,0,0,0,0,0,0,0,0,0,0,0,0,0,0,0,0,0,0,0,0,0,0,0,0,0,0,0,0,0,0,0,0,0,0,0,0,0,0,0,0,0,0,0,0,0,0,0,0,0,0,0,0,0,0,0,0,0,0,0,0,0,0,0,0,0,0,0,0,0,0,0,0,0,0,0,0,0,0,0,0,0,0,0,0,0,0,0,0,0,0,0,0,0,0,0,0,0,0,0,0,0,0,0,0,0,0,0,0,0,0,0,0,0,0,0,0,0,0,0,0,0,0,0,0,0,0,0,0,0,0,0,0,0,0,0,0,0,0,0,0,0,0,0,0,0,0,0,0,0,0,0,0,0,0,0,0,0,0,0,0,0,0,0,0,0,0,0,0,0,0,0,0,0,0,0,0,0,0,0,0,0,0,0,0,0,0,0,0,0,0,0,0,0,0,0,0,0,0,0,0,0,0,0,0,0,0,0,0,0,0,0,0,0,0,0,0,0,0,0,0,0,0,0,0,0,0,0,0,0,0,0,0,0,0,0,0,0,0,0,0,0,0,0,0,0,0,0,0,0,0,0,0,0
"arusha/longido/ilorienito",0,0,0,0,0,0,0,0,0,0,0,0,0,0,0,0,0,0,0,0,0,0,0,0,0,0,0,0,0,0,0,0,0,0,0,0,0,0,0,0,0,0,0,0,0,0,0,0,0,0,0,0,0,0,0,0,0,0,0,0,0,0,0,0,0,0,0,0,0,0,0,0,0,0,0,0,0,0,0,0,0,0,0,0,0,0,0,0,0,0,0,0,0,0,0,0,0,0,0,0,0,0,0,0,0,0,0,0,0,0,0,0,0,0,0,0,0,0,0,0,0,0,0,0,0,0,0,0,0,0,0,0,0,0,0,0,0,0,0,0,0,0,0,0,0,0,0,0,0,0,0,0,0,0,0,0,0,0,0,0,0,0,0,0,0,0,0,0,0,0,0,0,0,0,0,0,0,0,0,0,0,0,0,0,0,0,0,0,0,0,0,0,0,0,0,0,0,0,0,0,0,0,0,0,0,0,0,0,0,0,0,0,0,0,0,0,0,0,0,0,0,0,0,0,0,0,0,0,0,0,0,0,0,0,0,0,0,0,0,0,0,0,0,0,0,0,0,0,0,0,0,0,0,0,0,0,0,0,0,0,0,0,0,0,0,0,0,0,0,0,0,0,0,0,0,0,0,0,0,0,0,0,0,0,0,0,0,0,0,0,0,0,0,0,0,0,0,0,0,0,0,0,0,0,0,0,0,0,0,0,0,0,0,0,0,0,0,0,0,0,0,0,0,0,0,0,0,0,0,0,0,0,0,0,0,0,0,0,0,0,0,0,0,0,0,0,0,0,0,0,0,0,0,0,0,0,0,0,0,0,0,0,0,0,0,0,0,0,0,0,0,0,0,0,0,0,0,0,0,0,0,0,0,0,0,0,0,0,0,0,0,0,0,0,0,0,0,0
"manyara/mbulu/imboru",0.001671,0.001344,0.000146,0.00442,0.002,0.00612,0.022042,0.023731,0.000642,0.198213,0.004059,0.000296,0.001289,0.019533,0.065182,0.072449,0.004591,0.006929,0.000696,0.001972,0.000121,0.000813,0.000501,0.000123,1e-04,3.8e-05,0.001194,0.00488,3.2e-05,0.000147,0.009857,0.000225,5.7e-05,8.2e-05,0.007725,0.001873,0.001986,0.058174,0.059312,0.004642,0.003177,0.000208,0.005685,0.092738,0.001039,0.000918,0.001142,0.360795,0.084991,0.004637,0.072776,0.002242,0.002494,0.002184,0.021474,0.000428,0.00022,0.00088,0.004635,0.237792,0.003685,0.017364,0.008527,0.000635,4e-06,0.013251,0.008363,0.001075,0.013256,0.04766,0.001147,8.7e-05,0.000269,0.181742,0.001243,0.007513,0.001478,0.000382,0.000352,0.000725,0.000219,0.00199,0.00215,0.000316,0.001727,0.027452,0.046761,0.000998,0.021116,0.01376,0.000252,0.000427,0.039618,0.009762,0.000632,0,0.002966,5e-05,0.019231,0.004751,0.018862,0.001032,0.003683,0.003065,0.000625,0.026318,0.007092,0.00414,0.00192,0.128596,0.00208,0.012323,0.009127,7.4e-05,0.000185,0.000135,0.017329,0.000142,0.02239,0.002143,0.000812,0.039589,0.000126,0.000476,5.3e-05,0.001495,0.004389,0.061048,0.006399,0.000148,0.000121,0.003166,0.008895,0.000939,3.6e-05,0.010859,0.000625,0.002679,0.057662,0.006745,0.003497,8.3e-05,0.003983,0.000627,0.000258,0.00681,0.004406,0.009663,0.008077,0.002662,0.000126,0.000106,0.000206,0.000144,0.006027,0.130718,0.000391,0.000946,0.000756,0.268546,0.001315,0.02631,5.7e-05,0.000333,0.000302,0.000253,0.001779,0.001856,0.021836,0.000742,0.001524,0.053489,0.270028,0.003172,0.00074,0.00801,0.097235,0.000167,0.006685,0.003385,4.8e-05,0.001017,0.011055,0.001106,0.042688,0.6422,8.9e-05,0.000168,0.021864,0.006739,0.001789,0.028425,0.054606,0.00163,0.093494,0.000334,0.000137,0.001919,0.007735,0.000566,0.030274,0.002977,0.004356,0.000129,0.010756,0.001003,0.065221,0.060475,0.016407,0.000171,0.00015,0.001293,0.021703,6.4e-05,0.001538,0.00153,0.007785,0.092008,0.000907,0.005607,0.001774,0.000142,0.000888,0.000172,0.026781,0.000622,0.03721,0.000315,0.040761,0.000395,0.000425,0.010424,0.041175,0.047763,0.001094,1e-05,0.000177,0.003976,0.018419,0.000115,0.003077,0.571549,6.3e-05,0.102466,7.1e-05,0.000122,0.000426,0.014968,0.000652,0.002313,0.101027,0.098141,0.000394,0.027883,0.005723,0.003022,0.000164,0.000667,9.8e-05,9.4e-05,7.2e-05,0.001971,0.00059,8.9e-05,0.084663,8e-04,0.010191,0.043574,0.000731,0.029276,0.034653,0.01741,0.000111,9.4e-05,0.057381,0.000312,0.003473,0.007959,0.013381,0.00529,0.001174,0.00034,0.197172,0.055117,0.00014,0.001202,0.000241,0.000362,0.003701,0.000146,0.00098,0.001712,0.000269,0.072587,0.001702,0.003324,0.02286,0.000583,0.003704,0.032472,5.5e-05,3.7e-05,0.000115,0.001451,0.000236,0.278605,0.00234,0.000285,0.000183,0.000152,0.024289,0.008737,0.000717,9.6e-05,0.001111,0.001156,0.000305,0.048441,0.034122,0.031819,0.005131,0.039644,0.003826,0.0165,0.172309,0.008048,0.010027,0.000875,0.001129,0.007774,0.011039,0.005044,0.170119,0.02908,0.007348,0.000181,0.000585,0.001643,0.065869,0.001586,0.001395,9.9e-05,0.001001,0.001331,0.014246,0.002463,0.003309,0.012302,0.010621,0.004195,0.022389,0.009381,0.000892,0.122753,0.027563,0.0206,0.008608,0.000583,0.000239,0.001702,0.001854,0.000261,0.001032,0.000197,0.000788,0.080413,0.017851,0.055515,0.000306,0.007857,0.000647,3.1e-05,0.000115,0.000405,0.000289,0.005969,0.004176,0.000204,0.025567,0.015655,5.5e-05,0.004661,0.067215,0.012866,0.027979,0.002424,0.000142,0.016209,0.002956,9.9e-05,0.02944,0.000111,9.9e-05,0.000203,3.3e-05,4.4e-05,0.008032,0.002673
"kilimanjaro/siha/ivaeny",6e-06,0,1e-06,0,0,4.2e-05,0,0,0,2e-06,0,0,4e-06,5.5e-05,0,0,0,0,0,0,0,8.1e-05,0,2e-06,0,1e-06,0,0,0,0,1.9e-05,0,0,0,0,0,4e-06,0,0,1e-06,0,0,1e-06,0,0,0,0,0.000888,1.1e-05,0,0,0,0,0,0,0,1e-06,0,2e-06,6e-06,4e-06,3e-06,1.6e-05,0,0,2.6e-05,5e-06,0,0,1e-06,0,0,3.1e-05,0,0,3e-06,0,0,0,0,0,0,0,0,0,0,0.001313,0,0,7e-06,0,0,0.000221,3.4e-05,0,1e-06,0,0,0.000122,2.8e-05,0,0,2e-06,6e-06,9e-06,3e-04,0,8.5e-05,5e-05,2e-06,0.002832,0.000134,0,0,2e-06,1e-06,0.000263,0,0.00034,7.3e-05,3.8e-05,0.001151,0,1e-06,0,1e-06,1e-06,0.000768,2.7e-05,2e-06,1e-06,2.4e-05,4.2e-05,1.8e-05,0,2.7e-05,1e-06,3.5e-05,0.000119,0.000199,7.8e-05,0,8e-06,1.8e-05,2e-06,1.6e-05,0,8.9e-05,9.7e-05,2.4e-05,1e-06,0,1e-06,0,5e-06,0.000112,3e-06,1e-06,0,0.005686,5e-06,1e-05,1e-06,1e-06,0,0,6e-06,4e-05,4.3e-05,2e-06,0,8e-06,0.000675,2e-06,0.000241,1e-06,1e-05,0,0.000142,1e-06,0,0,6e-06,1.1e-05,0.003341,0.029552,6e-06,9e-06,0.001053,0.000585,2.6e-05,0,0,0,1e-06,0,1e-06,0,0.000126,0,0.00029,0,3e-06,1e-06,9.6e-05,6e-05,0.000412,5e-06,1e-06,1e-06,1e-06,0,0.000123,0,0,1e-06,0,0.00062,1e-05,5e-05,0,1e-06,0,3.7e-05,0.001453,0.000173,0.005969,4e-06,0,0,0,0,2e-05,5e-05,0,0,3e-06,1.3e-05,1e-06,1e-06,1.3e-05,0.000229,1e-06,0.000185,0,2e-06,6e-06,4.1e-05,0,1e-06,0.000244,7.3e-05,0,6.9e-05,9.3e-05,2e-06,1e-06,2e-06,1e-06,0,0,8e-06,0,0,2e-06,1e-06,0,4e-05,0,0,4.5e-05,5.9e-05,0,0,0.000408,2e-06,2e-06,4e-06,0,0,5e-06,0,0.000461,0,0,0,0,4e-06,0,5.1e-05,0,5e-05,0,0.000217,2.4e-05,0.000235,0.00021,1e-06,6e-06,1e-06,0,0,2e-06,2e-06,0,4e-06,8e-06,2e-06,1e-06,6e-06,3.2e-05,0,0,1e-06,1.6e-05,0,0,0.000223,0.00031,3.2e-05,3e-06,7.7e-05,0.000184,0.000188,0.000393,1e-06,2e-06,2e-06,0,1.4e-05,2.9e-05,8e-06,0.00043,6e-06,3e-06,0,9e-06,0,0.000337,0,0,2e-06,0,0,1.2e-05,1e-06,1e-06,3.6e-05,1.2e-05,1e-06,0,0.001384,4e-06,0.000303,3e-06,6e-06,1.3e-05,2e-06,2e-06,3e-05,0,0,0,0,0,0.000244,3.2e-05,9.8e-05,0,5.4e-05,1.1e-05,0,0,0,3e-06,8e-06,1e-06,0,0.000171,0,0,0,0.000615,0,0,5e-06,3e-06,0.000377,5.3e-05,2e-06,0.000164,1e-06,0,0,0,0,0,0
"kilimanjaro/mwanga/jipe",0,0,0,0,0,0,0,0,0,0,0,0,0,0,0,0,0,0,0,0,0,0,0,0,0,0,0,0,0,0,0,0,0,0,0,0,0,0,0,0,0,0,0,0,0,0,0,0,0,0,0,0,0,0,0,0,0,0,0,0,0,0,0,0,0,0,0,0,0,0,0,0,0,0,0,0,0,0,0,0,0,0,0,0,0,0,0,0,0,0,0,0,0,0,0,0,0,0,0,0,0,0,0,0,0,0,0,0,0,0,0,0,0,0,0,0,0,0,0,0,0,0,0,0,0,0,0,0,0,0,0,0,0,0,0,0,0,0,0,0,0,0,0,0,0,0,0,0,0,0,0,0,0,0,0,0,0,0,0,0,0,0,0,0,0,0,0,0,0,0,0,0,0,0,0,0,0,0,0,0,0,0,0,0,0,0,0,0,0,0,0,0,0,0,0,0,0,0,0,0,0,0,0,0,0,0,0,0,0,0,0,0,0,0,0,0,0,0,0,0,0,0,0,0,0,0,0,0,0,0,0,0,0,0,0,0,0,0,0,0,0,0,0,0,0,0,0,0,0,0,0,0,0,0,0,0,0,0,0,0,0,0,0,0,0,0,0,0,0,0,0,0,0,0,0,0,0,0,0,0,0,0,0,0,0,0,0,0,0,0,0,0,0,0,0,0,0,0,0,0,0,0,0,0,0,0,0,0,0,0,0,0,0,0,0,0,0,0,0,0,0,0,0,0,0,0,0,0,0,0,0,0,0,0,0,0,0,0,0,0,0,0,0,0,0,0,0,0,0,0,0,0,0,0,0,0,0,0,0,0,0,0,0,0,0,0,0,0,0,0,0,0,0,0,0,0,0,0,0,0,0,0,0,0,0,0,0,0,0,0,0,0,0,0,0,0,0,0
"kilimanjaro/moshi/kahe",0,0,0,0,0,0,0,0,0,0,0,0,0,0,0,0,0,0,0,0,0,0,0,0,0,0,0,0,0,0,0,0,0,0,0,0,0,0,0,0,0,0,0,0,0,0,0,0,0,0,0,0,0,0,0,0,0,0,0,0,0,0,0,0,0,0,0,0,0,0,0,0,0,0,0,0,0,0,0,0,0,0,0,0,0,0,0,0,0,0,0,0,0,0,0,0,0,0,0,0,0,0,0,0,0,0,0,0,0,0,0,0,0,0,0,0,0,0,0,0,0,0,0,0,0,0,0,0,0,0,0,0,0,0,0,0,0,0,0,0,0,0,0,0,0,0,0,0,0,0,0,0,0,0,0,0,0,0,0,0,0,0,0,0,0,0,0,0,0,0,0,0,0,0,0,0,0,0,0,0,0,0,0,0,0,0,0,0,0,0,0,0,0,0,0,0,0,0,0,0,0,0,0,0,0,0,0,0,0,0,0,0,0,0,0,0,0,0,0,0,0,0,0,0,0,0,0,0,0,0,0,0,0,0,0,0,0,0,0,0,0,0,0,0,0,0,0,0,0,0,0,0,0,0,0,0,0,0,0,0,0,0,0,0,0,0,0,0,0,0,0,0,0,0,0,0,0,0,0,0,0,0,0,0,0,0,0,0,0,0,0,0,0,0,0,0,0,0,0,0,0,0,0,0,0,0,0,0,0,0,0,0,0,0,0,0,0,0,0,0,0,0,0,0,0,0,0,0,0,0,0,0,0,0,0,0,0,0,0,0,0,0,0,0,0,0,0,0,0,0,0,0,0,0,0,0,0,0,0,0,0,0,0,0,0,0,0,0,0,0,0,0,0,0,0,0,0,0,0,0,0,0,0,0,0,0,0,0,0,0,0,0,0,0,0,0,0,0
"kilimanjaro/moshi/kahemashariki",0,0,0,0,0,0,0,0,0,0,0,0,0,0,0,0,0,0,0,0,0,0,0,0,0,0,0,0,0,0,0,0,0,0,0,0,0,0,0,0,0,0,0,0,0,0,0,0,0,0,0,0,0,0,0,0,0,0,0,0,0,0,0,0,0,0,0,0,0,0,0,0,0,0,0,0,0,0,0,0,0,0,0,0,0,0,0,0,0,0,0,0,0,0,0,0,0,0,0,0,0,0,0,0,0,0,0,0,0,0,0,0,0,0,0,0,0,0,0,0,0,0,0,0,0,0,0,0,0,0,0,0,0,0,0,0,0,0,0,0,0,0,0,0,0,0,0,0,0,0,0,0,0,0,0,0,0,0,0,0,0,0,0,0,0,0,0,0,0,0,0,0,0,0,0,0,0,0,0,0,0,0,0,0,0,0,0,0,0,0,0,0,0,0,0,0,0,0,0,0,0,0,0,0,0,0,0,0,0,0,0,0,0,0,0,0,0,0,0,0,0,0,0,0,0,0,0,0,0,0,0,0,0,0,0,0,0,0,0,0,0,0,0,0,0,0,0,0,0,0,0,0,0,0,0,0,0,0,0,0,0,0,0,0,0,0,0,0,0,0,0,0,0,0,0,0,0,0,0,0,0,0,0,0,0,0,0,0,0,0,0,0,0,0,0,0,0,0,0,0,0,0,0,0,0,0,0,0,0,0,0,0,0,0,0,0,0,0,0,0,0,0,0,0,0,0,0,0,0,0,0,0,0,0,0,0,0,0,0,0,0,0,0,0,0,0,0,0,0,0,0,0,0,0,0,0,0,0,0,0,0,0,0,0,0,0,0,0,0,0,0,0,0,0,0,0,0,0,0,0,0,0,0,0,0,0,0,0,0,0,0,0,0,0,0,0,0,0
"manyara/mbulu/kainam",0,0,0,0,0,0,0,0,0,0,0,0,0,0,0,0,0,0,0,0,0,0,0,0,0,0,0,0,0,0,0,0,0,0,0,0,0,0,0,0,0,0,0,0,0,0,0,0,0,0,0,0,0,0,0,0,0,0,0,0,0,0,0,0,0,0,0,0,0,0,0,0,0,0,0,0,0,0,0,0,0,0,0,0,0,0,0,0,0,0,0,0,0,0,0,0,0,0,0,0,0,0,0,0,0,0,0,0,0,0,0,0,0,0,0,0,0,0,0,0,0,0,0,0,0,0,0,0,0,0,0,0,0,0,0,0,0,0,0,0,0,0,0,0,0,0,0,0,0,0,0,0,0,0,0,0,0,0,0,0,0,0,0,0,0,0,0,0,0,0,0,0,0,0,0,0,0,0,0,0,0,0,0,0,0,0,0,0,0,0,0,0,0,0,0,0,0,0,0,0,0,0,0,0,0,0,0,0,0,0,0,0,0,0,0,0,0,0,0,0,0,0,0,0,0,0,0,0,0,0,0,0,0,0,0,0,0,0,0,0,0,0,0,0,0,0,0,0,0,0,0,0,0,0,0,0,0,0,0,0,0,0,0,0,0,0,0,0,0,0,0,0,0,0,0,0,0,0,0,0,0,0,0,0,0,0,0,0,0,0,0,0,0,0,0,0,0,0,0,0,0,0,0,0,0,0,0,0,0,0,0,0,0,0,0,0,0,0,0,0,0,0,0,0,0,0,0,0,0,0,0,0,0,0,0,0,0,0,0,0,0,0,0,0,0,0,0,0,0,0,0,0,0,0,0,0,0,0,0,0,0,0,0,0,0,0,0,0,0,0,0,0,0,0,0,0,0,0,0,0,0,0,0,0,0,0,0,0,0,0,0,0,0,0,0,0,0,0
"arusha/ngorongoro/kakesio",0,0,0,0,0,0,0,0,0,0,0,0,0,0,0,0,0,0,0,0,0,0,0,0,0,0,0,0,0,0,0,0,0,0,0,0,0,0,0,0,0,0,0,0,0,0,0,0,0,0,0,0,0,0,0,0,0,0,0,0,0,0,0,0,0,0,0,0,0,0,0,0,0,0,0,0,0,0,0,0,0,0,0,0,0,0,0,0,0,0,0,0,0,0,0,0,0,0,0,0,0,0,0,0,0,0,0,0,0,0,0,0,0,0,0,0,0,0,0,0,0,0,0,0,0,0,0,0,0,0,0,0,0,0,0,0,0,0,0,0,0,0,0,0,0,0,0,0,0,0,0,0,0,0,0,0,0,0,0,0,0,0,0,0,0,0,0,0,0,0,0,0,0,0,0,0,0,0,0,0,0,0,0,0,0,0,0,0,0,0,0,0,0,0,0,0,0,0,0,0,0,0,0,0,0,0,0,0,0,0,0,0,0,0,0,0,0,0,0,0,0,0,0,0,0,0,0,0,0,0,0,0,0,0,0,0,0,0,0,0,0,0,0,0,0,0,0,0,0,0,0,0,0,0,0,0,0,0,0,0,0,0,0,0,0,0,0,0,0,0,0,0,0,0,0,0,0,0,0,0,0,0,0,0,0,0,0,0,0,0,0,0,0,0,0,0,0,0,0,0,0,0,0,0,0,0,0,0,0,0,0,0,0,0,0,0,0,0,0,0,0,0,0,0,0,0,0,0,0,0,0,0,0,0,0,0,0,0,0,0,0,0,0,0,0,0,0,0,0,0,0,0,0,0,0,0,0,0,0,0,0,0,0,0,0,0,0,0,0,0,0,0,0,0,0,0,0,0,0,0,0,0,0,0,0,0,0,0,0,0,0,0,0,0,0,0,0,0
"kilimanjaro/same/kalemawe",0,0,0,0,0,0,0,0,0,0,0,0,0,0,0,0,0,0,0,0,0,0,0,0,0,0,0,0,0,0,0,0,0,0,0,0,0,0,0,0,0,0,0,0,0,0,0,0,0,0,0,0,0,0,0,0,0,0,0,0,0,0,0,0,0,0,0,0,0,0,0,0,0,0,0,0,0,0,0,0,0,0,0,0,0,0,0,0,0,0,0,0,0,0,0,0,0,0,0,0,0,0,0,0,0,0,0,0,0,0,0,0,0,0,0,0,0,0,0,0,0,0,0,0,0,0,0,0,0,0,0,0,0,0,0,0,0,0,0,0,0,0,0,0,0,0,0,0,0,0,0,0,0,0,0,0,0,0,0,0,0,0,0,0,0,0,0,0,0,0,0,0,0,0,0,0,0,0,0,0,0,0,0,0,0,0,0,0,0,0,0,0,0,0,0,0,0,0,0,0,0,0,0,0,0,0,0,0,0,0,0,0,0,0,0,0,0,0,0,0,0,0,0,0,0,0,0,0,0,0,0,0,0,0,0,0,0,0,0,0,0,0,0,0,0,0,0,0,0,0,0,0,0,0,0,0,0,0,0,0,0,0,0,0,0,0,0,0,0,0,0,0,0,0,0,0,0,0,0,0,0,0,0,0,0,0,0,0,0,0,0,0,0,0,0,0,0,0,0,0,0,0,0,0,0,0,0,0,0,0,0,0,0,0,0,0,0,0,0,0,0,0,0,0,0,0,0,0,0,0,0,0,0,0,0,0,0,0,0,0,0,0,0,0,0,0,0,0,0,0,0,0,0,0,0,0,0,0,0,0,0,0,0,0,0,0,0,0,0,0,0,0,0,0,0,0,0,0,0,0,0,0,0,0,0,0,0,0,0,0,0,0,0,0,0,0,0,0
"arusha/arushaurban/kaloleni",0,0,0,0,0,0,0,0,0,0,0,0,0,0,0,0,0,0,0,0,0,0,0,0,0,0,0,0,0,0,0,0,0,0,0,0,0,0,0,0,0,0,0,0,0,0,0,0,0,0,0,0,0,0,0,0,0,0,0,0,0,0,0,0,0,0,0,0,0,0,0,0,0,0,0,0,0,0,0,0,0,0,0,0,0,0,0,0,0,0,0,0,0,0,0,0,0,0,0,0,0,0,0,0,0,0,0,0,0,0,0,0,0,0,0,0,0,0,0,0,0,0,0,0,0,0,0,0,0,0,0,0,0,0,0,0,0,0,0,0,0,0,0,0,0,0,0,0,0,0,0,0,0,0,0,0,0,0,0,0,0,0,0,0,0,0,0,0,0,0,0,0,0,0,0,0,0,0,0,0,0,0,0,0,0,0,0,0,0,0,0,0,0,0,0,0,0,0,0,0,0,0,0,0,0,0,0,0,0,0,0,0,0,0,0,0,0,0,0,0,0,0,0,0,0,0,0,0,0,0,0,0,0,0,0,0,0,0,0,0,0,0,0,0,0,0,0,0,0,0,0,0,0,0,0,0,0,0,0,0,0,0,0,0,0,0,0,0,0,0,0,0,0,0,0,0,0,0,0,0,0,0,0,0,0,0,0,0,0,0,0,0,0,0,0,0,0,0,0,0,0,0,0,0,0,0,0,0,0,0,0,0,0,0,0,0,0,0,0,0,0,0,0,0,0,0,0,0,0,0,0,0,0,0,0,0,0,0,0,0,0,0,0,0,0,0,0,0,0,0,0,0,0,0,0,0,0,0,0,0,0,0,0,0,0,0,0,0,0,0,0,0,0,0,0,0,0,0,0,0,0,0,0,0,0,0,0,0,0,0,0,0,0,0,0,0,0,0
"kilimanjaro/moshimunicipal/kaloleni",0,0,0,0,0,0,0,0,0,0,0,0,0,0,0,0,0,0,0,0,0,0,0,0,0,0,0,0,0,0,0,0,0,0,0,0,0,0,0,0,0,0,0,0,0,0,0,0,0,0,0,0,0,0,0,0,0,0,0,0,0,0,0,0,0,0,0,0,0,0,0,0,0,0,0,0,0,0,0,0,0,0,0,0,0,0,0,0,0,0,0,0,0,0,0,0,0,0,0,0,0,0,0,0,0,0,0,0,0,0,0,0,0,0,0,0,0,0,0,0,0,0,0,0,0,0,0,0,0,0,0,0,0,0,0,0,0,0,0,0,0,0,0,0,0,0,0,0,0,0,0,0,0,0,0,0,0,0,0,0,0,0,0,0,0,0,0,0,0,0,0,0,0,0,0,0,0,0,0,0,0,0,0,0,0,0,0,0,0,0,0,0,0,0,0,0,0,0,0,0,0,0,0,0,0,0,0,0,0,0,0,0,0,0,0,0,0,0,0,0,0,0,0,0,0,0,0,0,0,0,0,0,0,0,0,0,0,0,0,0,0,0,0,0,0,0,0,0,0,0,0,0,0,0,0,0,0,0,0,0,0,0,0,0,0,0,0,0,0,0,0,0,0,0,0,0,0,0,0,0,0,0,0,0,0,0,0,0,0,0,0,0,0,0,0,0,0,0,0,0,0,0,0,0,0,0,0,0,0,0,0,0,0,0,0,0,0,0,0,0,0,0,0,0,0,0,0,0,0,0,0,0,0,0,0,0,0,0,0,0,0,0,0,0,0,0,0,0,0,0,0,0,0,0,0,0,0,0,0,0,0,0,0,0,0,0,0,0,0,0,0,0,0,0,0,0,0,0,0,0,0,0,0,0,0,0,0,0,0,0,0,0,0,0,0,0,0,0
"arusha/longido/kamwanga",0,0,0,0,0,0,0,0,0,0,0,0,0,0,0,0,0,0,0,0,0,0,0,0,0,0,0,0,0,0,0,0,0,0,0,0,0,0,0,0,0,0,0,0,0,0,0,0,0,0,0,0,0,0,0,0,0,0,0,0,0,0,0,0,0,0,0,0,0,0,0,0,0,0,0,0,0,0,0,0,0,0,0,0,0,0,0,0,0,0,0,0,0,0,0,0,0,0,0,0,0,0,0,0,0,0,0,0,0,0,0,0,0,0,0,0,0,0,0,0,0,0,0,0,0,0,0,0,0,0,0,0,0,0,0,0,0,0,0,0,0,0,0,0,0,0,0,0,0,0,0,0,0,0,0,0,0,0,0,0,0,0,0,0,0,0,0,0,0,0,0,0,0,0,0,0,0,0,0,0,0,0,0,0,0,0,0,0,0,0,0,0,0,0,0,0,0,0,0,0,0,0,0,0,0,0,0,0,0,0,0,0,0,0,0,0,0,0,0,0,0,0,0,0,0,0,0,0,0,0,0,0,0,0,0,0,0,0,0,0,0,0,0,0,0,0,0,0,0,0,0,0,0,0,0,0,0,0,0,0,0,0,0,0,0,0,0,0,0,0,0,0,0,0,0,0,0,0,0,0,0,0,0,0,0,0,0,0,0,0,0,0,0,0,0,0,0,0,0,0,0,0,0,0,0,0,0,0,0,0,0,0,0,0,0,0,0,0,0,0,0,0,0,0,0,0,0,0,0,0,0,0,0,0,0,0,0,0,0,0,0,0,0,0,0,0,0,0,0,0,0,0,0,0,0,0,0,0,0,0,0,0,0,0,0,0,0,0,0,0,0,0,0,0,0,0,0,0,0,0,0,0,0,0,0,0,0,0,0,0,0,0,0,0,0,0,0,0
"arusha/karatu/kansay",8e-06,1.1e-05,1e-06,2.8e-05,3e-06,2.8e-05,7e-06,1.2e-05,1e-06,0.00047,8e-06,1e-06,7e-06,1e-04,0.000269,5.9e-05,7e-06,1.2e-05,2e-06,5e-06,1e-06,4e-06,1e-06,1e-06,0,0,3e-06,6.4e-05,0,1e-06,4.7e-05,1e-06,0,0,0.000122,3e-06,1e-05,9.9e-05,0.00018,2.7e-05,5e-06,0,2.1e-05,0.000134,4e-06,2e-06,7e-06,0.002544,0.000353,0.000155,1.4e-05,2.5e-05,3.5e-05,5e-06,4.4e-05,1e-06,1e-06,3e-06,1.9e-05,0.002114,2e-05,0.000125,4.8e-05,2e-06,0,6.7e-05,4.7e-05,3e-06,0.000103,0.000141,1.4e-05,0,1e-06,0.000383,3e-06,4.6e-05,1e-05,1e-06,1e-06,2e-06,0,4e-06,3e-06,1e-06,3e-06,1.7e-05,0.000227,2e-06,5.4e-05,5.7e-05,1e-06,1e-06,0.000184,5.1e-05,4e-06,0.001431,1.4e-05,0,8.8e-05,2.1e-05,1.2e-05,6e-06,1.5e-05,1.6e-05,3e-06,0.000129,0,1.9e-05,1e-05,0.001775,1e-05,5.7e-05,2e-05,0,1e-06,1e-06,8.2e-05,1e-06,0.000105,1e-05,4e-06,0.000191,1e-06,2e-06,0,6e-06,1.7e-05,0.000308,3.1e-05,1e-06,1e-06,1.4e-05,4e-05,4e-06,0,5.5e-05,3e-06,1.2e-05,0.000321,3.2e-05,1.7e-05,0,2.1e-05,3e-06,1e-06,3e-05,6e-06,4.4e-05,3.7e-05,1.2e-05,1e-06,0,1e-06,1e-06,2.6e-05,0.000771,2e-06,6e-06,3e-06,0.001546,6e-06,0.000109,0,1e-06,1e-06,1e-06,8e-06,9e-06,0.000111,3e-06,6e-06,0.000344,0.001726,1.3e-05,4e-06,2.8e-05,0.000456,1e-06,3.1e-05,1.3e-05,0,6e-06,4.6e-05,5e-06,0.000208,0.006042,0,1e-06,0.000104,3.2e-05,8e-06,3.9e-05,0.000299,3e-06,0.000266,1e-06,1e-06,4e-06,3.6e-05,5e-06,0.000151,1e-05,1.8e-05,1e-06,5e-05,5e-06,0.000308,0.00038,0.000116,1e-06,1e-06,4e-06,1e-04,0,1.3e-05,6e-06,7.7e-05,0.000452,4e-06,2.6e-05,3e-06,1e-06,2e-06,1e-06,0.000129,3e-06,0.000182,1e-06,0.000186,1e-06,1e-06,1.2e-05,0.000243,0.000252,4e-06,0,1e-06,1.9e-05,0.000158,1e-06,1.4e-05,0.005216,0,0.000477,0,1e-06,2e-06,7.4e-05,1e-06,1.1e-05,0.000559,0.00062,2e-06,0.000142,2.7e-05,1.3e-05,1e-06,3e-06,0,0,0,9e-06,3e-06,0,0.000825,5e-06,9e-06,0.000244,2e-06,9.7e-05,0.000194,7.8e-05,0,0,0.000271,1e-06,1.4e-05,3.2e-05,1.6e-05,4.6e-05,5e-06,3e-06,0.001215,3.4e-05,1e-06,3e-06,1e-06,2e-06,6e-06,1e-06,4e-06,8e-06,1e-06,0.000368,8e-06,1.6e-05,0.000119,3e-06,1.6e-05,0.000345,0,0,1e-06,6e-06,1e-06,0.001579,1.2e-05,1e-06,1e-06,1e-06,0.000127,7e-05,2e-06,0,5e-06,1.6e-05,2e-06,0.000265,0.000161,0.000156,2.3e-05,0.000219,1.8e-05,8.3e-05,0.001032,4.6e-05,5.9e-05,4e-06,6e-06,4.1e-05,5.7e-05,2.7e-05,0.001061,0.000166,2.9e-05,1e-06,3e-06,1e-05,0.000343,4e-06,2.1e-05,0,1.1e-05,2e-06,6e-05,1e-05,2e-05,6.5e-05,4.5e-05,2.5e-05,1e-05,4.6e-05,4e-06,0.000686,0.000199,0.000118,3.8e-05,3e-06,1e-06,8e-06,3e-06,1e-06,2e-06,0,4e-06,0.000434,9.1e-05,0.000295,1e-06,4e-05,3e-06,0,0,2e-06,1e-06,3e-05,1.8e-05,1e-06,0.000134,8e-06,0,5e-06,0.000327,2.4e-05,1.3e-05,1.2e-05,1e-06,7.6e-05,1.4e-05,0,0.000147,1e-06,0,1e-06,0,0,8e-06,6e-06
"kilimanjaro/moshimunicipal/karanga",0,0,0,0,0,0,0,0,0,0,0,0,0,0,0,0,0,0,0,0,0,0,0,0,0,0,0,0,0,0,0,0,0,0,0,0,0,0,0,0,0,0,0,0,0,0,0,0,0,0,0,0,0,0,0,0,0,0,0,0,0,0,0,0,0,0,0,0,0,0,0,0,0,0,0,0,0,0,0,0,0,0,0,0,0,0,0,0,0,0,0,0,0,0,0,0,0,0,0,0,0,0,0,0,0,0,0,0,0,0,0,0,0,0,0,0,0,0,0,0,0,0,0,0,0,0,0,0,0,0,0,0,0,0,0,0,0,0,0,0,0,0,0,0,0,0,0,0,0,0,0,0,0,0,0,0,0,0,0,0,0,0,0,0,0,0,0,0,0,0,0,0,0,0,0,0,0,0,0,0,0,0,0,0,0,0,0,0,0,0,0,0,0,0,0,0,0,0,0,0,0,0,0,0,0,0,0,0,0,0,0,0,0,0,0,0,0,0,0,0,0,0,0,0,0,0,0,0,0,0,0,0,0,0,0,0,0,0,0,0,0,0,0,0,0,0,0,0,0,0,0,0,0,0,0,0,0,0,0,0,0,0,0,0,0,0,0,0,0,0,0,0,0,0,0,0,0,0,0,0,0,0,0,0,0,0,0,0,0,0,0,0,0,0,0,0,0,0,0,0,0,0,0,0,0,0,0,0,0,0,0,0,0,0,0,0,0,0,0,0,0,0,0,0,0,0,0,0,0,0,0,0,0,0,0,0,0,0,0,0,0,0,0,0,0,0,0,0,0,0,0,0,0,0,0,0,0,0,0,0,0,0,0,0,0,0,0,0,0,0,0,0,0,0,0,0,0,0,0,0,0,0,0,0,0,0,0,0,0,0,0,0,0,0,0,0,0,0
"kilimanjaro/siha/karansi",0,0,0,0,0,0,0,0,0,0,0,0,0,0,0,0,0,0,0,0,0,0,0,0,0,0,0,0,0,0,0,0,0,0,0,0,0,0,0,0,0,0,0,0,0,0,0,0,0,0,0,0,0,0,0,0,0,0,0,0,0,0,0,0,0,0,0,0,0,0,0,0,0,0,0,0,0,0,0,0,0,0,0,0,0,0,0,0,0,0,0,0,0,0,0,0,0,0,0,0,0,0,0,0,0,0,0,0,0,0,0,0,0,0,0,0,0,0,0,0,0,0,0,0,0,0,0,0,0,0,0,0,0,0,0,0,0,0,0,0,0,0,0,0,0,0,0,0,0,0,0,0,0,0,0,0,0,0,0,0,0,0,0,0,0,0,0,0,0,0,0,0,0,0,0,0,0,0,0,0,0,0,0,0,0,0,0,0,0,0,0,0,0,0,0,0,0,0,0,0,0,0,0,0,0,0,0,0,0,0,0,0,0,0,0,0,0,0,0,0,0,0,0,0,0,0,0,0,0,0,0,0,0,0,0,0,0,0,0,0,0,0,0,0,0,0,0,0,0,0,0,0,0,0,0,0,0,0,0,0,0,0,0,0,0,0,0,0,0,0,0,0,0,0,0,0,0,0,0,0,0,0,0,0,0,0,0,0,0,0,0,0,0,0,0,0,0,0,0,0,0,0,0,0,0,0,0,0,0,0,0,0,0,0,0,0,0,0,0,0,0,0,0,0,0,0,0,0,0,0,0,0,0,0,0,0,0,0,0,0,0,0,0,0,0,0,0,0,0,0,0,0,0,0,0,0,0,0,0,0,0,0,0,0,0,0,0,0,0,0,0,0,0,0,0,0,0,0,0,0,0,0,0,0,0,0,0,0,0,0,0,0,0,0,0,0,0,0
"arusha/karatu/karatu",0.001472,0.00359,9.6e-05,0.007896,0.000149,0.003997,0.000166,0.000257,7.9e-05,0.026407,0.000429,4.5e-05,0.001204,0.017764,0.011406,0.000933,0.000355,0.000761,0.000113,0.000355,6.1e-05,0.00094,6.8e-05,8.4e-05,5.2e-05,2.6e-05,0.000149,0.001733,1.2e-05,7.6e-05,0.004844,7.8e-05,3e-05,4.8e-05,0.024538,0.000246,0.001853,0.006646,0.002823,0.005213,0.000205,4.4e-05,0.003202,0.007109,0.000525,9.9e-05,0.001997,0.351549,0.040608,0.007262,0.000441,0.002583,0.01596,0.000209,0.003497,4.6e-05,0.000155,0.000202,0.002215,0.310043,0.005944,0.057685,0.010336,0.000233,4e-06,0.011715,0.01026,0.00014,0.031997,0.016017,0.023394,1.1e-05,0.000224,0.008778,0.00026,0.015438,0.00275,4.3e-05,5.2e-05,8.7e-05,2.7e-05,0.000352,0.000136,5.3e-05,0.000185,0.000405,0.034775,9.6e-05,0.003897,0.009844,3.2e-05,9.3e-05,0.025554,0.009567,0.001171,0.027697,0.002355,3e-05,0.012417,0.003037,0.000324,0.000505,0.001905,0.00291,0.000427,0.020358,0.001758,0.002902,0.001688,0,0.001639,0.008479,0.001684,7e-05,0.000125,8.9e-05,0.012743,5.1e-05,0.015417,0.001555,0.000843,0.028637,7.5e-05,0.000282,3.1e-05,0.000761,0.002537,0.06907,0.005079,1e-04,8.1e-05,0.002927,0.005577,0.000653,2.1e-05,0.010022,0.00062,0.001819,0.059727,0.004827,0.002788,4.2e-05,0.003861,0.000447,0.000173,0.004013,0.000384,0.006403,0.005472,0.001761,8.5e-05,6.1e-05,0.000136,7.7e-05,0.003262,0.138485,0.000373,0.002036,0.000331,0.198258,0.000807,0.019524,4e-05,0.000192,6.1e-05,4.3e-05,0.001082,0.001596,0.019785,0.000435,0.000882,0.116168,0.259203,0.00163,0.000593,0.004097,0.081987,0.00018,0.004691,0.001425,2.5e-05,0.001183,0.005518,0.000736,0.032112,0.410409,6.8e-05,0.000126,0.016069,0.005054,0.001239,0.001647,0.016657,0.000223,0.02525,0.000127,8.8e-05,0.000185,0.00534,0.004372,0.025425,0.00102,0.003152,9.5e-05,0.007225,0.00082,0.04253,0.111707,0.027082,0.000113,9.9e-05,0.000427,0.014037,4.2e-05,0.000535,0.000804,0.000621,0.06243,0.000611,0.003725,0.000208,0.000111,8.1e-05,0.000132,0.020181,0.000483,0.028589,0.00022,0.002972,4.6e-05,4.4e-05,0.000438,0.049648,0.045044,0.000373,7e-06,0.000122,0.004153,0.124673,7.5e-05,0.002164,0.411164,4.3e-05,0.08352,3.8e-05,8.4e-05,0.000292,0.01271,8.3e-05,0.001973,0.096853,0.181748,0.00049,0.024757,0.004239,0.001558,0.00011,0.000403,6.7e-05,5e-05,3.8e-05,0.00176,0.000474,4.6e-05,0.487789,0.001045,0.000319,0.048601,9e-05,0.007391,0.0392,0.010612,6.7e-05,5e-05,0.037841,0.000206,0.001783,0.005587,0.000485,0.024317,0.000766,0.000894,0.196169,0.000999,7.5e-05,0.00022,3.1e-05,0.000252,0.000255,0.000117,0.000366,0.001427,0.000138,0.058752,0.001161,0.002763,0.030389,0.000557,0.002113,0.095162,3.6e-05,2.2e-05,7.9e-05,0.000802,8.3e-05,0.185725,0.002125,0.000249,0.000166,0.000111,0.033059,0.023257,0.000231,6.5e-05,0.000761,0.006028,0.000496,0.069757,0.023371,0.035933,0.003536,0.043175,0.002968,0.013972,0.234209,0.011477,0.015354,0.000799,0.000976,0.007763,0.010526,0.005299,0.250773,0.02963,0.004855,9.4e-05,0.000401,0.002399,0.057791,0.000354,0.022456,6.9e-05,0.019705,0.000188,0.007452,0.00118,0.004245,0.01254,0.005795,0.004843,0.000225,0.0077,0.00079,0.115857,0.09438,0.02507,0.007624,0.000348,0.000158,0.001182,0.000161,5.1e-05,0.000123,3e-05,0.000734,0.075423,0.023102,0.052711,0.000113,0.007131,0.000449,1.7e-05,5.9e-05,0.000231,0.000204,0.005123,0.003341,0.000187,0.034195,0.000221,3.1e-05,0.000198,0.046725,0.00116,0.000245,0.002288,0.000101,0.011453,0.002055,6.9e-05,0.024789,7.6e-05,5.2e-05,0.000107,1.8e-05,2.2e-05,0.00025,0.000227
"kilimanjaro/siha/kashisha",6e-06,0,1e-06,0,0,4.4e-05,0,0,0,2e-06,0,0,4e-06,5.2e-05,0,0,0,0,0,0,0,6.4e-05,0,2e-06,0,1e-06,0,0,0,0,1.9e-05,0,0,0,0,0,4e-06,0,0,1e-06,0,0,1e-06,0,0,0,0,0.000847,1e-05,0,0,0,0,0,0,0,1e-06,0,2e-06,6e-06,4e-06,3e-06,1.5e-05,0,0,2.5e-05,5e-06,0,0,1e-06,0,0,2.5e-05,0,0,3e-06,0,0,0,0,0,0,0,0,0,0,0.001348,0,0,8e-06,0,0,0.000238,3.2e-05,0,1e-06,0.00403,0,0.00013,3e-05,0,0,2e-06,6e-06,1e-05,0.000318,0,9.4e-05,4.4e-05,2e-06,0,0.000149,0,0,2e-06,1e-06,0.000263,0,0.000377,8.7e-05,4.6e-05,0.001342,0,1e-06,0,1e-06,1e-06,0.00072,2.6e-05,2e-06,1e-06,2.6e-05,4.5e-05,2e-05,0,2.6e-05,1e-06,3.8e-05,0.000117,0.000226,7.2e-05,0,7e-06,2e-05,2e-06,1.7e-05,0,9.7e-05,0.000108,2.6e-05,1e-06,0,1e-06,0,5e-06,0.000108,3e-06,1e-06,0,0.006273,5e-06,1e-05,1e-06,1e-06,0,0,6e-06,3.5e-05,4.1e-05,2e-06,0,8e-06,0.000643,2e-06,0.000234,1e-06,1e-05,0,0.000159,1e-06,0,0,6e-06,1.1e-05,0.004242,0.032192,7e-06,1.1e-05,0.001229,0.000719,2.8e-05,0,0,0,1e-06,0,1e-06,0,0.00014,0,0.00027,0,3e-06,1e-06,0.000106,5.1e-05,0.000445,4e-06,1e-06,2e-06,1e-06,0,0.000134,0,0,1e-06,0,0.000675,1.1e-05,5.5e-05,0,1e-06,0,4.9e-05,0.001532,0.00019,0.008575,5e-06,0,0,0,0,2e-05,4.8e-05,0,0,3e-06,1.3e-05,1e-06,1e-06,1.3e-05,0.000224,1e-06,0.000194,0,2e-06,7e-06,3.9e-05,0,1e-06,0.000231,7.1e-05,0,6.6e-05,0.000102,2e-06,1e-06,2e-06,2e-06,0,0,8e-06,0,0,2e-06,1e-06,0,3.9e-05,0,0,4.3e-05,6.2e-05,0,0,0.000443,3e-06,2e-06,4e-06,0,0,5e-06,0,0.000458,0,0,0,0,4e-06,0,3.2e-05,0,5e-05,0,0.000208,2.6e-05,0.00022,0.000192,1e-06,6e-06,1e-06,0,0,2e-06,2e-06,0,4e-06,8e-06,2e-06,1e-06,7e-06,3.1e-05,0,0,1e-06,1.8e-05,0,0,0.000209,0.000341,3.1e-05,3e-06,7.3e-05,0.000175,0.00019,0.000373,1e-06,2e-06,2e-06,0,1.3e-05,2.8e-05,7e-06,0.000419,6e-06,3e-06,0,9e-06,0,0.000317,0,0,2e-06,0,0,1.2e-05,1e-06,1e-06,3.4e-05,1.3e-05,1e-06,0,0.001028,4e-06,0.000288,3e-06,6e-06,1.3e-05,2e-06,2e-06,3.2e-05,0,0,0,0,0,0.000231,3e-05,9.3e-05,0,5e-05,1.3e-05,0,0,0,4e-06,8e-06,1e-06,0,0.000166,0,0,0,0.000674,0,0,4e-06,4e-06,0.000428,6e-05,2e-06,0.000154,1e-06,0,0,0,0,0,0
"kilimanjaro/rombo/katangaramrere",0,0,0,0,0,0,0,0,0,0,0,0,0,0,0,0,0,0,0,0,0,0,0,0,0,0,0,0,0,0,0,0,0,0,0,0,0,0,0,0,0,0,0,0,0,0,0,0,0,0,0,0,0,0,0,0,0,0,0,0,0,0,0,0,0,0,0,0,0,0,0,0,0,0,0,0,0,0,0,0,0,0,0,0,0,0,0,0,0,0,0,0,0,0,0,0,0,0,0,0,0,0,0,0,0,0,0,0,0,0,0,0,0,0,0,0,0,0,0,0,0,0,0,0,0,0,0,0,0,0,0,0,0,0,0,0,0,0,0,0,0,0,0,0,0,0,0,0,0,0,0,0,0,0,0,0,0,0,0,0,0,0,0,0,0,0,0,0,0,0,0,0,0,0,0,0,0,0,0,0,0,0,0,0,0,0,0,0,0,0,0,0,0,0,0,0,0,0,0,0,0,0,0,0,0,0,0,0,0,0,0,0,0,0,0,0,0,0,0,0,0,0,0,0,0,0,0,0,0,0,0,0,0,0,0,0,0,0,0,0,0,0,0,0,0,0,0,0,0,0,0,0,0,0,0,0,0,0,0,0,0,0,0,0,0,0,0,0,0,0,0,0,0,0,0,0,0,0,0,0,0,0,0,0,0,0,0,0,0,0,0,0,0,0,0,0,0,0,0,0,0,0,0,0,0,0,0,0,0,0,0,0,0,0,0,0,0,0,0,0,0,0,0,0,0,0,0,0,0,0,0,0,0,0,0,0,0,0,0,0,0,0,0,0,0,0,0,0,0,0,0,0,0,0,0,0,0,0,0,0,0,0,0,0,0,0,0,0,0,0,0,0,0,0,0,0,0,0,0,0,0,0,0,0,0,0,0,0,0,0,0,0,0,0,0,0,0,0
"manyara/hanang/katesh",0.000931,0.000384,0.000119,0.0029,0.001917,0.004844,0.000214,0.000238,0.001731,0.166005,0.004603,0.013001,0.000692,0.010524,0.015015,0.000629,0.001433,0.021655,0.004007,0.018107,0.000134,0.000756,0.001607,9.4e-05,0.000105,2.9e-05,0.002174,0.000279,6.4e-05,0.000157,0.003739,0.000507,6e-05,7.4e-05,0.001273,0.015676,0.001021,0.126273,0.00138,0.00263,0.001421,0.013306,0.013713,0.053451,0.003201,0.002673,0.000435,0.209388,0.050245,0.000501,0.000597,0.000321,0.000274,0.001591,0.259899,0.004968,0.000148,0.000634,0.005018,0.101861,0.002981,0.007889,0.004286,0.001271,2e-06,0.007033,0.003385,0.000642,0.002329,0.062428,0.000167,0.041237,0.000177,0.005375,0.035623,0.005125,0.000584,0.008867,0.001473,0.001498,0.002261,0.014372,0.00154,0.006609,0.033716,0.000372,0.033337,0.002128,0.047452,0.021124,0.006287,0.001881,0.033389,0.005173,0.000242,0.028948,0.002028,4.4e-05,0.015651,0.003924,0.000457,0.000283,0.003939,0.00157,0.000482,0.019329,0.000328,0.003123,0.001186,0.026736,0.001433,0.009774,0,3.8e-05,0.000149,0.000111,0.012098,0.000286,0.017399,0.001598,0.000846,0.030004,0.000111,0.000424,4.8e-05,0.001622,0.009602,0.054842,0.003872,0.000117,9.7e-05,0.003655,0.007504,0.000714,3.2e-05,0.005736,0.000316,0.002102,0.03529,0.005019,0.00227,9e-05,0.002008,0.000469,0.000209,0.00612,0.001955,0.00775,0.006392,0.002144,0.000101,9.5e-05,0.00017,0.000142,0.006081,0.060141,0.000449,0.000597,0.000968,0.215407,0.001133,0.026563,4.4e-05,0.000306,0.004192,0.005447,0.001511,0.001146,0.011442,0.00066,0.003382,0.022764,0.152685,0.003166,0.000505,0.012199,0.057331,9.6e-05,0.005065,0.004879,5.1e-05,0.000529,0.012185,0.000869,0.031102,0.421811,6.3e-05,0.000123,0.016002,0.004824,0.001346,0.017127,0.005077,0.002541,0.046218,0.00063,0.000113,0.000924,0.005948,9.9e-05,0.018523,0.004664,0.006525,8.5e-05,0.008684,0.000653,0.05459,0.022458,0.006182,0.000138,0.000122,0.001045,0.018194,5.2e-05,0.000182,0.001602,0.000208,0.076429,0.000723,0.004533,0.002863,8.9e-05,0.002838,0.000121,0.018949,0.00043,0.026563,0.000233,0.001792,0.010425,0.002365,0.00085,0.023061,0.023094,0.002591,8e-06,0.000137,0.003567,0.00569,9.5e-05,0.002093,0.212734,4.8e-05,0.131551,7.2e-05,9.4e-05,0.000329,0.008374,0.084361,0.001096,0.053749,0.058481,0.000158,0.015118,0.004286,0.003208,0.000133,0.000582,7.6e-05,9.6e-05,7.4e-05,0.002237,0.000137,9.4e-05,0.020805,0.000411,0.001074,0.019355,0.000448,0.007132,0.015996,0.015016,9.8e-05,9.6e-05,0.047611,0.000255,0.003722,0.01036,0.000556,0.001213,0.00088,0.000104,0.129958,0.001964,0.000362,0.0018,0.017692,0.000284,0.004759,9.8e-05,0.001602,0.001158,0.000287,0.043212,0.001323,0.002223,0.01866,0.000295,0.00327,0.005932,4.6e-05,3.3e-05,8.8e-05,0.001382,0.000471,0.080412,0.001276,0.000166,0.000101,0.000113,0.016707,0.003412,0.001743,7.5e-05,0.000866,0.000154,0.000244,0.037207,0.027459,0.023742,0.002879,0.019443,0.002592,0.011262,0.125749,0.006615,0.00799,0.00046,0.000733,0.003827,0.005771,0.002407,0.137813,0.017546,0.011392,0.000483,0.000448,0.000779,0.038376,0.001988,0.000169,7.5e-05,0.000154,0.003442,0.014372,0.002873,0.001676,0.006346,0.010325,0.002297,0.000235,0.0062,0.000501,0.066404,0.010458,0.00742,0.008731,0.000513,0.000196,0.00129,0.001471,0.006025,0.001313,0.002759,0.000486,0.043783,0.012968,0.028393,0.000608,0.004495,0.000491,3.1e-05,0.000122,0.000943,0.000225,0.003108,0.003551,0.000106,0.022555,0.000471,5.1e-05,0.001288,0.054167,0.045407,0.000201,0.001234,0.000109,0.012305,0.002278,7.6e-05,0.017476,8.9e-05,0.000102,0.000211,3.2e-05,4.8e-05,0.001007,0.000532
"arusha/arushaurban/kati",0,0,0,0,0,0,0,0,0,0,0,0,0,0,0,0,0,0,0,0,0,0,0,0,0,0,0,0,0,0,0,0,0,0,0,0,0,0,0,0,0,0,0,0,0,0,0,0,0,0,0,0,0,0,0,0,0,0,0,0,0,0,0,0,0,0,0,0,0,0,0,0,0,0,0,0,0,0,0,0,0,0,0,0,0,0,0,0,0,0,0,0,0,0,0,0,0,0,0,0,0,0,0,0,0,0,0,0,0,0,0,0,0,0,0,0,0,0,0,0,0,0,0,0,0,0,0,0,0,0,0,0,0,0,0,0,0,0,0,0,0,0,0,0,0,0,0,0,0,0,0,0,0,0,0,0,0,0,0,0,0,0,0,0,0,0,0,0,0,0,0,0,0,0,0,0,0,0,0,0,0,0,0,0,0,0,0,0,0,0,0,0,0,0,0,0,0,0,0,0,0,0,0,0,0,0,0,0,0,0,0,0,0,0,0,0,0,0,0,0,0,0,0,0,0,0,0,0,0,0,0,0,0,0,0,0,0,0,0,0,0,0,0,0,0,0,0,0,0,0,0,0,0,0,0,0,0,0,0,0,0,0,0,0,0,0,0,0,0,0,0,0,0,0,0,0,0,0,0,0,0,0,0,0,0,0,0,0,0,0,0,0,0,0,0,0,0,0,0,0,0,0,0,0,0,0,0,0,0,0,0,0,0,0,0,0,0,0,0,0,0,0,0,0,0,0,0,0,0,0,0,0,0,0,0,0,0,0,0,0,0,0,0,0,0,0,0,0,0,0,0,0,0,0,0,0,0,0,0,0,0,0,0,0,0,0,0,0,0,0,0,0,0,0,0,0,0,0,0,0,0,0,0,0,0,0,0,0,0,0,0,0,0,0,0,0,0,0
"kilimanjaro/rombo/kelamfuamokala",0,0,0,0,0,0,0,0,0,0,0,0,0,0,0,0,0,0,0,0,0,0,0,0,0,0,0,0,0,0,0,0,0,0,0,0,0,0,0,0,0,0,0,0,0,0,0,0,0,0,0,0,0,0,0,0,0,0,0,0,0,0,0,0,0,0,0,0,0,0,0,0,0,0,0,0,0,0,0,0,0,0,0,0,0,0,0,0,0,0,0,0,0,0,0,0,0,0,0,0,0,0,0,0,0,0,0,0,0,0,0,0,0,0,0,0,0,0,0,0,0,0,0,0,0,0,0,0,0,0,0,0,0,0,0,0,0,0,0,0,0,0,0,0,0,0,0,0,0,0,0,0,0,0,0,0,0,0,0,0,0,0,0,0,0,0,0,0,0,0,0,0,0,0,0,0,0,0,0,0,0,0,0,0,0,0,0,0,0,0,0,0,0,0,0,0,0,0,0,0,0,0,0,0,0,0,0,0,0,0,0,0,0,0,0,0,0,0,0,0,0,0,0,0,0,0,0,0,0,0,0,0,0,0,0,0,0,0,0,0,0,0,0,0,0,0,0,0,0,0,0,0,0,0,0,0,0,0,0,0,0,0,0,0,0,0,0,0,0,0,0,0,0,0,0,0,0,0,0,0,0,0,0,0,0,0,0,0,0,0,0,0,0,0,0,0,0,0,0,0,0,0,0,0,0,0,0,0,0,0,0,0,0,0,0,0,0,0,0,0,0,0,0,0,0,0,0,0,0,0,0,0,0,0,0,0,0,0,0,0,0,0,0,0,0,0,0,0,0,0,0,0,0,0,0,0,0,0,0,0,0,0,0,0,0,0,0,0,0,0,0,0,0,0,0,0,0,0,0,0,0,0,0,0,0,0,0,0,0,0,0,0,0,0,0,0,0,0
"kilimanjaro/rombo/kenimengeni",0,0,0,0,0,0,0,0,0,0,0,0,0,0,0,0,0,0,0,0,0,0,0,0,0,0,0,0,0,0,0,0,0,0,0,0,0,0,0,0,0,0,0,0,0,0,0,0,0,0,0,0,0,0,0,0,0,0,0,0,0,0,0,0,0,0,0,0,0,0,0,0,0,0,0,0,0,0,0,0,0,0,0,0,0,0,0,0,0,0,0,0,0,0,0,0,0,0,0,0,0,0,0,0,0,0,0,0,0,0,0,0,0,0,0,0,0,0,0,0,0,0,0,0,0,0,0,0,0,0,0,0,0,0,0,0,0,0,0,0,0,0,0,0,0,0,0,0,0,0,0,0,0,0,0,0,0,0,0,0,0,0,0,0,0,0,0,0,0,0,0,0,0,0,0,0,0,0,0,0,0,0,0,0,0,0,0,0,0,0,0,0,0,0,0,0,0,0,0,0,0,0,0,0,0,0,0,0,0,0,0,0,0,0,0,0,0,0,0,0,0,0,0,0,0,0,0,0,0,0,0,0,0,0,0,0,0,0,0,0,0,0,0,0,0,0,0,0,0,0,0,0,0,0,0,0,0,0,0,0,0,0,0,0,0,0,0,0,0,0,0,0,0,0,0,0,0,0,0,0,0,0,0,0,0,0,0,0,0,0,0,0,0,0,0,0,0,0,0,0,0,0,0,0,0,0,0,0,0,0,0,0,0,0,0,0,0,0,0,0,0,0,0,0,0,0,0,0,0,0,0,0,0,0,0,0,0,0,0,0,0,0,0,0,0,0,0,0,0,0,0,0,0,0,0,0,0,0,0,0,0,0,0,0,0,0,0,0,0,0,0,0,0,0,0,0,0,0,0,0,0,0,0,0,0,0,0,0,0,0,0,0,0,0,0,0,0,0
"kilimanjaro/hai/kia",4e-06,0,0,0,0,4.3e-05,0,0,0,1e-06,0,0,2e-06,3e-05,0,0,0,0,0,0,0,6e-06,0,1e-06,0,0,0,0,0,0,1.8e-05,0,0,0,0,0,2e-06,0,0,0,0,0,0,0,0,0,0,0.000436,7e-06,0,0,0,0,0,0,0,2e-06,0,1e-06,2e-06,1e-06,1e-06,4e-06,0,0,1.6e-05,2e-06,0,0,1e-06,0,0,1e-06,0,0,1e-06,0,0,0,0,0,0,0,0,0,0,0.002454,0,0,4e-06,0,0,8.8e-05,1.3e-05,0,0,2e-05,0,9e-05,1.6e-05,0,0,1e-06,3e-06,5e-06,3.8e-05,0,4.2e-05,7e-06,1e-06,1.4e-05,3e-05,0,0,0,0,0,0,0.000144,1.1e-05,5e-06,0.000197,0,1e-06,0,0,0,0.000727,2.8e-05,1e-06,0,1.1e-05,2.4e-05,8e-06,0,1.4e-05,1e-06,1.4e-05,2.3e-05,6.7e-05,5.8e-05,0,4e-06,5e-06,0,1e-05,0,4.3e-05,3.3e-05,1e-05,0,0,0,0,3e-06,5.2e-05,1e-06,0,0,0.002868,3e-06,7e-06,1e-06,0,0,0,5e-06,1e-05,2.5e-05,1e-06,0,4e-06,0.000339,2e-06,4e-06,1e-06,6e-06,0,5.7e-05,0,0,0,3e-06,8e-06,0.00031,0.020268,0,1e-06,0.000229,6.5e-05,2.7e-05,0,0,0,0,0,0,0,5.8e-05,0,0.000183,0,2e-06,2e-06,2.7e-05,9e-06,0.000186,2e-06,0,0,0,0,4.4e-05,0,0,1e-06,0,0.000162,3e-06,1.7e-05,0,1e-06,0,2e-06,0.000571,6e-06,0.000266,8e-06,0,0,0,0,5e-06,2.7e-05,0,0,1e-06,1.7e-05,0,0,2.5e-05,0.000122,0,0.000118,0,1e-06,3e-06,2.9e-05,0,1e-06,0.000117,2.5e-05,0,4.2e-05,1.2e-05,1e-06,0,1e-06,1e-06,0,0,1e-05,0,0,1e-06,0,0,1.7e-05,0,0,1.7e-05,4e-05,0,0,0.000155,1e-06,1e-06,3e-06,0,0,8e-06,0,9e-05,0,0,0,0,1e-06,0,1e-06,0,4e-06,0,0.000191,1.1e-05,1.1e-05,4.8e-05,1e-06,5e-06,0,0,0,1e-06,1e-06,0,2e-06,4e-06,1e-06,0,1e-06,1.6e-05,0,0,1e-06,5e-06,0,0,5.5e-05,7.2e-05,2.2e-05,3e-06,2.7e-05,8.5e-05,2.1e-05,0.000166,0,1e-06,1e-06,0,6e-06,1.4e-05,3e-06,8.8e-05,2e-06,2e-06,0,5e-06,0,0.000194,0,0,1e-06,0,0,8e-06,1e-06,0,1.3e-05,8e-06,0,0,6e-05,2e-06,0.000154,1e-06,3e-06,1.5e-05,1e-06,1e-06,1.8e-05,0,0,0,0,0,0.000119,1.8e-05,5.1e-05,0,2.1e-05,6e-06,0,0,0,1e-06,5e-06,1e-06,0,2.4e-05,0,0,0,0.000132,0,0,2e-06,1e-06,0.000117,1.5e-05,0,0.000118,0,0,0,0,0,0,0
"manyara/kiteto/kibaya",4e-06,1e-06,1e-06,5e-06,0,3.3e-05,0,0,0,9.1e-05,2e-06,0,3e-06,4.6e-05,8e-06,0,0,2e-06,0,1e-06,2e-06,3e-06,1e-06,1e-06,1e-06,0,1e-06,0,0.000918,2e-06,2.9e-05,0.000193,1e-06,1e-06,1e-06,1e-06,4e-06,1.4e-05,1e-06,8e-06,0,0,0.001001,8e-06,5e-04,0,1e-06,0.001012,0.000187,0,0,0,0,0,1.5e-05,0,1e-06,1e-06,9.5e-05,0.000112,8e-06,1.4e-05,1.6e-05,0.000459,0,3.1e-05,1.1e-05,0,4e-06,8.3e-05,0,0,1e-06,4e-06,1e-06,1.2e-05,2e-06,0,0,0,0,2e-06,0,1e-06,1e-06,0,0.000197,0,8e-06,0.00022,0,0,0.000233,2.2e-05,1e-06,1.5e-05,1.1e-05,0,0.000111,2.7e-05,0,0,4.7e-05,7e-06,3e-06,0.000102,0,1.9e-05,6e-06,2.7e-05,8e-06,5.9e-05,9e-06,0,1e-06,1e-06,7.1e-05,0,0.00011,9e-06,3e-06,0.000179,1e-06,3e-06,0,2.1e-05,0.000961,0.000208,2e-05,1e-06,1e-06,1.7e-05,5.5e-05,4e-06,0,2.5e-05,1e-06,1.3e-05,0.000148,3e-05,1.2e-05,1e-06,8e-06,3e-06,1e-06,5.1e-05,0,5.1e-05,4.1e-05,1.4e-05,1e-06,1e-06,1e-06,2e-06,6.1e-05,0.000225,2e-06,1e-06,4.1e-05,0.00159,8e-06,0.000118,0,3e-06,0,1e-06,1.2e-05,6e-06,4.9e-05,6e-06,0.000296,4.1e-05,0.000715,4.3e-05,3e-06,7.5e-05,0.000113,0,3.1e-05,0.000426,1e-06,1e-06,0.000196,6e-06,0.000179,0.005803,0,1e-06,9.4e-05,2.7e-05,8e-06,3e-06,3e-06,0,3.2e-05,0.000108,1e-06,0,3.7e-05,0,9.3e-05,0.000139,6.4e-05,0,5.5e-05,3e-06,0.000389,3.4e-05,1.5e-05,1e-06,1e-06,1e-06,0.000123,0,0,1.8e-05,0,0.000504,5e-06,2.9e-05,0,0,0,1e-06,0.000108,2e-06,0.000149,1e-06,1e-06,0,0,0,8.2e-05,9.2e-05,0.000632,0,1e-06,1.4e-05,8e-06,1e-06,1.2e-05,0.001179,0,0.000944,1e-06,1e-06,2e-06,3.9e-05,1e-06,4e-06,0.000234,0.000143,1e-06,6.8e-05,2.4e-05,4.1e-05,1e-06,5e-06,0,1e-06,1e-06,1.2e-05,0,1e-06,2.4e-05,1e-06,0,7e-05,0,8e-06,6e-05,0.000118,1e-06,1e-06,0.000327,2e-06,4.8e-05,8.4e-05,0,2e-06,6e-06,0,0.000599,1e-06,0.000145,1e-06,0,2e-06,1e-06,1e-06,0.000215,6e-06,4e-06,0.000217,8e-06,1.1e-05,6e-05,1e-06,3e-05,9e-06,0,0,1e-06,1.4e-05,0.000608,7.5e-05,6e-06,1e-06,0,1e-06,4.7e-05,4e-06,0.000335,0,5e-06,0,1e-06,0.000113,0.00017,7.4e-05,1.3e-05,7.7e-05,1.4e-05,5.5e-05,0.000393,1.4e-05,1.7e-05,2e-06,2e-06,1.5e-05,2.5e-05,9e-06,0.000431,5.7e-05,0.000164,0.000692,3e-06,2e-06,0.000184,4e-06,0,0,0,1e-06,0.000186,6e-05,5e-06,2.6e-05,0.00011,7e-06,0,3.2e-05,2e-06,0.000295,1.7e-05,2.2e-05,4.1e-05,4e-06,1e-06,8e-06,0,0,1e-06,0,1e-06,0.000195,3.9e-05,0.000119,0.000124,2.1e-05,3e-06,0,2e-06,8.3e-05,1e-06,1.3e-05,1.2e-05,0,7.2e-05,0,0,0,0.000338,4e-06,0,5e-06,1e-06,7.5e-05,1.4e-05,0,8.6e-05,1e-06,1e-06,2e-06,0,1e-06,0,0
"kilimanjaro/moshimunicipal/kiboriloni",0,0,0,0,0,0,0,0,0,0,0,0,0,0,0,0,0,0,0,0,0,0,0,0,0,0,0,0,0,0,0,0,0,0,0,0,0,0,0,0,0,0,0,0,0,0,0,0,0,0,0,0,0,0,0,0,0,0,0,0,0,0,0,0,0,0,0,0,0,0,0,0,0,0,0,0,0,0,0,0,0,0,0,0,0,0,0,0,0,0,0,0,0,0,0,0,0,0,0,0,0,0,0,0,0,0,0,0,0,0,0,0,0,0,0,0,0,0,0,0,0,0,0,0,0,0,0,0,0,0,0,0,0,0,0,0,0,0,0,0,0,0,0,0,0,0,0,0,0,0,0,0,0,0,0,0,0,0,0,0,0,0,0,0,0,0,0,0,0,0,0,0,0,0,0,0,0,0,0,0,0,0,0,0,0,0,0,0,0,0,0,0,0,0,0,0,0,0,0,0,0,0,0,0,0,0,0,0,0,0,0,0,0,0,0,0,0,0,0,0,0,0,0,0,0,0,0,0,0,0,0,0,0,0,0,0,0,0,0,0,0,0,0,0,0,0,0,0,0,0,0,0,0,0,0,0,0,0,0,0,0,0,0,0,0,0,0,0,0,0,0,0,0,0,0,0,0,0,0,0,0,0,0,0,0,0,0,0,0,0,0,0,0,0,0,0,0,0,0,0,0,0,0,0,0,0,0,0,0,0,0,0,0,0,0,0,0,0,0,0,0,0,0,0,0,0,0,0,0,0,0,0,0,0,0,0,0,0,0,0,0,0,0,0,0,0,0,0,0,0,0,0,0,0,0,0,0,0,0,0,0,0,0,0,0,0,0,0,0,0,0,0,0,0,0,0,0,0,0,0,0,0,0,0,0,0,0,0,0,0,0,0,0,0,0,0,0,0
"kilimanjaro/moshi/kiboshokati",0,0,0,0,0,0,0,0,0,0,0,0,0,0,0,0,0,0,0,0,0,0,0,0,0,0,0,0,0,0,0,0,0,0,0,0,0,0,0,0,0,0,0,0,0,0,0,0,0,0,0,0,0,0,0,0,0,0,0,0,0,0,0,0,0,0,0,0,0,0,0,0,0,0,0,0,0,0,0,0,0,0,0,0,0,0,0,0,0,0,0,0,0,0,0,0,0,0,0,0,0,0,0,0,0,0,0,0,0,0,0,0,0,0,0,0,0,0,0,0,0,0,0,0,0,0,0,0,0,0,0,0,0,0,0,0,0,0,0,0,0,0,0,0,0,0,0,0,0,0,0,0,0,0,0,0,0,0,0,0,0,0,0,0,0,0,0,0,0,0,0,0,0,0,0,0,0,0,0,0,0,0,0,0,0,0,0,0,0,0,0,0,0,0,0,0,0,0,0,0,0,0,0,0,0,0,0,0,0,0,0,0,0,0,0,0,0,0,0,0,0,0,0,0,0,0,0,0,0,0,0,0,0,0,0,0,0,0,0,0,0,0,0,0,0,0,0,0,0,0,0,0,0,0,0,0,0,0,0,0,0,0,0,0,0,0,0,0,0,0,0,0,0,0,0,0,0,0,0,0,0,0,0,0,0,0,0,0,0,0,0,0,0,0,0,0,0,0,0,0,0,0,0,0,0,0,0,0,0,0,0,0,0,0,0,0,0,0,0,0,0,0,0,0,0,0,0,0,0,0,0,0,0,0,0,0,0,0,0,0,0,0,0,0,0,0,0,0,0,0,0,0,0,0,0,0,0,0,0,0,0,0,0,0,0,0,0,0,0,0,0,0,0,0,0,0,0,0,0,0,0,0,0,0,0,0,0,0,0,0,0,0,0,0,0,0,0,0
"kilimanjaro/moshi/kiboshomagharibi",0,0,0,0,0,0,0,0,0,0,0,0,0,0,0,0,0,0,0,0,0,0,0,0,0,0,0,0,0,0,0,0,0,0,0,0,0,0,0,0,0,0,0,0,0,0,0,0,0,0,0,0,0,0,0,0,0,0,0,0,0,0,0,0,0,0,0,0,0,0,0,0,0,0,0,0,0,0,0,0,0,0,0,0,0,0,0,0,0,0,0,0,0,0,0,0,0,0,0,0,0,0,0,0,0,0,0,0,0,0,0,0,0,0,0,0,0,0,0,0,0,0,0,0,0,0,0,0,0,0,0,0,0,0,0,0,0,0,0,0,0,0,0,0,0,0,0,0,0,0,0,0,0,0,0,0,0,0,0,0,0,0,0,0,0,0,0,0,0,0,0,0,0,0,0,0,0,0,0,0,0,0,0,0,0,0,0,0,0,0,0,0,0,0,0,0,0,0,0,0,0,0,0,0,0,0,0,0,0,0,0,0,0,0,0,0,0,0,0,0,0,0,0,0,0,0,0,0,0,0,0,0,0,0,0,0,0,0,0,0,0,0,0,0,0,0,0,0,0,0,0,0,0,0,0,0,0,0,0,0,0,0,0,0,0,0,0,0,0,0,0,0,0,0,0,0,0,0,0,0,0,0,0,0,0,0,0,0,0,0,0,0,0,0,0,0,0,0,0,0,0,0,0,0,0,0,0,0,0,0,0,0,0,0,0,0,0,0,0,0,0,0,0,0,0,0,0,0,0,0,0,0,0,0,0,0,0,0,0,0,0,0,0,0,0,0,0,0,0,0,0,0,0,0,0,0,0,0,0,0,0,0,0,0,0,0,0,0,0,0,0,0,0,0,0,0,0,0,0,0,0,0,0,0,0,0,0,0,0,0,0,0,0,0,0,0,0,0
"kilimanjaro/moshi/kiboshomashariki",0,0,0,0,0,0,0,0,0,0,0,0,0,0,0,0,0,0,0,0,0,0,0,0,0,0,0,0,0,0,0,0,0,0,0,0,0,0,0,0,0,0,0,0,0,0,0,0,0,0,0,0,0,0,0,0,0,0,0,0,0,0,0,0,0,0,0,0,0,0,0,0,0,0,0,0,0,0,0,0,0,0,0,0,0,0,0,0,0,0,0,0,0,0,0,0,0,0,0,0,0,0,0,0,0,0,0,0,0,0,0,0,0,0,0,0,0,0,0,0,0,0,0,0,0,0,0,0,0,0,0,0,0,0,0,0,0,0,0,0,0,0,0,0,0,0,0,0,0,0,0,0,0,0,0,0,0,0,0,0,0,0,0,0,0,0,0,0,0,0,0,0,0,0,0,0,0,0,0,0,0,0,0,0,0,0,0,0,0,0,0,0,0,0,0,0,0,0,0,0,0,0,0,0,0,0,0,0,0,0,0,0,0,0,0,0,0,0,0,0,0,0,0,0,0,0,0,0,0,0,0,0,0,0,0,0,0,0,0,0,0,0,0,0,0,0,0,0,0,0,0,0,0,0,0,0,0,0,0,0,0,0,0,0,0,0,0,0,0,0,0,0,0,0,0,0,0,0,0,0,0,0,0,0,0,0,0,0,0,0,0,0,0,0,0,0,0,0,0,0,0,0,0,0,0,0,0,0,0,0,0,0,0,0,0,0,0,0,0,0,0,0,0,0,0,0,0,0,0,0,0,0,0,0,0,0,0,0,0,0,0,0,0,0,0,0,0,0,0,0,0,0,0,0,0,0,0,0,0,0,0,0,0,0,0,0,0,0,0,0,0,0,0,0,0,0,0,0,0,0,0,0,0,0,0,0,0,0,0,0,0,0,0,0,0,0,0,0
"kilimanjaro/mwanga/kifula",0,0,0,0,0,0,0,0,0,0,0,0,0,0,0,0,0,0,0,0,0,0,0,0,0,0,0,0,0,0,0,0,0,0,0,0,0,0,0,0,0,0,0,0,0,0,0,0,0,0,0,0,0,0,0,0,0,0,0,0,0,0,0,0,0,0,0,0,0,0,0,0,0,0,0,0,0,0,0,0,0,0,0,0,0,0,0,0,0,0,0,0,0,0,0,0,0,0,0,0,0,0,0,0,0,0,0,0,0,0,0,0,0,0,0,0,0,0,0,0,0,0,0,0,0,0,0,0,0,0,0,0,0,0,0,0,0,0,0,0,0,0,0,0,0,0,0,0,0,0,0,0,0,0,0,0,0,0,0,0,0,0,0,0,0,0,0,0,0,0,0,0,0,0,0,0,0,0,0,0,0,0,0,0,0,0,0,0,0,0,0,0,0,0,0,0,0,0,0,0,0,0,0,0,0,0,0,0,0,0,0,0,0,0,0,0,0,0,0,0,0,0,0,0,0,0,0,0,0,0,0,0,0,0,0,0,0,0,0,0,0,0,0,0,0,0,0,0,0,0,0,0,0,0,0,0,0,0,0,0,0,0,0,0,0,0,0,0,0,0,0,0,0,0,0,0,0,0,0,0,0,0,0,0,0,0,0,0,0,0,0,0,0,0,0,0,0,0,0,0,0,0,0,0,0,0,0,0,0,0,0,0,0,0,0,0,0,0,0,0,0,0,0,0,0,0,0,0,0,0,0,0,0,0,0,0,0,0,0,0,0,0,0,0,0,0,0,0,0,0,0,0,0,0,0,0,0,0,0,0,0,0,0,0,0,0,0,0,0,0,0,0,0,0,0,0,0,0,0,0,0,0,0,0,0,0,0,0,0,0,0,0,0,0,0,0,0,0
"kilimanjaro/mwanga/kighare",0,0,0,0,0,0,0,0,0,0,0,0,0,0,0,0,0,0,0,0,0,0,0,0,0,0,0,0,0,0,0,0,0,0,0,0,0,0,0,0,0,0,0,0,0,0,0,0,0,0,0,0,0,0,0,0,0,0,0,0,0,0,0,0,0,0,0,0,0,0,0,0,0,0,0,0,0,0,0,0,0,0,0,0,0,0,0,0,0,0,0,0,0,0,0,0,0,0,0,0,0,0,0,0,0,0,0,0,0,0,0,0,0,0,0,0,0,0,0,0,0,0,0,0,0,0,0,0,0,0,0,0,0,0,0,0,0,0,0,0,0,0,0,0,0,0,0,0,0,0,0,0,0,0,0,0,0,0,0,0,0,0,0,0,0,0,0,0,0,0,0,0,0,0,0,0,0,0,0,0,0,0,0,0,0,0,0,0,0,0,0,0,0,0,0,0,0,0,0,0,0,0,0,0,0,0,0,0,0,0,0,0,0,0,0,0,0,0,0,0,0,0,0,0,0,0,0,0,0,0,0,0,0,0,0,0,0,0,0,0,0,0,0,0,0,0,0,0,0,0,0,0,0,0,0,0,0,0,0,0,0,0,0,0,0,0,0,0,0,0,0,0,0,0,0,0,0,0,0,0,0,0,0,0,0,0,0,0,0,0,0,0,0,0,0,0,0,0,0,0,0,0,0,0,0,0,0,0,0,0,0,0,0,0,0,0,0,0,0,0,0,0,0,0,0,0,0,0,0,0,0,0,0,0,0,0,0,0,0,0,0,0,0,0,0,0,0,0,0,0,0,0,0,0,0,0,0,0,0,0,0,0,0,0,0,0,0,0,0,0,0,0,0,0,0,0,0,0,0,0,0,0,0,0,0,0,0,0,0,0,0,0,0,0,0,0,0,0
"kilimanjaro/mwanga/kigoningoni",0,0,0,0,0,0,0,0,0,0,0,0,0,0,0,0,0,0,0,0,0,0,0,0,0,0,0,0,0,0,0,0,0,0,0,0,0,0,0,0,0,0,0,0,0,0,0,0,0,0,0,0,0,0,0,0,0,0,0,0,0,0,0,0,0,0,0,0,0,0,0,0,0,0,0,0,0,0,0,0,0,0,0,0,0,0,0,0,0,0,0,0,0,0,0,0,0,0,0,0,0,0,0,0,0,0,0,0,0,0,0,0,0,0,0,0,0,0,0,0,0,0,0,0,0,0,0,0,0,0,0,0,0,0,0,0,0,0,0,0,0,0,0,0,0,0,0,0,0,0,0,0,0,0,0,0,0,0,0,0,0,0,0,0,0,0,0,0,0,0,0,0,0,0,0,0,0,0,0,0,0,0,0,0,0,0,0,0,0,0,0,0,0,0,0,0,0,0,0,0,0,0,0,0,0,0,0,0,0,0,0,0,0,0,0,0,0,0,0,0,0,0,0,0,0,0,0,0,0,0,0,0,0,0,0,0,0,0,0,0,0,0,0,0,0,0,0,0,0,0,0,0,0,0,0,0,0,0,0,0,0,0,0,0,0,0,0,0,0,0,0,0,0,0,0,0,0,0,0,0,0,0,0,0,0,0,0,0,0,0,0,0,0,0,0,0,0,0,0,0,0,0,0,0,0,0,0,0,0,0,0,0,0,0,0,0,0,0,0,0,0,0,0,0,0,0,0,0,0,0,0,0,0,0,0,0,0,0,0,0,0,0,0,0,0,0,0,0,0,0,0,0,0,0,0,0,0,0,0,0,0,0,0,0,0,0,0,0,0,0,0,0,0,0,0,0,0,0,0,0,0,0,0,0,0,0,0,0,0,0,0,0,0,0,0,0,0,0
"kilimanjaro/same/kihurio",0,0,0,0,0,0,0,0,0,0,0,0,0,0,0,0,0,0,0,0,0,0,0,0,0,0,0,0,0,0,0,0,0,0,0,0,0,0,0,0,0,0,0,0,0,0,0,0,0,0,0,0,0,0,0,0,0,0,0,0,0,0,0,0,0,0,0,0,0,0,0,0,0,0,0,0,0,0,0,0,0,0,0,0,0,0,0,0,0,0,0,0,0,0,0,0,0,0,0,0,0,0,0,0,0,0,0,0,0,0,0,0,0,0,0,0,0,0,0,0,0,0,0,0,0,0,0,0,0,0,0,0,0,0,0,0,0,0,0,0,0,0,0,0,0,0,0,0,0,0,0,0,0,0,0,0,0,0,0,0,0,0,0,0,0,0,0,0,0,0,0,0,0,0,0,0,0,0,0,0,0,0,0,0,0,0,0,0,0,0,0,0,0,0,0,0,0,0,0,0,0,0,0,0,0,0,0,0,0,0,0,0,0,0,0,0,0,0,0,0,0,0,0,0,0,0,0,0,0,0,0,0,0,0,0,0,0,0,0,0,0,0,0,0,0,0,0,0,0,0,0,0,0,0,0,0,0,0,0,0,0,0,0,0,0,0,0,0,0,0,0,0,0,0,0,0,0,0,0,0,0,0,0,0,0,0,0,0,0,0,0,0,0,0,0,0,0,0,0,0,0,0,0,0,0,0,0,0,0,0,0,0,0,0,0,0,0,0,0,0,0,0,0,0,0,0,0,0,0,0,0,0,0,0,0,0,0,0,0,0,0,0,0,0,0,0,0,0,0,0,0,0,0,0,0,0,0,0,0,0,0,0,0,0,0,0,0,0,0,0,0,0,0,0,0,0,0,0,0,0,0,0,0,0,0,0,0,0,0,0,0,0,0,0,0,0,0,0
"manyara/kiteto/kijungu",0,0,0,0,0,0,0,0,0,0,0,0,0,0,0,0,0,0,0,0,0,0,0,0,0,0,0,0,0,0,0,0,0,0,0,0,0,0,0,0,0,0,0,0,0,0,0,0,0,0,0,0,0,0,0,0,0,0,0,0,0,0,0,0,0,0,0,0,0,0,0,0,0,0,0,0,0,0,0,0,0,0,0,0,0,0,0,0,0,0,0,0,0,0,0,0,0,0,0,0,0,0,0,0,0,0,0,0,0,0,0,0,0,0,0,0,0,0,0,0,0,0,0,0,0,0,0,0,0,0,0,0,0,0,0,0,0,0,0,0,0,0,0,0,0,0,0,0,0,0,0,0,0,0,0,0,0,0,0,0,0,0,0,0,0,0,0,0,0,0,0,0,0,0,0,0,0,0,0,0,0,0,0,0,0,0,0,0,0,0,0,0,0,0,0,0,0,0,0,0,0,0,0,0,0,0,0,0,0,0,0,0,0,0,0,0,0,0,0,0,0,0,0,0,0,0,0,0,0,0,0,0,0,0,0,0,0,0,0,0,0,0,0,0,0,0,0,0,0,0,0,0,0,0,0,0,0,0,0,0,0,0,0,0,0,0,0,0,0,0,0,0,0,0,0,0,0,0,0,0,0,0,0,0,0,0,0,0,0,0,0,0,0,0,0,0,0,0,0,0,0,0,0,0,0,0,0,0,0,0,0,0,0,0,0,0,0,0,0,0,0,0,0,0,0,0,0,0,0,0,0,0,0,0,0,0,0,0,0,0,0,0,0,0,0,0,0,0,0,0,0,0,0,0,0,0,0,0,0,0,0,0,0,0,0,0,0,0,0,0,0,0,0,0,0,0,0,0,0,0,0,0,0,0,0,0,0,0,0,0,0,0,0,0,0,0,0,0
"arusha/meru/kikatiti",0.011065,3.7e-05,0.000176,0.000229,4e-06,0.014462,2e-06,2e-06,3e-06,0.00086,1.3e-05,2e-06,0.00548,0.072307,0.000123,7e-06,5e-06,1.9e-05,3e-06,1.2e-05,2.2e-05,0.011619,3e-06,0.000367,2.5e-05,0.000116,6e-06,6e-06,2e-06,3.4e-05,0.018502,1.1e-05,1.5e-05,6.2e-05,3.8e-05,7e-06,0.004769,0.000172,1.7e-05,0.000324,3e-06,2e-06,0.000494,0.000123,7.1e-05,3e-06,0.000202,0.544224,0.007229,1.3e-05,4e-06,8e-06,1.2e-05,4e-06,0.000128,2e-06,0.001179,1.2e-05,0.001067,0.00351,0.00146,0.001766,0.005814,3.4e-05,0,0.034899,0.003514,2e-06,0.000199,0.001099,8e-06,0,0.00139,6.8e-05,1.1e-05,0.001384,0.000128,1e-06,2e-06,2e-06,1e-06,1.4e-05,3e-06,3e-06,6e-06,3e-06,0.335505,2e-06,9.7e-05,0.004064,1e-06,3e-06,0.04425,0.031039,8.2e-05,0.000244,0.016893,3.9e-05,0.034715,0.007117,4e-06,5e-06,0.000751,0.007328,0.00179,0.031764,6e-06,0.014534,0.013931,0.001396,0.011168,0.017424,6.8e-05,0.000177,0.00026,0.000165,0.187772,8e-06,0.056061,0.005862,0.003962,0.098252,0.000104,0.000384,3.6e-05,0.000294,0.000472,0,0.069785,0.000264,0.000205,0.006908,0.01109,0.00299,2.5e-05,0.034011,0.00135,0.005877,0.028187,0.025663,0.159205,1.7e-05,0.00824,0.002161,0.000277,0.0051,8e-06,0.018209,0.015382,0.004519,0.00017,8.4e-05,0.000206,5.5e-05,0.001726,0.085918,0.000572,0.000303,9.4e-05,0.57453,0.001335,0.010236,0.000183,0.00021,2e-06,2e-06,0.002176,0.027138,0.052622,0.000618,0.000156,0.007017,0.479773,0.00114,0.003345,0.000832,0.009583,9.6e-05,0.021487,0.000298,1.1e-05,4.7e-05,0.002226,0.002772,0.155651,0.89361,0.000254,0.000502,0.092998,0.033321,0.007151,3.4e-05,0.000107,5e-06,0.000762,1.9e-05,0.000162,5e-06,0.021872,8e-06,0.682562,0.000186,0.001552,0.001932,0.014573,0.013719,0.084499,0.003916,0.000525,0.000244,0.000216,2.2e-05,0.023386,7.5e-05,3e-06,0.000349,3e-06,0.091967,0.001494,0.008514,4e-06,0.00499,2e-06,0.000985,0.189071,0.004146,0.153679,0.001601,1.9e-05,2e-06,1e-06,5e-06,0.006369,0.047615,4.9e-05,3e-05,0.000409,0.032071,0.000664,0.000134,0.017115,0.102033,0.000185,0.08806,2.2e-05,0.000347,0.001178,0.067442,3e-06,0.001423,0.226587,0.053915,0.000157,0.094182,0.008672,0.000696,0.000195,0.000632,0.000262,2.9e-05,2e-05,0.005383,1.2e-05,2.1e-05,0.001677,2e-04,5e-06,0.029917,3e-06,0.000184,0.030967,0.018856,9.8e-05,3e-05,0.074228,0.000409,0.000745,0.00366,5e-06,0.000119,0.003364,1.5e-05,0.098701,1.2e-05,1.2e-05,8e-06,1e-06,0.000491,6e-06,0.001044,7e-05,0.003853,5.8e-05,0.316966,0.00429,0.011548,0.142643,0.00124,0.002995,0.000258,5.7e-05,2.9e-05,0.000339,0.00073,1.3e-05,0.003366,0.011764,0.004172,0.001103,0.000443,0.044477,0.000195,3e-05,0.000233,0.002468,6e-06,3.4e-05,0.138439,0.04194,0.048722,0.003177,0.052154,0.055161,0.022063,0.36674,0.000573,0.000785,0.002668,6.1e-05,0.01287,0.032384,0.00653,0.150274,0.001917,0.002182,1.5e-05,0.001797,0.000123,0.460829,2.6e-05,7e-06,0.000292,1e-05,6e-06,0.004968,0.000386,0.000193,0.028072,0.004618,0.000256,2e-06,0.070516,0.007084,0.283828,0.002307,0.004198,0.01649,0.000517,0.000283,0.005857,4e-06,2e-06,4e-06,1e-06,4.2e-05,0.248001,0.051372,0.099798,1.6e-05,0.066477,0.002124,1.2e-05,2.8e-05,3.8e-05,0.000388,0.010201,0.001409,0.000557,0.042821,3e-06,2.8e-05,3e-06,0.078478,3e-05,2e-06,0.005293,0.000342,0.048022,0.007039,0.000228,0.367782,0.000163,2.9e-05,5.2e-05,1.3e-05,8e-06,4e-06,3e-06
"arusha/meru/kikwe",0,0,0,0,0,0,0,0,0,0,0,0,0,0,0,0,0,0,0,0,0,0,0,0,0,0,0,0,0,0,0,0,0,0,0,0,0,0,0,0,0,0,0,0,0,0,0,0,0,0,0,0,0,0,0,0,0,0,0,0,0,0,0,0,0,0,0,0,0,0,0,0,0,0,0,0,0,0,0,0,0,0,0,0,0,0,0,0,0,0,0,0,0,0,0,0,0,0,0,0,0,0,0,0,0,0,0,0,0,0,0,0,0,0,0,0,0,0,0,0,0,0,0,0,0,0,0,0,0,0,0,0,0,0,0,0,0,0,0,0,0,0,0,0,0,0,0,0,0,0,0,0,0,0,0,0,0,0,0,0,0,0,0,0,0,0,0,0,0,0,0,0,0,0,0,0,0,0,0,0,0,0,0,0,0,0,0,0,0,0,0,0,0,0,0,0,0,0,0,0,0,0,0,0,0,0,0,0,0,0,0,0,0,0,0,0,0,0,0,0,0,0,0,0,0,0,0,0,0,0,0,0,0,0,0,0,0,0,0,0,0,0,0,0,0,0,0,0,0,0,0,0,0,0,0,0,0,0,0,0,0,0,0,0,0,0,0,0,0,0,0,0,0,0,0,0,0,0,0,0,0,0,0,0,0,0,0,0,0,0,0,0,0,0,0,0,0,0,0,0,0,0,0,0,0,0,0,0,0,0,0,0,0,0,0,0,0,0,0,0,0,0,0,0,0,0,0,0,0,0,0,0,0,0,0,0,0,0,0,0,0,0,0,0,0,0,0,0,0,0,0,0,0,0,0,0,0,0,0,0,0,0,0,0,0,0,0,0,0,0,0,0,0,0,0,0,0,0,0,0,0,0,0,0,0,0,0,0,0,0,0,0,0,0,0,0,0,0
"kilimanjaro/moshi/kilemakaskazini",0,0,0,0,0,0,0,0,0,0,0,0,0,0,0,0,0,0,0,0,0,0,0,0,0,0,0,0,0,0,0,0,0,0,0,0,0,0,0,0,0,0,0,0,0,0,0,0,0,0,0,0,0,0,0,0,0,0,0,0,0,0,0,0,0,0,0,0,0,0,0,0,0,0,0,0,0,0,0,0,0,0,0,0,0,0,0,0,0,0,0,0,0,0,0,0,0,0,0,0,0,0,0,0,0,0,0,0,0,0,0,0,0,0,0,0,0,0,0,0,0,0,0,0,0,0,0,0,0,0,0,0,0,0,0,0,0,0,0,0,0,0,0,0,0,0,0,0,0,0,0,0,0,0,0,0,0,0,0,0,0,0,0,0,0,0,0,0,0,0,0,0,0,0,0,0,0,0,0,0,0,0,0,0,0,0,0,0,0,0,0,0,0,0,0,0,0,0,0,0,0,0,0,0,0,0,0,0,0,0,0,0,0,0,0,0,0,0,0,0,0,0,0,0,0,0,0,0,0,0,0,0,0,0,0,0,0,0,0,0,0,0,0,0,0,0,0,0,0,0,0,0,0,0,0,0,0,0,0,0,0,0,0,0,0,0,0,0,0,0,0,0,0,0,0,0,0,0,0,0,0,0,0,0,0,0,0,0,0,0,0,0,0,0,0,0,0,0,0,0,0,0,0,0,0,0,0,0,0,0,0,0,0,0,0,0,0,0,0,0,0,0,0,0,0,0,0,0,0,0,0,0,0,0,0,0,0,0,0,0,0,0,0,0,0,0,0,0,0,0,0,0,0,0,0,0,0,0,0,0,0,0,0,0,0,0,0,0,0,0,0,0,0,0,0,0,0,0,0,0,0,0,0,0,0,0,0,0,0,0,0,0,0,0,0,0,0,0
"kilimanjaro/moshi/kilemakati",0,0,0,0,0,0,0,0,0,0,0,0,0,0,0,0,0,0,0,0,0,0,0,0,0,0,0,0,0,0,0,0,0,0,0,0,0,0,0,0,0,0,0,0,0,0,0,0,0,0,0,0,0,0,0,0,0,0,0,0,0,0,0,0,0,0,0,0,0,0,0,0,0,0,0,0,0,0,0,0,0,0,0,0,0,0,0,0,0,0,0,0,0,0,0,0,0,0,0,0,0,0,0,0,0,0,0,0,0,0,0,0,0,0,0,0,0,0,0,0,0,0,0,0,0,0,0,0,0,0,0,0,0,0,0,0,0,0,0,0,0,0,0,0,0,0,0,0,0,0,0,0,0,0,0,0,0,0,0,0,0,0,0,0,0,0,0,0,0,0,0,0,0,0,0,0,0,0,0,0,0,0,0,0,0,0,0,0,0,0,0,0,0,0,0,0,0,0,0,0,0,0,0,0,0,0,0,0,0,0,0,0,0,0,0,0,0,0,0,0,0,0,0,0,0,0,0,0,0,0,0,0,0,0,0,0,0,0,0,0,0,0,0,0,0,0,0,0,0,0,0,0,0,0,0,0,0,0,0,0,0,0,0,0,0,0,0,0,0,0,0,0,0,0,0,0,0,0,0,0,0,0,0,0,0,0,0,0,0,0,0,0,0,0,0,0,0,0,0,0,0,0,0,0,0,0,0,0,0,0,0,0,0,0,0,0,0,0,0,0,0,0,0,0,0,0,0,0,0,0,0,0,0,0,0,0,0,0,0,0,0,0,0,0,0,0,0,0,0,0,0,0,0,0,0,0,0,0,0,0,0,0,0,0,0,0,0,0,0,0,0,0,0,0,0,0,0,0,0,0,0,0,0,0,0,0,0,0,0,0,0,0,0,0,0,0,0,0
"kilimanjaro/moshi/kilemakusini",0.000503,1.6e-05,0.002916,0.000133,2e-06,0.043226,1e-06,1e-06,2e-06,0.000422,7e-06,1e-06,0.00033,0.004662,7e-05,3e-06,3e-06,1.1e-05,2e-06,7e-06,3.7e-05,0.001372,2e-06,0.001584,5.3e-05,0.000479,3e-06,3e-06,1e-06,6.3e-05,0.001691,9e-06,3.1e-05,0.000324,1.7e-05,4e-06,0.000371,9.4e-05,8e-06,0.000193,2e-06,1e-06,0.000444,6.8e-05,5.9e-05,2e-06,5.3e-05,0.077212,0.002296,6e-06,2e-06,4e-06,5e-06,2e-06,7.4e-05,1e-06,0.000148,5e-06,0.001096,0.001967,0.000628,0.000572,0.001268,2.8e-05,0,0.002656,0.000556,2e-06,6.3e-05,0.000498,3e-06,0,0.000305,3.1e-05,7e-06,0.000579,4.9e-05,1e-06,1e-06,1e-06,1e-06,8e-06,1e-06,2e-06,4e-06,2e-06,0.1109,1e-06,6.1e-05,0.006768,1e-06,2e-06,0.693434,0.00237,2.5e-05,0.000118,0.005189,0.000323,0.249808,0.170052,2e-06,3e-06,0.001451,0.000575,0.008963,0.035767,3e-06,0.035475,0.001305,0.000549,0.003967,0.109651,4.2e-05,1.4e-05,0.003107,0.003119,0.030027,6e-06,0.331067,0.012395,0.005766,0.239525,0.000786,0.002347,0.000212,0.000523,0.000434,0.064438,0.002749,0.004437,0.006782,0,0.174497,0.010175,0.000111,0.002355,0.000114,0.080948,0.012051,0.043924,0.003529,3.1e-05,0.000695,0.00476,0.001888,0.028797,4e-06,0.484804,0.253409,0.339864,0.001479,0.000223,0.001811,0.000129,0.004675,0.012115,0.003451,9.1e-05,9.1e-05,0.897691,0.017398,0.003433,0.00064,0.00093,1e-06,2e-06,0.008736,0.00128,0.004181,0.002548,0.000145,0.00162,0.058437,0.001472,0.001205,0.000412,0.002605,3.4e-05,0.064097,0.000283,2.2e-05,2.8e-05,0.003441,0.015703,0.14682,0.91905,0.000231,0.000636,0.095137,0.022254,0.011119,1.8e-05,4.4e-05,3e-06,0.000316,1.6e-05,0.005389,2e-06,0.104146,3e-06,0.01712,0.000121,0.002711,0.000106,0.17584,0.001104,0.960267,0.001018,0.000273,0.006209,0.010562,9e-06,0.391693,0.001433,1e-06,0.000756,1e-06,0.483785,0.028809,0.274812,3e-06,8.8e-05,1e-06,0.000419,0.068076,0.001299,0.097906,0.001265,9e-06,1e-06,1e-06,2e-06,0.003067,0.005555,3.9e-05,0.000131,0.003341,0.002584,0.000224,0.002752,0.002293,0.021663,0.000814,0.257392,5.3e-05,0.001807,0.006816,0.004007,2e-06,0.000201,0.02067,0.010401,2.5e-05,0.006446,0.014889,0.001335,0.001968,0.005352,0.00178,6.8e-05,4.4e-05,0.008345,4e-06,4.4e-05,0.000569,7.3e-05,2e-06,0.004066,1e-06,7e-05,0.004035,0.111433,0.000956,6.1e-05,0.919248,0.010434,0.001391,0.002289,2e-06,4.6e-05,0.001626,6e-06,0.048361,6e-06,1e-05,4e-06,1e-06,0.002146,3e-06,0.000211,5.5e-05,0.001823,0.000111,0.023561,0.035178,0.003891,0.013172,0.000102,0.004594,0.00012,0.001025,0.000143,0.001565,0.00192,1e-05,0.001191,0.000632,0.000119,5.4e-05,0.000793,0.00463,9.9e-05,2.3e-05,0.002262,0.025942,3e-06,2e-05,0.018324,0.242784,0.00614,0.000572,0.006174,0.006164,0.012871,0.045256,0.000368,0.000486,0.000184,4.2e-05,0.001212,0.002366,0.000697,0.050297,0.001216,0.002005,1.2e-05,0.006967,6e-05,0.024265,1.3e-05,3e-06,0.001246,4e-06,3e-06,0.008307,0.000506,0.000108,0.00258,0.011177,0.000152,1e-06,0.011428,0.000291,0.02615,0.000629,0.000786,0.004859,0.003361,0.004062,0.015682,2e-06,1e-06,2e-06,1e-06,2.8e-05,0.019428,0.004407,0.009317,1.4e-05,0.003037,0.006675,2.5e-05,5.2e-05,3.5e-05,0.001314,0.000967,0.000377,4.1e-05,0.015215,1e-06,0.000118,2e-06,0.332394,1.8e-05,1e-06,0.000431,0.00138,0.148364,0.043513,0.001259,0.012522,0.001549,6.3e-05,0.000113,3.8e-05,1.4e-05,2e-06,2e-06
"kilimanjaro/mwanga/kileo",6e-06,0,1.5e-05,1e-06,0,0.000794,0,0,0,6e-06,0,0,4e-06,5.9e-05,1e-06,0,0,0,0,0,1e-06,1e-05,0,1.2e-05,1e-06,3e-06,0,0,0,1e-06,3.7e-05,0,1e-06,1.3e-05,0,0,5e-06,1e-06,0,3e-06,0,0,5e-06,1e-06,1e-06,0,1e-06,0.001046,3.6e-05,0,0,0,0,0,1e-06,0,2e-06,0,2.2e-05,2e-05,5e-06,5e-06,1.5e-05,0,0,3.5e-05,7e-06,0,1e-06,5e-06,0,0,3e-06,0,0,5e-06,1e-06,0,0,0,0,0,0,0,0,0,0.001254,0,1e-06,0.000101,0,0,0.010946,2.9e-05,0,2e-06,4.7e-05,1.3e-05,0.007181,0.005841,0,0,3e-05,7e-06,6.4e-05,0.000319,0,0.000271,1.4e-05,5e-06,3.5e-05,0.000672,0,0,1.5e-05,1.5e-05,0.000364,0,0.002334,8.2e-05,2.9e-05,0.001798,3.7e-05,0.000104,7e-06,1.1e-05,5e-06,0.000565,3.6e-05,1.5e-05,1.7e-05,0.00104,0,7e-05,4e-06,3e-05,1e-06,0.000335,0.000135,0.000334,4e-05,1e-06,9e-06,3.3e-05,1.3e-05,0.001175,0,0.00243,0.000983,0.000579,8e-06,7e-06,1.3e-05,3e-06,0.000103,0.00016,1.7e-05,1e-06,2e-06,0.026986,0.001422,4e-05,5e-06,3.1e-05,0,0,0.000346,1.4e-05,5.5e-05,9.9e-05,2e-06,1.6e-05,0.000778,3.3e-05,1.1e-05,5e-06,2.7e-05,0,0.00045,5e-06,0,0,7.2e-05,0.00017,0.001267,0.060971,2e-06,5e-06,0.000801,0.000186,0.000113,0,0,0,3e-06,0,2.6e-05,0,7e-04,0,0.000206,2e-06,4.2e-05,1e-06,0.000937,1.1e-05,0.03522,1e-05,4e-06,2.1e-05,2.6e-05,0,0.003548,7e-06,0,1.6e-05,0,0.005369,9.9e-05,0.00086,0,1e-06,0,4e-06,0.000676,1.2e-05,0.000868,1.4e-05,0,0,0,0,3.8e-05,7.4e-05,1e-06,1e-06,1.5e-05,2.6e-05,2e-06,1.4e-05,3.4e-05,0.000483,5e-06,0.006944,1e-06,1.2e-05,4.2e-05,5.3e-05,0,3e-06,0.000265,9.3e-05,0,8.4e-05,0.000116,2.9e-05,1.1e-05,0.000343,1.1e-05,2e-06,1e-06,0.000131,0,1e-06,6e-06,1e-06,0,5.2e-05,0,1e-06,5.1e-05,0.007069,5e-05,1e-06,0.013526,4.1e-05,2.9e-05,3.1e-05,0,1e-06,2.8e-05,0,0.000552,0,0,0,0,1.4e-05,0,2e-06,1e-06,1.7e-05,2e-06,0.000322,0.000194,3.6e-05,0.000105,1e-06,0.000117,2e-06,7e-06,6e-06,1.1e-05,5.3e-05,0,1.2e-05,8e-06,1e-06,1e-06,5e-06,4.3e-05,1e-06,0,1.4e-05,0.00011,0,0,0.00015,0.001807,6.1e-05,9e-06,7.6e-05,6.4e-05,0.000123,0.000412,4e-06,5e-06,2e-06,1e-06,1.5e-05,3e-05,9e-06,0.000412,1.6e-05,2.8e-05,0,5.3e-05,1e-06,0.000305,0,0,8e-06,0,0,0.000195,1e-05,1e-06,3.1e-05,0.000293,2e-06,0,0.000112,4e-06,0.000339,6e-06,1.1e-05,5.8e-05,0.000172,2.2e-05,0.000125,0,0,0,0,0,0.000246,4.1e-05,0.000121,0,3.6e-05,4.9e-05,1e-06,1e-06,0,9e-06,1.3e-05,4e-06,1e-06,0.000112,0,3e-06,0,0.002938,0,0,6e-06,8e-06,0.001028,0.000221,6e-06,0.000158,8e-06,1e-06,2e-06,1e-06,0,0,0
"kilimanjaro/moshimunicipal/kilimanjaro",0,0,0,0,0,0,0,0,0,0,0,0,0,0,0,0,0,0,0,0,0,0,0,0,0,0,0,0,0,0,0,0,0,0,0,0,0,0,0,0,0,0,0,0,0,0,0,0,0,0,0,0,0,0,0,0,0,0,0,0,0,0,0,0,0,0,0,0,0,0,0,0,0,0,0,0,0,0,0,0,0,0,0,0,0,0,0,0,0,0,0,0,0,0,0,0,0,0,0,0,0,0,0,0,0,0,0,0,0,0,0,0,0,0,0,0,0,0,0,0,0,0,0,0,0,0,0,0,0,0,0,0,0,0,0,0,0,0,0,0,0,0,0,0,0,0,0,0,0,0,0,0,0,0,0,0,0,0,0,0,0,0,0,0,0,0,0,0,0,0,0,0,0,0,0,0,0,0,0,0,0,0,0,0,0,0,0,0,0,0,0,0,0,0,0,0,0,0,0,0,0,0,0,0,0,0,0,0,0,0,0,0,0,0,0,0,0,0,0,0,0,0,0,0,0,0,0,0,0,0,0,0,0,0,0,0,0,0,0,0,0,0,0,0,0,0,0,0,0,0,0,0,0,0,0,0,0,0,0,0,0,0,0,0,0,0,0,0,0,0,0,0,0,0,0,0,0,0,0,0,0,0,0,0,0,0,0,0,0,0,0,0,0,0,0,0,0,0,0,0,0,0,0,0,0,0,0,0,0,0,0,0,0,0,0,0,0,0,0,0,0,0,0,0,0,0,0,0,0,0,0,0,0,0,0,0,0,0,0,0,0,0,0,0,0,0,0,0,0,0,0,0,0,0,0,0,0,0,0,0,0,0,0,0,0,0,0,0,0,0,0,0,0,0,0,0,0,0,0,0,0,0,0,0,0,0,0,0,0,0,0,0,0,0,0,0,0,0
"kilimanjaro/mwanga/kilomeni",0,0,0,0,0,0,0,0,0,0,0,0,0,0,0,0,0,0,0,0,0,0,0,0,0,0,0,0,0,0,0,0,0,0,0,0,0,0,0,0,0,0,0,0,0,0,0,0,0,0,0,0,0,0,0,0,0,0,0,0,0,0,0,0,0,0,0,0,0,0,0,0,0,0,0,0,0,0,0,0,0,0,0,0,0,0,0,0,0,0,0,0,0,0,0,0,0,0,0,0,0,0,0,0,0,0,0,0,0,0,0,0,0,0,0,0,0,0,0,0,0,0,0,0,0,0,0,0,0,0,0,0,0,0,0,0,0,0,0,0,0,0,0,0,0,0,0,0,0,0,0,0,0,0,0,0,0,0,0,0,0,0,0,0,0,0,0,0,0,0,0,0,0,0,0,0,0,0,0,0,0,0,0,0,0,0,0,0,0,0,0,0,0,0,0,0,0,0,0,0,0,0,0,0,0,0,0,0,0,0,0,0,0,0,0,0,0,0,0,0,0,0,0,0,0,0,0,0,0,0,0,0,0,0,0,0,0,0,0,0,0,0,0,0,0,0,0,0,0,0,0,0,0,0,0,0,0,0,0,0,0,0,0,0,0,0,0,0,0,0,0,0,0,0,0,0,0,0,0,0,0,0,0,0,0,0,0,0,0,0,0,0,0,0,0,0,0,0,0,0,0,0,0,0,0,0,0,0,0,0,0,0,0,0,0,0,0,0,0,0,0,0,0,0,0,0,0,0,0,0,0,0,0,0,0,0,0,0,0,0,0,0,0,0,0,0,0,0,0,0,0,0,0,0,0,0,0,0,0,0,0,0,0,0,0,0,0,0,0,0,0,0,0,0,0,0,0,0,0,0,0,0,0,0,0,0,0,0,0,0,0,0,0,0,0,0,0,0
"arusha/arushaurban/kimandolu",0,0,0,0,0,0,0,0,0,0,0,0,0,0,0,0,0,0,0,0,0,0,0,0,0,0,0,0,0,0,0,0,0,0,0,0,0,0,0,0,0,0,0,0,0,0,0,0,0,0,0,0,0,0,0,0,0,0,0,0,0,0,0,0,0,0,0,0,0,0,0,0,0,0,0,0,0,0,0,0,0,0,0,0,0,0,0,0,0,0,0,0,0,0,0,0,0,0,0,0,0,0,0,0,0,0,0,0,0,0,0,0,0,0,0,0,0,0,0,0,0,0,0,0,0,0,0,0,0,0,0,0,0,0,0,0,0,0,0,0,0,0,0,0,0,0,0,0,0,0,0,0,0,0,0,0,0,0,0,0,0,0,0,0,0,0,0,0,0,0,0,0,0,0,0,0,0,0,0,0,0,0,0,0,0,0,0,0,0,0,0,0,0,0,0,0,0,0,0,0,0,0,0,0,0,0,0,0,0,0,0,0,0,0,0,0,0,0,0,0,0,0,0,0,0,0,0,0,0,0,0,0,0,0,0,0,0,0,0,0,0,0,0,0,0,0,0,0,0,0,0,0,0,0,0,0,0,0,0,0,0,0,0,0,0,0,0,0,0,0,0,0,0,0,0,0,0,0,0,0,0,0,0,0,0,0,0,0,0,0,0,0,0,0,0,0,0,0,0,0,0,0,0,0,0,0,0,0,0,0,0,0,0,0,0,0,0,0,0,0,0,0,0,0,0,0,0,0,0,0,0,0,0,0,0,0,0,0,0,0,0,0,0,0,0,0,0,0,0,0,0,0,0,0,0,0,0,0,0,0,0,0,0,0,0,0,0,0,0,0,0,0,0,0,0,0,0,0,0,0,0,0,0,0,0,0,0,0,0,0,0,0,0,0,0,0,0,0
"arusha/arusha/kimnyaki",0,0,0,0,0,0,0,0,0,0,0,0,0,0,0,0,0,0,0,0,0,0,0,0,0,0,0,0,0,0,0,0,0,0,0,0,0,0,0,0,0,0,0,0,0,0,0,0,0,0,0,0,0,0,0,0,0,0,0,0,0,0,0,0,0,0,0,0,0,0,0,0,0,0,0,0,0,0,0,0,0,0,0,0,0,0,0,0,0,0,0,0,0,0,0,0,0,0,0,0,0,0,0,0,0,0,0,0,0,0,0,0,0,0,0,0,0,0,0,0,0,0,0,0,0,0,0,0,0,0,0,0,0,0,0,0,0,0,0,0,0,0,0,0,0,0,0,0,0,0,0,0,0,0,0,0,0,0,0,0,0,0,0,0,0,0,0,0,0,0,0,0,0,0,0,0,0,0,0,0,0,0,0,0,0,0,0,0,0,0,0,0,0,0,0,0,0,0,0,0,0,0,0,0,0,0,0,0,0,0,0,0,0,0,0,0,0,0,0,0,0,0,0,0,0,0,0,0,0,0,0,0,0,0,0,0,0,0,0,0,0,0,0,0,0,0,0,0,0,0,0,0,0,0,0,0,0,0,0,0,0,0,0,0,0,0,0,0,0,0,0,0,0,0,0,0,0,0,0,0,0,0,0,0,0,0,0,0,0,0,0,0,0,0,0,0,0,0,0,0,0,0,0,0,0,0,0,0,0,0,0,0,0,0,0,0,0,0,0,0,0,0,0,0,0,0,0,0,0,0,0,0,0,0,0,0,0,0,0,0,0,0,0,0,0,0,0,0,0,0,0,0,0,0,0,0,0,0,0,0,0,0,0,0,0,0,0,0,0,0,0,0,0,0,0,0,0,0,0,0,0,0,0,0,0,0,0,0,0,0,0,0,0,0,0,0,0,0
"kilimanjaro/moshi/kimochi",0,0,0,0,0,0,0,0,0,0,0,0,0,0,0,0,0,0,0,0,0,0,0,0,0,0,0,0,0,0,0,0,0,0,0,0,0,0,0,0,0,0,0,0,0,0,0,0,0,0,0,0,0,0,0,0,0,0,0,0,0,0,0,0,0,0,0,0,0,0,0,0,0,0,0,0,0,0,0,0,0,0,0,0,0,0,0,0,0,0,0,0,0,0,0,0,0,0,0,0,0,0,0,0,0,0,0,0,0,0,0,0,0,0,0,0,0,0,0,0,0,0,0,0,0,0,0,0,0,0,0,0,0,0,0,0,0,0,0,0,0,0,0,0,0,0,0,0,0,0,0,0,0,0,0,0,0,0,0,0,0,0,0,0,0,0,0,0,0,0,0,0,0,0,0,0,0,0,0,0,0,0,0,0,0,0,0,0,0,0,0,0,0,0,0,0,0,0,0,0,0,0,0,0,0,0,0,0,0,0,0,0,0,0,0,0,0,0,0,0,0,0,0,0,0,0,0,0,0,0,0,0,0,0,0,0,0,0,0,0,0,0,0,0,0,0,0,0,0,0,0,0,0,0,0,0,0,0,0,0,0,0,0,0,0,0,0,0,0,0,0,0,0,0,0,0,0,0,0,0,0,0,0,0,0,0,0,0,0,0,0,0,0,0,0,0,0,0,0,0,0,0,0,0,0,0,0,0,0,0,0,0,0,0,0,0,0,0,0,0,0,0,0,0,0,0,0,0,0,0,0,0,0,0,0,0,0,0,0,0,0,0,0,0,0,0,0,0,0,0,0,0,0,0,0,0,0,0,0,0,0,0,0,0,0,0,0,0,0,0,0,0,0,0,0,0,0,0,0,0,0,0,0,0,0,0,0,0,0,0,0,0,0,0,0,0,0,0
"arusha/longido/kimokouwa",0,0,0,0,0,0,0,0,0,0,0,0,0,0,0,0,0,0,0,0,0,0,0,0,0,0,0,0,0,0,0,0,0,0,0,0,0,0,0,0,0,0,0,0,0,0,0,0,0,0,0,0,0,0,0,0,0,0,0,0,0,0,0,0,0,0,0,0,0,0,0,0,0,0,0,0,0,0,0,0,0,0,0,0,0,0,0,0,0,0,0,0,0,0,0,0,0,0,0,0,0,0,0,0,0,0,0,0,0,0,0,0,0,0,0,0,0,0,0,0,0,0,0,0,0,0,0,0,0,0,0,0,0,0,0,0,0,0,0,0,0,0,0,0,0,0,0,0,0,0,0,0,0,0,0,0,0,0,0,0,0,0,0,0,0,0,0,0,0,0,0,0,0,0,0,0,0,0,0,0,0,0,0,0,0,0,0,0,0,0,0,0,0,0,0,0,0,0,0,0,0,0,0,0,0,0,0,0,0,0,0,0,0,0,0,0,0,0,0,0,0,0,0,0,0,0,0,0,0,0,0,0,0,0,0,0,0,0,0,0,0,0,0,0,0,0,0,0,0,0,0,0,0,0,0,0,0,0,0,0,0,0,0,0,0,0,0,0,0,0,0,0,0,0,0,0,0,0,0,0,0,0,0,0,0,0,0,0,0,0,0,0,0,0,0,0,0,0,0,0,0,0,0,0,0,0,0,0,0,0,0,0,0,0,0,0,0,0,0,0,0,0,0,0,0,0,0,0,0,0,0,0,0,0,0,0,0,0,0,0,0,0,0,0,0,0,0,0,0,0,0,0,0,0,0,0,0,0,0,0,0,0,0,0,0,0,0,0,0,0,0,0,0,0,0,0,0,0,0,0,0,0,0,0,0,0,0,0,0,0,0,0,0,0,0,0,0,0
"kilimanjaro/moshi/kindi",0,0,0,0,0,0,0,0,0,0,0,0,0,0,0,0,0,0,0,0,0,0,0,0,0,0,0,0,0,0,0,0,0,0,0,0,0,0,0,0,0,0,0,0,0,0,0,0,0,0,0,0,0,0,0,0,0,0,0,0,0,0,0,0,0,0,0,0,0,0,0,0,0,0,0,0,0,0,0,0,0,0,0,0,0,0,0,0,0,0,0,0,0,0,0,0,0,0,0,0,0,0,0,0,0,0,0,0,0,0,0,0,0,0,0,0,0,0,0,0,0,0,0,0,0,0,0,0,0,0,0,0,0,0,0,0,0,0,0,0,0,0,0,0,0,0,0,0,0,0,0,0,0,0,0,0,0,0,0,0,0,0,0,0,0,0,0,0,0,0,0,0,0,0,0,0,0,0,0,0,0,0,0,0,0,0,0,0,0,0,0,0,0,0,0,0,0,0,0,0,0,0,0,0,0,0,0,0,0,0,0,0,0,0,0,0,0,0,0,0,0,0,0,0,0,0,0,0,0,0,0,0,0,0,0,0,0,0,0,0,0,0,0,0,0,0,0,0,0,0,0,0,0,0,0,0,0,0,0,0,0,0,0,0,0,0,0,0,0,0,0,0,0,0,0,0,0,0,0,0,0,0,0,0,0,0,0,0,0,0,0,0,0,0,0,0,0,0,0,0,0,0,0,0,0,0,0,0,0,0,0,0,0,0,0,0,0,0,0,0,0,0,0,0,0,0,0,0,0,0,0,0,0,0,0,0,0,0,0,0,0,0,0,0,0,0,0,0,0,0,0,0,0,0,0,0,0,0,0,0,0,0,0,0,0,0,0,0,0,0,0,0,0,0,0,0,0,0,0,0,0,0,0,0,0,0,0,0,0,0,0,0,0,0,0,0,0,0
"arusha/meru/kingori",0,0,0,0,0,0,0,0,0,0,0,0,0,0,0,0,0,0,0,0,0,0,0,0,0,0,0,0,0,0,0,0,0,0,0,0,0,0,0,0,0,0,0,0,0,0,0,0,0,0,0,0,0,0,0,0,0,0,0,0,0,0,0,0,0,0,0,0,0,0,0,0,0,0,0,0,0,0,0,0,0,0,0,0,0,0,0,0,0,0,0,0,0,0,0,0,0,0,0,0,0,0,0,0,0,0,0,0,0,0,0,0,0,0,0,0,0,0,0,0,0,0,0,0,0,0,0,0,0,0,0,0,0,0,0,0,0,0,0,0,0,0,0,0,0,0,0,0,0,0,0,0,0,0,0,0,0,0,0,0,0,0,0,0,0,0,0,0,0,0,0,0,0,0,0,0,0,0,0,0,0,0,0,0,0,0,0,0,0,0,0,0,0,0,0,0,0,0,0,0,0,0,0,0,0,0,0,0,0,0,0,0,0,0,0,0,0,0,0,0,0,0,0,0,0,0,0,0,0,0,0,0,0,0,0,0,0,0,0,0,0,0,0,0,0,0,0,0,0,0,0,0,0,0,0,0,0,0,0,0,0,0,0,0,0,0,0,0,0,0,0,0,0,0,0,0,0,0,0,0,0,0,0,0,0,0,0,0,0,0,0,0,0,0,0,0,0,0,0,0,0,0,0,0,0,0,0,0,0,0,0,0,0,0,0,0,0,0,0,0,0,0,0,0,0,0,0,0,0,0,0,0,0,0,0,0,0,0,0,0,0,0,0,0,0,0,0,0,0,0,0,0,0,0,0,0,0,0,0,0,0,0,0,0,0,0,0,0,0,0,0,0,0,0,0,0,0,0,0,0,0,0,0,0,0,0,0,0,0,0,0,0,0,0,0,0,0,0
"kilimanjaro/same/kirangare",0,0,0,0,0,0,0,0,0,0,0,0,0,0,0,0,0,0,0,0,0,0,0,0,0,0,0,0,0,0,0,0,0,0,0,0,0,0,0,0,0,0,0,0,0,0,0,0,0,0,0,0,0,0,0,0,0,0,0,0,0,0,0,0,0,0,0,0,0,0,0,0,0,0,0,0,0,0,0,0,0,0,0,0,0,0,0,0,0,0,0,0,0,0,0,0,0,0,0,0,0,0,0,0,0,0,0,0,0,0,0,0,0,0,0,0,0,0,0,0,0,0,0,0,0,0,0,0,0,0,0,0,0,0,0,0,0,0,0,0,0,0,0,0,0,0,0,0,0,0,0,0,0,0,0,0,0,0,0,0,0,0,0,0,0,0,0,0,0,0,0,0,0,0,0,0,0,0,0,0,0,0,0,0,0,0,0,0,0,0,0,0,0,0,0,0,0,0,0,0,0,0,0,0,0,0,0,0,0,0,0,0,0,0,0,0,0,0,0,0,0,0,0,0,0,0,0,0,0,0,0,0,0,0,0,0,0,0,0,0,0,0,0,0,0,0,0,0,0,0,0,0,0,0,0,0,0,0,0,0,0,0,0,0,0,0,0,0,0,0,0,0,0,0,0,0,0,0,0,0,0,0,0,0,0,0,0,0,0,0,0,0,0,0,0,0,0,0,0,0,0,0,0,0,0,0,0,0,0,0,0,0,0,0,0,0,0,0,0,0,0,0,0,0,0,0,0,0,0,0,0,0,0,0,0,0,0,0,0,0,0,0,0,0,0,0,0,0,0,0,0,0,0,0,0,0,0,0,0,0,0,0,0,0,0,0,0,0,0,0,0,0,0,0,0,0,0,0,0,0,0,0,0,0,0,0,0,0,0,0,0,0,0,0,0,0,0,0
"arusha/arusha/kiranyi",0,0,0,0,0,0,0,0,0,0,0,0,0,0,0,0,0,0,0,0,0,0,0,0,0,0,0,0,0,0,0,0,0,0,0,0,0,0,0,0,0,0,0,0,0,0,0,0,0,0,0,0,0,0,0,0,0,0,0,0,0,0,0,0,0,0,0,0,0,0,0,0,0,0,0,0,0,0,0,0,0,0,0,0,0,0,0,0,0,0,0,0,0,0,0,0,0,0,0,0,0,0,0,0,0,0,0,0,0,0,0,0,0,0,0,0,0,0,0,0,0,0,0,0,0,0,0,0,0,0,0,0,0,0,0,0,0,0,0,0,0,0,0,0,0,0,0,0,0,0,0,0,0,0,0,0,0,0,0,0,0,0,0,0,0,0,0,0,0,0,0,0,0,0,0,0,0,0,0,0,0,0,0,0,0,0,0,0,0,0,0,0,0,0,0,0,0,0,0,0,0,0,0,0,0,0,0,0,0,0,0,0,0,0,0,0,0,0,0,0,0,0,0,0,0,0,0,0,0,0,0,0,0,0,0,0,0,0,0,0,0,0,0,0,0,0,0,0,0,0,0,0,0,0,0,0,0,0,0,0,0,0,0,0,0,0,0,0,0,0,0,0,0,0,0,0,0,0,0,0,0,0,0,0,0,0,0,0,0,0,0,0,0,0,0,0,0,0,0,0,0,0,0,0,0,0,0,0,0,0,0,0,0,0,0,0,0,0,0,0,0,0,0,0,0,0,0,0,0,0,0,0,0,0,0,0,0,0,0,0,0,0,0,0,0,0,0,0,0,0,0,0,0,0,0,0,0,0,0,0,0,0,0,0,0,0,0,0,0,0,0,0,0,0,0,0,0,0,0,0,0,0,0,0,0,0,0,0,0,0,0,0,0,0,0,0,0,0
"kilimanjaro/moshi/kirima",0,0,0,0,0,0,0,0,0,0,0,0,0,0,0,0,0,0,0,0,0,0,0,0,0,0,0,0,0,0,0,0,0,0,0,0,0,0,0,0,0,0,0,0,0,0,0,0,0,0,0,0,0,0,0,0,0,0,0,0,0,0,0,0,0,0,0,0,0,0,0,0,0,0,0,0,0,0,0,0,0,0,0,0,0,0,0,0,0,0,0,0,0,0,0,0,0,0,0,0,0,0,0,0,0,0,0,0,0,0,0,0,0,0,0,0,0,0,0,0,0,0,0,0,0,0,0,0,0,0,0,0,0,0,0,0,0,0,0,0,0,0,0,0,0,0,0,0,0,0,0,0,0,0,0,0,0,0,0,0,0,0,0,0,0,0,0,0,0,0,0,0,0,0,0,0,0,0,0,0,0,0,0,0,0,0,0,0,0,0,0,0,0,0,0,0,0,0,0,0,0,0,0,0,0,0,0,0,0,0,0,0,0,0,0,0,0,0,0,0,0,0,0,0,0,0,0,0,0,0,0,0,0,0,0,0,0,0,0,0,0,0,0,0,0,0,0,0,0,0,0,0,0,0,0,0,0,0,0,0,0,0,0,0,0,0,0,0,0,0,0,0,0,0,0,0,0,0,0,0,0,0,0,0,0,0,0,0,0,0,0,0,0,0,0,0,0,0,0,0,0,0,0,0,0,0,0,0,0,0,0,0,0,0,0,0,0,0,0,0,0,0,0,0,0,0,0,0,0,0,0,0,0,0,0,0,0,0,0,0,0,0,0,0,0,0,0,0,0,0,0,0,0,0,0,0,0,0,0,0,0,0,0,0,0,0,0,0,0,0,0,0,0,0,0,0,0,0,0,0,0,0,0,0,0,0,0,0,0,0,0,0,0,0,0,0,0,0
"kilimanjaro/rombo/kirongosamanga",0,0,0,0,0,0,0,0,0,0,0,0,0,0,0,0,0,0,0,0,0,0,0,0,0,0,0,0,0,0,0,0,0,0,0,0,0,0,0,0,0,0,0,0,0,0,0,0,0,0,0,0,0,0,0,0,0,0,0,0,0,0,0,0,0,0,0,0,0,0,0,0,0,0,0,0,0,0,0,0,0,0,0,0,0,0,0,0,0,0,0,0,0,0,0,0,0,0,0,0,0,0,0,0,0,0,0,0,0,0,0,0,0,0,0,0,0,0,0,0,0,0,0,0,0,0,0,0,0,0,0,0,0,0,0,0,0,0,0,0,0,0,0,0,0,0,0,0,0,0,0,0,0,0,0,0,0,0,0,0,0,0,0,0,0,0,0,0,0,0,0,0,0,0,0,0,0,0,0,0,0,0,0,0,0,0,0,0,0,0,0,0,0,0,0,0,0,0,0,0,0,0,0,0,0,0,0,0,0,0,0,0,0,0,0,0,0,0,0,0,0,0,0,0,0,0,0,0,0,0,0,0,0,0,0,0,0,0,0,0,0,0,0,0,0,0,0,0,0,0,0,0,0,0,0,0,0,0,0,0,0,0,0,0,0,0,0,0,0,0,0,0,0,0,0,0,0,0,0,0,0,0,0,0,0,0,0,0,0,0,0,0,0,0,0,0,0,0,0,0,0,0,0,0,0,0,0,0,0,0,0,0,0,0,0,0,0,0,0,0,0,0,0,0,0,0,0,0,0,0,0,0,0,0,0,0,0,0,0,0,0,0,0,0,0,0,0,0,0,0,0,0,0,0,0,0,0,0,0,0,0,0,0,0,0,0,0,0,0,0,0,0,0,0,0,0,0,0,0,0,0,0,0,0,0,0,0,0,0,0,0,0,0,0,0,0,0,0
"kilimanjaro/mwanga/kirongwe",0,0,0,0,0,0,0,0,0,0,0,0,0,0,0,0,0,0,0,0,0,0,0,0,0,0,0,0,0,0,0,0,0,0,0,0,0,0,0,0,0,0,0,0,0,0,0,0,0,0,0,0,0,0,0,0,0,0,0,0,0,0,0,0,0,0,0,0,0,0,0,0,0,0,0,0,0,0,0,0,0,0,0,0,0,0,0,0,0,0,0,0,0,0,0,0,0,0,0,0,0,0,0,0,0,0,0,0,0,0,0,0,0,0,0,0,0,0,0,0,0,0,0,0,0,0,0,0,0,0,0,0,0,0,0,0,0,0,0,0,0,0,0,0,0,0,0,0,0,0,0,0,0,0,0,0,0,0,0,0,0,0,0,0,0,0,0,0,0,0,0,0,0,0,0,0,0,0,0,0,0,0,0,0,0,0,0,0,0,0,0,0,0,0,0,0,0,0,0,0,0,0,0,0,0,0,0,0,0,0,0,0,0,0,0,0,0,0,0,0,0,0,0,0,0,0,0,0,0,0,0,0,0,0,0,0,0,0,0,0,0,0,0,0,0,0,0,0,0,0,0,0,0,0,0,0,0,0,0,0,0,0,0,0,0,0,0,0,0,0,0,0,0,0,0,0,0,0,0,0,0,0,0,0,0,0,0,0,0,0,0,0,0,0,0,0,0,0,0,0,0,0,0,0,0,0,0,0,0,0,0,0,0,0,0,0,0,0,0,0,0,0,0,0,0,0,0,0,0,0,0,0,0,0,0,0,0,0,0,0,0,0,0,0,0,0,0,0,0,0,0,0,0,0,0,0,0,0,0,0,0,0,0,0,0,0,0,0,0,0,0,0,0,0,0,0,0,0,0,0,0,0,0,0,0,0,0,0,0,0,0,0,0,0,0,0,0,0
"manyara/babati/kiru",0,0,0,0,0,0,0,0,0,0,0,0,0,0,0,0,0,0,0,0,0,0,0,0,0,0,0,0,0,0,0,0,0,0,0,0,0,0,0,0,0,0,0,0,0,0,0,0,0,0,0,0,0,0,0,0,0,0,0,0,0,0,0,0,0,0,0,0,0,0,0,0,0,0,0,0,0,0,0,0,0,0,0,0,0,0,0,0,0,0,0,0,0,0,0,0,0,0,0,0,0,0,0,0,0,0,0,0,0,0,0,0,0,0,0,0,0,0,0,0,0,0,0,0,0,0,0,0,0,0,0,0,0,0,0,0,0,0,0,0,0,0,0,0,0,0,0,0,0,0,0,0,0,0,0,0,0,0,0,0,0,0,0,0,0,0,0,0,0,0,0,0,0,0,0,0,0,0,0,0,0,0,0,0,0,0,0,0,0,0,0,0,0,0,0,0,0,0,0,0,0,0,0,0,0,0,0,0,0,0,0,0,0,0,0,0,0,0,0,0,0,0,0,0,0,0,0,0,0,0,0,0,0,0,0,0,0,0,0,0,0,0,0,0,0,0,0,0,0,0,0,0,0,0,0,0,0,0,0,0,0,0,0,0,0,0,0,0,0,0,0,0,0,0,0,0,0,0,0,0,0,0,0,0,0,0,0,0,0,0,0,0,0,0,0,0,0,0,0,0,0,0,0,0,0,0,0,0,0,0,0,0,0,0,0,0,0,0,0,0,0,0,0,0,0,0,0,0,0,0,0,0,0,0,0,0,0,0,0,0,0,0,0,0,0,0,0,0,0,0,0,0,0,0,0,0,0,0,0,0,0,0,0,0,0,0,0,0,0,0,0,0,0,0,0,0,0,0,0,0,0,0,0,0,0,0,0,0,0,0,0,0,0,0,0,0,0,0
"kilimanjaro/moshi/kiruavunjokusini",1.5e-05,0,4.4e-05,2e-06,0,0.001693,0,0,0,1.1e-05,0,0,1e-05,0.000136,2e-06,0,0,0,0,0,1e-06,3e-05,0,8.1e-05,1e-06,2.3e-05,0,0,0,1e-06,7.7e-05,0,1e-06,7e-06,0,0,1.1e-05,2e-06,0,5e-06,0,0,8e-06,1e-06,1e-06,0,1e-06,0.002334,6.2e-05,0,0,0,0,0,1e-06,0,5e-06,0,2.7e-05,3.4e-05,1.1e-05,1e-05,3.4e-05,1e-06,0,7.7e-05,1.5e-05,0,2e-06,9e-06,0,0,9e-06,1e-06,0,1e-05,1e-06,0,0,0,0,0,0,0,0,0,0.004192,0,1e-06,0.000111,0,0,0.01646,6.8e-05,1e-06,3e-06,0.000158,6e-06,0.011087,0.004473,0,0,3.2e-05,1.7e-05,0.00048,0.000903,0,0.001554,3.8e-05,1e-05,0.000121,0.002441,1e-06,0,5.6e-05,4.4e-05,0.001036,0,0.022175,0.000374,0.000131,0.008684,1.6e-05,4.9e-05,4e-06,1.2e-05,7e-06,0.001477,8.3e-05,0.000101,0.000125,0.006328,0.003844,0.000457,2e-06,6.8e-05,3e-06,0.004245,0.000312,0.001715,0.000111,1e-06,2e-05,0.000177,3.5e-05,0.000611,0,0,0.008807,0.006928,2.8e-05,6e-06,3.1e-05,3e-06,0.000101,0.000342,4.6e-05,2e-06,2e-06,0.164588,0.000315,6.7e-05,3e-05,2e-05,0,0,0.000234,3.8e-05,0.000121,5.9e-05,2e-06,3.1e-05,0.001748,3.7e-05,3.6e-05,8e-06,5e-05,1e-06,0.002812,7e-06,0,1e-06,8.1e-05,0.000822,0.005201,0.236049,7e-06,1.9e-05,0.003549,0.000744,0.000468,0,1e-06,0,6e-06,0,5.9e-05,0,0.005483,0,0.000525,3e-06,4.5e-05,3e-06,0.003425,3.4e-05,0.054583,1.9e-05,7e-06,9e-05,0.000114,0,0.006829,2e-05,0,1.7e-05,0,0.013432,0.000561,0.004516,0,3e-06,0,1.3e-05,0.00243,4.1e-05,0.003267,4.8e-05,0,0,0,0,7.7e-05,0.000158,1e-06,6e-06,0.000119,5.5e-05,4e-06,3.7e-05,7.1e-05,0.000938,3.8e-05,0.005044,1e-06,9.3e-05,0.000355,0.000118,0,6e-06,0.000602,0.000201,1e-06,0.000188,0.000369,3e-05,3.4e-05,0.000109,9.8e-05,2e-06,1e-06,0.000187,0,1e-06,1e-05,2e-06,0,0.000114,0,2e-06,0.000113,0.00284,1.8e-05,1e-06,0.038584,0.000139,3.2e-05,4.3e-05,0,1e-06,5.1e-05,0,0.001274,0,0,0,0,4.6e-05,0,6e-06,1e-06,5e-05,2e-06,0.00071,0.002048,0.000111,0.00027,3e-06,0.000122,3e-06,1.4e-05,3e-06,7.8e-05,4.4e-05,0,2.2e-05,1.8e-05,4e-06,2e-06,2.4e-05,9.3e-05,2e-06,1e-06,0.000162,0.000985,0,0,0.000369,0.005704,0.000124,1.6e-05,0.000174,0.000201,0.000337,0.000938,6e-06,8e-06,5e-06,1e-06,3.5e-05,6.8e-05,2e-05,0.000972,3e-05,3.6e-05,0,0.000348,2e-06,0.00073,0,0,5.5e-05,0,0,0.000201,1.2e-05,3e-06,7.4e-05,0.000259,4e-06,0,0.000348,9e-06,0.000767,1.2e-05,2.1e-05,1e-04,7.2e-05,6.3e-05,0.000715,0,0,0,0,1e-06,0.000569,9e-05,0.000268,0,8.9e-05,0.000307,1e-06,1e-06,1e-06,2.9e-05,2.8e-05,7e-06,1e-06,0.000288,0,2e-06,0,0.008834,0,0,1.2e-05,4.1e-05,0.006357,0.001524,3.9e-05,0.000378,3e-05,1e-06,3e-06,1e-06,0,0,0
"kilimanjaro/moshi/kiruavunjomagharibi",0,0,0,0,0,0,0,0,0,0,0,0,0,0,0,0,0,0,0,0,0,0,0,0,0,0,0,0,0,0,0,0,0,0,0,0,0,0,0,0,0,0,0,0,0,0,0,0,0,0,0,0,0,0,0,0,0,0,0,0,0,0,0,0,0,0,0,0,0,0,0,0,0,0,0,0,0,0,0,0,0,0,0,0,0,0,0,0,0,0,0,0,0,0,0,0,0,0,0,0,0,0,0,0,0,0,0,0,0,0,0,0,0,0,0,0,0,0,0,0,0,0,0,0,0,0,0,0,0,0,0,0,0,0,0,0,0,0,0,0,0,0,0,0,0,0,0,0,0,0,0,0,0,0,0,0,0,0,0,0,0,0,0,0,0,0,0,0,0,0,0,0,0,0,0,0,0,0,0,0,0,0,0,0,0,0,0,0,0,0,0,0,0,0,0,0,0,0,0,0,0,0,0,0,0,0,0,0,0,0,0,0,0,0,0,0,0,0,0,0,0,0,0,0,0,0,0,0,0,0,0,0,0,0,0,0,0,0,0,0,0,0,0,0,0,0,0,0,0,0,0,0,0,0,0,0,0,0,0,0,0,0,0,0,0,0,0,0,0,0,0,0,0,0,0,0,0,0,0,0,0,0,0,0,0,0,0,0,0,0,0,0,0,0,0,0,0,0,0,0,0,0,0,0,0,0,0,0,0,0,0,0,0,0,0,0,0,0,0,0,0,0,0,0,0,0,0,0,0,0,0,0,0,0,0,0,0,0,0,0,0,0,0,0,0,0,0,0,0,0,0,0,0,0,0,0,0,0,0,0,0,0,0,0,0,0,0,0,0,0,0,0,0,0,0,0,0,0,0,0,0,0,0,0,0,0,0,0,0,0,0,0,0,0,0,0,0,0
"kilimanjaro/moshi/kiruavunjomashariki",0,0,0,0,0,0,0,0,0,0,0,0,0,0,0,0,0,0,0,0,0,0,0,0,0,0,0,0,0,0,0,0,0,0,0,0,0,0,0,0,0,0,0,0,0,0,0,0,0,0,0,0,0,0,0,0,0,0,0,0,0,0,0,0,0,0,0,0,0,0,0,0,0,0,0,0,0,0,0,0,0,0,0,0,0,0,0,0,0,0,0,0,0,0,0,0,0,0,0,0,0,0,0,0,0,0,0,0,0,0,0,0,0,0,0,0,0,0,0,0,0,0,0,0,0,0,0,0,0,0,0,0,0,0,0,0,0,0,0,0,0,0,0,0,0,0,0,0,0,0,0,0,0,0,0,0,0,0,0,0,0,0,0,0,0,0,0,0,0,0,0,0,0,0,0,0,0,0,0,0,0,0,0,0,0,0,0,0,0,0,0,0,0,0,0,0,0,0,0,0,0,0,0,0,0,0,0,0,0,0,0,0,0,0,0,0,0,0,0,0,0,0,0,0,0,0,0,0,0,0,0,0,0,0,0,0,0,0,0,0,0,0,0,0,0,0,0,0,0,0,0,0,0,0,0,0,0,0,0,0,0,0,0,0,0,0,0,0,0,0,0,0,0,0,0,0,0,0,0,0,0,0,0,0,0,0,0,0,0,0,0,0,0,0,0,0,0,0,0,0,0,0,0,0,0,0,0,0,0,0,0,0,0,0,0,0,0,0,0,0,0,0,0,0,0,0,0,0,0,0,0,0,0,0,0,0,0,0,0,0,0,0,0,0,0,0,0,0,0,0,0,0,0,0,0,0,0,0,0,0,0,0,0,0,0,0,0,0,0,0,0,0,0,0,0,0,0,0,0,0,0,0,0,0,0,0,0,0,0,0,0,0,0,0,0,0,0,0
"kilimanjaro/rombo/kirwakeni",0,0,0,0,0,0,0,0,0,0,0,0,0,0,0,0,0,0,0,0,0,0,0,0,0,0,0,0,0,0,0,0,0,0,0,0,0,0,0,0,0,0,0,0,0,0,0,0,0,0,0,0,0,0,0,0,0,0,0,0,0,0,0,0,0,0,0,0,0,0,0,0,0,0,0,0,0,0,0,0,0,0,0,0,0,0,0,0,0,0,0,0,0,0,0,0,0,0,0,0,0,0,0,0,0,0,0,0,0,0,0,0,0,0,0,0,0,0,0,0,0,0,0,0,0,0,0,0,0,0,0,0,0,0,0,0,0,0,0,0,0,0,0,0,0,0,0,0,0,0,0,0,0,0,0,0,0,0,0,0,0,0,0,0,0,0,0,0,0,0,0,0,0,0,0,0,0,0,0,0,0,0,0,0,0,0,0,0,0,0,0,0,0,0,0,0,0,0,0,0,0,0,0,0,0,0,0,0,0,0,0,0,0,0,0,0,0,0,0,0,0,0,0,0,0,0,0,0,0,0,0,0,0,0,0,0,0,0,0,0,0,0,0,0,0,0,0,0,0,0,0,0,0,0,0,0,0,0,0,0,0,0,0,0,0,0,0,0,0,0,0,0,0,0,0,0,0,0,0,0,0,0,0,0,0,0,0,0,0,0,0,0,0,0,0,0,0,0,0,0,0,0,0,0,0,0,0,0,0,0,0,0,0,0,0,0,0,0,0,0,0,0,0,0,0,0,0,0,0,0,0,0,0,0,0,0,0,0,0,0,0,0,0,0,0,0,0,0,0,0,0,0,0,0,0,0,0,0,0,0,0,0,0,0,0,0,0,0,0,0,0,0,0,0,0,0,0,0,0,0,0,0,0,0,0,0,0,0,0,0,0,0,0,0,0,0,0,0
"kilimanjaro/mwanga/kirya",0,0,0,0,0,0,0,0,0,0,0,0,0,0,0,0,0,0,0,0,0,0,0,0,0,0,0,0,0,0,0,0,0,0,0,0,0,0,0,0,0,0,0,0,0,0,0,0,0,0,0,0,0,0,0,0,0,0,0,0,0,0,0,0,0,0,0,0,0,0,0,0,0,0,0,0,0,0,0,0,0,0,0,0,0,0,0,0,0,0,0,0,0,0,0,0,0,0,0,0,0,0,0,0,0,0,0,0,0,0,0,0,0,0,0,0,0,0,0,0,0,0,0,0,0,0,0,0,0,0,0,0,0,0,0,0,0,0,0,0,0,0,0,0,0,0,0,0,0,0,0,0,0,0,0,0,0,0,0,0,0,0,0,0,0,0,0,0,0,0,0,0,0,0,0,0,0,0,0,0,0,0,0,0,0,0,0,0,0,0,0,0,0,0,0,0,0,0,0,0,0,0,0,0,0,0,0,0,0,0,0,0,0,0,0,0,0,0,0,0,0,0,0,0,0,0,0,0,0,0,0,0,0,0,0,0,0,0,0,0,0,0,0,0,0,0,0,0,0,0,0,0,0,0,0,0,0,0,0,0,0,0,0,0,0,0,0,0,0,0,0,0,0,0,0,0,0,0,0,0,0,0,0,0,0,0,0,0,0,0,0,0,0,0,0,0,0,0,0,0,0,0,0,0,0,0,0,0,0,0,0,0,0,0,0,0,0,0,0,0,0,0,0,0,0,0,0,0,0,0,0,0,0,0,0,0,0,0,0,0,0,0,0,0,0,0,0,0,0,0,0,0,0,0,0,0,0,0,0,0,0,0,0,0,0,0,0,0,0,0,0,0,0,0,0,0,0,0,0,0,0,0,0,0,0,0,0,0,0,0,0,0,0,0,0,0,0,0
"kilimanjaro/rombo/kisalemsaranga",0,0,0,0,0,0,0,0,0,0,0,0,0,0,0,0,0,0,0,0,0,0,0,0,0,0,0,0,0,0,0,0,0,0,0,0,0,0,0,0,0,0,0,0,0,0,0,0,0,0,0,0,0,0,0,0,0,0,0,0,0,0,0,0,0,0,0,0,0,0,0,0,0,0,0,0,0,0,0,0,0,0,0,0,0,0,0,0,0,0,0,0,0,0,0,0,0,0,0,0,0,0,0,0,0,0,0,0,0,0,0,0,0,0,0,0,0,0,0,0,0,0,0,0,0,0,0,0,0,0,0,0,0,0,0,0,0,0,0,0,0,0,0,0,0,0,0,0,0,0,0,0,0,0,0,0,0,0,0,0,0,0,0,0,0,0,0,0,0,0,0,0,0,0,0,0,0,0,0,0,0,0,0,0,0,0,0,0,0,0,0,0,0,0,0,0,0,0,0,0,0,0,0,0,0,0,0,0,0,0,0,0,0,0,0,0,0,0,0,0,0,0,0,0,0,0,0,0,0,0,0,0,0,0,0,0,0,0,0,0,0,0,0,0,0,0,0,0,0,0,0,0,0,0,0,0,0,0,0,0,0,0,0,0,0,0,0,0,0,0,0,0,0,0,0,0,0,0,0,0,0,0,0,0,0,0,0,0,0,0,0,0,0,0,0,0,0,0,0,0,0,0,0,0,0,0,0,0,0,0,0,0,0,0,0,0,0,0,0,0,0,0,0,0,0,0,0,0,0,0,0,0,0,0,0,0,0,0,0,0,0,0,0,0,0,0,0,0,0,0,0,0,0,0,0,0,0,0,0,0,0,0,0,0,0,0,0,0,0,0,0,0,0,0,0,0,0,0,0,0,0,0,0,0,0,0,0,0,0,0,0,0,0,0,0,0,0,0
"kilimanjaro/same/kisima",0,0,0,0,0,0,0,0,0,0,0,0,0,0,0,0,0,0,0,0,0,0,0,0,0,0,0,0,0,0,0,0,0,0,0,0,0,0,0,0,0,0,0,0,0,0,0,0,0,0,0,0,0,0,0,0,0,0,0,0,0,0,0,0,0,0,0,0,0,0,0,0,0,0,0,0,0,0,0,0,0,0,0,0,0,0,0,0,0,0,0,0,0,0,0,0,0,0,0,0,0,0,0,0,0,0,0,0,0,0,0,0,0,0,0,0,0,0,0,0,0,0,0,0,0,0,0,0,0,0,0,0,0,0,0,0,0,0,0,0,0,0,0,0,0,0,0,0,0,0,0,0,0,0,0,0,0,0,0,0,0,0,0,0,0,0,0,0,0,0,0,0,0,0,0,0,0,0,0,0,0,0,0,0,0,0,0,0,0,0,0,0,0,0,0,0,0,0,0,0,0,0,0,0,0,0,0,0,0,0,0,0,0,0,0,0,0,0,0,0,0,0,0,0,0,0,0,0,0,0,0,0,0,0,0,0,0,0,0,0,0,0,0,0,0,0,0,0,0,0,0,0,0,0,0,0,0,0,0,0,0,0,0,0,0,0,0,0,0,0,0,0,0,0,0,0,0,0,0,0,0,0,0,0,0,0,0,0,0,0,0,0,0,0,0,0,0,0,0,0,0,0,0,0,0,0,0,0,0,0,0,0,0,0,0,0,0,0,0,0,0,0,0,0,0,0,0,0,0,0,0,0,0,0,0,0,0,0,0,0,0,0,0,0,0,0,0,0,0,0,0,0,0,0,0,0,0,0,0,0,0,0,0,0,0,0,0,0,0,0,0,0,0,0,0,0,0,0,0,0,0,0,0,0,0,0,0,0,0,0,0,0,0,0,0,0,0,0
"kilimanjaro/same/kisiwani",0,0,0,0,0,0,0,0,0,0,0,0,0,0,0,0,0,0,0,0,0,0,0,0,0,0,0,0,0,0,0,0,0,0,0,0,0,0,0,0,0,0,0,0,0,0,0,0,0,0,0,0,0,0,0,0,0,0,0,0,0,0,0,0,0,0,0,0,0,0,0,0,0,0,0,0,0,0,0,0,0,0,0,0,0,0,0,0,0,0,0,0,0,0,0,0,0,0,0,0,0,0,0,0,0,0,0,0,0,0,0,0,0,0,0,0,0,0,0,0,0,0,0,0,0,0,0,0,0,0,0,0,0,0,0,0,0,0,0,0,0,0,0,0,0,0,0,0,0,0,0,0,0,0,0,0,0,0,0,0,0,0,0,0,0,0,0,0,0,0,0,0,0,0,0,0,0,0,0,0,0,0,0,0,0,0,0,0,0,0,0,0,0,0,0,0,0,0,0,0,0,0,0,0,0,0,0,0,0,0,0,0,0,0,0,0,0,0,0,0,0,0,0,0,0,0,0,0,0,0,0,0,0,0,0,0,0,0,0,0,0,0,0,0,0,0,0,0,0,0,0,0,0,0,0,0,0,0,0,0,0,0,0,0,0,0,0,0,0,0,0,0,0,0,0,0,0,0,0,0,0,0,0,0,0,0,0,0,0,0,0,0,0,0,0,0,0,0,0,0,0,0,0,0,0,0,0,0,0,0,0,0,0,0,0,0,0,0,0,0,0,0,0,0,0,0,0,0,0,0,0,0,0,0,0,0,0,0,0,0,0,0,0,0,0,0,0,0,0,0,0,0,0,0,0,0,0,0,0,0,0,0,0,0,0,0,0,0,0,0,0,0,0,0,0,0,0,0,0,0,0,0,0,0,0,0,0,0,0,0,0,0,0,0,0,0,0,0
"arusha/arusha/kisongo",0,0,0,0,0,0,0,0,0,0,0,0,0,0,0,0,0,0,0,0,0,0,0,0,0,0,0,0,0,0,0,0,0,0,0,0,0,0,0,0,0,0,0,0,0,0,0,0,0,0,0,0,0,0,0,0,0,0,0,0,0,0,0,0,0,0,0,0,0,0,0,0,0,0,0,0,0,0,0,0,0,0,0,0,0,0,0,0,0,0,0,0,0,0,0,0,0,0,0,0,0,0,0,0,0,0,0,0,0,0,0,0,0,0,0,0,0,0,0,0,0,0,0,0,0,0,0,0,0,0,0,0,0,0,0,0,0,0,0,0,0,0,0,0,0,0,0,0,0,0,0,0,0,0,0,0,0,0,0,0,0,0,0,0,0,0,0,0,0,0,0,0,0,0,0,0,0,0,0,0,0,0,0,0,0,0,0,0,0,0,0,0,0,0,0,0,0,0,0,0,0,0,0,0,0,0,0,0,0,0,0,0,0,0,0,0,0,0,0,0,0,0,0,0,0,0,0,0,0,0,0,0,0,0,0,0,0,0,0,0,0,0,0,0,0,0,0,0,0,0,0,0,0,0,0,0,0,0,0,0,0,0,0,0,0,0,0,0,0,0,0,0,0,0,0,0,0,0,0,0,0,0,0,0,0,0,0,0,0,0,0,0,0,0,0,0,0,0,0,0,0,0,0,0,0,0,0,0,0,0,0,0,0,0,0,0,0,0,0,0,0,0,0,0,0,0,0,0,0,0,0,0,0,0,0,0,0,0,0,0,0,0,0,0,0,0,0,0,0,0,0,0,0,0,0,0,0,0,0,0,0,0,0,0,0,0,0,0,0,0,0,0,0,0,0,0,0,0,0,0,0,0,0,0,0,0,0,0,0,0,0,0,0,0,0,0,0,0
"kilimanjaro/rombo/kitirimakingachi",0,0,0,0,0,0,0,0,0,0,0,0,0,0,0,0,0,0,0,0,0,0,0,0,0,0,0,0,0,0,0,0,0,0,0,0,0,0,0,0,0,0,0,0,0,0,0,0,0,0,0,0,0,0,0,0,0,0,0,0,0,0,0,0,0,0,0,0,0,0,0,0,0,0,0,0,0,0,0,0,0,0,0,0,0,0,0,0,0,0,0,0,0,0,0,0,0,0,0,0,0,0,0,0,0,0,0,0,0,0,0,0,0,0,0,0,0,0,0,0,0,0,0,0,0,0,0,0,0,0,0,0,0,0,0,0,0,0,0,0,0,0,0,0,0,0,0,0,0,0,0,0,0,0,0,0,0,0,0,0,0,0,0,0,0,0,0,0,0,0,0,0,0,0,0,0,0,0,0,0,0,0,0,0,0,0,0,0,0,0,0,0,0,0,0,0,0,0,0,0,0,0,0,0,0,0,0,0,0,0,0,0,0,0,0,0,0,0,0,0,0,0,0,0,0,0,0,0,0,0,0,0,0,0,0,0,0,0,0,0,0,0,0,0,0,0,0,0,0,0,0,0,0,0,0,0,0,0,0,0,0,0,0,0,0,0,0,0,0,0,0,0,0,0,0,0,0,0,0,0,0,0,0,0,0,0,0,0,0,0,0,0,0,0,0,0,0,0,0,0,0,0,0,0,0,0,0,0,0,0,0,0,0,0,0,0,0,0,0,0,0,0,0,0,0,0,0,0,0,0,0,0,0,0,0,0,0,0,0,0,0,0,0,0,0,0,0,0,0,0,0,0,0,0,0,0,0,0,0,0,0,0,0,0,0,0,0,0,0,0,0,0,0,0,0,0,0,0,0,0,0,0,0,0,0,0,0,0,0,0,0,0,0,0,0,0,0,0
"arusha/longido/kitumbeine",0,0,0,0,0,0,0,0,0,0,0,0,0,0,0,0,0,0,0,0,0,0,0,0,0,0,0,0,0,0,0,0,0,0,0,0,0,0,0,0,0,0,0,0,0,0,0,0,0,0,0,0,0,0,0,0,0,0,0,0,0,0,0,0,0,0,0,0,0,0,0,0,0,0,0,0,0,0,0,0,0,0,0,0,0,0,0,0,0,0,0,0,0,0,0,0,0,0,0,0,0,0,0,0,0,0,0,0,0,0,0,0,0,0,0,0,0,0,0,0,0,0,0,0,0,0,0,0,0,0,0,0,0,0,0,0,0,0,0,0,0,0,0,0,0,0,0,0,0,0,0,0,0,0,0,0,0,0,0,0,0,0,0,0,0,0,0,0,0,0,0,0,0,0,0,0,0,0,0,0,0,0,0,0,0,0,0,0,0,0,0,0,0,0,0,0,0,0,0,0,0,0,0,0,0,0,0,0,0,0,0,0,0,0,0,0,0,0,0,0,0,0,0,0,0,0,0,0,0,0,0,0,0,0,0,0,0,0,0,0,0,0,0,0,0,0,0,0,0,0,0,0,0,0,0,0,0,0,0,0,0,0,0,0,0,0,0,0,0,0,0,0,0,0,0,0,0,0,0,0,0,0,0,0,0,0,0,0,0,0,0,0,0,0,0,0,0,0,0,0,0,0,0,0,0,0,0,0,0,0,0,0,0,0,0,0,0,0,0,0,0,0,0,0,0,0,0,0,0,0,0,0,0,0,0,0,0,0,0,0,0,0,0,0,0,0,0,0,0,0,0,0,0,0,0,0,0,0,0,0,0,0,0,0,0,0,0,0,0,0,0,0,0,0,0,0,0,0,0,0,0,0,0,0,0,0,0,0,0,0,0,0,0,0,0,0,0,0
"manyara/simanjiro/kitwai",0,0,0,0,0,0,0,0,0,0,0,0,0,0,0,0,0,0,0,0,0,0,0,0,0,0,0,0,0,0,0,0,0,0,0,0,0,0,0,0,0,0,0,0,0,0,0,0,0,0,0,0,0,0,0,0,0,0,0,0,0,0,0,0,0,0,0,0,0,0,0,0,0,0,0,0,0,0,0,0,0,0,0,0,0,0,0,0,0,0,0,0,0,0,0,0,0,0,0,0,0,0,0,0,0,0,0,0,0,0,0,0,0,0,0,0,0,0,0,0,0,0,0,0,0,0,0,0,0,0,0,0,0,0,0,0,0,0,0,0,0,0,0,0,0,0,0,0,0,0,0,0,0,0,0,0,0,0,0,0,0,0,0,0,0,0,0,0,0,0,0,0,0,0,0,0,0,0,0,0,0,0,0,0,0,0,0,0,0,0,0,0,0,0,0,0,0,0,0,0,0,0,0,0,0,0,0,0,0,0,0,0,0,0,0,0,0,0,0,0,0,0,0,0,0,0,0,0,0,0,0,0,0,0,0,0,0,0,0,0,0,0,0,0,0,0,0,0,0,0,0,0,0,0,0,0,0,0,0,0,0,0,0,0,0,0,0,0,0,0,0,0,0,0,0,0,0,0,0,0,0,0,0,0,0,0,0,0,0,0,0,0,0,0,0,0,0,0,0,0,0,0,0,0,0,0,0,0,0,0,0,0,0,0,0,0,0,0,0,0,0,0,0,0,0,0,0,0,0,0,0,0,0,0,0,0,0,0,0,0,0,0,0,0,0,0,0,0,0,0,0,0,0,0,0,0,0,0,0,0,0,0,0,0,0,0,0,0,0,0,0,0,0,0,0,0,0,0,0,0,0,0,0,0,0,0,0,0,0,0,0,0,0,0,0,0,0,0
"kilimanjaro/moshimunicipal/kiusa",2e-06,0,2e-06,0,0,0.000133,0,0,0,1e-06,0,0,1e-06,1.6e-05,0,0,0,0,0,0,0,5e-06,0,6.3e-05,0,6.3e-05,0,0,0,0,9e-06,0,0,0,0,0,1e-06,0,0,0,0,0,1e-06,0,0,0,0,0.000266,6e-06,0,0,0,0,0,0,0,1e-06,0,2e-06,3e-06,1e-06,1e-06,4e-06,0,0,9e-06,2e-06,0,0,1e-06,0,0,1e-06,0,0,1e-06,0,0,0,0,0,0,0,0,0,0,0.000864,0,0,7e-06,0,0,0.00047,8e-06,0,0,2.5e-05,0,0.000434,9.2e-05,0,0,2e-06,2e-06,0.000251,8.8e-05,0,0.001578,5e-06,1e-06,2e-05,0.000158,0,0,3e-06,2e-06,0.000171,0,0.004914,5.7e-05,2.6e-05,0.001275,1e-06,2e-06,0,1e-06,1e-06,0.000207,1e-05,5e-06,4e-06,8.1e-05,0.000108,0.000921,0,8e-06,0,0.000234,3.1e-05,0.000692,1.7e-05,0,2e-06,6.1e-05,2e-06,2.7e-05,0,0.000465,0.000367,9.2e-05,2e-06,0,2e-06,0,6e-06,3.7e-05,3e-06,0,0,0,1e-05,6e-06,5.4e-05,1e-06,0,0,1.2e-05,5e-06,1.4e-05,3e-06,0,3e-06,0.000201,3e-06,5e-06,1e-06,5e-06,0,0.002179,1e-06,0,0,5e-06,6.8e-05,0.000991,0.103329,1e-06,3e-06,0.000941,0.000157,0.000129,0,0,0,1e-06,0,2e-06,0,0.005127,0,7e-05,0,3e-06,0,0.000161,5e-06,0.001126,2e-06,1e-06,3e-06,3e-06,0,0.00023,1e-06,0,1e-06,0,0.000718,2.4e-05,0.000131,0,0,0,2e-06,0.000521,7e-06,0.000575,1e-05,0,0,0,0,7e-06,1.7e-05,0,2.1e-05,1.3e-05,6e-06,0,1e-06,8e-06,9.4e-05,4.5e-05,0.000267,0,8.4e-05,0.000202,1.4e-05,0,1e-06,7e-05,2.1e-05,0,2.2e-05,3.6e-05,2e-06,2e-06,4e-06,3.1e-05,0,0,1.5e-05,0,0,1e-06,0,0,1.2e-05,0,0,1.2e-05,0.000122,1e-06,0,0.000989,5e-06,2e-06,3e-06,0,0,5e-06,0,0.000125,0,0,0,0,3e-06,0,1e-06,0,6e-06,0,8.4e-05,0.000352,1.5e-05,3.4e-05,0,8e-06,0,1e-06,0,0.000127,3e-06,0,2e-06,2e-06,0,0,4e-06,1e-05,0,0,1.2e-05,8.2e-05,0,0,4.3e-05,0.000346,1.3e-05,2e-06,2e-05,3.5e-05,3.6e-05,0.000107,1e-06,1e-06,1e-06,0,4e-06,8e-06,2e-06,0.000102,3e-06,3e-06,0,0.000264,0,9.1e-05,0,0,4e-05,0,0,1.3e-05,1e-06,0,9e-06,1.5e-05,0,0,5.3e-05,1e-06,8.9e-05,1e-06,2e-06,1e-05,3e-06,3e-06,0.000713,0,0,0,0,0,6.7e-05,1e-05,3e-05,0,1.1e-05,0.000732,0,0,0,2e-06,3e-06,1e-06,0,3.2e-05,0,0,0,0.000579,0,0,1e-06,5e-06,0.002145,0.000197,5e-06,4.8e-05,2e-06,0,0,0,0,0,0
"kilimanjaro/mwanga/kivisini",0,0,0,0,0,0,0,0,0,0,0,0,0,0,0,0,0,0,0,0,0,0,0,0,0,0,0,0,0,0,0,0,0,0,0,0,0,0,0,0,0,0,0,0,0,0,0,0,0,0,0,0,0,0,0,0,0,0,0,0,0,0,0,0,0,0,0,0,0,0,0,0,0,0,0,0,0,0,0,0,0,0,0,0,0,0,0,0,0,0,0,0,0,0,0,0,0,0,0,0,0,0,0,0,0,0,0,0,0,0,0,0,0,0,0,0,0,0,0,0,0,0,0,0,0,0,0,0,0,0,0,0,0,0,0,0,0,0,0,0,0,0,0,0,0,0,0,0,0,0,0,0,0,0,0,0,0,0,0,0,0,0,0,0,0,0,0,0,0,0,0,0,0,0,0,0,0,0,0,0,0,0,0,0,0,0,0,0,0,0,0,0,0,0,0,0,0,0,0,0,0,0,0,0,0,0,0,0,0,0,0,0,0,0,0,0,0,0,0,0,0,0,0,0,0,0,0,0,0,0,0,0,0,0,0,0,0,0,0,0,0,0,0,0,0,0,0,0,0,0,0,0,0,0,0,0,0,0,0,0,0,0,0,0,0,0,0,0,0,0,0,0,0,0,0,0,0,0,0,0,0,0,0,0,0,0,0,0,0,0,0,0,0,0,0,0,0,0,0,0,0,0,0,0,0,0,0,0,0,0,0,0,0,0,0,0,0,0,0,0,0,0,0,0,0,0,0,0,0,0,0,0,0,0,0,0,0,0,0,0,0,0,0,0,0,0,0,0,0,0,0,0,0,0,0,0,0,0,0,0,0,0,0,0,0,0,0,0,0,0,0,0,0,0,0,0,0,0,0,0,0,0,0,0,0,0,0,0,0,0,0,0,0,0,0,0,0,0
"manyara/simanjiro/komolo",0.000263,1e-05,1.3e-05,6.1e-05,3e-06,0.00112,1e-06,1e-06,3e-06,0.000873,1.3e-05,1e-06,0.000165,0.002921,5.9e-05,4e-06,3e-06,1.3e-05,2e-06,7e-06,9e-06,0.000137,3e-06,1.7e-05,9e-06,5e-06,6e-06,4e-06,2e-06,1.4e-05,0.00204,8e-06,6e-06,1.1e-05,1.6e-05,5e-06,0.000277,0.000135,1e-05,7.1e-05,2e-06,2e-06,0.000295,8e-05,5e-05,3e-06,2.9e-05,0.059215,0.024181,6e-06,3e-06,3e-06,5e-06,2e-06,0.000104,1e-06,7.3e-05,1.8e-05,0.000998,0.001268,0.000157,0.000359,0.000411,2.4e-05,0,0.002296,0.000513,1e-06,9.2e-05,0.001803,3e-06,0,2.7e-05,4.5e-05,7e-06,0.000214,2.3e-05,1e-06,1e-06,1e-06,1e-06,1.3e-05,2e-06,2e-06,4e-06,2e-06,0.007733,1e-06,5.2e-05,0.001826,1e-06,2e-06,0.004188,0.00105,1.3e-05,0.000154,0.000326,6e-06,0.003065,0.000644,2e-06,2e-06,0.000272,4e-04,8.8e-05,0.001733,3e-06,0.000572,0.000201,0.00057,0.000228,0.00109,4.8e-05,1e-05,1.7e-05,1.3e-05,0.00332,6e-06,0.002914,0.000224,0.000129,0.004288,1.6e-05,6.4e-05,6e-06,0.000117,0.000337,0.015287,0.001459,1.6e-05,1.3e-05,0.00053,0.001191,0.000126,5e-06,0.00155,6.9e-05,0.000328,0.002323,0.000881,0.000544,7e-06,0.000486,7.8e-05,2e-05,0.000892,6e-06,0.001246,0.000916,0.000312,1.1e-05,2e-05,1.7e-05,1.8e-05,0.000497,0.012922,4.3e-05,3.7e-05,8.7e-05,0.044472,0.000164,0,8e-06,4.3e-05,1e-06,1e-06,0.000323,0.000227,0.003471,0.000118,0.000102,0.002104,0.042743,0.000718,7.5e-05,0.002786,0.012517,7e-06,0.000879,0.000218,4e-06,1.2e-05,0.001095,0.000171,0.004938,0.113343,8e-06,1.7e-05,0.002792,0.00082,0.00029,2.5e-05,6.9e-05,3e-06,0.000822,1.2e-05,1.4e-05,4e-06,0.001032,3e-06,0.004874,0.000317,0.000701,3.1e-05,0.001011,0.000126,0.00786,0.001796,0.000139,1.7e-05,1.6e-05,3.1e-05,0.002102,6e-06,1e-06,0.000117,2e-06,0.00776,9.4e-05,0.000595,3e-06,2.9e-05,2e-06,2e-05,0.003832,7.4e-05,0.004226,5.6e-05,1e-05,1e-06,1e-06,3e-06,0.000943,0.006768,3.7e-05,1e-06,2e-05,0.00177,0.000203,1.1e-05,0.000982,0.054183,8e-06,0.022314,8e-06,1.7e-05,5.7e-05,0.002913,2e-06,0.000426,0.01363,0.006553,2.3e-05,0.004692,0.000435,0.000272,1.4e-05,8.9e-05,1.3e-05,1e-05,7e-06,0.000659,8e-06,8e-06,0.000679,2.3e-05,3e-06,0.003559,3e-06,0.00018,0.002676,0.002723,1.4e-05,1.2e-05,0.00629,3.1e-05,0.000293,0.007928,4e-06,3.5e-05,0.000363,3e-06,0.008771,8e-06,9e-06,9e-06,1e-06,3e-05,4e-06,1.6e-05,8e-05,0.000132,2.2e-05,0.018157,0.000223,0.000297,0.003217,7.5e-05,0.00098,9.4e-05,5e-06,5e-06,1.6e-05,0.000217,1.2e-05,0.002597,0.000334,4.2e-05,2.5e-05,1.6e-05,0.004396,6.1e-05,2.8e-05,1.3e-05,0.00013,2e-06,7e-06,0.005593,0.002909,0.012227,0.003021,0.003298,0.000554,0.001046,0.028417,0.000147,0.000191,0.00013,1.6e-05,0.000867,0.001384,0.000479,0.011856,0.000447,0.002467,1.2e-05,8.4e-05,2.4e-05,0.010673,4.1e-05,3e-06,1.3e-05,4e-06,5e-06,0.002373,0.000215,4.4e-05,0.001183,0.00151,5.9e-05,1e-06,0.001058,0.000133,0.01792,0.000615,0.001093,0.008639,8.1e-05,2.2e-05,0.000244,4e-06,2e-06,4e-06,1e-06,1.1e-05,0.011206,0.003842,0.007694,1.1e-05,0.000987,9e-05,4e-06,1.1e-05,2.4e-05,2.3e-05,0.001185,0.008929,3e-05,0.002126,2e-06,6e-06,2e-06,0.005572,2e-05,1e-06,0.000326,1.5e-05,0.002016,0.000338,1.1e-05,0.005251,1e-05,1e-05,1.8e-05,4e-06,4e-06,2e-06,1e-06
"kilimanjaro/moshimunicipal/korongoni",0,0,0,0,0,0,0,0,0,0,0,0,0,0,0,0,0,0,0,0,0,0,0,0,0,0,0,0,0,0,0,0,0,0,0,0,0,0,0,0,0,0,0,0,0,0,0,0,0,0,0,0,0,0,0,0,0,0,0,0,0,0,0,0,0,0,0,0,0,0,0,0,0,0,0,0,0,0,0,0,0,0,0,0,0,0,0,0,0,0,0,0,0,0,0,0,0,0,0,0,0,0,0,0,0,0,0,0,0,0,0,0,0,0,0,0,0,0,0,0,0,0,0,0,0,0,0,0,0,0,0,0,0,0,0,0,0,0,0,0,0,0,0,0,0,0,0,0,0,0,0,0,0,0,0,0,0,0,0,0,0,0,0,0,0,0,0,0,0,0,0,0,0,0,0,0,0,0,0,0,0,0,0,0,0,0,0,0,0,0,0,0,0,0,0,0,0,0,0,0,0,0,0,0,0,0,0,0,0,0,0,0,0,0,0,0,0,0,0,0,0,0,0,0,0,0,0,0,0,0,0,0,0,0,0,0,0,0,0,0,0,0,0,0,0,0,0,0,0,0,0,0,0,0,0,0,0,0,0,0,0,0,0,0,0,0,0,0,0,0,0,0,0,0,0,0,0,0,0,0,0,0,0,0,0,0,0,0,0,0,0,0,0,0,0,0,0,0,0,0,0,0,0,0,0,0,0,0,0,0,0,0,0,0,0,0,0,0,0,0,0,0,0,0,0,0,0,0,0,0,0,0,0,0,0,0,0,0,0,0,0,0,0,0,0,0,0,0,0,0,0,0,0,0,0,0,0,0,0,0,0,0,0,0,0,0,0,0,0,0,0,0,0,0,0,0,0,0,0,0,0,0,0,0,0,0,0,0,0,0,0,0,0,0,0,0,0,0
"kilimanjaro/mwanga/kwakoa",0,0,0,0,0,0,0,0,0,0,0,0,0,0,0,0,0,0,0,0,0,0,0,0,0,0,0,0,0,0,0,0,0,0,0,0,0,0,0,0,0,0,0,0,0,0,0,0,0,0,0,0,0,0,0,0,0,0,0,0,0,0,0,0,0,0,0,0,0,0,0,0,0,0,0,0,0,0,0,0,0,0,0,0,0,0,0,0,0,0,0,0,0,0,0,0,0,0,0,0,0,0,0,0,0,0,0,0,0,0,0,0,0,0,0,0,0,0,0,0,0,0,0,0,0,0,0,0,0,0,0,0,0,0,0,0,0,0,0,0,0,0,0,0,0,0,0,0,0,0,0,0,0,0,0,0,0,0,0,0,0,0,0,0,0,0,0,0,0,0,0,0,0,0,0,0,0,0,0,0,0,0,0,0,0,0,0,0,0,0,0,0,0,0,0,0,0,0,0,0,0,0,0,0,0,0,0,0,0,0,0,0,0,0,0,0,0,0,0,0,0,0,0,0,0,0,0,0,0,0,0,0,0,0,0,0,0,0,0,0,0,0,0,0,0,0,0,0,0,0,0,0,0,0,0,0,0,0,0,0,0,0,0,0,0,0,0,0,0,0,0,0,0,0,0,0,0,0,0,0,0,0,0,0,0,0,0,0,0,0,0,0,0,0,0,0,0,0,0,0,0,0,0,0,0,0,0,0,0,0,0,0,0,0,0,0,0,0,0,0,0,0,0,0,0,0,0,0,0,0,0,0,0,0,0,0,0,0,0,0,0,0,0,0,0,0,0,0,0,0,0,0,0,0,0,0,0,0,0,0,0,0,0,0,0,0,0,0,0,0,0,0,0,0,0,0,0,0,0,0,0,0,0,0,0,0,0,0,0,0,0,0,0,0,0,0,0,0
"manyara/hanang/laghanga",1.2e-05,6e-06,2e-06,4.7e-05,1.3e-05,6.3e-05,2e-06,3e-06,8e-06,0.001262,2.8e-05,6.4e-05,9e-06,0.000132,0.000311,8e-06,2.4e-05,0.00017,0.000185,0.002019,2e-06,1e-05,8e-06,1e-06,1e-06,0,1.2e-05,3e-06,1e-06,2e-06,4.5e-05,5e-06,1e-06,1e-06,1.9e-05,8e-05,1.3e-05,0.000879,1.8e-05,4.1e-05,2.5e-05,2.6e-05,0.000171,0.000712,3.5e-05,1.2e-05,6e-06,0.003066,0.000504,7e-06,7e-06,5e-06,4e-06,4e-05,0.000926,1.4e-05,2e-06,5e-06,5.9e-05,0.00194,4.3e-05,0.00011,5.8e-05,1.4e-05,0,8.7e-05,4.2e-05,1.8e-05,2.8e-05,0.000488,2e-06,1e-05,2e-06,6.2e-05,0.001472,7.5e-05,8e-06,5.2e-05,0.000168,6.6e-05,7e-06,5.6e-05,2.1e-05,2.8e-05,9.6e-05,5e-06,0.000441,5.3e-05,0.00208,0.000278,1.2e-05,0.000148,0.000458,6.6e-05,3e-06,0.000368,2.7e-05,1e-06,0.000206,5.2e-05,5e-06,6e-06,5.3e-05,2e-05,6e-06,0.00027,4e-06,4.1e-05,1.6e-05,0.000372,1.9e-05,0.000133,0.001587,0,2e-06,1e-06,0.000156,3e-06,0.000232,2.1e-05,1.1e-05,0.000409,1e-06,6e-06,1e-06,2.1e-05,0.000114,0.000725,4.8e-05,2e-06,1e-06,4.9e-05,9.9e-05,9e-06,0,7.2e-05,4e-06,2.8e-05,0.00051,6.6e-05,2.9e-05,1e-06,2.5e-05,6e-06,3e-06,8.1e-05,1.6e-05,0.000103,8.5e-05,2.8e-05,1e-06,1e-06,2e-06,2e-06,8.1e-05,0.00077,6e-06,8e-06,1.1e-05,0.003355,1.5e-05,0.000285,1e-06,4e-06,0,5e-05,1.9e-05,1.5e-05,0.000142,9e-06,4.1e-05,0.000283,0.002132,3.9e-05,7e-06,0.000111,0.000612,1e-06,6.7e-05,5.8e-05,1e-06,8e-06,0.000158,1.1e-05,0.000422,0.008053,1e-06,2e-06,0.000213,6.4e-05,1.7e-05,0.000149,5.8e-05,6.7e-05,0.000406,7e-06,2e-06,7e-06,7.9e-05,1e-06,0.000238,4.3e-05,8.4e-05,1e-06,0.000118,9e-06,0.000755,0.000266,9.8e-05,2e-06,2e-06,8e-06,0.000248,1e-06,3e-06,2.1e-05,3e-06,0.001102,1e-05,6.1e-05,5.8e-05,1e-06,1.4e-05,2e-06,0.00025,6e-06,0.000359,3e-06,2.7e-05,1.9e-05,9e-06,1.2e-05,0.000344,0.000284,2.7e-05,0,2e-06,4.4e-05,7.7e-05,1e-06,2.6e-05,0.002856,1e-06,0.001883,1e-06,1e-06,4e-06,0.000104,0.000115,1.3e-05,0.000698,0.000794,2e-06,0.000189,5.9e-05,4.2e-05,2e-06,8e-06,1e-06,1e-06,1e-06,2.8e-05,1e-06,1e-06,0.00027,6e-06,1.1e-05,0.000244,3e-06,6.7e-05,0.000205,0.000197,1e-06,1e-06,0.000659,3e-06,4.9e-05,0.000116,6e-06,1.7e-05,1.1e-05,2e-06,0.002029,2.1e-05,4e-06,1.1e-05,1.7e-05,4e-06,4.8e-05,1e-06,1.6e-05,1.6e-05,4e-06,0.000545,1.7e-05,3e-05,0.000246,4e-06,4.1e-05,9.2e-05,1e-06,0,1e-06,1.8e-05,5e-06,0.000888,1.6e-05,2e-06,1e-06,2e-06,0.000207,5.5e-05,1.6e-05,1e-06,1.1e-05,2e-06,4e-06,0.000501,0.00038,0.000284,3.3e-05,0.000252,3.4e-05,0.000156,0.001741,0.000107,0.000127,6e-06,1.2e-05,4.8e-05,7.3e-05,3e-05,0.002115,0.000278,0.000132,5e-06,6e-06,1.2e-05,0.000496,1.4e-05,2e-06,1e-06,2e-06,1.9e-05,0.000182,3.7e-05,2.6e-05,8.1e-05,0.000134,3.6e-05,3e-06,8.2e-05,6e-06,0.000867,0.000136,9e-05,0.000103,7e-06,3e-06,1.7e-05,1e-05,1.5e-05,8e-06,8e-06,8e-06,0.000566,0.000161,0.000357,7e-06,5.8e-05,6e-06,0,2e-06,1.1e-05,3e-06,3.7e-05,3.7e-05,1e-06,0.000314,6e-06,1e-06,1.4e-05,0.000768,0.000573,2e-06,1.5e-05,1e-06,0.000164,3e-05,1e-06,0.000222,1e-06,1e-06,3e-06,0,1e-06,1.2e-05,1e-05
"manyara/hanang/lalaji",0,0,0,0,0,0,0,0,0,0,0,0,0,0,0,0,0,0,0,0,0,0,0,0,0,0,0,0,0,0,0,0,0,0,0,0,0,0,0,0,0,0,0,0,0,0,0,0,0,0,0,0,0,0,0,0,0,0,0,0,0,0,0,0,0,0,0,0,0,0,0,0,0,0,0,0,0,0,0,0,0,0,0,0,0,0,0,0,0,0,0,0,0,0,0,0,0,0,0,0,0,0,0,0,0,0,0,0,0,0,0,0,0,0,0,0,0,0,0,0,0,0,0,0,0,0,0,0,0,0,0,0,0,0,0,0,0,0,0,0,0,0,0,0,0,0,0,0,0,0,0,0,0,0,0,0,0,0,0,0,0,0,0,0,0,0,0,0,0,0,0,0,0,0,0,0,0,0,0,0,0,0,0,0,0,0,0,0,0,0,0,0,0,0,0,0,0,0,0,0,0,0,0,0,0,0,0,0,0,0,0,0,0,0,0,0,0,0,0,0,0,0,0,0,0,0,0,0,0,0,0,0,0,0,0,0,0,0,0,0,0,0,0,0,0,0,0,0,0,0,0,0,0,0,0,0,0,0,0,0,0,0,0,0,0,0,0,0,0,0,0,0,0,0,0,0,0,0,0,0,0,0,0,0,0,0,0,0,0,0,0,0,0,0,0,0,0,0,0,0,0,0,0,0,0,0,0,0,0,0,0,0,0,0,0,0,0,0,0,0,0,0,0,0,0,0,0,0,0,0,0,0,0,0,0,0,0,0,0,0,0,0,0,0,0,0,0,0,0,0,0,0,0,0,0,0,0,0,0,0,0,0,0,0,0,0,0,0,0,0,0,0,0,0,0,0,0,0,0,0,0,0,0,0,0,0,0,0,0,0,0,0,0,0,0,0,0,0
"kilimanjaro/mwanga/langata",0,0,0,0,0,0,0,0,0,0,0,0,0,0,0,0,0,0,0,0,0,0,0,0,0,0,0,0,0,0,0,0,0,0,0,0,0,0,0,0,0,0,0,0,0,0,0,0,0,0,0,0,0,0,0,0,0,0,0,0,0,0,0,0,0,0,0,0,0,0,0,0,0,0,0,0,0,0,0,0,0,0,0,0,0,0,0,0,0,0,0,0,0,0,0,0,0,0,0,0,0,0,0,0,0,0,0,0,0,0,0,0,0,0,0,0,0,0,0,0,0,0,0,0,0,0,0,0,0,0,0,0,0,0,0,0,0,0,0,0,0,0,0,0,0,0,0,0,0,0,0,0,0,0,0,0,0,0,0,0,0,0,0,0,0,0,0,0,0,0,0,0,0,0,0,0,0,0,0,0,0,0,0,0,0,0,0,0,0,0,0,0,0,0,0,0,0,0,0,0,0,0,0,0,0,0,0,0,0,0,0,0,0,0,0,0,0,0,0,0,0,0,0,0,0,0,0,0,0,0,0,0,0,0,0,0,0,0,0,0,0,0,0,0,0,0,0,0,0,0,0,0,0,0,0,0,0,0,0,0,0,0,0,0,0,0,0,0,0,0,0,0,0,0,0,0,0,0,0,0,0,0,0,0,0,0,0,0,0,0,0,0,0,0,0,0,0,0,0,0,0,0,0,0,0,0,0,0,0,0,0,0,0,0,0,0,0,0,0,0,0,0,0,0,0,0,0,0,0,0,0,0,0,0,0,0,0,0,0,0,0,0,0,0,0,0,0,0,0,0,0,0,0,0,0,0,0,0,0,0,0,0,0,0,0,0,0,0,0,0,0,0,0,0,0,0,0,0,0,0,0,0,0,0,0,0,0,0,0,0,0,0,0,0,0,0,0,0
"arusha/meru/leguruki",0,0,0,0,0,0,0,0,0,0,0,0,0,0,0,0,0,0,0,0,0,0,0,0,0,0,0,0,0,0,0,0,0,0,0,0,0,0,0,0,0,0,0,0,0,0,0,0,0,0,0,0,0,0,0,0,0,0,0,0,0,0,0,0,0,0,0,0,0,0,0,0,0,0,0,0,0,0,0,0,0,0,0,0,0,0,0,0,0,0,0,0,0,0,0,0,0,0,0,0,0,0,0,0,0,0,0,0,0,0,0,0,0,0,0,0,0,0,0,0,0,0,0,0,0,0,0,0,0,0,0,0,0,0,0,0,0,0,0,0,0,0,0,0,0,0,0,0,0,0,0,0,0,0,0,0,0,0,0,0,0,0,0,0,0,0,0,0,0,0,0,0,0,0,0,0,0,0,0,0,0,0,0,0,0,0,0,0,0,0,0,0,0,0,0,0,0,0,0,0,0,0,0,0,0,0,0,0,0,0,0,0,0,0,0,0,0,0,0,0,0,0,0,0,0,0,0,0,0,0,0,0,0,0,0,0,0,0,0,0,0,0,0,0,0,0,0,0,0,0,0,0,0,0,0,0,0,0,0,0,0,0,0,0,0,0,0,0,0,0,0,0,0,0,0,0,0,0,0,0,0,0,0,0,0,0,0,0,0,0,0,0,0,0,0,0,0,0,0,0,0,0,0,0,0,0,0,0,0,0,0,0,0,0,0,0,0,0,0,0,0,0,0,0,0,0,0,0,0,0,0,0,0,0,0,0,0,0,0,0,0,0,0,0,0,0,0,0,0,0,0,0,0,0,0,0,0,0,0,0,0,0,0,0,0,0,0,0,0,0,0,0,0,0,0,0,0,0,0,0,0,0,0,0,0,0,0,0,0,0,0,0,0,0,0,0,0,0
"arusha/arushaurban/lemara",4.4e-05,0,0,0,0,8e-06,0,0,0,2e-06,0,0,2.8e-05,0.001131,0,0,0,0,0,0,0,2e-06,0,0,0,0,0,0,0,0,8.1e-05,0,0,0,0,0,0.000215,0,0,1e-06,0,0,1e-06,0,0,0,1e-06,0.02058,2e-05,0,0,0,0,0,0,0,1e-06,0,1e-06,5e-06,2e-06,3e-06,1.2e-05,0,0,0.002286,1.9e-05,0,1e-06,2e-06,0,0,1e-06,0,0,2e-06,0,0,0,0,0,0,0,0,0,0,0.000115,0,0,3e-06,0,0,3e-05,0.000113,0,1e-06,6e-06,0,2e-05,4e-06,0,0,1e-06,0.000166,1e-06,2.4e-05,0,6e-06,7e-06,3e-06,4e-06,1.1e-05,0,5e-06,0,0,4.9e-05,0,2.8e-05,3e-06,1e-06,5.1e-05,0,0,0,0,0,0.000363,6.3e-05,0,0,3e-06,7e-06,1e-06,0,0.000762,1.2e-05,3e-06,3.9e-05,1.1e-05,1.5e-05,0,0.000142,1e-06,0,4e-06,0,1e-05,8e-06,3e-06,0,0,0,0,2e-06,0.000772,0,0,0,0.000462,1e-06,1.5e-05,0,0,0,0,1e-06,8e-06,0,0,0,1.9e-05,0.019412,1e-06,1e-06,1e-06,2.3e-05,0,9e-06,0,0,0,3e-06,1e-06,7.2e-05,0.002227,0,0,3.8e-05,1.2e-05,3e-06,0,0,0,1e-06,0,0,0,1e-05,0,0.00024,0,1e-06,1e-06,9e-06,3e-06,5.6e-05,1e-05,1e-06,0,0,0,1.6e-05,0,0,0,0,6.6e-05,1e-06,5e-06,0,1e-06,0,0,6.1e-05,1e-06,6.8e-05,1e-06,0,0,0,0,1.1e-05,0.00074,0,0,0,2.2e-05,1e-06,0,1e-05,0.000808,0,5.6e-05,0,0,1e-06,0.000516,0,1.1e-05,0.004401,0.000139,1e-06,0.002801,6e-06,1e-06,0,0,0,0,0,2e-06,0,0,3e-06,0,0,0.000217,0,0,0.000175,1.3e-05,0,0,4.8e-05,0,1e-06,4e-06,0,0,2e-06,0,0.000138,0,0,0,0,0,0,0,0,3e-06,0,0.001072,2e-06,6e-06,0.000111,3e-05,3e-06,1e-06,0,0,0,1e-06,0,7e-06,6.8e-05,3e-06,4e-06,0,0.000653,0,0,0,1e-06,0,0,0.000191,2.7e-05,0.000245,1.1e-05,0.000244,1.1e-05,1.8e-05,0.002973,1e-06,1e-06,0.000103,0,0.000166,0.000331,5.3e-05,0.00018,3e-06,2e-06,0,1e-06,0,0.001136,0,0,0,0,0,5e-06,0,0,0.000109,4e-06,0,0,2.5e-05,1.7e-05,0.008554,5e-06,2.1e-05,1.4e-05,0,0,2e-06,0,0,0,0,0,0.002919,0.004009,0.003795,0,7.4e-05,1e-06,0,0,0,0,0.000172,3e-06,3.3e-05,3.2e-05,0,0,0,5.4e-05,0,0,0.000185,0,2.2e-05,3e-06,0,0.000379,0,0,0,0,0,0,0
"kilimanjaro/mwanga/lembeni",3e-06,0,2e-06,1e-06,0,0.000201,0,0,0,4e-06,0,0,2e-06,2.6e-05,1e-06,0,0,0,0,0,1e-06,3e-06,0,2e-06,1e-06,1e-06,0,0,0,1e-06,1.8e-05,0,1e-06,3.8e-05,0,0,2e-06,1e-06,0,1e-06,0,0,3e-06,0,0,0,0,0.000464,2.2e-05,0,0,0,0,0,0,0,1e-06,0,2.4e-05,1.1e-05,2e-06,3e-06,6e-06,0,0,1.6e-05,3e-06,0,0,3e-06,0,0,1e-06,0,0,2e-06,0,0,0,0,0,0,0,0,0,0,0.000369,0,0,0.000109,0,0,0.001196,1.2e-05,0,1e-06,1.3e-05,6e-06,0.00093,0.000238,0,0,2.9e-05,3e-06,1.1e-05,9e-05,0,5.5e-05,5e-06,3e-06,1e-05,0.000128,0,0,2e-06,2e-06,0.000123,0,0.000376,1.8e-05,7e-06,0.00037,2.5e-05,0.000168,8e-06,1.1e-05,4e-06,0.000213,1.6e-05,2e-06,2e-06,9e-05,0.000675,1.3e-05,1.8e-05,1.3e-05,1e-06,4.8e-05,5.2e-05,7.2e-05,1.4e-05,1e-06,4e-06,7e-06,3e-06,0.002057,0,0.000255,0.000138,6.2e-05,1e-06,2.8e-05,2e-06,5e-06,0.000102,7.5e-05,4e-06,0,2e-06,0.005074,0.000129,2.7e-05,1e-06,7.7e-05,0,0,0.000327,5e-06,2.5e-05,0,1e-06,8e-06,0.000344,4.4e-05,3e-06,3e-06,1.6e-05,0,8.7e-05,4e-06,1e-06,0,7.7e-05,2.8e-05,0.000306,0.014766,0,1e-06,0.000189,4.7e-05,2.7e-05,0,0,0,2e-06,0,3e-06,0,0.000122,0,8e-05,2e-06,5.1e-05,1e-06,0.000152,4e-06,0.002445,5e-06,2e-06,3e-06,3e-06,0,0.000493,1e-06,0,1.6e-05,0,0.001086,1.4e-05,0.000109,0,0,0,1e-06,0.000188,3e-06,0.000224,4e-06,0,0,0,0,1.7e-05,3.5e-05,0,0,3e-06,1.2e-05,1e-06,2e-06,1.6e-05,0.000253,1e-06,0.024208,2e-06,2e-06,7e-06,2.4e-05,0,1e-06,0.000115,4.1e-05,0,3.7e-05,2.9e-05,3.1e-05,2e-06,0.00013,2e-06,2e-06,1e-06,7.1e-05,0,1e-06,3e-06,0,0,2.4e-05,0,1e-06,2.2e-05,0.004797,1.4e-05,2e-06,0.001476,6e-06,3.1e-05,2.7e-05,0,0,1.5e-05,0,0.00021,0,0,0,0,3e-06,0,1e-06,1e-06,5e-06,2e-06,0.000147,3e-05,1.1e-05,3.9e-05,1e-06,0.000189,1e-06,1e-06,3.8e-05,2e-06,0.000127,0,7e-06,3e-06,1e-06,0,1e-06,2e-05,1e-06,0,2e-06,1.7e-05,0,0,5.8e-05,0.000354,3.1e-05,5e-06,3.2e-05,2e-05,3.8e-05,0.000178,2e-06,2e-06,1e-06,0,7e-06,1.3e-05,4e-06,0.000159,8e-06,2.8e-05,0,1e-05,0,0.000126,0,0,1e-06,0,0,0.000287,1e-05,1e-06,1.3e-05,0.000558,1e-06,0,3.5e-05,1e-06,0.000148,3e-06,5e-06,3.7e-05,0.000217,4e-06,2.5e-05,0,0,0,0,0,0.000105,1.8e-05,5.4e-05,0,1.4e-05,1e-05,1e-06,1e-06,0,2e-06,6e-06,3e-06,0,3.9e-05,0,4e-06,0,0.000617,0,0,2e-06,1e-06,0.000197,3.8e-05,1e-06,6.5e-05,1e-06,2e-06,3e-06,2e-06,0,0,0
"manyara/kiteto/lengatei",0,0,0,0,0,0,0,0,0,0,0,0,0,0,0,0,0,0,0,0,0,0,0,0,0,0,0,0,0,0,0,0,0,0,0,0,0,0,0,0,0,0,0,0,0,0,0,0,0,0,0,0,0,0,0,0,0,0,0,0,0,0,0,0,0,0,0,0,0,0,0,0,0,0,0,0,0,0,0,0,0,0,0,0,0,0,0,0,0,0,0,0,0,0,0,0,0,0,0,0,0,0,0,0,0,0,0,0,0,0,0,0,0,0,0,0,0,0,0,0,0,0,0,0,0,0,0,0,0,0,0,0,0,0,0,0,0,0,0,0,0,0,0,0,0,0,0,0,0,0,0,0,0,0,0,0,0,0,0,0,0,0,0,0,0,0,0,0,0,0,0,0,0,0,0,0,0,0,0,0,0,0,0,0,0,0,0,0,0,0,0,0,0,0,0,0,0,0,0,0,0,0,0,0,0,0,0,0,0,0,0,0,0,0,0,0,0,0,0,0,0,0,0,0,0,0,0,0,0,0,0,0,0,0,0,0,0,0,0,0,0,0,0,0,0,0,0,0,0,0,0,0,0,0,0,0,0,0,0,0,0,0,0,0,0,0,0,0,0,0,0,0,0,0,0,0,0,0,0,0,0,0,0,0,0,0,0,0,0,0,0,0,0,0,0,0,0,0,0,0,0,0,0,0,0,0,0,0,0,0,0,0,0,0,0,0,0,0,0,0,0,0,0,0,0,0,0,0,0,0,0,0,0,0,0,0,0,0,0,0,0,0,0,0,0,0,0,0,0,0,0,0,0,0,0,0,0,0,0,0,0,0,0,0,0,0,0,0,0,0,0,0,0,0,0,0,0,0,0,0,0,0,0,0,0,0,0,0,0,0,0,0,0,0,0,0,0,0
"arusha/monduli/lepurko",1e-05,2e-06,0,6e-06,0,1.5e-05,0,0,0,2.8e-05,0,0,9e-06,0.000136,4e-06,0,0,1e-06,0,0,0,5e-06,0,0,0,0,0,0,0,0,3e-05,0,0,0,3e-06,0,1.5e-05,5e-06,1e-06,7e-06,0,0,5e-06,4e-06,1e-06,0,1.1e-05,0.00418,0.000152,1e-06,0,0,1e-06,0,3e-06,0,1e-06,0,5e-06,0.000135,1.7e-05,0.000133,5.8e-05,0,0,9.2e-05,0.000167,0,3.8e-05,2.8e-05,1e-06,0,1e-06,4e-06,0,3.3e-05,5e-06,0,0,0,0,0,0,0,0,0,0.000157,0,2e-06,2.1e-05,0,0,7.7e-05,7.1e-05,4e-06,1.2e-05,1e-05,0,4.2e-05,1e-05,0,0,4e-06,2.4e-05,2e-06,6.9e-05,0,1.1e-05,9e-06,0.000137,7e-06,2.7e-05,2e-06,1e-06,0,0,5.9e-05,0,5.6e-05,6e-06,3e-06,0.000106,0,1e-06,0,2e-06,4e-06,0.000397,3.1e-05,0,0,9e-06,1.7e-05,2e-06,0,7.9e-05,5e-06,6e-06,0.000212,1.9e-05,1.4e-05,0,3.3e-05,2e-06,1e-06,1.1e-05,0,2.2e-05,1.8e-05,6e-06,0,0,0,0,7e-06,0.001986,1e-06,8e-06,1e-06,0.000862,2e-06,7.9e-05,0,1e-06,0,0,3e-06,9e-06,0.000162,1e-06,2e-06,0,0.002698,4e-06,3e-06,1e-05,0.000417,1e-06,1.8e-05,3e-06,0,1e-06,1.2e-05,3e-06,0.000131,0.002374,0,0,6.5e-05,2.1e-05,5e-06,1e-06,8e-06,0,3.3e-05,0,0,0,2e-05,1e-06,0.000151,2e-06,7e-06,0,2.2e-05,4e-06,0.000135,0.001459,1.9e-05,0,0,1e-06,4.1e-05,0,0,2e-06,0,0.000188,2e-06,1.2e-05,0,1e-06,0,1e-06,8.9e-05,2e-06,0.00012,1e-06,1e-06,0,0,0,0.000109,0.000463,1e-06,0,0,2.3e-05,9.2e-05,0,1.1e-05,0.007254,0,0.000239,0,0,1e-06,9e-05,0,1.8e-05,0.000857,0.002205,8e-06,0.00019,1.4e-05,3e-06,0,1e-06,0,0,0,6e-06,1e-06,0,0.000265,3e-06,0,0.00063,0,1e-05,0.000418,3.3e-05,0,0,0.000119,1e-06,4e-06,1.8e-05,0,1e-05,3e-06,1e-06,0.000735,1e-06,0,0,0,1e-06,0,1e-06,1e-06,6e-06,0,0.000395,4e-06,1.2e-05,0.000186,5e-06,7e-06,1.6e-05,0,0,0,2e-06,0,0.00027,1.5e-05,2e-06,1e-06,0,0.000325,9e-06,0,0,3e-06,0,1e-06,0.000472,7.2e-05,0.00028,2.2e-05,0.000389,1.4e-05,5.2e-05,0.002473,1.2e-05,1.7e-05,6e-06,1e-06,7.1e-05,8.4e-05,5.1e-05,0.001287,3.7e-05,1.2e-05,0,1e-06,3e-06,0.000398,1e-06,1e-06,0,1e-06,0,1.9e-05,2e-06,5e-06,9.8e-05,1.5e-05,6e-06,0,3.6e-05,5e-06,0.001025,0.000747,0.000775,3.4e-05,1e-06,0,4e-06,0,0,0,0,1e-06,0.000611,0.000197,0.000479,0,4.6e-05,2e-06,0,0,0,1e-06,4.1e-05,1.6e-05,1e-06,0.000146,0,0,0,0.000146,1e-06,0,1.9e-05,0,4.3e-05,7e-06,0,0.000158,0,0,0,0,0,0,0
"arusha/arushaurban/levolosi",0.000176,0,1e-06,1e-06,0,3.2e-05,0,0,0,9e-06,0,0,0.000205,0.004998,1e-06,0,0,0,0,0,0,1.1e-05,0,1e-06,0,0,0,0,0,0,0.000239,0,0,0,0,0,0.00227,1e-06,0,3e-06,0,0,2e-06,1e-06,0,0,3e-06,0.368854,8.1e-05,0,0,0,0,0,1e-06,0,3e-06,0,6e-06,2.4e-05,9e-06,1.7e-05,6.9e-05,0,0,0.002058,0.000115,0,3e-06,8e-06,0,0,3e-06,1e-06,0,1e-05,1e-06,0,0,0,0,0,0,0,0,0,0.000499,0,1e-06,1.4e-05,0,0,0.000132,0.00089,1e-06,3e-06,3e-05,0,8.7e-05,1.9e-05,0,0,4e-06,0.009354,4e-06,0.000117,0,2.7e-05,3.5e-05,1.2e-05,2e-05,4.9e-05,0,0.000249,1e-06,0,0.000205,0,0.000125,1.3e-05,6e-06,0.000237,0,1e-06,0,1e-06,2e-06,0.001532,0.000211,1e-06,1e-06,1.3e-05,3.1e-05,6e-06,0,0.004899,0.000159,1.3e-05,0.000211,4.7e-05,6.5e-05,0,0.004025,4e-06,1e-06,1.7e-05,0,4.4e-05,3.8e-05,1.1e-05,0,0,1e-06,0,8e-06,0.004492,1e-06,3e-06,1e-06,0.002038,4e-06,5.9e-05,0,1e-06,0,0,6e-06,4.2e-05,0.00597,2e-06,1e-06,9.7e-05,0,5e-06,7e-06,5e-06,9.6e-05,1e-06,4.2e-05,2e-06,0,0,1.1e-05,6e-06,0.000334,0.009723,1e-06,1e-06,0.000171,5.7e-05,1.2e-05,0,1e-06,0,6e-06,0,0,0,4.5e-05,0,0.00105,1e-06,5e-06,2e-06,4.1e-05,1.6e-05,0.000245,4.7e-05,5e-06,1e-06,1e-06,0,7e-05,0,0,2e-06,0,0.000305,4e-06,2.2e-05,0,4e-06,0,2e-06,0.000274,6e-06,0.000321,2e-06,0,0,0,0,5.7e-05,0.002988,0,0,1e-06,7.3e-05,6e-06,0,3.7e-05,0.003544,0,0.000239,0,1e-06,2e-06,0.001223,0,3.9e-05,0.099033,0.000841,5e-06,0.005016,2.7e-05,3e-06,1e-06,2e-06,1e-06,0,0,1e-05,0,0,1.7e-05,2e-06,0,0.001442,0,2e-06,0.001302,5.7e-05,0,0,0.000215,1e-06,4e-06,1.5e-05,0,2e-06,8e-06,0,0.000736,0,0,0,0,1e-06,0,2e-06,0,1.3e-05,0,0.003044,9e-06,3.1e-05,0.000645,0.002519,1.1e-05,3e-06,0,0,1e-06,3e-06,0,3.1e-05,0.000362,1.5e-05,2e-05,1e-06,0.003918,1e-06,0,1e-06,6e-06,0,0,0.001222,0.000127,0.000727,3.9e-05,0.001919,5e-05,9.3e-05,0.033234,3e-06,5e-06,0.00035,0,0.002262,0.003898,0.000496,0.001005,1.6e-05,8e-06,0,4e-06,1e-06,0.004913,0,0,1e-06,0,0,2.2e-05,2e-06,2e-06,0.000881,1.9e-05,2e-06,0,0.000122,7.9e-05,0.139095,2.7e-05,0.000107,5.3e-05,2e-06,1e-06,1.1e-05,0,0,0,0,0,0.024086,0.005432,0.034237,0,0.00041,4e-06,0,0,0,1e-06,0.00037,1e-05,0.000102,0.000174,0,0,0,0.000251,0,0,0.005407,1e-06,1e-04,1.6e-05,1e-06,0.001466,0,0,0,0,0,0,0
"manyara/simanjiro/liborsoit",0,0,0,0,0,0,0,0,0,0,0,0,0,0,0,0,0,0,0,0,0,0,0,0,0,0,0,0,0,0,0,0,0,0,0,0,0,0,0,0,0,0,0,0,0,0,0,0,0,0,0,0,0,0,0,0,0,0,0,0,0,0,0,0,0,0,0,0,0,0,0,0,0,0,0,0,0,0,0,0,0,0,0,0,0,0,0,0,0,0,0,0,0,0,0,0,0,0,0,0,0,0,0,0,0,0,0,0,0,0,0,0,0,0,0,0,0,0,0,0,0,0,0,0,0,0,0,0,0,0,0,0,0,0,0,0,0,0,0,0,0,0,0,0,0,0,0,0,0,0,0,0,0,0,0,0,0,0,0,0,0,0,0,0,0,0,0,0,0,0,0,0,0,0,0,0,0,0,0,0,0,0,0,0,0,0,0,0,0,0,0,0,0,0,0,0,0,0,0,0,0,0,0,0,0,0,0,0,0,0,0,0,0,0,0,0,0,0,0,0,0,0,0,0,0,0,0,0,0,0,0,0,0,0,0,0,0,0,0,0,0,0,0,0,0,0,0,0,0,0,0,0,0,0,0,0,0,0,0,0,0,0,0,0,0,0,0,0,0,0,0,0,0,0,0,0,0,0,0,0,0,0,0,0,0,0,0,0,0,0,0,0,0,0,0,0,0,0,0,0,0,0,0,0,0,0,0,0,0,0,0,0,0,0,0,0,0,0,0,0,0,0,0,0,0,0,0,0,0,0,0,0,0,0,0,0,0,0,0,0,0,0,0,0,0,0,0,0,0,0,0,0,0,0,0,0,0,0,0,0,0,0,0,0,0,0,0,0,0,0,0,0,0,0,0,0,0,0,0,0,0,0,0,0,0,0,0,0,0,0,0,0,0,0,0,0,0,0
"kilimanjaro/siha/livishi",0,0,0,0,0,0,0,0,0,0,0,0,0,0,0,0,0,0,0,0,0,0,0,0,0,0,0,0,0,0,0,0,0,0,0,0,0,0,0,0,0,0,0,0,0,0,0,0,0,0,0,0,0,0,0,0,0,0,0,0,0,0,0,0,0,0,0,0,0,0,0,0,0,0,0,0,0,0,0,0,0,0,0,0,0,0,0,0,0,0,0,0,0,0,0,0,0,0,0,0,0,0,0,0,0,0,0,0,0,0,0,0,0,0,0,0,0,0,0,0,0,0,0,0,0,0,0,0,0,0,0,0,0,0,0,0,0,0,0,0,0,0,0,0,0,0,0,0,0,0,0,0,0,0,0,0,0,0,0,0,0,0,0,0,0,0,0,0,0,0,0,0,0,0,0,0,0,0,0,0,0,0,0,0,0,0,0,0,0,0,0,0,0,0,0,0,0,0,0,0,0,0,0,0,0,0,0,0,0,0,0,0,0,0,0,0,0,0,0,0,0,0,0,0,0,0,0,0,0,0,0,0,0,0,0,0,0,0,0,0,0,0,0,0,0,0,0,0,0,0,0,0,0,0,0,0,0,0,0,0,0,0,0,0,0,0,0,0,0,0,0,0,0,0,0,0,0,0,0,0,0,0,0,0,0,0,0,0,0,0,0,0,0,0,0,0,0,0,0,0,0,0,0,0,0,0,0,0,0,0,0,0,0,0,0,0,0,0,0,0,0,0,0,0,0,0,0,0,0,0,0,0,0,0,0,0,0,0,0,0,0,0,0,0,0,0,0,0,0,0,0,0,0,0,0,0,0,0,0,0,0,0,0,0,0,0,0,0,0,0,0,0,0,0,0,0,0,0,0,0,0,0,0,0,0,0,0,0,0,0,0,0,0,0,0,0,0,0
"manyara/simanjiro/loiborsiret",0,0,0,0,0,0,0,0,0,0,0,0,0,0,0,0,0,0,0,0,0,0,0,0,0,0,0,0,0,0,0,0,0,0,0,0,0,0,0,0,0,0,0,0,0,0,0,0,0,0,0,0,0,0,0,0,0,0,0,0,0,0,0,0,0,0,0,0,0,0,0,0,0,0,0,0,0,0,0,0,0,0,0,0,0,0,0,0,0,0,0,0,0,0,0,0,0,0,0,0,0,0,0,0,0,0,0,0,0,0,0,0,0,0,0,0,0,0,0,0,0,0,0,0,0,0,0,0,0,0,0,0,0,0,0,0,0,0,0,0,0,0,0,0,0,0,0,0,0,0,0,0,0,0,0,0,0,0,0,0,0,0,0,0,0,0,0,0,0,0,0,0,0,0,0,0,0,0,0,0,0,0,0,0,0,0,0,0,0,0,0,0,0,0,0,0,0,0,0,0,0,0,0,0,0,0,0,0,0,0,0,0,0,0,0,0,0,0,0,0,0,0,0,0,0,0,0,0,0,0,0,0,0,0,0,0,0,0,0,0,0,0,0,0,0,0,0,0,0,0,0,0,0,0,0,0,0,0,0,0,0,0,0,0,0,0,0,0,0,0,0,0,0,0,0,0,0,0,0,0,0,0,0,0,0,0,0,0,0,0,0,0,0,0,0,0,0,0,0,0,0,0,0,0,0,0,0,0,0,0,0,0,0,0,0,0,0,0,0,0,0,0,0,0,0,0,0,0,0,0,0,0,0,0,0,0,0,0,0,0,0,0,0,0,0,0,0,0,0,0,0,0,0,0,0,0,0,0,0,0,0,0,0,0,0,0,0,0,0,0,0,0,0,0,0,0,0,0,0,0,0,0,0,0,0,0,0,0,0,0,0,0,0,0,0,0,0,0
"arusha/monduli/lolkisale",0,0,0,0,0,0,0,0,0,0,0,0,0,0,0,0,0,0,0,0,0,0,0,0,0,0,0,0,0,0,0,0,0,0,0,0,0,0,0,0,0,0,0,0,0,0,0,0,0,0,0,0,0,0,0,0,0,0,0,0,0,0,0,0,0,0,0,0,0,0,0,0,0,0,0,0,0,0,0,0,0,0,0,0,0,0,0,0,0,0,0,0,0,0,0,0,0,0,0,0,0,0,0,0,0,0,0,0,0,0,0,0,0,0,0,0,0,0,0,0,0,0,0,0,0,0,0,0,0,0,0,0,0,0,0,0,0,0,0,0,0,0,0,0,0,0,0,0,0,0,0,0,0,0,0,0,0,0,0,0,0,0,0,0,0,0,0,0,0,0,0,0,0,0,0,0,0,0,0,0,0,0,0,0,0,0,0,0,0,0,0,0,0,0,0,0,0,0,0,0,0,0,0,0,0,0,0,0,0,0,0,0,0,0,0,0,0,0,0,0,0,0,0,0,0,0,0,0,0,0,0,0,0,0,0,0,0,0,0,0,0,0,0,0,0,0,0,0,0,0,0,0,0,0,0,0,0,0,0,0,0,0,0,0,0,0,0,0,0,0,0,0,0,0,0,0,0,0,0,0,0,0,0,0,0,0,0,0,0,0,0,0,0,0,0,0,0,0,0,0,0,0,0,0,0,0,0,0,0,0,0,0,0,0,0,0,0,0,0,0,0,0,0,0,0,0,0,0,0,0,0,0,0,0,0,0,0,0,0,0,0,0,0,0,0,0,0,0,0,0,0,0,0,0,0,0,0,0,0,0,0,0,0,0,0,0,0,0,0,0,0,0,0,0,0,0,0,0,0,0,0,0,0,0,0,0,0,0,0,0,0,0,0,0,0,0,0,0
"arusha/longido/longido",0,0,0,0,0,0,0,0,0,0,0,0,0,0,0,0,0,0,0,0,0,0,0,0,0,0,0,0,0,0,0,0,0,0,0,0,0,0,0,0,0,0,0,0,0,0,0,0,0,0,0,0,0,0,0,0,0,0,0,0,0,0,0,0,0,0,0,0,0,0,0,0,0,0,0,0,0,0,0,0,0,0,0,0,0,0,0,0,0,0,0,0,0,0,0,0,0,0,0,0,0,0,0,0,0,0,0,0,0,0,0,0,0,0,0,0,0,0,0,0,0,0,0,0,0,0,0,0,0,0,0,0,0,0,0,0,0,0,0,0,0,0,0,0,0,0,0,0,0,0,0,0,0,0,0,0,0,0,0,0,0,0,0,0,0,0,0,0,0,0,0,0,0,0,0,0,0,0,0,0,0,0,0,0,0,0,0,0,0,0,0,0,0,0,0,0,0,0,0,0,0,0,0,0,0,0,0,0,0,0,0,0,0,0,0,0,0,0,0,0,0,0,0,0,0,0,0,0,0,0,0,0,0,0,0,0,0,0,0,0,0,0,0,0,0,0,0,0,0,0,0,0,0,0,0,0,0,0,0,0,0,0,0,0,0,0,0,0,0,0,0,0,0,0,0,0,0,0,0,0,0,0,0,0,0,0,0,0,0,0,0,0,0,0,0,0,0,0,0,0,0,0,0,0,0,0,0,0,0,0,0,0,0,0,0,0,0,0,0,0,0,0,0,0,0,0,0,0,0,0,0,0,0,0,0,0,0,0,0,0,0,0,0,0,0,0,0,0,0,0,0,0,0,0,0,0,0,0,0,0,0,0,0,0,0,0,0,0,0,0,0,0,0,0,0,0,0,0,0,0,0,0,0,0,0,0,0,0,0,0,0,0,0,0,0,0,0,0
"kilimanjaro/moshimunicipal/longuob",0,0,0,0,0,0,0,0,0,0,0,0,0,0,0,0,0,0,0,0,0,0,0,0,0,0,0,0,0,0,0,0,0,0,0,0,0,0,0,0,0,0,0,0,0,0,0,0,0,0,0,0,0,0,0,0,0,0,0,0,0,0,0,0,0,0,0,0,0,0,0,0,0,0,0,0,0,0,0,0,0,0,0,0,0,0,0,0,0,0,0,0,0,0,0,0,0,0,0,0,0,0,0,0,0,0,0,0,0,0,0,0,0,0,0,0,0,0,0,0,0,0,0,0,0,0,0,0,0,0,0,0,0,0,0,0,0,0,0,0,0,0,0,0,0,0,0,0,0,0,0,0,0,0,0,0,0,0,0,0,0,0,0,0,0,0,0,0,0,0,0,0,0,0,0,0,0,0,0,0,0,0,0,0,0,0,0,0,0,0,0,0,0,0,0,0,0,0,0,0,0,0,0,0,0,0,0,0,0,0,0,0,0,0,0,0,0,0,0,0,0,0,0,0,0,0,0,0,0,0,0,0,0,0,0,0,0,0,0,0,0,0,0,0,0,0,0,0,0,0,0,0,0,0,0,0,0,0,0,0,0,0,0,0,0,0,0,0,0,0,0,0,0,0,0,0,0,0,0,0,0,0,0,0,0,0,0,0,0,0,0,0,0,0,0,0,0,0,0,0,0,0,0,0,0,0,0,0,0,0,0,0,0,0,0,0,0,0,0,0,0,0,0,0,0,0,0,0,0,0,0,0,0,0,0,0,0,0,0,0,0,0,0,0,0,0,0,0,0,0,0,0,0,0,0,0,0,0,0,0,0,0,0,0,0,0,0,0,0,0,0,0,0,0,0,0,0,0,0,0,0,0,0,0,0,0,0,0,0,0,0,0,0,0,0,0,0,0
"manyara/kiteto/loolera",0,0,0,0,0,0,0,0,0,0,0,0,0,0,0,0,0,0,0,0,0,0,0,0,0,0,0,0,0,0,0,0,0,0,0,0,0,0,0,0,0,0,0,0,0,0,0,0,0,0,0,0,0,0,0,0,0,0,0,0,0,0,0,0,0,0,0,0,0,0,0,0,0,0,0,0,0,0,0,0,0,0,0,0,0,0,0,0,0,0,0,0,0,0,0,0,0,0,0,0,0,0,0,0,0,0,0,0,0,0,0,0,0,0,0,0,0,0,0,0,0,0,0,0,0,0,0,0,0,0,0,0,0,0,0,0,0,0,0,0,0,0,0,0,0,0,0,0,0,0,0,0,0,0,0,0,0,0,0,0,0,0,0,0,0,0,0,0,0,0,0,0,0,0,0,0,0,0,0,0,0,0,0,0,0,0,0,0,0,0,0,0,0,0,0,0,0,0,0,0,0,0,0,0,0,0,0,0,0,0,0,0,0,0,0,0,0,0,0,0,0,0,0,0,0,0,0,0,0,0,0,0,0,0,0,0,0,0,0,0,0,0,0,0,0,0,0,0,0,0,0,0,0,0,0,0,0,0,0,0,0,0,0,0,0,0,0,0,0,0,0,0,0,0,0,0,0,0,0,0,0,0,0,0,0,0,0,0,0,0,0,0,0,0,0,0,0,0,0,0,0,0,0,0,0,0,0,0,0,0,0,0,0,0,0,0,0,0,0,0,0,0,0,0,0,0,0,0,0,0,0,0,0,0,0,0,0,0,0,0,0,0,0,0,0,0,0,0,0,0,0,0,0,0,0,0,0,0,0,0,0,0,0,0,0,0,0,0,0,0,0,0,0,0,0,0,0,0,0,0,0,0,0,0,0,0,0,0,0,0,0,0,0,0,0,0,0,0
"kilimanjaro/same/lugulu",0,0,0,0,0,0,0,0,0,0,0,0,0,0,0,0,0,0,0,0,0,0,0,0,0,0,0,0,0,0,0,0,0,0,0,0,0,0,0,0,0,0,0,0,0,0,0,0,0,0,0,0,0,0,0,0,0,0,0,0,0,0,0,0,0,0,0,0,0,0,0,0,0,0,0,0,0,0,0,0,0,0,0,0,0,0,0,0,0,0,0,0,0,0,0,0,0,0,0,0,0,0,0,0,0,0,0,0,0,0,0,0,0,0,0,0,0,0,0,0,0,0,0,0,0,0,0,0,0,0,0,0,0,0,0,0,0,0,0,0,0,0,0,0,0,0,0,0,0,0,0,0,0,0,0,0,0,0,0,0,0,0,0,0,0,0,0,0,0,0,0,0,0,0,0,0,0,0,0,0,0,0,0,0,0,0,0,0,0,0,0,0,0,0,0,0,0,0,0,0,0,0,0,0,0,0,0,0,0,0,0,0,0,0,0,0,0,0,0,0,0,0,0,0,0,0,0,0,0,0,0,0,0,0,0,0,0,0,0,0,0,0,0,0,0,0,0,0,0,0,0,0,0,0,0,0,0,0,0,0,0,0,0,0,0,0,0,0,0,0,0,0,0,0,0,0,0,0,0,0,0,0,0,0,0,0,0,0,0,0,0,0,0,0,0,0,0,0,0,0,0,0,0,0,0,0,0,0,0,0,0,0,0,0,0,0,0,0,0,0,0,0,0,0,0,0,0,0,0,0,0,0,0,0,0,0,0,0,0,0,0,0,0,0,0,0,0,0,0,0,0,0,0,0,0,0,0,0,0,0,0,0,0,0,0,0,0,0,0,0,0,0,0,0,0,0,0,0,0,0,0,0,0,0,0,0,0,0,0,0,0,0,0,0,0,0,0,0
"arusha/ngorongoro/maalon",0,0,0,0,0,0,0,0,0,0,0,0,0,0,0,0,0,0,0,0,0,0,0,0,0,0,0,0,0,0,0,0,0,0,0,0,0,0,0,0,0,0,0,0,0,0,0,0,0,0,0,0,0,0,0,0,0,0,0,0,0,0,0,0,0,0,0,0,0,0,0,0,0,0,0,0,0,0,0,0,0,0,0,0,0,0,0,0,0,0,0,0,0,0,0,0,0,0,0,0,0,0,0,0,0,0,0,0,0,0,0,0,0,0,0,0,0,0,0,0,0,0,0,0,0,0,0,0,0,0,0,0,0,0,0,0,0,0,0,0,0,0,0,0,0,0,0,0,0,0,0,0,0,0,0,0,0,0,0,0,0,0,0,0,0,0,0,0,0,0,0,0,0,0,0,0,0,0,0,0,0,0,0,0,0,0,0,0,0,0,0,0,0,0,0,0,0,0,0,0,0,0,0,0,0,0,0,0,0,0,0,0,0,0,0,0,0,0,0,0,0,0,0,0,0,0,0,0,0,0,0,0,0,0,0,0,0,0,0,0,0,0,0,0,0,0,0,0,0,0,0,0,0,0,0,0,0,0,0,0,0,0,0,0,0,0,0,0,0,0,0,0,0,0,0,0,0,0,0,0,0,0,0,0,0,0,0,0,0,0,0,0,0,0,0,0,0,0,0,0,0,0,0,0,0,0,0,0,0,0,0,0,0,0,0,0,0,0,0,0,0,0,0,0,0,0,0,0,0,0,0,0,0,0,0,0,0,0,0,0,0,0,0,0,0,0,0,0,0,0,0,0,0,0,0,0,0,0,0,0,0,0,0,0,0,0,0,0,0,0,0,0,0,0,0,0,0,0,0,0,0,0,0,0,0,0,0,0,0,0,0,0,0,0,0,0,0,0
"kilimanjaro/same/mabilioni",0,0,0,0,0,0,0,0,0,0,0,0,0,0,0,0,0,0,0,0,0,0,0,0,0,0,0,0,0,0,0,0,0,0,0,0,0,0,0,0,0,0,0,0,0,0,0,0,0,0,0,0,0,0,0,0,0,0,0,0,0,0,0,0,0,0,0,0,0,0,0,0,0,0,0,0,0,0,0,0,0,0,0,0,0,0,0,0,0,0,0,0,0,0,0,0,0,0,0,0,0,0,0,0,0,0,0,0,0,0,0,0,0,0,0,0,0,0,0,0,0,0,0,0,0,0,0,0,0,0,0,0,0,0,0,0,0,0,0,0,0,0,0,0,0,0,0,0,0,0,0,0,0,0,0,0,0,0,0,0,0,0,0,0,0,0,0,0,0,0,0,0,0,0,0,0,0,0,0,0,0,0,0,0,0,0,0,0,0,0,0,0,0,0,0,0,0,0,0,0,0,0,0,0,0,0,0,0,0,0,0,0,0,0,0,0,0,0,0,0,0,0,0,0,0,0,0,0,0,0,0,0,0,0,0,0,0,0,0,0,0,0,0,0,0,0,0,0,0,0,0,0,0,0,0,0,0,0,0,0,0,0,0,0,0,0,0,0,0,0,0,0,0,0,0,0,0,0,0,0,0,0,0,0,0,0,0,0,0,0,0,0,0,0,0,0,0,0,0,0,0,0,0,0,0,0,0,0,0,0,0,0,0,0,0,0,0,0,0,0,0,0,0,0,0,0,0,0,0,0,0,0,0,0,0,0,0,0,0,0,0,0,0,0,0,0,0,0,0,0,0,0,0,0,0,0,0,0,0,0,0,0,0,0,0,0,0,0,0,0,0,0,0,0,0,0,0,0,0,0,0,0,0,0,0,0,0,0,0,0,0,0,0,0,0,0,0,0
"kilimanjaro/moshi/mabogini",0,0,0,0,0,0,0,0,0,0,0,0,0,0,0,0,0,0,0,0,0,0,0,0,0,0,0,0,0,0,0,0,0,0,0,0,0,0,0,0,0,0,0,0,0,0,0,0,0,0,0,0,0,0,0,0,0,0,0,0,0,0,0,0,0,0,0,0,0,0,0,0,0,0,0,0,0,0,0,0,0,0,0,0,0,0,0,0,0,0,0,0,0,0,0,0,0,0,0,0,0,0,0,0,0,0,0,0,0,0,0,0,0,0,0,0,0,0,0,0,0,0,0,0,0,0,0,0,0,0,0,0,0,0,0,0,0,0,0,0,0,0,0,0,0,0,0,0,0,0,0,0,0,0,0,0,0,0,0,0,0,0,0,0,0,0,0,0,0,0,0,0,0,0,0,0,0,0,0,0,0,0,0,0,0,0,0,0,0,0,0,0,0,0,0,0,0,0,0,0,0,0,0,0,0,0,0,0,0,0,0,0,0,0,0,0,0,0,0,0,0,0,0,0,0,0,0,0,0,0,0,0,0,0,0,0,0,0,0,0,0,0,0,0,0,0,0,0,0,0,0,0,0,0,0,0,0,0,0,0,0,0,0,0,0,0,0,0,0,0,0,0,0,0,0,0,0,0,0,0,0,0,0,0,0,0,0,0,0,0,0,0,0,0,0,0,0,0,0,0,0,0,0,0,0,0,0,0,0,0,0,0,0,0,0,0,0,0,0,0,0,0,0,0,0,0,0,0,0,0,0,0,0,0,0,0,0,0,0,0,0,0,0,0,0,0,0,0,0,0,0,0,0,0,0,0,0,0,0,0,0,0,0,0,0,0,0,0,0,0,0,0,0,0,0,0,0,0,0,0,0,0,0,0,0,0,0,0,0,0,0,0,0,0,0,0,0,0
"kilimanjaro/hai/machamekaskazini",0,0,0,0,0,0,0,0,0,0,0,0,0,0,0,0,0,0,0,0,0,0,0,0,0,0,0,0,0,0,0,0,0,0,0,0,0,0,0,0,0,0,0,0,0,0,0,0,0,0,0,0,0,0,0,0,0,0,0,0,0,0,0,0,0,0,0,0,0,0,0,0,0,0,0,0,0,0,0,0,0,0,0,0,0,0,0,0,0,0,0,0,0,0,0,0,0,0,0,0,0,0,0,0,0,0,0,0,0,0,0,0,0,0,0,0,0,0,0,0,0,0,0,0,0,0,0,0,0,0,0,0,0,0,0,0,0,0,0,0,0,0,0,0,0,0,0,0,0,0,0,0,0,0,0,0,0,0,0,0,0,0,0,0,0,0,0,0,0,0,0,0,0,0,0,0,0,0,0,0,0,0,0,0,0,0,0,0,0,0,0,0,0,0,0,0,0,0,0,0,0,0,0,0,0,0,0,0,0,0,0,0,0,0,0,0,0,0,0,0,0,0,0,0,0,0,0,0,0,0,0,0,0,0,0,0,0,0,0,0,0,0,0,0,0,0,0,0,0,0,0,0,0,0,0,0,0,0,0,0,0,0,0,0,0,0,0,0,0,0,0,0,0,0,0,0,0,0,0,0,0,0,0,0,0,0,0,0,0,0,0,0,0,0,0,0,0,0,0,0,0,0,0,0,0,0,0,0,0,0,0,0,0,0,0,0,0,0,0,0,0,0,0,0,0,0,0,0,0,0,0,0,0,0,0,0,0,0,0,0,0,0,0,0,0,0,0,0,0,0,0,0,0,0,0,0,0,0,0,0,0,0,0,0,0,0,0,0,0,0,0,0,0,0,0,0,0,0,0,0,0,0,0,0,0,0,0,0,0,0,0,0,0,0,0,0,0,0
"kilimanjaro/hai/machamekusini",0.006579,0.000106,0.002912,0.000392,1.2e-05,0.24213,5e-06,7e-06,1e-05,0.002595,4.2e-05,8e-06,0.004124,0.05537,0.000406,2e-05,8e-06,3.1e-05,6e-06,2.1e-05,0.000131,0.013394,1e-05,0.024612,0.000167,0.008459,1.8e-05,1.7e-05,7e-06,0.000213,0.013355,4.3e-05,1e-04,0.000658,5.6e-05,1.2e-05,0.004315,0.000279,2.5e-05,0.001127,1.1e-05,4e-06,0.001079,0.000202,0.000149,1.1e-05,0.000434,0.540241,0.017128,1.8e-05,7e-06,2.5e-05,3e-05,1.3e-05,0.000216,5e-06,0.001995,3.3e-05,0.005181,0.005809,0.002261,0.002142,0.011682,0.000141,1e-06,0.030683,0.005336,9e-06,0.000462,0.001612,2.3e-05,1e-06,0.004585,0.000194,2e-05,0.002011,0.000344,5e-06,6e-06,8e-06,4e-06,2.4e-05,9e-06,1.1e-05,2.1e-05,5e-06,0.945859,8e-06,0.000172,0.012256,4e-06,6e-06,0.477869,0.028174,0.000195,0.000728,0.091485,0.000463,0.472206,0.128549,1e-05,1.7e-05,0.004746,0.006681,0.101091,0.193293,1.7e-05,0.738022,0.01908,0.001859,0.071238,0.232358,0.00012,0.000161,0.00459,0.002772,0.530026,3.1e-05,0.832939,0.115733,0.04921,0.814788,0.001241,0.004316,0.000384,0.001799,0.001047,0.424998,0.037952,0.006315,0.004858,0.073631,0.161942,0.209783,0.00025,0.027893,0.001318,0.178918,0.085608,0.786954,0.071992,0.000107,0.007947,0.115892,0.003725,0.053451,1.2e-05,0.37376,0.322822,0.103637,0.00274,0.000731,0.002808,4e-04,0.012749,0.113134,0.003705,0.000366,0.00043,0.999689,0.01867,0.013265,0.01535,0.002046,4e-06,8e-06,0.025353,0.020671,0.047357,0.006291,0.000348,0.006828,0.458827,0.0064,0.018474,0.00132,0.010359,0.000273,0.719341,0.001334,7.2e-05,0.000164,0.012822,0.09034,0.869027,0,0.002568,0.007462,0.905065,0.446652,0.402337,0.000108,0.000146,8e-06,0.001052,7.9e-05,0.002758,1.4e-05,0.653271,2e-05,0.232099,0.000679,0.00487,0.001816,0.216812,0.021713,0.715749,0.004082,0.001658,0.004754,0.004355,3e-05,0.294333,0.001236,9e-06,0.002331,9e-06,0.644703,0.032177,0.160304,7e-06,0.00145,8e-06,0.010075,0.868301,0.030956,0.772356,0.0555,5.7e-05,6e-06,5e-06,7e-06,0.019915,0.056476,0.000199,0.002123,0.013725,0.017071,0.000813,0.002192,0.031079,0.120003,0.012089,0.320691,0.00016,0.020905,0.063671,0.048785,1.1e-05,0.001997,0.208259,0.047416,0.000241,0.074679,0.080011,0.004444,0.00298,0.008026,0.013404,0.000205,0.000137,0.027315,2.7e-05,0.00014,0.002047,0.000549,1.5e-05,0.040145,8e-06,0.000478,0.040727,0.205653,0.001257,0.000201,0.677051,0.007392,0.004676,0.007069,1.5e-05,0.000311,0.017434,3.9e-05,0.284588,3.6e-05,2.5e-05,1.2e-05,4e-06,0.006668,1.8e-05,0.004032,0.000283,0.017979,0.000366,0.250293,0.173001,0.047528,0.082137,0.001178,0.020501,0.000755,0.000858,0.000311,0.022336,0.005751,5.1e-05,0.004209,0.008018,0.001716,0.000706,0.009115,0.025125,0.000304,0.00012,0.009554,0.077986,1.7e-05,5.9e-05,0.098716,0.425019,0.031894,0.005396,0.063941,0.158308,0.096507,0.222959,0.001044,0.001403,0.002207,0.000227,0.013448,0.027826,0.007529,0.19133,0.006877,0.005043,3.1e-05,0.11995,0.000382,0.272092,7.8e-05,1.9e-05,0.01822,2.6e-05,9e-06,0.030773,0.00205,0.000646,0.029341,0.033979,0.000884,6e-06,0.181484,0.003901,0.255259,0.002492,0.007078,0.022287,0.006061,0.00452,0.445327,1.3e-05,4e-06,1.3e-05,5e-06,0.000154,0.204579,0.025169,0.098665,6.8e-05,0.040885,0.177895,8.4e-05,0.000176,8.3e-05,0.004779,0.010707,0.001563,0.00048,0.065853,8e-06,0.000257,1.1e-05,0.592312,0.000101,6e-06,0.00496,0.008945,0.821813,0.20064,0.006509,0.161842,0.002863,0.000199,0.000353,0.000106,5.1e-05,1.1e-05,9e-06
"kilimanjaro/hai/machamemagharibi",0,0,0,0,0,0,0,0,0,0,0,0,0,0,0,0,0,0,0,0,0,0,0,0,0,0,0,0,0,0,0,0,0,0,0,0,0,0,0,0,0,0,0,0,0,0,0,0,0,0,0,0,0,0,0,0,0,0,0,0,0,0,0,0,0,0,0,0,0,0,0,0,0,0,0,0,0,0,0,0,0,0,0,0,0,0,0,0,0,0,0,0,0,0,0,0,0,0,0,0,0,0,0,0,0,0,0,0,0,0,0,0,0,0,0,0,0,0,0,0,0,0,0,0,0,0,0,0,0,0,0,0,0,0,0,0,0,0,0,0,0,0,0,0,0,0,0,0,0,0,0,0,0,0,0,0,0,0,0,0,0,0,0,0,0,0,0,0,0,0,0,0,0,0,0,0,0,0,0,0,0,0,0,0,0,0,0,0,0,0,0,0,0,0,0,0,0,0,0,0,0,0,0,0,0,0,0,0,0,0,0,0,0,0,0,0,0,0,0,0,0,0,0,0,0,0,0,0,0,0,0,0,0,0,0,0,0,0,0,0,0,0,0,0,0,0,0,0,0,0,0,0,0,0,0,0,0,0,0,0,0,0,0,0,0,0,0,0,0,0,0,0,0,0,0,0,0,0,0,0,0,0,0,0,0,0,0,0,0,0,0,0,0,0,0,0,0,0,0,0,0,0,0,0,0,0,0,0,0,0,0,0,0,0,0,0,0,0,0,0,0,0,0,0,0,0,0,0,0,0,0,0,0,0,0,0,0,0,0,0,0,0,0,0,0,0,0,0,0,0,0,0,0,0,0,0,0,0,0,0,0,0,0,0,0,0,0,0,0,0,0,0,0,0,0,0,0,0,0,0,0,0,0,0,0,0,0,0,0,0,0,0,0,0,0,0,0,0
"kilimanjaro/hai/machamemashariki",0,0,0,0,0,0,0,0,0,0,0,0,0,0,0,0,0,0,0,0,0,0,0,0,0,0,0,0,0,0,0,0,0,0,0,0,0,0,0,0,0,0,0,0,0,0,0,0,0,0,0,0,0,0,0,0,0,0,0,0,0,0,0,0,0,0,0,0,0,0,0,0,0,0,0,0,0,0,0,0,0,0,0,0,0,0,0,0,0,0,0,0,0,0,0,0,0,0,0,0,0,0,0,0,0,0,0,0,0,0,0,0,0,0,0,0,0,0,0,0,0,0,0,0,0,0,0,0,0,0,0,0,0,0,0,0,0,0,0,0,0,0,0,0,0,0,0,0,0,0,0,0,0,0,0,0,0,0,0,0,0,0,0,0,0,0,0,0,0,0,0,0,0,0,0,0,0,0,0,0,0,0,0,0,0,0,0,0,0,0,0,0,0,0,0,0,0,0,0,0,0,0,0,0,0,0,0,0,0,0,0,0,0,0,0,0,0,0,0,0,0,0,0,0,0,0,0,0,0,0,0,0,0,0,0,0,0,0,0,0,0,0,0,0,0,0,0,0,0,0,0,0,0,0,0,0,0,0,0,0,0,0,0,0,0,0,0,0,0,0,0,0,0,0,0,0,0,0,0,0,0,0,0,0,0,0,0,0,0,0,0,0,0,0,0,0,0,0,0,0,0,0,0,0,0,0,0,0,0,0,0,0,0,0,0,0,0,0,0,0,0,0,0,0,0,0,0,0,0,0,0,0,0,0,0,0,0,0,0,0,0,0,0,0,0,0,0,0,0,0,0,0,0,0,0,0,0,0,0,0,0,0,0,0,0,0,0,0,0,0,0,0,0,0,0,0,0,0,0,0,0,0,0,0,0,0,0,0,0,0,0,0,0,0,0,0,0,0
"kilimanjaro/hai/machamenarumu",0,0,0,0,0,0,0,0,0,0,0,0,0,0,0,0,0,0,0,0,0,0,0,0,0,0,0,0,0,0,0,0,0,0,0,0,0,0,0,0,0,0,0,0,0,0,0,0,0,0,0,0,0,0,0,0,0,0,0,0,0,0,0,0,0,0,0,0,0,0,0,0,0,0,0,0,0,0,0,0,0,0,0,0,0,0,0,0,0,0,0,0,0,0,0,0,0,0,0,0,0,0,0,0,0,0,0,0,0,0,0,0,0,0,0,0,0,0,0,0,0,0,0,0,0,0,0,0,0,0,0,0,0,0,0,0,0,0,0,0,0,0,0,0,0,0,0,0,0,0,0,0,0,0,0,0,0,0,0,0,0,0,0,0,0,0,0,0,0,0,0,0,0,0,0,0,0,0,0,0,0,0,0,0,0,0,0,0,0,0,0,0,0,0,0,0,0,0,0,0,0,0,0,0,0,0,0,0,0,0,0,0,0,0,0,0,0,0,0,0,0,0,0,0,0,0,0,0,0,0,0,0,0,0,0,0,0,0,0,0,0,0,0,0,0,0,0,0,0,0,0,0,0,0,0,0,0,0,0,0,0,0,0,0,0,0,0,0,0,0,0,0,0,0,0,0,0,0,0,0,0,0,0,0,0,0,0,0,0,0,0,0,0,0,0,0,0,0,0,0,0,0,0,0,0,0,0,0,0,0,0,0,0,0,0,0,0,0,0,0,0,0,0,0,0,0,0,0,0,0,0,0,0,0,0,0,0,0,0,0,0,0,0,0,0,0,0,0,0,0,0,0,0,0,0,0,0,0,0,0,0,0,0,0,0,0,0,0,0,0,0,0,0,0,0,0,0,0,0,0,0,0,0,0,0,0,0,0,0,0,0,0,0,0,0,0,0,0
"kilimanjaro/hai/machameuroki",0,0,0,0,0,0,0,0,0,0,0,0,0,0,0,0,0,0,0,0,0,0,0,0,0,0,0,0,0,0,0,0,0,0,0,0,0,0,0,0,0,0,0,0,0,0,0,0,0,0,0,0,0,0,0,0,0,0,0,0,0,0,0,0,0,0,0,0,0,0,0,0,0,0,0,0,0,0,0,0,0,0,0,0,0,0,0,0,0,0,0,0,0,0,0,0,0,0,0,0,0,0,0,0,0,0,0,0,0,0,0,0,0,0,0,0,0,0,0,0,0,0,0,0,0,0,0,0,0,0,0,0,0,0,0,0,0,0,0,0,0,0,0,0,0,0,0,0,0,0,0,0,0,0,0,0,0,0,0,0,0,0,0,0,0,0,0,0,0,0,0,0,0,0,0,0,0,0,0,0,0,0,0,0,0,0,0,0,0,0,0,0,0,0,0,0,0,0,0,0,0,0,0,0,0,0,0,0,0,0,0,0,0,0,0,0,0,0,0,0,0,0,0,0,0,0,0,0,0,0,0,0,0,0,0,0,0,0,0,0,0,0,0,0,0,0,0,0,0,0,0,0,0,0,0,0,0,0,0,0,0,0,0,0,0,0,0,0,0,0,0,0,0,0,0,0,0,0,0,0,0,0,0,0,0,0,0,0,0,0,0,0,0,0,0,0,0,0,0,0,0,0,0,0,0,0,0,0,0,0,0,0,0,0,0,0,0,0,0,0,0,0,0,0,0,0,0,0,0,0,0,0,0,0,0,0,0,0,0,0,0,0,0,0,0,0,0,0,0,0,0,0,0,0,0,0,0,0,0,0,0,0,0,0,0,0,0,0,0,0,0,0,0,0,0,0,0,0,0,0,0,0,0,0,0,0,0,0,0,0,0,0,0,0,0,0,0,0
"kilimanjaro/hai/machameweruweru",0,0,0,0,0,0,0,0,0,0,0,0,0,0,0,0,0,0,0,0,0,0,0,0,0,0,0,0,0,0,0,0,0,0,0,0,0,0,0,0,0,0,0,0,0,0,0,0,0,0,0,0,0,0,0,0,0,0,0,0,0,0,0,0,0,0,0,0,0,0,0,0,0,0,0,0,0,0,0,0,0,0,0,0,0,0,0,0,0,0,0,0,0,0,0,0,0,0,0,0,0,0,0,0,0,0,0,0,0,0,0,0,0,0,0,0,0,0,0,0,0,0,0,0,0,0,0,0,0,0,0,0,0,0,0,0,0,0,0,0,0,0,0,0,0,0,0,0,0,0,0,0,0,0,0,0,0,0,0,0,0,0,0,0,0,0,0,0,0,0,0,0,0,0,0,0,0,0,0,0,0,0,0,0,0,0,0,0,0,0,0,0,0,0,0,0,0,0,0,0,0,0,0,0,0,0,0,0,0,0,0,0,0,0,0,0,0,0,0,0,0,0,0,0,0,0,0,0,0,0,0,0,0,0,0,0,0,0,0,0,0,0,0,0,0,0,0,0,0,0,0,0,0,0,0,0,0,0,0,0,0,0,0,0,0,0,0,0,0,0,0,0,0,0,0,0,0,0,0,0,0,0,0,0,0,0,0,0,0,0,0,0,0,0,0,0,0,0,0,0,0,0,0,0,0,0,0,0,0,0,0,0,0,0,0,0,0,0,0,0,0,0,0,0,0,0,0,0,0,0,0,0,0,0,0,0,0,0,0,0,0,0,0,0,0,0,0,0,0,0,0,0,0,0,0,0,0,0,0,0,0,0,0,0,0,0,0,0,0,0,0,0,0,0,0,0,0,0,0,0,0,0,0,0,0,0,0,0,0,0,0,0,0,0,0,0,0,0
"manyara/babati/madunga",0,0,0,0,0,0,0,0,0,0,0,0,0,0,0,0,0,0,0,0,0,0,0,0,0,0,0,0,0,0,0,0,0,0,0,0,0,0,0,0,0,0,0,0,0,0,0,0,0,0,0,0,0,0,0,0,0,0,0,0,0,0,0,0,0,0,0,0,0,0,0,0,0,0,0,0,0,0,0,0,0,0,0,0,0,0,0,0,0,0,0,0,0,0,0,0,0,0,0,0,0,0,0,0,0,0,0,0,0,0,0,0,0,0,0,0,0,0,0,0,0,0,0,0,0,0,0,0,0,0,0,0,0,0,0,0,0,0,0,0,0,0,0,0,0,0,0,0,0,0,0,0,0,0,0,0,0,0,0,0,0,0,0,0,0,0,0,0,0,0,0,0,0,0,0,0,0,0,0,0,0,0,0,0,0,0,0,0,0,0,0,0,0,0,0,0,0,0,0,0,0,0,0,0,0,0,0,0,0,0,0,0,0,0,0,0,0,0,0,0,0,0,0,0,0,0,0,0,0,0,0,0,0,0,0,0,0,0,0,0,0,0,0,0,0,0,0,0,0,0,0,0,0,0,0,0,0,0,0,0,0,0,0,0,0,0,0,0,0,0,0,0,0,0,0,0,0,0,0,0,0,0,0,0,0,0,0,0,0,0,0,0,0,0,0,0,0,0,0,0,0,0,0,0,0,0,0,0,0,0,0,0,0,0,0,0,0,0,0,0,0,0,0,0,0,0,0,0,0,0,0,0,0,0,0,0,0,0,0,0,0,0,0,0,0,0,0,0,0,0,0,0,0,0,0,0,0,0,0,0,0,0,0,0,0,0,0,0,0,0,0,0,0,0,0,0,0,0,0,0,0,0,0,0,0,0,0,0,0,0,0,0,0,0,0,0,0,0
"manyara/babati/magara",0,0,0,0,0,0,0,0,0,0,0,0,0,0,0,0,0,0,0,0,0,0,0,0,0,0,0,0,0,0,0,0,0,0,0,0,0,0,0,0,0,0,0,0,0,0,0,0,0,0,0,0,0,0,0,0,0,0,0,0,0,0,0,0,0,0,0,0,0,0,0,0,0,0,0,0,0,0,0,0,0,0,0,0,0,0,0,0,0,0,0,0,0,0,0,0,0,0,0,0,0,0,0,0,0,0,0,0,0,0,0,0,0,0,0,0,0,0,0,0,0,0,0,0,0,0,0,0,0,0,0,0,0,0,0,0,0,0,0,0,0,0,0,0,0,0,0,0,0,0,0,0,0,0,0,0,0,0,0,0,0,0,0,0,0,0,0,0,0,0,0,0,0,0,0,0,0,0,0,0,0,0,0,0,0,0,0,0,0,0,0,0,0,0,0,0,0,0,0,0,0,0,0,0,0,0,0,0,0,0,0,0,0,0,0,0,0,0,0,0,0,0,0,0,0,0,0,0,0,0,0,0,0,0,0,0,0,0,0,0,0,0,0,0,0,0,0,0,0,0,0,0,0,0,0,0,0,0,0,0,0,0,0,0,0,0,0,0,0,0,0,0,0,0,0,0,0,0,0,0,0,0,0,0,0,0,0,0,0,0,0,0,0,0,0,0,0,0,0,0,0,0,0,0,0,0,0,0,0,0,0,0,0,0,0,0,0,0,0,0,0,0,0,0,0,0,0,0,0,0,0,0,0,0,0,0,0,0,0,0,0,0,0,0,0,0,0,0,0,0,0,0,0,0,0,0,0,0,0,0,0,0,0,0,0,0,0,0,0,0,0,0,0,0,0,0,0,0,0,0,0,0,0,0,0,0,0,0,0,0,0,0,0,0,0,0,0,0
"manyara/mbulu/maghang",0,0,0,0,0,0,0,0,0,0,0,0,0,0,0,0,0,0,0,0,0,0,0,0,0,0,0,0,0,0,0,0,0,0,0,0,0,0,0,0,0,0,0,0,0,0,0,0,0,0,0,0,0,0,0,0,0,0,0,0,0,0,0,0,0,0,0,0,0,0,0,0,0,0,0,0,0,0,0,0,0,0,0,0,0,0,0,0,0,0,0,0,0,0,0,0,0,0,0,0,0,0,0,0,0,0,0,0,0,0,0,0,0,0,0,0,0,0,0,0,0,0,0,0,0,0,0,0,0,0,0,0,0,0,0,0,0,0,0,0,0,0,0,0,0,0,0,0,0,0,0,0,0,0,0,0,0,0,0,0,0,0,0,0,0,0,0,0,0,0,0,0,0,0,0,0,0,0,0,0,0,0,0,0,0,0,0,0,0,0,0,0,0,0,0,0,0,0,0,0,0,0,0,0,0,0,0,0,0,0,0,0,0,0,0,0,0,0,0,0,0,0,0,0,0,0,0,0,0,0,0,0,0,0,0,0,0,0,0,0,0,0,0,0,0,0,0,0,0,0,0,0,0,0,0,0,0,0,0,0,0,0,0,0,0,0,0,0,0,0,0,0,0,0,0,0,0,0,0,0,0,0,0,0,0,0,0,0,0,0,0,0,0,0,0,0,0,0,0,0,0,0,0,0,0,0,0,0,0,0,0,0,0,0,0,0,0,0,0,0,0,0,0,0,0,0,0,0,0,0,0,0,0,0,0,0,0,0,0,0,0,0,0,0,0,0,0,0,0,0,0,0,0,0,0,0,0,0,0,0,0,0,0,0,0,0,0,0,0,0,0,0,0,0,0,0,0,0,0,0,0,0,0,0,0,0,0,0,0,0,0,0,0,0,0,0,0,0
"manyara/babati/magugu",0.000145,4.2e-05,1e-05,0.000206,9e-05,0.000486,3.2e-05,4.2e-05,6.5e-05,0.043194,0.000471,1.3e-05,0.000108,0.001731,0.000646,1e-04,4.9e-05,0.00026,2.2e-05,7.2e-05,8e-06,8.6e-05,5.5e-05,9e-06,7e-06,3e-06,0.000154,6.9e-05,3e-06,1e-05,0.00064,1.7e-05,4e-06,6e-06,0.000158,9.2e-05,0.000176,0.003254,0.000215,0.000188,3.3e-05,1.6e-05,0.000544,0.001596,0.000107,6.9e-05,6.3e-05,0.04191,0.018456,7.8e-05,7.4e-05,3.1e-05,5.9e-05,2.8e-05,0.001715,2e-05,2.1e-05,0.000445,0.000425,0.00759,0.000274,0.001108,0.000543,4.7e-05,0,0.001234,0.000666,1.4e-05,0.000705,0.023707,2.6e-05,4e-06,1.9e-05,0.001327,6.2e-05,0.000493,6.4e-05,1.2e-05,9e-06,1.4e-05,1.4e-05,0.000227,3e-05,1.8e-05,6.7e-05,3.9e-05,0.003807,1.9e-05,0.00054,0.00141,1.4e-05,1.4e-05,0.002818,0.000787,3.1e-05,0.003784,0.000216,4e-06,0.001484,0.00035,8.3e-05,1.5e-05,0.000249,0.000267,4.7e-05,0.001692,5e-05,0.000311,0.000143,0.004869,0.000151,0.000834,0.000562,7e-06,1.3e-05,9e-06,0.001443,1.2e-05,0.001664,0.000151,8.3e-05,0.002863,9e-06,3.5e-05,4e-06,0.000103,0.000466,0.007497,0.000585,1e-05,9e-06,0.000321,0.000655,7e-05,3e-06,0.000956,5.2e-05,0.000194,0.003393,0.000502,0.000282,6e-06,0.000344,4.6e-05,1.7e-05,5e-04,0.000286,0.000708,0.000576,0.00019,8e-06,8e-06,1.4e-05,1.1e-05,0.00041,0.012541,3.6e-05,7.2e-05,6.5e-05,0.024571,9.5e-05,0.005406,4e-06,2.4e-05,1.3e-05,1.2e-05,0.00014,0.000144,0.002015,5.7e-05,0.000155,0.005745,0.028898,0.000276,5.3e-05,0.00189,0.026587,1e-05,0.000496,0.000258,3e-06,3.7e-05,0.000814,8.4e-05,0.003168,0.061217,6e-06,1.2e-05,0.001639,0.000498,0.000139,0.00065,0.001821,3.4e-05,0,2.3e-05,9e-06,0.000298,0.000575,2.1e-05,0.002569,0.000368,0.000459,1.1e-05,0.000736,7.7e-05,0.004842,0.007535,0.000519,1.2e-05,1e-05,0.001368,0.0015,4e-06,1.4e-05,0.000103,3.6e-05,0.006429,6.3e-05,0.000393,3.8e-05,1.2e-05,4.1e-05,1.3e-05,0.002087,4.6e-05,0.002755,2.5e-05,0.000159,1.9e-05,2.3e-05,5.1e-05,0.002004,0.004659,8.4e-05,1e-06,1.3e-05,0.00054,0.00101,8e-06,0.000286,0.071204,5e-06,0.011683,5e-06,9e-06,3.2e-05,0.001388,2.5e-05,0.000247,0.009305,0.010048,3.1e-05,0.002562,0.000375,0.000213,1.1e-05,4.9e-05,7e-06,7e-06,5e-06,0.000234,7.1e-05,6e-06,0.004942,4.2e-05,0.000116,0.003707,0.000223,0.018233,0.002774,0.001333,8e-06,7e-06,0.004157,2.1e-05,0.000242,0.001285,0.000154,0.000172,0.000105,1.3e-05,0.012819,0.000273,1.5e-05,0.000347,1.2e-05,2.4e-05,7.4e-05,1.1e-05,9.4e-05,0.000114,1.9e-05,0.007191,0.000125,0.000231,0.002463,5.1e-05,0.00032,0.000656,4e-06,3e-06,9e-06,0.000111,2.1e-05,0.064826,0.000201,2.4e-05,1.5e-05,1.1e-05,0.003145,0.000304,6.3e-05,7e-06,8e-05,2.1e-05,1.8e-05,0.005126,0.002315,0.004877,0.000625,0.003141,0.000299,0.001057,0.022704,0.000428,0.000545,7.8e-05,4.4e-05,0.000664,0.000941,0.000416,0.016184,0.001192,0.001006,2.1e-05,4.4e-05,6.7e-05,0.005883,0.000403,2.8e-05,7e-06,3e-05,0.000145,0.001149,0.00018,0.000126,0.000974,0.000809,0.000164,4.1e-05,0.000697,7.6e-05,0.011651,0.002146,0.001795,0.001295,4.3e-05,1.6e-05,0.000128,0.000153,2.4e-05,0.000152,1.4e-05,3e-05,0.00725,0.002327,0.005131,2.2e-05,0.000636,4.8e-05,2e-06,8e-06,4e-05,1.9e-05,0.000585,0.000887,1.8e-05,0.002325,4e-05,4e-06,5.5e-05,0.004618,0.000302,3.3e-05,0.000214,1e-05,0.001194,0.000211,7e-06,0.002602,8e-06,7e-06,1.4e-05,2e-06,3e-06,5.3e-05,2e-05
"manyara/kiteto/magungu",0,0,0,0,0,0,0,0,0,0,0,0,0,0,0,0,0,0,0,0,0,0,0,0,0,0,0,0,0,0,0,0,0,0,0,0,0,0,0,0,0,0,0,0,0,0,0,0,0,0,0,0,0,0,0,0,0,0,0,0,0,0,0,0,0,0,0,0,0,0,0,0,0,0,0,0,0,0,0,0,0,0,0,0,0,0,0,0,0,0,0,0,0,0,0,0,0,0,0,0,0,0,0,0,0,0,0,0,0,0,0,0,0,0,0,0,0,0,0,0,0,0,0,0,0,0,0,0,0,0,0,0,0,0,0,0,0,0,0,0,0,0,0,0,0,0,0,0,0,0,0,0,0,0,0,0,0,0,0,0,0,0,0,0,0,0,0,0,0,0,0,0,0,0,0,0,0,0,0,0,0,0,0,0,0,0,0,0,0,0,0,0,0,0,0,0,0,0,0,0,0,0,0,0,0,0,0,0,0,0,0,0,0,0,0,0,0,0,0,0,0,0,0,0,0,0,0,0,0,0,0,0,0,0,0,0,0,0,0,0,0,0,0,0,0,0,0,0,0,0,0,0,0,0,0,0,0,0,0,0,0,0,0,0,0,0,0,0,0,0,0,0,0,0,0,0,0,0,0,0,0,0,0,0,0,0,0,0,0,0,0,0,0,0,0,0,0,0,0,0,0,0,0,0,0,0,0,0,0,0,0,0,0,0,0,0,0,0,0,0,0,0,0,0,0,0,0,0,0,0,0,0,0,0,0,0,0,0,0,0,0,0,0,0,0,0,0,0,0,0,0,0,0,0,0,0,0,0,0,0,0,0,0,0,0,0,0,0,0,0,0,0,0,0,0,0,0,0,0,0,0,0,0,0,0,0,0,0,0,0,0,0,0,0,0,0,0,0
"kilimanjaro/rombo/mahida",0,0,0,0,0,0,0,0,0,0,0,0,0,0,0,0,0,0,0,0,0,0,0,0,0,0,0,0,0,0,0,0,0,0,0,0,0,0,0,0,0,0,0,0,0,0,0,0,0,0,0,0,0,0,0,0,0,0,0,0,0,0,0,0,0,0,0,0,0,0,0,0,0,0,0,0,0,0,0,0,0,0,0,0,0,0,0,0,0,0,0,0,0,0,0,0,0,0,0,0,0,0,0,0,0,0,0,0,0,0,0,0,0,0,0,0,0,0,0,0,0,0,0,0,0,0,0,0,0,0,0,0,0,0,0,0,0,0,0,0,0,0,0,0,0,0,0,0,0,0,0,0,0,0,0,0,0,0,0,0,0,0,0,0,0,0,0,0,0,0,0,0,0,0,0,0,0,0,0,0,0,0,0,0,0,0,0,0,0,0,0,0,0,0,0,0,0,0,0,0,0,0,0,0,0,0,0,0,0,0,0,0,0,0,0,0,0,0,0,0,0,0,0,0,0,0,0,0,0,0,0,0,0,0,0,0,0,0,0,0,0,0,0,0,0,0,0,0,0,0,0,0,0,0,0,0,0,0,0,0,0,0,0,0,0,0,0,0,0,0,0,0,0,0,0,0,0,0,0,0,0,0,0,0,0,0,0,0,0,0,0,0,0,0,0,0,0,0,0,0,0,0,0,0,0,0,0,0,0,0,0,0,0,0,0,0,0,0,0,0,0,0,0,0,0,0,0,0,0,0,0,0,0,0,0,0,0,0,0,0,0,0,0,0,0,0,0,0,0,0,0,0,0,0,0,0,0,0,0,0,0,0,0,0,0,0,0,0,0,0,0,0,0,0,0,0,0,0,0,0,0,0,0,0,0,0,0,0,0,0,0,0,0,0,0,0,0,0
"manyara/babatiurban/maisaka",0,0,0,0,0,0,0,0,0,0,0,0,0,0,0,0,0,0,0,0,0,0,0,0,0,0,0,0,0,0,0,0,0,0,0,0,0,0,0,0,0,0,0,0,0,0,0,0,0,0,0,0,0,0,0,0,0,0,0,0,0,0,0,0,0,0,0,0,0,0,0,0,0,0,0,0,0,0,0,0,0,0,0,0,0,0,0,0,0,0,0,0,0,0,0,0,0,0,0,0,0,0,0,0,0,0,0,0,0,0,0,0,0,0,0,0,0,0,0,0,0,0,0,0,0,0,0,0,0,0,0,0,0,0,0,0,0,0,0,0,0,0,0,0,0,0,0,0,0,0,0,0,0,0,0,0,0,0,0,0,0,0,0,0,0,0,0,0,0,0,0,0,0,0,0,0,0,0,0,0,0,0,0,0,0,0,0,0,0,0,0,0,0,0,0,0,0,0,0,0,0,0,0,0,0,0,0,0,0,0,0,0,0,0,0,0,0,0,0,0,0,0,0,0,0,0,0,0,0,0,0,0,0,0,0,0,0,0,0,0,0,0,0,0,0,0,0,0,0,0,0,0,0,0,0,0,0,0,0,0,0,0,0,0,0,0,0,0,0,0,0,0,0,0,0,0,0,0,0,0,0,0,0,0,0,0,0,0,0,0,0,0,0,0,0,0,0,0,0,0,0,0,0,0,0,0,0,0,0,0,0,0,0,0,0,0,0,0,0,0,0,0,0,0,0,0,0,0,0,0,0,0,0,0,0,0,0,0,0,0,0,0,0,0,0,0,0,0,0,0,0,0,0,0,0,0,0,0,0,0,0,0,0,0,0,0,0,0,0,0,0,0,0,0,0,0,0,0,0,0,0,0,0,0,0,0,0,0,0,0,0,0,0,0,0,0,0,0
"kilimanjaro/moshimunicipal/majengo",0,0,0,0,0,0,0,0,0,0,0,0,0,0,0,0,0,0,0,0,0,0,0,0,0,0,0,0,0,0,0,0,0,0,0,0,0,0,0,0,0,0,0,0,0,0,0,0,0,0,0,0,0,0,0,0,0,0,0,0,0,0,0,0,0,0,0,0,0,0,0,0,0,0,0,0,0,0,0,0,0,0,0,0,0,0,0,0,0,0,0,0,0,0,0,0,0,0,0,0,0,0,0,0,0,0,0,0,0,0,0,0,0,0,0,0,0,0,0,0,0,0,0,0,0,0,0,0,0,0,0,0,0,0,0,0,0,0,0,0,0,0,0,0,0,0,0,0,0,0,0,0,0,0,0,0,0,0,0,0,0,0,0,0,0,0,0,0,0,0,0,0,0,0,0,0,0,0,0,0,0,0,0,0,0,0,0,0,0,0,0,0,0,0,0,0,0,0,0,0,0,0,0,0,0,0,0,0,0,0,0,0,0,0,0,0,0,0,0,0,0,0,0,0,0,0,0,0,0,0,0,0,0,0,0,0,0,0,0,0,0,0,0,0,0,0,0,0,0,0,0,0,0,0,0,0,0,0,0,0,0,0,0,0,0,0,0,0,0,0,0,0,0,0,0,0,0,0,0,0,0,0,0,0,0,0,0,0,0,0,0,0,0,0,0,0,0,0,0,0,0,0,0,0,0,0,0,0,0,0,0,0,0,0,0,0,0,0,0,0,0,0,0,0,0,0,0,0,0,0,0,0,0,0,0,0,0,0,0,0,0,0,0,0,0,0,0,0,0,0,0,0,0,0,0,0,0,0,0,0,0,0,0,0,0,0,0,0,0,0,0,0,0,0,0,0,0,0,0,0,0,0,0,0,0,0,0,0,0,0,0,0,0,0,0,0,0,0
"arusha/monduli/majengo",0,0,0,0,0,0,0,0,0,0,0,0,0,0,0,0,0,0,0,0,0,0,0,0,0,0,0,0,0,0,0,0,0,0,0,0,0,0,0,0,0,0,0,0,0,0,0,0,0,0,0,0,0,0,0,0,0,0,0,0,0,0,0,0,0,0,0,0,0,0,0,0,0,0,0,0,0,0,0,0,0,0,0,0,0,0,0,0,0,0,0,0,0,0,0,0,0,0,0,0,0,0,0,0,0,0,0,0,0,0,0,0,0,0,0,0,0,0,0,0,0,0,0,0,0,0,0,0,0,0,0,0,0,0,0,0,0,0,0,0,0,0,0,0,0,0,0,0,0,0,0,0,0,0,0,0,0,0,0,0,0,0,0,0,0,0,0,0,0,0,0,0,0,0,0,0,0,0,0,0,0,0,0,0,0,0,0,0,0,0,0,0,0,0,0,0,0,0,0,0,0,0,0,0,0,0,0,0,0,0,0,0,0,0,0,0,0,0,0,0,0,0,0,0,0,0,0,0,0,0,0,0,0,0,0,0,0,0,0,0,0,0,0,0,0,0,0,0,0,0,0,0,0,0,0,0,0,0,0,0,0,0,0,0,0,0,0,0,0,0,0,0,0,0,0,0,0,0,0,0,0,0,0,0,0,0,0,0,0,0,0,0,0,0,0,0,0,0,0,0,0,0,0,0,0,0,0,0,0,0,0,0,0,0,0,0,0,0,0,0,0,0,0,0,0,0,0,0,0,0,0,0,0,0,0,0,0,0,0,0,0,0,0,0,0,0,0,0,0,0,0,0,0,0,0,0,0,0,0,0,0,0,0,0,0,0,0,0,0,0,0,0,0,0,0,0,0,0,0,0,0,0,0,0,0,0,0,0,0,0,0,0,0,0,0,0,0,0
"arusha/meru/majiyachai",0.00023,0,2e-06,2e-06,0,0.000122,0,0,0,1e-05,0,0,0.000109,0.001395,1e-06,0,0,0,0,0,0,7.8e-05,0,3e-06,0,1e-06,0,0,0,0,0.000352,0,0,1e-06,0,0,8e-05,1e-06,0,4e-06,0,0,4e-06,1e-06,1e-06,0,3e-06,0.015403,8.5e-05,0,0,0,0,0,1e-06,0,1e-05,0,1.1e-05,3e-05,1.3e-05,1.6e-05,8.1e-05,0,0,0.000571,5.1e-05,0,3e-06,9e-06,0,0,1.5e-05,1e-06,0,1.2e-05,2e-06,0,0,0,0,0,0,0,0,0,0.00309,0,1e-06,2.9e-05,0,0,0.000421,0.000588,1e-06,3e-06,0.000159,0,0.000307,6.3e-05,0,0,8e-06,0.000126,1.5e-05,0.000344,0,0.000121,0.000186,1.2e-05,0.000104,0.000167,1e-06,3e-06,2e-06,2e-06,0.001349,0,5e-04,5.3e-05,2.5e-05,0.000952,1e-06,4e-06,0,3e-06,4e-06,0.03603,0.00089,2e-06,2e-06,4.4e-05,1e-04,2.5e-05,0,0.000619,2.3e-05,5.1e-05,0.000357,0.000217,0.000871,0,0.00014,1.8e-05,3e-06,4.8e-05,0,0.000161,0.000139,4e-05,2e-06,1e-06,2e-06,1e-06,1.7e-05,0.001348,4e-06,3e-06,1e-06,0.008621,1.2e-05,8e-05,2e-06,2e-06,0,0,1.9e-05,0.000389,0.00089,6e-06,1e-06,6.6e-05,0.012707,1.1e-05,3.3e-05,7e-06,8.4e-05,1e-06,0.000183,3e-06,0,1e-06,2.3e-05,2.3e-05,0.001543,0.045796,2e-06,5e-06,0.000828,0.000288,5.7e-05,0,1e-06,0,6e-06,0,1e-06,0,0.000187,0,0,2e-06,1.1e-05,1.3e-05,0.000137,0.000126,0.000814,3.6e-05,6e-06,2e-06,2e-06,0,0.000222,1e-06,0,4e-06,0,0.000947,1.4e-05,7.8e-05,0,3.6e-05,0,9e-06,0.001649,3.6e-05,0.001545,1.2e-05,0,0,0,0,7.9e-05,0.000726,1e-06,0,4e-06,0.000226,6e-06,1e-06,0.000142,0.00224,2e-06,0.000627,0,3e-06,1e-05,0.001143,0,1.9e-05,0.004718,0.000563,2e-06,0.001718,8.7e-05,7e-06,2e-06,6e-06,2e-06,0,0,3.3e-05,0,0,1.5e-05,3e-06,0,0.000458,0,2e-06,0.000488,0.000173,1e-06,0,0.000717,4e-06,8e-06,2.7e-05,0,2e-06,2.8e-05,0,0.001298,0,0,0,0,5e-06,0,1e-05,1e-06,4.2e-05,1e-06,0.005558,3.7e-05,0.000125,0.001871,2.1e-05,2.8e-05,3e-06,1e-06,0,3e-06,7e-06,0,2.9e-05,0.000238,0.000139,2.4e-05,4e-06,0.000503,2e-06,0,2e-06,2.2e-05,0,0,0.001706,0.000413,0.00047,3.8e-05,0.000868,0.000394,0.000253,0.005986,5e-06,7e-06,4.6e-05,1e-06,0.000214,0.000601,0.000105,0.001546,2.3e-05,1.6e-05,0,1.5e-05,2e-06,0.017516,0,0,2e-06,0,0,4.9e-05,4e-06,2e-06,0.000496,4.5e-05,3e-06,0,0.00073,0.000164,0.00622,2.1e-05,5.8e-05,0.000115,5e-06,3e-06,4.8e-05,0,0,0,0,0,0.005645,0.000604,0.001743,0,0.001669,1.8e-05,0,0,0,4e-06,0.000149,1.2e-05,9e-06,0.000386,0,0,0,0.000803,0,0,8.9e-05,3e-06,0.000425,6.2e-05,2e-06,0.011804,2e-06,0,1e-06,0,0,0,0
"manyara/kiteto/makame",0,0,0,0,0,0,0,0,0,0,0,0,0,0,0,0,0,0,0,0,0,0,0,0,0,0,0,0,0,0,0,0,0,0,0,0,0,0,0,0,0,0,0,0,0,0,0,0,0,0,0,0,0,0,0,0,0,0,0,0,0,0,0,0,0,0,0,0,0,0,0,0,0,0,0,0,0,0,0,0,0,0,0,0,0,0,0,0,0,0,0,0,0,0,0,0,0,0,0,0,0,0,0,0,0,0,0,0,0,0,0,0,0,0,0,0,0,0,0,0,0,0,0,0,0,0,0,0,0,0,0,0,0,0,0,0,0,0,0,0,0,0,0,0,0,0,0,0,0,0,0,0,0,0,0,0,0,0,0,0,0,0,0,0,0,0,0,0,0,0,0,0,0,0,0,0,0,0,0,0,0,0,0,0,0,0,0,0,0,0,0,0,0,0,0,0,0,0,0,0,0,0,0,0,0,0,0,0,0,0,0,0,0,0,0,0,0,0,0,0,0,0,0,0,0,0,0,0,0,0,0,0,0,0,0,0,0,0,0,0,0,0,0,0,0,0,0,0,0,0,0,0,0,0,0,0,0,0,0,0,0,0,0,0,0,0,0,0,0,0,0,0,0,0,0,0,0,0,0,0,0,0,0,0,0,0,0,0,0,0,0,0,0,0,0,0,0,0,0,0,0,0,0,0,0,0,0,0,0,0,0,0,0,0,0,0,0,0,0,0,0,0,0,0,0,0,0,0,0,0,0,0,0,0,0,0,0,0,0,0,0,0,0,0,0,0,0,0,0,0,0,0,0,0,0,0,0,0,0,0,0,0,0,0,0,0,0,0,0,0,0,0,0,0,0,0,0,0,0,0,0,0,0,0,0,0,0,0,0,0,0,0,0,0,0,0,0,0
"kilimanjaro/same/makanya",1.4e-05,1e-06,6e-06,1.2e-05,0,0.000309,0,0,0,5.6e-05,1e-06,0,9e-06,0.000145,8e-06,0,0,1e-06,0,1e-06,0.000117,1.7e-05,0,4e-06,0.000195,1e-06,0,0,0,0.000543,6.5e-05,2e-06,0.000191,1.4e-05,2e-06,1e-06,1.3e-05,1.3e-05,1e-06,1.5e-05,0,0,0.000138,9e-06,1.6e-05,0,3e-06,0.002858,0.000247,1e-06,0,0,0,0,1.1e-05,0,4e-06,1e-06,0.001074,2e-04,2.7e-05,3.6e-05,4.2e-05,8e-06,0,9.3e-05,2.5e-05,0,5e-06,7.1e-05,0,0,4e-06,3e-06,1e-06,3.3e-05,3e-06,0,0,0,0,1e-06,0,0,1e-06,0,0.001113,0,8e-06,0.070957,0,0,0.002316,6.7e-05,1e-06,1.4e-05,5e-05,6e-06,0.001146,0.000297,0,0,0.003105,1.9e-05,2.3e-05,0.000424,0,0.000131,2.2e-05,4.9e-05,3.6e-05,0.000385,6e-06,0,7e-06,6e-06,0.000391,2e-06,0.00082,5.3e-05,2.8e-05,0.001076,1.6e-05,6.9e-05,9e-06,0.001926,2e-04,0.001254,7.6e-05,5e-06,5e-06,0.000225,0.000674,3.1e-05,7e-06,7.5e-05,4e-06,0.000102,0.000391,0.00019,5.4e-05,0.000216,2.4e-05,1.8e-05,8e-06,0.001091,0,0.00045,0.000309,0.00012,4e-06,1.9e-05,8e-06,0.000168,0.003231,0.000536,1.8e-05,4e-06,8.1e-05,0.011333,0.00012,0.000378,2e-06,7.5e-05,0,0,0.000173,2.2e-05,0.000147,0.00012,6e-05,0.000102,0.00207,0.001308,1.2e-05,8e-05,0.000229,1e-06,0.000211,0.00017,9.9e-05,2e-06,0.034488,4.9e-05,0.000971,0.023893,2e-06,4e-06,0.000546,0.000148,6e-05,2e-06,5e-06,0,3.8e-05,5e-06,7e-06,0,0.000271,0,0.000361,3.4e-05,0,2e-06,0.000403,1.5e-05,0.003948,7.5e-05,2.3e-05,7e-06,7e-06,1e-06,0.001122,3e-06,0,0.001179,0,0.003489,3.4e-05,0.000239,0,2e-06,0,3e-06,0.000588,1.1e-05,0.000759,1e-05,1e-06,0,0,0,0.000172,0.000237,1e-05,0,6e-06,8.1e-05,1.7e-05,5e-06,6.3e-05,0.001415,2e-06,0.044388,0.000123,4e-06,1.5e-05,0.000128,0,1e-05,0.000686,0.000452,1e-06,0.000211,0.000114,0.008757,6e-06,7.4e-05,4e-06,0.000152,0.000128,0.000165,0,0.000174,4.7e-05,3e-06,0,0.000169,0,8e-06,0.000151,0.001854,1.2e-05,0.000329,0.002962,1.3e-05,0.006745,0.000519,0,4e-06,4.3e-05,0,0.001601,1e-06,3e-06,1e-06,0,1e-05,0,2e-06,2.2e-05,2.3e-05,0.000394,0.00077,6.4e-05,4.6e-05,0.000286,4e-06,0.00052,1.1e-05,3e-06,6e-06,4e-06,0.000701,3e-06,0.000118,1.8e-05,3e-06,1e-06,4e-06,0.00018,9e-06,6e-06,4e-06,3.9e-05,0,1e-06,0.000479,0.001109,0.000289,3.5e-05,0.000206,6.9e-05,0.000199,0.001558,3.2e-05,4.1e-05,6e-06,4e-06,4.2e-05,7.4e-05,2.5e-05,0.001611,9.9e-05,0.001453,4e-06,2.1e-05,4e-06,0.000639,2e-06,0,3e-06,0,0,0.01854,0.001475,9e-06,7.7e-05,0.008099,1.2e-05,0,0.000138,8e-06,0.000875,4.1e-05,4.4e-05,0.000283,7.5e-05,1e-05,5.7e-05,0,0,0,0,2e-06,0.000599,0.000159,0.000337,4e-06,7.1e-05,2.2e-05,3.9e-05,0.000674,1.2e-05,7e-06,3.9e-05,3.4e-05,1e-06,0.000322,0,1.4e-05,0,0.002076,2e-06,0,1.5e-05,4e-06,0.000497,9.5e-05,3e-06,0.000315,4e-06,0.000269,0.000347,2.2e-05,6.9e-05,0,0
"arusha/meru/makiba",0,0,0,0,0,0,0,0,0,0,0,0,0,0,0,0,0,0,0,0,0,0,0,0,0,0,0,0,0,0,0,0,0,0,0,0,0,0,0,0,0,0,0,0,0,0,0,0,0,0,0,0,0,0,0,0,0,0,0,0,0,0,0,0,0,0,0,0,0,0,0,0,0,0,0,0,0,0,0,0,0,0,0,0,0,0,0,0,0,0,0,0,0,0,0,0,0,0,0,0,0,0,0,0,0,0,0,0,0,0,0,0,0,0,0,0,0,0,0,0,0,0,0,0,0,0,0,0,0,0,0,0,0,0,0,0,0,0,0,0,0,0,0,0,0,0,0,0,0,0,0,0,0,0,0,0,0,0,0,0,0,0,0,0,0,0,0,0,0,0,0,0,0,0,0,0,0,0,0,0,0,0,0,0,0,0,0,0,0,0,0,0,0,0,0,0,0,0,0,0,0,0,0,0,0,0,0,0,0,0,0,0,0,0,0,0,0,0,0,0,0,0,0,0,0,0,0,0,0,0,0,0,0,0,0,0,0,0,0,0,0,0,0,0,0,0,0,0,0,0,0,0,0,0,0,0,0,0,0,0,0,0,0,0,0,0,0,0,0,0,0,0,0,0,0,0,0,0,0,0,0,0,0,0,0,0,0,0,0,0,0,0,0,0,0,0,0,0,0,0,0,0,0,0,0,0,0,0,0,0,0,0,0,0,0,0,0,0,0,0,0,0,0,0,0,0,0,0,0,0,0,0,0,0,0,0,0,0,0,0,0,0,0,0,0,0,0,0,0,0,0,0,0,0,0,0,0,0,0,0,0,0,0,0,0,0,0,0,0,0,0,0,0,0,0,0,0,0,0,0,0,0,0,0,0,0,0,0,0,0,0,0,0,0,0,0,0,0
"kilimanjaro/rombo/makiidi",0,0,0,0,0,0,0,0,0,0,0,0,0,0,0,0,0,0,0,0,0,0,0,0,0,0,0,0,0,0,0,0,0,0,0,0,0,0,0,0,0,0,0,0,0,0,0,0,0,0,0,0,0,0,0,0,0,0,0,0,0,0,0,0,0,0,0,0,0,0,0,0,0,0,0,0,0,0,0,0,0,0,0,0,0,0,0,0,0,0,0,0,0,0,0,0,0,0,0,0,0,0,0,0,0,0,0,0,0,0,0,0,0,0,0,0,0,0,0,0,0,0,0,0,0,0,0,0,0,0,0,0,0,0,0,0,0,0,0,0,0,0,0,0,0,0,0,0,0,0,0,0,0,0,0,0,0,0,0,0,0,0,0,0,0,0,0,0,0,0,0,0,0,0,0,0,0,0,0,0,0,0,0,0,0,0,0,0,0,0,0,0,0,0,0,0,0,0,0,0,0,0,0,0,0,0,0,0,0,0,0,0,0,0,0,0,0,0,0,0,0,0,0,0,0,0,0,0,0,0,0,0,0,0,0,0,0,0,0,0,0,0,0,0,0,0,0,0,0,0,0,0,0,0,0,0,0,0,0,0,0,0,0,0,0,0,0,0,0,0,0,0,0,0,0,0,0,0,0,0,0,0,0,0,0,0,0,0,0,0,0,0,0,0,0,0,0,0,0,0,0,0,0,0,0,0,0,0,0,0,0,0,0,0,0,0,0,0,0,0,0,0,0,0,0,0,0,0,0,0,0,0,0,0,0,0,0,0,0,0,0,0,0,0,0,0,0,0,0,0,0,0,0,0,0,0,0,0,0,0,0,0,0,0,0,0,0,0,0,0,0,0,0,0,0,0,0,0,0,0,0,0,0,0,0,0,0,0,0,0,0,0,0,0,0,0,0,0
"kilimanjaro/siha/makiwaru",1.8e-05,0,1e-06,1e-06,0,5.5e-05,0,0,0,3e-06,0,0,1.2e-05,0.000144,0,0,0,0,0,0,0,0.000524,0,2e-06,0,1e-06,0,0,0,0,4.6e-05,0,0,0,0,0,1e-05,0,0,1e-06,0,0,1e-06,0,0,0,1e-06,0.002147,1.9e-05,0,0,0,0,0,0,0,2e-06,0,3e-06,9e-06,5e-06,5e-06,2.7e-05,0,0,6.6e-05,1.1e-05,0,1e-06,2e-06,0,0,2.4e-05,0,0,4e-06,1e-06,0,0,0,0,0,0,0,0,0,0.002138,0,0,1e-05,0,0,0.000226,8.9e-05,0,1e-06,0.000288,0,0.000147,3.2e-05,0,0,3e-06,1.6e-05,9e-06,0.00024,0,8.2e-05,0.000165,3e-06,0.000171,0.00011,0,0,2e-06,1e-06,0.000558,0,0.00032,4.5e-05,2.3e-05,0.000768,0,2e-06,0,1e-06,1e-06,0.00297,7.4e-05,2e-06,1e-06,2.4e-05,4.8e-05,1.7e-05,0,7e-05,3e-06,3.2e-05,0.000158,0.000168,0.000384,0,1.9e-05,1.4e-05,2e-06,2e-05,0,9.1e-05,8.7e-05,2.3e-05,1e-06,0,1e-06,0,7e-06,0.000242,2e-06,1e-06,0,0.005585,6e-06,1.8e-05,1e-06,1e-06,0,0,8e-06,0.000222,0.000107,2e-06,0,1.5e-05,0.001667,4e-06,4.9e-05,2e-06,1.8e-05,1e-06,0.000128,1e-06,0,0,8e-06,1.2e-05,0.00161,0.031754,2e-06,4e-06,0.000758,0.000321,3.2e-05,0,0,0,2e-06,0,1e-06,0,0.000121,0,0.001101,1e-06,4e-06,2e-06,8.5e-05,0,0.000432,8e-06,2e-06,1e-06,1e-06,0,0.000122,0,0,1e-06,0,0.000563,9e-06,4.6e-05,0,3e-06,0,1.2e-05,0.00171,6.1e-05,0.001911,6e-06,0,0,0,0,2.9e-05,0.000112,0,0,2e-06,3.1e-05,2e-06,1e-06,2.8e-05,0.000454,1e-06,0.000245,0,2e-06,6e-06,0.000108,0,3e-06,0.00061,0.00014,0,0.000179,6.5e-05,3e-06,1e-06,3e-06,1e-06,0,0,1.2e-05,0,0,4e-06,1e-06,0,8.6e-05,0,1e-06,9.6e-05,7.4e-05,0,0,0.000402,2e-06,3e-06,7e-06,0,0,8e-06,0,0.000593,0,0,0,0,3e-06,0,2.6e-05,0,3.7e-05,0,0.000558,2.3e-05,0.000145,0.000572,3e-06,9e-06,1e-06,0,0,2e-06,3e-06,0,7e-06,2.2e-05,6e-06,2e-06,4e-06,7.5e-05,1e-06,0,1e-06,1.4e-05,0,0,0.000489,0.000263,7.1e-05,7e-06,0.000172,0.000526,0.000173,0.000939,2e-06,2e-06,5e-06,0,3.2e-05,7.5e-05,1.8e-05,0.000634,8e-06,5e-06,0,9e-06,1e-06,0.001026,0,0,2e-06,0,0,1.7e-05,1e-06,1e-06,8.8e-05,1.7e-05,1e-06,0,0.002383,1.2e-05,0.000764,6e-06,1.2e-05,2.5e-05,2e-06,2e-06,3.1e-05,0,0,0,0,0,0.000642,7.7e-05,0.000236,0,0.000173,1.1e-05,0,0,0,3e-06,2e-05,2e-06,1e-06,0.000213,0,0,0,0.000515,0,0,1.1e-05,2e-06,0.000312,4.4e-05,1e-06,0.000508,1e-06,0,0,0,0,0,0
"kilimanjaro/moshi/makuyuni",0,0,0,0,0,0,0,0,0,0,0,0,0,0,0,0,0,0,0,0,0,0,0,0,0,0,0,0,0,0,0,0,0,0,0,0,0,0,0,0,0,0,0,0,0,0,0,0,0,0,0,0,0,0,0,0,0,0,0,0,0,0,0,0,0,0,0,0,0,0,0,0,0,0,0,0,0,0,0,0,0,0,0,0,0,0,0,0,0,0,0,0,0,0,0,0,0,0,0,0,0,0,0,0,0,0,0,0,0,0,0,0,0,0,0,0,0,0,0,0,0,0,0,0,0,0,0,0,0,0,0,0,0,0,0,0,0,0,0,0,0,0,0,0,0,0,0,0,0,0,0,0,0,0,0,0,0,0,0,0,0,0,0,0,0,0,0,0,0,0,0,0,0,0,0,0,0,0,0,0,0,0,0,0,0,0,0,0,0,0,0,0,0,0,0,0,0,0,0,0,0,0,0,0,0,0,0,0,0,0,0,0,0,0,0,0,0,0,0,0,0,0,0,0,0,0,0,0,0,0,0,0,0,0,0,0,0,0,0,0,0,0,0,0,0,0,0,0,0,0,0,0,0,0,0,0,0,0,0,0,0,0,0,0,0,0,0,0,0,0,0,0,0,0,0,0,0,0,0,0,0,0,0,0,0,0,0,0,0,0,0,0,0,0,0,0,0,0,0,0,0,0,0,0,0,0,0,0,0,0,0,0,0,0,0,0,0,0,0,0,0,0,0,0,0,0,0,0,0,0,0,0,0,0,0,0,0,0,0,0,0,0,0,0,0,0,0,0,0,0,0,0,0,0,0,0,0,0,0,0,0,0,0,0,0,0,0,0,0,0,0,0,0,0,0,0,0,0,0,0,0,0,0,0,0,0,0,0,0,0,0,0,0,0,0,0,0,0
"arusha/monduli/makuyuni",5.3e-05,1.3e-05,2e-06,4e-05,1e-06,9.1e-05,1e-06,1e-06,1e-06,0.000325,5e-06,0,4.3e-05,0.000679,4.1e-05,4e-06,2e-06,6e-06,1e-06,3e-06,1e-06,2.4e-05,1e-06,2e-06,1e-06,1e-06,2e-06,6e-06,0,1e-06,0.000184,1e-06,0,1e-06,2.3e-05,2e-06,7.5e-05,5.7e-05,1.1e-05,3.9e-05,1e-06,0,4.1e-05,4.4e-05,7e-06,1e-06,3.8e-05,0.019424,0.001603,9e-06,2e-06,4e-06,1.3e-05,1e-06,3.4e-05,0,5e-06,4e-06,4.2e-05,0.00106,8.4e-05,0.000587,0.00024,3e-06,0,0.000481,0.000523,1e-06,0.000592,0.000316,6e-06,0,5e-06,4.7e-05,2e-06,0.000162,2.4e-05,0,0,1e-06,0,4e-06,1e-06,1e-06,2e-06,2e-06,0.000906,1e-06,2.3e-05,0.000154,0,1e-06,0.000482,0.000329,1.5e-05,0.000134,5.6e-05,1e-06,0.000267,6.1e-05,2e-06,2e-06,2.8e-05,0.000116,9e-06,0.000379,4e-06,6.5e-05,4.5e-05,0.001295,3.9e-05,0.00016,1.5e-05,3e-06,2e-06,2e-06,0.000346,1e-06,0.000334,3.3e-05,1.9e-05,0.000613,1e-06,5e-06,1e-06,1.1e-05,3.5e-05,0.002173,0.000174,2e-06,2e-06,5.8e-05,0.00011,1.4e-05,0,0.000389,2.4e-05,3.8e-05,0.001025,0.000109,7.9e-05,1e-06,0.000155,1e-05,3e-06,7.4e-05,3e-06,0.000132,0.000111,3.5e-05,2e-06,1e-06,2e-06,1e-06,5e-05,0.00807,7e-06,3.2e-05,5e-06,0.005126,1.5e-05,0.000665,1e-06,3e-06,0,0,2.3e-05,4.5e-05,0.000822,8e-06,1.2e-05,0.014241,0.012808,3.2e-05,1.4e-05,9.6e-05,0.005334,3e-06,0.000104,2e-05,0,7e-06,8.7e-05,1.6e-05,0.000737,0.013833,1e-06,3e-06,0.000372,0.000118,2.9e-05,1.3e-05,9.9e-05,1e-06,0.000425,2e-06,2e-06,2e-06,0.000117,1.1e-05,0.000804,1.8e-05,5.1e-05,3e-06,0.000136,2.2e-05,0.000846,0,0.00012,2e-06,2e-06,9e-06,0.000258,1e-06,1e-06,1.2e-05,2e-06,0.001148,1.2e-05,7.2e-05,1e-06,4e-06,1e-06,3e-06,0.000505,1.2e-05,0.000667,5e-06,9e-06,0,0,2e-06,0.000559,0.002299,5e-06,0,3e-06,0.00014,0.000576,1e-06,6.6e-05,0.056073,1e-06,0.001632,1e-06,2e-06,6e-06,0.000485,1e-06,0.000109,0.004053,0.006848,2.5e-05,0.000979,8.1e-05,2.4e-05,2e-06,8e-06,1e-06,1e-06,1e-06,4.1e-05,3.7e-05,1e-06,0.002738,1.5e-05,2e-06,0.002375,1e-06,0.000143,0.001595,0.000213,1e-06,1e-06,0.000739,4e-06,2.7e-05,0.000137,3e-06,6.6e-05,2e-05,5e-06,0.003643,6e-06,1e-06,3e-06,0,5e-06,2e-06,3e-06,6e-06,3e-05,2e-06,0.002247,2.5e-05,6.3e-05,0.000888,2.3e-05,4.6e-05,0.000127,1e-06,0,2e-06,1.5e-05,1e-06,0.004485,7.7e-05,8e-06,6e-06,2e-06,0.001531,6.3e-05,3e-06,1e-06,1.6e-05,4e-06,4e-06,0.002097,0.000434,0.001708,0.000157,0.001586,7.8e-05,0.000274,0.010859,7.6e-05,0.000104,3.1e-05,7e-06,0.000319,0.000398,0.000215,0.005832,0.000225,9.4e-05,1e-06,9e-06,1.8e-05,0.002054,6e-06,6e-06,1e-06,1.1e-05,2e-06,0.000135,1.8e-05,2.8e-05,0.000433,0.000103,3.4e-05,1e-06,0.000194,2.7e-05,0.00495,0.002477,0.002256,0.000237,7e-06,3e-06,2.7e-05,2e-06,1e-06,1e-06,0,5e-06,0.002957,0.000987,0.002306,1e-06,0.000228,1e-05,0,1e-06,3e-06,4e-06,0.000226,0.000137,7e-06,0.000713,1e-06,1e-06,1e-06,0.000873,8e-06,1e-06,9.3e-05,2e-06,0.000251,4.3e-05,1e-06,0.000845,1e-06,1e-06,2e-06,0,0,1e-06,1e-06
"arusha/ngorongoro/malambo",1e-06,1.6e-05,0,0.000201,0,4e-06,0,0,0,9e-06,0,0,1e-06,1.4e-05,5e-06,0,0,0,0,0,0,1e-06,0,0,0,0,0,0,0,0,5e-06,0,0,0,2e-06,0,1e-06,2e-06,0,5.7e-05,0,0,2e-06,2e-06,0,0,2e-06,0.000339,1.7e-05,0,0,1e-06,0,0,1e-06,0,0,0,2e-06,0.000469,1.1e-05,5.4e-05,1.3e-05,0,0,8e-06,6e-06,0,3e-06,5e-06,1e-06,0,0,1e-06,0,4.5e-05,1e-05,0,0,0,0,0,0,0,0,0,3.7e-05,0,2e-06,8e-06,0,0,3.3e-05,8e-06,2e-06,6e-06,3e-06,0,1.4e-05,4e-06,0,0,2e-06,2e-06,0,3e-05,0,3e-06,2e-06,4.7e-05,2e-06,1.1e-05,1e-06,0,0,0,1.3e-05,0,1.8e-05,2e-06,1e-06,3.6e-05,0,0,0,1e-06,2e-06,4.7e-05,4e-06,0,0,3e-06,7e-06,1e-06,0,8e-06,0,2e-06,0.000122,6e-06,3e-06,0,3e-06,1e-06,0,5e-06,0,8e-06,7e-06,2e-06,0,0,0,0,4e-06,9.2e-05,0,3e-06,0,0.000264,1e-06,8e-06,0,0,0,0,1e-06,2e-06,1.4e-05,0,1e-06,3e-05,0.000231,2e-06,1e-06,2e-06,2e-05,0,5e-06,2e-06,0,2.5e-05,6e-06,1e-06,3.9e-05,0.001015,0,0,1.9e-05,6e-06,1e-06,1e-06,1e-06,0,5e-06,0,0,0,6e-06,0,2.3e-05,1e-06,3e-06,0,9e-06,1e-06,5.3e-05,1.9e-05,0,0,0,0,1.8e-05,0,0,1e-06,0,8.9e-05,1e-06,5e-06,0,0,0,0,2.2e-05,1e-06,3.4e-05,0,1e-06,0,0,0,0.000213,2.8e-05,0,0,0,2e-06,2.1e-05,0,2e-06,0.000362,0,7.2e-05,0,0,0,9e-06,0,1e-06,7.7e-05,0.000118,0,1.8e-05,6e-06,2e-06,0,0,0,0,0,1e-06,0,0,3.1e-05,2e-06,0,3.2e-05,0,2e-06,3e-05,1.2e-05,0,0,4.8e-05,0,2e-06,3e-06,0,1.3e-05,1e-06,2e-06,0.000463,0,0,0,0,0,0,0,0,2e-06,0,4.6e-05,1e-06,3e-06,2.2e-05,0,2e-06,3.7e-05,0,0,0,1e-06,0,2.5e-05,2e-06,0,0,0,1.6e-05,8.5e-05,0,0,1e-06,0,3e-06,5.2e-05,3.2e-05,1.6e-05,2e-06,3.6e-05,3e-06,2.1e-05,0.000151,0.000107,0.000156,1e-06,8e-06,6e-06,8e-06,4e-06,0.00035,0.000311,3e-06,0,0,2.5e-05,5e-05,0,0,0,0,0,8e-06,1e-06,7.5e-05,1.1e-05,7e-06,6.8e-05,0,9e-06,1e-06,9.3e-05,2.5e-05,1.1e-05,4e-06,0,0,1e-06,0,0,0,0,7e-06,6.2e-05,1.1e-05,3.8e-05,0,6e-06,1e-06,0,0,0,0,3e-06,1e-06,0,3.6e-05,0,0,0,6.6e-05,1e-06,0,2e-06,0,1.3e-05,2e-06,0,2.1e-05,0,0,0,0,0,0,0
"kilimanjaro/moshi/mambakaskazini",0,0,0,0,0,0,0,0,0,0,0,0,0,0,0,0,0,0,0,0,0,0,0,0,0,0,0,0,0,0,0,0,0,0,0,0,0,0,0,0,0,0,0,0,0,0,0,0,0,0,0,0,0,0,0,0,0,0,0,0,0,0,0,0,0,0,0,0,0,0,0,0,0,0,0,0,0,0,0,0,0,0,0,0,0,0,0,0,0,0,0,0,0,0,0,0,0,0,0,0,0,0,0,0,0,0,0,0,0,0,0,0,0,0,0,0,0,0,0,0,0,0,0,0,0,0,0,0,0,0,0,0,0,0,0,0,0,0,0,0,0,0,0,0,0,0,0,0,0,0,0,0,0,0,0,0,0,0,0,0,0,0,0,0,0,0,0,0,0,0,0,0,0,0,0,0,0,0,0,0,0,0,0,0,0,0,0,0,0,0,0,0,0,0,0,0,0,0,0,0,0,0,0,0,0,0,0,0,0,0,0,0,0,0,0,0,0,0,0,0,0,0,0,0,0,0,0,0,0,0,0,0,0,0,0,0,0,0,0,0,0,0,0,0,0,0,0,0,0,0,0,0,0,0,0,0,0,0,0,0,0,0,0,0,0,0,0,0,0,0,0,0,0,0,0,0,0,0,0,0,0,0,0,0,0,0,0,0,0,0,0,0,0,0,0,0,0,0,0,0,0,0,0,0,0,0,0,0,0,0,0,0,0,0,0,0,0,0,0,0,0,0,0,0,0,0,0,0,0,0,0,0,0,0,0,0,0,0,0,0,0,0,0,0,0,0,0,0,0,0,0,0,0,0,0,0,0,0,0,0,0,0,0,0,0,0,0,0,0,0,0,0,0,0,0,0,0,0,0,0,0,0,0,0,0,0,0,0,0,0,0,0,0,0,0,0,0,0
"kilimanjaro/moshi/mambakusini",0,0,0,0,0,0,0,0,0,0,0,0,0,0,0,0,0,0,0,0,0,0,0,0,0,0,0,0,0,0,0,0,0,0,0,0,0,0,0,0,0,0,0,0,0,0,0,0,0,0,0,0,0,0,0,0,0,0,0,0,0,0,0,0,0,0,0,0,0,0,0,0,0,0,0,0,0,0,0,0,0,0,0,0,0,0,0,0,0,0,0,0,0,0,0,0,0,0,0,0,0,0,0,0,0,0,0,0,0,0,0,0,0,0,0,0,0,0,0,0,0,0,0,0,0,0,0,0,0,0,0,0,0,0,0,0,0,0,0,0,0,0,0,0,0,0,0,0,0,0,0,0,0,0,0,0,0,0,0,0,0,0,0,0,0,0,0,0,0,0,0,0,0,0,0,0,0,0,0,0,0,0,0,0,0,0,0,0,0,0,0,0,0,0,0,0,0,0,0,0,0,0,0,0,0,0,0,0,0,0,0,0,0,0,0,0,0,0,0,0,0,0,0,0,0,0,0,0,0,0,0,0,0,0,0,0,0,0,0,0,0,0,0,0,0,0,0,0,0,0,0,0,0,0,0,0,0,0,0,0,0,0,0,0,0,0,0,0,0,0,0,0,0,0,0,0,0,0,0,0,0,0,0,0,0,0,0,0,0,0,0,0,0,0,0,0,0,0,0,0,0,0,0,0,0,0,0,0,0,0,0,0,0,0,0,0,0,0,0,0,0,0,0,0,0,0,0,0,0,0,0,0,0,0,0,0,0,0,0,0,0,0,0,0,0,0,0,0,0,0,0,0,0,0,0,0,0,0,0,0,0,0,0,0,0,0,0,0,0,0,0,0,0,0,0,0,0,0,0,0,0,0,0,0,0,0,0,0,0,0,0,0,0,0,0,0,0,0
"manyara/babati/mamire",0,0,0,0,0,0,0,0,0,0,0,0,0,0,0,0,0,0,0,0,0,0,0,0,0,0,0,0,0,0,0,0,0,0,0,0,0,0,0,0,0,0,0,0,0,0,0,0,0,0,0,0,0,0,0,0,0,0,0,0,0,0,0,0,0,0,0,0,0,0,0,0,0,0,0,0,0,0,0,0,0,0,0,0,0,0,0,0,0,0,0,0,0,0,0,0,0,0,0,0,0,0,0,0,0,0,0,0,0,0,0,0,0,0,0,0,0,0,0,0,0,0,0,0,0,0,0,0,0,0,0,0,0,0,0,0,0,0,0,0,0,0,0,0,0,0,0,0,0,0,0,0,0,0,0,0,0,0,0,0,0,0,0,0,0,0,0,0,0,0,0,0,0,0,0,0,0,0,0,0,0,0,0,0,0,0,0,0,0,0,0,0,0,0,0,0,0,0,0,0,0,0,0,0,0,0,0,0,0,0,0,0,0,0,0,0,0,0,0,0,0,0,0,0,0,0,0,0,0,0,0,0,0,0,0,0,0,0,0,0,0,0,0,0,0,0,0,0,0,0,0,0,0,0,0,0,0,0,0,0,0,0,0,0,0,0,0,0,0,0,0,0,0,0,0,0,0,0,0,0,0,0,0,0,0,0,0,0,0,0,0,0,0,0,0,0,0,0,0,0,0,0,0,0,0,0,0,0,0,0,0,0,0,0,0,0,0,0,0,0,0,0,0,0,0,0,0,0,0,0,0,0,0,0,0,0,0,0,0,0,0,0,0,0,0,0,0,0,0,0,0,0,0,0,0,0,0,0,0,0,0,0,0,0,0,0,0,0,0,0,0,0,0,0,0,0,0,0,0,0,0,0,0,0,0,0,0,0,0,0,0,0,0,0,0,0,0,0
"kilimanjaro/rombo/mamsera",0,0,0,0,0,0,0,0,0,0,0,0,0,0,0,0,0,0,0,0,0,0,0,0,0,0,0,0,0,0,0,0,0,0,0,0,0,0,0,0,0,0,0,0,0,0,0,0,0,0,0,0,0,0,0,0,0,0,0,0,0,0,0,0,0,0,0,0,0,0,0,0,0,0,0,0,0,0,0,0,0,0,0,0,0,0,0,0,0,0,0,0,0,0,0,0,0,0,0,0,0,0,0,0,0,0,0,0,0,0,0,0,0,0,0,0,0,0,0,0,0,0,0,0,0,0,0,0,0,0,0,0,0,0,0,0,0,0,0,0,0,0,0,0,0,0,0,0,0,0,0,0,0,0,0,0,0,0,0,0,0,0,0,0,0,0,0,0,0,0,0,0,0,0,0,0,0,0,0,0,0,0,0,0,0,0,0,0,0,0,0,0,0,0,0,0,0,0,0,0,0,0,0,0,0,0,0,0,0,0,0,0,0,0,0,0,0,0,0,0,0,0,0,0,0,0,0,0,0,0,0,0,0,0,0,0,0,0,0,0,0,0,0,0,0,0,0,0,0,0,0,0,0,0,0,0,0,0,0,0,0,0,0,0,0,0,0,0,0,0,0,0,0,0,0,0,0,0,0,0,0,0,0,0,0,0,0,0,0,0,0,0,0,0,0,0,0,0,0,0,0,0,0,0,0,0,0,0,0,0,0,0,0,0,0,0,0,0,0,0,0,0,0,0,0,0,0,0,0,0,0,0,0,0,0,0,0,0,0,0,0,0,0,0,0,0,0,0,0,0,0,0,0,0,0,0,0,0,0,0,0,0,0,0,0,0,0,0,0,0,0,0,0,0,0,0,0,0,0,0,0,0,0,0,0,0,0,0,0,0,0,0,0,0,0,0,0,0
"kilimanjaro/rombo/manda",0,0,0,0,0,0,0,0,0,0,0,0,0,0,0,0,0,0,0,0,0,0,0,0,0,0,0,0,0,0,0,0,0,0,0,0,0,0,0,0,0,0,0,0,0,0,0,0,0,0,0,0,0,0,0,0,0,0,0,0,0,0,0,0,0,0,0,0,0,0,0,0,0,0,0,0,0,0,0,0,0,0,0,0,0,0,0,0,0,0,0,0,0,0,0,0,0,0,0,0,0,0,0,0,0,0,0,0,0,0,0,0,0,0,0,0,0,0,0,0,0,0,0,0,0,0,0,0,0,0,0,0,0,0,0,0,0,0,0,0,0,0,0,0,0,0,0,0,0,0,0,0,0,0,0,0,0,0,0,0,0,0,0,0,0,0,0,0,0,0,0,0,0,0,0,0,0,0,0,0,0,0,0,0,0,0,0,0,0,0,0,0,0,0,0,0,0,0,0,0,0,0,0,0,0,0,0,0,0,0,0,0,0,0,0,0,0,0,0,0,0,0,0,0,0,0,0,0,0,0,0,0,0,0,0,0,0,0,0,0,0,0,0,0,0,0,0,0,0,0,0,0,0,0,0,0,0,0,0,0,0,0,0,0,0,0,0,0,0,0,0,0,0,0,0,0,0,0,0,0,0,0,0,0,0,0,0,0,0,0,0,0,0,0,0,0,0,0,0,0,0,0,0,0,0,0,0,0,0,0,0,0,0,0,0,0,0,0,0,0,0,0,0,0,0,0,0,0,0,0,0,0,0,0,0,0,0,0,0,0,0,0,0,0,0,0,0,0,0,0,0,0,0,0,0,0,0,0,0,0,0,0,0,0,0,0,0,0,0,0,0,0,0,0,0,0,0,0,0,0,0,0,0,0,0,0,0,0,0,0,0,0,0,0,0,0,0,0
"arusha/karatu/mangola",0,0,0,0,0,0,0,0,0,0,0,0,0,0,0,0,0,0,0,0,0,0,0,0,0,0,0,0,0,0,0,0,0,0,0,0,0,0,0,0,0,0,0,0,0,0,0,0,0,0,0,0,0,0,0,0,0,0,0,0,0,0,0,0,0,0,0,0,0,0,0,0,0,0,0,0,0,0,0,0,0,0,0,0,0,0,0,0,0,0,0,0,0,0,0,0,0,0,0,0,0,0,0,0,0,0,0,0,0,0,0,0,0,0,0,0,0,0,0,0,0,0,0,0,0,0,0,0,0,0,0,0,0,0,0,0,0,0,0,0,0,0,0,0,0,0,0,0,0,0,0,0,0,0,0,0,0,0,0,0,0,0,0,0,0,0,0,0,0,0,0,0,0,0,0,0,0,0,0,0,0,0,0,0,0,0,0,0,0,0,0,0,0,0,0,0,0,0,0,0,0,0,0,0,0,0,0,0,0,0,0,0,0,0,0,0,0,0,0,0,0,0,0,0,0,0,0,0,0,0,0,0,0,0,0,0,0,0,0,0,0,0,0,0,0,0,0,0,0,0,0,0,0,0,0,0,0,0,0,0,0,0,0,0,0,0,0,0,0,0,0,0,0,0,0,0,0,0,0,0,0,0,0,0,0,0,0,0,0,0,0,0,0,0,0,0,0,0,0,0,0,0,0,0,0,0,0,0,0,0,0,0,0,0,0,0,0,0,0,0,0,0,0,0,0,0,0,0,0,0,0,0,0,0,0,0,0,0,0,0,0,0,0,0,0,0,0,0,0,0,0,0,0,0,0,0,0,0,0,0,0,0,0,0,0,0,0,0,0,0,0,0,0,0,0,0,0,0,0,0,0,0,0,0,0,0,0,0,0,0,0,0,0,0,0,0,0,0
"kilimanjaro/same/maore",0,0,0,0,0,0,0,0,0,0,0,0,0,0,0,0,0,0,0,0,0,0,0,0,0,0,0,0,0,0,0,0,0,0,0,0,0,0,0,0,0,0,0,0,0,0,0,0,0,0,0,0,0,0,0,0,0,0,0,0,0,0,0,0,0,0,0,0,0,0,0,0,0,0,0,0,0,0,0,0,0,0,0,0,0,0,0,0,0,0,0,0,0,0,0,0,0,0,0,0,0,0,0,0,0,0,0,0,0,0,0,0,0,0,0,0,0,0,0,0,0,0,0,0,0,0,0,0,0,0,0,0,0,0,0,0,0,0,0,0,0,0,0,0,0,0,0,0,0,0,0,0,0,0,0,0,0,0,0,0,0,0,0,0,0,0,0,0,0,0,0,0,0,0,0,0,0,0,0,0,0,0,0,0,0,0,0,0,0,0,0,0,0,0,0,0,0,0,0,0,0,0,0,0,0,0,0,0,0,0,0,0,0,0,0,0,0,0,0,0,0,0,0,0,0,0,0,0,0,0,0,0,0,0,0,0,0,0,0,0,0,0,0,0,0,0,0,0,0,0,0,0,0,0,0,0,0,0,0,0,0,0,0,0,0,0,0,0,0,0,0,0,0,0,0,0,0,0,0,0,0,0,0,0,0,0,0,0,0,0,0,0,0,0,0,0,0,0,0,0,0,0,0,0,0,0,0,0,0,0,0,0,0,0,0,0,0,0,0,0,0,0,0,0,0,0,0,0,0,0,0,0,0,0,0,0,0,0,0,0,0,0,0,0,0,0,0,0,0,0,0,0,0,0,0,0,0,0,0,0,0,0,0,0,0,0,0,0,0,0,0,0,0,0,0,0,0,0,0,0,0,0,0,0,0,0,0,0,0,0,0,0,0,0,0,0,0,0
"manyara/mbulu/marang",0,0,0,0,0,0,0,0,0,0,0,0,0,0,0,0,0,0,0,0,0,0,0,0,0,0,0,0,0,0,0,0,0,0,0,0,0,0,0,0,0,0,0,0,0,0,0,0,0,0,0,0,0,0,0,0,0,0,0,0,0,0,0,0,0,0,0,0,0,0,0,0,0,0,0,0,0,0,0,0,0,0,0,0,0,0,0,0,0,0,0,0,0,0,0,0,0,0,0,0,0,0,0,0,0,0,0,0,0,0,0,0,0,0,0,0,0,0,0,0,0,0,0,0,0,0,0,0,0,0,0,0,0,0,0,0,0,0,0,0,0,0,0,0,0,0,0,0,0,0,0,0,0,0,0,0,0,0,0,0,0,0,0,0,0,0,0,0,0,0,0,0,0,0,0,0,0,0,0,0,0,0,0,0,0,0,0,0,0,0,0,0,0,0,0,0,0,0,0,0,0,0,0,0,0,0,0,0,0,0,0,0,0,0,0,0,0,0,0,0,0,0,0,0,0,0,0,0,0,0,0,0,0,0,0,0,0,0,0,0,0,0,0,0,0,0,0,0,0,0,0,0,0,0,0,0,0,0,0,0,0,0,0,0,0,0,0,0,0,0,0,0,0,0,0,0,0,0,0,0,0,0,0,0,0,0,0,0,0,0,0,0,0,0,0,0,0,0,0,0,0,0,0,0,0,0,0,0,0,0,0,0,0,0,0,0,0,0,0,0,0,0,0,0,0,0,0,0,0,0,0,0,0,0,0,0,0,0,0,0,0,0,0,0,0,0,0,0,0,0,0,0,0,0,0,0,0,0,0,0,0,0,0,0,0,0,0,0,0,0,0,0,0,0,0,0,0,0,0,0,0,0,0,0,0,0,0,0,0,0,0,0,0,0,0,0,0,0
"kilimanjaro/rombo/marangukitowo",0,0,0,0,0,0,0,0,0,0,0,0,0,0,0,0,0,0,0,0,0,0,0,0,0,0,0,0,0,0,0,0,0,0,0,0,0,0,0,0,0,0,0,0,0,0,0,0,0,0,0,0,0,0,0,0,0,0,0,0,0,0,0,0,0,0,0,0,0,0,0,0,0,0,0,0,0,0,0,0,0,0,0,0,0,0,0,0,0,0,0,0,0,0,0,0,0,0,0,0,0,0,0,0,0,0,0,0,0,0,0,0,0,0,0,0,0,0,0,0,0,0,0,0,0,0,0,0,0,0,0,0,0,0,0,0,0,0,0,0,0,0,0,0,0,0,0,0,0,0,0,0,0,0,0,0,0,0,0,0,0,0,0,0,0,0,0,0,0,0,0,0,0,0,0,0,0,0,0,0,0,0,0,0,0,0,0,0,0,0,0,0,0,0,0,0,0,0,0,0,0,0,0,0,0,0,0,0,0,0,0,0,0,0,0,0,0,0,0,0,0,0,0,0,0,0,0,0,0,0,0,0,0,0,0,0,0,0,0,0,0,0,0,0,0,0,0,0,0,0,0,0,0,0,0,0,0,0,0,0,0,0,0,0,0,0,0,0,0,0,0,0,0,0,0,0,0,0,0,0,0,0,0,0,0,0,0,0,0,0,0,0,0,0,0,0,0,0,0,0,0,0,0,0,0,0,0,0,0,0,0,0,0,0,0,0,0,0,0,0,0,0,0,0,0,0,0,0,0,0,0,0,0,0,0,0,0,0,0,0,0,0,0,0,0,0,0,0,0,0,0,0,0,0,0,0,0,0,0,0,0,0,0,0,0,0,0,0,0,0,0,0,0,0,0,0,0,0,0,0,0,0,0,0,0,0,0,0,0,0,0,0,0,0,0,0,0,0
"kilimanjaro/moshi/marangumagharibi",0,0,0,0,0,0,0,0,0,0,0,0,0,0,0,0,0,0,0,0,0,0,0,0,0,0,0,0,0,0,0,0,0,0,0,0,0,0,0,0,0,0,0,0,0,0,0,0,0,0,0,0,0,0,0,0,0,0,0,0,0,0,0,0,0,0,0,0,0,0,0,0,0,0,0,0,0,0,0,0,0,0,0,0,0,0,0,0,0,0,0,0,0,0,0,0,0,0,0,0,0,0,0,0,0,0,0,0,0,0,0,0,0,0,0,0,0,0,0,0,0,0,0,0,0,0,0,0,0,0,0,0,0,0,0,0,0,0,0,0,0,0,0,0,0,0,0,0,0,0,0,0,0,0,0,0,0,0,0,0,0,0,0,0,0,0,0,0,0,0,0,0,0,0,0,0,0,0,0,0,0,0,0,0,0,0,0,0,0,0,0,0,0,0,0,0,0,0,0,0,0,0,0,0,0,0,0,0,0,0,0,0,0,0,0,0,0,0,0,0,0,0,0,0,0,0,0,0,0,0,0,0,0,0,0,0,0,0,0,0,0,0,0,0,0,0,0,0,0,0,0,0,0,0,0,0,0,0,0,0,0,0,0,0,0,0,0,0,0,0,0,0,0,0,0,0,0,0,0,0,0,0,0,0,0,0,0,0,0,0,0,0,0,0,0,0,0,0,0,0,0,0,0,0,0,0,0,0,0,0,0,0,0,0,0,0,0,0,0,0,0,0,0,0,0,0,0,0,0,0,0,0,0,0,0,0,0,0,0,0,0,0,0,0,0,0,0,0,0,0,0,0,0,0,0,0,0,0,0,0,0,0,0,0,0,0,0,0,0,0,0,0,0,0,0,0,0,0,0,0,0,0,0,0,0,0,0,0,0,0,0,0,0,0,0,0,0,0
"kilimanjaro/moshi/marangumashariki",0,0,0,0,0,0,0,0,0,0,0,0,0,0,0,0,0,0,0,0,0,0,0,0,0,0,0,0,0,0,0,0,0,0,0,0,0,0,0,0,0,0,0,0,0,0,0,0,0,0,0,0,0,0,0,0,0,0,0,0,0,0,0,0,0,0,0,0,0,0,0,0,0,0,0,0,0,0,0,0,0,0,0,0,0,0,0,0,0,0,0,0,0,0,0,0,0,0,0,0,0,0,0,0,0,0,0,0,0,0,0,0,0,0,0,0,0,0,0,0,0,0,0,0,0,0,0,0,0,0,0,0,0,0,0,0,0,0,0,0,0,0,0,0,0,0,0,0,0,0,0,0,0,0,0,0,0,0,0,0,0,0,0,0,0,0,0,0,0,0,0,0,0,0,0,0,0,0,0,0,0,0,0,0,0,0,0,0,0,0,0,0,0,0,0,0,0,0,0,0,0,0,0,0,0,0,0,0,0,0,0,0,0,0,0,0,0,0,0,0,0,0,0,0,0,0,0,0,0,0,0,0,0,0,0,0,0,0,0,0,0,0,0,0,0,0,0,0,0,0,0,0,0,0,0,0,0,0,0,0,0,0,0,0,0,0,0,0,0,0,0,0,0,0,0,0,0,0,0,0,0,0,0,0,0,0,0,0,0,0,0,0,0,0,0,0,0,0,0,0,0,0,0,0,0,0,0,0,0,0,0,0,0,0,0,0,0,0,0,0,0,0,0,0,0,0,0,0,0,0,0,0,0,0,0,0,0,0,0,0,0,0,0,0,0,0,0,0,0,0,0,0,0,0,0,0,0,0,0,0,0,0,0,0,0,0,0,0,0,0,0,0,0,0,0,0,0,0,0,0,0,0,0,0,0,0,0,0,0,0,0,0,0,0,0,0,0,0
"manyara/mbulu/maretadu",0,0,0,0,0,0,0,0,0,0,0,0,0,0,0,0,0,0,0,0,0,0,0,0,0,0,0,0,0,0,0,0,0,0,0,0,0,0,0,0,0,0,0,0,0,0,0,0,0,0,0,0,0,0,0,0,0,0,0,0,0,0,0,0,0,0,0,0,0,0,0,0,0,0,0,0,0,0,0,0,0,0,0,0,0,0,0,0,0,0,0,0,0,0,0,0,0,0,0,0,0,0,0,0,0,0,0,0,0,0,0,0,0,0,0,0,0,0,0,0,0,0,0,0,0,0,0,0,0,0,0,0,0,0,0,0,0,0,0,0,0,0,0,0,0,0,0,0,0,0,0,0,0,0,0,0,0,0,0,0,0,0,0,0,0,0,0,0,0,0,0,0,0,0,0,0,0,0,0,0,0,0,0,0,0,0,0,0,0,0,0,0,0,0,0,0,0,0,0,0,0,0,0,0,0,0,0,0,0,0,0,0,0,0,0,0,0,0,0,0,0,0,0,0,0,0,0,0,0,0,0,0,0,0,0,0,0,0,0,0,0,0,0,0,0,0,0,0,0,0,0,0,0,0,0,0,0,0,0,0,0,0,0,0,0,0,0,0,0,0,0,0,0,0,0,0,0,0,0,0,0,0,0,0,0,0,0,0,0,0,0,0,0,0,0,0,0,0,0,0,0,0,0,0,0,0,0,0,0,0,0,0,0,0,0,0,0,0,0,0,0,0,0,0,0,0,0,0,0,0,0,0,0,0,0,0,0,0,0,0,0,0,0,0,0,0,0,0,0,0,0,0,0,0,0,0,0,0,0,0,0,0,0,0,0,0,0,0,0,0,0,0,0,0,0,0,0,0,0,0,0,0,0,0,0,0,0,0,0,0,0,0,0,0,0,0,0,0
"arusha/meru/maroroni",0,0,0,0,0,0,0,0,0,0,0,0,0,0,0,0,0,0,0,0,0,0,0,0,0,0,0,0,0,0,0,0,0,0,0,0,0,0,0,0,0,0,0,0,0,0,0,0,0,0,0,0,0,0,0,0,0,0,0,0,0,0,0,0,0,0,0,0,0,0,0,0,0,0,0,0,0,0,0,0,0,0,0,0,0,0,0,0,0,0,0,0,0,0,0,0,0,0,0,0,0,0,0,0,0,0,0,0,0,0,0,0,0,0,0,0,0,0,0,0,0,0,0,0,0,0,0,0,0,0,0,0,0,0,0,0,0,0,0,0,0,0,0,0,0,0,0,0,0,0,0,0,0,0,0,0,0,0,0,0,0,0,0,0,0,0,0,0,0,0,0,0,0,0,0,0,0,0,0,0,0,0,0,0,0,0,0,0,0,0,0,0,0,0,0,0,0,0,0,0,0,0,0,0,0,0,0,0,0,0,0,0,0,0,0,0,0,0,0,0,0,0,0,0,0,0,0,0,0,0,0,0,0,0,0,0,0,0,0,0,0,0,0,0,0,0,0,0,0,0,0,0,0,0,0,0,0,0,0,0,0,0,0,0,0,0,0,0,0,0,0,0,0,0,0,0,0,0,0,0,0,0,0,0,0,0,0,0,0,0,0,0,0,0,0,0,0,0,0,0,0,0,0,0,0,0,0,0,0,0,0,0,0,0,0,0,0,0,0,0,0,0,0,0,0,0,0,0,0,0,0,0,0,0,0,0,0,0,0,0,0,0,0,0,0,0,0,0,0,0,0,0,0,0,0,0,0,0,0,0,0,0,0,0,0,0,0,0,0,0,0,0,0,0,0,0,0,0,0,0,0,0,0,0,0,0,0,0,0,0,0,0,0,0,0,0,0,0
"manyara/hanang/masakta",0,0,0,0,0,0,0,0,0,0,0,0,0,0,0,0,0,0,0,0,0,0,0,0,0,0,0,0,0,0,0,0,0,0,0,0,0,0,0,0,0,0,0,0,0,0,0,0,0,0,0,0,0,0,0,0,0,0,0,0,0,0,0,0,0,0,0,0,0,0,0,0,0,0,0,0,0,0,0,0,0,0,0,0,0,0,0,0,0,0,0,0,0,0,0,0,0,0,0,0,0,0,0,0,0,0,0,0,0,0,0,0,0,0,0,0,0,0,0,0,0,0,0,0,0,0,0,0,0,0,0,0,0,0,0,0,0,0,0,0,0,0,0,0,0,0,0,0,0,0,0,0,0,0,0,0,0,0,0,0,0,0,0,0,0,0,0,0,0,0,0,0,0,0,0,0,0,0,0,0,0,0,0,0,0,0,0,0,0,0,0,0,0,0,0,0,0,0,0,0,0,0,0,0,0,0,0,0,0,0,0,0,0,0,0,0,0,0,0,0,0,0,0,0,0,0,0,0,0,0,0,0,0,0,0,0,0,0,0,0,0,0,0,0,0,0,0,0,0,0,0,0,0,0,0,0,0,0,0,0,0,0,0,0,0,0,0,0,0,0,0,0,0,0,0,0,0,0,0,0,0,0,0,0,0,0,0,0,0,0,0,0,0,0,0,0,0,0,0,0,0,0,0,0,0,0,0,0,0,0,0,0,0,0,0,0,0,0,0,0,0,0,0,0,0,0,0,0,0,0,0,0,0,0,0,0,0,0,0,0,0,0,0,0,0,0,0,0,0,0,0,0,0,0,0,0,0,0,0,0,0,0,0,0,0,0,0,0,0,0,0,0,0,0,0,0,0,0,0,0,0,0,0,0,0,0,0,0,0,0,0,0,0,0,0,0,0,0
"kilimanjaro/hai/masamakati",0,0,0,0,0,0,0,0,0,0,0,0,0,0,0,0,0,0,0,0,0,0,0,0,0,0,0,0,0,0,0,0,0,0,0,0,0,0,0,0,0,0,0,0,0,0,0,0,0,0,0,0,0,0,0,0,0,0,0,0,0,0,0,0,0,0,0,0,0,0,0,0,0,0,0,0,0,0,0,0,0,0,0,0,0,0,0,0,0,0,0,0,0,0,0,0,0,0,0,0,0,0,0,0,0,0,0,0,0,0,0,0,0,0,0,0,0,0,0,0,0,0,0,0,0,0,0,0,0,0,0,0,0,0,0,0,0,0,0,0,0,0,0,0,0,0,0,0,0,0,0,0,0,0,0,0,0,0,0,0,0,0,0,0,0,0,0,0,0,0,0,0,0,0,0,0,0,0,0,0,0,0,0,0,0,0,0,0,0,0,0,0,0,0,0,0,0,0,0,0,0,0,0,0,0,0,0,0,0,0,0,0,0,0,0,0,0,0,0,0,0,0,0,0,0,0,0,0,0,0,0,0,0,0,0,0,0,0,0,0,0,0,0,0,0,0,0,0,0,0,0,0,0,0,0,0,0,0,0,0,0,0,0,0,0,0,0,0,0,0,0,0,0,0,0,0,0,0,0,0,0,0,0,0,0,0,0,0,0,0,0,0,0,0,0,0,0,0,0,0,0,0,0,0,0,0,0,0,0,0,0,0,0,0,0,0,0,0,0,0,0,0,0,0,0,0,0,0,0,0,0,0,0,0,0,0,0,0,0,0,0,0,0,0,0,0,0,0,0,0,0,0,0,0,0,0,0,0,0,0,0,0,0,0,0,0,0,0,0,0,0,0,0,0,0,0,0,0,0,0,0,0,0,0,0,0,0,0,0,0,0,0,0,0,0,0,0,0
"kilimanjaro/hai/masamakusini",0,0,0,0,0,0,0,0,0,0,0,0,0,0,0,0,0,0,0,0,0,0,0,0,0,0,0,0,0,0,0,0,0,0,0,0,0,0,0,0,0,0,0,0,0,0,0,0,0,0,0,0,0,0,0,0,0,0,0,0,0,0,0,0,0,0,0,0,0,0,0,0,0,0,0,0,0,0,0,0,0,0,0,0,0,0,0,0,0,0,0,0,0,0,0,0,0,0,0,0,0,0,0,0,0,0,0,0,0,0,0,0,0,0,0,0,0,0,0,0,0,0,0,0,0,0,0,0,0,0,0,0,0,0,0,0,0,0,0,0,0,0,0,0,0,0,0,0,0,0,0,0,0,0,0,0,0,0,0,0,0,0,0,0,0,0,0,0,0,0,0,0,0,0,0,0,0,0,0,0,0,0,0,0,0,0,0,0,0,0,0,0,0,0,0,0,0,0,0,0,0,0,0,0,0,0,0,0,0,0,0,0,0,0,0,0,0,0,0,0,0,0,0,0,0,0,0,0,0,0,0,0,0,0,0,0,0,0,0,0,0,0,0,0,0,0,0,0,0,0,0,0,0,0,0,0,0,0,0,0,0,0,0,0,0,0,0,0,0,0,0,0,0,0,0,0,0,0,0,0,0,0,0,0,0,0,0,0,0,0,0,0,0,0,0,0,0,0,0,0,0,0,0,0,0,0,0,0,0,0,0,0,0,0,0,0,0,0,0,0,0,0,0,0,0,0,0,0,0,0,0,0,0,0,0,0,0,0,0,0,0,0,0,0,0,0,0,0,0,0,0,0,0,0,0,0,0,0,0,0,0,0,0,0,0,0,0,0,0,0,0,0,0,0,0,0,0,0,0,0,0,0,0,0,0,0,0,0,0,0,0,0,0,0,0,0,0,0
"kilimanjaro/hai/masamamagharibi",0,0,0,0,0,0,0,0,0,0,0,0,0,0,0,0,0,0,0,0,0,0,0,0,0,0,0,0,0,0,0,0,0,0,0,0,0,0,0,0,0,0,0,0,0,0,0,0,0,0,0,0,0,0,0,0,0,0,0,0,0,0,0,0,0,0,0,0,0,0,0,0,0,0,0,0,0,0,0,0,0,0,0,0,0,0,0,0,0,0,0,0,0,0,0,0,0,0,0,0,0,0,0,0,0,0,0,0,0,0,0,0,0,0,0,0,0,0,0,0,0,0,0,0,0,0,0,0,0,0,0,0,0,0,0,0,0,0,0,0,0,0,0,0,0,0,0,0,0,0,0,0,0,0,0,0,0,0,0,0,0,0,0,0,0,0,0,0,0,0,0,0,0,0,0,0,0,0,0,0,0,0,0,0,0,0,0,0,0,0,0,0,0,0,0,0,0,0,0,0,0,0,0,0,0,0,0,0,0,0,0,0,0,0,0,0,0,0,0,0,0,0,0,0,0,0,0,0,0,0,0,0,0,0,0,0,0,0,0,0,0,0,0,0,0,0,0,0,0,0,0,0,0,0,0,0,0,0,0,0,0,0,0,0,0,0,0,0,0,0,0,0,0,0,0,0,0,0,0,0,0,0,0,0,0,0,0,0,0,0,0,0,0,0,0,0,0,0,0,0,0,0,0,0,0,0,0,0,0,0,0,0,0,0,0,0,0,0,0,0,0,0,0,0,0,0,0,0,0,0,0,0,0,0,0,0,0,0,0,0,0,0,0,0,0,0,0,0,0,0,0,0,0,0,0,0,0,0,0,0,0,0,0,0,0,0,0,0,0,0,0,0,0,0,0,0,0,0,0,0,0,0,0,0,0,0,0,0,0,0,0,0,0,0,0,0,0,0
"kilimanjaro/hai/masamamashariki",4e-06,0,1e-06,0,0,4e-05,0,0,0,1e-06,0,0,2e-06,3.1e-05,0,0,0,0,0,0,0,2.4e-05,0,2e-06,0,1e-06,0,0,0,0,1.2e-05,0,0,0,0,0,2e-06,0,0,1e-06,0,0,1e-06,0,0,0,0,0.000511,7e-06,0,0,0,0,0,0,0,1e-06,0,2e-06,4e-06,2e-06,2e-06,9e-06,0,0,1.6e-05,3e-06,0,0,1e-06,0,0,8e-06,0,0,2e-06,0,0,0,0,0,0,0,0,0,0,0.001095,0,0,6e-06,0,0,0.000231,1.8e-05,0,0,0.000325,0,0.000122,2.9e-05,0,0,2e-06,4e-06,1e-05,0.000245,0,0.000107,2e-05,1e-06,0.000328,0.000155,0,0,2e-06,1e-06,0.000194,0,0.000423,0.000127,8.3e-05,0.001851,0,1e-06,0,1e-06,1e-06,0.000422,1.6e-05,2e-06,1e-06,2.6e-05,4.2e-05,2.2e-05,0,1.5e-05,1e-06,4.2e-05,7.5e-05,0.00029,4.1e-05,0,4e-06,2.7e-05,2e-06,1.5e-05,0,1e-04,0.000118,2.7e-05,1e-06,0,1e-06,0,4e-06,6.7e-05,3e-06,0,0,0.007001,5e-06,7e-06,1e-06,1e-06,0,0,5e-06,1.7e-05,2.5e-05,2e-06,0,5e-06,0.000387,2e-06,5.9e-05,1e-06,7e-06,0,0.000189,1e-06,0,0,5e-06,1.1e-05,0.011602,0.034254,7e-06,1.7e-05,0.001837,0.001372,2.8e-05,0,0,0,1e-06,0,1e-06,0,0.000158,0,0.000153,0,2e-06,1e-06,0.000109,2.2e-05,0.000436,3e-06,1e-06,2e-06,1e-06,0,0.00013,0,0,1e-06,0,0.000649,1.1e-05,5.7e-05,0,1e-06,0,5.1e-05,0.001315,8.6e-05,0,4e-06,0,0,0,0,1.4e-05,3e-05,0,0,4e-06,8e-06,1e-06,1e-06,9e-06,0.000146,1e-06,0.000164,0,2e-06,8e-06,2.4e-05,0,1e-06,0.000138,4.3e-05,0,4e-05,9.3e-05,2e-06,1e-06,2e-06,2e-06,0,0,7e-06,0,0,2e-06,0,0,2.4e-05,0,0,2.6e-05,5.5e-05,0,0,0.000443,3e-06,2e-06,3e-06,0,0,4e-06,0,0.000296,0,0,0,0,5e-06,0,8e-06,0,2.8e-05,0,0.000132,2.9e-05,9.4e-05,9.9e-05,1e-06,5e-06,0,0,0,2e-06,2e-06,0,3e-06,4e-06,1e-06,0,1.1e-05,1.9e-05,0,0,1e-06,2.1e-05,0,0,0.000115,0.000342,2e-05,2e-06,4.3e-05,0.000103,0.000122,0.000221,1e-06,1e-06,1e-06,0,8e-06,1.6e-05,4e-06,0.000255,4e-06,2e-06,0,1e-05,0,0.000185,0,0,2e-06,0,0,1e-05,1e-06,0,1.9e-05,1e-05,1e-06,0,0.000323,2e-06,0.000172,2e-06,4e-06,1e-05,2e-06,2e-06,3.5e-05,0,0,0,0,0,0.000136,1.8e-05,5.7e-05,0,2.7e-05,1.4e-05,0,0,0,4e-06,5e-06,1e-06,0,9.8e-05,0,0,0,0.000662,0,0,3e-06,5e-06,0.000541,7.3e-05,3e-06,9.2e-05,1e-06,0,0,0,0,0,0
"kilimanjaro/hai/masamarundugai",0,0,0,0,0,0,0,0,0,0,0,0,0,0,0,0,0,0,0,0,0,0,0,0,0,0,0,0,0,0,0,0,0,0,0,0,0,0,0,0,0,0,0,0,0,0,0,0,0,0,0,0,0,0,0,0,0,0,0,0,0,0,0,0,0,0,0,0,0,0,0,0,0,0,0,0,0,0,0,0,0,0,0,0,0,0,0,0,0,0,0,0,0,0,0,0,0,0,0,0,0,0,0,0,0,0,0,0,0,0,0,0,0,0,0,0,0,0,0,0,0,0,0,0,0,0,0,0,0,0,0,0,0,0,0,0,0,0,0,0,0,0,0,0,0,0,0,0,0,0,0,0,0,0,0,0,0,0,0,0,0,0,0,0,0,0,0,0,0,0,0,0,0,0,0,0,0,0,0,0,0,0,0,0,0,0,0,0,0,0,0,0,0,0,0,0,0,0,0,0,0,0,0,0,0,0,0,0,0,0,0,0,0,0,0,0,0,0,0,0,0,0,0,0,0,0,0,0,0,0,0,0,0,0,0,0,0,0,0,0,0,0,0,0,0,0,0,0,0,0,0,0,0,0,0,0,0,0,0,0,0,0,0,0,0,0,0,0,0,0,0,0,0,0,0,0,0,0,0,0,0,0,0,0,0,0,0,0,0,0,0,0,0,0,0,0,0,0,0,0,0,0,0,0,0,0,0,0,0,0,0,0,0,0,0,0,0,0,0,0,0,0,0,0,0,0,0,0,0,0,0,0,0,0,0,0,0,0,0,0,0,0,0,0,0,0,0,0,0,0,0,0,0,0,0,0,0,0,0,0,0,0,0,0,0,0,0,0,0,0,0,0,0,0,0,0,0,0,0,0,0,0,0,0,0,0,0,0,0,0,0,0,0,0,0,0,0,0
"manyara/mbulu/masieda",0,0,0,0,0,0,0,0,0,0,0,0,0,0,0,0,0,0,0,0,0,0,0,0,0,0,0,0,0,0,0,0,0,0,0,0,0,0,0,0,0,0,0,0,0,0,0,0,0,0,0,0,0,0,0,0,0,0,0,0,0,0,0,0,0,0,0,0,0,0,0,0,0,0,0,0,0,0,0,0,0,0,0,0,0,0,0,0,0,0,0,0,0,0,0,0,0,0,0,0,0,0,0,0,0,0,0,0,0,0,0,0,0,0,0,0,0,0,0,0,0,0,0,0,0,0,0,0,0,0,0,0,0,0,0,0,0,0,0,0,0,0,0,0,0,0,0,0,0,0,0,0,0,0,0,0,0,0,0,0,0,0,0,0,0,0,0,0,0,0,0,0,0,0,0,0,0,0,0,0,0,0,0,0,0,0,0,0,0,0,0,0,0,0,0,0,0,0,0,0,0,0,0,0,0,0,0,0,0,0,0,0,0,0,0,0,0,0,0,0,0,0,0,0,0,0,0,0,0,0,0,0,0,0,0,0,0,0,0,0,0,0,0,0,0,0,0,0,0,0,0,0,0,0,0,0,0,0,0,0,0,0,0,0,0,0,0,0,0,0,0,0,0,0,0,0,0,0,0,0,0,0,0,0,0,0,0,0,0,0,0,0,0,0,0,0,0,0,0,0,0,0,0,0,0,0,0,0,0,0,0,0,0,0,0,0,0,0,0,0,0,0,0,0,0,0,0,0,0,0,0,0,0,0,0,0,0,0,0,0,0,0,0,0,0,0,0,0,0,0,0,0,0,0,0,0,0,0,0,0,0,0,0,0,0,0,0,0,0,0,0,0,0,0,0,0,0,0,0,0,0,0,0,0,0,0,0,0,0,0,0,0,0,0,0,0,0,0
"manyara/hanang/maskron",0,0,0,0,0,0,0,0,0,0,0,0,0,0,0,0,0,0,0,0,0,0,0,0,0,0,0,0,0,0,0,0,0,0,0,0,0,0,0,0,0,0,0,0,0,0,0,0,0,0,0,0,0,0,0,0,0,0,0,0,0,0,0,0,0,0,0,0,0,0,0,0,0,0,0,0,0,0,0,0,0,0,0,0,0,0,0,0,0,0,0,0,0,0,0,0,0,0,0,0,0,0,0,0,0,0,0,0,0,0,0,0,0,0,0,0,0,0,0,0,0,0,0,0,0,0,0,0,0,0,0,0,0,0,0,0,0,0,0,0,0,0,0,0,0,0,0,0,0,0,0,0,0,0,0,0,0,0,0,0,0,0,0,0,0,0,0,0,0,0,0,0,0,0,0,0,0,0,0,0,0,0,0,0,0,0,0,0,0,0,0,0,0,0,0,0,0,0,0,0,0,0,0,0,0,0,0,0,0,0,0,0,0,0,0,0,0,0,0,0,0,0,0,0,0,0,0,0,0,0,0,0,0,0,0,0,0,0,0,0,0,0,0,0,0,0,0,0,0,0,0,0,0,0,0,0,0,0,0,0,0,0,0,0,0,0,0,0,0,0,0,0,0,0,0,0,0,0,0,0,0,0,0,0,0,0,0,0,0,0,0,0,0,0,0,0,0,0,0,0,0,0,0,0,0,0,0,0,0,0,0,0,0,0,0,0,0,0,0,0,0,0,0,0,0,0,0,0,0,0,0,0,0,0,0,0,0,0,0,0,0,0,0,0,0,0,0,0,0,0,0,0,0,0,0,0,0,0,0,0,0,0,0,0,0,0,0,0,0,0,0,0,0,0,0,0,0,0,0,0,0,0,0,0,0,0,0,0,0,0,0,0,0,0,0,0,0,0
"manyara/hanang/masqaroda",0,0,0,0,0,0,0,0,0,0,0,0,0,0,0,0,0,0,0,0,0,0,0,0,0,0,0,0,0,0,0,0,0,0,0,0,0,0,0,0,0,0,0,0,0,0,0,0,0,0,0,0,0,0,0,0,0,0,0,0,0,0,0,0,0,0,0,0,0,0,0,0,0,0,0,0,0,0,0,0,0,0,0,0,0,0,0,0,0,0,0,0,0,0,0,0,0,0,0,0,0,0,0,0,0,0,0,0,0,0,0,0,0,0,0,0,0,0,0,0,0,0,0,0,0,0,0,0,0,0,0,0,0,0,0,0,0,0,0,0,0,0,0,0,0,0,0,0,0,0,0,0,0,0,0,0,0,0,0,0,0,0,0,0,0,0,0,0,0,0,0,0,0,0,0,0,0,0,0,0,0,0,0,0,0,0,0,0,0,0,0,0,0,0,0,0,0,0,0,0,0,0,0,0,0,0,0,0,0,0,0,0,0,0,0,0,0,0,0,0,0,0,0,0,0,0,0,0,0,0,0,0,0,0,0,0,0,0,0,0,0,0,0,0,0,0,0,0,0,0,0,0,0,0,0,0,0,0,0,0,0,0,0,0,0,0,0,0,0,0,0,0,0,0,0,0,0,0,0,0,0,0,0,0,0,0,0,0,0,0,0,0,0,0,0,0,0,0,0,0,0,0,0,0,0,0,0,0,0,0,0,0,0,0,0,0,0,0,0,0,0,0,0,0,0,0,0,0,0,0,0,0,0,0,0,0,0,0,0,0,0,0,0,0,0,0,0,0,0,0,0,0,0,0,0,0,0,0,0,0,0,0,0,0,0,0,0,0,0,0,0,0,0,0,0,0,0,0,0,0,0,0,0,0,0,0,0,0,0,0,0,0,0,0,0,0,0,0
"manyara/mbulu/masqaroda",0,0,0,0,0,0,0,0,0,0,0,0,0,0,0,0,0,0,0,0,0,0,0,0,0,0,0,0,0,0,0,0,0,0,0,0,0,0,0,0,0,0,0,0,0,0,0,0,0,0,0,0,0,0,0,0,0,0,0,0,0,0,0,0,0,0,0,0,0,0,0,0,0,0,0,0,0,0,0,0,0,0,0,0,0,0,0,0,0,0,0,0,0,0,0,0,0,0,0,0,0,0,0,0,0,0,0,0,0,0,0,0,0,0,0,0,0,0,0,0,0,0,0,0,0,0,0,0,0,0,0,0,0,0,0,0,0,0,0,0,0,0,0,0,0,0,0,0,0,0,0,0,0,0,0,0,0,0,0,0,0,0,0,0,0,0,0,0,0,0,0,0,0,0,0,0,0,0,0,0,0,0,0,0,0,0,0,0,0,0,0,0,0,0,0,0,0,0,0,0,0,0,0,0,0,0,0,0,0,0,0,0,0,0,0,0,0,0,0,0,0,0,0,0,0,0,0,0,0,0,0,0,0,0,0,0,0,0,0,0,0,0,0,0,0,0,0,0,0,0,0,0,0,0,0,0,0,0,0,0,0,0,0,0,0,0,0,0,0,0,0,0,0,0,0,0,0,0,0,0,0,0,0,0,0,0,0,0,0,0,0,0,0,0,0,0,0,0,0,0,0,0,0,0,0,0,0,0,0,0,0,0,0,0,0,0,0,0,0,0,0,0,0,0,0,0,0,0,0,0,0,0,0,0,0,0,0,0,0,0,0,0,0,0,0,0,0,0,0,0,0,0,0,0,0,0,0,0,0,0,0,0,0,0,0,0,0,0,0,0,0,0,0,0,0,0,0,0,0,0,0,0,0,0,0,0,0,0,0,0,0,0,0,0,0,0,0,0
"arusha/longido/matale",0,0,0,0,0,0,0,0,0,0,0,0,0,0,0,0,0,0,0,0,0,0,0,0,0,0,0,0,0,0,0,0,0,0,0,0,0,0,0,0,0,0,0,0,0,0,0,0,0,0,0,0,0,0,0,0,0,0,0,0,0,0,0,0,0,0,0,0,0,0,0,0,0,0,0,0,0,0,0,0,0,0,0,0,0,0,0,0,0,0,0,0,0,0,0,0,0,0,0,0,0,0,0,0,0,0,0,0,0,0,0,0,0,0,0,0,0,0,0,0,0,0,0,0,0,0,0,0,0,0,0,0,0,0,0,0,0,0,0,0,0,0,0,0,0,0,0,0,0,0,0,0,0,0,0,0,0,0,0,0,0,0,0,0,0,0,0,0,0,0,0,0,0,0,0,0,0,0,0,0,0,0,0,0,0,0,0,0,0,0,0,0,0,0,0,0,0,0,0,0,0,0,0,0,0,0,0,0,0,0,0,0,0,0,0,0,0,0,0,0,0,0,0,0,0,0,0,0,0,0,0,0,0,0,0,0,0,0,0,0,0,0,0,0,0,0,0,0,0,0,0,0,0,0,0,0,0,0,0,0,0,0,0,0,0,0,0,0,0,0,0,0,0,0,0,0,0,0,0,0,0,0,0,0,0,0,0,0,0,0,0,0,0,0,0,0,0,0,0,0,0,0,0,0,0,0,0,0,0,0,0,0,0,0,0,0,0,0,0,0,0,0,0,0,0,0,0,0,0,0,0,0,0,0,0,0,0,0,0,0,0,0,0,0,0,0,0,0,0,0,0,0,0,0,0,0,0,0,0,0,0,0,0,0,0,0,0,0,0,0,0,0,0,0,0,0,0,0,0,0,0,0,0,0,0,0,0,0,0,0,0,0,0,0,0,0,0,0
"arusha/arusha/mateves",0,0,0,0,0,0,0,0,0,0,0,0,0,0,0,0,0,0,0,0,0,0,0,0,0,0,0,0,0,0,0,0,0,0,0,0,0,0,0,0,0,0,0,0,0,0,0,0,0,0,0,0,0,0,0,0,0,0,0,0,0,0,0,0,0,0,0,0,0,0,0,0,0,0,0,0,0,0,0,0,0,0,0,0,0,0,0,0,0,0,0,0,0,0,0,0,0,0,0,0,0,0,0,0,0,0,0,0,0,0,0,0,0,0,0,0,0,0,0,0,0,0,0,0,0,0,0,0,0,0,0,0,0,0,0,0,0,0,0,0,0,0,0,0,0,0,0,0,0,0,0,0,0,0,0,0,0,0,0,0,0,0,0,0,0,0,0,0,0,0,0,0,0,0,0,0,0,0,0,0,0,0,0,0,0,0,0,0,0,0,0,0,0,0,0,0,0,0,0,0,0,0,0,0,0,0,0,0,0,0,0,0,0,0,0,0,0,0,0,0,0,0,0,0,0,0,0,0,0,0,0,0,0,0,0,0,0,0,0,0,0,0,0,0,0,0,0,0,0,0,0,0,0,0,0,0,0,0,0,0,0,0,0,0,0,0,0,0,0,0,0,0,0,0,0,0,0,0,0,0,0,0,0,0,0,0,0,0,0,0,0,0,0,0,0,0,0,0,0,0,0,0,0,0,0,0,0,0,0,0,0,0,0,0,0,0,0,0,0,0,0,0,0,0,0,0,0,0,0,0,0,0,0,0,0,0,0,0,0,0,0,0,0,0,0,0,0,0,0,0,0,0,0,0,0,0,0,0,0,0,0,0,0,0,0,0,0,0,0,0,0,0,0,0,0,0,0,0,0,0,0,0,0,0,0,0,0,0,0,0,0,0,0,0,0,0,0,0
"manyara/kiteto/matui",0,0,0,0,0,0,0,0,0,0,0,0,0,0,0,0,0,0,0,0,0,0,0,0,0,0,0,0,0,0,0,0,0,0,0,0,0,0,0,0,0,0,0,0,0,0,0,0,0,0,0,0,0,0,0,0,0,0,0,0,0,0,0,0,0,0,0,0,0,0,0,0,0,0,0,0,0,0,0,0,0,0,0,0,0,0,0,0,0,0,0,0,0,0,0,0,0,0,0,0,0,0,0,0,0,0,0,0,0,0,0,0,0,0,0,0,0,0,0,0,0,0,0,0,0,0,0,0,0,0,0,0,0,0,0,0,0,0,0,0,0,0,0,0,0,0,0,0,0,0,0,0,0,0,0,0,0,0,0,0,0,0,0,0,0,0,0,0,0,0,0,0,0,0,0,0,0,0,0,0,0,0,0,0,0,0,0,0,0,0,0,0,0,0,0,0,0,0,0,0,0,0,0,0,0,0,0,0,0,0,0,0,0,0,0,0,0,0,0,0,0,0,0,0,0,0,0,0,0,0,0,0,0,0,0,0,0,0,0,0,0,0,0,0,0,0,0,0,0,0,0,0,0,0,0,0,0,0,0,0,0,0,0,0,0,0,0,0,0,0,0,0,0,0,0,0,0,0,0,0,0,0,0,0,0,0,0,0,0,0,0,0,0,0,0,0,0,0,0,0,0,0,0,0,0,0,0,0,0,0,0,0,0,0,0,0,0,0,0,0,0,0,0,0,0,0,0,0,0,0,0,0,0,0,0,0,0,0,0,0,0,0,0,0,0,0,0,0,0,0,0,0,0,0,0,0,0,0,0,0,0,0,0,0,0,0,0,0,0,0,0,0,0,0,0,0,0,0,0,0,0,0,0,0,0,0,0,0,0,0,0,0,0,0,0,0,0,0
"kilimanjaro/moshimunicipal/mawenzi",0,0,0,0,0,0,0,0,0,0,0,0,0,0,0,0,0,0,0,0,0,0,0,0,0,0,0,0,0,0,0,0,0,0,0,0,0,0,0,0,0,0,0,0,0,0,0,0,0,0,0,0,0,0,0,0,0,0,0,0,0,0,0,0,0,0,0,0,0,0,0,0,0,0,0,0,0,0,0,0,0,0,0,0,0,0,0,0,0,0,0,0,0,0,0,0,0,0,0,0,0,0,0,0,0,0,0,0,0,0,0,0,0,0,0,0,0,0,0,0,0,0,0,0,0,0,0,0,0,0,0,0,0,0,0,0,0,0,0,0,0,0,0,0,0,0,0,0,0,0,0,0,0,0,0,0,0,0,0,0,0,0,0,0,0,0,0,0,0,0,0,0,0,0,0,0,0,0,0,0,0,0,0,0,0,0,0,0,0,0,0,0,0,0,0,0,0,0,0,0,0,0,0,0,0,0,0,0,0,0,0,0,0,0,0,0,0,0,0,0,0,0,0,0,0,0,0,0,0,0,0,0,0,0,0,0,0,0,0,0,0,0,0,0,0,0,0,0,0,0,0,0,0,0,0,0,0,0,0,0,0,0,0,0,0,0,0,0,0,0,0,0,0,0,0,0,0,0,0,0,0,0,0,0,0,0,0,0,0,0,0,0,0,0,0,0,0,0,0,0,0,0,0,0,0,0,0,0,0,0,0,0,0,0,0,0,0,0,0,0,0,0,0,0,0,0,0,0,0,0,0,0,0,0,0,0,0,0,0,0,0,0,0,0,0,0,0,0,0,0,0,0,0,0,0,0,0,0,0,0,0,0,0,0,0,0,0,0,0,0,0,0,0,0,0,0,0,0,0,0,0,0,0,0,0,0,0,0,0,0,0,0,0,0,0,0,0,0
"kilimanjaro/moshi/mbokomu",0,0,0,0,0,0,0,0,0,0,0,0,0,0,0,0,0,0,0,0,0,0,0,0,0,0,0,0,0,0,0,0,0,0,0,0,0,0,0,0,0,0,0,0,0,0,0,0,0,0,0,0,0,0,0,0,0,0,0,0,0,0,0,0,0,0,0,0,0,0,0,0,0,0,0,0,0,0,0,0,0,0,0,0,0,0,0,0,0,0,0,0,0,0,0,0,0,0,0,0,0,0,0,0,0,0,0,0,0,0,0,0,0,0,0,0,0,0,0,0,0,0,0,0,0,0,0,0,0,0,0,0,0,0,0,0,0,0,0,0,0,0,0,0,0,0,0,0,0,0,0,0,0,0,0,0,0,0,0,0,0,0,0,0,0,0,0,0,0,0,0,0,0,0,0,0,0,0,0,0,0,0,0,0,0,0,0,0,0,0,0,0,0,0,0,0,0,0,0,0,0,0,0,0,0,0,0,0,0,0,0,0,0,0,0,0,0,0,0,0,0,0,0,0,0,0,0,0,0,0,0,0,0,0,0,0,0,0,0,0,0,0,0,0,0,0,0,0,0,0,0,0,0,0,0,0,0,0,0,0,0,0,0,0,0,0,0,0,0,0,0,0,0,0,0,0,0,0,0,0,0,0,0,0,0,0,0,0,0,0,0,0,0,0,0,0,0,0,0,0,0,0,0,0,0,0,0,0,0,0,0,0,0,0,0,0,0,0,0,0,0,0,0,0,0,0,0,0,0,0,0,0,0,0,0,0,0,0,0,0,0,0,0,0,0,0,0,0,0,0,0,0,0,0,0,0,0,0,0,0,0,0,0,0,0,0,0,0,0,0,0,0,0,0,0,0,0,0,0,0,0,0,0,0,0,0,0,0,0,0,0,0,0,0,0,0,0,0
"arusha/meru/mbuguni",0,0,0,0,0,0,0,0,0,0,0,0,0,0,0,0,0,0,0,0,0,0,0,0,0,0,0,0,0,0,0,0,0,0,0,0,0,0,0,0,0,0,0,0,0,0,0,0,0,0,0,0,0,0,0,0,0,0,0,0,0,0,0,0,0,0,0,0,0,0,0,0,0,0,0,0,0,0,0,0,0,0,0,0,0,0,0,0,0,0,0,0,0,0,0,0,0,0,0,0,0,0,0,0,0,0,0,0,0,0,0,0,0,0,0,0,0,0,0,0,0,0,0,0,0,0,0,0,0,0,0,0,0,0,0,0,0,0,0,0,0,0,0,0,0,0,0,0,0,0,0,0,0,0,0,0,0,0,0,0,0,0,0,0,0,0,0,0,0,0,0,0,0,0,0,0,0,0,0,0,0,0,0,0,0,0,0,0,0,0,0,0,0,0,0,0,0,0,0,0,0,0,0,0,0,0,0,0,0,0,0,0,0,0,0,0,0,0,0,0,0,0,0,0,0,0,0,0,0,0,0,0,0,0,0,0,0,0,0,0,0,0,0,0,0,0,0,0,0,0,0,0,0,0,0,0,0,0,0,0,0,0,0,0,0,0,0,0,0,0,0,0,0,0,0,0,0,0,0,0,0,0,0,0,0,0,0,0,0,0,0,0,0,0,0,0,0,0,0,0,0,0,0,0,0,0,0,0,0,0,0,0,0,0,0,0,0,0,0,0,0,0,0,0,0,0,0,0,0,0,0,0,0,0,0,0,0,0,0,0,0,0,0,0,0,0,0,0,0,0,0,0,0,0,0,0,0,0,0,0,0,0,0,0,0,0,0,0,0,0,0,0,0,0,0,0,0,0,0,0,0,0,0,0,0,0,0,0,0,0,0,0,0,0,0,0,0,0
"arusha/karatu/mbulumbulu",0.000109,0.000317,6e-06,0.000467,4e-06,0.000244,3e-06,5e-06,2e-06,0.000795,1.2e-05,1e-06,9.3e-05,0.001353,0.000255,1.7e-05,8e-06,2e-05,3e-06,1e-05,3e-06,6.7e-05,2e-06,5e-06,3e-06,2e-06,5e-06,2.5e-05,1e-06,4e-06,0.000324,3e-06,2e-06,3e-06,0.000257,7e-06,0.000141,0.000182,4.8e-05,0.000367,5e-06,1e-06,0.000145,0.000173,2.3e-05,3e-06,0.000263,0.036229,0.001972,6.9e-05,9e-06,4.2e-05,9.9e-05,5e-06,0.000105,1e-06,1e-05,7e-06,0.000111,0.011791,0.000524,0.010862,0.000988,1e-05,0,0.000864,0.000944,4e-06,0.001346,0.000588,0.000121,0,1.6e-05,0.000168,8e-06,0.001516,0.000318,1e-06,2e-06,2e-06,1e-06,1.1e-05,3e-06,2e-06,5e-06,8e-06,0.002365,3e-06,0.000107,0.000504,1e-06,3e-06,0.001543,0.000771,0.000156,0.00055,0.000165,2e-06,0.000753,0.000182,7e-06,1.3e-05,9.8e-05,0.000225,2.7e-05,0.001406,2.3e-05,0.000186,0.000127,0.020014,0.000114,0.000533,5.2e-05,5e-06,8e-06,5e-06,0.00085,2e-06,0.00098,0.000102,5.6e-05,0.001899,4e-06,1.6e-05,2e-06,3.9e-05,0.000117,0.005096,0.000352,6e-06,5e-06,0.000178,0.000329,4.2e-05,1e-06,0.000766,5e-05,0.000114,0.00522,0.000315,0.000196,2e-06,0.000303,2.9e-05,1.1e-05,0.000226,1e-05,0.000394,0.000342,0.000108,5e-06,3e-06,8e-06,4e-06,0.000172,0.012461,2.3e-05,0.000226,1.6e-05,0.014577,4.7e-05,0.00104,3e-06,1.1e-05,2e-06,1e-06,6.3e-05,0.000118,0.001492,2.4e-05,4e-05,0.012468,0.024343,8.5e-05,4.2e-05,0.000183,0.004295,1.6e-05,0.000301,6.7e-05,1e-06,7.4e-05,0.00028,4.5e-05,0.0022,0.037521,5e-06,8e-06,0.001073,0.000341,7.9e-05,4.2e-05,0.000312,6e-06,0.000787,6e-06,5e-06,5e-06,0.000339,0.00025,0.001868,4.5e-05,0.000162,6e-06,0.000446,5.9e-05,0.002614,0.00796,0.001773,7e-06,6e-06,1.5e-05,0.000844,3e-06,9e-06,4.2e-05,1e-05,0.003957,3.8e-05,0.000228,5e-06,8e-06,2e-06,9e-06,0.001376,3.3e-05,0.001986,1.4e-05,5.2e-05,1e-06,1e-06,9e-06,0.004438,0.003478,1.6e-05,0,8e-06,0.000274,0,5e-06,0.000139,0.038233,3e-06,0.004868,2e-06,5e-06,1.8e-05,0.00092,3e-06,0.000136,0.008052,0.021841,4.5e-05,0.001856,0.000282,8e-05,7e-06,2.3e-05,4e-06,3e-06,2e-06,0.000105,2e-05,2e-06,0.027765,0.000101,7e-06,0.004301,3e-06,0.000228,0.003539,0.000616,4e-06,3e-06,0.002338,1.2e-05,9.1e-05,0.00029,1e-05,0.003944,4.7e-05,0.000124,0.018378,2.2e-05,3e-06,7e-06,1e-06,1.6e-05,7e-06,8e-06,1.6e-05,0.000104,7e-06,0.004231,7.3e-05,0.000201,0.002451,4.3e-05,0.000118,0.002162,2e-06,1e-06,5e-06,4.3e-05,4e-06,0.00632,0.000161,1.8e-05,1.3e-05,7e-06,0.002608,0.001033,1e-05,4e-06,4.8e-05,5.3e-05,3.6e-05,0.00616,0.001472,0.002476,0.000216,0.003832,0.000205,0.001032,0.022627,0.000689,0.00099,6e-05,5.5e-05,0.000623,0.000826,0.000441,0.027005,0.001965,0.000242,4e-06,2.5e-05,0.000203,0.004442,1.3e-05,7.3e-05,4e-06,0.000219,5e-06,0.000392,5.8e-05,0.000304,0.001041,0.000311,0.000332,5e-06,0.000555,5.9e-05,0.009643,0.019366,0.002166,0.000453,2e-05,1e-05,7.5e-05,5e-06,2e-06,4e-06,1e-06,4.3e-05,0.006109,0.001757,0.004187,5e-06,0.000547,2.9e-05,1e-06,3e-06,1e-05,1.3e-05,0.000365,0.00018,1.4e-05,0.002793,5e-06,2e-06,5e-06,0.003004,3.2e-05,5e-06,0.000176,6e-06,0.000741,0.000131,4e-06,0.001815,5e-06,3e-06,6e-06,1e-06,1e-06,6e-06,5e-06
"kilimanjaro/rombo/mengwe",0,0,0,0,0,0,0,0,0,0,0,0,0,0,0,0,0,0,0,0,0,0,0,0,0,0,0,0,0,0,0,0,0,0,0,0,0,0,0,0,0,0,0,0,0,0,0,0,0,0,0,0,0,0,0,0,0,0,0,0,0,0,0,0,0,0,0,0,0,0,0,0,0,0,0,0,0,0,0,0,0,0,0,0,0,0,0,0,0,0,0,0,0,0,0,0,0,0,0,0,0,0,0,0,0,0,0,0,0,0,0,0,0,0,0,0,0,0,0,0,0,0,0,0,0,0,0,0,0,0,0,0,0,0,0,0,0,0,0,0,0,0,0,0,0,0,0,0,0,0,0,0,0,0,0,0,0,0,0,0,0,0,0,0,0,0,0,0,0,0,0,0,0,0,0,0,0,0,0,0,0,0,0,0,0,0,0,0,0,0,0,0,0,0,0,0,0,0,0,0,0,0,0,0,0,0,0,0,0,0,0,0,0,0,0,0,0,0,0,0,0,0,0,0,0,0,0,0,0,0,0,0,0,0,0,0,0,0,0,0,0,0,0,0,0,0,0,0,0,0,0,0,0,0,0,0,0,0,0,0,0,0,0,0,0,0,0,0,0,0,0,0,0,0,0,0,0,0,0,0,0,0,0,0,0,0,0,0,0,0,0,0,0,0,0,0,0,0,0,0,0,0,0,0,0,0,0,0,0,0,0,0,0,0,0,0,0,0,0,0,0,0,0,0,0,0,0,0,0,0,0,0,0,0,0,0,0,0,0,0,0,0,0,0,0,0,0,0,0,0,0,0,0,0,0,0,0,0,0,0,0,0,0,0,0,0,0,0,0,0,0,0,0,0,0,0,0,0,0,0,0,0,0,0,0,0,0,0,0,0,0,0,0,0,0,0,0,0
"manyara/simanjiro/mererani",6.6e-05,1e-06,3e-06,2e-06,0,0.000374,0,0,0,1.7e-05,0,0,3.3e-05,0.000569,2e-06,0,0,0,0,0,0,3.3e-05,0,6e-06,1e-06,2e-06,0,0,0,1e-06,0.000754,0,0,2e-06,0,0,4.2e-05,2e-06,0,4e-06,0,0,7e-06,2e-06,1e-06,0,2e-06,0.0084,0.000172,0,0,0,0,0,2e-06,0,0.000962,0,3.1e-05,3.8e-05,1e-05,1.5e-05,4.8e-05,1e-06,0,0.000375,3.9e-05,0,3e-06,1.7e-05,0,0,7e-06,1e-06,0,1.1e-05,2e-06,0,0,0,0,0,0,0,0,0,0.004209,0,1e-06,6.9e-05,0,0,0.00079,0.000189,1e-06,4e-06,0.000101,1e-06,0.000803,0.000145,0,0,1.7e-05,6.1e-05,2.8e-05,0.000307,0,2e-04,5.5e-05,1.5e-05,7.1e-05,0.000225,1e-06,2e-06,4e-06,2e-06,0.002688,0,0.00086,6.1e-05,2.7e-05,0.001152,2e-06,9e-06,1e-06,7e-06,7e-06,0.006168,0.000781,4e-06,3e-06,8.4e-05,0.000237,4.2e-05,1e-06,0.000274,1e-05,8.8e-05,0.000265,0.000303,0.000284,0,7e-05,2.5e-05,4e-06,0.000122,0,0.000318,0.000227,7.4e-05,2e-06,3e-06,3e-06,1e-06,3.9e-05,0.001047,5e-06,2e-06,2e-06,0.015034,2.9e-05,0.000234,3e-06,5e-06,0,0,6.1e-05,7.4e-05,0.000538,1.7e-05,2e-06,6.8e-05,0.00651,3.5e-05,2.1e-05,1.5e-05,0.000136,1e-06,0.000287,7e-06,0,1e-06,5.5e-05,5.5e-05,0.001526,0.073762,2e-06,5e-06,0.000973,0.000281,0.000122,1e-06,1e-06,0,1e-05,0,3e-06,0,0.000324,0,0.002053,5e-06,2.8e-05,5.8e-05,0.000207,4.6e-05,0.001626,4.3e-05,7e-06,4e-06,3e-06,0,0.000388,1e-06,0,8e-06,0,0.001372,2.1e-05,0.000131,0,2.3e-05,0,7e-06,0.001671,2.6e-05,0.001312,2.9e-05,0,0,0,0,7.3e-05,0.000615,1e-06,0,6e-06,0.001246,6e-06,2e-06,0,0.002847,3e-06,0.001739,1e-06,5e-06,1.8e-05,0.000692,0,2.4e-05,0.002156,0.000393,2e-06,0.000898,8.7e-05,1.6e-05,3e-06,1.5e-05,4e-06,1e-06,0,0.000141,0,0,1.8e-05,2e-06,0,0.000317,0,3e-06,0.000284,0.00048,2e-06,1e-06,0.001292,6e-06,1.7e-05,9.1e-05,0,2e-06,0.000242,0,0.001001,0,0,0,0,6e-06,0,5e-06,2e-06,2.8e-05,1e-06,0.005964,6.6e-05,7.3e-05,0.000504,1.1e-05,0.000107,4e-06,1e-06,1e-06,5e-06,2e-05,0,4.2e-05,7.3e-05,1.3e-05,6e-06,4e-06,0.000344,2e-06,1e-06,4e-06,3.5e-05,0,0,0.000659,0.000563,0.000682,8.6e-05,0.000422,0.000262,0.000183,0.002826,6e-06,8e-06,2.2e-05,1e-06,0.000113,0.000237,5.7e-05,0.001016,2.7e-05,4.5e-05,0,2.8e-05,2e-06,0.003143,1e-06,0,4e-06,0,0,0.000141,9e-06,3e-06,0.000188,0.000124,3e-06,0,0.000337,3.5e-05,0.002928,2.1e-05,5.6e-05,0.000814,1.2e-05,4e-06,8.7e-05,0,0,0,0,1e-06,0.00209,0.000382,0.001032,0,0.000258,3.1e-05,0,1e-06,1e-06,4e-06,0.000144,2.7e-05,5e-06,0.000237,0,1e-06,0,0.001051,1e-06,0,4.8e-05,4e-06,0.000619,9.2e-05,3e-06,0.002002,2e-06,1e-06,1e-06,0,0,0,0
"arusha/monduli/meserani",0.029422,0.001686,0.000642,0.003419,0.000231,0.038308,0.000123,0.000176,0.000179,0.058893,0.000892,8.3e-05,0.022795,0.310902,0.005968,0.000512,0.000138,0.000515,7e-05,0.00024,0.00028,0.005213,0.000168,0.000777,0.000265,0.000242,0.000355,0.000576,4.5e-05,0.000381,0.080953,0.000273,0.000157,0.00034,0.001277,0.000187,0.045554,0.005067,0.000652,0.007505,0.000182,4.5e-05,0.005495,0.003543,0.000899,0.000197,0.007073,0.98425,0.482454,0.000485,0.000158,0.000475,0.001055,0.000184,0.003309,8e-05,0.002657,0.000973,0.015371,0.071309,0.010073,0.039887,0.067519,0.000817,6e-06,0.263303,0.192255,0.00011,0.026711,0.039501,0.000607,1.9e-05,0.002166,0.005756,0.000215,0.015743,0.004026,6.5e-05,6.8e-05,9.5e-05,5.5e-05,0.000386,0.00014,0.000116,0.000298,0.000111,0.313114,0.000107,0.002042,0.02465,6.2e-05,5.8e-05,0.157342,0.144269,0.0027,0.017537,0.022623,0.000198,0.102159,0.023912,0.000274,0.00022,0.008741,0.066374,0.003898,0.116951,0.000448,0.026863,0.018719,0.055291,0.015593,0.055859,0.001503,0.001727,0.000865,0.000599,0.146853,0.000194,0.123111,0.012741,0.003744,0.203356,0.000522,0.001992,0.000203,0.003563,0.005061,0.389641,0.094881,0.00076,0.000615,0.011237,0.041657,0.005972,0.000145,0.199578,0.012755,0.014928,0.230892,0.043949,0.036306,0.000208,0.086158,0.004042,0.001077,0.027217,0.000282,0.050785,0.04184,0.013565,0.000577,0.000496,0.000836,0.000472,0.016107,0.936372,0.001151,0.003453,0.00175,0.775982,0.005788,0.165632,0.00037,0.001278,4.5e-05,8.3e-05,0.009298,0.019918,0.387687,0.003303,0.001673,0.434401,0.96574,0.012179,0.005457,0.017657,0.651933,0.00091,0.041624,0.005976,0.000124,0.001266,0.027658,0.006802,0.24397,0.900732,0.000555,0.001047,0.139033,0.04714,0.012555,0.00207,0.005315,0.00011,0.037063,0.000432,0.000604,0.000359,0.046396,0.000798,0.313502,0.005885,0.008731,0.001527,0.048234,0.009443,0.260035,0.377679,0.018012,0.000807,0.000716,0.001008,0.087705,0.000278,0.000157,0.003788,0.000242,0.307925,0.004518,0.026877,0.000107,0.001896,0.000135,0.001294,0.189557,0.004859,0.225416,0.002415,0.001196,8.3e-05,7.9e-05,0.000143,0.108782,0.750215,0.001286,6.4e-05,0.001004,0.040947,0.025132,5e-04,0.034997,0,0.00039,0.251723,0.00021,0.000754,0.002605,0.251754,0.000139,0.124906,0.801377,0.553711,0.01023,0.422943,0.028004,0.007773,0.000715,0.002931,0.000595,0.000273,0.000198,0.009361,0.002703,0.000232,0.083462,0.003371,0.000337,0.633013,0.000216,0.02164,0.464524,0.079722,0.000468,0.000289,0.229637,0.001426,0.008611,0.030397,0.000445,0.007108,0.010006,0.000659,0.560209,0.000891,0.000141,0.000281,5.8e-05,0.001669,0.000307,0.001202,0.001766,0.010941,0.000664,0.670211,0.010041,0.02382,0.16846,0.013727,0.019363,0.014522,0.000229,0.000159,0.000722,0.005412,0.000334,0.203855,0.041913,0.004184,0.003122,0.00093,0.383062,0.004244,0.000867,0.000571,0.006203,0.000395,0.000386,0.319192,0.139134,0.494304,0.125691,0.457726,0.034038,0.086236,0.846987,0.007164,0.009763,0.019189,0.001402,0.162737,0.191302,0.105332,0.508855,0.04264,0.017585,0.000185,0.003734,0.003214,0.597859,0.001648,0.000537,0.000614,0.000889,0.000182,0.047898,0.005615,0.005036,0.17648,0.036582,0.00626,0.000161,0.076788,0.014843,0.850002,0.100518,0.571187,0.064291,0.002539,0.001044,0.011164,0.000291,5.5e-05,0.000286,6.8e-05,0.000993,0.713558,0.270984,0.683744,0.000386,0.103014,0.00418,0.000106,0.000306,0.000416,0.001334,0.158189,0.045835,0.004682,0.108139,0.000169,0.000186,0.000205,0.250166,0.00147,0.000153,0.056281,0.000814,0.094845,0.016738,0.000556,0.345521,0.000528,0.000285,0.000541,0.000107,0.000105,0.000221,0.000143
"kilimanjaro/moshimunicipal/mfumuni",0,0,0,0,0,0,0,0,0,0,0,0,0,0,0,0,0,0,0,0,0,0,0,0,0,0,0,0,0,0,0,0,0,0,0,0,0,0,0,0,0,0,0,0,0,0,0,0,0,0,0,0,0,0,0,0,0,0,0,0,0,0,0,0,0,0,0,0,0,0,0,0,0,0,0,0,0,0,0,0,0,0,0,0,0,0,0,0,0,0,0,0,0,0,0,0,0,0,0,0,0,0,0,0,0,0,0,0,0,0,0,0,0,0,0,0,0,0,0,0,0,0,0,0,0,0,0,0,0,0,0,0,0,0,0,0,0,0,0,0,0,0,0,0,0,0,0,0,0,0,0,0,0,0,0,0,0,0,0,0,0,0,0,0,0,0,0,0,0,0,0,0,0,0,0,0,0,0,0,0,0,0,0,0,0,0,0,0,0,0,0,0,0,0,0,0,0,0,0,0,0,0,0,0,0,0,0,0,0,0,0,0,0,0,0,0,0,0,0,0,0,0,0,0,0,0,0,0,0,0,0,0,0,0,0,0,0,0,0,0,0,0,0,0,0,0,0,0,0,0,0,0,0,0,0,0,0,0,0,0,0,0,0,0,0,0,0,0,0,0,0,0,0,0,0,0,0,0,0,0,0,0,0,0,0,0,0,0,0,0,0,0,0,0,0,0,0,0,0,0,0,0,0,0,0,0,0,0,0,0,0,0,0,0,0,0,0,0,0,0,0,0,0,0,0,0,0,0,0,0,0,0,0,0,0,0,0,0,0,0,0,0,0,0,0,0,0,0,0,0,0,0,0,0,0,0,0,0,0,0,0,0,0,0,0,0,0,0,0,0,0,0,0,0,0,0,0,0,0,0,0,0,0,0,0,0,0,0,0,0,0,0,0,0,0,0,0,0
"kilimanjaro/mwanga/mgagao",0.001528,8e-05,0.001203,0.000688,1.3e-05,0.072202,5e-06,6e-06,1.2e-05,0.002869,4.7e-05,1e-05,0.000987,0.014802,0.00043,1.9e-05,1.8e-05,7.2e-05,1.3e-05,5e-05,0.000876,0.002293,1.2e-05,0.000923,0.0018,0.000273,2.1e-05,1.5e-05,1.4e-05,0.001982,0.006752,7.8e-05,0.001163,0.014665,9.8e-05,2.8e-05,0.001245,0.000632,4.7e-05,0.000918,1.3e-05,1e-05,0.004176,0.000441,0.000531,1.3e-05,2e-04,0.229481,0.015214,3.2e-05,1.3e-05,2.3e-05,2.5e-05,1.5e-05,0.000519,6e-06,0.000553,3.5e-05,0.022544,0.011045,0.002038,0.002467,0.003671,0.000264,1e-06,0.009268,0.002093,1e-05,0.000329,0.003604,1.8e-05,2e-06,0.000486,0.000185,5e-05,0.002296,0.000208,6e-06,8e-06,9e-06,4e-06,5.7e-05,1e-05,1.4e-05,2.5e-05,1e-05,0.159314,9e-06,0.000399,0.16968,5e-06,1.3e-05,0.404118,0.006824,1e-04,0.000728,0.007058,0.0029,0.264241,0.083595,1e-05,1.8e-05,0.035325,0.001893,0.004851,0.050396,1.6e-05,0.024798,0.002602,0.00293,0.005179,0.064761,0.000297,4.6e-05,0.001268,0.001176,0.058338,5.9e-05,0.151431,0.008924,0.004644,0.163832,0.009394,0.051803,0.006035,0.013314,0.004783,0.14452,0.008749,0.001106,0.001059,0.053966,0.201621,0.006046,0.012585,0.007608,0.000363,0.021507,0.03244,0.033535,0.007216,0.000882,0.002297,0.003225,0.001442,0.546855,2.5e-05,0.100582,0.062084,0.027438,0.000768,0.01176,0.00138,0.010348,0.129716,0.044853,0.002907,0.000322,0.001423,0.79399,0.046603,0.025514,0.000402,0.110058,1e-05,1.1e-05,0.069896,0.002689,0.014372,0.112782,0.001524,0.007257,0.176915,0.043642,0.001644,0.003717,0.014953,9e-05,0.039401,0.003477,0.000675,0.000144,0.088181,0.011443,0.139839,0.913626,0.000247,0.000574,0.086846,0.023257,0.011728,0.00012,0.000259,1.8e-05,0.002045,0.000149,0.001588,1.5e-05,0.05309,1.5e-05,0.042419,0.00123,0.091025,0.000307,0.074462,0.001955,0.582812,0.005044,0.001378,0.001468,0.0015,6e-05,0.214057,0.000571,9e-06,0.020019,8e-06,0.418284,0.007019,0.050377,1.7e-05,0.000247,9e-06,0.000504,0.087473,0.001696,0.10694,0.001803,5.6e-05,7e-06,6e-06,1.5e-05,0.011816,0.021119,0.000351,7.1e-05,0.001188,0.009488,0.001089,0.001086,0.008317,0.098497,0.000423,0,0.002691,0.000901,0.00317,0.013425,1.4e-05,0.00088,0.064829,0.036048,9.5e-05,0.021328,0.015999,0.04103,0.001097,0.037858,0.000765,0.003181,0.001748,0.038027,2e-05,0.001402,0.00293,0.000249,1.5e-05,0.014616,9e-06,0.000435,0.013442,0.549714,0.005636,0.00314,0.457286,0.002844,0.038752,0.028353,1.5e-05,0.000225,0.006968,2.7e-05,0.1234,3.7e-05,9.9e-05,2.8e-05,6e-06,0.001608,2.1e-05,0.000317,0.00061,0.002812,0.003092,0.079166,0.01337,0.00592,0.030802,0.000343,0.102346,0.000652,0.000587,0.006705,0.000838,0.305162,9.8e-05,0.006924,0.001922,0.000319,0.000158,0.000608,0.016541,0.000523,0.000209,0.000887,0.00798,1.4e-05,9e-05,0.046764,0.168939,0.026108,0.002987,0.019082,0.010078,0.022083,0.135329,0.001889,0.002426,0.000609,0.000218,0.004041,0.00739,0.002316,0.128352,0.005955,0.035597,0.000122,0.004332,0.000272,0.067702,9.4e-05,1.6e-05,0.000645,1.9e-05,2.2e-05,0.297462,0.010507,0.000522,0.007553,0.638297,0.000737,6e-06,0.018365,0.000849,0.082085,0.002831,0.003355,0.029726,0.049282,0.001893,0.011194,1.5e-05,1e-05,1.5e-05,7e-06,0.000144,0.058753,0.015335,0.031705,0.000126,0.007882,0.004292,0.001846,0.001769,0.000342,0.001127,0.003705,0.002412,0.000136,0.032022,8e-06,0.006603,1.2e-05,0.273242,0.000119,6e-06,0.001453,0.000736,0.087644,0.018149,0.000567,0.035424,0.000698,0.002832,0.003946,0.003677,0.000366,1.2e-05,1e-05
"kilimanjaro/same/mhezi",0,0,0,0,0,0,0,0,0,0,0,0,0,0,0,0,0,0,0,0,0,0,0,0,0,0,0,0,0,0,0,0,0,0,0,0,0,0,0,0,0,0,0,0,0,0,0,0,0,0,0,0,0,0,0,0,0,0,0,0,0,0,0,0,0,0,0,0,0,0,0,0,0,0,0,0,0,0,0,0,0,0,0,0,0,0,0,0,0,0,0,0,0,0,0,0,0,0,0,0,0,0,0,0,0,0,0,0,0,0,0,0,0,0,0,0,0,0,0,0,0,0,0,0,0,0,0,0,0,0,0,0,0,0,0,0,0,0,0,0,0,0,0,0,0,0,0,0,0,0,0,0,0,0,0,0,0,0,0,0,0,0,0,0,0,0,0,0,0,0,0,0,0,0,0,0,0,0,0,0,0,0,0,0,0,0,0,0,0,0,0,0,0,0,0,0,0,0,0,0,0,0,0,0,0,0,0,0,0,0,0,0,0,0,0,0,0,0,0,0,0,0,0,0,0,0,0,0,0,0,0,0,0,0,0,0,0,0,0,0,0,0,0,0,0,0,0,0,0,0,0,0,0,0,0,0,0,0,0,0,0,0,0,0,0,0,0,0,0,0,0,0,0,0,0,0,0,0,0,0,0,0,0,0,0,0,0,0,0,0,0,0,0,0,0,0,0,0,0,0,0,0,0,0,0,0,0,0,0,0,0,0,0,0,0,0,0,0,0,0,0,0,0,0,0,0,0,0,0,0,0,0,0,0,0,0,0,0,0,0,0,0,0,0,0,0,0,0,0,0,0,0,0,0,0,0,0,0,0,0,0,0,0,0,0,0,0,0,0,0,0,0,0,0,0,0,0,0,0,0,0,0,0,0,0,0,0,0,0,0,0,0,0,0,0,0,0,0
"kilimanjaro/moshimunicipal/miembeni",0,0,0,0,0,0,0,0,0,0,0,0,0,0,0,0,0,0,0,0,0,0,0,0,0,0,0,0,0,0,0,0,0,0,0,0,0,0,0,0,0,0,0,0,0,0,0,0,0,0,0,0,0,0,0,0,0,0,0,0,0,0,0,0,0,0,0,0,0,0,0,0,0,0,0,0,0,0,0,0,0,0,0,0,0,0,0,0,0,0,0,0,0,0,0,0,0,0,0,0,0,0,0,0,0,0,0,0,0,0,0,0,0,0,0,0,0,0,0,0,0,0,0,0,0,0,0,0,0,0,0,0,0,0,0,0,0,0,0,0,0,0,0,0,0,0,0,0,0,0,0,0,0,0,0,0,0,0,0,0,0,0,0,0,0,0,0,0,0,0,0,0,0,0,0,0,0,0,0,0,0,0,0,0,0,0,0,0,0,0,0,0,0,0,0,0,0,0,0,0,0,0,0,0,0,0,0,0,0,0,0,0,0,0,0,0,0,0,0,0,0,0,0,0,0,0,0,0,0,0,0,0,0,0,0,0,0,0,0,0,0,0,0,0,0,0,0,0,0,0,0,0,0,0,0,0,0,0,0,0,0,0,0,0,0,0,0,0,0,0,0,0,0,0,0,0,0,0,0,0,0,0,0,0,0,0,0,0,0,0,0,0,0,0,0,0,0,0,0,0,0,0,0,0,0,0,0,0,0,0,0,0,0,0,0,0,0,0,0,0,0,0,0,0,0,0,0,0,0,0,0,0,0,0,0,0,0,0,0,0,0,0,0,0,0,0,0,0,0,0,0,0,0,0,0,0,0,0,0,0,0,0,0,0,0,0,0,0,0,0,0,0,0,0,0,0,0,0,0,0,0,0,0,0,0,0,0,0,0,0,0,0,0,0,0,0,0,0
"kilimanjaro/moshimunicipal/mjimpya",0,0,0,0,0,0,0,0,0,0,0,0,0,0,0,0,0,0,0,0,0,0,0,0,0,0,0,0,0,0,0,0,0,0,0,0,0,0,0,0,0,0,0,0,0,0,0,0,0,0,0,0,0,0,0,0,0,0,0,0,0,0,0,0,0,0,0,0,0,0,0,0,0,0,0,0,0,0,0,0,0,0,0,0,0,0,0,0,0,0,0,0,0,0,0,0,0,0,0,0,0,0,0,0,0,0,0,0,0,0,0,0,0,0,0,0,0,0,0,0,0,0,0,0,0,0,0,0,0,0,0,0,0,0,0,0,0,0,0,0,0,0,0,0,0,0,0,0,0,0,0,0,0,0,0,0,0,0,0,0,0,0,0,0,0,0,0,0,0,0,0,0,0,0,0,0,0,0,0,0,0,0,0,0,0,0,0,0,0,0,0,0,0,0,0,0,0,0,0,0,0,0,0,0,0,0,0,0,0,0,0,0,0,0,0,0,0,0,0,0,0,0,0,0,0,0,0,0,0,0,0,0,0,0,0,0,0,0,0,0,0,0,0,0,0,0,0,0,0,0,0,0,0,0,0,0,0,0,0,0,0,0,0,0,0,0,0,0,0,0,0,0,0,0,0,0,0,0,0,0,0,0,0,0,0,0,0,0,0,0,0,0,0,0,0,0,0,0,0,0,0,0,0,0,0,0,0,0,0,0,0,0,0,0,0,0,0,0,0,0,0,0,0,0,0,0,0,0,0,0,0,0,0,0,0,0,0,0,0,0,0,0,0,0,0,0,0,0,0,0,0,0,0,0,0,0,0,0,0,0,0,0,0,0,0,0,0,0,0,0,0,0,0,0,0,0,0,0,0,0,0,0,0,0,0,0,0,0,0,0,0,0,0,0,0,0,0,0
"arusha/arusha/mlangarini",6.5e-05,0,0,0,0,9e-06,0,0,0,2e-06,0,0,1.9e-05,0.000623,0,0,0,0,0,0,0,3e-06,0,0,0,0,0,0,0,0,0.000136,0,0,0,0,0,3.5e-05,0,0,0,0,0,0,0,0,0,0,0.005202,1.6e-05,0,0,0,0,0,0,0,1e-06,0,1e-06,4e-06,1e-06,2e-06,8e-06,0,0,0.000545,1e-05,0,0,1e-06,0,0,1e-06,0,0,1e-06,0,0,0,0,0,0,0,0,0,0,0.000143,0,0,3e-06,0,0,3.2e-05,7.3e-05,0,0,7e-06,0,2.3e-05,5e-06,0,0,1e-06,4.3e-05,1e-06,2.3e-05,0,7e-06,7e-06,2e-06,5e-06,1.1e-05,0,1e-06,0,0,6.6e-05,0,3.2e-05,3e-06,1e-06,5.6e-05,0,0,0,0,0,0.000539,0.000151,0,0,3e-06,8e-06,2e-06,0,0.000257,5e-06,3e-06,3.2e-05,1.2e-05,1.9e-05,0,4.2e-05,1e-06,0,4e-06,0,1.1e-05,9e-06,3e-06,0,0,0,0,2e-06,0.000344,0,0,0,0.00053,1e-06,1.5e-05,0,0,0,0,2e-06,1e-05,0.000591,1e-06,0,1.2e-05,0.00459,1e-06,2e-06,1e-06,1.7e-05,0,1.1e-05,0,0,0,3e-06,2e-06,8e-05,0.00263,0,0,4.3e-05,1.4e-05,3e-06,0,0,0,1e-06,0,0,0,1.2e-05,0,0.000353,0,1e-06,1e-06,9e-06,4e-06,6.1e-05,7e-06,1e-06,0,0,0,1.6e-05,0,0,0,0,6.8e-05,1e-06,5e-06,0,2e-06,0,0,7.3e-05,2e-06,7.5e-05,1e-06,0,0,0,0,8e-06,0.000271,0,0,0,3.7e-05,1e-06,0,1.5e-05,0.000523,0,6e-05,0,0,1e-06,0,0,6e-06,0.001424,8.4e-05,0,0.00175,6e-06,1e-06,0,0,0,0,0,3e-06,0,0,2e-06,0,0,0.000101,0,0,8.8e-05,1.5e-05,0,0,5.2e-05,0,1e-06,4e-06,0,0,3e-06,0,0.000114,0,0,0,0,0,0,0,0,2e-06,0,0.003301,2e-06,6e-06,9.8e-05,7e-06,3e-06,0,0,0,0,1e-06,0,5e-06,5.8e-05,4e-06,3e-06,0,0.00018,0,0,0,1e-06,0,0,0.000142,2.8e-05,0.000195,1e-05,0.000132,1.4e-05,1.7e-05,0.001261,1e-06,1e-06,2.4e-05,0,5.6e-05,0.000147,2.3e-05,0.00014,3e-06,2e-06,0,1e-06,0,0.001737,0,0,0,0,0,5e-06,0,0,6.5e-05,5e-06,0,0,2.8e-05,2.2e-05,0.0023,3e-06,1.2e-05,1.7e-05,0,0,3e-06,0,0,0,0,0,0.001494,0.00033,0.000702,0,7.5e-05,1e-06,0,0,0,0,9.5e-05,2e-06,5e-06,2.8e-05,0,0,0,5.6e-05,0,0,3.5e-05,0,2.5e-05,4e-06,0,0.000759,0,0,0,0,0,0,0
"manyara/hanang/mogitu",0.000128,5.5e-05,1.6e-05,0.000296,0.000253,0.000666,3.1e-05,3.4e-05,0.000199,0.02329,0.000572,0.00181,9.5e-05,0.001451,0.002373,9.1e-05,0.00016,0.002313,0.000559,0.002702,1.8e-05,7.4e-05,0.000181,1.3e-05,1.4e-05,4e-06,0.000258,4e-05,8e-06,2.1e-05,0.000792,6.5e-05,8e-06,1e-05,0.000131,0.00158,0.00014,0.013009,0.000141,0.000376,0.00023,0.000776,0.001309,0.006044,0.000295,0.000313,6.1e-05,0.033137,0.006791,5.1e-05,6.1e-05,4.8e-05,3.9e-05,0.000268,0.02327,0.000554,2e-05,8e-05,0.000674,0.011454,0.000296,0.00079,0.000598,0.000167,0,0.000965,0.000467,0.000106,0.000325,0.005726,2.4e-05,0.001604,2.5e-05,0.000764,0.005403,0.000513,8.3e-05,0.002161,0.000277,0.000273,0.000225,0.001106,0.000247,0.000698,0.004569,3.9e-05,0.004677,0.000386,0.00613,0.002063,0.000536,0.000242,0.004704,0.000714,3.4e-05,0.004284,0.00028,6e-06,0.002169,0.000541,6.5e-05,4.3e-05,0.000542,0.000215,6.6e-05,0.00272,4.8e-05,0.000431,0.000164,0.002746,0.000198,0.001361,0.162033,5e-06,2.1e-05,1.5e-05,0.001671,3.7e-05,0.002422,0.000221,8.2e-05,0.004223,1.5e-05,5.8e-05,7e-06,0.000222,0.000908,0.005508,0.00053,1.6e-05,1.3e-05,0.000356,0.001036,9.8e-05,4e-06,0.000789,4.3e-05,0.00029,0.005052,0.000693,0.000312,1.2e-05,0.000276,6.5e-05,2.9e-05,0.000843,0.000186,0.001072,0.000885,0.000296,1.4e-05,1.3e-05,2.3e-05,1.9e-05,0.000839,0.008566,4.4e-05,5.9e-05,0.000129,0.034387,0.000156,0.002521,6e-06,4.2e-05,0.000622,0.000751,0.000207,0.000158,0.001575,9e-05,0.00032,0.002252,0.02317,0.000428,7e-05,0.001106,0.0056,1.3e-05,7e-04,0.000654,7e-06,7.6e-05,0.001672,0.000119,0.004377,0.121107,9e-06,1.7e-05,0.002227,0.000667,0.000185,0.002461,0.000504,0.000311,0.004399,8.3e-05,1.6e-05,0.00012,0.000822,1.4e-05,0.002571,0.000592,0.00063,1.2e-05,0.001207,9e-05,0.007787,0.002209,0.000894,1.9e-05,1.7e-05,9.4e-05,0.002541,7e-06,2.7e-05,0.00022,3e-05,0.011118,1e-04,0.000627,0.000346,1.2e-05,0.000357,1.7e-05,0.002639,5.9e-05,0.003729,3.2e-05,0.000268,0.000969,0.000273,9.1e-05,0.003306,0.003198,0.000334,1e-06,1.9e-05,0.000343,0.00057,1.3e-05,0.000285,0.05127,7e-06,0.01392,1e-05,1.3e-05,4.5e-05,0.00115,0,0.000149,0.007628,0.005956,2.2e-05,0.002087,0.000596,0.00044,1.8e-05,8e-05,1e-05,1.3e-05,1e-05,0.000216,1.9e-05,1.3e-05,0.002096,5.8e-05,0.000152,0.002693,5.7e-05,0.000954,0.002227,0.002078,1.3e-05,1.3e-05,0.006769,3.5e-05,0.000511,0.000978,7.8e-05,0.000173,0.00012,1.5e-05,0.019831,0.000281,3.4e-05,0.000156,0.001112,3.9e-05,0.000738,1.3e-05,0.000207,0.000161,3.9e-05,0.006055,0.000182,0.000308,0.001841,4e-05,0.000445,0.000868,6e-06,5e-06,1.2e-05,0.000189,6e-05,0.008154,0.000175,2.3e-05,1.4e-05,1.6e-05,0.001631,0.000351,0.00022,1e-05,0.000119,2.2e-05,2.5e-05,0.003724,0.003867,0.002308,0.000388,0.002714,0.000357,0.001577,0.013309,0.000673,0.000812,6.3e-05,0.000105,0.000526,0.000795,0.000331,0.014951,0.002535,0.001079,4.4e-05,6.2e-05,0.000111,0.00539,0.000244,2.4e-05,1e-05,2.2e-05,0.000297,0.001969,0.000391,0.00024,0.000878,0.001419,0.000329,3.4e-05,0.000859,6.9e-05,0.009495,0.001038,0.001023,0.000836,7e-05,2.7e-05,0.000178,0.000189,0.000387,0.00016,0.000262,7e-05,0.006175,0.001262,0.003957,8e-05,0.00062,6.8e-05,4e-06,1.7e-05,8.9e-05,3.1e-05,0.000424,0.000333,1.5e-05,0.002249,6.9e-05,7e-06,0.000191,0.007768,0.008235,2.9e-05,0.000169,1.5e-05,0.001709,0.000315,1e-05,0.00242,1.2e-05,1.4e-05,2.9e-05,4e-06,7e-06,0.000151,8.4e-05
"arusha/monduli/moita",0,0,0,0,0,0,0,0,0,0,0,0,0,0,0,0,0,0,0,0,0,0,0,0,0,0,0,0,0,0,0,0,0,0,0,0,0,0,0,0,0,0,0,0,0,0,0,0,0,0,0,0,0,0,0,0,0,0,0,0,0,0,0,0,0,0,0,0,0,0,0,0,0,0,0,0,0,0,0,0,0,0,0,0,0,0,0,0,0,0,0,0,0,0,0,0,0,0,0,0,0,0,0,0,0,0,0,0,0,0,0,0,0,0,0,0,0,0,0,0,0,0,0,0,0,0,0,0,0,0,0,0,0,0,0,0,0,0,0,0,0,0,0,0,0,0,0,0,0,0,0,0,0,0,0,0,0,0,0,0,0,0,0,0,0,0,0,0,0,0,0,0,0,0,0,0,0,0,0,0,0,0,0,0,0,0,0,0,0,0,0,0,0,0,0,0,0,0,0,0,0,0,0,0,0,0,0,0,0,0,0,0,0,0,0,0,0,0,0,0,0,0,0,0,0,0,0,0,0,0,0,0,0,0,0,0,0,0,0,0,0,0,0,0,0,0,0,0,0,0,0,0,0,0,0,0,0,0,0,0,0,0,0,0,0,0,0,0,0,0,0,0,0,0,0,0,0,0,0,0,0,0,0,0,0,0,0,0,0,0,0,0,0,0,0,0,0,0,0,0,0,0,0,0,0,0,0,0,0,0,0,0,0,0,0,0,0,0,0,0,0,0,0,0,0,0,0,0,0,0,0,0,0,0,0,0,0,0,0,0,0,0,0,0,0,0,0,0,0,0,0,0,0,0,0,0,0,0,0,0,0,0,0,0,0,0,0,0,0,0,0,0,0,0,0,0,0,0,0,0,0,0,0,0,0,0,0,0,0,0,0,0,0,0,0,0,0,0
"arusha/arusha/moivo",0,0,0,0,0,0,0,0,0,0,0,0,0,0,0,0,0,0,0,0,0,0,0,0,0,0,0,0,0,0,0,0,0,0,0,0,0,0,0,0,0,0,0,0,0,0,0,0,0,0,0,0,0,0,0,0,0,0,0,0,0,0,0,0,0,0,0,0,0,0,0,0,0,0,0,0,0,0,0,0,0,0,0,0,0,0,0,0,0,0,0,0,0,0,0,0,0,0,0,0,0,0,0,0,0,0,0,0,0,0,0,0,0,0,0,0,0,0,0,0,0,0,0,0,0,0,0,0,0,0,0,0,0,0,0,0,0,0,0,0,0,0,0,0,0,0,0,0,0,0,0,0,0,0,0,0,0,0,0,0,0,0,0,0,0,0,0,0,0,0,0,0,0,0,0,0,0,0,0,0,0,0,0,0,0,0,0,0,0,0,0,0,0,0,0,0,0,0,0,0,0,0,0,0,0,0,0,0,0,0,0,0,0,0,0,0,0,0,0,0,0,0,0,0,0,0,0,0,0,0,0,0,0,0,0,0,0,0,0,0,0,0,0,0,0,0,0,0,0,0,0,0,0,0,0,0,0,0,0,0,0,0,0,0,0,0,0,0,0,0,0,0,0,0,0,0,0,0,0,0,0,0,0,0,0,0,0,0,0,0,0,0,0,0,0,0,0,0,0,0,0,0,0,0,0,0,0,0,0,0,0,0,0,0,0,0,0,0,0,0,0,0,0,0,0,0,0,0,0,0,0,0,0,0,0,0,0,0,0,0,0,0,0,0,0,0,0,0,0,0,0,0,0,0,0,0,0,0,0,0,0,0,0,0,0,0,0,0,0,0,0,0,0,0,0,0,0,0,0,0,0,0,0,0,0,0,0,0,0,0,0,0,0,0,0,0,0,0
"arusha/monduli/mondulijuu",6.4e-05,5e-06,1e-06,1.9e-05,0,6.7e-05,0,0,0,4.4e-05,1e-06,0,6.6e-05,0.000851,8e-06,0,0,1e-06,0,1e-06,0,3.1e-05,0,2e-06,0,1e-06,0,1e-06,0,1e-06,0.000122,0,0,1e-06,4e-06,0,9.3e-05,9e-06,1e-06,2.7e-05,0,0,1.4e-05,7e-06,2e-06,0,0.000107,0.026763,0.000246,1e-06,0,1e-06,1e-06,0,6e-06,0,3e-06,1e-06,1.6e-05,0.000283,0.000132,0.000456,0.001028,1e-06,0,0.000472,0.001217,0,2.6e-05,4.5e-05,1e-06,0,8e-06,5e-06,0,0.000191,2.3e-05,0,0,0,0,1e-06,0,0,0,0,0.000866,0,5e-06,6.9e-05,0,0,0.00036,0.000658,2.4e-05,1.7e-05,6.9e-05,0,0.000194,4.5e-05,0,0,1.3e-05,0.00016,8e-06,0.000446,0,5.9e-05,7.1e-05,0.000169,4.6e-05,0.000144,3e-06,4e-06,2e-06,1e-06,0.000311,0,0.000288,3.3e-05,1.9e-05,0.000604,1e-06,3e-06,0,5e-06,1.2e-05,0.002354,0.000154,2e-06,1e-06,4.5e-05,7.7e-05,1.3e-05,0,0.000501,4.3e-05,3.2e-05,0.001817,0.000103,8.8e-05,0,0.000231,9e-06,3e-06,4.5e-05,0,0.000106,9.5e-05,2.8e-05,1e-06,1e-06,2e-06,1e-06,2.6e-05,0.009555,6e-06,7.8e-05,2e-06,0.004478,1e-05,0.000185,1e-06,2e-06,0,0,1.4e-05,6.4e-05,0.000878,5e-06,4e-06,0.001646,0.01729,1.4e-05,1.7e-05,2.1e-05,0.000497,7e-06,9.4e-05,7e-06,0,4e-06,3.8e-05,1.3e-05,0.000784,0.012589,2e-06,3e-06,0.000372,0.000125,2.5e-05,2e-06,9e-06,0,4.3e-05,1e-06,1e-06,0,0.000102,1e-06,0.000959,5e-06,2.4e-05,2e-06,0.000115,2.7e-05,0.000633,0.000521,5.5e-05,2e-06,2e-06,1e-06,0.000197,1e-06,0,6e-06,0,0.000948,1e-05,5.9e-05,0,3e-06,0,4e-06,0.000518,1.3e-05,0.000747,5e-06,1e-06,0,0,0,0.000644,0.001925,2e-06,0,2e-06,1e-04,0.000121,1e-06,4.6e-05,0.008104,1e-06,0.000905,0,2e-06,5e-06,0.000465,0,4.9e-05,0.005951,0,5.9e-05,0.001058,8.7e-05,1.1e-05,2e-06,5e-06,1e-06,0,0,2.7e-05,1e-06,0,0.000236,2.7e-05,0,0.00484,0,1.2e-05,0.005811,0.000137,1e-06,0,0.000575,3e-06,1.3e-05,4.9e-05,0,1.9e-05,1.3e-05,3e-06,0.005892,1e-06,0,0,0,4e-06,0,4e-06,2e-06,4.3e-05,1e-06,0.001851,2.1e-05,8.8e-05,0.001735,3.1e-05,2.4e-05,2.8e-05,0,0,2e-06,8e-06,0,0.000264,0.000103,1.1e-05,8e-06,2e-06,0.001757,2e-05,1e-06,1e-06,1.4e-05,1e-06,3e-06,0.005916,0.000382,0.000908,5.6e-05,0.005396,8.4e-05,0.000395,0.02134,4.1e-05,6e-05,3.8e-05,4e-06,0.000527,0.000617,0.000468,0.014073,0.00014,3.5e-05,0,8e-06,1.4e-05,0.002549,1e-06,1e-06,1e-06,1e-06,0,6.3e-05,7e-06,1.8e-05,0.001049,5.2e-05,2.1e-05,0,0.000254,3.5e-05,0.006653,0.000636,0.000787,0.000117,4e-06,2e-06,2.3e-05,0,0,0,0,3e-06,0.004276,0.00106,0.002822,0,0.000356,9e-06,0,0,1e-06,4e-06,0.000171,3.3e-05,9e-06,0.001337,0,0,0,0.00078,2e-06,0,0.00012,2e-06,0.000232,3.9e-05,1e-06,0.000933,1e-06,0,1e-06,0,0,0,0
"arusha/monduli/mondulimjini",0,0,0,0,0,0,0,0,0,0,0,0,0,0,0,0,0,0,0,0,0,0,0,0,0,0,0,0,0,0,0,0,0,0,0,0,0,0,0,0,0,0,0,0,0,0,0,0,0,0,0,0,0,0,0,0,0,0,0,0,0,0,0,0,0,0,0,0,0,0,0,0,0,0,0,0,0,0,0,0,0,0,0,0,0,0,0,0,0,0,0,0,0,0,0,0,0,0,0,0,0,0,0,0,0,0,0,0,0,0,0,0,0,0,0,0,0,0,0,0,0,0,0,0,0,0,0,0,0,0,0,0,0,0,0,0,0,0,0,0,0,0,0,0,0,0,0,0,0,0,0,0,0,0,0,0,0,0,0,0,0,0,0,0,0,0,0,0,0,0,0,0,0,0,0,0,0,0,0,0,0,0,0,0,0,0,0,0,0,0,0,0,0,0,0,0,0,0,0,0,0,0,0,0,0,0,0,0,0,0,0,0,0,0,0,0,0,0,0,0,0,0,0,0,0,0,0,0,0,0,0,0,0,0,0,0,0,0,0,0,0,0,0,0,0,0,0,0,0,0,0,0,0,0,0,0,0,0,0,0,0,0,0,0,0,0,0,0,0,0,0,0,0,0,0,0,0,0,0,0,0,0,0,0,0,0,0,0,0,0,0,0,0,0,0,0,0,0,0,0,0,0,0,0,0,0,0,0,0,0,0,0,0,0,0,0,0,0,0,0,0,0,0,0,0,0,0,0,0,0,0,0,0,0,0,0,0,0,0,0,0,0,0,0,0,0,0,0,0,0,0,0,0,0,0,0,0,0,0,0,0,0,0,0,0,0,0,0,0,0,0,0,0,0,0,0,0,0,0,0,0,0,0,0,0,0,0,0,0,0,0,0,0,0,0,0,0,0
"arusha/arushaurban/moshono",4.6e-05,0,0,0,0,5e-06,0,0,0,1e-06,0,0,1.9e-05,0.00112,0,0,0,0,0,0,0,2e-06,0,0,0,0,0,0,0,0,5.1e-05,0,0,0,0,0,5.8e-05,0,0,0,0,0,0,0,0,0,0,0.006533,1e-05,0,0,0,0,0,0,0,0,0,1e-06,3e-06,1e-06,2e-06,6e-06,0,0,0.000816,8e-06,0,0,1e-06,0,0,0,0,0,1e-06,0,0,0,0,0,0,0,0,0,0,7.4e-05,0,0,2e-06,0,0,1.8e-05,6.5e-05,0,0,4e-06,0,1.2e-05,3e-06,0,0,0,6.1e-05,1e-06,1.4e-05,0,4e-06,4e-06,1e-06,3e-06,6e-06,0,2e-06,0,0,3.2e-05,0,1.7e-05,2e-06,1e-06,3.1e-05,0,0,0,0,0,0.000262,5e-05,0,0,2e-06,4e-06,1e-06,0,0.000464,6e-06,2e-06,2.1e-05,7e-06,1e-05,0,5.2e-05,1e-06,0,2e-06,0,6e-06,5e-06,2e-06,0,0,0,0,1e-06,0.000296,0,0,0,0.000286,1e-06,8e-06,0,0,0,0,1e-06,6e-06,0.001096,0,0,9e-06,0.00643,1e-06,1e-06,1e-06,1.1e-05,0,6e-06,0,0,0,1e-06,1e-06,4.5e-05,0.001402,0,0,2.4e-05,8e-06,2e-06,0,0,0,1e-06,0,0,0,6e-06,0,0.000181,0,1e-06,0,5e-06,2e-06,3.3e-05,5e-06,1e-06,0,0,0,9e-06,0,0,0,0,3.9e-05,1e-06,3e-06,0,1e-06,0,0,3.9e-05,1e-06,4.3e-05,0,0,0,0,0,6e-06,0.000239,0,0,0,1.5e-05,1e-06,0,7e-06,0.000359,0,3.3e-05,0,0,0,0.000597,0,4e-06,0.001886,6.5e-05,0,0,3e-06,0,0,0,0,0,0,1e-06,0,0,2e-06,0,0,8.8e-05,0,0,7.7e-05,8e-06,0,0,2.9e-05,0,0,2e-06,0,0,1e-06,0,7.6e-05,0,0,0,0,0,0,0,0,2e-06,0,0.000838,1e-06,4e-06,6.8e-05,1e-05,2e-06,0,0,0,0,0,0,3e-06,6e-05,3e-06,3e-06,0,0.000189,0,0,0,1e-06,0,0,0.000107,1.6e-05,0.000112,6e-06,0.000116,7e-06,1.1e-05,0.001304,0,1e-06,5.8e-05,0,6.2e-05,0.000178,2.2e-05,9.7e-05,2e-06,1e-06,0,0,0,0.001013,0,0,0,0,0,3e-06,0,0,5.8e-05,3e-06,0,0,1.6e-05,1.5e-05,0.003552,2e-06,9e-06,8e-06,0,0,2e-06,0,0,0,0,0,0.001883,0.000475,0.000914,0,5.2e-05,1e-06,0,0,0,0,6.6e-05,1e-06,1e-05,1.8e-05,0,0,0,3.2e-05,0,0,5.1e-05,0,1.4e-05,2e-06,0,0.000327,0,0,0,0,0,0,0
"kilimanjaro/rombo/motamburukitendeni",1.4e-05,1e-06,1.7e-05,3e-06,0,0.000186,0,0,0,1e-05,0,0,1.1e-05,0.000136,2e-06,0,0,0,0,0,0,4.2e-05,0,8e-06,1e-06,3e-06,0,0,0,1e-06,5.4e-05,0,0,1e-06,0,0,1.1e-05,2e-06,0,7e-06,0,0,6e-06,1e-06,1e-06,0,2e-06,0.002468,4.7e-05,0,0,0,0,0,1e-06,0,2e-06,0,1.3e-05,4e-05,2.6e-05,1.5e-05,6.7e-05,1e-06,0,7.1e-05,1.8e-05,0,2e-06,8e-06,0,0,2e-05,1e-06,0,1.8e-05,2e-06,0,0,0,0,0,0,0,0,0,0.00207,0,1e-06,5.5e-05,0,0,0.002507,8.5e-05,1e-06,3e-06,0.000286,1e-06,0.000693,0.000204,0,0,1.7e-05,1.7e-05,4.1e-05,0.014874,0,0.000312,6.4e-05,1.1e-05,0.000222,0.003463,1e-06,0,3.2e-05,1.5e-05,0.000486,0,0.001953,0.000535,0.000136,0.009374,3e-06,9e-06,1e-06,6e-06,6e-06,0.00121,6.1e-05,2e-05,1.3e-05,0.000214,0.000317,7.5e-05,1e-06,6.9e-05,4e-06,0.000248,0.000885,0.000632,9.5e-05,0,2.1e-05,6.9e-05,5.1e-05,0.000125,0,0.000638,0.000905,0.000213,2.7e-05,1e-06,2.8e-05,1e-06,4.4e-05,0.000372,8.1e-05,3e-06,1e-06,0.024511,4e-05,4e-05,4e-06,5e-06,0,0,3.5e-05,5e-05,0.000116,1.2e-05,2e-06,3.5e-05,0.001827,1.4e-05,8.9e-05,5e-06,4.2e-05,2e-06,0.000596,5e-06,0,1e-06,4e-05,5.1e-05,0.006739,0.076348,3.1e-05,4.9e-05,0.002256,0.000724,8.4e-05,0,1e-06,0,5e-06,0,1.1e-05,0,0.000623,0,0.000492,2e-06,2e-05,2e-06,0.001658,4.2e-05,0.003844,2e-05,9e-06,2e-05,1.4e-05,0,0.001649,7e-06,0,8e-06,0,0.014666,0.000119,0.000575,0,2e-06,0,1.7e-05,0.001636,5.3e-05,0.005283,1.2e-05,0,0,0,0,0.000149,0.000153,1e-06,1e-06,2.2e-05,3.3e-05,5e-06,1.1e-05,3.4e-05,0.000881,5e-06,0.001306,0,9e-06,3.3e-05,0.000102,0,5e-06,0.000646,0.000288,1e-06,0.000176,0,1.4e-05,2.7e-05,1.6e-05,7e-06,1e-06,0,3.5e-05,0,0,1.2e-05,4e-06,0,0.000133,0,2e-06,0.000144,0.000392,3e-06,1e-06,0.004595,3.3e-05,1.6e-05,2e-05,0,1e-06,1.6e-05,0,0.003811,0,0,0,0,0.000175,0,1e-05,1e-06,0.000266,1e-06,0.00054,0.000135,0.000371,0.000421,3e-06,3.3e-05,4e-06,4e-06,1e-06,8e-06,1.3e-05,0,2.1e-05,1.9e-05,4e-06,2e-06,3.6e-05,9.5e-05,2e-06,0,6e-06,0.000126,0,1e-06,0.000613,0.008592,9.9e-05,1.1e-05,0.000232,0.000166,0.002112,0.0011,9e-06,1.2e-05,5e-06,1e-06,3.8e-05,7.5e-05,2.3e-05,0.0024,4.3e-05,1.8e-05,0,3.7e-05,2e-06,0.000713,0,0,9e-06,0,0,7.5e-05,7e-06,4e-06,9.6e-05,8.4e-05,5e-06,0,0.000569,9e-06,0.000796,1.5e-05,2.4e-05,4.6e-05,1.2e-05,3e-05,0.000112,0,0,0,0,1e-06,0.000607,8.7e-05,0.000274,0,0.000105,4.6e-05,0,1e-06,0,0.000223,2.4e-05,5e-06,1e-06,0.00099,0,1e-06,0,0.021467,0,0,1.3e-05,2.9e-05,0.001828,0.000409,1.7e-05,0.000334,2.3e-05,1e-06,1e-06,0,0,0,0
"kilimanjaro/same/mpinji",0,0,0,0,0,0,0,0,0,0,0,0,0,0,0,0,0,0,0,0,0,0,0,0,0,0,0,0,0,0,0,0,0,0,0,0,0,0,0,0,0,0,0,0,0,0,0,0,0,0,0,0,0,0,0,0,0,0,0,0,0,0,0,0,0,0,0,0,0,0,0,0,0,0,0,0,0,0,0,0,0,0,0,0,0,0,0,0,0,0,0,0,0,0,0,0,0,0,0,0,0,0,0,0,0,0,0,0,0,0,0,0,0,0,0,0,0,0,0,0,0,0,0,0,0,0,0,0,0,0,0,0,0,0,0,0,0,0,0,0,0,0,0,0,0,0,0,0,0,0,0,0,0,0,0,0,0,0,0,0,0,0,0,0,0,0,0,0,0,0,0,0,0,0,0,0,0,0,0,0,0,0,0,0,0,0,0,0,0,0,0,0,0,0,0,0,0,0,0,0,0,0,0,0,0,0,0,0,0,0,0,0,0,0,0,0,0,0,0,0,0,0,0,0,0,0,0,0,0,0,0,0,0,0,0,0,0,0,0,0,0,0,0,0,0,0,0,0,0,0,0,0,0,0,0,0,0,0,0,0,0,0,0,0,0,0,0,0,0,0,0,0,0,0,0,0,0,0,0,0,0,0,0,0,0,0,0,0,0,0,0,0,0,0,0,0,0,0,0,0,0,0,0,0,0,0,0,0,0,0,0,0,0,0,0,0,0,0,0,0,0,0,0,0,0,0,0,0,0,0,0,0,0,0,0,0,0,0,0,0,0,0,0,0,0,0,0,0,0,0,0,0,0,0,0,0,0,0,0,0,0,0,0,0,0,0,0,0,0,0,0,0,0,0,0,0,0,0,0,0,0,0,0,0,0,0,0,0,0,0,0,0,0,0,0,0,0,0
"kilimanjaro/rombo/mraokeryo",0,0,0,0,0,0,0,0,0,0,0,0,0,0,0,0,0,0,0,0,0,0,0,0,0,0,0,0,0,0,0,0,0,0,0,0,0,0,0,0,0,0,0,0,0,0,0,0,0,0,0,0,0,0,0,0,0,0,0,0,0,0,0,0,0,0,0,0,0,0,0,0,0,0,0,0,0,0,0,0,0,0,0,0,0,0,0,0,0,0,0,0,0,0,0,0,0,0,0,0,0,0,0,0,0,0,0,0,0,0,0,0,0,0,0,0,0,0,0,0,0,0,0,0,0,0,0,0,0,0,0,0,0,0,0,0,0,0,0,0,0,0,0,0,0,0,0,0,0,0,0,0,0,0,0,0,0,0,0,0,0,0,0,0,0,0,0,0,0,0,0,0,0,0,0,0,0,0,0,0,0,0,0,0,0,0,0,0,0,0,0,0,0,0,0,0,0,0,0,0,0,0,0,0,0,0,0,0,0,0,0,0,0,0,0,0,0,0,0,0,0,0,0,0,0,0,0,0,0,0,0,0,0,0,0,0,0,0,0,0,0,0,0,0,0,0,0,0,0,0,0,0,0,0,0,0,0,0,0,0,0,0,0,0,0,0,0,0,0,0,0,0,0,0,0,0,0,0,0,0,0,0,0,0,0,0,0,0,0,0,0,0,0,0,0,0,0,0,0,0,0,0,0,0,0,0,0,0,0,0,0,0,0,0,0,0,0,0,0,0,0,0,0,0,0,0,0,0,0,0,0,0,0,0,0,0,0,0,0,0,0,0,0,0,0,0,0,0,0,0,0,0,0,0,0,0,0,0,0,0,0,0,0,0,0,0,0,0,0,0,0,0,0,0,0,0,0,0,0,0,0,0,0,0,0,0,0,0,0,0,0,0,0,0,0,0,0,0
"kilimanjaro/mwanga/msangeni",0,0,0,0,0,0,0,0,0,0,0,0,0,0,0,0,0,0,0,0,0,0,0,0,0,0,0,0,0,0,0,0,0,0,0,0,0,0,0,0,0,0,0,0,0,0,0,0,0,0,0,0,0,0,0,0,0,0,0,0,0,0,0,0,0,0,0,0,0,0,0,0,0,0,0,0,0,0,0,0,0,0,0,0,0,0,0,0,0,0,0,0,0,0,0,0,0,0,0,0,0,0,0,0,0,0,0,0,0,0,0,0,0,0,0,0,0,0,0,0,0,0,0,0,0,0,0,0,0,0,0,0,0,0,0,0,0,0,0,0,0,0,0,0,0,0,0,0,0,0,0,0,0,0,0,0,0,0,0,0,0,0,0,0,0,0,0,0,0,0,0,0,0,0,0,0,0,0,0,0,0,0,0,0,0,0,0,0,0,0,0,0,0,0,0,0,0,0,0,0,0,0,0,0,0,0,0,0,0,0,0,0,0,0,0,0,0,0,0,0,0,0,0,0,0,0,0,0,0,0,0,0,0,0,0,0,0,0,0,0,0,0,0,0,0,0,0,0,0,0,0,0,0,0,0,0,0,0,0,0,0,0,0,0,0,0,0,0,0,0,0,0,0,0,0,0,0,0,0,0,0,0,0,0,0,0,0,0,0,0,0,0,0,0,0,0,0,0,0,0,0,0,0,0,0,0,0,0,0,0,0,0,0,0,0,0,0,0,0,0,0,0,0,0,0,0,0,0,0,0,0,0,0,0,0,0,0,0,0,0,0,0,0,0,0,0,0,0,0,0,0,0,0,0,0,0,0,0,0,0,0,0,0,0,0,0,0,0,0,0,0,0,0,0,0,0,0,0,0,0,0,0,0,0,0,0,0,0,0,0,0,0,0,0,0,0,0,0
"kilimanjaro/moshimunicipal/msaranga",0,0,0,0,0,0,0,0,0,0,0,0,0,0,0,0,0,0,0,0,0,0,0,0,0,0,0,0,0,0,0,0,0,0,0,0,0,0,0,0,0,0,0,0,0,0,0,0,0,0,0,0,0,0,0,0,0,0,0,0,0,0,0,0,0,0,0,0,0,0,0,0,0,0,0,0,0,0,0,0,0,0,0,0,0,0,0,0,0,0,0,0,0,0,0,0,0,0,0,0,0,0,0,0,0,0,0,0,0,0,0,0,0,0,0,0,0,0,0,0,0,0,0,0,0,0,0,0,0,0,0,0,0,0,0,0,0,0,0,0,0,0,0,0,0,0,0,0,0,0,0,0,0,0,0,0,0,0,0,0,0,0,0,0,0,0,0,0,0,0,0,0,0,0,0,0,0,0,0,0,0,0,0,0,0,0,0,0,0,0,0,0,0,0,0,0,0,0,0,0,0,0,0,0,0,0,0,0,0,0,0,0,0,0,0,0,0,0,0,0,0,0,0,0,0,0,0,0,0,0,0,0,0,0,0,0,0,0,0,0,0,0,0,0,0,0,0,0,0,0,0,0,0,0,0,0,0,0,0,0,0,0,0,0,0,0,0,0,0,0,0,0,0,0,0,0,0,0,0,0,0,0,0,0,0,0,0,0,0,0,0,0,0,0,0,0,0,0,0,0,0,0,0,0,0,0,0,0,0,0,0,0,0,0,0,0,0,0,0,0,0,0,0,0,0,0,0,0,0,0,0,0,0,0,0,0,0,0,0,0,0,0,0,0,0,0,0,0,0,0,0,0,0,0,0,0,0,0,0,0,0,0,0,0,0,0,0,0,0,0,0,0,0,0,0,0,0,0,0,0,0,0,0,0,0,0,0,0,0,0,0,0,0,0,0,0,0,0
"kilimanjaro/same/mshewa",0,0,0,0,0,0,0,0,0,0,0,0,0,0,0,0,0,0,0,0,0,0,0,0,0,0,0,0,0,0,0,0,0,0,0,0,0,0,0,0,0,0,0,0,0,0,0,0,0,0,0,0,0,0,0,0,0,0,0,0,0,0,0,0,0,0,0,0,0,0,0,0,0,0,0,0,0,0,0,0,0,0,0,0,0,0,0,0,0,0,0,0,0,0,0,0,0,0,0,0,0,0,0,0,0,0,0,0,0,0,0,0,0,0,0,0,0,0,0,0,0,0,0,0,0,0,0,0,0,0,0,0,0,0,0,0,0,0,0,0,0,0,0,0,0,0,0,0,0,0,0,0,0,0,0,0,0,0,0,0,0,0,0,0,0,0,0,0,0,0,0,0,0,0,0,0,0,0,0,0,0,0,0,0,0,0,0,0,0,0,0,0,0,0,0,0,0,0,0,0,0,0,0,0,0,0,0,0,0,0,0,0,0,0,0,0,0,0,0,0,0,0,0,0,0,0,0,0,0,0,0,0,0,0,0,0,0,0,0,0,0,0,0,0,0,0,0,0,0,0,0,0,0,0,0,0,0,0,0,0,0,0,0,0,0,0,0,0,0,0,0,0,0,0,0,0,0,0,0,0,0,0,0,0,0,0,0,0,0,0,0,0,0,0,0,0,0,0,0,0,0,0,0,0,0,0,0,0,0,0,0,0,0,0,0,0,0,0,0,0,0,0,0,0,0,0,0,0,0,0,0,0,0,0,0,0,0,0,0,0,0,0,0,0,0,0,0,0,0,0,0,0,0,0,0,0,0,0,0,0,0,0,0,0,0,0,0,0,0,0,0,0,0,0,0,0,0,0,0,0,0,0,0,0,0,0,0,0,0,0,0,0,0,0,0,0,0,0
"kilimanjaro/same/msindo",0,0,0,0,0,0,0,0,0,0,0,0,0,0,0,0,0,0,0,0,0,0,0,0,0,0,0,0,0,0,0,0,0,0,0,0,0,0,0,0,0,0,0,0,0,0,0,0,0,0,0,0,0,0,0,0,0,0,0,0,0,0,0,0,0,0,0,0,0,0,0,0,0,0,0,0,0,0,0,0,0,0,0,0,0,0,0,0,0,0,0,0,0,0,0,0,0,0,0,0,0,0,0,0,0,0,0,0,0,0,0,0,0,0,0,0,0,0,0,0,0,0,0,0,0,0,0,0,0,0,0,0,0,0,0,0,0,0,0,0,0,0,0,0,0,0,0,0,0,0,0,0,0,0,0,0,0,0,0,0,0,0,0,0,0,0,0,0,0,0,0,0,0,0,0,0,0,0,0,0,0,0,0,0,0,0,0,0,0,0,0,0,0,0,0,0,0,0,0,0,0,0,0,0,0,0,0,0,0,0,0,0,0,0,0,0,0,0,0,0,0,0,0,0,0,0,0,0,0,0,0,0,0,0,0,0,0,0,0,0,0,0,0,0,0,0,0,0,0,0,0,0,0,0,0,0,0,0,0,0,0,0,0,0,0,0,0,0,0,0,0,0,0,0,0,0,0,0,0,0,0,0,0,0,0,0,0,0,0,0,0,0,0,0,0,0,0,0,0,0,0,0,0,0,0,0,0,0,0,0,0,0,0,0,0,0,0,0,0,0,0,0,0,0,0,0,0,0,0,0,0,0,0,0,0,0,0,0,0,0,0,0,0,0,0,0,0,0,0,0,0,0,0,0,0,0,0,0,0,0,0,0,0,0,0,0,0,0,0,0,0,0,0,0,0,0,0,0,0,0,0,0,0,0,0,0,0,0,0,0,0,0,0,0,0,0,0,0
"manyara/simanjiro/msituwatembo",0,0,0,0,0,0,0,0,0,0,0,0,0,0,0,0,0,0,0,0,0,0,0,0,0,0,0,0,0,0,0,0,0,0,0,0,0,0,0,0,0,0,0,0,0,0,0,0,0,0,0,0,0,0,0,0,0,0,0,0,0,0,0,0,0,0,0,0,0,0,0,0,0,0,0,0,0,0,0,0,0,0,0,0,0,0,0,0,0,0,0,0,0,0,0,0,0,0,0,0,0,0,0,0,0,0,0,0,0,0,0,0,0,0,0,0,0,0,0,0,0,0,0,0,0,0,0,0,0,0,0,0,0,0,0,0,0,0,0,0,0,0,0,0,0,0,0,0,0,0,0,0,0,0,0,0,0,0,0,0,0,0,0,0,0,0,0,0,0,0,0,0,0,0,0,0,0,0,0,0,0,0,0,0,0,0,0,0,0,0,0,0,0,0,0,0,0,0,0,0,0,0,0,0,0,0,0,0,0,0,0,0,0,0,0,0,0,0,0,0,0,0,0,0,0,0,0,0,0,0,0,0,0,0,0,0,0,0,0,0,0,0,0,0,0,0,0,0,0,0,0,0,0,0,0,0,0,0,0,0,0,0,0,0,0,0,0,0,0,0,0,0,0,0,0,0,0,0,0,0,0,0,0,0,0,0,0,0,0,0,0,0,0,0,0,0,0,0,0,0,0,0,0,0,0,0,0,0,0,0,0,0,0,0,0,0,0,0,0,0,0,0,0,0,0,0,0,0,0,0,0,0,0,0,0,0,0,0,0,0,0,0,0,0,0,0,0,0,0,0,0,0,0,0,0,0,0,0,0,0,0,0,0,0,0,0,0,0,0,0,0,0,0,0,0,0,0,0,0,0,0,0,0,0,0,0,0,0,0,0,0,0,0,0,0,0,0,0
"arusha/monduli/mswakini",0,0,0,0,0,0,0,0,0,0,0,0,0,0,0,0,0,0,0,0,0,0,0,0,0,0,0,0,0,0,0,0,0,0,0,0,0,0,0,0,0,0,0,0,0,0,0,0,0,0,0,0,0,0,0,0,0,0,0,0,0,0,0,0,0,0,0,0,0,0,0,0,0,0,0,0,0,0,0,0,0,0,0,0,0,0,0,0,0,0,0,0,0,0,0,0,0,0,0,0,0,0,0,0,0,0,0,0,0,0,0,0,0,0,0,0,0,0,0,0,0,0,0,0,0,0,0,0,0,0,0,0,0,0,0,0,0,0,0,0,0,0,0,0,0,0,0,0,0,0,0,0,0,0,0,0,0,0,0,0,0,0,0,0,0,0,0,0,0,0,0,0,0,0,0,0,0,0,0,0,0,0,0,0,0,0,0,0,0,0,0,0,0,0,0,0,0,0,0,0,0,0,0,0,0,0,0,0,0,0,0,0,0,0,0,0,0,0,0,0,0,0,0,0,0,0,0,0,0,0,0,0,0,0,0,0,0,0,0,0,0,0,0,0,0,0,0,0,0,0,0,0,0,0,0,0,0,0,0,0,0,0,0,0,0,0,0,0,0,0,0,0,0,0,0,0,0,0,0,0,0,0,0,0,0,0,0,0,0,0,0,0,0,0,0,0,0,0,0,0,0,0,0,0,0,0,0,0,0,0,0,0,0,0,0,0,0,0,0,0,0,0,0,0,0,0,0,0,0,0,0,0,0,0,0,0,0,0,0,0,0,0,0,0,0,0,0,0,0,0,0,0,0,0,0,0,0,0,0,0,0,0,0,0,0,0,0,0,0,0,0,0,0,0,0,0,0,0,0,0,0,0,0,0,0,0,0,0,0,0,0,0,0,0,0,0,0,0
"kilimanjaro/same/mtii",0,0,0,0,0,0,0,0,0,0,0,0,0,0,0,0,0,0,0,0,0,0,0,0,0,0,0,0,0,0,0,0,0,0,0,0,0,0,0,0,0,0,0,0,0,0,0,0,0,0,0,0,0,0,0,0,0,0,0,0,0,0,0,0,0,0,0,0,0,0,0,0,0,0,0,0,0,0,0,0,0,0,0,0,0,0,0,0,0,0,0,0,0,0,0,0,0,0,0,0,0,0,0,0,0,0,0,0,0,0,0,0,0,0,0,0,0,0,0,0,0,0,0,0,0,0,0,0,0,0,0,0,0,0,0,0,0,0,0,0,0,0,0,0,0,0,0,0,0,0,0,0,0,0,0,0,0,0,0,0,0,0,0,0,0,0,0,0,0,0,0,0,0,0,0,0,0,0,0,0,0,0,0,0,0,0,0,0,0,0,0,0,0,0,0,0,0,0,0,0,0,0,0,0,0,0,0,0,0,0,0,0,0,0,0,0,0,0,0,0,0,0,0,0,0,0,0,0,0,0,0,0,0,0,0,0,0,0,0,0,0,0,0,0,0,0,0,0,0,0,0,0,0,0,0,0,0,0,0,0,0,0,0,0,0,0,0,0,0,0,0,0,0,0,0,0,0,0,0,0,0,0,0,0,0,0,0,0,0,0,0,0,0,0,0,0,0,0,0,0,0,0,0,0,0,0,0,0,0,0,0,0,0,0,0,0,0,0,0,0,0,0,0,0,0,0,0,0,0,0,0,0,0,0,0,0,0,0,0,0,0,0,0,0,0,0,0,0,0,0,0,0,0,0,0,0,0,0,0,0,0,0,0,0,0,0,0,0,0,0,0,0,0,0,0,0,0,0,0,0,0,0,0,0,0,0,0,0,0,0,0,0,0,0,0,0,0,0
"arusha/monduli/mtowambu",0.001986,0.002548,0.000103,0.005691,0.000124,0.004557,0.000119,0.000184,7.1e-05,0.024779,0.000388,3.7e-05,0.00164,0.024291,0.006451,0.000616,0.000235,0.000595,8.3e-05,0.000267,6e-05,0.001148,6.2e-05,9.6e-05,5.3e-05,3e-05,0.000137,0.001149,1.1e-05,7.6e-05,0.006485,7.3e-05,3e-05,5.1e-05,0.006883,0.000197,0.002593,0.005439,0.001751,0.00443,0.000141,3.7e-05,0.002989,0.005132,0.00049,8.7e-05,0.002692,0.446042,0.052597,0.002583,0.000307,0.000959,0.006305,0.000141,0.002962,3.8e-05,0.000195,0.000223,0.002333,0.176982,0.006452,0.068646,0.013235,0.000219,3e-06,0.016237,0.015951,9e-05,0.120284,0.017345,0.002979,9e-06,0.00027,0.00653,0.000206,0.015754,0.002791,3.4e-05,3.9e-05,6.2e-05,2.3e-05,0.000311,9.9e-05,4.6e-05,0.00015,0.000253,0.041431,6.9e-05,0.002712,0.009849,2.7e-05,6.8e-05,0.027392,0.012982,0.001412,0.018739,0.002803,3.1e-05,0.013871,0.00334,0.000245,0.000264,0.001884,0.004068,0.000486,0.022406,0.000864,0.003335,0.00211,0.504398,0.001942,0.009228,0.00138,9.8e-05,0.000136,9.6e-05,0.015457,4.8e-05,0.017392,0.001766,0.000968,0.032308,8e-05,0.000301,3.3e-05,0.000755,0.002434,0.086568,0.006658,0.00011,8.9e-05,0.003209,0.006072,0.000747,2.2e-05,0.013827,0.000866,0.002035,0.066752,0.005566,0.003477,4.2e-05,0.005428,0.000513,0.000185,0.00426,0.000325,0.007114,0.006069,0.001942,9.3e-05,6.6e-05,0.000144,8e-05,0.003275,0.199446,0.000397,0.002451,0.000333,0.221685,0.000868,0.024494,4.5e-05,0.000202,4.7e-05,3.6e-05,0.001196,0.002015,0.027497,0.000469,0.000838,0.217294,0.336745,0.001738,0.000702,0.004618,0.117272,0.00021,0.005364,0.001382,2.5e-05,0.000909,0.005532,0.000836,0.037102,0.453588,7.8e-05,0.000144,0.01865,0.005915,0.001438,0.001294,0.014215,0.000155,0.027066,0.000118,9.5e-05,0.000169,0.006067,0.022295,0.032675,0.001057,0.0032,0.00012,0.007833,0.00101,0.046075,0.226577,0.019076,0.000123,0.000108,0.000478,0.015,4.5e-05,0.000245,0.000799,0.000373,0.066177,0.000671,0.004071,0.000148,0.000143,6.8e-05,0.000156,0.023971,0.000575,0.033335,0.000259,0.001615,3.8e-05,3.7e-05,0.00028,0.049748,0.064884,0.000349,8e-06,0.000137,0.005368,0.176165,8.1e-05,0.002705,0.554636,4.9e-05,0.088001,3.9e-05,9.5e-05,0.000332,0.017222,6.7e-05,0.002901,0.131429,0.251097,0.000769,0.033864,0.004685,0.001561,0.000118,0.000433,7.6e-05,5.1e-05,3.8e-05,0.00202,0.000848,4.7e-05,0,0.001172,0.000247,0.071688,8.7e-05,0.00862,0.05611,0.011551,7.2e-05,5.1e-05,0.040913,0.000222,0.001777,0.006378,0.000389,0.018493,0.000915,0.000816,0.213327,0.00075,7.1e-05,0.000209,2.6e-05,0.000274,0.000193,0.000141,0.000364,0.001661,0.000138,0.07749,0.00131,0.003276,0.039028,0.000784,0.002346,0.034941,3.8e-05,2.3e-05,9e-05,0.000844,8e-05,0.237309,0.002887,0.000328,0.000224,0.000127,0.047206,0.012758,0.00022,7.3e-05,0.000852,0.00131,0.000433,0.090299,0.025182,0.050097,0.004851,0.059819,0.003608,0.015873,0.307268,0.008995,0.012322,0.001108,0.000781,0.011005,0.014514,0.007578,0.288374,0.024748,0.005145,9e-05,0.000459,0.002137,0.075933,0.000373,0.002542,7.8e-05,0.013082,0.000165,0.007786,0.00117,0.003481,0.017135,0.006046,0.003987,0.000162,0.00934,0.001059,0.156138,0.181362,0.042605,0.009447,0.000374,0.00017,0.001358,0.000142,4.4e-05,0.000114,2.6e-05,0.000584,0.101593,0.032312,0.073507,0.000106,0.009383,0.000514,1.7e-05,6e-05,0.000217,0.000222,0.0072,0.00444,0.00026,0.040107,0.000153,3.2e-05,0.000147,0.050154,0.000879,0.000169,0.003215,0.000113,0.013034,0.00231,7.7e-05,0.032488,8.3e-05,5.3e-05,0.000107,1.8e-05,2.2e-05,0.000178,0.000139
"arusha/longido/mundarara",5e-06,2e-06,0,8e-06,0,1.3e-05,0,0,0,8e-06,0,0,5e-06,5.9e-05,2e-06,0,0,0,0,0,0,4e-06,0,0,0,0,0,0,0,0,1.7e-05,0,0,0,1e-06,0,6e-06,1e-06,0,2.7e-05,0,0,3e-06,1e-06,0,0,1.3e-05,0.00145,2.7e-05,0,0,0,0,0,1e-06,0,0,0,3e-06,6.3e-05,0.000578,8.3e-05,0.000192,0,0,3.2e-05,2.4e-05,0,3e-06,5e-06,0,0,2e-06,1e-06,0,0.000366,2e-05,0,0,0,0,0,0,0,0,0,0.00015,0,1e-06,1.3e-05,0,0,9.5e-05,4.4e-05,1e-05,3e-06,1.4e-05,0,4.1e-05,1e-05,0,0,4e-06,9e-06,2e-06,0.000181,0,1.2e-05,1.1e-05,2.1e-05,1e-05,4.2e-05,1e-06,0,1e-06,0,4.8e-05,0,6.5e-05,8e-06,3e-06,0.000151,0,1e-06,0,1e-06,2e-06,0.000208,1.5e-05,0,0,8e-06,1.8e-05,3e-06,0,3.3e-05,2e-06,8e-06,0.003165,2.2e-05,1.2e-05,0,1.2e-05,2e-06,1e-06,1.1e-05,0,2.4e-05,2.3e-05,7e-06,0,0,1e-06,0,7e-06,0.000335,1e-06,6.1e-05,0,0.000961,2e-06,1.6e-05,0,0,0,0,3e-06,9e-06,5.6e-05,1e-06,1e-06,6e-05,0.000998,3e-06,4e-06,2e-06,3.2e-05,8e-06,2e-05,2e-06,0,3e-06,1e-05,3e-06,0.000179,0.003889,0,1e-06,7.9e-05,2.6e-05,5e-06,0,1e-06,0,4e-06,0,0,0,2.2e-05,0,0.000108,1e-06,4e-06,0,3.2e-05,5e-06,0.000157,2.8e-05,2.9e-05,0,0,0,5.4e-05,0,0,2e-06,0,0.000295,3e-06,1.5e-05,0,0,0,1e-06,9.6e-05,3e-06,0.000167,1e-06,0,0,0,0,0.002095,9.9e-05,0,0,1e-06,8e-06,1.4e-05,0,6e-06,0.000777,0,0.00015,0,0,1e-06,3.7e-05,0,3e-06,0.000348,0.000668,1e-06,7.5e-05,2.9e-05,3e-06,0,1e-06,0,0,0,3e-06,0,0,2.2e-05,0,0,0.000134,0,2e-06,0.00015,3e-05,0,0,0.00015,1e-06,3e-06,6e-06,0,4e-06,2e-06,1e-06,0.009465,0,0,0,0,1e-06,0,1e-06,0,1.3e-05,0,0.000166,5e-06,2.2e-05,0.000145,2e-06,5e-06,7e-06,0,0,0,2e-06,0,2.3e-05,8e-06,1e-06,1e-06,1e-06,6.1e-05,5e-06,0,0,3e-06,0,2e-06,0.000405,0.000116,4.7e-05,5e-06,0.000207,1.4e-05,0.000169,0.000734,2e-05,3.3e-05,2e-06,2e-06,2.5e-05,3.8e-05,1.8e-05,0.009077,0.000123,5e-06,0,2e-06,1.6e-05,0.000227,0,0,0,0,0,1.4e-05,2e-06,1.6e-05,6.1e-05,1.3e-05,1.9e-05,0,4.8e-05,3e-06,0.000406,3.8e-05,3e-05,1e-05,1e-06,1e-06,5e-06,0,0,0,0,2e-06,0.000285,4.5e-05,0.000155,0,3.4e-05,2e-06,0,0,0,1e-06,1.1e-05,2e-06,1e-06,0.000429,0,0,0,0.000247,0,0,7e-06,0,5.2e-05,9e-06,0,9.1e-05,0,0,0,0,0,0,0
"manyara/mbulu/murray",1.5e-05,9e-06,1e-06,3.2e-05,6.7e-05,5.8e-05,5.1e-05,4.1e-05,1.3e-05,0.005133,9.9e-05,4e-06,1.1e-05,0.000174,0.000394,7.8e-05,4.1e-05,0.000159,9e-06,2.7e-05,1e-06,7e-06,1e-05,1e-06,1e-06,0,2.5e-05,1.9e-05,0,1e-06,9.2e-05,3e-06,1e-06,1e-06,3.5e-05,3.9e-05,1.7e-05,0.00173,9.7e-05,3.6e-05,3.8e-05,3e-06,6.1e-05,0.001832,1.2e-05,2.1e-05,9e-06,0.004279,0.000973,1.8e-05,9e-05,1.1e-05,1.2e-05,2.2e-05,0.00044,9e-06,2e-06,1.3e-05,4.8e-05,0.001699,3e-05,0.000122,7e-05,7e-06,0,0.000119,6.8e-05,9e-06,8.6e-05,0.00071,6e-06,1e-06,2e-06,0.000673,1.8e-05,5.7e-05,1.1e-05,6e-06,4e-06,8e-06,4e-06,4e-05,3.6e-05,5e-06,3.3e-05,2.9e-05,0.000443,1.4e-05,0.000232,0.000139,5e-06,5e-06,0.000381,8.5e-05,5e-06,0.004687,2.7e-05,0,0.000184,4.5e-05,0.000132,6e-06,3.6e-05,2.7e-05,6e-06,0.000239,2.1e-05,3.8e-05,1.7e-05,0.000735,1.9e-05,0.000114,0.000153,1e-06,2e-06,1e-06,0.000161,2e-06,0.00021,2e-05,7e-06,0.000372,1e-06,5e-06,1e-06,1.5e-05,4.7e-05,0.000576,5.8e-05,1e-06,1e-06,3e-05,8.4e-05,9e-06,0,9.6e-05,5e-06,2.5e-05,0.000501,6.2e-05,3.2e-05,1e-06,3.5e-05,6e-06,2e-06,6.6e-05,0.000201,9.1e-05,7.5e-05,2.5e-05,1e-06,1e-06,2e-06,1e-06,5.9e-05,0.001218,4e-06,7e-06,8e-06,0.003096,1.2e-05,0.000279,1e-06,3e-06,4e-06,4e-06,1.7e-05,1.6e-05,0.000195,7e-06,1.6e-05,0.000421,0.002932,3.2e-05,7e-06,9.7e-05,0.001011,1e-06,6.2e-05,3.6e-05,0,8e-06,0.000112,1e-05,0.000399,0.011929,1e-06,2e-06,0.000203,6.1e-05,1.7e-05,0.001094,0.00028,1.9e-05,0.001409,4e-06,1e-06,4.8e-05,7.2e-05,3e-06,0.000277,3.6e-05,4.4e-05,1e-06,1e-04,9e-06,0.00064,0.000481,0.000112,2e-06,1e-06,1.8e-05,0.000205,1e-06,7e-06,1.5e-05,1.8e-05,0.000907,8e-06,5.2e-05,2.4e-05,1e-06,2.2e-05,2e-06,0.000249,6e-06,0.000345,3e-06,0.000113,7e-06,9e-06,4.9e-05,0.000335,0.000431,1.3e-05,0,2e-06,3.7e-05,0.000117,1e-06,2.9e-05,0.008908,1e-06,0.001073,1e-06,1e-06,4e-06,0.000135,1.1e-05,2.1e-05,0.000946,0.000833,3e-06,0.000252,5.2e-05,3e-05,2e-06,6e-06,1e-06,1e-06,1e-06,1.9e-05,5e-06,1e-06,0.000538,6e-06,0,0.000375,1.5e-05,0.000328,0.000295,0.000168,1e-06,1e-06,0.000557,3e-06,3.4e-05,8.4e-05,0.000107,3.2e-05,1.1e-05,2e-06,0.001931,0.001021,2e-06,2.5e-05,4e-06,3e-06,8.1e-05,1e-06,1.1e-05,1.5e-05,3e-06,0.000696,1.6e-05,2.9e-05,0.000201,5e-06,3.6e-05,0.000177,1e-06,0,1e-06,1.4e-05,3e-06,0.002865,2.1e-05,3e-06,2e-06,1e-06,0.000214,5.3e-05,9e-06,1e-06,1e-05,6e-06,2e-06,0.000425,0.000321,0.000297,4.9e-05,0.000342,3.5e-05,0.000146,0.001685,6.2e-05,7.7e-05,8e-06,9e-06,6.7e-05,9.7e-05,4.3e-05,0.001599,0.000233,7.8e-05,2e-06,5e-06,1.2e-05,0.000613,2.3e-05,7e-06,1e-06,6e-06,3.3e-05,0.000144,2.5e-05,2.5e-05,0.000106,0.000105,3.2e-05,4.6e-05,8.4e-05,8e-06,0.001175,0.000196,0.000169,8.4e-05,6e-06,2e-06,1.6e-05,5.5e-05,5e-06,2.3e-05,3e-06,6e-06,0.000745,0.000159,0.000503,3e-06,6.9e-05,6e-06,0,1e-06,4e-06,3e-06,5.4e-05,4.2e-05,2e-06,0.000223,1e-04,1e-06,0.000149,0.000646,0.000225,3e-05,2.1e-05,1e-06,0.000151,2.7e-05,1e-06,0.000269,1e-06,1e-06,2e-06,0,0,0.000144,1.7e-05
"arusha/arusha/mussa",0,0,0,0,0,0,0,0,0,0,0,0,0,0,0,0,0,0,0,0,0,0,0,0,0,0,0,0,0,0,0,0,0,0,0,0,0,0,0,0,0,0,0,0,0,0,0,0,0,0,0,0,0,0,0,0,0,0,0,0,0,0,0,0,0,0,0,0,0,0,0,0,0,0,0,0,0,0,0,0,0,0,0,0,0,0,0,0,0,0,0,0,0,0,0,0,0,0,0,0,0,0,0,0,0,0,0,0,0,0,0,0,0,0,0,0,0,0,0,0,0,0,0,0,0,0,0,0,0,0,0,0,0,0,0,0,0,0,0,0,0,0,0,0,0,0,0,0,0,0,0,0,0,0,0,0,0,0,0,0,0,0,0,0,0,0,0,0,0,0,0,0,0,0,0,0,0,0,0,0,0,0,0,0,0,0,0,0,0,0,0,0,0,0,0,0,0,0,0,0,0,0,0,0,0,0,0,0,0,0,0,0,0,0,0,0,0,0,0,0,0,0,0,0,0,0,0,0,0,0,0,0,0,0,0,0,0,0,0,0,0,0,0,0,0,0,0,0,0,0,0,0,0,0,0,0,0,0,0,0,0,0,0,0,0,0,0,0,0,0,0,0,0,0,0,0,0,0,0,0,0,0,0,0,0,0,0,0,0,0,0,0,0,0,0,0,0,0,0,0,0,0,0,0,0,0,0,0,0,0,0,0,0,0,0,0,0,0,0,0,0,0,0,0,0,0,0,0,0,0,0,0,0,0,0,0,0,0,0,0,0,0,0,0,0,0,0,0,0,0,0,0,0,0,0,0,0,0,0,0,0,0,0,0,0,0,0,0,0,0,0,0,0,0,0,0,0,0,0,0,0,0,0,0,0,0,0,0,0,0,0,0,0,0,0,0,0,0
"manyara/babatiurban/mutuka",0,0,0,0,0,0,0,0,0,0,0,0,0,0,0,0,0,0,0,0,0,0,0,0,0,0,0,0,0,0,0,0,0,0,0,0,0,0,0,0,0,0,0,0,0,0,0,0,0,0,0,0,0,0,0,0,0,0,0,0,0,0,0,0,0,0,0,0,0,0,0,0,0,0,0,0,0,0,0,0,0,0,0,0,0,0,0,0,0,0,0,0,0,0,0,0,0,0,0,0,0,0,0,0,0,0,0,0,0,0,0,0,0,0,0,0,0,0,0,0,0,0,0,0,0,0,0,0,0,0,0,0,0,0,0,0,0,0,0,0,0,0,0,0,0,0,0,0,0,0,0,0,0,0,0,0,0,0,0,0,0,0,0,0,0,0,0,0,0,0,0,0,0,0,0,0,0,0,0,0,0,0,0,0,0,0,0,0,0,0,0,0,0,0,0,0,0,0,0,0,0,0,0,0,0,0,0,0,0,0,0,0,0,0,0,0,0,0,0,0,0,0,0,0,0,0,0,0,0,0,0,0,0,0,0,0,0,0,0,0,0,0,0,0,0,0,0,0,0,0,0,0,0,0,0,0,0,0,0,0,0,0,0,0,0,0,0,0,0,0,0,0,0,0,0,0,0,0,0,0,0,0,0,0,0,0,0,0,0,0,0,0,0,0,0,0,0,0,0,0,0,0,0,0,0,0,0,0,0,0,0,0,0,0,0,0,0,0,0,0,0,0,0,0,0,0,0,0,0,0,0,0,0,0,0,0,0,0,0,0,0,0,0,0,0,0,0,0,0,0,0,0,0,0,0,0,0,0,0,0,0,0,0,0,0,0,0,0,0,0,0,0,0,0,0,0,0,0,0,0,0,0,0,0,0,0,0,0,0,0,0,0,0,0,0,0,0,0
"manyara/babati/mwada",4e-05,1.2e-05,2e-06,3.8e-05,1.3e-05,0.000121,7e-06,1e-05,9e-06,0.004634,5.7e-05,2e-06,3e-05,0.000488,0.000149,2.5e-05,7e-06,3.1e-05,3e-06,9e-06,2e-06,1.6e-05,7e-06,2e-06,2e-06,1e-06,1.9e-05,2.2e-05,1e-06,2e-06,0.000271,3e-06,1e-06,1e-06,3.2e-05,1e-05,5e-05,0.000353,4e-05,4.8e-05,7e-06,2e-06,7.9e-05,0.00021,1.5e-05,1e-05,1.9e-05,0.012323,0.004699,1.6e-05,1.2e-05,8e-06,2e-05,6e-06,0.000184,3e-06,5e-06,5.4e-05,9.4e-05,0.0014,5.2e-05,0.000236,0.000154,9e-06,0,0.000349,0.000204,3e-06,0.000267,0.00227,8e-06,1e-06,5e-06,0.000359,8e-06,9.6e-05,1.8e-05,2e-06,2e-06,3e-06,2e-06,2.3e-05,6e-06,3e-06,1.1e-05,7e-06,0.000984,3e-06,7.5e-05,0.000224,2e-06,2e-06,0.000687,0.000222,9e-06,0.000884,5.6e-05,1e-06,0.000366,8.6e-05,1.8e-05,4e-06,5.6e-05,7.6e-05,1.2e-05,0.000429,1.4e-05,7.8e-05,3.8e-05,0.001103,3.9e-05,0.000207,6.6e-05,2e-06,3e-06,2e-06,0.000374,2e-06,0.000417,3.8e-05,1.5e-05,0.000724,2e-06,8e-06,1e-06,2.3e-05,6.8e-05,0.001421,0.000158,3e-06,2e-06,5.6e-05,0.000159,1.8e-05,1e-06,0.000271,1.5e-05,4.8e-05,0.000905,0.000127,7.5e-05,1e-06,9.9e-05,1.2e-05,4e-06,0.000119,2.9e-05,0.000175,0.000143,4.7e-05,2e-06,2e-06,3e-06,2e-06,9.4e-05,0.003792,6e-06,1.4e-05,1.4e-05,0.006261,2.3e-05,0.000928,1e-06,6e-06,2e-06,2e-06,3.4e-05,3.9e-05,0.000573,1.4e-05,2.3e-05,0.001372,0.008392,6.3e-05,1.4e-05,0.000263,0.006191,3e-06,0.000125,5.4e-05,1e-06,9e-06,0.000182,2.1e-05,0.000812,0.024871,2e-06,3e-06,0.000419,0.000128,3.5e-05,0.000107,0.000446,5e-06,0.014301,5e-06,2e-06,3.2e-05,0.000144,7e-06,0.000697,7e-05,7.3e-05,3e-06,0.000181,2e-05,0.001186,0.00199,0.00014,3e-06,3e-06,0.00011,0.000366,1e-06,4e-06,2.4e-05,1e-05,0.001579,1.6e-05,9.7e-05,5e-06,3e-06,6e-06,3e-06,0.00054,1.2e-05,0.000711,6e-06,3.9e-05,3e-06,3e-06,8e-06,0.000533,0.001367,1.6e-05,0,3e-06,0.000101,0.000229,2e-06,7.4e-05,0.036759,1e-06,0.001955,1e-06,2e-06,8e-06,0.000386,4e-06,7.2e-05,0.002669,0.002146,1e-05,0.000722,9.5e-05,4.8e-05,3e-06,1.2e-05,2e-06,2e-06,1e-06,4.1e-05,3.2e-05,1e-06,0.001218,1.1e-05,2.1e-05,0.001112,2e-05,0,0.000819,0.000322,2e-06,2e-06,0.00102,5e-06,5.5e-05,0.000207,3.6e-05,5.2e-05,2.6e-05,4e-06,0.003399,5.6e-05,2e-06,2.6e-05,2e-06,6e-06,1.3e-05,3e-06,1.9e-05,3e-05,4e-06,0.001975,3.1e-05,6.1e-05,0.000479,1.5e-05,7.6e-05,0.000187,1e-06,1e-06,2e-06,2.6e-05,4e-06,0.030522,5.6e-05,7e-06,4e-06,3e-06,0.000647,5.9e-05,1.2e-05,2e-06,2e-05,6e-06,3e-06,0.001017,0.000572,0.000975,0.000171,0.000912,7.8e-05,0.000274,0.004681,7.6e-05,9.8e-05,2.2e-05,1.1e-05,0.000192,0.000267,0.000121,0.003156,0.000302,0.000155,3e-06,1.1e-05,1.8e-05,0.001629,5.6e-05,9e-06,2e-06,1e-05,1.4e-05,0.000262,4e-05,3.3e-05,0.000278,0.000188,4.2e-05,1e-05,0.000184,2.1e-05,0.003336,0.000497,0.000578,0.000231,1e-05,4e-06,3.2e-05,2e-05,3e-06,1.8e-05,2e-06,8e-06,0.002056,0.00047,0.001479,4e-06,0.000176,1.2e-05,1e-06,2e-06,6e-06,5e-06,0.000166,0.000163,5e-06,0.000438,8e-06,1e-06,1e-05,0.001144,5.3e-05,8e-06,6.1e-05,3e-06,0.000301,5.3e-05,2e-06,0.000712,2e-06,2e-06,3e-06,1e-06,1e-06,1e-05,4e-06
"arusha/arusha/mwandeti",0,0,0,0,0,0,0,0,0,0,0,0,0,0,0,0,0,0,0,0,0,0,0,0,0,0,0,0,0,0,0,0,0,0,0,0,0,0,0,0,0,0,0,0,0,0,0,0,0,0,0,0,0,0,0,0,0,0,0,0,0,0,0,0,0,0,0,0,0,0,0,0,0,0,0,0,0,0,0,0,0,0,0,0,0,0,0,0,0,0,0,0,0,0,0,0,0,0,0,0,0,0,0,0,0,0,0,0,0,0,0,0,0,0,0,0,0,0,0,0,0,0,0,0,0,0,0,0,0,0,0,0,0,0,0,0,0,0,0,0,0,0,0,0,0,0,0,0,0,0,0,0,0,0,0,0,0,0,0,0,0,0,0,0,0,0,0,0,0,0,0,0,0,0,0,0,0,0,0,0,0,0,0,0,0,0,0,0,0,0,0,0,0,0,0,0,0,0,0,0,0,0,0,0,0,0,0,0,0,0,0,0,0,0,0,0,0,0,0,0,0,0,0,0,0,0,0,0,0,0,0,0,0,0,0,0,0,0,0,0,0,0,0,0,0,0,0,0,0,0,0,0,0,0,0,0,0,0,0,0,0,0,0,0,0,0,0,0,0,0,0,0,0,0,0,0,0,0,0,0,0,0,0,0,0,0,0,0,0,0,0,0,0,0,0,0,0,0,0,0,0,0,0,0,0,0,0,0,0,0,0,0,0,0,0,0,0,0,0,0,0,0,0,0,0,0,0,0,0,0,0,0,0,0,0,0,0,0,0,0,0,0,0,0,0,0,0,0,0,0,0,0,0,0,0,0,0,0,0,0,0,0,0,0,0,0,0,0,0,0,0,0,0,0,0,0,0,0,0,0,0,0,0,0,0,0,0,0,0,0,0,0,0,0,0,0,0,0
"kilimanjaro/mwanga/mwanga",3e-06,0,4e-06,1e-06,0,0.000394,0,0,0,4e-06,0,0,2e-06,3.1e-05,1e-06,0,0,0,0,0,1e-06,4e-06,0,4e-06,1e-06,1e-06,0,0,0,1e-06,2.1e-05,0,1e-06,1.7e-05,0,0,3e-06,1e-06,0,1e-06,0,0,3e-06,0,0,0,0,0.000557,2.2e-05,0,0,0,0,0,0,0,1e-06,0,1.8e-05,1.1e-05,3e-06,3e-06,7e-06,0,0,1.9e-05,4e-06,0,0,3e-06,0,0,1e-06,0,0,3e-06,0,0,0,0,0,0,0,0,0,0,0.000554,0,0,7.6e-05,0,0,0.002165,1.5e-05,0,1e-06,1.9e-05,7e-06,0.002361,0.000627,0,0,2.1e-05,4e-06,2e-05,0.000123,0,9.4e-05,6e-06,3e-06,1.4e-05,0.000201,0,0,4e-06,4e-06,0.000177,0,0.000684,2.8e-05,1e-05,0.000592,3.2e-05,0.000138,6e-06,8e-06,3e-06,0.000282,2e-05,4e-06,4e-06,0.000184,0.002069,2.3e-05,5e-06,1.6e-05,1e-06,8.9e-05,6.3e-05,0.000119,1.9e-05,0,5e-06,1.1e-05,4e-06,0.001347,0,0.000524,0.00025,0.000121,2e-06,1e-05,4e-06,3e-06,7.3e-05,8.7e-05,5e-06,0,1e-06,0.00897,0.000319,2.7e-05,2e-06,3.4e-05,0,0,0.000736,7e-06,3e-05,0.000206,1e-06,9e-06,0.000414,2.9e-05,4e-06,3e-06,1.6e-05,0,0.00015,3e-06,0,0,5.5e-05,5.7e-05,0.00047,0.024117,1e-06,2e-06,0.000298,7.2e-05,4.5e-05,0,0,0,2e-06,0,6e-06,0,0.000219,0,0.000103,1e-06,3.4e-05,1e-06,0.000251,5e-06,0.005096,6e-06,2e-06,5e-06,6e-06,0,0.000829,2e-06,0,1.1e-05,0,0.001627,2.5e-05,0.000197,0,1e-06,0,1e-06,0.000282,5e-06,0.000335,6e-06,0,0,0,0,1.9e-05,4.1e-05,0,0,4e-06,1.5e-05,1e-06,3e-06,2e-05,0.000277,2e-06,0.008194,1e-06,4e-06,1.3e-05,2.9e-05,0,2e-06,0.00014,4.8e-05,0,4.5e-05,4.2e-05,2.2e-05,3e-06,0.000325,3e-06,1e-06,1e-06,0.000104,0,1e-06,3e-06,0,0,2.8e-05,0,1e-06,2.6e-05,0,2.5e-05,1e-06,0.002726,1e-05,2.2e-05,2.3e-05,0,0,1.9e-05,0,0.000254,0,0,0,0,4e-06,0,1e-06,1e-06,7e-06,2e-06,0.000178,5.6e-05,1.5e-05,5e-05,1e-06,0.000128,1e-06,2e-06,1e-05,3e-06,5.6e-05,0,7e-06,4e-06,1e-06,0,2e-06,2.3e-05,1e-06,0,4e-06,3e-05,0,0,7.3e-05,0.000545,3.5e-05,5e-06,3.9e-05,2.8e-05,5.1e-05,0.000215,2e-06,2e-06,1e-06,0,8e-06,1.5e-05,5e-06,0.000194,9e-06,2.2e-05,0,1.8e-05,0,0.000158,0,0,2e-06,0,0,0.000175,7e-06,1e-06,1.6e-05,0.000282,1e-06,0,4.9e-05,2e-06,0.000179,3e-06,6e-06,4e-05,0.000306,6e-06,4.4e-05,0,0,0,0,0,0.000129,2.2e-05,6.5e-05,0,1.8e-05,1.7e-05,1e-06,1e-06,0,3e-06,7e-06,3e-06,0,5e-05,0,3e-06,0,0.000926,0,0,3e-06,2e-06,0.000334,6.6e-05,2e-06,8.2e-05,2e-06,1e-06,2e-06,1e-06,0,0,0
"kilimanjaro/mwanga/mwaniko",0,0,0,0,0,0,0,0,0,0,0,0,0,0,0,0,0,0,0,0,0,0,0,0,0,0,0,0,0,0,0,0,0,0,0,0,0,0,0,0,0,0,0,0,0,0,0,0,0,0,0,0,0,0,0,0,0,0,0,0,0,0,0,0,0,0,0,0,0,0,0,0,0,0,0,0,0,0,0,0,0,0,0,0,0,0,0,0,0,0,0,0,0,0,0,0,0,0,0,0,0,0,0,0,0,0,0,0,0,0,0,0,0,0,0,0,0,0,0,0,0,0,0,0,0,0,0,0,0,0,0,0,0,0,0,0,0,0,0,0,0,0,0,0,0,0,0,0,0,0,0,0,0,0,0,0,0,0,0,0,0,0,0,0,0,0,0,0,0,0,0,0,0,0,0,0,0,0,0,0,0,0,0,0,0,0,0,0,0,0,0,0,0,0,0,0,0,0,0,0,0,0,0,0,0,0,0,0,0,0,0,0,0,0,0,0,0,0,0,0,0,0,0,0,0,0,0,0,0,0,0,0,0,0,0,0,0,0,0,0,0,0,0,0,0,0,0,0,0,0,0,0,0,0,0,0,0,0,0,0,0,0,0,0,0,0,0,0,0,0,0,0,0,0,0,0,0,0,0,0,0,0,0,0,0,0,0,0,0,0,0,0,0,0,0,0,0,0,0,0,0,0,0,0,0,0,0,0,0,0,0,0,0,0,0,0,0,0,0,0,0,0,0,0,0,0,0,0,0,0,0,0,0,0,0,0,0,0,0,0,0,0,0,0,0,0,0,0,0,0,0,0,0,0,0,0,0,0,0,0,0,0,0,0,0,0,0,0,0,0,0,0,0,0,0,0,0,0,0,0,0,0,0,0,0,0,0,0,0,0,0,0,0,0,0,0,0,0
"kilimanjaro/same/mwembe",0,0,0,0,0,0,0,0,0,0,0,0,0,0,0,0,0,0,0,0,0,0,0,0,0,0,0,0,0,0,0,0,0,0,0,0,0,0,0,0,0,0,0,0,0,0,0,0,0,0,0,0,0,0,0,0,0,0,0,0,0,0,0,0,0,0,0,0,0,0,0,0,0,0,0,0,0,0,0,0,0,0,0,0,0,0,0,0,0,0,0,0,0,0,0,0,0,0,0,0,0,0,0,0,0,0,0,0,0,0,0,0,0,0,0,0,0,0,0,0,0,0,0,0,0,0,0,0,0,0,0,0,0,0,0,0,0,0,0,0,0,0,0,0,0,0,0,0,0,0,0,0,0,0,0,0,0,0,0,0,0,0,0,0,0,0,0,0,0,0,0,0,0,0,0,0,0,0,0,0,0,0,0,0,0,0,0,0,0,0,0,0,0,0,0,0,0,0,0,0,0,0,0,0,0,0,0,0,0,0,0,0,0,0,0,0,0,0,0,0,0,0,0,0,0,0,0,0,0,0,0,0,0,0,0,0,0,0,0,0,0,0,0,0,0,0,0,0,0,0,0,0,0,0,0,0,0,0,0,0,0,0,0,0,0,0,0,0,0,0,0,0,0,0,0,0,0,0,0,0,0,0,0,0,0,0,0,0,0,0,0,0,0,0,0,0,0,0,0,0,0,0,0,0,0,0,0,0,0,0,0,0,0,0,0,0,0,0,0,0,0,0,0,0,0,0,0,0,0,0,0,0,0,0,0,0,0,0,0,0,0,0,0,0,0,0,0,0,0,0,0,0,0,0,0,0,0,0,0,0,0,0,0,0,0,0,0,0,0,0,0,0,0,0,0,0,0,0,0,0,0,0,0,0,0,0,0,0,0,0,0,0,0,0,0,0,0,0
"kilimanjaro/moshi/mwikakusini",0,0,0,0,0,0,0,0,0,0,0,0,0,0,0,0,0,0,0,0,0,0,0,0,0,0,0,0,0,0,0,0,0,0,0,0,0,0,0,0,0,0,0,0,0,0,0,0,0,0,0,0,0,0,0,0,0,0,0,0,0,0,0,0,0,0,0,0,0,0,0,0,0,0,0,0,0,0,0,0,0,0,0,0,0,0,0,0,0,0,0,0,0,0,0,0,0,0,0,0,0,0,0,0,0,0,0,0,0,0,0,0,0,0,0,0,0,0,0,0,0,0,0,0,0,0,0,0,0,0,0,0,0,0,0,0,0,0,0,0,0,0,0,0,0,0,0,0,0,0,0,0,0,0,0,0,0,0,0,0,0,0,0,0,0,0,0,0,0,0,0,0,0,0,0,0,0,0,0,0,0,0,0,0,0,0,0,0,0,0,0,0,0,0,0,0,0,0,0,0,0,0,0,0,0,0,0,0,0,0,0,0,0,0,0,0,0,0,0,0,0,0,0,0,0,0,0,0,0,0,0,0,0,0,0,0,0,0,0,0,0,0,0,0,0,0,0,0,0,0,0,0,0,0,0,0,0,0,0,0,0,0,0,0,0,0,0,0,0,0,0,0,0,0,0,0,0,0,0,0,0,0,0,0,0,0,0,0,0,0,0,0,0,0,0,0,0,0,0,0,0,0,0,0,0,0,0,0,0,0,0,0,0,0,0,0,0,0,0,0,0,0,0,0,0,0,0,0,0,0,0,0,0,0,0,0,0,0,0,0,0,0,0,0,0,0,0,0,0,0,0,0,0,0,0,0,0,0,0,0,0,0,0,0,0,0,0,0,0,0,0,0,0,0,0,0,0,0,0,0,0,0,0,0,0,0,0,0,0,0,0,0,0,0,0,0,0,0
"kilimanjaro/moshi/mwikakaskazini",0,0,0,0,0,0,0,0,0,0,0,0,0,0,0,0,0,0,0,0,0,0,0,0,0,0,0,0,0,0,0,0,0,0,0,0,0,0,0,0,0,0,0,0,0,0,0,0,0,0,0,0,0,0,0,0,0,0,0,0,0,0,0,0,0,0,0,0,0,0,0,0,0,0,0,0,0,0,0,0,0,0,0,0,0,0,0,0,0,0,0,0,0,0,0,0,0,0,0,0,0,0,0,0,0,0,0,0,0,0,0,0,0,0,0,0,0,0,0,0,0,0,0,0,0,0,0,0,0,0,0,0,0,0,0,0,0,0,0,0,0,0,0,0,0,0,0,0,0,0,0,0,0,0,0,0,0,0,0,0,0,0,0,0,0,0,0,0,0,0,0,0,0,0,0,0,0,0,0,0,0,0,0,0,0,0,0,0,0,0,0,0,0,0,0,0,0,0,0,0,0,0,0,0,0,0,0,0,0,0,0,0,0,0,0,0,0,0,0,0,0,0,0,0,0,0,0,0,0,0,0,0,0,0,0,0,0,0,0,0,0,0,0,0,0,0,0,0,0,0,0,0,0,0,0,0,0,0,0,0,0,0,0,0,0,0,0,0,0,0,0,0,0,0,0,0,0,0,0,0,0,0,0,0,0,0,0,0,0,0,0,0,0,0,0,0,0,0,0,0,0,0,0,0,0,0,0,0,0,0,0,0,0,0,0,0,0,0,0,0,0,0,0,0,0,0,0,0,0,0,0,0,0,0,0,0,0,0,0,0,0,0,0,0,0,0,0,0,0,0,0,0,0,0,0,0,0,0,0,0,0,0,0,0,0,0,0,0,0,0,0,0,0,0,0,0,0,0,0,0,0,0,0,0,0,0,0,0,0,0,0,0,0,0,0,0,0,0
"kilimanjaro/same/myamba",0,0,0,0,0,0,0,0,0,0,0,0,0,0,0,0,0,0,0,0,0,0,0,0,0,0,0,0,0,0,0,0,0,0,0,0,0,0,0,0,0,0,0,0,0,0,0,0,0,0,0,0,0,0,0,0,0,0,0,0,0,0,0,0,0,0,0,0,0,0,0,0,0,0,0,0,0,0,0,0,0,0,0,0,0,0,0,0,0,0,0,0,0,0,0,0,0,0,0,0,0,0,0,0,0,0,0,0,0,0,0,0,0,0,0,0,0,0,0,0,0,0,0,0,0,0,0,0,0,0,0,0,0,0,0,0,0,0,0,0,0,0,0,0,0,0,0,0,0,0,0,0,0,0,0,0,0,0,0,0,0,0,0,0,0,0,0,0,0,0,0,0,0,0,0,0,0,0,0,0,0,0,0,0,0,0,0,0,0,0,0,0,0,0,0,0,0,0,0,0,0,0,0,0,0,0,0,0,0,0,0,0,0,0,0,0,0,0,0,0,0,0,0,0,0,0,0,0,0,0,0,0,0,0,0,0,0,0,0,0,0,0,0,0,0,0,0,0,0,0,0,0,0,0,0,0,0,0,0,0,0,0,0,0,0,0,0,0,0,0,0,0,0,0,0,0,0,0,0,0,0,0,0,0,0,0,0,0,0,0,0,0,0,0,0,0,0,0,0,0,0,0,0,0,0,0,0,0,0,0,0,0,0,0,0,0,0,0,0,0,0,0,0,0,0,0,0,0,0,0,0,0,0,0,0,0,0,0,0,0,0,0,0,0,0,0,0,0,0,0,0,0,0,0,0,0,0,0,0,0,0,0,0,0,0,0,0,0,0,0,0,0,0,0,0,0,0,0,0,0,0,0,0,0,0,0,0,0,0,0,0,0,0,0,0,0,0,0
"manyara/simanjiro/naberera",0.00088,4.1e-05,0.000103,0.000303,1.1e-05,0.009156,4e-06,5e-06,1.2e-05,0.003028,4.7e-05,7e-06,0.000552,0.009169,0.000261,1.5e-05,1.2e-05,5.6e-05,9e-06,3.3e-05,0.00012,0.000672,1.2e-05,0.000123,0.000126,3.7e-05,2.2e-05,1.2e-05,1.3e-05,0.000199,0.005693,6.3e-05,8.3e-05,0.000132,6.2e-05,2.2e-05,0.000822,0.000535,3.6e-05,0.000366,9e-06,8e-06,0.002522,0.000327,0.000394,1.2e-05,0.000105,0.160853,0.03102,2.2e-05,1e-05,1.4e-05,1.8e-05,1e-05,0.000446,5e-06,0.000329,5.1e-05,0.028495,0.005796,0.00074,0.001325,0.0016,0.000197,0,0.006561,0.001447,6e-06,0.000263,0.005554,1.2e-05,1e-06,0.000133,0.000151,3.4e-05,0.000961,9.7e-05,4e-06,5e-06,6e-06,4e-06,5.3e-05,7e-06,1.1e-05,2e-05,7e-06,0.043125,6e-06,0.000249,0.027347,5e-06,8e-06,0.034539,0.003605,5e-05,0.000558,0.001727,6e-05,0.026088,0.005611,9e-06,1e-05,0.003456,0.00121,0.00063,0.010062,1.1e-05,0.003843,0.000896,0.001962,0.001226,0.007625,0.000226,3e-05,0.000126,9.8e-05,0.018029,5.6e-05,0.020571,0.001417,8e-04,0.027266,0.000171,0.000718,7.1e-05,0.001578,0.003529,0.063765,0.0052,0.000115,1e-04,0.004276,0.010995,0.000866,6.2e-05,0.004787,0.000218,0.002399,0.01101,0.005658,0.002543,0.000105,0.001467,0.000508,0.000148,0.010124,2.3e-05,0.009733,0.006719,0.00243,8e-05,0.000282,0.000125,0.000288,0.006089,0.033755,0.000306,0.000146,0.001434,0.258285,0.001606,0.090509,5.7e-05,0.000531,7e-06,8e-06,0.003473,0.000989,0.009977,0.001442,0.00101,0.005649,0.120404,0.018767,0.000395,0.011891,0.021204,3.2e-05,0.005914,0.002564,5.9e-05,6.1e-05,0.017368,0.001323,0.028863,0.493979,4.8e-05,0.000102,0.016917,0.00478,0.001977,9.8e-05,0.000218,1.2e-05,0.002367,1e-04,0.000111,1.5e-05,0.007231,1e-05,0.019384,0.00259,0.011617,0.000142,0.007466,0.000605,0.06393,0.004504,0.000644,0.00013,0.000124,8.4e-05,0.016996,4.6e-05,5e-06,0.001468,6e-06,0.0556,0.000697,0.004563,1.1e-05,0.00012,8e-06,0.000113,0.021439,0.000403,0.023756,0.000363,3.9e-05,6e-06,5e-06,1.1e-05,0.004547,0.016944,0.000287,1e-05,0.000144,0.006453,0.000686,8.5e-05,0.004638,0.104345,5.7e-05,0.249941,0.000112,0.000117,0.000406,0.00895,1e-05,0.000879,0.04115,0.020981,6.6e-05,0.014124,0.002672,0.003915,0.000105,0.000931,9.5e-05,0.000139,9.7e-05,0.00609,2e-05,0.000109,0.002118,9.9e-05,1.3e-05,0.010036,1e-05,0.000487,0.008215,0.028352,0.000139,0.000189,0.049245,0.000237,0.004074,0,1.3e-05,0.000129,0.002608,1.4e-05,0.042112,3e-05,7.9e-05,3e-05,4e-06,0.000201,1.6e-05,8.4e-05,0.000841,0.000688,0.000295,0.055604,0.00161,0.001519,0.012803,0.000223,0.015817,0.000375,4.1e-05,6.4e-05,0.000112,0.003289,0.000103,0.006948,0.001107,0.000156,8.6e-05,1e-04,0.011987,0.000268,0.000212,1e-04,0.00093,9e-06,3.6e-05,0.021046,0.020465,0.025947,0.004298,0.01073,0.002867,0.005495,0.085009,0.000774,0.000992,0.000394,8.6e-05,0.002594,0.004406,0.001451,0.050446,0.002356,0.073019,0.000112,0.000593,0.000115,0.037058,0.000144,1e-05,8.8e-05,1.3e-05,2e-05,0.045626,0.00329,0.000218,0.004019,0.023305,0.000301,5e-06,0.005236,0.000462,0.053302,0.001895,0.002743,0.039589,0.000893,0.000164,0.001677,1.4e-05,9e-06,1.6e-05,6e-06,5.8e-05,0.035415,0.010832,0.021875,8.8e-05,0.003711,0.000621,7.5e-05,0.000169,0.000216,0.000151,0.003021,0.005413,8.9e-05,0.010012,6e-06,7.1e-05,9e-06,0.038069,8.7e-05,4e-06,0.000962,0.000101,0.013395,0.002331,7.4e-05,0.018975,7.4e-05,0.000156,0.000254,5.4e-05,5e-05,9e-06,6e-06
"manyara/mbulu/nahasey",0,0,0,0,0,0,0,0,0,0,0,0,0,0,0,0,0,0,0,0,0,0,0,0,0,0,0,0,0,0,0,0,0,0,0,0,0,0,0,0,0,0,0,0,0,0,0,0,0,0,0,0,0,0,0,0,0,0,0,0,0,0,0,0,0,0,0,0,0,0,0,0,0,0,0,0,0,0,0,0,0,0,0,0,0,0,0,0,0,0,0,0,0,0,0,0,0,0,0,0,0,0,0,0,0,0,0,0,0,0,0,0,0,0,0,0,0,0,0,0,0,0,0,0,0,0,0,0,0,0,0,0,0,0,0,0,0,0,0,0,0,0,0,0,0,0,0,0,0,0,0,0,0,0,0,0,0,0,0,0,0,0,0,0,0,0,0,0,0,0,0,0,0,0,0,0,0,0,0,0,0,0,0,0,0,0,0,0,0,0,0,0,0,0,0,0,0,0,0,0,0,0,0,0,0,0,0,0,0,0,0,0,0,0,0,0,0,0,0,0,0,0,0,0,0,0,0,0,0,0,0,0,0,0,0,0,0,0,0,0,0,0,0,0,0,0,0,0,0,0,0,0,0,0,0,0,0,0,0,0,0,0,0,0,0,0,0,0,0,0,0,0,0,0,0,0,0,0,0,0,0,0,0,0,0,0,0,0,0,0,0,0,0,0,0,0,0,0,0,0,0,0,0,0,0,0,0,0,0,0,0,0,0,0,0,0,0,0,0,0,0,0,0,0,0,0,0,0,0,0,0,0,0,0,0,0,0,0,0,0,0,0,0,0,0,0,0,0,0,0,0,0,0,0,0,0,0,0,0,0,0,0,0,0,0,0,0,0,0,0,0,0,0,0,0,0,0,0,0,0,0,0,0,0,0,0,0,0,0,0,0,0,0,0,0,0,0,0
"arusha/ngorongoro/nainokanoka",1.2e-05,0.000142,1e-06,8e-05,1e-06,3.1e-05,0,1e-06,0,9.6e-05,2e-06,0,1e-05,0.000146,4.1e-05,2e-06,1e-06,2e-06,0,1e-06,0,6e-06,0,1e-06,0,0,1e-06,3e-06,0,1e-06,5.5e-05,0,0,0,3.1e-05,1e-06,1.5e-05,1.7e-05,4e-06,7.6e-05,1e-06,0,1.5e-05,1.7e-05,2e-06,0,3e-05,0.003902,0.000207,7e-06,1e-06,8e-06,1e-05,1e-06,1e-05,0,1e-06,1e-06,1.5e-05,0.001916,5.6e-05,0.001123,0.00012,1e-06,0,9.2e-05,9e-05,1e-06,9.2e-05,4.8e-05,1.9e-05,0,2e-06,2e-05,1e-06,0.00019,6.2e-05,0,0,0,0,1e-06,0,0,1e-06,1e-06,0.000289,0,1.1e-05,4.9e-05,0,0,0.000207,8.5e-05,2.2e-05,7.1e-05,2.1e-05,0,9.7e-05,2.4e-05,1e-06,2e-06,1.4e-05,2.4e-05,3e-06,0.00019,3e-06,2.4e-05,1.5e-05,0.00167,1.4e-05,7.1e-05,5e-06,1e-06,1e-06,1e-06,0.000102,0,0.000126,1.3e-05,5e-06,0.000246,1e-06,2e-06,0,5e-06,1.2e-05,0.000419,3.9e-05,1e-06,1e-06,1.6e-05,4.3e-05,5e-06,0,8.2e-05,5e-06,1.5e-05,0.000741,4e-05,2.3e-05,0,3.2e-05,4e-06,1e-06,3e-05,1e-06,5.1e-05,4.5e-05,1.4e-05,1e-06,0,1e-06,1e-06,2.4e-05,0.001232,2e-06,2.2e-05,2e-06,0.001872,6e-06,8.2e-05,0,1e-06,0,0,8e-06,1.4e-05,0.000158,3e-06,4e-06,0.000654,0.002621,1.1e-05,5e-06,1.5e-05,0.000294,2e-06,3.8e-05,9e-06,0,1.7e-05,3.9e-05,6e-06,0.000279,0.007471,1e-06,1e-06,0.000135,4.3e-05,1e-05,6e-06,2.4e-05,1e-06,6.1e-05,1e-06,1e-06,1e-06,4.3e-05,1.3e-05,0.000214,6e-06,1.6e-05,1e-06,6e-05,7e-06,0.000346,0.000422,0.000503,1e-06,1e-06,1e-06,0.000114,0,2e-06,6e-06,1e-06,0.00054,5e-06,3e-05,1e-06,1e-06,0,1e-06,0.00017,4e-06,0.000251,2e-06,7e-06,0,0,1e-06,0.000768,0.000353,2e-06,0,1e-06,2.2e-05,0.001804,1e-06,1.6e-05,0.005559,0,0.00046,0,1e-06,2e-06,1e-04,0,1.4e-05,0.000864,0.0016,4e-06,2e-04,3.8e-05,1.1e-05,1e-06,3e-06,1e-06,0,0,9e-06,2e-06,0,0.001197,1.5e-05,1e-06,0.000429,0,2.4e-05,0.000367,8.1e-05,1e-06,0,0.000311,2e-06,1.3e-05,2.5e-05,1e-06,0,6e-06,3.8e-05,0.002664,3e-06,0,1e-06,0,2e-06,1e-06,1e-06,2e-06,1.3e-05,1e-06,0.000465,9e-06,2.5e-05,0.000202,5e-06,1.5e-05,0.000555,0,0,1e-06,6e-06,0,0.000432,1.8e-05,2e-06,1e-06,1e-06,0.00019,0.000227,1e-06,1e-06,6e-06,1e-05,5e-06,0.000504,0.000198,0.000182,2.3e-05,0.000412,2.5e-05,0.000137,0.001723,0.000104,0.000151,6e-06,1.1e-05,6.5e-05,8.9e-05,4.6e-05,0.002579,0.000402,2.2e-05,0,3e-06,4.3e-05,0.000496,2e-06,1e-05,1e-06,1.8e-05,0,5.2e-05,8e-06,6.8e-05,0.000114,4.2e-05,7.1e-05,1e-06,6.8e-05,7e-06,0.001036,0.00078,0.000189,3.7e-05,3e-06,1e-06,1e-05,1e-06,0,0,0,9e-06,0.000664,0.000131,0.00044,1e-06,6.2e-05,4e-06,0,0,1e-06,2e-06,3.8e-05,1.3e-05,2e-06,0.000258,1e-06,0,1e-06,0.000406,4e-06,1e-06,1.9e-05,1e-06,9.5e-05,1.7e-05,1e-06,0.000204,1e-06,0,1e-06,0,0,1e-06,1e-06
"manyara/simanjiro/naisinyai",0,0,0,0,0,0,0,0,0,0,0,0,0,0,0,0,0,0,0,0,0,0,0,0,0,0,0,0,0,0,0,0,0,0,0,0,0,0,0,0,0,0,0,0,0,0,0,0,0,0,0,0,0,0,0,0,0,0,0,0,0,0,0,0,0,0,0,0,0,0,0,0,0,0,0,0,0,0,0,0,0,0,0,0,0,0,0,0,0,0,0,0,0,0,0,0,0,0,0,0,0,0,0,0,0,0,0,0,0,0,0,0,0,0,0,0,0,0,0,0,0,0,0,0,0,0,0,0,0,0,0,0,0,0,0,0,0,0,0,0,0,0,0,0,0,0,0,0,0,0,0,0,0,0,0,0,0,0,0,0,0,0,0,0,0,0,0,0,0,0,0,0,0,0,0,0,0,0,0,0,0,0,0,0,0,0,0,0,0,0,0,0,0,0,0,0,0,0,0,0,0,0,0,0,0,0,0,0,0,0,0,0,0,0,0,0,0,0,0,0,0,0,0,0,0,0,0,0,0,0,0,0,0,0,0,0,0,0,0,0,0,0,0,0,0,0,0,0,0,0,0,0,0,0,0,0,0,0,0,0,0,0,0,0,0,0,0,0,0,0,0,0,0,0,0,0,0,0,0,0,0,0,0,0,0,0,0,0,0,0,0,0,0,0,0,0,0,0,0,0,0,0,0,0,0,0,0,0,0,0,0,0,0,0,0,0,0,0,0,0,0,0,0,0,0,0,0,0,0,0,0,0,0,0,0,0,0,0,0,0,0,0,0,0,0,0,0,0,0,0,0,0,0,0,0,0,0,0,0,0,0,0,0,0,0,0,0,0,0,0,0,0,0,0,0,0,0,0,0,0,0,0,0,0,0,0,0,0,0,0,0,0,0,0,0,0,0,0
"arusha/ngorongoro/naiyobi",0,0,0,0,0,0,0,0,0,0,0,0,0,0,0,0,0,0,0,0,0,0,0,0,0,0,0,0,0,0,0,0,0,0,0,0,0,0,0,0,0,0,0,0,0,0,0,0,0,0,0,0,0,0,0,0,0,0,0,0,0,0,0,0,0,0,0,0,0,0,0,0,0,0,0,0,0,0,0,0,0,0,0,0,0,0,0,0,0,0,0,0,0,0,0,0,0,0,0,0,0,0,0,0,0,0,0,0,0,0,0,0,0,0,0,0,0,0,0,0,0,0,0,0,0,0,0,0,0,0,0,0,0,0,0,0,0,0,0,0,0,0,0,0,0,0,0,0,0,0,0,0,0,0,0,0,0,0,0,0,0,0,0,0,0,0,0,0,0,0,0,0,0,0,0,0,0,0,0,0,0,0,0,0,0,0,0,0,0,0,0,0,0,0,0,0,0,0,0,0,0,0,0,0,0,0,0,0,0,0,0,0,0,0,0,0,0,0,0,0,0,0,0,0,0,0,0,0,0,0,0,0,0,0,0,0,0,0,0,0,0,0,0,0,0,0,0,0,0,0,0,0,0,0,0,0,0,0,0,0,0,0,0,0,0,0,0,0,0,0,0,0,0,0,0,0,0,0,0,0,0,0,0,0,0,0,0,0,0,0,0,0,0,0,0,0,0,0,0,0,0,0,0,0,0,0,0,0,0,0,0,0,0,0,0,0,0,0,0,0,0,0,0,0,0,0,0,0,0,0,0,0,0,0,0,0,0,0,0,0,0,0,0,0,0,0,0,0,0,0,0,0,0,0,0,0,0,0,0,0,0,0,0,0,0,0,0,0,0,0,0,0,0,0,0,0,0,0,0,0,0,0,0,0,0,0,0,0,0,0,0,0,0,0,0,0,0,0
"arusha/longido/namanga",6e-06,1e-06,1e-06,5e-06,0,2.2e-05,0,0,0,7e-06,0,0,5e-06,6.8e-05,2e-06,0,0,0,0,0,0,7e-06,0,1e-06,0,0,0,0,0,0,2e-05,0,0,0,0,0,6e-06,1e-06,0,1.6e-05,0,0,3e-06,1e-06,0,0,5e-06,0.001496,2.6e-05,0,0,0,0,0,1e-06,0,1e-06,0,4e-06,4.4e-05,0.000347,3e-05,0.000153,0,0,3.5e-05,1.8e-05,0,2e-06,5e-06,0,0,3e-06,1e-06,0,7.6e-05,5e-06,0,0,0,0,0,0,0,0,0,0.000261,0,1e-06,1.8e-05,0,0,0.000183,5.1e-05,3e-06,3e-06,3e-05,0,7.1e-05,1.9e-05,0,0,5e-06,1e-05,3e-06,0.000595,0,2.3e-05,2e-05,1.3e-05,2.1e-05,9.6e-05,0,0,1e-06,1e-06,7.8e-05,0,0.000126,1.8e-05,7e-06,0.000328,0,1e-06,0,2e-06,3e-06,0.000309,2e-05,1e-06,1e-06,1.5e-05,3.2e-05,5e-06,0,3.6e-05,2e-06,1.5e-05,0.049321,4.3e-05,2e-05,0,1.3e-05,4e-06,2e-06,1.8e-05,0,4.6e-05,4.7e-05,1.4e-05,1e-06,0,1e-06,0,1.1e-05,0.000288,3e-06,1.1e-05,1e-06,0.001822,4e-06,1.7e-05,0,1e-06,0,0,5e-06,1.4e-05,6.1e-05,2e-06,1e-06,3.8e-05,0.001057,4e-06,9e-06,3e-06,2.8e-05,2.5e-05,4e-05,2e-06,0,2e-06,1.3e-05,5e-06,0.000376,0.007155,1e-06,2e-06,0.000157,5.3e-05,8e-06,0,1e-06,0,4e-06,0,1e-06,0,4.3e-05,0,0.000153,1e-06,6e-06,0,6.9e-05,8e-06,0.000296,1.9e-05,1.5e-05,1e-06,1e-06,0,0.000108,0,0,2e-06,0,0.000661,6e-06,3.1e-05,0,1e-06,0,1e-06,0.000177,5e-06,0.000352,1e-06,0,0,0,0,0.000783,9.5e-05,0,0,1e-06,1e-05,7e-06,1e-06,8e-06,0.00064,0,0.000229,0,1e-06,2e-06,4.4e-05,0,3e-06,0.000374,0.000409,1e-06,8.5e-05,8e-05,4e-06,1e-06,2e-06,1e-06,0,0,5e-06,0,0,1.3e-05,2.7e-05,0,0.000112,0,1e-06,0.00013,5e-05,0,0,0.000295,2e-06,5e-06,7e-06,0,2e-06,3e-06,0,0,0,0,0,0,3e-06,0,1e-06,0,3.7e-05,0,0.000202,9e-06,5.1e-05,0.000213,2e-06,7e-06,4e-06,0,0,1e-06,3e-06,0,1.8e-05,9e-06,1e-06,1e-06,1e-06,6e-05,3e-06,0,0,7e-06,0,1e-06,0.000508,0.000266,4.9e-05,5e-06,0.000198,2.5e-05,0.000636,0.000748,1.4e-05,2.1e-05,3e-06,2e-06,2.5e-05,4.2e-05,1.7e-05,0.014714,8.3e-05,6e-06,0,3e-06,7e-06,0.000289,0,0,1e-06,0,0,2e-05,3e-06,8e-06,6.7e-05,1.8e-05,1.1e-05,0,9.2e-05,4e-06,0.000442,2e-05,2.2e-05,1.3e-05,2e-06,1e-06,9e-06,0,0,0,0,1e-06,0.000323,4.8e-05,0.000161,0,4.6e-05,3e-06,0,0,0,3e-06,1.2e-05,2e-06,1e-06,0.001528,0,0,0,0.000585,0,0,7e-06,1e-06,0.000105,1.9e-05,1e-06,0.000119,1e-06,0,0,0,0,0,0
"manyara/mbulu/nambisi",0,0,0,0,0,0,0,0,0,0,0,0,0,0,0,0,0,0,0,0,0,0,0,0,0,0,0,0,0,0,0,0,0,0,0,0,0,0,0,0,0,0,0,0,0,0,0,0,0,0,0,0,0,0,0,0,0,0,0,0,0,0,0,0,0,0,0,0,0,0,0,0,0,0,0,0,0,0,0,0,0,0,0,0,0,0,0,0,0,0,0,0,0,0,0,0,0,0,0,0,0,0,0,0,0,0,0,0,0,0,0,0,0,0,0,0,0,0,0,0,0,0,0,0,0,0,0,0,0,0,0,0,0,0,0,0,0,0,0,0,0,0,0,0,0,0,0,0,0,0,0,0,0,0,0,0,0,0,0,0,0,0,0,0,0,0,0,0,0,0,0,0,0,0,0,0,0,0,0,0,0,0,0,0,0,0,0,0,0,0,0,0,0,0,0,0,0,0,0,0,0,0,0,0,0,0,0,0,0,0,0,0,0,0,0,0,0,0,0,0,0,0,0,0,0,0,0,0,0,0,0,0,0,0,0,0,0,0,0,0,0,0,0,0,0,0,0,0,0,0,0,0,0,0,0,0,0,0,0,0,0,0,0,0,0,0,0,0,0,0,0,0,0,0,0,0,0,0,0,0,0,0,0,0,0,0,0,0,0,0,0,0,0,0,0,0,0,0,0,0,0,0,0,0,0,0,0,0,0,0,0,0,0,0,0,0,0,0,0,0,0,0,0,0,0,0,0,0,0,0,0,0,0,0,0,0,0,0,0,0,0,0,0,0,0,0,0,0,0,0,0,0,0,0,0,0,0,0,0,0,0,0,0,0,0,0,0,0,0,0,0,0,0,0,0,0,0,0,0,0,0,0,0,0,0,0,0,0,0,0,0,0,0,0,0,0,0,0
"manyara/kiteto/namelock",0,0,0,0,0,0,0,0,0,0,0,0,0,0,0,0,0,0,0,0,0,0,0,0,0,0,0,0,0,0,0,0,0,0,0,0,0,0,0,0,0,0,0,0,0,0,0,0,0,0,0,0,0,0,0,0,0,0,0,0,0,0,0,0,0,0,0,0,0,0,0,0,0,0,0,0,0,0,0,0,0,0,0,0,0,0,0,0,0,0,0,0,0,0,0,0,0,0,0,0,0,0,0,0,0,0,0,0,0,0,0,0,0,0,0,0,0,0,0,0,0,0,0,0,0,0,0,0,0,0,0,0,0,0,0,0,0,0,0,0,0,0,0,0,0,0,0,0,0,0,0,0,0,0,0,0,0,0,0,0,0,0,0,0,0,0,0,0,0,0,0,0,0,0,0,0,0,0,0,0,0,0,0,0,0,0,0,0,0,0,0,0,0,0,0,0,0,0,0,0,0,0,0,0,0,0,0,0,0,0,0,0,0,0,0,0,0,0,0,0,0,0,0,0,0,0,0,0,0,0,0,0,0,0,0,0,0,0,0,0,0,0,0,0,0,0,0,0,0,0,0,0,0,0,0,0,0,0,0,0,0,0,0,0,0,0,0,0,0,0,0,0,0,0,0,0,0,0,0,0,0,0,0,0,0,0,0,0,0,0,0,0,0,0,0,0,0,0,0,0,0,0,0,0,0,0,0,0,0,0,0,0,0,0,0,0,0,0,0,0,0,0,0,0,0,0,0,0,0,0,0,0,0,0,0,0,0,0,0,0,0,0,0,0,0,0,0,0,0,0,0,0,0,0,0,0,0,0,0,0,0,0,0,0,0,0,0,0,0,0,0,0,0,0,0,0,0,0,0,0,0,0,0,0,0,0,0,0,0,0,0,0,0,0,0,0,0,0
"manyara/babatiurban/nangara",7e-06,2e-06,1e-06,1.3e-05,2e-05,3e-05,2e-06,2e-06,3.6e-05,0.041822,0.000335,2e-06,5e-06,8.4e-05,5e-05,5e-06,5e-06,4.4e-05,3e-06,1e-05,1e-06,5e-06,2.6e-05,1e-06,1e-06,0,0.000143,3e-06,0,1e-06,3.1e-05,2e-06,0,0,8e-06,1.8e-05,8e-06,0.000697,1.1e-05,1.2e-05,4e-06,3e-06,5.1e-05,0.000184,1.1e-05,2.8e-05,3e-06,0.002015,0.000767,4e-06,5e-06,2e-06,2e-06,3e-06,0.000455,5e-06,1e-06,2.3e-05,3.1e-05,0.000481,1.6e-05,5.3e-05,2.8e-05,5e-06,0,5.8e-05,2.9e-05,1e-06,2.4e-05,0.002031,1e-06,1e-06,1e-06,5.8e-05,1e-05,2.8e-05,3e-06,2e-06,1e-06,2e-06,4e-06,8.2e-05,4e-06,3e-06,1.3e-05,2e-06,0.000219,2e-06,6.1e-05,0.000106,3e-06,2e-06,0.000185,3.9e-05,2e-06,0.00023,1.2e-05,0,9.3e-05,2.2e-05,5e-06,1e-06,1.9e-05,1.3e-05,3e-06,0.000105,2e-06,1.9e-05,8e-06,0.000212,9e-06,5.3e-05,0.000107,0,1e-06,1e-06,8.1e-05,1e-06,0.000103,9e-06,5e-06,0.000176,1e-06,2e-06,0,8e-06,4.2e-05,0.000402,3e-05,1e-06,1e-06,2e-05,4.2e-05,4e-06,0,4.6e-05,2e-06,1.2e-05,0.000199,3e-05,1.5e-05,0,1.6e-05,3e-06,1e-06,3.4e-05,3.6e-05,4.5e-05,3.6e-05,1.2e-05,1e-06,1e-06,1e-06,1e-06,3e-05,0.00055,2e-06,4e-06,5e-06,0.00152,6e-06,0.000286,0,2e-06,2e-06,2e-06,9e-06,8e-06,9.5e-05,4e-06,1.4e-05,0.000221,0.001388,1.9e-05,3e-06,0.000139,0.000864,1e-06,3e-05,2.3e-05,0,2e-06,6.2e-05,5e-06,0.000189,0.003795,0,1e-06,9.7e-05,2.9e-05,8e-06,9.7e-05,6e-05,4e-06,0.001756,2e-06,1e-06,5.3e-05,3.5e-05,1e-06,0.000134,3.5e-05,3.4e-05,1e-06,4.7e-05,4e-06,0.000314,0.000253,3.1e-05,1e-06,1e-06,3.8e-05,9.8e-05,0,1e-06,8e-06,2e-06,0.000423,4e-06,2.5e-05,5e-06,1e-06,1e-05,1e-06,0.000121,3e-06,0.000162,1e-06,1e-05,4e-06,6e-06,4e-06,0.00012,0.000208,9e-06,0,1e-06,2.8e-05,4.4e-05,1e-06,1.6e-05,0.002795,0,0.000802,0,1e-06,2e-06,6.8e-05,5e-06,1.1e-05,0.000445,0.000463,1e-06,0.000123,2.3e-05,1.6e-05,1e-06,3e-06,0,0,0,1.4e-05,2e-06,0,0.00019,2e-06,1e-05,0.000165,5.8e-05,0.000169,0.000128,8.7e-05,1e-06,1e-06,0.00027,1e-06,1.8e-05,8.3e-05,7e-06,8e-06,6e-06,1e-06,0.000771,1.9e-05,1e-06,0,3e-06,2e-06,1.1e-05,1e-06,9e-06,7e-06,1e-06,0.000358,8e-06,1.3e-05,0.000129,2e-06,2.1e-05,3.5e-05,0,0,1e-06,8e-06,2e-06,0.00137,1e-05,1e-06,1e-06,1e-06,0.000143,1.7e-05,7e-06,0,5e-06,1e-06,1e-06,0.000262,0.00015,0.000223,2.9e-05,0.00015,1.7e-05,6.3e-05,0.001088,2.9e-05,3.6e-05,4e-06,3e-06,3.1e-05,4.5e-05,1.9e-05,0.000904,7.9e-05,7.4e-05,2e-06,3e-06,4e-06,0.000297,5.1e-05,1e-06,0,1e-06,6.1e-05,8.1e-05,1.4e-05,8e-06,4.7e-05,5.7e-05,1e-05,2e-06,3.9e-05,4e-06,0.000558,8.8e-05,7.1e-05,7.1e-05,3e-06,1e-06,8e-06,4.7e-05,6e-06,0.000255,3e-06,2e-06,0.000352,0.000109,0.000239,2e-06,3.2e-05,3e-06,0,1e-06,4e-06,1e-06,2.7e-05,4.1e-05,1e-06,0.000133,3e-06,0,6e-06,0.000299,4.6e-05,2e-06,1e-05,1e-06,7.3e-05,1.3e-05,0,0.000133,0,1e-06,1e-06,0,0,5e-06,2e-06
"manyara/hanang/nangwa",0,0,0,0,0,0,0,0,0,0,0,0,0,0,0,0,0,0,0,0,0,0,0,0,0,0,0,0,0,0,0,0,0,0,0,0,0,0,0,0,0,0,0,0,0,0,0,0,0,0,0,0,0,0,0,0,0,0,0,0,0,0,0,0,0,0,0,0,0,0,0,0,0,0,0,0,0,0,0,0,0,0,0,0,0,0,0,0,0,0,0,0,0,0,0,0,0,0,0,0,0,0,0,0,0,0,0,0,0,0,0,0,0,0,0,0,0,0,0,0,0,0,0,0,0,0,0,0,0,0,0,0,0,0,0,0,0,0,0,0,0,0,0,0,0,0,0,0,0,0,0,0,0,0,0,0,0,0,0,0,0,0,0,0,0,0,0,0,0,0,0,0,0,0,0,0,0,0,0,0,0,0,0,0,0,0,0,0,0,0,0,0,0,0,0,0,0,0,0,0,0,0,0,0,0,0,0,0,0,0,0,0,0,0,0,0,0,0,0,0,0,0,0,0,0,0,0,0,0,0,0,0,0,0,0,0,0,0,0,0,0,0,0,0,0,0,0,0,0,0,0,0,0,0,0,0,0,0,0,0,0,0,0,0,0,0,0,0,0,0,0,0,0,0,0,0,0,0,0,0,0,0,0,0,0,0,0,0,0,0,0,0,0,0,0,0,0,0,0,0,0,0,0,0,0,0,0,0,0,0,0,0,0,0,0,0,0,0,0,0,0,0,0,0,0,0,0,0,0,0,0,0,0,0,0,0,0,0,0,0,0,0,0,0,0,0,0,0,0,0,0,0,0,0,0,0,0,0,0,0,0,0,0,0,0,0,0,0,0,0,0,0,0,0,0,0,0,0,0,0,0,0,0,0,0,0,0,0,0,0,0,0,0,0,0,0,0,0
"kilimanjaro/rombo/nanjarareha",0,0,0,0,0,0,0,0,0,0,0,0,0,0,0,0,0,0,0,0,0,0,0,0,0,0,0,0,0,0,0,0,0,0,0,0,0,0,0,0,0,0,0,0,0,0,0,0,0,0,0,0,0,0,0,0,0,0,0,0,0,0,0,0,0,0,0,0,0,0,0,0,0,0,0,0,0,0,0,0,0,0,0,0,0,0,0,0,0,0,0,0,0,0,0,0,0,0,0,0,0,0,0,0,0,0,0,0,0,0,0,0,0,0,0,0,0,0,0,0,0,0,0,0,0,0,0,0,0,0,0,0,0,0,0,0,0,0,0,0,0,0,0,0,0,0,0,0,0,0,0,0,0,0,0,0,0,0,0,0,0,0,0,0,0,0,0,0,0,0,0,0,0,0,0,0,0,0,0,0,0,0,0,0,0,0,0,0,0,0,0,0,0,0,0,0,0,0,0,0,0,0,0,0,0,0,0,0,0,0,0,0,0,0,0,0,0,0,0,0,0,0,0,0,0,0,0,0,0,0,0,0,0,0,0,0,0,0,0,0,0,0,0,0,0,0,0,0,0,0,0,0,0,0,0,0,0,0,0,0,0,0,0,0,0,0,0,0,0,0,0,0,0,0,0,0,0,0,0,0,0,0,0,0,0,0,0,0,0,0,0,0,0,0,0,0,0,0,0,0,0,0,0,0,0,0,0,0,0,0,0,0,0,0,0,0,0,0,0,0,0,0,0,0,0,0,0,0,0,0,0,0,0,0,0,0,0,0,0,0,0,0,0,0,0,0,0,0,0,0,0,0,0,0,0,0,0,0,0,0,0,0,0,0,0,0,0,0,0,0,0,0,0,0,0,0,0,0,0,0,0,0,0,0,0,0,0,0,0,0,0,0,0,0,0,0,0,0
"manyara/babati/nar",0,0,0,0,0,0,0,0,0,0,0,0,0,0,0,0,0,0,0,0,0,0,0,0,0,0,0,0,0,0,0,0,0,0,0,0,0,0,0,0,0,0,0,0,0,0,0,0,0,0,0,0,0,0,0,0,0,0,0,0,0,0,0,0,0,0,0,0,0,0,0,0,0,0,0,0,0,0,0,0,0,0,0,0,0,0,0,0,0,0,0,0,0,0,0,0,0,0,0,0,0,0,0,0,0,0,0,0,0,0,0,0,0,0,0,0,0,0,0,0,0,0,0,0,0,0,0,0,0,0,0,0,0,0,0,0,0,0,0,0,0,0,0,0,0,0,0,0,0,0,0,0,0,0,0,0,0,0,0,0,0,0,0,0,0,0,0,0,0,0,0,0,0,0,0,0,0,0,0,0,0,0,0,0,0,0,0,0,0,0,0,0,0,0,0,0,0,0,0,0,0,0,0,0,0,0,0,0,0,0,0,0,0,0,0,0,0,0,0,0,0,0,0,0,0,0,0,0,0,0,0,0,0,0,0,0,0,0,0,0,0,0,0,0,0,0,0,0,0,0,0,0,0,0,0,0,0,0,0,0,0,0,0,0,0,0,0,0,0,0,0,0,0,0,0,0,0,0,0,0,0,0,0,0,0,0,0,0,0,0,0,0,0,0,0,0,0,0,0,0,0,0,0,0,0,0,0,0,0,0,0,0,0,0,0,0,0,0,0,0,0,0,0,0,0,0,0,0,0,0,0,0,0,0,0,0,0,0,0,0,0,0,0,0,0,0,0,0,0,0,0,0,0,0,0,0,0,0,0,0,0,0,0,0,0,0,0,0,0,0,0,0,0,0,0,0,0,0,0,0,0,0,0,0,0,0,0,0,0,0,0,0,0,0,0,0,0,0
"kilimanjaro/siha/nasai",0,0,0,0,0,0,0,0,0,0,0,0,0,0,0,0,0,0,0,0,0,0,0,0,0,0,0,0,0,0,0,0,0,0,0,0,0,0,0,0,0,0,0,0,0,0,0,0,0,0,0,0,0,0,0,0,0,0,0,0,0,0,0,0,0,0,0,0,0,0,0,0,0,0,0,0,0,0,0,0,0,0,0,0,0,0,0,0,0,0,0,0,0,0,0,0,0,0,0,0,0,0,0,0,0,0,0,0,0,0,0,0,0,0,0,0,0,0,0,0,0,0,0,0,0,0,0,0,0,0,0,0,0,0,0,0,0,0,0,0,0,0,0,0,0,0,0,0,0,0,0,0,0,0,0,0,0,0,0,0,0,0,0,0,0,0,0,0,0,0,0,0,0,0,0,0,0,0,0,0,0,0,0,0,0,0,0,0,0,0,0,0,0,0,0,0,0,0,0,0,0,0,0,0,0,0,0,0,0,0,0,0,0,0,0,0,0,0,0,0,0,0,0,0,0,0,0,0,0,0,0,0,0,0,0,0,0,0,0,0,0,0,0,0,0,0,0,0,0,0,0,0,0,0,0,0,0,0,0,0,0,0,0,0,0,0,0,0,0,0,0,0,0,0,0,0,0,0,0,0,0,0,0,0,0,0,0,0,0,0,0,0,0,0,0,0,0,0,0,0,0,0,0,0,0,0,0,0,0,0,0,0,0,0,0,0,0,0,0,0,0,0,0,0,0,0,0,0,0,0,0,0,0,0,0,0,0,0,0,0,0,0,0,0,0,0,0,0,0,0,0,0,0,0,0,0,0,0,0,0,0,0,0,0,0,0,0,0,0,0,0,0,0,0,0,0,0,0,0,0,0,0,0,0,0,0,0,0,0,0,0,0,0,0,0,0,0,0
"manyara/kiteto/ndedo",1e-05,2e-06,2e-06,9e-06,1e-06,8.5e-05,0,0,1e-06,0.000173,3e-06,1e-06,7e-06,0.00011,1.4e-05,1e-06,0,3e-06,0,2e-06,5e-06,6e-06,1e-06,1e-06,3e-06,0,1e-06,0,1.4e-05,6e-06,7.5e-05,3.6e-05,2e-06,2e-06,2e-06,1e-06,1e-05,2.5e-05,1e-06,1.5e-05,1e-06,1e-06,0.000618,1.4e-05,0.000131,1e-06,3e-06,0.002368,0.000519,1e-06,0,1e-06,1e-06,1e-06,2.5e-05,0,2e-06,2e-06,0.000409,0.000194,1.5e-05,2.8e-05,3.4e-05,0.000108,0,7.5e-05,2.5e-05,0,8e-06,0.000193,0,0,2e-06,7e-06,2e-06,2.2e-05,3e-06,0,0,0,0,3e-06,0,1e-06,2e-06,0,0.000473,0,1.2e-05,0.00062,0,0,0.000534,5e-05,1e-06,2.7e-05,2.4e-05,1e-06,0.000275,6.7e-05,0,0,0.000114,1.5e-05,7e-06,0.000213,0,4.5e-05,1.3e-05,5e-05,1.7e-05,0.000131,1.4e-05,0,2e-06,2e-06,0.000174,5.6e-05,0.000259,2.1e-05,8e-06,0.000404,2e-06,9e-06,1e-06,5.4e-05,0.001389,0.000501,4.9e-05,2e-06,1e-06,4e-05,0.000133,1e-05,1e-06,5.9e-05,3e-06,3.1e-05,0.000293,7e-05,2.8e-05,3e-06,1.9e-05,6e-06,3e-06,0.000128,1e-06,0.000121,9.3e-05,3.3e-05,1e-06,2e-06,2e-06,4e-06,0.000146,0.000516,4e-06,3e-06,0.000213,0.003758,2.1e-05,0.000382,1e-06,7e-06,0,1e-06,3.1e-05,1.3e-05,0.000118,1.5e-05,0.000316,8.8e-05,0.00168,0.000151,6e-06,0.000275,0.000279,1e-06,7.3e-05,0.001068,2e-06,3e-06,0.000583,1.4e-05,0.000406,0.013752,1e-06,2e-06,0.000217,6.3e-05,2.1e-05,6e-06,6e-06,1e-06,6.8e-05,4.3e-05,2e-06,1e-06,8.8e-05,0,0.00022,0.000787,0.00019,1e-06,0.000122,8e-06,0.00091,7.4e-05,2.6e-05,2e-06,2e-06,2e-06,0.000277,1e-06,0,4.3e-05,0,0.00109,1e-05,6.7e-05,1e-06,1e-06,1e-06,2e-06,0.000255,5e-06,0.000337,4e-06,2e-06,0,0,0,0.000154,0.000219,0.000148,0,2e-06,3.6e-05,1.5e-05,1e-06,3.3e-05,0.002802,1e-06,0.002533,2e-06,1e-06,5e-06,9.5e-05,1e-06,1e-05,0.000547,0.000302,1e-06,0.000163,5e-05,0.000108,2e-06,1.1e-05,1e-06,3e-06,2e-06,3.1e-05,1e-06,3e-06,4.7e-05,3e-06,1e-06,0.000158,1e-06,1.7e-05,0.000133,0.000302,2e-06,3e-06,0.00075,4e-06,0.000124,0.00033,1e-06,4e-06,1.6e-05,0,0.001178,2e-06,4.1e-05,1e-06,0,4e-06,1e-06,1e-06,0,1.2e-05,9e-06,0.000546,2e-05,2.5e-05,0.000134,3e-06,9.1e-05,1.5e-05,1e-06,1e-06,1e-06,3.9e-05,0.000141,0.000158,1.3e-05,2e-06,1e-06,1e-06,0.000111,8e-06,0.000136,1e-06,1.2e-05,0,1e-06,0.000247,0.000371,0.000188,3.6e-05,0.00017,3.3e-05,0.000114,9e-04,2.4e-05,3e-05,5e-06,4e-06,3.6e-05,5.7e-05,2.1e-05,0.000871,1e-04,0.000767,8.7e-05,7e-06,4e-06,0.000437,9e-06,0,1e-06,0,1e-06,0.000596,0.000182,9e-06,5.9e-05,0.000311,1.2e-05,0,7.2e-05,5e-06,0.000695,3.5e-05,4.9e-05,0.000122,1e-05,3e-06,1.9e-05,1e-06,1e-06,1e-06,1e-06,3e-06,0.000457,9.3e-05,0.000281,4e-05,4.8e-05,7e-06,1e-06,4e-06,6.2e-05,3e-06,3.3e-05,3.4e-05,1e-06,0.000149,0,1e-06,1e-06,0.000728,6e-06,0,1.2e-05,1e-06,0.000174,3.2e-05,1e-06,0.000207,1e-06,3e-06,6e-06,1e-06,2e-06,1e-06,0
"kilimanjaro/siha/ndumeti",0,0,0,0,0,0,0,0,0,0,0,0,0,0,0,0,0,0,0,0,0,0,0,0,0,0,0,0,0,0,0,0,0,0,0,0,0,0,0,0,0,0,0,0,0,0,0,0,0,0,0,0,0,0,0,0,0,0,0,0,0,0,0,0,0,0,0,0,0,0,0,0,0,0,0,0,0,0,0,0,0,0,0,0,0,0,0,0,0,0,0,0,0,0,0,0,0,0,0,0,0,0,0,0,0,0,0,0,0,0,0,0,0,0,0,0,0,0,0,0,0,0,0,0,0,0,0,0,0,0,0,0,0,0,0,0,0,0,0,0,0,0,0,0,0,0,0,0,0,0,0,0,0,0,0,0,0,0,0,0,0,0,0,0,0,0,0,0,0,0,0,0,0,0,0,0,0,0,0,0,0,0,0,0,0,0,0,0,0,0,0,0,0,0,0,0,0,0,0,0,0,0,0,0,0,0,0,0,0,0,0,0,0,0,0,0,0,0,0,0,0,0,0,0,0,0,0,0,0,0,0,0,0,0,0,0,0,0,0,0,0,0,0,0,0,0,0,0,0,0,0,0,0,0,0,0,0,0,0,0,0,0,0,0,0,0,0,0,0,0,0,0,0,0,0,0,0,0,0,0,0,0,0,0,0,0,0,0,0,0,0,0,0,0,0,0,0,0,0,0,0,0,0,0,0,0,0,0,0,0,0,0,0,0,0,0,0,0,0,0,0,0,0,0,0,0,0,0,0,0,0,0,0,0,0,0,0,0,0,0,0,0,0,0,0,0,0,0,0,0,0,0,0,0,0,0,0,0,0,0,0,0,0,0,0,0,0,0,0,0,0,0,0,0,0,0,0,0,0,0,0,0,0,0,0,0,0,0,0,0,0,0,0,0,0,0,0,0
"kilimanjaro/same/ndungu",0,0,0,0,0,0,0,0,0,0,0,0,0,0,0,0,0,0,0,0,0,0,0,0,0,0,0,0,0,0,0,0,0,0,0,0,0,0,0,0,0,0,0,0,0,0,0,0,0,0,0,0,0,0,0,0,0,0,0,0,0,0,0,0,0,0,0,0,0,0,0,0,0,0,0,0,0,0,0,0,0,0,0,0,0,0,0,0,0,0,0,0,0,0,0,0,0,0,0,0,0,0,0,0,0,0,0,0,0,0,0,0,0,0,0,0,0,0,0,0,0,0,0,0,0,0,0,0,0,0,0,0,0,0,0,0,0,0,0,0,0,0,0,0,0,0,0,0,0,0,0,0,0,0,0,0,0,0,0,0,0,0,0,0,0,0,0,0,0,0,0,0,0,0,0,0,0,0,0,0,0,0,0,0,0,0,0,0,0,0,0,0,0,0,0,0,0,0,0,0,0,0,0,0,0,0,0,0,0,0,0,0,0,0,0,0,0,0,0,0,0,0,0,0,0,0,0,0,0,0,0,0,0,0,0,0,0,0,0,0,0,0,0,0,0,0,0,0,0,0,0,0,0,0,0,0,0,0,0,0,0,0,0,0,0,0,0,0,0,0,0,0,0,0,0,0,0,0,0,0,0,0,0,0,0,0,0,0,0,0,0,0,0,0,0,0,0,0,0,0,0,0,0,0,0,0,0,0,0,0,0,0,0,0,0,0,0,0,0,0,0,0,0,0,0,0,0,0,0,0,0,0,0,0,0,0,0,0,0,0,0,0,0,0,0,0,0,0,0,0,0,0,0,0,0,0,0,0,0,0,0,0,0,0,0,0,0,0,0,0,0,0,0,0,0,0,0,0,0,0,0,0,0,0,0,0,0,0,0,0,0,0,0,0,0,0,0,0
"arusha/arusha/nduruma",9.9e-05,0,0,1e-06,0,4.1e-05,0,0,0,6e-06,0,0,3.6e-05,0.000847,1e-06,0,0,0,0,0,0,1e-05,0,1e-06,0,0,0,0,0,0,0.001167,0,0,0,0,0,5.7e-05,1e-06,0,2e-06,0,0,2e-06,1e-06,0,0,1e-06,0.009718,6.4e-05,0,0,0,0,0,1e-06,0,7e-06,0,6e-06,1.4e-05,4e-06,7e-06,2.4e-05,0,0,0.000711,2.7e-05,0,1e-06,6e-06,0,0,2e-06,0,0,5e-06,1e-06,0,0,0,0,0,0,0,0,0,0.000619,0,0,1.3e-05,0,0,0.000131,0.00016,0,2e-06,2.6e-05,0,0.000101,2e-05,0,0,3e-06,7.5e-05,4e-06,8.2e-05,0,3e-05,2.2e-05,6e-06,1.7e-05,4.4e-05,0,2e-06,1e-06,0,0.000305,0,0.000132,1.2e-05,5e-06,0.000221,0,1e-06,0,1e-06,2e-06,0.002211,0.001242,1e-06,1e-06,1.3e-05,3.4e-05,6e-06,0,0.000382,1e-05,1.4e-05,0.000102,5e-05,7.7e-05,0,7.9e-05,4e-06,1e-06,1.8e-05,0,4.7e-05,3.8e-05,1.2e-05,0,0,1e-06,0,7e-06,0.000872,1e-06,1e-06,1e-06,0.002238,4e-06,6.5e-05,0,1e-06,0,0,8e-06,3.1e-05,0.000861,2e-06,1e-06,3.7e-05,0.008002,6e-06,6e-06,4e-06,6.2e-05,0,4.5e-05,2e-06,0,0,1.1e-05,7e-06,0.000311,0.011144,0,1e-06,0.000174,5.5e-05,1.5e-05,0,1e-06,0,4e-06,0,0,0,4.9e-05,0,0.001206,1e-06,5e-06,5e-06,3.8e-05,1.4e-05,0.000254,2.2e-05,3e-06,1e-06,1e-06,0,6.7e-05,0,0,2e-06,0,0.00027,4e-06,2.2e-05,0,9e-06,0,1e-06,3e-04,6e-06,0.000289,3e-06,0,0,0,0,2.8e-05,0.000652,0,0,1e-06,0.000307,3e-06,0,8.9e-05,0.0017,0,0.00026,0,1e-06,3e-06,0.002316,0,2e-05,0.002528,0.000235,1e-06,0.001722,2.1e-05,3e-06,1e-06,2e-06,1e-06,0,0,1.3e-05,0,0,8e-06,1e-06,0,0.000252,0,1e-06,0.000216,6.4e-05,0,0,0.000214,1e-06,3e-06,1.7e-05,0,1e-06,1.3e-05,0,0.000371,0,0,0,0,1e-06,0,1e-06,0,8e-06,0,0,1e-05,2.2e-05,0.000276,1.3e-05,1.3e-05,2e-06,0,0,1e-06,3e-06,0,1.8e-05,9.4e-05,1.1e-05,6e-06,1e-06,0.000381,1e-06,0,1e-06,6e-06,0,0,0.000383,0.000112,0.000711,4.5e-05,0.000318,5.5e-05,5.7e-05,0.002659,2e-06,3e-06,3.4e-05,0,0.000115,0.000266,5.1e-05,0.000434,9e-06,9e-06,0,4e-06,1e-06,0.003736,0,0,1e-06,0,0,2.3e-05,2e-06,1e-06,0.000149,2e-05,1e-06,0,9.9e-05,4.2e-05,0.003765,1.1e-05,3.6e-05,9.4e-05,2e-06,1e-06,1.2e-05,0,0,0,0,0,0.002524,0.000552,0.001284,0,0.00019,5e-06,0,0,0,1e-06,0.000228,1e-05,7e-06,8.9e-05,0,0,0,0.000216,0,0,6.1e-05,1e-06,0.000103,1.6e-05,1e-06,0.002332,0,0,0,0,0,0,0
"kilimanjaro/moshimunicipal/ngambo",0,0,0,0,0,0,0,0,0,0,0,0,0,0,0,0,0,0,0,0,0,0,0,0,0,0,0,0,0,0,0,0,0,0,0,0,0,0,0,0,0,0,0,0,0,0,0,0,0,0,0,0,0,0,0,0,0,0,0,0,0,0,0,0,0,0,0,0,0,0,0,0,0,0,0,0,0,0,0,0,0,0,0,0,0,0,0,0,0,0,0,0,0,0,0,0,0,0,0,0,0,0,0,0,0,0,0,0,0,0,0,0,0,0,0,0,0,0,0,0,0,0,0,0,0,0,0,0,0,0,0,0,0,0,0,0,0,0,0,0,0,0,0,0,0,0,0,0,0,0,0,0,0,0,0,0,0,0,0,0,0,0,0,0,0,0,0,0,0,0,0,0,0,0,0,0,0,0,0,0,0,0,0,0,0,0,0,0,0,0,0,0,0,0,0,0,0,0,0,0,0,0,0,0,0,0,0,0,0,0,0,0,0,0,0,0,0,0,0,0,0,0,0,0,0,0,0,0,0,0,0,0,0,0,0,0,0,0,0,0,0,0,0,0,0,0,0,0,0,0,0,0,0,0,0,0,0,0,0,0,0,0,0,0,0,0,0,0,0,0,0,0,0,0,0,0,0,0,0,0,0,0,0,0,0,0,0,0,0,0,0,0,0,0,0,0,0,0,0,0,0,0,0,0,0,0,0,0,0,0,0,0,0,0,0,0,0,0,0,0,0,0,0,0,0,0,0,0,0,0,0,0,0,0,0,0,0,0,0,0,0,0,0,0,0,0,0,0,0,0,0,0,0,0,0,0,0,0,0,0,0,0,0,0,0,0,0,0,0,0,0,0,0,0,0,0,0,0,0,0,0,0,0,0,0,0,0,0,0,0,0,0,0,0,0,0,0,0
"kilimanjaro/siha/ngarenairobi",8.3e-05,2e-06,1.3e-05,8e-06,0,0.000395,0,0,0,2.6e-05,0,0,6.4e-05,0.000759,5e-06,0,0,0,0,0,1e-06,0.000497,0,1.5e-05,1e-06,5e-06,0,0,0,1e-06,0.000236,0,1e-06,2e-06,1e-06,0,5.8e-05,4e-06,0,1.8e-05,0,0,1.3e-05,3e-06,2e-06,0,9e-06,0.013061,0.000149,0,0,0,0,0,3e-06,0,9e-06,0,2.9e-05,0.000102,8.2e-05,5.2e-05,0.000344,1e-06,0,0.000361,8.6e-05,0,6e-06,2.1e-05,0,0,0.000698,2e-06,0,5.7e-05,6e-06,0,0,0,0,0,0,0,0,0,0.008474,0,3e-06,0.000101,0,0,0.002575,0.000544,4e-06,8e-06,0.003331,2e-06,0.001213,0.000297,0,0,2.9e-05,9.5e-05,7.6e-05,0.007345,0,0.000659,0.000849,3.4e-05,0.002199,0.00172,2e-06,2e-06,2.1e-05,1.2e-05,0.002035,0,0.003037,0.000671,0.000277,0.010718,4e-06,1.4e-05,1e-06,1.1e-05,1.2e-05,0.007403,0.000307,1.9e-05,1.3e-05,0.000256,0.000455,0.000143,1e-06,0.000384,2.1e-05,0.000331,0.002915,0.001425,0.000636,1e-06,0.000117,0.000135,2.6e-05,0.000191,0,0.000884,0.000991,0.00025,1.5e-05,2e-06,1.7e-05,2e-06,6.9e-05,0.001756,3.9e-05,1.2e-05,3e-06,0.04574,5.6e-05,0.000127,8e-06,8e-06,0,0,6.4e-05,0.000485,6e-04,2e-05,4e-06,0.000136,0.009824,3e-05,0.00166,1.4e-05,0.000145,9e-06,0.001131,1e-05,0,2e-06,7.6e-05,9.6e-05,0.019495,0.18614,7.2e-05,8.3e-05,0.006347,0.002742,0.00021,1e-06,2e-06,0,1.5e-05,1e-06,1e-05,0,0.001081,0,0.003234,5e-06,3.7e-05,8e-06,0.00116,0.000431,0.004546,7.3e-05,2.4e-05,1.7e-05,1.4e-05,0,0.00149,5e-06,0,1.4e-05,0,0.008425,0.000106,0.000551,0,1e-05,0,0.000102,0.007414,0.00038,0.024346,3.5e-05,1e-06,0,0,0,0.000422,0.000725,2e-06,1e-06,2.7e-05,0.000143,1.7e-05,9e-06,0.00013,0.003434,9e-06,0.002208,1e-06,1.6e-05,5.6e-05,0.000527,0,2.1e-05,0.003589,0.001343,4e-06,0.000938,0.001708,2.5e-05,1.6e-05,2.4e-05,1.2e-05,1e-06,1e-06,8.2e-05,0,1e-06,3.8e-05,1.4e-05,0,0.00065,0,5e-06,0.000755,0.000648,4e-06,1e-06,0.004618,2.8e-05,2.7e-05,5.3e-05,0,5e-06,4.7e-05,1e-06,0.011239,0,0,0,0,5.7e-05,0,0.000142,2e-06,0.003143,2e-06,0.002613,0.000213,0,0.003795,1.7e-05,7.2e-05,1e-05,4e-06,1e-06,1.5e-05,2.3e-05,0,6.6e-05,0.000112,2.4e-05,1e-05,5.3e-05,0.000478,6e-06,1e-06,1e-05,0.000156,0,1e-06,0.004471,0.004136,0.000428,4.3e-05,0.001327,0.001039,0.00665,0.006167,2e-05,2.9e-05,2.9e-05,3e-06,0.000207,0.000432,0.000125,0.010503,0.000103,4e-05,0,7.3e-05,7e-06,0.004329,1e-06,0,1.5e-05,0,0,0.000147,1.3e-05,1e-05,0.000601,0.00015,1.3e-05,0,0.00857,5.2e-05,0.004367,5.4e-05,9.8e-05,0.00015,1.9e-05,2.1e-05,0.000237,0,0,0,0,2e-06,0.003514,0.000447,0.001425,1e-06,0.000762,9.2e-05,0,1e-06,1e-06,5e-05,0.000114,1.7e-05,6e-06,0.005489,0,1e-06,0,0.008627,1e-06,0,6.8e-05,3.1e-05,0.003086,5e-04,1.8e-05,0.001946,1.4e-05,1e-06,2e-06,0,0,0,0
"arusha/meru/ngarenanyuki",3.4e-05,0,1e-06,1e-06,0,2.6e-05,0,0,0,4e-06,0,0,3.6e-05,0.000317,1e-06,0,0,0,0,0,0,3.7e-05,0,1e-06,0,0,0,0,0,0,3.3e-05,0,0,0,0,0,2.3e-05,1e-06,0,2e-06,0,0,2e-06,1e-06,0,0,2e-06,0.00532,2.5e-05,0,0,0,0,0,1e-06,0,1e-06,0,3e-06,1.8e-05,1.3e-05,1.3e-05,8e-05,0,0,0.000121,2.6e-05,0,1e-06,4e-06,0,0,8e-06,0,0,1.1e-05,1e-06,0,0,0,0,0,0,0,0,0,0.000553,0,0,1.3e-05,0,0,0.000126,0.000403,1e-06,1e-06,6e-05,0,7.4e-05,1.7e-05,0,0,2e-06,4e-05,4e-06,0.000181,0,3e-05,0.000184,8e-06,3.8e-05,5.9e-05,0,1e-06,1e-06,0,0.000185,0,0.000133,1.8e-05,1.1e-05,0.00031,0,1e-06,0,1e-06,2e-06,0.002036,7.2e-05,1e-06,1e-06,1.7e-05,2.7e-05,6e-06,0,0.000162,1.1e-05,1.4e-05,0.00027,5.6e-05,8.4e-05,0,5.1e-05,5e-06,1e-06,1.3e-05,0,4.3e-05,4.1e-05,1.1e-05,1e-06,0,1e-06,0,5e-06,0.000554,2e-06,3e-06,0,0.002173,3e-06,2.8e-05,0,1e-06,0,0,5e-06,0.000137,0.000213,1e-06,1e-06,4.2e-05,0.004076,3e-06,1.5e-05,3e-06,3.8e-05,1e-06,4.8e-05,1e-06,0,0,7e-06,5e-06,0.000492,0.00685,1e-06,2e-06,0.000224,8.3e-05,1.2e-05,0,1e-06,0,3e-06,0,0,0,4.8e-05,0,0.000973,1e-06,5e-06,1e-06,4.5e-05,3.4e-05,0.000231,2.1e-05,3e-06,1e-06,1e-06,0,6.9e-05,0,0,1e-06,0,0.000335,4e-06,2.4e-05,0,2e-06,0,3e-06,0.000361,1.1e-05,0.00052,2e-06,0,0,0,0,4.8e-05,0.000223,0,0,1e-06,3.7e-05,4e-06,0,1.8e-05,0.000491,0,0.000235,0,1e-06,3e-06,0.000165,0,5e-06,0.00161,0.000529,1e-06,0.000338,3.9e-05,2e-06,1e-06,2e-06,1e-06,0,0,9e-06,0,0,9e-06,2e-06,0,0.00022,0,1e-06,0.000297,4.3e-05,0,0,0.000214,1e-06,2e-06,9e-06,0,1e-06,5e-06,0,0.000941,0,0,0,0,2e-06,0,4e-06,0,2.8e-05,0,0.000662,1e-05,7.6e-05,0,7e-06,6e-06,1e-06,0,0,1e-06,2e-06,0,1.5e-05,5.2e-05,1.1e-05,5e-06,1e-06,0.000237,1e-06,0,1e-06,6e-06,0,0,0.005314,0.000147,0.000147,9e-06,0.000655,7.1e-05,0.000173,0.004215,3e-06,5e-06,1.1e-05,0,8.8e-05,0.000214,5.4e-05,0.001954,1.1e-05,6e-06,0,4e-06,1e-06,0.00181,0,0,1e-06,0,0,1.3e-05,1e-06,1e-06,0.000412,1.2e-05,2e-06,0,0.000295,2.4e-05,0.001858,1.5e-05,2.4e-05,2.9e-05,1e-06,1e-06,1.2e-05,0,0,0,0,0,0.001697,0.000224,0.000539,0,0.000602,4e-06,0,0,0,1e-06,3.3e-05,4e-06,2e-06,0.000507,0,0,0,0.000298,0,0,2.7e-05,1e-06,0.000118,1.8e-05,1e-06,0.000624,1e-06,0,0,0,0,0,0
"arusha/arushaurban/ngarenaro",0,0,0,0,0,0,0,0,0,0,0,0,0,0,0,0,0,0,0,0,0,0,0,0,0,0,0,0,0,0,0,0,0,0,0,0,0,0,0,0,0,0,0,0,0,0,0,0,0,0,0,0,0,0,0,0,0,0,0,0,0,0,0,0,0,0,0,0,0,0,0,0,0,0,0,0,0,0,0,0,0,0,0,0,0,0,0,0,0,0,0,0,0,0,0,0,0,0,0,0,0,0,0,0,0,0,0,0,0,0,0,0,0,0,0,0,0,0,0,0,0,0,0,0,0,0,0,0,0,0,0,0,0,0,0,0,0,0,0,0,0,0,0,0,0,0,0,0,0,0,0,0,0,0,0,0,0,0,0,0,0,0,0,0,0,0,0,0,0,0,0,0,0,0,0,0,0,0,0,0,0,0,0,0,0,0,0,0,0,0,0,0,0,0,0,0,0,0,0,0,0,0,0,0,0,0,0,0,0,0,0,0,0,0,0,0,0,0,0,0,0,0,0,0,0,0,0,0,0,0,0,0,0,0,0,0,0,0,0,0,0,0,0,0,0,0,0,0,0,0,0,0,0,0,0,0,0,0,0,0,0,0,0,0,0,0,0,0,0,0,0,0,0,0,0,0,0,0,0,0,0,0,0,0,0,0,0,0,0,0,0,0,0,0,0,0,0,0,0,0,0,0,0,0,0,0,0,0,0,0,0,0,0,0,0,0,0,0,0,0,0,0,0,0,0,0,0,0,0,0,0,0,0,0,0,0,0,0,0,0,0,0,0,0,0,0,0,0,0,0,0,0,0,0,0,0,0,0,0,0,0,0,0,0,0,0,0,0,0,0,0,0,0,0,0,0,0,0,0,0,0,0,0,0,0,0,0,0,0,0,0,0,0,0,0,0,0,0
"manyara/simanjiro/ngorika",0,0,0,0,0,0,0,0,0,0,0,0,0,0,0,0,0,0,0,0,0,0,0,0,0,0,0,0,0,0,0,0,0,0,0,0,0,0,0,0,0,0,0,0,0,0,0,0,0,0,0,0,0,0,0,0,0,0,0,0,0,0,0,0,0,0,0,0,0,0,0,0,0,0,0,0,0,0,0,0,0,0,0,0,0,0,0,0,0,0,0,0,0,0,0,0,0,0,0,0,0,0,0,0,0,0,0,0,0,0,0,0,0,0,0,0,0,0,0,0,0,0,0,0,0,0,0,0,0,0,0,0,0,0,0,0,0,0,0,0,0,0,0,0,0,0,0,0,0,0,0,0,0,0,0,0,0,0,0,0,0,0,0,0,0,0,0,0,0,0,0,0,0,0,0,0,0,0,0,0,0,0,0,0,0,0,0,0,0,0,0,0,0,0,0,0,0,0,0,0,0,0,0,0,0,0,0,0,0,0,0,0,0,0,0,0,0,0,0,0,0,0,0,0,0,0,0,0,0,0,0,0,0,0,0,0,0,0,0,0,0,0,0,0,0,0,0,0,0,0,0,0,0,0,0,0,0,0,0,0,0,0,0,0,0,0,0,0,0,0,0,0,0,0,0,0,0,0,0,0,0,0,0,0,0,0,0,0,0,0,0,0,0,0,0,0,0,0,0,0,0,0,0,0,0,0,0,0,0,0,0,0,0,0,0,0,0,0,0,0,0,0,0,0,0,0,0,0,0,0,0,0,0,0,0,0,0,0,0,0,0,0,0,0,0,0,0,0,0,0,0,0,0,0,0,0,0,0,0,0,0,0,0,0,0,0,0,0,0,0,0,0,0,0,0,0,0,0,0,0,0,0,0,0,0,0,0,0,0,0,0,0,0,0,0,0,0,0
"arusha/ngorongoro/ngorongoro",1e-05,6.4e-05,1e-06,0.000109,1e-06,3.2e-05,1e-06,1e-06,1e-06,0.000167,3e-06,0,8e-06,0.000116,0.00015,5e-06,2e-06,4e-06,1e-06,2e-06,1e-06,5e-06,0,1e-06,0,0,1e-06,6e-06,0,1e-06,4.9e-05,1e-06,0,0,0.000208,1e-06,1.2e-05,3.4e-05,1.1e-05,7.4e-05,2e-06,0,2.1e-05,4.1e-05,3e-06,1e-06,1.4e-05,0.002964,0.000231,2.2e-05,2e-06,7.7e-05,1.8e-05,2e-06,1.9e-05,0,1e-06,1e-06,1.8e-05,0.010574,4e-05,0.000334,7.7e-05,2e-06,0,7.4e-05,5.9e-05,2e-06,7.9e-05,6.8e-05,4.8e-05,0,2e-06,4.4e-05,2e-06,0.000116,2.9e-05,0,1e-06,1e-06,0,2e-06,1e-06,0,1e-06,2e-06,0.000272,1e-06,2.9e-05,6.2e-05,0,1e-06,0.000224,6.4e-05,1e-05,0.000179,1.8e-05,0,0.000102,2.5e-05,2e-06,1.1e-05,1.7e-05,1.8e-05,3e-06,0.000179,9e-06,2.3e-05,1.3e-05,0.002766,1.3e-05,7.3e-05,1e-05,0,1e-06,1e-06,9.6e-05,0,0.000127,1.3e-05,5e-06,0.000241,1e-06,2e-06,0,7e-06,1.6e-05,0.000364,3.4e-05,1e-06,1e-06,1.7e-05,4.7e-05,5e-06,0,6.4e-05,4e-06,1.5e-05,0.000553,3.9e-05,2e-05,0,2.4e-05,4e-06,2e-06,3.4e-05,2e-06,5.3e-05,4.6e-05,1.5e-05,1e-06,1e-06,1e-06,1e-06,3e-05,0.000884,2e-06,1.2e-05,3e-06,0.00187,7e-06,8.8e-05,0,2e-06,0,0,9e-06,1.2e-05,0.000125,4e-06,6e-06,0.000398,0.00201,1.3e-05,5e-06,2e-05,3e-04,2e-06,3.8e-05,1.3e-05,0,2e-05,4.9e-05,6e-06,0.000263,0.007271,1e-06,1e-06,0.000129,4e-05,1e-05,1.2e-05,4.5e-05,2e-06,9.4e-05,1e-06,1e-06,1e-06,4.3e-05,8e-06,0.000181,8e-06,2e-05,1e-06,6.2e-05,6e-06,0.000372,0.000324,0.000579,1e-06,1e-06,2e-06,0.000123,0,8e-06,7e-06,3e-06,0.000576,5e-06,3.2e-05,1e-06,1e-06,1e-06,1e-06,0.000158,4e-06,0.000232,2e-06,2.5e-05,0,0,3e-06,0.000552,0.000273,3e-06,0,1e-06,2e-05,0.000396,1e-06,1.5e-05,0.004583,0,0.000535,0,1e-06,2e-06,8.3e-05,1e-06,1.1e-05,0.00066,0.000929,3e-06,0.00016,3.6e-05,1.4e-05,1e-06,3e-06,1e-06,0,0,1e-05,2e-06,0,0.000918,9e-06,2e-06,0.000296,1e-06,3.4e-05,0.00025,8.9e-05,1e-06,0,0.000332,2e-06,1.6e-05,2.9e-05,3e-06,0.000222,6e-06,1e-05,0.002069,6e-06,0,1e-06,0,2e-06,2e-06,1e-06,3e-06,1.2e-05,1e-06,4e-04,9e-06,2.2e-05,0.000156,3e-06,1.7e-05,0,0,0,1e-06,7e-06,1e-06,0.000575,1.4e-05,2e-06,1e-06,1e-06,0.000144,0.000681,2e-06,1e-06,6e-06,6.6e-05,5e-06,0.000365,0.000207,0.000155,2.1e-05,0.000287,2.2e-05,0.000119,0.001264,0.000132,0.000172,5e-06,1.5e-05,4.9e-05,6.8e-05,3.3e-05,0.001782,0.000437,2.8e-05,1e-06,3e-06,3.2e-05,0.000404,2e-06,2.9e-05,1e-06,1.6e-05,1e-06,6.4e-05,1.1e-05,6.5e-05,8.3e-05,5e-05,7.3e-05,1e-06,5.9e-05,5e-06,0.000801,0.000322,0.000129,3.7e-05,3e-06,1e-06,9e-06,1e-06,0,1e-06,0,1.1e-05,0.000515,0.000103,0.000338,1e-06,4.9e-05,4e-06,0,1e-06,1e-06,2e-06,3.1e-05,1.4e-05,1e-06,0.000202,2e-06,0,1e-06,0.000422,1e-05,1e-06,1.4e-05,1e-06,9.4e-05,1.7e-05,1e-06,0.000171,1e-06,0,1e-06,0,0,2e-06,2e-06
"kilimanjaro/rombo/ngoyoni",0,0,0,0,0,0,0,0,0,0,0,0,0,0,0,0,0,0,0,0,0,0,0,0,0,0,0,0,0,0,0,0,0,0,0,0,0,0,0,0,0,0,0,0,0,0,0,0,0,0,0,0,0,0,0,0,0,0,0,0,0,0,0,0,0,0,0,0,0,0,0,0,0,0,0,0,0,0,0,0,0,0,0,0,0,0,0,0,0,0,0,0,0,0,0,0,0,0,0,0,0,0,0,0,0,0,0,0,0,0,0,0,0,0,0,0,0,0,0,0,0,0,0,0,0,0,0,0,0,0,0,0,0,0,0,0,0,0,0,0,0,0,0,0,0,0,0,0,0,0,0,0,0,0,0,0,0,0,0,0,0,0,0,0,0,0,0,0,0,0,0,0,0,0,0,0,0,0,0,0,0,0,0,0,0,0,0,0,0,0,0,0,0,0,0,0,0,0,0,0,0,0,0,0,0,0,0,0,0,0,0,0,0,0,0,0,0,0,0,0,0,0,0,0,0,0,0,0,0,0,0,0,0,0,0,0,0,0,0,0,0,0,0,0,0,0,0,0,0,0,0,0,0,0,0,0,0,0,0,0,0,0,0,0,0,0,0,0,0,0,0,0,0,0,0,0,0,0,0,0,0,0,0,0,0,0,0,0,0,0,0,0,0,0,0,0,0,0,0,0,0,0,0,0,0,0,0,0,0,0,0,0,0,0,0,0,0,0,0,0,0,0,0,0,0,0,0,0,0,0,0,0,0,0,0,0,0,0,0,0,0,0,0,0,0,0,0,0,0,0,0,0,0,0,0,0,0,0,0,0,0,0,0,0,0,0,0,0,0,0,0,0,0,0,0,0,0,0,0,0,0,0,0,0,0,0,0,0,0,0,0,0,0,0,0,0,0,0
"kilimanjaro/mwanga/ngujini",0,0,0,0,0,0,0,0,0,0,0,0,0,0,0,0,0,0,0,0,0,0,0,0,0,0,0,0,0,0,0,0,0,0,0,0,0,0,0,0,0,0,0,0,0,0,0,0,0,0,0,0,0,0,0,0,0,0,0,0,0,0,0,0,0,0,0,0,0,0,0,0,0,0,0,0,0,0,0,0,0,0,0,0,0,0,0,0,0,0,0,0,0,0,0,0,0,0,0,0,0,0,0,0,0,0,0,0,0,0,0,0,0,0,0,0,0,0,0,0,0,0,0,0,0,0,0,0,0,0,0,0,0,0,0,0,0,0,0,0,0,0,0,0,0,0,0,0,0,0,0,0,0,0,0,0,0,0,0,0,0,0,0,0,0,0,0,0,0,0,0,0,0,0,0,0,0,0,0,0,0,0,0,0,0,0,0,0,0,0,0,0,0,0,0,0,0,0,0,0,0,0,0,0,0,0,0,0,0,0,0,0,0,0,0,0,0,0,0,0,0,0,0,0,0,0,0,0,0,0,0,0,0,0,0,0,0,0,0,0,0,0,0,0,0,0,0,0,0,0,0,0,0,0,0,0,0,0,0,0,0,0,0,0,0,0,0,0,0,0,0,0,0,0,0,0,0,0,0,0,0,0,0,0,0,0,0,0,0,0,0,0,0,0,0,0,0,0,0,0,0,0,0,0,0,0,0,0,0,0,0,0,0,0,0,0,0,0,0,0,0,0,0,0,0,0,0,0,0,0,0,0,0,0,0,0,0,0,0,0,0,0,0,0,0,0,0,0,0,0,0,0,0,0,0,0,0,0,0,0,0,0,0,0,0,0,0,0,0,0,0,0,0,0,0,0,0,0,0,0,0,0,0,0,0,0,0,0,0,0,0,0,0,0,0,0,0,0
"kilimanjaro/moshimunicipal/njoro",0,0,0,0,0,0,0,0,0,0,0,0,0,0,0,0,0,0,0,0,0,0,0,0,0,0,0,0,0,0,0,0,0,0,0,0,0,0,0,0,0,0,0,0,0,0,0,0,0,0,0,0,0,0,0,0,0,0,0,0,0,0,0,0,0,0,0,0,0,0,0,0,0,0,0,0,0,0,0,0,0,0,0,0,0,0,0,0,0,0,0,0,0,0,0,0,0,0,0,0,0,0,0,0,0,0,0,0,0,0,0,0,0,0,0,0,0,0,0,0,0,0,0,0,0,0,0,0,0,0,0,0,0,0,0,0,0,0,0,0,0,0,0,0,0,0,0,0,0,0,0,0,0,0,0,0,0,0,0,0,0,0,0,0,0,0,0,0,0,0,0,0,0,0,0,0,0,0,0,0,0,0,0,0,0,0,0,0,0,0,0,0,0,0,0,0,0,0,0,0,0,0,0,0,0,0,0,0,0,0,0,0,0,0,0,0,0,0,0,0,0,0,0,0,0,0,0,0,0,0,0,0,0,0,0,0,0,0,0,0,0,0,0,0,0,0,0,0,0,0,0,0,0,0,0,0,0,0,0,0,0,0,0,0,0,0,0,0,0,0,0,0,0,0,0,0,0,0,0,0,0,0,0,0,0,0,0,0,0,0,0,0,0,0,0,0,0,0,0,0,0,0,0,0,0,0,0,0,0,0,0,0,0,0,0,0,0,0,0,0,0,0,0,0,0,0,0,0,0,0,0,0,0,0,0,0,0,0,0,0,0,0,0,0,0,0,0,0,0,0,0,0,0,0,0,0,0,0,0,0,0,0,0,0,0,0,0,0,0,0,0,0,0,0,0,0,0,0,0,0,0,0,0,0,0,0,0,0,0,0,0,0,0,0,0,0,0,0
"kilimanjaro/same/njoro",2e-06,0,1e-06,1e-06,0,7.8e-05,0,0,0,4e-06,0,0,1e-06,1.9e-05,1e-06,0,0,0,0,0,2e-06,2e-06,0,1e-06,4e-06,0,0,0,0,4e-06,1.4e-05,0,3e-06,7e-06,0,0,2e-06,1e-06,0,1e-06,0,0,5e-06,0,1e-06,0,0,0.000361,2.3e-05,0,0,0,0,0,1e-06,0,1e-06,0,4.6e-05,1.1e-05,2e-06,2e-06,5e-06,0,0,1.2e-05,3e-06,0,0,4e-06,0,0,1e-06,0,0,2e-06,0,0,0,0,0,0,0,0,0,0,0.000205,0,0,0.000292,0,0,0.000541,9e-06,0,1e-06,8e-06,2e-06,0.00031,8e-05,0,0,6.7e-05,2e-06,5e-06,6e-05,0,2.7e-05,3e-06,3e-06,6e-06,7.1e-05,0,0,1e-06,1e-06,7.1e-05,0,0.000175,1e-05,4e-06,2e-04,6e-06,3.1e-05,4e-06,2.6e-05,6e-06,0.000139,1.1e-05,1e-06,1e-06,3.8e-05,2e-04,6e-06,5e-06,1e-05,0,2.2e-05,4.2e-05,3.7e-05,9e-06,2e-06,3e-06,3e-06,2e-06,0.000522,0,0.000105,6.5e-05,2.7e-05,1e-06,1.2e-05,1e-06,3.8e-05,0.000234,6.2e-05,2e-06,0,3e-06,0.002401,3.8e-05,2.8e-05,0,4.8e-05,0,0,6.4e-05,3e-06,1.9e-05,7e-05,2e-06,7e-06,0.000265,0.000104,2e-06,4e-06,1.5e-05,0,4.3e-05,6e-06,1e-06,0,0.000203,1.2e-05,0.000173,0.007506,0,1e-06,0.000102,2.6e-05,1.3e-05,0,0,0,2e-06,0,2e-06,0,5.7e-05,0,5.4e-05,2e-06,0.000165,0,8e-05,2e-06,0.00098,5e-06,2e-06,1e-06,1e-06,0,0.000244,1e-06,0,3.7e-05,0,0.000635,7e-06,5.1e-05,0,0,0,1e-06,0.000106,2e-06,0.00013,2e-06,0,0,0,0,1.6e-05,2.9e-05,1e-06,0,1e-06,9e-06,1e-06,1e-06,1.1e-05,0.00023,0,0.042512,6e-06,1e-06,3e-06,1.8e-05,0,1e-06,8.8e-05,3.5e-05,0,2.8e-05,1.8e-05,8.9e-05,1e-06,2.8e-05,1e-06,7e-06,4e-06,3e-05,0,3e-06,3e-06,0,0,2e-05,0,1e-06,1.8e-05,0.00072,4e-06,9e-06,0.000671,3e-06,8.1e-05,3.4e-05,0,0,9e-06,0,0.000173,0,0,0,0,2e-06,0,0,1e-06,3e-06,6e-06,0.000109,1.4e-05,7e-06,2.8e-05,0,0.000162,1e-06,1e-06,3e-06,1e-06,0,0,7e-06,2e-06,0,0,1e-06,1.6e-05,1e-06,0,1e-06,8e-06,0,0,4.3e-05,0.000202,2.5e-05,4e-06,2.5e-05,1.2e-05,2.7e-05,0.000138,2e-06,2e-06,1e-06,0,5e-06,1e-05,3e-06,0.000128,8e-06,5e-05,0,5e-06,0,9e-05,0,0,1e-06,0,0,0.001116,2.1e-05,1e-06,1e-05,0.008042,1e-06,0,2.2e-05,1e-06,0.000113,3e-06,5e-06,3e-05,3.3e-05,2e-06,1.2e-05,0,0,0,0,0,7.9e-05,1.4e-05,4.2e-05,0,1e-05,5e-06,7e-06,4e-06,0,1e-06,5e-06,2e-06,0,2.8e-05,0,5e-06,0,0.000363,0,0,2e-06,1e-06,9.9e-05,1.9e-05,1e-06,4.6e-05,1e-06,7e-06,8e-06,8e-06,1e-06,0,0
"manyara/kiteto/njoro",0,0,0,0,0,0,0,0,0,0,0,0,0,0,0,0,0,0,0,0,0,0,0,0,0,0,0,0,0,0,0,0,0,0,0,0,0,0,0,0,0,0,0,0,0,0,0,0,0,0,0,0,0,0,0,0,0,0,0,0,0,0,0,0,0,0,0,0,0,0,0,0,0,0,0,0,0,0,0,0,0,0,0,0,0,0,0,0,0,0,0,0,0,0,0,0,0,0,0,0,0,0,0,0,0,0,0,0,0,0,0,0,0,0,0,0,0,0,0,0,0,0,0,0,0,0,0,0,0,0,0,0,0,0,0,0,0,0,0,0,0,0,0,0,0,0,0,0,0,0,0,0,0,0,0,0,0,0,0,0,0,0,0,0,0,0,0,0,0,0,0,0,0,0,0,0,0,0,0,0,0,0,0,0,0,0,0,0,0,0,0,0,0,0,0,0,0,0,0,0,0,0,0,0,0,0,0,0,0,0,0,0,0,0,0,0,0,0,0,0,0,0,0,0,0,0,0,0,0,0,0,0,0,0,0,0,0,0,0,0,0,0,0,0,0,0,0,0,0,0,0,0,0,0,0,0,0,0,0,0,0,0,0,0,0,0,0,0,0,0,0,0,0,0,0,0,0,0,0,0,0,0,0,0,0,0,0,0,0,0,0,0,0,0,0,0,0,0,0,0,0,0,0,0,0,0,0,0,0,0,0,0,0,0,0,0,0,0,0,0,0,0,0,0,0,0,0,0,0,0,0,0,0,0,0,0,0,0,0,0,0,0,0,0,0,0,0,0,0,0,0,0,0,0,0,0,0,0,0,0,0,0,0,0,0,0,0,0,0,0,0,0,0,0,0,0,0,0,0,0,0,0,0,0,0,0,0,0,0,0,0,0,0,0,0,0,0,0
"manyara/babati/nkaiti",2e-05,8e-06,1e-06,2.9e-05,4e-06,5.4e-05,3e-06,4e-06,2e-06,0.000985,1.3e-05,1e-06,1.6e-05,0.00025,6.9e-05,1.2e-05,4e-06,1.4e-05,1e-06,5e-06,1e-06,1.1e-05,2e-06,1e-06,1e-06,0,5e-06,1.6e-05,0,1e-06,8.2e-05,1e-06,0,1e-06,2.9e-05,5e-06,2.6e-05,0.000145,2.9e-05,2.5e-05,2e-06,1e-06,4.2e-05,0.000105,8e-06,3e-06,1.2e-05,0.006519,0.00161,1.5e-05,7e-06,5e-06,1.6e-05,2e-06,7.5e-05,1e-06,2e-06,1e-05,3.6e-05,0.001087,3.9e-05,0.000216,8.5e-05,3e-06,0,0.000177,0.00012,1e-06,0.000273,0.000687,6e-06,0,2e-06,0.000177,4e-06,7.6e-05,1.1e-05,1e-06,1e-06,1e-06,1e-06,9e-06,2e-06,1e-06,3e-06,4e-06,0.00046,1e-06,4.1e-05,0.000129,1e-06,1e-06,0.000306,0.000117,6e-06,0.000389,2.7e-05,0,0.000162,3.8e-05,7e-06,2e-06,2.3e-05,4e-05,5e-06,0.000205,9e-06,3.6e-05,1.9e-05,0.001194,1.9e-05,9.5e-05,2.9e-05,1e-06,1e-06,1e-06,0.000174,1e-06,0.00019,1.8e-05,1e-05,0.000337,1e-06,4e-06,0,9e-06,3.6e-05,0.000974,7.6e-05,1e-06,1e-06,3.5e-05,7e-05,8e-06,0,0.00014,8e-06,2.2e-05,0.000472,5.9e-05,3.6e-05,1e-06,5.2e-05,5e-06,2e-06,5.1e-05,1.1e-05,7.9e-05,6.5e-05,2.1e-05,1e-06,1e-06,1e-06,1e-06,4e-05,0.002127,4e-06,1.2e-05,5e-06,0.00287,1e-05,0.000501,0,2e-06,1e-06,1e-06,1.5e-05,1.9e-05,0.000294,6e-06,1.2e-05,0.001383,0.0044,2.5e-05,7e-06,0.000115,0.003923,1e-06,5.8e-05,2e-05,0,5e-06,7.3e-05,9e-06,0.000383,0.007469,1e-06,1e-06,0.000196,6e-05,1.6e-05,3.3e-05,0.000464,3e-06,0.001986,2e-06,1e-06,7e-06,6.6e-05,6e-06,0.000343,2.2e-05,4.2e-05,1e-06,8.2e-05,1e-05,0.000529,0.002341,8e-05,1e-06,1e-06,2.5e-05,0.000164,0,2e-06,1e-05,6e-06,0.000716,7e-06,4.4e-05,3e-06,2e-06,2e-06,2e-06,0.000254,6e-06,0.000338,3e-06,2e-05,1e-06,1e-06,5e-06,0.000286,0.000723,6e-06,0,1e-06,6.7e-05,0.000238,1e-06,3.4e-05,0.013697,1e-06,0.001169,0,1e-06,4e-06,0.000192,1e-06,3.7e-05,0.001397,0.001815,6e-06,0.000366,4.5e-05,2e-05,1e-06,5e-06,1e-06,1e-06,0,2.5e-05,3.5e-05,1e-06,0.001511,6e-06,7e-06,0.000629,4e-06,0.001165,0.000459,0.00014,1e-06,1e-06,0.000458,2e-06,2.2e-05,0.000111,1.3e-05,3.6e-05,1.2e-05,2e-06,0.001752,2e-05,1e-06,8e-06,1e-06,3e-06,4e-06,1e-06,6e-06,1.5e-05,2e-06,0.000956,1.4e-05,3e-05,0.000349,8e-06,3.2e-05,0.000118,0,0,1e-06,1.1e-05,1e-06,0,2.9e-05,3e-06,2e-06,1e-06,0.000486,4.9e-05,4e-06,1e-06,9e-06,4e-06,2e-06,0.000766,0.000262,0.000675,7.7e-05,5e-04,3.7e-05,0.000135,0.003554,5.5e-05,7.1e-05,1.1e-05,5e-06,0.000103,0.00014,6.6e-05,0.002399,0.000153,8.3e-05,1e-06,5e-06,1e-05,0.000817,1.3e-05,6e-06,1e-06,8e-06,5e-06,0.000106,1.6e-05,1.8e-05,0.000148,7.8e-05,2.2e-05,4e-06,9e-05,1.1e-05,0.001735,0.000511,0.000361,0.00014,4e-06,2e-06,1.5e-05,5e-06,1e-06,4e-06,1e-06,4e-06,0.001064,0.000344,0.000775,2e-06,8.9e-05,6e-06,0,1e-06,3e-06,2e-06,8.3e-05,9.2e-05,3e-06,0.000317,3e-06,0,3e-06,0.000524,1.8e-05,4e-06,3.2e-05,1e-06,0.000139,2.4e-05,1e-06,0.000351,1e-06,1e-06,1e-06,0,0,4e-06,2e-06
"arusha/meru/nkoanrua",0,0,0,0,0,0,0,0,0,0,0,0,0,0,0,0,0,0,0,0,0,0,0,0,0,0,0,0,0,0,0,0,0,0,0,0,0,0,0,0,0,0,0,0,0,0,0,0,0,0,0,0,0,0,0,0,0,0,0,0,0,0,0,0,0,0,0,0,0,0,0,0,0,0,0,0,0,0,0,0,0,0,0,0,0,0,0,0,0,0,0,0,0,0,0,0,0,0,0,0,0,0,0,0,0,0,0,0,0,0,0,0,0,0,0,0,0,0,0,0,0,0,0,0,0,0,0,0,0,0,0,0,0,0,0,0,0,0,0,0,0,0,0,0,0,0,0,0,0,0,0,0,0,0,0,0,0,0,0,0,0,0,0,0,0,0,0,0,0,0,0,0,0,0,0,0,0,0,0,0,0,0,0,0,0,0,0,0,0,0,0,0,0,0,0,0,0,0,0,0,0,0,0,0,0,0,0,0,0,0,0,0,0,0,0,0,0,0,0,0,0,0,0,0,0,0,0,0,0,0,0,0,0,0,0,0,0,0,0,0,0,0,0,0,0,0,0,0,0,0,0,0,0,0,0,0,0,0,0,0,0,0,0,0,0,0,0,0,0,0,0,0,0,0,0,0,0,0,0,0,0,0,0,0,0,0,0,0,0,0,0,0,0,0,0,0,0,0,0,0,0,0,0,0,0,0,0,0,0,0,0,0,0,0,0,0,0,0,0,0,0,0,0,0,0,0,0,0,0,0,0,0,0,0,0,0,0,0,0,0,0,0,0,0,0,0,0,0,0,0,0,0,0,0,0,0,0,0,0,0,0,0,0,0,0,0,0,0,0,0,0,0,0,0,0,0,0,0,0,0,0,0,0,0,0,0,0,0,0,0,0,0,0,0,0,0,0,0
"arusha/meru/nkoaranga",0,0,0,0,0,0,0,0,0,0,0,0,0,0,0,0,0,0,0,0,0,0,0,0,0,0,0,0,0,0,0,0,0,0,0,0,0,0,0,0,0,0,0,0,0,0,0,0,0,0,0,0,0,0,0,0,0,0,0,0,0,0,0,0,0,0,0,0,0,0,0,0,0,0,0,0,0,0,0,0,0,0,0,0,0,0,0,0,0,0,0,0,0,0,0,0,0,0,0,0,0,0,0,0,0,0,0,0,0,0,0,0,0,0,0,0,0,0,0,0,0,0,0,0,0,0,0,0,0,0,0,0,0,0,0,0,0,0,0,0,0,0,0,0,0,0,0,0,0,0,0,0,0,0,0,0,0,0,0,0,0,0,0,0,0,0,0,0,0,0,0,0,0,0,0,0,0,0,0,0,0,0,0,0,0,0,0,0,0,0,0,0,0,0,0,0,0,0,0,0,0,0,0,0,0,0,0,0,0,0,0,0,0,0,0,0,0,0,0,0,0,0,0,0,0,0,0,0,0,0,0,0,0,0,0,0,0,0,0,0,0,0,0,0,0,0,0,0,0,0,0,0,0,0,0,0,0,0,0,0,0,0,0,0,0,0,0,0,0,0,0,0,0,0,0,0,0,0,0,0,0,0,0,0,0,0,0,0,0,0,0,0,0,0,0,0,0,0,0,0,0,0,0,0,0,0,0,0,0,0,0,0,0,0,0,0,0,0,0,0,0,0,0,0,0,0,0,0,0,0,0,0,0,0,0,0,0,0,0,0,0,0,0,0,0,0,0,0,0,0,0,0,0,0,0,0,0,0,0,0,0,0,0,0,0,0,0,0,0,0,0,0,0,0,0,0,0,0,0,0,0,0,0,0,0,0,0,0,0,0,0,0,0,0,0,0,0,0
"arusha/meru/nkoarisambu",0,0,0,0,0,0,0,0,0,0,0,0,0,0,0,0,0,0,0,0,0,0,0,0,0,0,0,0,0,0,0,0,0,0,0,0,0,0,0,0,0,0,0,0,0,0,0,0,0,0,0,0,0,0,0,0,0,0,0,0,0,0,0,0,0,0,0,0,0,0,0,0,0,0,0,0,0,0,0,0,0,0,0,0,0,0,0,0,0,0,0,0,0,0,0,0,0,0,0,0,0,0,0,0,0,0,0,0,0,0,0,0,0,0,0,0,0,0,0,0,0,0,0,0,0,0,0,0,0,0,0,0,0,0,0,0,0,0,0,0,0,0,0,0,0,0,0,0,0,0,0,0,0,0,0,0,0,0,0,0,0,0,0,0,0,0,0,0,0,0,0,0,0,0,0,0,0,0,0,0,0,0,0,0,0,0,0,0,0,0,0,0,0,0,0,0,0,0,0,0,0,0,0,0,0,0,0,0,0,0,0,0,0,0,0,0,0,0,0,0,0,0,0,0,0,0,0,0,0,0,0,0,0,0,0,0,0,0,0,0,0,0,0,0,0,0,0,0,0,0,0,0,0,0,0,0,0,0,0,0,0,0,0,0,0,0,0,0,0,0,0,0,0,0,0,0,0,0,0,0,0,0,0,0,0,0,0,0,0,0,0,0,0,0,0,0,0,0,0,0,0,0,0,0,0,0,0,0,0,0,0,0,0,0,0,0,0,0,0,0,0,0,0,0,0,0,0,0,0,0,0,0,0,0,0,0,0,0,0,0,0,0,0,0,0,0,0,0,0,0,0,0,0,0,0,0,0,0,0,0,0,0,0,0,0,0,0,0,0,0,0,0,0,0,0,0,0,0,0,0,0,0,0,0,0,0,0,0,0,0,0,0,0,0,0,0,0,0
"kilimanjaro/moshi/okaoni",0,0,0,0,0,0,0,0,0,0,0,0,0,0,0,0,0,0,0,0,0,0,0,0,0,0,0,0,0,0,0,0,0,0,0,0,0,0,0,0,0,0,0,0,0,0,0,0,0,0,0,0,0,0,0,0,0,0,0,0,0,0,0,0,0,0,0,0,0,0,0,0,0,0,0,0,0,0,0,0,0,0,0,0,0,0,0,0,0,0,0,0,0,0,0,0,0,0,0,0,0,0,0,0,0,0,0,0,0,0,0,0,0,0,0,0,0,0,0,0,0,0,0,0,0,0,0,0,0,0,0,0,0,0,0,0,0,0,0,0,0,0,0,0,0,0,0,0,0,0,0,0,0,0,0,0,0,0,0,0,0,0,0,0,0,0,0,0,0,0,0,0,0,0,0,0,0,0,0,0,0,0,0,0,0,0,0,0,0,0,0,0,0,0,0,0,0,0,0,0,0,0,0,0,0,0,0,0,0,0,0,0,0,0,0,0,0,0,0,0,0,0,0,0,0,0,0,0,0,0,0,0,0,0,0,0,0,0,0,0,0,0,0,0,0,0,0,0,0,0,0,0,0,0,0,0,0,0,0,0,0,0,0,0,0,0,0,0,0,0,0,0,0,0,0,0,0,0,0,0,0,0,0,0,0,0,0,0,0,0,0,0,0,0,0,0,0,0,0,0,0,0,0,0,0,0,0,0,0,0,0,0,0,0,0,0,0,0,0,0,0,0,0,0,0,0,0,0,0,0,0,0,0,0,0,0,0,0,0,0,0,0,0,0,0,0,0,0,0,0,0,0,0,0,0,0,0,0,0,0,0,0,0,0,0,0,0,0,0,0,0,0,0,0,0,0,0,0,0,0,0,0,0,0,0,0,0,0,0,0,0,0,0,0,0,0,0,0
"arusha/arushaurban/olasiti",2.1e-05,0,0,1e-06,0,7e-06,0,0,0,3e-06,0,0,2e-05,0.000425,0,0,0,0,0,0,0,3e-06,0,0,0,0,0,0,0,0,3.7e-05,0,0,0,0,0,9.1e-05,0,0,1e-06,0,0,1e-06,0,0,0,1e-06,0.033389,2.6e-05,0,0,0,0,0,0,0,1e-06,0,1e-06,1e-05,3e-06,7e-06,1.6e-05,0,0,0.000359,4.5e-05,0,1e-06,3e-06,0,0,1e-06,0,0,4e-06,0,0,0,0,0,0,0,0,0,0,0.000102,0,0,5e-06,0,0,3e-05,0.000117,0,1e-06,6e-06,0,2e-05,4e-06,0,0,1e-06,0.000127,1e-06,2.6e-05,0,6e-06,6e-06,6e-06,4e-06,1.1e-05,0,3e-06,0,0,4.2e-05,0,2.7e-05,3e-06,2e-06,5.1e-05,0,0,0,0,1e-06,0.00039,4e-05,0,0,4e-06,7e-06,1e-06,0,3e-04,1.6e-05,3e-06,5e-05,1e-05,1.2e-05,0,0.000186,1e-06,0,4e-06,0,1e-05,8e-06,3e-06,0,0,0,0,2e-06,0.002596,0,1e-06,0,0.000443,1e-06,2.5e-05,0,0,0,0,1e-06,7e-06,0.000836,0,0,4.9e-05,0.016323,1e-06,1e-06,2e-06,4.7e-05,0,9e-06,1e-06,0,0,3e-06,1e-06,7e-05,0.001336,0,0,3.6e-05,1.2e-05,3e-06,0,0,0,3e-06,0,0,0,1e-05,0,0.000173,0,2e-06,0,9e-06,3e-06,5.6e-05,2.3e-05,1e-06,0,0,0,1.6e-05,0,0,0,0,7e-05,1e-06,5e-06,0,1e-06,0,0,5.6e-05,1e-06,6.6e-05,1e-06,0,0,0,0,1.5e-05,0.002659,0,0,0,2.3e-05,3e-06,0,8e-06,0.000913,0,8.3e-05,0,0,1e-06,0.000201,0,1.7e-05,0.003745,0.000355,2e-06,0.00062,6e-06,1e-06,0,0,0,0,0,3e-06,0,0,8e-06,1e-06,0,0.000624,0,1e-06,0.00038,1.3e-05,0,0,4.9e-05,0,1e-06,6e-06,0,0,2e-06,0,0.000176,0,0,0,0,0,0,0,0,3e-06,0,0.000607,2e-06,6e-06,0.000157,3.2e-05,3e-06,1e-06,0,0,0,1e-06,0,1.4e-05,3.6e-05,2e-06,2e-06,0,0,1e-06,0,0,1e-06,0,0,0.000329,2.8e-05,0.00036,1.2e-05,0.000412,1e-05,2e-05,0.007032,1e-06,2e-06,2.6e-05,0,0.000377,0.000264,0.000127,0.000336,4e-06,3e-06,0,1e-06,0,0.000671,0,0,0,0,0,6e-06,1e-06,0,0.000137,5e-06,1e-06,0,2.4e-05,1e-05,0.004733,1.2e-05,4.3e-05,1.9e-05,0,0,2e-06,0,0,0,0,0,0.001797,0.001426,0.005427,0,5.9e-05,1e-06,0,0,0,0,0.000121,5e-06,7e-06,5.4e-05,0,0,0,5.6e-05,0,0,0.000135,0,2.2e-05,3e-06,0,0.00023,0,0,0,0,0,0,0
"arusha/ngorongoro/olbalbal",3e-06,4.2e-05,0,0.000161,0,1e-05,0,0,0,3.3e-05,1e-06,0,2e-06,3.4e-05,2.8e-05,1e-06,1e-06,1e-06,0,1e-06,0,2e-06,0,0,0,0,0,1e-06,0,0,9e-06,0,0,0,1.8e-05,0,3e-06,1e-05,2e-06,4.9e-05,0,0,1e-05,1.1e-05,1e-06,0,5e-06,0.000849,5.4e-05,3e-06,0,6e-06,2e-06,0,6e-06,0,0,0,6e-06,0.006339,2.4e-05,0.000165,2.6e-05,1e-06,0,2.1e-05,1.6e-05,0,1.3e-05,2.2e-05,3e-06,0,1e-06,7e-06,1e-06,8.1e-05,1.4e-05,0,0,0,0,1e-06,0,0,0,0,8.7e-05,0,9e-06,2.9e-05,0,0,7.6e-05,1.9e-05,4e-06,2.8e-05,6e-06,0,3.4e-05,8e-06,0,3e-06,6e-06,5e-06,1e-06,6.4e-05,1e-06,8e-06,4e-06,0.000372,4e-06,2.5e-05,3e-06,0,0,0,3e-05,0,4.2e-05,4e-06,2e-06,8.2e-05,0,1e-06,0,2e-06,7e-06,0.00016,1e-05,0,0,8e-06,1.6e-05,2e-06,0,1.9e-05,1e-06,5e-06,0.000216,1.3e-05,6e-06,0,7e-06,1e-06,1e-06,1.1e-05,0,1.8e-05,1.5e-05,5e-06,0,0,0,0,1e-05,0.00024,1e-06,6e-06,1e-06,0.000619,2e-06,3.3e-05,0,1e-06,0,0,3e-06,4e-06,3.6e-05,1e-06,3e-06,0.00013,0.000579,4e-06,2e-06,7e-06,9.4e-05,1e-06,1.3e-05,4e-06,0,1.7e-05,1.6e-05,2e-06,8.8e-05,0.001534,0,0,4.3e-05,1.3e-05,3e-06,2e-06,9e-06,0,2.5e-05,0,0,0,1.4e-05,1e-06,5.5e-05,2e-06,9e-06,0,2.1e-05,2e-06,0.000125,9.3e-05,0.000776,0,0,0,4.2e-05,0,1e-06,2e-06,0,0.000201,2e-06,1.1e-05,0,0,0,0,5.1e-05,1e-06,7.7e-05,1e-06,3e-06,0,0,1e-06,0.000272,7.4e-05,1e-06,0,0,8e-06,0.00011,0,5e-06,0.000696,0,0.00025,0,0,1e-06,2.4e-05,0,3e-06,0.000192,0.000392,1e-06,4.6e-05,1.3e-05,5e-06,0,1e-06,0,0,0,4e-06,0,0,0.000192,4e-06,0,8.2e-05,0,6e-06,7.2e-05,2.9e-05,0,0,0.000113,1e-06,5e-06,1.2e-05,0,5.3e-05,2e-06,5e-06,0.000818,1e-06,0,0,0,1e-06,0,0,1e-06,4e-06,0,0.000116,3e-06,7e-06,7.1e-05,1e-06,5e-06,0.000396,0,0,0,2e-06,0,0.00014,4e-06,1e-06,0,0,5.7e-05,0,1e-06,0,2e-06,3e-06,4e-06,0.000165,7.2e-05,5.9e-05,6e-06,8.6e-05,7e-06,4.3e-05,0.000523,0.000142,0.000182,1e-06,1e-05,1.4e-05,2e-05,1e-05,0.000933,0.000293,1.2e-05,0,1e-06,2e-05,0.000121,1e-06,2e-06,0,2e-06,0,2e-05,3e-06,4.9e-05,2.5e-05,1.6e-05,5.3e-05,0,1.9e-05,2e-06,0.000232,0.000107,3.2e-05,1.5e-05,1e-06,0,3e-06,0,0,0,0,8e-06,0.000151,4.1e-05,9.6e-05,0,1.5e-05,1e-06,0,0,1e-06,1e-06,9e-06,5e-06,0,0.000102,0,0,0,0.000148,2e-06,0,4e-06,0,3.1e-05,6e-06,0,5.1e-05,0,0,0,0,0,0,0
"manyara/kiteto/olboroti",0,0,0,0,0,0,0,0,0,0,0,0,0,0,0,0,0,0,0,0,0,0,0,0,0,0,0,0,0,0,0,0,0,0,0,0,0,0,0,0,0,0,0,0,0,0,0,0,0,0,0,0,0,0,0,0,0,0,0,0,0,0,0,0,0,0,0,0,0,0,0,0,0,0,0,0,0,0,0,0,0,0,0,0,0,0,0,0,0,0,0,0,0,0,0,0,0,0,0,0,0,0,0,0,0,0,0,0,0,0,0,0,0,0,0,0,0,0,0,0,0,0,0,0,0,0,0,0,0,0,0,0,0,0,0,0,0,0,0,0,0,0,0,0,0,0,0,0,0,0,0,0,0,0,0,0,0,0,0,0,0,0,0,0,0,0,0,0,0,0,0,0,0,0,0,0,0,0,0,0,0,0,0,0,0,0,0,0,0,0,0,0,0,0,0,0,0,0,0,0,0,0,0,0,0,0,0,0,0,0,0,0,0,0,0,0,0,0,0,0,0,0,0,0,0,0,0,0,0,0,0,0,0,0,0,0,0,0,0,0,0,0,0,0,0,0,0,0,0,0,0,0,0,0,0,0,0,0,0,0,0,0,0,0,0,0,0,0,0,0,0,0,0,0,0,0,0,0,0,0,0,0,0,0,0,0,0,0,0,0,0,0,0,0,0,0,0,0,0,0,0,0,0,0,0,0,0,0,0,0,0,0,0,0,0,0,0,0,0,0,0,0,0,0,0,0,0,0,0,0,0,0,0,0,0,0,0,0,0,0,0,0,0,0,0,0,0,0,0,0,0,0,0,0,0,0,0,0,0,0,0,0,0,0,0,0,0,0,0,0,0,0,0,0,0,0,0,0,0,0,0,0,0,0,0,0,0,0,0,0,0,0,0,0,0,0,0,0
"kilimanjaro/moshi/oldmoshimagharibi",0,0,0,0,0,0,0,0,0,0,0,0,0,0,0,0,0,0,0,0,0,0,0,0,0,0,0,0,0,0,0,0,0,0,0,0,0,0,0,0,0,0,0,0,0,0,0,0,0,0,0,0,0,0,0,0,0,0,0,0,0,0,0,0,0,0,0,0,0,0,0,0,0,0,0,0,0,0,0,0,0,0,0,0,0,0,0,0,0,0,0,0,0,0,0,0,0,0,0,0,0,0,0,0,0,0,0,0,0,0,0,0,0,0,0,0,0,0,0,0,0,0,0,0,0,0,0,0,0,0,0,0,0,0,0,0,0,0,0,0,0,0,0,0,0,0,0,0,0,0,0,0,0,0,0,0,0,0,0,0,0,0,0,0,0,0,0,0,0,0,0,0,0,0,0,0,0,0,0,0,0,0,0,0,0,0,0,0,0,0,0,0,0,0,0,0,0,0,0,0,0,0,0,0,0,0,0,0,0,0,0,0,0,0,0,0,0,0,0,0,0,0,0,0,0,0,0,0,0,0,0,0,0,0,0,0,0,0,0,0,0,0,0,0,0,0,0,0,0,0,0,0,0,0,0,0,0,0,0,0,0,0,0,0,0,0,0,0,0,0,0,0,0,0,0,0,0,0,0,0,0,0,0,0,0,0,0,0,0,0,0,0,0,0,0,0,0,0,0,0,0,0,0,0,0,0,0,0,0,0,0,0,0,0,0,0,0,0,0,0,0,0,0,0,0,0,0,0,0,0,0,0,0,0,0,0,0,0,0,0,0,0,0,0,0,0,0,0,0,0,0,0,0,0,0,0,0,0,0,0,0,0,0,0,0,0,0,0,0,0,0,0,0,0,0,0,0,0,0,0,0,0,0,0,0,0,0,0,0,0,0,0,0,0,0,0,0,0
"kilimanjaro/moshi/oldmoshimashariki",0,0,0,0,0,0,0,0,0,0,0,0,0,0,0,0,0,0,0,0,0,0,0,0,0,0,0,0,0,0,0,0,0,0,0,0,0,0,0,0,0,0,0,0,0,0,0,0,0,0,0,0,0,0,0,0,0,0,0,0,0,0,0,0,0,0,0,0,0,0,0,0,0,0,0,0,0,0,0,0,0,0,0,0,0,0,0,0,0,0,0,0,0,0,0,0,0,0,0,0,0,0,0,0,0,0,0,0,0,0,0,0,0,0,0,0,0,0,0,0,0,0,0,0,0,0,0,0,0,0,0,0,0,0,0,0,0,0,0,0,0,0,0,0,0,0,0,0,0,0,0,0,0,0,0,0,0,0,0,0,0,0,0,0,0,0,0,0,0,0,0,0,0,0,0,0,0,0,0,0,0,0,0,0,0,0,0,0,0,0,0,0,0,0,0,0,0,0,0,0,0,0,0,0,0,0,0,0,0,0,0,0,0,0,0,0,0,0,0,0,0,0,0,0,0,0,0,0,0,0,0,0,0,0,0,0,0,0,0,0,0,0,0,0,0,0,0,0,0,0,0,0,0,0,0,0,0,0,0,0,0,0,0,0,0,0,0,0,0,0,0,0,0,0,0,0,0,0,0,0,0,0,0,0,0,0,0,0,0,0,0,0,0,0,0,0,0,0,0,0,0,0,0,0,0,0,0,0,0,0,0,0,0,0,0,0,0,0,0,0,0,0,0,0,0,0,0,0,0,0,0,0,0,0,0,0,0,0,0,0,0,0,0,0,0,0,0,0,0,0,0,0,0,0,0,0,0,0,0,0,0,0,0,0,0,0,0,0,0,0,0,0,0,0,0,0,0,0,0,0,0,0,0,0,0,0,0,0,0,0,0,0,0,0,0,0,0,0
"arusha/karatu/oldean",0,0,0,0,0,0,0,0,0,0,0,0,0,0,0,0,0,0,0,0,0,0,0,0,0,0,0,0,0,0,0,0,0,0,0,0,0,0,0,0,0,0,0,0,0,0,0,0,0,0,0,0,0,0,0,0,0,0,0,0,0,0,0,0,0,0,0,0,0,0,0,0,0,0,0,0,0,0,0,0,0,0,0,0,0,0,0,0,0,0,0,0,0,0,0,0,0,0,0,0,0,0,0,0,0,0,0,0,0,0,0,0,0,0,0,0,0,0,0,0,0,0,0,0,0,0,0,0,0,0,0,0,0,0,0,0,0,0,0,0,0,0,0,0,0,0,0,0,0,0,0,0,0,0,0,0,0,0,0,0,0,0,0,0,0,0,0,0,0,0,0,0,0,0,0,0,0,0,0,0,0,0,0,0,0,0,0,0,0,0,0,0,0,0,0,0,0,0,0,0,0,0,0,0,0,0,0,0,0,0,0,0,0,0,0,0,0,0,0,0,0,0,0,0,0,0,0,0,0,0,0,0,0,0,0,0,0,0,0,0,0,0,0,0,0,0,0,0,0,0,0,0,0,0,0,0,0,0,0,0,0,0,0,0,0,0,0,0,0,0,0,0,0,0,0,0,0,0,0,0,0,0,0,0,0,0,0,0,0,0,0,0,0,0,0,0,0,0,0,0,0,0,0,0,0,0,0,0,0,0,0,0,0,0,0,0,0,0,0,0,0,0,0,0,0,0,0,0,0,0,0,0,0,0,0,0,0,0,0,0,0,0,0,0,0,0,0,0,0,0,0,0,0,0,0,0,0,0,0,0,0,0,0,0,0,0,0,0,0,0,0,0,0,0,0,0,0,0,0,0,0,0,0,0,0,0,0,0,0,0,0,0,0,0,0,0,0,0
"arusha/ngorongoro/oldonyosambu",0,0,0,0,0,0,0,0,0,0,0,0,0,0,0,0,0,0,0,0,0,0,0,0,0,0,0,0,0,0,0,0,0,0,0,0,0,0,0,0,0,0,0,0,0,0,0,0,0,0,0,0,0,0,0,0,0,0,0,0,0,0,0,0,0,0,0,0,0,0,0,0,0,0,0,0,0,0,0,0,0,0,0,0,0,0,0,0,0,0,0,0,0,0,0,0,0,0,0,0,0,0,0,0,0,0,0,0,0,0,0,0,0,0,0,0,0,0,0,0,0,0,0,0,0,0,0,0,0,0,0,0,0,0,0,0,0,0,0,0,0,0,0,0,0,0,0,0,0,0,0,0,0,0,0,0,0,0,0,0,0,0,0,0,0,0,0,0,0,0,0,0,0,0,0,0,0,0,0,0,0,0,0,0,0,0,0,0,0,0,0,0,0,0,0,0,0,0,0,0,0,0,0,0,0,0,0,0,0,0,0,0,0,0,0,0,0,0,0,0,0,0,0,0,0,0,0,0,0,0,0,0,0,0,0,0,0,0,0,0,0,0,0,0,0,0,0,0,0,0,0,0,0,0,0,0,0,0,0,0,0,0,0,0,0,0,0,0,0,0,0,0,0,0,0,0,0,0,0,0,0,0,0,0,0,0,0,0,0,0,0,0,0,0,0,0,0,0,0,0,0,0,0,0,0,0,0,0,0,0,0,0,0,0,0,0,0,0,0,0,0,0,0,0,0,0,0,0,0,0,0,0,0,0,0,0,0,0,0,0,0,0,0,0,0,0,0,0,0,0,0,0,0,0,0,0,0,0,0,0,0,0,0,0,0,0,0,0,0,0,0,0,0,0,0,0,0,0,0,0,0,0,0,0,0,0,0,0,0,0,0,0,0,0,0,0,0,0
"arusha/arusha/oldonyosambu",0.006699,8.7e-05,0.000117,0.000454,5e-06,0.005335,2e-06,3e-06,4e-06,0.001107,1.7e-05,3e-06,0.008032,0.070735,0.000189,1e-05,7e-06,2.6e-05,4e-06,1.6e-05,1.9e-05,0.004945,4e-06,0.000145,1.9e-05,4.7e-05,7e-06,1.1e-05,2e-06,2.6e-05,0.007495,1.2e-05,1.1e-05,3.5e-05,6.9e-05,1e-05,0.006219,0.00023,2.7e-05,7e-04,5e-06,3e-06,0.000538,0.000175,7.8e-05,4e-06,0.000799,0.70351,0.007148,2.2e-05,6e-06,1.5e-05,2.1e-05,6e-06,0.000164,2e-06,0.000252,1.4e-05,0.000747,0.006164,0.004897,0.005225,0.048015,3.7e-05,0,0.029604,0.01082,4e-06,0.00038,0.001246,1.6e-05,1e-06,0.001257,0.000105,1.4e-05,0.004252,0.000383,2e-06,2e-06,3e-06,1e-06,1.8e-05,4e-06,4e-06,8e-06,5e-06,0.087903,3e-06,0.000136,0.003242,2e-06,4e-06,0.02703,0.106299,0.000289,0.000371,0.009536,2.3e-05,0.015135,0.003489,5e-06,8e-06,0.000631,0.011286,0.000724,0.041651,1e-05,0.005639,0.016853,0.002723,0.006282,0.012511,8.8e-05,0.000254,0.000172,0.000108,0.031051,8e-06,0.025874,0.003442,0.002033,0.058351,5.9e-05,0.000213,2.1e-05,0.000245,0.000479,0.243762,0.013494,0.000151,0.000115,0.003674,0.005699,0.00122,1.4e-05,0.039546,0.003427,0.002872,0.094955,0.010421,0.011712,1.4e-05,0.01517,0.000944,0.000215,0.0029,1.1e-05,0.008831,0.008296,0.002383,0.000119,4.3e-05,0.000154,3.6e-05,0.001325,0.177649,0.000458,0.001272,8.1e-05,0.319757,0.000731,0.007199,7.1e-05,0.000124,3e-06,3e-06,0.001001,0.012802,0.053554,0.000325,0.000162,0.016021,0.609348,0.000707,0.002465,0.000734,0.011622,0.000422,0.009048,0.000291,9e-06,9.5e-05,0.00177,0.001088,0.083869,0.632724,0.000196,0.000322,0.039231,0.014315,0.002282,4.7e-05,0.00017,7e-06,0.001005,2e-05,9.9e-05,6e-06,0.009383,1.8e-05,0.121955,0.000173,0.001145,0.00022,0.009637,0.004386,0.047774,0.007281,0.001127,0.000149,0.000126,2.6e-05,0.015043,4.9e-05,5e-06,0.000285,5e-06,0.071543,0.000881,0.004955,6e-06,0.000342,3e-06,0.000442,0.057673,0.001746,0.085526,0.000427,2.9e-05,2e-06,2e-06,7e-06,0.018162,0.065811,5.4e-05,1.3e-05,0.000209,0.007426,0.00155,8.7e-05,0.003555,0.14454,7.8e-05,0.052358,1.6e-05,0.000145,0.000502,0.035166,4e-06,0.00157,0.340344,0.227119,0.000487,0.075541,0.008491,0.000546,0.000139,0.000341,0.000113,2.1e-05,1.5e-05,0.001971,1.9e-05,1.7e-05,0.003385,0.000755,7e-06,0.084411,4e-06,0.000254,0.129394,0.009451,5.6e-05,2e-05,0.044565,0.000256,0.000602,0.002262,8e-06,0.000277,0.000974,3.9e-05,0.270296,1.8e-05,1.2e-05,1e-05,2e-06,0.000389,8e-06,0.000546,6.7e-05,0.005797,4.7e-05,0.126194,0.001914,0.013424,0.497018,0.001988,0.001459,5e-04,3.8e-05,1.6e-05,0.000139,0.000437,1.3e-05,0.005108,0.011067,0.001569,0.001059,0.000257,0.070946,0.000389,3.3e-05,1e-04,0.001255,1.1e-05,7.6e-05,0,0.031635,0.038092,0.002249,0.282381,0.010734,0.042387,0.685761,0.001085,0.001569,0.002844,0.000108,0.029059,0.055424,0.020932,0.520328,0.00384,0.001554,1.5e-05,0.000699,0.000312,0.253276,2.9e-05,1.3e-05,0.000126,2e-05,8e-06,0.003214,0.00033,0.000427,0.154264,0.002891,0.00054,3e-06,0.040018,0.004305,0.364054,0.005912,0.009124,0.00665,0.000278,0.000192,0.002194,6e-06,3e-06,5e-06,2e-06,7.7e-05,0.318977,0.058807,0.141551,1.8e-05,0.068715,0.000829,8e-06,2.1e-05,4e-05,0.000327,0.008565,0.001133,0.000627,0.144973,4e-06,1.8e-05,5e-06,0.063248,4.1e-05,3e-06,0.007617,0.000193,0.022299,0.003657,0.000125,0.097721,0.00011,2.1e-05,4e-05,9e-06,7e-06,5e-06,4e-06
"kilimanjaro/rombo/olele",0,0,0,0,0,0,0,0,0,0,0,0,0,0,0,0,0,0,0,0,0,0,0,0,0,0,0,0,0,0,0,0,0,0,0,0,0,0,0,0,0,0,0,0,0,0,0,0,0,0,0,0,0,0,0,0,0,0,0,0,0,0,0,0,0,0,0,0,0,0,0,0,0,0,0,0,0,0,0,0,0,0,0,0,0,0,0,0,0,0,0,0,0,0,0,0,0,0,0,0,0,0,0,0,0,0,0,0,0,0,0,0,0,0,0,0,0,0,0,0,0,0,0,0,0,0,0,0,0,0,0,0,0,0,0,0,0,0,0,0,0,0,0,0,0,0,0,0,0,0,0,0,0,0,0,0,0,0,0,0,0,0,0,0,0,0,0,0,0,0,0,0,0,0,0,0,0,0,0,0,0,0,0,0,0,0,0,0,0,0,0,0,0,0,0,0,0,0,0,0,0,0,0,0,0,0,0,0,0,0,0,0,0,0,0,0,0,0,0,0,0,0,0,0,0,0,0,0,0,0,0,0,0,0,0,0,0,0,0,0,0,0,0,0,0,0,0,0,0,0,0,0,0,0,0,0,0,0,0,0,0,0,0,0,0,0,0,0,0,0,0,0,0,0,0,0,0,0,0,0,0,0,0,0,0,0,0,0,0,0,0,0,0,0,0,0,0,0,0,0,0,0,0,0,0,0,0,0,0,0,0,0,0,0,0,0,0,0,0,0,0,0,0,0,0,0,0,0,0,0,0,0,0,0,0,0,0,0,0,0,0,0,0,0,0,0,0,0,0,0,0,0,0,0,0,0,0,0,0,0,0,0,0,0,0,0,0,0,0,0,0,0,0,0,0,0,0,0,0,0,0,0,0,0,0,0,0,0,0,0,0,0,0,0,0,0,0,0
"arusha/arusha/oljoro",0.000121,1e-06,1e-06,5e-06,0,9.3e-05,0,0,0,3.5e-05,1e-06,0,7.1e-05,0.001609,4e-06,0,0,1e-06,0,0,0,2.5e-05,0,2e-06,0,1e-06,0,0,0,1e-06,0.001134,0,0,1e-06,1e-06,0,0.000176,6e-06,1e-06,6e-06,0,0,1.1e-05,4e-06,2e-06,0,5e-06,0.035568,0.000499,0,0,0,0,0,4e-06,0,1.1e-05,1e-06,2.3e-05,9.5e-05,2.1e-05,4.9e-05,8.4e-05,1e-06,0,0.001928,0.000162,0,9e-06,5e-05,0,0,5e-06,3e-06,0,2.6e-05,3e-06,0,0,0,0,0,0,0,0,0,0.001088,0,3e-06,7e-05,0,0,0.000339,0.000388,2e-06,9e-06,5.1e-05,0,0.000244,5.1e-05,0,0,1.2e-05,0.000228,9e-06,0.000215,0,6.3e-05,4.3e-05,5.1e-05,3.5e-05,0.00011,2e-06,6e-06,2e-06,1e-06,0.000485,0,0.000297,2.7e-05,1.6e-05,0.000498,1e-06,4e-06,0,5e-06,1.1e-05,0.003636,0.000513,2e-06,1e-06,4.6e-05,8.7e-05,1.4e-05,0,0.000883,3.2e-05,3.2e-05,0.000336,0.000104,0.00011,0,0.000265,9e-06,2e-06,5.2e-05,0,0.000112,8.9e-05,2.8e-05,1e-06,1e-06,1e-06,1e-06,2.4e-05,0.006068,4e-06,6e-06,2e-06,0.004839,1.1e-05,0.000594,1e-06,2e-06,0,0,2e-05,5.2e-05,0.00266,7e-06,4e-06,0.000358,0.025537,2.1e-05,1.2e-05,3.5e-05,0.000761,1e-06,9.7e-05,7e-06,0,1e-06,3.9e-05,1.6e-05,0.000654,0.014357,1e-06,2e-06,0.000355,0.000112,3.1e-05,1e-06,5e-06,0,3.6e-05,0,1e-06,0,0.000107,0,0.001376,6e-06,2.6e-05,6e-06,9.5e-05,2.4e-05,0.000642,0.000223,1.3e-05,2e-06,1e-06,1e-06,0.000175,1e-06,0,5e-06,0,0.000709,9e-06,5.4e-05,0,8e-06,0,3e-06,0.000551,1.1e-05,0.000596,6e-06,1e-06,0,0,0,0.000109,0.005995,1e-06,0,2e-06,0.000428,2.3e-05,1e-06,0.000138,0.011392,1e-06,0.001117,0,2e-06,6e-06,0.001851,0,0.000476,0.007294,0.001559,7e-06,0.003116,5.2e-05,1.1e-05,1e-06,6e-06,1e-06,0,0,4.5e-05,1e-06,0,6.8e-05,3e-06,0,0.001422,0,9e-06,0.000949,0.000173,1e-06,0,0.000541,3e-06,1.2e-05,0.000105,0,4e-06,2.9e-05,0,0.00121,0,0,0,0,3e-06,0,3e-06,2e-06,2e-05,1e-06,0.00957,2.2e-05,4.8e-05,0.00083,4.4e-05,4.1e-05,8e-06,0,0,2e-06,1e-05,0,0.000169,0.000156,1.4e-05,1e-05,2e-06,0.003056,5e-06,1e-06,1e-06,1.3e-05,0,1e-06,0.001462,0.000284,0,0.00062,0.001132,9.3e-05,0.000151,0.012787,1.2e-05,1.6e-05,8e-05,1e-06,0.000445,0.000668,0.000208,0.00202,3.8e-05,5.2e-05,0,9e-06,3e-06,0.004214,1e-06,0,1e-06,0,0,8.2e-05,7e-06,4e-06,0.000419,6.4e-05,5e-06,0,0.000188,5.5e-05,0.010314,8.9e-05,0.000275,0.000431,5e-06,2e-06,2.6e-05,0,0,0,0,1e-06,0.005505,0.003022,0.005182,0,0.000315,1e-05,0,0,1e-06,2e-06,0.001978,0.000123,1.9e-05,0.000352,0,0,0,0.000553,1e-06,0,0.000204,2e-06,0.000225,3.6e-05,1e-06,0.001898,1e-06,0,1e-06,0,0,0,0
"manyara/simanjiro/oljorono",5.6e-05,1e-06,1e-06,4e-06,0,9.5e-05,0,0,0,4.7e-05,1e-06,0,3.4e-05,0.000666,4e-06,0,0,1e-06,0,0,0,1.3e-05,0,2e-06,0,1e-06,0,0,0,1e-06,0.000959,0,0,1e-06,1e-06,0,6.7e-05,5e-06,1e-06,6e-06,0,0,1e-05,4e-06,2e-06,0,4e-06,0.014318,0.00098,0,0,0,0,0,4e-06,0,1e-05,1e-06,3.4e-05,7e-05,1.2e-05,2.9e-05,5.7e-05,1e-06,0,0.00062,9.5e-05,0,9e-06,5.3e-05,0,0,3e-06,3e-06,0,1.6e-05,2e-06,0,0,0,0,0,0,0,0,0,0.000906,0,2e-06,6.2e-05,0,0,0.000339,0.000198,2e-06,1.1e-05,4e-05,0,0.000251,5.2e-05,0,0,1.4e-05,9.2e-05,8e-06,0.000179,0,5.7e-05,2.9e-05,3.7e-05,2.7e-05,1e-04,2e-06,2e-06,2e-06,1e-06,0.000405,0,0.000276,2.3e-05,1e-05,0.000436,1e-06,4e-06,0,6e-06,1e-05,0.001713,0.000297,1e-06,1e-06,3.2e-05,9.1e-05,1.2e-05,0,0.000357,1.5e-05,3e-05,0.000263,9.1e-05,7.8e-05,0,0.00011,8e-06,2e-06,5.9e-05,0,0.000109,8.4e-05,2.7e-05,1e-06,1e-06,1e-06,1e-06,2.8e-05,0.002908,3e-06,3e-06,3e-06,0.004446,1.2e-05,0.001087,1e-06,3e-06,0,0,2.2e-05,3.4e-05,0.000902,8e-06,3e-06,0.000208,0.010217,2.9e-05,9e-06,4.3e-05,0.000811,1e-06,8.7e-05,9e-06,0,1e-06,5.1e-05,1.5e-05,0.000544,0.019726,1e-06,2e-06,0.000302,9.2e-05,2.9e-05,1e-06,4e-06,0,3.4e-05,1e-06,1e-06,0,9.9e-05,0,0.000833,9e-06,2.3e-05,5e-06,9e-05,1.7e-05,0.000643,0.000153,1.2e-05,2e-06,1e-06,1e-06,0.000173,1e-06,0,6e-06,0,0.000672,8e-06,5.2e-05,0,5e-06,0,2e-06,0.000449,9e-06,0.000483,6e-06,1e-06,0,0,0,9.4e-05,0.001932,2e-06,0,2e-06,0.000235,1.5e-05,1e-06,0.00013,0.016375,1e-06,0.000938,0,2e-06,5e-06,0.000729,0,0.000167,0.003068,0.000722,4e-06,0.001163,4.4e-05,1.4e-05,1e-06,6e-06,1e-06,1e-06,0,3.6e-05,1e-06,0,4.8e-05,3e-06,0,0.000727,0,1.2e-05,0.000505,0.000191,1e-06,1e-06,0.00053,3e-06,1.5e-05,0.000127,0,3e-06,3.2e-05,0,0.000965,1e-06,0,0,0,3e-06,0,2e-06,3e-06,1.6e-05,1e-06,0.004542,2.1e-05,3.6e-05,0.000359,1.7e-05,5.3e-05,8e-06,0,0,2e-06,1.2e-05,0,0.000144,7.1e-05,8e-06,5e-06,2e-06,0.000787,4e-06,1e-06,1e-06,1.2e-05,0,0,0.000628,0.000263,0.004616,0,0.000606,7.1e-05,0.000119,0.004221,8e-06,1.1e-05,3.1e-05,1e-06,0.000191,0.000296,9.9e-05,0.001054,3.7e-05,5.5e-05,0,8e-06,2e-06,0.002133,2e-06,0,1e-06,0,0,0.000108,1e-05,4e-06,0.000219,7.9e-05,5e-06,0,0.000138,2.7e-05,0.004171,5.3e-05,0.000193,0.000481,6e-06,2e-06,2.4e-05,0,0,0,0,1e-06,0.00243,0.000711,0.001905,0,0.000175,9e-06,0,1e-06,1e-06,2e-06,0.000398,0.000277,7e-06,0.000185,0,0,0,0.000508,1e-06,0,7.8e-05,2e-06,0.000201,3.3e-05,1e-06,0.001023,1e-06,1e-06,1e-06,0,0,0,0
"arusha/arusha/olkokola",6.4e-05,1e-06,1e-06,2e-06,0,3.2e-05,0,0,0,1e-05,0,0,8.9e-05,0.000924,2e-06,0,0,0,0,0,0,1.3e-05,0,1e-06,0,0,0,0,0,0,0.000115,0,0,0,0,0,0.000101,1e-06,0,5e-06,0,0,3e-06,1e-06,0,0,7e-06,0.031845,7.5e-05,0,0,0,0,0,1e-06,0,2e-06,0,6e-06,3.6e-05,1.8e-05,3.4e-05,0.000225,0,0,0.000402,0.000241,0,4e-06,8e-06,0,0,4e-06,1e-06,0,2e-05,3e-06,0,0,0,0,0,0,0,0,0,0.000484,0,1e-06,1.6e-05,0,0,0.00015,0.001239,2e-06,3e-06,3.8e-05,0,8.8e-05,2e-05,0,0,4e-06,0.000198,4e-06,0.000176,0,2.9e-05,4.9e-05,1.9e-05,2.5e-05,6.1e-05,1e-06,4e-06,1e-06,1e-06,0.000179,0,0.000136,1.6e-05,7e-06,0.000283,0,1e-06,0,2e-06,3e-06,0.00119,0.00011,1e-06,1e-06,1.4e-05,3.3e-05,6e-06,0,0.000569,8.1e-05,1.5e-05,0.000448,5.2e-05,5.9e-05,0,0.000313,5e-06,1e-06,1.8e-05,0,4.8e-05,4.3e-05,1.3e-05,1e-06,0,1e-06,0,9e-06,0.004643,2e-06,6e-06,1e-06,0.002172,4e-06,4.8e-05,0,1e-06,0,0,6e-06,4.8e-05,0.000808,2e-06,1e-06,0.000152,0.02061,5e-06,9e-06,5e-06,9.4e-05,2e-06,4.6e-05,2e-06,0,1e-06,1.2e-05,6e-06,0.000395,0.010036,1e-06,1e-06,0.00019,6.5e-05,1.2e-05,0,1e-06,0,7e-06,0,1e-06,0,4.9e-05,0,0.000775,1e-06,6e-06,1e-06,4.9e-05,1.8e-05,0.000271,6.3e-05,9e-06,1e-06,1e-06,0,8.1e-05,0,0,2e-06,0,0.00038,4e-06,2.6e-05,0,2e-06,0,2e-06,0.000287,7e-06,0.000387,2e-06,0,0,0,0,0.000113,0.001225,0,0,1e-06,4.3e-05,1.1e-05,0,2.6e-05,0.003432,0,0.000247,0,1e-06,3e-06,0.000381,0,2.2e-05,0.008022,0.002828,1e-05,0.000985,3.7e-05,4e-06,1e-06,2e-06,1e-06,0,0,9e-06,0,0,2.5e-05,4e-06,0,0.002589,0,3e-06,0.007663,5.8e-05,0,0,0.000245,1e-06,4e-06,1.3e-05,0,3e-06,7e-06,0,0.0015,0,0,0,0,2e-06,0,2e-06,1e-06,2e-05,0,0.00131,1e-05,4.6e-05,0.001125,3.7e-05,1e-05,4e-06,0,0,1e-06,3e-06,0,3.8e-05,0.000117,1e-05,1e-05,1e-06,0.001067,2e-06,0,1e-06,6e-06,0,0,0.004059,0.000158,0.000345,2.5e-05,0,5.1e-05,0.000157,0.033125,5e-06,8e-06,4e-05,1e-06,0.000776,0.000897,0.000913,0.002463,2.7e-05,8e-06,0,4e-06,2e-06,0.002454,0,0,1e-06,0,0,2.3e-05,2e-06,3e-06,0.003038,1.9e-05,4e-06,0,0.000152,3.6e-05,0.007957,4.7e-05,0.000147,3.9e-05,2e-06,1e-06,1.1e-05,0,0,0,0,1e-06,0.005542,0.000683,0.002892,0,0.000379,4e-06,0,0,0,2e-06,0.000116,8e-06,9e-06,0.000354,0,0,0,0.00032,0,0,0.000134,1e-06,0.000112,1.8e-05,1e-06,0.000784,1e-06,0,0,0,0,0,0
"kilimanjaro/siha/olkolili",0,0,0,0,0,0,0,0,0,0,0,0,0,0,0,0,0,0,0,0,0,0,0,0,0,0,0,0,0,0,0,0,0,0,0,0,0,0,0,0,0,0,0,0,0,0,0,0,0,0,0,0,0,0,0,0,0,0,0,0,0,0,0,0,0,0,0,0,0,0,0,0,0,0,0,0,0,0,0,0,0,0,0,0,0,0,0,0,0,0,0,0,0,0,0,0,0,0,0,0,0,0,0,0,0,0,0,0,0,0,0,0,0,0,0,0,0,0,0,0,0,0,0,0,0,0,0,0,0,0,0,0,0,0,0,0,0,0,0,0,0,0,0,0,0,0,0,0,0,0,0,0,0,0,0,0,0,0,0,0,0,0,0,0,0,0,0,0,0,0,0,0,0,0,0,0,0,0,0,0,0,0,0,0,0,0,0,0,0,0,0,0,0,0,0,0,0,0,0,0,0,0,0,0,0,0,0,0,0,0,0,0,0,0,0,0,0,0,0,0,0,0,0,0,0,0,0,0,0,0,0,0,0,0,0,0,0,0,0,0,0,0,0,0,0,0,0,0,0,0,0,0,0,0,0,0,0,0,0,0,0,0,0,0,0,0,0,0,0,0,0,0,0,0,0,0,0,0,0,0,0,0,0,0,0,0,0,0,0,0,0,0,0,0,0,0,0,0,0,0,0,0,0,0,0,0,0,0,0,0,0,0,0,0,0,0,0,0,0,0,0,0,0,0,0,0,0,0,0,0,0,0,0,0,0,0,0,0,0,0,0,0,0,0,0,0,0,0,0,0,0,0,0,0,0,0,0,0,0,0,0,0,0,0,0,0,0,0,0,0,0,0,0,0,0,0,0,0,0,0,0,0,0,0,0,0,0,0,0,0,0,0,0,0,0,0,0,0
"arusha/longido/olmolog",0,0,0,0,0,0,0,0,0,0,0,0,0,0,0,0,0,0,0,0,0,0,0,0,0,0,0,0,0,0,0,0,0,0,0,0,0,0,0,0,0,0,0,0,0,0,0,0,0,0,0,0,0,0,0,0,0,0,0,0,0,0,0,0,0,0,0,0,0,0,0,0,0,0,0,0,0,0,0,0,0,0,0,0,0,0,0,0,0,0,0,0,0,0,0,0,0,0,0,0,0,0,0,0,0,0,0,0,0,0,0,0,0,0,0,0,0,0,0,0,0,0,0,0,0,0,0,0,0,0,0,0,0,0,0,0,0,0,0,0,0,0,0,0,0,0,0,0,0,0,0,0,0,0,0,0,0,0,0,0,0,0,0,0,0,0,0,0,0,0,0,0,0,0,0,0,0,0,0,0,0,0,0,0,0,0,0,0,0,0,0,0,0,0,0,0,0,0,0,0,0,0,0,0,0,0,0,0,0,0,0,0,0,0,0,0,0,0,0,0,0,0,0,0,0,0,0,0,0,0,0,0,0,0,0,0,0,0,0,0,0,0,0,0,0,0,0,0,0,0,0,0,0,0,0,0,0,0,0,0,0,0,0,0,0,0,0,0,0,0,0,0,0,0,0,0,0,0,0,0,0,0,0,0,0,0,0,0,0,0,0,0,0,0,0,0,0,0,0,0,0,0,0,0,0,0,0,0,0,0,0,0,0,0,0,0,0,0,0,0,0,0,0,0,0,0,0,0,0,0,0,0,0,0,0,0,0,0,0,0,0,0,0,0,0,0,0,0,0,0,0,0,0,0,0,0,0,0,0,0,0,0,0,0,0,0,0,0,0,0,0,0,0,0,0,0,0,0,0,0,0,0,0,0,0,0,0,0,0,0,0,0,0,0,0,0,0,0
"arusha/arusha/olmotonyi",0.047643,0.000244,0.000245,0.001155,1.8e-05,0.014143,9e-06,1.2e-05,1.4e-05,0.004146,6.4e-05,9e-06,0.076492,0.531953,6e-04,3.7e-05,2.4e-05,8.7e-05,1.4e-05,4.9e-05,5.3e-05,0.007998,1.3e-05,0.000334,5.4e-05,0.000106,2.6e-05,3.9e-05,6e-06,7.5e-05,0.04507,3.6e-05,3.2e-05,9.3e-05,0.000229,3.2e-05,0.110847,0.000803,9.5e-05,0.001584,1.6e-05,9e-06,0.001597,0.000593,0.00024,1.5e-05,0.00198,0.999052,0.033739,7.6e-05,2.3e-05,4.7e-05,7.7e-05,1.8e-05,0.000563,7e-06,0.00101,5.6e-05,0.002481,0.018,0.00757,0.014282,0.048822,0.000112,1e-06,0.279251,0.074756,1.1e-05,0.001528,0.005003,5.5e-05,2e-06,0.001639,0.000388,4.5e-05,0.00848,0.000889,6e-06,8e-06,1e-05,5e-06,6.2e-05,1.2e-05,1.2e-05,2.7e-05,1.7e-05,0.190923,1e-05,0.000426,0.009353,6e-06,1.3e-05,0.05966,0.479035,0.000675,0.001318,0.015126,5.8e-05,0.037966,0.00849,1.9e-05,2.5e-05,0.001749,0.234654,0.001663,0.060555,3.4e-05,0.012454,0.019123,0.009451,0.010123,0.023982,0.000288,0.005649,0.000349,0.000227,0.081556,2.5e-05,0.055777,0.006371,0.003828,0.106656,0.000152,0.000564,5.6e-05,0.000692,0.001457,0.525568,0.064983,0.000315,0.000246,0.008342,0.014092,0.002693,3.9e-05,0.425038,0.233955,0.006274,0.119562,0.021767,0.027865,4e-05,0.39832,0.001951,0.000421,0.007663,3.9e-05,0.020169,0.017606,0.005308,0.000235,0.000126,0.000312,0.000103,0.003574,0.808933,0.000888,0.002376,0.000258,0.544498,0.001826,0.032999,0.000162,0.000334,1e-05,9e-06,0.002783,0.02094,0.489409,0.000901,0.000488,0.072796,0.997275,0.002284,0.003627,0.002954,0.057718,0.000483,0.019431,0.000887,2.5e-05,0.000232,0.005194,0.002674,0.145626,0.841798,0.000312,0.000558,0.076464,0.026867,0.005548,0.000163,0.00065,2.1e-05,0.004067,6.1e-05,0.000219,2.4e-05,0.020674,6.4e-05,0.322928,0.000617,0.003363,0.00079,0.019571,0.007599,0.105882,0.033644,0.002944,0.000316,0.000274,0.000108,0.032585,0.000104,1.5e-05,0.000782,1.8e-05,0.135937,0.001841,0.010628,2e-05,0.001307,1.1e-05,0.000787,0.11603,0.003087,0.141946,0.001087,1e-04,7e-06,7e-06,2.4e-05,0.033475,0.533222,0.000167,2.8e-05,0.000439,0.034337,0.005197,0.000185,0.013699,0.570321,0.000173,0.137352,4.5e-05,0.000326,0.001125,0.238699,1.4e-05,0.013265,0.985495,0.53066,0.003372,0.523629,0.01372,0.00155,0.000279,0.000881,0.000254,5.8e-05,4.1e-05,0.005848,8.8e-05,4.7e-05,0.012554,0.001237,2.5e-05,0.581615,1.4e-05,0.00106,0.671117,0.02499,0.000141,6e-05,0.095043,0.000544,0.001702,0.008634,3e-05,0.000856,0.003255,0.000106,0.336437,6.4e-05,3.8e-05,3.8e-05,5e-06,0.000718,2.6e-05,0.000859,0.00022,0.007024,0.000132,0.521385,0.00427,0.016722,0.401358,0.05195,0.004616,0.001566,8.2e-05,4.4e-05,0.000314,0.00126,4.2e-05,0.021209,0.094762,0.006017,0.007298,0.000472,0.67334,0.001114,0.000104,0.000233,0.002665,3.7e-05,0.000168,0.656796,0.060079,0.253443,0.013595,0.829015,0.022625,0.050972,0,0.002642,0.003736,0.040382,0.000263,0.722512,0.624802,0.51773,0.54336,0.008859,0.005278,4.8e-05,0.001613,0.000699,0.712792,0.000113,4.5e-05,0.000275,7.3e-05,2.7e-05,0.009787,0.000977,0.001001,0.588158,0.008343,0.001258,1.1e-05,0.059503,0.025759,0.978588,0.021651,0.055654,0.027927,0.000736,0.000398,0.005003,2.1e-05,1e-05,2e-05,6e-06,0.000187,0.947777,0.552674,0.874616,5.4e-05,0.177049,0.001867,2.3e-05,6.1e-05,0.000121,0.000586,0.082239,0.005846,0.009828,0.137009,1.3e-05,4.7e-05,1.6e-05,0.115034,0.000135,1.1e-05,0.152349,0.000378,0.045778,0.007513,0.000251,0.36176,0.000218,5.9e-05,0.000112,2.4e-05,2e-05,1.8e-05,1.3e-05
"arusha/ngorongoro/oloipiri",6.3e-05,0.000148,9e-06,0.014213,2e-06,0.000297,1e-06,2e-06,2e-06,0.000438,8e-06,2e-06,5.1e-05,0.000709,0.000199,6e-06,5e-06,1.5e-05,3e-06,1.2e-05,6e-06,6.3e-05,2e-06,7e-06,5e-06,2e-06,3e-06,5e-06,1e-06,7e-06,0.00019,6e-06,3e-06,4e-06,6.1e-05,6e-06,6.7e-05,0.000124,1.5e-05,0.014694,4e-06,2e-06,0.000272,0.000114,3.9e-05,2e-06,7.6e-05,0.016541,0.000898,1.4e-05,4e-06,1.7e-05,1e-05,5e-06,8.9e-05,1e-06,8e-06,4e-06,0.000153,0.015984,0.000984,0.001799,0.00063,1.8e-05,2.5e-05,0.000427,0.000257,3e-06,9.4e-05,0.00034,1.2e-05,0,1.6e-05,5e-05,1e-05,0.003051,0.000282,1e-06,2e-06,3e-06,1e-06,9e-06,2e-06,2e-06,5e-06,3e-06,0.002403,2e-06,0.000119,0.000899,1e-06,4e-06,0.002464,0.000417,6.2e-05,0.000213,0.000176,3e-06,0.000998,0.000259,3e-06,1.5e-05,0.000189,0.000107,3.4e-05,0.002241,6e-06,0.000227,0.000107,0.001532,0.000124,0.00084,5.4e-05,3e-06,1.2e-05,9e-06,0.000801,3e-06,0.001285,0.000134,6.9e-05,0.002534,7e-06,2.5e-05,3e-06,7.3e-05,0.000203,0.003943,0.000231,9e-06,7e-06,0.00026,0.000484,5.2e-05,2e-06,0.000387,2.3e-05,0.000155,0.007948,0.00038,0.000166,4e-06,0.00014,3.6e-05,1.8e-05,0.000355,5e-06,0.000547,0.000486,0.000156,8e-06,5e-06,1.4e-05,7e-06,0.000325,0.004064,4e-05,0.000147,2.4e-05,0.018184,7.2e-05,0.000676,3e-06,1.7e-05,2e-06,2e-06,8.5e-05,9.4e-05,0.000718,3.6e-05,7.3e-05,0.001447,0.011504,0.000118,4.6e-05,0.000149,0.001307,1.9e-05,0.000376,0.000114,2e-06,0.010402,0.000489,5.7e-05,0.002636,0.042983,6e-06,1.1e-05,0.001259,0.000389,9.1e-05,2.6e-05,6.9e-05,5e-06,0.000299,1e-05,8e-06,3e-06,0.000433,6e-06,0.001333,5.1e-05,0.000275,5e-06,0.000704,5.3e-05,0.003955,0.000939,0.008186,1.1e-05,9e-06,7e-06,0.001382,4e-06,5e-06,8e-05,3e-06,0.006843,5.6e-05,0.000344,4e-06,6e-06,2e-06,1e-05,0.001444,3.5e-05,0.002293,1.5e-05,2.2e-05,1e-06,1e-06,5e-06,0.015409,0.001352,2.6e-05,1e-06,1.1e-05,0.00019,0.000617,7e-06,0.000112,0.009834,3e-06,0.00755,3e-06,7e-06,2.4e-05,0.000509,3e-06,5.1e-05,0.003885,0.006619,1.2e-05,0.000963,0.000431,0.000146,1.1e-05,3.5e-05,5e-06,5e-06,4e-06,0.000122,3e-06,4e-06,0.001133,0.000131,4e-06,0.001427,1e-06,6.8e-05,0.001344,0.000884,6e-06,4e-06,0.003617,2e-05,0.000169,0.000293,4e-06,0.000204,4.6e-05,3.5e-05,0.031449,9e-06,6e-06,4e-06,1e-06,2.6e-05,5e-06,8e-06,2.3e-05,0.000126,1.3e-05,0.002527,9.6e-05,0.000221,0.001727,2e-05,0.000149,0.000647,4e-06,2e-06,6e-06,6.7e-05,5e-06,0.001304,8.9e-05,1.2e-05,7e-06,9e-06,0.00107,0.001195,1.4e-05,5e-06,6.6e-05,1e-05,0.000811,0.003865,0.002411,0.001134,0.000106,0.001715,0.000195,0.001428,0.010372,0,0.219254,3e-05,0.010727,0.000272,0.000415,0.000182,0.027499,0.179813,0.00032,7e-06,3.1e-05,0.001201,0.002724,9e-06,9e-06,6e-06,9e-06,4e-06,0.000597,0.000103,0.0088,0.000536,0.000495,0.021553,2e-06,0.000539,3.5e-05,0.004709,0.000975,0.000438,0.000361,3e-05,1.6e-05,9.1e-05,3e-06,2e-06,2e-06,1e-06,0.022895,0.00318,0.000814,0.001879,9e-06,0.000352,3.5e-05,1e-06,5e-06,1.9e-05,2.1e-05,0.00017,9.2e-05,7e-06,0.003206,2e-06,3e-06,3e-06,0.005005,2.7e-05,2e-06,8.2e-05,9e-06,0.000945,0.000177,6e-06,0.001174,7e-06,5e-06,1e-05,2e-06,2e-06,3e-06,4e-06
"arusha/ngorongoro/oloirien",0.000212,0.000538,3e-05,0.040291,7e-06,0.000957,4e-06,5e-06,5e-06,0.001332,2.3e-05,5e-06,0.000173,0.0024,0.000578,1.8e-05,1.6e-05,4.6e-05,1e-05,3.4e-05,1.8e-05,0.000214,5e-06,2.2e-05,1.5e-05,7e-06,9e-06,1.6e-05,2e-06,2.1e-05,0.000625,1.6e-05,8e-06,1.3e-05,0.000189,1.7e-05,0.000228,0.00037,4.7e-05,0.107202,1.1e-05,5e-06,0.000808,0.000338,0.000116,6e-06,0.00029,0.054845,0.002842,4.5e-05,1.1e-05,5.3e-05,3.3e-05,1.3e-05,0.000264,3e-06,2.6e-05,1.1e-05,0.000472,0.044154,0.003994,0.006887,0.002332,5.3e-05,0.000232,0.001436,0.000897,1e-05,0.000313,0.001047,3.8e-05,1e-06,5.6e-05,0.000156,3e-05,0.013521,0.001196,4e-06,6e-06,7e-06,2e-06,2.6e-05,7e-06,6e-06,1.4e-05,9e-06,0.007887,7e-06,0.000344,0.002747,3e-06,1.1e-05,0.00786,0.001438,0.000245,0.000649,0.000593,9e-06,0.003197,0.000829,8e-06,4.1e-05,0.000577,0.000365,0.00011,0.007553,1.9e-05,0.000741,0.000366,0.004996,0.000417,0.002735,0.000161,9e-06,3.9e-05,2.8e-05,0.00263,1e-05,0.004172,0.000443,0.000229,0.008304,2.1e-05,7.8e-05,9e-06,0.000223,0.000608,0.01308,0.000768,2.9e-05,2.4e-05,0.000838,0.001542,0.00017,6e-06,0.001312,8e-05,0.000503,0.02986,0.001246,0.000553,1.2e-05,0.000477,0.000118,5.9e-05,0.001119,1.5e-05,0.001763,0.001575,0.000503,2.7e-05,1.5e-05,4.6e-05,2.1e-05,0.001002,0.01385,0.000128,0.000584,7.4e-05,0.057534,0.000229,0.002142,1e-05,5.3e-05,7e-06,6e-06,0.000269,0.00032,0.002423,0.000113,0.000218,0.004987,0.038421,0.000366,0.000155,0.00046,0.004207,7.1e-05,0.001228,0.000343,7e-06,0.04072,0.001495,0.000186,0.008704,0.13128,2e-05,3.6e-05,0.004144,0.00129,0.000296,7.8e-05,0.000217,1.5e-05,0.000926,3e-05,2.7e-05,8e-06,0.001408,2.2e-05,0.004471,0.000155,0.000846,1.7e-05,0.002277,0.000179,0.012599,0.003143,0.02876,3.4e-05,3e-05,2.1e-05,0.004424,1.3e-05,1.4e-05,0.000245,8e-06,0.021875,0.000182,0.001111,1.3e-05,1.9e-05,5e-06,3.3e-05,0.004767,0.000118,0.007612,5e-05,6.6e-05,4e-06,3e-06,1.4e-05,0.066697,0.00456,7.8e-05,2e-06,3.4e-05,0.000625,0.002158,2.4e-05,0.000365,0.03219,1.1e-05,0.023371,1.1e-05,2.2e-05,7.7e-05,0.001705,8e-06,0.00017,0.013174,0.023657,4.2e-05,0.00324,0.001434,0.000447,3.6e-05,0.000111,1.8e-05,1.4e-05,1.1e-05,0.00039,1.1e-05,1.4e-05,0.003787,0.000538,1.1e-05,0.004936,4e-06,0.000213,0.004695,0.002802,1.9e-05,1.3e-05,0.011563,6.3e-05,0.000518,0.000915,1.1e-05,0.00072,0.000148,0.000136,0.112189,2.8e-05,1.7e-05,1.2e-05,3e-06,8.4e-05,1.4e-05,2.8e-05,7e-05,0.000431,4.1e-05,0.008358,0.00031,0.000752,0.00596,6.8e-05,0.000469,0.002044,1.1e-05,6e-06,2.1e-05,0.00021,1.6e-05,0.004145,0.000302,4.1e-05,2.5e-05,3.1e-05,0.003634,0.003724,4.3e-05,1.7e-05,0.000213,3e-05,0.005168,0.013532,0.007811,0.003748,0.000347,0.005989,0.00065,0.00495,0.03512,0.42935,0,0.000102,0.014714,0.000934,0.001419,0.000631,0.098199,0.678668,0.000984,2e-05,0.000102,0.006274,0.009156,2.6e-05,2.8e-05,1.8e-05,3.1e-05,1.1e-05,0.001846,0.000314,0.062987,0.001858,0.001538,0.216659,5e-06,0.001819,0.000118,0.015895,0.003453,0.001503,0.001157,9.5e-05,5.1e-05,0.000298,8e-06,5e-06,7e-06,3e-06,0.021881,0.010775,0.00275,0.006366,2.6e-05,0.001201,0.000115,4e-06,1.7e-05,5.8e-05,6.9e-05,0.000568,0.000295,2.3e-05,0.011429,7e-06,9e-06,8e-06,0.016185,8e-05,5e-06,0.000278,2.9e-05,0.00309,0.000578,2e-05,0.003932,2.4e-05,1.5e-05,3.1e-05,5e-06,6e-06,1e-05,1e-05
"arusha/arushaurban/oloirieni",0,0,0,0,0,0,0,0,0,0,0,0,0,0,0,0,0,0,0,0,0,0,0,0,0,0,0,0,0,0,0,0,0,0,0,0,0,0,0,0,0,0,0,0,0,0,0,0,0,0,0,0,0,0,0,0,0,0,0,0,0,0,0,0,0,0,0,0,0,0,0,0,0,0,0,0,0,0,0,0,0,0,0,0,0,0,0,0,0,0,0,0,0,0,0,0,0,0,0,0,0,0,0,0,0,0,0,0,0,0,0,0,0,0,0,0,0,0,0,0,0,0,0,0,0,0,0,0,0,0,0,0,0,0,0,0,0,0,0,0,0,0,0,0,0,0,0,0,0,0,0,0,0,0,0,0,0,0,0,0,0,0,0,0,0,0,0,0,0,0,0,0,0,0,0,0,0,0,0,0,0,0,0,0,0,0,0,0,0,0,0,0,0,0,0,0,0,0,0,0,0,0,0,0,0,0,0,0,0,0,0,0,0,0,0,0,0,0,0,0,0,0,0,0,0,0,0,0,0,0,0,0,0,0,0,0,0,0,0,0,0,0,0,0,0,0,0,0,0,0,0,0,0,0,0,0,0,0,0,0,0,0,0,0,0,0,0,0,0,0,0,0,0,0,0,0,0,0,0,0,0,0,0,0,0,0,0,0,0,0,0,0,0,0,0,0,0,0,0,0,0,0,0,0,0,0,0,0,0,0,0,0,0,0,0,0,0,0,0,0,0,0,0,0,0,0,0,0,0,0,0,0,0,0,0,0,0,0,0,0,0,0,0,0,0,0,0,0,0,0,0,0,0,0,0,0,0,0,0,0,0,0,0,0,0,0,0,0,0,0,0,0,0,0,0,0,0,0,0,0,0,0,0,0,0,0,0,0,0,0,0,0,0,0,0,0,0,0
"arusha/ngorongoro/ololosokwan",0,0,0,0,0,0,0,0,0,0,0,0,0,0,0,0,0,0,0,0,0,0,0,0,0,0,0,0,0,0,0,0,0,0,0,0,0,0,0,0,0,0,0,0,0,0,0,0,0,0,0,0,0,0,0,0,0,0,0,0,0,0,0,0,0,0,0,0,0,0,0,0,0,0,0,0,0,0,0,0,0,0,0,0,0,0,0,0,0,0,0,0,0,0,0,0,0,0,0,0,0,0,0,0,0,0,0,0,0,0,0,0,0,0,0,0,0,0,0,0,0,0,0,0,0,0,0,0,0,0,0,0,0,0,0,0,0,0,0,0,0,0,0,0,0,0,0,0,0,0,0,0,0,0,0,0,0,0,0,0,0,0,0,0,0,0,0,0,0,0,0,0,0,0,0,0,0,0,0,0,0,0,0,0,0,0,0,0,0,0,0,0,0,0,0,0,0,0,0,0,0,0,0,0,0,0,0,0,0,0,0,0,0,0,0,0,0,0,0,0,0,0,0,0,0,0,0,0,0,0,0,0,0,0,0,0,0,0,0,0,0,0,0,0,0,0,0,0,0,0,0,0,0,0,0,0,0,0,0,0,0,0,0,0,0,0,0,0,0,0,0,0,0,0,0,0,0,0,0,0,0,0,0,0,0,0,0,0,0,0,0,0,0,0,0,0,0,0,0,0,0,0,0,0,0,0,0,0,0,0,0,0,0,0,0,0,0,0,0,0,0,0,0,0,0,0,0,0,0,0,0,0,0,0,0,0,0,0,0,0,0,0,0,0,0,0,0,0,0,0,0,0,0,0,0,0,0,0,0,0,0,0,0,0,0,0,0,0,0,0,0,0,0,0,0,0,0,0,0,0,0,0,0,0,0,0,0,0,0,0,0,0,0,0,0,0,0,0
"arusha/arusha/olorieni",0,0,0,0,0,0,0,0,0,0,0,0,0,0,0,0,0,0,0,0,0,0,0,0,0,0,0,0,0,0,0,0,0,0,0,0,0,0,0,0,0,0,0,0,0,0,0,0,0,0,0,0,0,0,0,0,0,0,0,0,0,0,0,0,0,0,0,0,0,0,0,0,0,0,0,0,0,0,0,0,0,0,0,0,0,0,0,0,0,0,0,0,0,0,0,0,0,0,0,0,0,0,0,0,0,0,0,0,0,0,0,0,0,0,0,0,0,0,0,0,0,0,0,0,0,0,0,0,0,0,0,0,0,0,0,0,0,0,0,0,0,0,0,0,0,0,0,0,0,0,0,0,0,0,0,0,0,0,0,0,0,0,0,0,0,0,0,0,0,0,0,0,0,0,0,0,0,0,0,0,0,0,0,0,0,0,0,0,0,0,0,0,0,0,0,0,0,0,0,0,0,0,0,0,0,0,0,0,0,0,0,0,0,0,0,0,0,0,0,0,0,0,0,0,0,0,0,0,0,0,0,0,0,0,0,0,0,0,0,0,0,0,0,0,0,0,0,0,0,0,0,0,0,0,0,0,0,0,0,0,0,0,0,0,0,0,0,0,0,0,0,0,0,0,0,0,0,0,0,0,0,0,0,0,0,0,0,0,0,0,0,0,0,0,0,0,0,0,0,0,0,0,0,0,0,0,0,0,0,0,0,0,0,0,0,0,0,0,0,0,0,0,0,0,0,0,0,0,0,0,0,0,0,0,0,0,0,0,0,0,0,0,0,0,0,0,0,0,0,0,0,0,0,0,0,0,0,0,0,0,0,0,0,0,0,0,0,0,0,0,0,0,0,0,0,0,0,0,0,0,0,0,0,0,0,0,0,0,0,0,0,0,0,0,0,0,0,0
"arusha/arusha/oltoroto",0,0,0,0,0,0,0,0,0,0,0,0,0,0,0,0,0,0,0,0,0,0,0,0,0,0,0,0,0,0,0,0,0,0,0,0,0,0,0,0,0,0,0,0,0,0,0,0,0,0,0,0,0,0,0,0,0,0,0,0,0,0,0,0,0,0,0,0,0,0,0,0,0,0,0,0,0,0,0,0,0,0,0,0,0,0,0,0,0,0,0,0,0,0,0,0,0,0,0,0,0,0,0,0,0,0,0,0,0,0,0,0,0,0,0,0,0,0,0,0,0,0,0,0,0,0,0,0,0,0,0,0,0,0,0,0,0,0,0,0,0,0,0,0,0,0,0,0,0,0,0,0,0,0,0,0,0,0,0,0,0,0,0,0,0,0,0,0,0,0,0,0,0,0,0,0,0,0,0,0,0,0,0,0,0,0,0,0,0,0,0,0,0,0,0,0,0,0,0,0,0,0,0,0,0,0,0,0,0,0,0,0,0,0,0,0,0,0,0,0,0,0,0,0,0,0,0,0,0,0,0,0,0,0,0,0,0,0,0,0,0,0,0,0,0,0,0,0,0,0,0,0,0,0,0,0,0,0,0,0,0,0,0,0,0,0,0,0,0,0,0,0,0,0,0,0,0,0,0,0,0,0,0,0,0,0,0,0,0,0,0,0,0,0,0,0,0,0,0,0,0,0,0,0,0,0,0,0,0,0,0,0,0,0,0,0,0,0,0,0,0,0,0,0,0,0,0,0,0,0,0,0,0,0,0,0,0,0,0,0,0,0,0,0,0,0,0,0,0,0,0,0,0,0,0,0,0,0,0,0,0,0,0,0,0,0,0,0,0,0,0,0,0,0,0,0,0,0,0,0,0,0,0,0,0,0,0,0,0,0,0,0,0,0,0,0,0,0
"arusha/arusha/oltrumet",0,0,0,0,0,0,0,0,0,0,0,0,0,0,0,0,0,0,0,0,0,0,0,0,0,0,0,0,0,0,0,0,0,0,0,0,0,0,0,0,0,0,0,0,0,0,0,0,0,0,0,0,0,0,0,0,0,0,0,0,0,0,0,0,0,0,0,0,0,0,0,0,0,0,0,0,0,0,0,0,0,0,0,0,0,0,0,0,0,0,0,0,0,0,0,0,0,0,0,0,0,0,0,0,0,0,0,0,0,0,0,0,0,0,0,0,0,0,0,0,0,0,0,0,0,0,0,0,0,0,0,0,0,0,0,0,0,0,0,0,0,0,0,0,0,0,0,0,0,0,0,0,0,0,0,0,0,0,0,0,0,0,0,0,0,0,0,0,0,0,0,0,0,0,0,0,0,0,0,0,0,0,0,0,0,0,0,0,0,0,0,0,0,0,0,0,0,0,0,0,0,0,0,0,0,0,0,0,0,0,0,0,0,0,0,0,0,0,0,0,0,0,0,0,0,0,0,0,0,0,0,0,0,0,0,0,0,0,0,0,0,0,0,0,0,0,0,0,0,0,0,0,0,0,0,0,0,0,0,0,0,0,0,0,0,0,0,0,0,0,0,0,0,0,0,0,0,0,0,0,0,0,0,0,0,0,0,0,0,0,0,0,0,0,0,0,0,0,0,0,0,0,0,0,0,0,0,0,0,0,0,0,0,0,0,0,0,0,0,0,0,0,0,0,0,0,0,0,0,0,0,0,0,0,0,0,0,0,0,0,0,0,0,0,0,0,0,0,0,0,0,0,0,0,0,0,0,0,0,0,0,0,0,0,0,0,0,0,0,0,0,0,0,0,0,0,0,0,0,0,0,0,0,0,0,0,0,0,0,0,0,0,0,0,0,0,0,0
"arusha/longido/orbomba",3.2e-05,3e-06,2e-06,1.9e-05,0,7.2e-05,0,0,0,2.3e-05,0,0,3e-05,0.000357,5e-06,0,0,1e-06,0,0,0,4.2e-05,0,2e-06,0,1e-06,0,0,0,1e-06,5.9e-05,0,0,1e-06,2e-06,0,3.2e-05,5e-06,1e-06,3.7e-05,0,0,1.3e-05,4e-06,2e-06,0,2.8e-05,0.008193,0.000102,1e-06,0,0,1e-06,0,4e-06,0,2e-06,0,1.3e-05,0.000192,0.000768,0.00019,0.002035,1e-06,0,0.000179,0.000105,0,8e-06,2.3e-05,0,0,1.3e-05,2e-06,0,0.000319,2e-05,0,0,0,0,0,0,0,0,0,0.000979,0,4e-06,6.9e-05,0,0,0.00051,0.000303,1.4e-05,9e-06,0.000111,0,0.000226,5.6e-05,0,0,1.4e-05,5.4e-05,1e-05,0.001307,0,7.7e-05,9.7e-05,6.9e-05,7.6e-05,0.000255,2e-06,1e-06,3e-06,2e-06,0.000304,0,0.000396,5.6e-05,3e-05,0.000996,1e-06,4e-06,0,5e-06,1.1e-05,0.001956,9.2e-05,3e-06,2e-06,6.2e-05,9.4e-05,1.7e-05,0,0.000195,1.4e-05,4.5e-05,0.025308,0.000143,8.6e-05,0,7.3e-05,1.3e-05,5e-06,5.1e-05,0,0.000141,0.00014,4e-05,2e-06,1e-06,3e-06,1e-06,2.9e-05,0.001588,1e-05,9.3e-05,2e-06,0.005902,1.3e-05,9.2e-05,1e-06,2e-06,0,0,1.5e-05,6.9e-05,0.000315,5e-06,4e-06,0.000265,0.005751,1.2e-05,3.2e-05,1.2e-05,0.000165,0.000331,0.000129,7e-06,0,4e-06,3.7e-05,1.5e-05,0.00125,0.015726,3e-06,5e-06,0.000531,0.000184,2.9e-05,1e-06,4e-06,0,1.9e-05,0,2e-06,0,0.000137,0,0.000728,3e-06,2.3e-05,2e-06,0.000188,3.4e-05,0.000857,0.000122,4.6e-05,3e-06,2e-06,0,0.000293,1e-06,0,6e-06,0,0.001655,1.6e-05,8.9e-05,0,2e-06,0,5e-06,0.000654,2e-05,0.001212,5e-06,1e-06,0,0,0,0.001592,0.000495,1e-06,0,3e-06,6.1e-05,4.1e-05,2e-06,3.3e-05,0.001935,1e-06,0.000956,0,2e-06,7e-06,0.000214,0,1.4e-05,0.002066,0.003912,5e-06,0.000435,0.000201,1.2e-05,3e-06,6e-06,2e-06,0,0,2.6e-05,0,0,7.7e-05,0.000102,0,0.000655,0,5e-06,0.000822,0.000152,1e-06,0,0.000832,5e-06,1.3e-05,3.3e-05,0,9e-06,1.1e-05,1e-06,0.056965,0,0,0,0,8e-06,0,6e-06,1e-06,0.000121,1e-06,0.000945,2.9e-05,0.000192,0.001771,1e-05,2.2e-05,1.5e-05,1e-06,0,2e-06,8e-06,0,9.6e-05,4.8e-05,7e-06,4e-06,4e-06,0.000458,1.3e-05,1e-06,1e-06,2e-05,0,4e-06,0.005206,0.000685,0.000325,2.3e-05,0.0013,9.8e-05,0.001577,0.006211,4.7e-05,7.3e-05,1.4e-05,4e-06,0.000144,0.000236,0.000104,0,0.000189,2.8e-05,0,1e-05,1.8e-05,0.001463,1e-06,0,2e-06,1e-06,0,5.9e-05,7e-06,2.1e-05,0.000418,5.3e-05,2.7e-05,0,0.00038,1.9e-05,0.002391,0.000133,0.000112,7.3e-05,5e-06,4e-06,3e-05,0,0,0,0,3e-06,0.001761,0.000353,0.000865,0,0.000245,1.1e-05,0,0,1e-06,7e-06,6e-05,1.4e-05,3e-06,0.009476,0,0,0,0.001466,1e-06,0,3.9e-05,3e-06,0.000334,5.9e-05,2e-06,0.000575,2e-06,0,1e-06,0,0,0,0
"arusha/ngorongoro/orgosorok",3e-06,5e-06,0,0.000158,0,1.2e-05,0,0,0,1.5e-05,0,0,2e-06,3e-05,6e-06,0,0,0,0,0,0,2e-06,0,0,0,0,0,0,0,0,1.2e-05,0,0,0,1e-06,0,3e-06,3e-06,0,0.002729,0,0,7e-06,3e-06,1e-06,0,3e-06,7e-04,3.4e-05,0,0,1e-06,0,0,2e-06,0,0,0,6e-06,0.000284,4.1e-05,5.3e-05,3e-05,1e-06,1.9e-05,1.8e-05,1.1e-05,0,3e-06,9e-06,0,0,1e-06,2e-06,0,0.000126,1.3e-05,0,0,0,0,0,0,0,0,0,0.000101,0,3e-06,2.4e-05,0,0,0.000103,1.8e-05,3e-06,7e-06,8e-06,0,4.1e-05,1.1e-05,0,0,7e-06,4e-06,1e-06,0.000103,0,1e-05,5e-06,3.6e-05,5e-06,3.6e-05,1e-06,0,1e-06,0,3.3e-05,0,5.4e-05,6e-06,2e-06,0.000109,0,1e-06,0,3e-06,5e-06,0.000118,1e-05,0,0,8e-06,2e-05,2e-06,0,1.6e-05,1e-06,7e-06,0.00043,1.6e-05,7e-06,0,6e-06,2e-06,1e-06,1.4e-05,0,2.3e-05,2e-05,7e-06,0,0,1e-06,0,1.3e-05,0.000168,1e-06,5e-06,1e-06,0.000774,3e-06,1.8e-05,0,1e-06,0,0,3e-06,4e-06,3e-05,1e-06,2e-06,4e-05,0.000485,5e-06,2e-06,4e-06,3.5e-05,1e-06,1.6e-05,4e-06,0,0.000129,1.9e-05,2e-06,0.000114,0.002899,0,0,5.4e-05,1.7e-05,4e-06,1e-06,2e-06,0,7e-06,0,0,0,1.8e-05,0,5.6e-05,2e-06,8e-06,0,3e-05,2e-06,0.000164,2.5e-05,0.000213,0,0,0,5.8e-05,0,0,3e-06,0,0.000293,2e-06,1.4e-05,0,0,0,0,6.1e-05,2e-06,9.9e-05,1e-06,1e-06,0,0,0,0.001071,5.5e-05,1e-06,0,0,5e-06,1.6e-05,0,5e-06,0.000599,0,0.000213,0,0,1e-06,2.1e-05,0,2e-06,0.000164,0.000204,0,4e-05,1.9e-05,6e-06,0,1e-06,0,0,0,3e-06,0,0,2.8e-05,7e-06,0,6e-05,0,2e-06,5.7e-05,3.6e-05,0,0,0.000151,1e-06,7e-06,8e-06,0,7e-06,2e-06,1e-06,0.001749,0,0,0,0,1e-06,0,0,1e-06,6e-06,1e-06,0.000104,4e-06,1e-05,5.4e-05,1e-06,6e-06,1.9e-05,0,0,0,3e-06,0,3.2e-05,4e-06,1e-06,0,0,3.1e-05,2.2e-05,1e-06,0,3e-06,0,7.6e-05,0.000122,0.000104,3.2e-05,4e-06,7.4e-05,8e-06,6.7e-05,0.000313,0.001841,0.005383,1e-06,0.000169,1.1e-05,1.8e-05,8e-06,0.001,0,9e-06,0,1e-06,7.2e-05,0.000115,0,0,0,0,0,2.3e-05,4e-06,0.00049,2.3e-05,1.9e-05,0.002113,0,2.4e-05,1e-06,0.000198,2.7e-05,1.8e-05,1e-05,1e-06,1e-06,4e-06,0,0,0,0,0.000195,0.000134,2.4e-05,7.8e-05,0,1.5e-05,1e-06,0,0,0,1e-06,7e-06,2e-06,0,0.000109,0,0,0,0.000216,1e-06,0,3e-06,0,4e-05,8e-06,0,4.9e-05,0,0,0,0,0,0,0
"manyara/simanjiro/orkesmet",0.00021,1.6e-05,4e-05,0.000133,5e-06,0.002782,1e-06,2e-06,5e-06,0.001122,1.8e-05,3e-06,0.000137,0.002197,0.000113,6e-06,5e-06,2.4e-05,4e-06,1.5e-05,0.000129,0.000191,5e-06,3.9e-05,0.000116,1.2e-05,8e-06,4e-06,1.1e-05,0.000208,0.001142,4.7e-05,7.9e-05,6.1e-05,2.4e-05,1e-05,0.000196,0.000219,1.3e-05,0.000161,4e-06,4e-06,0.002095,0.000136,0.000294,5e-06,3.5e-05,0.04284,0.006838,8e-06,4e-06,6e-06,6e-06,4e-06,0.000192,2e-06,6.7e-05,1.6e-05,0.19228,0.00251,0.000286,0.00047,0.000509,0.000157,0,0.001501,0.000386,3e-06,8.4e-05,0.001829,4e-06,1e-06,4e-05,5.5e-05,1.6e-05,0.000378,3.7e-05,2e-06,2e-06,3e-06,2e-06,2.2e-05,3e-06,5e-06,9e-06,3e-06,0.012107,3e-06,0.000114,0.032693,2e-06,4e-06,0.013938,0.000936,1.7e-05,0.000214,0.00052,2.7e-05,0.008825,0.002032,3e-06,4e-06,0.003235,0.000293,2e-04,0.003736,4e-06,0.001192,0.000254,0.000709,0.000371,0.002857,0.000103,7e-06,4.7e-05,3.8e-05,0.004659,4.5e-05,0.006809,0.00047,0.000256,0.009219,7.6e-05,0.00032,3.4e-05,0.001642,0.003851,0.016369,0.001157,4.1e-05,3.6e-05,0.001562,0.004202,0.000273,2.9e-05,0.001149,5.5e-05,0.000813,0.004119,0.001756,0.000661,0.000115,0.000359,0.000161,5.8e-05,0.004703,9e-06,0.00338,0.002358,0.000869,3e-05,0.000117,5e-05,0.000218,0.004537,0.008557,0.000122,5.1e-05,0.003258,0.093866,0.000656,0.012387,1.8e-05,0.000269,3e-06,4e-06,0.001233,0.000268,0.002327,0.000621,0.00102,0.001618,0.031146,0.018489,0.000122,0.003476,0.005111,1.1e-05,0.001873,0.003284,5.7e-05,2.7e-05,0.023442,0.000419,0.009182,0.201081,1.6e-05,3.3e-05,0.005219,0.001455,0.00058,4e-05,7.6e-05,5e-06,0.000772,8e-05,4.3e-05,6e-06,0.002327,3e-06,0.004859,0.001556,0.013513,3.2e-05,0.002831,0.000168,0.025,0.001281,0.000272,4.9e-05,4.6e-05,2.6e-05,0.006862,1.8e-05,2e-06,0.001265,2e-06,0.022946,0.000253,0.001683,5e-06,2.8e-05,3e-06,3.4e-05,0.006189,0.000119,0.007431,0.000101,1.5e-05,3e-06,2e-06,4e-06,0.001857,0.003967,0.000207,3e-06,4.9e-05,0.001321,0.000238,3.3e-05,0.000963,0.026417,1.8e-05,0.144154,9.3e-05,3.7e-05,0.000131,0.002026,5e-06,0.000191,0.010285,0.00624,1.8e-05,0.003297,0.00097,0.003967,4.1e-05,0.000389,3.1e-05,0.000115,8.4e-05,0.00169,6e-06,0.000104,0.000711,3.7e-05,5e-06,0.002601,3e-06,0.000152,0.002199,0.01114,6e-05,0.000174,0.019205,9e-05,0.004167,0.031357,5e-06,4.8e-05,0.000578,5e-06,0.016336,1.2e-05,7e-05,1.1e-05,2e-06,7.5e-05,7e-06,2.5e-05,0.000814,0.000228,0.00029,0.012375,0.000528,0.000478,0.003581,5.4e-05,0.005278,0.000149,1.7e-05,2.9e-05,3.5e-05,0.001983,8.4e-05,0.002164,0.000269,3.9e-05,2.1e-05,3.3e-05,0.002878,0.000111,0.000147,3.2e-05,0.000316,3e-06,1.6e-05,0.006078,0.007931,0.005405,0.000774,0.0029,0.000787,0.001939,0.022618,0.000351,0.000444,9.3e-05,4e-05,0.000644,0.00109,0.000371,0.017851,0.001061,0,9.7e-05,0.000186,4.8e-05,0.009145,5.1e-05,4e-06,2.8e-05,5e-06,8e-06,0.044675,0.005148,9.5e-05,0.001064,0.016059,0.000133,2e-06,0.001526,0.000112,0.013233,0.000602,0.00072,0.00593,0.000381,6.4e-05,0.000517,5e-06,4e-06,6e-06,3e-06,2.6e-05,0.00883,0.002539,0.005277,6.8e-05,0.000957,0.000194,5.9e-05,0.000177,0.000196,5.6e-05,0.000662,0.000921,2.1e-05,0.003415,2e-06,4e-05,4e-06,0.01497,3.8e-05,2e-06,0.00023,3.4e-05,0.004337,0.000785,2.5e-05,0.004543,2.7e-05,0.000139,0.000228,3.7e-05,5.6e-05,4e-06,3e-06
"manyara/kiteto/partimbo",0.000506,9.7e-05,9.3e-05,0.000875,4.3e-05,0.004078,1.1e-05,1.4e-05,5e-05,0.009634,0.000168,4.9e-05,0.000359,0.005498,0.000948,4.1e-05,4.6e-05,0.000243,4.4e-05,0.000175,0.000242,0.000469,5.5e-05,7.3e-05,0.00016,2.2e-05,8.5e-05,2.8e-05,0.017798,0.000269,0.002215,0.013513,9.4e-05,7.7e-05,0.000162,0.000105,0.00051,0.002179,9.8e-05,0.000982,3.5e-05,5.3e-05,0.180877,0.001257,0.063216,5.2e-05,0.000155,0.110212,0.020867,5.5e-05,3.1e-05,4e-05,3.8e-05,4.1e-05,0.002274,2.7e-05,0.000105,0.000105,0.012511,0.018077,0.001345,0.002389,0.001931,0.051552,1e-06,0.003641,0.001322,2.5e-05,0.000435,0.012439,2.7e-05,8e-06,0.000108,0.000391,0.000214,0.001964,0.000196,2.4e-05,2.7e-05,2.8e-05,2.1e-05,0.000262,2.9e-05,9.1e-05,0.000103,2.1e-05,0.023469,2.9e-05,0.00117,0.040493,2.6e-05,4.3e-05,0.028107,0.002615,8.4e-05,0.001644,0.001297,4.3e-05,0.013472,0.003379,2.5e-05,3.3e-05,0.006098,0.000778,0.000373,0.012238,2.9e-05,0.00233,0.000684,0.00429,0.000923,0.007226,0.001368,1.9e-05,0.000113,8.7e-05,0.008499,0.057782,0.013365,0.001121,0.00059,0.021478,0.000109,0.000429,4.9e-05,0.0028,0.216738,0.034524,0.00234,8.9e-05,7.6e-05,0.002995,0.006711,0.000536,3.5e-05,0.002937,0.000153,0.001627,0.017457,0.003639,0.001436,0.000162,0.000978,0.00034,0.000156,0.006297,7.4e-05,0.006266,0.004941,0.001717,7.6e-05,0.000106,0.000131,2e-04,0.007742,0.025905,0.000334,0.000233,0.00594,0.16998,0.001047,0.019436,3.3e-05,0.000334,3.9e-05,5.8e-05,0.001464,0.000672,0.005823,0.000696,0.071221,0.00668,0.079836,0.00548,0.000319,0.011788,0.017942,4.6e-05,0.003768,0.069027,8.3e-05,0.000175,0.026019,0.000702,0.021387,0.339425,4.2e-05,8.3e-05,0.011277,0.003295,0.001026,0.000368,0.000492,5.3e-05,0.005,0.014267,9.3e-05,4.6e-05,0.004531,1.9e-05,0.011005,0.015193,0.011905,5.7e-05,0.006677,0.000404,0.046295,0.005561,0.001723,0.000108,9.7e-05,0.000161,0.014955,4.1e-05,1.6e-05,0.002291,1.6e-05,0.059084,0.000557,0.003582,5e-05,5.6e-05,3.4e-05,8e-05,0.013013,0.000281,0.017797,0.000175,0.000118,3.2e-05,2.3e-05,3.6e-05,0.009668,0.0107,0.043821,6e-06,0.000103,0.002318,0.001288,7.6e-05,0.001495,0.082591,3.6e-05,0.150197,0.000104,7.2e-05,0.000252,0.004603,6.1e-05,0.000497,0.027193,0.023358,6.1e-05,0.007976,0.002858,0.005329,0.000102,0.00056,5.9e-05,0.000137,0.000109,0.00201,2.7e-05,0.000147,0.003885,0.000173,4.1e-05,0.008209,2.8e-05,0.000892,0.007023,0.014517,9.3e-05,0.000151,0.03908,0.000201,0.006257,0.014466,3.5e-05,0.000275,0.000727,2.9e-05,0.068003,9.2e-05,0.045868,1e-04,2.7e-05,0.000204,6.7e-05,6.1e-05,0.028524,0.000695,0.000465,0.025425,0.001022,0.00135,0.010089,0.000145,0.003768,0.000985,3.8e-05,3.5e-05,6.8e-05,0.001759,0.037385,0.011859,0.000675,9.3e-05,5.4e-05,7.8e-05,0.007862,0.000736,0.021227,6e-05,0.000659,2.2e-05,9.3e-05,0.018812,0.020496,0.012238,0.001572,0.009006,0.001703,0.006591,0.062943,0.002305,0.002829,0.000236,0.000269,0.001815,0.002908,0.001103,0.068991,0.006635,0.029898,0,0.000344,0.000275,0.021592,0.000406,2.4e-05,5.7e-05,2.7e-05,8.1e-05,0.023769,0.008376,0.00058,0.003109,0.013915,0.000823,1.4e-05,0.003838,0.000274,0.034124,0.00283,0.002564,0.007027,0.000511,0.000153,0.000976,4.9e-05,5.4e-05,5.7e-05,3.9e-05,0.000175,0.022779,0.006478,0.013945,0.014611,0.002461,0.000371,4.5e-05,0.000208,0.019309,0.000158,0.001581,0.001944,5.4e-05,0.012135,2e-05,5.7e-05,3.3e-05,0.040024,0.000404,1.2e-05,0.000608,7.9e-05,0.009078,0.001697,5.6e-05,0.010149,6.7e-05,0.000154,0.000316,4.1e-05,9e-05,3.2e-05,2.3e-05
"kilimanjaro/moshimunicipal/pasua",0,0,0,0,0,0,0,0,0,0,0,0,0,0,0,0,0,0,0,0,0,0,0,0,0,0,0,0,0,0,0,0,0,0,0,0,0,0,0,0,0,0,0,0,0,0,0,0,0,0,0,0,0,0,0,0,0,0,0,0,0,0,0,0,0,0,0,0,0,0,0,0,0,0,0,0,0,0,0,0,0,0,0,0,0,0,0,0,0,0,0,0,0,0,0,0,0,0,0,0,0,0,0,0,0,0,0,0,0,0,0,0,0,0,0,0,0,0,0,0,0,0,0,0,0,0,0,0,0,0,0,0,0,0,0,0,0,0,0,0,0,0,0,0,0,0,0,0,0,0,0,0,0,0,0,0,0,0,0,0,0,0,0,0,0,0,0,0,0,0,0,0,0,0,0,0,0,0,0,0,0,0,0,0,0,0,0,0,0,0,0,0,0,0,0,0,0,0,0,0,0,0,0,0,0,0,0,0,0,0,0,0,0,0,0,0,0,0,0,0,0,0,0,0,0,0,0,0,0,0,0,0,0,0,0,0,0,0,0,0,0,0,0,0,0,0,0,0,0,0,0,0,0,0,0,0,0,0,0,0,0,0,0,0,0,0,0,0,0,0,0,0,0,0,0,0,0,0,0,0,0,0,0,0,0,0,0,0,0,0,0,0,0,0,0,0,0,0,0,0,0,0,0,0,0,0,0,0,0,0,0,0,0,0,0,0,0,0,0,0,0,0,0,0,0,0,0,0,0,0,0,0,0,0,0,0,0,0,0,0,0,0,0,0,0,0,0,0,0,0,0,0,0,0,0,0,0,0,0,0,0,0,0,0,0,0,0,0,0,0,0,0,0,0,0,0,0,0,0,0,0,0,0,0,0,0,0,0,0,0,0,0,0,0,0,0,0,0
"arusha/ngorongoro/pinyinyi",6e-06,1.9e-05,1e-06,0.000163,0,2.1e-05,0,0,0,2.5e-05,0,0,5e-06,7e-05,1e-05,0,0,1e-06,0,0,0,4e-06,0,0,0,0,0,0,0,0,2.5e-05,0,0,0,3e-06,0,7e-06,5e-06,1e-06,0.000754,0,0,9e-06,4e-06,1e-06,0,1.5e-05,0.001734,6.3e-05,1e-06,0,1e-06,1e-06,0,3e-06,0,1e-06,0,9e-06,0.000478,0.000136,0.000262,9.6e-05,1e-06,0,4.1e-05,3.1e-05,0,9e-06,1.4e-05,1e-06,0,2e-06,3e-06,0,0.001056,0.000118,0,0,0,0,0,0,0,0,0,0.000193,0,4e-06,3.4e-05,0,0,0.000162,4.5e-05,1.5e-05,1.3e-05,1.6e-05,0,6.8e-05,1.7e-05,0,1e-06,1e-05,1.1e-05,2e-06,0.000191,0,1.7e-05,1.1e-05,9.3e-05,1.1e-05,6e-05,2e-06,0,1e-06,1e-06,6.4e-05,0,9.4e-05,1e-05,4e-06,0.000195,0,2e-06,0,4e-06,7e-06,0.000248,2e-05,1e-06,1e-06,1.3e-05,3.2e-05,4e-06,0,3.9e-05,3e-06,1.1e-05,0.001193,2.9e-05,1.5e-05,0,1.5e-05,3e-06,1e-06,2.2e-05,0,3.8e-05,3.5e-05,1.1e-05,1e-06,0,1e-06,0,1.8e-05,0.000444,2e-06,2.4e-05,1e-06,0.00136,5e-06,3.3e-05,0,1e-06,0,0,5e-06,9e-06,7e-05,2e-06,3e-06,0.000118,0.001189,7e-06,4e-06,6e-06,7.3e-05,3e-06,2.8e-05,6e-06,0,6.3e-05,2.6e-05,4e-06,0.000214,0.005265,0,1e-06,1e-04,3.2e-05,7e-06,1e-06,3e-06,0,1.4e-05,0,1e-06,0,3.2e-05,1e-06,0.000124,3e-06,1.1e-05,0,4.9e-05,5e-06,0.000264,6.6e-05,0.000557,1e-06,1e-06,0,9.1e-05,0,0,4e-06,0,0.000464,4e-06,2.4e-05,0,0,0,1e-06,0.000118,3e-06,0.000192,1e-06,1e-06,0,0,0,0.004639,0.000135,1e-06,0,1e-06,1.1e-05,5.3e-05,0,9e-06,0.001441,0,0.000319,0,0,2e-06,4.7e-05,0,5e-06,0.000403,0.000676,1e-06,9.3e-05,3.4e-05,8e-06,1e-06,2e-06,0,0,0,6e-06,0,0,7.8e-05,3.1e-05,0,0.000164,0,5e-06,0.000161,5.6e-05,0,0,0.000244,1e-06,9e-06,1.3e-05,0,2.5e-05,3e-06,7e-06,0.004501,1e-06,0,0,0,2e-06,0,1e-06,1e-06,1.2e-05,1e-06,0.000224,7e-06,2.1e-05,0.000131,2e-06,9e-06,4.5e-05,0,0,0,4e-06,0,6.9e-05,9e-06,1e-06,1e-06,1e-06,7.8e-05,5e-05,1e-06,0,5e-06,1e-06,6.8e-05,0.000326,0.00017,7.1e-05,9e-06,0.000204,1.7e-05,0.000142,0.000806,0.000351,0.000755,3e-06,3.1e-05,2.9e-05,4.3e-05,2e-05,0.003063,0.002365,1.3e-05,0,2e-06,0,0.000262,0,1e-06,0,1e-06,0,3.4e-05,5e-06,0.000749,6e-05,2.9e-05,0.000577,0,4.9e-05,3e-06,0.000481,9.2e-05,4.8e-05,1.8e-05,2e-06,1e-06,7e-06,0,0,0,0,2.8e-05,0.000325,5.7e-05,0.000192,0,3.6e-05,3e-06,0,0,1e-06,2e-06,1.6e-05,5e-06,1e-06,0.000269,0,0,0,0.000356,1e-06,0,8e-06,1e-06,7.1e-05,1.3e-05,0,0.000109,1e-06,0,1e-06,0,0,0,0
"arusha/meru/poli",0.001695,1e-06,1e-06,2e-06,0,9.7e-05,0,0,0,1.3e-05,0,0,0.000373,0.005196,2e-06,0,0,0,0,0,0,4.5e-05,0,2e-06,0,1e-06,0,0,0,0,0.000537,0,0,1e-06,0,0,0.000223,2e-06,0,5e-06,0,0,4e-06,1e-06,1e-06,0,4e-06,0.037769,0.000115,0,0,0,0,0,1e-06,0,9e-06,0,1.2e-05,3.6e-05,1.5e-05,2.2e-05,0.000104,0,0,0.001518,8.6e-05,0,4e-06,1.1e-05,0,0,1e-05,1e-06,0,1.5e-05,2e-06,0,0,0,0,0,0,0,0,0,0.001901,0,1e-06,3e-05,0,0,0.000355,0.001285,1e-06,4e-06,0.000106,0,0.00025,5.2e-05,0,0,8e-06,0.000347,1.1e-05,0.000299,0,8.7e-05,0.000132,1.6e-05,7e-05,0.000136,1e-06,8e-06,2e-06,1e-06,0.00082,0,0.00038,4e-05,1.8e-05,0.000719,1e-06,3e-06,0,3e-06,4e-06,0.009952,0.001101,2e-06,1e-06,3.6e-05,8.5e-05,1.8e-05,0,0.002012,5.6e-05,4e-05,0.000391,0.000154,0.000338,0,0.000356,1.3e-05,2e-06,4.3e-05,0,0.000128,0.000109,3.2e-05,1e-06,1e-06,2e-06,1e-06,1.7e-05,0.002516,3e-06,4e-06,1e-06,0.006394,1.1e-05,0.000101,1e-06,2e-06,0,0,1.7e-05,0.000206,0.00241,5e-06,1e-06,1e-04,0.033539,1.1e-05,2.3e-05,8e-06,0.000119,1e-06,0.000134,4e-06,0,1e-06,2.3e-05,1.8e-05,0.001089,0.032188,2e-06,3e-06,0.000572,0.000194,4.1e-05,0,1e-06,0,8e-06,0,1e-06,0,0.00014,0,0.010065,2e-06,1.1e-05,9e-06,0.000113,6.7e-05,0.000677,5.2e-05,8e-06,2e-06,2e-06,0,0.000187,1e-06,0,4e-06,0,0.000805,1.1e-05,6.3e-05,0,2.1e-05,0,6e-06,0.001021,2.3e-05,0.001068,8e-06,0,0,0,0,9.3e-05,0.001477,1e-06,0,3e-06,0.000244,8e-06,1e-06,0.000124,0.003513,1e-06,0.000583,0,2e-06,7e-06,0.003215,0,3.4e-05,0.012975,0.000855,4e-06,0.005489,7.2e-05,7e-06,2e-06,5e-06,2e-06,0,0,2.8e-05,0,0,2.1e-05,3e-06,0,0.000844,0,3e-06,0.000882,0.000151,1e-06,0,0.000593,3e-06,8e-06,2.9e-05,0,2e-06,2.4e-05,0,0.0014,0,0,0,0,4e-06,0,6e-06,1e-06,3.5e-05,1e-06,0.009831,2.8e-05,9.6e-05,0.001991,5.4e-05,2.7e-05,4e-06,0,0,2e-06,7e-06,0,4e-05,0.001148,0.000276,0.000119,3e-06,0.001113,2e-06,0,2e-06,1.7e-05,0,0,0.002271,0.000343,0.000824,5.6e-05,0.001573,0.000211,0.000229,0.013357,6e-06,8e-06,0.000145,1e-06,0.000493,0.001758,0.000217,0.001776,2.6e-05,1.7e-05,0,1.1e-05,2e-06,0,0,0,2e-06,0,0,4.9e-05,4e-06,3e-06,0.000964,4.3e-05,4e-06,0,0.000458,0.002019,0.018006,3e-05,9.3e-05,0.000125,4e-06,2e-06,3.5e-05,0,0,0,0,1e-06,0.018879,0.001539,0.004321,0,0.002587,1.3e-05,0,0,0,3e-06,0.000314,1.6e-05,2.8e-05,0.000385,0,0,0,0.000673,0,0,0.000236,2e-06,0.000314,4.8e-05,2e-06,0.022724,1e-06,0,1e-06,0,0,0,0
"manyara/babati/qashi",0,0,0,0,0,0,0,0,0,0,0,0,0,0,0,0,0,0,0,0,0,0,0,0,0,0,0,0,0,0,0,0,0,0,0,0,0,0,0,0,0,0,0,0,0,0,0,0,0,0,0,0,0,0,0,0,0,0,0,0,0,0,0,0,0,0,0,0,0,0,0,0,0,0,0,0,0,0,0,0,0,0,0,0,0,0,0,0,0,0,0,0,0,0,0,0,0,0,0,0,0,0,0,0,0,0,0,0,0,0,0,0,0,0,0,0,0,0,0,0,0,0,0,0,0,0,0,0,0,0,0,0,0,0,0,0,0,0,0,0,0,0,0,0,0,0,0,0,0,0,0,0,0,0,0,0,0,0,0,0,0,0,0,0,0,0,0,0,0,0,0,0,0,0,0,0,0,0,0,0,0,0,0,0,0,0,0,0,0,0,0,0,0,0,0,0,0,0,0,0,0,0,0,0,0,0,0,0,0,0,0,0,0,0,0,0,0,0,0,0,0,0,0,0,0,0,0,0,0,0,0,0,0,0,0,0,0,0,0,0,0,0,0,0,0,0,0,0,0,0,0,0,0,0,0,0,0,0,0,0,0,0,0,0,0,0,0,0,0,0,0,0,0,0,0,0,0,0,0,0,0,0,0,0,0,0,0,0,0,0,0,0,0,0,0,0,0,0,0,0,0,0,0,0,0,0,0,0,0,0,0,0,0,0,0,0,0,0,0,0,0,0,0,0,0,0,0,0,0,0,0,0,0,0,0,0,0,0,0,0,0,0,0,0,0,0,0,0,0,0,0,0,0,0,0,0,0,0,0,0,0,0,0,0,0,0,0,0,0,0,0,0,0,0,0,0,0,0,0,0,0,0,0,0,0,0,0,0,0,0,0,0,0,0,0,0,0,0
"arusha/karatu/qurus",0,0,0,0,0,0,0,0,0,0,0,0,0,0,0,0,0,0,0,0,0,0,0,0,0,0,0,0,0,0,0,0,0,0,0,0,0,0,0,0,0,0,0,0,0,0,0,0,0,0,0,0,0,0,0,0,0,0,0,0,0,0,0,0,0,0,0,0,0,0,0,0,0,0,0,0,0,0,0,0,0,0,0,0,0,0,0,0,0,0,0,0,0,0,0,0,0,0,0,0,0,0,0,0,0,0,0,0,0,0,0,0,0,0,0,0,0,0,0,0,0,0,0,0,0,0,0,0,0,0,0,0,0,0,0,0,0,0,0,0,0,0,0,0,0,0,0,0,0,0,0,0,0,0,0,0,0,0,0,0,0,0,0,0,0,0,0,0,0,0,0,0,0,0,0,0,0,0,0,0,0,0,0,0,0,0,0,0,0,0,0,0,0,0,0,0,0,0,0,0,0,0,0,0,0,0,0,0,0,0,0,0,0,0,0,0,0,0,0,0,0,0,0,0,0,0,0,0,0,0,0,0,0,0,0,0,0,0,0,0,0,0,0,0,0,0,0,0,0,0,0,0,0,0,0,0,0,0,0,0,0,0,0,0,0,0,0,0,0,0,0,0,0,0,0,0,0,0,0,0,0,0,0,0,0,0,0,0,0,0,0,0,0,0,0,0,0,0,0,0,0,0,0,0,0,0,0,0,0,0,0,0,0,0,0,0,0,0,0,0,0,0,0,0,0,0,0,0,0,0,0,0,0,0,0,0,0,0,0,0,0,0,0,0,0,0,0,0,0,0,0,0,0,0,0,0,0,0,0,0,0,0,0,0,0,0,0,0,0,0,0,0,0,0,0,0,0,0,0,0,0,0,0,0,0,0,0,0,0,0,0,0,0,0,0,0,0,0
"kilimanjaro/moshimunicipal/rau",0,0,0,0,0,0,0,0,0,0,0,0,0,0,0,0,0,0,0,0,0,0,0,0,0,0,0,0,0,0,0,0,0,0,0,0,0,0,0,0,0,0,0,0,0,0,0,0,0,0,0,0,0,0,0,0,0,0,0,0,0,0,0,0,0,0,0,0,0,0,0,0,0,0,0,0,0,0,0,0,0,0,0,0,0,0,0,0,0,0,0,0,0,0,0,0,0,0,0,0,0,0,0,0,0,0,0,0,0,0,0,0,0,0,0,0,0,0,0,0,0,0,0,0,0,0,0,0,0,0,0,0,0,0,0,0,0,0,0,0,0,0,0,0,0,0,0,0,0,0,0,0,0,0,0,0,0,0,0,0,0,0,0,0,0,0,0,0,0,0,0,0,0,0,0,0,0,0,0,0,0,0,0,0,0,0,0,0,0,0,0,0,0,0,0,0,0,0,0,0,0,0,0,0,0,0,0,0,0,0,0,0,0,0,0,0,0,0,0,0,0,0,0,0,0,0,0,0,0,0,0,0,0,0,0,0,0,0,0,0,0,0,0,0,0,0,0,0,0,0,0,0,0,0,0,0,0,0,0,0,0,0,0,0,0,0,0,0,0,0,0,0,0,0,0,0,0,0,0,0,0,0,0,0,0,0,0,0,0,0,0,0,0,0,0,0,0,0,0,0,0,0,0,0,0,0,0,0,0,0,0,0,0,0,0,0,0,0,0,0,0,0,0,0,0,0,0,0,0,0,0,0,0,0,0,0,0,0,0,0,0,0,0,0,0,0,0,0,0,0,0,0,0,0,0,0,0,0,0,0,0,0,0,0,0,0,0,0,0,0,0,0,0,0,0,0,0,0,0,0,0,0,0,0,0,0,0,0,0,0,0,0,0,0,0,0,0,0
"arusha/karatu/rhotia",0,0,0,0,0,0,0,0,0,0,0,0,0,0,0,0,0,0,0,0,0,0,0,0,0,0,0,0,0,0,0,0,0,0,0,0,0,0,0,0,0,0,0,0,0,0,0,0,0,0,0,0,0,0,0,0,0,0,0,0,0,0,0,0,0,0,0,0,0,0,0,0,0,0,0,0,0,0,0,0,0,0,0,0,0,0,0,0,0,0,0,0,0,0,0,0,0,0,0,0,0,0,0,0,0,0,0,0,0,0,0,0,0,0,0,0,0,0,0,0,0,0,0,0,0,0,0,0,0,0,0,0,0,0,0,0,0,0,0,0,0,0,0,0,0,0,0,0,0,0,0,0,0,0,0,0,0,0,0,0,0,0,0,0,0,0,0,0,0,0,0,0,0,0,0,0,0,0,0,0,0,0,0,0,0,0,0,0,0,0,0,0,0,0,0,0,0,0,0,0,0,0,0,0,0,0,0,0,0,0,0,0,0,0,0,0,0,0,0,0,0,0,0,0,0,0,0,0,0,0,0,0,0,0,0,0,0,0,0,0,0,0,0,0,0,0,0,0,0,0,0,0,0,0,0,0,0,0,0,0,0,0,0,0,0,0,0,0,0,0,0,0,0,0,0,0,0,0,0,0,0,0,0,0,0,0,0,0,0,0,0,0,0,0,0,0,0,0,0,0,0,0,0,0,0,0,0,0,0,0,0,0,0,0,0,0,0,0,0,0,0,0,0,0,0,0,0,0,0,0,0,0,0,0,0,0,0,0,0,0,0,0,0,0,0,0,0,0,0,0,0,0,0,0,0,0,0,0,0,0,0,0,0,0,0,0,0,0,0,0,0,0,0,0,0,0,0,0,0,0,0,0,0,0,0,0,0,0,0,0,0,0,0,0,0,0,0,0
"manyara/babati/riroda",0,0,0,0,0,0,0,0,0,0,0,0,0,0,0,0,0,0,0,0,0,0,0,0,0,0,0,0,0,0,0,0,0,0,0,0,0,0,0,0,0,0,0,0,0,0,0,0,0,0,0,0,0,0,0,0,0,0,0,0,0,0,0,0,0,0,0,0,0,0,0,0,0,0,0,0,0,0,0,0,0,0,0,0,0,0,0,0,0,0,0,0,0,0,0,0,0,0,0,0,0,0,0,0,0,0,0,0,0,0,0,0,0,0,0,0,0,0,0,0,0,0,0,0,0,0,0,0,0,0,0,0,0,0,0,0,0,0,0,0,0,0,0,0,0,0,0,0,0,0,0,0,0,0,0,0,0,0,0,0,0,0,0,0,0,0,0,0,0,0,0,0,0,0,0,0,0,0,0,0,0,0,0,0,0,0,0,0,0,0,0,0,0,0,0,0,0,0,0,0,0,0,0,0,0,0,0,0,0,0,0,0,0,0,0,0,0,0,0,0,0,0,0,0,0,0,0,0,0,0,0,0,0,0,0,0,0,0,0,0,0,0,0,0,0,0,0,0,0,0,0,0,0,0,0,0,0,0,0,0,0,0,0,0,0,0,0,0,0,0,0,0,0,0,0,0,0,0,0,0,0,0,0,0,0,0,0,0,0,0,0,0,0,0,0,0,0,0,0,0,0,0,0,0,0,0,0,0,0,0,0,0,0,0,0,0,0,0,0,0,0,0,0,0,0,0,0,0,0,0,0,0,0,0,0,0,0,0,0,0,0,0,0,0,0,0,0,0,0,0,0,0,0,0,0,0,0,0,0,0,0,0,0,0,0,0,0,0,0,0,0,0,0,0,0,0,0,0,0,0,0,0,0,0,0,0,0,0,0,0,0,0,0,0,0,0,0,0
"kilimanjaro/same/ruvu",0.000109,7e-06,4.1e-05,4.5e-05,1e-06,0.002756,1e-06,1e-06,1e-06,0.000336,6e-06,1e-06,7.1e-05,0.001099,4.5e-05,2e-06,1e-06,6e-06,1e-06,4e-06,0.000176,9e-05,1e-06,3.6e-05,0.000294,1.1e-05,2e-06,2e-06,2e-06,0.000471,0.000829,1.2e-05,0.000236,0.000118,7e-06,2e-06,9.5e-05,5.1e-05,4e-06,8.1e-05,1e-06,1e-06,0.000441,3.4e-05,5.5e-05,2e-06,1.7e-05,0.020867,0.001805,2e-06,1e-06,2e-06,2e-06,2e-06,4.3e-05,1e-06,3.8e-05,4e-06,0.009556,0.000775,0.000111,0.000154,0.000271,4e-05,0,0.000715,0.000174,1e-06,3.2e-05,0.00032,2e-06,0,2.7e-05,2e-05,4e-06,0.000136,1.8e-05,1e-06,1e-06,1e-06,1e-06,5e-06,1e-06,2e-06,3e-06,1e-06,0.008991,1e-06,3.1e-05,0.040272,1e-06,1e-06,0.016443,0.000488,8e-06,7.8e-05,0.00037,4.5e-05,0.009796,0.0024,1e-06,2e-06,0.005405,0.000143,0.000186,0.002738,2e-06,0.001041,0.000157,0.000204,0.000267,0.002659,2.4e-05,3e-06,4.7e-05,4e-05,0.003265,1e-05,0.006399,0.000392,0.000147,0.007882,0.000127,0.000574,6.6e-05,0.002627,0.000628,0.007017,0.000615,4e-05,3.6e-05,0.001213,0.00544,0.000244,6.3e-05,0.000568,2.7e-05,0.00079,0.002366,0.00148,0.000423,0.000211,0.000174,0.000137,5.6e-05,0.008862,2e-06,0.003535,0.002321,0.000914,2.9e-05,0.000233,5.1e-05,0.001247,0.009977,0.003812,8.1e-05,1.8e-05,0.000399,0.085438,0.000937,0.00224,1.6e-05,0.00061,1e-06,1e-06,0.001691,0.000164,0.001111,0.001178,0.000186,0.000469,0.015259,0.03009,8.6e-05,0.000404,0.001133,6e-06,0.001653,0.000727,0.000125,1.3e-05,0.033661,0.000411,0.00723,0.248842,1.2e-05,2.7e-05,0.0042,0.001124,5e-04,1.3e-05,1.9e-05,1e-06,0.000164,2.2e-05,4.9e-05,2e-06,0.002138,1e-06,0.002809,0.000216,0.032126,1.9e-05,0.002825,0.000111,0.029259,0.000344,0.000128,5e-05,4.9e-05,5e-06,0.007785,1.9e-05,1e-06,0.002425,1e-06,0.022664,0.000251,0.001751,1e-06,1.6e-05,1e-06,2.5e-05,0.004617,8.7e-05,0.005627,8.2e-05,6e-06,1e-06,1e-06,1e-06,0.000978,0.001755,5.2e-05,3e-06,4.5e-05,0.000486,7.2e-05,3.6e-05,0.000559,0.015424,1.7e-05,0.255184,0.00036,3.5e-05,0.000121,0.001004,2e-06,7.7e-05,0.005075,0.002101,8e-06,0.001618,0.000767,0.008994,4e-05,0.000607,2.9e-05,0.000399,0.000249,0.001153,2e-06,0.000242,0.000201,2e-05,2e-06,0.001192,1e-06,4.8e-05,0.001056,0.016546,9.3e-05,0.001121,0.021318,9.5e-05,0.007991,0.003654,2e-06,2.1e-05,0.00041,2e-06,0.009547,4e-06,1.1e-05,2e-06,1e-06,6.7e-05,2e-06,1.7e-05,0.000118,0.000156,0.000548,0.006186,0.000502,0.000326,0.001451,2.6e-05,0.007177,6.4e-05,1.9e-05,5.5e-05,3.3e-05,0.008242,1.6e-05,0.000519,0.000138,2.1e-05,1.1e-05,2.7e-05,0.000936,3.5e-05,3.2e-05,3.2e-05,3e-04,1e-06,6e-06,0.002355,0.007478,0.0016,0.000283,0.001449,0.000544,0.001297,0.007936,0.000122,0.000156,4.6e-05,2e-05,0.00031,0.000546,0.000179,0.007104,0.000536,0.008563,1.4e-05,0.00017,2.4e-05,0.004905,1.2e-05,2e-06,2.6e-05,2e-06,2e-06,0,0.003259,4.7e-05,0.000549,0.084984,6.6e-05,1e-06,0.001027,5.9e-05,0.006517,0.000182,0.000298,0.001893,0.000643,6.6e-05,0.000458,2e-06,1e-06,2e-06,1e-06,1.3e-05,0.00447,0.000847,0.002504,1.9e-05,0.000531,0.000173,0.000548,0.000467,3.9e-05,4.9e-05,0.000298,0.000189,1e-05,0.001475,1e-06,9.1e-05,1e-06,0.013738,1.3e-05,1e-06,0.000111,3e-05,0.003819,0.000719,2.3e-05,0.002473,2.6e-05,0.000523,0.000589,0.000134,8.4e-05,1e-06,1e-06
"manyara/simanjiro/ruvuremiti",0,0,0,0,0,0,0,0,0,0,0,0,0,0,0,0,0,0,0,0,0,0,0,0,0,0,0,0,0,0,0,0,0,0,0,0,0,0,0,0,0,0,0,0,0,0,0,0,0,0,0,0,0,0,0,0,0,0,0,0,0,0,0,0,0,0,0,0,0,0,0,0,0,0,0,0,0,0,0,0,0,0,0,0,0,0,0,0,0,0,0,0,0,0,0,0,0,0,0,0,0,0,0,0,0,0,0,0,0,0,0,0,0,0,0,0,0,0,0,0,0,0,0,0,0,0,0,0,0,0,0,0,0,0,0,0,0,0,0,0,0,0,0,0,0,0,0,0,0,0,0,0,0,0,0,0,0,0,0,0,0,0,0,0,0,0,0,0,0,0,0,0,0,0,0,0,0,0,0,0,0,0,0,0,0,0,0,0,0,0,0,0,0,0,0,0,0,0,0,0,0,0,0,0,0,0,0,0,0,0,0,0,0,0,0,0,0,0,0,0,0,0,0,0,0,0,0,0,0,0,0,0,0,0,0,0,0,0,0,0,0,0,0,0,0,0,0,0,0,0,0,0,0,0,0,0,0,0,0,0,0,0,0,0,0,0,0,0,0,0,0,0,0,0,0,0,0,0,0,0,0,0,0,0,0,0,0,0,0,0,0,0,0,0,0,0,0,0,0,0,0,0,0,0,0,0,0,0,0,0,0,0,0,0,0,0,0,0,0,0,0,0,0,0,0,0,0,0,0,0,0,0,0,0,0,0,0,0,0,0,0,0,0,0,0,0,0,0,0,0,0,0,0,0,0,0,0,0,0,0,0,0,0,0,0,0,0,0,0,0,0,0,0,0,0,0,0,0,0,0,0,0,0,0,0,0,0,0,0,0,0,0,0,0,0,0,0,0
"arusha/ngorongoro/sale",0,0,0,0,0,0,0,0,0,0,0,0,0,0,0,0,0,0,0,0,0,0,0,0,0,0,0,0,0,0,0,0,0,0,0,0,0,0,0,0,0,0,0,0,0,0,0,0,0,0,0,0,0,0,0,0,0,0,0,0,0,0,0,0,0,0,0,0,0,0,0,0,0,0,0,0,0,0,0,0,0,0,0,0,0,0,0,0,0,0,0,0,0,0,0,0,0,0,0,0,0,0,0,0,0,0,0,0,0,0,0,0,0,0,0,0,0,0,0,0,0,0,0,0,0,0,0,0,0,0,0,0,0,0,0,0,0,0,0,0,0,0,0,0,0,0,0,0,0,0,0,0,0,0,0,0,0,0,0,0,0,0,0,0,0,0,0,0,0,0,0,0,0,0,0,0,0,0,0,0,0,0,0,0,0,0,0,0,0,0,0,0,0,0,0,0,0,0,0,0,0,0,0,0,0,0,0,0,0,0,0,0,0,0,0,0,0,0,0,0,0,0,0,0,0,0,0,0,0,0,0,0,0,0,0,0,0,0,0,0,0,0,0,0,0,0,0,0,0,0,0,0,0,0,0,0,0,0,0,0,0,0,0,0,0,0,0,0,0,0,0,0,0,0,0,0,0,0,0,0,0,0,0,0,0,0,0,0,0,0,0,0,0,0,0,0,0,0,0,0,0,0,0,0,0,0,0,0,0,0,0,0,0,0,0,0,0,0,0,0,0,0,0,0,0,0,0,0,0,0,0,0,0,0,0,0,0,0,0,0,0,0,0,0,0,0,0,0,0,0,0,0,0,0,0,0,0,0,0,0,0,0,0,0,0,0,0,0,0,0,0,0,0,0,0,0,0,0,0,0,0,0,0,0,0,0,0,0,0,0,0,0,0,0,0,0,0,0
"arusha/arusha/sambasha",0,0,0,0,0,0,0,0,0,0,0,0,0,0,0,0,0,0,0,0,0,0,0,0,0,0,0,0,0,0,0,0,0,0,0,0,0,0,0,0,0,0,0,0,0,0,0,0,0,0,0,0,0,0,0,0,0,0,0,0,0,0,0,0,0,0,0,0,0,0,0,0,0,0,0,0,0,0,0,0,0,0,0,0,0,0,0,0,0,0,0,0,0,0,0,0,0,0,0,0,0,0,0,0,0,0,0,0,0,0,0,0,0,0,0,0,0,0,0,0,0,0,0,0,0,0,0,0,0,0,0,0,0,0,0,0,0,0,0,0,0,0,0,0,0,0,0,0,0,0,0,0,0,0,0,0,0,0,0,0,0,0,0,0,0,0,0,0,0,0,0,0,0,0,0,0,0,0,0,0,0,0,0,0,0,0,0,0,0,0,0,0,0,0,0,0,0,0,0,0,0,0,0,0,0,0,0,0,0,0,0,0,0,0,0,0,0,0,0,0,0,0,0,0,0,0,0,0,0,0,0,0,0,0,0,0,0,0,0,0,0,0,0,0,0,0,0,0,0,0,0,0,0,0,0,0,0,0,0,0,0,0,0,0,0,0,0,0,0,0,0,0,0,0,0,0,0,0,0,0,0,0,0,0,0,0,0,0,0,0,0,0,0,0,0,0,0,0,0,0,0,0,0,0,0,0,0,0,0,0,0,0,0,0,0,0,0,0,0,0,0,0,0,0,0,0,0,0,0,0,0,0,0,0,0,0,0,0,0,0,0,0,0,0,0,0,0,0,0,0,0,0,0,0,0,0,0,0,0,0,0,0,0,0,0,0,0,0,0,0,0,0,0,0,0,0,0,0,0,0,0,0,0,0,0,0,0,0,0,0,0,0,0,0,0,0,0,0
"kilimanjaro/same/same",3e-06,0,1e-06,1e-06,0,8.7e-05,0,0,0,6e-06,0,0,2e-06,2.5e-05,1e-06,0,0,0,0,0,3e-06,2e-06,0,1e-06,8e-06,0,0,0,0,9e-06,1.8e-05,0,6e-06,7e-06,0,0,2e-06,1e-06,0,2e-06,0,0,7e-06,1e-06,1e-06,0,0,0.000472,3.2e-05,0,0,0,0,0,1e-06,0,1e-06,0,7.7e-05,1.6e-05,3e-06,3e-06,6e-06,1e-06,0,1.6e-05,4e-06,0,1e-06,6e-06,0,0,1e-06,0,0,3e-06,0,0,0,0,0,0,0,0,0,0,0.000248,0,1e-06,0.000609,0,0,0.000634,1.1e-05,0,2e-06,1e-05,2e-06,0.000342,8.9e-05,0,0,0.000133,3e-06,6e-06,7.8e-05,0,3.2e-05,4e-06,4e-06,7e-06,8.7e-05,0,0,2e-06,1e-06,8.6e-05,0,0.000206,1.2e-05,4e-06,0.000243,6e-06,3.1e-05,4e-06,5.3e-05,9e-06,0.000174,1.4e-05,1e-06,1e-06,4.3e-05,0.000217,8e-06,4e-06,1.3e-05,1e-06,2.6e-05,5.8e-05,4.4e-05,1.1e-05,4e-06,4e-06,4e-06,2e-06,0.000507,0,0.000122,7.8e-05,3.2e-05,1e-06,1e-05,2e-06,0.000177,0.000436,8.3e-05,3e-06,0,4e-06,0.002827,4.1e-05,3.8e-05,0,4.4e-05,0,0,6.4e-05,4e-06,2.5e-05,6.1e-05,3e-06,1e-05,0.000346,0.00017,2e-06,6e-06,2.1e-05,0,5.1e-05,1e-05,3e-06,0,0.000414,1.3e-05,0.000211,0.008919,0,1e-06,0.000123,3.2e-05,1.5e-05,0,0,0,3e-06,0,2e-06,0,6.7e-05,0,6.8e-05,3e-06,0.000379,0,9.7e-05,3e-06,0.001123,7e-06,3e-06,2e-06,2e-06,0,0.000291,1e-06,0,7.2e-05,0,0.000788,8e-06,6.1e-05,0,0,0,1e-06,0.000129,2e-06,0.000161,2e-06,0,0,0,0,2.3e-05,3.8e-05,1e-06,0,1e-06,1.1e-05,2e-06,1e-06,1.3e-05,0.000314,1e-06,0.027633,1.7e-05,1e-06,4e-06,2.3e-05,0,2e-06,0.000115,4.7e-05,0,3.6e-05,2.3e-05,0.000192,1e-06,2.8e-05,1e-06,1.7e-05,8e-06,3.3e-05,0,6e-06,4e-06,0,0,2.6e-05,0,1e-06,2.4e-05,0.000718,4e-06,2.6e-05,0.000788,3e-06,0.000168,4.9e-05,0,0,1e-05,0,0.000235,0,0,0,0,2e-06,0,0,2e-06,4e-06,1.3e-05,0.000139,1.6e-05,9e-06,3.5e-05,1e-06,0.000175,1e-06,1e-06,3e-06,1e-06,0.001593,0,1e-05,3e-06,1e-06,0,1e-06,2.1e-05,1e-06,1e-06,1e-06,1e-05,0,0,5.6e-05,0.000249,3.3e-05,6e-06,3.3e-05,1.5e-05,3.5e-05,0.000181,3e-06,3e-06,1e-06,0,7e-06,1.2e-05,4e-06,0.000172,1.2e-05,8.1e-05,0,5e-06,1e-06,0.000115,0,0,1e-06,0,0,0.002402,4e-05,1e-06,1.3e-05,0,1e-06,0,2.7e-05,1e-06,0.000147,4e-06,6e-06,3.8e-05,3.2e-05,2e-06,1.4e-05,0,0,0,0,0,0.000102,1.9e-05,5.6e-05,0,1.3e-05,5e-06,3e-05,9e-06,1e-06,2e-06,6e-06,3e-06,0,3.7e-05,0,7e-06,0,0.000452,0,0,2e-06,1e-06,0.000118,2.3e-05,1e-06,5.8e-05,1e-06,1.7e-05,1.8e-05,1.8e-05,1e-06,0,0
"arusha/ngorongoro/samunge",0,0,0,0,0,0,0,0,0,0,0,0,0,0,0,0,0,0,0,0,0,0,0,0,0,0,0,0,0,0,0,0,0,0,0,0,0,0,0,0,0,0,0,0,0,0,0,0,0,0,0,0,0,0,0,0,0,0,0,0,0,0,0,0,0,0,0,0,0,0,0,0,0,0,0,0,0,0,0,0,0,0,0,0,0,0,0,0,0,0,0,0,0,0,0,0,0,0,0,0,0,0,0,0,0,0,0,0,0,0,0,0,0,0,0,0,0,0,0,0,0,0,0,0,0,0,0,0,0,0,0,0,0,0,0,0,0,0,0,0,0,0,0,0,0,0,0,0,0,0,0,0,0,0,0,0,0,0,0,0,0,0,0,0,0,0,0,0,0,0,0,0,0,0,0,0,0,0,0,0,0,0,0,0,0,0,0,0,0,0,0,0,0,0,0,0,0,0,0,0,0,0,0,0,0,0,0,0,0,0,0,0,0,0,0,0,0,0,0,0,0,0,0,0,0,0,0,0,0,0,0,0,0,0,0,0,0,0,0,0,0,0,0,0,0,0,0,0,0,0,0,0,0,0,0,0,0,0,0,0,0,0,0,0,0,0,0,0,0,0,0,0,0,0,0,0,0,0,0,0,0,0,0,0,0,0,0,0,0,0,0,0,0,0,0,0,0,0,0,0,0,0,0,0,0,0,0,0,0,0,0,0,0,0,0,0,0,0,0,0,0,0,0,0,0,0,0,0,0,0,0,0,0,0,0,0,0,0,0,0,0,0,0,0,0,0,0,0,0,0,0,0,0,0,0,0,0,0,0,0,0,0,0,0,0,0,0,0,0,0,0,0,0,0,0,0,0,0,0,0,0,0,0,0,0,0,0,0,0,0,0,0,0,0,0,0,0,0
"manyara/mbulu/sanubaray",0,0,0,0,0,0,0,0,0,0,0,0,0,0,0,0,0,0,0,0,0,0,0,0,0,0,0,0,0,0,0,0,0,0,0,0,0,0,0,0,0,0,0,0,0,0,0,0,0,0,0,0,0,0,0,0,0,0,0,0,0,0,0,0,0,0,0,0,0,0,0,0,0,0,0,0,0,0,0,0,0,0,0,0,0,0,0,0,0,0,0,0,0,0,0,0,0,0,0,0,0,0,0,0,0,0,0,0,0,0,0,0,0,0,0,0,0,0,0,0,0,0,0,0,0,0,0,0,0,0,0,0,0,0,0,0,0,0,0,0,0,0,0,0,0,0,0,0,0,0,0,0,0,0,0,0,0,0,0,0,0,0,0,0,0,0,0,0,0,0,0,0,0,0,0,0,0,0,0,0,0,0,0,0,0,0,0,0,0,0,0,0,0,0,0,0,0,0,0,0,0,0,0,0,0,0,0,0,0,0,0,0,0,0,0,0,0,0,0,0,0,0,0,0,0,0,0,0,0,0,0,0,0,0,0,0,0,0,0,0,0,0,0,0,0,0,0,0,0,0,0,0,0,0,0,0,0,0,0,0,0,0,0,0,0,0,0,0,0,0,0,0,0,0,0,0,0,0,0,0,0,0,0,0,0,0,0,0,0,0,0,0,0,0,0,0,0,0,0,0,0,0,0,0,0,0,0,0,0,0,0,0,0,0,0,0,0,0,0,0,0,0,0,0,0,0,0,0,0,0,0,0,0,0,0,0,0,0,0,0,0,0,0,0,0,0,0,0,0,0,0,0,0,0,0,0,0,0,0,0,0,0,0,0,0,0,0,0,0,0,0,0,0,0,0,0,0,0,0,0,0,0,0,0,0,0,0,0,0,0,0,0,0,0,0,0,0,0
"kilimanjaro/siha/sanyajuu",0.000282,3e-06,2.4e-05,1.4e-05,0,0.001109,0,0,0,5.7e-05,1e-06,0,0.000202,0.002397,9e-06,0,0,1e-06,0,1e-06,2e-06,0.012297,0,4.1e-05,2e-06,1.4e-05,0,0,0,3e-06,0.000762,1e-06,1e-06,5e-06,2e-06,0,0.000173,9e-06,1e-06,3.1e-05,0,0,2.7e-05,6e-06,4e-06,0,1.7e-05,0.036941,0.000374,1e-06,0,1e-06,1e-06,0,6e-06,0,3e-05,1e-06,6.8e-05,0.000202,0.000125,0.000102,0.000617,3e-06,0,0.001114,0.000206,0,1.3e-05,4.8e-05,1e-06,0,0.001579,5e-06,1e-06,9.9e-05,1.2e-05,0,0,0,0,1e-06,0,0,0,0,0.035818,0,5e-06,0.000222,0,0,0.005315,0.001579,7e-06,1.7e-05,0.014648,4e-06,0.003117,0.000704,0,0,6.2e-05,0.000281,0.000203,0.007211,0,0.001847,0.003547,7.1e-05,0.007674,0.002906,4e-06,7e-06,3.9e-05,2.2e-05,0.008559,1e-06,0.00744,0.001278,0.000628,0.020763,9e-06,3.3e-05,3e-06,2.4e-05,2.5e-05,0.034773,0.001124,3.8e-05,2.7e-05,0.000568,0.001065,0.000383,2e-06,0.001183,6.1e-05,0.000765,0.004015,0.003979,0.003747,1e-06,0.000338,0.000349,4.3e-05,0.000439,0,0.002082,0.002128,0.000553,2.6e-05,6e-06,3e-05,4e-06,0.000147,0.004533,6.3e-05,2.1e-05,7e-06,0.11611,0.000127,0.000339,2.1e-05,1.7e-05,0,0,0.000164,0.002686,0.001819,4.8e-05,8e-06,0.000311,0.028488,7.4e-05,0.002509,3.4e-05,0.000358,1.3e-05,0.002984,2.2e-05,1e-06,4e-06,0.000169,0.00026,0.046001,0.451565,8.5e-05,0.000138,0.018659,0.008698,0.000651,2e-06,5e-06,0,3.4e-05,1e-06,2e-05,0,0.00278,1e-06,0.014086,1.2e-05,8.2e-05,3.2e-05,0.002147,0.005311,0.009922,0.000168,4.6e-05,3.3e-05,2.8e-05,1e-06,0.002941,1e-05,0,2.9e-05,0,0.014301,0.000212,0.00113,0,4.1e-05,0,0.000389,0.033082,0.001966,0.060883,0.000119,1e-06,0,0,0,0.000693,0.002017,4e-06,4e-06,6e-05,0.000495,3.5e-05,1.8e-05,0.000452,0.00862,2.4e-05,0.005179,2e-06,4.2e-05,0.000144,0.001738,0,5.8e-05,0.010543,0.002895,9e-06,0.002968,0.001966,5.5e-05,2.9e-05,5.6e-05,3.2e-05,2e-06,2e-06,0.000233,1e-06,2e-06,8.2e-05,2.2e-05,0,0.001638,0,1.1e-05,0.001861,0.001577,9e-06,2e-06,0.009538,5.5e-05,6e-05,0.000138,0,9e-06,0.000147,1e-06,0.01509,1e-06,1e-06,0,0,8.7e-05,0,0.002267,5e-06,0.001329,5e-06,0.008829,0.000529,0.006445,0.010962,4.8e-05,0.000187,2e-05,7e-06,2e-06,4e-05,5.5e-05,1e-06,0.000149,0.000364,9.1e-05,3.5e-05,0.000101,0.001339,1.1e-05,2e-06,2.6e-05,0.000348,0,2e-06,0.010164,0.006874,0.001249,0.000123,0.003313,0.00671,0.005337,0.016879,3.8e-05,5.2e-05,8.8e-05,6e-06,0.000578,0.001294,0.000332,0.015534,0.000184,9.7e-05,1e-06,2e-04,1.2e-05,0.015448,2e-06,1e-06,3.9e-05,1e-06,0,0.000349,2.9e-05,1.8e-05,0.001625,0.000349,2.4e-05,0,0,0.000182,0.013033,0.000115,0.000237,0.000449,4.4e-05,4e-05,0.000671,0,0,0,0,4e-06,0.010794,0.001328,0.004129,1e-06,0.002712,0.000254,1e-06,2e-06,2e-06,7.2e-05,0.000341,4.5e-05,1.9e-05,0.005955,0,2e-06,0,0.013617,2e-06,0,2e-04,6.1e-05,0.007573,0.001094,3.8e-05,0.00737,2.5e-05,2e-06,4e-06,1e-06,1e-06,0,0
"arusha/meru/seelasingisi",0,0,0,0,0,0,0,0,0,0,0,0,0,0,0,0,0,0,0,0,0,0,0,0,0,0,0,0,0,0,0,0,0,0,0,0,0,0,0,0,0,0,0,0,0,0,0,0,0,0,0,0,0,0,0,0,0,0,0,0,0,0,0,0,0,0,0,0,0,0,0,0,0,0,0,0,0,0,0,0,0,0,0,0,0,0,0,0,0,0,0,0,0,0,0,0,0,0,0,0,0,0,0,0,0,0,0,0,0,0,0,0,0,0,0,0,0,0,0,0,0,0,0,0,0,0,0,0,0,0,0,0,0,0,0,0,0,0,0,0,0,0,0,0,0,0,0,0,0,0,0,0,0,0,0,0,0,0,0,0,0,0,0,0,0,0,0,0,0,0,0,0,0,0,0,0,0,0,0,0,0,0,0,0,0,0,0,0,0,0,0,0,0,0,0,0,0,0,0,0,0,0,0,0,0,0,0,0,0,0,0,0,0,0,0,0,0,0,0,0,0,0,0,0,0,0,0,0,0,0,0,0,0,0,0,0,0,0,0,0,0,0,0,0,0,0,0,0,0,0,0,0,0,0,0,0,0,0,0,0,0,0,0,0,0,0,0,0,0,0,0,0,0,0,0,0,0,0,0,0,0,0,0,0,0,0,0,0,0,0,0,0,0,0,0,0,0,0,0,0,0,0,0,0,0,0,0,0,0,0,0,0,0,0,0,0,0,0,0,0,0,0,0,0,0,0,0,0,0,0,0,0,0,0,0,0,0,0,0,0,0,0,0,0,0,0,0,0,0,0,0,0,0,0,0,0,0,0,0,0,0,0,0,0,0,0,0,0,0,0,0,0,0,0,0,0,0,0,0,0,0,0,0,0,0,0,0,0,0,0,0,0,0,0,0,0,0,0
"arusha/arushaurban/sekei",0,0,0,0,0,0,0,0,0,0,0,0,0,0,0,0,0,0,0,0,0,0,0,0,0,0,0,0,0,0,0,0,0,0,0,0,0,0,0,0,0,0,0,0,0,0,0,0,0,0,0,0,0,0,0,0,0,0,0,0,0,0,0,0,0,0,0,0,0,0,0,0,0,0,0,0,0,0,0,0,0,0,0,0,0,0,0,0,0,0,0,0,0,0,0,0,0,0,0,0,0,0,0,0,0,0,0,0,0,0,0,0,0,0,0,0,0,0,0,0,0,0,0,0,0,0,0,0,0,0,0,0,0,0,0,0,0,0,0,0,0,0,0,0,0,0,0,0,0,0,0,0,0,0,0,0,0,0,0,0,0,0,0,0,0,0,0,0,0,0,0,0,0,0,0,0,0,0,0,0,0,0,0,0,0,0,0,0,0,0,0,0,0,0,0,0,0,0,0,0,0,0,0,0,0,0,0,0,0,0,0,0,0,0,0,0,0,0,0,0,0,0,0,0,0,0,0,0,0,0,0,0,0,0,0,0,0,0,0,0,0,0,0,0,0,0,0,0,0,0,0,0,0,0,0,0,0,0,0,0,0,0,0,0,0,0,0,0,0,0,0,0,0,0,0,0,0,0,0,0,0,0,0,0,0,0,0,0,0,0,0,0,0,0,0,0,0,0,0,0,0,0,0,0,0,0,0,0,0,0,0,0,0,0,0,0,0,0,0,0,0,0,0,0,0,0,0,0,0,0,0,0,0,0,0,0,0,0,0,0,0,0,0,0,0,0,0,0,0,0,0,0,0,0,0,0,0,0,0,0,0,0,0,0,0,0,0,0,0,0,0,0,0,0,0,0,0,0,0,0,0,0,0,0,0,0,0,0,0,0,0,0,0,0,0,0,0,0
"arusha/monduli/selela",0,0,0,0,0,0,0,0,0,0,0,0,0,0,0,0,0,0,0,0,0,0,0,0,0,0,0,0,0,0,0,0,0,0,0,0,0,0,0,0,0,0,0,0,0,0,0,0,0,0,0,0,0,0,0,0,0,0,0,0,0,0,0,0,0,0,0,0,0,0,0,0,0,0,0,0,0,0,0,0,0,0,0,0,0,0,0,0,0,0,0,0,0,0,0,0,0,0,0,0,0,0,0,0,0,0,0,0,0,0,0,0,0,0,0,0,0,0,0,0,0,0,0,0,0,0,0,0,0,0,0,0,0,0,0,0,0,0,0,0,0,0,0,0,0,0,0,0,0,0,0,0,0,0,0,0,0,0,0,0,0,0,0,0,0,0,0,0,0,0,0,0,0,0,0,0,0,0,0,0,0,0,0,0,0,0,0,0,0,0,0,0,0,0,0,0,0,0,0,0,0,0,0,0,0,0,0,0,0,0,0,0,0,0,0,0,0,0,0,0,0,0,0,0,0,0,0,0,0,0,0,0,0,0,0,0,0,0,0,0,0,0,0,0,0,0,0,0,0,0,0,0,0,0,0,0,0,0,0,0,0,0,0,0,0,0,0,0,0,0,0,0,0,0,0,0,0,0,0,0,0,0,0,0,0,0,0,0,0,0,0,0,0,0,0,0,0,0,0,0,0,0,0,0,0,0,0,0,0,0,0,0,0,0,0,0,0,0,0,0,0,0,0,0,0,0,0,0,0,0,0,0,0,0,0,0,0,0,0,0,0,0,0,0,0,0,0,0,0,0,0,0,0,0,0,0,0,0,0,0,0,0,0,0,0,0,0,0,0,0,0,0,0,0,0,0,0,0,0,0,0,0,0,0,0,0,0,0,0,0,0,0,0,0,0,0,0,0
"arusha/monduli/sepeko",4e-06,0,0,1e-06,0,4e-06,0,0,0,5e-06,0,0,3e-06,5e-05,1e-06,0,0,0,0,0,0,1e-06,0,0,0,0,0,0,0,0,1.6e-05,0,0,0,0,0,6e-06,1e-06,0,1e-06,0,0,1e-06,0,0,0,2e-06,0.0017,3.5e-05,0,0,0,0,0,0,0,0,0,1e-06,1.2e-05,2e-06,1.1e-05,1.3e-05,0,0,3.6e-05,8.7e-05,0,3e-06,4e-06,0,0,0,1e-06,0,4e-06,1e-06,0,0,0,0,0,0,0,0,0,4.3e-05,0,0,3e-06,0,0,1.8e-05,2.4e-05,1e-06,2e-06,3e-06,0,1.1e-05,2e-06,0,0,1e-06,9e-06,0,1.6e-05,0,3e-06,2e-06,1e-05,2e-06,6e-06,0,0,0,0,1.7e-05,0,1.4e-05,1e-06,1e-06,2.7e-05,0,0,0,0,1e-06,8.5e-05,1e-05,0,0,2e-06,4e-06,1e-06,0,3e-05,2e-06,2e-06,4.3e-05,5e-06,4e-06,0,1.3e-05,0,0,3e-06,0,5e-06,5e-06,1e-06,0,0,0,0,2e-06,0.001171,0,1e-06,0,0.000223,1e-06,1.5e-05,0,0,0,0,1e-06,3e-06,6.4e-05,0,0,0.000277,0.001065,1e-06,1e-06,2e-06,6.6e-05,0,5e-06,1e-06,0,0,3e-06,1e-06,3.4e-05,0.000982,0,0,1.7e-05,6e-06,1e-06,0,1e-06,0,4e-06,0,0,0,5e-06,0,4.7e-05,0,1e-06,0,5e-06,1e-06,3.3e-05,8.2e-05,3e-06,0,0,0,1e-05,0,0,0,0,4.4e-05,0,3e-06,0,0,0,0,2.4e-05,1e-06,3.1e-05,0,0,0,0,0,1.8e-05,0.000222,0,0,0,5e-06,6e-06,0,3e-06,0.004595,0,3.9e-05,0,0,0,3.2e-05,0,8e-06,0.000328,0.000377,4e-06,7.1e-05,3e-06,1e-06,0,0,0,0,0,1e-06,0,0,1.6e-05,1e-06,0,0.000314,0,2e-06,0.000161,8e-06,0,0,2.9e-05,0,1e-06,3e-06,0,1e-06,1e-06,0,0.00015,0,0,0,0,0,0,0,0,1e-06,0,0.000135,1e-06,3e-06,3.8e-05,2e-06,2e-06,2e-06,0,0,0,0,0,2.5e-05,5e-06,1e-06,0,0,0.000103,1e-06,0,0,1e-06,0,0,9.6e-05,1.7e-05,7.7e-05,7e-06,0.000134,4e-06,1.2e-05,0.000668,1e-06,2e-06,2e-06,0,2.9e-05,3.1e-05,2.1e-05,0.000194,6e-06,2e-06,0,0,0,0.000133,0,0,0,0,0,4e-06,0,1e-06,3.3e-05,3e-06,1e-06,0,1e-05,2e-06,0.000393,3.2e-05,0,7e-06,0,0,1e-06,0,0,0,0,0,0.000222,5.6e-05,0.000198,0,1.5e-05,0,0,0,0,0,1.7e-05,3e-06,1e-06,2.4e-05,0,0,0,3.4e-05,0,0,8e-06,0,1.1e-05,2e-06,0,5.2e-05,0,0,0,0,0,0,0
"manyara/simanjiro/shambarai",0,0,0,0,0,0,0,0,0,0,0,0,0,0,0,0,0,0,0,0,0,0,0,0,0,0,0,0,0,0,0,0,0,0,0,0,0,0,0,0,0,0,0,0,0,0,0,0,0,0,0,0,0,0,0,0,0,0,0,0,0,0,0,0,0,0,0,0,0,0,0,0,0,0,0,0,0,0,0,0,0,0,0,0,0,0,0,0,0,0,0,0,0,0,0,0,0,0,0,0,0,0,0,0,0,0,0,0,0,0,0,0,0,0,0,0,0,0,0,0,0,0,0,0,0,0,0,0,0,0,0,0,0,0,0,0,0,0,0,0,0,0,0,0,0,0,0,0,0,0,0,0,0,0,0,0,0,0,0,0,0,0,0,0,0,0,0,0,0,0,0,0,0,0,0,0,0,0,0,0,0,0,0,0,0,0,0,0,0,0,0,0,0,0,0,0,0,0,0,0,0,0,0,0,0,0,0,0,0,0,0,0,0,0,0,0,0,0,0,0,0,0,0,0,0,0,0,0,0,0,0,0,0,0,0,0,0,0,0,0,0,0,0,0,0,0,0,0,0,0,0,0,0,0,0,0,0,0,0,0,0,0,0,0,0,0,0,0,0,0,0,0,0,0,0,0,0,0,0,0,0,0,0,0,0,0,0,0,0,0,0,0,0,0,0,0,0,0,0,0,0,0,0,0,0,0,0,0,0,0,0,0,0,0,0,0,0,0,0,0,0,0,0,0,0,0,0,0,0,0,0,0,0,0,0,0,0,0,0,0,0,0,0,0,0,0,0,0,0,0,0,0,0,0,0,0,0,0,0,0,0,0,0,0,0,0,0,0,0,0,0,0,0,0,0,0,0,0,0,0,0,0,0,0,0,0,0,0,0,0,0,0,0,0,0,0,0,0
"kilimanjaro/mwanga/shighatini",0,0,0,0,0,0,0,0,0,0,0,0,0,0,0,0,0,0,0,0,0,0,0,0,0,0,0,0,0,0,0,0,0,0,0,0,0,0,0,0,0,0,0,0,0,0,0,0,0,0,0,0,0,0,0,0,0,0,0,0,0,0,0,0,0,0,0,0,0,0,0,0,0,0,0,0,0,0,0,0,0,0,0,0,0,0,0,0,0,0,0,0,0,0,0,0,0,0,0,0,0,0,0,0,0,0,0,0,0,0,0,0,0,0,0,0,0,0,0,0,0,0,0,0,0,0,0,0,0,0,0,0,0,0,0,0,0,0,0,0,0,0,0,0,0,0,0,0,0,0,0,0,0,0,0,0,0,0,0,0,0,0,0,0,0,0,0,0,0,0,0,0,0,0,0,0,0,0,0,0,0,0,0,0,0,0,0,0,0,0,0,0,0,0,0,0,0,0,0,0,0,0,0,0,0,0,0,0,0,0,0,0,0,0,0,0,0,0,0,0,0,0,0,0,0,0,0,0,0,0,0,0,0,0,0,0,0,0,0,0,0,0,0,0,0,0,0,0,0,0,0,0,0,0,0,0,0,0,0,0,0,0,0,0,0,0,0,0,0,0,0,0,0,0,0,0,0,0,0,0,0,0,0,0,0,0,0,0,0,0,0,0,0,0,0,0,0,0,0,0,0,0,0,0,0,0,0,0,0,0,0,0,0,0,0,0,0,0,0,0,0,0,0,0,0,0,0,0,0,0,0,0,0,0,0,0,0,0,0,0,0,0,0,0,0,0,0,0,0,0,0,0,0,0,0,0,0,0,0,0,0,0,0,0,0,0,0,0,0,0,0,0,0,0,0,0,0,0,0,0,0,0,0,0,0,0,0,0,0,0,0,0,0,0,0,0,0,0
"kilimanjaro/rombo/shimbi",0,0,0,0,0,0,0,0,0,0,0,0,0,0,0,0,0,0,0,0,0,0,0,0,0,0,0,0,0,0,0,0,0,0,0,0,0,0,0,0,0,0,0,0,0,0,0,0,0,0,0,0,0,0,0,0,0,0,0,0,0,0,0,0,0,0,0,0,0,0,0,0,0,0,0,0,0,0,0,0,0,0,0,0,0,0,0,0,0,0,0,0,0,0,0,0,0,0,0,0,0,0,0,0,0,0,0,0,0,0,0,0,0,0,0,0,0,0,0,0,0,0,0,0,0,0,0,0,0,0,0,0,0,0,0,0,0,0,0,0,0,0,0,0,0,0,0,0,0,0,0,0,0,0,0,0,0,0,0,0,0,0,0,0,0,0,0,0,0,0,0,0,0,0,0,0,0,0,0,0,0,0,0,0,0,0,0,0,0,0,0,0,0,0,0,0,0,0,0,0,0,0,0,0,0,0,0,0,0,0,0,0,0,0,0,0,0,0,0,0,0,0,0,0,0,0,0,0,0,0,0,0,0,0,0,0,0,0,0,0,0,0,0,0,0,0,0,0,0,0,0,0,0,0,0,0,0,0,0,0,0,0,0,0,0,0,0,0,0,0,0,0,0,0,0,0,0,0,0,0,0,0,0,0,0,0,0,0,0,0,0,0,0,0,0,0,0,0,0,0,0,0,0,0,0,0,0,0,0,0,0,0,0,0,0,0,0,0,0,0,0,0,0,0,0,0,0,0,0,0,0,0,0,0,0,0,0,0,0,0,0,0,0,0,0,0,0,0,0,0,0,0,0,0,0,0,0,0,0,0,0,0,0,0,0,0,0,0,0,0,0,0,0,0,0,0,0,0,0,0,0,0,0,0,0,0,0,0,0,0,0,0,0,0,0,0,0,0
"kilimanjaro/moshimunicipal/shirimatunda",0,0,0,0,0,0,0,0,0,0,0,0,0,0,0,0,0,0,0,0,0,0,0,0,0,0,0,0,0,0,0,0,0,0,0,0,0,0,0,0,0,0,0,0,0,0,0,0,0,0,0,0,0,0,0,0,0,0,0,0,0,0,0,0,0,0,0,0,0,0,0,0,0,0,0,0,0,0,0,0,0,0,0,0,0,0,0,0,0,0,0,0,0,0,0,0,0,0,0,0,0,0,0,0,0,0,0,0,0,0,0,0,0,0,0,0,0,0,0,0,0,0,0,0,0,0,0,0,0,0,0,0,0,0,0,0,0,0,0,0,0,0,0,0,0,0,0,0,0,0,0,0,0,0,0,0,0,0,0,0,0,0,0,0,0,0,0,0,0,0,0,0,0,0,0,0,0,0,0,0,0,0,0,0,0,0,0,0,0,0,0,0,0,0,0,0,0,0,0,0,0,0,0,0,0,0,0,0,0,0,0,0,0,0,0,0,0,0,0,0,0,0,0,0,0,0,0,0,0,0,0,0,0,0,0,0,0,0,0,0,0,0,0,0,0,0,0,0,0,0,0,0,0,0,0,0,0,0,0,0,0,0,0,0,0,0,0,0,0,0,0,0,0,0,0,0,0,0,0,0,0,0,0,0,0,0,0,0,0,0,0,0,0,0,0,0,0,0,0,0,0,0,0,0,0,0,0,0,0,0,0,0,0,0,0,0,0,0,0,0,0,0,0,0,0,0,0,0,0,0,0,0,0,0,0,0,0,0,0,0,0,0,0,0,0,0,0,0,0,0,0,0,0,0,0,0,0,0,0,0,0,0,0,0,0,0,0,0,0,0,0,0,0,0,0,0,0,0,0,0,0,0,0,0,0,0,0,0,0,0,0,0,0,0,0,0,0,0
"manyara/babatiurban/sigino",0,0,0,0,0,0,0,0,0,0,0,0,0,0,0,0,0,0,0,0,0,0,0,0,0,0,0,0,0,0,0,0,0,0,0,0,0,0,0,0,0,0,0,0,0,0,0,0,0,0,0,0,0,0,0,0,0,0,0,0,0,0,0,0,0,0,0,0,0,0,0,0,0,0,0,0,0,0,0,0,0,0,0,0,0,0,0,0,0,0,0,0,0,0,0,0,0,0,0,0,0,0,0,0,0,0,0,0,0,0,0,0,0,0,0,0,0,0,0,0,0,0,0,0,0,0,0,0,0,0,0,0,0,0,0,0,0,0,0,0,0,0,0,0,0,0,0,0,0,0,0,0,0,0,0,0,0,0,0,0,0,0,0,0,0,0,0,0,0,0,0,0,0,0,0,0,0,0,0,0,0,0,0,0,0,0,0,0,0,0,0,0,0,0,0,0,0,0,0,0,0,0,0,0,0,0,0,0,0,0,0,0,0,0,0,0,0,0,0,0,0,0,0,0,0,0,0,0,0,0,0,0,0,0,0,0,0,0,0,0,0,0,0,0,0,0,0,0,0,0,0,0,0,0,0,0,0,0,0,0,0,0,0,0,0,0,0,0,0,0,0,0,0,0,0,0,0,0,0,0,0,0,0,0,0,0,0,0,0,0,0,0,0,0,0,0,0,0,0,0,0,0,0,0,0,0,0,0,0,0,0,0,0,0,0,0,0,0,0,0,0,0,0,0,0,0,0,0,0,0,0,0,0,0,0,0,0,0,0,0,0,0,0,0,0,0,0,0,0,0,0,0,0,0,0,0,0,0,0,0,0,0,0,0,0,0,0,0,0,0,0,0,0,0,0,0,0,0,0,0,0,0,0,0,0,0,0,0,0,0,0,0,0,0,0,0,0,0
"manyara/hanang/simbay",0,0,0,0,0,0,0,0,0,0,0,0,0,0,0,0,0,0,0,0,0,0,0,0,0,0,0,0,0,0,0,0,0,0,0,0,0,0,0,0,0,0,0,0,0,0,0,0,0,0,0,0,0,0,0,0,0,0,0,0,0,0,0,0,0,0,0,0,0,0,0,0,0,0,0,0,0,0,0,0,0,0,0,0,0,0,0,0,0,0,0,0,0,0,0,0,0,0,0,0,0,0,0,0,0,0,0,0,0,0,0,0,0,0,0,0,0,0,0,0,0,0,0,0,0,0,0,0,0,0,0,0,0,0,0,0,0,0,0,0,0,0,0,0,0,0,0,0,0,0,0,0,0,0,0,0,0,0,0,0,0,0,0,0,0,0,0,0,0,0,0,0,0,0,0,0,0,0,0,0,0,0,0,0,0,0,0,0,0,0,0,0,0,0,0,0,0,0,0,0,0,0,0,0,0,0,0,0,0,0,0,0,0,0,0,0,0,0,0,0,0,0,0,0,0,0,0,0,0,0,0,0,0,0,0,0,0,0,0,0,0,0,0,0,0,0,0,0,0,0,0,0,0,0,0,0,0,0,0,0,0,0,0,0,0,0,0,0,0,0,0,0,0,0,0,0,0,0,0,0,0,0,0,0,0,0,0,0,0,0,0,0,0,0,0,0,0,0,0,0,0,0,0,0,0,0,0,0,0,0,0,0,0,0,0,0,0,0,0,0,0,0,0,0,0,0,0,0,0,0,0,0,0,0,0,0,0,0,0,0,0,0,0,0,0,0,0,0,0,0,0,0,0,0,0,0,0,0,0,0,0,0,0,0,0,0,0,0,0,0,0,0,0,0,0,0,0,0,0,0,0,0,0,0,0,0,0,0,0,0,0,0,0,0,0,0,0,0
"manyara/babatiurban/singe",0,0,0,0,0,0,0,0,0,0,0,0,0,0,0,0,0,0,0,0,0,0,0,0,0,0,0,0,0,0,0,0,0,0,0,0,0,0,0,0,0,0,0,0,0,0,0,0,0,0,0,0,0,0,0,0,0,0,0,0,0,0,0,0,0,0,0,0,0,0,0,0,0,0,0,0,0,0,0,0,0,0,0,0,0,0,0,0,0,0,0,0,0,0,0,0,0,0,0,0,0,0,0,0,0,0,0,0,0,0,0,0,0,0,0,0,0,0,0,0,0,0,0,0,0,0,0,0,0,0,0,0,0,0,0,0,0,0,0,0,0,0,0,0,0,0,0,0,0,0,0,0,0,0,0,0,0,0,0,0,0,0,0,0,0,0,0,0,0,0,0,0,0,0,0,0,0,0,0,0,0,0,0,0,0,0,0,0,0,0,0,0,0,0,0,0,0,0,0,0,0,0,0,0,0,0,0,0,0,0,0,0,0,0,0,0,0,0,0,0,0,0,0,0,0,0,0,0,0,0,0,0,0,0,0,0,0,0,0,0,0,0,0,0,0,0,0,0,0,0,0,0,0,0,0,0,0,0,0,0,0,0,0,0,0,0,0,0,0,0,0,0,0,0,0,0,0,0,0,0,0,0,0,0,0,0,0,0,0,0,0,0,0,0,0,0,0,0,0,0,0,0,0,0,0,0,0,0,0,0,0,0,0,0,0,0,0,0,0,0,0,0,0,0,0,0,0,0,0,0,0,0,0,0,0,0,0,0,0,0,0,0,0,0,0,0,0,0,0,0,0,0,0,0,0,0,0,0,0,0,0,0,0,0,0,0,0,0,0,0,0,0,0,0,0,0,0,0,0,0,0,0,0,0,0,0,0,0,0,0,0,0,0,0,0,0,0,0
"manyara/hanang/sirop",0,0,0,0,0,0,0,0,0,0,0,0,0,0,0,0,0,0,0,0,0,0,0,0,0,0,0,0,0,0,0,0,0,0,0,0,0,0,0,0,0,0,0,0,0,0,0,0,0,0,0,0,0,0,0,0,0,0,0,0,0,0,0,0,0,0,0,0,0,0,0,0,0,0,0,0,0,0,0,0,0,0,0,0,0,0,0,0,0,0,0,0,0,0,0,0,0,0,0,0,0,0,0,0,0,0,0,0,0,0,0,0,0,0,0,0,0,0,0,0,0,0,0,0,0,0,0,0,0,0,0,0,0,0,0,0,0,0,0,0,0,0,0,0,0,0,0,0,0,0,0,0,0,0,0,0,0,0,0,0,0,0,0,0,0,0,0,0,0,0,0,0,0,0,0,0,0,0,0,0,0,0,0,0,0,0,0,0,0,0,0,0,0,0,0,0,0,0,0,0,0,0,0,0,0,0,0,0,0,0,0,0,0,0,0,0,0,0,0,0,0,0,0,0,0,0,0,0,0,0,0,0,0,0,0,0,0,0,0,0,0,0,0,0,0,0,0,0,0,0,0,0,0,0,0,0,0,0,0,0,0,0,0,0,0,0,0,0,0,0,0,0,0,0,0,0,0,0,0,0,0,0,0,0,0,0,0,0,0,0,0,0,0,0,0,0,0,0,0,0,0,0,0,0,0,0,0,0,0,0,0,0,0,0,0,0,0,0,0,0,0,0,0,0,0,0,0,0,0,0,0,0,0,0,0,0,0,0,0,0,0,0,0,0,0,0,0,0,0,0,0,0,0,0,0,0,0,0,0,0,0,0,0,0,0,0,0,0,0,0,0,0,0,0,0,0,0,0,0,0,0,0,0,0,0,0,0,0,0,0,0,0,0,0,0,0,0,0
"arusha/ngorongoro/soitsambu",0,0,0,0,0,0,0,0,0,0,0,0,0,0,0,0,0,0,0,0,0,0,0,0,0,0,0,0,0,0,0,0,0,0,0,0,0,0,0,0,0,0,0,0,0,0,0,0,0,0,0,0,0,0,0,0,0,0,0,0,0,0,0,0,0,0,0,0,0,0,0,0,0,0,0,0,0,0,0,0,0,0,0,0,0,0,0,0,0,0,0,0,0,0,0,0,0,0,0,0,0,0,0,0,0,0,0,0,0,0,0,0,0,0,0,0,0,0,0,0,0,0,0,0,0,0,0,0,0,0,0,0,0,0,0,0,0,0,0,0,0,0,0,0,0,0,0,0,0,0,0,0,0,0,0,0,0,0,0,0,0,0,0,0,0,0,0,0,0,0,0,0,0,0,0,0,0,0,0,0,0,0,0,0,0,0,0,0,0,0,0,0,0,0,0,0,0,0,0,0,0,0,0,0,0,0,0,0,0,0,0,0,0,0,0,0,0,0,0,0,0,0,0,0,0,0,0,0,0,0,0,0,0,0,0,0,0,0,0,0,0,0,0,0,0,0,0,0,0,0,0,0,0,0,0,0,0,0,0,0,0,0,0,0,0,0,0,0,0,0,0,0,0,0,0,0,0,0,0,0,0,0,0,0,0,0,0,0,0,0,0,0,0,0,0,0,0,0,0,0,0,0,0,0,0,0,0,0,0,0,0,0,0,0,0,0,0,0,0,0,0,0,0,0,0,0,0,0,0,0,0,0,0,0,0,0,0,0,0,0,0,0,0,0,0,0,0,0,0,0,0,0,0,0,0,0,0,0,0,0,0,0,0,0,0,0,0,0,0,0,0,0,0,0,0,0,0,0,0,0,0,0,0,0,0,0,0,0,0,0,0,0,0,0,0,0,0,0
"arusha/arusha/sokonii",1.6e-05,0,0,0,0,2e-06,0,0,0,0,0,0,4.1e-05,0.000475,0,0,0,0,0,0,0,1e-06,0,0,0,0,0,0,0,0,1e-05,0,0,0,0,0,2.1e-05,0,0,0,0,0,0,0,0,0,0,0.003564,3e-06,0,0,0,0,0,0,0,0,0,0,1e-06,0,1e-06,3e-06,0,0,6.4e-05,4e-06,0,0,0,0,0,0,0,0,0,0,0,0,0,0,0,0,0,0,0,2.8e-05,0,0,1e-06,0,0,7e-06,7e-05,0,0,2e-06,0,4e-06,1e-06,0,0,0,4.6e-05,0,6e-06,0,1e-06,2e-06,0,1e-06,3e-06,0,1e-06,0,0,1.1e-05,0,6e-06,1e-06,0,1.2e-05,0,0,0,0,0,9.6e-05,1.2e-05,0,0,1e-06,2e-06,0,0,0.000293,6e-06,1e-06,1e-05,3e-06,4e-06,0,3.9e-05,0,0,1e-06,0,2e-06,2e-06,1e-06,0,0,0,0,0,0.00012,0,0,0,0.000107,0,2e-06,0,0,0,0,0,3e-06,0.000139,0,0,3e-06,0.003822,0,0,0,3e-06,0,2e-06,0,0,0,1e-06,0,1.8e-05,0.000522,0,0,9e-06,3e-06,1e-06,0,0,0,0,0,0,0,2e-06,0,7.3e-05,0,0,0,2e-06,1e-06,1.2e-05,2e-06,0,0,0,0,3e-06,0,0,0,0,1.5e-05,0,1e-06,0,0,0,0,1.5e-05,0,1.8e-05,0,0,0,0,0,3e-06,6.9e-05,0,0,0,4e-06,0,0,2e-06,0.000118,0,1.1e-05,0,0,0,6.2e-05,0,1e-06,0.002121,3.2e-05,0,0.00023,1e-06,0,0,0,0,0,0,0,0,0,1e-06,0,0,4.2e-05,0,0,4.4e-05,3e-06,0,0,1.1e-05,0,0,1e-06,0,0,0,0,3.5e-05,0,0,0,0,0,0,0,0,1e-06,0,0.00015,0,2e-06,4.2e-05,6e-06,1e-06,0,0,0,0,0,0,1e-06,5.7e-05,1e-06,3e-06,0,6.7e-05,0,0,0,0,0,0,6.9e-05,6e-06,2.4e-05,1e-06,8e-05,3e-06,5e-06,0.001114,0,0,1.3e-05,0,4.1e-05,0.000497,1.4e-05,4.8e-05,1e-06,0,0,0,0,0.000429,0,0,0,0,0,1e-06,0,0,5.1e-05,1e-06,0,0,7e-06,8e-06,0.002711,1e-06,3e-06,2e-06,0,0,1e-06,0,0,0,0,0,0,9.4e-05,0.000332,0,3.4e-05,0,0,0,0,0,1.1e-05,0,2e-06,9e-06,0,0,0,1.3e-05,0,0,2.3e-05,0,5e-06,1e-06,0,0.000103,0,0,0,0,0,0,0
"arusha/arushaurban/sokonii",0,0,0,0,0,0,0,0,0,0,0,0,0,0,0,0,0,0,0,0,0,0,0,0,0,0,0,0,0,0,0,0,0,0,0,0,0,0,0,0,0,0,0,0,0,0,0,0,0,0,0,0,0,0,0,0,0,0,0,0,0,0,0,0,0,0,0,0,0,0,0,0,0,0,0,0,0,0,0,0,0,0,0,0,0,0,0,0,0,0,0,0,0,0,0,0,0,0,0,0,0,0,0,0,0,0,0,0,0,0,0,0,0,0,0,0,0,0,0,0,0,0,0,0,0,0,0,0,0,0,0,0,0,0,0,0,0,0,0,0,0,0,0,0,0,0,0,0,0,0,0,0,0,0,0,0,0,0,0,0,0,0,0,0,0,0,0,0,0,0,0,0,0,0,0,0,0,0,0,0,0,0,0,0,0,0,0,0,0,0,0,0,0,0,0,0,0,0,0,0,0,0,0,0,0,0,0,0,0,0,0,0,0,0,0,0,0,0,0,0,0,0,0,0,0,0,0,0,0,0,0,0,0,0,0,0,0,0,0,0,0,0,0,0,0,0,0,0,0,0,0,0,0,0,0,0,0,0,0,0,0,0,0,0,0,0,0,0,0,0,0,0,0,0,0,0,0,0,0,0,0,0,0,0,0,0,0,0,0,0,0,0,0,0,0,0,0,0,0,0,0,0,0,0,0,0,0,0,0,0,0,0,0,0,0,0,0,0,0,0,0,0,0,0,0,0,0,0,0,0,0,0,0,0,0,0,0,0,0,0,0,0,0,0,0,0,0,0,0,0,0,0,0,0,0,0,0,0,0,0,0,0,0,0,0,0,0,0,0,0,0,0,0,0,0,0,0,0,0,0,0,0,0,0,0,0,0,0,0,0,0,0,0,0,0,0,0,0
"arusha/arushaurban/sombetini",7e-06,0,0,0,0,2e-06,0,0,0,0,0,0,6e-06,0.000163,0,0,0,0,0,0,0,1e-06,0,0,0,0,0,0,0,0,1.3e-05,0,0,0,0,0,6.3e-05,0,0,0,0,0,0,0,0,0,0,0.02018,4e-06,0,0,0,0,0,0,0,0,0,0,1e-06,0,1e-06,3e-06,0,0,0.000119,6e-06,0,0,0,0,0,0,0,0,0,0,0,0,0,0,0,0,0,0,0,2.3e-05,0,0,1e-06,0,0,6e-06,3.1e-05,0,0,1e-06,0,4e-06,1e-06,0,0,0,7e-05,0,5e-06,0,1e-06,2e-06,1e-06,1e-06,2e-06,0,2e-06,0,0,1e-05,0,6e-06,1e-06,0,1.1e-05,0,0,0,0,0,6.8e-05,1e-05,0,0,1e-06,2e-06,0,0,0.000132,5e-06,1e-06,1e-05,2e-06,3e-06,0,8.1e-05,0,0,1e-06,0,2e-06,2e-06,1e-06,0,0,0,0,0,0.000285,0,0,0,9.7e-05,0,3e-06,0,0,0,0,0,2e-06,0.000362,0,0,5e-06,0.010875,0,0,0,5e-06,0,2e-06,0,0,0,1e-06,0,1.5e-05,0.00046,0,0,8e-06,3e-06,1e-06,0,0,0,0,0,0,0,2e-06,0,4.5e-05,0,0,0,2e-06,1e-06,1.2e-05,3e-06,0,0,0,0,3e-06,0,0,0,0,1.5e-05,0,1e-06,0,0,0,0,1.3e-05,0,1.5e-05,0,0,0,0,0,3e-06,0.00024,0,0,0,4e-06,0,0,2e-06,0.000211,0,1.2e-05,0,0,0,5.8e-05,0,3e-06,0.001669,4.2e-05,0,0.000222,1e-06,0,0,0,0,0,0,0,0,0,1e-06,0,0,8.2e-05,0,0,6.4e-05,3e-06,0,0,1e-05,0,0,1e-06,0,0,0,0,3.5e-05,0,0,0,0,0,0,0,0,1e-06,0,0.000152,0,1e-06,2.7e-05,2.2e-05,1e-06,0,0,0,0,0,0,2e-06,1.2e-05,1e-06,1e-06,0,0.000404,0,0,0,0,0,0,5.2e-05,6e-06,4.5e-05,2e-06,8.3e-05,2e-06,4e-06,0.001238,0,0,1.2e-05,0,9.4e-05,9.6e-05,2.3e-05,4.7e-05,1e-06,0,0,0,0,0.000194,0,0,0,0,0,1e-06,0,0,3.3e-05,1e-06,0,0,5e-06,3e-06,0.002448,1e-06,6e-06,3e-06,0,0,1e-06,0,0,0,0,0,0.000663,0.000491,0,0,1.6e-05,0,0,0,0,0,2.5e-05,1e-06,4e-06,8e-06,0,0,0,1.2e-05,0,0,0.000124,0,5e-06,1e-06,0,6.2e-05,0,0,0,0,0,0,0
"manyara/kiteto/songambele",0,0,0,0,0,0,0,0,0,0,0,0,0,0,0,0,0,0,0,0,0,0,0,0,0,0,0,0,0,0,0,0,0,0,0,0,0,0,0,0,0,0,0,0,0,0,0,0,0,0,0,0,0,0,0,0,0,0,0,0,0,0,0,0,0,0,0,0,0,0,0,0,0,0,0,0,0,0,0,0,0,0,0,0,0,0,0,0,0,0,0,0,0,0,0,0,0,0,0,0,0,0,0,0,0,0,0,0,0,0,0,0,0,0,0,0,0,0,0,0,0,0,0,0,0,0,0,0,0,0,0,0,0,0,0,0,0,0,0,0,0,0,0,0,0,0,0,0,0,0,0,0,0,0,0,0,0,0,0,0,0,0,0,0,0,0,0,0,0,0,0,0,0,0,0,0,0,0,0,0,0,0,0,0,0,0,0,0,0,0,0,0,0,0,0,0,0,0,0,0,0,0,0,0,0,0,0,0,0,0,0,0,0,0,0,0,0,0,0,0,0,0,0,0,0,0,0,0,0,0,0,0,0,0,0,0,0,0,0,0,0,0,0,0,0,0,0,0,0,0,0,0,0,0,0,0,0,0,0,0,0,0,0,0,0,0,0,0,0,0,0,0,0,0,0,0,0,0,0,0,0,0,0,0,0,0,0,0,0,0,0,0,0,0,0,0,0,0,0,0,0,0,0,0,0,0,0,0,0,0,0,0,0,0,0,0,0,0,0,0,0,0,0,0,0,0,0,0,0,0,0,0,0,0,0,0,0,0,0,0,0,0,0,0,0,0,0,0,0,0,0,0,0,0,0,0,0,0,0,0,0,0,0,0,0,0,0,0,0,0,0,0,0,0,0,0,0,0,0,0,0,0,0,0,0,0,0,0,0,0,0,0,0,0,0,0,0,0
"arusha/meru/songoro",0,0,0,0,0,0,0,0,0,0,0,0,0,0,0,0,0,0,0,0,0,0,0,0,0,0,0,0,0,0,0,0,0,0,0,0,0,0,0,0,0,0,0,0,0,0,0,0,0,0,0,0,0,0,0,0,0,0,0,0,0,0,0,0,0,0,0,0,0,0,0,0,0,0,0,0,0,0,0,0,0,0,0,0,0,0,0,0,0,0,0,0,0,0,0,0,0,0,0,0,0,0,0,0,0,0,0,0,0,0,0,0,0,0,0,0,0,0,0,0,0,0,0,0,0,0,0,0,0,0,0,0,0,0,0,0,0,0,0,0,0,0,0,0,0,0,0,0,0,0,0,0,0,0,0,0,0,0,0,0,0,0,0,0,0,0,0,0,0,0,0,0,0,0,0,0,0,0,0,0,0,0,0,0,0,0,0,0,0,0,0,0,0,0,0,0,0,0,0,0,0,0,0,0,0,0,0,0,0,0,0,0,0,0,0,0,0,0,0,0,0,0,0,0,0,0,0,0,0,0,0,0,0,0,0,0,0,0,0,0,0,0,0,0,0,0,0,0,0,0,0,0,0,0,0,0,0,0,0,0,0,0,0,0,0,0,0,0,0,0,0,0,0,0,0,0,0,0,0,0,0,0,0,0,0,0,0,0,0,0,0,0,0,0,0,0,0,0,0,0,0,0,0,0,0,0,0,0,0,0,0,0,0,0,0,0,0,0,0,0,0,0,0,0,0,0,0,0,0,0,0,0,0,0,0,0,0,0,0,0,0,0,0,0,0,0,0,0,0,0,0,0,0,0,0,0,0,0,0,0,0,0,0,0,0,0,0,0,0,0,0,0,0,0,0,0,0,0,0,0,0,0,0,0,0,0,0,0,0,0,0,0,0,0,0,0,0,0
"kilimanjaro/moshimunicipal/soweto",0,0,0,0,0,0,0,0,0,0,0,0,0,0,0,0,0,0,0,0,0,0,0,0,0,0,0,0,0,0,0,0,0,0,0,0,0,0,0,0,0,0,0,0,0,0,0,0,0,0,0,0,0,0,0,0,0,0,0,0,0,0,0,0,0,0,0,0,0,0,0,0,0,0,0,0,0,0,0,0,0,0,0,0,0,0,0,0,0,0,0,0,0,0,0,0,0,0,0,0,0,0,0,0,0,0,0,0,0,0,0,0,0,0,0,0,0,0,0,0,0,0,0,0,0,0,0,0,0,0,0,0,0,0,0,0,0,0,0,0,0,0,0,0,0,0,0,0,0,0,0,0,0,0,0,0,0,0,0,0,0,0,0,0,0,0,0,0,0,0,0,0,0,0,0,0,0,0,0,0,0,0,0,0,0,0,0,0,0,0,0,0,0,0,0,0,0,0,0,0,0,0,0,0,0,0,0,0,0,0,0,0,0,0,0,0,0,0,0,0,0,0,0,0,0,0,0,0,0,0,0,0,0,0,0,0,0,0,0,0,0,0,0,0,0,0,0,0,0,0,0,0,0,0,0,0,0,0,0,0,0,0,0,0,0,0,0,0,0,0,0,0,0,0,0,0,0,0,0,0,0,0,0,0,0,0,0,0,0,0,0,0,0,0,0,0,0,0,0,0,0,0,0,0,0,0,0,0,0,0,0,0,0,0,0,0,0,0,0,0,0,0,0,0,0,0,0,0,0,0,0,0,0,0,0,0,0,0,0,0,0,0,0,0,0,0,0,0,0,0,0,0,0,0,0,0,0,0,0,0,0,0,0,0,0,0,0,0,0,0,0,0,0,0,0,0,0,0,0,0,0,0,0,0,0,0,0,0,0,0,0,0,0,0,0,0,0,0
"kilimanjaro/same/stesheni",0,0,0,0,0,0,0,0,0,0,0,0,0,0,0,0,0,0,0,0,0,0,0,0,0,0,0,0,0,0,0,0,0,0,0,0,0,0,0,0,0,0,0,0,0,0,0,0,0,0,0,0,0,0,0,0,0,0,0,0,0,0,0,0,0,0,0,0,0,0,0,0,0,0,0,0,0,0,0,0,0,0,0,0,0,0,0,0,0,0,0,0,0,0,0,0,0,0,0,0,0,0,0,0,0,0,0,0,0,0,0,0,0,0,0,0,0,0,0,0,0,0,0,0,0,0,0,0,0,0,0,0,0,0,0,0,0,0,0,0,0,0,0,0,0,0,0,0,0,0,0,0,0,0,0,0,0,0,0,0,0,0,0,0,0,0,0,0,0,0,0,0,0,0,0,0,0,0,0,0,0,0,0,0,0,0,0,0,0,0,0,0,0,0,0,0,0,0,0,0,0,0,0,0,0,0,0,0,0,0,0,0,0,0,0,0,0,0,0,0,0,0,0,0,0,0,0,0,0,0,0,0,0,0,0,0,0,0,0,0,0,0,0,0,0,0,0,0,0,0,0,0,0,0,0,0,0,0,0,0,0,0,0,0,0,0,0,0,0,0,0,0,0,0,0,0,0,0,0,0,0,0,0,0,0,0,0,0,0,0,0,0,0,0,0,0,0,0,0,0,0,0,0,0,0,0,0,0,0,0,0,0,0,0,0,0,0,0,0,0,0,0,0,0,0,0,0,0,0,0,0,0,0,0,0,0,0,0,0,0,0,0,0,0,0,0,0,0,0,0,0,0,0,0,0,0,0,0,0,0,0,0,0,0,0,0,0,0,0,0,0,0,0,0,0,0,0,0,0,0,0,0,0,0,0,0,0,0,0,0,0,0,0,0,0,0,0,0
"kilimanjaro/same/suji",0,0,0,0,0,0,0,0,0,0,0,0,0,0,0,0,0,0,0,0,0,0,0,0,0,0,0,0,0,0,0,0,0,0,0,0,0,0,0,0,0,0,0,0,0,0,0,0,0,0,0,0,0,0,0,0,0,0,0,0,0,0,0,0,0,0,0,0,0,0,0,0,0,0,0,0,0,0,0,0,0,0,0,0,0,0,0,0,0,0,0,0,0,0,0,0,0,0,0,0,0,0,0,0,0,0,0,0,0,0,0,0,0,0,0,0,0,0,0,0,0,0,0,0,0,0,0,0,0,0,0,0,0,0,0,0,0,0,0,0,0,0,0,0,0,0,0,0,0,0,0,0,0,0,0,0,0,0,0,0,0,0,0,0,0,0,0,0,0,0,0,0,0,0,0,0,0,0,0,0,0,0,0,0,0,0,0,0,0,0,0,0,0,0,0,0,0,0,0,0,0,0,0,0,0,0,0,0,0,0,0,0,0,0,0,0,0,0,0,0,0,0,0,0,0,0,0,0,0,0,0,0,0,0,0,0,0,0,0,0,0,0,0,0,0,0,0,0,0,0,0,0,0,0,0,0,0,0,0,0,0,0,0,0,0,0,0,0,0,0,0,0,0,0,0,0,0,0,0,0,0,0,0,0,0,0,0,0,0,0,0,0,0,0,0,0,0,0,0,0,0,0,0,0,0,0,0,0,0,0,0,0,0,0,0,0,0,0,0,0,0,0,0,0,0,0,0,0,0,0,0,0,0,0,0,0,0,0,0,0,0,0,0,0,0,0,0,0,0,0,0,0,0,0,0,0,0,0,0,0,0,0,0,0,0,0,0,0,0,0,0,0,0,0,0,0,0,0,0,0,0,0,0,0,0,0,0,0,0,0,0,0,0,0,0,0,0,0
"manyara/kiteto/sunya",0.000553,0.000114,0.000118,0.001083,3.7e-05,0.004766,1.1e-05,1.4e-05,3.8e-05,0.007735,0.000136,4.2e-05,0.000395,0.005967,0.00103,4.1e-05,4.6e-05,0.00022,4.4e-05,0.000172,0.000373,0.000548,4e-05,8.7e-05,0.000225,2.7e-05,6.5e-05,2.8e-05,0.000739,0.000379,0.002295,0.004244,0.000129,9.6e-05,0.000176,9.3e-05,0.000549,0.001898,9.8e-05,0.001241,3.5e-05,4.2e-05,0.832506,0.001209,0.039007,4.2e-05,0.000178,0.118279,0.017036,5.8e-05,3e-05,4.4e-05,4e-05,4.2e-05,0.001853,2.2e-05,0.000112,7.8e-05,0.012103,0.021129,0.001664,0.002753,0.002263,0.032332,1e-06,0.003879,0.00143,2.6e-05,0.000449,0.008752,2.9e-05,7e-06,0.000128,0.00038,2e-04,0.002397,0.000235,2.1e-05,2.7e-05,2.9e-05,1.7e-05,0.000202,2.8e-05,7.1e-05,8.9e-05,2.1e-05,0.027096,2.8e-05,0.001222,0.056886,2.1e-05,4.5e-05,0.035355,0.002914,9.8e-05,0.001621,0.001542,5.4e-05,0.01608,0.004127,2.4e-05,3.8e-05,0.009135,0.000843,0.000446,0.015376,3e-05,0.002781,0.000795,0.004627,0.0011,0.0091,0.001173,2e-05,0.000142,0.000111,0.009638,0.003175,0.016143,0.001369,0.000713,0.026185,0.000137,0.000534,6.2e-05,0.004196,0.437222,0.038567,0.002524,0.000111,9.4e-05,0.003703,0.008248,0.000643,4.3e-05,0.003185,0.000168,0.001985,0.02151,0.004351,0.001634,0.000234,0.001061,0.000409,2e-04,0.007866,6.5e-05,0.007641,0.006084,0.002118,9.6e-05,0.000124,0.000168,0.000253,0.010848,0.027536,0.000429,0.000276,0.00575,0.198643,0.001305,0.016346,4e-05,0.00042,3.8e-05,5.1e-05,0.001729,0.000771,0.006226,0.000842,0.455153,0.007049,0.085942,0.005863,0.000381,0.007292,0.016133,5.6e-05,0.004523,0.117668,0.000118,0.000219,0.036079,0.000836,0.025658,0.382418,5.1e-05,0.000102,0.013444,0.003927,0.001204,0.000334,0.000482,5.3e-05,0.004205,0.033824,0.000117,3.9e-05,0.00545,2e-05,0.012284,0.006548,0.015649,6.3e-05,0.008412,0.000469,0.057201,0.005641,0.002086,0.000136,0.000122,0.000125,0.01898,5.3e-05,1.8e-05,0.003347,1.7e-05,0.075087,0.000694,0.004466,4.9e-05,6.1e-05,2.9e-05,9.5e-05,0.015222,0.000333,0.021283,0.000203,0.000123,2.7e-05,1.9e-05,3.7e-05,0.012024,0.011226,0.015815,7e-06,0.000126,0.002451,0.001425,9.6e-05,0.001601,0.081677,4.3e-05,0.180707,0.000138,8.6e-05,0.000303,0.004928,5.4e-05,0.000502,0.029532,0.026143,6.6e-05,0.00857,0.003583,0.007542,0.000129,0.000694,7.1e-05,0.000185,0.000149,0.002276,2.6e-05,0.000209,0.004122,0.000211,3.8e-05,0.008869,2.3e-05,0.000787,0.007734,0.017542,0.000117,0.000194,0.048681,0.000254,0.009078,0.012315,3.3e-05,0.000312,0.000791,3.4e-05,0.083692,8.7e-05,0.016542,7.8e-05,2.2e-05,0.000257,6.2e-05,7.3e-05,0.008971,0.000847,0.000681,0.026975,0.001235,0.001622,0.011575,0.000156,0.004154,0.001113,4.8e-05,4.3e-05,8.1e-05,0.002157,0.003436,0.011152,0.000739,0.000104,5.9e-05,9.5e-05,0.008382,0.000867,0.005096,7.2e-05,0.000806,2.4e-05,0.000117,0.02157,0.025945,0.012401,0.001506,0.010026,0.001971,0.008147,0.068732,0.002925,0.003575,0.000254,0.000347,0.001972,0.003182,0.001206,0.082423,0.008444,0.026594,0.008552,0.000411,0.000339,0.023728,0.000268,2.6e-05,6.8e-05,2.9e-05,6.6e-05,0.027934,0.01259,0.000723,0.003472,0.017233,0.001036,1.3e-05,0.004512,0.000301,0.036912,0.003091,0.002684,0.00697,0.00063,0.000194,0.001162,4.1e-05,4.1e-05,4.5e-05,2.9e-05,0.000224,0.02487,0.006916,0.014961,0.017518,0.002762,0.000444,5.6e-05,0.000287,0,2e-04,0.001651,0.001696,5.8e-05,0.014734,1.9e-05,7.4e-05,3.1e-05,0.050616,0.000379,1.2e-05,0.000656,9.6e-05,0.010952,0.002074,6.8e-05,0.011133,8.4e-05,0.000206,0.000443,5.3e-05,0.000135,3.1e-05,2.4e-05
"kilimanjaro/rombo/tarakeamotamburu",0,0,0,0,0,0,0,0,0,0,0,0,0,0,0,0,0,0,0,0,0,0,0,0,0,0,0,0,0,0,0,0,0,0,0,0,0,0,0,0,0,0,0,0,0,0,0,0,0,0,0,0,0,0,0,0,0,0,0,0,0,0,0,0,0,0,0,0,0,0,0,0,0,0,0,0,0,0,0,0,0,0,0,0,0,0,0,0,0,0,0,0,0,0,0,0,0,0,0,0,0,0,0,0,0,0,0,0,0,0,0,0,0,0,0,0,0,0,0,0,0,0,0,0,0,0,0,0,0,0,0,0,0,0,0,0,0,0,0,0,0,0,0,0,0,0,0,0,0,0,0,0,0,0,0,0,0,0,0,0,0,0,0,0,0,0,0,0,0,0,0,0,0,0,0,0,0,0,0,0,0,0,0,0,0,0,0,0,0,0,0,0,0,0,0,0,0,0,0,0,0,0,0,0,0,0,0,0,0,0,0,0,0,0,0,0,0,0,0,0,0,0,0,0,0,0,0,0,0,0,0,0,0,0,0,0,0,0,0,0,0,0,0,0,0,0,0,0,0,0,0,0,0,0,0,0,0,0,0,0,0,0,0,0,0,0,0,0,0,0,0,0,0,0,0,0,0,0,0,0,0,0,0,0,0,0,0,0,0,0,0,0,0,0,0,0,0,0,0,0,0,0,0,0,0,0,0,0,0,0,0,0,0,0,0,0,0,0,0,0,0,0,0,0,0,0,0,0,0,0,0,0,0,0,0,0,0,0,0,0,0,0,0,0,0,0,0,0,0,0,0,0,0,0,0,0,0,0,0,0,0,0,0,0,0,0,0,0,0,0,0,0,0,0,0,0,0,0,0,0,0,0,0,0,0,0,0,0,0,0,0,0,0,0,0,0,0,0
"arusha/arushaurban/terrat",0,0,0,0,0,0,0,0,0,0,0,0,0,0,0,0,0,0,0,0,0,0,0,0,0,0,0,0,0,0,0,0,0,0,0,0,0,0,0,0,0,0,0,0,0,0,0,0,0,0,0,0,0,0,0,0,0,0,0,0,0,0,0,0,0,0,0,0,0,0,0,0,0,0,0,0,0,0,0,0,0,0,0,0,0,0,0,0,0,0,0,0,0,0,0,0,0,0,0,0,0,0,0,0,0,0,0,0,0,0,0,0,0,0,0,0,0,0,0,0,0,0,0,0,0,0,0,0,0,0,0,0,0,0,0,0,0,0,0,0,0,0,0,0,0,0,0,0,0,0,0,0,0,0,0,0,0,0,0,0,0,0,0,0,0,0,0,0,0,0,0,0,0,0,0,0,0,0,0,0,0,0,0,0,0,0,0,0,0,0,0,0,0,0,0,0,0,0,0,0,0,0,0,0,0,0,0,0,0,0,0,0,0,0,0,0,0,0,0,0,0,0,0,0,0,0,0,0,0,0,0,0,0,0,0,0,0,0,0,0,0,0,0,0,0,0,0,0,0,0,0,0,0,0,0,0,0,0,0,0,0,0,0,0,0,0,0,0,0,0,0,0,0,0,0,0,0,0,0,0,0,0,0,0,0,0,0,0,0,0,0,0,0,0,0,0,0,0,0,0,0,0,0,0,0,0,0,0,0,0,0,0,0,0,0,0,0,0,0,0,0,0,0,0,0,0,0,0,0,0,0,0,0,0,0,0,0,0,0,0,0,0,0,0,0,0,0,0,0,0,0,0,0,0,0,0,0,0,0,0,0,0,0,0,0,0,0,0,0,0,0,0,0,0,0,0,0,0,0,0,0,0,0,0,0,0,0,0,0,0,0,0,0,0,0,0,0,0
"manyara/simanjiro/terrat",2.9e-05,1e-06,1e-06,6e-06,0,8.3e-05,0,0,0,9e-05,1e-06,0,1.9e-05,0.000344,6e-06,0,0,1e-06,0,1e-06,1e-06,1.3e-05,0,1e-06,1e-06,0,1e-06,0,0,1e-06,0.000226,1e-06,0,1e-06,2e-06,1e-06,3.4e-05,1.3e-05,1e-06,7e-06,0,0,2.2e-05,8e-06,4e-06,0,3e-06,0.007717,0.004112,1e-06,0,0,1e-06,0,1e-05,0,6e-06,2e-06,5.3e-05,0.00013,1.6e-05,4.2e-05,4.6e-05,2e-06,0,0.000283,6.9e-05,0,1.2e-05,0.000177,0,0,3e-06,5e-06,1e-06,2.2e-05,3e-06,0,0,0,0,1e-06,0,0,0,0,0.000664,0,5e-06,0.000118,0,0,0.000322,0.000121,1e-06,1.7e-05,3e-05,0,0.000227,4.8e-05,0,0,1.9e-05,4.9e-05,7e-06,0.000156,0,4.7e-05,2e-05,6.8e-05,2.1e-05,9e-05,4e-06,1e-06,1e-06,1e-06,0.000284,0,0.000234,1.9e-05,1.1e-05,0.000363,1e-06,4e-06,0,8e-06,2.3e-05,0.001487,0.000149,1e-06,1e-06,4.1e-05,8.7e-05,1e-05,0,0.000186,8e-06,2.6e-05,0.000235,7.3e-05,5.1e-05,0,6e-05,6e-06,2e-06,6.2e-05,1e-06,9.7e-05,7.3e-05,2.4e-05,1e-06,1e-06,1e-06,1e-06,3.4e-05,0.001808,3e-06,4e-06,5e-06,0.003688,1.2e-05,0.006299,1e-06,3e-06,0,0,2.2e-05,2.3e-05,0.000432,8e-06,7e-06,0.000295,0.005427,4e-05,7e-06,0.000165,0.002378,1e-06,7.2e-05,1.4e-05,0,1e-06,7e-05,1.3e-05,0.00043,0.010092,1e-06,1e-06,0.000238,7.1e-05,2.3e-05,3e-06,8e-06,0,9.5e-05,1e-06,1e-06,0,8.3e-05,0,0.000494,2e-05,4.4e-05,3e-06,8.1e-05,1.2e-05,6e-04,0.00026,1.4e-05,1e-06,1e-06,3e-06,0.000164,0,0,8e-06,0,0.000633,8e-06,4.7e-05,0,3e-06,0,2e-06,0.000334,7e-06,0.000375,4e-06,1e-06,0,0,0,9.6e-05,0.000952,3e-06,0,2e-06,0.000166,2.5e-05,1e-06,8.1e-05,0.009911,1e-06,0.001483,0,1e-06,5e-06,0.000336,0,7e-05,0.001669,0.000816,3e-06,0.000561,3.8e-05,1.8e-05,1e-06,6e-06,1e-06,1e-06,0,4.6e-05,1e-06,1e-06,8.5e-05,2e-06,0,0.000474,0,2.2e-05,0.000337,0.00019,1e-06,1e-06,0.00049,2e-06,1.9e-05,0.000315,0,4e-06,2.6e-05,0,0.000877,1e-06,1e-06,1e-06,0,2e-06,0,2e-06,5e-06,1.2e-05,1e-06,0.002005,1.8e-05,2.8e-05,0.000341,9e-06,5.9e-05,1e-05,0,0,1e-06,1.4e-05,1e-06,0.000337,3.8e-05,4e-06,3e-06,1e-06,0.000583,6e-06,2e-06,1e-06,1e-05,0,1e-06,0.000619,0.00024,0.001798,0.000542,0.000398,5e-05,9.9e-05,0.003539,1.4e-05,1.9e-05,1.6e-05,1e-06,0.000109,0.000165,6e-05,0.001258,4.3e-05,0.000128,1e-06,7e-06,3e-06,0.001168,4e-06,0,1e-06,0,1e-06,0.000141,1.4e-05,4e-06,0.000138,9.6e-05,6e-06,0,1e-04,1.5e-05,0.002201,7.9e-05,0.000161,0.000543,6e-06,2e-06,2e-05,0,0,0,0,1e-06,0.001326,0.000487,0.000981,1e-06,0.000106,7e-06,0,1e-06,2e-06,2e-06,0.000157,0,4e-06,0.000213,0,0,0,0.000464,2e-06,0,4.1e-05,1e-06,0.000166,2.8e-05,1e-06,0.000554,1e-06,1e-06,1e-06,0,0,0,0
"arusha/arushaurban/themi",0,0,0,0,0,0,0,0,0,0,0,0,0,0,0,0,0,0,0,0,0,0,0,0,0,0,0,0,0,0,0,0,0,0,0,0,0,0,0,0,0,0,0,0,0,0,0,0,0,0,0,0,0,0,0,0,0,0,0,0,0,0,0,0,0,0,0,0,0,0,0,0,0,0,0,0,0,0,0,0,0,0,0,0,0,0,0,0,0,0,0,0,0,0,0,0,0,0,0,0,0,0,0,0,0,0,0,0,0,0,0,0,0,0,0,0,0,0,0,0,0,0,0,0,0,0,0,0,0,0,0,0,0,0,0,0,0,0,0,0,0,0,0,0,0,0,0,0,0,0,0,0,0,0,0,0,0,0,0,0,0,0,0,0,0,0,0,0,0,0,0,0,0,0,0,0,0,0,0,0,0,0,0,0,0,0,0,0,0,0,0,0,0,0,0,0,0,0,0,0,0,0,0,0,0,0,0,0,0,0,0,0,0,0,0,0,0,0,0,0,0,0,0,0,0,0,0,0,0,0,0,0,0,0,0,0,0,0,0,0,0,0,0,0,0,0,0,0,0,0,0,0,0,0,0,0,0,0,0,0,0,0,0,0,0,0,0,0,0,0,0,0,0,0,0,0,0,0,0,0,0,0,0,0,0,0,0,0,0,0,0,0,0,0,0,0,0,0,0,0,0,0,0,0,0,0,0,0,0,0,0,0,0,0,0,0,0,0,0,0,0,0,0,0,0,0,0,0,0,0,0,0,0,0,0,0,0,0,0,0,0,0,0,0,0,0,0,0,0,0,0,0,0,0,0,0,0,0,0,0,0,0,0,0,0,0,0,0,0,0,0,0,0,0,0,0,0,0,0,0,0,0,0,0,0,0,0,0,0,0,0,0,0,0,0,0,0,0
"arusha/longido/tingatinga",0,0,0,0,0,0,0,0,0,0,0,0,0,0,0,0,0,0,0,0,0,0,0,0,0,0,0,0,0,0,0,0,0,0,0,0,0,0,0,0,0,0,0,0,0,0,0,0,0,0,0,0,0,0,0,0,0,0,0,0,0,0,0,0,0,0,0,0,0,0,0,0,0,0,0,0,0,0,0,0,0,0,0,0,0,0,0,0,0,0,0,0,0,0,0,0,0,0,0,0,0,0,0,0,0,0,0,0,0,0,0,0,0,0,0,0,0,0,0,0,0,0,0,0,0,0,0,0,0,0,0,0,0,0,0,0,0,0,0,0,0,0,0,0,0,0,0,0,0,0,0,0,0,0,0,0,0,0,0,0,0,0,0,0,0,0,0,0,0,0,0,0,0,0,0,0,0,0,0,0,0,0,0,0,0,0,0,0,0,0,0,0,0,0,0,0,0,0,0,0,0,0,0,0,0,0,0,0,0,0,0,0,0,0,0,0,0,0,0,0,0,0,0,0,0,0,0,0,0,0,0,0,0,0,0,0,0,0,0,0,0,0,0,0,0,0,0,0,0,0,0,0,0,0,0,0,0,0,0,0,0,0,0,0,0,0,0,0,0,0,0,0,0,0,0,0,0,0,0,0,0,0,0,0,0,0,0,0,0,0,0,0,0,0,0,0,0,0,0,0,0,0,0,0,0,0,0,0,0,0,0,0,0,0,0,0,0,0,0,0,0,0,0,0,0,0,0,0,0,0,0,0,0,0,0,0,0,0,0,0,0,0,0,0,0,0,0,0,0,0,0,0,0,0,0,0,0,0,0,0,0,0,0,0,0,0,0,0,0,0,0,0,0,0,0,0,0,0,0,0,0,0,0,0,0,0,0,0,0,0,0,0,0,0,0,0,0,0
"manyara/mbulu/tlawi",0,0,0,0,0,0,0,0,0,0,0,0,0,0,0,0,0,0,0,0,0,0,0,0,0,0,0,0,0,0,0,0,0,0,0,0,0,0,0,0,0,0,0,0,0,0,0,0,0,0,0,0,0,0,0,0,0,0,0,0,0,0,0,0,0,0,0,0,0,0,0,0,0,0,0,0,0,0,0,0,0,0,0,0,0,0,0,0,0,0,0,0,0,0,0,0,0,0,0,0,0,0,0,0,0,0,0,0,0,0,0,0,0,0,0,0,0,0,0,0,0,0,0,0,0,0,0,0,0,0,0,0,0,0,0,0,0,0,0,0,0,0,0,0,0,0,0,0,0,0,0,0,0,0,0,0,0,0,0,0,0,0,0,0,0,0,0,0,0,0,0,0,0,0,0,0,0,0,0,0,0,0,0,0,0,0,0,0,0,0,0,0,0,0,0,0,0,0,0,0,0,0,0,0,0,0,0,0,0,0,0,0,0,0,0,0,0,0,0,0,0,0,0,0,0,0,0,0,0,0,0,0,0,0,0,0,0,0,0,0,0,0,0,0,0,0,0,0,0,0,0,0,0,0,0,0,0,0,0,0,0,0,0,0,0,0,0,0,0,0,0,0,0,0,0,0,0,0,0,0,0,0,0,0,0,0,0,0,0,0,0,0,0,0,0,0,0,0,0,0,0,0,0,0,0,0,0,0,0,0,0,0,0,0,0,0,0,0,0,0,0,0,0,0,0,0,0,0,0,0,0,0,0,0,0,0,0,0,0,0,0,0,0,0,0,0,0,0,0,0,0,0,0,0,0,0,0,0,0,0,0,0,0,0,0,0,0,0,0,0,0,0,0,0,0,0,0,0,0,0,0,0,0,0,0,0,0,0,0,0,0,0,0,0,0,0,0,0
"kilimanjaro/mwanga/toloha",0,0,0,0,0,0,0,0,0,0,0,0,0,0,0,0,0,0,0,0,0,0,0,0,0,0,0,0,0,0,0,0,0,0,0,0,0,0,0,0,0,0,0,0,0,0,0,0,0,0,0,0,0,0,0,0,0,0,0,0,0,0,0,0,0,0,0,0,0,0,0,0,0,0,0,0,0,0,0,0,0,0,0,0,0,0,0,0,0,0,0,0,0,0,0,0,0,0,0,0,0,0,0,0,0,0,0,0,0,0,0,0,0,0,0,0,0,0,0,0,0,0,0,0,0,0,0,0,0,0,0,0,0,0,0,0,0,0,0,0,0,0,0,0,0,0,0,0,0,0,0,0,0,0,0,0,0,0,0,0,0,0,0,0,0,0,0,0,0,0,0,0,0,0,0,0,0,0,0,0,0,0,0,0,0,0,0,0,0,0,0,0,0,0,0,0,0,0,0,0,0,0,0,0,0,0,0,0,0,0,0,0,0,0,0,0,0,0,0,0,0,0,0,0,0,0,0,0,0,0,0,0,0,0,0,0,0,0,0,0,0,0,0,0,0,0,0,0,0,0,0,0,0,0,0,0,0,0,0,0,0,0,0,0,0,0,0,0,0,0,0,0,0,0,0,0,0,0,0,0,0,0,0,0,0,0,0,0,0,0,0,0,0,0,0,0,0,0,0,0,0,0,0,0,0,0,0,0,0,0,0,0,0,0,0,0,0,0,0,0,0,0,0,0,0,0,0,0,0,0,0,0,0,0,0,0,0,0,0,0,0,0,0,0,0,0,0,0,0,0,0,0,0,0,0,0,0,0,0,0,0,0,0,0,0,0,0,0,0,0,0,0,0,0,0,0,0,0,0,0,0,0,0,0,0,0,0,0,0,0,0,0,0,0,0,0,0,0
"manyara/mbulu/tumati",0,0,0,0,0,0,0,0,0,0,0,0,0,0,0,0,0,0,0,0,0,0,0,0,0,0,0,0,0,0,0,0,0,0,0,0,0,0,0,0,0,0,0,0,0,0,0,0,0,0,0,0,0,0,0,0,0,0,0,0,0,0,0,0,0,0,0,0,0,0,0,0,0,0,0,0,0,0,0,0,0,0,0,0,0,0,0,0,0,0,0,0,0,0,0,0,0,0,0,0,0,0,0,0,0,0,0,0,0,0,0,0,0,0,0,0,0,0,0,0,0,0,0,0,0,0,0,0,0,0,0,0,0,0,0,0,0,0,0,0,0,0,0,0,0,0,0,0,0,0,0,0,0,0,0,0,0,0,0,0,0,0,0,0,0,0,0,0,0,0,0,0,0,0,0,0,0,0,0,0,0,0,0,0,0,0,0,0,0,0,0,0,0,0,0,0,0,0,0,0,0,0,0,0,0,0,0,0,0,0,0,0,0,0,0,0,0,0,0,0,0,0,0,0,0,0,0,0,0,0,0,0,0,0,0,0,0,0,0,0,0,0,0,0,0,0,0,0,0,0,0,0,0,0,0,0,0,0,0,0,0,0,0,0,0,0,0,0,0,0,0,0,0,0,0,0,0,0,0,0,0,0,0,0,0,0,0,0,0,0,0,0,0,0,0,0,0,0,0,0,0,0,0,0,0,0,0,0,0,0,0,0,0,0,0,0,0,0,0,0,0,0,0,0,0,0,0,0,0,0,0,0,0,0,0,0,0,0,0,0,0,0,0,0,0,0,0,0,0,0,0,0,0,0,0,0,0,0,0,0,0,0,0,0,0,0,0,0,0,0,0,0,0,0,0,0,0,0,0,0,0,0,0,0,0,0,0,0,0,0,0,0,0,0,0,0,0,0
"kilimanjaro/rombo/ubetukahe",0,0,0,0,0,0,0,0,0,0,0,0,0,0,0,0,0,0,0,0,0,0,0,0,0,0,0,0,0,0,0,0,0,0,0,0,0,0,0,0,0,0,0,0,0,0,0,0,0,0,0,0,0,0,0,0,0,0,0,0,0,0,0,0,0,0,0,0,0,0,0,0,0,0,0,0,0,0,0,0,0,0,0,0,0,0,0,0,0,0,0,0,0,0,0,0,0,0,0,0,0,0,0,0,0,0,0,0,0,0,0,0,0,0,0,0,0,0,0,0,0,0,0,0,0,0,0,0,0,0,0,0,0,0,0,0,0,0,0,0,0,0,0,0,0,0,0,0,0,0,0,0,0,0,0,0,0,0,0,0,0,0,0,0,0,0,0,0,0,0,0,0,0,0,0,0,0,0,0,0,0,0,0,0,0,0,0,0,0,0,0,0,0,0,0,0,0,0,0,0,0,0,0,0,0,0,0,0,0,0,0,0,0,0,0,0,0,0,0,0,0,0,0,0,0,0,0,0,0,0,0,0,0,0,0,0,0,0,0,0,0,0,0,0,0,0,0,0,0,0,0,0,0,0,0,0,0,0,0,0,0,0,0,0,0,0,0,0,0,0,0,0,0,0,0,0,0,0,0,0,0,0,0,0,0,0,0,0,0,0,0,0,0,0,0,0,0,0,0,0,0,0,0,0,0,0,0,0,0,0,0,0,0,0,0,0,0,0,0,0,0,0,0,0,0,0,0,0,0,0,0,0,0,0,0,0,0,0,0,0,0,0,0,0,0,0,0,0,0,0,0,0,0,0,0,0,0,0,0,0,0,0,0,0,0,0,0,0,0,0,0,0,0,0,0,0,0,0,0,0,0,0,0,0,0,0,0,0,0,0,0,0,0,0,0,0,0,0
"manyara/babati/ufana",0.000157,8.4e-05,1.9e-05,0.000406,0.000553,0.000753,7.7e-05,8.1e-05,0.000207,0.033261,0.000823,0.000296,0.000118,0.0018,0.0057,0.000215,0.000609,0.012508,0.001512,0.003438,1.9e-05,8.7e-05,0.000164,1.5e-05,1.5e-05,5e-06,0.000296,7.9e-05,7e-06,2.2e-05,0.000958,5.1e-05,9e-06,1.1e-05,0.000255,0.003827,0.000175,0.031354,0.000327,0.000482,0.001102,0.000172,0.001154,0.029757,0.000235,0.00037,8.3e-05,0.041564,0.008317,0.000103,0.00016,9.3e-05,7.2e-05,0.001,0.017351,0.000467,2.4e-05,9.8e-05,0.000691,0.019631,0.00037,0.001135,0.000761,0.000137,0,0.0012,0.000622,0.000281,0.000534,0.00646,4.3e-05,0.000124,2.9e-05,0.00167,0.0015,0.000671,0.000113,0.001166,0.000331,0.00073,0.000143,0.000915,0.001678,0.00021,0.003384,1e-04,0.005441,0.002476,0.014753,0.002134,0.000219,0.000331,0.005265,0.000891,4.7e-05,0.010853,0.00033,7e-06,0.002439,0.000606,0.000157,8.2e-05,0.000566,0.00027,7.6e-05,0.003172,0.000102,0.000494,0.000197,0.004896,0.000233,0.00155,0.012181,7e-06,2.3e-05,1.7e-05,0.001948,3e-05,0.002763,0.000255,9.5e-05,0.00486,1.7e-05,6.4e-05,7e-06,0.000231,0.000828,0.006569,0.000638,1.8e-05,1.5e-05,0.000401,0.001156,0.000113,5e-06,0.000983,5.5e-05,0.00033,0.006203,0.000799,0.000371,1.3e-05,0.000347,7.4e-05,3.3e-05,0.000924,0.000405,0.001212,0.001006,0.000334,1.6e-05,1.4e-05,2.6e-05,2.1e-05,0.000892,0.01117,5e-05,7.8e-05,0.000125,0.039203,0.000173,0.002893,7e-06,4.6e-05,0.000397,0.000202,0.00023,0.00019,0.001968,9.9e-05,0.000291,0.003252,0.028993,0.000452,8.2e-05,0.00113,0.007517,1.7e-05,0.000802,0.000612,7e-06,0.000101,0.001721,0.000135,0.005084,0.137638,1e-05,2e-05,0.002579,0.000776,0.000212,0.00833,0.000986,0.001313,0.006699,7.1e-05,1.8e-05,0.000202,0.000939,2.3e-05,0.003098,0.000533,0.000657,1.4e-05,0.001367,0.000107,0.008727,0.003308,0.001287,2.2e-05,1.9e-05,0.000123,0.00285,8e-06,5.9e-05,0.000231,6.6e-05,0.01255,0.000113,0.000709,0.002284,1.5e-05,0.000605,1.9e-05,0.003077,7e-05,0.004351,3.7e-05,0.000662,0.000442,0.000308,0.00028,0.004189,0.004084,0.000257,1e-06,2.2e-05,0.000408,0.000904,1.5e-05,0.000333,0.068423,8e-06,0.01508,1e-05,1.5e-05,5.2e-05,0.001411,0.001059,0.00019,0.009556,0.007926,2.9e-05,0.002585,0.00069,0.000459,2.1e-05,8.8e-05,1.2e-05,1.4e-05,1.1e-05,0.000243,2.9e-05,1.3e-05,0.00351,7.4e-05,0.000413,0.003515,8.4e-05,0.00151,0.002879,0.0023,1.5e-05,1.4e-05,0.007612,4e-05,0.000532,0.001046,0.000172,0.000275,0.000137,2.2e-05,0.024122,0.000725,2.9e-05,0.000202,0.000254,4.5e-05,0.005466,1.6e-05,0.000184,0.00019,4.1e-05,0.007343,0.000208,0.000366,0.002254,5.1e-05,0.000487,0.001537,7e-06,5e-06,1.4e-05,0.000203,5e-05,0.013446,0.000216,2.8e-05,1.7e-05,1.8e-05,0.002076,0.00056,0.000168,1.2e-05,0.000136,4.2e-05,3.1e-05,0.004634,0.004394,0.002873,0.000474,0.00346,0.00042,0.001872,0.016807,0.000871,0.001053,7.9e-05,0.000132,0.000667,0.000993,0.000424,0.018584,0.003222,0.0011,3.7e-05,7e-05,0.000147,0.006583,0.000251,4.5e-05,1.2e-05,3.8e-05,0.000422,0.002076,0.000395,0.000317,0.001102,0.001517,0.000427,8.1e-05,0.001019,8.4e-05,0.011864,0.001547,0.001404,0.00096,7.8e-05,3.1e-05,0.000203,0.000329,0.00017,0.000207,0.000113,8.9e-05,0.007679,0.001583,0.004986,6.6e-05,0.000759,7.7e-05,4e-06,1.7e-05,8e-05,3.6e-05,0.000529,0.000401,1.8e-05,0.002726,0.000205,8e-06,0.00074,0.008835,0,6.9e-05,0.000212,1.7e-05,0.001961,0.00036,1.2e-05,0.002933,1.4e-05,1.5e-05,3e-05,5e-06,7e-06,0.00054,0.000251
"manyara/mbulu/uhuru",0,0,0,0,0,0,0,0,0,0,0,0,0,0,0,0,0,0,0,0,0,0,0,0,0,0,0,0,0,0,0,0,0,0,0,0,0,0,0,0,0,0,0,0,0,0,0,0,0,0,0,0,0,0,0,0,0,0,0,0,0,0,0,0,0,0,0,0,0,0,0,0,0,0,0,0,0,0,0,0,0,0,0,0,0,0,0,0,0,0,0,0,0,0,0,0,0,0,0,0,0,0,0,0,0,0,0,0,0,0,0,0,0,0,0,0,0,0,0,0,0,0,0,0,0,0,0,0,0,0,0,0,0,0,0,0,0,0,0,0,0,0,0,0,0,0,0,0,0,0,0,0,0,0,0,0,0,0,0,0,0,0,0,0,0,0,0,0,0,0,0,0,0,0,0,0,0,0,0,0,0,0,0,0,0,0,0,0,0,0,0,0,0,0,0,0,0,0,0,0,0,0,0,0,0,0,0,0,0,0,0,0,0,0,0,0,0,0,0,0,0,0,0,0,0,0,0,0,0,0,0,0,0,0,0,0,0,0,0,0,0,0,0,0,0,0,0,0,0,0,0,0,0,0,0,0,0,0,0,0,0,0,0,0,0,0,0,0,0,0,0,0,0,0,0,0,0,0,0,0,0,0,0,0,0,0,0,0,0,0,0,0,0,0,0,0,0,0,0,0,0,0,0,0,0,0,0,0,0,0,0,0,0,0,0,0,0,0,0,0,0,0,0,0,0,0,0,0,0,0,0,0,0,0,0,0,0,0,0,0,0,0,0,0,0,0,0,0,0,0,0,0,0,0,0,0,0,0,0,0,0,0,0,0,0,0,0,0,0,0,0,0,0,0,0,0,0,0,0,0,0,0,0,0,0,0,0,0,0,0,0,0,0,0,0,0,0,0
"arusha/arushaurban/ungaltd",0,0,0,0,0,0,0,0,0,0,0,0,0,0,0,0,0,0,0,0,0,0,0,0,0,0,0,0,0,0,0,0,0,0,0,0,0,0,0,0,0,0,0,0,0,0,0,0,0,0,0,0,0,0,0,0,0,0,0,0,0,0,0,0,0,0,0,0,0,0,0,0,0,0,0,0,0,0,0,0,0,0,0,0,0,0,0,0,0,0,0,0,0,0,0,0,0,0,0,0,0,0,0,0,0,0,0,0,0,0,0,0,0,0,0,0,0,0,0,0,0,0,0,0,0,0,0,0,0,0,0,0,0,0,0,0,0,0,0,0,0,0,0,0,0,0,0,0,0,0,0,0,0,0,0,0,0,0,0,0,0,0,0,0,0,0,0,0,0,0,0,0,0,0,0,0,0,0,0,0,0,0,0,0,0,0,0,0,0,0,0,0,0,0,0,0,0,0,0,0,0,0,0,0,0,0,0,0,0,0,0,0,0,0,0,0,0,0,0,0,0,0,0,0,0,0,0,0,0,0,0,0,0,0,0,0,0,0,0,0,0,0,0,0,0,0,0,0,0,0,0,0,0,0,0,0,0,0,0,0,0,0,0,0,0,0,0,0,0,0,0,0,0,0,0,0,0,0,0,0,0,0,0,0,0,0,0,0,0,0,0,0,0,0,0,0,0,0,0,0,0,0,0,0,0,0,0,0,0,0,0,0,0,0,0,0,0,0,0,0,0,0,0,0,0,0,0,0,0,0,0,0,0,0,0,0,0,0,0,0,0,0,0,0,0,0,0,0,0,0,0,0,0,0,0,0,0,0,0,0,0,0,0,0,0,0,0,0,0,0,0,0,0,0,0,0,0,0,0,0,0,0,0,0,0,0,0,0,0,0,0,0,0,0,0,0,0,0
"kilimanjaro/moshi/urukaskazini",0,0,0,0,0,0,0,0,0,0,0,0,0,0,0,0,0,0,0,0,0,0,0,0,0,0,0,0,0,0,0,0,0,0,0,0,0,0,0,0,0,0,0,0,0,0,0,0,0,0,0,0,0,0,0,0,0,0,0,0,0,0,0,0,0,0,0,0,0,0,0,0,0,0,0,0,0,0,0,0,0,0,0,0,0,0,0,0,0,0,0,0,0,0,0,0,0,0,0,0,0,0,0,0,0,0,0,0,0,0,0,0,0,0,0,0,0,0,0,0,0,0,0,0,0,0,0,0,0,0,0,0,0,0,0,0,0,0,0,0,0,0,0,0,0,0,0,0,0,0,0,0,0,0,0,0,0,0,0,0,0,0,0,0,0,0,0,0,0,0,0,0,0,0,0,0,0,0,0,0,0,0,0,0,0,0,0,0,0,0,0,0,0,0,0,0,0,0,0,0,0,0,0,0,0,0,0,0,0,0,0,0,0,0,0,0,0,0,0,0,0,0,0,0,0,0,0,0,0,0,0,0,0,0,0,0,0,0,0,0,0,0,0,0,0,0,0,0,0,0,0,0,0,0,0,0,0,0,0,0,0,0,0,0,0,0,0,0,0,0,0,0,0,0,0,0,0,0,0,0,0,0,0,0,0,0,0,0,0,0,0,0,0,0,0,0,0,0,0,0,0,0,0,0,0,0,0,0,0,0,0,0,0,0,0,0,0,0,0,0,0,0,0,0,0,0,0,0,0,0,0,0,0,0,0,0,0,0,0,0,0,0,0,0,0,0,0,0,0,0,0,0,0,0,0,0,0,0,0,0,0,0,0,0,0,0,0,0,0,0,0,0,0,0,0,0,0,0,0,0,0,0,0,0,0,0,0,0,0,0,0,0,0,0,0,0,0,0
"kilimanjaro/moshi/urukusini",1e-06,0,1e-06,0,0,4.7e-05,0,0,0,1e-06,0,0,1e-06,1e-05,0,0,0,0,0,0,0,3e-06,0,6e-06,0,3e-06,0,0,0,0,5e-06,0,0,0,0,0,1e-06,0,0,0,0,0,0,0,0,0,0,0.000166,3e-06,0,0,0,0,0,0,0,0,0,1e-06,2e-06,1e-06,1e-06,3e-06,0,0,5e-06,1e-06,0,0,0,0,0,1e-06,0,0,1e-06,0,0,0,0,0,0,0,0,0,0,0.000474,0,0,4e-06,0,0,0.00028,5e-06,0,0,2.1e-05,0,0.000166,4.1e-05,0,0,1e-06,1e-06,3e-05,7.5e-05,0,0.000357,4e-06,1e-06,1.7e-05,0.000143,0,0,2e-06,1e-06,8.8e-05,0,0.001876,8.2e-05,3.7e-05,0.001978,0,1e-06,0,0,0,0.000126,6e-06,4e-06,3e-06,4.3e-05,5.1e-05,0.000108,0,5e-06,0,0.000134,2.3e-05,0.000749,1.1e-05,0,1e-06,0.00015,2e-06,1.4e-05,0,0.000201,0.000275,5.1e-05,1e-06,0,1e-06,0,3e-06,2.3e-05,2e-06,0,0,0.026717,5e-06,3e-06,3e-06,1e-06,0,0,5e-06,4e-06,8e-06,1e-06,0,2e-06,0.000125,1e-06,5e-06,0,3e-06,0,0.001388,0,0,0,3e-06,1.9e-05,0.001125,0.043687,1e-06,3e-06,0.000983,0.00015,3.7e-05,0,0,0,0,0,1e-06,0,0.000733,0,4.4e-05,0,2e-06,0,0.000128,4e-06,0.000603,1e-06,0,2e-06,2e-06,0,0.000148,1e-06,0,1e-06,0,0.000551,1.9e-05,9e-05,0,0,0,2e-06,0.000352,6e-06,0.000561,4e-06,0,0,0,0,5e-06,1.1e-05,0,1e-06,1.5e-05,4e-06,0,1e-06,4e-06,5.7e-05,8e-06,0.000138,0,9e-06,3.2e-05,8e-06,0,0,4.4e-05,1.4e-05,0,1.3e-05,3.3e-05,1e-06,1e-06,2e-06,6e-06,0,0,6e-06,0,0,1e-06,0,0,8e-06,0,0,8e-06,5.7e-05,0,0,0.000609,3e-06,1e-06,2e-06,0,0,2e-06,0,9.1e-05,0,0,0,0,3e-06,0,1e-06,0,5e-06,0,4.9e-05,0.000105,1.2e-05,2.3e-05,0,4e-06,0,0,0,8e-06,1e-06,0,1e-06,1e-06,0,0,5e-06,6e-06,0,0,3e-06,7.3e-05,0,0,3e-05,0.000293,8e-06,1e-06,1.3e-05,2.3e-05,2.9e-05,6.8e-05,0,0,0,0,2e-06,5e-06,1e-06,7.3e-05,2e-06,1e-06,0,2.7e-05,0,5.6e-05,0,0,1.8e-05,0,0,7e-06,0,0,6e-06,8e-06,0,0,4e-05,1e-06,5.5e-05,1e-06,1e-06,5e-06,2e-06,2e-06,9.1e-05,0,0,0,0,0,4.2e-05,6e-06,1.9e-05,0,7e-06,4.6e-05,0,0,0,2e-06,2e-06,0,0,2.4e-05,0,0,0,0.000494,0,0,1e-06,9e-06,0,0.000298,7e-06,2.9e-05,2e-06,0,0,0,0,0,0
"kilimanjaro/moshi/urumashariki",0,0,0,0,0,0,0,0,0,0,0,0,0,0,0,0,0,0,0,0,0,0,0,0,0,0,0,0,0,0,0,0,0,0,0,0,0,0,0,0,0,0,0,0,0,0,0,0,0,0,0,0,0,0,0,0,0,0,0,0,0,0,0,0,0,0,0,0,0,0,0,0,0,0,0,0,0,0,0,0,0,0,0,0,0,0,0,0,0,0,0,0,0,0,0,0,0,0,0,0,0,0,0,0,0,0,0,0,0,0,0,0,0,0,0,0,0,0,0,0,0,0,0,0,0,0,0,0,0,0,0,0,0,0,0,0,0,0,0,0,0,0,0,0,0,0,0,0,0,0,0,0,0,0,0,0,0,0,0,0,0,0,0,0,0,0,0,0,0,0,0,0,0,0,0,0,0,0,0,0,0,0,0,0,0,0,0,0,0,0,0,0,0,0,0,0,0,0,0,0,0,0,0,0,0,0,0,0,0,0,0,0,0,0,0,0,0,0,0,0,0,0,0,0,0,0,0,0,0,0,0,0,0,0,0,0,0,0,0,0,0,0,0,0,0,0,0,0,0,0,0,0,0,0,0,0,0,0,0,0,0,0,0,0,0,0,0,0,0,0,0,0,0,0,0,0,0,0,0,0,0,0,0,0,0,0,0,0,0,0,0,0,0,0,0,0,0,0,0,0,0,0,0,0,0,0,0,0,0,0,0,0,0,0,0,0,0,0,0,0,0,0,0,0,0,0,0,0,0,0,0,0,0,0,0,0,0,0,0,0,0,0,0,0,0,0,0,0,0,0,0,0,0,0,0,0,0,0,0,0,0,0,0,0,0,0,0,0,0,0,0,0,0,0,0,0,0,0,0,0,0,0,0,0,0,0,0,0,0,0,0,0,0,0,0,0,0,0
"kilimanjaro/moshi/urushimbwe",0,0,0,0,0,0,0,0,0,0,0,0,0,0,0,0,0,0,0,0,0,0,0,0,0,0,0,0,0,0,0,0,0,0,0,0,0,0,0,0,0,0,0,0,0,0,0,0,0,0,0,0,0,0,0,0,0,0,0,0,0,0,0,0,0,0,0,0,0,0,0,0,0,0,0,0,0,0,0,0,0,0,0,0,0,0,0,0,0,0,0,0,0,0,0,0,0,0,0,0,0,0,0,0,0,0,0,0,0,0,0,0,0,0,0,0,0,0,0,0,0,0,0,0,0,0,0,0,0,0,0,0,0,0,0,0,0,0,0,0,0,0,0,0,0,0,0,0,0,0,0,0,0,0,0,0,0,0,0,0,0,0,0,0,0,0,0,0,0,0,0,0,0,0,0,0,0,0,0,0,0,0,0,0,0,0,0,0,0,0,0,0,0,0,0,0,0,0,0,0,0,0,0,0,0,0,0,0,0,0,0,0,0,0,0,0,0,0,0,0,0,0,0,0,0,0,0,0,0,0,0,0,0,0,0,0,0,0,0,0,0,0,0,0,0,0,0,0,0,0,0,0,0,0,0,0,0,0,0,0,0,0,0,0,0,0,0,0,0,0,0,0,0,0,0,0,0,0,0,0,0,0,0,0,0,0,0,0,0,0,0,0,0,0,0,0,0,0,0,0,0,0,0,0,0,0,0,0,0,0,0,0,0,0,0,0,0,0,0,0,0,0,0,0,0,0,0,0,0,0,0,0,0,0,0,0,0,0,0,0,0,0,0,0,0,0,0,0,0,0,0,0,0,0,0,0,0,0,0,0,0,0,0,0,0,0,0,0,0,0,0,0,0,0,0,0,0,0,0,0,0,0,0,0,0,0,0,0,0,0,0,0,0,0,0,0,0,0
"arusha/meru/usariver",0.000789,1e-06,2e-06,3e-06,0,0.000145,0,0,0,1.6e-05,0,0,0.000222,0.003654,2e-06,0,0,0,0,0,0,6.1e-05,0,3e-06,0,1e-06,0,0,0,0,0.000829,0,0,1e-06,0,0,0.000187,2e-06,0,5e-06,0,0,5e-06,2e-06,1e-06,0,4e-06,0.032226,0.000145,0,0,0,0,0,2e-06,0,1.6e-05,0,1.6e-05,4.3e-05,1.7e-05,2.4e-05,0.000107,1e-06,0,0.001504,8.7e-05,0,4e-06,1.4e-05,0,0,1.3e-05,1e-06,0,1.7e-05,2e-06,0,0,0,0,0,0,0,0,0,0.00295,0,1e-06,4e-05,0,0,0.000493,0.000939,2e-06,4e-06,0.000141,0,0.000365,7.5e-05,0,0,1e-05,0.000277,1.6e-05,0.000373,0,0.000127,0.000152,1.9e-05,9.4e-05,0.000184,1e-06,7e-06,3e-06,2e-06,0.001366,0,0.000544,5.5e-05,2.5e-05,0.000988,1e-06,4e-06,0,4e-06,5e-06,0.019481,0.002689,3e-06,2e-06,5e-05,0.000121,2.7e-05,0,0.001504,4.4e-05,5.7e-05,0.000439,0.000221,0.000551,0,0.000291,1.9e-05,3e-06,6e-05,0,0.000183,0.000153,4.6e-05,2e-06,1e-06,2e-06,1e-06,2.3e-05,0.002502,4e-06,4e-06,1e-06,0.009259,1.5e-05,0.000136,2e-06,3e-06,0,0,2.5e-05,0.000251,0.002218,7e-06,2e-06,0.000109,0.027641,1.6e-05,3e-05,1e-05,0.000144,2e-06,0.000193,5e-06,0,1e-06,3.2e-05,2.6e-05,0.001503,0.047218,2e-06,5e-06,0.000815,0.000274,6.1e-05,1e-06,1e-06,0,1e-05,0,2e-06,0,0.000202,0,0.018502,3e-06,1.5e-05,1.7e-05,0.000154,9.2e-05,0.000951,5.9e-05,9e-06,3e-06,2e-06,0,0.000257,1e-06,0,5e-06,0,0.00108,1.5e-05,8.8e-05,0,5.3e-05,0,8e-06,0.001512,3.2e-05,0.001458,1.3e-05,0,0,0,0,0.000105,0.001515,1e-06,0,4e-06,0.000449,9e-06,1e-06,0.000218,0.004015,2e-06,0.000821,0,3e-06,1.1e-05,0.003867,0,3.9e-05,0.010053,0.000862,4e-06,0.004878,9.3e-05,1e-05,2e-06,7e-06,2e-06,0,0,4.2e-05,0,0,2.3e-05,3e-06,0,0.000813,0,4e-06,0.000815,0.000216,1e-06,0,0.000825,4e-06,1e-05,4.1e-05,0,2e-06,3.8e-05,0,0.001587,0,0,0,0,5e-06,0,8e-06,1e-06,4.3e-05,1e-06,0.016812,4e-05,0.000118,0.001889,4.5e-05,3.8e-05,5e-06,1e-06,0,3e-06,9e-06,0,4.7e-05,0.000604,0.000191,5.3e-05,4e-06,0.001051,2e-06,0,2e-06,2.4e-05,0,0,0.002111,0.000461,0.001021,7.4e-05,0.001384,0.000319,0.000274,0.010967,7e-06,9e-06,0.000117,1e-06,0.000419,0.00125,0.00019,0.001922,3.1e-05,2.3e-05,0,1.6e-05,2e-06,0.060864,0,0,3e-06,0,0,6.8e-05,6e-06,3e-06,0.000774,6e-05,4e-06,0,0.000599,0.000473,0.014087,3.3e-05,1e-04,0.000189,6e-06,3e-06,5.1e-05,0,0,0,0,1e-06,0.012539,0.001427,0.003836,0,0.001866,1.9e-05,0,0,0,4e-06,0.000355,2e-05,2.3e-05,0.000433,0,0,0,0.000896,1e-06,0,0.000199,3e-06,0.000446,6.7e-05,2e-06,0,2e-06,0,1e-06,0,0,0,0
"kilimanjaro/rombo/ushiriikuini",0,0,0,0,0,0,0,0,0,0,0,0,0,0,0,0,0,0,0,0,0,0,0,0,0,0,0,0,0,0,0,0,0,0,0,0,0,0,0,0,0,0,0,0,0,0,0,0,0,0,0,0,0,0,0,0,0,0,0,0,0,0,0,0,0,0,0,0,0,0,0,0,0,0,0,0,0,0,0,0,0,0,0,0,0,0,0,0,0,0,0,0,0,0,0,0,0,0,0,0,0,0,0,0,0,0,0,0,0,0,0,0,0,0,0,0,0,0,0,0,0,0,0,0,0,0,0,0,0,0,0,0,0,0,0,0,0,0,0,0,0,0,0,0,0,0,0,0,0,0,0,0,0,0,0,0,0,0,0,0,0,0,0,0,0,0,0,0,0,0,0,0,0,0,0,0,0,0,0,0,0,0,0,0,0,0,0,0,0,0,0,0,0,0,0,0,0,0,0,0,0,0,0,0,0,0,0,0,0,0,0,0,0,0,0,0,0,0,0,0,0,0,0,0,0,0,0,0,0,0,0,0,0,0,0,0,0,0,0,0,0,0,0,0,0,0,0,0,0,0,0,0,0,0,0,0,0,0,0,0,0,0,0,0,0,0,0,0,0,0,0,0,0,0,0,0,0,0,0,0,0,0,0,0,0,0,0,0,0,0,0,0,0,0,0,0,0,0,0,0,0,0,0,0,0,0,0,0,0,0,0,0,0,0,0,0,0,0,0,0,0,0,0,0,0,0,0,0,0,0,0,0,0,0,0,0,0,0,0,0,0,0,0,0,0,0,0,0,0,0,0,0,0,0,0,0,0,0,0,0,0,0,0,0,0,0,0,0,0,0,0,0,0,0,0,0,0,0,0,0,0,0,0,0,0,0,0,0,0,0,0,0,0,0,0,0,0,0
"kilimanjaro/same/vudee",0,0,0,0,0,0,0,0,0,0,0,0,0,0,0,0,0,0,0,0,0,0,0,0,0,0,0,0,0,0,0,0,0,0,0,0,0,0,0,0,0,0,0,0,0,0,0,0,0,0,0,0,0,0,0,0,0,0,0,0,0,0,0,0,0,0,0,0,0,0,0,0,0,0,0,0,0,0,0,0,0,0,0,0,0,0,0,0,0,0,0,0,0,0,0,0,0,0,0,0,0,0,0,0,0,0,0,0,0,0,0,0,0,0,0,0,0,0,0,0,0,0,0,0,0,0,0,0,0,0,0,0,0,0,0,0,0,0,0,0,0,0,0,0,0,0,0,0,0,0,0,0,0,0,0,0,0,0,0,0,0,0,0,0,0,0,0,0,0,0,0,0,0,0,0,0,0,0,0,0,0,0,0,0,0,0,0,0,0,0,0,0,0,0,0,0,0,0,0,0,0,0,0,0,0,0,0,0,0,0,0,0,0,0,0,0,0,0,0,0,0,0,0,0,0,0,0,0,0,0,0,0,0,0,0,0,0,0,0,0,0,0,0,0,0,0,0,0,0,0,0,0,0,0,0,0,0,0,0,0,0,0,0,0,0,0,0,0,0,0,0,0,0,0,0,0,0,0,0,0,0,0,0,0,0,0,0,0,0,0,0,0,0,0,0,0,0,0,0,0,0,0,0,0,0,0,0,0,0,0,0,0,0,0,0,0,0,0,0,0,0,0,0,0,0,0,0,0,0,0,0,0,0,0,0,0,0,0,0,0,0,0,0,0,0,0,0,0,0,0,0,0,0,0,0,0,0,0,0,0,0,0,0,0,0,0,0,0,0,0,0,0,0,0,0,0,0,0,0,0,0,0,0,0,0,0,0,0,0,0,0,0,0,0,0,0,0,0
"kilimanjaro/same/vuje",0,0,0,0,0,0,0,0,0,0,0,0,0,0,0,0,0,0,0,0,0,0,0,0,0,0,0,0,0,0,0,0,0,0,0,0,0,0,0,0,0,0,0,0,0,0,0,0,0,0,0,0,0,0,0,0,0,0,0,0,0,0,0,0,0,0,0,0,0,0,0,0,0,0,0,0,0,0,0,0,0,0,0,0,0,0,0,0,0,0,0,0,0,0,0,0,0,0,0,0,0,0,0,0,0,0,0,0,0,0,0,0,0,0,0,0,0,0,0,0,0,0,0,0,0,0,0,0,0,0,0,0,0,0,0,0,0,0,0,0,0,0,0,0,0,0,0,0,0,0,0,0,0,0,0,0,0,0,0,0,0,0,0,0,0,0,0,0,0,0,0,0,0,0,0,0,0,0,0,0,0,0,0,0,0,0,0,0,0,0,0,0,0,0,0,0,0,0,0,0,0,0,0,0,0,0,0,0,0,0,0,0,0,0,0,0,0,0,0,0,0,0,0,0,0,0,0,0,0,0,0,0,0,0,0,0,0,0,0,0,0,0,0,0,0,0,0,0,0,0,0,0,0,0,0,0,0,0,0,0,0,0,0,0,0,0,0,0,0,0,0,0,0,0,0,0,0,0,0,0,0,0,0,0,0,0,0,0,0,0,0,0,0,0,0,0,0,0,0,0,0,0,0,0,0,0,0,0,0,0,0,0,0,0,0,0,0,0,0,0,0,0,0,0,0,0,0,0,0,0,0,0,0,0,0,0,0,0,0,0,0,0,0,0,0,0,0,0,0,0,0,0,0,0,0,0,0,0,0,0,0,0,0,0,0,0,0,0,0,0,0,0,0,0,0,0,0,0,0,0,0,0,0,0,0,0,0,0,0,0,0,0,0,0,0,0,0,0
"kilimanjaro/same/vumari",0,0,0,0,0,0,0,0,0,0,0,0,0,0,0,0,0,0,0,0,0,0,0,0,0,0,0,0,0,0,0,0,0,0,0,0,0,0,0,0,0,0,0,0,0,0,0,0,0,0,0,0,0,0,0,0,0,0,0,0,0,0,0,0,0,0,0,0,0,0,0,0,0,0,0,0,0,0,0,0,0,0,0,0,0,0,0,0,0,0,0,0,0,0,0,0,0,0,0,0,0,0,0,0,0,0,0,0,0,0,0,0,0,0,0,0,0,0,0,0,0,0,0,0,0,0,0,0,0,0,0,0,0,0,0,0,0,0,0,0,0,0,0,0,0,0,0,0,0,0,0,0,0,0,0,0,0,0,0,0,0,0,0,0,0,0,0,0,0,0,0,0,0,0,0,0,0,0,0,0,0,0,0,0,0,0,0,0,0,0,0,0,0,0,0,0,0,0,0,0,0,0,0,0,0,0,0,0,0,0,0,0,0,0,0,0,0,0,0,0,0,0,0,0,0,0,0,0,0,0,0,0,0,0,0,0,0,0,0,0,0,0,0,0,0,0,0,0,0,0,0,0,0,0,0,0,0,0,0,0,0,0,0,0,0,0,0,0,0,0,0,0,0,0,0,0,0,0,0,0,0,0,0,0,0,0,0,0,0,0,0,0,0,0,0,0,0,0,0,0,0,0,0,0,0,0,0,0,0,0,0,0,0,0,0,0,0,0,0,0,0,0,0,0,0,0,0,0,0,0,0,0,0,0,0,0,0,0,0,0,0,0,0,0,0,0,0,0,0,0,0,0,0,0,0,0,0,0,0,0,0,0,0,0,0,0,0,0,0,0,0,0,0,0,0,0,0,0,0,0,0,0,0,0,0,0,0,0,0,0,0,0,0,0,0,0,0,0
"kilimanjaro/same/vunta",0,0,0,0,0,0,0,0,0,0,0,0,0,0,0,0,0,0,0,0,0,0,0,0,0,0,0,0,0,0,0,0,0,0,0,0,0,0,0,0,0,0,0,0,0,0,0,0,0,0,0,0,0,0,0,0,0,0,0,0,0,0,0,0,0,0,0,0,0,0,0,0,0,0,0,0,0,0,0,0,0,0,0,0,0,0,0,0,0,0,0,0,0,0,0,0,0,0,0,0,0,0,0,0,0,0,0,0,0,0,0,0,0,0,0,0,0,0,0,0,0,0,0,0,0,0,0,0,0,0,0,0,0,0,0,0,0,0,0,0,0,0,0,0,0,0,0,0,0,0,0,0,0,0,0,0,0,0,0,0,0,0,0,0,0,0,0,0,0,0,0,0,0,0,0,0,0,0,0,0,0,0,0,0,0,0,0,0,0,0,0,0,0,0,0,0,0,0,0,0,0,0,0,0,0,0,0,0,0,0,0,0,0,0,0,0,0,0,0,0,0,0,0,0,0,0,0,0,0,0,0,0,0,0,0,0,0,0,0,0,0,0,0,0,0,0,0,0,0,0,0,0,0,0,0,0,0,0,0,0,0,0,0,0,0,0,0,0,0,0,0,0,0,0,0,0,0,0,0,0,0,0,0,0,0,0,0,0,0,0,0,0,0,0,0,0,0,0,0,0,0,0,0,0,0,0,0,0,0,0,0,0,0,0,0,0,0,0,0,0,0,0,0,0,0,0,0,0,0,0,0,0,0,0,0,0,0,0,0,0,0,0,0,0,0,0,0,0,0,0,0,0,0,0,0,0,0,0,0,0,0,0,0,0,0,0,0,0,0,0,0,0,0,0,0,0,0,0,0,0,0,0,0,0,0,0,0,0,0,0,0,0,0,0,0,0,0,0
"manyara/mbulu/yaedaampa",0,0,0,0,0,0,0,0,0,0,0,0,0,0,0,0,0,0,0,0,0,0,0,0,0,0,0,0,0,0,0,0,0,0,0,0,0,0,0,0,0,0,0,0,0,0,0,0,0,0,0,0,0,0,0,0,0,0,0,0,0,0,0,0,0,0,0,0,0,0,0,0,0,0,0,0,0,0,0,0,0,0,0,0,0,0,0,0,0,0,0,0,0,0,0,0,0,0,0,0,0,0,0,0,0,0,0,0,0,0,0,0,0,0,0,0,0,0,0,0,0,0,0,0,0,0,0,0,0,0,0,0,0,0,0,0,0,0,0,0,0,0,0,0,0,0,0,0,0,0,0,0,0,0,0,0,0,0,0,0,0,0,0,0,0,0,0,0,0,0,0,0,0,0,0,0,0,0,0,0,0,0,0,0,0,0,0,0,0,0,0,0,0,0,0,0,0,0,0,0,0,0,0,0,0,0,0,0,0,0,0,0,0,0,0,0,0,0,0,0,0,0,0,0,0,0,0,0,0,0,0,0,0,0,0,0,0,0,0,0,0,0,0,0,0,0,0,0,0,0,0,0,0,0,0,0,0,0,0,0,0,0,0,0,0,0,0,0,0,0,0,0,0,0,0,0,0,0,0,0,0,0,0,0,0,0,0,0,0,0,0,0,0,0,0,0,0,0,0,0,0,0,0,0,0,0,0,0,0,0,0,0,0,0,0,0,0,0,0,0,0,0,0,0,0,0,0,0,0,0,0,0,0,0,0,0,0,0,0,0,0,0,0,0,0,0,0,0,0,0,0,0,0,0,0,0,0,0,0,0,0,0,0,0,0,0,0,0,0,0,0,0,0,0,0,0,0,0,0,0,0,0,0,0,0,0,0,0,0,0,0,0,0,0,0,0,0,0
"manyara/mbulu/yaedachini",0,0,0,0,0,0,0,0,0,0,0,0,0,0,0,0,0,0,0,0,0,0,0,0,0,0,0,0,0,0,0,0,0,0,0,0,0,0,0,0,0,0,0,0,0,0,0,0,0,0,0,0,0,0,0,0,0,0,0,0,0,0,0,0,0,0,0,0,0,0,0,0,0,0,0,0,0,0,0,0,0,0,0,0,0,0,0,0,0,0,0,0,0,0,0,0,0,0,0,0,0,0,0,0,0,0,0,0,0,0,0,0,0,0,0,0,0,0,0,0,0,0,0,0,0,0,0,0,0,0,0,0,0,0,0,0,0,0,0,0,0,0,0,0,0,0,0,0,0,0,0,0,0,0,0,0,0,0,0,0,0,0,0,0,0,0,0,0,0,0,0,0,0,0,0,0,0,0,0,0,0,0,0,0,0,0,0,0,0,0,0,0,0,0,0,0,0,0,0,0,0,0,0,0,0,0,0,0,0,0,0,0,0,0,0,0,0,0,0,0,0,0,0,0,0,0,0,0,0,0,0,0,0,0,0,0,0,0,0,0,0,0,0,0,0,0,0,0,0,0,0,0,0,0,0,0,0,0,0,0,0,0,0,0,0,0,0,0,0,0,0,0,0,0,0,0,0,0,0,0,0,0,0,0,0,0,0,0,0,0,0,0,0,0,0,0,0,0,0,0,0,0,0,0,0,0,0,0,0,0,0,0,0,0,0,0,0,0,0,0,0,0,0,0,0,0,0,0,0,0,0,0,0,0,0,0,0,0,0,0,0,0,0,0,0,0,0,0,0,0,0,0,0,0,0,0,0,0,0,0,0,0,0,0,0,0,0,0,0,0,0,0,0,0,0,0,0,0,0,0,0,0,0,0,0,0,0,0,0,0,0,0,0,0,0,0,0,0
