"","arusha/meru/akheri","arusha/ngorongoro/alailelai","kilimanjaro/rombo/aleni","arusha/ngorongoro/arash","manyara/babati/arri","kilimanjaro/moshi/arushachini","manyara/mbulu/ayamaami","manyara/mbulu/ayamohe","manyara/babati/ayasanda","manyara/babatiurban/babati","manyara/babatiurban/bagara","manyara/hanang/balagidalalu","arusha/arusha/bangata","arusha/arushaurban/baraa","arusha/karatu/baray","manyara/mbulu/bargish","manyara/mbulu/bashay","manyara/babati/bashneti","manyara/hanang/bassodesh","manyara/hanang/bassotu","kilimanjaro/same/bendera","kilimanjaro/siha/biriri","manyara/babati/boay","kilimanjaro/moshimunicipal/bomambuzi","kilimanjaro/same/bombo","kilimanjaro/moshimunicipal/bondeni","manyara/babatiurban/bonga","arusha/karatu/buger","manyara/kiteto/bwagamoyo","kilimanjaro/same/bwambo","arusha/arusha/bwawani","manyara/kiteto/chapakazi","kilimanjaro/same/chome","kilimanjaro/mwanga/chomvu","arusha/karatu/daa","manyara/babati/dabil","arusha/arushaurban/darajambili","manyara/babati/dareda","manyara/mbulu/daudi","arusha/ngorongoro/digodigo","manyara/mbulu/dinamu","manyara/hanang/dirma","manyara/kiteto/dongo","manyara/mbulu/dongobesh","manyara/kiteto/dosidosi","manyara/babati/duru","arusha/longido/elengatadapash","arusha/arushaurban/elerai","manyara/simanjiro/emboreet","arusha/karatu/endabash","manyara/mbulu/endagikot","arusha/karatu/endamaghang","arusha/karatu/endamarariek","manyara/mbulu/endamilay","manyara/hanang/endasak","manyara/hanang/endasiwold","manyara/simanjiro/endiantu","manyara/babati/endokise","manyara/simanjiro/endonyongijape","arusha/ngorongoro/endulen","arusha/longido/engarenaibor","arusha/monduli/engaruka","arusha/longido/engikaret","manyara/kiteto/engusero","arusha/ngorongoro/enguserosambu","arusha/arushaurban/engutoto","arusha/monduli/engutoto","manyara/mbulu/eshkesh","arusha/monduli/esilalei","manyara/babati/galapo","arusha/karatu/ganako","manyara/hanang/ganana","kilimanjaro/siha/gararagua","manyara/mbulu/gehandu","manyara/hanang/gehandu","arusha/longido/gelailumbwa","arusha/longido/gelaimeirugoi","manyara/hanang/gendabi","manyara/hanang/getanuwas","manyara/mbulu/geterer","manyara/hanang/gidahababieg","manyara/babati/gidas","manyara/mbulu/gidihim","manyara/hanang/gisambalang","manyara/hanang/giting","manyara/mbulu/gunyoda","kilimanjaro/hai/haimjini","manyara/mbulu/hayderer","manyara/mbulu/haydom","kilimanjaro/same/hedaru","manyara/hanang/hidet","manyara/hanang/hirbadaw","kilimanjaro/rombo/holili","arusha/arusha/ilkidinga","arusha/longido/ilorienito","manyara/mbulu/imboru","kilimanjaro/siha/ivaeny","kilimanjaro/mwanga/jipe","kilimanjaro/moshi/kahe","kilimanjaro/moshi/kahemashariki","manyara/mbulu/kainam","arusha/ngorongoro/kakesio","kilimanjaro/same/kalemawe","arusha/arushaurban/kaloleni","kilimanjaro/moshimunicipal/kaloleni","arusha/longido/kamwanga","arusha/karatu/kansay","kilimanjaro/moshimunicipal/karanga","kilimanjaro/siha/karansi","arusha/karatu/karatu","kilimanjaro/siha/kashisha","kilimanjaro/rombo/katangaramrere","manyara/hanang/katesh","arusha/arushaurban/kati","kilimanjaro/rombo/kelamfuamokala","kilimanjaro/rombo/kenimengeni","kilimanjaro/hai/kia","manyara/kiteto/kibaya","kilimanjaro/moshimunicipal/kiboriloni","kilimanjaro/moshi/kiboshokati","kilimanjaro/moshi/kiboshomagharibi","kilimanjaro/moshi/kiboshomashariki","kilimanjaro/mwanga/kifula","kilimanjaro/mwanga/kighare","kilimanjaro/mwanga/kigoningoni","kilimanjaro/same/kihurio","manyara/kiteto/kijungu","arusha/meru/kikatiti","arusha/meru/kikwe","kilimanjaro/moshi/kilemakaskazini","kilimanjaro/moshi/kilemakati","kilimanjaro/moshi/kilemakusini","kilimanjaro/mwanga/kileo","kilimanjaro/moshimunicipal/kilimanjaro","kilimanjaro/mwanga/kilomeni","arusha/arushaurban/kimandolu","arusha/arusha/kimnyaki","kilimanjaro/moshi/kimochi","arusha/longido/kimokouwa","kilimanjaro/moshi/kindi","arusha/meru/kingori","kilimanjaro/same/kirangare","arusha/arusha/kiranyi","kilimanjaro/moshi/kirima","kilimanjaro/rombo/kirongosamanga","kilimanjaro/mwanga/kirongwe","manyara/babati/kiru","kilimanjaro/moshi/kiruavunjokusini","kilimanjaro/moshi/kiruavunjomagharibi","kilimanjaro/moshi/kiruavunjomashariki","kilimanjaro/rombo/kirwakeni","kilimanjaro/mwanga/kirya","kilimanjaro/rombo/kisalemsaranga","kilimanjaro/same/kisima","kilimanjaro/same/kisiwani","arusha/arusha/kisongo","kilimanjaro/rombo/kitirimakingachi","arusha/longido/kitumbeine","manyara/simanjiro/kitwai","kilimanjaro/moshimunicipal/kiusa","kilimanjaro/mwanga/kivisini","manyara/simanjiro/komolo","kilimanjaro/moshimunicipal/korongoni","kilimanjaro/mwanga/kwakoa","manyara/hanang/laghanga","manyara/hanang/lalaji","kilimanjaro/mwanga/langata","arusha/meru/leguruki","arusha/arushaurban/lemara","kilimanjaro/mwanga/lembeni","manyara/kiteto/lengatei","arusha/monduli/lepurko","arusha/arushaurban/levolosi","manyara/simanjiro/liborsoit","kilimanjaro/siha/livishi","manyara/simanjiro/loiborsiret","arusha/monduli/lolkisale","arusha/longido/longido","kilimanjaro/moshimunicipal/longuob","manyara/kiteto/loolera","kilimanjaro/same/lugulu","arusha/ngorongoro/maalon","kilimanjaro/same/mabilioni","kilimanjaro/moshi/mabogini","kilimanjaro/hai/machamekaskazini","kilimanjaro/hai/machamekusini","kilimanjaro/hai/machamemagharibi","kilimanjaro/hai/machamemashariki","kilimanjaro/hai/machamenarumu","kilimanjaro/hai/machameuroki","kilimanjaro/hai/machameweruweru","manyara/babati/madunga","manyara/babati/magara","manyara/mbulu/maghang","manyara/babati/magugu","manyara/kiteto/magungu","kilimanjaro/rombo/mahida","manyara/babatiurban/maisaka","kilimanjaro/moshimunicipal/majengo","arusha/monduli/majengo","arusha/meru/majiyachai","manyara/kiteto/makame","kilimanjaro/same/makanya","arusha/meru/makiba","kilimanjaro/rombo/makiidi","kilimanjaro/siha/makiwaru","kilimanjaro/moshi/makuyuni","arusha/monduli/makuyuni","arusha/ngorongoro/malambo","kilimanjaro/moshi/mambakaskazini","kilimanjaro/moshi/mambakusini","manyara/babati/mamire","kilimanjaro/rombo/mamsera","kilimanjaro/rombo/manda","arusha/karatu/mangola","kilimanjaro/same/maore","manyara/mbulu/marang","kilimanjaro/rombo/marangukitowo","kilimanjaro/moshi/marangumagharibi","kilimanjaro/moshi/marangumashariki","manyara/mbulu/maretadu","arusha/meru/maroroni","manyara/hanang/masakta","kilimanjaro/hai/masamakati","kilimanjaro/hai/masamakusini","kilimanjaro/hai/masamamagharibi","kilimanjaro/hai/masamamashariki","kilimanjaro/hai/masamarundugai","manyara/mbulu/masieda","manyara/hanang/maskron","manyara/hanang/masqaroda","manyara/mbulu/masqaroda","arusha/longido/matale","arusha/arusha/mateves","manyara/kiteto/matui","kilimanjaro/moshimunicipal/mawenzi","kilimanjaro/moshi/mbokomu","arusha/meru/mbuguni","arusha/karatu/mbulumbulu","kilimanjaro/rombo/mengwe","manyara/simanjiro/mererani","arusha/monduli/meserani","kilimanjaro/moshimunicipal/mfumuni","kilimanjaro/mwanga/mgagao","kilimanjaro/same/mhezi","kilimanjaro/moshimunicipal/miembeni","kilimanjaro/moshimunicipal/mjimpya","arusha/arusha/mlangarini","manyara/hanang/mogitu","arusha/monduli/moita","arusha/arusha/moivo","arusha/monduli/mondulijuu","arusha/monduli/mondulimjini","arusha/arushaurban/moshono","kilimanjaro/rombo/motamburukitendeni","kilimanjaro/same/mpinji","kilimanjaro/rombo/mraokeryo","kilimanjaro/mwanga/msangeni","kilimanjaro/moshimunicipal/msaranga","kilimanjaro/same/mshewa","kilimanjaro/same/msindo","manyara/simanjiro/msituwatembo","arusha/monduli/mswakini","kilimanjaro/same/mtii","arusha/monduli/mtowambu","arusha/longido/mundarara","manyara/mbulu/murray","arusha/arusha/mussa","manyara/babatiurban/mutuka","manyara/babati/mwada","arusha/arusha/mwandeti","kilimanjaro/mwanga/mwanga","kilimanjaro/mwanga/mwaniko","kilimanjaro/same/mwembe","kilimanjaro/moshi/mwikakusini","kilimanjaro/moshi/mwikakaskazini","kilimanjaro/same/myamba","manyara/simanjiro/naberera","manyara/mbulu/nahasey","arusha/ngorongoro/nainokanoka","manyara/simanjiro/naisinyai","arusha/ngorongoro/naiyobi","arusha/longido/namanga","manyara/mbulu/nambisi","manyara/kiteto/namelock","manyara/babatiurban/nangara","manyara/hanang/nangwa","kilimanjaro/rombo/nanjarareha","manyara/babati/nar","kilimanjaro/siha/nasai","manyara/kiteto/ndedo","kilimanjaro/siha/ndumeti","kilimanjaro/same/ndungu","arusha/arusha/nduruma","kilimanjaro/moshimunicipal/ngambo","kilimanjaro/siha/ngarenairobi","arusha/meru/ngarenanyuki","arusha/arushaurban/ngarenaro","manyara/simanjiro/ngorika","arusha/ngorongoro/ngorongoro","kilimanjaro/rombo/ngoyoni","kilimanjaro/mwanga/ngujini","kilimanjaro/moshimunicipal/njoro","kilimanjaro/same/njoro","manyara/kiteto/njoro","manyara/babati/nkaiti","arusha/meru/nkoanrua","arusha/meru/nkoaranga","arusha/meru/nkoarisambu","kilimanjaro/moshi/okaoni","arusha/arushaurban/olasiti","arusha/ngorongoro/olbalbal","manyara/kiteto/olboroti","kilimanjaro/moshi/oldmoshimagharibi","kilimanjaro/moshi/oldmoshimashariki","arusha/karatu/oldean","arusha/ngorongoro/oldonyosambu","arusha/arusha/oldonyosambu","kilimanjaro/rombo/olele","arusha/arusha/oljoro","manyara/simanjiro/oljorono","arusha/arusha/olkokola","kilimanjaro/siha/olkolili","arusha/longido/olmolog","arusha/arusha/olmotonyi","arusha/ngorongoro/oloipiri","arusha/ngorongoro/oloirien","arusha/arushaurban/oloirieni","arusha/ngorongoro/ololosokwan","arusha/arusha/olorieni","arusha/arusha/oltoroto","arusha/arusha/oltrumet","arusha/longido/orbomba","arusha/ngorongoro/orgosorok","manyara/simanjiro/orkesmet","manyara/kiteto/partimbo","kilimanjaro/moshimunicipal/pasua","arusha/ngorongoro/pinyinyi","arusha/meru/poli","manyara/babati/qashi","arusha/karatu/qurus","kilimanjaro/moshimunicipal/rau","arusha/karatu/rhotia","manyara/babati/riroda","kilimanjaro/same/ruvu","manyara/simanjiro/ruvuremiti","arusha/ngorongoro/sale","arusha/arusha/sambasha","kilimanjaro/same/same","arusha/ngorongoro/samunge","manyara/mbulu/sanubaray","kilimanjaro/siha/sanyajuu","arusha/meru/seelasingisi","arusha/arushaurban/sekei","arusha/monduli/selela","arusha/monduli/sepeko","manyara/simanjiro/shambarai","kilimanjaro/mwanga/shighatini","kilimanjaro/rombo/shimbi","kilimanjaro/moshimunicipal/shirimatunda","manyara/babatiurban/sigino","manyara/hanang/simbay","manyara/babatiurban/singe","manyara/hanang/sirop","arusha/ngorongoro/soitsambu","arusha/arusha/sokonii","arusha/arushaurban/sokonii","arusha/arushaurban/sombetini","manyara/kiteto/songambele","arusha/meru/songoro","kilimanjaro/moshimunicipal/soweto","kilimanjaro/same/stesheni","kilimanjaro/same/suji","manyara/kiteto/sunya","kilimanjaro/rombo/tarakeamotamburu","arusha/arushaurban/terrat","manyara/simanjiro/terrat","arusha/arushaurban/themi","arusha/longido/tingatinga","manyara/mbulu/tlawi","kilimanjaro/mwanga/toloha","manyara/mbulu/tumati","kilimanjaro/rombo/ubetukahe","manyara/babati/ufana","manyara/mbulu/uhuru","arusha/arushaurban/ungaltd","kilimanjaro/moshi/urukaskazini","kilimanjaro/moshi/urukusini","kilimanjaro/moshi/urumashariki","kilimanjaro/moshi/urushimbwe","arusha/meru/usariver","kilimanjaro/rombo/ushiriikuini","kilimanjaro/same/vudee","kilimanjaro/same/vuje","kilimanjaro/same/vumari","kilimanjaro/same/vunta","manyara/mbulu/yaedaampa","manyara/mbulu/yaedachini"
"arusha/meru/akheri",0,0,0,0,0,0,0,0,0,0,0,0,0,0,0,0,0,0,0,0,0,0,0,0,0,0,0,0,0,0,0,0,0,0,0,0,0,0,0,0,0,0,0,0,0,0,0,0,0,0,0,0,0,0,0,0,0,0,0,0,0,0,0,0,0,0,0,0,0,0,0,0,0,0,0,0,0,0,0,0,0,0,0,0,0,0,0,0,0,0,0,0,0,0,0,0,0,0,0,0,0,0,0,0,0,0,0,0,0,0,0,0,0,0,0,0,0,0,0,0,0,0,0,0,0,0,0,0,0,0,0,0,0,0,0,0,0,0,0,0,0,0,0,0,0,0,0,0,0,0,0,0,0,0,0,0,0,0,0,0,0,0,0,0,0,0,0,0,0,0,0,0,0,0,0,0,0,0,0,0,0,0,0,0,0,0,0,0,0,0,0,0,0,0,0,0,0,0,0,0,0,0,0,0,0,0,0,0,0,0,0,0,0,0,0,0,0,0,0,0,0,0,0,0,0,0,0,0,0,0,0,0,0,0,0,0,0,0,0,0,0,0,0,0,0,0,0,0,0,0,0,0,0,0,0,0,0,0,0,0,0,0,0,0,0,0,0,0,0,0,0,0,0,0,0,0,0,0,0,0,0,0,0,0,0,0,0,0,0,0,0,0,0,0,0,0,0,0,0,0,0,0,0,0,0,0,0,0,0,0,0,0,0,0,0,0,0,0,0,0,0,0,0,0,0,0,0,0,0,0,0,0,0,0,0,0,0,0,0,0,0,0,0,0,0,0,0,0,0,0,0,0,0,0,0,0,0,0,0,0,0,0,0,0,0,0,0,0,0,0,0,0,0,0,0,0,0,0,0,0,0,0,0,0,0,0,0,0,0,0,0,0,0,0,0,0,0,0
"arusha/ngorongoro/alailelai",0,0,0,0,0,0,0,0,0,0,0,0,0,0,0,0,0,0,0,0,0,0,0,0,0,0,0,0,0,0,0,0,0,0,0,0,0,0,0,0,0,0,0,0,0,0,0,0,0,0,0,0,0,0,0,0,0,0,0,0,0,0,0,0,0,0,0,0,0,0,0,0,0,0,0,0,0,0,0,0,0,0,0,0,0,0,0,0,0,0,0,0,0,0,0,0,0,0,0,0,0,0,0,0,0,0,0,0,0,0,0,0,0,0,0,0,0,0,0,0,0,0,0,0,0,0,0,0,0,0,0,0,0,0,0,0,0,0,0,0,0,0,0,0,0,0,0,0,0,0,0,0,0,0,0,0,0,0,0,0,0,0,0,0,0,0,0,0,0,0,0,0,0,0,0,0,0,0,0,0,0,0,0,0,0,0,0,0,0,0,0,0,0,0,0,0,0,0,0,0,0,0,0,0,0,0,0,0,0,0,0,0,0,0,0,0,0,0,0,0,0,0,0,0,0,0,0,0,0,0,0,0,0,0,0,0,0,0,0,0,0,0,0,0,0,0,0,0,0,0,0,0,0,0,0,0,0,0,0,0,0,0,0,0,0,0,0,0,0,0,0,0,0,0,0,0,0,0,0,0,0,0,0,0,0,0,0,0,0,0,0,0,0,0,0,0,0,0,0,0,0,0,0,0,0,0,0,0,0,0,0,0,0,0,0,0,0,0,0,0,0,0,0,0,0,0,0,0,0,0,0,0,0,0,0,0,0,0,0,0,0,0,0,0,0,0,0,0,0,0,0,0,0,0,0,0,0,0,0,0,0,0,0,0,0,0,0,0,0,0,0,0,0,0,0,0,0,0,0,0,0,0,0,0,0,0,0,0,0,0,0,0,0,0,0,0,0,0
"kilimanjaro/rombo/aleni",0,0,0,0,0,0,0,0,0,0,0,0,0,0,0,0,0,0,0,0,0,0,0,0,0,0,0,0,0,0,0,0,0,0,0,0,0,0,0,0,0,0,0,0,0,0,0,0,0,0,0,0,0,0,0,0,0,0,0,0,0,0,0,0,0,0,0,0,0,0,0,0,0,0,0,0,0,0,0,0,0,0,0,0,0,0,0,0,0,0,0,0,0,0,0,0,0,0,0,0,0,0,0,0,0,0,0,0,0,0,0,0,0,0,0,0,0,0,0,0,0,0,0,0,0,0,0,0,0,0,0,0,0,0,0,0,0,0,0,0,0,0,0,0,0,0,0,0,0,0,0,0,0,0,0,0,0,0,0,0,0,0,0,0,0,0,0,0,0,0,0,0,0,0,0,0,0,0,0,0,0,0,0,0,0,0,0,0,0,0,0,0,0,0,0,0,0,0,0,0,0,0,0,0,0,0,0,0,0,0,0,0,0,0,0,0,0,0,0,0,0,0,0,0,0,0,0,0,0,0,0,0,0,0,0,0,0,0,0,0,0,0,0,0,0,0,0,0,0,0,0,0,0,0,0,0,0,0,0,0,0,0,0,0,0,0,0,0,0,0,0,0,0,0,0,0,0,0,0,0,0,0,0,0,0,0,0,0,0,0,0,0,0,0,0,0,0,0,0,0,0,0,0,0,0,0,0,0,0,0,0,0,0,0,0,0,0,0,0,0,0,0,0,0,0,0,0,0,0,0,0,0,0,0,0,0,0,0,0,0,0,0,0,0,0,0,0,0,0,0,0,0,0,0,0,0,0,0,0,0,0,0,0,0,0,0,0,0,0,0,0,0,0,0,0,0,0,0,0,0,0,0,0,0,0,0,0,0,0,0,0,0,0,0,0,0,0,0
"arusha/ngorongoro/arash",5e-06,2.8e-05,1e-06,0,0,2.2e-05,0,0,0,4.1e-05,1e-06,0,4e-06,6.1e-05,2.3e-05,1e-06,1e-06,1e-06,0,1e-06,0,5e-06,0,0,0,0,0,1e-06,0,1e-06,1.6e-05,0,0,0,9e-06,1e-06,6e-06,1.2e-05,2e-06,0.000522,0,0,2e-05,1.1e-05,3e-06,0,8e-06,0.001473,8e-05,2e-06,0,3e-06,1e-06,0,8e-06,0,1e-06,0,1.2e-05,0.00275,7.3e-05,0.000227,5.5e-05,1e-06,0,3.7e-05,2.5e-05,0,1.1e-05,3e-05,2e-06,0,1e-06,6e-06,1e-06,0.000267,3.3e-05,0,0,0,0,1e-06,0,0,0,0,0.000186,0,1.1e-05,6.6e-05,0,0,0.000179,3.6e-05,7e-06,2.4e-05,1.4e-05,0,7.4e-05,1.9e-05,0,2e-06,1.4e-05,9e-06,3e-06,0.00016,1e-06,1.7e-05,9e-06,0.000213,1e-05,6.1e-05,5e-06,0,1e-06,1e-06,6.3e-05,0,9.6e-05,1e-05,5e-06,0.000188,0,2e-06,0,5e-06,1.5e-05,0.000319,1.9e-05,1e-06,1e-06,1.9e-05,3.6e-05,4e-06,0,3.3e-05,2e-06,1.1e-05,0.000592,2.9e-05,1.3e-05,0,1.2e-05,3e-06,1e-06,2.6e-05,0,4e-05,3.6e-05,1.1e-05,1e-06,0,1e-06,0,2.3e-05,0.000378,3e-06,1.4e-05,2e-06,0.001379,5e-06,5.7e-05,0,1e-06,0,0,6e-06,8e-06,6.2e-05,3e-06,5e-06,0.000156,0.001015,9e-06,4e-06,1.2e-05,0.000124,1e-06,2.8e-05,9e-06,0,0.000653,3.6e-05,4e-06,0.000199,0.003358,0,1e-06,9.5e-05,3e-05,7e-06,3e-06,8e-06,1e-06,2.9e-05,1e-06,1e-06,0,3.2e-05,1e-06,0.000109,4e-06,2e-05,0,5.1e-05,4e-06,0.000289,0.000101,0.003136,1e-06,1e-06,1e-06,1e-04,0,1e-06,6e-06,0,0.000488,4e-06,2.5e-05,0,0,0,1e-06,0.000111,3e-06,0.000174,1e-06,3e-06,0,0,1e-06,0.001079,0.000122,2e-06,0,1e-06,1.6e-05,8.5e-05,1e-06,9e-06,0.000952,0,0.000558,0,1e-06,2e-06,4.3e-05,0,5e-06,0.00034,0.000645,1e-06,8.3e-05,3.1e-05,1.1e-05,1e-06,3e-06,0,0,0,9e-06,0,0,0.000145,1.1e-05,0,0.000133,0,7e-06,0.000123,6.5e-05,0,0,0.000263,1e-06,1.2e-05,2.3e-05,0,3.2e-05,4e-06,5e-06,0.002308,1e-06,0,0,0,2e-06,0,1e-06,2e-06,9e-06,1e-06,0.000212,7e-06,1.7e-05,0.000142,2e-06,1.1e-05,0.000108,0,0,0,5e-06,0,0.000139,8e-06,1e-06,1e-06,1e-06,9.6e-05,0.000274,1e-06,0,5e-06,1e-06,3.6e-05,0.000328,0.000173,9.9e-05,9e-06,0.000153,1.5e-05,0.000105,0.000922,0.002897,0.003434,3e-06,0.000117,2.4e-05,3.6e-05,1.6e-05,0.002249,0.003582,2.5e-05,1e-06,2e-06,0.000113,0.000228,1e-06,1e-06,0,1e-06,0,4.4e-05,8e-06,0.000658,4.7e-05,3.6e-05,0.000755,0,4.2e-05,3e-06,0.000411,0.000116,4.4e-05,2.9e-05,2e-06,1e-06,7e-06,0,0,0,0,0.000118,0.000274,7.1e-05,0.000166,1e-06,2.9e-05,3e-06,0,0,1e-06,2e-06,1.5e-05,8e-06,1e-06,0.000246,0,0,0,0.000358,3e-06,0,7e-06,1e-06,7.1e-05,1.3e-05,0,9.7e-05,1e-06,0,1e-06,0,0,0,0
"manyara/babati/arri",0,0,0,0,0,0,0,0,0,0,0,0,0,0,0,0,0,0,0,0,0,0,0,0,0,0,0,0,0,0,0,0,0,0,0,0,0,0,0,0,0,0,0,0,0,0,0,0,0,0,0,0,0,0,0,0,0,0,0,0,0,0,0,0,0,0,0,0,0,0,0,0,0,0,0,0,0,0,0,0,0,0,0,0,0,0,0,0,0,0,0,0,0,0,0,0,0,0,0,0,0,0,0,0,0,0,0,0,0,0,0,0,0,0,0,0,0,0,0,0,0,0,0,0,0,0,0,0,0,0,0,0,0,0,0,0,0,0,0,0,0,0,0,0,0,0,0,0,0,0,0,0,0,0,0,0,0,0,0,0,0,0,0,0,0,0,0,0,0,0,0,0,0,0,0,0,0,0,0,0,0,0,0,0,0,0,0,0,0,0,0,0,0,0,0,0,0,0,0,0,0,0,0,0,0,0,0,0,0,0,0,0,0,0,0,0,0,0,0,0,0,0,0,0,0,0,0,0,0,0,0,0,0,0,0,0,0,0,0,0,0,0,0,0,0,0,0,0,0,0,0,0,0,0,0,0,0,0,0,0,0,0,0,0,0,0,0,0,0,0,0,0,0,0,0,0,0,0,0,0,0,0,0,0,0,0,0,0,0,0,0,0,0,0,0,0,0,0,0,0,0,0,0,0,0,0,0,0,0,0,0,0,0,0,0,0,0,0,0,0,0,0,0,0,0,0,0,0,0,0,0,0,0,0,0,0,0,0,0,0,0,0,0,0,0,0,0,0,0,0,0,0,0,0,0,0,0,0,0,0,0,0,0,0,0,0,0,0,0,0,0,0,0,0,0,0,0,0,0,0,0,0,0,0,0,0,0,0,0,0,0,0,0,0,0,0,0,0
"kilimanjaro/moshi/arushachini",0,0,0,0,0,0,0,0,0,0,0,0,0,0,0,0,0,0,0,0,0,0,0,0,0,0,0,0,0,0,0,0,0,0,0,0,0,0,0,0,0,0,0,0,0,0,0,0,0,0,0,0,0,0,0,0,0,0,0,0,0,0,0,0,0,0,0,0,0,0,0,0,0,0,0,0,0,0,0,0,0,0,0,0,0,0,0,0,0,0,0,0,0,0,0,0,0,0,0,0,0,0,0,0,0,0,0,0,0,0,0,0,0,0,0,0,0,0,0,0,0,0,0,0,0,0,0,0,0,0,0,0,0,0,0,0,0,0,0,0,0,0,0,0,0,0,0,0,0,0,0,0,0,0,0,0,0,0,0,0,0,0,0,0,0,0,0,0,0,0,0,0,0,0,0,0,0,0,0,0,0,0,0,0,0,0,0,0,0,0,0,0,0,0,0,0,0,0,0,0,0,0,0,0,0,0,0,0,0,0,0,0,0,0,0,0,0,0,0,0,0,0,0,0,0,0,0,0,0,0,0,0,0,0,0,0,0,0,0,0,0,0,0,0,0,0,0,0,0,0,0,0,0,0,0,0,0,0,0,0,0,0,0,0,0,0,0,0,0,0,0,0,0,0,0,0,0,0,0,0,0,0,0,0,0,0,0,0,0,0,0,0,0,0,0,0,0,0,0,0,0,0,0,0,0,0,0,0,0,0,0,0,0,0,0,0,0,0,0,0,0,0,0,0,0,0,0,0,0,0,0,0,0,0,0,0,0,0,0,0,0,0,0,0,0,0,0,0,0,0,0,0,0,0,0,0,0,0,0,0,0,0,0,0,0,0,0,0,0,0,0,0,0,0,0,0,0,0,0,0,0,0,0,0,0,0,0,0,0,0,0,0,0,0,0,0,0,0
"manyara/mbulu/ayamaami",0,0,0,0,0,0,0,0,0,0,0,0,0,0,0,0,0,0,0,0,0,0,0,0,0,0,0,0,0,0,0,0,0,0,0,0,0,0,0,0,0,0,0,0,0,0,0,0,0,0,0,0,0,0,0,0,0,0,0,0,0,0,0,0,0,0,0,0,0,0,0,0,0,0,0,0,0,0,0,0,0,0,0,0,0,0,0,0,0,0,0,0,0,0,0,0,0,0,0,0,0,0,0,0,0,0,0,0,0,0,0,0,0,0,0,0,0,0,0,0,0,0,0,0,0,0,0,0,0,0,0,0,0,0,0,0,0,0,0,0,0,0,0,0,0,0,0,0,0,0,0,0,0,0,0,0,0,0,0,0,0,0,0,0,0,0,0,0,0,0,0,0,0,0,0,0,0,0,0,0,0,0,0,0,0,0,0,0,0,0,0,0,0,0,0,0,0,0,0,0,0,0,0,0,0,0,0,0,0,0,0,0,0,0,0,0,0,0,0,0,0,0,0,0,0,0,0,0,0,0,0,0,0,0,0,0,0,0,0,0,0,0,0,0,0,0,0,0,0,0,0,0,0,0,0,0,0,0,0,0,0,0,0,0,0,0,0,0,0,0,0,0,0,0,0,0,0,0,0,0,0,0,0,0,0,0,0,0,0,0,0,0,0,0,0,0,0,0,0,0,0,0,0,0,0,0,0,0,0,0,0,0,0,0,0,0,0,0,0,0,0,0,0,0,0,0,0,0,0,0,0,0,0,0,0,0,0,0,0,0,0,0,0,0,0,0,0,0,0,0,0,0,0,0,0,0,0,0,0,0,0,0,0,0,0,0,0,0,0,0,0,0,0,0,0,0,0,0,0,0,0,0,0,0,0,0,0,0,0,0,0,0,0,0,0,0,0,0
"manyara/mbulu/ayamohe",0,0,0,0,0,0,0,0,0,0,0,0,0,0,0,0,0,0,0,0,0,0,0,0,0,0,0,0,0,0,0,0,0,0,0,0,0,0,0,0,0,0,0,0,0,0,0,0,0,0,0,0,0,0,0,0,0,0,0,0,0,0,0,0,0,0,0,0,0,0,0,0,0,0,0,0,0,0,0,0,0,0,0,0,0,0,0,0,0,0,0,0,0,0,0,0,0,0,0,0,0,0,0,0,0,0,0,0,0,0,0,0,0,0,0,0,0,0,0,0,0,0,0,0,0,0,0,0,0,0,0,0,0,0,0,0,0,0,0,0,0,0,0,0,0,0,0,0,0,0,0,0,0,0,0,0,0,0,0,0,0,0,0,0,0,0,0,0,0,0,0,0,0,0,0,0,0,0,0,0,0,0,0,0,0,0,0,0,0,0,0,0,0,0,0,0,0,0,0,0,0,0,0,0,0,0,0,0,0,0,0,0,0,0,0,0,0,0,0,0,0,0,0,0,0,0,0,0,0,0,0,0,0,0,0,0,0,0,0,0,0,0,0,0,0,0,0,0,0,0,0,0,0,0,0,0,0,0,0,0,0,0,0,0,0,0,0,0,0,0,0,0,0,0,0,0,0,0,0,0,0,0,0,0,0,0,0,0,0,0,0,0,0,0,0,0,0,0,0,0,0,0,0,0,0,0,0,0,0,0,0,0,0,0,0,0,0,0,0,0,0,0,0,0,0,0,0,0,0,0,0,0,0,0,0,0,0,0,0,0,0,0,0,0,0,0,0,0,0,0,0,0,0,0,0,0,0,0,0,0,0,0,0,0,0,0,0,0,0,0,0,0,0,0,0,0,0,0,0,0,0,0,0,0,0,0,0,0,0,0,0,0,0,0,0,0,0,0
"manyara/babati/ayasanda",0,0,0,0,0,0,0,0,0,0,0,0,0,0,0,0,0,0,0,0,0,0,0,0,0,0,0,0,0,0,0,0,0,0,0,0,0,0,0,0,0,0,0,0,0,0,0,0,0,0,0,0,0,0,0,0,0,0,0,0,0,0,0,0,0,0,0,0,0,0,0,0,0,0,0,0,0,0,0,0,0,0,0,0,0,0,0,0,0,0,0,0,0,0,0,0,0,0,0,0,0,0,0,0,0,0,0,0,0,0,0,0,0,0,0,0,0,0,0,0,0,0,0,0,0,0,0,0,0,0,0,0,0,0,0,0,0,0,0,0,0,0,0,0,0,0,0,0,0,0,0,0,0,0,0,0,0,0,0,0,0,0,0,0,0,0,0,0,0,0,0,0,0,0,0,0,0,0,0,0,0,0,0,0,0,0,0,0,0,0,0,0,0,0,0,0,0,0,0,0,0,0,0,0,0,0,0,0,0,0,0,0,0,0,0,0,0,0,0,0,0,0,0,0,0,0,0,0,0,0,0,0,0,0,0,0,0,0,0,0,0,0,0,0,0,0,0,0,0,0,0,0,0,0,0,0,0,0,0,0,0,0,0,0,0,0,0,0,0,0,0,0,0,0,0,0,0,0,0,0,0,0,0,0,0,0,0,0,0,0,0,0,0,0,0,0,0,0,0,0,0,0,0,0,0,0,0,0,0,0,0,0,0,0,0,0,0,0,0,0,0,0,0,0,0,0,0,0,0,0,0,0,0,0,0,0,0,0,0,0,0,0,0,0,0,0,0,0,0,0,0,0,0,0,0,0,0,0,0,0,0,0,0,0,0,0,0,0,0,0,0,0,0,0,0,0,0,0,0,0,0,0,0,0,0,0,0,0,0,0,0,0,0,0,0,0,0,0
"manyara/babatiurban/babati",0.000124,4.1e-05,1.1e-05,0.000167,0.000457,0.000502,4.3e-05,5e-05,0.000473,0,0.008044,3.7e-05,9.2e-05,0.00145,0.00099,0.000114,6.7e-05,0.000622,3.9e-05,0.000127,1e-05,5.9e-05,0.000318,1e-05,9e-06,3e-06,0.001526,5.6e-05,4e-06,1.3e-05,0.000835,2.9e-05,5e-06,7e-06,0.000113,0.000237,0.000144,0.010153,0.000167,0.000215,7.3e-05,3.5e-05,0.000583,0.002712,0.000125,0.00046,5.4e-05,0.034314,0.012546,5.2e-05,7.4e-05,3.4e-05,4.7e-05,5.8e-05,0.005295,8.3e-05,1.9e-05,0.000341,0.000501,0.006403,2e-04,0.000688,0.000493,7.5e-05,0,0.001011,0.000513,2.6e-05,0.000463,0.019438,2.3e-05,1.2e-05,1.9e-05,0.001264,0.000116,0.000352,6.1e-05,3.8e-05,2e-05,3.1e-05,6.3e-05,0.000845,7.5e-05,5.2e-05,0.000237,3.7e-05,0.003724,4.6e-05,0.000814,0.001238,5.4e-05,2.2e-05,0.003122,0.000674,2.8e-05,0.005001,0.000214,4e-06,0.00157,0.000378,0.000109,2e-05,0.000312,0.00022,4.9e-05,0.001813,5.1e-05,0.000319,0.000134,0.002916,0.00015,0.000908,0.001269,5e-06,1.4e-05,1e-05,0.001384,1.9e-05,0.001742,0.000157,6e-05,0.002994,1e-05,3.9e-05,4e-06,0.000129,0.000477,0.004846,0.000511,1.1e-05,9e-06,0.000245,0.000714,7.2e-05,3e-06,0.000795,4.3e-05,0.000205,0.003476,0.000513,0.000264,7e-06,0.000282,4.7e-05,1.9e-05,0.000563,0.000691,0.000755,0.000615,0.000205,9e-06,9e-06,1.5e-05,1.3e-05,0.000499,0.009646,2.8e-05,4.7e-05,8.5e-05,0.025375,0.000105,0.003283,4e-06,2.8e-05,2.2e-05,3.1e-05,0.00015,0.000133,0.001647,6.3e-05,0.00016,0.00285,0.023778,0.000314,5.2e-05,0.001484,0.010584,1e-05,0.000512,0.000362,4e-06,4.2e-05,0.001015,8.8e-05,0.003222,0.093806,6e-06,1.2e-05,0.001661,0.000501,0.000141,0.002143,0.000902,5.4e-05,0.025021,3.7e-05,1e-05,0.002058,0.000597,1.6e-05,0.002308,0.000521,0.000395,1e-05,0.000805,7.3e-05,0.005294,0.003309,0.000561,1.3e-05,1.1e-05,0.000431,0.001668,5e-06,1.7e-05,0.000128,3.6e-05,0.007175,6.8e-05,0.000426,6.4e-05,1.1e-05,0.000199,1.3e-05,0.002057,4.5e-05,0.002775,2.5e-05,0.000207,7.3e-05,0.00011,6e-05,0.002127,0.003621,0.000144,1e-06,1.3e-05,0.000335,0.000583,9e-06,0.000263,0.073118,5e-06,0.009388,6e-06,9e-06,3.3e-05,0.001166,7.8e-05,0.000184,0.007703,0.005824,2.4e-05,0.002129,0.000402,0.000263,1.2e-05,5.4e-05,8e-06,8e-06,6e-06,0.000169,3.5e-05,8e-06,0.002585,4.1e-05,0.000243,0.002906,0.001999,0.003389,0.002253,0.001455,9e-06,8e-06,0.004556,2.3e-05,0.000301,0.00094,0.000164,0.000153,0.000102,1.2e-05,0.013366,0.000431,1.6e-05,0.004854,4.2e-05,2.6e-05,0.000222,1e-05,0.000137,0.000116,2.3e-05,0.006118,0.000131,0.00023,0.001577,4.2e-05,0.000341,0.000667,4e-06,3e-06,9e-06,0.000127,3.3e-05,0.01901,0.00017,2.1e-05,1.3e-05,1.1e-05,0.001765,0.00023,0.000109,7e-06,8.4e-05,2e-05,1.4e-05,0.003233,0.002545,0.002702,0.000488,0.002625,0.000288,0.001095,0.013319,0.000359,0.000448,6.4e-05,5.4e-05,0.000541,0.000787,0.000338,0.011141,0.001394,0.000837,2.3e-05,4.5e-05,7.1e-05,0.005105,0.000658,2.5e-05,8e-06,2.4e-05,0.00082,0.00134,0.000231,0.000141,0.00083,0.000939,0.000187,5e-05,0.000675,6.6e-05,0.009641,0.001155,0.00128,0.000835,4.8e-05,1.8e-05,0.000132,0.001381,6.5e-05,0.002829,4.9e-05,3.6e-05,0.006093,0.001333,0.004157,3.5e-05,0.000562,5e-05,3e-06,1e-05,4.2e-05,2.1e-05,0.000468,0.000481,1.5e-05,0.001635,6.7e-05,4e-06,0.000139,0.005086,0.000874,3.9e-05,0.000175,1.1e-05,0.001237,0.000222,7e-06,0.002278,8e-06,9e-06,1.7e-05,3e-06,4e-06,0.000111,3.4e-05
"manyara/babatiurban/bagara",0,0,0,0,0,0,0,0,0,0,0,0,0,0,0,0,0,0,0,0,0,0,0,0,0,0,0,0,0,0,0,0,0,0,0,0,0,0,0,0,0,0,0,0,0,0,0,0,0,0,0,0,0,0,0,0,0,0,0,0,0,0,0,0,0,0,0,0,0,0,0,0,0,0,0,0,0,0,0,0,0,0,0,0,0,0,0,0,0,0,0,0,0,0,0,0,0,0,0,0,0,0,0,0,0,0,0,0,0,0,0,0,0,0,0,0,0,0,0,0,0,0,0,0,0,0,0,0,0,0,0,0,0,0,0,0,0,0,0,0,0,0,0,0,0,0,0,0,0,0,0,0,0,0,0,0,0,0,0,0,0,0,0,0,0,0,0,0,0,0,0,0,0,0,0,0,0,0,0,0,0,0,0,0,0,0,0,0,0,0,0,0,0,0,0,0,0,0,0,0,0,0,0,0,0,0,0,0,0,0,0,0,0,0,0,0,0,0,0,0,0,0,0,0,0,0,0,0,0,0,0,0,0,0,0,0,0,0,0,0,0,0,0,0,0,0,0,0,0,0,0,0,0,0,0,0,0,0,0,0,0,0,0,0,0,0,0,0,0,0,0,0,0,0,0,0,0,0,0,0,0,0,0,0,0,0,0,0,0,0,0,0,0,0,0,0,0,0,0,0,0,0,0,0,0,0,0,0,0,0,0,0,0,0,0,0,0,0,0,0,0,0,0,0,0,0,0,0,0,0,0,0,0,0,0,0,0,0,0,0,0,0,0,0,0,0,0,0,0,0,0,0,0,0,0,0,0,0,0,0,0,0,0,0,0,0,0,0,0,0,0,0,0,0,0,0,0,0,0,0,0,0,0,0,0,0,0,0,0,0,0,0,0,0,0,0,0,0
"manyara/hanang/balagidalalu",0,0,0,0,0,0,0,0,0,0,0,0,0,0,0,0,0,0,0,0,0,0,0,0,0,0,0,0,0,0,0,0,0,0,0,0,0,0,0,0,0,0,0,0,0,0,0,0,0,0,0,0,0,0,0,0,0,0,0,0,0,0,0,0,0,0,0,0,0,0,0,0,0,0,0,0,0,0,0,0,0,0,0,0,0,0,0,0,0,0,0,0,0,0,0,0,0,0,0,0,0,0,0,0,0,0,0,0,0,0,0,0,0,0,0,0,0,0,0,0,0,0,0,0,0,0,0,0,0,0,0,0,0,0,0,0,0,0,0,0,0,0,0,0,0,0,0,0,0,0,0,0,0,0,0,0,0,0,0,0,0,0,0,0,0,0,0,0,0,0,0,0,0,0,0,0,0,0,0,0,0,0,0,0,0,0,0,0,0,0,0,0,0,0,0,0,0,0,0,0,0,0,0,0,0,0,0,0,0,0,0,0,0,0,0,0,0,0,0,0,0,0,0,0,0,0,0,0,0,0,0,0,0,0,0,0,0,0,0,0,0,0,0,0,0,0,0,0,0,0,0,0,0,0,0,0,0,0,0,0,0,0,0,0,0,0,0,0,0,0,0,0,0,0,0,0,0,0,0,0,0,0,0,0,0,0,0,0,0,0,0,0,0,0,0,0,0,0,0,0,0,0,0,0,0,0,0,0,0,0,0,0,0,0,0,0,0,0,0,0,0,0,0,0,0,0,0,0,0,0,0,0,0,0,0,0,0,0,0,0,0,0,0,0,0,0,0,0,0,0,0,0,0,0,0,0,0,0,0,0,0,0,0,0,0,0,0,0,0,0,0,0,0,0,0,0,0,0,0,0,0,0,0,0,0,0,0,0,0,0,0,0,0,0,0,0,0,0
"arusha/arusha/bangata",0,0,0,0,0,0,0,0,0,0,0,0,0,0,0,0,0,0,0,0,0,0,0,0,0,0,0,0,0,0,0,0,0,0,0,0,0,0,0,0,0,0,0,0,0,0,0,0,0,0,0,0,0,0,0,0,0,0,0,0,0,0,0,0,0,0,0,0,0,0,0,0,0,0,0,0,0,0,0,0,0,0,0,0,0,0,0,0,0,0,0,0,0,0,0,0,0,0,0,0,0,0,0,0,0,0,0,0,0,0,0,0,0,0,0,0,0,0,0,0,0,0,0,0,0,0,0,0,0,0,0,0,0,0,0,0,0,0,0,0,0,0,0,0,0,0,0,0,0,0,0,0,0,0,0,0,0,0,0,0,0,0,0,0,0,0,0,0,0,0,0,0,0,0,0,0,0,0,0,0,0,0,0,0,0,0,0,0,0,0,0,0,0,0,0,0,0,0,0,0,0,0,0,0,0,0,0,0,0,0,0,0,0,0,0,0,0,0,0,0,0,0,0,0,0,0,0,0,0,0,0,0,0,0,0,0,0,0,0,0,0,0,0,0,0,0,0,0,0,0,0,0,0,0,0,0,0,0,0,0,0,0,0,0,0,0,0,0,0,0,0,0,0,0,0,0,0,0,0,0,0,0,0,0,0,0,0,0,0,0,0,0,0,0,0,0,0,0,0,0,0,0,0,0,0,0,0,0,0,0,0,0,0,0,0,0,0,0,0,0,0,0,0,0,0,0,0,0,0,0,0,0,0,0,0,0,0,0,0,0,0,0,0,0,0,0,0,0,0,0,0,0,0,0,0,0,0,0,0,0,0,0,0,0,0,0,0,0,0,0,0,0,0,0,0,0,0,0,0,0,0,0,0,0,0,0,0,0,0,0,0,0,0,0,0,0,0,0
"arusha/arushaurban/baraa",0,0,0,0,0,0,0,0,0,0,0,0,0,0,0,0,0,0,0,0,0,0,0,0,0,0,0,0,0,0,0,0,0,0,0,0,0,0,0,0,0,0,0,0,0,0,0,0,0,0,0,0,0,0,0,0,0,0,0,0,0,0,0,0,0,0,0,0,0,0,0,0,0,0,0,0,0,0,0,0,0,0,0,0,0,0,0,0,0,0,0,0,0,0,0,0,0,0,0,0,0,0,0,0,0,0,0,0,0,0,0,0,0,0,0,0,0,0,0,0,0,0,0,0,0,0,0,0,0,0,0,0,0,0,0,0,0,0,0,0,0,0,0,0,0,0,0,0,0,0,0,0,0,0,0,0,0,0,0,0,0,0,0,0,0,0,0,0,0,0,0,0,0,0,0,0,0,0,0,0,0,0,0,0,0,0,0,0,0,0,0,0,0,0,0,0,0,0,0,0,0,0,0,0,0,0,0,0,0,0,0,0,0,0,0,0,0,0,0,0,0,0,0,0,0,0,0,0,0,0,0,0,0,0,0,0,0,0,0,0,0,0,0,0,0,0,0,0,0,0,0,0,0,0,0,0,0,0,0,0,0,0,0,0,0,0,0,0,0,0,0,0,0,0,0,0,0,0,0,0,0,0,0,0,0,0,0,0,0,0,0,0,0,0,0,0,0,0,0,0,0,0,0,0,0,0,0,0,0,0,0,0,0,0,0,0,0,0,0,0,0,0,0,0,0,0,0,0,0,0,0,0,0,0,0,0,0,0,0,0,0,0,0,0,0,0,0,0,0,0,0,0,0,0,0,0,0,0,0,0,0,0,0,0,0,0,0,0,0,0,0,0,0,0,0,0,0,0,0,0,0,0,0,0,0,0,0,0,0,0,0,0,0,0,0,0,0,0
"arusha/karatu/baray",2.2e-05,2.7e-05,2e-06,0.000121,1.2e-05,9.6e-05,1e-05,1.2e-05,5e-06,0.001283,2.4e-05,5e-06,1.7e-05,0.000253,0,4.4e-05,7.9e-05,6.7e-05,1.7e-05,4.8e-05,2e-06,1.2e-05,4e-06,2e-06,2e-06,1e-06,8e-06,1.9e-05,1e-06,3e-06,0.000122,4e-06,1e-06,1e-06,0.000136,2e-05,2.5e-05,0.000434,8.2e-05,0.000108,5.8e-05,3e-06,0.000103,0.000863,1.8e-05,7e-06,1.6e-05,0.00612,0.000775,4.2e-05,2.3e-05,7e-05,2.1e-05,8.8e-05,0.000218,4e-06,3e-06,6e-06,7.1e-05,0.013675,6.7e-05,0.000269,0.000128,1.1e-05,0,0.000165,9.9e-05,0.000105,0.000108,0.000361,1.6e-05,1e-06,4e-06,0.000268,2.5e-05,0.000141,2.7e-05,6e-06,1.1e-05,2.5e-05,2e-06,1.8e-05,2.6e-05,5e-06,2.1e-05,2.5e-05,0.00073,2.2e-05,0.000931,0.000241,3e-06,1.6e-05,0.000693,0.000131,1e-05,0.001913,4.6e-05,1e-06,0.000312,7.8e-05,1.7e-05,0.000105,6.6e-05,3.9e-05,1e-05,0.000465,3.7e-05,6.6e-05,2.9e-05,0.001615,3.3e-05,0.000212,0.000132,1e-06,3e-06,2e-06,0.000257,2e-06,0.000368,3.5e-05,1.3e-05,0.000668,2e-06,8e-06,1e-06,2.7e-05,7.5e-05,0.000897,8.4e-05,2e-06,2e-06,5.3e-05,0.000148,1.5e-05,1e-06,0.000139,8e-06,4.4e-05,0.00105,0.000108,5.1e-05,1e-06,5e-05,1e-05,4e-06,0.000114,1.6e-05,0.000159,0.000134,4.4e-05,2e-06,2e-06,4e-06,2e-06,0.000107,0.00167,7e-06,1.5e-05,1.2e-05,0.005331,2.2e-05,0.000289,1e-06,6e-06,7e-06,4e-06,2.8e-05,2.7e-05,0.000274,1.2e-05,2.7e-05,0.000569,0.004211,4.9e-05,1.2e-05,8.4e-05,0.000834,3e-06,0.000107,5.7e-05,1e-06,2.6e-05,0.000191,1.8e-05,0.000704,0.020077,1e-06,3e-06,0.000351,0.000107,2.8e-05,0.000167,0.00017,5.2e-05,0.000478,6e-06,2e-06,9e-06,0.000125,6e-06,0.000428,3.7e-05,7.4e-05,2e-06,0.000185,1.5e-05,0.001144,0.000543,0.00042,3e-06,3e-06,8e-06,0.000378,1e-06,8.2e-05,2.7e-05,1.8e-05,0.001722,1.5e-05,9.4e-05,3.7e-05,2e-06,7e-06,3e-06,0.000418,1e-05,0.000607,5e-06,0.000382,5e-06,4e-06,6.3e-05,0.000823,0.000573,1.8e-05,0,3e-06,5.2e-05,0.000242,2e-06,4.2e-05,0.009677,1e-06,0.00183,1e-06,2e-06,7e-06,0.000191,1e-05,2.5e-05,0.001378,0.001375,5e-06,0.000358,9.8e-05,5.3e-05,3e-06,1.1e-05,2e-06,2e-06,1e-06,3e-05,4e-06,2e-06,0.000861,1.4e-05,2.4e-05,0.000538,4e-06,0.000141,0.000448,0.000287,2e-06,2e-06,0.001009,5e-06,6.1e-05,0.000105,1.9e-05,8.6e-05,1.7e-05,6e-06,0.004094,6.6e-05,2e-06,7e-06,3e-06,6e-06,3.6e-05,2e-06,1.4e-05,2.8e-05,5e-06,0.000972,2.7e-05,5.3e-05,0.000334,7e-06,5.7e-05,0.000779,1e-06,1e-06,2e-06,2.4e-05,4e-06,0.001744,3.1e-05,4e-06,2e-06,2e-06,0.000296,0.000249,1.1e-05,2e-06,1.8e-05,1.9e-05,7e-06,0.000715,0.000603,0.00037,5.6e-05,0.000534,5.7e-05,0.000283,0.002508,0.000212,0.000252,1.1e-05,3e-05,9.7e-05,0.000143,6.3e-05,0.003168,0.000714,0.000109,3e-06,9e-06,3.5e-05,0.000919,1.3e-05,1.7e-05,2e-06,1.1e-05,9e-06,0.000233,4.2e-05,7.8e-05,0.000165,0.000178,1e-04,1.1e-05,0.000144,1.2e-05,0.001698,0.000326,0.00022,0.000111,1e-05,4e-06,2.7e-05,1e-05,3e-06,7e-06,2e-06,2e-05,0.0011,0.000221,0.00071,5e-06,0.000109,1e-05,1e-06,2e-06,7e-06,5e-06,7.1e-05,4.2e-05,3e-06,0.000428,2.4e-05,1e-06,2.4e-05,0.001225,0.00019,1.2e-05,3e-05,2e-06,0.000264,4.8e-05,2e-06,0.000402,2e-06,2e-06,4e-06,1e-06,1e-06,3.5e-05,0.000196
"manyara/mbulu/bargish",0,0,0,0,0,0,0,0,0,0,0,0,0,0,0,0,0,0,0,0,0,0,0,0,0,0,0,0,0,0,0,0,0,0,0,0,0,0,0,0,0,0,0,0,0,0,0,0,0,0,0,0,0,0,0,0,0,0,0,0,0,0,0,0,0,0,0,0,0,0,0,0,0,0,0,0,0,0,0,0,0,0,0,0,0,0,0,0,0,0,0,0,0,0,0,0,0,0,0,0,0,0,0,0,0,0,0,0,0,0,0,0,0,0,0,0,0,0,0,0,0,0,0,0,0,0,0,0,0,0,0,0,0,0,0,0,0,0,0,0,0,0,0,0,0,0,0,0,0,0,0,0,0,0,0,0,0,0,0,0,0,0,0,0,0,0,0,0,0,0,0,0,0,0,0,0,0,0,0,0,0,0,0,0,0,0,0,0,0,0,0,0,0,0,0,0,0,0,0,0,0,0,0,0,0,0,0,0,0,0,0,0,0,0,0,0,0,0,0,0,0,0,0,0,0,0,0,0,0,0,0,0,0,0,0,0,0,0,0,0,0,0,0,0,0,0,0,0,0,0,0,0,0,0,0,0,0,0,0,0,0,0,0,0,0,0,0,0,0,0,0,0,0,0,0,0,0,0,0,0,0,0,0,0,0,0,0,0,0,0,0,0,0,0,0,0,0,0,0,0,0,0,0,0,0,0,0,0,0,0,0,0,0,0,0,0,0,0,0,0,0,0,0,0,0,0,0,0,0,0,0,0,0,0,0,0,0,0,0,0,0,0,0,0,0,0,0,0,0,0,0,0,0,0,0,0,0,0,0,0,0,0,0,0,0,0,0,0,0,0,0,0,0,0,0,0,0,0,0,0,0,0,0,0,0,0,0,0,0,0,0,0,0,0,0,0,0,0
"manyara/mbulu/bashay",0,0,0,0,0,0,0,0,0,0,0,0,0,0,0,0,0,0,0,0,0,0,0,0,0,0,0,0,0,0,0,0,0,0,0,0,0,0,0,0,0,0,0,0,0,0,0,0,0,0,0,0,0,0,0,0,0,0,0,0,0,0,0,0,0,0,0,0,0,0,0,0,0,0,0,0,0,0,0,0,0,0,0,0,0,0,0,0,0,0,0,0,0,0,0,0,0,0,0,0,0,0,0,0,0,0,0,0,0,0,0,0,0,0,0,0,0,0,0,0,0,0,0,0,0,0,0,0,0,0,0,0,0,0,0,0,0,0,0,0,0,0,0,0,0,0,0,0,0,0,0,0,0,0,0,0,0,0,0,0,0,0,0,0,0,0,0,0,0,0,0,0,0,0,0,0,0,0,0,0,0,0,0,0,0,0,0,0,0,0,0,0,0,0,0,0,0,0,0,0,0,0,0,0,0,0,0,0,0,0,0,0,0,0,0,0,0,0,0,0,0,0,0,0,0,0,0,0,0,0,0,0,0,0,0,0,0,0,0,0,0,0,0,0,0,0,0,0,0,0,0,0,0,0,0,0,0,0,0,0,0,0,0,0,0,0,0,0,0,0,0,0,0,0,0,0,0,0,0,0,0,0,0,0,0,0,0,0,0,0,0,0,0,0,0,0,0,0,0,0,0,0,0,0,0,0,0,0,0,0,0,0,0,0,0,0,0,0,0,0,0,0,0,0,0,0,0,0,0,0,0,0,0,0,0,0,0,0,0,0,0,0,0,0,0,0,0,0,0,0,0,0,0,0,0,0,0,0,0,0,0,0,0,0,0,0,0,0,0,0,0,0,0,0,0,0,0,0,0,0,0,0,0,0,0,0,0,0,0,0,0,0,0,0,0,0,0,0
"manyara/babati/bashneti",0.000826,0.000415,9.1e-05,0.002684,0.006887,0.003789,0.000515,0.000527,0.001676,0.23377,0.007345,0.001057,0.000621,0.009486,0.023133,0.001322,0.003816,0,0.00355,0.009671,9.2e-05,0.000628,0.001212,7.4e-05,7.3e-05,2.3e-05,0.002401,0.00047,3.4e-05,0.000109,0.003295,0.000251,4.2e-05,5.5e-05,0.001852,0.054681,0.000934,0.482373,0.002742,0.002273,0.004155,0.00109,0.007715,0.222303,0.001602,0.003375,0.000429,0.195613,0.04837,0.000793,0.001472,0.000452,4e-04,0.002872,0.162698,0.003489,0.000124,0.000659,0.003516,0.117572,0.002566,0.008231,0.003871,0.000663,2e-06,0.006394,0.003351,0.000909,0.003057,0.058109,0.000226,0.000482,0.000147,0.010687,0.006072,0.004649,0.000564,0.002791,0.000814,0.001594,0.000988,0.009736,0.007354,0.000927,0.016781,0.000824,0.027222,0.00372,0.050384,0.014637,0.001272,0.001201,0.025569,0.004653,0.000237,0.065178,0.001662,3.3e-05,0.012131,0.003013,0.001097,0.000352,0.002732,0.001436,0.000379,0.015448,0.000569,0.002477,0.001006,0.036604,0.001171,0.007601,0.064035,3.5e-05,0.000115,8.5e-05,0.00992,0.000151,0.013693,0.001269,0.000675,0.023858,8.3e-05,0.000316,3.5e-05,0.001119,0.005698,0.046733,0.003353,9.1e-05,7.5e-05,0.002816,0.005722,0.000564,2.4e-05,0.0052,0.000289,0.001642,0.030024,0.004,0.001901,6.2e-05,0.001846,0.000372,0.000161,0.004558,0.005362,0.006017,0.00498,0.001658,7.8e-05,7.1e-05,0.00013,0.000102,0.004321,0.05846,0.000345,0.000557,0.00063,0.176037,0.000856,0.022691,3.5e-05,0.000226,0.00137,0.000742,0.001151,0.000974,0.010452,0.000494,0.001986,0.0252,0.141351,0.002282,0.000413,0.009184,0.061386,8.3e-05,0.004011,0.002992,3.6e-05,0.000471,0.008391,0.00068,0.025099,0.36103,5.1e-05,9.8e-05,0.012859,0.003895,0.00107,0.105835,0.008694,0.004451,0.064452,0.000337,8.7e-05,0.00172,0.004687,0.000127,0.015935,0.002903,0.004565,7.1e-05,0.006712,0.000545,0.042148,0.026546,0.006125,0.000106,9.4e-05,0.001179,0.013903,4e-05,0.000283,0.00112,0.000389,0.059326,0.000561,0.003502,0.007205,7.6e-05,0.007685,9.8e-05,0.015439,0.000351,0.021567,0.000186,0.003445,0.002568,0.002888,0.002123,0.020073,0.021879,0.001252,6e-06,0.000108,0.003049,0.006799,7.3e-05,0.00174,0.220739,3.8e-05,0.099352,5.1e-05,7.4e-05,0.000258,0.007471,0.003448,0.00105,0.049259,0.057066,0.000156,0.013648,0.003393,0.002235,0.000102,0.000438,6e-05,6.8e-05,5.2e-05,0.001745,0.000173,6.6e-05,0.027218,0.000366,0.003408,0.018692,0.000669,0.01009,0.015148,0.011392,7.3e-05,6.8e-05,0.036796,0.000196,0.002583,0.007861,0.001205,0.001417,0.000706,0.00011,0.110647,0.005249,0.000198,0.002279,0.001227,0.000221,0.065407,8.1e-05,0.000946,0.000949,0.000199,0.038145,0.001037,0.001832,0.01625,0.000271,0.002468,0.007619,3.5e-05,2.5e-05,7e-05,0.001008,0.000251,0.111885,0.00114,0.000144,9e-05,9e-05,0.015663,0.003797,0.000849,5.9e-05,0.000678,0.000215,0.000211,0.033124,0.021323,0.021943,0.002628,0.018014,0.002136,0.00921,0.11677,0.005698,0.006939,0.000418,0.000609,0.003548,0.005238,0.00225,0.121497,0.014943,0.007979,0.000262,0.000353,0.00071,0.033842,0.001631,0.00024,6e-05,0.000205,0.005852,0.010299,0.001929,0.0015,0.005756,0.007482,0.002007,0.000536,0.005146,0.000443,0.060788,0.011789,0.007742,0.007207,0.000385,0.00015,0.001022,0.003202,0.0014,0.001726,0.00063,0.00041,0.03964,0.011922,0.026263,0.000317,0.003935,0.000389,2.2e-05,8.5e-05,0.00054,0.000176,0.002856,0.003236,9.7e-05,0.019017,0.001331,3.7e-05,0.006371,0.042292,0.132877,0.000437,0.001132,8.6e-05,0.00975,0.00179,6e-05,0.015234,6.9e-05,7.2e-05,0.000148,2.3e-05,3.3e-05,0.00364,0.001037
"manyara/hanang/bassodesh",0.000232,0.000131,3e-05,0.00098,0.00037,0.001172,7.8e-05,8.6e-05,0.00018,0.029722,0.000684,0.000528,0.000175,0.002641,0.010215,0.000241,0.001032,0.006106,0,0.046639,3.1e-05,0.000191,0.000152,2.3e-05,2.4e-05,7e-06,0.000263,9.6e-05,1.1e-05,3.6e-05,0.000892,8.1e-05,1.4e-05,1.8e-05,0.000519,0.002325,0.000255,0.025434,0.000541,0.000815,0.001228,0.000321,0.002711,0.030009,0.000538,0.000287,0.000125,0.059644,0.01042,0.000195,0.000233,0.000142,9.4e-05,0.002187,0.018959,0.00032,3.5e-05,0.000107,0.00106,0.046886,0.000845,0.002417,0.001169,0.000221,1e-06,0.001741,0.00089,7e-04,0.000692,0.010089,6.1e-05,0.00014,4.5e-05,0.001825,0.005665,0.001526,0.000178,0.001131,0.002045,0.005192,0.000125,0.001131,0.00106,0.000313,0.002181,0.000163,0.008383,0.005942,0.098016,0.004877,0.000204,0.00262,0.00842,0.001325,7.1e-05,0.011686,0.000515,1.1e-05,0.003829,0.00096,0.000155,0.000151,0.000926,0.000395,0.000119,0.005097,0.00013,0.000774,0.000304,0.009519,0.000364,0.002485,0.020827,1e-05,3.7e-05,2.8e-05,0.002979,4.7e-05,0.004351,0.000403,0.000213,0.00768,2.7e-05,0.000102,1.1e-05,0.000377,0.001884,0.013995,0.000944,2.9e-05,2.4e-05,0.000904,0.001833,0.000177,8e-06,0.001439,8e-05,0.000522,0.009918,0.001252,0.000565,2.1e-05,0.000507,0.000117,5.3e-05,0.001472,0.00046,0.001917,0.001597,0.000531,2.5e-05,2.2e-05,4.3e-05,3.3e-05,0.001453,0.015844,0.000114,0.000171,0.000195,0.060559,0.000276,0.005573,1.1e-05,7.3e-05,0.002575,0.000392,0.00036,0.00029,0.002855,0.000157,0.000671,0.006295,0.041873,0.000699,0.000129,0.002083,0.013265,2.6e-05,0.00126,0.000978,1.2e-05,0.000172,0.002768,0.000212,0.007971,0.137934,1.6e-05,3.1e-05,0.004034,0.001214,0.00033,0.005021,0.001605,0.00474,0.009797,0.000116,2.8e-05,0.000177,0.001476,3.2e-05,0.004658,0.000739,0.00149,2.1e-05,0.002191,0.000165,0.013861,0.006109,0.002123,3.4e-05,3e-05,0.000189,0.004574,1.3e-05,9.2e-05,0.000378,7.9e-05,0.020174,0.000181,0.001131,0.004019,2.2e-05,0.000367,3e-05,0.004768,0.000108,0.006811,5.7e-05,0.00087,0.000363,0.000211,0.000457,0.006831,0.005804,0.000406,2e-06,3.4e-05,0.000852,0.001826,2.4e-05,0.000498,0.059115,1.2e-05,0.033481,1.7e-05,2.3e-05,8.1e-05,0.002064,0.001437,0.000264,0.013948,0.016417,4.1e-05,0.003774,0.001106,0.000744,3.4e-05,0.00014,1.9e-05,2.2e-05,1.7e-05,0.00053,3.5e-05,2.2e-05,0.006652,0.000117,0.000347,0.005051,7.8e-05,0.001647,0.004205,0.003629,2.4e-05,2.2e-05,0.012129,6.4e-05,0.000865,0.002155,0.000173,0.000407,0.000207,3.3e-05,0.03848,0.000681,6.5e-05,0.000263,0.000263,7.2e-05,0.00201,2.5e-05,0.000275,0.000301,6.7e-05,0.010723,0.000327,0.000573,0.004852,7.4e-05,0.000751,0.002344,1.2e-05,8e-06,2.2e-05,0.000322,7.6e-05,0.021908,0.00032,4.1e-05,2.5e-05,2.8e-05,0.004225,0.001289,0.000253,1.9e-05,0.000216,6e-05,7.5e-05,0.009929,0.007058,0.005733,0.000657,0.005111,0.000647,0.002985,0.034475,0.002132,0.002549,0.000115,0.000232,0.000973,0.001461,0.000618,0.040761,0.005501,0.00236,8.3e-05,0.00011,0.000241,0.009768,0.000281,6.2e-05,1.9e-05,5.2e-05,0.000454,0.003268,0.000637,0.000531,0.001639,0.00241,0.000723,8.4e-05,0.001579,0.000125,0.017281,0.003084,0.00194,0.001987,0.000123,4.9e-05,0.000319,0.000258,0.000248,0.000182,0.000128,0.000154,0.011279,0.003244,0.007218,0.000108,0.00114,0.000121,7e-06,2.8e-05,0.000185,5.7e-05,0.000758,0.000758,2.6e-05,0.006089,0.000202,1.2e-05,0.000521,0.014188,0.029774,7.5e-05,0.000309,2.7e-05,0.003086,0.00057,1.9e-05,0.004364,2.2e-05,2.4e-05,4.9e-05,7e-06,1.1e-05,0.000465,0.000396
"manyara/hanang/bassotu",0.000324,0.000171,4.3e-05,0.001337,0.000441,0.001683,8.8e-05,9.7e-05,0.000245,0.037982,0.000878,0.001105,0.000243,0.003671,0.011246,0.000273,0.00098,0.006537,0.018639,0,4.6e-05,0.000271,0.000214,3.3e-05,3.6e-05,1e-05,0.000352,0.000115,1.6e-05,5.3e-05,0.001246,0.000128,2e-05,2.6e-05,0.000624,0.002825,0.000354,0.029858,0.000616,0.001137,0.001075,0.000572,0.004185,0.028631,0.000846,0.000381,0.000169,0.081109,0.014195,0.000232,0.000257,0.000171,0.000115,0.001826,0.026648,0.000443,5e-05,0.000143,0.001555,0.058499,0.001184,0.003221,0.001621,0.000345,1e-06,0.002415,0.001209,0.00071,0.000875,0.013786,7.5e-05,0.000243,6.4e-05,0.002117,0.015342,0.002107,0.000242,0.001762,0.004938,0.003854,0.000182,0.001596,0.000938,0.00057,0.003055,0.000179,0.011899,0.003159,0.093469,0.007193,0.000313,0.004784,0.012135,0.001843,9.7e-05,0.012964,0.000732,1.6e-05,0.005505,0.001384,0.000175,0.000183,0.001367,0.000547,0.00017,0.007274,0.000152,0.001108,0.000428,0.011737,0.000517,0.003571,0.036771,1.3e-05,5.4e-05,4e-05,0.004229,7.3e-05,0.006234,0.000577,0.000304,0.01097,3.9e-05,0.000148,1.7e-05,0.000557,0.002866,0.01965,0.001324,4.2e-05,3.5e-05,0.001303,0.002647,0.000253,1.1e-05,0.001998,0.000111,0.000749,0.013919,0.00179,0.000799,3.1e-05,0.000702,0.000167,7.6e-05,0.002137,0.000542,0.002757,0.002294,0.000765,3.7e-05,3.2e-05,6.2e-05,4.8e-05,0.002134,0.021551,0.000164,0.000235,0.00029,0.085128,0.000399,0.007813,1.5e-05,0.000106,0.010929,0.00082,0.00052,0.000409,0.003955,0.000227,0.001024,0.008303,0.057313,0.001021,0.000183,0.002982,0.017648,3.7e-05,0.001804,0.001478,1.8e-05,0.000238,0.004088,0.000305,0.011346,0.188729,2.3e-05,4.5e-05,0.005752,0.00173,0.000472,0.005469,0.00192,0.003426,0.012461,0.00018,4.1e-05,0.00022,0.002116,4e-05,0.006539,0.001098,0.002192,2.9e-05,0.003154,0.000233,0.01992,0.007938,0.002842,5e-05,4.4e-05,0.00025,0.0066,1.9e-05,0.000106,0.000558,9.2e-05,0.028927,0.00026,0.001629,0.002899,3.1e-05,0.00046,4.3e-05,0.006776,0.000154,0.009683,8.1e-05,0.000965,0.000541,0.000282,0.000474,0.00952,0.007963,0.00064,3e-06,4.9e-05,0.001199,0.002348,3.4e-05,0.000704,0.078203,1.7e-05,0.048204,2.5e-05,3.3e-05,0.000117,0.002876,0.002718,0.000362,0.019257,0.022276,5.6e-05,0.005241,0.001583,0.001097,4.8e-05,0.000203,2.7e-05,3.3e-05,2.5e-05,0.000762,4.5e-05,3.2e-05,0.008366,0.000163,0.000386,0.006899,1e-04,0.002083,0.005771,0.005244,3.4e-05,3.2e-05,0.017433,9.2e-05,0.001276,0.003104,0.000201,0.000525,0.000296,4.4e-05,0.053682,0.00076,1e-04,0.000345,0.00043,0.000104,0.001969,3.5e-05,0.000415,0.000428,9.9e-05,0.014948,0.00047,0.000813,0.006788,0.000103,0.001086,0.00291,1.7e-05,1.1e-05,3.1e-05,0.00047,0.000117,0.027332,0.000445,5.8e-05,3.5e-05,4.1e-05,0.005815,0.001664,0.000396,2.7e-05,0.00031,7.3e-05,0.000104,0.013803,0.010141,0.007913,0.00091,0.007049,0.000918,0.004238,0.047218,0.002971,0.003546,0.000159,0.000327,0.001343,0.002028,0.000852,0.056351,0.007696,0.003459,0.000127,0.000158,0.000332,0.013621,0.000393,7.6e-05,2.7e-05,6.4e-05,0.000584,0.004779,0.000946,0.000734,0.002274,0.00352,0.001005,9.5e-05,0.002236,0.000175,0.023848,0.004041,0.002602,0.002816,0.000179,7.1e-05,0.000456,0.000319,0.000388,0.000239,0.000204,0.000217,0.015626,0.004487,0.009959,0.000169,0.001595,0.000174,1e-05,4.1e-05,0.000285,8.3e-05,0.00105,0.001049,3.7e-05,0.008576,0.000216,1.8e-05,0.000537,0.020335,0.02659,8.4e-05,0.000428,3.9e-05,0.004416,0.000817,2.7e-05,0.006108,3.2e-05,3.5e-05,7.3e-05,1.1e-05,1.6e-05,0.000477,4e-04
"kilimanjaro/same/bendera",0,0,0,0,0,0,0,0,0,0,0,0,0,0,0,0,0,0,0,0,0,0,0,0,0,0,0,0,0,0,0,0,0,0,0,0,0,0,0,0,0,0,0,0,0,0,0,0,0,0,0,0,0,0,0,0,0,0,0,0,0,0,0,0,0,0,0,0,0,0,0,0,0,0,0,0,0,0,0,0,0,0,0,0,0,0,0,0,0,0,0,0,0,0,0,0,0,0,0,0,0,0,0,0,0,0,0,0,0,0,0,0,0,0,0,0,0,0,0,0,0,0,0,0,0,0,0,0,0,0,0,0,0,0,0,0,0,0,0,0,0,0,0,0,0,0,0,0,0,0,0,0,0,0,0,0,0,0,0,0,0,0,0,0,0,0,0,0,0,0,0,0,0,0,0,0,0,0,0,0,0,0,0,0,0,0,0,0,0,0,0,0,0,0,0,0,0,0,0,0,0,0,0,0,0,0,0,0,0,0,0,0,0,0,0,0,0,0,0,0,0,0,0,0,0,0,0,0,0,0,0,0,0,0,0,0,0,0,0,0,0,0,0,0,0,0,0,0,0,0,0,0,0,0,0,0,0,0,0,0,0,0,0,0,0,0,0,0,0,0,0,0,0,0,0,0,0,0,0,0,0,0,0,0,0,0,0,0,0,0,0,0,0,0,0,0,0,0,0,0,0,0,0,0,0,0,0,0,0,0,0,0,0,0,0,0,0,0,0,0,0,0,0,0,0,0,0,0,0,0,0,0,0,0,0,0,0,0,0,0,0,0,0,0,0,0,0,0,0,0,0,0,0,0,0,0,0,0,0,0,0,0,0,0,0,0,0,0,0,0,0,0,0,0,0,0,0,0,0,0,0,0,0,0,0,0,0,0,0,0,0,0,0,0,0,0,0,0
"kilimanjaro/siha/biriri",0.001983,1.9e-05,0.000142,0.000123,2e-06,0.007184,1e-06,1e-06,1e-06,0.000359,6e-06,1e-06,0.001376,0.016304,5.8e-05,3e-06,2e-06,8e-06,1e-06,5e-06,1.1e-05,0,1e-06,0.00026,1.2e-05,8.6e-05,2e-06,3e-06,1e-06,1.6e-05,0.003398,5e-06,7e-06,3.2e-05,1.8e-05,3e-06,0.001167,7.6e-05,7e-06,0.000187,2e-06,1e-06,0.000238,5.6e-05,3.4e-05,1e-06,0.000103,0.213606,0.002419,6e-06,2e-06,4e-06,5e-06,2e-06,5.7e-05,1e-06,0.000214,5e-06,0.000435,0.001745,0.001014,0.000881,0.003625,1.6e-05,0,0.007586,0.001311,1e-06,8.2e-05,0.000427,4e-06,0,0.005134,2.9e-05,5e-06,0.000824,7e-05,1e-06,1e-06,1e-06,0,6e-06,1e-06,1e-06,3e-06,1e-06,0.222688,1e-06,4.6e-05,0.001952,1e-06,1e-06,0.031275,0.010406,4.4e-05,0.000108,0.059332,2.2e-05,0.019513,0.00436,2e-06,3e-06,0.000381,0.001888,0.001268,0.03678,3e-06,0.011499,0.021476,0.000625,0.033755,0.016308,3.1e-05,4.4e-05,0.000226,0.000131,0.061297,3e-06,0.04425,0.007071,0.005021,0.109384,5.8e-05,0.000205,2e-05,0.000146,0.000221,0.310871,0.0081,0.000223,0.000163,0.00486,0.006573,0.002371,1.3e-05,0.008024,0.000402,0.004612,0.022208,0.024122,0.03236,9e-06,0.002259,0.002102,0.000243,0.002727,3e-06,0.012675,0.012567,0.003331,0.000151,3.8e-05,0.00017,2.6e-05,0.000907,0.028951,0.000504,0.000175,4.1e-05,0.491826,0.000783,0.003152,0.000133,0.000109,1e-06,1e-06,0.001046,0.020879,0.012284,0.000305,7.4e-05,0.002773,0.170998,0.00047,0.009869,0.000305,0.003266,7.5e-05,0.018161,0.000138,5e-06,2.6e-05,0.00105,0.001654,0.220419,0.842337,0.000422,0.000728,0.105827,0.049487,0.004267,1.5e-05,4.5e-05,2e-06,0.000302,9e-06,0.000119,2e-06,0.016986,4e-06,0.101371,7.5e-05,0.000728,0.00024,0.012355,0.07952,0.058123,0.001503,0.000276,0.000196,0.000165,8e-06,0.017263,5.9e-05,1e-06,0.000179,1e-06,0.07818,0.001247,0.006673,2e-06,0.000312,1e-06,0.002149,0.201222,0.011125,0.267363,0.000806,8e-06,1e-06,1e-06,2e-06,0.004034,0.013291,2.3e-05,2.3e-05,0.000357,0.004976,0.000302,0.000103,0.003207,0.035177,0.000147,0.044745,1.1e-05,0.000259,0.00089,0.012066,1e-06,0.000387,0.067908,0.024983,5.9e-05,0.020206,0.010296,0.000342,0.000166,0.000349,0.000195,1.4e-05,1e-05,0.002176,5e-06,1.1e-05,0.000722,0.000129,2e-06,0.010497,1e-06,7.2e-05,0.01182,0.00987,5.6e-05,1.4e-05,0.055114,0.000322,0.000369,0.001275,2e-06,5.7e-05,0.001003,8e-06,0.080175,5e-06,5e-06,3e-06,1e-06,0.000487,3e-06,0.007171,3e-05,0.00624,2.9e-05,0.060061,0.003243,0.026373,0.092856,0.000325,0.001209,0.000123,4.2e-05,1.5e-05,0.000252,0.000346,6e-06,0.00133,0.002517,0.000662,0.00024,0.000559,0.012514,9.8e-05,1.4e-05,0.00016,0.002074,3e-06,2e-05,0.08345,0.03812,0.011848,0.000821,0.020912,0.055747,0.02678,0.142611,0.000318,0.00044,0.000602,3.4e-05,0.003814,0.008679,0.002162,0.115551,0.001095,0.000873,7e-06,0.00126,7e-05,0.103326,1e-05,3e-06,0.00024,4e-06,3e-06,0.002202,0.000181,0.000109,0.0105,0.002189,0.000145,1e-06,0.528408,0.001285,0.083542,0.001007,0.001513,0.004303,0.000275,0.00023,0.004243,2e-06,1e-06,2e-06,1e-06,2.3e-05,0.070242,0.012618,0.02724,8e-06,0.018814,0.001595,6e-06,1.3e-05,1.8e-05,0.000398,0.002309,0.000422,0.000129,0.043639,1e-06,1.5e-05,1e-06,0.073213,1.4e-05,1e-06,0.001344,0.000352,0.044313,0.006422,0.000219,0.052151,0.000146,1.4e-05,2.6e-05,7e-06,4e-06,2e-06,1e-06
"manyara/babati/boay",0,0,0,0,0,0,0,0,0,0,0,0,0,0,0,0,0,0,0,0,0,0,0,0,0,0,0,0,0,0,0,0,0,0,0,0,0,0,0,0,0,0,0,0,0,0,0,0,0,0,0,0,0,0,0,0,0,0,0,0,0,0,0,0,0,0,0,0,0,0,0,0,0,0,0,0,0,0,0,0,0,0,0,0,0,0,0,0,0,0,0,0,0,0,0,0,0,0,0,0,0,0,0,0,0,0,0,0,0,0,0,0,0,0,0,0,0,0,0,0,0,0,0,0,0,0,0,0,0,0,0,0,0,0,0,0,0,0,0,0,0,0,0,0,0,0,0,0,0,0,0,0,0,0,0,0,0,0,0,0,0,0,0,0,0,0,0,0,0,0,0,0,0,0,0,0,0,0,0,0,0,0,0,0,0,0,0,0,0,0,0,0,0,0,0,0,0,0,0,0,0,0,0,0,0,0,0,0,0,0,0,0,0,0,0,0,0,0,0,0,0,0,0,0,0,0,0,0,0,0,0,0,0,0,0,0,0,0,0,0,0,0,0,0,0,0,0,0,0,0,0,0,0,0,0,0,0,0,0,0,0,0,0,0,0,0,0,0,0,0,0,0,0,0,0,0,0,0,0,0,0,0,0,0,0,0,0,0,0,0,0,0,0,0,0,0,0,0,0,0,0,0,0,0,0,0,0,0,0,0,0,0,0,0,0,0,0,0,0,0,0,0,0,0,0,0,0,0,0,0,0,0,0,0,0,0,0,0,0,0,0,0,0,0,0,0,0,0,0,0,0,0,0,0,0,0,0,0,0,0,0,0,0,0,0,0,0,0,0,0,0,0,0,0,0,0,0,0,0,0,0,0,0,0,0,0,0,0,0,0,0,0,0,0,0,0,0,0
"kilimanjaro/moshimunicipal/bomambuzi",0,0,0,0,0,0,0,0,0,0,0,0,0,0,0,0,0,0,0,0,0,0,0,0,0,0,0,0,0,0,0,0,0,0,0,0,0,0,0,0,0,0,0,0,0,0,0,0,0,0,0,0,0,0,0,0,0,0,0,0,0,0,0,0,0,0,0,0,0,0,0,0,0,0,0,0,0,0,0,0,0,0,0,0,0,0,0,0,0,0,0,0,0,0,0,0,0,0,0,0,0,0,0,0,0,0,0,0,0,0,0,0,0,0,0,0,0,0,0,0,0,0,0,0,0,0,0,0,0,0,0,0,0,0,0,0,0,0,0,0,0,0,0,0,0,0,0,0,0,0,0,0,0,0,0,0,0,0,0,0,0,0,0,0,0,0,0,0,0,0,0,0,0,0,0,0,0,0,0,0,0,0,0,0,0,0,0,0,0,0,0,0,0,0,0,0,0,0,0,0,0,0,0,0,0,0,0,0,0,0,0,0,0,0,0,0,0,0,0,0,0,0,0,0,0,0,0,0,0,0,0,0,0,0,0,0,0,0,0,0,0,0,0,0,0,0,0,0,0,0,0,0,0,0,0,0,0,0,0,0,0,0,0,0,0,0,0,0,0,0,0,0,0,0,0,0,0,0,0,0,0,0,0,0,0,0,0,0,0,0,0,0,0,0,0,0,0,0,0,0,0,0,0,0,0,0,0,0,0,0,0,0,0,0,0,0,0,0,0,0,0,0,0,0,0,0,0,0,0,0,0,0,0,0,0,0,0,0,0,0,0,0,0,0,0,0,0,0,0,0,0,0,0,0,0,0,0,0,0,0,0,0,0,0,0,0,0,0,0,0,0,0,0,0,0,0,0,0,0,0,0,0,0,0,0,0,0,0,0,0,0,0,0,0,0,0,0,0
"kilimanjaro/same/bombo",0,0,0,0,0,0,0,0,0,0,0,0,0,0,0,0,0,0,0,0,0,0,0,0,0,0,0,0,0,0,0,0,0,0,0,0,0,0,0,0,0,0,0,0,0,0,0,0,0,0,0,0,0,0,0,0,0,0,0,0,0,0,0,0,0,0,0,0,0,0,0,0,0,0,0,0,0,0,0,0,0,0,0,0,0,0,0,0,0,0,0,0,0,0,0,0,0,0,0,0,0,0,0,0,0,0,0,0,0,0,0,0,0,0,0,0,0,0,0,0,0,0,0,0,0,0,0,0,0,0,0,0,0,0,0,0,0,0,0,0,0,0,0,0,0,0,0,0,0,0,0,0,0,0,0,0,0,0,0,0,0,0,0,0,0,0,0,0,0,0,0,0,0,0,0,0,0,0,0,0,0,0,0,0,0,0,0,0,0,0,0,0,0,0,0,0,0,0,0,0,0,0,0,0,0,0,0,0,0,0,0,0,0,0,0,0,0,0,0,0,0,0,0,0,0,0,0,0,0,0,0,0,0,0,0,0,0,0,0,0,0,0,0,0,0,0,0,0,0,0,0,0,0,0,0,0,0,0,0,0,0,0,0,0,0,0,0,0,0,0,0,0,0,0,0,0,0,0,0,0,0,0,0,0,0,0,0,0,0,0,0,0,0,0,0,0,0,0,0,0,0,0,0,0,0,0,0,0,0,0,0,0,0,0,0,0,0,0,0,0,0,0,0,0,0,0,0,0,0,0,0,0,0,0,0,0,0,0,0,0,0,0,0,0,0,0,0,0,0,0,0,0,0,0,0,0,0,0,0,0,0,0,0,0,0,0,0,0,0,0,0,0,0,0,0,0,0,0,0,0,0,0,0,0,0,0,0,0,0,0,0,0,0,0,0,0,0,0
"kilimanjaro/moshimunicipal/bondeni",0,0,0,0,0,0,0,0,0,0,0,0,0,0,0,0,0,0,0,0,0,0,0,0,0,0,0,0,0,0,0,0,0,0,0,0,0,0,0,0,0,0,0,0,0,0,0,0,0,0,0,0,0,0,0,0,0,0,0,0,0,0,0,0,0,0,0,0,0,0,0,0,0,0,0,0,0,0,0,0,0,0,0,0,0,0,0,0,0,0,0,0,0,0,0,0,0,0,0,0,0,0,0,0,0,0,0,0,0,0,0,0,0,0,0,0,0,0,0,0,0,0,0,0,0,0,0,0,0,0,0,0,0,0,0,0,0,0,0,0,0,0,0,0,0,0,0,0,0,0,0,0,0,0,0,0,0,0,0,0,0,0,0,0,0,0,0,0,0,0,0,0,0,0,0,0,0,0,0,0,0,0,0,0,0,0,0,0,0,0,0,0,0,0,0,0,0,0,0,0,0,0,0,0,0,0,0,0,0,0,0,0,0,0,0,0,0,0,0,0,0,0,0,0,0,0,0,0,0,0,0,0,0,0,0,0,0,0,0,0,0,0,0,0,0,0,0,0,0,0,0,0,0,0,0,0,0,0,0,0,0,0,0,0,0,0,0,0,0,0,0,0,0,0,0,0,0,0,0,0,0,0,0,0,0,0,0,0,0,0,0,0,0,0,0,0,0,0,0,0,0,0,0,0,0,0,0,0,0,0,0,0,0,0,0,0,0,0,0,0,0,0,0,0,0,0,0,0,0,0,0,0,0,0,0,0,0,0,0,0,0,0,0,0,0,0,0,0,0,0,0,0,0,0,0,0,0,0,0,0,0,0,0,0,0,0,0,0,0,0,0,0,0,0,0,0,0,0,0,0,0,0,0,0,0,0,0,0,0,0,0,0,0,0,0,0,0,0
"manyara/babatiurban/bonga",0,0,0,0,0,0,0,0,0,0,0,0,0,0,0,0,0,0,0,0,0,0,0,0,0,0,0,0,0,0,0,0,0,0,0,0,0,0,0,0,0,0,0,0,0,0,0,0,0,0,0,0,0,0,0,0,0,0,0,0,0,0,0,0,0,0,0,0,0,0,0,0,0,0,0,0,0,0,0,0,0,0,0,0,0,0,0,0,0,0,0,0,0,0,0,0,0,0,0,0,0,0,0,0,0,0,0,0,0,0,0,0,0,0,0,0,0,0,0,0,0,0,0,0,0,0,0,0,0,0,0,0,0,0,0,0,0,0,0,0,0,0,0,0,0,0,0,0,0,0,0,0,0,0,0,0,0,0,0,0,0,0,0,0,0,0,0,0,0,0,0,0,0,0,0,0,0,0,0,0,0,0,0,0,0,0,0,0,0,0,0,0,0,0,0,0,0,0,0,0,0,0,0,0,0,0,0,0,0,0,0,0,0,0,0,0,0,0,0,0,0,0,0,0,0,0,0,0,0,0,0,0,0,0,0,0,0,0,0,0,0,0,0,0,0,0,0,0,0,0,0,0,0,0,0,0,0,0,0,0,0,0,0,0,0,0,0,0,0,0,0,0,0,0,0,0,0,0,0,0,0,0,0,0,0,0,0,0,0,0,0,0,0,0,0,0,0,0,0,0,0,0,0,0,0,0,0,0,0,0,0,0,0,0,0,0,0,0,0,0,0,0,0,0,0,0,0,0,0,0,0,0,0,0,0,0,0,0,0,0,0,0,0,0,0,0,0,0,0,0,0,0,0,0,0,0,0,0,0,0,0,0,0,0,0,0,0,0,0,0,0,0,0,0,0,0,0,0,0,0,0,0,0,0,0,0,0,0,0,0,0,0,0,0,0,0,0,0
"arusha/karatu/buger",0,0,0,0,0,0,0,0,0,0,0,0,0,0,0,0,0,0,0,0,0,0,0,0,0,0,0,0,0,0,0,0,0,0,0,0,0,0,0,0,0,0,0,0,0,0,0,0,0,0,0,0,0,0,0,0,0,0,0,0,0,0,0,0,0,0,0,0,0,0,0,0,0,0,0,0,0,0,0,0,0,0,0,0,0,0,0,0,0,0,0,0,0,0,0,0,0,0,0,0,0,0,0,0,0,0,0,0,0,0,0,0,0,0,0,0,0,0,0,0,0,0,0,0,0,0,0,0,0,0,0,0,0,0,0,0,0,0,0,0,0,0,0,0,0,0,0,0,0,0,0,0,0,0,0,0,0,0,0,0,0,0,0,0,0,0,0,0,0,0,0,0,0,0,0,0,0,0,0,0,0,0,0,0,0,0,0,0,0,0,0,0,0,0,0,0,0,0,0,0,0,0,0,0,0,0,0,0,0,0,0,0,0,0,0,0,0,0,0,0,0,0,0,0,0,0,0,0,0,0,0,0,0,0,0,0,0,0,0,0,0,0,0,0,0,0,0,0,0,0,0,0,0,0,0,0,0,0,0,0,0,0,0,0,0,0,0,0,0,0,0,0,0,0,0,0,0,0,0,0,0,0,0,0,0,0,0,0,0,0,0,0,0,0,0,0,0,0,0,0,0,0,0,0,0,0,0,0,0,0,0,0,0,0,0,0,0,0,0,0,0,0,0,0,0,0,0,0,0,0,0,0,0,0,0,0,0,0,0,0,0,0,0,0,0,0,0,0,0,0,0,0,0,0,0,0,0,0,0,0,0,0,0,0,0,0,0,0,0,0,0,0,0,0,0,0,0,0,0,0,0,0,0,0,0,0,0,0,0,0,0,0,0,0,0,0,0,0
"manyara/kiteto/bwagamoyo",0,0,0,0,0,0,0,0,0,0,0,0,0,0,0,0,0,0,0,0,0,0,0,0,0,0,0,0,0,0,0,0,0,0,0,0,0,0,0,0,0,0,0,0,0,0,0,0,0,0,0,0,0,0,0,0,0,0,0,0,0,0,0,0,0,0,0,0,0,0,0,0,0,0,0,0,0,0,0,0,0,0,0,0,0,0,0,0,0,0,0,0,0,0,0,0,0,0,0,0,0,0,0,0,0,0,0,0,0,0,0,0,0,0,0,0,0,0,0,0,0,0,0,0,0,0,0,0,0,0,0,0,0,0,0,0,0,0,0,0,0,0,0,0,0,0,0,0,0,0,0,0,0,0,0,0,0,0,0,0,0,0,0,0,0,0,0,0,0,0,0,0,0,0,0,0,0,0,0,0,0,0,0,0,0,0,0,0,0,0,0,0,0,0,0,0,0,0,0,0,0,0,0,0,0,0,0,0,0,0,0,0,0,0,0,0,0,0,0,0,0,0,0,0,0,0,0,0,0,0,0,0,0,0,0,0,0,0,0,0,0,0,0,0,0,0,0,0,0,0,0,0,0,0,0,0,0,0,0,0,0,0,0,0,0,0,0,0,0,0,0,0,0,0,0,0,0,0,0,0,0,0,0,0,0,0,0,0,0,0,0,0,0,0,0,0,0,0,0,0,0,0,0,0,0,0,0,0,0,0,0,0,0,0,0,0,0,0,0,0,0,0,0,0,0,0,0,0,0,0,0,0,0,0,0,0,0,0,0,0,0,0,0,0,0,0,0,0,0,0,0,0,0,0,0,0,0,0,0,0,0,0,0,0,0,0,0,0,0,0,0,0,0,0,0,0,0,0,0,0,0,0,0,0,0,0,0,0,0,0,0,0,0,0,0,0,0,0
"kilimanjaro/same/bwambo",0,0,0,0,0,0,0,0,0,0,0,0,0,0,0,0,0,0,0,0,0,0,0,0,0,0,0,0,0,0,0,0,0,0,0,0,0,0,0,0,0,0,0,0,0,0,0,0,0,0,0,0,0,0,0,0,0,0,0,0,0,0,0,0,0,0,0,0,0,0,0,0,0,0,0,0,0,0,0,0,0,0,0,0,0,0,0,0,0,0,0,0,0,0,0,0,0,0,0,0,0,0,0,0,0,0,0,0,0,0,0,0,0,0,0,0,0,0,0,0,0,0,0,0,0,0,0,0,0,0,0,0,0,0,0,0,0,0,0,0,0,0,0,0,0,0,0,0,0,0,0,0,0,0,0,0,0,0,0,0,0,0,0,0,0,0,0,0,0,0,0,0,0,0,0,0,0,0,0,0,0,0,0,0,0,0,0,0,0,0,0,0,0,0,0,0,0,0,0,0,0,0,0,0,0,0,0,0,0,0,0,0,0,0,0,0,0,0,0,0,0,0,0,0,0,0,0,0,0,0,0,0,0,0,0,0,0,0,0,0,0,0,0,0,0,0,0,0,0,0,0,0,0,0,0,0,0,0,0,0,0,0,0,0,0,0,0,0,0,0,0,0,0,0,0,0,0,0,0,0,0,0,0,0,0,0,0,0,0,0,0,0,0,0,0,0,0,0,0,0,0,0,0,0,0,0,0,0,0,0,0,0,0,0,0,0,0,0,0,0,0,0,0,0,0,0,0,0,0,0,0,0,0,0,0,0,0,0,0,0,0,0,0,0,0,0,0,0,0,0,0,0,0,0,0,0,0,0,0,0,0,0,0,0,0,0,0,0,0,0,0,0,0,0,0,0,0,0,0,0,0,0,0,0,0,0,0,0,0,0,0,0,0,0,0,0,0,0
"arusha/arusha/bwawani",0.036446,0.000169,0.000359,0.000478,2.2e-05,0.032152,1e-05,1.3e-05,1.9e-05,0.005529,8.4e-05,1.1e-05,0.016786,0.294708,0.000627,3.9e-05,1.4e-05,5.4e-05,8e-06,3e-05,9.1e-05,0.004104,1.8e-05,0.000605,9.8e-05,0.000187,3.6e-05,3.8e-05,9e-06,0.000137,0,5.4e-05,6e-05,0.000192,0.000102,2e-05,0.03001,0.000507,5e-05,0.001223,1.9e-05,6e-06,0.001185,0.000348,0.00018,2e-05,0.000819,0.94064,0.066995,3.6e-05,1.3e-05,4.2e-05,6.7e-05,2e-05,0.000372,9e-06,0.00643,8.6e-05,0.005754,0.008311,0.00213,0.00394,0.016064,0.000168,1e-06,0.286464,0.020019,1.3e-05,0.001248,0.004033,4.5e-05,2e-06,0.001385,0.000415,2.9e-05,0.002459,0.000504,8e-06,9e-06,1.1e-05,6e-06,4.3e-05,1.4e-05,1.6e-05,3.4e-05,9e-06,0.315413,1.2e-05,0.000249,0.008688,7e-06,8e-06,0.095448,0.080039,0.000325,0.001423,0.016084,0.000109,0.07698,0.016118,2.1e-05,2.5e-05,0.002958,0.039364,0.003003,0.055151,3.3e-05,0.021281,0.012523,0.003893,0.01101,0.03171,0.000186,0.001044,0.000496,0.000338,0.177103,4e-05,0.091372,0.008331,0.00261,0.14013,0.000299,0.001146,0.000108,0.001197,0.001177,0.488998,0.279715,0.000478,0.000388,0.007229,0.026971,0.00458,8.1e-05,0.162422,0.00573,0.010333,0.068287,0.034192,0.041434,7.2e-05,0.043003,0.003001,0.000555,0.015352,2.4e-05,0.035336,0.027571,0.008852,0.000322,0.000303,0.00043,0.000212,0.006221,0.437052,0.000581,0.00053,0.000498,0.707871,0.003475,0.054682,0.00029,0.00068,6e-06,1.2e-05,0.00646,0.016487,0.341875,0.001985,0.000382,0.022255,0.912646,0.005567,0.003549,0.003227,0.044324,0.000237,0.031759,0.001471,4.4e-05,0.00019,0.009681,0.005357,0.182052,0.876343,0.000335,0.000669,0.109736,0.036095,0.011099,0.000197,0.000339,1.2e-05,0.002701,9e-05,0.000348,3.1e-05,0.035013,4.7e-05,0.381104,0.001186,0.003339,0.00317,0.02798,0.007989,0.173819,0.013772,0.002236,0.00048,0.000435,8.1e-05,0.050306,0.000156,1.4e-05,0.001335,1.8e-05,0.177248,0.002782,0.016602,1.2e-05,0.004049,1.4e-05,0.000969,0.171629,0.003739,0.16723,0.002361,0.000102,1e-05,8e-06,1.3e-05,0.020776,0.364731,0.00025,4.8e-05,0.00068,0.176754,0.001754,0.00028,0.074845,0.462934,0.000292,0.147184,8.7e-05,0.00057,0.001946,0.444523,1.7e-05,0.020501,0.652213,0.111103,0.000899,0.472867,0.014433,0.002815,0.000388,0.001759,0.000442,0.00011,7.7e-05,0.008171,9e-05,8.5e-05,0.00493,0.000622,2.9e-05,0.158337,1.9e-05,0.001313,0.12951,0.052428,0.00027,0.000121,0.147577,0.000829,0.003018,0.012987,3.3e-05,0.000585,0.011978,6.6e-05,0.220041,7.3e-05,3e-05,2.6e-05,7e-06,0.000892,3.2e-05,0.000882,0.000395,0.005495,0.000231,0.967953,0.007322,0.013743,0.101115,0.007271,0.012545,0.00129,0.000125,9.2e-05,0.000551,0.002737,6.8e-05,0.011803,0.039553,0.004715,0.002833,0.000611,0.160608,0.000452,0.000164,0.000423,0.004206,3.1e-05,6.3e-05,0.14558,0.078228,0.437608,0.063716,0.171814,0.033096,0.037604,0.594908,0.001148,0.001552,0.016216,0.000238,0.065785,0.123806,0.031059,0.184176,0.007284,0.006272,3.9e-05,0.00294,0.000467,0.668594,0.000182,3.8e-05,0.000456,5.7e-05,1.8e-05,0.021647,0.001752,0.000753,0.079366,0.017641,0.000985,1.2e-05,0.057097,0.016738,0.754403,0.006298,0.029464,0.079031,0.001511,0.000576,0.008982,2.7e-05,7e-06,2.7e-05,8e-06,0.000164,0.621885,0.19592,0.480789,7.9e-05,0.085372,0.003282,4.8e-05,0.000113,9.2e-05,0.000696,0.15948,0.008881,0.003661,0.041036,1.5e-05,9e-05,1.9e-05,0.142756,0.000163,1.2e-05,0.032871,0.000531,0.070107,0.011344,0.000366,0.495939,0.000303,0.000114,0.000203,4.9e-05,3.5e-05,2e-05,1.4e-05
"manyara/kiteto/chapakazi",0,0,0,0,0,0,0,0,0,0,0,0,0,0,0,0,0,0,0,0,0,0,0,0,0,0,0,0,0,0,0,0,0,0,0,0,0,0,0,0,0,0,0,0,0,0,0,0,0,0,0,0,0,0,0,0,0,0,0,0,0,0,0,0,0,0,0,0,0,0,0,0,0,0,0,0,0,0,0,0,0,0,0,0,0,0,0,0,0,0,0,0,0,0,0,0,0,0,0,0,0,0,0,0,0,0,0,0,0,0,0,0,0,0,0,0,0,0,0,0,0,0,0,0,0,0,0,0,0,0,0,0,0,0,0,0,0,0,0,0,0,0,0,0,0,0,0,0,0,0,0,0,0,0,0,0,0,0,0,0,0,0,0,0,0,0,0,0,0,0,0,0,0,0,0,0,0,0,0,0,0,0,0,0,0,0,0,0,0,0,0,0,0,0,0,0,0,0,0,0,0,0,0,0,0,0,0,0,0,0,0,0,0,0,0,0,0,0,0,0,0,0,0,0,0,0,0,0,0,0,0,0,0,0,0,0,0,0,0,0,0,0,0,0,0,0,0,0,0,0,0,0,0,0,0,0,0,0,0,0,0,0,0,0,0,0,0,0,0,0,0,0,0,0,0,0,0,0,0,0,0,0,0,0,0,0,0,0,0,0,0,0,0,0,0,0,0,0,0,0,0,0,0,0,0,0,0,0,0,0,0,0,0,0,0,0,0,0,0,0,0,0,0,0,0,0,0,0,0,0,0,0,0,0,0,0,0,0,0,0,0,0,0,0,0,0,0,0,0,0,0,0,0,0,0,0,0,0,0,0,0,0,0,0,0,0,0,0,0,0,0,0,0,0,0,0,0,0,0,0,0,0,0,0,0,0,0,0,0,0,0,0,0,0,0,0,0,0
"kilimanjaro/same/chome",0,0,0,0,0,0,0,0,0,0,0,0,0,0,0,0,0,0,0,0,0,0,0,0,0,0,0,0,0,0,0,0,0,0,0,0,0,0,0,0,0,0,0,0,0,0,0,0,0,0,0,0,0,0,0,0,0,0,0,0,0,0,0,0,0,0,0,0,0,0,0,0,0,0,0,0,0,0,0,0,0,0,0,0,0,0,0,0,0,0,0,0,0,0,0,0,0,0,0,0,0,0,0,0,0,0,0,0,0,0,0,0,0,0,0,0,0,0,0,0,0,0,0,0,0,0,0,0,0,0,0,0,0,0,0,0,0,0,0,0,0,0,0,0,0,0,0,0,0,0,0,0,0,0,0,0,0,0,0,0,0,0,0,0,0,0,0,0,0,0,0,0,0,0,0,0,0,0,0,0,0,0,0,0,0,0,0,0,0,0,0,0,0,0,0,0,0,0,0,0,0,0,0,0,0,0,0,0,0,0,0,0,0,0,0,0,0,0,0,0,0,0,0,0,0,0,0,0,0,0,0,0,0,0,0,0,0,0,0,0,0,0,0,0,0,0,0,0,0,0,0,0,0,0,0,0,0,0,0,0,0,0,0,0,0,0,0,0,0,0,0,0,0,0,0,0,0,0,0,0,0,0,0,0,0,0,0,0,0,0,0,0,0,0,0,0,0,0,0,0,0,0,0,0,0,0,0,0,0,0,0,0,0,0,0,0,0,0,0,0,0,0,0,0,0,0,0,0,0,0,0,0,0,0,0,0,0,0,0,0,0,0,0,0,0,0,0,0,0,0,0,0,0,0,0,0,0,0,0,0,0,0,0,0,0,0,0,0,0,0,0,0,0,0,0,0,0,0,0,0,0,0,0,0,0,0,0,0,0,0,0,0,0,0,0,0,0,0
"kilimanjaro/mwanga/chomvu",0,0,0,0,0,0,0,0,0,0,0,0,0,0,0,0,0,0,0,0,0,0,0,0,0,0,0,0,0,0,0,0,0,0,0,0,0,0,0,0,0,0,0,0,0,0,0,0,0,0,0,0,0,0,0,0,0,0,0,0,0,0,0,0,0,0,0,0,0,0,0,0,0,0,0,0,0,0,0,0,0,0,0,0,0,0,0,0,0,0,0,0,0,0,0,0,0,0,0,0,0,0,0,0,0,0,0,0,0,0,0,0,0,0,0,0,0,0,0,0,0,0,0,0,0,0,0,0,0,0,0,0,0,0,0,0,0,0,0,0,0,0,0,0,0,0,0,0,0,0,0,0,0,0,0,0,0,0,0,0,0,0,0,0,0,0,0,0,0,0,0,0,0,0,0,0,0,0,0,0,0,0,0,0,0,0,0,0,0,0,0,0,0,0,0,0,0,0,0,0,0,0,0,0,0,0,0,0,0,0,0,0,0,0,0,0,0,0,0,0,0,0,0,0,0,0,0,0,0,0,0,0,0,0,0,0,0,0,0,0,0,0,0,0,0,0,0,0,0,0,0,0,0,0,0,0,0,0,0,0,0,0,0,0,0,0,0,0,0,0,0,0,0,0,0,0,0,0,0,0,0,0,0,0,0,0,0,0,0,0,0,0,0,0,0,0,0,0,0,0,0,0,0,0,0,0,0,0,0,0,0,0,0,0,0,0,0,0,0,0,0,0,0,0,0,0,0,0,0,0,0,0,0,0,0,0,0,0,0,0,0,0,0,0,0,0,0,0,0,0,0,0,0,0,0,0,0,0,0,0,0,0,0,0,0,0,0,0,0,0,0,0,0,0,0,0,0,0,0,0,0,0,0,0,0,0,0,0,0,0,0,0,0,0,0,0,0,0
"arusha/karatu/daa",0.00016,0.000445,1.3e-05,0.001374,2.8e-05,0.000522,3.5e-05,5.3e-05,1.4e-05,0.004382,7.3e-05,9e-06,0.000128,0.001907,0.004074,0.00021,9.4e-05,0.000159,2.6e-05,8e-05,9e-06,0.000112,1.2e-05,1.1e-05,8e-06,3e-06,2.5e-05,0.000257,2e-06,1.1e-05,0.000539,1.3e-05,4e-06,7e-06,0,5e-05,0.000193,0.001304,0.000673,0.000778,5.2e-05,8e-06,0.000522,0.001654,8.6e-05,1.8e-05,0.000186,0.047408,0.004837,0.002482,9.9e-05,0.002459,0.000681,5.5e-05,0.000662,9e-06,1.8e-05,2.8e-05,0.000318,0.123083,0.000718,0.005335,0.001093,3.8e-05,1e-06,0.001245,0.000956,4e-05,0.001806,0.00227,0.000968,2e-06,2.7e-05,0.001615,5.4e-05,0.001839,0.000303,9e-06,1.2e-05,2.1e-05,5e-06,6.3e-05,3.2e-05,1e-05,3.7e-05,0.000106,0.004369,2.3e-05,0.000979,0.00148,6e-06,2.2e-05,0.003565,0.001016,0.000115,0.006524,0.000288,4e-06,0.001661,0.00041,6.4e-05,0.000193,0.000287,0.000303,5.5e-05,0.002689,0.000512,0.000373,0.000195,0.098283,0.000201,0.001145,0.000334,7e-06,1.7e-05,1.2e-05,0.00156,8e-06,0.002031,2e-04,0.000107,0.003773,1e-05,3.9e-05,4e-06,0.000115,0.000401,0.008343,0.000573,1.3e-05,1.1e-05,0.000395,0.000762,8.4e-05,3e-06,0.001061,6.4e-05,0.00024,0.00746,0.000617,0.000328,6e-06,0.000399,5.7e-05,2.4e-05,0.000563,7e-05,0.000854,0.000728,0.000236,1.2e-05,8e-06,1.9e-05,1.1e-05,0.000484,0.014697,5.1e-05,0.000211,5e-05,0.029349,0.000111,0.002385,5e-06,2.7e-05,1.3e-05,8e-06,0.000146,0.000183,0.002098,6e-05,0.000141,0.009733,0.032473,0.00023,7.3e-05,0.000557,0.008999,2.1e-05,0.000605,0.000222,4e-06,0.000195,0.000827,9.6e-05,0.004128,0.071499,9e-06,1.6e-05,0.002046,0.000633,0.000158,0.000337,0.002296,5.6e-05,0.003518,2.1e-05,1.2e-05,3.1e-05,0.000695,0.000146,0.002923,0.000151,0.000465,1.1e-05,0.000981,9.7e-05,0.005939,0.009163,0.004448,1.5e-05,1.3e-05,5.7e-05,0.001948,6e-06,0.000304,0.00012,0.000142,0.00894,8.2e-05,0.000502,5e-05,1.3e-05,1.6e-05,1.6e-05,0.002516,5.9e-05,0.003626,2.8e-05,0.001039,9e-06,8e-06,0.000119,0.006451,0.004667,6.1e-05,1e-06,1.6e-05,0.000479,0.007311,1e-05,0.000258,0.054028,6e-06,0.01242,6e-06,1.1e-05,3.8e-05,0.001386,1.7e-05,2e-04,0.010746,0.019328,4.5e-05,0.002674,0.000557,0.000232,1.5e-05,5.6e-05,9e-06,7e-06,6e-06,0.000229,4.1e-05,7e-06,0.027179,0.000119,6.4e-05,0.004833,1.4e-05,0.000916,0.003949,0.001459,9e-06,7e-06,0.005269,2.8e-05,0.000267,0.000745,8.7e-05,0.001931,9.6e-05,9.1e-05,0.027636,0.000205,1.2e-05,3.6e-05,6e-06,3.4e-05,5.5e-05,1.4e-05,5.6e-05,0.000176,2.1e-05,0.006748,0.000152,0.000336,0.003429,5.8e-05,0.000286,0.03183,5e-06,3e-06,1e-05,0.000114,1.3e-05,0.021913,0.000228,2.8e-05,1.8e-05,1.4e-05,0.003416,0.004909,3.7e-05,8e-06,1e-04,0.003042,7.1e-05,0.007831,0.003214,0.003886,0.000388,0.00449,0.000358,0.001759,0.028379,0.001934,0.002476,8.4e-05,0.000166,0.000794,0.00111,0.000533,0.033971,0.004698,0.000696,1.5e-05,5.2e-05,0.000318,0.006578,5.2e-05,0.001248,9e-06,0.000344,3.4e-05,0.001074,0.000179,0.000633,0.001317,0.000832,0.000741,4.6e-05,0.000924,8.6e-05,0.013088,0.006894,0.002238,0.000929,4.8e-05,2.2e-05,0.000152,2.8e-05,9e-06,2.1e-05,5e-06,0.000123,0.008373,0.002435,0.005613,1.9e-05,0.000786,5.8e-05,2e-06,9e-06,3.7e-05,2.7e-05,0.000539,0.000381,2e-05,0.004142,5.2e-05,4e-06,4.3e-05,0.006528,0.000255,5.3e-05,0.000237,1.3e-05,0.001488,0.000269,9e-06,0.002801,1e-05,8e-06,1.6e-05,3e-06,3e-06,5.8e-05,6.9e-05
"manyara/babati/dabil",2.4e-05,1.1e-05,3e-06,7.4e-05,0.000158,0.000113,1.1e-05,1.1e-05,6.4e-05,0.008207,0.000224,4.8e-05,1.8e-05,0.000273,0.000535,2.8e-05,7.1e-05,0.004344,0.000103,0.000321,3e-06,1.8e-05,4.7e-05,2e-06,2e-06,1e-06,8.3e-05,1.1e-05,1e-06,3e-06,9.6e-05,8e-06,1e-06,2e-06,4.4e-05,0,2.7e-05,0.016818,6e-05,6.4e-05,7.4e-05,5.3e-05,0.000251,0.00382,5.4e-05,0.000134,1.2e-05,0.006468,0.001464,1.9e-05,3e-05,1.1e-05,1e-05,6.2e-05,0.011418,0.000287,4e-06,2e-05,0.000109,0.003244,7.3e-05,0.000222,0.00011,2.2e-05,0,0.000184,9.3e-05,2.1e-05,7.8e-05,0.001889,6e-06,2.8e-05,4e-06,0.000239,0.000247,0.00013,1.5e-05,0.000145,2.5e-05,4.2e-05,5.3e-05,0.000439,0.000106,4.1e-05,0.001629,1.7e-05,0.000814,8.6e-05,0.001345,0.000453,7.5e-05,3.6e-05,0.000774,0.000133,7e-06,0.001409,4.9e-05,1e-06,0.000364,9e-05,2.3e-05,9e-06,8.4e-05,4.1e-05,1.1e-05,0.000457,1.3e-05,7.3e-05,2.9e-05,0.000928,3.4e-05,0.000226,0.003695,1e-06,3e-06,3e-06,0.000293,5e-06,0.000408,3.7e-05,2e-05,0.000714,2e-06,9e-06,1e-06,3.4e-05,0.000184,0.001403,9.7e-05,3e-06,2e-06,8.4e-05,0.000171,1.7e-05,1e-06,0.000149,8e-06,4.9e-05,0.000878,0.000118,5.5e-05,2e-06,5.3e-05,1.1e-05,5e-06,0.000137,0.000118,0.000179,0.000148,4.9e-05,2e-06,2e-06,4e-06,3e-06,0.000131,0.00171,1e-05,1.6e-05,2e-05,0.005943,2.6e-05,0.000688,1e-06,7e-06,4.9e-05,3.1e-05,3.4e-05,2.8e-05,0.000301,1.5e-05,6.4e-05,0.00069,0.004476,7e-05,1.2e-05,0.000292,0.001799,2e-06,0.000119,9.5e-05,1e-06,1.3e-05,0.000259,2e-05,0.000749,0.01445,1e-06,3e-06,0.000381,0.000114,3.2e-05,0.001603,0.000206,9.8e-05,0.001819,1.1e-05,3e-06,4.5e-05,0.000139,3e-06,0.000466,9.6e-05,0.00014,2e-06,2e-04,1.6e-05,0.001291,0.000719,0.000165,3e-06,3e-06,3.4e-05,0.000417,1e-06,7e-06,3.4e-05,9e-06,0.001834,1.7e-05,0.000104,0.00014,2e-06,0.000336,3e-06,0.000457,1e-05,0.000641,5e-06,7.4e-05,0.000181,0.000165,4.1e-05,0.000575,0.000629,4.3e-05,0,3e-06,8.9e-05,0.000177,2e-06,5.1e-05,0.007288,1e-06,0.003221,2e-06,2e-06,8e-06,0.000216,0.000181,3e-05,0.001453,0.001649,4e-06,0.000395,1e-04,6.8e-05,3e-06,1.3e-05,2e-06,2e-06,2e-06,5.2e-05,5e-06,2e-06,0.000703,1e-05,6.5e-05,0.000531,1.9e-05,0.000267,0.00043,0.000343,2e-06,2e-06,0.001121,6e-06,7.9e-05,0.000241,2.6e-05,3.7e-05,2.1e-05,3e-06,0.003447,0.000105,7e-06,7.1e-05,7.2e-05,7e-06,0.000531,2e-06,3.1e-05,2.8e-05,6e-06,0.001133,3.1e-05,5.3e-05,0.000472,8e-06,7.4e-05,0.00019,1e-06,1e-06,2e-06,3e-05,8e-06,0.003109,3.3e-05,4e-06,3e-06,3e-06,0.000449,9.9e-05,2.9e-05,2e-06,2e-05,5e-06,6e-06,0.000967,0.00064,0.000639,7.6e-05,0.000515,6.2e-05,0.000269,0.003612,0.000161,0.000196,1.2e-05,1.7e-05,0.000101,0.00015,6.4e-05,0.003787,0.000427,0.000249,9e-06,1e-05,2e-05,0.000997,5.3e-05,6e-06,2e-06,5e-06,0.000197,0.000316,6e-05,4.2e-05,0.000164,0.000228,5.6e-05,1.1e-05,0.00015,1.3e-05,0.001811,0.000315,0.000214,0.000214,1.2e-05,4e-06,3e-05,8.5e-05,7.1e-05,5.5e-05,3e-05,1.2e-05,0.001165,0.000343,0.000761,1.1e-05,0.000113,1.1e-05,1e-06,3e-06,1.7e-05,5e-06,8.2e-05,9.5e-05,3e-06,0.000555,2.5e-05,1e-06,9.4e-05,0.001287,0.003418,9e-06,3.2e-05,3e-06,0.000289,5.3e-05,2e-06,0.000445,2e-06,2e-06,5e-06,1e-06,1e-06,6.1e-05,2.2e-05
"arusha/arushaurban/darajambili",0,0,0,0,0,0,0,0,0,0,0,0,0,0,0,0,0,0,0,0,0,0,0,0,0,0,0,0,0,0,0,0,0,0,0,0,0,0,0,0,0,0,0,0,0,0,0,0,0,0,0,0,0,0,0,0,0,0,0,0,0,0,0,0,0,0,0,0,0,0,0,0,0,0,0,0,0,0,0,0,0,0,0,0,0,0,0,0,0,0,0,0,0,0,0,0,0,0,0,0,0,0,0,0,0,0,0,0,0,0,0,0,0,0,0,0,0,0,0,0,0,0,0,0,0,0,0,0,0,0,0,0,0,0,0,0,0,0,0,0,0,0,0,0,0,0,0,0,0,0,0,0,0,0,0,0,0,0,0,0,0,0,0,0,0,0,0,0,0,0,0,0,0,0,0,0,0,0,0,0,0,0,0,0,0,0,0,0,0,0,0,0,0,0,0,0,0,0,0,0,0,0,0,0,0,0,0,0,0,0,0,0,0,0,0,0,0,0,0,0,0,0,0,0,0,0,0,0,0,0,0,0,0,0,0,0,0,0,0,0,0,0,0,0,0,0,0,0,0,0,0,0,0,0,0,0,0,0,0,0,0,0,0,0,0,0,0,0,0,0,0,0,0,0,0,0,0,0,0,0,0,0,0,0,0,0,0,0,0,0,0,0,0,0,0,0,0,0,0,0,0,0,0,0,0,0,0,0,0,0,0,0,0,0,0,0,0,0,0,0,0,0,0,0,0,0,0,0,0,0,0,0,0,0,0,0,0,0,0,0,0,0,0,0,0,0,0,0,0,0,0,0,0,0,0,0,0,0,0,0,0,0,0,0,0,0,0,0,0,0,0,0,0,0,0,0,0,0,0,0,0,0,0,0,0,0,0,0,0,0,0,0,0,0,0,0,0,0
"manyara/babati/dareda",0.000156,7.1e-05,1.6e-05,0.000439,0.005258,0.00069,9.8e-05,0.000101,0.000546,0.088503,0.002864,0.00014,0.000116,0.001802,0.003095,0.00024,0.000436,0.015419,0.000306,0.00092,1.6e-05,0.000114,0.000347,1.3e-05,1.3e-05,4e-06,0.000796,8.9e-05,6e-06,1.9e-05,0.000634,4.5e-05,7e-06,1e-05,0.000309,0.004512,0.000177,0,0.000489,0.000379,4e-04,0.00017,0.00135,0.025922,0.000285,0.001308,7.8e-05,0.042047,0.01072,0.000138,0.000266,7.2e-05,7.3e-05,0.000282,0.03959,0.000628,2.3e-05,0.000164,0.000655,0.019539,0.000447,0.001473,7e-04,0.000118,0,0.001224,0.000638,0.000102,0.000593,0.01473,3.9e-05,6.1e-05,2.7e-05,0.002128,0.000704,0.000805,9.8e-05,0.000251,8.6e-05,0.00015,0.000225,0.002731,0.000559,0.000148,0.001865,0.000136,0.005053,0.000285,0.005218,0.002621,0.000229,0.000128,0.004612,0.00087,4.2e-05,0.012039,3e-04,6e-06,0.002207,0.000542,0.000224,5.1e-05,0.00048,0.000272,6.8e-05,0.002745,9.9e-05,0.000448,0.000183,0.006674,0.000211,0.001352,0.008591,7e-06,2e-05,1.5e-05,0.001837,2.8e-05,0.002482,0.000227,0.000121,0.004328,1.5e-05,5.7e-05,6e-06,0.000197,0.001022,0.008914,0.000634,1.6e-05,1.3e-05,0.000504,0.001029,0.000102,4e-06,0.000986,5.4e-05,0.000295,0.005354,0.000723,0.00035,1.1e-05,0.00035,6.7e-05,2.8e-05,0.000817,0.001787,0.001083,0.000893,0.000297,1.4e-05,1.3e-05,2.3e-05,1.8e-05,0.000762,0.011608,6.1e-05,9.9e-05,0.000116,0.035542,0.000153,0.004677,6e-06,4e-05,0.000145,0.000103,0.000209,0.000179,0.002003,8.9e-05,0.000352,0.004931,0.029253,0.000421,7.4e-05,0.001956,0.013514,1.5e-05,0.000724,0.000538,6e-06,7.7e-05,0.001503,0.000123,0.004582,0.084398,9e-06,1.8e-05,0.002338,0.000705,0.000194,0.027013,0.001759,0.000402,0.017032,5.9e-05,1.5e-05,0.000569,0.000846,2.3e-05,0.002989,0.000585,0.000818,1.3e-05,0.001195,9.9e-05,0.007713,0.005357,0.001017,1.9e-05,1.7e-05,0.000293,0.002484,7e-06,4.3e-05,0.000197,7e-05,0.010836,1e-04,0.000625,0.000568,1.4e-05,0.003849,1.8e-05,0.002832,6.3e-05,0.003933,3.4e-05,0.000536,0.000413,0.000851,0.000301,0.003483,0.004272,0.000226,1e-06,1.9e-05,0.00058,0.001234,1.3e-05,0.000328,0.051051,7e-06,0.01897,9e-06,1.3e-05,4.7e-05,0.001425,0.000398,0.000206,0.009583,0.010947,3e-05,0.002611,0.000601,0.000396,1.8e-05,7.8e-05,1.1e-05,1.2e-05,9e-06,0.000321,3.6e-05,1.2e-05,0.005166,6.4e-05,0.000755,0.00359,0.000206,0.002381,0.00287,0.002066,1.3e-05,1.2e-05,0.006693,3.5e-05,0.000457,0.001533,0.00026,0.000248,0.000131,1.9e-05,0.020697,0.001063,3.6e-05,0.000728,0.000187,3.9e-05,0.002708,1.5e-05,0.000179,0.000169,3.5e-05,0.007423,0.000187,0.000329,0.00301,5.1e-05,0.000455,0.001266,6e-06,4e-06,1.3e-05,0.000181,4.7e-05,0.025785,0.000215,2.7e-05,1.7e-05,1.6e-05,0.003021,0.000621,0.000159,1.1e-05,0.000121,3.6e-05,3.5e-05,0.006193,0.003816,0.004337,0.000524,0.003397,0.000391,0.001637,0.023621,0.000936,0.001149,7.9e-05,9.9e-05,0.000672,0.000989,0.000425,0.023266,0.002496,0.001507,4.8e-05,6.4e-05,0.00012,0.006471,0.000396,4.2e-05,1.1e-05,3.7e-05,0.002754,0.001878,0.000344,0.00025,0.001076,0.00135,0.000334,0.000104,0.000936,8.3e-05,0.01193,0.002213,0.00151,0.001391,6.9e-05,2.7e-05,0.000185,0.001403,0.000276,0.000595,0.000123,6.7e-05,0.007642,0.002289,0.005075,5.6e-05,0.000732,7e-05,4e-06,1.5e-05,9.5e-05,3.1e-05,0.000551,0.000667,1.8e-05,0.003418,0.00022,7e-06,0.000927,0.007654,0.007573,8.1e-05,0.000215,1.5e-05,0.001763,0.000321,1.1e-05,0.002882,1.2e-05,1.3e-05,2.6e-05,4e-06,6e-06,0.000525,0.000128
"manyara/mbulu/daudi",1.5e-05,1.4e-05,1e-06,6.1e-05,1e-05,5.3e-05,4.4e-05,9e-05,4e-06,0.001417,2.4e-05,2e-06,1.2e-05,0.000182,0.000537,0.000946,3.3e-05,5.1e-05,6e-06,1.7e-05,1e-06,1e-05,3e-06,1e-06,1e-06,0,7e-06,8.9e-05,0,1e-06,5.7e-05,2e-06,0,1e-06,0.000147,1.5e-05,1.8e-05,0.000449,0,4.4e-05,1.6e-05,2e-06,6.3e-05,0.000642,1.1e-05,5e-06,1.1e-05,0.004588,0.000761,0.000109,0.000122,2.7e-05,3.5e-05,1.3e-05,0.000181,2e-06,2e-06,6e-06,3.8e-05,0.00413,4.9e-05,0.00026,8.1e-05,5e-06,0,0.000123,8.1e-05,7e-06,0.000153,0.000508,1.5e-05,1e-06,2e-06,0.002249,1.1e-05,0.000104,1.5e-05,2e-06,2e-06,4e-06,1e-06,1.7e-05,1.1e-05,2e-06,1e-05,0.000157,0.000426,6e-06,0.000191,0.000162,2e-06,4e-06,0.00035,9.1e-05,6e-06,0.011297,2.6e-05,0,0.000168,4.1e-05,6.4e-05,1e-05,3.1e-05,2.8e-05,5e-06,0.000237,0.000165,3.6e-05,1.7e-05,0.002606,1.9e-05,0.000108,7.9e-05,1e-06,2e-06,1e-06,0.000155,1e-06,0.000198,1.9e-05,1e-05,0.000356,1e-06,4e-06,0,1.2e-05,4.9e-05,0.00081,5.8e-05,1e-06,1e-06,3.9e-05,7.7e-05,8e-06,0,0.000101,6e-06,2.3e-05,0.000554,5.9e-05,3.1e-05,1e-06,3.7e-05,5e-06,2e-06,5.8e-05,3.1e-05,8.4e-05,7e-05,2.3e-05,1e-06,1e-06,2e-06,1e-06,5e-05,0.00137,5e-06,1.3e-05,6e-06,0.002916,1.1e-05,0.00032,0,3e-06,3e-06,2e-06,1.5e-05,1.7e-05,0.000204,6e-06,1.7e-05,0.000804,0.003123,2.6e-05,7e-06,8.9e-05,0.001324,2e-06,5.9e-05,2.7e-05,0,1e-05,9.2e-05,1e-05,0.000388,0.007305,1e-06,1e-06,0.000195,6e-05,1.6e-05,0.000136,0.001062,1.3e-05,0.001044,3e-06,1e-06,1.1e-05,6.8e-05,7e-06,0.000279,2.3e-05,5.1e-05,1e-06,9.4e-05,9e-06,0.000588,0.00092,0.000168,1e-06,1e-06,1.4e-05,0.000189,1e-06,1.7e-05,1.3e-05,0.000379,0.000851,8e-06,4.9e-05,1.4e-05,1e-06,5e-06,2e-06,0.000241,6e-06,0.000338,3e-06,0.000442,2e-06,2e-06,6.3e-05,4e-04,0.00046,8e-06,0,2e-06,5e-05,0.000298,1e-06,2.7e-05,0.006227,1e-06,0.001319,1e-06,1e-06,4e-06,0.000137,4e-06,2.1e-05,0.001009,0.001464,4e-06,0.00026,5e-05,2.5e-05,1e-06,6e-06,1e-06,1e-06,1e-06,2.4e-05,6e-06,1e-06,0.001529,8e-06,3.9e-05,0.000429,5e-06,0.000248,0.000338,0.00015,1e-06,1e-06,0.000515,3e-06,2.9e-05,9.4e-05,7.5e-05,5.9e-05,1e-05,4e-06,0.002108,0.00017,2e-06,1.1e-05,1e-06,3e-06,1.9e-05,1e-06,8e-06,1.5e-05,2e-06,0.000689,1.5e-05,3e-05,0.000302,5e-06,3.1e-05,0.000387,0,0,1e-06,1.2e-05,2e-06,0.004876,2.1e-05,3e-06,2e-06,1e-06,0.000326,0.000132,5e-06,1e-06,1e-05,1.5e-05,4e-06,0.000661,0.000303,0.000418,4.6e-05,0.000385,3.4e-05,0.000149,0.002606,0.000106,0.000134,8e-06,1e-05,7.3e-05,0.000103,4.8e-05,0.002568,0.000274,8.5e-05,2e-06,5e-06,1.6e-05,0.000629,1.1e-05,1.9e-05,1e-06,1.2e-05,1.1e-05,0.000119,2e-05,3.2e-05,0.000116,8.9e-05,4e-05,6.8e-05,8.5e-05,8e-06,0.001245,0.000424,0.000204,0.000106,5e-06,2e-06,1.5e-05,1e-05,2e-06,6e-06,1e-06,7e-06,0.000787,0.000236,0.000536,2e-06,7.2e-05,6e-06,0,1e-06,5e-06,3e-06,5.5e-05,5.1e-05,2e-06,0.000336,4e-05,0,2e-05,0.000613,7.1e-05,0.000124,2.2e-05,1e-06,0.000143,2.6e-05,1e-06,0.000272,1e-06,1e-06,2e-06,0,0,3e-05,1.7e-05
"arusha/ngorongoro/digodigo",0,0,0,0,0,0,0,0,0,0,0,0,0,0,0,0,0,0,0,0,0,0,0,0,0,0,0,0,0,0,0,0,0,0,0,0,0,0,0,0,0,0,0,0,0,0,0,0,0,0,0,0,0,0,0,0,0,0,0,0,0,0,0,0,0,0,0,0,0,0,0,0,0,0,0,0,0,0,0,0,0,0,0,0,0,0,0,0,0,0,0,0,0,0,0,0,0,0,0,0,0,0,0,0,0,0,0,0,0,0,0,0,0,0,0,0,0,0,0,0,0,0,0,0,0,0,0,0,0,0,0,0,0,0,0,0,0,0,0,0,0,0,0,0,0,0,0,0,0,0,0,0,0,0,0,0,0,0,0,0,0,0,0,0,0,0,0,0,0,0,0,0,0,0,0,0,0,0,0,0,0,0,0,0,0,0,0,0,0,0,0,0,0,0,0,0,0,0,0,0,0,0,0,0,0,0,0,0,0,0,0,0,0,0,0,0,0,0,0,0,0,0,0,0,0,0,0,0,0,0,0,0,0,0,0,0,0,0,0,0,0,0,0,0,0,0,0,0,0,0,0,0,0,0,0,0,0,0,0,0,0,0,0,0,0,0,0,0,0,0,0,0,0,0,0,0,0,0,0,0,0,0,0,0,0,0,0,0,0,0,0,0,0,0,0,0,0,0,0,0,0,0,0,0,0,0,0,0,0,0,0,0,0,0,0,0,0,0,0,0,0,0,0,0,0,0,0,0,0,0,0,0,0,0,0,0,0,0,0,0,0,0,0,0,0,0,0,0,0,0,0,0,0,0,0,0,0,0,0,0,0,0,0,0,0,0,0,0,0,0,0,0,0,0,0,0,0,0,0,0,0,0,0,0,0,0,0,0,0,0,0,0,0,0,0,0,0,0
"manyara/mbulu/dinamu",0,0,0,0,0,0,0,0,0,0,0,0,0,0,0,0,0,0,0,0,0,0,0,0,0,0,0,0,0,0,0,0,0,0,0,0,0,0,0,0,0,0,0,0,0,0,0,0,0,0,0,0,0,0,0,0,0,0,0,0,0,0,0,0,0,0,0,0,0,0,0,0,0,0,0,0,0,0,0,0,0,0,0,0,0,0,0,0,0,0,0,0,0,0,0,0,0,0,0,0,0,0,0,0,0,0,0,0,0,0,0,0,0,0,0,0,0,0,0,0,0,0,0,0,0,0,0,0,0,0,0,0,0,0,0,0,0,0,0,0,0,0,0,0,0,0,0,0,0,0,0,0,0,0,0,0,0,0,0,0,0,0,0,0,0,0,0,0,0,0,0,0,0,0,0,0,0,0,0,0,0,0,0,0,0,0,0,0,0,0,0,0,0,0,0,0,0,0,0,0,0,0,0,0,0,0,0,0,0,0,0,0,0,0,0,0,0,0,0,0,0,0,0,0,0,0,0,0,0,0,0,0,0,0,0,0,0,0,0,0,0,0,0,0,0,0,0,0,0,0,0,0,0,0,0,0,0,0,0,0,0,0,0,0,0,0,0,0,0,0,0,0,0,0,0,0,0,0,0,0,0,0,0,0,0,0,0,0,0,0,0,0,0,0,0,0,0,0,0,0,0,0,0,0,0,0,0,0,0,0,0,0,0,0,0,0,0,0,0,0,0,0,0,0,0,0,0,0,0,0,0,0,0,0,0,0,0,0,0,0,0,0,0,0,0,0,0,0,0,0,0,0,0,0,0,0,0,0,0,0,0,0,0,0,0,0,0,0,0,0,0,0,0,0,0,0,0,0,0,0,0,0,0,0,0,0,0,0,0,0,0,0,0,0,0,0,0,0
"manyara/hanang/dirma",2.6e-05,1e-05,3e-06,7.5e-05,3.9e-05,0.000142,4e-06,5e-06,4.8e-05,0.004824,0.000114,0.000354,1.9e-05,0.000298,0.000305,1.3e-05,2.6e-05,0.000329,5.6e-05,0.000256,4e-06,2.1e-05,5e-05,3e-06,3e-06,1e-06,6e-05,6e-06,2e-06,5e-06,0.000107,1.9e-05,2e-06,2e-06,2.9e-05,0.00021,2.9e-05,0.002518,3e-05,7e-05,2.4e-05,0,0.000464,0.000956,0.000117,6.4e-05,1.2e-05,0.006891,0.001523,1.1e-05,1.2e-05,7e-06,6e-06,2.7e-05,0.00646,7.7e-05,4e-06,1.9e-05,0.000157,0.002576,8.2e-05,0.000207,0.000118,4.5e-05,0,0.000199,9.3e-05,1.2e-05,5.8e-05,0.002006,4e-06,6.3e-05,5e-06,0.000119,0.00058,0.000138,1.5e-05,7.1e-05,2.5e-05,2.4e-05,6.2e-05,0.00042,2.5e-05,0.000701,0.000335,8e-06,0.000981,3.1e-05,0.000835,0.000651,0.000152,3.4e-05,0.000993,0.000145,6e-06,0.000617,5.8e-05,1e-06,0.000461,0.000115,1e-05,6e-06,0.000119,4.4e-05,1.4e-05,0.000556,7e-06,9e-05,3.4e-05,0.000651,4.1e-05,0.000283,0.01226,1e-06,4e-06,3e-06,0.000351,1e-05,0.000509,4.6e-05,2.4e-05,0.00088,3e-06,1.2e-05,1e-06,4.9e-05,0.000321,0.001627,0.000111,3e-06,3e-06,0.000106,0.00022,2.1e-05,1e-06,0.000162,9e-06,6.1e-05,0.001001,0.000145,6.5e-05,3e-06,5.6e-05,1.3e-05,6e-06,0.000181,4.2e-05,0.000226,0.000185,6.2e-05,3e-06,3e-06,5e-06,4e-06,0.000182,0.001733,1.3e-05,1.6e-05,3.1e-05,0.007361,3.3e-05,0.000811,1e-06,9e-06,6.4e-05,0.000212,4.4e-05,3.2e-05,0.000324,1.9e-05,0.000112,0.000611,0.004798,9.7e-05,1.4e-05,0.000401,0.00166,3e-06,0.000147,0.00016,2e-06,1.4e-05,0.000375,2.5e-05,0.00091,0.017676,2e-06,4e-06,0.000464,0.000139,3.9e-05,0.000315,0.000118,4.1e-05,0.001242,2.2e-05,3e-06,2.2e-05,0.000172,2e-06,0.000533,0.000164,0.000199,2e-06,0.000252,1.9e-05,0.00165,0.000596,0.000159,4e-06,4e-06,3e-05,0.000534,2e-06,4e-06,4.8e-05,5e-06,0.002329,2.1e-05,0.000132,4.5e-05,3e-06,5.2e-05,3e-06,0.000551,1.2e-05,0.000773,7e-06,3.7e-05,0.000148,4.6e-05,1.7e-05,0.000635,0.000655,9.8e-05,0,4e-06,0.000103,0.000144,3e-06,6.1e-05,0.006893,1e-06,0.004309,2e-06,3e-06,9e-06,0.000239,0.000349,3.1e-05,0.001564,0.001654,4e-06,0.000431,0.000123,9.7e-05,4e-06,1.7e-05,2e-06,3e-06,2e-06,6.6e-05,4e-06,3e-06,0.000521,1.1e-05,2.2e-05,0.00054,1.2e-05,0.000184,0.000446,0.000446,3e-06,3e-06,0.001428,7e-06,0.000113,0.000321,1.2e-05,3e-05,2.6e-05,3e-06,0.003968,4.1e-05,1.3e-05,4.9e-05,0.000277,8e-06,7.4e-05,3e-06,5.6e-05,3.3e-05,9e-06,0.00127,3.8e-05,6.3e-05,0.000531,8e-06,9.8e-05,0.000141,1e-06,1e-06,3e-06,4.1e-05,1.7e-05,0.002137,3.6e-05,5e-06,3e-06,3e-06,0.000472,8.4e-05,6.7e-05,2e-06,2.5e-05,4e-06,7e-06,0.001064,0.000805,0.000684,8.3e-05,0.000546,7.4e-05,0.00032,0.003847,0.000176,0.000213,1.3e-05,2e-05,0.000107,0.000162,6.7e-05,0.004216,0.000475,0.000361,1.7e-05,1.3e-05,2.1e-05,0.001115,6.5e-05,4e-06,2e-06,4e-06,8e-05,0.00044,8.9e-05,4.4e-05,0.000178,0.000311,6.1e-05,5e-06,0.000177,1.4e-05,0.001954,0.000273,0.000202,0.000258,1.5e-05,6e-06,3.7e-05,3.3e-05,0.000279,3.5e-05,0.000179,1.3e-05,0.001268,0.000367,0.000811,2.1e-05,0.000127,1.4e-05,1e-06,4e-06,3.1e-05,6e-06,8.8e-05,0.000104,3e-06,0.00064,9e-06,2e-06,2.3e-05,0.001618,0.000605,4e-06,3.5e-05,3e-06,0.000357,6.6e-05,2e-06,0.000502,3e-06,3e-06,6e-06,1e-06,1e-06,1.9e-05,1e-05
"manyara/kiteto/dongo",0.00011,2.4e-05,2.3e-05,0.000232,8e-06,0.000923,2e-06,3e-06,8e-06,0.001639,2.9e-05,1e-05,7.9e-05,0.001195,0.000225,9e-06,1e-05,4.8e-05,1e-05,3.9e-05,6.4e-05,0.000109,9e-06,1.7e-05,4e-05,5e-06,1.4e-05,6e-06,0.000131,6.6e-05,0.000451,0.001033,2.3e-05,1.8e-05,3.8e-05,2e-05,0.00011,0.000411,2.1e-05,0.000264,8e-06,1e-05,0,0.000263,0.011504,9e-06,3.7e-05,0.025482,0.003376,1.2e-05,6e-06,1e-05,8e-06,9e-06,0.000405,5e-06,2.2e-05,1.6e-05,0.001987,0.004618,0.000346,0.000576,0.000464,0.008571,0,0.000774,0.000291,6e-06,9.4e-05,0.00178,6e-06,2e-06,2.6e-05,8.1e-05,4.5e-05,0.000503,4.9e-05,5e-06,6e-06,6e-06,4e-06,4.4e-05,6e-06,1.6e-05,2e-05,5e-06,0.005418,6e-06,0.000272,0.009972,5e-06,1e-05,0.007066,0.000587,2.1e-05,0.000347,0.000308,1e-05,0.003137,0.000802,5e-06,8e-06,0.001645,0.000169,8.7e-05,0.003139,6e-06,0.000547,0.00016,0.00098,0.000219,0.001819,0.000262,4e-06,2.8e-05,2.2e-05,0.001901,0.000583,0.0032,0.000272,0.000142,0.005275,2.6e-05,0.000101,1.2e-05,0.000734,0.053253,0.007808,0.000498,2.2e-05,1.9e-05,0.000726,0.001601,0.000126,8e-06,0.000638,3.4e-05,0.00039,0.004493,0.00086,0.000324,4e-05,0.000213,8.1e-05,4e-05,0.0015,1.4e-05,0.0015,0.001202,0.000416,1.9e-05,2.3e-05,3.3e-05,4.6e-05,0.002026,0.005646,8.6e-05,5.7e-05,0.000815,0.044223,0.000252,0.003124,8e-06,7.9e-05,9e-06,1.2e-05,0.000329,0.000154,0.001247,0.000159,0.037997,0.001454,0.018122,0.001015,7.6e-05,0.001356,0.003267,1.2e-05,0.000892,0.013779,2.1e-05,4.7e-05,0.006103,0.000163,0.005174,0.098129,1e-05,2e-05,0.00268,0.000781,0.000236,7.2e-05,0.000102,1.2e-05,0.000874,0.014654,2.3e-05,8e-06,0.001073,4e-06,0.002457,0.00115,0.002705,1.2e-05,0.001672,9.4e-05,0.011545,0.001163,0.000445,2.7e-05,2.4e-05,2.6e-05,0.003772,1e-05,4e-06,0.00061,4e-06,0.015617,0.000137,0.000881,1.1e-05,1.2e-05,6e-06,1.9e-05,0.003035,6.6e-05,0.004289,4e-05,2.6e-05,6e-06,4e-06,8e-06,0.002537,0.002262,0.003964,1e-06,2.5e-05,0.00048,0.000299,1.9e-05,0.000311,0.017284,9e-06,0.037716,2.5e-05,1.7e-05,5.9e-05,0.000981,1.2e-05,1e-04,0.006021,0.005434,1.3e-05,0.001715,0.000721,0.001329,2.6e-05,0.000133,1.4e-05,3.3e-05,2.7e-05,0.000435,5e-06,3.7e-05,0.000865,4.4e-05,8e-06,0.001804,5e-06,0.000163,0.001574,0.003379,2.2e-05,3.4e-05,0.009829,5e-05,0.001599,0.002202,7e-06,6.6e-05,0.000152,7e-06,0.018156,1.9e-05,0.002569,1.6e-05,5e-06,5.1e-05,1.4e-05,1.4e-05,0.001375,0.000171,0.00012,0.005407,0.000242,0.000326,0.002344,3.1e-05,0.000767,0.000238,1e-05,8e-06,1.6e-05,0.000395,0.000607,0.002329,0.000148,2.1e-05,1.2e-05,1.9e-05,0.001689,0.000186,0.00107,1.4e-05,0.000159,5e-06,2.5e-05,0.004421,0.005242,0.002471,0.000295,0.00204,0.000391,0.001662,0.014408,0.000627,0.000765,5.1e-05,7.4e-05,0.000397,0.000639,0.000243,0.017791,0.001808,0.004389,0.001392,8.1e-05,7.2e-05,0.00479,5.4e-05,6e-06,1.3e-05,6e-06,1.4e-05,0.004945,0.001962,0.000154,0.000701,0.003157,0.000221,3e-06,0.000903,6e-05,0.007548,0.000643,0.000547,0.001332,0.00012,3.8e-05,0.000228,9e-06,9e-06,9e-06,6e-06,4.8e-05,0.005049,0.001387,0.003021,0.006026,0.000553,8.7e-05,1e-05,5e-05,0.04045,4e-05,0.000328,0.000329,1.2e-05,0.003029,4e-06,1.4e-05,7e-06,0.010404,8.3e-05,3e-06,0.000131,1.9e-05,0.002174,0.00041,1.4e-05,0.002223,1.7e-05,3.7e-05,7.9e-05,1e-05,2.3e-05,7e-06,5e-06
"manyara/mbulu/dongobesh",2.7e-05,1.7e-05,3e-06,0.000103,0.000105,0.000118,3.3e-05,3.2e-05,2.5e-05,0.00604,0.000134,1.7e-05,2.1e-05,0.000314,0.001487,8.3e-05,0.000532,0.001306,8.7e-05,0.000213,3e-06,2e-05,1.9e-05,2e-06,2e-06,1e-06,4.1e-05,2.4e-05,1e-06,3e-06,0.000105,6e-06,1e-06,2e-06,9.5e-05,0.000246,3.1e-05,0.006347,0.000169,8.2e-05,0.000576,1.6e-05,0.000208,0,4e-05,4.3e-05,1.6e-05,0.007569,0.001476,4.2e-05,0.000106,2.3e-05,1.9e-05,0.000183,0.001812,2.9e-05,4e-06,1.7e-05,1e-04,0.006002,8.9e-05,0.00032,0.000134,1.7e-05,0,0.00021,0.000117,5.1e-05,0.000125,0.001473,1.1e-05,6e-06,5e-06,0.000575,0.000109,0.000168,2.1e-05,3.2e-05,2.2e-05,5.6e-05,1.1e-05,0.000128,0.001032,1.5e-05,0.000135,6.2e-05,0.00088,0.000119,0.002044,0.000435,1.4e-05,3.6e-05,0.000812,0.000155,9e-06,0.004783,5.4e-05,1e-06,0.00038,9.4e-05,6.3e-05,1.8e-05,8.1e-05,4.8e-05,1.2e-05,0.000505,3.2e-05,7.8e-05,3.3e-05,0.00173,3.8e-05,0.000242,0.000833,1e-06,4e-06,3e-06,0.000316,4e-06,0.000435,4e-05,2.2e-05,0.000771,3e-06,1e-05,1e-06,3.3e-05,0.000154,0.001554,0.000108,3e-06,2e-06,8.8e-05,0.000178,1.8e-05,1e-06,0.000172,1e-05,5.2e-05,0.00104,0.000127,6.1e-05,2e-06,6.2e-05,1.2e-05,5e-06,0.00014,0.000161,0.000189,0.000157,5.2e-05,2e-06,2e-06,4e-06,3e-06,0.00013,0.002075,1.1e-05,2e-05,1.7e-05,0.006338,2.6e-05,0.000676,1e-06,7e-06,2.8e-05,1.3e-05,3.5e-05,3.2e-05,0.000347,1.5e-05,5.4e-05,0.000947,0.005214,6.7e-05,1.3e-05,0.00024,0.002062,3e-06,0.000127,8.2e-05,1e-06,1.7e-05,0.000247,2.1e-05,0.000816,0.01549,2e-06,3e-06,0.000412,0.000125,3.4e-05,0.002806,0.00041,0.000232,0.002036,9e-06,3e-06,4.3e-05,0.000148,5e-06,0.000522,7.2e-05,0.000135,2e-06,0.000212,1.8e-05,0.001353,0.001005,0.000246,3e-06,3e-06,3.2e-05,0.000439,1e-06,1.7e-05,3.4e-05,2.2e-05,0.001951,1.8e-05,0.00011,0.000395,2e-06,5.9e-05,3e-06,0.000497,1.1e-05,0.000701,6e-06,0.000242,2.5e-05,2.6e-05,0.000226,0.000716,0.000739,3.1e-05,0,3e-06,9.7e-05,0.000284,2e-06,5.5e-05,0.008881,1e-06,0.003232,2e-06,2e-06,8e-06,0.000244,4.4e-05,3.4e-05,0.001694,0.002105,5e-06,0.000451,0.000109,6.6e-05,3e-06,1.3e-05,2e-06,2e-06,2e-06,5.4e-05,6e-06,2e-06,0.00118,1.3e-05,0.000193,0.000649,1.6e-05,0.000343,0.000524,0.000352,2e-06,2e-06,0.001181,6e-06,7.7e-05,0.000226,6e-05,6e-05,2.2e-05,4e-06,0.004053,0.00033,5e-06,4.6e-05,1.4e-05,7e-06,0.000819,3e-06,2.4e-05,3.1e-05,6e-06,0.00126,3.3e-05,6e-05,0.000544,9e-06,7.4e-05,0.000362,1e-06,1e-06,2e-06,3e-05,6e-06,0.00459,3.8e-05,5e-06,3e-06,3e-06,0.000528,0.000166,2e-05,2e-06,2.1e-05,1e-05,8e-06,0.001139,0.000684,0.000719,8.3e-05,0.000619,6.8e-05,0.000304,0.00427,0.000208,0.000253,1.4e-05,2.2e-05,0.000119,0.000174,7.6e-05,0.00454,0.000539,0.000226,7e-06,1.1e-05,2.6e-05,0.001131,3.7e-05,1.2e-05,2e-06,9e-06,8.2e-05,0.000306,5.6e-05,5.5e-05,0.000194,0.000225,7.3e-05,3.3e-05,0.000167,1.4e-05,0.002102,0.000461,0.000274,0.000221,1.2e-05,5e-06,3.2e-05,6.3e-05,1.8e-05,3.2e-05,9e-06,1.5e-05,0.001348,0.000397,0.000888,8e-06,0.00013,1.2e-05,1e-06,3e-06,1.5e-05,6e-06,9.3e-05,9.8e-05,3e-06,0.000642,0.000125,1e-06,0.000778,0.001381,0.00174,2.7e-05,3.8e-05,3e-06,0.00031,5.7e-05,2e-06,0.000499,2e-06,2e-06,4e-06,1e-06,1e-06,0.000592,8.6e-05
"manyara/kiteto/dosidosi",0.00096,0.000216,0.000181,0.002006,9.9e-05,0.007358,2.6e-05,3.2e-05,0.000112,0.020404,0.000369,0.000134,0.00069,0.010432,0.002265,9.2e-05,0.000108,0.000583,0.000114,0.000456,0.000395,0.000907,0.000122,0.000136,0.000267,4.2e-05,0.000185,6.1e-05,0.003428,0.000431,0.004006,0.125301,0.000154,0.000137,0.000364,0.000256,0.000973,0.005071,0.000219,0.002217,8.4e-05,0.000141,0.448136,0.002976,0,0.000119,0.000325,0.196786,0.035363,0.000122,6.9e-05,9.2e-05,8.3e-05,0.000101,0.005475,6.5e-05,0.000187,0.000198,0.015419,0.041497,0.002876,0.005123,0.00396,0.338903,2e-06,0.006846,0.002621,6.1e-05,0.000912,0.022785,5.9e-05,2.2e-05,0.000211,0.00086,0.000583,0.00427,0.000428,6e-05,7e-05,7.1e-05,5.1e-05,0.000609,6.9e-05,0.000256,0.000255,4.8e-05,0.043354,7.2e-05,0.002964,0.061189,6.5e-05,0.000113,0.052401,0.00508,0.00018,0.003708,0.002518,7.8e-05,0.024368,0.006226,5.5e-05,7.9e-05,0.010423,0.001492,0.000698,0.024596,6.6e-05,0.004384,0.001336,0.009366,0.001793,0.014069,0.003554,3.6e-05,0.000219,0.000169,0.015651,0.016885,0.025026,0.002172,0.001138,0.040952,0.000198,0.000766,8.9e-05,0.004596,0.182989,0.063568,0.004319,0.000172,0.000145,0.005632,0.012272,0.001011,6.1e-05,0.005595,0.000297,0.003079,0.036271,0.006894,0.002717,0.000258,0.001881,0.000647,0.000308,0.011193,0.000164,0.011701,0.009391,0.003244,0.000148,0.000178,0.000256,0.000326,0.013713,0.049482,0.00066,0.000494,0.005714,0.287142,0.00192,0.030405,6.3e-05,0.000587,0.000103,0.000168,0.002569,0.001298,0.010993,0.00121,0.082101,0.013486,0.145158,0.007773,0.000624,0.016425,0.032823,9.7e-05,0.007114,0.060867,0.000136,4e-04,0.03786,0.001295,0.04072,0.515263,8.2e-05,0.000163,0.021379,0.006313,0.001903,0.000855,0.001061,0.000131,0.010071,0.086126,0.000177,9.9e-05,0.008515,4.1e-05,0.020717,0.016339,0.018002,0.000105,0.012884,0.000778,0.084448,0.01118,0.003903,0.000208,0.000186,0.000307,0.028395,8e-05,3.8e-05,0.00399,3.7e-05,0.11154,0.00107,0.006829,0.000122,0.000104,8.1e-05,0.000154,0.02449,0.000543,0.034066,0.000323,0.000272,7.9e-05,5.5e-05,8.5e-05,0.020953,0.020213,0.347584,1.1e-05,0.000197,0.004172,0.002771,0.000146,0.002661,0.149302,6.8e-05,0.237856,0.000172,0.000135,0.000474,0.008591,0.00016,0.000925,0.051324,0.046706,0.000121,0.014997,0.005696,0.008633,0.000198,0.001012,0.00011,0.00023,0.000182,0.00351,5.5e-05,0.000245,0.00827,0.00037,9.2e-05,0.016023,5.9e-05,0.0018,0.013816,0.025657,0.00017,0.000239,0.07249,0.000387,0.010205,0.019912,7.6e-05,0.000603,0.001267,6.4e-05,0.136033,0.000206,0.028392,0.000211,6.8e-05,0.000402,0.000161,0.000119,0.016865,0.001391,0.000774,0.046163,0.001924,0.002668,0.019675,0.000277,0.006082,0.002224,7.3e-05,6.1e-05,0.000127,0.002913,0.014355,0.024085,0.001288,0.000178,0.000103,0.000152,0.014985,0.001678,0.039011,0.000111,0.001255,5e-05,0.000208,0.036938,0.039687,0.022264,0.002762,0.01768,0.003231,0.013353,0.117259,0.005293,0.006444,0.000448,0.000623,0.003507,0.005587,0.002152,0.136047,0.015013,0.035321,0.025509,0.000645,0.000612,0.040436,0.000748,5.4e-05,0.000107,5.8e-05,0.000184,0.035244,0.011336,0.001309,0.006079,0.02263,0.001865,3.1e-05,0.007437,0.000521,0.06386,0.005912,0.005059,0.011683,0.000912,0.000297,0.001829,0.000108,0.000133,0.000123,9.9e-05,0.000404,0.043035,0.01225,0.026422,0.176523,0.004739,0.000698,7.2e-05,0.00033,0.03492,0.000314,0.002949,0.003266,0.000102,0.02461,4.5e-05,0.000101,7.7e-05,0.076878,0.000998,2.8e-05,0.001164,0.000152,0.017182,0.003243,0.000107,0.018987,0.00013,0.000252,0.000531,6.9e-05,0.000144,7.4e-05,5.5e-05
"manyara/babati/duru",0,0,0,0,0,0,0,0,0,0,0,0,0,0,0,0,0,0,0,0,0,0,0,0,0,0,0,0,0,0,0,0,0,0,0,0,0,0,0,0,0,0,0,0,0,0,0,0,0,0,0,0,0,0,0,0,0,0,0,0,0,0,0,0,0,0,0,0,0,0,0,0,0,0,0,0,0,0,0,0,0,0,0,0,0,0,0,0,0,0,0,0,0,0,0,0,0,0,0,0,0,0,0,0,0,0,0,0,0,0,0,0,0,0,0,0,0,0,0,0,0,0,0,0,0,0,0,0,0,0,0,0,0,0,0,0,0,0,0,0,0,0,0,0,0,0,0,0,0,0,0,0,0,0,0,0,0,0,0,0,0,0,0,0,0,0,0,0,0,0,0,0,0,0,0,0,0,0,0,0,0,0,0,0,0,0,0,0,0,0,0,0,0,0,0,0,0,0,0,0,0,0,0,0,0,0,0,0,0,0,0,0,0,0,0,0,0,0,0,0,0,0,0,0,0,0,0,0,0,0,0,0,0,0,0,0,0,0,0,0,0,0,0,0,0,0,0,0,0,0,0,0,0,0,0,0,0,0,0,0,0,0,0,0,0,0,0,0,0,0,0,0,0,0,0,0,0,0,0,0,0,0,0,0,0,0,0,0,0,0,0,0,0,0,0,0,0,0,0,0,0,0,0,0,0,0,0,0,0,0,0,0,0,0,0,0,0,0,0,0,0,0,0,0,0,0,0,0,0,0,0,0,0,0,0,0,0,0,0,0,0,0,0,0,0,0,0,0,0,0,0,0,0,0,0,0,0,0,0,0,0,0,0,0,0,0,0,0,0,0,0,0,0,0,0,0,0,0,0,0,0,0,0,0,0,0,0,0,0,0,0,0,0,0,0,0,0,0
"arusha/longido/elengatadapash",0,0,0,0,0,0,0,0,0,0,0,0,0,0,0,0,0,0,0,0,0,0,0,0,0,0,0,0,0,0,0,0,0,0,0,0,0,0,0,0,0,0,0,0,0,0,0,0,0,0,0,0,0,0,0,0,0,0,0,0,0,0,0,0,0,0,0,0,0,0,0,0,0,0,0,0,0,0,0,0,0,0,0,0,0,0,0,0,0,0,0,0,0,0,0,0,0,0,0,0,0,0,0,0,0,0,0,0,0,0,0,0,0,0,0,0,0,0,0,0,0,0,0,0,0,0,0,0,0,0,0,0,0,0,0,0,0,0,0,0,0,0,0,0,0,0,0,0,0,0,0,0,0,0,0,0,0,0,0,0,0,0,0,0,0,0,0,0,0,0,0,0,0,0,0,0,0,0,0,0,0,0,0,0,0,0,0,0,0,0,0,0,0,0,0,0,0,0,0,0,0,0,0,0,0,0,0,0,0,0,0,0,0,0,0,0,0,0,0,0,0,0,0,0,0,0,0,0,0,0,0,0,0,0,0,0,0,0,0,0,0,0,0,0,0,0,0,0,0,0,0,0,0,0,0,0,0,0,0,0,0,0,0,0,0,0,0,0,0,0,0,0,0,0,0,0,0,0,0,0,0,0,0,0,0,0,0,0,0,0,0,0,0,0,0,0,0,0,0,0,0,0,0,0,0,0,0,0,0,0,0,0,0,0,0,0,0,0,0,0,0,0,0,0,0,0,0,0,0,0,0,0,0,0,0,0,0,0,0,0,0,0,0,0,0,0,0,0,0,0,0,0,0,0,0,0,0,0,0,0,0,0,0,0,0,0,0,0,0,0,0,0,0,0,0,0,0,0,0,0,0,0,0,0,0,0,0,0,0,0,0,0,0,0,0,0,0,0
"arusha/arushaurban/elerai",1.4e-05,0,0,0,0,3e-06,0,0,0,1e-06,0,0,1.6e-05,0.000335,0,0,0,0,0,0,0,1e-06,0,0,0,0,0,0,0,0,2.2e-05,0,0,0,0,0,0.000104,0,0,0,0,0,0,0,0,0,0,0,9e-06,0,0,0,0,0,0,0,0,0,1e-06,3e-06,1e-06,2e-06,7e-06,0,0,0.000171,1.4e-05,0,0,1e-06,0,0,0,0,0,1e-06,0,0,0,0,0,0,0,0,0,0,4.8e-05,0,0,1e-06,0,0,1.3e-05,8.3e-05,0,0,3e-06,0,9e-06,2e-06,0,0,0,0.000231,0,1.2e-05,0,3e-06,3e-06,1e-06,2e-06,5e-06,0,5e-06,0,0,1.9e-05,0,1.2e-05,1e-06,1e-06,2.3e-05,0,0,0,0,0,0.00014,1.9e-05,0,0,1e-06,3e-06,1e-06,0,0.000282,1.7e-05,1e-06,2.2e-05,5e-06,6e-06,0,0.000496,0,0,2e-06,0,4e-06,4e-06,1e-06,0,0,0,0,1e-06,0.000585,0,0,0,0.000198,0,6e-06,0,0,0,0,1e-06,4e-06,0.000467,0,0,1.1e-05,0.036519,1e-06,1e-06,0,1e-05,0,4e-06,0,0,0,1e-06,1e-06,3.2e-05,0.000944,0,0,1.7e-05,5e-06,1e-06,0,0,0,1e-06,0,0,0,4e-06,0,9.4e-05,0,1e-06,0,4e-06,1e-06,2.4e-05,5e-06,1e-06,0,0,0,7e-06,0,0,0,0,3e-05,0,2e-06,0,0,0,0,2.6e-05,1e-06,3.1e-05,0,0,0,0,0,6e-06,0.00037,0,0,0,7e-06,1e-06,0,4e-06,4e-04,0,2.4e-05,0,0,0,0.000102,0,4e-06,0.005817,9.6e-05,1e-06,0.000375,3e-06,0,0,0,0,0,0,1e-06,0,0,2e-06,0,0,0.000187,0,0,0.00016,6e-06,0,0,2.1e-05,0,0,1e-06,0,0,1e-06,0,7.6e-05,0,0,0,0,0,0,0,0,1e-06,0,0.000272,1e-06,3e-06,6.2e-05,0.000108,1e-06,0,0,0,0,0,0,3e-06,2.7e-05,1e-06,2e-06,0,0.000597,0,0,0,1e-06,0,0,0.000124,1.3e-05,7.5e-05,4e-06,0.00022,5e-06,9e-06,0.004121,0,1e-06,2.1e-05,0,0.000392,0.000281,6.7e-05,0.000105,2e-06,1e-06,0,0,0,0.000409,0,0,0,0,0,2e-06,0,0,9e-05,2e-06,0,0,1.2e-05,6e-06,0.006151,3e-06,1.3e-05,5e-06,0,0,1e-06,0,0,0,0,0,0.001675,0.000485,0.004796,0,3.6e-05,0,0,0,0,0,3.7e-05,1e-06,6e-06,1.8e-05,0,0,0,2.5e-05,0,0,0.000231,0,1e-05,2e-06,0,0.000126,0,0,0,0,0,0,0
"manyara/simanjiro/emboreet",0.000184,1.4e-05,8e-06,5.2e-05,6e-06,0.000552,2e-06,3e-06,6e-06,0.002015,2.8e-05,2e-06,0.000126,0.002177,9.5e-05,8e-06,4e-06,1.8e-05,2e-06,7e-06,6e-06,6.3e-05,6e-06,1e-05,5e-06,3e-06,1.2e-05,8e-06,1e-06,8e-06,0.001688,8e-06,3e-06,6e-06,2e-05,7e-06,0.00022,0.000186,1.4e-05,7.9e-05,4e-06,2e-06,0.000192,0.000105,3.5e-05,6e-06,3.6e-05,0.050117,0,8e-06,4e-06,6e-06,1e-05,4e-06,0.000134,2e-06,3.2e-05,5.6e-05,0.00047,0.001265,0.000111,0.000341,4e-04,2.3e-05,0,0.001694,0.000597,2e-06,0.000186,0.003506,6e-06,1e-06,1.8e-05,9.7e-05,7e-06,0.000169,2.8e-05,2e-06,1e-06,2e-06,2e-06,1.7e-05,3e-06,3e-06,8e-06,3e-06,0.00433,2e-06,5.7e-05,0.000776,2e-06,2e-06,0.002473,0.000847,1.6e-05,0.000312,0.000212,3e-06,0.001571,0.000346,5e-06,3e-06,0.000177,0.000323,4.8e-05,0.001287,6e-06,0.000322,0.000143,0.000723,0.000147,0.000701,5.6e-05,8e-06,1.1e-05,8e-06,0.001768,6e-06,0.001655,0.00014,5.6e-05,0.002657,9e-06,3.3e-05,3e-06,7.5e-05,0.000196,0.006511,0.000833,9e-06,8e-06,0.000213,0.000637,7.1e-05,3e-06,0.00119,5.8e-05,0.000188,0.002163,0.000511,0.000329,4e-06,0.000406,4.6e-05,1.3e-05,0.00047,1e-05,0.000694,0.000538,0.000179,7e-06,9e-06,1.1e-05,1e-05,0.000308,0.01374,2e-05,2.9e-05,5.4e-05,0.025241,8.9e-05,0.014625,4e-06,2.3e-05,1e-06,2e-06,0.000153,0.000154,0.002667,5.8e-05,6.1e-05,0.002421,0.03503,0.000314,5e-05,0.001979,0.039917,7e-06,0.000503,0.000167,3e-06,1.4e-05,0.000649,9e-05,0.003073,0.099305,6e-06,1.1e-05,0.001661,5e-04,0.000154,5e-05,0.00011,3e-06,0.001701,1.1e-05,8e-06,1e-05,0.000582,6e-06,0.003114,0.000287,0.000275,1.6e-05,0.00063,8.1e-05,0.004474,0.002602,0.000176,1e-05,9e-06,7.3e-05,0.001278,4e-06,2e-06,7.5e-05,4e-06,0.005104,5.7e-05,0.000354,3e-06,1.7e-05,4e-06,1.3e-05,0.00225,4.7e-05,0.002677,2.9e-05,1.8e-05,2e-06,2e-06,4e-06,0.001002,0.006204,3.8e-05,1e-06,1.2e-05,0.000601,0.000231,7e-06,0.000433,0.13783,5e-06,0.008014,4e-06,9e-06,3.2e-05,0.00194,4e-06,0.000411,0.011064,0.005262,2.7e-05,0.003404,0.000303,0.000164,9e-06,4.7e-05,7e-06,6e-06,4e-06,0.000206,2.2e-05,5e-06,0.000894,2.4e-05,7e-06,0.003736,7e-06,0.000549,0.002657,0.001365,7e-06,6e-06,0.003713,1.9e-05,0.000181,0.001566,9e-06,5.3e-05,0.000149,5e-06,0.008085,1.8e-05,6e-06,1.4e-05,2e-06,2e-05,7e-06,1.1e-05,6.5e-05,9.7e-05,1.4e-05,0.010749,0.000125,0.000209,0.001736,6.2e-05,0.000399,0.000147,3e-06,3e-06,9e-06,0.000108,1.1e-05,0.005006,0.000245,2.8e-05,1.8e-05,1e-05,0.002756,6e-05,2.9e-05,7e-06,7.6e-05,4e-06,5e-06,0.003341,0.001896,0.006194,0.001637,0.003048,0.000332,0.000813,0.0176,0.000117,0.000153,9.9e-05,1.7e-05,0.000758,0.001103,0.000442,0.007874,0.000493,0.000816,8e-06,4.6e-05,2.8e-05,0.007297,9.6e-05,5e-06,7e-06,7e-06,8e-06,0.00115,0.000136,5.1e-05,0.001003,0.000766,6.6e-05,3e-06,0.000701,9.3e-05,0.014246,0.000677,0.001566,0.00174,4.2e-05,1.4e-05,0.000135,8e-06,2e-06,1e-05,2e-06,1.2e-05,0.008667,0.002156,0.006398,1e-05,0.000713,5e-05,2e-06,7e-06,1.5e-05,1.5e-05,0.000883,0.003509,2.3e-05,0.001249,3e-06,3e-06,4e-06,0.003708,3.4e-05,3e-06,0.000265,9e-06,0.001178,0.000201,7e-06,0.003353,6e-06,6e-06,1.1e-05,2e-06,2e-06,5e-06,2e-06
"arusha/karatu/endabash",0.000408,0.000683,3.1e-05,0.002246,9.9e-05,0.001296,0.000157,0.000255,4.5e-05,0.015449,0.000256,2.6e-05,0.000325,0.004896,0.009532,0.001084,0.000301,0.00052,7.4e-05,0.000225,2.3e-05,0.000273,3.8e-05,2.7e-05,1.9e-05,8e-06,8.5e-05,0.001929,5e-06,2.8e-05,0.001432,3.3e-05,1.1e-05,1.7e-05,0.018728,0.00016,5e-04,0.00442,0.003814,0.001445,0.000162,2.5e-05,0.001304,0.005546,0.00022,6e-05,0.00041,0.116082,0.014915,0,0.000433,0.001734,0.003044,0.000156,0.002113,2.8e-05,4.8e-05,9.5e-05,0.00082,0.152143,0.001528,0.010602,0.00252,9.7e-05,1e-06,0.003253,0.00245,0.000103,0.00592,0.007499,0.001334,7e-06,6.5e-05,0.008483,0.000152,0.003627,0.000576,2.7e-05,3.2e-05,5.9e-05,1.6e-05,0.000204,0.000102,2.9e-05,0.000116,0.000473,0.010784,6.7e-05,0.002637,0.00364,1.9e-05,5.8e-05,0.008564,0.002544,0.000237,0.029341,0.000697,1e-05,0.004085,0.001001,0.000284,0.000302,0.000698,0.000779,0.000136,0.006257,0.004943,0.000912,0.000474,0.201127,0.000487,0.002728,0.001002,1.9e-05,4e-05,2.9e-05,0.003905,2.1e-05,0.004938,0.000482,0.00026,0.009058,2.6e-05,9.6e-05,1.1e-05,0.00028,0.001015,0.020826,0.001481,3.2e-05,2.6e-05,0.000957,0.001859,0.000206,7e-06,0.002731,0.000163,0.000582,0.016382,0.001505,0.000817,1.6e-05,0.001025,0.000139,5.6e-05,0.001377,0.000263,0.002079,0.001761,0.000572,2.8e-05,2.1e-05,4.4e-05,2.8e-05,0.001172,0.037951,0.000121,0.000452,0.000127,0.069634,0.000271,0.006791,1.3e-05,6.6e-05,3.7e-05,2.3e-05,0.000363,0.000452,0.005458,0.000149,0.000353,0.025908,0.080777,0.000586,0.000175,0.001637,0.028118,4.7e-05,0.001477,0.000562,9e-06,0.000337,0.002044,0.000237,0.009956,0.16325,2e-05,3.8e-05,0.004979,0.00154,0.00039,0.001181,0.012691,0.000161,0.013143,5.2e-05,2.9e-05,0.000113,0.001695,0.000367,0.007345,0.000421,0.001152,2.9e-05,0.002348,0.000238,0.014311,0.0274,0.006911,3.7e-05,3.2e-05,0.000199,0.004668,1.4e-05,0.000566,0.000292,0.00095,0.021042,0.000197,0.001211,0.000151,3.3e-05,5.2e-05,4e-05,0.006174,0.000144,0.008749,6.9e-05,0.004039,2.8e-05,2.7e-05,0.000428,0.012949,0.012352,0.000158,2e-06,3.9e-05,0.00125,0.014965,2.5e-05,0.000667,0.145621,1.4e-05,0.030242,1.4e-05,2.7e-05,9.3e-05,0.003602,5e-05,0.000551,0.027248,0.045611,0.000116,0.006919,0.001314,0.000569,3.6e-05,0.000136,2.1e-05,1.8e-05,1.4e-05,0.000577,0.000144,1.7e-05,0.074889,0.000251,0.000252,0.012377,5.1e-05,0.003548,0.009888,0.003589,2.3e-05,1.8e-05,0.012642,6.7e-05,0.000653,0.002004,0.000398,0.003177,0.000245,0.00016,0.059581,0.000857,3.1e-05,0.000124,1.8e-05,8e-05,0.000181,3.4e-05,0.000148,0.000415,5.1e-05,0.017505,0.00037,0.000803,0.00836,0.000149,0.000725,0.026039,1.2e-05,7e-06,2.5e-05,0.000282,3.4e-05,0.084662,0.000582,7e-05,4.5e-05,3.4e-05,0.008907,0.006264,9.9e-05,2.1e-05,0.000242,0.00164,0.000135,0.018812,0.007621,0.010525,0.001085,0.011126,0.000884,0.004082,0.069898,0.003474,0.004456,0.000218,0.000312,0.002037,0.002829,0.001357,0.074108,0.008758,0.00181,3.9e-05,0.000127,0.000581,0.016622,0.000167,0.002399,2.2e-05,0.000837,0.000115,0.002689,0.000443,0.001124,0.00328,0.002058,0.001343,0.000217,0.002246,0.000219,0.033212,0.01647,0.006035,0.002472,0.000118,5.2e-05,0.000372,0.000102,2.9e-05,7.1e-05,1.6e-05,0.000227,0.021197,0.006343,0.014499,4.7e-05,0.001966,0.000141,6e-06,2.2e-05,9.3e-05,6.5e-05,0.001434,0.001112,5.1e-05,0.009535,0.000205,1.1e-05,0.000154,0.015381,0.000789,0.00026,0.000614,3.2e-05,0.003613,0.000651,2.2e-05,0.00713,2.4e-05,1.9e-05,3.9e-05,6e-06,8e-06,0.00021,0.000199
"manyara/mbulu/endagikot",1.1e-05,8e-06,1e-06,3.9e-05,1.6e-05,4e-05,0.000292,0.000137,5e-06,0.001786,3.2e-05,2e-06,8e-06,0.000128,0.000419,0.000261,4.7e-05,7.8e-05,7e-06,2e-05,1e-06,7e-06,4e-06,1e-06,1e-06,0,9e-06,2.6e-05,0,1e-06,4.2e-05,2e-06,0,1e-06,6.1e-05,2.1e-05,1.3e-05,0.000694,0.000347,2.9e-05,2.4e-05,2e-06,5.5e-05,0.001144,1e-05,7e-06,7e-06,0.003192,0.000611,3.5e-05,0,1.3e-05,1.4e-05,1.5e-05,0.000236,3e-06,1e-06,6e-06,3.1e-05,0.002441,3.3e-05,0.000153,5.5e-05,4e-06,0,8.7e-05,5.4e-05,7e-06,8.1e-05,5e-04,7e-06,1e-06,2e-06,0.001167,1.3e-05,6.7e-05,9e-06,3e-06,2e-06,5e-06,2e-06,2.1e-05,1.7e-05,2e-06,1.3e-05,0.000145,0.000316,7e-06,0.000213,0.000131,2e-06,4e-06,0.000268,6.3e-05,4e-06,0.038941,1.9e-05,0,0.000128,3.1e-05,0.00019,6e-06,2.5e-05,2e-05,4e-06,0.000174,3.5e-05,2.7e-05,1.2e-05,0.001154,1.4e-05,8.1e-05,9.7e-05,0,1e-06,1e-06,0.000115,1e-06,0.000149,1.4e-05,8e-06,0.000266,1e-06,3e-06,0,1e-05,4.2e-05,0.000589,4.2e-05,1e-06,1e-06,3e-05,5.9e-05,6e-06,0,7.1e-05,4e-06,1.8e-05,0.000386,4.4e-05,2.3e-05,1e-06,2.6e-05,4e-06,2e-06,4.5e-05,5.3e-05,6.4e-05,5.3e-05,1.7e-05,1e-06,1e-06,1e-06,1e-06,4e-05,0.000927,4e-06,8e-06,5e-06,0.002197,9e-06,0.000255,0,2e-06,3e-06,2e-06,1.2e-05,1.2e-05,0.000144,5e-06,1.5e-05,0.000494,0.002181,2.1e-05,5e-06,7.9e-05,0.00098,1e-06,4.4e-05,2.3e-05,0,6e-06,7.4e-05,7e-06,0.000287,0.005477,1e-06,1e-06,0.000145,4.4e-05,1.2e-05,0.000246,0.000469,1.7e-05,0.001019,2e-06,1e-06,1.5e-05,5.1e-05,3e-06,0.000201,2.1e-05,4.1e-05,1e-06,7.1e-05,7e-06,0.00045,0.000563,0.000102,1e-06,1e-06,1.3e-05,0.000145,0,9e-06,1e-05,3.5e-05,0.000646,6e-06,3.7e-05,1.9e-05,1e-06,7e-06,1e-06,0.000178,4e-06,0.000249,2e-06,0.000209,3e-06,3e-06,0.000101,0.000269,0.00032,8e-06,0,1e-06,3.7e-05,0.000159,1e-06,2e-05,0.004271,0,0.001038,0,1e-06,3e-06,9.8e-05,5e-06,1.5e-05,0.000704,0.000947,3e-06,0.000185,3.7e-05,2e-05,1e-06,4e-06,1e-06,1e-06,0,1.8e-05,4e-06,1e-06,0.000759,5e-06,0.000102,0.000288,6e-06,0.000205,0.000227,0.000116,1e-06,1e-06,0.000393,2e-06,2.3e-05,7.6e-05,0.000103,3.2e-05,8e-06,2e-06,0.00148,0.000696,1e-06,1.3e-05,2e-06,2e-06,3e-05,1e-06,7e-06,1.1e-05,2e-06,5e-04,1.1e-05,2.2e-05,0.000213,4e-06,2.5e-05,0.000193,0,0,1e-06,1e-05,2e-06,0.003202,1.5e-05,2e-06,1e-06,1e-06,0.000226,7.5e-05,5e-06,1e-06,7e-06,7e-06,3e-06,0.000457,0.000229,0.000301,3.4e-05,0.000262,2.5e-05,0.000108,0.001797,7.2e-05,9e-05,6e-06,7e-06,5e-05,7.2e-05,3.3e-05,0.001758,0.000188,7e-05,2e-06,4e-06,1e-05,0.000449,1.1e-05,8e-06,1e-06,6e-06,1.5e-05,9.6e-05,1.6e-05,2.1e-05,8e-05,7.1e-05,2.6e-05,0.000161,6.1e-05,6e-06,0.000871,0.000245,0.000133,8.1e-05,4e-06,2e-06,1.1e-05,1.5e-05,3e-06,8e-06,1e-06,5e-06,0.000552,0.000166,0.000374,2e-06,5.1e-05,4e-06,0,1e-06,4e-06,2e-06,3.9e-05,4e-05,1e-06,0.000238,0.000171,0,4.1e-05,0.000462,9.9e-05,0.000114,1.6e-05,1e-06,0.000107,1.9e-05,1e-06,0.000196,1e-06,1e-06,1e-06,0,0,7.2e-05,1.7e-05
"arusha/karatu/endamaghang",1.9e-05,6e-05,2e-06,0.000166,4e-06,7e-05,4e-06,6e-06,2e-06,0.000537,9e-06,1e-06,1.5e-05,0.000229,0.000863,2.3e-05,1e-05,1.6e-05,3e-06,9e-06,1e-06,1e-05,2e-06,1e-06,1e-06,0,3e-06,2.1e-05,0,2e-06,0.000102,2e-06,1e-06,1e-06,0.001,5e-06,2.3e-05,0.000123,5e-05,0.000119,8e-06,1e-06,5.4e-05,0.000167,9e-06,2e-06,2.2e-05,0.005757,0.000557,9.2e-05,8e-06,0,4.2e-05,9e-06,6.4e-05,1e-06,2e-06,3e-06,4.3e-05,0.027723,6.8e-05,0.000439,0.000135,5e-06,0,0.000148,0.000107,7e-06,0.000155,0.000192,5.8e-05,0,3e-06,0.000165,6e-06,0.000174,3.9e-05,1e-06,2e-06,3e-06,1e-06,6e-06,5e-06,1e-06,5e-06,9e-06,0.000569,4e-06,0.000117,0.000148,1e-06,3e-06,0.000491,0.000123,1.4e-05,0.00077,3.8e-05,1e-06,0.000224,5.6e-05,7e-06,5.9e-05,4.1e-05,3.6e-05,7e-06,0.000366,4.3e-05,5e-05,2.5e-05,0.004443,2.6e-05,0.000157,3.4e-05,1e-06,2e-06,2e-06,0.000201,1e-06,0.000273,2.7e-05,1e-05,0.000507,1e-06,5e-06,1e-06,1.6e-05,4.1e-05,0.000743,7.1e-05,2e-06,1e-06,3.8e-05,0.000104,1.1e-05,0,0.000127,8e-06,3.2e-05,0.000995,8.2e-05,4.2e-05,1e-06,4.7e-05,8e-06,3e-06,7.8e-05,6e-06,0.000116,9.9e-05,3.2e-05,2e-06,1e-06,3e-06,2e-06,6.9e-05,0.001684,5e-06,1.8e-05,7e-06,0.003988,1.5e-05,0.000205,1e-06,4e-06,1e-06,1e-06,2e-05,2.3e-05,0.000249,8e-06,1.4e-05,0.000711,0.003922,3.1e-05,9e-06,5e-05,0.000693,3e-06,8.1e-05,3.2e-05,1e-06,3.2e-05,0.000117,1.3e-05,0.000548,0.015319,1e-06,2e-06,0.000271,8.3e-05,2.1e-05,4.5e-05,0.000147,6e-06,0.000277,3e-06,2e-06,4e-06,9.3e-05,1.2e-05,0.000364,2e-05,4.6e-05,1e-06,0.000134,1.2e-05,0.000815,0.000639,0.000726,2e-06,2e-06,5e-06,0.000269,1e-06,8e-05,1.7e-05,1.4e-05,0.001244,1.1e-05,6.9e-05,5e-06,2e-06,2e-06,2e-06,0.000329,8e-06,0.000479,4e-06,0.000142,1e-06,1e-06,1.2e-05,0.000895,0.00054,9e-06,0,2e-06,4.2e-05,0.000491,1e-06,3.3e-05,0.009395,1e-06,0.001219,1e-06,1e-06,5e-06,0.000167,2e-06,2.3e-05,0.001284,0.001586,5e-06,0.00032,7.6e-05,3.3e-05,2e-06,8e-06,1e-06,1e-06,1e-06,2.1e-05,4e-06,1e-06,0.001561,1.5e-05,8e-06,0.000553,2e-06,9.6e-05,0.00046,0.000199,1e-06,1e-06,0.000724,4e-06,3.8e-05,6.9e-05,9e-06,0.000207,1.2e-05,1.1e-05,0.003775,2.5e-05,1e-06,3e-06,1e-06,5e-06,8e-06,2e-06,8e-06,2.3e-05,3e-06,0.000823,2e-05,4.4e-05,0.000301,7e-06,3.8e-05,0.004904,1e-06,0,1e-06,1.6e-05,2e-06,0.001517,2.7e-05,3e-06,2e-06,2e-06,0.000281,0.000647,5e-06,1e-06,1.3e-05,0.000112,8e-06,0.000682,0.000442,0.000322,4.6e-05,0.000532,4.6e-05,0.000235,0.002412,0.000226,0.000281,1e-05,2.7e-05,9.3e-05,0.000133,6.2e-05,0.003148,0.00074,6.7e-05,2e-06,7e-06,4.6e-05,0.000806,6e-06,5.6e-05,1e-06,2.5e-05,3e-06,0.000148,2.5e-05,9.8e-05,0.000158,0.000115,0.000116,5e-06,0.000119,1e-05,0.001568,0.000495,0.000242,8.3e-05,7e-06,3e-06,2e-05,4e-06,1e-06,3e-06,1e-06,2e-05,0.001008,0.000203,0.000662,3e-06,9.7e-05,8e-06,0,1e-06,4e-06,4e-06,6.3e-05,3.2e-05,2e-06,0.000383,7e-06,1e-06,6e-06,0.000902,3.8e-05,6e-06,2.8e-05,2e-06,0.000199,3.6e-05,1e-06,0.000345,1e-06,1e-06,2e-06,0,0,8e-06,1.2e-05
"arusha/karatu/endamarariek",1e-06,2e-06,0,4e-06,0,3e-06,0,0,0,3.1e-05,0,0,1e-06,1.5e-05,1.1e-05,1e-06,0,1e-06,0,0,0,1e-06,0,0,0,0,0,3e-06,0,0,7e-06,0,0,0,1.2e-05,0,2e-06,5e-06,3e-06,4e-06,0,0,2e-06,6e-06,0,0,1e-06,0.000406,4.3e-05,7e-06,0,2e-06,0,0,3e-06,0,0,0,2e-06,0.000186,3e-06,2.6e-05,8e-06,0,0,1e-05,9e-06,0,3.7e-05,1.3e-05,5e-06,0,0,1.3e-05,0,7e-06,2e-06,0,0,0,0,0,0,0,0,0,3e-05,0,3e-06,6e-06,0,0,2.2e-05,8e-06,1e-06,3.6e-05,2e-06,0,1.1e-05,3e-06,0,0,2e-06,2e-06,0,1.7e-05,2e-06,2e-06,1e-06,0.001166,1e-06,7e-06,1e-06,0,0,0,1.1e-05,0,1.3e-05,1e-06,0,2.4e-05,0,0,0,1e-06,2e-06,4.3e-05,4e-06,0,0,2e-06,5e-06,1e-06,0,9e-06,1e-06,2e-06,4.7e-05,4e-06,2e-06,0,3e-06,0,0,3e-06,0,5e-06,5e-06,1e-06,0,0,0,0,3e-06,0.000131,0,1e-06,0,0.000195,1e-06,1.3e-05,0,0,0,0,1e-06,1e-06,1.7e-05,0,1e-06,7.6e-05,0.000273,1e-06,0,3e-06,6.5e-05,0,4e-06,1e-06,0,1e-06,5e-06,1e-06,2.7e-05,0.00078,0,0,1.4e-05,4e-06,1e-06,2e-06,2e-05,0,2.2e-05,0,0,0,5e-06,2e-06,2.2e-05,1e-06,2e-06,0,6e-06,1e-06,3.7e-05,8.5e-05,1.6e-05,0,0,0,1.2e-05,0,0,1e-06,1e-06,5.4e-05,1e-06,3e-06,0,0,0,0,1.7e-05,0,2.4e-05,0,3e-06,0,0,0,3.6e-05,4.1e-05,0,0,0,3e-06,4.8e-05,0,2e-06,0.000882,0,5.4e-05,0,0,0,1.1e-05,0,2e-06,8.8e-05,0.000114,0,2.2e-05,3e-06,1e-06,0,0,0,0,0,1e-06,1e-06,0,0.000433,1e-06,0,4.2e-05,0,1e-05,3.3e-05,9e-06,0,0,3.3e-05,0,2e-06,4e-06,1e-06,1.1e-05,1e-06,0,0.000172,1e-06,0,0,0,0,0,0,0,1e-06,0,5.4e-05,1e-06,2e-06,1.8e-05,0,2e-06,4.9e-05,0,0,0,1e-06,0,0.000211,2e-06,0,0,0,2.1e-05,9e-06,0,0,1e-06,3e-06,0,4.1e-05,2e-05,2.3e-05,3e-06,3.6e-05,2e-06,1.1e-05,0.000167,6e-06,7e-06,1e-06,1e-06,7e-06,9e-06,4e-06,0.000163,2.1e-05,3e-06,0,0,2e-06,5.1e-05,0,8e-06,0,7e-06,0,7e-06,1e-06,3e-06,1e-05,5e-06,3e-06,0,6e-06,1e-06,0.000107,5e-05,2.2e-05,5e-06,0,0,1e-06,0,0,0,0,1e-06,6.7e-05,1.4e-05,4.7e-05,0,6e-06,0,0,0,0,0,5e-06,2e-06,0,1.9e-05,0,0,0,4e-05,1e-06,0,2e-06,0,1e-05,2e-06,0,2.1e-05,0,0,0,0,0,0,0
"manyara/mbulu/endamilay",0,0,0,0,0,0,0,0,0,0,0,0,0,0,0,0,0,0,0,0,0,0,0,0,0,0,0,0,0,0,0,0,0,0,0,0,0,0,0,0,0,0,0,0,0,0,0,0,0,0,0,0,0,0,0,0,0,0,0,0,0,0,0,0,0,0,0,0,0,0,0,0,0,0,0,0,0,0,0,0,0,0,0,0,0,0,0,0,0,0,0,0,0,0,0,0,0,0,0,0,0,0,0,0,0,0,0,0,0,0,0,0,0,0,0,0,0,0,0,0,0,0,0,0,0,0,0,0,0,0,0,0,0,0,0,0,0,0,0,0,0,0,0,0,0,0,0,0,0,0,0,0,0,0,0,0,0,0,0,0,0,0,0,0,0,0,0,0,0,0,0,0,0,0,0,0,0,0,0,0,0,0,0,0,0,0,0,0,0,0,0,0,0,0,0,0,0,0,0,0,0,0,0,0,0,0,0,0,0,0,0,0,0,0,0,0,0,0,0,0,0,0,0,0,0,0,0,0,0,0,0,0,0,0,0,0,0,0,0,0,0,0,0,0,0,0,0,0,0,0,0,0,0,0,0,0,0,0,0,0,0,0,0,0,0,0,0,0,0,0,0,0,0,0,0,0,0,0,0,0,0,0,0,0,0,0,0,0,0,0,0,0,0,0,0,0,0,0,0,0,0,0,0,0,0,0,0,0,0,0,0,0,0,0,0,0,0,0,0,0,0,0,0,0,0,0,0,0,0,0,0,0,0,0,0,0,0,0,0,0,0,0,0,0,0,0,0,0,0,0,0,0,0,0,0,0,0,0,0,0,0,0,0,0,0,0,0,0,0,0,0,0,0,0,0,0,0,0,0,0,0,0,0,0,0,0,0,0,0,0,0,0,0,0,0,0,0,0
"manyara/hanang/endasak",0.000595,0.000231,6.8e-05,0.001589,0.002879,0.002878,0.000177,0.000195,0.003622,0.218408,0.007478,0.001323,0.000441,0.006801,0.008191,0.000489,0.00088,0.019645,0.001202,0.00433,7.3e-05,0.000455,0.002866,5.5e-05,5.8e-05,1.7e-05,0.003729,0.000212,3.5e-05,8.7e-05,0.002458,0.000263,3.3e-05,4.3e-05,0.000831,0.016033,0.000665,0.186287,0.001042,0.001439,0.000824,0.002316,0.007018,0.03872,0.001627,0.007491,0.000272,0.144382,0.040105,0.000348,0.00048,0.000198,0.000196,0.000749,0,0.018704,9.4e-05,0.000625,0.003013,0.058903,0.00171,0.00493,0.002607,0.000658,1e-06,0.00461,0.002251,0.000294,0.001714,0.06069,0.000111,0.000754,0.000106,0.004416,0.004935,0.002964,0.000346,0.001653,0.000391,0.000525,0.010499,0.041054,0.00098,0.001616,0.018472,0.000273,0.020262,0.000858,0.017744,0.011847,0.008068,0.00055,0.019266,0.003278,0.000148,0.022727,0.001205,2.5e-05,0.009221,0.002279,0.000396,0.000152,0.002163,0.001018,0.000283,0.011102,0.000234,0.001843,0.000719,0.018406,0.00085,0.005603,0.098444,2.5e-05,8.5e-05,6.3e-05,0.007396,0.000156,0.010225,0.000931,0.000496,0.017615,6.4e-05,0.000244,2.7e-05,0.000893,0.005217,0.034511,0.002473,6.7e-05,5.6e-05,0.002112,0.004348,0.00042,1.9e-05,0.003713,0.000203,0.001224,0.020557,0.002962,0.001391,5e-05,0.001304,0.000275,0.000118,0.003515,0.002297,0.004516,0.003707,0.00124,5.8e-05,5.6e-05,9.6e-05,8.1e-05,0.003374,0.040851,0.000254,0.000359,0.000562,0.13568,0.000651,0.019004,2.6e-05,0.000175,0.000807,0.000888,0.000888,0.000701,0.007501,0.000383,0.001797,0.015964,0.103332,0.001881,0.000299,0.009138,0.045652,5.6e-05,0.00298,0.002689,2.8e-05,0.000288,0.006844,0.000512,0.018462,0.289082,3.7e-05,7.2e-05,0.009493,0.002858,0.000801,0.018221,0.004116,0.00112,0.046485,0.000321,6.5e-05,0.001165,0.003494,6.8e-05,0.011606,0.003112,0.003691,5.3e-05,0.004977,0.000395,0.031937,0.016637,0.00351,7.9e-05,7e-05,0.001024,0.010414,3e-05,0.000111,0.000882,0.000156,0.044299,0.000416,0.00261,0.001397,5.6e-05,0.006878,7.1e-05,0.011397,0.000256,0.015795,0.00014,0.001203,0.013043,0.012907,0.000582,0.013139,0.015567,0.001337,5e-06,8e-05,0.00229,0.003774,5.4e-05,0.00132,0.161449,2.8e-05,0.078909,4.1e-05,5.5e-05,0.000193,0.005436,0.003796,0.000757,0.035238,0.038078,0.000105,0.009848,0.002459,0.001785,7.6e-05,0.000335,4.5e-05,5.4e-05,4.1e-05,0.001345,0.000108,5.2e-05,0.014778,0.00024,0.001018,0.012843,0.000557,0.006557,0.010394,0.008768,5.6e-05,5.5e-05,0.027701,0.000146,0.002062,0.006751,0.000494,0.00077,0.000543,6.3e-05,0.077528,0.001724,0.000193,0.002514,0.003671,0.000162,0.003653,5.8e-05,0.000956,0.000677,0.000158,0.02829,0.000774,0.001313,0.011523,0.000192,0.00196,0.003681,2.6e-05,1.9e-05,5.2e-05,0.000795,0.000265,0.06823,0.000816,0.000104,6.4e-05,6.6e-05,0.011086,0.001986,0.000963,4.4e-05,0.000503,0.000101,0.000134,0.023186,0.015761,0.016195,0.002004,0.012465,0.001566,0.006527,0.083841,0.00355,0.004336,0.000299,0.000386,0.00249,0.003714,0.001563,0.084773,0.00953,0.006966,0.000265,0.000264,0.000441,0.024572,0.001914,0.000115,4.4e-05,0.000106,0.007309,0.008363,0.001598,0.000927,0.004025,0.005935,0.001256,0.000195,0.003721,0.000318,0.043756,0.007061,0.005149,0.005678,0.000296,0.000111,0.000762,0.002204,0.006174,0.002058,0.001964,0.000258,0.028425,0.008532,0.01872,0.000309,0.002812,0.000289,1.8e-05,6.8e-05,0.000491,0.000128,0.002069,0.002596,6.9e-05,0.013295,0.00037,2.9e-05,0.001099,0.031301,0.021751,0.00016,0.000804,6.3e-05,0.007233,0.001326,4.4e-05,0.01111,5.1e-05,5.7e-05,0.000117,1.8e-05,2.7e-05,0.000784,0.000302
"manyara/hanang/endasiwold",0,0,0,0,0,0,0,0,0,0,0,0,0,0,0,0,0,0,0,0,0,0,0,0,0,0,0,0,0,0,0,0,0,0,0,0,0,0,0,0,0,0,0,0,0,0,0,0,0,0,0,0,0,0,0,0,0,0,0,0,0,0,0,0,0,0,0,0,0,0,0,0,0,0,0,0,0,0,0,0,0,0,0,0,0,0,0,0,0,0,0,0,0,0,0,0,0,0,0,0,0,0,0,0,0,0,0,0,0,0,0,0,0,0,0,0,0,0,0,0,0,0,0,0,0,0,0,0,0,0,0,0,0,0,0,0,0,0,0,0,0,0,0,0,0,0,0,0,0,0,0,0,0,0,0,0,0,0,0,0,0,0,0,0,0,0,0,0,0,0,0,0,0,0,0,0,0,0,0,0,0,0,0,0,0,0,0,0,0,0,0,0,0,0,0,0,0,0,0,0,0,0,0,0,0,0,0,0,0,0,0,0,0,0,0,0,0,0,0,0,0,0,0,0,0,0,0,0,0,0,0,0,0,0,0,0,0,0,0,0,0,0,0,0,0,0,0,0,0,0,0,0,0,0,0,0,0,0,0,0,0,0,0,0,0,0,0,0,0,0,0,0,0,0,0,0,0,0,0,0,0,0,0,0,0,0,0,0,0,0,0,0,0,0,0,0,0,0,0,0,0,0,0,0,0,0,0,0,0,0,0,0,0,0,0,0,0,0,0,0,0,0,0,0,0,0,0,0,0,0,0,0,0,0,0,0,0,0,0,0,0,0,0,0,0,0,0,0,0,0,0,0,0,0,0,0,0,0,0,0,0,0,0,0,0,0,0,0,0,0,0,0,0,0,0,0,0,0,0,0,0,0,0,0,0,0,0,0,0,0,0,0,0,0,0,0,0,0
"manyara/simanjiro/endiantu",0,0,0,0,0,0,0,0,0,0,0,0,0,0,0,0,0,0,0,0,0,0,0,0,0,0,0,0,0,0,0,0,0,0,0,0,0,0,0,0,0,0,0,0,0,0,0,0,0,0,0,0,0,0,0,0,0,0,0,0,0,0,0,0,0,0,0,0,0,0,0,0,0,0,0,0,0,0,0,0,0,0,0,0,0,0,0,0,0,0,0,0,0,0,0,0,0,0,0,0,0,0,0,0,0,0,0,0,0,0,0,0,0,0,0,0,0,0,0,0,0,0,0,0,0,0,0,0,0,0,0,0,0,0,0,0,0,0,0,0,0,0,0,0,0,0,0,0,0,0,0,0,0,0,0,0,0,0,0,0,0,0,0,0,0,0,0,0,0,0,0,0,0,0,0,0,0,0,0,0,0,0,0,0,0,0,0,0,0,0,0,0,0,0,0,0,0,0,0,0,0,0,0,0,0,0,0,0,0,0,0,0,0,0,0,0,0,0,0,0,0,0,0,0,0,0,0,0,0,0,0,0,0,0,0,0,0,0,0,0,0,0,0,0,0,0,0,0,0,0,0,0,0,0,0,0,0,0,0,0,0,0,0,0,0,0,0,0,0,0,0,0,0,0,0,0,0,0,0,0,0,0,0,0,0,0,0,0,0,0,0,0,0,0,0,0,0,0,0,0,0,0,0,0,0,0,0,0,0,0,0,0,0,0,0,0,0,0,0,0,0,0,0,0,0,0,0,0,0,0,0,0,0,0,0,0,0,0,0,0,0,0,0,0,0,0,0,0,0,0,0,0,0,0,0,0,0,0,0,0,0,0,0,0,0,0,0,0,0,0,0,0,0,0,0,0,0,0,0,0,0,0,0,0,0,0,0,0,0,0,0,0,0,0,0,0,0,0
"manyara/babati/endokise",0,0,0,0,0,0,0,0,0,0,0,0,0,0,0,0,0,0,0,0,0,0,0,0,0,0,0,0,0,0,0,0,0,0,0,0,0,0,0,0,0,0,0,0,0,0,0,0,0,0,0,0,0,0,0,0,0,0,0,0,0,0,0,0,0,0,0,0,0,0,0,0,0,0,0,0,0,0,0,0,0,0,0,0,0,0,0,0,0,0,0,0,0,0,0,0,0,0,0,0,0,0,0,0,0,0,0,0,0,0,0,0,0,0,0,0,0,0,0,0,0,0,0,0,0,0,0,0,0,0,0,0,0,0,0,0,0,0,0,0,0,0,0,0,0,0,0,0,0,0,0,0,0,0,0,0,0,0,0,0,0,0,0,0,0,0,0,0,0,0,0,0,0,0,0,0,0,0,0,0,0,0,0,0,0,0,0,0,0,0,0,0,0,0,0,0,0,0,0,0,0,0,0,0,0,0,0,0,0,0,0,0,0,0,0,0,0,0,0,0,0,0,0,0,0,0,0,0,0,0,0,0,0,0,0,0,0,0,0,0,0,0,0,0,0,0,0,0,0,0,0,0,0,0,0,0,0,0,0,0,0,0,0,0,0,0,0,0,0,0,0,0,0,0,0,0,0,0,0,0,0,0,0,0,0,0,0,0,0,0,0,0,0,0,0,0,0,0,0,0,0,0,0,0,0,0,0,0,0,0,0,0,0,0,0,0,0,0,0,0,0,0,0,0,0,0,0,0,0,0,0,0,0,0,0,0,0,0,0,0,0,0,0,0,0,0,0,0,0,0,0,0,0,0,0,0,0,0,0,0,0,0,0,0,0,0,0,0,0,0,0,0,0,0,0,0,0,0,0,0,0,0,0,0,0,0,0,0,0,0,0,0,0,0,0,0,0,0
"manyara/simanjiro/endonyongijape",0,0,0,0,0,0,0,0,0,0,0,0,0,0,0,0,0,0,0,0,0,0,0,0,0,0,0,0,0,0,0,0,0,0,0,0,0,0,0,0,0,0,0,0,0,0,0,0,0,0,0,0,0,0,0,0,0,0,0,0,0,0,0,0,0,0,0,0,0,0,0,0,0,0,0,0,0,0,0,0,0,0,0,0,0,0,0,0,0,0,0,0,0,0,0,0,0,0,0,0,0,0,0,0,0,0,0,0,0,0,0,0,0,0,0,0,0,0,0,0,0,0,0,0,0,0,0,0,0,0,0,0,0,0,0,0,0,0,0,0,0,0,0,0,0,0,0,0,0,0,0,0,0,0,0,0,0,0,0,0,0,0,0,0,0,0,0,0,0,0,0,0,0,0,0,0,0,0,0,0,0,0,0,0,0,0,0,0,0,0,0,0,0,0,0,0,0,0,0,0,0,0,0,0,0,0,0,0,0,0,0,0,0,0,0,0,0,0,0,0,0,0,0,0,0,0,0,0,0,0,0,0,0,0,0,0,0,0,0,0,0,0,0,0,0,0,0,0,0,0,0,0,0,0,0,0,0,0,0,0,0,0,0,0,0,0,0,0,0,0,0,0,0,0,0,0,0,0,0,0,0,0,0,0,0,0,0,0,0,0,0,0,0,0,0,0,0,0,0,0,0,0,0,0,0,0,0,0,0,0,0,0,0,0,0,0,0,0,0,0,0,0,0,0,0,0,0,0,0,0,0,0,0,0,0,0,0,0,0,0,0,0,0,0,0,0,0,0,0,0,0,0,0,0,0,0,0,0,0,0,0,0,0,0,0,0,0,0,0,0,0,0,0,0,0,0,0,0,0,0,0,0,0,0,0,0,0,0,0,0,0,0,0,0,0,0,0,0
"arusha/ngorongoro/endulen",0.000738,0.003123,8.4e-05,0.023599,9.3e-05,0.003043,7.5e-05,0.000103,5e-05,0.013696,0.000242,4.7e-05,0.000589,0.008531,0.022552,0.000369,0.000343,0.000608,0.000133,0.000428,6.3e-05,0.000613,4.4e-05,6.5e-05,5.2e-05,2e-05,8.9e-05,0.000299,1.1e-05,7.4e-05,0.002426,8e-05,2.9e-05,4.2e-05,0.00741,0.000201,0.00084,0.004591,0.001047,0.00855,0.000204,4e-05,0.00353,0.005781,0.000556,6.5e-05,0.00084,0.182657,0.016879,0.001234,0.000218,0.003824,0.000599,0.000267,0.002694,3.6e-05,9.2e-05,9e-05,0.001877,0,0.004775,0.023878,0.005577,0.000246,7e-06,0.005411,0.003643,0.000238,0.003292,0.007875,0.000827,1e-05,0.000151,0.002804,0.000295,0.012835,0.00193,4.2e-05,7.3e-05,0.000117,2.1e-05,0.000247,0.000121,5.1e-05,0.00016,0.000216,0.023942,0.000106,0.005738,0.009689,2.6e-05,0.000139,0.022468,0.004699,0.000582,0.01329,0.00164,2.7e-05,0.009916,0.002516,0.00014,0.004876,0.001947,0.001323,0.00033,0.017133,0.000489,0.002192,0.001035,0.0882,0.001153,0.007282,0.001587,3.2e-05,0.000107,7.8e-05,0.008386,5e-05,0.012145,0.001214,0.000639,0.022644,6.6e-05,0.000247,2.8e-05,0.000771,0.002605,0.041457,0.002728,8.3e-05,6.8e-05,0.002453,0.004714,5e-04,1.8e-05,0.004708,0.000282,0.00146,0.04611,0.003622,0.001721,4.2e-05,0.001731,0.00034,0.000155,0.003551,2e-04,0.00521,0.004489,0.001461,7.4e-05,5.1e-05,0.000123,7.1e-05,0.003248,0.055364,0.000335,0.001139,0.000305,0.157363,7e-04,0.010209,3e-05,0.000172,7.4e-05,4.6e-05,0.000877,0.000954,0.00906,0.000371,0.000931,0.028497,0.130785,0.001373,0.000418,0.002483,0.02712,0.000125,0.003588,0.001436,2.5e-05,0.002878,0.00538,0.00057,0.023988,0.328572,5.2e-05,9.6e-05,0.011869,0.003665,0.000911,0.001109,0.003519,0.000273,0.009315,0.000137,7.7e-05,8.9e-05,0.004141,0.000251,0.014425,0.000788,0.002998,5.7e-05,0.006239,0.000524,0.03647,0.02286,0.061022,9.7e-05,8.4e-05,0.000174,0.012456,3.7e-05,0.000781,0.000815,0.000191,0.056647,0.000512,0.003151,0.000221,6.4e-05,5.8e-05,9.4e-05,0.014062,0.000336,0.020894,0.000157,0.002,3.8e-05,3.2e-05,0.000335,0.047472,0.018545,0.000383,5e-06,9.8e-05,0.002295,0.018504,6.6e-05,0.001302,0.16069,3.3e-05,0.074447,3.6e-05,6.5e-05,0.000227,0.006241,8.1e-05,0.000767,0.046101,0.077145,0.000172,0.011816,0.003533,0.00154,9.6e-05,0.000349,5.2e-05,4.8e-05,3.7e-05,0.001309,9.5e-05,4.6e-05,0.043509,0.000738,0.000173,0.019066,4.3e-05,0.002198,0.016517,0.008908,5.9e-05,4.6e-05,0.032698,0.000178,0.001783,0.00387,0.000181,0.006595,0.000516,0.000509,0.162451,0.000488,7.7e-05,0.000117,2.7e-05,0.000217,0.000209,7.9e-05,0.000329,0.001047,0.000139,0.030458,0.000913,0.00194,0.017197,0.000249,0.001664,0.086028,3.2e-05,1.9e-05,6.1e-05,0.000714,7.9e-05,0.044284,0.001045,0.000133,8.4e-05,8.6e-05,0.014042,0.088296,0.00022,5.1e-05,0.000611,0.000993,0.000733,0.037861,0.020511,0.015803,0.001576,0.01971,0.001955,0.010839,0.116045,0.027912,0.032202,0.000372,0.002305,0.003401,0.004957,0.002271,0.175214,0.054068,0.004018,9.3e-05,0.000307,0.002874,0.030597,0.000192,0.000652,5.3e-05,0.000454,0.000118,0.006631,0.00117,0.007347,0.006027,0.005241,0.008842,9.3e-05,0.005106,0.000403,0.055816,0.020357,0.007459,0.004543,0.000301,0.000139,0.000892,9e-05,4.1e-05,6.9e-05,2.4e-05,0.001733,0.036994,0.010381,0.023652,0.000122,0.003819,0.000341,1.5e-05,5.8e-05,0.000249,0.000176,0.002269,0.001494,8.6e-05,0.024123,0.000133,2.9e-05,0.000138,0.041349,0.001098,9.9e-05,0.001027,8e-05,0.00886,0.001639,5.5e-05,0.01333,6.5e-05,5e-05,0.000105,1.7e-05,2.2e-05,0.000175,0.000283
"arusha/longido/engarenaibor",0,0,0,0,0,0,0,0,0,0,0,0,0,0,0,0,0,0,0,0,0,0,0,0,0,0,0,0,0,0,0,0,0,0,0,0,0,0,0,0,0,0,0,0,0,0,0,0,0,0,0,0,0,0,0,0,0,0,0,0,0,0,0,0,0,0,0,0,0,0,0,0,0,0,0,0,0,0,0,0,0,0,0,0,0,0,0,0,0,0,0,0,0,0,0,0,0,0,0,0,0,0,0,0,0,0,0,0,0,0,0,0,0,0,0,0,0,0,0,0,0,0,0,0,0,0,0,0,0,0,0,0,0,0,0,0,0,0,0,0,0,0,0,0,0,0,0,0,0,0,0,0,0,0,0,0,0,0,0,0,0,0,0,0,0,0,0,0,0,0,0,0,0,0,0,0,0,0,0,0,0,0,0,0,0,0,0,0,0,0,0,0,0,0,0,0,0,0,0,0,0,0,0,0,0,0,0,0,0,0,0,0,0,0,0,0,0,0,0,0,0,0,0,0,0,0,0,0,0,0,0,0,0,0,0,0,0,0,0,0,0,0,0,0,0,0,0,0,0,0,0,0,0,0,0,0,0,0,0,0,0,0,0,0,0,0,0,0,0,0,0,0,0,0,0,0,0,0,0,0,0,0,0,0,0,0,0,0,0,0,0,0,0,0,0,0,0,0,0,0,0,0,0,0,0,0,0,0,0,0,0,0,0,0,0,0,0,0,0,0,0,0,0,0,0,0,0,0,0,0,0,0,0,0,0,0,0,0,0,0,0,0,0,0,0,0,0,0,0,0,0,0,0,0,0,0,0,0,0,0,0,0,0,0,0,0,0,0,0,0,0,0,0,0,0,0,0,0,0,0,0,0,0,0,0,0,0,0,0,0,0,0,0,0,0,0,0,0
"arusha/monduli/engaruka",2.1e-05,5.3e-05,1e-06,9.4e-05,0,4.5e-05,0,0,0,7e-05,1e-06,0,1.9e-05,0.000263,2.1e-05,1e-06,1e-06,2e-06,0,1e-06,0,1.5e-05,0,1e-06,0,0,0,1e-06,0,1e-06,5.5e-05,0,0,0,1.4e-05,1e-06,2.7e-05,1.6e-05,3e-06,0.000103,0,0,2.1e-05,1.5e-05,3e-06,0,0.000162,0.007134,0.000219,4e-06,1e-06,3e-06,4e-06,0,1e-05,0,2e-06,1e-06,1.7e-05,0.001154,0.000201,0,0.000332,1e-06,0,0.000157,0.000183,0,5.8e-05,5.8e-05,4e-06,0,4e-06,1.1e-05,1e-06,0.000765,0.000244,0,0,0,0,1e-06,0,0,1e-06,1e-06,0.00047,0,1.1e-05,8e-05,0,0,0.000293,0.000168,0.00017,3.9e-05,3.6e-05,0,0.000139,3.4e-05,0,1e-06,1.6e-05,4.4e-05,5e-06,0.000331,1e-06,3.7e-05,2.9e-05,0.000668,2.5e-05,0.000109,5e-06,1e-06,2e-06,1e-06,0.000164,0,0.000193,2.1e-05,1.2e-05,0.000395,1e-06,3e-06,0,6e-06,1.7e-05,0.00102,6.5e-05,1e-06,1e-06,3.4e-05,6e-05,8e-06,0,0.000149,1e-05,2.2e-05,0.001754,6.3e-05,4e-05,0,6e-05,6e-06,2e-06,4e-05,1e-06,7.5e-05,6.7e-05,2.1e-05,1e-06,1e-06,2e-06,1e-06,2.9e-05,0.002238,5e-06,0.00013,2e-06,0.002887,8e-06,0.000138,0,2e-06,0,0,1.1e-05,2.6e-05,0.000276,4e-06,6e-06,0.001368,0.004772,1.3e-05,9e-06,2.2e-05,0.000438,5e-06,6e-05,1e-05,0,1.7e-05,4.4e-05,9e-06,0.000466,0.007582,1e-06,2e-06,0.000221,7.1e-05,1.5e-05,4e-06,1.9e-05,1e-06,6.5e-05,1e-06,1e-06,0,6.7e-05,5e-06,0.000379,6e-06,2.6e-05,1e-06,8.9e-05,1.3e-05,0.000494,0.000611,0.000351,1e-06,1e-06,1e-06,0.000162,0,1e-06,7e-06,1e-06,0.000792,7e-06,4.5e-05,0,1e-06,0,2e-06,0.000282,7e-06,0.000427,3e-06,4e-06,0,0,1e-06,0.00176,0.000596,2e-06,0,2e-06,4.8e-05,0.00082,1e-06,2.4e-05,0.004714,1e-06,0.00083,0,1e-06,4e-06,0.000169,0,2e-05,0.001599,0.006234,9e-06,0.000348,6.2e-05,1.3e-05,1e-06,4e-06,1e-06,0,0,1.8e-05,1e-06,0,0.000758,4.6e-05,1e-06,0.000841,0,1.8e-05,0.00078,0.000109,1e-06,0,0.00045,2e-06,1.5e-05,4.2e-05,1e-06,0.000184,8e-06,5.2e-05,0.006004,2e-06,0,1e-06,0,3e-06,1e-06,2e-06,2e-06,2.5e-05,1e-06,0.000758,1.4e-05,4.7e-05,0.000576,8e-06,1.9e-05,0.000137,0,0,1e-06,7e-06,0,0.000431,3.2e-05,4e-06,3e-06,2e-06,0.000478,0.000117,1e-06,1e-06,9e-06,3e-06,1.1e-05,0.001566,3e-04,0.000391,3.1e-05,0.000882,4.2e-05,0.000264,0.004753,0.000151,0.000238,1.1e-05,1.2e-05,0.000124,0.000167,9.1e-05,0.009392,0.000496,3.6e-05,1e-06,5e-06,7.5e-05,0.000887,1e-06,3e-06,1e-06,5e-06,0,6.3e-05,9e-06,8.4e-05,0.000234,5.2e-05,8.8e-05,0,0.000123,1.2e-05,0.001885,0.001764,0.000308,7.2e-05,3e-06,2e-06,1.5e-05,0,0,0,0,9e-06,0.001226,0.000323,0.000788,1e-06,0.000117,6e-06,0,0,2e-06,3e-06,6.2e-05,2.3e-05,3e-06,0.000791,0,0,0,0.000619,3e-06,0,3.4e-05,1e-06,0.000149,2.6e-05,1e-06,0.000354,1e-06,0,1e-06,0,0,0,0
"arusha/longido/engikaret",0,0,0,0,0,0,0,0,0,0,0,0,0,0,0,0,0,0,0,0,0,0,0,0,0,0,0,0,0,0,0,0,0,0,0,0,0,0,0,0,0,0,0,0,0,0,0,0,0,0,0,0,0,0,0,0,0,0,0,0,0,0,0,0,0,0,0,0,0,0,0,0,0,0,0,0,0,0,0,0,0,0,0,0,0,0,0,0,0,0,0,0,0,0,0,0,0,0,0,0,0,0,0,0,0,0,0,0,0,0,0,0,0,0,0,0,0,0,0,0,0,0,0,0,0,0,0,0,0,0,0,0,0,0,0,0,0,0,0,0,0,0,0,0,0,0,0,0,0,0,0,0,0,0,0,0,0,0,0,0,0,0,0,0,0,0,0,0,0,0,0,0,0,0,0,0,0,0,0,0,0,0,0,0,0,0,0,0,0,0,0,0,0,0,0,0,0,0,0,0,0,0,0,0,0,0,0,0,0,0,0,0,0,0,0,0,0,0,0,0,0,0,0,0,0,0,0,0,0,0,0,0,0,0,0,0,0,0,0,0,0,0,0,0,0,0,0,0,0,0,0,0,0,0,0,0,0,0,0,0,0,0,0,0,0,0,0,0,0,0,0,0,0,0,0,0,0,0,0,0,0,0,0,0,0,0,0,0,0,0,0,0,0,0,0,0,0,0,0,0,0,0,0,0,0,0,0,0,0,0,0,0,0,0,0,0,0,0,0,0,0,0,0,0,0,0,0,0,0,0,0,0,0,0,0,0,0,0,0,0,0,0,0,0,0,0,0,0,0,0,0,0,0,0,0,0,0,0,0,0,0,0,0,0,0,0,0,0,0,0,0,0,0,0,0,0,0,0,0,0,0,0,0,0,0,0,0,0,0,0,0,0,0,0,0,0,0,0
"manyara/kiteto/engusero",0,0,0,0,0,0,0,0,0,0,0,0,0,0,0,0,0,0,0,0,0,0,0,0,0,0,0,0,0,0,0,0,0,0,0,0,0,0,0,0,0,0,0,0,0,0,0,0,0,0,0,0,0,0,0,0,0,0,0,0,0,0,0,0,0,0,0,0,0,0,0,0,0,0,0,0,0,0,0,0,0,0,0,0,0,0,0,0,0,0,0,0,0,0,0,0,0,0,0,0,0,0,0,0,0,0,0,0,0,0,0,0,0,0,0,0,0,0,0,0,0,0,0,0,0,0,0,0,0,0,0,0,0,0,0,0,0,0,0,0,0,0,0,0,0,0,0,0,0,0,0,0,0,0,0,0,0,0,0,0,0,0,0,0,0,0,0,0,0,0,0,0,0,0,0,0,0,0,0,0,0,0,0,0,0,0,0,0,0,0,0,0,0,0,0,0,0,0,0,0,0,0,0,0,0,0,0,0,0,0,0,0,0,0,0,0,0,0,0,0,0,0,0,0,0,0,0,0,0,0,0,0,0,0,0,0,0,0,0,0,0,0,0,0,0,0,0,0,0,0,0,0,0,0,0,0,0,0,0,0,0,0,0,0,0,0,0,0,0,0,0,0,0,0,0,0,0,0,0,0,0,0,0,0,0,0,0,0,0,0,0,0,0,0,0,0,0,0,0,0,0,0,0,0,0,0,0,0,0,0,0,0,0,0,0,0,0,0,0,0,0,0,0,0,0,0,0,0,0,0,0,0,0,0,0,0,0,0,0,0,0,0,0,0,0,0,0,0,0,0,0,0,0,0,0,0,0,0,0,0,0,0,0,0,0,0,0,0,0,0,0,0,0,0,0,0,0,0,0,0,0,0,0,0,0,0,0,0,0,0,0,0,0,0,0,0,0,0
"arusha/ngorongoro/enguserosambu",0,0,0,0,0,0,0,0,0,0,0,0,0,0,0,0,0,0,0,0,0,0,0,0,0,0,0,0,0,0,0,0,0,0,0,0,0,0,0,0,0,0,0,0,0,0,0,0,0,0,0,0,0,0,0,0,0,0,0,0,0,0,0,0,0,0,0,0,0,0,0,0,0,0,0,0,0,0,0,0,0,0,0,0,0,0,0,0,0,0,0,0,0,0,0,0,0,0,0,0,0,0,0,0,0,0,0,0,0,0,0,0,0,0,0,0,0,0,0,0,0,0,0,0,0,0,0,0,0,0,0,0,0,0,0,0,0,0,0,0,0,0,0,0,0,0,0,0,0,0,0,0,0,0,0,0,0,0,0,0,0,0,0,0,0,0,0,0,0,0,0,0,0,0,0,0,0,0,0,0,0,0,0,0,0,0,0,0,0,0,0,0,0,0,0,0,0,0,0,0,0,0,0,0,0,0,0,0,0,0,0,0,0,0,0,0,0,0,0,0,0,0,0,0,0,0,0,0,0,0,0,0,0,0,0,0,0,0,0,0,0,0,0,0,0,0,0,0,0,0,0,0,0,0,0,0,0,0,0,0,0,0,0,0,0,0,0,0,0,0,0,0,0,0,0,0,0,0,0,0,0,0,0,0,0,0,0,0,0,0,0,0,0,0,0,0,0,0,0,0,0,0,0,0,0,0,0,0,0,0,0,0,0,0,0,0,0,0,0,0,0,0,0,0,0,0,0,0,0,0,0,0,0,0,0,0,0,0,0,0,0,0,0,0,0,0,0,0,0,0,0,0,0,0,0,0,0,0,0,0,0,0,0,0,0,0,0,0,0,0,0,0,0,0,0,0,0,0,0,0,0,0,0,0,0,0,0,0,0,0,0,0,0,0,0,0,0,0
"arusha/arushaurban/engutoto",0,0,0,0,0,0,0,0,0,0,0,0,0,0,0,0,0,0,0,0,0,0,0,0,0,0,0,0,0,0,0,0,0,0,0,0,0,0,0,0,0,0,0,0,0,0,0,0,0,0,0,0,0,0,0,0,0,0,0,0,0,0,0,0,0,0,0,0,0,0,0,0,0,0,0,0,0,0,0,0,0,0,0,0,0,0,0,0,0,0,0,0,0,0,0,0,0,0,0,0,0,0,0,0,0,0,0,0,0,0,0,0,0,0,0,0,0,0,0,0,0,0,0,0,0,0,0,0,0,0,0,0,0,0,0,0,0,0,0,0,0,0,0,0,0,0,0,0,0,0,0,0,0,0,0,0,0,0,0,0,0,0,0,0,0,0,0,0,0,0,0,0,0,0,0,0,0,0,0,0,0,0,0,0,0,0,0,0,0,0,0,0,0,0,0,0,0,0,0,0,0,0,0,0,0,0,0,0,0,0,0,0,0,0,0,0,0,0,0,0,0,0,0,0,0,0,0,0,0,0,0,0,0,0,0,0,0,0,0,0,0,0,0,0,0,0,0,0,0,0,0,0,0,0,0,0,0,0,0,0,0,0,0,0,0,0,0,0,0,0,0,0,0,0,0,0,0,0,0,0,0,0,0,0,0,0,0,0,0,0,0,0,0,0,0,0,0,0,0,0,0,0,0,0,0,0,0,0,0,0,0,0,0,0,0,0,0,0,0,0,0,0,0,0,0,0,0,0,0,0,0,0,0,0,0,0,0,0,0,0,0,0,0,0,0,0,0,0,0,0,0,0,0,0,0,0,0,0,0,0,0,0,0,0,0,0,0,0,0,0,0,0,0,0,0,0,0,0,0,0,0,0,0,0,0,0,0,0,0,0,0,0,0,0,0,0,0,0
"arusha/monduli/engutoto",0,0,0,0,0,0,0,0,0,0,0,0,0,0,0,0,0,0,0,0,0,0,0,0,0,0,0,0,0,0,0,0,0,0,0,0,0,0,0,0,0,0,0,0,0,0,0,0,0,0,0,0,0,0,0,0,0,0,0,0,0,0,0,0,0,0,0,0,0,0,0,0,0,0,0,0,0,0,0,0,0,0,0,0,0,0,0,0,0,0,0,0,0,0,0,0,0,0,0,0,0,0,0,0,0,0,0,0,0,0,0,0,0,0,0,0,0,0,0,0,0,0,0,0,0,0,0,0,0,0,0,0,0,0,0,0,0,0,0,0,0,0,0,0,0,0,0,0,0,0,0,0,0,0,0,0,0,0,0,0,0,0,0,0,0,0,0,0,0,0,0,0,0,0,0,0,0,0,0,0,0,0,0,0,0,0,0,0,0,0,0,0,0,0,0,0,0,0,0,0,0,0,0,0,0,0,0,0,0,0,0,0,0,0,0,0,0,0,0,0,0,0,0,0,0,0,0,0,0,0,0,0,0,0,0,0,0,0,0,0,0,0,0,0,0,0,0,0,0,0,0,0,0,0,0,0,0,0,0,0,0,0,0,0,0,0,0,0,0,0,0,0,0,0,0,0,0,0,0,0,0,0,0,0,0,0,0,0,0,0,0,0,0,0,0,0,0,0,0,0,0,0,0,0,0,0,0,0,0,0,0,0,0,0,0,0,0,0,0,0,0,0,0,0,0,0,0,0,0,0,0,0,0,0,0,0,0,0,0,0,0,0,0,0,0,0,0,0,0,0,0,0,0,0,0,0,0,0,0,0,0,0,0,0,0,0,0,0,0,0,0,0,0,0,0,0,0,0,0,0,0,0,0,0,0,0,0,0,0,0,0,0,0,0,0,0,0,0
"manyara/mbulu/eshkesh",0,0,0,0,0,0,0,0,0,0,0,0,0,0,0,0,0,0,0,0,0,0,0,0,0,0,0,0,0,0,0,0,0,0,0,0,0,0,0,0,0,0,0,0,0,0,0,0,0,0,0,0,0,0,0,0,0,0,0,0,0,0,0,0,0,0,0,0,0,0,0,0,0,0,0,0,0,0,0,0,0,0,0,0,0,0,0,0,0,0,0,0,0,0,0,0,0,0,0,0,0,0,0,0,0,0,0,0,0,0,0,0,0,0,0,0,0,0,0,0,0,0,0,0,0,0,0,0,0,0,0,0,0,0,0,0,0,0,0,0,0,0,0,0,0,0,0,0,0,0,0,0,0,0,0,0,0,0,0,0,0,0,0,0,0,0,0,0,0,0,0,0,0,0,0,0,0,0,0,0,0,0,0,0,0,0,0,0,0,0,0,0,0,0,0,0,0,0,0,0,0,0,0,0,0,0,0,0,0,0,0,0,0,0,0,0,0,0,0,0,0,0,0,0,0,0,0,0,0,0,0,0,0,0,0,0,0,0,0,0,0,0,0,0,0,0,0,0,0,0,0,0,0,0,0,0,0,0,0,0,0,0,0,0,0,0,0,0,0,0,0,0,0,0,0,0,0,0,0,0,0,0,0,0,0,0,0,0,0,0,0,0,0,0,0,0,0,0,0,0,0,0,0,0,0,0,0,0,0,0,0,0,0,0,0,0,0,0,0,0,0,0,0,0,0,0,0,0,0,0,0,0,0,0,0,0,0,0,0,0,0,0,0,0,0,0,0,0,0,0,0,0,0,0,0,0,0,0,0,0,0,0,0,0,0,0,0,0,0,0,0,0,0,0,0,0,0,0,0,0,0,0,0,0,0,0,0,0,0,0,0,0,0,0,0,0,0,0
"arusha/monduli/esilalei",0,0,0,0,0,0,0,0,0,0,0,0,0,0,0,0,0,0,0,0,0,0,0,0,0,0,0,0,0,0,0,0,0,0,0,0,0,0,0,0,0,0,0,0,0,0,0,0,0,0,0,0,0,0,0,0,0,0,0,0,0,0,0,0,0,0,0,0,0,0,0,0,0,0,0,0,0,0,0,0,0,0,0,0,0,0,0,0,0,0,0,0,0,0,0,0,0,0,0,0,0,0,0,0,0,0,0,0,0,0,0,0,0,0,0,0,0,0,0,0,0,0,0,0,0,0,0,0,0,0,0,0,0,0,0,0,0,0,0,0,0,0,0,0,0,0,0,0,0,0,0,0,0,0,0,0,0,0,0,0,0,0,0,0,0,0,0,0,0,0,0,0,0,0,0,0,0,0,0,0,0,0,0,0,0,0,0,0,0,0,0,0,0,0,0,0,0,0,0,0,0,0,0,0,0,0,0,0,0,0,0,0,0,0,0,0,0,0,0,0,0,0,0,0,0,0,0,0,0,0,0,0,0,0,0,0,0,0,0,0,0,0,0,0,0,0,0,0,0,0,0,0,0,0,0,0,0,0,0,0,0,0,0,0,0,0,0,0,0,0,0,0,0,0,0,0,0,0,0,0,0,0,0,0,0,0,0,0,0,0,0,0,0,0,0,0,0,0,0,0,0,0,0,0,0,0,0,0,0,0,0,0,0,0,0,0,0,0,0,0,0,0,0,0,0,0,0,0,0,0,0,0,0,0,0,0,0,0,0,0,0,0,0,0,0,0,0,0,0,0,0,0,0,0,0,0,0,0,0,0,0,0,0,0,0,0,0,0,0,0,0,0,0,0,0,0,0,0,0,0,0,0,0,0,0,0,0,0,0,0,0,0,0,0,0,0,0,0
"manyara/babati/galapo",0.000142,2.6e-05,1.1e-05,0.000156,4.9e-05,0.000575,1.1e-05,1.3e-05,7.1e-05,0.024522,0.000312,1.4e-05,0.000102,0.001654,0.000353,3.4e-05,2.5e-05,0.000169,1.6e-05,5.7e-05,1.1e-05,8.8e-05,7.4e-05,1e-05,9e-06,3e-06,0.000161,2.3e-05,5e-06,1.4e-05,0.000692,3e-05,5e-06,8e-06,7.4e-05,6.9e-05,0.000164,0.002035,7.6e-05,0.000156,1.9e-05,1.9e-05,0.000801,0.000836,0.000177,6.1e-05,4.5e-05,0.038307,0.027373,3.2e-05,2.6e-05,1.5e-05,2.4e-05,1.7e-05,0.001638,1.8e-05,2.4e-05,0.00233,0.000694,0.004649,0.000235,0.000721,0.000453,7.7e-05,0,0.001192,0.000516,9e-06,0.000309,0,1.2e-05,4e-06,1.9e-05,0.000385,5.9e-05,0.000385,4.6e-05,1e-05,7e-06,1e-05,1.5e-05,0.000256,1.7e-05,2.3e-05,5.7e-05,1.5e-05,0.004163,1.3e-05,0.000377,0.001904,1.5e-05,1.1e-05,0.003213,0.000722,2.2e-05,0.00135,0.000223,4e-06,0.00175,0.000409,2.5e-05,9e-06,0.000318,0.000247,5.3e-05,0.001712,1.9e-05,0.000345,0.00014,0.002224,0.000156,0.000905,0.000556,6e-06,1.4e-05,1e-05,0.001597,2.2e-05,0.001862,0.000162,8.9e-05,0.003086,1.1e-05,4.3e-05,5e-06,0.000134,0.00075,0.007822,0.000618,1.1e-05,1e-05,0.000366,0.000773,7.8e-05,3e-06,0.000903,4.7e-05,0.000217,0.003016,0.00055,0.000295,8e-06,0.000313,5e-05,1.8e-05,0.000613,0.000103,0.000808,0.000642,0.000215,9e-06,1.1e-05,1.5e-05,1.4e-05,0.00051,0.010442,3.9e-05,5.5e-05,0.000111,0.02743,0.000113,0.00856,5e-06,3e-05,1.1e-05,1.3e-05,0.000173,0.000143,0.001914,7.1e-05,0.000239,0.003574,0.026702,0.00041,5.4e-05,0.005559,0.021714,9e-06,0.00055,0.000415,4e-06,2.9e-05,0.001126,9.7e-05,0.003367,0.067581,6e-06,1.2e-05,0.001772,0.000531,0.000157,0.000333,0.000503,2.2e-05,0.017237,3.6e-05,1.1e-05,9.9e-05,0.000643,1e-05,0.002611,0.000942,0.000629,1.3e-05,0.000812,7.8e-05,0.005564,0.004065,0.000362,1.3e-05,1.2e-05,0.001506,0.001693,5e-06,7e-06,0.000131,1.3e-05,0.007033,7e-05,0.00044,2.4e-05,1.3e-05,3.1e-05,1.3e-05,0.002244,4.8e-05,0.002894,2.8e-05,6.8e-05,1.8e-05,1.9e-05,2.3e-05,0.001665,0.004203,0.000148,1e-06,1.4e-05,0.000603,0.000546,9e-06,0.000333,0.055675,5e-06,0.014884,7e-06,1e-05,3.5e-05,0.001388,2.4e-05,0.00023,0.008589,0.00764,2.4e-05,0.002481,0.00039,0.00028,1.2e-05,5.9e-05,8e-06,9e-06,7e-06,0.000289,3e-05,8e-06,0.00228,3.4e-05,4.2e-05,0.003048,8.7e-05,0.0021,0.002311,0.001628,1e-05,9e-06,0.004704,2.4e-05,0.000317,0.002186,4e-05,9.7e-05,0.000129,8e-06,0.011565,9.1e-05,2.5e-05,0.000291,1.2e-05,2.6e-05,4.5e-05,1.1e-05,0.000193,0.000113,2.4e-05,0.007508,0.000141,0.000231,0.002322,4.7e-05,0.000432,0.000347,4e-06,3e-06,1e-05,0.000145,4e-05,0.016822,0.000192,2.3e-05,1.5e-05,1.1e-05,0.00283,0.000188,0.000126,8e-06,8.8e-05,1e-05,1.5e-05,0.004602,0.002514,0.00493,0.000708,0.002701,0.000316,0.00103,0.02026,0.000353,0.000446,7.4e-05,3.8e-05,0.000594,0.000873,0.000361,0.014039,0.001002,0.001726,3.8e-05,5e-05,5.1e-05,0.005809,0.005288,1.2e-05,8e-06,1.4e-05,0.000108,0.001618,0.000256,1e-04,0.000873,0.001068,0.000133,1.3e-05,0.000709,7.4e-05,0.010868,0.001264,0.001292,0.00169,5.3e-05,1.8e-05,0.000144,7.8e-05,3e-05,0.000125,1.9e-05,2.6e-05,0.006813,0.002184,0.004718,3.5e-05,0.000613,5.4e-05,3e-06,1.1e-05,6e-05,2e-05,0.00057,0.001196,1.7e-05,0.00216,1.6e-05,5e-06,2.6e-05,0.004979,0.000211,1.1e-05,0.000198,1.1e-05,0.001313,0.000233,8e-06,0.002638,8e-06,9e-06,1.8e-05,3e-06,4e-06,2.4e-05,1.1e-05
"arusha/karatu/ganako",0,0,0,0,0,0,0,0,0,0,0,0,0,0,0,0,0,0,0,0,0,0,0,0,0,0,0,0,0,0,0,0,0,0,0,0,0,0,0,0,0,0,0,0,0,0,0,0,0,0,0,0,0,0,0,0,0,0,0,0,0,0,0,0,0,0,0,0,0,0,0,0,0,0,0,0,0,0,0,0,0,0,0,0,0,0,0,0,0,0,0,0,0,0,0,0,0,0,0,0,0,0,0,0,0,0,0,0,0,0,0,0,0,0,0,0,0,0,0,0,0,0,0,0,0,0,0,0,0,0,0,0,0,0,0,0,0,0,0,0,0,0,0,0,0,0,0,0,0,0,0,0,0,0,0,0,0,0,0,0,0,0,0,0,0,0,0,0,0,0,0,0,0,0,0,0,0,0,0,0,0,0,0,0,0,0,0,0,0,0,0,0,0,0,0,0,0,0,0,0,0,0,0,0,0,0,0,0,0,0,0,0,0,0,0,0,0,0,0,0,0,0,0,0,0,0,0,0,0,0,0,0,0,0,0,0,0,0,0,0,0,0,0,0,0,0,0,0,0,0,0,0,0,0,0,0,0,0,0,0,0,0,0,0,0,0,0,0,0,0,0,0,0,0,0,0,0,0,0,0,0,0,0,0,0,0,0,0,0,0,0,0,0,0,0,0,0,0,0,0,0,0,0,0,0,0,0,0,0,0,0,0,0,0,0,0,0,0,0,0,0,0,0,0,0,0,0,0,0,0,0,0,0,0,0,0,0,0,0,0,0,0,0,0,0,0,0,0,0,0,0,0,0,0,0,0,0,0,0,0,0,0,0,0,0,0,0,0,0,0,0,0,0,0,0,0,0,0,0,0,0,0,0,0,0,0,0,0,0,0,0,0,0,0,0,0,0,0
"manyara/hanang/ganana",0,0,0,0,0,0,0,0,0,0,0,0,0,0,0,0,0,0,0,0,0,0,0,0,0,0,0,0,0,0,0,0,0,0,0,0,0,0,0,0,0,0,0,0,0,0,0,0,0,0,0,0,0,0,0,0,0,0,0,0,0,0,0,0,0,0,0,0,0,0,0,0,0,0,0,0,0,0,0,0,0,0,0,0,0,0,0,0,0,0,0,0,0,0,0,0,0,0,0,0,0,0,0,0,0,0,0,0,0,0,0,0,0,0,0,0,0,0,0,0,0,0,0,0,0,0,0,0,0,0,0,0,0,0,0,0,0,0,0,0,0,0,0,0,0,0,0,0,0,0,0,0,0,0,0,0,0,0,0,0,0,0,0,0,0,0,0,0,0,0,0,0,0,0,0,0,0,0,0,0,0,0,0,0,0,0,0,0,0,0,0,0,0,0,0,0,0,0,0,0,0,0,0,0,0,0,0,0,0,0,0,0,0,0,0,0,0,0,0,0,0,0,0,0,0,0,0,0,0,0,0,0,0,0,0,0,0,0,0,0,0,0,0,0,0,0,0,0,0,0,0,0,0,0,0,0,0,0,0,0,0,0,0,0,0,0,0,0,0,0,0,0,0,0,0,0,0,0,0,0,0,0,0,0,0,0,0,0,0,0,0,0,0,0,0,0,0,0,0,0,0,0,0,0,0,0,0,0,0,0,0,0,0,0,0,0,0,0,0,0,0,0,0,0,0,0,0,0,0,0,0,0,0,0,0,0,0,0,0,0,0,0,0,0,0,0,0,0,0,0,0,0,0,0,0,0,0,0,0,0,0,0,0,0,0,0,0,0,0,0,0,0,0,0,0,0,0,0,0,0,0,0,0,0,0,0,0,0,0,0,0,0,0,0,0,0,0,0
"kilimanjaro/siha/gararagua",0,0,0,0,0,0,0,0,0,0,0,0,0,0,0,0,0,0,0,0,0,0,0,0,0,0,0,0,0,0,0,0,0,0,0,0,0,0,0,0,0,0,0,0,0,0,0,0,0,0,0,0,0,0,0,0,0,0,0,0,0,0,0,0,0,0,0,0,0,0,0,0,0,0,0,0,0,0,0,0,0,0,0,0,0,0,0,0,0,0,0,0,0,0,0,0,0,0,0,0,0,0,0,0,0,0,0,0,0,0,0,0,0,0,0,0,0,0,0,0,0,0,0,0,0,0,0,0,0,0,0,0,0,0,0,0,0,0,0,0,0,0,0,0,0,0,0,0,0,0,0,0,0,0,0,0,0,0,0,0,0,0,0,0,0,0,0,0,0,0,0,0,0,0,0,0,0,0,0,0,0,0,0,0,0,0,0,0,0,0,0,0,0,0,0,0,0,0,0,0,0,0,0,0,0,0,0,0,0,0,0,0,0,0,0,0,0,0,0,0,0,0,0,0,0,0,0,0,0,0,0,0,0,0,0,0,0,0,0,0,0,0,0,0,0,0,0,0,0,0,0,0,0,0,0,0,0,0,0,0,0,0,0,0,0,0,0,0,0,0,0,0,0,0,0,0,0,0,0,0,0,0,0,0,0,0,0,0,0,0,0,0,0,0,0,0,0,0,0,0,0,0,0,0,0,0,0,0,0,0,0,0,0,0,0,0,0,0,0,0,0,0,0,0,0,0,0,0,0,0,0,0,0,0,0,0,0,0,0,0,0,0,0,0,0,0,0,0,0,0,0,0,0,0,0,0,0,0,0,0,0,0,0,0,0,0,0,0,0,0,0,0,0,0,0,0,0,0,0,0,0,0,0,0,0,0,0,0,0,0,0,0,0,0,0,0,0,0
"manyara/mbulu/gehandu",0,0,0,0,0,0,0,0,0,0,0,0,0,0,0,0,0,0,0,0,0,0,0,0,0,0,0,0,0,0,0,0,0,0,0,0,0,0,0,0,0,0,0,0,0,0,0,0,0,0,0,0,0,0,0,0,0,0,0,0,0,0,0,0,0,0,0,0,0,0,0,0,0,0,0,0,0,0,0,0,0,0,0,0,0,0,0,0,0,0,0,0,0,0,0,0,0,0,0,0,0,0,0,0,0,0,0,0,0,0,0,0,0,0,0,0,0,0,0,0,0,0,0,0,0,0,0,0,0,0,0,0,0,0,0,0,0,0,0,0,0,0,0,0,0,0,0,0,0,0,0,0,0,0,0,0,0,0,0,0,0,0,0,0,0,0,0,0,0,0,0,0,0,0,0,0,0,0,0,0,0,0,0,0,0,0,0,0,0,0,0,0,0,0,0,0,0,0,0,0,0,0,0,0,0,0,0,0,0,0,0,0,0,0,0,0,0,0,0,0,0,0,0,0,0,0,0,0,0,0,0,0,0,0,0,0,0,0,0,0,0,0,0,0,0,0,0,0,0,0,0,0,0,0,0,0,0,0,0,0,0,0,0,0,0,0,0,0,0,0,0,0,0,0,0,0,0,0,0,0,0,0,0,0,0,0,0,0,0,0,0,0,0,0,0,0,0,0,0,0,0,0,0,0,0,0,0,0,0,0,0,0,0,0,0,0,0,0,0,0,0,0,0,0,0,0,0,0,0,0,0,0,0,0,0,0,0,0,0,0,0,0,0,0,0,0,0,0,0,0,0,0,0,0,0,0,0,0,0,0,0,0,0,0,0,0,0,0,0,0,0,0,0,0,0,0,0,0,0,0,0,0,0,0,0,0,0,0,0,0,0,0,0,0,0,0,0,0
"manyara/hanang/gehandu",0.000148,6.6e-05,2.1e-05,0.000542,0.000168,0.000809,2.8e-05,3.1e-05,0.000127,0.017261,0.000395,0.002454,0.000111,0.001677,0.002892,8.7e-05,0.000227,0.00201,0.001088,0.00755,2.3e-05,0.000126,0.000119,1.6e-05,1.8e-05,5e-06,0.000176,3.9e-05,1e-05,2.7e-05,0.00058,8.1e-05,1e-05,1.3e-05,0.000207,0.001066,0.000161,0.011324,0.000195,0.000487,0.000227,0.000635,0.002413,0.007264,0.000529,0.000186,7.2e-05,0.037884,0.006737,7.7e-05,7.9e-05,5.5e-05,4.1e-05,0.00032,0.014995,0.000228,2.4e-05,6.9e-05,0.000803,0.020295,0.000525,0.001319,0.000719,0.00021,0,0.001103,0.000529,0.000142,0.000338,0.006973,2.7e-05,0.000209,3e-05,0.000713,0,0.000905,0.000101,0.000725,0.000712,0.000412,0.000111,0.000906,0.000211,0.000672,0.00148,5.3e-05,0.005635,0.00041,0.013504,0.003671,0.000217,0.000782,0.005861,0.000836,4.1e-05,0.004021,0.000341,8e-06,0.002655,0.000667,5.8e-05,5.5e-05,0.00069,0.000248,8.1e-05,0.0034,4.9e-05,0.000526,0.000197,0.004219,0.000241,0.001697,0.035884,6e-06,2.6e-05,1.9e-05,0.001998,4.4e-05,0.002974,0.000272,0.000143,0.005204,1.9e-05,7.2e-05,8e-06,0.000282,0.001609,0.009215,0.000616,2e-05,1.7e-05,0.000625,0.00128,0.00012,5e-06,0.00091,5e-05,0.000357,0.006288,0.000848,0.000373,1.6e-05,0.000317,7.9e-05,3.6e-05,0.001046,2e-04,0.001321,0.001094,0.000366,1.7e-05,1.6e-05,2.9e-05,2.4e-05,0.001064,0.009639,7.8e-05,0.000102,0.000155,0.041848,0.000193,0.003815,7e-06,5.2e-05,0.003918,0.001609,0.000253,0.000189,0.001803,0.000111,0.000575,0.003475,0.026567,0.000516,8.5e-05,0.001578,0.007913,1.7e-05,0.000857,0.000813,9e-06,9.9e-05,0.002093,0.000146,0.005358,0.096569,1.1e-05,2.1e-05,0.002719,0.000814,0.000225,0.001761,0.00068,0.000521,0.005314,0.000107,2e-05,9.1e-05,0.001007,1.5e-05,0.003034,0.000629,0.001112,1.4e-05,0.001505,0.000108,0.009649,0.003273,0.001126,2.4e-05,2.1e-05,0.000116,0.003175,9e-06,3.1e-05,0.00028,3e-05,0.013943,0.000124,0.000779,0.000492,1.4e-05,0.000195,2e-05,0.003194,7.2e-05,0.004556,3.9e-05,0.00028,0.000334,0.000137,0.000127,0.004173,0.003596,0.000412,1e-06,2.3e-05,0.000563,0.000907,1.6e-05,0.000334,0.035436,8e-06,0.024202,1.2e-05,1.6e-05,5.5e-05,0.001324,0.002665,0.000164,0.008792,0.009762,2.5e-05,0.0024,0.000743,0.000555,2.3e-05,9.9e-05,1.3e-05,1.6e-05,1.3e-05,0.000368,1.8e-05,1.6e-05,0.003169,7.1e-05,0.000125,0.003061,4.4e-05,0.000855,0.002567,0.002555,1.7e-05,1.6e-05,0.008412,4.4e-05,0.000646,0.001569,6.9e-05,2e-04,0.000142,1.8e-05,0.024732,0.000244,5.9e-05,0.000163,0.000348,4.9e-05,0.000524,1.6e-05,0.000239,0.000198,5e-05,0.006966,0.000224,0.000377,0.003106,4.6e-05,0.000535,0.001011,8e-06,6e-06,1.5e-05,0.000233,7.1e-05,0.010896,0.000203,2.7e-05,1.6e-05,1.9e-05,0.002625,0.000612,0.000256,1.3e-05,0.000147,2.5e-05,4.5e-05,0.006265,0.004837,0.00364,0.000424,0.003159,0.00043,0.001958,0.021663,0.001255,0.001501,7.3e-05,0.00014,0.000605,0.000921,0.000381,0.025774,0.003312,0.001798,7.6e-05,7.5e-05,0.00014,0.006293,0.000208,2.6e-05,1.3e-05,2.4e-05,0.000265,0.002413,0.00049,0.000308,0.001027,0.001755,0.000426,3.1e-05,0.00104,8e-05,0.010928,0.001641,0.001123,0.001356,8.7e-05,3.4e-05,0.000217,0.000132,0.000287,0.000113,0.000162,9.2e-05,0.007152,0.002041,0.004523,0.000102,0.000731,8.3e-05,5e-06,2.1e-05,0.000162,3.9e-05,0.00048,0.000497,1.7e-05,0.003919,6.3e-05,9e-06,0.000153,0.009722,0.005756,2.7e-05,0.000194,1.8e-05,0.002097,0.000388,1.3e-05,0.002828,1.5e-05,1.7e-05,3.7e-05,5e-06,8e-06,0.000132,9.5e-05
"arusha/longido/gelailumbwa",0,0,0,0,0,0,0,0,0,0,0,0,0,0,0,0,0,0,0,0,0,0,0,0,0,0,0,0,0,0,0,0,0,0,0,0,0,0,0,0,0,0,0,0,0,0,0,0,0,0,0,0,0,0,0,0,0,0,0,0,0,0,0,0,0,0,0,0,0,0,0,0,0,0,0,0,0,0,0,0,0,0,0,0,0,0,0,0,0,0,0,0,0,0,0,0,0,0,0,0,0,0,0,0,0,0,0,0,0,0,0,0,0,0,0,0,0,0,0,0,0,0,0,0,0,0,0,0,0,0,0,0,0,0,0,0,0,0,0,0,0,0,0,0,0,0,0,0,0,0,0,0,0,0,0,0,0,0,0,0,0,0,0,0,0,0,0,0,0,0,0,0,0,0,0,0,0,0,0,0,0,0,0,0,0,0,0,0,0,0,0,0,0,0,0,0,0,0,0,0,0,0,0,0,0,0,0,0,0,0,0,0,0,0,0,0,0,0,0,0,0,0,0,0,0,0,0,0,0,0,0,0,0,0,0,0,0,0,0,0,0,0,0,0,0,0,0,0,0,0,0,0,0,0,0,0,0,0,0,0,0,0,0,0,0,0,0,0,0,0,0,0,0,0,0,0,0,0,0,0,0,0,0,0,0,0,0,0,0,0,0,0,0,0,0,0,0,0,0,0,0,0,0,0,0,0,0,0,0,0,0,0,0,0,0,0,0,0,0,0,0,0,0,0,0,0,0,0,0,0,0,0,0,0,0,0,0,0,0,0,0,0,0,0,0,0,0,0,0,0,0,0,0,0,0,0,0,0,0,0,0,0,0,0,0,0,0,0,0,0,0,0,0,0,0,0,0,0,0,0,0,0,0,0,0,0,0,0,0,0,0,0,0,0,0,0,0,0
"arusha/longido/gelaimeirugoi",0,0,0,0,0,0,0,0,0,0,0,0,0,0,0,0,0,0,0,0,0,0,0,0,0,0,0,0,0,0,0,0,0,0,0,0,0,0,0,0,0,0,0,0,0,0,0,0,0,0,0,0,0,0,0,0,0,0,0,0,0,0,0,0,0,0,0,0,0,0,0,0,0,0,0,0,0,0,0,0,0,0,0,0,0,0,0,0,0,0,0,0,0,0,0,0,0,0,0,0,0,0,0,0,0,0,0,0,0,0,0,0,0,0,0,0,0,0,0,0,0,0,0,0,0,0,0,0,0,0,0,0,0,0,0,0,0,0,0,0,0,0,0,0,0,0,0,0,0,0,0,0,0,0,0,0,0,0,0,0,0,0,0,0,0,0,0,0,0,0,0,0,0,0,0,0,0,0,0,0,0,0,0,0,0,0,0,0,0,0,0,0,0,0,0,0,0,0,0,0,0,0,0,0,0,0,0,0,0,0,0,0,0,0,0,0,0,0,0,0,0,0,0,0,0,0,0,0,0,0,0,0,0,0,0,0,0,0,0,0,0,0,0,0,0,0,0,0,0,0,0,0,0,0,0,0,0,0,0,0,0,0,0,0,0,0,0,0,0,0,0,0,0,0,0,0,0,0,0,0,0,0,0,0,0,0,0,0,0,0,0,0,0,0,0,0,0,0,0,0,0,0,0,0,0,0,0,0,0,0,0,0,0,0,0,0,0,0,0,0,0,0,0,0,0,0,0,0,0,0,0,0,0,0,0,0,0,0,0,0,0,0,0,0,0,0,0,0,0,0,0,0,0,0,0,0,0,0,0,0,0,0,0,0,0,0,0,0,0,0,0,0,0,0,0,0,0,0,0,0,0,0,0,0,0,0,0,0,0,0,0,0,0,0,0,0,0,0
"manyara/hanang/gendabi",0,0,0,0,0,0,0,0,0,0,0,0,0,0,0,0,0,0,0,0,0,0,0,0,0,0,0,0,0,0,0,0,0,0,0,0,0,0,0,0,0,0,0,0,0,0,0,0,0,0,0,0,0,0,0,0,0,0,0,0,0,0,0,0,0,0,0,0,0,0,0,0,0,0,0,0,0,0,0,0,0,0,0,0,0,0,0,0,0,0,0,0,0,0,0,0,0,0,0,0,0,0,0,0,0,0,0,0,0,0,0,0,0,0,0,0,0,0,0,0,0,0,0,0,0,0,0,0,0,0,0,0,0,0,0,0,0,0,0,0,0,0,0,0,0,0,0,0,0,0,0,0,0,0,0,0,0,0,0,0,0,0,0,0,0,0,0,0,0,0,0,0,0,0,0,0,0,0,0,0,0,0,0,0,0,0,0,0,0,0,0,0,0,0,0,0,0,0,0,0,0,0,0,0,0,0,0,0,0,0,0,0,0,0,0,0,0,0,0,0,0,0,0,0,0,0,0,0,0,0,0,0,0,0,0,0,0,0,0,0,0,0,0,0,0,0,0,0,0,0,0,0,0,0,0,0,0,0,0,0,0,0,0,0,0,0,0,0,0,0,0,0,0,0,0,0,0,0,0,0,0,0,0,0,0,0,0,0,0,0,0,0,0,0,0,0,0,0,0,0,0,0,0,0,0,0,0,0,0,0,0,0,0,0,0,0,0,0,0,0,0,0,0,0,0,0,0,0,0,0,0,0,0,0,0,0,0,0,0,0,0,0,0,0,0,0,0,0,0,0,0,0,0,0,0,0,0,0,0,0,0,0,0,0,0,0,0,0,0,0,0,0,0,0,0,0,0,0,0,0,0,0,0,0,0,0,0,0,0,0,0,0,0,0,0,0,0,0
"manyara/hanang/getanuwas",0,0,0,0,0,0,0,0,0,0,0,0,0,0,0,0,0,0,0,0,0,0,0,0,0,0,0,0,0,0,0,0,0,0,0,0,0,0,0,0,0,0,0,0,0,0,0,0,0,0,0,0,0,0,0,0,0,0,0,0,0,0,0,0,0,0,0,0,0,0,0,0,0,0,0,0,0,0,0,0,0,0,0,0,0,0,0,0,0,0,0,0,0,0,0,0,0,0,0,0,0,0,0,0,0,0,0,0,0,0,0,0,0,0,0,0,0,0,0,0,0,0,0,0,0,0,0,0,0,0,0,0,0,0,0,0,0,0,0,0,0,0,0,0,0,0,0,0,0,0,0,0,0,0,0,0,0,0,0,0,0,0,0,0,0,0,0,0,0,0,0,0,0,0,0,0,0,0,0,0,0,0,0,0,0,0,0,0,0,0,0,0,0,0,0,0,0,0,0,0,0,0,0,0,0,0,0,0,0,0,0,0,0,0,0,0,0,0,0,0,0,0,0,0,0,0,0,0,0,0,0,0,0,0,0,0,0,0,0,0,0,0,0,0,0,0,0,0,0,0,0,0,0,0,0,0,0,0,0,0,0,0,0,0,0,0,0,0,0,0,0,0,0,0,0,0,0,0,0,0,0,0,0,0,0,0,0,0,0,0,0,0,0,0,0,0,0,0,0,0,0,0,0,0,0,0,0,0,0,0,0,0,0,0,0,0,0,0,0,0,0,0,0,0,0,0,0,0,0,0,0,0,0,0,0,0,0,0,0,0,0,0,0,0,0,0,0,0,0,0,0,0,0,0,0,0,0,0,0,0,0,0,0,0,0,0,0,0,0,0,0,0,0,0,0,0,0,0,0,0,0,0,0,0,0,0,0,0,0,0,0,0,0,0,0,0,0,0
"manyara/mbulu/geterer",0,0,0,0,0,0,0,0,0,0,0,0,0,0,0,0,0,0,0,0,0,0,0,0,0,0,0,0,0,0,0,0,0,0,0,0,0,0,0,0,0,0,0,0,0,0,0,0,0,0,0,0,0,0,0,0,0,0,0,0,0,0,0,0,0,0,0,0,0,0,0,0,0,0,0,0,0,0,0,0,0,0,0,0,0,0,0,0,0,0,0,0,0,0,0,0,0,0,0,0,0,0,0,0,0,0,0,0,0,0,0,0,0,0,0,0,0,0,0,0,0,0,0,0,0,0,0,0,0,0,0,0,0,0,0,0,0,0,0,0,0,0,0,0,0,0,0,0,0,0,0,0,0,0,0,0,0,0,0,0,0,0,0,0,0,0,0,0,0,0,0,0,0,0,0,0,0,0,0,0,0,0,0,0,0,0,0,0,0,0,0,0,0,0,0,0,0,0,0,0,0,0,0,0,0,0,0,0,0,0,0,0,0,0,0,0,0,0,0,0,0,0,0,0,0,0,0,0,0,0,0,0,0,0,0,0,0,0,0,0,0,0,0,0,0,0,0,0,0,0,0,0,0,0,0,0,0,0,0,0,0,0,0,0,0,0,0,0,0,0,0,0,0,0,0,0,0,0,0,0,0,0,0,0,0,0,0,0,0,0,0,0,0,0,0,0,0,0,0,0,0,0,0,0,0,0,0,0,0,0,0,0,0,0,0,0,0,0,0,0,0,0,0,0,0,0,0,0,0,0,0,0,0,0,0,0,0,0,0,0,0,0,0,0,0,0,0,0,0,0,0,0,0,0,0,0,0,0,0,0,0,0,0,0,0,0,0,0,0,0,0,0,0,0,0,0,0,0,0,0,0,0,0,0,0,0,0,0,0,0,0,0,0,0,0,0,0,0
"manyara/hanang/gidahababieg",0,0,0,0,0,0,0,0,0,0,0,0,0,0,0,0,0,0,0,0,0,0,0,0,0,0,0,0,0,0,0,0,0,0,0,0,0,0,0,0,0,0,0,0,0,0,0,0,0,0,0,0,0,0,0,0,0,0,0,0,0,0,0,0,0,0,0,0,0,0,0,0,0,0,0,0,0,0,0,0,0,0,0,0,0,0,0,0,0,0,0,0,0,0,0,0,0,0,0,0,0,0,0,0,0,0,0,0,0,0,0,0,0,0,0,0,0,0,0,0,0,0,0,0,0,0,0,0,0,0,0,0,0,0,0,0,0,0,0,0,0,0,0,0,0,0,0,0,0,0,0,0,0,0,0,0,0,0,0,0,0,0,0,0,0,0,0,0,0,0,0,0,0,0,0,0,0,0,0,0,0,0,0,0,0,0,0,0,0,0,0,0,0,0,0,0,0,0,0,0,0,0,0,0,0,0,0,0,0,0,0,0,0,0,0,0,0,0,0,0,0,0,0,0,0,0,0,0,0,0,0,0,0,0,0,0,0,0,0,0,0,0,0,0,0,0,0,0,0,0,0,0,0,0,0,0,0,0,0,0,0,0,0,0,0,0,0,0,0,0,0,0,0,0,0,0,0,0,0,0,0,0,0,0,0,0,0,0,0,0,0,0,0,0,0,0,0,0,0,0,0,0,0,0,0,0,0,0,0,0,0,0,0,0,0,0,0,0,0,0,0,0,0,0,0,0,0,0,0,0,0,0,0,0,0,0,0,0,0,0,0,0,0,0,0,0,0,0,0,0,0,0,0,0,0,0,0,0,0,0,0,0,0,0,0,0,0,0,0,0,0,0,0,0,0,0,0,0,0,0,0,0,0,0,0,0,0,0,0,0,0,0,0,0,0,0,0,0
"manyara/babati/gidas",1.4e-05,5e-06,2e-06,3.3e-05,5.5e-05,6.7e-05,4e-06,4e-06,0.00028,0.008778,0.00026,1.7e-05,1e-05,0.000163,0.000142,1e-05,1.4e-05,0.000225,1.5e-05,5.4e-05,2e-06,1.1e-05,0.00025,1e-06,1e-06,0,0.000195,5e-06,1e-06,2e-06,6e-05,6e-06,1e-06,1e-06,1.7e-05,0.000132,1.6e-05,0.003082,2.1e-05,3e-05,1.2e-05,3.2e-05,0.000162,0.000597,3.8e-05,0.000298,6e-06,0.003839,0.001131,7e-06,9e-06,4e-06,4e-06,1.1e-05,0.008957,6.1e-05,2e-06,2e-05,7.4e-05,0.001197,3.8e-05,0.000109,5.9e-05,1.6e-05,0,0.000111,5.3e-05,5e-06,3.9e-05,0.002106,2e-06,7e-06,2e-06,9.4e-05,6.3e-05,6.4e-05,8e-06,1.6e-05,5e-06,7e-06,0.000133,0,1.4e-05,2.8e-05,0.000124,5e-06,0.00048,1.1e-05,0.000257,0.000276,5.7e-05,8e-06,0.000445,7.7e-05,3e-06,0.00045,2.8e-05,1e-06,0.000215,5.3e-05,8e-06,3e-06,4.9e-05,2.4e-05,7e-06,0.000251,5e-06,4.3e-05,1.7e-05,0.000398,2e-05,0.000128,0.001018,1e-06,2e-06,1e-06,0.000175,4e-06,0.000237,2.1e-05,1.1e-05,0.000408,1e-06,6e-06,1e-06,2e-05,0.000124,0.000834,5.9e-05,2e-06,1e-06,4.9e-05,0.000101,1e-05,0,8.9e-05,5e-06,2.8e-05,0.000462,6.8e-05,3.3e-05,1e-06,3.1e-05,6e-06,3e-06,8.1e-05,5.1e-05,0.000104,8.5e-05,2.8e-05,1e-06,1e-06,2e-06,2e-06,7.7e-05,0.001006,6e-06,8e-06,1.4e-05,0.003472,1.5e-05,0.000508,1e-06,4e-06,1e-05,1.3e-05,2.1e-05,1.6e-05,0.000181,9e-06,4.2e-05,0.00038,0.002659,4.5e-05,7e-06,0.000263,0.001236,1e-06,6.9e-05,6.4e-05,1e-06,6e-06,0.00016,1.2e-05,0.000429,0.008499,1e-06,2e-06,0.00022,6.6e-05,1.9e-05,0.000294,9.2e-05,1.6e-05,0.001355,7e-06,1e-06,3.3e-05,8.1e-05,2e-06,0.000276,8.6e-05,8.6e-05,1e-06,0.000113,9e-06,0.000749,0.000403,7.3e-05,2e-06,2e-06,3.1e-05,0.000238,1e-06,2e-06,2e-05,3e-06,0.001032,1e-05,6e-05,1.9e-05,1e-06,7.8e-05,2e-06,0.000267,6e-06,0.000367,3e-06,2.3e-05,5.9e-05,8.7e-05,1e-05,0.000287,0.00038,3.2e-05,0,2e-06,5.5e-05,8.3e-05,1e-06,3.2e-05,0.004533,1e-06,0.001941,1e-06,1e-06,4e-06,0.000131,3.8e-05,1.9e-05,0.000859,0.000902,2e-06,0.000237,5.6e-05,4.1e-05,2e-06,8e-06,1e-06,1e-06,1e-06,3.2e-05,3e-06,1e-06,0.000333,5e-06,2e-05,0.000307,1.8e-05,0.000173,0.000246,0.000205,1e-06,1e-06,0.000645,3e-06,4.7e-05,0.000173,1.1e-05,1.7e-05,1.3e-05,1e-06,0.001814,3.4e-05,5e-06,9.7e-05,3.1e-05,4e-06,4.7e-05,1e-06,2.5e-05,1.5e-05,4e-06,0.000696,1.8e-05,3e-05,0.000269,5e-06,4.7e-05,7.5e-05,1e-06,0,1e-06,1.9e-05,7e-06,0.001762,1.9e-05,2e-06,2e-06,2e-06,0.000268,4.1e-05,2.4e-05,1e-06,1.2e-05,2e-06,3e-06,0.000544,0.00036,0.000403,5.1e-05,0.000294,3.7e-05,0.000147,0.002107,7.4e-05,9.1e-05,7e-06,8e-06,5.9e-05,8.8e-05,3.7e-05,0.002019,0.000201,0.000174,6e-06,6e-06,9e-06,0.000593,6.7e-05,2e-06,1e-06,2e-06,0.000227,0.000199,3.7e-05,2e-05,9.5e-05,0.000139,2.6e-05,4e-06,8.6e-05,8e-06,0.001076,0.000161,0.000124,0.000141,7e-06,3e-06,1.8e-05,5.9e-05,0.000112,8.4e-05,4.6e-05,5e-06,0.000688,0.000206,0.000454,7e-06,6.6e-05,7e-06,0,2e-06,1.1e-05,3e-06,5e-05,6.8e-05,2e-06,0.000302,7e-06,1e-06,1.8e-05,0.000723,0.000245,3e-06,1.9e-05,1e-06,0.000167,3e-05,1e-06,0.000266,1e-06,1e-06,3e-06,0,1e-06,1.3e-05,5e-06
"manyara/mbulu/gidihim",0,0,0,0,0,0,0,0,0,0,0,0,0,0,0,0,0,0,0,0,0,0,0,0,0,0,0,0,0,0,0,0,0,0,0,0,0,0,0,0,0,0,0,0,0,0,0,0,0,0,0,0,0,0,0,0,0,0,0,0,0,0,0,0,0,0,0,0,0,0,0,0,0,0,0,0,0,0,0,0,0,0,0,0,0,0,0,0,0,0,0,0,0,0,0,0,0,0,0,0,0,0,0,0,0,0,0,0,0,0,0,0,0,0,0,0,0,0,0,0,0,0,0,0,0,0,0,0,0,0,0,0,0,0,0,0,0,0,0,0,0,0,0,0,0,0,0,0,0,0,0,0,0,0,0,0,0,0,0,0,0,0,0,0,0,0,0,0,0,0,0,0,0,0,0,0,0,0,0,0,0,0,0,0,0,0,0,0,0,0,0,0,0,0,0,0,0,0,0,0,0,0,0,0,0,0,0,0,0,0,0,0,0,0,0,0,0,0,0,0,0,0,0,0,0,0,0,0,0,0,0,0,0,0,0,0,0,0,0,0,0,0,0,0,0,0,0,0,0,0,0,0,0,0,0,0,0,0,0,0,0,0,0,0,0,0,0,0,0,0,0,0,0,0,0,0,0,0,0,0,0,0,0,0,0,0,0,0,0,0,0,0,0,0,0,0,0,0,0,0,0,0,0,0,0,0,0,0,0,0,0,0,0,0,0,0,0,0,0,0,0,0,0,0,0,0,0,0,0,0,0,0,0,0,0,0,0,0,0,0,0,0,0,0,0,0,0,0,0,0,0,0,0,0,0,0,0,0,0,0,0,0,0,0,0,0,0,0,0,0,0,0,0,0,0,0,0,0,0,0,0,0,0,0,0,0,0,0,0,0,0,0,0,0,0,0,0,0
"manyara/hanang/gisambalang",0.00012,4.2e-05,1.6e-05,0.000238,0.000116,0.000672,1.6e-05,1.8e-05,0.000151,0.01638,0.000369,0.001134,8.8e-05,0.001351,0.001129,4.8e-05,6.2e-05,0.000647,0.000127,0.000589,2e-05,7.1e-05,0.000166,1.3e-05,1.6e-05,4e-06,0.000199,2.4e-05,1.3e-05,2.4e-05,0.00076,0.000112,9e-06,1.1e-05,8.1e-05,0.000374,0.000129,0.005066,7.6e-05,0.000322,8e-05,0.001621,0.001822,0.002136,0.000491,0.000185,5.1e-05,0.030451,0.00657,3.1e-05,3e-05,2.9e-05,2.5e-05,9.2e-05,0.010393,0.000172,2e-05,7.4e-05,0.000776,0.00754,0.000266,0.000636,0.000536,0.000263,0,0.000899,0.000407,4.3e-05,0.000235,0.005813,1.6e-05,0.000107,2.3e-05,0.00043,0.001421,0.000441,6.9e-05,0.000173,9.4e-05,8.3e-05,0.000146,0.000841,7.8e-05,0,0.000737,1.9e-05,0.004583,9.8e-05,0.002085,0.002288,0.000274,8.9e-05,0.004743,0.000659,2.9e-05,0.002164,0.00027,6e-06,0.002195,0.000547,3.4e-05,2.5e-05,0.00059,0.000198,6.6e-05,0.002615,2.7e-05,0.000426,0.000155,0.001833,0.000191,0.001345,0.014,5e-06,2e-05,1.5e-05,0.001639,6e-05,0.002408,0.000216,8.1e-05,0.004147,1.6e-05,6e-05,7e-06,0.000244,0.001222,0.005292,0.000508,1.6e-05,1.3e-05,0.000358,0.001055,9.7e-05,5e-06,0.000731,4e-05,0.000289,0.004612,0.000683,0.000301,1.4e-05,0.000253,6.4e-05,2.9e-05,0.000874,9.7e-05,0.001075,0.000881,0.000296,1.4e-05,1.4e-05,2.3e-05,2.1e-05,0.000894,0.007633,4.3e-05,5.1e-05,0.00016,0.034139,0.000159,0.002609,6e-06,4.4e-05,0.000157,0.001333,0.000213,0.00015,0.001461,9.4e-05,0.000429,0.001831,0.021358,0.000473,6.7e-05,0.001329,0.004922,1.2e-05,0.000692,0.000845,8e-06,6.3e-05,0.00187,0.00012,0.004269,0.119718,9e-06,1.7e-05,0.002183,0.000651,0.000184,0.000961,0.00031,9.7e-05,0.003282,0.000125,1.6e-05,7.5e-05,0.000816,1e-05,0.002449,0.000845,0.000695,1.1e-05,0.001201,8.6e-05,0.007856,0.001744,7e-04,1.9e-05,1.7e-05,8.2e-05,0.002554,7e-06,1.5e-05,0.000238,1.7e-05,0.011055,9.9e-05,0.000627,1e-04,1.2e-05,0.000139,1.6e-05,0.002575,5.7e-05,0.00362,3.2e-05,0.000135,0.000284,0.000116,4e-05,0.002907,0.002913,0.000591,1e-06,1.9e-05,0.000334,0.000423,1.3e-05,0.000282,0.04481,7e-06,0.014648,1.1e-05,1.3e-05,4.5e-05,0.001083,0.000727,0.000136,0.00703,0.005166,1.9e-05,0.001948,0.000579,0.000481,1.8e-05,8.2e-05,1e-05,1.4e-05,1.1e-05,0.00022,1.4e-05,1.4e-05,0.001487,5.1e-05,7.2e-05,0.002393,4.1e-05,0.000701,0.00199,0.002138,1.4e-05,1.4e-05,0.006798,3.5e-05,0.000559,0.001085,4.3e-05,0.000128,0.000121,1.2e-05,0.018204,0.000139,5e-05,0.00012,0.00038,3.9e-05,0.000217,1.3e-05,0.000299,0.000153,4.3e-05,0.005774,0.000181,0.000294,0.001717,3.7e-05,0.000469,0.000574,6e-06,5e-06,1.2e-05,0.000201,9.8e-05,0.005821,0.000163,2.1e-05,1.3e-05,1.5e-05,0.001488,0.000252,0.000401,1e-05,0.000119,1.4e-05,2.1e-05,0.003418,0.003828,0.002162,0.000372,0.002452,0.000346,0.001494,0.012151,0.000568,0.000687,5.9e-05,9e-05,0.00048,0.000734,3e-04,0.013558,0.002183,0.00126,6.9e-05,6.1e-05,9.3e-05,0.005078,0.000273,1.6e-05,1e-05,1.5e-05,0.000169,0.002157,0.000448,0.000201,0.000804,0.001519,0.000279,1.8e-05,0.000823,6.4e-05,0.008775,0.000817,0.000872,0.000848,7.3e-05,2.7e-05,0.000176,0.000107,0.000428,0.000116,0.000522,6e-05,0.005725,0.001166,0.003636,0.000125,0.000581,6.7e-05,5e-06,1.8e-05,0.000122,3.1e-05,0.000395,0.000328,1.3e-05,0.002092,3.2e-05,7e-06,7.4e-05,0.007669,0.001708,1.5e-05,0.000156,1.5e-05,0.001688,0.000311,1e-05,0.002297,1.2e-05,1.5e-05,3.1e-05,5e-06,7e-06,6.2e-05,3.6e-05
"manyara/hanang/giting",0,0,0,0,0,0,0,0,0,0,0,0,0,0,0,0,0,0,0,0,0,0,0,0,0,0,0,0,0,0,0,0,0,0,0,0,0,0,0,0,0,0,0,0,0,0,0,0,0,0,0,0,0,0,0,0,0,0,0,0,0,0,0,0,0,0,0,0,0,0,0,0,0,0,0,0,0,0,0,0,0,0,0,0,0,0,0,0,0,0,0,0,0,0,0,0,0,0,0,0,0,0,0,0,0,0,0,0,0,0,0,0,0,0,0,0,0,0,0,0,0,0,0,0,0,0,0,0,0,0,0,0,0,0,0,0,0,0,0,0,0,0,0,0,0,0,0,0,0,0,0,0,0,0,0,0,0,0,0,0,0,0,0,0,0,0,0,0,0,0,0,0,0,0,0,0,0,0,0,0,0,0,0,0,0,0,0,0,0,0,0,0,0,0,0,0,0,0,0,0,0,0,0,0,0,0,0,0,0,0,0,0,0,0,0,0,0,0,0,0,0,0,0,0,0,0,0,0,0,0,0,0,0,0,0,0,0,0,0,0,0,0,0,0,0,0,0,0,0,0,0,0,0,0,0,0,0,0,0,0,0,0,0,0,0,0,0,0,0,0,0,0,0,0,0,0,0,0,0,0,0,0,0,0,0,0,0,0,0,0,0,0,0,0,0,0,0,0,0,0,0,0,0,0,0,0,0,0,0,0,0,0,0,0,0,0,0,0,0,0,0,0,0,0,0,0,0,0,0,0,0,0,0,0,0,0,0,0,0,0,0,0,0,0,0,0,0,0,0,0,0,0,0,0,0,0,0,0,0,0,0,0,0,0,0,0,0,0,0,0,0,0,0,0,0,0,0,0,0,0,0,0,0,0,0,0,0,0,0,0,0,0,0,0,0,0,0,0
"manyara/mbulu/gunyoda",0,0,0,0,0,0,0,0,0,0,0,0,0,0,0,0,0,0,0,0,0,0,0,0,0,0,0,0,0,0,0,0,0,0,0,0,0,0,0,0,0,0,0,0,0,0,0,0,0,0,0,0,0,0,0,0,0,0,0,0,0,0,0,0,0,0,0,0,0,0,0,0,0,0,0,0,0,0,0,0,0,0,0,0,0,0,0,0,0,0,0,0,0,0,0,0,0,0,0,0,0,0,0,0,0,0,0,0,0,0,0,0,0,0,0,0,0,0,0,0,0,0,0,0,0,0,0,0,0,0,0,0,0,0,0,0,0,0,0,0,0,0,0,0,0,0,0,0,0,0,0,0,0,0,0,0,0,0,0,0,0,0,0,0,0,0,0,0,0,0,0,0,0,0,0,0,0,0,0,0,0,0,0,0,0,0,0,0,0,0,0,0,0,0,0,0,0,0,0,0,0,0,0,0,0,0,0,0,0,0,0,0,0,0,0,0,0,0,0,0,0,0,0,0,0,0,0,0,0,0,0,0,0,0,0,0,0,0,0,0,0,0,0,0,0,0,0,0,0,0,0,0,0,0,0,0,0,0,0,0,0,0,0,0,0,0,0,0,0,0,0,0,0,0,0,0,0,0,0,0,0,0,0,0,0,0,0,0,0,0,0,0,0,0,0,0,0,0,0,0,0,0,0,0,0,0,0,0,0,0,0,0,0,0,0,0,0,0,0,0,0,0,0,0,0,0,0,0,0,0,0,0,0,0,0,0,0,0,0,0,0,0,0,0,0,0,0,0,0,0,0,0,0,0,0,0,0,0,0,0,0,0,0,0,0,0,0,0,0,0,0,0,0,0,0,0,0,0,0,0,0,0,0,0,0,0,0,0,0,0,0,0,0,0,0,0,0,0
"kilimanjaro/hai/haimjini",1e-06,0,0,0,0,1.6e-05,0,0,0,0,0,0,1e-06,8e-06,0,0,0,0,0,0,0,3e-06,0,1e-06,0,0,0,0,0,0,4e-06,0,0,0,0,0,1e-06,0,0,0,0,0,0,0,0,0,0,0.000128,2e-06,0,0,0,0,0,0,0,0,0,0,1e-06,0,0,1e-06,0,0,4e-06,1e-06,0,0,0,0,0,1e-06,0,0,0,0,0,0,0,0,0,0,0,0,0,0,0,0,1e-06,0,0,4e-05,4e-06,0,0,1.2e-05,0,3.7e-05,7e-06,0,0,0,1e-06,3e-06,1.8e-05,0,2.8e-05,3e-06,0,8e-06,1.5e-05,0,0,0,0,0.000295,0,8.2e-05,7e-06,4e-06,0.00012,0,0,0,0,0,0.00018,6e-06,0,0,5e-06,1e-05,5e-06,0,4e-06,0,7e-06,9e-06,5e-05,1.8e-05,0,1e-06,4e-06,0,4e-06,0,2.1e-05,1.7e-05,5e-06,0,0,0,0,1e-06,1.6e-05,0,0,0,0.001736,1e-06,2e-06,0,0,0,0,2e-06,4e-06,7e-06,0,0,1e-06,9.9e-05,1e-06,2e-06,0,2e-06,0,3.7e-05,0,0,0,1e-06,4e-06,0.000216,0.01636,0,0,0.000186,5.2e-05,1.5e-05,0,0,0,0,0,0,0,3.4e-05,0,5e-05,0,1e-06,0,1.3e-05,4e-06,8.4e-05,1e-06,0,0,0,0,2e-05,0,0,0,0,7.7e-05,2e-06,8e-06,0,0,0,1e-06,0.000724,4e-06,0.00018,4e-06,0,0,0,0,2e-06,8e-06,0,0,1e-06,4e-06,0,0,5e-06,3.6e-05,0,4.2e-05,0,1e-06,2e-06,8e-06,0,0,3.5e-05,8e-06,0,1.2e-05,6e-06,0,0,0,0,0,0,3e-06,0,0,0,0,0,5e-06,0,0,5e-06,1.5e-05,0,0,7.3e-05,0,0,1e-06,0,0,2e-06,0,3.6e-05,0,0,0,0,0,0,1e-06,0,2e-06,0,4.7e-05,6e-06,5e-06,1.7e-05,0,2e-06,0,0,0,1e-06,0,0,1e-06,1e-06,0,0,0,5e-06,0,0,0,3e-06,0,0,1.9e-05,3.6e-05,6e-06,1e-06,9e-06,5.2e-05,1e-05,5.1e-05,0,0,0,0,2e-06,4e-06,1e-06,3.4e-05,1e-06,1e-06,0,3e-06,0,5.4e-05,0,0,0,0,0,3e-06,0,0,4e-06,3e-06,0,0,3.1e-05,1e-06,4.5e-05,0,1e-06,4e-06,0,0,1.1e-05,0,0,0,0,0,3.5e-05,5e-06,1.5e-05,0,7e-06,4e-06,0,0,0,0,1e-06,0,0,1e-05,0,0,0,6.5e-05,0,0,1e-06,0,7.5e-05,9e-06,0,3e-05,0,0,0,0,0,0,0
"manyara/mbulu/hayderer",0,0,0,0,0,0,0,0,0,0,0,0,0,0,0,0,0,0,0,0,0,0,0,0,0,0,0,0,0,0,0,0,0,0,0,0,0,0,0,0,0,0,0,0,0,0,0,0,0,0,0,0,0,0,0,0,0,0,0,0,0,0,0,0,0,0,0,0,0,0,0,0,0,0,0,0,0,0,0,0,0,0,0,0,0,0,0,0,0,0,0,0,0,0,0,0,0,0,0,0,0,0,0,0,0,0,0,0,0,0,0,0,0,0,0,0,0,0,0,0,0,0,0,0,0,0,0,0,0,0,0,0,0,0,0,0,0,0,0,0,0,0,0,0,0,0,0,0,0,0,0,0,0,0,0,0,0,0,0,0,0,0,0,0,0,0,0,0,0,0,0,0,0,0,0,0,0,0,0,0,0,0,0,0,0,0,0,0,0,0,0,0,0,0,0,0,0,0,0,0,0,0,0,0,0,0,0,0,0,0,0,0,0,0,0,0,0,0,0,0,0,0,0,0,0,0,0,0,0,0,0,0,0,0,0,0,0,0,0,0,0,0,0,0,0,0,0,0,0,0,0,0,0,0,0,0,0,0,0,0,0,0,0,0,0,0,0,0,0,0,0,0,0,0,0,0,0,0,0,0,0,0,0,0,0,0,0,0,0,0,0,0,0,0,0,0,0,0,0,0,0,0,0,0,0,0,0,0,0,0,0,0,0,0,0,0,0,0,0,0,0,0,0,0,0,0,0,0,0,0,0,0,0,0,0,0,0,0,0,0,0,0,0,0,0,0,0,0,0,0,0,0,0,0,0,0,0,0,0,0,0,0,0,0,0,0,0,0,0,0,0,0,0,0,0,0,0,0,0,0,0,0,0,0,0,0,0,0,0,0,0,0,0,0,0,0,0,0
"manyara/mbulu/haydom",1.4e-05,1e-05,2e-06,7.5e-05,1.4e-05,7.3e-05,5e-06,5e-06,7e-06,0.001315,2.8e-05,1.5e-05,1.1e-05,0.000165,0.001162,1.6e-05,7.6e-05,0.000186,0.000218,0.000529,2e-06,1.2e-05,6e-06,1e-06,2e-06,0,1e-05,6e-06,1e-06,2e-06,5.4e-05,4e-06,1e-06,1e-06,4.1e-05,6.3e-05,1.6e-05,0.000915,3.6e-05,5.9e-05,7.9e-05,1e-05,0.000156,0.00148,2.9e-05,1e-05,8e-06,0.003889,0.000575,1.4e-05,1.4e-05,1.2e-05,7e-06,0.000276,0.000592,9e-06,2e-06,5e-06,6.2e-05,0.004318,5.7e-05,0.000168,7.7e-05,1.2e-05,0,0.000108,5.6e-05,0.000139,4.5e-05,0.000481,4e-06,3e-06,3e-06,0.000112,0.000147,0.000106,1.3e-05,2.1e-05,0.000109,0.000876,4e-06,4e-05,4.6e-05,1.1e-05,5.4e-05,1.1e-05,0.000529,0.000133,0,0.000299,6e-06,0.000253,0.000536,8.4e-05,5e-06,0.000749,3.3e-05,1e-06,0.00024,6e-05,9e-06,1.5e-05,5.7e-05,2.5e-05,7e-06,0.000332,9e-06,4.9e-05,1.9e-05,0.000685,2.3e-05,0.000159,0.000533,1e-06,2e-06,2e-06,0.000186,3e-06,0.000275,2.6e-05,1.4e-05,0.000491,2e-06,6e-06,1e-06,2.3e-05,0.000108,0.000885,5.8e-05,2e-06,2e-06,5.7e-05,0.000115,1.1e-05,0,9e-05,5e-06,3.3e-05,0.000666,7.9e-05,3.6e-05,1e-06,3.2e-05,7e-06,3e-06,9.2e-05,2.1e-05,0.000121,0.000101,3.4e-05,2e-06,1e-06,3e-06,2e-06,9.1e-05,0.001002,7e-06,1.2e-05,1.1e-05,0.00398,1.7e-05,0.000318,1e-06,5e-06,6e-05,1.3e-05,2.2e-05,1.8e-05,0.000178,1e-05,3.9e-05,0.000403,0.002695,4.2e-05,8e-06,0.000109,0.000762,2e-06,8e-05,5.7e-05,1e-06,1.3e-05,0.000168,1.3e-05,0.000509,0.009589,1e-06,2e-06,0.000256,7.7e-05,2.1e-05,0.000204,9.9e-05,0.000441,0.000499,6e-06,2e-06,8e-06,9.3e-05,2e-06,0.000293,3.8e-05,9.1e-05,1e-06,0.00014,1e-05,0.000882,0.000382,0.000162,2e-06,2e-06,9e-06,0.000291,1e-06,8e-06,2.3e-05,5e-06,0.001308,1.1e-05,7.2e-05,0.000181,1e-06,1.2e-05,2e-06,0.000302,7e-06,0.000435,4e-06,6.8e-05,1e-05,7e-06,3.2e-05,0.000474,0.00036,2.1e-05,0,2e-06,5.2e-05,0.000127,2e-06,3.1e-05,0.003715,1e-06,0.002117,1e-06,1e-06,5e-06,0.000128,3.3e-05,1.6e-05,0.000882,0.001079,3e-06,0.000235,7.1e-05,4.6e-05,2e-06,9e-06,1e-06,1e-06,1e-06,3.3e-05,2e-06,1e-06,0.000451,8e-06,1.8e-05,0.00032,4e-06,8.9e-05,0.000268,0.000226,1e-06,1e-06,0.000774,4e-06,5.3e-05,0.000125,1e-05,2.9e-05,1.3e-05,2e-06,0.002635,3.8e-05,4e-06,1.1e-05,7e-06,5e-06,6.8e-05,2e-06,1.5e-05,1.9e-05,4e-06,0.000666,2.1e-05,3.7e-05,0.000311,5e-06,4.6e-05,0.000186,1e-06,0,1e-06,2e-05,4e-06,0.001292,2e-05,3e-06,2e-06,2e-06,0.000264,0.000103,1.3e-05,1e-06,1.4e-05,5e-06,5e-06,0.000642,0.000454,0.000349,3.9e-05,0.000327,4.1e-05,0.000195,0.002226,0.000158,0.000187,7e-06,1.7e-05,6.1e-05,9.2e-05,3.9e-05,0.002775,0.000399,0.000137,4e-06,7e-06,1.7e-05,0.000615,1.3e-05,5e-06,1e-06,4e-06,1.7e-05,0.000198,3.8e-05,3.9e-05,0.000104,0.000148,5.2e-05,5e-06,0.000101,8e-06,0.001093,0.000205,0.000122,0.000119,8e-06,3e-06,2e-05,1.1e-05,8e-06,7e-06,4e-06,1.1e-05,0.000713,0.000202,0.000452,6e-06,7.2e-05,8e-06,0,2e-06,1.1e-05,4e-06,4.7e-05,4.3e-05,2e-06,4e-04,1.2e-05,1e-06,2.5e-05,0.000918,0.000618,5e-06,1.9e-05,2e-06,0.000196,3.6e-05,1e-06,0.000273,1e-06,1e-06,3e-06,0,1e-06,2.6e-05,4e-05
"kilimanjaro/same/hedaru",2e-06,0,1e-06,2e-06,0,4.1e-05,0,0,0,1e-05,0,0,1e-06,2.2e-05,1e-06,0,0,0,0,0,6.9e-05,3e-06,0,1e-06,3.7e-05,0,0,0,0,0.000185,9e-06,0,2.5e-05,2e-06,0,0,2e-06,2e-06,0,3e-06,0,0,2.9e-05,2e-06,3e-06,0,0,0.000444,3.9e-05,0,0,0,0,0,2e-06,0,1e-06,0,0.000139,3.6e-05,5e-06,6e-06,7e-06,2e-06,0,1.4e-05,4e-06,0,1e-06,1.2e-05,0,0,1e-06,1e-06,0,6e-06,1e-06,0,0,0,0,0,0,0,0,0,0.000159,0,1e-06,0,0,0,0.000331,1e-05,0,2e-06,8e-06,1e-06,0.000153,4e-05,0,0,0.001061,3e-06,3e-06,6.8e-05,0,1.9e-05,3e-06,9e-06,5e-06,5.8e-05,1e-06,0,1e-06,1e-06,5.5e-05,0,0.000116,8e-06,4e-06,0.000159,2e-06,9e-06,1e-06,0.001062,4.2e-05,0.000185,1.1e-05,1e-06,1e-06,3.2e-05,9e-05,4e-06,1e-06,1.2e-05,1e-06,1.5e-05,6.7e-05,2.7e-05,8e-06,0.000182,4e-06,3e-06,1e-06,0.000137,0,6.3e-05,4.4e-05,1.7e-05,1e-06,2e-06,1e-06,1.4e-05,0.000549,8.5e-05,3e-06,1e-06,1.5e-05,0.001614,1.6e-05,5.5e-05,0,9e-06,0,0,2.2e-05,3e-06,2.2e-05,1.4e-05,1.3e-05,1.7e-05,0.00032,0.000128,2e-06,1.3e-05,3.7e-05,0,3e-05,3.6e-05,2.9e-05,0,0.019357,7e-06,0.000144,0.003443,0,1e-06,8e-05,2.2e-05,8e-06,0,1e-06,0,6e-06,1e-06,1e-06,0,3.8e-05,0,5.4e-05,6e-06,0.004185,0,6e-05,2e-06,0.000553,1.3e-05,4e-06,1e-06,1e-06,0,0.000163,0,0,0.000289,0,0.000535,5e-06,3.4e-05,0,0,0,0,8.5e-05,2e-06,0.000113,1e-06,0,0,0,0,3e-05,3.7e-05,2e-06,0,1e-06,1.2e-05,3e-06,1e-06,9e-06,0.000227,0,0.005099,1.2e-05,1e-06,2e-06,1.9e-05,0,2e-06,0.000106,7.5e-05,0,3.2e-05,1.8e-05,0.002636,1e-06,1e-05,1e-06,1.7e-05,1.8e-05,2.1e-05,0,4.1e-05,8e-06,1e-06,0,2.7e-05,0,1e-06,2.4e-05,0.000235,2e-06,1.9e-05,0.000425,2e-06,0.003043,6.9e-05,0,1e-06,6e-06,0,0.000274,0,1e-06,0,0,2e-06,0,0,4e-06,4e-06,0.000146,0.000114,9e-06,7e-06,4.5e-05,1e-06,5.9e-05,2e-06,0,1e-06,1e-06,6.9e-05,1e-06,2e-05,3e-06,0,0,1e-06,2.8e-05,2e-06,1e-06,1e-06,6e-06,0,0,7.6e-05,0.000169,4.4e-05,5e-06,3.3e-05,1e-05,3.2e-05,0.000244,6e-06,7e-06,1e-06,1e-06,7e-06,1.1e-05,4e-06,0.000271,1.8e-05,2e-04,1e-06,3e-06,1e-06,9.7e-05,0,0,0,0,0,0.001328,0.000485,2e-06,1.2e-05,0.000735,2e-06,0,2.1e-05,1e-06,0.000135,7e-06,7e-06,3.8e-05,1e-05,1e-06,8e-06,0,0,0,0,0,9.2e-05,2.4e-05,5.2e-05,1e-06,1.1e-05,3e-06,3e-06,0.000119,3e-06,1e-06,6e-06,5e-06,0,5.3e-05,0,2e-06,0,0.00032,0,0,2e-06,1e-06,7.2e-05,1.4e-05,0,4.7e-05,1e-06,2.5e-05,6.1e-05,2e-06,6.1e-05,0,0
"manyara/hanang/hidet",0,0,0,0,0,0,0,0,0,0,0,0,0,0,0,0,0,0,0,0,0,0,0,0,0,0,0,0,0,0,0,0,0,0,0,0,0,0,0,0,0,0,0,0,0,0,0,0,0,0,0,0,0,0,0,0,0,0,0,0,0,0,0,0,0,0,0,0,0,0,0,0,0,0,0,0,0,0,0,0,0,0,0,0,0,0,0,0,0,0,0,0,0,0,0,0,0,0,0,0,0,0,0,0,0,0,0,0,0,0,0,0,0,0,0,0,0,0,0,0,0,0,0,0,0,0,0,0,0,0,0,0,0,0,0,0,0,0,0,0,0,0,0,0,0,0,0,0,0,0,0,0,0,0,0,0,0,0,0,0,0,0,0,0,0,0,0,0,0,0,0,0,0,0,0,0,0,0,0,0,0,0,0,0,0,0,0,0,0,0,0,0,0,0,0,0,0,0,0,0,0,0,0,0,0,0,0,0,0,0,0,0,0,0,0,0,0,0,0,0,0,0,0,0,0,0,0,0,0,0,0,0,0,0,0,0,0,0,0,0,0,0,0,0,0,0,0,0,0,0,0,0,0,0,0,0,0,0,0,0,0,0,0,0,0,0,0,0,0,0,0,0,0,0,0,0,0,0,0,0,0,0,0,0,0,0,0,0,0,0,0,0,0,0,0,0,0,0,0,0,0,0,0,0,0,0,0,0,0,0,0,0,0,0,0,0,0,0,0,0,0,0,0,0,0,0,0,0,0,0,0,0,0,0,0,0,0,0,0,0,0,0,0,0,0,0,0,0,0,0,0,0,0,0,0,0,0,0,0,0,0,0,0,0,0,0,0,0,0,0,0,0,0,0,0,0,0,0,0,0,0,0,0,0,0,0,0,0,0,0,0,0,0,0,0,0,0,0
"manyara/hanang/hirbadaw",0.00014,8.1e-05,2e-05,0.00068,0.00011,0.000744,3e-05,3.4e-05,6.2e-05,0.010821,0.000233,0.000225,0.000105,0.001579,0.006039,1e-04,0.000349,0.001329,0.001685,0.007838,2.1e-05,0.000121,5.4e-05,1.5e-05,1.6e-05,5e-06,9.2e-05,4.4e-05,7e-06,2.4e-05,0.000525,5.1e-05,9e-06,1.1e-05,0.000281,0.000518,0.000151,0.006954,0.000232,0.000564,0.000342,0.000123,0.001812,0.008018,0.000343,9.1e-05,7.6e-05,0.035923,0.00526,9.7e-05,8.8e-05,8.2e-05,4.7e-05,0.000761,0.005628,8.6e-05,2.1e-05,4.5e-05,0.000659,0.031875,0.000556,0.001463,0.00073,0.000142,0,0.001028,0.000516,0.000446,0.000352,0.004373,3.3e-05,4e-05,2.9e-05,0.000753,0.002622,0.000998,0.000114,0.000214,0.008401,0.001743,4e-05,0.000378,0.000239,0.000142,0.00051,6.7e-05,0.005285,0.000615,0.074414,0.003212,6.4e-05,0,0.00552,0.000803,4.4e-05,0.004629,0.000328,7e-06,0.002455,0.00062,5.8e-05,0.000105,0.000618,0.000235,7.6e-05,0.003355,6.1e-05,0.000495,0.00019,0.00506,0.000232,0.001629,0.006338,6e-06,2.4e-05,1.8e-05,0.001858,2.9e-05,0.002801,0.00026,0.000137,0.004971,1.7e-05,6.6e-05,8e-06,0.00025,0.001219,0.008649,0.000569,1.9e-05,1.6e-05,0.000587,0.001187,0.000113,5e-06,0.000858,4.8e-05,0.000337,0.006505,0.000801,0.000351,1.4e-05,0.000301,7.5e-05,3.5e-05,0.000957,0.000153,0.001238,0.001035,0.000344,1.7e-05,1.4e-05,2.8e-05,2.1e-05,0.000967,0.009189,7.5e-05,0.000108,0.000122,0.039393,0.000179,0.003079,7e-06,4.7e-05,0.001321,0.000208,0.00023,0.000181,0.001688,0.000101,0.00044,0.003461,0.025148,0.00044,8.2e-05,0.001083,0.00667,1.7e-05,0.000808,0.000631,8e-06,0.00012,0.001814,0.000136,0.005119,0.091062,1e-05,2e-05,0.002579,0.000775,0.00021,0.00138,0.000704,0.001191,0.004009,7.6e-05,1.8e-05,6.3e-05,0.000947,1.7e-05,0.002859,0.000406,0.000971,1.3e-05,0.001435,0.000103,0.009048,0.003181,0.001414,2.2e-05,2e-05,8e-05,0.003005,9e-06,5.1e-05,0.000253,3.5e-05,0.013391,0.000118,0.000737,0.000748,1.3e-05,1e-04,1.9e-05,0.003019,6.9e-05,0.004363,3.6e-05,0.000399,0.000103,6e-05,0.000174,0.004561,0.003359,0.000251,1e-06,2.2e-05,0.000512,0.001029,1.6e-05,0.000302,0.032399,8e-06,0.021862,1.1e-05,1.5e-05,5.2e-05,0.00123,4e-04,0.000149,0.008341,0.009838,2.4e-05,0.002245,0.000724,0.000492,2.2e-05,9.1e-05,1.2e-05,1.5e-05,1.1e-05,0.000333,1.7e-05,1.5e-05,0.003492,7.6e-05,0.000116,0.002952,2.9e-05,0.000704,0.0025,0.002339,1.5e-05,1.4e-05,0.007939,4.2e-05,0.000573,0.001272,6.7e-05,0.000239,0.000128,2.1e-05,0.025577,0.000245,4.1e-05,9.6e-05,8.2e-05,4.7e-05,0.000431,1.6e-05,0.000164,0.000194,4.4e-05,0.006408,0.00021,0.000367,0.003011,4.4e-05,0.000472,0.001379,8e-06,5e-06,1.4e-05,0.000208,4.6e-05,0.009967,0.000192,2.5e-05,1.5e-05,1.8e-05,0.002474,0.000829,0.000148,1.2e-05,0.000139,3.3e-05,5.1e-05,0.006151,0.004648,0.003293,0.000369,0.003077,0.000406,0.001946,0.020777,0.001516,0.001789,6.8e-05,0.000167,0.000577,0.000875,0.000367,0.02642,0.003866,0.001448,5.1e-05,7.1e-05,0.000161,0.005929,0.000122,3.3e-05,1.2e-05,2.7e-05,0.000144,0.002095,0.000417,0.000364,0.000992,0.001562,0.000501,3.3e-05,0.000999,7.6e-05,0.010331,0.001735,0.001081,0.001182,8e-05,3.2e-05,0.000203,8.5e-05,8.7e-05,6.4e-05,4.8e-05,0.000111,0.00678,0.001913,0.004265,7e-05,0.000698,7.8e-05,5e-06,1.8e-05,0.000123,3.8e-05,0.000442,0.000409,1.6e-05,0.003932,7.2e-05,8e-06,0.000149,0.009377,0.004263,3e-05,0.000183,1.8e-05,0.001984,0.000368,1.2e-05,0.002648,1.5e-05,1.5e-05,3.3e-05,5e-06,7e-06,0.000147,0.000179
"kilimanjaro/rombo/holili",0,0,0,0,0,0,0,0,0,0,0,0,0,0,0,0,0,0,0,0,0,0,0,0,0,0,0,0,0,0,0,0,0,0,0,0,0,0,0,0,0,0,0,0,0,0,0,0,0,0,0,0,0,0,0,0,0,0,0,0,0,0,0,0,0,0,0,0,0,0,0,0,0,0,0,0,0,0,0,0,0,0,0,0,0,0,0,0,0,0,0,0,0,0,0,0,0,0,0,0,0,0,0,0,0,0,0,0,0,0,0,0,0,0,0,0,0,0,0,0,0,0,0,0,0,0,0,0,0,0,0,0,0,0,0,0,0,0,0,0,0,0,0,0,0,0,0,0,0,0,0,0,0,0,0,0,0,0,0,0,0,0,0,0,0,0,0,0,0,0,0,0,0,0,0,0,0,0,0,0,0,0,0,0,0,0,0,0,0,0,0,0,0,0,0,0,0,0,0,0,0,0,0,0,0,0,0,0,0,0,0,0,0,0,0,0,0,0,0,0,0,0,0,0,0,0,0,0,0,0,0,0,0,0,0,0,0,0,0,0,0,0,0,0,0,0,0,0,0,0,0,0,0,0,0,0,0,0,0,0,0,0,0,0,0,0,0,0,0,0,0,0,0,0,0,0,0,0,0,0,0,0,0,0,0,0,0,0,0,0,0,0,0,0,0,0,0,0,0,0,0,0,0,0,0,0,0,0,0,0,0,0,0,0,0,0,0,0,0,0,0,0,0,0,0,0,0,0,0,0,0,0,0,0,0,0,0,0,0,0,0,0,0,0,0,0,0,0,0,0,0,0,0,0,0,0,0,0,0,0,0,0,0,0,0,0,0,0,0,0,0,0,0,0,0,0,0,0,0,0,0,0,0,0,0,0,0,0,0,0,0,0,0,0,0,0,0,0
"arusha/arusha/ilkidinga",0,0,0,0,0,0,0,0,0,0,0,0,0,0,0,0,0,0,0,0,0,0,0,0,0,0,0,0,0,0,0,0,0,0,0,0,0,0,0,0,0,0,0,0,0,0,0,0,0,0,0,0,0,0,0,0,0,0,0,0,0,0,0,0,0,0,0,0,0,0,0,0,0,0,0,0,0,0,0,0,0,0,0,0,0,0,0,0,0,0,0,0,0,0,0,0,0,0,0,0,0,0,0,0,0,0,0,0,0,0,0,0,0,0,0,0,0,0,0,0,0,0,0,0,0,0,0,0,0,0,0,0,0,0,0,0,0,0,0,0,0,0,0,0,0,0,0,0,0,0,0,0,0,0,0,0,0,0,0,0,0,0,0,0,0,0,0,0,0,0,0,0,0,0,0,0,0,0,0,0,0,0,0,0,0,0,0,0,0,0,0,0,0,0,0,0,0,0,0,0,0,0,0,0,0,0,0,0,0,0,0,0,0,0,0,0,0,0,0,0,0,0,0,0,0,0,0,0,0,0,0,0,0,0,0,0,0,0,0,0,0,0,0,0,0,0,0,0,0,0,0,0,0,0,0,0,0,0,0,0,0,0,0,0,0,0,0,0,0,0,0,0,0,0,0,0,0,0,0,0,0,0,0,0,0,0,0,0,0,0,0,0,0,0,0,0,0,0,0,0,0,0,0,0,0,0,0,0,0,0,0,0,0,0,0,0,0,0,0,0,0,0,0,0,0,0,0,0,0,0,0,0,0,0,0,0,0,0,0,0,0,0,0,0,0,0,0,0,0,0,0,0,0,0,0,0,0,0,0,0,0,0,0,0,0,0,0,0,0,0,0,0,0,0,0,0,0,0,0,0,0,0,0,0,0,0,0,0,0,0,0,0,0,0,0,0,0,0
"arusha/longido/ilorienito",0,0,0,0,0,0,0,0,0,0,0,0,0,0,0,0,0,0,0,0,0,0,0,0,0,0,0,0,0,0,0,0,0,0,0,0,0,0,0,0,0,0,0,0,0,0,0,0,0,0,0,0,0,0,0,0,0,0,0,0,0,0,0,0,0,0,0,0,0,0,0,0,0,0,0,0,0,0,0,0,0,0,0,0,0,0,0,0,0,0,0,0,0,0,0,0,0,0,0,0,0,0,0,0,0,0,0,0,0,0,0,0,0,0,0,0,0,0,0,0,0,0,0,0,0,0,0,0,0,0,0,0,0,0,0,0,0,0,0,0,0,0,0,0,0,0,0,0,0,0,0,0,0,0,0,0,0,0,0,0,0,0,0,0,0,0,0,0,0,0,0,0,0,0,0,0,0,0,0,0,0,0,0,0,0,0,0,0,0,0,0,0,0,0,0,0,0,0,0,0,0,0,0,0,0,0,0,0,0,0,0,0,0,0,0,0,0,0,0,0,0,0,0,0,0,0,0,0,0,0,0,0,0,0,0,0,0,0,0,0,0,0,0,0,0,0,0,0,0,0,0,0,0,0,0,0,0,0,0,0,0,0,0,0,0,0,0,0,0,0,0,0,0,0,0,0,0,0,0,0,0,0,0,0,0,0,0,0,0,0,0,0,0,0,0,0,0,0,0,0,0,0,0,0,0,0,0,0,0,0,0,0,0,0,0,0,0,0,0,0,0,0,0,0,0,0,0,0,0,0,0,0,0,0,0,0,0,0,0,0,0,0,0,0,0,0,0,0,0,0,0,0,0,0,0,0,0,0,0,0,0,0,0,0,0,0,0,0,0,0,0,0,0,0,0,0,0,0,0,0,0,0,0,0,0,0,0,0,0,0,0,0,0,0,0,0,0,0
"manyara/mbulu/imboru",0.002234,0.001797,0.000195,0.005907,0.002674,0.008176,0.029331,0.031566,0.000858,0.25238,0.005425,0.000397,0.001723,0.026009,0.085819,0.095214,0.006135,0.009255,0.000931,0.002637,0.000162,0.001087,0.000671,0.000164,0.000134,5.1e-05,0.001596,0.006521,4.3e-05,0.000197,0.013156,3e-04,7.7e-05,0.00011,0.010316,0.002505,0.002656,0.076725,0.078203,0.006203,0.004248,0.000279,0.007596,0.121265,0.00139,0.001228,0.001527,0.440353,0.111349,0.006197,0.095636,0.002998,0.003335,0.002921,0.028579,0.000572,0.000295,0.001178,0.006194,0.299718,0.004926,0.023133,0.011384,0.00085,5e-06,0.017671,0.011167,0.001438,0.017678,0.063022,0.001534,0.000116,0.00036,0.232381,0.001662,0.010034,0.001976,0.000511,0.00047,0.00097,0.000294,0.002661,0.002875,0.000423,0.002309,0.036482,0.061847,0.001335,0.028106,0.018348,0.000338,0.000571,0.052492,0.01303,0.000845,0,0.003966,6.7e-05,0.025608,0.00635,0.02512,0.001381,0.004923,0.004098,0.000837,0.034984,0.009472,0.005533,0.002568,0.16665,0.002782,0.016438,0.012184,1e-04,0.000248,0.000181,0.023087,0.00019,0.029792,0.002865,0.001087,0.052454,0.000168,0.000637,7.1e-05,0.001999,0.005865,0.080458,0.008548,0.000197,0.000162,0.004233,0.011875,0.001256,4.8e-05,0.01449,0.000836,0.003583,0.076059,0.00901,0.004675,0.000112,0.005324,0.000839,0.000344,0.009097,0.005889,0.012898,0.010785,0.003559,0.000169,0.000142,0.000275,0.000192,0.008052,0.16931,0.000523,0.001266,0.001012,0.335802,0.001758,0.034974,7.7e-05,0.000446,0.000405,0.000338,0.002379,0.002483,0.029059,0.000992,0.002038,0.070628,0.337525,0.00424,0.000989,0.010696,0.127003,0.000223,0.00893,0.004525,6.5e-05,0.001361,0.014751,0.00148,0.056517,0.724669,0.000119,0.000225,0.029096,0.009001,0.002392,0.037766,0.072083,0.00218,0.12223,0.000447,0.000183,0.002567,0.01033,0.000757,0.040204,0.00398,0.005822,0.000172,0.014353,0.001341,0.085869,0.079715,0.021864,0.000228,0.000201,0.00173,0.028882,8.5e-05,0.002057,0.002046,0.010396,0.120332,0.001213,0.007492,0.002373,0.00019,0.001188,0.00023,0.035596,0.000832,0.049331,0.000422,0.053991,0.000528,0.000569,0.013911,0.054534,0.063156,0.001464,1.4e-05,0.000237,0.005315,0.024532,0.000154,0.004113,0.658289,8.4e-05,0.13366,9.5e-05,0.000163,0.00057,0.019952,0.000872,0.003093,0.13183,0.128157,0.000527,0.037051,0.007646,0.00404,0.000219,0.000892,0.000132,0.000126,9.6e-05,0.002636,0.000789,0.00012,0.110929,0.001071,0.0136,0.057677,0.000978,0.038888,0.045969,0.023194,0.000149,0.000126,0.075694,0.000417,0.004643,0.010628,0.017845,0.007068,0.00157,0.000456,0.251121,0.072749,0.000187,0.001608,0.000322,0.000484,0.004948,0.000195,0.001311,0.002289,0.00036,0.095392,0.002276,0.004443,0.030414,0.00078,0.004951,0.0431,7.4e-05,5e-05,0.000154,0.001941,0.000315,0.34747,0.00313,0.000382,0.000245,0.000203,0.032303,0.011665,0.000959,0.000129,0.001486,0.001546,0.000409,0.064042,0.045272,0.04224,0.006857,0.052526,0.005114,0.021987,0.220848,0.010747,0.013382,0.00117,0.00151,0.010381,0.014729,0.00674,0.218162,0.03863,0.009813,0.000242,0.000782,0.002197,0.086708,0.002121,0.001865,0.000132,0.001339,0.001781,0.018993,0.003293,0.004423,0.01641,0.014173,0.005606,0.02979,0.012522,0.001193,0.159311,0.036629,0.027422,0.011492,0.000779,0.00032,0.002276,0.002479,0.000349,0.00138,0.000264,0.001053,0.105471,0.023779,0.073266,0.000409,0.010492,0.000865,4.2e-05,0.000154,0.000542,0.000387,0.007974,0.005582,0.000272,0.033993,0.020865,7.3e-05,0.006228,0.088451,0.017159,0.037178,0.003241,0.000191,0.0216,0.003952,0.000132,0.039105,0.000149,0.000133,0.000272,4.4e-05,5.9e-05,0.010724,0.003574
"kilimanjaro/siha/ivaeny",8e-06,0,1e-06,1e-06,0,5.6e-05,0,0,0,2e-06,0,0,6e-06,7.3e-05,0,0,0,0,0,0,0,0.000108,0,2e-06,0,1e-06,0,0,0,0,2.6e-05,0,0,0,0,0,5e-06,0,0,1e-06,0,0,1e-06,0,0,0,1e-06,0.001187,1.4e-05,0,0,0,0,0,0,0,1e-06,0,3e-06,8e-06,5e-06,4e-06,2.1e-05,0,0,3.5e-05,7e-06,0,0,2e-06,0,0,4.1e-05,0,0,4e-06,0,0,0,0,0,0,0,0,0,0,0.001756,0,0,1e-05,0,0,0.000295,4.6e-05,0,1e-06,0,0,0.000163,3.8e-05,0,0,3e-06,9e-06,1.2e-05,0.000401,0,0.000113,6.7e-05,3e-06,0.003787,0.00018,0,0,2e-06,1e-06,0.000352,0,0.000455,9.8e-05,5.1e-05,0.00154,0,2e-06,0,1e-06,1e-06,0.001027,3.6e-05,2e-06,2e-06,3.2e-05,5.6e-05,2.4e-05,0,3.6e-05,2e-06,4.6e-05,0.000159,0.000267,0.000104,0,1e-05,2.4e-05,2e-06,2.2e-05,0,0.000119,0.00013,3.2e-05,2e-06,0,2e-06,0,7e-06,0.00015,4e-06,1e-06,0,0.007597,7e-06,1.3e-05,1e-06,1e-06,0,0,8e-06,5.3e-05,5.8e-05,2e-06,0,1.1e-05,0.000903,3e-06,0.000322,1e-06,1.3e-05,1e-06,0.00019,1e-06,0,0,8e-06,1.4e-05,0.004467,0.039253,7e-06,1.2e-05,0.001409,0.000783,3.5e-05,0,0,0,1e-06,0,1e-06,0,0.000169,0,0.000388,0,4e-06,1e-06,0.000128,8.1e-05,0.000551,6e-06,2e-06,2e-06,2e-06,0,0.000165,1e-06,0,1e-06,0,0.00083,1.3e-05,6.7e-05,0,1e-06,0,4.9e-05,0.001944,0.000231,0.007975,6e-06,0,0,0,0,2.7e-05,6.7e-05,0,0,4e-06,1.7e-05,1e-06,1e-06,1.7e-05,0.000307,1e-06,0.000248,0,2e-06,9e-06,5.5e-05,0,2e-06,0.000326,9.8e-05,0,9.3e-05,0.000124,3e-06,2e-06,3e-06,2e-06,0,0,1.1e-05,0,0,3e-06,1e-06,0,5.4e-05,0,0,6e-05,7.9e-05,0,0,0.000545,3e-06,3e-06,6e-06,0,0,6e-06,0,0.000616,0,0,0,0,5e-06,0,6.8e-05,0,6.7e-05,0,0.00029,3.2e-05,0.000314,0.00028,2e-06,8e-06,1e-06,0,0,2e-06,3e-06,0,6e-06,1.1e-05,3e-06,1e-06,8e-06,4.3e-05,0,0,1e-06,2.2e-05,0,0,0.000299,0.000415,4.3e-05,4e-06,0.000103,0.000246,0.000251,0.000526,2e-06,2e-06,3e-06,0,1.8e-05,3.9e-05,1e-05,0.000576,8e-06,4e-06,0,1.2e-05,0,0.000451,0,0,2e-06,0,0,1.6e-05,1e-06,1e-06,4.8e-05,1.6e-05,1e-06,0,0.001851,5e-06,0.000405,4e-06,8e-06,1.8e-05,2e-06,2e-06,3.9e-05,0,0,0,0,0,0.000326,4.2e-05,0.000131,0,7.2e-05,1.5e-05,0,0,0,4e-06,1.1e-05,2e-06,1e-06,0.000229,0,0,0,0.000822,0,0,6e-06,4e-06,0.000505,7.1e-05,3e-06,0.000219,2e-06,0,0,0,0,0,0
"kilimanjaro/mwanga/jipe",0,0,0,0,0,0,0,0,0,0,0,0,0,0,0,0,0,0,0,0,0,0,0,0,0,0,0,0,0,0,0,0,0,0,0,0,0,0,0,0,0,0,0,0,0,0,0,0,0,0,0,0,0,0,0,0,0,0,0,0,0,0,0,0,0,0,0,0,0,0,0,0,0,0,0,0,0,0,0,0,0,0,0,0,0,0,0,0,0,0,0,0,0,0,0,0,0,0,0,0,0,0,0,0,0,0,0,0,0,0,0,0,0,0,0,0,0,0,0,0,0,0,0,0,0,0,0,0,0,0,0,0,0,0,0,0,0,0,0,0,0,0,0,0,0,0,0,0,0,0,0,0,0,0,0,0,0,0,0,0,0,0,0,0,0,0,0,0,0,0,0,0,0,0,0,0,0,0,0,0,0,0,0,0,0,0,0,0,0,0,0,0,0,0,0,0,0,0,0,0,0,0,0,0,0,0,0,0,0,0,0,0,0,0,0,0,0,0,0,0,0,0,0,0,0,0,0,0,0,0,0,0,0,0,0,0,0,0,0,0,0,0,0,0,0,0,0,0,0,0,0,0,0,0,0,0,0,0,0,0,0,0,0,0,0,0,0,0,0,0,0,0,0,0,0,0,0,0,0,0,0,0,0,0,0,0,0,0,0,0,0,0,0,0,0,0,0,0,0,0,0,0,0,0,0,0,0,0,0,0,0,0,0,0,0,0,0,0,0,0,0,0,0,0,0,0,0,0,0,0,0,0,0,0,0,0,0,0,0,0,0,0,0,0,0,0,0,0,0,0,0,0,0,0,0,0,0,0,0,0,0,0,0,0,0,0,0,0,0,0,0,0,0,0,0,0,0,0,0,0,0,0,0,0,0,0,0,0,0,0,0,0,0,0,0,0,0,0
"kilimanjaro/moshi/kahe",0,0,0,0,0,0,0,0,0,0,0,0,0,0,0,0,0,0,0,0,0,0,0,0,0,0,0,0,0,0,0,0,0,0,0,0,0,0,0,0,0,0,0,0,0,0,0,0,0,0,0,0,0,0,0,0,0,0,0,0,0,0,0,0,0,0,0,0,0,0,0,0,0,0,0,0,0,0,0,0,0,0,0,0,0,0,0,0,0,0,0,0,0,0,0,0,0,0,0,0,0,0,0,0,0,0,0,0,0,0,0,0,0,0,0,0,0,0,0,0,0,0,0,0,0,0,0,0,0,0,0,0,0,0,0,0,0,0,0,0,0,0,0,0,0,0,0,0,0,0,0,0,0,0,0,0,0,0,0,0,0,0,0,0,0,0,0,0,0,0,0,0,0,0,0,0,0,0,0,0,0,0,0,0,0,0,0,0,0,0,0,0,0,0,0,0,0,0,0,0,0,0,0,0,0,0,0,0,0,0,0,0,0,0,0,0,0,0,0,0,0,0,0,0,0,0,0,0,0,0,0,0,0,0,0,0,0,0,0,0,0,0,0,0,0,0,0,0,0,0,0,0,0,0,0,0,0,0,0,0,0,0,0,0,0,0,0,0,0,0,0,0,0,0,0,0,0,0,0,0,0,0,0,0,0,0,0,0,0,0,0,0,0,0,0,0,0,0,0,0,0,0,0,0,0,0,0,0,0,0,0,0,0,0,0,0,0,0,0,0,0,0,0,0,0,0,0,0,0,0,0,0,0,0,0,0,0,0,0,0,0,0,0,0,0,0,0,0,0,0,0,0,0,0,0,0,0,0,0,0,0,0,0,0,0,0,0,0,0,0,0,0,0,0,0,0,0,0,0,0,0,0,0,0,0,0,0,0,0,0,0,0,0,0,0,0,0,0
"kilimanjaro/moshi/kahemashariki",0,0,0,0,0,0,0,0,0,0,0,0,0,0,0,0,0,0,0,0,0,0,0,0,0,0,0,0,0,0,0,0,0,0,0,0,0,0,0,0,0,0,0,0,0,0,0,0,0,0,0,0,0,0,0,0,0,0,0,0,0,0,0,0,0,0,0,0,0,0,0,0,0,0,0,0,0,0,0,0,0,0,0,0,0,0,0,0,0,0,0,0,0,0,0,0,0,0,0,0,0,0,0,0,0,0,0,0,0,0,0,0,0,0,0,0,0,0,0,0,0,0,0,0,0,0,0,0,0,0,0,0,0,0,0,0,0,0,0,0,0,0,0,0,0,0,0,0,0,0,0,0,0,0,0,0,0,0,0,0,0,0,0,0,0,0,0,0,0,0,0,0,0,0,0,0,0,0,0,0,0,0,0,0,0,0,0,0,0,0,0,0,0,0,0,0,0,0,0,0,0,0,0,0,0,0,0,0,0,0,0,0,0,0,0,0,0,0,0,0,0,0,0,0,0,0,0,0,0,0,0,0,0,0,0,0,0,0,0,0,0,0,0,0,0,0,0,0,0,0,0,0,0,0,0,0,0,0,0,0,0,0,0,0,0,0,0,0,0,0,0,0,0,0,0,0,0,0,0,0,0,0,0,0,0,0,0,0,0,0,0,0,0,0,0,0,0,0,0,0,0,0,0,0,0,0,0,0,0,0,0,0,0,0,0,0,0,0,0,0,0,0,0,0,0,0,0,0,0,0,0,0,0,0,0,0,0,0,0,0,0,0,0,0,0,0,0,0,0,0,0,0,0,0,0,0,0,0,0,0,0,0,0,0,0,0,0,0,0,0,0,0,0,0,0,0,0,0,0,0,0,0,0,0,0,0,0,0,0,0,0,0,0,0,0,0,0,0
"manyara/mbulu/kainam",0,0,0,0,0,0,0,0,0,0,0,0,0,0,0,0,0,0,0,0,0,0,0,0,0,0,0,0,0,0,0,0,0,0,0,0,0,0,0,0,0,0,0,0,0,0,0,0,0,0,0,0,0,0,0,0,0,0,0,0,0,0,0,0,0,0,0,0,0,0,0,0,0,0,0,0,0,0,0,0,0,0,0,0,0,0,0,0,0,0,0,0,0,0,0,0,0,0,0,0,0,0,0,0,0,0,0,0,0,0,0,0,0,0,0,0,0,0,0,0,0,0,0,0,0,0,0,0,0,0,0,0,0,0,0,0,0,0,0,0,0,0,0,0,0,0,0,0,0,0,0,0,0,0,0,0,0,0,0,0,0,0,0,0,0,0,0,0,0,0,0,0,0,0,0,0,0,0,0,0,0,0,0,0,0,0,0,0,0,0,0,0,0,0,0,0,0,0,0,0,0,0,0,0,0,0,0,0,0,0,0,0,0,0,0,0,0,0,0,0,0,0,0,0,0,0,0,0,0,0,0,0,0,0,0,0,0,0,0,0,0,0,0,0,0,0,0,0,0,0,0,0,0,0,0,0,0,0,0,0,0,0,0,0,0,0,0,0,0,0,0,0,0,0,0,0,0,0,0,0,0,0,0,0,0,0,0,0,0,0,0,0,0,0,0,0,0,0,0,0,0,0,0,0,0,0,0,0,0,0,0,0,0,0,0,0,0,0,0,0,0,0,0,0,0,0,0,0,0,0,0,0,0,0,0,0,0,0,0,0,0,0,0,0,0,0,0,0,0,0,0,0,0,0,0,0,0,0,0,0,0,0,0,0,0,0,0,0,0,0,0,0,0,0,0,0,0,0,0,0,0,0,0,0,0,0,0,0,0,0,0,0,0,0,0,0,0,0
"arusha/ngorongoro/kakesio",0,0,0,0,0,0,0,0,0,0,0,0,0,0,0,0,0,0,0,0,0,0,0,0,0,0,0,0,0,0,0,0,0,0,0,0,0,0,0,0,0,0,0,0,0,0,0,0,0,0,0,0,0,0,0,0,0,0,0,0,0,0,0,0,0,0,0,0,0,0,0,0,0,0,0,0,0,0,0,0,0,0,0,0,0,0,0,0,0,0,0,0,0,0,0,0,0,0,0,0,0,0,0,0,0,0,0,0,0,0,0,0,0,0,0,0,0,0,0,0,0,0,0,0,0,0,0,0,0,0,0,0,0,0,0,0,0,0,0,0,0,0,0,0,0,0,0,0,0,0,0,0,0,0,0,0,0,0,0,0,0,0,0,0,0,0,0,0,0,0,0,0,0,0,0,0,0,0,0,0,0,0,0,0,0,0,0,0,0,0,0,0,0,0,0,0,0,0,0,0,0,0,0,0,0,0,0,0,0,0,0,0,0,0,0,0,0,0,0,0,0,0,0,0,0,0,0,0,0,0,0,0,0,0,0,0,0,0,0,0,0,0,0,0,0,0,0,0,0,0,0,0,0,0,0,0,0,0,0,0,0,0,0,0,0,0,0,0,0,0,0,0,0,0,0,0,0,0,0,0,0,0,0,0,0,0,0,0,0,0,0,0,0,0,0,0,0,0,0,0,0,0,0,0,0,0,0,0,0,0,0,0,0,0,0,0,0,0,0,0,0,0,0,0,0,0,0,0,0,0,0,0,0,0,0,0,0,0,0,0,0,0,0,0,0,0,0,0,0,0,0,0,0,0,0,0,0,0,0,0,0,0,0,0,0,0,0,0,0,0,0,0,0,0,0,0,0,0,0,0,0,0,0,0,0,0,0,0,0,0,0,0,0,0,0,0,0,0
"kilimanjaro/same/kalemawe",0,0,0,0,0,0,0,0,0,0,0,0,0,0,0,0,0,0,0,0,0,0,0,0,0,0,0,0,0,0,0,0,0,0,0,0,0,0,0,0,0,0,0,0,0,0,0,0,0,0,0,0,0,0,0,0,0,0,0,0,0,0,0,0,0,0,0,0,0,0,0,0,0,0,0,0,0,0,0,0,0,0,0,0,0,0,0,0,0,0,0,0,0,0,0,0,0,0,0,0,0,0,0,0,0,0,0,0,0,0,0,0,0,0,0,0,0,0,0,0,0,0,0,0,0,0,0,0,0,0,0,0,0,0,0,0,0,0,0,0,0,0,0,0,0,0,0,0,0,0,0,0,0,0,0,0,0,0,0,0,0,0,0,0,0,0,0,0,0,0,0,0,0,0,0,0,0,0,0,0,0,0,0,0,0,0,0,0,0,0,0,0,0,0,0,0,0,0,0,0,0,0,0,0,0,0,0,0,0,0,0,0,0,0,0,0,0,0,0,0,0,0,0,0,0,0,0,0,0,0,0,0,0,0,0,0,0,0,0,0,0,0,0,0,0,0,0,0,0,0,0,0,0,0,0,0,0,0,0,0,0,0,0,0,0,0,0,0,0,0,0,0,0,0,0,0,0,0,0,0,0,0,0,0,0,0,0,0,0,0,0,0,0,0,0,0,0,0,0,0,0,0,0,0,0,0,0,0,0,0,0,0,0,0,0,0,0,0,0,0,0,0,0,0,0,0,0,0,0,0,0,0,0,0,0,0,0,0,0,0,0,0,0,0,0,0,0,0,0,0,0,0,0,0,0,0,0,0,0,0,0,0,0,0,0,0,0,0,0,0,0,0,0,0,0,0,0,0,0,0,0,0,0,0,0,0,0,0,0,0,0,0,0,0,0,0,0,0
"arusha/arushaurban/kaloleni",0,0,0,0,0,0,0,0,0,0,0,0,0,0,0,0,0,0,0,0,0,0,0,0,0,0,0,0,0,0,0,0,0,0,0,0,0,0,0,0,0,0,0,0,0,0,0,0,0,0,0,0,0,0,0,0,0,0,0,0,0,0,0,0,0,0,0,0,0,0,0,0,0,0,0,0,0,0,0,0,0,0,0,0,0,0,0,0,0,0,0,0,0,0,0,0,0,0,0,0,0,0,0,0,0,0,0,0,0,0,0,0,0,0,0,0,0,0,0,0,0,0,0,0,0,0,0,0,0,0,0,0,0,0,0,0,0,0,0,0,0,0,0,0,0,0,0,0,0,0,0,0,0,0,0,0,0,0,0,0,0,0,0,0,0,0,0,0,0,0,0,0,0,0,0,0,0,0,0,0,0,0,0,0,0,0,0,0,0,0,0,0,0,0,0,0,0,0,0,0,0,0,0,0,0,0,0,0,0,0,0,0,0,0,0,0,0,0,0,0,0,0,0,0,0,0,0,0,0,0,0,0,0,0,0,0,0,0,0,0,0,0,0,0,0,0,0,0,0,0,0,0,0,0,0,0,0,0,0,0,0,0,0,0,0,0,0,0,0,0,0,0,0,0,0,0,0,0,0,0,0,0,0,0,0,0,0,0,0,0,0,0,0,0,0,0,0,0,0,0,0,0,0,0,0,0,0,0,0,0,0,0,0,0,0,0,0,0,0,0,0,0,0,0,0,0,0,0,0,0,0,0,0,0,0,0,0,0,0,0,0,0,0,0,0,0,0,0,0,0,0,0,0,0,0,0,0,0,0,0,0,0,0,0,0,0,0,0,0,0,0,0,0,0,0,0,0,0,0,0,0,0,0,0,0,0,0,0,0,0,0,0,0,0,0,0,0,0
"kilimanjaro/moshimunicipal/kaloleni",0,0,0,0,0,0,0,0,0,0,0,0,0,0,0,0,0,0,0,0,0,0,0,0,0,0,0,0,0,0,0,0,0,0,0,0,0,0,0,0,0,0,0,0,0,0,0,0,0,0,0,0,0,0,0,0,0,0,0,0,0,0,0,0,0,0,0,0,0,0,0,0,0,0,0,0,0,0,0,0,0,0,0,0,0,0,0,0,0,0,0,0,0,0,0,0,0,0,0,0,0,0,0,0,0,0,0,0,0,0,0,0,0,0,0,0,0,0,0,0,0,0,0,0,0,0,0,0,0,0,0,0,0,0,0,0,0,0,0,0,0,0,0,0,0,0,0,0,0,0,0,0,0,0,0,0,0,0,0,0,0,0,0,0,0,0,0,0,0,0,0,0,0,0,0,0,0,0,0,0,0,0,0,0,0,0,0,0,0,0,0,0,0,0,0,0,0,0,0,0,0,0,0,0,0,0,0,0,0,0,0,0,0,0,0,0,0,0,0,0,0,0,0,0,0,0,0,0,0,0,0,0,0,0,0,0,0,0,0,0,0,0,0,0,0,0,0,0,0,0,0,0,0,0,0,0,0,0,0,0,0,0,0,0,0,0,0,0,0,0,0,0,0,0,0,0,0,0,0,0,0,0,0,0,0,0,0,0,0,0,0,0,0,0,0,0,0,0,0,0,0,0,0,0,0,0,0,0,0,0,0,0,0,0,0,0,0,0,0,0,0,0,0,0,0,0,0,0,0,0,0,0,0,0,0,0,0,0,0,0,0,0,0,0,0,0,0,0,0,0,0,0,0,0,0,0,0,0,0,0,0,0,0,0,0,0,0,0,0,0,0,0,0,0,0,0,0,0,0,0,0,0,0,0,0,0,0,0,0,0,0,0,0,0,0,0,0,0
"arusha/longido/kamwanga",0,0,0,0,0,0,0,0,0,0,0,0,0,0,0,0,0,0,0,0,0,0,0,0,0,0,0,0,0,0,0,0,0,0,0,0,0,0,0,0,0,0,0,0,0,0,0,0,0,0,0,0,0,0,0,0,0,0,0,0,0,0,0,0,0,0,0,0,0,0,0,0,0,0,0,0,0,0,0,0,0,0,0,0,0,0,0,0,0,0,0,0,0,0,0,0,0,0,0,0,0,0,0,0,0,0,0,0,0,0,0,0,0,0,0,0,0,0,0,0,0,0,0,0,0,0,0,0,0,0,0,0,0,0,0,0,0,0,0,0,0,0,0,0,0,0,0,0,0,0,0,0,0,0,0,0,0,0,0,0,0,0,0,0,0,0,0,0,0,0,0,0,0,0,0,0,0,0,0,0,0,0,0,0,0,0,0,0,0,0,0,0,0,0,0,0,0,0,0,0,0,0,0,0,0,0,0,0,0,0,0,0,0,0,0,0,0,0,0,0,0,0,0,0,0,0,0,0,0,0,0,0,0,0,0,0,0,0,0,0,0,0,0,0,0,0,0,0,0,0,0,0,0,0,0,0,0,0,0,0,0,0,0,0,0,0,0,0,0,0,0,0,0,0,0,0,0,0,0,0,0,0,0,0,0,0,0,0,0,0,0,0,0,0,0,0,0,0,0,0,0,0,0,0,0,0,0,0,0,0,0,0,0,0,0,0,0,0,0,0,0,0,0,0,0,0,0,0,0,0,0,0,0,0,0,0,0,0,0,0,0,0,0,0,0,0,0,0,0,0,0,0,0,0,0,0,0,0,0,0,0,0,0,0,0,0,0,0,0,0,0,0,0,0,0,0,0,0,0,0,0,0,0,0,0,0,0,0,0,0,0,0,0,0,0,0,0,0
"arusha/karatu/kansay",1.1e-05,1.4e-05,1e-06,3.8e-05,4e-06,3.7e-05,9e-06,1.6e-05,2e-06,0.000628,1e-05,1e-06,9e-06,0.000133,0.00036,7.9e-05,1e-05,1.6e-05,2e-06,6e-06,1e-06,5e-06,1e-06,1e-06,1e-06,0,3e-06,8.6e-05,0,1e-06,6.3e-05,1e-06,0,0,0.000163,5e-06,1.4e-05,0.000133,0.000241,3.6e-05,7e-06,1e-06,2.9e-05,0.000179,5e-06,2e-06,1e-05,0.003401,0.000472,0.000207,1.8e-05,3.4e-05,4.6e-05,6e-06,5.9e-05,1e-06,1e-06,3e-06,2.5e-05,0.002828,2.7e-05,0.000167,6.4e-05,3e-06,0,8.9e-05,6.3e-05,4e-06,0.000137,0.000189,1.9e-05,0,2e-06,0.000512,4e-06,6.2e-05,1.3e-05,1e-06,1e-06,2e-06,1e-06,6e-06,5e-06,1e-06,5e-06,2.2e-05,0.000304,3e-06,7.2e-05,7.7e-05,1e-06,2e-06,0.000246,6.8e-05,6e-06,0.001914,1.9e-05,0,0.000117,2.9e-05,1.6e-05,8e-06,2.1e-05,2.1e-05,4e-06,0.000173,0,2.6e-05,1.3e-05,0.002374,1.3e-05,7.7e-05,2.7e-05,1e-06,1e-06,1e-06,0.00011,1e-06,0.00014,1.3e-05,5e-06,0.000255,1e-06,3e-06,0,8e-06,2.2e-05,0.000412,4.1e-05,1e-06,1e-06,1.9e-05,5.3e-05,6e-06,0,7.4e-05,4e-06,1.6e-05,0.00043,4.2e-05,2.3e-05,0,2.8e-05,4e-06,2e-06,4e-05,8e-06,5.9e-05,5e-05,1.6e-05,1e-06,1e-06,1e-06,1e-06,3.4e-05,0.001032,2e-06,8e-06,4e-06,0.002067,8e-06,0.000146,0,2e-06,1e-06,1e-06,1e-05,1.2e-05,0.000149,4e-06,8e-06,0.000461,0.002309,1.8e-05,5e-06,3.7e-05,0.00061,1e-06,4.2e-05,1.7e-05,0,8e-06,6.1e-05,7e-06,0.000279,0.008071,1e-06,1e-06,0.00014,4.3e-05,1.1e-05,5.3e-05,4e-04,5e-06,0.000356,2e-06,1e-06,5e-06,4.8e-05,7e-06,0.000203,1.4e-05,2.4e-05,1e-06,6.6e-05,7e-06,0.000413,0.000509,0.000156,1e-06,1e-06,5e-06,0.000133,0,1.8e-05,9e-06,0.000103,0.000604,6e-06,3.4e-05,4e-06,1e-06,2e-06,1e-06,0.000173,4e-06,0.000244,2e-06,0.000249,1e-06,1e-06,1.6e-05,0.000325,0.000338,5e-06,0,1e-06,2.5e-05,0.000211,1e-06,1.9e-05,0.00697,0,0.000637,0,1e-06,3e-06,9.9e-05,2e-06,1.5e-05,0.000747,0.00083,3e-06,0.00019,3.6e-05,1.7e-05,1e-06,4e-06,1e-06,1e-06,0,1.2e-05,4e-06,1e-06,0.001103,6e-06,1.2e-05,0.000327,2e-06,0.000129,0.000259,0.000104,1e-06,1e-06,0.000363,2e-06,1.9e-05,4.3e-05,2.1e-05,6.1e-05,7e-06,3e-06,0.001625,4.6e-05,1e-06,3e-06,1e-06,2e-06,8e-06,1e-06,5e-06,1.1e-05,2e-06,0.000493,1e-05,2.2e-05,0.000159,4e-06,2.1e-05,0.000461,0,0,1e-06,8e-06,1e-06,0.002111,1.6e-05,2e-06,1e-06,1e-06,0.00017,9.3e-05,3e-06,1e-06,7e-06,2.1e-05,2e-06,0.000354,0.000216,0.000209,3.1e-05,0.000293,2.5e-05,0.000111,0.001381,6.2e-05,7.8e-05,6e-06,8e-06,5.4e-05,7.6e-05,3.6e-05,0.001419,0.000223,3.9e-05,1e-06,4e-06,1.4e-05,0.000459,6e-06,2.8e-05,1e-06,1.4e-05,3e-06,8e-05,1.3e-05,2.7e-05,8.7e-05,6.1e-05,3.3e-05,1.3e-05,6.2e-05,6e-06,0.000918,0.000266,0.000157,5.1e-05,3e-06,1e-06,1.1e-05,4e-06,1e-06,3e-06,1e-06,6e-06,0.000581,0.000122,0.000395,1e-06,5.3e-05,4e-06,0,1e-06,2e-06,2e-06,4e-05,2.4e-05,1e-06,0.00018,1.1e-05,0,7e-06,0.000437,3.3e-05,1.7e-05,1.7e-05,1e-06,0.000102,1.8e-05,1e-06,0.000197,1e-06,1e-06,1e-06,0,0,1e-05,9e-06
"kilimanjaro/moshimunicipal/karanga",0,0,0,0,0,0,0,0,0,0,0,0,0,0,0,0,0,0,0,0,0,0,0,0,0,0,0,0,0,0,0,0,0,0,0,0,0,0,0,0,0,0,0,0,0,0,0,0,0,0,0,0,0,0,0,0,0,0,0,0,0,0,0,0,0,0,0,0,0,0,0,0,0,0,0,0,0,0,0,0,0,0,0,0,0,0,0,0,0,0,0,0,0,0,0,0,0,0,0,0,0,0,0,0,0,0,0,0,0,0,0,0,0,0,0,0,0,0,0,0,0,0,0,0,0,0,0,0,0,0,0,0,0,0,0,0,0,0,0,0,0,0,0,0,0,0,0,0,0,0,0,0,0,0,0,0,0,0,0,0,0,0,0,0,0,0,0,0,0,0,0,0,0,0,0,0,0,0,0,0,0,0,0,0,0,0,0,0,0,0,0,0,0,0,0,0,0,0,0,0,0,0,0,0,0,0,0,0,0,0,0,0,0,0,0,0,0,0,0,0,0,0,0,0,0,0,0,0,0,0,0,0,0,0,0,0,0,0,0,0,0,0,0,0,0,0,0,0,0,0,0,0,0,0,0,0,0,0,0,0,0,0,0,0,0,0,0,0,0,0,0,0,0,0,0,0,0,0,0,0,0,0,0,0,0,0,0,0,0,0,0,0,0,0,0,0,0,0,0,0,0,0,0,0,0,0,0,0,0,0,0,0,0,0,0,0,0,0,0,0,0,0,0,0,0,0,0,0,0,0,0,0,0,0,0,0,0,0,0,0,0,0,0,0,0,0,0,0,0,0,0,0,0,0,0,0,0,0,0,0,0,0,0,0,0,0,0,0,0,0,0,0,0,0,0,0,0,0,0,0,0,0,0,0,0,0,0,0,0,0,0,0,0,0,0,0,0,0
"kilimanjaro/siha/karansi",0,0,0,0,0,0,0,0,0,0,0,0,0,0,0,0,0,0,0,0,0,0,0,0,0,0,0,0,0,0,0,0,0,0,0,0,0,0,0,0,0,0,0,0,0,0,0,0,0,0,0,0,0,0,0,0,0,0,0,0,0,0,0,0,0,0,0,0,0,0,0,0,0,0,0,0,0,0,0,0,0,0,0,0,0,0,0,0,0,0,0,0,0,0,0,0,0,0,0,0,0,0,0,0,0,0,0,0,0,0,0,0,0,0,0,0,0,0,0,0,0,0,0,0,0,0,0,0,0,0,0,0,0,0,0,0,0,0,0,0,0,0,0,0,0,0,0,0,0,0,0,0,0,0,0,0,0,0,0,0,0,0,0,0,0,0,0,0,0,0,0,0,0,0,0,0,0,0,0,0,0,0,0,0,0,0,0,0,0,0,0,0,0,0,0,0,0,0,0,0,0,0,0,0,0,0,0,0,0,0,0,0,0,0,0,0,0,0,0,0,0,0,0,0,0,0,0,0,0,0,0,0,0,0,0,0,0,0,0,0,0,0,0,0,0,0,0,0,0,0,0,0,0,0,0,0,0,0,0,0,0,0,0,0,0,0,0,0,0,0,0,0,0,0,0,0,0,0,0,0,0,0,0,0,0,0,0,0,0,0,0,0,0,0,0,0,0,0,0,0,0,0,0,0,0,0,0,0,0,0,0,0,0,0,0,0,0,0,0,0,0,0,0,0,0,0,0,0,0,0,0,0,0,0,0,0,0,0,0,0,0,0,0,0,0,0,0,0,0,0,0,0,0,0,0,0,0,0,0,0,0,0,0,0,0,0,0,0,0,0,0,0,0,0,0,0,0,0,0,0,0,0,0,0,0,0,0,0,0,0,0,0,0,0,0,0,0,0
"arusha/karatu/karatu",0.001969,0.004799,0.000128,0.010544,0.000199,0.005342,0.000221,0.000344,0.000106,0.035102,0.000573,6e-05,0.001611,0.023663,0.015218,0.001248,0.000475,0.001019,0.000151,0.000476,8.2e-05,0.001258,9.1e-05,0.000113,7e-05,3.5e-05,2e-04,0.002317,1.6e-05,0.000101,0.006474,0.000104,4e-05,6.5e-05,0.032633,0.000329,0.002477,0.008878,0.003774,0.006966,0.000275,5.9e-05,0.004281,0.009494,0.000702,0.000133,0.002671,0.430123,0.05379,0.009698,0.00059,0.003453,0.02127,0.000279,0.004674,6.1e-05,0.000208,0.000271,0.002962,0.383516,0.007941,0.076089,0.013794,0.000312,5e-06,0.015629,0.013692,0.000187,0.042475,0.021345,0.03112,1.5e-05,3e-04,0.01172,0.000348,0.020577,0.003677,5.8e-05,7e-05,0.000117,3.6e-05,0.00047,0.000182,7.1e-05,0.000247,0.000541,0.04613,0.000128,0.005209,0.013138,4.2e-05,0.000124,0.033975,0.01277,0.001566,0.036806,0.003149,4e-05,0.016562,0.00406,0.000433,0.000676,0.002547,0.00389,0.000572,0.027102,0.002351,0.003881,0.002257,0,0.002192,0.011321,0.002253,9.4e-05,0.000167,0.000119,0.016995,6.8e-05,0.020549,0.00208,0.001127,0.038045,1e-04,0.000377,4.1e-05,0.001018,0.003392,0.09085,0.006786,0.000134,0.000109,0.003913,0.007451,0.000874,2.8e-05,0.013376,0.000829,0.002432,0.078743,0.00645,0.003728,5.7e-05,0.00516,0.000598,0.000231,0.005364,0.000514,0.008553,0.007312,0.002356,0.000114,8.2e-05,0.000182,0.000103,0.004361,0.17902,0.000498,0.002722,0.000442,0.252434,0.00108,0.025997,5.3e-05,0.000257,8.1e-05,5.7e-05,0.001448,0.002134,0.026343,0.000582,0.00118,0.151014,0.324905,0.00218,0.000793,0.005476,0.107494,0.000241,0.006269,0.001906,3.3e-05,0.001583,0.007373,0.000985,0.042626,0.494294,9.1e-05,0.000168,0.021414,0.006754,0.001657,0.002203,0.022194,0.000298,0.033574,0.00017,0.000118,0.000247,0.007136,0.005844,0.033805,0.001364,0.004214,0.000128,0.009649,0.001097,0.05631,0.145378,0.035993,0.000152,0.000132,0.000571,0.018715,5.6e-05,0.000716,0.001075,0.000831,0.082251,0.000817,0.004979,0.000278,0.000149,0.000109,0.000177,0.026867,0.000646,0.037982,0.000295,0.003974,6.2e-05,5.9e-05,0.000586,0.065619,0.059601,0.000498,9e-06,0.000163,0.005551,0.161726,1e-04,0.002893,0.495102,5.8e-05,0.109463,5.1e-05,0.000112,0.000391,0.016952,0.000111,0.002638,0.126515,0.232388,0.000656,0.032922,0.005665,0.002084,0.000147,0.000539,9e-05,6.7e-05,5.1e-05,0.002354,0.000635,6.2e-05,0.575199,0.001398,0.000427,0.064251,0.000121,0.009871,0.051943,0.014161,9e-05,6.6e-05,0.05016,0.000275,0.002385,0.007465,0.000649,0.03234,0.001025,0.001196,0.249908,0.001336,1e-04,0.000295,4.2e-05,0.000337,0.000341,0.000157,0.00049,0.001909,0.000185,0.077477,0.001552,0.003695,0.040356,0.000746,0.002825,0.12436,4.8e-05,2.9e-05,0.000106,0.001073,0.000111,0.237233,0.002841,0.000333,0.000223,0.000149,0.043872,0.030939,0.000309,8.7e-05,0.001018,0.008053,0.000664,0.091737,0.03109,0.047653,0.004726,0.057155,0.003968,0.01863,0.295475,0.015313,0.020465,0.001069,0.001305,0.010367,0.014046,0.00708,0.315023,0.039355,0.006488,0.000126,0.000537,0.003208,0.076227,0.000474,0.029879,9.2e-05,0.026236,0.000252,0.009953,0.001578,0.005673,0.016726,0.007742,0.006472,3e-04,0.010283,0.001057,0.150622,0.123361,0.033336,0.010181,0.000466,0.000211,0.001581,0.000216,6.8e-05,0.000165,4e-05,0.000982,0.09905,0.030734,0.069614,0.000152,0.009524,6e-04,2.2e-05,7.9e-05,0.000309,0.000273,0.006845,0.004467,0.00025,0.045367,0.000296,4.1e-05,0.000264,0.0618,0.001552,0.000328,0.003059,0.000135,0.01528,0.002749,9.2e-05,0.032964,0.000101,7e-05,0.000143,2.4e-05,3e-05,0.000335,0.000304
"kilimanjaro/siha/kashisha",8e-06,0,2e-06,1e-06,0,5.9e-05,0,0,0,2e-06,0,0,6e-06,6.9e-05,0,0,0,0,0,0,0,8.6e-05,0,3e-06,0,1e-06,0,0,0,0,2.5e-05,0,0,0,0,0,5e-06,0,0,1e-06,0,0,1e-06,0,0,0,1e-06,0.001132,1.4e-05,0,0,0,0,0,0,0,1e-06,0,3e-06,8e-06,5e-06,4e-06,2e-05,0,0,3.4e-05,7e-06,0,0,2e-06,0,0,3.3e-05,0,0,4e-06,0,0,0,0,0,0,0,0,0,0,0.001803,0,0,1e-05,0,0,0.000319,4.3e-05,0,1e-06,0.005386,0,0.000174,4.1e-05,0,0,3e-06,8e-06,1.3e-05,0.000425,0,0.000125,5.8e-05,3e-06,0,0.000199,0,0,3e-06,1e-06,0.000352,0,0.000504,0.000116,6.2e-05,0.001795,0,2e-06,0,1e-06,1e-06,0.000963,3.5e-05,3e-06,2e-06,3.5e-05,6e-05,2.6e-05,0,3.4e-05,2e-06,5.1e-05,0.000157,0.000302,9.6e-05,0,1e-05,2.7e-05,3e-06,2.3e-05,0,0.000129,0.000144,3.5e-05,2e-06,0,2e-06,0,7e-06,0.000145,4e-06,1e-06,0,0.00838,7e-06,1.3e-05,1e-06,1e-06,0,0,8e-06,4.7e-05,5.5e-05,2e-06,0,1.1e-05,0.00086,3e-06,0.000313,1e-06,1.3e-05,0,0.000212,1e-06,0,0,8e-06,1.5e-05,0.00567,0.04273,9e-06,1.5e-05,0.001644,0.000961,3.8e-05,0,0,0,1e-06,0,1e-06,0,0.000187,0,0.000361,0,4e-06,1e-06,0.000141,6.8e-05,0.000596,6e-06,2e-06,2e-06,2e-06,0,0.000179,1e-06,0,1e-06,0,0.000903,1.4e-05,7.3e-05,0,1e-06,0,6.6e-05,0.002049,0.000255,0.011449,6e-06,0,0,0,0,2.7e-05,6.4e-05,0,0,4e-06,1.7e-05,1e-06,1e-06,1.7e-05,3e-04,2e-06,0.000259,0,3e-06,1e-05,5.2e-05,0,2e-06,0.00031,9.5e-05,0,8.8e-05,0.000137,3e-06,2e-06,3e-06,2e-06,0,0,1.1e-05,0,0,3e-06,1e-06,0,5.2e-05,0,0,5.7e-05,8.3e-05,0,0,0.000593,3e-06,3e-06,6e-06,0,0,6e-06,0,0.000612,0,0,0,0,6e-06,0,4.3e-05,0,6.7e-05,0,0.000279,3.5e-05,0.000295,0.000256,1e-06,9e-06,1e-06,0,0,3e-06,3e-06,0,6e-06,1e-05,2e-06,1e-06,1e-05,4.1e-05,0,0,2e-06,2.4e-05,0,0,0.000279,0.000456,4.2e-05,4e-06,9.8e-05,0.000234,0.000254,0.000499,2e-06,2e-06,3e-06,0,1.7e-05,3.7e-05,1e-05,0.00056,8e-06,4e-06,0,1.3e-05,0,0.000425,0,0,3e-06,0,0,1.6e-05,1e-06,1e-06,4.5e-05,1.7e-05,1e-06,0,0.001375,5e-06,0.000385,4e-06,8e-06,1.8e-05,2e-06,3e-06,4.3e-05,0,0,0,0,0,0.000309,4e-05,0.000125,0,6.7e-05,1.7e-05,0,0,0,5e-06,1.1e-05,2e-06,1e-06,0.000222,0,0,0,0.000902,0,0,6e-06,5e-06,0.000573,8.1e-05,3e-06,0.000206,2e-06,0,0,0,0,0,0
"kilimanjaro/rombo/katangaramrere",0,0,0,0,0,0,0,0,0,0,0,0,0,0,0,0,0,0,0,0,0,0,0,0,0,0,0,0,0,0,0,0,0,0,0,0,0,0,0,0,0,0,0,0,0,0,0,0,0,0,0,0,0,0,0,0,0,0,0,0,0,0,0,0,0,0,0,0,0,0,0,0,0,0,0,0,0,0,0,0,0,0,0,0,0,0,0,0,0,0,0,0,0,0,0,0,0,0,0,0,0,0,0,0,0,0,0,0,0,0,0,0,0,0,0,0,0,0,0,0,0,0,0,0,0,0,0,0,0,0,0,0,0,0,0,0,0,0,0,0,0,0,0,0,0,0,0,0,0,0,0,0,0,0,0,0,0,0,0,0,0,0,0,0,0,0,0,0,0,0,0,0,0,0,0,0,0,0,0,0,0,0,0,0,0,0,0,0,0,0,0,0,0,0,0,0,0,0,0,0,0,0,0,0,0,0,0,0,0,0,0,0,0,0,0,0,0,0,0,0,0,0,0,0,0,0,0,0,0,0,0,0,0,0,0,0,0,0,0,0,0,0,0,0,0,0,0,0,0,0,0,0,0,0,0,0,0,0,0,0,0,0,0,0,0,0,0,0,0,0,0,0,0,0,0,0,0,0,0,0,0,0,0,0,0,0,0,0,0,0,0,0,0,0,0,0,0,0,0,0,0,0,0,0,0,0,0,0,0,0,0,0,0,0,0,0,0,0,0,0,0,0,0,0,0,0,0,0,0,0,0,0,0,0,0,0,0,0,0,0,0,0,0,0,0,0,0,0,0,0,0,0,0,0,0,0,0,0,0,0,0,0,0,0,0,0,0,0,0,0,0,0,0,0,0,0,0,0,0,0,0,0,0,0,0,0,0,0,0,0,0,0,0,0,0,0,0,0
"manyara/hanang/katesh",0.001246,0.000513,0.000159,0.003877,0.002564,0.006474,0.000286,0.000318,0.002314,0.213108,0.006151,0.017339,0.000926,0.014044,0.020015,0.000841,0.001917,0.028819,0.005356,0.024118,0.000179,0.001011,0.00215,0.000126,0.00014,3.9e-05,0.002908,0.000373,8.6e-05,0.00021,0.004998,0.000678,8e-05,9.9e-05,0.001702,0.020893,0.001366,0.163735,0.001846,0.003516,0.0019,0.017744,0.018285,0.070578,0.004279,0.003573,0.000582,0.265849,0.066398,0.00067,0.000799,0.000429,0.000366,0.002127,0.325718,0.006638,0.000198,0.000848,0.006705,0.132891,0.003985,0.010534,0.005729,0.0017,3e-06,0.009394,0.004524,0.000859,0.003114,0.082249,0.000223,0.054615,0.000237,0.007182,0.047246,0.006848,0.000781,0.011838,0.00197,0.002003,0.003024,0.019161,0.002059,0.008828,0.044737,0.000497,0.044239,0.002845,0.06275,0.028117,0.008399,0.002515,0.044307,0.006913,0.000324,0.038455,0.002713,5.9e-05,0.020859,0.005245,0.000611,0.000378,0.005265,0.002099,0.000645,0.025738,0.000438,0.004176,0.001587,0.035537,0.001917,0.013045,0,5.1e-05,0.000199,0.000148,0.016139,0.000382,0.02318,0.002137,0.001131,0.039849,0.000149,0.000567,6.4e-05,0.00217,0.012817,0.07239,0.005176,0.000156,0.00013,0.004886,0.010022,0.000955,4.3e-05,0.007664,0.000422,0.002811,0.046808,0.006707,0.003036,0.000121,0.002685,0.000627,0.000279,0.008176,0.002614,0.010349,0.008539,0.002866,0.000135,0.000127,0.000227,0.00019,0.008124,0.079281,6e-04,0.000799,0.001294,0.273069,0.001516,0.035308,5.9e-05,0.000409,0.005603,0.007278,0.002021,0.001533,0.015266,0.000883,0.004521,0.030286,0.196671,0.004233,0.000676,0.016272,0.07563,0.000128,0.006768,0.00652,6.9e-05,0.000708,0.016254,0.001162,0.041295,0.506463,8.5e-05,0.000164,0.021325,0.006447,0.001801,0.022818,0.006785,0.003397,0.061137,0.000843,0.000152,0.001236,0.007946,0.000132,0.02467,0.006233,0.008716,0.000114,0.011594,0.000874,0.072062,0.029882,0.008259,0.000185,0.000163,0.001398,0.024233,7e-05,0.000243,0.002142,0.000278,0.100346,0.000967,0.006058,0.003828,0.000119,0.003794,0.000161,0.025235,0.000575,0.035308,0.000312,0.002397,0.013912,0.003163,0.001136,0.030679,0.030724,0.003464,1e-05,0.000184,0.004768,0.007602,0.000127,0.002799,0.269866,6.4e-05,0.170353,9.7e-05,0.000125,0.00044,0.011181,0.110542,0.001466,0.070966,0.077123,0.000211,0.020152,0.005728,0.004289,0.000178,0.000778,0.000102,0.000128,9.9e-05,0.002991,0.000183,0.000126,0.027694,0.00055,0.001437,0.025773,0.000599,0.009526,0.021318,0.020017,0.000131,0.000129,0.062958,0.000341,0.004976,0.013825,0.000744,0.001622,0.001177,0.000139,0.168358,0.002627,0.000485,0.002407,0.023568,0.000379,0.006359,0.000131,0.002142,0.001549,0.000384,0.057203,0.001769,0.002973,0.024852,0.000395,0.004371,0.007925,6.2e-05,4.4e-05,0.000118,0.001848,0.00063,0.10547,0.001707,0.000222,0.000135,0.000151,0.022262,0.004561,0.002331,0.000101,0.001158,0.000206,0.000326,0.049327,0.036491,0.03158,0.003849,0.025889,0.003466,0.015026,0.163077,0.008836,0.010669,0.000616,0.00098,0.005115,0.00771,0.003218,0.178181,0.023374,0.015199,0.000646,6e-04,0.001042,0.050862,0.002658,0.000226,0.000101,0.000206,0.004601,0.019161,0.003841,0.002242,0.008477,0.01378,0.003071,0.000315,0.008282,0.00067,0.087401,0.013957,0.009909,0.011657,0.000686,0.000262,0.001726,0.001967,0.008049,0.001755,0.003688,0.00065,0.057951,0.017295,0.037723,0.000814,0.006007,0.000657,4.1e-05,0.000163,0.001261,0.000301,0.004155,0.004746,0.000142,0.030011,0.00063,6.9e-05,0.001723,0.071511,0.060076,0.000268,0.00165,0.000145,0.016413,0.003046,0.000101,0.023282,0.000119,0.000136,0.000282,4.2e-05,6.5e-05,0.001347,0.000712
"arusha/arushaurban/kati",0,0,0,0,0,0,0,0,0,0,0,0,0,0,0,0,0,0,0,0,0,0,0,0,0,0,0,0,0,0,0,0,0,0,0,0,0,0,0,0,0,0,0,0,0,0,0,0,0,0,0,0,0,0,0,0,0,0,0,0,0,0,0,0,0,0,0,0,0,0,0,0,0,0,0,0,0,0,0,0,0,0,0,0,0,0,0,0,0,0,0,0,0,0,0,0,0,0,0,0,0,0,0,0,0,0,0,0,0,0,0,0,0,0,0,0,0,0,0,0,0,0,0,0,0,0,0,0,0,0,0,0,0,0,0,0,0,0,0,0,0,0,0,0,0,0,0,0,0,0,0,0,0,0,0,0,0,0,0,0,0,0,0,0,0,0,0,0,0,0,0,0,0,0,0,0,0,0,0,0,0,0,0,0,0,0,0,0,0,0,0,0,0,0,0,0,0,0,0,0,0,0,0,0,0,0,0,0,0,0,0,0,0,0,0,0,0,0,0,0,0,0,0,0,0,0,0,0,0,0,0,0,0,0,0,0,0,0,0,0,0,0,0,0,0,0,0,0,0,0,0,0,0,0,0,0,0,0,0,0,0,0,0,0,0,0,0,0,0,0,0,0,0,0,0,0,0,0,0,0,0,0,0,0,0,0,0,0,0,0,0,0,0,0,0,0,0,0,0,0,0,0,0,0,0,0,0,0,0,0,0,0,0,0,0,0,0,0,0,0,0,0,0,0,0,0,0,0,0,0,0,0,0,0,0,0,0,0,0,0,0,0,0,0,0,0,0,0,0,0,0,0,0,0,0,0,0,0,0,0,0,0,0,0,0,0,0,0,0,0,0,0,0,0,0,0,0,0,0,0,0,0,0,0,0,0,0,0,0,0,0,0,0,0,0,0,0,0
"kilimanjaro/rombo/kelamfuamokala",0,0,0,0,0,0,0,0,0,0,0,0,0,0,0,0,0,0,0,0,0,0,0,0,0,0,0,0,0,0,0,0,0,0,0,0,0,0,0,0,0,0,0,0,0,0,0,0,0,0,0,0,0,0,0,0,0,0,0,0,0,0,0,0,0,0,0,0,0,0,0,0,0,0,0,0,0,0,0,0,0,0,0,0,0,0,0,0,0,0,0,0,0,0,0,0,0,0,0,0,0,0,0,0,0,0,0,0,0,0,0,0,0,0,0,0,0,0,0,0,0,0,0,0,0,0,0,0,0,0,0,0,0,0,0,0,0,0,0,0,0,0,0,0,0,0,0,0,0,0,0,0,0,0,0,0,0,0,0,0,0,0,0,0,0,0,0,0,0,0,0,0,0,0,0,0,0,0,0,0,0,0,0,0,0,0,0,0,0,0,0,0,0,0,0,0,0,0,0,0,0,0,0,0,0,0,0,0,0,0,0,0,0,0,0,0,0,0,0,0,0,0,0,0,0,0,0,0,0,0,0,0,0,0,0,0,0,0,0,0,0,0,0,0,0,0,0,0,0,0,0,0,0,0,0,0,0,0,0,0,0,0,0,0,0,0,0,0,0,0,0,0,0,0,0,0,0,0,0,0,0,0,0,0,0,0,0,0,0,0,0,0,0,0,0,0,0,0,0,0,0,0,0,0,0,0,0,0,0,0,0,0,0,0,0,0,0,0,0,0,0,0,0,0,0,0,0,0,0,0,0,0,0,0,0,0,0,0,0,0,0,0,0,0,0,0,0,0,0,0,0,0,0,0,0,0,0,0,0,0,0,0,0,0,0,0,0,0,0,0,0,0,0,0,0,0,0,0,0,0,0,0,0,0,0,0,0,0,0,0,0,0,0,0,0,0,0,0
"kilimanjaro/rombo/kenimengeni",0,0,0,0,0,0,0,0,0,0,0,0,0,0,0,0,0,0,0,0,0,0,0,0,0,0,0,0,0,0,0,0,0,0,0,0,0,0,0,0,0,0,0,0,0,0,0,0,0,0,0,0,0,0,0,0,0,0,0,0,0,0,0,0,0,0,0,0,0,0,0,0,0,0,0,0,0,0,0,0,0,0,0,0,0,0,0,0,0,0,0,0,0,0,0,0,0,0,0,0,0,0,0,0,0,0,0,0,0,0,0,0,0,0,0,0,0,0,0,0,0,0,0,0,0,0,0,0,0,0,0,0,0,0,0,0,0,0,0,0,0,0,0,0,0,0,0,0,0,0,0,0,0,0,0,0,0,0,0,0,0,0,0,0,0,0,0,0,0,0,0,0,0,0,0,0,0,0,0,0,0,0,0,0,0,0,0,0,0,0,0,0,0,0,0,0,0,0,0,0,0,0,0,0,0,0,0,0,0,0,0,0,0,0,0,0,0,0,0,0,0,0,0,0,0,0,0,0,0,0,0,0,0,0,0,0,0,0,0,0,0,0,0,0,0,0,0,0,0,0,0,0,0,0,0,0,0,0,0,0,0,0,0,0,0,0,0,0,0,0,0,0,0,0,0,0,0,0,0,0,0,0,0,0,0,0,0,0,0,0,0,0,0,0,0,0,0,0,0,0,0,0,0,0,0,0,0,0,0,0,0,0,0,0,0,0,0,0,0,0,0,0,0,0,0,0,0,0,0,0,0,0,0,0,0,0,0,0,0,0,0,0,0,0,0,0,0,0,0,0,0,0,0,0,0,0,0,0,0,0,0,0,0,0,0,0,0,0,0,0,0,0,0,0,0,0,0,0,0,0,0,0,0,0,0,0,0,0,0,0,0,0,0,0,0,0,0,0
"kilimanjaro/hai/kia",5e-06,0,0,0,0,5.7e-05,0,0,0,1e-06,0,0,3e-06,4e-05,0,0,0,0,0,0,0,8e-06,0,1e-06,0,0,0,0,0,0,2.4e-05,0,0,0,0,0,3e-06,0,0,0,0,0,1e-06,0,0,0,0,0.000584,9e-06,0,0,0,0,0,0,0,2e-06,0,2e-06,3e-06,1e-06,1e-06,5e-06,0,0,2.2e-05,3e-06,0,0,1e-06,0,0,2e-06,0,0,1e-06,0,0,0,0,0,0,0,0,0,0,0.003281,0,0,5e-06,0,0,0.000118,1.7e-05,0,0,2.6e-05,0,0.00012,2.2e-05,0,0,1e-06,4e-06,7e-06,5e-05,0,5.6e-05,9e-06,1e-06,1.8e-05,4e-05,0,0,1e-06,0,0,0,0.000193,1.4e-05,7e-06,0.000264,0,1e-06,0,1e-06,1e-06,0.000972,3.7e-05,1e-06,1e-06,1.4e-05,3.2e-05,1.1e-05,0,1.9e-05,1e-06,1.8e-05,3.1e-05,9e-05,7.7e-05,0,5e-06,7e-06,1e-06,1.3e-05,0,5.8e-05,4.4e-05,1.3e-05,0,0,0,0,4e-06,7e-05,1e-06,0,0,0.003835,4e-06,1e-05,1e-06,1e-06,0,0,6e-06,1.3e-05,3.3e-05,2e-06,0,5e-06,0.000453,2e-06,5e-06,1e-06,7e-06,0,7.6e-05,0,0,0,4e-06,1.1e-05,0.000415,0.026982,0,1e-06,0.000306,8.7e-05,3.6e-05,0,0,0,1e-06,0,0,0,7.8e-05,0,0.000245,0,2e-06,3e-06,3.6e-05,1.2e-05,0.00025,3e-06,1e-06,1e-06,1e-06,0,5.9e-05,0,0,1e-06,0,0.000216,4e-06,2.3e-05,0,2e-06,0,2e-06,0.000763,8e-06,0.000356,1.1e-05,0,0,0,0,7e-06,3.6e-05,0,0,1e-06,2.3e-05,0,0,3.4e-05,0.000163,1e-06,0.000158,0,1e-06,4e-06,3.8e-05,0,1e-06,0.000157,3.3e-05,0,5.6e-05,1.6e-05,1e-06,0,2e-06,1e-06,0,0,1.3e-05,0,0,1e-06,0,0,2.3e-05,0,0,2.3e-05,5.4e-05,0,0,0.000208,1e-06,1e-06,4e-06,0,0,1.1e-05,0,0.00012,0,0,0,0,1e-06,0,1e-06,0,5e-06,0,0.000255,1.4e-05,1.4e-05,6.4e-05,1e-06,7e-06,0,0,0,1e-06,2e-06,0,3e-06,6e-06,1e-06,0,1e-06,2.2e-05,0,0,1e-06,7e-06,0,0,7.3e-05,9.6e-05,3e-05,3e-06,3.6e-05,0.000114,2.9e-05,0.000222,1e-06,1e-06,1e-06,0,8e-06,1.8e-05,4e-06,0.000117,2e-06,3e-06,0,7e-06,0,0.00026,0,0,1e-06,0,0,1e-05,1e-06,0,1.7e-05,1e-05,0,0,8e-05,3e-06,0.000206,2e-06,4e-06,2e-05,1e-06,1e-06,2.4e-05,0,0,0,0,0,0.000159,2.4e-05,6.8e-05,0,2.8e-05,8e-06,0,0,0,1e-06,7e-06,1e-06,0,3.3e-05,0,0,0,0.000177,0,0,3e-06,1e-06,0.000156,2e-05,1e-06,0.000157,0,0,0,0,0,0,0
"manyara/kiteto/kibaya",6e-06,1e-06,1e-06,7e-06,1e-06,4.5e-05,0,0,1e-06,0.000122,2e-06,1e-06,4e-06,6.2e-05,1.1e-05,0,0,2e-06,0,2e-06,2e-06,4e-06,1e-06,1e-06,2e-06,0,1e-06,0,0.001228,3e-06,3.9e-05,0.000259,1e-06,1e-06,1e-06,1e-06,6e-06,1.9e-05,1e-06,1.1e-05,0,0,0.001339,1.1e-05,0.000669,1e-06,2e-06,0.001354,0.00025,0,0,0,0,1e-06,2.1e-05,0,1e-06,1e-06,0.000128,0.00015,1.1e-05,1.9e-05,2.2e-05,0.000615,0,4.1e-05,1.5e-05,0,5e-06,0.000111,0,0,1e-06,5e-06,2e-06,1.6e-05,2e-06,0,0,0,0,2e-06,0,1e-06,1e-06,0,0.000263,0,1e-05,0.000295,0,0,0.000312,2.9e-05,1e-06,2e-05,1.4e-05,0,0.000148,3.7e-05,0,0,6.3e-05,9e-06,4e-06,0.000137,0,2.6e-05,8e-06,3.6e-05,1e-05,8e-05,1.2e-05,0,1e-06,1e-06,9.4e-05,0,0.000148,1.2e-05,5e-06,0.00024,1e-06,5e-06,1e-06,2.8e-05,0.001285,0.000278,2.6e-05,1e-06,1e-06,2.3e-05,7.3e-05,6e-06,0,3.3e-05,2e-06,1.8e-05,0.000198,4e-05,1.6e-05,2e-06,1.1e-05,4e-06,2e-06,6.8e-05,1e-06,6.9e-05,5.4e-05,1.9e-05,1e-06,1e-06,1e-06,2e-06,8.1e-05,3e-04,3e-06,2e-06,5.5e-05,0.002127,1.1e-05,0.000158,0,4e-06,0,1e-06,1.6e-05,7e-06,6.6e-05,7e-06,0.000396,5.5e-05,0.000957,5.7e-05,4e-06,1e-04,0.000151,1e-06,4.1e-05,0.00057,1e-06,2e-06,0.000263,8e-06,0.00024,0.007753,0,1e-06,0.000125,3.6e-05,1.1e-05,5e-06,4e-06,0,4.3e-05,0.000144,1e-06,1e-06,5e-05,0,0.000124,0.000186,8.6e-05,1e-06,7.3e-05,4e-06,0.00052,4.6e-05,2e-05,1e-06,1e-06,1e-06,0.000164,0,0,2.4e-05,0,0.000674,6e-06,3.9e-05,0,1e-06,0,1e-06,0.000145,3e-06,0.000199,2e-06,1e-06,0,0,0,0.00011,0.000122,0.000845,0,1e-06,1.8e-05,1.1e-05,1e-06,1.7e-05,0.001577,0,0.001262,1e-06,1e-06,3e-06,5.2e-05,1e-06,6e-06,0.000313,0.000191,1e-06,9e-05,3.2e-05,5.4e-05,1e-06,6e-06,1e-06,1e-06,1e-06,1.5e-05,0,2e-06,3.2e-05,2e-06,1e-06,9.4e-05,0,1.1e-05,8e-05,0.000158,1e-06,2e-06,0.000438,2e-06,6.4e-05,0.000112,0,3e-06,8e-06,0,0.000801,1e-06,0.000194,1e-06,0,2e-06,1e-06,1e-06,0.000287,8e-06,5e-06,0.000291,1.1e-05,1.5e-05,8e-05,2e-06,4e-05,1.1e-05,0,0,1e-06,1.9e-05,0.000813,0.000101,8e-06,1e-06,1e-06,1e-06,6.3e-05,6e-06,0.000448,1e-06,7e-06,0,1e-06,0.000151,0.000228,9.9e-05,1.8e-05,0.000102,1.9e-05,7.4e-05,0.000526,1.9e-05,2.3e-05,3e-06,3e-06,2.1e-05,3.3e-05,1.2e-05,0.000576,7.6e-05,0.000219,0.000926,4e-06,3e-06,0.000246,5e-06,0,1e-06,0,1e-06,0.000249,8.1e-05,7e-06,3.5e-05,0.000147,9e-06,0,4.3e-05,3e-06,0.000395,2.3e-05,2.9e-05,5.5e-05,5e-06,2e-06,1.1e-05,1e-06,0,1e-06,1e-06,2e-06,0.000261,5.2e-05,0.000159,0.000166,2.8e-05,4e-06,0,2e-06,0.000111,2e-06,1.8e-05,1.6e-05,1e-06,9.7e-05,0,1e-06,0,0.000452,5e-06,0,7e-06,1e-06,1e-04,1.9e-05,1e-06,0.000114,1e-06,2e-06,3e-06,0,1e-06,0,0
"kilimanjaro/moshimunicipal/kiboriloni",0,0,0,0,0,0,0,0,0,0,0,0,0,0,0,0,0,0,0,0,0,0,0,0,0,0,0,0,0,0,0,0,0,0,0,0,0,0,0,0,0,0,0,0,0,0,0,0,0,0,0,0,0,0,0,0,0,0,0,0,0,0,0,0,0,0,0,0,0,0,0,0,0,0,0,0,0,0,0,0,0,0,0,0,0,0,0,0,0,0,0,0,0,0,0,0,0,0,0,0,0,0,0,0,0,0,0,0,0,0,0,0,0,0,0,0,0,0,0,0,0,0,0,0,0,0,0,0,0,0,0,0,0,0,0,0,0,0,0,0,0,0,0,0,0,0,0,0,0,0,0,0,0,0,0,0,0,0,0,0,0,0,0,0,0,0,0,0,0,0,0,0,0,0,0,0,0,0,0,0,0,0,0,0,0,0,0,0,0,0,0,0,0,0,0,0,0,0,0,0,0,0,0,0,0,0,0,0,0,0,0,0,0,0,0,0,0,0,0,0,0,0,0,0,0,0,0,0,0,0,0,0,0,0,0,0,0,0,0,0,0,0,0,0,0,0,0,0,0,0,0,0,0,0,0,0,0,0,0,0,0,0,0,0,0,0,0,0,0,0,0,0,0,0,0,0,0,0,0,0,0,0,0,0,0,0,0,0,0,0,0,0,0,0,0,0,0,0,0,0,0,0,0,0,0,0,0,0,0,0,0,0,0,0,0,0,0,0,0,0,0,0,0,0,0,0,0,0,0,0,0,0,0,0,0,0,0,0,0,0,0,0,0,0,0,0,0,0,0,0,0,0,0,0,0,0,0,0,0,0,0,0,0,0,0,0,0,0,0,0,0,0,0,0,0,0,0,0,0,0,0,0,0,0,0,0,0,0,0,0,0,0,0,0,0,0,0,0
"kilimanjaro/moshi/kiboshokati",0,0,0,0,0,0,0,0,0,0,0,0,0,0,0,0,0,0,0,0,0,0,0,0,0,0,0,0,0,0,0,0,0,0,0,0,0,0,0,0,0,0,0,0,0,0,0,0,0,0,0,0,0,0,0,0,0,0,0,0,0,0,0,0,0,0,0,0,0,0,0,0,0,0,0,0,0,0,0,0,0,0,0,0,0,0,0,0,0,0,0,0,0,0,0,0,0,0,0,0,0,0,0,0,0,0,0,0,0,0,0,0,0,0,0,0,0,0,0,0,0,0,0,0,0,0,0,0,0,0,0,0,0,0,0,0,0,0,0,0,0,0,0,0,0,0,0,0,0,0,0,0,0,0,0,0,0,0,0,0,0,0,0,0,0,0,0,0,0,0,0,0,0,0,0,0,0,0,0,0,0,0,0,0,0,0,0,0,0,0,0,0,0,0,0,0,0,0,0,0,0,0,0,0,0,0,0,0,0,0,0,0,0,0,0,0,0,0,0,0,0,0,0,0,0,0,0,0,0,0,0,0,0,0,0,0,0,0,0,0,0,0,0,0,0,0,0,0,0,0,0,0,0,0,0,0,0,0,0,0,0,0,0,0,0,0,0,0,0,0,0,0,0,0,0,0,0,0,0,0,0,0,0,0,0,0,0,0,0,0,0,0,0,0,0,0,0,0,0,0,0,0,0,0,0,0,0,0,0,0,0,0,0,0,0,0,0,0,0,0,0,0,0,0,0,0,0,0,0,0,0,0,0,0,0,0,0,0,0,0,0,0,0,0,0,0,0,0,0,0,0,0,0,0,0,0,0,0,0,0,0,0,0,0,0,0,0,0,0,0,0,0,0,0,0,0,0,0,0,0,0,0,0,0,0,0,0,0,0,0,0,0,0,0,0,0,0,0
"kilimanjaro/moshi/kiboshomagharibi",0,0,0,0,0,0,0,0,0,0,0,0,0,0,0,0,0,0,0,0,0,0,0,0,0,0,0,0,0,0,0,0,0,0,0,0,0,0,0,0,0,0,0,0,0,0,0,0,0,0,0,0,0,0,0,0,0,0,0,0,0,0,0,0,0,0,0,0,0,0,0,0,0,0,0,0,0,0,0,0,0,0,0,0,0,0,0,0,0,0,0,0,0,0,0,0,0,0,0,0,0,0,0,0,0,0,0,0,0,0,0,0,0,0,0,0,0,0,0,0,0,0,0,0,0,0,0,0,0,0,0,0,0,0,0,0,0,0,0,0,0,0,0,0,0,0,0,0,0,0,0,0,0,0,0,0,0,0,0,0,0,0,0,0,0,0,0,0,0,0,0,0,0,0,0,0,0,0,0,0,0,0,0,0,0,0,0,0,0,0,0,0,0,0,0,0,0,0,0,0,0,0,0,0,0,0,0,0,0,0,0,0,0,0,0,0,0,0,0,0,0,0,0,0,0,0,0,0,0,0,0,0,0,0,0,0,0,0,0,0,0,0,0,0,0,0,0,0,0,0,0,0,0,0,0,0,0,0,0,0,0,0,0,0,0,0,0,0,0,0,0,0,0,0,0,0,0,0,0,0,0,0,0,0,0,0,0,0,0,0,0,0,0,0,0,0,0,0,0,0,0,0,0,0,0,0,0,0,0,0,0,0,0,0,0,0,0,0,0,0,0,0,0,0,0,0,0,0,0,0,0,0,0,0,0,0,0,0,0,0,0,0,0,0,0,0,0,0,0,0,0,0,0,0,0,0,0,0,0,0,0,0,0,0,0,0,0,0,0,0,0,0,0,0,0,0,0,0,0,0,0,0,0,0,0,0,0,0,0,0,0,0,0,0,0,0,0,0
"kilimanjaro/moshi/kiboshomashariki",0,0,0,0,0,0,0,0,0,0,0,0,0,0,0,0,0,0,0,0,0,0,0,0,0,0,0,0,0,0,0,0,0,0,0,0,0,0,0,0,0,0,0,0,0,0,0,0,0,0,0,0,0,0,0,0,0,0,0,0,0,0,0,0,0,0,0,0,0,0,0,0,0,0,0,0,0,0,0,0,0,0,0,0,0,0,0,0,0,0,0,0,0,0,0,0,0,0,0,0,0,0,0,0,0,0,0,0,0,0,0,0,0,0,0,0,0,0,0,0,0,0,0,0,0,0,0,0,0,0,0,0,0,0,0,0,0,0,0,0,0,0,0,0,0,0,0,0,0,0,0,0,0,0,0,0,0,0,0,0,0,0,0,0,0,0,0,0,0,0,0,0,0,0,0,0,0,0,0,0,0,0,0,0,0,0,0,0,0,0,0,0,0,0,0,0,0,0,0,0,0,0,0,0,0,0,0,0,0,0,0,0,0,0,0,0,0,0,0,0,0,0,0,0,0,0,0,0,0,0,0,0,0,0,0,0,0,0,0,0,0,0,0,0,0,0,0,0,0,0,0,0,0,0,0,0,0,0,0,0,0,0,0,0,0,0,0,0,0,0,0,0,0,0,0,0,0,0,0,0,0,0,0,0,0,0,0,0,0,0,0,0,0,0,0,0,0,0,0,0,0,0,0,0,0,0,0,0,0,0,0,0,0,0,0,0,0,0,0,0,0,0,0,0,0,0,0,0,0,0,0,0,0,0,0,0,0,0,0,0,0,0,0,0,0,0,0,0,0,0,0,0,0,0,0,0,0,0,0,0,0,0,0,0,0,0,0,0,0,0,0,0,0,0,0,0,0,0,0,0,0,0,0,0,0,0,0,0,0,0,0,0,0,0,0,0,0,0
"kilimanjaro/mwanga/kifula",0,0,0,0,0,0,0,0,0,0,0,0,0,0,0,0,0,0,0,0,0,0,0,0,0,0,0,0,0,0,0,0,0,0,0,0,0,0,0,0,0,0,0,0,0,0,0,0,0,0,0,0,0,0,0,0,0,0,0,0,0,0,0,0,0,0,0,0,0,0,0,0,0,0,0,0,0,0,0,0,0,0,0,0,0,0,0,0,0,0,0,0,0,0,0,0,0,0,0,0,0,0,0,0,0,0,0,0,0,0,0,0,0,0,0,0,0,0,0,0,0,0,0,0,0,0,0,0,0,0,0,0,0,0,0,0,0,0,0,0,0,0,0,0,0,0,0,0,0,0,0,0,0,0,0,0,0,0,0,0,0,0,0,0,0,0,0,0,0,0,0,0,0,0,0,0,0,0,0,0,0,0,0,0,0,0,0,0,0,0,0,0,0,0,0,0,0,0,0,0,0,0,0,0,0,0,0,0,0,0,0,0,0,0,0,0,0,0,0,0,0,0,0,0,0,0,0,0,0,0,0,0,0,0,0,0,0,0,0,0,0,0,0,0,0,0,0,0,0,0,0,0,0,0,0,0,0,0,0,0,0,0,0,0,0,0,0,0,0,0,0,0,0,0,0,0,0,0,0,0,0,0,0,0,0,0,0,0,0,0,0,0,0,0,0,0,0,0,0,0,0,0,0,0,0,0,0,0,0,0,0,0,0,0,0,0,0,0,0,0,0,0,0,0,0,0,0,0,0,0,0,0,0,0,0,0,0,0,0,0,0,0,0,0,0,0,0,0,0,0,0,0,0,0,0,0,0,0,0,0,0,0,0,0,0,0,0,0,0,0,0,0,0,0,0,0,0,0,0,0,0,0,0,0,0,0,0,0,0,0,0,0,0,0,0,0,0,0
"kilimanjaro/mwanga/kighare",0,0,0,0,0,0,0,0,0,0,0,0,0,0,0,0,0,0,0,0,0,0,0,0,0,0,0,0,0,0,0,0,0,0,0,0,0,0,0,0,0,0,0,0,0,0,0,0,0,0,0,0,0,0,0,0,0,0,0,0,0,0,0,0,0,0,0,0,0,0,0,0,0,0,0,0,0,0,0,0,0,0,0,0,0,0,0,0,0,0,0,0,0,0,0,0,0,0,0,0,0,0,0,0,0,0,0,0,0,0,0,0,0,0,0,0,0,0,0,0,0,0,0,0,0,0,0,0,0,0,0,0,0,0,0,0,0,0,0,0,0,0,0,0,0,0,0,0,0,0,0,0,0,0,0,0,0,0,0,0,0,0,0,0,0,0,0,0,0,0,0,0,0,0,0,0,0,0,0,0,0,0,0,0,0,0,0,0,0,0,0,0,0,0,0,0,0,0,0,0,0,0,0,0,0,0,0,0,0,0,0,0,0,0,0,0,0,0,0,0,0,0,0,0,0,0,0,0,0,0,0,0,0,0,0,0,0,0,0,0,0,0,0,0,0,0,0,0,0,0,0,0,0,0,0,0,0,0,0,0,0,0,0,0,0,0,0,0,0,0,0,0,0,0,0,0,0,0,0,0,0,0,0,0,0,0,0,0,0,0,0,0,0,0,0,0,0,0,0,0,0,0,0,0,0,0,0,0,0,0,0,0,0,0,0,0,0,0,0,0,0,0,0,0,0,0,0,0,0,0,0,0,0,0,0,0,0,0,0,0,0,0,0,0,0,0,0,0,0,0,0,0,0,0,0,0,0,0,0,0,0,0,0,0,0,0,0,0,0,0,0,0,0,0,0,0,0,0,0,0,0,0,0,0,0,0,0,0,0,0,0,0,0,0,0,0,0,0
"kilimanjaro/mwanga/kigoningoni",0,0,0,0,0,0,0,0,0,0,0,0,0,0,0,0,0,0,0,0,0,0,0,0,0,0,0,0,0,0,0,0,0,0,0,0,0,0,0,0,0,0,0,0,0,0,0,0,0,0,0,0,0,0,0,0,0,0,0,0,0,0,0,0,0,0,0,0,0,0,0,0,0,0,0,0,0,0,0,0,0,0,0,0,0,0,0,0,0,0,0,0,0,0,0,0,0,0,0,0,0,0,0,0,0,0,0,0,0,0,0,0,0,0,0,0,0,0,0,0,0,0,0,0,0,0,0,0,0,0,0,0,0,0,0,0,0,0,0,0,0,0,0,0,0,0,0,0,0,0,0,0,0,0,0,0,0,0,0,0,0,0,0,0,0,0,0,0,0,0,0,0,0,0,0,0,0,0,0,0,0,0,0,0,0,0,0,0,0,0,0,0,0,0,0,0,0,0,0,0,0,0,0,0,0,0,0,0,0,0,0,0,0,0,0,0,0,0,0,0,0,0,0,0,0,0,0,0,0,0,0,0,0,0,0,0,0,0,0,0,0,0,0,0,0,0,0,0,0,0,0,0,0,0,0,0,0,0,0,0,0,0,0,0,0,0,0,0,0,0,0,0,0,0,0,0,0,0,0,0,0,0,0,0,0,0,0,0,0,0,0,0,0,0,0,0,0,0,0,0,0,0,0,0,0,0,0,0,0,0,0,0,0,0,0,0,0,0,0,0,0,0,0,0,0,0,0,0,0,0,0,0,0,0,0,0,0,0,0,0,0,0,0,0,0,0,0,0,0,0,0,0,0,0,0,0,0,0,0,0,0,0,0,0,0,0,0,0,0,0,0,0,0,0,0,0,0,0,0,0,0,0,0,0,0,0,0,0,0,0,0,0,0,0,0,0,0,0
"kilimanjaro/same/kihurio",0,0,0,0,0,0,0,0,0,0,0,0,0,0,0,0,0,0,0,0,0,0,0,0,0,0,0,0,0,0,0,0,0,0,0,0,0,0,0,0,0,0,0,0,0,0,0,0,0,0,0,0,0,0,0,0,0,0,0,0,0,0,0,0,0,0,0,0,0,0,0,0,0,0,0,0,0,0,0,0,0,0,0,0,0,0,0,0,0,0,0,0,0,0,0,0,0,0,0,0,0,0,0,0,0,0,0,0,0,0,0,0,0,0,0,0,0,0,0,0,0,0,0,0,0,0,0,0,0,0,0,0,0,0,0,0,0,0,0,0,0,0,0,0,0,0,0,0,0,0,0,0,0,0,0,0,0,0,0,0,0,0,0,0,0,0,0,0,0,0,0,0,0,0,0,0,0,0,0,0,0,0,0,0,0,0,0,0,0,0,0,0,0,0,0,0,0,0,0,0,0,0,0,0,0,0,0,0,0,0,0,0,0,0,0,0,0,0,0,0,0,0,0,0,0,0,0,0,0,0,0,0,0,0,0,0,0,0,0,0,0,0,0,0,0,0,0,0,0,0,0,0,0,0,0,0,0,0,0,0,0,0,0,0,0,0,0,0,0,0,0,0,0,0,0,0,0,0,0,0,0,0,0,0,0,0,0,0,0,0,0,0,0,0,0,0,0,0,0,0,0,0,0,0,0,0,0,0,0,0,0,0,0,0,0,0,0,0,0,0,0,0,0,0,0,0,0,0,0,0,0,0,0,0,0,0,0,0,0,0,0,0,0,0,0,0,0,0,0,0,0,0,0,0,0,0,0,0,0,0,0,0,0,0,0,0,0,0,0,0,0,0,0,0,0,0,0,0,0,0,0,0,0,0,0,0,0,0,0,0,0,0,0,0,0,0,0,0
"manyara/kiteto/kijungu",0,0,0,0,0,0,0,0,0,0,0,0,0,0,0,0,0,0,0,0,0,0,0,0,0,0,0,0,0,0,0,0,0,0,0,0,0,0,0,0,0,0,0,0,0,0,0,0,0,0,0,0,0,0,0,0,0,0,0,0,0,0,0,0,0,0,0,0,0,0,0,0,0,0,0,0,0,0,0,0,0,0,0,0,0,0,0,0,0,0,0,0,0,0,0,0,0,0,0,0,0,0,0,0,0,0,0,0,0,0,0,0,0,0,0,0,0,0,0,0,0,0,0,0,0,0,0,0,0,0,0,0,0,0,0,0,0,0,0,0,0,0,0,0,0,0,0,0,0,0,0,0,0,0,0,0,0,0,0,0,0,0,0,0,0,0,0,0,0,0,0,0,0,0,0,0,0,0,0,0,0,0,0,0,0,0,0,0,0,0,0,0,0,0,0,0,0,0,0,0,0,0,0,0,0,0,0,0,0,0,0,0,0,0,0,0,0,0,0,0,0,0,0,0,0,0,0,0,0,0,0,0,0,0,0,0,0,0,0,0,0,0,0,0,0,0,0,0,0,0,0,0,0,0,0,0,0,0,0,0,0,0,0,0,0,0,0,0,0,0,0,0,0,0,0,0,0,0,0,0,0,0,0,0,0,0,0,0,0,0,0,0,0,0,0,0,0,0,0,0,0,0,0,0,0,0,0,0,0,0,0,0,0,0,0,0,0,0,0,0,0,0,0,0,0,0,0,0,0,0,0,0,0,0,0,0,0,0,0,0,0,0,0,0,0,0,0,0,0,0,0,0,0,0,0,0,0,0,0,0,0,0,0,0,0,0,0,0,0,0,0,0,0,0,0,0,0,0,0,0,0,0,0,0,0,0,0,0,0,0,0,0,0,0,0,0,0,0
"arusha/meru/kikatiti",0.014764,5e-05,0.000236,0.000306,5e-06,0.019281,2e-06,3e-06,4e-06,0.001151,1.8e-05,3e-06,0.007323,0.095031,0.000164,9e-06,7e-06,2.5e-05,4e-06,1.5e-05,3e-05,0.015501,4e-06,0.000491,3.3e-05,0.000155,8e-06,8e-06,2e-06,4.5e-05,0.024642,1.4e-05,2e-05,8.3e-05,5.1e-05,1e-05,0.006373,0.00023,2.3e-05,0.000434,5e-06,3e-06,0.00066,0.000165,9.5e-05,5e-06,0.000271,0.631701,0.009655,1.7e-05,6e-06,1.1e-05,1.5e-05,5e-06,0.000171,2e-06,0.001577,1.6e-05,0.001427,0.004692,0.001953,0.002361,0.007768,4.5e-05,0,0.046293,0.004697,3e-06,0.000266,0.00147,1.1e-05,1e-06,0.001859,9.1e-05,1.5e-05,0.001851,0.000172,2e-06,2e-06,3e-06,1e-06,1.9e-05,3e-06,4e-06,8e-06,4e-06,0.412241,3e-06,0.00013,0.005432,2e-06,4e-06,0.058562,0.041213,0.00011,0.000327,0.022508,5.2e-05,0.046052,0.009506,5e-06,7e-06,0.001004,0.009787,0.002394,0.042168,8e-06,0.019377,0.018575,0.001867,0.0149,0.023212,9.1e-05,0.000237,0.000349,0.000221,0.239722,1e-05,0.073977,0.007831,0.005296,0.128298,0.00014,0.000514,4.8e-05,0.000393,0.000632,0,0.091773,0.000353,0.000274,0.009227,0.014798,0.003997,3.4e-05,0.045126,0.001806,0.007852,0.037452,0.034119,0.204731,2.3e-05,0.011002,0.00289,0.000371,0.006814,1e-05,0.024253,0.020503,0.006039,0.000227,0.000113,0.000275,7.3e-05,0.002308,0.112538,0.000765,0.000406,0.000126,0.661159,0.001786,0.013661,0.000245,0.000281,3e-06,3e-06,0.00291,0.036067,0.069498,0.000826,0.000209,0.009372,0.567002,0.001524,0.004472,0.001114,0.012791,0.000129,0.028596,0.000398,1.5e-05,6.3e-05,0.002976,0.003706,0.200341,0.930937,0.00034,0.000671,0.121597,0.044217,0.00955,4.5e-05,0.000143,6e-06,0.001019,2.5e-05,0.000216,6e-06,0.029107,1.1e-05,0.761026,0.000249,0.002075,0.002583,0.019427,0.018293,0.110718,0.005234,0.000703,0.000327,0.000289,2.9e-05,0.031109,1e-04,4e-06,0.000466,4e-06,0.12028,0.001998,0.011367,6e-06,0.006668,3e-06,0.001317,0.241302,0.005541,0.197902,0.002141,2.5e-05,2e-06,2e-06,6e-06,0.008508,0.062964,6.6e-05,4.1e-05,0.000548,0.042572,0.000888,0.000179,0.022803,0.13311,0.000248,0.115282,3e-05,0.000464,0.001575,0.088744,4e-06,0.001904,0.28642,0.071183,0.00021,0.123108,0.011578,0.000931,0.000261,0.000845,0.00035,3.8e-05,2.6e-05,0.007193,1.6e-05,2.9e-05,0.002243,0.000268,6e-06,0.039733,4e-06,0.000246,0.041117,0.025111,0.000132,4e-05,0.097509,0.000548,0.000997,0.004893,7e-06,0.000159,0.004497,2e-05,0.128871,1.6e-05,1.6e-05,1.1e-05,2e-06,0.000657,8e-06,0.001397,9.4e-05,0.005151,7.7e-05,0.391368,0.005733,0.015406,0.184201,0.001658,0.004004,0.000345,7.6e-05,3.9e-05,0.000454,0.000977,1.7e-05,0.004499,0.015694,0.005577,0.001475,0.000592,0.05886,0.00026,4.1e-05,0.000312,0.0033,8e-06,4.5e-05,0.178962,0.055536,0.064409,0.004247,0.068887,0.072805,0.02936,0.446902,0.000767,0.00105,0.003567,8.1e-05,0.017164,0.042984,0.008723,0.193683,0.002564,0.002917,2e-05,0.002403,0.000165,0.547459,3.5e-05,9e-06,0.000391,1.4e-05,8e-06,0.006639,0.000516,0.000259,0.0373,0.006172,0.000342,3e-06,0.092718,0.009461,0.353503,0.003085,0.005611,0.021973,0.000691,0.000378,0.007826,6e-06,3e-06,6e-06,2e-06,5.6e-05,0.311764,0.067869,0.130267,2.2e-05,0.087495,0.00284,1.6e-05,3.7e-05,5.1e-05,0.000519,0.013615,0.001884,0.000746,0.05669,3e-06,3.7e-05,4e-06,0.102983,4e-05,3e-06,0.007073,0.000458,0.063495,0.009401,0.000306,0.448047,0.000218,3.9e-05,7e-05,1.8e-05,1.1e-05,5e-06,4e-06
"arusha/meru/kikwe",0,0,0,0,0,0,0,0,0,0,0,0,0,0,0,0,0,0,0,0,0,0,0,0,0,0,0,0,0,0,0,0,0,0,0,0,0,0,0,0,0,0,0,0,0,0,0,0,0,0,0,0,0,0,0,0,0,0,0,0,0,0,0,0,0,0,0,0,0,0,0,0,0,0,0,0,0,0,0,0,0,0,0,0,0,0,0,0,0,0,0,0,0,0,0,0,0,0,0,0,0,0,0,0,0,0,0,0,0,0,0,0,0,0,0,0,0,0,0,0,0,0,0,0,0,0,0,0,0,0,0,0,0,0,0,0,0,0,0,0,0,0,0,0,0,0,0,0,0,0,0,0,0,0,0,0,0,0,0,0,0,0,0,0,0,0,0,0,0,0,0,0,0,0,0,0,0,0,0,0,0,0,0,0,0,0,0,0,0,0,0,0,0,0,0,0,0,0,0,0,0,0,0,0,0,0,0,0,0,0,0,0,0,0,0,0,0,0,0,0,0,0,0,0,0,0,0,0,0,0,0,0,0,0,0,0,0,0,0,0,0,0,0,0,0,0,0,0,0,0,0,0,0,0,0,0,0,0,0,0,0,0,0,0,0,0,0,0,0,0,0,0,0,0,0,0,0,0,0,0,0,0,0,0,0,0,0,0,0,0,0,0,0,0,0,0,0,0,0,0,0,0,0,0,0,0,0,0,0,0,0,0,0,0,0,0,0,0,0,0,0,0,0,0,0,0,0,0,0,0,0,0,0,0,0,0,0,0,0,0,0,0,0,0,0,0,0,0,0,0,0,0,0,0,0,0,0,0,0,0,0,0,0,0,0,0,0,0,0,0,0,0,0,0,0,0,0,0,0,0,0,0,0,0,0,0,0,0,0,0,0,0,0,0,0,0,0,0
"kilimanjaro/moshi/kilemakaskazini",0,0,0,0,0,0,0,0,0,0,0,0,0,0,0,0,0,0,0,0,0,0,0,0,0,0,0,0,0,0,0,0,0,0,0,0,0,0,0,0,0,0,0,0,0,0,0,0,0,0,0,0,0,0,0,0,0,0,0,0,0,0,0,0,0,0,0,0,0,0,0,0,0,0,0,0,0,0,0,0,0,0,0,0,0,0,0,0,0,0,0,0,0,0,0,0,0,0,0,0,0,0,0,0,0,0,0,0,0,0,0,0,0,0,0,0,0,0,0,0,0,0,0,0,0,0,0,0,0,0,0,0,0,0,0,0,0,0,0,0,0,0,0,0,0,0,0,0,0,0,0,0,0,0,0,0,0,0,0,0,0,0,0,0,0,0,0,0,0,0,0,0,0,0,0,0,0,0,0,0,0,0,0,0,0,0,0,0,0,0,0,0,0,0,0,0,0,0,0,0,0,0,0,0,0,0,0,0,0,0,0,0,0,0,0,0,0,0,0,0,0,0,0,0,0,0,0,0,0,0,0,0,0,0,0,0,0,0,0,0,0,0,0,0,0,0,0,0,0,0,0,0,0,0,0,0,0,0,0,0,0,0,0,0,0,0,0,0,0,0,0,0,0,0,0,0,0,0,0,0,0,0,0,0,0,0,0,0,0,0,0,0,0,0,0,0,0,0,0,0,0,0,0,0,0,0,0,0,0,0,0,0,0,0,0,0,0,0,0,0,0,0,0,0,0,0,0,0,0,0,0,0,0,0,0,0,0,0,0,0,0,0,0,0,0,0,0,0,0,0,0,0,0,0,0,0,0,0,0,0,0,0,0,0,0,0,0,0,0,0,0,0,0,0,0,0,0,0,0,0,0,0,0,0,0,0,0,0,0,0,0,0,0,0,0,0,0,0
"kilimanjaro/moshi/kilemakati",0,0,0,0,0,0,0,0,0,0,0,0,0,0,0,0,0,0,0,0,0,0,0,0,0,0,0,0,0,0,0,0,0,0,0,0,0,0,0,0,0,0,0,0,0,0,0,0,0,0,0,0,0,0,0,0,0,0,0,0,0,0,0,0,0,0,0,0,0,0,0,0,0,0,0,0,0,0,0,0,0,0,0,0,0,0,0,0,0,0,0,0,0,0,0,0,0,0,0,0,0,0,0,0,0,0,0,0,0,0,0,0,0,0,0,0,0,0,0,0,0,0,0,0,0,0,0,0,0,0,0,0,0,0,0,0,0,0,0,0,0,0,0,0,0,0,0,0,0,0,0,0,0,0,0,0,0,0,0,0,0,0,0,0,0,0,0,0,0,0,0,0,0,0,0,0,0,0,0,0,0,0,0,0,0,0,0,0,0,0,0,0,0,0,0,0,0,0,0,0,0,0,0,0,0,0,0,0,0,0,0,0,0,0,0,0,0,0,0,0,0,0,0,0,0,0,0,0,0,0,0,0,0,0,0,0,0,0,0,0,0,0,0,0,0,0,0,0,0,0,0,0,0,0,0,0,0,0,0,0,0,0,0,0,0,0,0,0,0,0,0,0,0,0,0,0,0,0,0,0,0,0,0,0,0,0,0,0,0,0,0,0,0,0,0,0,0,0,0,0,0,0,0,0,0,0,0,0,0,0,0,0,0,0,0,0,0,0,0,0,0,0,0,0,0,0,0,0,0,0,0,0,0,0,0,0,0,0,0,0,0,0,0,0,0,0,0,0,0,0,0,0,0,0,0,0,0,0,0,0,0,0,0,0,0,0,0,0,0,0,0,0,0,0,0,0,0,0,0,0,0,0,0,0,0,0,0,0,0,0,0,0,0,0,0,0,0,0
"kilimanjaro/moshi/kilemakusini",0.000673,2.2e-05,0.003899,0.000178,3e-06,0.057221,1e-06,1e-06,2e-06,0.000565,9e-06,2e-06,0.000442,0.00623,9.4e-05,4e-06,4e-06,1.4e-05,3e-06,1e-05,5e-05,0.001835,2e-06,0.002119,7.1e-05,0.000641,4e-06,4e-06,2e-06,8.4e-05,0.002262,1.1e-05,4.1e-05,0.000433,2.3e-05,6e-06,0.000496,0.000126,1.1e-05,0.000258,3e-06,2e-06,0.000595,9.1e-05,7.9e-05,2e-06,7.1e-05,0.101354,0.00307,7e-06,3e-06,6e-06,6e-06,3e-06,1e-04,1e-06,0.000198,7e-06,0.001465,0.002631,0.00084,0.000766,0.001696,3.8e-05,0,0.003552,0.000744,2e-06,8.5e-05,0.000666,5e-06,0,0.000408,4.1e-05,1e-05,0.000774,6.6e-05,1e-06,2e-06,2e-06,1e-06,1.1e-05,2e-06,3e-06,5e-06,2e-06,0.144357,2e-06,8.1e-05,0.00904,1e-06,3e-06,0.77062,0.003169,3.4e-05,0.000158,0.006933,0.000432,0.313889,0.21808,2e-06,4e-06,0.001941,0.000769,0.011966,0.047435,4e-06,0.047051,0.001745,0.000734,0.005302,0.142776,5.7e-05,1.8e-05,0.004154,0.00417,0.039878,8e-06,0.407264,0.016533,0.007704,0.301769,0.001051,0.003139,0.000283,7e-04,0.00058,0.084855,0.003675,0.00593,0.009059,0,0.223528,0.01358,0.000148,0.003149,0.000153,0.106159,0.016076,0.058135,0.004717,4.1e-05,0.00093,0.006361,0.002525,0.038257,5e-06,0.572151,0.318119,0.417116,0.001977,0.000298,0.002421,0.000173,0.006248,0.01616,0.004614,0.000122,0.000121,0.933847,0.023178,0.00459,0.000856,0.001243,2e-06,2e-06,0.011663,0.001712,0.005588,0.003407,0.000194,0.002167,0.077066,0.001969,0.001612,0.000552,0.003483,4.5e-05,0.084413,0.000379,2.9e-05,3.8e-05,0.004599,0.020929,0.189396,0.948798,0.000309,0.000851,0.124327,0.029612,0.014836,2.4e-05,5.9e-05,4e-06,0.000423,2.1e-05,0.007201,3e-06,0.135794,4e-06,0.022809,0.000162,0.003624,0.000142,0.225172,0.001477,0.976175,0.001362,0.000365,0.008295,0.014095,1.2e-05,0.474135,0.001917,2e-06,0.001012,2e-06,0.57111,0.038273,0.343078,3e-06,0.000118,2e-06,0.00056,0.089564,0.001737,0.127858,0.001692,1.2e-05,1e-06,1e-06,3e-06,0.0041,0.007422,5.2e-05,0.000175,0.004467,0.003454,3e-04,0.00368,0.003066,0.028829,0.001088,0.322785,7e-05,0.002416,0.009104,0.005356,3e-06,0.000269,0.027515,0.01388,3.4e-05,0.00861,0.019847,0.001786,0.002631,0.007152,0.00238,9.1e-05,5.9e-05,0.011142,5e-06,5.8e-05,0.000761,9.8e-05,3e-06,0.005434,2e-06,9.4e-05,0.005393,0.145031,0.001279,8.1e-05,0.948934,0.013925,0.00186,0.00306,3e-06,6.1e-05,0.002175,8e-06,0.063938,8e-06,1.3e-05,5e-06,1e-06,0.002869,4e-06,0.000282,7.3e-05,0.002439,0.000148,0.031341,0.04666,0.005201,0.017567,0.000137,0.00614,0.000161,0.00137,0.000191,0.002093,0.002567,1.3e-05,0.001593,0.000846,0.000159,7.2e-05,0.001061,0.006188,0.000132,3.1e-05,0.003024,0.034488,3e-06,2.6e-05,0.024406,0.305617,0.008203,0.000766,0.008247,0.008234,0.017166,0.059879,0.000492,0.00065,0.000246,5.6e-05,0.001621,0.003163,0.000932,0.066466,0.001627,0.002682,1.6e-05,0.009305,8.1e-05,0.032272,1.7e-05,4e-06,0.001667,5e-06,4e-06,0.011091,0.000677,0.000145,0.00345,0.014913,0.000203,1e-06,0.015246,0.000389,0.034762,0.000841,0.001051,0.006493,0.004493,0.005429,0.020901,3e-06,2e-06,3e-06,1e-06,3.7e-05,0.025869,0.00589,0.012437,1.8e-05,0.00406,0.008916,3.4e-05,7e-05,4.6e-05,0.001758,0.001293,0.000504,5.4e-05,0.020281,2e-06,0.000158,2e-06,0.408754,2.4e-05,1e-06,0.000576,0.001846,0.191314,0.057597,0.001684,0.016702,0.002072,8.4e-05,0.000151,5.1e-05,1.9e-05,3e-06,2e-06
"kilimanjaro/mwanga/kileo",8e-06,0,2e-05,2e-06,0,0.001062,0,0,0,9e-06,0,0,5e-06,7.9e-05,1e-06,0,0,0,0,0,1e-06,1.3e-05,0,1.6e-05,2e-06,4e-06,0,0,0,2e-06,5e-05,0,1e-06,1.7e-05,0,0,6e-06,1e-06,0,3e-06,0,0,7e-06,1e-06,1e-06,0,1e-06,0.001399,4.8e-05,0,0,0,0,0,1e-06,0,3e-06,0,3e-05,2.6e-05,7e-06,7e-06,2e-05,1e-06,0,4.7e-05,1e-05,0,1e-06,7e-06,0,0,4e-06,1e-06,0,7e-06,1e-06,0,0,0,0,0,0,0,0,0,0.001677,0,1e-06,0.000135,0,0,0.014605,3.8e-05,0,2e-06,6.3e-05,1.7e-05,0.009591,0.007804,0,0,4e-05,1e-05,8.5e-05,0.000427,0,0.000363,1.8e-05,7e-06,4.7e-05,0.000899,1e-06,0,2e-05,2e-05,0.000486,0,0.003121,0.00011,3.9e-05,0.002404,5e-05,0.00014,1e-05,1.4e-05,7e-06,0.000756,4.8e-05,2.1e-05,2.3e-05,0.001391,0,9.4e-05,5e-06,4e-05,2e-06,0.000449,0.00018,0.000447,5.3e-05,1e-06,1.2e-05,4.4e-05,1.7e-05,0.001572,0,0.003249,0.001315,0.000774,1.1e-05,9e-06,1.7e-05,4e-06,0.000138,0.000214,2.3e-05,1e-06,2e-06,0.035867,0.001901,5.4e-05,6e-06,4.1e-05,0,0,0.000463,1.9e-05,7.3e-05,0.000133,2e-06,2.1e-05,0.001041,4.4e-05,1.4e-05,7e-06,3.7e-05,0,0.000602,7e-06,1e-06,1e-06,9.6e-05,0.000228,0.001694,0.080358,2e-06,6e-06,0.001072,0.000249,0.000152,0,1e-06,0,4e-06,0,3.5e-05,0,0.000936,0,0.000276,3e-06,5.7e-05,2e-06,0.001254,1.5e-05,0.046716,1.3e-05,5e-06,2.8e-05,3.5e-05,0,0.004743,1e-05,0,2.1e-05,0,0.007174,0.000133,0.00115,0,1e-06,0,5e-06,0.000904,1.6e-05,0.001161,1.9e-05,0,0,0,0,5.1e-05,1e-04,1e-06,1e-06,2e-05,3.4e-05,3e-06,1.9e-05,4.5e-05,0.000646,7e-06,0.009274,2e-06,1.6e-05,5.6e-05,7e-05,0,4e-06,0.000355,0.000124,0,0.000112,0.000155,3.8e-05,1.5e-05,0.000459,1.4e-05,2e-06,1e-06,0.000175,0,1e-06,8e-06,1e-06,0,7e-05,0,1e-06,6.8e-05,0.009442,6.7e-05,2e-06,0.018037,5.5e-05,3.9e-05,4.1e-05,0,1e-06,3.7e-05,0,0.000738,0,0,0,0,1.9e-05,0,3e-06,1e-06,2.2e-05,3e-06,0.000431,0.000259,4.8e-05,0.00014,2e-06,0.000157,2e-06,1e-05,8e-06,1.4e-05,7.1e-05,0,1.6e-05,1.1e-05,2e-06,1e-06,7e-06,5.7e-05,1e-06,0,1.9e-05,0.000148,0,0,0.000201,0.002416,8.2e-05,1.1e-05,0.000101,8.5e-05,0.000164,0.000552,5e-06,6e-06,3e-06,1e-06,2.1e-05,4e-05,1.2e-05,0.000551,2.2e-05,3.8e-05,0,7.1e-05,1e-06,0.000408,0,0,1e-05,0,0,0.000261,1.3e-05,2e-06,4.2e-05,0.000392,3e-06,0,0.00015,5e-06,0.000453,8e-06,1.4e-05,7.8e-05,0.00023,2.9e-05,0.000167,0,0,0,0,1e-06,0.00033,5.4e-05,0.000162,0,4.8e-05,6.6e-05,1e-06,2e-06,1e-06,1.2e-05,1.7e-05,6e-06,1e-06,0.00015,0,4e-06,0,0.003928,0,0,7e-06,1e-05,0.001375,0.000296,9e-06,0.000211,1e-05,2e-06,3e-06,1e-06,0,0,0
"kilimanjaro/moshimunicipal/kilimanjaro",0,0,0,0,0,0,0,0,0,0,0,0,0,0,0,0,0,0,0,0,0,0,0,0,0,0,0,0,0,0,0,0,0,0,0,0,0,0,0,0,0,0,0,0,0,0,0,0,0,0,0,0,0,0,0,0,0,0,0,0,0,0,0,0,0,0,0,0,0,0,0,0,0,0,0,0,0,0,0,0,0,0,0,0,0,0,0,0,0,0,0,0,0,0,0,0,0,0,0,0,0,0,0,0,0,0,0,0,0,0,0,0,0,0,0,0,0,0,0,0,0,0,0,0,0,0,0,0,0,0,0,0,0,0,0,0,0,0,0,0,0,0,0,0,0,0,0,0,0,0,0,0,0,0,0,0,0,0,0,0,0,0,0,0,0,0,0,0,0,0,0,0,0,0,0,0,0,0,0,0,0,0,0,0,0,0,0,0,0,0,0,0,0,0,0,0,0,0,0,0,0,0,0,0,0,0,0,0,0,0,0,0,0,0,0,0,0,0,0,0,0,0,0,0,0,0,0,0,0,0,0,0,0,0,0,0,0,0,0,0,0,0,0,0,0,0,0,0,0,0,0,0,0,0,0,0,0,0,0,0,0,0,0,0,0,0,0,0,0,0,0,0,0,0,0,0,0,0,0,0,0,0,0,0,0,0,0,0,0,0,0,0,0,0,0,0,0,0,0,0,0,0,0,0,0,0,0,0,0,0,0,0,0,0,0,0,0,0,0,0,0,0,0,0,0,0,0,0,0,0,0,0,0,0,0,0,0,0,0,0,0,0,0,0,0,0,0,0,0,0,0,0,0,0,0,0,0,0,0,0,0,0,0,0,0,0,0,0,0,0,0,0,0,0,0,0,0,0,0,0,0,0,0,0,0,0,0,0,0,0,0,0,0,0,0,0,0,0
"kilimanjaro/mwanga/kilomeni",0,0,0,0,0,0,0,0,0,0,0,0,0,0,0,0,0,0,0,0,0,0,0,0,0,0,0,0,0,0,0,0,0,0,0,0,0,0,0,0,0,0,0,0,0,0,0,0,0,0,0,0,0,0,0,0,0,0,0,0,0,0,0,0,0,0,0,0,0,0,0,0,0,0,0,0,0,0,0,0,0,0,0,0,0,0,0,0,0,0,0,0,0,0,0,0,0,0,0,0,0,0,0,0,0,0,0,0,0,0,0,0,0,0,0,0,0,0,0,0,0,0,0,0,0,0,0,0,0,0,0,0,0,0,0,0,0,0,0,0,0,0,0,0,0,0,0,0,0,0,0,0,0,0,0,0,0,0,0,0,0,0,0,0,0,0,0,0,0,0,0,0,0,0,0,0,0,0,0,0,0,0,0,0,0,0,0,0,0,0,0,0,0,0,0,0,0,0,0,0,0,0,0,0,0,0,0,0,0,0,0,0,0,0,0,0,0,0,0,0,0,0,0,0,0,0,0,0,0,0,0,0,0,0,0,0,0,0,0,0,0,0,0,0,0,0,0,0,0,0,0,0,0,0,0,0,0,0,0,0,0,0,0,0,0,0,0,0,0,0,0,0,0,0,0,0,0,0,0,0,0,0,0,0,0,0,0,0,0,0,0,0,0,0,0,0,0,0,0,0,0,0,0,0,0,0,0,0,0,0,0,0,0,0,0,0,0,0,0,0,0,0,0,0,0,0,0,0,0,0,0,0,0,0,0,0,0,0,0,0,0,0,0,0,0,0,0,0,0,0,0,0,0,0,0,0,0,0,0,0,0,0,0,0,0,0,0,0,0,0,0,0,0,0,0,0,0,0,0,0,0,0,0,0,0,0,0,0,0,0,0,0,0,0,0,0,0,0
"arusha/arushaurban/kimandolu",0,0,0,0,0,0,0,0,0,0,0,0,0,0,0,0,0,0,0,0,0,0,0,0,0,0,0,0,0,0,0,0,0,0,0,0,0,0,0,0,0,0,0,0,0,0,0,0,0,0,0,0,0,0,0,0,0,0,0,0,0,0,0,0,0,0,0,0,0,0,0,0,0,0,0,0,0,0,0,0,0,0,0,0,0,0,0,0,0,0,0,0,0,0,0,0,0,0,0,0,0,0,0,0,0,0,0,0,0,0,0,0,0,0,0,0,0,0,0,0,0,0,0,0,0,0,0,0,0,0,0,0,0,0,0,0,0,0,0,0,0,0,0,0,0,0,0,0,0,0,0,0,0,0,0,0,0,0,0,0,0,0,0,0,0,0,0,0,0,0,0,0,0,0,0,0,0,0,0,0,0,0,0,0,0,0,0,0,0,0,0,0,0,0,0,0,0,0,0,0,0,0,0,0,0,0,0,0,0,0,0,0,0,0,0,0,0,0,0,0,0,0,0,0,0,0,0,0,0,0,0,0,0,0,0,0,0,0,0,0,0,0,0,0,0,0,0,0,0,0,0,0,0,0,0,0,0,0,0,0,0,0,0,0,0,0,0,0,0,0,0,0,0,0,0,0,0,0,0,0,0,0,0,0,0,0,0,0,0,0,0,0,0,0,0,0,0,0,0,0,0,0,0,0,0,0,0,0,0,0,0,0,0,0,0,0,0,0,0,0,0,0,0,0,0,0,0,0,0,0,0,0,0,0,0,0,0,0,0,0,0,0,0,0,0,0,0,0,0,0,0,0,0,0,0,0,0,0,0,0,0,0,0,0,0,0,0,0,0,0,0,0,0,0,0,0,0,0,0,0,0,0,0,0,0,0,0,0,0,0,0,0,0,0,0,0,0,0
"arusha/arusha/kimnyaki",0,0,0,0,0,0,0,0,0,0,0,0,0,0,0,0,0,0,0,0,0,0,0,0,0,0,0,0,0,0,0,0,0,0,0,0,0,0,0,0,0,0,0,0,0,0,0,0,0,0,0,0,0,0,0,0,0,0,0,0,0,0,0,0,0,0,0,0,0,0,0,0,0,0,0,0,0,0,0,0,0,0,0,0,0,0,0,0,0,0,0,0,0,0,0,0,0,0,0,0,0,0,0,0,0,0,0,0,0,0,0,0,0,0,0,0,0,0,0,0,0,0,0,0,0,0,0,0,0,0,0,0,0,0,0,0,0,0,0,0,0,0,0,0,0,0,0,0,0,0,0,0,0,0,0,0,0,0,0,0,0,0,0,0,0,0,0,0,0,0,0,0,0,0,0,0,0,0,0,0,0,0,0,0,0,0,0,0,0,0,0,0,0,0,0,0,0,0,0,0,0,0,0,0,0,0,0,0,0,0,0,0,0,0,0,0,0,0,0,0,0,0,0,0,0,0,0,0,0,0,0,0,0,0,0,0,0,0,0,0,0,0,0,0,0,0,0,0,0,0,0,0,0,0,0,0,0,0,0,0,0,0,0,0,0,0,0,0,0,0,0,0,0,0,0,0,0,0,0,0,0,0,0,0,0,0,0,0,0,0,0,0,0,0,0,0,0,0,0,0,0,0,0,0,0,0,0,0,0,0,0,0,0,0,0,0,0,0,0,0,0,0,0,0,0,0,0,0,0,0,0,0,0,0,0,0,0,0,0,0,0,0,0,0,0,0,0,0,0,0,0,0,0,0,0,0,0,0,0,0,0,0,0,0,0,0,0,0,0,0,0,0,0,0,0,0,0,0,0,0,0,0,0,0,0,0,0,0,0,0,0,0,0,0,0,0,0,0
"kilimanjaro/moshi/kimochi",0,0,0,0,0,0,0,0,0,0,0,0,0,0,0,0,0,0,0,0,0,0,0,0,0,0,0,0,0,0,0,0,0,0,0,0,0,0,0,0,0,0,0,0,0,0,0,0,0,0,0,0,0,0,0,0,0,0,0,0,0,0,0,0,0,0,0,0,0,0,0,0,0,0,0,0,0,0,0,0,0,0,0,0,0,0,0,0,0,0,0,0,0,0,0,0,0,0,0,0,0,0,0,0,0,0,0,0,0,0,0,0,0,0,0,0,0,0,0,0,0,0,0,0,0,0,0,0,0,0,0,0,0,0,0,0,0,0,0,0,0,0,0,0,0,0,0,0,0,0,0,0,0,0,0,0,0,0,0,0,0,0,0,0,0,0,0,0,0,0,0,0,0,0,0,0,0,0,0,0,0,0,0,0,0,0,0,0,0,0,0,0,0,0,0,0,0,0,0,0,0,0,0,0,0,0,0,0,0,0,0,0,0,0,0,0,0,0,0,0,0,0,0,0,0,0,0,0,0,0,0,0,0,0,0,0,0,0,0,0,0,0,0,0,0,0,0,0,0,0,0,0,0,0,0,0,0,0,0,0,0,0,0,0,0,0,0,0,0,0,0,0,0,0,0,0,0,0,0,0,0,0,0,0,0,0,0,0,0,0,0,0,0,0,0,0,0,0,0,0,0,0,0,0,0,0,0,0,0,0,0,0,0,0,0,0,0,0,0,0,0,0,0,0,0,0,0,0,0,0,0,0,0,0,0,0,0,0,0,0,0,0,0,0,0,0,0,0,0,0,0,0,0,0,0,0,0,0,0,0,0,0,0,0,0,0,0,0,0,0,0,0,0,0,0,0,0,0,0,0,0,0,0,0,0,0,0,0,0,0,0,0,0,0,0,0,0,0
"arusha/longido/kimokouwa",0,0,0,0,0,0,0,0,0,0,0,0,0,0,0,0,0,0,0,0,0,0,0,0,0,0,0,0,0,0,0,0,0,0,0,0,0,0,0,0,0,0,0,0,0,0,0,0,0,0,0,0,0,0,0,0,0,0,0,0,0,0,0,0,0,0,0,0,0,0,0,0,0,0,0,0,0,0,0,0,0,0,0,0,0,0,0,0,0,0,0,0,0,0,0,0,0,0,0,0,0,0,0,0,0,0,0,0,0,0,0,0,0,0,0,0,0,0,0,0,0,0,0,0,0,0,0,0,0,0,0,0,0,0,0,0,0,0,0,0,0,0,0,0,0,0,0,0,0,0,0,0,0,0,0,0,0,0,0,0,0,0,0,0,0,0,0,0,0,0,0,0,0,0,0,0,0,0,0,0,0,0,0,0,0,0,0,0,0,0,0,0,0,0,0,0,0,0,0,0,0,0,0,0,0,0,0,0,0,0,0,0,0,0,0,0,0,0,0,0,0,0,0,0,0,0,0,0,0,0,0,0,0,0,0,0,0,0,0,0,0,0,0,0,0,0,0,0,0,0,0,0,0,0,0,0,0,0,0,0,0,0,0,0,0,0,0,0,0,0,0,0,0,0,0,0,0,0,0,0,0,0,0,0,0,0,0,0,0,0,0,0,0,0,0,0,0,0,0,0,0,0,0,0,0,0,0,0,0,0,0,0,0,0,0,0,0,0,0,0,0,0,0,0,0,0,0,0,0,0,0,0,0,0,0,0,0,0,0,0,0,0,0,0,0,0,0,0,0,0,0,0,0,0,0,0,0,0,0,0,0,0,0,0,0,0,0,0,0,0,0,0,0,0,0,0,0,0,0,0,0,0,0,0,0,0,0,0,0,0,0,0,0,0,0,0,0,0
"kilimanjaro/moshi/kindi",0,0,0,0,0,0,0,0,0,0,0,0,0,0,0,0,0,0,0,0,0,0,0,0,0,0,0,0,0,0,0,0,0,0,0,0,0,0,0,0,0,0,0,0,0,0,0,0,0,0,0,0,0,0,0,0,0,0,0,0,0,0,0,0,0,0,0,0,0,0,0,0,0,0,0,0,0,0,0,0,0,0,0,0,0,0,0,0,0,0,0,0,0,0,0,0,0,0,0,0,0,0,0,0,0,0,0,0,0,0,0,0,0,0,0,0,0,0,0,0,0,0,0,0,0,0,0,0,0,0,0,0,0,0,0,0,0,0,0,0,0,0,0,0,0,0,0,0,0,0,0,0,0,0,0,0,0,0,0,0,0,0,0,0,0,0,0,0,0,0,0,0,0,0,0,0,0,0,0,0,0,0,0,0,0,0,0,0,0,0,0,0,0,0,0,0,0,0,0,0,0,0,0,0,0,0,0,0,0,0,0,0,0,0,0,0,0,0,0,0,0,0,0,0,0,0,0,0,0,0,0,0,0,0,0,0,0,0,0,0,0,0,0,0,0,0,0,0,0,0,0,0,0,0,0,0,0,0,0,0,0,0,0,0,0,0,0,0,0,0,0,0,0,0,0,0,0,0,0,0,0,0,0,0,0,0,0,0,0,0,0,0,0,0,0,0,0,0,0,0,0,0,0,0,0,0,0,0,0,0,0,0,0,0,0,0,0,0,0,0,0,0,0,0,0,0,0,0,0,0,0,0,0,0,0,0,0,0,0,0,0,0,0,0,0,0,0,0,0,0,0,0,0,0,0,0,0,0,0,0,0,0,0,0,0,0,0,0,0,0,0,0,0,0,0,0,0,0,0,0,0,0,0,0,0,0,0,0,0,0,0,0,0,0,0,0,0,0
"arusha/meru/kingori",0,0,0,0,0,0,0,0,0,0,0,0,0,0,0,0,0,0,0,0,0,0,0,0,0,0,0,0,0,0,0,0,0,0,0,0,0,0,0,0,0,0,0,0,0,0,0,0,0,0,0,0,0,0,0,0,0,0,0,0,0,0,0,0,0,0,0,0,0,0,0,0,0,0,0,0,0,0,0,0,0,0,0,0,0,0,0,0,0,0,0,0,0,0,0,0,0,0,0,0,0,0,0,0,0,0,0,0,0,0,0,0,0,0,0,0,0,0,0,0,0,0,0,0,0,0,0,0,0,0,0,0,0,0,0,0,0,0,0,0,0,0,0,0,0,0,0,0,0,0,0,0,0,0,0,0,0,0,0,0,0,0,0,0,0,0,0,0,0,0,0,0,0,0,0,0,0,0,0,0,0,0,0,0,0,0,0,0,0,0,0,0,0,0,0,0,0,0,0,0,0,0,0,0,0,0,0,0,0,0,0,0,0,0,0,0,0,0,0,0,0,0,0,0,0,0,0,0,0,0,0,0,0,0,0,0,0,0,0,0,0,0,0,0,0,0,0,0,0,0,0,0,0,0,0,0,0,0,0,0,0,0,0,0,0,0,0,0,0,0,0,0,0,0,0,0,0,0,0,0,0,0,0,0,0,0,0,0,0,0,0,0,0,0,0,0,0,0,0,0,0,0,0,0,0,0,0,0,0,0,0,0,0,0,0,0,0,0,0,0,0,0,0,0,0,0,0,0,0,0,0,0,0,0,0,0,0,0,0,0,0,0,0,0,0,0,0,0,0,0,0,0,0,0,0,0,0,0,0,0,0,0,0,0,0,0,0,0,0,0,0,0,0,0,0,0,0,0,0,0,0,0,0,0,0,0,0,0,0,0,0,0,0,0,0,0,0,0
"kilimanjaro/same/kirangare",0,0,0,0,0,0,0,0,0,0,0,0,0,0,0,0,0,0,0,0,0,0,0,0,0,0,0,0,0,0,0,0,0,0,0,0,0,0,0,0,0,0,0,0,0,0,0,0,0,0,0,0,0,0,0,0,0,0,0,0,0,0,0,0,0,0,0,0,0,0,0,0,0,0,0,0,0,0,0,0,0,0,0,0,0,0,0,0,0,0,0,0,0,0,0,0,0,0,0,0,0,0,0,0,0,0,0,0,0,0,0,0,0,0,0,0,0,0,0,0,0,0,0,0,0,0,0,0,0,0,0,0,0,0,0,0,0,0,0,0,0,0,0,0,0,0,0,0,0,0,0,0,0,0,0,0,0,0,0,0,0,0,0,0,0,0,0,0,0,0,0,0,0,0,0,0,0,0,0,0,0,0,0,0,0,0,0,0,0,0,0,0,0,0,0,0,0,0,0,0,0,0,0,0,0,0,0,0,0,0,0,0,0,0,0,0,0,0,0,0,0,0,0,0,0,0,0,0,0,0,0,0,0,0,0,0,0,0,0,0,0,0,0,0,0,0,0,0,0,0,0,0,0,0,0,0,0,0,0,0,0,0,0,0,0,0,0,0,0,0,0,0,0,0,0,0,0,0,0,0,0,0,0,0,0,0,0,0,0,0,0,0,0,0,0,0,0,0,0,0,0,0,0,0,0,0,0,0,0,0,0,0,0,0,0,0,0,0,0,0,0,0,0,0,0,0,0,0,0,0,0,0,0,0,0,0,0,0,0,0,0,0,0,0,0,0,0,0,0,0,0,0,0,0,0,0,0,0,0,0,0,0,0,0,0,0,0,0,0,0,0,0,0,0,0,0,0,0,0,0,0,0,0,0,0,0,0,0,0,0,0,0,0,0,0,0,0,0
"arusha/arusha/kiranyi",0,0,0,0,0,0,0,0,0,0,0,0,0,0,0,0,0,0,0,0,0,0,0,0,0,0,0,0,0,0,0,0,0,0,0,0,0,0,0,0,0,0,0,0,0,0,0,0,0,0,0,0,0,0,0,0,0,0,0,0,0,0,0,0,0,0,0,0,0,0,0,0,0,0,0,0,0,0,0,0,0,0,0,0,0,0,0,0,0,0,0,0,0,0,0,0,0,0,0,0,0,0,0,0,0,0,0,0,0,0,0,0,0,0,0,0,0,0,0,0,0,0,0,0,0,0,0,0,0,0,0,0,0,0,0,0,0,0,0,0,0,0,0,0,0,0,0,0,0,0,0,0,0,0,0,0,0,0,0,0,0,0,0,0,0,0,0,0,0,0,0,0,0,0,0,0,0,0,0,0,0,0,0,0,0,0,0,0,0,0,0,0,0,0,0,0,0,0,0,0,0,0,0,0,0,0,0,0,0,0,0,0,0,0,0,0,0,0,0,0,0,0,0,0,0,0,0,0,0,0,0,0,0,0,0,0,0,0,0,0,0,0,0,0,0,0,0,0,0,0,0,0,0,0,0,0,0,0,0,0,0,0,0,0,0,0,0,0,0,0,0,0,0,0,0,0,0,0,0,0,0,0,0,0,0,0,0,0,0,0,0,0,0,0,0,0,0,0,0,0,0,0,0,0,0,0,0,0,0,0,0,0,0,0,0,0,0,0,0,0,0,0,0,0,0,0,0,0,0,0,0,0,0,0,0,0,0,0,0,0,0,0,0,0,0,0,0,0,0,0,0,0,0,0,0,0,0,0,0,0,0,0,0,0,0,0,0,0,0,0,0,0,0,0,0,0,0,0,0,0,0,0,0,0,0,0,0,0,0,0,0,0,0,0,0,0,0,0
"kilimanjaro/moshi/kirima",0,0,0,0,0,0,0,0,0,0,0,0,0,0,0,0,0,0,0,0,0,0,0,0,0,0,0,0,0,0,0,0,0,0,0,0,0,0,0,0,0,0,0,0,0,0,0,0,0,0,0,0,0,0,0,0,0,0,0,0,0,0,0,0,0,0,0,0,0,0,0,0,0,0,0,0,0,0,0,0,0,0,0,0,0,0,0,0,0,0,0,0,0,0,0,0,0,0,0,0,0,0,0,0,0,0,0,0,0,0,0,0,0,0,0,0,0,0,0,0,0,0,0,0,0,0,0,0,0,0,0,0,0,0,0,0,0,0,0,0,0,0,0,0,0,0,0,0,0,0,0,0,0,0,0,0,0,0,0,0,0,0,0,0,0,0,0,0,0,0,0,0,0,0,0,0,0,0,0,0,0,0,0,0,0,0,0,0,0,0,0,0,0,0,0,0,0,0,0,0,0,0,0,0,0,0,0,0,0,0,0,0,0,0,0,0,0,0,0,0,0,0,0,0,0,0,0,0,0,0,0,0,0,0,0,0,0,0,0,0,0,0,0,0,0,0,0,0,0,0,0,0,0,0,0,0,0,0,0,0,0,0,0,0,0,0,0,0,0,0,0,0,0,0,0,0,0,0,0,0,0,0,0,0,0,0,0,0,0,0,0,0,0,0,0,0,0,0,0,0,0,0,0,0,0,0,0,0,0,0,0,0,0,0,0,0,0,0,0,0,0,0,0,0,0,0,0,0,0,0,0,0,0,0,0,0,0,0,0,0,0,0,0,0,0,0,0,0,0,0,0,0,0,0,0,0,0,0,0,0,0,0,0,0,0,0,0,0,0,0,0,0,0,0,0,0,0,0,0,0,0,0,0,0,0,0,0,0,0,0,0,0,0,0,0,0,0,0
"kilimanjaro/rombo/kirongosamanga",0,0,0,0,0,0,0,0,0,0,0,0,0,0,0,0,0,0,0,0,0,0,0,0,0,0,0,0,0,0,0,0,0,0,0,0,0,0,0,0,0,0,0,0,0,0,0,0,0,0,0,0,0,0,0,0,0,0,0,0,0,0,0,0,0,0,0,0,0,0,0,0,0,0,0,0,0,0,0,0,0,0,0,0,0,0,0,0,0,0,0,0,0,0,0,0,0,0,0,0,0,0,0,0,0,0,0,0,0,0,0,0,0,0,0,0,0,0,0,0,0,0,0,0,0,0,0,0,0,0,0,0,0,0,0,0,0,0,0,0,0,0,0,0,0,0,0,0,0,0,0,0,0,0,0,0,0,0,0,0,0,0,0,0,0,0,0,0,0,0,0,0,0,0,0,0,0,0,0,0,0,0,0,0,0,0,0,0,0,0,0,0,0,0,0,0,0,0,0,0,0,0,0,0,0,0,0,0,0,0,0,0,0,0,0,0,0,0,0,0,0,0,0,0,0,0,0,0,0,0,0,0,0,0,0,0,0,0,0,0,0,0,0,0,0,0,0,0,0,0,0,0,0,0,0,0,0,0,0,0,0,0,0,0,0,0,0,0,0,0,0,0,0,0,0,0,0,0,0,0,0,0,0,0,0,0,0,0,0,0,0,0,0,0,0,0,0,0,0,0,0,0,0,0,0,0,0,0,0,0,0,0,0,0,0,0,0,0,0,0,0,0,0,0,0,0,0,0,0,0,0,0,0,0,0,0,0,0,0,0,0,0,0,0,0,0,0,0,0,0,0,0,0,0,0,0,0,0,0,0,0,0,0,0,0,0,0,0,0,0,0,0,0,0,0,0,0,0,0,0,0,0,0,0,0,0,0,0,0,0,0,0,0,0,0,0,0,0
"kilimanjaro/mwanga/kirongwe",0,0,0,0,0,0,0,0,0,0,0,0,0,0,0,0,0,0,0,0,0,0,0,0,0,0,0,0,0,0,0,0,0,0,0,0,0,0,0,0,0,0,0,0,0,0,0,0,0,0,0,0,0,0,0,0,0,0,0,0,0,0,0,0,0,0,0,0,0,0,0,0,0,0,0,0,0,0,0,0,0,0,0,0,0,0,0,0,0,0,0,0,0,0,0,0,0,0,0,0,0,0,0,0,0,0,0,0,0,0,0,0,0,0,0,0,0,0,0,0,0,0,0,0,0,0,0,0,0,0,0,0,0,0,0,0,0,0,0,0,0,0,0,0,0,0,0,0,0,0,0,0,0,0,0,0,0,0,0,0,0,0,0,0,0,0,0,0,0,0,0,0,0,0,0,0,0,0,0,0,0,0,0,0,0,0,0,0,0,0,0,0,0,0,0,0,0,0,0,0,0,0,0,0,0,0,0,0,0,0,0,0,0,0,0,0,0,0,0,0,0,0,0,0,0,0,0,0,0,0,0,0,0,0,0,0,0,0,0,0,0,0,0,0,0,0,0,0,0,0,0,0,0,0,0,0,0,0,0,0,0,0,0,0,0,0,0,0,0,0,0,0,0,0,0,0,0,0,0,0,0,0,0,0,0,0,0,0,0,0,0,0,0,0,0,0,0,0,0,0,0,0,0,0,0,0,0,0,0,0,0,0,0,0,0,0,0,0,0,0,0,0,0,0,0,0,0,0,0,0,0,0,0,0,0,0,0,0,0,0,0,0,0,0,0,0,0,0,0,0,0,0,0,0,0,0,0,0,0,0,0,0,0,0,0,0,0,0,0,0,0,0,0,0,0,0,0,0,0,0,0,0,0,0,0,0,0,0,0,0,0,0,0,0,0,0,0,0
"manyara/babati/kiru",0,0,0,0,0,0,0,0,0,0,0,0,0,0,0,0,0,0,0,0,0,0,0,0,0,0,0,0,0,0,0,0,0,0,0,0,0,0,0,0,0,0,0,0,0,0,0,0,0,0,0,0,0,0,0,0,0,0,0,0,0,0,0,0,0,0,0,0,0,0,0,0,0,0,0,0,0,0,0,0,0,0,0,0,0,0,0,0,0,0,0,0,0,0,0,0,0,0,0,0,0,0,0,0,0,0,0,0,0,0,0,0,0,0,0,0,0,0,0,0,0,0,0,0,0,0,0,0,0,0,0,0,0,0,0,0,0,0,0,0,0,0,0,0,0,0,0,0,0,0,0,0,0,0,0,0,0,0,0,0,0,0,0,0,0,0,0,0,0,0,0,0,0,0,0,0,0,0,0,0,0,0,0,0,0,0,0,0,0,0,0,0,0,0,0,0,0,0,0,0,0,0,0,0,0,0,0,0,0,0,0,0,0,0,0,0,0,0,0,0,0,0,0,0,0,0,0,0,0,0,0,0,0,0,0,0,0,0,0,0,0,0,0,0,0,0,0,0,0,0,0,0,0,0,0,0,0,0,0,0,0,0,0,0,0,0,0,0,0,0,0,0,0,0,0,0,0,0,0,0,0,0,0,0,0,0,0,0,0,0,0,0,0,0,0,0,0,0,0,0,0,0,0,0,0,0,0,0,0,0,0,0,0,0,0,0,0,0,0,0,0,0,0,0,0,0,0,0,0,0,0,0,0,0,0,0,0,0,0,0,0,0,0,0,0,0,0,0,0,0,0,0,0,0,0,0,0,0,0,0,0,0,0,0,0,0,0,0,0,0,0,0,0,0,0,0,0,0,0,0,0,0,0,0,0,0,0,0,0,0,0,0,0,0,0,0,0,0
"kilimanjaro/moshi/kiruavunjokusini",2e-05,1e-06,5.8e-05,3e-06,0,0.002264,0,0,0,1.4e-05,0,0,1.3e-05,0.000182,2e-06,0,0,0,0,0,1e-06,4e-05,0,0.000108,2e-06,3.1e-05,0,0,0,2e-06,0.000104,0,1e-06,9e-06,0,0,1.4e-05,2e-06,0,6e-06,0,0,1e-05,2e-06,1e-06,0,2e-06,0.003121,8.3e-05,0,0,0,0,0,2e-06,0,6e-06,0,3.7e-05,4.6e-05,1.5e-05,1.4e-05,4.6e-05,1e-06,0,0.000103,2.1e-05,0,2e-06,1.2e-05,0,0,1.2e-05,1e-06,0,1.4e-05,2e-06,0,0,0,0,0,0,0,0,0,0.005602,0,1e-06,0.000148,0,0,0.021934,9.1e-05,1e-06,4e-06,0.000212,8e-06,0.014793,0.005978,0,0,4.3e-05,2.2e-05,0.000643,0.001207,0,0.002079,5.1e-05,1.3e-05,0.000162,0.003263,1e-06,1e-06,7.5e-05,5.9e-05,0.001386,0,0.029508,0.000501,0.000176,0.011593,2.1e-05,6.6e-05,6e-06,1.6e-05,1e-05,0.001975,0.000111,0.000135,0.000168,0.008453,0.005138,0.000612,3e-06,9.1e-05,4e-06,0.005674,0.000418,0.002294,0.000149,1e-06,2.7e-05,0.000237,4.7e-05,0.000817,0,0,0.011757,0.009254,3.8e-05,7e-06,4.1e-05,4e-06,0.000135,0.000457,6.2e-05,2e-06,3e-06,0.211366,0.000422,8.9e-05,4.1e-05,2.7e-05,0,0,0.000312,5.1e-05,0.000162,7.9e-05,3e-06,4.1e-05,0.002338,4.9e-05,4.8e-05,1e-05,6.6e-05,1e-06,0.003759,9e-06,1e-06,1e-06,0.000108,0.001099,0.00695,0.297656,9e-06,2.5e-05,0.004744,0.000995,0.000627,1e-06,1e-06,0,8e-06,1e-06,7.9e-05,0,0.007326,0,0.000702,4e-06,6e-05,4e-06,0.004578,4.5e-05,0.072053,2.6e-05,9e-06,0.00012,0.000152,0,0.009121,2.7e-05,0,2.2e-05,0,0.017912,0.00075,0.006035,0,4e-06,0,1.8e-05,0.00325,5.5e-05,0.004367,6.5e-05,0,0,0,0,0.000103,0.000211,1e-06,8e-06,0.000159,7.4e-05,5e-06,4.9e-05,9.5e-05,0.001255,5e-05,0.006741,2e-06,0.000124,0.000476,0.000158,0,8e-06,0.000805,0.000269,1e-06,0.000252,0.000493,4.1e-05,4.6e-05,0.000145,0.000132,2e-06,1e-06,0.00025,0,1e-06,1.4e-05,3e-06,0,0.000152,0,2e-06,0.000151,0.003797,2.4e-05,2e-06,0.051135,0.000185,4.2e-05,5.8e-05,0,2e-06,6.9e-05,0,0.001704,0,0,0,0,6.2e-05,0,9e-06,2e-06,6.6e-05,3e-06,0.000949,0.002739,0.000148,0.000362,4e-06,0.000163,4e-06,1.8e-05,4e-06,0.000105,5.9e-05,0,2.9e-05,2.5e-05,5e-06,2e-06,3.2e-05,0.000125,2e-06,1e-06,0.000217,0.001318,0,0,0.000493,0.007621,0.000166,2.2e-05,0.000233,0.000269,0.000451,0.001255,8e-06,1.1e-05,7e-06,1e-06,4.6e-05,9.1e-05,2.6e-05,0.0013,4e-05,4.8e-05,0,0.000466,2e-06,0.000977,0,0,7.4e-05,0,0,0.000268,1.6e-05,4e-06,9.8e-05,0.000347,5e-06,0,0.000466,1.1e-05,0.001026,1.6e-05,2.9e-05,0.000134,9.6e-05,8.4e-05,0.000957,0,0,0,0,1e-06,0.000762,0.00012,0.000359,0,0.000119,0.00041,1e-06,2e-06,1e-06,3.9e-05,3.7e-05,1e-05,2e-06,0.000386,0,3e-06,0,0.011794,1e-06,0,1.7e-05,5.5e-05,0.008492,0.002039,5.2e-05,0.000506,4.1e-05,2e-06,3e-06,1e-06,0,0,0
"kilimanjaro/moshi/kiruavunjomagharibi",0,0,0,0,0,0,0,0,0,0,0,0,0,0,0,0,0,0,0,0,0,0,0,0,0,0,0,0,0,0,0,0,0,0,0,0,0,0,0,0,0,0,0,0,0,0,0,0,0,0,0,0,0,0,0,0,0,0,0,0,0,0,0,0,0,0,0,0,0,0,0,0,0,0,0,0,0,0,0,0,0,0,0,0,0,0,0,0,0,0,0,0,0,0,0,0,0,0,0,0,0,0,0,0,0,0,0,0,0,0,0,0,0,0,0,0,0,0,0,0,0,0,0,0,0,0,0,0,0,0,0,0,0,0,0,0,0,0,0,0,0,0,0,0,0,0,0,0,0,0,0,0,0,0,0,0,0,0,0,0,0,0,0,0,0,0,0,0,0,0,0,0,0,0,0,0,0,0,0,0,0,0,0,0,0,0,0,0,0,0,0,0,0,0,0,0,0,0,0,0,0,0,0,0,0,0,0,0,0,0,0,0,0,0,0,0,0,0,0,0,0,0,0,0,0,0,0,0,0,0,0,0,0,0,0,0,0,0,0,0,0,0,0,0,0,0,0,0,0,0,0,0,0,0,0,0,0,0,0,0,0,0,0,0,0,0,0,0,0,0,0,0,0,0,0,0,0,0,0,0,0,0,0,0,0,0,0,0,0,0,0,0,0,0,0,0,0,0,0,0,0,0,0,0,0,0,0,0,0,0,0,0,0,0,0,0,0,0,0,0,0,0,0,0,0,0,0,0,0,0,0,0,0,0,0,0,0,0,0,0,0,0,0,0,0,0,0,0,0,0,0,0,0,0,0,0,0,0,0,0,0,0,0,0,0,0,0,0,0,0,0,0,0,0,0,0,0,0,0,0,0,0,0,0,0,0,0,0,0,0,0,0,0,0,0,0,0,0
"kilimanjaro/moshi/kiruavunjomashariki",0,0,0,0,0,0,0,0,0,0,0,0,0,0,0,0,0,0,0,0,0,0,0,0,0,0,0,0,0,0,0,0,0,0,0,0,0,0,0,0,0,0,0,0,0,0,0,0,0,0,0,0,0,0,0,0,0,0,0,0,0,0,0,0,0,0,0,0,0,0,0,0,0,0,0,0,0,0,0,0,0,0,0,0,0,0,0,0,0,0,0,0,0,0,0,0,0,0,0,0,0,0,0,0,0,0,0,0,0,0,0,0,0,0,0,0,0,0,0,0,0,0,0,0,0,0,0,0,0,0,0,0,0,0,0,0,0,0,0,0,0,0,0,0,0,0,0,0,0,0,0,0,0,0,0,0,0,0,0,0,0,0,0,0,0,0,0,0,0,0,0,0,0,0,0,0,0,0,0,0,0,0,0,0,0,0,0,0,0,0,0,0,0,0,0,0,0,0,0,0,0,0,0,0,0,0,0,0,0,0,0,0,0,0,0,0,0,0,0,0,0,0,0,0,0,0,0,0,0,0,0,0,0,0,0,0,0,0,0,0,0,0,0,0,0,0,0,0,0,0,0,0,0,0,0,0,0,0,0,0,0,0,0,0,0,0,0,0,0,0,0,0,0,0,0,0,0,0,0,0,0,0,0,0,0,0,0,0,0,0,0,0,0,0,0,0,0,0,0,0,0,0,0,0,0,0,0,0,0,0,0,0,0,0,0,0,0,0,0,0,0,0,0,0,0,0,0,0,0,0,0,0,0,0,0,0,0,0,0,0,0,0,0,0,0,0,0,0,0,0,0,0,0,0,0,0,0,0,0,0,0,0,0,0,0,0,0,0,0,0,0,0,0,0,0,0,0,0,0,0,0,0,0,0,0,0,0,0,0,0,0,0,0,0,0,0,0,0
"kilimanjaro/rombo/kirwakeni",0,0,0,0,0,0,0,0,0,0,0,0,0,0,0,0,0,0,0,0,0,0,0,0,0,0,0,0,0,0,0,0,0,0,0,0,0,0,0,0,0,0,0,0,0,0,0,0,0,0,0,0,0,0,0,0,0,0,0,0,0,0,0,0,0,0,0,0,0,0,0,0,0,0,0,0,0,0,0,0,0,0,0,0,0,0,0,0,0,0,0,0,0,0,0,0,0,0,0,0,0,0,0,0,0,0,0,0,0,0,0,0,0,0,0,0,0,0,0,0,0,0,0,0,0,0,0,0,0,0,0,0,0,0,0,0,0,0,0,0,0,0,0,0,0,0,0,0,0,0,0,0,0,0,0,0,0,0,0,0,0,0,0,0,0,0,0,0,0,0,0,0,0,0,0,0,0,0,0,0,0,0,0,0,0,0,0,0,0,0,0,0,0,0,0,0,0,0,0,0,0,0,0,0,0,0,0,0,0,0,0,0,0,0,0,0,0,0,0,0,0,0,0,0,0,0,0,0,0,0,0,0,0,0,0,0,0,0,0,0,0,0,0,0,0,0,0,0,0,0,0,0,0,0,0,0,0,0,0,0,0,0,0,0,0,0,0,0,0,0,0,0,0,0,0,0,0,0,0,0,0,0,0,0,0,0,0,0,0,0,0,0,0,0,0,0,0,0,0,0,0,0,0,0,0,0,0,0,0,0,0,0,0,0,0,0,0,0,0,0,0,0,0,0,0,0,0,0,0,0,0,0,0,0,0,0,0,0,0,0,0,0,0,0,0,0,0,0,0,0,0,0,0,0,0,0,0,0,0,0,0,0,0,0,0,0,0,0,0,0,0,0,0,0,0,0,0,0,0,0,0,0,0,0,0,0,0,0,0,0,0,0,0,0,0,0,0,0
"kilimanjaro/mwanga/kirya",0,0,0,0,0,0,0,0,0,0,0,0,0,0,0,0,0,0,0,0,0,0,0,0,0,0,0,0,0,0,0,0,0,0,0,0,0,0,0,0,0,0,0,0,0,0,0,0,0,0,0,0,0,0,0,0,0,0,0,0,0,0,0,0,0,0,0,0,0,0,0,0,0,0,0,0,0,0,0,0,0,0,0,0,0,0,0,0,0,0,0,0,0,0,0,0,0,0,0,0,0,0,0,0,0,0,0,0,0,0,0,0,0,0,0,0,0,0,0,0,0,0,0,0,0,0,0,0,0,0,0,0,0,0,0,0,0,0,0,0,0,0,0,0,0,0,0,0,0,0,0,0,0,0,0,0,0,0,0,0,0,0,0,0,0,0,0,0,0,0,0,0,0,0,0,0,0,0,0,0,0,0,0,0,0,0,0,0,0,0,0,0,0,0,0,0,0,0,0,0,0,0,0,0,0,0,0,0,0,0,0,0,0,0,0,0,0,0,0,0,0,0,0,0,0,0,0,0,0,0,0,0,0,0,0,0,0,0,0,0,0,0,0,0,0,0,0,0,0,0,0,0,0,0,0,0,0,0,0,0,0,0,0,0,0,0,0,0,0,0,0,0,0,0,0,0,0,0,0,0,0,0,0,0,0,0,0,0,0,0,0,0,0,0,0,0,0,0,0,0,0,0,0,0,0,0,0,0,0,0,0,0,0,0,0,0,0,0,0,0,0,0,0,0,0,0,0,0,0,0,0,0,0,0,0,0,0,0,0,0,0,0,0,0,0,0,0,0,0,0,0,0,0,0,0,0,0,0,0,0,0,0,0,0,0,0,0,0,0,0,0,0,0,0,0,0,0,0,0,0,0,0,0,0,0,0,0,0,0,0,0,0,0,0,0,0,0,0
"kilimanjaro/rombo/kisalemsaranga",0,0,0,0,0,0,0,0,0,0,0,0,0,0,0,0,0,0,0,0,0,0,0,0,0,0,0,0,0,0,0,0,0,0,0,0,0,0,0,0,0,0,0,0,0,0,0,0,0,0,0,0,0,0,0,0,0,0,0,0,0,0,0,0,0,0,0,0,0,0,0,0,0,0,0,0,0,0,0,0,0,0,0,0,0,0,0,0,0,0,0,0,0,0,0,0,0,0,0,0,0,0,0,0,0,0,0,0,0,0,0,0,0,0,0,0,0,0,0,0,0,0,0,0,0,0,0,0,0,0,0,0,0,0,0,0,0,0,0,0,0,0,0,0,0,0,0,0,0,0,0,0,0,0,0,0,0,0,0,0,0,0,0,0,0,0,0,0,0,0,0,0,0,0,0,0,0,0,0,0,0,0,0,0,0,0,0,0,0,0,0,0,0,0,0,0,0,0,0,0,0,0,0,0,0,0,0,0,0,0,0,0,0,0,0,0,0,0,0,0,0,0,0,0,0,0,0,0,0,0,0,0,0,0,0,0,0,0,0,0,0,0,0,0,0,0,0,0,0,0,0,0,0,0,0,0,0,0,0,0,0,0,0,0,0,0,0,0,0,0,0,0,0,0,0,0,0,0,0,0,0,0,0,0,0,0,0,0,0,0,0,0,0,0,0,0,0,0,0,0,0,0,0,0,0,0,0,0,0,0,0,0,0,0,0,0,0,0,0,0,0,0,0,0,0,0,0,0,0,0,0,0,0,0,0,0,0,0,0,0,0,0,0,0,0,0,0,0,0,0,0,0,0,0,0,0,0,0,0,0,0,0,0,0,0,0,0,0,0,0,0,0,0,0,0,0,0,0,0,0,0,0,0,0,0,0,0,0,0,0,0,0,0,0,0,0,0,0
"kilimanjaro/same/kisima",0,0,0,0,0,0,0,0,0,0,0,0,0,0,0,0,0,0,0,0,0,0,0,0,0,0,0,0,0,0,0,0,0,0,0,0,0,0,0,0,0,0,0,0,0,0,0,0,0,0,0,0,0,0,0,0,0,0,0,0,0,0,0,0,0,0,0,0,0,0,0,0,0,0,0,0,0,0,0,0,0,0,0,0,0,0,0,0,0,0,0,0,0,0,0,0,0,0,0,0,0,0,0,0,0,0,0,0,0,0,0,0,0,0,0,0,0,0,0,0,0,0,0,0,0,0,0,0,0,0,0,0,0,0,0,0,0,0,0,0,0,0,0,0,0,0,0,0,0,0,0,0,0,0,0,0,0,0,0,0,0,0,0,0,0,0,0,0,0,0,0,0,0,0,0,0,0,0,0,0,0,0,0,0,0,0,0,0,0,0,0,0,0,0,0,0,0,0,0,0,0,0,0,0,0,0,0,0,0,0,0,0,0,0,0,0,0,0,0,0,0,0,0,0,0,0,0,0,0,0,0,0,0,0,0,0,0,0,0,0,0,0,0,0,0,0,0,0,0,0,0,0,0,0,0,0,0,0,0,0,0,0,0,0,0,0,0,0,0,0,0,0,0,0,0,0,0,0,0,0,0,0,0,0,0,0,0,0,0,0,0,0,0,0,0,0,0,0,0,0,0,0,0,0,0,0,0,0,0,0,0,0,0,0,0,0,0,0,0,0,0,0,0,0,0,0,0,0,0,0,0,0,0,0,0,0,0,0,0,0,0,0,0,0,0,0,0,0,0,0,0,0,0,0,0,0,0,0,0,0,0,0,0,0,0,0,0,0,0,0,0,0,0,0,0,0,0,0,0,0,0,0,0,0,0,0,0,0,0,0,0,0,0,0,0,0,0,0
"kilimanjaro/same/kisiwani",0,0,0,0,0,0,0,0,0,0,0,0,0,0,0,0,0,0,0,0,0,0,0,0,0,0,0,0,0,0,0,0,0,0,0,0,0,0,0,0,0,0,0,0,0,0,0,0,0,0,0,0,0,0,0,0,0,0,0,0,0,0,0,0,0,0,0,0,0,0,0,0,0,0,0,0,0,0,0,0,0,0,0,0,0,0,0,0,0,0,0,0,0,0,0,0,0,0,0,0,0,0,0,0,0,0,0,0,0,0,0,0,0,0,0,0,0,0,0,0,0,0,0,0,0,0,0,0,0,0,0,0,0,0,0,0,0,0,0,0,0,0,0,0,0,0,0,0,0,0,0,0,0,0,0,0,0,0,0,0,0,0,0,0,0,0,0,0,0,0,0,0,0,0,0,0,0,0,0,0,0,0,0,0,0,0,0,0,0,0,0,0,0,0,0,0,0,0,0,0,0,0,0,0,0,0,0,0,0,0,0,0,0,0,0,0,0,0,0,0,0,0,0,0,0,0,0,0,0,0,0,0,0,0,0,0,0,0,0,0,0,0,0,0,0,0,0,0,0,0,0,0,0,0,0,0,0,0,0,0,0,0,0,0,0,0,0,0,0,0,0,0,0,0,0,0,0,0,0,0,0,0,0,0,0,0,0,0,0,0,0,0,0,0,0,0,0,0,0,0,0,0,0,0,0,0,0,0,0,0,0,0,0,0,0,0,0,0,0,0,0,0,0,0,0,0,0,0,0,0,0,0,0,0,0,0,0,0,0,0,0,0,0,0,0,0,0,0,0,0,0,0,0,0,0,0,0,0,0,0,0,0,0,0,0,0,0,0,0,0,0,0,0,0,0,0,0,0,0,0,0,0,0,0,0,0,0,0,0,0,0,0,0,0,0,0,0,0
"arusha/arusha/kisongo",0,0,0,0,0,0,0,0,0,0,0,0,0,0,0,0,0,0,0,0,0,0,0,0,0,0,0,0,0,0,0,0,0,0,0,0,0,0,0,0,0,0,0,0,0,0,0,0,0,0,0,0,0,0,0,0,0,0,0,0,0,0,0,0,0,0,0,0,0,0,0,0,0,0,0,0,0,0,0,0,0,0,0,0,0,0,0,0,0,0,0,0,0,0,0,0,0,0,0,0,0,0,0,0,0,0,0,0,0,0,0,0,0,0,0,0,0,0,0,0,0,0,0,0,0,0,0,0,0,0,0,0,0,0,0,0,0,0,0,0,0,0,0,0,0,0,0,0,0,0,0,0,0,0,0,0,0,0,0,0,0,0,0,0,0,0,0,0,0,0,0,0,0,0,0,0,0,0,0,0,0,0,0,0,0,0,0,0,0,0,0,0,0,0,0,0,0,0,0,0,0,0,0,0,0,0,0,0,0,0,0,0,0,0,0,0,0,0,0,0,0,0,0,0,0,0,0,0,0,0,0,0,0,0,0,0,0,0,0,0,0,0,0,0,0,0,0,0,0,0,0,0,0,0,0,0,0,0,0,0,0,0,0,0,0,0,0,0,0,0,0,0,0,0,0,0,0,0,0,0,0,0,0,0,0,0,0,0,0,0,0,0,0,0,0,0,0,0,0,0,0,0,0,0,0,0,0,0,0,0,0,0,0,0,0,0,0,0,0,0,0,0,0,0,0,0,0,0,0,0,0,0,0,0,0,0,0,0,0,0,0,0,0,0,0,0,0,0,0,0,0,0,0,0,0,0,0,0,0,0,0,0,0,0,0,0,0,0,0,0,0,0,0,0,0,0,0,0,0,0,0,0,0,0,0,0,0,0,0,0,0,0,0,0,0,0,0,0
"kilimanjaro/rombo/kitirimakingachi",0,0,0,0,0,0,0,0,0,0,0,0,0,0,0,0,0,0,0,0,0,0,0,0,0,0,0,0,0,0,0,0,0,0,0,0,0,0,0,0,0,0,0,0,0,0,0,0,0,0,0,0,0,0,0,0,0,0,0,0,0,0,0,0,0,0,0,0,0,0,0,0,0,0,0,0,0,0,0,0,0,0,0,0,0,0,0,0,0,0,0,0,0,0,0,0,0,0,0,0,0,0,0,0,0,0,0,0,0,0,0,0,0,0,0,0,0,0,0,0,0,0,0,0,0,0,0,0,0,0,0,0,0,0,0,0,0,0,0,0,0,0,0,0,0,0,0,0,0,0,0,0,0,0,0,0,0,0,0,0,0,0,0,0,0,0,0,0,0,0,0,0,0,0,0,0,0,0,0,0,0,0,0,0,0,0,0,0,0,0,0,0,0,0,0,0,0,0,0,0,0,0,0,0,0,0,0,0,0,0,0,0,0,0,0,0,0,0,0,0,0,0,0,0,0,0,0,0,0,0,0,0,0,0,0,0,0,0,0,0,0,0,0,0,0,0,0,0,0,0,0,0,0,0,0,0,0,0,0,0,0,0,0,0,0,0,0,0,0,0,0,0,0,0,0,0,0,0,0,0,0,0,0,0,0,0,0,0,0,0,0,0,0,0,0,0,0,0,0,0,0,0,0,0,0,0,0,0,0,0,0,0,0,0,0,0,0,0,0,0,0,0,0,0,0,0,0,0,0,0,0,0,0,0,0,0,0,0,0,0,0,0,0,0,0,0,0,0,0,0,0,0,0,0,0,0,0,0,0,0,0,0,0,0,0,0,0,0,0,0,0,0,0,0,0,0,0,0,0,0,0,0,0,0,0,0,0,0,0,0,0,0,0,0,0,0,0,0
"arusha/longido/kitumbeine",0,0,0,0,0,0,0,0,0,0,0,0,0,0,0,0,0,0,0,0,0,0,0,0,0,0,0,0,0,0,0,0,0,0,0,0,0,0,0,0,0,0,0,0,0,0,0,0,0,0,0,0,0,0,0,0,0,0,0,0,0,0,0,0,0,0,0,0,0,0,0,0,0,0,0,0,0,0,0,0,0,0,0,0,0,0,0,0,0,0,0,0,0,0,0,0,0,0,0,0,0,0,0,0,0,0,0,0,0,0,0,0,0,0,0,0,0,0,0,0,0,0,0,0,0,0,0,0,0,0,0,0,0,0,0,0,0,0,0,0,0,0,0,0,0,0,0,0,0,0,0,0,0,0,0,0,0,0,0,0,0,0,0,0,0,0,0,0,0,0,0,0,0,0,0,0,0,0,0,0,0,0,0,0,0,0,0,0,0,0,0,0,0,0,0,0,0,0,0,0,0,0,0,0,0,0,0,0,0,0,0,0,0,0,0,0,0,0,0,0,0,0,0,0,0,0,0,0,0,0,0,0,0,0,0,0,0,0,0,0,0,0,0,0,0,0,0,0,0,0,0,0,0,0,0,0,0,0,0,0,0,0,0,0,0,0,0,0,0,0,0,0,0,0,0,0,0,0,0,0,0,0,0,0,0,0,0,0,0,0,0,0,0,0,0,0,0,0,0,0,0,0,0,0,0,0,0,0,0,0,0,0,0,0,0,0,0,0,0,0,0,0,0,0,0,0,0,0,0,0,0,0,0,0,0,0,0,0,0,0,0,0,0,0,0,0,0,0,0,0,0,0,0,0,0,0,0,0,0,0,0,0,0,0,0,0,0,0,0,0,0,0,0,0,0,0,0,0,0,0,0,0,0,0,0,0,0,0,0,0,0,0,0,0,0,0,0,0
"manyara/simanjiro/kitwai",0,0,0,0,0,0,0,0,0,0,0,0,0,0,0,0,0,0,0,0,0,0,0,0,0,0,0,0,0,0,0,0,0,0,0,0,0,0,0,0,0,0,0,0,0,0,0,0,0,0,0,0,0,0,0,0,0,0,0,0,0,0,0,0,0,0,0,0,0,0,0,0,0,0,0,0,0,0,0,0,0,0,0,0,0,0,0,0,0,0,0,0,0,0,0,0,0,0,0,0,0,0,0,0,0,0,0,0,0,0,0,0,0,0,0,0,0,0,0,0,0,0,0,0,0,0,0,0,0,0,0,0,0,0,0,0,0,0,0,0,0,0,0,0,0,0,0,0,0,0,0,0,0,0,0,0,0,0,0,0,0,0,0,0,0,0,0,0,0,0,0,0,0,0,0,0,0,0,0,0,0,0,0,0,0,0,0,0,0,0,0,0,0,0,0,0,0,0,0,0,0,0,0,0,0,0,0,0,0,0,0,0,0,0,0,0,0,0,0,0,0,0,0,0,0,0,0,0,0,0,0,0,0,0,0,0,0,0,0,0,0,0,0,0,0,0,0,0,0,0,0,0,0,0,0,0,0,0,0,0,0,0,0,0,0,0,0,0,0,0,0,0,0,0,0,0,0,0,0,0,0,0,0,0,0,0,0,0,0,0,0,0,0,0,0,0,0,0,0,0,0,0,0,0,0,0,0,0,0,0,0,0,0,0,0,0,0,0,0,0,0,0,0,0,0,0,0,0,0,0,0,0,0,0,0,0,0,0,0,0,0,0,0,0,0,0,0,0,0,0,0,0,0,0,0,0,0,0,0,0,0,0,0,0,0,0,0,0,0,0,0,0,0,0,0,0,0,0,0,0,0,0,0,0,0,0,0,0,0,0,0,0,0,0,0,0,0,0
"kilimanjaro/moshimunicipal/kiusa",2e-06,0,2e-06,0,0,0.000178,0,0,0,1e-06,0,0,2e-06,2.1e-05,0,0,0,0,0,0,0,6e-06,0,8.4e-05,0,8.4e-05,0,0,0,0,1.2e-05,0,0,0,0,0,2e-06,0,0,1e-06,0,0,1e-06,0,0,0,0,0.000357,8e-06,0,0,0,0,0,0,0,1e-06,0,3e-06,4e-06,1e-06,1e-06,5e-06,0,0,1.2e-05,2e-06,0,0,1e-06,0,0,2e-06,0,0,1e-06,0,0,0,0,0,0,0,0,0,0,0.001155,0,0,9e-06,0,0,0.000629,1.1e-05,0,0,3.4e-05,0,0.00058,0.000123,0,0,3e-06,3e-06,0.000336,0.000117,0,0.002111,7e-06,1e-06,2.6e-05,0.000212,0,0,4e-06,2e-06,0.000229,0,0.006567,7.6e-05,3.5e-05,0.001706,1e-06,3e-06,0,1e-06,1e-06,0.000277,1.4e-05,6e-06,5e-06,0.000109,0.000145,0.001232,0,1.1e-05,1e-06,0.000313,4.2e-05,0.000926,2.3e-05,0,3e-06,8.2e-05,3e-06,3.6e-05,0,0.000622,0.000491,0.000123,2e-06,0,2e-06,0,8e-06,4.9e-05,4e-06,0,0,0,1.4e-05,8e-06,7.2e-05,1e-06,0,0,1.6e-05,7e-06,1.9e-05,4e-06,0,4e-06,0.000269,3e-06,7e-06,1e-06,6e-06,0,0.002914,1e-06,0,0,7e-06,9e-05,0.001325,0.134757,1e-06,4e-06,0.001259,0.00021,0.000173,0,0,0,1e-06,0,2e-06,0,0.006851,0,9.4e-05,0,4e-06,1e-06,0.000215,7e-06,0.001505,2e-06,1e-06,4e-06,4e-06,0,0.000308,1e-06,0,1e-06,0,0.00096,3.2e-05,0.000175,0,0,0,3e-06,0.000697,1e-05,0.000769,1.3e-05,0,0,0,0,9e-06,2.3e-05,0,2.8e-05,1.7e-05,9e-06,1e-06,2e-06,1.1e-05,0.000126,6.1e-05,0.000357,0,0.000112,0.00027,1.9e-05,0,1e-06,9.3e-05,2.8e-05,0,2.9e-05,4.8e-05,3e-06,2e-06,6e-06,4.1e-05,0,0,2e-05,0,0,1e-06,0,0,1.7e-05,0,0,1.7e-05,0.000163,1e-06,0,0.001323,6e-06,3e-06,5e-06,0,0,7e-06,0,0.000167,0,0,0,0,5e-06,0,1e-06,0,8e-06,0,0.000112,0.000472,2e-05,4.5e-05,0,1.1e-05,0,1e-06,0,0.00017,3e-06,0,3e-06,3e-06,1e-06,0,5e-06,1.4e-05,0,0,1.6e-05,0.00011,0,0,5.8e-05,0.000463,1.8e-05,2e-06,2.6e-05,4.7e-05,4.8e-05,0.000144,1e-06,1e-06,1e-06,0,5e-06,1.1e-05,3e-06,0.000136,3e-06,4e-06,0,0.000353,0,0.000121,0,0,5.4e-05,0,0,1.7e-05,1e-06,0,1.1e-05,2e-05,0,0,7e-05,1e-06,0.000119,2e-06,3e-06,1.3e-05,4e-06,4e-06,0.000954,0,0,0,0,0,9e-05,1.4e-05,4.1e-05,0,1.5e-05,0.000979,0,0,0,3e-06,4e-06,1e-06,0,4.2e-05,0,0,0,0.000774,0,0,2e-06,7e-06,0.002868,0.000264,6e-06,6.4e-05,2e-06,0,0,0,0,0,0
"kilimanjaro/mwanga/kivisini",0,0,0,0,0,0,0,0,0,0,0,0,0,0,0,0,0,0,0,0,0,0,0,0,0,0,0,0,0,0,0,0,0,0,0,0,0,0,0,0,0,0,0,0,0,0,0,0,0,0,0,0,0,0,0,0,0,0,0,0,0,0,0,0,0,0,0,0,0,0,0,0,0,0,0,0,0,0,0,0,0,0,0,0,0,0,0,0,0,0,0,0,0,0,0,0,0,0,0,0,0,0,0,0,0,0,0,0,0,0,0,0,0,0,0,0,0,0,0,0,0,0,0,0,0,0,0,0,0,0,0,0,0,0,0,0,0,0,0,0,0,0,0,0,0,0,0,0,0,0,0,0,0,0,0,0,0,0,0,0,0,0,0,0,0,0,0,0,0,0,0,0,0,0,0,0,0,0,0,0,0,0,0,0,0,0,0,0,0,0,0,0,0,0,0,0,0,0,0,0,0,0,0,0,0,0,0,0,0,0,0,0,0,0,0,0,0,0,0,0,0,0,0,0,0,0,0,0,0,0,0,0,0,0,0,0,0,0,0,0,0,0,0,0,0,0,0,0,0,0,0,0,0,0,0,0,0,0,0,0,0,0,0,0,0,0,0,0,0,0,0,0,0,0,0,0,0,0,0,0,0,0,0,0,0,0,0,0,0,0,0,0,0,0,0,0,0,0,0,0,0,0,0,0,0,0,0,0,0,0,0,0,0,0,0,0,0,0,0,0,0,0,0,0,0,0,0,0,0,0,0,0,0,0,0,0,0,0,0,0,0,0,0,0,0,0,0,0,0,0,0,0,0,0,0,0,0,0,0,0,0,0,0,0,0,0,0,0,0,0,0,0,0,0,0,0,0,0,0,0,0,0,0,0,0,0,0,0,0,0,0,0,0,0,0,0,0,0
"manyara/simanjiro/komolo",0.000351,1.3e-05,1.8e-05,8.2e-05,4e-06,0.001499,1e-06,2e-06,4e-06,0.001167,1.7e-05,2e-06,0.000221,0.003905,7.9e-05,6e-06,4e-06,1.8e-05,3e-06,9e-06,1.2e-05,0.000183,4e-06,2.3e-05,1.2e-05,7e-06,8e-06,5e-06,2e-06,1.8e-05,0.002727,1.1e-05,8e-06,1.5e-05,2.2e-05,7e-06,0.000371,0.00018,1.3e-05,9.5e-05,3e-06,2e-06,0.000395,0.000108,6.7e-05,4e-06,3.9e-05,0.078078,0.03216,8e-06,4e-06,5e-06,7e-06,3e-06,0.00014,2e-06,9.7e-05,2.4e-05,0.001336,0.001696,0.00021,0.00048,0.00055,3.2e-05,0,0.00307,0.000686,2e-06,0.000122,0.002411,4e-06,0,3.6e-05,6e-05,9e-06,0.000286,3.1e-05,1e-06,1e-06,2e-06,1e-06,1.7e-05,2e-06,3e-06,6e-06,3e-06,0.010327,2e-06,7e-05,0.002443,1e-06,2e-06,0.005598,0.001405,1.7e-05,0.000206,0.000436,8e-06,0.004098,0.000862,3e-06,3e-06,0.000364,0.000535,0.000117,0.002318,4e-06,0.000765,0.000269,0.000763,0.000305,0.001458,6.5e-05,1.3e-05,2.3e-05,1.7e-05,0.004439,9e-06,0.003896,3e-04,0.000173,0.005731,2.1e-05,8.6e-05,8e-06,0.000156,0.000451,0.020377,0.001951,2.1e-05,1.8e-05,0.000708,0.001592,0.000169,7e-06,0.002072,9.3e-05,0.000438,0.003106,0.001179,0.000728,1e-05,0.00065,0.000105,2.7e-05,0.001193,9e-06,0.001666,0.001225,0.000417,1.5e-05,2.7e-05,2.2e-05,2.5e-05,0.000664,0.017233,5.7e-05,4.9e-05,0.000116,0.058852,0.00022,0,1.1e-05,5.8e-05,2e-06,2e-06,0.000432,0.000304,0.00464,0.000158,0.000137,0.002814,0.056589,0.000961,1e-04,0.003725,0.016695,9e-06,0.001176,0.000292,6e-06,1.6e-05,0.001465,0.000229,0.006599,0.147446,1.1e-05,2.3e-05,0.003734,0.001097,0.000387,3.4e-05,9.2e-05,4e-06,0.0011,1.6e-05,1.8e-05,6e-06,0.001381,4e-06,0.006513,0.000425,0.000938,4.2e-05,0.001352,0.000168,0.010496,0.002402,0.000186,2.3e-05,2.1e-05,4.1e-05,0.002811,8e-06,2e-06,0.000156,2e-06,0.010362,0.000126,0.000797,3e-06,3.9e-05,3e-06,2.7e-05,0.005122,9.9e-05,0.005648,7.4e-05,1.3e-05,2e-06,2e-06,4e-06,0.001262,0.00904,5e-05,2e-06,2.7e-05,0.002367,0.000271,1.4e-05,0.001314,0.071532,1.1e-05,0.029691,1e-05,2.2e-05,7.6e-05,0.003895,3e-06,0.00057,0.018175,0.008753,3.1e-05,0.00627,0.000582,0.000364,1.9e-05,0.000119,1.8e-05,1.3e-05,9e-06,0.000881,1.1e-05,1e-05,0.000908,3e-05,5e-06,0.004757,4e-06,0.000241,0.003578,0.003641,1.8e-05,1.6e-05,0.008402,4.1e-05,0.000391,0.010586,5e-06,4.7e-05,0.000485,5e-06,0.01171,1.1e-05,1.2e-05,1.1e-05,1e-06,4e-05,5e-06,2.2e-05,0.000107,0.000176,2.9e-05,0.024184,0.000298,0.000398,0.0043,1e-04,0.001311,0.000125,7e-06,7e-06,2.1e-05,0.000291,1.6e-05,0.003473,0.000447,5.6e-05,3.4e-05,2.1e-05,0.005875,8.1e-05,3.8e-05,1.8e-05,0.000174,3e-06,9e-06,0.007472,0.003889,0.01631,0.004039,0.004409,0.000741,0.001399,0.037755,0.000197,0.000256,0.000173,2.1e-05,0.00116,0.001851,0.00064,0.015816,0.000599,0.003299,1.7e-05,0.000112,3.3e-05,0.014242,5.5e-05,4e-06,1.7e-05,5e-06,7e-06,0.003173,0.000288,5.9e-05,0.001582,0.00202,7.9e-05,2e-06,0.001415,0.000178,0.023871,0.000823,0.001462,0.011534,0.000109,2.9e-05,0.000327,5e-06,3e-06,6e-06,2e-06,1.4e-05,0.014952,0.005135,0.010275,1.4e-05,0.001321,0.000121,6e-06,1.5e-05,3.2e-05,3e-05,0.001585,0.011921,4e-05,0.002843,2e-06,8e-06,3e-06,0.007445,2.6e-05,2e-06,0.000436,2e-05,0.002696,0.000452,1.4e-05,0.007016,1.4e-05,1.4e-05,2.5e-05,5e-06,5e-06,3e-06,2e-06
"kilimanjaro/moshimunicipal/korongoni",0,0,0,0,0,0,0,0,0,0,0,0,0,0,0,0,0,0,0,0,0,0,0,0,0,0,0,0,0,0,0,0,0,0,0,0,0,0,0,0,0,0,0,0,0,0,0,0,0,0,0,0,0,0,0,0,0,0,0,0,0,0,0,0,0,0,0,0,0,0,0,0,0,0,0,0,0,0,0,0,0,0,0,0,0,0,0,0,0,0,0,0,0,0,0,0,0,0,0,0,0,0,0,0,0,0,0,0,0,0,0,0,0,0,0,0,0,0,0,0,0,0,0,0,0,0,0,0,0,0,0,0,0,0,0,0,0,0,0,0,0,0,0,0,0,0,0,0,0,0,0,0,0,0,0,0,0,0,0,0,0,0,0,0,0,0,0,0,0,0,0,0,0,0,0,0,0,0,0,0,0,0,0,0,0,0,0,0,0,0,0,0,0,0,0,0,0,0,0,0,0,0,0,0,0,0,0,0,0,0,0,0,0,0,0,0,0,0,0,0,0,0,0,0,0,0,0,0,0,0,0,0,0,0,0,0,0,0,0,0,0,0,0,0,0,0,0,0,0,0,0,0,0,0,0,0,0,0,0,0,0,0,0,0,0,0,0,0,0,0,0,0,0,0,0,0,0,0,0,0,0,0,0,0,0,0,0,0,0,0,0,0,0,0,0,0,0,0,0,0,0,0,0,0,0,0,0,0,0,0,0,0,0,0,0,0,0,0,0,0,0,0,0,0,0,0,0,0,0,0,0,0,0,0,0,0,0,0,0,0,0,0,0,0,0,0,0,0,0,0,0,0,0,0,0,0,0,0,0,0,0,0,0,0,0,0,0,0,0,0,0,0,0,0,0,0,0,0,0,0,0,0,0,0,0,0,0,0,0,0,0,0,0,0,0,0,0,0
"kilimanjaro/mwanga/kwakoa",0,0,0,0,0,0,0,0,0,0,0,0,0,0,0,0,0,0,0,0,0,0,0,0,0,0,0,0,0,0,0,0,0,0,0,0,0,0,0,0,0,0,0,0,0,0,0,0,0,0,0,0,0,0,0,0,0,0,0,0,0,0,0,0,0,0,0,0,0,0,0,0,0,0,0,0,0,0,0,0,0,0,0,0,0,0,0,0,0,0,0,0,0,0,0,0,0,0,0,0,0,0,0,0,0,0,0,0,0,0,0,0,0,0,0,0,0,0,0,0,0,0,0,0,0,0,0,0,0,0,0,0,0,0,0,0,0,0,0,0,0,0,0,0,0,0,0,0,0,0,0,0,0,0,0,0,0,0,0,0,0,0,0,0,0,0,0,0,0,0,0,0,0,0,0,0,0,0,0,0,0,0,0,0,0,0,0,0,0,0,0,0,0,0,0,0,0,0,0,0,0,0,0,0,0,0,0,0,0,0,0,0,0,0,0,0,0,0,0,0,0,0,0,0,0,0,0,0,0,0,0,0,0,0,0,0,0,0,0,0,0,0,0,0,0,0,0,0,0,0,0,0,0,0,0,0,0,0,0,0,0,0,0,0,0,0,0,0,0,0,0,0,0,0,0,0,0,0,0,0,0,0,0,0,0,0,0,0,0,0,0,0,0,0,0,0,0,0,0,0,0,0,0,0,0,0,0,0,0,0,0,0,0,0,0,0,0,0,0,0,0,0,0,0,0,0,0,0,0,0,0,0,0,0,0,0,0,0,0,0,0,0,0,0,0,0,0,0,0,0,0,0,0,0,0,0,0,0,0,0,0,0,0,0,0,0,0,0,0,0,0,0,0,0,0,0,0,0,0,0,0,0,0,0,0,0,0,0,0,0,0,0,0,0,0,0,0,0
"manyara/hanang/laghanga",1.6e-05,8e-06,2e-06,6.3e-05,1.7e-05,8.4e-05,3e-06,4e-06,1.1e-05,0.001688,3.8e-05,8.6e-05,1.2e-05,0.000177,0.000416,1e-05,3.2e-05,0.000227,0.000248,0.0027,2e-06,1.3e-05,1e-05,2e-06,2e-06,1e-06,1.6e-05,5e-06,1e-06,3e-06,6e-05,7e-06,1e-06,1e-06,2.5e-05,0.000107,1.7e-05,0.001175,2.4e-05,5.5e-05,3.3e-05,3.5e-05,0.000228,0.000953,4.7e-05,1.7e-05,8e-06,0.004099,0.000674,9e-06,1e-05,7e-06,5e-06,5.3e-05,0.001239,1.9e-05,2e-06,7e-06,7.9e-05,0.002595,5.7e-05,0.000148,7.8e-05,1.9e-05,0,0.000116,5.7e-05,2.3e-05,3.8e-05,0.000652,3e-06,1.3e-05,3e-06,8.3e-05,0.001969,1e-04,1.1e-05,6.9e-05,0.000225,8.9e-05,9e-06,7.5e-05,2.9e-05,3.7e-05,0.000128,7e-06,0.00059,7.1e-05,0.002782,0.000371,1.6e-05,0.000198,0.000612,8.9e-05,5e-06,0.000492,3.6e-05,1e-06,0.000275,6.9e-05,7e-06,7e-06,7e-05,2.6e-05,8e-06,0.000361,6e-06,5.5e-05,2.1e-05,0.000497,2.5e-05,0.000178,0.002123,1e-06,3e-06,2e-06,0.000208,4e-06,0.000311,2.9e-05,1.5e-05,0.000547,2e-06,7e-06,1e-06,2.9e-05,0.000153,0.00097,6.4e-05,2e-06,2e-06,6.5e-05,0.000133,1.3e-05,1e-06,9.6e-05,5e-06,3.7e-05,0.000682,8.9e-05,3.9e-05,2e-06,3.4e-05,8e-06,4e-06,0.000108,2.1e-05,0.000138,0.000114,3.8e-05,2e-06,2e-06,3e-06,2e-06,0.000109,0.001029,8e-06,1.1e-05,1.5e-05,0.004485,2e-05,0.000381,1e-06,5e-06,0,6.7e-05,2.6e-05,2e-05,0.00019,1.1e-05,5.5e-05,0.000379,0.002851,5.2e-05,9e-06,0.000148,0.000818,2e-06,8.9e-05,7.8e-05,1e-06,1.1e-05,0.000211,1.5e-05,0.000564,0.010753,1e-06,2e-06,0.000285,8.5e-05,2.3e-05,2e-04,7.8e-05,9e-05,0.000544,1e-05,2e-06,9e-06,0.000105,2e-06,0.000319,5.7e-05,0.000112,1e-06,0.000158,1.1e-05,0.001009,0.000356,0.000131,2e-06,2e-06,1.1e-05,0.000332,1e-06,4e-06,2.9e-05,4e-06,0.001474,1.3e-05,8.1e-05,7.7e-05,1e-06,1.9e-05,2e-06,0.000335,8e-06,0.00048,4e-06,3.6e-05,2.6e-05,1.2e-05,1.7e-05,0.000461,0.000379,3.6e-05,0,2e-06,5.8e-05,0.000103,2e-06,3.4e-05,0.003818,1e-06,0.002518,1e-06,2e-06,6e-06,0.000139,0.000154,1.7e-05,0.000933,0.001062,3e-06,0.000252,7.8e-05,5.6e-05,2e-06,1e-05,1e-06,2e-06,1e-06,3.8e-05,2e-06,2e-06,0.000362,8e-06,1.4e-05,0.000327,4e-06,9e-05,0.000274,0.000264,2e-06,2e-06,0.000881,5e-06,6.6e-05,0.000155,8e-06,2.3e-05,1.5e-05,2e-06,0.002714,2.9e-05,5e-06,1.5e-05,2.3e-05,5e-06,6.4e-05,2e-06,2.2e-05,2.1e-05,5e-06,0.000729,2.3e-05,4e-05,0.00033,5e-06,5.5e-05,0.000123,1e-06,1e-06,2e-06,2.4e-05,6e-06,0.001188,2.1e-05,3e-06,2e-06,2e-06,0.000277,7.3e-05,2.2e-05,1e-06,1.5e-05,3e-06,5e-06,0.00067,0.000509,0.000379,4.4e-05,0.000337,4.5e-05,0.000209,0.002328,0.000143,0.00017,8e-06,1.6e-05,6.4e-05,9.7e-05,4e-05,0.002829,0.000373,0.000177,7e-06,8e-06,1.6e-05,0.000664,1.9e-05,3e-06,1e-06,3e-06,2.5e-05,0.000244,4.9e-05,3.5e-05,0.000109,0.000179,4.8e-05,4e-06,0.00011,8e-06,0.00116,0.000182,0.00012,0.000138,9e-06,4e-06,2.3e-05,1.3e-05,2e-05,1.1e-05,1.1e-05,1e-05,0.000757,0.000215,0.000478,9e-06,7.7e-05,9e-06,1e-06,2e-06,1.5e-05,4e-06,5e-05,5e-05,2e-06,0.00042,8e-06,1e-06,1.9e-05,0.001027,0.000767,3e-06,2e-05,2e-06,0.000219,4.1e-05,1e-06,0.000297,2e-06,2e-06,4e-06,1e-06,1e-06,1.7e-05,1.4e-05
"manyara/hanang/lalaji",0,0,0,0,0,0,0,0,0,0,0,0,0,0,0,0,0,0,0,0,0,0,0,0,0,0,0,0,0,0,0,0,0,0,0,0,0,0,0,0,0,0,0,0,0,0,0,0,0,0,0,0,0,0,0,0,0,0,0,0,0,0,0,0,0,0,0,0,0,0,0,0,0,0,0,0,0,0,0,0,0,0,0,0,0,0,0,0,0,0,0,0,0,0,0,0,0,0,0,0,0,0,0,0,0,0,0,0,0,0,0,0,0,0,0,0,0,0,0,0,0,0,0,0,0,0,0,0,0,0,0,0,0,0,0,0,0,0,0,0,0,0,0,0,0,0,0,0,0,0,0,0,0,0,0,0,0,0,0,0,0,0,0,0,0,0,0,0,0,0,0,0,0,0,0,0,0,0,0,0,0,0,0,0,0,0,0,0,0,0,0,0,0,0,0,0,0,0,0,0,0,0,0,0,0,0,0,0,0,0,0,0,0,0,0,0,0,0,0,0,0,0,0,0,0,0,0,0,0,0,0,0,0,0,0,0,0,0,0,0,0,0,0,0,0,0,0,0,0,0,0,0,0,0,0,0,0,0,0,0,0,0,0,0,0,0,0,0,0,0,0,0,0,0,0,0,0,0,0,0,0,0,0,0,0,0,0,0,0,0,0,0,0,0,0,0,0,0,0,0,0,0,0,0,0,0,0,0,0,0,0,0,0,0,0,0,0,0,0,0,0,0,0,0,0,0,0,0,0,0,0,0,0,0,0,0,0,0,0,0,0,0,0,0,0,0,0,0,0,0,0,0,0,0,0,0,0,0,0,0,0,0,0,0,0,0,0,0,0,0,0,0,0,0,0,0,0,0,0,0,0,0,0,0,0,0,0,0,0,0,0,0,0,0,0,0,0,0
"kilimanjaro/mwanga/langata",0,0,0,0,0,0,0,0,0,0,0,0,0,0,0,0,0,0,0,0,0,0,0,0,0,0,0,0,0,0,0,0,0,0,0,0,0,0,0,0,0,0,0,0,0,0,0,0,0,0,0,0,0,0,0,0,0,0,0,0,0,0,0,0,0,0,0,0,0,0,0,0,0,0,0,0,0,0,0,0,0,0,0,0,0,0,0,0,0,0,0,0,0,0,0,0,0,0,0,0,0,0,0,0,0,0,0,0,0,0,0,0,0,0,0,0,0,0,0,0,0,0,0,0,0,0,0,0,0,0,0,0,0,0,0,0,0,0,0,0,0,0,0,0,0,0,0,0,0,0,0,0,0,0,0,0,0,0,0,0,0,0,0,0,0,0,0,0,0,0,0,0,0,0,0,0,0,0,0,0,0,0,0,0,0,0,0,0,0,0,0,0,0,0,0,0,0,0,0,0,0,0,0,0,0,0,0,0,0,0,0,0,0,0,0,0,0,0,0,0,0,0,0,0,0,0,0,0,0,0,0,0,0,0,0,0,0,0,0,0,0,0,0,0,0,0,0,0,0,0,0,0,0,0,0,0,0,0,0,0,0,0,0,0,0,0,0,0,0,0,0,0,0,0,0,0,0,0,0,0,0,0,0,0,0,0,0,0,0,0,0,0,0,0,0,0,0,0,0,0,0,0,0,0,0,0,0,0,0,0,0,0,0,0,0,0,0,0,0,0,0,0,0,0,0,0,0,0,0,0,0,0,0,0,0,0,0,0,0,0,0,0,0,0,0,0,0,0,0,0,0,0,0,0,0,0,0,0,0,0,0,0,0,0,0,0,0,0,0,0,0,0,0,0,0,0,0,0,0,0,0,0,0,0,0,0,0,0,0,0,0,0,0,0,0,0,0,0
"arusha/meru/leguruki",0,0,0,0,0,0,0,0,0,0,0,0,0,0,0,0,0,0,0,0,0,0,0,0,0,0,0,0,0,0,0,0,0,0,0,0,0,0,0,0,0,0,0,0,0,0,0,0,0,0,0,0,0,0,0,0,0,0,0,0,0,0,0,0,0,0,0,0,0,0,0,0,0,0,0,0,0,0,0,0,0,0,0,0,0,0,0,0,0,0,0,0,0,0,0,0,0,0,0,0,0,0,0,0,0,0,0,0,0,0,0,0,0,0,0,0,0,0,0,0,0,0,0,0,0,0,0,0,0,0,0,0,0,0,0,0,0,0,0,0,0,0,0,0,0,0,0,0,0,0,0,0,0,0,0,0,0,0,0,0,0,0,0,0,0,0,0,0,0,0,0,0,0,0,0,0,0,0,0,0,0,0,0,0,0,0,0,0,0,0,0,0,0,0,0,0,0,0,0,0,0,0,0,0,0,0,0,0,0,0,0,0,0,0,0,0,0,0,0,0,0,0,0,0,0,0,0,0,0,0,0,0,0,0,0,0,0,0,0,0,0,0,0,0,0,0,0,0,0,0,0,0,0,0,0,0,0,0,0,0,0,0,0,0,0,0,0,0,0,0,0,0,0,0,0,0,0,0,0,0,0,0,0,0,0,0,0,0,0,0,0,0,0,0,0,0,0,0,0,0,0,0,0,0,0,0,0,0,0,0,0,0,0,0,0,0,0,0,0,0,0,0,0,0,0,0,0,0,0,0,0,0,0,0,0,0,0,0,0,0,0,0,0,0,0,0,0,0,0,0,0,0,0,0,0,0,0,0,0,0,0,0,0,0,0,0,0,0,0,0,0,0,0,0,0,0,0,0,0,0,0,0,0,0,0,0,0,0,0,0,0,0,0,0,0,0,0,0
"arusha/arushaurban/lemara",5.8e-05,0,0,0,0,1e-05,0,0,0,3e-06,0,0,3.8e-05,0.001513,0,0,0,0,0,0,0,3e-06,0,0,0,0,0,0,0,0,0.000109,0,0,0,0,0,0.000287,0,0,1e-06,0,0,1e-06,0,0,0,1e-06,0.027396,2.6e-05,0,0,0,0,0,0,0,1e-06,0,2e-06,7e-06,2e-06,4e-06,1.6e-05,0,0,0.003057,2.6e-05,0,1e-06,2e-06,0,0,1e-06,0,0,2e-06,0,0,0,0,0,0,0,0,0,0,0.000154,0,0,4e-06,0,0,4e-05,0.000151,0,1e-06,8e-06,0,2.7e-05,6e-06,0,0,1e-06,0.000222,1e-06,3.2e-05,0,8e-06,9e-06,3e-06,6e-06,1.4e-05,0,7e-06,0,0,6.6e-05,0,3.8e-05,4e-06,2e-06,6.9e-05,0,0,0,0,1e-06,0.000485,8.5e-05,0,0,4e-06,1e-05,2e-06,0,0.001019,1.6e-05,4e-06,5.2e-05,1.4e-05,2e-05,0,0.000189,1e-06,0,5e-06,0,1.3e-05,1.1e-05,3e-06,0,0,0,0,2e-06,0.001032,0,1e-06,0,0.000618,1e-06,2.1e-05,0,0,0,0,2e-06,1.1e-05,0,1e-06,0,2.6e-05,0.025849,2e-06,2e-06,2e-06,3e-05,0,1.3e-05,1e-06,0,0,3e-06,2e-06,9.6e-05,0.002978,0,0,5e-05,1.7e-05,4e-06,0,0,0,2e-06,0,0,0,1.4e-05,0,0.000321,0,2e-06,1e-06,1.2e-05,4e-06,7.4e-05,1.3e-05,1e-06,0,0,0,2.1e-05,0,0,1e-06,0,8.9e-05,1e-06,7e-06,0,1e-06,0,0,8.2e-05,2e-06,9.1e-05,1e-06,0,0,0,0,1.5e-05,0.000989,0,0,0,2.9e-05,2e-06,0,1.3e-05,0.001081,0,7.5e-05,0,0,1e-06,0.00069,0,1.4e-05,0.005882,0.000185,1e-06,0.003745,7e-06,1e-06,0,1e-06,0,0,0,3e-06,0,0,5e-06,0,0,0.00029,0,1e-06,0.000234,1.8e-05,0,0,6.4e-05,0,1e-06,5e-06,0,0,3e-06,0,0.000185,0,0,0,0,0,0,0,0,3e-06,0,0.001434,3e-06,8e-06,0.000148,4.1e-05,4e-06,1e-06,0,0,0,1e-06,0,9e-06,9.1e-05,4e-06,5e-06,0,0.000874,0,0,0,2e-06,0,0,0.000256,3.7e-05,0.000327,1.5e-05,0.000326,1.5e-05,2.4e-05,0.003975,1e-06,1e-06,0.000137,0,0.000222,0.000443,7.1e-05,0.000241,4e-06,3e-06,0,1e-06,0,0.00152,0,0,0,0,0,7e-06,1e-06,0,0.000145,6e-06,1e-06,0,3.4e-05,2.3e-05,0.011421,7e-06,2.8e-05,1.9e-05,1e-06,0,3e-06,0,0,0,0,0,0.003903,0.005359,0.005073,0,9.9e-05,1e-06,0,0,0,0,0.00023,4e-06,4.5e-05,4.3e-05,0,0,0,7.2e-05,0,0,0.000247,0,3e-05,5e-06,0,0.000508,0,0,0,0,0,0,0
"kilimanjaro/mwanga/lembeni",4e-06,0,3e-06,1e-06,0,0.000269,0,0,0,5e-06,0,0,2e-06,3.4e-05,1e-06,0,0,0,0,0,1e-06,4e-06,0,3e-06,2e-06,1e-06,0,0,0,2e-06,2.4e-05,0,1e-06,5.1e-05,0,0,3e-06,1e-06,0,2e-06,0,0,5e-06,1e-06,1e-06,0,0,0.000621,3e-05,0,0,0,0,0,1e-06,0,1e-06,0,3.2e-05,1.4e-05,3e-06,3e-06,8e-06,0,0,2.1e-05,4e-06,0,1e-06,5e-06,0,0,1e-06,0,0,3e-06,0,0,0,0,0,0,0,0,0,0,0.000494,0,0,0.000145,0,0,0.0016,1.6e-05,0,1e-06,1.8e-05,8e-06,0.001244,0.000319,0,0,3.9e-05,4e-06,1.5e-05,0.00012,0,7.3e-05,6e-06,4e-06,1.3e-05,0.000171,0,0,3e-06,3e-06,0.000165,0,0.000503,2.4e-05,9e-06,0.000495,3.3e-05,0.000224,1.1e-05,1.4e-05,5e-06,0.000285,2.1e-05,3e-06,3e-06,0.000121,0.000903,1.8e-05,2.4e-05,1.7e-05,1e-06,6.4e-05,6.9e-05,9.6e-05,1.8e-05,1e-06,5e-06,9e-06,3e-06,0.002751,0,0.000341,0.000185,8.3e-05,2e-06,3.8e-05,3e-06,7e-06,0.000137,1e-04,5e-06,0,2e-06,0.00678,0.000173,3.6e-05,1e-06,0.000103,0,0,0.000437,7e-06,3.3e-05,0,2e-06,1e-05,0.00046,5.8e-05,4e-06,5e-06,2.1e-05,0,0.000117,5e-06,1e-06,0,0.000104,3.8e-05,0.00041,0.019684,1e-06,1e-06,0.000252,6.3e-05,3.6e-05,0,0,0,3e-06,0,4e-06,0,0.000163,0,0.000107,2e-06,6.8e-05,1e-06,0.000204,5e-06,0.00327,7e-06,3e-06,4e-06,4e-06,0,0.000659,1e-06,0,2.1e-05,0,0.001453,1.9e-05,0.000146,0,1e-06,0,1e-06,0.000251,4e-06,3e-04,5e-06,0,0,0,0,2.3e-05,4.7e-05,1e-06,0,3e-06,1.6e-05,1e-06,3e-06,2.1e-05,0.000339,1e-06,0.032196,2e-06,3e-06,9e-06,3.1e-05,0,2e-06,0.000154,5.5e-05,0,5e-05,3.9e-05,4.2e-05,3e-06,0.000174,2e-06,3e-06,2e-06,9.6e-05,0,1e-06,4e-06,0,0,3.2e-05,0,1e-06,3e-05,0.006411,1.9e-05,3e-06,0.001974,8e-06,4.1e-05,3.6e-05,0,0,2e-05,0,0.00028,0,0,0,0,4e-06,0,1e-06,1e-06,7e-06,3e-06,0.000197,4e-05,1.4e-05,5.2e-05,1e-06,0.000253,1e-06,1e-06,5.1e-05,3e-06,0.00017,0,9e-06,4e-06,1e-06,0,2e-06,2.6e-05,1e-06,0,3e-06,2.3e-05,0,0,7.7e-05,0.000474,4.2e-05,6e-06,4.3e-05,2.6e-05,5.1e-05,0.000238,2e-06,3e-06,1e-06,0,9e-06,1.7e-05,5e-06,0.000212,1.1e-05,3.8e-05,0,1.3e-05,1e-06,0.000168,0,0,2e-06,0,0,0.000384,1.3e-05,1e-06,1.7e-05,0.000746,1e-06,0,4.6e-05,2e-06,0.000199,4e-06,7e-06,4.9e-05,0.00029,5e-06,3.3e-05,0,0,0,0,0,0.000141,2.5e-05,7.3e-05,0,1.9e-05,1.3e-05,1e-06,2e-06,0,3e-06,8e-06,3e-06,0,5.2e-05,0,6e-06,0,0.000826,0,0,3e-06,2e-06,0.000264,5.1e-05,2e-06,8.7e-05,2e-06,2e-06,4e-06,2e-06,0,0,0
"manyara/kiteto/lengatei",0,0,0,0,0,0,0,0,0,0,0,0,0,0,0,0,0,0,0,0,0,0,0,0,0,0,0,0,0,0,0,0,0,0,0,0,0,0,0,0,0,0,0,0,0,0,0,0,0,0,0,0,0,0,0,0,0,0,0,0,0,0,0,0,0,0,0,0,0,0,0,0,0,0,0,0,0,0,0,0,0,0,0,0,0,0,0,0,0,0,0,0,0,0,0,0,0,0,0,0,0,0,0,0,0,0,0,0,0,0,0,0,0,0,0,0,0,0,0,0,0,0,0,0,0,0,0,0,0,0,0,0,0,0,0,0,0,0,0,0,0,0,0,0,0,0,0,0,0,0,0,0,0,0,0,0,0,0,0,0,0,0,0,0,0,0,0,0,0,0,0,0,0,0,0,0,0,0,0,0,0,0,0,0,0,0,0,0,0,0,0,0,0,0,0,0,0,0,0,0,0,0,0,0,0,0,0,0,0,0,0,0,0,0,0,0,0,0,0,0,0,0,0,0,0,0,0,0,0,0,0,0,0,0,0,0,0,0,0,0,0,0,0,0,0,0,0,0,0,0,0,0,0,0,0,0,0,0,0,0,0,0,0,0,0,0,0,0,0,0,0,0,0,0,0,0,0,0,0,0,0,0,0,0,0,0,0,0,0,0,0,0,0,0,0,0,0,0,0,0,0,0,0,0,0,0,0,0,0,0,0,0,0,0,0,0,0,0,0,0,0,0,0,0,0,0,0,0,0,0,0,0,0,0,0,0,0,0,0,0,0,0,0,0,0,0,0,0,0,0,0,0,0,0,0,0,0,0,0,0,0,0,0,0,0,0,0,0,0,0,0,0,0,0,0,0,0,0,0,0,0,0,0,0,0,0,0,0,0,0,0,0,0,0,0,0,0,0
"arusha/monduli/lepurko",1.4e-05,3e-06,0,8e-06,0,1.9e-05,0,0,0,3.8e-05,1e-06,0,1.2e-05,0.000181,6e-06,0,0,1e-06,0,0,0,6e-06,0,0,0,0,0,1e-06,0,0,4.1e-05,0,0,0,3e-06,0,2e-05,7e-06,1e-06,9e-06,0,0,7e-06,6e-06,1e-06,0,1.4e-05,0.005587,0.000203,1e-06,0,1e-06,2e-06,0,4e-06,0,1e-06,0,7e-06,0.00018,2.3e-05,0.000179,7.8e-05,0,0,0.000123,0.000223,0,5e-05,3.8e-05,1e-06,0,1e-06,5e-06,0,4.4e-05,7e-06,0,0,0,0,0,0,0,0,0,0.00021,0,3e-06,2.8e-05,0,0,0.000103,9.6e-05,5e-06,1.6e-05,1.4e-05,0,5.7e-05,1.3e-05,0,0,5e-06,3.2e-05,2e-06,9.2e-05,0,1.5e-05,1.2e-05,0.000184,9e-06,3.6e-05,2e-06,1e-06,1e-06,0,7.9e-05,0,7.5e-05,8e-06,4e-06,0.000142,0,1e-06,0,2e-06,6e-06,0.000531,4.1e-05,0,0,1.3e-05,2.3e-05,3e-06,0,0.000105,7e-06,8e-06,0.000283,2.5e-05,1.9e-05,0,4.4e-05,2e-06,1e-06,1.5e-05,0,2.9e-05,2.5e-05,8e-06,0,0,1e-06,0,1e-05,0.002656,1e-06,1e-05,1e-06,0.001153,3e-06,0.000106,0,1e-06,0,0,5e-06,1.2e-05,0.000216,2e-06,2e-06,0,0.003607,6e-06,3e-06,1.4e-05,0.000558,1e-06,2.4e-05,3e-06,0,2e-06,1.6e-05,4e-06,0.000175,0.003174,0,1e-06,8.7e-05,2.8e-05,6e-06,2e-06,1e-05,0,4.4e-05,0,0,0,2.6e-05,2e-06,0.000202,3e-06,9e-06,1e-06,3e-05,5e-06,0.000181,0.001952,2.6e-05,0,0,1e-06,5.5e-05,0,0,2e-06,0,0.000252,3e-06,1.6e-05,0,1e-06,0,1e-06,0.000119,3e-06,0.000161,1e-06,1e-06,0,0,0,0.000146,0.000619,1e-06,0,1e-06,3.1e-05,0.000123,0,1.4e-05,0.009688,0,0.00032,0,0,1e-06,0.00012,0,2.4e-05,0.001146,0.002948,1.1e-05,0.000254,1.9e-05,4e-06,0,2e-06,0,0,0,9e-06,2e-06,0,0.000354,4e-06,0,0.000843,0,1.3e-05,0.00056,4.4e-05,0,0,0.00016,1e-06,5e-06,2.3e-05,0,1.4e-05,4e-06,1e-06,0.000983,1e-06,0,0,0,1e-06,0,1e-06,1e-06,8e-06,0,0.000528,6e-06,1.6e-05,0.000248,6e-06,9e-06,2.1e-05,0,0,0,3e-06,0,0.000361,2.1e-05,2e-06,2e-06,1e-06,0.000434,1.2e-05,0,0,4e-06,1e-06,1e-06,0.000632,9.7e-05,0.000374,2.9e-05,0.00052,1.9e-05,7e-05,0.003306,1.6e-05,2.2e-05,8e-06,1e-06,9.5e-05,0.000112,6.8e-05,0.001722,4.9e-05,1.6e-05,0,2e-06,4e-06,0.000532,1e-06,1e-06,0,2e-06,0,2.5e-05,3e-06,6e-06,0.000131,2e-05,8e-06,0,4.9e-05,7e-06,0.001372,0.001,0.001036,4.6e-05,1e-06,1e-06,6e-06,0,0,0,0,1e-06,0.000817,0.000263,0.000641,0,6.1e-05,2e-06,0,0,1e-06,1e-06,5.5e-05,2.1e-05,2e-06,0.000196,0,0,0,0.000196,1e-06,0,2.6e-05,0,5.7e-05,1e-05,0,0.000211,0,0,0,0,0,0,0
"arusha/arushaurban/levolosi",0.000235,1e-06,1e-06,2e-06,0,4.3e-05,0,0,0,1.2e-05,0,0,0.000274,0.006679,2e-06,0,0,0,0,0,0,1.5e-05,0,1e-06,0,0,0,0,0,0,0.000319,0,0,0,0,0,0.003036,2e-06,0,4e-06,0,0,3e-06,1e-06,0,0,4e-06,0.449225,0.000108,0,0,0,0,0,1e-06,0,4e-06,0,8e-06,3.2e-05,1.2e-05,2.2e-05,9.2e-05,0,0,0.002752,0.000154,0,4e-06,1e-05,0,0,4e-06,1e-06,0,1.3e-05,2e-06,0,0,0,0,0,0,0,0,0,0.000668,0,1e-06,1.9e-05,0,0,0.000176,0.001191,1e-06,3e-06,4.1e-05,0,0.000116,2.5e-05,0,0,5e-06,0.012487,5e-06,0.000157,0,3.6e-05,4.7e-05,1.7e-05,2.7e-05,6.6e-05,1e-06,0.000334,1e-06,1e-06,0.000274,0,0.000167,1.7e-05,7e-06,0.000317,0,2e-06,0,2e-06,3e-06,0.002049,0.000283,1e-06,1e-06,1.7e-05,4.2e-05,8e-06,0,0.006547,0.000212,1.8e-05,0.000282,6.3e-05,8.7e-05,0,0.00538,6e-06,1e-06,2.3e-05,0,5.9e-05,5e-05,1.5e-05,1e-06,0,1e-06,0,1e-05,0.006003,2e-06,3e-06,1e-06,0.002726,5e-06,7.9e-05,0,1e-06,0,0,8e-06,5.7e-05,0.007975,3e-06,1e-06,0.00013,0,7e-06,9e-06,6e-06,0.000128,1e-06,5.6e-05,3e-06,0,1e-06,1.5e-05,8e-06,0.000446,0.012978,1e-06,1e-06,0.000228,7.6e-05,1.7e-05,0,1e-06,0,8e-06,0,1e-06,0,6e-05,0,0.001405,2e-06,7e-06,3e-06,5.5e-05,2.1e-05,0.000328,6.3e-05,7e-06,1e-06,1e-06,0,9.3e-05,0,0,2e-06,0,0.000409,5e-06,3e-05,0,5e-06,0,2e-06,0.000367,8e-06,0.000429,3e-06,0,0,0,0,7.6e-05,0.003994,0,0,1e-06,9.8e-05,9e-06,1e-06,4.9e-05,0.004737,0,0.00032,0,1e-06,3e-06,0.001636,0,5.2e-05,0.129293,0.001125,7e-06,0.006703,3.6e-05,4e-06,1e-06,3e-06,1e-06,0,0,1.3e-05,0,0,2.2e-05,3e-06,0,0.001929,0,3e-06,0.001742,7.6e-05,0,0,0.000288,2e-06,5e-06,2e-05,0,2e-06,1.1e-05,0,0.000984,0,0,0,0,2e-06,0,2e-06,1e-06,1.7e-05,0,0.00407,1.2e-05,4.2e-05,0.000862,0.003368,1.4e-05,4e-06,0,0,1e-06,4e-06,0,4.1e-05,0.000484,2e-05,2.7e-05,1e-06,0.005236,2e-06,0,1e-06,8e-06,0,0,0.001634,0.00017,0.000973,5.2e-05,0.002567,6.7e-05,0.000124,0.044103,5e-06,6e-06,0.000469,1e-06,0.003024,0.00521,0.000663,0.001344,2.1e-05,1.1e-05,0,5e-06,2e-06,0.006565,0,0,1e-06,0,0,2.9e-05,3e-06,2e-06,0.001179,2.5e-05,3e-06,0,0.000164,0.000105,0.179781,3.6e-05,0.000143,7.1e-05,2e-06,1e-06,1.5e-05,0,0,0,0,0,0.032035,0.007258,0.045423,0,0.000548,5e-06,0,0,0,2e-06,0.000495,1.4e-05,0.000136,0.000233,0,0,0,0.000336,0,0,0.007224,1e-06,0.000134,2.1e-05,1e-06,0.001961,1e-06,0,0,0,0,0,0
"manyara/simanjiro/liborsoit",0,0,0,0,0,0,0,0,0,0,0,0,0,0,0,0,0,0,0,0,0,0,0,0,0,0,0,0,0,0,0,0,0,0,0,0,0,0,0,0,0,0,0,0,0,0,0,0,0,0,0,0,0,0,0,0,0,0,0,0,0,0,0,0,0,0,0,0,0,0,0,0,0,0,0,0,0,0,0,0,0,0,0,0,0,0,0,0,0,0,0,0,0,0,0,0,0,0,0,0,0,0,0,0,0,0,0,0,0,0,0,0,0,0,0,0,0,0,0,0,0,0,0,0,0,0,0,0,0,0,0,0,0,0,0,0,0,0,0,0,0,0,0,0,0,0,0,0,0,0,0,0,0,0,0,0,0,0,0,0,0,0,0,0,0,0,0,0,0,0,0,0,0,0,0,0,0,0,0,0,0,0,0,0,0,0,0,0,0,0,0,0,0,0,0,0,0,0,0,0,0,0,0,0,0,0,0,0,0,0,0,0,0,0,0,0,0,0,0,0,0,0,0,0,0,0,0,0,0,0,0,0,0,0,0,0,0,0,0,0,0,0,0,0,0,0,0,0,0,0,0,0,0,0,0,0,0,0,0,0,0,0,0,0,0,0,0,0,0,0,0,0,0,0,0,0,0,0,0,0,0,0,0,0,0,0,0,0,0,0,0,0,0,0,0,0,0,0,0,0,0,0,0,0,0,0,0,0,0,0,0,0,0,0,0,0,0,0,0,0,0,0,0,0,0,0,0,0,0,0,0,0,0,0,0,0,0,0,0,0,0,0,0,0,0,0,0,0,0,0,0,0,0,0,0,0,0,0,0,0,0,0,0,0,0,0,0,0,0,0,0,0,0,0,0,0,0,0,0,0,0,0,0,0,0,0,0,0,0,0,0,0,0,0,0,0,0,0
"kilimanjaro/siha/livishi",0,0,0,0,0,0,0,0,0,0,0,0,0,0,0,0,0,0,0,0,0,0,0,0,0,0,0,0,0,0,0,0,0,0,0,0,0,0,0,0,0,0,0,0,0,0,0,0,0,0,0,0,0,0,0,0,0,0,0,0,0,0,0,0,0,0,0,0,0,0,0,0,0,0,0,0,0,0,0,0,0,0,0,0,0,0,0,0,0,0,0,0,0,0,0,0,0,0,0,0,0,0,0,0,0,0,0,0,0,0,0,0,0,0,0,0,0,0,0,0,0,0,0,0,0,0,0,0,0,0,0,0,0,0,0,0,0,0,0,0,0,0,0,0,0,0,0,0,0,0,0,0,0,0,0,0,0,0,0,0,0,0,0,0,0,0,0,0,0,0,0,0,0,0,0,0,0,0,0,0,0,0,0,0,0,0,0,0,0,0,0,0,0,0,0,0,0,0,0,0,0,0,0,0,0,0,0,0,0,0,0,0,0,0,0,0,0,0,0,0,0,0,0,0,0,0,0,0,0,0,0,0,0,0,0,0,0,0,0,0,0,0,0,0,0,0,0,0,0,0,0,0,0,0,0,0,0,0,0,0,0,0,0,0,0,0,0,0,0,0,0,0,0,0,0,0,0,0,0,0,0,0,0,0,0,0,0,0,0,0,0,0,0,0,0,0,0,0,0,0,0,0,0,0,0,0,0,0,0,0,0,0,0,0,0,0,0,0,0,0,0,0,0,0,0,0,0,0,0,0,0,0,0,0,0,0,0,0,0,0,0,0,0,0,0,0,0,0,0,0,0,0,0,0,0,0,0,0,0,0,0,0,0,0,0,0,0,0,0,0,0,0,0,0,0,0,0,0,0,0,0,0,0,0,0,0,0,0,0,0,0,0,0,0,0,0,0,0
"manyara/simanjiro/loiborsiret",0,0,0,0,0,0,0,0,0,0,0,0,0,0,0,0,0,0,0,0,0,0,0,0,0,0,0,0,0,0,0,0,0,0,0,0,0,0,0,0,0,0,0,0,0,0,0,0,0,0,0,0,0,0,0,0,0,0,0,0,0,0,0,0,0,0,0,0,0,0,0,0,0,0,0,0,0,0,0,0,0,0,0,0,0,0,0,0,0,0,0,0,0,0,0,0,0,0,0,0,0,0,0,0,0,0,0,0,0,0,0,0,0,0,0,0,0,0,0,0,0,0,0,0,0,0,0,0,0,0,0,0,0,0,0,0,0,0,0,0,0,0,0,0,0,0,0,0,0,0,0,0,0,0,0,0,0,0,0,0,0,0,0,0,0,0,0,0,0,0,0,0,0,0,0,0,0,0,0,0,0,0,0,0,0,0,0,0,0,0,0,0,0,0,0,0,0,0,0,0,0,0,0,0,0,0,0,0,0,0,0,0,0,0,0,0,0,0,0,0,0,0,0,0,0,0,0,0,0,0,0,0,0,0,0,0,0,0,0,0,0,0,0,0,0,0,0,0,0,0,0,0,0,0,0,0,0,0,0,0,0,0,0,0,0,0,0,0,0,0,0,0,0,0,0,0,0,0,0,0,0,0,0,0,0,0,0,0,0,0,0,0,0,0,0,0,0,0,0,0,0,0,0,0,0,0,0,0,0,0,0,0,0,0,0,0,0,0,0,0,0,0,0,0,0,0,0,0,0,0,0,0,0,0,0,0,0,0,0,0,0,0,0,0,0,0,0,0,0,0,0,0,0,0,0,0,0,0,0,0,0,0,0,0,0,0,0,0,0,0,0,0,0,0,0,0,0,0,0,0,0,0,0,0,0,0,0,0,0,0,0,0,0,0,0,0,0,0
"arusha/monduli/lolkisale",0,0,0,0,0,0,0,0,0,0,0,0,0,0,0,0,0,0,0,0,0,0,0,0,0,0,0,0,0,0,0,0,0,0,0,0,0,0,0,0,0,0,0,0,0,0,0,0,0,0,0,0,0,0,0,0,0,0,0,0,0,0,0,0,0,0,0,0,0,0,0,0,0,0,0,0,0,0,0,0,0,0,0,0,0,0,0,0,0,0,0,0,0,0,0,0,0,0,0,0,0,0,0,0,0,0,0,0,0,0,0,0,0,0,0,0,0,0,0,0,0,0,0,0,0,0,0,0,0,0,0,0,0,0,0,0,0,0,0,0,0,0,0,0,0,0,0,0,0,0,0,0,0,0,0,0,0,0,0,0,0,0,0,0,0,0,0,0,0,0,0,0,0,0,0,0,0,0,0,0,0,0,0,0,0,0,0,0,0,0,0,0,0,0,0,0,0,0,0,0,0,0,0,0,0,0,0,0,0,0,0,0,0,0,0,0,0,0,0,0,0,0,0,0,0,0,0,0,0,0,0,0,0,0,0,0,0,0,0,0,0,0,0,0,0,0,0,0,0,0,0,0,0,0,0,0,0,0,0,0,0,0,0,0,0,0,0,0,0,0,0,0,0,0,0,0,0,0,0,0,0,0,0,0,0,0,0,0,0,0,0,0,0,0,0,0,0,0,0,0,0,0,0,0,0,0,0,0,0,0,0,0,0,0,0,0,0,0,0,0,0,0,0,0,0,0,0,0,0,0,0,0,0,0,0,0,0,0,0,0,0,0,0,0,0,0,0,0,0,0,0,0,0,0,0,0,0,0,0,0,0,0,0,0,0,0,0,0,0,0,0,0,0,0,0,0,0,0,0,0,0,0,0,0,0,0,0,0,0,0,0,0,0,0,0,0,0,0
"arusha/longido/longido",0,0,0,0,0,0,0,0,0,0,0,0,0,0,0,0,0,0,0,0,0,0,0,0,0,0,0,0,0,0,0,0,0,0,0,0,0,0,0,0,0,0,0,0,0,0,0,0,0,0,0,0,0,0,0,0,0,0,0,0,0,0,0,0,0,0,0,0,0,0,0,0,0,0,0,0,0,0,0,0,0,0,0,0,0,0,0,0,0,0,0,0,0,0,0,0,0,0,0,0,0,0,0,0,0,0,0,0,0,0,0,0,0,0,0,0,0,0,0,0,0,0,0,0,0,0,0,0,0,0,0,0,0,0,0,0,0,0,0,0,0,0,0,0,0,0,0,0,0,0,0,0,0,0,0,0,0,0,0,0,0,0,0,0,0,0,0,0,0,0,0,0,0,0,0,0,0,0,0,0,0,0,0,0,0,0,0,0,0,0,0,0,0,0,0,0,0,0,0,0,0,0,0,0,0,0,0,0,0,0,0,0,0,0,0,0,0,0,0,0,0,0,0,0,0,0,0,0,0,0,0,0,0,0,0,0,0,0,0,0,0,0,0,0,0,0,0,0,0,0,0,0,0,0,0,0,0,0,0,0,0,0,0,0,0,0,0,0,0,0,0,0,0,0,0,0,0,0,0,0,0,0,0,0,0,0,0,0,0,0,0,0,0,0,0,0,0,0,0,0,0,0,0,0,0,0,0,0,0,0,0,0,0,0,0,0,0,0,0,0,0,0,0,0,0,0,0,0,0,0,0,0,0,0,0,0,0,0,0,0,0,0,0,0,0,0,0,0,0,0,0,0,0,0,0,0,0,0,0,0,0,0,0,0,0,0,0,0,0,0,0,0,0,0,0,0,0,0,0,0,0,0,0,0,0,0,0,0,0,0,0,0,0,0,0,0,0,0
"kilimanjaro/moshimunicipal/longuob",0,0,0,0,0,0,0,0,0,0,0,0,0,0,0,0,0,0,0,0,0,0,0,0,0,0,0,0,0,0,0,0,0,0,0,0,0,0,0,0,0,0,0,0,0,0,0,0,0,0,0,0,0,0,0,0,0,0,0,0,0,0,0,0,0,0,0,0,0,0,0,0,0,0,0,0,0,0,0,0,0,0,0,0,0,0,0,0,0,0,0,0,0,0,0,0,0,0,0,0,0,0,0,0,0,0,0,0,0,0,0,0,0,0,0,0,0,0,0,0,0,0,0,0,0,0,0,0,0,0,0,0,0,0,0,0,0,0,0,0,0,0,0,0,0,0,0,0,0,0,0,0,0,0,0,0,0,0,0,0,0,0,0,0,0,0,0,0,0,0,0,0,0,0,0,0,0,0,0,0,0,0,0,0,0,0,0,0,0,0,0,0,0,0,0,0,0,0,0,0,0,0,0,0,0,0,0,0,0,0,0,0,0,0,0,0,0,0,0,0,0,0,0,0,0,0,0,0,0,0,0,0,0,0,0,0,0,0,0,0,0,0,0,0,0,0,0,0,0,0,0,0,0,0,0,0,0,0,0,0,0,0,0,0,0,0,0,0,0,0,0,0,0,0,0,0,0,0,0,0,0,0,0,0,0,0,0,0,0,0,0,0,0,0,0,0,0,0,0,0,0,0,0,0,0,0,0,0,0,0,0,0,0,0,0,0,0,0,0,0,0,0,0,0,0,0,0,0,0,0,0,0,0,0,0,0,0,0,0,0,0,0,0,0,0,0,0,0,0,0,0,0,0,0,0,0,0,0,0,0,0,0,0,0,0,0,0,0,0,0,0,0,0,0,0,0,0,0,0,0,0,0,0,0,0,0,0,0,0,0,0,0,0,0,0,0,0,0
"manyara/kiteto/loolera",0,0,0,0,0,0,0,0,0,0,0,0,0,0,0,0,0,0,0,0,0,0,0,0,0,0,0,0,0,0,0,0,0,0,0,0,0,0,0,0,0,0,0,0,0,0,0,0,0,0,0,0,0,0,0,0,0,0,0,0,0,0,0,0,0,0,0,0,0,0,0,0,0,0,0,0,0,0,0,0,0,0,0,0,0,0,0,0,0,0,0,0,0,0,0,0,0,0,0,0,0,0,0,0,0,0,0,0,0,0,0,0,0,0,0,0,0,0,0,0,0,0,0,0,0,0,0,0,0,0,0,0,0,0,0,0,0,0,0,0,0,0,0,0,0,0,0,0,0,0,0,0,0,0,0,0,0,0,0,0,0,0,0,0,0,0,0,0,0,0,0,0,0,0,0,0,0,0,0,0,0,0,0,0,0,0,0,0,0,0,0,0,0,0,0,0,0,0,0,0,0,0,0,0,0,0,0,0,0,0,0,0,0,0,0,0,0,0,0,0,0,0,0,0,0,0,0,0,0,0,0,0,0,0,0,0,0,0,0,0,0,0,0,0,0,0,0,0,0,0,0,0,0,0,0,0,0,0,0,0,0,0,0,0,0,0,0,0,0,0,0,0,0,0,0,0,0,0,0,0,0,0,0,0,0,0,0,0,0,0,0,0,0,0,0,0,0,0,0,0,0,0,0,0,0,0,0,0,0,0,0,0,0,0,0,0,0,0,0,0,0,0,0,0,0,0,0,0,0,0,0,0,0,0,0,0,0,0,0,0,0,0,0,0,0,0,0,0,0,0,0,0,0,0,0,0,0,0,0,0,0,0,0,0,0,0,0,0,0,0,0,0,0,0,0,0,0,0,0,0,0,0,0,0,0,0,0,0,0,0,0,0,0,0,0,0,0,0
"kilimanjaro/same/lugulu",0,0,0,0,0,0,0,0,0,0,0,0,0,0,0,0,0,0,0,0,0,0,0,0,0,0,0,0,0,0,0,0,0,0,0,0,0,0,0,0,0,0,0,0,0,0,0,0,0,0,0,0,0,0,0,0,0,0,0,0,0,0,0,0,0,0,0,0,0,0,0,0,0,0,0,0,0,0,0,0,0,0,0,0,0,0,0,0,0,0,0,0,0,0,0,0,0,0,0,0,0,0,0,0,0,0,0,0,0,0,0,0,0,0,0,0,0,0,0,0,0,0,0,0,0,0,0,0,0,0,0,0,0,0,0,0,0,0,0,0,0,0,0,0,0,0,0,0,0,0,0,0,0,0,0,0,0,0,0,0,0,0,0,0,0,0,0,0,0,0,0,0,0,0,0,0,0,0,0,0,0,0,0,0,0,0,0,0,0,0,0,0,0,0,0,0,0,0,0,0,0,0,0,0,0,0,0,0,0,0,0,0,0,0,0,0,0,0,0,0,0,0,0,0,0,0,0,0,0,0,0,0,0,0,0,0,0,0,0,0,0,0,0,0,0,0,0,0,0,0,0,0,0,0,0,0,0,0,0,0,0,0,0,0,0,0,0,0,0,0,0,0,0,0,0,0,0,0,0,0,0,0,0,0,0,0,0,0,0,0,0,0,0,0,0,0,0,0,0,0,0,0,0,0,0,0,0,0,0,0,0,0,0,0,0,0,0,0,0,0,0,0,0,0,0,0,0,0,0,0,0,0,0,0,0,0,0,0,0,0,0,0,0,0,0,0,0,0,0,0,0,0,0,0,0,0,0,0,0,0,0,0,0,0,0,0,0,0,0,0,0,0,0,0,0,0,0,0,0,0,0,0,0,0,0,0,0,0,0,0,0,0,0,0,0,0,0,0
"arusha/ngorongoro/maalon",0,0,0,0,0,0,0,0,0,0,0,0,0,0,0,0,0,0,0,0,0,0,0,0,0,0,0,0,0,0,0,0,0,0,0,0,0,0,0,0,0,0,0,0,0,0,0,0,0,0,0,0,0,0,0,0,0,0,0,0,0,0,0,0,0,0,0,0,0,0,0,0,0,0,0,0,0,0,0,0,0,0,0,0,0,0,0,0,0,0,0,0,0,0,0,0,0,0,0,0,0,0,0,0,0,0,0,0,0,0,0,0,0,0,0,0,0,0,0,0,0,0,0,0,0,0,0,0,0,0,0,0,0,0,0,0,0,0,0,0,0,0,0,0,0,0,0,0,0,0,0,0,0,0,0,0,0,0,0,0,0,0,0,0,0,0,0,0,0,0,0,0,0,0,0,0,0,0,0,0,0,0,0,0,0,0,0,0,0,0,0,0,0,0,0,0,0,0,0,0,0,0,0,0,0,0,0,0,0,0,0,0,0,0,0,0,0,0,0,0,0,0,0,0,0,0,0,0,0,0,0,0,0,0,0,0,0,0,0,0,0,0,0,0,0,0,0,0,0,0,0,0,0,0,0,0,0,0,0,0,0,0,0,0,0,0,0,0,0,0,0,0,0,0,0,0,0,0,0,0,0,0,0,0,0,0,0,0,0,0,0,0,0,0,0,0,0,0,0,0,0,0,0,0,0,0,0,0,0,0,0,0,0,0,0,0,0,0,0,0,0,0,0,0,0,0,0,0,0,0,0,0,0,0,0,0,0,0,0,0,0,0,0,0,0,0,0,0,0,0,0,0,0,0,0,0,0,0,0,0,0,0,0,0,0,0,0,0,0,0,0,0,0,0,0,0,0,0,0,0,0,0,0,0,0,0,0,0,0,0,0,0,0,0,0,0,0,0
"kilimanjaro/same/mabilioni",0,0,0,0,0,0,0,0,0,0,0,0,0,0,0,0,0,0,0,0,0,0,0,0,0,0,0,0,0,0,0,0,0,0,0,0,0,0,0,0,0,0,0,0,0,0,0,0,0,0,0,0,0,0,0,0,0,0,0,0,0,0,0,0,0,0,0,0,0,0,0,0,0,0,0,0,0,0,0,0,0,0,0,0,0,0,0,0,0,0,0,0,0,0,0,0,0,0,0,0,0,0,0,0,0,0,0,0,0,0,0,0,0,0,0,0,0,0,0,0,0,0,0,0,0,0,0,0,0,0,0,0,0,0,0,0,0,0,0,0,0,0,0,0,0,0,0,0,0,0,0,0,0,0,0,0,0,0,0,0,0,0,0,0,0,0,0,0,0,0,0,0,0,0,0,0,0,0,0,0,0,0,0,0,0,0,0,0,0,0,0,0,0,0,0,0,0,0,0,0,0,0,0,0,0,0,0,0,0,0,0,0,0,0,0,0,0,0,0,0,0,0,0,0,0,0,0,0,0,0,0,0,0,0,0,0,0,0,0,0,0,0,0,0,0,0,0,0,0,0,0,0,0,0,0,0,0,0,0,0,0,0,0,0,0,0,0,0,0,0,0,0,0,0,0,0,0,0,0,0,0,0,0,0,0,0,0,0,0,0,0,0,0,0,0,0,0,0,0,0,0,0,0,0,0,0,0,0,0,0,0,0,0,0,0,0,0,0,0,0,0,0,0,0,0,0,0,0,0,0,0,0,0,0,0,0,0,0,0,0,0,0,0,0,0,0,0,0,0,0,0,0,0,0,0,0,0,0,0,0,0,0,0,0,0,0,0,0,0,0,0,0,0,0,0,0,0,0,0,0,0,0,0,0,0,0,0,0,0,0,0,0,0,0,0,0,0,0
"kilimanjaro/moshi/mabogini",0,0,0,0,0,0,0,0,0,0,0,0,0,0,0,0,0,0,0,0,0,0,0,0,0,0,0,0,0,0,0,0,0,0,0,0,0,0,0,0,0,0,0,0,0,0,0,0,0,0,0,0,0,0,0,0,0,0,0,0,0,0,0,0,0,0,0,0,0,0,0,0,0,0,0,0,0,0,0,0,0,0,0,0,0,0,0,0,0,0,0,0,0,0,0,0,0,0,0,0,0,0,0,0,0,0,0,0,0,0,0,0,0,0,0,0,0,0,0,0,0,0,0,0,0,0,0,0,0,0,0,0,0,0,0,0,0,0,0,0,0,0,0,0,0,0,0,0,0,0,0,0,0,0,0,0,0,0,0,0,0,0,0,0,0,0,0,0,0,0,0,0,0,0,0,0,0,0,0,0,0,0,0,0,0,0,0,0,0,0,0,0,0,0,0,0,0,0,0,0,0,0,0,0,0,0,0,0,0,0,0,0,0,0,0,0,0,0,0,0,0,0,0,0,0,0,0,0,0,0,0,0,0,0,0,0,0,0,0,0,0,0,0,0,0,0,0,0,0,0,0,0,0,0,0,0,0,0,0,0,0,0,0,0,0,0,0,0,0,0,0,0,0,0,0,0,0,0,0,0,0,0,0,0,0,0,0,0,0,0,0,0,0,0,0,0,0,0,0,0,0,0,0,0,0,0,0,0,0,0,0,0,0,0,0,0,0,0,0,0,0,0,0,0,0,0,0,0,0,0,0,0,0,0,0,0,0,0,0,0,0,0,0,0,0,0,0,0,0,0,0,0,0,0,0,0,0,0,0,0,0,0,0,0,0,0,0,0,0,0,0,0,0,0,0,0,0,0,0,0,0,0,0,0,0,0,0,0,0,0,0,0,0,0,0,0,0,0
"kilimanjaro/hai/machamekaskazini",0,0,0,0,0,0,0,0,0,0,0,0,0,0,0,0,0,0,0,0,0,0,0,0,0,0,0,0,0,0,0,0,0,0,0,0,0,0,0,0,0,0,0,0,0,0,0,0,0,0,0,0,0,0,0,0,0,0,0,0,0,0,0,0,0,0,0,0,0,0,0,0,0,0,0,0,0,0,0,0,0,0,0,0,0,0,0,0,0,0,0,0,0,0,0,0,0,0,0,0,0,0,0,0,0,0,0,0,0,0,0,0,0,0,0,0,0,0,0,0,0,0,0,0,0,0,0,0,0,0,0,0,0,0,0,0,0,0,0,0,0,0,0,0,0,0,0,0,0,0,0,0,0,0,0,0,0,0,0,0,0,0,0,0,0,0,0,0,0,0,0,0,0,0,0,0,0,0,0,0,0,0,0,0,0,0,0,0,0,0,0,0,0,0,0,0,0,0,0,0,0,0,0,0,0,0,0,0,0,0,0,0,0,0,0,0,0,0,0,0,0,0,0,0,0,0,0,0,0,0,0,0,0,0,0,0,0,0,0,0,0,0,0,0,0,0,0,0,0,0,0,0,0,0,0,0,0,0,0,0,0,0,0,0,0,0,0,0,0,0,0,0,0,0,0,0,0,0,0,0,0,0,0,0,0,0,0,0,0,0,0,0,0,0,0,0,0,0,0,0,0,0,0,0,0,0,0,0,0,0,0,0,0,0,0,0,0,0,0,0,0,0,0,0,0,0,0,0,0,0,0,0,0,0,0,0,0,0,0,0,0,0,0,0,0,0,0,0,0,0,0,0,0,0,0,0,0,0,0,0,0,0,0,0,0,0,0,0,0,0,0,0,0,0,0,0,0,0,0,0,0,0,0,0,0,0,0,0,0,0,0,0,0,0,0,0,0,0
"kilimanjaro/hai/machamekusini",0.008789,0.000142,0.003893,0.000525,1.6e-05,0.304846,7e-06,9e-06,1.3e-05,0.003469,5.6e-05,1e-05,0.005512,0.073077,0.000543,2.6e-05,1.1e-05,4.2e-05,8e-06,2.8e-05,0.000176,0.017862,1.3e-05,0.032731,0.000224,0.011293,2.4e-05,2.3e-05,1e-05,0.000284,0.017809,5.8e-05,0.000133,0.00088,7.4e-05,1.6e-05,0.005767,0.000374,3.3e-05,0.001507,1.5e-05,5e-06,0.001443,0.00027,0.000199,1.5e-05,0.000581,0.627783,0.02282,2.4e-05,9e-06,3.4e-05,4e-05,1.8e-05,0.000289,7e-06,0.002668,4.4e-05,0.006923,0.007761,0.003023,0.002864,0.015584,0.000188,1e-06,0.040743,0.00713,1.1e-05,0.000619,0.002156,3e-05,2e-06,0.006127,0.00026,2.7e-05,0.002689,0.000461,7e-06,9e-06,1e-05,5e-06,3.1e-05,1.1e-05,1.4e-05,2.8e-05,6e-06,0.966847,1e-05,0.00023,0.016348,6e-06,7e-06,0.565048,0.037434,0.000261,0.000974,0.119664,0.00062,0.559223,0.166591,1.4e-05,2.3e-05,0.006343,0.008924,0.131912,0.246425,2.3e-05,0.809066,0.025409,0.002486,0.093651,0.29328,0.00016,0.000216,0.006134,0.003706,0.617686,4.2e-05,0.885836,0.150465,0.065047,0.871715,0.00166,0.005768,0.000513,0.002406,0.001401,0.509849,0.050306,0.008436,0.006491,0.096739,0.208107,0.266323,0.000334,0.037064,0.001762,0.228934,0.11214,0.849535,0.094624,0.000144,0.010612,0.150667,0.00498,0.070578,1.6e-05,0.454604,0.397985,0.135147,0.003663,0.000978,0.003755,0.000535,0.017004,0.147182,0.004953,0.00049,0.000576,0.999835,0.024865,0.01769,0.02046,0.002736,6e-06,1.1e-05,0.033709,0.027517,0.062626,0.008404,0.000465,0.00912,0.54538,0.008549,0.024605,0.001765,0.013825,0.000365,0.793137,0.001784,9.6e-05,0.00022,0.017101,0.118199,0.913068,0,0.003434,0.009966,0.939062,0.532679,0.485627,0.000144,0.000196,1.1e-05,0.001407,0.000105,0.003688,1.9e-05,0.734756,2.7e-05,0.292972,0.000908,0.006507,0.002429,0.274752,0.028896,0.790044,0.005456,0.002217,0.006353,0.00582,4e-05,0.365584,0.001653,1.2e-05,0.003116,1.2e-05,0.726957,0.042712,0.206087,1e-05,0.00194,1e-05,0.013446,0.912532,0.041103,0.837656,0.073246,7.6e-05,8e-06,6e-06,1e-05,0.026515,0.074517,0.000266,0.002839,0.018302,0.022745,0.001088,0.002932,0.041265,0.15585,0.016127,0.395581,0.000214,0.027826,0.08386,0.064492,1.5e-05,0.00267,0.264492,0.062704,0.000323,0.098091,0.104955,0.005939,0.003984,0.010717,0.017875,0.000274,0.000183,0.036301,3.6e-05,0.000188,0.002737,0.000734,2e-05,0.053183,1.1e-05,0.000639,0.053947,0.261356,0.001682,0.000269,0.75613,0.009873,0.006249,0.009441,2.1e-05,0.000417,0.023226,5.3e-05,0.35438,4.9e-05,3.4e-05,1.7e-05,6e-06,0.008907,2.5e-05,0.005389,0.000379,0.023948,0.00049,0.31446,0.221696,0.062849,0.107687,0.001575,0.02729,0.001011,0.001148,0.000416,0.02972,0.007684,6.9e-05,0.005626,0.010706,0.002295,0.000944,0.012168,0.033409,0.000407,0.00016,0.012752,0.10235,2.2e-05,7.8e-05,0.12889,0.509871,0.042339,0.00721,0.084211,0.203624,0.126075,0.282097,0.001397,0.001876,0.002952,0.000304,0.017933,0.036976,0.010055,0.244044,0.009185,0.006738,4.2e-05,0.155783,0.000512,0.339922,0.000105,2.5e-05,0.024268,3.4e-05,1.3e-05,0.040862,0.002741,0.000864,0.038974,0.045083,0.001182,8e-06,0.232066,0.005214,0.320288,0.003332,0.009453,0.029656,0.008097,0.00604,0.531291,1.8e-05,5e-06,1.8e-05,7e-06,0.000206,0.260063,0.033467,0.128824,9e-05,0.054154,0.227684,0.000112,0.000235,0.000112,0.006386,0.014288,0.00209,0.000643,0.086688,1e-05,0.000344,1.4e-05,0.678153,0.000136,8e-06,0.006628,0.011942,0.877213,0.255312,0.008695,0.207983,0.003828,0.000266,0.000473,0.000142,6.8e-05,1.5e-05,1.2e-05
"kilimanjaro/hai/machamemagharibi",0,0,0,0,0,0,0,0,0,0,0,0,0,0,0,0,0,0,0,0,0,0,0,0,0,0,0,0,0,0,0,0,0,0,0,0,0,0,0,0,0,0,0,0,0,0,0,0,0,0,0,0,0,0,0,0,0,0,0,0,0,0,0,0,0,0,0,0,0,0,0,0,0,0,0,0,0,0,0,0,0,0,0,0,0,0,0,0,0,0,0,0,0,0,0,0,0,0,0,0,0,0,0,0,0,0,0,0,0,0,0,0,0,0,0,0,0,0,0,0,0,0,0,0,0,0,0,0,0,0,0,0,0,0,0,0,0,0,0,0,0,0,0,0,0,0,0,0,0,0,0,0,0,0,0,0,0,0,0,0,0,0,0,0,0,0,0,0,0,0,0,0,0,0,0,0,0,0,0,0,0,0,0,0,0,0,0,0,0,0,0,0,0,0,0,0,0,0,0,0,0,0,0,0,0,0,0,0,0,0,0,0,0,0,0,0,0,0,0,0,0,0,0,0,0,0,0,0,0,0,0,0,0,0,0,0,0,0,0,0,0,0,0,0,0,0,0,0,0,0,0,0,0,0,0,0,0,0,0,0,0,0,0,0,0,0,0,0,0,0,0,0,0,0,0,0,0,0,0,0,0,0,0,0,0,0,0,0,0,0,0,0,0,0,0,0,0,0,0,0,0,0,0,0,0,0,0,0,0,0,0,0,0,0,0,0,0,0,0,0,0,0,0,0,0,0,0,0,0,0,0,0,0,0,0,0,0,0,0,0,0,0,0,0,0,0,0,0,0,0,0,0,0,0,0,0,0,0,0,0,0,0,0,0,0,0,0,0,0,0,0,0,0,0,0,0,0,0,0,0,0,0,0,0,0,0,0,0,0,0,0,0,0,0,0,0,0,0
"kilimanjaro/hai/machamemashariki",0,0,0,0,0,0,0,0,0,0,0,0,0,0,0,0,0,0,0,0,0,0,0,0,0,0,0,0,0,0,0,0,0,0,0,0,0,0,0,0,0,0,0,0,0,0,0,0,0,0,0,0,0,0,0,0,0,0,0,0,0,0,0,0,0,0,0,0,0,0,0,0,0,0,0,0,0,0,0,0,0,0,0,0,0,0,0,0,0,0,0,0,0,0,0,0,0,0,0,0,0,0,0,0,0,0,0,0,0,0,0,0,0,0,0,0,0,0,0,0,0,0,0,0,0,0,0,0,0,0,0,0,0,0,0,0,0,0,0,0,0,0,0,0,0,0,0,0,0,0,0,0,0,0,0,0,0,0,0,0,0,0,0,0,0,0,0,0,0,0,0,0,0,0,0,0,0,0,0,0,0,0,0,0,0,0,0,0,0,0,0,0,0,0,0,0,0,0,0,0,0,0,0,0,0,0,0,0,0,0,0,0,0,0,0,0,0,0,0,0,0,0,0,0,0,0,0,0,0,0,0,0,0,0,0,0,0,0,0,0,0,0,0,0,0,0,0,0,0,0,0,0,0,0,0,0,0,0,0,0,0,0,0,0,0,0,0,0,0,0,0,0,0,0,0,0,0,0,0,0,0,0,0,0,0,0,0,0,0,0,0,0,0,0,0,0,0,0,0,0,0,0,0,0,0,0,0,0,0,0,0,0,0,0,0,0,0,0,0,0,0,0,0,0,0,0,0,0,0,0,0,0,0,0,0,0,0,0,0,0,0,0,0,0,0,0,0,0,0,0,0,0,0,0,0,0,0,0,0,0,0,0,0,0,0,0,0,0,0,0,0,0,0,0,0,0,0,0,0,0,0,0,0,0,0,0,0,0,0,0,0,0,0,0,0,0,0,0
"kilimanjaro/hai/machamenarumu",0,0,0,0,0,0,0,0,0,0,0,0,0,0,0,0,0,0,0,0,0,0,0,0,0,0,0,0,0,0,0,0,0,0,0,0,0,0,0,0,0,0,0,0,0,0,0,0,0,0,0,0,0,0,0,0,0,0,0,0,0,0,0,0,0,0,0,0,0,0,0,0,0,0,0,0,0,0,0,0,0,0,0,0,0,0,0,0,0,0,0,0,0,0,0,0,0,0,0,0,0,0,0,0,0,0,0,0,0,0,0,0,0,0,0,0,0,0,0,0,0,0,0,0,0,0,0,0,0,0,0,0,0,0,0,0,0,0,0,0,0,0,0,0,0,0,0,0,0,0,0,0,0,0,0,0,0,0,0,0,0,0,0,0,0,0,0,0,0,0,0,0,0,0,0,0,0,0,0,0,0,0,0,0,0,0,0,0,0,0,0,0,0,0,0,0,0,0,0,0,0,0,0,0,0,0,0,0,0,0,0,0,0,0,0,0,0,0,0,0,0,0,0,0,0,0,0,0,0,0,0,0,0,0,0,0,0,0,0,0,0,0,0,0,0,0,0,0,0,0,0,0,0,0,0,0,0,0,0,0,0,0,0,0,0,0,0,0,0,0,0,0,0,0,0,0,0,0,0,0,0,0,0,0,0,0,0,0,0,0,0,0,0,0,0,0,0,0,0,0,0,0,0,0,0,0,0,0,0,0,0,0,0,0,0,0,0,0,0,0,0,0,0,0,0,0,0,0,0,0,0,0,0,0,0,0,0,0,0,0,0,0,0,0,0,0,0,0,0,0,0,0,0,0,0,0,0,0,0,0,0,0,0,0,0,0,0,0,0,0,0,0,0,0,0,0,0,0,0,0,0,0,0,0,0,0,0,0,0,0,0,0,0,0,0,0,0,0
"kilimanjaro/hai/machameuroki",0,0,0,0,0,0,0,0,0,0,0,0,0,0,0,0,0,0,0,0,0,0,0,0,0,0,0,0,0,0,0,0,0,0,0,0,0,0,0,0,0,0,0,0,0,0,0,0,0,0,0,0,0,0,0,0,0,0,0,0,0,0,0,0,0,0,0,0,0,0,0,0,0,0,0,0,0,0,0,0,0,0,0,0,0,0,0,0,0,0,0,0,0,0,0,0,0,0,0,0,0,0,0,0,0,0,0,0,0,0,0,0,0,0,0,0,0,0,0,0,0,0,0,0,0,0,0,0,0,0,0,0,0,0,0,0,0,0,0,0,0,0,0,0,0,0,0,0,0,0,0,0,0,0,0,0,0,0,0,0,0,0,0,0,0,0,0,0,0,0,0,0,0,0,0,0,0,0,0,0,0,0,0,0,0,0,0,0,0,0,0,0,0,0,0,0,0,0,0,0,0,0,0,0,0,0,0,0,0,0,0,0,0,0,0,0,0,0,0,0,0,0,0,0,0,0,0,0,0,0,0,0,0,0,0,0,0,0,0,0,0,0,0,0,0,0,0,0,0,0,0,0,0,0,0,0,0,0,0,0,0,0,0,0,0,0,0,0,0,0,0,0,0,0,0,0,0,0,0,0,0,0,0,0,0,0,0,0,0,0,0,0,0,0,0,0,0,0,0,0,0,0,0,0,0,0,0,0,0,0,0,0,0,0,0,0,0,0,0,0,0,0,0,0,0,0,0,0,0,0,0,0,0,0,0,0,0,0,0,0,0,0,0,0,0,0,0,0,0,0,0,0,0,0,0,0,0,0,0,0,0,0,0,0,0,0,0,0,0,0,0,0,0,0,0,0,0,0,0,0,0,0,0,0,0,0,0,0,0,0,0,0,0,0,0,0,0,0
"kilimanjaro/hai/machameweruweru",0,0,0,0,0,0,0,0,0,0,0,0,0,0,0,0,0,0,0,0,0,0,0,0,0,0,0,0,0,0,0,0,0,0,0,0,0,0,0,0,0,0,0,0,0,0,0,0,0,0,0,0,0,0,0,0,0,0,0,0,0,0,0,0,0,0,0,0,0,0,0,0,0,0,0,0,0,0,0,0,0,0,0,0,0,0,0,0,0,0,0,0,0,0,0,0,0,0,0,0,0,0,0,0,0,0,0,0,0,0,0,0,0,0,0,0,0,0,0,0,0,0,0,0,0,0,0,0,0,0,0,0,0,0,0,0,0,0,0,0,0,0,0,0,0,0,0,0,0,0,0,0,0,0,0,0,0,0,0,0,0,0,0,0,0,0,0,0,0,0,0,0,0,0,0,0,0,0,0,0,0,0,0,0,0,0,0,0,0,0,0,0,0,0,0,0,0,0,0,0,0,0,0,0,0,0,0,0,0,0,0,0,0,0,0,0,0,0,0,0,0,0,0,0,0,0,0,0,0,0,0,0,0,0,0,0,0,0,0,0,0,0,0,0,0,0,0,0,0,0,0,0,0,0,0,0,0,0,0,0,0,0,0,0,0,0,0,0,0,0,0,0,0,0,0,0,0,0,0,0,0,0,0,0,0,0,0,0,0,0,0,0,0,0,0,0,0,0,0,0,0,0,0,0,0,0,0,0,0,0,0,0,0,0,0,0,0,0,0,0,0,0,0,0,0,0,0,0,0,0,0,0,0,0,0,0,0,0,0,0,0,0,0,0,0,0,0,0,0,0,0,0,0,0,0,0,0,0,0,0,0,0,0,0,0,0,0,0,0,0,0,0,0,0,0,0,0,0,0,0,0,0,0,0,0,0,0,0,0,0,0,0,0,0,0,0,0,0
"manyara/babati/madunga",0,0,0,0,0,0,0,0,0,0,0,0,0,0,0,0,0,0,0,0,0,0,0,0,0,0,0,0,0,0,0,0,0,0,0,0,0,0,0,0,0,0,0,0,0,0,0,0,0,0,0,0,0,0,0,0,0,0,0,0,0,0,0,0,0,0,0,0,0,0,0,0,0,0,0,0,0,0,0,0,0,0,0,0,0,0,0,0,0,0,0,0,0,0,0,0,0,0,0,0,0,0,0,0,0,0,0,0,0,0,0,0,0,0,0,0,0,0,0,0,0,0,0,0,0,0,0,0,0,0,0,0,0,0,0,0,0,0,0,0,0,0,0,0,0,0,0,0,0,0,0,0,0,0,0,0,0,0,0,0,0,0,0,0,0,0,0,0,0,0,0,0,0,0,0,0,0,0,0,0,0,0,0,0,0,0,0,0,0,0,0,0,0,0,0,0,0,0,0,0,0,0,0,0,0,0,0,0,0,0,0,0,0,0,0,0,0,0,0,0,0,0,0,0,0,0,0,0,0,0,0,0,0,0,0,0,0,0,0,0,0,0,0,0,0,0,0,0,0,0,0,0,0,0,0,0,0,0,0,0,0,0,0,0,0,0,0,0,0,0,0,0,0,0,0,0,0,0,0,0,0,0,0,0,0,0,0,0,0,0,0,0,0,0,0,0,0,0,0,0,0,0,0,0,0,0,0,0,0,0,0,0,0,0,0,0,0,0,0,0,0,0,0,0,0,0,0,0,0,0,0,0,0,0,0,0,0,0,0,0,0,0,0,0,0,0,0,0,0,0,0,0,0,0,0,0,0,0,0,0,0,0,0,0,0,0,0,0,0,0,0,0,0,0,0,0,0,0,0,0,0,0,0,0,0,0,0,0,0,0,0,0,0,0,0,0,0,0
"manyara/babati/magara",0,0,0,0,0,0,0,0,0,0,0,0,0,0,0,0,0,0,0,0,0,0,0,0,0,0,0,0,0,0,0,0,0,0,0,0,0,0,0,0,0,0,0,0,0,0,0,0,0,0,0,0,0,0,0,0,0,0,0,0,0,0,0,0,0,0,0,0,0,0,0,0,0,0,0,0,0,0,0,0,0,0,0,0,0,0,0,0,0,0,0,0,0,0,0,0,0,0,0,0,0,0,0,0,0,0,0,0,0,0,0,0,0,0,0,0,0,0,0,0,0,0,0,0,0,0,0,0,0,0,0,0,0,0,0,0,0,0,0,0,0,0,0,0,0,0,0,0,0,0,0,0,0,0,0,0,0,0,0,0,0,0,0,0,0,0,0,0,0,0,0,0,0,0,0,0,0,0,0,0,0,0,0,0,0,0,0,0,0,0,0,0,0,0,0,0,0,0,0,0,0,0,0,0,0,0,0,0,0,0,0,0,0,0,0,0,0,0,0,0,0,0,0,0,0,0,0,0,0,0,0,0,0,0,0,0,0,0,0,0,0,0,0,0,0,0,0,0,0,0,0,0,0,0,0,0,0,0,0,0,0,0,0,0,0,0,0,0,0,0,0,0,0,0,0,0,0,0,0,0,0,0,0,0,0,0,0,0,0,0,0,0,0,0,0,0,0,0,0,0,0,0,0,0,0,0,0,0,0,0,0,0,0,0,0,0,0,0,0,0,0,0,0,0,0,0,0,0,0,0,0,0,0,0,0,0,0,0,0,0,0,0,0,0,0,0,0,0,0,0,0,0,0,0,0,0,0,0,0,0,0,0,0,0,0,0,0,0,0,0,0,0,0,0,0,0,0,0,0,0,0,0,0,0,0,0,0,0,0,0,0,0,0,0,0,0,0,0
"manyara/mbulu/maghang",0,0,0,0,0,0,0,0,0,0,0,0,0,0,0,0,0,0,0,0,0,0,0,0,0,0,0,0,0,0,0,0,0,0,0,0,0,0,0,0,0,0,0,0,0,0,0,0,0,0,0,0,0,0,0,0,0,0,0,0,0,0,0,0,0,0,0,0,0,0,0,0,0,0,0,0,0,0,0,0,0,0,0,0,0,0,0,0,0,0,0,0,0,0,0,0,0,0,0,0,0,0,0,0,0,0,0,0,0,0,0,0,0,0,0,0,0,0,0,0,0,0,0,0,0,0,0,0,0,0,0,0,0,0,0,0,0,0,0,0,0,0,0,0,0,0,0,0,0,0,0,0,0,0,0,0,0,0,0,0,0,0,0,0,0,0,0,0,0,0,0,0,0,0,0,0,0,0,0,0,0,0,0,0,0,0,0,0,0,0,0,0,0,0,0,0,0,0,0,0,0,0,0,0,0,0,0,0,0,0,0,0,0,0,0,0,0,0,0,0,0,0,0,0,0,0,0,0,0,0,0,0,0,0,0,0,0,0,0,0,0,0,0,0,0,0,0,0,0,0,0,0,0,0,0,0,0,0,0,0,0,0,0,0,0,0,0,0,0,0,0,0,0,0,0,0,0,0,0,0,0,0,0,0,0,0,0,0,0,0,0,0,0,0,0,0,0,0,0,0,0,0,0,0,0,0,0,0,0,0,0,0,0,0,0,0,0,0,0,0,0,0,0,0,0,0,0,0,0,0,0,0,0,0,0,0,0,0,0,0,0,0,0,0,0,0,0,0,0,0,0,0,0,0,0,0,0,0,0,0,0,0,0,0,0,0,0,0,0,0,0,0,0,0,0,0,0,0,0,0,0,0,0,0,0,0,0,0,0,0,0,0,0,0,0,0,0,0
"manyara/babati/magugu",0.000194,5.6e-05,1.3e-05,0.000276,0.00012,0.00065,4.3e-05,5.7e-05,8.8e-05,0.05718,0.00063,1.7e-05,0.000144,0.002316,0.000864,0.000133,6.5e-05,0.000348,2.9e-05,9.6e-05,1.1e-05,0.000116,7.4e-05,1.2e-05,9e-06,4e-06,0.000207,9.2e-05,4e-06,1.4e-05,0.000856,2.3e-05,5e-06,8e-06,0.000211,0.000123,0.000235,0.00435,0.000288,0.000252,4.5e-05,2.1e-05,0.000727,0.002135,0.000144,9.3e-05,8.4e-05,0.055498,0.024582,0.000104,9.9e-05,4.1e-05,7.8e-05,3.8e-05,0.002294,2.7e-05,2.8e-05,0.000595,0.000568,0.010137,0.000367,0.001483,0.000726,6.2e-05,0,0.00165,0.000891,1.8e-05,0.000943,0.031534,3.4e-05,5e-06,2.6e-05,0.001775,8.3e-05,0.000659,8.5e-05,1.7e-05,1.2e-05,1.8e-05,1.9e-05,0.000304,4e-05,2.4e-05,9e-05,5.3e-05,0.005089,2.5e-05,0.000722,0.001885,1.9e-05,1.9e-05,0.003767,0.001053,4.2e-05,0.005058,0.000289,5e-06,0.001985,0.000469,0.000111,2e-05,0.000333,0.000357,6.3e-05,0.002262,6.7e-05,0.000416,0.000191,0.006506,0.000202,0.001115,0.000751,9e-06,1.7e-05,1.2e-05,0.00193,1.6e-05,0.002226,0.000202,0.000111,0.003828,1.2e-05,4.7e-05,5e-06,0.000138,0.000624,0.010012,0.000783,1.4e-05,1.1e-05,0.000429,0.000876,9.3e-05,4e-06,0.001279,7e-05,0.000259,0.004536,0.000671,0.000377,8e-06,0.00046,6.1e-05,2.3e-05,0.000668,0.000383,0.000948,0.00077,0.000254,1.1e-05,1.1e-05,1.8e-05,1.4e-05,0.000548,0.016728,4.8e-05,9.6e-05,8.7e-05,0.032677,0.000127,0.007223,6e-06,3.3e-05,1.7e-05,1.5e-05,0.000187,0.000192,0.002694,7.6e-05,0.000207,0.007675,0.03839,0.000369,7e-05,0.002528,0.03534,1.3e-05,0.000664,0.000346,5e-06,4.9e-05,0.001089,0.000113,0.004235,0.080678,8e-06,1.6e-05,0.002192,0.000666,0.000186,0.00087,0.002435,4.6e-05,0,3.1e-05,1.3e-05,0.000399,0.000769,2.8e-05,0.003435,0.000493,0.000614,1.5e-05,0.000984,0.000102,0.00647,0.010063,0.000694,1.6e-05,1.4e-05,0.00183,0.002006,6e-06,1.9e-05,0.000138,4.8e-05,0.008588,8.4e-05,0.000525,5.1e-05,1.7e-05,5.5e-05,1.7e-05,0.002791,6.2e-05,0.003683,3.4e-05,0.000213,2.6e-05,3.1e-05,6.9e-05,0.002679,0.006226,0.000113,1e-06,1.7e-05,0.000722,0.001351,1e-05,0.000383,0.093607,6e-06,0.015587,7e-06,1.2e-05,4.2e-05,0.001856,3.4e-05,0.00033,0.012422,0.013411,4.2e-05,0.003426,0.000502,0.000285,1.5e-05,6.5e-05,1e-05,9e-06,7e-06,0.000313,9.5e-05,8e-06,0.006604,5.6e-05,0.000156,0.004955,0.000299,0.024286,0.003708,0.001783,1.1e-05,9e-06,0.005556,2.9e-05,0.000324,0.001719,0.000206,0.00023,0.000141,1.7e-05,0.017097,0.000366,2e-05,0.000465,1.6e-05,3.2e-05,1e-04,1.4e-05,0.000126,0.000153,2.5e-05,0.009604,0.000168,0.00031,0.003293,6.8e-05,0.000428,0.000878,5e-06,4e-06,1.1e-05,0.000148,2.8e-05,0.085357,0.000269,3.2e-05,2.1e-05,1.4e-05,0.004205,0.000407,8.4e-05,1e-05,0.000107,2.7e-05,2.4e-05,0.00685,0.003096,0.006517,0.000836,0.004199,4e-04,0.001414,0.030207,0.000573,0.000729,0.000104,5.9e-05,0.000889,0.001259,0.000557,0.021567,0.001594,0.001346,2.8e-05,5.9e-05,8.9e-05,0.007859,0.00054,3.7e-05,1e-05,4.1e-05,0.000194,0.001536,0.000241,0.000169,0.001303,0.001082,0.000219,5.5e-05,0.000933,0.000102,0.015544,0.00287,0.002401,0.001732,5.8e-05,2.2e-05,0.000172,0.000204,3.3e-05,0.000203,1.9e-05,4.1e-05,0.009683,0.003112,0.006856,2.9e-05,0.00085,6.5e-05,3e-06,1.1e-05,5.3e-05,2.5e-05,0.000782,0.001187,2.4e-05,0.003109,5.3e-05,5e-06,7.4e-05,0.006172,0.000404,4.5e-05,0.000286,1.3e-05,0.001597,0.000283,9e-06,0.003479,1e-05,1e-05,1.9e-05,3e-06,4e-06,7.1e-05,2.7e-05
"manyara/kiteto/magungu",0,0,0,0,0,0,0,0,0,0,0,0,0,0,0,0,0,0,0,0,0,0,0,0,0,0,0,0,0,0,0,0,0,0,0,0,0,0,0,0,0,0,0,0,0,0,0,0,0,0,0,0,0,0,0,0,0,0,0,0,0,0,0,0,0,0,0,0,0,0,0,0,0,0,0,0,0,0,0,0,0,0,0,0,0,0,0,0,0,0,0,0,0,0,0,0,0,0,0,0,0,0,0,0,0,0,0,0,0,0,0,0,0,0,0,0,0,0,0,0,0,0,0,0,0,0,0,0,0,0,0,0,0,0,0,0,0,0,0,0,0,0,0,0,0,0,0,0,0,0,0,0,0,0,0,0,0,0,0,0,0,0,0,0,0,0,0,0,0,0,0,0,0,0,0,0,0,0,0,0,0,0,0,0,0,0,0,0,0,0,0,0,0,0,0,0,0,0,0,0,0,0,0,0,0,0,0,0,0,0,0,0,0,0,0,0,0,0,0,0,0,0,0,0,0,0,0,0,0,0,0,0,0,0,0,0,0,0,0,0,0,0,0,0,0,0,0,0,0,0,0,0,0,0,0,0,0,0,0,0,0,0,0,0,0,0,0,0,0,0,0,0,0,0,0,0,0,0,0,0,0,0,0,0,0,0,0,0,0,0,0,0,0,0,0,0,0,0,0,0,0,0,0,0,0,0,0,0,0,0,0,0,0,0,0,0,0,0,0,0,0,0,0,0,0,0,0,0,0,0,0,0,0,0,0,0,0,0,0,0,0,0,0,0,0,0,0,0,0,0,0,0,0,0,0,0,0,0,0,0,0,0,0,0,0,0,0,0,0,0,0,0,0,0,0,0,0,0,0,0,0,0,0,0,0,0,0,0,0,0,0,0,0,0,0,0,0,0
"kilimanjaro/rombo/mahida",0,0,0,0,0,0,0,0,0,0,0,0,0,0,0,0,0,0,0,0,0,0,0,0,0,0,0,0,0,0,0,0,0,0,0,0,0,0,0,0,0,0,0,0,0,0,0,0,0,0,0,0,0,0,0,0,0,0,0,0,0,0,0,0,0,0,0,0,0,0,0,0,0,0,0,0,0,0,0,0,0,0,0,0,0,0,0,0,0,0,0,0,0,0,0,0,0,0,0,0,0,0,0,0,0,0,0,0,0,0,0,0,0,0,0,0,0,0,0,0,0,0,0,0,0,0,0,0,0,0,0,0,0,0,0,0,0,0,0,0,0,0,0,0,0,0,0,0,0,0,0,0,0,0,0,0,0,0,0,0,0,0,0,0,0,0,0,0,0,0,0,0,0,0,0,0,0,0,0,0,0,0,0,0,0,0,0,0,0,0,0,0,0,0,0,0,0,0,0,0,0,0,0,0,0,0,0,0,0,0,0,0,0,0,0,0,0,0,0,0,0,0,0,0,0,0,0,0,0,0,0,0,0,0,0,0,0,0,0,0,0,0,0,0,0,0,0,0,0,0,0,0,0,0,0,0,0,0,0,0,0,0,0,0,0,0,0,0,0,0,0,0,0,0,0,0,0,0,0,0,0,0,0,0,0,0,0,0,0,0,0,0,0,0,0,0,0,0,0,0,0,0,0,0,0,0,0,0,0,0,0,0,0,0,0,0,0,0,0,0,0,0,0,0,0,0,0,0,0,0,0,0,0,0,0,0,0,0,0,0,0,0,0,0,0,0,0,0,0,0,0,0,0,0,0,0,0,0,0,0,0,0,0,0,0,0,0,0,0,0,0,0,0,0,0,0,0,0,0,0,0,0,0,0,0,0,0,0,0,0,0,0,0,0,0,0,0,0
"manyara/babatiurban/maisaka",0,0,0,0,0,0,0,0,0,0,0,0,0,0,0,0,0,0,0,0,0,0,0,0,0,0,0,0,0,0,0,0,0,0,0,0,0,0,0,0,0,0,0,0,0,0,0,0,0,0,0,0,0,0,0,0,0,0,0,0,0,0,0,0,0,0,0,0,0,0,0,0,0,0,0,0,0,0,0,0,0,0,0,0,0,0,0,0,0,0,0,0,0,0,0,0,0,0,0,0,0,0,0,0,0,0,0,0,0,0,0,0,0,0,0,0,0,0,0,0,0,0,0,0,0,0,0,0,0,0,0,0,0,0,0,0,0,0,0,0,0,0,0,0,0,0,0,0,0,0,0,0,0,0,0,0,0,0,0,0,0,0,0,0,0,0,0,0,0,0,0,0,0,0,0,0,0,0,0,0,0,0,0,0,0,0,0,0,0,0,0,0,0,0,0,0,0,0,0,0,0,0,0,0,0,0,0,0,0,0,0,0,0,0,0,0,0,0,0,0,0,0,0,0,0,0,0,0,0,0,0,0,0,0,0,0,0,0,0,0,0,0,0,0,0,0,0,0,0,0,0,0,0,0,0,0,0,0,0,0,0,0,0,0,0,0,0,0,0,0,0,0,0,0,0,0,0,0,0,0,0,0,0,0,0,0,0,0,0,0,0,0,0,0,0,0,0,0,0,0,0,0,0,0,0,0,0,0,0,0,0,0,0,0,0,0,0,0,0,0,0,0,0,0,0,0,0,0,0,0,0,0,0,0,0,0,0,0,0,0,0,0,0,0,0,0,0,0,0,0,0,0,0,0,0,0,0,0,0,0,0,0,0,0,0,0,0,0,0,0,0,0,0,0,0,0,0,0,0,0,0,0,0,0,0,0,0,0,0,0,0,0,0,0,0,0,0,0
"kilimanjaro/moshimunicipal/majengo",0,0,0,0,0,0,0,0,0,0,0,0,0,0,0,0,0,0,0,0,0,0,0,0,0,0,0,0,0,0,0,0,0,0,0,0,0,0,0,0,0,0,0,0,0,0,0,0,0,0,0,0,0,0,0,0,0,0,0,0,0,0,0,0,0,0,0,0,0,0,0,0,0,0,0,0,0,0,0,0,0,0,0,0,0,0,0,0,0,0,0,0,0,0,0,0,0,0,0,0,0,0,0,0,0,0,0,0,0,0,0,0,0,0,0,0,0,0,0,0,0,0,0,0,0,0,0,0,0,0,0,0,0,0,0,0,0,0,0,0,0,0,0,0,0,0,0,0,0,0,0,0,0,0,0,0,0,0,0,0,0,0,0,0,0,0,0,0,0,0,0,0,0,0,0,0,0,0,0,0,0,0,0,0,0,0,0,0,0,0,0,0,0,0,0,0,0,0,0,0,0,0,0,0,0,0,0,0,0,0,0,0,0,0,0,0,0,0,0,0,0,0,0,0,0,0,0,0,0,0,0,0,0,0,0,0,0,0,0,0,0,0,0,0,0,0,0,0,0,0,0,0,0,0,0,0,0,0,0,0,0,0,0,0,0,0,0,0,0,0,0,0,0,0,0,0,0,0,0,0,0,0,0,0,0,0,0,0,0,0,0,0,0,0,0,0,0,0,0,0,0,0,0,0,0,0,0,0,0,0,0,0,0,0,0,0,0,0,0,0,0,0,0,0,0,0,0,0,0,0,0,0,0,0,0,0,0,0,0,0,0,0,0,0,0,0,0,0,0,0,0,0,0,0,0,0,0,0,0,0,0,0,0,0,0,0,0,0,0,0,0,0,0,0,0,0,0,0,0,0,0,0,0,0,0,0,0,0,0,0,0,0,0,0,0,0,0,0
"arusha/monduli/majengo",0,0,0,0,0,0,0,0,0,0,0,0,0,0,0,0,0,0,0,0,0,0,0,0,0,0,0,0,0,0,0,0,0,0,0,0,0,0,0,0,0,0,0,0,0,0,0,0,0,0,0,0,0,0,0,0,0,0,0,0,0,0,0,0,0,0,0,0,0,0,0,0,0,0,0,0,0,0,0,0,0,0,0,0,0,0,0,0,0,0,0,0,0,0,0,0,0,0,0,0,0,0,0,0,0,0,0,0,0,0,0,0,0,0,0,0,0,0,0,0,0,0,0,0,0,0,0,0,0,0,0,0,0,0,0,0,0,0,0,0,0,0,0,0,0,0,0,0,0,0,0,0,0,0,0,0,0,0,0,0,0,0,0,0,0,0,0,0,0,0,0,0,0,0,0,0,0,0,0,0,0,0,0,0,0,0,0,0,0,0,0,0,0,0,0,0,0,0,0,0,0,0,0,0,0,0,0,0,0,0,0,0,0,0,0,0,0,0,0,0,0,0,0,0,0,0,0,0,0,0,0,0,0,0,0,0,0,0,0,0,0,0,0,0,0,0,0,0,0,0,0,0,0,0,0,0,0,0,0,0,0,0,0,0,0,0,0,0,0,0,0,0,0,0,0,0,0,0,0,0,0,0,0,0,0,0,0,0,0,0,0,0,0,0,0,0,0,0,0,0,0,0,0,0,0,0,0,0,0,0,0,0,0,0,0,0,0,0,0,0,0,0,0,0,0,0,0,0,0,0,0,0,0,0,0,0,0,0,0,0,0,0,0,0,0,0,0,0,0,0,0,0,0,0,0,0,0,0,0,0,0,0,0,0,0,0,0,0,0,0,0,0,0,0,0,0,0,0,0,0,0,0,0,0,0,0,0,0,0,0,0,0,0,0,0,0,0,0
"arusha/meru/majiyachai",0.000308,1e-06,2e-06,3e-06,0,0.000163,0,0,0,1.3e-05,0,0,0.000145,0.001865,2e-06,0,0,0,0,0,0,0.000104,0,4e-06,0,1e-06,0,0,0,0,0.00047,0,0,1e-06,0,0,0.000108,2e-06,0,5e-06,0,0,5e-06,1e-06,1e-06,0,4e-06,0.020531,0.000114,0,0,0,0,0,1e-06,0,1.3e-05,0,1.5e-05,4e-05,1.7e-05,2.2e-05,0.000108,0,0,0.000763,6.8e-05,0,3e-06,1.2e-05,0,0,2e-05,1e-06,0,1.6e-05,2e-06,0,0,0,0,0,0,0,0,0,0.004131,0,1e-06,3.9e-05,0,0,0.000564,0.000786,1e-06,4e-06,0.000213,0,0.000411,8.5e-05,0,0,1e-05,0.000169,2e-05,0.00046,0,0.000161,0.000249,1.6e-05,0.000139,0.000223,1e-06,4e-06,3e-06,2e-06,0.001804,0,0.000669,7.1e-05,3.3e-05,0.001274,1e-06,5e-06,0,4e-06,5e-06,0.04778,0.001191,3e-06,2e-06,5.9e-05,0.000134,3.3e-05,0,0.000828,3.1e-05,6.9e-05,0.000477,0.00029,0.001165,0,0.000187,2.4e-05,4e-06,6.4e-05,0,0.000216,0.000185,5.4e-05,2e-06,1e-06,3e-06,1e-06,2.3e-05,0.001802,5e-06,4e-06,1e-06,0.01151,1.6e-05,0.000108,2e-06,3e-06,0,0,2.6e-05,0.00052,0.00119,8e-06,2e-06,8.9e-05,0.016948,1.5e-05,4.4e-05,9e-06,0.000112,2e-06,0.000244,4e-06,0,1e-06,3e-05,3.1e-05,0.002064,0.060585,3e-06,6e-06,0.001108,0.000385,7.6e-05,1e-06,1e-06,0,9e-06,0,2e-06,0,0.000251,0,0,3e-06,1.5e-05,1.7e-05,0.000183,0.000169,0.001089,4.8e-05,9e-06,3e-06,3e-06,0,0.000296,1e-06,0,5e-06,0,0.001266,1.8e-05,0.000104,0,4.8e-05,0,1.1e-05,0.002206,4.8e-05,0.002066,1.6e-05,0,0,0,0,0.000106,0.000972,1e-06,0,5e-06,0.000302,8e-06,2e-06,0.00019,0.002995,2e-06,0.000839,0,4e-06,1.3e-05,0.001529,0,2.6e-05,0.006305,0.000753,3e-06,0.002297,0.000117,9e-06,2e-06,8e-06,3e-06,0,0,4.4e-05,0,0,2e-05,3e-06,0,0.000612,0,3e-06,0.000652,0.000231,1e-06,0,0.000959,5e-06,1e-05,3.6e-05,0,2e-06,3.7e-05,0,0.001736,0,0,0,0,6e-06,0,1.3e-05,1e-06,5.7e-05,1e-06,0.007426,4.9e-05,0.000167,0.002502,2.8e-05,3.7e-05,4e-06,1e-06,0,4e-06,9e-06,0,3.9e-05,0.000318,0.000186,3.2e-05,5e-06,0.000673,2e-06,0,3e-06,2.9e-05,0,0,0.002281,0.000552,0.000629,5.1e-05,0.001162,0.000527,0.000339,0.007997,6e-06,9e-06,6.2e-05,1e-06,0.000286,0.000804,0.000141,0.002068,3e-05,2.1e-05,0,2e-05,2e-06,0.023335,0,0,3e-06,0,0,6.6e-05,5e-06,3e-06,0.000663,6e-05,4e-06,0,0.000977,0.00022,0.008309,2.9e-05,7.7e-05,0.000154,6e-06,4e-06,6.4e-05,0,0,0,0,1e-06,0.007542,0.000808,0.002331,0,0.002232,2.3e-05,0,0,0,5e-06,0.000199,1.5e-05,1.3e-05,0.000516,0,0,0,0.001074,0,0,0.000119,4e-06,0.000569,8.3e-05,3e-06,0.015747,2e-06,0,1e-06,0,0,0,0
"manyara/kiteto/makame",0,0,0,0,0,0,0,0,0,0,0,0,0,0,0,0,0,0,0,0,0,0,0,0,0,0,0,0,0,0,0,0,0,0,0,0,0,0,0,0,0,0,0,0,0,0,0,0,0,0,0,0,0,0,0,0,0,0,0,0,0,0,0,0,0,0,0,0,0,0,0,0,0,0,0,0,0,0,0,0,0,0,0,0,0,0,0,0,0,0,0,0,0,0,0,0,0,0,0,0,0,0,0,0,0,0,0,0,0,0,0,0,0,0,0,0,0,0,0,0,0,0,0,0,0,0,0,0,0,0,0,0,0,0,0,0,0,0,0,0,0,0,0,0,0,0,0,0,0,0,0,0,0,0,0,0,0,0,0,0,0,0,0,0,0,0,0,0,0,0,0,0,0,0,0,0,0,0,0,0,0,0,0,0,0,0,0,0,0,0,0,0,0,0,0,0,0,0,0,0,0,0,0,0,0,0,0,0,0,0,0,0,0,0,0,0,0,0,0,0,0,0,0,0,0,0,0,0,0,0,0,0,0,0,0,0,0,0,0,0,0,0,0,0,0,0,0,0,0,0,0,0,0,0,0,0,0,0,0,0,0,0,0,0,0,0,0,0,0,0,0,0,0,0,0,0,0,0,0,0,0,0,0,0,0,0,0,0,0,0,0,0,0,0,0,0,0,0,0,0,0,0,0,0,0,0,0,0,0,0,0,0,0,0,0,0,0,0,0,0,0,0,0,0,0,0,0,0,0,0,0,0,0,0,0,0,0,0,0,0,0,0,0,0,0,0,0,0,0,0,0,0,0,0,0,0,0,0,0,0,0,0,0,0,0,0,0,0,0,0,0,0,0,0,0,0,0,0,0,0,0,0,0,0,0,0,0,0,0,0,0,0,0,0,0,0,0,0
"kilimanjaro/same/makanya",1.9e-05,2e-06,8e-06,1.6e-05,0,0.000414,0,0,0,7.6e-05,1e-06,0,1.3e-05,0.000194,1.1e-05,0,0,2e-06,0,1e-06,0.000157,2.3e-05,0,6e-06,0.00026,2e-06,1e-06,0,1e-06,0.000726,8.7e-05,3e-06,0.000256,1.9e-05,2e-06,1e-06,1.7e-05,1.7e-05,1e-06,2e-05,0,0,0.000184,1.2e-05,2.1e-05,0,4e-06,0.003821,0.000331,1e-06,0,1e-06,1e-06,0,1.4e-05,0,6e-06,1e-06,0.001436,0.000267,3.6e-05,4.9e-05,5.6e-05,1.1e-05,0,0.000125,3.4e-05,0,7e-06,9.5e-05,0,0,5e-06,4e-06,1e-06,4.5e-05,4e-06,0,0,0,0,2e-06,0,0,1e-06,0,0.001488,0,1.1e-05,0.093288,0,0,0.003098,9e-05,2e-06,1.8e-05,6.7e-05,8e-06,0.001533,0.000397,0,0,0.004151,2.6e-05,3.1e-05,0.000567,0,0.000175,2.9e-05,6.6e-05,4.8e-05,0.000515,8e-06,1e-06,9e-06,8e-06,0.000523,3e-06,0.001097,7.1e-05,3.7e-05,0.001439,2.1e-05,9.2e-05,1.2e-05,0.002576,0.000268,0.001677,0.000101,7e-06,7e-06,0.000301,0.000902,4.1e-05,1e-05,0.000101,5e-06,0.000137,0.000524,0.000254,7.2e-05,0.00029,3.2e-05,2.4e-05,1.1e-05,0.00146,1e-06,0.000602,0.000414,0.000161,6e-06,2.6e-05,1e-05,0.000225,0.004319,0.000717,2.3e-05,6e-06,0.000109,0.015121,0.00016,0.000506,3e-06,1e-04,0,0,0.000231,2.9e-05,0.000196,0.00016,8.1e-05,0.000136,0.002768,0.001749,1.6e-05,0.000107,0.000306,1e-06,0.000282,0.000228,0.000133,3e-06,0.045753,6.6e-05,0.001299,0.03178,2e-06,5e-06,0.00073,0.000198,8e-05,3e-06,6e-06,0,5e-05,6e-06,9e-06,0,0.000362,0,0.000483,4.6e-05,0,3e-06,0.000539,2e-05,0.005277,1e-04,3.1e-05,9e-06,9e-06,2e-06,0.001501,4e-06,0,0.001577,0,0.004665,4.6e-05,0.00032,0,3e-06,0,4e-06,0.000786,1.5e-05,0.001015,1.3e-05,1e-06,0,0,0,0.00023,0.000317,1.4e-05,0,8e-06,0.000108,2.3e-05,7e-06,8.4e-05,0.001892,3e-06,0.058743,0.000164,6e-06,2e-05,0.000172,0,1.4e-05,0.000918,0.000605,2e-06,0.000283,0.000153,0.011691,8e-06,9.9e-05,5e-06,0.000203,0.000171,0.000221,0,0.000233,6.3e-05,4e-06,0,0.000227,0,1e-05,0.000202,0.002479,1.6e-05,0.00044,0.003961,1.8e-05,0.009009,0.000695,0,5e-06,5.7e-05,1e-06,0.002141,1e-06,4e-06,1e-06,0,1.3e-05,1e-06,3e-06,2.9e-05,3.1e-05,0.000527,0.00103,8.5e-05,6.2e-05,0.000382,5e-06,0.000696,1.5e-05,4e-06,8e-06,5e-06,0.000938,4e-06,0.000157,2.4e-05,4e-06,2e-06,5e-06,0.000241,1.2e-05,8e-06,5e-06,5.3e-05,0,2e-06,0.000641,0.001483,0.000387,4.7e-05,0.000276,9.3e-05,0.000267,0.002084,4.3e-05,5.4e-05,8e-06,5e-06,5.7e-05,9.9e-05,3.3e-05,0.002155,0.000133,0.001944,5e-06,2.8e-05,6e-06,0.000855,3e-06,0,4e-06,0,1e-06,0.024693,0.001973,1.1e-05,0.000102,0.010814,1.6e-05,0,0.000185,1e-05,0.001171,5.5e-05,5.8e-05,0.000379,0.000101,1.3e-05,7.6e-05,0,0,0,0,3e-06,0.000802,0.000213,0.00045,5e-06,9.5e-05,2.9e-05,5.2e-05,0.000902,1.6e-05,1e-05,5.2e-05,4.5e-05,2e-06,0.000431,0,1.9e-05,0,0.002776,3e-06,0,2e-05,5e-06,0.000664,0.000128,4e-06,0.000422,5e-06,0.000359,0.000464,2.9e-05,9.2e-05,0,0
"arusha/meru/makiba",0,0,0,0,0,0,0,0,0,0,0,0,0,0,0,0,0,0,0,0,0,0,0,0,0,0,0,0,0,0,0,0,0,0,0,0,0,0,0,0,0,0,0,0,0,0,0,0,0,0,0,0,0,0,0,0,0,0,0,0,0,0,0,0,0,0,0,0,0,0,0,0,0,0,0,0,0,0,0,0,0,0,0,0,0,0,0,0,0,0,0,0,0,0,0,0,0,0,0,0,0,0,0,0,0,0,0,0,0,0,0,0,0,0,0,0,0,0,0,0,0,0,0,0,0,0,0,0,0,0,0,0,0,0,0,0,0,0,0,0,0,0,0,0,0,0,0,0,0,0,0,0,0,0,0,0,0,0,0,0,0,0,0,0,0,0,0,0,0,0,0,0,0,0,0,0,0,0,0,0,0,0,0,0,0,0,0,0,0,0,0,0,0,0,0,0,0,0,0,0,0,0,0,0,0,0,0,0,0,0,0,0,0,0,0,0,0,0,0,0,0,0,0,0,0,0,0,0,0,0,0,0,0,0,0,0,0,0,0,0,0,0,0,0,0,0,0,0,0,0,0,0,0,0,0,0,0,0,0,0,0,0,0,0,0,0,0,0,0,0,0,0,0,0,0,0,0,0,0,0,0,0,0,0,0,0,0,0,0,0,0,0,0,0,0,0,0,0,0,0,0,0,0,0,0,0,0,0,0,0,0,0,0,0,0,0,0,0,0,0,0,0,0,0,0,0,0,0,0,0,0,0,0,0,0,0,0,0,0,0,0,0,0,0,0,0,0,0,0,0,0,0,0,0,0,0,0,0,0,0,0,0,0,0,0,0,0,0,0,0,0,0,0,0,0,0,0,0,0,0,0,0,0,0,0,0,0,0,0,0,0,0,0,0,0,0,0,0
"kilimanjaro/rombo/makiidi",0,0,0,0,0,0,0,0,0,0,0,0,0,0,0,0,0,0,0,0,0,0,0,0,0,0,0,0,0,0,0,0,0,0,0,0,0,0,0,0,0,0,0,0,0,0,0,0,0,0,0,0,0,0,0,0,0,0,0,0,0,0,0,0,0,0,0,0,0,0,0,0,0,0,0,0,0,0,0,0,0,0,0,0,0,0,0,0,0,0,0,0,0,0,0,0,0,0,0,0,0,0,0,0,0,0,0,0,0,0,0,0,0,0,0,0,0,0,0,0,0,0,0,0,0,0,0,0,0,0,0,0,0,0,0,0,0,0,0,0,0,0,0,0,0,0,0,0,0,0,0,0,0,0,0,0,0,0,0,0,0,0,0,0,0,0,0,0,0,0,0,0,0,0,0,0,0,0,0,0,0,0,0,0,0,0,0,0,0,0,0,0,0,0,0,0,0,0,0,0,0,0,0,0,0,0,0,0,0,0,0,0,0,0,0,0,0,0,0,0,0,0,0,0,0,0,0,0,0,0,0,0,0,0,0,0,0,0,0,0,0,0,0,0,0,0,0,0,0,0,0,0,0,0,0,0,0,0,0,0,0,0,0,0,0,0,0,0,0,0,0,0,0,0,0,0,0,0,0,0,0,0,0,0,0,0,0,0,0,0,0,0,0,0,0,0,0,0,0,0,0,0,0,0,0,0,0,0,0,0,0,0,0,0,0,0,0,0,0,0,0,0,0,0,0,0,0,0,0,0,0,0,0,0,0,0,0,0,0,0,0,0,0,0,0,0,0,0,0,0,0,0,0,0,0,0,0,0,0,0,0,0,0,0,0,0,0,0,0,0,0,0,0,0,0,0,0,0,0,0,0,0,0,0,0,0,0,0,0,0,0,0,0,0,0,0,0,0
"kilimanjaro/siha/makiwaru",2.4e-05,0,1e-06,1e-06,0,7.3e-05,0,0,0,4e-06,0,0,1.6e-05,0.000193,1e-06,0,0,0,0,0,0,0.000701,0,2e-06,0,1e-06,0,0,0,0,6.2e-05,0,0,0,0,0,1.3e-05,1e-06,0,2e-06,0,0,2e-06,0,0,0,1e-06,0.00287,2.6e-05,0,0,0,0,0,0,0,2e-06,0,4e-06,1.2e-05,7e-06,6e-06,3.6e-05,0,0,8.8e-05,1.4e-05,0,1e-06,3e-06,0,0,3.2e-05,0,0,6e-06,1e-06,0,0,0,0,0,0,0,0,0,0.002858,0,0,1.4e-05,0,0,0.000302,0.000119,0,1e-06,0.000386,0,0.000196,4.3e-05,0,0,4e-06,2.2e-05,1.2e-05,0.000321,0,0.00011,0.000221,5e-06,0.000229,0.000147,0,1e-06,2e-06,1e-06,0.000746,0,0.000428,6e-05,3e-05,0.001027,1e-06,2e-06,0,1e-06,2e-06,0.003971,1e-04,2e-06,2e-06,3.3e-05,6.4e-05,2.2e-05,0,9.4e-05,5e-06,4.3e-05,0.000211,0.000225,0.000514,0,2.6e-05,1.9e-05,2e-06,2.7e-05,0,0.000122,0.000117,3.1e-05,1e-06,0,2e-06,0,9e-06,0.000324,3e-06,1e-06,0,0.007463,8e-06,2.4e-05,1e-06,1e-06,0,0,1.1e-05,0.000297,0.000143,3e-06,1e-06,2.1e-05,0.00223,5e-06,6.5e-05,2e-06,2.5e-05,1e-06,0.000171,1e-06,0,0,1.1e-05,1.6e-05,0.002153,0.042154,3e-06,6e-06,0.001014,0.000429,4.3e-05,0,0,0,2e-06,0,1e-06,0,0.000162,0,0.001473,1e-06,5e-06,3e-06,0.000114,0,0.000578,1.1e-05,3e-06,2e-06,2e-06,0,0.000163,1e-06,0,2e-06,0,0.000754,1.1e-05,6.2e-05,0,4e-06,0,1.6e-05,0.002287,8.2e-05,0.002555,8e-06,0,0,0,0,3.9e-05,0.00015,0,0,3e-06,4.2e-05,2e-06,1e-06,3.7e-05,0.000607,1e-06,0.000327,0,2e-06,8e-06,0.000144,0,4e-06,0.000817,0.000187,1e-06,0.00024,8.8e-05,3e-06,2e-06,3e-06,2e-06,0,0,1.6e-05,0,0,5e-06,1e-06,0,0.000115,0,1e-06,0.000129,9.9e-05,1e-06,0,0.000538,3e-06,4e-06,1e-05,0,1e-06,1.1e-05,0,0.000793,0,0,0,0,4e-06,0,3.4e-05,0,5e-05,0,0.000747,3.1e-05,0.000194,0.000765,4e-06,1.3e-05,1e-06,0,0,2e-06,3e-06,0,1e-05,3e-05,8e-06,3e-06,5e-06,1e-04,1e-06,0,2e-06,1.9e-05,0,0,0.000654,0.000351,9.5e-05,9e-06,0.00023,0.000703,0.000232,0.001256,2e-06,3e-06,7e-06,0,4.3e-05,1e-04,2.4e-05,0.000849,1.1e-05,6e-06,0,1.2e-05,1e-06,0.001372,0,0,2e-06,0,0,2.2e-05,2e-06,1e-06,0.000117,2.2e-05,1e-06,0,0.003186,1.6e-05,0.001022,7e-06,1.6e-05,3.4e-05,3e-06,2e-06,4.1e-05,0,0,0,0,0,0.000859,0.000103,0.000316,0,0.000232,1.5e-05,0,0,0,3e-06,2.6e-05,3e-06,1e-06,0.000285,0,0,0,0.000689,0,0,1.5e-05,3e-06,0.000417,5.8e-05,2e-06,0.00068,1e-06,0,0,0,0,0,0
"kilimanjaro/moshi/makuyuni",0,0,0,0,0,0,0,0,0,0,0,0,0,0,0,0,0,0,0,0,0,0,0,0,0,0,0,0,0,0,0,0,0,0,0,0,0,0,0,0,0,0,0,0,0,0,0,0,0,0,0,0,0,0,0,0,0,0,0,0,0,0,0,0,0,0,0,0,0,0,0,0,0,0,0,0,0,0,0,0,0,0,0,0,0,0,0,0,0,0,0,0,0,0,0,0,0,0,0,0,0,0,0,0,0,0,0,0,0,0,0,0,0,0,0,0,0,0,0,0,0,0,0,0,0,0,0,0,0,0,0,0,0,0,0,0,0,0,0,0,0,0,0,0,0,0,0,0,0,0,0,0,0,0,0,0,0,0,0,0,0,0,0,0,0,0,0,0,0,0,0,0,0,0,0,0,0,0,0,0,0,0,0,0,0,0,0,0,0,0,0,0,0,0,0,0,0,0,0,0,0,0,0,0,0,0,0,0,0,0,0,0,0,0,0,0,0,0,0,0,0,0,0,0,0,0,0,0,0,0,0,0,0,0,0,0,0,0,0,0,0,0,0,0,0,0,0,0,0,0,0,0,0,0,0,0,0,0,0,0,0,0,0,0,0,0,0,0,0,0,0,0,0,0,0,0,0,0,0,0,0,0,0,0,0,0,0,0,0,0,0,0,0,0,0,0,0,0,0,0,0,0,0,0,0,0,0,0,0,0,0,0,0,0,0,0,0,0,0,0,0,0,0,0,0,0,0,0,0,0,0,0,0,0,0,0,0,0,0,0,0,0,0,0,0,0,0,0,0,0,0,0,0,0,0,0,0,0,0,0,0,0,0,0,0,0,0,0,0,0,0,0,0,0,0,0,0,0,0,0,0,0,0,0,0,0,0,0,0,0,0,0,0,0,0,0,0,0
"arusha/monduli/makuyuni",7e-05,1.7e-05,2e-06,5.4e-05,2e-06,0.000122,1e-06,2e-06,1e-06,0.000435,6e-06,1e-06,5.7e-05,0.000909,5.5e-05,5e-06,2e-06,8e-06,1e-06,3e-06,1e-06,3.2e-05,1e-06,2e-06,1e-06,1e-06,2e-06,8e-06,0,2e-06,0.000247,1e-06,1e-06,1e-06,3.1e-05,3e-06,1e-04,7.6e-05,1.4e-05,5.3e-05,2e-06,1e-06,5.4e-05,5.9e-05,9e-06,1e-06,5e-05,0.025864,0.002144,1.2e-05,3e-06,5e-06,1.7e-05,2e-06,4.5e-05,1e-06,6e-06,5e-06,5.6e-05,0.001418,0.000112,0.000785,0.000321,4e-06,0,0.000643,7e-04,1e-06,0.000792,0.000423,8e-06,0,7e-06,6.3e-05,3e-06,0.000217,3.2e-05,0,0,1e-06,0,5e-06,1e-06,1e-06,2e-06,2e-06,0.001211,1e-06,3.1e-05,0.000205,0,1e-06,0.000645,0.00044,2.1e-05,0.000179,7.5e-05,1e-06,0.000357,8.2e-05,3e-06,2e-06,3.8e-05,0.000155,1.3e-05,0.000507,5e-06,8.8e-05,6e-05,0.001732,5.2e-05,0.000214,2e-05,4e-06,3e-06,2e-06,0.000463,1e-06,0.000447,4.4e-05,2.5e-05,0.00082,2e-06,7e-06,1e-06,1.5e-05,4.7e-05,0.002906,0.000233,3e-06,2e-06,7.8e-05,0.000147,1.9e-05,1e-06,0.00052,3.2e-05,5.1e-05,0.001371,0.000146,0.000105,1e-06,0.000207,1.3e-05,4e-06,9.9e-05,5e-06,0.000177,0.000149,4.7e-05,2e-06,2e-06,3e-06,2e-06,6.7e-05,0.010775,9e-06,4.3e-05,7e-06,0.006849,2e-05,0.000889,1e-06,5e-06,1e-06,1e-06,3e-05,6e-05,0.001099,1.1e-05,1.6e-05,0.018988,0.017082,4.2e-05,1.8e-05,0.000129,0.007128,4e-06,0.000139,2.7e-05,1e-06,9e-06,0.000116,2.2e-05,0.000986,0.018444,2e-06,4e-06,0.000498,0.000157,3.9e-05,1.7e-05,0.000132,2e-06,0.000568,2e-06,2e-06,3e-06,0.000156,1.5e-05,0.001076,2.5e-05,6.9e-05,4e-06,0.000182,2.9e-05,0.001131,0,0.000161,3e-06,3e-06,1.2e-05,0.000345,1e-06,2e-06,1.6e-05,3e-06,0.001535,1.6e-05,9.7e-05,2e-06,5e-06,1e-06,4e-06,0.000675,1.6e-05,0.000892,7e-06,1.2e-05,1e-06,1e-06,3e-06,0.000748,0.003074,6e-06,0,3e-06,0.000187,0.000771,2e-06,8.8e-05,0.073992,1e-06,0.002182,1e-06,2e-06,9e-06,0.000649,1e-06,0.000146,0.005417,0.009147,3.3e-05,0.00131,0.000108,3.2e-05,3e-06,1e-05,2e-06,1e-06,1e-06,5.6e-05,5e-05,1e-06,0.003661,2e-05,3e-06,0.003176,2e-06,0.000191,0.002133,0.000285,2e-06,1e-06,0.000988,5e-06,3.6e-05,0.000184,4e-06,8.9e-05,2.7e-05,7e-06,0.00487,8e-06,1e-06,4e-06,0,6e-06,2e-06,4e-06,8e-06,4.1e-05,3e-06,0.003004,3.3e-05,8.4e-05,0.001188,3e-05,6.2e-05,0.00017,1e-06,1e-06,2e-06,2e-05,2e-06,0.005995,0.000103,1.1e-05,8e-06,3e-06,0.002048,8.4e-05,4e-06,2e-06,2.1e-05,5e-06,5e-06,0.002804,0.000581,0.002284,0.00021,0.002121,0.000104,0.000366,0.01449,0.000101,0.000139,4.2e-05,9e-06,0.000426,0.000532,0.000288,0.007792,0.000301,0.000125,2e-06,1.2e-05,2.4e-05,0.002746,9e-06,8e-06,2e-06,1.5e-05,3e-06,0.00018,2.4e-05,3.8e-05,0.000579,0.000138,4.5e-05,2e-06,0.000259,3.7e-05,0.006615,0.003312,0.003016,0.000317,9e-06,4e-06,3.6e-05,2e-06,1e-06,2e-06,0,7e-06,0.003953,0.00132,0.003084,2e-06,0.000304,1.3e-05,0,1e-06,4e-06,5e-06,0.000303,0.000183,1e-05,0.000954,2e-06,1e-06,2e-06,0.001167,1.1e-05,2e-06,0.000125,3e-06,0.000336,5.7e-05,2e-06,0.00113,2e-06,1e-06,2e-06,0,0,2e-06,1e-06
"arusha/ngorongoro/malambo",2e-06,2.2e-05,0,0.000269,0,6e-06,0,0,0,1.2e-05,0,0,1e-06,1.8e-05,7e-06,0,0,0,0,0,0,1e-06,0,0,0,0,0,0,0,0,7e-06,0,0,0,2e-06,0,2e-06,2e-06,0,7.6e-05,0,0,3e-06,2e-06,1e-06,0,3e-06,0.000453,2.3e-05,0,0,1e-06,1e-06,0,2e-06,0,0,0,3e-06,0.000628,1.4e-05,7.3e-05,1.7e-05,0,0,1.1e-05,8e-06,0,4e-06,6e-06,1e-06,0,0,2e-06,0,6e-05,1.4e-05,0,0,0,0,0,0,0,0,0,4.9e-05,0,2e-06,1.1e-05,0,0,4.4e-05,1.1e-05,3e-06,8e-06,4e-06,0,1.9e-05,5e-06,0,1e-06,3e-06,3e-06,1e-06,4e-05,0,4e-06,2e-06,6.3e-05,3e-06,1.5e-05,1e-06,0,0,0,1.7e-05,0,2.4e-05,3e-06,1e-06,4.8e-05,0,0,0,1e-06,3e-06,6.3e-05,5e-06,0,0,3e-06,9e-06,1e-06,0,1e-05,1e-06,3e-06,0.000163,7e-06,4e-06,0,4e-06,1e-06,0,6e-06,0,1e-05,9e-06,3e-06,0,0,0,0,5e-06,0.000122,0,3e-06,0,0.000353,1e-06,1.1e-05,0,0,0,0,2e-06,2e-06,1.9e-05,1e-06,1e-06,4.1e-05,0.00031,2e-06,1e-06,2e-06,2.7e-05,0,7e-06,2e-06,0,3.3e-05,8e-06,1e-06,5.2e-05,0.001358,0,0,2.5e-05,8e-06,2e-06,1e-06,2e-06,0,6e-06,0,0,0,8e-06,0,3.1e-05,1e-06,3e-06,0,1.3e-05,1e-06,7.1e-05,2.6e-05,0,0,0,0,2.4e-05,0,0,1e-06,0,0.000119,1e-06,6e-06,0,0,0,0,2.9e-05,1e-06,4.6e-05,0,1e-06,0,0,0,0.000285,3.8e-05,0,0,0,3e-06,2.8e-05,0,2e-06,0.000484,0,9.6e-05,0,0,0,1.3e-05,0,1e-06,0.000103,0.000158,0,2.5e-05,8e-06,2e-06,0,1e-06,0,0,0,2e-06,0,0,4.2e-05,3e-06,0,4.3e-05,0,2e-06,4e-05,1.6e-05,0,0,6.5e-05,0,3e-06,4e-06,0,1.7e-05,1e-06,3e-06,0.000619,0,0,0,0,0,0,0,0,3e-06,0,6.1e-05,2e-06,5e-06,2.9e-05,1e-06,3e-06,4.9e-05,0,0,0,1e-06,0,3.3e-05,2e-06,0,0,0,2.1e-05,0.000113,0,0,1e-06,1e-06,4e-06,7e-05,4.2e-05,2.1e-05,3e-06,4.8e-05,4e-06,2.8e-05,0.000202,0.000143,0.000209,1e-06,1.1e-05,7e-06,1.1e-05,5e-06,0.000469,0.000416,4e-06,0,1e-06,3.3e-05,6.7e-05,0,0,0,1e-06,0,1.1e-05,2e-06,0.000101,1.4e-05,9e-06,9.1e-05,0,1.1e-05,1e-06,0.000125,3.3e-05,1.5e-05,6e-06,1e-06,0,2e-06,0,0,0,0,1e-05,8.2e-05,1.5e-05,5.1e-05,0,9e-06,1e-06,0,0,0,0,4e-06,2e-06,0,4.8e-05,0,0,0,8.8e-05,1e-06,0,2e-06,0,1.8e-05,3e-06,0,2.8e-05,0,0,0,0,0,0,0
"kilimanjaro/moshi/mambakaskazini",0,0,0,0,0,0,0,0,0,0,0,0,0,0,0,0,0,0,0,0,0,0,0,0,0,0,0,0,0,0,0,0,0,0,0,0,0,0,0,0,0,0,0,0,0,0,0,0,0,0,0,0,0,0,0,0,0,0,0,0,0,0,0,0,0,0,0,0,0,0,0,0,0,0,0,0,0,0,0,0,0,0,0,0,0,0,0,0,0,0,0,0,0,0,0,0,0,0,0,0,0,0,0,0,0,0,0,0,0,0,0,0,0,0,0,0,0,0,0,0,0,0,0,0,0,0,0,0,0,0,0,0,0,0,0,0,0,0,0,0,0,0,0,0,0,0,0,0,0,0,0,0,0,0,0,0,0,0,0,0,0,0,0,0,0,0,0,0,0,0,0,0,0,0,0,0,0,0,0,0,0,0,0,0,0,0,0,0,0,0,0,0,0,0,0,0,0,0,0,0,0,0,0,0,0,0,0,0,0,0,0,0,0,0,0,0,0,0,0,0,0,0,0,0,0,0,0,0,0,0,0,0,0,0,0,0,0,0,0,0,0,0,0,0,0,0,0,0,0,0,0,0,0,0,0,0,0,0,0,0,0,0,0,0,0,0,0,0,0,0,0,0,0,0,0,0,0,0,0,0,0,0,0,0,0,0,0,0,0,0,0,0,0,0,0,0,0,0,0,0,0,0,0,0,0,0,0,0,0,0,0,0,0,0,0,0,0,0,0,0,0,0,0,0,0,0,0,0,0,0,0,0,0,0,0,0,0,0,0,0,0,0,0,0,0,0,0,0,0,0,0,0,0,0,0,0,0,0,0,0,0,0,0,0,0,0,0,0,0,0,0,0,0,0,0,0,0,0,0,0,0,0,0,0,0,0,0,0,0,0,0,0,0,0,0,0,0,0
"kilimanjaro/moshi/mambakusini",0,0,0,0,0,0,0,0,0,0,0,0,0,0,0,0,0,0,0,0,0,0,0,0,0,0,0,0,0,0,0,0,0,0,0,0,0,0,0,0,0,0,0,0,0,0,0,0,0,0,0,0,0,0,0,0,0,0,0,0,0,0,0,0,0,0,0,0,0,0,0,0,0,0,0,0,0,0,0,0,0,0,0,0,0,0,0,0,0,0,0,0,0,0,0,0,0,0,0,0,0,0,0,0,0,0,0,0,0,0,0,0,0,0,0,0,0,0,0,0,0,0,0,0,0,0,0,0,0,0,0,0,0,0,0,0,0,0,0,0,0,0,0,0,0,0,0,0,0,0,0,0,0,0,0,0,0,0,0,0,0,0,0,0,0,0,0,0,0,0,0,0,0,0,0,0,0,0,0,0,0,0,0,0,0,0,0,0,0,0,0,0,0,0,0,0,0,0,0,0,0,0,0,0,0,0,0,0,0,0,0,0,0,0,0,0,0,0,0,0,0,0,0,0,0,0,0,0,0,0,0,0,0,0,0,0,0,0,0,0,0,0,0,0,0,0,0,0,0,0,0,0,0,0,0,0,0,0,0,0,0,0,0,0,0,0,0,0,0,0,0,0,0,0,0,0,0,0,0,0,0,0,0,0,0,0,0,0,0,0,0,0,0,0,0,0,0,0,0,0,0,0,0,0,0,0,0,0,0,0,0,0,0,0,0,0,0,0,0,0,0,0,0,0,0,0,0,0,0,0,0,0,0,0,0,0,0,0,0,0,0,0,0,0,0,0,0,0,0,0,0,0,0,0,0,0,0,0,0,0,0,0,0,0,0,0,0,0,0,0,0,0,0,0,0,0,0,0,0,0,0,0,0,0,0,0,0,0,0,0,0,0,0,0,0,0,0,0
"manyara/babati/mamire",0,0,0,0,0,0,0,0,0,0,0,0,0,0,0,0,0,0,0,0,0,0,0,0,0,0,0,0,0,0,0,0,0,0,0,0,0,0,0,0,0,0,0,0,0,0,0,0,0,0,0,0,0,0,0,0,0,0,0,0,0,0,0,0,0,0,0,0,0,0,0,0,0,0,0,0,0,0,0,0,0,0,0,0,0,0,0,0,0,0,0,0,0,0,0,0,0,0,0,0,0,0,0,0,0,0,0,0,0,0,0,0,0,0,0,0,0,0,0,0,0,0,0,0,0,0,0,0,0,0,0,0,0,0,0,0,0,0,0,0,0,0,0,0,0,0,0,0,0,0,0,0,0,0,0,0,0,0,0,0,0,0,0,0,0,0,0,0,0,0,0,0,0,0,0,0,0,0,0,0,0,0,0,0,0,0,0,0,0,0,0,0,0,0,0,0,0,0,0,0,0,0,0,0,0,0,0,0,0,0,0,0,0,0,0,0,0,0,0,0,0,0,0,0,0,0,0,0,0,0,0,0,0,0,0,0,0,0,0,0,0,0,0,0,0,0,0,0,0,0,0,0,0,0,0,0,0,0,0,0,0,0,0,0,0,0,0,0,0,0,0,0,0,0,0,0,0,0,0,0,0,0,0,0,0,0,0,0,0,0,0,0,0,0,0,0,0,0,0,0,0,0,0,0,0,0,0,0,0,0,0,0,0,0,0,0,0,0,0,0,0,0,0,0,0,0,0,0,0,0,0,0,0,0,0,0,0,0,0,0,0,0,0,0,0,0,0,0,0,0,0,0,0,0,0,0,0,0,0,0,0,0,0,0,0,0,0,0,0,0,0,0,0,0,0,0,0,0,0,0,0,0,0,0,0,0,0,0,0,0,0,0,0,0,0,0,0,0
"kilimanjaro/rombo/mamsera",0,0,0,0,0,0,0,0,0,0,0,0,0,0,0,0,0,0,0,0,0,0,0,0,0,0,0,0,0,0,0,0,0,0,0,0,0,0,0,0,0,0,0,0,0,0,0,0,0,0,0,0,0,0,0,0,0,0,0,0,0,0,0,0,0,0,0,0,0,0,0,0,0,0,0,0,0,0,0,0,0,0,0,0,0,0,0,0,0,0,0,0,0,0,0,0,0,0,0,0,0,0,0,0,0,0,0,0,0,0,0,0,0,0,0,0,0,0,0,0,0,0,0,0,0,0,0,0,0,0,0,0,0,0,0,0,0,0,0,0,0,0,0,0,0,0,0,0,0,0,0,0,0,0,0,0,0,0,0,0,0,0,0,0,0,0,0,0,0,0,0,0,0,0,0,0,0,0,0,0,0,0,0,0,0,0,0,0,0,0,0,0,0,0,0,0,0,0,0,0,0,0,0,0,0,0,0,0,0,0,0,0,0,0,0,0,0,0,0,0,0,0,0,0,0,0,0,0,0,0,0,0,0,0,0,0,0,0,0,0,0,0,0,0,0,0,0,0,0,0,0,0,0,0,0,0,0,0,0,0,0,0,0,0,0,0,0,0,0,0,0,0,0,0,0,0,0,0,0,0,0,0,0,0,0,0,0,0,0,0,0,0,0,0,0,0,0,0,0,0,0,0,0,0,0,0,0,0,0,0,0,0,0,0,0,0,0,0,0,0,0,0,0,0,0,0,0,0,0,0,0,0,0,0,0,0,0,0,0,0,0,0,0,0,0,0,0,0,0,0,0,0,0,0,0,0,0,0,0,0,0,0,0,0,0,0,0,0,0,0,0,0,0,0,0,0,0,0,0,0,0,0,0,0,0,0,0,0,0,0,0,0,0,0,0,0,0,0
"kilimanjaro/rombo/manda",0,0,0,0,0,0,0,0,0,0,0,0,0,0,0,0,0,0,0,0,0,0,0,0,0,0,0,0,0,0,0,0,0,0,0,0,0,0,0,0,0,0,0,0,0,0,0,0,0,0,0,0,0,0,0,0,0,0,0,0,0,0,0,0,0,0,0,0,0,0,0,0,0,0,0,0,0,0,0,0,0,0,0,0,0,0,0,0,0,0,0,0,0,0,0,0,0,0,0,0,0,0,0,0,0,0,0,0,0,0,0,0,0,0,0,0,0,0,0,0,0,0,0,0,0,0,0,0,0,0,0,0,0,0,0,0,0,0,0,0,0,0,0,0,0,0,0,0,0,0,0,0,0,0,0,0,0,0,0,0,0,0,0,0,0,0,0,0,0,0,0,0,0,0,0,0,0,0,0,0,0,0,0,0,0,0,0,0,0,0,0,0,0,0,0,0,0,0,0,0,0,0,0,0,0,0,0,0,0,0,0,0,0,0,0,0,0,0,0,0,0,0,0,0,0,0,0,0,0,0,0,0,0,0,0,0,0,0,0,0,0,0,0,0,0,0,0,0,0,0,0,0,0,0,0,0,0,0,0,0,0,0,0,0,0,0,0,0,0,0,0,0,0,0,0,0,0,0,0,0,0,0,0,0,0,0,0,0,0,0,0,0,0,0,0,0,0,0,0,0,0,0,0,0,0,0,0,0,0,0,0,0,0,0,0,0,0,0,0,0,0,0,0,0,0,0,0,0,0,0,0,0,0,0,0,0,0,0,0,0,0,0,0,0,0,0,0,0,0,0,0,0,0,0,0,0,0,0,0,0,0,0,0,0,0,0,0,0,0,0,0,0,0,0,0,0,0,0,0,0,0,0,0,0,0,0,0,0,0,0,0,0,0,0,0,0,0,0
"arusha/karatu/mangola",0,0,0,0,0,0,0,0,0,0,0,0,0,0,0,0,0,0,0,0,0,0,0,0,0,0,0,0,0,0,0,0,0,0,0,0,0,0,0,0,0,0,0,0,0,0,0,0,0,0,0,0,0,0,0,0,0,0,0,0,0,0,0,0,0,0,0,0,0,0,0,0,0,0,0,0,0,0,0,0,0,0,0,0,0,0,0,0,0,0,0,0,0,0,0,0,0,0,0,0,0,0,0,0,0,0,0,0,0,0,0,0,0,0,0,0,0,0,0,0,0,0,0,0,0,0,0,0,0,0,0,0,0,0,0,0,0,0,0,0,0,0,0,0,0,0,0,0,0,0,0,0,0,0,0,0,0,0,0,0,0,0,0,0,0,0,0,0,0,0,0,0,0,0,0,0,0,0,0,0,0,0,0,0,0,0,0,0,0,0,0,0,0,0,0,0,0,0,0,0,0,0,0,0,0,0,0,0,0,0,0,0,0,0,0,0,0,0,0,0,0,0,0,0,0,0,0,0,0,0,0,0,0,0,0,0,0,0,0,0,0,0,0,0,0,0,0,0,0,0,0,0,0,0,0,0,0,0,0,0,0,0,0,0,0,0,0,0,0,0,0,0,0,0,0,0,0,0,0,0,0,0,0,0,0,0,0,0,0,0,0,0,0,0,0,0,0,0,0,0,0,0,0,0,0,0,0,0,0,0,0,0,0,0,0,0,0,0,0,0,0,0,0,0,0,0,0,0,0,0,0,0,0,0,0,0,0,0,0,0,0,0,0,0,0,0,0,0,0,0,0,0,0,0,0,0,0,0,0,0,0,0,0,0,0,0,0,0,0,0,0,0,0,0,0,0,0,0,0,0,0,0,0,0,0,0,0,0,0,0,0,0,0,0,0,0,0,0
"kilimanjaro/same/maore",0,0,0,0,0,0,0,0,0,0,0,0,0,0,0,0,0,0,0,0,0,0,0,0,0,0,0,0,0,0,0,0,0,0,0,0,0,0,0,0,0,0,0,0,0,0,0,0,0,0,0,0,0,0,0,0,0,0,0,0,0,0,0,0,0,0,0,0,0,0,0,0,0,0,0,0,0,0,0,0,0,0,0,0,0,0,0,0,0,0,0,0,0,0,0,0,0,0,0,0,0,0,0,0,0,0,0,0,0,0,0,0,0,0,0,0,0,0,0,0,0,0,0,0,0,0,0,0,0,0,0,0,0,0,0,0,0,0,0,0,0,0,0,0,0,0,0,0,0,0,0,0,0,0,0,0,0,0,0,0,0,0,0,0,0,0,0,0,0,0,0,0,0,0,0,0,0,0,0,0,0,0,0,0,0,0,0,0,0,0,0,0,0,0,0,0,0,0,0,0,0,0,0,0,0,0,0,0,0,0,0,0,0,0,0,0,0,0,0,0,0,0,0,0,0,0,0,0,0,0,0,0,0,0,0,0,0,0,0,0,0,0,0,0,0,0,0,0,0,0,0,0,0,0,0,0,0,0,0,0,0,0,0,0,0,0,0,0,0,0,0,0,0,0,0,0,0,0,0,0,0,0,0,0,0,0,0,0,0,0,0,0,0,0,0,0,0,0,0,0,0,0,0,0,0,0,0,0,0,0,0,0,0,0,0,0,0,0,0,0,0,0,0,0,0,0,0,0,0,0,0,0,0,0,0,0,0,0,0,0,0,0,0,0,0,0,0,0,0,0,0,0,0,0,0,0,0,0,0,0,0,0,0,0,0,0,0,0,0,0,0,0,0,0,0,0,0,0,0,0,0,0,0,0,0,0,0,0,0,0,0,0,0,0,0,0,0,0
"manyara/mbulu/marang",0,0,0,0,0,0,0,0,0,0,0,0,0,0,0,0,0,0,0,0,0,0,0,0,0,0,0,0,0,0,0,0,0,0,0,0,0,0,0,0,0,0,0,0,0,0,0,0,0,0,0,0,0,0,0,0,0,0,0,0,0,0,0,0,0,0,0,0,0,0,0,0,0,0,0,0,0,0,0,0,0,0,0,0,0,0,0,0,0,0,0,0,0,0,0,0,0,0,0,0,0,0,0,0,0,0,0,0,0,0,0,0,0,0,0,0,0,0,0,0,0,0,0,0,0,0,0,0,0,0,0,0,0,0,0,0,0,0,0,0,0,0,0,0,0,0,0,0,0,0,0,0,0,0,0,0,0,0,0,0,0,0,0,0,0,0,0,0,0,0,0,0,0,0,0,0,0,0,0,0,0,0,0,0,0,0,0,0,0,0,0,0,0,0,0,0,0,0,0,0,0,0,0,0,0,0,0,0,0,0,0,0,0,0,0,0,0,0,0,0,0,0,0,0,0,0,0,0,0,0,0,0,0,0,0,0,0,0,0,0,0,0,0,0,0,0,0,0,0,0,0,0,0,0,0,0,0,0,0,0,0,0,0,0,0,0,0,0,0,0,0,0,0,0,0,0,0,0,0,0,0,0,0,0,0,0,0,0,0,0,0,0,0,0,0,0,0,0,0,0,0,0,0,0,0,0,0,0,0,0,0,0,0,0,0,0,0,0,0,0,0,0,0,0,0,0,0,0,0,0,0,0,0,0,0,0,0,0,0,0,0,0,0,0,0,0,0,0,0,0,0,0,0,0,0,0,0,0,0,0,0,0,0,0,0,0,0,0,0,0,0,0,0,0,0,0,0,0,0,0,0,0,0,0,0,0,0,0,0,0,0,0,0,0,0,0,0,0
"kilimanjaro/rombo/marangukitowo",0,0,0,0,0,0,0,0,0,0,0,0,0,0,0,0,0,0,0,0,0,0,0,0,0,0,0,0,0,0,0,0,0,0,0,0,0,0,0,0,0,0,0,0,0,0,0,0,0,0,0,0,0,0,0,0,0,0,0,0,0,0,0,0,0,0,0,0,0,0,0,0,0,0,0,0,0,0,0,0,0,0,0,0,0,0,0,0,0,0,0,0,0,0,0,0,0,0,0,0,0,0,0,0,0,0,0,0,0,0,0,0,0,0,0,0,0,0,0,0,0,0,0,0,0,0,0,0,0,0,0,0,0,0,0,0,0,0,0,0,0,0,0,0,0,0,0,0,0,0,0,0,0,0,0,0,0,0,0,0,0,0,0,0,0,0,0,0,0,0,0,0,0,0,0,0,0,0,0,0,0,0,0,0,0,0,0,0,0,0,0,0,0,0,0,0,0,0,0,0,0,0,0,0,0,0,0,0,0,0,0,0,0,0,0,0,0,0,0,0,0,0,0,0,0,0,0,0,0,0,0,0,0,0,0,0,0,0,0,0,0,0,0,0,0,0,0,0,0,0,0,0,0,0,0,0,0,0,0,0,0,0,0,0,0,0,0,0,0,0,0,0,0,0,0,0,0,0,0,0,0,0,0,0,0,0,0,0,0,0,0,0,0,0,0,0,0,0,0,0,0,0,0,0,0,0,0,0,0,0,0,0,0,0,0,0,0,0,0,0,0,0,0,0,0,0,0,0,0,0,0,0,0,0,0,0,0,0,0,0,0,0,0,0,0,0,0,0,0,0,0,0,0,0,0,0,0,0,0,0,0,0,0,0,0,0,0,0,0,0,0,0,0,0,0,0,0,0,0,0,0,0,0,0,0,0,0,0,0,0,0,0,0,0,0,0,0,0
"kilimanjaro/moshi/marangumagharibi",0,0,0,0,0,0,0,0,0,0,0,0,0,0,0,0,0,0,0,0,0,0,0,0,0,0,0,0,0,0,0,0,0,0,0,0,0,0,0,0,0,0,0,0,0,0,0,0,0,0,0,0,0,0,0,0,0,0,0,0,0,0,0,0,0,0,0,0,0,0,0,0,0,0,0,0,0,0,0,0,0,0,0,0,0,0,0,0,0,0,0,0,0,0,0,0,0,0,0,0,0,0,0,0,0,0,0,0,0,0,0,0,0,0,0,0,0,0,0,0,0,0,0,0,0,0,0,0,0,0,0,0,0,0,0,0,0,0,0,0,0,0,0,0,0,0,0,0,0,0,0,0,0,0,0,0,0,0,0,0,0,0,0,0,0,0,0,0,0,0,0,0,0,0,0,0,0,0,0,0,0,0,0,0,0,0,0,0,0,0,0,0,0,0,0,0,0,0,0,0,0,0,0,0,0,0,0,0,0,0,0,0,0,0,0,0,0,0,0,0,0,0,0,0,0,0,0,0,0,0,0,0,0,0,0,0,0,0,0,0,0,0,0,0,0,0,0,0,0,0,0,0,0,0,0,0,0,0,0,0,0,0,0,0,0,0,0,0,0,0,0,0,0,0,0,0,0,0,0,0,0,0,0,0,0,0,0,0,0,0,0,0,0,0,0,0,0,0,0,0,0,0,0,0,0,0,0,0,0,0,0,0,0,0,0,0,0,0,0,0,0,0,0,0,0,0,0,0,0,0,0,0,0,0,0,0,0,0,0,0,0,0,0,0,0,0,0,0,0,0,0,0,0,0,0,0,0,0,0,0,0,0,0,0,0,0,0,0,0,0,0,0,0,0,0,0,0,0,0,0,0,0,0,0,0,0,0,0,0,0,0,0,0,0,0,0,0,0
"kilimanjaro/moshi/marangumashariki",0,0,0,0,0,0,0,0,0,0,0,0,0,0,0,0,0,0,0,0,0,0,0,0,0,0,0,0,0,0,0,0,0,0,0,0,0,0,0,0,0,0,0,0,0,0,0,0,0,0,0,0,0,0,0,0,0,0,0,0,0,0,0,0,0,0,0,0,0,0,0,0,0,0,0,0,0,0,0,0,0,0,0,0,0,0,0,0,0,0,0,0,0,0,0,0,0,0,0,0,0,0,0,0,0,0,0,0,0,0,0,0,0,0,0,0,0,0,0,0,0,0,0,0,0,0,0,0,0,0,0,0,0,0,0,0,0,0,0,0,0,0,0,0,0,0,0,0,0,0,0,0,0,0,0,0,0,0,0,0,0,0,0,0,0,0,0,0,0,0,0,0,0,0,0,0,0,0,0,0,0,0,0,0,0,0,0,0,0,0,0,0,0,0,0,0,0,0,0,0,0,0,0,0,0,0,0,0,0,0,0,0,0,0,0,0,0,0,0,0,0,0,0,0,0,0,0,0,0,0,0,0,0,0,0,0,0,0,0,0,0,0,0,0,0,0,0,0,0,0,0,0,0,0,0,0,0,0,0,0,0,0,0,0,0,0,0,0,0,0,0,0,0,0,0,0,0,0,0,0,0,0,0,0,0,0,0,0,0,0,0,0,0,0,0,0,0,0,0,0,0,0,0,0,0,0,0,0,0,0,0,0,0,0,0,0,0,0,0,0,0,0,0,0,0,0,0,0,0,0,0,0,0,0,0,0,0,0,0,0,0,0,0,0,0,0,0,0,0,0,0,0,0,0,0,0,0,0,0,0,0,0,0,0,0,0,0,0,0,0,0,0,0,0,0,0,0,0,0,0,0,0,0,0,0,0,0,0,0,0,0,0,0,0,0,0,0,0
"manyara/mbulu/maretadu",0,0,0,0,0,0,0,0,0,0,0,0,0,0,0,0,0,0,0,0,0,0,0,0,0,0,0,0,0,0,0,0,0,0,0,0,0,0,0,0,0,0,0,0,0,0,0,0,0,0,0,0,0,0,0,0,0,0,0,0,0,0,0,0,0,0,0,0,0,0,0,0,0,0,0,0,0,0,0,0,0,0,0,0,0,0,0,0,0,0,0,0,0,0,0,0,0,0,0,0,0,0,0,0,0,0,0,0,0,0,0,0,0,0,0,0,0,0,0,0,0,0,0,0,0,0,0,0,0,0,0,0,0,0,0,0,0,0,0,0,0,0,0,0,0,0,0,0,0,0,0,0,0,0,0,0,0,0,0,0,0,0,0,0,0,0,0,0,0,0,0,0,0,0,0,0,0,0,0,0,0,0,0,0,0,0,0,0,0,0,0,0,0,0,0,0,0,0,0,0,0,0,0,0,0,0,0,0,0,0,0,0,0,0,0,0,0,0,0,0,0,0,0,0,0,0,0,0,0,0,0,0,0,0,0,0,0,0,0,0,0,0,0,0,0,0,0,0,0,0,0,0,0,0,0,0,0,0,0,0,0,0,0,0,0,0,0,0,0,0,0,0,0,0,0,0,0,0,0,0,0,0,0,0,0,0,0,0,0,0,0,0,0,0,0,0,0,0,0,0,0,0,0,0,0,0,0,0,0,0,0,0,0,0,0,0,0,0,0,0,0,0,0,0,0,0,0,0,0,0,0,0,0,0,0,0,0,0,0,0,0,0,0,0,0,0,0,0,0,0,0,0,0,0,0,0,0,0,0,0,0,0,0,0,0,0,0,0,0,0,0,0,0,0,0,0,0,0,0,0,0,0,0,0,0,0,0,0,0,0,0,0,0,0,0,0,0,0
"arusha/meru/maroroni",0,0,0,0,0,0,0,0,0,0,0,0,0,0,0,0,0,0,0,0,0,0,0,0,0,0,0,0,0,0,0,0,0,0,0,0,0,0,0,0,0,0,0,0,0,0,0,0,0,0,0,0,0,0,0,0,0,0,0,0,0,0,0,0,0,0,0,0,0,0,0,0,0,0,0,0,0,0,0,0,0,0,0,0,0,0,0,0,0,0,0,0,0,0,0,0,0,0,0,0,0,0,0,0,0,0,0,0,0,0,0,0,0,0,0,0,0,0,0,0,0,0,0,0,0,0,0,0,0,0,0,0,0,0,0,0,0,0,0,0,0,0,0,0,0,0,0,0,0,0,0,0,0,0,0,0,0,0,0,0,0,0,0,0,0,0,0,0,0,0,0,0,0,0,0,0,0,0,0,0,0,0,0,0,0,0,0,0,0,0,0,0,0,0,0,0,0,0,0,0,0,0,0,0,0,0,0,0,0,0,0,0,0,0,0,0,0,0,0,0,0,0,0,0,0,0,0,0,0,0,0,0,0,0,0,0,0,0,0,0,0,0,0,0,0,0,0,0,0,0,0,0,0,0,0,0,0,0,0,0,0,0,0,0,0,0,0,0,0,0,0,0,0,0,0,0,0,0,0,0,0,0,0,0,0,0,0,0,0,0,0,0,0,0,0,0,0,0,0,0,0,0,0,0,0,0,0,0,0,0,0,0,0,0,0,0,0,0,0,0,0,0,0,0,0,0,0,0,0,0,0,0,0,0,0,0,0,0,0,0,0,0,0,0,0,0,0,0,0,0,0,0,0,0,0,0,0,0,0,0,0,0,0,0,0,0,0,0,0,0,0,0,0,0,0,0,0,0,0,0,0,0,0,0,0,0,0,0,0,0,0,0,0,0,0,0,0,0
"manyara/hanang/masakta",0,0,0,0,0,0,0,0,0,0,0,0,0,0,0,0,0,0,0,0,0,0,0,0,0,0,0,0,0,0,0,0,0,0,0,0,0,0,0,0,0,0,0,0,0,0,0,0,0,0,0,0,0,0,0,0,0,0,0,0,0,0,0,0,0,0,0,0,0,0,0,0,0,0,0,0,0,0,0,0,0,0,0,0,0,0,0,0,0,0,0,0,0,0,0,0,0,0,0,0,0,0,0,0,0,0,0,0,0,0,0,0,0,0,0,0,0,0,0,0,0,0,0,0,0,0,0,0,0,0,0,0,0,0,0,0,0,0,0,0,0,0,0,0,0,0,0,0,0,0,0,0,0,0,0,0,0,0,0,0,0,0,0,0,0,0,0,0,0,0,0,0,0,0,0,0,0,0,0,0,0,0,0,0,0,0,0,0,0,0,0,0,0,0,0,0,0,0,0,0,0,0,0,0,0,0,0,0,0,0,0,0,0,0,0,0,0,0,0,0,0,0,0,0,0,0,0,0,0,0,0,0,0,0,0,0,0,0,0,0,0,0,0,0,0,0,0,0,0,0,0,0,0,0,0,0,0,0,0,0,0,0,0,0,0,0,0,0,0,0,0,0,0,0,0,0,0,0,0,0,0,0,0,0,0,0,0,0,0,0,0,0,0,0,0,0,0,0,0,0,0,0,0,0,0,0,0,0,0,0,0,0,0,0,0,0,0,0,0,0,0,0,0,0,0,0,0,0,0,0,0,0,0,0,0,0,0,0,0,0,0,0,0,0,0,0,0,0,0,0,0,0,0,0,0,0,0,0,0,0,0,0,0,0,0,0,0,0,0,0,0,0,0,0,0,0,0,0,0,0,0,0,0,0,0,0,0,0,0,0,0,0,0,0,0,0,0,0
"kilimanjaro/hai/masamakati",0,0,0,0,0,0,0,0,0,0,0,0,0,0,0,0,0,0,0,0,0,0,0,0,0,0,0,0,0,0,0,0,0,0,0,0,0,0,0,0,0,0,0,0,0,0,0,0,0,0,0,0,0,0,0,0,0,0,0,0,0,0,0,0,0,0,0,0,0,0,0,0,0,0,0,0,0,0,0,0,0,0,0,0,0,0,0,0,0,0,0,0,0,0,0,0,0,0,0,0,0,0,0,0,0,0,0,0,0,0,0,0,0,0,0,0,0,0,0,0,0,0,0,0,0,0,0,0,0,0,0,0,0,0,0,0,0,0,0,0,0,0,0,0,0,0,0,0,0,0,0,0,0,0,0,0,0,0,0,0,0,0,0,0,0,0,0,0,0,0,0,0,0,0,0,0,0,0,0,0,0,0,0,0,0,0,0,0,0,0,0,0,0,0,0,0,0,0,0,0,0,0,0,0,0,0,0,0,0,0,0,0,0,0,0,0,0,0,0,0,0,0,0,0,0,0,0,0,0,0,0,0,0,0,0,0,0,0,0,0,0,0,0,0,0,0,0,0,0,0,0,0,0,0,0,0,0,0,0,0,0,0,0,0,0,0,0,0,0,0,0,0,0,0,0,0,0,0,0,0,0,0,0,0,0,0,0,0,0,0,0,0,0,0,0,0,0,0,0,0,0,0,0,0,0,0,0,0,0,0,0,0,0,0,0,0,0,0,0,0,0,0,0,0,0,0,0,0,0,0,0,0,0,0,0,0,0,0,0,0,0,0,0,0,0,0,0,0,0,0,0,0,0,0,0,0,0,0,0,0,0,0,0,0,0,0,0,0,0,0,0,0,0,0,0,0,0,0,0,0,0,0,0,0,0,0,0,0,0,0,0,0,0,0,0,0,0,0
"kilimanjaro/hai/masamakusini",0,0,0,0,0,0,0,0,0,0,0,0,0,0,0,0,0,0,0,0,0,0,0,0,0,0,0,0,0,0,0,0,0,0,0,0,0,0,0,0,0,0,0,0,0,0,0,0,0,0,0,0,0,0,0,0,0,0,0,0,0,0,0,0,0,0,0,0,0,0,0,0,0,0,0,0,0,0,0,0,0,0,0,0,0,0,0,0,0,0,0,0,0,0,0,0,0,0,0,0,0,0,0,0,0,0,0,0,0,0,0,0,0,0,0,0,0,0,0,0,0,0,0,0,0,0,0,0,0,0,0,0,0,0,0,0,0,0,0,0,0,0,0,0,0,0,0,0,0,0,0,0,0,0,0,0,0,0,0,0,0,0,0,0,0,0,0,0,0,0,0,0,0,0,0,0,0,0,0,0,0,0,0,0,0,0,0,0,0,0,0,0,0,0,0,0,0,0,0,0,0,0,0,0,0,0,0,0,0,0,0,0,0,0,0,0,0,0,0,0,0,0,0,0,0,0,0,0,0,0,0,0,0,0,0,0,0,0,0,0,0,0,0,0,0,0,0,0,0,0,0,0,0,0,0,0,0,0,0,0,0,0,0,0,0,0,0,0,0,0,0,0,0,0,0,0,0,0,0,0,0,0,0,0,0,0,0,0,0,0,0,0,0,0,0,0,0,0,0,0,0,0,0,0,0,0,0,0,0,0,0,0,0,0,0,0,0,0,0,0,0,0,0,0,0,0,0,0,0,0,0,0,0,0,0,0,0,0,0,0,0,0,0,0,0,0,0,0,0,0,0,0,0,0,0,0,0,0,0,0,0,0,0,0,0,0,0,0,0,0,0,0,0,0,0,0,0,0,0,0,0,0,0,0,0,0,0,0,0,0,0,0,0,0,0,0,0,0
"kilimanjaro/hai/masamamagharibi",0,0,0,0,0,0,0,0,0,0,0,0,0,0,0,0,0,0,0,0,0,0,0,0,0,0,0,0,0,0,0,0,0,0,0,0,0,0,0,0,0,0,0,0,0,0,0,0,0,0,0,0,0,0,0,0,0,0,0,0,0,0,0,0,0,0,0,0,0,0,0,0,0,0,0,0,0,0,0,0,0,0,0,0,0,0,0,0,0,0,0,0,0,0,0,0,0,0,0,0,0,0,0,0,0,0,0,0,0,0,0,0,0,0,0,0,0,0,0,0,0,0,0,0,0,0,0,0,0,0,0,0,0,0,0,0,0,0,0,0,0,0,0,0,0,0,0,0,0,0,0,0,0,0,0,0,0,0,0,0,0,0,0,0,0,0,0,0,0,0,0,0,0,0,0,0,0,0,0,0,0,0,0,0,0,0,0,0,0,0,0,0,0,0,0,0,0,0,0,0,0,0,0,0,0,0,0,0,0,0,0,0,0,0,0,0,0,0,0,0,0,0,0,0,0,0,0,0,0,0,0,0,0,0,0,0,0,0,0,0,0,0,0,0,0,0,0,0,0,0,0,0,0,0,0,0,0,0,0,0,0,0,0,0,0,0,0,0,0,0,0,0,0,0,0,0,0,0,0,0,0,0,0,0,0,0,0,0,0,0,0,0,0,0,0,0,0,0,0,0,0,0,0,0,0,0,0,0,0,0,0,0,0,0,0,0,0,0,0,0,0,0,0,0,0,0,0,0,0,0,0,0,0,0,0,0,0,0,0,0,0,0,0,0,0,0,0,0,0,0,0,0,0,0,0,0,0,0,0,0,0,0,0,0,0,0,0,0,0,0,0,0,0,0,0,0,0,0,0,0,0,0,0,0,0,0,0,0,0,0,0,0,0,0,0,0,0,0
"kilimanjaro/hai/masamamashariki",5e-06,0,2e-06,0,0,5.4e-05,0,0,0,2e-06,0,0,3e-06,4.1e-05,0,0,0,0,0,0,0,3.1e-05,0,3e-06,0,1e-06,0,0,0,0,1.7e-05,0,0,0,0,0,3e-06,0,0,1e-06,0,0,1e-06,0,0,0,0,0.000683,1e-05,0,0,0,0,0,0,0,1e-06,0,2e-06,6e-06,3e-06,2e-06,1.2e-05,0,0,2.1e-05,4e-06,0,0,1e-06,0,0,1.1e-05,0,0,2e-06,0,0,0,0,0,0,0,0,0,0,0.001465,0,0,8e-06,0,0,0.000309,2.5e-05,0,0,0.000435,0,0.000164,3.9e-05,0,0,2e-06,5e-06,1.4e-05,0.000328,0,0.000143,2.6e-05,2e-06,0.000439,0.000207,0,0,3e-06,1e-06,0.00026,0,0.000566,0.000171,0.000111,0.002475,0,2e-06,0,1e-06,1e-06,0.000564,2.2e-05,3e-06,2e-06,3.5e-05,5.6e-05,3e-05,0,2.1e-05,1e-06,5.7e-05,1e-04,0.000388,5.4e-05,0,6e-06,3.7e-05,3e-06,2e-05,0,0.000133,0.000158,3.6e-05,2e-06,0,2e-06,0,6e-06,9e-05,4e-06,0,0,0.00935,6e-06,9e-06,1e-06,1e-06,0,0,7e-06,2.3e-05,3.4e-05,2e-06,0,7e-06,0.000517,3e-06,7.9e-05,1e-06,9e-06,0,0.000253,1e-06,0,0,6e-06,1.5e-05,0.015478,0.045445,1e-05,2.3e-05,0.002457,0.001836,3.7e-05,0,0,0,1e-06,0,1e-06,0,0.000211,0,0.000205,0,3e-06,1e-06,0.000146,2.9e-05,0.000583,4e-06,1e-06,2e-06,2e-06,0,0.000174,1e-06,0,1e-06,0,0.000869,1.5e-05,7.6e-05,0,1e-06,0,6.8e-05,0.001758,0.000115,0,6e-06,0,0,0,0,1.8e-05,4e-05,0,0,5e-06,1.1e-05,1e-06,1e-06,1.2e-05,0.000196,2e-06,0.00022,0,3e-06,1.1e-05,3.2e-05,0,1e-06,0.000184,5.8e-05,0,5.4e-05,0.000125,2e-06,2e-06,3e-06,2e-06,0,0,1e-05,0,0,2e-06,1e-06,0,3.2e-05,0,0,3.4e-05,7.4e-05,0,0,0.000592,4e-06,2e-06,4e-06,0,0,5e-06,0,0.000396,0,0,0,0,6e-06,0,1.1e-05,0,3.8e-05,0,0.000177,3.8e-05,0.000126,0.000133,1e-06,7e-06,1e-06,0,0,3e-06,2e-06,0,4e-06,6e-06,1e-06,1e-06,1.5e-05,2.5e-05,0,0,2e-06,2.8e-05,0,0,0.000154,0.000457,2.7e-05,3e-06,5.7e-05,0.000138,0.000163,0.000296,1e-06,1e-06,2e-06,0,1e-05,2.2e-05,6e-06,0.000341,5e-06,3e-06,0,1.4e-05,0,0.000247,0,0,3e-06,0,0,1.3e-05,1e-06,1e-06,2.6e-05,1.4e-05,1e-06,0,0.000432,3e-06,0.000231,3e-06,5e-06,1.3e-05,2e-06,3e-06,4.7e-05,0,0,0,0,0,0.000182,2.5e-05,7.6e-05,0,3.7e-05,1.9e-05,0,0,0,5e-06,7e-06,1e-06,0,0.000131,0,0,0,0.000886,0,0,4e-06,6e-06,0.000724,9.7e-05,4e-06,0.000123,2e-06,0,0,0,0,0,0
"kilimanjaro/hai/masamarundugai",0,0,0,0,0,0,0,0,0,0,0,0,0,0,0,0,0,0,0,0,0,0,0,0,0,0,0,0,0,0,0,0,0,0,0,0,0,0,0,0,0,0,0,0,0,0,0,0,0,0,0,0,0,0,0,0,0,0,0,0,0,0,0,0,0,0,0,0,0,0,0,0,0,0,0,0,0,0,0,0,0,0,0,0,0,0,0,0,0,0,0,0,0,0,0,0,0,0,0,0,0,0,0,0,0,0,0,0,0,0,0,0,0,0,0,0,0,0,0,0,0,0,0,0,0,0,0,0,0,0,0,0,0,0,0,0,0,0,0,0,0,0,0,0,0,0,0,0,0,0,0,0,0,0,0,0,0,0,0,0,0,0,0,0,0,0,0,0,0,0,0,0,0,0,0,0,0,0,0,0,0,0,0,0,0,0,0,0,0,0,0,0,0,0,0,0,0,0,0,0,0,0,0,0,0,0,0,0,0,0,0,0,0,0,0,0,0,0,0,0,0,0,0,0,0,0,0,0,0,0,0,0,0,0,0,0,0,0,0,0,0,0,0,0,0,0,0,0,0,0,0,0,0,0,0,0,0,0,0,0,0,0,0,0,0,0,0,0,0,0,0,0,0,0,0,0,0,0,0,0,0,0,0,0,0,0,0,0,0,0,0,0,0,0,0,0,0,0,0,0,0,0,0,0,0,0,0,0,0,0,0,0,0,0,0,0,0,0,0,0,0,0,0,0,0,0,0,0,0,0,0,0,0,0,0,0,0,0,0,0,0,0,0,0,0,0,0,0,0,0,0,0,0,0,0,0,0,0,0,0,0,0,0,0,0,0,0,0,0,0,0,0,0,0,0,0,0,0,0,0,0,0,0,0,0,0,0,0,0,0,0,0,0,0,0,0,0,0
"manyara/mbulu/masieda",0,0,0,0,0,0,0,0,0,0,0,0,0,0,0,0,0,0,0,0,0,0,0,0,0,0,0,0,0,0,0,0,0,0,0,0,0,0,0,0,0,0,0,0,0,0,0,0,0,0,0,0,0,0,0,0,0,0,0,0,0,0,0,0,0,0,0,0,0,0,0,0,0,0,0,0,0,0,0,0,0,0,0,0,0,0,0,0,0,0,0,0,0,0,0,0,0,0,0,0,0,0,0,0,0,0,0,0,0,0,0,0,0,0,0,0,0,0,0,0,0,0,0,0,0,0,0,0,0,0,0,0,0,0,0,0,0,0,0,0,0,0,0,0,0,0,0,0,0,0,0,0,0,0,0,0,0,0,0,0,0,0,0,0,0,0,0,0,0,0,0,0,0,0,0,0,0,0,0,0,0,0,0,0,0,0,0,0,0,0,0,0,0,0,0,0,0,0,0,0,0,0,0,0,0,0,0,0,0,0,0,0,0,0,0,0,0,0,0,0,0,0,0,0,0,0,0,0,0,0,0,0,0,0,0,0,0,0,0,0,0,0,0,0,0,0,0,0,0,0,0,0,0,0,0,0,0,0,0,0,0,0,0,0,0,0,0,0,0,0,0,0,0,0,0,0,0,0,0,0,0,0,0,0,0,0,0,0,0,0,0,0,0,0,0,0,0,0,0,0,0,0,0,0,0,0,0,0,0,0,0,0,0,0,0,0,0,0,0,0,0,0,0,0,0,0,0,0,0,0,0,0,0,0,0,0,0,0,0,0,0,0,0,0,0,0,0,0,0,0,0,0,0,0,0,0,0,0,0,0,0,0,0,0,0,0,0,0,0,0,0,0,0,0,0,0,0,0,0,0,0,0,0,0,0,0,0,0,0,0,0,0,0,0,0,0,0,0
"manyara/hanang/maskron",0,0,0,0,0,0,0,0,0,0,0,0,0,0,0,0,0,0,0,0,0,0,0,0,0,0,0,0,0,0,0,0,0,0,0,0,0,0,0,0,0,0,0,0,0,0,0,0,0,0,0,0,0,0,0,0,0,0,0,0,0,0,0,0,0,0,0,0,0,0,0,0,0,0,0,0,0,0,0,0,0,0,0,0,0,0,0,0,0,0,0,0,0,0,0,0,0,0,0,0,0,0,0,0,0,0,0,0,0,0,0,0,0,0,0,0,0,0,0,0,0,0,0,0,0,0,0,0,0,0,0,0,0,0,0,0,0,0,0,0,0,0,0,0,0,0,0,0,0,0,0,0,0,0,0,0,0,0,0,0,0,0,0,0,0,0,0,0,0,0,0,0,0,0,0,0,0,0,0,0,0,0,0,0,0,0,0,0,0,0,0,0,0,0,0,0,0,0,0,0,0,0,0,0,0,0,0,0,0,0,0,0,0,0,0,0,0,0,0,0,0,0,0,0,0,0,0,0,0,0,0,0,0,0,0,0,0,0,0,0,0,0,0,0,0,0,0,0,0,0,0,0,0,0,0,0,0,0,0,0,0,0,0,0,0,0,0,0,0,0,0,0,0,0,0,0,0,0,0,0,0,0,0,0,0,0,0,0,0,0,0,0,0,0,0,0,0,0,0,0,0,0,0,0,0,0,0,0,0,0,0,0,0,0,0,0,0,0,0,0,0,0,0,0,0,0,0,0,0,0,0,0,0,0,0,0,0,0,0,0,0,0,0,0,0,0,0,0,0,0,0,0,0,0,0,0,0,0,0,0,0,0,0,0,0,0,0,0,0,0,0,0,0,0,0,0,0,0,0,0,0,0,0,0,0,0,0,0,0,0,0,0,0,0,0,0,0,0
"manyara/hanang/masqaroda",0,0,0,0,0,0,0,0,0,0,0,0,0,0,0,0,0,0,0,0,0,0,0,0,0,0,0,0,0,0,0,0,0,0,0,0,0,0,0,0,0,0,0,0,0,0,0,0,0,0,0,0,0,0,0,0,0,0,0,0,0,0,0,0,0,0,0,0,0,0,0,0,0,0,0,0,0,0,0,0,0,0,0,0,0,0,0,0,0,0,0,0,0,0,0,0,0,0,0,0,0,0,0,0,0,0,0,0,0,0,0,0,0,0,0,0,0,0,0,0,0,0,0,0,0,0,0,0,0,0,0,0,0,0,0,0,0,0,0,0,0,0,0,0,0,0,0,0,0,0,0,0,0,0,0,0,0,0,0,0,0,0,0,0,0,0,0,0,0,0,0,0,0,0,0,0,0,0,0,0,0,0,0,0,0,0,0,0,0,0,0,0,0,0,0,0,0,0,0,0,0,0,0,0,0,0,0,0,0,0,0,0,0,0,0,0,0,0,0,0,0,0,0,0,0,0,0,0,0,0,0,0,0,0,0,0,0,0,0,0,0,0,0,0,0,0,0,0,0,0,0,0,0,0,0,0,0,0,0,0,0,0,0,0,0,0,0,0,0,0,0,0,0,0,0,0,0,0,0,0,0,0,0,0,0,0,0,0,0,0,0,0,0,0,0,0,0,0,0,0,0,0,0,0,0,0,0,0,0,0,0,0,0,0,0,0,0,0,0,0,0,0,0,0,0,0,0,0,0,0,0,0,0,0,0,0,0,0,0,0,0,0,0,0,0,0,0,0,0,0,0,0,0,0,0,0,0,0,0,0,0,0,0,0,0,0,0,0,0,0,0,0,0,0,0,0,0,0,0,0,0,0,0,0,0,0,0,0,0,0,0,0,0,0,0,0,0,0
"manyara/mbulu/masqaroda",0,0,0,0,0,0,0,0,0,0,0,0,0,0,0,0,0,0,0,0,0,0,0,0,0,0,0,0,0,0,0,0,0,0,0,0,0,0,0,0,0,0,0,0,0,0,0,0,0,0,0,0,0,0,0,0,0,0,0,0,0,0,0,0,0,0,0,0,0,0,0,0,0,0,0,0,0,0,0,0,0,0,0,0,0,0,0,0,0,0,0,0,0,0,0,0,0,0,0,0,0,0,0,0,0,0,0,0,0,0,0,0,0,0,0,0,0,0,0,0,0,0,0,0,0,0,0,0,0,0,0,0,0,0,0,0,0,0,0,0,0,0,0,0,0,0,0,0,0,0,0,0,0,0,0,0,0,0,0,0,0,0,0,0,0,0,0,0,0,0,0,0,0,0,0,0,0,0,0,0,0,0,0,0,0,0,0,0,0,0,0,0,0,0,0,0,0,0,0,0,0,0,0,0,0,0,0,0,0,0,0,0,0,0,0,0,0,0,0,0,0,0,0,0,0,0,0,0,0,0,0,0,0,0,0,0,0,0,0,0,0,0,0,0,0,0,0,0,0,0,0,0,0,0,0,0,0,0,0,0,0,0,0,0,0,0,0,0,0,0,0,0,0,0,0,0,0,0,0,0,0,0,0,0,0,0,0,0,0,0,0,0,0,0,0,0,0,0,0,0,0,0,0,0,0,0,0,0,0,0,0,0,0,0,0,0,0,0,0,0,0,0,0,0,0,0,0,0,0,0,0,0,0,0,0,0,0,0,0,0,0,0,0,0,0,0,0,0,0,0,0,0,0,0,0,0,0,0,0,0,0,0,0,0,0,0,0,0,0,0,0,0,0,0,0,0,0,0,0,0,0,0,0,0,0,0,0,0,0,0,0,0,0,0,0,0,0,0
"arusha/longido/matale",0,0,0,0,0,0,0,0,0,0,0,0,0,0,0,0,0,0,0,0,0,0,0,0,0,0,0,0,0,0,0,0,0,0,0,0,0,0,0,0,0,0,0,0,0,0,0,0,0,0,0,0,0,0,0,0,0,0,0,0,0,0,0,0,0,0,0,0,0,0,0,0,0,0,0,0,0,0,0,0,0,0,0,0,0,0,0,0,0,0,0,0,0,0,0,0,0,0,0,0,0,0,0,0,0,0,0,0,0,0,0,0,0,0,0,0,0,0,0,0,0,0,0,0,0,0,0,0,0,0,0,0,0,0,0,0,0,0,0,0,0,0,0,0,0,0,0,0,0,0,0,0,0,0,0,0,0,0,0,0,0,0,0,0,0,0,0,0,0,0,0,0,0,0,0,0,0,0,0,0,0,0,0,0,0,0,0,0,0,0,0,0,0,0,0,0,0,0,0,0,0,0,0,0,0,0,0,0,0,0,0,0,0,0,0,0,0,0,0,0,0,0,0,0,0,0,0,0,0,0,0,0,0,0,0,0,0,0,0,0,0,0,0,0,0,0,0,0,0,0,0,0,0,0,0,0,0,0,0,0,0,0,0,0,0,0,0,0,0,0,0,0,0,0,0,0,0,0,0,0,0,0,0,0,0,0,0,0,0,0,0,0,0,0,0,0,0,0,0,0,0,0,0,0,0,0,0,0,0,0,0,0,0,0,0,0,0,0,0,0,0,0,0,0,0,0,0,0,0,0,0,0,0,0,0,0,0,0,0,0,0,0,0,0,0,0,0,0,0,0,0,0,0,0,0,0,0,0,0,0,0,0,0,0,0,0,0,0,0,0,0,0,0,0,0,0,0,0,0,0,0,0,0,0,0,0,0,0,0,0,0,0,0,0,0,0,0,0
"arusha/arusha/mateves",0,0,0,0,0,0,0,0,0,0,0,0,0,0,0,0,0,0,0,0,0,0,0,0,0,0,0,0,0,0,0,0,0,0,0,0,0,0,0,0,0,0,0,0,0,0,0,0,0,0,0,0,0,0,0,0,0,0,0,0,0,0,0,0,0,0,0,0,0,0,0,0,0,0,0,0,0,0,0,0,0,0,0,0,0,0,0,0,0,0,0,0,0,0,0,0,0,0,0,0,0,0,0,0,0,0,0,0,0,0,0,0,0,0,0,0,0,0,0,0,0,0,0,0,0,0,0,0,0,0,0,0,0,0,0,0,0,0,0,0,0,0,0,0,0,0,0,0,0,0,0,0,0,0,0,0,0,0,0,0,0,0,0,0,0,0,0,0,0,0,0,0,0,0,0,0,0,0,0,0,0,0,0,0,0,0,0,0,0,0,0,0,0,0,0,0,0,0,0,0,0,0,0,0,0,0,0,0,0,0,0,0,0,0,0,0,0,0,0,0,0,0,0,0,0,0,0,0,0,0,0,0,0,0,0,0,0,0,0,0,0,0,0,0,0,0,0,0,0,0,0,0,0,0,0,0,0,0,0,0,0,0,0,0,0,0,0,0,0,0,0,0,0,0,0,0,0,0,0,0,0,0,0,0,0,0,0,0,0,0,0,0,0,0,0,0,0,0,0,0,0,0,0,0,0,0,0,0,0,0,0,0,0,0,0,0,0,0,0,0,0,0,0,0,0,0,0,0,0,0,0,0,0,0,0,0,0,0,0,0,0,0,0,0,0,0,0,0,0,0,0,0,0,0,0,0,0,0,0,0,0,0,0,0,0,0,0,0,0,0,0,0,0,0,0,0,0,0,0,0,0,0,0,0,0,0,0,0,0,0,0,0,0,0,0,0,0,0
"manyara/kiteto/matui",0,0,0,0,0,0,0,0,0,0,0,0,0,0,0,0,0,0,0,0,0,0,0,0,0,0,0,0,0,0,0,0,0,0,0,0,0,0,0,0,0,0,0,0,0,0,0,0,0,0,0,0,0,0,0,0,0,0,0,0,0,0,0,0,0,0,0,0,0,0,0,0,0,0,0,0,0,0,0,0,0,0,0,0,0,0,0,0,0,0,0,0,0,0,0,0,0,0,0,0,0,0,0,0,0,0,0,0,0,0,0,0,0,0,0,0,0,0,0,0,0,0,0,0,0,0,0,0,0,0,0,0,0,0,0,0,0,0,0,0,0,0,0,0,0,0,0,0,0,0,0,0,0,0,0,0,0,0,0,0,0,0,0,0,0,0,0,0,0,0,0,0,0,0,0,0,0,0,0,0,0,0,0,0,0,0,0,0,0,0,0,0,0,0,0,0,0,0,0,0,0,0,0,0,0,0,0,0,0,0,0,0,0,0,0,0,0,0,0,0,0,0,0,0,0,0,0,0,0,0,0,0,0,0,0,0,0,0,0,0,0,0,0,0,0,0,0,0,0,0,0,0,0,0,0,0,0,0,0,0,0,0,0,0,0,0,0,0,0,0,0,0,0,0,0,0,0,0,0,0,0,0,0,0,0,0,0,0,0,0,0,0,0,0,0,0,0,0,0,0,0,0,0,0,0,0,0,0,0,0,0,0,0,0,0,0,0,0,0,0,0,0,0,0,0,0,0,0,0,0,0,0,0,0,0,0,0,0,0,0,0,0,0,0,0,0,0,0,0,0,0,0,0,0,0,0,0,0,0,0,0,0,0,0,0,0,0,0,0,0,0,0,0,0,0,0,0,0,0,0,0,0,0,0,0,0,0,0,0,0,0,0,0,0,0,0,0,0
"kilimanjaro/moshimunicipal/mawenzi",0,0,0,0,0,0,0,0,0,0,0,0,0,0,0,0,0,0,0,0,0,0,0,0,0,0,0,0,0,0,0,0,0,0,0,0,0,0,0,0,0,0,0,0,0,0,0,0,0,0,0,0,0,0,0,0,0,0,0,0,0,0,0,0,0,0,0,0,0,0,0,0,0,0,0,0,0,0,0,0,0,0,0,0,0,0,0,0,0,0,0,0,0,0,0,0,0,0,0,0,0,0,0,0,0,0,0,0,0,0,0,0,0,0,0,0,0,0,0,0,0,0,0,0,0,0,0,0,0,0,0,0,0,0,0,0,0,0,0,0,0,0,0,0,0,0,0,0,0,0,0,0,0,0,0,0,0,0,0,0,0,0,0,0,0,0,0,0,0,0,0,0,0,0,0,0,0,0,0,0,0,0,0,0,0,0,0,0,0,0,0,0,0,0,0,0,0,0,0,0,0,0,0,0,0,0,0,0,0,0,0,0,0,0,0,0,0,0,0,0,0,0,0,0,0,0,0,0,0,0,0,0,0,0,0,0,0,0,0,0,0,0,0,0,0,0,0,0,0,0,0,0,0,0,0,0,0,0,0,0,0,0,0,0,0,0,0,0,0,0,0,0,0,0,0,0,0,0,0,0,0,0,0,0,0,0,0,0,0,0,0,0,0,0,0,0,0,0,0,0,0,0,0,0,0,0,0,0,0,0,0,0,0,0,0,0,0,0,0,0,0,0,0,0,0,0,0,0,0,0,0,0,0,0,0,0,0,0,0,0,0,0,0,0,0,0,0,0,0,0,0,0,0,0,0,0,0,0,0,0,0,0,0,0,0,0,0,0,0,0,0,0,0,0,0,0,0,0,0,0,0,0,0,0,0,0,0,0,0,0,0,0,0,0,0,0,0,0
"kilimanjaro/moshi/mbokomu",0,0,0,0,0,0,0,0,0,0,0,0,0,0,0,0,0,0,0,0,0,0,0,0,0,0,0,0,0,0,0,0,0,0,0,0,0,0,0,0,0,0,0,0,0,0,0,0,0,0,0,0,0,0,0,0,0,0,0,0,0,0,0,0,0,0,0,0,0,0,0,0,0,0,0,0,0,0,0,0,0,0,0,0,0,0,0,0,0,0,0,0,0,0,0,0,0,0,0,0,0,0,0,0,0,0,0,0,0,0,0,0,0,0,0,0,0,0,0,0,0,0,0,0,0,0,0,0,0,0,0,0,0,0,0,0,0,0,0,0,0,0,0,0,0,0,0,0,0,0,0,0,0,0,0,0,0,0,0,0,0,0,0,0,0,0,0,0,0,0,0,0,0,0,0,0,0,0,0,0,0,0,0,0,0,0,0,0,0,0,0,0,0,0,0,0,0,0,0,0,0,0,0,0,0,0,0,0,0,0,0,0,0,0,0,0,0,0,0,0,0,0,0,0,0,0,0,0,0,0,0,0,0,0,0,0,0,0,0,0,0,0,0,0,0,0,0,0,0,0,0,0,0,0,0,0,0,0,0,0,0,0,0,0,0,0,0,0,0,0,0,0,0,0,0,0,0,0,0,0,0,0,0,0,0,0,0,0,0,0,0,0,0,0,0,0,0,0,0,0,0,0,0,0,0,0,0,0,0,0,0,0,0,0,0,0,0,0,0,0,0,0,0,0,0,0,0,0,0,0,0,0,0,0,0,0,0,0,0,0,0,0,0,0,0,0,0,0,0,0,0,0,0,0,0,0,0,0,0,0,0,0,0,0,0,0,0,0,0,0,0,0,0,0,0,0,0,0,0,0,0,0,0,0,0,0,0,0,0,0,0,0,0,0,0,0,0,0
"arusha/meru/mbuguni",0,0,0,0,0,0,0,0,0,0,0,0,0,0,0,0,0,0,0,0,0,0,0,0,0,0,0,0,0,0,0,0,0,0,0,0,0,0,0,0,0,0,0,0,0,0,0,0,0,0,0,0,0,0,0,0,0,0,0,0,0,0,0,0,0,0,0,0,0,0,0,0,0,0,0,0,0,0,0,0,0,0,0,0,0,0,0,0,0,0,0,0,0,0,0,0,0,0,0,0,0,0,0,0,0,0,0,0,0,0,0,0,0,0,0,0,0,0,0,0,0,0,0,0,0,0,0,0,0,0,0,0,0,0,0,0,0,0,0,0,0,0,0,0,0,0,0,0,0,0,0,0,0,0,0,0,0,0,0,0,0,0,0,0,0,0,0,0,0,0,0,0,0,0,0,0,0,0,0,0,0,0,0,0,0,0,0,0,0,0,0,0,0,0,0,0,0,0,0,0,0,0,0,0,0,0,0,0,0,0,0,0,0,0,0,0,0,0,0,0,0,0,0,0,0,0,0,0,0,0,0,0,0,0,0,0,0,0,0,0,0,0,0,0,0,0,0,0,0,0,0,0,0,0,0,0,0,0,0,0,0,0,0,0,0,0,0,0,0,0,0,0,0,0,0,0,0,0,0,0,0,0,0,0,0,0,0,0,0,0,0,0,0,0,0,0,0,0,0,0,0,0,0,0,0,0,0,0,0,0,0,0,0,0,0,0,0,0,0,0,0,0,0,0,0,0,0,0,0,0,0,0,0,0,0,0,0,0,0,0,0,0,0,0,0,0,0,0,0,0,0,0,0,0,0,0,0,0,0,0,0,0,0,0,0,0,0,0,0,0,0,0,0,0,0,0,0,0,0,0,0,0,0,0,0,0,0,0,0,0,0,0,0,0,0,0,0,0
"arusha/karatu/mbulumbulu",0.000146,0.000424,8e-06,0.000625,5e-06,0.000326,5e-06,7e-06,3e-06,0.001064,1.7e-05,2e-06,0.000125,0.00181,0.000341,2.3e-05,1.1e-05,2.7e-05,4e-06,1.4e-05,4e-06,9e-05,3e-06,7e-06,4e-06,2e-06,6e-06,3.3e-05,1e-06,5e-06,0.000433,5e-06,2e-06,4e-06,0.000343,9e-06,0.000189,0.000244,6.4e-05,0.000491,7e-06,2e-06,0.000194,0.000232,3.1e-05,4e-06,0.000352,0.048042,0.002637,9.3e-05,1.2e-05,5.7e-05,0.000132,7e-06,0.000141,2e-06,1.3e-05,1e-05,0.000149,0.015729,0.000701,0.014494,0.001322,1.4e-05,0,0.001156,0.001263,5e-06,0.0018,0.000786,0.000163,0,2.2e-05,0.000225,1.1e-05,0.002028,0.000425,2e-06,2e-06,3e-06,1e-06,1.5e-05,5e-06,2e-06,7e-06,1e-05,0.003162,3e-06,0.000144,0.000674,1e-06,4e-06,0.002063,0.001031,0.000209,0.000735,0.000221,2e-06,0.001007,0.000243,9e-06,1.7e-05,0.000131,0.000301,3.6e-05,0.001881,3.1e-05,0.000249,0.00017,0.026646,0.000153,0.000714,7e-05,7e-06,1e-05,7e-06,0.001137,3e-06,0.001311,0.000137,7.5e-05,0.002539,6e-06,2.1e-05,2e-06,5.2e-05,0.000156,0.00681,0.000471,8e-06,7e-06,0.000238,0.00044,5.6e-05,2e-06,0.001024,6.6e-05,0.000152,0.006975,0.000421,0.000262,3e-06,0.000405,3.9e-05,1.4e-05,0.000302,1.3e-05,0.000527,0.000457,0.000144,7e-06,5e-06,1.1e-05,5e-06,0.00023,0.01662,3.1e-05,0.000303,2.1e-05,0.019434,6.3e-05,0.001392,3e-06,1.4e-05,3e-06,2e-06,8.4e-05,0.000158,0.001995,3.3e-05,5.4e-05,0.016631,0.032375,0.000114,5.6e-05,0.000244,0.00574,2.1e-05,0.000403,8.9e-05,2e-06,9.9e-05,0.000375,6.1e-05,0.002941,0.04974,6e-06,1.1e-05,0.001436,0.000456,0.000105,5.6e-05,0.000418,8e-06,0.001053,8e-06,7e-06,7e-06,0.000453,0.000335,0.002498,6e-05,0.000217,8e-06,0.000597,7.9e-05,0.003495,0.010629,0.002371,9e-06,8e-06,2e-05,0.001129,3e-06,1.3e-05,5.6e-05,1.3e-05,0.005289,5.1e-05,0.000306,7e-06,1e-05,3e-06,1.2e-05,0.00184,4.5e-05,0.002656,1.9e-05,6.9e-05,2e-06,2e-06,1.2e-05,0.005931,0.00465,2.1e-05,1e-06,1e-05,0.000367,0,6e-06,0.000185,0.050675,4e-06,0.006505,3e-06,7e-06,2.5e-05,0.00123,3e-06,0.000182,0.010751,0.029065,6.1e-05,0.002482,0.000377,0.000107,9e-06,3.1e-05,6e-06,4e-06,3e-06,0.00014,2.7e-05,3e-06,0.036896,0.000135,1e-05,0.005749,4e-06,0.000305,0.004731,0.000824,5e-06,3e-06,0.003126,1.7e-05,0.000122,0.000388,1.4e-05,0.005272,6.3e-05,0.000166,0.024478,2.9e-05,4e-06,9e-06,1e-06,2.1e-05,9e-06,1.1e-05,2.2e-05,0.000139,1e-05,0.005655,9.7e-05,0.000269,0.003278,5.8e-05,0.000158,0.002891,3e-06,2e-06,7e-06,5.8e-05,5e-06,0.008443,0.000215,2.5e-05,1.7e-05,1e-05,0.003487,0.001382,1.3e-05,5e-06,6.4e-05,7.2e-05,4.9e-05,0.008229,0.001969,0.003311,0.000289,0.005122,0.000274,0.001381,0.030105,0.000922,0.001324,8.1e-05,7.4e-05,0.000833,0.001104,0.000589,0.035891,0.002628,0.000324,6e-06,3.4e-05,0.000272,0.005936,1.7e-05,9.8e-05,6e-06,0.000293,7e-06,0.000524,7.8e-05,0.000407,0.001393,0.000416,0.000444,6e-06,0.000743,7.9e-05,0.012871,0.025787,0.002897,0.000606,2.6e-05,1.3e-05,0.000101,6e-06,2e-06,5e-06,1e-06,5.7e-05,0.008161,0.00235,0.005597,7e-06,0.000732,3.8e-05,1e-06,4e-06,1.4e-05,1.7e-05,0.000489,0.000241,1.9e-05,0.003734,6e-06,2e-06,6e-06,0.004016,4.2e-05,6e-06,0.000235,9e-06,0.000991,0.000175,6e-06,0.002428,6e-06,4e-06,7e-06,1e-06,2e-06,8e-06,7e-06
"kilimanjaro/rombo/mengwe",0,0,0,0,0,0,0,0,0,0,0,0,0,0,0,0,0,0,0,0,0,0,0,0,0,0,0,0,0,0,0,0,0,0,0,0,0,0,0,0,0,0,0,0,0,0,0,0,0,0,0,0,0,0,0,0,0,0,0,0,0,0,0,0,0,0,0,0,0,0,0,0,0,0,0,0,0,0,0,0,0,0,0,0,0,0,0,0,0,0,0,0,0,0,0,0,0,0,0,0,0,0,0,0,0,0,0,0,0,0,0,0,0,0,0,0,0,0,0,0,0,0,0,0,0,0,0,0,0,0,0,0,0,0,0,0,0,0,0,0,0,0,0,0,0,0,0,0,0,0,0,0,0,0,0,0,0,0,0,0,0,0,0,0,0,0,0,0,0,0,0,0,0,0,0,0,0,0,0,0,0,0,0,0,0,0,0,0,0,0,0,0,0,0,0,0,0,0,0,0,0,0,0,0,0,0,0,0,0,0,0,0,0,0,0,0,0,0,0,0,0,0,0,0,0,0,0,0,0,0,0,0,0,0,0,0,0,0,0,0,0,0,0,0,0,0,0,0,0,0,0,0,0,0,0,0,0,0,0,0,0,0,0,0,0,0,0,0,0,0,0,0,0,0,0,0,0,0,0,0,0,0,0,0,0,0,0,0,0,0,0,0,0,0,0,0,0,0,0,0,0,0,0,0,0,0,0,0,0,0,0,0,0,0,0,0,0,0,0,0,0,0,0,0,0,0,0,0,0,0,0,0,0,0,0,0,0,0,0,0,0,0,0,0,0,0,0,0,0,0,0,0,0,0,0,0,0,0,0,0,0,0,0,0,0,0,0,0,0,0,0,0,0,0,0,0,0,0,0,0,0,0,0,0,0,0,0,0,0,0,0,0,0,0,0,0,0,0
"manyara/simanjiro/mererani",8.8e-05,1e-06,3e-06,3e-06,0,5e-04,0,0,0,2.2e-05,0,0,4.4e-05,0.000761,3e-06,0,0,0,0,0,1e-06,4.4e-05,0,8e-06,1e-06,2e-06,0,0,0,1e-06,0.001009,0,0,2e-06,1e-06,0,5.7e-05,3e-06,0,6e-06,0,0,9e-06,2e-06,1e-06,0,3e-06,0.011216,0.00023,0,0,0,0,0,2e-06,0,0.001287,0,4.2e-05,5.1e-05,1.4e-05,2e-05,6.4e-05,1e-06,0,0.000502,5.2e-05,0,4e-06,2.2e-05,0,0,1e-05,2e-06,0,1.5e-05,2e-06,0,0,0,0,0,0,0,0,0,0.005625,0,2e-06,9.3e-05,0,0,0.001056,0.000253,1e-06,6e-06,0.000136,1e-06,0.001075,0.000194,0,0,2.2e-05,8.2e-05,3.8e-05,0.000411,0,0.000267,7.3e-05,2e-05,9.4e-05,0.000301,1e-06,2e-06,5e-06,3e-06,0.003595,0,0.001151,8.1e-05,3.7e-05,0.001541,3e-06,1.2e-05,1e-06,9e-06,1e-05,0.00824,0.001045,5e-06,4e-06,0.000113,0.000317,5.6e-05,1e-06,0.000366,1.4e-05,0.000118,0.000355,0.000406,0.000379,1e-06,9.3e-05,3.4e-05,5e-06,0.000163,0,0.000426,0.000304,9.9e-05,3e-06,3e-06,4e-06,2e-06,5.2e-05,0.001401,7e-06,3e-06,3e-06,0.02004,3.8e-05,0.000313,4e-06,7e-06,0,0,8.2e-05,9.9e-05,0.00072,2.2e-05,3e-06,9.1e-05,0.008695,4.7e-05,2.8e-05,2.1e-05,0.000182,1e-06,0.000385,9e-06,0,1e-06,7.3e-05,7.3e-05,0.002041,0.096908,3e-06,6e-06,0.001301,0.000376,0.000163,1e-06,2e-06,0,1.4e-05,1e-06,4e-06,0,0.000434,0,0.002745,6e-06,3.7e-05,7.7e-05,0.000277,6.2e-05,0.002175,5.7e-05,1e-05,5e-06,5e-06,0,0.000519,2e-06,0,1e-05,0,0.001835,2.9e-05,0.000176,0,3e-05,0,9e-06,0.002235,3.5e-05,0.001755,3.9e-05,0,0,0,0,9.7e-05,0.000822,1e-06,1e-06,7e-06,0.001666,9e-06,3e-06,0,0.003806,4e-06,0.002325,1e-06,7e-06,2.4e-05,0.000926,0,3.2e-05,0.002883,0.000526,2e-06,0.001201,0.000116,2.2e-05,4e-06,1.9e-05,5e-06,1e-06,1e-06,0.000189,0,1e-06,2.4e-05,3e-06,0,0.000424,0,5e-06,0.00038,0.000642,3e-06,1e-06,0.001727,8e-06,2.3e-05,0.000122,0,2e-06,0.000323,0,0.001339,0,0,0,0,8e-06,0,7e-06,2e-06,3.7e-05,2e-06,0.007968,8.8e-05,9.7e-05,0.000674,1.4e-05,0.000143,5e-06,1e-06,1e-06,7e-06,2.6e-05,0,5.6e-05,9.7e-05,1.8e-05,8e-06,6e-06,0.00046,3e-06,1e-06,5e-06,4.6e-05,0,0,0.000882,0.000754,0.000912,0.000116,0.000564,0.00035,0.000244,0.003778,8e-06,1e-05,3e-05,1e-06,0.000151,0.000317,7.6e-05,0.001359,3.6e-05,6.1e-05,0,3.8e-05,2e-06,0.004202,1e-06,0,5e-06,0,0,0.000189,1.2e-05,3e-06,0.000251,0.000166,5e-06,0,0.000451,4.7e-05,0.003914,2.8e-05,7.5e-05,0.00109,1.7e-05,6e-06,0.000117,0,0,0,0,1e-06,0.002795,0.000511,0.001381,0,0.000345,4.1e-05,0,1e-06,1e-06,6e-06,0.000192,3.7e-05,7e-06,0.000317,0,1e-06,0,0.001406,1e-06,0,6.4e-05,5e-06,0.000829,0.000123,4e-06,0.002677,3e-06,1e-06,2e-06,0,0,0,0
"arusha/monduli/meserani",0.039081,0.002255,0.000859,0.00457,0.000309,0.050773,0.000165,0.000235,0.000239,0.077659,0.001193,0.000111,0.030328,0.384493,0.007973,0.000685,0.000185,0.000689,9.4e-05,0.000321,0.000375,0.006965,0.000225,0.00104,0.000354,0.000324,0.000474,0.000771,6e-05,0.00051,0.106166,0.000365,0.00021,0.000454,0.001708,0.00025,0.060269,0.006772,0.000873,0.010022,0.000243,6e-05,0.007342,0.004737,0.001203,0.000263,0.009447,0.99099,0.569747,0.000649,0.000211,0.000635,0.001412,0.000246,0.004424,0.000107,0.003553,0.001301,0.020488,0.093743,0.013443,0.052845,0.088844,0.001093,7e-06,0.329693,0.245166,0.000148,0.035504,0.052338,0.000813,2.5e-05,0.002896,0.00769,0.000288,0.020981,0.005382,8.7e-05,9.2e-05,0.000127,7.4e-05,0.000517,0.000188,0.000156,0.000399,0.000148,0.387003,0.000143,0.002731,0.032781,8.2e-05,7.8e-05,0.202431,0.186225,0.00361,0.023362,0.0301,0.000265,0.13327,0.031805,0.000366,0.000294,0.01167,0.087362,0.00521,0.152003,6e-04,0.035704,0.02493,0.072975,0.020782,0.073715,0.00201,0.002309,0.001157,0.000802,0.189437,0.00026,0.159762,0.016993,0.005005,0.258589,0.000699,0.002664,0.000271,0.004762,0.006763,0.47191,0.124001,0.001017,0.000822,0.014993,0.055166,0.007978,0.000194,0.25403,0.017012,0.0199,0.291539,0.058168,0.048143,0.000278,0.112845,0.005402,0.001441,0.036171,0.000377,0.067102,0.055405,0.018089,0.000772,0.000663,0.001118,0.000632,0.021465,0.960557,0.001539,0.004616,0.002341,0.840622,0.007733,0.21265,0.000495,0.00171,6e-05,0.000111,0.012411,0.026519,0.46979,0.004415,0.002238,0.5198,0.97964,0.016246,0.007291,0.023521,0.733541,0.001218,0.055122,0.007984,0.000165,0.001693,0.036754,0.009085,0.307017,0.936004,0.000742,0.0014,0.179703,0.062342,0.016746,0.002768,0.007102,0.000147,0.049137,0.000578,0.000808,0.00048,0.06137,0.001068,0.387444,0.007863,0.011657,0.002042,0.063772,0.012605,0.325878,0.45889,0.023992,0.00108,0.000958,0.001348,0.114828,0.000372,0.00021,0.005064,0.000324,0.381109,0.006037,0.035723,0.000143,0.002535,0.00018,0.001731,0.241892,0.006494,0.285025,0.00323,0.001599,0.000111,0.000106,0.000192,0.141675,0.819322,0.00172,8.5e-05,0.001342,0.054236,0.033418,0.000669,0.046423,0,0.000521,0.316139,0.000282,0.001009,0.003484,0.316176,0.000186,0.162019,0.861106,0.640989,0.013653,0.507666,0.03721,0.010379,0.000956,0.003919,0.000796,0.000365,0.000265,0.012495,0.003614,0.00031,0.109388,0.004507,0.000451,0.716232,0.000289,0.028799,0.551289,0.104583,0.000626,0.000387,0.290048,0.001907,0.011497,0.040366,0.000596,0.009493,0.013355,0.000881,0.647316,0.001192,0.000188,0.000375,7.8e-05,0.002232,0.00041,0.001608,0.002361,0.014599,0.000888,0.750024,0.013401,0.031684,0.216126,0.018304,0.025783,0.019361,0.000307,0.000212,0.000965,0.007231,0.000447,0.25919,0.055502,0.005592,0.004174,0.001243,0.464761,0.005672,0.001159,0.000764,0.008286,0.000529,0.000516,0.393886,0.179829,0.58183,0.163005,0.544235,0.045161,0.112945,0.896573,0.009568,0.013031,0.025552,0.001875,0.209085,0.244011,0.1373,0.596539,0.056454,0.023426,0.000247,0.004992,0.004297,0.683411,0.002204,0.000719,0.000821,0.00119,0.000244,0.063333,0.007502,0.00673,0.225954,0.048506,0.008363,0.000216,0.100808,0.019786,0.898855,0.131183,0.65794,0.084665,0.003395,0.001396,0.014896,0.000389,7.4e-05,0.000382,9.1e-05,0.001328,0.788154,0.338635,0.762074,0.000516,0.134356,0.005587,0.000141,0.00041,0.000556,0.001784,0.203477,0.060637,0.006257,0.14086,0.000226,0.000249,0.000275,0.31431,0.001966,0.000204,0.074263,0.001088,0.123954,0.022303,0.000744,0.423425,0.000707,0.000381,0.000724,0.000143,0.000141,0.000296,0.000191
"kilimanjaro/moshimunicipal/mfumuni",0,0,0,0,0,0,0,0,0,0,0,0,0,0,0,0,0,0,0,0,0,0,0,0,0,0,0,0,0,0,0,0,0,0,0,0,0,0,0,0,0,0,0,0,0,0,0,0,0,0,0,0,0,0,0,0,0,0,0,0,0,0,0,0,0,0,0,0,0,0,0,0,0,0,0,0,0,0,0,0,0,0,0,0,0,0,0,0,0,0,0,0,0,0,0,0,0,0,0,0,0,0,0,0,0,0,0,0,0,0,0,0,0,0,0,0,0,0,0,0,0,0,0,0,0,0,0,0,0,0,0,0,0,0,0,0,0,0,0,0,0,0,0,0,0,0,0,0,0,0,0,0,0,0,0,0,0,0,0,0,0,0,0,0,0,0,0,0,0,0,0,0,0,0,0,0,0,0,0,0,0,0,0,0,0,0,0,0,0,0,0,0,0,0,0,0,0,0,0,0,0,0,0,0,0,0,0,0,0,0,0,0,0,0,0,0,0,0,0,0,0,0,0,0,0,0,0,0,0,0,0,0,0,0,0,0,0,0,0,0,0,0,0,0,0,0,0,0,0,0,0,0,0,0,0,0,0,0,0,0,0,0,0,0,0,0,0,0,0,0,0,0,0,0,0,0,0,0,0,0,0,0,0,0,0,0,0,0,0,0,0,0,0,0,0,0,0,0,0,0,0,0,0,0,0,0,0,0,0,0,0,0,0,0,0,0,0,0,0,0,0,0,0,0,0,0,0,0,0,0,0,0,0,0,0,0,0,0,0,0,0,0,0,0,0,0,0,0,0,0,0,0,0,0,0,0,0,0,0,0,0,0,0,0,0,0,0,0,0,0,0,0,0,0,0,0,0,0,0,0,0,0,0,0,0,0,0,0,0,0,0,0,0,0,0,0,0,0
"kilimanjaro/mwanga/mgagao",0.002044,0.000107,0.001609,0.00092,1.7e-05,0.094896,7e-06,9e-06,1.6e-05,0.003835,6.3e-05,1.3e-05,0.00132,0.019732,0.000575,2.5e-05,2.4e-05,9.6e-05,1.8e-05,6.6e-05,0.001172,0.003067,1.6e-05,0.001234,0.002407,0.000365,2.8e-05,2.1e-05,1.9e-05,0.002651,0.009018,0.000104,0.001555,0.019551,0.000131,3.8e-05,0.001666,0.000845,6.3e-05,0.001228,1.7e-05,1.3e-05,0.005581,0.00059,0.00071,1.7e-05,0.000267,0.289863,0.020279,4.2e-05,1.8e-05,3.1e-05,3.3e-05,2e-05,0.000695,9e-06,0.00074,4.7e-05,0.029996,0.014738,0.002725,0.003299,0.004908,0.000353,1e-06,0.012371,0.002799,1.3e-05,0.000441,0.004818,2.4e-05,2e-06,0.00065,0.000248,6.7e-05,0.003071,0.000279,8e-06,1.1e-05,1.2e-05,6e-06,7.6e-05,1.3e-05,1.9e-05,3.4e-05,1.3e-05,0.204865,1.2e-05,0.000534,0.217624,7e-06,1.8e-05,0.487544,0.009115,0.000134,0.000973,0.009427,0.003877,0.330787,0.109559,1.4e-05,2.4e-05,0.046853,0.002531,0.006483,0.066595,2.1e-05,0.032977,0.003479,0.003918,0.006921,0.085273,0.000398,6.2e-05,0.001696,0.001574,0.076938,7.9e-05,0.195116,0.011913,0.006207,0.210435,0.012539,0.068431,0.008062,0.017755,0.006392,0.186537,0.011681,0.00148,0.001416,0.071249,0.256496,0.008077,0.016786,0.01016,0.000486,0.028623,0.043057,0.0445,0.009638,0.00118,0.003071,0.004311,0.001929,0.634282,3.4e-05,0.131265,0.081803,0.036464,0.001028,0.015688,0.001845,0.01381,0.168054,0.059351,0.003887,0.000431,0.001903,0.855201,0.061641,0.033923,0.000538,0.143291,1.4e-05,1.4e-05,0.091918,0.003596,0.019161,0.146738,0.002039,0.009692,0.226486,0.057766,0.002198,0.004969,0.019933,0.000121,0.052207,0.004647,0.000903,0.000193,0.115437,0.015267,0.180708,0.945046,0.000331,0.000767,0.113727,0.030939,0.015646,0.00016,0.000347,2.4e-05,0.002734,0.000199,0.002124,2e-05,0.070109,2e-05,0.056164,0.001645,0.119075,0.000411,0.097811,0.002615,0.669101,0.00674,0.001842,0.001963,0.002006,8.1e-05,0.271452,0.000764,1.1e-05,0.026653,1.1e-05,0.502708,0.009375,0.06657,2.2e-05,0.00033,1.2e-05,0.000674,0.11453,0.002268,0.13934,0.002411,7.5e-05,1e-05,8e-06,2e-05,0.015763,0.02811,0.00047,9.4e-05,0.001589,0.012665,0.001457,0.001453,0.011105,0.12861,0.000566,0,0.003598,0.001205,0.004238,0.017903,1.9e-05,0.001177,0.085361,0.047804,0.000127,0.028386,0.021321,0.054344,0.001467,0.050182,0.001023,0.004252,0.002337,0.050403,2.7e-05,0.001875,0.003917,0.000333,2.1e-05,0.019485,1.2e-05,0.000582,0.017925,0.637084,0.00753,0.004197,0.543777,0.003802,0.051356,0.037671,2e-05,0.000301,0.009306,3.6e-05,0.160125,5e-05,0.000132,3.7e-05,7e-06,0.002151,2.8e-05,0.000424,0.000816,0.00376,0.004134,0.103868,0.017829,0.007909,0.0409,0.000458,0.133508,0.000873,0.000785,0.008956,0.001121,0.377962,0.000131,0.009248,0.002571,0.000427,0.000212,0.000813,0.022041,7e-04,0.00028,0.001186,0.010656,1.9e-05,0.000121,0.061851,0.216714,0.034707,0.003994,0.025411,0.01345,0.029385,0.175079,0.002526,0.003244,0.000815,0.000292,0.005401,0.009869,0.003097,0.166345,0.007955,0.047212,0.000163,0.00579,0.000364,0.089081,0.000126,2.1e-05,0.000863,2.6e-05,2.9e-05,0.369169,0.014022,0.000698,0.010087,0.721092,0.000986,8e-06,0.02446,0.001136,0.10762,0.003784,0.004486,0.039482,0.06514,0.002531,0.014936,2e-05,1.3e-05,2e-05,9e-06,0.000192,0.077477,0.02044,0.042089,0.000168,0.010526,0.005736,0.002469,0.002365,0.000458,0.001507,0.004952,0.003225,0.000182,0.042507,1.1e-05,0.008819,1.6e-05,0.341258,0.000159,8e-06,0.001943,0.000985,0.114749,0.024174,0.000758,0.046983,0.000933,0.003786,0.005274,0.004915,0.000489,1.6e-05,1.3e-05
"kilimanjaro/same/mhezi",0,0,0,0,0,0,0,0,0,0,0,0,0,0,0,0,0,0,0,0,0,0,0,0,0,0,0,0,0,0,0,0,0,0,0,0,0,0,0,0,0,0,0,0,0,0,0,0,0,0,0,0,0,0,0,0,0,0,0,0,0,0,0,0,0,0,0,0,0,0,0,0,0,0,0,0,0,0,0,0,0,0,0,0,0,0,0,0,0,0,0,0,0,0,0,0,0,0,0,0,0,0,0,0,0,0,0,0,0,0,0,0,0,0,0,0,0,0,0,0,0,0,0,0,0,0,0,0,0,0,0,0,0,0,0,0,0,0,0,0,0,0,0,0,0,0,0,0,0,0,0,0,0,0,0,0,0,0,0,0,0,0,0,0,0,0,0,0,0,0,0,0,0,0,0,0,0,0,0,0,0,0,0,0,0,0,0,0,0,0,0,0,0,0,0,0,0,0,0,0,0,0,0,0,0,0,0,0,0,0,0,0,0,0,0,0,0,0,0,0,0,0,0,0,0,0,0,0,0,0,0,0,0,0,0,0,0,0,0,0,0,0,0,0,0,0,0,0,0,0,0,0,0,0,0,0,0,0,0,0,0,0,0,0,0,0,0,0,0,0,0,0,0,0,0,0,0,0,0,0,0,0,0,0,0,0,0,0,0,0,0,0,0,0,0,0,0,0,0,0,0,0,0,0,0,0,0,0,0,0,0,0,0,0,0,0,0,0,0,0,0,0,0,0,0,0,0,0,0,0,0,0,0,0,0,0,0,0,0,0,0,0,0,0,0,0,0,0,0,0,0,0,0,0,0,0,0,0,0,0,0,0,0,0,0,0,0,0,0,0,0,0,0,0,0,0,0,0,0,0,0,0,0,0,0,0,0,0,0,0,0,0,0,0,0,0,0,0
"kilimanjaro/moshimunicipal/miembeni",0,0,0,0,0,0,0,0,0,0,0,0,0,0,0,0,0,0,0,0,0,0,0,0,0,0,0,0,0,0,0,0,0,0,0,0,0,0,0,0,0,0,0,0,0,0,0,0,0,0,0,0,0,0,0,0,0,0,0,0,0,0,0,0,0,0,0,0,0,0,0,0,0,0,0,0,0,0,0,0,0,0,0,0,0,0,0,0,0,0,0,0,0,0,0,0,0,0,0,0,0,0,0,0,0,0,0,0,0,0,0,0,0,0,0,0,0,0,0,0,0,0,0,0,0,0,0,0,0,0,0,0,0,0,0,0,0,0,0,0,0,0,0,0,0,0,0,0,0,0,0,0,0,0,0,0,0,0,0,0,0,0,0,0,0,0,0,0,0,0,0,0,0,0,0,0,0,0,0,0,0,0,0,0,0,0,0,0,0,0,0,0,0,0,0,0,0,0,0,0,0,0,0,0,0,0,0,0,0,0,0,0,0,0,0,0,0,0,0,0,0,0,0,0,0,0,0,0,0,0,0,0,0,0,0,0,0,0,0,0,0,0,0,0,0,0,0,0,0,0,0,0,0,0,0,0,0,0,0,0,0,0,0,0,0,0,0,0,0,0,0,0,0,0,0,0,0,0,0,0,0,0,0,0,0,0,0,0,0,0,0,0,0,0,0,0,0,0,0,0,0,0,0,0,0,0,0,0,0,0,0,0,0,0,0,0,0,0,0,0,0,0,0,0,0,0,0,0,0,0,0,0,0,0,0,0,0,0,0,0,0,0,0,0,0,0,0,0,0,0,0,0,0,0,0,0,0,0,0,0,0,0,0,0,0,0,0,0,0,0,0,0,0,0,0,0,0,0,0,0,0,0,0,0,0,0,0,0,0,0,0,0,0,0,0,0,0,0
"kilimanjaro/moshimunicipal/mjimpya",0,0,0,0,0,0,0,0,0,0,0,0,0,0,0,0,0,0,0,0,0,0,0,0,0,0,0,0,0,0,0,0,0,0,0,0,0,0,0,0,0,0,0,0,0,0,0,0,0,0,0,0,0,0,0,0,0,0,0,0,0,0,0,0,0,0,0,0,0,0,0,0,0,0,0,0,0,0,0,0,0,0,0,0,0,0,0,0,0,0,0,0,0,0,0,0,0,0,0,0,0,0,0,0,0,0,0,0,0,0,0,0,0,0,0,0,0,0,0,0,0,0,0,0,0,0,0,0,0,0,0,0,0,0,0,0,0,0,0,0,0,0,0,0,0,0,0,0,0,0,0,0,0,0,0,0,0,0,0,0,0,0,0,0,0,0,0,0,0,0,0,0,0,0,0,0,0,0,0,0,0,0,0,0,0,0,0,0,0,0,0,0,0,0,0,0,0,0,0,0,0,0,0,0,0,0,0,0,0,0,0,0,0,0,0,0,0,0,0,0,0,0,0,0,0,0,0,0,0,0,0,0,0,0,0,0,0,0,0,0,0,0,0,0,0,0,0,0,0,0,0,0,0,0,0,0,0,0,0,0,0,0,0,0,0,0,0,0,0,0,0,0,0,0,0,0,0,0,0,0,0,0,0,0,0,0,0,0,0,0,0,0,0,0,0,0,0,0,0,0,0,0,0,0,0,0,0,0,0,0,0,0,0,0,0,0,0,0,0,0,0,0,0,0,0,0,0,0,0,0,0,0,0,0,0,0,0,0,0,0,0,0,0,0,0,0,0,0,0,0,0,0,0,0,0,0,0,0,0,0,0,0,0,0,0,0,0,0,0,0,0,0,0,0,0,0,0,0,0,0,0,0,0,0,0,0,0,0,0,0,0,0,0,0,0,0,0,0
"arusha/arusha/mlangarini",8.6e-05,0,0,0,0,1.2e-05,0,0,0,2e-06,0,0,2.6e-05,0.000833,0,0,0,0,0,0,0,4e-06,0,0,0,0,0,0,0,0,0.000182,0,0,0,0,0,4.7e-05,0,0,1e-06,0,0,1e-06,0,0,0,0,0.006952,2.2e-05,0,0,0,0,0,0,0,1e-06,0,2e-06,5e-06,2e-06,3e-06,1.1e-05,0,0,0.00073,1.4e-05,0,1e-06,2e-06,0,0,1e-06,0,0,2e-06,0,0,0,0,0,0,0,0,0,0,0.000192,0,0,4e-06,0,0,4.2e-05,9.7e-05,0,1e-06,9e-06,0,3.1e-05,6e-06,0,0,1e-06,5.8e-05,1e-06,3.1e-05,0,9e-06,9e-06,3e-06,6e-06,1.5e-05,0,2e-06,0,0,8.8e-05,0,4.2e-05,4e-06,2e-06,7.5e-05,0,0,0,0,1e-06,0.000721,0.000202,0,0,4e-06,1.1e-05,2e-06,0,0.000344,7e-06,4e-06,4.2e-05,1.6e-05,2.6e-05,0,5.6e-05,1e-06,0,6e-06,0,1.5e-05,1.2e-05,4e-06,0,0,0,0,2e-06,0.00046,0,0,0,0.00071,1e-06,2e-05,0,0,0,0,2e-06,1.3e-05,0.000791,1e-06,0,1.6e-05,0.006134,2e-06,2e-06,1e-06,2.3e-05,0,1.4e-05,1e-06,0,0,3e-06,2e-06,0.000106,0.003517,0,0,5.8e-05,1.9e-05,5e-06,0,0,0,1e-06,0,0,0,1.6e-05,0,0.000472,0,2e-06,1e-06,1.3e-05,5e-06,8.1e-05,9e-06,1e-06,0,0,0,2.2e-05,0,0,0,0,9.2e-05,1e-06,7e-06,0,2e-06,0,1e-06,9.8e-05,2e-06,0.000101,1e-06,0,0,0,0,1.1e-05,0.000363,0,0,0,5e-05,1e-06,0,2e-05,0.000699,0,8e-05,0,0,1e-06,0,0,9e-06,0.001904,0.000113,1e-06,0.00234,7e-06,1e-06,0,1e-06,0,0,0,4e-06,0,0,3e-06,0,0,0.000135,0,1e-06,0.000117,2e-05,0,0,7e-05,0,1e-06,5e-06,0,0,3e-06,0,0.000152,0,0,0,0,0,0,1e-06,0,3e-06,0,0.004413,3e-06,8e-06,0.000131,1e-05,4e-06,1e-06,0,0,0,1e-06,0,7e-06,7.8e-05,6e-06,5e-06,0,0.000241,0,0,0,2e-06,0,0,0.00019,3.8e-05,0.000261,1.4e-05,0.000176,1.8e-05,2.2e-05,0.001686,1e-06,1e-06,3.3e-05,0,7.6e-05,0.000197,3e-05,0.000188,3e-06,3e-06,0,1e-06,0,0.002323,0,0,0,0,0,7e-06,1e-06,0,8.6e-05,6e-06,0,0,3.7e-05,2.9e-05,0.003075,5e-06,1.6e-05,2.3e-05,1e-06,0,4e-06,0,0,0,0,0,0.001999,0.000442,0.00094,0,0.000101,1e-06,0,0,0,0,0.000127,3e-06,7e-06,3.7e-05,0,0,0,7.4e-05,0,0,4.7e-05,0,3.4e-05,5e-06,0,0.001015,0,0,0,0,0,0,0
"manyara/hanang/mogitu",0.000171,7.4e-05,2.2e-05,0.000396,0.000339,0.000891,4.1e-05,4.6e-05,0.000267,0.030983,0.000765,0.002421,0.000127,0.001941,0.003173,0.000122,0.000214,0.003093,0.000748,0.003612,2.4e-05,9.8e-05,0.000242,1.7e-05,1.9e-05,5e-06,0.000345,5.3e-05,1.1e-05,2.9e-05,0.001059,8.8e-05,1.1e-05,1.4e-05,0.000176,0.002114,0.000187,0.01735,0.000189,0.000503,0.000308,0.001038,0.00175,0.008074,0.000395,0.000419,8.1e-05,0.043975,0.009071,6.9e-05,8.2e-05,6.4e-05,5.2e-05,0.000359,0.030956,0.000741,2.7e-05,0.000107,0.000902,0.015282,0.000396,0.001057,8e-04,0.000223,0,0.00129,0.000625,0.000142,0.000434,0.00765,3.2e-05,0.002145,3.3e-05,0.001022,0.007219,0.000686,0.000111,0.002889,0.000371,0.000366,0.000301,0.001479,0.00033,0.000934,0.006105,5.2e-05,0.00625,0.000517,0.008189,0.002759,0.000717,0.000324,0.006286,0.000955,4.6e-05,0.005726,0.000375,8e-06,0.0029,0.000723,8.7e-05,5.8e-05,0.000725,0.000288,8.9e-05,0.003636,6.4e-05,0.000576,0.000219,0.003672,0.000265,0.00182,0.208219,7e-06,2.7e-05,2e-05,0.002234,4.9e-05,0.003239,0.000295,0.00011,0.005644,2e-05,7.8e-05,9e-06,0.000297,0.001215,0.007359,0.000709,2.2e-05,1.8e-05,0.000477,0.001386,0.000131,6e-06,0.001055,5.8e-05,0.000388,0.006751,0.000928,0.000418,1.6e-05,0.000369,8.6e-05,3.9e-05,0.001128,0.000249,0.001434,0.001184,0.000396,1.9e-05,1.7e-05,3.1e-05,2.6e-05,0.001122,0.011437,5.9e-05,7.9e-05,0.000173,0.04562,0.000209,0.003371,8e-06,5.6e-05,0.000832,0.001004,0.000277,0.000211,0.002107,0.000121,0.000428,0.003011,0.030824,0.000573,9.3e-05,0.00148,0.007482,1.8e-05,0.000936,0.000874,9e-06,0.000102,0.002235,0.00016,0.00585,0.157241,1.2e-05,2.3e-05,0.002978,0.000892,0.000248,0.003291,0.000674,0.000416,0.00588,0.000112,2.1e-05,0.00016,0.001099,1.9e-05,0.003438,0.000792,0.000843,1.6e-05,0.001614,0.00012,0.010398,0.002954,0.001196,2.5e-05,2.3e-05,0.000126,0.003397,1e-05,3.7e-05,0.000295,4e-05,0.014834,0.000134,0.000839,0.000463,1.6e-05,0.000477,2.2e-05,0.003528,7.9e-05,0.004984,4.3e-05,0.000359,0.001296,0.000366,0.000122,0.00442,0.004275,0.000447,1e-06,2.5e-05,0.000459,0.000763,1.8e-05,0.000382,0.067736,9e-06,0.018561,1.3e-05,1.7e-05,6.1e-05,0.001538,0,0.000199,0.010186,0.007956,2.9e-05,0.002791,0.000797,0.000588,2.5e-05,0.000107,1.4e-05,1.8e-05,1.4e-05,0.000289,2.5e-05,1.7e-05,0.002802,7.7e-05,0.000204,0.0036,7.6e-05,0.001276,0.002977,0.002778,1.8e-05,1.8e-05,0.009042,4.7e-05,0.000683,0.001308,0.000104,0.000232,0.00016,2e-05,0.026403,0.000375,4.5e-05,0.000209,0.001488,5.3e-05,0.000988,1.8e-05,0.000277,0.000215,5.3e-05,0.008089,0.000244,0.000412,0.002461,5.4e-05,0.000595,0.001161,9e-06,6e-06,1.6e-05,0.000253,8.1e-05,0.010887,0.000234,3e-05,1.9e-05,2.1e-05,0.002182,0.00047,0.000295,1.4e-05,0.00016,3e-05,3.3e-05,0.004977,0.005169,0.003086,0.000519,0.003629,0.000478,0.002109,0.017748,0.000901,0.001087,8.4e-05,0.000141,0.000704,0.001063,0.000443,0.01993,0.00339,0.001444,5.9e-05,8.3e-05,0.000148,0.007202,0.000326,3.3e-05,1.4e-05,2.9e-05,0.000397,0.002633,0.000523,0.000321,0.001174,0.001897,0.00044,4.5e-05,0.001149,9.2e-05,0.012674,0.001389,0.001368,0.001118,9.4e-05,3.6e-05,0.000238,0.000252,0.000517,0.000214,0.00035,9.3e-05,0.008249,0.001688,0.005289,0.000107,0.000829,9e-05,6e-06,2.2e-05,0.000119,4.2e-05,0.000567,0.000446,1.9e-05,0.003008,9.3e-05,9e-06,0.000255,0.010373,0.010996,3.9e-05,0.000226,2e-05,0.002285,0.000421,1.4e-05,0.003236,1.6e-05,1.9e-05,3.9e-05,6e-06,9e-06,0.000202,0.000112
"arusha/monduli/moita",0,0,0,0,0,0,0,0,0,0,0,0,0,0,0,0,0,0,0,0,0,0,0,0,0,0,0,0,0,0,0,0,0,0,0,0,0,0,0,0,0,0,0,0,0,0,0,0,0,0,0,0,0,0,0,0,0,0,0,0,0,0,0,0,0,0,0,0,0,0,0,0,0,0,0,0,0,0,0,0,0,0,0,0,0,0,0,0,0,0,0,0,0,0,0,0,0,0,0,0,0,0,0,0,0,0,0,0,0,0,0,0,0,0,0,0,0,0,0,0,0,0,0,0,0,0,0,0,0,0,0,0,0,0,0,0,0,0,0,0,0,0,0,0,0,0,0,0,0,0,0,0,0,0,0,0,0,0,0,0,0,0,0,0,0,0,0,0,0,0,0,0,0,0,0,0,0,0,0,0,0,0,0,0,0,0,0,0,0,0,0,0,0,0,0,0,0,0,0,0,0,0,0,0,0,0,0,0,0,0,0,0,0,0,0,0,0,0,0,0,0,0,0,0,0,0,0,0,0,0,0,0,0,0,0,0,0,0,0,0,0,0,0,0,0,0,0,0,0,0,0,0,0,0,0,0,0,0,0,0,0,0,0,0,0,0,0,0,0,0,0,0,0,0,0,0,0,0,0,0,0,0,0,0,0,0,0,0,0,0,0,0,0,0,0,0,0,0,0,0,0,0,0,0,0,0,0,0,0,0,0,0,0,0,0,0,0,0,0,0,0,0,0,0,0,0,0,0,0,0,0,0,0,0,0,0,0,0,0,0,0,0,0,0,0,0,0,0,0,0,0,0,0,0,0,0,0,0,0,0,0,0,0,0,0,0,0,0,0,0,0,0,0,0,0,0,0,0,0,0,0,0,0,0,0,0,0,0,0,0,0,0,0,0,0,0,0,0
"arusha/arusha/moivo",0,0,0,0,0,0,0,0,0,0,0,0,0,0,0,0,0,0,0,0,0,0,0,0,0,0,0,0,0,0,0,0,0,0,0,0,0,0,0,0,0,0,0,0,0,0,0,0,0,0,0,0,0,0,0,0,0,0,0,0,0,0,0,0,0,0,0,0,0,0,0,0,0,0,0,0,0,0,0,0,0,0,0,0,0,0,0,0,0,0,0,0,0,0,0,0,0,0,0,0,0,0,0,0,0,0,0,0,0,0,0,0,0,0,0,0,0,0,0,0,0,0,0,0,0,0,0,0,0,0,0,0,0,0,0,0,0,0,0,0,0,0,0,0,0,0,0,0,0,0,0,0,0,0,0,0,0,0,0,0,0,0,0,0,0,0,0,0,0,0,0,0,0,0,0,0,0,0,0,0,0,0,0,0,0,0,0,0,0,0,0,0,0,0,0,0,0,0,0,0,0,0,0,0,0,0,0,0,0,0,0,0,0,0,0,0,0,0,0,0,0,0,0,0,0,0,0,0,0,0,0,0,0,0,0,0,0,0,0,0,0,0,0,0,0,0,0,0,0,0,0,0,0,0,0,0,0,0,0,0,0,0,0,0,0,0,0,0,0,0,0,0,0,0,0,0,0,0,0,0,0,0,0,0,0,0,0,0,0,0,0,0,0,0,0,0,0,0,0,0,0,0,0,0,0,0,0,0,0,0,0,0,0,0,0,0,0,0,0,0,0,0,0,0,0,0,0,0,0,0,0,0,0,0,0,0,0,0,0,0,0,0,0,0,0,0,0,0,0,0,0,0,0,0,0,0,0,0,0,0,0,0,0,0,0,0,0,0,0,0,0,0,0,0,0,0,0,0,0,0,0,0,0,0,0,0,0,0,0,0,0,0,0,0,0,0,0,0
"arusha/monduli/mondulijuu",8.5e-05,7e-06,2e-06,2.6e-05,0,8.9e-05,0,0,0,5.8e-05,1e-06,0,8.9e-05,0.001139,1.1e-05,1e-06,0,1e-06,0,1e-06,1e-06,4.1e-05,0,2e-06,1e-06,1e-06,0,1e-06,0,1e-06,0.000163,0,0,1e-06,5e-06,0,0.000125,1.2e-05,2e-06,3.6e-05,0,0,1.9e-05,9e-06,3e-06,0,0.000144,0.035572,0.00033,2e-06,0,1e-06,2e-06,0,8e-06,0,4e-06,1e-06,2.2e-05,0.000378,0.000177,0.00061,0.001374,1e-06,0,0.000632,0.001628,0,3.5e-05,6e-05,1e-06,0,1e-05,7e-06,1e-06,0.000256,3.1e-05,0,0,0,0,1e-06,0,0,0,0,0.001158,0,7e-06,9.3e-05,0,0,0.000481,0.000881,3.2e-05,2.3e-05,9.2e-05,0,0.00026,6e-05,0,0,1.8e-05,0.000214,1.1e-05,0.000597,1e-06,7.8e-05,9.5e-05,0.000227,6.2e-05,0.000193,4e-06,5e-06,3e-06,2e-06,0.000416,0,0.000386,4.5e-05,2.5e-05,0.000808,1e-06,4e-06,0,7e-06,1.7e-05,0.003148,0.000206,2e-06,2e-06,6e-05,0.000103,1.7e-05,0,0.000671,5.7e-05,4.3e-05,0.00243,0.000138,0.000117,0,0.00031,1.3e-05,4e-06,6e-05,1e-06,0.000141,0.000127,3.8e-05,2e-06,1e-06,3e-06,1e-06,3.4e-05,0.012754,8e-06,0.000104,3e-06,0.005985,1.4e-05,0.000247,1e-06,3e-06,0,0,1.9e-05,8.5e-05,0.001174,7e-06,6e-06,0.002202,0.023035,1.9e-05,2.3e-05,2.8e-05,0.000665,9e-06,0.000126,1e-05,0,5e-06,5.1e-05,1.7e-05,0.001049,0.016791,2e-06,4e-06,0.000498,0.000167,3.3e-05,2e-06,1.2e-05,0,5.8e-05,1e-06,2e-06,0,0.000136,2e-06,0.001283,6e-06,3.1e-05,3e-06,0.000154,3.7e-05,0.000847,0.000698,7.4e-05,2e-06,2e-06,1e-06,0.000263,1e-06,0,8e-06,0,0.001268,1.4e-05,7.9e-05,0,4e-06,0,5e-06,0.000692,1.8e-05,0.001,6e-06,2e-06,0,0,0,0.000862,0.002574,2e-06,0,3e-06,0.000134,0.000162,1e-06,6.2e-05,0.010821,1e-06,0.00121,0,2e-06,7e-06,0.000622,0,6.6e-05,0.00795,0,7.9e-05,0.001415,0.000117,1.5e-05,2e-06,7e-06,2e-06,1e-06,0,3.6e-05,1e-06,0,0.000315,3.6e-05,0,0.006467,0,1.6e-05,0.007764,0.000183,1e-06,1e-06,0.000769,4e-06,1.7e-05,6.6e-05,0,2.6e-05,1.8e-05,4e-06,0.007872,1e-06,0,1e-06,0,6e-06,0,5e-06,2e-06,5.8e-05,1e-06,0.002476,2.8e-05,0.000118,0.00232,4.1e-05,3.2e-05,3.7e-05,1e-06,0,2e-06,1e-05,0,0.000353,0.000138,1.4e-05,1.1e-05,3e-06,0.002349,2.7e-05,1e-06,2e-06,1.8e-05,1e-06,4e-06,0.007903,0.00051,0.001215,7.5e-05,0.00721,0.000113,0.000529,0.028403,5.4e-05,8.1e-05,5.1e-05,5e-06,0.000705,0.000826,0.000626,0.018763,0.000187,4.6e-05,1e-06,1e-05,1.9e-05,0.003408,1e-06,1e-06,2e-06,2e-06,0,8.4e-05,1e-05,2.4e-05,0.001403,7e-05,2.8e-05,0,0.00034,4.7e-05,0.008887,0.000851,0.001053,0.000156,6e-06,3e-06,3.1e-05,0,0,0,0,4e-06,0.005715,0.001418,0.003773,1e-06,0.000476,1.2e-05,0,1e-06,1e-06,5e-06,0.000229,4.3e-05,1.2e-05,0.001789,0,0,0,0.001044,2e-06,0,0.000161,3e-06,0.00031,5.2e-05,2e-06,0.001248,2e-06,1e-06,1e-06,0,0,0,0
"arusha/monduli/mondulimjini",0,0,0,0,0,0,0,0,0,0,0,0,0,0,0,0,0,0,0,0,0,0,0,0,0,0,0,0,0,0,0,0,0,0,0,0,0,0,0,0,0,0,0,0,0,0,0,0,0,0,0,0,0,0,0,0,0,0,0,0,0,0,0,0,0,0,0,0,0,0,0,0,0,0,0,0,0,0,0,0,0,0,0,0,0,0,0,0,0,0,0,0,0,0,0,0,0,0,0,0,0,0,0,0,0,0,0,0,0,0,0,0,0,0,0,0,0,0,0,0,0,0,0,0,0,0,0,0,0,0,0,0,0,0,0,0,0,0,0,0,0,0,0,0,0,0,0,0,0,0,0,0,0,0,0,0,0,0,0,0,0,0,0,0,0,0,0,0,0,0,0,0,0,0,0,0,0,0,0,0,0,0,0,0,0,0,0,0,0,0,0,0,0,0,0,0,0,0,0,0,0,0,0,0,0,0,0,0,0,0,0,0,0,0,0,0,0,0,0,0,0,0,0,0,0,0,0,0,0,0,0,0,0,0,0,0,0,0,0,0,0,0,0,0,0,0,0,0,0,0,0,0,0,0,0,0,0,0,0,0,0,0,0,0,0,0,0,0,0,0,0,0,0,0,0,0,0,0,0,0,0,0,0,0,0,0,0,0,0,0,0,0,0,0,0,0,0,0,0,0,0,0,0,0,0,0,0,0,0,0,0,0,0,0,0,0,0,0,0,0,0,0,0,0,0,0,0,0,0,0,0,0,0,0,0,0,0,0,0,0,0,0,0,0,0,0,0,0,0,0,0,0,0,0,0,0,0,0,0,0,0,0,0,0,0,0,0,0,0,0,0,0,0,0,0,0,0,0,0,0,0,0,0,0,0,0,0,0,0,0,0,0,0,0,0,0,0,0
"arusha/arushaurban/moshono",6.2e-05,0,0,0,0,6e-06,0,0,0,1e-06,0,0,2.6e-05,0.001498,0,0,0,0,0,0,0,2e-06,0,0,0,0,0,0,0,0,6.9e-05,0,0,0,0,0,7.7e-05,0,0,0,0,0,0,0,0,0,0,0.008727,1.3e-05,0,0,0,0,0,0,0,1e-06,0,1e-06,3e-06,1e-06,2e-06,8e-06,0,0,0.001092,1.1e-05,0,0,1e-06,0,0,1e-06,0,0,1e-06,0,0,0,0,0,0,0,0,0,0,1e-04,0,0,2e-06,0,0,2.4e-05,8.7e-05,0,0,5e-06,0,1.6e-05,3e-06,0,0,1e-06,8.2e-05,1e-06,1.9e-05,0,5e-06,6e-06,2e-06,4e-06,9e-06,0,2e-06,0,0,4.3e-05,0,2.3e-05,2e-06,1e-06,4.2e-05,0,0,0,0,0,0.000351,6.7e-05,0,0,2e-06,6e-06,1e-06,0,0.00062,7e-06,2e-06,2.9e-05,9e-06,1.3e-05,0,7e-05,1e-06,0,3e-06,0,8e-06,7e-06,2e-06,0,0,0,0,1e-06,0.000396,0,0,0,0.000383,1e-06,1.1e-05,0,0,0,0,1e-06,8e-06,0.001466,0,0,1.2e-05,0.008589,1e-06,1e-06,1e-06,1.4e-05,0,8e-06,0,0,0,2e-06,1e-06,6e-05,0.001875,0,0,3.2e-05,1e-05,2e-06,0,0,0,1e-06,0,0,0,8e-06,0,0.000242,0,1e-06,1e-06,7e-06,3e-06,4.5e-05,6e-06,1e-06,0,0,0,1.2e-05,0,0,0,0,5.3e-05,1e-06,4e-06,0,1e-06,0,0,5.3e-05,1e-06,5.7e-05,0,0,0,0,0,8e-06,0.00032,0,0,0,1.9e-05,1e-06,0,9e-06,0.00048,0,4.4e-05,0,0,0,0.000799,0,6e-06,0.002522,8.7e-05,0,0,4e-06,1e-06,0,0,0,0,0,2e-06,0,0,2e-06,0,0,0.000118,0,0,0.000103,1.1e-05,0,0,3.9e-05,0,1e-06,3e-06,0,0,2e-06,0,0.000101,0,0,0,0,0,0,0,0,2e-06,0,0.001121,2e-06,5e-06,9.2e-05,1.3e-05,2e-06,0,0,0,0,1e-06,0,4e-06,8.1e-05,3e-06,4e-06,0,0.000253,0,0,0,1e-06,0,0,0.000143,2.2e-05,0.00015,7e-06,0.000155,1e-05,1.4e-05,0.001745,0,1e-06,7.7e-05,0,8.3e-05,0.000238,2.9e-05,0.00013,2e-06,2e-06,0,1e-06,0,0.001356,0,0,0,0,0,4e-06,0,0,7.7e-05,3e-06,0,0,2.1e-05,2e-05,0.004749,3e-06,1.2e-05,1.1e-05,0,0,2e-06,0,0,0,0,0,0.002519,0.000636,0.001222,0,7e-05,1e-06,0,0,0,0,8.8e-05,2e-06,1.4e-05,2.5e-05,0,0,0,4.3e-05,0,0,6.8e-05,0,1.8e-05,3e-06,0,0.000437,0,0,0,0,0,0,0
"kilimanjaro/rombo/motamburukitendeni",1.9e-05,1e-06,2.3e-05,4e-06,0,0.000249,0,0,0,1.3e-05,0,0,1.4e-05,0.000181,2e-06,0,0,0,0,0,1e-06,5.6e-05,0,1.1e-05,1e-06,4e-06,0,0,0,1e-06,7.2e-05,0,0,2e-06,0,0,1.4e-05,2e-06,0,1e-05,0,0,8e-06,2e-06,1e-06,0,3e-06,0.0033,6.2e-05,0,0,0,0,0,2e-06,0,3e-06,0,1.7e-05,5.4e-05,3.5e-05,2e-05,8.9e-05,1e-06,0,9.5e-05,2.5e-05,0,2e-06,1e-05,0,0,2.7e-05,1e-06,0,2.5e-05,3e-06,0,0,0,0,0,0,0,0,0,0.002767,0,1e-06,7.3e-05,0,0,0.003352,0.000113,1e-06,4e-06,0.000383,2e-06,0.000927,0.000273,0,0,2.3e-05,2.3e-05,5.5e-05,0.019828,0,0.000418,8.6e-05,1.5e-05,0.000297,0.004629,1e-06,1e-06,4.2e-05,2e-05,0.00065,0,0.002612,0.000716,0.000182,0.012512,4e-06,1.2e-05,1e-06,8e-06,8e-06,0.001618,8.2e-05,2.6e-05,1.7e-05,0.000287,0.000425,1e-04,1e-06,9.3e-05,5e-06,0.000331,0.001183,0.000845,0.000127,0,2.9e-05,9.2e-05,6.9e-05,0.000168,0,0.000854,0.00121,0.000285,3.6e-05,2e-06,3.7e-05,1e-06,5.9e-05,0.000497,0.000109,4e-06,2e-06,0.032597,5.4e-05,5.4e-05,5e-06,6e-06,0,0,4.6e-05,6.6e-05,0.000155,1.6e-05,3e-06,4.7e-05,0.002443,1.9e-05,0.000119,7e-06,5.7e-05,3e-06,0.000798,7e-06,0,1e-06,5.4e-05,6.8e-05,0.009002,0.100241,4.1e-05,6.6e-05,0.003017,0.000969,0.000113,1e-06,1e-06,0,7e-06,0,1.4e-05,0,0.000833,0,0.000659,3e-06,2.6e-05,2e-06,0.002217,5.7e-05,0.005139,2.7e-05,1.2e-05,2.6e-05,1.9e-05,0,0.002205,9e-06,0,1.1e-05,0,0.019552,0.00016,0.000769,0,3e-06,0,2.3e-05,0.002188,7.1e-05,0.00706,1.6e-05,0,0,0,0,0.000199,0.000205,1e-06,1e-06,2.9e-05,4.4e-05,7e-06,1.5e-05,4.5e-05,0.001178,7e-06,0.001747,1e-06,1.2e-05,4.4e-05,0.000136,0,7e-06,0.000864,0.000385,1e-06,0.000236,0,1.9e-05,3.6e-05,2.2e-05,1e-05,1e-06,1e-06,4.7e-05,0,1e-06,1.6e-05,5e-06,0,0.000178,0,2e-06,0.000192,0.000524,4e-06,1e-06,0.006141,4.4e-05,2.1e-05,2.7e-05,0,2e-06,2.1e-05,0,0.005095,0,0,0,0,0.000234,0,1.4e-05,1e-06,0.000356,2e-06,0.000722,0.000181,0.000496,0.000563,4e-06,4.4e-05,5e-06,6e-06,1e-06,1.1e-05,1.8e-05,0,2.9e-05,2.5e-05,5e-06,2e-06,4.9e-05,0.000128,3e-06,1e-06,8e-06,0.000168,0,1e-06,0.00082,0.011471,0.000133,1.5e-05,0.00031,0.000222,0.002824,0.001471,1.2e-05,1.6e-05,7e-06,2e-06,5.1e-05,1e-04,3.1e-05,0.003209,5.8e-05,2.4e-05,0,5e-05,3e-06,0.000953,0,0,1.2e-05,0,0,0.000101,9e-06,5e-06,0.000128,0.000112,7e-06,0,0.000761,1.2e-05,0.001065,2e-05,3.1e-05,6.2e-05,1.6e-05,4e-05,0.000149,0,0,0,0,1e-06,0.000812,0.000116,0.000366,0,0.000141,6.2e-05,0,1e-06,1e-06,0.000298,3.2e-05,7e-06,2e-06,0.001324,0,1e-06,0,0.02857,1e-06,0,1.7e-05,3.9e-05,0.002445,0.000547,2.2e-05,0.000447,3.1e-05,1e-06,2e-06,0,0,0,0
"kilimanjaro/same/mpinji",0,0,0,0,0,0,0,0,0,0,0,0,0,0,0,0,0,0,0,0,0,0,0,0,0,0,0,0,0,0,0,0,0,0,0,0,0,0,0,0,0,0,0,0,0,0,0,0,0,0,0,0,0,0,0,0,0,0,0,0,0,0,0,0,0,0,0,0,0,0,0,0,0,0,0,0,0,0,0,0,0,0,0,0,0,0,0,0,0,0,0,0,0,0,0,0,0,0,0,0,0,0,0,0,0,0,0,0,0,0,0,0,0,0,0,0,0,0,0,0,0,0,0,0,0,0,0,0,0,0,0,0,0,0,0,0,0,0,0,0,0,0,0,0,0,0,0,0,0,0,0,0,0,0,0,0,0,0,0,0,0,0,0,0,0,0,0,0,0,0,0,0,0,0,0,0,0,0,0,0,0,0,0,0,0,0,0,0,0,0,0,0,0,0,0,0,0,0,0,0,0,0,0,0,0,0,0,0,0,0,0,0,0,0,0,0,0,0,0,0,0,0,0,0,0,0,0,0,0,0,0,0,0,0,0,0,0,0,0,0,0,0,0,0,0,0,0,0,0,0,0,0,0,0,0,0,0,0,0,0,0,0,0,0,0,0,0,0,0,0,0,0,0,0,0,0,0,0,0,0,0,0,0,0,0,0,0,0,0,0,0,0,0,0,0,0,0,0,0,0,0,0,0,0,0,0,0,0,0,0,0,0,0,0,0,0,0,0,0,0,0,0,0,0,0,0,0,0,0,0,0,0,0,0,0,0,0,0,0,0,0,0,0,0,0,0,0,0,0,0,0,0,0,0,0,0,0,0,0,0,0,0,0,0,0,0,0,0,0,0,0,0,0,0,0,0,0,0,0,0,0,0,0,0,0,0,0,0,0,0,0,0,0,0,0,0,0,0
"kilimanjaro/rombo/mraokeryo",0,0,0,0,0,0,0,0,0,0,0,0,0,0,0,0,0,0,0,0,0,0,0,0,0,0,0,0,0,0,0,0,0,0,0,0,0,0,0,0,0,0,0,0,0,0,0,0,0,0,0,0,0,0,0,0,0,0,0,0,0,0,0,0,0,0,0,0,0,0,0,0,0,0,0,0,0,0,0,0,0,0,0,0,0,0,0,0,0,0,0,0,0,0,0,0,0,0,0,0,0,0,0,0,0,0,0,0,0,0,0,0,0,0,0,0,0,0,0,0,0,0,0,0,0,0,0,0,0,0,0,0,0,0,0,0,0,0,0,0,0,0,0,0,0,0,0,0,0,0,0,0,0,0,0,0,0,0,0,0,0,0,0,0,0,0,0,0,0,0,0,0,0,0,0,0,0,0,0,0,0,0,0,0,0,0,0,0,0,0,0,0,0,0,0,0,0,0,0,0,0,0,0,0,0,0,0,0,0,0,0,0,0,0,0,0,0,0,0,0,0,0,0,0,0,0,0,0,0,0,0,0,0,0,0,0,0,0,0,0,0,0,0,0,0,0,0,0,0,0,0,0,0,0,0,0,0,0,0,0,0,0,0,0,0,0,0,0,0,0,0,0,0,0,0,0,0,0,0,0,0,0,0,0,0,0,0,0,0,0,0,0,0,0,0,0,0,0,0,0,0,0,0,0,0,0,0,0,0,0,0,0,0,0,0,0,0,0,0,0,0,0,0,0,0,0,0,0,0,0,0,0,0,0,0,0,0,0,0,0,0,0,0,0,0,0,0,0,0,0,0,0,0,0,0,0,0,0,0,0,0,0,0,0,0,0,0,0,0,0,0,0,0,0,0,0,0,0,0,0,0,0,0,0,0,0,0,0,0,0,0,0,0,0,0,0,0,0
"kilimanjaro/mwanga/msangeni",0,0,0,0,0,0,0,0,0,0,0,0,0,0,0,0,0,0,0,0,0,0,0,0,0,0,0,0,0,0,0,0,0,0,0,0,0,0,0,0,0,0,0,0,0,0,0,0,0,0,0,0,0,0,0,0,0,0,0,0,0,0,0,0,0,0,0,0,0,0,0,0,0,0,0,0,0,0,0,0,0,0,0,0,0,0,0,0,0,0,0,0,0,0,0,0,0,0,0,0,0,0,0,0,0,0,0,0,0,0,0,0,0,0,0,0,0,0,0,0,0,0,0,0,0,0,0,0,0,0,0,0,0,0,0,0,0,0,0,0,0,0,0,0,0,0,0,0,0,0,0,0,0,0,0,0,0,0,0,0,0,0,0,0,0,0,0,0,0,0,0,0,0,0,0,0,0,0,0,0,0,0,0,0,0,0,0,0,0,0,0,0,0,0,0,0,0,0,0,0,0,0,0,0,0,0,0,0,0,0,0,0,0,0,0,0,0,0,0,0,0,0,0,0,0,0,0,0,0,0,0,0,0,0,0,0,0,0,0,0,0,0,0,0,0,0,0,0,0,0,0,0,0,0,0,0,0,0,0,0,0,0,0,0,0,0,0,0,0,0,0,0,0,0,0,0,0,0,0,0,0,0,0,0,0,0,0,0,0,0,0,0,0,0,0,0,0,0,0,0,0,0,0,0,0,0,0,0,0,0,0,0,0,0,0,0,0,0,0,0,0,0,0,0,0,0,0,0,0,0,0,0,0,0,0,0,0,0,0,0,0,0,0,0,0,0,0,0,0,0,0,0,0,0,0,0,0,0,0,0,0,0,0,0,0,0,0,0,0,0,0,0,0,0,0,0,0,0,0,0,0,0,0,0,0,0,0,0,0,0,0,0,0,0,0,0,0,0
"kilimanjaro/moshimunicipal/msaranga",0,0,0,0,0,0,0,0,0,0,0,0,0,0,0,0,0,0,0,0,0,0,0,0,0,0,0,0,0,0,0,0,0,0,0,0,0,0,0,0,0,0,0,0,0,0,0,0,0,0,0,0,0,0,0,0,0,0,0,0,0,0,0,0,0,0,0,0,0,0,0,0,0,0,0,0,0,0,0,0,0,0,0,0,0,0,0,0,0,0,0,0,0,0,0,0,0,0,0,0,0,0,0,0,0,0,0,0,0,0,0,0,0,0,0,0,0,0,0,0,0,0,0,0,0,0,0,0,0,0,0,0,0,0,0,0,0,0,0,0,0,0,0,0,0,0,0,0,0,0,0,0,0,0,0,0,0,0,0,0,0,0,0,0,0,0,0,0,0,0,0,0,0,0,0,0,0,0,0,0,0,0,0,0,0,0,0,0,0,0,0,0,0,0,0,0,0,0,0,0,0,0,0,0,0,0,0,0,0,0,0,0,0,0,0,0,0,0,0,0,0,0,0,0,0,0,0,0,0,0,0,0,0,0,0,0,0,0,0,0,0,0,0,0,0,0,0,0,0,0,0,0,0,0,0,0,0,0,0,0,0,0,0,0,0,0,0,0,0,0,0,0,0,0,0,0,0,0,0,0,0,0,0,0,0,0,0,0,0,0,0,0,0,0,0,0,0,0,0,0,0,0,0,0,0,0,0,0,0,0,0,0,0,0,0,0,0,0,0,0,0,0,0,0,0,0,0,0,0,0,0,0,0,0,0,0,0,0,0,0,0,0,0,0,0,0,0,0,0,0,0,0,0,0,0,0,0,0,0,0,0,0,0,0,0,0,0,0,0,0,0,0,0,0,0,0,0,0,0,0,0,0,0,0,0,0,0,0,0,0,0,0,0,0,0,0,0,0
"kilimanjaro/same/mshewa",0,0,0,0,0,0,0,0,0,0,0,0,0,0,0,0,0,0,0,0,0,0,0,0,0,0,0,0,0,0,0,0,0,0,0,0,0,0,0,0,0,0,0,0,0,0,0,0,0,0,0,0,0,0,0,0,0,0,0,0,0,0,0,0,0,0,0,0,0,0,0,0,0,0,0,0,0,0,0,0,0,0,0,0,0,0,0,0,0,0,0,0,0,0,0,0,0,0,0,0,0,0,0,0,0,0,0,0,0,0,0,0,0,0,0,0,0,0,0,0,0,0,0,0,0,0,0,0,0,0,0,0,0,0,0,0,0,0,0,0,0,0,0,0,0,0,0,0,0,0,0,0,0,0,0,0,0,0,0,0,0,0,0,0,0,0,0,0,0,0,0,0,0,0,0,0,0,0,0,0,0,0,0,0,0,0,0,0,0,0,0,0,0,0,0,0,0,0,0,0,0,0,0,0,0,0,0,0,0,0,0,0,0,0,0,0,0,0,0,0,0,0,0,0,0,0,0,0,0,0,0,0,0,0,0,0,0,0,0,0,0,0,0,0,0,0,0,0,0,0,0,0,0,0,0,0,0,0,0,0,0,0,0,0,0,0,0,0,0,0,0,0,0,0,0,0,0,0,0,0,0,0,0,0,0,0,0,0,0,0,0,0,0,0,0,0,0,0,0,0,0,0,0,0,0,0,0,0,0,0,0,0,0,0,0,0,0,0,0,0,0,0,0,0,0,0,0,0,0,0,0,0,0,0,0,0,0,0,0,0,0,0,0,0,0,0,0,0,0,0,0,0,0,0,0,0,0,0,0,0,0,0,0,0,0,0,0,0,0,0,0,0,0,0,0,0,0,0,0,0,0,0,0,0,0,0,0,0,0,0,0,0,0,0,0,0,0,0
"kilimanjaro/same/msindo",0,0,0,0,0,0,0,0,0,0,0,0,0,0,0,0,0,0,0,0,0,0,0,0,0,0,0,0,0,0,0,0,0,0,0,0,0,0,0,0,0,0,0,0,0,0,0,0,0,0,0,0,0,0,0,0,0,0,0,0,0,0,0,0,0,0,0,0,0,0,0,0,0,0,0,0,0,0,0,0,0,0,0,0,0,0,0,0,0,0,0,0,0,0,0,0,0,0,0,0,0,0,0,0,0,0,0,0,0,0,0,0,0,0,0,0,0,0,0,0,0,0,0,0,0,0,0,0,0,0,0,0,0,0,0,0,0,0,0,0,0,0,0,0,0,0,0,0,0,0,0,0,0,0,0,0,0,0,0,0,0,0,0,0,0,0,0,0,0,0,0,0,0,0,0,0,0,0,0,0,0,0,0,0,0,0,0,0,0,0,0,0,0,0,0,0,0,0,0,0,0,0,0,0,0,0,0,0,0,0,0,0,0,0,0,0,0,0,0,0,0,0,0,0,0,0,0,0,0,0,0,0,0,0,0,0,0,0,0,0,0,0,0,0,0,0,0,0,0,0,0,0,0,0,0,0,0,0,0,0,0,0,0,0,0,0,0,0,0,0,0,0,0,0,0,0,0,0,0,0,0,0,0,0,0,0,0,0,0,0,0,0,0,0,0,0,0,0,0,0,0,0,0,0,0,0,0,0,0,0,0,0,0,0,0,0,0,0,0,0,0,0,0,0,0,0,0,0,0,0,0,0,0,0,0,0,0,0,0,0,0,0,0,0,0,0,0,0,0,0,0,0,0,0,0,0,0,0,0,0,0,0,0,0,0,0,0,0,0,0,0,0,0,0,0,0,0,0,0,0,0,0,0,0,0,0,0,0,0,0,0,0,0,0,0,0,0,0
"manyara/simanjiro/msituwatembo",0,0,0,0,0,0,0,0,0,0,0,0,0,0,0,0,0,0,0,0,0,0,0,0,0,0,0,0,0,0,0,0,0,0,0,0,0,0,0,0,0,0,0,0,0,0,0,0,0,0,0,0,0,0,0,0,0,0,0,0,0,0,0,0,0,0,0,0,0,0,0,0,0,0,0,0,0,0,0,0,0,0,0,0,0,0,0,0,0,0,0,0,0,0,0,0,0,0,0,0,0,0,0,0,0,0,0,0,0,0,0,0,0,0,0,0,0,0,0,0,0,0,0,0,0,0,0,0,0,0,0,0,0,0,0,0,0,0,0,0,0,0,0,0,0,0,0,0,0,0,0,0,0,0,0,0,0,0,0,0,0,0,0,0,0,0,0,0,0,0,0,0,0,0,0,0,0,0,0,0,0,0,0,0,0,0,0,0,0,0,0,0,0,0,0,0,0,0,0,0,0,0,0,0,0,0,0,0,0,0,0,0,0,0,0,0,0,0,0,0,0,0,0,0,0,0,0,0,0,0,0,0,0,0,0,0,0,0,0,0,0,0,0,0,0,0,0,0,0,0,0,0,0,0,0,0,0,0,0,0,0,0,0,0,0,0,0,0,0,0,0,0,0,0,0,0,0,0,0,0,0,0,0,0,0,0,0,0,0,0,0,0,0,0,0,0,0,0,0,0,0,0,0,0,0,0,0,0,0,0,0,0,0,0,0,0,0,0,0,0,0,0,0,0,0,0,0,0,0,0,0,0,0,0,0,0,0,0,0,0,0,0,0,0,0,0,0,0,0,0,0,0,0,0,0,0,0,0,0,0,0,0,0,0,0,0,0,0,0,0,0,0,0,0,0,0,0,0,0,0,0,0,0,0,0,0,0,0,0,0,0,0,0,0,0,0,0,0
"arusha/monduli/mswakini",0,0,0,0,0,0,0,0,0,0,0,0,0,0,0,0,0,0,0,0,0,0,0,0,0,0,0,0,0,0,0,0,0,0,0,0,0,0,0,0,0,0,0,0,0,0,0,0,0,0,0,0,0,0,0,0,0,0,0,0,0,0,0,0,0,0,0,0,0,0,0,0,0,0,0,0,0,0,0,0,0,0,0,0,0,0,0,0,0,0,0,0,0,0,0,0,0,0,0,0,0,0,0,0,0,0,0,0,0,0,0,0,0,0,0,0,0,0,0,0,0,0,0,0,0,0,0,0,0,0,0,0,0,0,0,0,0,0,0,0,0,0,0,0,0,0,0,0,0,0,0,0,0,0,0,0,0,0,0,0,0,0,0,0,0,0,0,0,0,0,0,0,0,0,0,0,0,0,0,0,0,0,0,0,0,0,0,0,0,0,0,0,0,0,0,0,0,0,0,0,0,0,0,0,0,0,0,0,0,0,0,0,0,0,0,0,0,0,0,0,0,0,0,0,0,0,0,0,0,0,0,0,0,0,0,0,0,0,0,0,0,0,0,0,0,0,0,0,0,0,0,0,0,0,0,0,0,0,0,0,0,0,0,0,0,0,0,0,0,0,0,0,0,0,0,0,0,0,0,0,0,0,0,0,0,0,0,0,0,0,0,0,0,0,0,0,0,0,0,0,0,0,0,0,0,0,0,0,0,0,0,0,0,0,0,0,0,0,0,0,0,0,0,0,0,0,0,0,0,0,0,0,0,0,0,0,0,0,0,0,0,0,0,0,0,0,0,0,0,0,0,0,0,0,0,0,0,0,0,0,0,0,0,0,0,0,0,0,0,0,0,0,0,0,0,0,0,0,0,0,0,0,0,0,0,0,0,0,0,0,0,0,0,0,0,0,0,0
"kilimanjaro/same/mtii",0,0,0,0,0,0,0,0,0,0,0,0,0,0,0,0,0,0,0,0,0,0,0,0,0,0,0,0,0,0,0,0,0,0,0,0,0,0,0,0,0,0,0,0,0,0,0,0,0,0,0,0,0,0,0,0,0,0,0,0,0,0,0,0,0,0,0,0,0,0,0,0,0,0,0,0,0,0,0,0,0,0,0,0,0,0,0,0,0,0,0,0,0,0,0,0,0,0,0,0,0,0,0,0,0,0,0,0,0,0,0,0,0,0,0,0,0,0,0,0,0,0,0,0,0,0,0,0,0,0,0,0,0,0,0,0,0,0,0,0,0,0,0,0,0,0,0,0,0,0,0,0,0,0,0,0,0,0,0,0,0,0,0,0,0,0,0,0,0,0,0,0,0,0,0,0,0,0,0,0,0,0,0,0,0,0,0,0,0,0,0,0,0,0,0,0,0,0,0,0,0,0,0,0,0,0,0,0,0,0,0,0,0,0,0,0,0,0,0,0,0,0,0,0,0,0,0,0,0,0,0,0,0,0,0,0,0,0,0,0,0,0,0,0,0,0,0,0,0,0,0,0,0,0,0,0,0,0,0,0,0,0,0,0,0,0,0,0,0,0,0,0,0,0,0,0,0,0,0,0,0,0,0,0,0,0,0,0,0,0,0,0,0,0,0,0,0,0,0,0,0,0,0,0,0,0,0,0,0,0,0,0,0,0,0,0,0,0,0,0,0,0,0,0,0,0,0,0,0,0,0,0,0,0,0,0,0,0,0,0,0,0,0,0,0,0,0,0,0,0,0,0,0,0,0,0,0,0,0,0,0,0,0,0,0,0,0,0,0,0,0,0,0,0,0,0,0,0,0,0,0,0,0,0,0,0,0,0,0,0,0,0,0,0,0,0,0,0
"arusha/monduli/mtowambu",0.002655,0.003407,0.000138,0.007604,0.000166,0.00609,0.000159,0.000246,9.5e-05,0.032951,0.000518,4.9e-05,0.002194,0.032306,0.008618,0.000824,0.000315,0.000795,0.000111,0.000358,8.1e-05,0.001536,8.3e-05,0.000128,7e-05,4e-05,0.000184,0.001537,1.5e-05,0.000101,0.008663,9.8e-05,4e-05,6.9e-05,0.009193,0.000263,0.003466,0.007267,0.002342,0.00592,0.000189,5e-05,0.003996,0.006858,0.000655,0.000116,0.0036,0.53204,0.069465,0.003454,0.00041,0.001282,0.008423,0.000188,0.00396,5.1e-05,0.000261,0.000298,0.00312,0.226568,0.008619,0.090301,0.017651,0.000293,4e-06,0.021638,0.021258,0.00012,0.156204,0.023108,0.003983,1.2e-05,0.000361,0.008723,0.000276,0.020996,0.003732,4.5e-05,5.2e-05,8.3e-05,3.1e-05,0.000416,0.000132,6.1e-05,2e-04,0.000339,0.05487,9.3e-05,0.003626,0.013146,3.6e-05,9.1e-05,0.036402,0.017314,0.001888,0.024956,0.003747,4.2e-05,0.018496,0.004465,0.000327,0.000353,0.00252,0.005437,0.000651,0.029813,0.001156,0.004458,0.002822,0.592049,0.002598,0.012318,0.001846,0.000131,0.000182,0.000128,0.020602,6.5e-05,0.02317,0.002362,0.001295,0.042884,0.000107,0.000402,4.4e-05,0.001009,0.003254,0.113371,0.008893,0.000148,0.000119,0.004291,0.008112,0.000999,2.9e-05,0.018436,0.001159,0.002722,0.087852,0.007437,0.004648,5.7e-05,0.007253,0.000686,0.000247,0.005694,0.000435,0.009501,0.008108,0.002597,0.000124,8.9e-05,0.000193,0.000107,0.004378,0.25387,0.000531,0.003277,0.000445,0.280576,0.001161,0.032575,6.1e-05,0.00027,6.3e-05,4.8e-05,0.0016,0.002695,0.036541,0.000627,0.001122,0.275328,0.413629,0.002325,0.000939,0.006172,0.152408,0.000281,0.007167,0.001848,3.3e-05,0.001216,0.007391,0.001118,0.049189,0.539926,0.000104,0.000192,0.024838,0.007902,0.001923,0.00173,0.018952,0.000207,0.035972,0.000158,0.000127,0.000227,0.008105,0.029666,0.043368,0.001413,0.004278,0.000161,0.01046,0.00135,0.06095,0.286408,0.025403,0.000165,0.000144,0.000639,0.019995,6e-05,0.000327,0.001068,0.000499,0.087107,0.000898,0.005442,0.000197,0.000191,9e-05,0.000209,0.031883,0.000769,0.044235,0.000347,0.00216,5.1e-05,5e-05,0.000375,0.065749,0.085433,0.000467,1.1e-05,0.000183,0.007172,0.225569,0.000108,0.003617,0.641892,6.6e-05,0.115207,5.2e-05,0.000127,0.000444,0.022944,9e-05,0.003879,0.1702,0.315404,0.001028,0.044933,0.006261,0.002088,0.000158,0.000579,0.000102,6.8e-05,5.1e-05,0.002701,0.001134,6.2e-05,0,0.001567,0.000331,0.094232,0.000116,0.011509,0.07404,0.015411,9.6e-05,6.8e-05,0.054191,0.000298,0.002377,0.00852,0.000521,0.024631,0.001224,0.001091,0.270578,0.001003,9.5e-05,0.00028,3.5e-05,0.000367,0.000259,0.000189,0.000487,0.002221,0.000184,0.101712,0.001753,0.004379,0.051718,0.001049,0.003137,0.046349,5.1e-05,3.1e-05,0.000121,0.001129,0.000107,0.299147,0.00386,0.000438,3e-04,0.000169,0.062429,0.017016,0.000294,9.8e-05,0.001139,0.001753,0.000579,0.118147,0.033484,0.066204,0.006483,0.078863,0.004823,0.021155,0.380361,0.012008,0.016437,0.001482,0.001045,0.014684,0.019349,0.01012,0.35874,0.03291,0.006875,0.00012,0.000614,0.002857,0.099707,0.000499,0.0034,0.000105,0.017447,0.00022,0.010397,0.001564,0.004653,0.022829,0.008077,0.005329,0.000217,0.012467,0.001416,0.200943,0.231918,0.056408,0.012611,5e-04,0.000227,0.001816,0.00019,5.9e-05,0.000152,3.5e-05,0.000781,0.13255,0.042889,0.096579,0.000142,0.012525,0.000688,2.3e-05,8e-05,0.000291,0.000297,0.009616,0.005934,0.000348,0.053133,0.000205,4.3e-05,0.000197,0.066279,0.001175,0.000227,0.004298,0.000152,0.017383,0.003089,0.000103,0.04312,0.000111,7.1e-05,0.000143,2.5e-05,3e-05,0.000238,0.000186
"arusha/longido/mundarara",7e-06,3e-06,1e-06,1.1e-05,0,1.7e-05,0,0,0,1e-05,0,0,6e-06,7.9e-05,3e-06,0,0,0,0,0,0,5e-06,0,0,0,0,0,0,0,0,2.3e-05,0,0,0,1e-06,0,7e-06,2e-06,0,3.6e-05,0,0,4e-06,1e-06,1e-06,0,1.8e-05,0.001939,3.6e-05,0,0,0,0,0,1e-06,0,1e-06,0,5e-06,8.4e-05,0.000773,0.00011,0.000257,0,0,4.3e-05,3.2e-05,0,4e-06,7e-06,0,0,2e-06,1e-06,0,0.00049,2.6e-05,0,0,0,0,0,0,0,0,0,0.000201,0,1e-06,1.7e-05,0,0,0.000127,5.9e-05,1.4e-05,4e-06,1.9e-05,0,5.5e-05,1.4e-05,0,0,5e-06,1.2e-05,2e-06,0.000242,0,1.6e-05,1.5e-05,2.8e-05,1.3e-05,5.6e-05,1e-06,0,1e-06,0,6.5e-05,0,8.7e-05,1.1e-05,4e-06,0.000202,0,1e-06,0,2e-06,3e-06,0.000278,2.1e-05,1e-06,0,1e-05,2.4e-05,4e-06,0,4.4e-05,3e-06,1e-05,0.004231,3e-05,1.7e-05,0,1.7e-05,3e-06,1e-06,1.4e-05,0,3.3e-05,3.1e-05,9e-06,1e-06,0,1e-06,0,1e-05,0.000448,2e-06,8.1e-05,1e-06,0.001285,3e-06,2.1e-05,0,1e-06,0,0,4e-06,1.2e-05,7.5e-05,1e-06,1e-06,8e-05,0.001335,4e-06,5e-06,3e-06,4.3e-05,1.1e-05,2.7e-05,3e-06,0,4e-06,1.3e-05,4e-06,0.000239,0.005199,1e-06,1e-06,0.000106,3.5e-05,6e-06,1e-06,1e-06,0,6e-06,0,0,0,3e-05,0,0.000144,1e-06,6e-06,0,4.3e-05,6e-06,0.000211,3.7e-05,3.9e-05,1e-06,1e-06,0,7.3e-05,0,0,2e-06,0,0.000395,4e-06,2.1e-05,0,1e-06,0,1e-06,0.000129,4e-06,0.000224,1e-06,0,0,0,0,0.002802,0.000132,1e-06,0,1e-06,1e-05,1.8e-05,0,8e-06,0.00104,0,0.000201,0,0,2e-06,4.9e-05,0,4e-06,0.000465,0.000893,2e-06,1e-04,3.9e-05,4e-06,1e-06,2e-06,0,0,0,5e-06,0,0,3e-05,0,0,0.000179,0,2e-06,0.000201,4.1e-05,0,0,2e-04,1e-06,5e-06,8e-06,0,6e-06,3e-06,1e-06,0.012634,0,0,0,0,2e-06,0,1e-06,1e-06,1.8e-05,0,0.000222,6e-06,2.9e-05,0.000194,2e-06,6e-06,9e-06,0,0,0,2e-06,0,3.1e-05,1e-05,1e-06,1e-06,1e-06,8.2e-05,7e-06,0,0,4e-06,0,3e-06,0.000542,0.000155,6.2e-05,7e-06,0.000277,1.9e-05,0.000226,0.000982,2.6e-05,4.4e-05,3e-06,3e-06,3.4e-05,5.1e-05,2.4e-05,0.012118,0.000165,7e-06,0,2e-06,2.2e-05,0.000303,0,0,0,0,0,1.9e-05,3e-06,2.1e-05,8.2e-05,1.7e-05,2.5e-05,0,6.4e-05,4e-06,0.000544,5e-05,4e-05,1.4e-05,1e-06,1e-06,6e-06,0,0,0,0,3e-06,0.000381,6e-05,0.000208,0,4.6e-05,2e-06,0,0,0,2e-06,1.5e-05,3e-06,1e-06,0.000574,0,0,0,0.00033,0,0,9e-06,1e-06,7e-05,1.3e-05,0,0.000121,0,0,0,0,0,0,0
"manyara/mbulu/murray",2e-05,1.1e-05,2e-06,4.2e-05,8.9e-05,7.7e-05,6.8e-05,5.5e-05,1.8e-05,0.006859,0.000133,6e-06,1.5e-05,0.000233,0.000527,0.000105,5.5e-05,0.000213,1.3e-05,3.6e-05,2e-06,1e-05,1.3e-05,2e-06,1e-06,0,3.4e-05,2.5e-05,1e-06,2e-06,0.000122,3e-06,1e-06,1e-06,4.7e-05,5.3e-05,2.3e-05,0.002313,0.000129,4.8e-05,5e-05,5e-06,8.2e-05,0.002449,1.6e-05,2.8e-05,1.1e-05,0.00572,0.001301,2.4e-05,0.00012,1.4e-05,1.6e-05,3e-05,0.000589,1.2e-05,3e-06,1.7e-05,6.5e-05,0.002272,4e-05,0.000163,9.3e-05,1e-05,0,0.000159,9.2e-05,1.2e-05,0.000116,0.000949,8e-06,2e-06,3e-06,9e-04,2.4e-05,7.7e-05,1.4e-05,9e-06,6e-06,1.1e-05,6e-06,5.4e-05,4.8e-05,6e-06,4.4e-05,3.9e-05,0.000593,1.8e-05,0.00031,0.000185,6e-06,7e-06,0.000509,0.000113,6e-06,0.006263,3.6e-05,1e-06,0.000246,6e-05,0.000176,8e-06,4.9e-05,3.6e-05,8e-06,0.000319,2.8e-05,5.1e-05,2.3e-05,0.000983,2.5e-05,0.000152,0.000205,1e-06,2e-06,2e-06,0.000216,2e-06,0.000281,2.6e-05,1e-05,0.000497,2e-06,6e-06,1e-06,2e-05,6.4e-05,0.000771,7.8e-05,2e-06,2e-06,4e-05,0.000113,1.2e-05,0,0.000128,7e-06,3.3e-05,0.00067,8.3e-05,4.2e-05,1e-06,4.6e-05,8e-06,3e-06,8.8e-05,0.000269,0.000121,1e-04,3.3e-05,2e-06,1e-06,3e-06,2e-06,7.9e-05,0.001628,5e-06,1e-05,1.1e-05,0.004139,1.7e-05,0.000374,1e-06,4e-06,5e-06,5e-06,2.3e-05,2.2e-05,0.000261,1e-05,2.2e-05,0.000563,0.00392,4.3e-05,9e-06,0.000129,0.001352,2e-06,8.3e-05,4.8e-05,1e-06,1e-05,0.00015,1.4e-05,0.000534,0.015913,1e-06,2e-06,0.000271,8.2e-05,2.2e-05,0.001463,0.000375,2.5e-05,0.001885,5e-06,2e-06,6.5e-05,9.6e-05,5e-06,0.00037,4.8e-05,5.8e-05,2e-06,0.000134,1.2e-05,0.000856,0.000644,0.00015,2e-06,2e-06,2.4e-05,0.000274,1e-06,9e-06,2e-05,2.4e-05,0.001214,1.1e-05,7e-05,3.2e-05,2e-06,2.9e-05,2e-06,0.000333,7e-06,0.000462,4e-06,0.000151,1e-05,1.3e-05,6.5e-05,0.000448,0.000577,1.7e-05,0,2e-06,5e-05,0.000156,1e-06,3.9e-05,0.011892,1e-06,0.001435,1e-06,2e-06,5e-06,0.000181,1.4e-05,2.8e-05,0.001265,0.001115,4e-06,0.000337,6.9e-05,4e-05,2e-06,8e-06,1e-06,1e-06,1e-06,2.5e-05,6e-06,1e-06,0.00072,8e-06,0,0.000501,2e-05,0.000438,0.000395,0.000225,1e-06,1e-06,0.000745,4e-06,4.6e-05,0.000112,0.000143,4.3e-05,1.5e-05,3e-06,0.002583,0.001365,2e-06,3.3e-05,6e-06,4e-06,0.000109,2e-06,1.5e-05,2e-05,4e-06,0.000931,2.1e-05,3.9e-05,0.000269,7e-06,4.9e-05,0.000237,1e-06,0,1e-06,1.9e-05,4e-06,0.00383,2.8e-05,3e-06,2e-06,2e-06,0.000286,7.1e-05,1.2e-05,1e-06,1.4e-05,8e-06,3e-06,0.000569,0.000429,0.000397,6.6e-05,0.000458,4.6e-05,0.000195,0.002253,8.3e-05,0.000104,1e-05,1.2e-05,9e-05,0.000129,5.7e-05,0.002139,0.000312,0.000104,3e-06,7e-06,1.6e-05,0.00082,3.1e-05,9e-06,1e-06,7e-06,4.4e-05,0.000192,3.4e-05,3.3e-05,0.000142,0.00014,4.3e-05,6.2e-05,0.000113,1.1e-05,0.001572,0.000262,0.000226,0.000113,7e-06,3e-06,2.1e-05,7.3e-05,6e-06,3e-05,4e-06,8e-06,0.000996,0.000212,0.000673,5e-06,9.3e-05,8e-06,0,2e-06,6e-06,4e-06,7.2e-05,5.7e-05,2e-06,0.000298,0.000133,1e-06,0.000199,0.000864,0.000301,4e-05,2.8e-05,2e-06,0.000202,3.6e-05,1e-06,0.00036,1e-06,1e-06,3e-06,0,1e-06,0.000193,2.3e-05
"arusha/arusha/mussa",0,0,0,0,0,0,0,0,0,0,0,0,0,0,0,0,0,0,0,0,0,0,0,0,0,0,0,0,0,0,0,0,0,0,0,0,0,0,0,0,0,0,0,0,0,0,0,0,0,0,0,0,0,0,0,0,0,0,0,0,0,0,0,0,0,0,0,0,0,0,0,0,0,0,0,0,0,0,0,0,0,0,0,0,0,0,0,0,0,0,0,0,0,0,0,0,0,0,0,0,0,0,0,0,0,0,0,0,0,0,0,0,0,0,0,0,0,0,0,0,0,0,0,0,0,0,0,0,0,0,0,0,0,0,0,0,0,0,0,0,0,0,0,0,0,0,0,0,0,0,0,0,0,0,0,0,0,0,0,0,0,0,0,0,0,0,0,0,0,0,0,0,0,0,0,0,0,0,0,0,0,0,0,0,0,0,0,0,0,0,0,0,0,0,0,0,0,0,0,0,0,0,0,0,0,0,0,0,0,0,0,0,0,0,0,0,0,0,0,0,0,0,0,0,0,0,0,0,0,0,0,0,0,0,0,0,0,0,0,0,0,0,0,0,0,0,0,0,0,0,0,0,0,0,0,0,0,0,0,0,0,0,0,0,0,0,0,0,0,0,0,0,0,0,0,0,0,0,0,0,0,0,0,0,0,0,0,0,0,0,0,0,0,0,0,0,0,0,0,0,0,0,0,0,0,0,0,0,0,0,0,0,0,0,0,0,0,0,0,0,0,0,0,0,0,0,0,0,0,0,0,0,0,0,0,0,0,0,0,0,0,0,0,0,0,0,0,0,0,0,0,0,0,0,0,0,0,0,0,0,0,0,0,0,0,0,0,0,0,0,0,0,0,0,0,0,0,0,0,0,0,0,0,0,0,0,0,0,0,0,0,0,0,0,0,0,0,0
"manyara/babatiurban/mutuka",0,0,0,0,0,0,0,0,0,0,0,0,0,0,0,0,0,0,0,0,0,0,0,0,0,0,0,0,0,0,0,0,0,0,0,0,0,0,0,0,0,0,0,0,0,0,0,0,0,0,0,0,0,0,0,0,0,0,0,0,0,0,0,0,0,0,0,0,0,0,0,0,0,0,0,0,0,0,0,0,0,0,0,0,0,0,0,0,0,0,0,0,0,0,0,0,0,0,0,0,0,0,0,0,0,0,0,0,0,0,0,0,0,0,0,0,0,0,0,0,0,0,0,0,0,0,0,0,0,0,0,0,0,0,0,0,0,0,0,0,0,0,0,0,0,0,0,0,0,0,0,0,0,0,0,0,0,0,0,0,0,0,0,0,0,0,0,0,0,0,0,0,0,0,0,0,0,0,0,0,0,0,0,0,0,0,0,0,0,0,0,0,0,0,0,0,0,0,0,0,0,0,0,0,0,0,0,0,0,0,0,0,0,0,0,0,0,0,0,0,0,0,0,0,0,0,0,0,0,0,0,0,0,0,0,0,0,0,0,0,0,0,0,0,0,0,0,0,0,0,0,0,0,0,0,0,0,0,0,0,0,0,0,0,0,0,0,0,0,0,0,0,0,0,0,0,0,0,0,0,0,0,0,0,0,0,0,0,0,0,0,0,0,0,0,0,0,0,0,0,0,0,0,0,0,0,0,0,0,0,0,0,0,0,0,0,0,0,0,0,0,0,0,0,0,0,0,0,0,0,0,0,0,0,0,0,0,0,0,0,0,0,0,0,0,0,0,0,0,0,0,0,0,0,0,0,0,0,0,0,0,0,0,0,0,0,0,0,0,0,0,0,0,0,0,0,0,0,0,0,0,0,0,0,0,0,0,0,0,0,0,0,0,0,0,0,0,0
"manyara/babati/mwada",5.4e-05,1.6e-05,3e-06,5.1e-05,1.8e-05,0.000161,1e-05,1.4e-05,1.2e-05,0.006192,7.6e-05,3e-06,4.1e-05,0.000653,0.000199,3.4e-05,9e-06,4.1e-05,4e-06,1.2e-05,2e-06,2.2e-05,1e-05,3e-06,2e-06,1e-06,2.5e-05,3e-05,1e-06,3e-06,0.000362,4e-06,1e-06,2e-06,4.3e-05,1.4e-05,6.7e-05,0.000472,5.3e-05,6.5e-05,9e-06,2e-06,0.000106,0.000281,2e-05,1.3e-05,2.5e-05,0.016437,0.00628,2.2e-05,1.6e-05,1.1e-05,2.6e-05,8e-06,0.000246,4e-06,7e-06,7.2e-05,0.000126,0.001872,6.9e-05,0.000316,0.000206,1.2e-05,0,0.000467,0.000273,4e-06,0.000357,0.003035,1.1e-05,1e-06,7e-06,0.00048,1e-05,0.000128,2.4e-05,3e-06,2e-06,4e-06,3e-06,3e-05,7e-06,4e-06,1.5e-05,9e-06,0.001317,5e-06,0.000101,0.000299,3e-06,3e-06,0.000919,0.000298,1.2e-05,0.001182,7.5e-05,1e-06,0.000489,0.000115,2.4e-05,5e-06,7.6e-05,0.000102,1.6e-05,0.000574,1.9e-05,0.000105,5.1e-05,0.001475,5.3e-05,0.000277,8.8e-05,2e-06,4e-06,3e-06,5e-04,3e-06,0.000558,5.1e-05,2e-05,0.000968,3e-06,1.1e-05,1e-06,3.1e-05,9.1e-05,0.001901,0.000212,3e-06,3e-06,7.4e-05,0.000213,2.3e-05,1e-06,0.000362,2e-05,6.5e-05,0.00121,0.00017,1e-04,2e-06,0.000132,1.6e-05,6e-06,0.000159,3.9e-05,0.000235,0.000191,6.3e-05,3e-06,3e-06,4e-06,3e-06,0.000126,0.005069,8e-06,1.9e-05,1.8e-05,0.008365,3.1e-05,0.001242,1e-06,8e-06,2e-06,3e-06,4.5e-05,5.2e-05,0.000766,1.8e-05,3e-05,0.001835,0.011204,8.4e-05,1.8e-05,0.000352,0.008271,4e-06,0.000167,7.2e-05,1e-06,1.3e-05,0.000244,2.8e-05,0.001087,0.033073,2e-06,4e-06,0.00056,0.000171,4.7e-05,0.000144,0.000597,6e-06,0.019067,6e-06,3e-06,4.3e-05,0.000193,9e-06,0.000932,9.3e-05,9.8e-05,4e-06,0.000243,2.7e-05,0.001586,0.002661,0.000188,4e-06,3e-06,0.000147,0.000489,1e-06,5e-06,3.2e-05,1.3e-05,0.002112,2.1e-05,0.00013,7e-06,4e-06,8e-06,4e-06,0.000722,1.6e-05,0.000951,9e-06,5.3e-05,4e-06,5e-06,1.1e-05,0.000713,0.001828,2.2e-05,0,4e-06,0.000135,0.000306,3e-06,1e-04,0.048738,2e-06,0.002614,2e-06,3e-06,1.1e-05,0.000516,6e-06,9.7e-05,0.003568,0.002869,1.3e-05,0.000965,0.000127,6.5e-05,4e-06,1.6e-05,2e-06,2e-06,2e-06,5.4e-05,4.3e-05,2e-06,0.001628,1.5e-05,2.8e-05,0.001487,2.7e-05,0,0.001095,0.000431,3e-06,2e-06,0.001365,7e-06,7.3e-05,0.000276,4.8e-05,7e-05,3.5e-05,5e-06,0.004544,7.4e-05,3e-06,3.5e-05,3e-06,8e-06,1.7e-05,4e-06,2.5e-05,4e-05,6e-06,0.002641,4.2e-05,8.1e-05,0.000641,2e-05,0.000102,0.000251,1e-06,1e-06,3e-06,3.5e-05,5e-06,0.04053,7.5e-05,9e-06,6e-06,4e-06,0.000865,7.9e-05,1.6e-05,2e-06,2.7e-05,8e-06,4e-06,0.00136,0.000765,0.001304,0.000229,0.001219,0.000105,0.000367,0.006256,0.000102,0.000131,2.9e-05,1.5e-05,0.000257,0.000358,0.000162,0.004219,0.000403,0.000208,4e-06,1.5e-05,2.4e-05,0.002179,7.5e-05,1.1e-05,2e-06,1.3e-05,1.8e-05,0.000351,5.3e-05,4.4e-05,0.000371,0.000251,5.6e-05,1.3e-05,0.000246,2.8e-05,0.00446,0.000665,0.000773,0.000309,1.4e-05,5e-06,4.3e-05,2.6e-05,4e-06,2.4e-05,3e-06,1e-05,0.00275,0.000628,0.001978,6e-06,0.000235,1.6e-05,1e-06,2e-06,8e-06,6e-06,0.000222,0.000218,7e-06,0.000586,1.1e-05,1e-06,1.3e-05,0.00153,7.1e-05,1.1e-05,8.2e-05,3e-06,0.000403,7.1e-05,2e-06,0.000953,3e-06,2e-06,4e-06,1e-06,1e-06,1.4e-05,6e-06
"arusha/arusha/mwandeti",0,0,0,0,0,0,0,0,0,0,0,0,0,0,0,0,0,0,0,0,0,0,0,0,0,0,0,0,0,0,0,0,0,0,0,0,0,0,0,0,0,0,0,0,0,0,0,0,0,0,0,0,0,0,0,0,0,0,0,0,0,0,0,0,0,0,0,0,0,0,0,0,0,0,0,0,0,0,0,0,0,0,0,0,0,0,0,0,0,0,0,0,0,0,0,0,0,0,0,0,0,0,0,0,0,0,0,0,0,0,0,0,0,0,0,0,0,0,0,0,0,0,0,0,0,0,0,0,0,0,0,0,0,0,0,0,0,0,0,0,0,0,0,0,0,0,0,0,0,0,0,0,0,0,0,0,0,0,0,0,0,0,0,0,0,0,0,0,0,0,0,0,0,0,0,0,0,0,0,0,0,0,0,0,0,0,0,0,0,0,0,0,0,0,0,0,0,0,0,0,0,0,0,0,0,0,0,0,0,0,0,0,0,0,0,0,0,0,0,0,0,0,0,0,0,0,0,0,0,0,0,0,0,0,0,0,0,0,0,0,0,0,0,0,0,0,0,0,0,0,0,0,0,0,0,0,0,0,0,0,0,0,0,0,0,0,0,0,0,0,0,0,0,0,0,0,0,0,0,0,0,0,0,0,0,0,0,0,0,0,0,0,0,0,0,0,0,0,0,0,0,0,0,0,0,0,0,0,0,0,0,0,0,0,0,0,0,0,0,0,0,0,0,0,0,0,0,0,0,0,0,0,0,0,0,0,0,0,0,0,0,0,0,0,0,0,0,0,0,0,0,0,0,0,0,0,0,0,0,0,0,0,0,0,0,0,0,0,0,0,0,0,0,0,0,0,0,0,0,0,0,0,0,0,0,0,0,0,0,0,0,0,0,0,0,0,0,0
"kilimanjaro/mwanga/mwanga",4e-06,0,5e-06,1e-06,0,0.000527,0,0,0,5e-06,0,0,3e-06,4.2e-05,1e-06,0,0,0,0,0,1e-06,6e-06,0,5e-06,1e-06,1e-06,0,0,0,1e-06,2.9e-05,0,1e-06,2.3e-05,0,0,3e-06,1e-06,0,2e-06,0,0,4e-06,1e-06,1e-06,0,0,0.000745,3e-05,0,0,0,0,0,1e-06,0,2e-06,0,2.4e-05,1.5e-05,3e-06,4e-06,1e-05,0,0,2.5e-05,5e-06,0,1e-06,4e-06,0,0,2e-06,0,0,4e-06,0,0,0,0,0,0,0,0,0,0,0.000741,0,0,0.000102,0,0,0.002895,1.9e-05,0,1e-06,2.6e-05,1e-05,0.003157,0.000838,0,0,2.8e-05,5e-06,2.7e-05,0.000165,0,0.000126,8e-06,4e-06,1.9e-05,0.000268,0,0,5e-06,5e-06,0.000237,0,0.000914,3.7e-05,1.4e-05,0.000792,4.3e-05,0.000184,9e-06,1e-05,4e-06,0.000377,2.6e-05,5e-06,5e-06,0.000246,0.002767,3.1e-05,7e-06,2.1e-05,1e-06,0.000119,8.4e-05,0.000159,2.5e-05,1e-06,6e-06,1.5e-05,5e-06,0.001802,0,0.000701,0.000334,0.000162,3e-06,1.4e-05,5e-06,4e-06,9.8e-05,0.000116,7e-06,1e-06,2e-06,0.011974,0.000427,3.6e-05,2e-06,4.5e-05,0,0,0.000985,9e-06,3.9e-05,0.000276,1e-06,1.1e-05,0.000554,3.9e-05,6e-06,4e-06,2.2e-05,0,2e-04,4e-06,0,0,7.3e-05,7.6e-05,0.000629,0.032076,1e-06,2e-06,0.000399,9.6e-05,6.1e-05,0,0,0,3e-06,0,8e-06,0,0.000292,0,0.000138,2e-06,4.5e-05,1e-06,0.000335,7e-06,0.006809,8e-06,3e-06,7e-06,8e-06,0,0.001109,2e-06,0,1.5e-05,0,0.002175,3.4e-05,0.000263,0,1e-06,0,2e-06,0.000378,6e-06,0.000449,9e-06,0,0,0,0,2.6e-05,5.5e-05,1e-06,0,6e-06,2e-05,2e-06,5e-06,2.7e-05,0.000371,2e-06,0.010941,1e-06,5e-06,1.7e-05,3.8e-05,0,2e-06,0.000187,6.4e-05,0,6e-05,5.6e-05,2.9e-05,4e-06,0.000435,4e-06,2e-06,1e-06,0.000139,0,1e-06,4e-06,1e-06,0,3.7e-05,0,1e-06,3.5e-05,0,3.3e-05,2e-06,0.003645,1.3e-05,2.9e-05,3.1e-05,0,0,2.5e-05,0,0.00034,0,0,0,0,6e-06,0,1e-06,1e-06,9e-06,2e-06,0.000239,7.5e-05,2e-05,6.7e-05,1e-06,0.000172,1e-06,2e-06,1.4e-05,5e-06,7.5e-05,0,1e-05,6e-06,1e-06,0,2e-06,3.1e-05,1e-06,0,5e-06,4.1e-05,0,0,9.7e-05,0.000729,4.7e-05,7e-06,5.2e-05,3.8e-05,6.8e-05,0.000288,3e-06,3e-06,2e-06,0,1.1e-05,2.1e-05,6e-06,0.000259,1.2e-05,2.9e-05,0,2.4e-05,1e-06,0.000211,0,0,3e-06,0,0,0.000234,1e-05,1e-06,2.1e-05,0.000377,1e-06,0,6.5e-05,2e-06,0.00024,4e-06,8e-06,5.3e-05,0.00041,8e-06,5.9e-05,0,0,0,0,0,0.000172,2.9e-05,8.7e-05,0,2.4e-05,2.2e-05,1e-06,1e-06,0,4e-06,1e-05,4e-06,0,6.6e-05,0,4e-06,0,0.001239,0,0,4e-06,3e-06,0.000447,8.8e-05,3e-06,0.00011,3e-06,2e-06,3e-06,1e-06,0,0,0
"kilimanjaro/mwanga/mwaniko",0,0,0,0,0,0,0,0,0,0,0,0,0,0,0,0,0,0,0,0,0,0,0,0,0,0,0,0,0,0,0,0,0,0,0,0,0,0,0,0,0,0,0,0,0,0,0,0,0,0,0,0,0,0,0,0,0,0,0,0,0,0,0,0,0,0,0,0,0,0,0,0,0,0,0,0,0,0,0,0,0,0,0,0,0,0,0,0,0,0,0,0,0,0,0,0,0,0,0,0,0,0,0,0,0,0,0,0,0,0,0,0,0,0,0,0,0,0,0,0,0,0,0,0,0,0,0,0,0,0,0,0,0,0,0,0,0,0,0,0,0,0,0,0,0,0,0,0,0,0,0,0,0,0,0,0,0,0,0,0,0,0,0,0,0,0,0,0,0,0,0,0,0,0,0,0,0,0,0,0,0,0,0,0,0,0,0,0,0,0,0,0,0,0,0,0,0,0,0,0,0,0,0,0,0,0,0,0,0,0,0,0,0,0,0,0,0,0,0,0,0,0,0,0,0,0,0,0,0,0,0,0,0,0,0,0,0,0,0,0,0,0,0,0,0,0,0,0,0,0,0,0,0,0,0,0,0,0,0,0,0,0,0,0,0,0,0,0,0,0,0,0,0,0,0,0,0,0,0,0,0,0,0,0,0,0,0,0,0,0,0,0,0,0,0,0,0,0,0,0,0,0,0,0,0,0,0,0,0,0,0,0,0,0,0,0,0,0,0,0,0,0,0,0,0,0,0,0,0,0,0,0,0,0,0,0,0,0,0,0,0,0,0,0,0,0,0,0,0,0,0,0,0,0,0,0,0,0,0,0,0,0,0,0,0,0,0,0,0,0,0,0,0,0,0,0,0,0,0,0,0,0,0,0,0,0,0,0,0,0,0,0,0,0,0,0,0,0
"kilimanjaro/same/mwembe",0,0,0,0,0,0,0,0,0,0,0,0,0,0,0,0,0,0,0,0,0,0,0,0,0,0,0,0,0,0,0,0,0,0,0,0,0,0,0,0,0,0,0,0,0,0,0,0,0,0,0,0,0,0,0,0,0,0,0,0,0,0,0,0,0,0,0,0,0,0,0,0,0,0,0,0,0,0,0,0,0,0,0,0,0,0,0,0,0,0,0,0,0,0,0,0,0,0,0,0,0,0,0,0,0,0,0,0,0,0,0,0,0,0,0,0,0,0,0,0,0,0,0,0,0,0,0,0,0,0,0,0,0,0,0,0,0,0,0,0,0,0,0,0,0,0,0,0,0,0,0,0,0,0,0,0,0,0,0,0,0,0,0,0,0,0,0,0,0,0,0,0,0,0,0,0,0,0,0,0,0,0,0,0,0,0,0,0,0,0,0,0,0,0,0,0,0,0,0,0,0,0,0,0,0,0,0,0,0,0,0,0,0,0,0,0,0,0,0,0,0,0,0,0,0,0,0,0,0,0,0,0,0,0,0,0,0,0,0,0,0,0,0,0,0,0,0,0,0,0,0,0,0,0,0,0,0,0,0,0,0,0,0,0,0,0,0,0,0,0,0,0,0,0,0,0,0,0,0,0,0,0,0,0,0,0,0,0,0,0,0,0,0,0,0,0,0,0,0,0,0,0,0,0,0,0,0,0,0,0,0,0,0,0,0,0,0,0,0,0,0,0,0,0,0,0,0,0,0,0,0,0,0,0,0,0,0,0,0,0,0,0,0,0,0,0,0,0,0,0,0,0,0,0,0,0,0,0,0,0,0,0,0,0,0,0,0,0,0,0,0,0,0,0,0,0,0,0,0,0,0,0,0,0,0,0,0,0,0,0,0,0,0,0,0,0,0,0
"kilimanjaro/moshi/mwikakusini",0,0,0,0,0,0,0,0,0,0,0,0,0,0,0,0,0,0,0,0,0,0,0,0,0,0,0,0,0,0,0,0,0,0,0,0,0,0,0,0,0,0,0,0,0,0,0,0,0,0,0,0,0,0,0,0,0,0,0,0,0,0,0,0,0,0,0,0,0,0,0,0,0,0,0,0,0,0,0,0,0,0,0,0,0,0,0,0,0,0,0,0,0,0,0,0,0,0,0,0,0,0,0,0,0,0,0,0,0,0,0,0,0,0,0,0,0,0,0,0,0,0,0,0,0,0,0,0,0,0,0,0,0,0,0,0,0,0,0,0,0,0,0,0,0,0,0,0,0,0,0,0,0,0,0,0,0,0,0,0,0,0,0,0,0,0,0,0,0,0,0,0,0,0,0,0,0,0,0,0,0,0,0,0,0,0,0,0,0,0,0,0,0,0,0,0,0,0,0,0,0,0,0,0,0,0,0,0,0,0,0,0,0,0,0,0,0,0,0,0,0,0,0,0,0,0,0,0,0,0,0,0,0,0,0,0,0,0,0,0,0,0,0,0,0,0,0,0,0,0,0,0,0,0,0,0,0,0,0,0,0,0,0,0,0,0,0,0,0,0,0,0,0,0,0,0,0,0,0,0,0,0,0,0,0,0,0,0,0,0,0,0,0,0,0,0,0,0,0,0,0,0,0,0,0,0,0,0,0,0,0,0,0,0,0,0,0,0,0,0,0,0,0,0,0,0,0,0,0,0,0,0,0,0,0,0,0,0,0,0,0,0,0,0,0,0,0,0,0,0,0,0,0,0,0,0,0,0,0,0,0,0,0,0,0,0,0,0,0,0,0,0,0,0,0,0,0,0,0,0,0,0,0,0,0,0,0,0,0,0,0,0,0,0,0,0,0,0
"kilimanjaro/moshi/mwikakaskazini",0,0,0,0,0,0,0,0,0,0,0,0,0,0,0,0,0,0,0,0,0,0,0,0,0,0,0,0,0,0,0,0,0,0,0,0,0,0,0,0,0,0,0,0,0,0,0,0,0,0,0,0,0,0,0,0,0,0,0,0,0,0,0,0,0,0,0,0,0,0,0,0,0,0,0,0,0,0,0,0,0,0,0,0,0,0,0,0,0,0,0,0,0,0,0,0,0,0,0,0,0,0,0,0,0,0,0,0,0,0,0,0,0,0,0,0,0,0,0,0,0,0,0,0,0,0,0,0,0,0,0,0,0,0,0,0,0,0,0,0,0,0,0,0,0,0,0,0,0,0,0,0,0,0,0,0,0,0,0,0,0,0,0,0,0,0,0,0,0,0,0,0,0,0,0,0,0,0,0,0,0,0,0,0,0,0,0,0,0,0,0,0,0,0,0,0,0,0,0,0,0,0,0,0,0,0,0,0,0,0,0,0,0,0,0,0,0,0,0,0,0,0,0,0,0,0,0,0,0,0,0,0,0,0,0,0,0,0,0,0,0,0,0,0,0,0,0,0,0,0,0,0,0,0,0,0,0,0,0,0,0,0,0,0,0,0,0,0,0,0,0,0,0,0,0,0,0,0,0,0,0,0,0,0,0,0,0,0,0,0,0,0,0,0,0,0,0,0,0,0,0,0,0,0,0,0,0,0,0,0,0,0,0,0,0,0,0,0,0,0,0,0,0,0,0,0,0,0,0,0,0,0,0,0,0,0,0,0,0,0,0,0,0,0,0,0,0,0,0,0,0,0,0,0,0,0,0,0,0,0,0,0,0,0,0,0,0,0,0,0,0,0,0,0,0,0,0,0,0,0,0,0,0,0,0,0,0,0,0,0,0,0,0,0,0,0,0,0
"kilimanjaro/same/myamba",0,0,0,0,0,0,0,0,0,0,0,0,0,0,0,0,0,0,0,0,0,0,0,0,0,0,0,0,0,0,0,0,0,0,0,0,0,0,0,0,0,0,0,0,0,0,0,0,0,0,0,0,0,0,0,0,0,0,0,0,0,0,0,0,0,0,0,0,0,0,0,0,0,0,0,0,0,0,0,0,0,0,0,0,0,0,0,0,0,0,0,0,0,0,0,0,0,0,0,0,0,0,0,0,0,0,0,0,0,0,0,0,0,0,0,0,0,0,0,0,0,0,0,0,0,0,0,0,0,0,0,0,0,0,0,0,0,0,0,0,0,0,0,0,0,0,0,0,0,0,0,0,0,0,0,0,0,0,0,0,0,0,0,0,0,0,0,0,0,0,0,0,0,0,0,0,0,0,0,0,0,0,0,0,0,0,0,0,0,0,0,0,0,0,0,0,0,0,0,0,0,0,0,0,0,0,0,0,0,0,0,0,0,0,0,0,0,0,0,0,0,0,0,0,0,0,0,0,0,0,0,0,0,0,0,0,0,0,0,0,0,0,0,0,0,0,0,0,0,0,0,0,0,0,0,0,0,0,0,0,0,0,0,0,0,0,0,0,0,0,0,0,0,0,0,0,0,0,0,0,0,0,0,0,0,0,0,0,0,0,0,0,0,0,0,0,0,0,0,0,0,0,0,0,0,0,0,0,0,0,0,0,0,0,0,0,0,0,0,0,0,0,0,0,0,0,0,0,0,0,0,0,0,0,0,0,0,0,0,0,0,0,0,0,0,0,0,0,0,0,0,0,0,0,0,0,0,0,0,0,0,0,0,0,0,0,0,0,0,0,0,0,0,0,0,0,0,0,0,0,0,0,0,0,0,0,0,0,0,0,0,0,0,0,0,0,0,0
"manyara/simanjiro/naberera",0.001177,5.5e-05,0.000137,0.000405,1.5e-05,0.012223,5e-06,7e-06,1.6e-05,0.004049,6.3e-05,9e-06,0.000738,0.01224,0.00035,2e-05,1.6e-05,7.5e-05,1.2e-05,4.4e-05,0.00016,0.000899,1.6e-05,0.000165,0.000169,5e-05,2.9e-05,1.6e-05,1.8e-05,0.000266,0.007606,8.5e-05,0.000111,0.000176,8.2e-05,3e-05,0.0011,0.000716,4.8e-05,0.00049,1.2e-05,1e-05,0.003372,0.000438,0.000527,1.6e-05,0.00014,0.206764,0.041187,2.9e-05,1.4e-05,1.9e-05,2.4e-05,1.3e-05,0.000597,7e-06,0.00044,6.9e-05,0.037858,0.007744,0.00099,0.001773,0.00214,0.000264,0,0.008764,0.001935,8e-06,0.000352,0.007421,1.6e-05,2e-06,0.000178,0.000202,4.5e-05,0.001286,0.00013,6e-06,7e-06,8e-06,5e-06,7.2e-05,9e-06,1.5e-05,2.7e-05,9e-06,0.057089,8e-06,0.000333,0.036343,6e-06,1.1e-05,0.04582,0.004819,6.6e-05,0.000746,0.00231,8.1e-05,0.034681,0.007496,1.2e-05,1.3e-05,0.00462,0.001619,0.000843,0.013429,1.5e-05,0.005136,0.001198,0.002623,0.001639,0.010182,0.000302,4e-05,0.000169,0.000131,0.024015,7.5e-05,0.027384,0.001896,0.00107,0.036236,0.000229,0.00096,9.5e-05,0.002111,0.004718,0.083983,0.006949,0.000154,0.000134,0.005715,0.014671,0.001158,8.2e-05,0.006397,0.000292,0.003207,0.014691,0.007559,0.0034,0.00014,0.001961,0.00068,0.000198,0.013511,3.1e-05,0.012992,0.008975,0.003249,0.000107,0.000377,0.000167,0.000385,0.008134,0.044788,0.000409,0.000196,0.001918,0.32383,0.002147,0.118416,7.6e-05,0.00071,9e-06,1e-05,0.004642,0.001323,0.013316,0.001928,0.001351,0.007547,0.156355,0.024993,0.000529,0.015864,0.028222,4.3e-05,0.007901,0.003429,7.8e-05,8.2e-05,0.023138,0.00177,0.038344,0.5815,6.4e-05,0.000136,0.02254,0.006387,0.002644,0.000131,0.000292,1.6e-05,0.003165,0.000133,0.000149,2e-05,0.009657,1.4e-05,0.025811,0.003463,0.015499,0.00019,0.009971,0.00081,0.084196,0.006019,0.000861,0.000175,0.000165,0.000113,0.022644,6.2e-05,7e-06,0.001963,8e-06,0.073376,0.000932,0.006098,1.5e-05,0.000161,1e-05,0.000151,0.028533,0.00054,0.031599,0.000486,5.2e-05,8e-06,7e-06,1.4e-05,0.006076,0.022576,0.000384,1.3e-05,0.000193,0.00862,0.000918,0.000113,0.006198,0.136048,7.7e-05,0.314046,0.00015,0.000157,0.000543,0.011949,1.4e-05,0.001176,0.054501,0.027927,8.8e-05,0.018831,0.003572,0.005233,0.00014,0.001245,0.000127,0.000185,0.000129,0.008136,2.7e-05,0.000146,0.002833,0.000133,1.7e-05,0.013394,1.3e-05,0.000651,0.010969,0.03767,0.000187,0.000253,0.065093,0.000317,0.005445,0,1.7e-05,0.000173,0.003487,1.8e-05,0.055762,4.1e-05,0.000106,4e-05,6e-06,0.000269,2.1e-05,0.000112,0.001125,0.000921,0.000395,0.073382,0.002154,0.002031,0.017075,0.000299,0.02108,0.000502,5.5e-05,8.6e-05,0.000149,0.004397,0.000138,0.009281,0.00148,0.000209,0.000115,0.000133,0.01599,0.000358,0.000283,0.000133,0.001244,1.2e-05,4.8e-05,0.028013,0.027243,0.034494,0.005745,0.014319,0.003834,0.007342,0.111373,0.001035,0.001326,0.000527,0.000116,0.003468,0.005888,0.00194,0.06666,0.003151,0.09595,0.00015,0.000793,0.000154,0.049132,0.000193,1.4e-05,0.000118,1.8e-05,2.7e-05,0.060363,0.004398,0.000292,0.005372,0.031002,0.000402,6e-06,0.006996,0.000618,0.070384,0.002534,0.003668,0.052454,0.001194,0.00022,0.002243,1.9e-05,1.2e-05,2.1e-05,8e-06,7.7e-05,0.046971,0.014454,0.02911,0.000117,0.00496,0.000831,1e-04,0.000226,0.000289,0.000202,0.004038,0.007233,0.00012,0.013363,8e-06,9.5e-05,1.2e-05,0.050459,0.000116,6e-06,0.001287,0.000136,0.017863,0.003117,9.8e-05,0.025269,9.9e-05,0.000208,0.00034,7.2e-05,6.7e-05,1.2e-05,8e-06
"manyara/mbulu/nahasey",0,0,0,0,0,0,0,0,0,0,0,0,0,0,0,0,0,0,0,0,0,0,0,0,0,0,0,0,0,0,0,0,0,0,0,0,0,0,0,0,0,0,0,0,0,0,0,0,0,0,0,0,0,0,0,0,0,0,0,0,0,0,0,0,0,0,0,0,0,0,0,0,0,0,0,0,0,0,0,0,0,0,0,0,0,0,0,0,0,0,0,0,0,0,0,0,0,0,0,0,0,0,0,0,0,0,0,0,0,0,0,0,0,0,0,0,0,0,0,0,0,0,0,0,0,0,0,0,0,0,0,0,0,0,0,0,0,0,0,0,0,0,0,0,0,0,0,0,0,0,0,0,0,0,0,0,0,0,0,0,0,0,0,0,0,0,0,0,0,0,0,0,0,0,0,0,0,0,0,0,0,0,0,0,0,0,0,0,0,0,0,0,0,0,0,0,0,0,0,0,0,0,0,0,0,0,0,0,0,0,0,0,0,0,0,0,0,0,0,0,0,0,0,0,0,0,0,0,0,0,0,0,0,0,0,0,0,0,0,0,0,0,0,0,0,0,0,0,0,0,0,0,0,0,0,0,0,0,0,0,0,0,0,0,0,0,0,0,0,0,0,0,0,0,0,0,0,0,0,0,0,0,0,0,0,0,0,0,0,0,0,0,0,0,0,0,0,0,0,0,0,0,0,0,0,0,0,0,0,0,0,0,0,0,0,0,0,0,0,0,0,0,0,0,0,0,0,0,0,0,0,0,0,0,0,0,0,0,0,0,0,0,0,0,0,0,0,0,0,0,0,0,0,0,0,0,0,0,0,0,0,0,0,0,0,0,0,0,0,0,0,0,0,0,0,0,0,0,0,0,0,0,0,0,0,0,0,0,0,0,0,0,0,0,0,0,0,0
"arusha/ngorongoro/nainokanoka",1.6e-05,0.000189,1e-06,0.000108,1e-06,4.1e-05,1e-06,1e-06,0,0.000128,2e-06,0,1.4e-05,0.000196,5.5e-05,3e-06,1e-06,3e-06,0,1e-06,1e-06,8e-06,0,1e-06,1e-06,0,1e-06,4e-06,0,1e-06,7.3e-05,1e-06,0,0,4.1e-05,1e-06,2e-05,2.2e-05,6e-06,0.000101,1e-06,0,1.9e-05,2.2e-05,3e-06,0,4.1e-05,0.005216,0.000277,9e-06,1e-06,1.1e-05,1.4e-05,1e-06,1.3e-05,0,2e-06,1e-06,2e-05,0.002562,7.5e-05,0.001502,0.000161,2e-06,0,0.000123,0.000121,1e-06,0.000123,6.4e-05,2.6e-05,0,3e-06,2.7e-05,1e-06,0.000254,8.3e-05,0,0,0,0,1e-06,1e-06,0,1e-06,1e-06,0.000387,0,1.5e-05,6.6e-05,0,0,0.000276,0.000114,2.9e-05,9.6e-05,2.8e-05,0,0.00013,3.2e-05,1e-06,3e-06,1.8e-05,3.2e-05,5e-06,0.000254,4e-06,3.2e-05,2e-05,0.002234,1.9e-05,9.5e-05,7e-06,1e-06,1e-06,1e-06,0.000137,0,0.000169,1.8e-05,7e-06,0.000329,1e-06,3e-06,0,7e-06,1.5e-05,0.000561,5.3e-05,1e-06,1e-06,2.2e-05,5.8e-05,7e-06,0,0.00011,7e-06,2e-05,0.000991,5.3e-05,3.1e-05,0,4.3e-05,5e-06,2e-06,4e-05,1e-06,6.8e-05,6e-05,1.9e-05,1e-06,1e-06,1e-06,1e-06,3.2e-05,0.001648,3e-06,2.9e-05,3e-06,0.002504,8e-06,0.000109,0,2e-06,0,0,1.1e-05,1.9e-05,0.000212,4e-06,5e-06,0.000875,0.003504,1.5e-05,7e-06,2e-05,0.000393,3e-06,5.1e-05,1.2e-05,0,2.2e-05,5.2e-05,8e-06,0.000374,0.009978,1e-06,1e-06,0.000181,5.7e-05,1.3e-05,7e-06,3.2e-05,1e-06,8.2e-05,1e-06,1e-06,1e-06,5.8e-05,1.7e-05,0.000287,8e-06,2.1e-05,1e-06,8e-05,9e-06,0.000463,0.000564,0.000673,1e-06,1e-06,2e-06,0.000152,0,2e-06,8e-06,2e-06,0.000722,7e-06,4e-05,1e-06,1e-06,0,2e-06,0.000227,6e-06,0.000335,2e-06,1e-05,0,0,1e-06,0.001028,0.000472,3e-06,0,1e-06,2.9e-05,0.002412,1e-06,2.2e-05,0.007428,0,0.000615,0,1e-06,3e-06,0.000134,0,1.8e-05,0.001156,0.00214,6e-06,0.000267,5e-05,1.5e-05,1e-06,4e-06,1e-06,0,0,1.2e-05,2e-06,0,0.001601,2e-05,1e-06,0.000574,0,3.2e-05,0.000491,0.000108,1e-06,0,0.000416,2e-06,1.7e-05,3.3e-05,2e-06,0,8e-06,5.1e-05,0.003562,4e-06,0,1e-06,0,3e-06,1e-06,1e-06,3e-06,1.8e-05,1e-06,0.000623,1.3e-05,3.4e-05,0.00027,6e-06,2e-05,0.000742,0,0,1e-06,8e-06,1e-06,0.000578,2.4e-05,3e-06,2e-06,1e-06,0.000254,0.000303,2e-06,1e-06,8e-06,1.3e-05,7e-06,0.000675,0.000265,0.000243,3e-05,0.000551,3.3e-05,0.000183,0.002304,0.00014,0.000202,9e-06,1.5e-05,8.7e-05,0.000119,6.2e-05,0.003448,0.000538,3e-05,1e-06,4e-06,5.8e-05,0.000664,2e-06,1.3e-05,1e-06,2.4e-05,1e-06,7e-05,1.1e-05,9.1e-05,0.000153,5.6e-05,9.5e-05,1e-06,9.1e-05,9e-06,0.001385,0.001043,0.000252,4.9e-05,4e-06,2e-06,1.3e-05,1e-06,0,1e-06,0,1.2e-05,0.000889,0.000175,0.000589,1e-06,8.3e-05,5e-06,0,1e-06,1e-06,2e-06,5.1e-05,1.8e-05,2e-06,0.000345,1e-06,0,1e-06,0.000544,6e-06,1e-06,2.5e-05,1e-06,0.000127,2.3e-05,1e-06,0.000273,1e-06,0,1e-06,0,0,1e-06,1e-06
"manyara/simanjiro/naisinyai",0,0,0,0,0,0,0,0,0,0,0,0,0,0,0,0,0,0,0,0,0,0,0,0,0,0,0,0,0,0,0,0,0,0,0,0,0,0,0,0,0,0,0,0,0,0,0,0,0,0,0,0,0,0,0,0,0,0,0,0,0,0,0,0,0,0,0,0,0,0,0,0,0,0,0,0,0,0,0,0,0,0,0,0,0,0,0,0,0,0,0,0,0,0,0,0,0,0,0,0,0,0,0,0,0,0,0,0,0,0,0,0,0,0,0,0,0,0,0,0,0,0,0,0,0,0,0,0,0,0,0,0,0,0,0,0,0,0,0,0,0,0,0,0,0,0,0,0,0,0,0,0,0,0,0,0,0,0,0,0,0,0,0,0,0,0,0,0,0,0,0,0,0,0,0,0,0,0,0,0,0,0,0,0,0,0,0,0,0,0,0,0,0,0,0,0,0,0,0,0,0,0,0,0,0,0,0,0,0,0,0,0,0,0,0,0,0,0,0,0,0,0,0,0,0,0,0,0,0,0,0,0,0,0,0,0,0,0,0,0,0,0,0,0,0,0,0,0,0,0,0,0,0,0,0,0,0,0,0,0,0,0,0,0,0,0,0,0,0,0,0,0,0,0,0,0,0,0,0,0,0,0,0,0,0,0,0,0,0,0,0,0,0,0,0,0,0,0,0,0,0,0,0,0,0,0,0,0,0,0,0,0,0,0,0,0,0,0,0,0,0,0,0,0,0,0,0,0,0,0,0,0,0,0,0,0,0,0,0,0,0,0,0,0,0,0,0,0,0,0,0,0,0,0,0,0,0,0,0,0,0,0,0,0,0,0,0,0,0,0,0,0,0,0,0,0,0,0,0,0,0,0,0,0,0,0,0,0,0,0,0,0,0,0,0,0,0,0
"arusha/ngorongoro/naiyobi",0,0,0,0,0,0,0,0,0,0,0,0,0,0,0,0,0,0,0,0,0,0,0,0,0,0,0,0,0,0,0,0,0,0,0,0,0,0,0,0,0,0,0,0,0,0,0,0,0,0,0,0,0,0,0,0,0,0,0,0,0,0,0,0,0,0,0,0,0,0,0,0,0,0,0,0,0,0,0,0,0,0,0,0,0,0,0,0,0,0,0,0,0,0,0,0,0,0,0,0,0,0,0,0,0,0,0,0,0,0,0,0,0,0,0,0,0,0,0,0,0,0,0,0,0,0,0,0,0,0,0,0,0,0,0,0,0,0,0,0,0,0,0,0,0,0,0,0,0,0,0,0,0,0,0,0,0,0,0,0,0,0,0,0,0,0,0,0,0,0,0,0,0,0,0,0,0,0,0,0,0,0,0,0,0,0,0,0,0,0,0,0,0,0,0,0,0,0,0,0,0,0,0,0,0,0,0,0,0,0,0,0,0,0,0,0,0,0,0,0,0,0,0,0,0,0,0,0,0,0,0,0,0,0,0,0,0,0,0,0,0,0,0,0,0,0,0,0,0,0,0,0,0,0,0,0,0,0,0,0,0,0,0,0,0,0,0,0,0,0,0,0,0,0,0,0,0,0,0,0,0,0,0,0,0,0,0,0,0,0,0,0,0,0,0,0,0,0,0,0,0,0,0,0,0,0,0,0,0,0,0,0,0,0,0,0,0,0,0,0,0,0,0,0,0,0,0,0,0,0,0,0,0,0,0,0,0,0,0,0,0,0,0,0,0,0,0,0,0,0,0,0,0,0,0,0,0,0,0,0,0,0,0,0,0,0,0,0,0,0,0,0,0,0,0,0,0,0,0,0,0,0,0,0,0,0,0,0,0,0,0,0,0,0,0,0,0,0
"arusha/longido/namanga",8e-06,1e-06,1e-06,6e-06,0,2.9e-05,0,0,0,9e-06,0,0,7e-06,9e-05,2e-06,0,0,0,0,0,0,1e-05,0,1e-06,0,0,0,0,0,0,2.7e-05,0,0,0,0,0,8e-06,2e-06,0,2.1e-05,0,0,4e-06,1e-06,1e-06,0,6e-06,0.002,3.5e-05,0,0,0,0,0,1e-06,0,1e-06,0,6e-06,5.9e-05,0.000464,4.1e-05,0.000205,0,0,4.7e-05,2.4e-05,0,2e-06,6e-06,0,0,4e-06,1e-06,0,0.000101,7e-06,0,0,0,0,0,0,0,0,0,0.000349,0,1e-06,2.3e-05,0,0,0.000245,6.8e-05,4e-06,3e-06,4e-05,0,9.6e-05,2.5e-05,0,0,7e-06,1.3e-05,4e-06,0.000796,0,3.1e-05,2.6e-05,1.7e-05,2.8e-05,0.000129,1e-06,0,2e-06,1e-06,0.000105,0,0.000169,2.4e-05,9e-06,0.000439,0,2e-06,0,3e-06,4e-06,0.000413,2.7e-05,1e-06,1e-06,2e-05,4.2e-05,7e-06,0,4.9e-05,3e-06,2e-05,0.065191,5.8e-05,2.7e-05,0,1.7e-05,6e-06,3e-06,2.4e-05,0,6.2e-05,6.3e-05,1.8e-05,1e-06,0,2e-06,0,1.4e-05,0.000385,4e-06,1.4e-05,1e-06,0.002437,6e-06,2.3e-05,0,1e-06,0,0,6e-06,1.9e-05,8.1e-05,2e-06,1e-06,5.1e-05,0.001414,5e-06,1.2e-05,3e-06,3.7e-05,3.4e-05,5.3e-05,3e-06,0,2e-06,1.8e-05,6e-06,0.000503,0.009557,1e-06,2e-06,0.00021,7.1e-05,1.1e-05,0,1e-06,0,5e-06,0,1e-06,0,5.7e-05,0,0.000205,1e-06,8e-06,1e-06,9.3e-05,1.1e-05,0.000396,2.6e-05,2e-05,1e-06,1e-06,0,0.000145,0,0,3e-06,0,0.000884,7e-06,4.2e-05,0,1e-06,0,2e-06,0.000237,7e-06,0.000472,2e-06,0,0,0,0,0.001047,0.000127,1e-06,0,1e-06,1.3e-05,9e-06,1e-06,1.1e-05,0.000857,0,0.000307,0,1e-06,3e-06,5.8e-05,0,4e-06,5e-04,0.000546,1e-06,0.000114,0.000107,6e-06,1e-06,3e-06,1e-06,0,0,7e-06,0,0,1.8e-05,3.6e-05,0,0.00015,0,2e-06,0.000174,6.7e-05,0,0,0.000394,2e-06,6e-06,9e-06,0,3e-06,4e-06,1e-06,0,0,0,0,0,4e-06,0,2e-06,1e-06,4.9e-05,1e-06,0.000271,1.2e-05,6.9e-05,0.000286,2e-06,9e-06,6e-06,0,0,1e-06,4e-06,0,2.4e-05,1.2e-05,2e-06,1e-06,2e-06,8e-05,4e-06,0,1e-06,9e-06,0,2e-06,0.00068,0.000356,6.5e-05,7e-06,0.000265,3.3e-05,0.000851,0.001,1.8e-05,2.8e-05,4e-06,3e-06,3.4e-05,5.7e-05,2.3e-05,0.019615,0.000111,8e-06,0,4e-06,9e-06,0.000386,0,0,1e-06,0,0,2.6e-05,3e-06,1.1e-05,8.9e-05,2.4e-05,1.5e-05,0,0.000123,5e-06,0.000591,2.6e-05,2.9e-05,1.8e-05,2e-06,2e-06,1.2e-05,0,0,0,0,2e-06,0.000432,6.4e-05,0.000215,0,6.1e-05,5e-06,0,0,0,4e-06,1.6e-05,3e-06,1e-06,0.002044,0,0,0,0.000783,0,0,1e-05,1e-06,0.00014,2.6e-05,1e-06,0.000159,1e-06,0,0,0,0,0,0
"manyara/mbulu/nambisi",0,0,0,0,0,0,0,0,0,0,0,0,0,0,0,0,0,0,0,0,0,0,0,0,0,0,0,0,0,0,0,0,0,0,0,0,0,0,0,0,0,0,0,0,0,0,0,0,0,0,0,0,0,0,0,0,0,0,0,0,0,0,0,0,0,0,0,0,0,0,0,0,0,0,0,0,0,0,0,0,0,0,0,0,0,0,0,0,0,0,0,0,0,0,0,0,0,0,0,0,0,0,0,0,0,0,0,0,0,0,0,0,0,0,0,0,0,0,0,0,0,0,0,0,0,0,0,0,0,0,0,0,0,0,0,0,0,0,0,0,0,0,0,0,0,0,0,0,0,0,0,0,0,0,0,0,0,0,0,0,0,0,0,0,0,0,0,0,0,0,0,0,0,0,0,0,0,0,0,0,0,0,0,0,0,0,0,0,0,0,0,0,0,0,0,0,0,0,0,0,0,0,0,0,0,0,0,0,0,0,0,0,0,0,0,0,0,0,0,0,0,0,0,0,0,0,0,0,0,0,0,0,0,0,0,0,0,0,0,0,0,0,0,0,0,0,0,0,0,0,0,0,0,0,0,0,0,0,0,0,0,0,0,0,0,0,0,0,0,0,0,0,0,0,0,0,0,0,0,0,0,0,0,0,0,0,0,0,0,0,0,0,0,0,0,0,0,0,0,0,0,0,0,0,0,0,0,0,0,0,0,0,0,0,0,0,0,0,0,0,0,0,0,0,0,0,0,0,0,0,0,0,0,0,0,0,0,0,0,0,0,0,0,0,0,0,0,0,0,0,0,0,0,0,0,0,0,0,0,0,0,0,0,0,0,0,0,0,0,0,0,0,0,0,0,0,0,0,0,0,0,0,0,0,0,0,0,0,0,0,0,0,0,0,0,0,0,0
"manyara/kiteto/namelock",0,0,0,0,0,0,0,0,0,0,0,0,0,0,0,0,0,0,0,0,0,0,0,0,0,0,0,0,0,0,0,0,0,0,0,0,0,0,0,0,0,0,0,0,0,0,0,0,0,0,0,0,0,0,0,0,0,0,0,0,0,0,0,0,0,0,0,0,0,0,0,0,0,0,0,0,0,0,0,0,0,0,0,0,0,0,0,0,0,0,0,0,0,0,0,0,0,0,0,0,0,0,0,0,0,0,0,0,0,0,0,0,0,0,0,0,0,0,0,0,0,0,0,0,0,0,0,0,0,0,0,0,0,0,0,0,0,0,0,0,0,0,0,0,0,0,0,0,0,0,0,0,0,0,0,0,0,0,0,0,0,0,0,0,0,0,0,0,0,0,0,0,0,0,0,0,0,0,0,0,0,0,0,0,0,0,0,0,0,0,0,0,0,0,0,0,0,0,0,0,0,0,0,0,0,0,0,0,0,0,0,0,0,0,0,0,0,0,0,0,0,0,0,0,0,0,0,0,0,0,0,0,0,0,0,0,0,0,0,0,0,0,0,0,0,0,0,0,0,0,0,0,0,0,0,0,0,0,0,0,0,0,0,0,0,0,0,0,0,0,0,0,0,0,0,0,0,0,0,0,0,0,0,0,0,0,0,0,0,0,0,0,0,0,0,0,0,0,0,0,0,0,0,0,0,0,0,0,0,0,0,0,0,0,0,0,0,0,0,0,0,0,0,0,0,0,0,0,0,0,0,0,0,0,0,0,0,0,0,0,0,0,0,0,0,0,0,0,0,0,0,0,0,0,0,0,0,0,0,0,0,0,0,0,0,0,0,0,0,0,0,0,0,0,0,0,0,0,0,0,0,0,0,0,0,0,0,0,0,0,0,0,0,0,0,0,0,0
"manyara/babatiurban/nangara",1e-05,3e-06,1e-06,1.8e-05,2.7e-05,4e-05,3e-06,3e-06,4.8e-05,0.055382,0.000448,3e-06,7e-06,0.000112,6.7e-05,7e-06,6e-06,5.9e-05,4e-06,1.3e-05,1e-06,6e-06,3.5e-05,1e-06,1e-06,0,0.000191,4e-06,0,1e-06,4.2e-05,3e-06,0,1e-06,1.1e-05,2.4e-05,1.1e-05,0.000932,1.5e-05,1.6e-05,5e-06,4e-06,6.9e-05,0.000247,1.5e-05,3.7e-05,4e-06,0.002694,0.001026,5e-06,6e-06,2e-06,3e-06,4e-06,0.000609,6e-06,1e-06,3.1e-05,4.2e-05,0.000644,2.1e-05,7.1e-05,3.7e-05,6e-06,0,7.8e-05,3.9e-05,2e-06,3.2e-05,0.002717,2e-06,1e-06,1e-06,7.7e-05,1.3e-05,3.7e-05,5e-06,3e-06,1e-06,2e-06,5e-06,0.00011,5e-06,4e-06,1.8e-05,3e-06,0.000293,3e-06,8.2e-05,0.000142,4e-06,2e-06,0.000247,5.2e-05,2e-06,0.000308,1.7e-05,0,0.000125,3e-05,6e-06,1e-06,2.5e-05,1.7e-05,4e-06,0.000141,3e-06,2.5e-05,1e-05,0.000283,1.2e-05,7.1e-05,0.000143,0,1e-06,1e-06,0.000109,2e-06,0.000137,1.2e-05,7e-06,0.000235,1e-06,3e-06,0,1e-05,5.7e-05,0.000537,4e-05,1e-06,1e-06,2.7e-05,5.7e-05,6e-06,0,6.1e-05,3e-06,1.6e-05,0.000266,4e-05,2.1e-05,1e-06,2.2e-05,4e-06,1e-06,4.5e-05,4.8e-05,6e-05,4.8e-05,1.6e-05,1e-06,1e-06,1e-06,1e-06,4e-05,0.000736,3e-06,5e-06,7e-06,0.002033,8e-06,0.000382,0,2e-06,2e-06,3e-06,1.2e-05,1e-05,0.000127,5e-06,1.9e-05,0.000295,0.001856,2.6e-05,4e-06,0.000186,0.001156,1e-06,4e-05,3e-05,0,3e-06,8.3e-05,7e-06,0.000253,0.005073,0,1e-06,0.00013,3.9e-05,1.1e-05,0.00013,8.1e-05,5e-06,0.002349,3e-06,1e-06,7.1e-05,4.7e-05,1e-06,0.00018,4.7e-05,4.5e-05,1e-06,6.3e-05,6e-06,0.00042,0.000339,4.1e-05,1e-06,1e-06,5e-05,0.000132,0,1e-06,1e-05,2e-06,0.000566,5e-06,3.4e-05,6e-06,1e-06,1.4e-05,1e-06,0.000161,4e-06,0.000217,2e-06,1.3e-05,6e-06,8e-06,5e-06,0.000161,0.000278,1.2e-05,0,1e-06,3.7e-05,5.8e-05,1e-06,2.1e-05,0.003737,0,0.001073,0,1e-06,3e-06,9.1e-05,6e-06,1.4e-05,0.000595,0.000619,2e-06,0.000165,3.1e-05,2.1e-05,1e-06,4e-06,1e-06,1e-06,0,1.9e-05,3e-06,1e-06,0.000254,3e-06,1.4e-05,0.00022,7.7e-05,0.000226,0.000171,0.000116,1e-06,1e-06,0.000361,2e-06,2.4e-05,0.000111,1e-05,1.1e-05,8e-06,1e-06,0.001031,2.5e-05,2e-06,0,3e-06,2e-06,1.5e-05,1e-06,1.2e-05,9e-06,2e-06,0.000479,1e-05,1.8e-05,0.000172,3e-06,2.8e-05,4.6e-05,0,0,1e-06,1e-05,3e-06,0.001832,1.3e-05,2e-06,1e-06,1e-06,0.000192,2.3e-05,1e-05,1e-06,7e-06,1e-06,2e-06,0.000351,2e-04,0.000298,3.8e-05,2e-04,2.2e-05,8.5e-05,0.001455,3.8e-05,4.8e-05,5e-06,4e-06,4.1e-05,6.1e-05,2.6e-05,0.001209,0.000105,9.9e-05,3e-06,4e-06,5e-06,0.000397,6.8e-05,2e-06,1e-06,2e-06,8.2e-05,0.000109,1.9e-05,1.1e-05,6.4e-05,7.6e-05,1.4e-05,3e-06,5.2e-05,5e-06,0.000746,0.000118,9.5e-05,9.5e-05,4e-06,1e-06,1e-05,6.3e-05,8e-06,0.000341,4e-06,3e-06,0.000471,0.000146,0.00032,3e-06,4.3e-05,4e-06,0,1e-06,5e-06,2e-06,3.6e-05,5.5e-05,1e-06,0.000178,4e-06,0,9e-06,4e-04,6.1e-05,2e-06,1.3e-05,1e-06,9.7e-05,1.7e-05,1e-06,0.000177,1e-06,1e-06,1e-06,0,0,7e-06,2e-06
"manyara/hanang/nangwa",0,0,0,0,0,0,0,0,0,0,0,0,0,0,0,0,0,0,0,0,0,0,0,0,0,0,0,0,0,0,0,0,0,0,0,0,0,0,0,0,0,0,0,0,0,0,0,0,0,0,0,0,0,0,0,0,0,0,0,0,0,0,0,0,0,0,0,0,0,0,0,0,0,0,0,0,0,0,0,0,0,0,0,0,0,0,0,0,0,0,0,0,0,0,0,0,0,0,0,0,0,0,0,0,0,0,0,0,0,0,0,0,0,0,0,0,0,0,0,0,0,0,0,0,0,0,0,0,0,0,0,0,0,0,0,0,0,0,0,0,0,0,0,0,0,0,0,0,0,0,0,0,0,0,0,0,0,0,0,0,0,0,0,0,0,0,0,0,0,0,0,0,0,0,0,0,0,0,0,0,0,0,0,0,0,0,0,0,0,0,0,0,0,0,0,0,0,0,0,0,0,0,0,0,0,0,0,0,0,0,0,0,0,0,0,0,0,0,0,0,0,0,0,0,0,0,0,0,0,0,0,0,0,0,0,0,0,0,0,0,0,0,0,0,0,0,0,0,0,0,0,0,0,0,0,0,0,0,0,0,0,0,0,0,0,0,0,0,0,0,0,0,0,0,0,0,0,0,0,0,0,0,0,0,0,0,0,0,0,0,0,0,0,0,0,0,0,0,0,0,0,0,0,0,0,0,0,0,0,0,0,0,0,0,0,0,0,0,0,0,0,0,0,0,0,0,0,0,0,0,0,0,0,0,0,0,0,0,0,0,0,0,0,0,0,0,0,0,0,0,0,0,0,0,0,0,0,0,0,0,0,0,0,0,0,0,0,0,0,0,0,0,0,0,0,0,0,0,0,0,0,0,0,0,0,0,0,0,0,0,0,0,0,0,0,0,0,0
"kilimanjaro/rombo/nanjarareha",0,0,0,0,0,0,0,0,0,0,0,0,0,0,0,0,0,0,0,0,0,0,0,0,0,0,0,0,0,0,0,0,0,0,0,0,0,0,0,0,0,0,0,0,0,0,0,0,0,0,0,0,0,0,0,0,0,0,0,0,0,0,0,0,0,0,0,0,0,0,0,0,0,0,0,0,0,0,0,0,0,0,0,0,0,0,0,0,0,0,0,0,0,0,0,0,0,0,0,0,0,0,0,0,0,0,0,0,0,0,0,0,0,0,0,0,0,0,0,0,0,0,0,0,0,0,0,0,0,0,0,0,0,0,0,0,0,0,0,0,0,0,0,0,0,0,0,0,0,0,0,0,0,0,0,0,0,0,0,0,0,0,0,0,0,0,0,0,0,0,0,0,0,0,0,0,0,0,0,0,0,0,0,0,0,0,0,0,0,0,0,0,0,0,0,0,0,0,0,0,0,0,0,0,0,0,0,0,0,0,0,0,0,0,0,0,0,0,0,0,0,0,0,0,0,0,0,0,0,0,0,0,0,0,0,0,0,0,0,0,0,0,0,0,0,0,0,0,0,0,0,0,0,0,0,0,0,0,0,0,0,0,0,0,0,0,0,0,0,0,0,0,0,0,0,0,0,0,0,0,0,0,0,0,0,0,0,0,0,0,0,0,0,0,0,0,0,0,0,0,0,0,0,0,0,0,0,0,0,0,0,0,0,0,0,0,0,0,0,0,0,0,0,0,0,0,0,0,0,0,0,0,0,0,0,0,0,0,0,0,0,0,0,0,0,0,0,0,0,0,0,0,0,0,0,0,0,0,0,0,0,0,0,0,0,0,0,0,0,0,0,0,0,0,0,0,0,0,0,0,0,0,0,0,0,0,0,0,0,0,0,0,0,0,0,0,0,0
"manyara/babati/nar",0,0,0,0,0,0,0,0,0,0,0,0,0,0,0,0,0,0,0,0,0,0,0,0,0,0,0,0,0,0,0,0,0,0,0,0,0,0,0,0,0,0,0,0,0,0,0,0,0,0,0,0,0,0,0,0,0,0,0,0,0,0,0,0,0,0,0,0,0,0,0,0,0,0,0,0,0,0,0,0,0,0,0,0,0,0,0,0,0,0,0,0,0,0,0,0,0,0,0,0,0,0,0,0,0,0,0,0,0,0,0,0,0,0,0,0,0,0,0,0,0,0,0,0,0,0,0,0,0,0,0,0,0,0,0,0,0,0,0,0,0,0,0,0,0,0,0,0,0,0,0,0,0,0,0,0,0,0,0,0,0,0,0,0,0,0,0,0,0,0,0,0,0,0,0,0,0,0,0,0,0,0,0,0,0,0,0,0,0,0,0,0,0,0,0,0,0,0,0,0,0,0,0,0,0,0,0,0,0,0,0,0,0,0,0,0,0,0,0,0,0,0,0,0,0,0,0,0,0,0,0,0,0,0,0,0,0,0,0,0,0,0,0,0,0,0,0,0,0,0,0,0,0,0,0,0,0,0,0,0,0,0,0,0,0,0,0,0,0,0,0,0,0,0,0,0,0,0,0,0,0,0,0,0,0,0,0,0,0,0,0,0,0,0,0,0,0,0,0,0,0,0,0,0,0,0,0,0,0,0,0,0,0,0,0,0,0,0,0,0,0,0,0,0,0,0,0,0,0,0,0,0,0,0,0,0,0,0,0,0,0,0,0,0,0,0,0,0,0,0,0,0,0,0,0,0,0,0,0,0,0,0,0,0,0,0,0,0,0,0,0,0,0,0,0,0,0,0,0,0,0,0,0,0,0,0,0,0,0,0,0,0,0,0,0,0,0,0
"kilimanjaro/siha/nasai",0,0,0,0,0,0,0,0,0,0,0,0,0,0,0,0,0,0,0,0,0,0,0,0,0,0,0,0,0,0,0,0,0,0,0,0,0,0,0,0,0,0,0,0,0,0,0,0,0,0,0,0,0,0,0,0,0,0,0,0,0,0,0,0,0,0,0,0,0,0,0,0,0,0,0,0,0,0,0,0,0,0,0,0,0,0,0,0,0,0,0,0,0,0,0,0,0,0,0,0,0,0,0,0,0,0,0,0,0,0,0,0,0,0,0,0,0,0,0,0,0,0,0,0,0,0,0,0,0,0,0,0,0,0,0,0,0,0,0,0,0,0,0,0,0,0,0,0,0,0,0,0,0,0,0,0,0,0,0,0,0,0,0,0,0,0,0,0,0,0,0,0,0,0,0,0,0,0,0,0,0,0,0,0,0,0,0,0,0,0,0,0,0,0,0,0,0,0,0,0,0,0,0,0,0,0,0,0,0,0,0,0,0,0,0,0,0,0,0,0,0,0,0,0,0,0,0,0,0,0,0,0,0,0,0,0,0,0,0,0,0,0,0,0,0,0,0,0,0,0,0,0,0,0,0,0,0,0,0,0,0,0,0,0,0,0,0,0,0,0,0,0,0,0,0,0,0,0,0,0,0,0,0,0,0,0,0,0,0,0,0,0,0,0,0,0,0,0,0,0,0,0,0,0,0,0,0,0,0,0,0,0,0,0,0,0,0,0,0,0,0,0,0,0,0,0,0,0,0,0,0,0,0,0,0,0,0,0,0,0,0,0,0,0,0,0,0,0,0,0,0,0,0,0,0,0,0,0,0,0,0,0,0,0,0,0,0,0,0,0,0,0,0,0,0,0,0,0,0,0,0,0,0,0,0,0,0,0,0,0,0,0,0,0,0,0,0,0
"manyara/kiteto/ndedo",1.4e-05,2e-06,2e-06,1.2e-05,1e-06,0.000113,0,0,1e-06,0.000232,4e-06,1e-06,9e-06,0.000148,1.9e-05,1e-06,1e-06,4e-06,1e-06,2e-06,6e-06,8e-06,1e-06,2e-06,4e-06,1e-06,2e-06,1e-06,1.9e-05,7e-06,0.000101,4.8e-05,3e-06,2e-06,2e-06,2e-06,1.4e-05,3.3e-05,2e-06,2e-05,1e-06,1e-06,0.000827,1.8e-05,0.000175,1e-06,4e-06,0.003167,0.000694,1e-06,0,1e-06,1e-06,1e-06,3.3e-05,1e-06,3e-06,3e-06,0.000548,0.000259,2.1e-05,3.8e-05,4.5e-05,0.000144,0,1e-04,3.3e-05,0,1e-05,0.000258,1e-06,0,3e-06,9e-06,3e-06,3e-05,4e-06,0,0,1e-06,0,4e-06,1e-06,2e-06,2e-06,0,0.000633,1e-06,1.6e-05,0.00083,1e-06,1e-06,0.000714,6.7e-05,2e-06,3.6e-05,3.2e-05,1e-06,0.000367,8.9e-05,1e-06,1e-06,0.000153,2.1e-05,1e-05,0.000284,1e-06,6.1e-05,1.7e-05,6.7e-05,2.3e-05,0.000175,1.8e-05,1e-06,3e-06,2e-06,0.000233,7.5e-05,0.000346,2.8e-05,1e-05,0.00054,3e-06,1.2e-05,1e-06,7.2e-05,0.001857,0.00067,6.6e-05,2e-06,2e-06,5.4e-05,0.000178,1.4e-05,1e-06,7.9e-05,4e-06,4.2e-05,0.000392,9.4e-05,3.8e-05,4e-06,2.6e-05,9e-06,4e-06,0.000171,1e-06,0.000162,0.000125,4.4e-05,2e-06,3e-06,3e-06,6e-06,0.000196,0.000691,6e-06,4e-06,0.000284,0.005023,2.7e-05,0.000511,1e-06,9e-06,0,1e-06,4.2e-05,1.7e-05,0.000158,2e-05,0.000423,0.000117,0.002247,0.000202,8e-06,0.000368,0.000374,1e-06,9.7e-05,0.001429,2e-06,4e-06,0.00078,1.9e-05,0.000543,0.018337,1e-06,2e-06,0.00029,8.4e-05,2.7e-05,8e-06,8e-06,1e-06,9.1e-05,5.7e-05,2e-06,1e-06,0.000117,0,0.000295,0.001052,0.000255,2e-06,0.000163,1e-05,0.001218,9.9e-05,3.5e-05,3e-06,2e-06,3e-06,0.000371,1e-06,0,5.7e-05,0,0.001458,1.4e-05,8.9e-05,1e-06,2e-06,1e-06,2e-06,0.000341,7e-06,0.00045,5e-06,2e-06,1e-06,0,1e-06,0.000206,0.000292,0.000198,0,3e-06,4.8e-05,2e-05,2e-06,4.4e-05,0.003747,1e-06,0.003387,3e-06,2e-06,7e-06,0.000127,1e-06,1.4e-05,0.000732,0.000404,2e-06,0.000218,6.7e-05,0.000145,2e-06,1.5e-05,2e-06,4e-06,3e-06,4.2e-05,1e-06,4e-06,6.3e-05,4e-06,1e-06,0.000212,1e-06,2.3e-05,0.000178,0.000404,2e-06,4e-06,0.001003,5e-06,0.000166,0.000441,1e-06,6e-06,2.2e-05,1e-06,0.001575,2e-06,5.5e-05,2e-06,1e-06,5e-06,1e-06,2e-06,0,1.7e-05,1.2e-05,0.00073,2.6e-05,3.3e-05,0.00018,4e-06,0.000122,2.1e-05,1e-06,1e-06,2e-06,5.2e-05,0.000188,0.000211,1.8e-05,2e-06,1e-06,2e-06,0.000149,1.1e-05,0.000182,2e-06,1.7e-05,0,1e-06,0.000331,0.000496,0.000252,4.9e-05,0.000228,4.4e-05,0.000153,0.001204,3.2e-05,4e-05,6e-06,5e-06,4.8e-05,7.7e-05,2.8e-05,0.001166,0.000134,0.001026,0.000117,9e-06,6e-06,0.000585,1.2e-05,1e-06,1e-06,1e-06,1e-06,0.000798,0.000244,1.2e-05,7.9e-05,0.000416,1.7e-05,0,9.7e-05,7e-06,0.000929,4.7e-05,6.6e-05,0.000164,1.4e-05,4e-06,2.6e-05,1e-06,1e-06,1e-06,1e-06,3e-06,0.000611,0.000124,0.000376,5.3e-05,6.4e-05,1e-05,1e-06,6e-06,8.2e-05,4e-06,4.4e-05,4.6e-05,1e-06,2e-04,0,1e-06,1e-06,0.000974,8e-06,0,1.6e-05,2e-06,0.000232,4.3e-05,1e-06,0.000276,2e-06,4e-06,8e-06,1e-06,2e-06,1e-06,0
"kilimanjaro/siha/ndumeti",0,0,0,0,0,0,0,0,0,0,0,0,0,0,0,0,0,0,0,0,0,0,0,0,0,0,0,0,0,0,0,0,0,0,0,0,0,0,0,0,0,0,0,0,0,0,0,0,0,0,0,0,0,0,0,0,0,0,0,0,0,0,0,0,0,0,0,0,0,0,0,0,0,0,0,0,0,0,0,0,0,0,0,0,0,0,0,0,0,0,0,0,0,0,0,0,0,0,0,0,0,0,0,0,0,0,0,0,0,0,0,0,0,0,0,0,0,0,0,0,0,0,0,0,0,0,0,0,0,0,0,0,0,0,0,0,0,0,0,0,0,0,0,0,0,0,0,0,0,0,0,0,0,0,0,0,0,0,0,0,0,0,0,0,0,0,0,0,0,0,0,0,0,0,0,0,0,0,0,0,0,0,0,0,0,0,0,0,0,0,0,0,0,0,0,0,0,0,0,0,0,0,0,0,0,0,0,0,0,0,0,0,0,0,0,0,0,0,0,0,0,0,0,0,0,0,0,0,0,0,0,0,0,0,0,0,0,0,0,0,0,0,0,0,0,0,0,0,0,0,0,0,0,0,0,0,0,0,0,0,0,0,0,0,0,0,0,0,0,0,0,0,0,0,0,0,0,0,0,0,0,0,0,0,0,0,0,0,0,0,0,0,0,0,0,0,0,0,0,0,0,0,0,0,0,0,0,0,0,0,0,0,0,0,0,0,0,0,0,0,0,0,0,0,0,0,0,0,0,0,0,0,0,0,0,0,0,0,0,0,0,0,0,0,0,0,0,0,0,0,0,0,0,0,0,0,0,0,0,0,0,0,0,0,0,0,0,0,0,0,0,0,0,0,0,0,0,0,0,0,0,0,0,0,0,0,0,0,0,0,0,0,0,0,0,0,0,0
"kilimanjaro/same/ndungu",0,0,0,0,0,0,0,0,0,0,0,0,0,0,0,0,0,0,0,0,0,0,0,0,0,0,0,0,0,0,0,0,0,0,0,0,0,0,0,0,0,0,0,0,0,0,0,0,0,0,0,0,0,0,0,0,0,0,0,0,0,0,0,0,0,0,0,0,0,0,0,0,0,0,0,0,0,0,0,0,0,0,0,0,0,0,0,0,0,0,0,0,0,0,0,0,0,0,0,0,0,0,0,0,0,0,0,0,0,0,0,0,0,0,0,0,0,0,0,0,0,0,0,0,0,0,0,0,0,0,0,0,0,0,0,0,0,0,0,0,0,0,0,0,0,0,0,0,0,0,0,0,0,0,0,0,0,0,0,0,0,0,0,0,0,0,0,0,0,0,0,0,0,0,0,0,0,0,0,0,0,0,0,0,0,0,0,0,0,0,0,0,0,0,0,0,0,0,0,0,0,0,0,0,0,0,0,0,0,0,0,0,0,0,0,0,0,0,0,0,0,0,0,0,0,0,0,0,0,0,0,0,0,0,0,0,0,0,0,0,0,0,0,0,0,0,0,0,0,0,0,0,0,0,0,0,0,0,0,0,0,0,0,0,0,0,0,0,0,0,0,0,0,0,0,0,0,0,0,0,0,0,0,0,0,0,0,0,0,0,0,0,0,0,0,0,0,0,0,0,0,0,0,0,0,0,0,0,0,0,0,0,0,0,0,0,0,0,0,0,0,0,0,0,0,0,0,0,0,0,0,0,0,0,0,0,0,0,0,0,0,0,0,0,0,0,0,0,0,0,0,0,0,0,0,0,0,0,0,0,0,0,0,0,0,0,0,0,0,0,0,0,0,0,0,0,0,0,0,0,0,0,0,0,0,0,0,0,0,0,0,0,0,0,0,0,0,0
"arusha/arusha/nduruma",0.000133,0,1e-06,1e-06,0,5.5e-05,0,0,0,8e-06,0,0,4.8e-05,0.001133,1e-06,0,0,0,0,0,0,1.3e-05,0,1e-06,0,0,0,0,0,0,0.001561,0,0,0,0,0,7.6e-05,1e-06,0,2e-06,0,0,2e-06,1e-06,0,0,1e-06,0.012971,8.6e-05,0,0,0,0,0,1e-06,0,9e-06,0,8e-06,1.8e-05,5e-06,9e-06,3.2e-05,0,0,0.00095,3.6e-05,0,2e-06,8e-06,0,0,3e-06,1e-06,0,6e-06,1e-06,0,0,0,0,0,0,0,0,0,0.000828,0,1e-06,1.8e-05,0,0,0.000175,0.000214,1e-06,2e-06,3.4e-05,0,0.000136,2.7e-05,0,0,4e-06,0.000101,5e-06,0.00011,0,4e-05,3e-05,8e-06,2.3e-05,5.9e-05,0,3e-06,1e-06,1e-06,0.000408,0,0.000177,1.6e-05,7e-06,0.000296,0,2e-06,0,2e-06,2e-06,0.002957,0.001662,1e-06,1e-06,1.8e-05,4.5e-05,8e-06,0,0.00051,1.4e-05,1.9e-05,0.000137,6.7e-05,0.000103,0,0.000105,6e-06,1e-06,2.4e-05,0,6.3e-05,5e-05,1.6e-05,1e-06,0,1e-06,0,1e-05,0.001166,1e-06,1e-06,1e-06,0.002992,6e-06,8.7e-05,1e-06,1e-06,0,0,1e-05,4.2e-05,0.001152,3e-06,1e-06,5e-05,0.010685,8e-06,7e-06,6e-06,8.2e-05,0,6e-05,2e-06,0,0,1.4e-05,9e-06,0.000416,0.01487,1e-06,1e-06,0.000233,7.4e-05,2e-05,0,1e-06,0,5e-06,0,1e-06,0,6.5e-05,0,0.001612,2e-06,7e-06,7e-06,5.1e-05,1.9e-05,0.000339,2.9e-05,4e-06,1e-06,1e-06,0,9e-05,0,0,2e-06,0,0.000361,5e-06,3e-05,0,1.2e-05,0,2e-06,0.000401,8e-06,0.000386,4e-06,0,0,0,0,3.7e-05,0.000872,0,0,1e-06,0.00041,4e-06,0,0.000119,0.002274,1e-06,0.000348,0,1e-06,4e-06,0.003097,0,2.7e-05,0.00338,0.000314,2e-06,0.002303,2.8e-05,4e-06,1e-06,3e-06,1e-06,0,0,1.8e-05,0,0,1.1e-05,1e-06,0,0.000337,0,2e-06,0.000289,8.6e-05,0,0,0.000286,1e-06,4e-06,2.3e-05,0,1e-06,1.8e-05,0,0.000497,0,0,0,0,2e-06,0,2e-06,1e-06,1.1e-05,0,0,1.3e-05,2.9e-05,0.000369,1.7e-05,1.8e-05,2e-06,0,0,1e-06,4e-06,0,2.4e-05,0.000126,1.5e-05,9e-06,1e-06,0.000509,1e-06,0,1e-06,8e-06,0,0,0.000513,0.000149,0.000951,6e-05,0.000425,7.4e-05,7.7e-05,0.003555,3e-06,4e-06,4.5e-05,0,0.000154,0.000356,6.8e-05,0.000581,1.2e-05,1.2e-05,0,5e-06,1e-06,0.004994,0,0,1e-06,0,0,3.1e-05,3e-06,1e-06,0.000199,2.6e-05,2e-06,0,0.000132,5.7e-05,0.005032,1.4e-05,4.8e-05,0.000126,2e-06,1e-06,1.7e-05,0,0,0,0,0,0.003375,0.000739,0.001717,0,0.000255,6e-06,0,0,0,1e-06,0.000306,1.4e-05,1e-05,0.000119,0,0,0,0.000289,0,0,8.1e-05,1e-06,0.000138,2.1e-05,1e-06,0.003119,1e-06,0,0,0,0,0,0
"kilimanjaro/moshimunicipal/ngambo",0,0,0,0,0,0,0,0,0,0,0,0,0,0,0,0,0,0,0,0,0,0,0,0,0,0,0,0,0,0,0,0,0,0,0,0,0,0,0,0,0,0,0,0,0,0,0,0,0,0,0,0,0,0,0,0,0,0,0,0,0,0,0,0,0,0,0,0,0,0,0,0,0,0,0,0,0,0,0,0,0,0,0,0,0,0,0,0,0,0,0,0,0,0,0,0,0,0,0,0,0,0,0,0,0,0,0,0,0,0,0,0,0,0,0,0,0,0,0,0,0,0,0,0,0,0,0,0,0,0,0,0,0,0,0,0,0,0,0,0,0,0,0,0,0,0,0,0,0,0,0,0,0,0,0,0,0,0,0,0,0,0,0,0,0,0,0,0,0,0,0,0,0,0,0,0,0,0,0,0,0,0,0,0,0,0,0,0,0,0,0,0,0,0,0,0,0,0,0,0,0,0,0,0,0,0,0,0,0,0,0,0,0,0,0,0,0,0,0,0,0,0,0,0,0,0,0,0,0,0,0,0,0,0,0,0,0,0,0,0,0,0,0,0,0,0,0,0,0,0,0,0,0,0,0,0,0,0,0,0,0,0,0,0,0,0,0,0,0,0,0,0,0,0,0,0,0,0,0,0,0,0,0,0,0,0,0,0,0,0,0,0,0,0,0,0,0,0,0,0,0,0,0,0,0,0,0,0,0,0,0,0,0,0,0,0,0,0,0,0,0,0,0,0,0,0,0,0,0,0,0,0,0,0,0,0,0,0,0,0,0,0,0,0,0,0,0,0,0,0,0,0,0,0,0,0,0,0,0,0,0,0,0,0,0,0,0,0,0,0,0,0,0,0,0,0,0,0,0,0,0,0,0,0,0,0,0,0,0,0,0,0,0,0,0,0,0,0
"kilimanjaro/siha/ngarenairobi",0.000111,2e-06,1.7e-05,1e-05,0,0.000528,0,0,0,3.5e-05,1e-06,0,8.6e-05,0.001015,6e-06,0,0,1e-06,0,0,1e-06,0.000664,0,2e-05,1e-06,7e-06,0,0,0,2e-06,0.000316,1e-06,1e-06,3e-06,1e-06,0,7.7e-05,5e-06,1e-06,2.4e-05,0,0,1.8e-05,4e-06,2e-06,0,1.2e-05,0.017419,0.000199,0,0,0,1e-06,0,4e-06,0,1.2e-05,0,3.8e-05,0.000137,0.000109,7e-05,0.00046,2e-06,0,0.000483,0.000115,0,8e-06,2.8e-05,0,0,0.000933,3e-06,0,7.7e-05,9e-06,0,0,0,0,0,0,0,0,0,0.011314,0,3e-06,0.000135,0,0,0.003443,0.000727,5e-06,1.1e-05,0.004453,2e-06,0.001622,0.000397,0,0,3.9e-05,0.000127,0.000102,0.00981,0,0.000882,0.001136,4.5e-05,0.002941,0.002301,2e-06,3e-06,2.9e-05,1.6e-05,0.002721,0,0.00406,0.000898,0.000371,0.014302,5e-06,1.9e-05,2e-06,1.5e-05,1.6e-05,0.009887,0.000411,2.5e-05,1.8e-05,0.000343,0.000609,0.000192,1e-06,0.000514,2.9e-05,0.000442,0.003897,0.001905,0.00085,1e-06,0.000157,0.00018,3.4e-05,0.000255,0,0.001183,0.001326,0.000335,2e-05,3e-06,2.3e-05,2e-06,9.2e-05,0.002349,5.2e-05,1.6e-05,4e-06,0.060512,7.5e-05,0.00017,1e-05,1e-05,0,0,8.6e-05,0.000648,0.000802,2.7e-05,5e-06,0.000183,0.013112,4e-05,0.002219,1.9e-05,0.000193,1.3e-05,0.001513,1.4e-05,1e-06,3e-06,0.000102,0.000129,0.025958,0.237738,9.6e-05,0.000111,0.008478,0.003666,0.000281,2e-06,3e-06,0,2e-05,1e-06,1.3e-05,0,0.001446,0,0.004324,7e-06,4.9e-05,1.1e-05,0.001551,0.000576,0.006075,9.7e-05,3.2e-05,2.3e-05,1.8e-05,1e-06,0.001993,7e-06,0,1.8e-05,0,0.011249,0.000142,0.000737,0,1.4e-05,0,0.000137,0.009901,0.000508,0.032379,4.7e-05,1e-06,0,0,0,0.000565,0.00097,2e-06,2e-06,3.6e-05,0.000191,2.2e-05,1.2e-05,0.000174,0.00459,1.2e-05,0.002953,1e-06,2.1e-05,7.5e-05,0.000705,0,2.8e-05,0.004798,0.001796,5e-06,0.001255,0.002284,3.4e-05,2.2e-05,3.2e-05,1.7e-05,1e-06,1e-06,0.000109,0,1e-06,5.1e-05,1.8e-05,0,0.000869,0,7e-06,0.001009,0.000867,5e-06,1e-06,0.006171,3.7e-05,3.7e-05,7.1e-05,0,6e-06,6.2e-05,1e-06,0.014996,1e-06,0,0,0,7.6e-05,0,0.00019,3e-06,0.004201,3e-06,0.003494,0.000285,0,0.005073,2.2e-05,9.6e-05,1.3e-05,5e-06,1e-06,2e-05,3.1e-05,1e-06,8.8e-05,0.00015,3.2e-05,1.4e-05,7e-05,0.000639,8e-06,1e-06,1.4e-05,0.000208,0,2e-06,0.005975,0.005528,0.000572,5.8e-05,0.001774,0.00139,0.008882,0.008238,2.7e-05,3.8e-05,3.8e-05,4e-06,0.000277,0.000578,0.000168,0.014017,0.000137,5.4e-05,0,9.8e-05,9e-06,0.005785,1e-06,0,2e-05,0,0,0.000197,1.8e-05,1.3e-05,0.000804,2e-04,1.8e-05,0,0.011443,7e-05,0.005836,7.2e-05,0.000132,0.000201,2.5e-05,2.9e-05,0.000317,0,0,0,0,3e-06,0.004698,0.000597,0.001906,1e-06,0.00102,0.000123,1e-06,1e-06,1e-06,6.7e-05,0.000152,2.3e-05,8e-06,0.007335,0,1e-06,0,0.011518,1e-06,0,9.1e-05,4.1e-05,0.004126,0.00067,2.4e-05,0.002603,1.9e-05,1e-06,3e-06,1e-06,0,0,0
"arusha/meru/ngarenanyuki",4.6e-05,0,1e-06,2e-06,0,3.5e-05,0,0,0,5e-06,0,0,4.8e-05,0.000424,1e-06,0,0,0,0,0,0,4.9e-05,0,1e-06,0,0,0,0,0,0,4.5e-05,0,0,0,0,0,3.1e-05,1e-06,0,3e-06,0,0,3e-06,1e-06,0,0,2e-06,0.007108,3.3e-05,0,0,0,0,0,1e-06,0,2e-06,0,4e-06,2.5e-05,1.7e-05,1.7e-05,0.000107,0,0,0.000161,3.4e-05,0,1e-06,6e-06,0,0,1.1e-05,0,0,1.4e-05,1e-06,0,0,0,0,0,0,0,0,0,0.000739,0,1e-06,1.7e-05,0,0,0.000169,0.000539,1e-06,2e-06,8e-05,0,9.9e-05,2.2e-05,0,0,3e-06,5.4e-05,5e-06,0.000242,0,4e-05,0.000246,1e-05,5.1e-05,7.8e-05,0,1e-06,1e-06,1e-06,0.000247,0,0.000178,2.4e-05,1.5e-05,0.000415,0,1e-06,0,1e-06,2e-06,0.002723,9.7e-05,1e-06,1e-06,2.3e-05,3.6e-05,8e-06,0,0.000216,1.4e-05,1.9e-05,0.000362,7.5e-05,0.000113,0,6.8e-05,7e-06,1e-06,1.7e-05,0,5.8e-05,5.4e-05,1.5e-05,1e-06,0,1e-06,0,7e-06,0.000741,3e-06,4e-06,0,0.002905,4e-06,3.7e-05,0,1e-06,0,0,6e-06,0.000183,0.000286,2e-06,1e-06,5.6e-05,0.005448,4e-06,2e-05,4e-06,5.1e-05,1e-06,6.4e-05,1e-06,0,0,9e-06,7e-06,0.000659,0.00915,1e-06,2e-06,0.000299,0.000111,1.6e-05,0,1e-06,0,4e-06,0,1e-06,0,6.5e-05,0,0.001301,1e-06,6e-06,2e-06,6e-05,4.6e-05,0.000309,2.7e-05,4e-06,1e-06,1e-06,0,9.2e-05,0,0,1e-06,0,0.000449,6e-06,3.1e-05,0,3e-06,0,4e-06,0.000483,1.4e-05,0.000696,3e-06,0,0,0,0,6.5e-05,0.000299,0,0,1e-06,4.9e-05,5e-06,1e-06,2.4e-05,0.000657,1e-06,0.000314,0,1e-06,3e-06,0.000221,0,7e-06,0.002153,0.000707,2e-06,0.000452,5.2e-05,3e-06,1e-06,2e-06,1e-06,0,0,1.3e-05,0,0,1.2e-05,2e-06,0,0.000295,0,1e-06,0.000398,5.8e-05,0,0,0.000286,2e-06,3e-06,1.2e-05,0,1e-06,6e-06,0,0.001259,0,0,0,0,2e-06,0,5e-06,0,3.7e-05,0,0.000885,1.3e-05,0.000102,0,9e-06,9e-06,2e-06,0,0,1e-06,2e-06,0,2.1e-05,7e-05,1.5e-05,7e-06,2e-06,0.000317,1e-06,0,1e-06,8e-06,0,0,0.007101,0.000197,0.000197,1.1e-05,0.000877,9.5e-05,0.000231,0.005634,4e-06,6e-06,1.5e-05,0,0.000118,0.000286,7.2e-05,0.002613,1.5e-05,8e-06,0,5e-06,1e-06,0.002421,0,0,1e-06,0,0,1.8e-05,2e-06,2e-06,0.000551,1.6e-05,2e-06,0,0.000394,3.2e-05,0.002484,2e-05,3.3e-05,3.9e-05,2e-06,1e-06,1.5e-05,0,0,0,0,0,0.00227,3e-04,0.00072,0,0.000806,6e-06,0,0,0,2e-06,4.4e-05,6e-06,3e-06,0.000678,0,0,0,0.000399,0,0,3.6e-05,1e-06,0.000157,2.5e-05,1e-06,0.000834,1e-06,0,0,0,0,0,0
"arusha/arushaurban/ngarenaro",0,0,0,0,0,0,0,0,0,0,0,0,0,0,0,0,0,0,0,0,0,0,0,0,0,0,0,0,0,0,0,0,0,0,0,0,0,0,0,0,0,0,0,0,0,0,0,0,0,0,0,0,0,0,0,0,0,0,0,0,0,0,0,0,0,0,0,0,0,0,0,0,0,0,0,0,0,0,0,0,0,0,0,0,0,0,0,0,0,0,0,0,0,0,0,0,0,0,0,0,0,0,0,0,0,0,0,0,0,0,0,0,0,0,0,0,0,0,0,0,0,0,0,0,0,0,0,0,0,0,0,0,0,0,0,0,0,0,0,0,0,0,0,0,0,0,0,0,0,0,0,0,0,0,0,0,0,0,0,0,0,0,0,0,0,0,0,0,0,0,0,0,0,0,0,0,0,0,0,0,0,0,0,0,0,0,0,0,0,0,0,0,0,0,0,0,0,0,0,0,0,0,0,0,0,0,0,0,0,0,0,0,0,0,0,0,0,0,0,0,0,0,0,0,0,0,0,0,0,0,0,0,0,0,0,0,0,0,0,0,0,0,0,0,0,0,0,0,0,0,0,0,0,0,0,0,0,0,0,0,0,0,0,0,0,0,0,0,0,0,0,0,0,0,0,0,0,0,0,0,0,0,0,0,0,0,0,0,0,0,0,0,0,0,0,0,0,0,0,0,0,0,0,0,0,0,0,0,0,0,0,0,0,0,0,0,0,0,0,0,0,0,0,0,0,0,0,0,0,0,0,0,0,0,0,0,0,0,0,0,0,0,0,0,0,0,0,0,0,0,0,0,0,0,0,0,0,0,0,0,0,0,0,0,0,0,0,0,0,0,0,0,0,0,0,0,0,0,0,0,0,0,0,0,0,0,0,0,0,0,0,0,0,0,0,0,0,0
"manyara/simanjiro/ngorika",0,0,0,0,0,0,0,0,0,0,0,0,0,0,0,0,0,0,0,0,0,0,0,0,0,0,0,0,0,0,0,0,0,0,0,0,0,0,0,0,0,0,0,0,0,0,0,0,0,0,0,0,0,0,0,0,0,0,0,0,0,0,0,0,0,0,0,0,0,0,0,0,0,0,0,0,0,0,0,0,0,0,0,0,0,0,0,0,0,0,0,0,0,0,0,0,0,0,0,0,0,0,0,0,0,0,0,0,0,0,0,0,0,0,0,0,0,0,0,0,0,0,0,0,0,0,0,0,0,0,0,0,0,0,0,0,0,0,0,0,0,0,0,0,0,0,0,0,0,0,0,0,0,0,0,0,0,0,0,0,0,0,0,0,0,0,0,0,0,0,0,0,0,0,0,0,0,0,0,0,0,0,0,0,0,0,0,0,0,0,0,0,0,0,0,0,0,0,0,0,0,0,0,0,0,0,0,0,0,0,0,0,0,0,0,0,0,0,0,0,0,0,0,0,0,0,0,0,0,0,0,0,0,0,0,0,0,0,0,0,0,0,0,0,0,0,0,0,0,0,0,0,0,0,0,0,0,0,0,0,0,0,0,0,0,0,0,0,0,0,0,0,0,0,0,0,0,0,0,0,0,0,0,0,0,0,0,0,0,0,0,0,0,0,0,0,0,0,0,0,0,0,0,0,0,0,0,0,0,0,0,0,0,0,0,0,0,0,0,0,0,0,0,0,0,0,0,0,0,0,0,0,0,0,0,0,0,0,0,0,0,0,0,0,0,0,0,0,0,0,0,0,0,0,0,0,0,0,0,0,0,0,0,0,0,0,0,0,0,0,0,0,0,0,0,0,0,0,0,0,0,0,0,0,0,0,0,0,0,0,0,0,0,0,0,0,0,0
"arusha/ngorongoro/ngorongoro",1.3e-05,8.5e-05,1e-06,0.000146,1e-06,4.3e-05,1e-06,2e-06,1e-06,0.000223,4e-06,1e-06,1.1e-05,0.000155,0.000201,7e-06,3e-06,6e-06,1e-06,3e-06,1e-06,7e-06,1e-06,1e-06,1e-06,0,1e-06,8e-06,0,1e-06,6.5e-05,1e-06,0,1e-06,0.000279,2e-06,1.6e-05,4.6e-05,1.5e-05,9.9e-05,2e-06,0,2.8e-05,5.4e-05,4e-06,1e-06,1.9e-05,0.003963,0.000309,3e-05,3e-06,0.000104,2.4e-05,3e-06,2.5e-05,0,1e-06,2e-06,2.4e-05,0.014111,5.3e-05,0.000447,0.000103,3e-06,0,9.9e-05,7.9e-05,2e-06,0.000106,9.2e-05,6.4e-05,0,2e-06,5.9e-05,2e-06,0.000155,3.9e-05,0,1e-06,1e-06,0,2e-06,2e-06,1e-06,2e-06,3e-06,0.000363,1e-06,3.9e-05,8.4e-05,0,1e-06,3e-04,8.5e-05,1.3e-05,0.00024,2.5e-05,0,0.000137,3.4e-05,3e-06,1.5e-05,2.3e-05,2.5e-05,5e-06,0.00024,1.2e-05,3.1e-05,1.7e-05,0.003698,1.7e-05,9.8e-05,1.3e-05,1e-06,1e-06,1e-06,0.000128,1e-06,0.00017,1.7e-05,6e-06,0.000322,1e-06,3e-06,0,9e-06,2.2e-05,0.000487,4.6e-05,1e-06,1e-06,2.3e-05,6.3e-05,7e-06,0,8.6e-05,5e-06,2e-05,0.00074,5.2e-05,2.7e-05,1e-06,3.2e-05,5e-06,2e-06,4.6e-05,2e-06,7.1e-05,6.1e-05,2e-05,1e-06,1e-06,2e-06,1e-06,4e-05,0.001183,3e-06,1.6e-05,4e-06,0.002501,9e-06,0.000118,0,2e-06,1e-06,1e-06,1.2e-05,1.6e-05,0.000168,5e-06,8e-06,0.000532,0.002688,1.8e-05,6e-06,2.6e-05,0.000402,2e-06,5.1e-05,1.7e-05,0,2.7e-05,6.6e-05,8e-06,0.000352,0.009711,1e-06,1e-06,0.000173,5.4e-05,1.3e-05,1.6e-05,6.1e-05,2e-06,0.000125,2e-06,1e-06,1e-06,5.8e-05,1e-05,0.000242,1e-05,2.6e-05,1e-06,8.4e-05,8e-06,0.000498,0.000433,0.000774,1e-06,1e-06,2e-06,0.000165,0,1.1e-05,1e-05,4e-06,0.000771,7e-06,4.2e-05,2e-06,1e-06,1e-06,1e-06,0.000211,5e-06,0.00031,2e-06,3.3e-05,0,0,3e-06,0.000738,0.000366,4e-06,0,1e-06,2.7e-05,0.00053,1e-06,2e-05,0.006125,0,0.000716,0,1e-06,3e-06,0.000111,1e-06,1.5e-05,0.000883,0.001242,4e-06,0.000215,4.9e-05,1.9e-05,1e-06,5e-06,1e-06,1e-06,0,1.3e-05,2e-06,1e-06,0.001228,1.3e-05,3e-06,0.000396,1e-06,4.6e-05,0.000334,0.000119,1e-06,1e-06,0.000445,2e-06,2.2e-05,3.9e-05,3e-06,0.000298,8e-06,1.3e-05,0.002767,8e-06,1e-06,1e-06,0,3e-06,3e-06,1e-06,4e-06,1.6e-05,2e-06,0.000535,1.3e-05,2.9e-05,0.000209,5e-06,2.3e-05,0,0,0,1e-06,9e-06,1e-06,0.000769,1.9e-05,2e-06,1e-06,1e-06,0.000193,0.000911,3e-06,1e-06,8e-06,8.9e-05,6e-06,0.000488,0.000276,0.000208,2.8e-05,0.000384,3e-05,0.000159,0.001691,0.000177,0.00023,7e-06,2e-05,6.5e-05,9.1e-05,4.4e-05,0.002384,0.000584,3.7e-05,1e-06,4e-06,4.2e-05,0.000541,3e-06,3.8e-05,1e-06,2.2e-05,1e-06,8.5e-05,1.4e-05,8.7e-05,0.000112,6.7e-05,9.8e-05,2e-06,7.9e-05,7e-06,0.001071,0.00043,0.000172,5e-05,4e-06,2e-06,1.3e-05,1e-06,0,1e-06,0,1.5e-05,0.000689,0.000137,0.000452,1e-06,6.6e-05,5e-06,0,1e-06,2e-06,2e-06,4.2e-05,1.9e-05,2e-06,0.000271,2e-06,0,2e-06,0.000565,1.3e-05,2e-06,1.9e-05,1e-06,0.000125,2.3e-05,1e-06,0.000228,1e-06,1e-06,1e-06,0,0,3e-06,3e-06
"kilimanjaro/rombo/ngoyoni",0,0,0,0,0,0,0,0,0,0,0,0,0,0,0,0,0,0,0,0,0,0,0,0,0,0,0,0,0,0,0,0,0,0,0,0,0,0,0,0,0,0,0,0,0,0,0,0,0,0,0,0,0,0,0,0,0,0,0,0,0,0,0,0,0,0,0,0,0,0,0,0,0,0,0,0,0,0,0,0,0,0,0,0,0,0,0,0,0,0,0,0,0,0,0,0,0,0,0,0,0,0,0,0,0,0,0,0,0,0,0,0,0,0,0,0,0,0,0,0,0,0,0,0,0,0,0,0,0,0,0,0,0,0,0,0,0,0,0,0,0,0,0,0,0,0,0,0,0,0,0,0,0,0,0,0,0,0,0,0,0,0,0,0,0,0,0,0,0,0,0,0,0,0,0,0,0,0,0,0,0,0,0,0,0,0,0,0,0,0,0,0,0,0,0,0,0,0,0,0,0,0,0,0,0,0,0,0,0,0,0,0,0,0,0,0,0,0,0,0,0,0,0,0,0,0,0,0,0,0,0,0,0,0,0,0,0,0,0,0,0,0,0,0,0,0,0,0,0,0,0,0,0,0,0,0,0,0,0,0,0,0,0,0,0,0,0,0,0,0,0,0,0,0,0,0,0,0,0,0,0,0,0,0,0,0,0,0,0,0,0,0,0,0,0,0,0,0,0,0,0,0,0,0,0,0,0,0,0,0,0,0,0,0,0,0,0,0,0,0,0,0,0,0,0,0,0,0,0,0,0,0,0,0,0,0,0,0,0,0,0,0,0,0,0,0,0,0,0,0,0,0,0,0,0,0,0,0,0,0,0,0,0,0,0,0,0,0,0,0,0,0,0,0,0,0,0,0,0,0,0,0,0,0,0,0,0,0,0,0,0,0,0,0,0,0,0,0
"kilimanjaro/mwanga/ngujini",0,0,0,0,0,0,0,0,0,0,0,0,0,0,0,0,0,0,0,0,0,0,0,0,0,0,0,0,0,0,0,0,0,0,0,0,0,0,0,0,0,0,0,0,0,0,0,0,0,0,0,0,0,0,0,0,0,0,0,0,0,0,0,0,0,0,0,0,0,0,0,0,0,0,0,0,0,0,0,0,0,0,0,0,0,0,0,0,0,0,0,0,0,0,0,0,0,0,0,0,0,0,0,0,0,0,0,0,0,0,0,0,0,0,0,0,0,0,0,0,0,0,0,0,0,0,0,0,0,0,0,0,0,0,0,0,0,0,0,0,0,0,0,0,0,0,0,0,0,0,0,0,0,0,0,0,0,0,0,0,0,0,0,0,0,0,0,0,0,0,0,0,0,0,0,0,0,0,0,0,0,0,0,0,0,0,0,0,0,0,0,0,0,0,0,0,0,0,0,0,0,0,0,0,0,0,0,0,0,0,0,0,0,0,0,0,0,0,0,0,0,0,0,0,0,0,0,0,0,0,0,0,0,0,0,0,0,0,0,0,0,0,0,0,0,0,0,0,0,0,0,0,0,0,0,0,0,0,0,0,0,0,0,0,0,0,0,0,0,0,0,0,0,0,0,0,0,0,0,0,0,0,0,0,0,0,0,0,0,0,0,0,0,0,0,0,0,0,0,0,0,0,0,0,0,0,0,0,0,0,0,0,0,0,0,0,0,0,0,0,0,0,0,0,0,0,0,0,0,0,0,0,0,0,0,0,0,0,0,0,0,0,0,0,0,0,0,0,0,0,0,0,0,0,0,0,0,0,0,0,0,0,0,0,0,0,0,0,0,0,0,0,0,0,0,0,0,0,0,0,0,0,0,0,0,0,0,0,0,0,0,0,0,0,0,0,0,0
"kilimanjaro/moshimunicipal/njoro",0,0,0,0,0,0,0,0,0,0,0,0,0,0,0,0,0,0,0,0,0,0,0,0,0,0,0,0,0,0,0,0,0,0,0,0,0,0,0,0,0,0,0,0,0,0,0,0,0,0,0,0,0,0,0,0,0,0,0,0,0,0,0,0,0,0,0,0,0,0,0,0,0,0,0,0,0,0,0,0,0,0,0,0,0,0,0,0,0,0,0,0,0,0,0,0,0,0,0,0,0,0,0,0,0,0,0,0,0,0,0,0,0,0,0,0,0,0,0,0,0,0,0,0,0,0,0,0,0,0,0,0,0,0,0,0,0,0,0,0,0,0,0,0,0,0,0,0,0,0,0,0,0,0,0,0,0,0,0,0,0,0,0,0,0,0,0,0,0,0,0,0,0,0,0,0,0,0,0,0,0,0,0,0,0,0,0,0,0,0,0,0,0,0,0,0,0,0,0,0,0,0,0,0,0,0,0,0,0,0,0,0,0,0,0,0,0,0,0,0,0,0,0,0,0,0,0,0,0,0,0,0,0,0,0,0,0,0,0,0,0,0,0,0,0,0,0,0,0,0,0,0,0,0,0,0,0,0,0,0,0,0,0,0,0,0,0,0,0,0,0,0,0,0,0,0,0,0,0,0,0,0,0,0,0,0,0,0,0,0,0,0,0,0,0,0,0,0,0,0,0,0,0,0,0,0,0,0,0,0,0,0,0,0,0,0,0,0,0,0,0,0,0,0,0,0,0,0,0,0,0,0,0,0,0,0,0,0,0,0,0,0,0,0,0,0,0,0,0,0,0,0,0,0,0,0,0,0,0,0,0,0,0,0,0,0,0,0,0,0,0,0,0,0,0,0,0,0,0,0,0,0,0,0,0,0,0,0,0,0,0,0,0,0,0,0,0,0
"kilimanjaro/same/njoro",3e-06,0,2e-06,1e-06,0,0.000104,0,0,0,6e-06,0,0,2e-06,2.6e-05,1e-06,0,0,0,0,0,2e-06,3e-06,0,1e-06,5e-06,0,0,0,0,6e-06,1.9e-05,0,3e-06,1e-05,0,0,2e-06,1e-06,0,2e-06,0,0,6e-06,1e-06,1e-06,0,0,0.000483,3.1e-05,0,0,0,0,0,1e-06,0,1e-06,0,6.2e-05,1.5e-05,3e-06,3e-06,6e-06,1e-06,0,1.6e-05,4e-06,0,1e-06,5e-06,0,0,1e-06,0,0,3e-06,0,0,0,0,0,0,0,0,0,0,0.000275,0,1e-06,0.00039,0,0,0.000723,1.2e-05,0,1e-06,1.1e-05,3e-06,0.000415,0.000107,0,0,9e-05,3e-06,7e-06,8.1e-05,0,3.6e-05,4e-06,4e-06,8e-06,9.5e-05,0,0,2e-06,2e-06,9.5e-05,0,0.000234,1.3e-05,5e-06,0.000267,8e-06,4.2e-05,5e-06,3.5e-05,8e-06,0.000186,1.5e-05,1e-06,1e-06,5e-05,0.000267,9e-06,6e-06,1.3e-05,1e-06,3e-05,5.7e-05,5e-05,1.2e-05,2e-06,4e-06,5e-06,2e-06,0.000698,0,0.000141,8.8e-05,3.6e-05,1e-06,1.6e-05,2e-06,5e-05,0.000313,8.3e-05,3e-06,0,4e-06,0.003211,5.1e-05,3.7e-05,1e-06,6.4e-05,0,0,8.5e-05,4e-06,2.5e-05,9.4e-05,2e-06,1e-05,0.000354,0.000139,3e-06,6e-06,2.1e-05,0,5.7e-05,8e-06,2e-06,0,0.000271,1.6e-05,0.000231,0.010023,0,1e-06,0.000136,3.5e-05,1.7e-05,0,0,0,3e-06,0,2e-06,0,7.7e-05,0,7.2e-05,3e-06,0.000221,1e-06,0.000107,3e-06,0.00131,7e-06,3e-06,2e-06,2e-06,0,0.000326,1e-06,0,4.9e-05,0,0.000849,1e-05,6.9e-05,0,0,0,1e-06,0.000142,3e-06,0.000174,3e-06,0,0,0,0,2.1e-05,3.8e-05,1e-06,0,2e-06,1.2e-05,1e-06,1e-06,1.4e-05,0.000308,1e-06,0.056286,9e-06,1e-06,4e-06,2.3e-05,0,2e-06,0.000118,4.6e-05,0,3.8e-05,2.4e-05,0.000119,2e-06,3.7e-05,1e-06,1e-05,5e-06,4e-05,0,4e-06,4e-06,0,0,2.6e-05,0,1e-06,2.4e-05,0.000963,6e-06,1.2e-05,0.000897,4e-06,0.000108,4.6e-05,0,0,1.1e-05,0,0.000231,0,0,0,0,2e-06,0,0,1e-06,4e-06,8e-06,0.000145,1.8e-05,9e-06,3.7e-05,1e-06,0.000217,1e-06,1e-06,5e-06,1e-06,0,0,9e-06,3e-06,1e-06,0,1e-06,2.1e-05,1e-06,0,1e-06,1.1e-05,0,0,5.8e-05,0.00027,3.4e-05,6e-06,3.4e-05,1.6e-05,3.6e-05,0.000184,2e-06,3e-06,1e-06,0,7e-06,1.3e-05,4e-06,0.000171,1.1e-05,6.7e-05,0,6e-06,0,0.00012,0,0,1e-06,0,0,0.001493,2.8e-05,1e-06,1.3e-05,0.010738,1e-06,0,2.9e-05,1e-06,0.000151,4e-06,6e-06,4e-05,4.4e-05,3e-06,1.6e-05,0,0,0,0,0,0.000106,1.9e-05,5.7e-05,0,1.3e-05,6e-06,1e-05,5e-06,1e-06,2e-06,7e-06,3e-06,0,3.8e-05,0,7e-06,0,0.000486,0,0,3e-06,1e-06,0.000132,2.6e-05,1e-06,6.1e-05,1e-06,9e-06,1.1e-05,1.1e-05,1e-06,0,0
"manyara/kiteto/njoro",0,0,0,0,0,0,0,0,0,0,0,0,0,0,0,0,0,0,0,0,0,0,0,0,0,0,0,0,0,0,0,0,0,0,0,0,0,0,0,0,0,0,0,0,0,0,0,0,0,0,0,0,0,0,0,0,0,0,0,0,0,0,0,0,0,0,0,0,0,0,0,0,0,0,0,0,0,0,0,0,0,0,0,0,0,0,0,0,0,0,0,0,0,0,0,0,0,0,0,0,0,0,0,0,0,0,0,0,0,0,0,0,0,0,0,0,0,0,0,0,0,0,0,0,0,0,0,0,0,0,0,0,0,0,0,0,0,0,0,0,0,0,0,0,0,0,0,0,0,0,0,0,0,0,0,0,0,0,0,0,0,0,0,0,0,0,0,0,0,0,0,0,0,0,0,0,0,0,0,0,0,0,0,0,0,0,0,0,0,0,0,0,0,0,0,0,0,0,0,0,0,0,0,0,0,0,0,0,0,0,0,0,0,0,0,0,0,0,0,0,0,0,0,0,0,0,0,0,0,0,0,0,0,0,0,0,0,0,0,0,0,0,0,0,0,0,0,0,0,0,0,0,0,0,0,0,0,0,0,0,0,0,0,0,0,0,0,0,0,0,0,0,0,0,0,0,0,0,0,0,0,0,0,0,0,0,0,0,0,0,0,0,0,0,0,0,0,0,0,0,0,0,0,0,0,0,0,0,0,0,0,0,0,0,0,0,0,0,0,0,0,0,0,0,0,0,0,0,0,0,0,0,0,0,0,0,0,0,0,0,0,0,0,0,0,0,0,0,0,0,0,0,0,0,0,0,0,0,0,0,0,0,0,0,0,0,0,0,0,0,0,0,0,0,0,0,0,0,0,0,0,0,0,0,0,0,0,0,0,0,0,0,0,0,0,0,0,0
"manyara/babati/nkaiti",2.7e-05,1e-05,1e-06,3.8e-05,5e-06,7.2e-05,4e-06,6e-06,3e-06,0.001318,1.8e-05,1e-06,2.1e-05,0.000334,9.2e-05,1.6e-05,5e-06,1.8e-05,2e-06,6e-06,1e-06,1.5e-05,3e-06,1e-06,1e-06,0,6e-06,2.2e-05,0,1e-06,0.00011,2e-06,1e-06,1e-06,3.9e-05,6e-06,3.5e-05,0.000194,3.9e-05,3.4e-05,3e-06,1e-06,5.7e-05,0.000141,1e-05,3e-06,1.6e-05,0.008709,0.002154,2.1e-05,9e-06,7e-06,2.2e-05,3e-06,1e-04,1e-06,3e-06,1.4e-05,4.8e-05,0.001455,5.2e-05,0.000288,0.000114,4e-06,0,0.000237,0.000161,2e-06,0.000365,0.00092,8e-06,0,3e-06,0.000237,5e-06,0.000102,1.4e-05,1e-06,1e-06,1e-06,1e-06,1.2e-05,3e-06,1e-06,5e-06,6e-06,0.000615,2e-06,5.5e-05,0.000172,1e-06,1e-06,0.000409,0.000156,7e-06,0.00052,3.6e-05,0,0.000217,5.1e-05,9e-06,3e-06,3.1e-05,5.3e-05,7e-06,0.000274,1.2e-05,4.8e-05,2.6e-05,0.001597,2.5e-05,0.000127,3.9e-05,1e-06,2e-06,1e-06,0.000233,1e-06,0.000254,2.4e-05,1.3e-05,0.00045,1e-06,5e-06,1e-06,1.3e-05,4.8e-05,0.001303,0.000102,2e-06,1e-06,4.7e-05,9.4e-05,1.1e-05,0,0.000187,1.1e-05,2.9e-05,0.000632,7.9e-05,4.8e-05,1e-06,7e-05,7e-06,3e-06,6.8e-05,1.5e-05,0.000106,8.7e-05,2.8e-05,1e-06,1e-06,2e-06,1e-06,5.3e-05,0.002844,5e-06,1.6e-05,7e-06,0.003837,1.3e-05,0.000671,1e-06,3e-06,1e-06,1e-06,2e-05,2.6e-05,0.000393,8e-06,1.6e-05,0.00185,0.00588,3.3e-05,9e-06,0.000154,0.005243,2e-06,7.7e-05,2.7e-05,0,7e-06,9.8e-05,1.3e-05,0.000512,0.009974,1e-06,2e-06,0.000262,8.1e-05,2.1e-05,4.4e-05,0.00062,3e-06,0.002655,2e-06,1e-06,9e-06,8.8e-05,8e-06,0.000459,3e-05,5.6e-05,2e-06,0.00011,1.3e-05,0.000707,0.00313,0.000107,2e-06,2e-06,3.4e-05,0.000219,1e-06,3e-06,1.3e-05,8e-06,0.000958,1e-05,5.9e-05,4e-06,2e-06,2e-06,2e-06,0.00034,8e-06,0.000452,4e-06,2.6e-05,1e-06,1e-06,6e-06,0.000382,0.000967,8e-06,0,2e-06,8.9e-05,0.000319,1e-06,4.5e-05,0.018264,1e-06,0.001564,1e-06,1e-06,5e-06,0.000257,2e-06,5e-05,0.001869,0.002427,8e-06,0.000489,6e-05,2.6e-05,2e-06,7e-06,1e-06,1e-06,1e-06,3.4e-05,4.7e-05,1e-06,0.00202,9e-06,9e-06,0.000841,5e-06,0.001559,0.000614,0.000187,1e-06,1e-06,0.000612,3e-06,3e-05,0.000148,1.8e-05,4.7e-05,1.6e-05,3e-06,0.002343,2.7e-05,1e-06,1.1e-05,1e-06,4e-06,6e-06,2e-06,9e-06,2e-05,2e-06,0.001279,1.9e-05,4e-05,0.000467,1e-05,4.2e-05,0.000158,1e-06,0,1e-06,1.4e-05,2e-06,0,3.8e-05,4e-06,3e-06,2e-06,0.000651,6.6e-05,5e-06,1e-06,1.2e-05,5e-06,3e-06,0.001025,0.00035,0.000903,0.000103,0.000669,5e-05,0.000181,0.00475,7.3e-05,9.6e-05,1.5e-05,7e-06,0.000137,0.000187,8.8e-05,0.003208,0.000205,0.000111,2e-06,7e-06,1.3e-05,0.001093,1.7e-05,8e-06,1e-06,1.1e-05,7e-06,0.000142,2.1e-05,2.4e-05,0.000198,0.000104,2.9e-05,5e-06,0.00012,1.4e-05,0.00232,0.000684,0.000483,0.000187,6e-06,2e-06,2e-05,6e-06,1e-06,5e-06,1e-06,5e-06,0.001424,0.00046,0.001036,2e-06,0.000119,7e-06,0,1e-06,4e-06,3e-06,0.000112,0.000124,4e-06,0.000425,4e-06,1e-06,5e-06,0.000702,2.4e-05,5e-06,4.3e-05,2e-06,0.000186,3.3e-05,1e-06,0.00047,1e-06,1e-06,2e-06,0,0,5e-06,3e-06
"arusha/meru/nkoanrua",0,0,0,0,0,0,0,0,0,0,0,0,0,0,0,0,0,0,0,0,0,0,0,0,0,0,0,0,0,0,0,0,0,0,0,0,0,0,0,0,0,0,0,0,0,0,0,0,0,0,0,0,0,0,0,0,0,0,0,0,0,0,0,0,0,0,0,0,0,0,0,0,0,0,0,0,0,0,0,0,0,0,0,0,0,0,0,0,0,0,0,0,0,0,0,0,0,0,0,0,0,0,0,0,0,0,0,0,0,0,0,0,0,0,0,0,0,0,0,0,0,0,0,0,0,0,0,0,0,0,0,0,0,0,0,0,0,0,0,0,0,0,0,0,0,0,0,0,0,0,0,0,0,0,0,0,0,0,0,0,0,0,0,0,0,0,0,0,0,0,0,0,0,0,0,0,0,0,0,0,0,0,0,0,0,0,0,0,0,0,0,0,0,0,0,0,0,0,0,0,0,0,0,0,0,0,0,0,0,0,0,0,0,0,0,0,0,0,0,0,0,0,0,0,0,0,0,0,0,0,0,0,0,0,0,0,0,0,0,0,0,0,0,0,0,0,0,0,0,0,0,0,0,0,0,0,0,0,0,0,0,0,0,0,0,0,0,0,0,0,0,0,0,0,0,0,0,0,0,0,0,0,0,0,0,0,0,0,0,0,0,0,0,0,0,0,0,0,0,0,0,0,0,0,0,0,0,0,0,0,0,0,0,0,0,0,0,0,0,0,0,0,0,0,0,0,0,0,0,0,0,0,0,0,0,0,0,0,0,0,0,0,0,0,0,0,0,0,0,0,0,0,0,0,0,0,0,0,0,0,0,0,0,0,0,0,0,0,0,0,0,0,0,0,0,0,0,0,0,0,0,0,0,0,0,0,0,0,0,0,0,0,0,0,0,0,0,0
"arusha/meru/nkoaranga",0,0,0,0,0,0,0,0,0,0,0,0,0,0,0,0,0,0,0,0,0,0,0,0,0,0,0,0,0,0,0,0,0,0,0,0,0,0,0,0,0,0,0,0,0,0,0,0,0,0,0,0,0,0,0,0,0,0,0,0,0,0,0,0,0,0,0,0,0,0,0,0,0,0,0,0,0,0,0,0,0,0,0,0,0,0,0,0,0,0,0,0,0,0,0,0,0,0,0,0,0,0,0,0,0,0,0,0,0,0,0,0,0,0,0,0,0,0,0,0,0,0,0,0,0,0,0,0,0,0,0,0,0,0,0,0,0,0,0,0,0,0,0,0,0,0,0,0,0,0,0,0,0,0,0,0,0,0,0,0,0,0,0,0,0,0,0,0,0,0,0,0,0,0,0,0,0,0,0,0,0,0,0,0,0,0,0,0,0,0,0,0,0,0,0,0,0,0,0,0,0,0,0,0,0,0,0,0,0,0,0,0,0,0,0,0,0,0,0,0,0,0,0,0,0,0,0,0,0,0,0,0,0,0,0,0,0,0,0,0,0,0,0,0,0,0,0,0,0,0,0,0,0,0,0,0,0,0,0,0,0,0,0,0,0,0,0,0,0,0,0,0,0,0,0,0,0,0,0,0,0,0,0,0,0,0,0,0,0,0,0,0,0,0,0,0,0,0,0,0,0,0,0,0,0,0,0,0,0,0,0,0,0,0,0,0,0,0,0,0,0,0,0,0,0,0,0,0,0,0,0,0,0,0,0,0,0,0,0,0,0,0,0,0,0,0,0,0,0,0,0,0,0,0,0,0,0,0,0,0,0,0,0,0,0,0,0,0,0,0,0,0,0,0,0,0,0,0,0,0,0,0,0,0,0,0,0,0,0,0,0,0,0,0,0,0,0,0
"arusha/meru/nkoarisambu",0,0,0,0,0,0,0,0,0,0,0,0,0,0,0,0,0,0,0,0,0,0,0,0,0,0,0,0,0,0,0,0,0,0,0,0,0,0,0,0,0,0,0,0,0,0,0,0,0,0,0,0,0,0,0,0,0,0,0,0,0,0,0,0,0,0,0,0,0,0,0,0,0,0,0,0,0,0,0,0,0,0,0,0,0,0,0,0,0,0,0,0,0,0,0,0,0,0,0,0,0,0,0,0,0,0,0,0,0,0,0,0,0,0,0,0,0,0,0,0,0,0,0,0,0,0,0,0,0,0,0,0,0,0,0,0,0,0,0,0,0,0,0,0,0,0,0,0,0,0,0,0,0,0,0,0,0,0,0,0,0,0,0,0,0,0,0,0,0,0,0,0,0,0,0,0,0,0,0,0,0,0,0,0,0,0,0,0,0,0,0,0,0,0,0,0,0,0,0,0,0,0,0,0,0,0,0,0,0,0,0,0,0,0,0,0,0,0,0,0,0,0,0,0,0,0,0,0,0,0,0,0,0,0,0,0,0,0,0,0,0,0,0,0,0,0,0,0,0,0,0,0,0,0,0,0,0,0,0,0,0,0,0,0,0,0,0,0,0,0,0,0,0,0,0,0,0,0,0,0,0,0,0,0,0,0,0,0,0,0,0,0,0,0,0,0,0,0,0,0,0,0,0,0,0,0,0,0,0,0,0,0,0,0,0,0,0,0,0,0,0,0,0,0,0,0,0,0,0,0,0,0,0,0,0,0,0,0,0,0,0,0,0,0,0,0,0,0,0,0,0,0,0,0,0,0,0,0,0,0,0,0,0,0,0,0,0,0,0,0,0,0,0,0,0,0,0,0,0,0,0,0,0,0,0,0,0,0,0,0,0,0,0,0,0,0,0,0
"kilimanjaro/moshi/okaoni",0,0,0,0,0,0,0,0,0,0,0,0,0,0,0,0,0,0,0,0,0,0,0,0,0,0,0,0,0,0,0,0,0,0,0,0,0,0,0,0,0,0,0,0,0,0,0,0,0,0,0,0,0,0,0,0,0,0,0,0,0,0,0,0,0,0,0,0,0,0,0,0,0,0,0,0,0,0,0,0,0,0,0,0,0,0,0,0,0,0,0,0,0,0,0,0,0,0,0,0,0,0,0,0,0,0,0,0,0,0,0,0,0,0,0,0,0,0,0,0,0,0,0,0,0,0,0,0,0,0,0,0,0,0,0,0,0,0,0,0,0,0,0,0,0,0,0,0,0,0,0,0,0,0,0,0,0,0,0,0,0,0,0,0,0,0,0,0,0,0,0,0,0,0,0,0,0,0,0,0,0,0,0,0,0,0,0,0,0,0,0,0,0,0,0,0,0,0,0,0,0,0,0,0,0,0,0,0,0,0,0,0,0,0,0,0,0,0,0,0,0,0,0,0,0,0,0,0,0,0,0,0,0,0,0,0,0,0,0,0,0,0,0,0,0,0,0,0,0,0,0,0,0,0,0,0,0,0,0,0,0,0,0,0,0,0,0,0,0,0,0,0,0,0,0,0,0,0,0,0,0,0,0,0,0,0,0,0,0,0,0,0,0,0,0,0,0,0,0,0,0,0,0,0,0,0,0,0,0,0,0,0,0,0,0,0,0,0,0,0,0,0,0,0,0,0,0,0,0,0,0,0,0,0,0,0,0,0,0,0,0,0,0,0,0,0,0,0,0,0,0,0,0,0,0,0,0,0,0,0,0,0,0,0,0,0,0,0,0,0,0,0,0,0,0,0,0,0,0,0,0,0,0,0,0,0,0,0,0,0,0,0,0,0,0,0,0,0
"arusha/arushaurban/olasiti",2.9e-05,0,0,1e-06,0,1e-05,0,0,0,4e-06,0,0,2.7e-05,0.000569,0,0,0,0,0,0,0,4e-06,0,0,0,0,0,0,0,0,4.9e-05,0,0,0,0,0,0.000121,1e-06,0,1e-06,0,0,1e-06,0,0,0,1e-06,0.044307,3.5e-05,0,0,0,0,0,0,0,1e-06,0,2e-06,1.3e-05,4e-06,9e-06,2.2e-05,0,0,0.00048,6e-05,0,1e-06,5e-06,0,0,1e-06,0,0,5e-06,1e-06,0,0,0,0,0,0,0,0,0,0.000137,0,0,7e-06,0,0,4e-05,0.000156,0,1e-06,8e-06,0,2.6e-05,6e-06,0,0,1e-06,0.00017,1e-06,3.5e-05,0,8e-06,9e-06,7e-06,5e-06,1.5e-05,0,4e-06,0,0,5.6e-05,0,3.7e-05,4e-06,2e-06,6.8e-05,0,0,0,1e-06,1e-06,0.000522,5.3e-05,0,0,5e-06,1e-05,2e-06,0,0.000401,2.2e-05,4e-06,6.7e-05,1.3e-05,1.6e-05,0,0.000249,1e-06,0,5e-06,0,1.3e-05,1.1e-05,3e-06,0,0,0,0,3e-06,0.003472,1e-06,1e-06,0,0.000593,1e-06,3.3e-05,0,0,0,0,2e-06,1e-05,0.001119,1e-06,0,6.6e-05,0.021752,2e-06,2e-06,3e-06,6.3e-05,0,1.2e-05,1e-06,0,0,4e-06,2e-06,9.3e-05,0.001787,0,0,4.8e-05,1.6e-05,4e-06,0,1e-06,0,4e-06,0,0,0,1.3e-05,0,0.000232,1e-06,3e-06,1e-06,1.2e-05,4e-06,7.5e-05,3.1e-05,2e-06,0,0,0,2.1e-05,0,0,1e-06,0,9.3e-05,1e-06,7e-06,0,1e-06,0,0,7.5e-05,2e-06,8.8e-05,1e-06,0,0,0,0,2e-05,0.003556,0,0,0,3e-05,4e-06,0,1.1e-05,0.001221,0,0.000111,0,0,1e-06,0.000269,0,2.3e-05,0.005006,0.000475,3e-06,0.00083,8e-06,1e-06,0,1e-06,0,0,0,4e-06,0,0,1e-05,1e-06,0,0.000834,0,1e-06,0.000508,1.8e-05,0,0,6.5e-05,0,1e-06,8e-06,0,1e-06,2e-06,0,0.000235,0,0,0,0,0,0,0,0,4e-06,0,0.000811,3e-06,8e-06,0.000211,4.2e-05,4e-06,1e-06,0,0,0,1e-06,0,1.9e-05,4.9e-05,3e-06,3e-06,0,0,1e-06,0,0,2e-06,0,0,0.00044,3.8e-05,0.000482,1.7e-05,0.000552,1.3e-05,2.7e-05,0.009392,2e-06,2e-06,3.5e-05,0,0.000504,0.000353,0.00017,0.000449,6e-06,4e-06,0,1e-06,0,0.000898,0,0,0,0,0,8e-06,1e-06,1e-06,0.000184,6e-06,1e-06,0,3.2e-05,1.3e-05,0.006325,1.6e-05,5.8e-05,2.6e-05,1e-06,0,3e-06,0,0,0,0,0,0.002403,0.001908,0.007251,0,7.9e-05,1e-06,0,0,0,0,0.000162,6e-06,1e-05,7.2e-05,0,0,0,7.5e-05,0,0,0.000181,0,2.9e-05,5e-06,0,0.000308,0,0,0,0,0,0,0
"arusha/ngorongoro/olbalbal",4e-06,5.7e-05,0,0.000215,0,1.4e-05,0,0,0,4.5e-05,1e-06,0,3e-06,4.5e-05,3.7e-05,1e-06,1e-06,2e-06,0,1e-06,0,3e-06,0,0,0,0,0,1e-06,0,0,1.2e-05,0,0,0,2.4e-05,1e-06,4e-06,1.3e-05,3e-06,6.6e-05,0,0,1.3e-05,1.4e-05,2e-06,0,6e-06,0.001136,7.3e-05,4e-06,1e-06,8e-06,3e-06,1e-06,8e-06,0,0,0,8e-06,0.008468,3.2e-05,0.000221,3.5e-05,1e-06,0,2.8e-05,2.1e-05,0,1.7e-05,2.9e-05,5e-06,0,1e-06,9e-06,1e-06,0.000108,1.9e-05,0,0,0,0,1e-06,0,0,0,1e-06,0.000117,0,1.2e-05,3.9e-05,0,0,0.000102,2.6e-05,5e-06,3.7e-05,8e-06,0,4.5e-05,1.1e-05,0,4e-06,8e-06,7e-06,2e-06,8.6e-05,1e-06,1e-05,5e-06,0.000498,6e-06,3.4e-05,4e-06,0,0,0,4e-05,0,5.7e-05,6e-06,3e-06,0.000109,0,1e-06,0,3e-06,1e-05,0.000213,1.4e-05,0,0,1.1e-05,2.1e-05,2e-06,0,2.5e-05,2e-06,7e-06,0.00029,1.7e-05,9e-06,0,9e-06,2e-06,1e-06,1.5e-05,1e-06,2.4e-05,2.1e-05,7e-06,0,0,1e-06,0,1.3e-05,0.00032,2e-06,9e-06,1e-06,0.000827,3e-06,4.4e-05,0,1e-06,0,0,4e-06,5e-06,4.8e-05,2e-06,3e-06,0.000174,0.000774,6e-06,2e-06,1e-05,0.000125,1e-06,1.7e-05,5e-06,0,2.3e-05,2.2e-05,3e-06,0.000118,0.002052,0,0,5.7e-05,1.8e-05,4e-06,3e-06,1.3e-05,1e-06,3.4e-05,0,0,0,1.9e-05,2e-06,7.4e-05,3e-06,1.2e-05,0,2.9e-05,3e-06,0.000168,0.000124,0.001037,0,0,1e-06,5.6e-05,0,1e-06,3e-06,1e-06,0.000269,2e-06,1.4e-05,1e-06,0,0,0,6.9e-05,2e-06,0.000104,1e-06,5e-06,0,0,1e-06,0.000363,1e-04,1e-06,0,0,1.1e-05,0.000147,0,6e-06,0.00093,0,0.000334,0,0,1e-06,3.2e-05,0,4e-06,0.000256,0.000525,1e-06,6.2e-05,1.7e-05,6e-06,0,2e-06,0,0,0,6e-06,0,0,0.000257,5e-06,0,0.00011,0,8e-06,9.7e-05,3.9e-05,0,0,0.000151,1e-06,7e-06,1.6e-05,1e-06,7.1e-05,2e-06,6e-06,0.001094,1e-06,0,0,0,1e-06,1e-06,0,1e-06,5e-06,1e-06,0.000155,4e-06,1e-05,9.4e-05,1e-06,7e-06,0.00053,0,0,0,3e-06,0,0.000187,6e-06,1e-06,0,0,7.6e-05,0,1e-06,0,3e-06,4e-06,6e-06,0.000221,9.6e-05,8e-05,7e-06,0.000115,1e-05,5.7e-05,7e-04,0.00019,0.000244,2e-06,1.3e-05,1.9e-05,2.7e-05,1.3e-05,0.001248,0.000392,1.6e-05,0,1e-06,2.7e-05,0.000162,1e-06,3e-06,0,3e-06,0,2.7e-05,5e-06,6.5e-05,3.4e-05,2.2e-05,7.1e-05,0,2.6e-05,2e-06,0.00031,0.000143,4.3e-05,2.1e-05,1e-06,1e-06,4e-06,0,0,0,0,1.1e-05,0.000203,5.5e-05,0.000128,0,2e-05,2e-06,0,0,1e-06,1e-06,1.2e-05,7e-06,0,0.000137,0,0,0,0.000197,3e-06,0,5e-06,0,4.2e-05,8e-06,0,6.9e-05,0,0,0,0,0,0,1e-06
"manyara/kiteto/olboroti",0,0,0,0,0,0,0,0,0,0,0,0,0,0,0,0,0,0,0,0,0,0,0,0,0,0,0,0,0,0,0,0,0,0,0,0,0,0,0,0,0,0,0,0,0,0,0,0,0,0,0,0,0,0,0,0,0,0,0,0,0,0,0,0,0,0,0,0,0,0,0,0,0,0,0,0,0,0,0,0,0,0,0,0,0,0,0,0,0,0,0,0,0,0,0,0,0,0,0,0,0,0,0,0,0,0,0,0,0,0,0,0,0,0,0,0,0,0,0,0,0,0,0,0,0,0,0,0,0,0,0,0,0,0,0,0,0,0,0,0,0,0,0,0,0,0,0,0,0,0,0,0,0,0,0,0,0,0,0,0,0,0,0,0,0,0,0,0,0,0,0,0,0,0,0,0,0,0,0,0,0,0,0,0,0,0,0,0,0,0,0,0,0,0,0,0,0,0,0,0,0,0,0,0,0,0,0,0,0,0,0,0,0,0,0,0,0,0,0,0,0,0,0,0,0,0,0,0,0,0,0,0,0,0,0,0,0,0,0,0,0,0,0,0,0,0,0,0,0,0,0,0,0,0,0,0,0,0,0,0,0,0,0,0,0,0,0,0,0,0,0,0,0,0,0,0,0,0,0,0,0,0,0,0,0,0,0,0,0,0,0,0,0,0,0,0,0,0,0,0,0,0,0,0,0,0,0,0,0,0,0,0,0,0,0,0,0,0,0,0,0,0,0,0,0,0,0,0,0,0,0,0,0,0,0,0,0,0,0,0,0,0,0,0,0,0,0,0,0,0,0,0,0,0,0,0,0,0,0,0,0,0,0,0,0,0,0,0,0,0,0,0,0,0,0,0,0,0,0,0,0,0,0,0,0,0,0,0,0,0,0,0,0,0,0,0,0,0
"kilimanjaro/moshi/oldmoshimagharibi",0,0,0,0,0,0,0,0,0,0,0,0,0,0,0,0,0,0,0,0,0,0,0,0,0,0,0,0,0,0,0,0,0,0,0,0,0,0,0,0,0,0,0,0,0,0,0,0,0,0,0,0,0,0,0,0,0,0,0,0,0,0,0,0,0,0,0,0,0,0,0,0,0,0,0,0,0,0,0,0,0,0,0,0,0,0,0,0,0,0,0,0,0,0,0,0,0,0,0,0,0,0,0,0,0,0,0,0,0,0,0,0,0,0,0,0,0,0,0,0,0,0,0,0,0,0,0,0,0,0,0,0,0,0,0,0,0,0,0,0,0,0,0,0,0,0,0,0,0,0,0,0,0,0,0,0,0,0,0,0,0,0,0,0,0,0,0,0,0,0,0,0,0,0,0,0,0,0,0,0,0,0,0,0,0,0,0,0,0,0,0,0,0,0,0,0,0,0,0,0,0,0,0,0,0,0,0,0,0,0,0,0,0,0,0,0,0,0,0,0,0,0,0,0,0,0,0,0,0,0,0,0,0,0,0,0,0,0,0,0,0,0,0,0,0,0,0,0,0,0,0,0,0,0,0,0,0,0,0,0,0,0,0,0,0,0,0,0,0,0,0,0,0,0,0,0,0,0,0,0,0,0,0,0,0,0,0,0,0,0,0,0,0,0,0,0,0,0,0,0,0,0,0,0,0,0,0,0,0,0,0,0,0,0,0,0,0,0,0,0,0,0,0,0,0,0,0,0,0,0,0,0,0,0,0,0,0,0,0,0,0,0,0,0,0,0,0,0,0,0,0,0,0,0,0,0,0,0,0,0,0,0,0,0,0,0,0,0,0,0,0,0,0,0,0,0,0,0,0,0,0,0,0,0,0,0,0,0,0,0,0,0,0,0,0,0,0,0
"kilimanjaro/moshi/oldmoshimashariki",0,0,0,0,0,0,0,0,0,0,0,0,0,0,0,0,0,0,0,0,0,0,0,0,0,0,0,0,0,0,0,0,0,0,0,0,0,0,0,0,0,0,0,0,0,0,0,0,0,0,0,0,0,0,0,0,0,0,0,0,0,0,0,0,0,0,0,0,0,0,0,0,0,0,0,0,0,0,0,0,0,0,0,0,0,0,0,0,0,0,0,0,0,0,0,0,0,0,0,0,0,0,0,0,0,0,0,0,0,0,0,0,0,0,0,0,0,0,0,0,0,0,0,0,0,0,0,0,0,0,0,0,0,0,0,0,0,0,0,0,0,0,0,0,0,0,0,0,0,0,0,0,0,0,0,0,0,0,0,0,0,0,0,0,0,0,0,0,0,0,0,0,0,0,0,0,0,0,0,0,0,0,0,0,0,0,0,0,0,0,0,0,0,0,0,0,0,0,0,0,0,0,0,0,0,0,0,0,0,0,0,0,0,0,0,0,0,0,0,0,0,0,0,0,0,0,0,0,0,0,0,0,0,0,0,0,0,0,0,0,0,0,0,0,0,0,0,0,0,0,0,0,0,0,0,0,0,0,0,0,0,0,0,0,0,0,0,0,0,0,0,0,0,0,0,0,0,0,0,0,0,0,0,0,0,0,0,0,0,0,0,0,0,0,0,0,0,0,0,0,0,0,0,0,0,0,0,0,0,0,0,0,0,0,0,0,0,0,0,0,0,0,0,0,0,0,0,0,0,0,0,0,0,0,0,0,0,0,0,0,0,0,0,0,0,0,0,0,0,0,0,0,0,0,0,0,0,0,0,0,0,0,0,0,0,0,0,0,0,0,0,0,0,0,0,0,0,0,0,0,0,0,0,0,0,0,0,0,0,0,0,0,0,0,0,0,0,0
"arusha/karatu/oldean",0,0,0,0,0,0,0,0,0,0,0,0,0,0,0,0,0,0,0,0,0,0,0,0,0,0,0,0,0,0,0,0,0,0,0,0,0,0,0,0,0,0,0,0,0,0,0,0,0,0,0,0,0,0,0,0,0,0,0,0,0,0,0,0,0,0,0,0,0,0,0,0,0,0,0,0,0,0,0,0,0,0,0,0,0,0,0,0,0,0,0,0,0,0,0,0,0,0,0,0,0,0,0,0,0,0,0,0,0,0,0,0,0,0,0,0,0,0,0,0,0,0,0,0,0,0,0,0,0,0,0,0,0,0,0,0,0,0,0,0,0,0,0,0,0,0,0,0,0,0,0,0,0,0,0,0,0,0,0,0,0,0,0,0,0,0,0,0,0,0,0,0,0,0,0,0,0,0,0,0,0,0,0,0,0,0,0,0,0,0,0,0,0,0,0,0,0,0,0,0,0,0,0,0,0,0,0,0,0,0,0,0,0,0,0,0,0,0,0,0,0,0,0,0,0,0,0,0,0,0,0,0,0,0,0,0,0,0,0,0,0,0,0,0,0,0,0,0,0,0,0,0,0,0,0,0,0,0,0,0,0,0,0,0,0,0,0,0,0,0,0,0,0,0,0,0,0,0,0,0,0,0,0,0,0,0,0,0,0,0,0,0,0,0,0,0,0,0,0,0,0,0,0,0,0,0,0,0,0,0,0,0,0,0,0,0,0,0,0,0,0,0,0,0,0,0,0,0,0,0,0,0,0,0,0,0,0,0,0,0,0,0,0,0,0,0,0,0,0,0,0,0,0,0,0,0,0,0,0,0,0,0,0,0,0,0,0,0,0,0,0,0,0,0,0,0,0,0,0,0,0,0,0,0,0,0,0,0,0,0,0,0,0,0,0,0,0,0
"arusha/ngorongoro/oldonyosambu",0,0,0,0,0,0,0,0,0,0,0,0,0,0,0,0,0,0,0,0,0,0,0,0,0,0,0,0,0,0,0,0,0,0,0,0,0,0,0,0,0,0,0,0,0,0,0,0,0,0,0,0,0,0,0,0,0,0,0,0,0,0,0,0,0,0,0,0,0,0,0,0,0,0,0,0,0,0,0,0,0,0,0,0,0,0,0,0,0,0,0,0,0,0,0,0,0,0,0,0,0,0,0,0,0,0,0,0,0,0,0,0,0,0,0,0,0,0,0,0,0,0,0,0,0,0,0,0,0,0,0,0,0,0,0,0,0,0,0,0,0,0,0,0,0,0,0,0,0,0,0,0,0,0,0,0,0,0,0,0,0,0,0,0,0,0,0,0,0,0,0,0,0,0,0,0,0,0,0,0,0,0,0,0,0,0,0,0,0,0,0,0,0,0,0,0,0,0,0,0,0,0,0,0,0,0,0,0,0,0,0,0,0,0,0,0,0,0,0,0,0,0,0,0,0,0,0,0,0,0,0,0,0,0,0,0,0,0,0,0,0,0,0,0,0,0,0,0,0,0,0,0,0,0,0,0,0,0,0,0,0,0,0,0,0,0,0,0,0,0,0,0,0,0,0,0,0,0,0,0,0,0,0,0,0,0,0,0,0,0,0,0,0,0,0,0,0,0,0,0,0,0,0,0,0,0,0,0,0,0,0,0,0,0,0,0,0,0,0,0,0,0,0,0,0,0,0,0,0,0,0,0,0,0,0,0,0,0,0,0,0,0,0,0,0,0,0,0,0,0,0,0,0,0,0,0,0,0,0,0,0,0,0,0,0,0,0,0,0,0,0,0,0,0,0,0,0,0,0,0,0,0,0,0,0,0,0,0,0,0,0,0,0,0,0,0,0,0
"arusha/arusha/oldonyosambu",0.008948,0.000117,0.000157,0.000608,7e-06,0.007128,3e-06,5e-06,5e-06,0.001481,2.3e-05,4e-06,0.010725,0.093002,0.000252,1.4e-05,1e-05,3.4e-05,6e-06,2.1e-05,2.5e-05,0.006608,5e-06,0.000195,2.6e-05,6.2e-05,1e-05,1.4e-05,2e-06,3.5e-05,0.010009,1.5e-05,1.5e-05,4.6e-05,9.2e-05,1.3e-05,0.008308,0.000308,3.6e-05,0.000937,7e-06,4e-06,0.00072,0.000234,0.000105,6e-06,0.001069,0.779436,0.009547,2.9e-05,9e-06,2e-05,2.8e-05,7e-06,0.00022,3e-06,0.000336,1.8e-05,0.000999,0.008234,0.006544,0.006982,0.063486,4.9e-05,1e-06,0.03932,0.014438,5e-06,0.000508,0.001666,2.2e-05,1e-06,0.001681,0.000141,1.9e-05,0.005683,0.000513,3e-06,3e-06,4e-06,2e-06,2.4e-05,5e-06,5e-06,1.1e-05,6e-06,0.115081,4e-06,0.000182,0.004334,2e-06,6e-06,0.035925,0.138528,0.000387,0.000496,0.012729,3e-05,0.020174,0.004664,7e-06,1.1e-05,0.000844,0.015058,0.000969,0.055157,1.3e-05,0.007534,0.022455,0.00364,0.008391,0.016687,0.000117,0.00034,0.000231,0.000144,0.041229,1.1e-05,0.034398,0.004602,0.002718,0.076955,7.8e-05,0.000285,2.8e-05,0.000328,0.000641,0.306771,0.017994,0.000202,0.000153,0.004911,0.007614,0.001631,1.9e-05,0.052397,0.004581,0.00384,0.124095,0.013907,0.015625,1.9e-05,0.020221,0.001263,0.000288,0.003877,1.4e-05,0.01179,0.011077,0.003187,0.000159,5.8e-05,0.000206,4.8e-05,0.001772,0.227384,0.000613,0.001701,0.000108,0.394525,0.000977,0.009615,9.5e-05,0.000165,4e-06,4e-06,0.001338,0.017075,0.070712,0.000434,0.000217,0.02135,0.694231,0.000945,0.003296,0.000983,0.015505,0.000565,0.012078,0.000389,1.2e-05,0.000127,0.002368,0.001456,0.10991,0.715966,0.000262,0.000431,0.051984,0.019086,0.003051,6.2e-05,0.000228,9e-06,0.001344,2.7e-05,0.000133,8e-06,0.012525,2.4e-05,0.158307,0.000231,0.001531,0.000294,0.012863,0.005861,0.06317,0.009723,0.001507,2e-04,0.000169,3.5e-05,0.020053,6.6e-05,6e-06,0.000381,7e-06,0.094045,0.001178,0.006621,8e-06,0.000457,4e-06,0.000592,0.076074,0.002336,0.112035,0.000571,3.9e-05,3e-06,3e-06,9e-06,0.024192,0.086633,7.2e-05,1.7e-05,0.00028,0.009917,0.002073,0.000116,0.004753,0.186562,0.000105,0.069153,2.1e-05,0.000194,0.000672,0.046644,6e-06,0.0021,0.417653,0.287054,0.000651,0.099202,0.011337,0.00073,0.000185,0.000456,0.000151,2.8e-05,2e-05,0.002636,2.6e-05,2.2e-05,0.004526,0.00101,9e-06,0.110606,5e-06,0.00034,0.167651,0.012615,7.4e-05,2.7e-05,0.058974,0.000342,0.000805,0.003025,1.1e-05,0.000371,0.001303,5.2e-05,0.337837,2.4e-05,1.7e-05,1.4e-05,2e-06,0.00052,1e-05,0.000731,8.9e-05,0.007744,6.3e-05,0.163636,0.002559,0.017901,0.584584,0.002659,0.001952,0.000669,5e-05,2.1e-05,0.000186,0.000584,1.8e-05,0.006825,0.014766,0.002098,0.001417,0.000344,0.093273,0.000521,4.4e-05,0.000134,0.001679,1.5e-05,0.000102,0,0.041997,0.05049,0.003008,0.351834,0.014323,0.056122,0.763858,0.001451,0.002098,0.003802,0.000144,0.038602,0.073148,0.027862,0.608037,0.005133,0.002078,2.1e-05,0.000935,0.000418,0.317962,3.9e-05,1.8e-05,0.000169,2.7e-05,1e-05,0.004297,0.000441,0.000572,0.198626,0.003866,0.000723,4e-06,0.053017,0.005754,0.443947,0.007899,0.01218,0.008883,0.000372,0.000256,0.002934,8e-06,4e-06,7e-06,2e-06,0.000103,0.393643,0.077547,0.182842,2.4e-05,0.090391,0.001108,1e-05,2.8e-05,5.4e-05,0.000438,0.011435,0.001515,0.000838,0.187101,5e-06,2.4e-05,6e-06,0.083312,5.5e-05,4e-06,0.010172,0.000259,0.029671,0.004888,0.000167,0.127622,0.000147,2.8e-05,5.3e-05,1.2e-05,9e-06,7e-06,5e-06
"kilimanjaro/rombo/olele",0,0,0,0,0,0,0,0,0,0,0,0,0,0,0,0,0,0,0,0,0,0,0,0,0,0,0,0,0,0,0,0,0,0,0,0,0,0,0,0,0,0,0,0,0,0,0,0,0,0,0,0,0,0,0,0,0,0,0,0,0,0,0,0,0,0,0,0,0,0,0,0,0,0,0,0,0,0,0,0,0,0,0,0,0,0,0,0,0,0,0,0,0,0,0,0,0,0,0,0,0,0,0,0,0,0,0,0,0,0,0,0,0,0,0,0,0,0,0,0,0,0,0,0,0,0,0,0,0,0,0,0,0,0,0,0,0,0,0,0,0,0,0,0,0,0,0,0,0,0,0,0,0,0,0,0,0,0,0,0,0,0,0,0,0,0,0,0,0,0,0,0,0,0,0,0,0,0,0,0,0,0,0,0,0,0,0,0,0,0,0,0,0,0,0,0,0,0,0,0,0,0,0,0,0,0,0,0,0,0,0,0,0,0,0,0,0,0,0,0,0,0,0,0,0,0,0,0,0,0,0,0,0,0,0,0,0,0,0,0,0,0,0,0,0,0,0,0,0,0,0,0,0,0,0,0,0,0,0,0,0,0,0,0,0,0,0,0,0,0,0,0,0,0,0,0,0,0,0,0,0,0,0,0,0,0,0,0,0,0,0,0,0,0,0,0,0,0,0,0,0,0,0,0,0,0,0,0,0,0,0,0,0,0,0,0,0,0,0,0,0,0,0,0,0,0,0,0,0,0,0,0,0,0,0,0,0,0,0,0,0,0,0,0,0,0,0,0,0,0,0,0,0,0,0,0,0,0,0,0,0,0,0,0,0,0,0,0,0,0,0,0,0,0,0,0,0,0,0,0,0,0,0,0,0,0,0,0,0,0,0,0,0,0,0,0,0,0
"arusha/arusha/oljoro",0.000163,1e-06,2e-06,7e-06,0,0.000125,0,0,0,4.6e-05,1e-06,0,9.6e-05,0.002152,5e-06,0,0,1e-06,0,0,1e-06,3.3e-05,0,2e-06,1e-06,1e-06,0,0,0,1e-06,0.001516,0,0,1e-06,2e-06,0,0.000236,8e-06,1e-06,9e-06,0,0,1.5e-05,6e-06,2e-06,0,7e-06,0.047173,0.000667,1e-06,0,0,1e-06,0,6e-06,0,1.4e-05,1e-06,3.1e-05,0.000127,2.8e-05,6.5e-05,0.000112,1e-06,0,0.002579,0.000216,0,1.2e-05,6.7e-05,0,0,6e-06,4e-06,0,3.5e-05,4e-06,0,0,0,0,1e-06,0,0,0,0,0.001455,0,4e-06,9.3e-05,0,0,0.000454,0.000519,3e-06,1.2e-05,6.9e-05,0,0.000327,6.8e-05,0,0,1.6e-05,0.000305,1.2e-05,0.000287,0,8.5e-05,5.8e-05,6.8e-05,4.7e-05,0.000147,3e-06,8e-06,2e-06,2e-06,0.000649,0,0.000397,3.6e-05,2.2e-05,0.000667,1e-06,5e-06,0,7e-06,1.5e-05,0.00486,0.000687,2e-06,2e-06,6.1e-05,0.000117,1.8e-05,0,0.001181,4.3e-05,4.3e-05,0.000449,0.000139,0.000147,0,0.000354,1.2e-05,3e-06,7e-05,0,0.00015,0.000119,3.8e-05,1e-06,1e-06,2e-06,1e-06,3.2e-05,0.008106,5e-06,8e-06,3e-06,0.006467,1.5e-05,0.000794,1e-06,3e-06,0,0,2.7e-05,7e-05,0.003556,9e-06,5e-06,0.00048,0.033953,2.8e-05,1.6e-05,4.6e-05,0.001018,1e-06,0.00013,9e-06,0,1e-06,5.3e-05,2.1e-05,0.000874,0.019141,1e-06,3e-06,0.000476,0.00015,4.2e-05,2e-06,6e-06,0,4.8e-05,1e-06,2e-06,0,0.000144,0,0.001841,8e-06,3.5e-05,8e-06,0.000127,3.2e-05,0.000859,0.000298,1.7e-05,2e-06,2e-06,1e-06,0.000234,1e-06,0,7e-06,0,0.000948,1.2e-05,7.3e-05,0,1e-05,0,4e-06,0.000738,1.5e-05,0.000798,8e-06,1e-06,0,0,0,0.000146,0.008009,2e-06,0,3e-06,0.000573,3.1e-05,1e-06,0.000184,0.0152,1e-06,0.001494,0,2e-06,8e-06,0.002476,0,0.000636,0.009741,0.002085,1e-05,0.004166,6.9e-05,1.5e-05,2e-06,8e-06,2e-06,1e-06,0,6.1e-05,1e-06,0,9.1e-05,4e-06,0,0.001902,0,1.2e-05,0.001269,0.000231,1e-06,1e-06,0.000723,4e-06,1.6e-05,0.00014,0,5e-06,3.9e-05,1e-06,0.001619,1e-06,0,0,0,4e-06,0,4e-06,3e-06,2.7e-05,1e-06,0.012774,3e-05,6.5e-05,0.00111,5.9e-05,5.5e-05,1.1e-05,1e-06,0,2e-06,1.3e-05,0,0.000226,0.000209,1.9e-05,1.4e-05,3e-06,0.004086,7e-06,1e-06,2e-06,1.8e-05,0,1e-06,0.001956,0.00038,0,0.00083,0.001514,0.000124,0.000202,0.017055,1.6e-05,2.2e-05,0.000107,2e-06,0.000595,0.000894,0.000279,0.002701,5.1e-05,6.9e-05,1e-06,1.2e-05,3e-06,0.005633,1e-06,0,2e-06,1e-06,0,0.000109,1e-05,5e-06,0.00056,8.6e-05,7e-06,0,0.000251,7.3e-05,0.013765,0.000119,0.000368,0.000576,7e-06,3e-06,3.5e-05,0,0,0,0,1e-06,0.007355,0.00404,0.006924,1e-06,0.000421,1.3e-05,0,1e-06,1e-06,3e-06,0.002646,0.000165,2.6e-05,0.000471,0,0,0,0.00074,1e-06,0,0.000273,2e-06,0.000301,4.8e-05,2e-06,0.002538,1e-06,1e-06,1e-06,0,0,0,0
"manyara/simanjiro/oljorono",7.5e-05,1e-06,2e-06,5e-06,0,0.000128,0,0,0,6.2e-05,1e-06,0,4.5e-05,0.000891,6e-06,0,0,1e-06,0,0,1e-06,1.7e-05,0,2e-06,1e-06,1e-06,0,0,0,1e-06,0.001282,0,0,1e-06,1e-06,0,8.9e-05,7e-06,1e-06,8e-06,0,0,1.3e-05,5e-06,2e-06,0,5e-06,0.01909,0.001311,0,0,0,1e-06,0,5e-06,0,1.3e-05,1e-06,4.6e-05,9.4e-05,1.6e-05,3.9e-05,7.7e-05,1e-06,0,0.00083,0.000127,0,1.2e-05,7.1e-05,0,0,5e-06,4e-06,0,2.1e-05,3e-06,0,0,0,0,1e-06,0,0,0,0,0.001212,0,3e-06,8.3e-05,0,0,0.000453,0.000265,2e-06,1.4e-05,5.3e-05,1e-06,0.000335,6.9e-05,0,0,1.9e-05,0.000123,1.1e-05,0.00024,0,7.6e-05,3.9e-05,4.9e-05,3.7e-05,0.000134,2e-06,3e-06,2e-06,1e-06,0.000542,0,0.000369,3.1e-05,1.3e-05,0.000583,1e-06,6e-06,1e-06,8e-06,1.4e-05,0.002291,0.000397,2e-06,2e-06,4.2e-05,0.000122,1.7e-05,0,0.000478,1.9e-05,4e-05,0.000352,0.000122,0.000104,0,0.000147,1.1e-05,2e-06,7.8e-05,0,0.000146,0.000112,3.6e-05,1e-06,2e-06,2e-06,1e-06,3.8e-05,0.003887,4e-06,4e-06,4e-06,0.005942,1.6e-05,0.001454,1e-06,4e-06,0,0,3e-05,4.6e-05,0.001207,1e-05,4e-06,0.000278,0.013635,3.9e-05,1.2e-05,5.7e-05,0.001084,1e-06,0.000117,1.2e-05,0,1e-06,6.8e-05,2e-05,0.000728,0.026265,1e-06,2e-06,0.000404,0.000123,3.8e-05,2e-06,5e-06,0,4.6e-05,1e-06,2e-06,0,0.000133,0,0.001114,1.3e-05,3.1e-05,6e-06,0.00012,2.3e-05,0.000861,0.000204,1.6e-05,2e-06,2e-06,1e-06,0.000231,1e-06,0,9e-06,0,0.000899,1.1e-05,7e-05,0,7e-06,0,3e-06,0.000601,1.2e-05,0.000646,8e-06,1e-06,0,0,0,0.000125,0.002584,2e-06,0,3e-06,0.000314,2e-05,1e-06,0.000174,0.021821,1e-06,0.001255,1e-06,2e-06,7e-06,0.000975,0,0.000224,0.004102,0.000966,6e-06,0.001556,5.9e-05,1.8e-05,2e-06,8e-06,2e-06,1e-06,0,4.8e-05,1e-06,1e-06,6.4e-05,3e-06,0,0.000972,0,1.6e-05,0.000676,0.000256,1e-06,1e-06,0.000709,4e-06,2e-05,0.000171,0,5e-06,4.3e-05,0,0.001291,1e-06,0,0,0,4e-06,0,3e-06,4e-06,2.1e-05,2e-06,0.00607,2.8e-05,4.9e-05,0.00048,2.3e-05,7e-05,1.1e-05,1e-06,0,2e-06,1.6e-05,1e-06,0.000193,9.5e-05,1e-05,7e-06,2e-06,0.001052,5e-06,2e-06,2e-06,1.6e-05,0,1e-06,0.00084,0.000352,0.006169,0,0.000811,9.5e-05,0.000159,0.005642,1.1e-05,1.5e-05,4.1e-05,2e-06,0.000256,0.000396,0.000132,0.001409,4.9e-05,7.4e-05,0,1.1e-05,3e-06,0.002852,2e-06,0,2e-06,1e-06,0,0.000144,1.3e-05,5e-06,0.000293,0.000106,7e-06,0,0.000184,3.6e-05,0.005575,7.1e-05,0.000258,0.000643,7e-06,2e-06,3.2e-05,0,0,0,0,1e-06,0.00325,0.000951,0.002548,1e-06,0.000234,1.2e-05,0,1e-06,1e-06,3e-06,0.000533,0.00037,1e-05,0.000247,0,0,0,0.000679,2e-06,0,0.000104,2e-06,0.000269,4.4e-05,1e-06,0.001369,1e-06,1e-06,1e-06,0,0,0,0
"arusha/arusha/olkokola",8.5e-05,1e-06,1e-06,3e-06,0,4.2e-05,0,0,0,1.4e-05,0,0,0.00012,0.001236,2e-06,0,0,0,0,0,0,1.8e-05,0,1e-06,0,0,0,0,0,0,0.000154,0,0,0,1e-06,0,0.000135,2e-06,0,6e-06,0,0,4e-06,1e-06,1e-06,0,1e-05,0.042274,1e-04,0,0,0,0,0,1e-06,0,3e-06,0,8e-06,4.8e-05,2.5e-05,4.5e-05,0.000302,0,0,0.000538,0.000322,0,6e-06,1.1e-05,0,0,6e-06,1e-06,0,2.7e-05,4e-06,0,0,0,0,0,0,0,0,0,0.000648,0,1e-06,2.1e-05,0,0,2e-04,0.001657,3e-06,5e-06,5e-05,0,0.000118,2.6e-05,0,0,6e-06,0.000265,5e-06,0.000236,0,3.9e-05,6.6e-05,2.5e-05,3.4e-05,8.2e-05,1e-06,6e-06,1e-06,1e-06,0.00024,0,0.000182,2.1e-05,9e-06,0.000379,0,2e-06,0,2e-06,3e-06,0.001592,0.000147,1e-06,1e-06,1.9e-05,4.4e-05,8e-06,0,0.000761,0.000108,2e-05,0.000599,6.9e-05,7.9e-05,0,0.000418,6e-06,1e-06,2.4e-05,0,6.4e-05,5.7e-05,1.7e-05,1e-06,0,1e-06,0,1.2e-05,0.006205,2e-06,8e-06,1e-06,0.002905,6e-06,6.5e-05,0,1e-06,0,0,8e-06,6.4e-05,0.001081,3e-06,1e-06,0.000203,0.027436,7e-06,1.2e-05,6e-06,0.000126,2e-06,6.1e-05,3e-06,0,1e-06,1.7e-05,8e-06,0.000529,0.013394,1e-06,2e-06,0.000254,8.7e-05,1.7e-05,1e-06,2e-06,0,9e-06,0,1e-06,0,6.5e-05,0,0.001037,2e-06,8e-06,2e-06,6.5e-05,2.4e-05,0.000363,8.4e-05,1.2e-05,1e-06,1e-06,0,0.000108,0,0,3e-06,0,0.000509,6e-06,3.5e-05,0,3e-06,0,3e-06,0.000384,1e-05,0.000518,3e-06,0,0,0,0,0.000151,0.001638,1e-06,0,1e-06,5.7e-05,1.5e-05,1e-06,3.5e-05,0.004588,1e-06,0.000331,0,1e-06,3e-06,0.00051,0,3e-05,0.010712,0.003781,1.4e-05,0.001317,4.9e-05,5e-06,1e-06,3e-06,1e-06,0,0,1.2e-05,0,0,3.3e-05,6e-06,0,0.003462,0,3e-06,0.010233,7.7e-05,0,0,0.000328,2e-06,5e-06,1.7e-05,0,3e-06,9e-06,0,0.002006,0,0,0,0,2e-06,0,3e-06,1e-06,2.7e-05,0,0.001752,1.3e-05,6.1e-05,0.001505,5e-05,1.3e-05,6e-06,0,0,1e-06,4e-06,0,5.1e-05,0.000157,1.3e-05,1.3e-05,2e-06,0.001428,3e-06,0,1e-06,8e-06,0,0,0.005426,0.000212,0.000462,3.3e-05,0,6.8e-05,0.00021,0.04396,7e-06,1.1e-05,5.3e-05,1e-06,0.001039,0.0012,0.001221,0.003293,3.6e-05,1.1e-05,0,5e-06,3e-06,0.003282,0,0,1e-06,0,0,3e-05,3e-06,4e-06,0.004061,2.6e-05,5e-06,0,0.000203,4.9e-05,0.010626,6.3e-05,0.000196,5.2e-05,2e-06,1e-06,1.5e-05,0,0,0,0,1e-06,0.007405,0.000914,0.003867,0,0.000507,6e-06,0,0,0,2e-06,0.000155,1.1e-05,1.2e-05,0.000474,0,0,0,0.000428,0,0,0.000179,1e-06,0.000149,2.4e-05,1e-06,0.001049,1e-06,0,0,0,0,0,0
"kilimanjaro/siha/olkolili",0,0,0,0,0,0,0,0,0,0,0,0,0,0,0,0,0,0,0,0,0,0,0,0,0,0,0,0,0,0,0,0,0,0,0,0,0,0,0,0,0,0,0,0,0,0,0,0,0,0,0,0,0,0,0,0,0,0,0,0,0,0,0,0,0,0,0,0,0,0,0,0,0,0,0,0,0,0,0,0,0,0,0,0,0,0,0,0,0,0,0,0,0,0,0,0,0,0,0,0,0,0,0,0,0,0,0,0,0,0,0,0,0,0,0,0,0,0,0,0,0,0,0,0,0,0,0,0,0,0,0,0,0,0,0,0,0,0,0,0,0,0,0,0,0,0,0,0,0,0,0,0,0,0,0,0,0,0,0,0,0,0,0,0,0,0,0,0,0,0,0,0,0,0,0,0,0,0,0,0,0,0,0,0,0,0,0,0,0,0,0,0,0,0,0,0,0,0,0,0,0,0,0,0,0,0,0,0,0,0,0,0,0,0,0,0,0,0,0,0,0,0,0,0,0,0,0,0,0,0,0,0,0,0,0,0,0,0,0,0,0,0,0,0,0,0,0,0,0,0,0,0,0,0,0,0,0,0,0,0,0,0,0,0,0,0,0,0,0,0,0,0,0,0,0,0,0,0,0,0,0,0,0,0,0,0,0,0,0,0,0,0,0,0,0,0,0,0,0,0,0,0,0,0,0,0,0,0,0,0,0,0,0,0,0,0,0,0,0,0,0,0,0,0,0,0,0,0,0,0,0,0,0,0,0,0,0,0,0,0,0,0,0,0,0,0,0,0,0,0,0,0,0,0,0,0,0,0,0,0,0,0,0,0,0,0,0,0,0,0,0,0,0,0,0,0,0,0,0,0,0,0,0,0,0,0,0,0,0,0,0,0,0,0,0,0,0,0
"arusha/longido/olmolog",0,0,0,0,0,0,0,0,0,0,0,0,0,0,0,0,0,0,0,0,0,0,0,0,0,0,0,0,0,0,0,0,0,0,0,0,0,0,0,0,0,0,0,0,0,0,0,0,0,0,0,0,0,0,0,0,0,0,0,0,0,0,0,0,0,0,0,0,0,0,0,0,0,0,0,0,0,0,0,0,0,0,0,0,0,0,0,0,0,0,0,0,0,0,0,0,0,0,0,0,0,0,0,0,0,0,0,0,0,0,0,0,0,0,0,0,0,0,0,0,0,0,0,0,0,0,0,0,0,0,0,0,0,0,0,0,0,0,0,0,0,0,0,0,0,0,0,0,0,0,0,0,0,0,0,0,0,0,0,0,0,0,0,0,0,0,0,0,0,0,0,0,0,0,0,0,0,0,0,0,0,0,0,0,0,0,0,0,0,0,0,0,0,0,0,0,0,0,0,0,0,0,0,0,0,0,0,0,0,0,0,0,0,0,0,0,0,0,0,0,0,0,0,0,0,0,0,0,0,0,0,0,0,0,0,0,0,0,0,0,0,0,0,0,0,0,0,0,0,0,0,0,0,0,0,0,0,0,0,0,0,0,0,0,0,0,0,0,0,0,0,0,0,0,0,0,0,0,0,0,0,0,0,0,0,0,0,0,0,0,0,0,0,0,0,0,0,0,0,0,0,0,0,0,0,0,0,0,0,0,0,0,0,0,0,0,0,0,0,0,0,0,0,0,0,0,0,0,0,0,0,0,0,0,0,0,0,0,0,0,0,0,0,0,0,0,0,0,0,0,0,0,0,0,0,0,0,0,0,0,0,0,0,0,0,0,0,0,0,0,0,0,0,0,0,0,0,0,0,0,0,0,0,0,0,0,0,0,0,0,0,0,0,0,0,0,0,0
"arusha/arusha/olmotonyi",0.063,0.000327,0.000327,0.001545,2.3e-05,0.018856,1.2e-05,1.7e-05,1.8e-05,0.005541,8.5e-05,1.2e-05,0.100427,0.619596,0.000802,5e-05,3.2e-05,0.000116,1.9e-05,6.6e-05,7.1e-05,0.01068,1.8e-05,0.000447,7.3e-05,0.000141,3.5e-05,5.2e-05,8e-06,1e-04,0.059635,4.8e-05,4.3e-05,0.000125,0.000307,4.3e-05,0.144289,0.001074,0.000127,0.002118,2.2e-05,1.2e-05,0.002136,0.000793,0.000321,2.1e-05,0.002647,0.999491,0.044768,0.000102,3.1e-05,6.3e-05,0.000104,2.4e-05,0.000753,9e-06,0.001351,7.5e-05,0.003318,0.023976,0.010109,0.019041,0.064539,0.000149,2e-06,0.348218,0.09819,1.5e-05,0.002044,0.006685,7.4e-05,2e-06,0.002192,0.00052,6.1e-05,0.011322,0.001189,8e-06,1e-05,1.3e-05,6e-06,8.4e-05,1.6e-05,1.6e-05,3.6e-05,2.3e-05,0.24355,1.4e-05,0.00057,0.012485,7e-06,1.7e-05,0.078656,0.566244,0.000904,0.001762,0.020162,7.7e-05,0.050324,0.011335,2.6e-05,3.4e-05,0.002339,0.296003,0.002224,0.079818,4.6e-05,0.016611,0.025466,0.012615,0.01351,0.031898,0.000385,0.007547,0.000467,0.000304,0.106941,3.4e-05,0.073607,0.008511,0.005117,0.13898,0.000203,0.000755,7.5e-05,0.000926,0.001949,0.613258,0.085561,0.000421,0.00033,0.011139,0.018788,0.003601,5.2e-05,0.509892,0.295174,0.008381,0.155294,0.028968,0.037027,5.4e-05,0.481299,0.002609,0.000563,0.010234,5.2e-05,0.026851,0.023454,0.007093,0.000314,0.000169,0.000418,0.000138,0.004778,0.867102,0.001187,0.003177,0.000345,0.63197,0.002441,0.043794,0.000217,0.000447,1.3e-05,1.2e-05,0.003721,0.027873,0.57685,0.001206,0.000653,0.095663,0.998515,0.003054,0.004849,0.00395,0.076132,0.000647,0.025873,0.001187,3.3e-05,0.000311,0.00694,0.003575,0.187912,0.892627,0.000417,0.000746,0.100391,0.035709,0.007413,0.000218,0.00087,2.8e-05,0.005436,8.2e-05,0.000293,3.2e-05,0.027521,8.5e-05,0.398105,0.000825,0.004496,0.001057,0.026059,0.010148,0.137998,0.044642,0.003936,0.000423,0.000367,0.000144,0.043248,0.000139,2e-05,0.001046,2.4e-05,0.175838,0.002462,0.014183,2.7e-05,0.001748,1.5e-05,0.001052,0.150841,0.004127,0.183334,0.001454,0.000133,1e-05,9e-06,3.2e-05,0.04442,0.620853,0.000223,3.7e-05,0.000587,0.045554,0.006945,0.000248,0.018267,0.657105,0.000231,0.177606,6e-05,0.000436,0.001504,0.300792,1.8e-05,0.01769,0.991729,0.618315,0.004508,0.611328,0.018294,0.002073,0.000373,0.001178,0.000339,7.8e-05,5.5e-05,0.007814,0.000117,6.3e-05,0.016744,0.001654,3.3e-05,0.667956,1.9e-05,0.001418,0.750834,0.03323,0.000188,8e-05,0.124207,0.000728,0.002276,0.011527,4e-05,0.001146,0.004351,0.000142,0.413285,8.6e-05,5.1e-05,5.1e-05,7e-06,0.00096,3.5e-05,0.001149,0.000294,0.009381,0.000176,0.609091,0.005707,0.022282,0.484573,0.068621,0.006169,0.002094,0.000109,5.8e-05,0.00042,0.001685,5.6e-05,0.028229,0.123849,0.008039,0.009747,0.000632,0.752821,0.00149,0.00014,0.000311,0.003564,4.9e-05,0.000224,0.73795,0.0792,0.318158,0.018129,0.882806,0.030103,0.067346,0,0.003533,0.004993,0.053495,0.000351,0.79586,0.708643,0.60544,0.630852,0.011827,0.007052,6.5e-05,0.002157,0.000935,0.787491,0.000151,6.1e-05,0.000368,9.7e-05,3.7e-05,0.013063,0.001307,0.001339,0.674203,0.011139,0.001683,1.5e-05,0.078452,0.034247,0.987586,0.028813,0.073448,0.037109,0.000984,0.000532,0.006686,2.8e-05,1.3e-05,2.7e-05,8e-06,0.00025,0.968105,0.639977,0.917181,7.2e-05,0.226651,0.002497,3e-05,8.1e-05,0.000161,0.000784,0.107818,0.007811,0.013117,0.177177,1.7e-05,6.3e-05,2.2e-05,0.149583,0.000181,1.5e-05,0.196255,0.000506,0.060561,0.010033,0.000336,0.441418,0.000292,7.9e-05,0.00015,3.3e-05,2.7e-05,2.4e-05,1.8e-05
"arusha/ngorongoro/oloipiri",8.4e-05,0.000198,1.3e-05,0.01895,3e-06,0.000398,2e-06,2e-06,2e-06,0.000586,1e-05,2e-06,6.8e-05,0.000948,0.000267,8e-06,7e-06,2.1e-05,4e-06,1.6e-05,8e-06,8.5e-05,2e-06,9e-06,7e-06,3e-06,4e-06,7e-06,1e-06,9e-06,0.000254,7e-06,4e-06,6e-06,8.1e-05,8e-06,9e-05,0.000165,2e-05,0.019589,5e-06,2e-06,0.000364,0.000152,5.2e-05,3e-06,0.000102,0.022041,0.001201,1.9e-05,5e-06,2.3e-05,1.4e-05,6e-06,0.000119,2e-06,1e-05,5e-06,0.000205,0.021302,0.001316,0.002406,0.000843,2.4e-05,3.4e-05,0.000571,0.000344,5e-06,0.000126,0.000455,1.5e-05,0,2.2e-05,6.7e-05,1.4e-05,0.004079,0.000378,2e-06,3e-06,3e-06,1e-06,1.2e-05,3e-06,3e-06,7e-06,4e-06,0.003213,3e-06,0.000159,0.001202,1e-06,5e-06,0.003295,0.000558,8.3e-05,0.000286,0.000236,4e-06,0.001334,0.000346,4e-06,2e-05,0.000252,0.000143,4.5e-05,0.002996,8e-06,0.000304,0.000143,0.002049,0.000166,0.001124,7.3e-05,3e-06,1.6e-05,1.2e-05,0.001071,5e-06,0.001719,0.00018,9.3e-05,0.003389,9e-06,3.3e-05,4e-06,9.8e-05,0.000271,0.00527,0.00031,1.2e-05,1e-05,0.000348,0.000647,7e-05,2e-06,0.000517,3.1e-05,0.000207,0.010613,0.000508,0.000221,5e-06,0.000187,4.8e-05,2.4e-05,0.000476,7e-06,0.000731,0.00065,0.000208,1.1e-05,6e-06,1.9e-05,9e-06,0.000435,0.005432,5.3e-05,0.000197,3.2e-05,0.02422,9.6e-05,0.000905,4e-06,2.3e-05,3e-06,3e-06,0.000113,0.000126,0.000961,4.8e-05,9.8e-05,0.001935,0.015348,0.000158,6.2e-05,0.000199,0.001749,2.5e-05,0.000503,0.000153,3e-06,0.013882,0.000654,7.7e-05,0.003525,0.056903,8e-06,1.4e-05,0.001684,0.000521,0.000122,3.5e-05,9.3e-05,7e-06,0.000399,1.4e-05,1.1e-05,3e-06,0.000579,9e-06,0.001783,6.8e-05,0.000368,7e-06,0.000941,7.1e-05,0.005286,0.001255,0.01093,1.4e-05,1.2e-05,9e-06,0.001849,5e-06,6e-06,0.000107,4e-06,0.009141,7.5e-05,0.00046,6e-06,8e-06,2e-06,1.3e-05,0.001931,4.7e-05,0.003066,2.1e-05,2.9e-05,2e-06,1e-06,6e-06,0.020538,0.001808,3.5e-05,1e-06,1.4e-05,0.000255,0.000825,1e-05,0.00015,0.013126,5e-06,0.010083,5e-06,9e-06,3.2e-05,0.000681,4e-06,6.8e-05,0.005193,0.008841,1.6e-05,0.001288,0.000576,0.000195,1.5e-05,4.7e-05,7e-06,6e-06,5e-06,0.000163,4e-06,6e-06,0.001516,0.000176,5e-06,0.001909,2e-06,9.1e-05,0.001797,0.001183,8e-06,6e-06,0.004835,2.6e-05,0.000226,0.000392,5e-06,0.000274,6.1e-05,4.7e-05,0.041752,1.2e-05,8e-06,5e-06,1e-06,3.4e-05,6e-06,1.1e-05,3.1e-05,0.000168,1.8e-05,0.003379,0.000128,0.000295,0.00231,2.7e-05,0.000199,0.000866,5e-06,2e-06,8e-06,9e-05,7e-06,0.001743,0.000119,1.6e-05,1e-05,1.3e-05,0.001431,0.001599,1.9e-05,7e-06,8.8e-05,1.3e-05,0.001085,0.005166,0.003224,0.001517,0.000142,0.002293,0.000261,0.001909,0.013842,0,0.277672,4e-05,0.014314,0.000364,0.000556,0.000244,0.036544,0.230027,0.000428,9e-06,4.2e-05,0.001607,0.003642,1.2e-05,1.1e-05,7e-06,1.3e-05,5e-06,0.000798,0.000138,0.011748,0.000716,0.000662,0.028684,2e-06,0.000721,4.7e-05,0.006293,0.001305,0.000586,0.000483,4e-05,2.1e-05,0.000122,3e-06,2e-06,3e-06,1e-06,0.030461,0.004251,0.001089,0.002512,1.2e-05,0.000471,4.7e-05,2e-06,7e-06,2.6e-05,2.8e-05,0.000227,0.000123,9e-06,0.004287,3e-06,4e-06,4e-06,0.006689,3.7e-05,2e-06,0.000109,1.2e-05,0.001265,0.000237,8e-06,0.00157,1e-05,6e-06,1.4e-05,2e-06,3e-06,4e-06,5e-06
"arusha/ngorongoro/oloirien",0.000284,0.000719,4.1e-05,0.053375,1e-05,0.001279,5e-06,7e-06,7e-06,0.001782,3e-05,7e-06,0.000231,0.003209,0.000774,2.4e-05,2.1e-05,6.1e-05,1.3e-05,4.6e-05,2.4e-05,0.000286,7e-06,2.9e-05,2e-05,9e-06,1.2e-05,2.1e-05,3e-06,2.9e-05,0.000835,2.2e-05,1.1e-05,1.8e-05,0.000253,2.2e-05,0.000305,0.000495,6.3e-05,0.139673,1.4e-05,6e-06,0.001081,0.000452,0.000156,8e-06,0.000388,0.072394,0.003799,6e-05,1.5e-05,7.1e-05,4.4e-05,1.8e-05,0.000353,5e-06,3.4e-05,1.5e-05,0.000632,0.058437,0.005338,0.009199,0.003118,7e-05,0.00031,0.001921,0.0012,1.3e-05,0.000419,0.0014,5e-05,1e-06,7.5e-05,0.000208,4e-05,0.018031,0.0016,5e-06,8e-06,1e-05,3e-06,3.5e-05,1e-05,9e-06,1.9e-05,1.2e-05,0.010532,9e-06,0.00046,0.003673,4e-06,1.4e-05,0.010495,0.001923,0.000328,0.000868,0.000793,1.2e-05,0.004274,0.001108,1.1e-05,5.5e-05,0.000772,0.000488,0.000148,0.010087,2.5e-05,0.000991,0.00049,0.006676,0.000558,0.003657,0.000215,1.2e-05,5.2e-05,3.8e-05,0.003516,1.4e-05,0.005577,0.000593,0.000306,0.011087,2.8e-05,0.000104,1.2e-05,0.000299,0.000813,0.017444,0.001028,3.9e-05,3.2e-05,0.001121,0.002062,0.000227,8e-06,0.001755,0.000108,0.000673,0.039658,0.001667,0.000739,1.6e-05,0.000638,0.000158,7.9e-05,0.001497,2e-05,0.002357,0.002106,0.000673,3.7e-05,2e-05,6.1e-05,2.8e-05,0.001341,0.018467,0.000172,0.000782,9.9e-05,0.075892,0.000306,0.002865,1.4e-05,7.1e-05,9e-06,7e-06,0.000359,0.000428,0.00324,0.000152,0.000292,0.006664,0.050922,0.00049,0.000208,0.000616,0.005623,9.4e-05,0.001643,0.000459,1e-05,0.053938,0.001999,0.000248,0.01162,0.170014,2.6e-05,4.8e-05,0.005539,0.001725,0.000396,0.000104,0.000291,2e-05,0.001239,4e-05,3.6e-05,1e-05,0.001884,2.9e-05,0.005975,0.000207,0.001131,2.2e-05,0.003044,0.00024,0.016804,0.004202,0.038208,4.6e-05,4e-05,2.8e-05,0.005913,1.8e-05,1.9e-05,0.000328,1.1e-05,0.02911,0.000244,0.001485,1.8e-05,2.5e-05,7e-06,4.5e-05,0.006371,0.000158,0.010165,6.7e-05,8.8e-05,5e-06,4e-06,1.9e-05,0.08778,0.006094,0.000104,2e-06,4.6e-05,0.000836,0.002885,3.2e-05,0.000488,0.042728,1.5e-05,0.03109,1.4e-05,2.9e-05,0.000103,0.00228,1.1e-05,0.000227,0.017569,0.031467,5.6e-05,0.004332,0.001918,0.000598,4.8e-05,0.000149,2.4e-05,1.9e-05,1.5e-05,0.000522,1.4e-05,1.8e-05,0.005061,0.000719,1.5e-05,0.006597,6e-06,0.000285,0.006274,0.003746,2.6e-05,1.8e-05,0.015427,8.5e-05,0.000693,0.001223,1.5e-05,0.000963,0.000198,0.000182,0.145987,3.8e-05,2.3e-05,1.6e-05,4e-06,0.000112,1.9e-05,3.8e-05,9.4e-05,0.000577,5.5e-05,0.01116,0.000415,0.001005,0.007962,9.1e-05,0.000627,0.002733,1.5e-05,8e-06,2.8e-05,0.000281,2.2e-05,0.00554,0.000403,5.4e-05,3.3e-05,4.2e-05,0.004858,0.004978,5.8e-05,2.3e-05,0.000285,4e-05,0.006905,0.018044,0.010431,0.005009,0.000464,0.008002,0.000869,0.006614,0.046583,0.514462,0,0.000137,0.019615,0.001249,0.001897,0.000844,0.12823,0.757569,0.001316,2.7e-05,0.000137,0.008381,0.012222,3.5e-05,3.7e-05,2.4e-05,4.2e-05,1.5e-05,0.002469,0.00042,0.082973,0.002485,0.002057,0.274569,7e-06,0.002433,0.000158,0.021184,0.004616,0.00201,0.001548,0.000127,6.8e-05,0.000399,1e-05,6e-06,9e-06,4e-06,0.029118,0.014377,0.003677,0.008504,3.5e-05,0.001607,0.000154,6e-06,2.2e-05,7.7e-05,9.2e-05,0.00076,0.000394,3.1e-05,0.015248,9e-06,1.2e-05,1.1e-05,0.021569,0.000108,7e-06,0.000372,3.9e-05,0.004131,0.000773,2.6e-05,0.005255,3.2e-05,2e-05,4.2e-05,7e-06,9e-06,1.3e-05,1.4e-05
"arusha/arushaurban/oloirieni",0,0,0,0,0,0,0,0,0,0,0,0,0,0,0,0,0,0,0,0,0,0,0,0,0,0,0,0,0,0,0,0,0,0,0,0,0,0,0,0,0,0,0,0,0,0,0,0,0,0,0,0,0,0,0,0,0,0,0,0,0,0,0,0,0,0,0,0,0,0,0,0,0,0,0,0,0,0,0,0,0,0,0,0,0,0,0,0,0,0,0,0,0,0,0,0,0,0,0,0,0,0,0,0,0,0,0,0,0,0,0,0,0,0,0,0,0,0,0,0,0,0,0,0,0,0,0,0,0,0,0,0,0,0,0,0,0,0,0,0,0,0,0,0,0,0,0,0,0,0,0,0,0,0,0,0,0,0,0,0,0,0,0,0,0,0,0,0,0,0,0,0,0,0,0,0,0,0,0,0,0,0,0,0,0,0,0,0,0,0,0,0,0,0,0,0,0,0,0,0,0,0,0,0,0,0,0,0,0,0,0,0,0,0,0,0,0,0,0,0,0,0,0,0,0,0,0,0,0,0,0,0,0,0,0,0,0,0,0,0,0,0,0,0,0,0,0,0,0,0,0,0,0,0,0,0,0,0,0,0,0,0,0,0,0,0,0,0,0,0,0,0,0,0,0,0,0,0,0,0,0,0,0,0,0,0,0,0,0,0,0,0,0,0,0,0,0,0,0,0,0,0,0,0,0,0,0,0,0,0,0,0,0,0,0,0,0,0,0,0,0,0,0,0,0,0,0,0,0,0,0,0,0,0,0,0,0,0,0,0,0,0,0,0,0,0,0,0,0,0,0,0,0,0,0,0,0,0,0,0,0,0,0,0,0,0,0,0,0,0,0,0,0,0,0,0,0,0,0,0,0,0,0,0,0,0,0,0,0,0,0,0,0,0,0,0,0,0
"arusha/ngorongoro/ololosokwan",0,0,0,0,0,0,0,0,0,0,0,0,0,0,0,0,0,0,0,0,0,0,0,0,0,0,0,0,0,0,0,0,0,0,0,0,0,0,0,0,0,0,0,0,0,0,0,0,0,0,0,0,0,0,0,0,0,0,0,0,0,0,0,0,0,0,0,0,0,0,0,0,0,0,0,0,0,0,0,0,0,0,0,0,0,0,0,0,0,0,0,0,0,0,0,0,0,0,0,0,0,0,0,0,0,0,0,0,0,0,0,0,0,0,0,0,0,0,0,0,0,0,0,0,0,0,0,0,0,0,0,0,0,0,0,0,0,0,0,0,0,0,0,0,0,0,0,0,0,0,0,0,0,0,0,0,0,0,0,0,0,0,0,0,0,0,0,0,0,0,0,0,0,0,0,0,0,0,0,0,0,0,0,0,0,0,0,0,0,0,0,0,0,0,0,0,0,0,0,0,0,0,0,0,0,0,0,0,0,0,0,0,0,0,0,0,0,0,0,0,0,0,0,0,0,0,0,0,0,0,0,0,0,0,0,0,0,0,0,0,0,0,0,0,0,0,0,0,0,0,0,0,0,0,0,0,0,0,0,0,0,0,0,0,0,0,0,0,0,0,0,0,0,0,0,0,0,0,0,0,0,0,0,0,0,0,0,0,0,0,0,0,0,0,0,0,0,0,0,0,0,0,0,0,0,0,0,0,0,0,0,0,0,0,0,0,0,0,0,0,0,0,0,0,0,0,0,0,0,0,0,0,0,0,0,0,0,0,0,0,0,0,0,0,0,0,0,0,0,0,0,0,0,0,0,0,0,0,0,0,0,0,0,0,0,0,0,0,0,0,0,0,0,0,0,0,0,0,0,0,0,0,0,0,0,0,0,0,0,0,0,0,0,0,0,0,0,0
"arusha/arusha/olorieni",0,0,0,0,0,0,0,0,0,0,0,0,0,0,0,0,0,0,0,0,0,0,0,0,0,0,0,0,0,0,0,0,0,0,0,0,0,0,0,0,0,0,0,0,0,0,0,0,0,0,0,0,0,0,0,0,0,0,0,0,0,0,0,0,0,0,0,0,0,0,0,0,0,0,0,0,0,0,0,0,0,0,0,0,0,0,0,0,0,0,0,0,0,0,0,0,0,0,0,0,0,0,0,0,0,0,0,0,0,0,0,0,0,0,0,0,0,0,0,0,0,0,0,0,0,0,0,0,0,0,0,0,0,0,0,0,0,0,0,0,0,0,0,0,0,0,0,0,0,0,0,0,0,0,0,0,0,0,0,0,0,0,0,0,0,0,0,0,0,0,0,0,0,0,0,0,0,0,0,0,0,0,0,0,0,0,0,0,0,0,0,0,0,0,0,0,0,0,0,0,0,0,0,0,0,0,0,0,0,0,0,0,0,0,0,0,0,0,0,0,0,0,0,0,0,0,0,0,0,0,0,0,0,0,0,0,0,0,0,0,0,0,0,0,0,0,0,0,0,0,0,0,0,0,0,0,0,0,0,0,0,0,0,0,0,0,0,0,0,0,0,0,0,0,0,0,0,0,0,0,0,0,0,0,0,0,0,0,0,0,0,0,0,0,0,0,0,0,0,0,0,0,0,0,0,0,0,0,0,0,0,0,0,0,0,0,0,0,0,0,0,0,0,0,0,0,0,0,0,0,0,0,0,0,0,0,0,0,0,0,0,0,0,0,0,0,0,0,0,0,0,0,0,0,0,0,0,0,0,0,0,0,0,0,0,0,0,0,0,0,0,0,0,0,0,0,0,0,0,0,0,0,0,0,0,0,0,0,0,0,0,0,0,0,0,0,0,0
"arusha/arusha/oltoroto",0,0,0,0,0,0,0,0,0,0,0,0,0,0,0,0,0,0,0,0,0,0,0,0,0,0,0,0,0,0,0,0,0,0,0,0,0,0,0,0,0,0,0,0,0,0,0,0,0,0,0,0,0,0,0,0,0,0,0,0,0,0,0,0,0,0,0,0,0,0,0,0,0,0,0,0,0,0,0,0,0,0,0,0,0,0,0,0,0,0,0,0,0,0,0,0,0,0,0,0,0,0,0,0,0,0,0,0,0,0,0,0,0,0,0,0,0,0,0,0,0,0,0,0,0,0,0,0,0,0,0,0,0,0,0,0,0,0,0,0,0,0,0,0,0,0,0,0,0,0,0,0,0,0,0,0,0,0,0,0,0,0,0,0,0,0,0,0,0,0,0,0,0,0,0,0,0,0,0,0,0,0,0,0,0,0,0,0,0,0,0,0,0,0,0,0,0,0,0,0,0,0,0,0,0,0,0,0,0,0,0,0,0,0,0,0,0,0,0,0,0,0,0,0,0,0,0,0,0,0,0,0,0,0,0,0,0,0,0,0,0,0,0,0,0,0,0,0,0,0,0,0,0,0,0,0,0,0,0,0,0,0,0,0,0,0,0,0,0,0,0,0,0,0,0,0,0,0,0,0,0,0,0,0,0,0,0,0,0,0,0,0,0,0,0,0,0,0,0,0,0,0,0,0,0,0,0,0,0,0,0,0,0,0,0,0,0,0,0,0,0,0,0,0,0,0,0,0,0,0,0,0,0,0,0,0,0,0,0,0,0,0,0,0,0,0,0,0,0,0,0,0,0,0,0,0,0,0,0,0,0,0,0,0,0,0,0,0,0,0,0,0,0,0,0,0,0,0,0,0,0,0,0,0,0,0,0,0,0,0,0,0,0,0,0,0,0,0
"arusha/arusha/oltrumet",0,0,0,0,0,0,0,0,0,0,0,0,0,0,0,0,0,0,0,0,0,0,0,0,0,0,0,0,0,0,0,0,0,0,0,0,0,0,0,0,0,0,0,0,0,0,0,0,0,0,0,0,0,0,0,0,0,0,0,0,0,0,0,0,0,0,0,0,0,0,0,0,0,0,0,0,0,0,0,0,0,0,0,0,0,0,0,0,0,0,0,0,0,0,0,0,0,0,0,0,0,0,0,0,0,0,0,0,0,0,0,0,0,0,0,0,0,0,0,0,0,0,0,0,0,0,0,0,0,0,0,0,0,0,0,0,0,0,0,0,0,0,0,0,0,0,0,0,0,0,0,0,0,0,0,0,0,0,0,0,0,0,0,0,0,0,0,0,0,0,0,0,0,0,0,0,0,0,0,0,0,0,0,0,0,0,0,0,0,0,0,0,0,0,0,0,0,0,0,0,0,0,0,0,0,0,0,0,0,0,0,0,0,0,0,0,0,0,0,0,0,0,0,0,0,0,0,0,0,0,0,0,0,0,0,0,0,0,0,0,0,0,0,0,0,0,0,0,0,0,0,0,0,0,0,0,0,0,0,0,0,0,0,0,0,0,0,0,0,0,0,0,0,0,0,0,0,0,0,0,0,0,0,0,0,0,0,0,0,0,0,0,0,0,0,0,0,0,0,0,0,0,0,0,0,0,0,0,0,0,0,0,0,0,0,0,0,0,0,0,0,0,0,0,0,0,0,0,0,0,0,0,0,0,0,0,0,0,0,0,0,0,0,0,0,0,0,0,0,0,0,0,0,0,0,0,0,0,0,0,0,0,0,0,0,0,0,0,0,0,0,0,0,0,0,0,0,0,0,0,0,0,0,0,0,0,0,0,0,0,0,0,0,0,0,0,0,0
"arusha/longido/orbomba",4.3e-05,4e-06,3e-06,2.5e-05,0,9.7e-05,0,0,0,3.1e-05,0,0,4.1e-05,0.000477,7e-06,0,0,1e-06,0,1e-06,1e-06,5.7e-05,0,3e-06,1e-06,1e-06,0,0,0,1e-06,7.9e-05,0,0,1e-06,2e-06,0,4.3e-05,7e-06,1e-06,5e-05,0,0,1.8e-05,6e-06,3e-06,0,3.8e-05,0.01094,0.000136,1e-06,0,1e-06,1e-06,0,5e-06,0,3e-06,0,1.8e-05,0.000257,0.001027,0.000254,0.002721,1e-06,0,0.000239,0.00014,0,1e-05,3.1e-05,1e-06,0,1.8e-05,3e-06,0,0.000427,2.7e-05,0,0,0,0,1e-06,0,0,0,0,0.001309,0,5e-06,9.3e-05,0,0,0.000682,0.000406,1.8e-05,1.2e-05,0.000149,1e-06,0.000303,7.5e-05,0,0,1.9e-05,7.3e-05,1.4e-05,0.001748,0,0.000103,0.000129,9.2e-05,0.000102,0.000341,3e-06,2e-06,4e-06,3e-06,0.000407,0,0.00053,7.5e-05,4e-05,0.001332,1e-06,5e-06,1e-06,7e-06,1.5e-05,0.002616,0.000123,4e-06,3e-06,8.3e-05,0.000126,2.3e-05,0,0.00026,1.8e-05,6.1e-05,0.03365,0.000191,0.000115,0,9.7e-05,1.8e-05,6e-06,6.8e-05,0,0.000188,0.000187,5.3e-05,3e-06,1e-06,4e-06,1e-06,3.8e-05,0.002124,1.4e-05,0.000124,2e-06,0.007884,1.7e-05,0.000124,1e-06,3e-06,0,0,2e-05,9.2e-05,0.000421,7e-06,5e-06,0.000355,0.007683,1.6e-05,4.2e-05,1.6e-05,0.000221,0.000442,0.000173,9e-06,0,6e-06,5e-05,2.1e-05,0.001671,0.020959,4e-06,7e-06,0.00071,0.000246,3.9e-05,1e-06,5e-06,0,2.6e-05,1e-06,2e-06,0,0.000183,1e-06,0.000974,5e-06,3.1e-05,2e-06,0.000251,4.6e-05,0.001146,0.000164,6.1e-05,4e-06,3e-06,1e-06,0.000392,1e-06,0,8e-06,0,0.002213,2.1e-05,0.000118,0,3e-06,0,7e-06,0.000875,2.6e-05,0.001622,7e-06,1e-06,0,0,0,0.002129,0.000662,2e-06,0,4e-06,8.1e-05,5.5e-05,2e-06,4.4e-05,0.002588,2e-06,0.001278,0,3e-06,1e-05,0.000287,0,1.9e-05,0.002763,0.005229,6e-06,0.000582,0.000269,1.6e-05,4e-06,8e-06,2e-06,1e-06,0,3.5e-05,0,0,0.000104,0.000137,0,0.000876,0,6e-06,0.001099,0.000204,1e-06,1e-06,0.001113,6e-06,1.8e-05,4.5e-05,0,1.1e-05,1.5e-05,2e-06,0.075153,1e-06,0,0,0,1.1e-05,0,7e-06,2e-06,0.000162,1e-06,0.001264,3.8e-05,0.000257,0.002368,1.3e-05,2.9e-05,2e-05,1e-06,0,3e-06,1e-05,0,0.000129,6.5e-05,9e-06,6e-06,5e-06,0.000613,1.8e-05,1e-06,2e-06,2.7e-05,0,6e-06,0.006956,0.000916,0.000435,3e-05,0.001739,0.000132,0.002109,0.008297,6.3e-05,9.8e-05,1.9e-05,6e-06,0.000192,0.000315,0.000138,0,0.000253,3.7e-05,0,1.3e-05,2.4e-05,0.001957,1e-06,0,2e-06,1e-06,0,7.8e-05,1e-05,2.9e-05,0.000559,7.1e-05,3.6e-05,0,0.000508,2.6e-05,0.003197,0.000178,0.00015,9.8e-05,6e-06,5e-06,4e-05,0,0,0,0,4e-06,0.002355,0.000473,0.001157,1e-06,0.000328,1.5e-05,0,1e-06,1e-06,1e-05,8e-05,1.9e-05,4e-06,0.012649,0,0,0,0.001961,1e-06,0,5.3e-05,4e-06,0.000446,7.9e-05,3e-06,0.000769,3e-06,1e-06,1e-06,0,0,0,0
"arusha/ngorongoro/orgosorok",4e-06,6e-06,1e-06,0.000211,0,1.6e-05,0,0,0,2e-05,0,0,3e-06,4e-05,8e-06,0,0,0,0,0,0,3e-06,0,0,0,0,0,0,0,0,1.6e-05,0,0,0,2e-06,0,4e-06,4e-06,0,0.003649,0,0,9e-06,4e-06,1e-06,0,5e-06,0.000936,4.5e-05,0,0,1e-06,0,0,3e-06,0,0,0,8e-06,0.00038,5.5e-05,7e-05,4e-05,1e-06,2.6e-05,2.4e-05,1.4e-05,0,5e-06,1.1e-05,0,0,1e-06,2e-06,0,0.000169,1.8e-05,0,0,0,0,0,0,0,0,0,0.000136,0,4e-06,3.3e-05,0,0,0.000137,2.4e-05,4e-06,9e-06,1e-05,0,5.5e-05,1.4e-05,0,1e-06,1e-05,6e-06,2e-06,0.000137,0,1.3e-05,6e-06,4.8e-05,7e-06,4.8e-05,2e-06,0,1e-06,0,4.5e-05,0,7.2e-05,8e-06,3e-06,0.000146,0,1e-06,0,4e-06,7e-06,0.000157,1.3e-05,1e-06,0,1e-05,2.7e-05,3e-06,0,2.2e-05,1e-06,9e-06,0.000575,2.2e-05,9e-06,0,8e-06,2e-06,1e-06,1.9e-05,0,3e-05,2.7e-05,9e-06,0,0,1e-06,0,1.7e-05,0.000225,2e-06,7e-06,1e-06,0.001035,4e-06,2.4e-05,0,1e-06,0,0,5e-06,5e-06,4e-05,2e-06,3e-06,5.3e-05,0.000649,6e-06,3e-06,5e-06,4.6e-05,1e-06,2.1e-05,6e-06,0,0.000173,2.5e-05,3e-06,0.000152,0.003876,0,1e-06,7.2e-05,2.2e-05,5e-06,1e-06,2e-06,0,1e-05,0,0,0,2.4e-05,0,7.6e-05,2e-06,1e-05,0,4e-05,3e-06,0.00022,3.3e-05,0.000285,1e-06,1e-06,0,7.7e-05,0,0,4e-06,0,0.000392,3e-06,1.9e-05,0,0,0,1e-06,8.2e-05,2e-06,0.000133,1e-06,1e-06,0,0,0,0.001432,7.4e-05,1e-06,0,1e-06,7e-06,2.1e-05,0,6e-06,0.000801,0,0.000285,0,0,1e-06,2.8e-05,0,3e-06,0.000219,0.000273,1e-06,5.4e-05,2.6e-05,8e-06,1e-06,2e-06,0,0,0,5e-06,0,0,3.8e-05,1e-05,0,8e-05,0,3e-06,7.7e-05,4.8e-05,0,0,0.000203,1e-06,9e-06,1.1e-05,0,9e-06,2e-06,2e-06,0.002339,0,0,0,0,1e-06,0,0,1e-06,8e-06,1e-06,0.000139,5e-06,1.3e-05,7.2e-05,1e-06,8e-06,2.5e-05,0,0,0,4e-06,0,4.3e-05,5e-06,1e-06,0,1e-06,4.2e-05,2.9e-05,1e-06,0,4e-06,0,0.000102,0.000163,0.000138,4.3e-05,6e-06,9.9e-05,1.1e-05,9e-05,0.000419,0.002462,0.007192,2e-06,0.000226,1.5e-05,2.3e-05,1e-05,0.001338,0,1.1e-05,0,2e-06,9.6e-05,0.000154,0,0,0,0,0,3.1e-05,5e-06,0.000656,3.1e-05,2.6e-05,0.002825,0,3.1e-05,2e-06,0.000265,3.6e-05,2.3e-05,1.4e-05,2e-06,1e-06,5e-06,0,0,0,0,0.000261,0.00018,3.2e-05,0.000105,0,2e-05,2e-06,0,0,1e-06,1e-06,9e-06,3e-06,0,0.000146,0,0,0,0.00029,1e-06,0,5e-06,1e-06,5.4e-05,1e-05,0,6.6e-05,0,0,1e-06,0,0,0,0
"manyara/simanjiro/orkesmet",0.000281,2.2e-05,5.3e-05,0.000178,6e-06,0.003719,2e-06,3e-06,6e-06,0.001501,2.4e-05,4e-06,0.000183,0.002937,0.000151,7e-06,7e-06,3.2e-05,5e-06,2e-05,0.000172,0.000256,6e-06,5.2e-05,0.000156,1.6e-05,1.1e-05,6e-06,1.5e-05,0.000278,0.001527,6.3e-05,0.000105,8.1e-05,3.2e-05,1.3e-05,0.000262,0.000293,1.8e-05,0.000216,5e-06,5e-06,0.002802,0.000182,0.000393,7e-06,4.6e-05,0.056716,0.009134,1.1e-05,5e-06,8e-06,8e-06,6e-06,0.000256,3e-06,9e-05,2.2e-05,0.245196,0.003356,0.000383,0.000629,0.000681,0.00021,0,0.002007,0.000517,4e-06,0.000112,0.002445,6e-06,1e-06,5.4e-05,7.4e-05,2.2e-05,0.000505,5e-05,3e-06,3e-06,4e-06,2e-06,3e-05,4e-06,7e-06,1.2e-05,4e-06,0.01615,4e-06,0.000153,0.043391,3e-06,5e-06,0.018585,0.001252,2.3e-05,0.000287,0.000696,3.7e-05,0.011781,0.002717,4e-06,6e-06,0.004325,0.000392,0.000267,0.004993,6e-06,0.001594,0.00034,0.000949,0.000497,0.00382,0.000138,1e-05,6.3e-05,5.1e-05,0.006226,6.1e-05,0.009095,0.000628,0.000342,0.012307,0.000101,0.000428,4.6e-05,0.002196,0.005148,0.021813,0.001548,5.5e-05,4.8e-05,0.002088,0.005617,0.000365,3.9e-05,0.001536,7.3e-05,0.001087,0.005505,0.002349,0.000885,0.000153,0.00048,0.000215,7.8e-05,0.006286,1.2e-05,0.004518,0.003153,0.001162,4.1e-05,0.000157,6.7e-05,0.000292,0.006063,0.011425,0.000163,6.9e-05,0.004356,0.122705,0.000878,0.016523,2.4e-05,0.00036,4e-06,5e-06,0.00165,0.000359,0.003112,0.00083,0.001364,0.002163,0.041353,0.024625,0.000163,0.004647,0.006829,1.5e-05,0.002505,0.00439,7.7e-05,3.6e-05,0.031184,0.00056,0.012258,0.255844,2.1e-05,4.5e-05,0.006974,0.001946,0.000776,5.3e-05,0.000101,7e-06,0.001032,0.000107,5.8e-05,8e-06,0.003111,5e-06,0.006493,0.002082,0.01802,4.3e-05,0.003785,0.000225,0.033244,0.001713,0.000364,6.5e-05,6.2e-05,3.5e-05,0.009165,2.4e-05,3e-06,0.001693,3e-06,0.030527,0.000338,0.002251,7e-06,3.7e-05,4e-06,4.5e-05,0.008268,0.00016,0.009924,0.000135,2.1e-05,3e-06,3e-06,6e-06,0.002483,0.005303,0.000277,4e-06,6.5e-05,0.001767,0.000319,4.4e-05,0.001289,0.035115,2.5e-05,0.186082,0.000124,5e-05,0.000175,0.00271,6e-06,0.000256,0.013726,0.008336,2.4e-05,0.004407,0.001297,0.005303,5.4e-05,0.00052,4.1e-05,0.000154,0.000113,0.00226,8e-06,0.000139,0.000951,5e-05,7e-06,0.003477,5e-06,0.000204,0.00294,0.014864,8e-05,0.000233,0.025575,0.000121,0.00557,0.041631,6e-06,6.4e-05,0.000773,7e-06,0.021769,1.6e-05,9.3e-05,1.5e-05,3e-06,0.000101,9e-06,3.3e-05,0.001089,0.000305,0.000388,0.016507,0.000706,0.000639,0.004786,7.2e-05,0.007053,2e-04,2.2e-05,3.8e-05,4.7e-05,0.002651,0.000112,0.002894,0.000359,5.2e-05,2.8e-05,4.4e-05,0.003848,0.000149,0.000197,4.3e-05,0.000422,5e-06,2.1e-05,0.008119,0.010591,0.007222,0.001035,0.003877,0.001053,0.002594,0.030093,0.00047,0.000594,0.000125,5.4e-05,0.000862,0.001458,0.000496,0.023779,0.001419,0,0.00013,0.000248,6.4e-05,0.012208,6.8e-05,5e-06,3.8e-05,6e-06,1.1e-05,0.059118,0.006879,0.000127,0.001423,0.021402,0.000177,2e-06,0.002041,0.00015,0.017647,0.000805,0.000963,0.007922,0.00051,8.6e-05,0.000691,7e-06,5e-06,8e-06,4e-06,3.5e-05,0.011788,0.003395,0.007051,9.2e-05,0.00128,0.000259,7.9e-05,0.000237,0.000263,7.6e-05,0.000886,0.001232,2.8e-05,0.004565,3e-06,5.3e-05,5e-06,0.019955,5.1e-05,2e-06,0.000308,4.6e-05,0.005796,0.00105,3.3e-05,0.006072,3.7e-05,0.000186,0.000305,4.9e-05,7.5e-05,5e-06,4e-06
"manyara/kiteto/partimbo",0.000677,0.00013,0.000125,0.00117,5.8e-05,0.005451,1.5e-05,1.9e-05,6.7e-05,0.012859,0.000225,6.5e-05,0.00048,0.007346,0.001268,5.5e-05,6.1e-05,0.000325,5.9e-05,0.000234,0.000323,0.000627,7.3e-05,9.7e-05,0.000215,3e-05,0.000113,3.7e-05,0.023709,0.000359,0.002962,0.01802,0.000126,0.000103,0.000216,0.000141,0.000682,0.002914,0.000131,0.001313,4.7e-05,7.1e-05,0.231325,0.001682,0.083271,7e-05,0.000207,0.143486,0.027776,7.3e-05,4.1e-05,5.3e-05,5.1e-05,5.5e-05,0.003041,3.6e-05,0.00014,0.00014,0.016688,0.024079,0.001799,0.003194,0.002582,0.068103,1e-06,0.004867,0.001768,3.3e-05,0.000582,0.016592,3.6e-05,1.1e-05,0.000144,0.000523,0.000286,0.002626,0.000263,3.2e-05,3.6e-05,3.8e-05,2.8e-05,0.000351,3.8e-05,0.000122,0.000137,2.8e-05,0.03122,3.9e-05,0.001565,0.05364,3.5e-05,5.7e-05,0.037346,0.003496,0.000113,0.002199,0.001734,5.7e-05,0.017965,0.004517,3.3e-05,4.5e-05,0.008147,0.001041,0.000498,0.016324,3.9e-05,0.003116,0.000915,0.005733,0.001235,0.009651,0.001829,2.5e-05,0.000151,0.000117,0.011348,0.076215,0.017822,0.0015,0.000789,0.028584,0.000146,0.000574,6.6e-05,0.003744,0.274664,0.0458,0.00313,0.00012,0.000101,0.004004,0.008964,0.000717,4.7e-05,0.003927,0.000205,0.002177,0.023256,0.004864,0.001921,0.000216,0.001308,0.000455,0.000209,0.008412,9.9e-05,0.008371,0.006603,0.002297,0.000101,0.000142,0.000175,0.000267,0.010339,0.034439,0.000447,0.000312,0.007936,0.217992,0.001401,0.025881,4.5e-05,0.000447,5.2e-05,7.8e-05,0.001958,0.000899,0.00778,0.000931,0.093629,0.008923,0.10473,0.007322,0.000426,0.015726,0.023899,6.2e-05,0.005037,0.090794,0.00011,0.000234,0.034589,0.000939,0.028465,0.416626,5.6e-05,0.000112,0.015047,0.004405,0.001373,0.000493,0.000658,7.1e-05,0.006681,0.019021,0.000124,6.2e-05,0.006055,2.5e-05,0.014685,0.020251,0.015881,7.7e-05,0.008919,0.000541,0.061238,0.00743,0.002304,0.000145,0.00013,0.000215,0.019935,5.5e-05,2.2e-05,0.003064,2.2e-05,0.077907,0.000746,0.004789,6.6e-05,7.5e-05,4.6e-05,0.000107,0.017356,0.000377,0.023707,0.000234,0.000158,4.3e-05,3.1e-05,4.9e-05,0.012904,0.014278,0.058001,8e-06,0.000138,0.0031,0.001722,0.000101,0.001999,0.10827,4.8e-05,0.193587,0.000139,9.6e-05,0.000337,0.006152,8.2e-05,0.000664,0.03614,0.031073,8.1e-05,0.01065,0.003821,0.00712,0.000136,0.000749,7.9e-05,0.000184,0.000145,0.002688,3.6e-05,0.000197,0.005192,0.000232,5.5e-05,0.010962,3.8e-05,0.001194,0.009381,0.019353,0.000125,0.000202,0.051786,0.000269,0.008358,0.019286,4.6e-05,0.000368,0.000973,3.9e-05,0.08947,0.000123,0.060679,0.000134,3.5e-05,0.000272,9e-05,8.2e-05,0.037896,0.00093,0.000622,0.033805,0.001367,0.001805,0.013465,0.000193,0.005037,0.001317,5e-05,4.6e-05,9e-05,0.002353,0.049561,0.01582,0.000903,0.000125,7.2e-05,0.000105,0.010499,0.000985,0.028252,8e-05,0.000882,3e-05,0.000124,0.025053,0.027285,0.016324,0.002102,0.012023,0.002277,0.008804,0.082917,0.003082,0.003782,0.000315,0.00036,0.002427,0.003888,0.001476,0.090748,0.008863,0.039708,0,0.000461,0.000368,0.028736,0.000544,3.3e-05,7.6e-05,3.6e-05,0.000109,0.031617,0.011184,0.000776,0.004157,0.018553,0.0011,1.8e-05,0.005131,0.000366,0.045274,0.003784,0.003428,0.009386,0.000683,0.000204,0.001306,6.5e-05,7.2e-05,7.6e-05,5.3e-05,0.000234,0.030306,0.008653,0.018594,0.019478,0.00329,0.000497,6e-05,0.000278,0.025711,0.000212,0.002115,0.0026,7.2e-05,0.016188,2.6e-05,7.6e-05,4.4e-05,0.053024,0.00054,1.7e-05,0.000814,0.000105,0.012118,0.002269,7.5e-05,0.013545,8.9e-05,0.000206,0.000423,5.4e-05,0.000121,4.3e-05,3.1e-05
"kilimanjaro/moshimunicipal/pasua",0,0,0,0,0,0,0,0,0,0,0,0,0,0,0,0,0,0,0,0,0,0,0,0,0,0,0,0,0,0,0,0,0,0,0,0,0,0,0,0,0,0,0,0,0,0,0,0,0,0,0,0,0,0,0,0,0,0,0,0,0,0,0,0,0,0,0,0,0,0,0,0,0,0,0,0,0,0,0,0,0,0,0,0,0,0,0,0,0,0,0,0,0,0,0,0,0,0,0,0,0,0,0,0,0,0,0,0,0,0,0,0,0,0,0,0,0,0,0,0,0,0,0,0,0,0,0,0,0,0,0,0,0,0,0,0,0,0,0,0,0,0,0,0,0,0,0,0,0,0,0,0,0,0,0,0,0,0,0,0,0,0,0,0,0,0,0,0,0,0,0,0,0,0,0,0,0,0,0,0,0,0,0,0,0,0,0,0,0,0,0,0,0,0,0,0,0,0,0,0,0,0,0,0,0,0,0,0,0,0,0,0,0,0,0,0,0,0,0,0,0,0,0,0,0,0,0,0,0,0,0,0,0,0,0,0,0,0,0,0,0,0,0,0,0,0,0,0,0,0,0,0,0,0,0,0,0,0,0,0,0,0,0,0,0,0,0,0,0,0,0,0,0,0,0,0,0,0,0,0,0,0,0,0,0,0,0,0,0,0,0,0,0,0,0,0,0,0,0,0,0,0,0,0,0,0,0,0,0,0,0,0,0,0,0,0,0,0,0,0,0,0,0,0,0,0,0,0,0,0,0,0,0,0,0,0,0,0,0,0,0,0,0,0,0,0,0,0,0,0,0,0,0,0,0,0,0,0,0,0,0,0,0,0,0,0,0,0,0,0,0,0,0,0,0,0,0,0,0,0,0,0,0,0,0,0,0,0,0,0,0,0,0,0,0,0,0,0
"arusha/ngorongoro/pinyinyi",8e-06,2.6e-05,1e-06,0.000218,0,2.8e-05,0,0,0,3.4e-05,1e-06,0,7e-06,9.4e-05,1.3e-05,0,0,1e-06,0,1e-06,0,5e-06,0,1e-06,0,0,0,0,0,1e-06,3.4e-05,0,0,0,4e-06,0,9e-06,6e-06,1e-06,0.001009,0,0,1.2e-05,6e-06,2e-06,0,2e-05,0.002319,8.5e-05,1e-06,0,1e-06,1e-06,0,4e-06,0,1e-06,0,1.2e-05,0.000639,0.000182,0.000351,0.000129,1e-06,0,5.5e-05,4.1e-05,0,1.2e-05,1.9e-05,1e-06,0,2e-06,4e-06,0,0.001412,0.000158,0,0,0,0,0,0,0,0,0,0.000259,0,5e-06,4.5e-05,0,0,0.000216,6e-05,2e-05,1.7e-05,2.1e-05,0,9.1e-05,2.3e-05,0,1e-06,1.3e-05,1.5e-05,3e-06,0.000256,1e-06,2.3e-05,1.4e-05,0.000124,1.5e-05,8e-05,2e-06,0,1e-06,1e-06,8.6e-05,0,0.000125,1.4e-05,5e-06,0.000261,1e-06,2e-06,0,5e-06,9e-06,0.000331,2.7e-05,1e-06,1e-06,1.7e-05,4.2e-05,5e-06,0,5.2e-05,3e-06,1.5e-05,0.001596,3.9e-05,2e-05,0,2e-05,4e-06,2e-06,2.9e-05,0,5.1e-05,4.6e-05,1.4e-05,1e-06,0,1e-06,1e-06,2.4e-05,0.000594,3e-06,3.2e-05,2e-06,0.001819,6e-06,4.4e-05,0,1e-06,0,0,7e-06,1.2e-05,9.4e-05,3e-06,3e-06,0.000159,0.001591,9e-06,6e-06,8e-06,9.7e-05,4e-06,3.8e-05,8e-06,0,8.4e-05,3.5e-05,5e-06,0.000287,0.007035,1e-06,1e-06,0.000134,4.3e-05,9e-06,2e-06,5e-06,0,1.8e-05,1e-06,1e-06,0,4.3e-05,1e-06,0.000165,4e-06,1.4e-05,1e-06,6.5e-05,6e-06,0.000353,8.8e-05,0.000745,1e-06,1e-06,0,0.000122,0,0,6e-06,0,0.000621,5e-06,3.2e-05,0,1e-06,0,1e-06,0.000158,4e-06,0.000257,2e-06,2e-06,0,0,0,0.0062,0.000181,2e-06,0,1e-06,1.5e-05,7.1e-05,1e-06,1.2e-05,0.001927,0,0.000427,0,1e-06,2e-06,6.3e-05,0,6e-06,0.000539,0.000904,2e-06,0.000125,4.6e-05,1e-05,1e-06,3e-06,1e-06,0,0,8e-06,0,0,0.000105,4.2e-05,0,0.000219,0,6e-06,0.000215,7.6e-05,1e-06,0,0.000326,2e-06,1.2e-05,1.7e-05,0,3.3e-05,4e-06,9e-06,0.006016,1e-06,0,0,0,2e-06,0,1e-06,2e-06,1.6e-05,1e-06,3e-04,9e-06,2.8e-05,0.000175,3e-06,1.2e-05,6.1e-05,0,0,1e-06,5e-06,0,9.3e-05,1.2e-05,2e-06,1e-06,1e-06,0.000104,6.7e-05,1e-06,1e-06,6e-06,1e-06,9.1e-05,0.000435,0.000227,9.5e-05,1.1e-05,0.000273,2.2e-05,0.00019,0.001079,0.00047,0.00101,4e-06,4.1e-05,3.9e-05,5.8e-05,2.7e-05,0.004095,0.003163,1.7e-05,0,3e-06,0,0.000351,1e-06,1e-06,1e-06,1e-06,0,4.5e-05,7e-06,0.001001,8.1e-05,3.8e-05,0.000772,0,6.6e-05,5e-06,0.000643,0.000123,6.5e-05,2.5e-05,3e-06,1e-06,9e-06,0,0,0,0,3.8e-05,0.000435,7.6e-05,0.000256,1e-06,4.8e-05,3e-06,0,0,1e-06,2e-06,2.1e-05,6e-06,1e-06,0.00036,0,0,0,0.000476,2e-06,0,1.1e-05,1e-06,9.5e-05,1.7e-05,1e-06,0.000146,1e-06,0,1e-06,0,0,0,0
"arusha/meru/poli",0.002266,1e-06,2e-06,3e-06,0,0.00013,0,0,0,1.7e-05,0,0,0.000499,0.006943,2e-06,0,0,0,0,0,0,6.1e-05,0,3e-06,0,1e-06,0,0,0,0,0.000718,0,0,1e-06,1e-06,0,0.000299,2e-06,0,6e-06,0,0,6e-06,2e-06,1e-06,0,5e-06,0.050065,0.000153,0,0,0,0,0,2e-06,0,1.2e-05,0,1.5e-05,4.9e-05,2e-05,2.9e-05,0.000139,1e-06,0,0.00203,0.000116,0,5e-06,1.5e-05,0,0,1.4e-05,1e-06,0,2e-05,3e-06,0,0,0,0,0,0,0,0,0,0.002542,0,1e-06,4e-05,0,0,0.000475,0.001719,2e-06,5e-06,0.000142,0,0.000334,7e-05,0,0,1e-05,0.000464,1.5e-05,4e-04,0,0.000117,0.000177,2.2e-05,9.3e-05,0.000183,1e-06,1.1e-05,3e-06,2e-06,0.001097,0,0.000508,5.3e-05,2.4e-05,0.000962,1e-06,4e-06,0,4e-06,5e-06,0.013282,0.001473,3e-06,2e-06,4.8e-05,0.000114,2.5e-05,0,0.002691,7.5e-05,5.3e-05,0.000524,0.000206,0.000452,0,0.000476,1.8e-05,3e-06,5.7e-05,0,0.000172,0.000146,4.3e-05,2e-06,1e-06,2e-06,1e-06,2.3e-05,0.003364,4e-06,5e-06,1e-06,0.008541,1.4e-05,0.000135,1e-06,2e-06,0,0,2.3e-05,0.000276,0.003222,7e-06,2e-06,0.000133,0.044504,1.5e-05,3.1e-05,1.1e-05,0.000159,2e-06,0.000179,5e-06,0,1e-06,3.1e-05,2.4e-05,0.001456,0.042725,2e-06,5e-06,0.000765,0.00026,5.5e-05,1e-06,2e-06,0,1.1e-05,0,2e-06,0,0.000188,0,0.013433,3e-06,1.5e-05,1.2e-05,0.000151,9e-05,0.000905,7e-05,1e-05,2e-06,2e-06,0,0.00025,1e-06,0,5e-06,0,0.001077,1.5e-05,8.5e-05,0,2.9e-05,0,8e-06,0.001366,3.1e-05,0.001428,1.1e-05,0,0,0,0,0.000124,0.001975,1e-06,0,4e-06,0.000327,1.1e-05,1e-06,0.000166,0.004696,2e-06,0.00078,0,3e-06,1e-05,0.004298,0,4.5e-05,0.017305,0.001144,5e-06,0.007334,9.7e-05,1e-05,2e-06,7e-06,2e-06,0,0,3.7e-05,0,0,2.8e-05,4e-06,0,0.001128,0,4e-06,0.00118,0.000201,1e-06,0,0.000794,4e-06,1e-05,3.9e-05,0,3e-06,3.2e-05,0,0.001872,0,0,0,0,5e-06,0,8e-06,1e-06,4.7e-05,1e-06,0.013121,3.7e-05,0.000128,0.002662,7.3e-05,3.5e-05,5e-06,1e-06,0,3e-06,9e-06,0,5.3e-05,0.001536,0.00037,0.000159,4e-06,0.001488,3e-06,1e-06,2e-06,2.2e-05,0,0,0.003036,0.000459,0.001102,7.5e-05,0.002104,0.000282,0.000306,0.017812,7e-06,1e-05,0.000194,1e-06,0.00066,0.002351,0.00029,0.002375,3.5e-05,2.3e-05,0,1.5e-05,2e-06,0,0,0,2e-06,0,0,6.6e-05,6e-06,4e-06,0.00129,5.8e-05,5e-06,0,0.000613,0.0027,0.023985,4.1e-05,0.000125,0.000167,6e-06,3e-06,4.7e-05,0,0,0,0,1e-06,0.025142,0.002059,0.005775,0,0.003459,1.7e-05,0,0,0,4e-06,0.00042,2.1e-05,3.7e-05,0.000515,0,0,0,9e-04,1e-06,0,0.000315,3e-06,0.00042,6.4e-05,2e-06,0.030234,2e-06,0,1e-06,0,0,0,0
"manyara/babati/qashi",0,0,0,0,0,0,0,0,0,0,0,0,0,0,0,0,0,0,0,0,0,0,0,0,0,0,0,0,0,0,0,0,0,0,0,0,0,0,0,0,0,0,0,0,0,0,0,0,0,0,0,0,0,0,0,0,0,0,0,0,0,0,0,0,0,0,0,0,0,0,0,0,0,0,0,0,0,0,0,0,0,0,0,0,0,0,0,0,0,0,0,0,0,0,0,0,0,0,0,0,0,0,0,0,0,0,0,0,0,0,0,0,0,0,0,0,0,0,0,0,0,0,0,0,0,0,0,0,0,0,0,0,0,0,0,0,0,0,0,0,0,0,0,0,0,0,0,0,0,0,0,0,0,0,0,0,0,0,0,0,0,0,0,0,0,0,0,0,0,0,0,0,0,0,0,0,0,0,0,0,0,0,0,0,0,0,0,0,0,0,0,0,0,0,0,0,0,0,0,0,0,0,0,0,0,0,0,0,0,0,0,0,0,0,0,0,0,0,0,0,0,0,0,0,0,0,0,0,0,0,0,0,0,0,0,0,0,0,0,0,0,0,0,0,0,0,0,0,0,0,0,0,0,0,0,0,0,0,0,0,0,0,0,0,0,0,0,0,0,0,0,0,0,0,0,0,0,0,0,0,0,0,0,0,0,0,0,0,0,0,0,0,0,0,0,0,0,0,0,0,0,0,0,0,0,0,0,0,0,0,0,0,0,0,0,0,0,0,0,0,0,0,0,0,0,0,0,0,0,0,0,0,0,0,0,0,0,0,0,0,0,0,0,0,0,0,0,0,0,0,0,0,0,0,0,0,0,0,0,0,0,0,0,0,0,0,0,0,0,0,0,0,0,0,0,0,0,0,0,0,0,0,0,0,0,0,0,0,0,0,0,0,0,0,0,0,0,0
"arusha/karatu/qurus",0,0,0,0,0,0,0,0,0,0,0,0,0,0,0,0,0,0,0,0,0,0,0,0,0,0,0,0,0,0,0,0,0,0,0,0,0,0,0,0,0,0,0,0,0,0,0,0,0,0,0,0,0,0,0,0,0,0,0,0,0,0,0,0,0,0,0,0,0,0,0,0,0,0,0,0,0,0,0,0,0,0,0,0,0,0,0,0,0,0,0,0,0,0,0,0,0,0,0,0,0,0,0,0,0,0,0,0,0,0,0,0,0,0,0,0,0,0,0,0,0,0,0,0,0,0,0,0,0,0,0,0,0,0,0,0,0,0,0,0,0,0,0,0,0,0,0,0,0,0,0,0,0,0,0,0,0,0,0,0,0,0,0,0,0,0,0,0,0,0,0,0,0,0,0,0,0,0,0,0,0,0,0,0,0,0,0,0,0,0,0,0,0,0,0,0,0,0,0,0,0,0,0,0,0,0,0,0,0,0,0,0,0,0,0,0,0,0,0,0,0,0,0,0,0,0,0,0,0,0,0,0,0,0,0,0,0,0,0,0,0,0,0,0,0,0,0,0,0,0,0,0,0,0,0,0,0,0,0,0,0,0,0,0,0,0,0,0,0,0,0,0,0,0,0,0,0,0,0,0,0,0,0,0,0,0,0,0,0,0,0,0,0,0,0,0,0,0,0,0,0,0,0,0,0,0,0,0,0,0,0,0,0,0,0,0,0,0,0,0,0,0,0,0,0,0,0,0,0,0,0,0,0,0,0,0,0,0,0,0,0,0,0,0,0,0,0,0,0,0,0,0,0,0,0,0,0,0,0,0,0,0,0,0,0,0,0,0,0,0,0,0,0,0,0,0,0,0,0,0,0,0,0,0,0,0,0,0,0,0,0,0,0,0,0,0,0,0
"kilimanjaro/moshimunicipal/rau",0,0,0,0,0,0,0,0,0,0,0,0,0,0,0,0,0,0,0,0,0,0,0,0,0,0,0,0,0,0,0,0,0,0,0,0,0,0,0,0,0,0,0,0,0,0,0,0,0,0,0,0,0,0,0,0,0,0,0,0,0,0,0,0,0,0,0,0,0,0,0,0,0,0,0,0,0,0,0,0,0,0,0,0,0,0,0,0,0,0,0,0,0,0,0,0,0,0,0,0,0,0,0,0,0,0,0,0,0,0,0,0,0,0,0,0,0,0,0,0,0,0,0,0,0,0,0,0,0,0,0,0,0,0,0,0,0,0,0,0,0,0,0,0,0,0,0,0,0,0,0,0,0,0,0,0,0,0,0,0,0,0,0,0,0,0,0,0,0,0,0,0,0,0,0,0,0,0,0,0,0,0,0,0,0,0,0,0,0,0,0,0,0,0,0,0,0,0,0,0,0,0,0,0,0,0,0,0,0,0,0,0,0,0,0,0,0,0,0,0,0,0,0,0,0,0,0,0,0,0,0,0,0,0,0,0,0,0,0,0,0,0,0,0,0,0,0,0,0,0,0,0,0,0,0,0,0,0,0,0,0,0,0,0,0,0,0,0,0,0,0,0,0,0,0,0,0,0,0,0,0,0,0,0,0,0,0,0,0,0,0,0,0,0,0,0,0,0,0,0,0,0,0,0,0,0,0,0,0,0,0,0,0,0,0,0,0,0,0,0,0,0,0,0,0,0,0,0,0,0,0,0,0,0,0,0,0,0,0,0,0,0,0,0,0,0,0,0,0,0,0,0,0,0,0,0,0,0,0,0,0,0,0,0,0,0,0,0,0,0,0,0,0,0,0,0,0,0,0,0,0,0,0,0,0,0,0,0,0,0,0,0,0,0,0,0,0,0
"arusha/karatu/rhotia",0,0,0,0,0,0,0,0,0,0,0,0,0,0,0,0,0,0,0,0,0,0,0,0,0,0,0,0,0,0,0,0,0,0,0,0,0,0,0,0,0,0,0,0,0,0,0,0,0,0,0,0,0,0,0,0,0,0,0,0,0,0,0,0,0,0,0,0,0,0,0,0,0,0,0,0,0,0,0,0,0,0,0,0,0,0,0,0,0,0,0,0,0,0,0,0,0,0,0,0,0,0,0,0,0,0,0,0,0,0,0,0,0,0,0,0,0,0,0,0,0,0,0,0,0,0,0,0,0,0,0,0,0,0,0,0,0,0,0,0,0,0,0,0,0,0,0,0,0,0,0,0,0,0,0,0,0,0,0,0,0,0,0,0,0,0,0,0,0,0,0,0,0,0,0,0,0,0,0,0,0,0,0,0,0,0,0,0,0,0,0,0,0,0,0,0,0,0,0,0,0,0,0,0,0,0,0,0,0,0,0,0,0,0,0,0,0,0,0,0,0,0,0,0,0,0,0,0,0,0,0,0,0,0,0,0,0,0,0,0,0,0,0,0,0,0,0,0,0,0,0,0,0,0,0,0,0,0,0,0,0,0,0,0,0,0,0,0,0,0,0,0,0,0,0,0,0,0,0,0,0,0,0,0,0,0,0,0,0,0,0,0,0,0,0,0,0,0,0,0,0,0,0,0,0,0,0,0,0,0,0,0,0,0,0,0,0,0,0,0,0,0,0,0,0,0,0,0,0,0,0,0,0,0,0,0,0,0,0,0,0,0,0,0,0,0,0,0,0,0,0,0,0,0,0,0,0,0,0,0,0,0,0,0,0,0,0,0,0,0,0,0,0,0,0,0,0,0,0,0,0,0,0,0,0,0,0,0,0,0,0,0,0,0,0,0,0,0
"manyara/babati/riroda",0,0,0,0,0,0,0,0,0,0,0,0,0,0,0,0,0,0,0,0,0,0,0,0,0,0,0,0,0,0,0,0,0,0,0,0,0,0,0,0,0,0,0,0,0,0,0,0,0,0,0,0,0,0,0,0,0,0,0,0,0,0,0,0,0,0,0,0,0,0,0,0,0,0,0,0,0,0,0,0,0,0,0,0,0,0,0,0,0,0,0,0,0,0,0,0,0,0,0,0,0,0,0,0,0,0,0,0,0,0,0,0,0,0,0,0,0,0,0,0,0,0,0,0,0,0,0,0,0,0,0,0,0,0,0,0,0,0,0,0,0,0,0,0,0,0,0,0,0,0,0,0,0,0,0,0,0,0,0,0,0,0,0,0,0,0,0,0,0,0,0,0,0,0,0,0,0,0,0,0,0,0,0,0,0,0,0,0,0,0,0,0,0,0,0,0,0,0,0,0,0,0,0,0,0,0,0,0,0,0,0,0,0,0,0,0,0,0,0,0,0,0,0,0,0,0,0,0,0,0,0,0,0,0,0,0,0,0,0,0,0,0,0,0,0,0,0,0,0,0,0,0,0,0,0,0,0,0,0,0,0,0,0,0,0,0,0,0,0,0,0,0,0,0,0,0,0,0,0,0,0,0,0,0,0,0,0,0,0,0,0,0,0,0,0,0,0,0,0,0,0,0,0,0,0,0,0,0,0,0,0,0,0,0,0,0,0,0,0,0,0,0,0,0,0,0,0,0,0,0,0,0,0,0,0,0,0,0,0,0,0,0,0,0,0,0,0,0,0,0,0,0,0,0,0,0,0,0,0,0,0,0,0,0,0,0,0,0,0,0,0,0,0,0,0,0,0,0,0,0,0,0,0,0,0,0,0,0,0,0,0,0,0,0,0,0,0,0
"kilimanjaro/same/ruvu",0.000146,1e-05,5.5e-05,6e-05,2e-06,0.003684,1e-06,1e-06,2e-06,0.000449,7e-06,2e-06,9.5e-05,0.00147,6e-05,3e-06,2e-06,8e-06,1e-06,5e-06,0.000235,0.000121,2e-06,4.8e-05,0.000393,1.4e-05,3e-06,2e-06,3e-06,0.000631,0.001108,1.5e-05,0.000316,0.000158,9e-06,3e-06,0.000127,6.8e-05,5e-06,0.000109,2e-06,1e-06,0.00059,4.6e-05,7.3e-05,2e-06,2.2e-05,0.027776,0.002414,3e-06,1e-06,3e-06,3e-06,2e-06,5.7e-05,1e-06,5.1e-05,6e-06,0.012756,0.001037,0.000148,0.000206,0.000362,5.3e-05,0,0.000956,0.000232,1e-06,4.3e-05,0.000428,2e-06,0,3.6e-05,2.6e-05,5e-06,0.000182,2.4e-05,1e-06,1e-06,1e-06,1e-06,6e-06,1e-06,2e-06,4e-06,1e-06,0.012002,1e-06,4.1e-05,0.05335,1e-06,1e-06,0.021911,0.000653,1.1e-05,0.000104,0.000494,6e-05,0.013075,0.003209,2e-06,2e-06,0.007222,0.000191,0.000249,0.00366,2e-06,0.001393,0.000211,0.000272,0.000358,0.003555,3.3e-05,5e-06,6.2e-05,5.3e-05,0.004365,1.3e-05,0.008547,0.000525,0.000197,0.010525,0.00017,0.000768,8.8e-05,0.003513,0.00084,0.009372,0.000823,5.4e-05,4.9e-05,0.001622,0.007268,0.000326,8.5e-05,0.00076,3.6e-05,0.001056,0.003164,0.001979,0.000565,0.000283,0.000233,0.000183,7.5e-05,0.011831,3e-06,0.004725,0.003104,0.001222,3.9e-05,0.000311,6.8e-05,0.001668,0.013316,0.005095,0.000109,2.4e-05,0.000534,0.111922,0.001254,0.002995,2.1e-05,0.000816,1e-06,2e-06,0.002262,0.000219,0.001487,0.001576,0.000249,0.000627,0.020339,0.039961,0.000115,0.00054,0.001516,9e-06,0.00221,0.000972,0.000168,1.8e-05,0.044665,0.00055,0.009656,0.312754,1.6e-05,3.5e-05,0.005614,0.001503,0.000669,1.8e-05,2.6e-05,2e-06,0.00022,3e-05,6.5e-05,2e-06,0.002859,2e-06,0.003756,0.000289,0.042644,2.6e-05,0.003778,0.000148,0.038866,0.00046,0.000171,6.7e-05,6.6e-05,7e-06,0.010396,2.6e-05,1e-06,0.003243,1e-06,0.030155,0.000336,0.002342,2e-06,2.1e-05,1e-06,3.4e-05,0.006171,0.000116,0.007518,0.00011,8e-06,1e-06,1e-06,2e-06,0.001308,0.002347,6.9e-05,4e-06,6.1e-05,0.000651,9.6e-05,4.8e-05,0.000748,0.020558,2.2e-05,0.320199,0.000482,4.6e-05,0.000162,0.001343,2e-06,0.000103,0.006782,0.00281,1.1e-05,0.002164,0.001026,0.012006,5.4e-05,0.000812,3.9e-05,0.000534,0.000332,0.001543,3e-06,0.000323,0.000269,2.6e-05,2e-06,0.001594,1e-06,6.4e-05,0.001412,0.022048,0.000125,0.001499,0.028372,0.000127,0.010671,0.004884,2e-06,2.8e-05,0.000548,3e-06,0.012744,5e-06,1.5e-05,3e-06,1e-06,9e-05,3e-06,2.3e-05,0.000158,0.000208,0.000734,0.008264,0.000671,0.000436,0.001941,3.5e-05,0.009586,8.5e-05,2.5e-05,7.4e-05,4.4e-05,0.011005,2.2e-05,0.000695,0.000185,2.9e-05,1.5e-05,3.6e-05,0.001252,4.7e-05,4.3e-05,4.2e-05,0.000401,2e-06,7e-06,0.003149,0.009986,0.00214,0.000379,0.001938,0.000728,0.001735,0.010598,0.000164,0.000208,6.1e-05,2.7e-05,0.000415,0.000731,0.000239,0.009488,0.000717,0.011432,1.9e-05,0.000227,3.2e-05,0.006555,1.6e-05,2e-06,3.4e-05,3e-06,2e-06,0,0.004356,6.3e-05,0.000734,0.111341,8.9e-05,1e-06,0.001374,7.9e-05,0.008705,0.000243,0.000398,0.002532,0.00086,8.8e-05,0.000613,2e-06,1e-06,2e-06,1e-06,1.8e-05,0.005974,0.001132,0.003348,2.5e-05,0.00071,0.000231,0.000733,0.000625,5.2e-05,6.5e-05,0.000399,0.000253,1.4e-05,0.001973,1e-06,0.000122,2e-06,0.018318,1.8e-05,1e-06,0.000148,4e-05,0.005105,0.000961,3e-05,0.003306,3.5e-05,7e-04,0.000787,0.00018,0.000112,2e-06,1e-06
"manyara/simanjiro/ruvuremiti",0,0,0,0,0,0,0,0,0,0,0,0,0,0,0,0,0,0,0,0,0,0,0,0,0,0,0,0,0,0,0,0,0,0,0,0,0,0,0,0,0,0,0,0,0,0,0,0,0,0,0,0,0,0,0,0,0,0,0,0,0,0,0,0,0,0,0,0,0,0,0,0,0,0,0,0,0,0,0,0,0,0,0,0,0,0,0,0,0,0,0,0,0,0,0,0,0,0,0,0,0,0,0,0,0,0,0,0,0,0,0,0,0,0,0,0,0,0,0,0,0,0,0,0,0,0,0,0,0,0,0,0,0,0,0,0,0,0,0,0,0,0,0,0,0,0,0,0,0,0,0,0,0,0,0,0,0,0,0,0,0,0,0,0,0,0,0,0,0,0,0,0,0,0,0,0,0,0,0,0,0,0,0,0,0,0,0,0,0,0,0,0,0,0,0,0,0,0,0,0,0,0,0,0,0,0,0,0,0,0,0,0,0,0,0,0,0,0,0,0,0,0,0,0,0,0,0,0,0,0,0,0,0,0,0,0,0,0,0,0,0,0,0,0,0,0,0,0,0,0,0,0,0,0,0,0,0,0,0,0,0,0,0,0,0,0,0,0,0,0,0,0,0,0,0,0,0,0,0,0,0,0,0,0,0,0,0,0,0,0,0,0,0,0,0,0,0,0,0,0,0,0,0,0,0,0,0,0,0,0,0,0,0,0,0,0,0,0,0,0,0,0,0,0,0,0,0,0,0,0,0,0,0,0,0,0,0,0,0,0,0,0,0,0,0,0,0,0,0,0,0,0,0,0,0,0,0,0,0,0,0,0,0,0,0,0,0,0,0,0,0,0,0,0,0,0,0,0,0,0,0,0,0,0,0,0,0,0,0,0,0,0,0,0,0,0,0,0
"arusha/ngorongoro/sale",0,0,0,0,0,0,0,0,0,0,0,0,0,0,0,0,0,0,0,0,0,0,0,0,0,0,0,0,0,0,0,0,0,0,0,0,0,0,0,0,0,0,0,0,0,0,0,0,0,0,0,0,0,0,0,0,0,0,0,0,0,0,0,0,0,0,0,0,0,0,0,0,0,0,0,0,0,0,0,0,0,0,0,0,0,0,0,0,0,0,0,0,0,0,0,0,0,0,0,0,0,0,0,0,0,0,0,0,0,0,0,0,0,0,0,0,0,0,0,0,0,0,0,0,0,0,0,0,0,0,0,0,0,0,0,0,0,0,0,0,0,0,0,0,0,0,0,0,0,0,0,0,0,0,0,0,0,0,0,0,0,0,0,0,0,0,0,0,0,0,0,0,0,0,0,0,0,0,0,0,0,0,0,0,0,0,0,0,0,0,0,0,0,0,0,0,0,0,0,0,0,0,0,0,0,0,0,0,0,0,0,0,0,0,0,0,0,0,0,0,0,0,0,0,0,0,0,0,0,0,0,0,0,0,0,0,0,0,0,0,0,0,0,0,0,0,0,0,0,0,0,0,0,0,0,0,0,0,0,0,0,0,0,0,0,0,0,0,0,0,0,0,0,0,0,0,0,0,0,0,0,0,0,0,0,0,0,0,0,0,0,0,0,0,0,0,0,0,0,0,0,0,0,0,0,0,0,0,0,0,0,0,0,0,0,0,0,0,0,0,0,0,0,0,0,0,0,0,0,0,0,0,0,0,0,0,0,0,0,0,0,0,0,0,0,0,0,0,0,0,0,0,0,0,0,0,0,0,0,0,0,0,0,0,0,0,0,0,0,0,0,0,0,0,0,0,0,0,0,0,0,0,0,0,0,0,0,0,0,0,0,0,0,0,0,0,0,0
"arusha/arusha/sambasha",0,0,0,0,0,0,0,0,0,0,0,0,0,0,0,0,0,0,0,0,0,0,0,0,0,0,0,0,0,0,0,0,0,0,0,0,0,0,0,0,0,0,0,0,0,0,0,0,0,0,0,0,0,0,0,0,0,0,0,0,0,0,0,0,0,0,0,0,0,0,0,0,0,0,0,0,0,0,0,0,0,0,0,0,0,0,0,0,0,0,0,0,0,0,0,0,0,0,0,0,0,0,0,0,0,0,0,0,0,0,0,0,0,0,0,0,0,0,0,0,0,0,0,0,0,0,0,0,0,0,0,0,0,0,0,0,0,0,0,0,0,0,0,0,0,0,0,0,0,0,0,0,0,0,0,0,0,0,0,0,0,0,0,0,0,0,0,0,0,0,0,0,0,0,0,0,0,0,0,0,0,0,0,0,0,0,0,0,0,0,0,0,0,0,0,0,0,0,0,0,0,0,0,0,0,0,0,0,0,0,0,0,0,0,0,0,0,0,0,0,0,0,0,0,0,0,0,0,0,0,0,0,0,0,0,0,0,0,0,0,0,0,0,0,0,0,0,0,0,0,0,0,0,0,0,0,0,0,0,0,0,0,0,0,0,0,0,0,0,0,0,0,0,0,0,0,0,0,0,0,0,0,0,0,0,0,0,0,0,0,0,0,0,0,0,0,0,0,0,0,0,0,0,0,0,0,0,0,0,0,0,0,0,0,0,0,0,0,0,0,0,0,0,0,0,0,0,0,0,0,0,0,0,0,0,0,0,0,0,0,0,0,0,0,0,0,0,0,0,0,0,0,0,0,0,0,0,0,0,0,0,0,0,0,0,0,0,0,0,0,0,0,0,0,0,0,0,0,0,0,0,0,0,0,0,0,0,0,0,0,0,0,0,0,0,0,0,0
"kilimanjaro/same/same",3e-06,0,2e-06,1e-06,0,0.000116,0,0,0,8e-06,0,0,2e-06,3.3e-05,1e-06,0,0,0,0,0,4e-06,3e-06,0,1e-06,1.1e-05,0,0,0,0,1.2e-05,2.4e-05,0,8e-06,9e-06,0,0,3e-06,1e-06,0,2e-06,0,0,1e-05,1e-06,1e-06,0,0,0.000632,4.3e-05,0,0,0,0,0,1e-06,0,1e-06,0,0.000103,2.2e-05,3e-06,4e-06,9e-06,1e-06,0,2.1e-05,5e-06,0,1e-06,8e-06,0,0,1e-06,1e-06,0,4e-06,1e-06,0,0,0,0,0,0,0,0,0,0.000332,0,1e-06,0.000815,0,0,0.000848,1.5e-05,0,2e-06,1.4e-05,3e-06,0.000458,0.000119,0,0,0.000177,4e-06,8e-06,0.000104,0,4.2e-05,5e-06,6e-06,1e-05,0.000117,1e-06,0,2e-06,2e-06,0.000115,0,0.000275,1.6e-05,6e-06,0.000325,9e-06,4.1e-05,5e-06,7.1e-05,1.2e-05,0.000233,1.9e-05,2e-06,2e-06,5.8e-05,0.000291,1e-05,5e-06,1.7e-05,1e-06,3.5e-05,7.7e-05,5.9e-05,1.4e-05,5e-06,5e-06,6e-06,3e-06,0.000678,0,0.000163,0.000104,4.2e-05,1e-06,1.3e-05,2e-06,0.000237,0.000583,0.000111,4e-06,1e-06,6e-06,0.003779,5.5e-05,5.1e-05,1e-06,5.8e-05,0,0,8.6e-05,6e-06,3.3e-05,8.1e-05,4e-06,1.3e-05,0.000462,0.000227,3e-06,8e-06,2.9e-05,0,6.8e-05,1.3e-05,4e-06,0,0.000554,1.8e-05,0.000283,0.011907,0,1e-06,0.000165,4.3e-05,2e-05,0,1e-06,0,4e-06,0,2e-06,0,9e-05,0,9.1e-05,4e-06,0.000506,1e-06,0.000129,4e-06,0.001502,9e-06,4e-06,2e-06,2e-06,0,0.000389,1e-06,0,9.7e-05,0,0.001054,1.1e-05,8.2e-05,0,1e-06,0,1e-06,0.000172,3e-06,0.000215,3e-06,0,0,0,0,3e-05,5.1e-05,1e-06,0,2e-06,1.5e-05,2e-06,2e-06,1.7e-05,0.00042,1e-06,0.03672,2.2e-05,1e-06,5e-06,3e-05,0,2e-06,0.000154,6.3e-05,0,4.9e-05,3e-05,0.000257,2e-06,3.8e-05,1e-06,2.3e-05,1.1e-05,4.5e-05,0,8e-06,6e-06,1e-06,0,3.5e-05,0,1e-06,3.2e-05,0.00096,6e-06,3.5e-05,0.001054,4e-06,0.000224,6.5e-05,0,1e-06,1.4e-05,0,0.000315,0,0,0,0,3e-06,0,1e-06,2e-06,6e-06,1.7e-05,0.000186,2.2e-05,1.2e-05,4.7e-05,1e-06,0.000234,2e-06,1e-06,4e-06,1e-06,0.002131,0,1.4e-05,4e-06,1e-06,0,1e-06,2.7e-05,1e-06,1e-06,1e-06,1.3e-05,0,0,7.5e-05,0.000333,4.5e-05,7e-06,4.4e-05,1.9e-05,4.6e-05,0.000241,4e-06,5e-06,1e-06,1e-06,9e-06,1.7e-05,5e-06,0.00023,1.6e-05,0.000108,0,7e-06,1e-06,0.000154,0,0,1e-06,0,0,0.003212,5.3e-05,1e-06,1.7e-05,0,2e-06,0,3.7e-05,2e-06,0.000197,5e-06,8e-06,5e-05,4.3e-05,3e-06,1.9e-05,0,0,0,0,0,0.000137,2.5e-05,7.4e-05,0,1.7e-05,7e-06,4e-05,1.2e-05,1e-06,2e-06,9e-06,5e-06,0,5e-05,0,9e-06,0,0.000605,0,0,3e-06,1e-06,0.000158,3.1e-05,1e-06,7.8e-05,1e-06,2.3e-05,2.4e-05,2.4e-05,2e-06,0,0
"arusha/ngorongoro/samunge",0,0,0,0,0,0,0,0,0,0,0,0,0,0,0,0,0,0,0,0,0,0,0,0,0,0,0,0,0,0,0,0,0,0,0,0,0,0,0,0,0,0,0,0,0,0,0,0,0,0,0,0,0,0,0,0,0,0,0,0,0,0,0,0,0,0,0,0,0,0,0,0,0,0,0,0,0,0,0,0,0,0,0,0,0,0,0,0,0,0,0,0,0,0,0,0,0,0,0,0,0,0,0,0,0,0,0,0,0,0,0,0,0,0,0,0,0,0,0,0,0,0,0,0,0,0,0,0,0,0,0,0,0,0,0,0,0,0,0,0,0,0,0,0,0,0,0,0,0,0,0,0,0,0,0,0,0,0,0,0,0,0,0,0,0,0,0,0,0,0,0,0,0,0,0,0,0,0,0,0,0,0,0,0,0,0,0,0,0,0,0,0,0,0,0,0,0,0,0,0,0,0,0,0,0,0,0,0,0,0,0,0,0,0,0,0,0,0,0,0,0,0,0,0,0,0,0,0,0,0,0,0,0,0,0,0,0,0,0,0,0,0,0,0,0,0,0,0,0,0,0,0,0,0,0,0,0,0,0,0,0,0,0,0,0,0,0,0,0,0,0,0,0,0,0,0,0,0,0,0,0,0,0,0,0,0,0,0,0,0,0,0,0,0,0,0,0,0,0,0,0,0,0,0,0,0,0,0,0,0,0,0,0,0,0,0,0,0,0,0,0,0,0,0,0,0,0,0,0,0,0,0,0,0,0,0,0,0,0,0,0,0,0,0,0,0,0,0,0,0,0,0,0,0,0,0,0,0,0,0,0,0,0,0,0,0,0,0,0,0,0,0,0,0,0,0,0,0,0,0,0,0,0,0,0,0,0,0,0,0,0,0,0,0,0,0,0,0
"manyara/mbulu/sanubaray",0,0,0,0,0,0,0,0,0,0,0,0,0,0,0,0,0,0,0,0,0,0,0,0,0,0,0,0,0,0,0,0,0,0,0,0,0,0,0,0,0,0,0,0,0,0,0,0,0,0,0,0,0,0,0,0,0,0,0,0,0,0,0,0,0,0,0,0,0,0,0,0,0,0,0,0,0,0,0,0,0,0,0,0,0,0,0,0,0,0,0,0,0,0,0,0,0,0,0,0,0,0,0,0,0,0,0,0,0,0,0,0,0,0,0,0,0,0,0,0,0,0,0,0,0,0,0,0,0,0,0,0,0,0,0,0,0,0,0,0,0,0,0,0,0,0,0,0,0,0,0,0,0,0,0,0,0,0,0,0,0,0,0,0,0,0,0,0,0,0,0,0,0,0,0,0,0,0,0,0,0,0,0,0,0,0,0,0,0,0,0,0,0,0,0,0,0,0,0,0,0,0,0,0,0,0,0,0,0,0,0,0,0,0,0,0,0,0,0,0,0,0,0,0,0,0,0,0,0,0,0,0,0,0,0,0,0,0,0,0,0,0,0,0,0,0,0,0,0,0,0,0,0,0,0,0,0,0,0,0,0,0,0,0,0,0,0,0,0,0,0,0,0,0,0,0,0,0,0,0,0,0,0,0,0,0,0,0,0,0,0,0,0,0,0,0,0,0,0,0,0,0,0,0,0,0,0,0,0,0,0,0,0,0,0,0,0,0,0,0,0,0,0,0,0,0,0,0,0,0,0,0,0,0,0,0,0,0,0,0,0,0,0,0,0,0,0,0,0,0,0,0,0,0,0,0,0,0,0,0,0,0,0,0,0,0,0,0,0,0,0,0,0,0,0,0,0,0,0,0,0,0,0,0,0,0,0,0,0,0,0,0,0,0,0,0,0,0
"kilimanjaro/siha/sanyajuu",0.000378,4e-06,3.3e-05,1.9e-05,0,0.001484,0,0,0,7.7e-05,1e-06,0,0.00027,0.003205,1.3e-05,1e-06,0,1e-06,0,1e-06,2e-06,0.016403,0,5.5e-05,3e-06,1.8e-05,1e-06,1e-06,0,4e-06,0.001019,1e-06,2e-06,7e-06,3e-06,0,0.000231,1.2e-05,1e-06,4.2e-05,0,0,3.6e-05,9e-06,5e-06,0,2.3e-05,0.048977,5e-04,1e-06,0,1e-06,1e-06,0,9e-06,0,4e-05,1e-06,9.2e-05,0.000271,0.000167,0.000137,0.000825,3e-06,0,0.001489,0.000275,0,1.8e-05,6.4e-05,1e-06,0,0.002112,6e-06,1e-06,0.000132,1.6e-05,0,0,0,0,1e-06,0,0,1e-06,0,0.047502,0,7e-06,0.000297,0,0,0.007102,0.002111,1e-05,2.3e-05,0.019528,5e-06,0.004167,0.000942,0,1e-06,8.3e-05,0.000375,0.000271,0.009631,1e-06,0.002469,0.004742,9.6e-05,0.010248,0.003885,5e-06,9e-06,5.2e-05,3e-05,0.011427,1e-06,0.009936,0.001709,0.00084,0.027638,1.2e-05,4.4e-05,4e-06,3.2e-05,3.4e-05,0.046127,0.001503,5.1e-05,3.7e-05,0.000759,0.001424,0.000512,3e-06,0.001582,8.1e-05,0.001023,0.005367,0.005318,0.005008,2e-06,0.000453,0.000467,5.7e-05,0.000587,1e-06,0.002785,0.002845,0.00074,3.5e-05,8e-06,4e-05,6e-06,0.000197,0.006058,8.4e-05,2.8e-05,9e-06,0.150942,0.00017,0.000453,2.8e-05,2.3e-05,0,0,0.000219,0.003591,0.002433,6.5e-05,1.1e-05,0.000416,0.037849,9.9e-05,0.003354,4.5e-05,0.000479,1.8e-05,0.003989,3e-05,1e-06,6e-06,0.000225,0.000348,0.060854,0.537816,0.000114,0.000185,0.024851,0.011613,0.000871,3e-06,7e-06,0,4.5e-05,2e-06,2.7e-05,0,0.003717,1e-06,0.01878,1.6e-05,0.00011,4.3e-05,0.002871,0.007097,0.013243,0.000224,6.1e-05,4.5e-05,3.7e-05,1e-06,0.003932,1.3e-05,0,3.9e-05,0,0.019067,0.000284,0.001511,0,5.5e-05,0,0.00052,0.043903,0.002629,0.080244,0.000159,2e-06,0,0,0,0.000927,0.002697,5e-06,5e-06,8e-05,0.000663,4.6e-05,2.4e-05,0.000605,0.011508,3.2e-05,0.006921,2e-06,5.6e-05,0.000193,0.002325,0,7.8e-05,0.01407,0.003871,1.2e-05,0.003968,0.002629,7.4e-05,3.9e-05,7.5e-05,4.2e-05,3e-06,2e-06,0.000312,1e-06,2e-06,0.00011,3e-05,0,0.002191,0,1.5e-05,0.002489,0.002109,1.2e-05,3e-06,0.012731,7.3e-05,8e-05,0.000185,0,1.2e-05,0.000196,2e-06,0.020115,1e-06,1e-06,1e-06,0,0.000117,1e-06,0.003031,6e-06,0.001778,6e-06,0.011787,0.000707,0.008609,0.014627,6.5e-05,0.00025,2.7e-05,1e-05,3e-06,5.4e-05,7.4e-05,1e-06,0.000199,0.000487,0.000122,4.6e-05,0.000135,0.001791,1.5e-05,3e-06,3.4e-05,0.000465,1e-06,3e-06,0.013564,0.009181,0.00167,0.000164,0.004428,0.008963,0.007132,0.02249,5e-05,7e-05,0.000118,8e-06,0.000773,0.00173,0.000444,0.020705,0.000246,0.000129,1e-06,0.000268,1.6e-05,0.020589,2e-06,1e-06,5.2e-05,1e-06,0,0.000466,3.9e-05,2.4e-05,0.002173,0.000466,3.2e-05,0,0,0.000244,0.017382,0.000153,0.000317,0.000601,5.9e-05,5.3e-05,0.000898,0,0,0,0,5e-06,0.014404,0.001776,0.005519,2e-06,0.003626,0.00034,1e-06,3e-06,3e-06,9.7e-05,0.000456,6.1e-05,2.5e-05,0.007955,0,3e-06,0,0.018158,3e-06,0,0.000267,8.2e-05,0.010114,0.001463,5.1e-05,0.009843,3.4e-05,3e-06,6e-06,1e-06,1e-06,0,0
"arusha/meru/seelasingisi",0,0,0,0,0,0,0,0,0,0,0,0,0,0,0,0,0,0,0,0,0,0,0,0,0,0,0,0,0,0,0,0,0,0,0,0,0,0,0,0,0,0,0,0,0,0,0,0,0,0,0,0,0,0,0,0,0,0,0,0,0,0,0,0,0,0,0,0,0,0,0,0,0,0,0,0,0,0,0,0,0,0,0,0,0,0,0,0,0,0,0,0,0,0,0,0,0,0,0,0,0,0,0,0,0,0,0,0,0,0,0,0,0,0,0,0,0,0,0,0,0,0,0,0,0,0,0,0,0,0,0,0,0,0,0,0,0,0,0,0,0,0,0,0,0,0,0,0,0,0,0,0,0,0,0,0,0,0,0,0,0,0,0,0,0,0,0,0,0,0,0,0,0,0,0,0,0,0,0,0,0,0,0,0,0,0,0,0,0,0,0,0,0,0,0,0,0,0,0,0,0,0,0,0,0,0,0,0,0,0,0,0,0,0,0,0,0,0,0,0,0,0,0,0,0,0,0,0,0,0,0,0,0,0,0,0,0,0,0,0,0,0,0,0,0,0,0,0,0,0,0,0,0,0,0,0,0,0,0,0,0,0,0,0,0,0,0,0,0,0,0,0,0,0,0,0,0,0,0,0,0,0,0,0,0,0,0,0,0,0,0,0,0,0,0,0,0,0,0,0,0,0,0,0,0,0,0,0,0,0,0,0,0,0,0,0,0,0,0,0,0,0,0,0,0,0,0,0,0,0,0,0,0,0,0,0,0,0,0,0,0,0,0,0,0,0,0,0,0,0,0,0,0,0,0,0,0,0,0,0,0,0,0,0,0,0,0,0,0,0,0,0,0,0,0,0,0,0,0,0,0,0,0,0,0,0,0,0,0,0,0,0,0,0,0,0,0,0
"arusha/arushaurban/sekei",0,0,0,0,0,0,0,0,0,0,0,0,0,0,0,0,0,0,0,0,0,0,0,0,0,0,0,0,0,0,0,0,0,0,0,0,0,0,0,0,0,0,0,0,0,0,0,0,0,0,0,0,0,0,0,0,0,0,0,0,0,0,0,0,0,0,0,0,0,0,0,0,0,0,0,0,0,0,0,0,0,0,0,0,0,0,0,0,0,0,0,0,0,0,0,0,0,0,0,0,0,0,0,0,0,0,0,0,0,0,0,0,0,0,0,0,0,0,0,0,0,0,0,0,0,0,0,0,0,0,0,0,0,0,0,0,0,0,0,0,0,0,0,0,0,0,0,0,0,0,0,0,0,0,0,0,0,0,0,0,0,0,0,0,0,0,0,0,0,0,0,0,0,0,0,0,0,0,0,0,0,0,0,0,0,0,0,0,0,0,0,0,0,0,0,0,0,0,0,0,0,0,0,0,0,0,0,0,0,0,0,0,0,0,0,0,0,0,0,0,0,0,0,0,0,0,0,0,0,0,0,0,0,0,0,0,0,0,0,0,0,0,0,0,0,0,0,0,0,0,0,0,0,0,0,0,0,0,0,0,0,0,0,0,0,0,0,0,0,0,0,0,0,0,0,0,0,0,0,0,0,0,0,0,0,0,0,0,0,0,0,0,0,0,0,0,0,0,0,0,0,0,0,0,0,0,0,0,0,0,0,0,0,0,0,0,0,0,0,0,0,0,0,0,0,0,0,0,0,0,0,0,0,0,0,0,0,0,0,0,0,0,0,0,0,0,0,0,0,0,0,0,0,0,0,0,0,0,0,0,0,0,0,0,0,0,0,0,0,0,0,0,0,0,0,0,0,0,0,0,0,0,0,0,0,0,0,0,0,0,0,0,0,0,0,0,0,0
"arusha/monduli/selela",0,0,0,0,0,0,0,0,0,0,0,0,0,0,0,0,0,0,0,0,0,0,0,0,0,0,0,0,0,0,0,0,0,0,0,0,0,0,0,0,0,0,0,0,0,0,0,0,0,0,0,0,0,0,0,0,0,0,0,0,0,0,0,0,0,0,0,0,0,0,0,0,0,0,0,0,0,0,0,0,0,0,0,0,0,0,0,0,0,0,0,0,0,0,0,0,0,0,0,0,0,0,0,0,0,0,0,0,0,0,0,0,0,0,0,0,0,0,0,0,0,0,0,0,0,0,0,0,0,0,0,0,0,0,0,0,0,0,0,0,0,0,0,0,0,0,0,0,0,0,0,0,0,0,0,0,0,0,0,0,0,0,0,0,0,0,0,0,0,0,0,0,0,0,0,0,0,0,0,0,0,0,0,0,0,0,0,0,0,0,0,0,0,0,0,0,0,0,0,0,0,0,0,0,0,0,0,0,0,0,0,0,0,0,0,0,0,0,0,0,0,0,0,0,0,0,0,0,0,0,0,0,0,0,0,0,0,0,0,0,0,0,0,0,0,0,0,0,0,0,0,0,0,0,0,0,0,0,0,0,0,0,0,0,0,0,0,0,0,0,0,0,0,0,0,0,0,0,0,0,0,0,0,0,0,0,0,0,0,0,0,0,0,0,0,0,0,0,0,0,0,0,0,0,0,0,0,0,0,0,0,0,0,0,0,0,0,0,0,0,0,0,0,0,0,0,0,0,0,0,0,0,0,0,0,0,0,0,0,0,0,0,0,0,0,0,0,0,0,0,0,0,0,0,0,0,0,0,0,0,0,0,0,0,0,0,0,0,0,0,0,0,0,0,0,0,0,0,0,0,0,0,0,0,0,0,0,0,0,0,0,0,0,0,0,0,0,0
"arusha/monduli/sepeko",5e-06,0,0,1e-06,0,5e-06,0,0,0,6e-06,0,0,4e-06,6.7e-05,1e-06,0,0,0,0,0,0,1e-06,0,0,0,0,0,0,0,0,2.2e-05,0,0,0,0,0,8e-06,1e-06,0,1e-06,0,0,1e-06,1e-06,0,0,2e-06,0.002273,4.7e-05,0,0,0,0,0,1e-06,0,0,0,2e-06,1.7e-05,3e-06,1.4e-05,1.8e-05,0,0,4.8e-05,0.000117,0,4e-06,5e-06,0,0,0,1e-06,0,5e-06,1e-06,0,0,0,0,0,0,0,0,0,5.8e-05,0,0,4e-06,0,0,2.4e-05,3.2e-05,1e-06,2e-06,4e-06,0,1.4e-05,3e-06,0,0,1e-06,1.3e-05,1e-06,2.1e-05,0,4e-06,3e-06,1.3e-05,3e-06,9e-06,0,0,0,0,2.2e-05,0,1.9e-05,2e-06,1e-06,3.6e-05,0,0,0,0,1e-06,0.000113,1.3e-05,0,0,2e-06,6e-06,1e-06,0,4e-05,3e-06,2e-06,5.8e-05,7e-06,6e-06,0,1.8e-05,1e-06,0,4e-06,0,7e-06,6e-06,2e-06,0,0,0,0,2e-06,0.001567,0,1e-06,0,0.000299,1e-06,2e-05,0,0,0,0,1e-06,3e-06,8.5e-05,0,0,0.000371,0.001425,1e-06,1e-06,2e-06,8.8e-05,0,6e-06,1e-06,0,0,3e-06,1e-06,4.5e-05,0.001313,0,0,2.3e-05,7e-06,2e-06,0,1e-06,0,5e-06,0,0,0,7e-06,0,6.3e-05,1e-06,1e-06,0,7e-06,2e-06,4.4e-05,0.00011,3e-06,0,0,0,1.3e-05,0,0,0,0,5.8e-05,1e-06,4e-06,0,0,0,0,3.2e-05,1e-06,4.2e-05,0,0,0,0,0,2.4e-05,0.000298,0,0,0,7e-06,8e-06,0,4e-06,0.006141,0,5.3e-05,0,0,0,4.3e-05,0,1.1e-05,0.000439,0.000505,6e-06,9.5e-05,5e-06,1e-06,0,0,0,0,0,2e-06,0,0,2.2e-05,1e-06,0,0.00042,0,2e-06,0.000215,1.1e-05,0,0,3.8e-05,0,1e-06,4e-06,0,1e-06,1e-06,0,2e-04,0,0,0,0,0,0,0,0,2e-06,0,0.000181,1e-06,4e-06,5.1e-05,3e-06,2e-06,2e-06,0,0,0,1e-06,0,3.4e-05,7e-06,1e-06,1e-06,0,0.000138,1e-06,0,0,1e-06,0,0,0.000128,2.3e-05,0.000103,1e-05,0.00018,5e-06,1.7e-05,0.000894,2e-06,2e-06,3e-06,0,3.8e-05,4.1e-05,2.8e-05,0.00026,8e-06,3e-06,0,1e-06,1e-06,0.000178,0,0,0,0,0,6e-06,1e-06,1e-06,4.4e-05,4e-06,1e-06,0,1.3e-05,2e-06,0.000526,4.3e-05,0,9e-06,0,0,2e-06,0,0,0,0,0,0.000297,7.5e-05,0.000265,0,2e-05,1e-06,0,0,0,0,2.2e-05,4e-06,1e-06,3.2e-05,0,0,0,4.6e-05,0,0,1e-05,0,1.5e-05,2e-06,0,6.9e-05,0,0,0,0,0,0,0
"manyara/simanjiro/shambarai",0,0,0,0,0,0,0,0,0,0,0,0,0,0,0,0,0,0,0,0,0,0,0,0,0,0,0,0,0,0,0,0,0,0,0,0,0,0,0,0,0,0,0,0,0,0,0,0,0,0,0,0,0,0,0,0,0,0,0,0,0,0,0,0,0,0,0,0,0,0,0,0,0,0,0,0,0,0,0,0,0,0,0,0,0,0,0,0,0,0,0,0,0,0,0,0,0,0,0,0,0,0,0,0,0,0,0,0,0,0,0,0,0,0,0,0,0,0,0,0,0,0,0,0,0,0,0,0,0,0,0,0,0,0,0,0,0,0,0,0,0,0,0,0,0,0,0,0,0,0,0,0,0,0,0,0,0,0,0,0,0,0,0,0,0,0,0,0,0,0,0,0,0,0,0,0,0,0,0,0,0,0,0,0,0,0,0,0,0,0,0,0,0,0,0,0,0,0,0,0,0,0,0,0,0,0,0,0,0,0,0,0,0,0,0,0,0,0,0,0,0,0,0,0,0,0,0,0,0,0,0,0,0,0,0,0,0,0,0,0,0,0,0,0,0,0,0,0,0,0,0,0,0,0,0,0,0,0,0,0,0,0,0,0,0,0,0,0,0,0,0,0,0,0,0,0,0,0,0,0,0,0,0,0,0,0,0,0,0,0,0,0,0,0,0,0,0,0,0,0,0,0,0,0,0,0,0,0,0,0,0,0,0,0,0,0,0,0,0,0,0,0,0,0,0,0,0,0,0,0,0,0,0,0,0,0,0,0,0,0,0,0,0,0,0,0,0,0,0,0,0,0,0,0,0,0,0,0,0,0,0,0,0,0,0,0,0,0,0,0,0,0,0,0,0,0,0,0,0,0,0,0,0,0,0,0,0,0,0,0,0,0,0,0,0,0,0,0
"kilimanjaro/mwanga/shighatini",0,0,0,0,0,0,0,0,0,0,0,0,0,0,0,0,0,0,0,0,0,0,0,0,0,0,0,0,0,0,0,0,0,0,0,0,0,0,0,0,0,0,0,0,0,0,0,0,0,0,0,0,0,0,0,0,0,0,0,0,0,0,0,0,0,0,0,0,0,0,0,0,0,0,0,0,0,0,0,0,0,0,0,0,0,0,0,0,0,0,0,0,0,0,0,0,0,0,0,0,0,0,0,0,0,0,0,0,0,0,0,0,0,0,0,0,0,0,0,0,0,0,0,0,0,0,0,0,0,0,0,0,0,0,0,0,0,0,0,0,0,0,0,0,0,0,0,0,0,0,0,0,0,0,0,0,0,0,0,0,0,0,0,0,0,0,0,0,0,0,0,0,0,0,0,0,0,0,0,0,0,0,0,0,0,0,0,0,0,0,0,0,0,0,0,0,0,0,0,0,0,0,0,0,0,0,0,0,0,0,0,0,0,0,0,0,0,0,0,0,0,0,0,0,0,0,0,0,0,0,0,0,0,0,0,0,0,0,0,0,0,0,0,0,0,0,0,0,0,0,0,0,0,0,0,0,0,0,0,0,0,0,0,0,0,0,0,0,0,0,0,0,0,0,0,0,0,0,0,0,0,0,0,0,0,0,0,0,0,0,0,0,0,0,0,0,0,0,0,0,0,0,0,0,0,0,0,0,0,0,0,0,0,0,0,0,0,0,0,0,0,0,0,0,0,0,0,0,0,0,0,0,0,0,0,0,0,0,0,0,0,0,0,0,0,0,0,0,0,0,0,0,0,0,0,0,0,0,0,0,0,0,0,0,0,0,0,0,0,0,0,0,0,0,0,0,0,0,0,0,0,0,0,0,0,0,0,0,0,0,0,0,0,0,0,0,0,0
"kilimanjaro/rombo/shimbi",0,0,0,0,0,0,0,0,0,0,0,0,0,0,0,0,0,0,0,0,0,0,0,0,0,0,0,0,0,0,0,0,0,0,0,0,0,0,0,0,0,0,0,0,0,0,0,0,0,0,0,0,0,0,0,0,0,0,0,0,0,0,0,0,0,0,0,0,0,0,0,0,0,0,0,0,0,0,0,0,0,0,0,0,0,0,0,0,0,0,0,0,0,0,0,0,0,0,0,0,0,0,0,0,0,0,0,0,0,0,0,0,0,0,0,0,0,0,0,0,0,0,0,0,0,0,0,0,0,0,0,0,0,0,0,0,0,0,0,0,0,0,0,0,0,0,0,0,0,0,0,0,0,0,0,0,0,0,0,0,0,0,0,0,0,0,0,0,0,0,0,0,0,0,0,0,0,0,0,0,0,0,0,0,0,0,0,0,0,0,0,0,0,0,0,0,0,0,0,0,0,0,0,0,0,0,0,0,0,0,0,0,0,0,0,0,0,0,0,0,0,0,0,0,0,0,0,0,0,0,0,0,0,0,0,0,0,0,0,0,0,0,0,0,0,0,0,0,0,0,0,0,0,0,0,0,0,0,0,0,0,0,0,0,0,0,0,0,0,0,0,0,0,0,0,0,0,0,0,0,0,0,0,0,0,0,0,0,0,0,0,0,0,0,0,0,0,0,0,0,0,0,0,0,0,0,0,0,0,0,0,0,0,0,0,0,0,0,0,0,0,0,0,0,0,0,0,0,0,0,0,0,0,0,0,0,0,0,0,0,0,0,0,0,0,0,0,0,0,0,0,0,0,0,0,0,0,0,0,0,0,0,0,0,0,0,0,0,0,0,0,0,0,0,0,0,0,0,0,0,0,0,0,0,0,0,0,0,0,0,0,0,0,0,0,0,0,0
"kilimanjaro/moshimunicipal/shirimatunda",0,0,0,0,0,0,0,0,0,0,0,0,0,0,0,0,0,0,0,0,0,0,0,0,0,0,0,0,0,0,0,0,0,0,0,0,0,0,0,0,0,0,0,0,0,0,0,0,0,0,0,0,0,0,0,0,0,0,0,0,0,0,0,0,0,0,0,0,0,0,0,0,0,0,0,0,0,0,0,0,0,0,0,0,0,0,0,0,0,0,0,0,0,0,0,0,0,0,0,0,0,0,0,0,0,0,0,0,0,0,0,0,0,0,0,0,0,0,0,0,0,0,0,0,0,0,0,0,0,0,0,0,0,0,0,0,0,0,0,0,0,0,0,0,0,0,0,0,0,0,0,0,0,0,0,0,0,0,0,0,0,0,0,0,0,0,0,0,0,0,0,0,0,0,0,0,0,0,0,0,0,0,0,0,0,0,0,0,0,0,0,0,0,0,0,0,0,0,0,0,0,0,0,0,0,0,0,0,0,0,0,0,0,0,0,0,0,0,0,0,0,0,0,0,0,0,0,0,0,0,0,0,0,0,0,0,0,0,0,0,0,0,0,0,0,0,0,0,0,0,0,0,0,0,0,0,0,0,0,0,0,0,0,0,0,0,0,0,0,0,0,0,0,0,0,0,0,0,0,0,0,0,0,0,0,0,0,0,0,0,0,0,0,0,0,0,0,0,0,0,0,0,0,0,0,0,0,0,0,0,0,0,0,0,0,0,0,0,0,0,0,0,0,0,0,0,0,0,0,0,0,0,0,0,0,0,0,0,0,0,0,0,0,0,0,0,0,0,0,0,0,0,0,0,0,0,0,0,0,0,0,0,0,0,0,0,0,0,0,0,0,0,0,0,0,0,0,0,0,0,0,0,0,0,0,0,0,0,0,0,0,0,0,0,0,0,0,0
"manyara/babatiurban/sigino",0,0,0,0,0,0,0,0,0,0,0,0,0,0,0,0,0,0,0,0,0,0,0,0,0,0,0,0,0,0,0,0,0,0,0,0,0,0,0,0,0,0,0,0,0,0,0,0,0,0,0,0,0,0,0,0,0,0,0,0,0,0,0,0,0,0,0,0,0,0,0,0,0,0,0,0,0,0,0,0,0,0,0,0,0,0,0,0,0,0,0,0,0,0,0,0,0,0,0,0,0,0,0,0,0,0,0,0,0,0,0,0,0,0,0,0,0,0,0,0,0,0,0,0,0,0,0,0,0,0,0,0,0,0,0,0,0,0,0,0,0,0,0,0,0,0,0,0,0,0,0,0,0,0,0,0,0,0,0,0,0,0,0,0,0,0,0,0,0,0,0,0,0,0,0,0,0,0,0,0,0,0,0,0,0,0,0,0,0,0,0,0,0,0,0,0,0,0,0,0,0,0,0,0,0,0,0,0,0,0,0,0,0,0,0,0,0,0,0,0,0,0,0,0,0,0,0,0,0,0,0,0,0,0,0,0,0,0,0,0,0,0,0,0,0,0,0,0,0,0,0,0,0,0,0,0,0,0,0,0,0,0,0,0,0,0,0,0,0,0,0,0,0,0,0,0,0,0,0,0,0,0,0,0,0,0,0,0,0,0,0,0,0,0,0,0,0,0,0,0,0,0,0,0,0,0,0,0,0,0,0,0,0,0,0,0,0,0,0,0,0,0,0,0,0,0,0,0,0,0,0,0,0,0,0,0,0,0,0,0,0,0,0,0,0,0,0,0,0,0,0,0,0,0,0,0,0,0,0,0,0,0,0,0,0,0,0,0,0,0,0,0,0,0,0,0,0,0,0,0,0,0,0,0,0,0,0,0,0,0,0,0,0,0,0,0,0,0
"manyara/hanang/simbay",0,0,0,0,0,0,0,0,0,0,0,0,0,0,0,0,0,0,0,0,0,0,0,0,0,0,0,0,0,0,0,0,0,0,0,0,0,0,0,0,0,0,0,0,0,0,0,0,0,0,0,0,0,0,0,0,0,0,0,0,0,0,0,0,0,0,0,0,0,0,0,0,0,0,0,0,0,0,0,0,0,0,0,0,0,0,0,0,0,0,0,0,0,0,0,0,0,0,0,0,0,0,0,0,0,0,0,0,0,0,0,0,0,0,0,0,0,0,0,0,0,0,0,0,0,0,0,0,0,0,0,0,0,0,0,0,0,0,0,0,0,0,0,0,0,0,0,0,0,0,0,0,0,0,0,0,0,0,0,0,0,0,0,0,0,0,0,0,0,0,0,0,0,0,0,0,0,0,0,0,0,0,0,0,0,0,0,0,0,0,0,0,0,0,0,0,0,0,0,0,0,0,0,0,0,0,0,0,0,0,0,0,0,0,0,0,0,0,0,0,0,0,0,0,0,0,0,0,0,0,0,0,0,0,0,0,0,0,0,0,0,0,0,0,0,0,0,0,0,0,0,0,0,0,0,0,0,0,0,0,0,0,0,0,0,0,0,0,0,0,0,0,0,0,0,0,0,0,0,0,0,0,0,0,0,0,0,0,0,0,0,0,0,0,0,0,0,0,0,0,0,0,0,0,0,0,0,0,0,0,0,0,0,0,0,0,0,0,0,0,0,0,0,0,0,0,0,0,0,0,0,0,0,0,0,0,0,0,0,0,0,0,0,0,0,0,0,0,0,0,0,0,0,0,0,0,0,0,0,0,0,0,0,0,0,0,0,0,0,0,0,0,0,0,0,0,0,0,0,0,0,0,0,0,0,0,0,0,0,0,0,0,0,0,0,0,0,0
"manyara/babatiurban/singe",0,0,0,0,0,0,0,0,0,0,0,0,0,0,0,0,0,0,0,0,0,0,0,0,0,0,0,0,0,0,0,0,0,0,0,0,0,0,0,0,0,0,0,0,0,0,0,0,0,0,0,0,0,0,0,0,0,0,0,0,0,0,0,0,0,0,0,0,0,0,0,0,0,0,0,0,0,0,0,0,0,0,0,0,0,0,0,0,0,0,0,0,0,0,0,0,0,0,0,0,0,0,0,0,0,0,0,0,0,0,0,0,0,0,0,0,0,0,0,0,0,0,0,0,0,0,0,0,0,0,0,0,0,0,0,0,0,0,0,0,0,0,0,0,0,0,0,0,0,0,0,0,0,0,0,0,0,0,0,0,0,0,0,0,0,0,0,0,0,0,0,0,0,0,0,0,0,0,0,0,0,0,0,0,0,0,0,0,0,0,0,0,0,0,0,0,0,0,0,0,0,0,0,0,0,0,0,0,0,0,0,0,0,0,0,0,0,0,0,0,0,0,0,0,0,0,0,0,0,0,0,0,0,0,0,0,0,0,0,0,0,0,0,0,0,0,0,0,0,0,0,0,0,0,0,0,0,0,0,0,0,0,0,0,0,0,0,0,0,0,0,0,0,0,0,0,0,0,0,0,0,0,0,0,0,0,0,0,0,0,0,0,0,0,0,0,0,0,0,0,0,0,0,0,0,0,0,0,0,0,0,0,0,0,0,0,0,0,0,0,0,0,0,0,0,0,0,0,0,0,0,0,0,0,0,0,0,0,0,0,0,0,0,0,0,0,0,0,0,0,0,0,0,0,0,0,0,0,0,0,0,0,0,0,0,0,0,0,0,0,0,0,0,0,0,0,0,0,0,0,0,0,0,0,0,0,0,0,0,0,0,0,0,0,0,0,0,0
"manyara/hanang/sirop",0,0,0,0,0,0,0,0,0,0,0,0,0,0,0,0,0,0,0,0,0,0,0,0,0,0,0,0,0,0,0,0,0,0,0,0,0,0,0,0,0,0,0,0,0,0,0,0,0,0,0,0,0,0,0,0,0,0,0,0,0,0,0,0,0,0,0,0,0,0,0,0,0,0,0,0,0,0,0,0,0,0,0,0,0,0,0,0,0,0,0,0,0,0,0,0,0,0,0,0,0,0,0,0,0,0,0,0,0,0,0,0,0,0,0,0,0,0,0,0,0,0,0,0,0,0,0,0,0,0,0,0,0,0,0,0,0,0,0,0,0,0,0,0,0,0,0,0,0,0,0,0,0,0,0,0,0,0,0,0,0,0,0,0,0,0,0,0,0,0,0,0,0,0,0,0,0,0,0,0,0,0,0,0,0,0,0,0,0,0,0,0,0,0,0,0,0,0,0,0,0,0,0,0,0,0,0,0,0,0,0,0,0,0,0,0,0,0,0,0,0,0,0,0,0,0,0,0,0,0,0,0,0,0,0,0,0,0,0,0,0,0,0,0,0,0,0,0,0,0,0,0,0,0,0,0,0,0,0,0,0,0,0,0,0,0,0,0,0,0,0,0,0,0,0,0,0,0,0,0,0,0,0,0,0,0,0,0,0,0,0,0,0,0,0,0,0,0,0,0,0,0,0,0,0,0,0,0,0,0,0,0,0,0,0,0,0,0,0,0,0,0,0,0,0,0,0,0,0,0,0,0,0,0,0,0,0,0,0,0,0,0,0,0,0,0,0,0,0,0,0,0,0,0,0,0,0,0,0,0,0,0,0,0,0,0,0,0,0,0,0,0,0,0,0,0,0,0,0,0,0,0,0,0,0,0,0,0,0,0,0,0,0,0,0,0,0,0
"arusha/ngorongoro/soitsambu",0,0,0,0,0,0,0,0,0,0,0,0,0,0,0,0,0,0,0,0,0,0,0,0,0,0,0,0,0,0,0,0,0,0,0,0,0,0,0,0,0,0,0,0,0,0,0,0,0,0,0,0,0,0,0,0,0,0,0,0,0,0,0,0,0,0,0,0,0,0,0,0,0,0,0,0,0,0,0,0,0,0,0,0,0,0,0,0,0,0,0,0,0,0,0,0,0,0,0,0,0,0,0,0,0,0,0,0,0,0,0,0,0,0,0,0,0,0,0,0,0,0,0,0,0,0,0,0,0,0,0,0,0,0,0,0,0,0,0,0,0,0,0,0,0,0,0,0,0,0,0,0,0,0,0,0,0,0,0,0,0,0,0,0,0,0,0,0,0,0,0,0,0,0,0,0,0,0,0,0,0,0,0,0,0,0,0,0,0,0,0,0,0,0,0,0,0,0,0,0,0,0,0,0,0,0,0,0,0,0,0,0,0,0,0,0,0,0,0,0,0,0,0,0,0,0,0,0,0,0,0,0,0,0,0,0,0,0,0,0,0,0,0,0,0,0,0,0,0,0,0,0,0,0,0,0,0,0,0,0,0,0,0,0,0,0,0,0,0,0,0,0,0,0,0,0,0,0,0,0,0,0,0,0,0,0,0,0,0,0,0,0,0,0,0,0,0,0,0,0,0,0,0,0,0,0,0,0,0,0,0,0,0,0,0,0,0,0,0,0,0,0,0,0,0,0,0,0,0,0,0,0,0,0,0,0,0,0,0,0,0,0,0,0,0,0,0,0,0,0,0,0,0,0,0,0,0,0,0,0,0,0,0,0,0,0,0,0,0,0,0,0,0,0,0,0,0,0,0,0,0,0,0,0,0,0,0,0,0,0,0,0,0,0,0,0,0,0
"arusha/arusha/sokonii",2.2e-05,0,0,0,0,2e-06,0,0,0,0,0,0,5.4e-05,0.000635,0,0,0,0,0,0,0,1e-06,0,0,0,0,0,0,0,0,1.4e-05,0,0,0,0,0,2.9e-05,0,0,0,0,0,0,0,0,0,0,0.004764,4e-06,0,0,0,0,0,0,0,0,0,0,1e-06,1e-06,1e-06,4e-06,0,0,8.6e-05,5e-06,0,0,0,0,0,0,0,0,1e-06,0,0,0,0,0,0,0,0,0,0,3.7e-05,0,0,1e-06,0,0,9e-06,9.4e-05,0,0,2e-06,0,6e-06,1e-06,0,0,0,6.1e-05,0,8e-06,0,2e-06,3e-06,1e-06,2e-06,3e-06,0,1e-06,0,0,1.5e-05,0,9e-06,1e-06,0,1.7e-05,0,0,0,0,0,0.000128,1.6e-05,0,0,1e-06,2e-06,0,0,0.000392,8e-06,1e-06,1.3e-05,3e-06,5e-06,0,5.3e-05,0,0,1e-06,0,3e-06,3e-06,1e-06,0,0,0,0,0,0.00016,0,0,0,0.000143,0,3e-06,0,0,0,0,0,4e-06,0.000186,0,0,5e-06,0.005109,0,1e-06,0,5e-06,0,3e-06,0,0,0,1e-06,0,2.4e-05,0.000698,0,0,1.2e-05,4e-06,1e-06,0,0,0,0,0,0,0,3e-06,0,9.7e-05,0,0,0,3e-06,1e-06,1.6e-05,2e-06,0,0,0,0,5e-06,0,0,0,0,2.1e-05,0,2e-06,0,0,0,0,2e-05,0,2.4e-05,0,0,0,0,0,3e-06,9.2e-05,0,0,0,5e-06,0,0,2e-06,0.000157,0,1.5e-05,0,0,0,8.3e-05,0,2e-06,0.002836,4.3e-05,0,0.000307,2e-06,0,0,0,0,0,0,1e-06,0,0,1e-06,0,0,5.6e-05,0,0,5.9e-05,4e-06,0,0,1.4e-05,0,0,1e-06,0,0,1e-06,0,4.7e-05,0,0,0,0,0,0,0,0,1e-06,0,2e-04,1e-06,2e-06,5.6e-05,8e-06,1e-06,0,0,0,0,0,0,2e-06,7.7e-05,2e-06,4e-06,0,9e-05,0,0,0,0,0,0,9.2e-05,9e-06,3.2e-05,2e-06,0.000107,4e-06,6e-06,0.001489,0,0,1.7e-05,0,5.6e-05,0.000665,1.9e-05,6.4e-05,1e-06,0,0,0,0,0.000574,0,0,0,0,0,1e-06,0,0,6.8e-05,1e-06,0,0,1e-05,1.1e-05,0.003624,1e-06,5e-06,3e-06,0,0,1e-06,0,0,0,0,0,0,0.000126,0.000444,0,4.6e-05,0,0,0,0,0,1.5e-05,1e-06,3e-06,1.2e-05,0,0,0,1.7e-05,0,0,3e-05,0,7e-06,1e-06,0,0.000138,0,0,0,0,0,0,0
"arusha/arushaurban/sokonii",0,0,0,0,0,0,0,0,0,0,0,0,0,0,0,0,0,0,0,0,0,0,0,0,0,0,0,0,0,0,0,0,0,0,0,0,0,0,0,0,0,0,0,0,0,0,0,0,0,0,0,0,0,0,0,0,0,0,0,0,0,0,0,0,0,0,0,0,0,0,0,0,0,0,0,0,0,0,0,0,0,0,0,0,0,0,0,0,0,0,0,0,0,0,0,0,0,0,0,0,0,0,0,0,0,0,0,0,0,0,0,0,0,0,0,0,0,0,0,0,0,0,0,0,0,0,0,0,0,0,0,0,0,0,0,0,0,0,0,0,0,0,0,0,0,0,0,0,0,0,0,0,0,0,0,0,0,0,0,0,0,0,0,0,0,0,0,0,0,0,0,0,0,0,0,0,0,0,0,0,0,0,0,0,0,0,0,0,0,0,0,0,0,0,0,0,0,0,0,0,0,0,0,0,0,0,0,0,0,0,0,0,0,0,0,0,0,0,0,0,0,0,0,0,0,0,0,0,0,0,0,0,0,0,0,0,0,0,0,0,0,0,0,0,0,0,0,0,0,0,0,0,0,0,0,0,0,0,0,0,0,0,0,0,0,0,0,0,0,0,0,0,0,0,0,0,0,0,0,0,0,0,0,0,0,0,0,0,0,0,0,0,0,0,0,0,0,0,0,0,0,0,0,0,0,0,0,0,0,0,0,0,0,0,0,0,0,0,0,0,0,0,0,0,0,0,0,0,0,0,0,0,0,0,0,0,0,0,0,0,0,0,0,0,0,0,0,0,0,0,0,0,0,0,0,0,0,0,0,0,0,0,0,0,0,0,0,0,0,0,0,0,0,0,0,0,0,0,0,0,0,0,0,0,0,0,0,0,0,0,0,0,0,0,0,0,0,0
"arusha/arushaurban/sombetini",9e-06,0,0,0,0,2e-06,0,0,0,1e-06,0,0,9e-06,0.000218,0,0,0,0,0,0,0,1e-06,0,0,0,0,0,0,0,0,1.7e-05,0,0,0,0,0,8.5e-05,0,0,0,0,0,0,0,0,0,0,0.026866,6e-06,0,0,0,0,0,0,0,0,0,0,2e-06,1e-06,1e-06,4e-06,0,0,0.000159,9e-06,0,0,1e-06,0,0,0,0,0,1e-06,0,0,0,0,0,0,0,0,0,0,3.1e-05,0,0,1e-06,0,0,8e-06,4.2e-05,0,0,2e-06,0,6e-06,1e-06,0,0,0,9.4e-05,0,7e-06,0,2e-06,2e-06,1e-06,1e-06,3e-06,0,3e-06,0,0,1.3e-05,0,8e-06,1e-06,0,1.5e-05,0,0,0,0,0,9.1e-05,1.3e-05,0,0,1e-06,2e-06,0,0,0.000177,6e-06,1e-06,1.3e-05,3e-06,4e-06,0,0.000109,0,0,1e-06,0,3e-06,2e-06,1e-06,0,0,0,0,1e-06,0.000382,0,0,0,0.000129,0,4e-06,0,0,0,0,0,2e-06,0.000484,0,0,7e-06,0.014511,0,0,0,7e-06,0,3e-06,0,0,0,1e-06,0,2.1e-05,0.000615,0,0,1.1e-05,4e-06,1e-06,0,0,0,0,0,0,0,3e-06,0,6e-05,0,0,0,3e-06,1e-06,1.6e-05,4e-06,0,0,0,0,4e-06,0,0,0,0,2e-05,0,1e-06,0,0,0,0,1.7e-05,0,2e-05,0,0,0,0,0,4e-06,0.000322,0,0,0,5e-06,0,0,2e-06,0.000283,0,1.6e-05,0,0,0,7.8e-05,0,3e-06,0.002231,5.7e-05,0,0.000298,2e-06,0,0,0,0,0,0,1e-06,0,0,1e-06,0,0,0.00011,0,0,8.5e-05,4e-06,0,0,1.4e-05,0,0,1e-06,0,0,1e-06,0,4.7e-05,0,0,0,0,0,0,0,0,1e-06,0,0.000203,1e-06,2e-06,3.5e-05,2.9e-05,1e-06,0,0,0,0,0,0,2e-06,1.6e-05,1e-06,1e-06,0,0.000541,0,0,0,0,0,0,6.9e-05,8e-06,6.1e-05,3e-06,0.000111,3e-06,6e-06,0.001656,0,0,1.6e-05,0,0.000126,0.000128,3.1e-05,6.3e-05,1e-06,1e-06,0,0,0,0.00026,0,0,0,0,0,1e-06,0,0,4.5e-05,1e-06,0,0,7e-06,4e-06,0.003274,2e-06,8e-06,4e-06,0,0,1e-06,0,0,0,0,0,0.000887,0.000657,0,0,2.1e-05,0,0,0,0,0,3.3e-05,1e-06,5e-06,1.1e-05,0,0,0,1.6e-05,0,0,0.000165,0,6e-06,1e-06,0,8.4e-05,0,0,0,0,0,0,0
"manyara/kiteto/songambele",0,0,0,0,0,0,0,0,0,0,0,0,0,0,0,0,0,0,0,0,0,0,0,0,0,0,0,0,0,0,0,0,0,0,0,0,0,0,0,0,0,0,0,0,0,0,0,0,0,0,0,0,0,0,0,0,0,0,0,0,0,0,0,0,0,0,0,0,0,0,0,0,0,0,0,0,0,0,0,0,0,0,0,0,0,0,0,0,0,0,0,0,0,0,0,0,0,0,0,0,0,0,0,0,0,0,0,0,0,0,0,0,0,0,0,0,0,0,0,0,0,0,0,0,0,0,0,0,0,0,0,0,0,0,0,0,0,0,0,0,0,0,0,0,0,0,0,0,0,0,0,0,0,0,0,0,0,0,0,0,0,0,0,0,0,0,0,0,0,0,0,0,0,0,0,0,0,0,0,0,0,0,0,0,0,0,0,0,0,0,0,0,0,0,0,0,0,0,0,0,0,0,0,0,0,0,0,0,0,0,0,0,0,0,0,0,0,0,0,0,0,0,0,0,0,0,0,0,0,0,0,0,0,0,0,0,0,0,0,0,0,0,0,0,0,0,0,0,0,0,0,0,0,0,0,0,0,0,0,0,0,0,0,0,0,0,0,0,0,0,0,0,0,0,0,0,0,0,0,0,0,0,0,0,0,0,0,0,0,0,0,0,0,0,0,0,0,0,0,0,0,0,0,0,0,0,0,0,0,0,0,0,0,0,0,0,0,0,0,0,0,0,0,0,0,0,0,0,0,0,0,0,0,0,0,0,0,0,0,0,0,0,0,0,0,0,0,0,0,0,0,0,0,0,0,0,0,0,0,0,0,0,0,0,0,0,0,0,0,0,0,0,0,0,0,0,0,0,0,0,0,0,0,0,0,0,0,0,0,0,0,0,0,0,0,0,0,0
"arusha/meru/songoro",0,0,0,0,0,0,0,0,0,0,0,0,0,0,0,0,0,0,0,0,0,0,0,0,0,0,0,0,0,0,0,0,0,0,0,0,0,0,0,0,0,0,0,0,0,0,0,0,0,0,0,0,0,0,0,0,0,0,0,0,0,0,0,0,0,0,0,0,0,0,0,0,0,0,0,0,0,0,0,0,0,0,0,0,0,0,0,0,0,0,0,0,0,0,0,0,0,0,0,0,0,0,0,0,0,0,0,0,0,0,0,0,0,0,0,0,0,0,0,0,0,0,0,0,0,0,0,0,0,0,0,0,0,0,0,0,0,0,0,0,0,0,0,0,0,0,0,0,0,0,0,0,0,0,0,0,0,0,0,0,0,0,0,0,0,0,0,0,0,0,0,0,0,0,0,0,0,0,0,0,0,0,0,0,0,0,0,0,0,0,0,0,0,0,0,0,0,0,0,0,0,0,0,0,0,0,0,0,0,0,0,0,0,0,0,0,0,0,0,0,0,0,0,0,0,0,0,0,0,0,0,0,0,0,0,0,0,0,0,0,0,0,0,0,0,0,0,0,0,0,0,0,0,0,0,0,0,0,0,0,0,0,0,0,0,0,0,0,0,0,0,0,0,0,0,0,0,0,0,0,0,0,0,0,0,0,0,0,0,0,0,0,0,0,0,0,0,0,0,0,0,0,0,0,0,0,0,0,0,0,0,0,0,0,0,0,0,0,0,0,0,0,0,0,0,0,0,0,0,0,0,0,0,0,0,0,0,0,0,0,0,0,0,0,0,0,0,0,0,0,0,0,0,0,0,0,0,0,0,0,0,0,0,0,0,0,0,0,0,0,0,0,0,0,0,0,0,0,0,0,0,0,0,0,0,0,0,0,0,0,0,0,0,0,0,0,0,0
"kilimanjaro/moshimunicipal/soweto",0,0,0,0,0,0,0,0,0,0,0,0,0,0,0,0,0,0,0,0,0,0,0,0,0,0,0,0,0,0,0,0,0,0,0,0,0,0,0,0,0,0,0,0,0,0,0,0,0,0,0,0,0,0,0,0,0,0,0,0,0,0,0,0,0,0,0,0,0,0,0,0,0,0,0,0,0,0,0,0,0,0,0,0,0,0,0,0,0,0,0,0,0,0,0,0,0,0,0,0,0,0,0,0,0,0,0,0,0,0,0,0,0,0,0,0,0,0,0,0,0,0,0,0,0,0,0,0,0,0,0,0,0,0,0,0,0,0,0,0,0,0,0,0,0,0,0,0,0,0,0,0,0,0,0,0,0,0,0,0,0,0,0,0,0,0,0,0,0,0,0,0,0,0,0,0,0,0,0,0,0,0,0,0,0,0,0,0,0,0,0,0,0,0,0,0,0,0,0,0,0,0,0,0,0,0,0,0,0,0,0,0,0,0,0,0,0,0,0,0,0,0,0,0,0,0,0,0,0,0,0,0,0,0,0,0,0,0,0,0,0,0,0,0,0,0,0,0,0,0,0,0,0,0,0,0,0,0,0,0,0,0,0,0,0,0,0,0,0,0,0,0,0,0,0,0,0,0,0,0,0,0,0,0,0,0,0,0,0,0,0,0,0,0,0,0,0,0,0,0,0,0,0,0,0,0,0,0,0,0,0,0,0,0,0,0,0,0,0,0,0,0,0,0,0,0,0,0,0,0,0,0,0,0,0,0,0,0,0,0,0,0,0,0,0,0,0,0,0,0,0,0,0,0,0,0,0,0,0,0,0,0,0,0,0,0,0,0,0,0,0,0,0,0,0,0,0,0,0,0,0,0,0,0,0,0,0,0,0,0,0,0,0,0,0,0,0,0
"kilimanjaro/same/stesheni",0,0,0,0,0,0,0,0,0,0,0,0,0,0,0,0,0,0,0,0,0,0,0,0,0,0,0,0,0,0,0,0,0,0,0,0,0,0,0,0,0,0,0,0,0,0,0,0,0,0,0,0,0,0,0,0,0,0,0,0,0,0,0,0,0,0,0,0,0,0,0,0,0,0,0,0,0,0,0,0,0,0,0,0,0,0,0,0,0,0,0,0,0,0,0,0,0,0,0,0,0,0,0,0,0,0,0,0,0,0,0,0,0,0,0,0,0,0,0,0,0,0,0,0,0,0,0,0,0,0,0,0,0,0,0,0,0,0,0,0,0,0,0,0,0,0,0,0,0,0,0,0,0,0,0,0,0,0,0,0,0,0,0,0,0,0,0,0,0,0,0,0,0,0,0,0,0,0,0,0,0,0,0,0,0,0,0,0,0,0,0,0,0,0,0,0,0,0,0,0,0,0,0,0,0,0,0,0,0,0,0,0,0,0,0,0,0,0,0,0,0,0,0,0,0,0,0,0,0,0,0,0,0,0,0,0,0,0,0,0,0,0,0,0,0,0,0,0,0,0,0,0,0,0,0,0,0,0,0,0,0,0,0,0,0,0,0,0,0,0,0,0,0,0,0,0,0,0,0,0,0,0,0,0,0,0,0,0,0,0,0,0,0,0,0,0,0,0,0,0,0,0,0,0,0,0,0,0,0,0,0,0,0,0,0,0,0,0,0,0,0,0,0,0,0,0,0,0,0,0,0,0,0,0,0,0,0,0,0,0,0,0,0,0,0,0,0,0,0,0,0,0,0,0,0,0,0,0,0,0,0,0,0,0,0,0,0,0,0,0,0,0,0,0,0,0,0,0,0,0,0,0,0,0,0,0,0,0,0,0,0,0,0,0,0,0,0,0
"kilimanjaro/same/suji",0,0,0,0,0,0,0,0,0,0,0,0,0,0,0,0,0,0,0,0,0,0,0,0,0,0,0,0,0,0,0,0,0,0,0,0,0,0,0,0,0,0,0,0,0,0,0,0,0,0,0,0,0,0,0,0,0,0,0,0,0,0,0,0,0,0,0,0,0,0,0,0,0,0,0,0,0,0,0,0,0,0,0,0,0,0,0,0,0,0,0,0,0,0,0,0,0,0,0,0,0,0,0,0,0,0,0,0,0,0,0,0,0,0,0,0,0,0,0,0,0,0,0,0,0,0,0,0,0,0,0,0,0,0,0,0,0,0,0,0,0,0,0,0,0,0,0,0,0,0,0,0,0,0,0,0,0,0,0,0,0,0,0,0,0,0,0,0,0,0,0,0,0,0,0,0,0,0,0,0,0,0,0,0,0,0,0,0,0,0,0,0,0,0,0,0,0,0,0,0,0,0,0,0,0,0,0,0,0,0,0,0,0,0,0,0,0,0,0,0,0,0,0,0,0,0,0,0,0,0,0,0,0,0,0,0,0,0,0,0,0,0,0,0,0,0,0,0,0,0,0,0,0,0,0,0,0,0,0,0,0,0,0,0,0,0,0,0,0,0,0,0,0,0,0,0,0,0,0,0,0,0,0,0,0,0,0,0,0,0,0,0,0,0,0,0,0,0,0,0,0,0,0,0,0,0,0,0,0,0,0,0,0,0,0,0,0,0,0,0,0,0,0,0,0,0,0,0,0,0,0,0,0,0,0,0,0,0,0,0,0,0,0,0,0,0,0,0,0,0,0,0,0,0,0,0,0,0,0,0,0,0,0,0,0,0,0,0,0,0,0,0,0,0,0,0,0,0,0,0,0,0,0,0,0,0,0,0,0,0,0,0,0,0,0,0,0,0
"manyara/kiteto/sunya",0.000739,0.000152,0.000158,0.001449,5e-05,0.006369,1.5e-05,1.9e-05,5.1e-05,0.010329,0.000182,5.7e-05,0.000529,0.007972,0.001378,5.4e-05,6.1e-05,0.000295,5.9e-05,0.00023,0.000499,0.000734,5.4e-05,0.000116,0.000301,3.6e-05,8.7e-05,3.8e-05,0.000988,0.000507,0.003068,0.005672,0.000173,0.000128,0.000236,0.000124,0.000735,0.002538,0.000132,0.00166,4.6e-05,5.7e-05,0.885502,0.001616,0.05169,5.6e-05,0.000238,0.153677,0.022698,7.7e-05,4e-05,5.9e-05,5.4e-05,5.7e-05,0.002478,3e-05,0.000149,0.000104,0.016145,0.028123,0.002226,0.003681,0.003025,0.042916,1e-06,0.005185,0.001912,3.5e-05,0.000601,0.011684,3.9e-05,1e-05,0.000171,0.000509,0.000268,0.003206,0.000314,2.9e-05,3.7e-05,3.8e-05,2.2e-05,0.00027,3.7e-05,9.5e-05,0.000119,2.8e-05,0.036012,3.8e-05,0.001634,0.07505,2.8e-05,6e-05,0.046893,0.003895,0.000132,0.002167,0.002062,7.3e-05,0.02143,0.005516,3.2e-05,5.1e-05,0.012195,0.001128,0.000597,0.020495,4.1e-05,0.003718,0.001064,0.006184,0.001471,0.012148,0.001569,2.7e-05,0.00019,0.000148,0.012865,0.004245,0.021513,0.001831,0.000954,0.034809,0.000183,0.000714,8.4e-05,0.005609,0.522775,0.051113,0.003375,0.000148,0.000126,0.00495,0.011013,0.00086,5.8e-05,0.004258,0.000225,0.002655,0.028627,0.005815,0.002186,0.000313,0.00142,0.000547,0.000268,0.010504,8.7e-05,0.010204,0.008128,0.002833,0.000128,0.000166,0.000225,0.000339,0.014475,0.036593,0.000574,0.00037,0.007683,0.252899,0.001745,0.021782,5.3e-05,0.000562,5.1e-05,6.8e-05,0.002313,0.001032,0.008317,0.001127,0.541557,0.009415,0.112569,0.007833,0.00051,0.009739,0.021499,7.5e-05,0.006045,0.152907,0.000158,0.000293,0.047844,0.001118,0.034113,0.464059,6.8e-05,0.000136,0.017928,0.005249,0.001611,0.000447,0.000645,7.2e-05,0.00562,0.044879,0.000157,5.2e-05,0.007281,2.7e-05,0.016386,0.008746,0.020857,8.4e-05,0.011231,0.000628,0.075459,0.007537,0.002789,0.000181,0.000163,0.000167,0.025276,7e-05,2.4e-05,0.004475,2.2e-05,0.098617,0.000928,0.005968,6.6e-05,8.2e-05,3.9e-05,0.000127,0.020289,0.000446,0.028327,0.000272,0.000164,3.6e-05,2.6e-05,4.9e-05,0.01604,0.014978,0.021078,9e-06,0.000169,0.003278,0.001906,0.000128,0.002141,0.107095,5.8e-05,0.231118,0.000185,0.000115,0.000406,0.006586,7.2e-05,0.000671,0.039226,0.034753,8.8e-05,0.011442,0.004789,0.010072,0.000173,0.000928,9.5e-05,0.000248,2e-04,0.003044,3.5e-05,0.00028,0.005509,0.000282,5.1e-05,0.011841,3e-05,0.001053,0.010328,0.023369,0.000156,0.000259,0.064356,0.00034,0.012119,0.016426,4.4e-05,0.000417,0.001058,4.5e-05,0.109682,0.000117,0.022042,0.000104,2.9e-05,0.000344,8.3e-05,9.7e-05,0.011976,0.001133,0.000911,0.035852,0.001652,0.002169,0.015442,0.000209,0.005552,0.001489,6.5e-05,5.7e-05,0.000109,0.002885,0.004593,0.01488,0.000988,0.000139,7.9e-05,0.000128,0.011192,0.00116,0.00681,9.6e-05,0.001078,3.3e-05,0.000157,0.028707,0.034492,0.016542,0.002014,0.013381,0.002635,0.010879,0.090412,0.00391,0.004778,0.00034,0.000464,0.002637,0.004254,0.001613,0.108054,0.011274,0.035349,0.011418,0.00055,0.000454,0.031561,0.000358,3.5e-05,9.1e-05,3.9e-05,8.9e-05,0.037118,0.016792,0.000967,0.004641,0.022959,0.001386,1.8e-05,0.00603,0.000403,0.04894,0.004133,0.003588,0.009309,0.000843,0.00026,0.001554,5.5e-05,5.5e-05,6e-05,3.9e-05,3e-04,0.033072,0.009237,0.019944,0.023337,0.003693,0.000594,7.5e-05,0.000384,0,0.000268,0.002208,0.002268,7.8e-05,0.019642,2.6e-05,9.9e-05,4.2e-05,0.066882,0.000507,1.6e-05,0.000878,0.000129,0.014614,0.002773,9.2e-05,0.014854,0.000112,0.000276,0.000593,7e-05,0.000181,4.1e-05,3.2e-05
"kilimanjaro/rombo/tarakeamotamburu",0,0,0,0,0,0,0,0,0,0,0,0,0,0,0,0,0,0,0,0,0,0,0,0,0,0,0,0,0,0,0,0,0,0,0,0,0,0,0,0,0,0,0,0,0,0,0,0,0,0,0,0,0,0,0,0,0,0,0,0,0,0,0,0,0,0,0,0,0,0,0,0,0,0,0,0,0,0,0,0,0,0,0,0,0,0,0,0,0,0,0,0,0,0,0,0,0,0,0,0,0,0,0,0,0,0,0,0,0,0,0,0,0,0,0,0,0,0,0,0,0,0,0,0,0,0,0,0,0,0,0,0,0,0,0,0,0,0,0,0,0,0,0,0,0,0,0,0,0,0,0,0,0,0,0,0,0,0,0,0,0,0,0,0,0,0,0,0,0,0,0,0,0,0,0,0,0,0,0,0,0,0,0,0,0,0,0,0,0,0,0,0,0,0,0,0,0,0,0,0,0,0,0,0,0,0,0,0,0,0,0,0,0,0,0,0,0,0,0,0,0,0,0,0,0,0,0,0,0,0,0,0,0,0,0,0,0,0,0,0,0,0,0,0,0,0,0,0,0,0,0,0,0,0,0,0,0,0,0,0,0,0,0,0,0,0,0,0,0,0,0,0,0,0,0,0,0,0,0,0,0,0,0,0,0,0,0,0,0,0,0,0,0,0,0,0,0,0,0,0,0,0,0,0,0,0,0,0,0,0,0,0,0,0,0,0,0,0,0,0,0,0,0,0,0,0,0,0,0,0,0,0,0,0,0,0,0,0,0,0,0,0,0,0,0,0,0,0,0,0,0,0,0,0,0,0,0,0,0,0,0,0,0,0,0,0,0,0,0,0,0,0,0,0,0,0,0,0,0,0,0,0,0,0,0,0,0,0,0,0,0,0,0,0,0,0,0,0
"arusha/arushaurban/terrat",0,0,0,0,0,0,0,0,0,0,0,0,0,0,0,0,0,0,0,0,0,0,0,0,0,0,0,0,0,0,0,0,0,0,0,0,0,0,0,0,0,0,0,0,0,0,0,0,0,0,0,0,0,0,0,0,0,0,0,0,0,0,0,0,0,0,0,0,0,0,0,0,0,0,0,0,0,0,0,0,0,0,0,0,0,0,0,0,0,0,0,0,0,0,0,0,0,0,0,0,0,0,0,0,0,0,0,0,0,0,0,0,0,0,0,0,0,0,0,0,0,0,0,0,0,0,0,0,0,0,0,0,0,0,0,0,0,0,0,0,0,0,0,0,0,0,0,0,0,0,0,0,0,0,0,0,0,0,0,0,0,0,0,0,0,0,0,0,0,0,0,0,0,0,0,0,0,0,0,0,0,0,0,0,0,0,0,0,0,0,0,0,0,0,0,0,0,0,0,0,0,0,0,0,0,0,0,0,0,0,0,0,0,0,0,0,0,0,0,0,0,0,0,0,0,0,0,0,0,0,0,0,0,0,0,0,0,0,0,0,0,0,0,0,0,0,0,0,0,0,0,0,0,0,0,0,0,0,0,0,0,0,0,0,0,0,0,0,0,0,0,0,0,0,0,0,0,0,0,0,0,0,0,0,0,0,0,0,0,0,0,0,0,0,0,0,0,0,0,0,0,0,0,0,0,0,0,0,0,0,0,0,0,0,0,0,0,0,0,0,0,0,0,0,0,0,0,0,0,0,0,0,0,0,0,0,0,0,0,0,0,0,0,0,0,0,0,0,0,0,0,0,0,0,0,0,0,0,0,0,0,0,0,0,0,0,0,0,0,0,0,0,0,0,0,0,0,0,0,0,0,0,0,0,0,0,0,0,0,0,0,0,0,0,0,0,0,0
"manyara/simanjiro/terrat",3.9e-05,1e-06,1e-06,8e-06,0,0.000111,0,0,0,0.00012,2e-06,0,2.5e-05,0.000461,8e-06,1e-06,0,2e-06,0,1e-06,1e-06,1.7e-05,0,2e-06,1e-06,1e-06,1e-06,1e-06,0,1e-06,0.000302,1e-06,0,1e-06,2e-06,1e-06,4.6e-05,1.8e-05,2e-06,9e-06,0,0,2.9e-05,1.1e-05,5e-06,0,5e-06,0.010305,0.005496,1e-06,0,0,1e-06,0,1.3e-05,0,8e-06,3e-06,7.2e-05,0.000174,2.1e-05,5.6e-05,6.1e-05,2e-06,0,0.000379,9.2e-05,0,1.6e-05,0.000236,1e-06,0,3e-06,7e-06,1e-06,3e-05,3e-06,0,0,0,0,2e-06,0,0,1e-06,0,0.000889,0,7e-06,0.000158,0,0,0.000431,0.000161,2e-06,2.3e-05,4e-05,1e-06,0.000303,6.4e-05,0,0,2.5e-05,6.6e-05,9e-06,0.000209,0,6.2e-05,2.7e-05,9.1e-05,2.8e-05,0.00012,6e-06,2e-06,2e-06,1e-06,0.000379,1e-06,0.000313,2.6e-05,1.5e-05,0.000485,1e-06,6e-06,1e-06,1.1e-05,3.1e-05,0.001989,0.000199,2e-06,1e-06,5.5e-05,0.000116,1.4e-05,0,0.000248,1.1e-05,3.5e-05,0.000314,9.8e-05,6.8e-05,1e-06,8e-05,9e-06,2e-06,8.2e-05,1e-06,0.000129,9.8e-05,3.3e-05,1e-06,2e-06,2e-06,2e-06,4.6e-05,0.002418,5e-06,5e-06,7e-06,0.00493,1.6e-05,0.008415,1e-06,4e-06,0,0,3e-05,3e-05,0.000578,1.1e-05,1e-05,0.000394,0.007251,5.3e-05,9e-06,0.000221,0.00318,1e-06,9.6e-05,1.9e-05,0,2e-06,9.3e-05,1.8e-05,0.000576,0.013469,1e-06,2e-06,0.000319,9.5e-05,3.1e-05,3e-06,1.1e-05,0,0.000127,1e-06,1e-06,1e-06,0.000111,1e-06,0.000661,2.7e-05,5.9e-05,4e-06,0.000109,1.6e-05,0.000803,0.000348,1.9e-05,2e-06,2e-06,5e-06,0.000219,1e-06,0,1.1e-05,0,0.000846,1e-05,6.3e-05,0,4e-06,0,2e-06,0.000447,9e-06,0.000502,6e-06,1e-06,0,0,0,0.000128,0.001273,4e-06,0,2e-06,0.000222,3.3e-05,1e-06,0.000108,0.013228,1e-06,0.001983,1e-06,2e-06,6e-06,0.00045,0,9.3e-05,0.002233,0.001092,4e-06,0.00075,5.1e-05,2.4e-05,2e-06,8e-06,1e-06,1e-06,1e-06,6.1e-05,2e-06,1e-06,0.000114,3e-06,1e-06,0.000634,0,3e-05,0.000451,0.000254,1e-06,1e-06,0.000656,3e-06,2.6e-05,0.000421,1e-06,5e-06,3.4e-05,1e-06,0.001173,1e-06,1e-06,1e-06,0,3e-06,1e-06,2e-06,7e-06,1.7e-05,2e-06,0.002681,2.4e-05,3.7e-05,0.000456,1.2e-05,7.8e-05,1.4e-05,1e-06,0,2e-06,1.8e-05,1e-06,0.000451,5.1e-05,6e-06,4e-06,2e-06,0.000779,9e-06,3e-06,1e-06,1.4e-05,0,1e-06,0.000828,0.00032,0.002405,0.000725,0.000533,6.7e-05,0.000133,0.004731,1.9e-05,2.5e-05,2.1e-05,2e-06,0.000145,0.00022,8e-05,0.001683,5.7e-05,0.000172,1e-06,9e-06,3e-06,0.001563,5e-06,0,1e-06,1e-06,1e-06,0.000189,1.8e-05,6e-06,0.000184,0.000128,8e-06,0,0.000133,2e-05,0.002943,0.000106,0.000215,0.000726,8e-06,2e-06,2.6e-05,1e-06,0,1e-06,0,1e-06,0.001774,0.000652,0.001312,1e-06,0.000142,1e-05,0,1e-06,2e-06,3e-06,0.00021,0,5e-06,0.000285,0,1e-06,0,0.00062,3e-06,0,5.4e-05,2e-06,0.000222,3.7e-05,1e-06,0.000741,1e-06,1e-06,2e-06,0,0,0,0
"arusha/arushaurban/themi",0,0,0,0,0,0,0,0,0,0,0,0,0,0,0,0,0,0,0,0,0,0,0,0,0,0,0,0,0,0,0,0,0,0,0,0,0,0,0,0,0,0,0,0,0,0,0,0,0,0,0,0,0,0,0,0,0,0,0,0,0,0,0,0,0,0,0,0,0,0,0,0,0,0,0,0,0,0,0,0,0,0,0,0,0,0,0,0,0,0,0,0,0,0,0,0,0,0,0,0,0,0,0,0,0,0,0,0,0,0,0,0,0,0,0,0,0,0,0,0,0,0,0,0,0,0,0,0,0,0,0,0,0,0,0,0,0,0,0,0,0,0,0,0,0,0,0,0,0,0,0,0,0,0,0,0,0,0,0,0,0,0,0,0,0,0,0,0,0,0,0,0,0,0,0,0,0,0,0,0,0,0,0,0,0,0,0,0,0,0,0,0,0,0,0,0,0,0,0,0,0,0,0,0,0,0,0,0,0,0,0,0,0,0,0,0,0,0,0,0,0,0,0,0,0,0,0,0,0,0,0,0,0,0,0,0,0,0,0,0,0,0,0,0,0,0,0,0,0,0,0,0,0,0,0,0,0,0,0,0,0,0,0,0,0,0,0,0,0,0,0,0,0,0,0,0,0,0,0,0,0,0,0,0,0,0,0,0,0,0,0,0,0,0,0,0,0,0,0,0,0,0,0,0,0,0,0,0,0,0,0,0,0,0,0,0,0,0,0,0,0,0,0,0,0,0,0,0,0,0,0,0,0,0,0,0,0,0,0,0,0,0,0,0,0,0,0,0,0,0,0,0,0,0,0,0,0,0,0,0,0,0,0,0,0,0,0,0,0,0,0,0,0,0,0,0,0,0,0,0,0,0,0,0,0,0,0,0,0,0,0,0,0,0,0,0,0,0
"arusha/longido/tingatinga",0,0,0,0,0,0,0,0,0,0,0,0,0,0,0,0,0,0,0,0,0,0,0,0,0,0,0,0,0,0,0,0,0,0,0,0,0,0,0,0,0,0,0,0,0,0,0,0,0,0,0,0,0,0,0,0,0,0,0,0,0,0,0,0,0,0,0,0,0,0,0,0,0,0,0,0,0,0,0,0,0,0,0,0,0,0,0,0,0,0,0,0,0,0,0,0,0,0,0,0,0,0,0,0,0,0,0,0,0,0,0,0,0,0,0,0,0,0,0,0,0,0,0,0,0,0,0,0,0,0,0,0,0,0,0,0,0,0,0,0,0,0,0,0,0,0,0,0,0,0,0,0,0,0,0,0,0,0,0,0,0,0,0,0,0,0,0,0,0,0,0,0,0,0,0,0,0,0,0,0,0,0,0,0,0,0,0,0,0,0,0,0,0,0,0,0,0,0,0,0,0,0,0,0,0,0,0,0,0,0,0,0,0,0,0,0,0,0,0,0,0,0,0,0,0,0,0,0,0,0,0,0,0,0,0,0,0,0,0,0,0,0,0,0,0,0,0,0,0,0,0,0,0,0,0,0,0,0,0,0,0,0,0,0,0,0,0,0,0,0,0,0,0,0,0,0,0,0,0,0,0,0,0,0,0,0,0,0,0,0,0,0,0,0,0,0,0,0,0,0,0,0,0,0,0,0,0,0,0,0,0,0,0,0,0,0,0,0,0,0,0,0,0,0,0,0,0,0,0,0,0,0,0,0,0,0,0,0,0,0,0,0,0,0,0,0,0,0,0,0,0,0,0,0,0,0,0,0,0,0,0,0,0,0,0,0,0,0,0,0,0,0,0,0,0,0,0,0,0,0,0,0,0,0,0,0,0,0,0,0,0,0,0,0,0,0,0,0
"manyara/mbulu/tlawi",0,0,0,0,0,0,0,0,0,0,0,0,0,0,0,0,0,0,0,0,0,0,0,0,0,0,0,0,0,0,0,0,0,0,0,0,0,0,0,0,0,0,0,0,0,0,0,0,0,0,0,0,0,0,0,0,0,0,0,0,0,0,0,0,0,0,0,0,0,0,0,0,0,0,0,0,0,0,0,0,0,0,0,0,0,0,0,0,0,0,0,0,0,0,0,0,0,0,0,0,0,0,0,0,0,0,0,0,0,0,0,0,0,0,0,0,0,0,0,0,0,0,0,0,0,0,0,0,0,0,0,0,0,0,0,0,0,0,0,0,0,0,0,0,0,0,0,0,0,0,0,0,0,0,0,0,0,0,0,0,0,0,0,0,0,0,0,0,0,0,0,0,0,0,0,0,0,0,0,0,0,0,0,0,0,0,0,0,0,0,0,0,0,0,0,0,0,0,0,0,0,0,0,0,0,0,0,0,0,0,0,0,0,0,0,0,0,0,0,0,0,0,0,0,0,0,0,0,0,0,0,0,0,0,0,0,0,0,0,0,0,0,0,0,0,0,0,0,0,0,0,0,0,0,0,0,0,0,0,0,0,0,0,0,0,0,0,0,0,0,0,0,0,0,0,0,0,0,0,0,0,0,0,0,0,0,0,0,0,0,0,0,0,0,0,0,0,0,0,0,0,0,0,0,0,0,0,0,0,0,0,0,0,0,0,0,0,0,0,0,0,0,0,0,0,0,0,0,0,0,0,0,0,0,0,0,0,0,0,0,0,0,0,0,0,0,0,0,0,0,0,0,0,0,0,0,0,0,0,0,0,0,0,0,0,0,0,0,0,0,0,0,0,0,0,0,0,0,0,0,0,0,0,0,0,0,0,0,0,0,0,0,0,0,0,0,0,0
"kilimanjaro/mwanga/toloha",0,0,0,0,0,0,0,0,0,0,0,0,0,0,0,0,0,0,0,0,0,0,0,0,0,0,0,0,0,0,0,0,0,0,0,0,0,0,0,0,0,0,0,0,0,0,0,0,0,0,0,0,0,0,0,0,0,0,0,0,0,0,0,0,0,0,0,0,0,0,0,0,0,0,0,0,0,0,0,0,0,0,0,0,0,0,0,0,0,0,0,0,0,0,0,0,0,0,0,0,0,0,0,0,0,0,0,0,0,0,0,0,0,0,0,0,0,0,0,0,0,0,0,0,0,0,0,0,0,0,0,0,0,0,0,0,0,0,0,0,0,0,0,0,0,0,0,0,0,0,0,0,0,0,0,0,0,0,0,0,0,0,0,0,0,0,0,0,0,0,0,0,0,0,0,0,0,0,0,0,0,0,0,0,0,0,0,0,0,0,0,0,0,0,0,0,0,0,0,0,0,0,0,0,0,0,0,0,0,0,0,0,0,0,0,0,0,0,0,0,0,0,0,0,0,0,0,0,0,0,0,0,0,0,0,0,0,0,0,0,0,0,0,0,0,0,0,0,0,0,0,0,0,0,0,0,0,0,0,0,0,0,0,0,0,0,0,0,0,0,0,0,0,0,0,0,0,0,0,0,0,0,0,0,0,0,0,0,0,0,0,0,0,0,0,0,0,0,0,0,0,0,0,0,0,0,0,0,0,0,0,0,0,0,0,0,0,0,0,0,0,0,0,0,0,0,0,0,0,0,0,0,0,0,0,0,0,0,0,0,0,0,0,0,0,0,0,0,0,0,0,0,0,0,0,0,0,0,0,0,0,0,0,0,0,0,0,0,0,0,0,0,0,0,0,0,0,0,0,0,0,0,0,0,0,0,0,0,0,0,0,0,0,0,0,0,0,0
"manyara/mbulu/tumati",0,0,0,0,0,0,0,0,0,0,0,0,0,0,0,0,0,0,0,0,0,0,0,0,0,0,0,0,0,0,0,0,0,0,0,0,0,0,0,0,0,0,0,0,0,0,0,0,0,0,0,0,0,0,0,0,0,0,0,0,0,0,0,0,0,0,0,0,0,0,0,0,0,0,0,0,0,0,0,0,0,0,0,0,0,0,0,0,0,0,0,0,0,0,0,0,0,0,0,0,0,0,0,0,0,0,0,0,0,0,0,0,0,0,0,0,0,0,0,0,0,0,0,0,0,0,0,0,0,0,0,0,0,0,0,0,0,0,0,0,0,0,0,0,0,0,0,0,0,0,0,0,0,0,0,0,0,0,0,0,0,0,0,0,0,0,0,0,0,0,0,0,0,0,0,0,0,0,0,0,0,0,0,0,0,0,0,0,0,0,0,0,0,0,0,0,0,0,0,0,0,0,0,0,0,0,0,0,0,0,0,0,0,0,0,0,0,0,0,0,0,0,0,0,0,0,0,0,0,0,0,0,0,0,0,0,0,0,0,0,0,0,0,0,0,0,0,0,0,0,0,0,0,0,0,0,0,0,0,0,0,0,0,0,0,0,0,0,0,0,0,0,0,0,0,0,0,0,0,0,0,0,0,0,0,0,0,0,0,0,0,0,0,0,0,0,0,0,0,0,0,0,0,0,0,0,0,0,0,0,0,0,0,0,0,0,0,0,0,0,0,0,0,0,0,0,0,0,0,0,0,0,0,0,0,0,0,0,0,0,0,0,0,0,0,0,0,0,0,0,0,0,0,0,0,0,0,0,0,0,0,0,0,0,0,0,0,0,0,0,0,0,0,0,0,0,0,0,0,0,0,0,0,0,0,0,0,0,0,0,0,0,0,0,0,0,0,0
"kilimanjaro/rombo/ubetukahe",0,0,0,0,0,0,0,0,0,0,0,0,0,0,0,0,0,0,0,0,0,0,0,0,0,0,0,0,0,0,0,0,0,0,0,0,0,0,0,0,0,0,0,0,0,0,0,0,0,0,0,0,0,0,0,0,0,0,0,0,0,0,0,0,0,0,0,0,0,0,0,0,0,0,0,0,0,0,0,0,0,0,0,0,0,0,0,0,0,0,0,0,0,0,0,0,0,0,0,0,0,0,0,0,0,0,0,0,0,0,0,0,0,0,0,0,0,0,0,0,0,0,0,0,0,0,0,0,0,0,0,0,0,0,0,0,0,0,0,0,0,0,0,0,0,0,0,0,0,0,0,0,0,0,0,0,0,0,0,0,0,0,0,0,0,0,0,0,0,0,0,0,0,0,0,0,0,0,0,0,0,0,0,0,0,0,0,0,0,0,0,0,0,0,0,0,0,0,0,0,0,0,0,0,0,0,0,0,0,0,0,0,0,0,0,0,0,0,0,0,0,0,0,0,0,0,0,0,0,0,0,0,0,0,0,0,0,0,0,0,0,0,0,0,0,0,0,0,0,0,0,0,0,0,0,0,0,0,0,0,0,0,0,0,0,0,0,0,0,0,0,0,0,0,0,0,0,0,0,0,0,0,0,0,0,0,0,0,0,0,0,0,0,0,0,0,0,0,0,0,0,0,0,0,0,0,0,0,0,0,0,0,0,0,0,0,0,0,0,0,0,0,0,0,0,0,0,0,0,0,0,0,0,0,0,0,0,0,0,0,0,0,0,0,0,0,0,0,0,0,0,0,0,0,0,0,0,0,0,0,0,0,0,0,0,0,0,0,0,0,0,0,0,0,0,0,0,0,0,0,0,0,0,0,0,0,0,0,0,0,0,0,0,0,0,0,0,0
"manyara/babati/ufana",0.00021,0.000112,2.5e-05,0.000543,0.00074,0.001007,0.000103,0.000108,0.000277,0.044139,0.001101,0.000396,0.000158,0.002407,0.007616,0.000288,0.000815,0.016683,0.002022,0.004595,2.5e-05,0.000117,0.000219,2e-05,2e-05,6e-06,0.000397,0.000106,9e-06,3e-05,0.001281,6.9e-05,1.1e-05,1.5e-05,0.000341,0.005116,0.000235,0.041628,0.000437,0.000645,0.001474,0.00023,0.001543,0.039523,0.000315,0.000494,0.000111,0.055044,0.011105,0.000138,0.000214,0.000124,9.6e-05,0.001338,0.023115,0.000624,3.2e-05,0.000131,0.000925,0.026139,0.000495,0.001518,0.001018,0.000184,1e-06,0.001605,0.000833,0.000376,0.000714,0.008629,5.7e-05,0.000166,3.9e-05,0.002233,0.002006,0.000897,0.000152,0.00156,0.000442,0.000976,0.000192,0.001224,0.002244,0.000281,0.004524,0.000134,0.00727,0.003311,0.019667,0.002854,0.000294,0.000443,0.007036,0.001191,6.2e-05,0.014481,0.000442,9e-06,0.003261,0.000811,0.000209,0.00011,0.000757,0.000362,0.000101,0.00424,0.000137,0.000661,0.000264,0.006543,0.000311,0.002073,0.016249,9e-06,3.1e-05,2.3e-05,0.002605,4.1e-05,0.003694,0.000341,0.000128,0.006494,2.2e-05,8.5e-05,1e-05,0.000309,0.001108,0.008774,0.000853,2.5e-05,2e-05,0.000537,0.001546,0.000151,6e-06,0.001314,7.3e-05,0.000441,0.008287,0.001069,0.000496,1.7e-05,0.000465,9.9e-05,4.4e-05,0.001236,0.000541,0.001621,0.001345,0.000447,2.1e-05,1.9e-05,3.5e-05,2.8e-05,0.001193,0.014903,6.7e-05,0.000104,0.000168,0.051947,0.000231,0.003868,9e-06,6.1e-05,0.000531,0.00027,0.000307,0.000254,0.002631,0.000133,0.000389,0.004347,0.038515,0.000604,0.00011,0.001511,0.010039,2.2e-05,0.001073,0.000818,1e-05,0.000135,0.002301,0.000181,0.006793,0.177963,1.4e-05,2.6e-05,0.003448,0.001038,0.000284,0.011122,0.001319,0.001756,0.008949,9.5e-05,2.4e-05,0.00027,0.001256,3.1e-05,0.004141,0.000713,0.000878,1.8e-05,0.001829,0.000143,0.011652,0.004422,0.001721,2.9e-05,2.5e-05,0.000165,0.00381,1.1e-05,8e-05,0.00031,8.9e-05,0.016739,0.000152,0.000949,0.003054,1.9e-05,0.000809,2.6e-05,0.004114,9.3e-05,0.005815,4.9e-05,0.000885,0.000591,0.000412,0.000375,0.005599,0.005458,0.000344,2e-06,2.9e-05,0.000546,0.00121,2e-05,0.000446,0.090013,1e-05,0.020101,1.4e-05,2e-05,6.9e-05,0.001888,0.001416,0.000254,0.012756,0.010583,3.9e-05,0.003457,0.000923,0.000614,2.8e-05,0.000118,1.6e-05,1.9e-05,1.4e-05,0.000325,3.8e-05,1.8e-05,0.004691,9.9e-05,0.000553,0.004699,0.000112,0.00202,0.003849,0.003075,2e-05,1.9e-05,0.010165,5.3e-05,0.000712,0.0014,0.00023,0.000367,0.000183,2.9e-05,0.032083,0.000969,3.8e-05,0.00027,0.000339,6e-05,0.007304,2.1e-05,0.000246,0.000255,5.5e-05,0.009807,0.000278,0.000489,0.003014,6.8e-05,0.000651,0.002056,1e-05,7e-06,1.9e-05,0.000272,6.7e-05,0.017931,0.00029,3.7e-05,2.3e-05,2.4e-05,0.002776,0.000749,0.000225,1.6e-05,0.000182,5.6e-05,4.2e-05,0.006193,0.005872,0.003841,0.000634,0.004625,0.000562,0.002503,0.022394,0.001165,0.001408,0.000105,0.000177,0.000893,0.001329,0.000567,0.02475,0.004307,0.001472,5e-05,9.4e-05,0.000197,0.008793,0.000336,6e-05,1.6e-05,5e-05,0.000564,0.002776,0.000528,0.000424,0.001474,0.002028,0.000571,0.000108,0.001363,0.000113,0.015827,0.002069,0.001878,0.001285,0.000104,4.1e-05,0.000272,0.00044,0.000228,0.000277,0.000152,0.000119,0.010255,0.002117,0.006663,8.9e-05,0.001015,0.000104,6e-06,2.3e-05,0.000107,4.8e-05,0.000708,0.000536,2.4e-05,0.003644,0.000275,1e-05,0.00099,0.011795,0,9.2e-05,0.000284,2.3e-05,0.002622,0.000481,1.6e-05,0.003922,1.9e-05,2e-05,4.1e-05,6e-06,9e-06,0.000722,0.000336
"manyara/mbulu/uhuru",0,0,0,0,0,0,0,0,0,0,0,0,0,0,0,0,0,0,0,0,0,0,0,0,0,0,0,0,0,0,0,0,0,0,0,0,0,0,0,0,0,0,0,0,0,0,0,0,0,0,0,0,0,0,0,0,0,0,0,0,0,0,0,0,0,0,0,0,0,0,0,0,0,0,0,0,0,0,0,0,0,0,0,0,0,0,0,0,0,0,0,0,0,0,0,0,0,0,0,0,0,0,0,0,0,0,0,0,0,0,0,0,0,0,0,0,0,0,0,0,0,0,0,0,0,0,0,0,0,0,0,0,0,0,0,0,0,0,0,0,0,0,0,0,0,0,0,0,0,0,0,0,0,0,0,0,0,0,0,0,0,0,0,0,0,0,0,0,0,0,0,0,0,0,0,0,0,0,0,0,0,0,0,0,0,0,0,0,0,0,0,0,0,0,0,0,0,0,0,0,0,0,0,0,0,0,0,0,0,0,0,0,0,0,0,0,0,0,0,0,0,0,0,0,0,0,0,0,0,0,0,0,0,0,0,0,0,0,0,0,0,0,0,0,0,0,0,0,0,0,0,0,0,0,0,0,0,0,0,0,0,0,0,0,0,0,0,0,0,0,0,0,0,0,0,0,0,0,0,0,0,0,0,0,0,0,0,0,0,0,0,0,0,0,0,0,0,0,0,0,0,0,0,0,0,0,0,0,0,0,0,0,0,0,0,0,0,0,0,0,0,0,0,0,0,0,0,0,0,0,0,0,0,0,0,0,0,0,0,0,0,0,0,0,0,0,0,0,0,0,0,0,0,0,0,0,0,0,0,0,0,0,0,0,0,0,0,0,0,0,0,0,0,0,0,0,0,0,0,0,0,0,0,0,0,0,0,0,0,0,0,0,0,0,0,0,0,0
"arusha/arushaurban/ungaltd",0,0,0,0,0,0,0,0,0,0,0,0,0,0,0,0,0,0,0,0,0,0,0,0,0,0,0,0,0,0,0,0,0,0,0,0,0,0,0,0,0,0,0,0,0,0,0,0,0,0,0,0,0,0,0,0,0,0,0,0,0,0,0,0,0,0,0,0,0,0,0,0,0,0,0,0,0,0,0,0,0,0,0,0,0,0,0,0,0,0,0,0,0,0,0,0,0,0,0,0,0,0,0,0,0,0,0,0,0,0,0,0,0,0,0,0,0,0,0,0,0,0,0,0,0,0,0,0,0,0,0,0,0,0,0,0,0,0,0,0,0,0,0,0,0,0,0,0,0,0,0,0,0,0,0,0,0,0,0,0,0,0,0,0,0,0,0,0,0,0,0,0,0,0,0,0,0,0,0,0,0,0,0,0,0,0,0,0,0,0,0,0,0,0,0,0,0,0,0,0,0,0,0,0,0,0,0,0,0,0,0,0,0,0,0,0,0,0,0,0,0,0,0,0,0,0,0,0,0,0,0,0,0,0,0,0,0,0,0,0,0,0,0,0,0,0,0,0,0,0,0,0,0,0,0,0,0,0,0,0,0,0,0,0,0,0,0,0,0,0,0,0,0,0,0,0,0,0,0,0,0,0,0,0,0,0,0,0,0,0,0,0,0,0,0,0,0,0,0,0,0,0,0,0,0,0,0,0,0,0,0,0,0,0,0,0,0,0,0,0,0,0,0,0,0,0,0,0,0,0,0,0,0,0,0,0,0,0,0,0,0,0,0,0,0,0,0,0,0,0,0,0,0,0,0,0,0,0,0,0,0,0,0,0,0,0,0,0,0,0,0,0,0,0,0,0,0,0,0,0,0,0,0,0,0,0,0,0,0,0,0,0,0,0,0,0,0,0
"kilimanjaro/moshi/urukaskazini",0,0,0,0,0,0,0,0,0,0,0,0,0,0,0,0,0,0,0,0,0,0,0,0,0,0,0,0,0,0,0,0,0,0,0,0,0,0,0,0,0,0,0,0,0,0,0,0,0,0,0,0,0,0,0,0,0,0,0,0,0,0,0,0,0,0,0,0,0,0,0,0,0,0,0,0,0,0,0,0,0,0,0,0,0,0,0,0,0,0,0,0,0,0,0,0,0,0,0,0,0,0,0,0,0,0,0,0,0,0,0,0,0,0,0,0,0,0,0,0,0,0,0,0,0,0,0,0,0,0,0,0,0,0,0,0,0,0,0,0,0,0,0,0,0,0,0,0,0,0,0,0,0,0,0,0,0,0,0,0,0,0,0,0,0,0,0,0,0,0,0,0,0,0,0,0,0,0,0,0,0,0,0,0,0,0,0,0,0,0,0,0,0,0,0,0,0,0,0,0,0,0,0,0,0,0,0,0,0,0,0,0,0,0,0,0,0,0,0,0,0,0,0,0,0,0,0,0,0,0,0,0,0,0,0,0,0,0,0,0,0,0,0,0,0,0,0,0,0,0,0,0,0,0,0,0,0,0,0,0,0,0,0,0,0,0,0,0,0,0,0,0,0,0,0,0,0,0,0,0,0,0,0,0,0,0,0,0,0,0,0,0,0,0,0,0,0,0,0,0,0,0,0,0,0,0,0,0,0,0,0,0,0,0,0,0,0,0,0,0,0,0,0,0,0,0,0,0,0,0,0,0,0,0,0,0,0,0,0,0,0,0,0,0,0,0,0,0,0,0,0,0,0,0,0,0,0,0,0,0,0,0,0,0,0,0,0,0,0,0,0,0,0,0,0,0,0,0,0,0,0,0,0,0,0,0,0,0,0,0,0,0,0,0,0,0,0,0
"kilimanjaro/moshi/urukusini",1e-06,0,2e-06,0,0,6.3e-05,0,0,0,1e-06,0,0,1e-06,1.3e-05,0,0,0,0,0,0,0,4e-06,0,8e-06,0,3e-06,0,0,0,0,7e-06,0,0,0,0,0,1e-06,0,0,0,0,0,0,0,0,0,0,0.000222,4e-06,0,0,0,0,0,0,0,0,0,1e-06,2e-06,1e-06,1e-06,3e-06,0,0,7e-06,1e-06,0,0,1e-06,0,0,1e-06,0,0,1e-06,0,0,0,0,0,0,0,0,0,0,0.000634,0,0,5e-06,0,0,0.000375,7e-06,0,0,2.8e-05,0,0.000221,5.5e-05,0,0,2e-06,2e-06,4e-05,1e-04,0,0.000478,5e-06,1e-06,2.3e-05,0.000191,0,0,3e-06,2e-06,0.000118,0,0.002509,0.000109,4.9e-05,0.002645,0,1e-06,0,1e-06,0,0.000168,8e-06,5e-06,4e-06,5.8e-05,6.9e-05,0.000145,0,7e-06,0,0.000179,3e-05,0.001002,1.4e-05,0,2e-06,2e-04,2e-06,1.9e-05,0,0.000269,0.000367,6.9e-05,2e-06,0,2e-06,0,4e-06,3.1e-05,3e-06,0,0,0.035512,7e-06,5e-06,5e-06,1e-06,0,0,7e-06,5e-06,1.1e-05,2e-06,0,3e-06,0.000168,2e-06,6e-06,0,4e-06,0,0.001857,0,0,0,4e-06,2.5e-05,0.001505,0.057825,1e-06,4e-06,0.001314,0.000201,4.9e-05,0,0,0,0,0,1e-06,0,0.00098,0,5.8e-05,0,2e-06,0,0.000171,5e-06,0.000806,2e-06,1e-06,3e-06,3e-06,0,0.000198,1e-06,0,1e-06,0,0.000738,2.5e-05,0.00012,0,0,0,3e-06,0.000471,8e-06,0.000751,5e-06,0,0,0,0,6e-06,1.4e-05,0,1e-06,2e-05,5e-06,0,1e-06,6e-06,7.6e-05,1e-05,0.000184,0,1.1e-05,4.2e-05,1.1e-05,0,0,5.8e-05,1.9e-05,0,1.8e-05,4.5e-05,1e-06,2e-06,3e-06,8e-06,0,0,8e-06,0,0,1e-06,0,0,1e-05,0,0,1.1e-05,7.6e-05,0,0,0.000815,5e-06,1e-06,3e-06,0,0,3e-06,0,0.000122,0,0,0,0,4e-06,0,1e-06,0,7e-06,0,6.5e-05,0.000141,1.6e-05,3.1e-05,0,5e-06,0,0,0,1e-05,2e-06,0,2e-06,2e-06,0,0,7e-06,9e-06,0,0,4e-06,9.7e-05,0,0,4e-05,0.000392,1.1e-05,1e-06,1.7e-05,3.1e-05,3.9e-05,9.2e-05,0,1e-06,1e-06,0,3e-06,7e-06,2e-06,9.7e-05,2e-06,2e-06,0,3.6e-05,0,7.5e-05,0,0,2.4e-05,0,0,9e-06,1e-06,0,7e-06,1.1e-05,0,0,5.4e-05,1e-06,7.4e-05,1e-06,2e-06,7e-06,2e-06,3e-06,0.000121,0,0,0,0,0,5.6e-05,8e-06,2.5e-05,0,1e-05,6.1e-05,0,0,0,3e-06,2e-06,1e-06,0,3.2e-05,0,0,0,0.00066,0,0,1e-06,1.2e-05,0,0.000399,9e-06,3.9e-05,2e-06,0,0,0,0,0,0
"kilimanjaro/moshi/urumashariki",0,0,0,0,0,0,0,0,0,0,0,0,0,0,0,0,0,0,0,0,0,0,0,0,0,0,0,0,0,0,0,0,0,0,0,0,0,0,0,0,0,0,0,0,0,0,0,0,0,0,0,0,0,0,0,0,0,0,0,0,0,0,0,0,0,0,0,0,0,0,0,0,0,0,0,0,0,0,0,0,0,0,0,0,0,0,0,0,0,0,0,0,0,0,0,0,0,0,0,0,0,0,0,0,0,0,0,0,0,0,0,0,0,0,0,0,0,0,0,0,0,0,0,0,0,0,0,0,0,0,0,0,0,0,0,0,0,0,0,0,0,0,0,0,0,0,0,0,0,0,0,0,0,0,0,0,0,0,0,0,0,0,0,0,0,0,0,0,0,0,0,0,0,0,0,0,0,0,0,0,0,0,0,0,0,0,0,0,0,0,0,0,0,0,0,0,0,0,0,0,0,0,0,0,0,0,0,0,0,0,0,0,0,0,0,0,0,0,0,0,0,0,0,0,0,0,0,0,0,0,0,0,0,0,0,0,0,0,0,0,0,0,0,0,0,0,0,0,0,0,0,0,0,0,0,0,0,0,0,0,0,0,0,0,0,0,0,0,0,0,0,0,0,0,0,0,0,0,0,0,0,0,0,0,0,0,0,0,0,0,0,0,0,0,0,0,0,0,0,0,0,0,0,0,0,0,0,0,0,0,0,0,0,0,0,0,0,0,0,0,0,0,0,0,0,0,0,0,0,0,0,0,0,0,0,0,0,0,0,0,0,0,0,0,0,0,0,0,0,0,0,0,0,0,0,0,0,0,0,0,0,0,0,0,0,0,0,0,0,0,0,0,0,0,0,0,0,0,0,0,0,0,0,0,0,0,0,0,0,0,0,0,0,0,0,0,0,0
"kilimanjaro/moshi/urushimbwe",0,0,0,0,0,0,0,0,0,0,0,0,0,0,0,0,0,0,0,0,0,0,0,0,0,0,0,0,0,0,0,0,0,0,0,0,0,0,0,0,0,0,0,0,0,0,0,0,0,0,0,0,0,0,0,0,0,0,0,0,0,0,0,0,0,0,0,0,0,0,0,0,0,0,0,0,0,0,0,0,0,0,0,0,0,0,0,0,0,0,0,0,0,0,0,0,0,0,0,0,0,0,0,0,0,0,0,0,0,0,0,0,0,0,0,0,0,0,0,0,0,0,0,0,0,0,0,0,0,0,0,0,0,0,0,0,0,0,0,0,0,0,0,0,0,0,0,0,0,0,0,0,0,0,0,0,0,0,0,0,0,0,0,0,0,0,0,0,0,0,0,0,0,0,0,0,0,0,0,0,0,0,0,0,0,0,0,0,0,0,0,0,0,0,0,0,0,0,0,0,0,0,0,0,0,0,0,0,0,0,0,0,0,0,0,0,0,0,0,0,0,0,0,0,0,0,0,0,0,0,0,0,0,0,0,0,0,0,0,0,0,0,0,0,0,0,0,0,0,0,0,0,0,0,0,0,0,0,0,0,0,0,0,0,0,0,0,0,0,0,0,0,0,0,0,0,0,0,0,0,0,0,0,0,0,0,0,0,0,0,0,0,0,0,0,0,0,0,0,0,0,0,0,0,0,0,0,0,0,0,0,0,0,0,0,0,0,0,0,0,0,0,0,0,0,0,0,0,0,0,0,0,0,0,0,0,0,0,0,0,0,0,0,0,0,0,0,0,0,0,0,0,0,0,0,0,0,0,0,0,0,0,0,0,0,0,0,0,0,0,0,0,0,0,0,0,0,0,0,0,0,0,0,0,0,0,0,0,0,0,0,0,0,0,0,0,0,0
"arusha/meru/usariver",0.001056,1e-06,3e-06,4e-06,0,0.000194,0,0,0,2.1e-05,0,0,0.000297,0.004884,3e-06,0,0,0,0,0,0,8.1e-05,0,4e-06,0,1e-06,0,0,0,1e-06,0.001109,0,0,1e-06,1e-06,0,0.00025,3e-06,0,7e-06,0,0,7e-06,2e-06,1e-06,0,5e-06,0.042776,0.000194,0,0,0,0,0,2e-06,0,2.1e-05,0,2.1e-05,5.8e-05,2.2e-05,3.2e-05,0.000143,1e-06,0,0.002011,0.000116,0,5e-06,1.9e-05,0,0,1.7e-05,2e-06,0,2.2e-05,3e-06,0,0,0,0,0,0,0,0,0,0.003944,0,2e-06,5.4e-05,0,0,0.00066,0.001256,2e-06,6e-06,0.000189,1e-06,0.000488,1e-04,0,0,1.4e-05,0.000371,2.2e-05,5e-04,0,0.00017,0.000203,2.5e-05,0.000125,0.000246,1e-06,9e-06,4e-06,2e-06,0.001827,0,0.000727,7.3e-05,3.3e-05,0.001322,2e-06,6e-06,1e-06,5e-06,7e-06,0.025939,0.003595,4e-06,3e-06,6.7e-05,0.000162,3.6e-05,0,0.002012,5.9e-05,7.6e-05,0.000587,0.000296,0.000737,0,0.000389,2.5e-05,4e-06,8.1e-05,0,0.000245,0.000205,6.1e-05,2e-06,1e-06,3e-06,1e-06,3e-05,0.003346,6e-06,5e-06,2e-06,0.012359,2e-05,0.000183,2e-06,3e-06,0,0,3.3e-05,0.000335,0.002966,1e-05,2e-06,0.000146,0.036731,2.1e-05,4e-05,1.4e-05,0.000193,2e-06,0.000258,6e-06,0,1e-06,4.2e-05,3.5e-05,0.00201,0.062445,3e-06,6e-06,0.001091,0.000366,8.2e-05,1e-06,2e-06,0,1.4e-05,0,2e-06,0,0.000271,0,0.024642,4e-06,2e-05,2.3e-05,0.000206,0.000123,0.001272,7.9e-05,1.2e-05,3e-06,3e-06,0,0.000344,1e-06,0,6e-06,0,0.001444,2e-05,0.000118,0,7.1e-05,0,1e-05,0.002022,4.2e-05,0.00195,1.7e-05,0,0,0,0,0.000141,0.002026,1e-06,0,5e-06,0.000601,1.2e-05,2e-06,0.000291,0.005366,2e-06,0.001098,0,4e-06,1.4e-05,0.005168,0,5.2e-05,0.013417,0.001153,5e-06,0.006518,0.000125,1.3e-05,3e-06,1e-05,3e-06,1e-06,0,5.6e-05,0,0,3.1e-05,5e-06,0,0.001088,0,5e-06,0.001091,0.000289,2e-06,1e-06,0.001103,6e-06,1.4e-05,5.5e-05,0,3e-06,5.1e-05,0,0.002123,0,0,0,0,7e-06,0,1.1e-05,2e-06,5.7e-05,1e-06,0.022401,5.4e-05,0.000158,0.002526,6e-05,5.1e-05,6e-06,1e-06,0,4e-06,1.2e-05,0,6.3e-05,0.000808,0.000255,7.1e-05,5e-06,0.001406,3e-06,1e-06,3e-06,3.2e-05,0,1e-06,0.002823,0.000616,0.001366,9.9e-05,0.00185,0.000426,0.000366,0.014633,9e-06,1.2e-05,0.000156,1e-06,0.000561,0.001672,0.000254,0.00257,4.2e-05,3.1e-05,0,2.2e-05,3e-06,0.080219,1e-06,0,4e-06,0,0,9.1e-05,7e-06,4e-06,0.001035,8e-05,6e-06,0,0.000801,0.000633,0.018782,4.5e-05,0.000133,0.000253,8e-06,4e-06,6.9e-05,0,0,0,0,1e-06,0.016725,0.001909,0.005127,0,0.002496,2.5e-05,0,1e-06,1e-06,6e-06,0.000475,2.7e-05,3.1e-05,0.000579,0,0,0,0.001198,1e-06,0,0.000266,4e-06,0.000596,8.9e-05,3e-06,0,2e-06,1e-06,1e-06,0,0,0,0
"kilimanjaro/rombo/ushiriikuini",0,0,0,0,0,0,0,0,0,0,0,0,0,0,0,0,0,0,0,0,0,0,0,0,0,0,0,0,0,0,0,0,0,0,0,0,0,0,0,0,0,0,0,0,0,0,0,0,0,0,0,0,0,0,0,0,0,0,0,0,0,0,0,0,0,0,0,0,0,0,0,0,0,0,0,0,0,0,0,0,0,0,0,0,0,0,0,0,0,0,0,0,0,0,0,0,0,0,0,0,0,0,0,0,0,0,0,0,0,0,0,0,0,0,0,0,0,0,0,0,0,0,0,0,0,0,0,0,0,0,0,0,0,0,0,0,0,0,0,0,0,0,0,0,0,0,0,0,0,0,0,0,0,0,0,0,0,0,0,0,0,0,0,0,0,0,0,0,0,0,0,0,0,0,0,0,0,0,0,0,0,0,0,0,0,0,0,0,0,0,0,0,0,0,0,0,0,0,0,0,0,0,0,0,0,0,0,0,0,0,0,0,0,0,0,0,0,0,0,0,0,0,0,0,0,0,0,0,0,0,0,0,0,0,0,0,0,0,0,0,0,0,0,0,0,0,0,0,0,0,0,0,0,0,0,0,0,0,0,0,0,0,0,0,0,0,0,0,0,0,0,0,0,0,0,0,0,0,0,0,0,0,0,0,0,0,0,0,0,0,0,0,0,0,0,0,0,0,0,0,0,0,0,0,0,0,0,0,0,0,0,0,0,0,0,0,0,0,0,0,0,0,0,0,0,0,0,0,0,0,0,0,0,0,0,0,0,0,0,0,0,0,0,0,0,0,0,0,0,0,0,0,0,0,0,0,0,0,0,0,0,0,0,0,0,0,0,0,0,0,0,0,0,0,0,0,0,0,0,0,0,0,0,0,0,0,0,0,0,0,0,0,0,0,0,0,0,0
"kilimanjaro/same/vudee",0,0,0,0,0,0,0,0,0,0,0,0,0,0,0,0,0,0,0,0,0,0,0,0,0,0,0,0,0,0,0,0,0,0,0,0,0,0,0,0,0,0,0,0,0,0,0,0,0,0,0,0,0,0,0,0,0,0,0,0,0,0,0,0,0,0,0,0,0,0,0,0,0,0,0,0,0,0,0,0,0,0,0,0,0,0,0,0,0,0,0,0,0,0,0,0,0,0,0,0,0,0,0,0,0,0,0,0,0,0,0,0,0,0,0,0,0,0,0,0,0,0,0,0,0,0,0,0,0,0,0,0,0,0,0,0,0,0,0,0,0,0,0,0,0,0,0,0,0,0,0,0,0,0,0,0,0,0,0,0,0,0,0,0,0,0,0,0,0,0,0,0,0,0,0,0,0,0,0,0,0,0,0,0,0,0,0,0,0,0,0,0,0,0,0,0,0,0,0,0,0,0,0,0,0,0,0,0,0,0,0,0,0,0,0,0,0,0,0,0,0,0,0,0,0,0,0,0,0,0,0,0,0,0,0,0,0,0,0,0,0,0,0,0,0,0,0,0,0,0,0,0,0,0,0,0,0,0,0,0,0,0,0,0,0,0,0,0,0,0,0,0,0,0,0,0,0,0,0,0,0,0,0,0,0,0,0,0,0,0,0,0,0,0,0,0,0,0,0,0,0,0,0,0,0,0,0,0,0,0,0,0,0,0,0,0,0,0,0,0,0,0,0,0,0,0,0,0,0,0,0,0,0,0,0,0,0,0,0,0,0,0,0,0,0,0,0,0,0,0,0,0,0,0,0,0,0,0,0,0,0,0,0,0,0,0,0,0,0,0,0,0,0,0,0,0,0,0,0,0,0,0,0,0,0,0,0,0,0,0,0,0,0,0,0,0,0,0
"kilimanjaro/same/vuje",0,0,0,0,0,0,0,0,0,0,0,0,0,0,0,0,0,0,0,0,0,0,0,0,0,0,0,0,0,0,0,0,0,0,0,0,0,0,0,0,0,0,0,0,0,0,0,0,0,0,0,0,0,0,0,0,0,0,0,0,0,0,0,0,0,0,0,0,0,0,0,0,0,0,0,0,0,0,0,0,0,0,0,0,0,0,0,0,0,0,0,0,0,0,0,0,0,0,0,0,0,0,0,0,0,0,0,0,0,0,0,0,0,0,0,0,0,0,0,0,0,0,0,0,0,0,0,0,0,0,0,0,0,0,0,0,0,0,0,0,0,0,0,0,0,0,0,0,0,0,0,0,0,0,0,0,0,0,0,0,0,0,0,0,0,0,0,0,0,0,0,0,0,0,0,0,0,0,0,0,0,0,0,0,0,0,0,0,0,0,0,0,0,0,0,0,0,0,0,0,0,0,0,0,0,0,0,0,0,0,0,0,0,0,0,0,0,0,0,0,0,0,0,0,0,0,0,0,0,0,0,0,0,0,0,0,0,0,0,0,0,0,0,0,0,0,0,0,0,0,0,0,0,0,0,0,0,0,0,0,0,0,0,0,0,0,0,0,0,0,0,0,0,0,0,0,0,0,0,0,0,0,0,0,0,0,0,0,0,0,0,0,0,0,0,0,0,0,0,0,0,0,0,0,0,0,0,0,0,0,0,0,0,0,0,0,0,0,0,0,0,0,0,0,0,0,0,0,0,0,0,0,0,0,0,0,0,0,0,0,0,0,0,0,0,0,0,0,0,0,0,0,0,0,0,0,0,0,0,0,0,0,0,0,0,0,0,0,0,0,0,0,0,0,0,0,0,0,0,0,0,0,0,0,0,0,0,0,0,0,0,0,0,0,0,0,0,0
"kilimanjaro/same/vumari",0,0,0,0,0,0,0,0,0,0,0,0,0,0,0,0,0,0,0,0,0,0,0,0,0,0,0,0,0,0,0,0,0,0,0,0,0,0,0,0,0,0,0,0,0,0,0,0,0,0,0,0,0,0,0,0,0,0,0,0,0,0,0,0,0,0,0,0,0,0,0,0,0,0,0,0,0,0,0,0,0,0,0,0,0,0,0,0,0,0,0,0,0,0,0,0,0,0,0,0,0,0,0,0,0,0,0,0,0,0,0,0,0,0,0,0,0,0,0,0,0,0,0,0,0,0,0,0,0,0,0,0,0,0,0,0,0,0,0,0,0,0,0,0,0,0,0,0,0,0,0,0,0,0,0,0,0,0,0,0,0,0,0,0,0,0,0,0,0,0,0,0,0,0,0,0,0,0,0,0,0,0,0,0,0,0,0,0,0,0,0,0,0,0,0,0,0,0,0,0,0,0,0,0,0,0,0,0,0,0,0,0,0,0,0,0,0,0,0,0,0,0,0,0,0,0,0,0,0,0,0,0,0,0,0,0,0,0,0,0,0,0,0,0,0,0,0,0,0,0,0,0,0,0,0,0,0,0,0,0,0,0,0,0,0,0,0,0,0,0,0,0,0,0,0,0,0,0,0,0,0,0,0,0,0,0,0,0,0,0,0,0,0,0,0,0,0,0,0,0,0,0,0,0,0,0,0,0,0,0,0,0,0,0,0,0,0,0,0,0,0,0,0,0,0,0,0,0,0,0,0,0,0,0,0,0,0,0,0,0,0,0,0,0,0,0,0,0,0,0,0,0,0,0,0,0,0,0,0,0,0,0,0,0,0,0,0,0,0,0,0,0,0,0,0,0,0,0,0,0,0,0,0,0,0,0,0,0,0,0,0,0,0,0,0,0,0,0
"kilimanjaro/same/vunta",0,0,0,0,0,0,0,0,0,0,0,0,0,0,0,0,0,0,0,0,0,0,0,0,0,0,0,0,0,0,0,0,0,0,0,0,0,0,0,0,0,0,0,0,0,0,0,0,0,0,0,0,0,0,0,0,0,0,0,0,0,0,0,0,0,0,0,0,0,0,0,0,0,0,0,0,0,0,0,0,0,0,0,0,0,0,0,0,0,0,0,0,0,0,0,0,0,0,0,0,0,0,0,0,0,0,0,0,0,0,0,0,0,0,0,0,0,0,0,0,0,0,0,0,0,0,0,0,0,0,0,0,0,0,0,0,0,0,0,0,0,0,0,0,0,0,0,0,0,0,0,0,0,0,0,0,0,0,0,0,0,0,0,0,0,0,0,0,0,0,0,0,0,0,0,0,0,0,0,0,0,0,0,0,0,0,0,0,0,0,0,0,0,0,0,0,0,0,0,0,0,0,0,0,0,0,0,0,0,0,0,0,0,0,0,0,0,0,0,0,0,0,0,0,0,0,0,0,0,0,0,0,0,0,0,0,0,0,0,0,0,0,0,0,0,0,0,0,0,0,0,0,0,0,0,0,0,0,0,0,0,0,0,0,0,0,0,0,0,0,0,0,0,0,0,0,0,0,0,0,0,0,0,0,0,0,0,0,0,0,0,0,0,0,0,0,0,0,0,0,0,0,0,0,0,0,0,0,0,0,0,0,0,0,0,0,0,0,0,0,0,0,0,0,0,0,0,0,0,0,0,0,0,0,0,0,0,0,0,0,0,0,0,0,0,0,0,0,0,0,0,0,0,0,0,0,0,0,0,0,0,0,0,0,0,0,0,0,0,0,0,0,0,0,0,0,0,0,0,0,0,0,0,0,0,0,0,0,0,0,0,0,0,0,0,0,0,0
"manyara/mbulu/yaedaampa",0,0,0,0,0,0,0,0,0,0,0,0,0,0,0,0,0,0,0,0,0,0,0,0,0,0,0,0,0,0,0,0,0,0,0,0,0,0,0,0,0,0,0,0,0,0,0,0,0,0,0,0,0,0,0,0,0,0,0,0,0,0,0,0,0,0,0,0,0,0,0,0,0,0,0,0,0,0,0,0,0,0,0,0,0,0,0,0,0,0,0,0,0,0,0,0,0,0,0,0,0,0,0,0,0,0,0,0,0,0,0,0,0,0,0,0,0,0,0,0,0,0,0,0,0,0,0,0,0,0,0,0,0,0,0,0,0,0,0,0,0,0,0,0,0,0,0,0,0,0,0,0,0,0,0,0,0,0,0,0,0,0,0,0,0,0,0,0,0,0,0,0,0,0,0,0,0,0,0,0,0,0,0,0,0,0,0,0,0,0,0,0,0,0,0,0,0,0,0,0,0,0,0,0,0,0,0,0,0,0,0,0,0,0,0,0,0,0,0,0,0,0,0,0,0,0,0,0,0,0,0,0,0,0,0,0,0,0,0,0,0,0,0,0,0,0,0,0,0,0,0,0,0,0,0,0,0,0,0,0,0,0,0,0,0,0,0,0,0,0,0,0,0,0,0,0,0,0,0,0,0,0,0,0,0,0,0,0,0,0,0,0,0,0,0,0,0,0,0,0,0,0,0,0,0,0,0,0,0,0,0,0,0,0,0,0,0,0,0,0,0,0,0,0,0,0,0,0,0,0,0,0,0,0,0,0,0,0,0,0,0,0,0,0,0,0,0,0,0,0,0,0,0,0,0,0,0,0,0,0,0,0,0,0,0,0,0,0,0,0,0,0,0,0,0,0,0,0,0,0,0,0,0,0,0,0,0,0,0,0,0,0,0,0,0,0,0,0
"manyara/mbulu/yaedachini",0,0,0,0,0,0,0,0,0,0,0,0,0,0,0,0,0,0,0,0,0,0,0,0,0,0,0,0,0,0,0,0,0,0,0,0,0,0,0,0,0,0,0,0,0,0,0,0,0,0,0,0,0,0,0,0,0,0,0,0,0,0,0,0,0,0,0,0,0,0,0,0,0,0,0,0,0,0,0,0,0,0,0,0,0,0,0,0,0,0,0,0,0,0,0,0,0,0,0,0,0,0,0,0,0,0,0,0,0,0,0,0,0,0,0,0,0,0,0,0,0,0,0,0,0,0,0,0,0,0,0,0,0,0,0,0,0,0,0,0,0,0,0,0,0,0,0,0,0,0,0,0,0,0,0,0,0,0,0,0,0,0,0,0,0,0,0,0,0,0,0,0,0,0,0,0,0,0,0,0,0,0,0,0,0,0,0,0,0,0,0,0,0,0,0,0,0,0,0,0,0,0,0,0,0,0,0,0,0,0,0,0,0,0,0,0,0,0,0,0,0,0,0,0,0,0,0,0,0,0,0,0,0,0,0,0,0,0,0,0,0,0,0,0,0,0,0,0,0,0,0,0,0,0,0,0,0,0,0,0,0,0,0,0,0,0,0,0,0,0,0,0,0,0,0,0,0,0,0,0,0,0,0,0,0,0,0,0,0,0,0,0,0,0,0,0,0,0,0,0,0,0,0,0,0,0,0,0,0,0,0,0,0,0,0,0,0,0,0,0,0,0,0,0,0,0,0,0,0,0,0,0,0,0,0,0,0,0,0,0,0,0,0,0,0,0,0,0,0,0,0,0,0,0,0,0,0,0,0,0,0,0,0,0,0,0,0,0,0,0,0,0,0,0,0,0,0,0,0,0,0,0,0,0,0,0,0,0,0,0,0,0,0,0,0,0,0,0
