"","arusha/meru/akheri","arusha/ngorongoro/alailelai","kilimanjaro/rombo/aleni","arusha/ngorongoro/arash","manyara/babati/arri","kilimanjaro/moshi/arushachini","manyara/mbulu/ayamaami","manyara/mbulu/ayamohe","manyara/babati/ayasanda","manyara/babatiurban/babati","manyara/babatiurban/bagara","manyara/hanang/balagidalalu","arusha/arusha/bangata","arusha/arushaurban/baraa","arusha/karatu/baray","manyara/mbulu/bargish","manyara/mbulu/bashay","manyara/babati/bashneti","manyara/hanang/bassodesh","manyara/hanang/bassotu","kilimanjaro/same/bendera","kilimanjaro/siha/biriri","manyara/babati/boay","kilimanjaro/moshimunicipal/bomambuzi","kilimanjaro/same/bombo","kilimanjaro/moshimunicipal/bondeni","manyara/babatiurban/bonga","arusha/karatu/buger","manyara/kiteto/bwagamoyo","kilimanjaro/same/bwambo","arusha/arusha/bwawani","manyara/kiteto/chapakazi","kilimanjaro/same/chome","kilimanjaro/mwanga/chomvu","arusha/karatu/daa","manyara/babati/dabil","arusha/arushaurban/darajambili","manyara/babati/dareda","manyara/mbulu/daudi","arusha/ngorongoro/digodigo","manyara/mbulu/dinamu","manyara/hanang/dirma","manyara/kiteto/dongo","manyara/mbulu/dongobesh","manyara/kiteto/dosidosi","manyara/babati/duru","arusha/longido/elengatadapash","arusha/arushaurban/elerai","manyara/simanjiro/emboreet","arusha/karatu/endabash","manyara/mbulu/endagikot","arusha/karatu/endamaghang","arusha/karatu/endamarariek","manyara/mbulu/endamilay","manyara/hanang/endasak","manyara/hanang/endasiwold","manyara/simanjiro/endiantu","manyara/babati/endokise","manyara/simanjiro/endonyongijape","arusha/ngorongoro/endulen","arusha/longido/engarenaibor","arusha/monduli/engaruka","arusha/longido/engikaret","manyara/kiteto/engusero","arusha/ngorongoro/enguserosambu","arusha/arushaurban/engutoto","arusha/monduli/engutoto","manyara/mbulu/eshkesh","arusha/monduli/esilalei","manyara/babati/galapo","arusha/karatu/ganako","manyara/hanang/ganana","kilimanjaro/siha/gararagua","manyara/mbulu/gehandu","manyara/hanang/gehandu","arusha/longido/gelailumbwa","arusha/longido/gelaimeirugoi","manyara/hanang/gendabi","manyara/hanang/getanuwas","manyara/mbulu/geterer","manyara/hanang/gidahababieg","manyara/babati/gidas","manyara/mbulu/gidihim","manyara/hanang/gisambalang","manyara/hanang/giting","manyara/mbulu/gunyoda","kilimanjaro/hai/haimjini","manyara/mbulu/hayderer","manyara/mbulu/haydom","kilimanjaro/same/hedaru","manyara/hanang/hidet","manyara/hanang/hirbadaw","kilimanjaro/rombo/holili","arusha/arusha/ilkidinga","arusha/longido/ilorienito","manyara/mbulu/imboru","kilimanjaro/siha/ivaeny","kilimanjaro/mwanga/jipe","kilimanjaro/moshi/kahe","kilimanjaro/moshi/kahemashariki","manyara/mbulu/kainam","arusha/ngorongoro/kakesio","kilimanjaro/same/kalemawe","arusha/arushaurban/kaloleni","kilimanjaro/moshimunicipal/kaloleni","arusha/longido/kamwanga","arusha/karatu/kansay","kilimanjaro/moshimunicipal/karanga","kilimanjaro/siha/karansi","arusha/karatu/karatu","kilimanjaro/siha/kashisha","kilimanjaro/rombo/katangaramrere","manyara/hanang/katesh","arusha/arushaurban/kati","kilimanjaro/rombo/kelamfuamokala","kilimanjaro/rombo/kenimengeni","kilimanjaro/hai/kia","manyara/kiteto/kibaya","kilimanjaro/moshimunicipal/kiboriloni","kilimanjaro/moshi/kiboshokati","kilimanjaro/moshi/kiboshomagharibi","kilimanjaro/moshi/kiboshomashariki","kilimanjaro/mwanga/kifula","kilimanjaro/mwanga/kighare","kilimanjaro/mwanga/kigoningoni","kilimanjaro/same/kihurio","manyara/kiteto/kijungu","arusha/meru/kikatiti","arusha/meru/kikwe","kilimanjaro/moshi/kilemakaskazini","kilimanjaro/moshi/kilemakati","kilimanjaro/moshi/kilemakusini","kilimanjaro/mwanga/kileo","kilimanjaro/moshimunicipal/kilimanjaro","kilimanjaro/mwanga/kilomeni","arusha/arushaurban/kimandolu","arusha/arusha/kimnyaki","kilimanjaro/moshi/kimochi","arusha/longido/kimokouwa","kilimanjaro/moshi/kindi","arusha/meru/kingori","kilimanjaro/same/kirangare","arusha/arusha/kiranyi","kilimanjaro/moshi/kirima","kilimanjaro/rombo/kirongosamanga","kilimanjaro/mwanga/kirongwe","manyara/babati/kiru","kilimanjaro/moshi/kiruavunjokusini","kilimanjaro/moshi/kiruavunjomagharibi","kilimanjaro/moshi/kiruavunjomashariki","kilimanjaro/rombo/kirwakeni","kilimanjaro/mwanga/kirya","kilimanjaro/rombo/kisalemsaranga","kilimanjaro/same/kisima","kilimanjaro/same/kisiwani","arusha/arusha/kisongo","kilimanjaro/rombo/kitirimakingachi","arusha/longido/kitumbeine","manyara/simanjiro/kitwai","kilimanjaro/moshimunicipal/kiusa","kilimanjaro/mwanga/kivisini","manyara/simanjiro/komolo","kilimanjaro/moshimunicipal/korongoni","kilimanjaro/mwanga/kwakoa","manyara/hanang/laghanga","manyara/hanang/lalaji","kilimanjaro/mwanga/langata","arusha/meru/leguruki","arusha/arushaurban/lemara","kilimanjaro/mwanga/lembeni","manyara/kiteto/lengatei","arusha/monduli/lepurko","arusha/arushaurban/levolosi","manyara/simanjiro/liborsoit","kilimanjaro/siha/livishi","manyara/simanjiro/loiborsiret","arusha/monduli/lolkisale","arusha/longido/longido","kilimanjaro/moshimunicipal/longuob","manyara/kiteto/loolera","kilimanjaro/same/lugulu","arusha/ngorongoro/maalon","kilimanjaro/same/mabilioni","kilimanjaro/moshi/mabogini","kilimanjaro/hai/machamekaskazini","kilimanjaro/hai/machamekusini","kilimanjaro/hai/machamemagharibi","kilimanjaro/hai/machamemashariki","kilimanjaro/hai/machamenarumu","kilimanjaro/hai/machameuroki","kilimanjaro/hai/machameweruweru","manyara/babati/madunga","manyara/babati/magara","manyara/mbulu/maghang","manyara/babati/magugu","manyara/kiteto/magungu","kilimanjaro/rombo/mahida","manyara/babatiurban/maisaka","kilimanjaro/moshimunicipal/majengo","arusha/monduli/majengo","arusha/meru/majiyachai","manyara/kiteto/makame","kilimanjaro/same/makanya","arusha/meru/makiba","kilimanjaro/rombo/makiidi","kilimanjaro/siha/makiwaru","kilimanjaro/moshi/makuyuni","arusha/monduli/makuyuni","arusha/ngorongoro/malambo","kilimanjaro/moshi/mambakaskazini","kilimanjaro/moshi/mambakusini","manyara/babati/mamire","kilimanjaro/rombo/mamsera","kilimanjaro/rombo/manda","arusha/karatu/mangola","kilimanjaro/same/maore","manyara/mbulu/marang","kilimanjaro/rombo/marangukitowo","kilimanjaro/moshi/marangumagharibi","kilimanjaro/moshi/marangumashariki","manyara/mbulu/maretadu","arusha/meru/maroroni","manyara/hanang/masakta","kilimanjaro/hai/masamakati","kilimanjaro/hai/masamakusini","kilimanjaro/hai/masamamagharibi","kilimanjaro/hai/masamamashariki","kilimanjaro/hai/masamarundugai","manyara/mbulu/masieda","manyara/hanang/maskron","manyara/hanang/masqaroda","manyara/mbulu/masqaroda","arusha/longido/matale","arusha/arusha/mateves","manyara/kiteto/matui","kilimanjaro/moshimunicipal/mawenzi","kilimanjaro/moshi/mbokomu","arusha/meru/mbuguni","arusha/karatu/mbulumbulu","kilimanjaro/rombo/mengwe","manyara/simanjiro/mererani","arusha/monduli/meserani","kilimanjaro/moshimunicipal/mfumuni","kilimanjaro/mwanga/mgagao","kilimanjaro/same/mhezi","kilimanjaro/moshimunicipal/miembeni","kilimanjaro/moshimunicipal/mjimpya","arusha/arusha/mlangarini","manyara/hanang/mogitu","arusha/monduli/moita","arusha/arusha/moivo","arusha/monduli/mondulijuu","arusha/monduli/mondulimjini","arusha/arushaurban/moshono","kilimanjaro/rombo/motamburukitendeni","kilimanjaro/same/mpinji","kilimanjaro/rombo/mraokeryo","kilimanjaro/mwanga/msangeni","kilimanjaro/moshimunicipal/msaranga","kilimanjaro/same/mshewa","kilimanjaro/same/msindo","manyara/simanjiro/msituwatembo","arusha/monduli/mswakini","kilimanjaro/same/mtii","arusha/monduli/mtowambu","arusha/longido/mundarara","manyara/mbulu/murray","arusha/arusha/mussa","manyara/babatiurban/mutuka","manyara/babati/mwada","arusha/arusha/mwandeti","kilimanjaro/mwanga/mwanga","kilimanjaro/mwanga/mwaniko","kilimanjaro/same/mwembe","kilimanjaro/moshi/mwikakusini","kilimanjaro/moshi/mwikakaskazini","kilimanjaro/same/myamba","manyara/simanjiro/naberera","manyara/mbulu/nahasey","arusha/ngorongoro/nainokanoka","manyara/simanjiro/naisinyai","arusha/ngorongoro/naiyobi","arusha/longido/namanga","manyara/mbulu/nambisi","manyara/kiteto/namelock","manyara/babatiurban/nangara","manyara/hanang/nangwa","kilimanjaro/rombo/nanjarareha","manyara/babati/nar","kilimanjaro/siha/nasai","manyara/kiteto/ndedo","kilimanjaro/siha/ndumeti","kilimanjaro/same/ndungu","arusha/arusha/nduruma","kilimanjaro/moshimunicipal/ngambo","kilimanjaro/siha/ngarenairobi","arusha/meru/ngarenanyuki","arusha/arushaurban/ngarenaro","manyara/simanjiro/ngorika","arusha/ngorongoro/ngorongoro","kilimanjaro/rombo/ngoyoni","kilimanjaro/mwanga/ngujini","kilimanjaro/moshimunicipal/njoro","kilimanjaro/same/njoro","manyara/kiteto/njoro","manyara/babati/nkaiti","arusha/meru/nkoanrua","arusha/meru/nkoaranga","arusha/meru/nkoarisambu","kilimanjaro/moshi/okaoni","arusha/arushaurban/olasiti","arusha/ngorongoro/olbalbal","manyara/kiteto/olboroti","kilimanjaro/moshi/oldmoshimagharibi","kilimanjaro/moshi/oldmoshimashariki","arusha/karatu/oldean","arusha/ngorongoro/oldonyosambu","arusha/arusha/oldonyosambu","kilimanjaro/rombo/olele","arusha/arusha/oljoro","manyara/simanjiro/oljorono","arusha/arusha/olkokola","kilimanjaro/siha/olkolili","arusha/longido/olmolog","arusha/arusha/olmotonyi","arusha/ngorongoro/oloipiri","arusha/ngorongoro/oloirien","arusha/arushaurban/oloirieni","arusha/ngorongoro/ololosokwan","arusha/arusha/olorieni","arusha/arusha/oltoroto","arusha/arusha/oltrumet","arusha/longido/orbomba","arusha/ngorongoro/orgosorok","manyara/simanjiro/orkesmet","manyara/kiteto/partimbo","kilimanjaro/moshimunicipal/pasua","arusha/ngorongoro/pinyinyi","arusha/meru/poli","manyara/babati/qashi","arusha/karatu/qurus","kilimanjaro/moshimunicipal/rau","arusha/karatu/rhotia","manyara/babati/riroda","kilimanjaro/same/ruvu","manyara/simanjiro/ruvuremiti","arusha/ngorongoro/sale","arusha/arusha/sambasha","kilimanjaro/same/same","arusha/ngorongoro/samunge","manyara/mbulu/sanubaray","kilimanjaro/siha/sanyajuu","arusha/meru/seelasingisi","arusha/arushaurban/sekei","arusha/monduli/selela","arusha/monduli/sepeko","manyara/simanjiro/shambarai","kilimanjaro/mwanga/shighatini","kilimanjaro/rombo/shimbi","kilimanjaro/moshimunicipal/shirimatunda","manyara/babatiurban/sigino","manyara/hanang/simbay","manyara/babatiurban/singe","manyara/hanang/sirop","arusha/ngorongoro/soitsambu","arusha/arusha/sokonii","arusha/arushaurban/sokonii","arusha/arushaurban/sombetini","manyara/kiteto/songambele","arusha/meru/songoro","kilimanjaro/moshimunicipal/soweto","kilimanjaro/same/stesheni","kilimanjaro/same/suji","manyara/kiteto/sunya","kilimanjaro/rombo/tarakeamotamburu","arusha/arushaurban/terrat","manyara/simanjiro/terrat","arusha/arushaurban/themi","arusha/longido/tingatinga","manyara/mbulu/tlawi","kilimanjaro/mwanga/toloha","manyara/mbulu/tumati","kilimanjaro/rombo/ubetukahe","manyara/babati/ufana","manyara/mbulu/uhuru","arusha/arushaurban/ungaltd","kilimanjaro/moshi/urukaskazini","kilimanjaro/moshi/urukusini","kilimanjaro/moshi/urumashariki","kilimanjaro/moshi/urushimbwe","arusha/meru/usariver","kilimanjaro/rombo/ushiriikuini","kilimanjaro/same/vudee","kilimanjaro/same/vuje","kilimanjaro/same/vumari","kilimanjaro/same/vunta","manyara/mbulu/yaedaampa","manyara/mbulu/yaedachini"
"arusha/meru/akheri",0,0,0,0,0,0,0,0,0,0,0,0,0,0,0,0,0,0,0,0,0,0,0,0,0,0,0,0,0,0,0,0,0,0,0,0,0,0,0,0,0,0,0,0,0,0,0,0,0,0,0,0,0,0,0,0,0,0,0,0,0,0,0,0,0,0,0,0,0,0,0,0,0,0,0,0,0,0,0,0,0,0,0,0,0,0,0,0,0,0,0,0,0,0,0,0,0,0,0,0,0,0,0,0,0,0,0,0,0,0,0,0,0,0,0,0,0,0,0,0,0,0,0,0,0,0,0,0,0,0,0,0,0,0,0,0,0,0,0,0,0,0,0,0,0,0,0,0,0,0,0,0,0,0,0,0,0,0,0,0,0,0,0,0,0,0,0,0,0,0,0,0,0,0,0,0,0,0,0,0,0,0,0,0,0,0,0,0,0,0,0,0,0,0,0,0,0,0,0,0,0,0,0,0,0,0,0,0,0,0,0,0,0,0,0,0,0,0,0,0,0,0,0,0,0,0,0,0,0,0,0,0,0,0,0,0,0,0,0,0,0,0,0,0,0,0,0,0,0,0,0,0,0,0,0,0,0,0,0,0,0,0,0,0,0,0,0,0,0,0,0,0,0,0,0,0,0,0,0,0,0,0,0,0,0,0,0,0,0,0,0,0,0,0,0,0,0,0,0,0,0,0,0,0,0,0,0,0,0,0,0,0,0,0,0,0,0,0,0,0,0,0,0,0,0,0,0,0,0,0,0,0,0,0,0,0,0,0,0,0,0,0,0,0,0,0,0,0,0,0,0,0,0,0,0,0,0,0,0,0,0,0,0,0,0,0,0,0,0,0,0,0,0,0,0,0,0,0,0,0,0,0,0,0,0,0,0,0,0,0,0,0,0,0,0,0,0,0
"arusha/ngorongoro/alailelai",0,0,0,0,0,0,0,0,0,0,0,0,0,0,0,0,0,0,0,0,0,0,0,0,0,0,0,0,0,0,0,0,0,0,0,0,0,0,0,0,0,0,0,0,0,0,0,0,0,0,0,0,0,0,0,0,0,0,0,0,0,0,0,0,0,0,0,0,0,0,0,0,0,0,0,0,0,0,0,0,0,0,0,0,0,0,0,0,0,0,0,0,0,0,0,0,0,0,0,0,0,0,0,0,0,0,0,0,0,0,0,0,0,0,0,0,0,0,0,0,0,0,0,0,0,0,0,0,0,0,0,0,0,0,0,0,0,0,0,0,0,0,0,0,0,0,0,0,0,0,0,0,0,0,0,0,0,0,0,0,0,0,0,0,0,0,0,0,0,0,0,0,0,0,0,0,0,0,0,0,0,0,0,0,0,0,0,0,0,0,0,0,0,0,0,0,0,0,0,0,0,0,0,0,0,0,0,0,0,0,0,0,0,0,0,0,0,0,0,0,0,0,0,0,0,0,0,0,0,0,0,0,0,0,0,0,0,0,0,0,0,0,0,0,0,0,0,0,0,0,0,0,0,0,0,0,0,0,0,0,0,0,0,0,0,0,0,0,0,0,0,0,0,0,0,0,0,0,0,0,0,0,0,0,0,0,0,0,0,0,0,0,0,0,0,0,0,0,0,0,0,0,0,0,0,0,0,0,0,0,0,0,0,0,0,0,0,0,0,0,0,0,0,0,0,0,0,0,0,0,0,0,0,0,0,0,0,0,0,0,0,0,0,0,0,0,0,0,0,0,0,0,0,0,0,0,0,0,0,0,0,0,0,0,0,0,0,0,0,0,0,0,0,0,0,0,0,0,0,0,0,0,0,0,0,0,0,0,0,0,0,0,0,0,0,0,0,0
"kilimanjaro/rombo/aleni",0,0,0,0,0,0,0,0,0,0,0,0,0,0,0,0,0,0,0,0,0,0,0,0,0,0,0,0,0,0,0,0,0,0,0,0,0,0,0,0,0,0,0,0,0,0,0,0,0,0,0,0,0,0,0,0,0,0,0,0,0,0,0,0,0,0,0,0,0,0,0,0,0,0,0,0,0,0,0,0,0,0,0,0,0,0,0,0,0,0,0,0,0,0,0,0,0,0,0,0,0,0,0,0,0,0,0,0,0,0,0,0,0,0,0,0,0,0,0,0,0,0,0,0,0,0,0,0,0,0,0,0,0,0,0,0,0,0,0,0,0,0,0,0,0,0,0,0,0,0,0,0,0,0,0,0,0,0,0,0,0,0,0,0,0,0,0,0,0,0,0,0,0,0,0,0,0,0,0,0,0,0,0,0,0,0,0,0,0,0,0,0,0,0,0,0,0,0,0,0,0,0,0,0,0,0,0,0,0,0,0,0,0,0,0,0,0,0,0,0,0,0,0,0,0,0,0,0,0,0,0,0,0,0,0,0,0,0,0,0,0,0,0,0,0,0,0,0,0,0,0,0,0,0,0,0,0,0,0,0,0,0,0,0,0,0,0,0,0,0,0,0,0,0,0,0,0,0,0,0,0,0,0,0,0,0,0,0,0,0,0,0,0,0,0,0,0,0,0,0,0,0,0,0,0,0,0,0,0,0,0,0,0,0,0,0,0,0,0,0,0,0,0,0,0,0,0,0,0,0,0,0,0,0,0,0,0,0,0,0,0,0,0,0,0,0,0,0,0,0,0,0,0,0,0,0,0,0,0,0,0,0,0,0,0,0,0,0,0,0,0,0,0,0,0,0,0,0,0,0,0,0,0,0,0,0,0,0,0,0,0,0,0,0,0,0,0,0
"arusha/ngorongoro/arash",5e-06,2.6e-05,1e-06,0,0,2.1e-05,0,0,0,3.8e-05,1e-06,0,4e-06,5.6e-05,2.1e-05,1e-06,1e-06,1e-06,0,1e-06,0,5e-06,0,0,0,0,0,1e-06,0,0,1.5e-05,0,0,0,8e-06,0,5e-06,1.1e-05,2e-06,0.000478,0,0,1.9e-05,1e-05,3e-06,0,7e-06,0.001348,7.3e-05,2e-06,0,2e-06,1e-06,0,7e-06,0,1e-06,0,1.1e-05,0.002516,6.6e-05,0.000207,5e-05,1e-06,0,3.4e-05,2.3e-05,0,1e-05,2.8e-05,2e-06,0,1e-06,5e-06,1e-06,0.000244,3e-05,0,0,0,0,1e-06,0,0,0,0,0.00017,0,1e-05,6e-05,0,0,0.000163,3.3e-05,6e-06,2.2e-05,1.2e-05,0,6.8e-05,1.7e-05,0,2e-06,1.2e-05,9e-06,2e-06,0.000147,1e-06,1.6e-05,8e-06,0.000195,9e-06,5.5e-05,4e-06,0,1e-06,1e-06,5.7e-05,0,8.8e-05,9e-06,5e-06,0.000172,0,2e-06,0,5e-06,1.4e-05,0.000292,1.7e-05,1e-06,0,1.7e-05,3.3e-05,4e-06,0,3.1e-05,2e-06,1e-05,0.000542,2.6e-05,1.2e-05,0,1.1e-05,2e-06,1e-06,2.4e-05,0,3.7e-05,3.3e-05,1e-05,1e-06,0,1e-06,0,2.1e-05,0.000346,3e-06,1.3e-05,2e-06,0.001262,5e-06,5.2e-05,0,1e-06,0,0,6e-06,7e-06,5.7e-05,2e-06,5e-06,0.000142,0.000928,8e-06,3e-06,1.1e-05,0.000113,1e-06,2.6e-05,8e-06,0,0.000598,3.3e-05,4e-06,0.000182,0.003073,0,1e-06,8.7e-05,2.7e-05,6e-06,2e-06,7e-06,0,2.7e-05,1e-06,1e-06,0,3e-05,1e-06,1e-04,4e-06,1.8e-05,0,4.6e-05,4e-06,0.000265,9.3e-05,0.002869,1e-06,1e-06,1e-06,9.1e-05,0,1e-06,5e-06,0,0.000447,4e-06,2.3e-05,0,0,0,1e-06,0.000102,2e-06,0.000159,1e-06,2e-06,0,0,0,0.000987,0.000111,2e-06,0,1e-06,1.4e-05,7.7e-05,0,8e-06,0.000871,0,0.00051,0,0,2e-06,4e-05,0,4e-06,0.000311,0.00059,1e-06,7.6e-05,2.8e-05,1e-05,1e-06,2e-06,0,0,0,9e-06,0,0,0.000132,1e-05,0,0.000121,0,6e-06,0.000113,6e-05,0,0,0.000241,1e-06,1.1e-05,2.1e-05,0,2.9e-05,3e-06,5e-06,0.002111,1e-06,0,0,0,2e-06,0,1e-06,2e-06,9e-06,1e-06,0.000194,7e-06,1.5e-05,0.00013,2e-06,1e-05,9.9e-05,0,0,0,5e-06,0,0.000127,7e-06,1e-06,1e-06,1e-06,8.8e-05,0.000251,1e-06,0,4e-06,1e-06,3.3e-05,3e-04,0.000158,9.1e-05,8e-06,0.00014,1.4e-05,9.6e-05,0.000844,0.002651,0.003142,2e-06,0.000107,2.2e-05,3.3e-05,1.5e-05,0.002058,0.003278,2.2e-05,0,2e-06,0.000103,0.000209,1e-06,1e-06,0,1e-06,0,4.1e-05,7e-06,0.000602,4.3e-05,3.3e-05,0.000691,0,3.8e-05,3e-06,0.000376,0.000106,4e-05,2.7e-05,2e-06,1e-06,6e-06,0,0,0,0,0.000108,0.000251,6.5e-05,0.000152,1e-06,2.7e-05,2e-06,0,0,1e-06,1e-06,1.4e-05,7e-06,1e-06,0.000225,0,0,0,0.000328,2e-06,0,7e-06,1e-06,6.5e-05,1.2e-05,0,8.9e-05,0,0,1e-06,0,0,0,0
"manyara/babati/arri",0,0,0,0,0,0,0,0,0,0,0,0,0,0,0,0,0,0,0,0,0,0,0,0,0,0,0,0,0,0,0,0,0,0,0,0,0,0,0,0,0,0,0,0,0,0,0,0,0,0,0,0,0,0,0,0,0,0,0,0,0,0,0,0,0,0,0,0,0,0,0,0,0,0,0,0,0,0,0,0,0,0,0,0,0,0,0,0,0,0,0,0,0,0,0,0,0,0,0,0,0,0,0,0,0,0,0,0,0,0,0,0,0,0,0,0,0,0,0,0,0,0,0,0,0,0,0,0,0,0,0,0,0,0,0,0,0,0,0,0,0,0,0,0,0,0,0,0,0,0,0,0,0,0,0,0,0,0,0,0,0,0,0,0,0,0,0,0,0,0,0,0,0,0,0,0,0,0,0,0,0,0,0,0,0,0,0,0,0,0,0,0,0,0,0,0,0,0,0,0,0,0,0,0,0,0,0,0,0,0,0,0,0,0,0,0,0,0,0,0,0,0,0,0,0,0,0,0,0,0,0,0,0,0,0,0,0,0,0,0,0,0,0,0,0,0,0,0,0,0,0,0,0,0,0,0,0,0,0,0,0,0,0,0,0,0,0,0,0,0,0,0,0,0,0,0,0,0,0,0,0,0,0,0,0,0,0,0,0,0,0,0,0,0,0,0,0,0,0,0,0,0,0,0,0,0,0,0,0,0,0,0,0,0,0,0,0,0,0,0,0,0,0,0,0,0,0,0,0,0,0,0,0,0,0,0,0,0,0,0,0,0,0,0,0,0,0,0,0,0,0,0,0,0,0,0,0,0,0,0,0,0,0,0,0,0,0,0,0,0,0,0,0,0,0,0,0,0,0,0,0,0,0,0,0,0,0,0,0,0,0,0,0,0,0,0,0,0
"kilimanjaro/moshi/arushachini",0,0,0,0,0,0,0,0,0,0,0,0,0,0,0,0,0,0,0,0,0,0,0,0,0,0,0,0,0,0,0,0,0,0,0,0,0,0,0,0,0,0,0,0,0,0,0,0,0,0,0,0,0,0,0,0,0,0,0,0,0,0,0,0,0,0,0,0,0,0,0,0,0,0,0,0,0,0,0,0,0,0,0,0,0,0,0,0,0,0,0,0,0,0,0,0,0,0,0,0,0,0,0,0,0,0,0,0,0,0,0,0,0,0,0,0,0,0,0,0,0,0,0,0,0,0,0,0,0,0,0,0,0,0,0,0,0,0,0,0,0,0,0,0,0,0,0,0,0,0,0,0,0,0,0,0,0,0,0,0,0,0,0,0,0,0,0,0,0,0,0,0,0,0,0,0,0,0,0,0,0,0,0,0,0,0,0,0,0,0,0,0,0,0,0,0,0,0,0,0,0,0,0,0,0,0,0,0,0,0,0,0,0,0,0,0,0,0,0,0,0,0,0,0,0,0,0,0,0,0,0,0,0,0,0,0,0,0,0,0,0,0,0,0,0,0,0,0,0,0,0,0,0,0,0,0,0,0,0,0,0,0,0,0,0,0,0,0,0,0,0,0,0,0,0,0,0,0,0,0,0,0,0,0,0,0,0,0,0,0,0,0,0,0,0,0,0,0,0,0,0,0,0,0,0,0,0,0,0,0,0,0,0,0,0,0,0,0,0,0,0,0,0,0,0,0,0,0,0,0,0,0,0,0,0,0,0,0,0,0,0,0,0,0,0,0,0,0,0,0,0,0,0,0,0,0,0,0,0,0,0,0,0,0,0,0,0,0,0,0,0,0,0,0,0,0,0,0,0,0,0,0,0,0,0,0,0,0,0,0,0,0,0,0,0,0,0,0
"manyara/mbulu/ayamaami",0,0,0,0,0,0,0,0,0,0,0,0,0,0,0,0,0,0,0,0,0,0,0,0,0,0,0,0,0,0,0,0,0,0,0,0,0,0,0,0,0,0,0,0,0,0,0,0,0,0,0,0,0,0,0,0,0,0,0,0,0,0,0,0,0,0,0,0,0,0,0,0,0,0,0,0,0,0,0,0,0,0,0,0,0,0,0,0,0,0,0,0,0,0,0,0,0,0,0,0,0,0,0,0,0,0,0,0,0,0,0,0,0,0,0,0,0,0,0,0,0,0,0,0,0,0,0,0,0,0,0,0,0,0,0,0,0,0,0,0,0,0,0,0,0,0,0,0,0,0,0,0,0,0,0,0,0,0,0,0,0,0,0,0,0,0,0,0,0,0,0,0,0,0,0,0,0,0,0,0,0,0,0,0,0,0,0,0,0,0,0,0,0,0,0,0,0,0,0,0,0,0,0,0,0,0,0,0,0,0,0,0,0,0,0,0,0,0,0,0,0,0,0,0,0,0,0,0,0,0,0,0,0,0,0,0,0,0,0,0,0,0,0,0,0,0,0,0,0,0,0,0,0,0,0,0,0,0,0,0,0,0,0,0,0,0,0,0,0,0,0,0,0,0,0,0,0,0,0,0,0,0,0,0,0,0,0,0,0,0,0,0,0,0,0,0,0,0,0,0,0,0,0,0,0,0,0,0,0,0,0,0,0,0,0,0,0,0,0,0,0,0,0,0,0,0,0,0,0,0,0,0,0,0,0,0,0,0,0,0,0,0,0,0,0,0,0,0,0,0,0,0,0,0,0,0,0,0,0,0,0,0,0,0,0,0,0,0,0,0,0,0,0,0,0,0,0,0,0,0,0,0,0,0,0,0,0,0,0,0,0,0,0,0,0,0,0,0
"manyara/mbulu/ayamohe",0,0,0,0,0,0,0,0,0,0,0,0,0,0,0,0,0,0,0,0,0,0,0,0,0,0,0,0,0,0,0,0,0,0,0,0,0,0,0,0,0,0,0,0,0,0,0,0,0,0,0,0,0,0,0,0,0,0,0,0,0,0,0,0,0,0,0,0,0,0,0,0,0,0,0,0,0,0,0,0,0,0,0,0,0,0,0,0,0,0,0,0,0,0,0,0,0,0,0,0,0,0,0,0,0,0,0,0,0,0,0,0,0,0,0,0,0,0,0,0,0,0,0,0,0,0,0,0,0,0,0,0,0,0,0,0,0,0,0,0,0,0,0,0,0,0,0,0,0,0,0,0,0,0,0,0,0,0,0,0,0,0,0,0,0,0,0,0,0,0,0,0,0,0,0,0,0,0,0,0,0,0,0,0,0,0,0,0,0,0,0,0,0,0,0,0,0,0,0,0,0,0,0,0,0,0,0,0,0,0,0,0,0,0,0,0,0,0,0,0,0,0,0,0,0,0,0,0,0,0,0,0,0,0,0,0,0,0,0,0,0,0,0,0,0,0,0,0,0,0,0,0,0,0,0,0,0,0,0,0,0,0,0,0,0,0,0,0,0,0,0,0,0,0,0,0,0,0,0,0,0,0,0,0,0,0,0,0,0,0,0,0,0,0,0,0,0,0,0,0,0,0,0,0,0,0,0,0,0,0,0,0,0,0,0,0,0,0,0,0,0,0,0,0,0,0,0,0,0,0,0,0,0,0,0,0,0,0,0,0,0,0,0,0,0,0,0,0,0,0,0,0,0,0,0,0,0,0,0,0,0,0,0,0,0,0,0,0,0,0,0,0,0,0,0,0,0,0,0,0,0,0,0,0,0,0,0,0,0,0,0,0,0,0,0,0,0,0
"manyara/babati/ayasanda",0,0,0,0,0,0,0,0,0,0,0,0,0,0,0,0,0,0,0,0,0,0,0,0,0,0,0,0,0,0,0,0,0,0,0,0,0,0,0,0,0,0,0,0,0,0,0,0,0,0,0,0,0,0,0,0,0,0,0,0,0,0,0,0,0,0,0,0,0,0,0,0,0,0,0,0,0,0,0,0,0,0,0,0,0,0,0,0,0,0,0,0,0,0,0,0,0,0,0,0,0,0,0,0,0,0,0,0,0,0,0,0,0,0,0,0,0,0,0,0,0,0,0,0,0,0,0,0,0,0,0,0,0,0,0,0,0,0,0,0,0,0,0,0,0,0,0,0,0,0,0,0,0,0,0,0,0,0,0,0,0,0,0,0,0,0,0,0,0,0,0,0,0,0,0,0,0,0,0,0,0,0,0,0,0,0,0,0,0,0,0,0,0,0,0,0,0,0,0,0,0,0,0,0,0,0,0,0,0,0,0,0,0,0,0,0,0,0,0,0,0,0,0,0,0,0,0,0,0,0,0,0,0,0,0,0,0,0,0,0,0,0,0,0,0,0,0,0,0,0,0,0,0,0,0,0,0,0,0,0,0,0,0,0,0,0,0,0,0,0,0,0,0,0,0,0,0,0,0,0,0,0,0,0,0,0,0,0,0,0,0,0,0,0,0,0,0,0,0,0,0,0,0,0,0,0,0,0,0,0,0,0,0,0,0,0,0,0,0,0,0,0,0,0,0,0,0,0,0,0,0,0,0,0,0,0,0,0,0,0,0,0,0,0,0,0,0,0,0,0,0,0,0,0,0,0,0,0,0,0,0,0,0,0,0,0,0,0,0,0,0,0,0,0,0,0,0,0,0,0,0,0,0,0,0,0,0,0,0,0,0,0,0,0,0,0,0,0
"manyara/babatiurban/babati",0.000113,3.8e-05,1e-05,0.000153,0.000418,0.000459,3.9e-05,4.6e-05,0.000432,0,0.007363,3.4e-05,8.4e-05,0.001327,0.000906,0.000105,6.1e-05,0.000569,3.5e-05,0.000117,1e-05,5.4e-05,0.000291,9e-06,8e-06,3e-06,0.001396,5.1e-05,4e-06,1.2e-05,0.000764,2.7e-05,5e-06,6e-06,0.000103,0.000217,0.000132,0.009294,0.000153,0.000197,6.6e-05,3.2e-05,0.000533,0.002481,0.000115,0.000421,5e-05,0.031459,0.011486,4.8e-05,6.8e-05,3.1e-05,4.3e-05,5.3e-05,0.004846,7.6e-05,1.7e-05,0.000312,0.000458,0.00586,0.000183,0.000629,0.000451,6.9e-05,0,0.000925,0.00047,2.3e-05,0.000424,0.017804,2.1e-05,1.1e-05,1.7e-05,0.001156,0.000107,0.000322,5.6e-05,3.5e-05,1.8e-05,2.8e-05,5.7e-05,0.000773,6.8e-05,4.8e-05,0.000217,3.4e-05,0.003408,4.2e-05,0.000745,0.001133,4.9e-05,2e-05,0.002856,0.000616,2.6e-05,0.004576,0.000195,4e-06,0.001436,0.000346,1e-04,1.8e-05,0.000285,0.000201,4.4e-05,0.001659,4.6e-05,0.000291,0.000122,0.002669,0.000137,0.000831,0.001161,5e-06,1.3e-05,9e-06,0.001266,1.7e-05,0.001593,0.000144,5.5e-05,0.002739,9e-06,3.6e-05,4e-06,0.000118,0.000437,0.004435,0.000468,1e-05,8e-06,0.000224,0.000654,6.6e-05,3e-06,0.000727,4e-05,0.000188,0.003181,0.000469,0.000241,7e-06,0.000258,4.3e-05,1.7e-05,0.000515,0.000632,0.000691,0.000563,0.000187,8e-06,8e-06,1.4e-05,1.2e-05,0.000456,0.00883,2.6e-05,4.3e-05,7.7e-05,0.023251,9.6e-05,0.003004,4e-06,2.5e-05,2.1e-05,2.8e-05,0.000137,0.000122,0.001506,5.7e-05,0.000146,0.002608,0.021785,0.000287,4.8e-05,0.001357,0.009689,9e-06,0.000468,0.000332,4e-06,3.9e-05,0.000928,8e-05,0.002949,0.086326,6e-06,1.1e-05,0.001519,0.000458,0.000129,0.00196,0.000825,4.9e-05,0.022926,3.3e-05,1e-05,0.001883,0.000546,1.5e-05,0.002112,0.000477,0.000361,1e-05,0.000736,6.7e-05,0.004845,0.003028,0.000513,1.2e-05,1e-05,0.000394,0.001526,4e-06,1.6e-05,0.000117,3.3e-05,0.006567,6.2e-05,0.00039,5.9e-05,1e-05,0.000182,1.2e-05,0.001882,4.2e-05,0.002539,2.3e-05,0.000189,6.7e-05,1e-04,5.5e-05,0.001946,0.003313,0.000132,1e-06,1.2e-05,0.000307,0.000534,8e-06,0.000241,0.067199,4e-06,0.008593,6e-06,9e-06,3e-05,0.001067,7.1e-05,0.000169,0.00705,0.00533,2.2e-05,0.001948,0.000367,0.000241,1.1e-05,5e-05,7e-06,7e-06,6e-06,0.000155,3.2e-05,7e-06,0.002366,3.8e-05,0.000222,0.002659,0.001829,0.003101,0.002061,0.001331,8e-06,8e-06,0.004169,2.1e-05,0.000275,0.00086,0.00015,0.00014,9.4e-05,1.1e-05,0.012238,0.000395,1.5e-05,0.004442,3.8e-05,2.4e-05,0.000204,1e-05,0.000125,0.000106,2.1e-05,0.005599,0.00012,0.00021,0.001443,3.8e-05,0.000312,0.00061,4e-06,3e-06,8e-06,0.000116,3e-05,0.017411,0.000156,1.9e-05,1.2e-05,1e-05,0.001615,0.000211,1e-04,7e-06,7.7e-05,1.8e-05,1.3e-05,0.002958,0.002328,0.002473,0.000446,0.002402,0.000263,0.001001,0.012195,0.000329,0.00041,5.9e-05,4.9e-05,0.000495,0.00072,0.00031,0.0102,0.001276,0.000765,2.1e-05,4.2e-05,6.5e-05,0.004672,0.000602,2.3e-05,7e-06,2.2e-05,0.00075,0.001226,0.000211,0.000129,0.000759,0.000859,0.000171,4.6e-05,0.000617,6e-05,0.008825,0.001057,0.001171,0.000764,4.4e-05,1.6e-05,0.000121,0.001263,6e-05,0.002589,4.5e-05,3.3e-05,0.005576,0.00122,0.003804,3.2e-05,0.000514,4.6e-05,3e-06,9e-06,3.8e-05,1.9e-05,0.000428,0.00044,1.4e-05,0.001496,6.1e-05,4e-06,0.000127,0.004654,8e-04,3.6e-05,0.00016,1e-05,0.001132,0.000203,7e-06,0.002085,8e-06,8e-06,1.6e-05,3e-06,4e-06,0.000101,3.1e-05
"manyara/babatiurban/bagara",0,0,0,0,0,0,0,0,0,0,0,0,0,0,0,0,0,0,0,0,0,0,0,0,0,0,0,0,0,0,0,0,0,0,0,0,0,0,0,0,0,0,0,0,0,0,0,0,0,0,0,0,0,0,0,0,0,0,0,0,0,0,0,0,0,0,0,0,0,0,0,0,0,0,0,0,0,0,0,0,0,0,0,0,0,0,0,0,0,0,0,0,0,0,0,0,0,0,0,0,0,0,0,0,0,0,0,0,0,0,0,0,0,0,0,0,0,0,0,0,0,0,0,0,0,0,0,0,0,0,0,0,0,0,0,0,0,0,0,0,0,0,0,0,0,0,0,0,0,0,0,0,0,0,0,0,0,0,0,0,0,0,0,0,0,0,0,0,0,0,0,0,0,0,0,0,0,0,0,0,0,0,0,0,0,0,0,0,0,0,0,0,0,0,0,0,0,0,0,0,0,0,0,0,0,0,0,0,0,0,0,0,0,0,0,0,0,0,0,0,0,0,0,0,0,0,0,0,0,0,0,0,0,0,0,0,0,0,0,0,0,0,0,0,0,0,0,0,0,0,0,0,0,0,0,0,0,0,0,0,0,0,0,0,0,0,0,0,0,0,0,0,0,0,0,0,0,0,0,0,0,0,0,0,0,0,0,0,0,0,0,0,0,0,0,0,0,0,0,0,0,0,0,0,0,0,0,0,0,0,0,0,0,0,0,0,0,0,0,0,0,0,0,0,0,0,0,0,0,0,0,0,0,0,0,0,0,0,0,0,0,0,0,0,0,0,0,0,0,0,0,0,0,0,0,0,0,0,0,0,0,0,0,0,0,0,0,0,0,0,0,0,0,0,0,0,0,0,0,0,0,0,0,0,0,0,0,0,0,0,0,0,0,0,0,0,0,0
"manyara/hanang/balagidalalu",0,0,0,0,0,0,0,0,0,0,0,0,0,0,0,0,0,0,0,0,0,0,0,0,0,0,0,0,0,0,0,0,0,0,0,0,0,0,0,0,0,0,0,0,0,0,0,0,0,0,0,0,0,0,0,0,0,0,0,0,0,0,0,0,0,0,0,0,0,0,0,0,0,0,0,0,0,0,0,0,0,0,0,0,0,0,0,0,0,0,0,0,0,0,0,0,0,0,0,0,0,0,0,0,0,0,0,0,0,0,0,0,0,0,0,0,0,0,0,0,0,0,0,0,0,0,0,0,0,0,0,0,0,0,0,0,0,0,0,0,0,0,0,0,0,0,0,0,0,0,0,0,0,0,0,0,0,0,0,0,0,0,0,0,0,0,0,0,0,0,0,0,0,0,0,0,0,0,0,0,0,0,0,0,0,0,0,0,0,0,0,0,0,0,0,0,0,0,0,0,0,0,0,0,0,0,0,0,0,0,0,0,0,0,0,0,0,0,0,0,0,0,0,0,0,0,0,0,0,0,0,0,0,0,0,0,0,0,0,0,0,0,0,0,0,0,0,0,0,0,0,0,0,0,0,0,0,0,0,0,0,0,0,0,0,0,0,0,0,0,0,0,0,0,0,0,0,0,0,0,0,0,0,0,0,0,0,0,0,0,0,0,0,0,0,0,0,0,0,0,0,0,0,0,0,0,0,0,0,0,0,0,0,0,0,0,0,0,0,0,0,0,0,0,0,0,0,0,0,0,0,0,0,0,0,0,0,0,0,0,0,0,0,0,0,0,0,0,0,0,0,0,0,0,0,0,0,0,0,0,0,0,0,0,0,0,0,0,0,0,0,0,0,0,0,0,0,0,0,0,0,0,0,0,0,0,0,0,0,0,0,0,0,0,0,0,0,0
"arusha/arusha/bangata",0,0,0,0,0,0,0,0,0,0,0,0,0,0,0,0,0,0,0,0,0,0,0,0,0,0,0,0,0,0,0,0,0,0,0,0,0,0,0,0,0,0,0,0,0,0,0,0,0,0,0,0,0,0,0,0,0,0,0,0,0,0,0,0,0,0,0,0,0,0,0,0,0,0,0,0,0,0,0,0,0,0,0,0,0,0,0,0,0,0,0,0,0,0,0,0,0,0,0,0,0,0,0,0,0,0,0,0,0,0,0,0,0,0,0,0,0,0,0,0,0,0,0,0,0,0,0,0,0,0,0,0,0,0,0,0,0,0,0,0,0,0,0,0,0,0,0,0,0,0,0,0,0,0,0,0,0,0,0,0,0,0,0,0,0,0,0,0,0,0,0,0,0,0,0,0,0,0,0,0,0,0,0,0,0,0,0,0,0,0,0,0,0,0,0,0,0,0,0,0,0,0,0,0,0,0,0,0,0,0,0,0,0,0,0,0,0,0,0,0,0,0,0,0,0,0,0,0,0,0,0,0,0,0,0,0,0,0,0,0,0,0,0,0,0,0,0,0,0,0,0,0,0,0,0,0,0,0,0,0,0,0,0,0,0,0,0,0,0,0,0,0,0,0,0,0,0,0,0,0,0,0,0,0,0,0,0,0,0,0,0,0,0,0,0,0,0,0,0,0,0,0,0,0,0,0,0,0,0,0,0,0,0,0,0,0,0,0,0,0,0,0,0,0,0,0,0,0,0,0,0,0,0,0,0,0,0,0,0,0,0,0,0,0,0,0,0,0,0,0,0,0,0,0,0,0,0,0,0,0,0,0,0,0,0,0,0,0,0,0,0,0,0,0,0,0,0,0,0,0,0,0,0,0,0,0,0,0,0,0,0,0,0,0,0,0,0,0
"arusha/arushaurban/baraa",0,0,0,0,0,0,0,0,0,0,0,0,0,0,0,0,0,0,0,0,0,0,0,0,0,0,0,0,0,0,0,0,0,0,0,0,0,0,0,0,0,0,0,0,0,0,0,0,0,0,0,0,0,0,0,0,0,0,0,0,0,0,0,0,0,0,0,0,0,0,0,0,0,0,0,0,0,0,0,0,0,0,0,0,0,0,0,0,0,0,0,0,0,0,0,0,0,0,0,0,0,0,0,0,0,0,0,0,0,0,0,0,0,0,0,0,0,0,0,0,0,0,0,0,0,0,0,0,0,0,0,0,0,0,0,0,0,0,0,0,0,0,0,0,0,0,0,0,0,0,0,0,0,0,0,0,0,0,0,0,0,0,0,0,0,0,0,0,0,0,0,0,0,0,0,0,0,0,0,0,0,0,0,0,0,0,0,0,0,0,0,0,0,0,0,0,0,0,0,0,0,0,0,0,0,0,0,0,0,0,0,0,0,0,0,0,0,0,0,0,0,0,0,0,0,0,0,0,0,0,0,0,0,0,0,0,0,0,0,0,0,0,0,0,0,0,0,0,0,0,0,0,0,0,0,0,0,0,0,0,0,0,0,0,0,0,0,0,0,0,0,0,0,0,0,0,0,0,0,0,0,0,0,0,0,0,0,0,0,0,0,0,0,0,0,0,0,0,0,0,0,0,0,0,0,0,0,0,0,0,0,0,0,0,0,0,0,0,0,0,0,0,0,0,0,0,0,0,0,0,0,0,0,0,0,0,0,0,0,0,0,0,0,0,0,0,0,0,0,0,0,0,0,0,0,0,0,0,0,0,0,0,0,0,0,0,0,0,0,0,0,0,0,0,0,0,0,0,0,0,0,0,0,0,0,0,0,0,0,0,0,0,0,0,0,0,0,0
"arusha/karatu/baray",2e-05,2.5e-05,2e-06,0.000111,1.1e-05,8.8e-05,9e-06,1.1e-05,5e-06,0.001174,2.2e-05,5e-06,1.5e-05,0.000231,0,4e-05,7.2e-05,6.1e-05,1.6e-05,4.4e-05,2e-06,1.1e-05,4e-06,2e-06,2e-06,1e-06,8e-06,1.7e-05,0,2e-06,0.000112,3e-06,1e-06,1e-06,0.000124,1.8e-05,2.3e-05,0.000397,7.5e-05,9.8e-05,5.3e-05,3e-06,9.5e-05,0.000789,1.6e-05,6e-06,1.5e-05,0.005601,0.000709,3.8e-05,2.1e-05,6.4e-05,1.9e-05,8e-05,0.000199,4e-06,3e-06,5e-06,6.5e-05,0.012521,6.1e-05,0.000246,0.000118,1e-05,0,0.000151,9.1e-05,9.6e-05,9.9e-05,0.000331,1.5e-05,1e-06,4e-06,0.000245,2.3e-05,0.000129,2.4e-05,5e-06,1e-05,2.3e-05,2e-06,1.6e-05,2.4e-05,4e-06,1.9e-05,2.3e-05,0.000668,2e-05,0.000852,0.00022,3e-06,1.4e-05,0.000634,0.00012,9e-06,0.00175,4.2e-05,1e-06,0.000285,7.1e-05,1.6e-05,9.6e-05,6e-05,3.5e-05,9e-06,0.000425,3.4e-05,6e-05,2.6e-05,0.001478,3e-05,0.000194,0.000121,1e-06,3e-06,2e-06,0.000235,2e-06,0.000336,3.2e-05,1.2e-05,0.000611,2e-06,7e-06,1e-06,2.4e-05,6.9e-05,0.00082,7.7e-05,2e-06,2e-06,4.8e-05,0.000135,1.4e-05,1e-06,0.000127,7e-06,4e-05,0.000961,9.8e-05,4.6e-05,1e-06,4.6e-05,9e-06,4e-06,0.000105,1.5e-05,0.000145,0.000123,4e-05,2e-06,2e-06,3e-06,2e-06,9.8e-05,0.001528,6e-06,1.4e-05,1.1e-05,0.004879,2e-05,0.000265,1e-06,5e-06,7e-06,4e-06,2.6e-05,2.5e-05,0.00025,1.1e-05,2.4e-05,0.000521,0.003853,4.5e-05,1.1e-05,7.7e-05,0.000763,3e-06,9.8e-05,5.2e-05,1e-06,2.4e-05,0.000175,1.6e-05,0.000644,0.01839,1e-06,3e-06,0.000321,9.8e-05,2.5e-05,0.000153,0.000156,4.7e-05,0.000437,5e-06,2e-06,8e-06,0.000114,5e-06,0.000392,3.4e-05,6.8e-05,2e-06,0.000169,1.4e-05,0.001046,0.000497,0.000384,3e-06,2e-06,7e-06,0.000346,1e-06,7.5e-05,2.5e-05,1.6e-05,0.001575,1.4e-05,8.6e-05,3.4e-05,2e-06,7e-06,2e-06,0.000383,9e-06,0.000555,4e-06,0.00035,4e-06,3e-06,5.8e-05,0.000753,0.000524,1.6e-05,0,3e-06,4.8e-05,0.000221,2e-06,3.8e-05,0.008858,1e-06,0.001674,1e-06,2e-06,6e-06,0.000175,9e-06,2.3e-05,0.001261,0.001258,4e-06,0.000327,9e-05,4.8e-05,3e-06,1e-05,1e-06,1e-06,1e-06,2.7e-05,4e-06,1e-06,0.000788,1.3e-05,2.2e-05,0.000492,3e-06,0.000129,0.00041,0.000262,2e-06,1e-06,0.000923,5e-06,5.6e-05,9.6e-05,1.7e-05,7.9e-05,1.5e-05,6e-06,0.003746,6e-05,2e-06,7e-06,3e-06,6e-06,3.3e-05,2e-06,1.3e-05,2.6e-05,4e-06,0.000889,2.5e-05,4.8e-05,0.000305,7e-06,5.2e-05,0.000712,1e-06,1e-06,2e-06,2.2e-05,3e-06,0.001596,2.8e-05,4e-06,2e-06,2e-06,0.000271,0.000228,1e-05,1e-06,1.7e-05,1.8e-05,6e-06,0.000654,0.000552,0.000339,5.1e-05,0.000488,5.3e-05,0.000258,0.002295,0.000194,0.00023,1e-05,2.7e-05,8.9e-05,0.000131,5.8e-05,0.002899,0.000653,1e-04,3e-06,8e-06,3.2e-05,0.000841,1.2e-05,1.5e-05,1e-06,1e-05,8e-06,0.000213,3.9e-05,7.1e-05,0.000151,0.000162,9.2e-05,1e-05,0.000132,1.1e-05,0.001554,0.000298,0.000201,0.000102,9e-06,4e-06,2.5e-05,9e-06,3e-06,6e-06,2e-06,1.9e-05,0.001006,0.000202,0.000649,5e-06,9.9e-05,9e-06,0,2e-06,7e-06,5e-06,6.5e-05,3.8e-05,2e-06,0.000391,2.2e-05,1e-06,2.2e-05,0.001121,0.000174,1.1e-05,2.8e-05,2e-06,0.000242,4.4e-05,1e-06,0.000368,2e-06,2e-06,3e-06,1e-06,1e-06,3.2e-05,0.000179
"manyara/mbulu/bargish",0,0,0,0,0,0,0,0,0,0,0,0,0,0,0,0,0,0,0,0,0,0,0,0,0,0,0,0,0,0,0,0,0,0,0,0,0,0,0,0,0,0,0,0,0,0,0,0,0,0,0,0,0,0,0,0,0,0,0,0,0,0,0,0,0,0,0,0,0,0,0,0,0,0,0,0,0,0,0,0,0,0,0,0,0,0,0,0,0,0,0,0,0,0,0,0,0,0,0,0,0,0,0,0,0,0,0,0,0,0,0,0,0,0,0,0,0,0,0,0,0,0,0,0,0,0,0,0,0,0,0,0,0,0,0,0,0,0,0,0,0,0,0,0,0,0,0,0,0,0,0,0,0,0,0,0,0,0,0,0,0,0,0,0,0,0,0,0,0,0,0,0,0,0,0,0,0,0,0,0,0,0,0,0,0,0,0,0,0,0,0,0,0,0,0,0,0,0,0,0,0,0,0,0,0,0,0,0,0,0,0,0,0,0,0,0,0,0,0,0,0,0,0,0,0,0,0,0,0,0,0,0,0,0,0,0,0,0,0,0,0,0,0,0,0,0,0,0,0,0,0,0,0,0,0,0,0,0,0,0,0,0,0,0,0,0,0,0,0,0,0,0,0,0,0,0,0,0,0,0,0,0,0,0,0,0,0,0,0,0,0,0,0,0,0,0,0,0,0,0,0,0,0,0,0,0,0,0,0,0,0,0,0,0,0,0,0,0,0,0,0,0,0,0,0,0,0,0,0,0,0,0,0,0,0,0,0,0,0,0,0,0,0,0,0,0,0,0,0,0,0,0,0,0,0,0,0,0,0,0,0,0,0,0,0,0,0,0,0,0,0,0,0,0,0,0,0,0,0,0,0,0,0,0,0,0,0,0,0,0,0,0,0,0,0,0,0,0
"manyara/mbulu/bashay",0,0,0,0,0,0,0,0,0,0,0,0,0,0,0,0,0,0,0,0,0,0,0,0,0,0,0,0,0,0,0,0,0,0,0,0,0,0,0,0,0,0,0,0,0,0,0,0,0,0,0,0,0,0,0,0,0,0,0,0,0,0,0,0,0,0,0,0,0,0,0,0,0,0,0,0,0,0,0,0,0,0,0,0,0,0,0,0,0,0,0,0,0,0,0,0,0,0,0,0,0,0,0,0,0,0,0,0,0,0,0,0,0,0,0,0,0,0,0,0,0,0,0,0,0,0,0,0,0,0,0,0,0,0,0,0,0,0,0,0,0,0,0,0,0,0,0,0,0,0,0,0,0,0,0,0,0,0,0,0,0,0,0,0,0,0,0,0,0,0,0,0,0,0,0,0,0,0,0,0,0,0,0,0,0,0,0,0,0,0,0,0,0,0,0,0,0,0,0,0,0,0,0,0,0,0,0,0,0,0,0,0,0,0,0,0,0,0,0,0,0,0,0,0,0,0,0,0,0,0,0,0,0,0,0,0,0,0,0,0,0,0,0,0,0,0,0,0,0,0,0,0,0,0,0,0,0,0,0,0,0,0,0,0,0,0,0,0,0,0,0,0,0,0,0,0,0,0,0,0,0,0,0,0,0,0,0,0,0,0,0,0,0,0,0,0,0,0,0,0,0,0,0,0,0,0,0,0,0,0,0,0,0,0,0,0,0,0,0,0,0,0,0,0,0,0,0,0,0,0,0,0,0,0,0,0,0,0,0,0,0,0,0,0,0,0,0,0,0,0,0,0,0,0,0,0,0,0,0,0,0,0,0,0,0,0,0,0,0,0,0,0,0,0,0,0,0,0,0,0,0,0,0,0,0,0,0,0,0,0,0,0,0,0,0,0,0,0
"manyara/babati/bashneti",0.000756,0.00038,8.4e-05,0.002456,0.006303,0.003467,0.000471,0.000482,0.001533,0.217137,0.006723,0.000967,0.000568,0.008683,0.021194,0.00121,0.003491,0,0.003248,0.008852,8.4e-05,0.000575,0.001109,6.8e-05,6.7e-05,2.1e-05,0.002196,0.00043,3.1e-05,1e-04,0.003015,0.000229,3.8e-05,5e-05,0.001694,0.050196,0.000855,0.456338,0.002509,0.002079,0.003802,0.000998,0.007062,0.206325,0.001466,0.003089,0.000393,0.181224,0.044384,0.000726,0.001347,0.000414,0.000366,0.002628,0.150399,0.003193,0.000113,0.000603,0.003218,0.108362,0.002348,0.007534,0.003542,0.000607,2e-06,0.005852,0.003067,0.000831,0.002797,0.053354,0.000206,0.000441,0.000134,0.009783,0.005557,0.004255,0.000516,0.002554,0.000745,0.001459,0.000904,0.008912,0.00673,0.000848,0.015368,0.000754,0.024946,0.003404,0.046238,0.013403,0.001164,0.001098,0.023429,0.004258,0.000217,0.059871,0.00152,3e-05,0.011106,0.002757,0.001003,0.000322,0.0025,0.001314,0.000347,0.014146,0.000521,0.002267,0.00092,0.033563,0.001071,0.006957,0.058817,3.2e-05,0.000105,7.8e-05,0.00908,0.000138,0.012538,0.001161,0.000618,0.021859,7.6e-05,0.000289,3.2e-05,0.001024,0.005215,0.042878,0.003068,8.3e-05,6.9e-05,0.002577,0.005237,0.000516,2.2e-05,0.004758,0.000265,0.001503,0.027518,0.003661,0.00174,5.7e-05,0.001689,0.000341,0.000147,0.004171,0.004907,0.005507,0.004557,0.001517,7.1e-05,6.5e-05,0.000119,9.3e-05,0.003954,0.053677,0.000316,0.00051,0.000576,0.162874,0.000783,0.020788,3.2e-05,0.000207,0.001253,0.000679,0.001053,0.000891,0.009568,0.000452,0.001817,0.02309,0.130481,0.002088,0.000378,0.008407,0.056374,7.6e-05,0.003671,0.002738,3.3e-05,0.000431,0.007681,0.000622,0.022997,0.338391,4.7e-05,9e-05,0.011773,0.003564,0.000979,0.097471,0.007958,0.004073,0.059201,0.000308,7.9e-05,0.001574,0.004289,0.000116,0.014592,0.002656,0.004177,6.5e-05,0.006143,0.000498,0.03866,0.024325,0.005606,9.7e-05,8.6e-05,0.001079,0.01273,3.7e-05,0.000258,0.001025,0.000356,0.054475,0.000513,0.003204,0.006595,6.9e-05,0.007034,9e-05,0.014137,0.000321,0.019757,0.000171,0.003152,0.00235,0.002643,0.001943,0.018387,0.020043,0.001146,6e-06,9.8e-05,0.00279,0.006223,6.6e-05,0.001592,0.20485,3.5e-05,0.091462,4.7e-05,6.8e-05,0.000236,0.006838,0.003155,0.00096,0.045203,0.052392,0.000143,0.012496,0.003105,0.002045,9.4e-05,4e-04,5.5e-05,6.2e-05,4.8e-05,0.001597,0.000158,6e-05,0.024943,0.000335,0.003118,0.01712,0.000612,0.009236,0.013871,0.010429,6.7e-05,6.2e-05,0.033739,0.000179,0.002363,0.007195,0.001102,0.001296,0.000646,1e-04,0.101934,0.004803,0.000181,0.002085,0.001122,0.000202,0.060082,7.4e-05,0.000865,0.000868,0.000182,0.034979,0.000949,0.001676,0.014881,0.000248,0.002258,0.006974,3.2e-05,2.3e-05,6.4e-05,0.000922,0.000229,0.103083,0.001043,0.000132,8.2e-05,8.2e-05,0.014343,0.003474,0.000776,5.4e-05,0.00062,0.000197,0.000193,0.030365,0.019533,0.020101,0.002404,0.016498,0.001955,0.00843,0.107618,0.005215,0.006351,0.000382,0.000557,0.003246,0.004793,0.002059,0.112009,0.013683,0.007303,0.00024,0.000323,0.00065,0.031025,0.001493,0.00022,5.4e-05,0.000188,0.005355,0.009428,0.001765,0.001372,0.005268,0.006848,0.001837,0.00049,0.004709,0.000405,0.055823,0.010793,0.007086,0.006596,0.000352,0.000137,0.000935,0.00293,0.001281,0.001579,0.000576,0.000375,0.036353,0.010915,0.024065,0.00029,0.003601,0.000355,2e-05,7.8e-05,0.000494,0.000161,0.002613,0.002961,8.8e-05,0.017418,0.001217,3.4e-05,0.005831,0.038792,0.122591,0.000399,0.001036,7.8e-05,0.008925,0.001638,5.4e-05,0.01395,6.3e-05,6.6e-05,0.000136,2.1e-05,3e-05,0.00333,0.000948
"manyara/hanang/bassodesh",0.000212,0.000119,2.7e-05,0.000896,0.000339,0.001073,7.2e-05,7.8e-05,0.000165,0.027241,0.000626,0.000483,0.00016,0.002417,0.009351,0.000221,0.000944,0.005588,0,0.042792,2.8e-05,0.000175,0.000139,2.1e-05,2.2e-05,7e-06,0.00024,8.8e-05,1e-05,3.3e-05,0.000816,7.4e-05,1.3e-05,1.6e-05,0.000475,0.002128,0.000234,0.023304,0.000495,0.000746,0.001123,0.000294,0.002481,0.027505,0.000492,0.000262,0.000114,0.054769,0.009539,0.000179,0.000213,0.00013,8.6e-05,0.002001,0.017365,0.000293,3.2e-05,9.7e-05,0.00097,0.043019,0.000773,0.002212,0.001069,0.000203,1e-06,0.001593,0.000814,0.000641,0.000633,0.009236,5.5e-05,0.000128,4.2e-05,0.00167,0.005185,0.001396,0.000163,0.001035,0.001871,0.004751,0.000114,0.001034,0.00097,0.000286,0.001996,0.000149,0.007673,0.005438,0.090225,0.004463,0.000186,0.002397,0.007707,0.001213,6.5e-05,0.010698,0.000471,1e-05,0.003504,0.000878,0.000141,0.000138,0.000847,0.000361,0.000109,0.004664,0.000119,0.000708,0.000278,0.008714,0.000333,0.002273,0.019078,9e-06,3.4e-05,2.5e-05,0.002726,4.3e-05,0.003982,0.000369,0.000195,0.007029,2.5e-05,9.3e-05,1.1e-05,0.000345,0.001724,0.012814,0.000863,2.7e-05,2.2e-05,0.000827,0.001677,0.000162,7e-06,0.001317,7.3e-05,0.000477,0.009079,0.001146,0.000517,1.9e-05,0.000464,0.000107,4.8e-05,0.001347,0.000421,0.001754,0.001461,0.000486,2.3e-05,2e-05,3.9e-05,3e-05,0.00133,0.014509,0.000104,0.000157,0.000178,0.055612,0.000252,0.005101,1e-05,6.7e-05,0.002356,0.000358,0.000329,0.000266,0.002612,0.000143,0.000614,0.005762,0.038407,0.00064,0.000118,0.001906,0.012145,2.4e-05,0.001153,0.000895,1.1e-05,0.000158,0.002532,0.000194,0.007296,0.127299,1.5e-05,2.9e-05,0.003692,0.001111,0.000302,0.004595,0.001469,0.004338,0.008968,0.000106,2.6e-05,0.000162,0.001351,2.9e-05,0.004263,0.000676,0.001363,1.9e-05,0.002004,0.000151,0.012692,0.00559,0.001942,3.2e-05,2.8e-05,0.000173,0.004186,1.2e-05,8.4e-05,0.000346,7.3e-05,0.018479,0.000165,0.001035,0.003678,2e-05,0.000335,2.8e-05,0.004363,9.9e-05,0.006234,5.2e-05,0.000796,0.000332,0.000193,0.000418,0.006252,0.005311,0.000371,2e-06,3.1e-05,0.00078,0.00167,2.2e-05,0.000455,0.054281,1.1e-05,0.030694,1.5e-05,2.1e-05,7.4e-05,0.001888,0.001315,0.000242,0.012771,0.015034,3.8e-05,0.003453,0.001012,0.000681,3.1e-05,0.000128,1.7e-05,2.1e-05,1.6e-05,0.000485,3.2e-05,2e-05,0.006088,0.000107,0.000318,0.004622,7.1e-05,0.001507,0.003848,0.003321,2.2e-05,2e-05,0.011105,5.8e-05,0.000791,0.001971,0.000159,0.000373,0.00019,3.1e-05,0.035288,0.000623,5.9e-05,0.00024,0.00024,6.6e-05,0.001839,2.3e-05,0.000251,0.000276,6.1e-05,0.009816,0.000299,0.000525,0.00444,6.8e-05,0.000687,0.002145,1.1e-05,7e-06,2e-05,0.000295,6.9e-05,0.020069,0.000292,3.8e-05,2.3e-05,2.6e-05,0.003866,0.001179,0.000231,1.7e-05,0.000197,5.5e-05,6.8e-05,0.009089,0.006459,0.005246,0.000601,0.004677,0.000592,0.002732,0.031607,0.001951,0.002333,0.000105,0.000212,0.00089,0.001337,0.000565,0.037384,0.005034,0.002159,7.6e-05,0.000101,0.000221,0.008942,0.000257,5.7e-05,1.7e-05,4.7e-05,0.000415,0.00299,0.000583,0.000486,0.0015,0.002206,0.000661,7.7e-05,0.001445,0.000115,0.015826,0.002822,0.001775,0.001818,0.000113,4.5e-05,0.000291,0.000236,0.000227,0.000166,0.000117,0.000141,0.010325,0.002969,0.006606,9.9e-05,0.001043,0.000111,6e-06,2.6e-05,0.00017,5.3e-05,0.000694,0.000693,2.4e-05,0.005573,0.000185,1.1e-05,0.000476,0.012991,0.027289,6.8e-05,0.000283,2.5e-05,0.002824,0.000521,1.7e-05,0.003993,2e-05,2.2e-05,4.5e-05,7e-06,1e-05,0.000426,0.000362
"manyara/hanang/bassotu",0.000296,0.000157,3.9e-05,0.001223,0.000403,0.00154,8e-05,8.9e-05,0.000224,0.034829,0.000804,0.001011,0.000222,0.003359,0.010295,0.00025,0.000897,0.005983,0.017071,0,4.2e-05,0.000248,0.000195,3e-05,3.3e-05,9e-06,0.000322,0.000105,1.5e-05,4.9e-05,0.00114,0.000117,1.9e-05,2.4e-05,0.000571,0.002585,0.000324,0.027366,0.000563,0.00104,0.000984,0.000523,0.00383,0.026239,0.000774,0.000348,0.000155,0.074581,0.012998,0.000212,0.000236,0.000156,0.000105,0.001671,0.024419,0.000405,4.6e-05,0.000131,0.001423,0.053713,0.001083,0.002947,0.001483,0.000316,1e-06,0.002209,0.001106,0.000649,0.000801,0.012623,6.9e-05,0.000222,5.9e-05,0.001937,0.014049,0.001927,0.000222,0.001612,0.004518,0.003527,0.000167,0.00146,0.000858,0.000521,0.002795,0.000164,0.010894,0.002891,0.086013,0.006584,0.000286,0.004378,0.01111,0.001686,8.9e-05,0.011869,0.000669,1.4e-05,0.005038,0.001266,0.00016,0.000168,0.001251,5e-04,0.000156,0.006658,0.000139,0.001014,0.000391,0.010745,0.000473,0.003268,0.033716,1.2e-05,4.9e-05,3.7e-05,0.00387,6.6e-05,0.005705,0.000528,0.000278,0.010043,3.6e-05,0.000135,1.5e-05,0.000509,0.002622,0.017998,0.001211,3.8e-05,3.2e-05,0.001192,0.002422,0.000232,1e-05,0.001828,0.000102,0.000686,0.012744,0.001638,0.000731,2.8e-05,0.000642,0.000153,7e-05,0.001956,0.000496,0.002522,0.002099,7e-04,3.3e-05,2.9e-05,5.7e-05,4.4e-05,0.001953,0.019742,0.00015,0.000215,0.000266,0.078296,0.000365,0.007151,1.4e-05,9.7e-05,0.010005,0.00075,0.000476,0.000374,0.003619,0.000208,0.000937,0.0076,0.05262,0.000934,0.000167,0.002729,0.016163,3.4e-05,0.001651,0.001352,1.6e-05,0.000218,0.003741,0.000279,0.010387,0.174766,2.1e-05,4.1e-05,0.005264,0.001583,0.000432,0.005005,0.001757,0.003135,0.011409,0.000165,3.7e-05,0.000201,0.001936,3.7e-05,0.005985,0.001005,0.002006,2.7e-05,0.002886,0.000213,0.018246,0.007265,0.0026,4.5e-05,4e-05,0.000228,0.00604,1.7e-05,9.7e-05,0.00051,8.4e-05,0.026511,0.000238,0.001491,0.002653,2.8e-05,0.00042,4e-05,0.006202,0.000141,0.008864,7.4e-05,0.000883,0.000495,0.000258,0.000433,0.008715,0.007288,0.000586,3e-06,4.5e-05,0.001097,0.002148,3.1e-05,0.000644,0.071895,1.6e-05,0.044232,2.3e-05,3e-05,0.000107,0.002631,0.002487,0.000332,0.017638,0.020407,5.1e-05,0.004796,0.001448,0.001004,4.4e-05,0.000186,2.5e-05,3e-05,2.3e-05,0.000697,4.1e-05,3e-05,0.007658,0.000149,0.000353,0.006314,9.1e-05,0.001906,0.005281,0.004799,3.1e-05,3e-05,0.015965,8.4e-05,0.001168,0.00284,0.000184,0.00048,0.000271,4.1e-05,0.049275,0.000696,9.1e-05,0.000316,0.000393,9.5e-05,0.001802,3.2e-05,0.00038,0.000391,9e-05,0.013688,0.00043,0.000744,0.006212,9.4e-05,0.000994,0.002663,1.5e-05,1.1e-05,2.9e-05,0.00043,0.000107,0.025047,0.000407,5.3e-05,3.2e-05,3.7e-05,0.005322,0.001523,0.000362,2.4e-05,0.000283,6.7e-05,9.5e-05,0.012638,0.009283,0.007243,0.000832,0.006451,0.00084,0.003878,0.043324,0.002719,0.003245,0.000146,0.000299,0.001229,0.001855,0.000779,0.051734,0.007043,0.003166,0.000116,0.000145,0.000304,0.012471,0.000359,7e-05,2.5e-05,5.9e-05,0.000534,0.004374,0.000865,0.000672,0.002081,0.00322,0.000919,8.7e-05,0.002046,0.00016,0.021849,0.003698,0.002381,0.002577,0.000163,6.5e-05,0.000417,0.000292,0.000355,0.000218,0.000187,0.000198,0.014309,0.004106,0.009116,0.000155,0.001459,0.000159,9e-06,3.8e-05,0.000261,7.6e-05,0.00096,0.000959,3.4e-05,0.00785,0.000197,1.6e-05,0.000491,0.018626,0.024366,7.7e-05,0.000392,3.6e-05,0.004041,0.000747,2.5e-05,0.00559,2.9e-05,3.2e-05,6.6e-05,1e-05,1.5e-05,0.000436,0.000366
"kilimanjaro/same/bendera",0,0,0,0,0,0,0,0,0,0,0,0,0,0,0,0,0,0,0,0,0,0,0,0,0,0,0,0,0,0,0,0,0,0,0,0,0,0,0,0,0,0,0,0,0,0,0,0,0,0,0,0,0,0,0,0,0,0,0,0,0,0,0,0,0,0,0,0,0,0,0,0,0,0,0,0,0,0,0,0,0,0,0,0,0,0,0,0,0,0,0,0,0,0,0,0,0,0,0,0,0,0,0,0,0,0,0,0,0,0,0,0,0,0,0,0,0,0,0,0,0,0,0,0,0,0,0,0,0,0,0,0,0,0,0,0,0,0,0,0,0,0,0,0,0,0,0,0,0,0,0,0,0,0,0,0,0,0,0,0,0,0,0,0,0,0,0,0,0,0,0,0,0,0,0,0,0,0,0,0,0,0,0,0,0,0,0,0,0,0,0,0,0,0,0,0,0,0,0,0,0,0,0,0,0,0,0,0,0,0,0,0,0,0,0,0,0,0,0,0,0,0,0,0,0,0,0,0,0,0,0,0,0,0,0,0,0,0,0,0,0,0,0,0,0,0,0,0,0,0,0,0,0,0,0,0,0,0,0,0,0,0,0,0,0,0,0,0,0,0,0,0,0,0,0,0,0,0,0,0,0,0,0,0,0,0,0,0,0,0,0,0,0,0,0,0,0,0,0,0,0,0,0,0,0,0,0,0,0,0,0,0,0,0,0,0,0,0,0,0,0,0,0,0,0,0,0,0,0,0,0,0,0,0,0,0,0,0,0,0,0,0,0,0,0,0,0,0,0,0,0,0,0,0,0,0,0,0,0,0,0,0,0,0,0,0,0,0,0,0,0,0,0,0,0,0,0,0,0,0,0,0,0,0,0,0,0,0,0,0,0,0,0,0,0,0,0,0
"kilimanjaro/siha/biriri",0.001815,1.7e-05,0.00013,0.000113,1e-06,0.006575,1e-06,1e-06,1e-06,0.000328,5e-06,1e-06,0.001259,0.014931,5.3e-05,3e-06,2e-06,8e-06,1e-06,5e-06,1e-05,0,1e-06,0.000238,1.1e-05,7.8e-05,2e-06,2e-06,1e-06,1.5e-05,0.00311,4e-06,7e-06,3e-05,1.6e-05,3e-06,0.001068,6.9e-05,7e-06,0.000171,1e-06,1e-06,0.000218,5.1e-05,3.1e-05,1e-06,9.4e-05,0.198135,0.002213,5e-06,2e-06,4e-06,5e-06,2e-06,5.2e-05,1e-06,0.000196,4e-06,0.000398,0.001597,0.000927,0.000806,0.003317,1.5e-05,0,0.006943,0.001199,1e-06,7.5e-05,0.00039,3e-06,0,0.004698,2.7e-05,5e-06,0.000754,6.4e-05,1e-06,1e-06,1e-06,0,6e-06,1e-06,1e-06,3e-06,1e-06,0.206687,1e-06,4.2e-05,0.001786,1e-06,1e-06,0.028667,0.009526,4e-05,9.8e-05,0.054481,2e-05,0.017873,0.00399,1e-06,2e-06,0.000349,0.001727,0.00116,0.033724,2e-06,0.010527,0.019673,0.000572,0.030945,0.014934,2.8e-05,4.1e-05,0.000206,0.00012,0.056292,3e-06,0.040593,0.006471,0.004595,0.100763,5.3e-05,0.000188,1.8e-05,0.000134,0.000202,0.290318,0.007414,0.000204,0.000149,0.004448,0.006016,0.00217,1.2e-05,0.007344,0.000368,0.00422,0.020345,0.022101,0.029664,8e-06,0.002067,0.001923,0.000222,0.002495,3e-06,0.011605,0.011506,0.003048,0.000139,3.5e-05,0.000156,2.4e-05,0.00083,0.026533,0.000461,0.00016,3.8e-05,0.465631,0.000716,0.002884,0.000122,1e-04,1e-06,1e-06,0.000957,0.019126,0.011246,0.000279,6.8e-05,0.002537,0.158159,0.00043,0.009034,0.000279,0.002988,6.8e-05,0.016633,0.000126,5e-06,2.4e-05,0.00096,0.001513,0.20455,0.824094,0.000386,0.000666,0.097464,0.045412,0.003905,1.4e-05,4.1e-05,2e-06,0.000277,8e-06,0.000109,2e-06,0.015556,3e-06,0.093333,6.9e-05,0.000666,0.000219,0.011311,0.073112,0.053367,0.001375,0.000253,0.00018,0.000151,8e-06,0.01581,5.4e-05,1e-06,0.000164,1e-06,0.071874,0.001141,0.006108,2e-06,0.000285,1e-06,0.001966,0.186491,0.010185,0.248919,0.000737,8e-06,1e-06,1e-06,2e-06,0.003692,0.012169,2.1e-05,2.1e-05,0.000327,0.004554,0.000276,9.5e-05,0.002935,0.032252,0.000134,0.041049,1e-05,0.000237,0.000814,0.011047,1e-06,0.000354,0.062389,0.022891,5.4e-05,0.018509,0.009425,0.000313,0.000152,0.00032,0.000178,1.3e-05,9e-06,0.001991,4e-06,1e-05,0.00066,0.000118,2e-06,0.009609,1e-06,6.6e-05,0.010821,0.009035,5.2e-05,1.3e-05,0.050594,0.000295,0.000337,0.001167,2e-06,5.2e-05,0.000917,7e-06,0.073717,5e-06,5e-06,3e-06,1e-06,0.000445,2e-06,0.006563,2.8e-05,0.00571,2.6e-05,0.055153,0.002967,0.024167,0.085446,0.000297,0.001106,0.000113,3.9e-05,1.4e-05,0.00023,0.000317,5e-06,0.001217,0.002303,0.000606,0.00022,0.000512,0.011457,8.9e-05,1.3e-05,0.000147,0.001898,2e-06,1.8e-05,0.076744,0.034957,0.010847,0.000751,0.019156,0.051177,0.02454,0.131655,0.000291,0.000402,0.000551,3.1e-05,0.00349,0.007944,0.001978,0.106486,0.001002,0.000799,6e-06,0.001152,6.4e-05,0.095145,9e-06,3e-06,0.000219,4e-06,2e-06,0.002015,0.000166,9.9e-05,0.009612,0.002003,0.000132,1e-06,0.501751,0.001176,0.076829,0.000921,0.001384,0.003938,0.000252,0.00021,0.003882,2e-06,1e-06,2e-06,1e-06,2.1e-05,0.064543,0.011552,0.024962,7e-06,0.017231,0.001459,5e-06,1.2e-05,1.7e-05,0.000364,0.002113,0.000386,0.000118,0.040031,1e-06,1.4e-05,1e-06,0.067286,1.3e-05,1e-06,0.00123,0.000322,0.040651,0.005877,0.000201,0.047865,0.000134,1.3e-05,2.4e-05,6e-06,4e-06,1e-06,1e-06
"manyara/babati/boay",0,0,0,0,0,0,0,0,0,0,0,0,0,0,0,0,0,0,0,0,0,0,0,0,0,0,0,0,0,0,0,0,0,0,0,0,0,0,0,0,0,0,0,0,0,0,0,0,0,0,0,0,0,0,0,0,0,0,0,0,0,0,0,0,0,0,0,0,0,0,0,0,0,0,0,0,0,0,0,0,0,0,0,0,0,0,0,0,0,0,0,0,0,0,0,0,0,0,0,0,0,0,0,0,0,0,0,0,0,0,0,0,0,0,0,0,0,0,0,0,0,0,0,0,0,0,0,0,0,0,0,0,0,0,0,0,0,0,0,0,0,0,0,0,0,0,0,0,0,0,0,0,0,0,0,0,0,0,0,0,0,0,0,0,0,0,0,0,0,0,0,0,0,0,0,0,0,0,0,0,0,0,0,0,0,0,0,0,0,0,0,0,0,0,0,0,0,0,0,0,0,0,0,0,0,0,0,0,0,0,0,0,0,0,0,0,0,0,0,0,0,0,0,0,0,0,0,0,0,0,0,0,0,0,0,0,0,0,0,0,0,0,0,0,0,0,0,0,0,0,0,0,0,0,0,0,0,0,0,0,0,0,0,0,0,0,0,0,0,0,0,0,0,0,0,0,0,0,0,0,0,0,0,0,0,0,0,0,0,0,0,0,0,0,0,0,0,0,0,0,0,0,0,0,0,0,0,0,0,0,0,0,0,0,0,0,0,0,0,0,0,0,0,0,0,0,0,0,0,0,0,0,0,0,0,0,0,0,0,0,0,0,0,0,0,0,0,0,0,0,0,0,0,0,0,0,0,0,0,0,0,0,0,0,0,0,0,0,0,0,0,0,0,0,0,0,0,0,0,0,0,0,0,0,0,0,0,0,0,0,0,0,0,0,0,0,0,0
"kilimanjaro/moshimunicipal/bomambuzi",0,0,0,0,0,0,0,0,0,0,0,0,0,0,0,0,0,0,0,0,0,0,0,0,0,0,0,0,0,0,0,0,0,0,0,0,0,0,0,0,0,0,0,0,0,0,0,0,0,0,0,0,0,0,0,0,0,0,0,0,0,0,0,0,0,0,0,0,0,0,0,0,0,0,0,0,0,0,0,0,0,0,0,0,0,0,0,0,0,0,0,0,0,0,0,0,0,0,0,0,0,0,0,0,0,0,0,0,0,0,0,0,0,0,0,0,0,0,0,0,0,0,0,0,0,0,0,0,0,0,0,0,0,0,0,0,0,0,0,0,0,0,0,0,0,0,0,0,0,0,0,0,0,0,0,0,0,0,0,0,0,0,0,0,0,0,0,0,0,0,0,0,0,0,0,0,0,0,0,0,0,0,0,0,0,0,0,0,0,0,0,0,0,0,0,0,0,0,0,0,0,0,0,0,0,0,0,0,0,0,0,0,0,0,0,0,0,0,0,0,0,0,0,0,0,0,0,0,0,0,0,0,0,0,0,0,0,0,0,0,0,0,0,0,0,0,0,0,0,0,0,0,0,0,0,0,0,0,0,0,0,0,0,0,0,0,0,0,0,0,0,0,0,0,0,0,0,0,0,0,0,0,0,0,0,0,0,0,0,0,0,0,0,0,0,0,0,0,0,0,0,0,0,0,0,0,0,0,0,0,0,0,0,0,0,0,0,0,0,0,0,0,0,0,0,0,0,0,0,0,0,0,0,0,0,0,0,0,0,0,0,0,0,0,0,0,0,0,0,0,0,0,0,0,0,0,0,0,0,0,0,0,0,0,0,0,0,0,0,0,0,0,0,0,0,0,0,0,0,0,0,0,0,0,0,0,0,0,0,0,0,0,0,0,0,0,0,0
"kilimanjaro/same/bombo",0,0,0,0,0,0,0,0,0,0,0,0,0,0,0,0,0,0,0,0,0,0,0,0,0,0,0,0,0,0,0,0,0,0,0,0,0,0,0,0,0,0,0,0,0,0,0,0,0,0,0,0,0,0,0,0,0,0,0,0,0,0,0,0,0,0,0,0,0,0,0,0,0,0,0,0,0,0,0,0,0,0,0,0,0,0,0,0,0,0,0,0,0,0,0,0,0,0,0,0,0,0,0,0,0,0,0,0,0,0,0,0,0,0,0,0,0,0,0,0,0,0,0,0,0,0,0,0,0,0,0,0,0,0,0,0,0,0,0,0,0,0,0,0,0,0,0,0,0,0,0,0,0,0,0,0,0,0,0,0,0,0,0,0,0,0,0,0,0,0,0,0,0,0,0,0,0,0,0,0,0,0,0,0,0,0,0,0,0,0,0,0,0,0,0,0,0,0,0,0,0,0,0,0,0,0,0,0,0,0,0,0,0,0,0,0,0,0,0,0,0,0,0,0,0,0,0,0,0,0,0,0,0,0,0,0,0,0,0,0,0,0,0,0,0,0,0,0,0,0,0,0,0,0,0,0,0,0,0,0,0,0,0,0,0,0,0,0,0,0,0,0,0,0,0,0,0,0,0,0,0,0,0,0,0,0,0,0,0,0,0,0,0,0,0,0,0,0,0,0,0,0,0,0,0,0,0,0,0,0,0,0,0,0,0,0,0,0,0,0,0,0,0,0,0,0,0,0,0,0,0,0,0,0,0,0,0,0,0,0,0,0,0,0,0,0,0,0,0,0,0,0,0,0,0,0,0,0,0,0,0,0,0,0,0,0,0,0,0,0,0,0,0,0,0,0,0,0,0,0,0,0,0,0,0,0,0,0,0,0,0,0,0,0,0,0,0,0
"kilimanjaro/moshimunicipal/bondeni",0,0,0,0,0,0,0,0,0,0,0,0,0,0,0,0,0,0,0,0,0,0,0,0,0,0,0,0,0,0,0,0,0,0,0,0,0,0,0,0,0,0,0,0,0,0,0,0,0,0,0,0,0,0,0,0,0,0,0,0,0,0,0,0,0,0,0,0,0,0,0,0,0,0,0,0,0,0,0,0,0,0,0,0,0,0,0,0,0,0,0,0,0,0,0,0,0,0,0,0,0,0,0,0,0,0,0,0,0,0,0,0,0,0,0,0,0,0,0,0,0,0,0,0,0,0,0,0,0,0,0,0,0,0,0,0,0,0,0,0,0,0,0,0,0,0,0,0,0,0,0,0,0,0,0,0,0,0,0,0,0,0,0,0,0,0,0,0,0,0,0,0,0,0,0,0,0,0,0,0,0,0,0,0,0,0,0,0,0,0,0,0,0,0,0,0,0,0,0,0,0,0,0,0,0,0,0,0,0,0,0,0,0,0,0,0,0,0,0,0,0,0,0,0,0,0,0,0,0,0,0,0,0,0,0,0,0,0,0,0,0,0,0,0,0,0,0,0,0,0,0,0,0,0,0,0,0,0,0,0,0,0,0,0,0,0,0,0,0,0,0,0,0,0,0,0,0,0,0,0,0,0,0,0,0,0,0,0,0,0,0,0,0,0,0,0,0,0,0,0,0,0,0,0,0,0,0,0,0,0,0,0,0,0,0,0,0,0,0,0,0,0,0,0,0,0,0,0,0,0,0,0,0,0,0,0,0,0,0,0,0,0,0,0,0,0,0,0,0,0,0,0,0,0,0,0,0,0,0,0,0,0,0,0,0,0,0,0,0,0,0,0,0,0,0,0,0,0,0,0,0,0,0,0,0,0,0,0,0,0,0,0,0,0,0,0,0,0
"manyara/babatiurban/bonga",0,0,0,0,0,0,0,0,0,0,0,0,0,0,0,0,0,0,0,0,0,0,0,0,0,0,0,0,0,0,0,0,0,0,0,0,0,0,0,0,0,0,0,0,0,0,0,0,0,0,0,0,0,0,0,0,0,0,0,0,0,0,0,0,0,0,0,0,0,0,0,0,0,0,0,0,0,0,0,0,0,0,0,0,0,0,0,0,0,0,0,0,0,0,0,0,0,0,0,0,0,0,0,0,0,0,0,0,0,0,0,0,0,0,0,0,0,0,0,0,0,0,0,0,0,0,0,0,0,0,0,0,0,0,0,0,0,0,0,0,0,0,0,0,0,0,0,0,0,0,0,0,0,0,0,0,0,0,0,0,0,0,0,0,0,0,0,0,0,0,0,0,0,0,0,0,0,0,0,0,0,0,0,0,0,0,0,0,0,0,0,0,0,0,0,0,0,0,0,0,0,0,0,0,0,0,0,0,0,0,0,0,0,0,0,0,0,0,0,0,0,0,0,0,0,0,0,0,0,0,0,0,0,0,0,0,0,0,0,0,0,0,0,0,0,0,0,0,0,0,0,0,0,0,0,0,0,0,0,0,0,0,0,0,0,0,0,0,0,0,0,0,0,0,0,0,0,0,0,0,0,0,0,0,0,0,0,0,0,0,0,0,0,0,0,0,0,0,0,0,0,0,0,0,0,0,0,0,0,0,0,0,0,0,0,0,0,0,0,0,0,0,0,0,0,0,0,0,0,0,0,0,0,0,0,0,0,0,0,0,0,0,0,0,0,0,0,0,0,0,0,0,0,0,0,0,0,0,0,0,0,0,0,0,0,0,0,0,0,0,0,0,0,0,0,0,0,0,0,0,0,0,0,0,0,0,0,0,0,0,0,0,0,0,0,0,0,0
"arusha/karatu/buger",0,0,0,0,0,0,0,0,0,0,0,0,0,0,0,0,0,0,0,0,0,0,0,0,0,0,0,0,0,0,0,0,0,0,0,0,0,0,0,0,0,0,0,0,0,0,0,0,0,0,0,0,0,0,0,0,0,0,0,0,0,0,0,0,0,0,0,0,0,0,0,0,0,0,0,0,0,0,0,0,0,0,0,0,0,0,0,0,0,0,0,0,0,0,0,0,0,0,0,0,0,0,0,0,0,0,0,0,0,0,0,0,0,0,0,0,0,0,0,0,0,0,0,0,0,0,0,0,0,0,0,0,0,0,0,0,0,0,0,0,0,0,0,0,0,0,0,0,0,0,0,0,0,0,0,0,0,0,0,0,0,0,0,0,0,0,0,0,0,0,0,0,0,0,0,0,0,0,0,0,0,0,0,0,0,0,0,0,0,0,0,0,0,0,0,0,0,0,0,0,0,0,0,0,0,0,0,0,0,0,0,0,0,0,0,0,0,0,0,0,0,0,0,0,0,0,0,0,0,0,0,0,0,0,0,0,0,0,0,0,0,0,0,0,0,0,0,0,0,0,0,0,0,0,0,0,0,0,0,0,0,0,0,0,0,0,0,0,0,0,0,0,0,0,0,0,0,0,0,0,0,0,0,0,0,0,0,0,0,0,0,0,0,0,0,0,0,0,0,0,0,0,0,0,0,0,0,0,0,0,0,0,0,0,0,0,0,0,0,0,0,0,0,0,0,0,0,0,0,0,0,0,0,0,0,0,0,0,0,0,0,0,0,0,0,0,0,0,0,0,0,0,0,0,0,0,0,0,0,0,0,0,0,0,0,0,0,0,0,0,0,0,0,0,0,0,0,0,0,0,0,0,0,0,0,0,0,0,0,0,0,0,0,0,0,0,0,0
"manyara/kiteto/bwagamoyo",0,0,0,0,0,0,0,0,0,0,0,0,0,0,0,0,0,0,0,0,0,0,0,0,0,0,0,0,0,0,0,0,0,0,0,0,0,0,0,0,0,0,0,0,0,0,0,0,0,0,0,0,0,0,0,0,0,0,0,0,0,0,0,0,0,0,0,0,0,0,0,0,0,0,0,0,0,0,0,0,0,0,0,0,0,0,0,0,0,0,0,0,0,0,0,0,0,0,0,0,0,0,0,0,0,0,0,0,0,0,0,0,0,0,0,0,0,0,0,0,0,0,0,0,0,0,0,0,0,0,0,0,0,0,0,0,0,0,0,0,0,0,0,0,0,0,0,0,0,0,0,0,0,0,0,0,0,0,0,0,0,0,0,0,0,0,0,0,0,0,0,0,0,0,0,0,0,0,0,0,0,0,0,0,0,0,0,0,0,0,0,0,0,0,0,0,0,0,0,0,0,0,0,0,0,0,0,0,0,0,0,0,0,0,0,0,0,0,0,0,0,0,0,0,0,0,0,0,0,0,0,0,0,0,0,0,0,0,0,0,0,0,0,0,0,0,0,0,0,0,0,0,0,0,0,0,0,0,0,0,0,0,0,0,0,0,0,0,0,0,0,0,0,0,0,0,0,0,0,0,0,0,0,0,0,0,0,0,0,0,0,0,0,0,0,0,0,0,0,0,0,0,0,0,0,0,0,0,0,0,0,0,0,0,0,0,0,0,0,0,0,0,0,0,0,0,0,0,0,0,0,0,0,0,0,0,0,0,0,0,0,0,0,0,0,0,0,0,0,0,0,0,0,0,0,0,0,0,0,0,0,0,0,0,0,0,0,0,0,0,0,0,0,0,0,0,0,0,0,0,0,0,0,0,0,0,0,0,0,0,0,0,0,0,0,0,0,0
"kilimanjaro/same/bwambo",0,0,0,0,0,0,0,0,0,0,0,0,0,0,0,0,0,0,0,0,0,0,0,0,0,0,0,0,0,0,0,0,0,0,0,0,0,0,0,0,0,0,0,0,0,0,0,0,0,0,0,0,0,0,0,0,0,0,0,0,0,0,0,0,0,0,0,0,0,0,0,0,0,0,0,0,0,0,0,0,0,0,0,0,0,0,0,0,0,0,0,0,0,0,0,0,0,0,0,0,0,0,0,0,0,0,0,0,0,0,0,0,0,0,0,0,0,0,0,0,0,0,0,0,0,0,0,0,0,0,0,0,0,0,0,0,0,0,0,0,0,0,0,0,0,0,0,0,0,0,0,0,0,0,0,0,0,0,0,0,0,0,0,0,0,0,0,0,0,0,0,0,0,0,0,0,0,0,0,0,0,0,0,0,0,0,0,0,0,0,0,0,0,0,0,0,0,0,0,0,0,0,0,0,0,0,0,0,0,0,0,0,0,0,0,0,0,0,0,0,0,0,0,0,0,0,0,0,0,0,0,0,0,0,0,0,0,0,0,0,0,0,0,0,0,0,0,0,0,0,0,0,0,0,0,0,0,0,0,0,0,0,0,0,0,0,0,0,0,0,0,0,0,0,0,0,0,0,0,0,0,0,0,0,0,0,0,0,0,0,0,0,0,0,0,0,0,0,0,0,0,0,0,0,0,0,0,0,0,0,0,0,0,0,0,0,0,0,0,0,0,0,0,0,0,0,0,0,0,0,0,0,0,0,0,0,0,0,0,0,0,0,0,0,0,0,0,0,0,0,0,0,0,0,0,0,0,0,0,0,0,0,0,0,0,0,0,0,0,0,0,0,0,0,0,0,0,0,0,0,0,0,0,0,0,0,0,0,0,0,0,0,0,0,0,0,0,0
"arusha/arusha/bwawani",0.033418,0.000155,0.000329,0.000437,2e-05,0.029472,9e-06,1.2e-05,1.7e-05,0.00506,7.7e-05,1e-05,0.015372,0.274907,0.000573,3.6e-05,1.3e-05,4.9e-05,8e-06,2.8e-05,8.3e-05,0.003755,1.7e-05,0.000553,9e-05,0.000171,3.3e-05,3.5e-05,8e-06,0.000126,0,4.9e-05,5.5e-05,0.000176,9.4e-05,1.9e-05,0.027505,0.000464,4.5e-05,0.001119,1.7e-05,5e-06,0.001084,0.000319,0.000164,1.9e-05,0.00075,0.931685,0.061547,3.3e-05,1.2e-05,3.9e-05,6.1e-05,1.9e-05,0.00034,8e-06,0.005885,7.9e-05,0.005266,0.007607,0.001949,0.003606,0.01471,0.000154,1e-06,0.267061,0.018336,1.2e-05,0.001141,0.003691,4.1e-05,2e-06,0.001267,0.00038,2.6e-05,0.00225,0.000461,7e-06,8e-06,1e-05,6e-06,3.9e-05,1.3e-05,1.5e-05,3.1e-05,8e-06,0.294655,1.1e-05,0.000228,0.007952,7e-06,7e-06,0.087846,0.073591,0.000297,0.001302,0.014729,1e-04,0.070765,0.014761,2e-05,2.3e-05,0.002707,0.0361,0.002748,0.050628,3.1e-05,0.019494,0.011466,0.003563,0.010079,0.029066,0.00017,0.000955,0.000454,0.000309,0.163873,3.6e-05,0.084073,0.007625,0.002388,0.129344,0.000273,0.001048,9.9e-05,0.001096,0.001077,0.462849,0.260645,0.000438,0.000355,0.006617,0.024715,0.004191,7.4e-05,0.150141,0.005244,0.009459,0.062739,0.031346,0.038003,6.6e-05,0.039446,0.002746,0.000508,0.014058,2.2e-05,0.032398,0.025266,0.008103,0.000294,0.000277,0.000393,0.000194,0.005693,0.411999,0.000531,0.000485,0.000455,0.682918,0.00318,0.050196,0.000266,0.000622,5e-06,1.1e-05,0.005912,0.015098,0.319988,0.001816,0.000349,0.020388,0.90054,0.005095,0.003247,0.002953,0.040661,0.000217,0.029112,0.001346,4.1e-05,0.000174,0.008862,0.004903,0.168507,0.86079,0.000307,0.000612,0.101089,0.033095,0.01016,0.000181,0.00031,1.1e-05,0.002471,8.2e-05,0.000318,2.8e-05,0.032101,4.3e-05,0.357737,0.001085,0.003056,0.002901,0.025642,0.007313,0.160798,0.01261,0.002046,0.000439,0.000398,7.4e-05,0.046167,0.000142,1.3e-05,0.001221,1.6e-05,0.164008,0.002545,0.015204,1.1e-05,0.003705,1.3e-05,0.000887,0.158749,0.003422,0.154635,0.00216,9.3e-05,9e-06,8e-06,1.2e-05,0.019031,0.341953,0.000229,4.4e-05,0.000622,0.163545,0.001605,0.000256,0.068793,0.437276,0.000267,0.135918,7.9e-05,0.000521,0.001781,0.419283,1.6e-05,0.018779,0.625961,0.102358,0.000823,0.447008,0.013215,0.002576,0.000355,0.001609,0.000404,0.000101,7e-05,0.007479,8.2e-05,7.7e-05,0.004512,0.00057,2.6e-05,0.146325,1.7e-05,0.001201,0.119458,0.04812,0.000247,0.000111,0.136284,0.000758,0.002761,0.011891,3e-05,0.000535,0.010966,6e-05,0.204194,6.6e-05,2.7e-05,2.4e-05,6e-06,0.000816,2.9e-05,0.000807,0.000361,0.005028,0.000211,0.962608,0.006701,0.012583,0.093095,0.006655,0.011486,0.00118,0.000114,8.4e-05,0.000505,0.002504,6.2e-05,0.010806,0.036274,0.004315,0.002592,0.000559,0.148446,0.000414,0.00015,0.000387,0.003849,2.8e-05,5.8e-05,0.134423,0.071918,0.41254,0.058523,0.158922,0.03034,0.034482,0.56807,0.00105,0.00142,0.01485,0.000218,0.060431,0.114155,0.028469,0.170498,0.006667,0.00574,3.6e-05,0.00269,0.000427,0.642646,0.000166,3.5e-05,0.000417,5.2e-05,1.7e-05,0.01983,0.001603,0.000689,0.072969,0.016157,0.000902,1.1e-05,0.052421,0.015328,0.73115,0.005764,0.027004,0.07266,0.001383,0.000527,0.008222,2.4e-05,6e-06,2.5e-05,8e-06,0.00015,0.595232,0.181513,0.454783,7.2e-05,0.078522,0.003003,4.4e-05,0.000103,8.4e-05,0.000637,0.147393,0.00813,0.00335,0.037637,1.3e-05,8.2e-05,1.8e-05,0.131791,0.000149,1.1e-05,0.030133,0.000486,0.064419,0.010385,0.000335,0.469681,0.000277,0.000104,0.000186,4.5e-05,3.2e-05,1.9e-05,1.3e-05
"manyara/kiteto/chapakazi",0,0,0,0,0,0,0,0,0,0,0,0,0,0,0,0,0,0,0,0,0,0,0,0,0,0,0,0,0,0,0,0,0,0,0,0,0,0,0,0,0,0,0,0,0,0,0,0,0,0,0,0,0,0,0,0,0,0,0,0,0,0,0,0,0,0,0,0,0,0,0,0,0,0,0,0,0,0,0,0,0,0,0,0,0,0,0,0,0,0,0,0,0,0,0,0,0,0,0,0,0,0,0,0,0,0,0,0,0,0,0,0,0,0,0,0,0,0,0,0,0,0,0,0,0,0,0,0,0,0,0,0,0,0,0,0,0,0,0,0,0,0,0,0,0,0,0,0,0,0,0,0,0,0,0,0,0,0,0,0,0,0,0,0,0,0,0,0,0,0,0,0,0,0,0,0,0,0,0,0,0,0,0,0,0,0,0,0,0,0,0,0,0,0,0,0,0,0,0,0,0,0,0,0,0,0,0,0,0,0,0,0,0,0,0,0,0,0,0,0,0,0,0,0,0,0,0,0,0,0,0,0,0,0,0,0,0,0,0,0,0,0,0,0,0,0,0,0,0,0,0,0,0,0,0,0,0,0,0,0,0,0,0,0,0,0,0,0,0,0,0,0,0,0,0,0,0,0,0,0,0,0,0,0,0,0,0,0,0,0,0,0,0,0,0,0,0,0,0,0,0,0,0,0,0,0,0,0,0,0,0,0,0,0,0,0,0,0,0,0,0,0,0,0,0,0,0,0,0,0,0,0,0,0,0,0,0,0,0,0,0,0,0,0,0,0,0,0,0,0,0,0,0,0,0,0,0,0,0,0,0,0,0,0,0,0,0,0,0,0,0,0,0,0,0,0,0,0,0,0,0,0,0,0,0,0,0,0,0,0,0,0,0,0,0,0,0,0
"kilimanjaro/same/chome",0,0,0,0,0,0,0,0,0,0,0,0,0,0,0,0,0,0,0,0,0,0,0,0,0,0,0,0,0,0,0,0,0,0,0,0,0,0,0,0,0,0,0,0,0,0,0,0,0,0,0,0,0,0,0,0,0,0,0,0,0,0,0,0,0,0,0,0,0,0,0,0,0,0,0,0,0,0,0,0,0,0,0,0,0,0,0,0,0,0,0,0,0,0,0,0,0,0,0,0,0,0,0,0,0,0,0,0,0,0,0,0,0,0,0,0,0,0,0,0,0,0,0,0,0,0,0,0,0,0,0,0,0,0,0,0,0,0,0,0,0,0,0,0,0,0,0,0,0,0,0,0,0,0,0,0,0,0,0,0,0,0,0,0,0,0,0,0,0,0,0,0,0,0,0,0,0,0,0,0,0,0,0,0,0,0,0,0,0,0,0,0,0,0,0,0,0,0,0,0,0,0,0,0,0,0,0,0,0,0,0,0,0,0,0,0,0,0,0,0,0,0,0,0,0,0,0,0,0,0,0,0,0,0,0,0,0,0,0,0,0,0,0,0,0,0,0,0,0,0,0,0,0,0,0,0,0,0,0,0,0,0,0,0,0,0,0,0,0,0,0,0,0,0,0,0,0,0,0,0,0,0,0,0,0,0,0,0,0,0,0,0,0,0,0,0,0,0,0,0,0,0,0,0,0,0,0,0,0,0,0,0,0,0,0,0,0,0,0,0,0,0,0,0,0,0,0,0,0,0,0,0,0,0,0,0,0,0,0,0,0,0,0,0,0,0,0,0,0,0,0,0,0,0,0,0,0,0,0,0,0,0,0,0,0,0,0,0,0,0,0,0,0,0,0,0,0,0,0,0,0,0,0,0,0,0,0,0,0,0,0,0,0,0,0,0,0,0
"kilimanjaro/mwanga/chomvu",0,0,0,0,0,0,0,0,0,0,0,0,0,0,0,0,0,0,0,0,0,0,0,0,0,0,0,0,0,0,0,0,0,0,0,0,0,0,0,0,0,0,0,0,0,0,0,0,0,0,0,0,0,0,0,0,0,0,0,0,0,0,0,0,0,0,0,0,0,0,0,0,0,0,0,0,0,0,0,0,0,0,0,0,0,0,0,0,0,0,0,0,0,0,0,0,0,0,0,0,0,0,0,0,0,0,0,0,0,0,0,0,0,0,0,0,0,0,0,0,0,0,0,0,0,0,0,0,0,0,0,0,0,0,0,0,0,0,0,0,0,0,0,0,0,0,0,0,0,0,0,0,0,0,0,0,0,0,0,0,0,0,0,0,0,0,0,0,0,0,0,0,0,0,0,0,0,0,0,0,0,0,0,0,0,0,0,0,0,0,0,0,0,0,0,0,0,0,0,0,0,0,0,0,0,0,0,0,0,0,0,0,0,0,0,0,0,0,0,0,0,0,0,0,0,0,0,0,0,0,0,0,0,0,0,0,0,0,0,0,0,0,0,0,0,0,0,0,0,0,0,0,0,0,0,0,0,0,0,0,0,0,0,0,0,0,0,0,0,0,0,0,0,0,0,0,0,0,0,0,0,0,0,0,0,0,0,0,0,0,0,0,0,0,0,0,0,0,0,0,0,0,0,0,0,0,0,0,0,0,0,0,0,0,0,0,0,0,0,0,0,0,0,0,0,0,0,0,0,0,0,0,0,0,0,0,0,0,0,0,0,0,0,0,0,0,0,0,0,0,0,0,0,0,0,0,0,0,0,0,0,0,0,0,0,0,0,0,0,0,0,0,0,0,0,0,0,0,0,0,0,0,0,0,0,0,0,0,0,0,0,0,0,0,0,0,0,0
"arusha/karatu/daa",0.000146,0.000407,1.2e-05,0.001257,2.6e-05,0.000478,3.2e-05,4.8e-05,1.3e-05,0.00401,6.7e-05,8e-06,0.000117,0.001745,0.003728,0.000192,8.6e-05,0.000146,2.4e-05,7.3e-05,8e-06,0.000102,1.1e-05,1e-05,7e-06,3e-06,2.3e-05,0.000235,2e-06,1e-05,0.000494,1.2e-05,4e-06,6e-06,0,4.6e-05,0.000177,0.001193,0.000616,0.000711,4.7e-05,8e-06,0.000477,0.001513,7.9e-05,1.6e-05,0.00017,0.043499,0.004427,0.002271,9e-05,0.00225,0.000623,5e-05,0.000605,8e-06,1.7e-05,2.5e-05,0.000291,0.113482,0.000657,0.004882,0.001,3.5e-05,1e-06,0.001139,0.000875,3.6e-05,0.001653,0.002077,0.000885,2e-06,2.5e-05,0.001477,4.9e-05,0.001683,0.000277,8e-06,1.1e-05,1.9e-05,5e-06,5.7e-05,2.9e-05,9e-06,3.4e-05,9.7e-05,0.003998,2.1e-05,0.000896,0.001354,5e-06,2e-05,0.003262,0.00093,0.000105,0.005971,0.000263,4e-06,0.00152,0.000375,5.9e-05,0.000176,0.000263,0.000277,5.1e-05,0.00246,0.000469,0.000341,0.000178,0.090472,0.000184,0.001048,0.000305,7e-06,1.5e-05,1.1e-05,0.001427,7e-06,0.001858,0.000183,9.8e-05,0.003453,1e-05,3.6e-05,4e-06,0.000105,0.000367,0.007636,0.000525,1.2e-05,1e-05,0.000361,0.000697,7.7e-05,3e-06,0.000971,5.8e-05,0.000219,0.006828,0.000564,3e-04,6e-06,0.000365,5.2e-05,2.2e-05,0.000515,6.4e-05,0.000782,0.000666,0.000216,1.1e-05,8e-06,1.7e-05,1e-05,0.000442,0.013458,4.7e-05,0.000193,4.5e-05,0.026898,0.000102,0.002182,5e-06,2.5e-05,1.2e-05,8e-06,0.000134,0.000168,0.001919,5.5e-05,0.000129,0.008909,0.029768,0.000211,6.6e-05,0.00051,0.008237,1.9e-05,0.000554,0.000204,3e-06,0.000178,0.000757,8.8e-05,0.003777,0.065704,8e-06,1.5e-05,0.001872,0.000579,0.000144,0.000308,0.002101,5.1e-05,0.003219,1.9e-05,1.1e-05,2.8e-05,0.000636,0.000133,0.002674,0.000138,0.000426,1e-05,0.000898,8.9e-05,0.005435,0.008388,0.00407,1.4e-05,1.2e-05,5.2e-05,0.001782,5e-06,0.000278,0.00011,0.00013,0.008183,7.5e-05,0.00046,4.6e-05,1.2e-05,1.4e-05,1.5e-05,0.002302,5.4e-05,0.003318,2.5e-05,0.000951,8e-06,8e-06,0.000109,0.005904,0.004271,5.6e-05,1e-06,1.5e-05,0.000438,0.006691,9e-06,0.000236,0.049593,5e-06,0.011371,5e-06,1e-05,3.5e-05,0.001268,1.5e-05,0.000183,0.009837,0.017703,4.1e-05,0.002447,0.00051,0.000213,1.4e-05,5.1e-05,8e-06,7e-06,5e-06,0.00021,3.8e-05,6e-06,0.024906,0.000109,5.9e-05,0.004423,1.3e-05,0.000838,0.003614,0.001334,9e-06,7e-06,0.004821,2.6e-05,0.000244,0.000682,7.9e-05,0.001767,8.8e-05,8.3e-05,0.025326,0.000187,1.1e-05,3.3e-05,5e-06,3.1e-05,5.1e-05,1.3e-05,5.1e-05,0.000161,1.9e-05,0.006176,0.000139,0.000307,0.003138,5.3e-05,0.000262,0.029177,4e-06,3e-06,9e-06,0.000104,1.2e-05,0.020074,0.000208,2.5e-05,1.6e-05,1.3e-05,0.003126,0.004492,3.4e-05,8e-06,9.2e-05,0.002783,6.5e-05,0.007167,0.002941,0.003556,0.000355,0.004109,0.000327,0.001609,0.026008,0.00177,0.002266,7.7e-05,0.000152,0.000726,0.001015,0.000488,0.031143,0.004299,0.000637,1.4e-05,4.7e-05,0.000291,0.00602,4.7e-05,0.001142,8e-06,0.000315,3.1e-05,0.000983,0.000163,0.000579,0.001205,0.000761,0.000678,4.2e-05,0.000845,7.9e-05,0.011983,0.00631,0.002047,0.00085,4.4e-05,2e-05,0.000139,2.6e-05,9e-06,1.9e-05,5e-06,0.000113,0.007664,0.002228,0.005137,1.7e-05,0.000719,5.3e-05,2e-06,8e-06,3.4e-05,2.5e-05,0.000493,0.000349,1.8e-05,0.003791,4.7e-05,4e-06,4e-05,0.005975,0.000233,4.8e-05,0.000217,1.2e-05,0.001362,0.000246,8e-06,0.002563,9e-06,7e-06,1.4e-05,2e-06,3e-06,5.3e-05,6.3e-05
"manyara/babati/dabil",2.2e-05,1e-05,2e-06,6.7e-05,0.000145,0.000103,1e-05,1e-05,5.8e-05,0.007512,0.000205,4.4e-05,1.6e-05,0.00025,0.000489,2.6e-05,6.5e-05,0.003975,9.5e-05,0.000294,3e-06,1.7e-05,4.3e-05,2e-06,2e-06,1e-06,7.6e-05,1e-05,1e-06,3e-06,8.7e-05,8e-06,1e-06,2e-06,4.1e-05,0,2.4e-05,0.015402,5.5e-05,5.9e-05,6.8e-05,4.9e-05,0.00023,0.003495,4.9e-05,0.000122,1.1e-05,0.005919,0.00134,1.7e-05,2.7e-05,1e-05,9e-06,5.7e-05,0.010453,0.000263,3e-06,1.8e-05,1e-04,0.002968,6.7e-05,0.000203,1e-04,2e-05,0,0.000168,8.5e-05,1.9e-05,7.2e-05,0.001728,5e-06,2.5e-05,4e-06,0.000219,0.000226,0.000119,1.4e-05,0.000133,2.3e-05,3.8e-05,4.8e-05,0.000402,9.7e-05,3.8e-05,0.00149,1.6e-05,0.000744,7.9e-05,0.001231,0.000415,6.9e-05,3.3e-05,0.000708,0.000122,6e-06,0.001289,4.4e-05,1e-06,0.000333,8.2e-05,2.1e-05,8e-06,7.6e-05,3.7e-05,1e-05,0.000418,1.2e-05,6.7e-05,2.7e-05,0.000849,3.1e-05,0.000206,0.003381,1e-06,3e-06,2e-06,0.000268,5e-06,0.000374,3.4e-05,1.8e-05,0.000653,2e-06,9e-06,1e-06,3.1e-05,0.000168,0.001284,8.9e-05,2e-06,2e-06,7.7e-05,0.000157,1.5e-05,1e-06,0.000136,8e-06,4.4e-05,0.000803,0.000108,5.1e-05,2e-06,4.8e-05,1e-05,4e-06,0.000126,0.000108,0.000164,0.000135,4.5e-05,2e-06,2e-06,4e-06,3e-06,0.00012,0.001564,9e-06,1.4e-05,1.8e-05,0.005439,2.3e-05,0.000629,1e-06,6e-06,4.5e-05,2.9e-05,3.2e-05,2.6e-05,0.000275,1.4e-05,5.8e-05,0.000632,0.004096,6.4e-05,1.1e-05,0.000267,0.001646,2e-06,0.000108,8.7e-05,1e-06,1.2e-05,0.000237,1.8e-05,0.000685,0.013232,1e-06,3e-06,0.000349,0.000105,2.9e-05,0.001467,0.000188,9e-05,0.001664,1e-05,2e-06,4.1e-05,0.000127,3e-06,0.000426,8.8e-05,0.000128,2e-06,0.000183,1.4e-05,0.001181,0.000658,0.000151,3e-06,3e-06,3.1e-05,0.000382,1e-06,6e-06,3.1e-05,8e-06,0.001678,1.5e-05,9.5e-05,0.000128,2e-06,0.000307,3e-06,0.000418,9e-06,0.000586,5e-06,6.8e-05,0.000165,0.000151,3.8e-05,0.000526,0.000576,3.9e-05,0,3e-06,8.1e-05,0.000162,2e-06,4.7e-05,0.006671,1e-06,0.002948,1e-06,2e-06,7e-06,0.000198,0.000165,2.7e-05,0.00133,0.001509,4e-06,0.000361,9.1e-05,6.3e-05,3e-06,1.2e-05,2e-06,2e-06,1e-06,4.8e-05,4e-06,2e-06,0.000643,9e-06,5.9e-05,0.000486,1.7e-05,0.000244,0.000394,0.000314,2e-06,2e-06,0.001026,5e-06,7.2e-05,0.000221,2.4e-05,3.4e-05,1.9e-05,3e-06,0.003154,9.6e-05,6e-06,6.5e-05,6.6e-05,6e-06,0.000486,2e-06,2.8e-05,2.5e-05,6e-06,0.001036,2.8e-05,4.9e-05,0.000432,7e-06,6.8e-05,0.000174,1e-06,1e-06,2e-06,2.8e-05,8e-06,0.002845,3e-05,4e-06,2e-06,2e-06,0.000411,9e-05,2.7e-05,2e-06,1.8e-05,5e-06,5e-06,0.000885,0.000585,0.000584,7e-05,0.000472,5.7e-05,0.000246,0.003305,0.000147,0.000179,1.1e-05,1.6e-05,9.2e-05,0.000137,5.8e-05,0.003465,0.00039,0.000228,8e-06,1e-05,1.8e-05,0.000912,4.9e-05,5e-06,2e-06,5e-06,0.000181,0.000289,5.5e-05,3.8e-05,0.00015,0.000208,5.2e-05,1e-05,0.000137,1.2e-05,0.001657,0.000288,0.000196,0.000196,1.1e-05,4e-06,2.8e-05,7.8e-05,6.5e-05,5e-05,2.7e-05,1.1e-05,0.001066,0.000313,0.000696,1e-05,0.000104,1e-05,1e-06,2e-06,1.6e-05,5e-06,7.5e-05,8.7e-05,3e-06,0.000508,2.3e-05,1e-06,8.6e-05,0.001178,0.003127,9e-06,3e-05,2e-06,0.000265,4.8e-05,2e-06,0.000407,2e-06,2e-06,4e-06,1e-06,1e-06,5.6e-05,2e-05
"arusha/arushaurban/darajambili",0,0,0,0,0,0,0,0,0,0,0,0,0,0,0,0,0,0,0,0,0,0,0,0,0,0,0,0,0,0,0,0,0,0,0,0,0,0,0,0,0,0,0,0,0,0,0,0,0,0,0,0,0,0,0,0,0,0,0,0,0,0,0,0,0,0,0,0,0,0,0,0,0,0,0,0,0,0,0,0,0,0,0,0,0,0,0,0,0,0,0,0,0,0,0,0,0,0,0,0,0,0,0,0,0,0,0,0,0,0,0,0,0,0,0,0,0,0,0,0,0,0,0,0,0,0,0,0,0,0,0,0,0,0,0,0,0,0,0,0,0,0,0,0,0,0,0,0,0,0,0,0,0,0,0,0,0,0,0,0,0,0,0,0,0,0,0,0,0,0,0,0,0,0,0,0,0,0,0,0,0,0,0,0,0,0,0,0,0,0,0,0,0,0,0,0,0,0,0,0,0,0,0,0,0,0,0,0,0,0,0,0,0,0,0,0,0,0,0,0,0,0,0,0,0,0,0,0,0,0,0,0,0,0,0,0,0,0,0,0,0,0,0,0,0,0,0,0,0,0,0,0,0,0,0,0,0,0,0,0,0,0,0,0,0,0,0,0,0,0,0,0,0,0,0,0,0,0,0,0,0,0,0,0,0,0,0,0,0,0,0,0,0,0,0,0,0,0,0,0,0,0,0,0,0,0,0,0,0,0,0,0,0,0,0,0,0,0,0,0,0,0,0,0,0,0,0,0,0,0,0,0,0,0,0,0,0,0,0,0,0,0,0,0,0,0,0,0,0,0,0,0,0,0,0,0,0,0,0,0,0,0,0,0,0,0,0,0,0,0,0,0,0,0,0,0,0,0,0,0,0,0,0,0,0,0,0,0,0,0,0,0,0,0,0,0,0,0
"manyara/babati/dareda",0.000142,6.5e-05,1.5e-05,0.000402,0.004812,0.000632,9e-05,9.3e-05,0.000499,0.081418,0.00262,0.000128,0.000107,0.001649,0.002832,0.00022,0.000399,0.014119,0.00028,0.000842,1.5e-05,0.000105,0.000318,1.2e-05,1.2e-05,4e-06,0.000728,8.1e-05,6e-06,1.8e-05,0.00058,4.1e-05,7e-06,9e-06,0.000283,0.004129,0.000162,0,0.000447,0.000347,0.000366,0.000156,0.001235,0.023753,0.00026,0.001197,7.1e-05,0.038567,0.009813,0.000126,0.000244,6.6e-05,6.7e-05,0.000258,0.036307,0.000575,2.1e-05,0.00015,0.000599,0.017897,0.000409,0.001347,0.000641,0.000108,0,0.00112,0.000584,9.3e-05,0.000542,0.013488,3.6e-05,5.6e-05,2.4e-05,0.001947,0.000644,0.000736,9e-05,0.00023,7.8e-05,0.000138,0.000206,0.002499,0.000511,0.000136,0.001707,0.000125,0.004624,0.000261,0.004776,0.002398,0.00021,0.000117,0.00422,0.000796,3.9e-05,0.011021,0.000275,5e-06,0.002019,0.000496,0.000205,4.7e-05,0.00044,0.000249,6.3e-05,0.002512,9e-05,0.00041,0.000168,0.006109,0.000193,0.001237,0.007863,6e-06,1.9e-05,1.4e-05,0.001681,2.5e-05,0.002271,0.000208,0.000111,0.003961,1.4e-05,5.2e-05,6e-06,0.00018,0.000935,0.00816,0.00058,1.5e-05,1.2e-05,0.000461,0.000941,9.3e-05,4e-06,0.000902,5e-05,0.00027,0.004899,0.000662,0.000321,1e-05,0.00032,6.1e-05,2.6e-05,0.000748,0.001635,0.000991,0.000817,0.000271,1.3e-05,1.2e-05,2.1e-05,1.7e-05,0.000697,0.010627,5.6e-05,9.1e-05,0.000106,0.032587,0.00014,0.00428,6e-06,3.7e-05,0.000132,9.4e-05,0.000191,0.000164,0.001832,8.1e-05,0.000322,0.004513,0.02681,0.000385,6.8e-05,0.00179,0.012373,1.3e-05,0.000663,0.000492,6e-06,7.1e-05,0.001375,0.000112,0.004193,0.077621,8e-06,1.6e-05,0.002139,0.000645,0.000178,0.024754,0.001609,0.000368,0.015598,5.4e-05,1.4e-05,0.000521,0.000774,2.1e-05,0.002735,0.000535,0.000749,1.2e-05,0.001093,9.1e-05,0.00706,0.004902,0.000931,1.7e-05,1.5e-05,0.000268,0.002273,6e-06,3.9e-05,0.00018,6.4e-05,0.00992,9.1e-05,0.000572,0.00052,1.3e-05,0.003522,1.6e-05,0.002592,5.8e-05,0.003599,3.1e-05,0.00049,0.000378,0.000778,0.000275,0.003187,0.003909,0.000206,1e-06,1.8e-05,0.00053,0.001129,1.2e-05,3e-04,0.046852,6e-06,0.017375,8e-06,1.2e-05,4.3e-05,0.001304,0.000365,0.000189,0.008772,0.010021,2.7e-05,0.002389,0.00055,0.000362,1.7e-05,7.2e-05,1e-05,1.1e-05,8e-06,0.000293,3.3e-05,1.1e-05,0.004728,5.9e-05,0.000691,0.003285,0.000189,0.002179,0.002626,0.00189,1.2e-05,1.1e-05,0.006125,3.2e-05,0.000418,0.001403,0.000238,0.000227,0.00012,1.7e-05,0.018959,0.000973,3.3e-05,0.000666,0.000171,3.6e-05,0.002478,1.3e-05,0.000164,0.000155,3.2e-05,0.006794,0.000171,0.000301,0.002754,4.7e-05,0.000416,0.001158,6e-06,4e-06,1.1e-05,0.000166,4.3e-05,0.023627,0.000196,2.5e-05,1.5e-05,1.5e-05,0.002764,0.000568,0.000145,1e-05,0.000111,3.3e-05,3.2e-05,0.005668,0.003492,0.003969,0.000479,0.003108,0.000357,0.001498,0.021641,0.000857,0.001051,7.2e-05,9.1e-05,0.000615,0.000905,0.000389,0.021315,0.002284,0.001379,4.4e-05,5.8e-05,0.00011,0.005922,0.000362,3.9e-05,1e-05,3.4e-05,0.00252,0.001718,0.000315,0.000229,0.000984,0.001235,0.000305,9.5e-05,0.000856,7.6e-05,0.010922,0.002025,0.001381,0.001273,6.3e-05,2.4e-05,0.000169,0.001284,0.000252,0.000545,0.000112,6.1e-05,0.006994,0.002094,0.004644,5.1e-05,0.00067,6.4e-05,4e-06,1.4e-05,8.7e-05,2.8e-05,0.000504,0.00061,1.7e-05,0.003127,0.000201,6e-06,0.000848,0.007005,0.006932,7.5e-05,0.000197,1.4e-05,0.001613,0.000293,1e-05,0.002637,1.1e-05,1.2e-05,2.4e-05,4e-06,5e-06,0.00048,0.000117
"manyara/mbulu/daudi",1.4e-05,1.3e-05,1e-06,5.6e-05,1e-05,4.9e-05,4e-05,8.3e-05,4e-06,0.001297,2.2e-05,2e-06,1.1e-05,0.000166,0.000491,0.000865,3e-05,4.7e-05,5e-06,1.6e-05,1e-06,9e-06,3e-06,1e-06,1e-06,0,7e-06,8.1e-05,0,1e-06,5.2e-05,2e-06,0,1e-06,0.000134,1.3e-05,1.7e-05,0.000411,0,4e-05,1.5e-05,2e-06,5.8e-05,0.000588,1e-05,5e-06,1e-05,0.004198,0.000696,1e-04,0.000112,2.4e-05,3.2e-05,1.2e-05,0.000165,2e-06,2e-06,6e-06,3.5e-05,0.003779,4.5e-05,0.000238,7.4e-05,4e-06,0,0.000112,7.4e-05,6e-06,0.00014,0.000465,1.3e-05,0,2e-06,0.002058,1e-05,9.5e-05,1.4e-05,2e-06,2e-06,4e-06,1e-06,1.6e-05,1e-05,2e-06,9e-06,0.000144,0.00039,5e-06,0.000175,0.000148,1e-06,4e-06,0.00032,8.3e-05,6e-06,0.010342,2.4e-05,0,0.000153,3.7e-05,5.9e-05,9e-06,2.8e-05,2.6e-05,5e-06,0.000217,0.000151,3.3e-05,1.6e-05,0.002384,1.7e-05,9.9e-05,7.2e-05,1e-06,1e-06,1e-06,0.000141,1e-06,0.000181,1.7e-05,9e-06,0.000326,1e-06,4e-06,0,1.1e-05,4.5e-05,0.000741,5.3e-05,1e-06,1e-06,3.5e-05,7e-05,7e-06,0,9.2e-05,5e-06,2.1e-05,0.000507,5.4e-05,2.9e-05,1e-06,3.4e-05,5e-06,2e-06,5.3e-05,2.9e-05,7.7e-05,6.4e-05,2.1e-05,1e-06,1e-06,2e-06,1e-06,4.6e-05,0.001254,4e-06,1.2e-05,6e-06,0.002668,1e-05,0.000293,0,3e-06,2e-06,1e-06,1.4e-05,1.5e-05,0.000187,6e-06,1.6e-05,0.000735,0.002857,2.4e-05,6e-06,8.2e-05,0.001211,1e-06,5.4e-05,2.5e-05,0,9e-06,8.4e-05,9e-06,0.000355,0.006686,1e-06,1e-06,0.000178,5.5e-05,1.4e-05,0.000125,0.000972,1.2e-05,0.000955,2e-06,1e-06,1e-05,6.2e-05,6e-06,0.000255,2.1e-05,4.7e-05,1e-06,8.6e-05,8e-06,0.000538,0.000841,0.000154,1e-06,1e-06,1.3e-05,0.000173,1e-06,1.5e-05,1.2e-05,0.000347,0.000778,7e-06,4.4e-05,1.3e-05,1e-06,4e-06,1e-06,0.00022,5e-06,0.000309,3e-06,0.000404,2e-06,2e-06,5.8e-05,0.000366,0.000421,8e-06,0,1e-06,4.6e-05,0.000273,1e-06,2.5e-05,0.005698,0,0.001207,1e-06,1e-06,3e-06,0.000126,4e-06,2e-05,0.000923,0.00134,3e-06,0.000238,4.6e-05,2.3e-05,1e-06,5e-06,1e-06,1e-06,1e-06,2.2e-05,5e-06,1e-06,0.001398,7e-06,3.5e-05,0.000392,4e-06,0.000227,0.000309,0.000137,1e-06,1e-06,0.000471,2e-06,2.6e-05,8.6e-05,6.8e-05,5.4e-05,9e-06,3e-06,0.001929,0.000156,1e-06,1e-05,1e-06,3e-06,1.7e-05,1e-06,7e-06,1.4e-05,2e-06,0.000631,1.4e-05,2.7e-05,0.000276,5e-06,2.9e-05,0.000354,0,0,1e-06,1.1e-05,2e-06,0.004462,2e-05,2e-06,2e-06,1e-06,0.000298,0.00012,5e-06,1e-06,9e-06,1.4e-05,4e-06,0.000605,0.000277,0.000383,4.2e-05,0.000352,3.1e-05,0.000137,0.002384,9.7e-05,0.000122,7e-06,9e-06,6.7e-05,9.4e-05,4.4e-05,0.00235,0.000251,7.8e-05,2e-06,5e-06,1.5e-05,0.000576,1e-05,1.7e-05,1e-06,1.1e-05,1e-05,0.000109,1.8e-05,2.9e-05,0.000106,8.2e-05,3.6e-05,6.2e-05,7.7e-05,7e-06,0.001139,0.000388,0.000187,9.7e-05,5e-06,2e-06,1.4e-05,9e-06,2e-06,6e-06,1e-06,7e-06,0.00072,0.000216,0.00049,2e-06,6.6e-05,5e-06,0,1e-06,4e-06,2e-06,5e-05,4.7e-05,2e-06,0.000308,3.6e-05,0,1.8e-05,0.00056,6.5e-05,0.000114,2.1e-05,1e-06,0.000131,2.4e-05,1e-06,0.000249,1e-06,1e-06,2e-06,0,0,2.8e-05,1.5e-05
"arusha/ngorongoro/digodigo",0,0,0,0,0,0,0,0,0,0,0,0,0,0,0,0,0,0,0,0,0,0,0,0,0,0,0,0,0,0,0,0,0,0,0,0,0,0,0,0,0,0,0,0,0,0,0,0,0,0,0,0,0,0,0,0,0,0,0,0,0,0,0,0,0,0,0,0,0,0,0,0,0,0,0,0,0,0,0,0,0,0,0,0,0,0,0,0,0,0,0,0,0,0,0,0,0,0,0,0,0,0,0,0,0,0,0,0,0,0,0,0,0,0,0,0,0,0,0,0,0,0,0,0,0,0,0,0,0,0,0,0,0,0,0,0,0,0,0,0,0,0,0,0,0,0,0,0,0,0,0,0,0,0,0,0,0,0,0,0,0,0,0,0,0,0,0,0,0,0,0,0,0,0,0,0,0,0,0,0,0,0,0,0,0,0,0,0,0,0,0,0,0,0,0,0,0,0,0,0,0,0,0,0,0,0,0,0,0,0,0,0,0,0,0,0,0,0,0,0,0,0,0,0,0,0,0,0,0,0,0,0,0,0,0,0,0,0,0,0,0,0,0,0,0,0,0,0,0,0,0,0,0,0,0,0,0,0,0,0,0,0,0,0,0,0,0,0,0,0,0,0,0,0,0,0,0,0,0,0,0,0,0,0,0,0,0,0,0,0,0,0,0,0,0,0,0,0,0,0,0,0,0,0,0,0,0,0,0,0,0,0,0,0,0,0,0,0,0,0,0,0,0,0,0,0,0,0,0,0,0,0,0,0,0,0,0,0,0,0,0,0,0,0,0,0,0,0,0,0,0,0,0,0,0,0,0,0,0,0,0,0,0,0,0,0,0,0,0,0,0,0,0,0,0,0,0,0,0,0,0,0,0,0,0,0,0,0,0,0,0,0,0,0,0,0,0,0
"manyara/mbulu/dinamu",0,0,0,0,0,0,0,0,0,0,0,0,0,0,0,0,0,0,0,0,0,0,0,0,0,0,0,0,0,0,0,0,0,0,0,0,0,0,0,0,0,0,0,0,0,0,0,0,0,0,0,0,0,0,0,0,0,0,0,0,0,0,0,0,0,0,0,0,0,0,0,0,0,0,0,0,0,0,0,0,0,0,0,0,0,0,0,0,0,0,0,0,0,0,0,0,0,0,0,0,0,0,0,0,0,0,0,0,0,0,0,0,0,0,0,0,0,0,0,0,0,0,0,0,0,0,0,0,0,0,0,0,0,0,0,0,0,0,0,0,0,0,0,0,0,0,0,0,0,0,0,0,0,0,0,0,0,0,0,0,0,0,0,0,0,0,0,0,0,0,0,0,0,0,0,0,0,0,0,0,0,0,0,0,0,0,0,0,0,0,0,0,0,0,0,0,0,0,0,0,0,0,0,0,0,0,0,0,0,0,0,0,0,0,0,0,0,0,0,0,0,0,0,0,0,0,0,0,0,0,0,0,0,0,0,0,0,0,0,0,0,0,0,0,0,0,0,0,0,0,0,0,0,0,0,0,0,0,0,0,0,0,0,0,0,0,0,0,0,0,0,0,0,0,0,0,0,0,0,0,0,0,0,0,0,0,0,0,0,0,0,0,0,0,0,0,0,0,0,0,0,0,0,0,0,0,0,0,0,0,0,0,0,0,0,0,0,0,0,0,0,0,0,0,0,0,0,0,0,0,0,0,0,0,0,0,0,0,0,0,0,0,0,0,0,0,0,0,0,0,0,0,0,0,0,0,0,0,0,0,0,0,0,0,0,0,0,0,0,0,0,0,0,0,0,0,0,0,0,0,0,0,0,0,0,0,0,0,0,0,0,0,0,0,0,0,0,0
"manyara/hanang/dirma",2.4e-05,9e-06,3e-06,6.9e-05,3.5e-05,0.00013,4e-06,5e-06,4.4e-05,0.004415,0.000104,0.000324,1.8e-05,0.000273,0.000279,1.2e-05,2.4e-05,0.000301,5.1e-05,0.000234,4e-06,2e-05,4.6e-05,2e-06,3e-06,1e-06,5.5e-05,6e-06,2e-06,4e-06,9.8e-05,1.7e-05,2e-06,2e-06,2.7e-05,0.000192,2.6e-05,0.002304,2.7e-05,6.4e-05,2.2e-05,0,0.000424,0.000875,0.000107,5.8e-05,1.1e-05,0.006306,0.001394,1e-05,1.1e-05,7e-06,6e-06,2.5e-05,0.005912,7e-05,4e-06,1.7e-05,0.000143,0.002357,7.5e-05,0.000189,0.000108,4.1e-05,0,0.000182,8.5e-05,1.1e-05,5.3e-05,0.001835,4e-06,5.8e-05,5e-06,0.000109,0.000531,0.000126,1.4e-05,6.5e-05,2.3e-05,2.2e-05,5.6e-05,0.000384,2.3e-05,0.000641,0.000306,7e-06,0.000898,2.8e-05,0.000764,0.000596,0.000139,3.1e-05,0.000909,0.000133,6e-06,0.000564,5.3e-05,1e-06,0.000422,0.000105,9e-06,6e-06,0.000109,4e-05,1.3e-05,0.000508,7e-06,8.3e-05,3.1e-05,0.000595,3.7e-05,0.000259,0.011225,1e-06,4e-06,3e-06,0.000321,9e-06,0.000465,4.2e-05,2.2e-05,0.000805,3e-06,1.1e-05,1e-06,4.5e-05,0.000294,0.001488,0.000101,3e-06,3e-06,9.7e-05,0.000202,1.9e-05,1e-06,0.000148,8e-06,5.6e-05,0.000915,0.000133,5.9e-05,2e-06,5.1e-05,1.2e-05,5e-06,0.000166,3.9e-05,0.000207,0.00017,5.7e-05,3e-06,3e-06,4e-06,4e-06,0.000166,0.001585,1.2e-05,1.5e-05,2.8e-05,0.006738,3e-05,0.000742,1e-06,8e-06,5.8e-05,0.000194,4.1e-05,3e-05,0.000297,1.8e-05,0.000103,0.000559,0.004391,8.8e-05,1.3e-05,0.000367,0.001519,2e-06,0.000134,0.000146,1e-06,1.3e-05,0.000343,2.3e-05,0.000833,0.016189,2e-06,3e-06,0.000425,0.000127,3.6e-05,0.000289,0.000108,3.8e-05,0.001136,2e-05,3e-06,2e-05,0.000158,2e-06,0.000488,0.00015,0.000182,2e-06,0.000231,1.7e-05,0.00151,0.000545,0.000145,4e-06,3e-06,2.7e-05,0.000489,1e-06,4e-06,4.4e-05,4e-06,0.002131,1.9e-05,0.00012,4.1e-05,2e-06,4.7e-05,3e-06,0.000504,1.1e-05,0.000707,6e-06,3.4e-05,0.000135,4.2e-05,1.5e-05,0.000581,0.000599,8.9e-05,0,4e-06,9.4e-05,0.000131,3e-06,5.6e-05,0.006308,1e-06,0.003943,2e-06,2e-06,9e-06,0.000218,0.00032,2.8e-05,0.001431,0.001514,4e-06,0.000394,0.000112,8.9e-05,4e-06,1.6e-05,2e-06,3e-06,2e-06,6e-05,3e-06,3e-06,0.000477,1e-05,2e-05,0.000494,1.1e-05,0.000168,0.000408,0.000408,3e-06,3e-06,0.001307,7e-06,0.000103,0.000294,1.1e-05,2.8e-05,2.4e-05,2e-06,0.003631,3.7e-05,1.2e-05,4.5e-05,0.000254,7e-06,6.8e-05,3e-06,5.1e-05,3e-05,8e-06,0.001162,3.5e-05,5.8e-05,0.000486,8e-06,8.9e-05,0.000129,1e-06,1e-06,2e-06,3.8e-05,1.6e-05,0.001956,3.3e-05,4e-06,3e-06,3e-06,0.000431,7.7e-05,6.1e-05,2e-06,2.3e-05,3e-06,6e-06,0.000974,0.000737,0.000626,7.6e-05,0.000499,6.8e-05,0.000293,0.00352,0.000161,0.000195,1.2e-05,1.8e-05,9.8e-05,0.000148,6.1e-05,0.003858,0.000435,0.00033,1.6e-05,1.2e-05,1.9e-05,0.00102,5.9e-05,4e-06,2e-06,3e-06,7.3e-05,0.000402,8.1e-05,4.1e-05,0.000162,0.000285,5.6e-05,5e-06,0.000162,1.3e-05,0.001787,0.00025,0.000185,0.000236,1.4e-05,5e-06,3.4e-05,3.1e-05,0.000256,3.2e-05,0.000163,1.2e-05,0.00116,0.000336,0.000742,2e-05,0.000116,1.3e-05,1e-06,3e-06,2.9e-05,6e-06,8e-05,9.5e-05,3e-06,0.000586,9e-06,1e-06,2.1e-05,0.00148,0.000553,4e-06,3.2e-05,3e-06,0.000327,6e-05,2e-06,0.000459,2e-06,3e-06,6e-06,1e-06,1e-06,1.7e-05,9e-06
"manyara/kiteto/dongo",0.000101,2.2e-05,2.1e-05,0.000212,7e-06,0.000844,2e-06,3e-06,7e-06,0.0015,2.6e-05,9e-06,7.2e-05,0.001093,0.000206,8e-06,9e-06,4.4e-05,9e-06,3.5e-05,5.9e-05,1e-04,8e-06,1.6e-05,3.7e-05,5e-06,1.3e-05,5e-06,0.00012,6e-05,0.000413,0.000946,2.1e-05,1.7e-05,3.4e-05,1.9e-05,0.000101,0.000376,1.9e-05,0.000241,7e-06,9e-06,0,0.00024,0.010531,8e-06,3.4e-05,0.023348,0.00309,1.1e-05,6e-06,9e-06,8e-06,9e-06,0.000371,4e-06,2e-05,1.5e-05,0.001818,0.004226,0.000317,0.000527,0.000425,0.007846,0,0.000708,0.000266,5e-06,8.6e-05,0.001629,6e-06,1e-06,2.3e-05,7.4e-05,4.1e-05,0.00046,4.5e-05,4e-06,6e-06,6e-06,3e-06,4e-05,5e-06,1.5e-05,1.8e-05,4e-06,0.004958,6e-06,0.000249,0.009129,4e-06,9e-06,0.006467,0.000537,1.9e-05,0.000318,0.000282,1e-05,0.002871,0.000734,5e-06,8e-06,0.001505,0.000155,8e-05,0.002872,6e-06,0.000501,0.000146,0.000897,0.000201,0.001664,0.000239,4e-06,2.6e-05,2e-05,0.001739,0.000533,0.002928,0.000249,0.00013,0.004828,2.4e-05,9.3e-05,1.1e-05,0.000671,0.04888,0.007147,0.000456,2e-05,1.7e-05,0.000664,0.001465,0.000116,7e-06,0.000583,3.1e-05,0.000357,0.004111,0.000787,0.000296,3.7e-05,0.000195,7.4e-05,3.6e-05,0.001372,1.3e-05,0.001372,0.001099,0.00038,1.7e-05,2.1e-05,3.1e-05,4.2e-05,0.001854,0.005167,7.8e-05,5.2e-05,0.000746,0.040568,0.00023,0.002858,7e-06,7.2e-05,8e-06,1.1e-05,0.000301,0.000141,0.001141,0.000145,0.034843,0.00133,0.016597,0.000929,7e-05,0.00124,0.002989,1.1e-05,0.000816,0.012616,1.9e-05,4.3e-05,0.005585,0.000149,0.004735,0.090329,9e-06,1.9e-05,0.002452,0.000714,0.000215,6.6e-05,9.3e-05,1.1e-05,8e-04,0.013418,2.1e-05,7e-06,0.000982,4e-06,0.002248,0.001052,0.002475,1.1e-05,0.00153,8.6e-05,0.01057,0.001064,0.000407,2.4e-05,2.2e-05,2.3e-05,0.003452,9e-06,4e-06,0.000558,3e-06,0.014301,0.000125,0.000806,1e-05,1.1e-05,6e-06,1.7e-05,0.002777,6.1e-05,0.003925,3.6e-05,2.4e-05,5e-06,4e-06,7e-06,0.002321,0.00207,0.003627,1e-06,2.3e-05,0.000439,0.000274,1.7e-05,0.000284,0.015829,8e-06,0.034585,2.3e-05,1.5e-05,5.4e-05,0.000897,1.1e-05,9.2e-05,0.00551,0.004973,1.2e-05,0.001569,0.00066,0.001216,2.3e-05,0.000122,1.3e-05,3.1e-05,2.5e-05,0.000398,5e-06,3.4e-05,0.000792,4e-05,7e-06,0.00165,4e-06,0.000149,0.00144,0.003092,2.1e-05,3.1e-05,0.008997,4.6e-05,0.001463,0.002015,6e-06,6e-05,0.000139,7e-06,0.016628,1.7e-05,0.002351,1.5e-05,4e-06,4.7e-05,1.2e-05,1.3e-05,0.001258,0.000156,0.00011,0.004949,0.000222,0.000298,0.002145,2.9e-05,0.000702,0.000217,9e-06,7e-06,1.5e-05,0.000362,0.000555,0.002131,0.000135,1.9e-05,1.1e-05,1.7e-05,0.001545,0.00017,0.000979,1.3e-05,0.000145,5e-06,2.3e-05,0.004045,0.004797,0.002261,0.00027,0.001866,0.000357,0.001521,0.013192,0.000574,7e-04,4.6e-05,6.8e-05,0.000363,0.000585,0.000223,0.016294,0.001654,0.004016,0.001274,7.4e-05,6.6e-05,0.004384,5e-05,5e-06,1.2e-05,6e-06,1.3e-05,0.004525,0.001795,0.000141,0.000641,0.002889,0.000202,3e-06,0.000827,5.5e-05,0.006909,0.000588,5e-04,0.001219,0.00011,3.5e-05,0.000209,8e-06,8e-06,9e-06,6e-06,4.4e-05,0.004621,0.001269,0.002765,0.005515,0.000506,8e-05,9e-06,4.6e-05,0.037098,3.7e-05,3e-04,0.000301,1.1e-05,0.002772,4e-06,1.3e-05,6e-06,0.009525,7.6e-05,2e-06,0.00012,1.7e-05,0.001989,0.000375,1.2e-05,0.002034,1.5e-05,3.4e-05,7.3e-05,9e-06,2.1e-05,6e-06,5e-06
"manyara/mbulu/dongobesh",2.5e-05,1.6e-05,3e-06,9.5e-05,9.6e-05,0.000108,3.1e-05,2.9e-05,2.3e-05,0.005528,0.000123,1.5e-05,1.9e-05,0.000287,0.00136,7.6e-05,0.000486,0.001195,8e-05,0.000195,2e-06,1.9e-05,1.7e-05,2e-06,2e-06,1e-06,3.7e-05,2.2e-05,1e-06,3e-06,9.6e-05,6e-06,1e-06,2e-06,8.7e-05,0.000225,2.8e-05,0.005809,0.000154,7.5e-05,0.000527,1.4e-05,0.000191,0,3.7e-05,3.9e-05,1.4e-05,0.006928,0.001351,3.8e-05,9.7e-05,2.1e-05,1.7e-05,0.000168,0.001658,2.6e-05,4e-06,1.5e-05,9.2e-05,0.005493,8.1e-05,0.000293,0.000123,1.6e-05,0,0.000192,0.000107,4.7e-05,0.000114,0.001347,1e-05,5e-06,4e-06,0.000526,9.9e-05,0.000154,1.9e-05,2.9e-05,2e-05,5.2e-05,1e-05,0.000117,0.000944,1.4e-05,0.000124,5.6e-05,0.000805,0.000109,0.00187,0.000398,1.3e-05,3.3e-05,0.000742,0.000142,8e-06,0.004377,4.9e-05,1e-06,0.000347,8.6e-05,5.8e-05,1.6e-05,7.5e-05,4.4e-05,1.1e-05,0.000462,2.9e-05,7.2e-05,3e-05,0.001583,3.4e-05,0.000221,0.000762,1e-06,3e-06,2e-06,0.000289,3e-06,0.000398,3.7e-05,2e-05,0.000705,2e-06,9e-06,1e-06,3e-05,0.000141,0.001422,9.9e-05,3e-06,2e-06,8.1e-05,0.000163,1.6e-05,1e-06,0.000158,9e-06,4.7e-05,0.000952,0.000116,5.6e-05,2e-06,5.6e-05,1.1e-05,5e-06,0.000128,0.000147,0.000173,0.000144,4.8e-05,2e-06,2e-06,4e-06,3e-06,0.000119,0.001899,1e-05,1.8e-05,1.6e-05,0.0058,2.4e-05,0.000618,1e-06,6e-06,2.6e-05,1.2e-05,3.2e-05,2.9e-05,0.000317,1.4e-05,4.9e-05,0.000866,0.004772,6.1e-05,1.2e-05,0.000219,0.001887,3e-06,0.000116,7.5e-05,1e-06,1.6e-05,0.000226,1.9e-05,0.000746,0.014185,2e-06,3e-06,0.000377,0.000114,3.1e-05,0.002568,0.000375,0.000212,0.001863,8e-06,2e-06,4e-05,0.000135,5e-06,0.000477,6.6e-05,0.000123,2e-06,0.000194,1.6e-05,0.001238,0.000919,0.000225,3e-06,3e-06,2.9e-05,0.000401,1e-06,1.5e-05,3.1e-05,2.1e-05,0.001785,1.6e-05,0.000101,0.000361,2e-06,5.4e-05,3e-06,0.000455,1e-05,0.000642,5e-06,0.000222,2.3e-05,2.4e-05,0.000207,0.000655,0.000676,2.8e-05,0,3e-06,8.8e-05,0.00026,2e-06,5e-05,0.008129,1e-06,0.002957,1e-06,2e-06,7e-06,0.000223,4.1e-05,3.2e-05,0.00155,0.001926,5e-06,0.000413,1e-04,6.1e-05,3e-06,1.2e-05,2e-06,2e-06,1e-06,4.9e-05,6e-06,2e-06,0.001079,1.2e-05,0.000177,0.000593,1.5e-05,0.000314,0.000479,0.000322,2e-06,2e-06,0.00108,6e-06,7e-05,0.000207,5.5e-05,5.5e-05,2e-05,4e-06,0.003708,0.000302,5e-06,4.3e-05,1.3e-05,6e-06,0.000749,2e-06,2.2e-05,2.8e-05,5e-06,0.001153,3e-05,5.5e-05,0.000498,8e-06,6.8e-05,0.000332,1e-06,1e-06,2e-06,2.8e-05,6e-06,0.0042,3.4e-05,4e-06,3e-06,3e-06,0.000483,0.000152,1.8e-05,2e-06,2e-05,1e-05,7e-06,0.001042,0.000626,0.000658,7.6e-05,0.000567,6.3e-05,0.000278,0.003907,0.00019,0.000232,1.3e-05,2e-05,0.000109,0.00016,7e-05,0.004154,0.000493,0.000207,6e-06,1e-05,2.4e-05,0.001035,3.4e-05,1.1e-05,2e-06,8e-06,7.5e-05,0.00028,5.1e-05,5.1e-05,0.000177,0.000206,6.7e-05,3e-05,0.000153,1.3e-05,0.001923,0.000422,0.000251,0.000202,1.1e-05,4e-06,2.9e-05,5.7e-05,1.7e-05,2.9e-05,8e-06,1.3e-05,0.001233,0.000363,0.000812,7e-06,0.000119,1.1e-05,1e-06,2e-06,1.3e-05,5e-06,8.5e-05,9e-05,3e-06,0.000587,0.000115,1e-06,0.000712,0.001263,0.001592,2.5e-05,3.4e-05,2e-06,0.000284,5.2e-05,2e-06,0.000456,2e-06,2e-06,4e-06,1e-06,1e-06,0.000541,7.9e-05
"manyara/kiteto/dosidosi",0.000878,0.000197,0.000165,0.001835,9e-05,0.006734,2.3e-05,2.9e-05,0.000102,0.01869,0.000338,0.000123,0.000631,0.009549,0.002072,8.4e-05,9.9e-05,0.000534,0.000104,0.000417,0.000362,0.000829,0.000112,0.000124,0.000245,3.8e-05,0.00017,5.6e-05,0.003137,0.000394,0.003666,0.115545,0.000141,0.000125,0.000333,0.000234,0.00089,0.004641,0.000201,0.002028,7.7e-05,0.000129,0.42281,0.002723,0,0.000109,0.000297,0.182325,0.032423,0.000112,6.3e-05,8.4e-05,7.6e-05,9.3e-05,0.00501,5.9e-05,0.000171,0.000181,0.014119,0.038062,0.002632,0.004688,0.003623,0.317138,2e-06,0.006266,0.002399,5.6e-05,0.000834,0.020874,5.4e-05,2e-05,0.000193,0.000787,0.000534,0.003908,0.000392,5.5e-05,6.4e-05,6.5e-05,4.6e-05,0.000557,6.3e-05,0.000234,0.000233,4.4e-05,0.039769,6.6e-05,0.002712,0.056193,5.9e-05,0.000103,0.048095,0.004649,0.000164,0.003393,0.002304,7.2e-05,0.022327,0.005698,5e-05,7.2e-05,0.009541,0.001365,0.000638,0.022535,6e-05,0.004012,0.001223,0.008574,0.00164,0.012882,0.003252,3.3e-05,0.000201,0.000154,0.014332,0.015463,0.02293,0.001987,0.001041,0.03756,0.000181,0.000701,8.1e-05,0.004206,0.169385,0.058386,0.003952,0.000157,0.000132,0.005154,0.011235,0.000925,5.6e-05,0.005121,0.000272,0.002817,0.033257,0.00631,0.002486,0.000236,0.001721,0.000592,0.000282,0.010247,0.00015,0.010712,0.008596,0.002969,0.000135,0.000163,0.000234,0.000298,0.012556,0.045408,0.000604,0.000452,0.00523,0.267706,0.001756,0.027868,5.7e-05,0.000537,9.5e-05,0.000154,0.002351,0.001187,0.010063,0.001107,0.075497,0.012348,0.13403,0.007114,0.000571,0.015041,0.030089,8.8e-05,0.006511,0.055895,0.000125,0.000366,0.034717,0.001185,0.037346,0.488744,7.5e-05,0.000149,0.019584,0.005778,0.001741,0.000782,0.000971,0.00012,0.009219,0.079219,0.000162,9.1e-05,0.007794,3.7e-05,0.018977,0.014963,0.016487,9.6e-05,0.011796,0.000712,0.077667,0.010235,0.003571,0.00019,0.00017,0.000281,0.026023,7.3e-05,3.5e-05,0.003651,3.4e-05,0.102763,0.000979,0.00625,0.000112,9.5e-05,7.4e-05,0.000141,0.022438,0.000496,0.031231,0.000296,0.000249,7.3e-05,5.1e-05,7.8e-05,0.019194,0.018515,0.325466,1e-05,0.000181,0.003818,0.002536,0.000133,0.002435,0.137893,6.2e-05,0.220995,0.000158,0.000124,0.000434,0.007864,0.000147,0.000847,0.047103,0.042853,0.000111,0.013732,0.005213,0.007902,0.000181,0.000926,0.000101,0.00021,0.000166,0.003212,5e-05,0.000224,0.007569,0.000339,8.5e-05,0.014673,5.4e-05,0.001647,0.01265,0.02351,0.000156,0.000218,0.066618,0.000354,0.009342,0.018239,7e-05,0.000552,0.001159,5.8e-05,0.125529,0.000189,0.02602,0.000193,6.2e-05,0.000368,0.000147,0.000109,0.015445,0.001273,0.000708,0.042353,0.00176,0.002442,0.018021,0.000254,0.005566,0.002035,6.7e-05,5.6e-05,0.000116,0.002666,0.013145,0.022067,0.001178,0.000163,9.4e-05,0.000139,0.013722,0.001536,0.035776,0.000102,0.001148,4.5e-05,0.000191,0.03387,0.036397,0.020396,0.002527,0.016192,0.002956,0.012226,0.108072,0.004843,0.005898,0.00041,0.00057,0.003209,0.005113,0.001969,0.125542,0.013747,0.032384,0.023373,0.00059,0.00056,0.037085,0.000684,4.9e-05,9.8e-05,5.3e-05,0.000168,0.032313,0.010378,0.001198,0.005564,0.020732,0.001706,2.8e-05,0.006807,0.000477,0.058656,0.005411,0.004629,0.010695,0.000835,0.000271,0.001673,9.9e-05,0.000122,0.000112,9.1e-05,0.000369,0.039475,0.011215,0.024212,0.163329,0.004336,0.000638,6.6e-05,0.000302,0.032016,0.000287,0.002698,0.002989,9.4e-05,0.022549,4.2e-05,9.3e-05,7e-05,0.070671,0.000913,2.6e-05,0.001065,0.000139,0.015736,0.002967,9.8e-05,0.017391,0.000118,0.00023,0.000485,6.3e-05,0.000132,6.8e-05,5e-05
"manyara/babati/duru",0,0,0,0,0,0,0,0,0,0,0,0,0,0,0,0,0,0,0,0,0,0,0,0,0,0,0,0,0,0,0,0,0,0,0,0,0,0,0,0,0,0,0,0,0,0,0,0,0,0,0,0,0,0,0,0,0,0,0,0,0,0,0,0,0,0,0,0,0,0,0,0,0,0,0,0,0,0,0,0,0,0,0,0,0,0,0,0,0,0,0,0,0,0,0,0,0,0,0,0,0,0,0,0,0,0,0,0,0,0,0,0,0,0,0,0,0,0,0,0,0,0,0,0,0,0,0,0,0,0,0,0,0,0,0,0,0,0,0,0,0,0,0,0,0,0,0,0,0,0,0,0,0,0,0,0,0,0,0,0,0,0,0,0,0,0,0,0,0,0,0,0,0,0,0,0,0,0,0,0,0,0,0,0,0,0,0,0,0,0,0,0,0,0,0,0,0,0,0,0,0,0,0,0,0,0,0,0,0,0,0,0,0,0,0,0,0,0,0,0,0,0,0,0,0,0,0,0,0,0,0,0,0,0,0,0,0,0,0,0,0,0,0,0,0,0,0,0,0,0,0,0,0,0,0,0,0,0,0,0,0,0,0,0,0,0,0,0,0,0,0,0,0,0,0,0,0,0,0,0,0,0,0,0,0,0,0,0,0,0,0,0,0,0,0,0,0,0,0,0,0,0,0,0,0,0,0,0,0,0,0,0,0,0,0,0,0,0,0,0,0,0,0,0,0,0,0,0,0,0,0,0,0,0,0,0,0,0,0,0,0,0,0,0,0,0,0,0,0,0,0,0,0,0,0,0,0,0,0,0,0,0,0,0,0,0,0,0,0,0,0,0,0,0,0,0,0,0,0,0,0,0,0,0,0,0,0,0,0,0,0,0,0,0,0,0,0,0
"arusha/longido/elengatadapash",0,0,0,0,0,0,0,0,0,0,0,0,0,0,0,0,0,0,0,0,0,0,0,0,0,0,0,0,0,0,0,0,0,0,0,0,0,0,0,0,0,0,0,0,0,0,0,0,0,0,0,0,0,0,0,0,0,0,0,0,0,0,0,0,0,0,0,0,0,0,0,0,0,0,0,0,0,0,0,0,0,0,0,0,0,0,0,0,0,0,0,0,0,0,0,0,0,0,0,0,0,0,0,0,0,0,0,0,0,0,0,0,0,0,0,0,0,0,0,0,0,0,0,0,0,0,0,0,0,0,0,0,0,0,0,0,0,0,0,0,0,0,0,0,0,0,0,0,0,0,0,0,0,0,0,0,0,0,0,0,0,0,0,0,0,0,0,0,0,0,0,0,0,0,0,0,0,0,0,0,0,0,0,0,0,0,0,0,0,0,0,0,0,0,0,0,0,0,0,0,0,0,0,0,0,0,0,0,0,0,0,0,0,0,0,0,0,0,0,0,0,0,0,0,0,0,0,0,0,0,0,0,0,0,0,0,0,0,0,0,0,0,0,0,0,0,0,0,0,0,0,0,0,0,0,0,0,0,0,0,0,0,0,0,0,0,0,0,0,0,0,0,0,0,0,0,0,0,0,0,0,0,0,0,0,0,0,0,0,0,0,0,0,0,0,0,0,0,0,0,0,0,0,0,0,0,0,0,0,0,0,0,0,0,0,0,0,0,0,0,0,0,0,0,0,0,0,0,0,0,0,0,0,0,0,0,0,0,0,0,0,0,0,0,0,0,0,0,0,0,0,0,0,0,0,0,0,0,0,0,0,0,0,0,0,0,0,0,0,0,0,0,0,0,0,0,0,0,0,0,0,0,0,0,0,0,0,0,0,0,0,0,0,0,0,0,0,0
"arusha/arushaurban/elerai",1.3e-05,0,0,0,0,3e-06,0,0,0,1e-06,0,0,1.5e-05,0.000307,0,0,0,0,0,0,0,1e-06,0,0,0,0,0,0,0,0,2.1e-05,0,0,0,0,0,9.5e-05,0,0,0,0,0,0,0,0,0,0,0,8e-06,0,0,0,0,0,0,0,0,0,1e-06,2e-06,1e-06,2e-06,7e-06,0,0,0.000156,1.3e-05,0,0,1e-06,0,0,0,0,0,1e-06,0,0,0,0,0,0,0,0,0,0,4.4e-05,0,0,1e-06,0,0,1.2e-05,7.6e-05,0,0,3e-06,0,8e-06,2e-06,0,0,0,0.000211,0,1.1e-05,0,2e-06,3e-06,1e-06,2e-06,4e-06,0,5e-06,0,0,1.8e-05,0,1.1e-05,1e-06,0,2.1e-05,0,0,0,0,0,0.000128,1.7e-05,0,0,1e-06,3e-06,1e-06,0,0.000258,1.5e-05,1e-06,2e-05,4e-06,6e-06,0,0.000453,0,0,2e-06,0,4e-06,3e-06,1e-06,0,0,0,0,1e-06,0.000535,0,0,0,0.000181,0,6e-06,0,0,0,0,1e-06,4e-06,0.000427,0,0,1e-05,0.033485,0,1e-06,0,9e-06,0,4e-06,0,0,0,1e-06,1e-06,3e-05,0.000864,0,0,1.5e-05,5e-06,1e-06,0,0,0,1e-06,0,0,0,4e-06,0,8.6e-05,0,0,0,4e-06,1e-06,2.2e-05,5e-06,1e-06,0,0,0,6e-06,0,0,0,0,2.8e-05,0,2e-06,0,0,0,0,2.4e-05,1e-06,2.8e-05,0,0,0,0,0,6e-06,0.000339,0,0,0,6e-06,1e-06,0,3e-06,0.000366,0,2.2e-05,0,0,0,9.3e-05,0,4e-06,0.005324,8.8e-05,1e-06,0.000343,2e-06,0,0,0,0,0,0,1e-06,0,0,2e-06,0,0,0.000171,0,0,0.000147,5e-06,0,0,1.9e-05,0,0,1e-06,0,0,1e-06,0,7e-05,0,0,0,0,0,0,0,0,1e-06,0,0.000249,1e-06,3e-06,5.7e-05,9.9e-05,1e-06,0,0,0,0,0,0,3e-06,2.5e-05,1e-06,1e-06,0,0.000546,0,0,0,1e-06,0,0,0.000114,1.1e-05,6.9e-05,4e-06,0.000201,4e-06,9e-06,0.003771,0,0,1.9e-05,0,0.000359,0.000257,6.2e-05,9.6e-05,2e-06,1e-06,0,0,0,0.000374,0,0,0,0,0,2e-06,0,0,8.2e-05,2e-06,0,0,1.1e-05,6e-06,0.005629,3e-06,1.1e-05,5e-06,0,0,1e-06,0,0,0,0,0,0.001532,0.000444,0.004389,0,3.3e-05,0,0,0,0,0,3.4e-05,1e-06,6e-06,1.6e-05,0,0,0,2.3e-05,0,0,0.000211,0,9e-06,1e-06,0,0.000115,0,0,0,0,0,0,0
"manyara/simanjiro/emboreet",0.000168,1.3e-05,8e-06,4.7e-05,6e-06,0.000505,2e-06,3e-06,5e-06,0.001843,2.6e-05,2e-06,0.000115,0.001992,8.7e-05,8e-06,3e-06,1.6e-05,2e-06,7e-06,5e-06,5.8e-05,5e-06,9e-06,5e-06,3e-06,1.1e-05,7e-06,1e-06,7e-06,0.001545,7e-06,3e-06,5e-06,1.8e-05,6e-06,0.000202,0.00017,1.3e-05,7.2e-05,3e-06,2e-06,0.000175,9.6e-05,3.2e-05,6e-06,3.3e-05,0.045993,0,7e-06,4e-06,5e-06,9e-06,3e-06,0.000123,2e-06,2.9e-05,5.1e-05,0.00043,0.001158,0.000101,0.000312,0.000366,2.1e-05,0,0.00155,0.000546,2e-06,0.00017,0.003208,5e-06,0,1.7e-05,8.9e-05,7e-06,0.000155,2.6e-05,1e-06,1e-06,2e-06,2e-06,1.6e-05,3e-06,3e-06,7e-06,2e-06,0.003963,2e-06,5.2e-05,0.00071,2e-06,2e-06,0.002262,0.000775,1.4e-05,0.000285,0.000194,3e-06,0.001437,0.000317,5e-06,3e-06,0.000162,0.000296,4.4e-05,0.001178,6e-06,0.000294,0.000131,0.000662,0.000135,0.000641,5.1e-05,7e-06,1e-05,7e-06,0.001618,6e-06,0.001514,0.000128,5.1e-05,0.002431,8e-06,3.1e-05,3e-06,6.8e-05,0.000179,0.005959,0.000762,9e-06,7e-06,0.000194,0.000583,6.5e-05,2e-06,0.001089,5.3e-05,0.000172,0.001979,0.000468,0.000301,4e-06,0.000371,4.2e-05,1.2e-05,0.00043,9e-06,0.000635,0.000492,0.000164,7e-06,8e-06,1e-05,9e-06,0.000282,0.012581,1.8e-05,2.6e-05,5e-05,0.023127,8.2e-05,0.013392,4e-06,2.1e-05,1e-06,2e-06,0.00014,0.000141,0.00244,5.3e-05,5.6e-05,0.002215,0.032117,0.000287,4.6e-05,0.001811,0.036608,6e-06,0.00046,0.000153,2e-06,1.3e-05,0.000593,8.2e-05,0.002812,0.091419,5e-06,1e-05,0.00152,0.000458,0.000141,4.5e-05,1e-04,3e-06,0.001557,1e-05,7e-06,1e-05,0.000532,5e-06,0.002849,0.000263,0.000252,1.4e-05,0.000576,7.4e-05,0.004094,0.002381,0.000161,9e-06,9e-06,6.6e-05,0.001169,3e-06,2e-06,6.8e-05,3e-06,0.004671,5.2e-05,0.000324,3e-06,1.5e-05,3e-06,1.2e-05,0.002059,4.3e-05,0.002449,2.7e-05,1.7e-05,2e-06,2e-06,3e-06,0.000916,0.005678,3.5e-05,1e-06,1.1e-05,0.000549,0.000211,6e-06,0.000396,0.127202,4e-06,0.007335,4e-06,8e-06,2.9e-05,0.001775,3e-06,0.000376,0.010128,0.004815,2.5e-05,0.003115,0.000277,0.00015,8e-06,4.3e-05,7e-06,5e-06,4e-06,0.000188,2.1e-05,4e-06,0.000818,2.2e-05,7e-06,0.003418,7e-06,0.000502,0.002431,0.001249,7e-06,6e-06,0.003398,1.7e-05,0.000166,0.001433,8e-06,4.8e-05,0.000137,4e-06,0.0074,1.6e-05,5e-06,1.3e-05,1e-06,1.8e-05,7e-06,1e-05,6e-05,8.8e-05,1.3e-05,0.00984,0.000115,0.000192,0.001589,5.6e-05,0.000365,0.000135,3e-06,3e-06,8e-06,9.9e-05,1e-05,0.004581,0.000225,2.6e-05,1.7e-05,9e-06,0.002522,5.5e-05,2.7e-05,7e-06,6.9e-05,4e-06,5e-06,0.003057,0.001735,0.005669,0.001498,0.002789,0.000303,0.000743,0.016118,0.000107,0.00014,9e-05,1.6e-05,0.000693,0.001009,0.000404,0.007207,0.000451,0.000746,7e-06,4.2e-05,2.6e-05,0.006678,8.7e-05,5e-06,7e-06,7e-06,7e-06,0.001052,0.000124,4.6e-05,0.000917,0.000701,6.1e-05,3e-06,0.000642,8.5e-05,0.013044,0.00062,0.001432,0.001592,3.8e-05,1.2e-05,0.000124,8e-06,2e-06,9e-06,2e-06,1.1e-05,0.007933,0.001973,0.005855,9e-06,0.000652,4.6e-05,2e-06,6e-06,1.4e-05,1.4e-05,0.000808,0.003211,2.1e-05,0.001143,3e-06,3e-06,4e-06,0.003393,3.1e-05,2e-06,0.000242,9e-06,0.001078,0.000183,6e-06,0.003068,6e-06,5e-06,1e-05,2e-06,2e-06,4e-06,2e-06
"arusha/karatu/endabash",0.000374,0.000625,2.9e-05,0.002055,9e-05,0.001185,0.000144,0.000233,4.2e-05,0.014147,0.000235,2.3e-05,0.000298,0.004481,0.008725,0.000992,0.000276,0.000476,6.8e-05,0.000206,2.1e-05,0.00025,3.5e-05,2.4e-05,1.7e-05,8e-06,7.8e-05,0.001765,4e-06,2.5e-05,0.00131,3e-05,1e-05,1.5e-05,0.017153,0.000146,0.000457,0.004044,0.00349,0.001322,0.000148,2.3e-05,0.001193,0.005075,0.000202,5.5e-05,0.000375,0.106979,0.013657,0,0.000396,0.001586,0.002785,0.000142,0.001933,2.6e-05,4.4e-05,8.6e-05,0.00075,0.140544,0.001398,0.009706,0.002306,8.9e-05,1e-06,0.002977,0.002242,9.4e-05,0.005418,0.006863,0.001221,6e-06,5.9e-05,0.007765,0.000139,0.003319,0.000527,2.5e-05,3e-05,5.4e-05,1.5e-05,0.000186,9.4e-05,2.6e-05,0.000106,0.000432,0.009872,6.1e-05,0.002413,0.003331,1.7e-05,5.3e-05,0.007839,0.002328,0.000217,0.026891,0.000638,9e-06,0.003738,0.000916,0.00026,0.000276,0.000638,0.000713,0.000124,0.005726,0.004524,0.000834,0.000434,0.186402,0.000445,0.002496,0.000917,1.7e-05,3.7e-05,2.7e-05,0.003574,1.9e-05,0.004519,0.000441,0.000238,0.008291,2.3e-05,8.8e-05,1e-05,0.000256,0.000928,0.019077,0.001355,2.9e-05,2.4e-05,0.000876,0.001701,0.000188,7e-06,0.002499,0.000149,0.000533,0.015003,0.001377,0.000748,1.4e-05,0.000938,0.000127,5.1e-05,0.00126,0.000241,0.001903,0.001611,0.000523,2.5e-05,1.9e-05,4.1e-05,2.5e-05,0.001072,0.034801,0.000111,0.000413,0.000116,0.063982,0.000248,0.006215,1.1e-05,6.1e-05,3.4e-05,2.1e-05,0.000332,0.000413,0.004995,0.000136,0.000323,0.02374,0.074273,0.000536,0.00016,0.001497,0.025769,4.3e-05,0.001351,0.000514,8e-06,0.000308,0.00187,0.000217,0.009114,0.150915,1.9e-05,3.5e-05,0.004556,0.001409,0.000357,0.001081,0.011619,0.000147,0.012034,4.8e-05,2.7e-05,0.000103,0.001551,0.000336,0.006722,0.000385,0.001054,2.6e-05,0.002148,0.000218,0.013104,0.025109,0.006325,3.4e-05,2.9e-05,0.000182,0.004272,1.2e-05,0.000518,0.000267,0.000869,0.019275,0.00018,0.001108,0.000139,3e-05,4.7e-05,3.6e-05,0.00565,0.000132,0.008008,6.3e-05,0.003696,2.6e-05,2.5e-05,0.000392,0.011856,0.011309,0.000145,2e-06,3.5e-05,0.001144,0.013703,2.2e-05,0.00061,0.134461,1.3e-05,0.027719,1.2e-05,2.4e-05,8.5e-05,0.003296,4.6e-05,0.000504,0.02497,0.041846,0.000106,0.006333,0.001202,0.000521,3.3e-05,0.000125,2e-05,1.7e-05,1.2e-05,0.000528,0.000132,1.5e-05,0.068833,0.000229,0.00023,0.011332,4.7e-05,0.003247,0.009052,0.003284,2.1e-05,1.6e-05,0.011575,6.1e-05,0.000598,0.001834,0.000364,0.002907,0.000225,0.000146,0.05471,0.000784,2.8e-05,0.000113,1.7e-05,7.3e-05,0.000166,3.1e-05,0.000136,0.00038,4.6e-05,0.016031,0.000338,0.000734,0.007652,0.000136,0.000663,0.02386,1.1e-05,7e-06,2.3e-05,0.000258,3.2e-05,0.077865,0.000532,6.4e-05,4.2e-05,3.1e-05,0.008153,0.005733,9e-05,1.9e-05,0.000222,0.001501,0.000123,0.01723,0.006976,0.009635,0.000993,0.010186,0.000809,0.003735,0.064226,0.003179,0.004077,0.000199,0.000285,0.001863,0.002589,0.001242,0.068112,0.008016,0.001656,3.5e-05,0.000116,0.000532,0.015222,0.000153,0.002195,2e-05,0.000766,0.000105,0.00246,0.000406,0.001029,0.003001,0.001883,0.001229,0.000198,0.002055,2e-04,0.030446,0.015083,0.005523,0.002262,0.000108,4.7e-05,0.000341,9.3e-05,2.7e-05,6.5e-05,1.5e-05,0.000208,0.019417,0.005805,0.013276,4.3e-05,0.001798,0.000129,5e-06,2e-05,8.5e-05,5.9e-05,0.001312,0.001018,4.6e-05,0.008728,0.000187,1e-05,0.000141,0.014084,0.000722,0.000238,0.000562,2.9e-05,0.003306,0.000595,2e-05,0.006525,2.2e-05,1.7e-05,3.5e-05,6e-06,8e-06,0.000192,0.000182
"manyara/mbulu/endagikot",1e-05,7e-06,1e-06,3.6e-05,1.5e-05,3.7e-05,0.000267,0.000125,4e-06,0.001634,2.9e-05,2e-06,8e-06,0.000117,0.000383,0.000238,4.3e-05,7.2e-05,7e-06,1.9e-05,1e-06,7e-06,3e-06,1e-06,1e-06,0,8e-06,2.4e-05,0,1e-06,3.8e-05,1e-06,0,0,5.6e-05,1.9e-05,1.2e-05,0.000635,0.000317,2.7e-05,2.2e-05,2e-06,5e-05,0.001046,9e-06,7e-06,7e-06,0.002921,0.000559,3.2e-05,0,1.2e-05,1.3e-05,1.4e-05,0.000216,3e-06,1e-06,6e-06,2.9e-05,0.002234,3e-05,0.00014,5e-05,4e-06,0,7.9e-05,4.9e-05,7e-06,7.4e-05,0.000457,6e-06,1e-06,2e-06,0.001067,1.2e-05,6.1e-05,8e-06,3e-06,2e-06,5e-06,2e-06,2e-05,1.5e-05,2e-06,1.2e-05,0.000133,0.000289,7e-06,0.000195,0.00012,2e-06,4e-06,0.000245,5.8e-05,4e-06,0.035711,1.8e-05,0,0.000117,2.9e-05,0.000173,6e-06,2.2e-05,1.8e-05,4e-06,0.00016,3.2e-05,2.5e-05,1.1e-05,0.001056,1.2e-05,7.4e-05,8.9e-05,0,1e-06,1e-06,0.000105,1e-06,0.000136,1.3e-05,7e-06,0.000244,1e-06,3e-06,0,9e-06,3.9e-05,0.000539,3.8e-05,1e-06,1e-06,2.7e-05,5.4e-05,6e-06,0,6.5e-05,4e-06,1.6e-05,0.000353,4.1e-05,2.1e-05,1e-06,2.4e-05,4e-06,2e-06,4.1e-05,4.9e-05,5.8e-05,4.9e-05,1.6e-05,1e-06,1e-06,1e-06,1e-06,3.7e-05,0.000848,3e-06,8e-06,5e-06,0.00201,8e-06,0.000233,0,2e-06,3e-06,2e-06,1.1e-05,1.1e-05,0.000131,4e-06,1.3e-05,0.000452,0.001995,1.9e-05,4e-06,7.2e-05,0.000896,1e-06,4e-05,2.1e-05,0,6e-06,6.8e-05,7e-06,0.000263,0.005012,1e-06,1e-06,0.000133,4e-05,1.1e-05,0.000225,0.000429,1.5e-05,0.000933,2e-06,1e-06,1.4e-05,4.7e-05,3e-06,0.000184,1.9e-05,3.8e-05,1e-06,6.5e-05,6e-06,0.000412,0.000515,9.3e-05,1e-06,1e-06,1.2e-05,0.000132,0,8e-06,9e-06,3.2e-05,0.000591,5e-06,3.4e-05,1.7e-05,1e-06,6e-06,1e-06,0.000163,4e-06,0.000228,2e-06,0.000191,3e-06,3e-06,9.2e-05,0.000246,0.000292,7e-06,0,1e-06,3.4e-05,0.000145,1e-06,1.9e-05,0.003908,0,0.00095,0,1e-06,3e-06,9e-05,4e-06,1.4e-05,0.000644,0.000866,2e-06,0.000169,3.4e-05,1.8e-05,1e-06,4e-06,1e-06,1e-06,0,1.7e-05,3e-06,1e-06,0.000695,5e-06,9.4e-05,0.000263,5e-06,0.000188,0.000208,0.000106,1e-06,1e-06,0.00036,2e-06,2.1e-05,7e-05,9.4e-05,2.9e-05,7e-06,2e-06,0.001354,0.000637,1e-06,1.2e-05,2e-06,2e-06,2.7e-05,1e-06,6e-06,1e-05,2e-06,0.000457,1e-05,2e-05,0.000194,3e-06,2.3e-05,0.000176,0,0,1e-06,9e-06,1e-06,0.00293,1.4e-05,2e-06,1e-06,1e-06,0.000207,6.8e-05,5e-06,1e-06,7e-06,6e-06,3e-06,0.000418,0.000209,0.000275,3.1e-05,0.000239,2.3e-05,9.9e-05,0.001645,6.6e-05,8.2e-05,5e-06,7e-06,4.6e-05,6.6e-05,3e-05,0.001609,0.000172,6.4e-05,2e-06,4e-06,9e-06,0.000411,1e-05,7e-06,1e-06,5e-06,1.4e-05,8.8e-05,1.5e-05,1.9e-05,7.3e-05,6.5e-05,2.4e-05,0.000147,5.6e-05,5e-06,0.000797,0.000224,0.000122,7.4e-05,4e-06,1e-06,1e-05,1.4e-05,3e-06,7e-06,1e-06,5e-06,0.000505,0.000152,0.000342,2e-06,4.7e-05,4e-06,0,1e-06,4e-06,2e-06,3.6e-05,3.6e-05,1e-06,0.000217,0.000157,0,3.7e-05,0.000423,9.1e-05,0.000104,1.4e-05,1e-06,9.8e-05,1.8e-05,1e-06,0.000179,1e-06,1e-06,1e-06,0,0,6.6e-05,1.6e-05
"arusha/karatu/endamaghang",1.8e-05,5.5e-05,2e-06,0.000152,3e-06,6.4e-05,4e-06,5e-06,2e-06,0.000491,8e-06,1e-06,1.4e-05,0.000209,0.000789,2.1e-05,9e-06,1.4e-05,3e-06,8e-06,1e-06,9e-06,1e-06,1e-06,1e-06,0,3e-06,1.9e-05,0,1e-06,9.3e-05,2e-06,1e-06,1e-06,0.000915,5e-06,2.1e-05,0.000113,4.5e-05,0.000109,7e-06,1e-06,4.9e-05,0.000153,8e-06,2e-06,2e-05,0.005269,0.00051,8.5e-05,8e-06,0,3.8e-05,8e-06,5.9e-05,1e-06,2e-06,3e-06,4e-05,0.025406,6.2e-05,0.000402,0.000123,5e-06,0,0.000135,9.8e-05,7e-06,0.000142,0.000176,5.3e-05,0,3e-06,0.000151,5e-06,0.000159,3.6e-05,1e-06,2e-06,3e-06,1e-06,5e-06,4e-06,1e-06,5e-06,8e-06,0.000521,3e-06,0.000107,0.000135,1e-06,2e-06,0.000449,0.000112,1.3e-05,0.000704,3.4e-05,1e-06,0.000205,5.1e-05,7e-06,5.4e-05,3.7e-05,3.3e-05,7e-06,0.000335,3.9e-05,4.5e-05,2.3e-05,0.004065,2.4e-05,0.000143,3.1e-05,1e-06,2e-06,2e-06,0.000184,1e-06,0.00025,2.5e-05,9e-06,0.000464,1e-06,5e-06,1e-06,1.5e-05,3.7e-05,0.00068,6.4e-05,2e-06,1e-06,3.5e-05,9.5e-05,1e-05,0,0.000116,7e-06,3e-05,0.00091,7.5e-05,3.8e-05,1e-06,4.3e-05,7e-06,3e-06,7.1e-05,6e-06,0.000106,9e-05,2.9e-05,1e-06,1e-06,2e-06,1e-06,6.3e-05,0.00154,5e-06,1.7e-05,6e-06,0.00365,1.4e-05,0.000188,1e-06,3e-06,1e-06,1e-06,1.8e-05,2.1e-05,0.000228,8e-06,1.3e-05,0.00065,0.003589,2.9e-05,9e-06,4.5e-05,0.000634,2e-06,7.4e-05,2.9e-05,0,2.9e-05,0.000107,1.2e-05,0.000501,0.014027,1e-06,2e-06,0.000248,7.6e-05,1.9e-05,4.1e-05,0.000134,6e-06,0.000253,3e-06,2e-06,3e-06,8.5e-05,1.1e-05,0.000333,1.8e-05,4.2e-05,1e-06,0.000123,1.1e-05,0.000745,0.000584,0.000664,2e-06,2e-06,4e-06,0.000246,1e-06,7.3e-05,1.6e-05,1.2e-05,0.001138,1e-05,6.3e-05,5e-06,1e-06,2e-06,2e-06,0.000301,7e-06,0.000438,3e-06,0.00013,1e-06,1e-06,1.1e-05,0.000819,0.000494,8e-06,0,2e-06,3.8e-05,0.00045,1e-06,3e-05,0.0086,1e-06,0.001115,1e-06,1e-06,5e-06,0.000153,2e-06,2.1e-05,0.001175,0.001451,5e-06,0.000293,6.9e-05,3e-05,2e-06,7e-06,1e-06,1e-06,1e-06,2e-05,4e-06,1e-06,0.001428,1.4e-05,7e-06,0.000506,2e-06,8.8e-05,0.000421,0.000182,1e-06,1e-06,0.000662,3e-06,3.5e-05,6.3e-05,9e-06,0.000189,1.1e-05,1e-05,0.003454,2.2e-05,1e-06,3e-06,1e-06,4e-06,7e-06,2e-06,7e-06,2.1e-05,3e-06,0.000753,1.9e-05,4e-05,0.000276,6e-06,3.5e-05,0.004488,1e-06,0,1e-06,1.4e-05,2e-06,0.001388,2.5e-05,3e-06,2e-06,2e-06,0.000257,0.000592,5e-06,1e-06,1.2e-05,0.000103,7e-06,0.000624,0.000405,0.000294,4.2e-05,0.000487,4.2e-05,0.000215,0.002207,0.000207,0.000257,9e-06,2.5e-05,8.5e-05,0.000121,5.7e-05,0.00288,0.000677,6.1e-05,1e-06,6e-06,4.2e-05,0.000738,6e-06,5.1e-05,1e-06,2.3e-05,3e-06,0.000136,2.3e-05,8.9e-05,0.000145,0.000106,0.000106,5e-06,0.000109,1e-05,0.001435,0.000453,0.000221,7.5e-05,6e-06,3e-06,1.8e-05,3e-06,1e-06,2e-06,1e-06,1.9e-05,0.000922,0.000186,0.000606,2e-06,8.8e-05,7e-06,0,1e-06,3e-06,3e-06,5.8e-05,2.9e-05,2e-06,0.00035,6e-06,1e-06,5e-06,0.000825,3.5e-05,5e-06,2.6e-05,2e-06,0.000182,3.3e-05,1e-06,0.000315,1e-06,1e-06,2e-06,0,0,7e-06,1.1e-05
"arusha/karatu/endamarariek",1e-06,2e-06,0,3e-06,0,3e-06,0,0,0,2.9e-05,0,0,1e-06,1.4e-05,1e-05,1e-06,0,1e-06,0,0,0,1e-06,0,0,0,0,0,3e-06,0,0,6e-06,0,0,0,1.1e-05,0,1e-06,5e-06,2e-06,3e-06,0,0,2e-06,5e-06,0,0,1e-06,0.000371,4e-05,6e-06,0,2e-06,0,0,2e-06,0,0,0,2e-06,0.00017,3e-06,2.4e-05,7e-06,0,0,9e-06,8e-06,0,3.4e-05,1.2e-05,4e-06,0,0,1.2e-05,0,7e-06,2e-06,0,0,0,0,0,0,0,0,0,2.8e-05,0,2e-06,6e-06,0,0,2e-05,7e-06,1e-06,3.3e-05,2e-06,0,1e-05,2e-06,0,0,1e-06,2e-06,0,1.5e-05,2e-06,2e-06,1e-06,0.001067,1e-06,6e-06,1e-06,0,0,0,1e-05,0,1.2e-05,1e-06,0,2.2e-05,0,0,0,1e-06,1e-06,4e-05,4e-06,0,0,2e-06,4e-06,1e-06,0,8e-06,0,1e-06,4.3e-05,4e-06,2e-06,0,3e-06,0,0,3e-06,0,5e-06,4e-06,1e-06,0,0,0,0,3e-06,0.00012,0,1e-06,0,0.000179,1e-06,1.2e-05,0,0,0,0,1e-06,1e-06,1.6e-05,0,1e-06,6.9e-05,0.000249,1e-06,0,3e-06,5.9e-05,0,4e-06,1e-06,0,1e-06,4e-06,1e-06,2.5e-05,0.000714,0,0,1.2e-05,4e-06,1e-06,2e-06,1.8e-05,0,2e-05,0,0,0,4e-06,2e-06,2e-05,1e-06,2e-06,0,6e-06,1e-06,3.4e-05,7.8e-05,1.5e-05,0,0,0,1.1e-05,0,0,1e-06,1e-06,4.9e-05,0,3e-06,0,0,0,0,1.6e-05,0,2.2e-05,0,3e-06,0,0,0,3.3e-05,3.7e-05,0,0,0,2e-06,4.4e-05,0,2e-06,0.000807,0,4.9e-05,0,0,0,1e-05,0,2e-06,8.1e-05,0.000104,0,2e-05,3e-06,1e-06,0,0,0,0,0,1e-06,1e-06,0,0.000396,1e-06,0,3.8e-05,0,9e-06,3e-05,8e-06,0,0,3e-05,0,1e-06,3e-06,1e-06,1e-05,1e-06,0,0.000157,1e-06,0,0,0,0,0,0,0,1e-06,0,4.9e-05,1e-06,2e-06,1.6e-05,0,2e-06,4.5e-05,0,0,0,1e-06,0,0.000193,2e-06,0,0,0,1.9e-05,8e-06,0,0,1e-06,2e-06,0,3.8e-05,1.8e-05,2.1e-05,3e-06,3.3e-05,2e-06,1e-05,0.000153,5e-06,7e-06,1e-06,1e-06,6e-06,8e-06,4e-06,0.000149,1.9e-05,3e-06,0,0,1e-06,4.7e-05,0,7e-06,0,6e-06,0,6e-06,1e-06,3e-06,9e-06,5e-06,3e-06,0,6e-06,1e-06,9.8e-05,4.6e-05,2e-05,4e-06,0,0,1e-06,0,0,0,0,0,6.2e-05,1.3e-05,4.3e-05,0,5e-06,0,0,0,0,0,4e-06,2e-06,0,1.8e-05,0,0,0,3.6e-05,1e-06,0,2e-06,0,9e-06,2e-06,0,2e-05,0,0,0,0,0,0,0
"manyara/mbulu/endamilay",0,0,0,0,0,0,0,0,0,0,0,0,0,0,0,0,0,0,0,0,0,0,0,0,0,0,0,0,0,0,0,0,0,0,0,0,0,0,0,0,0,0,0,0,0,0,0,0,0,0,0,0,0,0,0,0,0,0,0,0,0,0,0,0,0,0,0,0,0,0,0,0,0,0,0,0,0,0,0,0,0,0,0,0,0,0,0,0,0,0,0,0,0,0,0,0,0,0,0,0,0,0,0,0,0,0,0,0,0,0,0,0,0,0,0,0,0,0,0,0,0,0,0,0,0,0,0,0,0,0,0,0,0,0,0,0,0,0,0,0,0,0,0,0,0,0,0,0,0,0,0,0,0,0,0,0,0,0,0,0,0,0,0,0,0,0,0,0,0,0,0,0,0,0,0,0,0,0,0,0,0,0,0,0,0,0,0,0,0,0,0,0,0,0,0,0,0,0,0,0,0,0,0,0,0,0,0,0,0,0,0,0,0,0,0,0,0,0,0,0,0,0,0,0,0,0,0,0,0,0,0,0,0,0,0,0,0,0,0,0,0,0,0,0,0,0,0,0,0,0,0,0,0,0,0,0,0,0,0,0,0,0,0,0,0,0,0,0,0,0,0,0,0,0,0,0,0,0,0,0,0,0,0,0,0,0,0,0,0,0,0,0,0,0,0,0,0,0,0,0,0,0,0,0,0,0,0,0,0,0,0,0,0,0,0,0,0,0,0,0,0,0,0,0,0,0,0,0,0,0,0,0,0,0,0,0,0,0,0,0,0,0,0,0,0,0,0,0,0,0,0,0,0,0,0,0,0,0,0,0,0,0,0,0,0,0,0,0,0,0,0,0,0,0,0,0,0,0,0,0,0,0,0,0,0,0,0,0,0,0,0,0,0,0,0,0,0,0
"manyara/hanang/endasak",0.000544,0.000211,6.2e-05,0.001453,0.002634,0.002634,0.000162,0.000178,0.003314,0.202656,0.006844,0.001211,0.000404,0.006225,0.007497,0.000447,0.000805,0.017994,0.001099,0.003962,6.7e-05,0.000416,0.002622,5.1e-05,5.3e-05,1.6e-05,0.003413,0.000194,3.2e-05,8e-05,0.002249,0.000241,3.1e-05,3.9e-05,0.00076,0.014682,0.000608,0.172476,0.000953,0.001317,0.000754,0.002119,0.006424,0.035507,0.001489,0.006856,0.000248,0.133307,0.036781,0.000318,0.000439,0.000181,0.000179,0.000685,0,0.017131,8.6e-05,0.000571,0.002757,0.054085,0.001565,0.004512,0.002386,0.000602,1e-06,0.004219,0.00206,0.000269,0.001568,0.055732,0.000101,0.00069,9.7e-05,0.004041,0.004516,0.002712,0.000316,0.001512,0.000358,0.000481,0.009611,0.037654,0.000897,0.001479,0.016918,0.00025,0.01856,0.000785,0.01625,0.010846,0.007385,0.000503,0.017646,0.002999,0.000135,0.020821,0.001103,2.3e-05,0.00844,0.002086,0.000363,0.000139,0.001979,0.000932,0.000259,0.010163,0.000214,0.001686,0.000658,0.016858,0.000778,0.005128,0.090621,2.3e-05,7.8e-05,5.8e-05,0.006769,0.000143,0.00936,0.000852,0.000454,0.016132,5.8e-05,0.000223,2.5e-05,0.000817,0.004774,0.03164,0.002263,6.2e-05,5.1e-05,0.001933,0.003979,0.000384,1.7e-05,0.003397,0.000186,0.00112,0.01883,0.00271,0.001273,4.6e-05,0.001193,0.000252,0.000108,0.003216,0.002102,0.004132,0.003392,0.001135,5.3e-05,5.1e-05,8.8e-05,7.4e-05,0.003087,0.037467,0.000232,0.000329,0.000514,0.1252,0.000596,0.017406,2.4e-05,0.00016,0.000738,0.000812,0.000812,0.000641,0.006865,0.00035,0.001644,0.014619,0.095151,0.001721,0.000273,0.008365,0.041883,5.1e-05,0.002727,0.00246,2.6e-05,0.000263,0.006264,0.000468,0.016909,0.269552,3.4e-05,6.6e-05,0.00869,0.002615,0.000733,0.016688,0.003767,0.001025,0.042649,0.000294,5.9e-05,0.001066,0.003197,6.3e-05,0.010625,0.002847,0.003378,4.9e-05,0.004555,0.000361,0.029275,0.015235,0.003212,7.2e-05,6.4e-05,0.000936,0.009533,2.7e-05,0.000101,0.000807,0.000142,0.040638,0.000381,0.002388,0.001278,5.1e-05,0.006295,6.5e-05,0.010434,0.000234,0.014464,0.000128,0.001101,0.011942,0.011817,0.000533,0.012029,0.014255,0.001223,4e-06,7.3e-05,0.002095,0.003454,4.9e-05,0.001207,0.149232,2.6e-05,0.072547,3.7e-05,5e-05,0.000176,0.004975,0.003474,0.000692,0.032308,0.034918,9.6e-05,0.009014,0.00225,0.001633,6.9e-05,0.000306,4.1e-05,4.9e-05,3.8e-05,0.00123,9.9e-05,4.8e-05,0.013532,0.000219,0.000931,0.011758,0.00051,0.006001,0.009515,0.008025,5.1e-05,5e-05,0.025386,0.000133,0.001886,0.006178,0.000452,0.000705,0.000496,5.8e-05,0.071271,0.001578,0.000177,0.002301,0.003359,0.000148,0.003342,5.3e-05,0.000874,0.000619,0.000145,0.025926,0.000708,0.001201,0.010549,0.000176,0.001794,0.003368,2.4e-05,1.8e-05,4.8e-05,0.000728,0.000242,0.062686,0.000746,9.5e-05,5.9e-05,6e-05,0.010149,0.001817,0.000881,4e-05,0.000461,9.2e-05,0.000123,0.021242,0.014433,0.01483,0.001833,0.011412,0.001433,0.005974,0.077106,0.003249,0.003967,0.000273,0.000354,0.002278,0.003398,0.00143,0.077968,0.008724,0.006376,0.000242,0.000242,0.000403,0.022513,0.001751,0.000105,4e-05,9.7e-05,0.00669,0.007654,0.001462,0.000848,0.003683,0.005432,0.001149,0.000178,0.003405,0.000291,0.040139,0.006462,0.004712,0.005197,0.000271,0.000102,0.000697,0.002017,0.005651,0.001883,0.001797,0.000236,0.02605,0.007809,0.017146,0.000283,0.002573,0.000265,1.6e-05,6.2e-05,0.000449,0.000117,0.001893,0.002376,6.3e-05,0.012173,0.000338,2.6e-05,0.001006,0.028691,0.019926,0.000147,0.000735,5.8e-05,0.00662,0.001213,4e-05,0.010171,4.6e-05,5.2e-05,0.000107,1.6e-05,2.4e-05,0.000718,0.000276
"manyara/hanang/endasiwold",0,0,0,0,0,0,0,0,0,0,0,0,0,0,0,0,0,0,0,0,0,0,0,0,0,0,0,0,0,0,0,0,0,0,0,0,0,0,0,0,0,0,0,0,0,0,0,0,0,0,0,0,0,0,0,0,0,0,0,0,0,0,0,0,0,0,0,0,0,0,0,0,0,0,0,0,0,0,0,0,0,0,0,0,0,0,0,0,0,0,0,0,0,0,0,0,0,0,0,0,0,0,0,0,0,0,0,0,0,0,0,0,0,0,0,0,0,0,0,0,0,0,0,0,0,0,0,0,0,0,0,0,0,0,0,0,0,0,0,0,0,0,0,0,0,0,0,0,0,0,0,0,0,0,0,0,0,0,0,0,0,0,0,0,0,0,0,0,0,0,0,0,0,0,0,0,0,0,0,0,0,0,0,0,0,0,0,0,0,0,0,0,0,0,0,0,0,0,0,0,0,0,0,0,0,0,0,0,0,0,0,0,0,0,0,0,0,0,0,0,0,0,0,0,0,0,0,0,0,0,0,0,0,0,0,0,0,0,0,0,0,0,0,0,0,0,0,0,0,0,0,0,0,0,0,0,0,0,0,0,0,0,0,0,0,0,0,0,0,0,0,0,0,0,0,0,0,0,0,0,0,0,0,0,0,0,0,0,0,0,0,0,0,0,0,0,0,0,0,0,0,0,0,0,0,0,0,0,0,0,0,0,0,0,0,0,0,0,0,0,0,0,0,0,0,0,0,0,0,0,0,0,0,0,0,0,0,0,0,0,0,0,0,0,0,0,0,0,0,0,0,0,0,0,0,0,0,0,0,0,0,0,0,0,0,0,0,0,0,0,0,0,0,0,0,0,0,0,0,0,0,0,0,0,0,0,0,0,0,0,0,0,0,0,0,0,0,0
"manyara/simanjiro/endiantu",0,0,0,0,0,0,0,0,0,0,0,0,0,0,0,0,0,0,0,0,0,0,0,0,0,0,0,0,0,0,0,0,0,0,0,0,0,0,0,0,0,0,0,0,0,0,0,0,0,0,0,0,0,0,0,0,0,0,0,0,0,0,0,0,0,0,0,0,0,0,0,0,0,0,0,0,0,0,0,0,0,0,0,0,0,0,0,0,0,0,0,0,0,0,0,0,0,0,0,0,0,0,0,0,0,0,0,0,0,0,0,0,0,0,0,0,0,0,0,0,0,0,0,0,0,0,0,0,0,0,0,0,0,0,0,0,0,0,0,0,0,0,0,0,0,0,0,0,0,0,0,0,0,0,0,0,0,0,0,0,0,0,0,0,0,0,0,0,0,0,0,0,0,0,0,0,0,0,0,0,0,0,0,0,0,0,0,0,0,0,0,0,0,0,0,0,0,0,0,0,0,0,0,0,0,0,0,0,0,0,0,0,0,0,0,0,0,0,0,0,0,0,0,0,0,0,0,0,0,0,0,0,0,0,0,0,0,0,0,0,0,0,0,0,0,0,0,0,0,0,0,0,0,0,0,0,0,0,0,0,0,0,0,0,0,0,0,0,0,0,0,0,0,0,0,0,0,0,0,0,0,0,0,0,0,0,0,0,0,0,0,0,0,0,0,0,0,0,0,0,0,0,0,0,0,0,0,0,0,0,0,0,0,0,0,0,0,0,0,0,0,0,0,0,0,0,0,0,0,0,0,0,0,0,0,0,0,0,0,0,0,0,0,0,0,0,0,0,0,0,0,0,0,0,0,0,0,0,0,0,0,0,0,0,0,0,0,0,0,0,0,0,0,0,0,0,0,0,0,0,0,0,0,0,0,0,0,0,0,0,0,0,0,0,0,0,0,0
"manyara/babati/endokise",0,0,0,0,0,0,0,0,0,0,0,0,0,0,0,0,0,0,0,0,0,0,0,0,0,0,0,0,0,0,0,0,0,0,0,0,0,0,0,0,0,0,0,0,0,0,0,0,0,0,0,0,0,0,0,0,0,0,0,0,0,0,0,0,0,0,0,0,0,0,0,0,0,0,0,0,0,0,0,0,0,0,0,0,0,0,0,0,0,0,0,0,0,0,0,0,0,0,0,0,0,0,0,0,0,0,0,0,0,0,0,0,0,0,0,0,0,0,0,0,0,0,0,0,0,0,0,0,0,0,0,0,0,0,0,0,0,0,0,0,0,0,0,0,0,0,0,0,0,0,0,0,0,0,0,0,0,0,0,0,0,0,0,0,0,0,0,0,0,0,0,0,0,0,0,0,0,0,0,0,0,0,0,0,0,0,0,0,0,0,0,0,0,0,0,0,0,0,0,0,0,0,0,0,0,0,0,0,0,0,0,0,0,0,0,0,0,0,0,0,0,0,0,0,0,0,0,0,0,0,0,0,0,0,0,0,0,0,0,0,0,0,0,0,0,0,0,0,0,0,0,0,0,0,0,0,0,0,0,0,0,0,0,0,0,0,0,0,0,0,0,0,0,0,0,0,0,0,0,0,0,0,0,0,0,0,0,0,0,0,0,0,0,0,0,0,0,0,0,0,0,0,0,0,0,0,0,0,0,0,0,0,0,0,0,0,0,0,0,0,0,0,0,0,0,0,0,0,0,0,0,0,0,0,0,0,0,0,0,0,0,0,0,0,0,0,0,0,0,0,0,0,0,0,0,0,0,0,0,0,0,0,0,0,0,0,0,0,0,0,0,0,0,0,0,0,0,0,0,0,0,0,0,0,0,0,0,0,0,0,0,0,0,0,0,0,0,0
"manyara/simanjiro/endonyongijape",0,0,0,0,0,0,0,0,0,0,0,0,0,0,0,0,0,0,0,0,0,0,0,0,0,0,0,0,0,0,0,0,0,0,0,0,0,0,0,0,0,0,0,0,0,0,0,0,0,0,0,0,0,0,0,0,0,0,0,0,0,0,0,0,0,0,0,0,0,0,0,0,0,0,0,0,0,0,0,0,0,0,0,0,0,0,0,0,0,0,0,0,0,0,0,0,0,0,0,0,0,0,0,0,0,0,0,0,0,0,0,0,0,0,0,0,0,0,0,0,0,0,0,0,0,0,0,0,0,0,0,0,0,0,0,0,0,0,0,0,0,0,0,0,0,0,0,0,0,0,0,0,0,0,0,0,0,0,0,0,0,0,0,0,0,0,0,0,0,0,0,0,0,0,0,0,0,0,0,0,0,0,0,0,0,0,0,0,0,0,0,0,0,0,0,0,0,0,0,0,0,0,0,0,0,0,0,0,0,0,0,0,0,0,0,0,0,0,0,0,0,0,0,0,0,0,0,0,0,0,0,0,0,0,0,0,0,0,0,0,0,0,0,0,0,0,0,0,0,0,0,0,0,0,0,0,0,0,0,0,0,0,0,0,0,0,0,0,0,0,0,0,0,0,0,0,0,0,0,0,0,0,0,0,0,0,0,0,0,0,0,0,0,0,0,0,0,0,0,0,0,0,0,0,0,0,0,0,0,0,0,0,0,0,0,0,0,0,0,0,0,0,0,0,0,0,0,0,0,0,0,0,0,0,0,0,0,0,0,0,0,0,0,0,0,0,0,0,0,0,0,0,0,0,0,0,0,0,0,0,0,0,0,0,0,0,0,0,0,0,0,0,0,0,0,0,0,0,0,0,0,0,0,0,0,0,0,0,0,0,0,0,0,0,0,0,0,0
"arusha/ngorongoro/endulen",0.000675,0.002858,7.7e-05,0.021621,8.5e-05,0.002784,6.9e-05,9.4e-05,4.6e-05,0.01254,0.000221,4.3e-05,0.000539,0.007809,0.020661,0.000337,0.000313,0.000556,0.000122,0.000392,5.7e-05,0.000561,4.1e-05,5.9e-05,4.7e-05,1.8e-05,8.1e-05,0.000274,1e-05,6.8e-05,0.00222,7.3e-05,2.7e-05,3.9e-05,0.006782,0.000184,0.000769,0.004202,0.000958,0.007826,0.000187,3.7e-05,0.00323,0.00529,0.000509,6e-05,0.000768,0.169074,0.015458,0.001129,0.000199,0.003499,0.000548,0.000244,0.002465,3.3e-05,8.4e-05,8.2e-05,0.001718,0,0.00437,0.021877,0.005104,0.000225,7e-06,0.004951,0.003333,0.000217,0.003012,0.007208,0.000757,9e-06,0.000138,0.002566,0.00027,0.011751,0.001766,3.8e-05,6.7e-05,0.000107,1.9e-05,0.000226,0.000111,4.7e-05,0.000146,0.000198,0.021935,9.7e-05,0.005251,0.008869,2.4e-05,0.000127,0.020583,0.0043,0.000532,0.012168,0.0015,2.4e-05,0.009077,0.002302,0.000128,0.004462,0.001781,0.001211,0.000302,0.015691,0.000448,0.002006,0.000947,0.081137,0.001055,0.006665,0.001452,2.9e-05,9.8e-05,7.1e-05,0.007676,4.6e-05,0.011119,0.00111,0.000585,0.020745,6e-05,0.000226,2.5e-05,0.000706,0.002383,0.038025,0.002497,7.6e-05,6.2e-05,0.002244,0.004313,0.000457,1.7e-05,0.004309,0.000258,0.001336,0.042304,0.003314,0.001575,3.9e-05,0.001584,0.000311,0.000141,0.003249,0.000183,0.004768,0.004108,0.001337,6.8e-05,4.6e-05,0.000112,6.5e-05,0.002972,0.050825,0.000306,0.001042,0.000279,0.145416,0.000641,0.009345,2.8e-05,0.000157,6.8e-05,4.3e-05,0.000803,0.000873,0.008293,0.000339,0.000852,0.026117,0.120645,0.001256,0.000383,0.002272,0.024852,0.000115,0.003283,0.001314,2.3e-05,0.002633,0.004924,0.000521,0.021978,0.30724,4.7e-05,8.8e-05,0.010866,0.003354,0.000833,0.001014,0.00322,0.00025,0.008527,0.000126,7.1e-05,8.2e-05,0.00379,0.000229,0.013208,0.000721,0.002744,5.2e-05,0.00571,0.00048,0.03344,0.020943,0.056038,8.9e-05,7.7e-05,0.00016,0.011404,3.3e-05,0.000715,0.000746,0.000174,0.052007,0.000469,0.002884,0.000202,5.8e-05,5.3e-05,8.6e-05,0.012875,0.000308,0.01914,0.000143,0.00183,3.5e-05,3e-05,0.000307,0.043558,0.016985,0.00035,5e-06,8.9e-05,0.0021,0.016948,6e-05,0.001191,0.148523,3.1e-05,0.068425,3.3e-05,5.9e-05,0.000208,0.005712,7.5e-05,0.000702,0.042296,0.070917,0.000157,0.010818,0.003233,0.001409,8.8e-05,0.000319,4.8e-05,4.4e-05,3.4e-05,0.001198,8.7e-05,4.2e-05,0.039912,0.000675,0.000158,0.017463,3.9e-05,0.002011,0.015126,0.008154,5.4e-05,4.2e-05,0.029974,0.000163,0.001631,0.003541,0.000166,0.006036,0.000472,0.000466,0.150168,0.000447,7e-05,0.000107,2.5e-05,0.000199,0.000191,7.3e-05,0.000301,0.000958,0.000127,0.027917,0.000835,0.001775,0.015749,0.000228,0.001522,0.079128,2.9e-05,1.7e-05,5.6e-05,0.000653,7.2e-05,0.040625,0.000956,0.000122,7.6e-05,7.9e-05,0.012858,0.081226,0.000202,4.7e-05,0.000559,0.000908,0.00067,0.034719,0.018788,0.014471,0.001442,0.018054,0.001789,0.009923,0.106945,0.025579,0.029518,0.00034,0.002109,0.003112,0.004536,0.002078,0.162104,0.049631,0.003676,8.5e-05,0.000281,0.00263,0.028045,0.000176,0.000596,4.9e-05,0.000416,0.000108,0.006069,0.001071,0.006724,0.005516,0.004796,0.008093,8.5e-05,0.004673,0.000369,0.05124,0.018647,0.006827,0.004157,0.000275,0.000127,0.000816,8.2e-05,3.8e-05,6.3e-05,2.2e-05,0.001586,0.033921,0.009503,0.02167,0.000111,0.003494,0.000312,1.4e-05,5.3e-05,0.000228,0.000161,0.002076,0.001366,7.9e-05,0.022102,0.000121,2.6e-05,0.000126,0.037925,0.001004,9e-05,0.000939,7.3e-05,0.00811,0.001499,5e-05,0.012205,5.9e-05,4.6e-05,9.6e-05,1.5e-05,2.1e-05,0.00016,0.000259
"arusha/longido/engarenaibor",0,0,0,0,0,0,0,0,0,0,0,0,0,0,0,0,0,0,0,0,0,0,0,0,0,0,0,0,0,0,0,0,0,0,0,0,0,0,0,0,0,0,0,0,0,0,0,0,0,0,0,0,0,0,0,0,0,0,0,0,0,0,0,0,0,0,0,0,0,0,0,0,0,0,0,0,0,0,0,0,0,0,0,0,0,0,0,0,0,0,0,0,0,0,0,0,0,0,0,0,0,0,0,0,0,0,0,0,0,0,0,0,0,0,0,0,0,0,0,0,0,0,0,0,0,0,0,0,0,0,0,0,0,0,0,0,0,0,0,0,0,0,0,0,0,0,0,0,0,0,0,0,0,0,0,0,0,0,0,0,0,0,0,0,0,0,0,0,0,0,0,0,0,0,0,0,0,0,0,0,0,0,0,0,0,0,0,0,0,0,0,0,0,0,0,0,0,0,0,0,0,0,0,0,0,0,0,0,0,0,0,0,0,0,0,0,0,0,0,0,0,0,0,0,0,0,0,0,0,0,0,0,0,0,0,0,0,0,0,0,0,0,0,0,0,0,0,0,0,0,0,0,0,0,0,0,0,0,0,0,0,0,0,0,0,0,0,0,0,0,0,0,0,0,0,0,0,0,0,0,0,0,0,0,0,0,0,0,0,0,0,0,0,0,0,0,0,0,0,0,0,0,0,0,0,0,0,0,0,0,0,0,0,0,0,0,0,0,0,0,0,0,0,0,0,0,0,0,0,0,0,0,0,0,0,0,0,0,0,0,0,0,0,0,0,0,0,0,0,0,0,0,0,0,0,0,0,0,0,0,0,0,0,0,0,0,0,0,0,0,0,0,0,0,0,0,0,0,0,0,0,0,0,0,0,0,0,0,0,0,0,0,0,0,0,0,0,0
"arusha/monduli/engaruka",2e-05,4.8e-05,1e-06,8.6e-05,0,4.1e-05,0,0,0,6.4e-05,1e-06,0,1.7e-05,0.00024,1.9e-05,1e-06,1e-06,2e-06,0,1e-06,0,1.3e-05,0,1e-06,0,0,0,1e-06,0,1e-06,5e-05,0,0,0,1.3e-05,1e-06,2.5e-05,1.5e-05,3e-06,9.4e-05,0,0,1.9e-05,1.3e-05,3e-06,0,0.000148,0.006529,2e-04,3e-06,1e-06,3e-06,4e-06,0,9e-06,0,2e-06,1e-06,1.5e-05,0.001056,0.000184,0,0.000304,1e-06,0,0.000144,0.000168,0,5.3e-05,5.3e-05,4e-06,0,3e-06,1e-05,1e-06,7e-04,0.000223,0,0,0,0,1e-06,0,0,0,0,0.00043,0,1e-05,7.4e-05,0,0,0.000268,0.000154,0.000156,3.6e-05,3.3e-05,0,0.000127,3.1e-05,0,1e-06,1.5e-05,4e-05,5e-06,0.000302,1e-06,3.4e-05,2.7e-05,0.000611,2.3e-05,1e-04,5e-06,1e-06,1e-06,1e-06,0.00015,0,0.000176,2e-05,1.1e-05,0.000361,1e-06,3e-06,0,6e-06,1.5e-05,0.000933,5.9e-05,1e-06,1e-06,3.1e-05,5.5e-05,8e-06,0,0.000136,9e-06,2e-05,0.001605,5.8e-05,3.7e-05,0,5.4e-05,5e-06,2e-06,3.6e-05,1e-06,6.9e-05,6.2e-05,1.9e-05,1e-06,1e-06,1e-06,1e-06,2.6e-05,0.002048,4e-06,0.000119,2e-06,0.002642,8e-06,0.000127,0,2e-06,0,0,1e-05,2.4e-05,0.000252,4e-06,5e-06,0.001252,0.004367,1.2e-05,9e-06,2e-05,4e-04,5e-06,5.5e-05,9e-06,0,1.5e-05,4.1e-05,8e-06,0.000426,0.006939,1e-06,2e-06,0.000202,6.5e-05,1.4e-05,3e-06,1.7e-05,0,5.9e-05,1e-06,1e-06,0,6.1e-05,4e-06,0.000347,5e-06,2.4e-05,1e-06,8.1e-05,1.2e-05,0.000452,0.000559,0.000322,1e-06,1e-06,1e-06,0.000148,0,1e-06,6e-06,1e-06,0.000724,7e-06,4.1e-05,0,1e-06,0,2e-06,0.000258,7e-06,0.000391,2e-06,3e-06,0,0,1e-06,0.00161,0.000545,2e-06,0,1e-06,4.4e-05,0.00075,1e-06,2.2e-05,0.004314,0,0.000759,0,1e-06,3e-06,0.000155,0,1.9e-05,0.001463,0.005705,8e-06,0.000318,5.7e-05,1.2e-05,1e-06,4e-06,1e-06,0,0,1.7e-05,1e-06,0,0.000693,4.2e-05,1e-06,0.000769,0,1.6e-05,0.000713,1e-04,1e-06,0,0.000412,2e-06,1.4e-05,3.8e-05,1e-06,0.000169,7e-06,4.7e-05,0.005495,1e-06,0,1e-06,0,3e-06,1e-06,2e-06,2e-06,2.3e-05,1e-06,0.000694,1.3e-05,4.3e-05,0.000527,8e-06,1.8e-05,0.000125,0,0,1e-06,7e-06,0,0.000394,2.9e-05,3e-06,2e-06,1e-06,0.000437,0.000107,1e-06,1e-06,9e-06,2e-06,1e-05,0.001432,0.000274,0.000357,2.8e-05,0.000807,3.9e-05,0.000241,0.00435,0.000138,0.000217,1.1e-05,1.1e-05,0.000113,0.000153,8.3e-05,0.008598,0.000454,3.3e-05,1e-06,5e-06,6.9e-05,0.000811,1e-06,3e-06,1e-06,5e-06,0,5.7e-05,8e-06,7.7e-05,0.000214,4.7e-05,8e-05,0,0.000113,1.1e-05,0.001724,0.001614,0.000282,6.6e-05,3e-06,2e-06,1.3e-05,0,0,0,0,8e-06,0.001122,0.000296,0.000721,1e-06,0.000107,5e-06,0,0,1e-06,3e-06,5.7e-05,2.1e-05,2e-06,0.000723,0,0,0,0.000566,3e-06,0,3.1e-05,1e-06,0.000136,2.4e-05,1e-06,0.000324,1e-06,0,1e-06,0,0,0,0
"arusha/longido/engikaret",0,0,0,0,0,0,0,0,0,0,0,0,0,0,0,0,0,0,0,0,0,0,0,0,0,0,0,0,0,0,0,0,0,0,0,0,0,0,0,0,0,0,0,0,0,0,0,0,0,0,0,0,0,0,0,0,0,0,0,0,0,0,0,0,0,0,0,0,0,0,0,0,0,0,0,0,0,0,0,0,0,0,0,0,0,0,0,0,0,0,0,0,0,0,0,0,0,0,0,0,0,0,0,0,0,0,0,0,0,0,0,0,0,0,0,0,0,0,0,0,0,0,0,0,0,0,0,0,0,0,0,0,0,0,0,0,0,0,0,0,0,0,0,0,0,0,0,0,0,0,0,0,0,0,0,0,0,0,0,0,0,0,0,0,0,0,0,0,0,0,0,0,0,0,0,0,0,0,0,0,0,0,0,0,0,0,0,0,0,0,0,0,0,0,0,0,0,0,0,0,0,0,0,0,0,0,0,0,0,0,0,0,0,0,0,0,0,0,0,0,0,0,0,0,0,0,0,0,0,0,0,0,0,0,0,0,0,0,0,0,0,0,0,0,0,0,0,0,0,0,0,0,0,0,0,0,0,0,0,0,0,0,0,0,0,0,0,0,0,0,0,0,0,0,0,0,0,0,0,0,0,0,0,0,0,0,0,0,0,0,0,0,0,0,0,0,0,0,0,0,0,0,0,0,0,0,0,0,0,0,0,0,0,0,0,0,0,0,0,0,0,0,0,0,0,0,0,0,0,0,0,0,0,0,0,0,0,0,0,0,0,0,0,0,0,0,0,0,0,0,0,0,0,0,0,0,0,0,0,0,0,0,0,0,0,0,0,0,0,0,0,0,0,0,0,0,0,0,0,0,0,0,0,0,0,0,0,0,0,0,0,0,0,0,0,0,0,0
"manyara/kiteto/engusero",0,0,0,0,0,0,0,0,0,0,0,0,0,0,0,0,0,0,0,0,0,0,0,0,0,0,0,0,0,0,0,0,0,0,0,0,0,0,0,0,0,0,0,0,0,0,0,0,0,0,0,0,0,0,0,0,0,0,0,0,0,0,0,0,0,0,0,0,0,0,0,0,0,0,0,0,0,0,0,0,0,0,0,0,0,0,0,0,0,0,0,0,0,0,0,0,0,0,0,0,0,0,0,0,0,0,0,0,0,0,0,0,0,0,0,0,0,0,0,0,0,0,0,0,0,0,0,0,0,0,0,0,0,0,0,0,0,0,0,0,0,0,0,0,0,0,0,0,0,0,0,0,0,0,0,0,0,0,0,0,0,0,0,0,0,0,0,0,0,0,0,0,0,0,0,0,0,0,0,0,0,0,0,0,0,0,0,0,0,0,0,0,0,0,0,0,0,0,0,0,0,0,0,0,0,0,0,0,0,0,0,0,0,0,0,0,0,0,0,0,0,0,0,0,0,0,0,0,0,0,0,0,0,0,0,0,0,0,0,0,0,0,0,0,0,0,0,0,0,0,0,0,0,0,0,0,0,0,0,0,0,0,0,0,0,0,0,0,0,0,0,0,0,0,0,0,0,0,0,0,0,0,0,0,0,0,0,0,0,0,0,0,0,0,0,0,0,0,0,0,0,0,0,0,0,0,0,0,0,0,0,0,0,0,0,0,0,0,0,0,0,0,0,0,0,0,0,0,0,0,0,0,0,0,0,0,0,0,0,0,0,0,0,0,0,0,0,0,0,0,0,0,0,0,0,0,0,0,0,0,0,0,0,0,0,0,0,0,0,0,0,0,0,0,0,0,0,0,0,0,0,0,0,0,0,0,0,0,0,0,0,0,0,0,0,0,0,0
"arusha/ngorongoro/enguserosambu",0,0,0,0,0,0,0,0,0,0,0,0,0,0,0,0,0,0,0,0,0,0,0,0,0,0,0,0,0,0,0,0,0,0,0,0,0,0,0,0,0,0,0,0,0,0,0,0,0,0,0,0,0,0,0,0,0,0,0,0,0,0,0,0,0,0,0,0,0,0,0,0,0,0,0,0,0,0,0,0,0,0,0,0,0,0,0,0,0,0,0,0,0,0,0,0,0,0,0,0,0,0,0,0,0,0,0,0,0,0,0,0,0,0,0,0,0,0,0,0,0,0,0,0,0,0,0,0,0,0,0,0,0,0,0,0,0,0,0,0,0,0,0,0,0,0,0,0,0,0,0,0,0,0,0,0,0,0,0,0,0,0,0,0,0,0,0,0,0,0,0,0,0,0,0,0,0,0,0,0,0,0,0,0,0,0,0,0,0,0,0,0,0,0,0,0,0,0,0,0,0,0,0,0,0,0,0,0,0,0,0,0,0,0,0,0,0,0,0,0,0,0,0,0,0,0,0,0,0,0,0,0,0,0,0,0,0,0,0,0,0,0,0,0,0,0,0,0,0,0,0,0,0,0,0,0,0,0,0,0,0,0,0,0,0,0,0,0,0,0,0,0,0,0,0,0,0,0,0,0,0,0,0,0,0,0,0,0,0,0,0,0,0,0,0,0,0,0,0,0,0,0,0,0,0,0,0,0,0,0,0,0,0,0,0,0,0,0,0,0,0,0,0,0,0,0,0,0,0,0,0,0,0,0,0,0,0,0,0,0,0,0,0,0,0,0,0,0,0,0,0,0,0,0,0,0,0,0,0,0,0,0,0,0,0,0,0,0,0,0,0,0,0,0,0,0,0,0,0,0,0,0,0,0,0,0,0,0,0,0,0,0,0,0,0,0,0,0
"arusha/arushaurban/engutoto",0,0,0,0,0,0,0,0,0,0,0,0,0,0,0,0,0,0,0,0,0,0,0,0,0,0,0,0,0,0,0,0,0,0,0,0,0,0,0,0,0,0,0,0,0,0,0,0,0,0,0,0,0,0,0,0,0,0,0,0,0,0,0,0,0,0,0,0,0,0,0,0,0,0,0,0,0,0,0,0,0,0,0,0,0,0,0,0,0,0,0,0,0,0,0,0,0,0,0,0,0,0,0,0,0,0,0,0,0,0,0,0,0,0,0,0,0,0,0,0,0,0,0,0,0,0,0,0,0,0,0,0,0,0,0,0,0,0,0,0,0,0,0,0,0,0,0,0,0,0,0,0,0,0,0,0,0,0,0,0,0,0,0,0,0,0,0,0,0,0,0,0,0,0,0,0,0,0,0,0,0,0,0,0,0,0,0,0,0,0,0,0,0,0,0,0,0,0,0,0,0,0,0,0,0,0,0,0,0,0,0,0,0,0,0,0,0,0,0,0,0,0,0,0,0,0,0,0,0,0,0,0,0,0,0,0,0,0,0,0,0,0,0,0,0,0,0,0,0,0,0,0,0,0,0,0,0,0,0,0,0,0,0,0,0,0,0,0,0,0,0,0,0,0,0,0,0,0,0,0,0,0,0,0,0,0,0,0,0,0,0,0,0,0,0,0,0,0,0,0,0,0,0,0,0,0,0,0,0,0,0,0,0,0,0,0,0,0,0,0,0,0,0,0,0,0,0,0,0,0,0,0,0,0,0,0,0,0,0,0,0,0,0,0,0,0,0,0,0,0,0,0,0,0,0,0,0,0,0,0,0,0,0,0,0,0,0,0,0,0,0,0,0,0,0,0,0,0,0,0,0,0,0,0,0,0,0,0,0,0,0,0,0,0,0,0,0,0
"arusha/monduli/engutoto",0,0,0,0,0,0,0,0,0,0,0,0,0,0,0,0,0,0,0,0,0,0,0,0,0,0,0,0,0,0,0,0,0,0,0,0,0,0,0,0,0,0,0,0,0,0,0,0,0,0,0,0,0,0,0,0,0,0,0,0,0,0,0,0,0,0,0,0,0,0,0,0,0,0,0,0,0,0,0,0,0,0,0,0,0,0,0,0,0,0,0,0,0,0,0,0,0,0,0,0,0,0,0,0,0,0,0,0,0,0,0,0,0,0,0,0,0,0,0,0,0,0,0,0,0,0,0,0,0,0,0,0,0,0,0,0,0,0,0,0,0,0,0,0,0,0,0,0,0,0,0,0,0,0,0,0,0,0,0,0,0,0,0,0,0,0,0,0,0,0,0,0,0,0,0,0,0,0,0,0,0,0,0,0,0,0,0,0,0,0,0,0,0,0,0,0,0,0,0,0,0,0,0,0,0,0,0,0,0,0,0,0,0,0,0,0,0,0,0,0,0,0,0,0,0,0,0,0,0,0,0,0,0,0,0,0,0,0,0,0,0,0,0,0,0,0,0,0,0,0,0,0,0,0,0,0,0,0,0,0,0,0,0,0,0,0,0,0,0,0,0,0,0,0,0,0,0,0,0,0,0,0,0,0,0,0,0,0,0,0,0,0,0,0,0,0,0,0,0,0,0,0,0,0,0,0,0,0,0,0,0,0,0,0,0,0,0,0,0,0,0,0,0,0,0,0,0,0,0,0,0,0,0,0,0,0,0,0,0,0,0,0,0,0,0,0,0,0,0,0,0,0,0,0,0,0,0,0,0,0,0,0,0,0,0,0,0,0,0,0,0,0,0,0,0,0,0,0,0,0,0,0,0,0,0,0,0,0,0,0,0,0,0,0,0,0,0,0
"manyara/mbulu/eshkesh",0,0,0,0,0,0,0,0,0,0,0,0,0,0,0,0,0,0,0,0,0,0,0,0,0,0,0,0,0,0,0,0,0,0,0,0,0,0,0,0,0,0,0,0,0,0,0,0,0,0,0,0,0,0,0,0,0,0,0,0,0,0,0,0,0,0,0,0,0,0,0,0,0,0,0,0,0,0,0,0,0,0,0,0,0,0,0,0,0,0,0,0,0,0,0,0,0,0,0,0,0,0,0,0,0,0,0,0,0,0,0,0,0,0,0,0,0,0,0,0,0,0,0,0,0,0,0,0,0,0,0,0,0,0,0,0,0,0,0,0,0,0,0,0,0,0,0,0,0,0,0,0,0,0,0,0,0,0,0,0,0,0,0,0,0,0,0,0,0,0,0,0,0,0,0,0,0,0,0,0,0,0,0,0,0,0,0,0,0,0,0,0,0,0,0,0,0,0,0,0,0,0,0,0,0,0,0,0,0,0,0,0,0,0,0,0,0,0,0,0,0,0,0,0,0,0,0,0,0,0,0,0,0,0,0,0,0,0,0,0,0,0,0,0,0,0,0,0,0,0,0,0,0,0,0,0,0,0,0,0,0,0,0,0,0,0,0,0,0,0,0,0,0,0,0,0,0,0,0,0,0,0,0,0,0,0,0,0,0,0,0,0,0,0,0,0,0,0,0,0,0,0,0,0,0,0,0,0,0,0,0,0,0,0,0,0,0,0,0,0,0,0,0,0,0,0,0,0,0,0,0,0,0,0,0,0,0,0,0,0,0,0,0,0,0,0,0,0,0,0,0,0,0,0,0,0,0,0,0,0,0,0,0,0,0,0,0,0,0,0,0,0,0,0,0,0,0,0,0,0,0,0,0,0,0,0,0,0,0,0,0,0,0,0,0,0,0,0
"arusha/monduli/esilalei",0,0,0,0,0,0,0,0,0,0,0,0,0,0,0,0,0,0,0,0,0,0,0,0,0,0,0,0,0,0,0,0,0,0,0,0,0,0,0,0,0,0,0,0,0,0,0,0,0,0,0,0,0,0,0,0,0,0,0,0,0,0,0,0,0,0,0,0,0,0,0,0,0,0,0,0,0,0,0,0,0,0,0,0,0,0,0,0,0,0,0,0,0,0,0,0,0,0,0,0,0,0,0,0,0,0,0,0,0,0,0,0,0,0,0,0,0,0,0,0,0,0,0,0,0,0,0,0,0,0,0,0,0,0,0,0,0,0,0,0,0,0,0,0,0,0,0,0,0,0,0,0,0,0,0,0,0,0,0,0,0,0,0,0,0,0,0,0,0,0,0,0,0,0,0,0,0,0,0,0,0,0,0,0,0,0,0,0,0,0,0,0,0,0,0,0,0,0,0,0,0,0,0,0,0,0,0,0,0,0,0,0,0,0,0,0,0,0,0,0,0,0,0,0,0,0,0,0,0,0,0,0,0,0,0,0,0,0,0,0,0,0,0,0,0,0,0,0,0,0,0,0,0,0,0,0,0,0,0,0,0,0,0,0,0,0,0,0,0,0,0,0,0,0,0,0,0,0,0,0,0,0,0,0,0,0,0,0,0,0,0,0,0,0,0,0,0,0,0,0,0,0,0,0,0,0,0,0,0,0,0,0,0,0,0,0,0,0,0,0,0,0,0,0,0,0,0,0,0,0,0,0,0,0,0,0,0,0,0,0,0,0,0,0,0,0,0,0,0,0,0,0,0,0,0,0,0,0,0,0,0,0,0,0,0,0,0,0,0,0,0,0,0,0,0,0,0,0,0,0,0,0,0,0,0,0,0,0,0,0,0,0,0,0,0,0,0,0
"manyara/babati/galapo",0.00013,2.4e-05,1e-05,0.000143,4.5e-05,0.000526,1e-05,1.2e-05,6.5e-05,0.022468,0.000286,1.3e-05,9.3e-05,0.001513,0.000323,3.1e-05,2.3e-05,0.000155,1.5e-05,5.3e-05,1e-05,8.1e-05,6.8e-05,9e-06,8e-06,3e-06,0.000147,2.1e-05,5e-06,1.3e-05,0.000633,2.8e-05,5e-06,7e-06,6.7e-05,6.3e-05,0.00015,0.001862,6.9e-05,0.000142,1.7e-05,1.7e-05,0.000733,0.000764,0.000162,5.6e-05,4.1e-05,0.035128,0.025085,2.9e-05,2.4e-05,1.4e-05,2.2e-05,1.6e-05,0.001499,1.6e-05,2.2e-05,0.002132,0.000635,0.004254,0.000215,0.00066,0.000414,7.1e-05,0,0.00109,0.000472,8e-06,0.000283,0,1.1e-05,3e-06,1.8e-05,0.000352,5.4e-05,0.000352,4.2e-05,1e-05,6e-06,9e-06,1.4e-05,0.000234,1.6e-05,2.1e-05,5.2e-05,1.4e-05,0.003809,1.1e-05,0.000345,0.001742,1.4e-05,1e-05,0.00294,0.000661,2e-05,0.001235,0.000204,4e-06,0.001602,0.000374,2.3e-05,8e-06,0.000291,0.000226,4.8e-05,0.001567,1.8e-05,0.000316,0.000128,0.002035,0.000143,0.000828,0.000509,6e-06,1.3e-05,9e-06,0.001461,2e-05,0.001704,0.000148,8.1e-05,0.002824,1e-05,3.9e-05,4e-06,0.000123,0.000686,0.007159,0.000565,1e-05,9e-06,0.000335,0.000707,7.1e-05,3e-06,0.000826,4.3e-05,0.000199,0.002759,0.000503,0.00027,7e-06,0.000287,4.6e-05,1.7e-05,0.000561,9.4e-05,0.000739,0.000587,0.000197,8e-06,1e-05,1.4e-05,1.3e-05,0.000467,0.009559,3.6e-05,5e-05,0.000101,0.025137,0.000103,0.007836,4e-06,2.8e-05,1e-05,1.2e-05,0.000158,0.000131,0.001751,6.5e-05,0.000218,0.00327,0.024469,0.000375,4.9e-05,0.005087,0.019891,8e-06,0.000503,0.00038,4e-06,2.7e-05,0.00103,8.9e-05,0.00308,0.062088,6e-06,1.1e-05,0.001621,0.000485,0.000144,0.000305,0.00046,2e-05,0.015786,3.3e-05,1e-05,9.1e-05,0.000588,9e-06,0.002389,0.000862,0.000575,1.2e-05,0.000742,7.2e-05,0.005091,0.00372,0.000331,1.2e-05,1.1e-05,0.001378,0.001549,4e-06,6e-06,0.000119,1.1e-05,0.006437,6.4e-05,0.000402,2.2e-05,1.2e-05,2.8e-05,1.2e-05,0.002053,4.4e-05,0.002648,2.6e-05,6.3e-05,1.7e-05,1.8e-05,2.1e-05,0.001523,0.003846,0.000136,1e-06,1.3e-05,0.000552,0.000499,8e-06,0.000304,0.051111,5e-06,0.013629,6e-06,9e-06,3.2e-05,0.00127,2.2e-05,0.00021,0.007862,0.006993,2.2e-05,0.00227,0.000357,0.000256,1.1e-05,5.4e-05,7e-06,8e-06,6e-06,0.000264,2.7e-05,7e-06,0.002086,3.1e-05,3.9e-05,0.002789,8e-05,0.001922,0.002114,0.00149,9e-06,9e-06,0.004305,2.2e-05,0.00029,0.002,3.7e-05,8.8e-05,0.000118,7e-06,0.010588,8.4e-05,2.3e-05,0.000266,1.1e-05,2.3e-05,4.1e-05,1e-05,0.000176,0.000104,2.2e-05,0.006872,0.000129,0.000212,0.002125,4.3e-05,0.000395,0.000318,4e-06,3e-06,9e-06,0.000133,3.7e-05,0.015405,0.000176,2.1e-05,1.4e-05,1e-05,0.002589,0.000172,0.000115,7e-06,8.1e-05,9e-06,1.4e-05,0.004211,0.0023,0.004512,0.000648,0.002472,0.000289,0.000943,0.018558,0.000323,0.000408,6.7e-05,3.5e-05,0.000543,0.000798,0.00033,0.012855,0.000917,0.001579,3.4e-05,4.5e-05,4.7e-05,0.005316,0.00484,1.1e-05,7e-06,1.3e-05,9.9e-05,0.00148,0.000234,9.1e-05,0.000799,0.000977,0.000122,1.2e-05,0.000649,6.8e-05,0.009949,0.001157,0.001182,0.001546,4.8e-05,1.6e-05,0.000132,7.1e-05,2.7e-05,0.000114,1.7e-05,2.3e-05,0.006235,0.001999,0.004318,3.2e-05,0.000561,5e-05,3e-06,1e-05,5.5e-05,1.8e-05,0.000521,0.001095,1.6e-05,0.001976,1.4e-05,4e-06,2.4e-05,0.004556,0.000193,1e-05,0.000181,1e-05,0.001201,0.000213,7e-06,0.002414,8e-06,9e-06,1.7e-05,3e-06,4e-06,2.2e-05,1e-05
"arusha/karatu/ganako",0,0,0,0,0,0,0,0,0,0,0,0,0,0,0,0,0,0,0,0,0,0,0,0,0,0,0,0,0,0,0,0,0,0,0,0,0,0,0,0,0,0,0,0,0,0,0,0,0,0,0,0,0,0,0,0,0,0,0,0,0,0,0,0,0,0,0,0,0,0,0,0,0,0,0,0,0,0,0,0,0,0,0,0,0,0,0,0,0,0,0,0,0,0,0,0,0,0,0,0,0,0,0,0,0,0,0,0,0,0,0,0,0,0,0,0,0,0,0,0,0,0,0,0,0,0,0,0,0,0,0,0,0,0,0,0,0,0,0,0,0,0,0,0,0,0,0,0,0,0,0,0,0,0,0,0,0,0,0,0,0,0,0,0,0,0,0,0,0,0,0,0,0,0,0,0,0,0,0,0,0,0,0,0,0,0,0,0,0,0,0,0,0,0,0,0,0,0,0,0,0,0,0,0,0,0,0,0,0,0,0,0,0,0,0,0,0,0,0,0,0,0,0,0,0,0,0,0,0,0,0,0,0,0,0,0,0,0,0,0,0,0,0,0,0,0,0,0,0,0,0,0,0,0,0,0,0,0,0,0,0,0,0,0,0,0,0,0,0,0,0,0,0,0,0,0,0,0,0,0,0,0,0,0,0,0,0,0,0,0,0,0,0,0,0,0,0,0,0,0,0,0,0,0,0,0,0,0,0,0,0,0,0,0,0,0,0,0,0,0,0,0,0,0,0,0,0,0,0,0,0,0,0,0,0,0,0,0,0,0,0,0,0,0,0,0,0,0,0,0,0,0,0,0,0,0,0,0,0,0,0,0,0,0,0,0,0,0,0,0,0,0,0,0,0,0,0,0,0,0,0,0,0,0,0,0,0,0,0,0,0,0,0,0,0,0,0,0
"manyara/hanang/ganana",0,0,0,0,0,0,0,0,0,0,0,0,0,0,0,0,0,0,0,0,0,0,0,0,0,0,0,0,0,0,0,0,0,0,0,0,0,0,0,0,0,0,0,0,0,0,0,0,0,0,0,0,0,0,0,0,0,0,0,0,0,0,0,0,0,0,0,0,0,0,0,0,0,0,0,0,0,0,0,0,0,0,0,0,0,0,0,0,0,0,0,0,0,0,0,0,0,0,0,0,0,0,0,0,0,0,0,0,0,0,0,0,0,0,0,0,0,0,0,0,0,0,0,0,0,0,0,0,0,0,0,0,0,0,0,0,0,0,0,0,0,0,0,0,0,0,0,0,0,0,0,0,0,0,0,0,0,0,0,0,0,0,0,0,0,0,0,0,0,0,0,0,0,0,0,0,0,0,0,0,0,0,0,0,0,0,0,0,0,0,0,0,0,0,0,0,0,0,0,0,0,0,0,0,0,0,0,0,0,0,0,0,0,0,0,0,0,0,0,0,0,0,0,0,0,0,0,0,0,0,0,0,0,0,0,0,0,0,0,0,0,0,0,0,0,0,0,0,0,0,0,0,0,0,0,0,0,0,0,0,0,0,0,0,0,0,0,0,0,0,0,0,0,0,0,0,0,0,0,0,0,0,0,0,0,0,0,0,0,0,0,0,0,0,0,0,0,0,0,0,0,0,0,0,0,0,0,0,0,0,0,0,0,0,0,0,0,0,0,0,0,0,0,0,0,0,0,0,0,0,0,0,0,0,0,0,0,0,0,0,0,0,0,0,0,0,0,0,0,0,0,0,0,0,0,0,0,0,0,0,0,0,0,0,0,0,0,0,0,0,0,0,0,0,0,0,0,0,0,0,0,0,0,0,0,0,0,0,0,0,0,0,0,0,0,0,0,0
"kilimanjaro/siha/gararagua",0,0,0,0,0,0,0,0,0,0,0,0,0,0,0,0,0,0,0,0,0,0,0,0,0,0,0,0,0,0,0,0,0,0,0,0,0,0,0,0,0,0,0,0,0,0,0,0,0,0,0,0,0,0,0,0,0,0,0,0,0,0,0,0,0,0,0,0,0,0,0,0,0,0,0,0,0,0,0,0,0,0,0,0,0,0,0,0,0,0,0,0,0,0,0,0,0,0,0,0,0,0,0,0,0,0,0,0,0,0,0,0,0,0,0,0,0,0,0,0,0,0,0,0,0,0,0,0,0,0,0,0,0,0,0,0,0,0,0,0,0,0,0,0,0,0,0,0,0,0,0,0,0,0,0,0,0,0,0,0,0,0,0,0,0,0,0,0,0,0,0,0,0,0,0,0,0,0,0,0,0,0,0,0,0,0,0,0,0,0,0,0,0,0,0,0,0,0,0,0,0,0,0,0,0,0,0,0,0,0,0,0,0,0,0,0,0,0,0,0,0,0,0,0,0,0,0,0,0,0,0,0,0,0,0,0,0,0,0,0,0,0,0,0,0,0,0,0,0,0,0,0,0,0,0,0,0,0,0,0,0,0,0,0,0,0,0,0,0,0,0,0,0,0,0,0,0,0,0,0,0,0,0,0,0,0,0,0,0,0,0,0,0,0,0,0,0,0,0,0,0,0,0,0,0,0,0,0,0,0,0,0,0,0,0,0,0,0,0,0,0,0,0,0,0,0,0,0,0,0,0,0,0,0,0,0,0,0,0,0,0,0,0,0,0,0,0,0,0,0,0,0,0,0,0,0,0,0,0,0,0,0,0,0,0,0,0,0,0,0,0,0,0,0,0,0,0,0,0,0,0,0,0,0,0,0,0,0,0,0,0,0,0,0,0,0,0,0
"manyara/mbulu/gehandu",0,0,0,0,0,0,0,0,0,0,0,0,0,0,0,0,0,0,0,0,0,0,0,0,0,0,0,0,0,0,0,0,0,0,0,0,0,0,0,0,0,0,0,0,0,0,0,0,0,0,0,0,0,0,0,0,0,0,0,0,0,0,0,0,0,0,0,0,0,0,0,0,0,0,0,0,0,0,0,0,0,0,0,0,0,0,0,0,0,0,0,0,0,0,0,0,0,0,0,0,0,0,0,0,0,0,0,0,0,0,0,0,0,0,0,0,0,0,0,0,0,0,0,0,0,0,0,0,0,0,0,0,0,0,0,0,0,0,0,0,0,0,0,0,0,0,0,0,0,0,0,0,0,0,0,0,0,0,0,0,0,0,0,0,0,0,0,0,0,0,0,0,0,0,0,0,0,0,0,0,0,0,0,0,0,0,0,0,0,0,0,0,0,0,0,0,0,0,0,0,0,0,0,0,0,0,0,0,0,0,0,0,0,0,0,0,0,0,0,0,0,0,0,0,0,0,0,0,0,0,0,0,0,0,0,0,0,0,0,0,0,0,0,0,0,0,0,0,0,0,0,0,0,0,0,0,0,0,0,0,0,0,0,0,0,0,0,0,0,0,0,0,0,0,0,0,0,0,0,0,0,0,0,0,0,0,0,0,0,0,0,0,0,0,0,0,0,0,0,0,0,0,0,0,0,0,0,0,0,0,0,0,0,0,0,0,0,0,0,0,0,0,0,0,0,0,0,0,0,0,0,0,0,0,0,0,0,0,0,0,0,0,0,0,0,0,0,0,0,0,0,0,0,0,0,0,0,0,0,0,0,0,0,0,0,0,0,0,0,0,0,0,0,0,0,0,0,0,0,0,0,0,0,0,0,0,0,0,0,0,0,0,0,0,0,0,0,0
"manyara/hanang/gehandu",0.000136,6.1e-05,1.9e-05,0.000496,0.000154,0.00074,2.5e-05,2.9e-05,0.000117,0.015808,0.000362,0.002246,0.000101,0.001534,0.002646,7.9e-05,0.000208,0.001839,0.000996,0.00691,2.1e-05,0.000115,0.000109,1.5e-05,1.7e-05,5e-06,0.000161,3.6e-05,9e-06,2.5e-05,0.000531,7.4e-05,9e-06,1.2e-05,0.000189,0.000976,0.000147,0.010367,0.000179,0.000445,0.000207,0.000581,0.002208,0.006648,0.000484,0.00017,6.6e-05,0.034739,0.006166,7e-05,7.3e-05,5e-05,3.7e-05,0.000292,0.01373,0.000209,2.2e-05,6.3e-05,0.000735,0.01859,0.00048,0.001207,0.000658,0.000192,0,0.00101,0.000484,0.00013,0.000309,0.006382,2.4e-05,0.000191,2.7e-05,0.000652,0,0.000828,9.2e-05,0.000663,0.000651,0.000377,0.000102,0.000829,0.000193,0.000615,0.001354,4.9e-05,0.005157,0.000375,0.012364,0.003359,0.000198,0.000716,0.005364,0.000765,3.7e-05,0.003679,0.000312,7e-06,0.002429,0.00061,5.3e-05,5.1e-05,0.000631,0.000227,7.4e-05,0.003112,4.5e-05,0.000481,0.00018,0.003861,0.000221,0.001553,0.032901,5e-06,2.3e-05,1.8e-05,0.001828,4.1e-05,0.002722,0.000249,0.000131,0.004763,1.7e-05,6.6e-05,7e-06,0.000258,0.001472,0.008435,0.000563,1.8e-05,1.5e-05,0.000572,0.001171,0.00011,5e-06,0.000832,4.6e-05,0.000327,0.005754,0.000775,0.000341,1.4e-05,0.00029,7.2e-05,3.3e-05,0.000957,0.000183,0.001208,0.001001,0.000335,1.6e-05,1.4e-05,2.7e-05,2.2e-05,0.000973,0.008823,7.1e-05,9.3e-05,0.000142,0.038384,0.000177,0.003491,7e-06,4.8e-05,0.003585,0.001472,0.000231,0.000173,0.00165,0.000102,0.000526,0.00318,0.024344,0.000472,7.8e-05,0.001444,0.007242,1.5e-05,0.000784,0.000744,8e-06,9e-05,0.001915,0.000133,0.004903,0.088884,1e-05,1.9e-05,0.002488,0.000745,0.000206,0.001611,0.000622,0.000477,0.004863,9.8e-05,1.8e-05,8.3e-05,0.000921,1.4e-05,0.002776,0.000575,0.001018,1.2e-05,0.001377,9.9e-05,0.008832,0.002995,0.00103,2.2e-05,1.9e-05,0.000106,0.002905,8e-06,2.9e-05,0.000256,2.7e-05,0.012767,0.000113,0.000713,0.00045,1.3e-05,0.000179,1.9e-05,0.002923,6.6e-05,0.004169,3.5e-05,0.000256,0.000306,0.000125,0.000116,0.003818,0.003291,0.000377,1e-06,2.1e-05,0.000515,0.00083,1.5e-05,0.000305,0.032489,7e-06,0.022174,1.1e-05,1.4e-05,5.1e-05,0.001211,0.002438,0.00015,0.008047,0.008936,2.2e-05,0.002196,0.00068,0.000507,2.1e-05,9e-05,1.2e-05,1.5e-05,1.2e-05,0.000337,1.7e-05,1.5e-05,0.0029,6.5e-05,0.000115,0.002801,4e-05,0.000783,0.002349,0.002338,1.5e-05,1.5e-05,0.0077,4e-05,0.000591,0.001435,6.3e-05,0.000183,0.00013,1.6e-05,0.02266,0.000223,5.4e-05,0.000149,0.000318,4.5e-05,0.00048,1.5e-05,0.000218,0.000181,4.6e-05,0.006375,0.000205,0.000345,0.002842,4.3e-05,0.00049,0.000925,7e-06,5e-06,1.4e-05,0.000213,6.5e-05,0.009975,0.000186,2.4e-05,1.5e-05,1.8e-05,0.002402,0.00056,0.000234,1.2e-05,0.000135,2.3e-05,4.1e-05,0.005734,0.004426,0.003331,0.000388,0.002891,0.000393,0.001792,0.019845,0.001148,0.001373,6.6e-05,0.000128,0.000553,0.000842,0.000349,0.023617,0.003031,0.001645,7e-05,6.9e-05,0.000128,0.005759,0.000191,2.4e-05,1.2e-05,2.2e-05,0.000243,0.002208,0.000449,0.000282,0.000939,0.001606,0.00039,2.8e-05,0.000951,7.3e-05,0.010004,0.001501,0.001027,0.00124,8e-05,3.1e-05,0.000198,0.000121,0.000263,0.000103,0.000148,8.4e-05,0.006546,0.001868,0.004139,9.4e-05,0.000669,7.6e-05,5e-06,1.9e-05,0.000148,3.6e-05,0.000439,0.000454,1.5e-05,0.003586,5.8e-05,8e-06,0.00014,0.0089,0.005268,2.5e-05,0.000177,1.7e-05,0.001918,0.000355,1.2e-05,0.002588,1.4e-05,1.6e-05,3.3e-05,5e-06,8e-06,0.00012,8.6e-05
"arusha/longido/gelailumbwa",0,0,0,0,0,0,0,0,0,0,0,0,0,0,0,0,0,0,0,0,0,0,0,0,0,0,0,0,0,0,0,0,0,0,0,0,0,0,0,0,0,0,0,0,0,0,0,0,0,0,0,0,0,0,0,0,0,0,0,0,0,0,0,0,0,0,0,0,0,0,0,0,0,0,0,0,0,0,0,0,0,0,0,0,0,0,0,0,0,0,0,0,0,0,0,0,0,0,0,0,0,0,0,0,0,0,0,0,0,0,0,0,0,0,0,0,0,0,0,0,0,0,0,0,0,0,0,0,0,0,0,0,0,0,0,0,0,0,0,0,0,0,0,0,0,0,0,0,0,0,0,0,0,0,0,0,0,0,0,0,0,0,0,0,0,0,0,0,0,0,0,0,0,0,0,0,0,0,0,0,0,0,0,0,0,0,0,0,0,0,0,0,0,0,0,0,0,0,0,0,0,0,0,0,0,0,0,0,0,0,0,0,0,0,0,0,0,0,0,0,0,0,0,0,0,0,0,0,0,0,0,0,0,0,0,0,0,0,0,0,0,0,0,0,0,0,0,0,0,0,0,0,0,0,0,0,0,0,0,0,0,0,0,0,0,0,0,0,0,0,0,0,0,0,0,0,0,0,0,0,0,0,0,0,0,0,0,0,0,0,0,0,0,0,0,0,0,0,0,0,0,0,0,0,0,0,0,0,0,0,0,0,0,0,0,0,0,0,0,0,0,0,0,0,0,0,0,0,0,0,0,0,0,0,0,0,0,0,0,0,0,0,0,0,0,0,0,0,0,0,0,0,0,0,0,0,0,0,0,0,0,0,0,0,0,0,0,0,0,0,0,0,0,0,0,0,0,0,0,0,0,0,0,0,0,0,0,0,0,0,0,0,0,0,0,0,0,0
"arusha/longido/gelaimeirugoi",0,0,0,0,0,0,0,0,0,0,0,0,0,0,0,0,0,0,0,0,0,0,0,0,0,0,0,0,0,0,0,0,0,0,0,0,0,0,0,0,0,0,0,0,0,0,0,0,0,0,0,0,0,0,0,0,0,0,0,0,0,0,0,0,0,0,0,0,0,0,0,0,0,0,0,0,0,0,0,0,0,0,0,0,0,0,0,0,0,0,0,0,0,0,0,0,0,0,0,0,0,0,0,0,0,0,0,0,0,0,0,0,0,0,0,0,0,0,0,0,0,0,0,0,0,0,0,0,0,0,0,0,0,0,0,0,0,0,0,0,0,0,0,0,0,0,0,0,0,0,0,0,0,0,0,0,0,0,0,0,0,0,0,0,0,0,0,0,0,0,0,0,0,0,0,0,0,0,0,0,0,0,0,0,0,0,0,0,0,0,0,0,0,0,0,0,0,0,0,0,0,0,0,0,0,0,0,0,0,0,0,0,0,0,0,0,0,0,0,0,0,0,0,0,0,0,0,0,0,0,0,0,0,0,0,0,0,0,0,0,0,0,0,0,0,0,0,0,0,0,0,0,0,0,0,0,0,0,0,0,0,0,0,0,0,0,0,0,0,0,0,0,0,0,0,0,0,0,0,0,0,0,0,0,0,0,0,0,0,0,0,0,0,0,0,0,0,0,0,0,0,0,0,0,0,0,0,0,0,0,0,0,0,0,0,0,0,0,0,0,0,0,0,0,0,0,0,0,0,0,0,0,0,0,0,0,0,0,0,0,0,0,0,0,0,0,0,0,0,0,0,0,0,0,0,0,0,0,0,0,0,0,0,0,0,0,0,0,0,0,0,0,0,0,0,0,0,0,0,0,0,0,0,0,0,0,0,0,0,0,0,0,0,0,0,0,0,0
"manyara/hanang/gendabi",0,0,0,0,0,0,0,0,0,0,0,0,0,0,0,0,0,0,0,0,0,0,0,0,0,0,0,0,0,0,0,0,0,0,0,0,0,0,0,0,0,0,0,0,0,0,0,0,0,0,0,0,0,0,0,0,0,0,0,0,0,0,0,0,0,0,0,0,0,0,0,0,0,0,0,0,0,0,0,0,0,0,0,0,0,0,0,0,0,0,0,0,0,0,0,0,0,0,0,0,0,0,0,0,0,0,0,0,0,0,0,0,0,0,0,0,0,0,0,0,0,0,0,0,0,0,0,0,0,0,0,0,0,0,0,0,0,0,0,0,0,0,0,0,0,0,0,0,0,0,0,0,0,0,0,0,0,0,0,0,0,0,0,0,0,0,0,0,0,0,0,0,0,0,0,0,0,0,0,0,0,0,0,0,0,0,0,0,0,0,0,0,0,0,0,0,0,0,0,0,0,0,0,0,0,0,0,0,0,0,0,0,0,0,0,0,0,0,0,0,0,0,0,0,0,0,0,0,0,0,0,0,0,0,0,0,0,0,0,0,0,0,0,0,0,0,0,0,0,0,0,0,0,0,0,0,0,0,0,0,0,0,0,0,0,0,0,0,0,0,0,0,0,0,0,0,0,0,0,0,0,0,0,0,0,0,0,0,0,0,0,0,0,0,0,0,0,0,0,0,0,0,0,0,0,0,0,0,0,0,0,0,0,0,0,0,0,0,0,0,0,0,0,0,0,0,0,0,0,0,0,0,0,0,0,0,0,0,0,0,0,0,0,0,0,0,0,0,0,0,0,0,0,0,0,0,0,0,0,0,0,0,0,0,0,0,0,0,0,0,0,0,0,0,0,0,0,0,0,0,0,0,0,0,0,0,0,0,0,0,0,0,0,0,0,0,0,0
"manyara/hanang/getanuwas",0,0,0,0,0,0,0,0,0,0,0,0,0,0,0,0,0,0,0,0,0,0,0,0,0,0,0,0,0,0,0,0,0,0,0,0,0,0,0,0,0,0,0,0,0,0,0,0,0,0,0,0,0,0,0,0,0,0,0,0,0,0,0,0,0,0,0,0,0,0,0,0,0,0,0,0,0,0,0,0,0,0,0,0,0,0,0,0,0,0,0,0,0,0,0,0,0,0,0,0,0,0,0,0,0,0,0,0,0,0,0,0,0,0,0,0,0,0,0,0,0,0,0,0,0,0,0,0,0,0,0,0,0,0,0,0,0,0,0,0,0,0,0,0,0,0,0,0,0,0,0,0,0,0,0,0,0,0,0,0,0,0,0,0,0,0,0,0,0,0,0,0,0,0,0,0,0,0,0,0,0,0,0,0,0,0,0,0,0,0,0,0,0,0,0,0,0,0,0,0,0,0,0,0,0,0,0,0,0,0,0,0,0,0,0,0,0,0,0,0,0,0,0,0,0,0,0,0,0,0,0,0,0,0,0,0,0,0,0,0,0,0,0,0,0,0,0,0,0,0,0,0,0,0,0,0,0,0,0,0,0,0,0,0,0,0,0,0,0,0,0,0,0,0,0,0,0,0,0,0,0,0,0,0,0,0,0,0,0,0,0,0,0,0,0,0,0,0,0,0,0,0,0,0,0,0,0,0,0,0,0,0,0,0,0,0,0,0,0,0,0,0,0,0,0,0,0,0,0,0,0,0,0,0,0,0,0,0,0,0,0,0,0,0,0,0,0,0,0,0,0,0,0,0,0,0,0,0,0,0,0,0,0,0,0,0,0,0,0,0,0,0,0,0,0,0,0,0,0,0,0,0,0,0,0,0,0,0,0,0,0,0,0,0,0,0,0,0
"manyara/mbulu/geterer",0,0,0,0,0,0,0,0,0,0,0,0,0,0,0,0,0,0,0,0,0,0,0,0,0,0,0,0,0,0,0,0,0,0,0,0,0,0,0,0,0,0,0,0,0,0,0,0,0,0,0,0,0,0,0,0,0,0,0,0,0,0,0,0,0,0,0,0,0,0,0,0,0,0,0,0,0,0,0,0,0,0,0,0,0,0,0,0,0,0,0,0,0,0,0,0,0,0,0,0,0,0,0,0,0,0,0,0,0,0,0,0,0,0,0,0,0,0,0,0,0,0,0,0,0,0,0,0,0,0,0,0,0,0,0,0,0,0,0,0,0,0,0,0,0,0,0,0,0,0,0,0,0,0,0,0,0,0,0,0,0,0,0,0,0,0,0,0,0,0,0,0,0,0,0,0,0,0,0,0,0,0,0,0,0,0,0,0,0,0,0,0,0,0,0,0,0,0,0,0,0,0,0,0,0,0,0,0,0,0,0,0,0,0,0,0,0,0,0,0,0,0,0,0,0,0,0,0,0,0,0,0,0,0,0,0,0,0,0,0,0,0,0,0,0,0,0,0,0,0,0,0,0,0,0,0,0,0,0,0,0,0,0,0,0,0,0,0,0,0,0,0,0,0,0,0,0,0,0,0,0,0,0,0,0,0,0,0,0,0,0,0,0,0,0,0,0,0,0,0,0,0,0,0,0,0,0,0,0,0,0,0,0,0,0,0,0,0,0,0,0,0,0,0,0,0,0,0,0,0,0,0,0,0,0,0,0,0,0,0,0,0,0,0,0,0,0,0,0,0,0,0,0,0,0,0,0,0,0,0,0,0,0,0,0,0,0,0,0,0,0,0,0,0,0,0,0,0,0,0,0,0,0,0,0,0,0,0,0,0,0,0,0,0,0,0,0,0
"manyara/hanang/gidahababieg",0,0,0,0,0,0,0,0,0,0,0,0,0,0,0,0,0,0,0,0,0,0,0,0,0,0,0,0,0,0,0,0,0,0,0,0,0,0,0,0,0,0,0,0,0,0,0,0,0,0,0,0,0,0,0,0,0,0,0,0,0,0,0,0,0,0,0,0,0,0,0,0,0,0,0,0,0,0,0,0,0,0,0,0,0,0,0,0,0,0,0,0,0,0,0,0,0,0,0,0,0,0,0,0,0,0,0,0,0,0,0,0,0,0,0,0,0,0,0,0,0,0,0,0,0,0,0,0,0,0,0,0,0,0,0,0,0,0,0,0,0,0,0,0,0,0,0,0,0,0,0,0,0,0,0,0,0,0,0,0,0,0,0,0,0,0,0,0,0,0,0,0,0,0,0,0,0,0,0,0,0,0,0,0,0,0,0,0,0,0,0,0,0,0,0,0,0,0,0,0,0,0,0,0,0,0,0,0,0,0,0,0,0,0,0,0,0,0,0,0,0,0,0,0,0,0,0,0,0,0,0,0,0,0,0,0,0,0,0,0,0,0,0,0,0,0,0,0,0,0,0,0,0,0,0,0,0,0,0,0,0,0,0,0,0,0,0,0,0,0,0,0,0,0,0,0,0,0,0,0,0,0,0,0,0,0,0,0,0,0,0,0,0,0,0,0,0,0,0,0,0,0,0,0,0,0,0,0,0,0,0,0,0,0,0,0,0,0,0,0,0,0,0,0,0,0,0,0,0,0,0,0,0,0,0,0,0,0,0,0,0,0,0,0,0,0,0,0,0,0,0,0,0,0,0,0,0,0,0,0,0,0,0,0,0,0,0,0,0,0,0,0,0,0,0,0,0,0,0,0,0,0,0,0,0,0,0,0,0,0,0,0,0,0,0,0,0,0
"manyara/babati/gidas",1.3e-05,4e-06,1e-06,3e-05,5.1e-05,6.2e-05,3e-06,4e-06,0.000256,0.008035,0.000238,1.6e-05,1e-05,0.000149,0.00013,9e-06,1.3e-05,0.000206,1.4e-05,5e-05,2e-06,1e-05,0.000229,1e-06,1e-06,0,0.000178,4e-06,1e-06,2e-06,5.5e-05,6e-06,1e-06,1e-06,1.5e-05,0.000121,1.5e-05,0.00282,1.9e-05,2.8e-05,1.1e-05,2.9e-05,0.000148,0.000547,3.5e-05,0.000273,6e-06,0.003513,0.001035,7e-06,8e-06,4e-06,4e-06,1e-05,0.008198,5.6e-05,2e-06,1.8e-05,6.8e-05,0.001095,3.4e-05,1e-04,5.4e-05,1.4e-05,0,0.000102,4.9e-05,4e-06,3.6e-05,0.001927,2e-06,6e-06,2e-06,8.6e-05,5.8e-05,5.9e-05,7e-06,1.4e-05,5e-06,7e-06,0.000122,0,1.3e-05,2.5e-05,0.000114,5e-06,0.000439,1e-05,0.000235,0.000252,5.2e-05,7e-06,0.000407,7.1e-05,3e-06,0.000411,2.5e-05,1e-06,0.000197,4.8e-05,7e-06,3e-06,4.5e-05,2.2e-05,6e-06,0.00023,4e-06,3.9e-05,1.5e-05,0.000365,1.8e-05,0.000117,0.000931,1e-06,2e-06,1e-06,0.00016,4e-06,0.000217,1.9e-05,1e-05,0.000373,1e-06,5e-06,1e-06,1.9e-05,0.000114,0.000763,5.4e-05,1e-06,1e-06,4.4e-05,9.2e-05,9e-06,0,8.1e-05,4e-06,2.6e-05,0.000423,6.3e-05,3e-05,1e-06,2.8e-05,6e-06,2e-06,7.4e-05,4.7e-05,9.5e-05,7.8e-05,2.6e-05,1e-06,1e-06,2e-06,2e-06,7e-05,0.00092,5e-06,7e-06,1.3e-05,0.003177,1.4e-05,0.000464,1e-06,4e-06,1e-05,1.2e-05,1.9e-05,1.5e-05,0.000165,8e-06,3.9e-05,0.000348,0.002433,4.1e-05,6e-06,0.00024,0.001131,1e-06,6.3e-05,5.9e-05,1e-06,5e-06,0.000146,1.1e-05,0.000393,0.007779,1e-06,1e-06,0.000202,6e-05,1.7e-05,0.000269,8.4e-05,1.4e-05,0.001239,7e-06,1e-06,3e-05,7.4e-05,1e-06,0.000252,7.9e-05,7.9e-05,1e-06,0.000104,8e-06,0.000685,0.000369,6.7e-05,2e-06,1e-06,2.9e-05,0.000218,1e-06,2e-06,1.8e-05,3e-06,0.000944,9e-06,5.5e-05,1.7e-05,1e-06,7.1e-05,2e-06,0.000244,5e-06,0.000336,3e-06,2.1e-05,5.4e-05,7.9e-05,9e-06,0.000263,0.000348,3e-05,0,2e-06,5.1e-05,7.6e-05,1e-06,2.9e-05,0.004148,1e-06,0.001776,1e-06,1e-06,4e-06,0.00012,3.5e-05,1.7e-05,0.000786,0.000825,2e-06,0.000217,5.1e-05,3.8e-05,2e-06,7e-06,1e-06,1e-06,1e-06,2.9e-05,2e-06,1e-06,0.000305,5e-06,1.8e-05,0.000281,1.6e-05,0.000159,0.000225,0.000187,1e-06,1e-06,0.00059,3e-06,4.3e-05,0.000158,1e-05,1.5e-05,1.2e-05,1e-06,0.001659,3.1e-05,4e-06,8.9e-05,2.9e-05,3e-06,4.3e-05,1e-06,2.2e-05,1.4e-05,3e-06,0.000637,1.6e-05,2.7e-05,0.000246,4e-06,4.3e-05,6.9e-05,1e-06,0,1e-06,1.7e-05,6e-06,0.001612,1.8e-05,2e-06,1e-06,1e-06,0.000245,3.7e-05,2.2e-05,1e-06,1.1e-05,2e-06,3e-06,0.000498,0.00033,0.000369,4.6e-05,0.000269,3.3e-05,0.000135,0.001928,6.8e-05,8.3e-05,7e-06,7e-06,5.4e-05,8.1e-05,3.4e-05,0.001847,0.000184,0.000159,6e-06,6e-06,9e-06,0.000542,6.1e-05,2e-06,1e-06,2e-06,0.000208,0.000182,3.4e-05,1.8e-05,8.6e-05,0.000127,2.4e-05,4e-06,7.9e-05,7e-06,0.000984,0.000148,0.000113,0.000129,6e-06,2e-06,1.6e-05,5.4e-05,0.000103,7.7e-05,4.2e-05,5e-06,0.00063,0.000188,0.000415,7e-06,6e-05,6e-06,0,1e-06,1e-05,3e-06,4.6e-05,6.3e-05,2e-06,0.000276,6e-06,1e-06,1.6e-05,0.000661,0.000224,3e-06,1.8e-05,1e-06,0.000153,2.8e-05,1e-06,0.000243,1e-06,1e-06,2e-06,0,1e-06,1.2e-05,5e-06
"manyara/mbulu/gidihim",0,0,0,0,0,0,0,0,0,0,0,0,0,0,0,0,0,0,0,0,0,0,0,0,0,0,0,0,0,0,0,0,0,0,0,0,0,0,0,0,0,0,0,0,0,0,0,0,0,0,0,0,0,0,0,0,0,0,0,0,0,0,0,0,0,0,0,0,0,0,0,0,0,0,0,0,0,0,0,0,0,0,0,0,0,0,0,0,0,0,0,0,0,0,0,0,0,0,0,0,0,0,0,0,0,0,0,0,0,0,0,0,0,0,0,0,0,0,0,0,0,0,0,0,0,0,0,0,0,0,0,0,0,0,0,0,0,0,0,0,0,0,0,0,0,0,0,0,0,0,0,0,0,0,0,0,0,0,0,0,0,0,0,0,0,0,0,0,0,0,0,0,0,0,0,0,0,0,0,0,0,0,0,0,0,0,0,0,0,0,0,0,0,0,0,0,0,0,0,0,0,0,0,0,0,0,0,0,0,0,0,0,0,0,0,0,0,0,0,0,0,0,0,0,0,0,0,0,0,0,0,0,0,0,0,0,0,0,0,0,0,0,0,0,0,0,0,0,0,0,0,0,0,0,0,0,0,0,0,0,0,0,0,0,0,0,0,0,0,0,0,0,0,0,0,0,0,0,0,0,0,0,0,0,0,0,0,0,0,0,0,0,0,0,0,0,0,0,0,0,0,0,0,0,0,0,0,0,0,0,0,0,0,0,0,0,0,0,0,0,0,0,0,0,0,0,0,0,0,0,0,0,0,0,0,0,0,0,0,0,0,0,0,0,0,0,0,0,0,0,0,0,0,0,0,0,0,0,0,0,0,0,0,0,0,0,0,0,0,0,0,0,0,0,0,0,0,0,0,0,0,0,0,0,0,0,0,0,0,0,0,0,0,0,0,0,0,0
"manyara/hanang/gisambalang",0.00011,3.8e-05,1.5e-05,0.000218,0.000106,0.000615,1.4e-05,1.6e-05,0.000138,0.015,0.000338,0.001037,8.1e-05,0.001236,0.001033,4.4e-05,5.6e-05,0.000592,0.000116,0.000539,1.8e-05,6.5e-05,0.000152,1.2e-05,1.4e-05,4e-06,0.000182,2.2e-05,1.2e-05,2.2e-05,0.000695,0.000103,8e-06,1e-05,7.4e-05,0.000342,0.000118,0.004636,7e-05,0.000295,7.3e-05,0.001483,0.001667,0.001954,0.000449,0.000169,4.7e-05,0.02791,0.006013,2.8e-05,2.8e-05,2.6e-05,2.3e-05,8.5e-05,0.009514,0.000158,1.8e-05,6.8e-05,0.00071,0.006901,0.000243,0.000582,0.00049,0.000241,0,0.000822,0.000373,3.9e-05,0.000215,0.005319,1.5e-05,9.8e-05,2.1e-05,0.000394,0.0013,0.000404,6.3e-05,0.000158,8.6e-05,7.6e-05,0.000133,0.000769,7.1e-05,0,0.000674,1.8e-05,0.004194,8.9e-05,0.001908,0.002093,0.000251,8.2e-05,0.004341,0.000603,2.6e-05,0.00198,0.000247,6e-06,0.002008,0.000501,3.1e-05,2.3e-05,0.000539,0.000182,6e-05,0.002393,2.5e-05,0.00039,0.000142,0.001677,0.000175,0.00123,0.012819,4e-06,1.9e-05,1.4e-05,0.0015,5.4e-05,0.002203,0.000198,7.4e-05,0.003795,1.4e-05,5.5e-05,6e-06,0.000223,0.001118,0.004843,0.000465,1.5e-05,1.2e-05,0.000327,0.000965,8.9e-05,4e-06,0.000669,3.6e-05,0.000264,0.00422,0.000625,0.000275,1.2e-05,0.000231,5.8e-05,2.6e-05,8e-04,8.9e-05,0.000983,0.000806,0.000271,1.3e-05,1.2e-05,2.1e-05,1.9e-05,0.000818,0.006986,4e-05,4.7e-05,0.000146,0.031298,0.000146,0.002387,5e-06,4e-05,0.000144,0.001219,0.000195,0.000137,0.001337,8.6e-05,0.000392,0.001675,0.019565,0.000433,6.1e-05,0.001216,0.004504,1.1e-05,0.000633,0.000773,7e-06,5.8e-05,0.001711,0.000109,0.003906,0.110356,8e-06,1.5e-05,0.001997,0.000595,0.000168,0.000879,0.000284,8.9e-05,0.003003,0.000115,1.4e-05,6.9e-05,0.000747,9e-06,0.00224,0.000773,0.000636,1e-05,0.001098,7.9e-05,0.007191,0.001595,0.000641,1.7e-05,1.5e-05,7.5e-05,0.002337,7e-06,1.4e-05,0.000217,1.5e-05,0.010121,9.1e-05,0.000573,9.2e-05,1.1e-05,0.000127,1.5e-05,0.002356,5.2e-05,0.003312,2.9e-05,0.000124,0.00026,0.000106,3.7e-05,0.00266,0.002666,0.000541,1e-06,1.7e-05,0.000306,0.000387,1.2e-05,0.000258,0.041108,6e-06,0.013412,1e-05,1.2e-05,4.1e-05,0.000991,0.000665,0.000125,0.006434,0.004728,1.7e-05,0.001782,0.00053,0.00044,1.7e-05,7.5e-05,1e-05,1.3e-05,1e-05,0.000201,1.3e-05,1.3e-05,0.00136,4.7e-05,6.6e-05,0.002189,3.7e-05,0.000641,0.001821,0.001956,1.3e-05,1.3e-05,0.006221,3.2e-05,0.000512,0.000993,4e-05,0.000117,0.000111,1.1e-05,0.016673,0.000128,4.6e-05,0.00011,0.000348,3.5e-05,0.000199,1.2e-05,0.000274,0.00014,3.9e-05,0.005284,0.000166,0.000269,0.00157,3.4e-05,0.00043,0.000525,6e-06,4e-06,1.1e-05,0.000184,8.9e-05,0.005328,0.000149,2e-05,1.2e-05,1.4e-05,0.001361,0.000231,0.000367,9e-06,0.000109,1.3e-05,1.9e-05,0.003128,0.003503,0.001978,0.00034,0.002244,0.000317,0.001367,0.011124,0.00052,0.000629,5.4e-05,8.3e-05,0.000439,0.000671,0.000274,0.012414,0.001998,0.001153,6.3e-05,5.6e-05,8.5e-05,0.004647,0.00025,1.4e-05,9e-06,1.4e-05,0.000155,0.001973,0.00041,0.000184,0.000735,0.00139,0.000255,1.6e-05,0.000753,5.9e-05,0.008032,0.000748,0.000797,0.000776,6.7e-05,2.5e-05,0.000161,9.8e-05,0.000392,0.000106,0.000478,5.4e-05,0.00524,0.001067,0.003327,0.000114,0.000532,6.1e-05,4e-06,1.7e-05,0.000112,2.8e-05,0.000361,3e-04,1.2e-05,0.001914,2.9e-05,7e-06,6.8e-05,0.007019,0.001562,1.4e-05,0.000142,1.4e-05,0.001544,0.000285,9e-06,0.002102,1.1e-05,1.4e-05,2.9e-05,4e-06,7e-06,5.7e-05,3.3e-05
"manyara/hanang/giting",0,0,0,0,0,0,0,0,0,0,0,0,0,0,0,0,0,0,0,0,0,0,0,0,0,0,0,0,0,0,0,0,0,0,0,0,0,0,0,0,0,0,0,0,0,0,0,0,0,0,0,0,0,0,0,0,0,0,0,0,0,0,0,0,0,0,0,0,0,0,0,0,0,0,0,0,0,0,0,0,0,0,0,0,0,0,0,0,0,0,0,0,0,0,0,0,0,0,0,0,0,0,0,0,0,0,0,0,0,0,0,0,0,0,0,0,0,0,0,0,0,0,0,0,0,0,0,0,0,0,0,0,0,0,0,0,0,0,0,0,0,0,0,0,0,0,0,0,0,0,0,0,0,0,0,0,0,0,0,0,0,0,0,0,0,0,0,0,0,0,0,0,0,0,0,0,0,0,0,0,0,0,0,0,0,0,0,0,0,0,0,0,0,0,0,0,0,0,0,0,0,0,0,0,0,0,0,0,0,0,0,0,0,0,0,0,0,0,0,0,0,0,0,0,0,0,0,0,0,0,0,0,0,0,0,0,0,0,0,0,0,0,0,0,0,0,0,0,0,0,0,0,0,0,0,0,0,0,0,0,0,0,0,0,0,0,0,0,0,0,0,0,0,0,0,0,0,0,0,0,0,0,0,0,0,0,0,0,0,0,0,0,0,0,0,0,0,0,0,0,0,0,0,0,0,0,0,0,0,0,0,0,0,0,0,0,0,0,0,0,0,0,0,0,0,0,0,0,0,0,0,0,0,0,0,0,0,0,0,0,0,0,0,0,0,0,0,0,0,0,0,0,0,0,0,0,0,0,0,0,0,0,0,0,0,0,0,0,0,0,0,0,0,0,0,0,0,0,0,0,0,0,0,0,0,0,0,0,0,0,0,0,0,0,0,0,0,0
"manyara/mbulu/gunyoda",0,0,0,0,0,0,0,0,0,0,0,0,0,0,0,0,0,0,0,0,0,0,0,0,0,0,0,0,0,0,0,0,0,0,0,0,0,0,0,0,0,0,0,0,0,0,0,0,0,0,0,0,0,0,0,0,0,0,0,0,0,0,0,0,0,0,0,0,0,0,0,0,0,0,0,0,0,0,0,0,0,0,0,0,0,0,0,0,0,0,0,0,0,0,0,0,0,0,0,0,0,0,0,0,0,0,0,0,0,0,0,0,0,0,0,0,0,0,0,0,0,0,0,0,0,0,0,0,0,0,0,0,0,0,0,0,0,0,0,0,0,0,0,0,0,0,0,0,0,0,0,0,0,0,0,0,0,0,0,0,0,0,0,0,0,0,0,0,0,0,0,0,0,0,0,0,0,0,0,0,0,0,0,0,0,0,0,0,0,0,0,0,0,0,0,0,0,0,0,0,0,0,0,0,0,0,0,0,0,0,0,0,0,0,0,0,0,0,0,0,0,0,0,0,0,0,0,0,0,0,0,0,0,0,0,0,0,0,0,0,0,0,0,0,0,0,0,0,0,0,0,0,0,0,0,0,0,0,0,0,0,0,0,0,0,0,0,0,0,0,0,0,0,0,0,0,0,0,0,0,0,0,0,0,0,0,0,0,0,0,0,0,0,0,0,0,0,0,0,0,0,0,0,0,0,0,0,0,0,0,0,0,0,0,0,0,0,0,0,0,0,0,0,0,0,0,0,0,0,0,0,0,0,0,0,0,0,0,0,0,0,0,0,0,0,0,0,0,0,0,0,0,0,0,0,0,0,0,0,0,0,0,0,0,0,0,0,0,0,0,0,0,0,0,0,0,0,0,0,0,0,0,0,0,0,0,0,0,0,0,0,0,0,0,0,0,0,0
"kilimanjaro/hai/haimjini",1e-06,0,0,0,0,1.5e-05,0,0,0,0,0,0,1e-06,8e-06,0,0,0,0,0,0,0,3e-06,0,1e-06,0,0,0,0,0,0,4e-06,0,0,0,0,0,1e-06,0,0,0,0,0,0,0,0,0,0,0.000118,2e-06,0,0,0,0,0,0,0,0,0,0,1e-06,0,0,1e-06,0,0,4e-06,1e-06,0,0,0,0,0,1e-06,0,0,0,0,0,0,0,0,0,0,0,0,0,0,0,0,1e-06,0,0,3.6e-05,4e-06,0,0,1.1e-05,0,3.4e-05,6e-06,0,0,0,1e-06,3e-06,1.7e-05,0,2.6e-05,3e-06,0,8e-06,1.4e-05,0,0,0,0,0.00027,0,7.5e-05,6e-06,3e-06,0.00011,0,0,0,0,0,0.000164,6e-06,0,0,5e-06,9e-06,5e-06,0,4e-06,0,7e-06,9e-06,4.6e-05,1.6e-05,0,1e-06,3e-06,0,3e-06,0,1.9e-05,1.6e-05,4e-06,0,0,0,0,1e-06,1.4e-05,0,0,0,0.001588,1e-06,2e-06,0,0,0,0,2e-06,3e-06,6e-06,0,0,1e-06,9.1e-05,1e-06,2e-06,0,2e-06,0,3.4e-05,0,0,0,1e-06,3e-06,0.000198,0.014982,0,0,0.00017,4.7e-05,1.4e-05,0,0,0,0,0,0,0,3.1e-05,0,4.6e-05,0,1e-06,0,1.2e-05,4e-06,7.7e-05,1e-06,0,0,0,0,1.9e-05,0,0,0,0,7e-05,1e-06,8e-06,0,0,0,1e-06,0.000663,4e-06,0.000165,4e-06,0,0,0,0,2e-06,7e-06,0,0,0,3e-06,0,0,4e-06,3.3e-05,0,3.8e-05,0,0,2e-06,7e-06,0,0,3.2e-05,8e-06,0,1.1e-05,5e-06,0,0,0,0,0,0,3e-06,0,0,0,0,0,5e-06,0,0,5e-06,1.4e-05,0,0,6.7e-05,0,0,1e-06,0,0,2e-06,0,3.3e-05,0,0,0,0,0,0,1e-06,0,2e-06,0,4.3e-05,5e-06,5e-06,1.6e-05,0,2e-06,0,0,0,0,0,0,1e-06,1e-06,0,0,0,4e-06,0,0,0,3e-06,0,0,1.8e-05,3.2e-05,6e-06,1e-06,8e-06,4.8e-05,9e-06,4.7e-05,0,0,0,0,2e-06,4e-06,1e-06,3.1e-05,1e-06,1e-06,0,3e-06,0,5e-05,0,0,0,0,0,2e-06,0,0,4e-06,2e-06,0,0,2.8e-05,1e-06,4.1e-05,0,1e-06,3e-06,0,0,1e-05,0,0,0,0,0,3.2e-05,5e-06,1.3e-05,0,6e-06,3e-06,0,0,0,0,1e-06,0,0,9e-06,0,0,0,6e-05,0,0,1e-06,0,6.9e-05,8e-06,0,2.8e-05,0,0,0,0,0,0,0
"manyara/mbulu/hayderer",0,0,0,0,0,0,0,0,0,0,0,0,0,0,0,0,0,0,0,0,0,0,0,0,0,0,0,0,0,0,0,0,0,0,0,0,0,0,0,0,0,0,0,0,0,0,0,0,0,0,0,0,0,0,0,0,0,0,0,0,0,0,0,0,0,0,0,0,0,0,0,0,0,0,0,0,0,0,0,0,0,0,0,0,0,0,0,0,0,0,0,0,0,0,0,0,0,0,0,0,0,0,0,0,0,0,0,0,0,0,0,0,0,0,0,0,0,0,0,0,0,0,0,0,0,0,0,0,0,0,0,0,0,0,0,0,0,0,0,0,0,0,0,0,0,0,0,0,0,0,0,0,0,0,0,0,0,0,0,0,0,0,0,0,0,0,0,0,0,0,0,0,0,0,0,0,0,0,0,0,0,0,0,0,0,0,0,0,0,0,0,0,0,0,0,0,0,0,0,0,0,0,0,0,0,0,0,0,0,0,0,0,0,0,0,0,0,0,0,0,0,0,0,0,0,0,0,0,0,0,0,0,0,0,0,0,0,0,0,0,0,0,0,0,0,0,0,0,0,0,0,0,0,0,0,0,0,0,0,0,0,0,0,0,0,0,0,0,0,0,0,0,0,0,0,0,0,0,0,0,0,0,0,0,0,0,0,0,0,0,0,0,0,0,0,0,0,0,0,0,0,0,0,0,0,0,0,0,0,0,0,0,0,0,0,0,0,0,0,0,0,0,0,0,0,0,0,0,0,0,0,0,0,0,0,0,0,0,0,0,0,0,0,0,0,0,0,0,0,0,0,0,0,0,0,0,0,0,0,0,0,0,0,0,0,0,0,0,0,0,0,0,0,0,0,0,0,0,0,0,0,0,0,0,0,0,0,0,0,0,0,0,0,0,0,0,0,0
"manyara/mbulu/haydom",1.3e-05,9e-06,2e-06,6.8e-05,1.3e-05,6.7e-05,4e-06,5e-06,6e-06,0.001203,2.6e-05,1.4e-05,1e-05,0.000151,0.001063,1.4e-05,7e-05,0.00017,0.000199,0.000484,2e-06,1.1e-05,5e-06,1e-06,1e-06,0,1e-05,6e-06,1e-06,2e-06,5e-05,4e-06,1e-06,1e-06,3.7e-05,5.7e-05,1.5e-05,0.000837,3.3e-05,5.4e-05,7.2e-05,9e-06,0.000143,0.001354,2.7e-05,9e-06,8e-06,0.003559,0.000526,1.3e-05,1.3e-05,1.1e-05,6e-06,0.000253,0.000542,8e-06,2e-06,5e-06,5.7e-05,0.003951,5.2e-05,0.000153,7e-05,1.1e-05,0,9.9e-05,5.2e-05,0.000127,4.1e-05,0.00044,4e-06,3e-06,3e-06,0.000103,0.000134,9.7e-05,1.1e-05,1.9e-05,1e-04,0.000802,4e-06,3.6e-05,4.2e-05,1e-05,4.9e-05,1e-05,0.000484,0.000122,0,0.000273,6e-06,0.000231,0.00049,7.7e-05,4e-06,0.000685,3e-05,1e-06,0.000219,5.5e-05,8e-06,1.4e-05,5.2e-05,2.3e-05,7e-06,0.000304,9e-06,4.5e-05,1.8e-05,0.000627,2.1e-05,0.000145,0.000488,1e-06,2e-06,2e-06,0.00017,2e-06,0.000252,2.3e-05,1.2e-05,0.000449,2e-06,6e-06,1e-06,2.1e-05,9.9e-05,0.000809,5.3e-05,2e-06,1e-06,5.2e-05,0.000105,1e-05,0,8.2e-05,5e-06,3e-05,0.000609,7.2e-05,3.3e-05,1e-06,2.9e-05,7e-06,3e-06,8.4e-05,1.9e-05,0.000111,9.3e-05,3.1e-05,1e-06,1e-06,3e-06,2e-06,8.3e-05,0.000916,7e-06,1.1e-05,1e-05,0.003642,1.6e-05,0.000291,1e-06,4e-06,5.5e-05,1.2e-05,2e-05,1.7e-05,0.000163,9e-06,3.5e-05,0.000369,0.002466,3.8e-05,8e-06,9.9e-05,0.000697,2e-06,7.3e-05,5.2e-05,1e-06,1.2e-05,0.000154,1.2e-05,0.000466,0.008778,1e-06,2e-06,0.000234,7e-05,1.9e-05,0.000187,9.1e-05,0.000404,0.000456,6e-06,2e-06,7e-06,8.5e-05,2e-06,0.000268,3.5e-05,8.3e-05,1e-06,0.000128,1e-05,0.000807,0.000349,0.000148,2e-06,2e-06,9e-06,0.000266,1e-06,7e-06,2.1e-05,5e-06,0.001197,1e-05,6.6e-05,0.000166,1e-06,1.1e-05,2e-06,0.000276,6e-06,0.000398,3e-06,6.2e-05,9e-06,6e-06,3e-05,0.000434,0.00033,1.9e-05,0,2e-06,4.8e-05,0.000116,1e-06,2.8e-05,0.0034,1e-06,0.001937,1e-06,1e-06,5e-06,0.000117,3e-05,1.5e-05,0.000807,0.000987,2e-06,0.000215,6.5e-05,4.2e-05,2e-06,8e-06,1e-06,1e-06,1e-06,3e-05,2e-06,1e-06,0.000412,7e-06,1.6e-05,0.000293,3e-06,8.1e-05,0.000245,0.000207,1e-06,1e-06,0.000708,4e-06,4.9e-05,0.000114,9e-06,2.7e-05,1.2e-05,2e-06,0.002411,3.5e-05,3e-06,1e-05,7e-06,4e-06,6.2e-05,1e-06,1.4e-05,1.8e-05,4e-06,0.000609,1.9e-05,3.4e-05,0.000284,4e-06,4.2e-05,0.000171,1e-06,0,1e-06,1.8e-05,4e-06,0.001182,1.8e-05,2e-06,1e-06,2e-06,0.000241,9.4e-05,1.2e-05,1e-06,1.2e-05,4e-06,5e-06,0.000587,0.000415,0.000319,3.6e-05,0.000299,3.7e-05,0.000178,0.002037,0.000144,0.000171,7e-06,1.6e-05,5.6e-05,8.4e-05,3.6e-05,0.002539,0.000365,0.000126,4e-06,6e-06,1.6e-05,0.000563,1.2e-05,4e-06,1e-06,3e-06,1.6e-05,0.000182,3.5e-05,3.5e-05,9.5e-05,0.000136,4.8e-05,5e-06,9.2e-05,7e-06,0.001,0.000188,0.000111,0.000109,7e-06,3e-06,1.8e-05,1e-05,7e-06,7e-06,4e-06,1e-05,0.000652,0.000185,0.000414,5e-06,6.6e-05,7e-06,0,2e-06,1e-05,3e-06,4.3e-05,4e-05,2e-06,0.000366,1.1e-05,1e-06,2.2e-05,0.00084,0.000565,4e-06,1.8e-05,2e-06,0.000179,3.3e-05,1e-06,0.00025,1e-06,1e-06,3e-06,0,1e-06,2.3e-05,3.7e-05
"kilimanjaro/same/hedaru",2e-06,0,1e-06,2e-06,0,3.8e-05,0,0,0,9e-06,0,0,1e-06,2e-05,1e-06,0,0,0,0,0,6.3e-05,2e-06,0,1e-06,3.4e-05,0,0,0,0,0.000169,9e-06,0,2.3e-05,2e-06,0,0,2e-06,2e-06,0,2e-06,0,0,2.6e-05,1e-06,3e-06,0,0,0.000406,3.6e-05,0,0,0,0,0,2e-06,0,1e-06,0,0.000127,3.3e-05,4e-06,6e-06,6e-06,1e-06,0,1.3e-05,4e-06,0,1e-06,1.1e-05,0,0,1e-06,1e-06,0,5e-06,0,0,0,0,0,0,0,0,0,0,0.000146,0,1e-06,0,0,0,0.000303,1e-05,0,2e-06,7e-06,1e-06,0.00014,3.7e-05,0,0,0.00097,3e-06,3e-06,6.3e-05,0,1.7e-05,3e-06,8e-06,5e-06,5.3e-05,1e-06,0,1e-06,1e-06,5.1e-05,0,0.000106,7e-06,4e-06,0.000146,2e-06,8e-06,1e-06,0.000972,3.8e-05,0.000169,1e-05,1e-06,1e-06,2.9e-05,8.3e-05,4e-06,1e-06,1.1e-05,1e-06,1.3e-05,6.1e-05,2.5e-05,7e-06,0.000166,3e-06,2e-06,1e-06,0.000126,0,5.7e-05,4.1e-05,1.6e-05,1e-06,2e-06,1e-06,1.3e-05,0.000502,7.8e-05,2e-06,1e-06,1.4e-05,0.001477,1.5e-05,5.1e-05,0,8e-06,0,0,2e-05,3e-06,2.1e-05,1.3e-05,1.2e-05,1.6e-05,0.000293,0.000117,2e-06,1.2e-05,3.4e-05,0,2.8e-05,3.3e-05,2.6e-05,0,0.01773,6e-06,0.000132,0.00315,0,1e-06,7.3e-05,2e-05,8e-06,0,1e-06,0,6e-06,1e-06,1e-06,0,3.5e-05,0,4.9e-05,5e-06,0.00383,0,5.5e-05,2e-06,0.000506,1.1e-05,4e-06,1e-06,1e-06,0,0.00015,0,0,0.000264,0,0.000489,5e-06,3.2e-05,0,0,0,0,7.8e-05,2e-06,0.000104,1e-06,0,0,0,0,2.8e-05,3.4e-05,2e-06,0,1e-06,1.1e-05,3e-06,1e-06,8e-06,0.000208,0,0.004666,1.1e-05,1e-06,2e-06,1.8e-05,0,1e-06,9.7e-05,6.8e-05,0,2.9e-05,1.6e-05,0.002412,1e-06,9e-06,0,1.6e-05,1.6e-05,1.9e-05,0,3.7e-05,7e-06,1e-06,0,2.5e-05,0,1e-06,2.2e-05,0.000215,1e-06,1.7e-05,0.000389,2e-06,0.002784,6.4e-05,0,1e-06,5e-06,0,0.000251,0,1e-06,0,0,1e-06,0,0,4e-06,3e-06,0.000133,0.000104,8e-06,7e-06,4.1e-05,0,5.4e-05,2e-06,0,1e-06,1e-06,6.4e-05,1e-06,1.8e-05,3e-06,0,0,0,2.6e-05,1e-06,1e-06,1e-06,5e-06,0,0,7e-05,0.000154,4e-05,5e-06,3e-05,9e-06,3e-05,0.000224,5e-06,7e-06,1e-06,1e-06,6e-06,1e-05,4e-06,0.000248,1.7e-05,0.000183,1e-06,3e-06,1e-06,8.8e-05,0,0,0,0,0,0.001215,0.000444,1e-06,1.1e-05,0.000673,2e-06,0,1.9e-05,1e-06,0.000123,6e-06,6e-06,3.5e-05,9e-06,1e-06,7e-06,0,0,0,0,0,8.4e-05,2.2e-05,4.8e-05,1e-06,1e-05,3e-06,3e-06,0.000109,2e-06,1e-06,5e-06,5e-06,0,4.8e-05,0,2e-06,0,0.000292,0,0,2e-06,1e-06,6.6e-05,1.3e-05,0,4.3e-05,1e-06,2.3e-05,5.6e-05,2e-06,5.6e-05,0,0
"manyara/hanang/hidet",0,0,0,0,0,0,0,0,0,0,0,0,0,0,0,0,0,0,0,0,0,0,0,0,0,0,0,0,0,0,0,0,0,0,0,0,0,0,0,0,0,0,0,0,0,0,0,0,0,0,0,0,0,0,0,0,0,0,0,0,0,0,0,0,0,0,0,0,0,0,0,0,0,0,0,0,0,0,0,0,0,0,0,0,0,0,0,0,0,0,0,0,0,0,0,0,0,0,0,0,0,0,0,0,0,0,0,0,0,0,0,0,0,0,0,0,0,0,0,0,0,0,0,0,0,0,0,0,0,0,0,0,0,0,0,0,0,0,0,0,0,0,0,0,0,0,0,0,0,0,0,0,0,0,0,0,0,0,0,0,0,0,0,0,0,0,0,0,0,0,0,0,0,0,0,0,0,0,0,0,0,0,0,0,0,0,0,0,0,0,0,0,0,0,0,0,0,0,0,0,0,0,0,0,0,0,0,0,0,0,0,0,0,0,0,0,0,0,0,0,0,0,0,0,0,0,0,0,0,0,0,0,0,0,0,0,0,0,0,0,0,0,0,0,0,0,0,0,0,0,0,0,0,0,0,0,0,0,0,0,0,0,0,0,0,0,0,0,0,0,0,0,0,0,0,0,0,0,0,0,0,0,0,0,0,0,0,0,0,0,0,0,0,0,0,0,0,0,0,0,0,0,0,0,0,0,0,0,0,0,0,0,0,0,0,0,0,0,0,0,0,0,0,0,0,0,0,0,0,0,0,0,0,0,0,0,0,0,0,0,0,0,0,0,0,0,0,0,0,0,0,0,0,0,0,0,0,0,0,0,0,0,0,0,0,0,0,0,0,0,0,0,0,0,0,0,0,0,0,0,0,0,0,0,0,0,0,0,0,0,0,0,0,0,0,0,0,0
"manyara/hanang/hirbadaw",0.000128,7.4e-05,1.8e-05,0.000622,1e-04,0.000681,2.7e-05,3.1e-05,5.6e-05,0.009906,0.000213,0.000206,9.6e-05,0.001445,0.005527,9.1e-05,0.00032,0.001216,0.001541,0.007174,1.9e-05,0.00011,5e-05,1.4e-05,1.5e-05,4e-06,8.5e-05,4e-05,6e-06,2.2e-05,0.000481,4.6e-05,8e-06,1.1e-05,0.000257,0.000474,0.000138,0.006364,0.000212,0.000516,0.000313,0.000113,0.001657,0.007339,0.000314,8.3e-05,6.9e-05,0.032937,0.004813,8.9e-05,8.1e-05,7.5e-05,4.3e-05,0.000696,0.00515,7.9e-05,2e-05,4.2e-05,0.000603,0.029218,0.000508,0.001339,0.000668,0.00013,0,0.000941,0.000472,0.000408,0.000322,0.004001,3e-05,3.7e-05,2.6e-05,0.000689,0.002399,0.000913,0.000104,0.000196,0.00769,0.001594,3.7e-05,0.000346,0.000218,0.00013,0.000467,6.1e-05,0.004837,0.000563,0.068395,0.002939,5.8e-05,0,0.005052,0.000735,4e-05,0.004236,3e-04,6e-06,0.002246,0.000567,5.3e-05,9.6e-05,0.000566,0.000215,7e-05,0.00307,5.6e-05,0.000453,0.000174,0.00463,0.000212,0.00149,0.005801,5e-06,2.2e-05,1.7e-05,0.0017,2.6e-05,0.002563,0.000238,0.000125,0.004549,1.6e-05,6e-05,7e-06,0.000229,0.001115,0.007917,0.00052,1.7e-05,1.4e-05,0.000537,0.001086,0.000104,5e-06,0.000785,4.4e-05,0.000308,0.005953,0.000733,0.000321,1.3e-05,0.000275,6.9e-05,3.2e-05,0.000876,0.00014,0.001133,0.000947,0.000315,1.5e-05,1.3e-05,2.6e-05,2e-05,0.000885,0.008411,6.9e-05,9.9e-05,0.000112,0.036127,0.000164,0.002817,6e-06,4.3e-05,0.001209,0.00019,0.00021,0.000165,0.001544,9.2e-05,0.000402,0.003167,0.023042,0.000402,7.5e-05,0.000991,0.006105,1.6e-05,0.000739,0.000578,7e-06,0.00011,0.001659,0.000124,0.004684,0.083786,1e-05,1.8e-05,0.002359,0.000709,0.000192,0.001263,0.000644,0.001089,0.003668,7e-05,1.7e-05,5.7e-05,0.000867,1.5e-05,0.002616,0.000371,0.000889,1.2e-05,0.001313,9.5e-05,0.008282,0.00291,0.001293,2.1e-05,1.8e-05,7.3e-05,0.00275,8e-06,4.6e-05,0.000231,3.2e-05,0.012261,0.000108,0.000674,0.000685,1.2e-05,9.2e-05,1.8e-05,0.002762,6.3e-05,0.003992,3.3e-05,0.000365,9.4e-05,5.5e-05,0.000159,0.004174,0.003074,0.00023,1e-06,2e-05,0.000468,0.000941,1.4e-05,0.000277,0.029699,7e-06,0.020027,1e-05,1.4e-05,4.8e-05,0.001125,0.000366,0.000137,0.007634,0.009006,2.2e-05,0.002054,0.000663,0.00045,2e-05,8.3e-05,1.1e-05,1.3e-05,1e-05,0.000305,1.6e-05,1.3e-05,0.003195,6.9e-05,0.000106,0.002701,2.6e-05,0.000644,0.002288,0.00214,1.4e-05,1.3e-05,0.007266,3.8e-05,0.000524,0.001164,6.1e-05,0.000218,0.000117,1.9e-05,0.023436,0.000224,3.8e-05,8.8e-05,7.5e-05,4.3e-05,0.000394,1.4e-05,0.00015,0.000178,4.1e-05,0.005865,0.000193,0.000336,0.002755,4e-05,0.000432,0.001262,7e-06,5e-06,1.3e-05,0.00019,4.2e-05,0.009124,0.000176,2.3e-05,1.4e-05,1.7e-05,0.002264,0.000759,0.000135,1.1e-05,0.000127,3e-05,4.7e-05,0.005629,0.004253,0.003013,0.000338,0.002815,0.000372,0.001781,0.019032,0.001387,0.001637,6.2e-05,0.000153,0.000527,8e-04,0.000335,0.02421,0.003538,0.001325,4.7e-05,6.5e-05,0.000147,0.005426,0.000111,3e-05,1.1e-05,2.5e-05,0.000132,0.001917,0.000382,0.000333,0.000908,0.001429,0.000459,3e-05,0.000914,6.9e-05,0.009457,0.001587,0.000989,0.001082,7.3e-05,3e-05,0.000186,7.7e-05,7.9e-05,5.9e-05,4.4e-05,0.000101,0.006205,0.00175,0.003902,6.4e-05,0.000638,7.1e-05,4e-06,1.7e-05,0.000112,3.5e-05,0.000404,0.000374,1.4e-05,0.003598,6.6e-05,7e-06,0.000136,0.008583,0.003901,2.7e-05,0.000167,1.6e-05,0.001815,0.000337,1.1e-05,0.002423,1.3e-05,1.4e-05,3e-05,4e-06,7e-06,0.000134,0.000164
"kilimanjaro/rombo/holili",0,0,0,0,0,0,0,0,0,0,0,0,0,0,0,0,0,0,0,0,0,0,0,0,0,0,0,0,0,0,0,0,0,0,0,0,0,0,0,0,0,0,0,0,0,0,0,0,0,0,0,0,0,0,0,0,0,0,0,0,0,0,0,0,0,0,0,0,0,0,0,0,0,0,0,0,0,0,0,0,0,0,0,0,0,0,0,0,0,0,0,0,0,0,0,0,0,0,0,0,0,0,0,0,0,0,0,0,0,0,0,0,0,0,0,0,0,0,0,0,0,0,0,0,0,0,0,0,0,0,0,0,0,0,0,0,0,0,0,0,0,0,0,0,0,0,0,0,0,0,0,0,0,0,0,0,0,0,0,0,0,0,0,0,0,0,0,0,0,0,0,0,0,0,0,0,0,0,0,0,0,0,0,0,0,0,0,0,0,0,0,0,0,0,0,0,0,0,0,0,0,0,0,0,0,0,0,0,0,0,0,0,0,0,0,0,0,0,0,0,0,0,0,0,0,0,0,0,0,0,0,0,0,0,0,0,0,0,0,0,0,0,0,0,0,0,0,0,0,0,0,0,0,0,0,0,0,0,0,0,0,0,0,0,0,0,0,0,0,0,0,0,0,0,0,0,0,0,0,0,0,0,0,0,0,0,0,0,0,0,0,0,0,0,0,0,0,0,0,0,0,0,0,0,0,0,0,0,0,0,0,0,0,0,0,0,0,0,0,0,0,0,0,0,0,0,0,0,0,0,0,0,0,0,0,0,0,0,0,0,0,0,0,0,0,0,0,0,0,0,0,0,0,0,0,0,0,0,0,0,0,0,0,0,0,0,0,0,0,0,0,0,0,0,0,0,0,0,0,0,0,0,0,0,0,0,0,0,0,0,0,0,0,0,0,0,0,0
"arusha/arusha/ilkidinga",0,0,0,0,0,0,0,0,0,0,0,0,0,0,0,0,0,0,0,0,0,0,0,0,0,0,0,0,0,0,0,0,0,0,0,0,0,0,0,0,0,0,0,0,0,0,0,0,0,0,0,0,0,0,0,0,0,0,0,0,0,0,0,0,0,0,0,0,0,0,0,0,0,0,0,0,0,0,0,0,0,0,0,0,0,0,0,0,0,0,0,0,0,0,0,0,0,0,0,0,0,0,0,0,0,0,0,0,0,0,0,0,0,0,0,0,0,0,0,0,0,0,0,0,0,0,0,0,0,0,0,0,0,0,0,0,0,0,0,0,0,0,0,0,0,0,0,0,0,0,0,0,0,0,0,0,0,0,0,0,0,0,0,0,0,0,0,0,0,0,0,0,0,0,0,0,0,0,0,0,0,0,0,0,0,0,0,0,0,0,0,0,0,0,0,0,0,0,0,0,0,0,0,0,0,0,0,0,0,0,0,0,0,0,0,0,0,0,0,0,0,0,0,0,0,0,0,0,0,0,0,0,0,0,0,0,0,0,0,0,0,0,0,0,0,0,0,0,0,0,0,0,0,0,0,0,0,0,0,0,0,0,0,0,0,0,0,0,0,0,0,0,0,0,0,0,0,0,0,0,0,0,0,0,0,0,0,0,0,0,0,0,0,0,0,0,0,0,0,0,0,0,0,0,0,0,0,0,0,0,0,0,0,0,0,0,0,0,0,0,0,0,0,0,0,0,0,0,0,0,0,0,0,0,0,0,0,0,0,0,0,0,0,0,0,0,0,0,0,0,0,0,0,0,0,0,0,0,0,0,0,0,0,0,0,0,0,0,0,0,0,0,0,0,0,0,0,0,0,0,0,0,0,0,0,0,0,0,0,0,0,0,0,0,0,0,0,0
"arusha/longido/ilorienito",0,0,0,0,0,0,0,0,0,0,0,0,0,0,0,0,0,0,0,0,0,0,0,0,0,0,0,0,0,0,0,0,0,0,0,0,0,0,0,0,0,0,0,0,0,0,0,0,0,0,0,0,0,0,0,0,0,0,0,0,0,0,0,0,0,0,0,0,0,0,0,0,0,0,0,0,0,0,0,0,0,0,0,0,0,0,0,0,0,0,0,0,0,0,0,0,0,0,0,0,0,0,0,0,0,0,0,0,0,0,0,0,0,0,0,0,0,0,0,0,0,0,0,0,0,0,0,0,0,0,0,0,0,0,0,0,0,0,0,0,0,0,0,0,0,0,0,0,0,0,0,0,0,0,0,0,0,0,0,0,0,0,0,0,0,0,0,0,0,0,0,0,0,0,0,0,0,0,0,0,0,0,0,0,0,0,0,0,0,0,0,0,0,0,0,0,0,0,0,0,0,0,0,0,0,0,0,0,0,0,0,0,0,0,0,0,0,0,0,0,0,0,0,0,0,0,0,0,0,0,0,0,0,0,0,0,0,0,0,0,0,0,0,0,0,0,0,0,0,0,0,0,0,0,0,0,0,0,0,0,0,0,0,0,0,0,0,0,0,0,0,0,0,0,0,0,0,0,0,0,0,0,0,0,0,0,0,0,0,0,0,0,0,0,0,0,0,0,0,0,0,0,0,0,0,0,0,0,0,0,0,0,0,0,0,0,0,0,0,0,0,0,0,0,0,0,0,0,0,0,0,0,0,0,0,0,0,0,0,0,0,0,0,0,0,0,0,0,0,0,0,0,0,0,0,0,0,0,0,0,0,0,0,0,0,0,0,0,0,0,0,0,0,0,0,0,0,0,0,0,0,0,0,0,0,0,0,0,0,0,0,0,0,0,0,0,0,0
"manyara/mbulu/imboru",0.002044,0.001644,0.000178,0.005406,0.002447,0.007483,0.026882,0.028935,0.000785,0.234725,0.004964,0.000363,0.001577,0.023833,0.078935,0.087629,0.005615,0.008472,0.000851,0.002413,0.000149,0.000995,0.000614,0.00015,0.000123,4.7e-05,0.001461,0.005968,4e-05,0.00018,0.012045,0.000275,7e-05,0.000101,0.009444,0.002292,0.00243,0.07053,0.071895,0.005677,0.003887,0.000255,0.006952,0.111794,0.001272,0.001123,0.001397,0.415216,0.102586,0.005672,0.08802,0.002743,0.003052,0.002673,0.026192,0.000524,0.00027,0.001077,0.005669,0.27968,0.004508,0.021193,0.010422,0.000777,5e-06,0.016184,0.010223,0.001316,0.016191,0.057883,0.001403,0.000106,0.000329,0.215826,0.001521,0.009185,0.001808,0.000468,0.00043,0.000888,0.000269,0.002435,0.002631,0.000387,0.002113,0.033451,0.0568,0.001221,0.025757,0.016804,0.000309,0.000522,0.048179,0.01193,0.000773,0,0.003629,6.1e-05,0.023464,0.005811,0.023016,0.001263,0.004505,0.00375,0.000765,0.032075,0.00867,0.005064,0.002349,0.154092,0.002546,0.015053,0.011155,9.1e-05,0.000227,0.000166,0.021151,0.000174,0.027305,0.002622,0.000994,0.048144,0.000154,0.000582,6.5e-05,0.001829,0.005368,0.073978,0.007825,0.000181,0.000148,0.003874,0.010871,0.001149,4.4e-05,0.013268,0.000765,0.003278,0.069915,0.008247,0.004278,0.000102,0.004872,0.000767,0.000315,0.008327,0.005389,0.011809,0.009874,0.003256,0.000154,0.00013,0.000252,0.000176,0.007369,0.15658,0.000478,0.001158,0.000926,0.314164,0.001609,0.032065,7e-05,0.000408,0.00037,0.000309,0.002177,0.002272,0.026633,0.000908,0.001864,0.0649,0.315816,0.00388,0.000905,0.009792,0.117127,0.000204,0.008174,0.004141,5.9e-05,0.001245,0.013507,0.001354,0.051887,0.700261,0.000108,0.000206,0.026666,0.008239,0.002189,0.034631,0.066243,0.001995,0.11269,0.000409,0.000167,0.002349,0.009456,0.000693,0.036872,0.003642,0.005328,0.000157,0.013142,0.001227,0.078981,0.073292,0.020029,0.000209,0.000184,0.001582,0.02647,7.8e-05,0.001882,0.001872,0.009517,0.110927,0.00111,0.006857,0.002171,0.000174,0.001087,0.000211,0.032636,0.000761,0.045269,0.000386,0.04956,0.000483,0.00052,0.012737,0.05006,0.058006,0.001339,1.2e-05,0.000217,0.004864,0.022477,0.000141,0.003764,0.632142,7.7e-05,0.12332,8.7e-05,0.000149,0.000522,0.018275,0.000798,0.00283,0.121617,0.1182,0.000482,0.033974,0.006998,0.003697,0.000201,0.000816,0.00012,0.000116,8.8e-05,0.002412,0.000722,0.000109,0.102196,0.000979,0.012452,0.052955,0.000895,0.035662,0.042175,0.021249,0.000136,0.000115,0.069577,0.000382,0.004249,0.00973,0.016343,0.006469,0.001437,0.000417,0.233534,0.066857,0.000171,0.001471,0.000295,0.000443,0.004528,0.000178,0.0012,0.002094,0.000329,0.087794,0.002083,0.004066,0.027876,0.000714,0.00453,0.039535,6.8e-05,4.5e-05,0.000141,0.001776,0.000288,0.325357,0.002864,0.000349,0.000224,0.000186,0.029612,0.010679,0.000877,0.000118,0.001359,0.001415,0.000374,0.058823,0.041533,0.038745,0.006275,0.04821,0.00468,0.020142,0.204954,0.009838,0.012252,0.001071,0.001381,0.009503,0.013487,0.006169,0.202424,0.035425,0.008983,0.000221,0.000716,0.00201,0.079757,0.00194,0.001706,0.000121,0.001225,0.001629,0.017396,0.003013,0.004048,0.015027,0.012977,0.005131,0.027304,0.011465,0.001091,0.147235,0.033586,0.02513,0.010521,0.000713,0.000293,0.002083,0.002268,0.000319,0.001263,0.000241,0.000964,0.097134,0.021786,0.067335,0.000374,0.009605,0.000791,3.8e-05,0.000141,0.000496,0.000354,0.007299,0.005108,0.000249,0.031164,0.019113,6.7e-05,0.0057,0.081369,0.015714,0.03409,0.002966,0.000174,0.019787,0.003616,0.000121,0.035862,0.000136,0.000121,0.000249,4e-05,5.4e-05,0.009818,0.00327
"kilimanjaro/siha/ivaeny",8e-06,0,1e-06,1e-06,0,5.1e-05,0,0,0,2e-06,0,0,5e-06,6.7e-05,0,0,0,0,0,0,0,9.9e-05,0,2e-06,0,1e-06,0,0,0,0,2.4e-05,0,0,0,0,0,5e-06,0,0,1e-06,0,0,1e-06,0,0,0,1e-06,0.001086,1.3e-05,0,0,0,0,0,0,0,1e-06,0,3e-06,7e-06,4e-06,3e-06,1.9e-05,0,0,3.2e-05,6e-06,0,0,2e-06,0,0,3.8e-05,0,0,3e-06,0,0,0,0,0,0,0,0,0,0,0.001607,0,0,9e-06,0,0,0.00027,4.2e-05,0,1e-06,0,0,0.000149,3.5e-05,0,0,3e-06,8e-06,1.1e-05,0.000367,0,0.000104,6.1e-05,2e-06,0.003465,0.000165,0,0,2e-06,1e-06,0.000322,0,0.000416,9e-05,4.7e-05,0.001409,0,1e-06,0,1e-06,1e-06,0.00094,3.3e-05,2e-06,2e-06,2.9e-05,5.1e-05,2.2e-05,0,3.3e-05,2e-06,4.2e-05,0.000145,0.000244,9.5e-05,0,1e-05,2.2e-05,2e-06,2e-05,0,0.000109,0.000119,2.9e-05,1e-06,0,2e-06,0,6e-06,0.000138,3e-06,1e-06,0,0.006954,6e-06,1.2e-05,1e-06,1e-06,0,0,7e-06,4.9e-05,5.3e-05,2e-06,0,1e-05,0.000826,3e-06,0.000294,1e-06,1.2e-05,0,0.000173,1e-06,0,0,7e-06,1.3e-05,0.004087,0.035998,7e-06,1.1e-05,0.001289,0.000717,3.2e-05,0,0,0,1e-06,0,1e-06,0,0.000155,0,0.000355,0,3e-06,1e-06,0.000118,7.4e-05,0.000504,6e-06,2e-06,2e-06,1e-06,0,0.000151,1e-06,0,1e-06,0,0.000759,1.2e-05,6.1e-05,0,1e-06,0,4.5e-05,0.001778,0.000211,0.007299,5e-06,0,0,0,0,2.5e-05,6.1e-05,0,0,4e-06,1.6e-05,1e-06,1e-06,1.6e-05,0.000281,1e-06,0.000227,0,2e-06,8e-06,5e-05,0,2e-06,0.000298,9e-05,0,8.5e-05,0.000113,2e-06,2e-06,3e-06,2e-06,0,0,1e-05,0,0,3e-06,1e-06,0,4.9e-05,0,0,5.5e-05,7.2e-05,0,0,0.000499,3e-06,2e-06,5e-06,0,0,6e-06,0,0.000564,0,0,0,0,5e-06,0,6.2e-05,0,6.1e-05,0,0.000265,2.9e-05,0.000287,0.000256,1e-06,8e-06,1e-06,0,0,2e-06,2e-06,0,5e-06,1e-05,2e-06,1e-06,7e-06,3.9e-05,0,0,1e-06,2e-05,0,0,0.000273,0.000379,3.9e-05,4e-06,9.4e-05,0.000226,0.00023,0.000481,1e-06,2e-06,2e-06,0,1.7e-05,3.6e-05,1e-05,0.000527,7e-06,4e-06,0,1.1e-05,0,0.000413,0,0,2e-06,0,0,1.4e-05,1e-06,1e-06,4.4e-05,1.5e-05,1e-06,0,0.001694,5e-06,0.000371,4e-06,8e-06,1.6e-05,2e-06,2e-06,3.6e-05,0,0,0,0,0,0.000299,3.9e-05,0.00012,0,6.6e-05,1.4e-05,0,0,0,4e-06,1e-05,2e-06,1e-06,0.000209,0,0,0,0.000752,0,0,6e-06,4e-06,0.000462,6.5e-05,2e-06,2e-04,1e-06,0,0,0,0,0,0
"kilimanjaro/mwanga/jipe",0,0,0,0,0,0,0,0,0,0,0,0,0,0,0,0,0,0,0,0,0,0,0,0,0,0,0,0,0,0,0,0,0,0,0,0,0,0,0,0,0,0,0,0,0,0,0,0,0,0,0,0,0,0,0,0,0,0,0,0,0,0,0,0,0,0,0,0,0,0,0,0,0,0,0,0,0,0,0,0,0,0,0,0,0,0,0,0,0,0,0,0,0,0,0,0,0,0,0,0,0,0,0,0,0,0,0,0,0,0,0,0,0,0,0,0,0,0,0,0,0,0,0,0,0,0,0,0,0,0,0,0,0,0,0,0,0,0,0,0,0,0,0,0,0,0,0,0,0,0,0,0,0,0,0,0,0,0,0,0,0,0,0,0,0,0,0,0,0,0,0,0,0,0,0,0,0,0,0,0,0,0,0,0,0,0,0,0,0,0,0,0,0,0,0,0,0,0,0,0,0,0,0,0,0,0,0,0,0,0,0,0,0,0,0,0,0,0,0,0,0,0,0,0,0,0,0,0,0,0,0,0,0,0,0,0,0,0,0,0,0,0,0,0,0,0,0,0,0,0,0,0,0,0,0,0,0,0,0,0,0,0,0,0,0,0,0,0,0,0,0,0,0,0,0,0,0,0,0,0,0,0,0,0,0,0,0,0,0,0,0,0,0,0,0,0,0,0,0,0,0,0,0,0,0,0,0,0,0,0,0,0,0,0,0,0,0,0,0,0,0,0,0,0,0,0,0,0,0,0,0,0,0,0,0,0,0,0,0,0,0,0,0,0,0,0,0,0,0,0,0,0,0,0,0,0,0,0,0,0,0,0,0,0,0,0,0,0,0,0,0,0,0,0,0,0,0,0,0,0,0,0,0,0,0,0,0,0,0,0,0,0,0,0,0,0,0,0
"kilimanjaro/moshi/kahe",0,0,0,0,0,0,0,0,0,0,0,0,0,0,0,0,0,0,0,0,0,0,0,0,0,0,0,0,0,0,0,0,0,0,0,0,0,0,0,0,0,0,0,0,0,0,0,0,0,0,0,0,0,0,0,0,0,0,0,0,0,0,0,0,0,0,0,0,0,0,0,0,0,0,0,0,0,0,0,0,0,0,0,0,0,0,0,0,0,0,0,0,0,0,0,0,0,0,0,0,0,0,0,0,0,0,0,0,0,0,0,0,0,0,0,0,0,0,0,0,0,0,0,0,0,0,0,0,0,0,0,0,0,0,0,0,0,0,0,0,0,0,0,0,0,0,0,0,0,0,0,0,0,0,0,0,0,0,0,0,0,0,0,0,0,0,0,0,0,0,0,0,0,0,0,0,0,0,0,0,0,0,0,0,0,0,0,0,0,0,0,0,0,0,0,0,0,0,0,0,0,0,0,0,0,0,0,0,0,0,0,0,0,0,0,0,0,0,0,0,0,0,0,0,0,0,0,0,0,0,0,0,0,0,0,0,0,0,0,0,0,0,0,0,0,0,0,0,0,0,0,0,0,0,0,0,0,0,0,0,0,0,0,0,0,0,0,0,0,0,0,0,0,0,0,0,0,0,0,0,0,0,0,0,0,0,0,0,0,0,0,0,0,0,0,0,0,0,0,0,0,0,0,0,0,0,0,0,0,0,0,0,0,0,0,0,0,0,0,0,0,0,0,0,0,0,0,0,0,0,0,0,0,0,0,0,0,0,0,0,0,0,0,0,0,0,0,0,0,0,0,0,0,0,0,0,0,0,0,0,0,0,0,0,0,0,0,0,0,0,0,0,0,0,0,0,0,0,0,0,0,0,0,0,0,0,0,0,0,0,0,0,0,0,0,0,0,0
"kilimanjaro/moshi/kahemashariki",0,0,0,0,0,0,0,0,0,0,0,0,0,0,0,0,0,0,0,0,0,0,0,0,0,0,0,0,0,0,0,0,0,0,0,0,0,0,0,0,0,0,0,0,0,0,0,0,0,0,0,0,0,0,0,0,0,0,0,0,0,0,0,0,0,0,0,0,0,0,0,0,0,0,0,0,0,0,0,0,0,0,0,0,0,0,0,0,0,0,0,0,0,0,0,0,0,0,0,0,0,0,0,0,0,0,0,0,0,0,0,0,0,0,0,0,0,0,0,0,0,0,0,0,0,0,0,0,0,0,0,0,0,0,0,0,0,0,0,0,0,0,0,0,0,0,0,0,0,0,0,0,0,0,0,0,0,0,0,0,0,0,0,0,0,0,0,0,0,0,0,0,0,0,0,0,0,0,0,0,0,0,0,0,0,0,0,0,0,0,0,0,0,0,0,0,0,0,0,0,0,0,0,0,0,0,0,0,0,0,0,0,0,0,0,0,0,0,0,0,0,0,0,0,0,0,0,0,0,0,0,0,0,0,0,0,0,0,0,0,0,0,0,0,0,0,0,0,0,0,0,0,0,0,0,0,0,0,0,0,0,0,0,0,0,0,0,0,0,0,0,0,0,0,0,0,0,0,0,0,0,0,0,0,0,0,0,0,0,0,0,0,0,0,0,0,0,0,0,0,0,0,0,0,0,0,0,0,0,0,0,0,0,0,0,0,0,0,0,0,0,0,0,0,0,0,0,0,0,0,0,0,0,0,0,0,0,0,0,0,0,0,0,0,0,0,0,0,0,0,0,0,0,0,0,0,0,0,0,0,0,0,0,0,0,0,0,0,0,0,0,0,0,0,0,0,0,0,0,0,0,0,0,0,0,0,0,0,0,0,0,0,0,0,0,0,0,0
"manyara/mbulu/kainam",0,0,0,0,0,0,0,0,0,0,0,0,0,0,0,0,0,0,0,0,0,0,0,0,0,0,0,0,0,0,0,0,0,0,0,0,0,0,0,0,0,0,0,0,0,0,0,0,0,0,0,0,0,0,0,0,0,0,0,0,0,0,0,0,0,0,0,0,0,0,0,0,0,0,0,0,0,0,0,0,0,0,0,0,0,0,0,0,0,0,0,0,0,0,0,0,0,0,0,0,0,0,0,0,0,0,0,0,0,0,0,0,0,0,0,0,0,0,0,0,0,0,0,0,0,0,0,0,0,0,0,0,0,0,0,0,0,0,0,0,0,0,0,0,0,0,0,0,0,0,0,0,0,0,0,0,0,0,0,0,0,0,0,0,0,0,0,0,0,0,0,0,0,0,0,0,0,0,0,0,0,0,0,0,0,0,0,0,0,0,0,0,0,0,0,0,0,0,0,0,0,0,0,0,0,0,0,0,0,0,0,0,0,0,0,0,0,0,0,0,0,0,0,0,0,0,0,0,0,0,0,0,0,0,0,0,0,0,0,0,0,0,0,0,0,0,0,0,0,0,0,0,0,0,0,0,0,0,0,0,0,0,0,0,0,0,0,0,0,0,0,0,0,0,0,0,0,0,0,0,0,0,0,0,0,0,0,0,0,0,0,0,0,0,0,0,0,0,0,0,0,0,0,0,0,0,0,0,0,0,0,0,0,0,0,0,0,0,0,0,0,0,0,0,0,0,0,0,0,0,0,0,0,0,0,0,0,0,0,0,0,0,0,0,0,0,0,0,0,0,0,0,0,0,0,0,0,0,0,0,0,0,0,0,0,0,0,0,0,0,0,0,0,0,0,0,0,0,0,0,0,0,0,0,0,0,0,0,0,0,0,0,0,0,0,0,0,0
"arusha/ngorongoro/kakesio",0,0,0,0,0,0,0,0,0,0,0,0,0,0,0,0,0,0,0,0,0,0,0,0,0,0,0,0,0,0,0,0,0,0,0,0,0,0,0,0,0,0,0,0,0,0,0,0,0,0,0,0,0,0,0,0,0,0,0,0,0,0,0,0,0,0,0,0,0,0,0,0,0,0,0,0,0,0,0,0,0,0,0,0,0,0,0,0,0,0,0,0,0,0,0,0,0,0,0,0,0,0,0,0,0,0,0,0,0,0,0,0,0,0,0,0,0,0,0,0,0,0,0,0,0,0,0,0,0,0,0,0,0,0,0,0,0,0,0,0,0,0,0,0,0,0,0,0,0,0,0,0,0,0,0,0,0,0,0,0,0,0,0,0,0,0,0,0,0,0,0,0,0,0,0,0,0,0,0,0,0,0,0,0,0,0,0,0,0,0,0,0,0,0,0,0,0,0,0,0,0,0,0,0,0,0,0,0,0,0,0,0,0,0,0,0,0,0,0,0,0,0,0,0,0,0,0,0,0,0,0,0,0,0,0,0,0,0,0,0,0,0,0,0,0,0,0,0,0,0,0,0,0,0,0,0,0,0,0,0,0,0,0,0,0,0,0,0,0,0,0,0,0,0,0,0,0,0,0,0,0,0,0,0,0,0,0,0,0,0,0,0,0,0,0,0,0,0,0,0,0,0,0,0,0,0,0,0,0,0,0,0,0,0,0,0,0,0,0,0,0,0,0,0,0,0,0,0,0,0,0,0,0,0,0,0,0,0,0,0,0,0,0,0,0,0,0,0,0,0,0,0,0,0,0,0,0,0,0,0,0,0,0,0,0,0,0,0,0,0,0,0,0,0,0,0,0,0,0,0,0,0,0,0,0,0,0,0,0,0,0,0,0,0,0,0,0,0
"kilimanjaro/same/kalemawe",0,0,0,0,0,0,0,0,0,0,0,0,0,0,0,0,0,0,0,0,0,0,0,0,0,0,0,0,0,0,0,0,0,0,0,0,0,0,0,0,0,0,0,0,0,0,0,0,0,0,0,0,0,0,0,0,0,0,0,0,0,0,0,0,0,0,0,0,0,0,0,0,0,0,0,0,0,0,0,0,0,0,0,0,0,0,0,0,0,0,0,0,0,0,0,0,0,0,0,0,0,0,0,0,0,0,0,0,0,0,0,0,0,0,0,0,0,0,0,0,0,0,0,0,0,0,0,0,0,0,0,0,0,0,0,0,0,0,0,0,0,0,0,0,0,0,0,0,0,0,0,0,0,0,0,0,0,0,0,0,0,0,0,0,0,0,0,0,0,0,0,0,0,0,0,0,0,0,0,0,0,0,0,0,0,0,0,0,0,0,0,0,0,0,0,0,0,0,0,0,0,0,0,0,0,0,0,0,0,0,0,0,0,0,0,0,0,0,0,0,0,0,0,0,0,0,0,0,0,0,0,0,0,0,0,0,0,0,0,0,0,0,0,0,0,0,0,0,0,0,0,0,0,0,0,0,0,0,0,0,0,0,0,0,0,0,0,0,0,0,0,0,0,0,0,0,0,0,0,0,0,0,0,0,0,0,0,0,0,0,0,0,0,0,0,0,0,0,0,0,0,0,0,0,0,0,0,0,0,0,0,0,0,0,0,0,0,0,0,0,0,0,0,0,0,0,0,0,0,0,0,0,0,0,0,0,0,0,0,0,0,0,0,0,0,0,0,0,0,0,0,0,0,0,0,0,0,0,0,0,0,0,0,0,0,0,0,0,0,0,0,0,0,0,0,0,0,0,0,0,0,0,0,0,0,0,0,0,0,0,0,0,0,0,0,0,0,0
"arusha/arushaurban/kaloleni",0,0,0,0,0,0,0,0,0,0,0,0,0,0,0,0,0,0,0,0,0,0,0,0,0,0,0,0,0,0,0,0,0,0,0,0,0,0,0,0,0,0,0,0,0,0,0,0,0,0,0,0,0,0,0,0,0,0,0,0,0,0,0,0,0,0,0,0,0,0,0,0,0,0,0,0,0,0,0,0,0,0,0,0,0,0,0,0,0,0,0,0,0,0,0,0,0,0,0,0,0,0,0,0,0,0,0,0,0,0,0,0,0,0,0,0,0,0,0,0,0,0,0,0,0,0,0,0,0,0,0,0,0,0,0,0,0,0,0,0,0,0,0,0,0,0,0,0,0,0,0,0,0,0,0,0,0,0,0,0,0,0,0,0,0,0,0,0,0,0,0,0,0,0,0,0,0,0,0,0,0,0,0,0,0,0,0,0,0,0,0,0,0,0,0,0,0,0,0,0,0,0,0,0,0,0,0,0,0,0,0,0,0,0,0,0,0,0,0,0,0,0,0,0,0,0,0,0,0,0,0,0,0,0,0,0,0,0,0,0,0,0,0,0,0,0,0,0,0,0,0,0,0,0,0,0,0,0,0,0,0,0,0,0,0,0,0,0,0,0,0,0,0,0,0,0,0,0,0,0,0,0,0,0,0,0,0,0,0,0,0,0,0,0,0,0,0,0,0,0,0,0,0,0,0,0,0,0,0,0,0,0,0,0,0,0,0,0,0,0,0,0,0,0,0,0,0,0,0,0,0,0,0,0,0,0,0,0,0,0,0,0,0,0,0,0,0,0,0,0,0,0,0,0,0,0,0,0,0,0,0,0,0,0,0,0,0,0,0,0,0,0,0,0,0,0,0,0,0,0,0,0,0,0,0,0,0,0,0,0,0,0,0,0,0,0,0,0
"kilimanjaro/moshimunicipal/kaloleni",0,0,0,0,0,0,0,0,0,0,0,0,0,0,0,0,0,0,0,0,0,0,0,0,0,0,0,0,0,0,0,0,0,0,0,0,0,0,0,0,0,0,0,0,0,0,0,0,0,0,0,0,0,0,0,0,0,0,0,0,0,0,0,0,0,0,0,0,0,0,0,0,0,0,0,0,0,0,0,0,0,0,0,0,0,0,0,0,0,0,0,0,0,0,0,0,0,0,0,0,0,0,0,0,0,0,0,0,0,0,0,0,0,0,0,0,0,0,0,0,0,0,0,0,0,0,0,0,0,0,0,0,0,0,0,0,0,0,0,0,0,0,0,0,0,0,0,0,0,0,0,0,0,0,0,0,0,0,0,0,0,0,0,0,0,0,0,0,0,0,0,0,0,0,0,0,0,0,0,0,0,0,0,0,0,0,0,0,0,0,0,0,0,0,0,0,0,0,0,0,0,0,0,0,0,0,0,0,0,0,0,0,0,0,0,0,0,0,0,0,0,0,0,0,0,0,0,0,0,0,0,0,0,0,0,0,0,0,0,0,0,0,0,0,0,0,0,0,0,0,0,0,0,0,0,0,0,0,0,0,0,0,0,0,0,0,0,0,0,0,0,0,0,0,0,0,0,0,0,0,0,0,0,0,0,0,0,0,0,0,0,0,0,0,0,0,0,0,0,0,0,0,0,0,0,0,0,0,0,0,0,0,0,0,0,0,0,0,0,0,0,0,0,0,0,0,0,0,0,0,0,0,0,0,0,0,0,0,0,0,0,0,0,0,0,0,0,0,0,0,0,0,0,0,0,0,0,0,0,0,0,0,0,0,0,0,0,0,0,0,0,0,0,0,0,0,0,0,0,0,0,0,0,0,0,0,0,0,0,0,0,0,0,0,0,0,0,0
"arusha/longido/kamwanga",0,0,0,0,0,0,0,0,0,0,0,0,0,0,0,0,0,0,0,0,0,0,0,0,0,0,0,0,0,0,0,0,0,0,0,0,0,0,0,0,0,0,0,0,0,0,0,0,0,0,0,0,0,0,0,0,0,0,0,0,0,0,0,0,0,0,0,0,0,0,0,0,0,0,0,0,0,0,0,0,0,0,0,0,0,0,0,0,0,0,0,0,0,0,0,0,0,0,0,0,0,0,0,0,0,0,0,0,0,0,0,0,0,0,0,0,0,0,0,0,0,0,0,0,0,0,0,0,0,0,0,0,0,0,0,0,0,0,0,0,0,0,0,0,0,0,0,0,0,0,0,0,0,0,0,0,0,0,0,0,0,0,0,0,0,0,0,0,0,0,0,0,0,0,0,0,0,0,0,0,0,0,0,0,0,0,0,0,0,0,0,0,0,0,0,0,0,0,0,0,0,0,0,0,0,0,0,0,0,0,0,0,0,0,0,0,0,0,0,0,0,0,0,0,0,0,0,0,0,0,0,0,0,0,0,0,0,0,0,0,0,0,0,0,0,0,0,0,0,0,0,0,0,0,0,0,0,0,0,0,0,0,0,0,0,0,0,0,0,0,0,0,0,0,0,0,0,0,0,0,0,0,0,0,0,0,0,0,0,0,0,0,0,0,0,0,0,0,0,0,0,0,0,0,0,0,0,0,0,0,0,0,0,0,0,0,0,0,0,0,0,0,0,0,0,0,0,0,0,0,0,0,0,0,0,0,0,0,0,0,0,0,0,0,0,0,0,0,0,0,0,0,0,0,0,0,0,0,0,0,0,0,0,0,0,0,0,0,0,0,0,0,0,0,0,0,0,0,0,0,0,0,0,0,0,0,0,0,0,0,0,0,0,0,0,0,0,0
"arusha/karatu/kansay",1e-05,1.3e-05,1e-06,3.4e-05,4e-06,3.4e-05,8e-06,1.4e-05,2e-06,0.000575,1e-05,1e-06,8e-06,0.000122,0.000329,7.2e-05,9e-06,1.4e-05,2e-06,6e-06,1e-06,5e-06,1e-06,1e-06,1e-06,0,3e-06,7.9e-05,0,1e-06,5.7e-05,1e-06,0,0,0.000149,4e-06,1.2e-05,0.000122,0.00022,3.3e-05,7e-06,1e-06,2.6e-05,0.000164,5e-06,2e-06,9e-06,0.003112,0.000432,0.000189,1.7e-05,3.1e-05,4.2e-05,6e-06,5.4e-05,1e-06,1e-06,3e-06,2.3e-05,0.002587,2.5e-05,0.000153,5.9e-05,3e-06,0,8.2e-05,5.8e-05,4e-06,0.000126,0.000173,1.7e-05,0,2e-06,0.000468,4e-06,5.6e-05,1.2e-05,1e-06,1e-06,2e-06,1e-06,5e-06,4e-06,1e-06,4e-06,2e-05,0.000278,2e-06,6.6e-05,7e-05,1e-06,1e-06,0.000225,6.2e-05,5e-06,0.001751,1.8e-05,0,0.000107,2.6e-05,1.4e-05,8e-06,1.9e-05,1.9e-05,4e-06,0.000158,0,2.4e-05,1.2e-05,0.002172,1.2e-05,7e-05,2.5e-05,0,1e-06,1e-06,1e-04,1e-06,0.000128,1.2e-05,5e-06,0.000233,1e-06,3e-06,0,8e-06,2e-05,0.000377,3.8e-05,1e-06,1e-06,1.8e-05,4.9e-05,5e-06,0,6.8e-05,4e-06,1.5e-05,0.000393,3.9e-05,2.1e-05,0,2.5e-05,4e-06,1e-06,3.7e-05,8e-06,5.4e-05,4.6e-05,1.5e-05,1e-06,1e-06,1e-06,1e-06,3.2e-05,0.000944,2e-06,7e-06,4e-06,0.001892,7e-06,0.000134,0,2e-06,1e-06,1e-06,1e-05,1.1e-05,0.000136,4e-06,7e-06,0.000422,0.002112,1.6e-05,4e-06,3.4e-05,0.000558,1e-06,3.8e-05,1.6e-05,0,8e-06,5.6e-05,6e-06,0.000255,0.007388,1e-06,1e-06,0.000128,3.9e-05,1e-05,4.8e-05,0.000366,4e-06,0.000326,2e-06,1e-06,4e-06,4.4e-05,6e-06,0.000185,1.2e-05,2.2e-05,1e-06,6.1e-05,6e-06,0.000378,0.000465,0.000143,1e-06,1e-06,5e-06,0.000122,0,1.6e-05,8e-06,9.5e-05,0.000553,5e-06,3.1e-05,4e-06,1e-06,2e-06,1e-06,0.000158,4e-06,0.000223,2e-06,0.000228,1e-06,1e-06,1.5e-05,0.000297,0.000309,5e-06,0,1e-06,2.3e-05,0.000193,1e-06,1.7e-05,0.006379,0,0.000583,0,1e-06,2e-06,9.1e-05,2e-06,1.4e-05,0.000684,0.000759,3e-06,0.000174,3.3e-05,1.5e-05,1e-06,4e-06,1e-06,0,0,1.1e-05,4e-06,0,0.00101,6e-06,1.1e-05,0.000299,2e-06,0.000118,0.000237,9.5e-05,1e-06,0,0.000332,2e-06,1.8e-05,3.9e-05,1.9e-05,5.6e-05,6e-06,3e-06,0.001487,4.2e-05,1e-06,3e-06,1e-06,2e-06,7e-06,1e-06,4e-06,1e-05,1e-06,0.000451,1e-05,2e-05,0.000145,4e-06,1.9e-05,0.000422,0,0,1e-06,8e-06,1e-06,0.001932,1.4e-05,2e-06,1e-06,1e-06,0.000156,8.6e-05,3e-06,1e-06,6e-06,1.9e-05,2e-06,0.000324,0.000198,0.000191,2.9e-05,0.000268,2.2e-05,0.000101,0.001263,5.6e-05,7.2e-05,5e-06,7e-06,5e-05,7e-05,3.3e-05,0.001298,0.000204,3.6e-05,1e-06,3e-06,1.3e-05,0.00042,5e-06,2.5e-05,1e-06,1.3e-05,3e-06,7.3e-05,1.2e-05,2.5e-05,8e-05,5.5e-05,3e-05,1.2e-05,5.6e-05,5e-06,0.00084,0.000243,0.000144,4.7e-05,3e-06,1e-06,1e-05,4e-06,1e-06,3e-06,1e-06,5e-06,0.000531,0.000112,0.000362,1e-06,4.9e-05,4e-06,0,1e-06,2e-06,2e-06,3.6e-05,2.2e-05,1e-06,0.000164,1e-05,0,7e-06,4e-04,3e-05,1.6e-05,1.5e-05,1e-06,9.3e-05,1.7e-05,1e-06,0.00018,1e-06,1e-06,1e-06,0,0,9e-06,8e-06
"kilimanjaro/moshimunicipal/karanga",0,0,0,0,0,0,0,0,0,0,0,0,0,0,0,0,0,0,0,0,0,0,0,0,0,0,0,0,0,0,0,0,0,0,0,0,0,0,0,0,0,0,0,0,0,0,0,0,0,0,0,0,0,0,0,0,0,0,0,0,0,0,0,0,0,0,0,0,0,0,0,0,0,0,0,0,0,0,0,0,0,0,0,0,0,0,0,0,0,0,0,0,0,0,0,0,0,0,0,0,0,0,0,0,0,0,0,0,0,0,0,0,0,0,0,0,0,0,0,0,0,0,0,0,0,0,0,0,0,0,0,0,0,0,0,0,0,0,0,0,0,0,0,0,0,0,0,0,0,0,0,0,0,0,0,0,0,0,0,0,0,0,0,0,0,0,0,0,0,0,0,0,0,0,0,0,0,0,0,0,0,0,0,0,0,0,0,0,0,0,0,0,0,0,0,0,0,0,0,0,0,0,0,0,0,0,0,0,0,0,0,0,0,0,0,0,0,0,0,0,0,0,0,0,0,0,0,0,0,0,0,0,0,0,0,0,0,0,0,0,0,0,0,0,0,0,0,0,0,0,0,0,0,0,0,0,0,0,0,0,0,0,0,0,0,0,0,0,0,0,0,0,0,0,0,0,0,0,0,0,0,0,0,0,0,0,0,0,0,0,0,0,0,0,0,0,0,0,0,0,0,0,0,0,0,0,0,0,0,0,0,0,0,0,0,0,0,0,0,0,0,0,0,0,0,0,0,0,0,0,0,0,0,0,0,0,0,0,0,0,0,0,0,0,0,0,0,0,0,0,0,0,0,0,0,0,0,0,0,0,0,0,0,0,0,0,0,0,0,0,0,0,0,0,0,0,0,0,0,0,0,0,0,0,0,0,0,0,0,0,0,0,0,0,0,0,0,0
"kilimanjaro/siha/karansi",0,0,0,0,0,0,0,0,0,0,0,0,0,0,0,0,0,0,0,0,0,0,0,0,0,0,0,0,0,0,0,0,0,0,0,0,0,0,0,0,0,0,0,0,0,0,0,0,0,0,0,0,0,0,0,0,0,0,0,0,0,0,0,0,0,0,0,0,0,0,0,0,0,0,0,0,0,0,0,0,0,0,0,0,0,0,0,0,0,0,0,0,0,0,0,0,0,0,0,0,0,0,0,0,0,0,0,0,0,0,0,0,0,0,0,0,0,0,0,0,0,0,0,0,0,0,0,0,0,0,0,0,0,0,0,0,0,0,0,0,0,0,0,0,0,0,0,0,0,0,0,0,0,0,0,0,0,0,0,0,0,0,0,0,0,0,0,0,0,0,0,0,0,0,0,0,0,0,0,0,0,0,0,0,0,0,0,0,0,0,0,0,0,0,0,0,0,0,0,0,0,0,0,0,0,0,0,0,0,0,0,0,0,0,0,0,0,0,0,0,0,0,0,0,0,0,0,0,0,0,0,0,0,0,0,0,0,0,0,0,0,0,0,0,0,0,0,0,0,0,0,0,0,0,0,0,0,0,0,0,0,0,0,0,0,0,0,0,0,0,0,0,0,0,0,0,0,0,0,0,0,0,0,0,0,0,0,0,0,0,0,0,0,0,0,0,0,0,0,0,0,0,0,0,0,0,0,0,0,0,0,0,0,0,0,0,0,0,0,0,0,0,0,0,0,0,0,0,0,0,0,0,0,0,0,0,0,0,0,0,0,0,0,0,0,0,0,0,0,0,0,0,0,0,0,0,0,0,0,0,0,0,0,0,0,0,0,0,0,0,0,0,0,0,0,0,0,0,0,0,0,0,0,0,0,0,0,0,0,0,0,0,0,0,0,0,0,0
"arusha/karatu/karatu",0.001802,0.004391,0.000118,0.009653,0.000182,0.004889,0.000203,0.000315,9.7e-05,0.032183,0.000524,5.5e-05,0.001474,0.02168,0.013935,0.001142,0.000435,0.000932,0.000138,0.000435,7.5e-05,0.001151,8.3e-05,0.000103,6.4e-05,3.2e-05,0.000183,0.00212,1.4e-05,9.3e-05,0.005925,9.5e-05,3.7e-05,5.9e-05,0.029915,0.000301,0.002267,0.008126,0.003454,0.006376,0.000251,5.4e-05,0.003917,0.008691,0.000642,0.000121,0.002443,0.405251,0.049375,0.008878,0.000539,0.00316,0.019484,0.000255,0.004277,5.6e-05,0.00019,0.000248,0.002711,0.360066,0.007268,0.069942,0.01263,0.000286,5e-06,0.014312,0.012537,0.000171,0.03896,0.019553,0.028524,1.3e-05,0.000274,0.010729,0.000318,0.018849,0.003365,5.3e-05,6.4e-05,0.000107,3.3e-05,0.00043,0.000167,6.5e-05,0.000226,0.000495,0.042323,0.000117,0.004767,0.012029,3.9e-05,0.000114,0.031148,0.011692,0.001433,0.033748,0.002881,3.6e-05,0.015167,0.003715,0.000396,0.000618,0.002331,0.00356,0.000523,0.024835,0.002151,0.003551,0.002066,0,0.002005,0.010364,0.002061,8.6e-05,0.000153,0.000109,0.015564,6.2e-05,0.018823,0.001903,0.001031,0.034887,9.2e-05,0.000345,3.8e-05,0.000932,0.003104,0.083589,0.006211,0.000122,9.9e-05,0.003581,0.00682,8e-04,2.5e-05,0.012247,0.000758,0.002225,0.072394,0.005903,0.003411,5.2e-05,0.004722,0.000547,0.000212,0.004909,0.00047,0.007829,0.006692,0.002155,0.000105,7.5e-05,0.000166,9.5e-05,0.00399,0.165667,0.000456,0.002491,0.000405,0.234776,0.000988,0.023822,4.9e-05,0.000235,7.5e-05,5.3e-05,0.001325,0.001953,0.024139,0.000532,0.001079,0.139491,0.30373,0.001995,0.000725,0.005012,0.09901,0.000221,0.005737,0.001744,3.1e-05,0.001448,0.006748,0.000901,0.0391,0.46806,8.3e-05,0.000154,0.019616,0.006181,0.001516,0.002016,0.020332,0.000273,0.030779,0.000155,0.000108,0.000226,0.006531,0.005348,0.030991,0.001248,0.003856,0.000117,0.008832,0.001004,0.051696,0.134235,0.033002,0.000139,0.000121,0.000522,0.017141,5.1e-05,0.000655,0.000983,0.00076,0.075636,0.000748,0.004556,0.000254,0.000136,9.9e-05,0.000162,0.02462,0.000591,0.034829,0.00027,0.003636,5.6e-05,5.4e-05,0.000536,0.060278,0.054729,0.000456,9e-06,0.00015,0.00508,0.149491,9.2e-05,0.002647,0.468856,5.3e-05,0.100836,4.6e-05,0.000102,0.000358,0.015524,0.000102,0.002414,0.116673,0.215834,6e-04,0.03018,0.005184,0.001907,0.000134,0.000493,8.2e-05,6.1e-05,4.6e-05,0.002154,0.000581,5.7e-05,0.548322,0.001279,0.000391,0.059016,0.00011,0.009036,0.047674,0.012966,8.2e-05,6.1e-05,0.046032,0.000252,0.002182,0.006833,0.000594,0.029646,0.000938,0.001095,0.232386,0.001223,9.1e-05,0.00027,3.8e-05,0.000308,0.000312,0.000144,0.000448,0.001746,0.000169,0.071224,0.00142,0.003381,0.037012,0.000682,0.002585,0.114669,4.4e-05,2.7e-05,9.7e-05,0.000982,0.000101,0.220407,0.0026,0.000305,0.000204,0.000136,0.040246,0.028359,0.000282,7.9e-05,0.000931,0.007371,0.000607,0.084411,0.028497,0.043725,0.004325,0.052475,0.003631,0.017063,0.275638,0.014022,0.018746,0.000978,0.001194,0.00949,0.012861,0.00648,0.294283,0.036091,0.005938,0.000115,0.000491,0.002935,0.07007,0.000434,0.027385,8.4e-05,0.024041,0.00023,0.009111,0.001444,0.005192,0.015317,0.007086,0.005923,0.000275,0.009413,0.000967,0.139125,0.113742,0.03056,0.00932,0.000426,0.000193,0.001446,0.000198,6.2e-05,0.000151,3.6e-05,0.000898,0.091182,0.028171,0.063964,0.000139,0.008718,0.000549,2e-05,7.2e-05,0.000282,0.00025,0.006265,0.004088,0.000229,0.041621,0.000271,3.8e-05,0.000242,0.056756,0.00142,3e-04,0.002799,0.000123,0.013992,0.002515,8.4e-05,0.030219,9.3e-05,6.4e-05,0.000131,2.2e-05,2.7e-05,0.000306,0.000278
"kilimanjaro/siha/kashisha",7e-06,0,1e-06,1e-06,0,5.4e-05,0,0,0,2e-06,0,0,5e-06,6.3e-05,0,0,0,0,0,0,0,7.8e-05,0,2e-06,0,1e-06,0,0,0,0,2.3e-05,0,0,0,0,0,5e-06,0,0,1e-06,0,0,1e-06,0,0,0,1e-06,0.001036,1.3e-05,0,0,0,0,0,0,0,1e-06,0,3e-06,7e-06,4e-06,3e-06,1.8e-05,0,0,3.1e-05,6e-06,0,0,2e-06,0,0,3.1e-05,0,0,3e-06,0,0,0,0,0,0,0,0,0,0,0.00165,0,0,9e-06,0,0,0.000292,3.9e-05,0,1e-06,0.004929,0,0.000159,3.7e-05,0,0,3e-06,8e-06,1.2e-05,0.000389,0,0.000115,5.3e-05,2e-06,0,0.000182,0,0,2e-06,1e-06,0.000322,0,0.000461,0.000106,5.7e-05,0.001642,0,2e-06,0,1e-06,1e-06,0.000881,3.2e-05,2e-06,2e-06,3.2e-05,5.5e-05,2.4e-05,0,3.2e-05,2e-06,4.7e-05,0.000144,0.000277,8.8e-05,0,9e-06,2.5e-05,2e-06,2.1e-05,0,0.000118,0.000132,3.2e-05,2e-06,0,2e-06,0,7e-06,0.000132,4e-06,1e-06,0,0.007671,6e-06,1.2e-05,1e-06,1e-06,0,0,8e-06,4.3e-05,5e-05,2e-06,0,1e-05,0.000787,3e-06,0.000287,1e-06,1.2e-05,0,0.000194,1e-06,0,0,7e-06,1.4e-05,0.005189,0.039196,8e-06,1.3e-05,0.001504,0.000879,3.4e-05,0,0,0,1e-06,0,1e-06,0,0.000171,0,0.00033,0,3e-06,1e-06,0.000129,6.2e-05,0.000545,5e-06,2e-06,2e-06,2e-06,0,0.000164,1e-06,0,1e-06,0,0.000826,1.3e-05,6.7e-05,0,1e-06,0,6e-05,0.001875,0.000233,0.010481,6e-06,0,0,0,0,2.5e-05,5.9e-05,0,0,4e-06,1.5e-05,1e-06,1e-06,1.5e-05,0.000274,1e-06,0.000237,0,3e-06,9e-06,4.8e-05,0,2e-06,0.000283,8.7e-05,0,8.1e-05,0.000125,2e-06,2e-06,3e-06,2e-06,0,0,1e-05,0,0,3e-06,1e-06,0,4.7e-05,0,0,5.2e-05,7.6e-05,0,0,0.000542,3e-06,3e-06,5e-06,0,0,6e-06,0,0.00056,0,0,0,0,5e-06,0,4e-05,0,6.1e-05,0,0.000255,3.2e-05,0.00027,0.000235,1e-06,8e-06,1e-06,0,0,2e-06,2e-06,0,5e-06,9e-06,2e-06,1e-06,9e-06,3.8e-05,0,0,1e-06,2.2e-05,0,0,0.000256,0.000417,3.8e-05,4e-06,9e-05,0.000214,0.000233,0.000457,1e-06,2e-06,2e-06,0,1.6e-05,3.4e-05,9e-06,0.000513,7e-06,4e-06,0,1.2e-05,0,0.000388,0,0,2e-06,0,0,1.5e-05,1e-06,1e-06,4.2e-05,1.5e-05,1e-06,0,0.001258,5e-06,0.000352,4e-06,7e-06,1.6e-05,2e-06,2e-06,4e-05,0,0,0,0,0,0.000282,3.7e-05,0.000114,0,6.1e-05,1.5e-05,0,0,0,5e-06,1e-05,2e-06,1e-06,0.000204,0,0,0,0.000825,0,0,5e-06,4e-06,0.000524,7.4e-05,3e-06,0.000189,2e-06,0,0,0,0,0,0
"kilimanjaro/rombo/katangaramrere",0,0,0,0,0,0,0,0,0,0,0,0,0,0,0,0,0,0,0,0,0,0,0,0,0,0,0,0,0,0,0,0,0,0,0,0,0,0,0,0,0,0,0,0,0,0,0,0,0,0,0,0,0,0,0,0,0,0,0,0,0,0,0,0,0,0,0,0,0,0,0,0,0,0,0,0,0,0,0,0,0,0,0,0,0,0,0,0,0,0,0,0,0,0,0,0,0,0,0,0,0,0,0,0,0,0,0,0,0,0,0,0,0,0,0,0,0,0,0,0,0,0,0,0,0,0,0,0,0,0,0,0,0,0,0,0,0,0,0,0,0,0,0,0,0,0,0,0,0,0,0,0,0,0,0,0,0,0,0,0,0,0,0,0,0,0,0,0,0,0,0,0,0,0,0,0,0,0,0,0,0,0,0,0,0,0,0,0,0,0,0,0,0,0,0,0,0,0,0,0,0,0,0,0,0,0,0,0,0,0,0,0,0,0,0,0,0,0,0,0,0,0,0,0,0,0,0,0,0,0,0,0,0,0,0,0,0,0,0,0,0,0,0,0,0,0,0,0,0,0,0,0,0,0,0,0,0,0,0,0,0,0,0,0,0,0,0,0,0,0,0,0,0,0,0,0,0,0,0,0,0,0,0,0,0,0,0,0,0,0,0,0,0,0,0,0,0,0,0,0,0,0,0,0,0,0,0,0,0,0,0,0,0,0,0,0,0,0,0,0,0,0,0,0,0,0,0,0,0,0,0,0,0,0,0,0,0,0,0,0,0,0,0,0,0,0,0,0,0,0,0,0,0,0,0,0,0,0,0,0,0,0,0,0,0,0,0,0,0,0,0,0,0,0,0,0,0,0,0,0,0,0,0,0,0,0,0,0,0,0,0,0,0,0,0,0,0,0
"manyara/hanang/katesh",0.00114,0.00047,0.000146,0.003548,0.002346,0.005925,0.000261,0.000291,0.002118,0.197666,0.005629,0.01588,0.000847,0.012859,0.018333,0.00077,0.001754,0.026412,0.004902,0.022097,0.000164,0.000925,0.001967,0.000115,0.000128,3.6e-05,0.002661,0.000341,7.9e-05,0.000192,0.004574,0.00062,7.3e-05,9.1e-05,0.001557,0.019139,0.00125,0.151368,0.001689,0.003217,0.001738,0.016251,0.016747,0.064854,0.003916,0.00327,0.000532,0.247484,0.060996,0.000613,0.000731,0.000393,0.000335,0.001946,0.304509,0.006076,0.000182,0.000776,0.006137,0.122604,0.003647,0.009643,0.005243,0.001555,3e-06,0.008599,0.00414,0.000786,0.002849,0.075634,0.000204,0.050134,0.000217,0.006573,0.043349,0.006268,0.000714,0.010838,0.001802,0.001833,0.002767,0.01755,0.001884,0.00808,0.041041,0.000455,0.040583,0.002603,0.057632,0.025767,0.007687,0.002301,0.040646,0.006327,0.000296,0.035265,0.002482,5.4e-05,0.019108,0.0048,0.000559,0.000346,0.004818,0.001921,0.00059,0.023584,0.000401,0.003821,0.001452,0.032582,0.001754,0.011944,0,4.7e-05,0.000182,0.000136,0.014779,0.00035,0.021236,0.001955,0.001035,0.036546,0.000136,0.000519,5.9e-05,0.001985,0.011735,0.066526,0.004736,0.000143,0.000119,0.004471,0.009174,0.000873,4e-05,0.007015,0.000386,0.002572,0.042947,0.006138,0.002778,0.00011,0.002457,0.000574,0.000256,0.007484,0.002392,0.009474,0.007816,0.002623,0.000123,0.000116,0.000208,0.000174,0.007436,0.072891,0.000549,0.000731,0.001184,0.254334,0.001387,0.032372,5.4e-05,0.000374,0.005128,0.006661,0.001849,0.001403,0.013979,0.000808,0.004137,0.027759,0.182217,0.003873,0.000618,0.014902,0.069518,0.000117,0.006194,0.005967,6.3e-05,0.000647,0.014885,0.001063,0.037875,0.480054,7.8e-05,0.00015,0.019535,0.0059,0.001647,0.020905,0.00621,0.003109,0.056144,0.000771,0.000139,0.001131,0.007273,0.000121,0.022604,0.005704,0.007978,0.000104,0.010614,0.000799,0.066224,0.027388,0.00756,0.000169,0.00015,0.001279,0.022203,6.4e-05,0.000222,0.00196,0.000254,0.092383,0.000885,0.005544,0.003503,0.000109,0.003472,0.000148,0.023122,0.000526,0.032372,0.000285,0.002193,0.012738,0.002894,0.00104,0.02812,0.028161,0.00317,9e-06,0.000168,0.004363,0.006958,0.000116,0.002561,0.251294,5.9e-05,0.157556,8.8e-05,0.000115,0.000402,0.010236,0.101837,0.001341,0.065212,0.070898,0.000193,0.018459,0.005242,0.003925,0.000163,0.000712,9.3e-05,0.000117,9e-05,0.002737,0.000167,0.000115,0.025379,0.000503,0.001315,0.023616,0.000548,0.00872,0.019528,0.018335,0.00012,0.000118,0.057824,0.000312,0.004553,0.012658,0.000681,0.001484,0.001077,0.000127,0.155689,0.002404,0.000444,0.002202,0.021592,0.000347,0.00582,0.00012,0.00196,0.001417,0.000351,0.052518,0.001619,0.00272,0.02277,0.000361,0.004,0.007254,5.7e-05,4.1e-05,0.000108,0.001691,0.000576,0.097133,0.001562,0.000203,0.000123,0.000138,0.020394,0.004174,0.002133,9.2e-05,0.00106,0.000189,0.000298,0.045265,0.033459,0.028947,0.003522,0.023723,0.003171,0.013759,0.150753,0.008088,0.009767,0.000563,0.000897,0.004681,0.007057,0.002945,0.164881,0.021414,0.013918,0.000591,0.000549,0.000954,0.046678,0.002432,0.000207,9.2e-05,0.000188,0.00421,0.01755,0.003515,0.002051,0.007759,0.012617,0.00281,0.000288,0.007581,0.000613,0.080398,0.012779,0.009071,0.010672,0.000628,0.00024,0.001579,0.0018,0.007367,0.001606,0.003375,0.000595,0.053208,0.015839,0.034592,0.000744,0.005498,0.000601,3.8e-05,0.000149,0.001153,0.000275,0.003802,0.004343,0.00013,0.027506,0.000576,6.3e-05,0.001576,0.065715,0.055167,0.000246,0.00151,0.000133,0.01503,0.002787,9.3e-05,0.02133,0.000109,0.000124,0.000258,3.9e-05,5.9e-05,0.001233,0.000651
"arusha/arushaurban/kati",0,0,0,0,0,0,0,0,0,0,0,0,0,0,0,0,0,0,0,0,0,0,0,0,0,0,0,0,0,0,0,0,0,0,0,0,0,0,0,0,0,0,0,0,0,0,0,0,0,0,0,0,0,0,0,0,0,0,0,0,0,0,0,0,0,0,0,0,0,0,0,0,0,0,0,0,0,0,0,0,0,0,0,0,0,0,0,0,0,0,0,0,0,0,0,0,0,0,0,0,0,0,0,0,0,0,0,0,0,0,0,0,0,0,0,0,0,0,0,0,0,0,0,0,0,0,0,0,0,0,0,0,0,0,0,0,0,0,0,0,0,0,0,0,0,0,0,0,0,0,0,0,0,0,0,0,0,0,0,0,0,0,0,0,0,0,0,0,0,0,0,0,0,0,0,0,0,0,0,0,0,0,0,0,0,0,0,0,0,0,0,0,0,0,0,0,0,0,0,0,0,0,0,0,0,0,0,0,0,0,0,0,0,0,0,0,0,0,0,0,0,0,0,0,0,0,0,0,0,0,0,0,0,0,0,0,0,0,0,0,0,0,0,0,0,0,0,0,0,0,0,0,0,0,0,0,0,0,0,0,0,0,0,0,0,0,0,0,0,0,0,0,0,0,0,0,0,0,0,0,0,0,0,0,0,0,0,0,0,0,0,0,0,0,0,0,0,0,0,0,0,0,0,0,0,0,0,0,0,0,0,0,0,0,0,0,0,0,0,0,0,0,0,0,0,0,0,0,0,0,0,0,0,0,0,0,0,0,0,0,0,0,0,0,0,0,0,0,0,0,0,0,0,0,0,0,0,0,0,0,0,0,0,0,0,0,0,0,0,0,0,0,0,0,0,0,0,0,0,0,0,0,0,0,0,0,0,0,0,0,0,0,0,0,0,0,0,0
"kilimanjaro/rombo/kelamfuamokala",0,0,0,0,0,0,0,0,0,0,0,0,0,0,0,0,0,0,0,0,0,0,0,0,0,0,0,0,0,0,0,0,0,0,0,0,0,0,0,0,0,0,0,0,0,0,0,0,0,0,0,0,0,0,0,0,0,0,0,0,0,0,0,0,0,0,0,0,0,0,0,0,0,0,0,0,0,0,0,0,0,0,0,0,0,0,0,0,0,0,0,0,0,0,0,0,0,0,0,0,0,0,0,0,0,0,0,0,0,0,0,0,0,0,0,0,0,0,0,0,0,0,0,0,0,0,0,0,0,0,0,0,0,0,0,0,0,0,0,0,0,0,0,0,0,0,0,0,0,0,0,0,0,0,0,0,0,0,0,0,0,0,0,0,0,0,0,0,0,0,0,0,0,0,0,0,0,0,0,0,0,0,0,0,0,0,0,0,0,0,0,0,0,0,0,0,0,0,0,0,0,0,0,0,0,0,0,0,0,0,0,0,0,0,0,0,0,0,0,0,0,0,0,0,0,0,0,0,0,0,0,0,0,0,0,0,0,0,0,0,0,0,0,0,0,0,0,0,0,0,0,0,0,0,0,0,0,0,0,0,0,0,0,0,0,0,0,0,0,0,0,0,0,0,0,0,0,0,0,0,0,0,0,0,0,0,0,0,0,0,0,0,0,0,0,0,0,0,0,0,0,0,0,0,0,0,0,0,0,0,0,0,0,0,0,0,0,0,0,0,0,0,0,0,0,0,0,0,0,0,0,0,0,0,0,0,0,0,0,0,0,0,0,0,0,0,0,0,0,0,0,0,0,0,0,0,0,0,0,0,0,0,0,0,0,0,0,0,0,0,0,0,0,0,0,0,0,0,0,0,0,0,0,0,0,0,0,0,0,0,0,0,0,0,0,0,0,0
"kilimanjaro/rombo/kenimengeni",0,0,0,0,0,0,0,0,0,0,0,0,0,0,0,0,0,0,0,0,0,0,0,0,0,0,0,0,0,0,0,0,0,0,0,0,0,0,0,0,0,0,0,0,0,0,0,0,0,0,0,0,0,0,0,0,0,0,0,0,0,0,0,0,0,0,0,0,0,0,0,0,0,0,0,0,0,0,0,0,0,0,0,0,0,0,0,0,0,0,0,0,0,0,0,0,0,0,0,0,0,0,0,0,0,0,0,0,0,0,0,0,0,0,0,0,0,0,0,0,0,0,0,0,0,0,0,0,0,0,0,0,0,0,0,0,0,0,0,0,0,0,0,0,0,0,0,0,0,0,0,0,0,0,0,0,0,0,0,0,0,0,0,0,0,0,0,0,0,0,0,0,0,0,0,0,0,0,0,0,0,0,0,0,0,0,0,0,0,0,0,0,0,0,0,0,0,0,0,0,0,0,0,0,0,0,0,0,0,0,0,0,0,0,0,0,0,0,0,0,0,0,0,0,0,0,0,0,0,0,0,0,0,0,0,0,0,0,0,0,0,0,0,0,0,0,0,0,0,0,0,0,0,0,0,0,0,0,0,0,0,0,0,0,0,0,0,0,0,0,0,0,0,0,0,0,0,0,0,0,0,0,0,0,0,0,0,0,0,0,0,0,0,0,0,0,0,0,0,0,0,0,0,0,0,0,0,0,0,0,0,0,0,0,0,0,0,0,0,0,0,0,0,0,0,0,0,0,0,0,0,0,0,0,0,0,0,0,0,0,0,0,0,0,0,0,0,0,0,0,0,0,0,0,0,0,0,0,0,0,0,0,0,0,0,0,0,0,0,0,0,0,0,0,0,0,0,0,0,0,0,0,0,0,0,0,0,0,0,0,0,0,0,0,0,0,0,0
"kilimanjaro/hai/kia",4e-06,0,0,0,0,5.2e-05,0,0,0,1e-06,0,0,2e-06,3.6e-05,0,0,0,0,0,0,0,8e-06,0,1e-06,0,0,0,0,0,0,2.2e-05,0,0,0,0,0,3e-06,0,0,0,0,0,0,0,0,0,0,0.000534,8e-06,0,0,0,0,0,0,0,2e-06,0,2e-06,3e-06,1e-06,1e-06,5e-06,0,0,2e-05,3e-06,0,0,1e-06,0,0,1e-06,0,0,1e-06,0,0,0,0,0,0,0,0,0,0,0.003002,0,0,5e-06,0,0,0.000108,1.6e-05,0,0,2.4e-05,0,0.00011,2e-05,0,0,1e-06,4e-06,6e-06,4.6e-05,0,5.1e-05,9e-06,1e-06,1.7e-05,3.7e-05,0,0,1e-06,0,0,0,0.000177,1.3e-05,7e-06,0.000241,0,1e-06,0,1e-06,0,0.00089,3.4e-05,1e-06,1e-06,1.3e-05,2.9e-05,1e-05,0,1.7e-05,1e-06,1.7e-05,2.9e-05,8.2e-05,7.1e-05,0,5e-06,6e-06,1e-06,1.2e-05,0,5.3e-05,4e-05,1.2e-05,0,0,0,0,3e-06,6.4e-05,1e-06,0,0,0.003509,3e-06,9e-06,1e-06,0,0,0,6e-06,1.2e-05,3e-05,1e-06,0,4e-06,0.000415,2e-06,4e-06,1e-06,7e-06,0,6.9e-05,0,0,0,4e-06,1e-05,0.000379,0.024726,0,1e-06,0.00028,8e-05,3.3e-05,0,0,0,1e-06,0,0,0,7.1e-05,0,0.000224,0,2e-06,3e-06,3.3e-05,1.1e-05,0.000228,3e-06,1e-06,1e-06,1e-06,0,5.4e-05,0,0,1e-06,0,0.000198,4e-06,2.1e-05,0,2e-06,0,2e-06,0.000698,7e-06,0.000325,1e-05,0,0,0,0,7e-06,3.3e-05,0,0,1e-06,2.1e-05,0,0,3.1e-05,0.000149,1e-06,0.000145,0,1e-06,4e-06,3.5e-05,0,1e-06,0.000144,3e-05,0,5.1e-05,1.4e-05,1e-06,0,2e-06,1e-06,0,0,1.2e-05,0,0,1e-06,0,0,2.1e-05,0,0,2.1e-05,4.9e-05,0,0,0.00019,1e-06,1e-06,4e-06,0,0,1e-05,0,0.00011,0,0,0,0,1e-06,0,1e-06,0,5e-06,0,0.000234,1.3e-05,1.3e-05,5.9e-05,1e-06,7e-06,0,0,0,1e-06,2e-06,0,2e-06,5e-06,1e-06,0,1e-06,2e-05,0,0,1e-06,7e-06,0,0,6.7e-05,8.8e-05,2.7e-05,3e-06,3.3e-05,0.000104,2.6e-05,0.000203,0,1e-06,1e-06,0,8e-06,1.7e-05,4e-06,0.000107,2e-06,3e-06,0,6e-06,0,0.000238,0,0,1e-06,0,0,9e-06,1e-06,0,1.6e-05,9e-06,0,0,7.3e-05,3e-06,0.000188,1e-06,3e-06,1.8e-05,1e-06,1e-06,2.2e-05,0,0,0,0,0,0.000146,2.2e-05,6.2e-05,0,2.5e-05,7e-06,0,0,0,1e-06,7e-06,1e-06,0,3e-05,0,0,0,0.000162,0,0,3e-06,1e-06,0.000143,1.8e-05,1e-06,0.000144,0,0,0,0,0,0,0
"manyara/kiteto/kibaya",5e-06,1e-06,1e-06,6e-06,0,4.1e-05,0,0,1e-06,0.000112,2e-06,1e-06,4e-06,5.7e-05,1e-05,0,0,2e-06,0,1e-06,2e-06,3e-06,1e-06,1e-06,2e-06,0,1e-06,0,0.001124,2e-06,3.5e-05,0.000237,1e-06,1e-06,1e-06,1e-06,5e-06,1.8e-05,1e-06,1e-05,0,0,0.001225,1e-05,0.000612,1e-06,2e-06,0.001238,0.000228,0,0,0,0,0,1.9e-05,0,1e-06,1e-06,0.000117,0.000137,1e-05,1.8e-05,2e-05,0.000562,0,3.8e-05,1.4e-05,0,5e-06,0.000102,0,0,1e-06,4e-06,2e-06,1.4e-05,2e-06,0,0,0,0,2e-06,0,1e-06,1e-06,0,0.000241,0,9e-06,0.00027,0,0,0.000285,2.7e-05,1e-06,1.8e-05,1.3e-05,0,0.000135,3.4e-05,0,0,5.7e-05,8e-06,4e-06,0.000125,0,2.3e-05,7e-06,3.2e-05,9e-06,7.3e-05,1.1e-05,0,1e-06,1e-06,8.6e-05,0,0.000135,1.1e-05,4e-06,0.000219,1e-06,4e-06,0,2.6e-05,0.001176,0.000255,2.4e-05,1e-06,1e-06,2.1e-05,6.7e-05,5e-06,0,3e-05,2e-06,1.6e-05,0.000181,3.7e-05,1.5e-05,1e-06,1e-05,3e-06,2e-06,6.2e-05,1e-06,6.3e-05,5e-05,1.7e-05,1e-06,1e-06,1e-06,2e-06,7.4e-05,0.000275,2e-06,2e-06,5e-05,0.001946,1e-05,0.000145,0,3e-06,0,1e-06,1.4e-05,7e-06,6e-05,7e-06,0.000362,5e-05,0.000875,5.2e-05,3e-06,9.1e-05,0.000138,0,3.8e-05,0.000521,1e-06,2e-06,0.00024,7e-06,0.000219,0.007096,0,1e-06,0.000115,3.3e-05,1e-05,4e-06,4e-06,0,4e-05,0.000132,1e-06,1e-06,4.6e-05,0,0.000113,0.00017,7.8e-05,1e-06,6.7e-05,4e-06,0.000476,4.2e-05,1.8e-05,1e-06,1e-06,1e-06,0.00015,0,0,2.2e-05,0,0.000617,6e-06,3.6e-05,0,1e-06,0,1e-06,0.000133,3e-06,0.000182,2e-06,1e-06,0,0,0,0.000101,0.000112,0.000773,0,1e-06,1.7e-05,1e-05,1e-06,1.5e-05,0.001443,0,0.001155,1e-06,1e-06,3e-06,4.8e-05,1e-06,5e-06,0.000286,0.000174,1e-06,8.3e-05,2.9e-05,5e-05,1e-06,6e-06,1e-06,1e-06,1e-06,1.4e-05,0,1e-06,2.9e-05,2e-06,0,8.6e-05,0,1e-05,7.3e-05,0.000145,1e-06,1e-06,0.000401,2e-06,5.8e-05,0.000102,0,3e-06,7e-06,0,0.000733,1e-06,0.000178,1e-06,0,2e-06,1e-06,1e-06,0.000263,7e-06,4e-06,0.000266,1e-05,1.4e-05,7.4e-05,1e-06,3.7e-05,1e-05,0,0,1e-06,1.7e-05,0.000744,9.2e-05,7e-06,1e-06,1e-06,1e-06,5.8e-05,5e-06,0.00041,1e-06,7e-06,0,1e-06,0.000138,0.000208,9e-05,1.6e-05,9.4e-05,1.7e-05,6.7e-05,0.000481,1.7e-05,2.1e-05,2e-06,3e-06,1.9e-05,3e-05,1.1e-05,0.000527,6.9e-05,0.000201,0.000847,3e-06,3e-06,0.000225,5e-06,0,1e-06,0,1e-06,0.000228,7.4e-05,6e-06,3.2e-05,0.000134,9e-06,0,3.9e-05,3e-06,0.000361,2.1e-05,2.7e-05,5.1e-05,5e-06,2e-06,1e-05,1e-06,0,1e-06,0,2e-06,0.000239,4.7e-05,0.000146,0.000152,2.5e-05,4e-06,0,2e-06,0.000102,2e-06,1.6e-05,1.4e-05,1e-06,8.8e-05,0,1e-06,0,0.000413,5e-06,0,6e-06,1e-06,9.2e-05,1.7e-05,1e-06,0.000105,1e-06,1e-06,3e-06,0,1e-06,0,0
"kilimanjaro/moshimunicipal/kiboriloni",0,0,0,0,0,0,0,0,0,0,0,0,0,0,0,0,0,0,0,0,0,0,0,0,0,0,0,0,0,0,0,0,0,0,0,0,0,0,0,0,0,0,0,0,0,0,0,0,0,0,0,0,0,0,0,0,0,0,0,0,0,0,0,0,0,0,0,0,0,0,0,0,0,0,0,0,0,0,0,0,0,0,0,0,0,0,0,0,0,0,0,0,0,0,0,0,0,0,0,0,0,0,0,0,0,0,0,0,0,0,0,0,0,0,0,0,0,0,0,0,0,0,0,0,0,0,0,0,0,0,0,0,0,0,0,0,0,0,0,0,0,0,0,0,0,0,0,0,0,0,0,0,0,0,0,0,0,0,0,0,0,0,0,0,0,0,0,0,0,0,0,0,0,0,0,0,0,0,0,0,0,0,0,0,0,0,0,0,0,0,0,0,0,0,0,0,0,0,0,0,0,0,0,0,0,0,0,0,0,0,0,0,0,0,0,0,0,0,0,0,0,0,0,0,0,0,0,0,0,0,0,0,0,0,0,0,0,0,0,0,0,0,0,0,0,0,0,0,0,0,0,0,0,0,0,0,0,0,0,0,0,0,0,0,0,0,0,0,0,0,0,0,0,0,0,0,0,0,0,0,0,0,0,0,0,0,0,0,0,0,0,0,0,0,0,0,0,0,0,0,0,0,0,0,0,0,0,0,0,0,0,0,0,0,0,0,0,0,0,0,0,0,0,0,0,0,0,0,0,0,0,0,0,0,0,0,0,0,0,0,0,0,0,0,0,0,0,0,0,0,0,0,0,0,0,0,0,0,0,0,0,0,0,0,0,0,0,0,0,0,0,0,0,0,0,0,0,0,0,0,0,0,0,0,0,0,0,0,0,0,0,0,0,0,0,0,0,0
"kilimanjaro/moshi/kiboshokati",0,0,0,0,0,0,0,0,0,0,0,0,0,0,0,0,0,0,0,0,0,0,0,0,0,0,0,0,0,0,0,0,0,0,0,0,0,0,0,0,0,0,0,0,0,0,0,0,0,0,0,0,0,0,0,0,0,0,0,0,0,0,0,0,0,0,0,0,0,0,0,0,0,0,0,0,0,0,0,0,0,0,0,0,0,0,0,0,0,0,0,0,0,0,0,0,0,0,0,0,0,0,0,0,0,0,0,0,0,0,0,0,0,0,0,0,0,0,0,0,0,0,0,0,0,0,0,0,0,0,0,0,0,0,0,0,0,0,0,0,0,0,0,0,0,0,0,0,0,0,0,0,0,0,0,0,0,0,0,0,0,0,0,0,0,0,0,0,0,0,0,0,0,0,0,0,0,0,0,0,0,0,0,0,0,0,0,0,0,0,0,0,0,0,0,0,0,0,0,0,0,0,0,0,0,0,0,0,0,0,0,0,0,0,0,0,0,0,0,0,0,0,0,0,0,0,0,0,0,0,0,0,0,0,0,0,0,0,0,0,0,0,0,0,0,0,0,0,0,0,0,0,0,0,0,0,0,0,0,0,0,0,0,0,0,0,0,0,0,0,0,0,0,0,0,0,0,0,0,0,0,0,0,0,0,0,0,0,0,0,0,0,0,0,0,0,0,0,0,0,0,0,0,0,0,0,0,0,0,0,0,0,0,0,0,0,0,0,0,0,0,0,0,0,0,0,0,0,0,0,0,0,0,0,0,0,0,0,0,0,0,0,0,0,0,0,0,0,0,0,0,0,0,0,0,0,0,0,0,0,0,0,0,0,0,0,0,0,0,0,0,0,0,0,0,0,0,0,0,0,0,0,0,0,0,0,0,0,0,0,0,0,0,0,0,0,0,0
"kilimanjaro/moshi/kiboshomagharibi",0,0,0,0,0,0,0,0,0,0,0,0,0,0,0,0,0,0,0,0,0,0,0,0,0,0,0,0,0,0,0,0,0,0,0,0,0,0,0,0,0,0,0,0,0,0,0,0,0,0,0,0,0,0,0,0,0,0,0,0,0,0,0,0,0,0,0,0,0,0,0,0,0,0,0,0,0,0,0,0,0,0,0,0,0,0,0,0,0,0,0,0,0,0,0,0,0,0,0,0,0,0,0,0,0,0,0,0,0,0,0,0,0,0,0,0,0,0,0,0,0,0,0,0,0,0,0,0,0,0,0,0,0,0,0,0,0,0,0,0,0,0,0,0,0,0,0,0,0,0,0,0,0,0,0,0,0,0,0,0,0,0,0,0,0,0,0,0,0,0,0,0,0,0,0,0,0,0,0,0,0,0,0,0,0,0,0,0,0,0,0,0,0,0,0,0,0,0,0,0,0,0,0,0,0,0,0,0,0,0,0,0,0,0,0,0,0,0,0,0,0,0,0,0,0,0,0,0,0,0,0,0,0,0,0,0,0,0,0,0,0,0,0,0,0,0,0,0,0,0,0,0,0,0,0,0,0,0,0,0,0,0,0,0,0,0,0,0,0,0,0,0,0,0,0,0,0,0,0,0,0,0,0,0,0,0,0,0,0,0,0,0,0,0,0,0,0,0,0,0,0,0,0,0,0,0,0,0,0,0,0,0,0,0,0,0,0,0,0,0,0,0,0,0,0,0,0,0,0,0,0,0,0,0,0,0,0,0,0,0,0,0,0,0,0,0,0,0,0,0,0,0,0,0,0,0,0,0,0,0,0,0,0,0,0,0,0,0,0,0,0,0,0,0,0,0,0,0,0,0,0,0,0,0,0,0,0,0,0,0,0,0,0,0,0,0,0,0
"kilimanjaro/moshi/kiboshomashariki",0,0,0,0,0,0,0,0,0,0,0,0,0,0,0,0,0,0,0,0,0,0,0,0,0,0,0,0,0,0,0,0,0,0,0,0,0,0,0,0,0,0,0,0,0,0,0,0,0,0,0,0,0,0,0,0,0,0,0,0,0,0,0,0,0,0,0,0,0,0,0,0,0,0,0,0,0,0,0,0,0,0,0,0,0,0,0,0,0,0,0,0,0,0,0,0,0,0,0,0,0,0,0,0,0,0,0,0,0,0,0,0,0,0,0,0,0,0,0,0,0,0,0,0,0,0,0,0,0,0,0,0,0,0,0,0,0,0,0,0,0,0,0,0,0,0,0,0,0,0,0,0,0,0,0,0,0,0,0,0,0,0,0,0,0,0,0,0,0,0,0,0,0,0,0,0,0,0,0,0,0,0,0,0,0,0,0,0,0,0,0,0,0,0,0,0,0,0,0,0,0,0,0,0,0,0,0,0,0,0,0,0,0,0,0,0,0,0,0,0,0,0,0,0,0,0,0,0,0,0,0,0,0,0,0,0,0,0,0,0,0,0,0,0,0,0,0,0,0,0,0,0,0,0,0,0,0,0,0,0,0,0,0,0,0,0,0,0,0,0,0,0,0,0,0,0,0,0,0,0,0,0,0,0,0,0,0,0,0,0,0,0,0,0,0,0,0,0,0,0,0,0,0,0,0,0,0,0,0,0,0,0,0,0,0,0,0,0,0,0,0,0,0,0,0,0,0,0,0,0,0,0,0,0,0,0,0,0,0,0,0,0,0,0,0,0,0,0,0,0,0,0,0,0,0,0,0,0,0,0,0,0,0,0,0,0,0,0,0,0,0,0,0,0,0,0,0,0,0,0,0,0,0,0,0,0,0,0,0,0,0,0,0,0,0,0,0,0
"kilimanjaro/mwanga/kifula",0,0,0,0,0,0,0,0,0,0,0,0,0,0,0,0,0,0,0,0,0,0,0,0,0,0,0,0,0,0,0,0,0,0,0,0,0,0,0,0,0,0,0,0,0,0,0,0,0,0,0,0,0,0,0,0,0,0,0,0,0,0,0,0,0,0,0,0,0,0,0,0,0,0,0,0,0,0,0,0,0,0,0,0,0,0,0,0,0,0,0,0,0,0,0,0,0,0,0,0,0,0,0,0,0,0,0,0,0,0,0,0,0,0,0,0,0,0,0,0,0,0,0,0,0,0,0,0,0,0,0,0,0,0,0,0,0,0,0,0,0,0,0,0,0,0,0,0,0,0,0,0,0,0,0,0,0,0,0,0,0,0,0,0,0,0,0,0,0,0,0,0,0,0,0,0,0,0,0,0,0,0,0,0,0,0,0,0,0,0,0,0,0,0,0,0,0,0,0,0,0,0,0,0,0,0,0,0,0,0,0,0,0,0,0,0,0,0,0,0,0,0,0,0,0,0,0,0,0,0,0,0,0,0,0,0,0,0,0,0,0,0,0,0,0,0,0,0,0,0,0,0,0,0,0,0,0,0,0,0,0,0,0,0,0,0,0,0,0,0,0,0,0,0,0,0,0,0,0,0,0,0,0,0,0,0,0,0,0,0,0,0,0,0,0,0,0,0,0,0,0,0,0,0,0,0,0,0,0,0,0,0,0,0,0,0,0,0,0,0,0,0,0,0,0,0,0,0,0,0,0,0,0,0,0,0,0,0,0,0,0,0,0,0,0,0,0,0,0,0,0,0,0,0,0,0,0,0,0,0,0,0,0,0,0,0,0,0,0,0,0,0,0,0,0,0,0,0,0,0,0,0,0,0,0,0,0,0,0,0,0,0,0,0,0,0,0,0
"kilimanjaro/mwanga/kighare",0,0,0,0,0,0,0,0,0,0,0,0,0,0,0,0,0,0,0,0,0,0,0,0,0,0,0,0,0,0,0,0,0,0,0,0,0,0,0,0,0,0,0,0,0,0,0,0,0,0,0,0,0,0,0,0,0,0,0,0,0,0,0,0,0,0,0,0,0,0,0,0,0,0,0,0,0,0,0,0,0,0,0,0,0,0,0,0,0,0,0,0,0,0,0,0,0,0,0,0,0,0,0,0,0,0,0,0,0,0,0,0,0,0,0,0,0,0,0,0,0,0,0,0,0,0,0,0,0,0,0,0,0,0,0,0,0,0,0,0,0,0,0,0,0,0,0,0,0,0,0,0,0,0,0,0,0,0,0,0,0,0,0,0,0,0,0,0,0,0,0,0,0,0,0,0,0,0,0,0,0,0,0,0,0,0,0,0,0,0,0,0,0,0,0,0,0,0,0,0,0,0,0,0,0,0,0,0,0,0,0,0,0,0,0,0,0,0,0,0,0,0,0,0,0,0,0,0,0,0,0,0,0,0,0,0,0,0,0,0,0,0,0,0,0,0,0,0,0,0,0,0,0,0,0,0,0,0,0,0,0,0,0,0,0,0,0,0,0,0,0,0,0,0,0,0,0,0,0,0,0,0,0,0,0,0,0,0,0,0,0,0,0,0,0,0,0,0,0,0,0,0,0,0,0,0,0,0,0,0,0,0,0,0,0,0,0,0,0,0,0,0,0,0,0,0,0,0,0,0,0,0,0,0,0,0,0,0,0,0,0,0,0,0,0,0,0,0,0,0,0,0,0,0,0,0,0,0,0,0,0,0,0,0,0,0,0,0,0,0,0,0,0,0,0,0,0,0,0,0,0,0,0,0,0,0,0,0,0,0,0,0,0,0,0,0,0,0
"kilimanjaro/mwanga/kigoningoni",0,0,0,0,0,0,0,0,0,0,0,0,0,0,0,0,0,0,0,0,0,0,0,0,0,0,0,0,0,0,0,0,0,0,0,0,0,0,0,0,0,0,0,0,0,0,0,0,0,0,0,0,0,0,0,0,0,0,0,0,0,0,0,0,0,0,0,0,0,0,0,0,0,0,0,0,0,0,0,0,0,0,0,0,0,0,0,0,0,0,0,0,0,0,0,0,0,0,0,0,0,0,0,0,0,0,0,0,0,0,0,0,0,0,0,0,0,0,0,0,0,0,0,0,0,0,0,0,0,0,0,0,0,0,0,0,0,0,0,0,0,0,0,0,0,0,0,0,0,0,0,0,0,0,0,0,0,0,0,0,0,0,0,0,0,0,0,0,0,0,0,0,0,0,0,0,0,0,0,0,0,0,0,0,0,0,0,0,0,0,0,0,0,0,0,0,0,0,0,0,0,0,0,0,0,0,0,0,0,0,0,0,0,0,0,0,0,0,0,0,0,0,0,0,0,0,0,0,0,0,0,0,0,0,0,0,0,0,0,0,0,0,0,0,0,0,0,0,0,0,0,0,0,0,0,0,0,0,0,0,0,0,0,0,0,0,0,0,0,0,0,0,0,0,0,0,0,0,0,0,0,0,0,0,0,0,0,0,0,0,0,0,0,0,0,0,0,0,0,0,0,0,0,0,0,0,0,0,0,0,0,0,0,0,0,0,0,0,0,0,0,0,0,0,0,0,0,0,0,0,0,0,0,0,0,0,0,0,0,0,0,0,0,0,0,0,0,0,0,0,0,0,0,0,0,0,0,0,0,0,0,0,0,0,0,0,0,0,0,0,0,0,0,0,0,0,0,0,0,0,0,0,0,0,0,0,0,0,0,0,0,0,0,0,0,0,0,0
"kilimanjaro/same/kihurio",0,0,0,0,0,0,0,0,0,0,0,0,0,0,0,0,0,0,0,0,0,0,0,0,0,0,0,0,0,0,0,0,0,0,0,0,0,0,0,0,0,0,0,0,0,0,0,0,0,0,0,0,0,0,0,0,0,0,0,0,0,0,0,0,0,0,0,0,0,0,0,0,0,0,0,0,0,0,0,0,0,0,0,0,0,0,0,0,0,0,0,0,0,0,0,0,0,0,0,0,0,0,0,0,0,0,0,0,0,0,0,0,0,0,0,0,0,0,0,0,0,0,0,0,0,0,0,0,0,0,0,0,0,0,0,0,0,0,0,0,0,0,0,0,0,0,0,0,0,0,0,0,0,0,0,0,0,0,0,0,0,0,0,0,0,0,0,0,0,0,0,0,0,0,0,0,0,0,0,0,0,0,0,0,0,0,0,0,0,0,0,0,0,0,0,0,0,0,0,0,0,0,0,0,0,0,0,0,0,0,0,0,0,0,0,0,0,0,0,0,0,0,0,0,0,0,0,0,0,0,0,0,0,0,0,0,0,0,0,0,0,0,0,0,0,0,0,0,0,0,0,0,0,0,0,0,0,0,0,0,0,0,0,0,0,0,0,0,0,0,0,0,0,0,0,0,0,0,0,0,0,0,0,0,0,0,0,0,0,0,0,0,0,0,0,0,0,0,0,0,0,0,0,0,0,0,0,0,0,0,0,0,0,0,0,0,0,0,0,0,0,0,0,0,0,0,0,0,0,0,0,0,0,0,0,0,0,0,0,0,0,0,0,0,0,0,0,0,0,0,0,0,0,0,0,0,0,0,0,0,0,0,0,0,0,0,0,0,0,0,0,0,0,0,0,0,0,0,0,0,0,0,0,0,0,0,0,0,0,0,0,0,0,0,0,0,0,0
"manyara/kiteto/kijungu",0,0,0,0,0,0,0,0,0,0,0,0,0,0,0,0,0,0,0,0,0,0,0,0,0,0,0,0,0,0,0,0,0,0,0,0,0,0,0,0,0,0,0,0,0,0,0,0,0,0,0,0,0,0,0,0,0,0,0,0,0,0,0,0,0,0,0,0,0,0,0,0,0,0,0,0,0,0,0,0,0,0,0,0,0,0,0,0,0,0,0,0,0,0,0,0,0,0,0,0,0,0,0,0,0,0,0,0,0,0,0,0,0,0,0,0,0,0,0,0,0,0,0,0,0,0,0,0,0,0,0,0,0,0,0,0,0,0,0,0,0,0,0,0,0,0,0,0,0,0,0,0,0,0,0,0,0,0,0,0,0,0,0,0,0,0,0,0,0,0,0,0,0,0,0,0,0,0,0,0,0,0,0,0,0,0,0,0,0,0,0,0,0,0,0,0,0,0,0,0,0,0,0,0,0,0,0,0,0,0,0,0,0,0,0,0,0,0,0,0,0,0,0,0,0,0,0,0,0,0,0,0,0,0,0,0,0,0,0,0,0,0,0,0,0,0,0,0,0,0,0,0,0,0,0,0,0,0,0,0,0,0,0,0,0,0,0,0,0,0,0,0,0,0,0,0,0,0,0,0,0,0,0,0,0,0,0,0,0,0,0,0,0,0,0,0,0,0,0,0,0,0,0,0,0,0,0,0,0,0,0,0,0,0,0,0,0,0,0,0,0,0,0,0,0,0,0,0,0,0,0,0,0,0,0,0,0,0,0,0,0,0,0,0,0,0,0,0,0,0,0,0,0,0,0,0,0,0,0,0,0,0,0,0,0,0,0,0,0,0,0,0,0,0,0,0,0,0,0,0,0,0,0,0,0,0,0,0,0,0,0,0,0,0,0,0,0,0
"arusha/meru/kikatiti",0.013519,4.6e-05,0.000216,0.00028,4e-06,0.01766,2e-06,3e-06,4e-06,0.001053,1.6e-05,3e-06,0.006702,0.08746,0.00015,8e-06,6e-06,2.3e-05,4e-06,1.4e-05,2.7e-05,0.014195,4e-06,0.000449,3.1e-05,0.000142,7e-06,8e-06,2e-06,4.1e-05,0.022578,1.3e-05,1.8e-05,7.6e-05,4.7e-05,9e-06,0.005832,0.00021,2.1e-05,0.000397,4e-06,3e-06,0.000604,0.000151,8.7e-05,4e-06,0.000248,0.605155,0.008838,1.5e-05,5e-06,1e-05,1.4e-05,5e-06,0.000156,2e-06,0.001443,1.4e-05,0.001305,0.004294,0.001787,0.00216,0.00711,4.1e-05,0,0.042473,0.004299,3e-06,0.000244,0.001345,1e-05,1e-06,0.001701,8.4e-05,1.3e-05,0.001694,0.000157,2e-06,2e-06,3e-06,1e-06,1.7e-05,3e-06,4e-06,8e-06,4e-06,0.387872,3e-06,0.000119,0.004971,2e-06,4e-06,0.053771,0.0378,0.000101,0.000299,0.02062,4.7e-05,0.042251,0.008701,4e-06,6e-06,0.000919,0.008959,0.002191,0.038678,7e-06,0.017748,0.017013,0.001709,0.013644,0.021266,8.3e-05,0.000217,0.000319,0.000202,0.222758,9e-06,0.067992,0.007168,0.004846,0.118331,0.000128,0.00047,4.4e-05,0.00036,0.000578,0,0.084444,0.000323,0.000251,0.008446,0.01355,0.003658,3.1e-05,0.041399,0.001652,0.007187,0.034343,0.031279,0.189788,2.1e-05,0.010072,0.002644,0.000339,0.006237,1e-05,0.022221,0.018781,0.005527,0.000208,0.000103,0.000252,6.7e-05,0.002112,0.103689,7e-04,0.000371,0.000115,0.635065,0.001634,0.012508,0.000224,0.000257,3e-06,3e-06,0.002663,0.03307,0.063857,0.000756,0.000191,0.008578,0.540132,0.001395,0.004093,0.001019,0.011711,0.000118,0.026208,0.000364,1.4e-05,5.8e-05,0.002723,0.003392,0.185663,0.920835,0.000311,0.000614,0.112101,0.040563,0.008742,4.1e-05,0.000131,6e-06,0.000933,2.3e-05,0.000198,6e-06,0.026676,1e-05,0.738066,0.000227,0.001899,0.002364,0.017794,0.016754,0.102,0.00479,0.000643,0.000299,0.000264,2.6e-05,0.028515,9.2e-05,3e-06,0.000427,4e-06,0.110878,0.001828,0.010407,5e-06,0.006103,3e-06,0.001205,0.22425,0.005071,0.183373,0.001959,2.3e-05,2e-06,2e-06,6e-06,0.007788,0.057829,6e-05,3.7e-05,0.000501,0.03905,0.000812,0.000163,0.020891,0.122808,0.000227,0.106236,2.7e-05,0.000425,0.001441,0.08164,4e-06,0.001742,0.267019,0.065412,0.000192,0.113506,0.0106,0.000852,0.000239,0.000773,0.00032,3.5e-05,2.4e-05,0.006583,1.5e-05,2.6e-05,0.002052,0.000245,6e-06,0.036439,3e-06,0.000225,0.037712,0.023008,0.000121,3.6e-05,0.089755,0.000501,0.000912,0.004477,7e-06,0.000146,0.004115,1.8e-05,0.118864,1.5e-05,1.4e-05,1e-05,2e-06,0.000601,7e-06,0.001278,8.6e-05,0.004714,7.1e-05,0.367654,0.005247,0.014108,0.170521,0.001517,0.003664,0.000316,6.9e-05,3.6e-05,0.000415,0.000894,1.6e-05,0.004117,0.014371,0.005103,0.001349,0.000542,0.054045,0.000238,3.7e-05,0.000285,0.00302,7e-06,4.1e-05,0.165613,0.050983,0.059162,0.003886,0.063293,0.06691,0.026908,0.421605,0.000702,0.000961,0.003264,7.4e-05,0.015719,0.039429,0.007985,0.179412,0.002346,0.002669,1.8e-05,0.002198,0.000151,0.520661,3.2e-05,9e-06,0.000358,1.2e-05,7e-06,0.006076,0.000472,0.000237,0.034202,0.005648,0.000313,3e-06,0.085319,0.00866,0.331153,0.002823,0.005135,0.02013,0.000632,0.000346,0.007163,5e-06,3e-06,5e-06,2e-06,5.1e-05,0.291171,0.062353,0.120162,2e-05,0.080485,0.002598,1.5e-05,3.4e-05,4.6e-05,0.000474,0.012466,0.001724,0.000682,0.052046,3e-06,3.4e-05,4e-06,0.094827,3.7e-05,2e-06,0.006473,0.000419,0.058319,0.008606,0.00028,0.422723,2e-04,3.5e-05,6.4e-05,1.6e-05,1e-05,4e-06,3e-06
"arusha/meru/kikwe",0,0,0,0,0,0,0,0,0,0,0,0,0,0,0,0,0,0,0,0,0,0,0,0,0,0,0,0,0,0,0,0,0,0,0,0,0,0,0,0,0,0,0,0,0,0,0,0,0,0,0,0,0,0,0,0,0,0,0,0,0,0,0,0,0,0,0,0,0,0,0,0,0,0,0,0,0,0,0,0,0,0,0,0,0,0,0,0,0,0,0,0,0,0,0,0,0,0,0,0,0,0,0,0,0,0,0,0,0,0,0,0,0,0,0,0,0,0,0,0,0,0,0,0,0,0,0,0,0,0,0,0,0,0,0,0,0,0,0,0,0,0,0,0,0,0,0,0,0,0,0,0,0,0,0,0,0,0,0,0,0,0,0,0,0,0,0,0,0,0,0,0,0,0,0,0,0,0,0,0,0,0,0,0,0,0,0,0,0,0,0,0,0,0,0,0,0,0,0,0,0,0,0,0,0,0,0,0,0,0,0,0,0,0,0,0,0,0,0,0,0,0,0,0,0,0,0,0,0,0,0,0,0,0,0,0,0,0,0,0,0,0,0,0,0,0,0,0,0,0,0,0,0,0,0,0,0,0,0,0,0,0,0,0,0,0,0,0,0,0,0,0,0,0,0,0,0,0,0,0,0,0,0,0,0,0,0,0,0,0,0,0,0,0,0,0,0,0,0,0,0,0,0,0,0,0,0,0,0,0,0,0,0,0,0,0,0,0,0,0,0,0,0,0,0,0,0,0,0,0,0,0,0,0,0,0,0,0,0,0,0,0,0,0,0,0,0,0,0,0,0,0,0,0,0,0,0,0,0,0,0,0,0,0,0,0,0,0,0,0,0,0,0,0,0,0,0,0,0,0,0,0,0,0,0,0,0,0,0,0,0,0,0,0,0,0,0,0
"kilimanjaro/moshi/kilemakaskazini",0,0,0,0,0,0,0,0,0,0,0,0,0,0,0,0,0,0,0,0,0,0,0,0,0,0,0,0,0,0,0,0,0,0,0,0,0,0,0,0,0,0,0,0,0,0,0,0,0,0,0,0,0,0,0,0,0,0,0,0,0,0,0,0,0,0,0,0,0,0,0,0,0,0,0,0,0,0,0,0,0,0,0,0,0,0,0,0,0,0,0,0,0,0,0,0,0,0,0,0,0,0,0,0,0,0,0,0,0,0,0,0,0,0,0,0,0,0,0,0,0,0,0,0,0,0,0,0,0,0,0,0,0,0,0,0,0,0,0,0,0,0,0,0,0,0,0,0,0,0,0,0,0,0,0,0,0,0,0,0,0,0,0,0,0,0,0,0,0,0,0,0,0,0,0,0,0,0,0,0,0,0,0,0,0,0,0,0,0,0,0,0,0,0,0,0,0,0,0,0,0,0,0,0,0,0,0,0,0,0,0,0,0,0,0,0,0,0,0,0,0,0,0,0,0,0,0,0,0,0,0,0,0,0,0,0,0,0,0,0,0,0,0,0,0,0,0,0,0,0,0,0,0,0,0,0,0,0,0,0,0,0,0,0,0,0,0,0,0,0,0,0,0,0,0,0,0,0,0,0,0,0,0,0,0,0,0,0,0,0,0,0,0,0,0,0,0,0,0,0,0,0,0,0,0,0,0,0,0,0,0,0,0,0,0,0,0,0,0,0,0,0,0,0,0,0,0,0,0,0,0,0,0,0,0,0,0,0,0,0,0,0,0,0,0,0,0,0,0,0,0,0,0,0,0,0,0,0,0,0,0,0,0,0,0,0,0,0,0,0,0,0,0,0,0,0,0,0,0,0,0,0,0,0,0,0,0,0,0,0,0,0,0,0,0,0,0,0
"kilimanjaro/moshi/kilemakati",0,0,0,0,0,0,0,0,0,0,0,0,0,0,0,0,0,0,0,0,0,0,0,0,0,0,0,0,0,0,0,0,0,0,0,0,0,0,0,0,0,0,0,0,0,0,0,0,0,0,0,0,0,0,0,0,0,0,0,0,0,0,0,0,0,0,0,0,0,0,0,0,0,0,0,0,0,0,0,0,0,0,0,0,0,0,0,0,0,0,0,0,0,0,0,0,0,0,0,0,0,0,0,0,0,0,0,0,0,0,0,0,0,0,0,0,0,0,0,0,0,0,0,0,0,0,0,0,0,0,0,0,0,0,0,0,0,0,0,0,0,0,0,0,0,0,0,0,0,0,0,0,0,0,0,0,0,0,0,0,0,0,0,0,0,0,0,0,0,0,0,0,0,0,0,0,0,0,0,0,0,0,0,0,0,0,0,0,0,0,0,0,0,0,0,0,0,0,0,0,0,0,0,0,0,0,0,0,0,0,0,0,0,0,0,0,0,0,0,0,0,0,0,0,0,0,0,0,0,0,0,0,0,0,0,0,0,0,0,0,0,0,0,0,0,0,0,0,0,0,0,0,0,0,0,0,0,0,0,0,0,0,0,0,0,0,0,0,0,0,0,0,0,0,0,0,0,0,0,0,0,0,0,0,0,0,0,0,0,0,0,0,0,0,0,0,0,0,0,0,0,0,0,0,0,0,0,0,0,0,0,0,0,0,0,0,0,0,0,0,0,0,0,0,0,0,0,0,0,0,0,0,0,0,0,0,0,0,0,0,0,0,0,0,0,0,0,0,0,0,0,0,0,0,0,0,0,0,0,0,0,0,0,0,0,0,0,0,0,0,0,0,0,0,0,0,0,0,0,0,0,0,0,0,0,0,0,0,0,0,0,0,0,0,0,0,0,0
"kilimanjaro/moshi/kilemakusini",0.000615,2e-05,0.003568,0.000163,2e-06,0.052535,1e-06,1e-06,2e-06,0.000517,8e-06,2e-06,0.000404,0.005702,8.6e-05,4e-06,3e-06,1.3e-05,2e-06,9e-06,4.5e-05,0.001679,2e-06,0.001938,6.5e-05,0.000586,4e-06,3e-06,2e-06,7.7e-05,0.00207,1e-05,3.8e-05,0.000396,2.1e-05,5e-06,0.000454,0.000115,1e-05,0.000236,2e-06,2e-06,0.000544,8.3e-05,7.2e-05,2e-06,6.5e-05,0.093317,0.00281,7e-06,3e-06,5e-06,6e-06,3e-06,9.1e-05,1e-06,0.000181,6e-06,0.001341,0.002407,0.000769,7e-04,0.001552,3.5e-05,0,0.00325,0.00068,2e-06,7.7e-05,0.000609,4e-06,0,0.000373,3.7e-05,9e-06,0.000708,6e-05,1e-06,1e-06,2e-06,1e-06,1e-05,2e-06,2e-06,4e-06,2e-06,0.133283,2e-06,7.5e-05,0.008274,1e-06,2e-06,0.748105,0.002899,3.1e-05,0.000145,0.006346,0.000396,0.2932,0.202347,2e-06,4e-06,0.001776,0.000703,0.010955,0.043524,3e-06,0.04317,0.001596,0.000672,0.004852,0.131809,5.2e-05,1.7e-05,0.003801,0.003816,0.036573,8e-06,0.383045,0.015141,0.007051,0.281635,0.000962,0.002872,0.000259,0.000641,0.000531,0.078044,0.003363,0.005427,0.008292,0,0.207479,0.012434,0.000135,0.002882,0.00014,0.097772,0.014722,0.053378,0.004317,3.8e-05,0.000851,0.005821,0.00231,0.035082,5e-06,0.545275,0.297241,0.392605,0.001809,0.000273,0.002215,0.000158,0.005718,0.014799,0.004222,0.000111,0.000111,0.924083,0.021234,0.0042,0.000783,0.001138,2e-06,2e-06,0.010678,0.001566,0.005114,0.003118,0.000177,0.001983,0.070845,0.001801,0.001475,0.000505,0.003187,4.1e-05,0.077635,0.000347,2.7e-05,3.5e-05,0.004209,0.019171,0.175391,0.940859,0.000283,0.000779,0.114639,0.02714,0.013585,2.2e-05,5.4e-05,3e-06,0.000387,2e-05,0.00659,3e-06,0.125307,4e-06,0.020896,0.000148,0.003316,0.00013,0.209028,0.001351,0.972051,0.001246,0.000334,0.007592,0.012906,1.1e-05,0.448251,0.001754,2e-06,0.000926,2e-06,0.544234,0.035097,0.321141,3e-06,0.000108,2e-06,0.000512,0.082399,0.001589,0.117922,0.001548,1.1e-05,1e-06,1e-06,3e-06,0.003752,0.006793,4.8e-05,0.00016,0.004087,0.003161,0.000275,0.003367,0.002806,0.026421,0.000996,0.301703,6.4e-05,0.002211,0.008334,0.004901,2e-06,0.000246,0.025215,0.012709,3.1e-05,0.007881,0.018179,0.001634,0.002408,0.006546,0.002178,8.3e-05,5.4e-05,0.010201,4e-06,5.3e-05,0.000696,9e-05,3e-06,0.004973,2e-06,8.6e-05,0.004935,0.133911,0.00117,7.4e-05,0.941013,0.01275,0.001702,0.0028,3e-06,5.6e-05,0.00199,7e-06,0.058727,7e-06,1.2e-05,5e-06,1e-06,0.002625,4e-06,0.000258,6.7e-05,0.002231,0.000135,0.028727,0.042811,0.00476,0.016088,0.000125,0.005619,0.000147,0.001254,0.000175,0.001915,0.002349,1.2e-05,0.001457,0.000774,0.000145,6.6e-05,0.000971,0.005663,0.000121,2.8e-05,0.002767,0.031619,3e-06,2.4e-05,0.022361,0.285304,0.007508,0.000701,0.007549,0.007537,0.015721,0.054984,0.00045,0.000594,0.000225,5.1e-05,0.001483,0.002894,0.000853,0.061059,0.001488,0.002454,1.5e-05,0.008518,7.4e-05,0.029583,1.5e-05,4e-06,0.001525,5e-06,4e-06,0.010153,0.000619,0.000133,0.003157,0.013655,0.000186,1e-06,0.013961,0.000356,0.031871,0.00077,0.000962,0.005942,0.004111,0.004969,0.019146,3e-06,2e-06,3e-06,1e-06,3.4e-05,0.023704,0.00539,0.011387,1.7e-05,0.003715,0.008161,3.1e-05,6.4e-05,4.2e-05,0.001608,0.001183,0.000461,5e-05,0.018577,2e-06,0.000145,2e-06,0.38449,2.2e-05,1e-06,0.000527,0.001689,0.17719,0.052882,0.001541,0.015295,0.001896,7.7e-05,0.000139,4.7e-05,1.7e-05,2e-06,2e-06
"kilimanjaro/mwanga/kileo",8e-06,0,1.8e-05,2e-06,0,0.000972,0,0,0,8e-06,0,0,5e-06,7.3e-05,1e-06,0,0,0,0,0,1e-06,1.2e-05,0,1.4e-05,1e-06,4e-06,0,0,0,2e-06,4.5e-05,0,1e-06,1.6e-05,0,0,6e-06,1e-06,0,3e-06,0,0,6e-06,1e-06,1e-06,0,1e-06,0.00128,4.4e-05,0,0,0,0,0,1e-06,0,3e-06,0,2.7e-05,2.4e-05,6e-06,6e-06,1.8e-05,1e-06,0,4.3e-05,9e-06,0,1e-06,7e-06,0,0,4e-06,1e-06,0,6e-06,1e-06,0,0,0,0,0,0,0,0,0,0.001534,0,1e-06,0.000123,0,0,0.013373,3.5e-05,0,2e-06,5.8e-05,1.6e-05,0.008779,0.007143,0,0,3.6e-05,9e-06,7.8e-05,0.00039,0,0.000332,1.7e-05,7e-06,4.3e-05,0.000823,1e-06,0,1.8e-05,1.8e-05,0.000445,0,0.002855,1e-04,3.6e-05,0.0022,4.6e-05,0.000128,9e-06,1.3e-05,6e-06,0.000692,4.4e-05,1.9e-05,2.1e-05,0.001272,0,8.6e-05,5e-06,3.7e-05,2e-06,0.000411,0.000165,0.000409,4.8e-05,1e-06,1.1e-05,4e-05,1.6e-05,0.001438,0,0.002973,0.001203,0.000708,1e-05,9e-06,1.5e-05,4e-06,0.000126,0.000196,2.1e-05,1e-06,2e-06,0.032886,0.00174,4.9e-05,6e-06,3.8e-05,0,0,0.000424,1.7e-05,6.7e-05,0.000121,2e-06,1.9e-05,0.000953,4e-05,1.3e-05,6e-06,3.3e-05,0,0.000551,6e-06,1e-06,0,8.8e-05,0.000208,0.00155,0.073886,2e-06,6e-06,0.000981,0.000228,0.000139,0,1e-06,0,4e-06,0,3.2e-05,0,0.000857,0,0.000252,3e-06,5.2e-05,2e-06,0.001147,1.4e-05,0.042862,1.2e-05,5e-06,2.6e-05,3.2e-05,0,0.00434,9e-06,0,1.9e-05,0,0.006566,0.000121,0.001052,0,1e-06,0,4e-06,0.000827,1.4e-05,0.001062,1.8e-05,0,0,0,0,4.7e-05,9.1e-05,1e-06,1e-06,1.9e-05,3.1e-05,3e-06,1.7e-05,4.1e-05,0.000591,6e-06,0.008489,2e-06,1.4e-05,5.1e-05,6.4e-05,0,3e-06,0.000324,0.000113,0,0.000102,0.000142,3.5e-05,1.4e-05,0.00042,1.3e-05,2e-06,1e-06,0.00016,0,1e-06,7e-06,1e-06,0,6.4e-05,0,1e-06,6.2e-05,0.008643,6.1e-05,2e-06,0.016519,5e-05,3.6e-05,3.8e-05,0,1e-06,3.4e-05,0,0.000675,0,0,0,0,1.7e-05,0,2e-06,1e-06,2e-05,3e-06,0.000394,0.000237,4.4e-05,0.000128,2e-06,0.000144,2e-06,9e-06,7e-06,1.3e-05,6.5e-05,0,1.5e-05,1e-05,2e-06,1e-06,7e-06,5.2e-05,1e-06,0,1.7e-05,0.000135,0,0,0.000183,0.00221,7.5e-05,1e-05,9.3e-05,7.8e-05,0.00015,0.000505,4e-06,6e-06,3e-06,1e-06,1.9e-05,3.6e-05,1.1e-05,0.000504,2e-05,3.4e-05,0,6.5e-05,1e-06,0.000373,0,0,9e-06,0,0,0.000239,1.2e-05,2e-06,3.8e-05,0.000358,2e-06,0,0.000137,4e-06,0.000415,7e-06,1.3e-05,7.1e-05,0.00021,2.7e-05,0.000153,0,0,0,0,0,0.000302,5e-05,0.000148,0,4.4e-05,6e-05,1e-06,1e-06,0,1.1e-05,1.6e-05,5e-06,1e-06,0.000137,0,4e-06,0,0.003594,0,0,7e-06,9e-06,0.001258,0.000271,8e-06,0.000193,9e-06,2e-06,3e-06,1e-06,0,0,0
"kilimanjaro/moshimunicipal/kilimanjaro",0,0,0,0,0,0,0,0,0,0,0,0,0,0,0,0,0,0,0,0,0,0,0,0,0,0,0,0,0,0,0,0,0,0,0,0,0,0,0,0,0,0,0,0,0,0,0,0,0,0,0,0,0,0,0,0,0,0,0,0,0,0,0,0,0,0,0,0,0,0,0,0,0,0,0,0,0,0,0,0,0,0,0,0,0,0,0,0,0,0,0,0,0,0,0,0,0,0,0,0,0,0,0,0,0,0,0,0,0,0,0,0,0,0,0,0,0,0,0,0,0,0,0,0,0,0,0,0,0,0,0,0,0,0,0,0,0,0,0,0,0,0,0,0,0,0,0,0,0,0,0,0,0,0,0,0,0,0,0,0,0,0,0,0,0,0,0,0,0,0,0,0,0,0,0,0,0,0,0,0,0,0,0,0,0,0,0,0,0,0,0,0,0,0,0,0,0,0,0,0,0,0,0,0,0,0,0,0,0,0,0,0,0,0,0,0,0,0,0,0,0,0,0,0,0,0,0,0,0,0,0,0,0,0,0,0,0,0,0,0,0,0,0,0,0,0,0,0,0,0,0,0,0,0,0,0,0,0,0,0,0,0,0,0,0,0,0,0,0,0,0,0,0,0,0,0,0,0,0,0,0,0,0,0,0,0,0,0,0,0,0,0,0,0,0,0,0,0,0,0,0,0,0,0,0,0,0,0,0,0,0,0,0,0,0,0,0,0,0,0,0,0,0,0,0,0,0,0,0,0,0,0,0,0,0,0,0,0,0,0,0,0,0,0,0,0,0,0,0,0,0,0,0,0,0,0,0,0,0,0,0,0,0,0,0,0,0,0,0,0,0,0,0,0,0,0,0,0,0,0,0,0,0,0,0,0,0,0,0,0,0,0,0,0,0,0,0,0
"kilimanjaro/mwanga/kilomeni",0,0,0,0,0,0,0,0,0,0,0,0,0,0,0,0,0,0,0,0,0,0,0,0,0,0,0,0,0,0,0,0,0,0,0,0,0,0,0,0,0,0,0,0,0,0,0,0,0,0,0,0,0,0,0,0,0,0,0,0,0,0,0,0,0,0,0,0,0,0,0,0,0,0,0,0,0,0,0,0,0,0,0,0,0,0,0,0,0,0,0,0,0,0,0,0,0,0,0,0,0,0,0,0,0,0,0,0,0,0,0,0,0,0,0,0,0,0,0,0,0,0,0,0,0,0,0,0,0,0,0,0,0,0,0,0,0,0,0,0,0,0,0,0,0,0,0,0,0,0,0,0,0,0,0,0,0,0,0,0,0,0,0,0,0,0,0,0,0,0,0,0,0,0,0,0,0,0,0,0,0,0,0,0,0,0,0,0,0,0,0,0,0,0,0,0,0,0,0,0,0,0,0,0,0,0,0,0,0,0,0,0,0,0,0,0,0,0,0,0,0,0,0,0,0,0,0,0,0,0,0,0,0,0,0,0,0,0,0,0,0,0,0,0,0,0,0,0,0,0,0,0,0,0,0,0,0,0,0,0,0,0,0,0,0,0,0,0,0,0,0,0,0,0,0,0,0,0,0,0,0,0,0,0,0,0,0,0,0,0,0,0,0,0,0,0,0,0,0,0,0,0,0,0,0,0,0,0,0,0,0,0,0,0,0,0,0,0,0,0,0,0,0,0,0,0,0,0,0,0,0,0,0,0,0,0,0,0,0,0,0,0,0,0,0,0,0,0,0,0,0,0,0,0,0,0,0,0,0,0,0,0,0,0,0,0,0,0,0,0,0,0,0,0,0,0,0,0,0,0,0,0,0,0,0,0,0,0,0,0,0,0,0,0,0,0,0,0
"arusha/arushaurban/kimandolu",0,0,0,0,0,0,0,0,0,0,0,0,0,0,0,0,0,0,0,0,0,0,0,0,0,0,0,0,0,0,0,0,0,0,0,0,0,0,0,0,0,0,0,0,0,0,0,0,0,0,0,0,0,0,0,0,0,0,0,0,0,0,0,0,0,0,0,0,0,0,0,0,0,0,0,0,0,0,0,0,0,0,0,0,0,0,0,0,0,0,0,0,0,0,0,0,0,0,0,0,0,0,0,0,0,0,0,0,0,0,0,0,0,0,0,0,0,0,0,0,0,0,0,0,0,0,0,0,0,0,0,0,0,0,0,0,0,0,0,0,0,0,0,0,0,0,0,0,0,0,0,0,0,0,0,0,0,0,0,0,0,0,0,0,0,0,0,0,0,0,0,0,0,0,0,0,0,0,0,0,0,0,0,0,0,0,0,0,0,0,0,0,0,0,0,0,0,0,0,0,0,0,0,0,0,0,0,0,0,0,0,0,0,0,0,0,0,0,0,0,0,0,0,0,0,0,0,0,0,0,0,0,0,0,0,0,0,0,0,0,0,0,0,0,0,0,0,0,0,0,0,0,0,0,0,0,0,0,0,0,0,0,0,0,0,0,0,0,0,0,0,0,0,0,0,0,0,0,0,0,0,0,0,0,0,0,0,0,0,0,0,0,0,0,0,0,0,0,0,0,0,0,0,0,0,0,0,0,0,0,0,0,0,0,0,0,0,0,0,0,0,0,0,0,0,0,0,0,0,0,0,0,0,0,0,0,0,0,0,0,0,0,0,0,0,0,0,0,0,0,0,0,0,0,0,0,0,0,0,0,0,0,0,0,0,0,0,0,0,0,0,0,0,0,0,0,0,0,0,0,0,0,0,0,0,0,0,0,0,0,0,0,0,0,0,0,0,0
"arusha/arusha/kimnyaki",0,0,0,0,0,0,0,0,0,0,0,0,0,0,0,0,0,0,0,0,0,0,0,0,0,0,0,0,0,0,0,0,0,0,0,0,0,0,0,0,0,0,0,0,0,0,0,0,0,0,0,0,0,0,0,0,0,0,0,0,0,0,0,0,0,0,0,0,0,0,0,0,0,0,0,0,0,0,0,0,0,0,0,0,0,0,0,0,0,0,0,0,0,0,0,0,0,0,0,0,0,0,0,0,0,0,0,0,0,0,0,0,0,0,0,0,0,0,0,0,0,0,0,0,0,0,0,0,0,0,0,0,0,0,0,0,0,0,0,0,0,0,0,0,0,0,0,0,0,0,0,0,0,0,0,0,0,0,0,0,0,0,0,0,0,0,0,0,0,0,0,0,0,0,0,0,0,0,0,0,0,0,0,0,0,0,0,0,0,0,0,0,0,0,0,0,0,0,0,0,0,0,0,0,0,0,0,0,0,0,0,0,0,0,0,0,0,0,0,0,0,0,0,0,0,0,0,0,0,0,0,0,0,0,0,0,0,0,0,0,0,0,0,0,0,0,0,0,0,0,0,0,0,0,0,0,0,0,0,0,0,0,0,0,0,0,0,0,0,0,0,0,0,0,0,0,0,0,0,0,0,0,0,0,0,0,0,0,0,0,0,0,0,0,0,0,0,0,0,0,0,0,0,0,0,0,0,0,0,0,0,0,0,0,0,0,0,0,0,0,0,0,0,0,0,0,0,0,0,0,0,0,0,0,0,0,0,0,0,0,0,0,0,0,0,0,0,0,0,0,0,0,0,0,0,0,0,0,0,0,0,0,0,0,0,0,0,0,0,0,0,0,0,0,0,0,0,0,0,0,0,0,0,0,0,0,0,0,0,0,0,0,0,0,0,0,0,0
"kilimanjaro/moshi/kimochi",0,0,0,0,0,0,0,0,0,0,0,0,0,0,0,0,0,0,0,0,0,0,0,0,0,0,0,0,0,0,0,0,0,0,0,0,0,0,0,0,0,0,0,0,0,0,0,0,0,0,0,0,0,0,0,0,0,0,0,0,0,0,0,0,0,0,0,0,0,0,0,0,0,0,0,0,0,0,0,0,0,0,0,0,0,0,0,0,0,0,0,0,0,0,0,0,0,0,0,0,0,0,0,0,0,0,0,0,0,0,0,0,0,0,0,0,0,0,0,0,0,0,0,0,0,0,0,0,0,0,0,0,0,0,0,0,0,0,0,0,0,0,0,0,0,0,0,0,0,0,0,0,0,0,0,0,0,0,0,0,0,0,0,0,0,0,0,0,0,0,0,0,0,0,0,0,0,0,0,0,0,0,0,0,0,0,0,0,0,0,0,0,0,0,0,0,0,0,0,0,0,0,0,0,0,0,0,0,0,0,0,0,0,0,0,0,0,0,0,0,0,0,0,0,0,0,0,0,0,0,0,0,0,0,0,0,0,0,0,0,0,0,0,0,0,0,0,0,0,0,0,0,0,0,0,0,0,0,0,0,0,0,0,0,0,0,0,0,0,0,0,0,0,0,0,0,0,0,0,0,0,0,0,0,0,0,0,0,0,0,0,0,0,0,0,0,0,0,0,0,0,0,0,0,0,0,0,0,0,0,0,0,0,0,0,0,0,0,0,0,0,0,0,0,0,0,0,0,0,0,0,0,0,0,0,0,0,0,0,0,0,0,0,0,0,0,0,0,0,0,0,0,0,0,0,0,0,0,0,0,0,0,0,0,0,0,0,0,0,0,0,0,0,0,0,0,0,0,0,0,0,0,0,0,0,0,0,0,0,0,0,0,0,0,0,0,0,0
"arusha/longido/kimokouwa",0,0,0,0,0,0,0,0,0,0,0,0,0,0,0,0,0,0,0,0,0,0,0,0,0,0,0,0,0,0,0,0,0,0,0,0,0,0,0,0,0,0,0,0,0,0,0,0,0,0,0,0,0,0,0,0,0,0,0,0,0,0,0,0,0,0,0,0,0,0,0,0,0,0,0,0,0,0,0,0,0,0,0,0,0,0,0,0,0,0,0,0,0,0,0,0,0,0,0,0,0,0,0,0,0,0,0,0,0,0,0,0,0,0,0,0,0,0,0,0,0,0,0,0,0,0,0,0,0,0,0,0,0,0,0,0,0,0,0,0,0,0,0,0,0,0,0,0,0,0,0,0,0,0,0,0,0,0,0,0,0,0,0,0,0,0,0,0,0,0,0,0,0,0,0,0,0,0,0,0,0,0,0,0,0,0,0,0,0,0,0,0,0,0,0,0,0,0,0,0,0,0,0,0,0,0,0,0,0,0,0,0,0,0,0,0,0,0,0,0,0,0,0,0,0,0,0,0,0,0,0,0,0,0,0,0,0,0,0,0,0,0,0,0,0,0,0,0,0,0,0,0,0,0,0,0,0,0,0,0,0,0,0,0,0,0,0,0,0,0,0,0,0,0,0,0,0,0,0,0,0,0,0,0,0,0,0,0,0,0,0,0,0,0,0,0,0,0,0,0,0,0,0,0,0,0,0,0,0,0,0,0,0,0,0,0,0,0,0,0,0,0,0,0,0,0,0,0,0,0,0,0,0,0,0,0,0,0,0,0,0,0,0,0,0,0,0,0,0,0,0,0,0,0,0,0,0,0,0,0,0,0,0,0,0,0,0,0,0,0,0,0,0,0,0,0,0,0,0,0,0,0,0,0,0,0,0,0,0,0,0,0,0,0,0,0,0,0
"kilimanjaro/moshi/kindi",0,0,0,0,0,0,0,0,0,0,0,0,0,0,0,0,0,0,0,0,0,0,0,0,0,0,0,0,0,0,0,0,0,0,0,0,0,0,0,0,0,0,0,0,0,0,0,0,0,0,0,0,0,0,0,0,0,0,0,0,0,0,0,0,0,0,0,0,0,0,0,0,0,0,0,0,0,0,0,0,0,0,0,0,0,0,0,0,0,0,0,0,0,0,0,0,0,0,0,0,0,0,0,0,0,0,0,0,0,0,0,0,0,0,0,0,0,0,0,0,0,0,0,0,0,0,0,0,0,0,0,0,0,0,0,0,0,0,0,0,0,0,0,0,0,0,0,0,0,0,0,0,0,0,0,0,0,0,0,0,0,0,0,0,0,0,0,0,0,0,0,0,0,0,0,0,0,0,0,0,0,0,0,0,0,0,0,0,0,0,0,0,0,0,0,0,0,0,0,0,0,0,0,0,0,0,0,0,0,0,0,0,0,0,0,0,0,0,0,0,0,0,0,0,0,0,0,0,0,0,0,0,0,0,0,0,0,0,0,0,0,0,0,0,0,0,0,0,0,0,0,0,0,0,0,0,0,0,0,0,0,0,0,0,0,0,0,0,0,0,0,0,0,0,0,0,0,0,0,0,0,0,0,0,0,0,0,0,0,0,0,0,0,0,0,0,0,0,0,0,0,0,0,0,0,0,0,0,0,0,0,0,0,0,0,0,0,0,0,0,0,0,0,0,0,0,0,0,0,0,0,0,0,0,0,0,0,0,0,0,0,0,0,0,0,0,0,0,0,0,0,0,0,0,0,0,0,0,0,0,0,0,0,0,0,0,0,0,0,0,0,0,0,0,0,0,0,0,0,0,0,0,0,0,0,0,0,0,0,0,0,0,0,0,0,0,0,0
"arusha/meru/kingori",0,0,0,0,0,0,0,0,0,0,0,0,0,0,0,0,0,0,0,0,0,0,0,0,0,0,0,0,0,0,0,0,0,0,0,0,0,0,0,0,0,0,0,0,0,0,0,0,0,0,0,0,0,0,0,0,0,0,0,0,0,0,0,0,0,0,0,0,0,0,0,0,0,0,0,0,0,0,0,0,0,0,0,0,0,0,0,0,0,0,0,0,0,0,0,0,0,0,0,0,0,0,0,0,0,0,0,0,0,0,0,0,0,0,0,0,0,0,0,0,0,0,0,0,0,0,0,0,0,0,0,0,0,0,0,0,0,0,0,0,0,0,0,0,0,0,0,0,0,0,0,0,0,0,0,0,0,0,0,0,0,0,0,0,0,0,0,0,0,0,0,0,0,0,0,0,0,0,0,0,0,0,0,0,0,0,0,0,0,0,0,0,0,0,0,0,0,0,0,0,0,0,0,0,0,0,0,0,0,0,0,0,0,0,0,0,0,0,0,0,0,0,0,0,0,0,0,0,0,0,0,0,0,0,0,0,0,0,0,0,0,0,0,0,0,0,0,0,0,0,0,0,0,0,0,0,0,0,0,0,0,0,0,0,0,0,0,0,0,0,0,0,0,0,0,0,0,0,0,0,0,0,0,0,0,0,0,0,0,0,0,0,0,0,0,0,0,0,0,0,0,0,0,0,0,0,0,0,0,0,0,0,0,0,0,0,0,0,0,0,0,0,0,0,0,0,0,0,0,0,0,0,0,0,0,0,0,0,0,0,0,0,0,0,0,0,0,0,0,0,0,0,0,0,0,0,0,0,0,0,0,0,0,0,0,0,0,0,0,0,0,0,0,0,0,0,0,0,0,0,0,0,0,0,0,0,0,0,0,0,0,0,0,0,0,0,0,0
"kilimanjaro/same/kirangare",0,0,0,0,0,0,0,0,0,0,0,0,0,0,0,0,0,0,0,0,0,0,0,0,0,0,0,0,0,0,0,0,0,0,0,0,0,0,0,0,0,0,0,0,0,0,0,0,0,0,0,0,0,0,0,0,0,0,0,0,0,0,0,0,0,0,0,0,0,0,0,0,0,0,0,0,0,0,0,0,0,0,0,0,0,0,0,0,0,0,0,0,0,0,0,0,0,0,0,0,0,0,0,0,0,0,0,0,0,0,0,0,0,0,0,0,0,0,0,0,0,0,0,0,0,0,0,0,0,0,0,0,0,0,0,0,0,0,0,0,0,0,0,0,0,0,0,0,0,0,0,0,0,0,0,0,0,0,0,0,0,0,0,0,0,0,0,0,0,0,0,0,0,0,0,0,0,0,0,0,0,0,0,0,0,0,0,0,0,0,0,0,0,0,0,0,0,0,0,0,0,0,0,0,0,0,0,0,0,0,0,0,0,0,0,0,0,0,0,0,0,0,0,0,0,0,0,0,0,0,0,0,0,0,0,0,0,0,0,0,0,0,0,0,0,0,0,0,0,0,0,0,0,0,0,0,0,0,0,0,0,0,0,0,0,0,0,0,0,0,0,0,0,0,0,0,0,0,0,0,0,0,0,0,0,0,0,0,0,0,0,0,0,0,0,0,0,0,0,0,0,0,0,0,0,0,0,0,0,0,0,0,0,0,0,0,0,0,0,0,0,0,0,0,0,0,0,0,0,0,0,0,0,0,0,0,0,0,0,0,0,0,0,0,0,0,0,0,0,0,0,0,0,0,0,0,0,0,0,0,0,0,0,0,0,0,0,0,0,0,0,0,0,0,0,0,0,0,0,0,0,0,0,0,0,0,0,0,0,0,0,0,0,0,0,0,0,0
"arusha/arusha/kiranyi",0,0,0,0,0,0,0,0,0,0,0,0,0,0,0,0,0,0,0,0,0,0,0,0,0,0,0,0,0,0,0,0,0,0,0,0,0,0,0,0,0,0,0,0,0,0,0,0,0,0,0,0,0,0,0,0,0,0,0,0,0,0,0,0,0,0,0,0,0,0,0,0,0,0,0,0,0,0,0,0,0,0,0,0,0,0,0,0,0,0,0,0,0,0,0,0,0,0,0,0,0,0,0,0,0,0,0,0,0,0,0,0,0,0,0,0,0,0,0,0,0,0,0,0,0,0,0,0,0,0,0,0,0,0,0,0,0,0,0,0,0,0,0,0,0,0,0,0,0,0,0,0,0,0,0,0,0,0,0,0,0,0,0,0,0,0,0,0,0,0,0,0,0,0,0,0,0,0,0,0,0,0,0,0,0,0,0,0,0,0,0,0,0,0,0,0,0,0,0,0,0,0,0,0,0,0,0,0,0,0,0,0,0,0,0,0,0,0,0,0,0,0,0,0,0,0,0,0,0,0,0,0,0,0,0,0,0,0,0,0,0,0,0,0,0,0,0,0,0,0,0,0,0,0,0,0,0,0,0,0,0,0,0,0,0,0,0,0,0,0,0,0,0,0,0,0,0,0,0,0,0,0,0,0,0,0,0,0,0,0,0,0,0,0,0,0,0,0,0,0,0,0,0,0,0,0,0,0,0,0,0,0,0,0,0,0,0,0,0,0,0,0,0,0,0,0,0,0,0,0,0,0,0,0,0,0,0,0,0,0,0,0,0,0,0,0,0,0,0,0,0,0,0,0,0,0,0,0,0,0,0,0,0,0,0,0,0,0,0,0,0,0,0,0,0,0,0,0,0,0,0,0,0,0,0,0,0,0,0,0,0,0,0,0,0,0,0,0
"kilimanjaro/moshi/kirima",0,0,0,0,0,0,0,0,0,0,0,0,0,0,0,0,0,0,0,0,0,0,0,0,0,0,0,0,0,0,0,0,0,0,0,0,0,0,0,0,0,0,0,0,0,0,0,0,0,0,0,0,0,0,0,0,0,0,0,0,0,0,0,0,0,0,0,0,0,0,0,0,0,0,0,0,0,0,0,0,0,0,0,0,0,0,0,0,0,0,0,0,0,0,0,0,0,0,0,0,0,0,0,0,0,0,0,0,0,0,0,0,0,0,0,0,0,0,0,0,0,0,0,0,0,0,0,0,0,0,0,0,0,0,0,0,0,0,0,0,0,0,0,0,0,0,0,0,0,0,0,0,0,0,0,0,0,0,0,0,0,0,0,0,0,0,0,0,0,0,0,0,0,0,0,0,0,0,0,0,0,0,0,0,0,0,0,0,0,0,0,0,0,0,0,0,0,0,0,0,0,0,0,0,0,0,0,0,0,0,0,0,0,0,0,0,0,0,0,0,0,0,0,0,0,0,0,0,0,0,0,0,0,0,0,0,0,0,0,0,0,0,0,0,0,0,0,0,0,0,0,0,0,0,0,0,0,0,0,0,0,0,0,0,0,0,0,0,0,0,0,0,0,0,0,0,0,0,0,0,0,0,0,0,0,0,0,0,0,0,0,0,0,0,0,0,0,0,0,0,0,0,0,0,0,0,0,0,0,0,0,0,0,0,0,0,0,0,0,0,0,0,0,0,0,0,0,0,0,0,0,0,0,0,0,0,0,0,0,0,0,0,0,0,0,0,0,0,0,0,0,0,0,0,0,0,0,0,0,0,0,0,0,0,0,0,0,0,0,0,0,0,0,0,0,0,0,0,0,0,0,0,0,0,0,0,0,0,0,0,0,0,0,0,0,0,0,0
"kilimanjaro/rombo/kirongosamanga",0,0,0,0,0,0,0,0,0,0,0,0,0,0,0,0,0,0,0,0,0,0,0,0,0,0,0,0,0,0,0,0,0,0,0,0,0,0,0,0,0,0,0,0,0,0,0,0,0,0,0,0,0,0,0,0,0,0,0,0,0,0,0,0,0,0,0,0,0,0,0,0,0,0,0,0,0,0,0,0,0,0,0,0,0,0,0,0,0,0,0,0,0,0,0,0,0,0,0,0,0,0,0,0,0,0,0,0,0,0,0,0,0,0,0,0,0,0,0,0,0,0,0,0,0,0,0,0,0,0,0,0,0,0,0,0,0,0,0,0,0,0,0,0,0,0,0,0,0,0,0,0,0,0,0,0,0,0,0,0,0,0,0,0,0,0,0,0,0,0,0,0,0,0,0,0,0,0,0,0,0,0,0,0,0,0,0,0,0,0,0,0,0,0,0,0,0,0,0,0,0,0,0,0,0,0,0,0,0,0,0,0,0,0,0,0,0,0,0,0,0,0,0,0,0,0,0,0,0,0,0,0,0,0,0,0,0,0,0,0,0,0,0,0,0,0,0,0,0,0,0,0,0,0,0,0,0,0,0,0,0,0,0,0,0,0,0,0,0,0,0,0,0,0,0,0,0,0,0,0,0,0,0,0,0,0,0,0,0,0,0,0,0,0,0,0,0,0,0,0,0,0,0,0,0,0,0,0,0,0,0,0,0,0,0,0,0,0,0,0,0,0,0,0,0,0,0,0,0,0,0,0,0,0,0,0,0,0,0,0,0,0,0,0,0,0,0,0,0,0,0,0,0,0,0,0,0,0,0,0,0,0,0,0,0,0,0,0,0,0,0,0,0,0,0,0,0,0,0,0,0,0,0,0,0,0,0,0,0,0,0,0,0,0,0,0,0,0
"kilimanjaro/mwanga/kirongwe",0,0,0,0,0,0,0,0,0,0,0,0,0,0,0,0,0,0,0,0,0,0,0,0,0,0,0,0,0,0,0,0,0,0,0,0,0,0,0,0,0,0,0,0,0,0,0,0,0,0,0,0,0,0,0,0,0,0,0,0,0,0,0,0,0,0,0,0,0,0,0,0,0,0,0,0,0,0,0,0,0,0,0,0,0,0,0,0,0,0,0,0,0,0,0,0,0,0,0,0,0,0,0,0,0,0,0,0,0,0,0,0,0,0,0,0,0,0,0,0,0,0,0,0,0,0,0,0,0,0,0,0,0,0,0,0,0,0,0,0,0,0,0,0,0,0,0,0,0,0,0,0,0,0,0,0,0,0,0,0,0,0,0,0,0,0,0,0,0,0,0,0,0,0,0,0,0,0,0,0,0,0,0,0,0,0,0,0,0,0,0,0,0,0,0,0,0,0,0,0,0,0,0,0,0,0,0,0,0,0,0,0,0,0,0,0,0,0,0,0,0,0,0,0,0,0,0,0,0,0,0,0,0,0,0,0,0,0,0,0,0,0,0,0,0,0,0,0,0,0,0,0,0,0,0,0,0,0,0,0,0,0,0,0,0,0,0,0,0,0,0,0,0,0,0,0,0,0,0,0,0,0,0,0,0,0,0,0,0,0,0,0,0,0,0,0,0,0,0,0,0,0,0,0,0,0,0,0,0,0,0,0,0,0,0,0,0,0,0,0,0,0,0,0,0,0,0,0,0,0,0,0,0,0,0,0,0,0,0,0,0,0,0,0,0,0,0,0,0,0,0,0,0,0,0,0,0,0,0,0,0,0,0,0,0,0,0,0,0,0,0,0,0,0,0,0,0,0,0,0,0,0,0,0,0,0,0,0,0,0,0,0,0,0,0,0,0,0
"manyara/babati/kiru",0,0,0,0,0,0,0,0,0,0,0,0,0,0,0,0,0,0,0,0,0,0,0,0,0,0,0,0,0,0,0,0,0,0,0,0,0,0,0,0,0,0,0,0,0,0,0,0,0,0,0,0,0,0,0,0,0,0,0,0,0,0,0,0,0,0,0,0,0,0,0,0,0,0,0,0,0,0,0,0,0,0,0,0,0,0,0,0,0,0,0,0,0,0,0,0,0,0,0,0,0,0,0,0,0,0,0,0,0,0,0,0,0,0,0,0,0,0,0,0,0,0,0,0,0,0,0,0,0,0,0,0,0,0,0,0,0,0,0,0,0,0,0,0,0,0,0,0,0,0,0,0,0,0,0,0,0,0,0,0,0,0,0,0,0,0,0,0,0,0,0,0,0,0,0,0,0,0,0,0,0,0,0,0,0,0,0,0,0,0,0,0,0,0,0,0,0,0,0,0,0,0,0,0,0,0,0,0,0,0,0,0,0,0,0,0,0,0,0,0,0,0,0,0,0,0,0,0,0,0,0,0,0,0,0,0,0,0,0,0,0,0,0,0,0,0,0,0,0,0,0,0,0,0,0,0,0,0,0,0,0,0,0,0,0,0,0,0,0,0,0,0,0,0,0,0,0,0,0,0,0,0,0,0,0,0,0,0,0,0,0,0,0,0,0,0,0,0,0,0,0,0,0,0,0,0,0,0,0,0,0,0,0,0,0,0,0,0,0,0,0,0,0,0,0,0,0,0,0,0,0,0,0,0,0,0,0,0,0,0,0,0,0,0,0,0,0,0,0,0,0,0,0,0,0,0,0,0,0,0,0,0,0,0,0,0,0,0,0,0,0,0,0,0,0,0,0,0,0,0,0,0,0,0,0,0,0,0,0,0,0,0,0,0,0,0,0,0
"kilimanjaro/moshi/kiruavunjokusini",1.8e-05,1e-06,5.3e-05,3e-06,0,0.002071,0,0,0,1.3e-05,0,0,1.2e-05,0.000166,2e-06,0,0,0,0,0,1e-06,3.6e-05,0,9.9e-05,1e-06,2.9e-05,0,0,0,2e-06,9.5e-05,0,1e-06,8e-06,0,0,1.3e-05,2e-06,0,6e-06,0,0,9e-06,1e-06,1e-06,0,2e-06,0.002856,7.6e-05,0,0,0,0,0,2e-06,0,6e-06,0,3.4e-05,4.2e-05,1.4e-05,1.3e-05,4.2e-05,1e-06,0,9.4e-05,1.9e-05,0,2e-06,1.1e-05,0,0,1.1e-05,1e-06,0,1.3e-05,2e-06,0,0,0,0,0,0,0,0,0,0.005127,0,1e-06,0.000136,0,0,0.020093,8.3e-05,1e-06,4e-06,0.000194,7e-06,0.013546,0.005471,0,0,4e-05,2e-05,0.000588,0.001105,0,0.001902,4.7e-05,1.2e-05,0.000148,0.002986,1e-06,0,6.9e-05,5.4e-05,0.001268,0,0.027044,0.000458,0.000161,0.010614,1.9e-05,6e-05,5e-06,1.5e-05,9e-06,0.001807,0.000102,0.000124,0.000153,0.007737,0.004702,0.00056,3e-06,8.3e-05,4e-06,0.005193,0.000382,0.002099,0.000136,1e-06,2.4e-05,0.000217,4.3e-05,0.000748,0,0,0.010764,0.00847,3.4e-05,7e-06,3.8e-05,4e-06,0.000123,0.000418,5.7e-05,2e-06,3e-06,0.196027,0.000386,8.2e-05,3.7e-05,2.4e-05,0,0,0.000286,4.7e-05,0.000148,7.3e-05,3e-06,3.8e-05,0.002139,4.5e-05,4.4e-05,9e-06,6.1e-05,1e-06,0.00344,8e-06,1e-06,1e-06,9.9e-05,0.001005,0.006361,0.277715,8e-06,2.3e-05,0.004341,0.00091,0.000573,1e-06,1e-06,0,7e-06,0,7.2e-05,0,0.006705,0,0.000642,4e-06,5.5e-05,4e-06,0.004189,4.2e-05,0.066215,2.3e-05,8e-06,0.00011,0.000139,0,0.008349,2.4e-05,0,2e-05,0,0.016404,0.000686,0.005523,0,3e-06,0,1.6e-05,0.002973,5e-05,0.003996,5.9e-05,0,0,0,0,9.4e-05,0.000193,1e-06,8e-06,0.000146,6.8e-05,5e-06,4.5e-05,8.7e-05,0.001148,4.6e-05,0.006169,1e-06,0.000114,0.000435,0.000144,0,7e-06,0.000737,0.000246,1e-06,0.00023,0.000451,3.7e-05,4.2e-05,0.000133,0.00012,2e-06,1e-06,0.000229,0,1e-06,1.3e-05,2e-06,0,0.000139,0,2e-06,0.000138,0.003475,2.2e-05,2e-06,0.046929,0.00017,3.9e-05,5.3e-05,0,1e-06,6.3e-05,0,0.001559,0,0,0,0,5.7e-05,0,8e-06,2e-06,6.1e-05,3e-06,0.000869,0.002506,0.000136,0.000331,4e-06,0.000149,4e-06,1.7e-05,4e-06,9.6e-05,5.4e-05,0,2.7e-05,2.3e-05,4e-06,2e-06,2.9e-05,0.000114,2e-06,1e-06,0.000198,0.001206,0,0,0.000451,0.006975,0.000152,2e-05,0.000213,0.000246,0.000413,0.001148,8e-06,1e-05,7e-06,1e-06,4.2e-05,8.3e-05,2.4e-05,0.001189,3.6e-05,4.4e-05,0,0.000426,2e-06,0.000894,0,0,6.8e-05,0,0,0.000246,1.5e-05,3e-06,9e-05,0.000317,5e-06,0,0.000426,1e-05,0.000938,1.4e-05,2.6e-05,0.000123,8.8e-05,7.7e-05,0.000875,0,0,0,0,1e-06,0.000697,0.00011,0.000328,0,0.000109,0.000375,1e-06,1e-06,1e-06,3.6e-05,3.4e-05,9e-06,1e-06,0.000353,0,3e-06,0,0.010798,1e-06,0,1.5e-05,5.1e-05,0.007773,0.001865,4.7e-05,0.000463,3.7e-05,2e-06,3e-06,1e-06,0,0,0
"kilimanjaro/moshi/kiruavunjomagharibi",0,0,0,0,0,0,0,0,0,0,0,0,0,0,0,0,0,0,0,0,0,0,0,0,0,0,0,0,0,0,0,0,0,0,0,0,0,0,0,0,0,0,0,0,0,0,0,0,0,0,0,0,0,0,0,0,0,0,0,0,0,0,0,0,0,0,0,0,0,0,0,0,0,0,0,0,0,0,0,0,0,0,0,0,0,0,0,0,0,0,0,0,0,0,0,0,0,0,0,0,0,0,0,0,0,0,0,0,0,0,0,0,0,0,0,0,0,0,0,0,0,0,0,0,0,0,0,0,0,0,0,0,0,0,0,0,0,0,0,0,0,0,0,0,0,0,0,0,0,0,0,0,0,0,0,0,0,0,0,0,0,0,0,0,0,0,0,0,0,0,0,0,0,0,0,0,0,0,0,0,0,0,0,0,0,0,0,0,0,0,0,0,0,0,0,0,0,0,0,0,0,0,0,0,0,0,0,0,0,0,0,0,0,0,0,0,0,0,0,0,0,0,0,0,0,0,0,0,0,0,0,0,0,0,0,0,0,0,0,0,0,0,0,0,0,0,0,0,0,0,0,0,0,0,0,0,0,0,0,0,0,0,0,0,0,0,0,0,0,0,0,0,0,0,0,0,0,0,0,0,0,0,0,0,0,0,0,0,0,0,0,0,0,0,0,0,0,0,0,0,0,0,0,0,0,0,0,0,0,0,0,0,0,0,0,0,0,0,0,0,0,0,0,0,0,0,0,0,0,0,0,0,0,0,0,0,0,0,0,0,0,0,0,0,0,0,0,0,0,0,0,0,0,0,0,0,0,0,0,0,0,0,0,0,0,0,0,0,0,0,0,0,0,0,0,0,0,0,0,0,0,0,0,0,0,0,0,0,0,0,0,0,0,0,0,0,0,0
"kilimanjaro/moshi/kiruavunjomashariki",0,0,0,0,0,0,0,0,0,0,0,0,0,0,0,0,0,0,0,0,0,0,0,0,0,0,0,0,0,0,0,0,0,0,0,0,0,0,0,0,0,0,0,0,0,0,0,0,0,0,0,0,0,0,0,0,0,0,0,0,0,0,0,0,0,0,0,0,0,0,0,0,0,0,0,0,0,0,0,0,0,0,0,0,0,0,0,0,0,0,0,0,0,0,0,0,0,0,0,0,0,0,0,0,0,0,0,0,0,0,0,0,0,0,0,0,0,0,0,0,0,0,0,0,0,0,0,0,0,0,0,0,0,0,0,0,0,0,0,0,0,0,0,0,0,0,0,0,0,0,0,0,0,0,0,0,0,0,0,0,0,0,0,0,0,0,0,0,0,0,0,0,0,0,0,0,0,0,0,0,0,0,0,0,0,0,0,0,0,0,0,0,0,0,0,0,0,0,0,0,0,0,0,0,0,0,0,0,0,0,0,0,0,0,0,0,0,0,0,0,0,0,0,0,0,0,0,0,0,0,0,0,0,0,0,0,0,0,0,0,0,0,0,0,0,0,0,0,0,0,0,0,0,0,0,0,0,0,0,0,0,0,0,0,0,0,0,0,0,0,0,0,0,0,0,0,0,0,0,0,0,0,0,0,0,0,0,0,0,0,0,0,0,0,0,0,0,0,0,0,0,0,0,0,0,0,0,0,0,0,0,0,0,0,0,0,0,0,0,0,0,0,0,0,0,0,0,0,0,0,0,0,0,0,0,0,0,0,0,0,0,0,0,0,0,0,0,0,0,0,0,0,0,0,0,0,0,0,0,0,0,0,0,0,0,0,0,0,0,0,0,0,0,0,0,0,0,0,0,0,0,0,0,0,0,0,0,0,0,0,0,0,0,0,0,0,0,0
"kilimanjaro/rombo/kirwakeni",0,0,0,0,0,0,0,0,0,0,0,0,0,0,0,0,0,0,0,0,0,0,0,0,0,0,0,0,0,0,0,0,0,0,0,0,0,0,0,0,0,0,0,0,0,0,0,0,0,0,0,0,0,0,0,0,0,0,0,0,0,0,0,0,0,0,0,0,0,0,0,0,0,0,0,0,0,0,0,0,0,0,0,0,0,0,0,0,0,0,0,0,0,0,0,0,0,0,0,0,0,0,0,0,0,0,0,0,0,0,0,0,0,0,0,0,0,0,0,0,0,0,0,0,0,0,0,0,0,0,0,0,0,0,0,0,0,0,0,0,0,0,0,0,0,0,0,0,0,0,0,0,0,0,0,0,0,0,0,0,0,0,0,0,0,0,0,0,0,0,0,0,0,0,0,0,0,0,0,0,0,0,0,0,0,0,0,0,0,0,0,0,0,0,0,0,0,0,0,0,0,0,0,0,0,0,0,0,0,0,0,0,0,0,0,0,0,0,0,0,0,0,0,0,0,0,0,0,0,0,0,0,0,0,0,0,0,0,0,0,0,0,0,0,0,0,0,0,0,0,0,0,0,0,0,0,0,0,0,0,0,0,0,0,0,0,0,0,0,0,0,0,0,0,0,0,0,0,0,0,0,0,0,0,0,0,0,0,0,0,0,0,0,0,0,0,0,0,0,0,0,0,0,0,0,0,0,0,0,0,0,0,0,0,0,0,0,0,0,0,0,0,0,0,0,0,0,0,0,0,0,0,0,0,0,0,0,0,0,0,0,0,0,0,0,0,0,0,0,0,0,0,0,0,0,0,0,0,0,0,0,0,0,0,0,0,0,0,0,0,0,0,0,0,0,0,0,0,0,0,0,0,0,0,0,0,0,0,0,0,0,0,0,0,0,0,0,0
"kilimanjaro/mwanga/kirya",0,0,0,0,0,0,0,0,0,0,0,0,0,0,0,0,0,0,0,0,0,0,0,0,0,0,0,0,0,0,0,0,0,0,0,0,0,0,0,0,0,0,0,0,0,0,0,0,0,0,0,0,0,0,0,0,0,0,0,0,0,0,0,0,0,0,0,0,0,0,0,0,0,0,0,0,0,0,0,0,0,0,0,0,0,0,0,0,0,0,0,0,0,0,0,0,0,0,0,0,0,0,0,0,0,0,0,0,0,0,0,0,0,0,0,0,0,0,0,0,0,0,0,0,0,0,0,0,0,0,0,0,0,0,0,0,0,0,0,0,0,0,0,0,0,0,0,0,0,0,0,0,0,0,0,0,0,0,0,0,0,0,0,0,0,0,0,0,0,0,0,0,0,0,0,0,0,0,0,0,0,0,0,0,0,0,0,0,0,0,0,0,0,0,0,0,0,0,0,0,0,0,0,0,0,0,0,0,0,0,0,0,0,0,0,0,0,0,0,0,0,0,0,0,0,0,0,0,0,0,0,0,0,0,0,0,0,0,0,0,0,0,0,0,0,0,0,0,0,0,0,0,0,0,0,0,0,0,0,0,0,0,0,0,0,0,0,0,0,0,0,0,0,0,0,0,0,0,0,0,0,0,0,0,0,0,0,0,0,0,0,0,0,0,0,0,0,0,0,0,0,0,0,0,0,0,0,0,0,0,0,0,0,0,0,0,0,0,0,0,0,0,0,0,0,0,0,0,0,0,0,0,0,0,0,0,0,0,0,0,0,0,0,0,0,0,0,0,0,0,0,0,0,0,0,0,0,0,0,0,0,0,0,0,0,0,0,0,0,0,0,0,0,0,0,0,0,0,0,0,0,0,0,0,0,0,0,0,0,0,0,0,0,0,0,0,0,0
"kilimanjaro/rombo/kisalemsaranga",0,0,0,0,0,0,0,0,0,0,0,0,0,0,0,0,0,0,0,0,0,0,0,0,0,0,0,0,0,0,0,0,0,0,0,0,0,0,0,0,0,0,0,0,0,0,0,0,0,0,0,0,0,0,0,0,0,0,0,0,0,0,0,0,0,0,0,0,0,0,0,0,0,0,0,0,0,0,0,0,0,0,0,0,0,0,0,0,0,0,0,0,0,0,0,0,0,0,0,0,0,0,0,0,0,0,0,0,0,0,0,0,0,0,0,0,0,0,0,0,0,0,0,0,0,0,0,0,0,0,0,0,0,0,0,0,0,0,0,0,0,0,0,0,0,0,0,0,0,0,0,0,0,0,0,0,0,0,0,0,0,0,0,0,0,0,0,0,0,0,0,0,0,0,0,0,0,0,0,0,0,0,0,0,0,0,0,0,0,0,0,0,0,0,0,0,0,0,0,0,0,0,0,0,0,0,0,0,0,0,0,0,0,0,0,0,0,0,0,0,0,0,0,0,0,0,0,0,0,0,0,0,0,0,0,0,0,0,0,0,0,0,0,0,0,0,0,0,0,0,0,0,0,0,0,0,0,0,0,0,0,0,0,0,0,0,0,0,0,0,0,0,0,0,0,0,0,0,0,0,0,0,0,0,0,0,0,0,0,0,0,0,0,0,0,0,0,0,0,0,0,0,0,0,0,0,0,0,0,0,0,0,0,0,0,0,0,0,0,0,0,0,0,0,0,0,0,0,0,0,0,0,0,0,0,0,0,0,0,0,0,0,0,0,0,0,0,0,0,0,0,0,0,0,0,0,0,0,0,0,0,0,0,0,0,0,0,0,0,0,0,0,0,0,0,0,0,0,0,0,0,0,0,0,0,0,0,0,0,0,0,0,0,0,0,0,0,0
"kilimanjaro/same/kisima",0,0,0,0,0,0,0,0,0,0,0,0,0,0,0,0,0,0,0,0,0,0,0,0,0,0,0,0,0,0,0,0,0,0,0,0,0,0,0,0,0,0,0,0,0,0,0,0,0,0,0,0,0,0,0,0,0,0,0,0,0,0,0,0,0,0,0,0,0,0,0,0,0,0,0,0,0,0,0,0,0,0,0,0,0,0,0,0,0,0,0,0,0,0,0,0,0,0,0,0,0,0,0,0,0,0,0,0,0,0,0,0,0,0,0,0,0,0,0,0,0,0,0,0,0,0,0,0,0,0,0,0,0,0,0,0,0,0,0,0,0,0,0,0,0,0,0,0,0,0,0,0,0,0,0,0,0,0,0,0,0,0,0,0,0,0,0,0,0,0,0,0,0,0,0,0,0,0,0,0,0,0,0,0,0,0,0,0,0,0,0,0,0,0,0,0,0,0,0,0,0,0,0,0,0,0,0,0,0,0,0,0,0,0,0,0,0,0,0,0,0,0,0,0,0,0,0,0,0,0,0,0,0,0,0,0,0,0,0,0,0,0,0,0,0,0,0,0,0,0,0,0,0,0,0,0,0,0,0,0,0,0,0,0,0,0,0,0,0,0,0,0,0,0,0,0,0,0,0,0,0,0,0,0,0,0,0,0,0,0,0,0,0,0,0,0,0,0,0,0,0,0,0,0,0,0,0,0,0,0,0,0,0,0,0,0,0,0,0,0,0,0,0,0,0,0,0,0,0,0,0,0,0,0,0,0,0,0,0,0,0,0,0,0,0,0,0,0,0,0,0,0,0,0,0,0,0,0,0,0,0,0,0,0,0,0,0,0,0,0,0,0,0,0,0,0,0,0,0,0,0,0,0,0,0,0,0,0,0,0,0,0,0,0,0,0,0,0
"kilimanjaro/same/kisiwani",0,0,0,0,0,0,0,0,0,0,0,0,0,0,0,0,0,0,0,0,0,0,0,0,0,0,0,0,0,0,0,0,0,0,0,0,0,0,0,0,0,0,0,0,0,0,0,0,0,0,0,0,0,0,0,0,0,0,0,0,0,0,0,0,0,0,0,0,0,0,0,0,0,0,0,0,0,0,0,0,0,0,0,0,0,0,0,0,0,0,0,0,0,0,0,0,0,0,0,0,0,0,0,0,0,0,0,0,0,0,0,0,0,0,0,0,0,0,0,0,0,0,0,0,0,0,0,0,0,0,0,0,0,0,0,0,0,0,0,0,0,0,0,0,0,0,0,0,0,0,0,0,0,0,0,0,0,0,0,0,0,0,0,0,0,0,0,0,0,0,0,0,0,0,0,0,0,0,0,0,0,0,0,0,0,0,0,0,0,0,0,0,0,0,0,0,0,0,0,0,0,0,0,0,0,0,0,0,0,0,0,0,0,0,0,0,0,0,0,0,0,0,0,0,0,0,0,0,0,0,0,0,0,0,0,0,0,0,0,0,0,0,0,0,0,0,0,0,0,0,0,0,0,0,0,0,0,0,0,0,0,0,0,0,0,0,0,0,0,0,0,0,0,0,0,0,0,0,0,0,0,0,0,0,0,0,0,0,0,0,0,0,0,0,0,0,0,0,0,0,0,0,0,0,0,0,0,0,0,0,0,0,0,0,0,0,0,0,0,0,0,0,0,0,0,0,0,0,0,0,0,0,0,0,0,0,0,0,0,0,0,0,0,0,0,0,0,0,0,0,0,0,0,0,0,0,0,0,0,0,0,0,0,0,0,0,0,0,0,0,0,0,0,0,0,0,0,0,0,0,0,0,0,0,0,0,0,0,0,0,0,0,0,0,0,0,0,0
"arusha/arusha/kisongo",0,0,0,0,0,0,0,0,0,0,0,0,0,0,0,0,0,0,0,0,0,0,0,0,0,0,0,0,0,0,0,0,0,0,0,0,0,0,0,0,0,0,0,0,0,0,0,0,0,0,0,0,0,0,0,0,0,0,0,0,0,0,0,0,0,0,0,0,0,0,0,0,0,0,0,0,0,0,0,0,0,0,0,0,0,0,0,0,0,0,0,0,0,0,0,0,0,0,0,0,0,0,0,0,0,0,0,0,0,0,0,0,0,0,0,0,0,0,0,0,0,0,0,0,0,0,0,0,0,0,0,0,0,0,0,0,0,0,0,0,0,0,0,0,0,0,0,0,0,0,0,0,0,0,0,0,0,0,0,0,0,0,0,0,0,0,0,0,0,0,0,0,0,0,0,0,0,0,0,0,0,0,0,0,0,0,0,0,0,0,0,0,0,0,0,0,0,0,0,0,0,0,0,0,0,0,0,0,0,0,0,0,0,0,0,0,0,0,0,0,0,0,0,0,0,0,0,0,0,0,0,0,0,0,0,0,0,0,0,0,0,0,0,0,0,0,0,0,0,0,0,0,0,0,0,0,0,0,0,0,0,0,0,0,0,0,0,0,0,0,0,0,0,0,0,0,0,0,0,0,0,0,0,0,0,0,0,0,0,0,0,0,0,0,0,0,0,0,0,0,0,0,0,0,0,0,0,0,0,0,0,0,0,0,0,0,0,0,0,0,0,0,0,0,0,0,0,0,0,0,0,0,0,0,0,0,0,0,0,0,0,0,0,0,0,0,0,0,0,0,0,0,0,0,0,0,0,0,0,0,0,0,0,0,0,0,0,0,0,0,0,0,0,0,0,0,0,0,0,0,0,0,0,0,0,0,0,0,0,0,0,0,0,0,0,0,0,0
"kilimanjaro/rombo/kitirimakingachi",0,0,0,0,0,0,0,0,0,0,0,0,0,0,0,0,0,0,0,0,0,0,0,0,0,0,0,0,0,0,0,0,0,0,0,0,0,0,0,0,0,0,0,0,0,0,0,0,0,0,0,0,0,0,0,0,0,0,0,0,0,0,0,0,0,0,0,0,0,0,0,0,0,0,0,0,0,0,0,0,0,0,0,0,0,0,0,0,0,0,0,0,0,0,0,0,0,0,0,0,0,0,0,0,0,0,0,0,0,0,0,0,0,0,0,0,0,0,0,0,0,0,0,0,0,0,0,0,0,0,0,0,0,0,0,0,0,0,0,0,0,0,0,0,0,0,0,0,0,0,0,0,0,0,0,0,0,0,0,0,0,0,0,0,0,0,0,0,0,0,0,0,0,0,0,0,0,0,0,0,0,0,0,0,0,0,0,0,0,0,0,0,0,0,0,0,0,0,0,0,0,0,0,0,0,0,0,0,0,0,0,0,0,0,0,0,0,0,0,0,0,0,0,0,0,0,0,0,0,0,0,0,0,0,0,0,0,0,0,0,0,0,0,0,0,0,0,0,0,0,0,0,0,0,0,0,0,0,0,0,0,0,0,0,0,0,0,0,0,0,0,0,0,0,0,0,0,0,0,0,0,0,0,0,0,0,0,0,0,0,0,0,0,0,0,0,0,0,0,0,0,0,0,0,0,0,0,0,0,0,0,0,0,0,0,0,0,0,0,0,0,0,0,0,0,0,0,0,0,0,0,0,0,0,0,0,0,0,0,0,0,0,0,0,0,0,0,0,0,0,0,0,0,0,0,0,0,0,0,0,0,0,0,0,0,0,0,0,0,0,0,0,0,0,0,0,0,0,0,0,0,0,0,0,0,0,0,0,0,0,0,0,0,0,0,0,0,0
"arusha/longido/kitumbeine",0,0,0,0,0,0,0,0,0,0,0,0,0,0,0,0,0,0,0,0,0,0,0,0,0,0,0,0,0,0,0,0,0,0,0,0,0,0,0,0,0,0,0,0,0,0,0,0,0,0,0,0,0,0,0,0,0,0,0,0,0,0,0,0,0,0,0,0,0,0,0,0,0,0,0,0,0,0,0,0,0,0,0,0,0,0,0,0,0,0,0,0,0,0,0,0,0,0,0,0,0,0,0,0,0,0,0,0,0,0,0,0,0,0,0,0,0,0,0,0,0,0,0,0,0,0,0,0,0,0,0,0,0,0,0,0,0,0,0,0,0,0,0,0,0,0,0,0,0,0,0,0,0,0,0,0,0,0,0,0,0,0,0,0,0,0,0,0,0,0,0,0,0,0,0,0,0,0,0,0,0,0,0,0,0,0,0,0,0,0,0,0,0,0,0,0,0,0,0,0,0,0,0,0,0,0,0,0,0,0,0,0,0,0,0,0,0,0,0,0,0,0,0,0,0,0,0,0,0,0,0,0,0,0,0,0,0,0,0,0,0,0,0,0,0,0,0,0,0,0,0,0,0,0,0,0,0,0,0,0,0,0,0,0,0,0,0,0,0,0,0,0,0,0,0,0,0,0,0,0,0,0,0,0,0,0,0,0,0,0,0,0,0,0,0,0,0,0,0,0,0,0,0,0,0,0,0,0,0,0,0,0,0,0,0,0,0,0,0,0,0,0,0,0,0,0,0,0,0,0,0,0,0,0,0,0,0,0,0,0,0,0,0,0,0,0,0,0,0,0,0,0,0,0,0,0,0,0,0,0,0,0,0,0,0,0,0,0,0,0,0,0,0,0,0,0,0,0,0,0,0,0,0,0,0,0,0,0,0,0,0,0,0,0,0,0,0,0
"manyara/simanjiro/kitwai",0,0,0,0,0,0,0,0,0,0,0,0,0,0,0,0,0,0,0,0,0,0,0,0,0,0,0,0,0,0,0,0,0,0,0,0,0,0,0,0,0,0,0,0,0,0,0,0,0,0,0,0,0,0,0,0,0,0,0,0,0,0,0,0,0,0,0,0,0,0,0,0,0,0,0,0,0,0,0,0,0,0,0,0,0,0,0,0,0,0,0,0,0,0,0,0,0,0,0,0,0,0,0,0,0,0,0,0,0,0,0,0,0,0,0,0,0,0,0,0,0,0,0,0,0,0,0,0,0,0,0,0,0,0,0,0,0,0,0,0,0,0,0,0,0,0,0,0,0,0,0,0,0,0,0,0,0,0,0,0,0,0,0,0,0,0,0,0,0,0,0,0,0,0,0,0,0,0,0,0,0,0,0,0,0,0,0,0,0,0,0,0,0,0,0,0,0,0,0,0,0,0,0,0,0,0,0,0,0,0,0,0,0,0,0,0,0,0,0,0,0,0,0,0,0,0,0,0,0,0,0,0,0,0,0,0,0,0,0,0,0,0,0,0,0,0,0,0,0,0,0,0,0,0,0,0,0,0,0,0,0,0,0,0,0,0,0,0,0,0,0,0,0,0,0,0,0,0,0,0,0,0,0,0,0,0,0,0,0,0,0,0,0,0,0,0,0,0,0,0,0,0,0,0,0,0,0,0,0,0,0,0,0,0,0,0,0,0,0,0,0,0,0,0,0,0,0,0,0,0,0,0,0,0,0,0,0,0,0,0,0,0,0,0,0,0,0,0,0,0,0,0,0,0,0,0,0,0,0,0,0,0,0,0,0,0,0,0,0,0,0,0,0,0,0,0,0,0,0,0,0,0,0,0,0,0,0,0,0,0,0,0,0,0,0,0,0,0
"kilimanjaro/moshimunicipal/kiusa",2e-06,0,2e-06,0,0,0.000163,0,0,0,1e-06,0,0,1e-06,2e-05,0,0,0,0,0,0,0,6e-06,0,7.7e-05,0,7.7e-05,0,0,0,0,1.1e-05,0,0,0,0,0,2e-06,0,0,0,0,0,1e-06,0,0,0,0,0.000326,7e-06,0,0,0,0,0,0,0,1e-06,0,2e-06,4e-06,1e-06,1e-06,5e-06,0,0,1.1e-05,2e-06,0,0,1e-06,0,0,2e-06,0,0,1e-06,0,0,0,0,0,0,0,0,0,0,0.001057,0,0,9e-06,0,0,0.000575,1e-05,0,0,3.1e-05,0,0.000531,0.000113,0,0,2e-06,2e-06,0.000307,0.000107,0,0.001931,6e-06,1e-06,2.4e-05,0.000194,0,0,3e-06,2e-06,0.00021,0,0.00601,6.9e-05,3.2e-05,0.001561,1e-06,3e-06,0,1e-06,1e-06,0.000254,1.3e-05,6e-06,5e-06,9.9e-05,0.000132,0.001127,0,1e-05,0,0.000286,3.8e-05,0.000847,2.1e-05,0,3e-06,7.5e-05,2e-06,3.3e-05,0,0.000569,0.000449,0.000112,2e-06,0,2e-06,0,7e-06,4.5e-05,3e-06,0,0,0,1.3e-05,7e-06,6.6e-05,1e-06,0,0,1.5e-05,6e-06,1.7e-05,4e-06,0,4e-06,0.000246,3e-06,6e-06,1e-06,6e-06,0,0.002666,1e-06,0,0,6e-06,8.3e-05,0.001212,0.124341,1e-06,3e-06,0.001152,0.000192,0.000158,0,0,0,1e-06,0,2e-06,0,0.00627,0,8.6e-05,0,3e-06,1e-06,0.000197,6e-06,0.001377,2e-06,1e-06,4e-06,4e-06,0,0.000281,1e-06,0,1e-06,0,0.000879,2.9e-05,0.000161,0,0,0,3e-06,0.000637,9e-06,0.000703,1.2e-05,0,0,0,0,9e-06,2.1e-05,0,2.5e-05,1.6e-05,8e-06,0,2e-06,1e-05,0.000115,5.5e-05,0.000326,0,0.000102,0.000247,1.7e-05,0,1e-06,8.5e-05,2.6e-05,0,2.7e-05,4.4e-05,2e-06,2e-06,5e-06,3.8e-05,0,0,1.8e-05,0,0,1e-06,0,0,1.5e-05,0,0,1.5e-05,0.000149,1e-06,0,0.001211,6e-06,2e-06,4e-06,0,0,7e-06,0,0.000153,0,0,0,0,4e-06,0,1e-06,0,7e-06,0,0.000102,0.000431,1.8e-05,4.1e-05,0,1e-05,0,1e-06,0,0.000156,3e-06,0,2e-06,3e-06,1e-06,0,5e-06,1.3e-05,0,0,1.5e-05,0.000101,0,0,5.3e-05,0.000423,1.6e-05,2e-06,2.4e-05,4.3e-05,4.4e-05,0.000132,1e-06,1e-06,1e-06,0,5e-06,1e-05,3e-06,0.000124,3e-06,3e-06,0,0.000323,0,0.000111,0,0,5e-05,0,0,1.6e-05,1e-06,0,1.1e-05,1.8e-05,0,0,6.4e-05,1e-06,0.000109,1e-06,3e-06,1.2e-05,4e-06,3e-06,0.000873,0,0,0,0,0,8.2e-05,1.2e-05,3.7e-05,0,1.4e-05,0.000895,0,0,0,3e-06,4e-06,1e-06,0,3.9e-05,0,0,0,0.000708,0,0,2e-06,7e-06,0.002625,0.000241,6e-06,5.9e-05,2e-06,0,0,0,0,0,0
"kilimanjaro/mwanga/kivisini",0,0,0,0,0,0,0,0,0,0,0,0,0,0,0,0,0,0,0,0,0,0,0,0,0,0,0,0,0,0,0,0,0,0,0,0,0,0,0,0,0,0,0,0,0,0,0,0,0,0,0,0,0,0,0,0,0,0,0,0,0,0,0,0,0,0,0,0,0,0,0,0,0,0,0,0,0,0,0,0,0,0,0,0,0,0,0,0,0,0,0,0,0,0,0,0,0,0,0,0,0,0,0,0,0,0,0,0,0,0,0,0,0,0,0,0,0,0,0,0,0,0,0,0,0,0,0,0,0,0,0,0,0,0,0,0,0,0,0,0,0,0,0,0,0,0,0,0,0,0,0,0,0,0,0,0,0,0,0,0,0,0,0,0,0,0,0,0,0,0,0,0,0,0,0,0,0,0,0,0,0,0,0,0,0,0,0,0,0,0,0,0,0,0,0,0,0,0,0,0,0,0,0,0,0,0,0,0,0,0,0,0,0,0,0,0,0,0,0,0,0,0,0,0,0,0,0,0,0,0,0,0,0,0,0,0,0,0,0,0,0,0,0,0,0,0,0,0,0,0,0,0,0,0,0,0,0,0,0,0,0,0,0,0,0,0,0,0,0,0,0,0,0,0,0,0,0,0,0,0,0,0,0,0,0,0,0,0,0,0,0,0,0,0,0,0,0,0,0,0,0,0,0,0,0,0,0,0,0,0,0,0,0,0,0,0,0,0,0,0,0,0,0,0,0,0,0,0,0,0,0,0,0,0,0,0,0,0,0,0,0,0,0,0,0,0,0,0,0,0,0,0,0,0,0,0,0,0,0,0,0,0,0,0,0,0,0,0,0,0,0,0,0,0,0,0,0,0,0,0,0,0,0,0,0,0,0,0,0,0,0,0,0,0,0,0,0,0
"manyara/simanjiro/komolo",0.000321,1.2e-05,1.6e-05,7.5e-05,4e-06,0.001371,1e-06,2e-06,4e-06,0.001068,1.6e-05,2e-06,0.000202,0.003573,7.3e-05,5e-06,4e-06,1.6e-05,2e-06,8e-06,1.1e-05,0.000168,4e-06,2.1e-05,1.1e-05,6e-06,7e-06,4e-06,2e-06,1.7e-05,0.002496,1e-05,7e-06,1.4e-05,2e-05,6e-06,0.000339,0.000165,1.2e-05,8.7e-05,3e-06,2e-06,0.000361,9.8e-05,6.1e-05,4e-06,3.6e-05,0.07178,0.02948,7e-06,3e-06,4e-06,7e-06,3e-06,0.000128,2e-06,8.9e-05,2.2e-05,0.001222,0.001552,0.000192,0.00044,0.000503,2.9e-05,0,0.002809,0.000628,2e-06,0.000112,0.002206,4e-06,0,3.3e-05,5.5e-05,8e-06,0.000261,2.8e-05,1e-06,1e-06,2e-06,1e-06,1.6e-05,2e-06,3e-06,5e-06,2e-06,0.009453,2e-06,6.4e-05,0.002235,1e-06,2e-06,0.005123,0.001285,1.6e-05,0.000188,0.000399,7e-06,0.00375,0.000789,3e-06,3e-06,0.000333,0.000489,0.000107,0.002121,4e-06,7e-04,0.000246,0.000698,0.000279,0.001334,5.9e-05,1.2e-05,2.1e-05,1.6e-05,0.004062,8e-06,0.003565,0.000274,0.000158,0.005244,2e-05,7.8e-05,8e-06,0.000143,0.000413,0.018665,0.001785,1.9e-05,1.6e-05,0.000648,0.001457,0.000155,6e-06,0.001896,8.5e-05,0.000401,0.002842,0.001078,0.000666,9e-06,0.000595,9.6e-05,2.5e-05,0.001092,8e-06,0.001525,0.001121,0.000382,1.4e-05,2.5e-05,2e-05,2.3e-05,0.000608,0.015783,5.2e-05,4.5e-05,0.000107,0.054039,0.000201,0,1e-05,5.3e-05,2e-06,2e-06,0.000395,0.000278,0.004246,0.000145,0.000125,0.002575,0.051953,0.000879,9.1e-05,0.003409,0.015289,9e-06,0.001076,0.000267,5e-06,1.5e-05,0.00134,0.00021,0.006039,0.136163,1e-05,2.1e-05,0.003416,0.001003,0.000354,3.1e-05,8.5e-05,3e-06,0.001006,1.5e-05,1.7e-05,5e-06,0.001263,4e-06,0.005961,0.000388,0.000858,3.8e-05,0.001237,0.000154,0.009609,0.002198,0.00017,2.1e-05,1.9e-05,3.8e-05,0.002572,7e-06,2e-06,0.000143,2e-06,0.009486,0.000115,0.000729,3e-06,3.6e-05,2e-06,2.5e-05,0.004687,9.1e-05,0.005169,6.8e-05,1.2e-05,2e-06,1e-06,3e-06,0.001154,0.008275,4.6e-05,2e-06,2.5e-05,0.002166,0.000248,1.3e-05,0.001202,0.065734,1e-05,0.027213,9e-06,2e-05,7e-05,0.003564,3e-06,0.000522,0.016646,0.008012,2.8e-05,0.005738,0.000532,0.000333,1.7e-05,0.000109,1.6e-05,1.2e-05,8e-06,0.000806,1e-05,1e-05,0.000831,2.8e-05,4e-06,0.004354,4e-06,0.00022,0.003274,0.003332,1.7e-05,1.4e-05,0.007691,3.7e-05,0.000358,0.009691,5e-06,4.3e-05,0.000444,4e-06,0.010721,1e-05,1.1e-05,1e-05,1e-06,3.6e-05,5e-06,2e-05,9.8e-05,0.000161,2.7e-05,0.022158,0.000272,0.000364,0.003935,9.2e-05,0.0012,0.000115,6e-06,7e-06,1.9e-05,0.000266,1.5e-05,0.003178,0.000409,5.1e-05,3.1e-05,2e-05,0.005377,7.4e-05,3.4e-05,1.6e-05,0.000159,3e-06,9e-06,0.006839,0.003558,0.014936,0.003696,0.004034,0.000678,0.00128,0.034621,0.00018,0.000234,0.000159,1.9e-05,0.001061,0.001694,0.000586,0.014484,0.000548,0.003019,1.5e-05,0.000102,3e-05,0.013041,5.1e-05,4e-06,1.6e-05,5e-06,6e-06,0.002904,0.000263,5.4e-05,0.001448,0.001848,7.2e-05,2e-06,0.001295,0.000163,0.02187,0.000753,0.001338,0.010559,9.9e-05,2.6e-05,0.000299,5e-06,2e-06,5e-06,2e-06,1.3e-05,0.013691,0.004699,0.009406,1.3e-05,0.001208,0.00011,5e-06,1.4e-05,2.9e-05,2.8e-05,0.00145,0.010913,3.7e-05,0.002601,2e-06,7e-06,3e-06,0.006814,2.4e-05,2e-06,0.000399,1.9e-05,0.002467,0.000413,1.3e-05,0.006421,1.3e-05,1.3e-05,2.2e-05,5e-06,4e-06,3e-06,2e-06
"kilimanjaro/moshimunicipal/korongoni",0,0,0,0,0,0,0,0,0,0,0,0,0,0,0,0,0,0,0,0,0,0,0,0,0,0,0,0,0,0,0,0,0,0,0,0,0,0,0,0,0,0,0,0,0,0,0,0,0,0,0,0,0,0,0,0,0,0,0,0,0,0,0,0,0,0,0,0,0,0,0,0,0,0,0,0,0,0,0,0,0,0,0,0,0,0,0,0,0,0,0,0,0,0,0,0,0,0,0,0,0,0,0,0,0,0,0,0,0,0,0,0,0,0,0,0,0,0,0,0,0,0,0,0,0,0,0,0,0,0,0,0,0,0,0,0,0,0,0,0,0,0,0,0,0,0,0,0,0,0,0,0,0,0,0,0,0,0,0,0,0,0,0,0,0,0,0,0,0,0,0,0,0,0,0,0,0,0,0,0,0,0,0,0,0,0,0,0,0,0,0,0,0,0,0,0,0,0,0,0,0,0,0,0,0,0,0,0,0,0,0,0,0,0,0,0,0,0,0,0,0,0,0,0,0,0,0,0,0,0,0,0,0,0,0,0,0,0,0,0,0,0,0,0,0,0,0,0,0,0,0,0,0,0,0,0,0,0,0,0,0,0,0,0,0,0,0,0,0,0,0,0,0,0,0,0,0,0,0,0,0,0,0,0,0,0,0,0,0,0,0,0,0,0,0,0,0,0,0,0,0,0,0,0,0,0,0,0,0,0,0,0,0,0,0,0,0,0,0,0,0,0,0,0,0,0,0,0,0,0,0,0,0,0,0,0,0,0,0,0,0,0,0,0,0,0,0,0,0,0,0,0,0,0,0,0,0,0,0,0,0,0,0,0,0,0,0,0,0,0,0,0,0,0,0,0,0,0,0,0,0,0,0,0,0,0,0,0,0,0,0,0,0,0,0,0,0,0
"kilimanjaro/mwanga/kwakoa",0,0,0,0,0,0,0,0,0,0,0,0,0,0,0,0,0,0,0,0,0,0,0,0,0,0,0,0,0,0,0,0,0,0,0,0,0,0,0,0,0,0,0,0,0,0,0,0,0,0,0,0,0,0,0,0,0,0,0,0,0,0,0,0,0,0,0,0,0,0,0,0,0,0,0,0,0,0,0,0,0,0,0,0,0,0,0,0,0,0,0,0,0,0,0,0,0,0,0,0,0,0,0,0,0,0,0,0,0,0,0,0,0,0,0,0,0,0,0,0,0,0,0,0,0,0,0,0,0,0,0,0,0,0,0,0,0,0,0,0,0,0,0,0,0,0,0,0,0,0,0,0,0,0,0,0,0,0,0,0,0,0,0,0,0,0,0,0,0,0,0,0,0,0,0,0,0,0,0,0,0,0,0,0,0,0,0,0,0,0,0,0,0,0,0,0,0,0,0,0,0,0,0,0,0,0,0,0,0,0,0,0,0,0,0,0,0,0,0,0,0,0,0,0,0,0,0,0,0,0,0,0,0,0,0,0,0,0,0,0,0,0,0,0,0,0,0,0,0,0,0,0,0,0,0,0,0,0,0,0,0,0,0,0,0,0,0,0,0,0,0,0,0,0,0,0,0,0,0,0,0,0,0,0,0,0,0,0,0,0,0,0,0,0,0,0,0,0,0,0,0,0,0,0,0,0,0,0,0,0,0,0,0,0,0,0,0,0,0,0,0,0,0,0,0,0,0,0,0,0,0,0,0,0,0,0,0,0,0,0,0,0,0,0,0,0,0,0,0,0,0,0,0,0,0,0,0,0,0,0,0,0,0,0,0,0,0,0,0,0,0,0,0,0,0,0,0,0,0,0,0,0,0,0,0,0,0,0,0,0,0,0,0,0,0,0,0,0
"manyara/hanang/laghanga",1.4e-05,7e-06,2e-06,5.7e-05,1.6e-05,7.7e-05,3e-06,3e-06,1e-05,0.001545,3.5e-05,7.9e-05,1.1e-05,0.000162,0.00038,1e-05,2.9e-05,0.000208,0.000227,0.00247,2e-06,1.2e-05,9e-06,2e-06,2e-06,0,1.5e-05,4e-06,1e-06,3e-06,5.5e-05,6e-06,1e-06,1e-06,2.3e-05,9.8e-05,1.5e-05,0.001075,2.2e-05,5e-05,3e-05,3.2e-05,0.000209,0.000871,4.3e-05,1.5e-05,7e-06,0.003751,0.000616,9e-06,9e-06,6e-06,4e-06,4.8e-05,0.001134,1.8e-05,2e-06,6e-06,7.3e-05,0.002374,5.2e-05,0.000135,7.1e-05,1.7e-05,0,0.000106,5.2e-05,2.1e-05,3.5e-05,0.000597,3e-06,1.2e-05,3e-06,7.6e-05,0.001801,9.2e-05,1e-05,6.3e-05,0.000206,8.1e-05,8e-06,6.9e-05,2.6e-05,3.4e-05,0.000117,6e-06,0.00054,6.5e-05,0.002545,0.00034,1.4e-05,0.000181,0.00056,8.1e-05,4e-06,0.00045,3.3e-05,1e-06,0.000252,6.3e-05,6e-06,7e-06,6.4e-05,2.4e-05,8e-06,0.00033,5e-06,5e-05,1.9e-05,0.000455,2.3e-05,0.000163,0.001942,1e-06,2e-06,2e-06,0.000191,4e-06,0.000284,2.6e-05,1.4e-05,0.000501,2e-06,7e-06,1e-06,2.6e-05,0.00014,0.000888,5.9e-05,2e-06,2e-06,6e-05,0.000121,1.1e-05,1e-06,8.8e-05,5e-06,3.4e-05,0.000624,8.1e-05,3.6e-05,1e-06,3.1e-05,8e-06,3e-06,9.9e-05,2e-05,0.000126,0.000105,3.5e-05,2e-06,1e-06,3e-06,2e-06,1e-04,0.000942,8e-06,1e-05,1.4e-05,0.004104,1.8e-05,0.000349,1e-06,5e-06,0,6.1e-05,2.4e-05,1.8e-05,0.000174,1e-05,5e-05,0.000346,0.002608,4.7e-05,8e-06,0.000136,0.000749,2e-06,8.2e-05,7.2e-05,1e-06,1e-05,0.000193,1.4e-05,0.000516,0.009844,1e-06,2e-06,0.000261,7.8e-05,2.1e-05,0.000183,7.1e-05,8.2e-05,0.000497,9e-06,2e-06,8e-06,9.6e-05,2e-06,0.000292,5.2e-05,0.000103,1e-06,0.000144,1e-05,0.000923,0.000326,0.00012,2e-06,2e-06,1e-05,0.000303,1e-06,4e-06,2.6e-05,3e-06,0.001349,1.2e-05,7.4e-05,7.1e-05,1e-06,1.7e-05,2e-06,0.000306,7e-06,0.000439,4e-06,3.3e-05,2.3e-05,1.1e-05,1.5e-05,0.000422,0.000347,3.3e-05,0,2e-06,5.3e-05,9.5e-05,2e-06,3.2e-05,0.003494,1e-06,0.002304,1e-06,2e-06,5e-06,0.000127,0.000141,1.6e-05,0.000854,0.000971,2e-06,0.000231,7.2e-05,5.1e-05,2e-06,9e-06,1e-06,2e-06,1e-06,3.5e-05,2e-06,2e-06,0.000331,7e-06,1.3e-05,0.000299,4e-06,8.2e-05,0.000251,0.000241,2e-06,2e-06,0.000806,4e-06,6e-05,0.000142,7e-06,2.1e-05,1.3e-05,2e-06,0.002483,2.6e-05,5e-06,1.4e-05,2.1e-05,5e-06,5.9e-05,2e-06,2e-05,1.9e-05,5e-06,0.000667,2.1e-05,3.6e-05,0.000302,4e-06,5e-05,0.000113,1e-06,1e-06,1e-06,2.2e-05,6e-06,0.001087,2e-05,3e-06,2e-06,2e-06,0.000254,6.7e-05,2e-05,1e-06,1.4e-05,3e-06,5e-06,0.000613,0.000466,0.000347,4e-05,0.000309,4.1e-05,0.000191,0.00213,0.00013,0.000155,7e-06,1.4e-05,5.9e-05,8.9e-05,3.7e-05,0.002588,0.000341,0.000162,6e-06,7e-06,1.4e-05,0.000607,1.7e-05,3e-06,1e-06,3e-06,2.3e-05,0.000223,4.5e-05,3.2e-05,1e-04,0.000164,4.4e-05,3e-06,1e-04,8e-06,0.001061,0.000167,0.00011,0.000127,8e-06,3e-06,2.1e-05,1.2e-05,1.9e-05,1e-05,1e-05,1e-05,0.000693,0.000197,0.000437,9e-06,7.1e-05,8e-06,0,2e-06,1.4e-05,4e-06,4.6e-05,4.6e-05,2e-06,0.000384,7e-06,1e-06,1.7e-05,0.00094,0.000701,3e-06,1.9e-05,2e-06,0.000201,3.7e-05,1e-06,0.000272,1e-06,2e-06,3e-06,1e-06,1e-06,1.5e-05,1.3e-05
"manyara/hanang/lalaji",0,0,0,0,0,0,0,0,0,0,0,0,0,0,0,0,0,0,0,0,0,0,0,0,0,0,0,0,0,0,0,0,0,0,0,0,0,0,0,0,0,0,0,0,0,0,0,0,0,0,0,0,0,0,0,0,0,0,0,0,0,0,0,0,0,0,0,0,0,0,0,0,0,0,0,0,0,0,0,0,0,0,0,0,0,0,0,0,0,0,0,0,0,0,0,0,0,0,0,0,0,0,0,0,0,0,0,0,0,0,0,0,0,0,0,0,0,0,0,0,0,0,0,0,0,0,0,0,0,0,0,0,0,0,0,0,0,0,0,0,0,0,0,0,0,0,0,0,0,0,0,0,0,0,0,0,0,0,0,0,0,0,0,0,0,0,0,0,0,0,0,0,0,0,0,0,0,0,0,0,0,0,0,0,0,0,0,0,0,0,0,0,0,0,0,0,0,0,0,0,0,0,0,0,0,0,0,0,0,0,0,0,0,0,0,0,0,0,0,0,0,0,0,0,0,0,0,0,0,0,0,0,0,0,0,0,0,0,0,0,0,0,0,0,0,0,0,0,0,0,0,0,0,0,0,0,0,0,0,0,0,0,0,0,0,0,0,0,0,0,0,0,0,0,0,0,0,0,0,0,0,0,0,0,0,0,0,0,0,0,0,0,0,0,0,0,0,0,0,0,0,0,0,0,0,0,0,0,0,0,0,0,0,0,0,0,0,0,0,0,0,0,0,0,0,0,0,0,0,0,0,0,0,0,0,0,0,0,0,0,0,0,0,0,0,0,0,0,0,0,0,0,0,0,0,0,0,0,0,0,0,0,0,0,0,0,0,0,0,0,0,0,0,0,0,0,0,0,0,0,0,0,0,0,0,0,0,0,0,0,0,0,0,0,0,0,0,0
"kilimanjaro/mwanga/langata",0,0,0,0,0,0,0,0,0,0,0,0,0,0,0,0,0,0,0,0,0,0,0,0,0,0,0,0,0,0,0,0,0,0,0,0,0,0,0,0,0,0,0,0,0,0,0,0,0,0,0,0,0,0,0,0,0,0,0,0,0,0,0,0,0,0,0,0,0,0,0,0,0,0,0,0,0,0,0,0,0,0,0,0,0,0,0,0,0,0,0,0,0,0,0,0,0,0,0,0,0,0,0,0,0,0,0,0,0,0,0,0,0,0,0,0,0,0,0,0,0,0,0,0,0,0,0,0,0,0,0,0,0,0,0,0,0,0,0,0,0,0,0,0,0,0,0,0,0,0,0,0,0,0,0,0,0,0,0,0,0,0,0,0,0,0,0,0,0,0,0,0,0,0,0,0,0,0,0,0,0,0,0,0,0,0,0,0,0,0,0,0,0,0,0,0,0,0,0,0,0,0,0,0,0,0,0,0,0,0,0,0,0,0,0,0,0,0,0,0,0,0,0,0,0,0,0,0,0,0,0,0,0,0,0,0,0,0,0,0,0,0,0,0,0,0,0,0,0,0,0,0,0,0,0,0,0,0,0,0,0,0,0,0,0,0,0,0,0,0,0,0,0,0,0,0,0,0,0,0,0,0,0,0,0,0,0,0,0,0,0,0,0,0,0,0,0,0,0,0,0,0,0,0,0,0,0,0,0,0,0,0,0,0,0,0,0,0,0,0,0,0,0,0,0,0,0,0,0,0,0,0,0,0,0,0,0,0,0,0,0,0,0,0,0,0,0,0,0,0,0,0,0,0,0,0,0,0,0,0,0,0,0,0,0,0,0,0,0,0,0,0,0,0,0,0,0,0,0,0,0,0,0,0,0,0,0,0,0,0,0,0,0,0,0,0,0,0
"arusha/meru/leguruki",0,0,0,0,0,0,0,0,0,0,0,0,0,0,0,0,0,0,0,0,0,0,0,0,0,0,0,0,0,0,0,0,0,0,0,0,0,0,0,0,0,0,0,0,0,0,0,0,0,0,0,0,0,0,0,0,0,0,0,0,0,0,0,0,0,0,0,0,0,0,0,0,0,0,0,0,0,0,0,0,0,0,0,0,0,0,0,0,0,0,0,0,0,0,0,0,0,0,0,0,0,0,0,0,0,0,0,0,0,0,0,0,0,0,0,0,0,0,0,0,0,0,0,0,0,0,0,0,0,0,0,0,0,0,0,0,0,0,0,0,0,0,0,0,0,0,0,0,0,0,0,0,0,0,0,0,0,0,0,0,0,0,0,0,0,0,0,0,0,0,0,0,0,0,0,0,0,0,0,0,0,0,0,0,0,0,0,0,0,0,0,0,0,0,0,0,0,0,0,0,0,0,0,0,0,0,0,0,0,0,0,0,0,0,0,0,0,0,0,0,0,0,0,0,0,0,0,0,0,0,0,0,0,0,0,0,0,0,0,0,0,0,0,0,0,0,0,0,0,0,0,0,0,0,0,0,0,0,0,0,0,0,0,0,0,0,0,0,0,0,0,0,0,0,0,0,0,0,0,0,0,0,0,0,0,0,0,0,0,0,0,0,0,0,0,0,0,0,0,0,0,0,0,0,0,0,0,0,0,0,0,0,0,0,0,0,0,0,0,0,0,0,0,0,0,0,0,0,0,0,0,0,0,0,0,0,0,0,0,0,0,0,0,0,0,0,0,0,0,0,0,0,0,0,0,0,0,0,0,0,0,0,0,0,0,0,0,0,0,0,0,0,0,0,0,0,0,0,0,0,0,0,0,0,0,0,0,0,0,0,0,0,0,0,0,0,0,0
"arusha/arushaurban/lemara",5.3e-05,0,0,0,0,9e-06,0,0,0,2e-06,0,0,3.5e-05,0.001384,0,0,0,0,0,0,0,3e-06,0,0,0,0,0,0,0,0,1e-04,0,0,0,0,0,0.000263,0,0,1e-06,0,0,1e-06,0,0,0,1e-06,0.025105,2.4e-05,0,0,0,0,0,0,0,1e-06,0,2e-06,6e-06,2e-06,4e-06,1.4e-05,0,0,0.002797,2.4e-05,0,1e-06,2e-06,0,0,1e-06,0,0,2e-06,0,0,0,0,0,0,0,0,0,0,0.000141,0,0,4e-06,0,0,3.6e-05,0.000138,0,1e-06,8e-06,0,2.5e-05,5e-06,0,0,1e-06,0.000203,1e-06,2.9e-05,0,8e-06,8e-06,3e-06,5e-06,1.3e-05,0,6e-06,0,0,6e-05,0,3.4e-05,3e-06,1e-06,6.3e-05,0,0,0,0,1e-06,0.000444,7.7e-05,0,0,3e-06,9e-06,2e-06,0,0.000933,1.5e-05,4e-06,4.8e-05,1.3e-05,1.8e-05,0,0.000173,1e-06,0,5e-06,0,1.2e-05,1e-05,3e-06,0,0,0,0,2e-06,0.000944,0,1e-06,0,0.000566,1e-06,1.9e-05,0,0,0,0,2e-06,1e-05,0,1e-06,0,2.3e-05,0.023685,2e-06,2e-06,1e-06,2.8e-05,0,1.2e-05,1e-06,0,0,3e-06,2e-06,8.8e-05,0.002725,0,0,4.6e-05,1.5e-05,4e-06,0,0,0,2e-06,0,0,0,1.2e-05,0,0.000293,0,1e-06,1e-06,1.1e-05,4e-06,6.8e-05,1.2e-05,1e-06,0,0,0,1.9e-05,0,0,0,0,8.1e-05,1e-06,6e-06,0,1e-06,0,0,7.5e-05,2e-06,8.4e-05,1e-06,0,0,0,0,1.3e-05,0.000905,0,0,0,2.6e-05,2e-06,0,1.2e-05,0.000989,0,6.9e-05,0,0,1e-06,0.000631,0,1.3e-05,0.005383,0.00017,1e-06,0.003427,7e-06,1e-06,0,1e-06,0,0,0,3e-06,0,0,4e-06,0,0,0.000266,0,1e-06,0.000214,1.6e-05,0,0,5.9e-05,0,1e-06,4e-06,0,0,3e-06,0,0.000169,0,0,0,0,0,0,0,0,3e-06,0,0.001312,3e-06,8e-06,0.000135,3.7e-05,3e-06,1e-06,0,0,0,1e-06,0,8e-06,8.4e-05,4e-06,4e-06,0,8e-04,0,0,0,2e-06,0,0,0.000234,3.4e-05,3e-04,1.4e-05,0.000298,1.4e-05,2.2e-05,0.003637,1e-06,1e-06,0.000126,0,0.000203,0.000405,6.5e-05,0.00022,4e-06,2e-06,0,1e-06,0,0.00139,0,0,0,0,0,6e-06,1e-06,0,0.000133,5e-06,1e-06,0,3.1e-05,2.1e-05,0.010456,6e-06,2.6e-05,1.8e-05,0,0,3e-06,0,0,0,0,0,0.003572,0.004904,0.004642,0,9.1e-05,1e-06,0,0,0,0,0.00021,3e-06,4.1e-05,3.9e-05,0,0,0,6.6e-05,0,0,0.000226,0,2.7e-05,4e-06,0,0.000464,0,0,0,0,0,0,0
"kilimanjaro/mwanga/lembeni",3e-06,0,3e-06,1e-06,0,0.000246,0,0,0,5e-06,0,0,2e-06,3.1e-05,1e-06,0,0,0,0,0,1e-06,4e-06,0,3e-06,2e-06,1e-06,0,0,0,2e-06,2.2e-05,0,1e-06,4.7e-05,0,0,3e-06,1e-06,0,2e-06,0,0,4e-06,1e-06,1e-06,0,0,0.000568,2.7e-05,0,0,0,0,0,1e-06,0,1e-06,0,2.9e-05,1.3e-05,3e-06,3e-06,7e-06,0,0,1.9e-05,4e-06,0,1e-06,4e-06,0,0,1e-06,0,0,3e-06,0,0,0,0,0,0,0,0,0,0,0.000452,0,0,0.000133,0,0,0.001464,1.4e-05,0,1e-06,1.6e-05,7e-06,0.001139,0.000292,0,0,3.5e-05,4e-06,1.4e-05,0.00011,0,6.7e-05,6e-06,4e-06,1.2e-05,0.000156,0,0,3e-06,3e-06,0.000151,0,0.000461,2.2e-05,8e-06,0.000453,3e-05,0.000205,1e-05,1.3e-05,5e-06,0.00026,1.9e-05,3e-06,3e-06,0.00011,0.000826,1.6e-05,2.2e-05,1.6e-05,1e-06,5.9e-05,6.3e-05,8.8e-05,1.7e-05,1e-06,5e-06,8e-06,3e-06,0.002517,0,0.000312,0.000169,7.6e-05,2e-06,3.5e-05,3e-06,6e-06,0.000125,9.2e-05,4e-06,0,2e-06,0.006205,0.000158,3.3e-05,1e-06,9.5e-05,0,0,4e-04,6e-06,3e-05,0,1e-06,9e-06,0.000421,5.3e-05,4e-06,4e-06,1.9e-05,0,0.000107,5e-06,1e-06,0,9.5e-05,3.5e-05,0.000375,0.018029,1e-06,1e-06,0.000231,5.7e-05,3.3e-05,0,0,0,2e-06,0,4e-06,0,0.000149,0,9.7e-05,2e-06,6.3e-05,1e-06,0.000187,4e-06,0.002992,6e-06,2e-06,4e-06,4e-06,0,0.000603,1e-06,0,1.9e-05,0,0.001329,1.8e-05,0.000134,0,1e-06,0,1e-06,0.00023,4e-06,0.000274,5e-06,0,0,0,0,2.1e-05,4.3e-05,1e-06,0,3e-06,1.5e-05,1e-06,3e-06,1.9e-05,0.00031,1e-06,0.029513,2e-06,2e-06,9e-06,2.9e-05,0,2e-06,0.000141,5e-05,0,4.6e-05,3.5e-05,3.8e-05,2e-06,0.000159,2e-06,2e-06,1e-06,8.7e-05,0,1e-06,4e-06,0,0,2.9e-05,0,1e-06,2.7e-05,0.005867,1.7e-05,2e-06,0.001806,7e-06,3.8e-05,3.3e-05,0,0,1.8e-05,0,0.000257,0,0,0,0,4e-06,0,1e-06,1e-06,6e-06,3e-06,0.00018,3.7e-05,1.3e-05,4.8e-05,1e-06,0.000232,1e-06,1e-06,4.7e-05,2e-06,0.000155,0,8e-06,4e-06,1e-06,0,1e-06,2.4e-05,1e-06,0,3e-06,2.1e-05,0,0,7.1e-05,0.000433,3.8e-05,6e-06,3.9e-05,2.4e-05,4.7e-05,0.000218,2e-06,3e-06,1e-06,0,8e-06,1.6e-05,5e-06,0.000194,1e-05,3.5e-05,0,1.2e-05,0,0.000154,0,0,2e-06,0,0,0.000351,1.2e-05,1e-06,1.6e-05,0.000683,1e-06,0,4.2e-05,2e-06,0.000182,4e-06,6e-06,4.5e-05,0.000265,4e-06,3.1e-05,0,0,0,0,0,0.000129,2.3e-05,6.7e-05,0,1.7e-05,1.2e-05,1e-06,2e-06,0,2e-06,8e-06,3e-06,0,4.7e-05,0,5e-06,0,0.000756,0,0,3e-06,2e-06,0.000241,4.7e-05,1e-06,8e-05,2e-06,2e-06,3e-06,2e-06,0,0,0
"manyara/kiteto/lengatei",0,0,0,0,0,0,0,0,0,0,0,0,0,0,0,0,0,0,0,0,0,0,0,0,0,0,0,0,0,0,0,0,0,0,0,0,0,0,0,0,0,0,0,0,0,0,0,0,0,0,0,0,0,0,0,0,0,0,0,0,0,0,0,0,0,0,0,0,0,0,0,0,0,0,0,0,0,0,0,0,0,0,0,0,0,0,0,0,0,0,0,0,0,0,0,0,0,0,0,0,0,0,0,0,0,0,0,0,0,0,0,0,0,0,0,0,0,0,0,0,0,0,0,0,0,0,0,0,0,0,0,0,0,0,0,0,0,0,0,0,0,0,0,0,0,0,0,0,0,0,0,0,0,0,0,0,0,0,0,0,0,0,0,0,0,0,0,0,0,0,0,0,0,0,0,0,0,0,0,0,0,0,0,0,0,0,0,0,0,0,0,0,0,0,0,0,0,0,0,0,0,0,0,0,0,0,0,0,0,0,0,0,0,0,0,0,0,0,0,0,0,0,0,0,0,0,0,0,0,0,0,0,0,0,0,0,0,0,0,0,0,0,0,0,0,0,0,0,0,0,0,0,0,0,0,0,0,0,0,0,0,0,0,0,0,0,0,0,0,0,0,0,0,0,0,0,0,0,0,0,0,0,0,0,0,0,0,0,0,0,0,0,0,0,0,0,0,0,0,0,0,0,0,0,0,0,0,0,0,0,0,0,0,0,0,0,0,0,0,0,0,0,0,0,0,0,0,0,0,0,0,0,0,0,0,0,0,0,0,0,0,0,0,0,0,0,0,0,0,0,0,0,0,0,0,0,0,0,0,0,0,0,0,0,0,0,0,0,0,0,0,0,0,0,0,0,0,0,0,0,0,0,0,0,0,0,0,0,0,0,0,0,0,0,0,0,0,0
"arusha/monduli/lepurko",1.3e-05,3e-06,0,8e-06,0,1.8e-05,0,0,0,3.5e-05,1e-06,0,1.1e-05,0.000166,5e-06,0,0,1e-06,0,0,0,6e-06,0,0,0,0,0,1e-06,0,0,3.7e-05,0,0,0,3e-06,0,1.9e-05,7e-06,1e-06,8e-06,0,0,6e-06,5e-06,1e-06,0,1.3e-05,0.005113,0.000186,1e-06,0,1e-06,1e-06,0,4e-06,0,1e-06,0,7e-06,0.000165,2.1e-05,0.000163,7.1e-05,0,0,0.000113,0.000204,0,4.6e-05,3.5e-05,1e-06,0,1e-06,5e-06,0,4e-05,6e-06,0,0,0,0,0,0,0,0,0,0.000192,0,3e-06,2.6e-05,0,0,9.4e-05,8.7e-05,5e-06,1.5e-05,1.3e-05,0,5.2e-05,1.2e-05,0,0,5e-06,3e-05,2e-06,8.4e-05,0,1.4e-05,1.1e-05,0.000168,9e-06,3.3e-05,2e-06,1e-06,0,0,7.3e-05,0,6.8e-05,7e-06,4e-06,0.00013,0,1e-06,0,2e-06,5e-06,0.000486,3.8e-05,0,0,1.1e-05,2.1e-05,3e-06,0,9.7e-05,6e-06,8e-06,0.000259,2.3e-05,1.8e-05,0,4.1e-05,2e-06,1e-06,1.4e-05,0,2.6e-05,2.3e-05,7e-06,0,0,0,0,9e-06,0.00243,1e-06,9e-06,1e-06,0.001055,3e-06,9.7e-05,0,1e-06,0,0,4e-06,1.1e-05,0.000198,2e-06,2e-06,0,0.0033,5e-06,3e-06,1.3e-05,0.00051,1e-06,2.2e-05,3e-06,0,1e-06,1.4e-05,3e-06,0.00016,0.002904,0,1e-06,8e-05,2.6e-05,6e-06,1e-06,9e-06,0,4e-05,0,0,0,2.4e-05,2e-06,0.000185,3e-06,9e-06,1e-06,2.8e-05,5e-06,0.000165,0.001786,2.3e-05,0,0,1e-06,5.1e-05,0,0,2e-06,0,0.00023,2e-06,1.5e-05,0,1e-06,0,1e-06,0.000109,3e-06,0.000147,1e-06,1e-06,0,0,0,0.000134,0.000566,1e-06,0,1e-06,2.8e-05,0.000113,0,1.3e-05,0.008868,0,0.000292,0,0,1e-06,0.00011,0,2.2e-05,0.001049,0.002697,1e-05,0.000232,1.7e-05,4e-06,0,1e-06,0,0,0,8e-06,2e-06,0,0.000324,4e-06,0,0.000771,0,1.2e-05,0.000512,4e-05,0,0,0.000146,1e-06,5e-06,2.1e-05,0,1.3e-05,4e-06,1e-06,9e-04,1e-06,0,0,0,1e-06,0,1e-06,1e-06,7e-06,0,0.000483,5e-06,1.5e-05,0.000227,6e-06,8e-06,1.9e-05,0,0,0,3e-06,0,0.00033,1.9e-05,2e-06,1e-06,1e-06,0.000397,1.1e-05,0,0,3e-06,1e-06,1e-06,0.000578,8.9e-05,0.000342,2.7e-05,0.000476,1.7e-05,6.4e-05,0.003026,1.4e-05,2.1e-05,8e-06,1e-06,8.7e-05,0.000103,6.3e-05,0.001575,4.5e-05,1.5e-05,0,2e-06,4e-06,0.000487,1e-06,1e-06,0,1e-06,0,2.3e-05,3e-06,6e-06,0.00012,1.8e-05,7e-06,0,4.5e-05,7e-06,0.001255,0.000915,0.000948,4.2e-05,1e-06,1e-06,5e-06,0,0,0,0,1e-06,0.000747,0.000241,0.000587,0,5.6e-05,2e-06,0,0,0,1e-06,5e-05,1.9e-05,2e-06,0.000179,0,0,0,0.000179,1e-06,0,2.4e-05,0,5.2e-05,9e-06,0,0.000193,0,0,0,0,0,0,0
"arusha/arushaurban/levolosi",0.000215,1e-06,1e-06,2e-06,0,4e-05,0,0,0,1.1e-05,0,0,0.000251,0.006113,1e-06,0,0,0,0,0,0,1.4e-05,0,1e-06,0,0,0,0,0,0,0.000292,0,0,0,0,0,0.002778,1e-06,0,3e-06,0,0,3e-06,1e-06,0,0,4e-06,0.423873,9.9e-05,0,0,0,0,0,1e-06,0,3e-06,0,7e-06,2.9e-05,1.1e-05,2e-05,8.4e-05,0,0,0.002518,0.000141,0,4e-06,9e-06,0,0,4e-06,1e-06,0,1.2e-05,2e-06,0,0,0,0,0,0,0,0,0,0.000611,0,1e-06,1.7e-05,0,0,0.000161,0.001089,1e-06,3e-06,3.7e-05,0,0.000106,2.3e-05,0,0,5e-06,0.011432,4e-06,0.000143,0,3.3e-05,4.3e-05,1.5e-05,2.5e-05,6e-05,1e-06,0.000305,1e-06,1e-06,0.000251,0,0.000152,1.6e-05,7e-06,0.00029,0,2e-06,0,2e-06,3e-06,0.001875,0.000259,1e-06,1e-06,1.5e-05,3.8e-05,7e-06,0,0.005992,0.000194,1.6e-05,0.000258,5.8e-05,7.9e-05,0,0.004924,5e-06,1e-06,2.1e-05,0,5.4e-05,4.6e-05,1.4e-05,1e-06,0,1e-06,0,9e-06,0.005494,2e-06,3e-06,1e-06,0.002494,5e-06,7.3e-05,0,1e-06,0,0,8e-06,5.2e-05,0.0073,2e-06,1e-06,0.000119,0,6e-06,9e-06,6e-06,0.000117,1e-06,5.2e-05,2e-06,0,1e-06,1.4e-05,7e-06,0.000408,0.011882,1e-06,1e-06,0.000209,7e-05,1.5e-05,0,1e-06,0,7e-06,0,1e-06,0,5.5e-05,0,0.001285,2e-06,6e-06,3e-06,5e-05,1.9e-05,3e-04,5.8e-05,6e-06,1e-06,1e-06,0,8.5e-05,0,0,2e-06,0,0.000374,5e-06,2.7e-05,0,4e-06,0,2e-06,0.000335,8e-06,0.000392,3e-06,0,0,0,0,7e-05,0.003655,0,0,1e-06,8.9e-05,8e-06,0,4.5e-05,0.004335,0,0.000293,0,1e-06,3e-06,0.001496,0,4.7e-05,0.119256,0.001029,6e-06,0.006135,3.3e-05,4e-06,1e-06,2e-06,1e-06,0,0,1.2e-05,0,0,2e-05,2e-06,0,0.001765,0,3e-06,0.001594,6.9e-05,0,0,0.000263,1e-06,4e-06,1.8e-05,0,2e-06,1e-05,0,9e-04,0,0,0,0,2e-06,0,2e-06,1e-06,1.6e-05,0,0.003724,1.1e-05,3.8e-05,0.000789,0.003082,1.3e-05,4e-06,0,0,1e-06,3e-06,0,3.8e-05,0.000443,1.8e-05,2.5e-05,1e-06,0.004792,2e-06,0,1e-06,7e-06,0,0,0.001495,0.000155,0.00089,4.7e-05,0.002349,6.1e-05,0.000114,0.040458,4e-06,6e-06,0.000429,1e-06,0.002767,0.004768,0.000607,0.00123,2e-05,1e-05,0,4e-06,1e-06,0.006008,0,0,1e-06,0,0,2.7e-05,3e-06,2e-06,0.001079,2.3e-05,3e-06,0,0.00015,9.6e-05,0.16638,3.3e-05,0.000131,6.5e-05,2e-06,1e-06,1.3e-05,0,0,0,0,0,0.029365,0.006643,0.041673,0,0.000501,5e-06,0,0,0,1e-06,0.000453,1.3e-05,0.000125,0.000213,0,0,0,0.000307,0,0,0.006612,1e-06,0.000123,1.9e-05,1e-06,0.001794,1e-06,0,0,0,0,0,0
"manyara/simanjiro/liborsoit",0,0,0,0,0,0,0,0,0,0,0,0,0,0,0,0,0,0,0,0,0,0,0,0,0,0,0,0,0,0,0,0,0,0,0,0,0,0,0,0,0,0,0,0,0,0,0,0,0,0,0,0,0,0,0,0,0,0,0,0,0,0,0,0,0,0,0,0,0,0,0,0,0,0,0,0,0,0,0,0,0,0,0,0,0,0,0,0,0,0,0,0,0,0,0,0,0,0,0,0,0,0,0,0,0,0,0,0,0,0,0,0,0,0,0,0,0,0,0,0,0,0,0,0,0,0,0,0,0,0,0,0,0,0,0,0,0,0,0,0,0,0,0,0,0,0,0,0,0,0,0,0,0,0,0,0,0,0,0,0,0,0,0,0,0,0,0,0,0,0,0,0,0,0,0,0,0,0,0,0,0,0,0,0,0,0,0,0,0,0,0,0,0,0,0,0,0,0,0,0,0,0,0,0,0,0,0,0,0,0,0,0,0,0,0,0,0,0,0,0,0,0,0,0,0,0,0,0,0,0,0,0,0,0,0,0,0,0,0,0,0,0,0,0,0,0,0,0,0,0,0,0,0,0,0,0,0,0,0,0,0,0,0,0,0,0,0,0,0,0,0,0,0,0,0,0,0,0,0,0,0,0,0,0,0,0,0,0,0,0,0,0,0,0,0,0,0,0,0,0,0,0,0,0,0,0,0,0,0,0,0,0,0,0,0,0,0,0,0,0,0,0,0,0,0,0,0,0,0,0,0,0,0,0,0,0,0,0,0,0,0,0,0,0,0,0,0,0,0,0,0,0,0,0,0,0,0,0,0,0,0,0,0,0,0,0,0,0,0,0,0,0,0,0,0,0,0,0,0,0,0,0,0,0,0,0,0,0,0,0,0,0,0,0,0,0,0,0
"kilimanjaro/siha/livishi",0,0,0,0,0,0,0,0,0,0,0,0,0,0,0,0,0,0,0,0,0,0,0,0,0,0,0,0,0,0,0,0,0,0,0,0,0,0,0,0,0,0,0,0,0,0,0,0,0,0,0,0,0,0,0,0,0,0,0,0,0,0,0,0,0,0,0,0,0,0,0,0,0,0,0,0,0,0,0,0,0,0,0,0,0,0,0,0,0,0,0,0,0,0,0,0,0,0,0,0,0,0,0,0,0,0,0,0,0,0,0,0,0,0,0,0,0,0,0,0,0,0,0,0,0,0,0,0,0,0,0,0,0,0,0,0,0,0,0,0,0,0,0,0,0,0,0,0,0,0,0,0,0,0,0,0,0,0,0,0,0,0,0,0,0,0,0,0,0,0,0,0,0,0,0,0,0,0,0,0,0,0,0,0,0,0,0,0,0,0,0,0,0,0,0,0,0,0,0,0,0,0,0,0,0,0,0,0,0,0,0,0,0,0,0,0,0,0,0,0,0,0,0,0,0,0,0,0,0,0,0,0,0,0,0,0,0,0,0,0,0,0,0,0,0,0,0,0,0,0,0,0,0,0,0,0,0,0,0,0,0,0,0,0,0,0,0,0,0,0,0,0,0,0,0,0,0,0,0,0,0,0,0,0,0,0,0,0,0,0,0,0,0,0,0,0,0,0,0,0,0,0,0,0,0,0,0,0,0,0,0,0,0,0,0,0,0,0,0,0,0,0,0,0,0,0,0,0,0,0,0,0,0,0,0,0,0,0,0,0,0,0,0,0,0,0,0,0,0,0,0,0,0,0,0,0,0,0,0,0,0,0,0,0,0,0,0,0,0,0,0,0,0,0,0,0,0,0,0,0,0,0,0,0,0,0,0,0,0,0,0,0,0,0,0,0,0,0
"manyara/simanjiro/loiborsiret",0,0,0,0,0,0,0,0,0,0,0,0,0,0,0,0,0,0,0,0,0,0,0,0,0,0,0,0,0,0,0,0,0,0,0,0,0,0,0,0,0,0,0,0,0,0,0,0,0,0,0,0,0,0,0,0,0,0,0,0,0,0,0,0,0,0,0,0,0,0,0,0,0,0,0,0,0,0,0,0,0,0,0,0,0,0,0,0,0,0,0,0,0,0,0,0,0,0,0,0,0,0,0,0,0,0,0,0,0,0,0,0,0,0,0,0,0,0,0,0,0,0,0,0,0,0,0,0,0,0,0,0,0,0,0,0,0,0,0,0,0,0,0,0,0,0,0,0,0,0,0,0,0,0,0,0,0,0,0,0,0,0,0,0,0,0,0,0,0,0,0,0,0,0,0,0,0,0,0,0,0,0,0,0,0,0,0,0,0,0,0,0,0,0,0,0,0,0,0,0,0,0,0,0,0,0,0,0,0,0,0,0,0,0,0,0,0,0,0,0,0,0,0,0,0,0,0,0,0,0,0,0,0,0,0,0,0,0,0,0,0,0,0,0,0,0,0,0,0,0,0,0,0,0,0,0,0,0,0,0,0,0,0,0,0,0,0,0,0,0,0,0,0,0,0,0,0,0,0,0,0,0,0,0,0,0,0,0,0,0,0,0,0,0,0,0,0,0,0,0,0,0,0,0,0,0,0,0,0,0,0,0,0,0,0,0,0,0,0,0,0,0,0,0,0,0,0,0,0,0,0,0,0,0,0,0,0,0,0,0,0,0,0,0,0,0,0,0,0,0,0,0,0,0,0,0,0,0,0,0,0,0,0,0,0,0,0,0,0,0,0,0,0,0,0,0,0,0,0,0,0,0,0,0,0,0,0,0,0,0,0,0,0,0,0,0,0,0
"arusha/monduli/lolkisale",0,0,0,0,0,0,0,0,0,0,0,0,0,0,0,0,0,0,0,0,0,0,0,0,0,0,0,0,0,0,0,0,0,0,0,0,0,0,0,0,0,0,0,0,0,0,0,0,0,0,0,0,0,0,0,0,0,0,0,0,0,0,0,0,0,0,0,0,0,0,0,0,0,0,0,0,0,0,0,0,0,0,0,0,0,0,0,0,0,0,0,0,0,0,0,0,0,0,0,0,0,0,0,0,0,0,0,0,0,0,0,0,0,0,0,0,0,0,0,0,0,0,0,0,0,0,0,0,0,0,0,0,0,0,0,0,0,0,0,0,0,0,0,0,0,0,0,0,0,0,0,0,0,0,0,0,0,0,0,0,0,0,0,0,0,0,0,0,0,0,0,0,0,0,0,0,0,0,0,0,0,0,0,0,0,0,0,0,0,0,0,0,0,0,0,0,0,0,0,0,0,0,0,0,0,0,0,0,0,0,0,0,0,0,0,0,0,0,0,0,0,0,0,0,0,0,0,0,0,0,0,0,0,0,0,0,0,0,0,0,0,0,0,0,0,0,0,0,0,0,0,0,0,0,0,0,0,0,0,0,0,0,0,0,0,0,0,0,0,0,0,0,0,0,0,0,0,0,0,0,0,0,0,0,0,0,0,0,0,0,0,0,0,0,0,0,0,0,0,0,0,0,0,0,0,0,0,0,0,0,0,0,0,0,0,0,0,0,0,0,0,0,0,0,0,0,0,0,0,0,0,0,0,0,0,0,0,0,0,0,0,0,0,0,0,0,0,0,0,0,0,0,0,0,0,0,0,0,0,0,0,0,0,0,0,0,0,0,0,0,0,0,0,0,0,0,0,0,0,0,0,0,0,0,0,0,0,0,0,0,0,0,0,0,0,0,0,0
"arusha/longido/longido",0,0,0,0,0,0,0,0,0,0,0,0,0,0,0,0,0,0,0,0,0,0,0,0,0,0,0,0,0,0,0,0,0,0,0,0,0,0,0,0,0,0,0,0,0,0,0,0,0,0,0,0,0,0,0,0,0,0,0,0,0,0,0,0,0,0,0,0,0,0,0,0,0,0,0,0,0,0,0,0,0,0,0,0,0,0,0,0,0,0,0,0,0,0,0,0,0,0,0,0,0,0,0,0,0,0,0,0,0,0,0,0,0,0,0,0,0,0,0,0,0,0,0,0,0,0,0,0,0,0,0,0,0,0,0,0,0,0,0,0,0,0,0,0,0,0,0,0,0,0,0,0,0,0,0,0,0,0,0,0,0,0,0,0,0,0,0,0,0,0,0,0,0,0,0,0,0,0,0,0,0,0,0,0,0,0,0,0,0,0,0,0,0,0,0,0,0,0,0,0,0,0,0,0,0,0,0,0,0,0,0,0,0,0,0,0,0,0,0,0,0,0,0,0,0,0,0,0,0,0,0,0,0,0,0,0,0,0,0,0,0,0,0,0,0,0,0,0,0,0,0,0,0,0,0,0,0,0,0,0,0,0,0,0,0,0,0,0,0,0,0,0,0,0,0,0,0,0,0,0,0,0,0,0,0,0,0,0,0,0,0,0,0,0,0,0,0,0,0,0,0,0,0,0,0,0,0,0,0,0,0,0,0,0,0,0,0,0,0,0,0,0,0,0,0,0,0,0,0,0,0,0,0,0,0,0,0,0,0,0,0,0,0,0,0,0,0,0,0,0,0,0,0,0,0,0,0,0,0,0,0,0,0,0,0,0,0,0,0,0,0,0,0,0,0,0,0,0,0,0,0,0,0,0,0,0,0,0,0,0,0,0,0,0,0,0,0,0
"kilimanjaro/moshimunicipal/longuob",0,0,0,0,0,0,0,0,0,0,0,0,0,0,0,0,0,0,0,0,0,0,0,0,0,0,0,0,0,0,0,0,0,0,0,0,0,0,0,0,0,0,0,0,0,0,0,0,0,0,0,0,0,0,0,0,0,0,0,0,0,0,0,0,0,0,0,0,0,0,0,0,0,0,0,0,0,0,0,0,0,0,0,0,0,0,0,0,0,0,0,0,0,0,0,0,0,0,0,0,0,0,0,0,0,0,0,0,0,0,0,0,0,0,0,0,0,0,0,0,0,0,0,0,0,0,0,0,0,0,0,0,0,0,0,0,0,0,0,0,0,0,0,0,0,0,0,0,0,0,0,0,0,0,0,0,0,0,0,0,0,0,0,0,0,0,0,0,0,0,0,0,0,0,0,0,0,0,0,0,0,0,0,0,0,0,0,0,0,0,0,0,0,0,0,0,0,0,0,0,0,0,0,0,0,0,0,0,0,0,0,0,0,0,0,0,0,0,0,0,0,0,0,0,0,0,0,0,0,0,0,0,0,0,0,0,0,0,0,0,0,0,0,0,0,0,0,0,0,0,0,0,0,0,0,0,0,0,0,0,0,0,0,0,0,0,0,0,0,0,0,0,0,0,0,0,0,0,0,0,0,0,0,0,0,0,0,0,0,0,0,0,0,0,0,0,0,0,0,0,0,0,0,0,0,0,0,0,0,0,0,0,0,0,0,0,0,0,0,0,0,0,0,0,0,0,0,0,0,0,0,0,0,0,0,0,0,0,0,0,0,0,0,0,0,0,0,0,0,0,0,0,0,0,0,0,0,0,0,0,0,0,0,0,0,0,0,0,0,0,0,0,0,0,0,0,0,0,0,0,0,0,0,0,0,0,0,0,0,0,0,0,0,0,0,0,0,0
"manyara/kiteto/loolera",0,0,0,0,0,0,0,0,0,0,0,0,0,0,0,0,0,0,0,0,0,0,0,0,0,0,0,0,0,0,0,0,0,0,0,0,0,0,0,0,0,0,0,0,0,0,0,0,0,0,0,0,0,0,0,0,0,0,0,0,0,0,0,0,0,0,0,0,0,0,0,0,0,0,0,0,0,0,0,0,0,0,0,0,0,0,0,0,0,0,0,0,0,0,0,0,0,0,0,0,0,0,0,0,0,0,0,0,0,0,0,0,0,0,0,0,0,0,0,0,0,0,0,0,0,0,0,0,0,0,0,0,0,0,0,0,0,0,0,0,0,0,0,0,0,0,0,0,0,0,0,0,0,0,0,0,0,0,0,0,0,0,0,0,0,0,0,0,0,0,0,0,0,0,0,0,0,0,0,0,0,0,0,0,0,0,0,0,0,0,0,0,0,0,0,0,0,0,0,0,0,0,0,0,0,0,0,0,0,0,0,0,0,0,0,0,0,0,0,0,0,0,0,0,0,0,0,0,0,0,0,0,0,0,0,0,0,0,0,0,0,0,0,0,0,0,0,0,0,0,0,0,0,0,0,0,0,0,0,0,0,0,0,0,0,0,0,0,0,0,0,0,0,0,0,0,0,0,0,0,0,0,0,0,0,0,0,0,0,0,0,0,0,0,0,0,0,0,0,0,0,0,0,0,0,0,0,0,0,0,0,0,0,0,0,0,0,0,0,0,0,0,0,0,0,0,0,0,0,0,0,0,0,0,0,0,0,0,0,0,0,0,0,0,0,0,0,0,0,0,0,0,0,0,0,0,0,0,0,0,0,0,0,0,0,0,0,0,0,0,0,0,0,0,0,0,0,0,0,0,0,0,0,0,0,0,0,0,0,0,0,0,0,0,0,0,0,0
"kilimanjaro/same/lugulu",0,0,0,0,0,0,0,0,0,0,0,0,0,0,0,0,0,0,0,0,0,0,0,0,0,0,0,0,0,0,0,0,0,0,0,0,0,0,0,0,0,0,0,0,0,0,0,0,0,0,0,0,0,0,0,0,0,0,0,0,0,0,0,0,0,0,0,0,0,0,0,0,0,0,0,0,0,0,0,0,0,0,0,0,0,0,0,0,0,0,0,0,0,0,0,0,0,0,0,0,0,0,0,0,0,0,0,0,0,0,0,0,0,0,0,0,0,0,0,0,0,0,0,0,0,0,0,0,0,0,0,0,0,0,0,0,0,0,0,0,0,0,0,0,0,0,0,0,0,0,0,0,0,0,0,0,0,0,0,0,0,0,0,0,0,0,0,0,0,0,0,0,0,0,0,0,0,0,0,0,0,0,0,0,0,0,0,0,0,0,0,0,0,0,0,0,0,0,0,0,0,0,0,0,0,0,0,0,0,0,0,0,0,0,0,0,0,0,0,0,0,0,0,0,0,0,0,0,0,0,0,0,0,0,0,0,0,0,0,0,0,0,0,0,0,0,0,0,0,0,0,0,0,0,0,0,0,0,0,0,0,0,0,0,0,0,0,0,0,0,0,0,0,0,0,0,0,0,0,0,0,0,0,0,0,0,0,0,0,0,0,0,0,0,0,0,0,0,0,0,0,0,0,0,0,0,0,0,0,0,0,0,0,0,0,0,0,0,0,0,0,0,0,0,0,0,0,0,0,0,0,0,0,0,0,0,0,0,0,0,0,0,0,0,0,0,0,0,0,0,0,0,0,0,0,0,0,0,0,0,0,0,0,0,0,0,0,0,0,0,0,0,0,0,0,0,0,0,0,0,0,0,0,0,0,0,0,0,0,0,0,0,0,0,0,0,0,0
"arusha/ngorongoro/maalon",0,0,0,0,0,0,0,0,0,0,0,0,0,0,0,0,0,0,0,0,0,0,0,0,0,0,0,0,0,0,0,0,0,0,0,0,0,0,0,0,0,0,0,0,0,0,0,0,0,0,0,0,0,0,0,0,0,0,0,0,0,0,0,0,0,0,0,0,0,0,0,0,0,0,0,0,0,0,0,0,0,0,0,0,0,0,0,0,0,0,0,0,0,0,0,0,0,0,0,0,0,0,0,0,0,0,0,0,0,0,0,0,0,0,0,0,0,0,0,0,0,0,0,0,0,0,0,0,0,0,0,0,0,0,0,0,0,0,0,0,0,0,0,0,0,0,0,0,0,0,0,0,0,0,0,0,0,0,0,0,0,0,0,0,0,0,0,0,0,0,0,0,0,0,0,0,0,0,0,0,0,0,0,0,0,0,0,0,0,0,0,0,0,0,0,0,0,0,0,0,0,0,0,0,0,0,0,0,0,0,0,0,0,0,0,0,0,0,0,0,0,0,0,0,0,0,0,0,0,0,0,0,0,0,0,0,0,0,0,0,0,0,0,0,0,0,0,0,0,0,0,0,0,0,0,0,0,0,0,0,0,0,0,0,0,0,0,0,0,0,0,0,0,0,0,0,0,0,0,0,0,0,0,0,0,0,0,0,0,0,0,0,0,0,0,0,0,0,0,0,0,0,0,0,0,0,0,0,0,0,0,0,0,0,0,0,0,0,0,0,0,0,0,0,0,0,0,0,0,0,0,0,0,0,0,0,0,0,0,0,0,0,0,0,0,0,0,0,0,0,0,0,0,0,0,0,0,0,0,0,0,0,0,0,0,0,0,0,0,0,0,0,0,0,0,0,0,0,0,0,0,0,0,0,0,0,0,0,0,0,0,0,0,0,0,0,0,0
"kilimanjaro/same/mabilioni",0,0,0,0,0,0,0,0,0,0,0,0,0,0,0,0,0,0,0,0,0,0,0,0,0,0,0,0,0,0,0,0,0,0,0,0,0,0,0,0,0,0,0,0,0,0,0,0,0,0,0,0,0,0,0,0,0,0,0,0,0,0,0,0,0,0,0,0,0,0,0,0,0,0,0,0,0,0,0,0,0,0,0,0,0,0,0,0,0,0,0,0,0,0,0,0,0,0,0,0,0,0,0,0,0,0,0,0,0,0,0,0,0,0,0,0,0,0,0,0,0,0,0,0,0,0,0,0,0,0,0,0,0,0,0,0,0,0,0,0,0,0,0,0,0,0,0,0,0,0,0,0,0,0,0,0,0,0,0,0,0,0,0,0,0,0,0,0,0,0,0,0,0,0,0,0,0,0,0,0,0,0,0,0,0,0,0,0,0,0,0,0,0,0,0,0,0,0,0,0,0,0,0,0,0,0,0,0,0,0,0,0,0,0,0,0,0,0,0,0,0,0,0,0,0,0,0,0,0,0,0,0,0,0,0,0,0,0,0,0,0,0,0,0,0,0,0,0,0,0,0,0,0,0,0,0,0,0,0,0,0,0,0,0,0,0,0,0,0,0,0,0,0,0,0,0,0,0,0,0,0,0,0,0,0,0,0,0,0,0,0,0,0,0,0,0,0,0,0,0,0,0,0,0,0,0,0,0,0,0,0,0,0,0,0,0,0,0,0,0,0,0,0,0,0,0,0,0,0,0,0,0,0,0,0,0,0,0,0,0,0,0,0,0,0,0,0,0,0,0,0,0,0,0,0,0,0,0,0,0,0,0,0,0,0,0,0,0,0,0,0,0,0,0,0,0,0,0,0,0,0,0,0,0,0,0,0,0,0,0,0,0,0,0,0,0,0,0
"kilimanjaro/moshi/mabogini",0,0,0,0,0,0,0,0,0,0,0,0,0,0,0,0,0,0,0,0,0,0,0,0,0,0,0,0,0,0,0,0,0,0,0,0,0,0,0,0,0,0,0,0,0,0,0,0,0,0,0,0,0,0,0,0,0,0,0,0,0,0,0,0,0,0,0,0,0,0,0,0,0,0,0,0,0,0,0,0,0,0,0,0,0,0,0,0,0,0,0,0,0,0,0,0,0,0,0,0,0,0,0,0,0,0,0,0,0,0,0,0,0,0,0,0,0,0,0,0,0,0,0,0,0,0,0,0,0,0,0,0,0,0,0,0,0,0,0,0,0,0,0,0,0,0,0,0,0,0,0,0,0,0,0,0,0,0,0,0,0,0,0,0,0,0,0,0,0,0,0,0,0,0,0,0,0,0,0,0,0,0,0,0,0,0,0,0,0,0,0,0,0,0,0,0,0,0,0,0,0,0,0,0,0,0,0,0,0,0,0,0,0,0,0,0,0,0,0,0,0,0,0,0,0,0,0,0,0,0,0,0,0,0,0,0,0,0,0,0,0,0,0,0,0,0,0,0,0,0,0,0,0,0,0,0,0,0,0,0,0,0,0,0,0,0,0,0,0,0,0,0,0,0,0,0,0,0,0,0,0,0,0,0,0,0,0,0,0,0,0,0,0,0,0,0,0,0,0,0,0,0,0,0,0,0,0,0,0,0,0,0,0,0,0,0,0,0,0,0,0,0,0,0,0,0,0,0,0,0,0,0,0,0,0,0,0,0,0,0,0,0,0,0,0,0,0,0,0,0,0,0,0,0,0,0,0,0,0,0,0,0,0,0,0,0,0,0,0,0,0,0,0,0,0,0,0,0,0,0,0,0,0,0,0,0,0,0,0,0,0,0,0,0,0,0,0,0
"kilimanjaro/hai/machamekaskazini",0,0,0,0,0,0,0,0,0,0,0,0,0,0,0,0,0,0,0,0,0,0,0,0,0,0,0,0,0,0,0,0,0,0,0,0,0,0,0,0,0,0,0,0,0,0,0,0,0,0,0,0,0,0,0,0,0,0,0,0,0,0,0,0,0,0,0,0,0,0,0,0,0,0,0,0,0,0,0,0,0,0,0,0,0,0,0,0,0,0,0,0,0,0,0,0,0,0,0,0,0,0,0,0,0,0,0,0,0,0,0,0,0,0,0,0,0,0,0,0,0,0,0,0,0,0,0,0,0,0,0,0,0,0,0,0,0,0,0,0,0,0,0,0,0,0,0,0,0,0,0,0,0,0,0,0,0,0,0,0,0,0,0,0,0,0,0,0,0,0,0,0,0,0,0,0,0,0,0,0,0,0,0,0,0,0,0,0,0,0,0,0,0,0,0,0,0,0,0,0,0,0,0,0,0,0,0,0,0,0,0,0,0,0,0,0,0,0,0,0,0,0,0,0,0,0,0,0,0,0,0,0,0,0,0,0,0,0,0,0,0,0,0,0,0,0,0,0,0,0,0,0,0,0,0,0,0,0,0,0,0,0,0,0,0,0,0,0,0,0,0,0,0,0,0,0,0,0,0,0,0,0,0,0,0,0,0,0,0,0,0,0,0,0,0,0,0,0,0,0,0,0,0,0,0,0,0,0,0,0,0,0,0,0,0,0,0,0,0,0,0,0,0,0,0,0,0,0,0,0,0,0,0,0,0,0,0,0,0,0,0,0,0,0,0,0,0,0,0,0,0,0,0,0,0,0,0,0,0,0,0,0,0,0,0,0,0,0,0,0,0,0,0,0,0,0,0,0,0,0,0,0,0,0,0,0,0,0,0,0,0,0,0,0,0,0,0,0
"kilimanjaro/hai/machamekusini",0.008045,0.00013,0.003563,0.00048,1.4e-05,0.284569,6e-06,8e-06,1.2e-05,0.003174,5.1e-05,9e-06,0.005044,0.067161,0.000497,2.4e-05,1e-05,3.8e-05,7e-06,2.5e-05,0.000161,0.016359,1.2e-05,0.030004,0.000205,0.010339,2.2e-05,2.1e-05,9e-06,0.00026,0.016311,5.3e-05,0.000122,0.000805,6.8e-05,1.5e-05,0.005278,0.000342,3e-05,0.001379,1.4e-05,5e-06,0.00132,0.000247,0.000182,1.3e-05,0.000531,0.601192,0.020906,2.2e-05,8e-06,3.1e-05,3.7e-05,1.6e-05,0.000265,6e-06,0.002441,4e-05,0.006336,0.007103,0.002766,0.00262,0.014271,0.000172,1e-06,0.037368,0.006526,1e-05,0.000566,0.001973,2.8e-05,2e-06,0.005608,0.000238,2.4e-05,0.002461,0.000422,6e-06,8e-06,1e-05,4e-06,2.9e-05,1e-05,1.3e-05,2.6e-05,6e-06,0.961343,1e-05,0.00021,0.014971,5e-06,7e-06,0.538182,0.034326,0.000239,0.000891,0.110306,0.000567,0.532373,0.154038,1.3e-05,2.1e-05,0.005805,0.008168,0.121694,0.229092,2.1e-05,0.788624,0.023282,0.002275,0.086182,0.273547,0.000147,0.000197,0.005614,0.003391,0.590994,3.8e-05,0.871122,0.138979,0.05975,0.855767,0.001519,0.005278,0.00047,0.002202,0.001282,0.483395,0.046166,0.007721,0.005941,0.089042,0.192962,0.247933,0.000306,0.033986,0.001613,0.212575,0.10332,0.831822,0.087083,0.000132,0.009714,0.139166,0.004557,0.064854,1.5e-05,0.429128,0.374056,0.124704,0.003352,0.000895,0.003436,0.00049,0.015572,0.135916,0.004532,0.000448,0.000527,0.999799,0.022783,0.016201,0.018741,0.002503,5e-06,1e-05,0.030903,0.025216,0.057517,0.007692,0.000425,0.008348,0.518594,0.007825,0.022544,0.001615,0.012658,0.000334,0.771778,0.001632,8.8e-05,0.000201,0.015661,0.108945,0.901006,0,0.003142,0.009123,0.929917,0.505984,0.459535,0.000132,0.000179,1e-05,0.001287,9.6e-05,0.003374,1.7e-05,0.710713,2.5e-05,0.273254,0.000831,0.005956,0.002223,0.255931,0.026483,0.768517,0.004993,0.002029,0.005814,0.005326,3.6e-05,0.342774,0.001513,1.1e-05,0.002851,1.1e-05,0.702629,0.039178,0.191063,9e-06,0.001775,1e-05,0.012311,0.900414,0.037699,0.819079,0.067317,6.9e-05,7e-06,6e-06,9e-06,0.024297,0.06849,0.000243,0.002597,0.016762,0.020837,0.000995,0.002683,0.037848,0.144003,0.014768,0.371729,0.000196,0.0255,0.077124,0.059238,1.4e-05,0.002443,0.246197,0.057589,0.000295,0.090294,0.096655,0.005435,0.003646,0.009811,0.016371,0.00025,0.000167,0.033284,3.3e-05,0.000172,0.002504,0.000672,1.8e-05,0.048816,1e-05,0.000584,0.049519,0.243225,0.001539,0.000246,0.732952,0.009037,0.005719,0.008642,1.9e-05,0.000381,0.021278,4.8e-05,0.331995,4.5e-05,3.1e-05,1.5e-05,5e-06,0.008153,2.3e-05,0.004932,0.000347,0.021941,0.000448,0.293745,0.205753,0.057723,0.099189,0.001441,0.025009,0.000925,0.00105,0.000381,0.027239,0.007033,6.3e-05,0.005148,0.009801,0.0021,0.000864,0.01114,0.030627,0.000372,0.000146,0.011675,0.094241,2e-05,7.2e-05,0.118881,0.483417,0.038835,0.006599,0.077448,0.188748,0.116264,0.262909,0.001278,0.001716,0.002701,0.000278,0.016424,0.033904,0.009204,0.226841,0.008408,0.006167,3.8e-05,0.143941,0.000468,0.318115,9.6e-05,2.3e-05,0.022234,3.1e-05,1.2e-05,0.037478,0.002508,0.00079,0.035742,0.04136,0.001081,7e-06,0.215529,0.004772,0.299314,0.003049,0.008653,0.027181,0.007411,0.005528,0.504608,1.6e-05,5e-06,1.6e-05,6e-06,0.000189,0.242,0.030681,0.11882,8.3e-05,0.04971,0.211397,0.000103,0.000215,0.000102,0.005844,0.013083,0.001912,0.000588,0.079739,9e-06,0.000314,1.3e-05,0.652412,0.000124,7e-06,0.006066,0.010933,0.861735,0.237501,0.007959,0.192845,0.003503,0.000243,0.000432,0.000129,6.2e-05,1.4e-05,1.1e-05
"kilimanjaro/hai/machamemagharibi",0,0,0,0,0,0,0,0,0,0,0,0,0,0,0,0,0,0,0,0,0,0,0,0,0,0,0,0,0,0,0,0,0,0,0,0,0,0,0,0,0,0,0,0,0,0,0,0,0,0,0,0,0,0,0,0,0,0,0,0,0,0,0,0,0,0,0,0,0,0,0,0,0,0,0,0,0,0,0,0,0,0,0,0,0,0,0,0,0,0,0,0,0,0,0,0,0,0,0,0,0,0,0,0,0,0,0,0,0,0,0,0,0,0,0,0,0,0,0,0,0,0,0,0,0,0,0,0,0,0,0,0,0,0,0,0,0,0,0,0,0,0,0,0,0,0,0,0,0,0,0,0,0,0,0,0,0,0,0,0,0,0,0,0,0,0,0,0,0,0,0,0,0,0,0,0,0,0,0,0,0,0,0,0,0,0,0,0,0,0,0,0,0,0,0,0,0,0,0,0,0,0,0,0,0,0,0,0,0,0,0,0,0,0,0,0,0,0,0,0,0,0,0,0,0,0,0,0,0,0,0,0,0,0,0,0,0,0,0,0,0,0,0,0,0,0,0,0,0,0,0,0,0,0,0,0,0,0,0,0,0,0,0,0,0,0,0,0,0,0,0,0,0,0,0,0,0,0,0,0,0,0,0,0,0,0,0,0,0,0,0,0,0,0,0,0,0,0,0,0,0,0,0,0,0,0,0,0,0,0,0,0,0,0,0,0,0,0,0,0,0,0,0,0,0,0,0,0,0,0,0,0,0,0,0,0,0,0,0,0,0,0,0,0,0,0,0,0,0,0,0,0,0,0,0,0,0,0,0,0,0,0,0,0,0,0,0,0,0,0,0,0,0,0,0,0,0,0,0,0,0,0,0,0,0,0,0,0,0,0,0,0,0,0,0,0,0,0
"kilimanjaro/hai/machamemashariki",0,0,0,0,0,0,0,0,0,0,0,0,0,0,0,0,0,0,0,0,0,0,0,0,0,0,0,0,0,0,0,0,0,0,0,0,0,0,0,0,0,0,0,0,0,0,0,0,0,0,0,0,0,0,0,0,0,0,0,0,0,0,0,0,0,0,0,0,0,0,0,0,0,0,0,0,0,0,0,0,0,0,0,0,0,0,0,0,0,0,0,0,0,0,0,0,0,0,0,0,0,0,0,0,0,0,0,0,0,0,0,0,0,0,0,0,0,0,0,0,0,0,0,0,0,0,0,0,0,0,0,0,0,0,0,0,0,0,0,0,0,0,0,0,0,0,0,0,0,0,0,0,0,0,0,0,0,0,0,0,0,0,0,0,0,0,0,0,0,0,0,0,0,0,0,0,0,0,0,0,0,0,0,0,0,0,0,0,0,0,0,0,0,0,0,0,0,0,0,0,0,0,0,0,0,0,0,0,0,0,0,0,0,0,0,0,0,0,0,0,0,0,0,0,0,0,0,0,0,0,0,0,0,0,0,0,0,0,0,0,0,0,0,0,0,0,0,0,0,0,0,0,0,0,0,0,0,0,0,0,0,0,0,0,0,0,0,0,0,0,0,0,0,0,0,0,0,0,0,0,0,0,0,0,0,0,0,0,0,0,0,0,0,0,0,0,0,0,0,0,0,0,0,0,0,0,0,0,0,0,0,0,0,0,0,0,0,0,0,0,0,0,0,0,0,0,0,0,0,0,0,0,0,0,0,0,0,0,0,0,0,0,0,0,0,0,0,0,0,0,0,0,0,0,0,0,0,0,0,0,0,0,0,0,0,0,0,0,0,0,0,0,0,0,0,0,0,0,0,0,0,0,0,0,0,0,0,0,0,0,0,0,0,0,0,0,0,0
"kilimanjaro/hai/machamenarumu",0,0,0,0,0,0,0,0,0,0,0,0,0,0,0,0,0,0,0,0,0,0,0,0,0,0,0,0,0,0,0,0,0,0,0,0,0,0,0,0,0,0,0,0,0,0,0,0,0,0,0,0,0,0,0,0,0,0,0,0,0,0,0,0,0,0,0,0,0,0,0,0,0,0,0,0,0,0,0,0,0,0,0,0,0,0,0,0,0,0,0,0,0,0,0,0,0,0,0,0,0,0,0,0,0,0,0,0,0,0,0,0,0,0,0,0,0,0,0,0,0,0,0,0,0,0,0,0,0,0,0,0,0,0,0,0,0,0,0,0,0,0,0,0,0,0,0,0,0,0,0,0,0,0,0,0,0,0,0,0,0,0,0,0,0,0,0,0,0,0,0,0,0,0,0,0,0,0,0,0,0,0,0,0,0,0,0,0,0,0,0,0,0,0,0,0,0,0,0,0,0,0,0,0,0,0,0,0,0,0,0,0,0,0,0,0,0,0,0,0,0,0,0,0,0,0,0,0,0,0,0,0,0,0,0,0,0,0,0,0,0,0,0,0,0,0,0,0,0,0,0,0,0,0,0,0,0,0,0,0,0,0,0,0,0,0,0,0,0,0,0,0,0,0,0,0,0,0,0,0,0,0,0,0,0,0,0,0,0,0,0,0,0,0,0,0,0,0,0,0,0,0,0,0,0,0,0,0,0,0,0,0,0,0,0,0,0,0,0,0,0,0,0,0,0,0,0,0,0,0,0,0,0,0,0,0,0,0,0,0,0,0,0,0,0,0,0,0,0,0,0,0,0,0,0,0,0,0,0,0,0,0,0,0,0,0,0,0,0,0,0,0,0,0,0,0,0,0,0,0,0,0,0,0,0,0,0,0,0,0,0,0,0,0,0,0,0,0
"kilimanjaro/hai/machameuroki",0,0,0,0,0,0,0,0,0,0,0,0,0,0,0,0,0,0,0,0,0,0,0,0,0,0,0,0,0,0,0,0,0,0,0,0,0,0,0,0,0,0,0,0,0,0,0,0,0,0,0,0,0,0,0,0,0,0,0,0,0,0,0,0,0,0,0,0,0,0,0,0,0,0,0,0,0,0,0,0,0,0,0,0,0,0,0,0,0,0,0,0,0,0,0,0,0,0,0,0,0,0,0,0,0,0,0,0,0,0,0,0,0,0,0,0,0,0,0,0,0,0,0,0,0,0,0,0,0,0,0,0,0,0,0,0,0,0,0,0,0,0,0,0,0,0,0,0,0,0,0,0,0,0,0,0,0,0,0,0,0,0,0,0,0,0,0,0,0,0,0,0,0,0,0,0,0,0,0,0,0,0,0,0,0,0,0,0,0,0,0,0,0,0,0,0,0,0,0,0,0,0,0,0,0,0,0,0,0,0,0,0,0,0,0,0,0,0,0,0,0,0,0,0,0,0,0,0,0,0,0,0,0,0,0,0,0,0,0,0,0,0,0,0,0,0,0,0,0,0,0,0,0,0,0,0,0,0,0,0,0,0,0,0,0,0,0,0,0,0,0,0,0,0,0,0,0,0,0,0,0,0,0,0,0,0,0,0,0,0,0,0,0,0,0,0,0,0,0,0,0,0,0,0,0,0,0,0,0,0,0,0,0,0,0,0,0,0,0,0,0,0,0,0,0,0,0,0,0,0,0,0,0,0,0,0,0,0,0,0,0,0,0,0,0,0,0,0,0,0,0,0,0,0,0,0,0,0,0,0,0,0,0,0,0,0,0,0,0,0,0,0,0,0,0,0,0,0,0,0,0,0,0,0,0,0,0,0,0,0,0,0,0,0,0,0,0,0
"kilimanjaro/hai/machameweruweru",0,0,0,0,0,0,0,0,0,0,0,0,0,0,0,0,0,0,0,0,0,0,0,0,0,0,0,0,0,0,0,0,0,0,0,0,0,0,0,0,0,0,0,0,0,0,0,0,0,0,0,0,0,0,0,0,0,0,0,0,0,0,0,0,0,0,0,0,0,0,0,0,0,0,0,0,0,0,0,0,0,0,0,0,0,0,0,0,0,0,0,0,0,0,0,0,0,0,0,0,0,0,0,0,0,0,0,0,0,0,0,0,0,0,0,0,0,0,0,0,0,0,0,0,0,0,0,0,0,0,0,0,0,0,0,0,0,0,0,0,0,0,0,0,0,0,0,0,0,0,0,0,0,0,0,0,0,0,0,0,0,0,0,0,0,0,0,0,0,0,0,0,0,0,0,0,0,0,0,0,0,0,0,0,0,0,0,0,0,0,0,0,0,0,0,0,0,0,0,0,0,0,0,0,0,0,0,0,0,0,0,0,0,0,0,0,0,0,0,0,0,0,0,0,0,0,0,0,0,0,0,0,0,0,0,0,0,0,0,0,0,0,0,0,0,0,0,0,0,0,0,0,0,0,0,0,0,0,0,0,0,0,0,0,0,0,0,0,0,0,0,0,0,0,0,0,0,0,0,0,0,0,0,0,0,0,0,0,0,0,0,0,0,0,0,0,0,0,0,0,0,0,0,0,0,0,0,0,0,0,0,0,0,0,0,0,0,0,0,0,0,0,0,0,0,0,0,0,0,0,0,0,0,0,0,0,0,0,0,0,0,0,0,0,0,0,0,0,0,0,0,0,0,0,0,0,0,0,0,0,0,0,0,0,0,0,0,0,0,0,0,0,0,0,0,0,0,0,0,0,0,0,0,0,0,0,0,0,0,0,0,0,0,0,0,0,0,0
"manyara/babati/madunga",0,0,0,0,0,0,0,0,0,0,0,0,0,0,0,0,0,0,0,0,0,0,0,0,0,0,0,0,0,0,0,0,0,0,0,0,0,0,0,0,0,0,0,0,0,0,0,0,0,0,0,0,0,0,0,0,0,0,0,0,0,0,0,0,0,0,0,0,0,0,0,0,0,0,0,0,0,0,0,0,0,0,0,0,0,0,0,0,0,0,0,0,0,0,0,0,0,0,0,0,0,0,0,0,0,0,0,0,0,0,0,0,0,0,0,0,0,0,0,0,0,0,0,0,0,0,0,0,0,0,0,0,0,0,0,0,0,0,0,0,0,0,0,0,0,0,0,0,0,0,0,0,0,0,0,0,0,0,0,0,0,0,0,0,0,0,0,0,0,0,0,0,0,0,0,0,0,0,0,0,0,0,0,0,0,0,0,0,0,0,0,0,0,0,0,0,0,0,0,0,0,0,0,0,0,0,0,0,0,0,0,0,0,0,0,0,0,0,0,0,0,0,0,0,0,0,0,0,0,0,0,0,0,0,0,0,0,0,0,0,0,0,0,0,0,0,0,0,0,0,0,0,0,0,0,0,0,0,0,0,0,0,0,0,0,0,0,0,0,0,0,0,0,0,0,0,0,0,0,0,0,0,0,0,0,0,0,0,0,0,0,0,0,0,0,0,0,0,0,0,0,0,0,0,0,0,0,0,0,0,0,0,0,0,0,0,0,0,0,0,0,0,0,0,0,0,0,0,0,0,0,0,0,0,0,0,0,0,0,0,0,0,0,0,0,0,0,0,0,0,0,0,0,0,0,0,0,0,0,0,0,0,0,0,0,0,0,0,0,0,0,0,0,0,0,0,0,0,0,0,0,0,0,0,0,0,0,0,0,0,0,0,0,0,0,0,0,0
"manyara/babati/magara",0,0,0,0,0,0,0,0,0,0,0,0,0,0,0,0,0,0,0,0,0,0,0,0,0,0,0,0,0,0,0,0,0,0,0,0,0,0,0,0,0,0,0,0,0,0,0,0,0,0,0,0,0,0,0,0,0,0,0,0,0,0,0,0,0,0,0,0,0,0,0,0,0,0,0,0,0,0,0,0,0,0,0,0,0,0,0,0,0,0,0,0,0,0,0,0,0,0,0,0,0,0,0,0,0,0,0,0,0,0,0,0,0,0,0,0,0,0,0,0,0,0,0,0,0,0,0,0,0,0,0,0,0,0,0,0,0,0,0,0,0,0,0,0,0,0,0,0,0,0,0,0,0,0,0,0,0,0,0,0,0,0,0,0,0,0,0,0,0,0,0,0,0,0,0,0,0,0,0,0,0,0,0,0,0,0,0,0,0,0,0,0,0,0,0,0,0,0,0,0,0,0,0,0,0,0,0,0,0,0,0,0,0,0,0,0,0,0,0,0,0,0,0,0,0,0,0,0,0,0,0,0,0,0,0,0,0,0,0,0,0,0,0,0,0,0,0,0,0,0,0,0,0,0,0,0,0,0,0,0,0,0,0,0,0,0,0,0,0,0,0,0,0,0,0,0,0,0,0,0,0,0,0,0,0,0,0,0,0,0,0,0,0,0,0,0,0,0,0,0,0,0,0,0,0,0,0,0,0,0,0,0,0,0,0,0,0,0,0,0,0,0,0,0,0,0,0,0,0,0,0,0,0,0,0,0,0,0,0,0,0,0,0,0,0,0,0,0,0,0,0,0,0,0,0,0,0,0,0,0,0,0,0,0,0,0,0,0,0,0,0,0,0,0,0,0,0,0,0,0,0,0,0,0,0,0,0,0,0,0,0,0,0,0,0,0,0,0
"manyara/mbulu/maghang",0,0,0,0,0,0,0,0,0,0,0,0,0,0,0,0,0,0,0,0,0,0,0,0,0,0,0,0,0,0,0,0,0,0,0,0,0,0,0,0,0,0,0,0,0,0,0,0,0,0,0,0,0,0,0,0,0,0,0,0,0,0,0,0,0,0,0,0,0,0,0,0,0,0,0,0,0,0,0,0,0,0,0,0,0,0,0,0,0,0,0,0,0,0,0,0,0,0,0,0,0,0,0,0,0,0,0,0,0,0,0,0,0,0,0,0,0,0,0,0,0,0,0,0,0,0,0,0,0,0,0,0,0,0,0,0,0,0,0,0,0,0,0,0,0,0,0,0,0,0,0,0,0,0,0,0,0,0,0,0,0,0,0,0,0,0,0,0,0,0,0,0,0,0,0,0,0,0,0,0,0,0,0,0,0,0,0,0,0,0,0,0,0,0,0,0,0,0,0,0,0,0,0,0,0,0,0,0,0,0,0,0,0,0,0,0,0,0,0,0,0,0,0,0,0,0,0,0,0,0,0,0,0,0,0,0,0,0,0,0,0,0,0,0,0,0,0,0,0,0,0,0,0,0,0,0,0,0,0,0,0,0,0,0,0,0,0,0,0,0,0,0,0,0,0,0,0,0,0,0,0,0,0,0,0,0,0,0,0,0,0,0,0,0,0,0,0,0,0,0,0,0,0,0,0,0,0,0,0,0,0,0,0,0,0,0,0,0,0,0,0,0,0,0,0,0,0,0,0,0,0,0,0,0,0,0,0,0,0,0,0,0,0,0,0,0,0,0,0,0,0,0,0,0,0,0,0,0,0,0,0,0,0,0,0,0,0,0,0,0,0,0,0,0,0,0,0,0,0,0,0,0,0,0,0,0,0,0,0,0,0,0,0,0,0,0,0,0
"manyara/babati/magugu",0.000178,5.2e-05,1.2e-05,0.000253,0.00011,0.000595,3.9e-05,5.2e-05,8e-05,0.052498,0.000576,1.6e-05,0.000132,0.002119,0.000791,0.000122,6e-05,0.000318,2.7e-05,8.8e-05,1e-05,0.000106,6.8e-05,1.1e-05,9e-06,3e-06,0.000189,8.4e-05,3e-06,1.3e-05,0.000783,2.1e-05,5e-06,7e-06,0.000193,0.000112,0.000215,0.003981,0.000263,0.000231,4.1e-05,1.9e-05,0.000665,0.001953,0.000131,8.5e-05,7.7e-05,0.050948,0.022522,9.5e-05,9.1e-05,3.7e-05,7.2e-05,3.4e-05,0.002099,2.5e-05,2.5e-05,0.000544,0.00052,0.009279,0.000336,0.001356,0.000664,5.7e-05,0,0.00151,0.000815,1.7e-05,0.000863,0.028905,3.2e-05,4e-06,2.4e-05,0.001624,7.6e-05,0.000603,7.8e-05,1.5e-05,1.1e-05,1.7e-05,1.7e-05,0.000278,3.6e-05,2.2e-05,8.2e-05,4.8e-05,0.004657,2.3e-05,0.000661,0.001725,1.7e-05,1.7e-05,0.003447,0.000963,3.8e-05,0.004629,0.000264,4e-06,0.001816,0.000429,0.000101,1.9e-05,0.000305,0.000326,5.7e-05,0.00207,6.1e-05,0.00038,0.000175,0.005955,0.000185,0.00102,0.000687,8e-06,1.5e-05,1.1e-05,0.001766,1.4e-05,0.002037,0.000185,0.000101,0.003503,1.1e-05,4.3e-05,5e-06,0.000126,0.000571,0.009165,0.000716,1.3e-05,1e-05,0.000393,0.000801,8.5e-05,3e-06,0.00117,6.4e-05,0.000237,0.004151,0.000614,0.000345,7e-06,0.000421,5.6e-05,2.1e-05,0.000611,0.00035,0.000867,0.000705,0.000233,1e-05,1e-05,1.7e-05,1.3e-05,0.000502,0.015319,4.4e-05,8.8e-05,8e-05,0.029955,0.000116,0.006611,5e-06,3e-05,1.5e-05,1.4e-05,0.000171,0.000176,0.002465,6.9e-05,0.000189,0.007025,0.035204,0.000338,6.4e-05,0.002313,0.032402,1.2e-05,0.000607,0.000316,4e-06,4.5e-05,0.000997,0.000103,0.003875,0.074182,7e-06,1.4e-05,0.002006,0.000609,0.00017,0.000796,0.002228,4.2e-05,0,2.8e-05,1.2e-05,0.000365,0.000703,2.6e-05,0.003143,0.000451,0.000562,1.4e-05,9e-04,9.4e-05,0.005922,0.009211,0.000635,1.4e-05,1.3e-05,0.001674,0.001836,5e-06,1.7e-05,0.000126,4.4e-05,0.007861,7.7e-05,0.000481,4.7e-05,1.5e-05,5.1e-05,1.5e-05,0.002553,5.6e-05,0.00337,3.1e-05,0.000195,2.3e-05,2.8e-05,6.3e-05,0.002452,0.005698,0.000103,1e-06,1.6e-05,0.00066,0.001236,1e-05,0.000351,0.086141,6e-06,0.014273,6e-06,1.1e-05,3.9e-05,0.001698,3.1e-05,0.000302,0.011372,0.012279,3.8e-05,0.003135,0.000459,0.000261,1.3e-05,6e-05,9e-06,8e-06,6e-06,0.000286,8.7e-05,8e-06,0.006044,5.1e-05,0.000143,0.004535,0.000273,0.022251,0.003393,0.001631,1e-05,9e-06,0.005084,2.6e-05,0.000296,0.001572,0.000188,0.00021,0.000129,1.5e-05,0.015657,0.000335,1.8e-05,0.000425,1.5e-05,2.9e-05,9.1e-05,1.3e-05,0.000115,0.00014,2.3e-05,0.008792,0.000153,0.000283,0.003013,6.2e-05,0.000391,0.000803,5e-06,3e-06,1.1e-05,0.000135,2.5e-05,0.078508,0.000246,2.9e-05,1.9e-05,1.3e-05,0.003848,0.000373,7.7e-05,9e-06,9.7e-05,2.5e-05,2.2e-05,0.006269,0.002833,0.005964,0.000765,0.003842,0.000366,0.001293,0.027687,0.000524,0.000667,9.5e-05,5.4e-05,0.000813,0.001152,0.000509,0.019757,0.001459,0.001231,2.5e-05,5.4e-05,8.2e-05,0.007193,0.000494,3.4e-05,9e-06,3.7e-05,0.000178,0.001406,0.000221,0.000155,0.001192,0.00099,2e-04,5e-05,0.000853,9.3e-05,0.014234,0.002626,0.002197,0.001584,5.3e-05,2e-05,0.000157,0.000187,3e-05,0.000186,1.7e-05,3.7e-05,0.008863,0.002847,0.006274,2.7e-05,0.000778,5.9e-05,3e-06,1e-05,4.9e-05,2.3e-05,0.000716,0.001086,2.2e-05,0.002844,4.8e-05,5e-06,6.8e-05,0.005648,0.00037,4.1e-05,0.000262,1.2e-05,0.001461,0.000259,9e-06,0.003183,9e-06,9e-06,1.7e-05,3e-06,4e-06,6.5e-05,2.5e-05
"manyara/kiteto/magungu",0,0,0,0,0,0,0,0,0,0,0,0,0,0,0,0,0,0,0,0,0,0,0,0,0,0,0,0,0,0,0,0,0,0,0,0,0,0,0,0,0,0,0,0,0,0,0,0,0,0,0,0,0,0,0,0,0,0,0,0,0,0,0,0,0,0,0,0,0,0,0,0,0,0,0,0,0,0,0,0,0,0,0,0,0,0,0,0,0,0,0,0,0,0,0,0,0,0,0,0,0,0,0,0,0,0,0,0,0,0,0,0,0,0,0,0,0,0,0,0,0,0,0,0,0,0,0,0,0,0,0,0,0,0,0,0,0,0,0,0,0,0,0,0,0,0,0,0,0,0,0,0,0,0,0,0,0,0,0,0,0,0,0,0,0,0,0,0,0,0,0,0,0,0,0,0,0,0,0,0,0,0,0,0,0,0,0,0,0,0,0,0,0,0,0,0,0,0,0,0,0,0,0,0,0,0,0,0,0,0,0,0,0,0,0,0,0,0,0,0,0,0,0,0,0,0,0,0,0,0,0,0,0,0,0,0,0,0,0,0,0,0,0,0,0,0,0,0,0,0,0,0,0,0,0,0,0,0,0,0,0,0,0,0,0,0,0,0,0,0,0,0,0,0,0,0,0,0,0,0,0,0,0,0,0,0,0,0,0,0,0,0,0,0,0,0,0,0,0,0,0,0,0,0,0,0,0,0,0,0,0,0,0,0,0,0,0,0,0,0,0,0,0,0,0,0,0,0,0,0,0,0,0,0,0,0,0,0,0,0,0,0,0,0,0,0,0,0,0,0,0,0,0,0,0,0,0,0,0,0,0,0,0,0,0,0,0,0,0,0,0,0,0,0,0,0,0,0,0,0,0,0,0,0,0,0,0,0,0,0,0,0,0,0,0,0,0,0
"kilimanjaro/rombo/mahida",0,0,0,0,0,0,0,0,0,0,0,0,0,0,0,0,0,0,0,0,0,0,0,0,0,0,0,0,0,0,0,0,0,0,0,0,0,0,0,0,0,0,0,0,0,0,0,0,0,0,0,0,0,0,0,0,0,0,0,0,0,0,0,0,0,0,0,0,0,0,0,0,0,0,0,0,0,0,0,0,0,0,0,0,0,0,0,0,0,0,0,0,0,0,0,0,0,0,0,0,0,0,0,0,0,0,0,0,0,0,0,0,0,0,0,0,0,0,0,0,0,0,0,0,0,0,0,0,0,0,0,0,0,0,0,0,0,0,0,0,0,0,0,0,0,0,0,0,0,0,0,0,0,0,0,0,0,0,0,0,0,0,0,0,0,0,0,0,0,0,0,0,0,0,0,0,0,0,0,0,0,0,0,0,0,0,0,0,0,0,0,0,0,0,0,0,0,0,0,0,0,0,0,0,0,0,0,0,0,0,0,0,0,0,0,0,0,0,0,0,0,0,0,0,0,0,0,0,0,0,0,0,0,0,0,0,0,0,0,0,0,0,0,0,0,0,0,0,0,0,0,0,0,0,0,0,0,0,0,0,0,0,0,0,0,0,0,0,0,0,0,0,0,0,0,0,0,0,0,0,0,0,0,0,0,0,0,0,0,0,0,0,0,0,0,0,0,0,0,0,0,0,0,0,0,0,0,0,0,0,0,0,0,0,0,0,0,0,0,0,0,0,0,0,0,0,0,0,0,0,0,0,0,0,0,0,0,0,0,0,0,0,0,0,0,0,0,0,0,0,0,0,0,0,0,0,0,0,0,0,0,0,0,0,0,0,0,0,0,0,0,0,0,0,0,0,0,0,0,0,0,0,0,0,0,0,0,0,0,0,0,0,0,0,0,0,0,0
"manyara/babatiurban/maisaka",0,0,0,0,0,0,0,0,0,0,0,0,0,0,0,0,0,0,0,0,0,0,0,0,0,0,0,0,0,0,0,0,0,0,0,0,0,0,0,0,0,0,0,0,0,0,0,0,0,0,0,0,0,0,0,0,0,0,0,0,0,0,0,0,0,0,0,0,0,0,0,0,0,0,0,0,0,0,0,0,0,0,0,0,0,0,0,0,0,0,0,0,0,0,0,0,0,0,0,0,0,0,0,0,0,0,0,0,0,0,0,0,0,0,0,0,0,0,0,0,0,0,0,0,0,0,0,0,0,0,0,0,0,0,0,0,0,0,0,0,0,0,0,0,0,0,0,0,0,0,0,0,0,0,0,0,0,0,0,0,0,0,0,0,0,0,0,0,0,0,0,0,0,0,0,0,0,0,0,0,0,0,0,0,0,0,0,0,0,0,0,0,0,0,0,0,0,0,0,0,0,0,0,0,0,0,0,0,0,0,0,0,0,0,0,0,0,0,0,0,0,0,0,0,0,0,0,0,0,0,0,0,0,0,0,0,0,0,0,0,0,0,0,0,0,0,0,0,0,0,0,0,0,0,0,0,0,0,0,0,0,0,0,0,0,0,0,0,0,0,0,0,0,0,0,0,0,0,0,0,0,0,0,0,0,0,0,0,0,0,0,0,0,0,0,0,0,0,0,0,0,0,0,0,0,0,0,0,0,0,0,0,0,0,0,0,0,0,0,0,0,0,0,0,0,0,0,0,0,0,0,0,0,0,0,0,0,0,0,0,0,0,0,0,0,0,0,0,0,0,0,0,0,0,0,0,0,0,0,0,0,0,0,0,0,0,0,0,0,0,0,0,0,0,0,0,0,0,0,0,0,0,0,0,0,0,0,0,0,0,0,0,0,0,0,0,0,0
"kilimanjaro/moshimunicipal/majengo",0,0,0,0,0,0,0,0,0,0,0,0,0,0,0,0,0,0,0,0,0,0,0,0,0,0,0,0,0,0,0,0,0,0,0,0,0,0,0,0,0,0,0,0,0,0,0,0,0,0,0,0,0,0,0,0,0,0,0,0,0,0,0,0,0,0,0,0,0,0,0,0,0,0,0,0,0,0,0,0,0,0,0,0,0,0,0,0,0,0,0,0,0,0,0,0,0,0,0,0,0,0,0,0,0,0,0,0,0,0,0,0,0,0,0,0,0,0,0,0,0,0,0,0,0,0,0,0,0,0,0,0,0,0,0,0,0,0,0,0,0,0,0,0,0,0,0,0,0,0,0,0,0,0,0,0,0,0,0,0,0,0,0,0,0,0,0,0,0,0,0,0,0,0,0,0,0,0,0,0,0,0,0,0,0,0,0,0,0,0,0,0,0,0,0,0,0,0,0,0,0,0,0,0,0,0,0,0,0,0,0,0,0,0,0,0,0,0,0,0,0,0,0,0,0,0,0,0,0,0,0,0,0,0,0,0,0,0,0,0,0,0,0,0,0,0,0,0,0,0,0,0,0,0,0,0,0,0,0,0,0,0,0,0,0,0,0,0,0,0,0,0,0,0,0,0,0,0,0,0,0,0,0,0,0,0,0,0,0,0,0,0,0,0,0,0,0,0,0,0,0,0,0,0,0,0,0,0,0,0,0,0,0,0,0,0,0,0,0,0,0,0,0,0,0,0,0,0,0,0,0,0,0,0,0,0,0,0,0,0,0,0,0,0,0,0,0,0,0,0,0,0,0,0,0,0,0,0,0,0,0,0,0,0,0,0,0,0,0,0,0,0,0,0,0,0,0,0,0,0,0,0,0,0,0,0,0,0,0,0,0,0,0,0,0,0,0,0
"arusha/monduli/majengo",0,0,0,0,0,0,0,0,0,0,0,0,0,0,0,0,0,0,0,0,0,0,0,0,0,0,0,0,0,0,0,0,0,0,0,0,0,0,0,0,0,0,0,0,0,0,0,0,0,0,0,0,0,0,0,0,0,0,0,0,0,0,0,0,0,0,0,0,0,0,0,0,0,0,0,0,0,0,0,0,0,0,0,0,0,0,0,0,0,0,0,0,0,0,0,0,0,0,0,0,0,0,0,0,0,0,0,0,0,0,0,0,0,0,0,0,0,0,0,0,0,0,0,0,0,0,0,0,0,0,0,0,0,0,0,0,0,0,0,0,0,0,0,0,0,0,0,0,0,0,0,0,0,0,0,0,0,0,0,0,0,0,0,0,0,0,0,0,0,0,0,0,0,0,0,0,0,0,0,0,0,0,0,0,0,0,0,0,0,0,0,0,0,0,0,0,0,0,0,0,0,0,0,0,0,0,0,0,0,0,0,0,0,0,0,0,0,0,0,0,0,0,0,0,0,0,0,0,0,0,0,0,0,0,0,0,0,0,0,0,0,0,0,0,0,0,0,0,0,0,0,0,0,0,0,0,0,0,0,0,0,0,0,0,0,0,0,0,0,0,0,0,0,0,0,0,0,0,0,0,0,0,0,0,0,0,0,0,0,0,0,0,0,0,0,0,0,0,0,0,0,0,0,0,0,0,0,0,0,0,0,0,0,0,0,0,0,0,0,0,0,0,0,0,0,0,0,0,0,0,0,0,0,0,0,0,0,0,0,0,0,0,0,0,0,0,0,0,0,0,0,0,0,0,0,0,0,0,0,0,0,0,0,0,0,0,0,0,0,0,0,0,0,0,0,0,0,0,0,0,0,0,0,0,0,0,0,0,0,0,0,0,0,0,0,0,0,0
"arusha/meru/majiyachai",0.000282,1e-06,2e-06,2e-06,0,0.000149,0,0,0,1.2e-05,0,0,0.000133,0.001707,2e-06,0,0,0,0,0,0,9.5e-05,0,4e-06,0,1e-06,0,0,0,0,0.00043,0,0,1e-06,0,0,9.9e-05,2e-06,0,5e-06,0,0,5e-06,1e-06,1e-06,0,3e-06,0.018806,0.000104,0,0,0,0,0,1e-06,0,1.2e-05,0,1.3e-05,3.6e-05,1.6e-05,2e-05,9.9e-05,0,0,0.000698,6.2e-05,0,3e-06,1.1e-05,0,0,1.8e-05,1e-06,0,1.5e-05,2e-06,0,0,0,0,0,0,0,0,0,0.00378,0,1e-06,3.6e-05,0,0,0.000516,0.000719,1e-06,4e-06,0.000195,0,0.000376,7.7e-05,0,0,9e-06,0.000154,1.8e-05,0.000421,0,0.000148,0.000228,1.5e-05,0.000127,0.000204,1e-06,4e-06,3e-06,2e-06,0.00165,0,0.000612,6.5e-05,3e-05,0.001166,1e-06,4e-06,0,4e-06,4e-06,0.043841,0.001089,3e-06,2e-06,5.4e-05,0.000123,3.1e-05,0,0.000758,2.8e-05,6.3e-05,0.000437,0.000265,0.001066,0,0.000171,2.2e-05,3e-06,5.8e-05,0,0.000197,0.00017,4.9e-05,2e-06,1e-06,2e-06,1e-06,2.1e-05,0.001649,5e-06,3e-06,1e-06,0.010538,1.5e-05,9.8e-05,2e-06,2e-06,0,0,2.4e-05,0.000476,0.001089,7e-06,1e-06,8.1e-05,0.015521,1.4e-05,4e-05,8e-06,0.000102,1e-06,0.000224,4e-06,0,1e-06,2.8e-05,2.8e-05,0.001889,0.055636,3e-06,6e-06,0.001013,0.000352,6.9e-05,0,1e-06,0,8e-06,0,2e-06,0,0.000229,0,0,2e-06,1.3e-05,1.6e-05,0.000168,0.000155,0.000996,4.4e-05,8e-06,3e-06,2e-06,0,0.000271,1e-06,0,4e-06,0,0.001159,1.7e-05,9.5e-05,0,4.4e-05,0,1e-05,0.002018,4.4e-05,0.001891,1.5e-05,0,0,0,0,9.7e-05,0.000889,1e-06,0,4e-06,0.000276,7e-06,2e-06,0.000173,0.00274,2e-06,0.000768,0,4e-06,1.2e-05,0.001399,0,2.4e-05,0.005771,0.000689,3e-06,0.002102,0.000107,9e-06,2e-06,7e-06,3e-06,0,0,4e-05,0,0,1.8e-05,3e-06,0,0.00056,0,3e-06,0.000597,0.000211,1e-06,0,0.000877,5e-06,9e-06,3.3e-05,0,2e-06,3.4e-05,0,0.001588,0,0,0,0,6e-06,0,1.2e-05,1e-06,5.2e-05,1e-06,0.006797,4.5e-05,0.000153,0.002289,2.5e-05,3.4e-05,4e-06,1e-06,0,3e-06,9e-06,0,3.6e-05,0.000291,0.000171,2.9e-05,5e-06,0.000616,2e-06,0,2e-06,2.7e-05,0,0,0.002087,0.000505,0.000575,4.7e-05,0.001063,0.000482,0.00031,0.007319,6e-06,8e-06,5.7e-05,1e-06,0.000261,0.000735,0.000129,0.001892,2.8e-05,1.9e-05,0,1.8e-05,2e-06,0.021379,0,0,3e-06,0,0,6e-05,5e-06,3e-06,0.000607,5.5e-05,4e-06,0,0.000894,0.000201,0.007605,2.6e-05,7.1e-05,0.000141,6e-06,3e-06,5.9e-05,0,0,0,0,1e-06,0.006903,0.000739,0.002133,0,0.002042,2.1e-05,0,0,0,5e-06,0.000182,1.4e-05,1.2e-05,0.000472,0,0,0,0.000983,0,0,0.000108,4e-06,0.00052,7.6e-05,2e-06,0.01442,2e-06,0,1e-06,0,0,0,0
"manyara/kiteto/makame",0,0,0,0,0,0,0,0,0,0,0,0,0,0,0,0,0,0,0,0,0,0,0,0,0,0,0,0,0,0,0,0,0,0,0,0,0,0,0,0,0,0,0,0,0,0,0,0,0,0,0,0,0,0,0,0,0,0,0,0,0,0,0,0,0,0,0,0,0,0,0,0,0,0,0,0,0,0,0,0,0,0,0,0,0,0,0,0,0,0,0,0,0,0,0,0,0,0,0,0,0,0,0,0,0,0,0,0,0,0,0,0,0,0,0,0,0,0,0,0,0,0,0,0,0,0,0,0,0,0,0,0,0,0,0,0,0,0,0,0,0,0,0,0,0,0,0,0,0,0,0,0,0,0,0,0,0,0,0,0,0,0,0,0,0,0,0,0,0,0,0,0,0,0,0,0,0,0,0,0,0,0,0,0,0,0,0,0,0,0,0,0,0,0,0,0,0,0,0,0,0,0,0,0,0,0,0,0,0,0,0,0,0,0,0,0,0,0,0,0,0,0,0,0,0,0,0,0,0,0,0,0,0,0,0,0,0,0,0,0,0,0,0,0,0,0,0,0,0,0,0,0,0,0,0,0,0,0,0,0,0,0,0,0,0,0,0,0,0,0,0,0,0,0,0,0,0,0,0,0,0,0,0,0,0,0,0,0,0,0,0,0,0,0,0,0,0,0,0,0,0,0,0,0,0,0,0,0,0,0,0,0,0,0,0,0,0,0,0,0,0,0,0,0,0,0,0,0,0,0,0,0,0,0,0,0,0,0,0,0,0,0,0,0,0,0,0,0,0,0,0,0,0,0,0,0,0,0,0,0,0,0,0,0,0,0,0,0,0,0,0,0,0,0,0,0,0,0,0,0,0,0,0,0,0,0,0,0,0,0,0,0,0,0,0,0,0,0
"kilimanjaro/same/makanya",1.7e-05,2e-06,7e-06,1.4e-05,0,0.000379,0,0,0,6.9e-05,1e-06,0,1.2e-05,0.000178,1e-05,0,0,2e-06,0,1e-06,0.000144,2.1e-05,0,5e-06,0.000238,2e-06,1e-06,0,1e-06,0.000664,7.9e-05,3e-06,0.000234,1.7e-05,2e-06,1e-06,1.5e-05,1.5e-05,1e-06,1.8e-05,0,0,0.000169,1.1e-05,1.9e-05,0,3e-06,0.003497,0.000303,1e-06,0,1e-06,1e-06,0,1.3e-05,0,5e-06,1e-06,0.001314,0.000245,3.3e-05,4.5e-05,5.1e-05,1e-05,0,0.000114,3.1e-05,0,6e-06,8.7e-05,0,0,5e-06,4e-06,1e-06,4.1e-05,4e-06,0,0,0,0,1e-06,0,0,1e-06,0,0.001362,0,1e-05,0.085846,0,0,0.002834,8.2e-05,2e-06,1.7e-05,6.1e-05,7e-06,0.001402,0.000363,0,0,0.003799,2.3e-05,2.8e-05,0.000519,0,0.00016,2.6e-05,6e-05,4.4e-05,0.000471,8e-06,1e-06,8e-06,7e-06,0.000479,2e-06,0.001003,6.5e-05,3.4e-05,0.001317,2e-05,8.4e-05,1.1e-05,0.002357,0.000245,0.001535,9.3e-05,7e-06,6e-06,0.000276,0.000825,3.8e-05,9e-06,9.2e-05,5e-06,0.000125,0.000479,0.000232,6.6e-05,0.000265,2.9e-05,2.2e-05,1e-05,0.001336,1e-06,0.000551,0.000378,0.000147,5e-06,2.3e-05,9e-06,0.000206,0.003952,0.000656,2.1e-05,5e-06,1e-04,0.013846,0.000146,0.000463,2e-06,9.1e-05,0,0,0.000212,2.7e-05,0.000179,0.000147,7.4e-05,0.000125,0.002533,0.001601,1.5e-05,9.8e-05,0.00028,1e-06,0.000258,0.000208,0.000122,3e-06,0.041976,6e-05,0.001188,0.029131,2e-06,4e-06,0.000668,0.000181,7.3e-05,3e-06,6e-06,0,4.6e-05,6e-06,8e-06,0,0.000331,0,0.000442,4.2e-05,0,3e-06,0.000493,1.8e-05,0.004829,9.2e-05,2.8e-05,9e-06,8e-06,1e-06,0.001373,3e-06,0,0.001443,0,0.004269,4.2e-05,0.000293,0,2e-06,0,4e-06,0.000719,1.4e-05,0.000929,1.2e-05,1e-06,0,0,0,0.00021,0.00029,1.2e-05,0,7e-06,9.9e-05,2.1e-05,6e-06,7.7e-05,0.001732,3e-06,0.053938,0.00015,5e-06,1.9e-05,0.000157,0,1.3e-05,0.00084,0.000553,1e-06,0.000258,0.00014,0.010703,7e-06,9e-05,4e-06,0.000185,0.000156,0.000202,0,0.000213,5.8e-05,4e-06,0,0.000207,0,9e-06,0.000185,0.002268,1.5e-05,0.000403,0.003624,1.6e-05,0.008246,0.000636,0,4e-06,5.2e-05,1e-06,0.001959,1e-06,4e-06,1e-06,0,1.2e-05,1e-06,3e-06,2.6e-05,2.8e-05,0.000482,0.000942,7.8e-05,5.7e-05,0.00035,4e-06,0.000637,1.4e-05,3e-06,7e-06,5e-06,0.000858,4e-06,0.000144,2.2e-05,3e-06,2e-06,4e-06,0.00022,1.1e-05,7e-06,5e-06,4.8e-05,0,2e-06,0.000586,0.001357,0.000354,4.3e-05,0.000252,8.5e-05,0.000244,0.001907,3.9e-05,5e-05,7e-06,5e-06,5.2e-05,9e-05,3e-05,0.001971,0.000121,0.001778,5e-06,2.6e-05,5e-06,0.000782,2e-06,0,4e-06,0,1e-06,0.022625,0.001805,1e-05,9.4e-05,0.0099,1.5e-05,0,0.000169,1e-05,0.001071,5.1e-05,5.3e-05,0.000346,9.2e-05,1.2e-05,6.9e-05,0,0,0,0,3e-06,0.000733,0.000195,0.000412,5e-06,8.7e-05,2.6e-05,4.8e-05,0.000825,1.5e-05,9e-06,4.7e-05,4.1e-05,2e-06,0.000394,0,1.7e-05,0,0.00254,3e-06,0,1.8e-05,5e-06,0.000608,0.000117,4e-06,0.000386,5e-06,0.000329,0.000425,2.6e-05,8.4e-05,0,0
"arusha/meru/makiba",0,0,0,0,0,0,0,0,0,0,0,0,0,0,0,0,0,0,0,0,0,0,0,0,0,0,0,0,0,0,0,0,0,0,0,0,0,0,0,0,0,0,0,0,0,0,0,0,0,0,0,0,0,0,0,0,0,0,0,0,0,0,0,0,0,0,0,0,0,0,0,0,0,0,0,0,0,0,0,0,0,0,0,0,0,0,0,0,0,0,0,0,0,0,0,0,0,0,0,0,0,0,0,0,0,0,0,0,0,0,0,0,0,0,0,0,0,0,0,0,0,0,0,0,0,0,0,0,0,0,0,0,0,0,0,0,0,0,0,0,0,0,0,0,0,0,0,0,0,0,0,0,0,0,0,0,0,0,0,0,0,0,0,0,0,0,0,0,0,0,0,0,0,0,0,0,0,0,0,0,0,0,0,0,0,0,0,0,0,0,0,0,0,0,0,0,0,0,0,0,0,0,0,0,0,0,0,0,0,0,0,0,0,0,0,0,0,0,0,0,0,0,0,0,0,0,0,0,0,0,0,0,0,0,0,0,0,0,0,0,0,0,0,0,0,0,0,0,0,0,0,0,0,0,0,0,0,0,0,0,0,0,0,0,0,0,0,0,0,0,0,0,0,0,0,0,0,0,0,0,0,0,0,0,0,0,0,0,0,0,0,0,0,0,0,0,0,0,0,0,0,0,0,0,0,0,0,0,0,0,0,0,0,0,0,0,0,0,0,0,0,0,0,0,0,0,0,0,0,0,0,0,0,0,0,0,0,0,0,0,0,0,0,0,0,0,0,0,0,0,0,0,0,0,0,0,0,0,0,0,0,0,0,0,0,0,0,0,0,0,0,0,0,0,0,0,0,0,0,0,0,0,0,0,0,0,0,0,0,0,0,0,0,0,0,0,0,0
"kilimanjaro/rombo/makiidi",0,0,0,0,0,0,0,0,0,0,0,0,0,0,0,0,0,0,0,0,0,0,0,0,0,0,0,0,0,0,0,0,0,0,0,0,0,0,0,0,0,0,0,0,0,0,0,0,0,0,0,0,0,0,0,0,0,0,0,0,0,0,0,0,0,0,0,0,0,0,0,0,0,0,0,0,0,0,0,0,0,0,0,0,0,0,0,0,0,0,0,0,0,0,0,0,0,0,0,0,0,0,0,0,0,0,0,0,0,0,0,0,0,0,0,0,0,0,0,0,0,0,0,0,0,0,0,0,0,0,0,0,0,0,0,0,0,0,0,0,0,0,0,0,0,0,0,0,0,0,0,0,0,0,0,0,0,0,0,0,0,0,0,0,0,0,0,0,0,0,0,0,0,0,0,0,0,0,0,0,0,0,0,0,0,0,0,0,0,0,0,0,0,0,0,0,0,0,0,0,0,0,0,0,0,0,0,0,0,0,0,0,0,0,0,0,0,0,0,0,0,0,0,0,0,0,0,0,0,0,0,0,0,0,0,0,0,0,0,0,0,0,0,0,0,0,0,0,0,0,0,0,0,0,0,0,0,0,0,0,0,0,0,0,0,0,0,0,0,0,0,0,0,0,0,0,0,0,0,0,0,0,0,0,0,0,0,0,0,0,0,0,0,0,0,0,0,0,0,0,0,0,0,0,0,0,0,0,0,0,0,0,0,0,0,0,0,0,0,0,0,0,0,0,0,0,0,0,0,0,0,0,0,0,0,0,0,0,0,0,0,0,0,0,0,0,0,0,0,0,0,0,0,0,0,0,0,0,0,0,0,0,0,0,0,0,0,0,0,0,0,0,0,0,0,0,0,0,0,0,0,0,0,0,0,0,0,0,0,0,0,0,0,0,0,0,0,0
"kilimanjaro/siha/makiwaru",2.2e-05,0,1e-06,1e-06,0,6.7e-05,0,0,0,3e-06,0,0,1.5e-05,0.000177,1e-06,0,0,0,0,0,0,0.000641,0,2e-06,0,1e-06,0,0,0,0,5.6e-05,0,0,0,0,0,1.2e-05,1e-06,0,2e-06,0,0,2e-06,0,0,0,1e-06,0.002626,2.4e-05,0,0,0,0,0,0,0,2e-06,0,4e-06,1.1e-05,6e-06,6e-06,3.3e-05,0,0,8.1e-05,1.3e-05,0,1e-06,3e-06,0,0,3e-05,0,0,5e-06,1e-06,0,0,0,0,0,0,0,0,0,0.002615,0,0,1.3e-05,0,0,0.000276,0.000109,0,1e-06,0.000353,0,0.00018,3.9e-05,0,0,3e-06,2e-05,1.1e-05,0.000294,0,1e-04,0.000202,4e-06,0.000209,0.000135,0,0,2e-06,1e-06,0.000683,0,0.000392,5.5e-05,2.8e-05,0.00094,1e-06,2e-06,0,1e-06,1e-06,0.003634,9.1e-05,2e-06,1e-06,3e-05,5.9e-05,2e-05,0,8.6e-05,4e-06,3.9e-05,0.000193,0.000206,0.000471,0,2.3e-05,1.7e-05,2e-06,2.5e-05,0,0.000111,0.000107,2.9e-05,1e-06,0,1e-06,0,8e-06,0.000296,3e-06,1e-06,0,0.00683,7e-06,2.2e-05,1e-06,1e-06,0,0,1e-05,0.000271,0.000131,3e-06,0,1.9e-05,0.00204,4e-06,6e-05,2e-06,2.3e-05,1e-06,0.000157,1e-06,0,0,1e-05,1.5e-05,0.00197,0.038666,3e-06,5e-06,0.000928,0.000392,3.9e-05,0,0,0,2e-06,0,1e-06,0,0.000148,0,0.001348,1e-06,5e-06,3e-06,0.000104,0,0.000529,1e-05,3e-06,2e-06,1e-06,0,0.00015,0,0,2e-06,0,0.00069,1e-05,5.7e-05,0,4e-06,0,1.5e-05,0.002093,7.5e-05,0.002338,8e-06,0,0,0,0,3.6e-05,0.000137,0,0,3e-06,3.8e-05,2e-06,1e-06,3.4e-05,0.000555,1e-06,3e-04,0,2e-06,8e-06,0.000132,0,4e-06,0.000747,0.000171,1e-06,0.000219,8e-05,3e-06,1e-06,3e-06,2e-06,0,0,1.5e-05,0,0,5e-06,1e-06,0,0.000105,0,1e-06,0.000118,9.1e-05,1e-06,0,0.000492,3e-06,3e-06,9e-06,0,1e-06,1e-05,0,0.000725,0,0,0,0,4e-06,0,3.1e-05,0,4.5e-05,0,0.000683,2.8e-05,0.000177,7e-04,3e-06,1.1e-05,1e-06,0,0,2e-06,3e-06,0,9e-06,2.7e-05,8e-06,3e-06,4e-06,9.2e-05,1e-06,0,1e-06,1.7e-05,0,0,0.000599,0.000321,8.7e-05,8e-06,0.000211,0.000643,0.000212,0.001149,2e-06,3e-06,6e-06,0,3.9e-05,9.2e-05,2.2e-05,0.000776,1e-05,6e-06,0,1.1e-05,1e-06,0.001255,0,0,2e-06,0,0,2.1e-05,2e-06,1e-06,0.000107,2e-05,1e-06,0,0.002915,1.4e-05,0.000935,7e-06,1.5e-05,3.1e-05,2e-06,2e-06,3.7e-05,0,0,0,0,0,0.000786,9.4e-05,0.000289,0,0.000212,1.4e-05,0,0,0,3e-06,2.4e-05,3e-06,1e-06,0.000261,0,0,0,0.000631,0,0,1.4e-05,3e-06,0.000381,5.3e-05,2e-06,0.000622,1e-06,0,0,0,0,0,0
"kilimanjaro/moshi/makuyuni",0,0,0,0,0,0,0,0,0,0,0,0,0,0,0,0,0,0,0,0,0,0,0,0,0,0,0,0,0,0,0,0,0,0,0,0,0,0,0,0,0,0,0,0,0,0,0,0,0,0,0,0,0,0,0,0,0,0,0,0,0,0,0,0,0,0,0,0,0,0,0,0,0,0,0,0,0,0,0,0,0,0,0,0,0,0,0,0,0,0,0,0,0,0,0,0,0,0,0,0,0,0,0,0,0,0,0,0,0,0,0,0,0,0,0,0,0,0,0,0,0,0,0,0,0,0,0,0,0,0,0,0,0,0,0,0,0,0,0,0,0,0,0,0,0,0,0,0,0,0,0,0,0,0,0,0,0,0,0,0,0,0,0,0,0,0,0,0,0,0,0,0,0,0,0,0,0,0,0,0,0,0,0,0,0,0,0,0,0,0,0,0,0,0,0,0,0,0,0,0,0,0,0,0,0,0,0,0,0,0,0,0,0,0,0,0,0,0,0,0,0,0,0,0,0,0,0,0,0,0,0,0,0,0,0,0,0,0,0,0,0,0,0,0,0,0,0,0,0,0,0,0,0,0,0,0,0,0,0,0,0,0,0,0,0,0,0,0,0,0,0,0,0,0,0,0,0,0,0,0,0,0,0,0,0,0,0,0,0,0,0,0,0,0,0,0,0,0,0,0,0,0,0,0,0,0,0,0,0,0,0,0,0,0,0,0,0,0,0,0,0,0,0,0,0,0,0,0,0,0,0,0,0,0,0,0,0,0,0,0,0,0,0,0,0,0,0,0,0,0,0,0,0,0,0,0,0,0,0,0,0,0,0,0,0,0,0,0,0,0,0,0,0,0,0,0,0,0,0,0,0,0,0,0,0,0,0,0,0,0,0,0,0,0,0,0,0,0
"arusha/monduli/makuyuni",6.4e-05,1.6e-05,2e-06,4.9e-05,2e-06,0.000111,1e-06,2e-06,1e-06,0.000398,6e-06,0,5.3e-05,0.000831,5e-05,5e-06,2e-06,7e-06,1e-06,3e-06,1e-06,3e-05,1e-06,2e-06,1e-06,1e-06,2e-06,7e-06,0,1e-06,0.000226,1e-06,1e-06,1e-06,2.8e-05,2e-06,9.2e-05,7e-05,1.3e-05,4.8e-05,1e-06,1e-06,5e-05,5.4e-05,8e-06,1e-06,4.6e-05,0.023699,0.001962,1.1e-05,3e-06,5e-06,1.5e-05,1e-06,4.1e-05,1e-06,6e-06,5e-06,5.1e-05,0.001297,0.000102,0.000718,0.000293,4e-06,0,0.000589,0.00064,1e-06,0.000725,0.000387,8e-06,0,7e-06,5.8e-05,3e-06,0.000199,3e-05,0,0,1e-06,0,5e-06,1e-06,1e-06,2e-06,2e-06,0.001108,1e-06,2.8e-05,0.000188,0,1e-06,0.00059,0.000403,1.9e-05,0.000164,6.9e-05,1e-06,0.000327,7.5e-05,2e-06,2e-06,3.5e-05,0.000142,1.2e-05,0.000464,5e-06,8e-05,5.5e-05,0.001584,4.7e-05,0.000196,1.8e-05,3e-06,3e-06,2e-06,0.000423,1e-06,0.000409,4e-05,2.3e-05,0.000751,2e-06,6e-06,1e-06,1.4e-05,4.3e-05,0.002659,0.000213,2e-06,2e-06,7.1e-05,0.000135,1.8e-05,0,0.000476,2.9e-05,4.6e-05,0.001254,0.000134,9.6e-05,1e-06,0.00019,1.2e-05,4e-06,9.1e-05,4e-06,0.000162,0.000136,4.3e-05,2e-06,2e-06,3e-06,2e-06,6.2e-05,0.009864,8e-06,3.9e-05,7e-06,0.006268,1.9e-05,0.000814,1e-06,4e-06,1e-06,0,2.8e-05,5.5e-05,0.001005,1e-05,1.4e-05,0.017391,0.015644,3.9e-05,1.7e-05,0.000118,0.006523,4e-06,0.000127,2.5e-05,0,9e-06,0.000106,2e-05,0.000902,0.016893,2e-06,3e-06,0.000456,0.000144,3.6e-05,1.5e-05,0.000121,2e-06,0.00052,2e-06,2e-06,3e-06,0.000143,1.4e-05,0.000985,2.2e-05,6.3e-05,4e-06,0.000167,2.6e-05,0.001035,0,0.000147,3e-06,2e-06,1.1e-05,0.000316,1e-06,2e-06,1.5e-05,3e-06,0.001405,1.5e-05,8.9e-05,2e-06,4e-06,1e-06,4e-06,0.000618,1.4e-05,0.000816,7e-06,1.1e-05,1e-06,1e-06,2e-06,0.000685,0.002813,6e-06,0,3e-06,0.000171,0.000705,2e-06,8.1e-05,0.068005,1e-06,0.001996,1e-06,2e-06,8e-06,0.000593,1e-06,0.000134,0.004957,0.008373,3.1e-05,0.001199,9.9e-05,3e-05,2e-06,9e-06,2e-06,1e-06,1e-06,5.1e-05,4.6e-05,1e-06,0.00335,1.8e-05,3e-06,0.002906,1e-06,0.000175,0.001952,0.000261,2e-06,1e-06,0.000904,5e-06,3.3e-05,0.000168,4e-06,8.1e-05,2.5e-05,6e-06,0.004456,8e-06,1e-06,3e-06,0,6e-06,2e-06,4e-06,7e-06,3.7e-05,3e-06,0.002749,3e-05,7.7e-05,0.001087,2.8e-05,5.6e-05,0.000156,1e-06,1e-06,2e-06,1.8e-05,1e-06,0.005486,9.4e-05,1e-05,7e-06,3e-06,0.001874,7.7e-05,4e-06,2e-06,1.9e-05,5e-06,5e-06,0.002566,0.000532,0.002089,0.000192,0.00194,9.5e-05,0.000335,0.013268,9.2e-05,0.000127,3.8e-05,9e-06,0.00039,0.000487,0.000264,0.007132,0.000276,0.000115,2e-06,1.1e-05,2.2e-05,0.002513,8e-06,7e-06,2e-06,1.4e-05,2e-06,0.000165,2.2e-05,3.5e-05,0.00053,0.000126,4.1e-05,1e-06,0.000237,3.3e-05,0.006054,0.003031,0.00276,0.00029,8e-06,4e-06,3.3e-05,2e-06,1e-06,2e-06,0,6e-06,0.003617,0.001208,0.002822,2e-06,0.000279,1.2e-05,0,1e-06,4e-06,5e-06,0.000277,0.000167,9e-06,0.000872,1e-06,1e-06,2e-06,0.001068,1e-05,1e-06,0.000114,3e-06,0.000307,5.3e-05,2e-06,0.001034,2e-06,1e-06,2e-06,0,0,2e-06,1e-06
"arusha/ngorongoro/malambo",1e-06,2e-05,0,0.000246,0,5e-06,0,0,0,1.1e-05,0,0,1e-06,1.7e-05,6e-06,0,0,0,0,0,0,1e-06,0,0,0,0,0,0,0,0,7e-06,0,0,0,2e-06,0,2e-06,2e-06,0,6.9e-05,0,0,3e-06,2e-06,0,0,3e-06,0.000414,2.1e-05,0,0,1e-06,0,0,1e-06,0,0,0,3e-06,0.000574,1.3e-05,6.7e-05,1.6e-05,0,0,1e-05,8e-06,0,4e-06,6e-06,1e-06,0,0,2e-06,0,5.5e-05,1.3e-05,0,0,0,0,0,0,0,0,0,4.5e-05,0,2e-06,1e-05,0,0,4e-05,1e-05,2e-06,7e-06,3e-06,0,1.7e-05,4e-06,0,1e-06,3e-06,3e-06,1e-06,3.7e-05,0,4e-06,2e-06,5.8e-05,2e-06,1.4e-05,1e-06,0,0,0,1.5e-05,0,2.2e-05,2e-06,1e-06,4.4e-05,0,0,0,1e-06,2e-06,5.7e-05,5e-06,0,0,3e-06,8e-06,1e-06,0,9e-06,1e-06,3e-06,0.000149,7e-06,3e-06,0,3e-06,1e-06,0,6e-06,0,9e-06,8e-06,3e-06,0,0,0,0,5e-06,0.000112,0,3e-06,0,0.000323,1e-06,1e-05,0,0,0,0,1e-06,2e-06,1.7e-05,1e-06,1e-06,3.7e-05,0.000283,2e-06,1e-06,2e-06,2.5e-05,0,7e-06,2e-06,0,3e-05,8e-06,1e-06,4.7e-05,0.001243,0,0,2.3e-05,7e-06,2e-06,1e-06,2e-06,0,6e-06,0,0,0,8e-06,0,2.8e-05,1e-06,3e-06,0,1.1e-05,1e-06,6.5e-05,2.4e-05,0,0,0,0,2.2e-05,0,0,1e-06,0,0.000109,1e-06,6e-06,0,0,0,0,2.7e-05,1e-06,4.2e-05,0,1e-06,0,0,0,0.000261,3.5e-05,0,0,0,3e-06,2.5e-05,0,2e-06,0.000443,0,8.8e-05,0,0,0,1.2e-05,0,1e-06,9.5e-05,0.000144,0,2.3e-05,7e-06,2e-06,0,1e-06,0,0,0,2e-06,0,0,3.8e-05,3e-06,0,4e-05,0,2e-06,3.6e-05,1.5e-05,0,0,5.9e-05,0,3e-06,4e-06,0,1.6e-05,1e-06,3e-06,0.000566,0,0,0,0,0,0,0,0,2e-06,0,5.6e-05,2e-06,4e-06,2.7e-05,0,3e-06,4.5e-05,0,0,0,1e-06,0,3e-05,2e-06,0,0,0,1.9e-05,0.000103,0,0,1e-06,1e-06,4e-06,6.4e-05,3.9e-05,1.9e-05,2e-06,4.4e-05,4e-06,2.5e-05,0.000185,0.00013,0.000191,1e-06,1e-05,7e-06,1e-05,5e-06,0.000429,0.00038,4e-06,0,1e-06,3e-05,6.1e-05,0,0,0,0,0,1e-05,2e-06,9.2e-05,1.3e-05,8e-06,8.3e-05,0,1e-05,1e-06,0.000114,3.1e-05,1.4e-05,5e-06,0,0,2e-06,0,0,0,0,9e-06,7.5e-05,1.4e-05,4.6e-05,0,8e-06,1e-06,0,0,0,0,4e-06,1e-06,0,4.4e-05,0,0,0,8e-05,1e-06,0,2e-06,0,1.7e-05,3e-06,0,2.6e-05,0,0,0,0,0,0,0
"kilimanjaro/moshi/mambakaskazini",0,0,0,0,0,0,0,0,0,0,0,0,0,0,0,0,0,0,0,0,0,0,0,0,0,0,0,0,0,0,0,0,0,0,0,0,0,0,0,0,0,0,0,0,0,0,0,0,0,0,0,0,0,0,0,0,0,0,0,0,0,0,0,0,0,0,0,0,0,0,0,0,0,0,0,0,0,0,0,0,0,0,0,0,0,0,0,0,0,0,0,0,0,0,0,0,0,0,0,0,0,0,0,0,0,0,0,0,0,0,0,0,0,0,0,0,0,0,0,0,0,0,0,0,0,0,0,0,0,0,0,0,0,0,0,0,0,0,0,0,0,0,0,0,0,0,0,0,0,0,0,0,0,0,0,0,0,0,0,0,0,0,0,0,0,0,0,0,0,0,0,0,0,0,0,0,0,0,0,0,0,0,0,0,0,0,0,0,0,0,0,0,0,0,0,0,0,0,0,0,0,0,0,0,0,0,0,0,0,0,0,0,0,0,0,0,0,0,0,0,0,0,0,0,0,0,0,0,0,0,0,0,0,0,0,0,0,0,0,0,0,0,0,0,0,0,0,0,0,0,0,0,0,0,0,0,0,0,0,0,0,0,0,0,0,0,0,0,0,0,0,0,0,0,0,0,0,0,0,0,0,0,0,0,0,0,0,0,0,0,0,0,0,0,0,0,0,0,0,0,0,0,0,0,0,0,0,0,0,0,0,0,0,0,0,0,0,0,0,0,0,0,0,0,0,0,0,0,0,0,0,0,0,0,0,0,0,0,0,0,0,0,0,0,0,0,0,0,0,0,0,0,0,0,0,0,0,0,0,0,0,0,0,0,0,0,0,0,0,0,0,0,0,0,0,0,0,0,0,0,0,0,0,0,0,0,0,0,0,0,0,0,0,0,0,0,0,0
"kilimanjaro/moshi/mambakusini",0,0,0,0,0,0,0,0,0,0,0,0,0,0,0,0,0,0,0,0,0,0,0,0,0,0,0,0,0,0,0,0,0,0,0,0,0,0,0,0,0,0,0,0,0,0,0,0,0,0,0,0,0,0,0,0,0,0,0,0,0,0,0,0,0,0,0,0,0,0,0,0,0,0,0,0,0,0,0,0,0,0,0,0,0,0,0,0,0,0,0,0,0,0,0,0,0,0,0,0,0,0,0,0,0,0,0,0,0,0,0,0,0,0,0,0,0,0,0,0,0,0,0,0,0,0,0,0,0,0,0,0,0,0,0,0,0,0,0,0,0,0,0,0,0,0,0,0,0,0,0,0,0,0,0,0,0,0,0,0,0,0,0,0,0,0,0,0,0,0,0,0,0,0,0,0,0,0,0,0,0,0,0,0,0,0,0,0,0,0,0,0,0,0,0,0,0,0,0,0,0,0,0,0,0,0,0,0,0,0,0,0,0,0,0,0,0,0,0,0,0,0,0,0,0,0,0,0,0,0,0,0,0,0,0,0,0,0,0,0,0,0,0,0,0,0,0,0,0,0,0,0,0,0,0,0,0,0,0,0,0,0,0,0,0,0,0,0,0,0,0,0,0,0,0,0,0,0,0,0,0,0,0,0,0,0,0,0,0,0,0,0,0,0,0,0,0,0,0,0,0,0,0,0,0,0,0,0,0,0,0,0,0,0,0,0,0,0,0,0,0,0,0,0,0,0,0,0,0,0,0,0,0,0,0,0,0,0,0,0,0,0,0,0,0,0,0,0,0,0,0,0,0,0,0,0,0,0,0,0,0,0,0,0,0,0,0,0,0,0,0,0,0,0,0,0,0,0,0,0,0,0,0,0,0,0,0,0,0,0,0,0,0,0,0,0,0,0
"manyara/babati/mamire",0,0,0,0,0,0,0,0,0,0,0,0,0,0,0,0,0,0,0,0,0,0,0,0,0,0,0,0,0,0,0,0,0,0,0,0,0,0,0,0,0,0,0,0,0,0,0,0,0,0,0,0,0,0,0,0,0,0,0,0,0,0,0,0,0,0,0,0,0,0,0,0,0,0,0,0,0,0,0,0,0,0,0,0,0,0,0,0,0,0,0,0,0,0,0,0,0,0,0,0,0,0,0,0,0,0,0,0,0,0,0,0,0,0,0,0,0,0,0,0,0,0,0,0,0,0,0,0,0,0,0,0,0,0,0,0,0,0,0,0,0,0,0,0,0,0,0,0,0,0,0,0,0,0,0,0,0,0,0,0,0,0,0,0,0,0,0,0,0,0,0,0,0,0,0,0,0,0,0,0,0,0,0,0,0,0,0,0,0,0,0,0,0,0,0,0,0,0,0,0,0,0,0,0,0,0,0,0,0,0,0,0,0,0,0,0,0,0,0,0,0,0,0,0,0,0,0,0,0,0,0,0,0,0,0,0,0,0,0,0,0,0,0,0,0,0,0,0,0,0,0,0,0,0,0,0,0,0,0,0,0,0,0,0,0,0,0,0,0,0,0,0,0,0,0,0,0,0,0,0,0,0,0,0,0,0,0,0,0,0,0,0,0,0,0,0,0,0,0,0,0,0,0,0,0,0,0,0,0,0,0,0,0,0,0,0,0,0,0,0,0,0,0,0,0,0,0,0,0,0,0,0,0,0,0,0,0,0,0,0,0,0,0,0,0,0,0,0,0,0,0,0,0,0,0,0,0,0,0,0,0,0,0,0,0,0,0,0,0,0,0,0,0,0,0,0,0,0,0,0,0,0,0,0,0,0,0,0,0,0,0,0,0,0,0,0,0,0
"kilimanjaro/rombo/mamsera",0,0,0,0,0,0,0,0,0,0,0,0,0,0,0,0,0,0,0,0,0,0,0,0,0,0,0,0,0,0,0,0,0,0,0,0,0,0,0,0,0,0,0,0,0,0,0,0,0,0,0,0,0,0,0,0,0,0,0,0,0,0,0,0,0,0,0,0,0,0,0,0,0,0,0,0,0,0,0,0,0,0,0,0,0,0,0,0,0,0,0,0,0,0,0,0,0,0,0,0,0,0,0,0,0,0,0,0,0,0,0,0,0,0,0,0,0,0,0,0,0,0,0,0,0,0,0,0,0,0,0,0,0,0,0,0,0,0,0,0,0,0,0,0,0,0,0,0,0,0,0,0,0,0,0,0,0,0,0,0,0,0,0,0,0,0,0,0,0,0,0,0,0,0,0,0,0,0,0,0,0,0,0,0,0,0,0,0,0,0,0,0,0,0,0,0,0,0,0,0,0,0,0,0,0,0,0,0,0,0,0,0,0,0,0,0,0,0,0,0,0,0,0,0,0,0,0,0,0,0,0,0,0,0,0,0,0,0,0,0,0,0,0,0,0,0,0,0,0,0,0,0,0,0,0,0,0,0,0,0,0,0,0,0,0,0,0,0,0,0,0,0,0,0,0,0,0,0,0,0,0,0,0,0,0,0,0,0,0,0,0,0,0,0,0,0,0,0,0,0,0,0,0,0,0,0,0,0,0,0,0,0,0,0,0,0,0,0,0,0,0,0,0,0,0,0,0,0,0,0,0,0,0,0,0,0,0,0,0,0,0,0,0,0,0,0,0,0,0,0,0,0,0,0,0,0,0,0,0,0,0,0,0,0,0,0,0,0,0,0,0,0,0,0,0,0,0,0,0,0,0,0,0,0,0,0,0,0,0,0,0,0,0,0,0,0,0,0
"kilimanjaro/rombo/manda",0,0,0,0,0,0,0,0,0,0,0,0,0,0,0,0,0,0,0,0,0,0,0,0,0,0,0,0,0,0,0,0,0,0,0,0,0,0,0,0,0,0,0,0,0,0,0,0,0,0,0,0,0,0,0,0,0,0,0,0,0,0,0,0,0,0,0,0,0,0,0,0,0,0,0,0,0,0,0,0,0,0,0,0,0,0,0,0,0,0,0,0,0,0,0,0,0,0,0,0,0,0,0,0,0,0,0,0,0,0,0,0,0,0,0,0,0,0,0,0,0,0,0,0,0,0,0,0,0,0,0,0,0,0,0,0,0,0,0,0,0,0,0,0,0,0,0,0,0,0,0,0,0,0,0,0,0,0,0,0,0,0,0,0,0,0,0,0,0,0,0,0,0,0,0,0,0,0,0,0,0,0,0,0,0,0,0,0,0,0,0,0,0,0,0,0,0,0,0,0,0,0,0,0,0,0,0,0,0,0,0,0,0,0,0,0,0,0,0,0,0,0,0,0,0,0,0,0,0,0,0,0,0,0,0,0,0,0,0,0,0,0,0,0,0,0,0,0,0,0,0,0,0,0,0,0,0,0,0,0,0,0,0,0,0,0,0,0,0,0,0,0,0,0,0,0,0,0,0,0,0,0,0,0,0,0,0,0,0,0,0,0,0,0,0,0,0,0,0,0,0,0,0,0,0,0,0,0,0,0,0,0,0,0,0,0,0,0,0,0,0,0,0,0,0,0,0,0,0,0,0,0,0,0,0,0,0,0,0,0,0,0,0,0,0,0,0,0,0,0,0,0,0,0,0,0,0,0,0,0,0,0,0,0,0,0,0,0,0,0,0,0,0,0,0,0,0,0,0,0,0,0,0,0,0,0,0,0,0,0,0,0,0,0,0,0,0,0
"arusha/karatu/mangola",0,0,0,0,0,0,0,0,0,0,0,0,0,0,0,0,0,0,0,0,0,0,0,0,0,0,0,0,0,0,0,0,0,0,0,0,0,0,0,0,0,0,0,0,0,0,0,0,0,0,0,0,0,0,0,0,0,0,0,0,0,0,0,0,0,0,0,0,0,0,0,0,0,0,0,0,0,0,0,0,0,0,0,0,0,0,0,0,0,0,0,0,0,0,0,0,0,0,0,0,0,0,0,0,0,0,0,0,0,0,0,0,0,0,0,0,0,0,0,0,0,0,0,0,0,0,0,0,0,0,0,0,0,0,0,0,0,0,0,0,0,0,0,0,0,0,0,0,0,0,0,0,0,0,0,0,0,0,0,0,0,0,0,0,0,0,0,0,0,0,0,0,0,0,0,0,0,0,0,0,0,0,0,0,0,0,0,0,0,0,0,0,0,0,0,0,0,0,0,0,0,0,0,0,0,0,0,0,0,0,0,0,0,0,0,0,0,0,0,0,0,0,0,0,0,0,0,0,0,0,0,0,0,0,0,0,0,0,0,0,0,0,0,0,0,0,0,0,0,0,0,0,0,0,0,0,0,0,0,0,0,0,0,0,0,0,0,0,0,0,0,0,0,0,0,0,0,0,0,0,0,0,0,0,0,0,0,0,0,0,0,0,0,0,0,0,0,0,0,0,0,0,0,0,0,0,0,0,0,0,0,0,0,0,0,0,0,0,0,0,0,0,0,0,0,0,0,0,0,0,0,0,0,0,0,0,0,0,0,0,0,0,0,0,0,0,0,0,0,0,0,0,0,0,0,0,0,0,0,0,0,0,0,0,0,0,0,0,0,0,0,0,0,0,0,0,0,0,0,0,0,0,0,0,0,0,0,0,0,0,0,0,0,0,0,0,0,0
"kilimanjaro/same/maore",0,0,0,0,0,0,0,0,0,0,0,0,0,0,0,0,0,0,0,0,0,0,0,0,0,0,0,0,0,0,0,0,0,0,0,0,0,0,0,0,0,0,0,0,0,0,0,0,0,0,0,0,0,0,0,0,0,0,0,0,0,0,0,0,0,0,0,0,0,0,0,0,0,0,0,0,0,0,0,0,0,0,0,0,0,0,0,0,0,0,0,0,0,0,0,0,0,0,0,0,0,0,0,0,0,0,0,0,0,0,0,0,0,0,0,0,0,0,0,0,0,0,0,0,0,0,0,0,0,0,0,0,0,0,0,0,0,0,0,0,0,0,0,0,0,0,0,0,0,0,0,0,0,0,0,0,0,0,0,0,0,0,0,0,0,0,0,0,0,0,0,0,0,0,0,0,0,0,0,0,0,0,0,0,0,0,0,0,0,0,0,0,0,0,0,0,0,0,0,0,0,0,0,0,0,0,0,0,0,0,0,0,0,0,0,0,0,0,0,0,0,0,0,0,0,0,0,0,0,0,0,0,0,0,0,0,0,0,0,0,0,0,0,0,0,0,0,0,0,0,0,0,0,0,0,0,0,0,0,0,0,0,0,0,0,0,0,0,0,0,0,0,0,0,0,0,0,0,0,0,0,0,0,0,0,0,0,0,0,0,0,0,0,0,0,0,0,0,0,0,0,0,0,0,0,0,0,0,0,0,0,0,0,0,0,0,0,0,0,0,0,0,0,0,0,0,0,0,0,0,0,0,0,0,0,0,0,0,0,0,0,0,0,0,0,0,0,0,0,0,0,0,0,0,0,0,0,0,0,0,0,0,0,0,0,0,0,0,0,0,0,0,0,0,0,0,0,0,0,0,0,0,0,0,0,0,0,0,0,0,0,0,0,0,0,0,0,0
"manyara/mbulu/marang",0,0,0,0,0,0,0,0,0,0,0,0,0,0,0,0,0,0,0,0,0,0,0,0,0,0,0,0,0,0,0,0,0,0,0,0,0,0,0,0,0,0,0,0,0,0,0,0,0,0,0,0,0,0,0,0,0,0,0,0,0,0,0,0,0,0,0,0,0,0,0,0,0,0,0,0,0,0,0,0,0,0,0,0,0,0,0,0,0,0,0,0,0,0,0,0,0,0,0,0,0,0,0,0,0,0,0,0,0,0,0,0,0,0,0,0,0,0,0,0,0,0,0,0,0,0,0,0,0,0,0,0,0,0,0,0,0,0,0,0,0,0,0,0,0,0,0,0,0,0,0,0,0,0,0,0,0,0,0,0,0,0,0,0,0,0,0,0,0,0,0,0,0,0,0,0,0,0,0,0,0,0,0,0,0,0,0,0,0,0,0,0,0,0,0,0,0,0,0,0,0,0,0,0,0,0,0,0,0,0,0,0,0,0,0,0,0,0,0,0,0,0,0,0,0,0,0,0,0,0,0,0,0,0,0,0,0,0,0,0,0,0,0,0,0,0,0,0,0,0,0,0,0,0,0,0,0,0,0,0,0,0,0,0,0,0,0,0,0,0,0,0,0,0,0,0,0,0,0,0,0,0,0,0,0,0,0,0,0,0,0,0,0,0,0,0,0,0,0,0,0,0,0,0,0,0,0,0,0,0,0,0,0,0,0,0,0,0,0,0,0,0,0,0,0,0,0,0,0,0,0,0,0,0,0,0,0,0,0,0,0,0,0,0,0,0,0,0,0,0,0,0,0,0,0,0,0,0,0,0,0,0,0,0,0,0,0,0,0,0,0,0,0,0,0,0,0,0,0,0,0,0,0,0,0,0,0,0,0,0,0,0,0,0,0,0,0,0
"kilimanjaro/rombo/marangukitowo",0,0,0,0,0,0,0,0,0,0,0,0,0,0,0,0,0,0,0,0,0,0,0,0,0,0,0,0,0,0,0,0,0,0,0,0,0,0,0,0,0,0,0,0,0,0,0,0,0,0,0,0,0,0,0,0,0,0,0,0,0,0,0,0,0,0,0,0,0,0,0,0,0,0,0,0,0,0,0,0,0,0,0,0,0,0,0,0,0,0,0,0,0,0,0,0,0,0,0,0,0,0,0,0,0,0,0,0,0,0,0,0,0,0,0,0,0,0,0,0,0,0,0,0,0,0,0,0,0,0,0,0,0,0,0,0,0,0,0,0,0,0,0,0,0,0,0,0,0,0,0,0,0,0,0,0,0,0,0,0,0,0,0,0,0,0,0,0,0,0,0,0,0,0,0,0,0,0,0,0,0,0,0,0,0,0,0,0,0,0,0,0,0,0,0,0,0,0,0,0,0,0,0,0,0,0,0,0,0,0,0,0,0,0,0,0,0,0,0,0,0,0,0,0,0,0,0,0,0,0,0,0,0,0,0,0,0,0,0,0,0,0,0,0,0,0,0,0,0,0,0,0,0,0,0,0,0,0,0,0,0,0,0,0,0,0,0,0,0,0,0,0,0,0,0,0,0,0,0,0,0,0,0,0,0,0,0,0,0,0,0,0,0,0,0,0,0,0,0,0,0,0,0,0,0,0,0,0,0,0,0,0,0,0,0,0,0,0,0,0,0,0,0,0,0,0,0,0,0,0,0,0,0,0,0,0,0,0,0,0,0,0,0,0,0,0,0,0,0,0,0,0,0,0,0,0,0,0,0,0,0,0,0,0,0,0,0,0,0,0,0,0,0,0,0,0,0,0,0,0,0,0,0,0,0,0,0,0,0,0,0,0,0,0,0,0,0,0
"kilimanjaro/moshi/marangumagharibi",0,0,0,0,0,0,0,0,0,0,0,0,0,0,0,0,0,0,0,0,0,0,0,0,0,0,0,0,0,0,0,0,0,0,0,0,0,0,0,0,0,0,0,0,0,0,0,0,0,0,0,0,0,0,0,0,0,0,0,0,0,0,0,0,0,0,0,0,0,0,0,0,0,0,0,0,0,0,0,0,0,0,0,0,0,0,0,0,0,0,0,0,0,0,0,0,0,0,0,0,0,0,0,0,0,0,0,0,0,0,0,0,0,0,0,0,0,0,0,0,0,0,0,0,0,0,0,0,0,0,0,0,0,0,0,0,0,0,0,0,0,0,0,0,0,0,0,0,0,0,0,0,0,0,0,0,0,0,0,0,0,0,0,0,0,0,0,0,0,0,0,0,0,0,0,0,0,0,0,0,0,0,0,0,0,0,0,0,0,0,0,0,0,0,0,0,0,0,0,0,0,0,0,0,0,0,0,0,0,0,0,0,0,0,0,0,0,0,0,0,0,0,0,0,0,0,0,0,0,0,0,0,0,0,0,0,0,0,0,0,0,0,0,0,0,0,0,0,0,0,0,0,0,0,0,0,0,0,0,0,0,0,0,0,0,0,0,0,0,0,0,0,0,0,0,0,0,0,0,0,0,0,0,0,0,0,0,0,0,0,0,0,0,0,0,0,0,0,0,0,0,0,0,0,0,0,0,0,0,0,0,0,0,0,0,0,0,0,0,0,0,0,0,0,0,0,0,0,0,0,0,0,0,0,0,0,0,0,0,0,0,0,0,0,0,0,0,0,0,0,0,0,0,0,0,0,0,0,0,0,0,0,0,0,0,0,0,0,0,0,0,0,0,0,0,0,0,0,0,0,0,0,0,0,0,0,0,0,0,0,0,0,0,0,0,0,0,0
"kilimanjaro/moshi/marangumashariki",0,0,0,0,0,0,0,0,0,0,0,0,0,0,0,0,0,0,0,0,0,0,0,0,0,0,0,0,0,0,0,0,0,0,0,0,0,0,0,0,0,0,0,0,0,0,0,0,0,0,0,0,0,0,0,0,0,0,0,0,0,0,0,0,0,0,0,0,0,0,0,0,0,0,0,0,0,0,0,0,0,0,0,0,0,0,0,0,0,0,0,0,0,0,0,0,0,0,0,0,0,0,0,0,0,0,0,0,0,0,0,0,0,0,0,0,0,0,0,0,0,0,0,0,0,0,0,0,0,0,0,0,0,0,0,0,0,0,0,0,0,0,0,0,0,0,0,0,0,0,0,0,0,0,0,0,0,0,0,0,0,0,0,0,0,0,0,0,0,0,0,0,0,0,0,0,0,0,0,0,0,0,0,0,0,0,0,0,0,0,0,0,0,0,0,0,0,0,0,0,0,0,0,0,0,0,0,0,0,0,0,0,0,0,0,0,0,0,0,0,0,0,0,0,0,0,0,0,0,0,0,0,0,0,0,0,0,0,0,0,0,0,0,0,0,0,0,0,0,0,0,0,0,0,0,0,0,0,0,0,0,0,0,0,0,0,0,0,0,0,0,0,0,0,0,0,0,0,0,0,0,0,0,0,0,0,0,0,0,0,0,0,0,0,0,0,0,0,0,0,0,0,0,0,0,0,0,0,0,0,0,0,0,0,0,0,0,0,0,0,0,0,0,0,0,0,0,0,0,0,0,0,0,0,0,0,0,0,0,0,0,0,0,0,0,0,0,0,0,0,0,0,0,0,0,0,0,0,0,0,0,0,0,0,0,0,0,0,0,0,0,0,0,0,0,0,0,0,0,0,0,0,0,0,0,0,0,0,0,0,0,0,0,0,0,0,0,0
"manyara/mbulu/maretadu",0,0,0,0,0,0,0,0,0,0,0,0,0,0,0,0,0,0,0,0,0,0,0,0,0,0,0,0,0,0,0,0,0,0,0,0,0,0,0,0,0,0,0,0,0,0,0,0,0,0,0,0,0,0,0,0,0,0,0,0,0,0,0,0,0,0,0,0,0,0,0,0,0,0,0,0,0,0,0,0,0,0,0,0,0,0,0,0,0,0,0,0,0,0,0,0,0,0,0,0,0,0,0,0,0,0,0,0,0,0,0,0,0,0,0,0,0,0,0,0,0,0,0,0,0,0,0,0,0,0,0,0,0,0,0,0,0,0,0,0,0,0,0,0,0,0,0,0,0,0,0,0,0,0,0,0,0,0,0,0,0,0,0,0,0,0,0,0,0,0,0,0,0,0,0,0,0,0,0,0,0,0,0,0,0,0,0,0,0,0,0,0,0,0,0,0,0,0,0,0,0,0,0,0,0,0,0,0,0,0,0,0,0,0,0,0,0,0,0,0,0,0,0,0,0,0,0,0,0,0,0,0,0,0,0,0,0,0,0,0,0,0,0,0,0,0,0,0,0,0,0,0,0,0,0,0,0,0,0,0,0,0,0,0,0,0,0,0,0,0,0,0,0,0,0,0,0,0,0,0,0,0,0,0,0,0,0,0,0,0,0,0,0,0,0,0,0,0,0,0,0,0,0,0,0,0,0,0,0,0,0,0,0,0,0,0,0,0,0,0,0,0,0,0,0,0,0,0,0,0,0,0,0,0,0,0,0,0,0,0,0,0,0,0,0,0,0,0,0,0,0,0,0,0,0,0,0,0,0,0,0,0,0,0,0,0,0,0,0,0,0,0,0,0,0,0,0,0,0,0,0,0,0,0,0,0,0,0,0,0,0,0,0,0,0,0,0,0
"arusha/meru/maroroni",0,0,0,0,0,0,0,0,0,0,0,0,0,0,0,0,0,0,0,0,0,0,0,0,0,0,0,0,0,0,0,0,0,0,0,0,0,0,0,0,0,0,0,0,0,0,0,0,0,0,0,0,0,0,0,0,0,0,0,0,0,0,0,0,0,0,0,0,0,0,0,0,0,0,0,0,0,0,0,0,0,0,0,0,0,0,0,0,0,0,0,0,0,0,0,0,0,0,0,0,0,0,0,0,0,0,0,0,0,0,0,0,0,0,0,0,0,0,0,0,0,0,0,0,0,0,0,0,0,0,0,0,0,0,0,0,0,0,0,0,0,0,0,0,0,0,0,0,0,0,0,0,0,0,0,0,0,0,0,0,0,0,0,0,0,0,0,0,0,0,0,0,0,0,0,0,0,0,0,0,0,0,0,0,0,0,0,0,0,0,0,0,0,0,0,0,0,0,0,0,0,0,0,0,0,0,0,0,0,0,0,0,0,0,0,0,0,0,0,0,0,0,0,0,0,0,0,0,0,0,0,0,0,0,0,0,0,0,0,0,0,0,0,0,0,0,0,0,0,0,0,0,0,0,0,0,0,0,0,0,0,0,0,0,0,0,0,0,0,0,0,0,0,0,0,0,0,0,0,0,0,0,0,0,0,0,0,0,0,0,0,0,0,0,0,0,0,0,0,0,0,0,0,0,0,0,0,0,0,0,0,0,0,0,0,0,0,0,0,0,0,0,0,0,0,0,0,0,0,0,0,0,0,0,0,0,0,0,0,0,0,0,0,0,0,0,0,0,0,0,0,0,0,0,0,0,0,0,0,0,0,0,0,0,0,0,0,0,0,0,0,0,0,0,0,0,0,0,0,0,0,0,0,0,0,0,0,0,0,0,0,0,0,0,0,0,0,0
"manyara/hanang/masakta",0,0,0,0,0,0,0,0,0,0,0,0,0,0,0,0,0,0,0,0,0,0,0,0,0,0,0,0,0,0,0,0,0,0,0,0,0,0,0,0,0,0,0,0,0,0,0,0,0,0,0,0,0,0,0,0,0,0,0,0,0,0,0,0,0,0,0,0,0,0,0,0,0,0,0,0,0,0,0,0,0,0,0,0,0,0,0,0,0,0,0,0,0,0,0,0,0,0,0,0,0,0,0,0,0,0,0,0,0,0,0,0,0,0,0,0,0,0,0,0,0,0,0,0,0,0,0,0,0,0,0,0,0,0,0,0,0,0,0,0,0,0,0,0,0,0,0,0,0,0,0,0,0,0,0,0,0,0,0,0,0,0,0,0,0,0,0,0,0,0,0,0,0,0,0,0,0,0,0,0,0,0,0,0,0,0,0,0,0,0,0,0,0,0,0,0,0,0,0,0,0,0,0,0,0,0,0,0,0,0,0,0,0,0,0,0,0,0,0,0,0,0,0,0,0,0,0,0,0,0,0,0,0,0,0,0,0,0,0,0,0,0,0,0,0,0,0,0,0,0,0,0,0,0,0,0,0,0,0,0,0,0,0,0,0,0,0,0,0,0,0,0,0,0,0,0,0,0,0,0,0,0,0,0,0,0,0,0,0,0,0,0,0,0,0,0,0,0,0,0,0,0,0,0,0,0,0,0,0,0,0,0,0,0,0,0,0,0,0,0,0,0,0,0,0,0,0,0,0,0,0,0,0,0,0,0,0,0,0,0,0,0,0,0,0,0,0,0,0,0,0,0,0,0,0,0,0,0,0,0,0,0,0,0,0,0,0,0,0,0,0,0,0,0,0,0,0,0,0,0,0,0,0,0,0,0,0,0,0,0,0,0,0,0,0,0,0,0
"kilimanjaro/hai/masamakati",0,0,0,0,0,0,0,0,0,0,0,0,0,0,0,0,0,0,0,0,0,0,0,0,0,0,0,0,0,0,0,0,0,0,0,0,0,0,0,0,0,0,0,0,0,0,0,0,0,0,0,0,0,0,0,0,0,0,0,0,0,0,0,0,0,0,0,0,0,0,0,0,0,0,0,0,0,0,0,0,0,0,0,0,0,0,0,0,0,0,0,0,0,0,0,0,0,0,0,0,0,0,0,0,0,0,0,0,0,0,0,0,0,0,0,0,0,0,0,0,0,0,0,0,0,0,0,0,0,0,0,0,0,0,0,0,0,0,0,0,0,0,0,0,0,0,0,0,0,0,0,0,0,0,0,0,0,0,0,0,0,0,0,0,0,0,0,0,0,0,0,0,0,0,0,0,0,0,0,0,0,0,0,0,0,0,0,0,0,0,0,0,0,0,0,0,0,0,0,0,0,0,0,0,0,0,0,0,0,0,0,0,0,0,0,0,0,0,0,0,0,0,0,0,0,0,0,0,0,0,0,0,0,0,0,0,0,0,0,0,0,0,0,0,0,0,0,0,0,0,0,0,0,0,0,0,0,0,0,0,0,0,0,0,0,0,0,0,0,0,0,0,0,0,0,0,0,0,0,0,0,0,0,0,0,0,0,0,0,0,0,0,0,0,0,0,0,0,0,0,0,0,0,0,0,0,0,0,0,0,0,0,0,0,0,0,0,0,0,0,0,0,0,0,0,0,0,0,0,0,0,0,0,0,0,0,0,0,0,0,0,0,0,0,0,0,0,0,0,0,0,0,0,0,0,0,0,0,0,0,0,0,0,0,0,0,0,0,0,0,0,0,0,0,0,0,0,0,0,0,0,0,0,0,0,0,0,0,0,0,0,0,0,0,0,0,0,0
"kilimanjaro/hai/masamakusini",0,0,0,0,0,0,0,0,0,0,0,0,0,0,0,0,0,0,0,0,0,0,0,0,0,0,0,0,0,0,0,0,0,0,0,0,0,0,0,0,0,0,0,0,0,0,0,0,0,0,0,0,0,0,0,0,0,0,0,0,0,0,0,0,0,0,0,0,0,0,0,0,0,0,0,0,0,0,0,0,0,0,0,0,0,0,0,0,0,0,0,0,0,0,0,0,0,0,0,0,0,0,0,0,0,0,0,0,0,0,0,0,0,0,0,0,0,0,0,0,0,0,0,0,0,0,0,0,0,0,0,0,0,0,0,0,0,0,0,0,0,0,0,0,0,0,0,0,0,0,0,0,0,0,0,0,0,0,0,0,0,0,0,0,0,0,0,0,0,0,0,0,0,0,0,0,0,0,0,0,0,0,0,0,0,0,0,0,0,0,0,0,0,0,0,0,0,0,0,0,0,0,0,0,0,0,0,0,0,0,0,0,0,0,0,0,0,0,0,0,0,0,0,0,0,0,0,0,0,0,0,0,0,0,0,0,0,0,0,0,0,0,0,0,0,0,0,0,0,0,0,0,0,0,0,0,0,0,0,0,0,0,0,0,0,0,0,0,0,0,0,0,0,0,0,0,0,0,0,0,0,0,0,0,0,0,0,0,0,0,0,0,0,0,0,0,0,0,0,0,0,0,0,0,0,0,0,0,0,0,0,0,0,0,0,0,0,0,0,0,0,0,0,0,0,0,0,0,0,0,0,0,0,0,0,0,0,0,0,0,0,0,0,0,0,0,0,0,0,0,0,0,0,0,0,0,0,0,0,0,0,0,0,0,0,0,0,0,0,0,0,0,0,0,0,0,0,0,0,0,0,0,0,0,0,0,0,0,0,0,0,0,0,0,0,0,0,0
"kilimanjaro/hai/masamamagharibi",0,0,0,0,0,0,0,0,0,0,0,0,0,0,0,0,0,0,0,0,0,0,0,0,0,0,0,0,0,0,0,0,0,0,0,0,0,0,0,0,0,0,0,0,0,0,0,0,0,0,0,0,0,0,0,0,0,0,0,0,0,0,0,0,0,0,0,0,0,0,0,0,0,0,0,0,0,0,0,0,0,0,0,0,0,0,0,0,0,0,0,0,0,0,0,0,0,0,0,0,0,0,0,0,0,0,0,0,0,0,0,0,0,0,0,0,0,0,0,0,0,0,0,0,0,0,0,0,0,0,0,0,0,0,0,0,0,0,0,0,0,0,0,0,0,0,0,0,0,0,0,0,0,0,0,0,0,0,0,0,0,0,0,0,0,0,0,0,0,0,0,0,0,0,0,0,0,0,0,0,0,0,0,0,0,0,0,0,0,0,0,0,0,0,0,0,0,0,0,0,0,0,0,0,0,0,0,0,0,0,0,0,0,0,0,0,0,0,0,0,0,0,0,0,0,0,0,0,0,0,0,0,0,0,0,0,0,0,0,0,0,0,0,0,0,0,0,0,0,0,0,0,0,0,0,0,0,0,0,0,0,0,0,0,0,0,0,0,0,0,0,0,0,0,0,0,0,0,0,0,0,0,0,0,0,0,0,0,0,0,0,0,0,0,0,0,0,0,0,0,0,0,0,0,0,0,0,0,0,0,0,0,0,0,0,0,0,0,0,0,0,0,0,0,0,0,0,0,0,0,0,0,0,0,0,0,0,0,0,0,0,0,0,0,0,0,0,0,0,0,0,0,0,0,0,0,0,0,0,0,0,0,0,0,0,0,0,0,0,0,0,0,0,0,0,0,0,0,0,0,0,0,0,0,0,0,0,0,0,0,0,0,0,0,0,0,0,0
"kilimanjaro/hai/masamamashariki",4e-06,0,1e-06,0,0,4.9e-05,0,0,0,1e-06,0,0,3e-06,3.8e-05,0,0,0,0,0,0,0,2.9e-05,0,3e-06,0,1e-06,0,0,0,0,1.5e-05,0,0,0,0,0,3e-06,0,0,1e-06,0,0,1e-06,0,0,0,0,0.000625,9e-06,0,0,0,0,0,0,0,1e-06,0,2e-06,5e-06,3e-06,2e-06,1.1e-05,0,0,1.9e-05,4e-06,0,0,1e-06,0,0,1e-05,0,0,2e-06,0,0,0,0,0,0,0,0,0,0,0.00134,0,0,7e-06,0,0,0.000282,2.2e-05,0,0,0.000398,0,0.00015,3.6e-05,0,0,2e-06,5e-06,1.3e-05,3e-04,0,0.000131,2.4e-05,2e-06,0.000402,0.00019,0,0,2e-06,1e-06,0.000238,0,0.000518,0.000156,0.000102,0.002265,0,1e-06,0,1e-06,1e-06,0.000516,2e-05,3e-06,2e-06,3.2e-05,5.1e-05,2.7e-05,0,1.9e-05,1e-06,5.2e-05,9.1e-05,0.000355,5e-05,0,5e-06,3.3e-05,2e-06,1.8e-05,0,0.000122,0.000145,3.3e-05,2e-06,0,2e-06,0,5e-06,8.2e-05,3e-06,0,0,0.008559,6e-06,8e-06,1e-06,1e-06,0,0,7e-06,2.1e-05,3.1e-05,2e-06,0,6e-06,0.000473,2e-06,7.3e-05,1e-06,8e-06,0,0.000231,1e-06,0,0,6e-06,1.4e-05,0.014174,0.041693,9e-06,2.1e-05,0.002248,0.001679,3.4e-05,0,0,0,1e-06,0,1e-06,0,0.000193,0,0.000187,0,3e-06,1e-06,0.000133,2.7e-05,0.000533,4e-06,1e-06,2e-06,2e-06,0,0.000159,1e-06,0,1e-06,0,0.000795,1.4e-05,6.9e-05,0,1e-06,0,6.2e-05,0.001609,0.000105,0,5e-06,0,0,0,0,1.7e-05,3.7e-05,0,0,5e-06,1e-05,1e-06,1e-06,1.1e-05,0.000179,2e-06,0.000201,0,3e-06,1e-05,3e-05,0,1e-06,0.000169,5.3e-05,0,4.9e-05,0.000114,2e-06,2e-06,2e-06,2e-06,0,0,9e-06,0,0,2e-06,0,0,2.9e-05,0,0,3.1e-05,6.8e-05,0,0,0.000542,3e-06,2e-06,4e-06,0,0,5e-06,0,0.000362,0,0,0,0,6e-06,0,1e-05,0,3.5e-05,0,0.000162,3.5e-05,0.000116,0.000121,1e-06,6e-06,0,0,0,3e-06,2e-06,0,3e-06,5e-06,1e-06,0,1.4e-05,2.3e-05,0,0,2e-06,2.5e-05,0,0,0.000141,0.000418,2.5e-05,3e-06,5.2e-05,0.000127,0.000149,0.00027,1e-06,1e-06,1e-06,0,9e-06,2e-05,5e-06,0.000312,5e-06,3e-06,0,1.2e-05,0,0.000226,0,0,3e-06,0,0,1.2e-05,1e-06,0,2.4e-05,1.3e-05,1e-06,0,0.000396,3e-06,0.000211,2e-06,5e-06,1.2e-05,2e-06,2e-06,4.3e-05,0,0,0,0,0,0.000166,2.3e-05,6.9e-05,0,3.3e-05,1.7e-05,0,0,0,4e-06,6e-06,1e-06,0,0.000119,0,0,0,0.00081,0,0,3e-06,6e-06,0.000663,8.9e-05,3e-06,0.000112,2e-06,0,0,0,0,0,0
"kilimanjaro/hai/masamarundugai",0,0,0,0,0,0,0,0,0,0,0,0,0,0,0,0,0,0,0,0,0,0,0,0,0,0,0,0,0,0,0,0,0,0,0,0,0,0,0,0,0,0,0,0,0,0,0,0,0,0,0,0,0,0,0,0,0,0,0,0,0,0,0,0,0,0,0,0,0,0,0,0,0,0,0,0,0,0,0,0,0,0,0,0,0,0,0,0,0,0,0,0,0,0,0,0,0,0,0,0,0,0,0,0,0,0,0,0,0,0,0,0,0,0,0,0,0,0,0,0,0,0,0,0,0,0,0,0,0,0,0,0,0,0,0,0,0,0,0,0,0,0,0,0,0,0,0,0,0,0,0,0,0,0,0,0,0,0,0,0,0,0,0,0,0,0,0,0,0,0,0,0,0,0,0,0,0,0,0,0,0,0,0,0,0,0,0,0,0,0,0,0,0,0,0,0,0,0,0,0,0,0,0,0,0,0,0,0,0,0,0,0,0,0,0,0,0,0,0,0,0,0,0,0,0,0,0,0,0,0,0,0,0,0,0,0,0,0,0,0,0,0,0,0,0,0,0,0,0,0,0,0,0,0,0,0,0,0,0,0,0,0,0,0,0,0,0,0,0,0,0,0,0,0,0,0,0,0,0,0,0,0,0,0,0,0,0,0,0,0,0,0,0,0,0,0,0,0,0,0,0,0,0,0,0,0,0,0,0,0,0,0,0,0,0,0,0,0,0,0,0,0,0,0,0,0,0,0,0,0,0,0,0,0,0,0,0,0,0,0,0,0,0,0,0,0,0,0,0,0,0,0,0,0,0,0,0,0,0,0,0,0,0,0,0,0,0,0,0,0,0,0,0,0,0,0,0,0,0,0,0,0,0,0,0,0,0,0,0,0,0,0,0,0,0,0,0,0
"manyara/mbulu/masieda",0,0,0,0,0,0,0,0,0,0,0,0,0,0,0,0,0,0,0,0,0,0,0,0,0,0,0,0,0,0,0,0,0,0,0,0,0,0,0,0,0,0,0,0,0,0,0,0,0,0,0,0,0,0,0,0,0,0,0,0,0,0,0,0,0,0,0,0,0,0,0,0,0,0,0,0,0,0,0,0,0,0,0,0,0,0,0,0,0,0,0,0,0,0,0,0,0,0,0,0,0,0,0,0,0,0,0,0,0,0,0,0,0,0,0,0,0,0,0,0,0,0,0,0,0,0,0,0,0,0,0,0,0,0,0,0,0,0,0,0,0,0,0,0,0,0,0,0,0,0,0,0,0,0,0,0,0,0,0,0,0,0,0,0,0,0,0,0,0,0,0,0,0,0,0,0,0,0,0,0,0,0,0,0,0,0,0,0,0,0,0,0,0,0,0,0,0,0,0,0,0,0,0,0,0,0,0,0,0,0,0,0,0,0,0,0,0,0,0,0,0,0,0,0,0,0,0,0,0,0,0,0,0,0,0,0,0,0,0,0,0,0,0,0,0,0,0,0,0,0,0,0,0,0,0,0,0,0,0,0,0,0,0,0,0,0,0,0,0,0,0,0,0,0,0,0,0,0,0,0,0,0,0,0,0,0,0,0,0,0,0,0,0,0,0,0,0,0,0,0,0,0,0,0,0,0,0,0,0,0,0,0,0,0,0,0,0,0,0,0,0,0,0,0,0,0,0,0,0,0,0,0,0,0,0,0,0,0,0,0,0,0,0,0,0,0,0,0,0,0,0,0,0,0,0,0,0,0,0,0,0,0,0,0,0,0,0,0,0,0,0,0,0,0,0,0,0,0,0,0,0,0,0,0,0,0,0,0,0,0,0,0,0,0,0,0,0,0
"manyara/hanang/maskron",0,0,0,0,0,0,0,0,0,0,0,0,0,0,0,0,0,0,0,0,0,0,0,0,0,0,0,0,0,0,0,0,0,0,0,0,0,0,0,0,0,0,0,0,0,0,0,0,0,0,0,0,0,0,0,0,0,0,0,0,0,0,0,0,0,0,0,0,0,0,0,0,0,0,0,0,0,0,0,0,0,0,0,0,0,0,0,0,0,0,0,0,0,0,0,0,0,0,0,0,0,0,0,0,0,0,0,0,0,0,0,0,0,0,0,0,0,0,0,0,0,0,0,0,0,0,0,0,0,0,0,0,0,0,0,0,0,0,0,0,0,0,0,0,0,0,0,0,0,0,0,0,0,0,0,0,0,0,0,0,0,0,0,0,0,0,0,0,0,0,0,0,0,0,0,0,0,0,0,0,0,0,0,0,0,0,0,0,0,0,0,0,0,0,0,0,0,0,0,0,0,0,0,0,0,0,0,0,0,0,0,0,0,0,0,0,0,0,0,0,0,0,0,0,0,0,0,0,0,0,0,0,0,0,0,0,0,0,0,0,0,0,0,0,0,0,0,0,0,0,0,0,0,0,0,0,0,0,0,0,0,0,0,0,0,0,0,0,0,0,0,0,0,0,0,0,0,0,0,0,0,0,0,0,0,0,0,0,0,0,0,0,0,0,0,0,0,0,0,0,0,0,0,0,0,0,0,0,0,0,0,0,0,0,0,0,0,0,0,0,0,0,0,0,0,0,0,0,0,0,0,0,0,0,0,0,0,0,0,0,0,0,0,0,0,0,0,0,0,0,0,0,0,0,0,0,0,0,0,0,0,0,0,0,0,0,0,0,0,0,0,0,0,0,0,0,0,0,0,0,0,0,0,0,0,0,0,0,0,0,0,0,0,0,0,0,0,0
"manyara/hanang/masqaroda",0,0,0,0,0,0,0,0,0,0,0,0,0,0,0,0,0,0,0,0,0,0,0,0,0,0,0,0,0,0,0,0,0,0,0,0,0,0,0,0,0,0,0,0,0,0,0,0,0,0,0,0,0,0,0,0,0,0,0,0,0,0,0,0,0,0,0,0,0,0,0,0,0,0,0,0,0,0,0,0,0,0,0,0,0,0,0,0,0,0,0,0,0,0,0,0,0,0,0,0,0,0,0,0,0,0,0,0,0,0,0,0,0,0,0,0,0,0,0,0,0,0,0,0,0,0,0,0,0,0,0,0,0,0,0,0,0,0,0,0,0,0,0,0,0,0,0,0,0,0,0,0,0,0,0,0,0,0,0,0,0,0,0,0,0,0,0,0,0,0,0,0,0,0,0,0,0,0,0,0,0,0,0,0,0,0,0,0,0,0,0,0,0,0,0,0,0,0,0,0,0,0,0,0,0,0,0,0,0,0,0,0,0,0,0,0,0,0,0,0,0,0,0,0,0,0,0,0,0,0,0,0,0,0,0,0,0,0,0,0,0,0,0,0,0,0,0,0,0,0,0,0,0,0,0,0,0,0,0,0,0,0,0,0,0,0,0,0,0,0,0,0,0,0,0,0,0,0,0,0,0,0,0,0,0,0,0,0,0,0,0,0,0,0,0,0,0,0,0,0,0,0,0,0,0,0,0,0,0,0,0,0,0,0,0,0,0,0,0,0,0,0,0,0,0,0,0,0,0,0,0,0,0,0,0,0,0,0,0,0,0,0,0,0,0,0,0,0,0,0,0,0,0,0,0,0,0,0,0,0,0,0,0,0,0,0,0,0,0,0,0,0,0,0,0,0,0,0,0,0,0,0,0,0,0,0,0,0,0,0,0,0,0,0,0,0,0,0
"manyara/mbulu/masqaroda",0,0,0,0,0,0,0,0,0,0,0,0,0,0,0,0,0,0,0,0,0,0,0,0,0,0,0,0,0,0,0,0,0,0,0,0,0,0,0,0,0,0,0,0,0,0,0,0,0,0,0,0,0,0,0,0,0,0,0,0,0,0,0,0,0,0,0,0,0,0,0,0,0,0,0,0,0,0,0,0,0,0,0,0,0,0,0,0,0,0,0,0,0,0,0,0,0,0,0,0,0,0,0,0,0,0,0,0,0,0,0,0,0,0,0,0,0,0,0,0,0,0,0,0,0,0,0,0,0,0,0,0,0,0,0,0,0,0,0,0,0,0,0,0,0,0,0,0,0,0,0,0,0,0,0,0,0,0,0,0,0,0,0,0,0,0,0,0,0,0,0,0,0,0,0,0,0,0,0,0,0,0,0,0,0,0,0,0,0,0,0,0,0,0,0,0,0,0,0,0,0,0,0,0,0,0,0,0,0,0,0,0,0,0,0,0,0,0,0,0,0,0,0,0,0,0,0,0,0,0,0,0,0,0,0,0,0,0,0,0,0,0,0,0,0,0,0,0,0,0,0,0,0,0,0,0,0,0,0,0,0,0,0,0,0,0,0,0,0,0,0,0,0,0,0,0,0,0,0,0,0,0,0,0,0,0,0,0,0,0,0,0,0,0,0,0,0,0,0,0,0,0,0,0,0,0,0,0,0,0,0,0,0,0,0,0,0,0,0,0,0,0,0,0,0,0,0,0,0,0,0,0,0,0,0,0,0,0,0,0,0,0,0,0,0,0,0,0,0,0,0,0,0,0,0,0,0,0,0,0,0,0,0,0,0,0,0,0,0,0,0,0,0,0,0,0,0,0,0,0,0,0,0,0,0,0,0,0,0,0,0,0,0,0,0,0,0,0
"arusha/longido/matale",0,0,0,0,0,0,0,0,0,0,0,0,0,0,0,0,0,0,0,0,0,0,0,0,0,0,0,0,0,0,0,0,0,0,0,0,0,0,0,0,0,0,0,0,0,0,0,0,0,0,0,0,0,0,0,0,0,0,0,0,0,0,0,0,0,0,0,0,0,0,0,0,0,0,0,0,0,0,0,0,0,0,0,0,0,0,0,0,0,0,0,0,0,0,0,0,0,0,0,0,0,0,0,0,0,0,0,0,0,0,0,0,0,0,0,0,0,0,0,0,0,0,0,0,0,0,0,0,0,0,0,0,0,0,0,0,0,0,0,0,0,0,0,0,0,0,0,0,0,0,0,0,0,0,0,0,0,0,0,0,0,0,0,0,0,0,0,0,0,0,0,0,0,0,0,0,0,0,0,0,0,0,0,0,0,0,0,0,0,0,0,0,0,0,0,0,0,0,0,0,0,0,0,0,0,0,0,0,0,0,0,0,0,0,0,0,0,0,0,0,0,0,0,0,0,0,0,0,0,0,0,0,0,0,0,0,0,0,0,0,0,0,0,0,0,0,0,0,0,0,0,0,0,0,0,0,0,0,0,0,0,0,0,0,0,0,0,0,0,0,0,0,0,0,0,0,0,0,0,0,0,0,0,0,0,0,0,0,0,0,0,0,0,0,0,0,0,0,0,0,0,0,0,0,0,0,0,0,0,0,0,0,0,0,0,0,0,0,0,0,0,0,0,0,0,0,0,0,0,0,0,0,0,0,0,0,0,0,0,0,0,0,0,0,0,0,0,0,0,0,0,0,0,0,0,0,0,0,0,0,0,0,0,0,0,0,0,0,0,0,0,0,0,0,0,0,0,0,0,0,0,0,0,0,0,0,0,0,0,0,0,0,0,0,0,0,0,0
"arusha/arusha/mateves",0,0,0,0,0,0,0,0,0,0,0,0,0,0,0,0,0,0,0,0,0,0,0,0,0,0,0,0,0,0,0,0,0,0,0,0,0,0,0,0,0,0,0,0,0,0,0,0,0,0,0,0,0,0,0,0,0,0,0,0,0,0,0,0,0,0,0,0,0,0,0,0,0,0,0,0,0,0,0,0,0,0,0,0,0,0,0,0,0,0,0,0,0,0,0,0,0,0,0,0,0,0,0,0,0,0,0,0,0,0,0,0,0,0,0,0,0,0,0,0,0,0,0,0,0,0,0,0,0,0,0,0,0,0,0,0,0,0,0,0,0,0,0,0,0,0,0,0,0,0,0,0,0,0,0,0,0,0,0,0,0,0,0,0,0,0,0,0,0,0,0,0,0,0,0,0,0,0,0,0,0,0,0,0,0,0,0,0,0,0,0,0,0,0,0,0,0,0,0,0,0,0,0,0,0,0,0,0,0,0,0,0,0,0,0,0,0,0,0,0,0,0,0,0,0,0,0,0,0,0,0,0,0,0,0,0,0,0,0,0,0,0,0,0,0,0,0,0,0,0,0,0,0,0,0,0,0,0,0,0,0,0,0,0,0,0,0,0,0,0,0,0,0,0,0,0,0,0,0,0,0,0,0,0,0,0,0,0,0,0,0,0,0,0,0,0,0,0,0,0,0,0,0,0,0,0,0,0,0,0,0,0,0,0,0,0,0,0,0,0,0,0,0,0,0,0,0,0,0,0,0,0,0,0,0,0,0,0,0,0,0,0,0,0,0,0,0,0,0,0,0,0,0,0,0,0,0,0,0,0,0,0,0,0,0,0,0,0,0,0,0,0,0,0,0,0,0,0,0,0,0,0,0,0,0,0,0,0,0,0,0,0,0,0,0,0,0,0
"manyara/kiteto/matui",0,0,0,0,0,0,0,0,0,0,0,0,0,0,0,0,0,0,0,0,0,0,0,0,0,0,0,0,0,0,0,0,0,0,0,0,0,0,0,0,0,0,0,0,0,0,0,0,0,0,0,0,0,0,0,0,0,0,0,0,0,0,0,0,0,0,0,0,0,0,0,0,0,0,0,0,0,0,0,0,0,0,0,0,0,0,0,0,0,0,0,0,0,0,0,0,0,0,0,0,0,0,0,0,0,0,0,0,0,0,0,0,0,0,0,0,0,0,0,0,0,0,0,0,0,0,0,0,0,0,0,0,0,0,0,0,0,0,0,0,0,0,0,0,0,0,0,0,0,0,0,0,0,0,0,0,0,0,0,0,0,0,0,0,0,0,0,0,0,0,0,0,0,0,0,0,0,0,0,0,0,0,0,0,0,0,0,0,0,0,0,0,0,0,0,0,0,0,0,0,0,0,0,0,0,0,0,0,0,0,0,0,0,0,0,0,0,0,0,0,0,0,0,0,0,0,0,0,0,0,0,0,0,0,0,0,0,0,0,0,0,0,0,0,0,0,0,0,0,0,0,0,0,0,0,0,0,0,0,0,0,0,0,0,0,0,0,0,0,0,0,0,0,0,0,0,0,0,0,0,0,0,0,0,0,0,0,0,0,0,0,0,0,0,0,0,0,0,0,0,0,0,0,0,0,0,0,0,0,0,0,0,0,0,0,0,0,0,0,0,0,0,0,0,0,0,0,0,0,0,0,0,0,0,0,0,0,0,0,0,0,0,0,0,0,0,0,0,0,0,0,0,0,0,0,0,0,0,0,0,0,0,0,0,0,0,0,0,0,0,0,0,0,0,0,0,0,0,0,0,0,0,0,0,0,0,0,0,0,0,0,0,0,0,0,0,0,0
"kilimanjaro/moshimunicipal/mawenzi",0,0,0,0,0,0,0,0,0,0,0,0,0,0,0,0,0,0,0,0,0,0,0,0,0,0,0,0,0,0,0,0,0,0,0,0,0,0,0,0,0,0,0,0,0,0,0,0,0,0,0,0,0,0,0,0,0,0,0,0,0,0,0,0,0,0,0,0,0,0,0,0,0,0,0,0,0,0,0,0,0,0,0,0,0,0,0,0,0,0,0,0,0,0,0,0,0,0,0,0,0,0,0,0,0,0,0,0,0,0,0,0,0,0,0,0,0,0,0,0,0,0,0,0,0,0,0,0,0,0,0,0,0,0,0,0,0,0,0,0,0,0,0,0,0,0,0,0,0,0,0,0,0,0,0,0,0,0,0,0,0,0,0,0,0,0,0,0,0,0,0,0,0,0,0,0,0,0,0,0,0,0,0,0,0,0,0,0,0,0,0,0,0,0,0,0,0,0,0,0,0,0,0,0,0,0,0,0,0,0,0,0,0,0,0,0,0,0,0,0,0,0,0,0,0,0,0,0,0,0,0,0,0,0,0,0,0,0,0,0,0,0,0,0,0,0,0,0,0,0,0,0,0,0,0,0,0,0,0,0,0,0,0,0,0,0,0,0,0,0,0,0,0,0,0,0,0,0,0,0,0,0,0,0,0,0,0,0,0,0,0,0,0,0,0,0,0,0,0,0,0,0,0,0,0,0,0,0,0,0,0,0,0,0,0,0,0,0,0,0,0,0,0,0,0,0,0,0,0,0,0,0,0,0,0,0,0,0,0,0,0,0,0,0,0,0,0,0,0,0,0,0,0,0,0,0,0,0,0,0,0,0,0,0,0,0,0,0,0,0,0,0,0,0,0,0,0,0,0,0,0,0,0,0,0,0,0,0,0,0,0,0,0,0,0,0,0,0
"kilimanjaro/moshi/mbokomu",0,0,0,0,0,0,0,0,0,0,0,0,0,0,0,0,0,0,0,0,0,0,0,0,0,0,0,0,0,0,0,0,0,0,0,0,0,0,0,0,0,0,0,0,0,0,0,0,0,0,0,0,0,0,0,0,0,0,0,0,0,0,0,0,0,0,0,0,0,0,0,0,0,0,0,0,0,0,0,0,0,0,0,0,0,0,0,0,0,0,0,0,0,0,0,0,0,0,0,0,0,0,0,0,0,0,0,0,0,0,0,0,0,0,0,0,0,0,0,0,0,0,0,0,0,0,0,0,0,0,0,0,0,0,0,0,0,0,0,0,0,0,0,0,0,0,0,0,0,0,0,0,0,0,0,0,0,0,0,0,0,0,0,0,0,0,0,0,0,0,0,0,0,0,0,0,0,0,0,0,0,0,0,0,0,0,0,0,0,0,0,0,0,0,0,0,0,0,0,0,0,0,0,0,0,0,0,0,0,0,0,0,0,0,0,0,0,0,0,0,0,0,0,0,0,0,0,0,0,0,0,0,0,0,0,0,0,0,0,0,0,0,0,0,0,0,0,0,0,0,0,0,0,0,0,0,0,0,0,0,0,0,0,0,0,0,0,0,0,0,0,0,0,0,0,0,0,0,0,0,0,0,0,0,0,0,0,0,0,0,0,0,0,0,0,0,0,0,0,0,0,0,0,0,0,0,0,0,0,0,0,0,0,0,0,0,0,0,0,0,0,0,0,0,0,0,0,0,0,0,0,0,0,0,0,0,0,0,0,0,0,0,0,0,0,0,0,0,0,0,0,0,0,0,0,0,0,0,0,0,0,0,0,0,0,0,0,0,0,0,0,0,0,0,0,0,0,0,0,0,0,0,0,0,0,0,0,0,0,0,0,0,0,0,0,0,0,0
"arusha/meru/mbuguni",0,0,0,0,0,0,0,0,0,0,0,0,0,0,0,0,0,0,0,0,0,0,0,0,0,0,0,0,0,0,0,0,0,0,0,0,0,0,0,0,0,0,0,0,0,0,0,0,0,0,0,0,0,0,0,0,0,0,0,0,0,0,0,0,0,0,0,0,0,0,0,0,0,0,0,0,0,0,0,0,0,0,0,0,0,0,0,0,0,0,0,0,0,0,0,0,0,0,0,0,0,0,0,0,0,0,0,0,0,0,0,0,0,0,0,0,0,0,0,0,0,0,0,0,0,0,0,0,0,0,0,0,0,0,0,0,0,0,0,0,0,0,0,0,0,0,0,0,0,0,0,0,0,0,0,0,0,0,0,0,0,0,0,0,0,0,0,0,0,0,0,0,0,0,0,0,0,0,0,0,0,0,0,0,0,0,0,0,0,0,0,0,0,0,0,0,0,0,0,0,0,0,0,0,0,0,0,0,0,0,0,0,0,0,0,0,0,0,0,0,0,0,0,0,0,0,0,0,0,0,0,0,0,0,0,0,0,0,0,0,0,0,0,0,0,0,0,0,0,0,0,0,0,0,0,0,0,0,0,0,0,0,0,0,0,0,0,0,0,0,0,0,0,0,0,0,0,0,0,0,0,0,0,0,0,0,0,0,0,0,0,0,0,0,0,0,0,0,0,0,0,0,0,0,0,0,0,0,0,0,0,0,0,0,0,0,0,0,0,0,0,0,0,0,0,0,0,0,0,0,0,0,0,0,0,0,0,0,0,0,0,0,0,0,0,0,0,0,0,0,0,0,0,0,0,0,0,0,0,0,0,0,0,0,0,0,0,0,0,0,0,0,0,0,0,0,0,0,0,0,0,0,0,0,0,0,0,0,0,0,0,0,0,0,0,0,0,0
"arusha/karatu/mbulumbulu",0.000134,0.000388,7e-06,0.000572,5e-06,0.000299,4e-06,6e-06,3e-06,0.000973,1.5e-05,2e-06,0.000114,0.001656,0.000312,2.1e-05,1e-05,2.5e-05,4e-06,1.3e-05,4e-06,8.2e-05,3e-06,6e-06,3e-06,2e-06,6e-06,3e-05,1e-06,5e-06,0.000396,4e-06,2e-06,3e-06,0.000314,8e-06,0.000173,0.000223,5.9e-05,0.000449,6e-06,2e-06,0.000177,0.000212,2.8e-05,4e-06,0.000322,0.044082,0.002413,8.5e-05,1.1e-05,5.2e-05,0.000121,6e-06,0.000129,2e-06,1.2e-05,9e-06,0.000136,0.014404,0.000641,0.013272,0.00121,1.3e-05,0,0.001058,0.001155,4e-06,0.001647,0.000719,0.000149,0,2e-05,0.000206,1e-05,0.001856,0.000389,2e-06,2e-06,3e-06,1e-06,1.3e-05,4e-06,2e-06,7e-06,9e-06,0.002893,3e-06,0.000131,0.000616,1e-06,3e-06,0.001888,0.000944,0.000191,0.000673,0.000202,2e-06,0.000921,0.000222,8e-06,1.6e-05,0.00012,0.000275,3.3e-05,0.001721,2.8e-05,0.000228,0.000156,0.024417,0.00014,0.000653,6.4e-05,7e-06,9e-06,7e-06,0.00104,3e-06,0.0012,0.000125,6.8e-05,0.002323,5e-06,1.9e-05,2e-06,4.7e-05,0.000143,0.006232,0.000431,8e-06,6e-06,0.000217,0.000403,5.1e-05,1e-06,0.000937,6.1e-05,0.000139,0.006384,0.000385,0.00024,3e-06,0.000371,3.5e-05,1.3e-05,0.000277,1.2e-05,0.000482,0.000418,0.000132,6e-06,4e-06,1e-05,5e-06,0.000211,0.015221,2.8e-05,0.000277,1.9e-05,0.0178,5.7e-05,0.001273,3e-06,1.3e-05,2e-06,2e-06,7.7e-05,0.000145,0.001825,3e-05,5e-05,0.01523,0.029678,0.000104,5.1e-05,0.000224,0.005253,1.9e-05,0.000369,8.1e-05,2e-06,9e-05,0.000343,5.6e-05,0.002691,0.045645,6e-06,1e-05,0.001313,0.000417,9.6e-05,5.2e-05,0.000382,7e-06,0.000963,7e-06,6e-06,6e-06,0.000415,0.000306,0.002286,5.5e-05,0.000199,8e-06,0.000546,7.2e-05,0.003198,0.00973,0.002169,8e-06,7e-06,1.8e-05,0.001033,3e-06,1.2e-05,5.1e-05,1.2e-05,0.00484,4.6e-05,0.00028,7e-06,9e-06,3e-06,1.1e-05,0.001684,4.1e-05,0.00243,1.7e-05,6.3e-05,2e-06,2e-06,1.1e-05,0.005428,0.004255,2e-05,1e-06,9e-06,0.000335,0,6e-06,0.00017,0.046506,3e-06,0.005954,2e-06,6e-06,2.3e-05,0.001125,3e-06,0.000166,0.009842,0.026638,5.5e-05,0.002271,0.000345,9.8e-05,8e-06,2.8e-05,5e-06,3e-06,2e-06,0.000128,2.5e-05,3e-06,0.033831,0.000124,9e-06,0.005261,3e-06,0.000279,0.00433,0.000754,5e-06,3e-06,0.00286,1.5e-05,0.000112,0.000355,1.3e-05,0.004825,5.7e-05,0.000152,0.022428,2.7e-05,4e-06,8e-06,1e-06,2e-05,8e-06,1e-05,2e-05,0.000127,9e-06,0.005175,8.9e-05,0.000246,0.002999,5.3e-05,0.000144,0.002645,3e-06,2e-06,6e-06,5.3e-05,4e-06,0.007728,0.000197,2.3e-05,1.5e-05,9e-06,0.003191,0.001264,1.2e-05,5e-06,5.9e-05,6.5e-05,4.4e-05,0.007532,0.001801,0.00303,0.000264,0.004687,0.000251,0.001263,0.027593,0.000843,0.001211,7.4e-05,6.8e-05,0.000762,0.00101,0.000539,0.032908,0.002405,0.000296,5e-06,3.1e-05,0.000249,0.005433,1.6e-05,8.9e-05,5e-06,0.000268,7e-06,0.00048,7.2e-05,0.000373,0.001274,0.000381,0.000406,6e-06,0.00068,7.2e-05,0.011784,0.023629,0.00265,0.000555,2.4e-05,1.2e-05,9.2e-05,6e-06,2e-06,5e-06,1e-06,5.3e-05,0.00747,0.00215,0.005122,6e-06,0.000669,3.5e-05,1e-06,4e-06,1.3e-05,1.6e-05,0.000447,0.000221,1.7e-05,0.003417,6e-06,2e-06,6e-06,0.003675,3.9e-05,6e-06,0.000215,8e-06,0.000907,0.00016,5e-06,0.002221,6e-06,3e-06,7e-06,1e-06,1e-06,7e-06,6e-06
"kilimanjaro/rombo/mengwe",0,0,0,0,0,0,0,0,0,0,0,0,0,0,0,0,0,0,0,0,0,0,0,0,0,0,0,0,0,0,0,0,0,0,0,0,0,0,0,0,0,0,0,0,0,0,0,0,0,0,0,0,0,0,0,0,0,0,0,0,0,0,0,0,0,0,0,0,0,0,0,0,0,0,0,0,0,0,0,0,0,0,0,0,0,0,0,0,0,0,0,0,0,0,0,0,0,0,0,0,0,0,0,0,0,0,0,0,0,0,0,0,0,0,0,0,0,0,0,0,0,0,0,0,0,0,0,0,0,0,0,0,0,0,0,0,0,0,0,0,0,0,0,0,0,0,0,0,0,0,0,0,0,0,0,0,0,0,0,0,0,0,0,0,0,0,0,0,0,0,0,0,0,0,0,0,0,0,0,0,0,0,0,0,0,0,0,0,0,0,0,0,0,0,0,0,0,0,0,0,0,0,0,0,0,0,0,0,0,0,0,0,0,0,0,0,0,0,0,0,0,0,0,0,0,0,0,0,0,0,0,0,0,0,0,0,0,0,0,0,0,0,0,0,0,0,0,0,0,0,0,0,0,0,0,0,0,0,0,0,0,0,0,0,0,0,0,0,0,0,0,0,0,0,0,0,0,0,0,0,0,0,0,0,0,0,0,0,0,0,0,0,0,0,0,0,0,0,0,0,0,0,0,0,0,0,0,0,0,0,0,0,0,0,0,0,0,0,0,0,0,0,0,0,0,0,0,0,0,0,0,0,0,0,0,0,0,0,0,0,0,0,0,0,0,0,0,0,0,0,0,0,0,0,0,0,0,0,0,0,0,0,0,0,0,0,0,0,0,0,0,0,0,0,0,0,0,0,0,0,0,0,0,0,0,0,0,0,0,0,0,0,0,0,0,0,0,0
"manyara/simanjiro/mererani",8.1e-05,1e-06,3e-06,3e-06,0,0.000457,0,0,0,2e-05,0,0,4e-05,0.000696,3e-06,0,0,0,0,0,1e-06,4.1e-05,0,7e-06,1e-06,2e-06,0,0,0,1e-06,0.000923,0,0,2e-06,1e-06,0,5.2e-05,3e-06,0,5e-06,0,0,9e-06,2e-06,1e-06,0,3e-06,0.010268,0.000211,0,0,0,0,0,2e-06,0,0.001177,0,3.8e-05,4.7e-05,1.3e-05,1.8e-05,5.9e-05,1e-06,0,0.000459,4.7e-05,0,4e-06,2e-05,0,0,9e-06,1e-06,0,1.4e-05,2e-06,0,0,0,0,0,0,0,0,0,0.005148,0,1e-06,8.5e-05,0,0,0.000966,0.000231,1e-06,5e-06,0.000124,1e-06,0.000983,0.000177,0,0,2e-05,7.5e-05,3.5e-05,0.000376,0,0.000245,6.7e-05,1.8e-05,8.6e-05,0.000275,1e-06,2e-06,4e-06,3e-06,0.003289,0,0.001053,7.4e-05,3.4e-05,0.00141,3e-06,1.1e-05,1e-06,8e-06,9e-06,0.007542,0.000956,5e-06,4e-06,0.000103,0.00029,5.1e-05,1e-06,0.000335,1.3e-05,0.000108,0.000325,0.000371,0.000347,1e-06,8.5e-05,3.1e-05,5e-06,0.000149,0,0.00039,0.000278,9e-05,3e-06,3e-06,4e-06,2e-06,4.7e-05,0.001282,7e-06,3e-06,3e-06,0.018356,3.5e-05,0.000287,3e-06,6e-06,0,0,7.5e-05,9e-05,0.000659,2e-05,3e-06,8.3e-05,0.007959,4.3e-05,2.6e-05,1.9e-05,0.000167,1e-06,0.000352,8e-06,0,1e-06,6.7e-05,6.7e-05,0.001867,0.089198,3e-06,6e-06,0.00119,0.000344,0.000149,1e-06,2e-06,0,1.3e-05,0,3e-06,0,0.000397,0,0.002512,6e-06,3.4e-05,7.1e-05,0.000254,5.7e-05,0.00199,5.2e-05,9e-06,4e-06,4e-06,0,0.000475,1e-06,0,1e-05,0,0.001679,2.6e-05,0.000161,0,2.8e-05,0,8e-06,0.002045,3.2e-05,0.001606,3.5e-05,0,0,0,0,8.9e-05,0.000752,1e-06,1e-06,7e-06,0.001525,8e-06,3e-06,0,0.003483,3e-06,0.002128,1e-06,6e-06,2.2e-05,0.000847,0,2.9e-05,0.002638,0.000481,2e-06,0.001099,0.000107,2e-05,3e-06,1.8e-05,5e-06,1e-06,1e-06,0.000173,0,1e-06,2.2e-05,2e-06,0,0.000388,0,4e-06,0.000348,0.000588,3e-06,1e-06,0.001581,8e-06,2.1e-05,0.000112,0,2e-06,0.000296,0,0.001226,0,0,0,0,7e-06,0,6e-06,2e-06,3.4e-05,2e-06,0.007293,8e-05,8.9e-05,0.000617,1.3e-05,0.000131,5e-06,1e-06,1e-06,6e-06,2.4e-05,0,5.1e-05,8.9e-05,1.6e-05,7e-06,5e-06,0.000421,2e-06,1e-06,5e-06,4.2e-05,0,0,0.000807,0.00069,0.000835,0.000106,0.000516,0.000321,0.000224,0.003457,7e-06,1e-05,2.7e-05,1e-06,0.000138,0.00029,7e-05,0.001244,3.3e-05,5.6e-05,0,3.5e-05,2e-06,0.003845,1e-06,0,5e-06,0,0,0.000173,1.1e-05,3e-06,0.00023,0.000151,4e-06,0,0.000413,4.3e-05,0.003582,2.6e-05,6.9e-05,0.000997,1.5e-05,5e-06,0.000107,0,0,0,0,1e-06,0.002557,0.000468,0.001263,0,0.000315,3.8e-05,0,1e-06,1e-06,5e-06,0.000176,3.4e-05,6e-06,0.00029,0,1e-06,0,0.001286,1e-06,0,5.8e-05,5e-06,0.000758,0.000112,3e-06,0.002449,3e-06,1e-06,1e-06,0,0,0,0
"arusha/monduli/meserani",0.03584,0.002063,0.000786,0.004182,0.000282,0.046596,0.000151,0.000215,0.000219,0.071392,0.001092,0.000102,0.027797,0.36101,0.007297,0.000626,0.000169,0.00063,8.6e-05,0.000294,0.000343,0.006375,0.000205,0.000951,0.000324,0.000296,0.000434,0.000705,5.5e-05,0.000466,0.097778,0.000334,0.000192,0.000416,0.001563,0.000229,0.055344,0.006197,0.000799,0.009174,0.000222,5.5e-05,0.00672,0.004335,0.0011,0.000241,0.008648,0.989288,0.542873,0.000594,0.000193,0.000581,0.001292,0.000225,0.004048,9.8e-05,0.003251,0.00119,0.018767,0.086267,0.012308,0.048504,0.081733,0.001,7e-06,0.308313,0.227902,0.000135,0.032552,0.048038,0.000743,2.3e-05,0.00265,0.007039,0.000263,0.019219,0.004925,8e-05,8.4e-05,0.000116,6.7e-05,0.000473,0.000172,0.000142,0.000365,0.000135,0.363435,0.000131,0.002499,0.030051,7.5e-05,7.2e-05,0.187627,0.172418,0.003304,0.021404,0.027588,0.000242,0.122957,0.029154,0.000335,0.000269,0.010684,0.080362,0.004768,0.140413,0.000549,0.032736,0.022842,0.067066,0.019037,0.067749,0.001839,0.002113,0.001059,0.000734,0.17543,0.000238,0.147657,0.015562,0.00458,0.240604,0.000639,0.002437,0.000248,0.004358,0.00619,0.44607,0.114336,0.00093,0.000752,0.013729,0.050642,0.007302,0.000178,0.236286,0.015579,0.018227,0.27189,0.053408,0.044175,0.000254,0.103974,0.004944,0.001318,0.033165,0.000345,0.061646,0.050862,0.016567,0.000707,0.000606,0.001023,0.000578,0.019663,0.954173,0.001408,0.004224,0.002142,0.822255,0.007078,0.197236,0.000453,0.001564,5.5e-05,0.000102,0.011363,0.024301,0.443992,0.00404,0.002047,0.49323,0.976054,0.014877,0.006673,0.02155,0.709453,0.001114,0.050602,0.007308,0.000151,0.001549,0.033701,0.008316,0.28664,0.926494,0.000679,0.001281,0.166307,0.057256,0.015336,0.002533,0.0065,0.000134,0.045091,0.000529,0.000739,0.000439,0.056359,0.000977,0.363861,0.007197,0.010672,0.001869,0.058574,0.01154,0.304661,0.433319,0.021982,0.000988,0.000877,0.001233,0.105815,0.00034,0.000192,0.004634,0.000297,0.357742,0.005525,0.032753,0.000131,0.002319,0.000165,0.001584,0.224807,0.005943,0.265693,0.002955,0.001463,0.000102,9.7e-05,0.000175,0.130784,0.799516,0.001574,7.8e-05,0.001228,0.049785,0.030636,0.000612,0.042592,0,0.000477,0.29535,0.000258,0.000923,0.003188,0.295385,0.00017,0.149764,0.844288,0.614564,0.0125,0.481241,0.03412,0.009502,0.000875,0.003586,0.000729,0.000334,0.000242,0.01144,0.003307,0.000284,0.100766,0.004124,0.000412,0.691541,0.000264,0.026394,0.524471,0.09631,0.000573,0.000354,0.270471,0.001745,0.010525,0.037022,0.000545,0.00869,0.012228,0.000806,0.620985,0.00109,0.000172,0.000343,7.1e-05,0.002042,0.000375,0.001471,0.002161,0.013368,0.000812,0.726585,0.01227,0.029042,0.200507,0.016764,0.023625,0.017733,0.000281,0.000194,0.000883,0.006618,0.000409,0.241173,0.050951,0.005118,0.003819,0.001138,0.439065,0.005191,0.001061,0.000699,0.007585,0.000484,0.000472,0.370089,0.166425,0.554957,0.150686,0.517455,0.041431,0.104067,0.88286,0.008759,0.011931,0.023413,0.001715,0.193882,0.22681,0.126708,0.569707,0.051829,0.021462,0.000226,0.004568,0.003932,0.657793,0.002016,0.000658,0.000751,0.001089,0.000223,0.058169,0.006866,0.006159,0.209766,0.04451,0.007655,0.000197,0.092811,0.018123,0.885362,0.121015,0.631786,0.077867,0.003107,0.001277,0.01364,0.000356,6.8e-05,0.00035,8.3e-05,0.001215,0.766525,0.316881,0.73916,0.000472,0.123968,0.005113,0.000129,0.000375,0.000509,0.001633,0.18861,0.055683,0.005726,0.130024,0.000206,0.000228,0.000251,0.293602,0.001799,0.000187,0.068256,0.000996,0.114293,0.020432,0.000681,0.398735,0.000646,0.000349,0.000663,0.000131,0.000129,0.000271,0.000175
"kilimanjaro/moshimunicipal/mfumuni",0,0,0,0,0,0,0,0,0,0,0,0,0,0,0,0,0,0,0,0,0,0,0,0,0,0,0,0,0,0,0,0,0,0,0,0,0,0,0,0,0,0,0,0,0,0,0,0,0,0,0,0,0,0,0,0,0,0,0,0,0,0,0,0,0,0,0,0,0,0,0,0,0,0,0,0,0,0,0,0,0,0,0,0,0,0,0,0,0,0,0,0,0,0,0,0,0,0,0,0,0,0,0,0,0,0,0,0,0,0,0,0,0,0,0,0,0,0,0,0,0,0,0,0,0,0,0,0,0,0,0,0,0,0,0,0,0,0,0,0,0,0,0,0,0,0,0,0,0,0,0,0,0,0,0,0,0,0,0,0,0,0,0,0,0,0,0,0,0,0,0,0,0,0,0,0,0,0,0,0,0,0,0,0,0,0,0,0,0,0,0,0,0,0,0,0,0,0,0,0,0,0,0,0,0,0,0,0,0,0,0,0,0,0,0,0,0,0,0,0,0,0,0,0,0,0,0,0,0,0,0,0,0,0,0,0,0,0,0,0,0,0,0,0,0,0,0,0,0,0,0,0,0,0,0,0,0,0,0,0,0,0,0,0,0,0,0,0,0,0,0,0,0,0,0,0,0,0,0,0,0,0,0,0,0,0,0,0,0,0,0,0,0,0,0,0,0,0,0,0,0,0,0,0,0,0,0,0,0,0,0,0,0,0,0,0,0,0,0,0,0,0,0,0,0,0,0,0,0,0,0,0,0,0,0,0,0,0,0,0,0,0,0,0,0,0,0,0,0,0,0,0,0,0,0,0,0,0,0,0,0,0,0,0,0,0,0,0,0,0,0,0,0,0,0,0,0,0,0,0,0,0,0,0,0,0,0,0,0,0,0,0,0,0,0,0,0,0
"kilimanjaro/mwanga/mgagao",0.00187,9.8e-05,0.001472,0.000841,1.6e-05,0.087334,6e-06,8e-06,1.4e-05,0.003509,5.8e-05,1.2e-05,0.001208,0.018073,0.000526,2.3e-05,2.1e-05,8.8e-05,1.6e-05,6.1e-05,0.001072,0.002806,1.4e-05,0.001129,0.002202,0.000334,2.6e-05,1.9e-05,1.7e-05,0.002426,0.008255,9.5e-05,0.001423,0.017907,0.000119,3.5e-05,0.001524,0.000773,5.8e-05,0.001123,1.5e-05,1.2e-05,0.005108,0.00054,0.00065,1.6e-05,0.000245,0.270294,0.018576,3.9e-05,1.6e-05,2.9e-05,3e-05,1.8e-05,0.000635,8e-06,0.000677,4.3e-05,0.027493,0.013495,0.002493,0.003018,0.004491,0.000323,1e-06,0.011326,0.002561,1.2e-05,0.000403,0.004409,2.2e-05,2e-06,0.000595,0.000227,6.1e-05,0.00281,0.000255,7e-06,1e-05,1.1e-05,5e-06,6.9e-05,1.2e-05,1.7e-05,3.1e-05,1.2e-05,0.189914,1.1e-05,0.000488,0.201917,7e-06,1.6e-05,0.461419,0.008343,0.000122,0.00089,0.008629,0.003548,0.309361,0.100925,1.3e-05,2.2e-05,0.042989,0.002316,0.005933,0.061178,1.9e-05,0.03023,0.003184,0.003585,0.006334,0.07843,0.000364,5.6e-05,0.001552,0.00144,0.070727,7.3e-05,0.180758,0.010907,0.00568,0.195151,0.01148,0.062872,0.007379,0.016261,0.00585,0.172711,0.010694,0.001354,0.001296,0.065473,0.238621,0.007393,0.015372,0.009301,0.000445,0.026232,0.039496,0.040823,0.008822,0.001079,0.00281,0.003945,0.001765,0.607768,3.1e-05,0.121091,0.075222,0.033434,0.00094,0.014366,0.001688,0.012645,0.155406,0.054498,0.003557,0.000394,0.001741,0.83792,0.056609,0.031099,0.000492,0.132289,1.2e-05,1.3e-05,0.084577,0.00329,0.01755,0.135502,0.001865,0.008871,0.210267,0.053038,0.002011,0.004547,0.018258,0.000111,0.047917,0.004253,0.000826,0.000177,0.10638,0.01398,0.167248,0.936634,0.000303,0.000702,0.104792,0.028359,0.014327,0.000147,0.000317,2.2e-05,0.002502,0.000182,0.001943,1.9e-05,0.06442,1.8e-05,0.051562,0.001505,0.109759,0.000376,0.090034,0.002392,0.643163,0.006169,0.001686,0.001796,0.001836,7.4e-05,0.252799,0.000699,1e-05,0.024423,1e-05,0.47635,0.008582,0.061155,2e-05,0.000302,1.1e-05,0.000617,0.105538,0.002075,0.128608,0.002206,6.9e-05,9e-06,7e-06,1.9e-05,0.014435,0.025761,0.00043,8.6e-05,0.001454,0.011595,0.001333,0.001329,0.010166,0.118622,0.000518,0,0.003292,0.001102,0.003878,0.016397,1.7e-05,0.001077,0.078511,0.043864,0.000117,0.026014,0.019531,0.049885,0.001342,0.046052,0.000936,0.003891,0.002139,0.046256,2.4e-05,0.001715,0.003584,0.000305,1.9e-05,0.017847,1.1e-05,0.000532,0.016417,0.610606,0.006892,0.003841,0.517001,0.003479,0.047133,0.034544,1.9e-05,0.000275,0.008519,3.3e-05,0.147995,4.6e-05,0.000121,3.4e-05,7e-06,0.001968,2.6e-05,0.000388,0.000746,0.003441,0.003783,0.095647,0.016329,0.007239,0.037512,0.000419,0.123178,0.000798,0.000718,0.008198,0.001025,0.354705,0.00012,0.008465,0.002352,0.000391,0.000194,0.000744,0.020191,0.00064,0.000256,0.001085,0.009755,1.7e-05,0.000111,0.056803,0.201061,0.03182,0.003654,0.023283,0.012315,0.026932,0.161977,0.002311,0.002968,0.000745,0.000267,0.004942,0.009034,0.002834,0.153807,0.007281,0.043318,0.000149,0.005298,0.000333,0.081952,0.000115,1.9e-05,0.00079,2.4e-05,2.6e-05,0.346227,0.012839,0.000639,0.009233,0.696562,0.000902,7e-06,0.022411,0.001039,0.099126,0.003463,0.004105,0.036208,0.059836,0.002316,0.013676,1.8e-05,1.2e-05,1.9e-05,8e-06,0.000176,0.071224,0.018723,0.038606,0.000154,0.009636,0.005249,0.002259,0.002164,0.000419,0.001379,0.004532,0.002951,0.000166,0.03899,1e-05,0.008073,1.4e-05,0.319395,0.000146,7e-06,0.001778,0.000901,0.105742,0.022148,0.000694,0.043108,0.000854,0.003464,0.004826,0.004498,0.000447,1.5e-05,1.2e-05
"kilimanjaro/same/mhezi",0,0,0,0,0,0,0,0,0,0,0,0,0,0,0,0,0,0,0,0,0,0,0,0,0,0,0,0,0,0,0,0,0,0,0,0,0,0,0,0,0,0,0,0,0,0,0,0,0,0,0,0,0,0,0,0,0,0,0,0,0,0,0,0,0,0,0,0,0,0,0,0,0,0,0,0,0,0,0,0,0,0,0,0,0,0,0,0,0,0,0,0,0,0,0,0,0,0,0,0,0,0,0,0,0,0,0,0,0,0,0,0,0,0,0,0,0,0,0,0,0,0,0,0,0,0,0,0,0,0,0,0,0,0,0,0,0,0,0,0,0,0,0,0,0,0,0,0,0,0,0,0,0,0,0,0,0,0,0,0,0,0,0,0,0,0,0,0,0,0,0,0,0,0,0,0,0,0,0,0,0,0,0,0,0,0,0,0,0,0,0,0,0,0,0,0,0,0,0,0,0,0,0,0,0,0,0,0,0,0,0,0,0,0,0,0,0,0,0,0,0,0,0,0,0,0,0,0,0,0,0,0,0,0,0,0,0,0,0,0,0,0,0,0,0,0,0,0,0,0,0,0,0,0,0,0,0,0,0,0,0,0,0,0,0,0,0,0,0,0,0,0,0,0,0,0,0,0,0,0,0,0,0,0,0,0,0,0,0,0,0,0,0,0,0,0,0,0,0,0,0,0,0,0,0,0,0,0,0,0,0,0,0,0,0,0,0,0,0,0,0,0,0,0,0,0,0,0,0,0,0,0,0,0,0,0,0,0,0,0,0,0,0,0,0,0,0,0,0,0,0,0,0,0,0,0,0,0,0,0,0,0,0,0,0,0,0,0,0,0,0,0,0,0,0,0,0,0,0,0,0,0,0,0,0,0,0,0,0,0,0,0,0,0,0,0,0,0
"kilimanjaro/moshimunicipal/miembeni",0,0,0,0,0,0,0,0,0,0,0,0,0,0,0,0,0,0,0,0,0,0,0,0,0,0,0,0,0,0,0,0,0,0,0,0,0,0,0,0,0,0,0,0,0,0,0,0,0,0,0,0,0,0,0,0,0,0,0,0,0,0,0,0,0,0,0,0,0,0,0,0,0,0,0,0,0,0,0,0,0,0,0,0,0,0,0,0,0,0,0,0,0,0,0,0,0,0,0,0,0,0,0,0,0,0,0,0,0,0,0,0,0,0,0,0,0,0,0,0,0,0,0,0,0,0,0,0,0,0,0,0,0,0,0,0,0,0,0,0,0,0,0,0,0,0,0,0,0,0,0,0,0,0,0,0,0,0,0,0,0,0,0,0,0,0,0,0,0,0,0,0,0,0,0,0,0,0,0,0,0,0,0,0,0,0,0,0,0,0,0,0,0,0,0,0,0,0,0,0,0,0,0,0,0,0,0,0,0,0,0,0,0,0,0,0,0,0,0,0,0,0,0,0,0,0,0,0,0,0,0,0,0,0,0,0,0,0,0,0,0,0,0,0,0,0,0,0,0,0,0,0,0,0,0,0,0,0,0,0,0,0,0,0,0,0,0,0,0,0,0,0,0,0,0,0,0,0,0,0,0,0,0,0,0,0,0,0,0,0,0,0,0,0,0,0,0,0,0,0,0,0,0,0,0,0,0,0,0,0,0,0,0,0,0,0,0,0,0,0,0,0,0,0,0,0,0,0,0,0,0,0,0,0,0,0,0,0,0,0,0,0,0,0,0,0,0,0,0,0,0,0,0,0,0,0,0,0,0,0,0,0,0,0,0,0,0,0,0,0,0,0,0,0,0,0,0,0,0,0,0,0,0,0,0,0,0,0,0,0,0,0,0,0,0,0,0,0
"kilimanjaro/moshimunicipal/mjimpya",0,0,0,0,0,0,0,0,0,0,0,0,0,0,0,0,0,0,0,0,0,0,0,0,0,0,0,0,0,0,0,0,0,0,0,0,0,0,0,0,0,0,0,0,0,0,0,0,0,0,0,0,0,0,0,0,0,0,0,0,0,0,0,0,0,0,0,0,0,0,0,0,0,0,0,0,0,0,0,0,0,0,0,0,0,0,0,0,0,0,0,0,0,0,0,0,0,0,0,0,0,0,0,0,0,0,0,0,0,0,0,0,0,0,0,0,0,0,0,0,0,0,0,0,0,0,0,0,0,0,0,0,0,0,0,0,0,0,0,0,0,0,0,0,0,0,0,0,0,0,0,0,0,0,0,0,0,0,0,0,0,0,0,0,0,0,0,0,0,0,0,0,0,0,0,0,0,0,0,0,0,0,0,0,0,0,0,0,0,0,0,0,0,0,0,0,0,0,0,0,0,0,0,0,0,0,0,0,0,0,0,0,0,0,0,0,0,0,0,0,0,0,0,0,0,0,0,0,0,0,0,0,0,0,0,0,0,0,0,0,0,0,0,0,0,0,0,0,0,0,0,0,0,0,0,0,0,0,0,0,0,0,0,0,0,0,0,0,0,0,0,0,0,0,0,0,0,0,0,0,0,0,0,0,0,0,0,0,0,0,0,0,0,0,0,0,0,0,0,0,0,0,0,0,0,0,0,0,0,0,0,0,0,0,0,0,0,0,0,0,0,0,0,0,0,0,0,0,0,0,0,0,0,0,0,0,0,0,0,0,0,0,0,0,0,0,0,0,0,0,0,0,0,0,0,0,0,0,0,0,0,0,0,0,0,0,0,0,0,0,0,0,0,0,0,0,0,0,0,0,0,0,0,0,0,0,0,0,0,0,0,0,0,0,0,0,0,0
"arusha/arusha/mlangarini",7.9e-05,0,0,0,0,1.1e-05,0,0,0,2e-06,0,0,2.3e-05,0.000762,0,0,0,0,0,0,0,3e-06,0,0,0,0,0,0,0,0,0.000167,0,0,0,0,0,4.3e-05,0,0,1e-06,0,0,1e-06,0,0,0,0,0.006362,2e-05,0,0,0,0,0,0,0,1e-06,0,2e-06,5e-06,2e-06,3e-06,1e-05,0,0,0.000667,1.2e-05,0,1e-06,2e-06,0,0,1e-06,0,0,2e-06,0,0,0,0,0,0,0,0,0,0,0.000175,0,0,4e-06,0,0,3.9e-05,8.9e-05,0,1e-06,8e-06,0,2.8e-05,6e-06,0,0,1e-06,5.3e-05,1e-06,2.8e-05,0,9e-06,8e-06,2e-06,6e-06,1.4e-05,0,1e-06,0,0,8e-05,0,3.9e-05,4e-06,2e-06,6.8e-05,0,0,0,0,1e-06,0.000659,0.000185,0,0,4e-06,1e-05,2e-06,0,0.000314,6e-06,4e-06,3.9e-05,1.5e-05,2.4e-05,0,5.1e-05,1e-06,0,5e-06,0,1.4e-05,1.1e-05,3e-06,0,0,0,0,2e-06,0.000421,0,0,0,0.000649,1e-06,1.8e-05,0,0,0,0,2e-06,1.2e-05,0.000723,1e-06,0,1.5e-05,0.005614,2e-06,2e-06,1e-06,2.1e-05,0,1.3e-05,0,0,0,3e-06,2e-06,9.7e-05,0.003218,0,0,5.3e-05,1.7e-05,4e-06,0,0,0,1e-06,0,0,0,1.4e-05,0,0.000432,0,1e-06,1e-06,1.2e-05,5e-06,7.4e-05,8e-06,1e-06,0,0,0,2e-05,0,0,0,0,8.4e-05,1e-06,7e-06,0,2e-06,0,0,8.9e-05,2e-06,9.2e-05,1e-06,0,0,0,0,1e-05,0.000332,0,0,0,4.6e-05,1e-06,0,1.8e-05,0.00064,0,7.3e-05,0,0,1e-06,0,0,8e-06,0.001742,0.000103,1e-06,0.002141,7e-06,1e-06,0,1e-06,0,0,0,3e-06,0,0,3e-06,0,0,0.000123,0,0,0.000107,1.8e-05,0,0,6.4e-05,0,1e-06,5e-06,0,0,3e-06,0,0.000139,0,0,0,0,0,0,0,0,3e-06,0,0.004038,3e-06,8e-06,0.00012,9e-06,4e-06,1e-06,0,0,0,1e-06,0,6e-06,7.1e-05,5e-06,4e-06,0,0.00022,0,0,0,2e-06,0,0,0.000174,3.5e-05,0.000239,1.3e-05,0.000161,1.7e-05,2e-05,0.001543,1e-06,1e-06,3e-05,0,6.9e-05,0.00018,2.8e-05,0.000172,3e-06,2e-06,0,1e-06,0,0.002125,0,0,0,0,0,7e-06,1e-06,0,7.9e-05,6e-06,0,0,3.4e-05,2.7e-05,0.002814,4e-06,1.5e-05,2.1e-05,1e-06,0,4e-06,0,0,0,0,0,0.001829,0.000404,0.00086,0,9.2e-05,1e-06,0,0,0,0,0.000116,3e-06,6e-06,3.4e-05,0,0,0,6.8e-05,0,0,4.3e-05,0,3.1e-05,5e-06,0,0.000929,0,0,0,0,0,0,0
"manyara/hanang/mogitu",0.000156,6.7e-05,2e-05,0.000362,0.00031,0.000815,3.8e-05,4.2e-05,0.000244,0.028399,7e-04,0.002215,0.000116,0.001775,0.002904,0.000111,0.000195,0.00283,0.000684,0.003305,2.2e-05,9e-05,0.000221,1.6e-05,1.8e-05,5e-06,0.000316,4.9e-05,1e-05,2.6e-05,0.000969,8e-05,1e-05,1.2e-05,0.000161,0.001934,0.000171,0.015889,0.000173,0.00046,0.000281,0.00095,0.001601,0.00739,0.000361,0.000383,7.4e-05,0.04034,0.008303,6.3e-05,7.5e-05,5.8e-05,4.8e-05,0.000328,0.028374,0.000678,2.5e-05,9.8e-05,0.000825,0.013993,0.000363,0.000967,0.000732,0.000204,0,0.001181,0.000572,0.00013,0.000397,0.007002,2.9e-05,0.001962,3e-05,0.000935,0.006607,0.000628,0.000101,0.002644,0.000339,0.000334,0.000275,0.001353,0.000302,0.000855,0.005588,4.7e-05,0.00572,0.000473,0.007495,0.002524,0.000656,0.000297,0.005753,0.000874,4.2e-05,0.00524,0.000343,7e-06,0.002654,0.000662,7.9e-05,5.3e-05,0.000663,0.000264,8.1e-05,0.003327,5.8e-05,0.000527,0.000201,0.00336,0.000242,0.001665,0.193068,6e-06,2.5e-05,1.9e-05,0.002044,4.5e-05,0.002964,0.00027,0.000101,0.005165,1.9e-05,7.1e-05,8e-06,0.000272,0.001111,0.006736,0.000649,2e-05,1.6e-05,0.000436,0.001268,0.00012,5e-06,0.000965,5.3e-05,0.000355,0.006179,0.000849,0.000382,1.5e-05,0.000337,7.9e-05,3.5e-05,0.001032,0.000228,0.001312,0.001083,0.000362,1.7e-05,1.6e-05,2.9e-05,2.4e-05,0.001027,0.01047,5.4e-05,7.2e-05,0.000158,0.041853,0.000191,0.003085,7e-06,5.1e-05,0.000762,0.000919,0.000253,0.000193,0.001928,0.000111,0.000392,0.002755,0.028253,0.000524,8.5e-05,0.001354,0.006848,1.6e-05,0.000856,8e-04,9e-06,9.3e-05,0.002045,0.000146,0.005354,0.145302,1.1e-05,2.1e-05,0.002725,0.000816,0.000226,0.003011,0.000617,0.000381,0.005381,0.000102,1.9e-05,0.000147,0.001006,1.7e-05,0.003146,0.000725,0.000771,1.4e-05,0.001477,0.00011,0.009519,0.002703,0.001094,2.3e-05,2.1e-05,0.000115,0.003109,9e-06,3.3e-05,0.000269,3.7e-05,0.013584,0.000122,0.000768,0.000424,1.5e-05,0.000437,2e-05,0.003228,7.3e-05,0.004561,3.9e-05,0.000328,0.001186,0.000335,0.000111,0.004045,0.003912,0.000409,1e-06,2.3e-05,0.00042,0.000698,1.6e-05,0.000349,0.06223,8e-06,0.017,1.2e-05,1.6e-05,5.5e-05,0.001407,0,0.000182,0.009325,0.007282,2.7e-05,0.002553,0.000729,0.000538,2.3e-05,9.8e-05,1.3e-05,1.6e-05,1.2e-05,0.000264,2.3e-05,1.6e-05,0.002564,7.1e-05,0.000186,0.003294,7e-05,0.001168,0.002724,0.002542,1.6e-05,1.6e-05,0.008277,4.3e-05,0.000625,0.001197,9.5e-05,0.000212,0.000147,1.8e-05,0.024194,0.000343,4.1e-05,0.000191,0.001361,4.8e-05,0.000904,1.7e-05,0.000254,0.000197,4.8e-05,0.007403,0.000223,0.000377,0.002252,5e-05,0.000545,0.001062,8e-06,6e-06,1.5e-05,0.000231,7.4e-05,0.009967,0.000214,2.8e-05,1.7e-05,1.9e-05,0.001996,0.00043,0.00027,1.3e-05,0.000146,2.7e-05,3e-05,0.004555,0.004731,0.002823,0.000474,0.00332,0.000437,0.00193,0.016254,0.000824,0.000994,7.7e-05,0.000129,0.000644,0.000973,0.000406,0.018255,0.003102,0.001321,5.4e-05,7.5e-05,0.000136,0.006592,0.000298,3e-05,1.3e-05,2.7e-05,0.000363,0.002409,0.000478,0.000294,0.001074,0.001736,0.000402,4.1e-05,0.001051,8.4e-05,0.011604,0.001271,0.001252,0.001023,8.6e-05,3.3e-05,0.000217,0.000231,0.000473,0.000196,0.00032,8.5e-05,0.00755,0.001544,0.00484,9.8e-05,0.000759,8.3e-05,5e-06,2e-05,0.000109,3.8e-05,0.000519,0.000408,1.8e-05,0.002752,8.5e-05,9e-06,0.000233,0.009496,0.010066,3.5e-05,0.000207,1.8e-05,0.002091,0.000385,1.3e-05,0.002961,1.5e-05,1.7e-05,3.5e-05,5e-06,8e-06,0.000184,0.000103
"arusha/monduli/moita",0,0,0,0,0,0,0,0,0,0,0,0,0,0,0,0,0,0,0,0,0,0,0,0,0,0,0,0,0,0,0,0,0,0,0,0,0,0,0,0,0,0,0,0,0,0,0,0,0,0,0,0,0,0,0,0,0,0,0,0,0,0,0,0,0,0,0,0,0,0,0,0,0,0,0,0,0,0,0,0,0,0,0,0,0,0,0,0,0,0,0,0,0,0,0,0,0,0,0,0,0,0,0,0,0,0,0,0,0,0,0,0,0,0,0,0,0,0,0,0,0,0,0,0,0,0,0,0,0,0,0,0,0,0,0,0,0,0,0,0,0,0,0,0,0,0,0,0,0,0,0,0,0,0,0,0,0,0,0,0,0,0,0,0,0,0,0,0,0,0,0,0,0,0,0,0,0,0,0,0,0,0,0,0,0,0,0,0,0,0,0,0,0,0,0,0,0,0,0,0,0,0,0,0,0,0,0,0,0,0,0,0,0,0,0,0,0,0,0,0,0,0,0,0,0,0,0,0,0,0,0,0,0,0,0,0,0,0,0,0,0,0,0,0,0,0,0,0,0,0,0,0,0,0,0,0,0,0,0,0,0,0,0,0,0,0,0,0,0,0,0,0,0,0,0,0,0,0,0,0,0,0,0,0,0,0,0,0,0,0,0,0,0,0,0,0,0,0,0,0,0,0,0,0,0,0,0,0,0,0,0,0,0,0,0,0,0,0,0,0,0,0,0,0,0,0,0,0,0,0,0,0,0,0,0,0,0,0,0,0,0,0,0,0,0,0,0,0,0,0,0,0,0,0,0,0,0,0,0,0,0,0,0,0,0,0,0,0,0,0,0,0,0,0,0,0,0,0,0,0,0,0,0,0,0,0,0,0,0,0,0,0,0,0,0,0,0,0
"arusha/arusha/moivo",0,0,0,0,0,0,0,0,0,0,0,0,0,0,0,0,0,0,0,0,0,0,0,0,0,0,0,0,0,0,0,0,0,0,0,0,0,0,0,0,0,0,0,0,0,0,0,0,0,0,0,0,0,0,0,0,0,0,0,0,0,0,0,0,0,0,0,0,0,0,0,0,0,0,0,0,0,0,0,0,0,0,0,0,0,0,0,0,0,0,0,0,0,0,0,0,0,0,0,0,0,0,0,0,0,0,0,0,0,0,0,0,0,0,0,0,0,0,0,0,0,0,0,0,0,0,0,0,0,0,0,0,0,0,0,0,0,0,0,0,0,0,0,0,0,0,0,0,0,0,0,0,0,0,0,0,0,0,0,0,0,0,0,0,0,0,0,0,0,0,0,0,0,0,0,0,0,0,0,0,0,0,0,0,0,0,0,0,0,0,0,0,0,0,0,0,0,0,0,0,0,0,0,0,0,0,0,0,0,0,0,0,0,0,0,0,0,0,0,0,0,0,0,0,0,0,0,0,0,0,0,0,0,0,0,0,0,0,0,0,0,0,0,0,0,0,0,0,0,0,0,0,0,0,0,0,0,0,0,0,0,0,0,0,0,0,0,0,0,0,0,0,0,0,0,0,0,0,0,0,0,0,0,0,0,0,0,0,0,0,0,0,0,0,0,0,0,0,0,0,0,0,0,0,0,0,0,0,0,0,0,0,0,0,0,0,0,0,0,0,0,0,0,0,0,0,0,0,0,0,0,0,0,0,0,0,0,0,0,0,0,0,0,0,0,0,0,0,0,0,0,0,0,0,0,0,0,0,0,0,0,0,0,0,0,0,0,0,0,0,0,0,0,0,0,0,0,0,0,0,0,0,0,0,0,0,0,0,0,0,0,0,0,0,0,0,0,0
"arusha/monduli/mondulijuu",7.8e-05,6e-06,2e-06,2.4e-05,0,8.2e-05,0,0,0,5.3e-05,1e-06,0,8.1e-05,0.001042,1e-05,1e-06,0,1e-06,0,1e-06,1e-06,3.8e-05,0,2e-06,0,1e-06,0,1e-06,0,1e-06,0.000149,0,0,1e-06,5e-06,0,0.000114,1.1e-05,2e-06,3.3e-05,0,0,1.8e-05,9e-06,3e-06,0,0.000131,0.032615,0.000302,1e-06,0,1e-06,2e-06,0,7e-06,0,4e-06,1e-06,2e-05,0.000346,0.000162,0.000558,0.001257,1e-06,0,0.000578,0.001489,0,3.2e-05,5.5e-05,1e-06,0,9e-06,6e-06,1e-06,0.000234,2.8e-05,0,0,0,0,1e-06,0,0,0,0,0.00106,0,6e-06,8.5e-05,0,0,0.00044,0.000806,3e-05,2.1e-05,8.4e-05,0,0.000238,5.5e-05,0,0,1.6e-05,0.000196,1e-05,0.000546,1e-06,7.2e-05,8.7e-05,0.000207,5.7e-05,0.000176,4e-06,5e-06,2e-06,2e-06,0.000381,0,0.000353,4.1e-05,2.3e-05,0.000739,1e-06,4e-06,0,6e-06,1.5e-05,0.00288,0.000189,2e-06,2e-06,5.5e-05,9.4e-05,1.6e-05,0,0.000614,5.2e-05,4e-05,0.002223,0.000126,0.000107,0,0.000283,1.1e-05,3e-06,5.5e-05,1e-06,0.000129,0.000116,3.5e-05,2e-06,1e-06,2e-06,1e-06,3.1e-05,0.011677,7e-06,9.5e-05,2e-06,0.005477,1.3e-05,0.000226,1e-06,2e-06,0,0,1.8e-05,7.8e-05,0.001074,6e-06,5e-06,0.002015,0.021104,1.7e-05,2.1e-05,2.6e-05,0.000608,8e-06,0.000115,9e-06,0,5e-06,4.7e-05,1.6e-05,0.00096,0.015377,2e-06,4e-06,0.000455,0.000152,3e-05,2e-06,1.1e-05,0,5.3e-05,1e-06,2e-06,0,0.000125,2e-06,0.001174,6e-06,2.9e-05,3e-06,0.000141,3.4e-05,0.000775,0.000638,6.8e-05,2e-06,2e-06,1e-06,0.000241,1e-06,0,7e-06,0,0.00116,1.2e-05,7.3e-05,0,4e-06,0,4e-06,0.000634,1.6e-05,0.000915,6e-06,2e-06,0,0,0,0.000789,0.002356,2e-06,0,3e-06,0.000123,0.000148,1e-06,5.7e-05,0.009906,1e-06,0.001107,0,2e-06,7e-06,0.000569,0,6e-05,0.007277,0,7.2e-05,0.001295,0.000107,1.4e-05,2e-06,6e-06,2e-06,0,0,3.3e-05,1e-06,0,0.000289,3.3e-05,0,0.005919,0,1.4e-05,0.007106,0.000167,1e-06,0,0.000704,4e-06,1.5e-05,6e-05,0,2.3e-05,1.6e-05,3e-06,0.007205,1e-06,0,0,0,5e-06,0,4e-06,2e-06,5.3e-05,1e-06,0.002266,2.6e-05,0.000108,0.002123,3.8e-05,3e-05,3.4e-05,1e-06,0,2e-06,9e-06,0,0.000323,0.000126,1.3e-05,1e-05,3e-06,0.002149,2.5e-05,1e-06,1e-06,1.7e-05,1e-06,4e-06,0.007234,0.000467,0.001111,6.9e-05,0.006599,0.000103,0.000484,0.02603,5e-05,7.4e-05,4.6e-05,5e-06,0.000645,0.000756,0.000573,0.017185,0.000171,4.3e-05,1e-06,9e-06,1.7e-05,0.003118,1e-06,1e-06,2e-06,2e-06,0,7.7e-05,9e-06,2.2e-05,0.001283,6.4e-05,2.6e-05,0,0.000311,4.3e-05,0.008134,0.000778,0.000963,0.000143,5e-06,3e-06,2.9e-05,0,0,0,0,3e-06,0.00523,0.001297,0.003452,1e-06,0.000435,1.1e-05,0,1e-06,1e-06,4e-06,0.00021,4e-05,1.1e-05,0.001636,0,0,0,0.000955,2e-06,0,0.000147,2e-06,0.000284,4.8e-05,2e-06,0.001142,2e-06,1e-06,1e-06,0,0,0,0
"arusha/monduli/mondulimjini",0,0,0,0,0,0,0,0,0,0,0,0,0,0,0,0,0,0,0,0,0,0,0,0,0,0,0,0,0,0,0,0,0,0,0,0,0,0,0,0,0,0,0,0,0,0,0,0,0,0,0,0,0,0,0,0,0,0,0,0,0,0,0,0,0,0,0,0,0,0,0,0,0,0,0,0,0,0,0,0,0,0,0,0,0,0,0,0,0,0,0,0,0,0,0,0,0,0,0,0,0,0,0,0,0,0,0,0,0,0,0,0,0,0,0,0,0,0,0,0,0,0,0,0,0,0,0,0,0,0,0,0,0,0,0,0,0,0,0,0,0,0,0,0,0,0,0,0,0,0,0,0,0,0,0,0,0,0,0,0,0,0,0,0,0,0,0,0,0,0,0,0,0,0,0,0,0,0,0,0,0,0,0,0,0,0,0,0,0,0,0,0,0,0,0,0,0,0,0,0,0,0,0,0,0,0,0,0,0,0,0,0,0,0,0,0,0,0,0,0,0,0,0,0,0,0,0,0,0,0,0,0,0,0,0,0,0,0,0,0,0,0,0,0,0,0,0,0,0,0,0,0,0,0,0,0,0,0,0,0,0,0,0,0,0,0,0,0,0,0,0,0,0,0,0,0,0,0,0,0,0,0,0,0,0,0,0,0,0,0,0,0,0,0,0,0,0,0,0,0,0,0,0,0,0,0,0,0,0,0,0,0,0,0,0,0,0,0,0,0,0,0,0,0,0,0,0,0,0,0,0,0,0,0,0,0,0,0,0,0,0,0,0,0,0,0,0,0,0,0,0,0,0,0,0,0,0,0,0,0,0,0,0,0,0,0,0,0,0,0,0,0,0,0,0,0,0,0,0,0,0,0,0,0,0,0,0,0,0,0,0,0,0,0,0,0,0,0
"arusha/arushaurban/moshono",5.7e-05,0,0,0,0,6e-06,0,0,0,1e-06,0,0,2.4e-05,0.00137,0,0,0,0,0,0,0,2e-06,0,0,0,0,0,0,0,0,6.3e-05,0,0,0,0,0,7.1e-05,0,0,0,0,0,0,0,0,0,0,0.007988,1.2e-05,0,0,0,0,0,0,0,1e-06,0,1e-06,3e-06,1e-06,2e-06,7e-06,0,0,0.000999,1e-05,0,0,1e-06,0,0,0,0,0,1e-06,0,0,0,0,0,0,0,0,0,0,9.1e-05,0,0,2e-06,0,0,2.2e-05,8e-05,0,0,5e-06,0,1.5e-05,3e-06,0,0,1e-06,7.5e-05,1e-06,1.7e-05,0,5e-06,5e-06,2e-06,3e-06,8e-06,0,2e-06,0,0,4e-05,0,2.1e-05,2e-06,1e-06,3.9e-05,0,0,0,0,0,0.000321,6.1e-05,0,0,2e-06,5e-06,1e-06,0,0.000567,7e-06,2e-06,2.6e-05,8e-06,1.2e-05,0,6.4e-05,1e-06,0,3e-06,0,7e-06,6e-06,2e-06,0,0,0,0,1e-06,0.000362,0,0,0,0.00035,1e-06,1e-05,0,0,0,0,1e-06,7e-06,0.001341,0,0,1.1e-05,0.007862,1e-06,1e-06,1e-06,1.3e-05,0,7e-06,0,0,0,2e-06,1e-06,5.5e-05,0.001716,0,0,2.9e-05,1e-05,2e-06,0,0,0,1e-06,0,0,0,8e-06,0,0.000221,0,1e-06,0,7e-06,3e-06,4.1e-05,6e-06,1e-06,0,0,0,1.1e-05,0,0,0,0,4.8e-05,1e-06,4e-06,0,1e-06,0,0,4.8e-05,1e-06,5.2e-05,0,0,0,0,0,7e-06,0.000293,0,0,0,1.8e-05,1e-06,0,8e-06,0.000439,0,4e-05,0,0,0,0.000731,0,5e-06,0.002307,8e-05,0,0,4e-06,1e-06,0,0,0,0,0,2e-06,0,0,2e-06,0,0,0.000108,0,0,9.4e-05,1e-05,0,0,3.5e-05,0,1e-06,2e-06,0,0,2e-06,0,9.3e-05,0,0,0,0,0,0,0,0,2e-06,0,0.001026,2e-06,5e-06,8.4e-05,1.2e-05,2e-06,0,0,0,0,0,0,4e-06,7.4e-05,3e-06,4e-06,0,0.000232,0,0,0,1e-06,0,0,0.000131,2e-05,0.000137,7e-06,0.000142,9e-06,1.3e-05,0.001596,0,1e-06,7.1e-05,0,7.6e-05,0.000218,2.7e-05,0.000119,2e-06,1e-06,0,1e-06,0,0.00124,0,0,0,0,0,4e-06,0,0,7e-05,3e-06,0,0,2e-05,1.9e-05,0.004346,3e-06,1.1e-05,1e-05,0,0,2e-06,0,0,0,0,0,0.002304,0.000582,0.001118,0,6.4e-05,1e-06,0,0,0,0,8e-05,2e-06,1.3e-05,2.2e-05,0,0,0,3.9e-05,0,0,6.2e-05,0,1.7e-05,3e-06,0,4e-04,0,0,0,0,0,0,0
"kilimanjaro/rombo/motamburukitendeni",1.8e-05,1e-06,2.1e-05,4e-06,0,0.000228,0,0,0,1.2e-05,0,0,1.3e-05,0.000166,2e-06,0,0,0,0,0,1e-06,5.1e-05,0,1e-05,1e-06,3e-06,0,0,0,1e-06,6.6e-05,0,0,2e-06,0,0,1.3e-05,2e-06,0,9e-06,0,0,8e-06,1e-06,1e-06,0,3e-06,0.00302,5.7e-05,0,0,0,0,0,2e-06,0,3e-06,0,1.6e-05,5e-05,3.2e-05,1.8e-05,8.1e-05,1e-06,0,8.7e-05,2.3e-05,0,2e-06,9e-06,0,0,2.5e-05,1e-06,0,2.3e-05,2e-06,0,0,0,0,0,0,0,0,0,0.002532,0,1e-06,6.7e-05,0,0,0.003067,0.000104,1e-06,4e-06,0.000351,1e-06,0.000848,0.00025,0,0,2.1e-05,2.1e-05,5.1e-05,0.018161,0,0.000382,7.8e-05,1.4e-05,0.000271,0.004236,1e-06,1e-06,3.9e-05,1.8e-05,0.000595,0,0.00239,0.000655,0.000167,0.011456,3e-06,1.1e-05,1e-06,8e-06,7e-06,0.00148,7.5e-05,2.4e-05,1.6e-05,0.000262,0.000388,9.2e-05,1e-06,8.5e-05,5e-06,0.000303,0.001083,0.000773,0.000117,0,2.6e-05,8.4e-05,6.3e-05,0.000153,0,0.000781,0.001107,0.000261,3.3e-05,2e-06,3.4e-05,1e-06,5.4e-05,0.000455,1e-04,4e-06,2e-06,0.029881,5e-05,4.9e-05,5e-06,6e-06,0,0,4.2e-05,6.1e-05,0.000142,1.4e-05,2e-06,4.3e-05,0.002235,1.7e-05,0.000109,6e-06,5.2e-05,3e-06,0.00073,6e-06,0,1e-06,4.9e-05,6.2e-05,0.00824,0.092286,3.7e-05,6e-05,0.002761,0.000887,0.000103,1e-06,1e-06,0,6e-06,0,1.3e-05,0,0.000762,0,0.000603,3e-06,2.4e-05,2e-06,0.002029,5.2e-05,0.004703,2.5e-05,1.1e-05,2.4e-05,1.7e-05,0,0.002017,8e-06,0,1e-05,0,0.017908,0.000146,0.000703,0,2e-06,0,2.1e-05,0.002002,6.5e-05,0.006461,1.5e-05,0,0,0,0,0.000182,0.000188,1e-06,1e-06,2.7e-05,4.1e-05,6e-06,1.4e-05,4.1e-05,0.001078,6e-06,0.001598,1e-06,1.1e-05,4e-05,0.000125,0,6e-06,0.00079,0.000353,1e-06,0.000216,0,1.7e-05,3.3e-05,2e-05,9e-06,1e-06,1e-06,4.3e-05,0,1e-06,1.5e-05,5e-06,0,0.000162,0,2e-06,0.000176,0.000479,4e-06,1e-06,0.00562,4.1e-05,1.9e-05,2.5e-05,0,2e-06,1.9e-05,0,0.004662,0,0,0,0,0.000214,0,1.3e-05,1e-06,0.000325,2e-06,0.00066,0.000165,0.000454,0.000515,4e-06,4e-05,4e-06,5e-06,1e-06,1e-05,1.6e-05,0,2.6e-05,2.3e-05,4e-06,2e-06,4.5e-05,0.000117,3e-06,1e-06,7e-06,0.000154,0,1e-06,0.000751,0.010501,0.000121,1.4e-05,0.000284,0.000203,0.002584,0.001346,1.1e-05,1.5e-05,6e-06,2e-06,4.7e-05,9.1e-05,2.8e-05,0.002936,5.3e-05,2.2e-05,0,4.6e-05,3e-06,0.000872,0,0,1.1e-05,0,0,9.2e-05,8e-06,5e-06,0.000117,0.000103,7e-06,0,0.000696,1.1e-05,0.000974,1.8e-05,2.9e-05,5.6e-05,1.5e-05,3.7e-05,0.000137,0,0,0,0,1e-06,0.000743,0.000107,0.000335,0,0.000129,5.6e-05,0,1e-06,1e-06,0.000273,3e-05,6e-06,1e-06,0.001212,0,1e-06,0,0.026183,1e-06,0,1.6e-05,3.5e-05,0.002237,0.000501,2e-05,0.000409,2.8e-05,1e-06,1e-06,0,0,0,0
"kilimanjaro/same/mpinji",0,0,0,0,0,0,0,0,0,0,0,0,0,0,0,0,0,0,0,0,0,0,0,0,0,0,0,0,0,0,0,0,0,0,0,0,0,0,0,0,0,0,0,0,0,0,0,0,0,0,0,0,0,0,0,0,0,0,0,0,0,0,0,0,0,0,0,0,0,0,0,0,0,0,0,0,0,0,0,0,0,0,0,0,0,0,0,0,0,0,0,0,0,0,0,0,0,0,0,0,0,0,0,0,0,0,0,0,0,0,0,0,0,0,0,0,0,0,0,0,0,0,0,0,0,0,0,0,0,0,0,0,0,0,0,0,0,0,0,0,0,0,0,0,0,0,0,0,0,0,0,0,0,0,0,0,0,0,0,0,0,0,0,0,0,0,0,0,0,0,0,0,0,0,0,0,0,0,0,0,0,0,0,0,0,0,0,0,0,0,0,0,0,0,0,0,0,0,0,0,0,0,0,0,0,0,0,0,0,0,0,0,0,0,0,0,0,0,0,0,0,0,0,0,0,0,0,0,0,0,0,0,0,0,0,0,0,0,0,0,0,0,0,0,0,0,0,0,0,0,0,0,0,0,0,0,0,0,0,0,0,0,0,0,0,0,0,0,0,0,0,0,0,0,0,0,0,0,0,0,0,0,0,0,0,0,0,0,0,0,0,0,0,0,0,0,0,0,0,0,0,0,0,0,0,0,0,0,0,0,0,0,0,0,0,0,0,0,0,0,0,0,0,0,0,0,0,0,0,0,0,0,0,0,0,0,0,0,0,0,0,0,0,0,0,0,0,0,0,0,0,0,0,0,0,0,0,0,0,0,0,0,0,0,0,0,0,0,0,0,0,0,0,0,0,0,0,0,0,0,0,0,0,0,0,0,0,0,0,0,0,0,0,0,0,0,0,0
"kilimanjaro/rombo/mraokeryo",0,0,0,0,0,0,0,0,0,0,0,0,0,0,0,0,0,0,0,0,0,0,0,0,0,0,0,0,0,0,0,0,0,0,0,0,0,0,0,0,0,0,0,0,0,0,0,0,0,0,0,0,0,0,0,0,0,0,0,0,0,0,0,0,0,0,0,0,0,0,0,0,0,0,0,0,0,0,0,0,0,0,0,0,0,0,0,0,0,0,0,0,0,0,0,0,0,0,0,0,0,0,0,0,0,0,0,0,0,0,0,0,0,0,0,0,0,0,0,0,0,0,0,0,0,0,0,0,0,0,0,0,0,0,0,0,0,0,0,0,0,0,0,0,0,0,0,0,0,0,0,0,0,0,0,0,0,0,0,0,0,0,0,0,0,0,0,0,0,0,0,0,0,0,0,0,0,0,0,0,0,0,0,0,0,0,0,0,0,0,0,0,0,0,0,0,0,0,0,0,0,0,0,0,0,0,0,0,0,0,0,0,0,0,0,0,0,0,0,0,0,0,0,0,0,0,0,0,0,0,0,0,0,0,0,0,0,0,0,0,0,0,0,0,0,0,0,0,0,0,0,0,0,0,0,0,0,0,0,0,0,0,0,0,0,0,0,0,0,0,0,0,0,0,0,0,0,0,0,0,0,0,0,0,0,0,0,0,0,0,0,0,0,0,0,0,0,0,0,0,0,0,0,0,0,0,0,0,0,0,0,0,0,0,0,0,0,0,0,0,0,0,0,0,0,0,0,0,0,0,0,0,0,0,0,0,0,0,0,0,0,0,0,0,0,0,0,0,0,0,0,0,0,0,0,0,0,0,0,0,0,0,0,0,0,0,0,0,0,0,0,0,0,0,0,0,0,0,0,0,0,0,0,0,0,0,0,0,0,0,0,0,0,0,0,0,0,0
"kilimanjaro/mwanga/msangeni",0,0,0,0,0,0,0,0,0,0,0,0,0,0,0,0,0,0,0,0,0,0,0,0,0,0,0,0,0,0,0,0,0,0,0,0,0,0,0,0,0,0,0,0,0,0,0,0,0,0,0,0,0,0,0,0,0,0,0,0,0,0,0,0,0,0,0,0,0,0,0,0,0,0,0,0,0,0,0,0,0,0,0,0,0,0,0,0,0,0,0,0,0,0,0,0,0,0,0,0,0,0,0,0,0,0,0,0,0,0,0,0,0,0,0,0,0,0,0,0,0,0,0,0,0,0,0,0,0,0,0,0,0,0,0,0,0,0,0,0,0,0,0,0,0,0,0,0,0,0,0,0,0,0,0,0,0,0,0,0,0,0,0,0,0,0,0,0,0,0,0,0,0,0,0,0,0,0,0,0,0,0,0,0,0,0,0,0,0,0,0,0,0,0,0,0,0,0,0,0,0,0,0,0,0,0,0,0,0,0,0,0,0,0,0,0,0,0,0,0,0,0,0,0,0,0,0,0,0,0,0,0,0,0,0,0,0,0,0,0,0,0,0,0,0,0,0,0,0,0,0,0,0,0,0,0,0,0,0,0,0,0,0,0,0,0,0,0,0,0,0,0,0,0,0,0,0,0,0,0,0,0,0,0,0,0,0,0,0,0,0,0,0,0,0,0,0,0,0,0,0,0,0,0,0,0,0,0,0,0,0,0,0,0,0,0,0,0,0,0,0,0,0,0,0,0,0,0,0,0,0,0,0,0,0,0,0,0,0,0,0,0,0,0,0,0,0,0,0,0,0,0,0,0,0,0,0,0,0,0,0,0,0,0,0,0,0,0,0,0,0,0,0,0,0,0,0,0,0,0,0,0,0,0,0,0,0,0,0,0,0,0,0,0,0,0,0,0
"kilimanjaro/moshimunicipal/msaranga",0,0,0,0,0,0,0,0,0,0,0,0,0,0,0,0,0,0,0,0,0,0,0,0,0,0,0,0,0,0,0,0,0,0,0,0,0,0,0,0,0,0,0,0,0,0,0,0,0,0,0,0,0,0,0,0,0,0,0,0,0,0,0,0,0,0,0,0,0,0,0,0,0,0,0,0,0,0,0,0,0,0,0,0,0,0,0,0,0,0,0,0,0,0,0,0,0,0,0,0,0,0,0,0,0,0,0,0,0,0,0,0,0,0,0,0,0,0,0,0,0,0,0,0,0,0,0,0,0,0,0,0,0,0,0,0,0,0,0,0,0,0,0,0,0,0,0,0,0,0,0,0,0,0,0,0,0,0,0,0,0,0,0,0,0,0,0,0,0,0,0,0,0,0,0,0,0,0,0,0,0,0,0,0,0,0,0,0,0,0,0,0,0,0,0,0,0,0,0,0,0,0,0,0,0,0,0,0,0,0,0,0,0,0,0,0,0,0,0,0,0,0,0,0,0,0,0,0,0,0,0,0,0,0,0,0,0,0,0,0,0,0,0,0,0,0,0,0,0,0,0,0,0,0,0,0,0,0,0,0,0,0,0,0,0,0,0,0,0,0,0,0,0,0,0,0,0,0,0,0,0,0,0,0,0,0,0,0,0,0,0,0,0,0,0,0,0,0,0,0,0,0,0,0,0,0,0,0,0,0,0,0,0,0,0,0,0,0,0,0,0,0,0,0,0,0,0,0,0,0,0,0,0,0,0,0,0,0,0,0,0,0,0,0,0,0,0,0,0,0,0,0,0,0,0,0,0,0,0,0,0,0,0,0,0,0,0,0,0,0,0,0,0,0,0,0,0,0,0,0,0,0,0,0,0,0,0,0,0,0,0,0,0,0,0,0,0,0
"kilimanjaro/same/mshewa",0,0,0,0,0,0,0,0,0,0,0,0,0,0,0,0,0,0,0,0,0,0,0,0,0,0,0,0,0,0,0,0,0,0,0,0,0,0,0,0,0,0,0,0,0,0,0,0,0,0,0,0,0,0,0,0,0,0,0,0,0,0,0,0,0,0,0,0,0,0,0,0,0,0,0,0,0,0,0,0,0,0,0,0,0,0,0,0,0,0,0,0,0,0,0,0,0,0,0,0,0,0,0,0,0,0,0,0,0,0,0,0,0,0,0,0,0,0,0,0,0,0,0,0,0,0,0,0,0,0,0,0,0,0,0,0,0,0,0,0,0,0,0,0,0,0,0,0,0,0,0,0,0,0,0,0,0,0,0,0,0,0,0,0,0,0,0,0,0,0,0,0,0,0,0,0,0,0,0,0,0,0,0,0,0,0,0,0,0,0,0,0,0,0,0,0,0,0,0,0,0,0,0,0,0,0,0,0,0,0,0,0,0,0,0,0,0,0,0,0,0,0,0,0,0,0,0,0,0,0,0,0,0,0,0,0,0,0,0,0,0,0,0,0,0,0,0,0,0,0,0,0,0,0,0,0,0,0,0,0,0,0,0,0,0,0,0,0,0,0,0,0,0,0,0,0,0,0,0,0,0,0,0,0,0,0,0,0,0,0,0,0,0,0,0,0,0,0,0,0,0,0,0,0,0,0,0,0,0,0,0,0,0,0,0,0,0,0,0,0,0,0,0,0,0,0,0,0,0,0,0,0,0,0,0,0,0,0,0,0,0,0,0,0,0,0,0,0,0,0,0,0,0,0,0,0,0,0,0,0,0,0,0,0,0,0,0,0,0,0,0,0,0,0,0,0,0,0,0,0,0,0,0,0,0,0,0,0,0,0,0,0,0,0,0,0,0,0
"kilimanjaro/same/msindo",0,0,0,0,0,0,0,0,0,0,0,0,0,0,0,0,0,0,0,0,0,0,0,0,0,0,0,0,0,0,0,0,0,0,0,0,0,0,0,0,0,0,0,0,0,0,0,0,0,0,0,0,0,0,0,0,0,0,0,0,0,0,0,0,0,0,0,0,0,0,0,0,0,0,0,0,0,0,0,0,0,0,0,0,0,0,0,0,0,0,0,0,0,0,0,0,0,0,0,0,0,0,0,0,0,0,0,0,0,0,0,0,0,0,0,0,0,0,0,0,0,0,0,0,0,0,0,0,0,0,0,0,0,0,0,0,0,0,0,0,0,0,0,0,0,0,0,0,0,0,0,0,0,0,0,0,0,0,0,0,0,0,0,0,0,0,0,0,0,0,0,0,0,0,0,0,0,0,0,0,0,0,0,0,0,0,0,0,0,0,0,0,0,0,0,0,0,0,0,0,0,0,0,0,0,0,0,0,0,0,0,0,0,0,0,0,0,0,0,0,0,0,0,0,0,0,0,0,0,0,0,0,0,0,0,0,0,0,0,0,0,0,0,0,0,0,0,0,0,0,0,0,0,0,0,0,0,0,0,0,0,0,0,0,0,0,0,0,0,0,0,0,0,0,0,0,0,0,0,0,0,0,0,0,0,0,0,0,0,0,0,0,0,0,0,0,0,0,0,0,0,0,0,0,0,0,0,0,0,0,0,0,0,0,0,0,0,0,0,0,0,0,0,0,0,0,0,0,0,0,0,0,0,0,0,0,0,0,0,0,0,0,0,0,0,0,0,0,0,0,0,0,0,0,0,0,0,0,0,0,0,0,0,0,0,0,0,0,0,0,0,0,0,0,0,0,0,0,0,0,0,0,0,0,0,0,0,0,0,0,0,0,0,0,0,0,0,0
"manyara/simanjiro/msituwatembo",0,0,0,0,0,0,0,0,0,0,0,0,0,0,0,0,0,0,0,0,0,0,0,0,0,0,0,0,0,0,0,0,0,0,0,0,0,0,0,0,0,0,0,0,0,0,0,0,0,0,0,0,0,0,0,0,0,0,0,0,0,0,0,0,0,0,0,0,0,0,0,0,0,0,0,0,0,0,0,0,0,0,0,0,0,0,0,0,0,0,0,0,0,0,0,0,0,0,0,0,0,0,0,0,0,0,0,0,0,0,0,0,0,0,0,0,0,0,0,0,0,0,0,0,0,0,0,0,0,0,0,0,0,0,0,0,0,0,0,0,0,0,0,0,0,0,0,0,0,0,0,0,0,0,0,0,0,0,0,0,0,0,0,0,0,0,0,0,0,0,0,0,0,0,0,0,0,0,0,0,0,0,0,0,0,0,0,0,0,0,0,0,0,0,0,0,0,0,0,0,0,0,0,0,0,0,0,0,0,0,0,0,0,0,0,0,0,0,0,0,0,0,0,0,0,0,0,0,0,0,0,0,0,0,0,0,0,0,0,0,0,0,0,0,0,0,0,0,0,0,0,0,0,0,0,0,0,0,0,0,0,0,0,0,0,0,0,0,0,0,0,0,0,0,0,0,0,0,0,0,0,0,0,0,0,0,0,0,0,0,0,0,0,0,0,0,0,0,0,0,0,0,0,0,0,0,0,0,0,0,0,0,0,0,0,0,0,0,0,0,0,0,0,0,0,0,0,0,0,0,0,0,0,0,0,0,0,0,0,0,0,0,0,0,0,0,0,0,0,0,0,0,0,0,0,0,0,0,0,0,0,0,0,0,0,0,0,0,0,0,0,0,0,0,0,0,0,0,0,0,0,0,0,0,0,0,0,0,0,0,0,0,0,0,0,0,0,0
"arusha/monduli/mswakini",0,0,0,0,0,0,0,0,0,0,0,0,0,0,0,0,0,0,0,0,0,0,0,0,0,0,0,0,0,0,0,0,0,0,0,0,0,0,0,0,0,0,0,0,0,0,0,0,0,0,0,0,0,0,0,0,0,0,0,0,0,0,0,0,0,0,0,0,0,0,0,0,0,0,0,0,0,0,0,0,0,0,0,0,0,0,0,0,0,0,0,0,0,0,0,0,0,0,0,0,0,0,0,0,0,0,0,0,0,0,0,0,0,0,0,0,0,0,0,0,0,0,0,0,0,0,0,0,0,0,0,0,0,0,0,0,0,0,0,0,0,0,0,0,0,0,0,0,0,0,0,0,0,0,0,0,0,0,0,0,0,0,0,0,0,0,0,0,0,0,0,0,0,0,0,0,0,0,0,0,0,0,0,0,0,0,0,0,0,0,0,0,0,0,0,0,0,0,0,0,0,0,0,0,0,0,0,0,0,0,0,0,0,0,0,0,0,0,0,0,0,0,0,0,0,0,0,0,0,0,0,0,0,0,0,0,0,0,0,0,0,0,0,0,0,0,0,0,0,0,0,0,0,0,0,0,0,0,0,0,0,0,0,0,0,0,0,0,0,0,0,0,0,0,0,0,0,0,0,0,0,0,0,0,0,0,0,0,0,0,0,0,0,0,0,0,0,0,0,0,0,0,0,0,0,0,0,0,0,0,0,0,0,0,0,0,0,0,0,0,0,0,0,0,0,0,0,0,0,0,0,0,0,0,0,0,0,0,0,0,0,0,0,0,0,0,0,0,0,0,0,0,0,0,0,0,0,0,0,0,0,0,0,0,0,0,0,0,0,0,0,0,0,0,0,0,0,0,0,0,0,0,0,0,0,0,0,0,0,0,0,0,0,0,0,0,0,0
"kilimanjaro/same/mtii",0,0,0,0,0,0,0,0,0,0,0,0,0,0,0,0,0,0,0,0,0,0,0,0,0,0,0,0,0,0,0,0,0,0,0,0,0,0,0,0,0,0,0,0,0,0,0,0,0,0,0,0,0,0,0,0,0,0,0,0,0,0,0,0,0,0,0,0,0,0,0,0,0,0,0,0,0,0,0,0,0,0,0,0,0,0,0,0,0,0,0,0,0,0,0,0,0,0,0,0,0,0,0,0,0,0,0,0,0,0,0,0,0,0,0,0,0,0,0,0,0,0,0,0,0,0,0,0,0,0,0,0,0,0,0,0,0,0,0,0,0,0,0,0,0,0,0,0,0,0,0,0,0,0,0,0,0,0,0,0,0,0,0,0,0,0,0,0,0,0,0,0,0,0,0,0,0,0,0,0,0,0,0,0,0,0,0,0,0,0,0,0,0,0,0,0,0,0,0,0,0,0,0,0,0,0,0,0,0,0,0,0,0,0,0,0,0,0,0,0,0,0,0,0,0,0,0,0,0,0,0,0,0,0,0,0,0,0,0,0,0,0,0,0,0,0,0,0,0,0,0,0,0,0,0,0,0,0,0,0,0,0,0,0,0,0,0,0,0,0,0,0,0,0,0,0,0,0,0,0,0,0,0,0,0,0,0,0,0,0,0,0,0,0,0,0,0,0,0,0,0,0,0,0,0,0,0,0,0,0,0,0,0,0,0,0,0,0,0,0,0,0,0,0,0,0,0,0,0,0,0,0,0,0,0,0,0,0,0,0,0,0,0,0,0,0,0,0,0,0,0,0,0,0,0,0,0,0,0,0,0,0,0,0,0,0,0,0,0,0,0,0,0,0,0,0,0,0,0,0,0,0,0,0,0,0,0,0,0,0,0,0,0,0,0,0,0,0
"arusha/monduli/mtowambu",0.00243,0.003118,0.000127,0.006959,0.000152,0.005574,0.000146,0.000225,8.7e-05,0.030207,0.000474,4.5e-05,0.002007,0.029614,0.007888,0.000753,0.000288,0.000728,0.000102,0.000327,7.4e-05,0.001405,7.6e-05,0.000118,6.4e-05,3.7e-05,0.000168,0.001406,1.4e-05,9.3e-05,0.007929,9e-05,3.7e-05,6.3e-05,0.008415,0.000241,0.003172,0.006651,0.002142,0.005418,0.000173,4.5e-05,0.003656,0.006277,0.000599,0.000106,0.003294,0.50535,0.063826,0.003161,0.000375,0.001173,0.007709,0.000172,0.003624,4.7e-05,0.000239,0.000273,0.002855,0.210344,0.007889,0.083082,0.016165,0.000268,4e-06,0.019822,0.019473,0.00011,0.144333,0.02117,0.003644,1.1e-05,0.00033,0.007984,0.000252,0.019233,0.003415,4.2e-05,4.7e-05,7.6e-05,2.9e-05,0.00038,0.000121,5.6e-05,0.000183,0.00031,0.050369,8.5e-05,0.003318,0.012036,3.3e-05,8.3e-05,0.033378,0.015856,0.001728,0.022866,0.003429,3.9e-05,0.01694,0.004085,0.000299,0.000323,0.002306,0.004976,0.000595,0.027324,0.001057,0.004079,0.002582,0.5652,0.002377,0.011278,0.001689,0.00012,0.000166,0.000117,0.018872,5.9e-05,0.021228,0.002161,0.001185,0.039336,9.8e-05,0.000368,4e-05,0.000923,0.002978,0.104462,0.00814,0.000135,0.000109,0.003926,0.007424,0.000914,2.7e-05,0.016885,0.00106,0.00249,0.080815,0.006806,0.004253,5.2e-05,0.006638,0.000627,0.000226,0.005211,0.000398,0.008697,0.007421,0.002376,0.000113,8.1e-05,0.000177,9.8e-05,0.004007,0.236135,0.000486,0.002999,0.000407,0.261463,0.001062,0.029861,5.6e-05,0.000247,5.7e-05,4.4e-05,0.001464,0.002466,0.033505,0.000574,0.001026,0.256478,0.38922,0.002127,0.000859,0.005648,0.140791,0.000257,0.006559,0.001691,3.1e-05,0.001113,0.006765,0.001023,0.045138,0.513175,9.5e-05,0.000176,0.022758,0.007233,0.00176,0.001583,0.017358,0.000189,0.032982,0.000145,0.000116,0.000207,0.007418,0.027189,0.039781,0.001293,0.003915,0.000147,0.009575,0.001235,0.055972,0.267008,0.023276,0.000151,0.000132,0.000585,0.018315,5.5e-05,0.000299,0.000977,0.000456,0.080126,0.000821,0.00498,0.000181,0.000175,8.3e-05,0.000191,0.029226,0.000704,0.04058,0.000317,0.001977,4.7e-05,4.5e-05,0.000343,0.060398,0.078578,0.000427,1e-05,0.000168,0.006564,0.209403,9.9e-05,0.00331,0.61548,6e-05,0.106166,4.7e-05,0.000116,0.000406,0.02102,8.2e-05,0.00355,0.157412,0.294647,0.000941,0.041221,0.00573,0.00191,0.000144,0.00053,9.3e-05,6.2e-05,4.7e-05,0.002472,0.001038,5.7e-05,0,0.001434,0.000303,0.08672,0.000106,0.010536,0.06805,0.014112,8.8e-05,6.2e-05,0.049744,0.000272,0.002175,0.007799,0.000476,0.022567,0.00112,0.000998,0.251969,0.000918,8.7e-05,0.000256,3.2e-05,0.000336,0.000237,0.000173,0.000446,0.002032,0.000169,0.093648,0.001603,0.004008,0.047467,0.00096,0.00287,0.042524,4.6e-05,2.9e-05,0.000111,0.001033,9.8e-05,0.279136,0.003532,0.000401,0.000275,0.000155,0.057336,0.015583,0.000269,8.9e-05,0.001042,0.001604,0.00053,0.108897,0.030696,0.060818,0.005933,0.072505,0.004414,0.019378,0.35702,0.010994,0.015052,0.001356,0.000956,0.013446,0.017723,0.009264,0.336188,0.030169,0.006292,0.00011,0.000561,0.002614,0.091791,0.000457,0.003111,9.6e-05,0.015978,0.000201,0.009518,0.001431,0.004258,0.020915,0.007393,0.004877,0.000198,0.011414,0.001296,0.186229,0.21539,0.051786,0.011546,0.000457,0.000208,0.001661,0.000174,5.4e-05,0.00014,3.2e-05,0.000714,0.122287,0.039342,0.088893,0.00013,0.011467,0.000629,2.1e-05,7.3e-05,0.000266,0.000272,0.008803,0.005431,0.000318,0.04877,0.000188,3.9e-05,0.00018,0.060887,0.001075,0.000207,0.003933,0.000139,0.01592,0.002826,9.5e-05,0.039554,0.000101,6.5e-05,0.000131,2.3e-05,2.7e-05,0.000218,0.00017
"arusha/longido/mundarara",6e-06,2e-06,0,1e-05,0,1.6e-05,0,0,0,9e-06,0,0,6e-06,7.2e-05,2e-06,0,0,0,0,0,0,5e-06,0,0,0,0,0,0,0,0,2.1e-05,0,0,0,1e-06,0,7e-06,2e-06,0,3.3e-05,0,0,3e-06,1e-06,1e-06,0,1.6e-05,0.001774,3.3e-05,0,0,0,0,0,1e-06,0,1e-06,0,4e-06,7.7e-05,0.000707,0.000101,0.000235,0,0,3.9e-05,2.9e-05,0,4e-06,6e-06,0,0,2e-06,1e-06,0,0.000448,2.4e-05,0,0,0,0,0,0,0,0,0,0.000184,0,1e-06,1.6e-05,0,0,0.000116,5.4e-05,1.3e-05,4e-06,1.8e-05,0,5e-05,1.3e-05,0,0,5e-06,1.1e-05,2e-06,0.000221,0,1.5e-05,1.4e-05,2.5e-05,1.2e-05,5.2e-05,1e-06,0,1e-06,0,5.9e-05,0,8e-05,1e-05,4e-06,0.000185,0,1e-06,0,2e-06,3e-06,0.000254,1.9e-05,1e-06,0,1e-05,2.2e-05,3e-06,0,4e-05,3e-06,9e-06,0.003872,2.7e-05,1.5e-05,0,1.5e-05,3e-06,1e-06,1.3e-05,0,3e-05,2.9e-05,8e-06,0,0,1e-06,0,9e-06,0.00041,2e-06,7.4e-05,1e-06,0.001176,3e-06,1.9e-05,0,1e-06,0,0,4e-06,1.1e-05,6.8e-05,1e-06,1e-06,7.3e-05,0.001222,4e-06,5e-06,3e-06,3.9e-05,1e-05,2.5e-05,2e-06,0,3e-06,1.2e-05,3e-06,0.000219,0.004757,1e-06,1e-06,9.7e-05,3.2e-05,6e-06,0,1e-06,0,5e-06,0,0,0,2.7e-05,0,0.000132,1e-06,5e-06,0,3.9e-05,6e-06,0.000193,3.4e-05,3.5e-05,1e-06,0,0,6.6e-05,0,0,2e-06,0,0.000362,3e-06,1.9e-05,0,0,0,1e-06,0.000118,3e-06,0.000205,1e-06,0,0,0,0,0.002564,0.000121,0,0,1e-06,9e-06,1.7e-05,0,7e-06,0.000951,0,0.000184,0,0,1e-06,4.5e-05,0,4e-06,0.000426,0.000817,1e-06,9.2e-05,3.6e-05,4e-06,1e-06,1e-06,0,0,0,4e-06,0,0,2.7e-05,0,0,0.000164,0,2e-06,0.000184,3.7e-05,0,0,0.000183,1e-06,4e-06,7e-06,0,5e-06,2e-06,1e-06,0.011567,0,0,0,0,2e-06,0,1e-06,1e-06,1.6e-05,0,0.000203,6e-06,2.7e-05,0.000178,2e-06,6e-06,9e-06,0,0,0,2e-06,0,2.8e-05,9e-06,1e-06,1e-06,1e-06,7.5e-05,6e-06,0,0,4e-06,0,3e-06,0.000496,0.000142,5.7e-05,6e-06,0.000254,1.7e-05,0.000207,0.000898,2.4e-05,4.1e-05,3e-06,3e-06,3.1e-05,4.7e-05,2.2e-05,0.011094,0.00015,6e-06,0,2e-06,2e-05,0.000277,0,0,0,0,0,1.8e-05,2e-06,1.9e-05,7.5e-05,1.5e-05,2.3e-05,0,5.8e-05,4e-06,0.000497,4.6e-05,3.6e-05,1.3e-05,1e-06,1e-06,6e-06,0,0,0,0,2e-06,0.000349,5.5e-05,0.00019,0,4.2e-05,2e-06,0,0,0,1e-06,1.4e-05,3e-06,1e-06,0.000525,0,0,0,0.000302,0,0,8e-06,1e-06,6.4e-05,1.2e-05,0,0.000111,0,0,0,0,0,0,0
"manyara/mbulu/murray",1.8e-05,1e-05,2e-06,3.9e-05,8.2e-05,7.1e-05,6.2e-05,5e-05,1.6e-05,0.006278,0.000121,5e-06,1.4e-05,0.000213,0.000482,9.6e-05,5.1e-05,0.000195,1.1e-05,3.3e-05,1e-06,9e-06,1.2e-05,1e-06,1e-06,0,3.1e-05,2.3e-05,0,2e-06,0.000112,3e-06,1e-06,1e-06,4.3e-05,4.8e-05,2.1e-05,0.002116,0.000118,4.4e-05,4.6e-05,4e-06,7.5e-05,0.002241,1.4e-05,2.6e-05,1e-05,0.005234,0.00119,2.2e-05,0.00011,1.3e-05,1.5e-05,2.7e-05,0.000539,1.1e-05,3e-06,1.5e-05,5.9e-05,0.002079,3.7e-05,0.000149,8.5e-05,9e-06,0,0.000145,8.4e-05,1.1e-05,0.000106,0.000869,7e-06,2e-06,3e-06,0.000824,2.2e-05,7e-05,1.3e-05,8e-06,5e-06,1e-05,5e-06,4.9e-05,4.4e-05,6e-06,4e-05,3.5e-05,0.000543,1.7e-05,0.000284,0.00017,6e-06,6e-06,0.000466,0.000104,6e-06,0.005732,3.3e-05,1e-06,0.000225,5.5e-05,0.000161,7e-06,4.4e-05,3.3e-05,7e-06,0.000292,2.6e-05,4.7e-05,2.1e-05,0.000899,2.3e-05,0.000139,0.000187,1e-06,2e-06,2e-06,0.000198,2e-06,0.000257,2.4e-05,9e-06,0.000455,1e-06,6e-06,1e-06,1.8e-05,5.8e-05,0.000705,7.2e-05,2e-06,1e-06,3.6e-05,0.000103,1.1e-05,0,0.000117,7e-06,3e-05,0.000613,7.6e-05,3.9e-05,1e-06,4.2e-05,7e-06,3e-06,8e-05,0.000246,0.000111,9.2e-05,3e-05,1e-06,1e-06,2e-06,2e-06,7.2e-05,0.00149,4e-06,9e-06,1e-05,0.003787,1.5e-05,0.000342,1e-06,4e-06,5e-06,4e-06,2.1e-05,2e-05,0.000239,9e-06,2e-05,0.000515,0.003587,3.9e-05,8e-06,0.000118,0.001237,2e-06,7.6e-05,4.4e-05,1e-06,9e-06,0.000137,1.3e-05,0.000489,0.014572,1e-06,2e-06,0.000248,7.5e-05,2e-05,0.001339,0.000343,2.3e-05,0.001725,5e-06,2e-06,5.9e-05,8.8e-05,4e-06,0.000339,4.4e-05,5.3e-05,1e-06,0.000122,1.1e-05,0.000783,0.000589,0.000137,2e-06,2e-06,2.2e-05,0.000251,1e-06,8e-06,1.8e-05,2.2e-05,0.00111,1e-05,6.4e-05,2.9e-05,2e-06,2.7e-05,2e-06,0.000304,7e-06,0.000422,4e-06,0.000138,9e-06,1.1e-05,6e-05,0.00041,0.000528,1.6e-05,0,2e-06,4.5e-05,0.000143,1e-06,3.5e-05,0.010887,1e-06,0.001313,1e-06,1e-06,5e-06,0.000166,1.3e-05,2.5e-05,0.001158,0.00102,4e-06,0.000308,6.3e-05,3.7e-05,2e-06,8e-06,1e-06,1e-06,1e-06,2.3e-05,6e-06,1e-06,0.000659,8e-06,0,0.000459,1.8e-05,0.000401,0.000361,0.000206,1e-06,1e-06,0.000682,4e-06,4.2e-05,0.000103,0.000131,4e-05,1.4e-05,3e-06,0.002363,0.001249,2e-06,3e-05,5e-06,4e-06,1e-04,2e-06,1.4e-05,1.8e-05,3e-06,0.000852,1.9e-05,3.6e-05,0.000246,6e-06,4.5e-05,0.000217,1e-06,0,1e-06,1.7e-05,3e-06,0.003505,2.5e-05,3e-06,2e-06,2e-06,0.000262,6.5e-05,1.1e-05,1e-06,1.3e-05,7e-06,3e-06,0.00052,0.000392,0.000363,6e-05,0.000419,4.3e-05,0.000179,0.002062,7.6e-05,9.5e-05,9e-06,1.1e-05,8.2e-05,0.000118,5.2e-05,0.001957,0.000286,9.5e-05,3e-06,7e-06,1.5e-05,0.00075,2.9e-05,8e-06,1e-06,7e-06,4.1e-05,0.000176,3.1e-05,3e-05,0.000129,0.000128,3.9e-05,5.6e-05,0.000103,1e-05,0.001438,0.000239,0.000207,0.000103,7e-06,3e-06,1.9e-05,6.7e-05,6e-06,2.8e-05,4e-06,8e-06,0.000912,0.000194,0.000616,4e-06,8.5e-05,7e-06,0,1e-06,5e-06,3e-06,6.6e-05,5.2e-05,2e-06,0.000272,0.000122,1e-06,0.000182,0.000791,0.000275,3.7e-05,2.6e-05,2e-06,0.000184,3.3e-05,1e-06,0.00033,1e-06,1e-06,2e-06,0,1e-06,0.000176,2.1e-05
"arusha/arusha/mussa",0,0,0,0,0,0,0,0,0,0,0,0,0,0,0,0,0,0,0,0,0,0,0,0,0,0,0,0,0,0,0,0,0,0,0,0,0,0,0,0,0,0,0,0,0,0,0,0,0,0,0,0,0,0,0,0,0,0,0,0,0,0,0,0,0,0,0,0,0,0,0,0,0,0,0,0,0,0,0,0,0,0,0,0,0,0,0,0,0,0,0,0,0,0,0,0,0,0,0,0,0,0,0,0,0,0,0,0,0,0,0,0,0,0,0,0,0,0,0,0,0,0,0,0,0,0,0,0,0,0,0,0,0,0,0,0,0,0,0,0,0,0,0,0,0,0,0,0,0,0,0,0,0,0,0,0,0,0,0,0,0,0,0,0,0,0,0,0,0,0,0,0,0,0,0,0,0,0,0,0,0,0,0,0,0,0,0,0,0,0,0,0,0,0,0,0,0,0,0,0,0,0,0,0,0,0,0,0,0,0,0,0,0,0,0,0,0,0,0,0,0,0,0,0,0,0,0,0,0,0,0,0,0,0,0,0,0,0,0,0,0,0,0,0,0,0,0,0,0,0,0,0,0,0,0,0,0,0,0,0,0,0,0,0,0,0,0,0,0,0,0,0,0,0,0,0,0,0,0,0,0,0,0,0,0,0,0,0,0,0,0,0,0,0,0,0,0,0,0,0,0,0,0,0,0,0,0,0,0,0,0,0,0,0,0,0,0,0,0,0,0,0,0,0,0,0,0,0,0,0,0,0,0,0,0,0,0,0,0,0,0,0,0,0,0,0,0,0,0,0,0,0,0,0,0,0,0,0,0,0,0,0,0,0,0,0,0,0,0,0,0,0,0,0,0,0,0,0,0,0,0,0,0,0,0,0,0,0,0,0,0,0,0,0,0,0,0,0
"manyara/babatiurban/mutuka",0,0,0,0,0,0,0,0,0,0,0,0,0,0,0,0,0,0,0,0,0,0,0,0,0,0,0,0,0,0,0,0,0,0,0,0,0,0,0,0,0,0,0,0,0,0,0,0,0,0,0,0,0,0,0,0,0,0,0,0,0,0,0,0,0,0,0,0,0,0,0,0,0,0,0,0,0,0,0,0,0,0,0,0,0,0,0,0,0,0,0,0,0,0,0,0,0,0,0,0,0,0,0,0,0,0,0,0,0,0,0,0,0,0,0,0,0,0,0,0,0,0,0,0,0,0,0,0,0,0,0,0,0,0,0,0,0,0,0,0,0,0,0,0,0,0,0,0,0,0,0,0,0,0,0,0,0,0,0,0,0,0,0,0,0,0,0,0,0,0,0,0,0,0,0,0,0,0,0,0,0,0,0,0,0,0,0,0,0,0,0,0,0,0,0,0,0,0,0,0,0,0,0,0,0,0,0,0,0,0,0,0,0,0,0,0,0,0,0,0,0,0,0,0,0,0,0,0,0,0,0,0,0,0,0,0,0,0,0,0,0,0,0,0,0,0,0,0,0,0,0,0,0,0,0,0,0,0,0,0,0,0,0,0,0,0,0,0,0,0,0,0,0,0,0,0,0,0,0,0,0,0,0,0,0,0,0,0,0,0,0,0,0,0,0,0,0,0,0,0,0,0,0,0,0,0,0,0,0,0,0,0,0,0,0,0,0,0,0,0,0,0,0,0,0,0,0,0,0,0,0,0,0,0,0,0,0,0,0,0,0,0,0,0,0,0,0,0,0,0,0,0,0,0,0,0,0,0,0,0,0,0,0,0,0,0,0,0,0,0,0,0,0,0,0,0,0,0,0,0,0,0,0,0,0,0,0,0,0,0,0,0,0,0,0,0,0,0
"manyara/babati/mwada",4.9e-05,1.5e-05,3e-06,4.6e-05,1.6e-05,0.000148,9e-06,1.2e-05,1.1e-05,0.005667,6.9e-05,3e-06,3.7e-05,0.000597,0.000182,3.1e-05,9e-06,3.7e-05,4e-06,1.1e-05,2e-06,2e-05,9e-06,3e-06,2e-06,1e-06,2.3e-05,2.7e-05,1e-06,3e-06,0.000331,4e-06,1e-06,2e-06,3.9e-05,1.3e-05,6.1e-05,0.000432,4.9e-05,5.9e-05,8e-06,2e-06,9.7e-05,0.000257,1.8e-05,1.2e-05,2.3e-05,0.015053,0.005747,2e-05,1.4e-05,1e-05,2.4e-05,7e-06,0.000225,4e-06,7e-06,6.6e-05,0.000115,0.001713,6.3e-05,0.000289,0.000188,1.1e-05,0,0.000427,0.000249,4e-06,0.000327,0.002777,1e-05,1e-06,6e-06,0.000439,1e-05,0.000117,2.2e-05,3e-06,2e-06,3e-06,3e-06,2.8e-05,7e-06,4e-06,1.3e-05,8e-06,0.001205,4e-06,9.2e-05,0.000274,3e-06,2e-06,0.000841,0.000272,1.1e-05,0.001082,6.9e-05,1e-06,0.000448,0.000105,2.2e-05,5e-06,6.9e-05,9.3e-05,1.4e-05,0.000525,1.7e-05,9.6e-05,4.7e-05,0.00135,4.8e-05,0.000253,8.1e-05,2e-06,4e-06,3e-06,0.000458,3e-06,0.00051,4.7e-05,1.8e-05,0.000886,3e-06,1e-05,1e-06,2.8e-05,8.3e-05,0.001739,0.000194,3e-06,3e-06,6.8e-05,0.000195,2.1e-05,1e-06,0.000331,1.8e-05,5.9e-05,0.001107,0.000156,9.2e-05,2e-06,0.000121,1.4e-05,5e-06,0.000146,3.6e-05,0.000215,0.000175,5.7e-05,3e-06,2e-06,4e-06,3e-06,0.000116,0.004639,8e-06,1.8e-05,1.7e-05,0.007656,2.8e-05,0.001136,1e-06,7e-06,2e-06,2e-06,4.1e-05,4.7e-05,0.000701,1.7e-05,2.8e-05,0.001679,0.010257,7.7e-05,1.7e-05,0.000322,0.00757,3e-06,0.000153,6.6e-05,1e-06,1.1e-05,0.000223,2.6e-05,0.000994,0.030319,2e-06,4e-06,0.000513,0.000157,4.3e-05,0.000131,0.000546,6e-06,0.017463,6e-06,3e-06,4e-05,0.000177,9e-06,0.000853,8.5e-05,9e-05,4e-06,0.000222,2.5e-05,0.001452,0.002434,0.000172,4e-06,3e-06,0.000134,0.000448,1e-06,4e-06,2.9e-05,1.2e-05,0.001932,1.9e-05,0.000118,6e-06,4e-06,8e-06,4e-06,0.000661,1.5e-05,0.00087,8e-06,4.8e-05,4e-06,4e-06,1e-05,0.000652,0.001672,2e-05,0,4e-06,0.000124,0.00028,2e-06,9.1e-05,0.044723,1e-06,0.002392,1e-06,3e-06,1e-05,0.000472,5e-06,8.9e-05,0.003265,0.002625,1.2e-05,0.000883,0.000116,5.9e-05,3e-06,1.4e-05,2e-06,2e-06,1e-06,5e-05,4e-05,2e-06,0.00149,1.4e-05,2.6e-05,0.001361,2.4e-05,0,0.001002,0.000394,2e-06,2e-06,0.001249,6e-06,6.7e-05,0.000253,4.4e-05,6.4e-05,3.2e-05,5e-06,0.004158,6.8e-05,3e-06,3.2e-05,2e-06,7e-06,1.6e-05,3e-06,2.3e-05,3.7e-05,5e-06,0.002416,3.8e-05,7.4e-05,0.000586,1.8e-05,9.3e-05,0.000229,1e-06,1e-06,3e-06,3.2e-05,5e-06,0.037172,6.9e-05,8e-06,5e-06,3e-06,0.000792,7.2e-05,1.4e-05,2e-06,2.4e-05,7e-06,4e-06,0.001245,7e-04,0.001193,0.000209,0.001116,9.6e-05,0.000336,0.005725,9.3e-05,0.00012,2.7e-05,1.3e-05,0.000235,0.000327,0.000149,0.003861,0.000369,0.00019,4e-06,1.4e-05,2.2e-05,0.001994,6.8e-05,1e-05,2e-06,1.2e-05,1.7e-05,0.000321,4.9e-05,4e-05,0.00034,0.00023,5.2e-05,1.2e-05,0.000225,2.6e-05,0.004081,0.000608,0.000707,0.000282,1.3e-05,5e-06,4e-05,2.4e-05,3e-06,2.2e-05,3e-06,9e-06,0.002516,0.000575,0.001809,5e-06,0.000215,1.5e-05,1e-06,2e-06,7e-06,6e-06,0.000203,0.000199,6e-06,0.000536,1e-05,1e-06,1.2e-05,0.001399,6.5e-05,1e-05,7.5e-05,3e-06,0.000369,6.5e-05,2e-06,0.000872,2e-06,2e-06,4e-06,1e-06,1e-06,1.3e-05,5e-06
"arusha/arusha/mwandeti",0,0,0,0,0,0,0,0,0,0,0,0,0,0,0,0,0,0,0,0,0,0,0,0,0,0,0,0,0,0,0,0,0,0,0,0,0,0,0,0,0,0,0,0,0,0,0,0,0,0,0,0,0,0,0,0,0,0,0,0,0,0,0,0,0,0,0,0,0,0,0,0,0,0,0,0,0,0,0,0,0,0,0,0,0,0,0,0,0,0,0,0,0,0,0,0,0,0,0,0,0,0,0,0,0,0,0,0,0,0,0,0,0,0,0,0,0,0,0,0,0,0,0,0,0,0,0,0,0,0,0,0,0,0,0,0,0,0,0,0,0,0,0,0,0,0,0,0,0,0,0,0,0,0,0,0,0,0,0,0,0,0,0,0,0,0,0,0,0,0,0,0,0,0,0,0,0,0,0,0,0,0,0,0,0,0,0,0,0,0,0,0,0,0,0,0,0,0,0,0,0,0,0,0,0,0,0,0,0,0,0,0,0,0,0,0,0,0,0,0,0,0,0,0,0,0,0,0,0,0,0,0,0,0,0,0,0,0,0,0,0,0,0,0,0,0,0,0,0,0,0,0,0,0,0,0,0,0,0,0,0,0,0,0,0,0,0,0,0,0,0,0,0,0,0,0,0,0,0,0,0,0,0,0,0,0,0,0,0,0,0,0,0,0,0,0,0,0,0,0,0,0,0,0,0,0,0,0,0,0,0,0,0,0,0,0,0,0,0,0,0,0,0,0,0,0,0,0,0,0,0,0,0,0,0,0,0,0,0,0,0,0,0,0,0,0,0,0,0,0,0,0,0,0,0,0,0,0,0,0,0,0,0,0,0,0,0,0,0,0,0,0,0,0,0,0,0,0,0,0,0,0,0,0,0,0,0,0,0,0,0,0,0,0,0,0,0,0
"kilimanjaro/mwanga/mwanga",4e-06,0,5e-06,1e-06,0,0.000482,0,0,0,5e-06,0,0,3e-06,3.8e-05,1e-06,0,0,0,0,0,1e-06,5e-06,0,5e-06,1e-06,1e-06,0,0,0,1e-06,2.6e-05,0,1e-06,2.1e-05,0,0,3e-06,1e-06,0,2e-06,0,0,4e-06,1e-06,1e-06,0,0,0.000682,2.7e-05,0,0,0,0,0,1e-06,0,2e-06,0,2.2e-05,1.3e-05,3e-06,3e-06,9e-06,0,0,2.3e-05,5e-06,0,1e-06,4e-06,0,0,2e-06,0,0,3e-06,0,0,0,0,0,0,0,0,0,0,0.000678,0,0,9.4e-05,0,0,0.002649,1.8e-05,0,1e-06,2.4e-05,9e-06,0.002889,0.000767,0,0,2.6e-05,5e-06,2.5e-05,0.000151,0,0.000115,8e-06,4e-06,1.8e-05,0.000246,0,0,5e-06,5e-06,0.000217,0,0.000837,3.4e-05,1.3e-05,0.000725,4e-05,0.000169,8e-06,1e-05,4e-06,0.000345,2.4e-05,5e-06,5e-06,0.000225,0.002532,2.8e-05,7e-06,1.9e-05,1e-06,0.000109,7.7e-05,0.000145,2.3e-05,1e-06,6e-06,1.4e-05,5e-06,0.001648,0,0.000641,0.000306,0.000148,3e-06,1.3e-05,5e-06,4e-06,8.9e-05,0.000106,7e-06,0,1e-06,0.010963,0.000391,3.3e-05,2e-06,4.1e-05,0,0,0.000901,8e-06,3.6e-05,0.000252,1e-06,1e-05,0.000506,3.6e-05,5e-06,4e-06,2e-05,0,0.000183,4e-06,0,0,6.7e-05,7e-05,0.000575,0.029403,1e-06,2e-06,0.000365,8.8e-05,5.6e-05,0,0,0,2e-06,0,7e-06,0,0.000268,0,0.000127,2e-06,4.1e-05,1e-06,0.000307,6e-06,0.006232,7e-06,2e-06,6e-06,7e-06,0,0.001015,2e-06,0,1.4e-05,0,0.00199,3.1e-05,0.000241,0,1e-06,0,2e-06,0.000346,6e-06,0.000411,8e-06,0,0,0,0,2.3e-05,5e-05,0,0,5e-06,1.8e-05,1e-06,4e-06,2.4e-05,0.00034,2e-06,0.010016,1e-06,4e-06,1.6e-05,3.5e-05,0,2e-06,0.000171,5.9e-05,0,5.5e-05,5.1e-05,2.7e-05,4e-06,0.000398,4e-06,2e-06,1e-06,0.000128,0,1e-06,4e-06,1e-06,0,3.4e-05,0,1e-06,3.2e-05,0,3.1e-05,1e-06,0.003335,1.2e-05,2.7e-05,2.9e-05,0,0,2.3e-05,0,0.000311,0,0,0,0,5e-06,0,1e-06,1e-06,8e-06,2e-06,0.000218,6.8e-05,1.8e-05,6.1e-05,1e-06,0.000157,1e-06,2e-06,1.2e-05,4e-06,6.8e-05,0,9e-06,5e-06,1e-06,0,2e-06,2.8e-05,1e-06,0,5e-06,3.7e-05,0,0,8.9e-05,0.000667,4.3e-05,6e-06,4.7e-05,3.5e-05,6.2e-05,0.000263,2e-06,3e-06,2e-06,0,1e-05,1.9e-05,6e-06,0.000237,1.1e-05,2.7e-05,0,2.2e-05,1e-06,0.000193,0,0,3e-06,0,0,0.000214,9e-06,1e-06,1.9e-05,0.000345,1e-06,0,5.9e-05,2e-06,0.00022,4e-06,7e-06,4.8e-05,0.000375,7e-06,5.4e-05,0,0,0,0,0,0.000158,2.7e-05,8e-05,0,2.2e-05,2e-05,1e-06,1e-06,0,4e-06,9e-06,3e-06,0,6.1e-05,0,3e-06,0,0.001133,0,0,4e-06,3e-06,0.000409,8e-05,2e-06,1e-04,3e-06,1e-06,2e-06,1e-06,0,0,0
"kilimanjaro/mwanga/mwaniko",0,0,0,0,0,0,0,0,0,0,0,0,0,0,0,0,0,0,0,0,0,0,0,0,0,0,0,0,0,0,0,0,0,0,0,0,0,0,0,0,0,0,0,0,0,0,0,0,0,0,0,0,0,0,0,0,0,0,0,0,0,0,0,0,0,0,0,0,0,0,0,0,0,0,0,0,0,0,0,0,0,0,0,0,0,0,0,0,0,0,0,0,0,0,0,0,0,0,0,0,0,0,0,0,0,0,0,0,0,0,0,0,0,0,0,0,0,0,0,0,0,0,0,0,0,0,0,0,0,0,0,0,0,0,0,0,0,0,0,0,0,0,0,0,0,0,0,0,0,0,0,0,0,0,0,0,0,0,0,0,0,0,0,0,0,0,0,0,0,0,0,0,0,0,0,0,0,0,0,0,0,0,0,0,0,0,0,0,0,0,0,0,0,0,0,0,0,0,0,0,0,0,0,0,0,0,0,0,0,0,0,0,0,0,0,0,0,0,0,0,0,0,0,0,0,0,0,0,0,0,0,0,0,0,0,0,0,0,0,0,0,0,0,0,0,0,0,0,0,0,0,0,0,0,0,0,0,0,0,0,0,0,0,0,0,0,0,0,0,0,0,0,0,0,0,0,0,0,0,0,0,0,0,0,0,0,0,0,0,0,0,0,0,0,0,0,0,0,0,0,0,0,0,0,0,0,0,0,0,0,0,0,0,0,0,0,0,0,0,0,0,0,0,0,0,0,0,0,0,0,0,0,0,0,0,0,0,0,0,0,0,0,0,0,0,0,0,0,0,0,0,0,0,0,0,0,0,0,0,0,0,0,0,0,0,0,0,0,0,0,0,0,0,0,0,0,0,0,0,0,0,0,0,0,0,0,0,0,0,0,0,0,0,0,0,0,0,0
"kilimanjaro/same/mwembe",0,0,0,0,0,0,0,0,0,0,0,0,0,0,0,0,0,0,0,0,0,0,0,0,0,0,0,0,0,0,0,0,0,0,0,0,0,0,0,0,0,0,0,0,0,0,0,0,0,0,0,0,0,0,0,0,0,0,0,0,0,0,0,0,0,0,0,0,0,0,0,0,0,0,0,0,0,0,0,0,0,0,0,0,0,0,0,0,0,0,0,0,0,0,0,0,0,0,0,0,0,0,0,0,0,0,0,0,0,0,0,0,0,0,0,0,0,0,0,0,0,0,0,0,0,0,0,0,0,0,0,0,0,0,0,0,0,0,0,0,0,0,0,0,0,0,0,0,0,0,0,0,0,0,0,0,0,0,0,0,0,0,0,0,0,0,0,0,0,0,0,0,0,0,0,0,0,0,0,0,0,0,0,0,0,0,0,0,0,0,0,0,0,0,0,0,0,0,0,0,0,0,0,0,0,0,0,0,0,0,0,0,0,0,0,0,0,0,0,0,0,0,0,0,0,0,0,0,0,0,0,0,0,0,0,0,0,0,0,0,0,0,0,0,0,0,0,0,0,0,0,0,0,0,0,0,0,0,0,0,0,0,0,0,0,0,0,0,0,0,0,0,0,0,0,0,0,0,0,0,0,0,0,0,0,0,0,0,0,0,0,0,0,0,0,0,0,0,0,0,0,0,0,0,0,0,0,0,0,0,0,0,0,0,0,0,0,0,0,0,0,0,0,0,0,0,0,0,0,0,0,0,0,0,0,0,0,0,0,0,0,0,0,0,0,0,0,0,0,0,0,0,0,0,0,0,0,0,0,0,0,0,0,0,0,0,0,0,0,0,0,0,0,0,0,0,0,0,0,0,0,0,0,0,0,0,0,0,0,0,0,0,0,0,0,0,0,0
"kilimanjaro/moshi/mwikakusini",0,0,0,0,0,0,0,0,0,0,0,0,0,0,0,0,0,0,0,0,0,0,0,0,0,0,0,0,0,0,0,0,0,0,0,0,0,0,0,0,0,0,0,0,0,0,0,0,0,0,0,0,0,0,0,0,0,0,0,0,0,0,0,0,0,0,0,0,0,0,0,0,0,0,0,0,0,0,0,0,0,0,0,0,0,0,0,0,0,0,0,0,0,0,0,0,0,0,0,0,0,0,0,0,0,0,0,0,0,0,0,0,0,0,0,0,0,0,0,0,0,0,0,0,0,0,0,0,0,0,0,0,0,0,0,0,0,0,0,0,0,0,0,0,0,0,0,0,0,0,0,0,0,0,0,0,0,0,0,0,0,0,0,0,0,0,0,0,0,0,0,0,0,0,0,0,0,0,0,0,0,0,0,0,0,0,0,0,0,0,0,0,0,0,0,0,0,0,0,0,0,0,0,0,0,0,0,0,0,0,0,0,0,0,0,0,0,0,0,0,0,0,0,0,0,0,0,0,0,0,0,0,0,0,0,0,0,0,0,0,0,0,0,0,0,0,0,0,0,0,0,0,0,0,0,0,0,0,0,0,0,0,0,0,0,0,0,0,0,0,0,0,0,0,0,0,0,0,0,0,0,0,0,0,0,0,0,0,0,0,0,0,0,0,0,0,0,0,0,0,0,0,0,0,0,0,0,0,0,0,0,0,0,0,0,0,0,0,0,0,0,0,0,0,0,0,0,0,0,0,0,0,0,0,0,0,0,0,0,0,0,0,0,0,0,0,0,0,0,0,0,0,0,0,0,0,0,0,0,0,0,0,0,0,0,0,0,0,0,0,0,0,0,0,0,0,0,0,0,0,0,0,0,0,0,0,0,0,0,0,0,0,0,0,0,0,0,0
"kilimanjaro/moshi/mwikakaskazini",0,0,0,0,0,0,0,0,0,0,0,0,0,0,0,0,0,0,0,0,0,0,0,0,0,0,0,0,0,0,0,0,0,0,0,0,0,0,0,0,0,0,0,0,0,0,0,0,0,0,0,0,0,0,0,0,0,0,0,0,0,0,0,0,0,0,0,0,0,0,0,0,0,0,0,0,0,0,0,0,0,0,0,0,0,0,0,0,0,0,0,0,0,0,0,0,0,0,0,0,0,0,0,0,0,0,0,0,0,0,0,0,0,0,0,0,0,0,0,0,0,0,0,0,0,0,0,0,0,0,0,0,0,0,0,0,0,0,0,0,0,0,0,0,0,0,0,0,0,0,0,0,0,0,0,0,0,0,0,0,0,0,0,0,0,0,0,0,0,0,0,0,0,0,0,0,0,0,0,0,0,0,0,0,0,0,0,0,0,0,0,0,0,0,0,0,0,0,0,0,0,0,0,0,0,0,0,0,0,0,0,0,0,0,0,0,0,0,0,0,0,0,0,0,0,0,0,0,0,0,0,0,0,0,0,0,0,0,0,0,0,0,0,0,0,0,0,0,0,0,0,0,0,0,0,0,0,0,0,0,0,0,0,0,0,0,0,0,0,0,0,0,0,0,0,0,0,0,0,0,0,0,0,0,0,0,0,0,0,0,0,0,0,0,0,0,0,0,0,0,0,0,0,0,0,0,0,0,0,0,0,0,0,0,0,0,0,0,0,0,0,0,0,0,0,0,0,0,0,0,0,0,0,0,0,0,0,0,0,0,0,0,0,0,0,0,0,0,0,0,0,0,0,0,0,0,0,0,0,0,0,0,0,0,0,0,0,0,0,0,0,0,0,0,0,0,0,0,0,0,0,0,0,0,0,0,0,0,0,0,0,0,0,0,0,0,0,0
"kilimanjaro/same/myamba",0,0,0,0,0,0,0,0,0,0,0,0,0,0,0,0,0,0,0,0,0,0,0,0,0,0,0,0,0,0,0,0,0,0,0,0,0,0,0,0,0,0,0,0,0,0,0,0,0,0,0,0,0,0,0,0,0,0,0,0,0,0,0,0,0,0,0,0,0,0,0,0,0,0,0,0,0,0,0,0,0,0,0,0,0,0,0,0,0,0,0,0,0,0,0,0,0,0,0,0,0,0,0,0,0,0,0,0,0,0,0,0,0,0,0,0,0,0,0,0,0,0,0,0,0,0,0,0,0,0,0,0,0,0,0,0,0,0,0,0,0,0,0,0,0,0,0,0,0,0,0,0,0,0,0,0,0,0,0,0,0,0,0,0,0,0,0,0,0,0,0,0,0,0,0,0,0,0,0,0,0,0,0,0,0,0,0,0,0,0,0,0,0,0,0,0,0,0,0,0,0,0,0,0,0,0,0,0,0,0,0,0,0,0,0,0,0,0,0,0,0,0,0,0,0,0,0,0,0,0,0,0,0,0,0,0,0,0,0,0,0,0,0,0,0,0,0,0,0,0,0,0,0,0,0,0,0,0,0,0,0,0,0,0,0,0,0,0,0,0,0,0,0,0,0,0,0,0,0,0,0,0,0,0,0,0,0,0,0,0,0,0,0,0,0,0,0,0,0,0,0,0,0,0,0,0,0,0,0,0,0,0,0,0,0,0,0,0,0,0,0,0,0,0,0,0,0,0,0,0,0,0,0,0,0,0,0,0,0,0,0,0,0,0,0,0,0,0,0,0,0,0,0,0,0,0,0,0,0,0,0,0,0,0,0,0,0,0,0,0,0,0,0,0,0,0,0,0,0,0,0,0,0,0,0,0,0,0,0,0,0,0,0,0,0,0,0,0
"manyara/simanjiro/naberera",0.001077,5e-05,0.000126,0.000371,1.4e-05,0.011191,5e-06,6e-06,1.4e-05,0.003705,5.8e-05,9e-06,0.000676,0.011206,0.00032,1.8e-05,1.5e-05,6.9e-05,1.1e-05,4e-05,0.000147,0.000822,1.5e-05,0.000151,0.000155,4.5e-05,2.7e-05,1.5e-05,1.6e-05,0.000243,0.006961,7.8e-05,0.000101,0.000161,7.5e-05,2.7e-05,0.001006,0.000655,4.4e-05,0.000448,1.1e-05,9e-06,0.003086,4e-04,0.000482,1.5e-05,0.000128,0.191699,0.037776,2.7e-05,1.2e-05,1.7e-05,2.2e-05,1.2e-05,0.000546,6e-06,0.000403,6.3e-05,0.034715,0.007088,0.000906,0.001622,0.001958,0.000242,0,0.008022,0.00177,7e-06,0.000322,0.006792,1.4e-05,2e-06,0.000163,0.000185,4.1e-05,0.001176,0.000119,5e-06,6e-06,7e-06,5e-06,6.5e-05,9e-06,1.4e-05,2.4e-05,9e-06,0.052414,8e-06,0.000305,0.033323,6e-06,1e-05,0.042038,0.004409,6.1e-05,0.000683,0.002114,7.4e-05,0.031796,0.006861,1.1e-05,1.2e-05,0.004228,0.001481,0.000771,0.012296,1.4e-05,0.0047,0.001096,0.0024,0.0015,0.009321,0.000277,3.7e-05,0.000155,0.00012,0.022002,6.8e-05,0.025095,0.001734,0.000979,0.033225,0.000209,0.000878,8.7e-05,0.001931,0.004317,0.077237,0.00636,0.000141,0.000122,0.00523,0.013434,0.00106,7.5e-05,0.005855,0.000267,0.002935,0.013452,0.006918,0.003111,0.000128,0.001795,0.000622,0.000181,0.012371,2.8e-05,0.011895,0.008215,0.002973,9.8e-05,0.000345,0.000153,0.000352,0.007445,0.041089,0.000375,0.000179,0.001755,0.302702,0.001965,0.109147,6.9e-05,0.00065,8e-06,9e-06,0.004248,0.001211,0.012192,0.001764,0.001236,0.006907,0.144475,0.0229,0.000484,0.014527,0.025864,3.9e-05,0.007232,0.003137,7.2e-05,7.5e-05,0.021198,0.00162,0.035162,0.554626,5.9e-05,0.000125,0.02065,0.005846,0.002419,0.00012,0.000267,1.5e-05,0.002896,0.000122,0.000136,1.9e-05,0.00884,1.2e-05,0.023651,0.003169,0.014193,0.000174,0.009127,0.000741,0.077434,0.005508,0.000788,0.00016,0.000151,0.000103,0.020745,5.6e-05,6e-06,0.001796,8e-06,0.067437,0.000853,0.005581,1.4e-05,0.000147,1e-05,0.000138,0.026149,0.000494,0.028964,0.000445,4.7e-05,7e-06,6e-06,1.3e-05,0.005561,0.020682,0.000351,1.2e-05,0.000177,0.00789,0.00084,0.000104,0.005672,0.125542,7e-05,0.29335,0.000137,0.000143,0.000496,0.010939,1.3e-05,0.001076,0.050029,0.025593,8.1e-05,0.017247,0.003269,0.004789,0.000128,0.001139,0.000116,0.00017,0.000118,0.007447,2.5e-05,0.000134,0.002592,0.000122,1.6e-05,0.012264,1.2e-05,0.000596,0.010041,0.034543,0.000171,0.000232,0.059792,0.00029,0.004983,0,1.6e-05,0.000158,0.003191,1.7e-05,0.051191,3.7e-05,9.7e-05,3.7e-05,5e-06,0.000246,2e-05,0.000103,0.001029,0.000842,0.000361,0.067442,0.001971,0.001858,0.015638,0.000273,0.01931,0.000459,5e-05,7.8e-05,0.000137,0.004024,0.000126,0.008495,0.001355,0.000191,0.000106,0.000122,0.014643,0.000328,0.000259,0.000122,0.001138,1.1e-05,4.4e-05,0.025672,0.024965,0.031624,0.005257,0.013111,0.003508,0.00672,0.102608,0.000947,0.001214,0.000482,0.000106,0.003174,0.005388,0.001775,0.061238,0.002883,0.088311,0.000137,0.000726,0.000141,0.045085,0.000177,1.3e-05,0.000108,1.6e-05,2.5e-05,0.055431,0.004025,0.000267,0.004916,0.028417,0.000368,6e-06,0.006403,0.000566,0.064674,0.002318,0.003356,0.048145,0.001093,0.000201,0.002052,1.7e-05,1.1e-05,1.9e-05,7e-06,7.1e-05,0.043097,0.013235,0.026679,0.000107,0.004539,0.00076,9.1e-05,0.000207,0.000265,0.000185,0.003695,0.00662,0.000109,0.012235,8e-06,8.7e-05,1.1e-05,0.046308,0.000106,5e-06,0.001177,0.000124,0.016359,0.002852,9e-05,0.023153,9e-05,0.000191,0.000311,6.6e-05,6.1e-05,1.1e-05,8e-06
"manyara/mbulu/nahasey",0,0,0,0,0,0,0,0,0,0,0,0,0,0,0,0,0,0,0,0,0,0,0,0,0,0,0,0,0,0,0,0,0,0,0,0,0,0,0,0,0,0,0,0,0,0,0,0,0,0,0,0,0,0,0,0,0,0,0,0,0,0,0,0,0,0,0,0,0,0,0,0,0,0,0,0,0,0,0,0,0,0,0,0,0,0,0,0,0,0,0,0,0,0,0,0,0,0,0,0,0,0,0,0,0,0,0,0,0,0,0,0,0,0,0,0,0,0,0,0,0,0,0,0,0,0,0,0,0,0,0,0,0,0,0,0,0,0,0,0,0,0,0,0,0,0,0,0,0,0,0,0,0,0,0,0,0,0,0,0,0,0,0,0,0,0,0,0,0,0,0,0,0,0,0,0,0,0,0,0,0,0,0,0,0,0,0,0,0,0,0,0,0,0,0,0,0,0,0,0,0,0,0,0,0,0,0,0,0,0,0,0,0,0,0,0,0,0,0,0,0,0,0,0,0,0,0,0,0,0,0,0,0,0,0,0,0,0,0,0,0,0,0,0,0,0,0,0,0,0,0,0,0,0,0,0,0,0,0,0,0,0,0,0,0,0,0,0,0,0,0,0,0,0,0,0,0,0,0,0,0,0,0,0,0,0,0,0,0,0,0,0,0,0,0,0,0,0,0,0,0,0,0,0,0,0,0,0,0,0,0,0,0,0,0,0,0,0,0,0,0,0,0,0,0,0,0,0,0,0,0,0,0,0,0,0,0,0,0,0,0,0,0,0,0,0,0,0,0,0,0,0,0,0,0,0,0,0,0,0,0,0,0,0,0,0,0,0,0,0,0,0,0,0,0,0,0,0,0,0,0,0,0,0,0,0,0,0,0,0,0,0,0,0,0,0,0,0
"arusha/ngorongoro/nainokanoka",1.5e-05,0.000173,1e-06,9.8e-05,1e-06,3.8e-05,1e-06,1e-06,0,0.000117,2e-06,0,1.2e-05,0.000179,5e-05,3e-06,1e-06,2e-06,0,1e-06,1e-06,7e-06,0,1e-06,0,0,1e-06,3e-06,0,1e-06,6.7e-05,1e-06,0,0,3.8e-05,1e-06,1.8e-05,2e-05,5e-06,9.3e-05,1e-06,0,1.8e-05,2e-05,3e-06,0,3.7e-05,0.004773,0.000253,8e-06,1e-06,1e-05,1.3e-05,1e-06,1.2e-05,0,1e-06,1e-06,1.8e-05,0.002344,6.9e-05,0.001374,0.000147,2e-06,0,0.000112,0.00011,1e-06,0.000112,5.8e-05,2.4e-05,0,2e-06,2.5e-05,1e-06,0.000232,7.6e-05,0,0,0,0,1e-06,1e-06,0,1e-06,1e-06,0.000354,0,1.4e-05,6e-05,0,0,0.000253,0.000104,2.7e-05,8.7e-05,2.5e-05,0,0.000119,2.9e-05,1e-06,3e-06,1.7e-05,2.9e-05,4e-06,0.000232,4e-06,2.9e-05,1.9e-05,0.002044,1.7e-05,8.7e-05,6e-06,1e-06,1e-06,1e-06,0.000125,0,0.000154,1.6e-05,6e-06,0.000301,1e-06,3e-06,0,7e-06,1.4e-05,0.000513,4.8e-05,1e-06,1e-06,2e-05,5.3e-05,6e-06,0,0.000101,6e-06,1.8e-05,0.000907,4.9e-05,2.8e-05,0,3.9e-05,5e-06,2e-06,3.7e-05,1e-06,6.3e-05,5.5e-05,1.7e-05,1e-06,1e-06,1e-06,1e-06,2.9e-05,0.001508,3e-06,2.7e-05,3e-06,0.002291,8e-06,1e-04,0,2e-06,0,0,1e-05,1.7e-05,0.000194,4e-06,5e-06,0.000801,0.003206,1.4e-05,6e-06,1.9e-05,0.000359,3e-06,4.7e-05,1.1e-05,0,2.1e-05,4.7e-05,7e-06,0.000342,0.009134,1e-06,1e-06,0.000166,5.2e-05,1.2e-05,7e-06,3e-05,1e-06,7.5e-05,1e-06,1e-06,1e-06,5.3e-05,1.5e-05,0.000262,7e-06,1.9e-05,1e-06,7.3e-05,9e-06,0.000424,0.000516,0.000615,1e-06,1e-06,1e-06,0.000139,0,2e-06,7e-06,2e-06,0.00066,6e-06,3.7e-05,1e-06,1e-06,0,1e-06,0.000208,5e-06,0.000307,2e-06,9e-06,0,0,1e-06,0.00094,0.000432,3e-06,0,1e-06,2.7e-05,0.002207,1e-06,2e-05,0.006799,0,0.000563,0,1e-06,3e-06,0.000122,0,1.7e-05,0.001057,0.001958,5e-06,0.000244,4.6e-05,1.4e-05,1e-06,4e-06,1e-06,0,0,1.1e-05,2e-06,0,0.001464,1.9e-05,1e-06,0.000525,0,2.9e-05,0.000449,9.9e-05,1e-06,0,0.000381,2e-06,1.6e-05,3.1e-05,2e-06,0,7e-06,4.7e-05,0.003259,3e-06,0,1e-06,0,3e-06,1e-06,1e-06,3e-06,1.6e-05,1e-06,0.00057,1.1e-05,3.1e-05,0.000247,6e-06,1.8e-05,0.000679,0,0,1e-06,7e-06,1e-06,0.000529,2.2e-05,3e-06,2e-06,1e-06,0.000232,0.000277,2e-06,1e-06,8e-06,1.2e-05,6e-06,0.000617,0.000243,0.000222,2.8e-05,0.000504,3e-05,0.000168,0.002108,0.000128,0.000184,8e-06,1.4e-05,8e-05,0.000109,5.6e-05,0.003155,0.000492,2.7e-05,0,4e-06,5.3e-05,0.000607,2e-06,1.2e-05,1e-06,2.2e-05,1e-06,6.4e-05,1e-05,8.3e-05,0.00014,5.1e-05,8.7e-05,1e-06,8.3e-05,8e-06,0.001268,0.000954,0.000231,4.5e-05,3e-06,2e-06,1.2e-05,1e-06,0,1e-06,0,1.1e-05,0.000813,0.00016,0.000539,1e-06,7.6e-05,4e-06,0,1e-06,1e-06,2e-06,4.7e-05,1.6e-05,2e-06,0.000315,1e-06,0,1e-06,0.000497,5e-06,1e-06,2.3e-05,1e-06,0.000116,2.1e-05,1e-06,0.000249,1e-06,0,1e-06,0,0,1e-06,1e-06
"manyara/simanjiro/naisinyai",0,0,0,0,0,0,0,0,0,0,0,0,0,0,0,0,0,0,0,0,0,0,0,0,0,0,0,0,0,0,0,0,0,0,0,0,0,0,0,0,0,0,0,0,0,0,0,0,0,0,0,0,0,0,0,0,0,0,0,0,0,0,0,0,0,0,0,0,0,0,0,0,0,0,0,0,0,0,0,0,0,0,0,0,0,0,0,0,0,0,0,0,0,0,0,0,0,0,0,0,0,0,0,0,0,0,0,0,0,0,0,0,0,0,0,0,0,0,0,0,0,0,0,0,0,0,0,0,0,0,0,0,0,0,0,0,0,0,0,0,0,0,0,0,0,0,0,0,0,0,0,0,0,0,0,0,0,0,0,0,0,0,0,0,0,0,0,0,0,0,0,0,0,0,0,0,0,0,0,0,0,0,0,0,0,0,0,0,0,0,0,0,0,0,0,0,0,0,0,0,0,0,0,0,0,0,0,0,0,0,0,0,0,0,0,0,0,0,0,0,0,0,0,0,0,0,0,0,0,0,0,0,0,0,0,0,0,0,0,0,0,0,0,0,0,0,0,0,0,0,0,0,0,0,0,0,0,0,0,0,0,0,0,0,0,0,0,0,0,0,0,0,0,0,0,0,0,0,0,0,0,0,0,0,0,0,0,0,0,0,0,0,0,0,0,0,0,0,0,0,0,0,0,0,0,0,0,0,0,0,0,0,0,0,0,0,0,0,0,0,0,0,0,0,0,0,0,0,0,0,0,0,0,0,0,0,0,0,0,0,0,0,0,0,0,0,0,0,0,0,0,0,0,0,0,0,0,0,0,0,0,0,0,0,0,0,0,0,0,0,0,0,0,0,0,0,0,0,0,0,0,0,0,0,0,0,0,0,0,0,0,0,0,0,0,0,0,0
"arusha/ngorongoro/naiyobi",0,0,0,0,0,0,0,0,0,0,0,0,0,0,0,0,0,0,0,0,0,0,0,0,0,0,0,0,0,0,0,0,0,0,0,0,0,0,0,0,0,0,0,0,0,0,0,0,0,0,0,0,0,0,0,0,0,0,0,0,0,0,0,0,0,0,0,0,0,0,0,0,0,0,0,0,0,0,0,0,0,0,0,0,0,0,0,0,0,0,0,0,0,0,0,0,0,0,0,0,0,0,0,0,0,0,0,0,0,0,0,0,0,0,0,0,0,0,0,0,0,0,0,0,0,0,0,0,0,0,0,0,0,0,0,0,0,0,0,0,0,0,0,0,0,0,0,0,0,0,0,0,0,0,0,0,0,0,0,0,0,0,0,0,0,0,0,0,0,0,0,0,0,0,0,0,0,0,0,0,0,0,0,0,0,0,0,0,0,0,0,0,0,0,0,0,0,0,0,0,0,0,0,0,0,0,0,0,0,0,0,0,0,0,0,0,0,0,0,0,0,0,0,0,0,0,0,0,0,0,0,0,0,0,0,0,0,0,0,0,0,0,0,0,0,0,0,0,0,0,0,0,0,0,0,0,0,0,0,0,0,0,0,0,0,0,0,0,0,0,0,0,0,0,0,0,0,0,0,0,0,0,0,0,0,0,0,0,0,0,0,0,0,0,0,0,0,0,0,0,0,0,0,0,0,0,0,0,0,0,0,0,0,0,0,0,0,0,0,0,0,0,0,0,0,0,0,0,0,0,0,0,0,0,0,0,0,0,0,0,0,0,0,0,0,0,0,0,0,0,0,0,0,0,0,0,0,0,0,0,0,0,0,0,0,0,0,0,0,0,0,0,0,0,0,0,0,0,0,0,0,0,0,0,0,0,0,0,0,0,0,0,0,0,0,0,0,0
"arusha/longido/namanga",8e-06,1e-06,1e-06,6e-06,0,2.7e-05,0,0,0,8e-06,0,0,7e-06,8.3e-05,2e-06,0,0,0,0,0,0,9e-06,0,1e-06,0,0,0,0,0,0,2.5e-05,0,0,0,0,0,7e-06,1e-06,0,2e-05,0,0,4e-06,1e-06,1e-06,0,6e-06,0.00183,3.2e-05,0,0,0,0,0,1e-06,0,1e-06,0,5e-06,5.4e-05,0.000425,3.7e-05,0.000188,0,0,4.3e-05,2.2e-05,0,2e-06,6e-06,0,0,4e-06,1e-06,0,9.3e-05,7e-06,0,0,0,0,0,0,0,0,0,0.00032,0,1e-06,2.1e-05,0,0,0.000224,6.3e-05,3e-06,3e-06,3.6e-05,0,8.7e-05,2.3e-05,0,0,6e-06,1.2e-05,4e-06,0.000728,0,2.9e-05,2.4e-05,1.6e-05,2.5e-05,0.000118,1e-06,0,2e-06,1e-06,9.6e-05,0,0.000154,2.2e-05,8e-06,0.000402,0,2e-06,0,2e-06,3e-06,0.000378,2.5e-05,1e-06,1e-06,1.8e-05,3.9e-05,6e-06,0,4.5e-05,3e-06,1.8e-05,0.059883,5.3e-05,2.4e-05,0,1.6e-05,5e-06,2e-06,2.2e-05,0,5.7e-05,5.8e-05,1.7e-05,1e-06,0,2e-06,0,1.3e-05,0.000352,4e-06,1.3e-05,1e-06,0.00223,5e-06,2.1e-05,0,1e-06,0,0,6e-06,1.8e-05,7.4e-05,2e-06,1e-06,4.6e-05,0.001294,5e-06,1.1e-05,3e-06,3.4e-05,3.1e-05,4.9e-05,3e-06,0,2e-06,1.6e-05,6e-06,0.00046,0.008748,1e-06,2e-06,0.000192,6.5e-05,1e-05,0,1e-06,0,5e-06,0,1e-06,0,5.2e-05,0,0.000187,1e-06,7e-06,1e-06,8.5e-05,1e-05,0.000363,2.3e-05,1.8e-05,1e-06,1e-06,0,0.000132,0,0,3e-06,0,0.000808,7e-06,3.8e-05,0,1e-06,0,2e-06,0.000217,6e-06,0.000431,2e-06,0,0,0,0,0.000958,0.000116,1e-06,0,1e-06,1.2e-05,9e-06,1e-06,1e-05,0.000784,0,0.00028,0,1e-06,3e-06,5.3e-05,0,4e-06,0.000458,5e-04,1e-06,0.000104,9.8e-05,5e-06,1e-06,2e-06,1e-06,0,0,7e-06,0,0,1.6e-05,3.3e-05,0,0.000138,0,2e-06,0.000159,6.1e-05,0,0,0.000361,2e-06,6e-06,8e-06,0,3e-06,4e-06,0,0,0,0,0,0,4e-06,0,2e-06,1e-06,4.5e-05,0,0.000248,1.1e-05,6.3e-05,0.000261,2e-06,8e-06,5e-06,0,0,1e-06,3e-06,0,2.2e-05,1.1e-05,2e-06,1e-06,2e-06,7.3e-05,4e-06,0,1e-06,8e-06,0,2e-06,0.000622,0.000325,6e-05,6e-06,0.000243,3e-05,0.000779,0.000915,1.7e-05,2.6e-05,3e-06,2e-06,3.1e-05,5.2e-05,2.1e-05,0.017966,0.000101,8e-06,0,4e-06,8e-06,0.000353,0,0,1e-06,0,0,2.4e-05,3e-06,1e-05,8.2e-05,2.2e-05,1.4e-05,0,0.000113,5e-06,0.00054,2.4e-05,2.6e-05,1.6e-05,2e-06,2e-06,1.1e-05,0,0,0,0,2e-06,0.000395,5.8e-05,0.000197,0,5.6e-05,4e-06,0,0,0,4e-06,1.5e-05,3e-06,1e-06,0.00187,0,0,0,0.000716,0,0,9e-06,1e-06,0.000128,2.4e-05,1e-06,0.000145,1e-06,0,0,0,0,0,0
"manyara/mbulu/nambisi",0,0,0,0,0,0,0,0,0,0,0,0,0,0,0,0,0,0,0,0,0,0,0,0,0,0,0,0,0,0,0,0,0,0,0,0,0,0,0,0,0,0,0,0,0,0,0,0,0,0,0,0,0,0,0,0,0,0,0,0,0,0,0,0,0,0,0,0,0,0,0,0,0,0,0,0,0,0,0,0,0,0,0,0,0,0,0,0,0,0,0,0,0,0,0,0,0,0,0,0,0,0,0,0,0,0,0,0,0,0,0,0,0,0,0,0,0,0,0,0,0,0,0,0,0,0,0,0,0,0,0,0,0,0,0,0,0,0,0,0,0,0,0,0,0,0,0,0,0,0,0,0,0,0,0,0,0,0,0,0,0,0,0,0,0,0,0,0,0,0,0,0,0,0,0,0,0,0,0,0,0,0,0,0,0,0,0,0,0,0,0,0,0,0,0,0,0,0,0,0,0,0,0,0,0,0,0,0,0,0,0,0,0,0,0,0,0,0,0,0,0,0,0,0,0,0,0,0,0,0,0,0,0,0,0,0,0,0,0,0,0,0,0,0,0,0,0,0,0,0,0,0,0,0,0,0,0,0,0,0,0,0,0,0,0,0,0,0,0,0,0,0,0,0,0,0,0,0,0,0,0,0,0,0,0,0,0,0,0,0,0,0,0,0,0,0,0,0,0,0,0,0,0,0,0,0,0,0,0,0,0,0,0,0,0,0,0,0,0,0,0,0,0,0,0,0,0,0,0,0,0,0,0,0,0,0,0,0,0,0,0,0,0,0,0,0,0,0,0,0,0,0,0,0,0,0,0,0,0,0,0,0,0,0,0,0,0,0,0,0,0,0,0,0,0,0,0,0,0,0,0,0,0,0,0,0,0,0,0,0,0,0,0,0,0,0,0,0
"manyara/kiteto/namelock",0,0,0,0,0,0,0,0,0,0,0,0,0,0,0,0,0,0,0,0,0,0,0,0,0,0,0,0,0,0,0,0,0,0,0,0,0,0,0,0,0,0,0,0,0,0,0,0,0,0,0,0,0,0,0,0,0,0,0,0,0,0,0,0,0,0,0,0,0,0,0,0,0,0,0,0,0,0,0,0,0,0,0,0,0,0,0,0,0,0,0,0,0,0,0,0,0,0,0,0,0,0,0,0,0,0,0,0,0,0,0,0,0,0,0,0,0,0,0,0,0,0,0,0,0,0,0,0,0,0,0,0,0,0,0,0,0,0,0,0,0,0,0,0,0,0,0,0,0,0,0,0,0,0,0,0,0,0,0,0,0,0,0,0,0,0,0,0,0,0,0,0,0,0,0,0,0,0,0,0,0,0,0,0,0,0,0,0,0,0,0,0,0,0,0,0,0,0,0,0,0,0,0,0,0,0,0,0,0,0,0,0,0,0,0,0,0,0,0,0,0,0,0,0,0,0,0,0,0,0,0,0,0,0,0,0,0,0,0,0,0,0,0,0,0,0,0,0,0,0,0,0,0,0,0,0,0,0,0,0,0,0,0,0,0,0,0,0,0,0,0,0,0,0,0,0,0,0,0,0,0,0,0,0,0,0,0,0,0,0,0,0,0,0,0,0,0,0,0,0,0,0,0,0,0,0,0,0,0,0,0,0,0,0,0,0,0,0,0,0,0,0,0,0,0,0,0,0,0,0,0,0,0,0,0,0,0,0,0,0,0,0,0,0,0,0,0,0,0,0,0,0,0,0,0,0,0,0,0,0,0,0,0,0,0,0,0,0,0,0,0,0,0,0,0,0,0,0,0,0,0,0,0,0,0,0,0,0,0,0,0,0,0,0,0,0,0,0
"manyara/babatiurban/nangara",9e-06,3e-06,1e-06,1.6e-05,2.4e-05,3.6e-05,2e-06,3e-06,4.4e-05,0.050841,0.000409,3e-06,6e-06,0.000102,6.2e-05,6e-06,6e-06,5.4e-05,4e-06,1.2e-05,1e-06,6e-06,3.2e-05,1e-06,1e-06,0,0.000175,3e-06,0,1e-06,3.9e-05,2e-06,0,0,1e-05,2.2e-05,1e-05,0.000853,1.4e-05,1.5e-05,4e-06,4e-06,6.3e-05,0.000226,1.4e-05,3.4e-05,4e-06,0.002465,0.000939,5e-06,6e-06,2e-06,3e-06,4e-06,0.000557,6e-06,1e-06,2.8e-05,3.8e-05,0.000589,2e-05,6.5e-05,3.4e-05,6e-06,0,7.2e-05,3.5e-05,2e-06,2.9e-05,0.002486,1e-06,1e-06,1e-06,7.1e-05,1.2e-05,3.4e-05,4e-06,3e-06,1e-06,2e-06,5e-06,0.000101,5e-06,4e-06,1.6e-05,3e-06,0.000268,3e-06,7.5e-05,0.00013,4e-06,2e-06,0.000226,4.7e-05,2e-06,0.000282,1.5e-05,0,0.000114,2.7e-05,6e-06,1e-06,2.3e-05,1.5e-05,3e-06,0.000129,3e-06,2.3e-05,9e-06,0.000259,1.1e-05,6.5e-05,0.000131,0,1e-06,1e-06,1e-04,1e-06,0.000126,1.1e-05,6e-06,0.000215,1e-06,3e-06,0,1e-05,5.2e-05,0.000492,3.7e-05,1e-06,1e-06,2.5e-05,5.2e-05,5e-06,0,5.6e-05,3e-06,1.5e-05,0.000243,3.7e-05,1.9e-05,1e-06,2e-05,3e-06,1e-06,4.1e-05,4.4e-05,5.5e-05,4.4e-05,1.5e-05,1e-06,1e-06,1e-06,1e-06,3.7e-05,0.000674,3e-06,5e-06,6e-06,0.00186,8e-06,0.000349,0,2e-06,2e-06,2e-06,1.1e-05,9e-06,0.000116,5e-06,1.7e-05,0.00027,0.001699,2.4e-05,4e-06,0.00017,0.001058,1e-06,3.7e-05,2.8e-05,0,3e-06,7.5e-05,6e-06,0.000231,0.004642,0,1e-06,0.000119,3.6e-05,1e-05,0.000119,7.4e-05,5e-06,0.002149,3e-06,1e-06,6.5e-05,4.3e-05,1e-06,0.000164,4.3e-05,4.1e-05,1e-06,5.8e-05,5e-06,0.000384,0.00031,3.7e-05,1e-06,1e-06,4.6e-05,0.000121,0,1e-06,9e-06,2e-06,0.000518,5e-06,3.1e-05,6e-06,1e-06,1.3e-05,1e-06,0.000148,3e-06,0.000199,2e-06,1.2e-05,5e-06,8e-06,5e-06,0.000147,0.000255,1.1e-05,0,1e-06,3.4e-05,5.4e-05,1e-06,1.9e-05,0.00342,0,0.000981,0,1e-06,2e-06,8.3e-05,6e-06,1.3e-05,0.000544,0.000567,2e-06,0.000151,2.9e-05,1.9e-05,1e-06,4e-06,1e-06,1e-06,0,1.7e-05,2e-06,1e-06,0.000233,3e-06,1.3e-05,0.000202,7.1e-05,0.000207,0.000156,0.000106,1e-06,1e-06,0.00033,2e-06,2.2e-05,0.000101,9e-06,1e-05,7e-06,1e-06,0.000944,2.3e-05,2e-06,0,3e-06,2e-06,1.3e-05,1e-06,1.1e-05,8e-06,2e-06,0.000439,9e-06,1.6e-05,0.000158,3e-06,2.5e-05,4.2e-05,0,0,1e-06,9e-06,3e-06,0.001676,1.2e-05,1e-06,1e-06,1e-06,0.000175,2.1e-05,9e-06,1e-06,6e-06,1e-06,1e-06,0.000321,0.000183,0.000273,3.5e-05,0.000183,2.1e-05,7.7e-05,0.001332,3.5e-05,4.4e-05,5e-06,4e-06,3.8e-05,5.5e-05,2.4e-05,0.001106,9.6e-05,9.1e-05,3e-06,3e-06,5e-06,0.000363,6.2e-05,2e-06,1e-06,2e-06,7.5e-05,1e-04,1.7e-05,1e-05,5.8e-05,6.9e-05,1.3e-05,3e-06,4.8e-05,5e-06,0.000683,0.000108,8.7e-05,8.7e-05,3e-06,1e-06,9e-06,5.8e-05,7e-06,0.000312,4e-06,3e-06,0.000431,0.000133,0.000293,3e-06,4e-05,4e-06,0,1e-06,5e-06,1e-06,3.3e-05,5e-05,1e-06,0.000163,4e-06,0,8e-06,0.000366,5.6e-05,2e-06,1.2e-05,1e-06,8.9e-05,1.6e-05,1e-06,0.000162,1e-06,1e-06,1e-06,0,0,6e-06,2e-06
"manyara/hanang/nangwa",0,0,0,0,0,0,0,0,0,0,0,0,0,0,0,0,0,0,0,0,0,0,0,0,0,0,0,0,0,0,0,0,0,0,0,0,0,0,0,0,0,0,0,0,0,0,0,0,0,0,0,0,0,0,0,0,0,0,0,0,0,0,0,0,0,0,0,0,0,0,0,0,0,0,0,0,0,0,0,0,0,0,0,0,0,0,0,0,0,0,0,0,0,0,0,0,0,0,0,0,0,0,0,0,0,0,0,0,0,0,0,0,0,0,0,0,0,0,0,0,0,0,0,0,0,0,0,0,0,0,0,0,0,0,0,0,0,0,0,0,0,0,0,0,0,0,0,0,0,0,0,0,0,0,0,0,0,0,0,0,0,0,0,0,0,0,0,0,0,0,0,0,0,0,0,0,0,0,0,0,0,0,0,0,0,0,0,0,0,0,0,0,0,0,0,0,0,0,0,0,0,0,0,0,0,0,0,0,0,0,0,0,0,0,0,0,0,0,0,0,0,0,0,0,0,0,0,0,0,0,0,0,0,0,0,0,0,0,0,0,0,0,0,0,0,0,0,0,0,0,0,0,0,0,0,0,0,0,0,0,0,0,0,0,0,0,0,0,0,0,0,0,0,0,0,0,0,0,0,0,0,0,0,0,0,0,0,0,0,0,0,0,0,0,0,0,0,0,0,0,0,0,0,0,0,0,0,0,0,0,0,0,0,0,0,0,0,0,0,0,0,0,0,0,0,0,0,0,0,0,0,0,0,0,0,0,0,0,0,0,0,0,0,0,0,0,0,0,0,0,0,0,0,0,0,0,0,0,0,0,0,0,0,0,0,0,0,0,0,0,0,0,0,0,0,0,0,0,0,0,0,0,0,0,0,0,0,0,0,0,0,0,0,0,0,0,0,0
"kilimanjaro/rombo/nanjarareha",0,0,0,0,0,0,0,0,0,0,0,0,0,0,0,0,0,0,0,0,0,0,0,0,0,0,0,0,0,0,0,0,0,0,0,0,0,0,0,0,0,0,0,0,0,0,0,0,0,0,0,0,0,0,0,0,0,0,0,0,0,0,0,0,0,0,0,0,0,0,0,0,0,0,0,0,0,0,0,0,0,0,0,0,0,0,0,0,0,0,0,0,0,0,0,0,0,0,0,0,0,0,0,0,0,0,0,0,0,0,0,0,0,0,0,0,0,0,0,0,0,0,0,0,0,0,0,0,0,0,0,0,0,0,0,0,0,0,0,0,0,0,0,0,0,0,0,0,0,0,0,0,0,0,0,0,0,0,0,0,0,0,0,0,0,0,0,0,0,0,0,0,0,0,0,0,0,0,0,0,0,0,0,0,0,0,0,0,0,0,0,0,0,0,0,0,0,0,0,0,0,0,0,0,0,0,0,0,0,0,0,0,0,0,0,0,0,0,0,0,0,0,0,0,0,0,0,0,0,0,0,0,0,0,0,0,0,0,0,0,0,0,0,0,0,0,0,0,0,0,0,0,0,0,0,0,0,0,0,0,0,0,0,0,0,0,0,0,0,0,0,0,0,0,0,0,0,0,0,0,0,0,0,0,0,0,0,0,0,0,0,0,0,0,0,0,0,0,0,0,0,0,0,0,0,0,0,0,0,0,0,0,0,0,0,0,0,0,0,0,0,0,0,0,0,0,0,0,0,0,0,0,0,0,0,0,0,0,0,0,0,0,0,0,0,0,0,0,0,0,0,0,0,0,0,0,0,0,0,0,0,0,0,0,0,0,0,0,0,0,0,0,0,0,0,0,0,0,0,0,0,0,0,0,0,0,0,0,0,0,0,0,0,0,0,0,0,0
"manyara/babati/nar",0,0,0,0,0,0,0,0,0,0,0,0,0,0,0,0,0,0,0,0,0,0,0,0,0,0,0,0,0,0,0,0,0,0,0,0,0,0,0,0,0,0,0,0,0,0,0,0,0,0,0,0,0,0,0,0,0,0,0,0,0,0,0,0,0,0,0,0,0,0,0,0,0,0,0,0,0,0,0,0,0,0,0,0,0,0,0,0,0,0,0,0,0,0,0,0,0,0,0,0,0,0,0,0,0,0,0,0,0,0,0,0,0,0,0,0,0,0,0,0,0,0,0,0,0,0,0,0,0,0,0,0,0,0,0,0,0,0,0,0,0,0,0,0,0,0,0,0,0,0,0,0,0,0,0,0,0,0,0,0,0,0,0,0,0,0,0,0,0,0,0,0,0,0,0,0,0,0,0,0,0,0,0,0,0,0,0,0,0,0,0,0,0,0,0,0,0,0,0,0,0,0,0,0,0,0,0,0,0,0,0,0,0,0,0,0,0,0,0,0,0,0,0,0,0,0,0,0,0,0,0,0,0,0,0,0,0,0,0,0,0,0,0,0,0,0,0,0,0,0,0,0,0,0,0,0,0,0,0,0,0,0,0,0,0,0,0,0,0,0,0,0,0,0,0,0,0,0,0,0,0,0,0,0,0,0,0,0,0,0,0,0,0,0,0,0,0,0,0,0,0,0,0,0,0,0,0,0,0,0,0,0,0,0,0,0,0,0,0,0,0,0,0,0,0,0,0,0,0,0,0,0,0,0,0,0,0,0,0,0,0,0,0,0,0,0,0,0,0,0,0,0,0,0,0,0,0,0,0,0,0,0,0,0,0,0,0,0,0,0,0,0,0,0,0,0,0,0,0,0,0,0,0,0,0,0,0,0,0,0,0,0,0,0,0,0,0,0
"kilimanjaro/siha/nasai",0,0,0,0,0,0,0,0,0,0,0,0,0,0,0,0,0,0,0,0,0,0,0,0,0,0,0,0,0,0,0,0,0,0,0,0,0,0,0,0,0,0,0,0,0,0,0,0,0,0,0,0,0,0,0,0,0,0,0,0,0,0,0,0,0,0,0,0,0,0,0,0,0,0,0,0,0,0,0,0,0,0,0,0,0,0,0,0,0,0,0,0,0,0,0,0,0,0,0,0,0,0,0,0,0,0,0,0,0,0,0,0,0,0,0,0,0,0,0,0,0,0,0,0,0,0,0,0,0,0,0,0,0,0,0,0,0,0,0,0,0,0,0,0,0,0,0,0,0,0,0,0,0,0,0,0,0,0,0,0,0,0,0,0,0,0,0,0,0,0,0,0,0,0,0,0,0,0,0,0,0,0,0,0,0,0,0,0,0,0,0,0,0,0,0,0,0,0,0,0,0,0,0,0,0,0,0,0,0,0,0,0,0,0,0,0,0,0,0,0,0,0,0,0,0,0,0,0,0,0,0,0,0,0,0,0,0,0,0,0,0,0,0,0,0,0,0,0,0,0,0,0,0,0,0,0,0,0,0,0,0,0,0,0,0,0,0,0,0,0,0,0,0,0,0,0,0,0,0,0,0,0,0,0,0,0,0,0,0,0,0,0,0,0,0,0,0,0,0,0,0,0,0,0,0,0,0,0,0,0,0,0,0,0,0,0,0,0,0,0,0,0,0,0,0,0,0,0,0,0,0,0,0,0,0,0,0,0,0,0,0,0,0,0,0,0,0,0,0,0,0,0,0,0,0,0,0,0,0,0,0,0,0,0,0,0,0,0,0,0,0,0,0,0,0,0,0,0,0,0,0,0,0,0,0,0,0,0,0,0,0,0,0,0,0,0,0,0
"manyara/kiteto/ndedo",1.2e-05,2e-06,2e-06,1.1e-05,1e-06,0.000103,0,0,1e-06,0.000212,4e-06,1e-06,9e-06,0.000135,1.7e-05,1e-06,1e-06,3e-06,1e-06,2e-06,6e-06,8e-06,1e-06,2e-06,4e-06,1e-06,2e-06,1e-06,1.8e-05,7e-06,9.2e-05,4.4e-05,2e-06,2e-06,2e-06,1e-06,1.2e-05,3e-05,1e-06,1.8e-05,1e-06,1e-06,0.000756,1.7e-05,0.00016,1e-06,3e-06,0.002898,0.000635,1e-06,0,1e-06,1e-06,1e-06,3e-05,0,3e-06,3e-06,0.000501,0.000237,1.9e-05,3.4e-05,4.1e-05,0.000132,0,9.1e-05,3.1e-05,0,9e-06,0.000236,1e-06,0,2e-06,8e-06,2e-06,2.7e-05,4e-06,0,0,0,0,4e-06,1e-06,1e-06,2e-06,0,0.000579,1e-06,1.4e-05,0.000759,0,1e-06,0.000653,6.2e-05,2e-06,3.3e-05,3e-05,1e-06,0.000336,8.1e-05,1e-06,1e-06,0.00014,1.9e-05,9e-06,0.00026,1e-06,5.5e-05,1.6e-05,6.2e-05,2.1e-05,0.00016,1.7e-05,0,3e-06,2e-06,0.000213,6.9e-05,0.000317,2.5e-05,1e-05,0.000494,3e-06,1.1e-05,1e-06,6.6e-05,0.001699,0.000613,6e-05,2e-06,2e-06,4.9e-05,0.000163,1.3e-05,1e-06,7.2e-05,4e-06,3.8e-05,0.000359,8.6e-05,3.5e-05,4e-06,2.4e-05,8e-06,3e-06,0.000156,1e-06,0.000149,0.000114,4e-05,2e-06,3e-06,3e-06,5e-06,0.000179,0.000632,5e-06,3e-06,0.00026,0.004597,2.5e-05,0.000467,1e-06,8e-06,0,1e-06,3.8e-05,1.6e-05,0.000145,1.8e-05,0.000387,0.000107,0.002055,0.000185,7e-06,0.000337,0.000342,1e-06,8.9e-05,0.001307,2e-06,3e-06,0.000713,1.7e-05,0.000497,0.016795,1e-06,2e-06,0.000265,7.7e-05,2.5e-05,7e-06,7e-06,1e-06,8.3e-05,5.2e-05,2e-06,1e-06,0.000107,0,0.00027,0.000963,0.000233,1e-06,0.000149,9e-06,0.001114,9.1e-05,3.2e-05,2e-06,2e-06,3e-06,0.000339,1e-06,0,5.2e-05,0,0.001334,1.3e-05,8.2e-05,1e-06,1e-06,1e-06,2e-06,0.000312,7e-06,0.000412,4e-06,2e-06,1e-06,0,0,0.000189,0.000268,0.000181,0,2e-06,4.4e-05,1.9e-05,2e-06,4e-05,0.003428,1e-06,0.003099,3e-06,2e-06,6e-06,0.000116,1e-06,1.3e-05,0.000669,0.00037,1e-06,0.000199,6.2e-05,0.000133,2e-06,1.4e-05,1e-06,3e-06,3e-06,3.8e-05,1e-06,4e-06,5.8e-05,3e-06,1e-06,0.000194,1e-06,2.1e-05,0.000163,0.00037,2e-06,4e-06,0.000917,5e-06,0.000152,0.000404,1e-06,5e-06,2e-05,1e-06,0.001441,2e-06,5.1e-05,2e-06,0,4e-06,1e-06,1e-06,0,1.5e-05,1.1e-05,0.000668,2.4e-05,3e-05,0.000164,4e-06,0.000112,1.9e-05,1e-06,1e-06,2e-06,4.8e-05,0.000172,0.000193,1.6e-05,2e-06,1e-06,2e-06,0.000136,1e-05,0.000167,1e-06,1.5e-05,0,1e-06,0.000303,0.000454,0.00023,4.5e-05,0.000209,4.1e-05,0.00014,0.001101,3e-05,3.7e-05,6e-06,5e-06,4.3e-05,7e-05,2.6e-05,0.001066,0.000122,0.000939,0.000107,8e-06,5e-06,0.000535,1.1e-05,0,1e-06,1e-06,1e-06,0.00073,0.000223,1.1e-05,7.2e-05,0.00038,1.5e-05,0,8.8e-05,7e-06,0.00085,4.3e-05,6e-05,0.00015,1.3e-05,3e-06,2.3e-05,1e-06,1e-06,1e-06,1e-06,3e-06,0.000559,0.000114,0.000344,4.9e-05,5.8e-05,9e-06,1e-06,5e-06,7.5e-05,3e-06,4e-05,4.2e-05,1e-06,0.000183,0,1e-06,1e-06,0.000891,7e-06,0,1.5e-05,2e-06,0.000213,3.9e-05,1e-06,0.000253,1e-06,4e-06,8e-06,1e-06,2e-06,1e-06,0
"kilimanjaro/siha/ndumeti",0,0,0,0,0,0,0,0,0,0,0,0,0,0,0,0,0,0,0,0,0,0,0,0,0,0,0,0,0,0,0,0,0,0,0,0,0,0,0,0,0,0,0,0,0,0,0,0,0,0,0,0,0,0,0,0,0,0,0,0,0,0,0,0,0,0,0,0,0,0,0,0,0,0,0,0,0,0,0,0,0,0,0,0,0,0,0,0,0,0,0,0,0,0,0,0,0,0,0,0,0,0,0,0,0,0,0,0,0,0,0,0,0,0,0,0,0,0,0,0,0,0,0,0,0,0,0,0,0,0,0,0,0,0,0,0,0,0,0,0,0,0,0,0,0,0,0,0,0,0,0,0,0,0,0,0,0,0,0,0,0,0,0,0,0,0,0,0,0,0,0,0,0,0,0,0,0,0,0,0,0,0,0,0,0,0,0,0,0,0,0,0,0,0,0,0,0,0,0,0,0,0,0,0,0,0,0,0,0,0,0,0,0,0,0,0,0,0,0,0,0,0,0,0,0,0,0,0,0,0,0,0,0,0,0,0,0,0,0,0,0,0,0,0,0,0,0,0,0,0,0,0,0,0,0,0,0,0,0,0,0,0,0,0,0,0,0,0,0,0,0,0,0,0,0,0,0,0,0,0,0,0,0,0,0,0,0,0,0,0,0,0,0,0,0,0,0,0,0,0,0,0,0,0,0,0,0,0,0,0,0,0,0,0,0,0,0,0,0,0,0,0,0,0,0,0,0,0,0,0,0,0,0,0,0,0,0,0,0,0,0,0,0,0,0,0,0,0,0,0,0,0,0,0,0,0,0,0,0,0,0,0,0,0,0,0,0,0,0,0,0,0,0,0,0,0,0,0,0,0,0,0,0,0,0,0,0,0,0,0,0,0,0,0,0,0,0,0
"kilimanjaro/same/ndungu",0,0,0,0,0,0,0,0,0,0,0,0,0,0,0,0,0,0,0,0,0,0,0,0,0,0,0,0,0,0,0,0,0,0,0,0,0,0,0,0,0,0,0,0,0,0,0,0,0,0,0,0,0,0,0,0,0,0,0,0,0,0,0,0,0,0,0,0,0,0,0,0,0,0,0,0,0,0,0,0,0,0,0,0,0,0,0,0,0,0,0,0,0,0,0,0,0,0,0,0,0,0,0,0,0,0,0,0,0,0,0,0,0,0,0,0,0,0,0,0,0,0,0,0,0,0,0,0,0,0,0,0,0,0,0,0,0,0,0,0,0,0,0,0,0,0,0,0,0,0,0,0,0,0,0,0,0,0,0,0,0,0,0,0,0,0,0,0,0,0,0,0,0,0,0,0,0,0,0,0,0,0,0,0,0,0,0,0,0,0,0,0,0,0,0,0,0,0,0,0,0,0,0,0,0,0,0,0,0,0,0,0,0,0,0,0,0,0,0,0,0,0,0,0,0,0,0,0,0,0,0,0,0,0,0,0,0,0,0,0,0,0,0,0,0,0,0,0,0,0,0,0,0,0,0,0,0,0,0,0,0,0,0,0,0,0,0,0,0,0,0,0,0,0,0,0,0,0,0,0,0,0,0,0,0,0,0,0,0,0,0,0,0,0,0,0,0,0,0,0,0,0,0,0,0,0,0,0,0,0,0,0,0,0,0,0,0,0,0,0,0,0,0,0,0,0,0,0,0,0,0,0,0,0,0,0,0,0,0,0,0,0,0,0,0,0,0,0,0,0,0,0,0,0,0,0,0,0,0,0,0,0,0,0,0,0,0,0,0,0,0,0,0,0,0,0,0,0,0,0,0,0,0,0,0,0,0,0,0,0,0,0,0,0,0,0,0,0
"arusha/arusha/nduruma",0.000122,0,1e-06,1e-06,0,5e-05,0,0,0,7e-06,0,0,4.4e-05,0.001037,1e-06,0,0,0,0,0,0,1.2e-05,0,1e-06,0,0,0,0,0,0,0.001428,0,0,0,0,0,7e-05,1e-06,0,2e-06,0,0,2e-06,1e-06,0,0,1e-06,0.011876,7.8e-05,0,0,0,0,0,1e-06,0,9e-06,0,7e-06,1.7e-05,5e-06,9e-06,3e-05,0,0,0.00087,3.3e-05,0,2e-06,7e-06,0,0,3e-06,1e-06,0,6e-06,1e-06,0,0,0,0,0,0,0,0,0,0.000758,0,0,1.6e-05,0,0,0.00016,0.000196,1e-06,2e-06,3.1e-05,0,0.000124,2.5e-05,0,0,4e-06,9.2e-05,5e-06,0.000101,0,3.7e-05,2.7e-05,8e-06,2.1e-05,5.4e-05,0,2e-06,1e-06,1e-06,0.000373,0,0.000162,1.5e-05,6e-06,0.00027,0,2e-06,0,2e-06,2e-06,0.002706,0.00152,1e-06,1e-06,1.6e-05,4.1e-05,8e-06,0,0.000467,1.3e-05,1.7e-05,0.000125,6.1e-05,9.5e-05,0,9.6e-05,5e-06,1e-06,2.2e-05,0,5.8e-05,4.6e-05,1.4e-05,1e-06,0,1e-06,0,9e-06,0.001067,1e-06,1e-06,1e-06,0.002738,5e-06,8e-05,0,1e-06,0,0,9e-06,3.8e-05,0.001054,3e-06,1e-06,4.6e-05,0.009782,7e-06,7e-06,5e-06,7.5e-05,0,5.5e-05,2e-06,0,0,1.3e-05,9e-06,0.000381,0.013616,1e-06,1e-06,0.000213,6.8e-05,1.9e-05,0,1e-06,0,5e-06,0,1e-06,0,6e-05,0,0.001475,1e-06,6e-06,6e-06,4.7e-05,1.7e-05,0.00031,2.6e-05,3e-06,1e-06,1e-06,0,8.2e-05,0,0,2e-06,0,0.00033,5e-06,2.7e-05,0,1.1e-05,0,2e-06,0.000367,7e-06,0.000353,4e-06,0,0,0,0,3.4e-05,0.000798,0,0,1e-06,0.000375,4e-06,0,0.000109,0.002081,0,0.000319,0,1e-06,3e-06,0.002834,0,2.5e-05,0.003092,0.000288,1e-06,0.002107,2.5e-05,4e-06,1e-06,3e-06,1e-06,0,0,1.6e-05,0,0,1e-05,1e-06,0,0.000308,0,2e-06,0.000264,7.9e-05,0,0,0.000262,1e-06,4e-06,2.1e-05,0,1e-06,1.6e-05,0,0.000454,0,0,0,0,1e-06,0,2e-06,0,1e-05,0,0,1.2e-05,2.7e-05,0.000337,1.6e-05,1.6e-05,2e-06,0,0,1e-06,4e-06,0,2.2e-05,0.000115,1.4e-05,8e-06,1e-06,0.000466,1e-06,0,1e-06,7e-06,0,0,0.000469,0.000137,0.00087,5.5e-05,0.000389,6.8e-05,7e-05,0.003253,2e-06,3e-06,4.1e-05,0,0.000141,0.000325,6.2e-05,0.000532,1.1e-05,1.1e-05,0,5e-06,1e-06,0.00457,0,0,1e-06,0,0,2.9e-05,2e-06,1e-06,0.000182,2.4e-05,1e-06,0,0.000121,5.2e-05,0.004605,1.3e-05,4.4e-05,0.000115,2e-06,1e-06,1.5e-05,0,0,0,0,0,0.003088,0.000676,0.001571,0,0.000233,6e-06,0,0,0,1e-06,0.00028,1.2e-05,9e-06,0.000109,0,0,0,0.000264,0,0,7.4e-05,1e-06,0.000126,1.9e-05,1e-06,0.002853,0,0,0,0,0,0,0
"kilimanjaro/moshimunicipal/ngambo",0,0,0,0,0,0,0,0,0,0,0,0,0,0,0,0,0,0,0,0,0,0,0,0,0,0,0,0,0,0,0,0,0,0,0,0,0,0,0,0,0,0,0,0,0,0,0,0,0,0,0,0,0,0,0,0,0,0,0,0,0,0,0,0,0,0,0,0,0,0,0,0,0,0,0,0,0,0,0,0,0,0,0,0,0,0,0,0,0,0,0,0,0,0,0,0,0,0,0,0,0,0,0,0,0,0,0,0,0,0,0,0,0,0,0,0,0,0,0,0,0,0,0,0,0,0,0,0,0,0,0,0,0,0,0,0,0,0,0,0,0,0,0,0,0,0,0,0,0,0,0,0,0,0,0,0,0,0,0,0,0,0,0,0,0,0,0,0,0,0,0,0,0,0,0,0,0,0,0,0,0,0,0,0,0,0,0,0,0,0,0,0,0,0,0,0,0,0,0,0,0,0,0,0,0,0,0,0,0,0,0,0,0,0,0,0,0,0,0,0,0,0,0,0,0,0,0,0,0,0,0,0,0,0,0,0,0,0,0,0,0,0,0,0,0,0,0,0,0,0,0,0,0,0,0,0,0,0,0,0,0,0,0,0,0,0,0,0,0,0,0,0,0,0,0,0,0,0,0,0,0,0,0,0,0,0,0,0,0,0,0,0,0,0,0,0,0,0,0,0,0,0,0,0,0,0,0,0,0,0,0,0,0,0,0,0,0,0,0,0,0,0,0,0,0,0,0,0,0,0,0,0,0,0,0,0,0,0,0,0,0,0,0,0,0,0,0,0,0,0,0,0,0,0,0,0,0,0,0,0,0,0,0,0,0,0,0,0,0,0,0,0,0,0,0,0,0,0,0,0,0,0,0,0,0,0,0,0,0,0,0,0,0,0,0,0,0,0
"kilimanjaro/siha/ngarenairobi",0.000102,2e-06,1.6e-05,9e-06,0,0.000483,0,0,0,3.2e-05,1e-06,0,7.9e-05,0.000929,6e-06,0,0,1e-06,0,0,1e-06,0.000608,0,1.9e-05,1e-06,6e-06,0,0,0,1e-06,0.000289,0,1e-06,3e-06,1e-06,0,7.1e-05,5e-06,0,2.2e-05,0,0,1.6e-05,4e-06,2e-06,0,1.1e-05,0.015953,0.000182,0,0,0,0,0,4e-06,0,1.1e-05,0,3.5e-05,0.000125,1e-04,6.4e-05,0.000421,1e-06,0,0.000442,0.000105,0,7e-06,2.5e-05,0,0,0.000854,3e-06,0,7e-05,8e-06,0,0,0,0,0,0,0,0,0,0.010358,0,3e-06,0.000124,0,0,0.003151,0.000665,5e-06,1e-05,0.004075,2e-06,0.001484,0.000363,0,0,3.6e-05,0.000116,9.3e-05,0.00898,0,0.000807,0.001039,4.2e-05,0.002691,0.002105,2e-06,3e-06,2.6e-05,1.4e-05,0.00249,0,0.003715,0.000821,0.000339,0.013096,5e-06,1.7e-05,2e-06,1.3e-05,1.4e-05,0.009051,0.000376,2.3e-05,1.6e-05,0.000313,0.000557,0.000175,1e-06,0.00047,2.6e-05,0.000405,0.003566,0.001743,0.000778,1e-06,0.000144,0.000165,3.2e-05,0.000233,0,0.001082,0.001213,0.000307,1.9e-05,3e-06,2.1e-05,2e-06,8.4e-05,0.002149,4.7e-05,1.4e-05,4e-06,0.055568,6.8e-05,0.000155,9e-06,9e-06,0,0,7.9e-05,0.000593,0.000734,2.4e-05,5e-06,0.000167,0.012005,3.7e-05,0.002031,1.7e-05,0.000177,1.1e-05,0.001384,1.3e-05,1e-06,3e-06,9.3e-05,0.000118,0.023786,0.220884,8.8e-05,0.000101,0.00776,0.003354,0.000257,1e-06,3e-06,0,1.8e-05,1e-06,1.2e-05,0,0.001323,0,0.003957,6e-06,4.5e-05,1e-05,0.001419,0.000527,0.00556,8.9e-05,3e-05,2.1e-05,1.7e-05,0,0.001823,6e-06,0,1.7e-05,0,0.010298,0.00013,0.000674,0,1.2e-05,0,0.000125,0.009064,0.000465,0.029681,4.3e-05,1e-06,0,0,0,0.000517,0.000887,2e-06,2e-06,3.3e-05,0.000175,2e-05,1.1e-05,0.000159,0.004201,1.1e-05,0.002702,1e-06,2e-05,6.9e-05,0.000645,0,2.6e-05,0.004391,0.001643,5e-06,0.001148,0.00209,3.1e-05,2e-05,3e-05,1.5e-05,1e-06,1e-06,1e-04,0,1e-06,4.7e-05,1.7e-05,0,0.000795,0,6e-06,0.000924,0.000794,5e-06,1e-06,0.005648,3.4e-05,3.4e-05,6.5e-05,0,6e-06,5.7e-05,1e-06,0.013732,0,0,0,0,7e-05,0,0.000173,3e-06,0.003845,3e-06,0.003197,0.000261,0,0.004642,2e-05,8.8e-05,1.2e-05,5e-06,1e-06,1.9e-05,2.9e-05,1e-06,8.1e-05,0.000137,2.9e-05,1.3e-05,6.4e-05,0.000585,7e-06,1e-06,1.2e-05,0.000191,0,2e-06,0.005468,0.005059,0.000524,5.3e-05,0.001623,0.001272,0.00813,0.00754,2.5e-05,3.5e-05,3.5e-05,4e-06,0.000254,0.000528,0.000153,0.012834,0.000126,4.9e-05,0,8.9e-05,8e-06,0.005295,1e-06,0,1.9e-05,0,0,0.00018,1.6e-05,1.2e-05,0.000735,0.000183,1.6e-05,0,0.010476,6.4e-05,0.005341,6.5e-05,0.00012,0.000184,2.3e-05,2.6e-05,0.00029,0,0,0,0,3e-06,0.004299,0.000547,0.001743,1e-06,0.000933,0.000113,0,1e-06,1e-06,6.2e-05,0.000139,2.1e-05,8e-06,0.006713,0,1e-06,0,0.010544,1e-06,0,8.3e-05,3.8e-05,0.003776,0.000613,2.2e-05,0.002381,1.7e-05,1e-06,2e-06,1e-06,0,0,0
"arusha/meru/ngarenanyuki",4.2e-05,0,1e-06,2e-06,0,3.2e-05,0,0,0,4e-06,0,0,4.4e-05,0.000388,1e-06,0,0,0,0,0,0,4.5e-05,0,1e-06,0,0,0,0,0,0,4.1e-05,0,0,0,0,0,2.8e-05,1e-06,0,2e-06,0,0,2e-06,1e-06,0,0,2e-06,0.006506,3e-05,0,0,0,0,0,1e-06,0,2e-06,0,4e-06,2.2e-05,1.5e-05,1.6e-05,9.8e-05,0,0,0.000148,3.1e-05,0,1e-06,5e-06,0,0,1e-05,0,0,1.3e-05,1e-06,0,0,0,0,0,0,0,0,0,0.000676,0,1e-06,1.5e-05,0,0,0.000154,0.000493,1e-06,1e-06,7.3e-05,0,9e-05,2e-05,0,0,3e-06,4.9e-05,5e-06,0.000221,0,3.7e-05,0.000226,9e-06,4.7e-05,7.2e-05,0,1e-06,1e-06,1e-06,0.000226,0,0.000163,2.2e-05,1.3e-05,0.00038,0,1e-06,0,1e-06,2e-06,0.002491,8.8e-05,1e-06,1e-06,2.1e-05,3.2e-05,8e-06,0,0.000198,1.3e-05,1.7e-05,0.000331,6.9e-05,0.000103,0,6.2e-05,6e-06,1e-06,1.6e-05,0,5.3e-05,5e-05,1.4e-05,1e-06,0,1e-06,0,6e-06,0.000678,2e-06,3e-06,0,0.002658,4e-06,3.4e-05,0,1e-06,0,0,6e-06,0.000167,0.000261,2e-06,1e-06,5.2e-05,0.004985,4e-06,1.8e-05,3e-06,4.6e-05,1e-06,5.8e-05,1e-06,0,0,8e-06,7e-06,0.000603,0.008375,1e-06,2e-06,0.000274,0.000101,1.5e-05,0,1e-06,0,4e-06,0,1e-06,0,5.9e-05,0,0.00119,1e-06,6e-06,1e-06,5.5e-05,4.2e-05,0.000282,2.5e-05,4e-06,1e-06,1e-06,0,8.5e-05,0,0,1e-06,0,0.000411,5e-06,2.9e-05,0,2e-06,0,3e-06,0.000442,1.3e-05,0.000637,3e-06,0,0,0,0,5.9e-05,0.000273,0,0,1e-06,4.5e-05,5e-06,0,2.2e-05,0.000601,0,0.000287,0,1e-06,3e-06,0.000202,0,6e-06,0.00197,0.000647,1e-06,0.000414,4.8e-05,3e-06,1e-06,2e-06,1e-06,0,0,1.2e-05,0,0,1.1e-05,2e-06,0,0.00027,0,1e-06,0.000364,5.3e-05,0,0,0.000262,1e-06,3e-06,1.1e-05,0,1e-06,6e-06,0,0.001151,0,0,0,0,2e-06,0,4e-06,0,3.4e-05,0,0.00081,1.2e-05,9.3e-05,0,8e-06,8e-06,2e-06,0,0,1e-06,2e-06,0,1.9e-05,6.4e-05,1.3e-05,7e-06,2e-06,0.00029,1e-06,0,1e-06,8e-06,0,0,0.006499,0.00018,0.00018,1e-05,0.000802,8.7e-05,0.000211,0.005156,4e-06,6e-06,1.4e-05,0,0.000108,0.000261,6.6e-05,0.002391,1.4e-05,7e-06,0,4e-06,1e-06,0.002215,0,0,1e-06,0,0,1.6e-05,2e-06,1e-06,0.000504,1.5e-05,2e-06,0,0.000361,2.9e-05,0.002273,1.8e-05,3e-05,3.6e-05,2e-06,1e-06,1.4e-05,0,0,0,0,0,0.002077,0.000275,0.000659,0,0.000737,5e-06,0,0,0,2e-06,4e-05,5e-06,3e-06,0.000621,0,0,0,0.000365,0,0,3.3e-05,1e-06,0.000144,2.3e-05,1e-06,0.000763,1e-06,0,0,0,0,0,0
"arusha/arushaurban/ngarenaro",0,0,0,0,0,0,0,0,0,0,0,0,0,0,0,0,0,0,0,0,0,0,0,0,0,0,0,0,0,0,0,0,0,0,0,0,0,0,0,0,0,0,0,0,0,0,0,0,0,0,0,0,0,0,0,0,0,0,0,0,0,0,0,0,0,0,0,0,0,0,0,0,0,0,0,0,0,0,0,0,0,0,0,0,0,0,0,0,0,0,0,0,0,0,0,0,0,0,0,0,0,0,0,0,0,0,0,0,0,0,0,0,0,0,0,0,0,0,0,0,0,0,0,0,0,0,0,0,0,0,0,0,0,0,0,0,0,0,0,0,0,0,0,0,0,0,0,0,0,0,0,0,0,0,0,0,0,0,0,0,0,0,0,0,0,0,0,0,0,0,0,0,0,0,0,0,0,0,0,0,0,0,0,0,0,0,0,0,0,0,0,0,0,0,0,0,0,0,0,0,0,0,0,0,0,0,0,0,0,0,0,0,0,0,0,0,0,0,0,0,0,0,0,0,0,0,0,0,0,0,0,0,0,0,0,0,0,0,0,0,0,0,0,0,0,0,0,0,0,0,0,0,0,0,0,0,0,0,0,0,0,0,0,0,0,0,0,0,0,0,0,0,0,0,0,0,0,0,0,0,0,0,0,0,0,0,0,0,0,0,0,0,0,0,0,0,0,0,0,0,0,0,0,0,0,0,0,0,0,0,0,0,0,0,0,0,0,0,0,0,0,0,0,0,0,0,0,0,0,0,0,0,0,0,0,0,0,0,0,0,0,0,0,0,0,0,0,0,0,0,0,0,0,0,0,0,0,0,0,0,0,0,0,0,0,0,0,0,0,0,0,0,0,0,0,0,0,0,0,0,0,0,0,0,0,0,0,0,0,0,0,0,0,0,0,0,0,0
"manyara/simanjiro/ngorika",0,0,0,0,0,0,0,0,0,0,0,0,0,0,0,0,0,0,0,0,0,0,0,0,0,0,0,0,0,0,0,0,0,0,0,0,0,0,0,0,0,0,0,0,0,0,0,0,0,0,0,0,0,0,0,0,0,0,0,0,0,0,0,0,0,0,0,0,0,0,0,0,0,0,0,0,0,0,0,0,0,0,0,0,0,0,0,0,0,0,0,0,0,0,0,0,0,0,0,0,0,0,0,0,0,0,0,0,0,0,0,0,0,0,0,0,0,0,0,0,0,0,0,0,0,0,0,0,0,0,0,0,0,0,0,0,0,0,0,0,0,0,0,0,0,0,0,0,0,0,0,0,0,0,0,0,0,0,0,0,0,0,0,0,0,0,0,0,0,0,0,0,0,0,0,0,0,0,0,0,0,0,0,0,0,0,0,0,0,0,0,0,0,0,0,0,0,0,0,0,0,0,0,0,0,0,0,0,0,0,0,0,0,0,0,0,0,0,0,0,0,0,0,0,0,0,0,0,0,0,0,0,0,0,0,0,0,0,0,0,0,0,0,0,0,0,0,0,0,0,0,0,0,0,0,0,0,0,0,0,0,0,0,0,0,0,0,0,0,0,0,0,0,0,0,0,0,0,0,0,0,0,0,0,0,0,0,0,0,0,0,0,0,0,0,0,0,0,0,0,0,0,0,0,0,0,0,0,0,0,0,0,0,0,0,0,0,0,0,0,0,0,0,0,0,0,0,0,0,0,0,0,0,0,0,0,0,0,0,0,0,0,0,0,0,0,0,0,0,0,0,0,0,0,0,0,0,0,0,0,0,0,0,0,0,0,0,0,0,0,0,0,0,0,0,0,0,0,0,0,0,0,0,0,0,0,0,0,0,0,0,0,0,0,0,0,0,0
"arusha/ngorongoro/ngorongoro",1.2e-05,7.8e-05,1e-06,0.000134,1e-06,3.9e-05,1e-06,2e-06,1e-06,0.000204,3e-06,0,1e-05,0.000142,0.000184,7e-06,3e-06,5e-06,1e-06,3e-06,1e-06,6e-06,1e-06,1e-06,1e-06,0,1e-06,7e-06,0,1e-06,5.9e-05,1e-06,0,1e-06,0.000255,2e-06,1.4e-05,4.2e-05,1.4e-05,9e-05,2e-06,0,2.6e-05,5e-05,4e-06,1e-06,1.7e-05,0.003627,0.000283,2.7e-05,2e-06,9.5e-05,2.2e-05,3e-06,2.3e-05,0,1e-06,1e-06,2.2e-05,0.01292,4.9e-05,0.000409,9.5e-05,3e-06,0,9.1e-05,7.2e-05,2e-06,9.7e-05,8.4e-05,5.9e-05,0,2e-06,5.4e-05,2e-06,0.000142,3.5e-05,0,1e-06,1e-06,0,2e-06,1e-06,1e-06,2e-06,2e-06,0.000332,1e-06,3.5e-05,7.6e-05,0,1e-06,0.000275,7.8e-05,1.2e-05,0.00022,2.3e-05,0,0.000125,3.1e-05,2e-06,1.4e-05,2.1e-05,2.2e-05,4e-06,0.000219,1.1e-05,2.9e-05,1.5e-05,0.003384,1.6e-05,9e-05,1.2e-05,1e-06,1e-06,1e-06,0.000117,1e-06,0.000156,1.6e-05,6e-06,0.000295,1e-06,3e-06,0,8e-06,2e-05,0.000446,4.2e-05,1e-06,1e-06,2.1e-05,5.8e-05,6e-06,0,7.9e-05,5e-06,1.8e-05,0.000677,4.7e-05,2.5e-05,0,3e-05,4e-06,2e-06,4.2e-05,2e-06,6.5e-05,5.6e-05,1.8e-05,1e-06,1e-06,1e-06,1e-06,3.6e-05,0.001082,3e-06,1.4e-05,3e-06,0.002288,8e-06,0.000108,0,2e-06,0,0,1.1e-05,1.4e-05,0.000153,4e-06,7e-06,0.000487,0.002459,1.6e-05,6e-06,2.4e-05,0.000367,2e-06,4.6e-05,1.6e-05,0,2.5e-05,6e-05,7e-06,0.000322,0.008889,1e-06,1e-06,0.000158,4.9e-05,1.2e-05,1.5e-05,5.6e-05,2e-06,0.000115,1e-06,1e-06,1e-06,5.3e-05,1e-05,0.000221,1e-05,2.4e-05,1e-06,7.6e-05,8e-06,0.000456,0.000396,0.000708,1e-06,1e-06,2e-06,0.000151,0,1e-05,9e-06,4e-06,0.000705,6e-06,3.9e-05,2e-06,1e-06,1e-06,1e-06,0.000193,5e-06,0.000284,2e-06,3e-05,0,0,3e-06,0.000675,0.000334,4e-06,0,1e-06,2.4e-05,0.000485,1e-06,1.9e-05,0.005605,0,0.000655,0,1e-06,3e-06,0.000101,1e-06,1.4e-05,0.000807,0.001136,3e-06,0.000196,4.5e-05,1.7e-05,1e-06,4e-06,1e-06,1e-06,0,1.2e-05,2e-06,1e-06,0.001123,1.2e-05,3e-06,0.000363,1e-06,4.2e-05,0.000305,0.000109,1e-06,1e-06,0.000407,2e-06,2e-05,3.6e-05,3e-06,0.000272,7e-06,1.2e-05,0.002532,8e-06,1e-06,1e-06,0,3e-06,2e-06,1e-06,4e-06,1.4e-05,2e-06,0.00049,1.2e-05,2.7e-05,0.000191,4e-06,2.1e-05,0,0,0,1e-06,8e-06,1e-06,0.000704,1.7e-05,2e-06,1e-06,1e-06,0.000176,0.000833,2e-06,1e-06,8e-06,8.1e-05,6e-06,0.000447,0.000253,0.00019,2.6e-05,0.000351,2.7e-05,0.000146,0.001547,0.000162,0.00021,6e-06,1.8e-05,5.9e-05,8.3e-05,4e-05,0.002181,0.000535,3.4e-05,1e-06,4e-06,3.9e-05,0.000494,3e-06,3.5e-05,1e-06,2e-05,1e-06,7.8e-05,1.3e-05,7.9e-05,0.000102,6.1e-05,8.9e-05,2e-06,7.2e-05,6e-06,0.00098,0.000394,0.000158,4.6e-05,4e-06,2e-06,1.2e-05,1e-06,0,1e-06,0,1.4e-05,0.00063,0.000126,0.000414,1e-06,6e-05,4e-06,0,1e-06,2e-06,2e-06,3.8e-05,1.7e-05,1e-06,0.000248,2e-06,0,2e-06,0.000517,1.2e-05,2e-06,1.8e-05,1e-06,0.000115,2.1e-05,1e-06,0.000209,1e-06,1e-06,1e-06,0,0,2e-06,3e-06
"kilimanjaro/rombo/ngoyoni",0,0,0,0,0,0,0,0,0,0,0,0,0,0,0,0,0,0,0,0,0,0,0,0,0,0,0,0,0,0,0,0,0,0,0,0,0,0,0,0,0,0,0,0,0,0,0,0,0,0,0,0,0,0,0,0,0,0,0,0,0,0,0,0,0,0,0,0,0,0,0,0,0,0,0,0,0,0,0,0,0,0,0,0,0,0,0,0,0,0,0,0,0,0,0,0,0,0,0,0,0,0,0,0,0,0,0,0,0,0,0,0,0,0,0,0,0,0,0,0,0,0,0,0,0,0,0,0,0,0,0,0,0,0,0,0,0,0,0,0,0,0,0,0,0,0,0,0,0,0,0,0,0,0,0,0,0,0,0,0,0,0,0,0,0,0,0,0,0,0,0,0,0,0,0,0,0,0,0,0,0,0,0,0,0,0,0,0,0,0,0,0,0,0,0,0,0,0,0,0,0,0,0,0,0,0,0,0,0,0,0,0,0,0,0,0,0,0,0,0,0,0,0,0,0,0,0,0,0,0,0,0,0,0,0,0,0,0,0,0,0,0,0,0,0,0,0,0,0,0,0,0,0,0,0,0,0,0,0,0,0,0,0,0,0,0,0,0,0,0,0,0,0,0,0,0,0,0,0,0,0,0,0,0,0,0,0,0,0,0,0,0,0,0,0,0,0,0,0,0,0,0,0,0,0,0,0,0,0,0,0,0,0,0,0,0,0,0,0,0,0,0,0,0,0,0,0,0,0,0,0,0,0,0,0,0,0,0,0,0,0,0,0,0,0,0,0,0,0,0,0,0,0,0,0,0,0,0,0,0,0,0,0,0,0,0,0,0,0,0,0,0,0,0,0,0,0,0,0,0,0,0,0,0,0,0,0,0,0,0,0,0,0,0,0,0,0,0
"kilimanjaro/mwanga/ngujini",0,0,0,0,0,0,0,0,0,0,0,0,0,0,0,0,0,0,0,0,0,0,0,0,0,0,0,0,0,0,0,0,0,0,0,0,0,0,0,0,0,0,0,0,0,0,0,0,0,0,0,0,0,0,0,0,0,0,0,0,0,0,0,0,0,0,0,0,0,0,0,0,0,0,0,0,0,0,0,0,0,0,0,0,0,0,0,0,0,0,0,0,0,0,0,0,0,0,0,0,0,0,0,0,0,0,0,0,0,0,0,0,0,0,0,0,0,0,0,0,0,0,0,0,0,0,0,0,0,0,0,0,0,0,0,0,0,0,0,0,0,0,0,0,0,0,0,0,0,0,0,0,0,0,0,0,0,0,0,0,0,0,0,0,0,0,0,0,0,0,0,0,0,0,0,0,0,0,0,0,0,0,0,0,0,0,0,0,0,0,0,0,0,0,0,0,0,0,0,0,0,0,0,0,0,0,0,0,0,0,0,0,0,0,0,0,0,0,0,0,0,0,0,0,0,0,0,0,0,0,0,0,0,0,0,0,0,0,0,0,0,0,0,0,0,0,0,0,0,0,0,0,0,0,0,0,0,0,0,0,0,0,0,0,0,0,0,0,0,0,0,0,0,0,0,0,0,0,0,0,0,0,0,0,0,0,0,0,0,0,0,0,0,0,0,0,0,0,0,0,0,0,0,0,0,0,0,0,0,0,0,0,0,0,0,0,0,0,0,0,0,0,0,0,0,0,0,0,0,0,0,0,0,0,0,0,0,0,0,0,0,0,0,0,0,0,0,0,0,0,0,0,0,0,0,0,0,0,0,0,0,0,0,0,0,0,0,0,0,0,0,0,0,0,0,0,0,0,0,0,0,0,0,0,0,0,0,0,0,0,0,0,0,0,0,0,0,0
"kilimanjaro/moshimunicipal/njoro",0,0,0,0,0,0,0,0,0,0,0,0,0,0,0,0,0,0,0,0,0,0,0,0,0,0,0,0,0,0,0,0,0,0,0,0,0,0,0,0,0,0,0,0,0,0,0,0,0,0,0,0,0,0,0,0,0,0,0,0,0,0,0,0,0,0,0,0,0,0,0,0,0,0,0,0,0,0,0,0,0,0,0,0,0,0,0,0,0,0,0,0,0,0,0,0,0,0,0,0,0,0,0,0,0,0,0,0,0,0,0,0,0,0,0,0,0,0,0,0,0,0,0,0,0,0,0,0,0,0,0,0,0,0,0,0,0,0,0,0,0,0,0,0,0,0,0,0,0,0,0,0,0,0,0,0,0,0,0,0,0,0,0,0,0,0,0,0,0,0,0,0,0,0,0,0,0,0,0,0,0,0,0,0,0,0,0,0,0,0,0,0,0,0,0,0,0,0,0,0,0,0,0,0,0,0,0,0,0,0,0,0,0,0,0,0,0,0,0,0,0,0,0,0,0,0,0,0,0,0,0,0,0,0,0,0,0,0,0,0,0,0,0,0,0,0,0,0,0,0,0,0,0,0,0,0,0,0,0,0,0,0,0,0,0,0,0,0,0,0,0,0,0,0,0,0,0,0,0,0,0,0,0,0,0,0,0,0,0,0,0,0,0,0,0,0,0,0,0,0,0,0,0,0,0,0,0,0,0,0,0,0,0,0,0,0,0,0,0,0,0,0,0,0,0,0,0,0,0,0,0,0,0,0,0,0,0,0,0,0,0,0,0,0,0,0,0,0,0,0,0,0,0,0,0,0,0,0,0,0,0,0,0,0,0,0,0,0,0,0,0,0,0,0,0,0,0,0,0,0,0,0,0,0,0,0,0,0,0,0,0,0,0,0,0,0,0,0
"kilimanjaro/same/njoro",2e-06,0,1e-06,1e-06,0,9.5e-05,0,0,0,5e-06,0,0,2e-06,2.4e-05,1e-06,0,0,0,0,0,2e-06,2e-06,0,1e-06,5e-06,0,0,0,0,5e-06,1.7e-05,0,3e-06,9e-06,0,0,2e-06,1e-06,0,2e-06,0,0,6e-06,1e-06,1e-06,0,0,0.000442,2.8e-05,0,0,0,0,0,1e-06,0,1e-06,0,5.7e-05,1.4e-05,2e-06,3e-06,6e-06,1e-06,0,1.5e-05,3e-06,0,1e-06,5e-06,0,0,1e-06,0,0,3e-06,0,0,0,0,0,0,0,0,0,0,0.000251,0,1e-06,0.000357,0,0,0.000662,1.1e-05,0,1e-06,1e-05,3e-06,0.00038,9.8e-05,0,0,8.3e-05,3e-06,6e-06,7.4e-05,0,3.3e-05,4e-06,4e-06,7e-06,8.7e-05,0,0,2e-06,1e-06,8.7e-05,0,0.000214,1.2e-05,4e-06,0.000245,8e-06,3.9e-05,5e-06,3.2e-05,7e-06,0.00017,1.4e-05,1e-06,1e-06,4.6e-05,0.000245,8e-06,6e-06,1.2e-05,1e-06,2.7e-05,5.2e-05,4.5e-05,1.1e-05,2e-06,4e-06,4e-06,2e-06,0.000639,0,0.000129,8e-05,3.3e-05,1e-06,1.4e-05,2e-06,4.6e-05,0.000287,7.6e-05,3e-06,0,3e-06,0.002938,4.6e-05,3.4e-05,1e-06,5.8e-05,0,0,7.8e-05,4e-06,2.3e-05,8.6e-05,2e-06,9e-06,0.000324,0.000127,2e-06,5e-06,1.9e-05,0,5.2e-05,7e-06,2e-06,0,0.000248,1.4e-05,0.000211,0.009175,0,1e-06,0.000125,3.2e-05,1.6e-05,0,0,0,3e-06,0,2e-06,0,7e-05,0,6.6e-05,2e-06,0.000202,0,9.8e-05,3e-06,0.001199,6e-06,2e-06,2e-06,2e-06,0,0.000298,1e-06,0,4.5e-05,0,0.000777,9e-06,6.3e-05,0,0,0,1e-06,0.000129,2e-06,0.00016,2e-06,0,0,0,0,2e-05,3.5e-05,1e-06,0,2e-06,1.1e-05,1e-06,1e-06,1.3e-05,0.000281,1e-06,0.051674,8e-06,1e-06,4e-06,2.1e-05,0,1e-06,0.000108,4.2e-05,0,3.4e-05,2.2e-05,0.000109,1e-06,3.4e-05,1e-06,9e-06,5e-06,3.7e-05,0,4e-06,4e-06,0,0,2.4e-05,0,1e-06,2.2e-05,0.000881,5e-06,1.1e-05,0.000821,3e-06,9.9e-05,4.2e-05,0,0,1e-05,0,0.000212,0,0,0,0,2e-06,0,0,1e-06,4e-06,7e-06,0.000133,1.7e-05,9e-06,3.4e-05,1e-06,0.000199,1e-06,1e-06,4e-06,1e-06,0,0,9e-06,3e-06,0,0,1e-06,1.9e-05,1e-06,0,1e-06,1e-05,0,0,5.3e-05,0.000247,3.1e-05,5e-06,3.1e-05,1.4e-05,3.3e-05,0.000168,2e-06,3e-06,1e-06,0,6e-06,1.2e-05,4e-06,0.000156,1e-05,6.1e-05,0,6e-06,0,0.00011,0,0,1e-06,0,0,0.001366,2.6e-05,1e-06,1.2e-05,0.00983,1e-06,0,2.7e-05,1e-06,0.000138,3e-06,6e-06,3.6e-05,4e-05,2e-06,1.5e-05,0,0,0,0,0,9.7e-05,1.8e-05,5.2e-05,0,1.2e-05,6e-06,9e-06,5e-06,0,1e-06,6e-06,3e-06,0,3.5e-05,0,7e-06,0,0.000445,0,0,2e-06,1e-06,0.000121,2.3e-05,1e-06,5.6e-05,1e-06,8e-06,1e-05,1e-05,1e-06,0,0
"manyara/kiteto/njoro",0,0,0,0,0,0,0,0,0,0,0,0,0,0,0,0,0,0,0,0,0,0,0,0,0,0,0,0,0,0,0,0,0,0,0,0,0,0,0,0,0,0,0,0,0,0,0,0,0,0,0,0,0,0,0,0,0,0,0,0,0,0,0,0,0,0,0,0,0,0,0,0,0,0,0,0,0,0,0,0,0,0,0,0,0,0,0,0,0,0,0,0,0,0,0,0,0,0,0,0,0,0,0,0,0,0,0,0,0,0,0,0,0,0,0,0,0,0,0,0,0,0,0,0,0,0,0,0,0,0,0,0,0,0,0,0,0,0,0,0,0,0,0,0,0,0,0,0,0,0,0,0,0,0,0,0,0,0,0,0,0,0,0,0,0,0,0,0,0,0,0,0,0,0,0,0,0,0,0,0,0,0,0,0,0,0,0,0,0,0,0,0,0,0,0,0,0,0,0,0,0,0,0,0,0,0,0,0,0,0,0,0,0,0,0,0,0,0,0,0,0,0,0,0,0,0,0,0,0,0,0,0,0,0,0,0,0,0,0,0,0,0,0,0,0,0,0,0,0,0,0,0,0,0,0,0,0,0,0,0,0,0,0,0,0,0,0,0,0,0,0,0,0,0,0,0,0,0,0,0,0,0,0,0,0,0,0,0,0,0,0,0,0,0,0,0,0,0,0,0,0,0,0,0,0,0,0,0,0,0,0,0,0,0,0,0,0,0,0,0,0,0,0,0,0,0,0,0,0,0,0,0,0,0,0,0,0,0,0,0,0,0,0,0,0,0,0,0,0,0,0,0,0,0,0,0,0,0,0,0,0,0,0,0,0,0,0,0,0,0,0,0,0,0,0,0,0,0,0,0,0,0,0,0,0,0,0,0,0,0,0,0,0,0,0,0,0,0
"manyara/babati/nkaiti",2.5e-05,9e-06,1e-06,3.5e-05,4e-06,6.6e-05,4e-06,5e-06,3e-06,0.001205,1.6e-05,1e-06,1.9e-05,0.000306,8.4e-05,1.5e-05,5e-06,1.7e-05,2e-06,6e-06,1e-06,1.4e-05,2e-06,1e-06,1e-06,0,6e-06,2e-05,0,1e-06,0.000101,1e-06,0,1e-06,3.6e-05,6e-06,3.2e-05,0.000178,3.6e-05,3.1e-05,3e-06,1e-06,5.2e-05,0.000129,9e-06,3e-06,1.4e-05,0.007971,0.00197,1.9e-05,8e-06,6e-06,2e-05,3e-06,9.2e-05,1e-06,3e-06,1.2e-05,4.4e-05,0.001331,4.8e-05,0.000264,0.000105,4e-06,0,0.000217,0.000147,1e-06,0.000334,0.000841,7e-06,0,3e-06,0.000217,5e-06,9.3e-05,1.3e-05,1e-06,1e-06,1e-06,1e-06,1.1e-05,2e-06,1e-06,4e-06,5e-06,0.000563,2e-06,5e-05,0.000157,1e-06,1e-06,0.000375,0.000143,7e-06,0.000476,3.3e-05,0,0.000199,4.7e-05,8e-06,2e-06,2.9e-05,4.9e-05,7e-06,0.000251,1.1e-05,4.4e-05,2.4e-05,0.001461,2.3e-05,0.000116,3.6e-05,1e-06,2e-06,1e-06,0.000213,1e-06,0.000233,2.2e-05,1.2e-05,0.000412,1e-06,4e-06,0,1.2e-05,4.4e-05,0.001192,9.3e-05,1e-06,1e-06,4.3e-05,8.6e-05,1e-05,0,0.000171,1e-05,2.7e-05,0.000578,7.2e-05,4.4e-05,1e-06,6.4e-05,7e-06,2e-06,6.3e-05,1.4e-05,9.7e-05,8e-05,2.6e-05,1e-06,1e-06,2e-06,1e-06,4.8e-05,0.002602,5e-06,1.5e-05,6e-06,0.003511,1.2e-05,0.000614,1e-06,3e-06,1e-06,1e-06,1.8e-05,2.4e-05,0.000359,7e-06,1.5e-05,0.001693,0.005382,3.1e-05,8e-06,0.000141,0.004798,2e-06,7e-05,2.5e-05,0,6e-06,9e-05,1.2e-05,0.000469,0.009131,1e-06,2e-06,0.00024,7.4e-05,2e-05,4.1e-05,0.000567,3e-06,0.00243,2e-06,1e-06,9e-06,8.1e-05,7e-06,0.00042,2.7e-05,5.2e-05,2e-06,0.000101,1.2e-05,0.000647,0.002864,9.8e-05,2e-06,1e-06,3.1e-05,2e-04,1e-06,2e-06,1.2e-05,7e-06,0.000876,9e-06,5.4e-05,3e-06,2e-06,2e-06,2e-06,0.000311,7e-06,0.000413,4e-06,2.4e-05,1e-06,1e-06,6e-06,0.000349,0.000884,7e-06,0,2e-06,8.2e-05,0.000291,1e-06,4.1e-05,0.016727,1e-06,0.001431,1e-06,1e-06,4e-06,0.000235,2e-06,4.5e-05,0.00171,0.00222,7e-06,0.000448,5.5e-05,2.4e-05,1e-06,6e-06,1e-06,1e-06,1e-06,3.1e-05,4.3e-05,1e-06,0.001849,8e-06,8e-06,0.00077,5e-06,0.001426,0.000562,0.000171,1e-06,1e-06,0.00056,3e-06,2.7e-05,0.000136,1.6e-05,4.3e-05,1.4e-05,3e-06,0.002144,2.5e-05,1e-06,1e-05,1e-06,3e-06,5e-06,2e-06,8e-06,1.8e-05,2e-06,0.00117,1.7e-05,3.6e-05,0.000428,9e-06,3.9e-05,0.000144,0,0,1e-06,1.3e-05,2e-06,0,3.5e-05,4e-06,3e-06,2e-06,0.000595,6e-05,5e-06,1e-06,1.1e-05,5e-06,3e-06,0.000938,0.00032,0.000826,9.4e-05,0.000612,4.6e-05,0.000165,0.004347,6.7e-05,8.7e-05,1.4e-05,7e-06,0.000126,0.000171,8.1e-05,0.002936,0.000187,0.000101,2e-06,6e-06,1.2e-05,0.001,1.6e-05,8e-06,1e-06,1e-05,6e-06,0.00013,1.9e-05,2.2e-05,0.000181,9.5e-05,2.7e-05,5e-06,0.00011,1.3e-05,0.002123,0.000626,0.000441,0.000171,5e-06,2e-06,1.8e-05,6e-06,1e-06,5e-06,1e-06,5e-06,0.001303,0.000421,0.000948,2e-06,0.000109,7e-06,0,1e-06,4e-06,3e-06,0.000102,0.000113,3e-06,0.000388,4e-06,0,4e-06,0.000642,2.2e-05,5e-06,3.9e-05,1e-06,0.00017,3e-05,1e-06,0.00043,1e-06,1e-06,2e-06,0,0,5e-06,2e-06
"arusha/meru/nkoanrua",0,0,0,0,0,0,0,0,0,0,0,0,0,0,0,0,0,0,0,0,0,0,0,0,0,0,0,0,0,0,0,0,0,0,0,0,0,0,0,0,0,0,0,0,0,0,0,0,0,0,0,0,0,0,0,0,0,0,0,0,0,0,0,0,0,0,0,0,0,0,0,0,0,0,0,0,0,0,0,0,0,0,0,0,0,0,0,0,0,0,0,0,0,0,0,0,0,0,0,0,0,0,0,0,0,0,0,0,0,0,0,0,0,0,0,0,0,0,0,0,0,0,0,0,0,0,0,0,0,0,0,0,0,0,0,0,0,0,0,0,0,0,0,0,0,0,0,0,0,0,0,0,0,0,0,0,0,0,0,0,0,0,0,0,0,0,0,0,0,0,0,0,0,0,0,0,0,0,0,0,0,0,0,0,0,0,0,0,0,0,0,0,0,0,0,0,0,0,0,0,0,0,0,0,0,0,0,0,0,0,0,0,0,0,0,0,0,0,0,0,0,0,0,0,0,0,0,0,0,0,0,0,0,0,0,0,0,0,0,0,0,0,0,0,0,0,0,0,0,0,0,0,0,0,0,0,0,0,0,0,0,0,0,0,0,0,0,0,0,0,0,0,0,0,0,0,0,0,0,0,0,0,0,0,0,0,0,0,0,0,0,0,0,0,0,0,0,0,0,0,0,0,0,0,0,0,0,0,0,0,0,0,0,0,0,0,0,0,0,0,0,0,0,0,0,0,0,0,0,0,0,0,0,0,0,0,0,0,0,0,0,0,0,0,0,0,0,0,0,0,0,0,0,0,0,0,0,0,0,0,0,0,0,0,0,0,0,0,0,0,0,0,0,0,0,0,0,0,0,0,0,0,0,0,0,0,0,0,0,0,0,0,0,0,0,0,0,0
"arusha/meru/nkoaranga",0,0,0,0,0,0,0,0,0,0,0,0,0,0,0,0,0,0,0,0,0,0,0,0,0,0,0,0,0,0,0,0,0,0,0,0,0,0,0,0,0,0,0,0,0,0,0,0,0,0,0,0,0,0,0,0,0,0,0,0,0,0,0,0,0,0,0,0,0,0,0,0,0,0,0,0,0,0,0,0,0,0,0,0,0,0,0,0,0,0,0,0,0,0,0,0,0,0,0,0,0,0,0,0,0,0,0,0,0,0,0,0,0,0,0,0,0,0,0,0,0,0,0,0,0,0,0,0,0,0,0,0,0,0,0,0,0,0,0,0,0,0,0,0,0,0,0,0,0,0,0,0,0,0,0,0,0,0,0,0,0,0,0,0,0,0,0,0,0,0,0,0,0,0,0,0,0,0,0,0,0,0,0,0,0,0,0,0,0,0,0,0,0,0,0,0,0,0,0,0,0,0,0,0,0,0,0,0,0,0,0,0,0,0,0,0,0,0,0,0,0,0,0,0,0,0,0,0,0,0,0,0,0,0,0,0,0,0,0,0,0,0,0,0,0,0,0,0,0,0,0,0,0,0,0,0,0,0,0,0,0,0,0,0,0,0,0,0,0,0,0,0,0,0,0,0,0,0,0,0,0,0,0,0,0,0,0,0,0,0,0,0,0,0,0,0,0,0,0,0,0,0,0,0,0,0,0,0,0,0,0,0,0,0,0,0,0,0,0,0,0,0,0,0,0,0,0,0,0,0,0,0,0,0,0,0,0,0,0,0,0,0,0,0,0,0,0,0,0,0,0,0,0,0,0,0,0,0,0,0,0,0,0,0,0,0,0,0,0,0,0,0,0,0,0,0,0,0,0,0,0,0,0,0,0,0,0,0,0,0,0,0,0,0,0,0,0,0
"arusha/meru/nkoarisambu",0,0,0,0,0,0,0,0,0,0,0,0,0,0,0,0,0,0,0,0,0,0,0,0,0,0,0,0,0,0,0,0,0,0,0,0,0,0,0,0,0,0,0,0,0,0,0,0,0,0,0,0,0,0,0,0,0,0,0,0,0,0,0,0,0,0,0,0,0,0,0,0,0,0,0,0,0,0,0,0,0,0,0,0,0,0,0,0,0,0,0,0,0,0,0,0,0,0,0,0,0,0,0,0,0,0,0,0,0,0,0,0,0,0,0,0,0,0,0,0,0,0,0,0,0,0,0,0,0,0,0,0,0,0,0,0,0,0,0,0,0,0,0,0,0,0,0,0,0,0,0,0,0,0,0,0,0,0,0,0,0,0,0,0,0,0,0,0,0,0,0,0,0,0,0,0,0,0,0,0,0,0,0,0,0,0,0,0,0,0,0,0,0,0,0,0,0,0,0,0,0,0,0,0,0,0,0,0,0,0,0,0,0,0,0,0,0,0,0,0,0,0,0,0,0,0,0,0,0,0,0,0,0,0,0,0,0,0,0,0,0,0,0,0,0,0,0,0,0,0,0,0,0,0,0,0,0,0,0,0,0,0,0,0,0,0,0,0,0,0,0,0,0,0,0,0,0,0,0,0,0,0,0,0,0,0,0,0,0,0,0,0,0,0,0,0,0,0,0,0,0,0,0,0,0,0,0,0,0,0,0,0,0,0,0,0,0,0,0,0,0,0,0,0,0,0,0,0,0,0,0,0,0,0,0,0,0,0,0,0,0,0,0,0,0,0,0,0,0,0,0,0,0,0,0,0,0,0,0,0,0,0,0,0,0,0,0,0,0,0,0,0,0,0,0,0,0,0,0,0,0,0,0,0,0,0,0,0,0,0,0,0,0,0,0,0,0,0
"kilimanjaro/moshi/okaoni",0,0,0,0,0,0,0,0,0,0,0,0,0,0,0,0,0,0,0,0,0,0,0,0,0,0,0,0,0,0,0,0,0,0,0,0,0,0,0,0,0,0,0,0,0,0,0,0,0,0,0,0,0,0,0,0,0,0,0,0,0,0,0,0,0,0,0,0,0,0,0,0,0,0,0,0,0,0,0,0,0,0,0,0,0,0,0,0,0,0,0,0,0,0,0,0,0,0,0,0,0,0,0,0,0,0,0,0,0,0,0,0,0,0,0,0,0,0,0,0,0,0,0,0,0,0,0,0,0,0,0,0,0,0,0,0,0,0,0,0,0,0,0,0,0,0,0,0,0,0,0,0,0,0,0,0,0,0,0,0,0,0,0,0,0,0,0,0,0,0,0,0,0,0,0,0,0,0,0,0,0,0,0,0,0,0,0,0,0,0,0,0,0,0,0,0,0,0,0,0,0,0,0,0,0,0,0,0,0,0,0,0,0,0,0,0,0,0,0,0,0,0,0,0,0,0,0,0,0,0,0,0,0,0,0,0,0,0,0,0,0,0,0,0,0,0,0,0,0,0,0,0,0,0,0,0,0,0,0,0,0,0,0,0,0,0,0,0,0,0,0,0,0,0,0,0,0,0,0,0,0,0,0,0,0,0,0,0,0,0,0,0,0,0,0,0,0,0,0,0,0,0,0,0,0,0,0,0,0,0,0,0,0,0,0,0,0,0,0,0,0,0,0,0,0,0,0,0,0,0,0,0,0,0,0,0,0,0,0,0,0,0,0,0,0,0,0,0,0,0,0,0,0,0,0,0,0,0,0,0,0,0,0,0,0,0,0,0,0,0,0,0,0,0,0,0,0,0,0,0,0,0,0,0,0,0,0,0,0,0,0,0,0,0,0,0,0,0
"arusha/arushaurban/olasiti",2.6e-05,0,0,1e-06,0,9e-06,0,0,0,3e-06,0,0,2.5e-05,0.00052,0,0,0,0,0,0,0,4e-06,0,0,0,0,0,0,0,0,4.5e-05,0,0,0,0,0,0.000111,1e-06,0,1e-06,0,0,1e-06,0,0,0,1e-06,0.040646,3.2e-05,0,0,0,0,0,0,0,1e-06,0,2e-06,1.2e-05,4e-06,9e-06,2e-05,0,0,0.000439,5.5e-05,0,1e-06,4e-06,0,0,1e-06,0,0,5e-06,1e-06,0,0,0,0,0,0,0,0,0,0.000125,0,0,6e-06,0,0,3.7e-05,0.000143,0,1e-06,7e-06,0,2.4e-05,5e-06,0,0,1e-06,0.000155,1e-06,3.2e-05,0,7e-06,8e-06,7e-06,5e-06,1.3e-05,0,4e-06,0,0,5.1e-05,0,3.3e-05,3e-06,2e-06,6.2e-05,0,0,0,0,1e-06,0.000477,4.8e-05,0,0,5e-06,9e-06,2e-06,0,0.000367,2e-05,4e-06,6.2e-05,1.2e-05,1.5e-05,0,0.000227,1e-06,0,5e-06,0,1.2e-05,1e-05,3e-06,0,0,0,0,2e-06,0.003177,0,1e-06,0,0.000542,1e-06,3.1e-05,0,0,0,0,2e-06,9e-06,0.001023,1e-06,0,6e-05,0.019926,2e-06,2e-06,2e-06,5.7e-05,0,1.1e-05,1e-06,0,0,4e-06,2e-06,8.5e-05,0.001635,0,0,4.4e-05,1.4e-05,3e-06,0,0,0,3e-06,0,0,0,1.2e-05,0,0.000212,0,2e-06,1e-06,1.1e-05,4e-06,6.9e-05,2.9e-05,2e-06,0,0,0,2e-05,0,0,1e-06,0,8.5e-05,1e-06,6e-06,0,1e-06,0,0,6.8e-05,2e-06,8.1e-05,1e-06,0,0,0,0,1.8e-05,0.003254,0,0,0,2.8e-05,4e-06,0,1e-05,0.001117,0,0.000101,0,0,1e-06,0.000246,0,2.1e-05,0.004581,0.000435,2e-06,0.000759,7e-06,1e-06,0,1e-06,0,0,0,4e-06,0,0,9e-06,1e-06,0,0.000763,0,1e-06,0.000464,1.6e-05,0,0,6e-05,0,1e-06,7e-06,0,1e-06,2e-06,0,0.000215,0,0,0,0,0,0,0,0,3e-06,0,0.000742,2e-06,8e-06,0.000193,3.9e-05,3e-06,1e-06,0,0,0,1e-06,0,1.8e-05,4.5e-05,3e-06,3e-06,0,0,1e-06,0,0,2e-06,0,0,0.000402,3.5e-05,0.000441,1.5e-05,0.000505,1.2e-05,2.5e-05,0.008597,2e-06,2e-06,3.2e-05,0,0.000461,0.000323,0.000156,0.000411,5e-06,4e-06,0,1e-06,0,0.000822,0,0,0,0,0,7e-06,1e-06,1e-06,0.000168,6e-06,1e-06,0,2.9e-05,1.2e-05,0.005789,1.5e-05,5.3e-05,2.3e-05,0,0,3e-06,0,0,0,0,0,0.002199,0.001746,0.006636,0,7.3e-05,1e-06,0,0,0,0,0.000148,6e-06,9e-06,6.6e-05,0,0,0,6.9e-05,0,0,0.000166,0,2.6e-05,4e-06,0,0.000282,0,0,0,0,0,0,0
"arusha/ngorongoro/olbalbal",4e-06,5.2e-05,0,0.000197,0,1.3e-05,0,0,0,4.1e-05,1e-06,0,3e-06,4.1e-05,3.4e-05,1e-06,1e-06,1e-06,0,1e-06,0,3e-06,0,0,0,0,0,1e-06,0,0,1.1e-05,0,0,0,2.2e-05,1e-06,4e-06,1.2e-05,3e-06,6e-05,0,0,1.2e-05,1.3e-05,2e-06,0,6e-06,0.001039,6.7e-05,4e-06,1e-06,7e-06,2e-06,1e-06,7e-06,0,0,0,7e-06,0.007751,2.9e-05,0.000203,3.2e-05,1e-06,0,2.6e-05,2e-05,0,1.6e-05,2.6e-05,4e-06,0,1e-06,8e-06,1e-06,9.9e-05,1.7e-05,0,0,0,0,1e-06,0,0,0,1e-06,0.000107,0,1.1e-05,3.6e-05,0,0,9.3e-05,2.4e-05,4e-06,3.4e-05,7e-06,0,4.1e-05,1e-05,0,3e-06,7e-06,6e-06,1e-06,7.9e-05,1e-06,9e-06,5e-06,0.000456,5e-06,3.1e-05,4e-06,0,0,0,3.7e-05,0,5.2e-05,5e-06,3e-06,1e-04,0,1e-06,0,3e-06,9e-06,0.000195,1.2e-05,0,0,1e-05,1.9e-05,2e-06,0,2.3e-05,1e-06,6e-06,0.000265,1.6e-05,8e-06,0,9e-06,1e-06,1e-06,1.4e-05,1e-06,2.2e-05,1.9e-05,6e-06,0,0,1e-06,0,1.2e-05,0.000293,1e-06,8e-06,1e-06,0.000757,3e-06,4.1e-05,0,1e-06,0,0,4e-06,5e-06,4.4e-05,1e-06,3e-06,0.000159,0.000708,5e-06,2e-06,9e-06,0.000115,1e-06,1.5e-05,5e-06,0,2.1e-05,2e-05,2e-06,0.000108,0.001877,0,0,5.2e-05,1.6e-05,4e-06,3e-06,1.1e-05,1e-06,3.1e-05,0,0,0,1.8e-05,1e-06,6.8e-05,3e-06,1.1e-05,0,2.6e-05,2e-06,0.000154,0.000114,0.000949,0,0,1e-06,5.2e-05,0,1e-06,3e-06,1e-06,0.000246,2e-06,1.3e-05,0,0,0,0,6.3e-05,2e-06,9.5e-05,1e-06,4e-06,0,0,1e-06,0.000332,9.1e-05,1e-06,0,0,1e-05,0.000135,0,6e-06,0.000851,0,0.000305,0,0,1e-06,2.9e-05,0,4e-06,0.000234,0.00048,1e-06,5.7e-05,1.6e-05,6e-06,0,1e-06,0,0,0,5e-06,0,0,0.000235,5e-06,0,0.000101,0,8e-06,8.9e-05,3.6e-05,0,0,0.000138,1e-06,7e-06,1.5e-05,1e-06,6.5e-05,2e-06,6e-06,0.001001,1e-06,0,0,0,1e-06,0,0,1e-06,5e-06,1e-06,0.000142,4e-06,9e-06,8.6e-05,1e-06,7e-06,0.000485,0,0,0,3e-06,0,0.000171,5e-06,1e-06,0,0,7e-05,0,1e-06,0,3e-06,4e-06,5e-06,0.000202,8.8e-05,7.3e-05,7e-06,0.000105,9e-06,5.2e-05,0.00064,0.000174,0.000223,2e-06,1.2e-05,1.7e-05,2.4e-05,1.2e-05,0.001142,0.000359,1.5e-05,0,1e-06,2.5e-05,0.000148,1e-06,3e-06,0,2e-06,0,2.5e-05,4e-06,6e-05,3.1e-05,2e-05,6.5e-05,0,2.4e-05,2e-06,0.000284,0.000131,3.9e-05,1.9e-05,1e-06,1e-06,4e-06,0,0,0,0,1e-05,0.000185,5e-05,0.000118,0,1.9e-05,1e-06,0,0,1e-06,1e-06,1.1e-05,6e-06,0,0.000125,0,0,0,0.000181,3e-06,0,5e-06,0,3.8e-05,7e-06,0,6.3e-05,0,0,0,0,0,0,1e-06
"manyara/kiteto/olboroti",0,0,0,0,0,0,0,0,0,0,0,0,0,0,0,0,0,0,0,0,0,0,0,0,0,0,0,0,0,0,0,0,0,0,0,0,0,0,0,0,0,0,0,0,0,0,0,0,0,0,0,0,0,0,0,0,0,0,0,0,0,0,0,0,0,0,0,0,0,0,0,0,0,0,0,0,0,0,0,0,0,0,0,0,0,0,0,0,0,0,0,0,0,0,0,0,0,0,0,0,0,0,0,0,0,0,0,0,0,0,0,0,0,0,0,0,0,0,0,0,0,0,0,0,0,0,0,0,0,0,0,0,0,0,0,0,0,0,0,0,0,0,0,0,0,0,0,0,0,0,0,0,0,0,0,0,0,0,0,0,0,0,0,0,0,0,0,0,0,0,0,0,0,0,0,0,0,0,0,0,0,0,0,0,0,0,0,0,0,0,0,0,0,0,0,0,0,0,0,0,0,0,0,0,0,0,0,0,0,0,0,0,0,0,0,0,0,0,0,0,0,0,0,0,0,0,0,0,0,0,0,0,0,0,0,0,0,0,0,0,0,0,0,0,0,0,0,0,0,0,0,0,0,0,0,0,0,0,0,0,0,0,0,0,0,0,0,0,0,0,0,0,0,0,0,0,0,0,0,0,0,0,0,0,0,0,0,0,0,0,0,0,0,0,0,0,0,0,0,0,0,0,0,0,0,0,0,0,0,0,0,0,0,0,0,0,0,0,0,0,0,0,0,0,0,0,0,0,0,0,0,0,0,0,0,0,0,0,0,0,0,0,0,0,0,0,0,0,0,0,0,0,0,0,0,0,0,0,0,0,0,0,0,0,0,0,0,0,0,0,0,0,0,0,0,0,0,0,0,0,0,0,0,0,0,0,0,0,0,0,0,0,0,0,0,0,0,0
"kilimanjaro/moshi/oldmoshimagharibi",0,0,0,0,0,0,0,0,0,0,0,0,0,0,0,0,0,0,0,0,0,0,0,0,0,0,0,0,0,0,0,0,0,0,0,0,0,0,0,0,0,0,0,0,0,0,0,0,0,0,0,0,0,0,0,0,0,0,0,0,0,0,0,0,0,0,0,0,0,0,0,0,0,0,0,0,0,0,0,0,0,0,0,0,0,0,0,0,0,0,0,0,0,0,0,0,0,0,0,0,0,0,0,0,0,0,0,0,0,0,0,0,0,0,0,0,0,0,0,0,0,0,0,0,0,0,0,0,0,0,0,0,0,0,0,0,0,0,0,0,0,0,0,0,0,0,0,0,0,0,0,0,0,0,0,0,0,0,0,0,0,0,0,0,0,0,0,0,0,0,0,0,0,0,0,0,0,0,0,0,0,0,0,0,0,0,0,0,0,0,0,0,0,0,0,0,0,0,0,0,0,0,0,0,0,0,0,0,0,0,0,0,0,0,0,0,0,0,0,0,0,0,0,0,0,0,0,0,0,0,0,0,0,0,0,0,0,0,0,0,0,0,0,0,0,0,0,0,0,0,0,0,0,0,0,0,0,0,0,0,0,0,0,0,0,0,0,0,0,0,0,0,0,0,0,0,0,0,0,0,0,0,0,0,0,0,0,0,0,0,0,0,0,0,0,0,0,0,0,0,0,0,0,0,0,0,0,0,0,0,0,0,0,0,0,0,0,0,0,0,0,0,0,0,0,0,0,0,0,0,0,0,0,0,0,0,0,0,0,0,0,0,0,0,0,0,0,0,0,0,0,0,0,0,0,0,0,0,0,0,0,0,0,0,0,0,0,0,0,0,0,0,0,0,0,0,0,0,0,0,0,0,0,0,0,0,0,0,0,0,0,0,0,0,0,0,0,0
"kilimanjaro/moshi/oldmoshimashariki",0,0,0,0,0,0,0,0,0,0,0,0,0,0,0,0,0,0,0,0,0,0,0,0,0,0,0,0,0,0,0,0,0,0,0,0,0,0,0,0,0,0,0,0,0,0,0,0,0,0,0,0,0,0,0,0,0,0,0,0,0,0,0,0,0,0,0,0,0,0,0,0,0,0,0,0,0,0,0,0,0,0,0,0,0,0,0,0,0,0,0,0,0,0,0,0,0,0,0,0,0,0,0,0,0,0,0,0,0,0,0,0,0,0,0,0,0,0,0,0,0,0,0,0,0,0,0,0,0,0,0,0,0,0,0,0,0,0,0,0,0,0,0,0,0,0,0,0,0,0,0,0,0,0,0,0,0,0,0,0,0,0,0,0,0,0,0,0,0,0,0,0,0,0,0,0,0,0,0,0,0,0,0,0,0,0,0,0,0,0,0,0,0,0,0,0,0,0,0,0,0,0,0,0,0,0,0,0,0,0,0,0,0,0,0,0,0,0,0,0,0,0,0,0,0,0,0,0,0,0,0,0,0,0,0,0,0,0,0,0,0,0,0,0,0,0,0,0,0,0,0,0,0,0,0,0,0,0,0,0,0,0,0,0,0,0,0,0,0,0,0,0,0,0,0,0,0,0,0,0,0,0,0,0,0,0,0,0,0,0,0,0,0,0,0,0,0,0,0,0,0,0,0,0,0,0,0,0,0,0,0,0,0,0,0,0,0,0,0,0,0,0,0,0,0,0,0,0,0,0,0,0,0,0,0,0,0,0,0,0,0,0,0,0,0,0,0,0,0,0,0,0,0,0,0,0,0,0,0,0,0,0,0,0,0,0,0,0,0,0,0,0,0,0,0,0,0,0,0,0,0,0,0,0,0,0,0,0,0,0,0,0,0,0,0,0,0,0
"arusha/karatu/oldean",0,0,0,0,0,0,0,0,0,0,0,0,0,0,0,0,0,0,0,0,0,0,0,0,0,0,0,0,0,0,0,0,0,0,0,0,0,0,0,0,0,0,0,0,0,0,0,0,0,0,0,0,0,0,0,0,0,0,0,0,0,0,0,0,0,0,0,0,0,0,0,0,0,0,0,0,0,0,0,0,0,0,0,0,0,0,0,0,0,0,0,0,0,0,0,0,0,0,0,0,0,0,0,0,0,0,0,0,0,0,0,0,0,0,0,0,0,0,0,0,0,0,0,0,0,0,0,0,0,0,0,0,0,0,0,0,0,0,0,0,0,0,0,0,0,0,0,0,0,0,0,0,0,0,0,0,0,0,0,0,0,0,0,0,0,0,0,0,0,0,0,0,0,0,0,0,0,0,0,0,0,0,0,0,0,0,0,0,0,0,0,0,0,0,0,0,0,0,0,0,0,0,0,0,0,0,0,0,0,0,0,0,0,0,0,0,0,0,0,0,0,0,0,0,0,0,0,0,0,0,0,0,0,0,0,0,0,0,0,0,0,0,0,0,0,0,0,0,0,0,0,0,0,0,0,0,0,0,0,0,0,0,0,0,0,0,0,0,0,0,0,0,0,0,0,0,0,0,0,0,0,0,0,0,0,0,0,0,0,0,0,0,0,0,0,0,0,0,0,0,0,0,0,0,0,0,0,0,0,0,0,0,0,0,0,0,0,0,0,0,0,0,0,0,0,0,0,0,0,0,0,0,0,0,0,0,0,0,0,0,0,0,0,0,0,0,0,0,0,0,0,0,0,0,0,0,0,0,0,0,0,0,0,0,0,0,0,0,0,0,0,0,0,0,0,0,0,0,0,0,0,0,0,0,0,0,0,0,0,0,0,0,0,0,0,0,0,0
"arusha/ngorongoro/oldonyosambu",0,0,0,0,0,0,0,0,0,0,0,0,0,0,0,0,0,0,0,0,0,0,0,0,0,0,0,0,0,0,0,0,0,0,0,0,0,0,0,0,0,0,0,0,0,0,0,0,0,0,0,0,0,0,0,0,0,0,0,0,0,0,0,0,0,0,0,0,0,0,0,0,0,0,0,0,0,0,0,0,0,0,0,0,0,0,0,0,0,0,0,0,0,0,0,0,0,0,0,0,0,0,0,0,0,0,0,0,0,0,0,0,0,0,0,0,0,0,0,0,0,0,0,0,0,0,0,0,0,0,0,0,0,0,0,0,0,0,0,0,0,0,0,0,0,0,0,0,0,0,0,0,0,0,0,0,0,0,0,0,0,0,0,0,0,0,0,0,0,0,0,0,0,0,0,0,0,0,0,0,0,0,0,0,0,0,0,0,0,0,0,0,0,0,0,0,0,0,0,0,0,0,0,0,0,0,0,0,0,0,0,0,0,0,0,0,0,0,0,0,0,0,0,0,0,0,0,0,0,0,0,0,0,0,0,0,0,0,0,0,0,0,0,0,0,0,0,0,0,0,0,0,0,0,0,0,0,0,0,0,0,0,0,0,0,0,0,0,0,0,0,0,0,0,0,0,0,0,0,0,0,0,0,0,0,0,0,0,0,0,0,0,0,0,0,0,0,0,0,0,0,0,0,0,0,0,0,0,0,0,0,0,0,0,0,0,0,0,0,0,0,0,0,0,0,0,0,0,0,0,0,0,0,0,0,0,0,0,0,0,0,0,0,0,0,0,0,0,0,0,0,0,0,0,0,0,0,0,0,0,0,0,0,0,0,0,0,0,0,0,0,0,0,0,0,0,0,0,0,0,0,0,0,0,0,0,0,0,0,0,0,0,0,0,0,0,0,0
"arusha/arusha/oldonyosambu",0.00819,0.000107,0.000143,0.000556,6e-06,0.006524,3e-06,4e-06,5e-06,0.001355,2.1e-05,3e-06,0.009818,0.085581,0.000231,1.3e-05,9e-06,3.1e-05,5e-06,1.9e-05,2.3e-05,0.006048,4e-06,0.000178,2.4e-05,5.7e-05,9e-06,1.3e-05,2e-06,3.2e-05,0.009162,1.4e-05,1.4e-05,4.2e-05,8.4e-05,1.2e-05,0.007604,0.000281,3.3e-05,0.000857,6e-06,3e-06,0.000659,0.000214,9.6e-05,5e-06,0.000978,0.757355,0.008739,2.7e-05,8e-06,1.8e-05,2.6e-05,7e-06,0.000201,3e-06,0.000308,1.7e-05,0.000914,0.007537,0.005989,0.00639,0.05831,4.5e-05,1e-06,0.03606,0.01322,4e-06,0.000465,0.001525,2e-05,1e-06,0.001538,0.000129,1.8e-05,0.005201,0.000469,2e-06,3e-06,4e-06,2e-06,2.2e-05,4e-06,5e-06,1e-05,6e-06,0.10605,4e-06,0.000166,0.003966,2e-06,5e-06,0.032939,0.127852,0.000354,0.000454,0.011654,2.8e-05,0.018479,0.004268,6e-06,1e-05,0.000772,0.013788,0.000886,0.050634,1.2e-05,0.006895,0.020571,0.003331,0.007681,0.015282,0.000107,0.000311,0.000211,0.000132,0.037814,1e-05,0.031535,0.004211,0.002487,0.070742,7.2e-05,0.000261,2.6e-05,3e-04,0.000587,0.286405,0.01648,0.000184,0.00014,0.004494,0.006969,0.001493,1.7e-05,0.048092,0.004192,0.003514,0.114423,0.012733,0.014308,1.7e-05,0.018522,0.001156,0.000263,0.003548,1.3e-05,0.010794,0.010141,0.002916,0.000145,5.3e-05,0.000189,4.4e-05,0.001622,0.211113,0.00056,0.001557,9.9e-05,0.370707,0.000894,0.008801,8.7e-05,0.000151,4e-06,4e-06,0.001225,0.015637,0.064977,0.000397,0.000199,0.019558,0.668889,0.000865,0.003016,0.000899,0.014198,0.000517,0.011058,0.000356,1.1e-05,0.000116,0.002166,0.001332,0.10125,0.691267,0.000239,0.000394,0.047712,0.017481,0.002792,5.7e-05,0.000209,8e-06,0.00123,2.5e-05,0.000122,8e-06,0.011467,2.2e-05,0.146297,0.000212,0.001401,0.000269,0.011777,0.005364,0.058019,0.008901,0.001379,0.000183,0.000155,3.2e-05,0.018368,6e-05,6e-06,0.000348,6e-06,0.086547,0.001078,0.006059,7e-06,0.000418,4e-06,0.000541,0.069928,0.002137,0.103223,0.000522,3.6e-05,3e-06,2e-06,8e-06,0.022165,0.079688,6.6e-05,1.5e-05,0.000256,0.009078,0.001897,0.000106,0.004349,0.172734,9.6e-05,0.063539,1.9e-05,0.000177,0.000615,0.042796,5e-06,0.001921,0.393126,0.267622,0.000595,0.091323,0.010378,0.000668,0.00017,0.000417,0.000138,2.5e-05,1.8e-05,0.002412,2.4e-05,2e-05,0.004141,0.000924,8e-06,0.101896,4e-06,0.000311,0.155028,0.01155,6.8e-05,2.5e-05,0.054151,0.000313,0.000737,0.002768,1e-05,0.000339,0.001192,4.7e-05,0.316115,2.2e-05,1.5e-05,1.2e-05,2e-06,0.000476,9e-06,0.000669,8.2e-05,0.007088,5.7e-05,0.151275,0.002342,0.016395,0.557715,0.002433,0.001786,0.000612,4.6e-05,2e-05,0.00017,0.000534,1.6e-05,0.006246,0.013521,0.00192,0.001296,0.000315,0.085833,0.000476,4e-05,0.000123,0.001536,1.4e-05,9.3e-05,0,0.038521,0.046336,0.002752,0.329548,0.013115,0.051523,0.741026,0.001328,0.00192,0.003479,0.000132,0.0354,0.067226,0.025533,0.581269,0.004698,0.001901,1.9e-05,0.000856,0.000382,0.297092,3.5e-05,1.6e-05,0.000155,2.5e-05,9e-06,0.003932,0.000403,0.000523,0.184053,0.003537,0.000661,4e-06,0.048662,0.005266,0.418721,0.00723,0.011151,0.008131,0.00034,0.000235,0.002685,7e-06,4e-06,7e-06,2e-06,9.4e-05,0.369854,0.071289,0.169248,2.2e-05,0.083165,0.001014,9e-06,2.6e-05,4.9e-05,4e-04,0.010469,0.001386,0.000767,0.173239,5e-06,2.2e-05,6e-06,0.076617,5e-05,4e-06,0.009311,0.000237,0.027194,0.004473,0.000153,0.117702,0.000134,2.5e-05,4.9e-05,1.1e-05,9e-06,6e-06,5e-06
"kilimanjaro/rombo/olele",0,0,0,0,0,0,0,0,0,0,0,0,0,0,0,0,0,0,0,0,0,0,0,0,0,0,0,0,0,0,0,0,0,0,0,0,0,0,0,0,0,0,0,0,0,0,0,0,0,0,0,0,0,0,0,0,0,0,0,0,0,0,0,0,0,0,0,0,0,0,0,0,0,0,0,0,0,0,0,0,0,0,0,0,0,0,0,0,0,0,0,0,0,0,0,0,0,0,0,0,0,0,0,0,0,0,0,0,0,0,0,0,0,0,0,0,0,0,0,0,0,0,0,0,0,0,0,0,0,0,0,0,0,0,0,0,0,0,0,0,0,0,0,0,0,0,0,0,0,0,0,0,0,0,0,0,0,0,0,0,0,0,0,0,0,0,0,0,0,0,0,0,0,0,0,0,0,0,0,0,0,0,0,0,0,0,0,0,0,0,0,0,0,0,0,0,0,0,0,0,0,0,0,0,0,0,0,0,0,0,0,0,0,0,0,0,0,0,0,0,0,0,0,0,0,0,0,0,0,0,0,0,0,0,0,0,0,0,0,0,0,0,0,0,0,0,0,0,0,0,0,0,0,0,0,0,0,0,0,0,0,0,0,0,0,0,0,0,0,0,0,0,0,0,0,0,0,0,0,0,0,0,0,0,0,0,0,0,0,0,0,0,0,0,0,0,0,0,0,0,0,0,0,0,0,0,0,0,0,0,0,0,0,0,0,0,0,0,0,0,0,0,0,0,0,0,0,0,0,0,0,0,0,0,0,0,0,0,0,0,0,0,0,0,0,0,0,0,0,0,0,0,0,0,0,0,0,0,0,0,0,0,0,0,0,0,0,0,0,0,0,0,0,0,0,0,0,0,0,0,0,0,0,0,0,0,0,0,0,0,0,0,0,0,0,0,0,0
"arusha/arusha/oljoro",0.000149,1e-06,1e-06,6e-06,0,0.000114,0,0,0,4.2e-05,1e-06,0,8.7e-05,0.001969,4e-06,0,0,1e-06,0,0,0,3.1e-05,0,2e-06,0,1e-06,0,0,0,1e-06,0.001387,0,0,1e-06,2e-06,0,0.000216,7e-06,1e-06,8e-06,0,0,1.4e-05,5e-06,2e-06,0,6e-06,0.043283,0.00061,1e-06,0,0,1e-06,0,5e-06,0,1.3e-05,1e-06,2.9e-05,0.000116,2.6e-05,6e-05,0.000103,1e-06,0,0.002359,0.000198,0,1.1e-05,6.1e-05,0,0,6e-06,3e-06,0,3.2e-05,4e-06,0,0,0,0,1e-06,0,0,0,0,0.001332,0,3e-06,8.5e-05,0,0,0.000415,0.000474,2e-06,1.1e-05,6.3e-05,0,0.000299,6.2e-05,0,0,1.5e-05,0.000279,1.1e-05,0.000263,0,7.7e-05,5.3e-05,6.3e-05,4.3e-05,0.000134,3e-06,7e-06,2e-06,1e-06,0.000594,0,0.000363,3.3e-05,2e-05,0.00061,1e-06,5e-06,0,6e-06,1.3e-05,0.004448,0.000628,2e-06,2e-06,5.6e-05,0.000107,1.7e-05,0,0.00108,3.9e-05,3.9e-05,0.000411,0.000127,0.000134,0,0.000324,1.1e-05,2e-06,6.4e-05,0,0.000137,0.000109,3.5e-05,1e-06,1e-06,2e-06,1e-06,2.9e-05,0.00742,5e-06,7e-06,3e-06,0.005919,1.4e-05,0.000727,1e-06,3e-06,0,0,2.5e-05,6.4e-05,0.003254,8e-06,4e-06,0.000439,0.031127,2.5e-05,1.4e-05,4.2e-05,0.000932,1e-06,0.000119,8e-06,0,1e-06,4.8e-05,1.9e-05,8e-04,0.017532,1e-06,3e-06,0.000435,0.000137,3.8e-05,1e-06,6e-06,0,4.4e-05,1e-06,1e-06,0,0.000132,0,0.001684,7e-06,3.2e-05,7e-06,0.000117,2.9e-05,0.000786,0.000272,1.5e-05,2e-06,2e-06,1e-06,0.000214,1e-06,0,7e-06,0,0.000867,1.1e-05,6.7e-05,0,9e-06,0,4e-06,0.000675,1.4e-05,0.00073,8e-06,1e-06,0,0,0,0.000133,0.007331,2e-06,0,3e-06,0.000524,2.8e-05,1e-06,0.000169,0.013918,1e-06,0.001367,0,2e-06,7e-06,0.002265,0,0.000582,0.008917,0.001908,9e-06,0.003812,6.3e-05,1.4e-05,2e-06,7e-06,2e-06,1e-06,0,5.6e-05,1e-06,0,8.3e-05,4e-06,0,0.00174,0,1.1e-05,0.001161,0.000212,1e-06,1e-06,0.000662,3e-06,1.5e-05,0.000128,0,5e-06,3.6e-05,0,0.001481,1e-06,0,0,0,4e-06,0,3e-06,2e-06,2.5e-05,1e-06,0.011696,2.7e-05,5.9e-05,0.001015,5.4e-05,5e-05,1e-05,1e-06,0,2e-06,1.2e-05,0,0.000207,0.000191,1.7e-05,1.3e-05,2e-06,0.003739,6e-06,1e-06,2e-06,1.6e-05,0,1e-06,0.001789,0.000348,0,0.000759,0.001386,0.000113,0.000184,0.015619,1.5e-05,2e-05,9.8e-05,1e-06,0.000544,0.000818,0.000255,0.002471,4.6e-05,6.3e-05,0,1.1e-05,3e-06,0.005155,1e-06,0,2e-06,0,0,1e-04,9e-06,5e-06,0.000513,7.8e-05,6e-06,0,0.00023,6.7e-05,0.012603,0.000109,0.000337,0.000527,6e-06,2e-06,3.2e-05,0,0,0,0,1e-06,0.006732,0.003696,0.006337,0,0.000385,1.2e-05,0,1e-06,1e-06,3e-06,0.002421,0.000151,2.4e-05,0.000431,0,0,0,0.000677,1e-06,0,0.00025,2e-06,0.000275,4.4e-05,1e-06,0.002322,1e-06,1e-06,1e-06,0,0,0,0
"manyara/simanjiro/oljorono",6.9e-05,1e-06,1e-06,4e-06,0,0.000117,0,0,0,5.7e-05,1e-06,0,4.1e-05,0.000815,5e-06,0,0,1e-06,0,0,1e-06,1.6e-05,0,2e-06,1e-06,1e-06,0,0,0,1e-06,0.001173,0,0,1e-06,1e-06,0,8.2e-05,7e-06,1e-06,7e-06,0,0,1.2e-05,4e-06,2e-06,0,5e-06,0.017485,0.001199,0,0,0,1e-06,0,5e-06,0,1.2e-05,1e-06,4.2e-05,8.6e-05,1.5e-05,3.5e-05,7e-05,1e-06,0,0.000759,0.000116,0,1.1e-05,6.5e-05,0,0,4e-06,4e-06,0,1.9e-05,3e-06,0,0,0,0,1e-06,0,0,0,0,0.001109,0,3e-06,7.6e-05,0,0,0.000415,0.000243,2e-06,1.3e-05,4.8e-05,0,0.000307,6.4e-05,0,0,1.8e-05,0.000112,1e-05,0.00022,0,7e-05,3.5e-05,4.5e-05,3.3e-05,0.000123,2e-06,3e-06,2e-06,1e-06,0.000496,0,0.000337,2.8e-05,1.2e-05,0.000533,1e-06,5e-06,1e-06,7e-06,1.2e-05,0.002096,0.000363,2e-06,1e-06,3.9e-05,0.000112,1.5e-05,0,0.000437,1.8e-05,3.7e-05,0.000322,0.000112,9.5e-05,0,0.000134,1e-05,2e-06,7.2e-05,0,0.000133,0.000102,3.3e-05,1e-06,1e-06,2e-06,1e-06,3.5e-05,0.003557,3e-06,4e-06,4e-06,0.005438,1.5e-05,0.00133,1e-06,3e-06,0,0,2.8e-05,4.2e-05,0.001104,9e-06,4e-06,0.000254,0.012484,3.6e-05,1.1e-05,5.3e-05,0.000992,1e-06,0.000107,1.1e-05,0,1e-06,6.2e-05,1.9e-05,0.000666,0.024067,1e-06,2e-06,0.00037,0.000113,3.5e-05,2e-06,5e-06,0,4.2e-05,1e-06,1e-06,0,0.000121,0,0.001019,1.1e-05,2.9e-05,6e-06,0.00011,2.1e-05,0.000787,0.000187,1.5e-05,2e-06,2e-06,1e-06,0.000211,1e-06,0,8e-06,0,0.000822,1e-05,6.4e-05,0,6e-06,0,3e-06,0.00055,1.1e-05,0.000591,7e-06,1e-06,0,0,0,0.000115,0.002364,2e-06,0,2e-06,0.000287,1.8e-05,1e-06,0.000159,0.01999,1e-06,0.001148,0,2e-06,7e-06,0.000892,0,0.000205,0.003753,0.000884,5e-06,0.001424,5.4e-05,1.7e-05,2e-06,8e-06,2e-06,1e-06,0,4.4e-05,1e-06,0,5.8e-05,3e-06,0,0.000889,0,1.5e-05,0.000618,0.000234,1e-06,1e-06,0.000648,3e-06,1.8e-05,0.000156,0,4e-06,4e-05,0,0.001181,1e-06,0,0,0,3e-06,0,3e-06,3e-06,1.9e-05,1e-06,0.005555,2.5e-05,4.5e-05,0.000439,2.1e-05,6.4e-05,1e-05,1e-06,0,2e-06,1.4e-05,1e-06,0.000176,8.7e-05,9e-06,6e-06,2e-06,0.000963,4e-06,1e-06,1e-06,1.5e-05,0,1e-06,0.000769,0.000322,0.005646,0,0.000742,8.7e-05,0.000145,0.005163,1e-05,1.4e-05,3.8e-05,2e-06,0.000234,0.000363,0.000121,0.001289,4.5e-05,6.7e-05,0,1e-05,3e-06,0.00261,2e-06,0,2e-06,0,0,0.000132,1.2e-05,5e-06,0.000268,9.7e-05,6e-06,0,0.000169,3.3e-05,0.005102,6.5e-05,0.000236,0.000588,7e-06,2e-06,2.9e-05,0,0,0,0,1e-06,0.002974,0.00087,0.002332,1e-06,0.000214,1.1e-05,0,1e-06,1e-06,3e-06,0.000488,0.000339,9e-06,0.000226,0,0,0,0.000622,1e-06,0,9.5e-05,2e-06,0.000246,4e-05,1e-06,0.001252,1e-06,1e-06,1e-06,0,0,0,0
"arusha/arusha/olkokola",7.8e-05,1e-06,1e-06,3e-06,0,3.9e-05,0,0,0,1.3e-05,0,0,0.000109,0.001131,2e-06,0,0,0,0,0,0,1.7e-05,0,1e-06,0,0,0,0,0,0,0.000141,0,0,0,1e-06,0,0.000124,2e-06,0,6e-06,0,0,3e-06,1e-06,1e-06,0,9e-06,0.038775,9.1e-05,0,0,0,0,0,1e-06,0,2e-06,0,7e-06,4.4e-05,2.2e-05,4.1e-05,0.000276,0,0,0.000492,0.000295,0,5e-06,1e-05,0,0,5e-06,1e-06,0,2.5e-05,4e-06,0,0,0,0,0,0,0,0,0,0.000593,0,1e-06,1.9e-05,0,0,0.000183,0.001516,3e-06,4e-06,4.6e-05,0,0.000108,2.4e-05,0,0,5e-06,0.000243,5e-06,0.000216,0,3.5e-05,6.1e-05,2.3e-05,3.1e-05,7.5e-05,1e-06,5e-06,1e-06,1e-06,0.00022,0,0.000166,1.9e-05,8e-06,0.000347,0,2e-06,0,2e-06,3e-06,0.001457,0.000135,1e-06,1e-06,1.7e-05,4e-05,8e-06,0,0.000696,9.9e-05,1.8e-05,0.000548,6.3e-05,7.2e-05,0,0.000383,6e-06,1e-06,2.2e-05,0,5.8e-05,5.2e-05,1.5e-05,1e-06,0,1e-06,0,1.1e-05,0.005679,2e-06,8e-06,1e-06,0.002658,5e-06,5.9e-05,0,1e-06,0,0,8e-06,5.9e-05,0.000989,3e-06,1e-06,0.000186,0.025142,6e-06,1.1e-05,6e-06,0.000115,2e-06,5.6e-05,3e-06,0,1e-06,1.5e-05,7e-06,0.000484,0.012264,1e-06,2e-06,0.000233,8e-05,1.5e-05,1e-06,1e-06,0,9e-06,0,1e-06,0,6e-05,0,0.000948,2e-06,7e-06,2e-06,6e-05,2.2e-05,0.000332,7.7e-05,1.1e-05,1e-06,1e-06,0,9.9e-05,0,0,2e-06,0,0.000465,5e-06,3.2e-05,0,3e-06,0,2e-06,0.000351,9e-06,0.000474,3e-06,0,0,0,0,0.000138,0.001499,1e-06,0,1e-06,5.3e-05,1.3e-05,1e-06,3.2e-05,0.004198,0,0.000303,0,1e-06,3e-06,0.000467,0,2.7e-05,0.009806,0.00346,1.3e-05,0.001205,4.5e-05,5e-06,1e-06,2e-06,1e-06,0,0,1.1e-05,0,0,3.1e-05,5e-06,0,0.003168,0,3e-06,0.009368,7.1e-05,0,0,3e-04,2e-06,5e-06,1.6e-05,0,3e-06,8e-06,0,0.001835,0,0,0,0,2e-06,0,3e-06,1e-06,2.4e-05,0,0.001603,1.2e-05,5.6e-05,0.001377,4.5e-05,1.2e-05,5e-06,0,0,1e-06,4e-06,0,4.7e-05,0.000144,1.2e-05,1.2e-05,1e-06,0.001306,3e-06,0,1e-06,8e-06,0,0,0.004965,0.000194,0.000422,3e-05,0,6.2e-05,0.000192,0.040326,7e-06,1e-05,4.9e-05,1e-06,0.00095,0.001098,0.001117,0.003013,3.3e-05,1e-05,0,5e-06,3e-06,0.003003,0,0,1e-06,0,0,2.8e-05,3e-06,4e-06,0.003716,2.4e-05,5e-06,0,0.000186,4.5e-05,0.009727,5.8e-05,0.00018,4.7e-05,2e-06,1e-06,1.4e-05,0,0,0,0,1e-06,0.006777,0.000836,0.003539,0,0.000464,5e-06,0,0,0,2e-06,0.000142,1e-05,1.1e-05,0.000434,0,0,0,0.000392,0,0,0.000164,1e-06,0.000137,2.2e-05,1e-06,0.000959,1e-06,0,0,0,0,0,0
"kilimanjaro/siha/olkolili",0,0,0,0,0,0,0,0,0,0,0,0,0,0,0,0,0,0,0,0,0,0,0,0,0,0,0,0,0,0,0,0,0,0,0,0,0,0,0,0,0,0,0,0,0,0,0,0,0,0,0,0,0,0,0,0,0,0,0,0,0,0,0,0,0,0,0,0,0,0,0,0,0,0,0,0,0,0,0,0,0,0,0,0,0,0,0,0,0,0,0,0,0,0,0,0,0,0,0,0,0,0,0,0,0,0,0,0,0,0,0,0,0,0,0,0,0,0,0,0,0,0,0,0,0,0,0,0,0,0,0,0,0,0,0,0,0,0,0,0,0,0,0,0,0,0,0,0,0,0,0,0,0,0,0,0,0,0,0,0,0,0,0,0,0,0,0,0,0,0,0,0,0,0,0,0,0,0,0,0,0,0,0,0,0,0,0,0,0,0,0,0,0,0,0,0,0,0,0,0,0,0,0,0,0,0,0,0,0,0,0,0,0,0,0,0,0,0,0,0,0,0,0,0,0,0,0,0,0,0,0,0,0,0,0,0,0,0,0,0,0,0,0,0,0,0,0,0,0,0,0,0,0,0,0,0,0,0,0,0,0,0,0,0,0,0,0,0,0,0,0,0,0,0,0,0,0,0,0,0,0,0,0,0,0,0,0,0,0,0,0,0,0,0,0,0,0,0,0,0,0,0,0,0,0,0,0,0,0,0,0,0,0,0,0,0,0,0,0,0,0,0,0,0,0,0,0,0,0,0,0,0,0,0,0,0,0,0,0,0,0,0,0,0,0,0,0,0,0,0,0,0,0,0,0,0,0,0,0,0,0,0,0,0,0,0,0,0,0,0,0,0,0,0,0,0,0,0,0,0,0,0,0,0,0,0,0,0,0,0,0,0,0,0,0,0,0,0
"arusha/longido/olmolog",0,0,0,0,0,0,0,0,0,0,0,0,0,0,0,0,0,0,0,0,0,0,0,0,0,0,0,0,0,0,0,0,0,0,0,0,0,0,0,0,0,0,0,0,0,0,0,0,0,0,0,0,0,0,0,0,0,0,0,0,0,0,0,0,0,0,0,0,0,0,0,0,0,0,0,0,0,0,0,0,0,0,0,0,0,0,0,0,0,0,0,0,0,0,0,0,0,0,0,0,0,0,0,0,0,0,0,0,0,0,0,0,0,0,0,0,0,0,0,0,0,0,0,0,0,0,0,0,0,0,0,0,0,0,0,0,0,0,0,0,0,0,0,0,0,0,0,0,0,0,0,0,0,0,0,0,0,0,0,0,0,0,0,0,0,0,0,0,0,0,0,0,0,0,0,0,0,0,0,0,0,0,0,0,0,0,0,0,0,0,0,0,0,0,0,0,0,0,0,0,0,0,0,0,0,0,0,0,0,0,0,0,0,0,0,0,0,0,0,0,0,0,0,0,0,0,0,0,0,0,0,0,0,0,0,0,0,0,0,0,0,0,0,0,0,0,0,0,0,0,0,0,0,0,0,0,0,0,0,0,0,0,0,0,0,0,0,0,0,0,0,0,0,0,0,0,0,0,0,0,0,0,0,0,0,0,0,0,0,0,0,0,0,0,0,0,0,0,0,0,0,0,0,0,0,0,0,0,0,0,0,0,0,0,0,0,0,0,0,0,0,0,0,0,0,0,0,0,0,0,0,0,0,0,0,0,0,0,0,0,0,0,0,0,0,0,0,0,0,0,0,0,0,0,0,0,0,0,0,0,0,0,0,0,0,0,0,0,0,0,0,0,0,0,0,0,0,0,0,0,0,0,0,0,0,0,0,0,0,0,0,0,0,0,0,0,0,0
"arusha/arusha/olmotonyi",0.057862,0.000299,0.000299,0.001414,2.1e-05,0.01727,1.1e-05,1.5e-05,1.7e-05,0.005071,7.8e-05,1.1e-05,0.092458,0.592922,0.000734,4.5e-05,3e-05,0.000106,1.7e-05,6e-05,6.5e-05,0.009777,1.6e-05,0.000409,6.6e-05,0.000129,3.2e-05,4.8e-05,7e-06,9.2e-05,0.05476,4.4e-05,3.9e-05,0.000114,0.000281,3.9e-05,0.13322,0.000982,0.000116,0.001938,2e-05,1.1e-05,0.001954,0.000726,0.000293,1.9e-05,0.002422,0.999384,0.04107,9.3e-05,2.8e-05,5.8e-05,9.5e-05,2.2e-05,0.000689,9e-06,0.001236,6.9e-05,0.003036,0.021967,0.009254,0.01744,0.059282,0.000137,1e-06,0.326075,0.090385,1.4e-05,0.00187,0.006118,6.8e-05,2e-06,0.002006,0.000475,5.6e-05,0.010365,0.001088,8e-06,9e-06,1.2e-05,6e-06,7.6e-05,1.5e-05,1.5e-05,3.3e-05,2.1e-05,0.226374,1.3e-05,0.000522,0.01143,7e-06,1.6e-05,0.072314,0.539376,0.000827,0.001612,0.018468,7.1e-05,0.046183,0.010377,2.3e-05,3.1e-05,0.00214,0.27614,0.002035,0.073387,4.2e-05,0.015212,0.023334,0.01155,0.01237,0.029239,0.000352,0.006907,0.000427,0.000278,0.098497,3.1e-05,0.06765,0.00779,0.004683,0.128273,0.000186,0.000691,6.8e-05,0.000847,0.001783,0.586529,0.078696,0.000386,0.000302,0.010197,0.017208,0.003295,4.7e-05,0.483438,0.275351,0.007671,0.143485,0.026548,0.033952,4.9e-05,0.455283,0.002387,0.000515,0.009368,4.8e-05,0.024606,0.021488,0.006492,0.000288,0.000155,0.000382,0.000126,0.004372,0.85077,0.001086,0.002907,0.000315,0.605427,0.002234,0.040174,0.000199,0.000409,1.2e-05,1.1e-05,0.003405,0.025543,0.549973,0.001103,0.000597,0.088045,0.998211,0.002795,0.004437,0.003614,0.069982,0.000592,0.023708,0.001086,3e-05,0.000284,0.006352,0.003271,0.173999,0.87854,0.000382,0.000683,0.092425,0.032741,0.006784,2e-04,0.000796,2.6e-05,0.004974,7.5e-05,0.000268,2.9e-05,0.02522,7.8e-05,0.374172,0.000755,0.004114,0.000967,0.023879,0.00929,0.127359,0.040954,0.003602,0.000387,0.000336,0.000132,0.039672,0.000127,1.8e-05,0.000957,2.2e-05,0.162688,0.002253,0.012986,2.4e-05,0.001599,1.3e-05,0.000963,0.139329,0.003777,0.169708,0.00133,0.000122,9e-06,8e-06,2.9e-05,0.040749,0.594191,0.000204,3.4e-05,0.000537,0.041793,0.006356,0.000227,0.01673,0.630936,0.000212,0.164343,5.5e-05,0.000399,0.001376,0.280703,1.7e-05,0.016201,0.990157,0.591629,0.004126,0.584584,0.016755,0.001897,0.000342,0.001078,0.000311,7.1e-05,5.1e-05,0.007152,0.000107,5.7e-05,0.015334,0.001513,3e-05,0.641994,1.7e-05,0.001298,0.72743,0.030463,0.000172,7.3e-05,0.114528,0.000666,0.002082,0.010553,3.6e-05,0.001048,0.003982,0.000129,0.388885,7.8e-05,4.7e-05,4.7e-05,7e-06,0.000879,3.2e-05,0.001052,0.000269,0.008587,0.000161,0.582331,0.005223,0.020412,0.4585,0.063048,0.005646,0.001916,1e-04,5.3e-05,0.000384,0.001542,5.1e-05,0.02587,0.114195,0.007358,0.008922,0.000578,0.729501,0.001364,0.000128,0.000285,0.003261,4.5e-05,0.000205,0.714028,0.072817,0.297279,0.016603,0.86782,0.027591,0.061871,0,0.003233,0.004569,0.049103,0.000321,0.774651,0.683713,0.578656,0.604296,0.010828,0.006455,5.9e-05,0.001974,0.000856,0.765827,0.000138,5.6e-05,0.000336,8.9e-05,3.4e-05,0.01196,0.001195,0.001225,0.648373,0.010197,0.00154,1.4e-05,0.072125,0.031397,0.985296,0.026407,0.067503,0.034028,0.000901,0.000487,0.006119,2.5e-05,1.2e-05,2.5e-05,8e-06,0.000229,0.962782,0.613538,0.905554,6.5e-05,0.210422,0.002285,2.8e-05,7.4e-05,0.000148,0.000717,0.09931,0.007149,0.01201,0.163942,1.6e-05,5.8e-05,2e-05,0.138155,0.000165,1.3e-05,0.181827,0.000463,0.055614,0.009185,0.000308,0.416255,0.000267,7.3e-05,0.000137,3e-05,2.5e-05,2.2e-05,1.6e-05
"arusha/ngorongoro/oloipiri",7.7e-05,0.000181,1.2e-05,0.017357,3e-06,0.000364,2e-06,2e-06,2e-06,0.000537,9e-06,2e-06,6.2e-05,0.000868,0.000244,7e-06,7e-06,1.9e-05,4e-06,1.5e-05,7e-06,7.8e-05,2e-06,8e-06,6e-06,3e-06,4e-06,6e-06,1e-06,9e-06,0.000232,7e-06,3e-06,5e-06,7.4e-05,7e-06,8.2e-05,0.000151,1.9e-05,0.017942,4e-06,2e-06,0.000333,0.000139,4.8e-05,3e-06,9.3e-05,0.020191,0.001099,1.7e-05,4e-06,2.1e-05,1.2e-05,6e-06,0.000108,1e-06,1e-05,4e-06,0.000188,0.019513,0.001204,0.002202,0.000771,2.2e-05,3.1e-05,0.000523,0.000315,4e-06,0.000115,0.000417,1.4e-05,0,2e-05,6.2e-05,1.3e-05,0.003733,0.000346,2e-06,3e-06,3e-06,1e-06,1.1e-05,3e-06,3e-06,6e-06,4e-06,0.00294,3e-06,0.000146,0.0011,1e-06,5e-06,0.003015,0.000511,7.6e-05,0.000261,0.000216,3e-06,0.001221,0.000317,3e-06,1.8e-05,0.000231,0.000131,4.2e-05,0.002742,7e-06,0.000278,0.000131,0.001874,0.000152,0.001028,6.7e-05,3e-06,1.5e-05,1.1e-05,0.00098,4e-06,0.001573,0.000164,8.5e-05,0.003101,8e-06,3e-05,3e-06,8.9e-05,0.000248,0.004823,0.000283,1.1e-05,9e-06,0.000319,0.000592,6.4e-05,2e-06,0.000473,2.9e-05,0.00019,0.009716,0.000465,0.000203,5e-06,0.000171,4.4e-05,2.2e-05,0.000435,6e-06,0.000669,0.000594,0.000191,1e-05,6e-06,1.7e-05,8e-06,0.000398,0.004971,4.8e-05,0.00018,3e-05,0.022191,8.8e-05,0.000828,4e-06,2.1e-05,3e-06,2e-06,0.000104,0.000115,0.000879,4.4e-05,8.9e-05,0.001771,0.014055,0.000144,5.6e-05,0.000182,0.0016,2.3e-05,0.00046,0.00014,3e-06,0.01271,0.000598,7e-05,0.003225,0.052242,7e-06,1.3e-05,0.001541,0.000476,0.000111,3.2e-05,8.5e-05,6e-06,0.000365,1.2e-05,1e-05,3e-06,0.00053,8e-06,0.001631,6.2e-05,0.000337,6e-06,0.000861,6.5e-05,0.004838,0.001149,0.010006,1.3e-05,1.1e-05,8e-06,0.001692,5e-06,6e-06,9.8e-05,3e-06,0.008367,6.9e-05,0.000421,5e-06,7e-06,2e-06,1.2e-05,0.001767,4.3e-05,0.002805,1.9e-05,2.7e-05,2e-06,1e-06,6e-06,0.018813,0.001654,3.2e-05,1e-06,1.3e-05,0.000233,0.000755,9e-06,0.000137,0.012018,4e-06,0.00923,4e-06,8e-06,2.9e-05,0.000623,3e-06,6.2e-05,0.004752,0.008093,1.5e-05,0.001178,0.000527,0.000178,1.3e-05,4.3e-05,7e-06,6e-06,4e-06,0.000149,4e-06,5e-06,0.001387,0.000161,4e-06,0.001747,2e-06,8.3e-05,0.001644,0.001082,7e-06,5e-06,0.004424,2.4e-05,0.000207,0.000358,4e-06,0.00025,5.6e-05,4.3e-05,0.038296,1.1e-05,7e-06,5e-06,1e-06,3.1e-05,6e-06,1e-05,2.9e-05,0.000154,1.6e-05,0.003091,0.000117,0.00027,0.002113,2.4e-05,0.000182,0.000792,4e-06,2e-06,8e-06,8.3e-05,7e-06,0.001595,0.000109,1.5e-05,9e-06,1.2e-05,0.001309,0.001463,1.8e-05,6e-06,8e-05,1.2e-05,0.000993,0.004728,0.00295,0.001388,0.00013,0.002098,0.000239,0.001747,0.012674,0,0.258704,3.7e-05,0.013107,0.000333,0.000508,0.000223,0.033508,0.213606,0.000391,8e-06,3.9e-05,0.00147,0.003333,1.1e-05,1e-05,7e-06,1.1e-05,4e-06,0.00073,0.000126,0.010755,0.000655,0.000606,0.026288,2e-06,0.00066,4.3e-05,0.00576,0.001194,0.000536,0.000441,3.7e-05,1.9e-05,0.000112,3e-06,2e-06,3e-06,1e-06,0.027919,0.00389,0.000996,0.002299,1.1e-05,0.000431,4.3e-05,2e-06,7e-06,2.4e-05,2.6e-05,0.000208,0.000113,8e-06,0.003923,3e-06,4e-06,3e-06,0.006122,3.3e-05,2e-06,1e-04,1.1e-05,0.001157,0.000217,7e-06,0.001437,9e-06,6e-06,1.2e-05,2e-06,3e-06,4e-06,4e-06
"arusha/ngorongoro/oloirien",0.00026,0.000658,3.7e-05,0.048993,9e-06,0.001171,5e-06,7e-06,6e-06,0.001631,2.8e-05,6e-06,0.000211,0.002936,0.000708,2.2e-05,1.9e-05,5.6e-05,1.2e-05,4.2e-05,2.2e-05,0.000262,6e-06,2.6e-05,1.9e-05,8e-06,1.1e-05,1.9e-05,3e-06,2.6e-05,0.000764,2e-05,1e-05,1.6e-05,0.000231,2e-05,0.000279,0.000452,5.7e-05,0.128918,1.3e-05,6e-06,0.000989,0.000413,0.000142,8e-06,0.000355,0.06653,0.003477,5.5e-05,1.4e-05,6.5e-05,4e-05,1.6e-05,0.000323,4e-06,3.1e-05,1.4e-05,0.000578,0.053655,0.004885,0.00842,0.002853,6.4e-05,0.000284,0.001758,0.001098,1.2e-05,0.000384,0.001281,4.6e-05,1e-06,6.9e-05,0.00019,3.6e-05,0.016514,0.001464,4e-06,7e-06,9e-06,3e-06,3.2e-05,9e-06,8e-06,1.8e-05,1.1e-05,0.009641,8e-06,0.000421,0.003361,3e-06,1.3e-05,0.009608,0.00176,3e-04,0.000794,0.000725,1.1e-05,0.003911,0.001014,1e-05,5e-05,0.000706,0.000446,0.000135,0.009233,2.3e-05,0.000907,0.000448,0.00611,0.000511,0.003346,0.000196,1.1e-05,4.8e-05,3.4e-05,0.003218,1.3e-05,0.005103,0.000542,0.00028,0.01015,2.6e-05,9.5e-05,1.1e-05,0.000273,0.000744,0.015975,0.00094,3.6e-05,2.9e-05,0.001025,0.001887,0.000208,7e-06,0.001605,9.8e-05,0.000616,0.03637,0.001525,0.000677,1.5e-05,0.000584,0.000144,7.2e-05,0.00137,1.9e-05,0.002157,0.001927,0.000615,3.4e-05,1.8e-05,5.6e-05,2.6e-05,0.001227,0.016913,0.000157,0.000715,9e-05,0.06976,0.00028,0.002621,1.2e-05,6.5e-05,8e-06,7e-06,0.000329,0.000392,0.002965,0.000139,0.000267,0.006099,0.046733,0.000448,0.00019,0.000563,0.005146,8.6e-05,0.001503,0.00042,9e-06,0.049511,0.001829,0.000227,0.010638,0.157238,2.4e-05,4.4e-05,0.005069,0.001578,0.000363,9.5e-05,0.000266,1.9e-05,0.001133,3.7e-05,3.3e-05,1e-05,0.001723,2.7e-05,0.005469,0.00019,0.001035,2e-05,0.002786,0.000219,0.015389,0.003846,0.035037,4.2e-05,3.6e-05,2.5e-05,0.005411,1.6e-05,1.7e-05,3e-04,1e-05,0.026679,0.000223,0.001359,1.6e-05,2.3e-05,6e-06,4.1e-05,0.005831,0.000145,0.009305,6.1e-05,8.1e-05,5e-06,4e-06,1.8e-05,0.080749,0.005577,9.5e-05,2e-06,4.2e-05,0.000765,0.00264,2.9e-05,0.000447,0.039193,1.4e-05,0.028497,1.3e-05,2.7e-05,9.4e-05,0.002086,1e-05,0.000208,0.016091,0.028844,5.1e-05,0.003964,0.001755,0.000547,4.4e-05,0.000136,2.2e-05,1.8e-05,1.3e-05,0.000477,1.3e-05,1.7e-05,0.004632,0.000658,1.3e-05,0.006037,5e-06,0.00026,0.005742,0.003428,2.4e-05,1.6e-05,0.014127,7.8e-05,0.000634,0.001119,1.4e-05,0.000881,0.000181,0.000167,0.134803,3.5e-05,2.1e-05,1.5e-05,3e-06,0.000102,1.8e-05,3.5e-05,8.6e-05,0.000528,5e-05,0.010217,0.00038,0.00092,0.007288,8.3e-05,0.000574,0.0025,1.4e-05,7e-06,2.5e-05,0.000258,2e-05,0.00507,0.000369,5e-05,3e-05,3.8e-05,0.004446,0.004556,5.3e-05,2.1e-05,0.000261,3.7e-05,0.00632,0.016526,0.009549,0.004584,0.000424,0.007324,0.000795,0.006054,0.04274,0.487952,0,0.000125,0.017966,0.001143,0.001736,0.000772,0.118268,0.734455,0.001204,2.4e-05,0.000125,0.007671,0.01119,3.2e-05,3.4e-05,2.2e-05,3.8e-05,1.3e-05,0.002259,0.000385,0.076304,0.002274,0.001882,0.255757,6e-06,0.002226,0.000145,0.019405,0.004224,0.001839,0.001416,0.000116,6.2e-05,0.000365,1e-05,6e-06,8e-06,4e-06,0.026686,0.013165,0.003365,0.007784,3.2e-05,0.00147,0.00014,5e-06,2e-05,7e-05,8.4e-05,0.000696,0.000361,2.9e-05,0.013963,8e-06,1.1e-05,1e-05,0.019758,9.8e-05,6e-06,0.00034,3.5e-05,0.00378,0.000708,2.4e-05,0.004809,2.9e-05,1.8e-05,3.8e-05,6e-06,8e-06,1.2e-05,1.3e-05
"arusha/arushaurban/oloirieni",0,0,0,0,0,0,0,0,0,0,0,0,0,0,0,0,0,0,0,0,0,0,0,0,0,0,0,0,0,0,0,0,0,0,0,0,0,0,0,0,0,0,0,0,0,0,0,0,0,0,0,0,0,0,0,0,0,0,0,0,0,0,0,0,0,0,0,0,0,0,0,0,0,0,0,0,0,0,0,0,0,0,0,0,0,0,0,0,0,0,0,0,0,0,0,0,0,0,0,0,0,0,0,0,0,0,0,0,0,0,0,0,0,0,0,0,0,0,0,0,0,0,0,0,0,0,0,0,0,0,0,0,0,0,0,0,0,0,0,0,0,0,0,0,0,0,0,0,0,0,0,0,0,0,0,0,0,0,0,0,0,0,0,0,0,0,0,0,0,0,0,0,0,0,0,0,0,0,0,0,0,0,0,0,0,0,0,0,0,0,0,0,0,0,0,0,0,0,0,0,0,0,0,0,0,0,0,0,0,0,0,0,0,0,0,0,0,0,0,0,0,0,0,0,0,0,0,0,0,0,0,0,0,0,0,0,0,0,0,0,0,0,0,0,0,0,0,0,0,0,0,0,0,0,0,0,0,0,0,0,0,0,0,0,0,0,0,0,0,0,0,0,0,0,0,0,0,0,0,0,0,0,0,0,0,0,0,0,0,0,0,0,0,0,0,0,0,0,0,0,0,0,0,0,0,0,0,0,0,0,0,0,0,0,0,0,0,0,0,0,0,0,0,0,0,0,0,0,0,0,0,0,0,0,0,0,0,0,0,0,0,0,0,0,0,0,0,0,0,0,0,0,0,0,0,0,0,0,0,0,0,0,0,0,0,0,0,0,0,0,0,0,0,0,0,0,0,0,0,0,0,0,0,0,0,0,0,0,0,0,0,0,0,0,0,0,0,0
"arusha/ngorongoro/ololosokwan",0,0,0,0,0,0,0,0,0,0,0,0,0,0,0,0,0,0,0,0,0,0,0,0,0,0,0,0,0,0,0,0,0,0,0,0,0,0,0,0,0,0,0,0,0,0,0,0,0,0,0,0,0,0,0,0,0,0,0,0,0,0,0,0,0,0,0,0,0,0,0,0,0,0,0,0,0,0,0,0,0,0,0,0,0,0,0,0,0,0,0,0,0,0,0,0,0,0,0,0,0,0,0,0,0,0,0,0,0,0,0,0,0,0,0,0,0,0,0,0,0,0,0,0,0,0,0,0,0,0,0,0,0,0,0,0,0,0,0,0,0,0,0,0,0,0,0,0,0,0,0,0,0,0,0,0,0,0,0,0,0,0,0,0,0,0,0,0,0,0,0,0,0,0,0,0,0,0,0,0,0,0,0,0,0,0,0,0,0,0,0,0,0,0,0,0,0,0,0,0,0,0,0,0,0,0,0,0,0,0,0,0,0,0,0,0,0,0,0,0,0,0,0,0,0,0,0,0,0,0,0,0,0,0,0,0,0,0,0,0,0,0,0,0,0,0,0,0,0,0,0,0,0,0,0,0,0,0,0,0,0,0,0,0,0,0,0,0,0,0,0,0,0,0,0,0,0,0,0,0,0,0,0,0,0,0,0,0,0,0,0,0,0,0,0,0,0,0,0,0,0,0,0,0,0,0,0,0,0,0,0,0,0,0,0,0,0,0,0,0,0,0,0,0,0,0,0,0,0,0,0,0,0,0,0,0,0,0,0,0,0,0,0,0,0,0,0,0,0,0,0,0,0,0,0,0,0,0,0,0,0,0,0,0,0,0,0,0,0,0,0,0,0,0,0,0,0,0,0,0,0,0,0,0,0,0,0,0,0,0,0,0,0,0,0,0,0,0
"arusha/arusha/olorieni",0,0,0,0,0,0,0,0,0,0,0,0,0,0,0,0,0,0,0,0,0,0,0,0,0,0,0,0,0,0,0,0,0,0,0,0,0,0,0,0,0,0,0,0,0,0,0,0,0,0,0,0,0,0,0,0,0,0,0,0,0,0,0,0,0,0,0,0,0,0,0,0,0,0,0,0,0,0,0,0,0,0,0,0,0,0,0,0,0,0,0,0,0,0,0,0,0,0,0,0,0,0,0,0,0,0,0,0,0,0,0,0,0,0,0,0,0,0,0,0,0,0,0,0,0,0,0,0,0,0,0,0,0,0,0,0,0,0,0,0,0,0,0,0,0,0,0,0,0,0,0,0,0,0,0,0,0,0,0,0,0,0,0,0,0,0,0,0,0,0,0,0,0,0,0,0,0,0,0,0,0,0,0,0,0,0,0,0,0,0,0,0,0,0,0,0,0,0,0,0,0,0,0,0,0,0,0,0,0,0,0,0,0,0,0,0,0,0,0,0,0,0,0,0,0,0,0,0,0,0,0,0,0,0,0,0,0,0,0,0,0,0,0,0,0,0,0,0,0,0,0,0,0,0,0,0,0,0,0,0,0,0,0,0,0,0,0,0,0,0,0,0,0,0,0,0,0,0,0,0,0,0,0,0,0,0,0,0,0,0,0,0,0,0,0,0,0,0,0,0,0,0,0,0,0,0,0,0,0,0,0,0,0,0,0,0,0,0,0,0,0,0,0,0,0,0,0,0,0,0,0,0,0,0,0,0,0,0,0,0,0,0,0,0,0,0,0,0,0,0,0,0,0,0,0,0,0,0,0,0,0,0,0,0,0,0,0,0,0,0,0,0,0,0,0,0,0,0,0,0,0,0,0,0,0,0,0,0,0,0,0,0,0,0,0,0,0,0
"arusha/arusha/oltoroto",0,0,0,0,0,0,0,0,0,0,0,0,0,0,0,0,0,0,0,0,0,0,0,0,0,0,0,0,0,0,0,0,0,0,0,0,0,0,0,0,0,0,0,0,0,0,0,0,0,0,0,0,0,0,0,0,0,0,0,0,0,0,0,0,0,0,0,0,0,0,0,0,0,0,0,0,0,0,0,0,0,0,0,0,0,0,0,0,0,0,0,0,0,0,0,0,0,0,0,0,0,0,0,0,0,0,0,0,0,0,0,0,0,0,0,0,0,0,0,0,0,0,0,0,0,0,0,0,0,0,0,0,0,0,0,0,0,0,0,0,0,0,0,0,0,0,0,0,0,0,0,0,0,0,0,0,0,0,0,0,0,0,0,0,0,0,0,0,0,0,0,0,0,0,0,0,0,0,0,0,0,0,0,0,0,0,0,0,0,0,0,0,0,0,0,0,0,0,0,0,0,0,0,0,0,0,0,0,0,0,0,0,0,0,0,0,0,0,0,0,0,0,0,0,0,0,0,0,0,0,0,0,0,0,0,0,0,0,0,0,0,0,0,0,0,0,0,0,0,0,0,0,0,0,0,0,0,0,0,0,0,0,0,0,0,0,0,0,0,0,0,0,0,0,0,0,0,0,0,0,0,0,0,0,0,0,0,0,0,0,0,0,0,0,0,0,0,0,0,0,0,0,0,0,0,0,0,0,0,0,0,0,0,0,0,0,0,0,0,0,0,0,0,0,0,0,0,0,0,0,0,0,0,0,0,0,0,0,0,0,0,0,0,0,0,0,0,0,0,0,0,0,0,0,0,0,0,0,0,0,0,0,0,0,0,0,0,0,0,0,0,0,0,0,0,0,0,0,0,0,0,0,0,0,0,0,0,0,0,0,0,0,0,0,0,0,0,0
"arusha/arusha/oltrumet",0,0,0,0,0,0,0,0,0,0,0,0,0,0,0,0,0,0,0,0,0,0,0,0,0,0,0,0,0,0,0,0,0,0,0,0,0,0,0,0,0,0,0,0,0,0,0,0,0,0,0,0,0,0,0,0,0,0,0,0,0,0,0,0,0,0,0,0,0,0,0,0,0,0,0,0,0,0,0,0,0,0,0,0,0,0,0,0,0,0,0,0,0,0,0,0,0,0,0,0,0,0,0,0,0,0,0,0,0,0,0,0,0,0,0,0,0,0,0,0,0,0,0,0,0,0,0,0,0,0,0,0,0,0,0,0,0,0,0,0,0,0,0,0,0,0,0,0,0,0,0,0,0,0,0,0,0,0,0,0,0,0,0,0,0,0,0,0,0,0,0,0,0,0,0,0,0,0,0,0,0,0,0,0,0,0,0,0,0,0,0,0,0,0,0,0,0,0,0,0,0,0,0,0,0,0,0,0,0,0,0,0,0,0,0,0,0,0,0,0,0,0,0,0,0,0,0,0,0,0,0,0,0,0,0,0,0,0,0,0,0,0,0,0,0,0,0,0,0,0,0,0,0,0,0,0,0,0,0,0,0,0,0,0,0,0,0,0,0,0,0,0,0,0,0,0,0,0,0,0,0,0,0,0,0,0,0,0,0,0,0,0,0,0,0,0,0,0,0,0,0,0,0,0,0,0,0,0,0,0,0,0,0,0,0,0,0,0,0,0,0,0,0,0,0,0,0,0,0,0,0,0,0,0,0,0,0,0,0,0,0,0,0,0,0,0,0,0,0,0,0,0,0,0,0,0,0,0,0,0,0,0,0,0,0,0,0,0,0,0,0,0,0,0,0,0,0,0,0,0,0,0,0,0,0,0,0,0,0,0,0,0,0,0,0,0,0,0
"arusha/longido/orbomba",3.9e-05,4e-06,3e-06,2.3e-05,0,8.9e-05,0,0,0,2.8e-05,0,0,3.7e-05,0.000436,6e-06,0,0,1e-06,0,0,1e-06,5.2e-05,0,3e-06,1e-06,1e-06,0,0,0,1e-06,7.2e-05,0,0,1e-06,2e-06,0,3.9e-05,6e-06,1e-06,4.5e-05,0,0,1.6e-05,5e-06,2e-06,0,3.4e-05,0.010015,0.000125,1e-06,0,0,1e-06,0,5e-06,0,3e-06,0,1.6e-05,0.000235,0.000939,0.000232,0.00249,1e-06,0,0.000219,0.000128,0,1e-05,2.8e-05,1e-06,0,1.6e-05,3e-06,0,0.00039,2.5e-05,0,0,0,0,0,0,0,0,0,0.001198,0,4e-06,8.5e-05,0,0,0.000624,0.000371,1.7e-05,1.1e-05,0.000136,1e-06,0.000277,6.9e-05,0,0,1.7e-05,6.7e-05,1.3e-05,0.001599,0,9.5e-05,0.000118,8.4e-05,9.3e-05,0.000312,3e-06,2e-06,4e-06,3e-06,0.000372,0,0.000484,6.8e-05,3.7e-05,0.001219,1e-06,5e-06,0,7e-06,1.4e-05,0.002394,0.000112,3e-06,2e-06,7.6e-05,0.000116,2.1e-05,0,0.000238,1.7e-05,5.6e-05,0.030849,0.000175,0.000106,0,8.9e-05,1.6e-05,6e-06,6.3e-05,0,0.000172,0.000171,4.9e-05,3e-06,1e-06,4e-06,1e-06,3.5e-05,0.001943,1.3e-05,0.000114,2e-06,0.007216,1.5e-05,0.000113,1e-06,3e-06,0,0,1.8e-05,8.4e-05,0.000385,7e-06,5e-06,0.000325,0.007032,1.5e-05,3.9e-05,1.5e-05,0.000202,0.000405,0.000158,8e-06,0,5e-06,4.6e-05,1.9e-05,0.001529,0.019199,4e-06,6e-06,0.00065,0.000225,3.5e-05,1e-06,4e-06,0,2.4e-05,1e-06,2e-06,0,0.000168,1e-06,0.000891,4e-06,2.8e-05,2e-06,0.00023,4.2e-05,0.001049,0.00015,5.6e-05,3e-06,3e-06,1e-06,0.000359,1e-06,0,8e-06,0,0.002025,1.9e-05,0.000108,0,3e-06,0,7e-06,0.000801,2.4e-05,0.001484,6e-06,1e-06,0,0,0,0.001948,0.000605,2e-06,0,4e-06,7.5e-05,5.1e-05,2e-06,4e-05,0.002368,1e-06,0.00117,0,3e-06,9e-06,0.000262,0,1.7e-05,0.002528,0.004786,6e-06,0.000532,0.000246,1.4e-05,3e-06,7e-06,2e-06,1e-06,0,3.2e-05,0,0,9.5e-05,0.000125,0,0.000802,0,6e-06,0.001006,0.000187,1e-06,0,0.001018,6e-06,1.6e-05,4.1e-05,0,1e-05,1.3e-05,2e-06,0.069078,0,0,0,0,1e-05,0,7e-06,2e-06,0.000148,1e-06,0.001157,3.5e-05,0.000235,0.002167,1.2e-05,2.6e-05,1.8e-05,1e-06,0,2e-06,1e-05,0,0.000118,5.9e-05,9e-06,5e-06,5e-06,0.000561,1.6e-05,1e-06,2e-06,2.5e-05,0,5e-06,0.006367,0.000838,0.000398,2.8e-05,0.001591,0.00012,0.00193,0.007595,5.8e-05,8.9e-05,1.8e-05,5e-06,0.000176,0.000288,0.000127,0,0.000232,3.4e-05,0,1.2e-05,2.2e-05,0.00179,1e-06,0,2e-06,1e-06,0,7.2e-05,9e-06,2.6e-05,0.000512,6.5e-05,3.3e-05,0,0.000464,2.4e-05,0.002925,0.000163,0.000137,8.9e-05,6e-06,5e-06,3.6e-05,0,0,0,0,4e-06,0.002155,0.000433,0.001058,1e-06,3e-04,1.4e-05,0,1e-06,1e-06,9e-06,7.4e-05,1.7e-05,4e-06,0.011581,0,0,0,0.001794,1e-06,0,4.8e-05,4e-06,0.000408,7.2e-05,3e-06,0.000703,3e-06,1e-06,1e-06,0,0,0,0
"arusha/ngorongoro/orgosorok",3e-06,6e-06,0,0.000193,0,1.5e-05,0,0,0,1.9e-05,0,0,3e-06,3.6e-05,7e-06,0,0,0,0,0,0,2e-06,0,0,0,0,0,0,0,0,1.5e-05,0,0,0,2e-06,0,3e-06,4e-06,0,0.003339,0,0,9e-06,3e-06,1e-06,0,4e-06,0.000856,4.1e-05,0,0,1e-06,0,0,3e-06,0,0,0,7e-06,0.000348,5e-05,6.4e-05,3.6e-05,1e-06,2.4e-05,2.2e-05,1.3e-05,0,4e-06,1.1e-05,0,0,1e-06,2e-06,0,0.000155,1.6e-05,0,0,0,0,0,0,0,0,0,0.000124,0,3e-06,3e-05,0,0,0.000126,2.2e-05,3e-06,9e-06,9e-06,0,5e-05,1.3e-05,0,0,9e-06,5e-06,2e-06,0.000126,0,1.2e-05,6e-06,4.4e-05,7e-06,4.4e-05,2e-06,0,1e-06,0,4.1e-05,0,6.6e-05,7e-06,3e-06,0.000133,0,1e-06,0,3e-06,6e-06,0.000144,1.2e-05,0,0,9e-06,2.4e-05,3e-06,0,2e-05,1e-06,8e-06,0.000526,2e-05,9e-06,0,7e-06,2e-06,1e-06,1.8e-05,0,2.8e-05,2.5e-05,8e-06,0,0,1e-06,0,1.6e-05,0.000206,1e-06,6e-06,1e-06,0.000947,4e-06,2.2e-05,0,1e-06,0,0,4e-06,5e-06,3.6e-05,2e-06,2e-06,4.9e-05,0.000594,6e-06,2e-06,5e-06,4.2e-05,1e-06,1.9e-05,5e-06,0,0.000158,2.3e-05,3e-06,0.000139,0.003547,0,1e-06,6.6e-05,2e-05,5e-06,1e-06,2e-06,0,9e-06,0,0,0,2.2e-05,0,6.9e-05,2e-06,9e-06,0,3.7e-05,3e-06,0.000201,3e-05,0.000261,1e-06,0,0,7.1e-05,0,0,4e-06,0,0.000358,3e-06,1.8e-05,0,0,0,1e-06,7.5e-05,2e-06,0.000122,1e-06,1e-06,0,0,0,0.00131,6.8e-05,1e-06,0,1e-06,7e-06,1.9e-05,0,6e-06,0.000733,0,0.000261,0,0,1e-06,2.6e-05,0,2e-06,2e-04,0.00025,1e-06,4.9e-05,2.3e-05,7e-06,1e-06,2e-06,0,0,0,4e-06,0,0,3.4e-05,9e-06,0,7.3e-05,0,3e-06,7e-05,4.4e-05,0,0,0.000185,1e-06,8e-06,1e-05,0,9e-06,2e-06,2e-06,0.00214,0,0,0,0,1e-06,0,0,1e-06,7e-06,1e-06,0.000127,5e-06,1.2e-05,6.6e-05,1e-06,7e-06,2.3e-05,0,0,0,3e-06,0,4e-05,5e-06,1e-06,0,1e-06,3.8e-05,2.7e-05,1e-06,0,3e-06,0,9.3e-05,0.00015,0.000127,3.9e-05,5e-06,9.1e-05,1e-05,8.2e-05,0.000383,0.002252,0.006583,2e-06,0.000207,1.4e-05,2.1e-05,9e-06,0.001224,0,1.1e-05,0,2e-06,8.8e-05,0.000141,0,0,0,0,0,2.8e-05,5e-06,6e-04,2.8e-05,2.4e-05,0.002585,0,2.9e-05,2e-06,0.000242,3.3e-05,2.1e-05,1.2e-05,1e-06,1e-06,5e-06,0,0,0,0,0.000239,0.000164,2.9e-05,9.6e-05,0,1.9e-05,2e-06,0,0,1e-06,1e-06,8e-06,3e-06,0,0.000134,0,0,0,0.000265,1e-06,0,4e-06,0,4.9e-05,9e-06,0,6e-05,0,0,0,0,0,0,0
"manyara/simanjiro/orkesmet",0.000257,2e-05,4.9e-05,0.000163,6e-06,0.003403,2e-06,2e-06,6e-06,0.001374,2.2e-05,4e-06,0.000168,0.002688,0.000138,7e-06,6e-06,2.9e-05,5e-06,1.9e-05,0.000157,0.000234,6e-06,4.8e-05,0.000142,1.4e-05,1e-05,5e-06,1.3e-05,0.000254,0.001397,5.8e-05,9.6e-05,7.4e-05,2.9e-05,1.2e-05,0.00024,0.000268,1.6e-05,0.000197,5e-06,4e-06,0.002564,0.000166,0.00036,6e-06,4.2e-05,0.05207,0.008361,1e-05,5e-06,7e-06,8e-06,5e-06,0.000235,3e-06,8.2e-05,2e-05,0.22793,0.003071,0.00035,0.000575,0.000623,0.000192,0,0.001836,0.000473,3e-06,0.000102,0.002237,5e-06,1e-06,4.9e-05,6.7e-05,2e-05,0.000462,4.5e-05,2e-06,3e-06,3e-06,2e-06,2.7e-05,4e-06,7e-06,1.1e-05,3e-06,0.014789,3e-06,0.00014,0.039803,2e-06,5e-06,0.017021,0.001146,2.1e-05,0.000262,0.000636,3.3e-05,0.010786,0.002486,4e-06,5e-06,0.003958,0.000359,0.000245,0.00457,5e-06,0.001458,0.000311,0.000868,0.000455,0.003495,0.000127,9e-06,5.8e-05,4.6e-05,0.005698,5.6e-05,0.008325,0.000575,0.000313,0.011267,9.2e-05,0.000392,4.2e-05,0.002009,0.004711,0.019982,0.001416,5e-05,4.4e-05,0.001911,0.00514,0.000334,3.6e-05,0.001406,6.7e-05,0.000995,0.005038,0.002149,0.000809,0.00014,0.00044,0.000196,7.2e-05,0.005753,1.1e-05,0.004134,0.002885,0.001064,3.7e-05,0.000143,6.2e-05,0.000267,0.005549,0.010459,0.000149,6.3e-05,0.003986,0.113132,0.000803,0.015131,2.2e-05,0.000329,4e-06,5e-06,0.001509,0.000328,0.002847,0.000759,0.001248,0.00198,0.037929,0.022562,0.000149,0.004252,0.00625,1.4e-05,0.002292,0.004017,7e-05,3.3e-05,0.028583,0.000513,0.011222,0.238004,1.9e-05,4.1e-05,0.006383,0.00178,0.00071,4.8e-05,9.3e-05,7e-06,0.000944,9.8e-05,5.3e-05,7e-06,0.002847,4e-06,0.005943,0.001905,0.016504,3.9e-05,0.003463,0.000206,0.030475,0.001567,0.000333,6e-05,5.6e-05,3.2e-05,0.008389,2.2e-05,3e-06,0.001549,3e-06,0.02798,0.000309,0.00206,6e-06,3.4e-05,4e-06,4.1e-05,0.007568,0.000146,0.009085,0.000124,1.9e-05,3e-06,3e-06,5e-06,0.002272,0.004853,0.000253,4e-06,6e-05,0.001616,0.000292,4.1e-05,0.001179,0.032195,2.2e-05,0.172284,0.000114,4.6e-05,0.00016,0.00248,6e-06,0.000234,0.012568,0.00763,2.2e-05,0.004033,0.001187,0.004853,5e-05,0.000476,3.7e-05,0.000141,0.000103,0.002067,7e-06,0.000127,0.00087,4.5e-05,6e-06,0.003182,4e-06,0.000186,0.00269,0.013611,7.3e-05,0.000213,0.023434,0.000111,0.005097,0.038185,6e-06,5.9e-05,0.000708,6e-06,0.019942,1.4e-05,8.5e-05,1.4e-05,2e-06,9.2e-05,8e-06,3e-05,0.000996,0.000279,0.000355,0.015117,0.000646,0.000585,0.00438,6.6e-05,0.006455,0.000183,2e-05,3.5e-05,4.3e-05,0.002426,0.000102,0.002648,0.000329,4.7e-05,2.6e-05,4e-05,0.003521,0.000136,0.00018,4e-05,0.000386,4e-06,1.9e-05,0.007432,0.009695,0.00661,0.000947,0.003547,0.000963,0.002373,0.027582,0.00043,0.000543,0.000114,4.9e-05,0.000789,0.001334,0.000454,0.021786,0.001298,0,0.000119,0.000227,5.9e-05,0.011177,6.2e-05,5e-06,3.5e-05,6e-06,1e-05,0.054284,0.006296,0.000116,0.001302,0.019605,0.000162,2e-06,0.001867,0.000137,0.016161,0.000736,0.000881,0.007251,0.000467,7.8e-05,0.000632,7e-06,5e-06,7e-06,3e-06,3.2e-05,0.010792,0.003106,0.006453,8.4e-05,0.001172,0.000237,7.2e-05,0.000217,0.00024,6.9e-05,0.000811,0.001127,2.6e-05,0.004178,3e-06,4.9e-05,4e-06,0.018278,4.6e-05,2e-06,0.000282,4.2e-05,0.005304,0.00096,3.1e-05,0.005557,3.4e-05,0.00017,0.000279,4.5e-05,6.9e-05,4e-06,3e-06
"manyara/kiteto/partimbo",0.000619,0.000119,0.000114,0.001071,5.3e-05,0.004988,1.4e-05,1.8e-05,6.1e-05,0.011774,0.000206,6e-05,0.000439,0.006724,0.00116,5e-05,5.6e-05,0.000298,5.4e-05,0.000214,0.000296,0.000574,6.7e-05,8.9e-05,0.000196,2.7e-05,0.000104,3.4e-05,0.021722,0.000329,0.00271,0.016503,0.000115,9.5e-05,0.000198,0.000129,0.000624,0.002666,0.00012,0.001202,4.3e-05,6.5e-05,0.214831,0.001539,0.076579,6.4e-05,0.000189,0.132471,0.025454,6.7e-05,3.7e-05,4.9e-05,4.7e-05,5e-05,0.002782,3.3e-05,0.000128,0.000128,0.015282,0.022061,0.001646,0.002922,0.002362,0.06257,1e-06,0.004454,0.001617,3e-05,0.000533,0.015195,3.3e-05,1e-05,0.000132,0.000478,0.000262,0.002403,0.00024,2.9e-05,3.3e-05,3.4e-05,2.6e-05,0.000321,3.5e-05,0.000112,0.000126,2.6e-05,0.028616,3.5e-05,0.001432,0.049236,3.2e-05,5.3e-05,0.034245,0.003199,0.000103,0.002012,0.001587,5.3e-05,0.016454,0.004133,3e-05,4.1e-05,0.007457,0.000952,0.000456,0.014949,3.6e-05,0.002851,0.000837,0.005247,0.00113,0.008834,0.001674,2.3e-05,0.000138,0.000107,0.010389,0.070058,0.016323,0.001372,0.000722,0.026196,0.000134,0.000525,6e-05,0.003426,0.255847,0.042019,0.002864,0.00011,9.3e-05,0.003664,0.008206,0.000656,4.3e-05,0.003594,0.000188,0.001991,0.021306,0.004451,0.001757,0.000198,0.001197,0.000416,0.000191,0.0077,9e-05,0.007662,0.006043,0.002101,9.3e-05,0.00013,0.00016,0.000244,0.009465,0.031574,0.000409,0.000286,0.007264,0.202264,0.001281,0.023715,4.1e-05,0.000409,4.7e-05,7.1e-05,0.001792,0.000822,0.007121,0.000852,0.086161,0.008168,0.096447,0.006702,0.00039,0.014401,0.021896,5.7e-05,0.004609,0.083538,0.000101,0.000214,0.031712,0.000859,0.026087,0.392129,5.1e-05,0.000102,0.013778,0.004031,0.001256,0.000451,0.000602,6.5e-05,0.006115,0.017422,0.000114,5.7e-05,0.005541,2.3e-05,0.013446,0.01855,0.014543,7e-05,0.008164,0.000495,0.056238,0.0068,0.002108,0.000132,0.000119,0.000197,0.01826,5.1e-05,2e-05,0.002803,2e-05,0.071622,0.000682,0.004382,6.1e-05,6.8e-05,4.2e-05,9.8e-05,0.015895,0.000344,0.02172,0.000214,0.000145,3.9e-05,2.9e-05,4.5e-05,0.011814,0.013074,0.053254,7e-06,0.000127,0.002836,0.001576,9.3e-05,0.001829,0.099729,4.4e-05,0.179323,0.000127,8.8e-05,0.000308,0.00563,7.5e-05,0.000608,0.033137,0.028481,7.5e-05,0.009749,0.003497,0.006516,0.000124,0.000686,7.2e-05,0.000168,0.000133,0.00246,3.3e-05,0.00018,0.004752,0.000212,5e-05,0.010035,3.4e-05,0.001092,0.008587,0.017726,0.000114,0.000184,0.047529,0.000247,0.00765,0.017665,4.3e-05,0.000337,0.00089,3.6e-05,0.082312,0.000112,0.055722,0.000122,3.2e-05,0.000249,8.2e-05,7.5e-05,0.034751,0.000851,0.000569,0.030991,0.00125,0.001652,0.012329,0.000177,0.004609,0.001205,4.6e-05,4.3e-05,8.3e-05,0.002153,0.045481,0.014487,0.000826,0.000114,6.6e-05,9.6e-05,0.009611,0.000901,0.025891,7.3e-05,0.000807,2.7e-05,0.000114,0.022955,0.025003,0.014949,0.001923,0.011008,0.002083,0.008059,0.076252,0.00282,0.003461,0.000288,0.00033,0.002221,0.003558,0.00135,0.083495,0.008112,0.036417,0,0.000422,0.000337,0.026335,0.000497,3e-05,6.9e-05,3.3e-05,1e-04,0.028981,0.010238,0.00071,0.003804,0.016993,0.001007,1.7e-05,0.004695,0.000335,0.041536,0.003462,0.003137,0.008592,0.000625,0.000187,0.001195,6e-05,6.6e-05,7e-05,4.8e-05,0.000214,0.027778,0.00792,0.01703,0.017841,0.00301,0.000455,5.5e-05,0.000254,0.023559,0.000194,0.001935,0.002379,6.6e-05,0.014824,2.4e-05,6.9e-05,4e-05,0.04867,0.000494,1.5e-05,0.000745,9.6e-05,0.011095,0.002076,6.8e-05,0.012402,8.2e-05,0.000188,0.000387,5e-05,0.00011,3.9e-05,2.8e-05
"kilimanjaro/moshimunicipal/pasua",0,0,0,0,0,0,0,0,0,0,0,0,0,0,0,0,0,0,0,0,0,0,0,0,0,0,0,0,0,0,0,0,0,0,0,0,0,0,0,0,0,0,0,0,0,0,0,0,0,0,0,0,0,0,0,0,0,0,0,0,0,0,0,0,0,0,0,0,0,0,0,0,0,0,0,0,0,0,0,0,0,0,0,0,0,0,0,0,0,0,0,0,0,0,0,0,0,0,0,0,0,0,0,0,0,0,0,0,0,0,0,0,0,0,0,0,0,0,0,0,0,0,0,0,0,0,0,0,0,0,0,0,0,0,0,0,0,0,0,0,0,0,0,0,0,0,0,0,0,0,0,0,0,0,0,0,0,0,0,0,0,0,0,0,0,0,0,0,0,0,0,0,0,0,0,0,0,0,0,0,0,0,0,0,0,0,0,0,0,0,0,0,0,0,0,0,0,0,0,0,0,0,0,0,0,0,0,0,0,0,0,0,0,0,0,0,0,0,0,0,0,0,0,0,0,0,0,0,0,0,0,0,0,0,0,0,0,0,0,0,0,0,0,0,0,0,0,0,0,0,0,0,0,0,0,0,0,0,0,0,0,0,0,0,0,0,0,0,0,0,0,0,0,0,0,0,0,0,0,0,0,0,0,0,0,0,0,0,0,0,0,0,0,0,0,0,0,0,0,0,0,0,0,0,0,0,0,0,0,0,0,0,0,0,0,0,0,0,0,0,0,0,0,0,0,0,0,0,0,0,0,0,0,0,0,0,0,0,0,0,0,0,0,0,0,0,0,0,0,0,0,0,0,0,0,0,0,0,0,0,0,0,0,0,0,0,0,0,0,0,0,0,0,0,0,0,0,0,0,0,0,0,0,0,0,0,0,0,0,0,0,0,0,0,0,0,0,0
"arusha/ngorongoro/pinyinyi",7e-06,2.3e-05,1e-06,2e-04,0,2.5e-05,0,0,0,3.1e-05,1e-06,0,6e-06,8.6e-05,1.2e-05,0,0,1e-06,0,0,0,5e-06,0,1e-06,0,0,0,0,0,0,3.1e-05,0,0,0,4e-06,0,8e-06,6e-06,1e-06,0.000923,0,0,1.1e-05,5e-06,2e-06,0,1.8e-05,0.002122,7.8e-05,1e-06,0,1e-06,1e-06,0,4e-06,0,1e-06,0,1.1e-05,0.000584,0.000166,0.000321,0.000118,1e-06,0,5e-05,3.8e-05,0,1.1e-05,1.8e-05,1e-06,0,2e-06,4e-06,0,0.001292,0.000145,0,0,0,0,0,0,0,0,0,0.000237,0,5e-06,4.1e-05,0,0,0.000198,5.5e-05,1.9e-05,1.6e-05,1.9e-05,0,8.3e-05,2.1e-05,0,1e-06,1.2e-05,1.3e-05,3e-06,0.000234,0,2.1e-05,1.3e-05,0.000114,1.3e-05,7.4e-05,2e-06,0,1e-06,1e-06,7.9e-05,0,0.000115,1.3e-05,5e-06,0.000239,1e-06,2e-06,0,5e-06,9e-06,0.000303,2.5e-05,1e-06,1e-06,1.5e-05,3.9e-05,5e-06,0,4.7e-05,3e-06,1.4e-05,0.00146,3.6e-05,1.8e-05,0,1.8e-05,3e-06,2e-06,2.7e-05,0,4.7e-05,4.2e-05,1.3e-05,1e-06,0,1e-06,0,2.2e-05,0.000543,2e-06,2.9e-05,2e-06,0.001664,6e-06,4e-05,0,1e-06,0,0,7e-06,1.1e-05,8.6e-05,3e-06,3e-06,0.000145,0.001455,8e-06,5e-06,8e-06,8.9e-05,3e-06,3.5e-05,7e-06,0,7.7e-05,3.2e-05,5e-06,0.000262,0.006439,1e-06,1e-06,0.000122,3.9e-05,8e-06,2e-06,4e-06,0,1.7e-05,1e-06,1e-06,0,3.9e-05,1e-06,0.000151,3e-06,1.3e-05,1e-06,6e-05,6e-06,0.000323,8e-05,0.000682,1e-06,1e-06,0,0.000111,0,0,5e-06,0,0.000568,5e-06,2.9e-05,0,1e-06,0,1e-06,0.000145,4e-06,0.000235,1e-06,2e-06,0,0,0,0.005674,0.000165,2e-06,0,1e-06,1.4e-05,6.5e-05,1e-06,1.1e-05,0.001763,0,0.000391,0,1e-06,2e-06,5.8e-05,0,6e-06,0.000493,0.000827,2e-06,0.000114,4.2e-05,1e-05,1e-06,3e-06,0,0,0,7e-06,0,0,9.6e-05,3.8e-05,0,2e-04,0,6e-06,0.000197,6.9e-05,0,0,0.000298,2e-06,1.1e-05,1.6e-05,0,3e-05,4e-06,9e-06,0.005506,1e-06,0,0,0,2e-06,0,1e-06,1e-06,1.5e-05,1e-06,0.000274,8e-06,2.5e-05,0.00016,3e-06,1.1e-05,5.5e-05,0,0,1e-06,5e-06,0,8.5e-05,1.1e-05,1e-06,1e-06,1e-06,9.5e-05,6.1e-05,1e-06,0,6e-06,1e-06,8.4e-05,0.000398,0.000208,8.7e-05,1.1e-05,0.000249,2e-05,0.000173,0.000987,0.00043,0.000924,4e-06,3.7e-05,3.6e-05,5.3e-05,2.5e-05,0.003747,0.002894,1.6e-05,0,3e-06,0,0.000321,1e-06,1e-06,1e-06,1e-06,0,4.2e-05,7e-06,0.000916,7.4e-05,3.5e-05,0.000707,0,6e-05,4e-06,0.000588,0.000112,5.9e-05,2.2e-05,2e-06,1e-06,8e-06,0,0,0,0,3.5e-05,0.000398,7e-05,0.000234,1e-06,4.4e-05,3e-06,0,0,1e-06,2e-06,1.9e-05,6e-06,1e-06,0.000329,0,0,0,0.000435,2e-06,0,1e-05,1e-06,8.7e-05,1.6e-05,1e-06,0.000133,1e-06,0,1e-06,0,0,0,0
"arusha/meru/poli",0.002074,1e-06,2e-06,3e-06,0,0.000119,0,0,0,1.6e-05,0,0,0.000456,0.006355,2e-06,0,0,0,0,0,0,5.6e-05,0,3e-06,0,1e-06,0,0,0,0,0.000657,0,0,1e-06,1e-06,0,0.000273,2e-06,0,6e-06,0,0,5e-06,2e-06,1e-06,0,5e-06,0.045945,0.00014,0,0,0,0,0,2e-06,0,1.1e-05,0,1.4e-05,4.4e-05,1.8e-05,2.6e-05,0.000127,1e-06,0,0.001858,0.000106,0,4e-06,1.4e-05,0,0,1.3e-05,1e-06,0,1.8e-05,3e-06,0,0,0,0,0,0,0,0,0,0.002326,0,1e-06,3.7e-05,0,0,0.000435,0.001573,2e-06,5e-06,0.000129,0,0.000306,6.4e-05,0,0,1e-05,0.000425,1.4e-05,0.000366,0,0.000107,0.000162,2e-05,8.5e-05,0.000167,1e-06,1e-05,2e-06,2e-06,0.001004,0,0.000465,4.9e-05,2.2e-05,0.00088,1e-06,4e-06,0,4e-06,5e-06,0.012161,0.001347,2e-06,2e-06,4.4e-05,0.000104,2.2e-05,0,0.002462,6.9e-05,4.9e-05,0.000479,0.000188,0.000414,0,0.000436,1.6e-05,3e-06,5.2e-05,0,0.000157,0.000134,4e-05,2e-06,1e-06,2e-06,1e-06,2.1e-05,0.003079,4e-06,4e-06,1e-06,0.007818,1.3e-05,0.000124,1e-06,2e-06,0,0,2.1e-05,0.000253,0.002948,6e-06,2e-06,0.000122,0.040827,1.4e-05,2.8e-05,1e-05,0.000146,2e-06,0.000164,4e-06,0,1e-06,2.9e-05,2.2e-05,0.001332,0.039191,2e-06,4e-06,0.000699,0.000238,5e-05,1e-06,1e-06,0,1e-05,0,2e-06,0,0.000172,0,0.012299,3e-06,1.4e-05,1.1e-05,0.000138,8.2e-05,0.000828,6.4e-05,1e-05,2e-06,2e-06,0,0.000229,1e-06,0,4e-06,0,0.000986,1.3e-05,7.7e-05,0,2.6e-05,0,7e-06,0.00125,2.8e-05,0.001307,1e-05,0,0,0,0,0.000114,0.001807,1e-06,0,3e-06,0.000299,1e-05,1e-06,0.000152,0.004297,1e-06,0.000714,0,3e-06,9e-06,0.003933,0,4.1e-05,0.015848,0.001046,5e-06,0.006712,8.9e-05,9e-06,2e-06,6e-06,2e-06,0,0,3.4e-05,0,0,2.5e-05,4e-06,0,0.001032,0,4e-06,0.00108,0.000184,1e-06,0,0.000726,4e-06,9e-06,3.6e-05,0,2e-06,2.9e-05,0,0.001713,0,0,0,0,5e-06,0,8e-06,1e-06,4.3e-05,1e-06,0.012014,3.4e-05,0.000117,0.002436,6.7e-05,3.2e-05,5e-06,1e-06,0,3e-06,8e-06,0,4.9e-05,0.001405,0.000338,0.000146,4e-06,0.001362,3e-06,0,2e-06,2.1e-05,0,0,0.002778,0.00042,0.001008,6.8e-05,0.001925,0.000258,0.00028,0.016313,7e-06,9e-06,0.000178,1e-06,0.000604,0.002151,0.000265,0.002173,3.2e-05,2.1e-05,0,1.4e-05,2e-06,0,0,0,2e-06,0,0,6e-05,5e-06,3e-06,0.00118,5.3e-05,4e-06,0,0.000561,0.002471,0.021975,3.7e-05,0.000114,0.000152,5e-06,3e-06,4.3e-05,0,0,0,0,1e-06,0.023037,0.001884,0.005285,0,0.003165,1.6e-05,0,0,0,4e-06,0.000384,1.9e-05,3.4e-05,0.000471,0,0,0,0.000824,1e-06,0,0.000288,3e-06,0.000384,5.8e-05,2e-06,0.027711,2e-06,0,1e-06,0,0,0,0
"manyara/babati/qashi",0,0,0,0,0,0,0,0,0,0,0,0,0,0,0,0,0,0,0,0,0,0,0,0,0,0,0,0,0,0,0,0,0,0,0,0,0,0,0,0,0,0,0,0,0,0,0,0,0,0,0,0,0,0,0,0,0,0,0,0,0,0,0,0,0,0,0,0,0,0,0,0,0,0,0,0,0,0,0,0,0,0,0,0,0,0,0,0,0,0,0,0,0,0,0,0,0,0,0,0,0,0,0,0,0,0,0,0,0,0,0,0,0,0,0,0,0,0,0,0,0,0,0,0,0,0,0,0,0,0,0,0,0,0,0,0,0,0,0,0,0,0,0,0,0,0,0,0,0,0,0,0,0,0,0,0,0,0,0,0,0,0,0,0,0,0,0,0,0,0,0,0,0,0,0,0,0,0,0,0,0,0,0,0,0,0,0,0,0,0,0,0,0,0,0,0,0,0,0,0,0,0,0,0,0,0,0,0,0,0,0,0,0,0,0,0,0,0,0,0,0,0,0,0,0,0,0,0,0,0,0,0,0,0,0,0,0,0,0,0,0,0,0,0,0,0,0,0,0,0,0,0,0,0,0,0,0,0,0,0,0,0,0,0,0,0,0,0,0,0,0,0,0,0,0,0,0,0,0,0,0,0,0,0,0,0,0,0,0,0,0,0,0,0,0,0,0,0,0,0,0,0,0,0,0,0,0,0,0,0,0,0,0,0,0,0,0,0,0,0,0,0,0,0,0,0,0,0,0,0,0,0,0,0,0,0,0,0,0,0,0,0,0,0,0,0,0,0,0,0,0,0,0,0,0,0,0,0,0,0,0,0,0,0,0,0,0,0,0,0,0,0,0,0,0,0,0,0,0,0,0,0,0,0,0,0,0,0,0,0,0,0,0,0,0,0,0,0
"arusha/karatu/qurus",0,0,0,0,0,0,0,0,0,0,0,0,0,0,0,0,0,0,0,0,0,0,0,0,0,0,0,0,0,0,0,0,0,0,0,0,0,0,0,0,0,0,0,0,0,0,0,0,0,0,0,0,0,0,0,0,0,0,0,0,0,0,0,0,0,0,0,0,0,0,0,0,0,0,0,0,0,0,0,0,0,0,0,0,0,0,0,0,0,0,0,0,0,0,0,0,0,0,0,0,0,0,0,0,0,0,0,0,0,0,0,0,0,0,0,0,0,0,0,0,0,0,0,0,0,0,0,0,0,0,0,0,0,0,0,0,0,0,0,0,0,0,0,0,0,0,0,0,0,0,0,0,0,0,0,0,0,0,0,0,0,0,0,0,0,0,0,0,0,0,0,0,0,0,0,0,0,0,0,0,0,0,0,0,0,0,0,0,0,0,0,0,0,0,0,0,0,0,0,0,0,0,0,0,0,0,0,0,0,0,0,0,0,0,0,0,0,0,0,0,0,0,0,0,0,0,0,0,0,0,0,0,0,0,0,0,0,0,0,0,0,0,0,0,0,0,0,0,0,0,0,0,0,0,0,0,0,0,0,0,0,0,0,0,0,0,0,0,0,0,0,0,0,0,0,0,0,0,0,0,0,0,0,0,0,0,0,0,0,0,0,0,0,0,0,0,0,0,0,0,0,0,0,0,0,0,0,0,0,0,0,0,0,0,0,0,0,0,0,0,0,0,0,0,0,0,0,0,0,0,0,0,0,0,0,0,0,0,0,0,0,0,0,0,0,0,0,0,0,0,0,0,0,0,0,0,0,0,0,0,0,0,0,0,0,0,0,0,0,0,0,0,0,0,0,0,0,0,0,0,0,0,0,0,0,0,0,0,0,0,0,0,0,0,0,0,0,0
"kilimanjaro/moshimunicipal/rau",0,0,0,0,0,0,0,0,0,0,0,0,0,0,0,0,0,0,0,0,0,0,0,0,0,0,0,0,0,0,0,0,0,0,0,0,0,0,0,0,0,0,0,0,0,0,0,0,0,0,0,0,0,0,0,0,0,0,0,0,0,0,0,0,0,0,0,0,0,0,0,0,0,0,0,0,0,0,0,0,0,0,0,0,0,0,0,0,0,0,0,0,0,0,0,0,0,0,0,0,0,0,0,0,0,0,0,0,0,0,0,0,0,0,0,0,0,0,0,0,0,0,0,0,0,0,0,0,0,0,0,0,0,0,0,0,0,0,0,0,0,0,0,0,0,0,0,0,0,0,0,0,0,0,0,0,0,0,0,0,0,0,0,0,0,0,0,0,0,0,0,0,0,0,0,0,0,0,0,0,0,0,0,0,0,0,0,0,0,0,0,0,0,0,0,0,0,0,0,0,0,0,0,0,0,0,0,0,0,0,0,0,0,0,0,0,0,0,0,0,0,0,0,0,0,0,0,0,0,0,0,0,0,0,0,0,0,0,0,0,0,0,0,0,0,0,0,0,0,0,0,0,0,0,0,0,0,0,0,0,0,0,0,0,0,0,0,0,0,0,0,0,0,0,0,0,0,0,0,0,0,0,0,0,0,0,0,0,0,0,0,0,0,0,0,0,0,0,0,0,0,0,0,0,0,0,0,0,0,0,0,0,0,0,0,0,0,0,0,0,0,0,0,0,0,0,0,0,0,0,0,0,0,0,0,0,0,0,0,0,0,0,0,0,0,0,0,0,0,0,0,0,0,0,0,0,0,0,0,0,0,0,0,0,0,0,0,0,0,0,0,0,0,0,0,0,0,0,0,0,0,0,0,0,0,0,0,0,0,0,0,0,0,0,0,0,0,0
"arusha/karatu/rhotia",0,0,0,0,0,0,0,0,0,0,0,0,0,0,0,0,0,0,0,0,0,0,0,0,0,0,0,0,0,0,0,0,0,0,0,0,0,0,0,0,0,0,0,0,0,0,0,0,0,0,0,0,0,0,0,0,0,0,0,0,0,0,0,0,0,0,0,0,0,0,0,0,0,0,0,0,0,0,0,0,0,0,0,0,0,0,0,0,0,0,0,0,0,0,0,0,0,0,0,0,0,0,0,0,0,0,0,0,0,0,0,0,0,0,0,0,0,0,0,0,0,0,0,0,0,0,0,0,0,0,0,0,0,0,0,0,0,0,0,0,0,0,0,0,0,0,0,0,0,0,0,0,0,0,0,0,0,0,0,0,0,0,0,0,0,0,0,0,0,0,0,0,0,0,0,0,0,0,0,0,0,0,0,0,0,0,0,0,0,0,0,0,0,0,0,0,0,0,0,0,0,0,0,0,0,0,0,0,0,0,0,0,0,0,0,0,0,0,0,0,0,0,0,0,0,0,0,0,0,0,0,0,0,0,0,0,0,0,0,0,0,0,0,0,0,0,0,0,0,0,0,0,0,0,0,0,0,0,0,0,0,0,0,0,0,0,0,0,0,0,0,0,0,0,0,0,0,0,0,0,0,0,0,0,0,0,0,0,0,0,0,0,0,0,0,0,0,0,0,0,0,0,0,0,0,0,0,0,0,0,0,0,0,0,0,0,0,0,0,0,0,0,0,0,0,0,0,0,0,0,0,0,0,0,0,0,0,0,0,0,0,0,0,0,0,0,0,0,0,0,0,0,0,0,0,0,0,0,0,0,0,0,0,0,0,0,0,0,0,0,0,0,0,0,0,0,0,0,0,0,0,0,0,0,0,0,0,0,0,0,0,0,0,0,0,0,0,0
"manyara/babati/riroda",0,0,0,0,0,0,0,0,0,0,0,0,0,0,0,0,0,0,0,0,0,0,0,0,0,0,0,0,0,0,0,0,0,0,0,0,0,0,0,0,0,0,0,0,0,0,0,0,0,0,0,0,0,0,0,0,0,0,0,0,0,0,0,0,0,0,0,0,0,0,0,0,0,0,0,0,0,0,0,0,0,0,0,0,0,0,0,0,0,0,0,0,0,0,0,0,0,0,0,0,0,0,0,0,0,0,0,0,0,0,0,0,0,0,0,0,0,0,0,0,0,0,0,0,0,0,0,0,0,0,0,0,0,0,0,0,0,0,0,0,0,0,0,0,0,0,0,0,0,0,0,0,0,0,0,0,0,0,0,0,0,0,0,0,0,0,0,0,0,0,0,0,0,0,0,0,0,0,0,0,0,0,0,0,0,0,0,0,0,0,0,0,0,0,0,0,0,0,0,0,0,0,0,0,0,0,0,0,0,0,0,0,0,0,0,0,0,0,0,0,0,0,0,0,0,0,0,0,0,0,0,0,0,0,0,0,0,0,0,0,0,0,0,0,0,0,0,0,0,0,0,0,0,0,0,0,0,0,0,0,0,0,0,0,0,0,0,0,0,0,0,0,0,0,0,0,0,0,0,0,0,0,0,0,0,0,0,0,0,0,0,0,0,0,0,0,0,0,0,0,0,0,0,0,0,0,0,0,0,0,0,0,0,0,0,0,0,0,0,0,0,0,0,0,0,0,0,0,0,0,0,0,0,0,0,0,0,0,0,0,0,0,0,0,0,0,0,0,0,0,0,0,0,0,0,0,0,0,0,0,0,0,0,0,0,0,0,0,0,0,0,0,0,0,0,0,0,0,0,0,0,0,0,0,0,0,0,0,0,0,0,0,0,0,0,0,0,0
"kilimanjaro/same/ruvu",0.000133,9e-06,5.1e-05,5.5e-05,2e-06,0.003371,1e-06,1e-06,2e-06,0.000411,7e-06,1e-06,8.7e-05,0.001345,5.5e-05,2e-06,2e-06,7e-06,1e-06,5e-06,0.000215,0.00011,2e-06,4.4e-05,0.00036,1.3e-05,3e-06,2e-06,3e-06,0.000577,0.001014,1.4e-05,0.000289,0.000145,8e-06,3e-06,0.000116,6.2e-05,4e-06,1e-04,2e-06,1e-06,0.00054,4.2e-05,6.7e-05,2e-06,2e-05,0.025454,0.002209,3e-06,1e-06,3e-06,3e-06,2e-06,5.3e-05,1e-06,4.6e-05,5e-06,0.011679,0.000949,0.000135,0.000188,0.000331,4.9e-05,0,0.000875,0.000212,1e-06,4e-05,0.000392,2e-06,0,3.3e-05,2.4e-05,5e-06,0.000166,2.2e-05,1e-06,1e-06,1e-06,1e-06,6e-06,1e-06,2e-06,4e-06,1e-06,0.010988,1e-06,3.8e-05,0.04897,1e-06,1e-06,0.020072,0.000598,1e-05,9.5e-05,0.000452,5.5e-05,0.011971,0.002936,1e-06,2e-06,0.00661,0.000175,0.000228,0.003349,2e-06,0.001275,0.000193,0.000249,0.000327,0.003253,3e-05,4e-06,5.7e-05,4.9e-05,0.003994,1.2e-05,0.007824,0.00048,0.00018,0.009635,0.000155,0.000703,8e-05,0.003214,0.000769,0.008579,0.000753,4.9e-05,4.5e-05,0.001484,0.006652,0.000298,7.7e-05,0.000695,3.3e-05,0.000966,0.002895,0.001811,0.000517,0.000259,0.000213,0.000168,6.8e-05,0.010832,2e-06,0.004324,0.00284,0.001118,3.6e-05,0.000285,6.2e-05,0.001526,0.012192,0.004663,9.9e-05,2.2e-05,0.000488,0.103118,0.001147,0.00274,2e-05,0.000746,1e-06,2e-06,0.002069,0.000201,0.00136,0.001442,0.000228,0.000574,0.01863,0.036649,0.000106,0.000494,0.001387,8e-06,0.002022,0.000889,0.000154,1.6e-05,0.040975,0.000504,0.008839,0.292116,1.5e-05,3.2e-05,0.005138,0.001375,0.000612,1.6e-05,2.4e-05,2e-06,0.000201,2.7e-05,6e-05,2e-06,0.002616,2e-06,0.003437,0.000265,0.039116,2.4e-05,0.003457,0.000135,0.035643,0.000421,0.000156,6.1e-05,6e-05,6e-06,0.009516,2.3e-05,1e-06,0.002967,1e-06,0.027639,0.000307,0.002143,2e-06,2e-05,1e-06,3.1e-05,0.005647,0.000106,0.006881,0.000101,7e-06,1e-06,1e-06,1e-06,0.001197,0.002148,6.3e-05,3e-06,5.6e-05,0.000595,8.8e-05,4.4e-05,0.000684,0.018831,2e-05,0.29923,0.000441,4.2e-05,0.000149,0.001228,2e-06,9.5e-05,0.006207,0.002571,1e-05,0.00198,0.000939,0.010992,4.9e-05,0.000742,3.5e-05,0.000488,0.000304,0.001411,2e-06,0.000296,0.000246,2.4e-05,2e-06,0.001458,1e-06,5.9e-05,0.001292,0.020198,0.000114,0.001372,0.026002,0.000117,0.009768,0.00447,2e-06,2.6e-05,0.000502,3e-06,0.011667,5e-06,1.4e-05,3e-06,1e-06,8.2e-05,3e-06,2.1e-05,0.000144,0.000191,0.000671,0.007564,0.000614,0.000399,0.001776,3.2e-05,0.008775,7.8e-05,2.3e-05,6.7e-05,4e-05,0.010075,2e-05,0.000636,0.000169,2.6e-05,1.4e-05,3.3e-05,0.001146,4.3e-05,3.9e-05,3.9e-05,0.000367,2e-06,7e-06,0.002881,0.009141,0.001958,0.000347,0.001773,0.000666,0.001587,0.009701,0.00015,0.00019,5.6e-05,2.5e-05,0.00038,0.000669,0.000218,0.008685,0.000656,0.010466,1.8e-05,0.000208,2.9e-05,0.005999,1.5e-05,2e-06,3.1e-05,2e-06,2e-06,0,0.003986,5.7e-05,0.000672,0.102578,8.1e-05,1e-06,0.001257,7.3e-05,0.007968,0.000222,0.000364,0.002317,0.000787,8.1e-05,0.000561,2e-06,1e-06,2e-06,1e-06,1.6e-05,0.005467,0.001036,0.003063,2.3e-05,0.00065,0.000212,0.000671,0.000572,4.7e-05,6e-05,0.000365,0.000231,1.3e-05,0.001805,1e-06,0.000112,2e-06,0.016777,1.6e-05,1e-06,0.000136,3.7e-05,0.004671,0.000879,2.8e-05,0.003025,3.2e-05,0.00064,0.00072,0.000165,0.000103,2e-06,1e-06
"manyara/simanjiro/ruvuremiti",0,0,0,0,0,0,0,0,0,0,0,0,0,0,0,0,0,0,0,0,0,0,0,0,0,0,0,0,0,0,0,0,0,0,0,0,0,0,0,0,0,0,0,0,0,0,0,0,0,0,0,0,0,0,0,0,0,0,0,0,0,0,0,0,0,0,0,0,0,0,0,0,0,0,0,0,0,0,0,0,0,0,0,0,0,0,0,0,0,0,0,0,0,0,0,0,0,0,0,0,0,0,0,0,0,0,0,0,0,0,0,0,0,0,0,0,0,0,0,0,0,0,0,0,0,0,0,0,0,0,0,0,0,0,0,0,0,0,0,0,0,0,0,0,0,0,0,0,0,0,0,0,0,0,0,0,0,0,0,0,0,0,0,0,0,0,0,0,0,0,0,0,0,0,0,0,0,0,0,0,0,0,0,0,0,0,0,0,0,0,0,0,0,0,0,0,0,0,0,0,0,0,0,0,0,0,0,0,0,0,0,0,0,0,0,0,0,0,0,0,0,0,0,0,0,0,0,0,0,0,0,0,0,0,0,0,0,0,0,0,0,0,0,0,0,0,0,0,0,0,0,0,0,0,0,0,0,0,0,0,0,0,0,0,0,0,0,0,0,0,0,0,0,0,0,0,0,0,0,0,0,0,0,0,0,0,0,0,0,0,0,0,0,0,0,0,0,0,0,0,0,0,0,0,0,0,0,0,0,0,0,0,0,0,0,0,0,0,0,0,0,0,0,0,0,0,0,0,0,0,0,0,0,0,0,0,0,0,0,0,0,0,0,0,0,0,0,0,0,0,0,0,0,0,0,0,0,0,0,0,0,0,0,0,0,0,0,0,0,0,0,0,0,0,0,0,0,0,0,0,0,0,0,0,0,0,0,0,0,0,0,0,0,0,0,0,0,0
"arusha/ngorongoro/sale",0,0,0,0,0,0,0,0,0,0,0,0,0,0,0,0,0,0,0,0,0,0,0,0,0,0,0,0,0,0,0,0,0,0,0,0,0,0,0,0,0,0,0,0,0,0,0,0,0,0,0,0,0,0,0,0,0,0,0,0,0,0,0,0,0,0,0,0,0,0,0,0,0,0,0,0,0,0,0,0,0,0,0,0,0,0,0,0,0,0,0,0,0,0,0,0,0,0,0,0,0,0,0,0,0,0,0,0,0,0,0,0,0,0,0,0,0,0,0,0,0,0,0,0,0,0,0,0,0,0,0,0,0,0,0,0,0,0,0,0,0,0,0,0,0,0,0,0,0,0,0,0,0,0,0,0,0,0,0,0,0,0,0,0,0,0,0,0,0,0,0,0,0,0,0,0,0,0,0,0,0,0,0,0,0,0,0,0,0,0,0,0,0,0,0,0,0,0,0,0,0,0,0,0,0,0,0,0,0,0,0,0,0,0,0,0,0,0,0,0,0,0,0,0,0,0,0,0,0,0,0,0,0,0,0,0,0,0,0,0,0,0,0,0,0,0,0,0,0,0,0,0,0,0,0,0,0,0,0,0,0,0,0,0,0,0,0,0,0,0,0,0,0,0,0,0,0,0,0,0,0,0,0,0,0,0,0,0,0,0,0,0,0,0,0,0,0,0,0,0,0,0,0,0,0,0,0,0,0,0,0,0,0,0,0,0,0,0,0,0,0,0,0,0,0,0,0,0,0,0,0,0,0,0,0,0,0,0,0,0,0,0,0,0,0,0,0,0,0,0,0,0,0,0,0,0,0,0,0,0,0,0,0,0,0,0,0,0,0,0,0,0,0,0,0,0,0,0,0,0,0,0,0,0,0,0,0,0,0,0,0,0,0,0,0,0,0,0
"arusha/arusha/sambasha",0,0,0,0,0,0,0,0,0,0,0,0,0,0,0,0,0,0,0,0,0,0,0,0,0,0,0,0,0,0,0,0,0,0,0,0,0,0,0,0,0,0,0,0,0,0,0,0,0,0,0,0,0,0,0,0,0,0,0,0,0,0,0,0,0,0,0,0,0,0,0,0,0,0,0,0,0,0,0,0,0,0,0,0,0,0,0,0,0,0,0,0,0,0,0,0,0,0,0,0,0,0,0,0,0,0,0,0,0,0,0,0,0,0,0,0,0,0,0,0,0,0,0,0,0,0,0,0,0,0,0,0,0,0,0,0,0,0,0,0,0,0,0,0,0,0,0,0,0,0,0,0,0,0,0,0,0,0,0,0,0,0,0,0,0,0,0,0,0,0,0,0,0,0,0,0,0,0,0,0,0,0,0,0,0,0,0,0,0,0,0,0,0,0,0,0,0,0,0,0,0,0,0,0,0,0,0,0,0,0,0,0,0,0,0,0,0,0,0,0,0,0,0,0,0,0,0,0,0,0,0,0,0,0,0,0,0,0,0,0,0,0,0,0,0,0,0,0,0,0,0,0,0,0,0,0,0,0,0,0,0,0,0,0,0,0,0,0,0,0,0,0,0,0,0,0,0,0,0,0,0,0,0,0,0,0,0,0,0,0,0,0,0,0,0,0,0,0,0,0,0,0,0,0,0,0,0,0,0,0,0,0,0,0,0,0,0,0,0,0,0,0,0,0,0,0,0,0,0,0,0,0,0,0,0,0,0,0,0,0,0,0,0,0,0,0,0,0,0,0,0,0,0,0,0,0,0,0,0,0,0,0,0,0,0,0,0,0,0,0,0,0,0,0,0,0,0,0,0,0,0,0,0,0,0,0,0,0,0,0,0,0,0,0,0,0,0,0
"kilimanjaro/same/same",3e-06,0,2e-06,1e-06,0,0.000106,0,0,0,8e-06,0,0,2e-06,3.1e-05,1e-06,0,0,0,0,0,4e-06,3e-06,0,1e-06,1e-05,0,0,0,0,1.1e-05,2.2e-05,0,7e-06,8e-06,0,0,3e-06,1e-06,0,2e-06,0,0,9e-06,1e-06,1e-06,0,0,0.000578,3.9e-05,0,0,0,0,0,1e-06,0,1e-06,0,9.5e-05,2e-05,3e-06,4e-06,8e-06,1e-06,0,1.9e-05,5e-06,0,1e-06,7e-06,0,0,1e-06,0,0,4e-06,0,0,0,0,0,0,0,0,0,0,0.000304,0,1e-06,0.000746,0,0,0.000776,1.4e-05,0,2e-06,1.2e-05,3e-06,0.000419,0.000109,0,0,0.000162,4e-06,7e-06,9.5e-05,0,3.9e-05,5e-06,5e-06,9e-06,0.000107,1e-06,0,2e-06,2e-06,0.000105,0,0.000252,1.5e-05,5e-06,0.000298,8e-06,3.7e-05,5e-06,6.5e-05,1.1e-05,0.000213,1.7e-05,2e-06,2e-06,5.3e-05,0.000266,9e-06,5e-06,1.6e-05,1e-06,3.2e-05,7.1e-05,5.4e-05,1.3e-05,5e-06,5e-06,5e-06,2e-06,0.00062,0,0.000149,9.5e-05,3.9e-05,1e-06,1.2e-05,2e-06,0.000217,0.000533,0.000101,3e-06,1e-06,5e-06,0.003458,5e-05,4.6e-05,1e-06,5.3e-05,0,0,7.8e-05,5e-06,3e-05,7.5e-05,4e-06,1.2e-05,0.000423,0.000208,3e-06,8e-06,2.6e-05,0,6.2e-05,1.2e-05,4e-06,0,0.000506,1.6e-05,0.000259,0.010901,0,1e-06,0.000151,3.9e-05,1.8e-05,0,0,0,4e-06,0,2e-06,0,8.3e-05,0,8.4e-05,4e-06,0.000463,1e-06,0.000118,4e-06,0.001374,9e-06,3e-06,2e-06,2e-06,0,0.000356,1e-06,0,8.8e-05,0,0.000965,1e-05,7.5e-05,0,0,0,1e-06,0.000158,3e-06,0.000197,3e-06,0,0,0,0,2.8e-05,4.6e-05,1e-06,0,2e-06,1.3e-05,2e-06,2e-06,1.6e-05,0.000384,1e-06,0.03367,2.1e-05,1e-06,5e-06,2.8e-05,0,2e-06,0.000141,5.7e-05,0,4.4e-05,2.8e-05,0.000235,2e-06,3.5e-05,1e-06,2.1e-05,1e-05,4.1e-05,0,8e-06,5e-06,1e-06,0,3.2e-05,0,1e-06,2.9e-05,0.000878,5e-06,3.2e-05,0.000964,4e-06,0.000205,6e-05,0,1e-06,1.2e-05,0,0.000288,0,0,0,0,3e-06,0,1e-06,2e-06,5e-06,1.5e-05,0.00017,2e-05,1.1e-05,4.3e-05,1e-06,0.000214,2e-06,1e-06,4e-06,1e-06,0.00195,0,1.2e-05,4e-06,1e-06,0,1e-06,2.5e-05,1e-06,1e-06,1e-06,1.2e-05,0,0,6.9e-05,0.000305,4.1e-05,7e-06,4e-05,1.8e-05,4.2e-05,0.000221,3e-06,4e-06,1e-06,1e-06,8e-06,1.5e-05,5e-06,0.000211,1.5e-05,9.9e-05,0,6e-06,1e-06,0.000141,0,0,1e-06,0,0,0.002939,4.8e-05,1e-06,1.6e-05,0,2e-06,0,3.3e-05,2e-06,0.00018,5e-06,8e-06,4.6e-05,3.9e-05,3e-06,1.7e-05,0,0,0,0,0,0.000125,2.3e-05,6.8e-05,0,1.6e-05,7e-06,3.7e-05,1.1e-05,1e-06,2e-06,8e-06,4e-06,0,4.6e-05,0,8e-06,0,0.000554,0,0,3e-06,1e-06,0.000145,2.8e-05,1e-06,7.1e-05,1e-06,2.1e-05,2.2e-05,2.2e-05,2e-06,0,0
"arusha/ngorongoro/samunge",0,0,0,0,0,0,0,0,0,0,0,0,0,0,0,0,0,0,0,0,0,0,0,0,0,0,0,0,0,0,0,0,0,0,0,0,0,0,0,0,0,0,0,0,0,0,0,0,0,0,0,0,0,0,0,0,0,0,0,0,0,0,0,0,0,0,0,0,0,0,0,0,0,0,0,0,0,0,0,0,0,0,0,0,0,0,0,0,0,0,0,0,0,0,0,0,0,0,0,0,0,0,0,0,0,0,0,0,0,0,0,0,0,0,0,0,0,0,0,0,0,0,0,0,0,0,0,0,0,0,0,0,0,0,0,0,0,0,0,0,0,0,0,0,0,0,0,0,0,0,0,0,0,0,0,0,0,0,0,0,0,0,0,0,0,0,0,0,0,0,0,0,0,0,0,0,0,0,0,0,0,0,0,0,0,0,0,0,0,0,0,0,0,0,0,0,0,0,0,0,0,0,0,0,0,0,0,0,0,0,0,0,0,0,0,0,0,0,0,0,0,0,0,0,0,0,0,0,0,0,0,0,0,0,0,0,0,0,0,0,0,0,0,0,0,0,0,0,0,0,0,0,0,0,0,0,0,0,0,0,0,0,0,0,0,0,0,0,0,0,0,0,0,0,0,0,0,0,0,0,0,0,0,0,0,0,0,0,0,0,0,0,0,0,0,0,0,0,0,0,0,0,0,0,0,0,0,0,0,0,0,0,0,0,0,0,0,0,0,0,0,0,0,0,0,0,0,0,0,0,0,0,0,0,0,0,0,0,0,0,0,0,0,0,0,0,0,0,0,0,0,0,0,0,0,0,0,0,0,0,0,0,0,0,0,0,0,0,0,0,0,0,0,0,0,0,0,0,0,0,0,0,0,0,0,0,0,0,0,0,0,0,0,0,0,0,0,0
"manyara/mbulu/sanubaray",0,0,0,0,0,0,0,0,0,0,0,0,0,0,0,0,0,0,0,0,0,0,0,0,0,0,0,0,0,0,0,0,0,0,0,0,0,0,0,0,0,0,0,0,0,0,0,0,0,0,0,0,0,0,0,0,0,0,0,0,0,0,0,0,0,0,0,0,0,0,0,0,0,0,0,0,0,0,0,0,0,0,0,0,0,0,0,0,0,0,0,0,0,0,0,0,0,0,0,0,0,0,0,0,0,0,0,0,0,0,0,0,0,0,0,0,0,0,0,0,0,0,0,0,0,0,0,0,0,0,0,0,0,0,0,0,0,0,0,0,0,0,0,0,0,0,0,0,0,0,0,0,0,0,0,0,0,0,0,0,0,0,0,0,0,0,0,0,0,0,0,0,0,0,0,0,0,0,0,0,0,0,0,0,0,0,0,0,0,0,0,0,0,0,0,0,0,0,0,0,0,0,0,0,0,0,0,0,0,0,0,0,0,0,0,0,0,0,0,0,0,0,0,0,0,0,0,0,0,0,0,0,0,0,0,0,0,0,0,0,0,0,0,0,0,0,0,0,0,0,0,0,0,0,0,0,0,0,0,0,0,0,0,0,0,0,0,0,0,0,0,0,0,0,0,0,0,0,0,0,0,0,0,0,0,0,0,0,0,0,0,0,0,0,0,0,0,0,0,0,0,0,0,0,0,0,0,0,0,0,0,0,0,0,0,0,0,0,0,0,0,0,0,0,0,0,0,0,0,0,0,0,0,0,0,0,0,0,0,0,0,0,0,0,0,0,0,0,0,0,0,0,0,0,0,0,0,0,0,0,0,0,0,0,0,0,0,0,0,0,0,0,0,0,0,0,0,0,0,0,0,0,0,0,0,0,0,0,0,0,0,0,0,0,0,0,0,0
"kilimanjaro/siha/sanyajuu",0.000346,4e-06,3e-05,1.8e-05,0,0.001358,0,0,0,7e-05,1e-06,0,0.000247,0.002932,1.2e-05,1e-06,0,1e-06,0,1e-06,2e-06,0.015021,0,5.1e-05,2e-06,1.7e-05,0,1e-06,0,3e-06,0.000932,1e-06,1e-06,6e-06,2e-06,0,0.000211,1.1e-05,1e-06,3.8e-05,0,0,3.3e-05,8e-06,5e-06,0,2.1e-05,0.044943,0.000458,1e-06,0,1e-06,1e-06,0,8e-06,0,3.7e-05,1e-06,8.4e-05,0.000248,0.000153,0.000125,0.000755,3e-06,0,0.001363,0.000252,0,1.6e-05,5.8e-05,1e-06,0,0.001933,6e-06,1e-06,0.000121,1.4e-05,0,0,0,0,1e-06,0,0,1e-06,0,0.043586,0,6e-06,0.000272,0,0,0.0065,0.001932,9e-06,2.1e-05,0.017886,4e-06,0.003813,0.000862,0,1e-06,7.6e-05,0.000343,0.000248,0.008816,1e-06,0.002259,0.004339,8.7e-05,0.009381,0.003555,4e-06,8e-06,4.8e-05,2.7e-05,0.010461,1e-06,0.009095,0.001563,0.000769,0.025328,1.1e-05,4e-05,4e-06,2.9e-05,3.1e-05,0.04232,0.001375,4.6e-05,3.4e-05,0.000695,0.001303,0.000468,3e-06,0.001448,7.4e-05,0.000936,0.004911,0.004867,0.004583,2e-06,0.000414,0.000427,5.2e-05,0.000537,0,0.002548,0.002604,0.000677,3.2e-05,7e-06,3.6e-05,5e-06,0.000181,0.005544,7.7e-05,2.6e-05,8e-06,0.139423,0.000155,0.000415,2.6e-05,2.1e-05,0,0,0.000201,0.003286,0.002226,5.9e-05,1e-05,0.000381,0.034707,9e-05,0.003069,4.1e-05,0.000438,1.6e-05,0.003651,2.7e-05,1e-06,5e-06,0.000206,0.000318,0.055883,0.511081,0.000104,0.000169,0.022769,0.010631,0.000797,3e-06,6e-06,0,4.1e-05,2e-06,2.4e-05,0,0.003401,1e-06,0.017201,1.5e-05,0.000101,4e-05,0.002627,0.006495,0.012125,0.000205,5.6e-05,4.1e-05,3.4e-05,1e-06,0.003598,1.2e-05,0,3.6e-05,0,0.017464,0.00026,0.001382,0,5.1e-05,0,0.000476,0.040274,0.002405,0.073781,0.000145,2e-06,0,0,0,0.000849,0.002468,5e-06,5e-06,7.4e-05,0.000606,4.2e-05,2.2e-05,0.000554,0.010536,2.9e-05,0.006334,2e-06,5.1e-05,0.000176,0.002127,0,7.1e-05,0.012883,0.003542,1.1e-05,0.003631,0.002405,6.7e-05,3.5e-05,6.9e-05,3.9e-05,3e-06,2e-06,0.000286,1e-06,2e-06,1e-04,2.7e-05,0,0.002004,0,1.4e-05,0.002278,0.001929,1.1e-05,3e-06,0.011656,6.7e-05,7.3e-05,0.000169,0,1.1e-05,0.00018,2e-06,0.018425,1e-06,1e-06,0,0,0.000107,1e-06,0.002774,6e-06,0.001627,6e-06,0.010791,0.000647,0.00788,0.013393,5.9e-05,0.000229,2.5e-05,9e-06,3e-06,4.9e-05,6.7e-05,1e-06,0.000182,0.000446,0.000111,4.2e-05,0.000124,0.001639,1.4e-05,3e-06,3.2e-05,0.000426,1e-06,3e-06,0.01242,0.008404,0.001528,0.00015,0.004052,0.008204,0.006527,0.020603,4.6e-05,6.4e-05,0.000108,7e-06,0.000707,0.001583,0.000406,0.018966,0.000225,0.000118,1e-06,0.000245,1.4e-05,0.01886,2e-06,1e-06,4.8e-05,1e-06,0,0.000427,3.6e-05,2.2e-05,0.001989,0.000427,3e-05,0,0,0.000223,0.015919,0.00014,0.00029,0.00055,5.4e-05,4.8e-05,0.000821,0,0,0,0,5e-06,0.013189,0.001625,0.005051,2e-06,0.003318,0.000311,1e-06,3e-06,3e-06,8.9e-05,0.000417,5.5e-05,2.3e-05,0.007281,0,3e-06,0,0.016631,3e-06,0,0.000245,7.5e-05,0.009258,0.001339,4.6e-05,0.00901,3.1e-05,3e-06,5e-06,1e-06,1e-06,0,0
"arusha/meru/seelasingisi",0,0,0,0,0,0,0,0,0,0,0,0,0,0,0,0,0,0,0,0,0,0,0,0,0,0,0,0,0,0,0,0,0,0,0,0,0,0,0,0,0,0,0,0,0,0,0,0,0,0,0,0,0,0,0,0,0,0,0,0,0,0,0,0,0,0,0,0,0,0,0,0,0,0,0,0,0,0,0,0,0,0,0,0,0,0,0,0,0,0,0,0,0,0,0,0,0,0,0,0,0,0,0,0,0,0,0,0,0,0,0,0,0,0,0,0,0,0,0,0,0,0,0,0,0,0,0,0,0,0,0,0,0,0,0,0,0,0,0,0,0,0,0,0,0,0,0,0,0,0,0,0,0,0,0,0,0,0,0,0,0,0,0,0,0,0,0,0,0,0,0,0,0,0,0,0,0,0,0,0,0,0,0,0,0,0,0,0,0,0,0,0,0,0,0,0,0,0,0,0,0,0,0,0,0,0,0,0,0,0,0,0,0,0,0,0,0,0,0,0,0,0,0,0,0,0,0,0,0,0,0,0,0,0,0,0,0,0,0,0,0,0,0,0,0,0,0,0,0,0,0,0,0,0,0,0,0,0,0,0,0,0,0,0,0,0,0,0,0,0,0,0,0,0,0,0,0,0,0,0,0,0,0,0,0,0,0,0,0,0,0,0,0,0,0,0,0,0,0,0,0,0,0,0,0,0,0,0,0,0,0,0,0,0,0,0,0,0,0,0,0,0,0,0,0,0,0,0,0,0,0,0,0,0,0,0,0,0,0,0,0,0,0,0,0,0,0,0,0,0,0,0,0,0,0,0,0,0,0,0,0,0,0,0,0,0,0,0,0,0,0,0,0,0,0,0,0,0,0,0,0,0,0,0,0,0,0,0,0,0,0,0,0,0,0,0,0,0
"arusha/arushaurban/sekei",0,0,0,0,0,0,0,0,0,0,0,0,0,0,0,0,0,0,0,0,0,0,0,0,0,0,0,0,0,0,0,0,0,0,0,0,0,0,0,0,0,0,0,0,0,0,0,0,0,0,0,0,0,0,0,0,0,0,0,0,0,0,0,0,0,0,0,0,0,0,0,0,0,0,0,0,0,0,0,0,0,0,0,0,0,0,0,0,0,0,0,0,0,0,0,0,0,0,0,0,0,0,0,0,0,0,0,0,0,0,0,0,0,0,0,0,0,0,0,0,0,0,0,0,0,0,0,0,0,0,0,0,0,0,0,0,0,0,0,0,0,0,0,0,0,0,0,0,0,0,0,0,0,0,0,0,0,0,0,0,0,0,0,0,0,0,0,0,0,0,0,0,0,0,0,0,0,0,0,0,0,0,0,0,0,0,0,0,0,0,0,0,0,0,0,0,0,0,0,0,0,0,0,0,0,0,0,0,0,0,0,0,0,0,0,0,0,0,0,0,0,0,0,0,0,0,0,0,0,0,0,0,0,0,0,0,0,0,0,0,0,0,0,0,0,0,0,0,0,0,0,0,0,0,0,0,0,0,0,0,0,0,0,0,0,0,0,0,0,0,0,0,0,0,0,0,0,0,0,0,0,0,0,0,0,0,0,0,0,0,0,0,0,0,0,0,0,0,0,0,0,0,0,0,0,0,0,0,0,0,0,0,0,0,0,0,0,0,0,0,0,0,0,0,0,0,0,0,0,0,0,0,0,0,0,0,0,0,0,0,0,0,0,0,0,0,0,0,0,0,0,0,0,0,0,0,0,0,0,0,0,0,0,0,0,0,0,0,0,0,0,0,0,0,0,0,0,0,0,0,0,0,0,0,0,0,0,0,0,0,0,0,0,0,0,0,0,0
"arusha/monduli/selela",0,0,0,0,0,0,0,0,0,0,0,0,0,0,0,0,0,0,0,0,0,0,0,0,0,0,0,0,0,0,0,0,0,0,0,0,0,0,0,0,0,0,0,0,0,0,0,0,0,0,0,0,0,0,0,0,0,0,0,0,0,0,0,0,0,0,0,0,0,0,0,0,0,0,0,0,0,0,0,0,0,0,0,0,0,0,0,0,0,0,0,0,0,0,0,0,0,0,0,0,0,0,0,0,0,0,0,0,0,0,0,0,0,0,0,0,0,0,0,0,0,0,0,0,0,0,0,0,0,0,0,0,0,0,0,0,0,0,0,0,0,0,0,0,0,0,0,0,0,0,0,0,0,0,0,0,0,0,0,0,0,0,0,0,0,0,0,0,0,0,0,0,0,0,0,0,0,0,0,0,0,0,0,0,0,0,0,0,0,0,0,0,0,0,0,0,0,0,0,0,0,0,0,0,0,0,0,0,0,0,0,0,0,0,0,0,0,0,0,0,0,0,0,0,0,0,0,0,0,0,0,0,0,0,0,0,0,0,0,0,0,0,0,0,0,0,0,0,0,0,0,0,0,0,0,0,0,0,0,0,0,0,0,0,0,0,0,0,0,0,0,0,0,0,0,0,0,0,0,0,0,0,0,0,0,0,0,0,0,0,0,0,0,0,0,0,0,0,0,0,0,0,0,0,0,0,0,0,0,0,0,0,0,0,0,0,0,0,0,0,0,0,0,0,0,0,0,0,0,0,0,0,0,0,0,0,0,0,0,0,0,0,0,0,0,0,0,0,0,0,0,0,0,0,0,0,0,0,0,0,0,0,0,0,0,0,0,0,0,0,0,0,0,0,0,0,0,0,0,0,0,0,0,0,0,0,0,0,0,0,0,0,0,0,0,0,0,0
"arusha/monduli/sepeko",4e-06,0,0,1e-06,0,5e-06,0,0,0,6e-06,0,0,4e-06,6.1e-05,1e-06,0,0,0,0,0,0,1e-06,0,0,0,0,0,0,0,0,2e-05,0,0,0,0,0,7e-06,1e-06,0,1e-06,0,0,1e-06,1e-06,0,0,2e-06,0.00208,4.3e-05,0,0,0,0,0,0,0,0,0,2e-06,1.5e-05,3e-06,1.3e-05,1.6e-05,0,0,4.4e-05,0.000107,0,4e-06,4e-06,0,0,0,1e-06,0,4e-06,1e-06,0,0,0,0,0,0,0,0,0,5.3e-05,0,0,4e-06,0,0,2.2e-05,3e-05,1e-06,2e-06,3e-06,0,1.3e-05,3e-06,0,0,1e-06,1.2e-05,0,2e-05,0,4e-06,3e-06,1.2e-05,2e-06,8e-06,0,0,0,0,2.1e-05,0,1.7e-05,2e-06,1e-06,3.3e-05,0,0,0,0,1e-06,0.000104,1.2e-05,0,0,2e-06,5e-06,1e-06,0,3.6e-05,2e-06,2e-06,5.3e-05,6e-06,5e-06,0,1.6e-05,1e-06,0,3e-06,0,7e-06,6e-06,2e-06,0,0,0,0,2e-06,0.001434,0,1e-06,0,0.000273,1e-06,1.8e-05,0,0,0,0,1e-06,3e-06,7.8e-05,0,0,0.000339,0.001304,1e-06,1e-06,2e-06,8e-05,0,6e-06,1e-06,0,0,3e-06,1e-06,4.2e-05,0.001201,0,0,2.1e-05,7e-06,2e-06,0,1e-06,0,4e-06,0,0,0,6e-06,0,5.8e-05,1e-06,1e-06,0,7e-06,1e-06,4e-05,1e-04,3e-06,0,0,0,1.2e-05,0,0,0,0,5.3e-05,1e-06,4e-06,0,0,0,0,3e-05,1e-06,3.8e-05,0,0,0,0,0,2.2e-05,0.000272,0,0,0,6e-06,7e-06,0,4e-06,0.00562,0,4.8e-05,0,0,0,3.9e-05,0,1e-05,0.000402,0.000462,5e-06,8.6e-05,4e-06,1e-06,0,0,0,0,0,1e-06,0,0,2e-05,1e-06,0,0.000384,0,2e-06,0.000197,1e-05,0,0,3.5e-05,0,1e-06,4e-06,0,1e-06,1e-06,0,0.000183,0,0,0,0,0,0,0,0,2e-06,0,0.000166,1e-06,4e-06,4.7e-05,2e-06,2e-06,2e-06,0,0,0,1e-06,0,3.1e-05,7e-06,1e-06,0,0,0.000126,1e-06,0,0,1e-06,0,0,0.000117,2.1e-05,9.4e-05,9e-06,0.000165,5e-06,1.5e-05,0.000818,2e-06,2e-06,3e-06,0,3.5e-05,3.8e-05,2.5e-05,0.000238,7e-06,2e-06,0,0,1e-06,0.000163,0,0,0,0,0,5e-06,1e-06,1e-06,4e-05,4e-06,1e-06,0,1.2e-05,2e-06,0.000481,4e-05,0,8e-06,0,0,1e-06,0,0,0,0,0,0.000272,6.9e-05,0.000242,0,1.8e-05,1e-06,0,0,0,0,2e-05,4e-06,1e-06,3e-05,0,0,0,4.2e-05,0,0,9e-06,0,1.3e-05,2e-06,0,6.3e-05,0,0,0,0,0,0,0
"manyara/simanjiro/shambarai",0,0,0,0,0,0,0,0,0,0,0,0,0,0,0,0,0,0,0,0,0,0,0,0,0,0,0,0,0,0,0,0,0,0,0,0,0,0,0,0,0,0,0,0,0,0,0,0,0,0,0,0,0,0,0,0,0,0,0,0,0,0,0,0,0,0,0,0,0,0,0,0,0,0,0,0,0,0,0,0,0,0,0,0,0,0,0,0,0,0,0,0,0,0,0,0,0,0,0,0,0,0,0,0,0,0,0,0,0,0,0,0,0,0,0,0,0,0,0,0,0,0,0,0,0,0,0,0,0,0,0,0,0,0,0,0,0,0,0,0,0,0,0,0,0,0,0,0,0,0,0,0,0,0,0,0,0,0,0,0,0,0,0,0,0,0,0,0,0,0,0,0,0,0,0,0,0,0,0,0,0,0,0,0,0,0,0,0,0,0,0,0,0,0,0,0,0,0,0,0,0,0,0,0,0,0,0,0,0,0,0,0,0,0,0,0,0,0,0,0,0,0,0,0,0,0,0,0,0,0,0,0,0,0,0,0,0,0,0,0,0,0,0,0,0,0,0,0,0,0,0,0,0,0,0,0,0,0,0,0,0,0,0,0,0,0,0,0,0,0,0,0,0,0,0,0,0,0,0,0,0,0,0,0,0,0,0,0,0,0,0,0,0,0,0,0,0,0,0,0,0,0,0,0,0,0,0,0,0,0,0,0,0,0,0,0,0,0,0,0,0,0,0,0,0,0,0,0,0,0,0,0,0,0,0,0,0,0,0,0,0,0,0,0,0,0,0,0,0,0,0,0,0,0,0,0,0,0,0,0,0,0,0,0,0,0,0,0,0,0,0,0,0,0,0,0,0,0,0,0,0,0,0,0,0,0,0,0,0,0,0,0,0,0,0,0,0,0
"kilimanjaro/mwanga/shighatini",0,0,0,0,0,0,0,0,0,0,0,0,0,0,0,0,0,0,0,0,0,0,0,0,0,0,0,0,0,0,0,0,0,0,0,0,0,0,0,0,0,0,0,0,0,0,0,0,0,0,0,0,0,0,0,0,0,0,0,0,0,0,0,0,0,0,0,0,0,0,0,0,0,0,0,0,0,0,0,0,0,0,0,0,0,0,0,0,0,0,0,0,0,0,0,0,0,0,0,0,0,0,0,0,0,0,0,0,0,0,0,0,0,0,0,0,0,0,0,0,0,0,0,0,0,0,0,0,0,0,0,0,0,0,0,0,0,0,0,0,0,0,0,0,0,0,0,0,0,0,0,0,0,0,0,0,0,0,0,0,0,0,0,0,0,0,0,0,0,0,0,0,0,0,0,0,0,0,0,0,0,0,0,0,0,0,0,0,0,0,0,0,0,0,0,0,0,0,0,0,0,0,0,0,0,0,0,0,0,0,0,0,0,0,0,0,0,0,0,0,0,0,0,0,0,0,0,0,0,0,0,0,0,0,0,0,0,0,0,0,0,0,0,0,0,0,0,0,0,0,0,0,0,0,0,0,0,0,0,0,0,0,0,0,0,0,0,0,0,0,0,0,0,0,0,0,0,0,0,0,0,0,0,0,0,0,0,0,0,0,0,0,0,0,0,0,0,0,0,0,0,0,0,0,0,0,0,0,0,0,0,0,0,0,0,0,0,0,0,0,0,0,0,0,0,0,0,0,0,0,0,0,0,0,0,0,0,0,0,0,0,0,0,0,0,0,0,0,0,0,0,0,0,0,0,0,0,0,0,0,0,0,0,0,0,0,0,0,0,0,0,0,0,0,0,0,0,0,0,0,0,0,0,0,0,0,0,0,0,0,0,0,0,0,0,0,0,0
"kilimanjaro/rombo/shimbi",0,0,0,0,0,0,0,0,0,0,0,0,0,0,0,0,0,0,0,0,0,0,0,0,0,0,0,0,0,0,0,0,0,0,0,0,0,0,0,0,0,0,0,0,0,0,0,0,0,0,0,0,0,0,0,0,0,0,0,0,0,0,0,0,0,0,0,0,0,0,0,0,0,0,0,0,0,0,0,0,0,0,0,0,0,0,0,0,0,0,0,0,0,0,0,0,0,0,0,0,0,0,0,0,0,0,0,0,0,0,0,0,0,0,0,0,0,0,0,0,0,0,0,0,0,0,0,0,0,0,0,0,0,0,0,0,0,0,0,0,0,0,0,0,0,0,0,0,0,0,0,0,0,0,0,0,0,0,0,0,0,0,0,0,0,0,0,0,0,0,0,0,0,0,0,0,0,0,0,0,0,0,0,0,0,0,0,0,0,0,0,0,0,0,0,0,0,0,0,0,0,0,0,0,0,0,0,0,0,0,0,0,0,0,0,0,0,0,0,0,0,0,0,0,0,0,0,0,0,0,0,0,0,0,0,0,0,0,0,0,0,0,0,0,0,0,0,0,0,0,0,0,0,0,0,0,0,0,0,0,0,0,0,0,0,0,0,0,0,0,0,0,0,0,0,0,0,0,0,0,0,0,0,0,0,0,0,0,0,0,0,0,0,0,0,0,0,0,0,0,0,0,0,0,0,0,0,0,0,0,0,0,0,0,0,0,0,0,0,0,0,0,0,0,0,0,0,0,0,0,0,0,0,0,0,0,0,0,0,0,0,0,0,0,0,0,0,0,0,0,0,0,0,0,0,0,0,0,0,0,0,0,0,0,0,0,0,0,0,0,0,0,0,0,0,0,0,0,0,0,0,0,0,0,0,0,0,0,0,0,0,0,0,0,0,0,0,0
"kilimanjaro/moshimunicipal/shirimatunda",0,0,0,0,0,0,0,0,0,0,0,0,0,0,0,0,0,0,0,0,0,0,0,0,0,0,0,0,0,0,0,0,0,0,0,0,0,0,0,0,0,0,0,0,0,0,0,0,0,0,0,0,0,0,0,0,0,0,0,0,0,0,0,0,0,0,0,0,0,0,0,0,0,0,0,0,0,0,0,0,0,0,0,0,0,0,0,0,0,0,0,0,0,0,0,0,0,0,0,0,0,0,0,0,0,0,0,0,0,0,0,0,0,0,0,0,0,0,0,0,0,0,0,0,0,0,0,0,0,0,0,0,0,0,0,0,0,0,0,0,0,0,0,0,0,0,0,0,0,0,0,0,0,0,0,0,0,0,0,0,0,0,0,0,0,0,0,0,0,0,0,0,0,0,0,0,0,0,0,0,0,0,0,0,0,0,0,0,0,0,0,0,0,0,0,0,0,0,0,0,0,0,0,0,0,0,0,0,0,0,0,0,0,0,0,0,0,0,0,0,0,0,0,0,0,0,0,0,0,0,0,0,0,0,0,0,0,0,0,0,0,0,0,0,0,0,0,0,0,0,0,0,0,0,0,0,0,0,0,0,0,0,0,0,0,0,0,0,0,0,0,0,0,0,0,0,0,0,0,0,0,0,0,0,0,0,0,0,0,0,0,0,0,0,0,0,0,0,0,0,0,0,0,0,0,0,0,0,0,0,0,0,0,0,0,0,0,0,0,0,0,0,0,0,0,0,0,0,0,0,0,0,0,0,0,0,0,0,0,0,0,0,0,0,0,0,0,0,0,0,0,0,0,0,0,0,0,0,0,0,0,0,0,0,0,0,0,0,0,0,0,0,0,0,0,0,0,0,0,0,0,0,0,0,0,0,0,0,0,0,0,0,0,0,0,0,0,0
"manyara/babatiurban/sigino",0,0,0,0,0,0,0,0,0,0,0,0,0,0,0,0,0,0,0,0,0,0,0,0,0,0,0,0,0,0,0,0,0,0,0,0,0,0,0,0,0,0,0,0,0,0,0,0,0,0,0,0,0,0,0,0,0,0,0,0,0,0,0,0,0,0,0,0,0,0,0,0,0,0,0,0,0,0,0,0,0,0,0,0,0,0,0,0,0,0,0,0,0,0,0,0,0,0,0,0,0,0,0,0,0,0,0,0,0,0,0,0,0,0,0,0,0,0,0,0,0,0,0,0,0,0,0,0,0,0,0,0,0,0,0,0,0,0,0,0,0,0,0,0,0,0,0,0,0,0,0,0,0,0,0,0,0,0,0,0,0,0,0,0,0,0,0,0,0,0,0,0,0,0,0,0,0,0,0,0,0,0,0,0,0,0,0,0,0,0,0,0,0,0,0,0,0,0,0,0,0,0,0,0,0,0,0,0,0,0,0,0,0,0,0,0,0,0,0,0,0,0,0,0,0,0,0,0,0,0,0,0,0,0,0,0,0,0,0,0,0,0,0,0,0,0,0,0,0,0,0,0,0,0,0,0,0,0,0,0,0,0,0,0,0,0,0,0,0,0,0,0,0,0,0,0,0,0,0,0,0,0,0,0,0,0,0,0,0,0,0,0,0,0,0,0,0,0,0,0,0,0,0,0,0,0,0,0,0,0,0,0,0,0,0,0,0,0,0,0,0,0,0,0,0,0,0,0,0,0,0,0,0,0,0,0,0,0,0,0,0,0,0,0,0,0,0,0,0,0,0,0,0,0,0,0,0,0,0,0,0,0,0,0,0,0,0,0,0,0,0,0,0,0,0,0,0,0,0,0,0,0,0,0,0,0,0,0,0,0,0,0,0,0,0,0,0,0
"manyara/hanang/simbay",0,0,0,0,0,0,0,0,0,0,0,0,0,0,0,0,0,0,0,0,0,0,0,0,0,0,0,0,0,0,0,0,0,0,0,0,0,0,0,0,0,0,0,0,0,0,0,0,0,0,0,0,0,0,0,0,0,0,0,0,0,0,0,0,0,0,0,0,0,0,0,0,0,0,0,0,0,0,0,0,0,0,0,0,0,0,0,0,0,0,0,0,0,0,0,0,0,0,0,0,0,0,0,0,0,0,0,0,0,0,0,0,0,0,0,0,0,0,0,0,0,0,0,0,0,0,0,0,0,0,0,0,0,0,0,0,0,0,0,0,0,0,0,0,0,0,0,0,0,0,0,0,0,0,0,0,0,0,0,0,0,0,0,0,0,0,0,0,0,0,0,0,0,0,0,0,0,0,0,0,0,0,0,0,0,0,0,0,0,0,0,0,0,0,0,0,0,0,0,0,0,0,0,0,0,0,0,0,0,0,0,0,0,0,0,0,0,0,0,0,0,0,0,0,0,0,0,0,0,0,0,0,0,0,0,0,0,0,0,0,0,0,0,0,0,0,0,0,0,0,0,0,0,0,0,0,0,0,0,0,0,0,0,0,0,0,0,0,0,0,0,0,0,0,0,0,0,0,0,0,0,0,0,0,0,0,0,0,0,0,0,0,0,0,0,0,0,0,0,0,0,0,0,0,0,0,0,0,0,0,0,0,0,0,0,0,0,0,0,0,0,0,0,0,0,0,0,0,0,0,0,0,0,0,0,0,0,0,0,0,0,0,0,0,0,0,0,0,0,0,0,0,0,0,0,0,0,0,0,0,0,0,0,0,0,0,0,0,0,0,0,0,0,0,0,0,0,0,0,0,0,0,0,0,0,0,0,0,0,0,0,0,0,0,0,0,0,0
"manyara/babatiurban/singe",0,0,0,0,0,0,0,0,0,0,0,0,0,0,0,0,0,0,0,0,0,0,0,0,0,0,0,0,0,0,0,0,0,0,0,0,0,0,0,0,0,0,0,0,0,0,0,0,0,0,0,0,0,0,0,0,0,0,0,0,0,0,0,0,0,0,0,0,0,0,0,0,0,0,0,0,0,0,0,0,0,0,0,0,0,0,0,0,0,0,0,0,0,0,0,0,0,0,0,0,0,0,0,0,0,0,0,0,0,0,0,0,0,0,0,0,0,0,0,0,0,0,0,0,0,0,0,0,0,0,0,0,0,0,0,0,0,0,0,0,0,0,0,0,0,0,0,0,0,0,0,0,0,0,0,0,0,0,0,0,0,0,0,0,0,0,0,0,0,0,0,0,0,0,0,0,0,0,0,0,0,0,0,0,0,0,0,0,0,0,0,0,0,0,0,0,0,0,0,0,0,0,0,0,0,0,0,0,0,0,0,0,0,0,0,0,0,0,0,0,0,0,0,0,0,0,0,0,0,0,0,0,0,0,0,0,0,0,0,0,0,0,0,0,0,0,0,0,0,0,0,0,0,0,0,0,0,0,0,0,0,0,0,0,0,0,0,0,0,0,0,0,0,0,0,0,0,0,0,0,0,0,0,0,0,0,0,0,0,0,0,0,0,0,0,0,0,0,0,0,0,0,0,0,0,0,0,0,0,0,0,0,0,0,0,0,0,0,0,0,0,0,0,0,0,0,0,0,0,0,0,0,0,0,0,0,0,0,0,0,0,0,0,0,0,0,0,0,0,0,0,0,0,0,0,0,0,0,0,0,0,0,0,0,0,0,0,0,0,0,0,0,0,0,0,0,0,0,0,0,0,0,0,0,0,0,0,0,0,0,0,0,0,0,0,0,0,0
"manyara/hanang/sirop",0,0,0,0,0,0,0,0,0,0,0,0,0,0,0,0,0,0,0,0,0,0,0,0,0,0,0,0,0,0,0,0,0,0,0,0,0,0,0,0,0,0,0,0,0,0,0,0,0,0,0,0,0,0,0,0,0,0,0,0,0,0,0,0,0,0,0,0,0,0,0,0,0,0,0,0,0,0,0,0,0,0,0,0,0,0,0,0,0,0,0,0,0,0,0,0,0,0,0,0,0,0,0,0,0,0,0,0,0,0,0,0,0,0,0,0,0,0,0,0,0,0,0,0,0,0,0,0,0,0,0,0,0,0,0,0,0,0,0,0,0,0,0,0,0,0,0,0,0,0,0,0,0,0,0,0,0,0,0,0,0,0,0,0,0,0,0,0,0,0,0,0,0,0,0,0,0,0,0,0,0,0,0,0,0,0,0,0,0,0,0,0,0,0,0,0,0,0,0,0,0,0,0,0,0,0,0,0,0,0,0,0,0,0,0,0,0,0,0,0,0,0,0,0,0,0,0,0,0,0,0,0,0,0,0,0,0,0,0,0,0,0,0,0,0,0,0,0,0,0,0,0,0,0,0,0,0,0,0,0,0,0,0,0,0,0,0,0,0,0,0,0,0,0,0,0,0,0,0,0,0,0,0,0,0,0,0,0,0,0,0,0,0,0,0,0,0,0,0,0,0,0,0,0,0,0,0,0,0,0,0,0,0,0,0,0,0,0,0,0,0,0,0,0,0,0,0,0,0,0,0,0,0,0,0,0,0,0,0,0,0,0,0,0,0,0,0,0,0,0,0,0,0,0,0,0,0,0,0,0,0,0,0,0,0,0,0,0,0,0,0,0,0,0,0,0,0,0,0,0,0,0,0,0,0,0,0,0,0,0,0,0,0,0,0,0,0,0
"arusha/ngorongoro/soitsambu",0,0,0,0,0,0,0,0,0,0,0,0,0,0,0,0,0,0,0,0,0,0,0,0,0,0,0,0,0,0,0,0,0,0,0,0,0,0,0,0,0,0,0,0,0,0,0,0,0,0,0,0,0,0,0,0,0,0,0,0,0,0,0,0,0,0,0,0,0,0,0,0,0,0,0,0,0,0,0,0,0,0,0,0,0,0,0,0,0,0,0,0,0,0,0,0,0,0,0,0,0,0,0,0,0,0,0,0,0,0,0,0,0,0,0,0,0,0,0,0,0,0,0,0,0,0,0,0,0,0,0,0,0,0,0,0,0,0,0,0,0,0,0,0,0,0,0,0,0,0,0,0,0,0,0,0,0,0,0,0,0,0,0,0,0,0,0,0,0,0,0,0,0,0,0,0,0,0,0,0,0,0,0,0,0,0,0,0,0,0,0,0,0,0,0,0,0,0,0,0,0,0,0,0,0,0,0,0,0,0,0,0,0,0,0,0,0,0,0,0,0,0,0,0,0,0,0,0,0,0,0,0,0,0,0,0,0,0,0,0,0,0,0,0,0,0,0,0,0,0,0,0,0,0,0,0,0,0,0,0,0,0,0,0,0,0,0,0,0,0,0,0,0,0,0,0,0,0,0,0,0,0,0,0,0,0,0,0,0,0,0,0,0,0,0,0,0,0,0,0,0,0,0,0,0,0,0,0,0,0,0,0,0,0,0,0,0,0,0,0,0,0,0,0,0,0,0,0,0,0,0,0,0,0,0,0,0,0,0,0,0,0,0,0,0,0,0,0,0,0,0,0,0,0,0,0,0,0,0,0,0,0,0,0,0,0,0,0,0,0,0,0,0,0,0,0,0,0,0,0,0,0,0,0,0,0,0,0,0,0,0,0,0,0,0,0,0,0
"arusha/arusha/sokonii",2e-05,0,0,0,0,2e-06,0,0,0,0,0,0,5e-05,0.000581,0,0,0,0,0,0,0,1e-06,0,0,0,0,0,0,0,0,1.3e-05,0,0,0,0,0,2.6e-05,0,0,0,0,0,0,0,0,0,0,0.00436,4e-06,0,0,0,0,0,0,0,0,0,0,1e-06,0,1e-06,4e-06,0,0,7.8e-05,5e-06,0,0,0,0,0,0,0,0,1e-06,0,0,0,0,0,0,0,0,0,0,3.4e-05,0,0,1e-06,0,0,8e-06,8.6e-05,0,0,2e-06,0,5e-06,1e-06,0,0,0,5.6e-05,0,7e-06,0,2e-06,3e-06,1e-06,1e-06,3e-06,0,1e-06,0,0,1.4e-05,0,8e-06,1e-06,0,1.5e-05,0,0,0,0,0,0.000117,1.4e-05,0,0,1e-06,2e-06,0,0,0.000358,7e-06,1e-06,1.2e-05,3e-06,5e-06,0,4.8e-05,0,0,1e-06,0,3e-06,2e-06,1e-06,0,0,0,0,0,0.000147,0,0,0,0.000131,0,3e-06,0,0,0,0,0,3e-06,0.00017,0,0,4e-06,0.004675,0,0,0,4e-06,0,3e-06,0,0,0,1e-06,0,2.2e-05,0.000638,0,0,1.1e-05,4e-06,1e-06,0,0,0,0,0,0,0,3e-06,0,8.9e-05,0,0,0,3e-06,1e-06,1.5e-05,2e-06,0,0,0,0,4e-06,0,0,0,0,1.9e-05,0,1e-06,0,0,0,0,1.9e-05,0,2.2e-05,0,0,0,0,0,3e-06,8.4e-05,0,0,0,4e-06,0,0,2e-06,0.000144,0,1.4e-05,0,0,0,7.6e-05,0,1e-06,0.002595,3.9e-05,0,0.000281,2e-06,0,0,0,0,0,0,1e-06,0,0,1e-06,0,0,5.1e-05,0,0,5.4e-05,3e-06,0,0,1.3e-05,0,0,1e-06,0,0,0,0,4.3e-05,0,0,0,0,0,0,0,0,1e-06,0,0.000183,1e-06,2e-06,5.1e-05,7e-06,1e-06,0,0,0,0,0,0,1e-06,7e-05,2e-06,3e-06,0,8.2e-05,0,0,0,0,0,0,8.4e-05,8e-06,3e-05,2e-06,9.8e-05,4e-06,6e-06,0.001363,0,0,1.6e-05,0,5.1e-05,0.000609,1.7e-05,5.9e-05,1e-06,0,0,0,0,0.000525,0,0,0,0,0,1e-06,0,0,6.2e-05,1e-06,0,0,9e-06,1e-05,0.003316,1e-06,4e-06,3e-06,0,0,1e-06,0,0,0,0,0,0,0.000115,0.000406,0,4.2e-05,0,0,0,0,0,1.3e-05,0,3e-06,1.1e-05,0,0,0,1.6e-05,0,0,2.8e-05,0,6e-06,1e-06,0,0.000126,0,0,0,0,0,0,0
"arusha/arushaurban/sokonii",0,0,0,0,0,0,0,0,0,0,0,0,0,0,0,0,0,0,0,0,0,0,0,0,0,0,0,0,0,0,0,0,0,0,0,0,0,0,0,0,0,0,0,0,0,0,0,0,0,0,0,0,0,0,0,0,0,0,0,0,0,0,0,0,0,0,0,0,0,0,0,0,0,0,0,0,0,0,0,0,0,0,0,0,0,0,0,0,0,0,0,0,0,0,0,0,0,0,0,0,0,0,0,0,0,0,0,0,0,0,0,0,0,0,0,0,0,0,0,0,0,0,0,0,0,0,0,0,0,0,0,0,0,0,0,0,0,0,0,0,0,0,0,0,0,0,0,0,0,0,0,0,0,0,0,0,0,0,0,0,0,0,0,0,0,0,0,0,0,0,0,0,0,0,0,0,0,0,0,0,0,0,0,0,0,0,0,0,0,0,0,0,0,0,0,0,0,0,0,0,0,0,0,0,0,0,0,0,0,0,0,0,0,0,0,0,0,0,0,0,0,0,0,0,0,0,0,0,0,0,0,0,0,0,0,0,0,0,0,0,0,0,0,0,0,0,0,0,0,0,0,0,0,0,0,0,0,0,0,0,0,0,0,0,0,0,0,0,0,0,0,0,0,0,0,0,0,0,0,0,0,0,0,0,0,0,0,0,0,0,0,0,0,0,0,0,0,0,0,0,0,0,0,0,0,0,0,0,0,0,0,0,0,0,0,0,0,0,0,0,0,0,0,0,0,0,0,0,0,0,0,0,0,0,0,0,0,0,0,0,0,0,0,0,0,0,0,0,0,0,0,0,0,0,0,0,0,0,0,0,0,0,0,0,0,0,0,0,0,0,0,0,0,0,0,0,0,0,0,0,0,0,0,0,0,0,0,0,0,0,0,0,0,0,0,0,0,0
"arusha/arushaurban/sombetini",8e-06,0,0,0,0,2e-06,0,0,0,1e-06,0,0,8e-06,2e-04,0,0,0,0,0,0,0,1e-06,0,0,0,0,0,0,0,0,1.6e-05,0,0,0,0,0,7.8e-05,0,0,0,0,0,0,0,0,0,0,0.024619,6e-06,0,0,0,0,0,0,0,0,0,0,2e-06,1e-06,1e-06,4e-06,0,0,0.000145,8e-06,0,0,1e-06,0,0,0,0,0,1e-06,0,0,0,0,0,0,0,0,0,0,2.8e-05,0,0,1e-06,0,0,8e-06,3.8e-05,0,0,2e-06,0,5e-06,1e-06,0,0,0,8.6e-05,0,7e-06,0,2e-06,2e-06,1e-06,1e-06,3e-06,0,3e-06,0,0,1.2e-05,0,7e-06,1e-06,0,1.4e-05,0,0,0,0,0,8.3e-05,1.2e-05,0,0,1e-06,2e-06,0,0,0.000162,6e-06,1e-06,1.2e-05,3e-06,4e-06,0,1e-04,0,0,1e-06,0,3e-06,2e-06,1e-06,0,0,0,0,0,0.000349,0,0,0,0.000118,0,4e-06,0,0,0,0,0,2e-06,0.000443,0,0,7e-06,0.013287,0,0,0,7e-06,0,2e-06,0,0,0,1e-06,0,1.9e-05,0.000562,0,0,1e-05,3e-06,1e-06,0,0,0,0,0,0,0,3e-06,0,5.5e-05,0,0,0,2e-06,1e-06,1.4e-05,3e-06,0,0,0,0,4e-06,0,0,0,0,1.8e-05,0,1e-06,0,0,0,0,1.5e-05,0,1.8e-05,0,0,0,0,0,3e-06,0.000294,0,0,0,4e-06,0,0,2e-06,0.000258,0,1.5e-05,0,0,0,7.1e-05,0,3e-06,0.002042,5.2e-05,0,0.000272,2e-06,0,0,0,0,0,0,1e-06,0,0,1e-06,0,0,1e-04,0,0,7.8e-05,3e-06,0,0,1.3e-05,0,0,1e-06,0,0,0,0,4.3e-05,0,0,0,0,0,0,0,0,1e-06,0,0.000186,1e-06,2e-06,3.2e-05,2.6e-05,1e-06,0,0,0,0,0,0,2e-06,1.5e-05,1e-06,1e-06,0,0.000495,0,0,0,0,0,0,6.3e-05,7e-06,5.6e-05,3e-06,0.000102,3e-06,5e-06,0.001515,0,0,1.4e-05,0,0.000116,0.000117,2.8e-05,5.8e-05,1e-06,1e-06,0,0,0,0.000238,0,0,0,0,0,1e-06,0,0,4.1e-05,1e-06,0,0,7e-06,4e-06,0.002996,2e-06,8e-06,3e-06,0,0,1e-06,0,0,0,0,0,0.000811,0.000601,0,0,1.9e-05,0,0,0,0,0,3.1e-05,1e-06,5e-06,1e-05,0,0,0,1.5e-05,0,0,0.000151,0,6e-06,1e-06,0,7.6e-05,0,0,0,0,0,0,0
"manyara/kiteto/songambele",0,0,0,0,0,0,0,0,0,0,0,0,0,0,0,0,0,0,0,0,0,0,0,0,0,0,0,0,0,0,0,0,0,0,0,0,0,0,0,0,0,0,0,0,0,0,0,0,0,0,0,0,0,0,0,0,0,0,0,0,0,0,0,0,0,0,0,0,0,0,0,0,0,0,0,0,0,0,0,0,0,0,0,0,0,0,0,0,0,0,0,0,0,0,0,0,0,0,0,0,0,0,0,0,0,0,0,0,0,0,0,0,0,0,0,0,0,0,0,0,0,0,0,0,0,0,0,0,0,0,0,0,0,0,0,0,0,0,0,0,0,0,0,0,0,0,0,0,0,0,0,0,0,0,0,0,0,0,0,0,0,0,0,0,0,0,0,0,0,0,0,0,0,0,0,0,0,0,0,0,0,0,0,0,0,0,0,0,0,0,0,0,0,0,0,0,0,0,0,0,0,0,0,0,0,0,0,0,0,0,0,0,0,0,0,0,0,0,0,0,0,0,0,0,0,0,0,0,0,0,0,0,0,0,0,0,0,0,0,0,0,0,0,0,0,0,0,0,0,0,0,0,0,0,0,0,0,0,0,0,0,0,0,0,0,0,0,0,0,0,0,0,0,0,0,0,0,0,0,0,0,0,0,0,0,0,0,0,0,0,0,0,0,0,0,0,0,0,0,0,0,0,0,0,0,0,0,0,0,0,0,0,0,0,0,0,0,0,0,0,0,0,0,0,0,0,0,0,0,0,0,0,0,0,0,0,0,0,0,0,0,0,0,0,0,0,0,0,0,0,0,0,0,0,0,0,0,0,0,0,0,0,0,0,0,0,0,0,0,0,0,0,0,0,0,0,0,0,0,0,0,0,0,0,0,0,0,0,0,0,0,0,0,0,0,0,0,0
"arusha/meru/songoro",0,0,0,0,0,0,0,0,0,0,0,0,0,0,0,0,0,0,0,0,0,0,0,0,0,0,0,0,0,0,0,0,0,0,0,0,0,0,0,0,0,0,0,0,0,0,0,0,0,0,0,0,0,0,0,0,0,0,0,0,0,0,0,0,0,0,0,0,0,0,0,0,0,0,0,0,0,0,0,0,0,0,0,0,0,0,0,0,0,0,0,0,0,0,0,0,0,0,0,0,0,0,0,0,0,0,0,0,0,0,0,0,0,0,0,0,0,0,0,0,0,0,0,0,0,0,0,0,0,0,0,0,0,0,0,0,0,0,0,0,0,0,0,0,0,0,0,0,0,0,0,0,0,0,0,0,0,0,0,0,0,0,0,0,0,0,0,0,0,0,0,0,0,0,0,0,0,0,0,0,0,0,0,0,0,0,0,0,0,0,0,0,0,0,0,0,0,0,0,0,0,0,0,0,0,0,0,0,0,0,0,0,0,0,0,0,0,0,0,0,0,0,0,0,0,0,0,0,0,0,0,0,0,0,0,0,0,0,0,0,0,0,0,0,0,0,0,0,0,0,0,0,0,0,0,0,0,0,0,0,0,0,0,0,0,0,0,0,0,0,0,0,0,0,0,0,0,0,0,0,0,0,0,0,0,0,0,0,0,0,0,0,0,0,0,0,0,0,0,0,0,0,0,0,0,0,0,0,0,0,0,0,0,0,0,0,0,0,0,0,0,0,0,0,0,0,0,0,0,0,0,0,0,0,0,0,0,0,0,0,0,0,0,0,0,0,0,0,0,0,0,0,0,0,0,0,0,0,0,0,0,0,0,0,0,0,0,0,0,0,0,0,0,0,0,0,0,0,0,0,0,0,0,0,0,0,0,0,0,0,0,0,0,0,0,0,0,0
"kilimanjaro/moshimunicipal/soweto",0,0,0,0,0,0,0,0,0,0,0,0,0,0,0,0,0,0,0,0,0,0,0,0,0,0,0,0,0,0,0,0,0,0,0,0,0,0,0,0,0,0,0,0,0,0,0,0,0,0,0,0,0,0,0,0,0,0,0,0,0,0,0,0,0,0,0,0,0,0,0,0,0,0,0,0,0,0,0,0,0,0,0,0,0,0,0,0,0,0,0,0,0,0,0,0,0,0,0,0,0,0,0,0,0,0,0,0,0,0,0,0,0,0,0,0,0,0,0,0,0,0,0,0,0,0,0,0,0,0,0,0,0,0,0,0,0,0,0,0,0,0,0,0,0,0,0,0,0,0,0,0,0,0,0,0,0,0,0,0,0,0,0,0,0,0,0,0,0,0,0,0,0,0,0,0,0,0,0,0,0,0,0,0,0,0,0,0,0,0,0,0,0,0,0,0,0,0,0,0,0,0,0,0,0,0,0,0,0,0,0,0,0,0,0,0,0,0,0,0,0,0,0,0,0,0,0,0,0,0,0,0,0,0,0,0,0,0,0,0,0,0,0,0,0,0,0,0,0,0,0,0,0,0,0,0,0,0,0,0,0,0,0,0,0,0,0,0,0,0,0,0,0,0,0,0,0,0,0,0,0,0,0,0,0,0,0,0,0,0,0,0,0,0,0,0,0,0,0,0,0,0,0,0,0,0,0,0,0,0,0,0,0,0,0,0,0,0,0,0,0,0,0,0,0,0,0,0,0,0,0,0,0,0,0,0,0,0,0,0,0,0,0,0,0,0,0,0,0,0,0,0,0,0,0,0,0,0,0,0,0,0,0,0,0,0,0,0,0,0,0,0,0,0,0,0,0,0,0,0,0,0,0,0,0,0,0,0,0,0,0,0,0,0,0,0,0,0
"kilimanjaro/same/stesheni",0,0,0,0,0,0,0,0,0,0,0,0,0,0,0,0,0,0,0,0,0,0,0,0,0,0,0,0,0,0,0,0,0,0,0,0,0,0,0,0,0,0,0,0,0,0,0,0,0,0,0,0,0,0,0,0,0,0,0,0,0,0,0,0,0,0,0,0,0,0,0,0,0,0,0,0,0,0,0,0,0,0,0,0,0,0,0,0,0,0,0,0,0,0,0,0,0,0,0,0,0,0,0,0,0,0,0,0,0,0,0,0,0,0,0,0,0,0,0,0,0,0,0,0,0,0,0,0,0,0,0,0,0,0,0,0,0,0,0,0,0,0,0,0,0,0,0,0,0,0,0,0,0,0,0,0,0,0,0,0,0,0,0,0,0,0,0,0,0,0,0,0,0,0,0,0,0,0,0,0,0,0,0,0,0,0,0,0,0,0,0,0,0,0,0,0,0,0,0,0,0,0,0,0,0,0,0,0,0,0,0,0,0,0,0,0,0,0,0,0,0,0,0,0,0,0,0,0,0,0,0,0,0,0,0,0,0,0,0,0,0,0,0,0,0,0,0,0,0,0,0,0,0,0,0,0,0,0,0,0,0,0,0,0,0,0,0,0,0,0,0,0,0,0,0,0,0,0,0,0,0,0,0,0,0,0,0,0,0,0,0,0,0,0,0,0,0,0,0,0,0,0,0,0,0,0,0,0,0,0,0,0,0,0,0,0,0,0,0,0,0,0,0,0,0,0,0,0,0,0,0,0,0,0,0,0,0,0,0,0,0,0,0,0,0,0,0,0,0,0,0,0,0,0,0,0,0,0,0,0,0,0,0,0,0,0,0,0,0,0,0,0,0,0,0,0,0,0,0,0,0,0,0,0,0,0,0,0,0,0,0,0,0,0,0,0,0,0
"kilimanjaro/same/suji",0,0,0,0,0,0,0,0,0,0,0,0,0,0,0,0,0,0,0,0,0,0,0,0,0,0,0,0,0,0,0,0,0,0,0,0,0,0,0,0,0,0,0,0,0,0,0,0,0,0,0,0,0,0,0,0,0,0,0,0,0,0,0,0,0,0,0,0,0,0,0,0,0,0,0,0,0,0,0,0,0,0,0,0,0,0,0,0,0,0,0,0,0,0,0,0,0,0,0,0,0,0,0,0,0,0,0,0,0,0,0,0,0,0,0,0,0,0,0,0,0,0,0,0,0,0,0,0,0,0,0,0,0,0,0,0,0,0,0,0,0,0,0,0,0,0,0,0,0,0,0,0,0,0,0,0,0,0,0,0,0,0,0,0,0,0,0,0,0,0,0,0,0,0,0,0,0,0,0,0,0,0,0,0,0,0,0,0,0,0,0,0,0,0,0,0,0,0,0,0,0,0,0,0,0,0,0,0,0,0,0,0,0,0,0,0,0,0,0,0,0,0,0,0,0,0,0,0,0,0,0,0,0,0,0,0,0,0,0,0,0,0,0,0,0,0,0,0,0,0,0,0,0,0,0,0,0,0,0,0,0,0,0,0,0,0,0,0,0,0,0,0,0,0,0,0,0,0,0,0,0,0,0,0,0,0,0,0,0,0,0,0,0,0,0,0,0,0,0,0,0,0,0,0,0,0,0,0,0,0,0,0,0,0,0,0,0,0,0,0,0,0,0,0,0,0,0,0,0,0,0,0,0,0,0,0,0,0,0,0,0,0,0,0,0,0,0,0,0,0,0,0,0,0,0,0,0,0,0,0,0,0,0,0,0,0,0,0,0,0,0,0,0,0,0,0,0,0,0,0,0,0,0,0,0,0,0,0,0,0,0,0,0,0,0,0,0,0
"manyara/kiteto/sunya",0.000676,0.000139,0.000145,0.001326,4.6e-05,0.005829,1.4e-05,1.7e-05,4.7e-05,0.009456,0.000166,5.2e-05,0.000484,0.007297,0.001261,5e-05,5.6e-05,0.000269,5.4e-05,0.000211,0.000457,0.000671,5e-05,0.000106,0.000276,3.3e-05,8e-05,3.5e-05,0.000904,0.000464,0.002807,0.005191,0.000158,0.000118,0.000216,0.000113,0.000672,0.002322,0.00012,0.001518,4.2e-05,5.2e-05,0.870758,0.001479,0.047441,5.1e-05,0.000218,0.141975,0.020794,7.1e-05,3.7e-05,5.4e-05,4.9e-05,5.2e-05,0.002267,2.7e-05,0.000137,9.6e-05,0.014785,0.025773,0.002037,0.003368,0.002768,0.039366,1e-06,0.004744,0.001749,3.2e-05,0.00055,0.010697,3.6e-05,9e-06,0.000157,0.000466,0.000245,0.002933,0.000287,2.6e-05,3.4e-05,3.5e-05,2e-05,0.000247,3.4e-05,8.7e-05,0.000109,2.6e-05,0.033019,3.5e-05,0.001495,0.068982,2.6e-05,5.5e-05,0.043025,0.003564,0.000121,0.001983,0.001887,6.7e-05,0.019631,0.005048,2.9e-05,4.7e-05,0.011165,0.001032,0.000546,0.018773,3.7e-05,0.003402,0.000973,0.00566,0.001346,0.011122,0.001435,2.5e-05,0.000174,0.000136,0.011778,0.003884,0.019707,0.001675,0.000873,0.031913,0.000168,0.000653,7.6e-05,0.005133,0.496173,0.046909,0.003088,0.000136,0.000115,0.00453,0.010082,0.000787,5.3e-05,0.003896,0.000206,0.002429,0.026236,0.005322,0.002,0.000286,0.001299,5e-04,0.000245,0.009616,8e-05,0.009341,0.007439,0.002592,0.000117,0.000152,0.000206,0.00031,0.013254,0.033553,0.000525,0.000338,0.007032,0.235217,0.001597,0.019954,4.9e-05,0.000514,4.6e-05,6.2e-05,0.002116,0.000944,0.007613,0.001031,0.514795,0.008618,0.103718,0.00717,0.000467,0.008915,0.019694,6.9e-05,0.005532,0.141257,0.000144,0.000268,0.0439,0.001023,0.031274,0.438378,6.2e-05,0.000124,0.01642,0.004804,0.001474,0.000409,0.00059,6.5e-05,0.005143,0.041172,0.000144,4.7e-05,0.006664,2.5e-05,0.015005,0.008006,0.019105,7.7e-05,0.010281,0.000575,0.069361,0.006898,0.002552,0.000166,0.000149,0.000153,0.02316,6.4e-05,2.2e-05,0.004095,2e-05,0.090781,0.000849,0.005462,6e-05,7.5e-05,3.6e-05,0.000116,0.018585,0.000408,0.02596,0.000248,0.00015,3.2e-05,2.4e-05,4.5e-05,0.014688,0.013715,0.019308,9e-06,0.000155,0.002999,0.001744,0.000118,0.001959,0.09864,5.3e-05,0.214635,0.000169,0.000106,0.000371,0.006027,6.6e-05,0.000614,0.035973,0.031862,8.1e-05,0.010475,0.004383,0.00922,0.000158,0.000849,8.7e-05,0.000227,0.000183,0.002785,3.2e-05,0.000256,0.005041,0.000258,4.7e-05,0.01084,2.8e-05,0.000963,0.009454,0.021409,0.000143,0.000237,0.059113,0.000311,0.011095,0.015043,4e-05,0.000382,0.000968,4.1e-05,0.101039,0.000107,0.020193,9.5e-05,2.7e-05,0.000315,7.6e-05,8.9e-05,0.010964,0.001037,0.000833,0.032872,0.001512,0.001985,0.01414,0.000191,0.005081,0.001362,5.9e-05,5.2e-05,9.9e-05,0.00264,0.004203,0.013626,0.000904,0.000127,7.3e-05,0.000117,0.010246,0.001061,0.006232,8.8e-05,0.000987,3e-05,0.000143,0.026309,0.031623,0.015148,0.001843,0.012252,0.002411,0.009959,0.083184,0.003578,0.004373,0.000311,0.000424,0.002412,0.003893,0.001476,0.099529,0.010321,0.032409,0.010453,0.000503,0.000415,0.02893,0.000328,3.2e-05,8.4e-05,3.5e-05,8.1e-05,0.034035,0.015378,0.000885,0.004247,0.021034,0.001268,1.6e-05,0.005519,0.000368,0.044909,0.003782,0.003283,0.008521,0.000771,0.000238,0.001422,5e-05,5e-05,5.5e-05,3.6e-05,0.000274,0.030318,0.008455,0.018268,0.021381,0.003379,0.000543,6.8e-05,0.000352,0,0.000245,0.00202,0.002075,7.1e-05,0.017991,2.4e-05,9e-05,3.8e-05,0.061443,0.000464,1.5e-05,0.000803,0.000118,0.013382,0.002537,8.4e-05,0.013602,0.000103,0.000252,0.000542,6.4e-05,0.000165,3.8e-05,2.9e-05
"kilimanjaro/rombo/tarakeamotamburu",0,0,0,0,0,0,0,0,0,0,0,0,0,0,0,0,0,0,0,0,0,0,0,0,0,0,0,0,0,0,0,0,0,0,0,0,0,0,0,0,0,0,0,0,0,0,0,0,0,0,0,0,0,0,0,0,0,0,0,0,0,0,0,0,0,0,0,0,0,0,0,0,0,0,0,0,0,0,0,0,0,0,0,0,0,0,0,0,0,0,0,0,0,0,0,0,0,0,0,0,0,0,0,0,0,0,0,0,0,0,0,0,0,0,0,0,0,0,0,0,0,0,0,0,0,0,0,0,0,0,0,0,0,0,0,0,0,0,0,0,0,0,0,0,0,0,0,0,0,0,0,0,0,0,0,0,0,0,0,0,0,0,0,0,0,0,0,0,0,0,0,0,0,0,0,0,0,0,0,0,0,0,0,0,0,0,0,0,0,0,0,0,0,0,0,0,0,0,0,0,0,0,0,0,0,0,0,0,0,0,0,0,0,0,0,0,0,0,0,0,0,0,0,0,0,0,0,0,0,0,0,0,0,0,0,0,0,0,0,0,0,0,0,0,0,0,0,0,0,0,0,0,0,0,0,0,0,0,0,0,0,0,0,0,0,0,0,0,0,0,0,0,0,0,0,0,0,0,0,0,0,0,0,0,0,0,0,0,0,0,0,0,0,0,0,0,0,0,0,0,0,0,0,0,0,0,0,0,0,0,0,0,0,0,0,0,0,0,0,0,0,0,0,0,0,0,0,0,0,0,0,0,0,0,0,0,0,0,0,0,0,0,0,0,0,0,0,0,0,0,0,0,0,0,0,0,0,0,0,0,0,0,0,0,0,0,0,0,0,0,0,0,0,0,0,0,0,0,0,0,0,0,0,0,0,0,0,0,0,0,0,0,0,0,0,0,0,0
"arusha/arushaurban/terrat",0,0,0,0,0,0,0,0,0,0,0,0,0,0,0,0,0,0,0,0,0,0,0,0,0,0,0,0,0,0,0,0,0,0,0,0,0,0,0,0,0,0,0,0,0,0,0,0,0,0,0,0,0,0,0,0,0,0,0,0,0,0,0,0,0,0,0,0,0,0,0,0,0,0,0,0,0,0,0,0,0,0,0,0,0,0,0,0,0,0,0,0,0,0,0,0,0,0,0,0,0,0,0,0,0,0,0,0,0,0,0,0,0,0,0,0,0,0,0,0,0,0,0,0,0,0,0,0,0,0,0,0,0,0,0,0,0,0,0,0,0,0,0,0,0,0,0,0,0,0,0,0,0,0,0,0,0,0,0,0,0,0,0,0,0,0,0,0,0,0,0,0,0,0,0,0,0,0,0,0,0,0,0,0,0,0,0,0,0,0,0,0,0,0,0,0,0,0,0,0,0,0,0,0,0,0,0,0,0,0,0,0,0,0,0,0,0,0,0,0,0,0,0,0,0,0,0,0,0,0,0,0,0,0,0,0,0,0,0,0,0,0,0,0,0,0,0,0,0,0,0,0,0,0,0,0,0,0,0,0,0,0,0,0,0,0,0,0,0,0,0,0,0,0,0,0,0,0,0,0,0,0,0,0,0,0,0,0,0,0,0,0,0,0,0,0,0,0,0,0,0,0,0,0,0,0,0,0,0,0,0,0,0,0,0,0,0,0,0,0,0,0,0,0,0,0,0,0,0,0,0,0,0,0,0,0,0,0,0,0,0,0,0,0,0,0,0,0,0,0,0,0,0,0,0,0,0,0,0,0,0,0,0,0,0,0,0,0,0,0,0,0,0,0,0,0,0,0,0,0,0,0,0,0,0,0,0,0,0,0,0,0,0,0,0,0,0,0
"manyara/simanjiro/terrat",3.6e-05,1e-06,1e-06,7e-06,0,0.000101,0,0,0,0.00011,2e-06,0,2.3e-05,0.000421,7e-06,1e-06,0,2e-06,0,1e-06,1e-06,1.6e-05,0,2e-06,1e-06,1e-06,1e-06,1e-06,0,1e-06,0.000276,1e-06,0,1e-06,2e-06,1e-06,4.2e-05,1.6e-05,1e-06,8e-06,0,0,2.7e-05,1e-05,5e-06,0,4e-06,0.009433,0.00503,1e-06,0,0,1e-06,0,1.2e-05,0,7e-06,2e-06,6.5e-05,0.000159,2e-05,5.2e-05,5.6e-05,2e-06,0,0.000347,8.4e-05,0,1.5e-05,0.000216,0,0,3e-06,6e-06,1e-06,2.8e-05,3e-06,0,0,0,0,1e-06,0,0,1e-06,0,0.000813,0,6e-06,0.000145,0,0,0.000394,0.000148,2e-06,2.1e-05,3.6e-05,1e-06,0.000277,5.9e-05,0,0,2.3e-05,6e-05,9e-06,0.000191,0,5.7e-05,2.5e-05,8.3e-05,2.5e-05,0.00011,5e-06,1e-06,2e-06,1e-06,0.000347,1e-06,0.000286,2.3e-05,1.4e-05,0.000444,1e-06,5e-06,1e-06,1e-05,2.8e-05,0.00182,0.000182,2e-06,1e-06,5e-05,0.000107,1.3e-05,0,0.000227,1e-05,3.2e-05,0.000288,9e-05,6.2e-05,1e-06,7.3e-05,8e-06,2e-06,7.5e-05,1e-06,0.000118,9e-05,3e-05,1e-06,2e-06,2e-06,1e-06,4.2e-05,0.002212,4e-06,5e-06,6e-06,0.004511,1.5e-05,0.007702,1e-06,4e-06,0,0,2.7e-05,2.8e-05,0.000529,1e-05,9e-06,0.000361,0.006636,4.9e-05,8e-06,0.000202,0.00291,1e-06,8.8e-05,1.8e-05,0,1e-06,8.5e-05,1.6e-05,0.000527,0.012332,1e-06,2e-06,0.000291,8.7e-05,2.8e-05,3e-06,1e-05,0,0.000116,1e-06,1e-06,1e-06,0.000102,0,0.000605,2.4e-05,5.4e-05,3e-06,1e-04,1.5e-05,0.000735,0.000319,1.8e-05,2e-06,2e-06,4e-06,2e-04,1e-06,0,1e-05,0,0.000774,9e-06,5.8e-05,0,3e-06,0,2e-06,0.000409,8e-06,0.000459,5e-06,1e-06,0,0,0,0.000117,0.001165,3e-06,0,2e-06,0.000204,3e-05,1e-06,9.9e-05,0.012111,1e-06,0.001814,1e-06,2e-06,6e-06,0.000411,0,8.5e-05,0.002043,0.000999,4e-06,0.000686,4.7e-05,2.2e-05,1e-06,8e-06,1e-06,1e-06,1e-06,5.6e-05,1e-06,1e-06,0.000105,3e-06,0,0.00058,0,2.7e-05,0.000412,0.000232,1e-06,1e-06,6e-04,3e-06,2.4e-05,0.000385,1e-06,5e-06,3.2e-05,0,0.001074,1e-06,1e-06,1e-06,0,3e-06,0,2e-06,6e-06,1.5e-05,2e-06,0.002453,2.2e-05,3.4e-05,0.000417,1.1e-05,7.2e-05,1.3e-05,0,0,2e-06,1.7e-05,1e-06,0.000413,4.7e-05,5e-06,3e-06,2e-06,0.000713,8e-06,2e-06,1e-06,1.3e-05,0,1e-06,0.000758,0.000293,0.0022,0.000664,0.000487,6.1e-05,0.000121,0.004329,1.7e-05,2.3e-05,1.9e-05,2e-06,0.000133,0.000201,7.4e-05,0.001539,5.3e-05,0.000157,1e-06,8e-06,3e-06,0.00143,5e-06,0,1e-06,1e-06,1e-06,0.000173,1.7e-05,5e-06,0.000169,0.000117,7e-06,0,0.000122,1.8e-05,0.002693,9.7e-05,0.000197,0.000664,7e-06,2e-06,2.4e-05,0,0,1e-06,0,1e-06,0.001623,0.000596,0.0012,1e-06,0.00013,9e-06,0,1e-06,2e-06,2e-06,0.000192,0,4e-06,0.000261,0,0,0,0.000568,2e-06,0,5e-05,2e-06,0.000203,3.4e-05,1e-06,0.000678,1e-06,1e-06,1e-06,0,0,0,0
"arusha/arushaurban/themi",0,0,0,0,0,0,0,0,0,0,0,0,0,0,0,0,0,0,0,0,0,0,0,0,0,0,0,0,0,0,0,0,0,0,0,0,0,0,0,0,0,0,0,0,0,0,0,0,0,0,0,0,0,0,0,0,0,0,0,0,0,0,0,0,0,0,0,0,0,0,0,0,0,0,0,0,0,0,0,0,0,0,0,0,0,0,0,0,0,0,0,0,0,0,0,0,0,0,0,0,0,0,0,0,0,0,0,0,0,0,0,0,0,0,0,0,0,0,0,0,0,0,0,0,0,0,0,0,0,0,0,0,0,0,0,0,0,0,0,0,0,0,0,0,0,0,0,0,0,0,0,0,0,0,0,0,0,0,0,0,0,0,0,0,0,0,0,0,0,0,0,0,0,0,0,0,0,0,0,0,0,0,0,0,0,0,0,0,0,0,0,0,0,0,0,0,0,0,0,0,0,0,0,0,0,0,0,0,0,0,0,0,0,0,0,0,0,0,0,0,0,0,0,0,0,0,0,0,0,0,0,0,0,0,0,0,0,0,0,0,0,0,0,0,0,0,0,0,0,0,0,0,0,0,0,0,0,0,0,0,0,0,0,0,0,0,0,0,0,0,0,0,0,0,0,0,0,0,0,0,0,0,0,0,0,0,0,0,0,0,0,0,0,0,0,0,0,0,0,0,0,0,0,0,0,0,0,0,0,0,0,0,0,0,0,0,0,0,0,0,0,0,0,0,0,0,0,0,0,0,0,0,0,0,0,0,0,0,0,0,0,0,0,0,0,0,0,0,0,0,0,0,0,0,0,0,0,0,0,0,0,0,0,0,0,0,0,0,0,0,0,0,0,0,0,0,0,0,0,0,0,0,0,0,0,0,0,0,0,0,0,0,0,0,0,0,0,0
"arusha/longido/tingatinga",0,0,0,0,0,0,0,0,0,0,0,0,0,0,0,0,0,0,0,0,0,0,0,0,0,0,0,0,0,0,0,0,0,0,0,0,0,0,0,0,0,0,0,0,0,0,0,0,0,0,0,0,0,0,0,0,0,0,0,0,0,0,0,0,0,0,0,0,0,0,0,0,0,0,0,0,0,0,0,0,0,0,0,0,0,0,0,0,0,0,0,0,0,0,0,0,0,0,0,0,0,0,0,0,0,0,0,0,0,0,0,0,0,0,0,0,0,0,0,0,0,0,0,0,0,0,0,0,0,0,0,0,0,0,0,0,0,0,0,0,0,0,0,0,0,0,0,0,0,0,0,0,0,0,0,0,0,0,0,0,0,0,0,0,0,0,0,0,0,0,0,0,0,0,0,0,0,0,0,0,0,0,0,0,0,0,0,0,0,0,0,0,0,0,0,0,0,0,0,0,0,0,0,0,0,0,0,0,0,0,0,0,0,0,0,0,0,0,0,0,0,0,0,0,0,0,0,0,0,0,0,0,0,0,0,0,0,0,0,0,0,0,0,0,0,0,0,0,0,0,0,0,0,0,0,0,0,0,0,0,0,0,0,0,0,0,0,0,0,0,0,0,0,0,0,0,0,0,0,0,0,0,0,0,0,0,0,0,0,0,0,0,0,0,0,0,0,0,0,0,0,0,0,0,0,0,0,0,0,0,0,0,0,0,0,0,0,0,0,0,0,0,0,0,0,0,0,0,0,0,0,0,0,0,0,0,0,0,0,0,0,0,0,0,0,0,0,0,0,0,0,0,0,0,0,0,0,0,0,0,0,0,0,0,0,0,0,0,0,0,0,0,0,0,0,0,0,0,0,0,0,0,0,0,0,0,0,0,0,0,0,0,0,0,0,0,0,0
"manyara/mbulu/tlawi",0,0,0,0,0,0,0,0,0,0,0,0,0,0,0,0,0,0,0,0,0,0,0,0,0,0,0,0,0,0,0,0,0,0,0,0,0,0,0,0,0,0,0,0,0,0,0,0,0,0,0,0,0,0,0,0,0,0,0,0,0,0,0,0,0,0,0,0,0,0,0,0,0,0,0,0,0,0,0,0,0,0,0,0,0,0,0,0,0,0,0,0,0,0,0,0,0,0,0,0,0,0,0,0,0,0,0,0,0,0,0,0,0,0,0,0,0,0,0,0,0,0,0,0,0,0,0,0,0,0,0,0,0,0,0,0,0,0,0,0,0,0,0,0,0,0,0,0,0,0,0,0,0,0,0,0,0,0,0,0,0,0,0,0,0,0,0,0,0,0,0,0,0,0,0,0,0,0,0,0,0,0,0,0,0,0,0,0,0,0,0,0,0,0,0,0,0,0,0,0,0,0,0,0,0,0,0,0,0,0,0,0,0,0,0,0,0,0,0,0,0,0,0,0,0,0,0,0,0,0,0,0,0,0,0,0,0,0,0,0,0,0,0,0,0,0,0,0,0,0,0,0,0,0,0,0,0,0,0,0,0,0,0,0,0,0,0,0,0,0,0,0,0,0,0,0,0,0,0,0,0,0,0,0,0,0,0,0,0,0,0,0,0,0,0,0,0,0,0,0,0,0,0,0,0,0,0,0,0,0,0,0,0,0,0,0,0,0,0,0,0,0,0,0,0,0,0,0,0,0,0,0,0,0,0,0,0,0,0,0,0,0,0,0,0,0,0,0,0,0,0,0,0,0,0,0,0,0,0,0,0,0,0,0,0,0,0,0,0,0,0,0,0,0,0,0,0,0,0,0,0,0,0,0,0,0,0,0,0,0,0,0,0,0,0,0,0,0
"kilimanjaro/mwanga/toloha",0,0,0,0,0,0,0,0,0,0,0,0,0,0,0,0,0,0,0,0,0,0,0,0,0,0,0,0,0,0,0,0,0,0,0,0,0,0,0,0,0,0,0,0,0,0,0,0,0,0,0,0,0,0,0,0,0,0,0,0,0,0,0,0,0,0,0,0,0,0,0,0,0,0,0,0,0,0,0,0,0,0,0,0,0,0,0,0,0,0,0,0,0,0,0,0,0,0,0,0,0,0,0,0,0,0,0,0,0,0,0,0,0,0,0,0,0,0,0,0,0,0,0,0,0,0,0,0,0,0,0,0,0,0,0,0,0,0,0,0,0,0,0,0,0,0,0,0,0,0,0,0,0,0,0,0,0,0,0,0,0,0,0,0,0,0,0,0,0,0,0,0,0,0,0,0,0,0,0,0,0,0,0,0,0,0,0,0,0,0,0,0,0,0,0,0,0,0,0,0,0,0,0,0,0,0,0,0,0,0,0,0,0,0,0,0,0,0,0,0,0,0,0,0,0,0,0,0,0,0,0,0,0,0,0,0,0,0,0,0,0,0,0,0,0,0,0,0,0,0,0,0,0,0,0,0,0,0,0,0,0,0,0,0,0,0,0,0,0,0,0,0,0,0,0,0,0,0,0,0,0,0,0,0,0,0,0,0,0,0,0,0,0,0,0,0,0,0,0,0,0,0,0,0,0,0,0,0,0,0,0,0,0,0,0,0,0,0,0,0,0,0,0,0,0,0,0,0,0,0,0,0,0,0,0,0,0,0,0,0,0,0,0,0,0,0,0,0,0,0,0,0,0,0,0,0,0,0,0,0,0,0,0,0,0,0,0,0,0,0,0,0,0,0,0,0,0,0,0,0,0,0,0,0,0,0,0,0,0,0,0,0,0,0,0,0,0,0
"manyara/mbulu/tumati",0,0,0,0,0,0,0,0,0,0,0,0,0,0,0,0,0,0,0,0,0,0,0,0,0,0,0,0,0,0,0,0,0,0,0,0,0,0,0,0,0,0,0,0,0,0,0,0,0,0,0,0,0,0,0,0,0,0,0,0,0,0,0,0,0,0,0,0,0,0,0,0,0,0,0,0,0,0,0,0,0,0,0,0,0,0,0,0,0,0,0,0,0,0,0,0,0,0,0,0,0,0,0,0,0,0,0,0,0,0,0,0,0,0,0,0,0,0,0,0,0,0,0,0,0,0,0,0,0,0,0,0,0,0,0,0,0,0,0,0,0,0,0,0,0,0,0,0,0,0,0,0,0,0,0,0,0,0,0,0,0,0,0,0,0,0,0,0,0,0,0,0,0,0,0,0,0,0,0,0,0,0,0,0,0,0,0,0,0,0,0,0,0,0,0,0,0,0,0,0,0,0,0,0,0,0,0,0,0,0,0,0,0,0,0,0,0,0,0,0,0,0,0,0,0,0,0,0,0,0,0,0,0,0,0,0,0,0,0,0,0,0,0,0,0,0,0,0,0,0,0,0,0,0,0,0,0,0,0,0,0,0,0,0,0,0,0,0,0,0,0,0,0,0,0,0,0,0,0,0,0,0,0,0,0,0,0,0,0,0,0,0,0,0,0,0,0,0,0,0,0,0,0,0,0,0,0,0,0,0,0,0,0,0,0,0,0,0,0,0,0,0,0,0,0,0,0,0,0,0,0,0,0,0,0,0,0,0,0,0,0,0,0,0,0,0,0,0,0,0,0,0,0,0,0,0,0,0,0,0,0,0,0,0,0,0,0,0,0,0,0,0,0,0,0,0,0,0,0,0,0,0,0,0,0,0,0,0,0,0,0,0,0,0,0,0,0,0
"kilimanjaro/rombo/ubetukahe",0,0,0,0,0,0,0,0,0,0,0,0,0,0,0,0,0,0,0,0,0,0,0,0,0,0,0,0,0,0,0,0,0,0,0,0,0,0,0,0,0,0,0,0,0,0,0,0,0,0,0,0,0,0,0,0,0,0,0,0,0,0,0,0,0,0,0,0,0,0,0,0,0,0,0,0,0,0,0,0,0,0,0,0,0,0,0,0,0,0,0,0,0,0,0,0,0,0,0,0,0,0,0,0,0,0,0,0,0,0,0,0,0,0,0,0,0,0,0,0,0,0,0,0,0,0,0,0,0,0,0,0,0,0,0,0,0,0,0,0,0,0,0,0,0,0,0,0,0,0,0,0,0,0,0,0,0,0,0,0,0,0,0,0,0,0,0,0,0,0,0,0,0,0,0,0,0,0,0,0,0,0,0,0,0,0,0,0,0,0,0,0,0,0,0,0,0,0,0,0,0,0,0,0,0,0,0,0,0,0,0,0,0,0,0,0,0,0,0,0,0,0,0,0,0,0,0,0,0,0,0,0,0,0,0,0,0,0,0,0,0,0,0,0,0,0,0,0,0,0,0,0,0,0,0,0,0,0,0,0,0,0,0,0,0,0,0,0,0,0,0,0,0,0,0,0,0,0,0,0,0,0,0,0,0,0,0,0,0,0,0,0,0,0,0,0,0,0,0,0,0,0,0,0,0,0,0,0,0,0,0,0,0,0,0,0,0,0,0,0,0,0,0,0,0,0,0,0,0,0,0,0,0,0,0,0,0,0,0,0,0,0,0,0,0,0,0,0,0,0,0,0,0,0,0,0,0,0,0,0,0,0,0,0,0,0,0,0,0,0,0,0,0,0,0,0,0,0,0,0,0,0,0,0,0,0,0,0,0,0,0,0,0,0,0,0,0,0
"manyara/babati/ufana",0.000192,0.000102,2.3e-05,0.000497,0.000677,0.000921,9.4e-05,9.9e-05,0.000254,0.040491,0.001008,0.000362,0.000144,0.002203,0.00697,0.000263,0.000746,0.015278,0.00185,0.004205,2.3e-05,0.000107,2e-04,1.8e-05,1.8e-05,6e-06,0.000363,9.7e-05,8e-06,2.7e-05,0.001172,6.3e-05,1e-05,1.4e-05,0.000312,0.004682,0.000215,0.038181,4e-04,0.00059,0.001349,0.00021,0.001412,0.036246,0.000288,0.000452,0.000102,0.05053,0.010166,0.000126,0.000196,0.000113,8.8e-05,0.001224,0.021177,0.000571,2.9e-05,0.00012,0.000846,0.023952,0.000453,0.001389,0.000931,0.000168,0,0.001469,0.000762,0.000344,0.000653,0.007898,5.2e-05,0.000152,3.6e-05,0.002043,0.001835,0.000821,0.000139,0.001427,0.000405,0.000893,0.000175,0.00112,0.002053,0.000257,0.004139,0.000122,0.006654,0.00303,0.018014,0.002611,0.000269,0.000405,0.006439,0.00109,5.7e-05,0.01326,0.000404,8e-06,0.002984,0.000742,0.000192,1e-04,0.000692,0.000331,9.3e-05,0.00388,0.000125,0.000605,0.000242,0.005988,0.000285,0.001896,0.01488,8e-06,2.9e-05,2.1e-05,0.002384,3.7e-05,0.00338,0.000312,0.000117,0.005943,2.1e-05,7.8e-05,9e-06,0.000283,0.001013,0.008032,0.00078,2.2e-05,1.9e-05,0.000491,0.001414,0.000138,6e-06,0.001202,6.7e-05,0.000404,0.007585,0.000978,0.000454,1.6e-05,0.000425,9.1e-05,4e-05,0.00113,0.000495,0.001483,0.001231,0.000409,1.9e-05,1.7e-05,3.2e-05,2.5e-05,0.001091,0.013647,6.1e-05,9.5e-05,0.000153,0.047677,0.000212,0.003539,8e-06,5.6e-05,0.000486,0.000247,0.000281,0.000233,0.002407,0.000121,0.000356,0.003978,0.035319,0.000553,0.000101,0.001382,0.00919,2e-05,0.000982,0.000749,9e-06,0.000123,0.002105,0.000166,0.006217,0.164677,1.3e-05,2.4e-05,0.003155,0.00095,0.00026,0.010182,0.001207,0.001607,0.008191,8.6e-05,2.2e-05,0.000247,0.001149,2.8e-05,0.00379,0.000653,0.000804,1.7e-05,0.001673,0.000131,0.010667,0.004046,0.001575,2.6e-05,2.3e-05,0.00015,0.003486,1e-05,7.3e-05,0.000283,8.1e-05,0.015329,0.000139,0.000868,0.002794,1.8e-05,0.00074,2.4e-05,0.003764,8.5e-05,0.005322,4.5e-05,0.00081,0.000541,0.000377,0.000343,0.005124,0.004995,0.000315,1e-06,2.6e-05,0.000499,0.001107,1.8e-05,0.000408,0.082815,9e-06,0.018412,1.3e-05,1.8e-05,6.3e-05,0.001727,0.001296,0.000233,0.011679,0.009688,3.5e-05,0.003163,0.000844,0.000562,2.5e-05,0.000108,1.5e-05,1.7e-05,1.3e-05,0.000297,3.5e-05,1.7e-05,0.004293,9e-05,0.000506,0.0043,0.000103,0.001848,0.003522,0.002814,1.8e-05,1.7e-05,0.009305,4.9e-05,0.000651,0.001281,0.000211,0.000336,0.000167,2.7e-05,0.029409,0.000887,3.5e-05,0.000247,0.00031,5.5e-05,0.006685,2e-05,0.000225,0.000233,5e-05,0.008977,0.000254,0.000447,0.002757,6.2e-05,0.000596,0.001881,9e-06,6e-06,1.7e-05,0.000249,6.1e-05,0.016422,0.000265,3.4e-05,2.1e-05,2.2e-05,0.00254,0.000686,0.000206,1.4e-05,0.000167,5.1e-05,3.8e-05,0.005667,0.005374,0.003515,0.00058,0.004232,0.000514,0.00229,0.020515,0.001066,0.001288,9.6e-05,0.000162,0.000817,0.001216,0.000518,0.022677,0.003941,0.001347,4.6e-05,8.6e-05,0.00018,0.008049,0.000308,5.5e-05,1.5e-05,4.6e-05,0.000516,0.00254,0.000483,0.000388,0.001349,0.001856,0.000522,9.9e-05,0.001247,0.000103,0.014493,0.001893,0.001719,0.001175,9.5e-05,3.7e-05,0.000249,0.000402,0.000208,0.000254,0.000139,0.000109,0.009387,0.001937,0.006098,8.1e-05,0.000928,9.5e-05,5e-06,2.1e-05,9.8e-05,4.4e-05,0.000648,0.00049,2.2e-05,0.003335,0.000251,9e-06,0.000906,0.010799,0,8.4e-05,0.00026,2.1e-05,0.002399,0.00044,1.5e-05,0.003589,1.7e-05,1.8e-05,3.7e-05,6e-06,8e-06,0.000661,0.000307
"manyara/mbulu/uhuru",0,0,0,0,0,0,0,0,0,0,0,0,0,0,0,0,0,0,0,0,0,0,0,0,0,0,0,0,0,0,0,0,0,0,0,0,0,0,0,0,0,0,0,0,0,0,0,0,0,0,0,0,0,0,0,0,0,0,0,0,0,0,0,0,0,0,0,0,0,0,0,0,0,0,0,0,0,0,0,0,0,0,0,0,0,0,0,0,0,0,0,0,0,0,0,0,0,0,0,0,0,0,0,0,0,0,0,0,0,0,0,0,0,0,0,0,0,0,0,0,0,0,0,0,0,0,0,0,0,0,0,0,0,0,0,0,0,0,0,0,0,0,0,0,0,0,0,0,0,0,0,0,0,0,0,0,0,0,0,0,0,0,0,0,0,0,0,0,0,0,0,0,0,0,0,0,0,0,0,0,0,0,0,0,0,0,0,0,0,0,0,0,0,0,0,0,0,0,0,0,0,0,0,0,0,0,0,0,0,0,0,0,0,0,0,0,0,0,0,0,0,0,0,0,0,0,0,0,0,0,0,0,0,0,0,0,0,0,0,0,0,0,0,0,0,0,0,0,0,0,0,0,0,0,0,0,0,0,0,0,0,0,0,0,0,0,0,0,0,0,0,0,0,0,0,0,0,0,0,0,0,0,0,0,0,0,0,0,0,0,0,0,0,0,0,0,0,0,0,0,0,0,0,0,0,0,0,0,0,0,0,0,0,0,0,0,0,0,0,0,0,0,0,0,0,0,0,0,0,0,0,0,0,0,0,0,0,0,0,0,0,0,0,0,0,0,0,0,0,0,0,0,0,0,0,0,0,0,0,0,0,0,0,0,0,0,0,0,0,0,0,0,0,0,0,0,0,0,0,0,0,0,0,0,0,0,0,0,0,0,0,0,0,0,0,0,0,0
"arusha/arushaurban/ungaltd",0,0,0,0,0,0,0,0,0,0,0,0,0,0,0,0,0,0,0,0,0,0,0,0,0,0,0,0,0,0,0,0,0,0,0,0,0,0,0,0,0,0,0,0,0,0,0,0,0,0,0,0,0,0,0,0,0,0,0,0,0,0,0,0,0,0,0,0,0,0,0,0,0,0,0,0,0,0,0,0,0,0,0,0,0,0,0,0,0,0,0,0,0,0,0,0,0,0,0,0,0,0,0,0,0,0,0,0,0,0,0,0,0,0,0,0,0,0,0,0,0,0,0,0,0,0,0,0,0,0,0,0,0,0,0,0,0,0,0,0,0,0,0,0,0,0,0,0,0,0,0,0,0,0,0,0,0,0,0,0,0,0,0,0,0,0,0,0,0,0,0,0,0,0,0,0,0,0,0,0,0,0,0,0,0,0,0,0,0,0,0,0,0,0,0,0,0,0,0,0,0,0,0,0,0,0,0,0,0,0,0,0,0,0,0,0,0,0,0,0,0,0,0,0,0,0,0,0,0,0,0,0,0,0,0,0,0,0,0,0,0,0,0,0,0,0,0,0,0,0,0,0,0,0,0,0,0,0,0,0,0,0,0,0,0,0,0,0,0,0,0,0,0,0,0,0,0,0,0,0,0,0,0,0,0,0,0,0,0,0,0,0,0,0,0,0,0,0,0,0,0,0,0,0,0,0,0,0,0,0,0,0,0,0,0,0,0,0,0,0,0,0,0,0,0,0,0,0,0,0,0,0,0,0,0,0,0,0,0,0,0,0,0,0,0,0,0,0,0,0,0,0,0,0,0,0,0,0,0,0,0,0,0,0,0,0,0,0,0,0,0,0,0,0,0,0,0,0,0,0,0,0,0,0,0,0,0,0,0,0,0,0,0,0,0,0,0,0
"kilimanjaro/moshi/urukaskazini",0,0,0,0,0,0,0,0,0,0,0,0,0,0,0,0,0,0,0,0,0,0,0,0,0,0,0,0,0,0,0,0,0,0,0,0,0,0,0,0,0,0,0,0,0,0,0,0,0,0,0,0,0,0,0,0,0,0,0,0,0,0,0,0,0,0,0,0,0,0,0,0,0,0,0,0,0,0,0,0,0,0,0,0,0,0,0,0,0,0,0,0,0,0,0,0,0,0,0,0,0,0,0,0,0,0,0,0,0,0,0,0,0,0,0,0,0,0,0,0,0,0,0,0,0,0,0,0,0,0,0,0,0,0,0,0,0,0,0,0,0,0,0,0,0,0,0,0,0,0,0,0,0,0,0,0,0,0,0,0,0,0,0,0,0,0,0,0,0,0,0,0,0,0,0,0,0,0,0,0,0,0,0,0,0,0,0,0,0,0,0,0,0,0,0,0,0,0,0,0,0,0,0,0,0,0,0,0,0,0,0,0,0,0,0,0,0,0,0,0,0,0,0,0,0,0,0,0,0,0,0,0,0,0,0,0,0,0,0,0,0,0,0,0,0,0,0,0,0,0,0,0,0,0,0,0,0,0,0,0,0,0,0,0,0,0,0,0,0,0,0,0,0,0,0,0,0,0,0,0,0,0,0,0,0,0,0,0,0,0,0,0,0,0,0,0,0,0,0,0,0,0,0,0,0,0,0,0,0,0,0,0,0,0,0,0,0,0,0,0,0,0,0,0,0,0,0,0,0,0,0,0,0,0,0,0,0,0,0,0,0,0,0,0,0,0,0,0,0,0,0,0,0,0,0,0,0,0,0,0,0,0,0,0,0,0,0,0,0,0,0,0,0,0,0,0,0,0,0,0,0,0,0,0,0,0,0,0,0,0,0,0,0,0,0,0,0,0
"kilimanjaro/moshi/urukusini",1e-06,0,2e-06,0,0,5.8e-05,0,0,0,1e-06,0,0,1e-06,1.2e-05,0,0,0,0,0,0,0,4e-06,0,7e-06,0,3e-06,0,0,0,0,6e-06,0,0,0,0,0,1e-06,0,0,0,0,0,0,0,0,0,0,0.000203,4e-06,0,0,0,0,0,0,0,0,0,1e-06,2e-06,1e-06,1e-06,3e-06,0,0,7e-06,1e-06,0,0,1e-06,0,0,1e-06,0,0,1e-06,0,0,0,0,0,0,0,0,0,0,0.00058,0,0,5e-06,0,0,0.000343,6e-06,0,0,2.6e-05,0,0.000203,5e-05,0,0,1e-06,1e-06,3.7e-05,9.2e-05,0,0.000437,5e-06,1e-06,2.1e-05,0.000175,0,0,3e-06,2e-06,0.000108,0,0.002295,1e-04,4.5e-05,0.00242,0,1e-06,0,1e-06,0,0.000154,7e-06,5e-06,3e-06,5.3e-05,6.3e-05,0.000133,0,6e-06,0,0.000164,2.8e-05,0.000917,1.3e-05,0,2e-06,0.000183,2e-06,1.7e-05,0,0.000246,0.000336,6.3e-05,2e-06,0,1e-06,0,4e-06,2.8e-05,3e-06,0,0,0.032559,6e-06,4e-06,4e-06,1e-06,0,0,7e-06,4e-06,1e-05,2e-06,0,2e-06,0.000153,2e-06,6e-06,0,3e-06,0,0.001699,0,0,0,4e-06,2.3e-05,0.001377,0.053092,1e-06,4e-06,0.001203,0.000184,4.5e-05,0,0,0,0,0,1e-06,0,0.000897,0,5.3e-05,0,2e-06,0,0.000157,4e-06,0.000737,1e-06,0,3e-06,2e-06,0,0.000181,1e-06,0,1e-06,0,0.000675,2.3e-05,0.00011,0,0,0,3e-06,0.000431,7e-06,0.000687,5e-06,0,0,0,0,6e-06,1.3e-05,0,1e-06,1.8e-05,4e-06,0,1e-06,5e-06,7e-05,9e-06,0.000168,0,1e-05,3.9e-05,1e-05,0,0,5.3e-05,1.7e-05,0,1.6e-05,4.1e-05,1e-06,2e-06,3e-06,8e-06,0,0,8e-06,0,0,1e-06,0,0,1e-05,0,0,1e-05,7e-05,0,0,0.000746,4e-06,1e-06,2e-06,0,0,3e-06,0,0.000112,0,0,0,0,4e-06,0,1e-06,0,6e-06,0,6e-05,0.000129,1.5e-05,2.8e-05,0,5e-06,0,0,0,1e-05,2e-06,0,1e-06,2e-06,0,0,6e-06,8e-06,0,0,4e-06,8.9e-05,0,0,3.6e-05,0.000358,1e-05,1e-06,1.6e-05,2.8e-05,3.6e-05,8.4e-05,0,1e-06,0,0,3e-06,6e-06,2e-06,8.9e-05,2e-06,2e-06,0,3.3e-05,0,6.9e-05,0,0,2.2e-05,0,0,8e-06,1e-06,0,7e-06,1e-05,0,0,4.9e-05,1e-06,6.8e-05,1e-06,2e-06,6e-06,2e-06,2e-06,0.000111,0,0,0,0,0,5.2e-05,8e-06,2.3e-05,0,9e-06,5.6e-05,0,0,0,3e-06,2e-06,0,0,2.9e-05,0,0,0,0.000604,0,0,1e-06,1.1e-05,0,0.000365,8e-06,3.5e-05,2e-06,0,0,0,0,0,0
"kilimanjaro/moshi/urumashariki",0,0,0,0,0,0,0,0,0,0,0,0,0,0,0,0,0,0,0,0,0,0,0,0,0,0,0,0,0,0,0,0,0,0,0,0,0,0,0,0,0,0,0,0,0,0,0,0,0,0,0,0,0,0,0,0,0,0,0,0,0,0,0,0,0,0,0,0,0,0,0,0,0,0,0,0,0,0,0,0,0,0,0,0,0,0,0,0,0,0,0,0,0,0,0,0,0,0,0,0,0,0,0,0,0,0,0,0,0,0,0,0,0,0,0,0,0,0,0,0,0,0,0,0,0,0,0,0,0,0,0,0,0,0,0,0,0,0,0,0,0,0,0,0,0,0,0,0,0,0,0,0,0,0,0,0,0,0,0,0,0,0,0,0,0,0,0,0,0,0,0,0,0,0,0,0,0,0,0,0,0,0,0,0,0,0,0,0,0,0,0,0,0,0,0,0,0,0,0,0,0,0,0,0,0,0,0,0,0,0,0,0,0,0,0,0,0,0,0,0,0,0,0,0,0,0,0,0,0,0,0,0,0,0,0,0,0,0,0,0,0,0,0,0,0,0,0,0,0,0,0,0,0,0,0,0,0,0,0,0,0,0,0,0,0,0,0,0,0,0,0,0,0,0,0,0,0,0,0,0,0,0,0,0,0,0,0,0,0,0,0,0,0,0,0,0,0,0,0,0,0,0,0,0,0,0,0,0,0,0,0,0,0,0,0,0,0,0,0,0,0,0,0,0,0,0,0,0,0,0,0,0,0,0,0,0,0,0,0,0,0,0,0,0,0,0,0,0,0,0,0,0,0,0,0,0,0,0,0,0,0,0,0,0,0,0,0,0,0,0,0,0,0,0,0,0,0,0,0,0,0,0,0,0,0,0,0,0,0,0,0,0,0,0,0,0,0,0
"kilimanjaro/moshi/urushimbwe",0,0,0,0,0,0,0,0,0,0,0,0,0,0,0,0,0,0,0,0,0,0,0,0,0,0,0,0,0,0,0,0,0,0,0,0,0,0,0,0,0,0,0,0,0,0,0,0,0,0,0,0,0,0,0,0,0,0,0,0,0,0,0,0,0,0,0,0,0,0,0,0,0,0,0,0,0,0,0,0,0,0,0,0,0,0,0,0,0,0,0,0,0,0,0,0,0,0,0,0,0,0,0,0,0,0,0,0,0,0,0,0,0,0,0,0,0,0,0,0,0,0,0,0,0,0,0,0,0,0,0,0,0,0,0,0,0,0,0,0,0,0,0,0,0,0,0,0,0,0,0,0,0,0,0,0,0,0,0,0,0,0,0,0,0,0,0,0,0,0,0,0,0,0,0,0,0,0,0,0,0,0,0,0,0,0,0,0,0,0,0,0,0,0,0,0,0,0,0,0,0,0,0,0,0,0,0,0,0,0,0,0,0,0,0,0,0,0,0,0,0,0,0,0,0,0,0,0,0,0,0,0,0,0,0,0,0,0,0,0,0,0,0,0,0,0,0,0,0,0,0,0,0,0,0,0,0,0,0,0,0,0,0,0,0,0,0,0,0,0,0,0,0,0,0,0,0,0,0,0,0,0,0,0,0,0,0,0,0,0,0,0,0,0,0,0,0,0,0,0,0,0,0,0,0,0,0,0,0,0,0,0,0,0,0,0,0,0,0,0,0,0,0,0,0,0,0,0,0,0,0,0,0,0,0,0,0,0,0,0,0,0,0,0,0,0,0,0,0,0,0,0,0,0,0,0,0,0,0,0,0,0,0,0,0,0,0,0,0,0,0,0,0,0,0,0,0,0,0,0,0,0,0,0,0,0,0,0,0,0,0,0,0,0,0,0,0,0
"arusha/meru/usariver",0.000966,1e-06,2e-06,3e-06,0,0.000178,0,0,0,1.9e-05,0,0,0.000271,0.00447,3e-06,0,0,0,0,0,0,7.4e-05,0,4e-06,0,1e-06,0,0,0,1e-06,0.001015,0,0,1e-06,1e-06,0,0.000228,3e-06,0,7e-06,0,0,7e-06,2e-06,1e-06,0,5e-06,0.039238,0.000177,0,0,0,0,0,2e-06,0,1.9e-05,0,1.9e-05,5.3e-05,2e-05,2.9e-05,0.00013,1e-06,0,0.00184,0.000106,0,5e-06,1.8e-05,0,0,1.6e-05,2e-06,0,2.1e-05,3e-06,0,0,0,0,0,0,0,0,0,0.003609,0,1e-06,4.9e-05,0,0,0.000603,0.001149,2e-06,5e-06,0.000173,1e-06,0.000446,9.2e-05,0,0,1.3e-05,0.000339,2e-05,0.000457,0,0.000156,0.000186,2.3e-05,0.000115,0.000225,1e-06,8e-06,3e-06,2e-06,0.001672,0,0.000665,6.7e-05,3e-05,0.00121,1e-06,5e-06,1e-06,5e-06,6e-06,0.023768,0.00329,3e-06,3e-06,6.2e-05,0.000148,3.3e-05,0,0.001841,5.4e-05,6.9e-05,0.000537,0.000271,0.000674,0,0.000356,2.3e-05,4e-06,7.4e-05,0,0.000224,0.000187,5.6e-05,2e-06,1e-06,3e-06,1e-06,2.8e-05,0.003061,5e-06,5e-06,2e-06,0.011315,1.8e-05,0.000167,2e-06,3e-06,0,0,3e-05,0.000307,0.002714,9e-06,2e-06,0.000133,0.03368,2e-05,3.7e-05,1.3e-05,0.000176,2e-06,0.000236,6e-06,0,1e-06,3.9e-05,3.2e-05,0.001839,0.05735,3e-06,6e-06,0.000998,0.000335,7.5e-05,1e-06,2e-06,0,1.3e-05,0,2e-06,0,0.000248,0,0.022578,4e-06,1.9e-05,2.1e-05,0.000188,0.000112,0.001164,7.2e-05,1.1e-05,3e-06,3e-06,0,0.000315,1e-06,0,6e-06,0,0.001321,1.9e-05,0.000107,0,6.5e-05,0,1e-05,0.00185,3.9e-05,0.001784,1.6e-05,0,0,0,0,0.000129,0.001854,1e-06,0,5e-06,0.00055,1.1e-05,2e-06,0.000266,0.004911,2e-06,0.001004,0,4e-06,1.3e-05,0.00473,0,4.8e-05,0.012284,0.001055,5e-06,0.005966,0.000114,1.2e-05,3e-06,9e-06,3e-06,0,0,5.1e-05,0,0,2.9e-05,4e-06,0,0.000995,0,4e-06,0.000998,0.000264,1e-06,0,0.00101,5e-06,1.3e-05,5e-05,0,3e-06,4.7e-05,0,0.001942,0,0,0,0,6e-06,0,1e-05,1e-06,5.2e-05,1e-06,0.020521,4.9e-05,0.000145,0.002311,5.5e-05,4.7e-05,6e-06,1e-06,0,4e-06,1.1e-05,0,5.8e-05,0.000739,0.000234,6.5e-05,5e-06,0.001286,3e-06,1e-06,3e-06,2.9e-05,0,0,0.002583,0.000564,0.00125,9e-05,0.001693,0.00039,0.000335,0.013399,8e-06,1.1e-05,0.000143,1e-06,0.000513,0.00153,0.000233,0.002351,3.8e-05,2.9e-05,0,2e-05,3e-06,0.073758,1e-06,0,3e-06,0,0,8.3e-05,7e-06,4e-06,0.000947,7.4e-05,5e-06,0,0.000733,0.000579,0.017203,4.1e-05,0.000122,0.000232,7e-06,4e-06,6.3e-05,0,0,0,0,1e-06,0.015316,0.001746,0.004692,0,0.002284,2.3e-05,0,0,1e-06,5e-06,0.000434,2.5e-05,2.8e-05,0.00053,0,0,0,0.001096,1e-06,0,0.000243,4e-06,0.000546,8.2e-05,3e-06,0,2e-06,0,1e-06,0,0,0,0
"kilimanjaro/rombo/ushiriikuini",0,0,0,0,0,0,0,0,0,0,0,0,0,0,0,0,0,0,0,0,0,0,0,0,0,0,0,0,0,0,0,0,0,0,0,0,0,0,0,0,0,0,0,0,0,0,0,0,0,0,0,0,0,0,0,0,0,0,0,0,0,0,0,0,0,0,0,0,0,0,0,0,0,0,0,0,0,0,0,0,0,0,0,0,0,0,0,0,0,0,0,0,0,0,0,0,0,0,0,0,0,0,0,0,0,0,0,0,0,0,0,0,0,0,0,0,0,0,0,0,0,0,0,0,0,0,0,0,0,0,0,0,0,0,0,0,0,0,0,0,0,0,0,0,0,0,0,0,0,0,0,0,0,0,0,0,0,0,0,0,0,0,0,0,0,0,0,0,0,0,0,0,0,0,0,0,0,0,0,0,0,0,0,0,0,0,0,0,0,0,0,0,0,0,0,0,0,0,0,0,0,0,0,0,0,0,0,0,0,0,0,0,0,0,0,0,0,0,0,0,0,0,0,0,0,0,0,0,0,0,0,0,0,0,0,0,0,0,0,0,0,0,0,0,0,0,0,0,0,0,0,0,0,0,0,0,0,0,0,0,0,0,0,0,0,0,0,0,0,0,0,0,0,0,0,0,0,0,0,0,0,0,0,0,0,0,0,0,0,0,0,0,0,0,0,0,0,0,0,0,0,0,0,0,0,0,0,0,0,0,0,0,0,0,0,0,0,0,0,0,0,0,0,0,0,0,0,0,0,0,0,0,0,0,0,0,0,0,0,0,0,0,0,0,0,0,0,0,0,0,0,0,0,0,0,0,0,0,0,0,0,0,0,0,0,0,0,0,0,0,0,0,0,0,0,0,0,0,0,0,0,0,0,0,0,0,0,0,0,0,0,0,0,0,0,0,0,0
"kilimanjaro/same/vudee",0,0,0,0,0,0,0,0,0,0,0,0,0,0,0,0,0,0,0,0,0,0,0,0,0,0,0,0,0,0,0,0,0,0,0,0,0,0,0,0,0,0,0,0,0,0,0,0,0,0,0,0,0,0,0,0,0,0,0,0,0,0,0,0,0,0,0,0,0,0,0,0,0,0,0,0,0,0,0,0,0,0,0,0,0,0,0,0,0,0,0,0,0,0,0,0,0,0,0,0,0,0,0,0,0,0,0,0,0,0,0,0,0,0,0,0,0,0,0,0,0,0,0,0,0,0,0,0,0,0,0,0,0,0,0,0,0,0,0,0,0,0,0,0,0,0,0,0,0,0,0,0,0,0,0,0,0,0,0,0,0,0,0,0,0,0,0,0,0,0,0,0,0,0,0,0,0,0,0,0,0,0,0,0,0,0,0,0,0,0,0,0,0,0,0,0,0,0,0,0,0,0,0,0,0,0,0,0,0,0,0,0,0,0,0,0,0,0,0,0,0,0,0,0,0,0,0,0,0,0,0,0,0,0,0,0,0,0,0,0,0,0,0,0,0,0,0,0,0,0,0,0,0,0,0,0,0,0,0,0,0,0,0,0,0,0,0,0,0,0,0,0,0,0,0,0,0,0,0,0,0,0,0,0,0,0,0,0,0,0,0,0,0,0,0,0,0,0,0,0,0,0,0,0,0,0,0,0,0,0,0,0,0,0,0,0,0,0,0,0,0,0,0,0,0,0,0,0,0,0,0,0,0,0,0,0,0,0,0,0,0,0,0,0,0,0,0,0,0,0,0,0,0,0,0,0,0,0,0,0,0,0,0,0,0,0,0,0,0,0,0,0,0,0,0,0,0,0,0,0,0,0,0,0,0,0,0,0,0,0,0,0,0,0,0,0,0,0
"kilimanjaro/same/vuje",0,0,0,0,0,0,0,0,0,0,0,0,0,0,0,0,0,0,0,0,0,0,0,0,0,0,0,0,0,0,0,0,0,0,0,0,0,0,0,0,0,0,0,0,0,0,0,0,0,0,0,0,0,0,0,0,0,0,0,0,0,0,0,0,0,0,0,0,0,0,0,0,0,0,0,0,0,0,0,0,0,0,0,0,0,0,0,0,0,0,0,0,0,0,0,0,0,0,0,0,0,0,0,0,0,0,0,0,0,0,0,0,0,0,0,0,0,0,0,0,0,0,0,0,0,0,0,0,0,0,0,0,0,0,0,0,0,0,0,0,0,0,0,0,0,0,0,0,0,0,0,0,0,0,0,0,0,0,0,0,0,0,0,0,0,0,0,0,0,0,0,0,0,0,0,0,0,0,0,0,0,0,0,0,0,0,0,0,0,0,0,0,0,0,0,0,0,0,0,0,0,0,0,0,0,0,0,0,0,0,0,0,0,0,0,0,0,0,0,0,0,0,0,0,0,0,0,0,0,0,0,0,0,0,0,0,0,0,0,0,0,0,0,0,0,0,0,0,0,0,0,0,0,0,0,0,0,0,0,0,0,0,0,0,0,0,0,0,0,0,0,0,0,0,0,0,0,0,0,0,0,0,0,0,0,0,0,0,0,0,0,0,0,0,0,0,0,0,0,0,0,0,0,0,0,0,0,0,0,0,0,0,0,0,0,0,0,0,0,0,0,0,0,0,0,0,0,0,0,0,0,0,0,0,0,0,0,0,0,0,0,0,0,0,0,0,0,0,0,0,0,0,0,0,0,0,0,0,0,0,0,0,0,0,0,0,0,0,0,0,0,0,0,0,0,0,0,0,0,0,0,0,0,0,0,0,0,0,0,0,0,0,0,0,0,0,0,0
"kilimanjaro/same/vumari",0,0,0,0,0,0,0,0,0,0,0,0,0,0,0,0,0,0,0,0,0,0,0,0,0,0,0,0,0,0,0,0,0,0,0,0,0,0,0,0,0,0,0,0,0,0,0,0,0,0,0,0,0,0,0,0,0,0,0,0,0,0,0,0,0,0,0,0,0,0,0,0,0,0,0,0,0,0,0,0,0,0,0,0,0,0,0,0,0,0,0,0,0,0,0,0,0,0,0,0,0,0,0,0,0,0,0,0,0,0,0,0,0,0,0,0,0,0,0,0,0,0,0,0,0,0,0,0,0,0,0,0,0,0,0,0,0,0,0,0,0,0,0,0,0,0,0,0,0,0,0,0,0,0,0,0,0,0,0,0,0,0,0,0,0,0,0,0,0,0,0,0,0,0,0,0,0,0,0,0,0,0,0,0,0,0,0,0,0,0,0,0,0,0,0,0,0,0,0,0,0,0,0,0,0,0,0,0,0,0,0,0,0,0,0,0,0,0,0,0,0,0,0,0,0,0,0,0,0,0,0,0,0,0,0,0,0,0,0,0,0,0,0,0,0,0,0,0,0,0,0,0,0,0,0,0,0,0,0,0,0,0,0,0,0,0,0,0,0,0,0,0,0,0,0,0,0,0,0,0,0,0,0,0,0,0,0,0,0,0,0,0,0,0,0,0,0,0,0,0,0,0,0,0,0,0,0,0,0,0,0,0,0,0,0,0,0,0,0,0,0,0,0,0,0,0,0,0,0,0,0,0,0,0,0,0,0,0,0,0,0,0,0,0,0,0,0,0,0,0,0,0,0,0,0,0,0,0,0,0,0,0,0,0,0,0,0,0,0,0,0,0,0,0,0,0,0,0,0,0,0,0,0,0,0,0,0,0,0,0,0,0,0,0,0,0,0,0
"kilimanjaro/same/vunta",0,0,0,0,0,0,0,0,0,0,0,0,0,0,0,0,0,0,0,0,0,0,0,0,0,0,0,0,0,0,0,0,0,0,0,0,0,0,0,0,0,0,0,0,0,0,0,0,0,0,0,0,0,0,0,0,0,0,0,0,0,0,0,0,0,0,0,0,0,0,0,0,0,0,0,0,0,0,0,0,0,0,0,0,0,0,0,0,0,0,0,0,0,0,0,0,0,0,0,0,0,0,0,0,0,0,0,0,0,0,0,0,0,0,0,0,0,0,0,0,0,0,0,0,0,0,0,0,0,0,0,0,0,0,0,0,0,0,0,0,0,0,0,0,0,0,0,0,0,0,0,0,0,0,0,0,0,0,0,0,0,0,0,0,0,0,0,0,0,0,0,0,0,0,0,0,0,0,0,0,0,0,0,0,0,0,0,0,0,0,0,0,0,0,0,0,0,0,0,0,0,0,0,0,0,0,0,0,0,0,0,0,0,0,0,0,0,0,0,0,0,0,0,0,0,0,0,0,0,0,0,0,0,0,0,0,0,0,0,0,0,0,0,0,0,0,0,0,0,0,0,0,0,0,0,0,0,0,0,0,0,0,0,0,0,0,0,0,0,0,0,0,0,0,0,0,0,0,0,0,0,0,0,0,0,0,0,0,0,0,0,0,0,0,0,0,0,0,0,0,0,0,0,0,0,0,0,0,0,0,0,0,0,0,0,0,0,0,0,0,0,0,0,0,0,0,0,0,0,0,0,0,0,0,0,0,0,0,0,0,0,0,0,0,0,0,0,0,0,0,0,0,0,0,0,0,0,0,0,0,0,0,0,0,0,0,0,0,0,0,0,0,0,0,0,0,0,0,0,0,0,0,0,0,0,0,0,0,0,0,0,0,0,0,0,0,0,0
"manyara/mbulu/yaedaampa",0,0,0,0,0,0,0,0,0,0,0,0,0,0,0,0,0,0,0,0,0,0,0,0,0,0,0,0,0,0,0,0,0,0,0,0,0,0,0,0,0,0,0,0,0,0,0,0,0,0,0,0,0,0,0,0,0,0,0,0,0,0,0,0,0,0,0,0,0,0,0,0,0,0,0,0,0,0,0,0,0,0,0,0,0,0,0,0,0,0,0,0,0,0,0,0,0,0,0,0,0,0,0,0,0,0,0,0,0,0,0,0,0,0,0,0,0,0,0,0,0,0,0,0,0,0,0,0,0,0,0,0,0,0,0,0,0,0,0,0,0,0,0,0,0,0,0,0,0,0,0,0,0,0,0,0,0,0,0,0,0,0,0,0,0,0,0,0,0,0,0,0,0,0,0,0,0,0,0,0,0,0,0,0,0,0,0,0,0,0,0,0,0,0,0,0,0,0,0,0,0,0,0,0,0,0,0,0,0,0,0,0,0,0,0,0,0,0,0,0,0,0,0,0,0,0,0,0,0,0,0,0,0,0,0,0,0,0,0,0,0,0,0,0,0,0,0,0,0,0,0,0,0,0,0,0,0,0,0,0,0,0,0,0,0,0,0,0,0,0,0,0,0,0,0,0,0,0,0,0,0,0,0,0,0,0,0,0,0,0,0,0,0,0,0,0,0,0,0,0,0,0,0,0,0,0,0,0,0,0,0,0,0,0,0,0,0,0,0,0,0,0,0,0,0,0,0,0,0,0,0,0,0,0,0,0,0,0,0,0,0,0,0,0,0,0,0,0,0,0,0,0,0,0,0,0,0,0,0,0,0,0,0,0,0,0,0,0,0,0,0,0,0,0,0,0,0,0,0,0,0,0,0,0,0,0,0,0,0,0,0,0,0,0,0,0,0,0
"manyara/mbulu/yaedachini",0,0,0,0,0,0,0,0,0,0,0,0,0,0,0,0,0,0,0,0,0,0,0,0,0,0,0,0,0,0,0,0,0,0,0,0,0,0,0,0,0,0,0,0,0,0,0,0,0,0,0,0,0,0,0,0,0,0,0,0,0,0,0,0,0,0,0,0,0,0,0,0,0,0,0,0,0,0,0,0,0,0,0,0,0,0,0,0,0,0,0,0,0,0,0,0,0,0,0,0,0,0,0,0,0,0,0,0,0,0,0,0,0,0,0,0,0,0,0,0,0,0,0,0,0,0,0,0,0,0,0,0,0,0,0,0,0,0,0,0,0,0,0,0,0,0,0,0,0,0,0,0,0,0,0,0,0,0,0,0,0,0,0,0,0,0,0,0,0,0,0,0,0,0,0,0,0,0,0,0,0,0,0,0,0,0,0,0,0,0,0,0,0,0,0,0,0,0,0,0,0,0,0,0,0,0,0,0,0,0,0,0,0,0,0,0,0,0,0,0,0,0,0,0,0,0,0,0,0,0,0,0,0,0,0,0,0,0,0,0,0,0,0,0,0,0,0,0,0,0,0,0,0,0,0,0,0,0,0,0,0,0,0,0,0,0,0,0,0,0,0,0,0,0,0,0,0,0,0,0,0,0,0,0,0,0,0,0,0,0,0,0,0,0,0,0,0,0,0,0,0,0,0,0,0,0,0,0,0,0,0,0,0,0,0,0,0,0,0,0,0,0,0,0,0,0,0,0,0,0,0,0,0,0,0,0,0,0,0,0,0,0,0,0,0,0,0,0,0,0,0,0,0,0,0,0,0,0,0,0,0,0,0,0,0,0,0,0,0,0,0,0,0,0,0,0,0,0,0,0,0,0,0,0,0,0,0,0,0,0,0,0,0,0,0,0,0,0
