"","arusha/meru/akheri","arusha/ngorongoro/alailelai","kilimanjaro/rombo/aleni","arusha/ngorongoro/arash","manyara/babati/arri","kilimanjaro/moshi/arushachini","manyara/mbulu/ayamaami","manyara/mbulu/ayamohe","manyara/babati/ayasanda","manyara/babatiurban/babati","manyara/babatiurban/bagara","manyara/hanang/balagidalalu","arusha/arusha/bangata","arusha/arushaurban/baraa","arusha/karatu/baray","manyara/mbulu/bargish","manyara/mbulu/bashay","manyara/babati/bashneti","manyara/hanang/bassodesh","manyara/hanang/bassotu","kilimanjaro/same/bendera","kilimanjaro/siha/biriri","manyara/babati/boay","kilimanjaro/moshimunicipal/bomambuzi","kilimanjaro/same/bombo","kilimanjaro/moshimunicipal/bondeni","manyara/babatiurban/bonga","arusha/karatu/buger","manyara/kiteto/bwagamoyo","kilimanjaro/same/bwambo","arusha/arusha/bwawani","manyara/kiteto/chapakazi","kilimanjaro/same/chome","kilimanjaro/mwanga/chomvu","arusha/karatu/daa","manyara/babati/dabil","arusha/arushaurban/darajambili","manyara/babati/dareda","manyara/mbulu/daudi","arusha/ngorongoro/digodigo","manyara/mbulu/dinamu","manyara/hanang/dirma","manyara/kiteto/dongo","manyara/mbulu/dongobesh","manyara/kiteto/dosidosi","manyara/babati/duru","arusha/longido/elengatadapash","arusha/arushaurban/elerai","manyara/simanjiro/emboreet","arusha/karatu/endabash","manyara/mbulu/endagikot","arusha/karatu/endamaghang","arusha/karatu/endamarariek","manyara/mbulu/endamilay","manyara/hanang/endasak","manyara/hanang/endasiwold","manyara/simanjiro/endiantu","manyara/babati/endokise","manyara/simanjiro/endonyongijape","arusha/ngorongoro/endulen","arusha/longido/engarenaibor","arusha/monduli/engaruka","arusha/longido/engikaret","manyara/kiteto/engusero","arusha/ngorongoro/enguserosambu","arusha/arushaurban/engutoto","arusha/monduli/engutoto","manyara/mbulu/eshkesh","arusha/monduli/esilalei","manyara/babati/galapo","arusha/karatu/ganako","manyara/hanang/ganana","kilimanjaro/siha/gararagua","manyara/mbulu/gehandu","manyara/hanang/gehandu","arusha/longido/gelailumbwa","arusha/longido/gelaimeirugoi","manyara/hanang/gendabi","manyara/hanang/getanuwas","manyara/mbulu/geterer","manyara/hanang/gidahababieg","manyara/babati/gidas","manyara/mbulu/gidihim","manyara/hanang/gisambalang","manyara/hanang/giting","manyara/mbulu/gunyoda","kilimanjaro/hai/haimjini","manyara/mbulu/hayderer","manyara/mbulu/haydom","kilimanjaro/same/hedaru","manyara/hanang/hidet","manyara/hanang/hirbadaw","kilimanjaro/rombo/holili","arusha/arusha/ilkidinga","arusha/longido/ilorienito","manyara/mbulu/imboru","kilimanjaro/siha/ivaeny","kilimanjaro/mwanga/jipe","kilimanjaro/moshi/kahe","kilimanjaro/moshi/kahemashariki","manyara/mbulu/kainam","arusha/ngorongoro/kakesio","kilimanjaro/same/kalemawe","arusha/arushaurban/kaloleni","kilimanjaro/moshimunicipal/kaloleni","arusha/longido/kamwanga","arusha/karatu/kansay","kilimanjaro/moshimunicipal/karanga","kilimanjaro/siha/karansi","arusha/karatu/karatu","kilimanjaro/siha/kashisha","kilimanjaro/rombo/katangaramrere","manyara/hanang/katesh","arusha/arushaurban/kati","kilimanjaro/rombo/kelamfuamokala","kilimanjaro/rombo/kenimengeni","kilimanjaro/hai/kia","manyara/kiteto/kibaya","kilimanjaro/moshimunicipal/kiboriloni","kilimanjaro/moshi/kiboshokati","kilimanjaro/moshi/kiboshomagharibi","kilimanjaro/moshi/kiboshomashariki","kilimanjaro/mwanga/kifula","kilimanjaro/mwanga/kighare","kilimanjaro/mwanga/kigoningoni","kilimanjaro/same/kihurio","manyara/kiteto/kijungu","arusha/meru/kikatiti","arusha/meru/kikwe","kilimanjaro/moshi/kilemakaskazini","kilimanjaro/moshi/kilemakati","kilimanjaro/moshi/kilemakusini","kilimanjaro/mwanga/kileo","kilimanjaro/moshimunicipal/kilimanjaro","kilimanjaro/mwanga/kilomeni","arusha/arushaurban/kimandolu","arusha/arusha/kimnyaki","kilimanjaro/moshi/kimochi","arusha/longido/kimokouwa","kilimanjaro/moshi/kindi","arusha/meru/kingori","kilimanjaro/same/kirangare","arusha/arusha/kiranyi","kilimanjaro/moshi/kirima","kilimanjaro/rombo/kirongosamanga","kilimanjaro/mwanga/kirongwe","manyara/babati/kiru","kilimanjaro/moshi/kiruavunjokusini","kilimanjaro/moshi/kiruavunjomagharibi","kilimanjaro/moshi/kiruavunjomashariki","kilimanjaro/rombo/kirwakeni","kilimanjaro/mwanga/kirya","kilimanjaro/rombo/kisalemsaranga","kilimanjaro/same/kisima","kilimanjaro/same/kisiwani","arusha/arusha/kisongo","kilimanjaro/rombo/kitirimakingachi","arusha/longido/kitumbeine","manyara/simanjiro/kitwai","kilimanjaro/moshimunicipal/kiusa","kilimanjaro/mwanga/kivisini","manyara/simanjiro/komolo","kilimanjaro/moshimunicipal/korongoni","kilimanjaro/mwanga/kwakoa","manyara/hanang/laghanga","manyara/hanang/lalaji","kilimanjaro/mwanga/langata","arusha/meru/leguruki","arusha/arushaurban/lemara","kilimanjaro/mwanga/lembeni","manyara/kiteto/lengatei","arusha/monduli/lepurko","arusha/arushaurban/levolosi","manyara/simanjiro/liborsoit","kilimanjaro/siha/livishi","manyara/simanjiro/loiborsiret","arusha/monduli/lolkisale","arusha/longido/longido","kilimanjaro/moshimunicipal/longuob","manyara/kiteto/loolera","kilimanjaro/same/lugulu","arusha/ngorongoro/maalon","kilimanjaro/same/mabilioni","kilimanjaro/moshi/mabogini","kilimanjaro/hai/machamekaskazini","kilimanjaro/hai/machamekusini","kilimanjaro/hai/machamemagharibi","kilimanjaro/hai/machamemashariki","kilimanjaro/hai/machamenarumu","kilimanjaro/hai/machameuroki","kilimanjaro/hai/machameweruweru","manyara/babati/madunga","manyara/babati/magara","manyara/mbulu/maghang","manyara/babati/magugu","manyara/kiteto/magungu","kilimanjaro/rombo/mahida","manyara/babatiurban/maisaka","kilimanjaro/moshimunicipal/majengo","arusha/monduli/majengo","arusha/meru/majiyachai","manyara/kiteto/makame","kilimanjaro/same/makanya","arusha/meru/makiba","kilimanjaro/rombo/makiidi","kilimanjaro/siha/makiwaru","kilimanjaro/moshi/makuyuni","arusha/monduli/makuyuni","arusha/ngorongoro/malambo","kilimanjaro/moshi/mambakaskazini","kilimanjaro/moshi/mambakusini","manyara/babati/mamire","kilimanjaro/rombo/mamsera","kilimanjaro/rombo/manda","arusha/karatu/mangola","kilimanjaro/same/maore","manyara/mbulu/marang","kilimanjaro/rombo/marangukitowo","kilimanjaro/moshi/marangumagharibi","kilimanjaro/moshi/marangumashariki","manyara/mbulu/maretadu","arusha/meru/maroroni","manyara/hanang/masakta","kilimanjaro/hai/masamakati","kilimanjaro/hai/masamakusini","kilimanjaro/hai/masamamagharibi","kilimanjaro/hai/masamamashariki","kilimanjaro/hai/masamarundugai","manyara/mbulu/masieda","manyara/hanang/maskron","manyara/hanang/masqaroda","manyara/mbulu/masqaroda","arusha/longido/matale","arusha/arusha/mateves","manyara/kiteto/matui","kilimanjaro/moshimunicipal/mawenzi","kilimanjaro/moshi/mbokomu","arusha/meru/mbuguni","arusha/karatu/mbulumbulu","kilimanjaro/rombo/mengwe","manyara/simanjiro/mererani","arusha/monduli/meserani","kilimanjaro/moshimunicipal/mfumuni","kilimanjaro/mwanga/mgagao","kilimanjaro/same/mhezi","kilimanjaro/moshimunicipal/miembeni","kilimanjaro/moshimunicipal/mjimpya","arusha/arusha/mlangarini","manyara/hanang/mogitu","arusha/monduli/moita","arusha/arusha/moivo","arusha/monduli/mondulijuu","arusha/monduli/mondulimjini","arusha/arushaurban/moshono","kilimanjaro/rombo/motamburukitendeni","kilimanjaro/same/mpinji","kilimanjaro/rombo/mraokeryo","kilimanjaro/mwanga/msangeni","kilimanjaro/moshimunicipal/msaranga","kilimanjaro/same/mshewa","kilimanjaro/same/msindo","manyara/simanjiro/msituwatembo","arusha/monduli/mswakini","kilimanjaro/same/mtii","arusha/monduli/mtowambu","arusha/longido/mundarara","manyara/mbulu/murray","arusha/arusha/mussa","manyara/babatiurban/mutuka","manyara/babati/mwada","arusha/arusha/mwandeti","kilimanjaro/mwanga/mwanga","kilimanjaro/mwanga/mwaniko","kilimanjaro/same/mwembe","kilimanjaro/moshi/mwikakusini","kilimanjaro/moshi/mwikakaskazini","kilimanjaro/same/myamba","manyara/simanjiro/naberera","manyara/mbulu/nahasey","arusha/ngorongoro/nainokanoka","manyara/simanjiro/naisinyai","arusha/ngorongoro/naiyobi","arusha/longido/namanga","manyara/mbulu/nambisi","manyara/kiteto/namelock","manyara/babatiurban/nangara","manyara/hanang/nangwa","kilimanjaro/rombo/nanjarareha","manyara/babati/nar","kilimanjaro/siha/nasai","manyara/kiteto/ndedo","kilimanjaro/siha/ndumeti","kilimanjaro/same/ndungu","arusha/arusha/nduruma","kilimanjaro/moshimunicipal/ngambo","kilimanjaro/siha/ngarenairobi","arusha/meru/ngarenanyuki","arusha/arushaurban/ngarenaro","manyara/simanjiro/ngorika","arusha/ngorongoro/ngorongoro","kilimanjaro/rombo/ngoyoni","kilimanjaro/mwanga/ngujini","kilimanjaro/moshimunicipal/njoro","kilimanjaro/same/njoro","manyara/kiteto/njoro","manyara/babati/nkaiti","arusha/meru/nkoanrua","arusha/meru/nkoaranga","arusha/meru/nkoarisambu","kilimanjaro/moshi/okaoni","arusha/arushaurban/olasiti","arusha/ngorongoro/olbalbal","manyara/kiteto/olboroti","kilimanjaro/moshi/oldmoshimagharibi","kilimanjaro/moshi/oldmoshimashariki","arusha/karatu/oldean","arusha/ngorongoro/oldonyosambu","arusha/arusha/oldonyosambu","kilimanjaro/rombo/olele","arusha/arusha/oljoro","manyara/simanjiro/oljorono","arusha/arusha/olkokola","kilimanjaro/siha/olkolili","arusha/longido/olmolog","arusha/arusha/olmotonyi","arusha/ngorongoro/oloipiri","arusha/ngorongoro/oloirien","arusha/arushaurban/oloirieni","arusha/ngorongoro/ololosokwan","arusha/arusha/olorieni","arusha/arusha/oltoroto","arusha/arusha/oltrumet","arusha/longido/orbomba","arusha/ngorongoro/orgosorok","manyara/simanjiro/orkesmet","manyara/kiteto/partimbo","kilimanjaro/moshimunicipal/pasua","arusha/ngorongoro/pinyinyi","arusha/meru/poli","manyara/babati/qashi","arusha/karatu/qurus","kilimanjaro/moshimunicipal/rau","arusha/karatu/rhotia","manyara/babati/riroda","kilimanjaro/same/ruvu","manyara/simanjiro/ruvuremiti","arusha/ngorongoro/sale","arusha/arusha/sambasha","kilimanjaro/same/same","arusha/ngorongoro/samunge","manyara/mbulu/sanubaray","kilimanjaro/siha/sanyajuu","arusha/meru/seelasingisi","arusha/arushaurban/sekei","arusha/monduli/selela","arusha/monduli/sepeko","manyara/simanjiro/shambarai","kilimanjaro/mwanga/shighatini","kilimanjaro/rombo/shimbi","kilimanjaro/moshimunicipal/shirimatunda","manyara/babatiurban/sigino","manyara/hanang/simbay","manyara/babatiurban/singe","manyara/hanang/sirop","arusha/ngorongoro/soitsambu","arusha/arusha/sokonii","arusha/arushaurban/sokonii","arusha/arushaurban/sombetini","manyara/kiteto/songambele","arusha/meru/songoro","kilimanjaro/moshimunicipal/soweto","kilimanjaro/same/stesheni","kilimanjaro/same/suji","manyara/kiteto/sunya","kilimanjaro/rombo/tarakeamotamburu","arusha/arushaurban/terrat","manyara/simanjiro/terrat","arusha/arushaurban/themi","arusha/longido/tingatinga","manyara/mbulu/tlawi","kilimanjaro/mwanga/toloha","manyara/mbulu/tumati","kilimanjaro/rombo/ubetukahe","manyara/babati/ufana","manyara/mbulu/uhuru","arusha/arushaurban/ungaltd","kilimanjaro/moshi/urukaskazini","kilimanjaro/moshi/urukusini","kilimanjaro/moshi/urumashariki","kilimanjaro/moshi/urushimbwe","arusha/meru/usariver","kilimanjaro/rombo/ushiriikuini","kilimanjaro/same/vudee","kilimanjaro/same/vuje","kilimanjaro/same/vumari","kilimanjaro/same/vunta","manyara/mbulu/yaedaampa","manyara/mbulu/yaedachini"
"arusha/meru/akheri",0,0,0,0,0,0,0,0,0,0,0,0,0,0,0,0,0,0,0,0,0,0,0,0,0,0,0,0,0,0,0,0,0,0,0,0,0,0,0,0,0,0,0,0,0,0,0,0,0,0,0,0,0,0,0,0,0,0,0,0,0,0,0,0,0,0,0,0,0,0,0,0,0,0,0,0,0,0,0,0,0,0,0,0,0,0,0,0,0,0,0,0,0,0,0,0,0,0,0,0,0,0,0,0,0,0,0,0,0,0,0,0,0,0,0,0,0,0,0,0,0,0,0,0,0,0,0,0,0,0,0,0,0,0,0,0,0,0,0,0,0,0,0,0,0,0,0,0,0,0,0,0,0,0,0,0,0,0,0,0,0,0,0,0,0,0,0,0,0,0,0,0,0,0,0,0,0,0,0,0,0,0,0,0,0,0,0,0,0,0,0,0,0,0,0,0,0,0,0,0,0,0,0,0,0,0,0,0,0,0,0,0,0,0,0,0,0,0,0,0,0,0,0,0,0,0,0,0,0,0,0,0,0,0,0,0,0,0,0,0,0,0,0,0,0,0,0,0,0,0,0,0,0,0,0,0,0,0,0,0,0,0,0,0,0,0,0,0,0,0,0,0,0,0,0,0,0,0,0,0,0,0,0,0,0,0,0,0,0,0,0,0,0,0,0,0,0,0,0,0,0,0,0,0,0,0,0,0,0,0,0,0,0,0,0,0,0,0,0,0,0,0,0,0,0,0,0,0,0,0,0,0,0,0,0,0,0,0,0,0,0,0,0,0,0,0,0,0,0,0,0,0,0,0,0,0,0,0,0,0,0,0,0,0,0,0,0,0,0,0,0,0,0,0,0,0,0,0,0,0,0,0,0,0,0,0,0,0,0,0,0,0,0,0,0,0,0,0
"arusha/ngorongoro/alailelai",0,0,0,0,0,0,0,0,0,0,0,0,0,0,0,0,0,0,0,0,0,0,0,0,0,0,0,0,0,0,0,0,0,0,0,0,0,0,0,0,0,0,0,0,0,0,0,0,0,0,0,0,0,0,0,0,0,0,0,0,0,0,0,0,0,0,0,0,0,0,0,0,0,0,0,0,0,0,0,0,0,0,0,0,0,0,0,0,0,0,0,0,0,0,0,0,0,0,0,0,0,0,0,0,0,0,0,0,0,0,0,0,0,0,0,0,0,0,0,0,0,0,0,0,0,0,0,0,0,0,0,0,0,0,0,0,0,0,0,0,0,0,0,0,0,0,0,0,0,0,0,0,0,0,0,0,0,0,0,0,0,0,0,0,0,0,0,0,0,0,0,0,0,0,0,0,0,0,0,0,0,0,0,0,0,0,0,0,0,0,0,0,0,0,0,0,0,0,0,0,0,0,0,0,0,0,0,0,0,0,0,0,0,0,0,0,0,0,0,0,0,0,0,0,0,0,0,0,0,0,0,0,0,0,0,0,0,0,0,0,0,0,0,0,0,0,0,0,0,0,0,0,0,0,0,0,0,0,0,0,0,0,0,0,0,0,0,0,0,0,0,0,0,0,0,0,0,0,0,0,0,0,0,0,0,0,0,0,0,0,0,0,0,0,0,0,0,0,0,0,0,0,0,0,0,0,0,0,0,0,0,0,0,0,0,0,0,0,0,0,0,0,0,0,0,0,0,0,0,0,0,0,0,0,0,0,0,0,0,0,0,0,0,0,0,0,0,0,0,0,0,0,0,0,0,0,0,0,0,0,0,0,0,0,0,0,0,0,0,0,0,0,0,0,0,0,0,0,0,0,0,0,0,0,0,0,0,0,0,0,0,0,0,0,0,0,0,0
"kilimanjaro/rombo/aleni",0,0,0,0,0,0,0,0,0,0,0,0,0,0,0,0,0,0,0,0,0,0,0,0,0,0,0,0,0,0,0,0,0,0,0,0,0,0,0,0,0,0,0,0,0,0,0,0,0,0,0,0,0,0,0,0,0,0,0,0,0,0,0,0,0,0,0,0,0,0,0,0,0,0,0,0,0,0,0,0,0,0,0,0,0,0,0,0,0,0,0,0,0,0,0,0,0,0,0,0,0,0,0,0,0,0,0,0,0,0,0,0,0,0,0,0,0,0,0,0,0,0,0,0,0,0,0,0,0,0,0,0,0,0,0,0,0,0,0,0,0,0,0,0,0,0,0,0,0,0,0,0,0,0,0,0,0,0,0,0,0,0,0,0,0,0,0,0,0,0,0,0,0,0,0,0,0,0,0,0,0,0,0,0,0,0,0,0,0,0,0,0,0,0,0,0,0,0,0,0,0,0,0,0,0,0,0,0,0,0,0,0,0,0,0,0,0,0,0,0,0,0,0,0,0,0,0,0,0,0,0,0,0,0,0,0,0,0,0,0,0,0,0,0,0,0,0,0,0,0,0,0,0,0,0,0,0,0,0,0,0,0,0,0,0,0,0,0,0,0,0,0,0,0,0,0,0,0,0,0,0,0,0,0,0,0,0,0,0,0,0,0,0,0,0,0,0,0,0,0,0,0,0,0,0,0,0,0,0,0,0,0,0,0,0,0,0,0,0,0,0,0,0,0,0,0,0,0,0,0,0,0,0,0,0,0,0,0,0,0,0,0,0,0,0,0,0,0,0,0,0,0,0,0,0,0,0,0,0,0,0,0,0,0,0,0,0,0,0,0,0,0,0,0,0,0,0,0,0,0,0,0,0,0,0,0,0,0,0,0,0,0,0,0,0,0,0,0
"arusha/ngorongoro/arash",5e-06,2.6e-05,1e-06,0,0,2.1e-05,0,0,0,3.8e-05,1e-06,0,4e-06,5.6e-05,2.1e-05,1e-06,1e-06,1e-06,0,1e-06,0,5e-06,0,0,0,0,0,1e-06,0,0,1.5e-05,0,0,0,8e-06,0,5e-06,1.1e-05,2e-06,0.000479,0,0,1.9e-05,1e-05,3e-06,0,7e-06,0.001352,7.4e-05,2e-06,0,2e-06,1e-06,0,7e-06,0,1e-06,0,1.1e-05,0.002523,6.7e-05,0.000208,5e-05,1e-06,0,3.4e-05,2.3e-05,0,1e-05,2.8e-05,2e-06,0,1e-06,5e-06,1e-06,0.000245,3e-05,0,0,0,0,1e-06,0,0,0,0,0.000171,0,1e-05,6e-05,0,0,0.000164,3.3e-05,6e-06,2.2e-05,1.2e-05,0,6.8e-05,1.8e-05,0,2e-06,1.2e-05,9e-06,2e-06,0.000147,1e-06,1.6e-05,8e-06,0.000195,9e-06,5.6e-05,4e-06,0,1e-06,1e-06,5.7e-05,0,8.8e-05,9e-06,5e-06,0.000172,0,2e-06,0,5e-06,1.4e-05,0.000292,1.8e-05,1e-06,0,1.8e-05,3.3e-05,4e-06,0,3.1e-05,2e-06,1.1e-05,0.000543,2.6e-05,1.2e-05,0,1.1e-05,2e-06,1e-06,2.4e-05,0,3.7e-05,3.3e-05,1e-05,1e-06,0,1e-06,0,2.1e-05,0.000347,3e-06,1.3e-05,2e-06,0.001265,5e-06,5.2e-05,0,1e-06,0,0,6e-06,7e-06,5.7e-05,2e-06,5e-06,0.000143,0.000931,8e-06,3e-06,1.1e-05,0.000114,1e-06,2.6e-05,8e-06,0,0.000599,3.3e-05,4e-06,0.000182,0.003081,0,1e-06,8.7e-05,2.7e-05,6e-06,2e-06,7e-06,0,2.7e-05,1e-06,1e-06,0,3e-05,1e-06,1e-04,4e-06,1.9e-05,0,4.7e-05,4e-06,0.000265,9.3e-05,0.002877,1e-06,1e-06,1e-06,9.1e-05,0,1e-06,5e-06,0,0.000448,4e-06,2.3e-05,0,0,0,1e-06,0.000102,2e-06,0.000159,1e-06,2e-06,0,0,0,0.00099,0.000112,2e-06,0,1e-06,1.4e-05,7.8e-05,0,8e-06,0.000874,0,0.000512,0,0,2e-06,4e-05,0,4e-06,0.000312,0.000592,1e-06,7.6e-05,2.9e-05,1e-05,1e-06,2e-06,0,0,0,9e-06,0,0,0.000133,1e-05,0,0.000122,0,6e-06,0.000113,6e-05,0,0,0.000241,1e-06,1.1e-05,2.1e-05,0,2.9e-05,3e-06,5e-06,0.002117,1e-06,0,0,0,2e-06,0,1e-06,2e-06,9e-06,1e-06,0.000195,7e-06,1.5e-05,0.000131,2e-06,1e-05,9.9e-05,0,0,0,5e-06,0,0.000127,7e-06,1e-06,1e-06,1e-06,8.8e-05,0.000251,1e-06,0,4e-06,1e-06,3.3e-05,0.000301,0.000159,9.1e-05,8e-06,0.00014,1.4e-05,9.6e-05,0.000846,0.002658,0.003151,2e-06,0.000108,2.2e-05,3.3e-05,1.5e-05,0.002064,0.003287,2.2e-05,0,2e-06,0.000104,0.00021,1e-06,1e-06,0,1e-06,0,4.1e-05,7e-06,0.000604,4.3e-05,3.3e-05,0.000693,0,3.8e-05,3e-06,0.000377,0.000106,4e-05,2.7e-05,2e-06,1e-06,6e-06,0,0,0,0,0.000109,0.000252,6.5e-05,0.000152,1e-06,2.7e-05,2e-06,0,0,1e-06,1e-06,1.4e-05,7e-06,1e-06,0.000226,0,0,0,0.000329,2e-06,0,7e-06,1e-06,6.5e-05,1.2e-05,0,8.9e-05,0,0,1e-06,0,0,0,0
"manyara/babati/arri",0,0,0,0,0,0,0,0,0,0,0,0,0,0,0,0,0,0,0,0,0,0,0,0,0,0,0,0,0,0,0,0,0,0,0,0,0,0,0,0,0,0,0,0,0,0,0,0,0,0,0,0,0,0,0,0,0,0,0,0,0,0,0,0,0,0,0,0,0,0,0,0,0,0,0,0,0,0,0,0,0,0,0,0,0,0,0,0,0,0,0,0,0,0,0,0,0,0,0,0,0,0,0,0,0,0,0,0,0,0,0,0,0,0,0,0,0,0,0,0,0,0,0,0,0,0,0,0,0,0,0,0,0,0,0,0,0,0,0,0,0,0,0,0,0,0,0,0,0,0,0,0,0,0,0,0,0,0,0,0,0,0,0,0,0,0,0,0,0,0,0,0,0,0,0,0,0,0,0,0,0,0,0,0,0,0,0,0,0,0,0,0,0,0,0,0,0,0,0,0,0,0,0,0,0,0,0,0,0,0,0,0,0,0,0,0,0,0,0,0,0,0,0,0,0,0,0,0,0,0,0,0,0,0,0,0,0,0,0,0,0,0,0,0,0,0,0,0,0,0,0,0,0,0,0,0,0,0,0,0,0,0,0,0,0,0,0,0,0,0,0,0,0,0,0,0,0,0,0,0,0,0,0,0,0,0,0,0,0,0,0,0,0,0,0,0,0,0,0,0,0,0,0,0,0,0,0,0,0,0,0,0,0,0,0,0,0,0,0,0,0,0,0,0,0,0,0,0,0,0,0,0,0,0,0,0,0,0,0,0,0,0,0,0,0,0,0,0,0,0,0,0,0,0,0,0,0,0,0,0,0,0,0,0,0,0,0,0,0,0,0,0,0,0,0,0,0,0,0,0,0,0,0,0,0,0,0,0,0,0,0,0,0,0,0,0,0,0
"kilimanjaro/moshi/arushachini",0,0,0,0,0,0,0,0,0,0,0,0,0,0,0,0,0,0,0,0,0,0,0,0,0,0,0,0,0,0,0,0,0,0,0,0,0,0,0,0,0,0,0,0,0,0,0,0,0,0,0,0,0,0,0,0,0,0,0,0,0,0,0,0,0,0,0,0,0,0,0,0,0,0,0,0,0,0,0,0,0,0,0,0,0,0,0,0,0,0,0,0,0,0,0,0,0,0,0,0,0,0,0,0,0,0,0,0,0,0,0,0,0,0,0,0,0,0,0,0,0,0,0,0,0,0,0,0,0,0,0,0,0,0,0,0,0,0,0,0,0,0,0,0,0,0,0,0,0,0,0,0,0,0,0,0,0,0,0,0,0,0,0,0,0,0,0,0,0,0,0,0,0,0,0,0,0,0,0,0,0,0,0,0,0,0,0,0,0,0,0,0,0,0,0,0,0,0,0,0,0,0,0,0,0,0,0,0,0,0,0,0,0,0,0,0,0,0,0,0,0,0,0,0,0,0,0,0,0,0,0,0,0,0,0,0,0,0,0,0,0,0,0,0,0,0,0,0,0,0,0,0,0,0,0,0,0,0,0,0,0,0,0,0,0,0,0,0,0,0,0,0,0,0,0,0,0,0,0,0,0,0,0,0,0,0,0,0,0,0,0,0,0,0,0,0,0,0,0,0,0,0,0,0,0,0,0,0,0,0,0,0,0,0,0,0,0,0,0,0,0,0,0,0,0,0,0,0,0,0,0,0,0,0,0,0,0,0,0,0,0,0,0,0,0,0,0,0,0,0,0,0,0,0,0,0,0,0,0,0,0,0,0,0,0,0,0,0,0,0,0,0,0,0,0,0,0,0,0,0,0,0,0,0,0,0,0,0,0,0,0,0,0,0,0,0,0,0
"manyara/mbulu/ayamaami",0,0,0,0,0,0,0,0,0,0,0,0,0,0,0,0,0,0,0,0,0,0,0,0,0,0,0,0,0,0,0,0,0,0,0,0,0,0,0,0,0,0,0,0,0,0,0,0,0,0,0,0,0,0,0,0,0,0,0,0,0,0,0,0,0,0,0,0,0,0,0,0,0,0,0,0,0,0,0,0,0,0,0,0,0,0,0,0,0,0,0,0,0,0,0,0,0,0,0,0,0,0,0,0,0,0,0,0,0,0,0,0,0,0,0,0,0,0,0,0,0,0,0,0,0,0,0,0,0,0,0,0,0,0,0,0,0,0,0,0,0,0,0,0,0,0,0,0,0,0,0,0,0,0,0,0,0,0,0,0,0,0,0,0,0,0,0,0,0,0,0,0,0,0,0,0,0,0,0,0,0,0,0,0,0,0,0,0,0,0,0,0,0,0,0,0,0,0,0,0,0,0,0,0,0,0,0,0,0,0,0,0,0,0,0,0,0,0,0,0,0,0,0,0,0,0,0,0,0,0,0,0,0,0,0,0,0,0,0,0,0,0,0,0,0,0,0,0,0,0,0,0,0,0,0,0,0,0,0,0,0,0,0,0,0,0,0,0,0,0,0,0,0,0,0,0,0,0,0,0,0,0,0,0,0,0,0,0,0,0,0,0,0,0,0,0,0,0,0,0,0,0,0,0,0,0,0,0,0,0,0,0,0,0,0,0,0,0,0,0,0,0,0,0,0,0,0,0,0,0,0,0,0,0,0,0,0,0,0,0,0,0,0,0,0,0,0,0,0,0,0,0,0,0,0,0,0,0,0,0,0,0,0,0,0,0,0,0,0,0,0,0,0,0,0,0,0,0,0,0,0,0,0,0,0,0,0,0,0,0,0,0,0,0,0,0,0,0
"manyara/mbulu/ayamohe",0,0,0,0,0,0,0,0,0,0,0,0,0,0,0,0,0,0,0,0,0,0,0,0,0,0,0,0,0,0,0,0,0,0,0,0,0,0,0,0,0,0,0,0,0,0,0,0,0,0,0,0,0,0,0,0,0,0,0,0,0,0,0,0,0,0,0,0,0,0,0,0,0,0,0,0,0,0,0,0,0,0,0,0,0,0,0,0,0,0,0,0,0,0,0,0,0,0,0,0,0,0,0,0,0,0,0,0,0,0,0,0,0,0,0,0,0,0,0,0,0,0,0,0,0,0,0,0,0,0,0,0,0,0,0,0,0,0,0,0,0,0,0,0,0,0,0,0,0,0,0,0,0,0,0,0,0,0,0,0,0,0,0,0,0,0,0,0,0,0,0,0,0,0,0,0,0,0,0,0,0,0,0,0,0,0,0,0,0,0,0,0,0,0,0,0,0,0,0,0,0,0,0,0,0,0,0,0,0,0,0,0,0,0,0,0,0,0,0,0,0,0,0,0,0,0,0,0,0,0,0,0,0,0,0,0,0,0,0,0,0,0,0,0,0,0,0,0,0,0,0,0,0,0,0,0,0,0,0,0,0,0,0,0,0,0,0,0,0,0,0,0,0,0,0,0,0,0,0,0,0,0,0,0,0,0,0,0,0,0,0,0,0,0,0,0,0,0,0,0,0,0,0,0,0,0,0,0,0,0,0,0,0,0,0,0,0,0,0,0,0,0,0,0,0,0,0,0,0,0,0,0,0,0,0,0,0,0,0,0,0,0,0,0,0,0,0,0,0,0,0,0,0,0,0,0,0,0,0,0,0,0,0,0,0,0,0,0,0,0,0,0,0,0,0,0,0,0,0,0,0,0,0,0,0,0,0,0,0,0,0,0,0,0,0,0,0,0
"manyara/babati/ayasanda",0,0,0,0,0,0,0,0,0,0,0,0,0,0,0,0,0,0,0,0,0,0,0,0,0,0,0,0,0,0,0,0,0,0,0,0,0,0,0,0,0,0,0,0,0,0,0,0,0,0,0,0,0,0,0,0,0,0,0,0,0,0,0,0,0,0,0,0,0,0,0,0,0,0,0,0,0,0,0,0,0,0,0,0,0,0,0,0,0,0,0,0,0,0,0,0,0,0,0,0,0,0,0,0,0,0,0,0,0,0,0,0,0,0,0,0,0,0,0,0,0,0,0,0,0,0,0,0,0,0,0,0,0,0,0,0,0,0,0,0,0,0,0,0,0,0,0,0,0,0,0,0,0,0,0,0,0,0,0,0,0,0,0,0,0,0,0,0,0,0,0,0,0,0,0,0,0,0,0,0,0,0,0,0,0,0,0,0,0,0,0,0,0,0,0,0,0,0,0,0,0,0,0,0,0,0,0,0,0,0,0,0,0,0,0,0,0,0,0,0,0,0,0,0,0,0,0,0,0,0,0,0,0,0,0,0,0,0,0,0,0,0,0,0,0,0,0,0,0,0,0,0,0,0,0,0,0,0,0,0,0,0,0,0,0,0,0,0,0,0,0,0,0,0,0,0,0,0,0,0,0,0,0,0,0,0,0,0,0,0,0,0,0,0,0,0,0,0,0,0,0,0,0,0,0,0,0,0,0,0,0,0,0,0,0,0,0,0,0,0,0,0,0,0,0,0,0,0,0,0,0,0,0,0,0,0,0,0,0,0,0,0,0,0,0,0,0,0,0,0,0,0,0,0,0,0,0,0,0,0,0,0,0,0,0,0,0,0,0,0,0,0,0,0,0,0,0,0,0,0,0,0,0,0,0,0,0,0,0,0,0,0,0,0,0,0,0,0
"manyara/babatiurban/babati",0.000114,3.8e-05,1e-05,0.000153,0.00042,0.00046,3.9e-05,4.6e-05,0.000434,0,0.007383,3.4e-05,8.4e-05,0.00133,0.000909,0.000105,6.2e-05,0.00057,3.6e-05,0.000117,1e-05,5.4e-05,0.000292,9e-06,8e-06,3e-06,0.0014,5.1e-05,4e-06,1.2e-05,0.000766,2.7e-05,5e-06,6e-06,0.000103,0.000218,0.000132,0.009319,0.000153,0.000197,6.7e-05,3.2e-05,0.000535,0.002488,0.000115,0.000422,5e-05,0.031542,0.011517,4.8e-05,6.8e-05,3.1e-05,4.3e-05,5.3e-05,0.004859,7.6e-05,1.7e-05,0.000313,0.00046,0.005876,0.000183,0.000631,0.000453,6.9e-05,0,0.000927,0.000471,2.4e-05,0.000425,0.017852,2.1e-05,1.1e-05,1.7e-05,0.001159,0.000107,0.000323,5.6e-05,3.5e-05,1.8e-05,2.8e-05,5.7e-05,0.000776,6.8e-05,4.8e-05,0.000217,3.4e-05,0.003417,4.2e-05,0.000747,0.001136,4.9e-05,2e-05,0.002864,0.000618,2.6e-05,0.004589,0.000196,4e-06,0.00144,0.000347,1e-04,1.9e-05,0.000286,0.000201,4.5e-05,0.001663,4.6e-05,0.000292,0.000123,0.002676,0.000138,0.000833,0.001164,5e-06,1.3e-05,9e-06,0.00127,1.7e-05,0.001598,0.000144,5.5e-05,0.002747,9e-06,3.6e-05,4e-06,0.000118,0.000438,0.004447,0.000469,1e-05,8e-06,0.000225,0.000655,6.6e-05,3e-06,0.000729,4e-05,0.000188,0.003189,0.00047,0.000242,7e-06,0.000258,4.3e-05,1.7e-05,0.000516,0.000633,0.000693,0.000564,0.000188,8e-06,8e-06,1.4e-05,1.2e-05,0.000458,0.008853,2.6e-05,4.3e-05,7.8e-05,0.023313,9.7e-05,0.003012,4e-06,2.5e-05,2.1e-05,2.8e-05,0.000138,0.000122,0.001511,5.8e-05,0.000146,0.002615,0.021843,0.000288,4.8e-05,0.001361,0.009715,9e-06,0.00047,0.000332,4e-06,3.9e-05,0.000931,8.1e-05,0.002957,0.086546,6e-06,1.1e-05,0.001524,0.000459,0.000129,0.001966,0.000827,4.9e-05,0.022988,3.4e-05,1e-05,0.001888,0.000548,1.5e-05,0.002118,0.000478,0.000362,1e-05,0.000738,6.7e-05,0.004858,0.003036,0.000514,1.2e-05,1e-05,0.000395,0.001531,4e-06,1.6e-05,0.000117,3.3e-05,0.006585,6.3e-05,0.000391,5.9e-05,1e-05,0.000182,1.2e-05,0.001887,4.2e-05,0.002546,2.3e-05,0.00019,6.7e-05,0.000101,5.5e-05,0.001951,0.003322,0.000132,1e-06,1.2e-05,0.000308,0.000535,8e-06,0.000241,0.067373,4e-06,0.008616,6e-06,9e-06,3e-05,0.001069,7.1e-05,0.000169,0.007069,0.005345,2.2e-05,0.001954,0.000368,0.000241,1.1e-05,5e-05,7e-06,7e-06,6e-06,0.000155,3.2e-05,7e-06,0.002372,3.8e-05,0.000223,0.002666,0.001834,0.003109,0.002067,0.001335,8e-06,8e-06,0.00418,2.2e-05,0.000276,0.000863,0.00015,0.000141,9.4e-05,1.1e-05,0.012271,0.000396,1.5e-05,0.004454,3.8e-05,2.4e-05,0.000204,1e-05,0.000126,0.000106,2.1e-05,0.005614,0.00012,0.000211,0.001447,3.8e-05,0.000313,0.000612,4e-06,3e-06,8e-06,0.000116,3e-05,0.017458,0.000156,1.9e-05,1.2e-05,1e-05,0.001619,0.000211,1e-04,7e-06,7.7e-05,1.8e-05,1.3e-05,0.002966,0.002335,0.002479,0.000448,0.002408,0.000264,0.001004,0.012228,0.000329,0.000411,5.9e-05,4.9e-05,0.000496,0.000722,0.00031,0.010227,0.001279,0.000768,2.1e-05,4.2e-05,6.5e-05,0.004685,0.000604,2.3e-05,7e-06,2.2e-05,0.000752,0.00123,0.000212,0.00013,0.000761,0.000861,0.000172,4.6e-05,0.000619,6e-05,0.008849,0.00106,0.001174,0.000766,4.4e-05,1.6e-05,0.000121,0.001267,6e-05,0.002596,4.5e-05,3.3e-05,0.005592,0.001223,0.003814,3.2e-05,0.000515,4.6e-05,3e-06,9e-06,3.8e-05,1.9e-05,0.000429,0.000441,1.4e-05,0.0015,6.1e-05,4e-06,0.000127,0.004667,0.000802,3.6e-05,0.00016,1e-05,0.001135,0.000204,7e-06,0.00209,8e-06,8e-06,1.6e-05,3e-06,4e-06,0.000102,3.2e-05
"manyara/babatiurban/bagara",0,0,0,0,0,0,0,0,0,0,0,0,0,0,0,0,0,0,0,0,0,0,0,0,0,0,0,0,0,0,0,0,0,0,0,0,0,0,0,0,0,0,0,0,0,0,0,0,0,0,0,0,0,0,0,0,0,0,0,0,0,0,0,0,0,0,0,0,0,0,0,0,0,0,0,0,0,0,0,0,0,0,0,0,0,0,0,0,0,0,0,0,0,0,0,0,0,0,0,0,0,0,0,0,0,0,0,0,0,0,0,0,0,0,0,0,0,0,0,0,0,0,0,0,0,0,0,0,0,0,0,0,0,0,0,0,0,0,0,0,0,0,0,0,0,0,0,0,0,0,0,0,0,0,0,0,0,0,0,0,0,0,0,0,0,0,0,0,0,0,0,0,0,0,0,0,0,0,0,0,0,0,0,0,0,0,0,0,0,0,0,0,0,0,0,0,0,0,0,0,0,0,0,0,0,0,0,0,0,0,0,0,0,0,0,0,0,0,0,0,0,0,0,0,0,0,0,0,0,0,0,0,0,0,0,0,0,0,0,0,0,0,0,0,0,0,0,0,0,0,0,0,0,0,0,0,0,0,0,0,0,0,0,0,0,0,0,0,0,0,0,0,0,0,0,0,0,0,0,0,0,0,0,0,0,0,0,0,0,0,0,0,0,0,0,0,0,0,0,0,0,0,0,0,0,0,0,0,0,0,0,0,0,0,0,0,0,0,0,0,0,0,0,0,0,0,0,0,0,0,0,0,0,0,0,0,0,0,0,0,0,0,0,0,0,0,0,0,0,0,0,0,0,0,0,0,0,0,0,0,0,0,0,0,0,0,0,0,0,0,0,0,0,0,0,0,0,0,0,0,0,0,0,0,0,0,0,0,0,0,0,0,0,0,0,0,0,0
"manyara/hanang/balagidalalu",0,0,0,0,0,0,0,0,0,0,0,0,0,0,0,0,0,0,0,0,0,0,0,0,0,0,0,0,0,0,0,0,0,0,0,0,0,0,0,0,0,0,0,0,0,0,0,0,0,0,0,0,0,0,0,0,0,0,0,0,0,0,0,0,0,0,0,0,0,0,0,0,0,0,0,0,0,0,0,0,0,0,0,0,0,0,0,0,0,0,0,0,0,0,0,0,0,0,0,0,0,0,0,0,0,0,0,0,0,0,0,0,0,0,0,0,0,0,0,0,0,0,0,0,0,0,0,0,0,0,0,0,0,0,0,0,0,0,0,0,0,0,0,0,0,0,0,0,0,0,0,0,0,0,0,0,0,0,0,0,0,0,0,0,0,0,0,0,0,0,0,0,0,0,0,0,0,0,0,0,0,0,0,0,0,0,0,0,0,0,0,0,0,0,0,0,0,0,0,0,0,0,0,0,0,0,0,0,0,0,0,0,0,0,0,0,0,0,0,0,0,0,0,0,0,0,0,0,0,0,0,0,0,0,0,0,0,0,0,0,0,0,0,0,0,0,0,0,0,0,0,0,0,0,0,0,0,0,0,0,0,0,0,0,0,0,0,0,0,0,0,0,0,0,0,0,0,0,0,0,0,0,0,0,0,0,0,0,0,0,0,0,0,0,0,0,0,0,0,0,0,0,0,0,0,0,0,0,0,0,0,0,0,0,0,0,0,0,0,0,0,0,0,0,0,0,0,0,0,0,0,0,0,0,0,0,0,0,0,0,0,0,0,0,0,0,0,0,0,0,0,0,0,0,0,0,0,0,0,0,0,0,0,0,0,0,0,0,0,0,0,0,0,0,0,0,0,0,0,0,0,0,0,0,0,0,0,0,0,0,0,0,0,0,0,0,0,0
"arusha/arusha/bangata",0,0,0,0,0,0,0,0,0,0,0,0,0,0,0,0,0,0,0,0,0,0,0,0,0,0,0,0,0,0,0,0,0,0,0,0,0,0,0,0,0,0,0,0,0,0,0,0,0,0,0,0,0,0,0,0,0,0,0,0,0,0,0,0,0,0,0,0,0,0,0,0,0,0,0,0,0,0,0,0,0,0,0,0,0,0,0,0,0,0,0,0,0,0,0,0,0,0,0,0,0,0,0,0,0,0,0,0,0,0,0,0,0,0,0,0,0,0,0,0,0,0,0,0,0,0,0,0,0,0,0,0,0,0,0,0,0,0,0,0,0,0,0,0,0,0,0,0,0,0,0,0,0,0,0,0,0,0,0,0,0,0,0,0,0,0,0,0,0,0,0,0,0,0,0,0,0,0,0,0,0,0,0,0,0,0,0,0,0,0,0,0,0,0,0,0,0,0,0,0,0,0,0,0,0,0,0,0,0,0,0,0,0,0,0,0,0,0,0,0,0,0,0,0,0,0,0,0,0,0,0,0,0,0,0,0,0,0,0,0,0,0,0,0,0,0,0,0,0,0,0,0,0,0,0,0,0,0,0,0,0,0,0,0,0,0,0,0,0,0,0,0,0,0,0,0,0,0,0,0,0,0,0,0,0,0,0,0,0,0,0,0,0,0,0,0,0,0,0,0,0,0,0,0,0,0,0,0,0,0,0,0,0,0,0,0,0,0,0,0,0,0,0,0,0,0,0,0,0,0,0,0,0,0,0,0,0,0,0,0,0,0,0,0,0,0,0,0,0,0,0,0,0,0,0,0,0,0,0,0,0,0,0,0,0,0,0,0,0,0,0,0,0,0,0,0,0,0,0,0,0,0,0,0,0,0,0,0,0,0,0,0,0,0,0,0,0,0
"arusha/arushaurban/baraa",0,0,0,0,0,0,0,0,0,0,0,0,0,0,0,0,0,0,0,0,0,0,0,0,0,0,0,0,0,0,0,0,0,0,0,0,0,0,0,0,0,0,0,0,0,0,0,0,0,0,0,0,0,0,0,0,0,0,0,0,0,0,0,0,0,0,0,0,0,0,0,0,0,0,0,0,0,0,0,0,0,0,0,0,0,0,0,0,0,0,0,0,0,0,0,0,0,0,0,0,0,0,0,0,0,0,0,0,0,0,0,0,0,0,0,0,0,0,0,0,0,0,0,0,0,0,0,0,0,0,0,0,0,0,0,0,0,0,0,0,0,0,0,0,0,0,0,0,0,0,0,0,0,0,0,0,0,0,0,0,0,0,0,0,0,0,0,0,0,0,0,0,0,0,0,0,0,0,0,0,0,0,0,0,0,0,0,0,0,0,0,0,0,0,0,0,0,0,0,0,0,0,0,0,0,0,0,0,0,0,0,0,0,0,0,0,0,0,0,0,0,0,0,0,0,0,0,0,0,0,0,0,0,0,0,0,0,0,0,0,0,0,0,0,0,0,0,0,0,0,0,0,0,0,0,0,0,0,0,0,0,0,0,0,0,0,0,0,0,0,0,0,0,0,0,0,0,0,0,0,0,0,0,0,0,0,0,0,0,0,0,0,0,0,0,0,0,0,0,0,0,0,0,0,0,0,0,0,0,0,0,0,0,0,0,0,0,0,0,0,0,0,0,0,0,0,0,0,0,0,0,0,0,0,0,0,0,0,0,0,0,0,0,0,0,0,0,0,0,0,0,0,0,0,0,0,0,0,0,0,0,0,0,0,0,0,0,0,0,0,0,0,0,0,0,0,0,0,0,0,0,0,0,0,0,0,0,0,0,0,0,0,0,0,0,0,0,0
"arusha/karatu/baray",2e-05,2.5e-05,2e-06,0.000111,1.1e-05,8.8e-05,9e-06,1.1e-05,5e-06,0.001177,2.2e-05,5e-06,1.5e-05,0.000232,0,4e-05,7.3e-05,6.1e-05,1.6e-05,4.4e-05,2e-06,1.1e-05,4e-06,2e-06,2e-06,1e-06,8e-06,1.7e-05,0,2e-06,0.000112,3e-06,1e-06,1e-06,0.000124,1.8e-05,2.3e-05,0.000398,7.5e-05,9.9e-05,5.3e-05,3e-06,9.5e-05,0.000792,1.6e-05,6e-06,1.5e-05,0.005616,0.000711,3.8e-05,2.1e-05,6.5e-05,1.9e-05,8e-05,2e-04,4e-06,3e-06,5e-06,6.5e-05,0.012555,6.1e-05,0.000247,0.000118,1e-05,0,0.000151,9.1e-05,9.7e-05,9.9e-05,0.000331,1.5e-05,1e-06,4e-06,0.000246,2.3e-05,0.000129,2.4e-05,5e-06,1e-05,2.3e-05,2e-06,1.6e-05,2.4e-05,4e-06,1.9e-05,2.3e-05,0.000669,2e-05,0.000854,0.000221,3e-06,1.4e-05,0.000636,0.00012,9e-06,0.001755,4.3e-05,1e-06,0.000286,7.2e-05,1.6e-05,9.6e-05,6.1e-05,3.5e-05,9e-06,0.000427,3.4e-05,6e-05,2.6e-05,0.001482,3e-05,0.000195,0.000121,1e-06,3e-06,2e-06,0.000236,2e-06,0.000337,3.2e-05,1.2e-05,0.000613,2e-06,7e-06,1e-06,2.4e-05,6.9e-05,0.000823,7.7e-05,2e-06,2e-06,4.8e-05,0.000135,1.4e-05,1e-06,0.000127,7e-06,4e-05,0.000963,9.9e-05,4.7e-05,1e-06,4.6e-05,9e-06,4e-06,0.000105,1.5e-05,0.000146,0.000123,4e-05,2e-06,2e-06,3e-06,2e-06,9.9e-05,0.001532,6e-06,1.4e-05,1.1e-05,0.004892,2e-05,0.000265,1e-06,5e-06,7e-06,4e-06,2.6e-05,2.5e-05,0.000251,1.1e-05,2.4e-05,0.000522,0.003863,4.5e-05,1.1e-05,7.7e-05,0.000765,3e-06,9.8e-05,5.3e-05,1e-06,2.4e-05,0.000175,1.6e-05,0.000646,0.018439,1e-06,3e-06,0.000322,9.8e-05,2.5e-05,0.000153,0.000156,4.7e-05,0.000439,5e-06,2e-06,8e-06,0.000114,6e-06,0.000393,3.4e-05,6.8e-05,2e-06,0.000169,1.4e-05,0.001049,0.000498,0.000386,3e-06,2e-06,7e-06,0.000347,1e-06,7.5e-05,2.5e-05,1.6e-05,0.001579,1.4e-05,8.7e-05,3.4e-05,2e-06,7e-06,2e-06,0.000384,9e-06,0.000557,4e-06,0.000351,4e-06,4e-06,5.8e-05,0.000755,0.000525,1.6e-05,0,3e-06,4.8e-05,0.000222,2e-06,3.8e-05,0.008882,1e-06,0.001679,1e-06,2e-06,6e-06,0.000175,9e-06,2.3e-05,0.001265,0.001261,4e-06,0.000328,9e-05,4.8e-05,3e-06,1e-05,1e-06,1e-06,1e-06,2.7e-05,4e-06,1e-06,0.00079,1.3e-05,2.2e-05,0.000494,3e-06,0.000129,0.000411,0.000263,2e-06,1e-06,0.000926,5e-06,5.6e-05,9.6e-05,1.7e-05,7.9e-05,1.5e-05,6e-06,0.003756,6.1e-05,2e-06,7e-06,3e-06,6e-06,3.3e-05,2e-06,1.3e-05,2.6e-05,4e-06,0.000892,2.5e-05,4.9e-05,0.000306,7e-06,5.2e-05,0.000714,1e-06,1e-06,2e-06,2.2e-05,3e-06,0.0016,2.8e-05,4e-06,2e-06,2e-06,0.000272,0.000229,1e-05,1e-06,1.7e-05,1.8e-05,6e-06,0.000656,0.000553,0.00034,5.1e-05,0.00049,5.3e-05,0.000259,0.002301,0.000194,0.000231,1e-05,2.7e-05,8.9e-05,0.000131,5.8e-05,0.002907,0.000655,1e-04,3e-06,9e-06,3.2e-05,0.000843,1.2e-05,1.5e-05,1e-06,1e-05,8e-06,0.000214,3.9e-05,7.1e-05,0.000152,0.000163,9.2e-05,1e-05,0.000132,1.1e-05,0.001558,0.000299,0.000201,0.000102,9e-06,4e-06,2.5e-05,9e-06,3e-06,6e-06,2e-06,1.9e-05,0.001009,0.000203,0.000651,5e-06,1e-04,9e-06,0,2e-06,7e-06,5e-06,6.5e-05,3.8e-05,2e-06,0.000392,2.2e-05,1e-06,2.2e-05,0.001124,0.000174,1.1e-05,2.8e-05,2e-06,0.000242,4.4e-05,1e-06,0.000369,2e-06,2e-06,3e-06,1e-06,1e-06,3.2e-05,0.00018
"manyara/mbulu/bargish",0,0,0,0,0,0,0,0,0,0,0,0,0,0,0,0,0,0,0,0,0,0,0,0,0,0,0,0,0,0,0,0,0,0,0,0,0,0,0,0,0,0,0,0,0,0,0,0,0,0,0,0,0,0,0,0,0,0,0,0,0,0,0,0,0,0,0,0,0,0,0,0,0,0,0,0,0,0,0,0,0,0,0,0,0,0,0,0,0,0,0,0,0,0,0,0,0,0,0,0,0,0,0,0,0,0,0,0,0,0,0,0,0,0,0,0,0,0,0,0,0,0,0,0,0,0,0,0,0,0,0,0,0,0,0,0,0,0,0,0,0,0,0,0,0,0,0,0,0,0,0,0,0,0,0,0,0,0,0,0,0,0,0,0,0,0,0,0,0,0,0,0,0,0,0,0,0,0,0,0,0,0,0,0,0,0,0,0,0,0,0,0,0,0,0,0,0,0,0,0,0,0,0,0,0,0,0,0,0,0,0,0,0,0,0,0,0,0,0,0,0,0,0,0,0,0,0,0,0,0,0,0,0,0,0,0,0,0,0,0,0,0,0,0,0,0,0,0,0,0,0,0,0,0,0,0,0,0,0,0,0,0,0,0,0,0,0,0,0,0,0,0,0,0,0,0,0,0,0,0,0,0,0,0,0,0,0,0,0,0,0,0,0,0,0,0,0,0,0,0,0,0,0,0,0,0,0,0,0,0,0,0,0,0,0,0,0,0,0,0,0,0,0,0,0,0,0,0,0,0,0,0,0,0,0,0,0,0,0,0,0,0,0,0,0,0,0,0,0,0,0,0,0,0,0,0,0,0,0,0,0,0,0,0,0,0,0,0,0,0,0,0,0,0,0,0,0,0,0,0,0,0,0,0,0,0,0,0,0,0,0,0,0,0,0,0,0,0
"manyara/mbulu/bashay",0,0,0,0,0,0,0,0,0,0,0,0,0,0,0,0,0,0,0,0,0,0,0,0,0,0,0,0,0,0,0,0,0,0,0,0,0,0,0,0,0,0,0,0,0,0,0,0,0,0,0,0,0,0,0,0,0,0,0,0,0,0,0,0,0,0,0,0,0,0,0,0,0,0,0,0,0,0,0,0,0,0,0,0,0,0,0,0,0,0,0,0,0,0,0,0,0,0,0,0,0,0,0,0,0,0,0,0,0,0,0,0,0,0,0,0,0,0,0,0,0,0,0,0,0,0,0,0,0,0,0,0,0,0,0,0,0,0,0,0,0,0,0,0,0,0,0,0,0,0,0,0,0,0,0,0,0,0,0,0,0,0,0,0,0,0,0,0,0,0,0,0,0,0,0,0,0,0,0,0,0,0,0,0,0,0,0,0,0,0,0,0,0,0,0,0,0,0,0,0,0,0,0,0,0,0,0,0,0,0,0,0,0,0,0,0,0,0,0,0,0,0,0,0,0,0,0,0,0,0,0,0,0,0,0,0,0,0,0,0,0,0,0,0,0,0,0,0,0,0,0,0,0,0,0,0,0,0,0,0,0,0,0,0,0,0,0,0,0,0,0,0,0,0,0,0,0,0,0,0,0,0,0,0,0,0,0,0,0,0,0,0,0,0,0,0,0,0,0,0,0,0,0,0,0,0,0,0,0,0,0,0,0,0,0,0,0,0,0,0,0,0,0,0,0,0,0,0,0,0,0,0,0,0,0,0,0,0,0,0,0,0,0,0,0,0,0,0,0,0,0,0,0,0,0,0,0,0,0,0,0,0,0,0,0,0,0,0,0,0,0,0,0,0,0,0,0,0,0,0,0,0,0,0,0,0,0,0,0,0,0,0,0,0,0,0,0,0
"manyara/babati/bashneti",0.000758,0.000381,8.4e-05,0.002463,0.00632,0.003476,0.000472,0.000483,0.001537,0.217632,0.006741,0.000969,0.000569,0.008707,0.021251,0.001213,0.003501,0,0.003257,0.008876,8.4e-05,0.000576,0.001112,6.8e-05,6.7e-05,2.1e-05,0.002202,0.000431,3.1e-05,1e-04,0.003023,0.00023,3.8e-05,5.1e-05,0.001699,0.050328,0.000857,0.457128,0.002515,0.002085,0.003813,0.001,0.007081,0.206799,0.00147,0.003097,0.000394,0.181651,0.044501,0.000728,0.001351,0.000415,0.000367,0.002635,0.150763,0.003202,0.000114,0.000604,0.003226,0.108634,0.002354,0.007554,0.003552,0.000608,2e-06,0.005868,0.003075,0.000834,0.002805,0.053494,0.000207,0.000442,0.000135,0.009809,0.005572,0.004266,0.000518,0.00256,0.000747,0.001463,0.000906,0.008936,0.006749,0.00085,0.01541,0.000756,0.025013,0.003413,0.04636,0.013439,0.001167,0.001101,0.023492,0.004269,0.000218,0.060027,0.001524,3e-05,0.011136,0.002765,0.001006,0.000323,0.002507,0.001318,0.000348,0.014184,0.000522,0.002273,0.000923,0.033652,0.001074,0.006976,0.05897,3.2e-05,0.000105,7.8e-05,0.009105,0.000138,0.012572,0.001164,0.00062,0.021918,7.6e-05,0.00029,3.2e-05,0.001027,0.005229,0.042991,0.003076,8.3e-05,6.9e-05,0.002584,0.005251,0.000517,2.2e-05,0.004771,0.000265,0.001507,0.027592,0.003671,0.001745,5.7e-05,0.001694,0.000342,0.000147,0.004183,0.00492,0.005522,0.00457,0.001522,7.2e-05,6.5e-05,0.000119,9.4e-05,0.003965,0.053817,0.000317,0.000511,0.000578,0.163264,0.000785,0.020844,3.2e-05,0.000207,0.001256,0.000681,0.001056,0.000894,0.009594,0.000453,0.001822,0.023152,0.130803,0.002094,0.000379,0.00843,0.056521,7.6e-05,0.003681,0.002746,3.3e-05,0.000432,0.007702,0.000623,0.023059,0.339071,4.7e-05,9e-05,0.011805,0.003574,0.000982,0.097717,0.007979,0.004084,0.059356,0.000309,8e-05,0.001578,0.004301,0.000117,0.014631,0.002663,0.004189,6.5e-05,0.006159,5e-04,0.038762,0.02439,0.005621,9.8e-05,8.6e-05,0.001082,0.012765,3.7e-05,0.000259,0.001028,0.000357,0.054617,0.000514,0.003213,0.006613,7e-05,0.007053,9e-05,0.014175,0.000322,0.01981,0.000171,0.003161,0.002356,0.00265,0.001948,0.018436,0.020097,0.001149,6e-06,9.9e-05,0.002797,0.006239,6.7e-05,0.001597,0.205323,3.5e-05,0.091695,4.7e-05,6.8e-05,0.000237,0.006856,0.003164,0.000963,0.045322,0.05253,0.000144,0.01253,0.003114,0.002051,9.4e-05,0.000401,5.5e-05,6.2e-05,4.8e-05,0.001601,0.000158,6e-05,0.025009,0.000335,0.003127,0.017166,0.000614,0.009261,0.013909,0.010458,6.7e-05,6.3e-05,0.033829,0.000179,0.00237,0.007215,0.001105,0.0013,0.000647,0.000101,0.102191,0.004816,0.000182,0.002091,0.001125,0.000203,0.060239,7.4e-05,0.000868,0.000871,0.000183,0.035072,0.000952,0.001681,0.014922,0.000249,0.002264,0.006993,3.2e-05,2.3e-05,6.4e-05,0.000924,0.00023,0.103342,0.001046,0.000133,8.2e-05,8.2e-05,0.014382,0.003484,0.000779,5.4e-05,0.000622,0.000197,0.000193,0.030446,0.019586,0.020155,0.002411,0.016543,0.00196,0.008453,0.107888,0.005229,0.006368,0.000383,0.000558,0.003255,0.004806,0.002064,0.112289,0.01372,0.007323,0.00024,0.000324,0.000651,0.031108,0.001497,0.000221,5.5e-05,0.000188,0.00537,0.009454,0.00177,0.001376,0.005282,0.006866,0.001842,0.000491,0.004722,0.000406,0.055969,0.010822,0.007106,0.006614,0.000353,0.000138,0.000937,0.002938,0.001284,0.001583,0.000578,0.000376,0.03645,0.010944,0.02413,0.000291,0.003611,0.000356,2e-05,7.8e-05,0.000495,0.000161,0.00262,0.002969,8.9e-05,0.017465,0.001221,3.4e-05,0.005847,0.038895,0.122895,4e-04,0.001039,7.8e-05,0.008949,0.001642,5.5e-05,0.013988,6.3e-05,6.6e-05,0.000136,2.1e-05,3.1e-05,0.003339,0.000951
"manyara/hanang/bassodesh",0.000213,0.00012,2.7e-05,0.000899,0.00034,0.001076,7.2e-05,7.8e-05,0.000165,0.027314,0.000628,0.000484,0.00016,0.002423,0.009376,0.000221,0.000947,0.005603,0,0.042905,2.8e-05,0.000176,0.00014,2.1e-05,2.2e-05,7e-06,0.000241,8.8e-05,1e-05,3.3e-05,0.000818,7.5e-05,1.3e-05,1.6e-05,0.000476,0.002133,0.000234,0.023367,0.000496,0.000748,0.001126,0.000295,0.002488,0.027578,0.000493,0.000263,0.000114,0.054912,0.009564,0.000179,0.000214,0.000131,8.6e-05,0.002007,0.017411,0.000294,3.2e-05,9.8e-05,0.000972,0.043133,0.000775,0.002218,0.001072,0.000203,1e-06,0.001597,0.000816,0.000642,0.000635,0.009261,5.6e-05,0.000128,4.2e-05,0.001674,0.005199,0.0014,0.000164,0.001038,0.001876,0.004764,0.000115,0.001037,0.000972,0.000287,0.002001,0.000149,0.007694,0.005453,0.090454,0.004475,0.000187,0.002404,0.007728,0.001216,6.5e-05,0.010727,0.000473,1e-05,0.003513,0.000881,0.000142,0.000138,0.000849,0.000362,0.000109,0.004677,0.00012,0.00071,0.000279,0.008737,0.000334,0.002279,0.019129,9e-06,3.4e-05,2.5e-05,0.002733,4.3e-05,0.003993,0.00037,0.000195,0.007048,2.5e-05,9.3e-05,1.1e-05,0.000345,0.001729,0.012849,0.000866,2.7e-05,2.2e-05,0.000829,0.001682,0.000162,7e-06,0.00132,7.4e-05,0.000479,0.009104,0.001149,0.000519,1.9e-05,0.000465,0.000107,4.9e-05,0.001351,0.000422,0.001759,0.001465,0.000487,2.3e-05,2e-05,3.9e-05,3e-05,0.001333,0.014548,0.000105,0.000157,0.000179,0.055757,0.000253,0.005114,1e-05,6.7e-05,0.002363,0.000359,0.00033,0.000266,0.00262,0.000144,0.000615,0.005777,0.038509,0.000641,0.000118,0.001911,0.012178,2.4e-05,0.001156,0.000898,1.1e-05,0.000158,0.002539,0.000195,0.007316,0.127614,1.5e-05,2.9e-05,0.003702,0.001114,0.000303,0.004607,0.001473,0.00435,0.008993,0.000106,2.6e-05,0.000162,0.001355,2.9e-05,0.004274,0.000678,0.001367,1.9e-05,0.00201,0.000151,0.012726,0.005606,0.001947,3.2e-05,2.8e-05,0.000173,0.004197,1.2e-05,8.4e-05,0.000347,7.3e-05,0.018529,0.000166,0.001038,0.003688,2e-05,0.000336,2.8e-05,0.004375,9.9e-05,0.006251,5.2e-05,0.000798,0.000333,0.000194,0.000419,0.006269,0.005326,0.000372,2e-06,3.1e-05,0.000782,0.001675,2.2e-05,0.000456,0.054423,1.1e-05,0.030776,1.5e-05,2.1e-05,7.5e-05,0.001894,0.001318,0.000243,0.012806,0.015075,3.8e-05,0.003462,0.001014,0.000683,3.1e-05,0.000129,1.7e-05,2.1e-05,1.6e-05,0.000487,3.2e-05,2e-05,0.006104,0.000108,0.000319,0.004635,7.1e-05,0.001511,0.003858,0.00333,2.2e-05,2e-05,0.011135,5.8e-05,0.000793,0.001977,0.000159,0.000374,0.00019,3.1e-05,0.035381,0.000625,5.9e-05,0.000241,0.000241,6.6e-05,0.001844,2.3e-05,0.000252,0.000276,6.1e-05,0.009843,3e-04,0.000526,0.004452,6.8e-05,0.000689,0.002151,1.1e-05,7e-06,2e-05,0.000295,6.9e-05,0.020123,0.000293,3.8e-05,2.3e-05,2.6e-05,0.003877,0.001183,0.000232,1.7e-05,0.000198,5.5e-05,6.9e-05,0.009114,0.006477,0.005261,0.000603,0.00469,0.000594,0.002739,0.031691,0.001956,0.002339,0.000105,0.000213,0.000892,0.001341,0.000567,0.037483,0.005048,0.002165,7.6e-05,0.000101,0.000221,0.008966,0.000258,5.7e-05,1.7e-05,4.7e-05,0.000417,0.002998,0.000584,0.000488,0.001504,0.002212,0.000663,7.7e-05,0.001449,0.000115,0.015869,0.002829,0.00178,0.001823,0.000113,4.5e-05,0.000292,0.000237,0.000228,0.000167,0.000117,0.000142,0.010353,0.002977,0.006624,9.9e-05,0.001046,0.000111,6e-06,2.6e-05,0.00017,5.3e-05,0.000696,0.000695,2.4e-05,0.005588,0.000185,1.1e-05,0.000478,0.013027,0.027362,6.8e-05,0.000284,2.5e-05,0.002831,0.000522,1.7e-05,0.004004,2e-05,2.2e-05,4.5e-05,7e-06,1e-05,0.000427,0.000363
"manyara/hanang/bassotu",0.000297,0.000157,3.9e-05,0.001226,0.000404,0.001544,8e-05,8.9e-05,0.000225,0.034922,0.000806,0.001014,0.000223,0.003368,0.010323,0.000251,0.000899,0.005999,0.017117,0,4.2e-05,0.000248,0.000196,3.1e-05,3.3e-05,9e-06,0.000323,0.000105,1.5e-05,4.9e-05,0.001143,0.000117,1.9e-05,2.4e-05,0.000573,0.002592,0.000325,0.027439,0.000565,0.001043,0.000987,0.000525,0.00384,0.026309,0.000776,0.000349,0.000155,0.074773,0.013033,0.000213,0.000236,0.000157,0.000106,0.001675,0.024484,0.000406,4.6e-05,0.000131,0.001427,0.053854,0.001086,0.002955,0.001487,0.000317,1e-06,0.002216,0.001109,0.000651,0.000803,0.012657,6.9e-05,0.000223,5.9e-05,0.001942,0.014087,0.001933,0.000222,0.001616,0.004531,0.003536,0.000167,0.001464,0.00086,0.000522,0.002803,0.000164,0.010924,0.002898,0.086233,0.006601,0.000287,0.00439,0.01114,0.00169,8.9e-05,0.011901,0.000671,1.4e-05,0.005051,0.00127,0.000161,0.000168,0.001254,0.000502,0.000156,0.006676,0.000139,0.001016,0.000393,0.010774,0.000474,0.003277,0.033806,1.2e-05,4.9e-05,3.7e-05,0.00388,6.7e-05,0.005721,0.000529,0.000279,0.01007,3.6e-05,0.000135,1.5e-05,0.000511,0.00263,0.018047,0.001215,3.8e-05,3.2e-05,0.001195,0.002428,0.000232,1e-05,0.001833,0.000102,0.000688,0.012779,0.001642,0.000733,2.8e-05,0.000644,0.000153,7e-05,0.001961,0.000497,0.002529,0.002105,0.000701,3.4e-05,2.9e-05,5.7e-05,4.4e-05,0.001958,0.019795,0.000151,0.000216,0.000266,0.078497,0.000366,0.007171,1.4e-05,9.7e-05,0.010032,0.000752,0.000477,0.000375,0.003629,0.000208,0.000939,0.007621,0.052758,0.000936,0.000168,0.002736,0.016207,3.4e-05,0.001655,0.001356,1.6e-05,0.000218,0.003751,0.000279,0.010415,0.17518,2.1e-05,4.1e-05,0.005278,0.001587,0.000433,0.005019,0.001762,0.003143,0.01144,0.000166,3.7e-05,0.000202,0.001941,3.7e-05,0.006001,0.001008,0.002011,2.7e-05,0.002894,0.000214,0.018295,0.007285,0.002607,4.6e-05,4e-05,0.000229,0.006057,1.7e-05,9.7e-05,0.000512,8.4e-05,0.026582,0.000239,0.001495,0.00266,2.8e-05,0.000422,4e-05,0.006218,0.000141,0.008888,7.5e-05,0.000885,0.000497,0.000259,0.000435,0.008738,0.007308,0.000587,3e-06,4.5e-05,0.0011,0.002154,3.1e-05,0.000646,0.072081,1.6e-05,0.044349,2.3e-05,3e-05,0.000107,0.002638,0.002494,0.000332,0.017685,0.020462,5.2e-05,0.004809,0.001452,0.001006,4.4e-05,0.000187,2.5e-05,3e-05,2.3e-05,0.000699,4.1e-05,3e-05,0.007678,0.00015,0.000354,0.006331,9.1e-05,0.001911,0.005295,0.004812,3.1e-05,3e-05,0.016008,8.4e-05,0.001171,0.002848,0.000185,0.000482,0.000272,4.1e-05,0.049405,0.000697,9.2e-05,0.000317,0.000395,9.5e-05,0.001807,3.2e-05,0.000381,0.000392,9.1e-05,0.013725,0.000431,0.000746,0.006229,9.4e-05,0.000997,0.00267,1.5e-05,1.1e-05,2.9e-05,0.000431,0.000107,0.025114,0.000409,5.3e-05,3.2e-05,3.7e-05,0.005336,0.001527,0.000363,2.4e-05,0.000284,6.7e-05,9.6e-05,0.012672,0.009308,0.007262,0.000835,0.006469,0.000842,0.003889,0.043438,0.002726,0.003254,0.000146,3e-04,0.001232,0.00186,0.000781,0.05187,0.007063,0.003174,0.000117,0.000145,0.000305,0.012505,0.00036,7e-05,2.5e-05,5.9e-05,0.000536,0.004385,0.000868,0.000673,0.002086,0.003229,0.000922,8.7e-05,0.002052,0.00016,0.021908,0.003708,0.002387,0.002584,0.000164,6.5e-05,0.000418,0.000293,0.000356,0.000219,0.000187,0.000199,0.014348,0.004117,0.009141,0.000155,0.001463,0.00016,1e-05,3.8e-05,0.000261,7.6e-05,0.000963,0.000962,3.4e-05,0.007871,0.000198,1.6e-05,0.000492,0.018677,0.024431,7.7e-05,0.000393,3.6e-05,0.004052,0.000749,2.5e-05,0.005605,2.9e-05,3.2e-05,6.7e-05,1e-05,1.5e-05,0.000437,0.000367
"kilimanjaro/same/bendera",0,0,0,0,0,0,0,0,0,0,0,0,0,0,0,0,0,0,0,0,0,0,0,0,0,0,0,0,0,0,0,0,0,0,0,0,0,0,0,0,0,0,0,0,0,0,0,0,0,0,0,0,0,0,0,0,0,0,0,0,0,0,0,0,0,0,0,0,0,0,0,0,0,0,0,0,0,0,0,0,0,0,0,0,0,0,0,0,0,0,0,0,0,0,0,0,0,0,0,0,0,0,0,0,0,0,0,0,0,0,0,0,0,0,0,0,0,0,0,0,0,0,0,0,0,0,0,0,0,0,0,0,0,0,0,0,0,0,0,0,0,0,0,0,0,0,0,0,0,0,0,0,0,0,0,0,0,0,0,0,0,0,0,0,0,0,0,0,0,0,0,0,0,0,0,0,0,0,0,0,0,0,0,0,0,0,0,0,0,0,0,0,0,0,0,0,0,0,0,0,0,0,0,0,0,0,0,0,0,0,0,0,0,0,0,0,0,0,0,0,0,0,0,0,0,0,0,0,0,0,0,0,0,0,0,0,0,0,0,0,0,0,0,0,0,0,0,0,0,0,0,0,0,0,0,0,0,0,0,0,0,0,0,0,0,0,0,0,0,0,0,0,0,0,0,0,0,0,0,0,0,0,0,0,0,0,0,0,0,0,0,0,0,0,0,0,0,0,0,0,0,0,0,0,0,0,0,0,0,0,0,0,0,0,0,0,0,0,0,0,0,0,0,0,0,0,0,0,0,0,0,0,0,0,0,0,0,0,0,0,0,0,0,0,0,0,0,0,0,0,0,0,0,0,0,0,0,0,0,0,0,0,0,0,0,0,0,0,0,0,0,0,0,0,0,0,0,0,0,0,0,0,0,0,0,0,0,0,0,0,0,0,0,0,0,0,0,0
"kilimanjaro/siha/biriri",0.00182,1.7e-05,0.00013,0.000113,1e-06,0.006593,1e-06,1e-06,1e-06,0.000329,5e-06,1e-06,0.001262,0.014971,5.3e-05,3e-06,2e-06,8e-06,1e-06,5e-06,1e-05,0,1e-06,0.000239,1.1e-05,7.9e-05,2e-06,3e-06,1e-06,1.5e-05,0.003118,5e-06,7e-06,3e-05,1.6e-05,3e-06,0.001071,6.9e-05,7e-06,0.000171,1e-06,1e-06,0.000218,5.1e-05,3.1e-05,1e-06,9.4e-05,0.198594,0.002219,5e-06,2e-06,4e-06,5e-06,2e-06,5.2e-05,1e-06,0.000196,4e-06,0.000399,0.001601,0.00093,0.000808,0.003326,1.5e-05,0,0.006962,0.001202,1e-06,7.5e-05,0.000391,3e-06,0,0.004711,2.7e-05,5e-06,0.000756,6.4e-05,1e-06,1e-06,1e-06,0,6e-06,1e-06,1e-06,3e-06,1e-06,0.207163,1e-06,4.2e-05,0.001791,1e-06,1e-06,0.028743,0.009552,4e-05,9.9e-05,0.054624,2e-05,0.017921,0.004001,1e-06,2e-06,0.00035,0.001732,0.001163,0.033814,2e-06,0.010555,0.019726,0.000573,0.031027,0.014974,2.9e-05,4.1e-05,0.000207,0.00012,0.056439,3e-06,0.0407,0.006489,0.004607,0.101017,5.3e-05,0.000188,1.8e-05,0.000134,0.000203,0.290933,0.007434,0.000205,0.00015,0.00446,0.006032,0.002175,1.2e-05,0.007364,0.000369,0.004232,0.0204,0.02216,0.029743,8e-06,0.002073,0.001929,0.000223,0.002502,3e-06,0.011636,0.011537,0.003056,0.000139,3.5e-05,0.000156,2.4e-05,0.000832,0.026604,0.000462,0.000161,3.8e-05,0.466426,0.000718,0.002892,0.000122,1e-04,1e-06,1e-06,0.000959,0.019177,0.011277,0.00028,6.8e-05,0.002544,0.158539,0.000431,0.009059,0.00028,0.002996,6.8e-05,0.016678,0.000127,5e-06,2.4e-05,0.000963,0.001517,0.205022,0.824671,0.000387,0.000668,0.097711,0.045532,0.003915,1.4e-05,4.1e-05,2e-06,0.000277,8e-06,0.000109,2e-06,0.015598,3e-06,0.09357,6.9e-05,0.000668,0.00022,0.011342,0.073301,0.053506,0.001379,0.000254,0.00018,0.000152,8e-06,0.015853,5.4e-05,1e-06,0.000164,1e-06,0.072059,0.001144,0.006124,2e-06,0.000286,1e-06,0.001972,0.186929,0.010212,0.249469,0.000739,8e-06,1e-06,1e-06,2e-06,0.003702,0.012202,2.1e-05,2.1e-05,0.000328,0.004566,0.000277,9.5e-05,0.002943,0.032338,0.000135,0.041157,1e-05,0.000238,0.000817,0.011077,1e-06,0.000355,0.062552,0.022952,5.4e-05,0.018558,0.00945,0.000313,0.000152,0.000321,0.000179,1.3e-05,9e-06,0.001997,4e-06,1e-05,0.000662,0.000118,2e-06,0.009635,1e-06,6.6e-05,0.01085,0.009059,5.2e-05,1.3e-05,0.050727,0.000296,0.000338,0.00117,2e-06,5.2e-05,0.00092,7e-06,0.073907,5e-06,5e-06,3e-06,1e-06,0.000446,2e-06,0.006581,2.8e-05,0.005726,2.6e-05,0.055297,0.002975,0.024232,0.085665,0.000298,0.001109,0.000113,3.9e-05,1.4e-05,0.000231,0.000317,5e-06,0.00122,0.002309,0.000607,0.00022,0.000513,0.011488,9e-05,1.3e-05,0.000147,0.001903,2e-06,1.8e-05,0.076942,0.03505,0.010877,0.000753,0.019207,0.051312,0.024606,0.131979,0.000292,0.000404,0.000552,3.1e-05,0.0035,0.007966,0.001984,0.106754,0.001005,0.000801,6e-06,0.001156,6.4e-05,0.095386,9e-06,3e-06,0.00022,4e-06,2e-06,0.00202,0.000166,1e-04,0.009638,0.002008,0.000133,1e-06,0.502563,0.001179,0.077027,0.000924,0.001388,0.003948,0.000253,0.000211,0.003893,2e-06,1e-06,2e-06,1e-06,2.1e-05,0.064711,0.011583,0.025029,7e-06,0.017278,0.001463,5e-06,1.2e-05,1.7e-05,0.000365,0.002118,0.000387,0.000118,0.040137,1e-06,1.4e-05,1e-06,0.067461,1.3e-05,1e-06,0.001233,0.000323,0.040758,0.005893,0.000201,0.047991,0.000134,1.3e-05,2.4e-05,6e-06,4e-06,1e-06,1e-06
"manyara/babati/boay",0,0,0,0,0,0,0,0,0,0,0,0,0,0,0,0,0,0,0,0,0,0,0,0,0,0,0,0,0,0,0,0,0,0,0,0,0,0,0,0,0,0,0,0,0,0,0,0,0,0,0,0,0,0,0,0,0,0,0,0,0,0,0,0,0,0,0,0,0,0,0,0,0,0,0,0,0,0,0,0,0,0,0,0,0,0,0,0,0,0,0,0,0,0,0,0,0,0,0,0,0,0,0,0,0,0,0,0,0,0,0,0,0,0,0,0,0,0,0,0,0,0,0,0,0,0,0,0,0,0,0,0,0,0,0,0,0,0,0,0,0,0,0,0,0,0,0,0,0,0,0,0,0,0,0,0,0,0,0,0,0,0,0,0,0,0,0,0,0,0,0,0,0,0,0,0,0,0,0,0,0,0,0,0,0,0,0,0,0,0,0,0,0,0,0,0,0,0,0,0,0,0,0,0,0,0,0,0,0,0,0,0,0,0,0,0,0,0,0,0,0,0,0,0,0,0,0,0,0,0,0,0,0,0,0,0,0,0,0,0,0,0,0,0,0,0,0,0,0,0,0,0,0,0,0,0,0,0,0,0,0,0,0,0,0,0,0,0,0,0,0,0,0,0,0,0,0,0,0,0,0,0,0,0,0,0,0,0,0,0,0,0,0,0,0,0,0,0,0,0,0,0,0,0,0,0,0,0,0,0,0,0,0,0,0,0,0,0,0,0,0,0,0,0,0,0,0,0,0,0,0,0,0,0,0,0,0,0,0,0,0,0,0,0,0,0,0,0,0,0,0,0,0,0,0,0,0,0,0,0,0,0,0,0,0,0,0,0,0,0,0,0,0,0,0,0,0,0,0,0,0,0,0,0,0,0,0,0,0,0,0,0,0,0,0,0,0,0
"kilimanjaro/moshimunicipal/bomambuzi",0,0,0,0,0,0,0,0,0,0,0,0,0,0,0,0,0,0,0,0,0,0,0,0,0,0,0,0,0,0,0,0,0,0,0,0,0,0,0,0,0,0,0,0,0,0,0,0,0,0,0,0,0,0,0,0,0,0,0,0,0,0,0,0,0,0,0,0,0,0,0,0,0,0,0,0,0,0,0,0,0,0,0,0,0,0,0,0,0,0,0,0,0,0,0,0,0,0,0,0,0,0,0,0,0,0,0,0,0,0,0,0,0,0,0,0,0,0,0,0,0,0,0,0,0,0,0,0,0,0,0,0,0,0,0,0,0,0,0,0,0,0,0,0,0,0,0,0,0,0,0,0,0,0,0,0,0,0,0,0,0,0,0,0,0,0,0,0,0,0,0,0,0,0,0,0,0,0,0,0,0,0,0,0,0,0,0,0,0,0,0,0,0,0,0,0,0,0,0,0,0,0,0,0,0,0,0,0,0,0,0,0,0,0,0,0,0,0,0,0,0,0,0,0,0,0,0,0,0,0,0,0,0,0,0,0,0,0,0,0,0,0,0,0,0,0,0,0,0,0,0,0,0,0,0,0,0,0,0,0,0,0,0,0,0,0,0,0,0,0,0,0,0,0,0,0,0,0,0,0,0,0,0,0,0,0,0,0,0,0,0,0,0,0,0,0,0,0,0,0,0,0,0,0,0,0,0,0,0,0,0,0,0,0,0,0,0,0,0,0,0,0,0,0,0,0,0,0,0,0,0,0,0,0,0,0,0,0,0,0,0,0,0,0,0,0,0,0,0,0,0,0,0,0,0,0,0,0,0,0,0,0,0,0,0,0,0,0,0,0,0,0,0,0,0,0,0,0,0,0,0,0,0,0,0,0,0,0,0,0,0,0,0,0,0,0,0,0
"kilimanjaro/same/bombo",0,0,0,0,0,0,0,0,0,0,0,0,0,0,0,0,0,0,0,0,0,0,0,0,0,0,0,0,0,0,0,0,0,0,0,0,0,0,0,0,0,0,0,0,0,0,0,0,0,0,0,0,0,0,0,0,0,0,0,0,0,0,0,0,0,0,0,0,0,0,0,0,0,0,0,0,0,0,0,0,0,0,0,0,0,0,0,0,0,0,0,0,0,0,0,0,0,0,0,0,0,0,0,0,0,0,0,0,0,0,0,0,0,0,0,0,0,0,0,0,0,0,0,0,0,0,0,0,0,0,0,0,0,0,0,0,0,0,0,0,0,0,0,0,0,0,0,0,0,0,0,0,0,0,0,0,0,0,0,0,0,0,0,0,0,0,0,0,0,0,0,0,0,0,0,0,0,0,0,0,0,0,0,0,0,0,0,0,0,0,0,0,0,0,0,0,0,0,0,0,0,0,0,0,0,0,0,0,0,0,0,0,0,0,0,0,0,0,0,0,0,0,0,0,0,0,0,0,0,0,0,0,0,0,0,0,0,0,0,0,0,0,0,0,0,0,0,0,0,0,0,0,0,0,0,0,0,0,0,0,0,0,0,0,0,0,0,0,0,0,0,0,0,0,0,0,0,0,0,0,0,0,0,0,0,0,0,0,0,0,0,0,0,0,0,0,0,0,0,0,0,0,0,0,0,0,0,0,0,0,0,0,0,0,0,0,0,0,0,0,0,0,0,0,0,0,0,0,0,0,0,0,0,0,0,0,0,0,0,0,0,0,0,0,0,0,0,0,0,0,0,0,0,0,0,0,0,0,0,0,0,0,0,0,0,0,0,0,0,0,0,0,0,0,0,0,0,0,0,0,0,0,0,0,0,0,0,0,0,0,0,0,0,0,0,0,0,0
"kilimanjaro/moshimunicipal/bondeni",0,0,0,0,0,0,0,0,0,0,0,0,0,0,0,0,0,0,0,0,0,0,0,0,0,0,0,0,0,0,0,0,0,0,0,0,0,0,0,0,0,0,0,0,0,0,0,0,0,0,0,0,0,0,0,0,0,0,0,0,0,0,0,0,0,0,0,0,0,0,0,0,0,0,0,0,0,0,0,0,0,0,0,0,0,0,0,0,0,0,0,0,0,0,0,0,0,0,0,0,0,0,0,0,0,0,0,0,0,0,0,0,0,0,0,0,0,0,0,0,0,0,0,0,0,0,0,0,0,0,0,0,0,0,0,0,0,0,0,0,0,0,0,0,0,0,0,0,0,0,0,0,0,0,0,0,0,0,0,0,0,0,0,0,0,0,0,0,0,0,0,0,0,0,0,0,0,0,0,0,0,0,0,0,0,0,0,0,0,0,0,0,0,0,0,0,0,0,0,0,0,0,0,0,0,0,0,0,0,0,0,0,0,0,0,0,0,0,0,0,0,0,0,0,0,0,0,0,0,0,0,0,0,0,0,0,0,0,0,0,0,0,0,0,0,0,0,0,0,0,0,0,0,0,0,0,0,0,0,0,0,0,0,0,0,0,0,0,0,0,0,0,0,0,0,0,0,0,0,0,0,0,0,0,0,0,0,0,0,0,0,0,0,0,0,0,0,0,0,0,0,0,0,0,0,0,0,0,0,0,0,0,0,0,0,0,0,0,0,0,0,0,0,0,0,0,0,0,0,0,0,0,0,0,0,0,0,0,0,0,0,0,0,0,0,0,0,0,0,0,0,0,0,0,0,0,0,0,0,0,0,0,0,0,0,0,0,0,0,0,0,0,0,0,0,0,0,0,0,0,0,0,0,0,0,0,0,0,0,0,0,0,0,0,0,0,0,0
"manyara/babatiurban/bonga",0,0,0,0,0,0,0,0,0,0,0,0,0,0,0,0,0,0,0,0,0,0,0,0,0,0,0,0,0,0,0,0,0,0,0,0,0,0,0,0,0,0,0,0,0,0,0,0,0,0,0,0,0,0,0,0,0,0,0,0,0,0,0,0,0,0,0,0,0,0,0,0,0,0,0,0,0,0,0,0,0,0,0,0,0,0,0,0,0,0,0,0,0,0,0,0,0,0,0,0,0,0,0,0,0,0,0,0,0,0,0,0,0,0,0,0,0,0,0,0,0,0,0,0,0,0,0,0,0,0,0,0,0,0,0,0,0,0,0,0,0,0,0,0,0,0,0,0,0,0,0,0,0,0,0,0,0,0,0,0,0,0,0,0,0,0,0,0,0,0,0,0,0,0,0,0,0,0,0,0,0,0,0,0,0,0,0,0,0,0,0,0,0,0,0,0,0,0,0,0,0,0,0,0,0,0,0,0,0,0,0,0,0,0,0,0,0,0,0,0,0,0,0,0,0,0,0,0,0,0,0,0,0,0,0,0,0,0,0,0,0,0,0,0,0,0,0,0,0,0,0,0,0,0,0,0,0,0,0,0,0,0,0,0,0,0,0,0,0,0,0,0,0,0,0,0,0,0,0,0,0,0,0,0,0,0,0,0,0,0,0,0,0,0,0,0,0,0,0,0,0,0,0,0,0,0,0,0,0,0,0,0,0,0,0,0,0,0,0,0,0,0,0,0,0,0,0,0,0,0,0,0,0,0,0,0,0,0,0,0,0,0,0,0,0,0,0,0,0,0,0,0,0,0,0,0,0,0,0,0,0,0,0,0,0,0,0,0,0,0,0,0,0,0,0,0,0,0,0,0,0,0,0,0,0,0,0,0,0,0,0,0,0,0,0,0,0,0
"arusha/karatu/buger",0,0,0,0,0,0,0,0,0,0,0,0,0,0,0,0,0,0,0,0,0,0,0,0,0,0,0,0,0,0,0,0,0,0,0,0,0,0,0,0,0,0,0,0,0,0,0,0,0,0,0,0,0,0,0,0,0,0,0,0,0,0,0,0,0,0,0,0,0,0,0,0,0,0,0,0,0,0,0,0,0,0,0,0,0,0,0,0,0,0,0,0,0,0,0,0,0,0,0,0,0,0,0,0,0,0,0,0,0,0,0,0,0,0,0,0,0,0,0,0,0,0,0,0,0,0,0,0,0,0,0,0,0,0,0,0,0,0,0,0,0,0,0,0,0,0,0,0,0,0,0,0,0,0,0,0,0,0,0,0,0,0,0,0,0,0,0,0,0,0,0,0,0,0,0,0,0,0,0,0,0,0,0,0,0,0,0,0,0,0,0,0,0,0,0,0,0,0,0,0,0,0,0,0,0,0,0,0,0,0,0,0,0,0,0,0,0,0,0,0,0,0,0,0,0,0,0,0,0,0,0,0,0,0,0,0,0,0,0,0,0,0,0,0,0,0,0,0,0,0,0,0,0,0,0,0,0,0,0,0,0,0,0,0,0,0,0,0,0,0,0,0,0,0,0,0,0,0,0,0,0,0,0,0,0,0,0,0,0,0,0,0,0,0,0,0,0,0,0,0,0,0,0,0,0,0,0,0,0,0,0,0,0,0,0,0,0,0,0,0,0,0,0,0,0,0,0,0,0,0,0,0,0,0,0,0,0,0,0,0,0,0,0,0,0,0,0,0,0,0,0,0,0,0,0,0,0,0,0,0,0,0,0,0,0,0,0,0,0,0,0,0,0,0,0,0,0,0,0,0,0,0,0,0,0,0,0,0,0,0,0,0,0,0,0,0,0,0
"manyara/kiteto/bwagamoyo",0,0,0,0,0,0,0,0,0,0,0,0,0,0,0,0,0,0,0,0,0,0,0,0,0,0,0,0,0,0,0,0,0,0,0,0,0,0,0,0,0,0,0,0,0,0,0,0,0,0,0,0,0,0,0,0,0,0,0,0,0,0,0,0,0,0,0,0,0,0,0,0,0,0,0,0,0,0,0,0,0,0,0,0,0,0,0,0,0,0,0,0,0,0,0,0,0,0,0,0,0,0,0,0,0,0,0,0,0,0,0,0,0,0,0,0,0,0,0,0,0,0,0,0,0,0,0,0,0,0,0,0,0,0,0,0,0,0,0,0,0,0,0,0,0,0,0,0,0,0,0,0,0,0,0,0,0,0,0,0,0,0,0,0,0,0,0,0,0,0,0,0,0,0,0,0,0,0,0,0,0,0,0,0,0,0,0,0,0,0,0,0,0,0,0,0,0,0,0,0,0,0,0,0,0,0,0,0,0,0,0,0,0,0,0,0,0,0,0,0,0,0,0,0,0,0,0,0,0,0,0,0,0,0,0,0,0,0,0,0,0,0,0,0,0,0,0,0,0,0,0,0,0,0,0,0,0,0,0,0,0,0,0,0,0,0,0,0,0,0,0,0,0,0,0,0,0,0,0,0,0,0,0,0,0,0,0,0,0,0,0,0,0,0,0,0,0,0,0,0,0,0,0,0,0,0,0,0,0,0,0,0,0,0,0,0,0,0,0,0,0,0,0,0,0,0,0,0,0,0,0,0,0,0,0,0,0,0,0,0,0,0,0,0,0,0,0,0,0,0,0,0,0,0,0,0,0,0,0,0,0,0,0,0,0,0,0,0,0,0,0,0,0,0,0,0,0,0,0,0,0,0,0,0,0,0,0,0,0,0,0,0,0,0,0,0,0,0
"kilimanjaro/same/bwambo",0,0,0,0,0,0,0,0,0,0,0,0,0,0,0,0,0,0,0,0,0,0,0,0,0,0,0,0,0,0,0,0,0,0,0,0,0,0,0,0,0,0,0,0,0,0,0,0,0,0,0,0,0,0,0,0,0,0,0,0,0,0,0,0,0,0,0,0,0,0,0,0,0,0,0,0,0,0,0,0,0,0,0,0,0,0,0,0,0,0,0,0,0,0,0,0,0,0,0,0,0,0,0,0,0,0,0,0,0,0,0,0,0,0,0,0,0,0,0,0,0,0,0,0,0,0,0,0,0,0,0,0,0,0,0,0,0,0,0,0,0,0,0,0,0,0,0,0,0,0,0,0,0,0,0,0,0,0,0,0,0,0,0,0,0,0,0,0,0,0,0,0,0,0,0,0,0,0,0,0,0,0,0,0,0,0,0,0,0,0,0,0,0,0,0,0,0,0,0,0,0,0,0,0,0,0,0,0,0,0,0,0,0,0,0,0,0,0,0,0,0,0,0,0,0,0,0,0,0,0,0,0,0,0,0,0,0,0,0,0,0,0,0,0,0,0,0,0,0,0,0,0,0,0,0,0,0,0,0,0,0,0,0,0,0,0,0,0,0,0,0,0,0,0,0,0,0,0,0,0,0,0,0,0,0,0,0,0,0,0,0,0,0,0,0,0,0,0,0,0,0,0,0,0,0,0,0,0,0,0,0,0,0,0,0,0,0,0,0,0,0,0,0,0,0,0,0,0,0,0,0,0,0,0,0,0,0,0,0,0,0,0,0,0,0,0,0,0,0,0,0,0,0,0,0,0,0,0,0,0,0,0,0,0,0,0,0,0,0,0,0,0,0,0,0,0,0,0,0,0,0,0,0,0,0,0,0,0,0,0,0,0,0,0,0,0,0,0
"arusha/arusha/bwawani",0.033507,0.000155,0.00033,0.000438,2e-05,0.029551,9e-06,1.2e-05,1.7e-05,0.005074,7.7e-05,1e-05,0.015414,0.275499,0.000575,3.6e-05,1.3e-05,4.9e-05,8e-06,2.8e-05,8.3e-05,0.003766,1.7e-05,0.000555,9e-05,0.000171,3.3e-05,3.5e-05,9e-06,0.000126,0,4.9e-05,5.5e-05,0.000176,9.4e-05,1.9e-05,0.027579,0.000465,4.6e-05,0.001122,1.7e-05,5e-06,0.001087,0.00032,0.000165,1.9e-05,0.000752,0.931975,0.061707,3.3e-05,1.2e-05,3.9e-05,6.1e-05,1.9e-05,0.000341,8e-06,0.005901,7.9e-05,0.00528,0.007627,0.001955,0.003615,0.01475,0.000154,1e-06,0.267641,0.018386,1.2e-05,0.001144,0.003701,4.1e-05,2e-06,0.001271,0.000381,2.6e-05,0.002256,0.000462,7e-06,8e-06,1.1e-05,6e-06,3.9e-05,1.3e-05,1.5e-05,3.1e-05,8e-06,0.295276,1.1e-05,0.000228,0.007974,7e-06,7e-06,0.08807,0.073781,0.000298,0.001306,0.014769,1e-04,0.070948,0.0148,2e-05,2.3e-05,0.002714,0.036196,0.002756,0.050761,3.1e-05,0.019547,0.011497,0.003572,0.010107,0.029144,0.000171,0.000958,0.000455,0.00031,0.164265,3.6e-05,0.084288,0.007646,0.002395,0.129663,0.000274,0.001051,9.9e-05,0.001098,0.00108,0.463643,0.261214,0.000439,0.000356,0.006635,0.024782,0.004202,7.4e-05,0.150504,0.005258,0.009485,0.062902,0.03143,0.038104,6.6e-05,0.039551,0.002754,0.000509,0.014096,2.2e-05,0.032484,0.025334,0.008125,0.000295,0.000278,0.000394,0.000195,0.005708,0.412756,0.000533,0.000486,0.000457,0.683692,0.003189,0.050328,0.000266,0.000624,5e-06,1.1e-05,0.005928,0.015139,0.320644,0.001821,0.00035,0.020443,0.900928,0.005109,0.003256,0.002961,0.040769,0.000217,0.02919,0.00135,4.1e-05,0.000174,0.008886,0.004916,0.168908,0.861285,0.000308,0.000613,0.101344,0.033183,0.010188,0.000181,0.000311,1.1e-05,0.002478,8.3e-05,0.000319,2.8e-05,0.032187,4.3e-05,0.35844,0.001088,0.003064,0.002908,0.02571,0.007333,0.161184,0.012644,0.002052,0.00044,0.000399,7.4e-05,0.046289,0.000143,1.3e-05,0.001225,1.6e-05,0.164401,0.002552,0.015245,1.1e-05,0.003716,1.3e-05,0.000889,0.159131,0.003431,0.155008,0.002166,9.4e-05,9e-06,8e-06,1.2e-05,0.019082,0.342637,0.00023,4.4e-05,0.000624,0.163937,0.001609,0.000257,0.068971,0.438053,0.000268,0.136251,7.9e-05,0.000523,0.001786,0.420046,1.6e-05,0.018829,0.62677,0.102616,0.000825,0.447792,0.013251,0.002583,0.000356,0.001613,0.000405,0.000101,7e-05,0.007499,8.2e-05,7.8e-05,0.004524,0.000571,2.6e-05,0.146681,1.7e-05,0.001204,0.119755,0.048247,0.000247,0.000111,0.136618,0.00076,0.002769,0.011923,3e-05,0.000536,0.010996,6e-05,0.204665,6.7e-05,2.7e-05,2.4e-05,6e-06,0.000818,2.9e-05,0.000809,0.000362,0.005042,0.000212,0.962782,0.00672,0.012617,0.093332,0.006673,0.011517,0.001184,0.000114,8.5e-05,0.000506,0.002511,6.2e-05,0.010835,0.03637,0.004327,0.002599,0.000561,0.148806,0.000415,0.00015,0.000388,0.003859,2.8e-05,5.8e-05,0.134753,0.072103,0.413297,0.058675,0.159304,0.030421,0.034574,0.568892,0.001053,0.001424,0.01489,0.000218,0.060589,0.11444,0.028545,0.170903,0.006685,0.005756,3.6e-05,0.002697,0.000428,0.643447,0.000167,3.5e-05,0.000418,5.2e-05,1.7e-05,0.019883,0.001608,0.000691,0.073158,0.0162,0.000904,1.1e-05,0.052559,0.01537,0.731876,0.00578,0.027077,0.072848,0.001387,0.000529,0.008244,2.4e-05,6e-06,2.5e-05,8e-06,0.000151,0.596051,0.18194,0.455571,7.3e-05,0.078724,0.003012,4.4e-05,0.000104,8.4e-05,0.000639,0.14775,0.008152,0.003359,0.037737,1.3e-05,8.2e-05,1.8e-05,0.132115,0.00015,1.1e-05,0.030214,0.000487,0.064586,0.010413,0.000336,0.470478,0.000278,0.000104,0.000186,4.5e-05,3.2e-05,1.9e-05,1.3e-05
"manyara/kiteto/chapakazi",0,0,0,0,0,0,0,0,0,0,0,0,0,0,0,0,0,0,0,0,0,0,0,0,0,0,0,0,0,0,0,0,0,0,0,0,0,0,0,0,0,0,0,0,0,0,0,0,0,0,0,0,0,0,0,0,0,0,0,0,0,0,0,0,0,0,0,0,0,0,0,0,0,0,0,0,0,0,0,0,0,0,0,0,0,0,0,0,0,0,0,0,0,0,0,0,0,0,0,0,0,0,0,0,0,0,0,0,0,0,0,0,0,0,0,0,0,0,0,0,0,0,0,0,0,0,0,0,0,0,0,0,0,0,0,0,0,0,0,0,0,0,0,0,0,0,0,0,0,0,0,0,0,0,0,0,0,0,0,0,0,0,0,0,0,0,0,0,0,0,0,0,0,0,0,0,0,0,0,0,0,0,0,0,0,0,0,0,0,0,0,0,0,0,0,0,0,0,0,0,0,0,0,0,0,0,0,0,0,0,0,0,0,0,0,0,0,0,0,0,0,0,0,0,0,0,0,0,0,0,0,0,0,0,0,0,0,0,0,0,0,0,0,0,0,0,0,0,0,0,0,0,0,0,0,0,0,0,0,0,0,0,0,0,0,0,0,0,0,0,0,0,0,0,0,0,0,0,0,0,0,0,0,0,0,0,0,0,0,0,0,0,0,0,0,0,0,0,0,0,0,0,0,0,0,0,0,0,0,0,0,0,0,0,0,0,0,0,0,0,0,0,0,0,0,0,0,0,0,0,0,0,0,0,0,0,0,0,0,0,0,0,0,0,0,0,0,0,0,0,0,0,0,0,0,0,0,0,0,0,0,0,0,0,0,0,0,0,0,0,0,0,0,0,0,0,0,0,0,0,0,0,0,0,0,0,0,0,0,0,0,0,0,0,0,0,0,0
"kilimanjaro/same/chome",0,0,0,0,0,0,0,0,0,0,0,0,0,0,0,0,0,0,0,0,0,0,0,0,0,0,0,0,0,0,0,0,0,0,0,0,0,0,0,0,0,0,0,0,0,0,0,0,0,0,0,0,0,0,0,0,0,0,0,0,0,0,0,0,0,0,0,0,0,0,0,0,0,0,0,0,0,0,0,0,0,0,0,0,0,0,0,0,0,0,0,0,0,0,0,0,0,0,0,0,0,0,0,0,0,0,0,0,0,0,0,0,0,0,0,0,0,0,0,0,0,0,0,0,0,0,0,0,0,0,0,0,0,0,0,0,0,0,0,0,0,0,0,0,0,0,0,0,0,0,0,0,0,0,0,0,0,0,0,0,0,0,0,0,0,0,0,0,0,0,0,0,0,0,0,0,0,0,0,0,0,0,0,0,0,0,0,0,0,0,0,0,0,0,0,0,0,0,0,0,0,0,0,0,0,0,0,0,0,0,0,0,0,0,0,0,0,0,0,0,0,0,0,0,0,0,0,0,0,0,0,0,0,0,0,0,0,0,0,0,0,0,0,0,0,0,0,0,0,0,0,0,0,0,0,0,0,0,0,0,0,0,0,0,0,0,0,0,0,0,0,0,0,0,0,0,0,0,0,0,0,0,0,0,0,0,0,0,0,0,0,0,0,0,0,0,0,0,0,0,0,0,0,0,0,0,0,0,0,0,0,0,0,0,0,0,0,0,0,0,0,0,0,0,0,0,0,0,0,0,0,0,0,0,0,0,0,0,0,0,0,0,0,0,0,0,0,0,0,0,0,0,0,0,0,0,0,0,0,0,0,0,0,0,0,0,0,0,0,0,0,0,0,0,0,0,0,0,0,0,0,0,0,0,0,0,0,0,0,0,0,0,0,0,0,0,0,0
"kilimanjaro/mwanga/chomvu",0,0,0,0,0,0,0,0,0,0,0,0,0,0,0,0,0,0,0,0,0,0,0,0,0,0,0,0,0,0,0,0,0,0,0,0,0,0,0,0,0,0,0,0,0,0,0,0,0,0,0,0,0,0,0,0,0,0,0,0,0,0,0,0,0,0,0,0,0,0,0,0,0,0,0,0,0,0,0,0,0,0,0,0,0,0,0,0,0,0,0,0,0,0,0,0,0,0,0,0,0,0,0,0,0,0,0,0,0,0,0,0,0,0,0,0,0,0,0,0,0,0,0,0,0,0,0,0,0,0,0,0,0,0,0,0,0,0,0,0,0,0,0,0,0,0,0,0,0,0,0,0,0,0,0,0,0,0,0,0,0,0,0,0,0,0,0,0,0,0,0,0,0,0,0,0,0,0,0,0,0,0,0,0,0,0,0,0,0,0,0,0,0,0,0,0,0,0,0,0,0,0,0,0,0,0,0,0,0,0,0,0,0,0,0,0,0,0,0,0,0,0,0,0,0,0,0,0,0,0,0,0,0,0,0,0,0,0,0,0,0,0,0,0,0,0,0,0,0,0,0,0,0,0,0,0,0,0,0,0,0,0,0,0,0,0,0,0,0,0,0,0,0,0,0,0,0,0,0,0,0,0,0,0,0,0,0,0,0,0,0,0,0,0,0,0,0,0,0,0,0,0,0,0,0,0,0,0,0,0,0,0,0,0,0,0,0,0,0,0,0,0,0,0,0,0,0,0,0,0,0,0,0,0,0,0,0,0,0,0,0,0,0,0,0,0,0,0,0,0,0,0,0,0,0,0,0,0,0,0,0,0,0,0,0,0,0,0,0,0,0,0,0,0,0,0,0,0,0,0,0,0,0,0,0,0,0,0,0,0,0,0,0,0,0,0,0,0
"arusha/karatu/daa",0.000146,0.000408,1.2e-05,0.001261,2.6e-05,0.000479,3.2e-05,4.9e-05,1.3e-05,0.004021,6.7e-05,8e-06,0.000118,0.001749,0.003738,0.000193,8.6e-05,0.000146,2.4e-05,7.3e-05,9e-06,0.000103,1.1e-05,1e-05,7e-06,3e-06,2.3e-05,0.000236,2e-06,1e-05,0.000495,1.2e-05,4e-06,6e-06,0,4.6e-05,0.000177,0.001196,0.000617,0.000713,4.7e-05,8e-06,0.000479,0.001517,7.9e-05,1.6e-05,0.000171,0.043614,0.004439,0.002277,9.1e-05,0.002256,0.000625,5e-05,0.000607,8e-06,1.7e-05,2.5e-05,0.000292,0.113766,0.000658,0.004895,0.001003,3.5e-05,1e-06,0.001142,0.000877,3.6e-05,0.001657,0.002083,0.000888,2e-06,2.5e-05,0.001481,4.9e-05,0.001687,0.000278,8e-06,1.1e-05,1.9e-05,5e-06,5.8e-05,2.9e-05,9e-06,3.4e-05,9.8e-05,0.004009,2.1e-05,0.000898,0.001358,5e-06,2e-05,0.003271,0.000932,0.000105,0.005987,0.000264,4e-06,0.001524,0.000376,5.9e-05,0.000177,0.000263,0.000278,5.1e-05,0.002467,0.00047,0.000342,0.000178,0.090702,0.000184,0.001051,0.000306,7e-06,1.5e-05,1.1e-05,0.001431,7e-06,0.001863,0.000184,9.8e-05,0.003462,1e-05,3.6e-05,4e-06,0.000105,0.000368,0.007657,0.000526,1.2e-05,1e-05,0.000362,0.000699,7.7e-05,3e-06,0.000974,5.9e-05,0.00022,0.006847,0.000566,0.000301,6e-06,0.000366,5.2e-05,2.2e-05,0.000516,6.4e-05,0.000784,0.000668,0.000216,1.1e-05,8e-06,1.7e-05,1e-05,0.000444,0.013494,4.7e-05,0.000194,4.6e-05,0.02697,0.000102,0.002188,5e-06,2.5e-05,1.2e-05,8e-06,0.000134,0.000168,0.001925,5.5e-05,0.000129,0.008934,0.029847,0.000211,6.7e-05,0.000511,0.008259,1.9e-05,0.000555,0.000204,3e-06,0.000179,0.000759,8.8e-05,0.003788,0.065874,8e-06,1.5e-05,0.001877,0.000581,0.000145,0.000309,0.002106,5.1e-05,0.003228,1.9e-05,1.1e-05,2.8e-05,0.000637,0.000134,0.002682,0.000138,0.000427,1e-05,9e-04,8.9e-05,0.00545,0.008411,0.004081,1.4e-05,1.2e-05,5.3e-05,0.001787,5e-06,0.000279,0.00011,0.000131,0.008205,7.5e-05,0.000461,4.6e-05,1.2e-05,1.4e-05,1.5e-05,0.002308,5.4e-05,0.003327,2.5e-05,0.000953,8e-06,8e-06,0.000109,0.00592,0.004282,5.6e-05,1e-06,1.5e-05,0.000439,0.006709,9e-06,0.000237,0.049724,5e-06,0.011402,5e-06,1e-05,3.5e-05,0.001272,1.5e-05,0.000184,0.009864,0.017751,4.1e-05,0.002454,0.000511,0.000213,1.4e-05,5.1e-05,8e-06,7e-06,5e-06,0.00021,3.8e-05,6e-06,0.024973,0.000109,5.9e-05,0.004435,1.3e-05,0.00084,0.003623,0.001338,9e-06,7e-06,0.004835,2.6e-05,0.000245,0.000684,8e-05,0.001771,8.8e-05,8.4e-05,0.025394,0.000188,1.1e-05,3.3e-05,5e-06,3.1e-05,5.1e-05,1.3e-05,5.1e-05,0.000161,1.9e-05,0.006192,0.000139,0.000308,0.003147,5.3e-05,0.000262,0.029255,5e-06,3e-06,9e-06,0.000104,1.2e-05,0.020128,0.000209,2.5e-05,1.6e-05,1.3e-05,0.003135,0.004504,3.4e-05,8e-06,9.2e-05,0.002791,6.6e-05,0.007187,0.002949,0.003566,0.000356,0.00412,0.000328,0.001614,0.026078,0.001775,0.002272,7.7e-05,0.000152,0.000728,0.001018,0.000489,0.031226,0.004311,0.000638,1.4e-05,4.8e-05,0.000291,0.006036,4.7e-05,0.001145,8e-06,0.000316,3.1e-05,0.000985,0.000164,0.000581,0.001208,0.000763,0.00068,4.2e-05,0.000847,7.9e-05,0.012016,0.006327,0.002053,0.000852,4.4e-05,2e-05,0.000139,2.6e-05,9e-06,1.9e-05,5e-06,0.000113,0.007685,0.002234,0.005151,1.7e-05,0.000721,5.3e-05,2e-06,8e-06,3.4e-05,2.5e-05,0.000494,0.00035,1.8e-05,0.003801,4.8e-05,4e-06,4e-05,0.005991,0.000234,4.8e-05,0.000218,1.2e-05,0.001365,0.000247,8e-06,0.00257,9e-06,7e-06,1.5e-05,2e-06,3e-06,5.3e-05,6.3e-05
"manyara/babati/dabil",2.2e-05,1e-05,2e-06,6.8e-05,0.000145,0.000103,1e-05,1e-05,5.9e-05,0.007532,0.000206,4.4e-05,1.6e-05,0.000251,0.000491,2.6e-05,6.5e-05,0.003986,9.5e-05,0.000295,3e-06,1.7e-05,4.3e-05,2e-06,2e-06,1e-06,7.6e-05,1e-05,1e-06,3e-06,8.8e-05,8e-06,1e-06,2e-06,4.1e-05,0,2.4e-05,0.015443,5.5e-05,5.9e-05,6.8e-05,4.9e-05,0.00023,0.003505,4.9e-05,0.000123,1.1e-05,0.005935,0.001343,1.7e-05,2.7e-05,1e-05,9e-06,5.7e-05,0.010482,0.000263,3e-06,1.8e-05,1e-04,0.002976,6.7e-05,0.000204,0.000101,2e-05,0,0.000169,8.6e-05,1.9e-05,7.2e-05,0.001733,5e-06,2.6e-05,4e-06,0.000219,0.000227,0.000119,1.4e-05,0.000133,2.3e-05,3.8e-05,4.8e-05,0.000403,9.7e-05,3.8e-05,0.001494,1.6e-05,0.000746,7.9e-05,0.001234,0.000416,6.9e-05,3.3e-05,0.00071,0.000122,6e-06,0.001292,4.5e-05,1e-06,0.000333,8.2e-05,2.1e-05,8e-06,7.7e-05,3.8e-05,1e-05,0.000419,1.2e-05,6.7e-05,2.7e-05,0.000851,3.1e-05,0.000207,0.00339,1e-06,3e-06,2e-06,0.000269,5e-06,0.000375,3.4e-05,1.8e-05,0.000655,2e-06,9e-06,1e-06,3.1e-05,0.000169,0.001288,8.9e-05,2e-06,2e-06,7.7e-05,0.000157,1.5e-05,1e-06,0.000137,8e-06,4.5e-05,0.000805,0.000108,5.1e-05,2e-06,4.8e-05,1e-05,4e-06,0.000126,0.000108,0.000164,0.000136,4.5e-05,2e-06,2e-06,4e-06,3e-06,0.000121,0.001569,9e-06,1.4e-05,1.8e-05,0.005454,2.3e-05,0.000631,1e-06,6e-06,4.5e-05,2.9e-05,3.2e-05,2.6e-05,0.000276,1.4e-05,5.9e-05,0.000633,0.004107,6.4e-05,1.1e-05,0.000268,0.00165,2e-06,0.000109,8.8e-05,1e-06,1.2e-05,0.000238,1.8e-05,0.000687,0.013267,1e-06,3e-06,0.000349,0.000105,2.9e-05,0.001471,0.000189,9e-05,0.001669,1e-05,2e-06,4.1e-05,0.000127,3e-06,0.000428,8.8e-05,0.000128,2e-06,0.000183,1.5e-05,0.001184,0.00066,0.000152,3e-06,3e-06,3.1e-05,0.000383,1e-06,6e-06,3.1e-05,8e-06,0.001682,1.5e-05,9.5e-05,0.000129,2e-06,0.000308,3e-06,0.000419,9e-06,0.000588,5e-06,6.8e-05,0.000166,0.000152,3.8e-05,0.000528,0.000577,3.9e-05,0,3e-06,8.2e-05,0.000162,2e-06,4.7e-05,0.006689,1e-06,0.002956,1e-06,2e-06,7e-06,0.000198,0.000166,2.7e-05,0.001333,0.001513,4e-06,0.000362,9.2e-05,6.3e-05,3e-06,1.2e-05,2e-06,2e-06,1e-06,4.8e-05,4e-06,2e-06,0.000645,9e-06,5.9e-05,0.000487,1.7e-05,0.000245,0.000395,0.000315,2e-06,2e-06,0.001028,5e-06,7.3e-05,0.000221,2.4e-05,3.4e-05,1.9e-05,3e-06,0.003163,9.6e-05,6e-06,6.5e-05,6.6e-05,6e-06,0.000487,2e-06,2.8e-05,2.5e-05,6e-06,0.001039,2.8e-05,4.9e-05,0.000433,7e-06,6.8e-05,0.000175,1e-06,1e-06,2e-06,2.8e-05,8e-06,0.002853,3e-05,4e-06,2e-06,2e-06,0.000412,9e-05,2.7e-05,2e-06,1.8e-05,5e-06,5e-06,0.000887,0.000587,0.000586,7e-05,0.000473,5.7e-05,0.000247,0.003314,0.000147,0.000179,1.1e-05,1.6e-05,9.3e-05,0.000138,5.8e-05,0.003475,0.000391,0.000228,8e-06,1e-05,1.8e-05,0.000915,4.9e-05,5e-06,2e-06,5e-06,0.000181,0.00029,5.5e-05,3.8e-05,0.000151,0.000209,5.2e-05,1e-05,0.000138,1.2e-05,0.001661,0.000289,0.000196,0.000197,1.1e-05,4e-06,2.8e-05,7.8e-05,6.5e-05,5e-05,2.7e-05,1.1e-05,0.001068,0.000314,0.000698,1e-05,0.000104,1.1e-05,1e-06,2e-06,1.6e-05,5e-06,7.5e-05,8.7e-05,3e-06,0.000509,2.3e-05,1e-06,8.6e-05,0.001181,0.003136,9e-06,3e-05,2e-06,0.000265,4.8e-05,2e-06,0.000408,2e-06,2e-06,4e-06,1e-06,1e-06,5.6e-05,2e-05
"arusha/arushaurban/darajambili",0,0,0,0,0,0,0,0,0,0,0,0,0,0,0,0,0,0,0,0,0,0,0,0,0,0,0,0,0,0,0,0,0,0,0,0,0,0,0,0,0,0,0,0,0,0,0,0,0,0,0,0,0,0,0,0,0,0,0,0,0,0,0,0,0,0,0,0,0,0,0,0,0,0,0,0,0,0,0,0,0,0,0,0,0,0,0,0,0,0,0,0,0,0,0,0,0,0,0,0,0,0,0,0,0,0,0,0,0,0,0,0,0,0,0,0,0,0,0,0,0,0,0,0,0,0,0,0,0,0,0,0,0,0,0,0,0,0,0,0,0,0,0,0,0,0,0,0,0,0,0,0,0,0,0,0,0,0,0,0,0,0,0,0,0,0,0,0,0,0,0,0,0,0,0,0,0,0,0,0,0,0,0,0,0,0,0,0,0,0,0,0,0,0,0,0,0,0,0,0,0,0,0,0,0,0,0,0,0,0,0,0,0,0,0,0,0,0,0,0,0,0,0,0,0,0,0,0,0,0,0,0,0,0,0,0,0,0,0,0,0,0,0,0,0,0,0,0,0,0,0,0,0,0,0,0,0,0,0,0,0,0,0,0,0,0,0,0,0,0,0,0,0,0,0,0,0,0,0,0,0,0,0,0,0,0,0,0,0,0,0,0,0,0,0,0,0,0,0,0,0,0,0,0,0,0,0,0,0,0,0,0,0,0,0,0,0,0,0,0,0,0,0,0,0,0,0,0,0,0,0,0,0,0,0,0,0,0,0,0,0,0,0,0,0,0,0,0,0,0,0,0,0,0,0,0,0,0,0,0,0,0,0,0,0,0,0,0,0,0,0,0,0,0,0,0,0,0,0,0,0,0,0,0,0,0,0,0,0,0,0,0,0,0,0,0,0,0
"manyara/babati/dareda",0.000143,6.5e-05,1.5e-05,0.000403,0.004825,0.000633,9e-05,9.3e-05,0.000501,0.081626,0.002627,0.000129,0.000107,0.001653,0.002839,0.000221,4e-04,0.014158,0.000281,0.000844,1.5e-05,0.000105,0.000319,1.2e-05,1.2e-05,4e-06,0.00073,8.1e-05,6e-06,1.8e-05,0.000582,4.1e-05,7e-06,9e-06,0.000284,0.00414,0.000163,0,0.000449,0.000348,0.000367,0.000156,0.001238,0.023816,0.000261,0.0012,7.1e-05,0.03867,0.00984,0.000126,0.000244,6.6e-05,6.7e-05,0.000259,0.036404,0.000577,2.1e-05,0.00015,0.000601,0.017945,0.00041,0.001351,0.000643,0.000108,0,0.001123,0.000585,9.3e-05,0.000544,0.013524,3.6e-05,5.6e-05,2.4e-05,0.001952,0.000645,0.000738,9e-05,0.00023,7.9e-05,0.000138,0.000207,0.002506,0.000513,0.000136,0.001711,0.000125,0.004637,0.000262,0.004789,0.002405,0.00021,0.000118,0.004232,0.000798,3.9e-05,0.011051,0.000275,5e-06,0.002025,0.000497,0.000205,4.7e-05,0.000441,0.00025,6.3e-05,0.002519,9.1e-05,0.000411,0.000168,0.006125,0.000194,0.001241,0.007885,6e-06,1.9e-05,1.4e-05,0.001685,2.5e-05,0.002277,0.000208,0.000111,0.003972,1.4e-05,5.2e-05,6e-06,0.000181,0.000938,0.008182,0.000582,1.5e-05,1.2e-05,0.000462,0.000944,9.3e-05,4e-06,0.000905,5e-05,0.00027,0.004913,0.000664,0.000322,1e-05,0.000321,6.1e-05,2.6e-05,0.00075,0.001639,0.000994,0.000819,0.000272,1.3e-05,1.2e-05,2.1e-05,1.7e-05,0.000699,0.010655,5.6e-05,9.1e-05,0.000106,0.032674,0.00014,0.004292,6e-06,3.7e-05,0.000133,9.4e-05,0.000192,0.000164,0.001837,8.2e-05,0.000323,0.004525,0.026882,0.000386,6.8e-05,0.001794,0.012407,1.3e-05,0.000665,0.000494,6e-06,7.1e-05,0.001378,0.000113,0.004204,0.077821,8e-06,1.6e-05,0.002145,0.000646,0.000178,0.02482,0.001613,0.000369,0.01564,5.4e-05,1.4e-05,0.000522,0.000776,2.1e-05,0.002743,0.000536,0.000751,1.2e-05,0.001096,9.1e-05,0.007079,0.004915,0.000933,1.7e-05,1.5e-05,0.000269,0.002279,7e-06,3.9e-05,0.000181,6.4e-05,0.009947,9.2e-05,0.000573,0.000521,1.3e-05,0.003532,1.6e-05,0.002599,5.8e-05,0.003609,3.1e-05,0.000491,0.000379,0.000781,0.000276,0.003196,0.00392,0.000207,1e-06,1.8e-05,0.000532,0.001132,1.2e-05,0.000301,0.046976,6e-06,0.017421,8e-06,1.2e-05,4.3e-05,0.001307,0.000366,0.000189,0.008796,0.010048,2.7e-05,0.002395,0.000551,0.000363,1.7e-05,7.2e-05,1e-05,1.1e-05,8e-06,0.000294,3.3e-05,1.1e-05,0.004741,5.9e-05,0.000693,0.003294,0.000189,0.002185,0.002633,0.001895,1.2e-05,1.1e-05,0.006142,3.2e-05,0.000419,0.001407,0.000238,0.000228,0.000121,1.7e-05,0.01901,0.000975,3.3e-05,0.000668,0.000172,3.6e-05,0.002485,1.3e-05,0.000165,0.000155,3.2e-05,0.006812,0.000171,0.000302,0.002761,4.7e-05,0.000417,0.001162,6e-06,4e-06,1.2e-05,0.000166,4.3e-05,0.023691,0.000197,2.5e-05,1.5e-05,1.5e-05,0.002772,0.00057,0.000145,1e-05,0.000111,3.3e-05,3.2e-05,0.005683,0.003501,0.00398,0.00048,0.003117,0.000358,0.001502,0.021699,0.000859,0.001054,7.3e-05,9.1e-05,0.000617,0.000907,0.00039,0.021372,0.00229,0.001382,4.4e-05,5.9e-05,0.00011,0.005938,0.000363,3.9e-05,1e-05,3.4e-05,0.002526,0.001723,0.000315,0.000229,0.000987,0.001238,0.000306,9.5e-05,0.000859,7.6e-05,0.010951,0.00203,0.001385,0.001276,6.3e-05,2.4e-05,0.000169,0.001287,0.000253,0.000546,0.000113,6.2e-05,0.007013,0.0021,0.004657,5.1e-05,0.000672,6.4e-05,4e-06,1.4e-05,8.7e-05,2.8e-05,0.000505,0.000611,1.7e-05,0.003136,0.000202,6e-06,0.000851,0.007024,0.006951,7.5e-05,0.000197,1.4e-05,0.001617,0.000294,1e-05,0.002644,1.1e-05,1.2e-05,2.4e-05,4e-06,5e-06,0.000481,0.000117
"manyara/mbulu/daudi",1.4e-05,1.3e-05,1e-06,5.6e-05,1e-05,4.9e-05,4e-05,8.3e-05,4e-06,0.0013,2.2e-05,2e-06,1.1e-05,0.000167,0.000493,0.000868,3e-05,4.7e-05,5e-06,1.6e-05,1e-06,9e-06,3e-06,1e-06,1e-06,0,7e-06,8.1e-05,0,1e-06,5.2e-05,2e-06,0,1e-06,0.000134,1.3e-05,1.7e-05,0.000412,0,4e-05,1.5e-05,2e-06,5.8e-05,0.000589,1e-05,5e-06,1.1e-05,0.00421,0.000698,1e-04,0.000112,2.4e-05,3.2e-05,1.2e-05,0.000166,2e-06,2e-06,6e-06,3.5e-05,0.00379,4.5e-05,0.000239,7.5e-05,4e-06,0,0.000112,7.5e-05,7e-06,0.000141,0.000466,1.3e-05,0,2e-06,0.002063,1e-05,9.5e-05,1.4e-05,2e-06,2e-06,4e-06,1e-06,1.6e-05,1e-05,2e-06,9e-06,0.000144,0.000391,5e-06,0.000175,0.000149,1e-06,4e-06,0.000321,8.4e-05,6e-06,0.01037,2.4e-05,0,0.000154,3.8e-05,5.9e-05,9e-06,2.8e-05,2.6e-05,5e-06,0.000217,0.000151,3.3e-05,1.6e-05,0.002391,1.7e-05,9.9e-05,7.2e-05,1e-06,1e-06,1e-06,0.000142,1e-06,0.000181,1.7e-05,9e-06,0.000327,1e-06,4e-06,0,1.1e-05,4.5e-05,0.000743,5.3e-05,1e-06,1e-06,3.6e-05,7e-05,8e-06,0,9.2e-05,5e-06,2.1e-05,0.000508,5.4e-05,2.9e-05,1e-06,3.4e-05,5e-06,2e-06,5.3e-05,2.9e-05,7.7e-05,6.5e-05,2.1e-05,1e-06,1e-06,2e-06,1e-06,4.6e-05,0.001257,4e-06,1.2e-05,6e-06,0.002675,1e-05,0.000294,0,3e-06,2e-06,1e-06,1.4e-05,1.5e-05,0.000187,6e-06,1.6e-05,0.000737,0.002865,2.4e-05,6e-06,8.2e-05,0.001215,1e-06,5.4e-05,2.5e-05,0,9e-06,8.4e-05,9e-06,0.000356,0.006704,1e-06,1e-06,0.000179,5.5e-05,1.4e-05,0.000125,0.000974,1.2e-05,0.000958,2e-06,1e-06,1e-05,6.2e-05,6e-06,0.000256,2.1e-05,4.7e-05,1e-06,8.6e-05,8e-06,0.000539,0.000844,0.000154,1e-06,1e-06,1.3e-05,0.000174,1e-06,1.5e-05,1.2e-05,0.000347,0.00078,7e-06,4.5e-05,1.3e-05,1e-06,4e-06,1e-06,0.000221,5e-06,0.00031,3e-06,0.000405,2e-06,2e-06,5.8e-05,0.000367,0.000422,8e-06,0,1e-06,4.6e-05,0.000274,1e-06,2.5e-05,0.005714,0,0.00121,1e-06,1e-06,3e-06,0.000126,4e-06,2e-05,0.000926,0.001343,4e-06,0.000239,4.6e-05,2.3e-05,1e-06,5e-06,1e-06,1e-06,1e-06,2.2e-05,5e-06,1e-06,0.001402,7e-06,3.6e-05,0.000393,4e-06,0.000227,0.00031,0.000138,1e-06,1e-06,0.000473,2e-06,2.6e-05,8.6e-05,6.8e-05,5.5e-05,9e-06,3e-06,0.001934,0.000156,1e-06,1e-05,1e-06,3e-06,1.7e-05,1e-06,7e-06,1.4e-05,2e-06,0.000633,1.4e-05,2.7e-05,0.000277,5e-06,2.9e-05,0.000355,0,0,1e-06,1.1e-05,2e-06,0.004474,2e-05,2e-06,2e-06,1e-06,0.000299,0.000121,5e-06,1e-06,9e-06,1.4e-05,4e-06,0.000606,0.000278,0.000384,4.2e-05,0.000353,3.1e-05,0.000137,0.002391,9.8e-05,0.000123,7e-06,9e-06,6.7e-05,9.4e-05,4.4e-05,0.002356,0.000252,7.8e-05,2e-06,5e-06,1.5e-05,0.000577,1e-05,1.7e-05,1e-06,1.1e-05,1e-05,0.000109,1.8e-05,2.9e-05,0.000106,8.2e-05,3.6e-05,6.2e-05,7.8e-05,7e-06,0.001142,0.000389,0.000187,9.7e-05,5e-06,2e-06,1.4e-05,9e-06,2e-06,6e-06,1e-06,7e-06,0.000722,0.000217,0.000492,2e-06,6.6e-05,5e-06,0,1e-06,4e-06,2e-06,5e-05,4.7e-05,2e-06,0.000308,3.7e-05,0,1.8e-05,0.000562,6.5e-05,0.000114,2.1e-05,1e-06,0.000131,2.4e-05,1e-06,0.000249,1e-06,1e-06,2e-06,0,0,2.8e-05,1.5e-05
"arusha/ngorongoro/digodigo",0,0,0,0,0,0,0,0,0,0,0,0,0,0,0,0,0,0,0,0,0,0,0,0,0,0,0,0,0,0,0,0,0,0,0,0,0,0,0,0,0,0,0,0,0,0,0,0,0,0,0,0,0,0,0,0,0,0,0,0,0,0,0,0,0,0,0,0,0,0,0,0,0,0,0,0,0,0,0,0,0,0,0,0,0,0,0,0,0,0,0,0,0,0,0,0,0,0,0,0,0,0,0,0,0,0,0,0,0,0,0,0,0,0,0,0,0,0,0,0,0,0,0,0,0,0,0,0,0,0,0,0,0,0,0,0,0,0,0,0,0,0,0,0,0,0,0,0,0,0,0,0,0,0,0,0,0,0,0,0,0,0,0,0,0,0,0,0,0,0,0,0,0,0,0,0,0,0,0,0,0,0,0,0,0,0,0,0,0,0,0,0,0,0,0,0,0,0,0,0,0,0,0,0,0,0,0,0,0,0,0,0,0,0,0,0,0,0,0,0,0,0,0,0,0,0,0,0,0,0,0,0,0,0,0,0,0,0,0,0,0,0,0,0,0,0,0,0,0,0,0,0,0,0,0,0,0,0,0,0,0,0,0,0,0,0,0,0,0,0,0,0,0,0,0,0,0,0,0,0,0,0,0,0,0,0,0,0,0,0,0,0,0,0,0,0,0,0,0,0,0,0,0,0,0,0,0,0,0,0,0,0,0,0,0,0,0,0,0,0,0,0,0,0,0,0,0,0,0,0,0,0,0,0,0,0,0,0,0,0,0,0,0,0,0,0,0,0,0,0,0,0,0,0,0,0,0,0,0,0,0,0,0,0,0,0,0,0,0,0,0,0,0,0,0,0,0,0,0,0,0,0,0,0,0,0,0,0,0,0,0,0,0,0,0,0,0,0
"manyara/mbulu/dinamu",0,0,0,0,0,0,0,0,0,0,0,0,0,0,0,0,0,0,0,0,0,0,0,0,0,0,0,0,0,0,0,0,0,0,0,0,0,0,0,0,0,0,0,0,0,0,0,0,0,0,0,0,0,0,0,0,0,0,0,0,0,0,0,0,0,0,0,0,0,0,0,0,0,0,0,0,0,0,0,0,0,0,0,0,0,0,0,0,0,0,0,0,0,0,0,0,0,0,0,0,0,0,0,0,0,0,0,0,0,0,0,0,0,0,0,0,0,0,0,0,0,0,0,0,0,0,0,0,0,0,0,0,0,0,0,0,0,0,0,0,0,0,0,0,0,0,0,0,0,0,0,0,0,0,0,0,0,0,0,0,0,0,0,0,0,0,0,0,0,0,0,0,0,0,0,0,0,0,0,0,0,0,0,0,0,0,0,0,0,0,0,0,0,0,0,0,0,0,0,0,0,0,0,0,0,0,0,0,0,0,0,0,0,0,0,0,0,0,0,0,0,0,0,0,0,0,0,0,0,0,0,0,0,0,0,0,0,0,0,0,0,0,0,0,0,0,0,0,0,0,0,0,0,0,0,0,0,0,0,0,0,0,0,0,0,0,0,0,0,0,0,0,0,0,0,0,0,0,0,0,0,0,0,0,0,0,0,0,0,0,0,0,0,0,0,0,0,0,0,0,0,0,0,0,0,0,0,0,0,0,0,0,0,0,0,0,0,0,0,0,0,0,0,0,0,0,0,0,0,0,0,0,0,0,0,0,0,0,0,0,0,0,0,0,0,0,0,0,0,0,0,0,0,0,0,0,0,0,0,0,0,0,0,0,0,0,0,0,0,0,0,0,0,0,0,0,0,0,0,0,0,0,0,0,0,0,0,0,0,0,0,0,0,0,0,0,0,0
"manyara/hanang/dirma",2.4e-05,9e-06,3e-06,6.9e-05,3.5e-05,0.00013,4e-06,5e-06,4.4e-05,0.004427,0.000104,0.000325,1.8e-05,0.000274,0.000279,1.2e-05,2.4e-05,0.000302,5.2e-05,0.000235,4e-06,2e-05,4.6e-05,3e-06,3e-06,1e-06,5.5e-05,6e-06,2e-06,4e-06,9.8e-05,1.7e-05,2e-06,2e-06,2.7e-05,0.000193,2.6e-05,0.00231,2.7e-05,6.5e-05,2.2e-05,0,0.000425,0.000877,0.000107,5.9e-05,1.1e-05,0.006324,0.001397,1e-05,1.1e-05,7e-06,6e-06,2.5e-05,0.005928,7e-05,4e-06,1.7e-05,0.000144,0.002364,7.5e-05,0.00019,0.000108,4.2e-05,0,0.000183,8.5e-05,1.1e-05,5.3e-05,0.00184,4e-06,5.8e-05,5e-06,0.00011,0.000532,0.000127,1.4e-05,6.5e-05,2.3e-05,2.2e-05,5.7e-05,0.000385,2.3e-05,0.000643,0.000307,7e-06,9e-04,2.9e-05,0.000766,0.000597,0.00014,3.1e-05,0.000911,0.000133,6e-06,0.000566,5.3e-05,1e-06,0.000423,0.000105,9e-06,6e-06,0.000109,4e-05,1.3e-05,0.00051,7e-06,8.3e-05,3.1e-05,0.000597,3.7e-05,0.00026,0.011255,1e-06,4e-06,3e-06,0.000322,1e-05,0.000467,4.2e-05,2.2e-05,0.000807,3e-06,1.1e-05,1e-06,4.5e-05,0.000295,0.001492,0.000102,3e-06,3e-06,9.8e-05,0.000202,1.9e-05,1e-06,0.000148,8e-06,5.6e-05,0.000918,0.000133,6e-05,3e-06,5.2e-05,1.2e-05,6e-06,0.000166,3.9e-05,0.000207,0.00017,5.7e-05,3e-06,3e-06,4e-06,4e-06,0.000167,0.00159,1.2e-05,1.5e-05,2.9e-05,0.006756,3e-05,0.000744,1e-06,8e-06,5.9e-05,0.000195,4.1e-05,3e-05,0.000297,1.8e-05,0.000103,0.00056,0.004403,8.9e-05,1.3e-05,0.000368,0.001523,2e-06,0.000134,0.000147,1e-06,1.3e-05,0.000344,2.3e-05,0.000835,0.016232,2e-06,3e-06,0.000426,0.000127,3.6e-05,0.000289,0.000108,3.8e-05,0.001139,2e-05,3e-06,2e-05,0.000158,2e-06,0.000489,0.000151,0.000182,2e-06,0.000231,1.7e-05,0.001514,0.000547,0.000146,4e-06,3e-06,2.7e-05,0.00049,1e-06,4e-06,4.4e-05,4e-06,0.002136,1.9e-05,0.000121,4.1e-05,2e-06,4.8e-05,3e-06,0.000505,1.1e-05,0.000709,6e-06,3.4e-05,0.000135,4.2e-05,1.5e-05,0.000583,0.000601,8.9e-05,0,4e-06,9.4e-05,0.000132,3e-06,5.6e-05,0.006325,1e-06,0.003954,2e-06,2e-06,9e-06,0.000219,0.00032,2.8e-05,0.001435,0.001518,4e-06,0.000395,0.000112,8.9e-05,4e-06,1.6e-05,2e-06,3e-06,2e-06,6e-05,3e-06,3e-06,0.000478,1e-05,2e-05,0.000495,1.1e-05,0.000168,0.000409,0.000409,3e-06,3e-06,0.00131,7e-06,0.000103,0.000295,1.1e-05,2.8e-05,2.4e-05,2e-06,0.003641,3.7e-05,1.2e-05,4.5e-05,0.000255,7e-06,6.8e-05,3e-06,5.1e-05,3e-05,8e-06,0.001165,3.5e-05,5.8e-05,0.000487,8e-06,9e-05,0.000129,1e-06,1e-06,2e-06,3.8e-05,1.6e-05,0.001961,3.3e-05,4e-06,3e-06,3e-06,0.000433,7.7e-05,6.2e-05,2e-06,2.3e-05,3e-06,6e-06,0.000976,0.000739,0.000628,7.6e-05,0.000501,6.8e-05,0.000293,0.00353,0.000161,0.000196,1.2e-05,1.8e-05,9.8e-05,0.000149,6.1e-05,0.003869,0.000436,0.000331,1.6e-05,1.2e-05,1.9e-05,0.001023,5.9e-05,4e-06,2e-06,3e-06,7.3e-05,0.000403,8.1e-05,4.1e-05,0.000163,0.000286,5.6e-05,5e-06,0.000162,1.3e-05,0.001792,0.00025,0.000185,0.000237,1.4e-05,5e-06,3.4e-05,3.1e-05,0.000256,3.2e-05,0.000164,1.2e-05,0.001163,0.000337,0.000744,2e-05,0.000117,1.3e-05,1e-06,3e-06,2.9e-05,6e-06,8.1e-05,9.6e-05,3e-06,0.000587,9e-06,1e-06,2.2e-05,0.001484,0.000555,4e-06,3.2e-05,3e-06,0.000328,6e-05,2e-06,0.000461,2e-06,3e-06,6e-06,1e-06,1e-06,1.7e-05,9e-06
"manyara/kiteto/dongo",0.000101,2.2e-05,2.1e-05,0.000213,7e-06,0.000847,2e-06,3e-06,8e-06,0.001504,2.6e-05,9e-06,7.3e-05,0.001096,0.000206,8e-06,9e-06,4.4e-05,9e-06,3.5e-05,5.9e-05,1e-04,8e-06,1.6e-05,3.7e-05,5e-06,1.3e-05,5e-06,0.000121,6.1e-05,0.000414,0.000948,2.1e-05,1.7e-05,3.5e-05,1.9e-05,0.000101,0.000377,1.9e-05,0.000242,7e-06,9e-06,0,0.000241,0.01056,8e-06,3.4e-05,0.023411,0.003098,1.1e-05,6e-06,9e-06,8e-06,9e-06,0.000372,4e-06,2e-05,1.5e-05,0.001823,0.004238,0.000317,0.000529,0.000426,0.007867,0,0.00071,0.000267,5e-06,8.6e-05,0.001633,6e-06,1e-06,2.4e-05,7.4e-05,4.2e-05,0.000461,4.5e-05,4e-06,6e-06,6e-06,3e-06,4e-05,6e-06,1.5e-05,1.8e-05,4e-06,0.004971,6e-06,0.000249,0.009153,4e-06,9e-06,0.006484,0.000538,1.9e-05,0.000319,0.000282,1e-05,0.002879,0.000736,5e-06,8e-06,0.001509,0.000155,8e-05,0.00288,6e-06,0.000502,0.000146,0.000899,0.000201,0.001668,0.00024,4e-06,2.6e-05,2e-05,0.001744,0.000534,0.002936,0.00025,0.00013,0.004841,2.4e-05,9.3e-05,1.1e-05,0.000673,0.049008,0.007166,0.000457,2e-05,1.7e-05,0.000666,0.001469,0.000116,7e-06,0.000585,3.1e-05,0.000358,0.004123,0.000789,0.000297,3.7e-05,0.000195,7.4e-05,3.7e-05,0.001376,1.3e-05,0.001376,0.001102,0.000381,1.7e-05,2.1e-05,3.1e-05,4.2e-05,0.001859,0.005181,7.8e-05,5.3e-05,0.000748,0.040675,0.000231,0.002866,7e-06,7.2e-05,8e-06,1.1e-05,0.000302,0.000141,0.001144,0.000146,0.034936,0.001334,0.016642,0.000932,7e-05,0.001244,0.002998,1.1e-05,0.000819,0.012651,1.9e-05,4.3e-05,0.0056,0.000149,0.004748,0.090559,9e-06,1.9e-05,0.002458,0.000716,0.000216,6.6e-05,9.3e-05,1.1e-05,0.000802,0.013454,2.1e-05,8e-06,0.000985,4e-06,0.002254,0.001055,0.002482,1.1e-05,0.001534,8.6e-05,0.010598,0.001067,0.000409,2.5e-05,2.2e-05,2.3e-05,0.003461,1e-05,4e-06,0.00056,3e-06,0.014339,0.000126,0.000808,1e-05,1.1e-05,6e-06,1.7e-05,0.002785,6.1e-05,0.003935,3.6e-05,2.4e-05,5e-06,4e-06,7e-06,0.002328,0.002075,0.003637,1e-06,2.3e-05,0.00044,0.000274,1.7e-05,0.000285,0.015872,8e-06,0.034677,2.3e-05,1.6e-05,5.5e-05,9e-04,1.1e-05,9.2e-05,0.005525,0.004987,1.2e-05,0.001574,0.000662,0.001219,2.4e-05,0.000122,1.3e-05,3.1e-05,2.5e-05,0.000399,5e-06,3.4e-05,0.000794,4e-05,7e-06,0.001655,4e-06,0.00015,0.001444,0.003101,2.1e-05,3.1e-05,0.009022,4.6e-05,0.001467,0.00202,6e-06,6e-05,0.000139,7e-06,0.016673,1.7e-05,0.002357,1.5e-05,4e-06,4.7e-05,1.2e-05,1.3e-05,0.001261,0.000157,0.00011,0.004962,0.000222,0.000299,0.002151,2.9e-05,0.000704,0.000218,9e-06,7e-06,1.5e-05,0.000363,0.000557,0.002137,0.000135,1.9e-05,1.1e-05,1.7e-05,0.001549,0.00017,0.000981,1.3e-05,0.000146,5e-06,2.3e-05,0.004056,0.00481,0.002267,0.00027,0.001872,0.000358,0.001525,0.013228,0.000576,0.000702,4.7e-05,6.8e-05,0.000364,0.000586,0.000223,0.016338,0.001659,0.004027,0.001277,7.4e-05,6.6e-05,0.004396,5e-05,5e-06,1.2e-05,6e-06,1.3e-05,0.004538,0.0018,0.000141,0.000643,0.002897,0.000202,3e-06,0.000829,5.5e-05,0.006928,0.000589,0.000502,0.001222,0.00011,3.5e-05,0.000209,8e-06,8e-06,9e-06,6e-06,4.4e-05,0.004633,0.001272,0.002772,0.005529,0.000508,8e-05,9e-06,4.6e-05,0.037197,3.7e-05,0.000301,0.000302,1.1e-05,0.002779,4e-06,1.3e-05,6e-06,0.00955,7.6e-05,2e-06,0.000121,1.8e-05,0.001994,0.000376,1.2e-05,0.00204,1.5e-05,3.4e-05,7.3e-05,9e-06,2.1e-05,6e-06,5e-06
"manyara/mbulu/dongobesh",2.5e-05,1.6e-05,3e-06,9.5e-05,9.6e-05,0.000108,3.1e-05,2.9e-05,2.3e-05,0.005543,0.000123,1.5e-05,1.9e-05,0.000288,0.001364,7.6e-05,0.000488,0.001198,8e-05,0.000195,2e-06,1.9e-05,1.7e-05,2e-06,2e-06,1e-06,3.7e-05,2.2e-05,1e-06,3e-06,9.6e-05,6e-06,1e-06,2e-06,8.7e-05,0.000225,2.8e-05,0.005824,0.000155,7.5e-05,0.000529,1.4e-05,0.000191,0,3.7e-05,3.9e-05,1.4e-05,0.006947,0.001354,3.8e-05,9.7e-05,2.2e-05,1.7e-05,0.000168,0.001663,2.6e-05,4e-06,1.5e-05,9.2e-05,0.005508,8.1e-05,0.000294,0.000123,1.6e-05,0,0.000193,0.000107,4.7e-05,0.000115,0.001351,1e-05,5e-06,4e-06,0.000527,1e-04,0.000154,1.9e-05,2.9e-05,2e-05,5.2e-05,1e-05,0.000117,0.000946,1.4e-05,0.000124,5.7e-05,0.000808,0.00011,0.001875,0.000399,1.3e-05,3.3e-05,0.000744,0.000143,8e-06,0.004389,4.9e-05,1e-06,0.000348,8.6e-05,5.8e-05,1.6e-05,7.5e-05,4.4e-05,1.1e-05,0.000463,3e-05,7.2e-05,3e-05,0.001587,3.5e-05,0.000222,0.000764,1e-06,3e-06,2e-06,0.00029,3e-06,0.000399,3.7e-05,2e-05,0.000707,2e-06,9e-06,1e-06,3e-05,0.000142,0.001426,9.9e-05,3e-06,2e-06,8.1e-05,0.000163,1.6e-05,1e-06,0.000158,9e-06,4.7e-05,0.000954,0.000116,5.6e-05,2e-06,5.6e-05,1.1e-05,5e-06,0.000128,0.000148,0.000173,0.000144,4.8e-05,2e-06,2e-06,4e-06,3e-06,0.00012,0.001904,1e-05,1.8e-05,1.6e-05,0.005816,2.4e-05,0.00062,1e-06,6e-06,2.6e-05,1.2e-05,3.2e-05,2.9e-05,0.000318,1.4e-05,4.9e-05,0.000868,0.004785,6.1e-05,1.2e-05,0.00022,0.001892,3e-06,0.000116,7.5e-05,1e-06,1.6e-05,0.000226,1.9e-05,0.000748,0.014223,2e-06,3e-06,0.000378,0.000114,3.1e-05,0.002575,0.000376,0.000212,0.001868,8e-06,2e-06,4e-05,0.000136,5e-06,0.000479,6.6e-05,0.000124,2e-06,0.000195,1.6e-05,0.001241,0.000922,0.000225,3e-06,3e-06,2.9e-05,0.000402,1e-06,1.5e-05,3.1e-05,2.1e-05,0.00179,1.6e-05,0.000101,0.000362,2e-06,5.4e-05,3e-06,0.000456,1e-05,0.000644,5e-06,0.000222,2.3e-05,2.4e-05,0.000207,0.000657,0.000678,2.8e-05,0,3e-06,8.9e-05,0.000261,2e-06,5e-05,0.008151,1e-06,0.002965,1e-06,2e-06,7e-06,0.000224,4.1e-05,3.2e-05,0.001554,0.001931,5e-06,0.000414,1e-04,6.1e-05,3e-06,1.2e-05,2e-06,2e-06,1e-06,4.9e-05,6e-06,2e-06,0.001082,1.2e-05,0.000177,0.000595,1.5e-05,0.000314,0.000481,0.000323,2e-06,2e-06,0.001083,6e-06,7e-05,0.000208,5.5e-05,5.5e-05,2e-05,4e-06,0.003719,0.000303,5e-06,4.3e-05,1.3e-05,6e-06,0.000751,2e-06,2.2e-05,2.8e-05,5e-06,0.001156,3e-05,5.5e-05,0.000499,8e-06,6.8e-05,0.000332,1e-06,1e-06,2e-06,2.8e-05,6e-06,0.004212,3.4e-05,4e-06,3e-06,3e-06,0.000485,0.000152,1.8e-05,2e-06,2e-05,1e-05,7e-06,0.001045,0.000628,0.00066,7.6e-05,0.000568,6.3e-05,0.000279,0.003918,0.000191,0.000232,1.3e-05,2e-05,0.000109,0.00016,7e-05,0.004166,0.000494,0.000208,6e-06,1e-05,2.4e-05,0.001038,3.4e-05,1.1e-05,2e-06,8e-06,7.5e-05,0.000281,5.1e-05,5.1e-05,0.000178,0.000206,6.7e-05,3e-05,0.000153,1.3e-05,0.001928,0.000423,0.000251,0.000203,1.1e-05,4e-06,3e-05,5.7e-05,1.7e-05,2.9e-05,8e-06,1.3e-05,0.001236,0.000364,0.000815,7e-06,0.000119,1.1e-05,1e-06,2e-06,1.3e-05,5e-06,8.6e-05,9e-05,3e-06,0.000589,0.000115,1e-06,0.000714,0.001267,0.001596,2.5e-05,3.4e-05,2e-06,0.000285,5.2e-05,2e-06,0.000458,2e-06,2e-06,4e-06,1e-06,1e-06,0.000543,7.9e-05
"manyara/kiteto/dosidosi",0.000881,0.000198,0.000166,0.00184,9.1e-05,0.006752,2.4e-05,3e-05,0.000103,0.01874,0.000339,0.000123,0.000633,0.009575,0.002078,8.4e-05,1e-04,0.000535,0.000104,0.000419,0.000363,0.000832,0.000112,0.000125,0.000245,3.8e-05,0.00017,5.6e-05,0.003145,0.000395,0.003676,0.115833,0.000141,0.000126,0.000334,0.000235,0.000892,0.004653,0.000201,0.002034,7.7e-05,0.000129,0.423576,0.002731,0,0.00011,0.000298,0.182754,0.032509,0.000112,6.3e-05,8.4e-05,7.6e-05,9.3e-05,0.005024,5.9e-05,0.000171,0.000182,0.014157,0.038162,0.002639,0.004701,0.003633,0.31779,2e-06,0.006283,0.002405,5.6e-05,0.000837,0.02093,5.4e-05,2e-05,0.000194,0.000789,0.000535,0.003918,0.000393,5.5e-05,6.4e-05,6.5e-05,4.7e-05,0.000559,6.3e-05,0.000235,0.000234,4.4e-05,0.039875,6.6e-05,0.00272,0.05634,6e-05,0.000103,0.048222,0.004662,0.000165,0.003402,0.00231,7.2e-05,0.022387,0.005714,5.1e-05,7.3e-05,0.009567,0.001368,0.00064,0.022596,6e-05,0.004022,0.001226,0.008597,0.001645,0.012917,0.003261,3.3e-05,0.000201,0.000155,0.014371,0.015505,0.022992,0.001993,0.001044,0.03766,0.000181,0.000703,8.1e-05,0.004217,0.169789,0.058539,0.003963,0.000157,0.000133,0.005168,0.011266,0.000928,5.6e-05,0.005135,0.000272,0.002825,0.033345,0.006327,0.002493,0.000236,0.001726,0.000594,0.000283,0.010275,0.00015,0.010741,0.008619,0.002977,0.000135,0.000163,0.000235,0.000299,0.01259,0.045528,0.000606,0.000453,0.005244,0.268286,0.001761,0.027942,5.7e-05,0.000539,9.5e-05,0.000154,0.002357,0.00119,0.01009,0.00111,0.075692,0.012381,0.134359,0.007134,0.000572,0.015082,0.030169,8.9e-05,0.006529,0.056042,0.000125,0.000367,0.03481,0.001188,0.037446,0.48955,7.5e-05,0.000149,0.019637,0.005794,0.001746,0.000784,0.000973,0.00012,0.009244,0.079423,0.000163,9.1e-05,0.007815,3.7e-05,0.019028,0.015003,0.016531,9.6e-05,0.011828,0.000714,0.077867,0.010263,0.003581,0.00019,0.000171,0.000282,0.026092,7.3e-05,3.5e-05,0.003661,3.4e-05,0.103022,0.000982,0.006267,0.000112,9.5e-05,7.4e-05,0.000141,0.022499,0.000498,0.031314,0.000297,0.000249,7.3e-05,5.1e-05,7.8e-05,0.019245,0.018564,0.32613,1e-05,0.000181,0.003828,0.002542,0.000134,0.002441,0.138231,6.3e-05,0.221497,0.000158,0.000124,0.000435,0.007885,0.000147,0.000849,0.047227,0.042966,0.000111,0.013769,0.005227,0.007924,0.000182,0.000928,0.000101,0.000211,0.000167,0.00322,5e-05,0.000224,0.00759,0.000339,8.5e-05,0.014713,5.4e-05,0.001652,0.012684,0.023573,0.000156,0.000219,0.066791,0.000355,0.009367,0.018288,7e-05,0.000554,0.001162,5.8e-05,0.125839,0.000189,0.026089,0.000194,6.2e-05,0.000369,0.000147,0.000109,0.015486,0.001276,0.00071,0.042465,0.001765,0.002448,0.01807,0.000254,0.005581,0.00204,6.7e-05,5.6e-05,0.000117,0.002673,0.01318,0.022126,0.001181,0.000163,9.4e-05,0.000139,0.013759,0.00154,0.035871,0.000102,0.001151,4.6e-05,0.000191,0.03396,0.036493,0.02045,0.002534,0.016235,0.002964,0.012259,0.108344,0.004857,0.005914,0.000411,0.000572,0.003217,0.005127,0.001975,0.125852,0.013785,0.03247,0.023436,0.000591,0.000562,0.037184,0.000686,4.9e-05,9.8e-05,5.3e-05,0.000169,0.032399,0.010406,0.001201,0.005579,0.020788,0.001711,2.8e-05,0.006826,0.000478,0.058809,0.005425,0.004642,0.010724,0.000837,0.000272,0.001678,9.9e-05,0.000122,0.000113,9.1e-05,0.00037,0.03958,0.011245,0.024276,0.16372,0.004348,0.00064,6.6e-05,0.000303,0.032101,0.000288,0.002705,0.002997,9.4e-05,0.022609,4.2e-05,9.3e-05,7e-05,0.070854,0.000915,2.6e-05,0.001068,0.000139,0.015778,0.002975,9.8e-05,0.017437,0.000119,0.000231,0.000487,6.3e-05,0.000132,6.8e-05,5.1e-05
"manyara/babati/duru",0,0,0,0,0,0,0,0,0,0,0,0,0,0,0,0,0,0,0,0,0,0,0,0,0,0,0,0,0,0,0,0,0,0,0,0,0,0,0,0,0,0,0,0,0,0,0,0,0,0,0,0,0,0,0,0,0,0,0,0,0,0,0,0,0,0,0,0,0,0,0,0,0,0,0,0,0,0,0,0,0,0,0,0,0,0,0,0,0,0,0,0,0,0,0,0,0,0,0,0,0,0,0,0,0,0,0,0,0,0,0,0,0,0,0,0,0,0,0,0,0,0,0,0,0,0,0,0,0,0,0,0,0,0,0,0,0,0,0,0,0,0,0,0,0,0,0,0,0,0,0,0,0,0,0,0,0,0,0,0,0,0,0,0,0,0,0,0,0,0,0,0,0,0,0,0,0,0,0,0,0,0,0,0,0,0,0,0,0,0,0,0,0,0,0,0,0,0,0,0,0,0,0,0,0,0,0,0,0,0,0,0,0,0,0,0,0,0,0,0,0,0,0,0,0,0,0,0,0,0,0,0,0,0,0,0,0,0,0,0,0,0,0,0,0,0,0,0,0,0,0,0,0,0,0,0,0,0,0,0,0,0,0,0,0,0,0,0,0,0,0,0,0,0,0,0,0,0,0,0,0,0,0,0,0,0,0,0,0,0,0,0,0,0,0,0,0,0,0,0,0,0,0,0,0,0,0,0,0,0,0,0,0,0,0,0,0,0,0,0,0,0,0,0,0,0,0,0,0,0,0,0,0,0,0,0,0,0,0,0,0,0,0,0,0,0,0,0,0,0,0,0,0,0,0,0,0,0,0,0,0,0,0,0,0,0,0,0,0,0,0,0,0,0,0,0,0,0,0,0,0,0,0,0,0,0,0,0,0,0,0,0,0,0,0,0,0,0
"arusha/longido/elengatadapash",0,0,0,0,0,0,0,0,0,0,0,0,0,0,0,0,0,0,0,0,0,0,0,0,0,0,0,0,0,0,0,0,0,0,0,0,0,0,0,0,0,0,0,0,0,0,0,0,0,0,0,0,0,0,0,0,0,0,0,0,0,0,0,0,0,0,0,0,0,0,0,0,0,0,0,0,0,0,0,0,0,0,0,0,0,0,0,0,0,0,0,0,0,0,0,0,0,0,0,0,0,0,0,0,0,0,0,0,0,0,0,0,0,0,0,0,0,0,0,0,0,0,0,0,0,0,0,0,0,0,0,0,0,0,0,0,0,0,0,0,0,0,0,0,0,0,0,0,0,0,0,0,0,0,0,0,0,0,0,0,0,0,0,0,0,0,0,0,0,0,0,0,0,0,0,0,0,0,0,0,0,0,0,0,0,0,0,0,0,0,0,0,0,0,0,0,0,0,0,0,0,0,0,0,0,0,0,0,0,0,0,0,0,0,0,0,0,0,0,0,0,0,0,0,0,0,0,0,0,0,0,0,0,0,0,0,0,0,0,0,0,0,0,0,0,0,0,0,0,0,0,0,0,0,0,0,0,0,0,0,0,0,0,0,0,0,0,0,0,0,0,0,0,0,0,0,0,0,0,0,0,0,0,0,0,0,0,0,0,0,0,0,0,0,0,0,0,0,0,0,0,0,0,0,0,0,0,0,0,0,0,0,0,0,0,0,0,0,0,0,0,0,0,0,0,0,0,0,0,0,0,0,0,0,0,0,0,0,0,0,0,0,0,0,0,0,0,0,0,0,0,0,0,0,0,0,0,0,0,0,0,0,0,0,0,0,0,0,0,0,0,0,0,0,0,0,0,0,0,0,0,0,0,0,0,0,0,0,0,0,0,0,0,0,0,0,0,0
"arusha/arushaurban/elerai",1.3e-05,0,0,0,0,3e-06,0,0,0,1e-06,0,0,1.5e-05,0.000307,0,0,0,0,0,0,0,1e-06,0,0,0,0,0,0,0,0,2.1e-05,0,0,0,0,0,9.6e-05,0,0,0,0,0,0,0,0,0,0,0,8e-06,0,0,0,0,0,0,0,0,0,1e-06,2e-06,1e-06,2e-06,7e-06,0,0,0.000157,1.3e-05,0,0,1e-06,0,0,0,0,0,1e-06,0,0,0,0,0,0,0,0,0,0,4.4e-05,0,0,1e-06,0,0,1.2e-05,7.6e-05,0,0,3e-06,0,8e-06,2e-06,0,0,0,0.000212,0,1.1e-05,0,2e-06,3e-06,1e-06,2e-06,4e-06,0,5e-06,0,0,1.8e-05,0,1.1e-05,1e-06,0,2.1e-05,0,0,0,0,0,0.000128,1.7e-05,0,0,1e-06,3e-06,1e-06,0,0.000258,1.5e-05,1e-06,2e-05,4e-06,6e-06,0,0.000455,0,0,2e-06,0,4e-06,3e-06,1e-06,0,0,0,0,1e-06,0.000537,0,0,0,0.000182,0,6e-06,0,0,0,0,1e-06,4e-06,0.000428,0,0,1e-05,0.033574,0,1e-06,0,1e-05,0,4e-06,0,0,0,1e-06,1e-06,3e-05,0.000866,0,0,1.5e-05,5e-06,1e-06,0,0,0,1e-06,0,0,0,4e-06,0,8.6e-05,0,0,0,4e-06,1e-06,2.2e-05,5e-06,1e-06,0,0,0,6e-06,0,0,0,0,2.8e-05,0,2e-06,0,0,0,0,2.4e-05,1e-06,2.8e-05,0,0,0,0,0,6e-06,0.00034,0,0,0,6e-06,1e-06,0,3e-06,0.000367,0,2.2e-05,0,0,0,9.3e-05,0,4e-06,0.005338,8.8e-05,1e-06,0.000344,2e-06,0,0,0,0,0,0,1e-06,0,0,2e-06,0,0,0.000171,0,0,0.000147,5e-06,0,0,1.9e-05,0,0,1e-06,0,0,1e-06,0,7e-05,0,0,0,0,0,0,0,0,1e-06,0,0.00025,1e-06,3e-06,5.7e-05,9.9e-05,1e-06,0,0,0,0,0,0,3e-06,2.5e-05,1e-06,1e-06,0,0.000548,0,0,0,1e-06,0,0,0.000114,1.2e-05,6.9e-05,4e-06,0.000202,4e-06,9e-06,0.003781,0,0,1.9e-05,0,0.00036,0.000257,6.2e-05,9.7e-05,2e-06,1e-06,0,0,0,0.000375,0,0,0,0,0,2e-06,0,0,8.2e-05,2e-06,0,0,1.1e-05,6e-06,0.005644,3e-06,1.1e-05,5e-06,0,0,1e-06,0,0,0,0,0,0.001537,0.000445,0.004401,0,3.3e-05,0,0,0,0,0,3.4e-05,1e-06,6e-06,1.6e-05,0,0,0,2.3e-05,0,0,0.000212,0,9e-06,1e-06,0,0.000116,0,0,0,0,0,0,0
"manyara/simanjiro/emboreet",0.000168,1.3e-05,8e-06,4.7e-05,6e-06,0.000506,2e-06,3e-06,5e-06,0.001848,2.6e-05,2e-06,0.000116,0.001997,8.8e-05,8e-06,3e-06,1.6e-05,2e-06,7e-06,5e-06,5.8e-05,5e-06,9e-06,5e-06,3e-06,1.1e-05,7e-06,1e-06,7e-06,0.001549,7e-06,3e-06,5e-06,1.8e-05,6e-06,0.000202,0.000171,1.3e-05,7.3e-05,3e-06,2e-06,0.000176,9.7e-05,3.2e-05,6e-06,3.3e-05,0.046114,0,7e-06,4e-06,5e-06,1e-05,3e-06,0.000123,2e-06,2.9e-05,5.1e-05,0.000431,0.001161,0.000102,0.000313,0.000367,2.1e-05,0,0.001554,0.000547,2e-06,0.000171,0.003217,5e-06,0,1.7e-05,8.9e-05,7e-06,0.000155,2.6e-05,1e-06,1e-06,2e-06,2e-06,1.6e-05,3e-06,3e-06,7e-06,2e-06,0.003974,2e-06,5.2e-05,0.000711,2e-06,2e-06,0.002269,0.000777,1.4e-05,0.000286,0.000194,3e-06,0.001441,0.000317,5e-06,3e-06,0.000163,0.000297,4.4e-05,0.001181,6e-06,0.000295,0.000131,0.000664,0.000135,0.000643,5.1e-05,7e-06,1e-05,7e-06,0.001622,6e-06,0.001518,0.000128,5.2e-05,0.002438,8e-06,3.1e-05,3e-06,6.9e-05,0.00018,0.005975,0.000764,9e-06,7e-06,0.000195,0.000584,6.5e-05,2e-06,0.001092,5.4e-05,0.000172,0.001984,0.000469,0.000302,4e-06,0.000372,4.2e-05,1.2e-05,0.000431,9e-06,0.000636,0.000494,0.000164,7e-06,9e-06,1e-05,9e-06,0.000283,0.012615,1.8e-05,2.6e-05,5e-05,0.023189,8.2e-05,0.013428,4e-06,2.1e-05,1e-06,2e-06,0.000141,0.000141,0.002447,5.3e-05,5.6e-05,0.002221,0.032203,0.000288,4.6e-05,0.001816,0.036705,6e-06,0.000461,0.000153,2e-06,1.3e-05,0.000595,8.3e-05,0.002819,0.091651,5e-06,1e-05,0.001524,0.000459,0.000141,4.5e-05,0.000101,3e-06,0.001561,1e-05,8e-06,1e-05,0.000534,5e-06,0.002857,0.000263,0.000253,1.4e-05,0.000578,7.5e-05,0.004105,0.002387,0.000162,1e-05,9e-06,6.7e-05,0.001172,3e-06,2e-06,6.9e-05,3e-06,0.004684,5.2e-05,0.000325,3e-06,1.5e-05,3e-06,1.2e-05,0.002065,4.3e-05,0.002456,2.7e-05,1.7e-05,2e-06,2e-06,3e-06,0.000919,0.005693,3.5e-05,1e-06,1.1e-05,0.000551,0.000212,6e-06,0.000397,0.127516,4e-06,0.007355,4e-06,8e-06,2.9e-05,0.00178,3e-06,0.000377,0.010156,0.004828,2.5e-05,0.003123,0.000278,0.000151,8e-06,4.3e-05,7e-06,5e-06,4e-06,0.000189,2.1e-05,4e-06,0.00082,2.2e-05,7e-06,0.003428,7e-06,0.000503,0.002437,0.001253,7e-06,6e-06,0.003407,1.7e-05,0.000166,0.001437,8e-06,4.9e-05,0.000137,4e-06,0.00742,1.6e-05,5e-06,1.3e-05,1e-06,1.8e-05,7e-06,1e-05,6e-05,8.9e-05,1.3e-05,0.009867,0.000115,0.000192,0.001593,5.7e-05,0.000366,0.000135,3e-06,3e-06,8e-06,9.9e-05,1e-05,0.004593,0.000225,2.6e-05,1.7e-05,9e-06,0.002528,5.5e-05,2.7e-05,7e-06,7e-05,4e-06,5e-06,0.003065,0.001739,0.005684,0.001502,0.002796,0.000304,0.000745,0.016162,0.000108,0.00014,9.1e-05,1.6e-05,0.000695,0.001011,0.000406,0.007226,0.000452,0.000748,7e-06,4.2e-05,2.6e-05,0.006696,8.8e-05,5e-06,7e-06,7e-06,7e-06,0.001055,0.000124,4.6e-05,0.00092,0.000702,6.1e-05,3e-06,0.000643,8.6e-05,0.013079,0.000621,0.001436,0.001596,3.8e-05,1.2e-05,0.000124,8e-06,2e-06,9e-06,2e-06,1.1e-05,0.007955,0.001978,0.005871,9e-06,0.000654,4.6e-05,2e-06,6e-06,1.4e-05,1.4e-05,0.00081,0.003219,2.1e-05,0.001146,3e-06,3e-06,4e-06,0.003402,3.1e-05,2e-06,0.000243,9e-06,0.001081,0.000184,6e-06,0.003076,6e-06,5e-06,1e-05,2e-06,2e-06,4e-06,2e-06
"arusha/karatu/endabash",0.000375,0.000626,2.9e-05,0.002061,9e-05,0.001189,0.000144,0.000234,4.2e-05,0.014185,0.000235,2.3e-05,0.000298,0.004493,0.008749,0.000995,0.000276,0.000477,6.8e-05,0.000207,2.1e-05,0.000251,3.5e-05,2.4e-05,1.7e-05,8e-06,7.8e-05,0.00177,4e-06,2.5e-05,0.001313,3e-05,1e-05,1.5e-05,0.017199,0.000147,0.000458,0.004055,0.003499,0.001326,0.000148,2.3e-05,0.001196,0.005089,0.000202,5.5e-05,0.000376,0.107248,0.013694,0,0.000397,0.001591,0.002793,0.000143,0.001938,2.6e-05,4.4e-05,8.7e-05,0.000752,0.140887,0.001402,0.009732,0.002312,8.9e-05,1e-06,0.002985,0.002248,9.4e-05,0.005433,0.006882,0.001224,6e-06,5.9e-05,0.007786,0.00014,0.003328,0.000528,2.5e-05,3e-05,5.4e-05,1.5e-05,0.000187,9.4e-05,2.6e-05,0.000106,0.000434,0.009899,6.1e-05,0.00242,0.00334,1.7e-05,5.3e-05,0.00786,0.002334,0.000218,0.026963,0.00064,9e-06,0.003748,0.000918,0.000261,0.000277,0.00064,0.000715,0.000125,0.005742,0.004536,0.000837,0.000435,0.186839,0.000447,0.002503,0.000919,1.7e-05,3.7e-05,2.7e-05,0.003583,1.9e-05,0.004531,0.000443,0.000238,0.008313,2.3e-05,8.8e-05,1e-05,0.000257,0.000931,0.019129,0.001359,2.9e-05,2.4e-05,0.000878,0.001706,0.000189,7e-06,0.002505,0.000149,0.000534,0.015043,0.00138,0.00075,1.4e-05,0.00094,0.000128,5.2e-05,0.001264,0.000241,0.001908,0.001616,0.000524,2.5e-05,1.9e-05,4.1e-05,2.5e-05,0.001075,0.034893,0.000111,0.000414,0.000117,0.064148,0.000249,0.006232,1.1e-05,6.1e-05,3.4e-05,2.2e-05,0.000333,0.000414,0.005009,0.000136,0.000324,0.023803,0.074465,0.000538,0.00016,0.001502,0.025838,4.3e-05,0.001355,0.000516,8e-06,0.000309,0.001875,0.000217,0.009138,0.15128,1.9e-05,3.5e-05,0.004569,0.001413,0.000358,0.001084,0.011651,0.000148,0.012066,4.8e-05,2.7e-05,0.000104,0.001555,0.000337,0.00674,0.000386,0.001057,2.6e-05,0.002154,0.000218,0.013139,0.025177,0.006342,3.4e-05,3e-05,0.000183,0.004283,1.3e-05,0.000519,0.000268,0.000872,0.019327,0.000181,0.001111,0.000139,3e-05,4.8e-05,3.6e-05,0.005665,0.000132,0.00803,6.3e-05,0.003706,2.6e-05,2.5e-05,0.000393,0.011888,0.011339,0.000145,2e-06,3.6e-05,0.001147,0.01374,2.3e-05,0.000612,0.134791,1.3e-05,0.027793,1.2e-05,2.4e-05,8.5e-05,0.003305,4.6e-05,0.000506,0.025037,0.041956,0.000106,0.00635,0.001205,0.000522,3.3e-05,0.000125,2e-05,1.7e-05,1.3e-05,0.000529,0.000132,1.6e-05,0.069012,0.00023,0.000231,0.011362,4.7e-05,0.003255,0.009076,0.003293,2.1e-05,1.6e-05,0.011606,6.1e-05,0.000599,0.001839,0.000365,0.002915,0.000225,0.000147,0.054854,0.000787,2.8e-05,0.000114,1.7e-05,7.4e-05,0.000166,3.2e-05,0.000136,0.000381,4.6e-05,0.016075,0.000339,0.000736,0.007673,0.000136,0.000665,0.023924,1.1e-05,7e-06,2.3e-05,0.000259,3.2e-05,0.078066,0.000534,6.4e-05,4.2e-05,3.1e-05,0.008175,0.005748,9.1e-05,1.9e-05,0.000222,0.001505,0.000123,0.017277,0.006995,0.009661,0.000996,0.010213,0.000811,0.003746,0.064393,0.003187,0.004089,2e-04,0.000286,0.001868,0.002596,0.001245,0.068289,0.008038,0.001661,3.6e-05,0.000117,0.000533,0.015263,0.000153,0.002201,2e-05,0.000768,0.000106,0.002467,0.000407,0.001031,0.003009,0.001888,0.001232,0.000199,0.002061,0.000201,0.030527,0.015123,0.005538,0.002268,0.000108,4.7e-05,0.000342,9.3e-05,2.7e-05,6.5e-05,1.5e-05,0.000208,0.019469,0.005821,0.013312,4.3e-05,0.001803,0.00013,5e-06,2e-05,8.5e-05,5.9e-05,0.001315,0.001021,4.7e-05,0.008752,0.000188,1e-05,0.000141,0.014122,0.000724,0.000238,0.000563,2.9e-05,0.003315,0.000597,2e-05,0.006543,2.2e-05,1.7e-05,3.5e-05,6e-06,8e-06,0.000193,0.000183
"manyara/mbulu/endagikot",1e-05,7e-06,1e-06,3.6e-05,1.5e-05,3.7e-05,0.000268,0.000125,4e-06,0.001639,2.9e-05,2e-06,8e-06,0.000118,0.000385,0.000239,4.3e-05,7.2e-05,7e-06,1.9e-05,1e-06,7e-06,3e-06,1e-06,1e-06,0,8e-06,2.4e-05,0,1e-06,3.8e-05,1e-06,0,0,5.6e-05,1.9e-05,1.2e-05,0.000637,0.000318,2.7e-05,2.2e-05,2e-06,5e-05,0.001049,9e-06,7e-06,7e-06,0.002929,0.000561,3.2e-05,0,1.2e-05,1.3e-05,1.4e-05,0.000217,3e-06,1e-06,6e-06,2.9e-05,0.00224,3.1e-05,0.00014,5e-05,4e-06,0,8e-05,4.9e-05,7e-06,7.4e-05,0.000458,6e-06,1e-06,2e-06,0.00107,1.2e-05,6.2e-05,8e-06,3e-06,2e-06,5e-06,2e-06,2e-05,1.5e-05,2e-06,1.2e-05,0.000133,0.00029,7e-06,0.000195,0.00012,2e-06,4e-06,0.000246,5.8e-05,4e-06,0.035806,1.8e-05,0,0.000118,2.9e-05,0.000174,6e-06,2.3e-05,1.8e-05,4e-06,0.00016,3.2e-05,2.5e-05,1.1e-05,0.001059,1.2e-05,7.5e-05,8.9e-05,0,1e-06,1e-06,0.000105,1e-06,0.000137,1.3e-05,7e-06,0.000244,1e-06,3e-06,0,9e-06,3.9e-05,0.000541,3.8e-05,1e-06,1e-06,2.7e-05,5.4e-05,6e-06,0,6.5e-05,4e-06,1.6e-05,0.000354,4.1e-05,2.1e-05,1e-06,2.4e-05,4e-06,2e-06,4.1e-05,4.9e-05,5.9e-05,4.9e-05,1.6e-05,1e-06,1e-06,1e-06,1e-06,3.7e-05,0.00085,3e-06,8e-06,5e-06,0.002015,8e-06,0.000234,0,2e-06,3e-06,2e-06,1.1e-05,1.1e-05,0.000132,4e-06,1.3e-05,0.000453,0.002001,1.9e-05,4e-06,7.2e-05,0.000899,1e-06,4e-05,2.1e-05,0,6e-06,6.8e-05,7e-06,0.000264,0.005026,1e-06,1e-06,0.000133,4.1e-05,1.1e-05,0.000226,0.00043,1.5e-05,0.000935,2e-06,1e-06,1.4e-05,4.7e-05,3e-06,0.000185,1.9e-05,3.8e-05,1e-06,6.5e-05,6e-06,0.000413,0.000516,9.3e-05,1e-06,1e-06,1.2e-05,0.000133,0,8e-06,9e-06,3.3e-05,0.000593,5e-06,3.4e-05,1.7e-05,1e-06,6e-06,1e-06,0.000164,4e-06,0.000229,2e-06,0.000191,3e-06,3e-06,9.2e-05,0.000247,0.000293,7e-06,0,1e-06,3.4e-05,0.000146,1e-06,1.9e-05,0.003919,0,0.000953,0,1e-06,3e-06,9e-05,4e-06,1.4e-05,0.000646,0.000868,2e-06,0.000169,3.4e-05,1.8e-05,1e-06,4e-06,1e-06,1e-06,0,1.7e-05,3e-06,1e-06,0.000697,5e-06,9.4e-05,0.000264,5e-06,0.000188,0.000209,0.000107,1e-06,1e-06,0.000361,2e-06,2.1e-05,7e-05,9.5e-05,2.9e-05,7e-06,2e-06,0.001358,0.000639,1e-06,1.2e-05,2e-06,2e-06,2.7e-05,1e-06,6e-06,1e-05,2e-06,0.000458,1e-05,2e-05,0.000195,3e-06,2.3e-05,0.000177,0,0,1e-06,9e-06,1e-06,0.002938,1.4e-05,2e-06,1e-06,1e-06,0.000207,6.8e-05,5e-06,1e-06,7e-06,6e-06,3e-06,0.000419,0.00021,0.000276,3.1e-05,0.00024,2.3e-05,9.9e-05,0.001649,6.6e-05,8.3e-05,5e-06,7e-06,4.6e-05,6.6e-05,3e-05,0.001613,0.000173,6.5e-05,2e-06,4e-06,9e-06,0.000412,1e-05,7e-06,1e-06,5e-06,1.4e-05,8.8e-05,1.5e-05,1.9e-05,7.3e-05,6.5e-05,2.4e-05,0.000147,5.6e-05,5e-06,0.000799,0.000225,0.000122,7.4e-05,4e-06,1e-06,1e-05,1.4e-05,3e-06,7e-06,1e-06,5e-06,0.000506,0.000152,0.000343,2e-06,4.7e-05,4e-06,0,1e-06,4e-06,2e-06,3.6e-05,3.6e-05,1e-06,0.000218,0.000157,0,3.8e-05,0.000424,9.1e-05,0.000104,1.4e-05,1e-06,9.8e-05,1.8e-05,1e-06,0.000179,1e-06,1e-06,1e-06,0,0,6.6e-05,1.6e-05
"arusha/karatu/endamaghang",1.8e-05,5.5e-05,2e-06,0.000152,3e-06,6.4e-05,4e-06,5e-06,2e-06,0.000493,8e-06,1e-06,1.4e-05,0.00021,0.000791,2.1e-05,9e-06,1.4e-05,3e-06,8e-06,1e-06,9e-06,1e-06,1e-06,1e-06,0,3e-06,1.9e-05,0,1e-06,9.3e-05,2e-06,1e-06,1e-06,0.000918,5e-06,2.1e-05,0.000113,4.5e-05,0.000109,7e-06,1e-06,4.9e-05,0.000153,8e-06,2e-06,2e-05,0.005283,0.000511,8.5e-05,8e-06,0,3.8e-05,8e-06,5.9e-05,1e-06,2e-06,3e-06,4e-05,0.025474,6.2e-05,0.000403,0.000123,5e-06,0,0.000136,9.8e-05,7e-06,0.000142,0.000176,5.3e-05,0,3e-06,0.000151,5e-06,0.00016,3.6e-05,1e-06,2e-06,3e-06,1e-06,5e-06,4e-06,1e-06,5e-06,8e-06,0.000522,3e-06,0.000108,0.000136,1e-06,2e-06,0.000451,0.000112,1.3e-05,0.000706,3.4e-05,1e-06,0.000205,5.1e-05,7e-06,5.4e-05,3.8e-05,3.3e-05,7e-06,0.000336,3.9e-05,4.5e-05,2.3e-05,0.004076,2.4e-05,0.000144,3.1e-05,1e-06,2e-06,2e-06,0.000184,1e-06,0.00025,2.5e-05,9e-06,0.000465,1e-06,5e-06,1e-06,1.5e-05,3.7e-05,0.000682,6.5e-05,2e-06,1e-06,3.5e-05,9.5e-05,1e-05,0,0.000116,7e-06,3e-05,0.000913,7.5e-05,3.8e-05,1e-06,4.3e-05,7e-06,3e-06,7.1e-05,6e-06,0.000106,9.1e-05,2.9e-05,1e-06,1e-06,2e-06,1e-06,6.3e-05,0.001545,5e-06,1.7e-05,6e-06,0.003659,1.4e-05,0.000188,1e-06,3e-06,1e-06,1e-06,1.8e-05,2.1e-05,0.000228,8e-06,1.3e-05,0.000652,0.003599,2.9e-05,9e-06,4.6e-05,0.000636,2e-06,7.4e-05,2.9e-05,0,2.9e-05,0.000107,1.2e-05,0.000503,0.014065,1e-06,2e-06,0.000248,7.6e-05,1.9e-05,4.1e-05,0.000135,6e-06,0.000254,3e-06,2e-06,3e-06,8.5e-05,1.1e-05,0.000334,1.9e-05,4.2e-05,1e-06,0.000123,1.1e-05,0.000747,0.000586,0.000666,2e-06,2e-06,4e-06,0.000246,1e-06,7.3e-05,1.6e-05,1.2e-05,0.001141,1e-05,6.3e-05,5e-06,1e-06,2e-06,2e-06,0.000301,7e-06,0.000439,3e-06,0.000131,1e-06,1e-06,1.1e-05,0.000821,0.000495,8e-06,0,2e-06,3.8e-05,0.000451,1e-06,3e-05,0.008623,1e-06,0.001118,1e-06,1e-06,5e-06,0.000153,2e-06,2.1e-05,0.001178,0.001455,5e-06,0.000294,6.9e-05,3e-05,2e-06,7e-06,1e-06,1e-06,1e-06,2e-05,4e-06,1e-06,0.001432,1.4e-05,7e-06,0.000508,2e-06,8.8e-05,0.000422,0.000182,1e-06,1e-06,0.000664,4e-06,3.5e-05,6.3e-05,9e-06,0.00019,1.1e-05,1e-05,0.003464,2.2e-05,1e-06,3e-06,1e-06,4e-06,7e-06,2e-06,7e-06,2.1e-05,3e-06,0.000755,1.9e-05,4e-05,0.000277,6e-06,3.5e-05,0.0045,1e-06,0,1e-06,1.4e-05,2e-06,0.001392,2.5e-05,3e-06,2e-06,2e-06,0.000258,0.000593,5e-06,1e-06,1.2e-05,0.000103,7e-06,0.000625,0.000406,0.000295,4.2e-05,0.000488,4.2e-05,0.000216,0.002213,0.000207,0.000258,9e-06,2.5e-05,8.6e-05,0.000122,5.7e-05,0.002888,0.000679,6.1e-05,1e-06,6e-06,4.2e-05,0.00074,6e-06,5.1e-05,1e-06,2.3e-05,3e-06,0.000136,2.3e-05,9e-05,0.000145,0.000106,0.000106,5e-06,0.000109,1e-05,0.001438,0.000454,0.000222,7.6e-05,6e-06,3e-06,1.9e-05,3e-06,1e-06,2e-06,1e-06,1.9e-05,0.000925,0.000186,0.000608,2e-06,8.9e-05,7e-06,0,1e-06,3e-06,3e-06,5.8e-05,2.9e-05,2e-06,0.000351,6e-06,1e-06,5e-06,0.000827,3.5e-05,5e-06,2.6e-05,2e-06,0.000183,3.3e-05,1e-06,0.000316,1e-06,1e-06,2e-06,0,0,7e-06,1.1e-05
"arusha/karatu/endamarariek",1e-06,2e-06,0,3e-06,0,3e-06,0,0,0,2.9e-05,0,0,1e-06,1.4e-05,1e-05,1e-06,0,1e-06,0,0,0,1e-06,0,0,0,0,0,3e-06,0,0,6e-06,0,0,0,1.1e-05,0,1e-06,5e-06,3e-06,3e-06,0,0,2e-06,5e-06,0,0,1e-06,0.000372,4e-05,6e-06,0,2e-06,0,0,2e-06,0,0,0,2e-06,0.00017,3e-06,2.4e-05,7e-06,0,0,9e-06,8e-06,0,3.4e-05,1.2e-05,4e-06,0,0,1.2e-05,0,7e-06,2e-06,0,0,0,0,0,0,0,0,0,2.8e-05,0,2e-06,6e-06,0,0,2e-05,7e-06,1e-06,3.3e-05,2e-06,0,1e-05,2e-06,0,0,1e-06,2e-06,0,1.5e-05,2e-06,2e-06,1e-06,0.00107,1e-06,6e-06,1e-06,0,0,0,1e-05,0,1.2e-05,1e-06,0,2.2e-05,0,0,0,1e-06,1e-06,4e-05,4e-06,0,0,2e-06,4e-06,1e-06,0,8e-06,0,1e-06,4.3e-05,4e-06,2e-06,0,3e-06,0,0,3e-06,0,5e-06,4e-06,1e-06,0,0,0,0,3e-06,0.000121,0,1e-06,0,0.000179,1e-06,1.2e-05,0,0,0,0,1e-06,1e-06,1.6e-05,0,1e-06,6.9e-05,0.00025,1e-06,0,3e-06,5.9e-05,0,4e-06,1e-06,0,1e-06,4e-06,1e-06,2.5e-05,0.000716,0,0,1.2e-05,4e-06,1e-06,2e-06,1.8e-05,0,2e-05,0,0,0,4e-06,2e-06,2e-05,1e-06,2e-06,0,6e-06,1e-06,3.4e-05,7.8e-05,1.5e-05,0,0,0,1.1e-05,0,0,1e-06,1e-06,5e-05,0,3e-06,0,0,0,0,1.6e-05,0,2.2e-05,0,3e-06,0,0,0,3.3e-05,3.7e-05,0,0,0,2e-06,4.4e-05,0,2e-06,0.00081,0,5e-05,0,0,0,1e-05,0,2e-06,8.1e-05,0.000104,0,2e-05,3e-06,1e-06,0,0,0,0,0,1e-06,1e-06,0,0.000397,1e-06,0,3.9e-05,0,9e-06,3e-05,8e-06,0,0,3e-05,0,1e-06,3e-06,1e-06,1e-05,1e-06,0,0.000158,1e-06,0,0,0,0,0,0,0,1e-06,0,4.9e-05,1e-06,2e-06,1.6e-05,0,2e-06,4.5e-05,0,0,0,1e-06,0,0.000194,2e-06,0,0,0,1.9e-05,8e-06,0,0,1e-06,2e-06,0,3.8e-05,1.8e-05,2.2e-05,3e-06,3.3e-05,2e-06,1e-05,0.000153,5e-06,7e-06,1e-06,1e-06,6e-06,8e-06,4e-06,0.000149,1.9e-05,3e-06,0,0,1e-06,4.7e-05,0,7e-06,0,6e-06,0,6e-06,1e-06,3e-06,1e-05,5e-06,3e-06,0,6e-06,1e-06,9.9e-05,4.6e-05,2e-05,4e-06,0,0,1e-06,0,0,0,0,0,6.2e-05,1.3e-05,4.3e-05,0,5e-06,0,0,0,0,0,4e-06,2e-06,0,1.8e-05,0,0,0,3.6e-05,1e-06,0,2e-06,0,9e-06,2e-06,0,2e-05,0,0,0,0,0,0,0
"manyara/mbulu/endamilay",0,0,0,0,0,0,0,0,0,0,0,0,0,0,0,0,0,0,0,0,0,0,0,0,0,0,0,0,0,0,0,0,0,0,0,0,0,0,0,0,0,0,0,0,0,0,0,0,0,0,0,0,0,0,0,0,0,0,0,0,0,0,0,0,0,0,0,0,0,0,0,0,0,0,0,0,0,0,0,0,0,0,0,0,0,0,0,0,0,0,0,0,0,0,0,0,0,0,0,0,0,0,0,0,0,0,0,0,0,0,0,0,0,0,0,0,0,0,0,0,0,0,0,0,0,0,0,0,0,0,0,0,0,0,0,0,0,0,0,0,0,0,0,0,0,0,0,0,0,0,0,0,0,0,0,0,0,0,0,0,0,0,0,0,0,0,0,0,0,0,0,0,0,0,0,0,0,0,0,0,0,0,0,0,0,0,0,0,0,0,0,0,0,0,0,0,0,0,0,0,0,0,0,0,0,0,0,0,0,0,0,0,0,0,0,0,0,0,0,0,0,0,0,0,0,0,0,0,0,0,0,0,0,0,0,0,0,0,0,0,0,0,0,0,0,0,0,0,0,0,0,0,0,0,0,0,0,0,0,0,0,0,0,0,0,0,0,0,0,0,0,0,0,0,0,0,0,0,0,0,0,0,0,0,0,0,0,0,0,0,0,0,0,0,0,0,0,0,0,0,0,0,0,0,0,0,0,0,0,0,0,0,0,0,0,0,0,0,0,0,0,0,0,0,0,0,0,0,0,0,0,0,0,0,0,0,0,0,0,0,0,0,0,0,0,0,0,0,0,0,0,0,0,0,0,0,0,0,0,0,0,0,0,0,0,0,0,0,0,0,0,0,0,0,0,0,0,0,0,0,0,0,0,0,0,0,0,0,0,0,0,0,0,0,0,0,0,0
"manyara/hanang/endasak",0.000546,0.000212,6.2e-05,0.001457,0.002641,0.002641,0.000162,0.000179,0.003323,0.203124,0.006863,0.001214,0.000405,0.006242,0.007517,0.000448,0.000808,0.018042,0.001102,0.003973,6.7e-05,0.000417,0.002629,5.1e-05,5.3e-05,1.6e-05,0.003422,0.000195,3.2e-05,8e-05,0.002255,0.000242,3.1e-05,3.9e-05,0.000762,0.014722,0.00061,0.172886,0.000956,0.00132,0.000756,0.002125,0.006441,0.035602,0.001493,0.006874,0.000249,0.133634,0.036878,0.000319,0.00044,0.000182,0.000179,0.000687,0,0.017177,8.6e-05,0.000573,0.002765,0.054227,0.001569,0.004524,0.002392,0.000604,1e-06,0.00423,0.002065,0.00027,0.001572,0.055878,0.000102,0.000692,9.7e-05,0.004052,0.004528,0.002719,0.000317,0.001516,0.000359,0.000482,0.009637,0.037754,0.000899,0.001483,0.016964,0.000251,0.01861,0.000787,0.016294,0.010875,0.007405,0.000504,0.017693,0.003008,0.000136,0.020877,0.001106,2.3e-05,0.008463,0.002091,0.000364,0.000139,0.001985,0.000934,0.00026,0.010191,0.000214,0.001691,0.00066,0.016903,0.00078,0.005142,0.090851,2.3e-05,7.8e-05,5.8e-05,0.006787,0.000143,0.009385,0.000854,0.000455,0.016176,5.8e-05,0.000223,2.5e-05,0.00082,0.004787,0.031724,0.002269,6.2e-05,5.1e-05,0.001938,0.00399,0.000385,1.7e-05,0.003407,0.000186,0.001123,0.01888,0.002718,0.001276,4.6e-05,0.001196,0.000253,0.000109,0.003225,0.002107,0.004143,0.003401,0.001138,5.3e-05,5.1e-05,8.8e-05,7.4e-05,0.003095,0.037566,0.000233,0.00033,0.000516,0.12551,0.000598,0.017453,2.4e-05,0.000161,0.00074,0.000815,0.000815,0.000643,0.006884,0.000351,0.001649,0.014659,0.095392,0.001726,0.000274,0.008388,0.041994,5.1e-05,0.002734,0.002467,2.6e-05,0.000264,0.006281,0.000469,0.016955,0.270135,3.4e-05,6.6e-05,0.008714,0.002622,0.000735,0.016733,0.003777,0.001028,0.042762,0.000294,5.9e-05,0.001069,0.003206,6.3e-05,0.010654,0.002855,0.003387,4.9e-05,0.004567,0.000362,0.029353,0.015277,0.00322,7.3e-05,6.4e-05,0.000939,0.009559,2.7e-05,0.000102,0.000809,0.000143,0.040746,0.000382,0.002395,0.001282,5.1e-05,0.006312,6.6e-05,0.010462,0.000235,0.014503,0.000128,0.001104,0.011974,0.011849,0.000534,0.012062,0.014294,0.001226,4e-06,7.3e-05,0.002101,0.003463,5e-05,0.001211,0.149594,2.6e-05,0.072735,3.7e-05,5e-05,0.000177,0.004988,0.003483,0.000694,0.032394,0.035011,9.6e-05,0.009039,0.002256,0.001638,6.9e-05,0.000307,4.1e-05,4.9e-05,3.8e-05,0.001233,9.9e-05,4.8e-05,0.013569,0.00022,0.000934,0.01179,0.000511,0.006017,0.009541,0.008047,5.1e-05,5e-05,0.025453,0.000134,0.001892,0.006195,0.000453,0.000706,0.000498,5.8e-05,0.071456,0.001582,0.000177,0.002307,0.003368,0.000148,0.003351,5.4e-05,0.000877,0.000621,0.000145,0.025996,0.00071,0.001205,0.010577,0.000176,0.001798,0.003378,2.4e-05,1.8e-05,4.8e-05,0.00073,0.000243,0.062849,0.000748,9.5e-05,5.9e-05,6e-05,0.010176,0.001822,0.000883,4.1e-05,0.000462,9.2e-05,0.000123,0.021299,0.014472,0.01487,0.001838,0.011443,0.001437,0.00599,0.077305,0.003258,0.003978,0.000274,0.000355,0.002285,0.003408,0.001434,0.078168,0.008747,0.006393,0.000243,0.000242,0.000405,0.022574,0.001756,0.000105,4.1e-05,9.7e-05,0.006708,0.007675,0.001466,0.00085,0.003693,0.005447,0.001152,0.000179,0.003414,0.000292,0.040246,0.00648,0.004725,0.005211,0.000271,0.000102,0.000699,0.002022,0.005666,0.001888,0.001802,0.000237,0.02612,0.007831,0.017192,0.000284,0.00258,0.000266,1.6e-05,6.2e-05,0.00045,0.000118,0.001898,0.002382,6.3e-05,0.012205,0.000339,2.7e-05,0.001008,0.028768,0.019979,0.000147,0.000737,5.8e-05,0.006638,0.001216,4e-05,0.010199,4.7e-05,5.2e-05,0.000108,1.6e-05,2.4e-05,0.00072,0.000277
"manyara/hanang/endasiwold",0,0,0,0,0,0,0,0,0,0,0,0,0,0,0,0,0,0,0,0,0,0,0,0,0,0,0,0,0,0,0,0,0,0,0,0,0,0,0,0,0,0,0,0,0,0,0,0,0,0,0,0,0,0,0,0,0,0,0,0,0,0,0,0,0,0,0,0,0,0,0,0,0,0,0,0,0,0,0,0,0,0,0,0,0,0,0,0,0,0,0,0,0,0,0,0,0,0,0,0,0,0,0,0,0,0,0,0,0,0,0,0,0,0,0,0,0,0,0,0,0,0,0,0,0,0,0,0,0,0,0,0,0,0,0,0,0,0,0,0,0,0,0,0,0,0,0,0,0,0,0,0,0,0,0,0,0,0,0,0,0,0,0,0,0,0,0,0,0,0,0,0,0,0,0,0,0,0,0,0,0,0,0,0,0,0,0,0,0,0,0,0,0,0,0,0,0,0,0,0,0,0,0,0,0,0,0,0,0,0,0,0,0,0,0,0,0,0,0,0,0,0,0,0,0,0,0,0,0,0,0,0,0,0,0,0,0,0,0,0,0,0,0,0,0,0,0,0,0,0,0,0,0,0,0,0,0,0,0,0,0,0,0,0,0,0,0,0,0,0,0,0,0,0,0,0,0,0,0,0,0,0,0,0,0,0,0,0,0,0,0,0,0,0,0,0,0,0,0,0,0,0,0,0,0,0,0,0,0,0,0,0,0,0,0,0,0,0,0,0,0,0,0,0,0,0,0,0,0,0,0,0,0,0,0,0,0,0,0,0,0,0,0,0,0,0,0,0,0,0,0,0,0,0,0,0,0,0,0,0,0,0,0,0,0,0,0,0,0,0,0,0,0,0,0,0,0,0,0,0,0,0,0,0,0,0,0,0,0,0,0,0,0,0,0,0,0,0
"manyara/simanjiro/endiantu",0,0,0,0,0,0,0,0,0,0,0,0,0,0,0,0,0,0,0,0,0,0,0,0,0,0,0,0,0,0,0,0,0,0,0,0,0,0,0,0,0,0,0,0,0,0,0,0,0,0,0,0,0,0,0,0,0,0,0,0,0,0,0,0,0,0,0,0,0,0,0,0,0,0,0,0,0,0,0,0,0,0,0,0,0,0,0,0,0,0,0,0,0,0,0,0,0,0,0,0,0,0,0,0,0,0,0,0,0,0,0,0,0,0,0,0,0,0,0,0,0,0,0,0,0,0,0,0,0,0,0,0,0,0,0,0,0,0,0,0,0,0,0,0,0,0,0,0,0,0,0,0,0,0,0,0,0,0,0,0,0,0,0,0,0,0,0,0,0,0,0,0,0,0,0,0,0,0,0,0,0,0,0,0,0,0,0,0,0,0,0,0,0,0,0,0,0,0,0,0,0,0,0,0,0,0,0,0,0,0,0,0,0,0,0,0,0,0,0,0,0,0,0,0,0,0,0,0,0,0,0,0,0,0,0,0,0,0,0,0,0,0,0,0,0,0,0,0,0,0,0,0,0,0,0,0,0,0,0,0,0,0,0,0,0,0,0,0,0,0,0,0,0,0,0,0,0,0,0,0,0,0,0,0,0,0,0,0,0,0,0,0,0,0,0,0,0,0,0,0,0,0,0,0,0,0,0,0,0,0,0,0,0,0,0,0,0,0,0,0,0,0,0,0,0,0,0,0,0,0,0,0,0,0,0,0,0,0,0,0,0,0,0,0,0,0,0,0,0,0,0,0,0,0,0,0,0,0,0,0,0,0,0,0,0,0,0,0,0,0,0,0,0,0,0,0,0,0,0,0,0,0,0,0,0,0,0,0,0,0,0,0,0,0,0,0,0,0
"manyara/babati/endokise",0,0,0,0,0,0,0,0,0,0,0,0,0,0,0,0,0,0,0,0,0,0,0,0,0,0,0,0,0,0,0,0,0,0,0,0,0,0,0,0,0,0,0,0,0,0,0,0,0,0,0,0,0,0,0,0,0,0,0,0,0,0,0,0,0,0,0,0,0,0,0,0,0,0,0,0,0,0,0,0,0,0,0,0,0,0,0,0,0,0,0,0,0,0,0,0,0,0,0,0,0,0,0,0,0,0,0,0,0,0,0,0,0,0,0,0,0,0,0,0,0,0,0,0,0,0,0,0,0,0,0,0,0,0,0,0,0,0,0,0,0,0,0,0,0,0,0,0,0,0,0,0,0,0,0,0,0,0,0,0,0,0,0,0,0,0,0,0,0,0,0,0,0,0,0,0,0,0,0,0,0,0,0,0,0,0,0,0,0,0,0,0,0,0,0,0,0,0,0,0,0,0,0,0,0,0,0,0,0,0,0,0,0,0,0,0,0,0,0,0,0,0,0,0,0,0,0,0,0,0,0,0,0,0,0,0,0,0,0,0,0,0,0,0,0,0,0,0,0,0,0,0,0,0,0,0,0,0,0,0,0,0,0,0,0,0,0,0,0,0,0,0,0,0,0,0,0,0,0,0,0,0,0,0,0,0,0,0,0,0,0,0,0,0,0,0,0,0,0,0,0,0,0,0,0,0,0,0,0,0,0,0,0,0,0,0,0,0,0,0,0,0,0,0,0,0,0,0,0,0,0,0,0,0,0,0,0,0,0,0,0,0,0,0,0,0,0,0,0,0,0,0,0,0,0,0,0,0,0,0,0,0,0,0,0,0,0,0,0,0,0,0,0,0,0,0,0,0,0,0,0,0,0,0,0,0,0,0,0,0,0,0,0,0,0,0,0,0
"manyara/simanjiro/endonyongijape",0,0,0,0,0,0,0,0,0,0,0,0,0,0,0,0,0,0,0,0,0,0,0,0,0,0,0,0,0,0,0,0,0,0,0,0,0,0,0,0,0,0,0,0,0,0,0,0,0,0,0,0,0,0,0,0,0,0,0,0,0,0,0,0,0,0,0,0,0,0,0,0,0,0,0,0,0,0,0,0,0,0,0,0,0,0,0,0,0,0,0,0,0,0,0,0,0,0,0,0,0,0,0,0,0,0,0,0,0,0,0,0,0,0,0,0,0,0,0,0,0,0,0,0,0,0,0,0,0,0,0,0,0,0,0,0,0,0,0,0,0,0,0,0,0,0,0,0,0,0,0,0,0,0,0,0,0,0,0,0,0,0,0,0,0,0,0,0,0,0,0,0,0,0,0,0,0,0,0,0,0,0,0,0,0,0,0,0,0,0,0,0,0,0,0,0,0,0,0,0,0,0,0,0,0,0,0,0,0,0,0,0,0,0,0,0,0,0,0,0,0,0,0,0,0,0,0,0,0,0,0,0,0,0,0,0,0,0,0,0,0,0,0,0,0,0,0,0,0,0,0,0,0,0,0,0,0,0,0,0,0,0,0,0,0,0,0,0,0,0,0,0,0,0,0,0,0,0,0,0,0,0,0,0,0,0,0,0,0,0,0,0,0,0,0,0,0,0,0,0,0,0,0,0,0,0,0,0,0,0,0,0,0,0,0,0,0,0,0,0,0,0,0,0,0,0,0,0,0,0,0,0,0,0,0,0,0,0,0,0,0,0,0,0,0,0,0,0,0,0,0,0,0,0,0,0,0,0,0,0,0,0,0,0,0,0,0,0,0,0,0,0,0,0,0,0,0,0,0,0,0,0,0,0,0,0,0,0,0,0,0,0,0,0,0,0,0,0
"arusha/ngorongoro/endulen",0.000677,0.002866,7.7e-05,0.021679,8.5e-05,0.002792,6.9e-05,9.5e-05,4.6e-05,0.012574,0.000222,4.3e-05,0.00054,0.00783,0.020716,0.000338,0.000314,0.000558,0.000122,0.000393,5.7e-05,0.000563,4.1e-05,5.9e-05,4.7e-05,1.9e-05,8.1e-05,0.000275,1e-05,6.8e-05,0.002226,7.3e-05,2.7e-05,3.9e-05,0.006801,0.000184,0.000771,0.004213,0.00096,0.007847,0.000188,3.7e-05,0.003239,0.005305,0.00051,6e-05,0.00077,0.169477,0.0155,0.001132,2e-04,0.003508,0.00055,0.000245,0.002472,3.3e-05,8.4e-05,8.2e-05,0.001722,0,0.004381,0.021935,0.005117,0.000225,7e-06,0.004965,0.003342,0.000218,0.00302,0.007228,0.000759,9e-06,0.000139,0.002573,0.000271,0.011783,0.001771,3.8e-05,6.7e-05,0.000108,1.9e-05,0.000226,0.000111,4.7e-05,0.000147,0.000198,0.021994,9.7e-05,0.005265,0.008893,2.4e-05,0.000128,0.020638,0.004312,0.000534,0.012201,0.001504,2.4e-05,0.009102,0.002308,0.000129,0.004474,0.001786,0.001214,0.000302,0.015733,0.000449,0.002011,0.00095,0.081345,0.001057,0.006683,0.001456,2.9e-05,9.8e-05,7.1e-05,0.007697,4.6e-05,0.011149,0.001113,0.000586,0.020801,6.1e-05,0.000226,2.6e-05,0.000707,0.00239,0.038126,0.002503,7.6e-05,6.2e-05,0.00225,0.004325,0.000458,1.7e-05,0.00432,0.000259,0.00134,0.042416,0.003323,0.001579,3.9e-05,0.001588,0.000312,0.000142,0.003258,0.000183,0.004781,0.004119,0.00134,6.8e-05,4.7e-05,0.000112,6.5e-05,0.00298,0.050958,0.000307,0.001045,0.00028,0.145769,0.000643,0.00937,2.8e-05,0.000158,6.8e-05,4.3e-05,0.000805,0.000875,0.008315,0.00034,0.000854,0.026186,0.120944,0.00126,0.000384,0.002278,0.024919,0.000115,0.003292,0.001318,2.3e-05,0.00264,0.004937,0.000523,0.022037,0.307879,4.7e-05,8.8e-05,0.010896,0.003363,0.000836,0.001017,0.003228,0.00025,0.00855,0.000126,7.1e-05,8.2e-05,0.0038,0.00023,0.013244,0.000723,0.002751,5.2e-05,0.005725,0.000481,0.033529,0.020999,0.056185,8.9e-05,7.7e-05,0.00016,0.011435,3.4e-05,0.000717,0.000748,0.000175,0.052143,0.00047,0.002891,0.000203,5.8e-05,5.3e-05,8.6e-05,0.01291,0.000309,0.019191,0.000144,0.001835,3.5e-05,3e-05,0.000308,0.043673,0.017031,0.000351,5e-06,9e-05,0.002106,0.016994,6e-05,0.001194,0.148883,3.1e-05,0.068602,3.3e-05,5.9e-05,0.000209,0.005728,7.5e-05,0.000704,0.042408,0.0711,0.000157,0.010847,0.003241,0.001412,8.8e-05,0.00032,4.8e-05,4.4e-05,3.4e-05,0.001201,8.7e-05,4.2e-05,0.040018,0.000677,0.000158,0.01751,3.9e-05,0.002016,0.015166,0.008176,5.4e-05,4.2e-05,0.030054,0.000163,0.001636,0.00355,0.000166,0.006052,0.000474,0.000467,0.150531,0.000448,7.1e-05,0.000107,2.5e-05,0.000199,0.000191,7.3e-05,0.000302,0.000961,0.000128,0.027992,0.000838,0.00178,0.015791,0.000229,0.001526,0.079332,2.9e-05,1.7e-05,5.6e-05,0.000655,7.3e-05,0.040732,0.000959,0.000122,7.7e-05,7.9e-05,0.012892,0.081434,0.000202,4.7e-05,0.000561,0.000911,0.000672,0.034811,0.018838,0.01451,0.001446,0.018102,0.001794,0.00995,0.107213,0.025647,0.029597,0.000341,0.002115,0.003121,0.004548,0.002083,0.162492,0.049761,0.003686,8.6e-05,0.000281,0.002637,0.028119,0.000176,0.000598,4.9e-05,0.000417,0.000108,0.006085,0.001074,0.006743,0.005531,0.004809,0.008115,8.6e-05,0.004685,0.00037,0.051375,0.018697,0.006846,0.004169,0.000276,0.000128,0.000819,8.3e-05,3.8e-05,6.3e-05,2.2e-05,0.00159,0.034011,0.009529,0.021728,0.000112,0.003504,0.000313,1.4e-05,5.3e-05,0.000228,0.000161,0.002082,0.00137,7.9e-05,0.022161,0.000122,2.6e-05,0.000126,0.038026,0.001007,9e-05,0.000942,7.4e-05,0.008132,0.001503,5.1e-05,0.012238,5.9e-05,4.6e-05,9.6e-05,1.5e-05,2.1e-05,0.00016,0.00026
"arusha/longido/engarenaibor",0,0,0,0,0,0,0,0,0,0,0,0,0,0,0,0,0,0,0,0,0,0,0,0,0,0,0,0,0,0,0,0,0,0,0,0,0,0,0,0,0,0,0,0,0,0,0,0,0,0,0,0,0,0,0,0,0,0,0,0,0,0,0,0,0,0,0,0,0,0,0,0,0,0,0,0,0,0,0,0,0,0,0,0,0,0,0,0,0,0,0,0,0,0,0,0,0,0,0,0,0,0,0,0,0,0,0,0,0,0,0,0,0,0,0,0,0,0,0,0,0,0,0,0,0,0,0,0,0,0,0,0,0,0,0,0,0,0,0,0,0,0,0,0,0,0,0,0,0,0,0,0,0,0,0,0,0,0,0,0,0,0,0,0,0,0,0,0,0,0,0,0,0,0,0,0,0,0,0,0,0,0,0,0,0,0,0,0,0,0,0,0,0,0,0,0,0,0,0,0,0,0,0,0,0,0,0,0,0,0,0,0,0,0,0,0,0,0,0,0,0,0,0,0,0,0,0,0,0,0,0,0,0,0,0,0,0,0,0,0,0,0,0,0,0,0,0,0,0,0,0,0,0,0,0,0,0,0,0,0,0,0,0,0,0,0,0,0,0,0,0,0,0,0,0,0,0,0,0,0,0,0,0,0,0,0,0,0,0,0,0,0,0,0,0,0,0,0,0,0,0,0,0,0,0,0,0,0,0,0,0,0,0,0,0,0,0,0,0,0,0,0,0,0,0,0,0,0,0,0,0,0,0,0,0,0,0,0,0,0,0,0,0,0,0,0,0,0,0,0,0,0,0,0,0,0,0,0,0,0,0,0,0,0,0,0,0,0,0,0,0,0,0,0,0,0,0,0,0,0,0,0,0,0,0,0,0,0,0,0,0,0,0,0,0,0,0,0
"arusha/monduli/engaruka",2e-05,4.8e-05,1e-06,8.6e-05,0,4.1e-05,0,0,0,6.5e-05,1e-06,0,1.8e-05,0.000241,1.9e-05,1e-06,1e-06,2e-06,0,1e-06,0,1.3e-05,0,1e-06,0,0,0,1e-06,0,1e-06,5e-05,0,0,0,1.3e-05,1e-06,2.5e-05,1.5e-05,3e-06,9.4e-05,0,0,1.9e-05,1.3e-05,3e-06,0,0.000148,0.006547,0.000201,3e-06,1e-06,3e-06,4e-06,0,9e-06,0,2e-06,1e-06,1.5e-05,0.001059,0.000184,0,0.000304,1e-06,0,0.000144,0.000168,0,5.3e-05,5.3e-05,4e-06,0,3e-06,1e-05,1e-06,0.000702,0.000224,0,0,0,0,1e-06,0,0,0,0,0.000431,0,1e-05,7.4e-05,0,0,0.000269,0.000154,0.000156,3.6e-05,3.3e-05,0,0.000128,3.1e-05,0,1e-06,1.5e-05,4e-05,5e-06,0.000303,1e-06,3.4e-05,2.7e-05,0.000612,2.3e-05,1e-04,5e-06,1e-06,1e-06,1e-06,0.00015,0,0.000177,2e-05,1.1e-05,0.000362,1e-06,3e-06,0,6e-06,1.6e-05,0.000936,6e-05,1e-06,1e-06,3.1e-05,5.5e-05,8e-06,0,0.000136,9e-06,2e-05,0.00161,5.8e-05,3.7e-05,0,5.5e-05,5e-06,2e-06,3.6e-05,1e-06,6.9e-05,6.2e-05,1.9e-05,1e-06,1e-06,1e-06,1e-06,2.6e-05,0.002053,4e-06,0.000119,2e-06,0.002649,8e-06,0.000127,0,2e-06,0,0,1e-05,2.4e-05,0.000253,4e-06,5e-06,0.001255,0.004379,1.2e-05,9e-06,2e-05,0.000401,5e-06,5.5e-05,9e-06,0,1.5e-05,4.1e-05,8e-06,0.000427,0.006958,1e-06,2e-06,0.000202,6.5e-05,1.4e-05,3e-06,1.7e-05,0,5.9e-05,1e-06,1e-06,0,6.1e-05,4e-06,0.000348,5e-06,2.4e-05,1e-06,8.2e-05,1.2e-05,0.000453,0.000561,0.000322,1e-06,1e-06,1e-06,0.000149,0,1e-06,6e-06,1e-06,0.000726,7e-06,4.1e-05,0,1e-06,0,2e-06,0.000258,7e-06,0.000392,2e-06,3e-06,0,0,1e-06,0.001615,0.000547,2e-06,0,1e-06,4.4e-05,0.000752,1e-06,2.2e-05,0.004325,0,0.000761,0,1e-06,3e-06,0.000155,0,1.9e-05,0.001467,0.005721,8e-06,0.000319,5.7e-05,1.2e-05,1e-06,4e-06,1e-06,0,0,1.7e-05,1e-06,0,0.000695,4.2e-05,1e-06,0.000771,0,1.6e-05,0.000715,1e-04,1e-06,0,0.000413,2e-06,1.4e-05,3.9e-05,1e-06,0.000169,7e-06,4.8e-05,0.00551,2e-06,0,1e-06,0,3e-06,1e-06,2e-06,2e-06,2.3e-05,1e-06,0.000696,1.3e-05,4.3e-05,0.000528,8e-06,1.8e-05,0.000125,0,0,1e-06,7e-06,0,0.000395,2.9e-05,3e-06,2e-06,1e-06,0.000438,0.000107,1e-06,1e-06,9e-06,2e-06,1e-05,0.001436,0.000275,0.000358,2.8e-05,0.000809,3.9e-05,0.000242,0.004361,0.000138,0.000218,1.1e-05,1.1e-05,0.000113,0.000153,8.3e-05,0.008621,0.000455,3.3e-05,1e-06,5e-06,6.9e-05,0.000814,1e-06,3e-06,1e-06,5e-06,0,5.8e-05,8e-06,7.7e-05,0.000214,4.7e-05,8e-05,0,0.000113,1.1e-05,0.001729,0.001619,0.000283,6.6e-05,3e-06,2e-06,1.4e-05,0,0,0,0,9e-06,0.001125,0.000297,0.000723,1e-06,0.000107,5e-06,0,0,1e-06,3e-06,5.7e-05,2.1e-05,2e-06,0.000725,0,0,0,0.000568,3e-06,0,3.1e-05,1e-06,0.000137,2.4e-05,1e-06,0.000325,1e-06,0,1e-06,0,0,0,0
"arusha/longido/engikaret",0,0,0,0,0,0,0,0,0,0,0,0,0,0,0,0,0,0,0,0,0,0,0,0,0,0,0,0,0,0,0,0,0,0,0,0,0,0,0,0,0,0,0,0,0,0,0,0,0,0,0,0,0,0,0,0,0,0,0,0,0,0,0,0,0,0,0,0,0,0,0,0,0,0,0,0,0,0,0,0,0,0,0,0,0,0,0,0,0,0,0,0,0,0,0,0,0,0,0,0,0,0,0,0,0,0,0,0,0,0,0,0,0,0,0,0,0,0,0,0,0,0,0,0,0,0,0,0,0,0,0,0,0,0,0,0,0,0,0,0,0,0,0,0,0,0,0,0,0,0,0,0,0,0,0,0,0,0,0,0,0,0,0,0,0,0,0,0,0,0,0,0,0,0,0,0,0,0,0,0,0,0,0,0,0,0,0,0,0,0,0,0,0,0,0,0,0,0,0,0,0,0,0,0,0,0,0,0,0,0,0,0,0,0,0,0,0,0,0,0,0,0,0,0,0,0,0,0,0,0,0,0,0,0,0,0,0,0,0,0,0,0,0,0,0,0,0,0,0,0,0,0,0,0,0,0,0,0,0,0,0,0,0,0,0,0,0,0,0,0,0,0,0,0,0,0,0,0,0,0,0,0,0,0,0,0,0,0,0,0,0,0,0,0,0,0,0,0,0,0,0,0,0,0,0,0,0,0,0,0,0,0,0,0,0,0,0,0,0,0,0,0,0,0,0,0,0,0,0,0,0,0,0,0,0,0,0,0,0,0,0,0,0,0,0,0,0,0,0,0,0,0,0,0,0,0,0,0,0,0,0,0,0,0,0,0,0,0,0,0,0,0,0,0,0,0,0,0,0,0,0,0,0,0,0,0,0,0,0,0,0,0,0,0,0,0,0,0
"manyara/kiteto/engusero",0,0,0,0,0,0,0,0,0,0,0,0,0,0,0,0,0,0,0,0,0,0,0,0,0,0,0,0,0,0,0,0,0,0,0,0,0,0,0,0,0,0,0,0,0,0,0,0,0,0,0,0,0,0,0,0,0,0,0,0,0,0,0,0,0,0,0,0,0,0,0,0,0,0,0,0,0,0,0,0,0,0,0,0,0,0,0,0,0,0,0,0,0,0,0,0,0,0,0,0,0,0,0,0,0,0,0,0,0,0,0,0,0,0,0,0,0,0,0,0,0,0,0,0,0,0,0,0,0,0,0,0,0,0,0,0,0,0,0,0,0,0,0,0,0,0,0,0,0,0,0,0,0,0,0,0,0,0,0,0,0,0,0,0,0,0,0,0,0,0,0,0,0,0,0,0,0,0,0,0,0,0,0,0,0,0,0,0,0,0,0,0,0,0,0,0,0,0,0,0,0,0,0,0,0,0,0,0,0,0,0,0,0,0,0,0,0,0,0,0,0,0,0,0,0,0,0,0,0,0,0,0,0,0,0,0,0,0,0,0,0,0,0,0,0,0,0,0,0,0,0,0,0,0,0,0,0,0,0,0,0,0,0,0,0,0,0,0,0,0,0,0,0,0,0,0,0,0,0,0,0,0,0,0,0,0,0,0,0,0,0,0,0,0,0,0,0,0,0,0,0,0,0,0,0,0,0,0,0,0,0,0,0,0,0,0,0,0,0,0,0,0,0,0,0,0,0,0,0,0,0,0,0,0,0,0,0,0,0,0,0,0,0,0,0,0,0,0,0,0,0,0,0,0,0,0,0,0,0,0,0,0,0,0,0,0,0,0,0,0,0,0,0,0,0,0,0,0,0,0,0,0,0,0,0,0,0,0,0,0,0,0,0,0,0,0,0,0
"arusha/ngorongoro/enguserosambu",0,0,0,0,0,0,0,0,0,0,0,0,0,0,0,0,0,0,0,0,0,0,0,0,0,0,0,0,0,0,0,0,0,0,0,0,0,0,0,0,0,0,0,0,0,0,0,0,0,0,0,0,0,0,0,0,0,0,0,0,0,0,0,0,0,0,0,0,0,0,0,0,0,0,0,0,0,0,0,0,0,0,0,0,0,0,0,0,0,0,0,0,0,0,0,0,0,0,0,0,0,0,0,0,0,0,0,0,0,0,0,0,0,0,0,0,0,0,0,0,0,0,0,0,0,0,0,0,0,0,0,0,0,0,0,0,0,0,0,0,0,0,0,0,0,0,0,0,0,0,0,0,0,0,0,0,0,0,0,0,0,0,0,0,0,0,0,0,0,0,0,0,0,0,0,0,0,0,0,0,0,0,0,0,0,0,0,0,0,0,0,0,0,0,0,0,0,0,0,0,0,0,0,0,0,0,0,0,0,0,0,0,0,0,0,0,0,0,0,0,0,0,0,0,0,0,0,0,0,0,0,0,0,0,0,0,0,0,0,0,0,0,0,0,0,0,0,0,0,0,0,0,0,0,0,0,0,0,0,0,0,0,0,0,0,0,0,0,0,0,0,0,0,0,0,0,0,0,0,0,0,0,0,0,0,0,0,0,0,0,0,0,0,0,0,0,0,0,0,0,0,0,0,0,0,0,0,0,0,0,0,0,0,0,0,0,0,0,0,0,0,0,0,0,0,0,0,0,0,0,0,0,0,0,0,0,0,0,0,0,0,0,0,0,0,0,0,0,0,0,0,0,0,0,0,0,0,0,0,0,0,0,0,0,0,0,0,0,0,0,0,0,0,0,0,0,0,0,0,0,0,0,0,0,0,0,0,0,0,0,0,0,0,0,0,0,0,0
"arusha/arushaurban/engutoto",0,0,0,0,0,0,0,0,0,0,0,0,0,0,0,0,0,0,0,0,0,0,0,0,0,0,0,0,0,0,0,0,0,0,0,0,0,0,0,0,0,0,0,0,0,0,0,0,0,0,0,0,0,0,0,0,0,0,0,0,0,0,0,0,0,0,0,0,0,0,0,0,0,0,0,0,0,0,0,0,0,0,0,0,0,0,0,0,0,0,0,0,0,0,0,0,0,0,0,0,0,0,0,0,0,0,0,0,0,0,0,0,0,0,0,0,0,0,0,0,0,0,0,0,0,0,0,0,0,0,0,0,0,0,0,0,0,0,0,0,0,0,0,0,0,0,0,0,0,0,0,0,0,0,0,0,0,0,0,0,0,0,0,0,0,0,0,0,0,0,0,0,0,0,0,0,0,0,0,0,0,0,0,0,0,0,0,0,0,0,0,0,0,0,0,0,0,0,0,0,0,0,0,0,0,0,0,0,0,0,0,0,0,0,0,0,0,0,0,0,0,0,0,0,0,0,0,0,0,0,0,0,0,0,0,0,0,0,0,0,0,0,0,0,0,0,0,0,0,0,0,0,0,0,0,0,0,0,0,0,0,0,0,0,0,0,0,0,0,0,0,0,0,0,0,0,0,0,0,0,0,0,0,0,0,0,0,0,0,0,0,0,0,0,0,0,0,0,0,0,0,0,0,0,0,0,0,0,0,0,0,0,0,0,0,0,0,0,0,0,0,0,0,0,0,0,0,0,0,0,0,0,0,0,0,0,0,0,0,0,0,0,0,0,0,0,0,0,0,0,0,0,0,0,0,0,0,0,0,0,0,0,0,0,0,0,0,0,0,0,0,0,0,0,0,0,0,0,0,0,0,0,0,0,0,0,0,0,0,0,0,0,0,0,0,0,0,0
"arusha/monduli/engutoto",0,0,0,0,0,0,0,0,0,0,0,0,0,0,0,0,0,0,0,0,0,0,0,0,0,0,0,0,0,0,0,0,0,0,0,0,0,0,0,0,0,0,0,0,0,0,0,0,0,0,0,0,0,0,0,0,0,0,0,0,0,0,0,0,0,0,0,0,0,0,0,0,0,0,0,0,0,0,0,0,0,0,0,0,0,0,0,0,0,0,0,0,0,0,0,0,0,0,0,0,0,0,0,0,0,0,0,0,0,0,0,0,0,0,0,0,0,0,0,0,0,0,0,0,0,0,0,0,0,0,0,0,0,0,0,0,0,0,0,0,0,0,0,0,0,0,0,0,0,0,0,0,0,0,0,0,0,0,0,0,0,0,0,0,0,0,0,0,0,0,0,0,0,0,0,0,0,0,0,0,0,0,0,0,0,0,0,0,0,0,0,0,0,0,0,0,0,0,0,0,0,0,0,0,0,0,0,0,0,0,0,0,0,0,0,0,0,0,0,0,0,0,0,0,0,0,0,0,0,0,0,0,0,0,0,0,0,0,0,0,0,0,0,0,0,0,0,0,0,0,0,0,0,0,0,0,0,0,0,0,0,0,0,0,0,0,0,0,0,0,0,0,0,0,0,0,0,0,0,0,0,0,0,0,0,0,0,0,0,0,0,0,0,0,0,0,0,0,0,0,0,0,0,0,0,0,0,0,0,0,0,0,0,0,0,0,0,0,0,0,0,0,0,0,0,0,0,0,0,0,0,0,0,0,0,0,0,0,0,0,0,0,0,0,0,0,0,0,0,0,0,0,0,0,0,0,0,0,0,0,0,0,0,0,0,0,0,0,0,0,0,0,0,0,0,0,0,0,0,0,0,0,0,0,0,0,0,0,0,0,0,0,0,0,0,0,0,0
"manyara/mbulu/eshkesh",0,0,0,0,0,0,0,0,0,0,0,0,0,0,0,0,0,0,0,0,0,0,0,0,0,0,0,0,0,0,0,0,0,0,0,0,0,0,0,0,0,0,0,0,0,0,0,0,0,0,0,0,0,0,0,0,0,0,0,0,0,0,0,0,0,0,0,0,0,0,0,0,0,0,0,0,0,0,0,0,0,0,0,0,0,0,0,0,0,0,0,0,0,0,0,0,0,0,0,0,0,0,0,0,0,0,0,0,0,0,0,0,0,0,0,0,0,0,0,0,0,0,0,0,0,0,0,0,0,0,0,0,0,0,0,0,0,0,0,0,0,0,0,0,0,0,0,0,0,0,0,0,0,0,0,0,0,0,0,0,0,0,0,0,0,0,0,0,0,0,0,0,0,0,0,0,0,0,0,0,0,0,0,0,0,0,0,0,0,0,0,0,0,0,0,0,0,0,0,0,0,0,0,0,0,0,0,0,0,0,0,0,0,0,0,0,0,0,0,0,0,0,0,0,0,0,0,0,0,0,0,0,0,0,0,0,0,0,0,0,0,0,0,0,0,0,0,0,0,0,0,0,0,0,0,0,0,0,0,0,0,0,0,0,0,0,0,0,0,0,0,0,0,0,0,0,0,0,0,0,0,0,0,0,0,0,0,0,0,0,0,0,0,0,0,0,0,0,0,0,0,0,0,0,0,0,0,0,0,0,0,0,0,0,0,0,0,0,0,0,0,0,0,0,0,0,0,0,0,0,0,0,0,0,0,0,0,0,0,0,0,0,0,0,0,0,0,0,0,0,0,0,0,0,0,0,0,0,0,0,0,0,0,0,0,0,0,0,0,0,0,0,0,0,0,0,0,0,0,0,0,0,0,0,0,0,0,0,0,0,0,0,0,0,0,0,0,0
"arusha/monduli/esilalei",0,0,0,0,0,0,0,0,0,0,0,0,0,0,0,0,0,0,0,0,0,0,0,0,0,0,0,0,0,0,0,0,0,0,0,0,0,0,0,0,0,0,0,0,0,0,0,0,0,0,0,0,0,0,0,0,0,0,0,0,0,0,0,0,0,0,0,0,0,0,0,0,0,0,0,0,0,0,0,0,0,0,0,0,0,0,0,0,0,0,0,0,0,0,0,0,0,0,0,0,0,0,0,0,0,0,0,0,0,0,0,0,0,0,0,0,0,0,0,0,0,0,0,0,0,0,0,0,0,0,0,0,0,0,0,0,0,0,0,0,0,0,0,0,0,0,0,0,0,0,0,0,0,0,0,0,0,0,0,0,0,0,0,0,0,0,0,0,0,0,0,0,0,0,0,0,0,0,0,0,0,0,0,0,0,0,0,0,0,0,0,0,0,0,0,0,0,0,0,0,0,0,0,0,0,0,0,0,0,0,0,0,0,0,0,0,0,0,0,0,0,0,0,0,0,0,0,0,0,0,0,0,0,0,0,0,0,0,0,0,0,0,0,0,0,0,0,0,0,0,0,0,0,0,0,0,0,0,0,0,0,0,0,0,0,0,0,0,0,0,0,0,0,0,0,0,0,0,0,0,0,0,0,0,0,0,0,0,0,0,0,0,0,0,0,0,0,0,0,0,0,0,0,0,0,0,0,0,0,0,0,0,0,0,0,0,0,0,0,0,0,0,0,0,0,0,0,0,0,0,0,0,0,0,0,0,0,0,0,0,0,0,0,0,0,0,0,0,0,0,0,0,0,0,0,0,0,0,0,0,0,0,0,0,0,0,0,0,0,0,0,0,0,0,0,0,0,0,0,0,0,0,0,0,0,0,0,0,0,0,0,0,0,0,0,0,0,0
"manyara/babati/galapo",0.00013,2.4e-05,1e-05,0.000143,4.5e-05,0.000527,1e-05,1.2e-05,6.5e-05,0.022528,0.000286,1.3e-05,9.3e-05,0.001517,0.000324,3.1e-05,2.3e-05,0.000155,1.5e-05,5.3e-05,1e-05,8.1e-05,6.8e-05,1e-05,8e-06,3e-06,0.000148,2.1e-05,5e-06,1.3e-05,0.000635,2.8e-05,5e-06,7e-06,6.8e-05,6.3e-05,0.000151,0.001867,6.9e-05,0.000143,1.7e-05,1.7e-05,0.000735,0.000767,0.000163,5.6e-05,4.1e-05,0.035222,0.025152,2.9e-05,2.4e-05,1.4e-05,2.2e-05,1.6e-05,0.001503,1.6e-05,2.2e-05,0.002138,0.000637,0.004266,0.000215,0.000661,0.000415,7.1e-05,0,0.001093,0.000474,8e-06,0.000284,0,1.1e-05,3e-06,1.8e-05,0.000353,5.4e-05,0.000353,4.2e-05,1e-05,6e-06,9e-06,1.4e-05,0.000235,1.6e-05,2.1e-05,5.2e-05,1.4e-05,0.00382,1.2e-05,0.000345,0.001747,1.4e-05,1e-05,0.002948,0.000663,2e-05,0.001238,0.000204,4e-06,0.001606,0.000375,2.3e-05,8e-06,0.000292,0.000226,4.8e-05,0.001571,1.8e-05,0.000317,0.000128,0.00204,0.000143,0.00083,0.00051,6e-06,1.3e-05,9e-06,0.001465,2e-05,0.001708,0.000148,8.1e-05,0.002832,1e-05,3.9e-05,4e-06,0.000123,0.000688,0.007179,0.000567,1.1e-05,9e-06,0.000336,0.000709,7.1e-05,3e-06,0.000828,4.3e-05,0.000199,0.002767,0.000505,0.000271,7e-06,0.000287,4.6e-05,1.7e-05,0.000563,9.4e-05,0.000741,0.000589,0.000197,8e-06,1e-05,1.4e-05,1.3e-05,0.000468,0.009585,3.6e-05,5e-05,0.000102,0.025204,0.000103,0.007857,4e-06,2.8e-05,1e-05,1.2e-05,0.000159,0.000131,0.001756,6.5e-05,0.000219,0.003279,0.024534,0.000376,4.9e-05,0.005101,0.019945,8e-06,0.000504,0.000381,4e-06,2.7e-05,0.001033,8.9e-05,0.003089,0.062249,6e-06,1.1e-05,0.001625,0.000487,0.000144,0.000305,0.000461,2e-05,0.015828,3.3e-05,1e-05,9.1e-05,0.00059,9e-06,0.002395,0.000864,0.000577,1.2e-05,0.000744,7.2e-05,0.005105,0.00373,0.000332,1.2e-05,1.1e-05,0.001382,0.001553,4e-06,6e-06,0.00012,1.2e-05,0.006454,6.4e-05,0.000403,2.2e-05,1.2e-05,2.8e-05,1.2e-05,0.002059,4.4e-05,0.002655,2.6e-05,6.3e-05,1.7e-05,1.8e-05,2.1e-05,0.001528,0.003856,0.000136,1e-06,1.3e-05,0.000554,0.000501,8e-06,0.000305,0.051245,5e-06,0.013666,6e-06,9e-06,3.2e-05,0.001274,2.2e-05,0.000211,0.007883,0.007012,2.2e-05,0.002277,0.000358,0.000257,1.1e-05,5.4e-05,7e-06,8e-06,6e-06,0.000265,2.8e-05,7e-06,0.002091,3.1e-05,3.9e-05,0.002796,8e-05,0.001927,0.00212,0.001494,9e-06,9e-06,0.004316,2.2e-05,0.00029,0.002005,3.7e-05,8.9e-05,0.000118,7e-06,0.010616,8.4e-05,2.3e-05,0.000267,1.1e-05,2.4e-05,4.1e-05,1e-05,0.000177,0.000104,2.2e-05,0.006891,0.000129,0.000212,0.002131,4.3e-05,0.000396,0.000318,4e-06,3e-06,9e-06,0.000133,3.7e-05,0.015447,0.000177,2.2e-05,1.4e-05,1.1e-05,0.002596,0.000173,0.000115,7e-06,8.1e-05,9e-06,1.4e-05,0.004223,0.002307,0.004524,0.00065,0.002478,0.00029,0.000945,0.018608,0.000324,0.000409,6.7e-05,3.5e-05,0.000545,0.000801,0.000331,0.01289,0.000919,0.001583,3.5e-05,4.5e-05,4.7e-05,0.005331,0.004853,1.1e-05,7e-06,1.3e-05,9.9e-05,0.001484,0.000235,9.1e-05,0.000801,0.00098,0.000122,1.2e-05,0.00065,6.8e-05,0.009976,0.00116,0.001185,0.00155,4.8e-05,1.6e-05,0.000132,7.1e-05,2.7e-05,0.000115,1.7e-05,2.3e-05,0.006252,0.002004,0.004329,3.2e-05,0.000562,5e-05,3e-06,1e-05,5.5e-05,1.8e-05,0.000523,0.001098,1.6e-05,0.001981,1.4e-05,4e-06,2.4e-05,0.004569,0.000193,1e-05,0.000182,1e-05,0.001204,0.000213,7e-06,0.00242,8e-06,9e-06,1.7e-05,3e-06,4e-06,2.2e-05,1e-05
"arusha/karatu/ganako",0,0,0,0,0,0,0,0,0,0,0,0,0,0,0,0,0,0,0,0,0,0,0,0,0,0,0,0,0,0,0,0,0,0,0,0,0,0,0,0,0,0,0,0,0,0,0,0,0,0,0,0,0,0,0,0,0,0,0,0,0,0,0,0,0,0,0,0,0,0,0,0,0,0,0,0,0,0,0,0,0,0,0,0,0,0,0,0,0,0,0,0,0,0,0,0,0,0,0,0,0,0,0,0,0,0,0,0,0,0,0,0,0,0,0,0,0,0,0,0,0,0,0,0,0,0,0,0,0,0,0,0,0,0,0,0,0,0,0,0,0,0,0,0,0,0,0,0,0,0,0,0,0,0,0,0,0,0,0,0,0,0,0,0,0,0,0,0,0,0,0,0,0,0,0,0,0,0,0,0,0,0,0,0,0,0,0,0,0,0,0,0,0,0,0,0,0,0,0,0,0,0,0,0,0,0,0,0,0,0,0,0,0,0,0,0,0,0,0,0,0,0,0,0,0,0,0,0,0,0,0,0,0,0,0,0,0,0,0,0,0,0,0,0,0,0,0,0,0,0,0,0,0,0,0,0,0,0,0,0,0,0,0,0,0,0,0,0,0,0,0,0,0,0,0,0,0,0,0,0,0,0,0,0,0,0,0,0,0,0,0,0,0,0,0,0,0,0,0,0,0,0,0,0,0,0,0,0,0,0,0,0,0,0,0,0,0,0,0,0,0,0,0,0,0,0,0,0,0,0,0,0,0,0,0,0,0,0,0,0,0,0,0,0,0,0,0,0,0,0,0,0,0,0,0,0,0,0,0,0,0,0,0,0,0,0,0,0,0,0,0,0,0,0,0,0,0,0,0,0,0,0,0,0,0,0,0,0,0,0,0,0,0,0,0,0,0,0
"manyara/hanang/ganana",0,0,0,0,0,0,0,0,0,0,0,0,0,0,0,0,0,0,0,0,0,0,0,0,0,0,0,0,0,0,0,0,0,0,0,0,0,0,0,0,0,0,0,0,0,0,0,0,0,0,0,0,0,0,0,0,0,0,0,0,0,0,0,0,0,0,0,0,0,0,0,0,0,0,0,0,0,0,0,0,0,0,0,0,0,0,0,0,0,0,0,0,0,0,0,0,0,0,0,0,0,0,0,0,0,0,0,0,0,0,0,0,0,0,0,0,0,0,0,0,0,0,0,0,0,0,0,0,0,0,0,0,0,0,0,0,0,0,0,0,0,0,0,0,0,0,0,0,0,0,0,0,0,0,0,0,0,0,0,0,0,0,0,0,0,0,0,0,0,0,0,0,0,0,0,0,0,0,0,0,0,0,0,0,0,0,0,0,0,0,0,0,0,0,0,0,0,0,0,0,0,0,0,0,0,0,0,0,0,0,0,0,0,0,0,0,0,0,0,0,0,0,0,0,0,0,0,0,0,0,0,0,0,0,0,0,0,0,0,0,0,0,0,0,0,0,0,0,0,0,0,0,0,0,0,0,0,0,0,0,0,0,0,0,0,0,0,0,0,0,0,0,0,0,0,0,0,0,0,0,0,0,0,0,0,0,0,0,0,0,0,0,0,0,0,0,0,0,0,0,0,0,0,0,0,0,0,0,0,0,0,0,0,0,0,0,0,0,0,0,0,0,0,0,0,0,0,0,0,0,0,0,0,0,0,0,0,0,0,0,0,0,0,0,0,0,0,0,0,0,0,0,0,0,0,0,0,0,0,0,0,0,0,0,0,0,0,0,0,0,0,0,0,0,0,0,0,0,0,0,0,0,0,0,0,0,0,0,0,0,0,0,0,0,0,0,0,0
"kilimanjaro/siha/gararagua",0,0,0,0,0,0,0,0,0,0,0,0,0,0,0,0,0,0,0,0,0,0,0,0,0,0,0,0,0,0,0,0,0,0,0,0,0,0,0,0,0,0,0,0,0,0,0,0,0,0,0,0,0,0,0,0,0,0,0,0,0,0,0,0,0,0,0,0,0,0,0,0,0,0,0,0,0,0,0,0,0,0,0,0,0,0,0,0,0,0,0,0,0,0,0,0,0,0,0,0,0,0,0,0,0,0,0,0,0,0,0,0,0,0,0,0,0,0,0,0,0,0,0,0,0,0,0,0,0,0,0,0,0,0,0,0,0,0,0,0,0,0,0,0,0,0,0,0,0,0,0,0,0,0,0,0,0,0,0,0,0,0,0,0,0,0,0,0,0,0,0,0,0,0,0,0,0,0,0,0,0,0,0,0,0,0,0,0,0,0,0,0,0,0,0,0,0,0,0,0,0,0,0,0,0,0,0,0,0,0,0,0,0,0,0,0,0,0,0,0,0,0,0,0,0,0,0,0,0,0,0,0,0,0,0,0,0,0,0,0,0,0,0,0,0,0,0,0,0,0,0,0,0,0,0,0,0,0,0,0,0,0,0,0,0,0,0,0,0,0,0,0,0,0,0,0,0,0,0,0,0,0,0,0,0,0,0,0,0,0,0,0,0,0,0,0,0,0,0,0,0,0,0,0,0,0,0,0,0,0,0,0,0,0,0,0,0,0,0,0,0,0,0,0,0,0,0,0,0,0,0,0,0,0,0,0,0,0,0,0,0,0,0,0,0,0,0,0,0,0,0,0,0,0,0,0,0,0,0,0,0,0,0,0,0,0,0,0,0,0,0,0,0,0,0,0,0,0,0,0,0,0,0,0,0,0,0,0,0,0,0,0,0,0,0,0,0,0
"manyara/mbulu/gehandu",0,0,0,0,0,0,0,0,0,0,0,0,0,0,0,0,0,0,0,0,0,0,0,0,0,0,0,0,0,0,0,0,0,0,0,0,0,0,0,0,0,0,0,0,0,0,0,0,0,0,0,0,0,0,0,0,0,0,0,0,0,0,0,0,0,0,0,0,0,0,0,0,0,0,0,0,0,0,0,0,0,0,0,0,0,0,0,0,0,0,0,0,0,0,0,0,0,0,0,0,0,0,0,0,0,0,0,0,0,0,0,0,0,0,0,0,0,0,0,0,0,0,0,0,0,0,0,0,0,0,0,0,0,0,0,0,0,0,0,0,0,0,0,0,0,0,0,0,0,0,0,0,0,0,0,0,0,0,0,0,0,0,0,0,0,0,0,0,0,0,0,0,0,0,0,0,0,0,0,0,0,0,0,0,0,0,0,0,0,0,0,0,0,0,0,0,0,0,0,0,0,0,0,0,0,0,0,0,0,0,0,0,0,0,0,0,0,0,0,0,0,0,0,0,0,0,0,0,0,0,0,0,0,0,0,0,0,0,0,0,0,0,0,0,0,0,0,0,0,0,0,0,0,0,0,0,0,0,0,0,0,0,0,0,0,0,0,0,0,0,0,0,0,0,0,0,0,0,0,0,0,0,0,0,0,0,0,0,0,0,0,0,0,0,0,0,0,0,0,0,0,0,0,0,0,0,0,0,0,0,0,0,0,0,0,0,0,0,0,0,0,0,0,0,0,0,0,0,0,0,0,0,0,0,0,0,0,0,0,0,0,0,0,0,0,0,0,0,0,0,0,0,0,0,0,0,0,0,0,0,0,0,0,0,0,0,0,0,0,0,0,0,0,0,0,0,0,0,0,0,0,0,0,0,0,0,0,0,0,0,0,0,0,0,0,0,0,0
"manyara/hanang/gehandu",0.000136,6.1e-05,1.9e-05,0.000497,0.000155,0.000742,2.6e-05,2.9e-05,0.000117,0.015851,0.000363,0.002252,0.000102,0.001538,0.002653,7.9e-05,0.000209,0.001844,0.000999,0.006929,2.1e-05,0.000116,0.000109,1.5e-05,1.7e-05,5e-06,0.000161,3.6e-05,9e-06,2.5e-05,0.000532,7.4e-05,9e-06,1.2e-05,0.00019,0.000978,0.000147,0.010395,0.000179,0.000446,0.000208,0.000582,0.002214,0.006666,0.000485,0.00017,6.6e-05,0.034832,0.006183,7e-05,7.3e-05,5e-05,3.8e-05,0.000293,0.013767,0.000209,2.2e-05,6.3e-05,0.000737,0.01864,0.000481,0.00121,0.00066,0.000192,0,0.001012,0.000485,0.000131,0.00031,0.006399,2.4e-05,0.000191,2.7e-05,0.000654,0,0.00083,9.3e-05,0.000665,0.000653,0.000378,0.000102,0.000831,0.000193,0.000617,0.001357,4.9e-05,0.005171,0.000376,0.012398,0.003368,0.000199,0.000718,0.005378,0.000767,3.7e-05,0.003689,0.000313,7e-06,0.002436,0.000612,5.3e-05,5.1e-05,0.000633,0.000227,7.4e-05,0.00312,4.5e-05,0.000483,0.000181,0.003871,0.000221,0.001557,0.032989,6e-06,2.3e-05,1.8e-05,0.001833,4.1e-05,0.002729,0.00025,0.000131,0.004775,1.7e-05,6.6e-05,8e-06,0.000259,0.001476,0.008458,0.000565,1.8e-05,1.5e-05,0.000573,0.001174,0.00011,5e-06,0.000835,4.6e-05,0.000328,0.00577,0.000778,0.000342,1.4e-05,0.000291,7.3e-05,3.3e-05,0.000959,0.000183,0.001212,0.001004,0.000336,1.6e-05,1.4e-05,2.7e-05,2.2e-05,0.000976,0.008847,7.2e-05,9.3e-05,0.000143,0.038486,0.000177,0.0035,7e-06,4.8e-05,0.003595,0.001476,0.000232,0.000173,0.001654,0.000102,0.000528,0.003188,0.024409,0.000473,7.8e-05,0.001448,0.007262,1.5e-05,0.000786,0.000746,8e-06,9.1e-05,0.00192,0.000134,0.004916,0.089111,1e-05,1.9e-05,0.002494,0.000747,0.000206,0.001616,0.000624,0.000478,0.004876,9.9e-05,1.8e-05,8.3e-05,0.000924,1.4e-05,0.002783,0.000577,0.00102,1.3e-05,0.001381,9.9e-05,0.008856,0.003003,0.001033,2.2e-05,1.9e-05,0.000106,0.002913,8e-06,2.9e-05,0.000257,2.7e-05,0.012801,0.000114,0.000714,0.000451,1.3e-05,0.000179,1.9e-05,0.002931,6.6e-05,0.004181,3.5e-05,0.000257,0.000306,0.000126,0.000116,0.003829,0.0033,0.000378,1e-06,2.1e-05,0.000516,0.000832,1.5e-05,0.000306,0.032576,7e-06,0.022234,1.1e-05,1.5e-05,5.1e-05,0.001214,0.002445,0.00015,0.008069,0.00896,2.3e-05,0.002202,0.000682,0.000509,2.1e-05,9.1e-05,1.2e-05,1.5e-05,1.2e-05,0.000338,1.7e-05,1.5e-05,0.002908,6.5e-05,0.000115,0.002808,4e-05,0.000785,0.002355,0.002344,1.5e-05,1.5e-05,0.007721,4e-05,0.000593,0.001439,6.3e-05,0.000184,0.00013,1.6e-05,0.022721,0.000224,5.4e-05,0.000149,0.000319,4.5e-05,0.000481,1.5e-05,0.000219,0.000182,4.6e-05,0.006392,0.000205,0.000346,0.00285,4.3e-05,0.000491,0.000928,7e-06,5e-06,1.4e-05,0.000214,6.5e-05,0.010002,0.000187,2.5e-05,1.5e-05,1.8e-05,0.002408,0.000562,0.000235,1.2e-05,0.000135,2.3e-05,4.1e-05,0.00575,0.004438,0.00334,0.000389,0.002899,0.000394,0.001796,0.019898,0.001151,0.001377,6.7e-05,0.000128,0.000555,0.000845,0.00035,0.02368,0.003039,0.00165,7e-05,6.9e-05,0.000129,0.005775,0.000191,2.4e-05,1.2e-05,2.2e-05,0.000243,0.002214,0.00045,0.000283,0.000942,0.001611,0.000391,2.8e-05,0.000954,7.4e-05,0.010032,0.001505,0.00103,0.001244,8e-05,3.1e-05,0.000199,0.000121,0.000264,0.000103,0.000149,8.5e-05,0.006564,0.001873,0.004151,9.4e-05,0.00067,7.6e-05,5e-06,1.9e-05,0.000149,3.6e-05,0.00044,0.000456,1.5e-05,0.003596,5.8e-05,8e-06,0.000141,0.008924,0.005282,2.5e-05,0.000178,1.7e-05,0.001924,0.000356,1.2e-05,0.002595,1.4e-05,1.6e-05,3.3e-05,5e-06,8e-06,0.000121,8.7e-05
"arusha/longido/gelailumbwa",0,0,0,0,0,0,0,0,0,0,0,0,0,0,0,0,0,0,0,0,0,0,0,0,0,0,0,0,0,0,0,0,0,0,0,0,0,0,0,0,0,0,0,0,0,0,0,0,0,0,0,0,0,0,0,0,0,0,0,0,0,0,0,0,0,0,0,0,0,0,0,0,0,0,0,0,0,0,0,0,0,0,0,0,0,0,0,0,0,0,0,0,0,0,0,0,0,0,0,0,0,0,0,0,0,0,0,0,0,0,0,0,0,0,0,0,0,0,0,0,0,0,0,0,0,0,0,0,0,0,0,0,0,0,0,0,0,0,0,0,0,0,0,0,0,0,0,0,0,0,0,0,0,0,0,0,0,0,0,0,0,0,0,0,0,0,0,0,0,0,0,0,0,0,0,0,0,0,0,0,0,0,0,0,0,0,0,0,0,0,0,0,0,0,0,0,0,0,0,0,0,0,0,0,0,0,0,0,0,0,0,0,0,0,0,0,0,0,0,0,0,0,0,0,0,0,0,0,0,0,0,0,0,0,0,0,0,0,0,0,0,0,0,0,0,0,0,0,0,0,0,0,0,0,0,0,0,0,0,0,0,0,0,0,0,0,0,0,0,0,0,0,0,0,0,0,0,0,0,0,0,0,0,0,0,0,0,0,0,0,0,0,0,0,0,0,0,0,0,0,0,0,0,0,0,0,0,0,0,0,0,0,0,0,0,0,0,0,0,0,0,0,0,0,0,0,0,0,0,0,0,0,0,0,0,0,0,0,0,0,0,0,0,0,0,0,0,0,0,0,0,0,0,0,0,0,0,0,0,0,0,0,0,0,0,0,0,0,0,0,0,0,0,0,0,0,0,0,0,0,0,0,0,0,0,0,0,0,0,0,0,0,0,0,0,0,0,0
"arusha/longido/gelaimeirugoi",0,0,0,0,0,0,0,0,0,0,0,0,0,0,0,0,0,0,0,0,0,0,0,0,0,0,0,0,0,0,0,0,0,0,0,0,0,0,0,0,0,0,0,0,0,0,0,0,0,0,0,0,0,0,0,0,0,0,0,0,0,0,0,0,0,0,0,0,0,0,0,0,0,0,0,0,0,0,0,0,0,0,0,0,0,0,0,0,0,0,0,0,0,0,0,0,0,0,0,0,0,0,0,0,0,0,0,0,0,0,0,0,0,0,0,0,0,0,0,0,0,0,0,0,0,0,0,0,0,0,0,0,0,0,0,0,0,0,0,0,0,0,0,0,0,0,0,0,0,0,0,0,0,0,0,0,0,0,0,0,0,0,0,0,0,0,0,0,0,0,0,0,0,0,0,0,0,0,0,0,0,0,0,0,0,0,0,0,0,0,0,0,0,0,0,0,0,0,0,0,0,0,0,0,0,0,0,0,0,0,0,0,0,0,0,0,0,0,0,0,0,0,0,0,0,0,0,0,0,0,0,0,0,0,0,0,0,0,0,0,0,0,0,0,0,0,0,0,0,0,0,0,0,0,0,0,0,0,0,0,0,0,0,0,0,0,0,0,0,0,0,0,0,0,0,0,0,0,0,0,0,0,0,0,0,0,0,0,0,0,0,0,0,0,0,0,0,0,0,0,0,0,0,0,0,0,0,0,0,0,0,0,0,0,0,0,0,0,0,0,0,0,0,0,0,0,0,0,0,0,0,0,0,0,0,0,0,0,0,0,0,0,0,0,0,0,0,0,0,0,0,0,0,0,0,0,0,0,0,0,0,0,0,0,0,0,0,0,0,0,0,0,0,0,0,0,0,0,0,0,0,0,0,0,0,0,0,0,0,0,0,0,0,0,0,0,0,0
"manyara/hanang/gendabi",0,0,0,0,0,0,0,0,0,0,0,0,0,0,0,0,0,0,0,0,0,0,0,0,0,0,0,0,0,0,0,0,0,0,0,0,0,0,0,0,0,0,0,0,0,0,0,0,0,0,0,0,0,0,0,0,0,0,0,0,0,0,0,0,0,0,0,0,0,0,0,0,0,0,0,0,0,0,0,0,0,0,0,0,0,0,0,0,0,0,0,0,0,0,0,0,0,0,0,0,0,0,0,0,0,0,0,0,0,0,0,0,0,0,0,0,0,0,0,0,0,0,0,0,0,0,0,0,0,0,0,0,0,0,0,0,0,0,0,0,0,0,0,0,0,0,0,0,0,0,0,0,0,0,0,0,0,0,0,0,0,0,0,0,0,0,0,0,0,0,0,0,0,0,0,0,0,0,0,0,0,0,0,0,0,0,0,0,0,0,0,0,0,0,0,0,0,0,0,0,0,0,0,0,0,0,0,0,0,0,0,0,0,0,0,0,0,0,0,0,0,0,0,0,0,0,0,0,0,0,0,0,0,0,0,0,0,0,0,0,0,0,0,0,0,0,0,0,0,0,0,0,0,0,0,0,0,0,0,0,0,0,0,0,0,0,0,0,0,0,0,0,0,0,0,0,0,0,0,0,0,0,0,0,0,0,0,0,0,0,0,0,0,0,0,0,0,0,0,0,0,0,0,0,0,0,0,0,0,0,0,0,0,0,0,0,0,0,0,0,0,0,0,0,0,0,0,0,0,0,0,0,0,0,0,0,0,0,0,0,0,0,0,0,0,0,0,0,0,0,0,0,0,0,0,0,0,0,0,0,0,0,0,0,0,0,0,0,0,0,0,0,0,0,0,0,0,0,0,0,0,0,0,0,0,0,0,0,0,0,0,0,0,0,0,0,0,0
"manyara/hanang/getanuwas",0,0,0,0,0,0,0,0,0,0,0,0,0,0,0,0,0,0,0,0,0,0,0,0,0,0,0,0,0,0,0,0,0,0,0,0,0,0,0,0,0,0,0,0,0,0,0,0,0,0,0,0,0,0,0,0,0,0,0,0,0,0,0,0,0,0,0,0,0,0,0,0,0,0,0,0,0,0,0,0,0,0,0,0,0,0,0,0,0,0,0,0,0,0,0,0,0,0,0,0,0,0,0,0,0,0,0,0,0,0,0,0,0,0,0,0,0,0,0,0,0,0,0,0,0,0,0,0,0,0,0,0,0,0,0,0,0,0,0,0,0,0,0,0,0,0,0,0,0,0,0,0,0,0,0,0,0,0,0,0,0,0,0,0,0,0,0,0,0,0,0,0,0,0,0,0,0,0,0,0,0,0,0,0,0,0,0,0,0,0,0,0,0,0,0,0,0,0,0,0,0,0,0,0,0,0,0,0,0,0,0,0,0,0,0,0,0,0,0,0,0,0,0,0,0,0,0,0,0,0,0,0,0,0,0,0,0,0,0,0,0,0,0,0,0,0,0,0,0,0,0,0,0,0,0,0,0,0,0,0,0,0,0,0,0,0,0,0,0,0,0,0,0,0,0,0,0,0,0,0,0,0,0,0,0,0,0,0,0,0,0,0,0,0,0,0,0,0,0,0,0,0,0,0,0,0,0,0,0,0,0,0,0,0,0,0,0,0,0,0,0,0,0,0,0,0,0,0,0,0,0,0,0,0,0,0,0,0,0,0,0,0,0,0,0,0,0,0,0,0,0,0,0,0,0,0,0,0,0,0,0,0,0,0,0,0,0,0,0,0,0,0,0,0,0,0,0,0,0,0,0,0,0,0,0,0,0,0,0,0,0,0,0,0,0,0,0,0
"manyara/mbulu/geterer",0,0,0,0,0,0,0,0,0,0,0,0,0,0,0,0,0,0,0,0,0,0,0,0,0,0,0,0,0,0,0,0,0,0,0,0,0,0,0,0,0,0,0,0,0,0,0,0,0,0,0,0,0,0,0,0,0,0,0,0,0,0,0,0,0,0,0,0,0,0,0,0,0,0,0,0,0,0,0,0,0,0,0,0,0,0,0,0,0,0,0,0,0,0,0,0,0,0,0,0,0,0,0,0,0,0,0,0,0,0,0,0,0,0,0,0,0,0,0,0,0,0,0,0,0,0,0,0,0,0,0,0,0,0,0,0,0,0,0,0,0,0,0,0,0,0,0,0,0,0,0,0,0,0,0,0,0,0,0,0,0,0,0,0,0,0,0,0,0,0,0,0,0,0,0,0,0,0,0,0,0,0,0,0,0,0,0,0,0,0,0,0,0,0,0,0,0,0,0,0,0,0,0,0,0,0,0,0,0,0,0,0,0,0,0,0,0,0,0,0,0,0,0,0,0,0,0,0,0,0,0,0,0,0,0,0,0,0,0,0,0,0,0,0,0,0,0,0,0,0,0,0,0,0,0,0,0,0,0,0,0,0,0,0,0,0,0,0,0,0,0,0,0,0,0,0,0,0,0,0,0,0,0,0,0,0,0,0,0,0,0,0,0,0,0,0,0,0,0,0,0,0,0,0,0,0,0,0,0,0,0,0,0,0,0,0,0,0,0,0,0,0,0,0,0,0,0,0,0,0,0,0,0,0,0,0,0,0,0,0,0,0,0,0,0,0,0,0,0,0,0,0,0,0,0,0,0,0,0,0,0,0,0,0,0,0,0,0,0,0,0,0,0,0,0,0,0,0,0,0,0,0,0,0,0,0,0,0,0,0,0,0,0,0,0,0,0,0
"manyara/hanang/gidahababieg",0,0,0,0,0,0,0,0,0,0,0,0,0,0,0,0,0,0,0,0,0,0,0,0,0,0,0,0,0,0,0,0,0,0,0,0,0,0,0,0,0,0,0,0,0,0,0,0,0,0,0,0,0,0,0,0,0,0,0,0,0,0,0,0,0,0,0,0,0,0,0,0,0,0,0,0,0,0,0,0,0,0,0,0,0,0,0,0,0,0,0,0,0,0,0,0,0,0,0,0,0,0,0,0,0,0,0,0,0,0,0,0,0,0,0,0,0,0,0,0,0,0,0,0,0,0,0,0,0,0,0,0,0,0,0,0,0,0,0,0,0,0,0,0,0,0,0,0,0,0,0,0,0,0,0,0,0,0,0,0,0,0,0,0,0,0,0,0,0,0,0,0,0,0,0,0,0,0,0,0,0,0,0,0,0,0,0,0,0,0,0,0,0,0,0,0,0,0,0,0,0,0,0,0,0,0,0,0,0,0,0,0,0,0,0,0,0,0,0,0,0,0,0,0,0,0,0,0,0,0,0,0,0,0,0,0,0,0,0,0,0,0,0,0,0,0,0,0,0,0,0,0,0,0,0,0,0,0,0,0,0,0,0,0,0,0,0,0,0,0,0,0,0,0,0,0,0,0,0,0,0,0,0,0,0,0,0,0,0,0,0,0,0,0,0,0,0,0,0,0,0,0,0,0,0,0,0,0,0,0,0,0,0,0,0,0,0,0,0,0,0,0,0,0,0,0,0,0,0,0,0,0,0,0,0,0,0,0,0,0,0,0,0,0,0,0,0,0,0,0,0,0,0,0,0,0,0,0,0,0,0,0,0,0,0,0,0,0,0,0,0,0,0,0,0,0,0,0,0,0,0,0,0,0,0,0,0,0,0,0,0,0,0,0,0,0,0,0
"manyara/babati/gidas",1.3e-05,4e-06,1e-06,3e-05,5.1e-05,6.2e-05,3e-06,4e-06,0.000257,0.008057,0.000239,1.6e-05,1e-05,0.000149,0.00013,9e-06,1.3e-05,0.000207,1.4e-05,5e-05,2e-06,1e-05,0.000229,1e-06,1e-06,0,0.000179,4e-06,1e-06,2e-06,5.5e-05,6e-06,1e-06,1e-06,1.5e-05,0.000121,1.5e-05,0.002828,1.9e-05,2.8e-05,1.1e-05,2.9e-05,0.000148,0.000548,3.5e-05,0.000274,6e-06,0.003523,0.001038,7e-06,9e-06,4e-06,4e-06,1e-05,0.008221,5.6e-05,2e-06,1.8e-05,6.8e-05,0.001098,3.4e-05,1e-04,5.4e-05,1.4e-05,0,0.000102,4.9e-05,4e-06,3.6e-05,0.001932,2e-06,6e-06,2e-06,8.6e-05,5.8e-05,5.9e-05,7e-06,1.4e-05,5e-06,7e-06,0.000122,0,1.3e-05,2.5e-05,0.000114,5e-06,0.00044,1e-05,0.000236,0.000253,5.2e-05,7e-06,0.000409,7.1e-05,3e-06,0.000412,2.5e-05,1e-06,0.000198,4.8e-05,7e-06,3e-06,4.5e-05,2.2e-05,6e-06,0.00023,4e-06,3.9e-05,1.5e-05,0.000366,1.8e-05,0.000117,0.000934,1e-06,2e-06,1e-06,0.00016,4e-06,0.000218,2e-05,1e-05,0.000374,1e-06,5e-06,1e-06,1.9e-05,0.000114,0.000765,5.4e-05,1e-06,1e-06,4.4e-05,9.2e-05,9e-06,0,8.1e-05,4e-06,2.6e-05,0.000424,6.3e-05,3e-05,1e-06,2.8e-05,6e-06,2e-06,7.5e-05,4.7e-05,9.6e-05,7.8e-05,2.6e-05,1e-06,1e-06,2e-06,2e-06,7.1e-05,0.000923,5e-06,7e-06,1.3e-05,0.003185,1.4e-05,0.000466,1e-06,4e-06,1e-05,1.2e-05,1.9e-05,1.5e-05,0.000166,8e-06,3.9e-05,0.000349,0.00244,4.2e-05,6e-06,0.000241,0.001134,1e-06,6.3e-05,5.9e-05,1e-06,5e-06,0.000146,1.1e-05,0.000394,0.0078,1e-06,2e-06,0.000202,6.1e-05,1.7e-05,0.00027,8.4e-05,1.4e-05,0.001243,7e-06,1e-06,3e-05,7.4e-05,1e-06,0.000253,7.9e-05,7.9e-05,1e-06,0.000104,8e-06,0.000687,0.00037,6.7e-05,2e-06,1e-06,2.9e-05,0.000219,1e-06,2e-06,1.8e-05,3e-06,0.000947,9e-06,5.5e-05,1.7e-05,1e-06,7.1e-05,2e-06,0.000244,5e-06,0.000336,3e-06,2.1e-05,5.5e-05,8e-05,9e-06,0.000263,0.000349,3e-05,0,2e-06,5.1e-05,7.6e-05,1e-06,2.9e-05,0.004159,1e-06,0.001781,1e-06,1e-06,4e-06,0.00012,3.5e-05,1.7e-05,0.000788,0.000828,2e-06,0.000218,5.1e-05,3.8e-05,2e-06,7e-06,1e-06,1e-06,1e-06,2.9e-05,2e-06,1e-06,0.000306,5e-06,1.8e-05,0.000282,1.6e-05,0.000159,0.000225,0.000188,1e-06,1e-06,0.000592,3e-06,4.3e-05,0.000159,1e-05,1.5e-05,1.2e-05,1e-06,0.001664,3.1e-05,4e-06,8.9e-05,2.9e-05,3e-06,4.3e-05,1e-06,2.3e-05,1.4e-05,3e-06,0.000639,1.6e-05,2.8e-05,0.000247,4e-06,4.3e-05,6.9e-05,1e-06,0,1e-06,1.7e-05,6e-06,0.001616,1.8e-05,2e-06,1e-06,1e-06,0.000246,3.7e-05,2.2e-05,1e-06,1.1e-05,2e-06,3e-06,0.000499,0.000331,0.00037,4.6e-05,0.00027,3.3e-05,0.000135,0.001933,6.8e-05,8.3e-05,7e-06,7e-06,5.4e-05,8.1e-05,3.4e-05,0.001852,0.000185,0.00016,6e-06,6e-06,9e-06,0.000544,6.1e-05,2e-06,1e-06,2e-06,0.000209,0.000182,3.4e-05,1.8e-05,8.7e-05,0.000127,2.4e-05,4e-06,7.9e-05,7e-06,0.000987,0.000148,0.000113,0.000129,6e-06,2e-06,1.6e-05,5.4e-05,0.000103,7.7e-05,4.2e-05,5e-06,0.000631,0.000189,0.000416,7e-06,6.1e-05,6e-06,0,1e-06,1e-05,3e-06,4.6e-05,6.3e-05,2e-06,0.000277,6e-06,1e-06,1.6e-05,0.000663,0.000225,3e-06,1.8e-05,1e-06,0.000153,2.8e-05,1e-06,0.000244,1e-06,1e-06,2e-06,0,1e-06,1.2e-05,5e-06
"manyara/mbulu/gidihim",0,0,0,0,0,0,0,0,0,0,0,0,0,0,0,0,0,0,0,0,0,0,0,0,0,0,0,0,0,0,0,0,0,0,0,0,0,0,0,0,0,0,0,0,0,0,0,0,0,0,0,0,0,0,0,0,0,0,0,0,0,0,0,0,0,0,0,0,0,0,0,0,0,0,0,0,0,0,0,0,0,0,0,0,0,0,0,0,0,0,0,0,0,0,0,0,0,0,0,0,0,0,0,0,0,0,0,0,0,0,0,0,0,0,0,0,0,0,0,0,0,0,0,0,0,0,0,0,0,0,0,0,0,0,0,0,0,0,0,0,0,0,0,0,0,0,0,0,0,0,0,0,0,0,0,0,0,0,0,0,0,0,0,0,0,0,0,0,0,0,0,0,0,0,0,0,0,0,0,0,0,0,0,0,0,0,0,0,0,0,0,0,0,0,0,0,0,0,0,0,0,0,0,0,0,0,0,0,0,0,0,0,0,0,0,0,0,0,0,0,0,0,0,0,0,0,0,0,0,0,0,0,0,0,0,0,0,0,0,0,0,0,0,0,0,0,0,0,0,0,0,0,0,0,0,0,0,0,0,0,0,0,0,0,0,0,0,0,0,0,0,0,0,0,0,0,0,0,0,0,0,0,0,0,0,0,0,0,0,0,0,0,0,0,0,0,0,0,0,0,0,0,0,0,0,0,0,0,0,0,0,0,0,0,0,0,0,0,0,0,0,0,0,0,0,0,0,0,0,0,0,0,0,0,0,0,0,0,0,0,0,0,0,0,0,0,0,0,0,0,0,0,0,0,0,0,0,0,0,0,0,0,0,0,0,0,0,0,0,0,0,0,0,0,0,0,0,0,0,0,0,0,0,0,0,0,0,0,0,0,0,0,0,0,0,0,0,0
"manyara/hanang/gisambalang",0.00011,3.8e-05,1.5e-05,0.000219,0.000107,0.000616,1.4e-05,1.7e-05,0.000139,0.01504,0.000339,0.00104,8.1e-05,0.001239,0.001036,4.4e-05,5.7e-05,0.000593,0.000116,0.00054,1.9e-05,6.5e-05,0.000152,1.2e-05,1.4e-05,4e-06,0.000182,2.2e-05,1.2e-05,2.2e-05,0.000697,0.000103,8e-06,1e-05,7.4e-05,0.000343,0.000118,0.004649,7e-05,0.000296,7.3e-05,0.001487,0.001671,0.001959,0.00045,0.000169,4.7e-05,0.027985,0.00603,2.8e-05,2.8e-05,2.6e-05,2.3e-05,8.5e-05,0.009539,0.000158,1.8e-05,6.8e-05,0.000712,0.006919,0.000244,0.000583,0.000491,0.000241,0,0.000824,0.000374,3.9e-05,0.000216,0.005334,1.5e-05,9.9e-05,2.1e-05,0.000395,0.001303,0.000405,6.3e-05,0.000159,8.6e-05,7.6e-05,0.000134,0.000771,7.1e-05,0,0.000676,1.8e-05,0.004205,8.9e-05,0.001913,0.002099,0.000252,8.2e-05,0.004352,0.000604,2.6e-05,0.001985,0.000248,6e-06,0.002014,0.000502,3.1e-05,2.3e-05,0.000541,0.000182,6.1e-05,0.0024,2.5e-05,0.000391,0.000142,0.001682,0.000175,0.001234,0.012854,4e-06,1.9e-05,1.4e-05,0.001504,5.5e-05,0.002209,0.000199,7.4e-05,0.003805,1.4e-05,5.5e-05,6e-06,0.000224,0.001121,0.004856,0.000466,1.5e-05,1.2e-05,0.000328,0.000967,8.9e-05,4e-06,0.000671,3.6e-05,0.000265,0.004232,0.000627,0.000276,1.2e-05,0.000232,5.8e-05,2.6e-05,0.000802,8.9e-05,0.000986,0.000808,0.000272,1.3e-05,1.2e-05,2.1e-05,1.9e-05,0.00082,0.007005,4e-05,4.7e-05,0.000146,0.031381,0.000146,0.002394,5e-06,4e-05,0.000144,0.001223,0.000195,0.000138,0.00134,8.6e-05,0.000394,0.00168,0.019618,0.000434,6.2e-05,0.001219,0.004516,1.1e-05,0.000635,0.000776,7e-06,5.8e-05,0.001716,0.00011,0.003917,0.110632,8e-06,1.5e-05,0.002002,0.000597,0.000169,0.000881,0.000284,8.9e-05,0.003011,0.000115,1.4e-05,6.9e-05,0.000749,9e-06,0.002246,0.000775,0.000638,1e-05,0.001101,7.9e-05,0.00721,0.0016,0.000643,1.7e-05,1.5e-05,7.6e-05,0.002343,7e-06,1.4e-05,0.000218,1.5e-05,0.010148,9.1e-05,0.000575,9.2e-05,1.1e-05,0.000128,1.5e-05,0.002363,5.3e-05,0.003321,2.9e-05,0.000124,0.00026,0.000106,3.7e-05,0.002667,0.002673,0.000542,1e-06,1.7e-05,0.000307,0.000388,1.2e-05,0.000259,0.041217,6e-06,0.013449,1e-05,1.2e-05,4.1e-05,0.000994,0.000667,0.000125,0.006451,0.00474,1.7e-05,0.001787,0.000531,0.000441,1.7e-05,7.5e-05,1e-05,1.3e-05,1e-05,0.000202,1.3e-05,1.3e-05,0.001364,4.7e-05,6.6e-05,0.002195,3.7e-05,0.000643,0.001826,0.001961,1.3e-05,1.3e-05,0.006238,3.2e-05,0.000513,0.000995,4e-05,0.000117,0.000111,1.1e-05,0.016718,0.000128,4.6e-05,0.00011,0.000349,3.5e-05,0.000199,1.2e-05,0.000274,0.00014,3.9e-05,0.005298,0.000166,0.00027,0.001575,3.4e-05,0.000431,0.000527,6e-06,4e-06,1.1e-05,0.000184,8.9e-05,0.005342,0.00015,2e-05,1.2e-05,1.4e-05,0.001365,0.000232,0.000368,1e-05,0.000109,1.3e-05,1.9e-05,0.003136,0.003512,0.001984,0.000341,0.00225,0.000317,0.001371,0.011154,0.000521,0.000631,5.4e-05,8.3e-05,0.00044,0.000673,0.000275,0.012447,0.002003,0.001156,6.3e-05,5.6e-05,8.6e-05,0.00466,0.00025,1.4e-05,9e-06,1.4e-05,0.000155,0.001979,0.000411,0.000185,0.000737,0.001394,0.000256,1.6e-05,0.000755,5.9e-05,0.008054,0.00075,8e-04,0.000778,6.7e-05,2.5e-05,0.000162,9.8e-05,0.000393,0.000106,0.000479,5.5e-05,0.005254,0.00107,0.003336,0.000115,0.000533,6.2e-05,4e-06,1.7e-05,0.000112,2.8e-05,0.000362,3e-04,1.2e-05,0.001919,2.9e-05,7e-06,6.8e-05,0.007039,0.001567,1.4e-05,0.000143,1.4e-05,0.001548,0.000286,9e-06,0.002108,1.1e-05,1.4e-05,2.9e-05,4e-06,7e-06,5.7e-05,3.3e-05
"manyara/hanang/giting",0,0,0,0,0,0,0,0,0,0,0,0,0,0,0,0,0,0,0,0,0,0,0,0,0,0,0,0,0,0,0,0,0,0,0,0,0,0,0,0,0,0,0,0,0,0,0,0,0,0,0,0,0,0,0,0,0,0,0,0,0,0,0,0,0,0,0,0,0,0,0,0,0,0,0,0,0,0,0,0,0,0,0,0,0,0,0,0,0,0,0,0,0,0,0,0,0,0,0,0,0,0,0,0,0,0,0,0,0,0,0,0,0,0,0,0,0,0,0,0,0,0,0,0,0,0,0,0,0,0,0,0,0,0,0,0,0,0,0,0,0,0,0,0,0,0,0,0,0,0,0,0,0,0,0,0,0,0,0,0,0,0,0,0,0,0,0,0,0,0,0,0,0,0,0,0,0,0,0,0,0,0,0,0,0,0,0,0,0,0,0,0,0,0,0,0,0,0,0,0,0,0,0,0,0,0,0,0,0,0,0,0,0,0,0,0,0,0,0,0,0,0,0,0,0,0,0,0,0,0,0,0,0,0,0,0,0,0,0,0,0,0,0,0,0,0,0,0,0,0,0,0,0,0,0,0,0,0,0,0,0,0,0,0,0,0,0,0,0,0,0,0,0,0,0,0,0,0,0,0,0,0,0,0,0,0,0,0,0,0,0,0,0,0,0,0,0,0,0,0,0,0,0,0,0,0,0,0,0,0,0,0,0,0,0,0,0,0,0,0,0,0,0,0,0,0,0,0,0,0,0,0,0,0,0,0,0,0,0,0,0,0,0,0,0,0,0,0,0,0,0,0,0,0,0,0,0,0,0,0,0,0,0,0,0,0,0,0,0,0,0,0,0,0,0,0,0,0,0,0,0,0,0,0,0,0,0,0,0,0,0,0,0,0,0,0,0,0
"manyara/mbulu/gunyoda",0,0,0,0,0,0,0,0,0,0,0,0,0,0,0,0,0,0,0,0,0,0,0,0,0,0,0,0,0,0,0,0,0,0,0,0,0,0,0,0,0,0,0,0,0,0,0,0,0,0,0,0,0,0,0,0,0,0,0,0,0,0,0,0,0,0,0,0,0,0,0,0,0,0,0,0,0,0,0,0,0,0,0,0,0,0,0,0,0,0,0,0,0,0,0,0,0,0,0,0,0,0,0,0,0,0,0,0,0,0,0,0,0,0,0,0,0,0,0,0,0,0,0,0,0,0,0,0,0,0,0,0,0,0,0,0,0,0,0,0,0,0,0,0,0,0,0,0,0,0,0,0,0,0,0,0,0,0,0,0,0,0,0,0,0,0,0,0,0,0,0,0,0,0,0,0,0,0,0,0,0,0,0,0,0,0,0,0,0,0,0,0,0,0,0,0,0,0,0,0,0,0,0,0,0,0,0,0,0,0,0,0,0,0,0,0,0,0,0,0,0,0,0,0,0,0,0,0,0,0,0,0,0,0,0,0,0,0,0,0,0,0,0,0,0,0,0,0,0,0,0,0,0,0,0,0,0,0,0,0,0,0,0,0,0,0,0,0,0,0,0,0,0,0,0,0,0,0,0,0,0,0,0,0,0,0,0,0,0,0,0,0,0,0,0,0,0,0,0,0,0,0,0,0,0,0,0,0,0,0,0,0,0,0,0,0,0,0,0,0,0,0,0,0,0,0,0,0,0,0,0,0,0,0,0,0,0,0,0,0,0,0,0,0,0,0,0,0,0,0,0,0,0,0,0,0,0,0,0,0,0,0,0,0,0,0,0,0,0,0,0,0,0,0,0,0,0,0,0,0,0,0,0,0,0,0,0,0,0,0,0,0,0,0,0,0,0,0
"kilimanjaro/hai/haimjini",1e-06,0,0,0,0,1.5e-05,0,0,0,0,0,0,1e-06,8e-06,0,0,0,0,0,0,0,3e-06,0,1e-06,0,0,0,0,0,0,4e-06,0,0,0,0,0,1e-06,0,0,0,0,0,0,0,0,0,0,0.000118,2e-06,0,0,0,0,0,0,0,0,0,0,1e-06,0,0,1e-06,0,0,4e-06,1e-06,0,0,0,0,0,1e-06,0,0,0,0,0,0,0,0,0,0,0,0,0,0,0,0,1e-06,0,0,3.7e-05,4e-06,0,0,1.1e-05,0,3.4e-05,6e-06,0,0,0,1e-06,3e-06,1.7e-05,0,2.6e-05,3e-06,0,8e-06,1.4e-05,0,0,0,0,0.00027,0,7.5e-05,6e-06,3e-06,0.00011,0,0,0,0,0,0.000165,6e-06,0,0,5e-06,9e-06,5e-06,0,4e-06,0,7e-06,9e-06,4.6e-05,1.6e-05,0,1e-06,3e-06,0,3e-06,0,1.9e-05,1.6e-05,4e-06,0,0,0,0,1e-06,1.5e-05,0,0,0,0.001592,1e-06,2e-06,0,0,0,0,2e-06,3e-06,6e-06,0,0,1e-06,9.1e-05,1e-06,2e-06,0,2e-06,0,3.4e-05,0,0,0,1e-06,3e-06,0.000198,0.015022,0,0,0.000171,4.7e-05,1.4e-05,0,0,0,0,0,0,0,3.1e-05,0,4.6e-05,0,1e-06,0,1.2e-05,4e-06,7.7e-05,1e-06,0,0,0,0,1.9e-05,0,0,0,0,7e-05,1e-06,8e-06,0,0,0,1e-06,0.000664,4e-06,0.000165,4e-06,0,0,0,0,2e-06,7e-06,0,0,0,3e-06,0,0,4e-06,3.3e-05,0,3.9e-05,0,0,2e-06,7e-06,0,0,3.2e-05,8e-06,0,1.1e-05,5e-06,0,0,0,0,0,0,3e-06,0,0,0,0,0,5e-06,0,0,5e-06,1.4e-05,0,0,6.7e-05,0,0,1e-06,0,0,2e-06,0,3.3e-05,0,0,0,0,0,0,1e-06,0,2e-06,0,4.3e-05,5e-06,5e-06,1.6e-05,0,2e-06,0,0,0,0,0,0,1e-06,1e-06,0,0,0,4e-06,0,0,0,3e-06,0,0,1.8e-05,3.3e-05,6e-06,1e-06,8e-06,4.8e-05,9e-06,4.7e-05,0,0,0,0,2e-06,4e-06,1e-06,3.1e-05,1e-06,1e-06,0,3e-06,0,5e-05,0,0,0,0,0,2e-06,0,0,4e-06,2e-06,0,0,2.8e-05,1e-06,4.1e-05,0,1e-06,3e-06,0,0,1e-05,0,0,0,0,0,3.2e-05,5e-06,1.3e-05,0,6e-06,3e-06,0,0,0,0,1e-06,0,0,9e-06,0,0,0,6e-05,0,0,1e-06,0,6.9e-05,8e-06,0,2.8e-05,0,0,0,0,0,0,0
"manyara/mbulu/hayderer",0,0,0,0,0,0,0,0,0,0,0,0,0,0,0,0,0,0,0,0,0,0,0,0,0,0,0,0,0,0,0,0,0,0,0,0,0,0,0,0,0,0,0,0,0,0,0,0,0,0,0,0,0,0,0,0,0,0,0,0,0,0,0,0,0,0,0,0,0,0,0,0,0,0,0,0,0,0,0,0,0,0,0,0,0,0,0,0,0,0,0,0,0,0,0,0,0,0,0,0,0,0,0,0,0,0,0,0,0,0,0,0,0,0,0,0,0,0,0,0,0,0,0,0,0,0,0,0,0,0,0,0,0,0,0,0,0,0,0,0,0,0,0,0,0,0,0,0,0,0,0,0,0,0,0,0,0,0,0,0,0,0,0,0,0,0,0,0,0,0,0,0,0,0,0,0,0,0,0,0,0,0,0,0,0,0,0,0,0,0,0,0,0,0,0,0,0,0,0,0,0,0,0,0,0,0,0,0,0,0,0,0,0,0,0,0,0,0,0,0,0,0,0,0,0,0,0,0,0,0,0,0,0,0,0,0,0,0,0,0,0,0,0,0,0,0,0,0,0,0,0,0,0,0,0,0,0,0,0,0,0,0,0,0,0,0,0,0,0,0,0,0,0,0,0,0,0,0,0,0,0,0,0,0,0,0,0,0,0,0,0,0,0,0,0,0,0,0,0,0,0,0,0,0,0,0,0,0,0,0,0,0,0,0,0,0,0,0,0,0,0,0,0,0,0,0,0,0,0,0,0,0,0,0,0,0,0,0,0,0,0,0,0,0,0,0,0,0,0,0,0,0,0,0,0,0,0,0,0,0,0,0,0,0,0,0,0,0,0,0,0,0,0,0,0,0,0,0,0,0,0,0,0,0,0,0,0,0,0,0,0,0,0,0,0,0,0,0
"manyara/mbulu/haydom",1.3e-05,9e-06,2e-06,6.8e-05,1.3e-05,6.7e-05,4e-06,5e-06,6e-06,0.001207,2.6e-05,1.4e-05,1e-05,0.000152,0.001066,1.4e-05,7e-05,0.000171,2e-04,0.000485,2e-06,1.1e-05,5e-06,1e-06,1e-06,0,1e-05,6e-06,1e-06,2e-06,5e-05,4e-06,1e-06,1e-06,3.7e-05,5.7e-05,1.5e-05,0.000839,3.3e-05,5.4e-05,7.2e-05,9e-06,0.000143,0.001358,2.7e-05,9e-06,8e-06,0.003569,0.000527,1.3e-05,1.3e-05,1.1e-05,6e-06,0.000253,0.000543,8e-06,2e-06,5e-06,5.7e-05,0.003962,5.2e-05,0.000154,7e-05,1.1e-05,0,9.9e-05,5.2e-05,0.000127,4.1e-05,0.000441,4e-06,3e-06,3e-06,0.000103,0.000135,9.7e-05,1.1e-05,1.9e-05,1e-04,0.000804,4e-06,3.6e-05,4.2e-05,1e-05,4.9e-05,1e-05,0.000486,0.000122,0,0.000274,6e-06,0.000232,0.000491,7.7e-05,4e-06,0.000687,3e-05,1e-06,0.00022,5.5e-05,8e-06,1.4e-05,5.3e-05,2.3e-05,7e-06,0.000304,9e-06,4.5e-05,1.8e-05,0.000629,2.1e-05,0.000146,0.000489,1e-06,2e-06,2e-06,0.000171,2e-06,0.000253,2.4e-05,1.2e-05,0.000451,2e-06,6e-06,1e-06,2.1e-05,9.9e-05,0.000811,5.4e-05,2e-06,1e-06,5.2e-05,0.000106,1e-05,0,8.3e-05,5e-06,3e-05,0.000611,7.3e-05,3.3e-05,1e-06,2.9e-05,7e-06,3e-06,8.4e-05,1.9e-05,0.000111,9.3e-05,3.1e-05,1e-06,1e-06,3e-06,2e-06,8.3e-05,0.000919,7e-06,1.1e-05,1e-05,0.003652,1.6e-05,0.000292,1e-06,4e-06,5.5e-05,1.2e-05,2e-05,1.7e-05,0.000163,9e-06,3.5e-05,0.00037,0.002473,3.8e-05,8e-06,1e-04,0.000699,2e-06,7.3e-05,5.2e-05,1e-06,1.2e-05,0.000155,1.2e-05,0.000467,0.008802,1e-06,2e-06,0.000235,7.1e-05,1.9e-05,0.000187,9.1e-05,0.000405,0.000457,6e-06,2e-06,7e-06,8.5e-05,2e-06,0.000269,3.5e-05,8.3e-05,1e-06,0.000128,1e-05,0.000809,0.00035,0.000148,2e-06,2e-06,9e-06,0.000267,1e-06,7e-06,2.2e-05,5e-06,0.0012,1.1e-05,6.6e-05,0.000166,1e-06,1.1e-05,2e-06,0.000277,6e-06,0.000399,3e-06,6.2e-05,9e-06,6e-06,3e-05,0.000435,0.00033,1.9e-05,0,2e-06,4.8e-05,0.000117,1e-06,2.8e-05,0.003409,1e-06,0.001943,1e-06,1e-06,5e-06,0.000117,3e-05,1.5e-05,0.00081,0.00099,2e-06,0.000216,6.5e-05,4.2e-05,2e-06,8e-06,1e-06,1e-06,1e-06,3e-05,2e-06,1e-06,0.000414,7e-06,1.6e-05,0.000293,3e-06,8.2e-05,0.000246,0.000208,1e-06,1e-06,0.00071,4e-06,4.9e-05,0.000114,9e-06,2.7e-05,1.2e-05,2e-06,0.002418,3.5e-05,3e-06,1e-05,7e-06,4e-06,6.2e-05,1e-06,1.4e-05,1.8e-05,4e-06,0.000611,1.9e-05,3.4e-05,0.000285,4e-06,4.2e-05,0.000171,1e-06,0,1e-06,1.8e-05,4e-06,0.001185,1.8e-05,2e-06,1e-06,2e-06,0.000242,9.5e-05,1.2e-05,1e-06,1.3e-05,4e-06,5e-06,0.000589,0.000416,0.00032,3.6e-05,3e-04,3.7e-05,0.000179,0.002043,0.000145,0.000171,7e-06,1.6e-05,5.6e-05,8.4e-05,3.6e-05,0.002546,0.000366,0.000126,4e-06,6e-06,1.6e-05,0.000565,1.2e-05,4e-06,1e-06,3e-06,1.6e-05,0.000182,3.5e-05,3.5e-05,9.6e-05,0.000136,4.8e-05,5e-06,9.2e-05,7e-06,0.001003,0.000188,0.000112,0.000109,7e-06,3e-06,1.8e-05,1e-05,7e-06,7e-06,4e-06,1e-05,0.000654,0.000185,0.000415,5e-06,6.6e-05,7e-06,0,2e-06,1e-05,3e-06,4.3e-05,4e-05,2e-06,0.000367,1.1e-05,1e-06,2.3e-05,0.000842,0.000567,4e-06,1.8e-05,2e-06,0.000179,3.3e-05,1e-06,0.00025,1e-06,1e-06,3e-06,0,1e-06,2.4e-05,3.7e-05
"kilimanjaro/same/hedaru",2e-06,0,1e-06,2e-06,0,3.8e-05,0,0,0,9e-06,0,0,1e-06,2e-05,1e-06,0,0,0,0,0,6.3e-05,2e-06,0,1e-06,3.4e-05,0,0,0,0,0.00017,9e-06,0,2.3e-05,2e-06,0,0,2e-06,2e-06,0,2e-06,0,0,2.6e-05,1e-06,3e-06,0,0,0.000408,3.6e-05,0,0,0,0,0,2e-06,0,1e-06,0,0.000127,3.3e-05,4e-06,6e-06,6e-06,2e-06,0,1.3e-05,4e-06,0,1e-06,1.1e-05,0,0,1e-06,1e-06,0,5e-06,0,0,0,0,0,0,0,0,0,0,0.000146,0,1e-06,0,0,0,0.000304,1e-05,0,2e-06,7e-06,1e-06,0.00014,3.7e-05,0,0,0.000973,3e-06,3e-06,6.3e-05,0,1.7e-05,3e-06,8e-06,5e-06,5.3e-05,1e-06,0,1e-06,1e-06,5.1e-05,0,0.000107,7e-06,4e-06,0.000146,2e-06,8e-06,1e-06,0.000974,3.9e-05,0.000169,1e-05,1e-06,1e-06,2.9e-05,8.3e-05,4e-06,1e-06,1.1e-05,1e-06,1.3e-05,6.1e-05,2.5e-05,7e-06,0.000167,3e-06,2e-06,1e-06,0.000126,0,5.8e-05,4.1e-05,1.6e-05,1e-06,2e-06,1e-06,1.3e-05,0.000503,7.8e-05,2e-06,1e-06,1.4e-05,0.001481,1.5e-05,5.1e-05,0,8e-06,0,0,2e-05,3e-06,2.1e-05,1.3e-05,1.2e-05,1.6e-05,0.000294,0.000118,2e-06,1.2e-05,3.4e-05,0,2.8e-05,3.3e-05,2.6e-05,0,0.017777,6e-06,0.000132,0.003159,0,1e-06,7.3e-05,2e-05,8e-06,0,1e-06,0,6e-06,1e-06,1e-06,0,3.5e-05,0,4.9e-05,5e-06,0.00384,0,5.5e-05,2e-06,0.000507,1.2e-05,4e-06,1e-06,1e-06,0,0.00015,0,0,0.000265,0,0.000491,5e-06,3.2e-05,0,0,0,0,7.8e-05,2e-06,0.000104,1e-06,0,0,0,0,2.8e-05,3.4e-05,2e-06,0,1e-06,1.1e-05,3e-06,1e-06,8e-06,0.000208,0,0.004679,1.1e-05,1e-06,2e-06,1.8e-05,0,1e-06,9.7e-05,6.8e-05,0,2.9e-05,1.6e-05,0.002418,1e-06,9e-06,0,1.6e-05,1.6e-05,1.9e-05,0,3.7e-05,7e-06,1e-06,0,2.5e-05,0,1e-06,2.2e-05,0.000215,1e-06,1.7e-05,0.00039,2e-06,0.002792,6.4e-05,0,1e-06,5e-06,0,0.000252,0,1e-06,0,0,1e-06,0,0,4e-06,3e-06,0.000134,0.000104,8e-06,7e-06,4.1e-05,0,5.4e-05,2e-06,0,1e-06,1e-06,6.4e-05,1e-06,1.9e-05,3e-06,0,0,1e-06,2.6e-05,1e-06,1e-06,1e-06,5e-06,0,0,7e-05,0.000155,4e-05,5e-06,3e-05,9e-06,3e-05,0.000224,5e-06,7e-06,1e-06,1e-06,6e-06,1e-05,4e-06,0.000248,1.7e-05,0.000184,1e-06,3e-06,1e-06,8.9e-05,0,0,0,0,0,0.001219,0.000445,1e-06,1.1e-05,0.000674,2e-06,0,1.9e-05,1e-06,0.000124,6e-06,7e-06,3.5e-05,9e-06,1e-06,7e-06,0,0,0,0,0,8.5e-05,2.2e-05,4.8e-05,1e-06,1e-05,3e-06,3e-06,0.000109,2e-06,1e-06,5e-06,5e-06,0,4.8e-05,0,2e-06,0,0.000293,0,0,2e-06,1e-06,6.6e-05,1.3e-05,0,4.3e-05,1e-06,2.3e-05,5.6e-05,2e-06,5.6e-05,0,0
"manyara/hanang/hidet",0,0,0,0,0,0,0,0,0,0,0,0,0,0,0,0,0,0,0,0,0,0,0,0,0,0,0,0,0,0,0,0,0,0,0,0,0,0,0,0,0,0,0,0,0,0,0,0,0,0,0,0,0,0,0,0,0,0,0,0,0,0,0,0,0,0,0,0,0,0,0,0,0,0,0,0,0,0,0,0,0,0,0,0,0,0,0,0,0,0,0,0,0,0,0,0,0,0,0,0,0,0,0,0,0,0,0,0,0,0,0,0,0,0,0,0,0,0,0,0,0,0,0,0,0,0,0,0,0,0,0,0,0,0,0,0,0,0,0,0,0,0,0,0,0,0,0,0,0,0,0,0,0,0,0,0,0,0,0,0,0,0,0,0,0,0,0,0,0,0,0,0,0,0,0,0,0,0,0,0,0,0,0,0,0,0,0,0,0,0,0,0,0,0,0,0,0,0,0,0,0,0,0,0,0,0,0,0,0,0,0,0,0,0,0,0,0,0,0,0,0,0,0,0,0,0,0,0,0,0,0,0,0,0,0,0,0,0,0,0,0,0,0,0,0,0,0,0,0,0,0,0,0,0,0,0,0,0,0,0,0,0,0,0,0,0,0,0,0,0,0,0,0,0,0,0,0,0,0,0,0,0,0,0,0,0,0,0,0,0,0,0,0,0,0,0,0,0,0,0,0,0,0,0,0,0,0,0,0,0,0,0,0,0,0,0,0,0,0,0,0,0,0,0,0,0,0,0,0,0,0,0,0,0,0,0,0,0,0,0,0,0,0,0,0,0,0,0,0,0,0,0,0,0,0,0,0,0,0,0,0,0,0,0,0,0,0,0,0,0,0,0,0,0,0,0,0,0,0,0,0,0,0,0,0,0,0,0,0,0,0,0,0,0,0,0,0,0
"manyara/hanang/hirbadaw",0.000128,7.5e-05,1.8e-05,0.000624,0.000101,0.000683,2.7e-05,3.1e-05,5.6e-05,0.009933,0.000213,0.000206,9.7e-05,0.001449,0.005542,9.1e-05,0.00032,0.00122,0.001546,0.007193,1.9e-05,0.000111,5e-05,1.4e-05,1.5e-05,4e-06,8.5e-05,4e-05,6e-06,2.2e-05,0.000482,4.6e-05,8e-06,1.1e-05,0.000258,0.000475,0.000139,0.006382,0.000213,0.000517,0.000314,0.000113,0.001662,0.007359,0.000315,8.3e-05,7e-05,0.033025,0.004826,8.9e-05,8.1e-05,7.5e-05,4.4e-05,0.000698,0.005164,7.9e-05,2e-05,4.2e-05,0.000604,0.029296,0.00051,0.001342,0.00067,0.00013,0,0.000943,0.000473,0.000409,0.000323,0.004012,3e-05,3.7e-05,2.6e-05,0.000691,0.002405,0.000915,0.000104,0.000196,0.00771,0.001599,3.7e-05,0.000347,0.000219,0.00013,0.000468,6.1e-05,0.00485,0.000565,0.068572,0.002947,5.8e-05,0,0.005066,0.000737,4.1e-05,0.004248,0.000301,6e-06,0.002252,0.000569,5.3e-05,9.7e-05,0.000567,0.000215,7e-05,0.003078,5.6e-05,0.000454,0.000175,0.004643,0.000213,0.001494,0.005817,5e-06,2.2e-05,1.7e-05,0.001705,2.6e-05,0.00257,0.000239,0.000125,0.004562,1.6e-05,6.1e-05,7e-06,0.00023,0.001118,0.007938,0.000522,1.7e-05,1.4e-05,0.000538,0.001089,0.000104,5e-06,0.000787,4.4e-05,0.000309,0.005969,0.000735,0.000322,1.3e-05,0.000276,6.9e-05,3.2e-05,0.000878,0.00014,0.001136,0.000949,0.000316,1.5e-05,1.3e-05,2.6e-05,2e-05,0.000887,0.008434,6.9e-05,9.9e-05,0.000112,0.036223,0.000164,0.002825,6e-06,4.4e-05,0.001212,0.000191,0.000211,0.000166,0.001548,9.2e-05,0.000403,0.003175,0.023104,0.000403,7.5e-05,0.000994,0.006121,1.6e-05,0.000741,0.000579,7e-06,0.00011,0.001664,0.000124,0.004697,0.084,1e-05,1.8e-05,0.002366,0.000711,0.000192,0.001266,0.000646,0.001092,0.003678,7e-05,1.7e-05,5.8e-05,0.000869,1.6e-05,0.002623,0.000372,0.000891,1.2e-05,0.001316,9.5e-05,0.008305,0.002918,0.001297,2.1e-05,1.8e-05,7.4e-05,0.002757,8e-06,4.6e-05,0.000232,3.2e-05,0.012294,0.000108,0.000676,0.000686,1.2e-05,9.2e-05,1.8e-05,0.00277,6.3e-05,0.004003,3.3e-05,0.000366,9.4e-05,5.5e-05,0.00016,0.004185,0.003082,0.00023,1e-06,2e-05,0.000469,0.000944,1.4e-05,0.000277,0.029778,7e-06,0.020081,1e-05,1.4e-05,4.8e-05,0.001128,0.000367,0.000137,0.007655,0.00903,2.2e-05,0.00206,0.000665,0.000451,2e-05,8.4e-05,1.1e-05,1.4e-05,1e-05,0.000306,1.6e-05,1.3e-05,0.003204,7e-05,0.000106,0.002709,2.6e-05,0.000646,0.002294,0.002146,1.4e-05,1.3e-05,0.007286,3.8e-05,0.000526,0.001167,6.2e-05,0.000219,0.000117,1.9e-05,0.023499,0.000225,3.8e-05,8.8e-05,7.5e-05,4.3e-05,0.000395,1.4e-05,0.00015,0.000178,4.1e-05,0.005881,0.000193,0.000337,0.002763,4e-05,0.000433,0.001265,7e-06,5e-06,1.3e-05,0.000191,4.2e-05,0.009149,0.000176,2.3e-05,1.4e-05,1.7e-05,0.00227,0.000761,0.000136,1.1e-05,0.000128,3e-05,4.7e-05,0.005644,0.004265,0.003022,0.000339,0.002823,0.000373,0.001786,0.019083,0.00139,0.001641,6.3e-05,0.000154,0.000529,0.000803,0.000336,0.024274,0.003548,0.001329,4.7e-05,6.5e-05,0.000148,0.005441,0.000111,3e-05,1.1e-05,2.5e-05,0.000132,0.001922,0.000383,0.000334,0.000911,0.001433,0.00046,3e-05,0.000916,6.9e-05,0.009483,0.001592,0.000992,0.001084,7.3e-05,3e-05,0.000187,7.8e-05,8e-05,5.9e-05,4.4e-05,0.000101,0.006222,0.001755,0.003913,6.4e-05,0.00064,7.1e-05,4e-06,1.7e-05,0.000112,3.5e-05,0.000405,0.000375,1.4e-05,0.003607,6.6e-05,7e-06,0.000136,0.008607,0.003911,2.8e-05,0.000168,1.6e-05,0.00182,0.000337,1.1e-05,0.00243,1.3e-05,1.4e-05,3e-05,4e-06,7e-06,0.000135,0.000164
"kilimanjaro/rombo/holili",0,0,0,0,0,0,0,0,0,0,0,0,0,0,0,0,0,0,0,0,0,0,0,0,0,0,0,0,0,0,0,0,0,0,0,0,0,0,0,0,0,0,0,0,0,0,0,0,0,0,0,0,0,0,0,0,0,0,0,0,0,0,0,0,0,0,0,0,0,0,0,0,0,0,0,0,0,0,0,0,0,0,0,0,0,0,0,0,0,0,0,0,0,0,0,0,0,0,0,0,0,0,0,0,0,0,0,0,0,0,0,0,0,0,0,0,0,0,0,0,0,0,0,0,0,0,0,0,0,0,0,0,0,0,0,0,0,0,0,0,0,0,0,0,0,0,0,0,0,0,0,0,0,0,0,0,0,0,0,0,0,0,0,0,0,0,0,0,0,0,0,0,0,0,0,0,0,0,0,0,0,0,0,0,0,0,0,0,0,0,0,0,0,0,0,0,0,0,0,0,0,0,0,0,0,0,0,0,0,0,0,0,0,0,0,0,0,0,0,0,0,0,0,0,0,0,0,0,0,0,0,0,0,0,0,0,0,0,0,0,0,0,0,0,0,0,0,0,0,0,0,0,0,0,0,0,0,0,0,0,0,0,0,0,0,0,0,0,0,0,0,0,0,0,0,0,0,0,0,0,0,0,0,0,0,0,0,0,0,0,0,0,0,0,0,0,0,0,0,0,0,0,0,0,0,0,0,0,0,0,0,0,0,0,0,0,0,0,0,0,0,0,0,0,0,0,0,0,0,0,0,0,0,0,0,0,0,0,0,0,0,0,0,0,0,0,0,0,0,0,0,0,0,0,0,0,0,0,0,0,0,0,0,0,0,0,0,0,0,0,0,0,0,0,0,0,0,0,0,0,0,0,0,0,0,0,0,0,0,0,0,0,0,0,0,0,0,0
"arusha/arusha/ilkidinga",0,0,0,0,0,0,0,0,0,0,0,0,0,0,0,0,0,0,0,0,0,0,0,0,0,0,0,0,0,0,0,0,0,0,0,0,0,0,0,0,0,0,0,0,0,0,0,0,0,0,0,0,0,0,0,0,0,0,0,0,0,0,0,0,0,0,0,0,0,0,0,0,0,0,0,0,0,0,0,0,0,0,0,0,0,0,0,0,0,0,0,0,0,0,0,0,0,0,0,0,0,0,0,0,0,0,0,0,0,0,0,0,0,0,0,0,0,0,0,0,0,0,0,0,0,0,0,0,0,0,0,0,0,0,0,0,0,0,0,0,0,0,0,0,0,0,0,0,0,0,0,0,0,0,0,0,0,0,0,0,0,0,0,0,0,0,0,0,0,0,0,0,0,0,0,0,0,0,0,0,0,0,0,0,0,0,0,0,0,0,0,0,0,0,0,0,0,0,0,0,0,0,0,0,0,0,0,0,0,0,0,0,0,0,0,0,0,0,0,0,0,0,0,0,0,0,0,0,0,0,0,0,0,0,0,0,0,0,0,0,0,0,0,0,0,0,0,0,0,0,0,0,0,0,0,0,0,0,0,0,0,0,0,0,0,0,0,0,0,0,0,0,0,0,0,0,0,0,0,0,0,0,0,0,0,0,0,0,0,0,0,0,0,0,0,0,0,0,0,0,0,0,0,0,0,0,0,0,0,0,0,0,0,0,0,0,0,0,0,0,0,0,0,0,0,0,0,0,0,0,0,0,0,0,0,0,0,0,0,0,0,0,0,0,0,0,0,0,0,0,0,0,0,0,0,0,0,0,0,0,0,0,0,0,0,0,0,0,0,0,0,0,0,0,0,0,0,0,0,0,0,0,0,0,0,0,0,0,0,0,0,0,0,0,0,0,0,0
"arusha/longido/ilorienito",0,0,0,0,0,0,0,0,0,0,0,0,0,0,0,0,0,0,0,0,0,0,0,0,0,0,0,0,0,0,0,0,0,0,0,0,0,0,0,0,0,0,0,0,0,0,0,0,0,0,0,0,0,0,0,0,0,0,0,0,0,0,0,0,0,0,0,0,0,0,0,0,0,0,0,0,0,0,0,0,0,0,0,0,0,0,0,0,0,0,0,0,0,0,0,0,0,0,0,0,0,0,0,0,0,0,0,0,0,0,0,0,0,0,0,0,0,0,0,0,0,0,0,0,0,0,0,0,0,0,0,0,0,0,0,0,0,0,0,0,0,0,0,0,0,0,0,0,0,0,0,0,0,0,0,0,0,0,0,0,0,0,0,0,0,0,0,0,0,0,0,0,0,0,0,0,0,0,0,0,0,0,0,0,0,0,0,0,0,0,0,0,0,0,0,0,0,0,0,0,0,0,0,0,0,0,0,0,0,0,0,0,0,0,0,0,0,0,0,0,0,0,0,0,0,0,0,0,0,0,0,0,0,0,0,0,0,0,0,0,0,0,0,0,0,0,0,0,0,0,0,0,0,0,0,0,0,0,0,0,0,0,0,0,0,0,0,0,0,0,0,0,0,0,0,0,0,0,0,0,0,0,0,0,0,0,0,0,0,0,0,0,0,0,0,0,0,0,0,0,0,0,0,0,0,0,0,0,0,0,0,0,0,0,0,0,0,0,0,0,0,0,0,0,0,0,0,0,0,0,0,0,0,0,0,0,0,0,0,0,0,0,0,0,0,0,0,0,0,0,0,0,0,0,0,0,0,0,0,0,0,0,0,0,0,0,0,0,0,0,0,0,0,0,0,0,0,0,0,0,0,0,0,0,0,0,0,0,0,0,0,0,0,0,0,0,0,0
"manyara/mbulu/imboru",0.00205,0.001649,0.000179,0.005421,0.002454,0.007504,0.026954,0.029012,0.000787,0.235251,0.004978,0.000364,0.001581,0.023897,0.079138,0.087853,0.00563,0.008495,0.000854,0.002419,0.000149,0.000997,0.000615,0.000151,0.000123,4.7e-05,0.001465,0.005984,4e-05,0.000181,0.012078,0.000276,7e-05,0.000101,0.009469,0.002298,0.002436,0.070712,0.072081,0.005692,0.003897,0.000256,0.006971,0.112073,0.001275,0.001127,0.001401,0.415976,0.102844,0.005687,0.088245,0.002751,0.00306,0.00268,0.026262,0.000525,0.00027,0.00108,0.005684,0.280279,0.00452,0.02125,0.01045,0.00078,5e-06,0.016228,0.01025,0.001319,0.016234,0.058034,0.001407,0.000106,0.00033,0.216319,0.001525,0.00921,0.001813,0.000469,0.000432,0.00089,0.000269,0.002441,0.002638,0.000388,0.002119,0.03354,0.056948,0.001225,0.025826,0.016849,0.00031,0.000524,0.048306,0.011962,0.000775,0,0.003639,6.1e-05,0.023527,0.005827,0.023078,0.001267,0.004518,0.00376,0.000767,0.03216,0.008694,0.005077,0.002356,0.154464,0.002552,0.015094,0.011185,9.1e-05,0.000227,0.000166,0.021208,0.000174,0.027378,0.002629,0.000997,0.048271,0.000154,0.000584,6.5e-05,0.001834,0.005382,0.074169,0.007846,0.000181,0.000149,0.003884,0.010901,0.001152,4.4e-05,0.013303,0.000767,0.003287,0.070096,0.008269,0.004289,0.000102,0.004885,0.000769,0.000316,0.008349,0.005404,0.011841,0.0099,0.003265,0.000155,0.00013,0.000253,0.000176,0.007389,0.156957,0.00048,0.001161,0.000928,0.314813,0.001613,0.032151,7e-05,0.000409,0.000371,0.00031,0.002183,0.002278,0.026704,0.00091,0.00187,0.065068,0.316466,0.003891,0.000908,0.009818,0.117418,0.000205,0.008196,0.004152,5.9e-05,0.001248,0.013543,0.001357,0.052023,0.70102,0.000109,0.000207,0.026738,0.008261,0.002195,0.034723,0.066415,0.002,0.112972,0.00041,0.000168,0.002355,0.009482,0.000695,0.03697,0.003652,0.005342,0.000158,0.013178,0.001231,0.079184,0.073481,0.020083,0.000209,0.000184,0.001587,0.026541,7.8e-05,0.001887,0.001877,0.009543,0.111204,0.001113,0.006875,0.002177,0.000174,0.00109,0.000211,0.032723,0.000763,0.045388,0.000387,0.04969,0.000484,0.000522,0.012771,0.050192,0.058158,0.001343,1.2e-05,0.000217,0.004877,0.022538,0.000141,0.003774,0.632949,7.7e-05,0.123626,8.7e-05,0.00015,0.000523,0.018325,8e-04,0.002838,0.121919,0.118494,0.000484,0.034064,0.007017,0.003707,0.000201,0.000818,0.000121,0.000116,8.8e-05,0.002419,0.000724,0.00011,0.102453,0.000982,0.012486,0.053094,0.000897,0.035757,0.042287,0.021306,0.000137,0.000116,0.069757,0.000383,0.00426,0.009756,0.016387,0.006486,0.001441,0.000418,0.234057,0.067031,0.000171,0.001475,0.000296,0.000444,0.00454,0.000179,0.001203,0.0021,0.00033,0.088018,0.002088,0.004077,0.027951,0.000716,0.004543,0.03964,6.8e-05,4.6e-05,0.000141,0.001781,0.000289,0.326021,0.002871,0.00035,0.000224,0.000186,0.029691,0.010708,0.00088,0.000118,0.001363,0.001418,0.000375,0.058976,0.041643,0.038848,0.006292,0.048337,0.004693,0.020196,0.205426,0.009865,0.012286,0.001074,0.001385,0.009529,0.013524,0.006185,0.202892,0.035519,0.009007,0.000222,0.000718,0.002016,0.079962,0.001946,0.001711,0.000121,0.001228,0.001634,0.017443,0.003022,0.004059,0.015068,0.013012,0.005144,0.027377,0.011496,0.001094,0.147593,0.033675,0.025197,0.010549,0.000715,0.000294,0.002088,0.002274,0.00032,0.001266,0.000242,0.000966,0.097379,0.021844,0.06751,0.000375,0.009631,0.000793,3.8e-05,0.000141,0.000497,0.000355,0.007318,0.005122,0.00025,0.031247,0.019164,6.7e-05,0.005716,0.081578,0.015757,0.034181,0.002974,0.000175,0.019841,0.003626,0.000121,0.035957,0.000137,0.000122,0.000249,4e-05,5.4e-05,0.009844,0.003279
"kilimanjaro/siha/ivaeny",8e-06,0,1e-06,1e-06,0,5.1e-05,0,0,0,2e-06,0,0,5e-06,6.7e-05,0,0,0,0,0,0,0,9.9e-05,0,2e-06,0,1e-06,0,0,0,0,2.4e-05,0,0,0,0,0,5e-06,0,0,1e-06,0,0,1e-06,0,0,0,1e-06,0.001089,1.3e-05,0,0,0,0,0,0,0,1e-06,0,3e-06,7e-06,4e-06,3e-06,1.9e-05,0,0,3.2e-05,6e-06,0,0,2e-06,0,0,3.8e-05,0,0,3e-06,0,0,0,0,0,0,0,0,0,0,0.001611,0,0,9e-06,0,0,0.000271,4.2e-05,0,1e-06,0,0,0.000149,3.5e-05,0,0,3e-06,8e-06,1.1e-05,0.000368,0,0.000104,6.1e-05,2e-06,0.003474,0.000165,0,0,2e-06,1e-06,0.000323,0,0.000417,9e-05,4.7e-05,0.001412,0,2e-06,0,1e-06,1e-06,0.000942,3.3e-05,2e-06,2e-06,2.9e-05,5.1e-05,2.2e-05,0,3.3e-05,2e-06,4.2e-05,0.000146,0.000245,9.5e-05,0,1e-05,2.2e-05,2e-06,2e-05,0,0.000109,0.000119,2.9e-05,1e-06,0,2e-06,0,6e-06,0.000138,3e-06,1e-06,0,0.006972,6e-06,1.2e-05,1e-06,1e-06,0,0,7e-06,4.9e-05,5.3e-05,2e-06,0,1e-05,0.000829,3e-06,0.000295,1e-06,1.2e-05,0,0.000174,1e-06,0,0,7e-06,1.3e-05,0.004098,0.036093,7e-06,1.1e-05,0.001293,0.000719,3.2e-05,0,0,0,1e-06,0,1e-06,0,0.000155,0,0.000356,0,3e-06,1e-06,0.000118,7.4e-05,0.000506,6e-06,2e-06,2e-06,1e-06,0,0.000151,1e-06,0,1e-06,0,0.000761,1.2e-05,6.1e-05,0,1e-06,0,4.5e-05,0.001783,0.000212,0.007319,5e-06,0,0,0,0,2.5e-05,6.1e-05,0,0,4e-06,1.6e-05,1e-06,1e-06,1.6e-05,0.000282,1e-06,0.000228,0,2e-06,8e-06,5e-05,0,2e-06,0.000299,9e-05,0,8.5e-05,0.000114,2e-06,2e-06,3e-06,2e-06,0,0,1e-05,0,0,3e-06,1e-06,0,4.9e-05,0,0,5.5e-05,7.2e-05,0,0,5e-04,3e-06,2e-06,5e-06,0,0,6e-06,0,0.000565,0,0,0,0,5e-06,0,6.2e-05,0,6.1e-05,0,0.000266,2.9e-05,0.000288,0.000257,1e-06,8e-06,1e-06,0,0,2e-06,2e-06,0,5e-06,1e-05,2e-06,1e-06,7e-06,4e-05,0,0,1e-06,2e-05,0,0,0.000274,0.00038,3.9e-05,4e-06,9.5e-05,0.000226,0.000231,0.000482,1e-06,2e-06,3e-06,0,1.7e-05,3.6e-05,1e-05,0.000528,7e-06,4e-06,0,1.1e-05,0,0.000414,0,0,2e-06,0,0,1.4e-05,1e-06,1e-06,4.4e-05,1.5e-05,1e-06,0,0.001699,5e-06,0.000372,4e-06,8e-06,1.6e-05,2e-06,2e-06,3.6e-05,0,0,0,0,0,0.000299,3.9e-05,0.00012,0,6.6e-05,1.4e-05,0,0,0,4e-06,1e-05,2e-06,1e-06,0.00021,0,0,0,0.000754,0,0,6e-06,4e-06,0.000463,6.5e-05,2e-06,0.000201,1e-06,0,0,0,0,0,0
"kilimanjaro/mwanga/jipe",0,0,0,0,0,0,0,0,0,0,0,0,0,0,0,0,0,0,0,0,0,0,0,0,0,0,0,0,0,0,0,0,0,0,0,0,0,0,0,0,0,0,0,0,0,0,0,0,0,0,0,0,0,0,0,0,0,0,0,0,0,0,0,0,0,0,0,0,0,0,0,0,0,0,0,0,0,0,0,0,0,0,0,0,0,0,0,0,0,0,0,0,0,0,0,0,0,0,0,0,0,0,0,0,0,0,0,0,0,0,0,0,0,0,0,0,0,0,0,0,0,0,0,0,0,0,0,0,0,0,0,0,0,0,0,0,0,0,0,0,0,0,0,0,0,0,0,0,0,0,0,0,0,0,0,0,0,0,0,0,0,0,0,0,0,0,0,0,0,0,0,0,0,0,0,0,0,0,0,0,0,0,0,0,0,0,0,0,0,0,0,0,0,0,0,0,0,0,0,0,0,0,0,0,0,0,0,0,0,0,0,0,0,0,0,0,0,0,0,0,0,0,0,0,0,0,0,0,0,0,0,0,0,0,0,0,0,0,0,0,0,0,0,0,0,0,0,0,0,0,0,0,0,0,0,0,0,0,0,0,0,0,0,0,0,0,0,0,0,0,0,0,0,0,0,0,0,0,0,0,0,0,0,0,0,0,0,0,0,0,0,0,0,0,0,0,0,0,0,0,0,0,0,0,0,0,0,0,0,0,0,0,0,0,0,0,0,0,0,0,0,0,0,0,0,0,0,0,0,0,0,0,0,0,0,0,0,0,0,0,0,0,0,0,0,0,0,0,0,0,0,0,0,0,0,0,0,0,0,0,0,0,0,0,0,0,0,0,0,0,0,0,0,0,0,0,0,0,0,0,0,0,0,0,0,0,0,0,0,0,0,0,0,0,0,0,0,0
"kilimanjaro/moshi/kahe",0,0,0,0,0,0,0,0,0,0,0,0,0,0,0,0,0,0,0,0,0,0,0,0,0,0,0,0,0,0,0,0,0,0,0,0,0,0,0,0,0,0,0,0,0,0,0,0,0,0,0,0,0,0,0,0,0,0,0,0,0,0,0,0,0,0,0,0,0,0,0,0,0,0,0,0,0,0,0,0,0,0,0,0,0,0,0,0,0,0,0,0,0,0,0,0,0,0,0,0,0,0,0,0,0,0,0,0,0,0,0,0,0,0,0,0,0,0,0,0,0,0,0,0,0,0,0,0,0,0,0,0,0,0,0,0,0,0,0,0,0,0,0,0,0,0,0,0,0,0,0,0,0,0,0,0,0,0,0,0,0,0,0,0,0,0,0,0,0,0,0,0,0,0,0,0,0,0,0,0,0,0,0,0,0,0,0,0,0,0,0,0,0,0,0,0,0,0,0,0,0,0,0,0,0,0,0,0,0,0,0,0,0,0,0,0,0,0,0,0,0,0,0,0,0,0,0,0,0,0,0,0,0,0,0,0,0,0,0,0,0,0,0,0,0,0,0,0,0,0,0,0,0,0,0,0,0,0,0,0,0,0,0,0,0,0,0,0,0,0,0,0,0,0,0,0,0,0,0,0,0,0,0,0,0,0,0,0,0,0,0,0,0,0,0,0,0,0,0,0,0,0,0,0,0,0,0,0,0,0,0,0,0,0,0,0,0,0,0,0,0,0,0,0,0,0,0,0,0,0,0,0,0,0,0,0,0,0,0,0,0,0,0,0,0,0,0,0,0,0,0,0,0,0,0,0,0,0,0,0,0,0,0,0,0,0,0,0,0,0,0,0,0,0,0,0,0,0,0,0,0,0,0,0,0,0,0,0,0,0,0,0,0,0,0,0,0,0
"kilimanjaro/moshi/kahemashariki",0,0,0,0,0,0,0,0,0,0,0,0,0,0,0,0,0,0,0,0,0,0,0,0,0,0,0,0,0,0,0,0,0,0,0,0,0,0,0,0,0,0,0,0,0,0,0,0,0,0,0,0,0,0,0,0,0,0,0,0,0,0,0,0,0,0,0,0,0,0,0,0,0,0,0,0,0,0,0,0,0,0,0,0,0,0,0,0,0,0,0,0,0,0,0,0,0,0,0,0,0,0,0,0,0,0,0,0,0,0,0,0,0,0,0,0,0,0,0,0,0,0,0,0,0,0,0,0,0,0,0,0,0,0,0,0,0,0,0,0,0,0,0,0,0,0,0,0,0,0,0,0,0,0,0,0,0,0,0,0,0,0,0,0,0,0,0,0,0,0,0,0,0,0,0,0,0,0,0,0,0,0,0,0,0,0,0,0,0,0,0,0,0,0,0,0,0,0,0,0,0,0,0,0,0,0,0,0,0,0,0,0,0,0,0,0,0,0,0,0,0,0,0,0,0,0,0,0,0,0,0,0,0,0,0,0,0,0,0,0,0,0,0,0,0,0,0,0,0,0,0,0,0,0,0,0,0,0,0,0,0,0,0,0,0,0,0,0,0,0,0,0,0,0,0,0,0,0,0,0,0,0,0,0,0,0,0,0,0,0,0,0,0,0,0,0,0,0,0,0,0,0,0,0,0,0,0,0,0,0,0,0,0,0,0,0,0,0,0,0,0,0,0,0,0,0,0,0,0,0,0,0,0,0,0,0,0,0,0,0,0,0,0,0,0,0,0,0,0,0,0,0,0,0,0,0,0,0,0,0,0,0,0,0,0,0,0,0,0,0,0,0,0,0,0,0,0,0,0,0,0,0,0,0,0,0,0,0,0,0,0,0,0,0,0,0,0,0
"manyara/mbulu/kainam",0,0,0,0,0,0,0,0,0,0,0,0,0,0,0,0,0,0,0,0,0,0,0,0,0,0,0,0,0,0,0,0,0,0,0,0,0,0,0,0,0,0,0,0,0,0,0,0,0,0,0,0,0,0,0,0,0,0,0,0,0,0,0,0,0,0,0,0,0,0,0,0,0,0,0,0,0,0,0,0,0,0,0,0,0,0,0,0,0,0,0,0,0,0,0,0,0,0,0,0,0,0,0,0,0,0,0,0,0,0,0,0,0,0,0,0,0,0,0,0,0,0,0,0,0,0,0,0,0,0,0,0,0,0,0,0,0,0,0,0,0,0,0,0,0,0,0,0,0,0,0,0,0,0,0,0,0,0,0,0,0,0,0,0,0,0,0,0,0,0,0,0,0,0,0,0,0,0,0,0,0,0,0,0,0,0,0,0,0,0,0,0,0,0,0,0,0,0,0,0,0,0,0,0,0,0,0,0,0,0,0,0,0,0,0,0,0,0,0,0,0,0,0,0,0,0,0,0,0,0,0,0,0,0,0,0,0,0,0,0,0,0,0,0,0,0,0,0,0,0,0,0,0,0,0,0,0,0,0,0,0,0,0,0,0,0,0,0,0,0,0,0,0,0,0,0,0,0,0,0,0,0,0,0,0,0,0,0,0,0,0,0,0,0,0,0,0,0,0,0,0,0,0,0,0,0,0,0,0,0,0,0,0,0,0,0,0,0,0,0,0,0,0,0,0,0,0,0,0,0,0,0,0,0,0,0,0,0,0,0,0,0,0,0,0,0,0,0,0,0,0,0,0,0,0,0,0,0,0,0,0,0,0,0,0,0,0,0,0,0,0,0,0,0,0,0,0,0,0,0,0,0,0,0,0,0,0,0,0,0,0,0,0,0,0,0,0,0
"arusha/ngorongoro/kakesio",0,0,0,0,0,0,0,0,0,0,0,0,0,0,0,0,0,0,0,0,0,0,0,0,0,0,0,0,0,0,0,0,0,0,0,0,0,0,0,0,0,0,0,0,0,0,0,0,0,0,0,0,0,0,0,0,0,0,0,0,0,0,0,0,0,0,0,0,0,0,0,0,0,0,0,0,0,0,0,0,0,0,0,0,0,0,0,0,0,0,0,0,0,0,0,0,0,0,0,0,0,0,0,0,0,0,0,0,0,0,0,0,0,0,0,0,0,0,0,0,0,0,0,0,0,0,0,0,0,0,0,0,0,0,0,0,0,0,0,0,0,0,0,0,0,0,0,0,0,0,0,0,0,0,0,0,0,0,0,0,0,0,0,0,0,0,0,0,0,0,0,0,0,0,0,0,0,0,0,0,0,0,0,0,0,0,0,0,0,0,0,0,0,0,0,0,0,0,0,0,0,0,0,0,0,0,0,0,0,0,0,0,0,0,0,0,0,0,0,0,0,0,0,0,0,0,0,0,0,0,0,0,0,0,0,0,0,0,0,0,0,0,0,0,0,0,0,0,0,0,0,0,0,0,0,0,0,0,0,0,0,0,0,0,0,0,0,0,0,0,0,0,0,0,0,0,0,0,0,0,0,0,0,0,0,0,0,0,0,0,0,0,0,0,0,0,0,0,0,0,0,0,0,0,0,0,0,0,0,0,0,0,0,0,0,0,0,0,0,0,0,0,0,0,0,0,0,0,0,0,0,0,0,0,0,0,0,0,0,0,0,0,0,0,0,0,0,0,0,0,0,0,0,0,0,0,0,0,0,0,0,0,0,0,0,0,0,0,0,0,0,0,0,0,0,0,0,0,0,0,0,0,0,0,0,0,0,0,0,0,0,0,0,0,0,0,0,0
"kilimanjaro/same/kalemawe",0,0,0,0,0,0,0,0,0,0,0,0,0,0,0,0,0,0,0,0,0,0,0,0,0,0,0,0,0,0,0,0,0,0,0,0,0,0,0,0,0,0,0,0,0,0,0,0,0,0,0,0,0,0,0,0,0,0,0,0,0,0,0,0,0,0,0,0,0,0,0,0,0,0,0,0,0,0,0,0,0,0,0,0,0,0,0,0,0,0,0,0,0,0,0,0,0,0,0,0,0,0,0,0,0,0,0,0,0,0,0,0,0,0,0,0,0,0,0,0,0,0,0,0,0,0,0,0,0,0,0,0,0,0,0,0,0,0,0,0,0,0,0,0,0,0,0,0,0,0,0,0,0,0,0,0,0,0,0,0,0,0,0,0,0,0,0,0,0,0,0,0,0,0,0,0,0,0,0,0,0,0,0,0,0,0,0,0,0,0,0,0,0,0,0,0,0,0,0,0,0,0,0,0,0,0,0,0,0,0,0,0,0,0,0,0,0,0,0,0,0,0,0,0,0,0,0,0,0,0,0,0,0,0,0,0,0,0,0,0,0,0,0,0,0,0,0,0,0,0,0,0,0,0,0,0,0,0,0,0,0,0,0,0,0,0,0,0,0,0,0,0,0,0,0,0,0,0,0,0,0,0,0,0,0,0,0,0,0,0,0,0,0,0,0,0,0,0,0,0,0,0,0,0,0,0,0,0,0,0,0,0,0,0,0,0,0,0,0,0,0,0,0,0,0,0,0,0,0,0,0,0,0,0,0,0,0,0,0,0,0,0,0,0,0,0,0,0,0,0,0,0,0,0,0,0,0,0,0,0,0,0,0,0,0,0,0,0,0,0,0,0,0,0,0,0,0,0,0,0,0,0,0,0,0,0,0,0,0,0,0,0,0,0,0,0,0,0
"arusha/arushaurban/kaloleni",0,0,0,0,0,0,0,0,0,0,0,0,0,0,0,0,0,0,0,0,0,0,0,0,0,0,0,0,0,0,0,0,0,0,0,0,0,0,0,0,0,0,0,0,0,0,0,0,0,0,0,0,0,0,0,0,0,0,0,0,0,0,0,0,0,0,0,0,0,0,0,0,0,0,0,0,0,0,0,0,0,0,0,0,0,0,0,0,0,0,0,0,0,0,0,0,0,0,0,0,0,0,0,0,0,0,0,0,0,0,0,0,0,0,0,0,0,0,0,0,0,0,0,0,0,0,0,0,0,0,0,0,0,0,0,0,0,0,0,0,0,0,0,0,0,0,0,0,0,0,0,0,0,0,0,0,0,0,0,0,0,0,0,0,0,0,0,0,0,0,0,0,0,0,0,0,0,0,0,0,0,0,0,0,0,0,0,0,0,0,0,0,0,0,0,0,0,0,0,0,0,0,0,0,0,0,0,0,0,0,0,0,0,0,0,0,0,0,0,0,0,0,0,0,0,0,0,0,0,0,0,0,0,0,0,0,0,0,0,0,0,0,0,0,0,0,0,0,0,0,0,0,0,0,0,0,0,0,0,0,0,0,0,0,0,0,0,0,0,0,0,0,0,0,0,0,0,0,0,0,0,0,0,0,0,0,0,0,0,0,0,0,0,0,0,0,0,0,0,0,0,0,0,0,0,0,0,0,0,0,0,0,0,0,0,0,0,0,0,0,0,0,0,0,0,0,0,0,0,0,0,0,0,0,0,0,0,0,0,0,0,0,0,0,0,0,0,0,0,0,0,0,0,0,0,0,0,0,0,0,0,0,0,0,0,0,0,0,0,0,0,0,0,0,0,0,0,0,0,0,0,0,0,0,0,0,0,0,0,0,0,0,0,0,0,0,0,0
"kilimanjaro/moshimunicipal/kaloleni",0,0,0,0,0,0,0,0,0,0,0,0,0,0,0,0,0,0,0,0,0,0,0,0,0,0,0,0,0,0,0,0,0,0,0,0,0,0,0,0,0,0,0,0,0,0,0,0,0,0,0,0,0,0,0,0,0,0,0,0,0,0,0,0,0,0,0,0,0,0,0,0,0,0,0,0,0,0,0,0,0,0,0,0,0,0,0,0,0,0,0,0,0,0,0,0,0,0,0,0,0,0,0,0,0,0,0,0,0,0,0,0,0,0,0,0,0,0,0,0,0,0,0,0,0,0,0,0,0,0,0,0,0,0,0,0,0,0,0,0,0,0,0,0,0,0,0,0,0,0,0,0,0,0,0,0,0,0,0,0,0,0,0,0,0,0,0,0,0,0,0,0,0,0,0,0,0,0,0,0,0,0,0,0,0,0,0,0,0,0,0,0,0,0,0,0,0,0,0,0,0,0,0,0,0,0,0,0,0,0,0,0,0,0,0,0,0,0,0,0,0,0,0,0,0,0,0,0,0,0,0,0,0,0,0,0,0,0,0,0,0,0,0,0,0,0,0,0,0,0,0,0,0,0,0,0,0,0,0,0,0,0,0,0,0,0,0,0,0,0,0,0,0,0,0,0,0,0,0,0,0,0,0,0,0,0,0,0,0,0,0,0,0,0,0,0,0,0,0,0,0,0,0,0,0,0,0,0,0,0,0,0,0,0,0,0,0,0,0,0,0,0,0,0,0,0,0,0,0,0,0,0,0,0,0,0,0,0,0,0,0,0,0,0,0,0,0,0,0,0,0,0,0,0,0,0,0,0,0,0,0,0,0,0,0,0,0,0,0,0,0,0,0,0,0,0,0,0,0,0,0,0,0,0,0,0,0,0,0,0,0,0,0,0,0,0,0,0
"arusha/longido/kamwanga",0,0,0,0,0,0,0,0,0,0,0,0,0,0,0,0,0,0,0,0,0,0,0,0,0,0,0,0,0,0,0,0,0,0,0,0,0,0,0,0,0,0,0,0,0,0,0,0,0,0,0,0,0,0,0,0,0,0,0,0,0,0,0,0,0,0,0,0,0,0,0,0,0,0,0,0,0,0,0,0,0,0,0,0,0,0,0,0,0,0,0,0,0,0,0,0,0,0,0,0,0,0,0,0,0,0,0,0,0,0,0,0,0,0,0,0,0,0,0,0,0,0,0,0,0,0,0,0,0,0,0,0,0,0,0,0,0,0,0,0,0,0,0,0,0,0,0,0,0,0,0,0,0,0,0,0,0,0,0,0,0,0,0,0,0,0,0,0,0,0,0,0,0,0,0,0,0,0,0,0,0,0,0,0,0,0,0,0,0,0,0,0,0,0,0,0,0,0,0,0,0,0,0,0,0,0,0,0,0,0,0,0,0,0,0,0,0,0,0,0,0,0,0,0,0,0,0,0,0,0,0,0,0,0,0,0,0,0,0,0,0,0,0,0,0,0,0,0,0,0,0,0,0,0,0,0,0,0,0,0,0,0,0,0,0,0,0,0,0,0,0,0,0,0,0,0,0,0,0,0,0,0,0,0,0,0,0,0,0,0,0,0,0,0,0,0,0,0,0,0,0,0,0,0,0,0,0,0,0,0,0,0,0,0,0,0,0,0,0,0,0,0,0,0,0,0,0,0,0,0,0,0,0,0,0,0,0,0,0,0,0,0,0,0,0,0,0,0,0,0,0,0,0,0,0,0,0,0,0,0,0,0,0,0,0,0,0,0,0,0,0,0,0,0,0,0,0,0,0,0,0,0,0,0,0,0,0,0,0,0,0,0,0,0,0,0,0,0
"arusha/karatu/kansay",1e-05,1.3e-05,1e-06,3.5e-05,4e-06,3.4e-05,8e-06,1.4e-05,2e-06,0.000576,1e-05,1e-06,8e-06,0.000122,0.00033,7.3e-05,9e-06,1.4e-05,2e-06,6e-06,1e-06,5e-06,1e-06,1e-06,1e-06,0,3e-06,7.9e-05,0,1e-06,5.7e-05,1e-06,0,0,0.00015,4e-06,1.2e-05,0.000122,0.000221,3.3e-05,7e-06,1e-06,2.6e-05,0.000165,5e-06,2e-06,9e-06,0.003121,0.000433,0.00019,1.7e-05,3.1e-05,4.2e-05,6e-06,5.4e-05,1e-06,1e-06,3e-06,2.3e-05,0.002594,2.5e-05,0.000153,5.9e-05,3e-06,0,8.2e-05,5.8e-05,4e-06,0.000126,0.000174,1.7e-05,0,2e-06,0.00047,4e-06,5.7e-05,1.2e-05,1e-06,1e-06,2e-06,1e-06,5e-06,4e-06,1e-06,4e-06,2.1e-05,0.000279,2e-06,6.6e-05,7e-05,1e-06,1e-06,0.000226,6.2e-05,5e-06,0.001756,1.8e-05,0,0.000107,2.6e-05,1.4e-05,8e-06,1.9e-05,1.9e-05,4e-06,0.000159,0,2.4e-05,1.2e-05,0.002178,1.2e-05,7.1e-05,2.5e-05,0,1e-06,1e-06,0.000101,1e-06,0.000128,1.2e-05,5e-06,0.000234,1e-06,3e-06,0,8e-06,2e-05,0.000378,3.8e-05,1e-06,1e-06,1.8e-05,4.9e-05,5e-06,0,6.8e-05,4e-06,1.5e-05,0.000394,3.9e-05,2.1e-05,0,2.5e-05,4e-06,1e-06,3.7e-05,8e-06,5.4e-05,4.6e-05,1.5e-05,1e-06,1e-06,1e-06,1e-06,3.2e-05,0.000947,2e-06,7e-06,4e-06,0.001897,7e-06,0.000134,0,2e-06,1e-06,1e-06,1e-05,1.1e-05,0.000137,4e-06,7e-06,0.000423,0.002118,1.6e-05,4e-06,3.4e-05,0.00056,1e-06,3.8e-05,1.6e-05,0,8e-06,5.6e-05,6e-06,0.000256,0.007408,1e-06,1e-06,0.000128,3.9e-05,1e-05,4.8e-05,0.000367,4e-06,0.000327,2e-06,1e-06,4e-06,4.4e-05,6e-06,0.000186,1.3e-05,2.2e-05,1e-06,6.1e-05,6e-06,0.000379,0.000467,0.000143,1e-06,1e-06,5e-06,0.000122,0,1.6e-05,8e-06,9.5e-05,0.000554,5e-06,3.2e-05,4e-06,1e-06,2e-06,1e-06,0.000158,4e-06,0.000224,2e-06,0.000228,1e-06,1e-06,1.5e-05,0.000298,0.00031,5e-06,0,1e-06,2.3e-05,0.000194,1e-06,1.7e-05,0.006396,0,0.000585,0,1e-06,2e-06,9.1e-05,2e-06,1.4e-05,0.000685,0.000761,3e-06,0.000174,3.3e-05,1.5e-05,1e-06,4e-06,1e-06,0,0,1.1e-05,4e-06,0,0.001012,6e-06,1.1e-05,3e-04,2e-06,0.000119,0.000238,9.5e-05,1e-06,0,0.000333,2e-06,1.8e-05,3.9e-05,1.9e-05,5.6e-05,6e-06,3e-06,0.001491,4.2e-05,1e-06,3e-06,1e-06,2e-06,7e-06,1e-06,4e-06,1e-05,1e-06,0.000452,1e-05,2e-05,0.000146,4e-06,2e-05,0.000423,0,0,1e-06,8e-06,1e-06,0.001937,1.4e-05,2e-06,1e-06,1e-06,0.000156,8.6e-05,3e-06,1e-06,6e-06,1.9e-05,2e-06,0.000325,0.000198,0.000192,2.9e-05,0.000269,2.2e-05,0.000102,0.001267,5.7e-05,7.2e-05,5e-06,7e-06,5e-05,7e-05,3.3e-05,0.001302,0.000204,3.6e-05,1e-06,3e-06,1.3e-05,0.000421,5e-06,2.5e-05,1e-06,1.3e-05,3e-06,7.3e-05,1.2e-05,2.5e-05,8e-05,5.6e-05,3e-05,1.2e-05,5.7e-05,5e-06,0.000842,0.000244,0.000144,4.7e-05,3e-06,1e-06,1e-05,4e-06,1e-06,3e-06,1e-06,5e-06,0.000533,0.000112,0.000363,1e-06,4.9e-05,4e-06,0,1e-06,2e-06,2e-06,3.6e-05,2.2e-05,1e-06,0.000165,1e-05,0,7e-06,0.000401,3e-05,1.6e-05,1.5e-05,1e-06,9.3e-05,1.7e-05,1e-06,0.000181,1e-06,1e-06,1e-06,0,0,9e-06,8e-06
"kilimanjaro/moshimunicipal/karanga",0,0,0,0,0,0,0,0,0,0,0,0,0,0,0,0,0,0,0,0,0,0,0,0,0,0,0,0,0,0,0,0,0,0,0,0,0,0,0,0,0,0,0,0,0,0,0,0,0,0,0,0,0,0,0,0,0,0,0,0,0,0,0,0,0,0,0,0,0,0,0,0,0,0,0,0,0,0,0,0,0,0,0,0,0,0,0,0,0,0,0,0,0,0,0,0,0,0,0,0,0,0,0,0,0,0,0,0,0,0,0,0,0,0,0,0,0,0,0,0,0,0,0,0,0,0,0,0,0,0,0,0,0,0,0,0,0,0,0,0,0,0,0,0,0,0,0,0,0,0,0,0,0,0,0,0,0,0,0,0,0,0,0,0,0,0,0,0,0,0,0,0,0,0,0,0,0,0,0,0,0,0,0,0,0,0,0,0,0,0,0,0,0,0,0,0,0,0,0,0,0,0,0,0,0,0,0,0,0,0,0,0,0,0,0,0,0,0,0,0,0,0,0,0,0,0,0,0,0,0,0,0,0,0,0,0,0,0,0,0,0,0,0,0,0,0,0,0,0,0,0,0,0,0,0,0,0,0,0,0,0,0,0,0,0,0,0,0,0,0,0,0,0,0,0,0,0,0,0,0,0,0,0,0,0,0,0,0,0,0,0,0,0,0,0,0,0,0,0,0,0,0,0,0,0,0,0,0,0,0,0,0,0,0,0,0,0,0,0,0,0,0,0,0,0,0,0,0,0,0,0,0,0,0,0,0,0,0,0,0,0,0,0,0,0,0,0,0,0,0,0,0,0,0,0,0,0,0,0,0,0,0,0,0,0,0,0,0,0,0,0,0,0,0,0,0,0,0,0,0,0,0,0,0,0,0,0,0,0,0,0,0,0,0,0,0,0,0
"kilimanjaro/siha/karansi",0,0,0,0,0,0,0,0,0,0,0,0,0,0,0,0,0,0,0,0,0,0,0,0,0,0,0,0,0,0,0,0,0,0,0,0,0,0,0,0,0,0,0,0,0,0,0,0,0,0,0,0,0,0,0,0,0,0,0,0,0,0,0,0,0,0,0,0,0,0,0,0,0,0,0,0,0,0,0,0,0,0,0,0,0,0,0,0,0,0,0,0,0,0,0,0,0,0,0,0,0,0,0,0,0,0,0,0,0,0,0,0,0,0,0,0,0,0,0,0,0,0,0,0,0,0,0,0,0,0,0,0,0,0,0,0,0,0,0,0,0,0,0,0,0,0,0,0,0,0,0,0,0,0,0,0,0,0,0,0,0,0,0,0,0,0,0,0,0,0,0,0,0,0,0,0,0,0,0,0,0,0,0,0,0,0,0,0,0,0,0,0,0,0,0,0,0,0,0,0,0,0,0,0,0,0,0,0,0,0,0,0,0,0,0,0,0,0,0,0,0,0,0,0,0,0,0,0,0,0,0,0,0,0,0,0,0,0,0,0,0,0,0,0,0,0,0,0,0,0,0,0,0,0,0,0,0,0,0,0,0,0,0,0,0,0,0,0,0,0,0,0,0,0,0,0,0,0,0,0,0,0,0,0,0,0,0,0,0,0,0,0,0,0,0,0,0,0,0,0,0,0,0,0,0,0,0,0,0,0,0,0,0,0,0,0,0,0,0,0,0,0,0,0,0,0,0,0,0,0,0,0,0,0,0,0,0,0,0,0,0,0,0,0,0,0,0,0,0,0,0,0,0,0,0,0,0,0,0,0,0,0,0,0,0,0,0,0,0,0,0,0,0,0,0,0,0,0,0,0,0,0,0,0,0,0,0,0,0,0,0,0,0,0,0,0,0,0
"arusha/karatu/karatu",0.001807,0.004403,0.000118,0.009679,0.000183,0.004902,0.000203,0.000315,9.7e-05,0.032269,0.000526,5.5e-05,0.001478,0.021738,0.013973,0.001145,0.000436,0.000934,0.000138,0.000436,7.5e-05,0.001154,8.4e-05,0.000103,6.4e-05,3.2e-05,0.000183,0.002126,1.4e-05,9.3e-05,0.005941,9.6e-05,3.7e-05,5.9e-05,0.029994,0.000302,0.002273,0.008148,0.003463,0.006393,0.000252,5.4e-05,0.003928,0.008714,0.000644,0.000122,0.00245,0.406002,0.049505,0.008902,0.000541,0.003169,0.019536,0.000256,0.004289,5.6e-05,0.00019,0.000248,0.002718,0.360772,0.007288,0.070123,0.012664,0.000286,5e-06,0.01435,0.012571,0.000172,0.039063,0.019606,0.028601,1.3e-05,0.000275,0.010758,0.000319,0.018899,0.003374,5.3e-05,6.4e-05,0.000107,3.3e-05,0.000431,0.000167,6.5e-05,0.000227,0.000497,0.042435,0.000118,0.00478,0.012062,3.9e-05,0.000114,0.031231,0.011723,0.001437,0.033838,0.002889,3.7e-05,0.015208,0.003725,0.000397,0.00062,0.002337,0.003569,0.000525,0.024902,0.002157,0.003561,0.002071,0,0.002011,0.010392,0.002067,8.6e-05,0.000153,0.000109,0.015606,6.2e-05,0.018873,0.001908,0.001034,0.03498,9.2e-05,0.000346,3.8e-05,0.000934,0.003112,0.083803,0.006228,0.000123,1e-04,0.003591,0.006838,0.000802,2.5e-05,0.01228,0.00076,0.002231,0.072581,0.00592,0.00342,5.2e-05,0.004735,0.000548,0.000212,0.004922,0.000472,0.00785,0.00671,0.002161,0.000105,7.5e-05,0.000167,9.5e-05,0.004001,0.166063,0.000457,0.002497,0.000406,0.235302,0.000991,0.023885,4.9e-05,0.000235,7.5e-05,5.3e-05,0.001328,0.001958,0.024204,0.000534,0.001082,0.139832,0.304364,0.002,0.000727,0.005025,0.09926,0.000221,0.005753,0.001749,3.1e-05,0.001452,0.006766,0.000904,0.039203,0.468857,8.3e-05,0.000154,0.019669,0.006198,0.00152,0.002021,0.020387,0.000274,0.030861,0.000156,0.000108,0.000227,0.006548,0.005363,0.031074,0.001251,0.003867,0.000117,0.008856,0.001007,0.051832,0.134564,0.03309,0.000139,0.000121,0.000524,0.017187,5.1e-05,0.000657,0.000986,0.000762,0.075831,0.00075,0.004568,0.000255,0.000137,1e-04,0.000162,0.024686,0.000593,0.034922,0.00027,0.003646,5.7e-05,5.4e-05,0.000538,0.060435,0.054872,0.000457,9e-06,0.00015,0.005094,0.149853,9.2e-05,0.002654,0.469653,5.3e-05,0.10109,4.7e-05,0.000103,0.000359,0.015566,0.000102,0.00242,0.116964,0.216326,0.000602,0.030261,0.005198,0.001912,0.000134,0.000495,8.3e-05,6.2e-05,4.6e-05,0.00216,0.000582,5.7e-05,0.549144,0.001282,0.000392,0.05917,0.000111,0.00906,0.0478,0.013001,8.3e-05,6.1e-05,0.046153,0.000252,0.002188,0.006851,0.000596,0.029725,0.000941,0.001098,0.232908,0.001226,9.2e-05,0.00027,3.8e-05,0.000309,0.000313,0.000144,0.000449,0.001751,0.00017,0.071408,0.001424,0.00339,0.03711,0.000684,0.002592,0.114955,4.4e-05,2.7e-05,9.7e-05,0.000984,0.000102,0.220908,0.002607,0.000305,0.000204,0.000136,0.040352,0.028434,0.000283,7.9e-05,0.000934,0.007391,0.000609,0.084627,0.028574,0.04384,0.004337,0.052612,0.00364,0.017109,0.27623,0.01406,0.018796,0.000981,0.001198,0.009516,0.012896,0.006498,0.294904,0.036187,0.005954,0.000115,0.000493,0.002943,0.070251,0.000435,0.027459,8.4e-05,0.024105,0.000231,0.009135,0.001448,0.005206,0.015358,0.007105,0.005939,0.000276,0.009438,0.000969,0.139465,0.114026,0.030642,0.009345,0.000427,0.000194,0.00145,0.000198,6.3e-05,0.000151,3.6e-05,9e-04,0.091414,0.028246,0.06413,0.000139,0.008742,0.000551,2e-05,7.3e-05,0.000283,0.00025,0.006282,0.004099,0.000229,0.041731,0.000271,3.8e-05,0.000243,0.056904,0.001424,0.000301,0.002807,0.000124,0.014029,0.002522,8.5e-05,0.030299,9.3e-05,6.4e-05,0.000131,2.2e-05,2.7e-05,0.000307,0.000279
"kilimanjaro/siha/kashisha",7e-06,0,1e-06,1e-06,0,5.4e-05,0,0,0,2e-06,0,0,5e-06,6.4e-05,0,0,0,0,0,0,0,7.9e-05,0,2e-06,0,1e-06,0,0,0,0,2.3e-05,0,0,0,0,0,5e-06,0,0,1e-06,0,0,1e-06,0,0,0,1e-06,0.001039,1.3e-05,0,0,0,0,0,0,0,1e-06,0,3e-06,7e-06,4e-06,3e-06,1.8e-05,0,0,3.1e-05,6e-06,0,0,2e-06,0,0,3.1e-05,0,0,3e-06,0,0,0,0,0,0,0,0,0,0,0.001655,0,0,9e-06,0,0,0.000292,3.9e-05,0,1e-06,0.004943,0,0.000159,3.7e-05,0,0,3e-06,8e-06,1.2e-05,0.00039,0,0.000115,5.4e-05,2e-06,0,0.000183,0,0,2e-06,1e-06,0.000322,0,0.000462,0.000106,5.7e-05,0.001646,0,2e-06,0,1e-06,1e-06,0.000883,3.2e-05,2e-06,2e-06,3.2e-05,5.5e-05,2.4e-05,0,3.2e-05,2e-06,4.7e-05,0.000144,0.000277,8.8e-05,0,9e-06,2.5e-05,3e-06,2.1e-05,0,0.000119,0.000132,3.2e-05,2e-06,0,2e-06,0,7e-06,0.000133,4e-06,1e-06,0,0.007691,6e-06,1.2e-05,1e-06,1e-06,0,0,8e-06,4.3e-05,5e-05,2e-06,0,1e-05,0.000789,3e-06,0.000287,1e-06,1.2e-05,0,0.000195,1e-06,0,0,7e-06,1.4e-05,0.005203,0.039299,8e-06,1.3e-05,0.001508,0.000882,3.4e-05,0,0,0,1e-06,0,1e-06,0,0.000172,0,0.000331,0,4e-06,1e-06,0.00013,6.2e-05,0.000546,5e-06,2e-06,2e-06,2e-06,0,0.000164,1e-06,0,1e-06,0,0.000829,1.3e-05,6.7e-05,0,1e-06,0,6.1e-05,0.00188,0.000233,0.010509,6e-06,0,0,0,0,2.5e-05,5.9e-05,0,0,4e-06,1.6e-05,1e-06,1e-06,1.5e-05,0.000275,1e-06,0.000237,0,3e-06,9e-06,4.8e-05,0,2e-06,0.000284,8.7e-05,0,8.1e-05,0.000125,2e-06,2e-06,3e-06,2e-06,0,0,1e-05,0,0,3e-06,1e-06,0,4.7e-05,0,0,5.2e-05,7.6e-05,0,0,0.000544,3e-06,3e-06,5e-06,0,0,6e-06,0,0.000562,0,0,0,0,6e-06,0,4e-05,0,6.1e-05,0,0.000256,3.2e-05,0.00027,0.000235,1e-06,8e-06,1e-06,0,0,2e-06,2e-06,0,5e-06,9e-06,2e-06,1e-06,9e-06,3.8e-05,0,0,1e-06,2.2e-05,0,0,0.000256,0.000418,3.8e-05,4e-06,9e-05,0.000214,0.000233,0.000458,1e-06,2e-06,2e-06,0,1.6e-05,3.4e-05,9e-06,0.000514,7e-06,4e-06,0,1.2e-05,0,0.000389,0,0,3e-06,0,0,1.5e-05,1e-06,1e-06,4.2e-05,1.5e-05,1e-06,0,0.001261,5e-06,0.000353,4e-06,7e-06,1.6e-05,2e-06,2e-06,4e-05,0,0,0,0,0,0.000283,3.7e-05,0.000115,0,6.1e-05,1.5e-05,0,0,0,5e-06,1e-05,2e-06,1e-06,0.000204,0,0,0,0.000828,0,0,5e-06,4e-06,0.000525,7.4e-05,3e-06,0.000189,2e-06,0,0,0,0,0,0
"kilimanjaro/rombo/katangaramrere",0,0,0,0,0,0,0,0,0,0,0,0,0,0,0,0,0,0,0,0,0,0,0,0,0,0,0,0,0,0,0,0,0,0,0,0,0,0,0,0,0,0,0,0,0,0,0,0,0,0,0,0,0,0,0,0,0,0,0,0,0,0,0,0,0,0,0,0,0,0,0,0,0,0,0,0,0,0,0,0,0,0,0,0,0,0,0,0,0,0,0,0,0,0,0,0,0,0,0,0,0,0,0,0,0,0,0,0,0,0,0,0,0,0,0,0,0,0,0,0,0,0,0,0,0,0,0,0,0,0,0,0,0,0,0,0,0,0,0,0,0,0,0,0,0,0,0,0,0,0,0,0,0,0,0,0,0,0,0,0,0,0,0,0,0,0,0,0,0,0,0,0,0,0,0,0,0,0,0,0,0,0,0,0,0,0,0,0,0,0,0,0,0,0,0,0,0,0,0,0,0,0,0,0,0,0,0,0,0,0,0,0,0,0,0,0,0,0,0,0,0,0,0,0,0,0,0,0,0,0,0,0,0,0,0,0,0,0,0,0,0,0,0,0,0,0,0,0,0,0,0,0,0,0,0,0,0,0,0,0,0,0,0,0,0,0,0,0,0,0,0,0,0,0,0,0,0,0,0,0,0,0,0,0,0,0,0,0,0,0,0,0,0,0,0,0,0,0,0,0,0,0,0,0,0,0,0,0,0,0,0,0,0,0,0,0,0,0,0,0,0,0,0,0,0,0,0,0,0,0,0,0,0,0,0,0,0,0,0,0,0,0,0,0,0,0,0,0,0,0,0,0,0,0,0,0,0,0,0,0,0,0,0,0,0,0,0,0,0,0,0,0,0,0,0,0,0,0,0,0,0,0,0,0,0,0,0,0,0,0,0,0,0,0,0,0,0,0
"manyara/hanang/katesh",0.001143,0.000471,0.000146,0.003557,0.002352,0.005941,0.000262,0.000292,0.002123,0.198125,0.005645,0.015922,0.00085,0.012894,0.018382,0.000772,0.001759,0.026483,0.004915,0.022156,0.000164,0.000928,0.001972,0.000116,0.000128,3.6e-05,0.002668,0.000342,7.9e-05,0.000193,0.004586,0.000622,7.3e-05,9.1e-05,0.001562,0.01919,0.001253,0.151734,0.001694,0.003226,0.001743,0.016295,0.016792,0.065022,0.003926,0.003279,0.000534,0.248032,0.061155,0.000615,0.000733,0.000394,0.000336,0.001952,0.305144,0.006092,0.000182,0.000778,0.006153,0.122908,0.003657,0.009669,0.005257,0.001559,3e-06,0.008622,0.004152,0.000788,0.002857,0.075829,0.000205,0.050266,0.000218,0.006591,0.043464,0.006285,0.000716,0.010867,0.001807,0.001838,0.002774,0.017597,0.001889,0.008102,0.04115,0.000456,0.04069,0.00261,0.057782,0.025836,0.007708,0.002308,0.040754,0.006344,0.000297,0.035358,0.002489,5.4e-05,0.019159,0.004813,0.000561,0.000347,0.004831,0.001926,0.000592,0.023647,0.000402,0.003831,0.001456,0.032669,0.001758,0.011976,0,4.7e-05,0.000182,0.000136,0.014819,0.00035,0.021293,0.00196,0.001038,0.036643,0.000136,0.00052,5.9e-05,0.001991,0.011766,0.066699,0.004749,0.000143,0.000119,0.004483,0.009199,0.000876,4e-05,0.007034,0.000387,0.002579,0.04306,0.006155,0.002785,0.000111,0.002463,0.000575,0.000256,0.007504,0.002398,0.0095,0.007837,0.00263,0.000124,0.000116,0.000208,0.000175,0.007456,0.073079,0.000551,0.000733,0.001187,0.254893,0.001391,0.032458,5.4e-05,0.000375,0.005142,0.006679,0.001854,0.001406,0.014017,0.00081,0.004149,0.027833,0.182646,0.003884,0.00062,0.014942,0.069698,0.000118,0.006211,0.005983,6.3e-05,0.000649,0.014925,0.001066,0.037976,0.480856,7.8e-05,0.000151,0.019587,0.005916,0.001652,0.020961,0.006226,0.003117,0.056291,0.000773,0.000139,0.001134,0.007292,0.000121,0.022664,0.00572,0.007999,0.000104,0.010643,0.000801,0.066395,0.027461,0.00758,0.000169,0.00015,0.001282,0.022262,6.4e-05,0.000223,0.001965,0.000255,0.092618,0.000887,0.005559,0.003512,0.000109,0.003482,0.000148,0.023184,0.000527,0.032459,0.000286,0.002199,0.012773,0.002902,0.001043,0.028195,0.028236,0.003179,1e-05,0.000169,0.004375,0.006977,0.000116,0.002568,0.251848,5.9e-05,0.157935,8.9e-05,0.000115,0.000403,0.010264,0.102094,0.001345,0.065381,0.071081,0.000193,0.018509,0.005256,0.003935,0.000163,0.000714,9.3e-05,0.000118,9.1e-05,0.002744,0.000168,0.000115,0.025447,0.000504,0.001318,0.023679,0.00055,0.008743,0.01958,0.018384,0.00012,0.000118,0.057975,0.000312,0.004566,0.012693,0.000683,0.001488,0.00108,0.000128,0.156064,0.00241,0.000445,0.002208,0.02165,0.000348,0.005836,0.00012,0.001965,0.001421,0.000352,0.052656,0.001623,0.002728,0.022831,0.000362,0.004011,0.007274,5.7e-05,4.1e-05,0.000109,0.001695,0.000578,0.097379,0.001566,0.000203,0.000124,0.000138,0.020449,0.004185,0.002139,9.3e-05,0.001063,0.000189,0.000299,0.045384,0.033548,0.029024,0.003531,0.023786,0.00318,0.013796,0.151118,0.008109,0.009794,0.000565,0.000899,0.004694,0.007076,0.002953,0.165275,0.021472,0.013955,0.000593,0.00055,0.000956,0.046801,0.002439,0.000208,9.3e-05,0.000189,0.004222,0.017597,0.003524,0.002057,0.00778,0.012651,0.002818,0.000289,0.007601,0.000615,0.080604,0.012814,0.009095,0.010701,0.00063,0.00024,0.001583,0.001804,0.007387,0.001611,0.003384,0.000596,0.053347,0.015882,0.034684,0.000746,0.005512,0.000603,3.8e-05,0.000149,0.001157,0.000276,0.003812,0.004355,0.00013,0.02758,0.000578,6.3e-05,0.001581,0.065885,0.055311,0.000246,0.001514,0.000133,0.015071,0.002795,9.3e-05,0.021387,0.000109,0.000125,0.000259,3.9e-05,5.9e-05,0.001236,0.000653
"arusha/arushaurban/kati",0,0,0,0,0,0,0,0,0,0,0,0,0,0,0,0,0,0,0,0,0,0,0,0,0,0,0,0,0,0,0,0,0,0,0,0,0,0,0,0,0,0,0,0,0,0,0,0,0,0,0,0,0,0,0,0,0,0,0,0,0,0,0,0,0,0,0,0,0,0,0,0,0,0,0,0,0,0,0,0,0,0,0,0,0,0,0,0,0,0,0,0,0,0,0,0,0,0,0,0,0,0,0,0,0,0,0,0,0,0,0,0,0,0,0,0,0,0,0,0,0,0,0,0,0,0,0,0,0,0,0,0,0,0,0,0,0,0,0,0,0,0,0,0,0,0,0,0,0,0,0,0,0,0,0,0,0,0,0,0,0,0,0,0,0,0,0,0,0,0,0,0,0,0,0,0,0,0,0,0,0,0,0,0,0,0,0,0,0,0,0,0,0,0,0,0,0,0,0,0,0,0,0,0,0,0,0,0,0,0,0,0,0,0,0,0,0,0,0,0,0,0,0,0,0,0,0,0,0,0,0,0,0,0,0,0,0,0,0,0,0,0,0,0,0,0,0,0,0,0,0,0,0,0,0,0,0,0,0,0,0,0,0,0,0,0,0,0,0,0,0,0,0,0,0,0,0,0,0,0,0,0,0,0,0,0,0,0,0,0,0,0,0,0,0,0,0,0,0,0,0,0,0,0,0,0,0,0,0,0,0,0,0,0,0,0,0,0,0,0,0,0,0,0,0,0,0,0,0,0,0,0,0,0,0,0,0,0,0,0,0,0,0,0,0,0,0,0,0,0,0,0,0,0,0,0,0,0,0,0,0,0,0,0,0,0,0,0,0,0,0,0,0,0,0,0,0,0,0,0,0,0,0,0,0,0,0,0,0,0,0,0,0,0,0,0,0,0
"kilimanjaro/rombo/kelamfuamokala",0,0,0,0,0,0,0,0,0,0,0,0,0,0,0,0,0,0,0,0,0,0,0,0,0,0,0,0,0,0,0,0,0,0,0,0,0,0,0,0,0,0,0,0,0,0,0,0,0,0,0,0,0,0,0,0,0,0,0,0,0,0,0,0,0,0,0,0,0,0,0,0,0,0,0,0,0,0,0,0,0,0,0,0,0,0,0,0,0,0,0,0,0,0,0,0,0,0,0,0,0,0,0,0,0,0,0,0,0,0,0,0,0,0,0,0,0,0,0,0,0,0,0,0,0,0,0,0,0,0,0,0,0,0,0,0,0,0,0,0,0,0,0,0,0,0,0,0,0,0,0,0,0,0,0,0,0,0,0,0,0,0,0,0,0,0,0,0,0,0,0,0,0,0,0,0,0,0,0,0,0,0,0,0,0,0,0,0,0,0,0,0,0,0,0,0,0,0,0,0,0,0,0,0,0,0,0,0,0,0,0,0,0,0,0,0,0,0,0,0,0,0,0,0,0,0,0,0,0,0,0,0,0,0,0,0,0,0,0,0,0,0,0,0,0,0,0,0,0,0,0,0,0,0,0,0,0,0,0,0,0,0,0,0,0,0,0,0,0,0,0,0,0,0,0,0,0,0,0,0,0,0,0,0,0,0,0,0,0,0,0,0,0,0,0,0,0,0,0,0,0,0,0,0,0,0,0,0,0,0,0,0,0,0,0,0,0,0,0,0,0,0,0,0,0,0,0,0,0,0,0,0,0,0,0,0,0,0,0,0,0,0,0,0,0,0,0,0,0,0,0,0,0,0,0,0,0,0,0,0,0,0,0,0,0,0,0,0,0,0,0,0,0,0,0,0,0,0,0,0,0,0,0,0,0,0,0,0,0,0,0,0,0,0,0,0,0,0
"kilimanjaro/rombo/kenimengeni",0,0,0,0,0,0,0,0,0,0,0,0,0,0,0,0,0,0,0,0,0,0,0,0,0,0,0,0,0,0,0,0,0,0,0,0,0,0,0,0,0,0,0,0,0,0,0,0,0,0,0,0,0,0,0,0,0,0,0,0,0,0,0,0,0,0,0,0,0,0,0,0,0,0,0,0,0,0,0,0,0,0,0,0,0,0,0,0,0,0,0,0,0,0,0,0,0,0,0,0,0,0,0,0,0,0,0,0,0,0,0,0,0,0,0,0,0,0,0,0,0,0,0,0,0,0,0,0,0,0,0,0,0,0,0,0,0,0,0,0,0,0,0,0,0,0,0,0,0,0,0,0,0,0,0,0,0,0,0,0,0,0,0,0,0,0,0,0,0,0,0,0,0,0,0,0,0,0,0,0,0,0,0,0,0,0,0,0,0,0,0,0,0,0,0,0,0,0,0,0,0,0,0,0,0,0,0,0,0,0,0,0,0,0,0,0,0,0,0,0,0,0,0,0,0,0,0,0,0,0,0,0,0,0,0,0,0,0,0,0,0,0,0,0,0,0,0,0,0,0,0,0,0,0,0,0,0,0,0,0,0,0,0,0,0,0,0,0,0,0,0,0,0,0,0,0,0,0,0,0,0,0,0,0,0,0,0,0,0,0,0,0,0,0,0,0,0,0,0,0,0,0,0,0,0,0,0,0,0,0,0,0,0,0,0,0,0,0,0,0,0,0,0,0,0,0,0,0,0,0,0,0,0,0,0,0,0,0,0,0,0,0,0,0,0,0,0,0,0,0,0,0,0,0,0,0,0,0,0,0,0,0,0,0,0,0,0,0,0,0,0,0,0,0,0,0,0,0,0,0,0,0,0,0,0,0,0,0,0,0,0,0,0,0,0,0,0,0
"kilimanjaro/hai/kia",4e-06,0,0,0,0,5.3e-05,0,0,0,1e-06,0,0,2e-06,3.6e-05,0,0,0,0,0,0,0,8e-06,0,1e-06,0,0,0,0,0,0,2.2e-05,0,0,0,0,0,3e-06,0,0,0,0,0,0,0,0,0,0,0.000536,8e-06,0,0,0,0,0,0,0,2e-06,0,2e-06,3e-06,1e-06,1e-06,5e-06,0,0,2e-05,3e-06,0,0,1e-06,0,0,1e-06,0,0,1e-06,0,0,0,0,0,0,0,0,0,0,0.00301,0,0,5e-06,0,0,0.000108,1.6e-05,0,0,2.4e-05,0,0.00011,2e-05,0,0,1e-06,4e-06,6e-06,4.6e-05,0,5.1e-05,9e-06,1e-06,1.7e-05,3.7e-05,0,0,1e-06,0,0,0,0.000177,1.3e-05,7e-06,0.000242,0,1e-06,0,1e-06,0,0.000892,3.4e-05,1e-06,1e-06,1.3e-05,2.9e-05,1e-05,0,1.8e-05,1e-06,1.7e-05,2.9e-05,8.2e-05,7.1e-05,0,5e-06,6e-06,1e-06,1.2e-05,0,5.3e-05,4e-05,1.2e-05,0,0,0,0,3e-06,6.4e-05,1e-06,0,0,0.003519,3e-06,9e-06,1e-06,0,0,0,6e-06,1.2e-05,3e-05,1e-06,0,4e-06,0.000416,2e-06,4e-06,1e-06,7e-06,0,7e-05,0,0,0,4e-06,1e-05,0.00038,0.024792,0,1e-06,0.00028,8e-05,3.3e-05,0,0,0,1e-06,0,0,0,7.1e-05,0,0.000224,0,2e-06,3e-06,3.3e-05,1.1e-05,0.000229,3e-06,1e-06,1e-06,1e-06,0,5.4e-05,0,0,1e-06,0,0.000198,4e-06,2.1e-05,0,2e-06,0,2e-06,7e-04,7e-06,0.000326,1e-05,0,0,0,0,7e-06,3.3e-05,0,0,1e-06,2.1e-05,0,0,3.1e-05,0.00015,1e-06,0.000145,0,1e-06,4e-06,3.5e-05,0,1e-06,0.000144,3e-05,0,5.1e-05,1.4e-05,1e-06,0,2e-06,1e-06,0,0,1.2e-05,0,0,1e-06,0,0,2.1e-05,0,0,2.1e-05,4.9e-05,0,0,0.000191,1e-06,1e-06,4e-06,0,0,1e-05,0,0.00011,0,0,0,0,1e-06,0,1e-06,0,5e-06,0,0.000234,1.3e-05,1.3e-05,5.9e-05,1e-06,7e-06,0,0,0,1e-06,2e-06,0,2e-06,5e-06,1e-06,0,1e-06,2e-05,0,0,1e-06,7e-06,0,0,6.7e-05,8.8e-05,2.8e-05,3e-06,3.3e-05,0.000105,2.6e-05,0.000203,0,1e-06,1e-06,0,8e-06,1.7e-05,4e-06,0.000107,2e-06,3e-06,0,6e-06,0,0.000239,0,0,1e-06,0,0,9e-06,1e-06,0,1.6e-05,9e-06,0,0,7.3e-05,3e-06,0.000189,1e-06,3e-06,1.8e-05,1e-06,1e-06,2.2e-05,0,0,0,0,0,0.000146,2.2e-05,6.2e-05,0,2.6e-05,7e-06,0,0,0,1e-06,7e-06,1e-06,0,3e-05,0,0,0,0.000162,0,0,3e-06,1e-06,0.000144,1.9e-05,1e-06,0.000144,0,0,0,0,0,0,0
"manyara/kiteto/kibaya",5e-06,1e-06,1e-06,6e-06,0,4.1e-05,0,0,1e-06,0.000112,2e-06,1e-06,4e-06,5.7e-05,1e-05,0,0,2e-06,0,1e-06,2e-06,3e-06,1e-06,1e-06,2e-06,0,1e-06,0,0.001127,3e-06,3.6e-05,0.000237,1e-06,1e-06,1e-06,1e-06,5e-06,1.8e-05,1e-06,1e-05,0,0,0.001229,1e-05,0.000614,1e-06,2e-06,0.001242,0.000229,0,0,0,0,0,1.9e-05,0,1e-06,1e-06,0.000117,0.000138,1e-05,1.8e-05,2e-05,0.000564,0,3.8e-05,1.4e-05,0,5e-06,0.000102,0,0,1e-06,4e-06,2e-06,1.4e-05,2e-06,0,0,0,0,2e-06,0,1e-06,1e-06,0,0.000242,0,9e-06,0.00027,0,0,0.000286,2.7e-05,1e-06,1.8e-05,1.3e-05,0,0.000136,3.4e-05,0,0,5.7e-05,8e-06,4e-06,0.000125,0,2.3e-05,7e-06,3.3e-05,9e-06,7.3e-05,1.1e-05,0,1e-06,1e-06,8.7e-05,0,0.000136,1.1e-05,4e-06,0.00022,1e-06,4e-06,0,2.6e-05,0.001179,0.000255,2.4e-05,1e-06,1e-06,2.1e-05,6.7e-05,5e-06,0,3e-05,2e-06,1.6e-05,0.000182,3.7e-05,1.5e-05,1e-06,1e-05,3e-06,2e-06,6.2e-05,1e-06,6.3e-05,5e-05,1.7e-05,1e-06,1e-06,1e-06,2e-06,7.5e-05,0.000276,2e-06,2e-06,5e-05,0.001951,1e-05,0.000145,0,3e-06,0,1e-06,1.4e-05,7e-06,6.1e-05,7e-06,0.000363,5e-05,0.000877,5.2e-05,3e-06,9.2e-05,0.000138,0,3.8e-05,0.000523,1e-06,2e-06,0.000241,7e-06,0.00022,0.007115,0,1e-06,0.000115,3.3e-05,1e-05,4e-06,4e-06,0,4e-05,0.000132,1e-06,1e-06,4.6e-05,0,0.000114,0.000171,7.9e-05,1e-06,6.7e-05,4e-06,0.000477,4.2e-05,1.8e-05,1e-06,1e-06,1e-06,0.000151,0,0,2.2e-05,0,0.000619,6e-06,3.6e-05,0,1e-06,0,1e-06,0.000133,3e-06,0.000183,2e-06,1e-06,0,0,0,0.000101,0.000112,0.000775,0,1e-06,1.7e-05,1e-05,1e-06,1.5e-05,0.001447,0,0.001158,1e-06,1e-06,3e-06,4.8e-05,1e-06,5e-06,0.000287,0.000175,1e-06,8.3e-05,2.9e-05,5e-05,1e-06,6e-06,1e-06,1e-06,1e-06,1.4e-05,0,1e-06,2.9e-05,2e-06,0,8.6e-05,0,1e-05,7.3e-05,0.000145,1e-06,1e-06,0.000402,2e-06,5.9e-05,0.000103,0,3e-06,7e-06,0,0.000735,1e-06,0.000178,1e-06,0,2e-06,1e-06,1e-06,0.000263,7e-06,4e-06,0.000267,1e-05,1.4e-05,7.4e-05,1e-06,3.7e-05,1.1e-05,0,0,1e-06,1.7e-05,0.000746,9.2e-05,7e-06,1e-06,1e-06,1e-06,5.8e-05,6e-06,0.000411,1e-06,7e-06,0,1e-06,0.000139,0.000209,9.1e-05,1.6e-05,9.4e-05,1.7e-05,6.8e-05,0.000482,1.7e-05,2.1e-05,2e-06,3e-06,1.9e-05,3e-05,1.1e-05,0.000529,6.9e-05,0.000201,0.000849,3e-06,3e-06,0.000226,5e-06,0,1e-06,0,1e-06,0.000228,7.4e-05,6e-06,3.2e-05,0.000135,9e-06,0,3.9e-05,3e-06,0.000362,2.1e-05,2.7e-05,5.1e-05,5e-06,2e-06,1e-05,1e-06,0,1e-06,0,2e-06,0.000239,4.8e-05,0.000146,0.000152,2.5e-05,4e-06,0,2e-06,0.000102,2e-06,1.6e-05,1.4e-05,1e-06,8.9e-05,0,1e-06,0,0.000414,5e-06,0,6e-06,1e-06,9.2e-05,1.7e-05,1e-06,0.000105,1e-06,1e-06,3e-06,0,1e-06,0,0
"kilimanjaro/moshimunicipal/kiboriloni",0,0,0,0,0,0,0,0,0,0,0,0,0,0,0,0,0,0,0,0,0,0,0,0,0,0,0,0,0,0,0,0,0,0,0,0,0,0,0,0,0,0,0,0,0,0,0,0,0,0,0,0,0,0,0,0,0,0,0,0,0,0,0,0,0,0,0,0,0,0,0,0,0,0,0,0,0,0,0,0,0,0,0,0,0,0,0,0,0,0,0,0,0,0,0,0,0,0,0,0,0,0,0,0,0,0,0,0,0,0,0,0,0,0,0,0,0,0,0,0,0,0,0,0,0,0,0,0,0,0,0,0,0,0,0,0,0,0,0,0,0,0,0,0,0,0,0,0,0,0,0,0,0,0,0,0,0,0,0,0,0,0,0,0,0,0,0,0,0,0,0,0,0,0,0,0,0,0,0,0,0,0,0,0,0,0,0,0,0,0,0,0,0,0,0,0,0,0,0,0,0,0,0,0,0,0,0,0,0,0,0,0,0,0,0,0,0,0,0,0,0,0,0,0,0,0,0,0,0,0,0,0,0,0,0,0,0,0,0,0,0,0,0,0,0,0,0,0,0,0,0,0,0,0,0,0,0,0,0,0,0,0,0,0,0,0,0,0,0,0,0,0,0,0,0,0,0,0,0,0,0,0,0,0,0,0,0,0,0,0,0,0,0,0,0,0,0,0,0,0,0,0,0,0,0,0,0,0,0,0,0,0,0,0,0,0,0,0,0,0,0,0,0,0,0,0,0,0,0,0,0,0,0,0,0,0,0,0,0,0,0,0,0,0,0,0,0,0,0,0,0,0,0,0,0,0,0,0,0,0,0,0,0,0,0,0,0,0,0,0,0,0,0,0,0,0,0,0,0,0,0,0,0,0,0,0,0,0,0,0,0,0,0,0,0,0,0,0
"kilimanjaro/moshi/kiboshokati",0,0,0,0,0,0,0,0,0,0,0,0,0,0,0,0,0,0,0,0,0,0,0,0,0,0,0,0,0,0,0,0,0,0,0,0,0,0,0,0,0,0,0,0,0,0,0,0,0,0,0,0,0,0,0,0,0,0,0,0,0,0,0,0,0,0,0,0,0,0,0,0,0,0,0,0,0,0,0,0,0,0,0,0,0,0,0,0,0,0,0,0,0,0,0,0,0,0,0,0,0,0,0,0,0,0,0,0,0,0,0,0,0,0,0,0,0,0,0,0,0,0,0,0,0,0,0,0,0,0,0,0,0,0,0,0,0,0,0,0,0,0,0,0,0,0,0,0,0,0,0,0,0,0,0,0,0,0,0,0,0,0,0,0,0,0,0,0,0,0,0,0,0,0,0,0,0,0,0,0,0,0,0,0,0,0,0,0,0,0,0,0,0,0,0,0,0,0,0,0,0,0,0,0,0,0,0,0,0,0,0,0,0,0,0,0,0,0,0,0,0,0,0,0,0,0,0,0,0,0,0,0,0,0,0,0,0,0,0,0,0,0,0,0,0,0,0,0,0,0,0,0,0,0,0,0,0,0,0,0,0,0,0,0,0,0,0,0,0,0,0,0,0,0,0,0,0,0,0,0,0,0,0,0,0,0,0,0,0,0,0,0,0,0,0,0,0,0,0,0,0,0,0,0,0,0,0,0,0,0,0,0,0,0,0,0,0,0,0,0,0,0,0,0,0,0,0,0,0,0,0,0,0,0,0,0,0,0,0,0,0,0,0,0,0,0,0,0,0,0,0,0,0,0,0,0,0,0,0,0,0,0,0,0,0,0,0,0,0,0,0,0,0,0,0,0,0,0,0,0,0,0,0,0,0,0,0,0,0,0,0,0,0,0,0,0,0,0
"kilimanjaro/moshi/kiboshomagharibi",0,0,0,0,0,0,0,0,0,0,0,0,0,0,0,0,0,0,0,0,0,0,0,0,0,0,0,0,0,0,0,0,0,0,0,0,0,0,0,0,0,0,0,0,0,0,0,0,0,0,0,0,0,0,0,0,0,0,0,0,0,0,0,0,0,0,0,0,0,0,0,0,0,0,0,0,0,0,0,0,0,0,0,0,0,0,0,0,0,0,0,0,0,0,0,0,0,0,0,0,0,0,0,0,0,0,0,0,0,0,0,0,0,0,0,0,0,0,0,0,0,0,0,0,0,0,0,0,0,0,0,0,0,0,0,0,0,0,0,0,0,0,0,0,0,0,0,0,0,0,0,0,0,0,0,0,0,0,0,0,0,0,0,0,0,0,0,0,0,0,0,0,0,0,0,0,0,0,0,0,0,0,0,0,0,0,0,0,0,0,0,0,0,0,0,0,0,0,0,0,0,0,0,0,0,0,0,0,0,0,0,0,0,0,0,0,0,0,0,0,0,0,0,0,0,0,0,0,0,0,0,0,0,0,0,0,0,0,0,0,0,0,0,0,0,0,0,0,0,0,0,0,0,0,0,0,0,0,0,0,0,0,0,0,0,0,0,0,0,0,0,0,0,0,0,0,0,0,0,0,0,0,0,0,0,0,0,0,0,0,0,0,0,0,0,0,0,0,0,0,0,0,0,0,0,0,0,0,0,0,0,0,0,0,0,0,0,0,0,0,0,0,0,0,0,0,0,0,0,0,0,0,0,0,0,0,0,0,0,0,0,0,0,0,0,0,0,0,0,0,0,0,0,0,0,0,0,0,0,0,0,0,0,0,0,0,0,0,0,0,0,0,0,0,0,0,0,0,0,0,0,0,0,0,0,0,0,0,0,0,0,0,0,0,0,0,0,0
"kilimanjaro/moshi/kiboshomashariki",0,0,0,0,0,0,0,0,0,0,0,0,0,0,0,0,0,0,0,0,0,0,0,0,0,0,0,0,0,0,0,0,0,0,0,0,0,0,0,0,0,0,0,0,0,0,0,0,0,0,0,0,0,0,0,0,0,0,0,0,0,0,0,0,0,0,0,0,0,0,0,0,0,0,0,0,0,0,0,0,0,0,0,0,0,0,0,0,0,0,0,0,0,0,0,0,0,0,0,0,0,0,0,0,0,0,0,0,0,0,0,0,0,0,0,0,0,0,0,0,0,0,0,0,0,0,0,0,0,0,0,0,0,0,0,0,0,0,0,0,0,0,0,0,0,0,0,0,0,0,0,0,0,0,0,0,0,0,0,0,0,0,0,0,0,0,0,0,0,0,0,0,0,0,0,0,0,0,0,0,0,0,0,0,0,0,0,0,0,0,0,0,0,0,0,0,0,0,0,0,0,0,0,0,0,0,0,0,0,0,0,0,0,0,0,0,0,0,0,0,0,0,0,0,0,0,0,0,0,0,0,0,0,0,0,0,0,0,0,0,0,0,0,0,0,0,0,0,0,0,0,0,0,0,0,0,0,0,0,0,0,0,0,0,0,0,0,0,0,0,0,0,0,0,0,0,0,0,0,0,0,0,0,0,0,0,0,0,0,0,0,0,0,0,0,0,0,0,0,0,0,0,0,0,0,0,0,0,0,0,0,0,0,0,0,0,0,0,0,0,0,0,0,0,0,0,0,0,0,0,0,0,0,0,0,0,0,0,0,0,0,0,0,0,0,0,0,0,0,0,0,0,0,0,0,0,0,0,0,0,0,0,0,0,0,0,0,0,0,0,0,0,0,0,0,0,0,0,0,0,0,0,0,0,0,0,0,0,0,0,0,0,0,0,0,0,0,0
"kilimanjaro/mwanga/kifula",0,0,0,0,0,0,0,0,0,0,0,0,0,0,0,0,0,0,0,0,0,0,0,0,0,0,0,0,0,0,0,0,0,0,0,0,0,0,0,0,0,0,0,0,0,0,0,0,0,0,0,0,0,0,0,0,0,0,0,0,0,0,0,0,0,0,0,0,0,0,0,0,0,0,0,0,0,0,0,0,0,0,0,0,0,0,0,0,0,0,0,0,0,0,0,0,0,0,0,0,0,0,0,0,0,0,0,0,0,0,0,0,0,0,0,0,0,0,0,0,0,0,0,0,0,0,0,0,0,0,0,0,0,0,0,0,0,0,0,0,0,0,0,0,0,0,0,0,0,0,0,0,0,0,0,0,0,0,0,0,0,0,0,0,0,0,0,0,0,0,0,0,0,0,0,0,0,0,0,0,0,0,0,0,0,0,0,0,0,0,0,0,0,0,0,0,0,0,0,0,0,0,0,0,0,0,0,0,0,0,0,0,0,0,0,0,0,0,0,0,0,0,0,0,0,0,0,0,0,0,0,0,0,0,0,0,0,0,0,0,0,0,0,0,0,0,0,0,0,0,0,0,0,0,0,0,0,0,0,0,0,0,0,0,0,0,0,0,0,0,0,0,0,0,0,0,0,0,0,0,0,0,0,0,0,0,0,0,0,0,0,0,0,0,0,0,0,0,0,0,0,0,0,0,0,0,0,0,0,0,0,0,0,0,0,0,0,0,0,0,0,0,0,0,0,0,0,0,0,0,0,0,0,0,0,0,0,0,0,0,0,0,0,0,0,0,0,0,0,0,0,0,0,0,0,0,0,0,0,0,0,0,0,0,0,0,0,0,0,0,0,0,0,0,0,0,0,0,0,0,0,0,0,0,0,0,0,0,0,0,0,0,0,0,0,0,0,0
"kilimanjaro/mwanga/kighare",0,0,0,0,0,0,0,0,0,0,0,0,0,0,0,0,0,0,0,0,0,0,0,0,0,0,0,0,0,0,0,0,0,0,0,0,0,0,0,0,0,0,0,0,0,0,0,0,0,0,0,0,0,0,0,0,0,0,0,0,0,0,0,0,0,0,0,0,0,0,0,0,0,0,0,0,0,0,0,0,0,0,0,0,0,0,0,0,0,0,0,0,0,0,0,0,0,0,0,0,0,0,0,0,0,0,0,0,0,0,0,0,0,0,0,0,0,0,0,0,0,0,0,0,0,0,0,0,0,0,0,0,0,0,0,0,0,0,0,0,0,0,0,0,0,0,0,0,0,0,0,0,0,0,0,0,0,0,0,0,0,0,0,0,0,0,0,0,0,0,0,0,0,0,0,0,0,0,0,0,0,0,0,0,0,0,0,0,0,0,0,0,0,0,0,0,0,0,0,0,0,0,0,0,0,0,0,0,0,0,0,0,0,0,0,0,0,0,0,0,0,0,0,0,0,0,0,0,0,0,0,0,0,0,0,0,0,0,0,0,0,0,0,0,0,0,0,0,0,0,0,0,0,0,0,0,0,0,0,0,0,0,0,0,0,0,0,0,0,0,0,0,0,0,0,0,0,0,0,0,0,0,0,0,0,0,0,0,0,0,0,0,0,0,0,0,0,0,0,0,0,0,0,0,0,0,0,0,0,0,0,0,0,0,0,0,0,0,0,0,0,0,0,0,0,0,0,0,0,0,0,0,0,0,0,0,0,0,0,0,0,0,0,0,0,0,0,0,0,0,0,0,0,0,0,0,0,0,0,0,0,0,0,0,0,0,0,0,0,0,0,0,0,0,0,0,0,0,0,0,0,0,0,0,0,0,0,0,0,0,0,0,0,0,0,0,0,0
"kilimanjaro/mwanga/kigoningoni",0,0,0,0,0,0,0,0,0,0,0,0,0,0,0,0,0,0,0,0,0,0,0,0,0,0,0,0,0,0,0,0,0,0,0,0,0,0,0,0,0,0,0,0,0,0,0,0,0,0,0,0,0,0,0,0,0,0,0,0,0,0,0,0,0,0,0,0,0,0,0,0,0,0,0,0,0,0,0,0,0,0,0,0,0,0,0,0,0,0,0,0,0,0,0,0,0,0,0,0,0,0,0,0,0,0,0,0,0,0,0,0,0,0,0,0,0,0,0,0,0,0,0,0,0,0,0,0,0,0,0,0,0,0,0,0,0,0,0,0,0,0,0,0,0,0,0,0,0,0,0,0,0,0,0,0,0,0,0,0,0,0,0,0,0,0,0,0,0,0,0,0,0,0,0,0,0,0,0,0,0,0,0,0,0,0,0,0,0,0,0,0,0,0,0,0,0,0,0,0,0,0,0,0,0,0,0,0,0,0,0,0,0,0,0,0,0,0,0,0,0,0,0,0,0,0,0,0,0,0,0,0,0,0,0,0,0,0,0,0,0,0,0,0,0,0,0,0,0,0,0,0,0,0,0,0,0,0,0,0,0,0,0,0,0,0,0,0,0,0,0,0,0,0,0,0,0,0,0,0,0,0,0,0,0,0,0,0,0,0,0,0,0,0,0,0,0,0,0,0,0,0,0,0,0,0,0,0,0,0,0,0,0,0,0,0,0,0,0,0,0,0,0,0,0,0,0,0,0,0,0,0,0,0,0,0,0,0,0,0,0,0,0,0,0,0,0,0,0,0,0,0,0,0,0,0,0,0,0,0,0,0,0,0,0,0,0,0,0,0,0,0,0,0,0,0,0,0,0,0,0,0,0,0,0,0,0,0,0,0,0,0,0,0,0,0,0,0
"kilimanjaro/same/kihurio",0,0,0,0,0,0,0,0,0,0,0,0,0,0,0,0,0,0,0,0,0,0,0,0,0,0,0,0,0,0,0,0,0,0,0,0,0,0,0,0,0,0,0,0,0,0,0,0,0,0,0,0,0,0,0,0,0,0,0,0,0,0,0,0,0,0,0,0,0,0,0,0,0,0,0,0,0,0,0,0,0,0,0,0,0,0,0,0,0,0,0,0,0,0,0,0,0,0,0,0,0,0,0,0,0,0,0,0,0,0,0,0,0,0,0,0,0,0,0,0,0,0,0,0,0,0,0,0,0,0,0,0,0,0,0,0,0,0,0,0,0,0,0,0,0,0,0,0,0,0,0,0,0,0,0,0,0,0,0,0,0,0,0,0,0,0,0,0,0,0,0,0,0,0,0,0,0,0,0,0,0,0,0,0,0,0,0,0,0,0,0,0,0,0,0,0,0,0,0,0,0,0,0,0,0,0,0,0,0,0,0,0,0,0,0,0,0,0,0,0,0,0,0,0,0,0,0,0,0,0,0,0,0,0,0,0,0,0,0,0,0,0,0,0,0,0,0,0,0,0,0,0,0,0,0,0,0,0,0,0,0,0,0,0,0,0,0,0,0,0,0,0,0,0,0,0,0,0,0,0,0,0,0,0,0,0,0,0,0,0,0,0,0,0,0,0,0,0,0,0,0,0,0,0,0,0,0,0,0,0,0,0,0,0,0,0,0,0,0,0,0,0,0,0,0,0,0,0,0,0,0,0,0,0,0,0,0,0,0,0,0,0,0,0,0,0,0,0,0,0,0,0,0,0,0,0,0,0,0,0,0,0,0,0,0,0,0,0,0,0,0,0,0,0,0,0,0,0,0,0,0,0,0,0,0,0,0,0,0,0,0,0,0,0,0,0,0,0
"manyara/kiteto/kijungu",0,0,0,0,0,0,0,0,0,0,0,0,0,0,0,0,0,0,0,0,0,0,0,0,0,0,0,0,0,0,0,0,0,0,0,0,0,0,0,0,0,0,0,0,0,0,0,0,0,0,0,0,0,0,0,0,0,0,0,0,0,0,0,0,0,0,0,0,0,0,0,0,0,0,0,0,0,0,0,0,0,0,0,0,0,0,0,0,0,0,0,0,0,0,0,0,0,0,0,0,0,0,0,0,0,0,0,0,0,0,0,0,0,0,0,0,0,0,0,0,0,0,0,0,0,0,0,0,0,0,0,0,0,0,0,0,0,0,0,0,0,0,0,0,0,0,0,0,0,0,0,0,0,0,0,0,0,0,0,0,0,0,0,0,0,0,0,0,0,0,0,0,0,0,0,0,0,0,0,0,0,0,0,0,0,0,0,0,0,0,0,0,0,0,0,0,0,0,0,0,0,0,0,0,0,0,0,0,0,0,0,0,0,0,0,0,0,0,0,0,0,0,0,0,0,0,0,0,0,0,0,0,0,0,0,0,0,0,0,0,0,0,0,0,0,0,0,0,0,0,0,0,0,0,0,0,0,0,0,0,0,0,0,0,0,0,0,0,0,0,0,0,0,0,0,0,0,0,0,0,0,0,0,0,0,0,0,0,0,0,0,0,0,0,0,0,0,0,0,0,0,0,0,0,0,0,0,0,0,0,0,0,0,0,0,0,0,0,0,0,0,0,0,0,0,0,0,0,0,0,0,0,0,0,0,0,0,0,0,0,0,0,0,0,0,0,0,0,0,0,0,0,0,0,0,0,0,0,0,0,0,0,0,0,0,0,0,0,0,0,0,0,0,0,0,0,0,0,0,0,0,0,0,0,0,0,0,0,0,0,0,0,0,0,0,0,0,0
"arusha/meru/kikatiti",0.013555,4.6e-05,0.000217,0.000281,5e-06,0.017707,2e-06,3e-06,4e-06,0.001056,1.7e-05,3e-06,0.00672,0.087683,0.00015,8e-06,6e-06,2.3e-05,4e-06,1.4e-05,2.7e-05,0.014233,4e-06,0.00045,3.1e-05,0.000142,7e-06,8e-06,2e-06,4.1e-05,0.022639,1.3e-05,1.8e-05,7.6e-05,4.7e-05,9e-06,0.005848,0.000211,2.1e-05,0.000398,4e-06,3e-06,0.000606,0.000151,8.8e-05,4e-06,0.000248,0.605972,0.008862,1.5e-05,5e-06,1e-05,1.4e-05,5e-06,0.000157,2e-06,0.001447,1.4e-05,0.001309,0.004305,0.001791,0.002166,0.007129,4.1e-05,0,0.042585,0.00431,3e-06,0.000244,0.001348,1e-05,1e-06,0.001706,8.4e-05,1.3e-05,0.001698,0.000157,2e-06,2e-06,3e-06,1e-06,1.7e-05,3e-06,4e-06,8e-06,4e-06,0.388607,3e-06,0.000119,0.004984,2e-06,4e-06,0.053912,0.0379,0.000101,3e-04,0.020675,4.8e-05,0.042363,0.008725,4e-06,6e-06,0.000921,0.008983,0.002197,0.038781,7e-06,0.017796,0.017059,0.001713,0.013681,0.021323,8.3e-05,0.000217,0.00032,0.000203,0.223263,9e-06,0.068168,0.007187,0.00486,0.118625,0.000128,0.000471,4.4e-05,0.000361,0.00058,0,0.08466,0.000324,0.000252,0.008469,0.013586,0.003667,3.1e-05,0.041509,0.001657,0.007206,0.034434,0.031363,0.190232,2.1e-05,0.010099,0.002651,0.00034,0.006254,1e-05,0.022281,0.018831,0.005542,0.000208,0.000103,0.000253,6.7e-05,0.002117,0.10395,0.000702,0.000372,0.000116,0.63587,0.001639,0.012542,0.000224,0.000258,3e-06,3e-06,0.00267,0.033158,0.064023,0.000758,0.000192,0.008602,0.540953,0.001398,0.004104,0.001022,0.011742,0.000118,0.026278,0.000365,1.4e-05,5.8e-05,0.002731,0.003401,0.186099,0.921161,0.000312,0.000616,0.112382,0.040671,0.008766,4.2e-05,0.000132,6e-06,0.000935,2.3e-05,0.000198,6e-06,0.026747,1e-05,0.738783,0.000228,0.001904,0.00237,0.017842,0.016799,0.102257,0.004803,0.000645,3e-04,0.000265,2.6e-05,0.028591,9.2e-05,3e-06,0.000428,4e-06,0.111155,0.001833,0.010435,5e-06,0.006119,3e-06,0.001209,0.224758,0.005085,0.183804,0.001965,2.3e-05,2e-06,2e-06,6e-06,0.007809,0.05798,6e-05,3.7e-05,0.000502,0.039153,0.000815,0.000164,0.020947,0.123113,0.000227,0.106503,2.7e-05,0.000426,0.001445,0.08185,4e-06,0.001746,0.267598,0.065582,0.000192,0.11379,0.010628,0.000854,0.000239,0.000775,0.000321,3.5e-05,2.4e-05,0.006601,1.5e-05,2.6e-05,0.002058,0.000246,6e-06,0.036536,3e-06,0.000226,0.037812,0.02307,0.000121,3.6e-05,0.089983,0.000502,0.000915,0.00449,7e-06,0.000146,0.004126,1.8e-05,0.119159,1.5e-05,1.4e-05,1e-05,2e-06,0.000603,7e-06,0.001281,8.6e-05,0.004726,7.1e-05,0.368368,0.005261,0.014146,0.170927,0.001522,0.003674,0.000317,7e-05,3.6e-05,0.000416,0.000896,1.6e-05,0.004129,0.01441,0.005117,0.001353,0.000543,0.054187,0.000239,3.7e-05,0.000286,0.003028,7e-06,4.1e-05,0.166009,0.051117,0.059316,0.003897,0.063458,0.067083,0.02698,0.42237,0.000703,0.000964,0.003273,7.4e-05,0.015762,0.039533,0.008006,0.179836,0.002352,0.002677,1.8e-05,0.002204,0.000151,0.521478,3.2e-05,9e-06,0.000359,1.2e-05,7e-06,0.006093,0.000473,0.000237,0.034293,0.005664,0.000314,3e-06,0.085537,0.008684,0.331823,0.002831,0.005149,0.020184,0.000634,0.000347,0.007182,5e-06,3e-06,5e-06,2e-06,5.1e-05,0.291787,0.062515,0.120461,2e-05,0.080692,0.002605,1.5e-05,3.4e-05,4.7e-05,0.000476,0.012499,0.001729,0.000684,0.052183,3e-06,3.4e-05,4e-06,0.095068,3.7e-05,2e-06,0.006491,0.00042,0.058471,0.008629,0.00028,0.423488,2e-04,3.5e-05,6.4e-05,1.6e-05,1e-05,4e-06,3e-06
"arusha/meru/kikwe",0,0,0,0,0,0,0,0,0,0,0,0,0,0,0,0,0,0,0,0,0,0,0,0,0,0,0,0,0,0,0,0,0,0,0,0,0,0,0,0,0,0,0,0,0,0,0,0,0,0,0,0,0,0,0,0,0,0,0,0,0,0,0,0,0,0,0,0,0,0,0,0,0,0,0,0,0,0,0,0,0,0,0,0,0,0,0,0,0,0,0,0,0,0,0,0,0,0,0,0,0,0,0,0,0,0,0,0,0,0,0,0,0,0,0,0,0,0,0,0,0,0,0,0,0,0,0,0,0,0,0,0,0,0,0,0,0,0,0,0,0,0,0,0,0,0,0,0,0,0,0,0,0,0,0,0,0,0,0,0,0,0,0,0,0,0,0,0,0,0,0,0,0,0,0,0,0,0,0,0,0,0,0,0,0,0,0,0,0,0,0,0,0,0,0,0,0,0,0,0,0,0,0,0,0,0,0,0,0,0,0,0,0,0,0,0,0,0,0,0,0,0,0,0,0,0,0,0,0,0,0,0,0,0,0,0,0,0,0,0,0,0,0,0,0,0,0,0,0,0,0,0,0,0,0,0,0,0,0,0,0,0,0,0,0,0,0,0,0,0,0,0,0,0,0,0,0,0,0,0,0,0,0,0,0,0,0,0,0,0,0,0,0,0,0,0,0,0,0,0,0,0,0,0,0,0,0,0,0,0,0,0,0,0,0,0,0,0,0,0,0,0,0,0,0,0,0,0,0,0,0,0,0,0,0,0,0,0,0,0,0,0,0,0,0,0,0,0,0,0,0,0,0,0,0,0,0,0,0,0,0,0,0,0,0,0,0,0,0,0,0,0,0,0,0,0,0,0,0,0,0,0,0,0,0,0,0,0,0,0,0,0,0,0,0,0,0,0
"kilimanjaro/moshi/kilemakaskazini",0,0,0,0,0,0,0,0,0,0,0,0,0,0,0,0,0,0,0,0,0,0,0,0,0,0,0,0,0,0,0,0,0,0,0,0,0,0,0,0,0,0,0,0,0,0,0,0,0,0,0,0,0,0,0,0,0,0,0,0,0,0,0,0,0,0,0,0,0,0,0,0,0,0,0,0,0,0,0,0,0,0,0,0,0,0,0,0,0,0,0,0,0,0,0,0,0,0,0,0,0,0,0,0,0,0,0,0,0,0,0,0,0,0,0,0,0,0,0,0,0,0,0,0,0,0,0,0,0,0,0,0,0,0,0,0,0,0,0,0,0,0,0,0,0,0,0,0,0,0,0,0,0,0,0,0,0,0,0,0,0,0,0,0,0,0,0,0,0,0,0,0,0,0,0,0,0,0,0,0,0,0,0,0,0,0,0,0,0,0,0,0,0,0,0,0,0,0,0,0,0,0,0,0,0,0,0,0,0,0,0,0,0,0,0,0,0,0,0,0,0,0,0,0,0,0,0,0,0,0,0,0,0,0,0,0,0,0,0,0,0,0,0,0,0,0,0,0,0,0,0,0,0,0,0,0,0,0,0,0,0,0,0,0,0,0,0,0,0,0,0,0,0,0,0,0,0,0,0,0,0,0,0,0,0,0,0,0,0,0,0,0,0,0,0,0,0,0,0,0,0,0,0,0,0,0,0,0,0,0,0,0,0,0,0,0,0,0,0,0,0,0,0,0,0,0,0,0,0,0,0,0,0,0,0,0,0,0,0,0,0,0,0,0,0,0,0,0,0,0,0,0,0,0,0,0,0,0,0,0,0,0,0,0,0,0,0,0,0,0,0,0,0,0,0,0,0,0,0,0,0,0,0,0,0,0,0,0,0,0,0,0,0,0,0,0,0,0
"kilimanjaro/moshi/kilemakati",0,0,0,0,0,0,0,0,0,0,0,0,0,0,0,0,0,0,0,0,0,0,0,0,0,0,0,0,0,0,0,0,0,0,0,0,0,0,0,0,0,0,0,0,0,0,0,0,0,0,0,0,0,0,0,0,0,0,0,0,0,0,0,0,0,0,0,0,0,0,0,0,0,0,0,0,0,0,0,0,0,0,0,0,0,0,0,0,0,0,0,0,0,0,0,0,0,0,0,0,0,0,0,0,0,0,0,0,0,0,0,0,0,0,0,0,0,0,0,0,0,0,0,0,0,0,0,0,0,0,0,0,0,0,0,0,0,0,0,0,0,0,0,0,0,0,0,0,0,0,0,0,0,0,0,0,0,0,0,0,0,0,0,0,0,0,0,0,0,0,0,0,0,0,0,0,0,0,0,0,0,0,0,0,0,0,0,0,0,0,0,0,0,0,0,0,0,0,0,0,0,0,0,0,0,0,0,0,0,0,0,0,0,0,0,0,0,0,0,0,0,0,0,0,0,0,0,0,0,0,0,0,0,0,0,0,0,0,0,0,0,0,0,0,0,0,0,0,0,0,0,0,0,0,0,0,0,0,0,0,0,0,0,0,0,0,0,0,0,0,0,0,0,0,0,0,0,0,0,0,0,0,0,0,0,0,0,0,0,0,0,0,0,0,0,0,0,0,0,0,0,0,0,0,0,0,0,0,0,0,0,0,0,0,0,0,0,0,0,0,0,0,0,0,0,0,0,0,0,0,0,0,0,0,0,0,0,0,0,0,0,0,0,0,0,0,0,0,0,0,0,0,0,0,0,0,0,0,0,0,0,0,0,0,0,0,0,0,0,0,0,0,0,0,0,0,0,0,0,0,0,0,0,0,0,0,0,0,0,0,0,0,0,0,0,0,0,0
"kilimanjaro/moshi/kilemakusini",0.000617,2e-05,0.003577,0.000164,2e-06,0.052673,1e-06,1e-06,2e-06,0.000518,8e-06,2e-06,0.000405,0.005717,8.6e-05,4e-06,3e-06,1.3e-05,2e-06,9e-06,4.6e-05,0.001683,2e-06,0.001944,6.5e-05,0.000588,4e-06,3e-06,2e-06,7.7e-05,0.002075,1e-05,3.8e-05,0.000397,2.1e-05,5e-06,0.000455,0.000115,1e-05,0.000237,2e-06,2e-06,0.000545,8.4e-05,7.2e-05,2e-06,6.5e-05,0.093554,0.002817,7e-06,3e-06,5e-06,6e-06,3e-06,9.1e-05,1e-06,0.000182,6e-06,0.001344,0.002414,0.000771,0.000702,0.001556,3.5e-05,0,0.003259,0.000682,2e-06,7.8e-05,0.000611,4e-06,0,0.000374,3.7e-05,9e-06,0.00071,6e-05,1e-06,1e-06,2e-06,1e-06,1e-05,2e-06,2e-06,5e-06,2e-06,0.13361,2e-06,7.5e-05,0.008297,1e-06,2e-06,0.748809,0.002907,3.1e-05,0.000145,0.006363,0.000397,0.293819,0.202814,2e-06,4e-06,0.001781,0.000705,0.010984,0.043639,3e-06,0.043284,0.001601,0.000673,0.004865,0.132134,5.2e-05,1.7e-05,0.003811,0.003826,0.03667,8e-06,0.383775,0.015182,0.00707,0.282236,0.000964,0.00288,0.00026,0.000642,0.000532,0.078244,0.003372,0.005442,0.008314,0,0.207956,0.012467,0.000136,0.002889,0.00014,0.098019,0.014761,0.053518,0.004328,3.8e-05,0.000853,0.005837,0.002317,0.035175,5e-06,0.546097,0.297866,0.393344,0.001814,0.000273,0.002221,0.000159,0.005733,0.014839,0.004233,0.000112,0.000111,0.924398,0.021291,0.004211,0.000786,0.001141,2e-06,2e-06,0.010706,0.00157,0.005128,0.003126,0.000178,0.001988,0.071028,0.001806,0.001479,0.000506,0.003196,4.1e-05,0.077835,0.000348,2.7e-05,3.5e-05,0.00422,0.019223,0.175806,0.941116,0.000284,0.000781,0.114925,0.027212,0.013622,2.2e-05,5.4e-05,3e-06,0.000388,2e-05,0.006608,3e-06,0.125617,4e-06,0.020952,0.000149,0.003325,0.00013,0.209508,0.001355,0.972186,0.001249,0.000335,0.007613,0.012941,1.1e-05,0.449036,0.001759,2e-06,0.000928,2e-06,0.545056,0.03519,0.321799,3e-06,0.000108,2e-06,0.000514,0.08261,0.001594,0.118215,0.001552,1.1e-05,1e-06,1e-06,3e-06,0.003762,0.006812,4.8e-05,0.00016,0.004098,0.003169,0.000275,0.003376,0.002813,0.026492,0.000998,0.302334,6.4e-05,0.002217,0.008356,0.004914,2e-06,0.000247,0.025282,0.012743,3.1e-05,0.007902,0.018228,0.001639,0.002414,0.006563,0.002184,8.3e-05,5.5e-05,0.010228,4e-06,5.3e-05,0.000698,9e-05,3e-06,0.004986,2e-06,8.6e-05,0.004949,0.13424,0.001173,7.5e-05,0.941269,0.012784,0.001706,0.002808,3e-06,5.6e-05,0.001995,7e-06,0.058881,7e-06,1.2e-05,5e-06,1e-06,0.002633,4e-06,0.000259,6.7e-05,0.002237,0.000136,0.028804,0.042924,0.004773,0.016131,0.000126,0.005635,0.000148,0.001257,0.000176,0.00192,0.002356,1.2e-05,0.001461,0.000776,0.000146,6.6e-05,0.000973,0.005679,0.000121,2.8e-05,0.002775,0.031703,3e-06,2.4e-05,0.022421,0.285912,0.007529,0.000703,0.007569,0.007557,0.015763,0.055128,0.000451,0.000596,0.000226,5.1e-05,0.001488,0.002902,0.000855,0.061218,0.001492,0.00246,1.5e-05,0.008541,7.4e-05,0.029662,1.5e-05,4e-06,0.001529,5e-06,4e-06,0.010181,0.000621,0.000133,0.003166,0.013692,0.000186,1e-06,0.013999,0.000357,0.031956,0.000772,0.000964,0.005959,0.004122,0.004982,0.019197,3e-06,2e-06,3e-06,1e-06,3.4e-05,0.023768,0.005405,0.011418,1.7e-05,0.003725,0.008184,3.1e-05,6.4e-05,4.2e-05,0.001613,0.001186,0.000462,5e-05,0.018627,2e-06,0.000145,2e-06,0.385221,2.2e-05,1e-06,0.000529,0.001694,0.177609,0.05302,0.001545,0.015337,0.001901,7.7e-05,0.000139,4.7e-05,1.8e-05,2e-06,2e-06
"kilimanjaro/mwanga/kileo",8e-06,0,1.8e-05,2e-06,0,0.000974,0,0,0,8e-06,0,0,5e-06,7.3e-05,1e-06,0,0,0,0,0,1e-06,1.2e-05,0,1.4e-05,1e-06,4e-06,0,0,0,2e-06,4.6e-05,0,1e-06,1.6e-05,0,0,6e-06,1e-06,0,3e-06,0,0,6e-06,1e-06,1e-06,0,1e-06,0.001283,4.4e-05,0,0,0,0,0,1e-06,0,3e-06,0,2.7e-05,2.4e-05,6e-06,6e-06,1.8e-05,1e-06,0,4.3e-05,9e-06,0,1e-06,7e-06,0,0,4e-06,1e-06,0,6e-06,1e-06,0,0,0,0,0,0,0,0,0,0.001538,0,1e-06,0.000124,0,0,0.013409,3.5e-05,0,2e-06,5.8e-05,1.6e-05,0.008803,0.007162,0,0,3.7e-05,9e-06,7.8e-05,0.000391,0,0.000333,1.7e-05,7e-06,4.3e-05,0.000825,1e-06,0,1.8e-05,1.8e-05,0.000446,0,0.002863,0.000101,3.6e-05,0.002206,4.6e-05,0.000128,9e-06,1.3e-05,6e-06,0.000694,4.4e-05,1.9e-05,2.1e-05,0.001276,0,8.6e-05,5e-06,3.7e-05,2e-06,0.000412,0.000165,0.00041,4.9e-05,1e-06,1.1e-05,4e-05,1.6e-05,0.001442,0,0.002981,0.001207,0.00071,1e-05,9e-06,1.5e-05,4e-06,0.000126,0.000197,2.1e-05,1e-06,2e-06,0.032973,0.001744,4.9e-05,6e-06,3.8e-05,0,0,0.000425,1.7e-05,6.7e-05,0.000122,2e-06,1.9e-05,0.000955,4e-05,1.3e-05,6e-06,3.4e-05,0,0.000553,6e-06,1e-06,0,8.8e-05,0.000209,0.001554,0.074077,2e-06,6e-06,0.000983,0.000229,0.000139,0,1e-06,0,4e-06,0,3.2e-05,0,0.000859,0,0.000253,3e-06,5.2e-05,2e-06,0.00115,1.4e-05,0.042975,1.2e-05,5e-06,2.6e-05,3.2e-05,0,0.004352,9e-06,0,1.9e-05,0,0.006584,0.000122,0.001055,0,1e-06,0,4e-06,0.000829,1.4e-05,0.001065,1.8e-05,0,0,0,0,4.7e-05,9.1e-05,1e-06,1e-06,1.9e-05,3.2e-05,3e-06,1.7e-05,4.1e-05,0.000592,6e-06,0.008512,2e-06,1.4e-05,5.2e-05,6.5e-05,0,3e-06,0.000325,0.000114,0,0.000103,0.000142,3.5e-05,1.4e-05,0.000421,1.3e-05,2e-06,1e-06,0.000161,0,1e-06,7e-06,1e-06,0,6.4e-05,0,1e-06,6.2e-05,0.008666,6.1e-05,2e-06,0.016564,5e-05,3.6e-05,3.8e-05,0,1e-06,3.4e-05,0,0.000677,0,0,0,0,1.7e-05,0,2e-06,1e-06,2.1e-05,3e-06,0.000395,0.000238,4.4e-05,0.000129,2e-06,0.000144,2e-06,9e-06,7e-06,1.3e-05,6.5e-05,0,1.5e-05,1e-05,2e-06,1e-06,7e-06,5.3e-05,1e-06,0,1.7e-05,0.000135,0,0,0.000184,0.002217,7.5e-05,1.1e-05,9.3e-05,7.8e-05,0.000151,0.000506,4e-06,6e-06,3e-06,1e-06,1.9e-05,3.6e-05,1.1e-05,0.000505,2e-05,3.5e-05,0,6.5e-05,1e-06,0.000374,0,0,9e-06,0,0,0.00024,1.2e-05,2e-06,3.8e-05,0.000359,3e-06,0,0.000138,4e-06,0.000416,7e-06,1.3e-05,7.1e-05,0.000211,2.7e-05,0.000154,0,0,0,0,0,0.000302,5e-05,0.000149,0,4.4e-05,6.1e-05,1e-06,1e-06,0,1.1e-05,1.6e-05,5e-06,1e-06,0.000137,0,4e-06,0,0.003604,0,0,7e-06,9e-06,0.001261,0.000272,8e-06,0.000193,9e-06,2e-06,3e-06,1e-06,0,0,0
"kilimanjaro/moshimunicipal/kilimanjaro",0,0,0,0,0,0,0,0,0,0,0,0,0,0,0,0,0,0,0,0,0,0,0,0,0,0,0,0,0,0,0,0,0,0,0,0,0,0,0,0,0,0,0,0,0,0,0,0,0,0,0,0,0,0,0,0,0,0,0,0,0,0,0,0,0,0,0,0,0,0,0,0,0,0,0,0,0,0,0,0,0,0,0,0,0,0,0,0,0,0,0,0,0,0,0,0,0,0,0,0,0,0,0,0,0,0,0,0,0,0,0,0,0,0,0,0,0,0,0,0,0,0,0,0,0,0,0,0,0,0,0,0,0,0,0,0,0,0,0,0,0,0,0,0,0,0,0,0,0,0,0,0,0,0,0,0,0,0,0,0,0,0,0,0,0,0,0,0,0,0,0,0,0,0,0,0,0,0,0,0,0,0,0,0,0,0,0,0,0,0,0,0,0,0,0,0,0,0,0,0,0,0,0,0,0,0,0,0,0,0,0,0,0,0,0,0,0,0,0,0,0,0,0,0,0,0,0,0,0,0,0,0,0,0,0,0,0,0,0,0,0,0,0,0,0,0,0,0,0,0,0,0,0,0,0,0,0,0,0,0,0,0,0,0,0,0,0,0,0,0,0,0,0,0,0,0,0,0,0,0,0,0,0,0,0,0,0,0,0,0,0,0,0,0,0,0,0,0,0,0,0,0,0,0,0,0,0,0,0,0,0,0,0,0,0,0,0,0,0,0,0,0,0,0,0,0,0,0,0,0,0,0,0,0,0,0,0,0,0,0,0,0,0,0,0,0,0,0,0,0,0,0,0,0,0,0,0,0,0,0,0,0,0,0,0,0,0,0,0,0,0,0,0,0,0,0,0,0,0,0,0,0,0,0,0,0,0,0,0,0,0,0,0,0,0,0,0,0
"kilimanjaro/mwanga/kilomeni",0,0,0,0,0,0,0,0,0,0,0,0,0,0,0,0,0,0,0,0,0,0,0,0,0,0,0,0,0,0,0,0,0,0,0,0,0,0,0,0,0,0,0,0,0,0,0,0,0,0,0,0,0,0,0,0,0,0,0,0,0,0,0,0,0,0,0,0,0,0,0,0,0,0,0,0,0,0,0,0,0,0,0,0,0,0,0,0,0,0,0,0,0,0,0,0,0,0,0,0,0,0,0,0,0,0,0,0,0,0,0,0,0,0,0,0,0,0,0,0,0,0,0,0,0,0,0,0,0,0,0,0,0,0,0,0,0,0,0,0,0,0,0,0,0,0,0,0,0,0,0,0,0,0,0,0,0,0,0,0,0,0,0,0,0,0,0,0,0,0,0,0,0,0,0,0,0,0,0,0,0,0,0,0,0,0,0,0,0,0,0,0,0,0,0,0,0,0,0,0,0,0,0,0,0,0,0,0,0,0,0,0,0,0,0,0,0,0,0,0,0,0,0,0,0,0,0,0,0,0,0,0,0,0,0,0,0,0,0,0,0,0,0,0,0,0,0,0,0,0,0,0,0,0,0,0,0,0,0,0,0,0,0,0,0,0,0,0,0,0,0,0,0,0,0,0,0,0,0,0,0,0,0,0,0,0,0,0,0,0,0,0,0,0,0,0,0,0,0,0,0,0,0,0,0,0,0,0,0,0,0,0,0,0,0,0,0,0,0,0,0,0,0,0,0,0,0,0,0,0,0,0,0,0,0,0,0,0,0,0,0,0,0,0,0,0,0,0,0,0,0,0,0,0,0,0,0,0,0,0,0,0,0,0,0,0,0,0,0,0,0,0,0,0,0,0,0,0,0,0,0,0,0,0,0,0,0,0,0,0,0,0,0,0,0,0,0,0
"arusha/arushaurban/kimandolu",0,0,0,0,0,0,0,0,0,0,0,0,0,0,0,0,0,0,0,0,0,0,0,0,0,0,0,0,0,0,0,0,0,0,0,0,0,0,0,0,0,0,0,0,0,0,0,0,0,0,0,0,0,0,0,0,0,0,0,0,0,0,0,0,0,0,0,0,0,0,0,0,0,0,0,0,0,0,0,0,0,0,0,0,0,0,0,0,0,0,0,0,0,0,0,0,0,0,0,0,0,0,0,0,0,0,0,0,0,0,0,0,0,0,0,0,0,0,0,0,0,0,0,0,0,0,0,0,0,0,0,0,0,0,0,0,0,0,0,0,0,0,0,0,0,0,0,0,0,0,0,0,0,0,0,0,0,0,0,0,0,0,0,0,0,0,0,0,0,0,0,0,0,0,0,0,0,0,0,0,0,0,0,0,0,0,0,0,0,0,0,0,0,0,0,0,0,0,0,0,0,0,0,0,0,0,0,0,0,0,0,0,0,0,0,0,0,0,0,0,0,0,0,0,0,0,0,0,0,0,0,0,0,0,0,0,0,0,0,0,0,0,0,0,0,0,0,0,0,0,0,0,0,0,0,0,0,0,0,0,0,0,0,0,0,0,0,0,0,0,0,0,0,0,0,0,0,0,0,0,0,0,0,0,0,0,0,0,0,0,0,0,0,0,0,0,0,0,0,0,0,0,0,0,0,0,0,0,0,0,0,0,0,0,0,0,0,0,0,0,0,0,0,0,0,0,0,0,0,0,0,0,0,0,0,0,0,0,0,0,0,0,0,0,0,0,0,0,0,0,0,0,0,0,0,0,0,0,0,0,0,0,0,0,0,0,0,0,0,0,0,0,0,0,0,0,0,0,0,0,0,0,0,0,0,0,0,0,0,0,0,0,0,0,0,0,0,0
"arusha/arusha/kimnyaki",0,0,0,0,0,0,0,0,0,0,0,0,0,0,0,0,0,0,0,0,0,0,0,0,0,0,0,0,0,0,0,0,0,0,0,0,0,0,0,0,0,0,0,0,0,0,0,0,0,0,0,0,0,0,0,0,0,0,0,0,0,0,0,0,0,0,0,0,0,0,0,0,0,0,0,0,0,0,0,0,0,0,0,0,0,0,0,0,0,0,0,0,0,0,0,0,0,0,0,0,0,0,0,0,0,0,0,0,0,0,0,0,0,0,0,0,0,0,0,0,0,0,0,0,0,0,0,0,0,0,0,0,0,0,0,0,0,0,0,0,0,0,0,0,0,0,0,0,0,0,0,0,0,0,0,0,0,0,0,0,0,0,0,0,0,0,0,0,0,0,0,0,0,0,0,0,0,0,0,0,0,0,0,0,0,0,0,0,0,0,0,0,0,0,0,0,0,0,0,0,0,0,0,0,0,0,0,0,0,0,0,0,0,0,0,0,0,0,0,0,0,0,0,0,0,0,0,0,0,0,0,0,0,0,0,0,0,0,0,0,0,0,0,0,0,0,0,0,0,0,0,0,0,0,0,0,0,0,0,0,0,0,0,0,0,0,0,0,0,0,0,0,0,0,0,0,0,0,0,0,0,0,0,0,0,0,0,0,0,0,0,0,0,0,0,0,0,0,0,0,0,0,0,0,0,0,0,0,0,0,0,0,0,0,0,0,0,0,0,0,0,0,0,0,0,0,0,0,0,0,0,0,0,0,0,0,0,0,0,0,0,0,0,0,0,0,0,0,0,0,0,0,0,0,0,0,0,0,0,0,0,0,0,0,0,0,0,0,0,0,0,0,0,0,0,0,0,0,0,0,0,0,0,0,0,0,0,0,0,0,0,0,0,0,0,0,0,0
"kilimanjaro/moshi/kimochi",0,0,0,0,0,0,0,0,0,0,0,0,0,0,0,0,0,0,0,0,0,0,0,0,0,0,0,0,0,0,0,0,0,0,0,0,0,0,0,0,0,0,0,0,0,0,0,0,0,0,0,0,0,0,0,0,0,0,0,0,0,0,0,0,0,0,0,0,0,0,0,0,0,0,0,0,0,0,0,0,0,0,0,0,0,0,0,0,0,0,0,0,0,0,0,0,0,0,0,0,0,0,0,0,0,0,0,0,0,0,0,0,0,0,0,0,0,0,0,0,0,0,0,0,0,0,0,0,0,0,0,0,0,0,0,0,0,0,0,0,0,0,0,0,0,0,0,0,0,0,0,0,0,0,0,0,0,0,0,0,0,0,0,0,0,0,0,0,0,0,0,0,0,0,0,0,0,0,0,0,0,0,0,0,0,0,0,0,0,0,0,0,0,0,0,0,0,0,0,0,0,0,0,0,0,0,0,0,0,0,0,0,0,0,0,0,0,0,0,0,0,0,0,0,0,0,0,0,0,0,0,0,0,0,0,0,0,0,0,0,0,0,0,0,0,0,0,0,0,0,0,0,0,0,0,0,0,0,0,0,0,0,0,0,0,0,0,0,0,0,0,0,0,0,0,0,0,0,0,0,0,0,0,0,0,0,0,0,0,0,0,0,0,0,0,0,0,0,0,0,0,0,0,0,0,0,0,0,0,0,0,0,0,0,0,0,0,0,0,0,0,0,0,0,0,0,0,0,0,0,0,0,0,0,0,0,0,0,0,0,0,0,0,0,0,0,0,0,0,0,0,0,0,0,0,0,0,0,0,0,0,0,0,0,0,0,0,0,0,0,0,0,0,0,0,0,0,0,0,0,0,0,0,0,0,0,0,0,0,0,0,0,0,0,0,0,0,0
"arusha/longido/kimokouwa",0,0,0,0,0,0,0,0,0,0,0,0,0,0,0,0,0,0,0,0,0,0,0,0,0,0,0,0,0,0,0,0,0,0,0,0,0,0,0,0,0,0,0,0,0,0,0,0,0,0,0,0,0,0,0,0,0,0,0,0,0,0,0,0,0,0,0,0,0,0,0,0,0,0,0,0,0,0,0,0,0,0,0,0,0,0,0,0,0,0,0,0,0,0,0,0,0,0,0,0,0,0,0,0,0,0,0,0,0,0,0,0,0,0,0,0,0,0,0,0,0,0,0,0,0,0,0,0,0,0,0,0,0,0,0,0,0,0,0,0,0,0,0,0,0,0,0,0,0,0,0,0,0,0,0,0,0,0,0,0,0,0,0,0,0,0,0,0,0,0,0,0,0,0,0,0,0,0,0,0,0,0,0,0,0,0,0,0,0,0,0,0,0,0,0,0,0,0,0,0,0,0,0,0,0,0,0,0,0,0,0,0,0,0,0,0,0,0,0,0,0,0,0,0,0,0,0,0,0,0,0,0,0,0,0,0,0,0,0,0,0,0,0,0,0,0,0,0,0,0,0,0,0,0,0,0,0,0,0,0,0,0,0,0,0,0,0,0,0,0,0,0,0,0,0,0,0,0,0,0,0,0,0,0,0,0,0,0,0,0,0,0,0,0,0,0,0,0,0,0,0,0,0,0,0,0,0,0,0,0,0,0,0,0,0,0,0,0,0,0,0,0,0,0,0,0,0,0,0,0,0,0,0,0,0,0,0,0,0,0,0,0,0,0,0,0,0,0,0,0,0,0,0,0,0,0,0,0,0,0,0,0,0,0,0,0,0,0,0,0,0,0,0,0,0,0,0,0,0,0,0,0,0,0,0,0,0,0,0,0,0,0,0,0,0,0,0,0
"kilimanjaro/moshi/kindi",0,0,0,0,0,0,0,0,0,0,0,0,0,0,0,0,0,0,0,0,0,0,0,0,0,0,0,0,0,0,0,0,0,0,0,0,0,0,0,0,0,0,0,0,0,0,0,0,0,0,0,0,0,0,0,0,0,0,0,0,0,0,0,0,0,0,0,0,0,0,0,0,0,0,0,0,0,0,0,0,0,0,0,0,0,0,0,0,0,0,0,0,0,0,0,0,0,0,0,0,0,0,0,0,0,0,0,0,0,0,0,0,0,0,0,0,0,0,0,0,0,0,0,0,0,0,0,0,0,0,0,0,0,0,0,0,0,0,0,0,0,0,0,0,0,0,0,0,0,0,0,0,0,0,0,0,0,0,0,0,0,0,0,0,0,0,0,0,0,0,0,0,0,0,0,0,0,0,0,0,0,0,0,0,0,0,0,0,0,0,0,0,0,0,0,0,0,0,0,0,0,0,0,0,0,0,0,0,0,0,0,0,0,0,0,0,0,0,0,0,0,0,0,0,0,0,0,0,0,0,0,0,0,0,0,0,0,0,0,0,0,0,0,0,0,0,0,0,0,0,0,0,0,0,0,0,0,0,0,0,0,0,0,0,0,0,0,0,0,0,0,0,0,0,0,0,0,0,0,0,0,0,0,0,0,0,0,0,0,0,0,0,0,0,0,0,0,0,0,0,0,0,0,0,0,0,0,0,0,0,0,0,0,0,0,0,0,0,0,0,0,0,0,0,0,0,0,0,0,0,0,0,0,0,0,0,0,0,0,0,0,0,0,0,0,0,0,0,0,0,0,0,0,0,0,0,0,0,0,0,0,0,0,0,0,0,0,0,0,0,0,0,0,0,0,0,0,0,0,0,0,0,0,0,0,0,0,0,0,0,0,0,0,0,0,0,0,0
"arusha/meru/kingori",0,0,0,0,0,0,0,0,0,0,0,0,0,0,0,0,0,0,0,0,0,0,0,0,0,0,0,0,0,0,0,0,0,0,0,0,0,0,0,0,0,0,0,0,0,0,0,0,0,0,0,0,0,0,0,0,0,0,0,0,0,0,0,0,0,0,0,0,0,0,0,0,0,0,0,0,0,0,0,0,0,0,0,0,0,0,0,0,0,0,0,0,0,0,0,0,0,0,0,0,0,0,0,0,0,0,0,0,0,0,0,0,0,0,0,0,0,0,0,0,0,0,0,0,0,0,0,0,0,0,0,0,0,0,0,0,0,0,0,0,0,0,0,0,0,0,0,0,0,0,0,0,0,0,0,0,0,0,0,0,0,0,0,0,0,0,0,0,0,0,0,0,0,0,0,0,0,0,0,0,0,0,0,0,0,0,0,0,0,0,0,0,0,0,0,0,0,0,0,0,0,0,0,0,0,0,0,0,0,0,0,0,0,0,0,0,0,0,0,0,0,0,0,0,0,0,0,0,0,0,0,0,0,0,0,0,0,0,0,0,0,0,0,0,0,0,0,0,0,0,0,0,0,0,0,0,0,0,0,0,0,0,0,0,0,0,0,0,0,0,0,0,0,0,0,0,0,0,0,0,0,0,0,0,0,0,0,0,0,0,0,0,0,0,0,0,0,0,0,0,0,0,0,0,0,0,0,0,0,0,0,0,0,0,0,0,0,0,0,0,0,0,0,0,0,0,0,0,0,0,0,0,0,0,0,0,0,0,0,0,0,0,0,0,0,0,0,0,0,0,0,0,0,0,0,0,0,0,0,0,0,0,0,0,0,0,0,0,0,0,0,0,0,0,0,0,0,0,0,0,0,0,0,0,0,0,0,0,0,0,0,0,0,0,0,0,0,0
"kilimanjaro/same/kirangare",0,0,0,0,0,0,0,0,0,0,0,0,0,0,0,0,0,0,0,0,0,0,0,0,0,0,0,0,0,0,0,0,0,0,0,0,0,0,0,0,0,0,0,0,0,0,0,0,0,0,0,0,0,0,0,0,0,0,0,0,0,0,0,0,0,0,0,0,0,0,0,0,0,0,0,0,0,0,0,0,0,0,0,0,0,0,0,0,0,0,0,0,0,0,0,0,0,0,0,0,0,0,0,0,0,0,0,0,0,0,0,0,0,0,0,0,0,0,0,0,0,0,0,0,0,0,0,0,0,0,0,0,0,0,0,0,0,0,0,0,0,0,0,0,0,0,0,0,0,0,0,0,0,0,0,0,0,0,0,0,0,0,0,0,0,0,0,0,0,0,0,0,0,0,0,0,0,0,0,0,0,0,0,0,0,0,0,0,0,0,0,0,0,0,0,0,0,0,0,0,0,0,0,0,0,0,0,0,0,0,0,0,0,0,0,0,0,0,0,0,0,0,0,0,0,0,0,0,0,0,0,0,0,0,0,0,0,0,0,0,0,0,0,0,0,0,0,0,0,0,0,0,0,0,0,0,0,0,0,0,0,0,0,0,0,0,0,0,0,0,0,0,0,0,0,0,0,0,0,0,0,0,0,0,0,0,0,0,0,0,0,0,0,0,0,0,0,0,0,0,0,0,0,0,0,0,0,0,0,0,0,0,0,0,0,0,0,0,0,0,0,0,0,0,0,0,0,0,0,0,0,0,0,0,0,0,0,0,0,0,0,0,0,0,0,0,0,0,0,0,0,0,0,0,0,0,0,0,0,0,0,0,0,0,0,0,0,0,0,0,0,0,0,0,0,0,0,0,0,0,0,0,0,0,0,0,0,0,0,0,0,0,0,0,0,0,0,0
"arusha/arusha/kiranyi",0,0,0,0,0,0,0,0,0,0,0,0,0,0,0,0,0,0,0,0,0,0,0,0,0,0,0,0,0,0,0,0,0,0,0,0,0,0,0,0,0,0,0,0,0,0,0,0,0,0,0,0,0,0,0,0,0,0,0,0,0,0,0,0,0,0,0,0,0,0,0,0,0,0,0,0,0,0,0,0,0,0,0,0,0,0,0,0,0,0,0,0,0,0,0,0,0,0,0,0,0,0,0,0,0,0,0,0,0,0,0,0,0,0,0,0,0,0,0,0,0,0,0,0,0,0,0,0,0,0,0,0,0,0,0,0,0,0,0,0,0,0,0,0,0,0,0,0,0,0,0,0,0,0,0,0,0,0,0,0,0,0,0,0,0,0,0,0,0,0,0,0,0,0,0,0,0,0,0,0,0,0,0,0,0,0,0,0,0,0,0,0,0,0,0,0,0,0,0,0,0,0,0,0,0,0,0,0,0,0,0,0,0,0,0,0,0,0,0,0,0,0,0,0,0,0,0,0,0,0,0,0,0,0,0,0,0,0,0,0,0,0,0,0,0,0,0,0,0,0,0,0,0,0,0,0,0,0,0,0,0,0,0,0,0,0,0,0,0,0,0,0,0,0,0,0,0,0,0,0,0,0,0,0,0,0,0,0,0,0,0,0,0,0,0,0,0,0,0,0,0,0,0,0,0,0,0,0,0,0,0,0,0,0,0,0,0,0,0,0,0,0,0,0,0,0,0,0,0,0,0,0,0,0,0,0,0,0,0,0,0,0,0,0,0,0,0,0,0,0,0,0,0,0,0,0,0,0,0,0,0,0,0,0,0,0,0,0,0,0,0,0,0,0,0,0,0,0,0,0,0,0,0,0,0,0,0,0,0,0,0,0,0,0,0,0,0,0
"kilimanjaro/moshi/kirima",0,0,0,0,0,0,0,0,0,0,0,0,0,0,0,0,0,0,0,0,0,0,0,0,0,0,0,0,0,0,0,0,0,0,0,0,0,0,0,0,0,0,0,0,0,0,0,0,0,0,0,0,0,0,0,0,0,0,0,0,0,0,0,0,0,0,0,0,0,0,0,0,0,0,0,0,0,0,0,0,0,0,0,0,0,0,0,0,0,0,0,0,0,0,0,0,0,0,0,0,0,0,0,0,0,0,0,0,0,0,0,0,0,0,0,0,0,0,0,0,0,0,0,0,0,0,0,0,0,0,0,0,0,0,0,0,0,0,0,0,0,0,0,0,0,0,0,0,0,0,0,0,0,0,0,0,0,0,0,0,0,0,0,0,0,0,0,0,0,0,0,0,0,0,0,0,0,0,0,0,0,0,0,0,0,0,0,0,0,0,0,0,0,0,0,0,0,0,0,0,0,0,0,0,0,0,0,0,0,0,0,0,0,0,0,0,0,0,0,0,0,0,0,0,0,0,0,0,0,0,0,0,0,0,0,0,0,0,0,0,0,0,0,0,0,0,0,0,0,0,0,0,0,0,0,0,0,0,0,0,0,0,0,0,0,0,0,0,0,0,0,0,0,0,0,0,0,0,0,0,0,0,0,0,0,0,0,0,0,0,0,0,0,0,0,0,0,0,0,0,0,0,0,0,0,0,0,0,0,0,0,0,0,0,0,0,0,0,0,0,0,0,0,0,0,0,0,0,0,0,0,0,0,0,0,0,0,0,0,0,0,0,0,0,0,0,0,0,0,0,0,0,0,0,0,0,0,0,0,0,0,0,0,0,0,0,0,0,0,0,0,0,0,0,0,0,0,0,0,0,0,0,0,0,0,0,0,0,0,0,0,0,0,0,0,0,0,0
"kilimanjaro/rombo/kirongosamanga",0,0,0,0,0,0,0,0,0,0,0,0,0,0,0,0,0,0,0,0,0,0,0,0,0,0,0,0,0,0,0,0,0,0,0,0,0,0,0,0,0,0,0,0,0,0,0,0,0,0,0,0,0,0,0,0,0,0,0,0,0,0,0,0,0,0,0,0,0,0,0,0,0,0,0,0,0,0,0,0,0,0,0,0,0,0,0,0,0,0,0,0,0,0,0,0,0,0,0,0,0,0,0,0,0,0,0,0,0,0,0,0,0,0,0,0,0,0,0,0,0,0,0,0,0,0,0,0,0,0,0,0,0,0,0,0,0,0,0,0,0,0,0,0,0,0,0,0,0,0,0,0,0,0,0,0,0,0,0,0,0,0,0,0,0,0,0,0,0,0,0,0,0,0,0,0,0,0,0,0,0,0,0,0,0,0,0,0,0,0,0,0,0,0,0,0,0,0,0,0,0,0,0,0,0,0,0,0,0,0,0,0,0,0,0,0,0,0,0,0,0,0,0,0,0,0,0,0,0,0,0,0,0,0,0,0,0,0,0,0,0,0,0,0,0,0,0,0,0,0,0,0,0,0,0,0,0,0,0,0,0,0,0,0,0,0,0,0,0,0,0,0,0,0,0,0,0,0,0,0,0,0,0,0,0,0,0,0,0,0,0,0,0,0,0,0,0,0,0,0,0,0,0,0,0,0,0,0,0,0,0,0,0,0,0,0,0,0,0,0,0,0,0,0,0,0,0,0,0,0,0,0,0,0,0,0,0,0,0,0,0,0,0,0,0,0,0,0,0,0,0,0,0,0,0,0,0,0,0,0,0,0,0,0,0,0,0,0,0,0,0,0,0,0,0,0,0,0,0,0,0,0,0,0,0,0,0,0,0,0,0,0,0,0,0,0,0,0
"kilimanjaro/mwanga/kirongwe",0,0,0,0,0,0,0,0,0,0,0,0,0,0,0,0,0,0,0,0,0,0,0,0,0,0,0,0,0,0,0,0,0,0,0,0,0,0,0,0,0,0,0,0,0,0,0,0,0,0,0,0,0,0,0,0,0,0,0,0,0,0,0,0,0,0,0,0,0,0,0,0,0,0,0,0,0,0,0,0,0,0,0,0,0,0,0,0,0,0,0,0,0,0,0,0,0,0,0,0,0,0,0,0,0,0,0,0,0,0,0,0,0,0,0,0,0,0,0,0,0,0,0,0,0,0,0,0,0,0,0,0,0,0,0,0,0,0,0,0,0,0,0,0,0,0,0,0,0,0,0,0,0,0,0,0,0,0,0,0,0,0,0,0,0,0,0,0,0,0,0,0,0,0,0,0,0,0,0,0,0,0,0,0,0,0,0,0,0,0,0,0,0,0,0,0,0,0,0,0,0,0,0,0,0,0,0,0,0,0,0,0,0,0,0,0,0,0,0,0,0,0,0,0,0,0,0,0,0,0,0,0,0,0,0,0,0,0,0,0,0,0,0,0,0,0,0,0,0,0,0,0,0,0,0,0,0,0,0,0,0,0,0,0,0,0,0,0,0,0,0,0,0,0,0,0,0,0,0,0,0,0,0,0,0,0,0,0,0,0,0,0,0,0,0,0,0,0,0,0,0,0,0,0,0,0,0,0,0,0,0,0,0,0,0,0,0,0,0,0,0,0,0,0,0,0,0,0,0,0,0,0,0,0,0,0,0,0,0,0,0,0,0,0,0,0,0,0,0,0,0,0,0,0,0,0,0,0,0,0,0,0,0,0,0,0,0,0,0,0,0,0,0,0,0,0,0,0,0,0,0,0,0,0,0,0,0,0,0,0,0,0,0,0,0,0,0,0
"manyara/babati/kiru",0,0,0,0,0,0,0,0,0,0,0,0,0,0,0,0,0,0,0,0,0,0,0,0,0,0,0,0,0,0,0,0,0,0,0,0,0,0,0,0,0,0,0,0,0,0,0,0,0,0,0,0,0,0,0,0,0,0,0,0,0,0,0,0,0,0,0,0,0,0,0,0,0,0,0,0,0,0,0,0,0,0,0,0,0,0,0,0,0,0,0,0,0,0,0,0,0,0,0,0,0,0,0,0,0,0,0,0,0,0,0,0,0,0,0,0,0,0,0,0,0,0,0,0,0,0,0,0,0,0,0,0,0,0,0,0,0,0,0,0,0,0,0,0,0,0,0,0,0,0,0,0,0,0,0,0,0,0,0,0,0,0,0,0,0,0,0,0,0,0,0,0,0,0,0,0,0,0,0,0,0,0,0,0,0,0,0,0,0,0,0,0,0,0,0,0,0,0,0,0,0,0,0,0,0,0,0,0,0,0,0,0,0,0,0,0,0,0,0,0,0,0,0,0,0,0,0,0,0,0,0,0,0,0,0,0,0,0,0,0,0,0,0,0,0,0,0,0,0,0,0,0,0,0,0,0,0,0,0,0,0,0,0,0,0,0,0,0,0,0,0,0,0,0,0,0,0,0,0,0,0,0,0,0,0,0,0,0,0,0,0,0,0,0,0,0,0,0,0,0,0,0,0,0,0,0,0,0,0,0,0,0,0,0,0,0,0,0,0,0,0,0,0,0,0,0,0,0,0,0,0,0,0,0,0,0,0,0,0,0,0,0,0,0,0,0,0,0,0,0,0,0,0,0,0,0,0,0,0,0,0,0,0,0,0,0,0,0,0,0,0,0,0,0,0,0,0,0,0,0,0,0,0,0,0,0,0,0,0,0,0,0,0,0,0,0,0,0
"kilimanjaro/moshi/kiruavunjokusini",1.8e-05,1e-06,5.3e-05,3e-06,0,0.002077,0,0,0,1.3e-05,0,0,1.2e-05,0.000167,2e-06,0,0,0,0,0,1e-06,3.6e-05,0,9.9e-05,1e-06,2.9e-05,0,0,0,2e-06,9.5e-05,0,1e-06,8e-06,0,0,1.3e-05,2e-06,0,6e-06,0,0,9e-06,1e-06,1e-06,0,2e-06,0.002864,7.6e-05,0,0,0,0,0,2e-06,0,6e-06,0,3.4e-05,4.2e-05,1.4e-05,1.3e-05,4.2e-05,1e-06,0,9.5e-05,1.9e-05,0,2e-06,1.1e-05,0,0,1.1e-05,1e-06,0,1.3e-05,2e-06,0,0,0,0,0,0,0,0,0,0.005141,0,1e-06,0.000136,0,0,0.020147,8.4e-05,1e-06,4e-06,0.000194,7e-06,0.013582,0.005486,0,0,4e-05,2e-05,0.00059,0.001108,0,0.001907,4.7e-05,1.2e-05,0.000149,0.002994,1e-06,0,6.9e-05,5.4e-05,0.001272,0,0.027116,0.000459,0.000161,0.010642,1.9e-05,6e-05,5e-06,1.5e-05,9e-06,0.001812,0.000102,0.000124,0.000154,0.007758,0.004715,0.000561,3e-06,8.4e-05,4e-06,0.005207,0.000383,0.002105,0.000137,1e-06,2.4e-05,0.000217,4.3e-05,0.00075,0,0,0.010793,0.008493,3.4e-05,7e-06,3.8e-05,4e-06,0.000124,0.000419,5.7e-05,2e-06,3e-06,0.196483,0.000387,8.2e-05,3.7e-05,2.4e-05,0,0,0.000287,4.7e-05,0.000148,7.3e-05,3e-06,3.8e-05,0.002145,4.5e-05,4.4e-05,9e-06,6.1e-05,1e-06,0.003449,8e-06,1e-06,1e-06,9.9e-05,0.001008,0.006378,0.278311,8e-06,2.3e-05,0.004353,0.000912,0.000575,1e-06,1e-06,0,7e-06,0,7.2e-05,0,0.006724,0,0.000644,4e-06,5.5e-05,4e-06,0.004201,4.2e-05,0.066387,2.4e-05,8e-06,0.000111,0.00014,0,0.008372,2.4e-05,0,2e-05,0,0.016449,0.000688,0.005538,0,3e-06,0,1.6e-05,0.002981,5e-05,0.004007,5.9e-05,0,0,0,0,9.5e-05,0.000194,1e-06,8e-06,0.000146,6.8e-05,5e-06,4.5e-05,8.8e-05,0.001151,4.6e-05,0.006186,1e-06,0.000114,0.000436,0.000145,0,7e-06,0.000739,0.000247,1e-06,0.000231,0.000452,3.7e-05,4.2e-05,0.000133,0.000121,2e-06,1e-06,0.000229,0,1e-06,1.3e-05,2e-06,0,0.00014,0,2e-06,0.000139,0.003484,2.2e-05,2e-06,0.047053,0.00017,3.9e-05,5.3e-05,0,1e-06,6.3e-05,0,0.001564,0,0,0,0,5.7e-05,0,8e-06,2e-06,6.1e-05,3e-06,0.000871,0.002513,0.000136,0.000332,4e-06,0.00015,4e-06,1.7e-05,4e-06,9.6e-05,5.4e-05,0,2.7e-05,2.3e-05,4e-06,2e-06,2.9e-05,0.000114,2e-06,1e-06,0.000199,0.001209,0,0,0.000452,0.006994,0.000153,2e-05,0.000214,0.000246,0.000414,0.001151,8e-06,1e-05,7e-06,1e-06,4.2e-05,8.4e-05,2.4e-05,0.001193,3.7e-05,4.4e-05,0,0.000427,2e-06,0.000896,0,0,6.8e-05,0,0,0.000246,1.5e-05,3e-06,9e-05,0.000318,5e-06,0,0.000427,1.1e-05,0.000941,1.4e-05,2.6e-05,0.000123,8.8e-05,7.7e-05,0.000878,0,0,0,0,1e-06,0.000699,0.00011,0.000329,0,0.00011,0.000376,1e-06,1e-06,1e-06,3.6e-05,3.4e-05,9e-06,1e-06,0.000354,0,3e-06,0,0.010827,1e-06,0,1.5e-05,5.1e-05,0.007794,0.00187,4.8e-05,0.000464,3.7e-05,2e-06,3e-06,1e-06,0,0,0
"kilimanjaro/moshi/kiruavunjomagharibi",0,0,0,0,0,0,0,0,0,0,0,0,0,0,0,0,0,0,0,0,0,0,0,0,0,0,0,0,0,0,0,0,0,0,0,0,0,0,0,0,0,0,0,0,0,0,0,0,0,0,0,0,0,0,0,0,0,0,0,0,0,0,0,0,0,0,0,0,0,0,0,0,0,0,0,0,0,0,0,0,0,0,0,0,0,0,0,0,0,0,0,0,0,0,0,0,0,0,0,0,0,0,0,0,0,0,0,0,0,0,0,0,0,0,0,0,0,0,0,0,0,0,0,0,0,0,0,0,0,0,0,0,0,0,0,0,0,0,0,0,0,0,0,0,0,0,0,0,0,0,0,0,0,0,0,0,0,0,0,0,0,0,0,0,0,0,0,0,0,0,0,0,0,0,0,0,0,0,0,0,0,0,0,0,0,0,0,0,0,0,0,0,0,0,0,0,0,0,0,0,0,0,0,0,0,0,0,0,0,0,0,0,0,0,0,0,0,0,0,0,0,0,0,0,0,0,0,0,0,0,0,0,0,0,0,0,0,0,0,0,0,0,0,0,0,0,0,0,0,0,0,0,0,0,0,0,0,0,0,0,0,0,0,0,0,0,0,0,0,0,0,0,0,0,0,0,0,0,0,0,0,0,0,0,0,0,0,0,0,0,0,0,0,0,0,0,0,0,0,0,0,0,0,0,0,0,0,0,0,0,0,0,0,0,0,0,0,0,0,0,0,0,0,0,0,0,0,0,0,0,0,0,0,0,0,0,0,0,0,0,0,0,0,0,0,0,0,0,0,0,0,0,0,0,0,0,0,0,0,0,0,0,0,0,0,0,0,0,0,0,0,0,0,0,0,0,0,0,0,0,0,0,0,0,0,0,0,0,0,0,0,0,0,0,0,0,0,0
"kilimanjaro/moshi/kiruavunjomashariki",0,0,0,0,0,0,0,0,0,0,0,0,0,0,0,0,0,0,0,0,0,0,0,0,0,0,0,0,0,0,0,0,0,0,0,0,0,0,0,0,0,0,0,0,0,0,0,0,0,0,0,0,0,0,0,0,0,0,0,0,0,0,0,0,0,0,0,0,0,0,0,0,0,0,0,0,0,0,0,0,0,0,0,0,0,0,0,0,0,0,0,0,0,0,0,0,0,0,0,0,0,0,0,0,0,0,0,0,0,0,0,0,0,0,0,0,0,0,0,0,0,0,0,0,0,0,0,0,0,0,0,0,0,0,0,0,0,0,0,0,0,0,0,0,0,0,0,0,0,0,0,0,0,0,0,0,0,0,0,0,0,0,0,0,0,0,0,0,0,0,0,0,0,0,0,0,0,0,0,0,0,0,0,0,0,0,0,0,0,0,0,0,0,0,0,0,0,0,0,0,0,0,0,0,0,0,0,0,0,0,0,0,0,0,0,0,0,0,0,0,0,0,0,0,0,0,0,0,0,0,0,0,0,0,0,0,0,0,0,0,0,0,0,0,0,0,0,0,0,0,0,0,0,0,0,0,0,0,0,0,0,0,0,0,0,0,0,0,0,0,0,0,0,0,0,0,0,0,0,0,0,0,0,0,0,0,0,0,0,0,0,0,0,0,0,0,0,0,0,0,0,0,0,0,0,0,0,0,0,0,0,0,0,0,0,0,0,0,0,0,0,0,0,0,0,0,0,0,0,0,0,0,0,0,0,0,0,0,0,0,0,0,0,0,0,0,0,0,0,0,0,0,0,0,0,0,0,0,0,0,0,0,0,0,0,0,0,0,0,0,0,0,0,0,0,0,0,0,0,0,0,0,0,0,0,0,0,0,0,0,0,0,0,0,0,0,0,0
"kilimanjaro/rombo/kirwakeni",0,0,0,0,0,0,0,0,0,0,0,0,0,0,0,0,0,0,0,0,0,0,0,0,0,0,0,0,0,0,0,0,0,0,0,0,0,0,0,0,0,0,0,0,0,0,0,0,0,0,0,0,0,0,0,0,0,0,0,0,0,0,0,0,0,0,0,0,0,0,0,0,0,0,0,0,0,0,0,0,0,0,0,0,0,0,0,0,0,0,0,0,0,0,0,0,0,0,0,0,0,0,0,0,0,0,0,0,0,0,0,0,0,0,0,0,0,0,0,0,0,0,0,0,0,0,0,0,0,0,0,0,0,0,0,0,0,0,0,0,0,0,0,0,0,0,0,0,0,0,0,0,0,0,0,0,0,0,0,0,0,0,0,0,0,0,0,0,0,0,0,0,0,0,0,0,0,0,0,0,0,0,0,0,0,0,0,0,0,0,0,0,0,0,0,0,0,0,0,0,0,0,0,0,0,0,0,0,0,0,0,0,0,0,0,0,0,0,0,0,0,0,0,0,0,0,0,0,0,0,0,0,0,0,0,0,0,0,0,0,0,0,0,0,0,0,0,0,0,0,0,0,0,0,0,0,0,0,0,0,0,0,0,0,0,0,0,0,0,0,0,0,0,0,0,0,0,0,0,0,0,0,0,0,0,0,0,0,0,0,0,0,0,0,0,0,0,0,0,0,0,0,0,0,0,0,0,0,0,0,0,0,0,0,0,0,0,0,0,0,0,0,0,0,0,0,0,0,0,0,0,0,0,0,0,0,0,0,0,0,0,0,0,0,0,0,0,0,0,0,0,0,0,0,0,0,0,0,0,0,0,0,0,0,0,0,0,0,0,0,0,0,0,0,0,0,0,0,0,0,0,0,0,0,0,0,0,0,0,0,0,0,0,0,0,0,0,0
"kilimanjaro/mwanga/kirya",0,0,0,0,0,0,0,0,0,0,0,0,0,0,0,0,0,0,0,0,0,0,0,0,0,0,0,0,0,0,0,0,0,0,0,0,0,0,0,0,0,0,0,0,0,0,0,0,0,0,0,0,0,0,0,0,0,0,0,0,0,0,0,0,0,0,0,0,0,0,0,0,0,0,0,0,0,0,0,0,0,0,0,0,0,0,0,0,0,0,0,0,0,0,0,0,0,0,0,0,0,0,0,0,0,0,0,0,0,0,0,0,0,0,0,0,0,0,0,0,0,0,0,0,0,0,0,0,0,0,0,0,0,0,0,0,0,0,0,0,0,0,0,0,0,0,0,0,0,0,0,0,0,0,0,0,0,0,0,0,0,0,0,0,0,0,0,0,0,0,0,0,0,0,0,0,0,0,0,0,0,0,0,0,0,0,0,0,0,0,0,0,0,0,0,0,0,0,0,0,0,0,0,0,0,0,0,0,0,0,0,0,0,0,0,0,0,0,0,0,0,0,0,0,0,0,0,0,0,0,0,0,0,0,0,0,0,0,0,0,0,0,0,0,0,0,0,0,0,0,0,0,0,0,0,0,0,0,0,0,0,0,0,0,0,0,0,0,0,0,0,0,0,0,0,0,0,0,0,0,0,0,0,0,0,0,0,0,0,0,0,0,0,0,0,0,0,0,0,0,0,0,0,0,0,0,0,0,0,0,0,0,0,0,0,0,0,0,0,0,0,0,0,0,0,0,0,0,0,0,0,0,0,0,0,0,0,0,0,0,0,0,0,0,0,0,0,0,0,0,0,0,0,0,0,0,0,0,0,0,0,0,0,0,0,0,0,0,0,0,0,0,0,0,0,0,0,0,0,0,0,0,0,0,0,0,0,0,0,0,0,0,0,0,0,0,0,0
"kilimanjaro/rombo/kisalemsaranga",0,0,0,0,0,0,0,0,0,0,0,0,0,0,0,0,0,0,0,0,0,0,0,0,0,0,0,0,0,0,0,0,0,0,0,0,0,0,0,0,0,0,0,0,0,0,0,0,0,0,0,0,0,0,0,0,0,0,0,0,0,0,0,0,0,0,0,0,0,0,0,0,0,0,0,0,0,0,0,0,0,0,0,0,0,0,0,0,0,0,0,0,0,0,0,0,0,0,0,0,0,0,0,0,0,0,0,0,0,0,0,0,0,0,0,0,0,0,0,0,0,0,0,0,0,0,0,0,0,0,0,0,0,0,0,0,0,0,0,0,0,0,0,0,0,0,0,0,0,0,0,0,0,0,0,0,0,0,0,0,0,0,0,0,0,0,0,0,0,0,0,0,0,0,0,0,0,0,0,0,0,0,0,0,0,0,0,0,0,0,0,0,0,0,0,0,0,0,0,0,0,0,0,0,0,0,0,0,0,0,0,0,0,0,0,0,0,0,0,0,0,0,0,0,0,0,0,0,0,0,0,0,0,0,0,0,0,0,0,0,0,0,0,0,0,0,0,0,0,0,0,0,0,0,0,0,0,0,0,0,0,0,0,0,0,0,0,0,0,0,0,0,0,0,0,0,0,0,0,0,0,0,0,0,0,0,0,0,0,0,0,0,0,0,0,0,0,0,0,0,0,0,0,0,0,0,0,0,0,0,0,0,0,0,0,0,0,0,0,0,0,0,0,0,0,0,0,0,0,0,0,0,0,0,0,0,0,0,0,0,0,0,0,0,0,0,0,0,0,0,0,0,0,0,0,0,0,0,0,0,0,0,0,0,0,0,0,0,0,0,0,0,0,0,0,0,0,0,0,0,0,0,0,0,0,0,0,0,0,0,0,0,0,0,0,0,0,0
"kilimanjaro/same/kisima",0,0,0,0,0,0,0,0,0,0,0,0,0,0,0,0,0,0,0,0,0,0,0,0,0,0,0,0,0,0,0,0,0,0,0,0,0,0,0,0,0,0,0,0,0,0,0,0,0,0,0,0,0,0,0,0,0,0,0,0,0,0,0,0,0,0,0,0,0,0,0,0,0,0,0,0,0,0,0,0,0,0,0,0,0,0,0,0,0,0,0,0,0,0,0,0,0,0,0,0,0,0,0,0,0,0,0,0,0,0,0,0,0,0,0,0,0,0,0,0,0,0,0,0,0,0,0,0,0,0,0,0,0,0,0,0,0,0,0,0,0,0,0,0,0,0,0,0,0,0,0,0,0,0,0,0,0,0,0,0,0,0,0,0,0,0,0,0,0,0,0,0,0,0,0,0,0,0,0,0,0,0,0,0,0,0,0,0,0,0,0,0,0,0,0,0,0,0,0,0,0,0,0,0,0,0,0,0,0,0,0,0,0,0,0,0,0,0,0,0,0,0,0,0,0,0,0,0,0,0,0,0,0,0,0,0,0,0,0,0,0,0,0,0,0,0,0,0,0,0,0,0,0,0,0,0,0,0,0,0,0,0,0,0,0,0,0,0,0,0,0,0,0,0,0,0,0,0,0,0,0,0,0,0,0,0,0,0,0,0,0,0,0,0,0,0,0,0,0,0,0,0,0,0,0,0,0,0,0,0,0,0,0,0,0,0,0,0,0,0,0,0,0,0,0,0,0,0,0,0,0,0,0,0,0,0,0,0,0,0,0,0,0,0,0,0,0,0,0,0,0,0,0,0,0,0,0,0,0,0,0,0,0,0,0,0,0,0,0,0,0,0,0,0,0,0,0,0,0,0,0,0,0,0,0,0,0,0,0,0,0,0,0,0,0,0,0,0
"kilimanjaro/same/kisiwani",0,0,0,0,0,0,0,0,0,0,0,0,0,0,0,0,0,0,0,0,0,0,0,0,0,0,0,0,0,0,0,0,0,0,0,0,0,0,0,0,0,0,0,0,0,0,0,0,0,0,0,0,0,0,0,0,0,0,0,0,0,0,0,0,0,0,0,0,0,0,0,0,0,0,0,0,0,0,0,0,0,0,0,0,0,0,0,0,0,0,0,0,0,0,0,0,0,0,0,0,0,0,0,0,0,0,0,0,0,0,0,0,0,0,0,0,0,0,0,0,0,0,0,0,0,0,0,0,0,0,0,0,0,0,0,0,0,0,0,0,0,0,0,0,0,0,0,0,0,0,0,0,0,0,0,0,0,0,0,0,0,0,0,0,0,0,0,0,0,0,0,0,0,0,0,0,0,0,0,0,0,0,0,0,0,0,0,0,0,0,0,0,0,0,0,0,0,0,0,0,0,0,0,0,0,0,0,0,0,0,0,0,0,0,0,0,0,0,0,0,0,0,0,0,0,0,0,0,0,0,0,0,0,0,0,0,0,0,0,0,0,0,0,0,0,0,0,0,0,0,0,0,0,0,0,0,0,0,0,0,0,0,0,0,0,0,0,0,0,0,0,0,0,0,0,0,0,0,0,0,0,0,0,0,0,0,0,0,0,0,0,0,0,0,0,0,0,0,0,0,0,0,0,0,0,0,0,0,0,0,0,0,0,0,0,0,0,0,0,0,0,0,0,0,0,0,0,0,0,0,0,0,0,0,0,0,0,0,0,0,0,0,0,0,0,0,0,0,0,0,0,0,0,0,0,0,0,0,0,0,0,0,0,0,0,0,0,0,0,0,0,0,0,0,0,0,0,0,0,0,0,0,0,0,0,0,0,0,0,0,0,0,0,0,0,0,0,0
"arusha/arusha/kisongo",0,0,0,0,0,0,0,0,0,0,0,0,0,0,0,0,0,0,0,0,0,0,0,0,0,0,0,0,0,0,0,0,0,0,0,0,0,0,0,0,0,0,0,0,0,0,0,0,0,0,0,0,0,0,0,0,0,0,0,0,0,0,0,0,0,0,0,0,0,0,0,0,0,0,0,0,0,0,0,0,0,0,0,0,0,0,0,0,0,0,0,0,0,0,0,0,0,0,0,0,0,0,0,0,0,0,0,0,0,0,0,0,0,0,0,0,0,0,0,0,0,0,0,0,0,0,0,0,0,0,0,0,0,0,0,0,0,0,0,0,0,0,0,0,0,0,0,0,0,0,0,0,0,0,0,0,0,0,0,0,0,0,0,0,0,0,0,0,0,0,0,0,0,0,0,0,0,0,0,0,0,0,0,0,0,0,0,0,0,0,0,0,0,0,0,0,0,0,0,0,0,0,0,0,0,0,0,0,0,0,0,0,0,0,0,0,0,0,0,0,0,0,0,0,0,0,0,0,0,0,0,0,0,0,0,0,0,0,0,0,0,0,0,0,0,0,0,0,0,0,0,0,0,0,0,0,0,0,0,0,0,0,0,0,0,0,0,0,0,0,0,0,0,0,0,0,0,0,0,0,0,0,0,0,0,0,0,0,0,0,0,0,0,0,0,0,0,0,0,0,0,0,0,0,0,0,0,0,0,0,0,0,0,0,0,0,0,0,0,0,0,0,0,0,0,0,0,0,0,0,0,0,0,0,0,0,0,0,0,0,0,0,0,0,0,0,0,0,0,0,0,0,0,0,0,0,0,0,0,0,0,0,0,0,0,0,0,0,0,0,0,0,0,0,0,0,0,0,0,0,0,0,0,0,0,0,0,0,0,0,0,0,0,0,0,0,0,0
"kilimanjaro/rombo/kitirimakingachi",0,0,0,0,0,0,0,0,0,0,0,0,0,0,0,0,0,0,0,0,0,0,0,0,0,0,0,0,0,0,0,0,0,0,0,0,0,0,0,0,0,0,0,0,0,0,0,0,0,0,0,0,0,0,0,0,0,0,0,0,0,0,0,0,0,0,0,0,0,0,0,0,0,0,0,0,0,0,0,0,0,0,0,0,0,0,0,0,0,0,0,0,0,0,0,0,0,0,0,0,0,0,0,0,0,0,0,0,0,0,0,0,0,0,0,0,0,0,0,0,0,0,0,0,0,0,0,0,0,0,0,0,0,0,0,0,0,0,0,0,0,0,0,0,0,0,0,0,0,0,0,0,0,0,0,0,0,0,0,0,0,0,0,0,0,0,0,0,0,0,0,0,0,0,0,0,0,0,0,0,0,0,0,0,0,0,0,0,0,0,0,0,0,0,0,0,0,0,0,0,0,0,0,0,0,0,0,0,0,0,0,0,0,0,0,0,0,0,0,0,0,0,0,0,0,0,0,0,0,0,0,0,0,0,0,0,0,0,0,0,0,0,0,0,0,0,0,0,0,0,0,0,0,0,0,0,0,0,0,0,0,0,0,0,0,0,0,0,0,0,0,0,0,0,0,0,0,0,0,0,0,0,0,0,0,0,0,0,0,0,0,0,0,0,0,0,0,0,0,0,0,0,0,0,0,0,0,0,0,0,0,0,0,0,0,0,0,0,0,0,0,0,0,0,0,0,0,0,0,0,0,0,0,0,0,0,0,0,0,0,0,0,0,0,0,0,0,0,0,0,0,0,0,0,0,0,0,0,0,0,0,0,0,0,0,0,0,0,0,0,0,0,0,0,0,0,0,0,0,0,0,0,0,0,0,0,0,0,0,0,0,0,0,0,0,0,0,0
"arusha/longido/kitumbeine",0,0,0,0,0,0,0,0,0,0,0,0,0,0,0,0,0,0,0,0,0,0,0,0,0,0,0,0,0,0,0,0,0,0,0,0,0,0,0,0,0,0,0,0,0,0,0,0,0,0,0,0,0,0,0,0,0,0,0,0,0,0,0,0,0,0,0,0,0,0,0,0,0,0,0,0,0,0,0,0,0,0,0,0,0,0,0,0,0,0,0,0,0,0,0,0,0,0,0,0,0,0,0,0,0,0,0,0,0,0,0,0,0,0,0,0,0,0,0,0,0,0,0,0,0,0,0,0,0,0,0,0,0,0,0,0,0,0,0,0,0,0,0,0,0,0,0,0,0,0,0,0,0,0,0,0,0,0,0,0,0,0,0,0,0,0,0,0,0,0,0,0,0,0,0,0,0,0,0,0,0,0,0,0,0,0,0,0,0,0,0,0,0,0,0,0,0,0,0,0,0,0,0,0,0,0,0,0,0,0,0,0,0,0,0,0,0,0,0,0,0,0,0,0,0,0,0,0,0,0,0,0,0,0,0,0,0,0,0,0,0,0,0,0,0,0,0,0,0,0,0,0,0,0,0,0,0,0,0,0,0,0,0,0,0,0,0,0,0,0,0,0,0,0,0,0,0,0,0,0,0,0,0,0,0,0,0,0,0,0,0,0,0,0,0,0,0,0,0,0,0,0,0,0,0,0,0,0,0,0,0,0,0,0,0,0,0,0,0,0,0,0,0,0,0,0,0,0,0,0,0,0,0,0,0,0,0,0,0,0,0,0,0,0,0,0,0,0,0,0,0,0,0,0,0,0,0,0,0,0,0,0,0,0,0,0,0,0,0,0,0,0,0,0,0,0,0,0,0,0,0,0,0,0,0,0,0,0,0,0,0,0,0,0,0,0,0,0
"manyara/simanjiro/kitwai",0,0,0,0,0,0,0,0,0,0,0,0,0,0,0,0,0,0,0,0,0,0,0,0,0,0,0,0,0,0,0,0,0,0,0,0,0,0,0,0,0,0,0,0,0,0,0,0,0,0,0,0,0,0,0,0,0,0,0,0,0,0,0,0,0,0,0,0,0,0,0,0,0,0,0,0,0,0,0,0,0,0,0,0,0,0,0,0,0,0,0,0,0,0,0,0,0,0,0,0,0,0,0,0,0,0,0,0,0,0,0,0,0,0,0,0,0,0,0,0,0,0,0,0,0,0,0,0,0,0,0,0,0,0,0,0,0,0,0,0,0,0,0,0,0,0,0,0,0,0,0,0,0,0,0,0,0,0,0,0,0,0,0,0,0,0,0,0,0,0,0,0,0,0,0,0,0,0,0,0,0,0,0,0,0,0,0,0,0,0,0,0,0,0,0,0,0,0,0,0,0,0,0,0,0,0,0,0,0,0,0,0,0,0,0,0,0,0,0,0,0,0,0,0,0,0,0,0,0,0,0,0,0,0,0,0,0,0,0,0,0,0,0,0,0,0,0,0,0,0,0,0,0,0,0,0,0,0,0,0,0,0,0,0,0,0,0,0,0,0,0,0,0,0,0,0,0,0,0,0,0,0,0,0,0,0,0,0,0,0,0,0,0,0,0,0,0,0,0,0,0,0,0,0,0,0,0,0,0,0,0,0,0,0,0,0,0,0,0,0,0,0,0,0,0,0,0,0,0,0,0,0,0,0,0,0,0,0,0,0,0,0,0,0,0,0,0,0,0,0,0,0,0,0,0,0,0,0,0,0,0,0,0,0,0,0,0,0,0,0,0,0,0,0,0,0,0,0,0,0,0,0,0,0,0,0,0,0,0,0,0,0,0,0,0,0,0,0
"kilimanjaro/moshimunicipal/kiusa",2e-06,0,2e-06,0,0,0.000163,0,0,0,1e-06,0,0,1e-06,2e-05,0,0,0,0,0,0,0,6e-06,0,7.7e-05,0,7.7e-05,0,0,0,0,1.1e-05,0,0,0,0,0,2e-06,0,0,0,0,0,1e-06,0,0,0,0,0.000327,7e-06,0,0,0,0,0,0,0,1e-06,0,2e-06,4e-06,1e-06,1e-06,5e-06,0,0,1.1e-05,2e-06,0,0,1e-06,0,0,2e-06,0,0,1e-06,0,0,0,0,0,0,0,0,0,0,0.00106,0,0,9e-06,0,0,0.000577,1e-05,0,0,3.1e-05,0,0.000533,0.000113,0,0,2e-06,2e-06,0.000308,0.000108,0,0.001936,6e-06,1e-06,2.4e-05,0.000194,0,0,3e-06,2e-06,0.00021,0,0.006026,7e-05,3.2e-05,0.001565,1e-06,3e-06,0,1e-06,1e-06,0.000254,1.3e-05,6e-06,5e-06,1e-04,0.000133,0.00113,0,1e-05,0,0.000287,3.8e-05,0.00085,2.1e-05,0,3e-06,7.5e-05,2e-06,3.3e-05,0,0.000571,0.00045,0.000112,2e-06,0,2e-06,0,7e-06,4.5e-05,3e-06,0,0,0,1.3e-05,7e-06,6.6e-05,1e-06,0,0,1.5e-05,7e-06,1.7e-05,4e-06,0,4e-06,0.000247,3e-06,6e-06,1e-06,6e-06,0,0.002673,1e-06,0,0,6e-06,8.3e-05,0.001216,0.124649,1e-06,3e-06,0.001155,0.000192,0.000159,0,0,0,1e-06,0,2e-06,0,0.006287,0,8.6e-05,0,3e-06,1e-06,0.000197,6e-06,0.001381,2e-06,1e-06,4e-06,4e-06,0,0.000282,1e-06,0,1e-06,0,0.000881,2.9e-05,0.000161,0,0,0,3e-06,0.000639,9e-06,0.000705,1.2e-05,0,0,0,0,9e-06,2.1e-05,0,2.5e-05,1.6e-05,8e-06,0,2e-06,1e-05,0.000116,5.6e-05,0.000327,0,0.000103,0.000248,1.7e-05,0,1e-06,8.6e-05,2.6e-05,0,2.7e-05,4.4e-05,2e-06,2e-06,5e-06,3.8e-05,0,0,1.8e-05,0,0,1e-06,0,0,1.5e-05,0,0,1.5e-05,0.000149,1e-06,0,0.001214,6e-06,2e-06,4e-06,0,0,7e-06,0,0.000154,0,0,0,0,4e-06,0,1e-06,0,7e-06,0,0.000103,0.000433,1.8e-05,4.2e-05,0,1e-05,0,1e-06,0,0.000156,3e-06,0,2e-06,3e-06,1e-06,0,5e-06,1.3e-05,0,0,1.5e-05,0.000101,0,0,5.3e-05,0.000424,1.6e-05,2e-06,2.4e-05,4.3e-05,4.4e-05,0.000132,1e-06,1e-06,1e-06,0,5e-06,1e-05,3e-06,0.000125,3e-06,3e-06,0,0.000323,0,0.000111,0,0,5e-05,0,0,1.6e-05,1e-06,0,1.1e-05,1.8e-05,0,0,6.5e-05,1e-06,0.000109,1e-06,3e-06,1.2e-05,4e-06,3e-06,0.000875,0,0,0,0,0,8.3e-05,1.3e-05,3.7e-05,0,1.4e-05,0.000898,0,0,0,3e-06,4e-06,1e-06,0,3.9e-05,0,0,0,0.00071,0,0,2e-06,7e-06,0.002632,0.000242,6e-06,5.9e-05,2e-06,0,0,0,0,0,0
"kilimanjaro/mwanga/kivisini",0,0,0,0,0,0,0,0,0,0,0,0,0,0,0,0,0,0,0,0,0,0,0,0,0,0,0,0,0,0,0,0,0,0,0,0,0,0,0,0,0,0,0,0,0,0,0,0,0,0,0,0,0,0,0,0,0,0,0,0,0,0,0,0,0,0,0,0,0,0,0,0,0,0,0,0,0,0,0,0,0,0,0,0,0,0,0,0,0,0,0,0,0,0,0,0,0,0,0,0,0,0,0,0,0,0,0,0,0,0,0,0,0,0,0,0,0,0,0,0,0,0,0,0,0,0,0,0,0,0,0,0,0,0,0,0,0,0,0,0,0,0,0,0,0,0,0,0,0,0,0,0,0,0,0,0,0,0,0,0,0,0,0,0,0,0,0,0,0,0,0,0,0,0,0,0,0,0,0,0,0,0,0,0,0,0,0,0,0,0,0,0,0,0,0,0,0,0,0,0,0,0,0,0,0,0,0,0,0,0,0,0,0,0,0,0,0,0,0,0,0,0,0,0,0,0,0,0,0,0,0,0,0,0,0,0,0,0,0,0,0,0,0,0,0,0,0,0,0,0,0,0,0,0,0,0,0,0,0,0,0,0,0,0,0,0,0,0,0,0,0,0,0,0,0,0,0,0,0,0,0,0,0,0,0,0,0,0,0,0,0,0,0,0,0,0,0,0,0,0,0,0,0,0,0,0,0,0,0,0,0,0,0,0,0,0,0,0,0,0,0,0,0,0,0,0,0,0,0,0,0,0,0,0,0,0,0,0,0,0,0,0,0,0,0,0,0,0,0,0,0,0,0,0,0,0,0,0,0,0,0,0,0,0,0,0,0,0,0,0,0,0,0,0,0,0,0,0,0,0,0,0,0,0,0,0,0,0,0,0,0,0,0,0,0,0,0,0
"manyara/simanjiro/komolo",0.000322,1.2e-05,1.6e-05,7.5e-05,4e-06,0.001375,1e-06,2e-06,4e-06,0.001071,1.6e-05,2e-06,0.000203,0.003583,7.3e-05,5e-06,4e-06,1.7e-05,2e-06,8e-06,1.1e-05,0.000168,4e-06,2.1e-05,1.1e-05,6e-06,7e-06,4e-06,2e-06,1.7e-05,0.002502,1e-05,7e-06,1.4e-05,2e-05,6e-06,0.00034,0.000165,1.2e-05,8.7e-05,3e-06,2e-06,0.000362,9.9e-05,6.1e-05,4e-06,3.6e-05,0.071965,0.029559,7e-06,3e-06,4e-06,7e-06,3e-06,0.000128,2e-06,8.9e-05,2.2e-05,0.001225,0.001556,0.000193,0.000441,0.000505,2.9e-05,0,0.002816,0.000629,2e-06,0.000112,0.002212,4e-06,0,3.3e-05,5.5e-05,8e-06,0.000262,2.9e-05,1e-06,1e-06,2e-06,1e-06,1.6e-05,2e-06,3e-06,6e-06,2e-06,0.009479,2e-06,6.4e-05,0.002241,1e-06,2e-06,0.005137,0.001289,1.6e-05,0.000189,4e-04,7e-06,0.00376,0.000791,3e-06,3e-06,0.000334,0.00049,0.000108,0.002127,4e-06,0.000702,0.000247,7e-04,0.000279,0.001338,5.9e-05,1.2e-05,2.1e-05,1.6e-05,0.004073,8e-06,0.003574,0.000275,0.000159,0.005259,2e-05,7.8e-05,8e-06,0.000143,0.000414,0.018715,0.00179,1.9e-05,1.6e-05,0.00065,0.001461,0.000155,6e-06,0.001901,8.5e-05,0.000402,0.00285,0.001081,0.000668,9e-06,0.000596,9.6e-05,2.5e-05,0.001095,8e-06,0.001529,0.001124,0.000383,1.4e-05,2.5e-05,2e-05,2.3e-05,0.000609,0.015825,5.2e-05,4.5e-05,0.000107,0.05418,0.000202,0,1e-05,5.3e-05,2e-06,2e-06,0.000396,0.000279,0.004258,0.000145,0.000126,0.002582,0.052089,0.000881,9.2e-05,0.003418,0.01533,9e-06,0.001079,0.000268,5e-06,1.5e-05,0.001344,0.00021,0.006055,0.136496,1e-05,2.1e-05,0.003426,0.001006,0.000355,3.1e-05,8.5e-05,3e-06,0.001009,1.5e-05,1.7e-05,6e-06,0.001267,4e-06,0.005977,0.00039,0.00086,3.8e-05,0.00124,0.000154,0.009635,0.002204,0.00017,2.1e-05,1.9e-05,3.8e-05,0.002579,7e-06,2e-06,0.000143,2e-06,0.009511,0.000116,0.000731,3e-06,3.6e-05,2e-06,2.5e-05,0.0047,9.1e-05,0.005183,6.8e-05,1.2e-05,2e-06,1e-06,3e-06,0.001157,0.008297,4.6e-05,2e-06,2.5e-05,0.002171,0.000249,1.3e-05,0.001205,0.065904,1e-05,0.027286,9e-06,2e-05,7e-05,0.003574,3e-06,0.000523,0.016691,0.008033,2.9e-05,0.005754,0.000534,0.000334,1.7e-05,0.000109,1.6e-05,1.2e-05,8e-06,0.000808,1e-05,1e-05,0.000833,2.8e-05,4e-06,0.004365,4e-06,0.000221,0.003283,0.003341,1.7e-05,1.4e-05,0.007711,3.8e-05,0.000359,0.009717,5e-06,4.3e-05,0.000445,4e-06,0.01075,1e-05,1.1e-05,1.1e-05,1e-06,3.6e-05,5e-06,2e-05,9.8e-05,0.000162,2.7e-05,0.022218,0.000273,0.000365,0.003946,9.2e-05,0.001203,0.000115,6e-06,7e-06,1.9e-05,0.000267,1.5e-05,0.003187,0.00041,5.1e-05,3.1e-05,2e-05,0.005391,7.5e-05,3.4e-05,1.6e-05,0.00016,3e-06,9e-06,0.006858,0.003568,0.014977,0.003706,0.004045,0.00068,0.001284,0.034713,0.000181,0.000235,0.000159,1.9e-05,0.001064,0.001698,0.000587,0.014523,0.000549,0.003027,1.5e-05,0.000103,3e-05,0.013076,5.1e-05,4e-06,1.6e-05,5e-06,6e-06,0.002912,0.000264,5.4e-05,0.001452,0.001853,7.2e-05,2e-06,0.001299,0.000163,0.021929,0.000755,0.001341,0.010588,1e-04,2.6e-05,3e-04,5e-06,2e-06,5e-06,2e-06,1.3e-05,0.013728,0.004712,0.009431,1.3e-05,0.001212,0.000111,5e-06,1.4e-05,2.9e-05,2.8e-05,0.001454,0.010943,3.7e-05,0.002608,2e-06,7e-06,3e-06,0.006832,2.4e-05,2e-06,4e-04,1.9e-05,0.002474,0.000414,1.3e-05,0.006439,1.3e-05,1.3e-05,2.2e-05,5e-06,4e-06,3e-06,2e-06
"kilimanjaro/moshimunicipal/korongoni",0,0,0,0,0,0,0,0,0,0,0,0,0,0,0,0,0,0,0,0,0,0,0,0,0,0,0,0,0,0,0,0,0,0,0,0,0,0,0,0,0,0,0,0,0,0,0,0,0,0,0,0,0,0,0,0,0,0,0,0,0,0,0,0,0,0,0,0,0,0,0,0,0,0,0,0,0,0,0,0,0,0,0,0,0,0,0,0,0,0,0,0,0,0,0,0,0,0,0,0,0,0,0,0,0,0,0,0,0,0,0,0,0,0,0,0,0,0,0,0,0,0,0,0,0,0,0,0,0,0,0,0,0,0,0,0,0,0,0,0,0,0,0,0,0,0,0,0,0,0,0,0,0,0,0,0,0,0,0,0,0,0,0,0,0,0,0,0,0,0,0,0,0,0,0,0,0,0,0,0,0,0,0,0,0,0,0,0,0,0,0,0,0,0,0,0,0,0,0,0,0,0,0,0,0,0,0,0,0,0,0,0,0,0,0,0,0,0,0,0,0,0,0,0,0,0,0,0,0,0,0,0,0,0,0,0,0,0,0,0,0,0,0,0,0,0,0,0,0,0,0,0,0,0,0,0,0,0,0,0,0,0,0,0,0,0,0,0,0,0,0,0,0,0,0,0,0,0,0,0,0,0,0,0,0,0,0,0,0,0,0,0,0,0,0,0,0,0,0,0,0,0,0,0,0,0,0,0,0,0,0,0,0,0,0,0,0,0,0,0,0,0,0,0,0,0,0,0,0,0,0,0,0,0,0,0,0,0,0,0,0,0,0,0,0,0,0,0,0,0,0,0,0,0,0,0,0,0,0,0,0,0,0,0,0,0,0,0,0,0,0,0,0,0,0,0,0,0,0,0,0,0,0,0,0,0,0,0,0,0,0,0,0,0,0,0,0,0
"kilimanjaro/mwanga/kwakoa",0,0,0,0,0,0,0,0,0,0,0,0,0,0,0,0,0,0,0,0,0,0,0,0,0,0,0,0,0,0,0,0,0,0,0,0,0,0,0,0,0,0,0,0,0,0,0,0,0,0,0,0,0,0,0,0,0,0,0,0,0,0,0,0,0,0,0,0,0,0,0,0,0,0,0,0,0,0,0,0,0,0,0,0,0,0,0,0,0,0,0,0,0,0,0,0,0,0,0,0,0,0,0,0,0,0,0,0,0,0,0,0,0,0,0,0,0,0,0,0,0,0,0,0,0,0,0,0,0,0,0,0,0,0,0,0,0,0,0,0,0,0,0,0,0,0,0,0,0,0,0,0,0,0,0,0,0,0,0,0,0,0,0,0,0,0,0,0,0,0,0,0,0,0,0,0,0,0,0,0,0,0,0,0,0,0,0,0,0,0,0,0,0,0,0,0,0,0,0,0,0,0,0,0,0,0,0,0,0,0,0,0,0,0,0,0,0,0,0,0,0,0,0,0,0,0,0,0,0,0,0,0,0,0,0,0,0,0,0,0,0,0,0,0,0,0,0,0,0,0,0,0,0,0,0,0,0,0,0,0,0,0,0,0,0,0,0,0,0,0,0,0,0,0,0,0,0,0,0,0,0,0,0,0,0,0,0,0,0,0,0,0,0,0,0,0,0,0,0,0,0,0,0,0,0,0,0,0,0,0,0,0,0,0,0,0,0,0,0,0,0,0,0,0,0,0,0,0,0,0,0,0,0,0,0,0,0,0,0,0,0,0,0,0,0,0,0,0,0,0,0,0,0,0,0,0,0,0,0,0,0,0,0,0,0,0,0,0,0,0,0,0,0,0,0,0,0,0,0,0,0,0,0,0,0,0,0,0,0,0,0,0,0,0,0,0,0,0
"manyara/hanang/laghanga",1.4e-05,7e-06,2e-06,5.7e-05,1.6e-05,7.7e-05,3e-06,3e-06,1e-05,0.001549,3.5e-05,7.9e-05,1.1e-05,0.000162,0.000382,1e-05,2.9e-05,0.000208,0.000227,0.002477,2e-06,1.2e-05,9e-06,2e-06,2e-06,0,1.5e-05,4e-06,1e-06,3e-06,5.5e-05,7e-06,1e-06,1e-06,2.3e-05,9.8e-05,1.6e-05,0.001078,2.2e-05,5e-05,3e-05,3.2e-05,0.000209,0.000874,4.3e-05,1.5e-05,7e-06,0.003761,0.000618,9e-06,9e-06,6e-06,4e-06,4.9e-05,0.001137,1.8e-05,2e-06,6e-06,7.3e-05,0.002381,5.2e-05,0.000136,7.1e-05,1.7e-05,0,0.000106,5.2e-05,2.2e-05,3.5e-05,0.000598,3e-06,1.2e-05,3e-06,7.6e-05,0.001806,9.2e-05,1e-05,6.3e-05,0.000206,8.1e-05,8e-06,6.9e-05,2.6e-05,3.4e-05,0.000118,6e-06,0.000541,6.5e-05,0.002552,0.000341,1.4e-05,0.000181,0.000562,8.1e-05,4e-06,0.000451,3.3e-05,1e-06,0.000253,6.3e-05,6e-06,7e-06,6.4e-05,2.4e-05,8e-06,0.000331,5e-06,5e-05,1.9e-05,0.000456,2.3e-05,0.000163,0.001948,1e-06,2e-06,2e-06,0.000191,4e-06,0.000285,2.6e-05,1.4e-05,0.000502,2e-06,7e-06,1e-06,2.6e-05,0.00014,0.00089,5.9e-05,2e-06,2e-06,6e-05,0.000122,1.2e-05,1e-06,8.8e-05,5e-06,3.4e-05,0.000626,8.1e-05,3.6e-05,1e-06,3.1e-05,8e-06,3e-06,9.9e-05,2e-05,0.000126,0.000105,3.5e-05,2e-06,1e-06,3e-06,2e-06,1e-04,0.000944,8e-06,1e-05,1.4e-05,0.004115,1.8e-05,0.00035,1e-06,5e-06,0,6.2e-05,2.4e-05,1.8e-05,0.000174,1e-05,5e-05,0.000347,0.002615,4.8e-05,8e-06,0.000136,0.000751,2e-06,8.2e-05,7.2e-05,1e-06,1e-05,0.000193,1.4e-05,0.000518,0.009871,1e-06,2e-06,0.000261,7.8e-05,2.1e-05,0.000183,7.2e-05,8.3e-05,0.000499,9e-06,2e-06,8e-06,9.6e-05,2e-06,0.000292,5.2e-05,0.000103,1e-06,0.000145,1e-05,0.000926,0.000326,0.00012,2e-06,2e-06,1e-05,0.000304,1e-06,4e-06,2.6e-05,3e-06,0.001353,1.2e-05,7.5e-05,7.1e-05,1e-06,1.7e-05,2e-06,0.000307,7e-06,0.00044,4e-06,3.3e-05,2.3e-05,1.1e-05,1.5e-05,0.000423,0.000348,3.3e-05,0,2e-06,5.4e-05,9.5e-05,2e-06,3.2e-05,0.003503,1e-06,0.00231,1e-06,2e-06,5e-06,0.000127,0.000141,1.6e-05,0.000856,0.000974,2e-06,0.000231,7.2e-05,5.2e-05,2e-06,9e-06,1e-06,2e-06,1e-06,3.5e-05,2e-06,2e-06,0.000332,7e-06,1.3e-05,3e-04,4e-06,8.2e-05,0.000252,0.000242,2e-06,2e-06,0.000809,4e-06,6e-05,0.000143,7e-06,2.1e-05,1.3e-05,2e-06,0.00249,2.6e-05,5e-06,1.4e-05,2.1e-05,5e-06,5.9e-05,2e-06,2e-05,1.9e-05,5e-06,0.000669,2.1e-05,3.7e-05,0.000302,4e-06,5e-05,0.000113,1e-06,1e-06,1e-06,2.2e-05,6e-06,0.00109,2e-05,3e-06,2e-06,2e-06,0.000254,6.7e-05,2e-05,1e-06,1.4e-05,3e-06,5e-06,0.000615,0.000467,0.000348,4e-05,0.000309,4.1e-05,0.000191,0.002136,0.000131,0.000156,7e-06,1.5e-05,5.9e-05,8.9e-05,3.7e-05,0.002595,0.000342,0.000162,6e-06,7e-06,1.4e-05,0.000609,1.7e-05,3e-06,1e-06,3e-06,2.3e-05,0.000224,4.5e-05,3.2e-05,1e-04,0.000164,4.4e-05,3e-06,0.000101,8e-06,0.001064,0.000167,0.00011,0.000127,8e-06,3e-06,2.1e-05,1.2e-05,1.9e-05,1e-05,1e-05,1e-05,0.000695,0.000197,0.000439,9e-06,7.1e-05,8e-06,0,2e-06,1.4e-05,4e-06,4.6e-05,4.6e-05,2e-06,0.000385,7e-06,1e-06,1.7e-05,0.000943,0.000703,3e-06,1.9e-05,2e-06,0.000201,3.7e-05,1e-06,0.000272,1e-06,2e-06,3e-06,1e-06,1e-06,1.5e-05,1.3e-05
"manyara/hanang/lalaji",0,0,0,0,0,0,0,0,0,0,0,0,0,0,0,0,0,0,0,0,0,0,0,0,0,0,0,0,0,0,0,0,0,0,0,0,0,0,0,0,0,0,0,0,0,0,0,0,0,0,0,0,0,0,0,0,0,0,0,0,0,0,0,0,0,0,0,0,0,0,0,0,0,0,0,0,0,0,0,0,0,0,0,0,0,0,0,0,0,0,0,0,0,0,0,0,0,0,0,0,0,0,0,0,0,0,0,0,0,0,0,0,0,0,0,0,0,0,0,0,0,0,0,0,0,0,0,0,0,0,0,0,0,0,0,0,0,0,0,0,0,0,0,0,0,0,0,0,0,0,0,0,0,0,0,0,0,0,0,0,0,0,0,0,0,0,0,0,0,0,0,0,0,0,0,0,0,0,0,0,0,0,0,0,0,0,0,0,0,0,0,0,0,0,0,0,0,0,0,0,0,0,0,0,0,0,0,0,0,0,0,0,0,0,0,0,0,0,0,0,0,0,0,0,0,0,0,0,0,0,0,0,0,0,0,0,0,0,0,0,0,0,0,0,0,0,0,0,0,0,0,0,0,0,0,0,0,0,0,0,0,0,0,0,0,0,0,0,0,0,0,0,0,0,0,0,0,0,0,0,0,0,0,0,0,0,0,0,0,0,0,0,0,0,0,0,0,0,0,0,0,0,0,0,0,0,0,0,0,0,0,0,0,0,0,0,0,0,0,0,0,0,0,0,0,0,0,0,0,0,0,0,0,0,0,0,0,0,0,0,0,0,0,0,0,0,0,0,0,0,0,0,0,0,0,0,0,0,0,0,0,0,0,0,0,0,0,0,0,0,0,0,0,0,0,0,0,0,0,0,0,0,0,0,0,0,0,0,0,0,0,0,0,0,0,0,0,0
"kilimanjaro/mwanga/langata",0,0,0,0,0,0,0,0,0,0,0,0,0,0,0,0,0,0,0,0,0,0,0,0,0,0,0,0,0,0,0,0,0,0,0,0,0,0,0,0,0,0,0,0,0,0,0,0,0,0,0,0,0,0,0,0,0,0,0,0,0,0,0,0,0,0,0,0,0,0,0,0,0,0,0,0,0,0,0,0,0,0,0,0,0,0,0,0,0,0,0,0,0,0,0,0,0,0,0,0,0,0,0,0,0,0,0,0,0,0,0,0,0,0,0,0,0,0,0,0,0,0,0,0,0,0,0,0,0,0,0,0,0,0,0,0,0,0,0,0,0,0,0,0,0,0,0,0,0,0,0,0,0,0,0,0,0,0,0,0,0,0,0,0,0,0,0,0,0,0,0,0,0,0,0,0,0,0,0,0,0,0,0,0,0,0,0,0,0,0,0,0,0,0,0,0,0,0,0,0,0,0,0,0,0,0,0,0,0,0,0,0,0,0,0,0,0,0,0,0,0,0,0,0,0,0,0,0,0,0,0,0,0,0,0,0,0,0,0,0,0,0,0,0,0,0,0,0,0,0,0,0,0,0,0,0,0,0,0,0,0,0,0,0,0,0,0,0,0,0,0,0,0,0,0,0,0,0,0,0,0,0,0,0,0,0,0,0,0,0,0,0,0,0,0,0,0,0,0,0,0,0,0,0,0,0,0,0,0,0,0,0,0,0,0,0,0,0,0,0,0,0,0,0,0,0,0,0,0,0,0,0,0,0,0,0,0,0,0,0,0,0,0,0,0,0,0,0,0,0,0,0,0,0,0,0,0,0,0,0,0,0,0,0,0,0,0,0,0,0,0,0,0,0,0,0,0,0,0,0,0,0,0,0,0,0,0,0,0,0,0,0,0,0,0,0,0,0
"arusha/meru/leguruki",0,0,0,0,0,0,0,0,0,0,0,0,0,0,0,0,0,0,0,0,0,0,0,0,0,0,0,0,0,0,0,0,0,0,0,0,0,0,0,0,0,0,0,0,0,0,0,0,0,0,0,0,0,0,0,0,0,0,0,0,0,0,0,0,0,0,0,0,0,0,0,0,0,0,0,0,0,0,0,0,0,0,0,0,0,0,0,0,0,0,0,0,0,0,0,0,0,0,0,0,0,0,0,0,0,0,0,0,0,0,0,0,0,0,0,0,0,0,0,0,0,0,0,0,0,0,0,0,0,0,0,0,0,0,0,0,0,0,0,0,0,0,0,0,0,0,0,0,0,0,0,0,0,0,0,0,0,0,0,0,0,0,0,0,0,0,0,0,0,0,0,0,0,0,0,0,0,0,0,0,0,0,0,0,0,0,0,0,0,0,0,0,0,0,0,0,0,0,0,0,0,0,0,0,0,0,0,0,0,0,0,0,0,0,0,0,0,0,0,0,0,0,0,0,0,0,0,0,0,0,0,0,0,0,0,0,0,0,0,0,0,0,0,0,0,0,0,0,0,0,0,0,0,0,0,0,0,0,0,0,0,0,0,0,0,0,0,0,0,0,0,0,0,0,0,0,0,0,0,0,0,0,0,0,0,0,0,0,0,0,0,0,0,0,0,0,0,0,0,0,0,0,0,0,0,0,0,0,0,0,0,0,0,0,0,0,0,0,0,0,0,0,0,0,0,0,0,0,0,0,0,0,0,0,0,0,0,0,0,0,0,0,0,0,0,0,0,0,0,0,0,0,0,0,0,0,0,0,0,0,0,0,0,0,0,0,0,0,0,0,0,0,0,0,0,0,0,0,0,0,0,0,0,0,0,0,0,0,0,0,0,0,0,0,0,0,0,0
"arusha/arushaurban/lemara",5.4e-05,0,0,0,0,9e-06,0,0,0,2e-06,0,0,3.5e-05,0.001388,0,0,0,0,0,0,0,3e-06,0,0,0,0,0,0,0,0,1e-04,0,0,0,0,0,0.000264,0,0,1e-06,0,0,1e-06,0,0,0,1e-06,0.025173,2.4e-05,0,0,0,0,0,0,0,1e-06,0,2e-06,6e-06,2e-06,4e-06,1.4e-05,0,0,0.002805,2.4e-05,0,1e-06,2e-06,0,0,1e-06,0,0,2e-06,0,0,0,0,0,0,0,0,0,0,0.000141,0,0,4e-06,0,0,3.6e-05,0.000139,0,1e-06,8e-06,0,2.5e-05,5e-06,0,0,1e-06,0.000204,1e-06,2.9e-05,0,8e-06,8e-06,3e-06,5e-06,1.3e-05,0,6e-06,0,0,6e-05,0,3.4e-05,3e-06,1e-06,6.3e-05,0,0,0,0,1e-06,0.000445,7.8e-05,0,0,4e-06,9e-06,2e-06,0,0.000935,1.5e-05,4e-06,4.8e-05,1.3e-05,1.8e-05,0,0.000174,1e-06,0,5e-06,0,1.2e-05,1e-05,3e-06,0,0,0,0,2e-06,0.000947,0,1e-06,0,0.000567,1e-06,1.9e-05,0,0,0,0,2e-06,1e-05,0,1e-06,0,2.3e-05,0.023749,2e-06,2e-06,1e-06,2.8e-05,0,1.2e-05,1e-06,0,0,3e-06,2e-06,8.8e-05,0.002732,0,0,4.6e-05,1.5e-05,4e-06,0,0,0,2e-06,0,0,0,1.3e-05,0,0.000294,0,1e-06,1e-06,1.1e-05,4e-06,6.8e-05,1.2e-05,1e-06,0,0,0,1.9e-05,0,0,0,0,8.1e-05,1e-06,6e-06,0,1e-06,0,0,7.5e-05,2e-06,8.4e-05,1e-06,0,0,0,0,1.3e-05,0.000908,0,0,0,2.6e-05,2e-06,0,1.2e-05,0.000992,0,6.9e-05,0,0,1e-06,0.000633,0,1.3e-05,0.005397,0.00017,1e-06,0.003437,7e-06,1e-06,0,1e-06,0,0,0,3e-06,0,0,4e-06,0,0,0.000266,0,1e-06,0.000215,1.6e-05,0,0,5.9e-05,0,1e-06,4e-06,0,0,3e-06,0,0.00017,0,0,0,0,0,0,0,0,3e-06,0,0.001316,3e-06,8e-06,0.000136,3.7e-05,3e-06,1e-06,0,0,0,1e-06,0,8e-06,8.4e-05,4e-06,4e-06,0,0.000802,0,0,0,2e-06,0,0,0.000235,3.4e-05,3e-04,1.4e-05,0.000299,1.4e-05,2.2e-05,0.003647,1e-06,1e-06,0.000126,0,0.000203,0.000406,6.5e-05,0.000221,4e-06,3e-06,0,1e-06,0,0.001394,0,0,0,0,0,6e-06,1e-06,0,0.000133,5e-06,1e-06,0,3.1e-05,2.1e-05,0.010484,6e-06,2.6e-05,1.8e-05,0,0,3e-06,0,0,0,0,0,0.003581,0.004918,0.004655,0,9.1e-05,1e-06,0,0,0,0,0.000211,3e-06,4.1e-05,4e-05,0,0,0,6.6e-05,0,0,0.000227,0,2.7e-05,4e-06,0,0.000466,0,0,0,0,0,0,0
"kilimanjaro/mwanga/lembeni",3e-06,0,3e-06,1e-06,0,0.000246,0,0,0,5e-06,0,0,2e-06,3.2e-05,1e-06,0,0,0,0,0,1e-06,4e-06,0,3e-06,2e-06,1e-06,0,0,0,2e-06,2.2e-05,0,1e-06,4.7e-05,0,0,3e-06,1e-06,0,2e-06,0,0,4e-06,1e-06,1e-06,0,0,0.00057,2.7e-05,0,0,0,0,0,1e-06,0,1e-06,0,2.9e-05,1.3e-05,3e-06,3e-06,7e-06,0,0,1.9e-05,4e-06,0,1e-06,4e-06,0,0,1e-06,0,0,3e-06,0,0,0,0,0,0,0,0,0,0,0.000453,0,0,0.000133,0,0,0.001468,1.4e-05,0,1e-06,1.6e-05,7e-06,0.001142,0.000292,0,0,3.5e-05,4e-06,1.4e-05,0.00011,0,6.7e-05,6e-06,4e-06,1.2e-05,0.000157,0,0,3e-06,3e-06,0.000152,0,0.000462,2.2e-05,8e-06,0.000454,3e-05,0.000206,1e-05,1.3e-05,5e-06,0.000261,1.9e-05,3e-06,3e-06,0.000111,0.000829,1.6e-05,2.2e-05,1.6e-05,1e-06,5.9e-05,6.3e-05,8.8e-05,1.7e-05,1e-06,5e-06,8e-06,3e-06,0.002524,0,0.000313,0.00017,7.6e-05,2e-06,3.5e-05,3e-06,6e-06,0.000126,9.2e-05,4e-06,0,2e-06,0.006222,0.000159,3.3e-05,1e-06,9.5e-05,0,0,0.000401,6e-06,3e-05,0,1e-06,9e-06,0.000422,5.4e-05,4e-06,4e-06,1.9e-05,0,0.000107,5e-06,1e-06,0,9.5e-05,3.5e-05,0.000376,0.018078,1e-06,1e-06,0.000231,5.8e-05,3.3e-05,0,0,0,2e-06,0,4e-06,0,0.00015,0,9.8e-05,2e-06,6.3e-05,1e-06,0.000187,5e-06,0.003,6e-06,2e-06,4e-06,4e-06,0,0.000605,1e-06,0,1.9e-05,0,0.001333,1.8e-05,0.000134,0,1e-06,0,1e-06,0.00023,4e-06,0.000275,5e-06,0,0,0,0,2.1e-05,4.3e-05,1e-06,0,3e-06,1.5e-05,1e-06,3e-06,2e-05,0.000311,1e-06,0.029592,2e-06,2e-06,9e-06,2.9e-05,0,2e-06,0.000142,5e-05,0,4.6e-05,3.5e-05,3.9e-05,3e-06,0.000159,2e-06,2e-06,1e-06,8.8e-05,0,1e-06,4e-06,0,0,2.9e-05,0,1e-06,2.7e-05,0.005883,1.7e-05,2e-06,0.001811,7e-06,3.8e-05,3.3e-05,0,0,1.8e-05,0,0.000257,0,0,0,0,4e-06,0,1e-06,1e-06,6e-06,3e-06,0.000181,3.7e-05,1.3e-05,4.8e-05,1e-06,0.000232,1e-06,1e-06,4.7e-05,2e-06,0.000156,0,8e-06,4e-06,1e-06,0,1e-06,2.4e-05,1e-06,0,3e-06,2.1e-05,0,0,7.1e-05,0.000435,3.8e-05,6e-06,3.9e-05,2.4e-05,4.7e-05,0.000218,2e-06,3e-06,1e-06,0,8e-06,1.6e-05,5e-06,0.000195,1e-05,3.5e-05,0,1.2e-05,0,0.000154,0,0,2e-06,0,0,0.000352,1.2e-05,1e-06,1.6e-05,0.000685,1e-06,0,4.3e-05,2e-06,0.000182,4e-06,6e-06,4.5e-05,0.000266,4e-06,3.1e-05,0,0,0,0,0,0.000129,2.3e-05,6.7e-05,0,1.7e-05,1.2e-05,1e-06,2e-06,0,2e-06,8e-06,3e-06,0,4.7e-05,0,5e-06,0,0.000758,0,0,3e-06,2e-06,0.000242,4.7e-05,1e-06,8e-05,2e-06,2e-06,3e-06,2e-06,0,0,0
"manyara/kiteto/lengatei",0,0,0,0,0,0,0,0,0,0,0,0,0,0,0,0,0,0,0,0,0,0,0,0,0,0,0,0,0,0,0,0,0,0,0,0,0,0,0,0,0,0,0,0,0,0,0,0,0,0,0,0,0,0,0,0,0,0,0,0,0,0,0,0,0,0,0,0,0,0,0,0,0,0,0,0,0,0,0,0,0,0,0,0,0,0,0,0,0,0,0,0,0,0,0,0,0,0,0,0,0,0,0,0,0,0,0,0,0,0,0,0,0,0,0,0,0,0,0,0,0,0,0,0,0,0,0,0,0,0,0,0,0,0,0,0,0,0,0,0,0,0,0,0,0,0,0,0,0,0,0,0,0,0,0,0,0,0,0,0,0,0,0,0,0,0,0,0,0,0,0,0,0,0,0,0,0,0,0,0,0,0,0,0,0,0,0,0,0,0,0,0,0,0,0,0,0,0,0,0,0,0,0,0,0,0,0,0,0,0,0,0,0,0,0,0,0,0,0,0,0,0,0,0,0,0,0,0,0,0,0,0,0,0,0,0,0,0,0,0,0,0,0,0,0,0,0,0,0,0,0,0,0,0,0,0,0,0,0,0,0,0,0,0,0,0,0,0,0,0,0,0,0,0,0,0,0,0,0,0,0,0,0,0,0,0,0,0,0,0,0,0,0,0,0,0,0,0,0,0,0,0,0,0,0,0,0,0,0,0,0,0,0,0,0,0,0,0,0,0,0,0,0,0,0,0,0,0,0,0,0,0,0,0,0,0,0,0,0,0,0,0,0,0,0,0,0,0,0,0,0,0,0,0,0,0,0,0,0,0,0,0,0,0,0,0,0,0,0,0,0,0,0,0,0,0,0,0,0,0,0,0,0,0,0,0,0,0,0,0,0,0,0,0,0,0,0,0
"arusha/monduli/lepurko",1.3e-05,3e-06,0,8e-06,0,1.8e-05,0,0,0,3.5e-05,1e-06,0,1.1e-05,0.000166,5e-06,0,0,1e-06,0,0,0,6e-06,0,0,0,0,0,1e-06,0,0,3.7e-05,0,0,0,3e-06,0,1.9e-05,7e-06,1e-06,8e-06,0,0,6e-06,5e-06,1e-06,0,1.3e-05,0.005127,0.000186,1e-06,0,1e-06,1e-06,0,4e-06,0,1e-06,0,7e-06,0.000165,2.1e-05,0.000164,7.1e-05,0,0,0.000113,0.000205,0,4.6e-05,3.5e-05,1e-06,0,1e-06,5e-06,0,4.1e-05,6e-06,0,0,0,0,0,0,0,0,0,0.000193,0,3e-06,2.6e-05,0,0,9.4e-05,8.8e-05,5e-06,1.5e-05,1.3e-05,0,5.2e-05,1.2e-05,0,0,5e-06,3e-05,2e-06,8.4e-05,0,1.4e-05,1.1e-05,0.000169,9e-06,3.3e-05,2e-06,1e-06,0,0,7.3e-05,0,6.8e-05,7e-06,4e-06,0.00013,0,1e-06,0,2e-06,5e-06,0.000487,3.8e-05,0,0,1.2e-05,2.1e-05,3e-06,0,9.7e-05,6e-06,8e-06,0.00026,2.3e-05,1.8e-05,0,4.1e-05,2e-06,1e-06,1.4e-05,0,2.6e-05,2.3e-05,7e-06,0,0,0,0,9e-06,0.002436,1e-06,9e-06,1e-06,0.001058,3e-06,9.7e-05,0,1e-06,0,0,4e-06,1.1e-05,0.000199,2e-06,2e-06,0,0.003309,5e-06,3e-06,1.3e-05,0.000512,1e-06,2.2e-05,3e-06,0,1e-06,1.4e-05,3e-06,0.00016,0.002912,0,1e-06,8e-05,2.6e-05,6e-06,1e-06,9e-06,0,4e-05,0,0,0,2.4e-05,2e-06,0.000186,3e-06,9e-06,1e-06,2.8e-05,5e-06,0.000166,0.001791,2.3e-05,0,0,1e-06,5.1e-05,0,0,2e-06,0,0.000231,2e-06,1.5e-05,0,1e-06,0,1e-06,0.000109,3e-06,0.000147,1e-06,1e-06,0,0,0,0.000134,0.000568,1e-06,0,1e-06,2.8e-05,0.000113,0,1.3e-05,0.008893,0,0.000293,0,0,1e-06,0.00011,0,2.2e-05,0.001052,0.002705,1e-05,0.000233,1.8e-05,4e-06,0,1e-06,0,0,0,8e-06,2e-06,0,0.000325,4e-06,0,0.000773,0,1.2e-05,0.000514,4e-05,0,0,0.000146,1e-06,5e-06,2.2e-05,0,1.3e-05,4e-06,1e-06,0.000902,1e-06,0,0,0,1e-06,0,1e-06,1e-06,7e-06,0,0.000485,5e-06,1.5e-05,0.000228,6e-06,8e-06,1.9e-05,0,0,0,3e-06,0,0.000331,1.9e-05,2e-06,1e-06,1e-06,0.000399,1.1e-05,0,0,3e-06,1e-06,1e-06,0.000579,8.9e-05,0.000343,2.7e-05,0.000477,1.7e-05,6.4e-05,0.003034,1.5e-05,2.1e-05,8e-06,1e-06,8.7e-05,0.000103,6.3e-05,0.001579,4.5e-05,1.5e-05,0,2e-06,4e-06,0.000488,1e-06,1e-06,0,1e-06,0,2.3e-05,3e-06,6e-06,0.00012,1.8e-05,7e-06,0,4.5e-05,7e-06,0.001258,0.000917,0.000951,4.2e-05,1e-06,1e-06,6e-06,0,0,0,0,1e-06,0.000749,0.000242,0.000588,0,5.6e-05,2e-06,0,0,0,1e-06,5e-05,1.9e-05,2e-06,0.000179,0,0,0,0.000179,1e-06,0,2.4e-05,0,5.2e-05,9e-06,0,0.000194,0,0,0,0,0,0,0
"arusha/arushaurban/levolosi",0.000216,1e-06,1e-06,2e-06,0,4e-05,0,0,0,1.1e-05,0,0,0.000251,0.006129,1e-06,0,0,0,0,0,0,1.4e-05,0,1e-06,0,0,0,0,0,0,0.000293,0,0,0,0,0,0.002786,1e-06,0,3e-06,0,0,3e-06,1e-06,0,0,4e-06,0.42464,9.9e-05,0,0,0,0,0,1e-06,0,3e-06,0,7e-06,3e-05,1.1e-05,2.1e-05,8.5e-05,0,0,0.002525,0.000142,0,4e-06,9e-06,0,0,4e-06,1e-06,0,1.2e-05,2e-06,0,0,0,0,0,0,0,0,0,0.000613,0,1e-06,1.8e-05,0,0,0.000162,0.001092,1e-06,3e-06,3.7e-05,0,0.000107,2.3e-05,0,0,5e-06,0.011463,4e-06,0.000144,0,3.3e-05,4.3e-05,1.5e-05,2.5e-05,6.1e-05,1e-06,0.000306,1e-06,1e-06,0.000252,0,0.000153,1.6e-05,7e-06,0.000291,0,2e-06,0,2e-06,3e-06,0.00188,0.000259,1e-06,1e-06,1.6e-05,3.8e-05,7e-06,0,0.006008,0.000195,1.6e-05,0.000258,5.8e-05,8e-05,0,0.004937,5e-06,1e-06,2.1e-05,0,5.4e-05,4.6e-05,1.4e-05,1e-06,0,1e-06,0,9e-06,0.005509,2e-06,3e-06,1e-06,0.002501,5e-06,7.3e-05,0,1e-06,0,0,8e-06,5.2e-05,0.007319,2e-06,1e-06,0.000119,0,6e-06,9e-06,6e-06,0.000117,1e-06,5.2e-05,2e-06,0,1e-06,1.4e-05,7e-06,0.000409,0.011915,1e-06,1e-06,0.00021,7e-05,1.5e-05,0,1e-06,0,7e-06,0,1e-06,0,5.5e-05,0,0.001289,2e-06,6e-06,3e-06,5e-05,1.9e-05,0.000301,5.8e-05,6e-06,1e-06,1e-06,0,8.6e-05,0,0,2e-06,0,0.000375,5e-06,2.8e-05,0,4e-06,0,2e-06,0.000336,8e-06,0.000393,3e-06,0,0,0,0,7e-05,0.003665,0,0,1e-06,8.9e-05,8e-06,0,4.5e-05,0.004347,0,0.000293,0,1e-06,3e-06,0.001501,0,4.7e-05,0.119553,0.001032,6e-06,0.006151,3.3e-05,4e-06,1e-06,2e-06,1e-06,0,0,1.2e-05,0,0,2e-05,2e-06,0,0.00177,0,3e-06,0.001598,7e-05,0,0,0.000264,1e-06,4e-06,1.8e-05,0,2e-06,1e-05,0,0.000903,0,0,0,0,2e-06,0,2e-06,1e-06,1.6e-05,0,0.003734,1.1e-05,3.8e-05,0.000791,0.00309,1.3e-05,4e-06,0,0,1e-06,3e-06,0,3.8e-05,0.000444,1.9e-05,2.5e-05,1e-06,0.004805,2e-06,0,1e-06,7e-06,0,0,0.001499,0.000156,0.000893,4.7e-05,0.002355,6.2e-05,0.000114,0.040565,4e-06,6e-06,0.00043,1e-06,0.002775,0.004781,0.000609,0.001233,2e-05,1e-05,0,4e-06,1e-06,0.006025,0,0,1e-06,0,0,2.7e-05,3e-06,2e-06,0.001082,2.3e-05,3e-06,0,0.00015,9.7e-05,0.166777,3.3e-05,0.000131,6.5e-05,2e-06,1e-06,1.3e-05,0,0,0,0,0,0.029443,0.006661,0.041783,0,0.000503,5e-06,0,0,0,1e-06,0.000454,1.3e-05,0.000125,0.000214,0,0,0,0.000308,0,0,0.00663,1e-06,0.000123,1.9e-05,1e-06,0.001799,1e-06,0,0,0,0,0,0
"manyara/simanjiro/liborsoit",0,0,0,0,0,0,0,0,0,0,0,0,0,0,0,0,0,0,0,0,0,0,0,0,0,0,0,0,0,0,0,0,0,0,0,0,0,0,0,0,0,0,0,0,0,0,0,0,0,0,0,0,0,0,0,0,0,0,0,0,0,0,0,0,0,0,0,0,0,0,0,0,0,0,0,0,0,0,0,0,0,0,0,0,0,0,0,0,0,0,0,0,0,0,0,0,0,0,0,0,0,0,0,0,0,0,0,0,0,0,0,0,0,0,0,0,0,0,0,0,0,0,0,0,0,0,0,0,0,0,0,0,0,0,0,0,0,0,0,0,0,0,0,0,0,0,0,0,0,0,0,0,0,0,0,0,0,0,0,0,0,0,0,0,0,0,0,0,0,0,0,0,0,0,0,0,0,0,0,0,0,0,0,0,0,0,0,0,0,0,0,0,0,0,0,0,0,0,0,0,0,0,0,0,0,0,0,0,0,0,0,0,0,0,0,0,0,0,0,0,0,0,0,0,0,0,0,0,0,0,0,0,0,0,0,0,0,0,0,0,0,0,0,0,0,0,0,0,0,0,0,0,0,0,0,0,0,0,0,0,0,0,0,0,0,0,0,0,0,0,0,0,0,0,0,0,0,0,0,0,0,0,0,0,0,0,0,0,0,0,0,0,0,0,0,0,0,0,0,0,0,0,0,0,0,0,0,0,0,0,0,0,0,0,0,0,0,0,0,0,0,0,0,0,0,0,0,0,0,0,0,0,0,0,0,0,0,0,0,0,0,0,0,0,0,0,0,0,0,0,0,0,0,0,0,0,0,0,0,0,0,0,0,0,0,0,0,0,0,0,0,0,0,0,0,0,0,0,0,0,0,0,0,0,0,0,0,0,0,0,0,0,0,0,0,0,0,0
"kilimanjaro/siha/livishi",0,0,0,0,0,0,0,0,0,0,0,0,0,0,0,0,0,0,0,0,0,0,0,0,0,0,0,0,0,0,0,0,0,0,0,0,0,0,0,0,0,0,0,0,0,0,0,0,0,0,0,0,0,0,0,0,0,0,0,0,0,0,0,0,0,0,0,0,0,0,0,0,0,0,0,0,0,0,0,0,0,0,0,0,0,0,0,0,0,0,0,0,0,0,0,0,0,0,0,0,0,0,0,0,0,0,0,0,0,0,0,0,0,0,0,0,0,0,0,0,0,0,0,0,0,0,0,0,0,0,0,0,0,0,0,0,0,0,0,0,0,0,0,0,0,0,0,0,0,0,0,0,0,0,0,0,0,0,0,0,0,0,0,0,0,0,0,0,0,0,0,0,0,0,0,0,0,0,0,0,0,0,0,0,0,0,0,0,0,0,0,0,0,0,0,0,0,0,0,0,0,0,0,0,0,0,0,0,0,0,0,0,0,0,0,0,0,0,0,0,0,0,0,0,0,0,0,0,0,0,0,0,0,0,0,0,0,0,0,0,0,0,0,0,0,0,0,0,0,0,0,0,0,0,0,0,0,0,0,0,0,0,0,0,0,0,0,0,0,0,0,0,0,0,0,0,0,0,0,0,0,0,0,0,0,0,0,0,0,0,0,0,0,0,0,0,0,0,0,0,0,0,0,0,0,0,0,0,0,0,0,0,0,0,0,0,0,0,0,0,0,0,0,0,0,0,0,0,0,0,0,0,0,0,0,0,0,0,0,0,0,0,0,0,0,0,0,0,0,0,0,0,0,0,0,0,0,0,0,0,0,0,0,0,0,0,0,0,0,0,0,0,0,0,0,0,0,0,0,0,0,0,0,0,0,0,0,0,0,0,0,0,0,0,0,0,0,0
"manyara/simanjiro/loiborsiret",0,0,0,0,0,0,0,0,0,0,0,0,0,0,0,0,0,0,0,0,0,0,0,0,0,0,0,0,0,0,0,0,0,0,0,0,0,0,0,0,0,0,0,0,0,0,0,0,0,0,0,0,0,0,0,0,0,0,0,0,0,0,0,0,0,0,0,0,0,0,0,0,0,0,0,0,0,0,0,0,0,0,0,0,0,0,0,0,0,0,0,0,0,0,0,0,0,0,0,0,0,0,0,0,0,0,0,0,0,0,0,0,0,0,0,0,0,0,0,0,0,0,0,0,0,0,0,0,0,0,0,0,0,0,0,0,0,0,0,0,0,0,0,0,0,0,0,0,0,0,0,0,0,0,0,0,0,0,0,0,0,0,0,0,0,0,0,0,0,0,0,0,0,0,0,0,0,0,0,0,0,0,0,0,0,0,0,0,0,0,0,0,0,0,0,0,0,0,0,0,0,0,0,0,0,0,0,0,0,0,0,0,0,0,0,0,0,0,0,0,0,0,0,0,0,0,0,0,0,0,0,0,0,0,0,0,0,0,0,0,0,0,0,0,0,0,0,0,0,0,0,0,0,0,0,0,0,0,0,0,0,0,0,0,0,0,0,0,0,0,0,0,0,0,0,0,0,0,0,0,0,0,0,0,0,0,0,0,0,0,0,0,0,0,0,0,0,0,0,0,0,0,0,0,0,0,0,0,0,0,0,0,0,0,0,0,0,0,0,0,0,0,0,0,0,0,0,0,0,0,0,0,0,0,0,0,0,0,0,0,0,0,0,0,0,0,0,0,0,0,0,0,0,0,0,0,0,0,0,0,0,0,0,0,0,0,0,0,0,0,0,0,0,0,0,0,0,0,0,0,0,0,0,0,0,0,0,0,0,0,0,0,0,0,0,0,0,0
"arusha/monduli/lolkisale",0,0,0,0,0,0,0,0,0,0,0,0,0,0,0,0,0,0,0,0,0,0,0,0,0,0,0,0,0,0,0,0,0,0,0,0,0,0,0,0,0,0,0,0,0,0,0,0,0,0,0,0,0,0,0,0,0,0,0,0,0,0,0,0,0,0,0,0,0,0,0,0,0,0,0,0,0,0,0,0,0,0,0,0,0,0,0,0,0,0,0,0,0,0,0,0,0,0,0,0,0,0,0,0,0,0,0,0,0,0,0,0,0,0,0,0,0,0,0,0,0,0,0,0,0,0,0,0,0,0,0,0,0,0,0,0,0,0,0,0,0,0,0,0,0,0,0,0,0,0,0,0,0,0,0,0,0,0,0,0,0,0,0,0,0,0,0,0,0,0,0,0,0,0,0,0,0,0,0,0,0,0,0,0,0,0,0,0,0,0,0,0,0,0,0,0,0,0,0,0,0,0,0,0,0,0,0,0,0,0,0,0,0,0,0,0,0,0,0,0,0,0,0,0,0,0,0,0,0,0,0,0,0,0,0,0,0,0,0,0,0,0,0,0,0,0,0,0,0,0,0,0,0,0,0,0,0,0,0,0,0,0,0,0,0,0,0,0,0,0,0,0,0,0,0,0,0,0,0,0,0,0,0,0,0,0,0,0,0,0,0,0,0,0,0,0,0,0,0,0,0,0,0,0,0,0,0,0,0,0,0,0,0,0,0,0,0,0,0,0,0,0,0,0,0,0,0,0,0,0,0,0,0,0,0,0,0,0,0,0,0,0,0,0,0,0,0,0,0,0,0,0,0,0,0,0,0,0,0,0,0,0,0,0,0,0,0,0,0,0,0,0,0,0,0,0,0,0,0,0,0,0,0,0,0,0,0,0,0,0,0,0,0,0,0,0,0,0
"arusha/longido/longido",0,0,0,0,0,0,0,0,0,0,0,0,0,0,0,0,0,0,0,0,0,0,0,0,0,0,0,0,0,0,0,0,0,0,0,0,0,0,0,0,0,0,0,0,0,0,0,0,0,0,0,0,0,0,0,0,0,0,0,0,0,0,0,0,0,0,0,0,0,0,0,0,0,0,0,0,0,0,0,0,0,0,0,0,0,0,0,0,0,0,0,0,0,0,0,0,0,0,0,0,0,0,0,0,0,0,0,0,0,0,0,0,0,0,0,0,0,0,0,0,0,0,0,0,0,0,0,0,0,0,0,0,0,0,0,0,0,0,0,0,0,0,0,0,0,0,0,0,0,0,0,0,0,0,0,0,0,0,0,0,0,0,0,0,0,0,0,0,0,0,0,0,0,0,0,0,0,0,0,0,0,0,0,0,0,0,0,0,0,0,0,0,0,0,0,0,0,0,0,0,0,0,0,0,0,0,0,0,0,0,0,0,0,0,0,0,0,0,0,0,0,0,0,0,0,0,0,0,0,0,0,0,0,0,0,0,0,0,0,0,0,0,0,0,0,0,0,0,0,0,0,0,0,0,0,0,0,0,0,0,0,0,0,0,0,0,0,0,0,0,0,0,0,0,0,0,0,0,0,0,0,0,0,0,0,0,0,0,0,0,0,0,0,0,0,0,0,0,0,0,0,0,0,0,0,0,0,0,0,0,0,0,0,0,0,0,0,0,0,0,0,0,0,0,0,0,0,0,0,0,0,0,0,0,0,0,0,0,0,0,0,0,0,0,0,0,0,0,0,0,0,0,0,0,0,0,0,0,0,0,0,0,0,0,0,0,0,0,0,0,0,0,0,0,0,0,0,0,0,0,0,0,0,0,0,0,0,0,0,0,0,0,0,0,0,0,0,0
"kilimanjaro/moshimunicipal/longuob",0,0,0,0,0,0,0,0,0,0,0,0,0,0,0,0,0,0,0,0,0,0,0,0,0,0,0,0,0,0,0,0,0,0,0,0,0,0,0,0,0,0,0,0,0,0,0,0,0,0,0,0,0,0,0,0,0,0,0,0,0,0,0,0,0,0,0,0,0,0,0,0,0,0,0,0,0,0,0,0,0,0,0,0,0,0,0,0,0,0,0,0,0,0,0,0,0,0,0,0,0,0,0,0,0,0,0,0,0,0,0,0,0,0,0,0,0,0,0,0,0,0,0,0,0,0,0,0,0,0,0,0,0,0,0,0,0,0,0,0,0,0,0,0,0,0,0,0,0,0,0,0,0,0,0,0,0,0,0,0,0,0,0,0,0,0,0,0,0,0,0,0,0,0,0,0,0,0,0,0,0,0,0,0,0,0,0,0,0,0,0,0,0,0,0,0,0,0,0,0,0,0,0,0,0,0,0,0,0,0,0,0,0,0,0,0,0,0,0,0,0,0,0,0,0,0,0,0,0,0,0,0,0,0,0,0,0,0,0,0,0,0,0,0,0,0,0,0,0,0,0,0,0,0,0,0,0,0,0,0,0,0,0,0,0,0,0,0,0,0,0,0,0,0,0,0,0,0,0,0,0,0,0,0,0,0,0,0,0,0,0,0,0,0,0,0,0,0,0,0,0,0,0,0,0,0,0,0,0,0,0,0,0,0,0,0,0,0,0,0,0,0,0,0,0,0,0,0,0,0,0,0,0,0,0,0,0,0,0,0,0,0,0,0,0,0,0,0,0,0,0,0,0,0,0,0,0,0,0,0,0,0,0,0,0,0,0,0,0,0,0,0,0,0,0,0,0,0,0,0,0,0,0,0,0,0,0,0,0,0,0,0,0,0,0,0,0,0
"manyara/kiteto/loolera",0,0,0,0,0,0,0,0,0,0,0,0,0,0,0,0,0,0,0,0,0,0,0,0,0,0,0,0,0,0,0,0,0,0,0,0,0,0,0,0,0,0,0,0,0,0,0,0,0,0,0,0,0,0,0,0,0,0,0,0,0,0,0,0,0,0,0,0,0,0,0,0,0,0,0,0,0,0,0,0,0,0,0,0,0,0,0,0,0,0,0,0,0,0,0,0,0,0,0,0,0,0,0,0,0,0,0,0,0,0,0,0,0,0,0,0,0,0,0,0,0,0,0,0,0,0,0,0,0,0,0,0,0,0,0,0,0,0,0,0,0,0,0,0,0,0,0,0,0,0,0,0,0,0,0,0,0,0,0,0,0,0,0,0,0,0,0,0,0,0,0,0,0,0,0,0,0,0,0,0,0,0,0,0,0,0,0,0,0,0,0,0,0,0,0,0,0,0,0,0,0,0,0,0,0,0,0,0,0,0,0,0,0,0,0,0,0,0,0,0,0,0,0,0,0,0,0,0,0,0,0,0,0,0,0,0,0,0,0,0,0,0,0,0,0,0,0,0,0,0,0,0,0,0,0,0,0,0,0,0,0,0,0,0,0,0,0,0,0,0,0,0,0,0,0,0,0,0,0,0,0,0,0,0,0,0,0,0,0,0,0,0,0,0,0,0,0,0,0,0,0,0,0,0,0,0,0,0,0,0,0,0,0,0,0,0,0,0,0,0,0,0,0,0,0,0,0,0,0,0,0,0,0,0,0,0,0,0,0,0,0,0,0,0,0,0,0,0,0,0,0,0,0,0,0,0,0,0,0,0,0,0,0,0,0,0,0,0,0,0,0,0,0,0,0,0,0,0,0,0,0,0,0,0,0,0,0,0,0,0,0,0,0,0,0,0,0,0
"kilimanjaro/same/lugulu",0,0,0,0,0,0,0,0,0,0,0,0,0,0,0,0,0,0,0,0,0,0,0,0,0,0,0,0,0,0,0,0,0,0,0,0,0,0,0,0,0,0,0,0,0,0,0,0,0,0,0,0,0,0,0,0,0,0,0,0,0,0,0,0,0,0,0,0,0,0,0,0,0,0,0,0,0,0,0,0,0,0,0,0,0,0,0,0,0,0,0,0,0,0,0,0,0,0,0,0,0,0,0,0,0,0,0,0,0,0,0,0,0,0,0,0,0,0,0,0,0,0,0,0,0,0,0,0,0,0,0,0,0,0,0,0,0,0,0,0,0,0,0,0,0,0,0,0,0,0,0,0,0,0,0,0,0,0,0,0,0,0,0,0,0,0,0,0,0,0,0,0,0,0,0,0,0,0,0,0,0,0,0,0,0,0,0,0,0,0,0,0,0,0,0,0,0,0,0,0,0,0,0,0,0,0,0,0,0,0,0,0,0,0,0,0,0,0,0,0,0,0,0,0,0,0,0,0,0,0,0,0,0,0,0,0,0,0,0,0,0,0,0,0,0,0,0,0,0,0,0,0,0,0,0,0,0,0,0,0,0,0,0,0,0,0,0,0,0,0,0,0,0,0,0,0,0,0,0,0,0,0,0,0,0,0,0,0,0,0,0,0,0,0,0,0,0,0,0,0,0,0,0,0,0,0,0,0,0,0,0,0,0,0,0,0,0,0,0,0,0,0,0,0,0,0,0,0,0,0,0,0,0,0,0,0,0,0,0,0,0,0,0,0,0,0,0,0,0,0,0,0,0,0,0,0,0,0,0,0,0,0,0,0,0,0,0,0,0,0,0,0,0,0,0,0,0,0,0,0,0,0,0,0,0,0,0,0,0,0,0,0,0,0,0,0,0,0
"arusha/ngorongoro/maalon",0,0,0,0,0,0,0,0,0,0,0,0,0,0,0,0,0,0,0,0,0,0,0,0,0,0,0,0,0,0,0,0,0,0,0,0,0,0,0,0,0,0,0,0,0,0,0,0,0,0,0,0,0,0,0,0,0,0,0,0,0,0,0,0,0,0,0,0,0,0,0,0,0,0,0,0,0,0,0,0,0,0,0,0,0,0,0,0,0,0,0,0,0,0,0,0,0,0,0,0,0,0,0,0,0,0,0,0,0,0,0,0,0,0,0,0,0,0,0,0,0,0,0,0,0,0,0,0,0,0,0,0,0,0,0,0,0,0,0,0,0,0,0,0,0,0,0,0,0,0,0,0,0,0,0,0,0,0,0,0,0,0,0,0,0,0,0,0,0,0,0,0,0,0,0,0,0,0,0,0,0,0,0,0,0,0,0,0,0,0,0,0,0,0,0,0,0,0,0,0,0,0,0,0,0,0,0,0,0,0,0,0,0,0,0,0,0,0,0,0,0,0,0,0,0,0,0,0,0,0,0,0,0,0,0,0,0,0,0,0,0,0,0,0,0,0,0,0,0,0,0,0,0,0,0,0,0,0,0,0,0,0,0,0,0,0,0,0,0,0,0,0,0,0,0,0,0,0,0,0,0,0,0,0,0,0,0,0,0,0,0,0,0,0,0,0,0,0,0,0,0,0,0,0,0,0,0,0,0,0,0,0,0,0,0,0,0,0,0,0,0,0,0,0,0,0,0,0,0,0,0,0,0,0,0,0,0,0,0,0,0,0,0,0,0,0,0,0,0,0,0,0,0,0,0,0,0,0,0,0,0,0,0,0,0,0,0,0,0,0,0,0,0,0,0,0,0,0,0,0,0,0,0,0,0,0,0,0,0,0,0,0,0,0,0,0,0,0
"kilimanjaro/same/mabilioni",0,0,0,0,0,0,0,0,0,0,0,0,0,0,0,0,0,0,0,0,0,0,0,0,0,0,0,0,0,0,0,0,0,0,0,0,0,0,0,0,0,0,0,0,0,0,0,0,0,0,0,0,0,0,0,0,0,0,0,0,0,0,0,0,0,0,0,0,0,0,0,0,0,0,0,0,0,0,0,0,0,0,0,0,0,0,0,0,0,0,0,0,0,0,0,0,0,0,0,0,0,0,0,0,0,0,0,0,0,0,0,0,0,0,0,0,0,0,0,0,0,0,0,0,0,0,0,0,0,0,0,0,0,0,0,0,0,0,0,0,0,0,0,0,0,0,0,0,0,0,0,0,0,0,0,0,0,0,0,0,0,0,0,0,0,0,0,0,0,0,0,0,0,0,0,0,0,0,0,0,0,0,0,0,0,0,0,0,0,0,0,0,0,0,0,0,0,0,0,0,0,0,0,0,0,0,0,0,0,0,0,0,0,0,0,0,0,0,0,0,0,0,0,0,0,0,0,0,0,0,0,0,0,0,0,0,0,0,0,0,0,0,0,0,0,0,0,0,0,0,0,0,0,0,0,0,0,0,0,0,0,0,0,0,0,0,0,0,0,0,0,0,0,0,0,0,0,0,0,0,0,0,0,0,0,0,0,0,0,0,0,0,0,0,0,0,0,0,0,0,0,0,0,0,0,0,0,0,0,0,0,0,0,0,0,0,0,0,0,0,0,0,0,0,0,0,0,0,0,0,0,0,0,0,0,0,0,0,0,0,0,0,0,0,0,0,0,0,0,0,0,0,0,0,0,0,0,0,0,0,0,0,0,0,0,0,0,0,0,0,0,0,0,0,0,0,0,0,0,0,0,0,0,0,0,0,0,0,0,0,0,0,0,0,0,0,0,0
"kilimanjaro/moshi/mabogini",0,0,0,0,0,0,0,0,0,0,0,0,0,0,0,0,0,0,0,0,0,0,0,0,0,0,0,0,0,0,0,0,0,0,0,0,0,0,0,0,0,0,0,0,0,0,0,0,0,0,0,0,0,0,0,0,0,0,0,0,0,0,0,0,0,0,0,0,0,0,0,0,0,0,0,0,0,0,0,0,0,0,0,0,0,0,0,0,0,0,0,0,0,0,0,0,0,0,0,0,0,0,0,0,0,0,0,0,0,0,0,0,0,0,0,0,0,0,0,0,0,0,0,0,0,0,0,0,0,0,0,0,0,0,0,0,0,0,0,0,0,0,0,0,0,0,0,0,0,0,0,0,0,0,0,0,0,0,0,0,0,0,0,0,0,0,0,0,0,0,0,0,0,0,0,0,0,0,0,0,0,0,0,0,0,0,0,0,0,0,0,0,0,0,0,0,0,0,0,0,0,0,0,0,0,0,0,0,0,0,0,0,0,0,0,0,0,0,0,0,0,0,0,0,0,0,0,0,0,0,0,0,0,0,0,0,0,0,0,0,0,0,0,0,0,0,0,0,0,0,0,0,0,0,0,0,0,0,0,0,0,0,0,0,0,0,0,0,0,0,0,0,0,0,0,0,0,0,0,0,0,0,0,0,0,0,0,0,0,0,0,0,0,0,0,0,0,0,0,0,0,0,0,0,0,0,0,0,0,0,0,0,0,0,0,0,0,0,0,0,0,0,0,0,0,0,0,0,0,0,0,0,0,0,0,0,0,0,0,0,0,0,0,0,0,0,0,0,0,0,0,0,0,0,0,0,0,0,0,0,0,0,0,0,0,0,0,0,0,0,0,0,0,0,0,0,0,0,0,0,0,0,0,0,0,0,0,0,0,0,0,0,0,0,0,0,0,0
"kilimanjaro/hai/machamekaskazini",0,0,0,0,0,0,0,0,0,0,0,0,0,0,0,0,0,0,0,0,0,0,0,0,0,0,0,0,0,0,0,0,0,0,0,0,0,0,0,0,0,0,0,0,0,0,0,0,0,0,0,0,0,0,0,0,0,0,0,0,0,0,0,0,0,0,0,0,0,0,0,0,0,0,0,0,0,0,0,0,0,0,0,0,0,0,0,0,0,0,0,0,0,0,0,0,0,0,0,0,0,0,0,0,0,0,0,0,0,0,0,0,0,0,0,0,0,0,0,0,0,0,0,0,0,0,0,0,0,0,0,0,0,0,0,0,0,0,0,0,0,0,0,0,0,0,0,0,0,0,0,0,0,0,0,0,0,0,0,0,0,0,0,0,0,0,0,0,0,0,0,0,0,0,0,0,0,0,0,0,0,0,0,0,0,0,0,0,0,0,0,0,0,0,0,0,0,0,0,0,0,0,0,0,0,0,0,0,0,0,0,0,0,0,0,0,0,0,0,0,0,0,0,0,0,0,0,0,0,0,0,0,0,0,0,0,0,0,0,0,0,0,0,0,0,0,0,0,0,0,0,0,0,0,0,0,0,0,0,0,0,0,0,0,0,0,0,0,0,0,0,0,0,0,0,0,0,0,0,0,0,0,0,0,0,0,0,0,0,0,0,0,0,0,0,0,0,0,0,0,0,0,0,0,0,0,0,0,0,0,0,0,0,0,0,0,0,0,0,0,0,0,0,0,0,0,0,0,0,0,0,0,0,0,0,0,0,0,0,0,0,0,0,0,0,0,0,0,0,0,0,0,0,0,0,0,0,0,0,0,0,0,0,0,0,0,0,0,0,0,0,0,0,0,0,0,0,0,0,0,0,0,0,0,0,0,0,0,0,0,0,0,0,0,0,0,0,0
"kilimanjaro/hai/machamekusini",0.008066,0.00013,0.003572,0.000481,1.4e-05,0.285175,6e-06,8e-06,1.2e-05,0.003183,5.1e-05,9e-06,0.005058,0.067335,0.000498,2.4e-05,1e-05,3.9e-05,7e-06,2.5e-05,0.000161,0.016403,1.2e-05,0.030084,0.000205,0.010367,2.2e-05,2.1e-05,9e-06,0.000261,0.016355,5.3e-05,0.000122,0.000808,6.8e-05,1.5e-05,0.005292,0.000343,3e-05,0.001382,1.4e-05,5e-06,0.001324,0.000248,0.000183,1.3e-05,0.000533,0.60201,0.020962,2.2e-05,8e-06,3.1e-05,3.7e-05,1.6e-05,0.000265,6e-06,0.002448,4e-05,0.006354,0.007123,0.002773,0.002628,0.014309,0.000173,1e-06,0.037467,0.006544,1e-05,0.000568,0.001978,2.8e-05,2e-06,0.005623,0.000238,2.4e-05,0.002468,0.000423,6e-06,8e-06,1e-05,4e-06,2.9e-05,1.1e-05,1.3e-05,2.6e-05,6e-06,0.961523,1e-05,0.000211,0.015011,5e-06,7e-06,0.539003,0.034417,0.00024,0.000894,0.110582,0.000569,0.533193,0.154409,1.3e-05,2.1e-05,0.005821,0.00819,0.121995,0.229608,2.1e-05,0.789267,0.023344,0.002281,0.086402,0.274137,0.000147,0.000198,0.005629,0.0034,0.591814,3.8e-05,0.871591,0.139318,0.059906,0.856274,0.001523,0.005293,0.000471,0.002208,0.001285,0.4842,0.046288,0.007742,0.005957,0.089268,0.193411,0.248481,0.000307,0.034076,0.001617,0.213061,0.10358,0.832383,0.087305,0.000132,0.009741,0.139506,0.00457,0.065022,1.5e-05,0.429899,0.374777,0.125013,0.003361,0.000898,0.003445,0.000491,0.015614,0.13625,0.004545,0.000449,0.000528,0.999801,0.022844,0.016245,0.018792,0.00251,5e-06,1e-05,0.030986,0.025284,0.057668,0.007713,0.000427,0.008371,0.519411,0.007847,0.022604,0.00162,0.012692,0.000335,0.772448,0.001637,8.8e-05,0.000202,0.015703,0.109219,0.901393,0,0.003151,0.009148,0.930212,0.506797,0.460327,0.000132,0.00018,1e-05,0.001291,9.6e-05,0.003384,1.7e-05,0.711462,2.5e-05,0.273843,0.000833,0.005972,0.002229,0.256492,0.026553,0.769192,0.005006,0.002034,0.00583,0.005341,3.7e-05,0.343459,0.001517,1.1e-05,0.002859,1.1e-05,0.703386,0.039282,0.191509,9e-06,0.00178,1e-05,0.012344,0.900803,0.037799,0.819666,0.067491,7e-05,7e-06,6e-06,9e-06,0.024362,0.068668,0.000244,0.002605,0.016807,0.020893,0.000998,0.00269,0.037948,0.144354,0.014808,0.372447,0.000196,0.025568,0.077322,0.059393,1.4e-05,0.00245,0.246742,0.057739,0.000296,0.090524,0.0969,0.00545,0.003656,0.009837,0.016415,0.000251,0.000168,0.033373,3.3e-05,0.000172,0.002511,0.000673,1.8e-05,0.048944,1e-05,0.000586,0.049649,0.243765,0.001543,0.000247,0.733676,0.009062,0.005734,0.008665,1.9e-05,0.000382,0.021335,4.8e-05,0.332667,4.5e-05,3.1e-05,1.5e-05,5e-06,0.008175,2.3e-05,0.004945,0.000348,0.022,0.00045,0.294365,0.206226,0.057874,0.099439,0.001445,0.025076,0.000927,0.001053,0.000382,0.027312,0.007052,6.3e-05,0.005162,0.009827,0.002106,0.000866,0.01117,0.030709,0.000373,0.000147,0.011707,0.09448,2e-05,7.2e-05,0.119177,0.484221,0.038938,0.006617,0.077647,0.18919,0.116553,0.263482,0.001282,0.001721,0.002708,0.000279,0.016468,0.033995,0.009229,0.227354,0.008431,0.006184,3.8e-05,0.144291,0.000469,0.318768,9.6e-05,2.3e-05,0.022294,3.1e-05,1.2e-05,0.037577,0.002515,0.000793,0.035837,0.041469,0.001084,8e-06,0.216021,0.004785,0.299942,0.003057,0.008676,0.027253,0.007432,0.005543,0.505421,1.6e-05,5e-06,1.6e-05,6e-06,0.000189,0.242538,0.030762,0.119116,8.3e-05,0.04984,0.211881,0.000103,0.000216,0.000102,0.00586,0.013118,0.001917,0.00059,0.079943,1e-05,0.000315,1.3e-05,0.653208,0.000124,7e-06,0.006082,0.010962,0.862228,0.238031,0.00798,0.193295,0.003512,0.000244,0.000434,0.00013,6.2e-05,1.4e-05,1.1e-05
"kilimanjaro/hai/machamemagharibi",0,0,0,0,0,0,0,0,0,0,0,0,0,0,0,0,0,0,0,0,0,0,0,0,0,0,0,0,0,0,0,0,0,0,0,0,0,0,0,0,0,0,0,0,0,0,0,0,0,0,0,0,0,0,0,0,0,0,0,0,0,0,0,0,0,0,0,0,0,0,0,0,0,0,0,0,0,0,0,0,0,0,0,0,0,0,0,0,0,0,0,0,0,0,0,0,0,0,0,0,0,0,0,0,0,0,0,0,0,0,0,0,0,0,0,0,0,0,0,0,0,0,0,0,0,0,0,0,0,0,0,0,0,0,0,0,0,0,0,0,0,0,0,0,0,0,0,0,0,0,0,0,0,0,0,0,0,0,0,0,0,0,0,0,0,0,0,0,0,0,0,0,0,0,0,0,0,0,0,0,0,0,0,0,0,0,0,0,0,0,0,0,0,0,0,0,0,0,0,0,0,0,0,0,0,0,0,0,0,0,0,0,0,0,0,0,0,0,0,0,0,0,0,0,0,0,0,0,0,0,0,0,0,0,0,0,0,0,0,0,0,0,0,0,0,0,0,0,0,0,0,0,0,0,0,0,0,0,0,0,0,0,0,0,0,0,0,0,0,0,0,0,0,0,0,0,0,0,0,0,0,0,0,0,0,0,0,0,0,0,0,0,0,0,0,0,0,0,0,0,0,0,0,0,0,0,0,0,0,0,0,0,0,0,0,0,0,0,0,0,0,0,0,0,0,0,0,0,0,0,0,0,0,0,0,0,0,0,0,0,0,0,0,0,0,0,0,0,0,0,0,0,0,0,0,0,0,0,0,0,0,0,0,0,0,0,0,0,0,0,0,0,0,0,0,0,0,0,0,0,0,0,0,0,0,0,0,0,0,0,0,0,0,0,0,0,0,0
"kilimanjaro/hai/machamemashariki",0,0,0,0,0,0,0,0,0,0,0,0,0,0,0,0,0,0,0,0,0,0,0,0,0,0,0,0,0,0,0,0,0,0,0,0,0,0,0,0,0,0,0,0,0,0,0,0,0,0,0,0,0,0,0,0,0,0,0,0,0,0,0,0,0,0,0,0,0,0,0,0,0,0,0,0,0,0,0,0,0,0,0,0,0,0,0,0,0,0,0,0,0,0,0,0,0,0,0,0,0,0,0,0,0,0,0,0,0,0,0,0,0,0,0,0,0,0,0,0,0,0,0,0,0,0,0,0,0,0,0,0,0,0,0,0,0,0,0,0,0,0,0,0,0,0,0,0,0,0,0,0,0,0,0,0,0,0,0,0,0,0,0,0,0,0,0,0,0,0,0,0,0,0,0,0,0,0,0,0,0,0,0,0,0,0,0,0,0,0,0,0,0,0,0,0,0,0,0,0,0,0,0,0,0,0,0,0,0,0,0,0,0,0,0,0,0,0,0,0,0,0,0,0,0,0,0,0,0,0,0,0,0,0,0,0,0,0,0,0,0,0,0,0,0,0,0,0,0,0,0,0,0,0,0,0,0,0,0,0,0,0,0,0,0,0,0,0,0,0,0,0,0,0,0,0,0,0,0,0,0,0,0,0,0,0,0,0,0,0,0,0,0,0,0,0,0,0,0,0,0,0,0,0,0,0,0,0,0,0,0,0,0,0,0,0,0,0,0,0,0,0,0,0,0,0,0,0,0,0,0,0,0,0,0,0,0,0,0,0,0,0,0,0,0,0,0,0,0,0,0,0,0,0,0,0,0,0,0,0,0,0,0,0,0,0,0,0,0,0,0,0,0,0,0,0,0,0,0,0,0,0,0,0,0,0,0,0,0,0,0,0,0,0,0,0,0,0
"kilimanjaro/hai/machamenarumu",0,0,0,0,0,0,0,0,0,0,0,0,0,0,0,0,0,0,0,0,0,0,0,0,0,0,0,0,0,0,0,0,0,0,0,0,0,0,0,0,0,0,0,0,0,0,0,0,0,0,0,0,0,0,0,0,0,0,0,0,0,0,0,0,0,0,0,0,0,0,0,0,0,0,0,0,0,0,0,0,0,0,0,0,0,0,0,0,0,0,0,0,0,0,0,0,0,0,0,0,0,0,0,0,0,0,0,0,0,0,0,0,0,0,0,0,0,0,0,0,0,0,0,0,0,0,0,0,0,0,0,0,0,0,0,0,0,0,0,0,0,0,0,0,0,0,0,0,0,0,0,0,0,0,0,0,0,0,0,0,0,0,0,0,0,0,0,0,0,0,0,0,0,0,0,0,0,0,0,0,0,0,0,0,0,0,0,0,0,0,0,0,0,0,0,0,0,0,0,0,0,0,0,0,0,0,0,0,0,0,0,0,0,0,0,0,0,0,0,0,0,0,0,0,0,0,0,0,0,0,0,0,0,0,0,0,0,0,0,0,0,0,0,0,0,0,0,0,0,0,0,0,0,0,0,0,0,0,0,0,0,0,0,0,0,0,0,0,0,0,0,0,0,0,0,0,0,0,0,0,0,0,0,0,0,0,0,0,0,0,0,0,0,0,0,0,0,0,0,0,0,0,0,0,0,0,0,0,0,0,0,0,0,0,0,0,0,0,0,0,0,0,0,0,0,0,0,0,0,0,0,0,0,0,0,0,0,0,0,0,0,0,0,0,0,0,0,0,0,0,0,0,0,0,0,0,0,0,0,0,0,0,0,0,0,0,0,0,0,0,0,0,0,0,0,0,0,0,0,0,0,0,0,0,0,0,0,0,0,0,0,0,0,0,0,0,0,0
"kilimanjaro/hai/machameuroki",0,0,0,0,0,0,0,0,0,0,0,0,0,0,0,0,0,0,0,0,0,0,0,0,0,0,0,0,0,0,0,0,0,0,0,0,0,0,0,0,0,0,0,0,0,0,0,0,0,0,0,0,0,0,0,0,0,0,0,0,0,0,0,0,0,0,0,0,0,0,0,0,0,0,0,0,0,0,0,0,0,0,0,0,0,0,0,0,0,0,0,0,0,0,0,0,0,0,0,0,0,0,0,0,0,0,0,0,0,0,0,0,0,0,0,0,0,0,0,0,0,0,0,0,0,0,0,0,0,0,0,0,0,0,0,0,0,0,0,0,0,0,0,0,0,0,0,0,0,0,0,0,0,0,0,0,0,0,0,0,0,0,0,0,0,0,0,0,0,0,0,0,0,0,0,0,0,0,0,0,0,0,0,0,0,0,0,0,0,0,0,0,0,0,0,0,0,0,0,0,0,0,0,0,0,0,0,0,0,0,0,0,0,0,0,0,0,0,0,0,0,0,0,0,0,0,0,0,0,0,0,0,0,0,0,0,0,0,0,0,0,0,0,0,0,0,0,0,0,0,0,0,0,0,0,0,0,0,0,0,0,0,0,0,0,0,0,0,0,0,0,0,0,0,0,0,0,0,0,0,0,0,0,0,0,0,0,0,0,0,0,0,0,0,0,0,0,0,0,0,0,0,0,0,0,0,0,0,0,0,0,0,0,0,0,0,0,0,0,0,0,0,0,0,0,0,0,0,0,0,0,0,0,0,0,0,0,0,0,0,0,0,0,0,0,0,0,0,0,0,0,0,0,0,0,0,0,0,0,0,0,0,0,0,0,0,0,0,0,0,0,0,0,0,0,0,0,0,0,0,0,0,0,0,0,0,0,0,0,0,0,0,0,0,0,0,0,0
"kilimanjaro/hai/machameweruweru",0,0,0,0,0,0,0,0,0,0,0,0,0,0,0,0,0,0,0,0,0,0,0,0,0,0,0,0,0,0,0,0,0,0,0,0,0,0,0,0,0,0,0,0,0,0,0,0,0,0,0,0,0,0,0,0,0,0,0,0,0,0,0,0,0,0,0,0,0,0,0,0,0,0,0,0,0,0,0,0,0,0,0,0,0,0,0,0,0,0,0,0,0,0,0,0,0,0,0,0,0,0,0,0,0,0,0,0,0,0,0,0,0,0,0,0,0,0,0,0,0,0,0,0,0,0,0,0,0,0,0,0,0,0,0,0,0,0,0,0,0,0,0,0,0,0,0,0,0,0,0,0,0,0,0,0,0,0,0,0,0,0,0,0,0,0,0,0,0,0,0,0,0,0,0,0,0,0,0,0,0,0,0,0,0,0,0,0,0,0,0,0,0,0,0,0,0,0,0,0,0,0,0,0,0,0,0,0,0,0,0,0,0,0,0,0,0,0,0,0,0,0,0,0,0,0,0,0,0,0,0,0,0,0,0,0,0,0,0,0,0,0,0,0,0,0,0,0,0,0,0,0,0,0,0,0,0,0,0,0,0,0,0,0,0,0,0,0,0,0,0,0,0,0,0,0,0,0,0,0,0,0,0,0,0,0,0,0,0,0,0,0,0,0,0,0,0,0,0,0,0,0,0,0,0,0,0,0,0,0,0,0,0,0,0,0,0,0,0,0,0,0,0,0,0,0,0,0,0,0,0,0,0,0,0,0,0,0,0,0,0,0,0,0,0,0,0,0,0,0,0,0,0,0,0,0,0,0,0,0,0,0,0,0,0,0,0,0,0,0,0,0,0,0,0,0,0,0,0,0,0,0,0,0,0,0,0,0,0,0,0,0,0,0,0,0,0,0
"manyara/babati/madunga",0,0,0,0,0,0,0,0,0,0,0,0,0,0,0,0,0,0,0,0,0,0,0,0,0,0,0,0,0,0,0,0,0,0,0,0,0,0,0,0,0,0,0,0,0,0,0,0,0,0,0,0,0,0,0,0,0,0,0,0,0,0,0,0,0,0,0,0,0,0,0,0,0,0,0,0,0,0,0,0,0,0,0,0,0,0,0,0,0,0,0,0,0,0,0,0,0,0,0,0,0,0,0,0,0,0,0,0,0,0,0,0,0,0,0,0,0,0,0,0,0,0,0,0,0,0,0,0,0,0,0,0,0,0,0,0,0,0,0,0,0,0,0,0,0,0,0,0,0,0,0,0,0,0,0,0,0,0,0,0,0,0,0,0,0,0,0,0,0,0,0,0,0,0,0,0,0,0,0,0,0,0,0,0,0,0,0,0,0,0,0,0,0,0,0,0,0,0,0,0,0,0,0,0,0,0,0,0,0,0,0,0,0,0,0,0,0,0,0,0,0,0,0,0,0,0,0,0,0,0,0,0,0,0,0,0,0,0,0,0,0,0,0,0,0,0,0,0,0,0,0,0,0,0,0,0,0,0,0,0,0,0,0,0,0,0,0,0,0,0,0,0,0,0,0,0,0,0,0,0,0,0,0,0,0,0,0,0,0,0,0,0,0,0,0,0,0,0,0,0,0,0,0,0,0,0,0,0,0,0,0,0,0,0,0,0,0,0,0,0,0,0,0,0,0,0,0,0,0,0,0,0,0,0,0,0,0,0,0,0,0,0,0,0,0,0,0,0,0,0,0,0,0,0,0,0,0,0,0,0,0,0,0,0,0,0,0,0,0,0,0,0,0,0,0,0,0,0,0,0,0,0,0,0,0,0,0,0,0,0,0,0,0,0,0,0,0,0
"manyara/babati/magara",0,0,0,0,0,0,0,0,0,0,0,0,0,0,0,0,0,0,0,0,0,0,0,0,0,0,0,0,0,0,0,0,0,0,0,0,0,0,0,0,0,0,0,0,0,0,0,0,0,0,0,0,0,0,0,0,0,0,0,0,0,0,0,0,0,0,0,0,0,0,0,0,0,0,0,0,0,0,0,0,0,0,0,0,0,0,0,0,0,0,0,0,0,0,0,0,0,0,0,0,0,0,0,0,0,0,0,0,0,0,0,0,0,0,0,0,0,0,0,0,0,0,0,0,0,0,0,0,0,0,0,0,0,0,0,0,0,0,0,0,0,0,0,0,0,0,0,0,0,0,0,0,0,0,0,0,0,0,0,0,0,0,0,0,0,0,0,0,0,0,0,0,0,0,0,0,0,0,0,0,0,0,0,0,0,0,0,0,0,0,0,0,0,0,0,0,0,0,0,0,0,0,0,0,0,0,0,0,0,0,0,0,0,0,0,0,0,0,0,0,0,0,0,0,0,0,0,0,0,0,0,0,0,0,0,0,0,0,0,0,0,0,0,0,0,0,0,0,0,0,0,0,0,0,0,0,0,0,0,0,0,0,0,0,0,0,0,0,0,0,0,0,0,0,0,0,0,0,0,0,0,0,0,0,0,0,0,0,0,0,0,0,0,0,0,0,0,0,0,0,0,0,0,0,0,0,0,0,0,0,0,0,0,0,0,0,0,0,0,0,0,0,0,0,0,0,0,0,0,0,0,0,0,0,0,0,0,0,0,0,0,0,0,0,0,0,0,0,0,0,0,0,0,0,0,0,0,0,0,0,0,0,0,0,0,0,0,0,0,0,0,0,0,0,0,0,0,0,0,0,0,0,0,0,0,0,0,0,0,0,0,0,0,0,0,0,0,0
"manyara/mbulu/maghang",0,0,0,0,0,0,0,0,0,0,0,0,0,0,0,0,0,0,0,0,0,0,0,0,0,0,0,0,0,0,0,0,0,0,0,0,0,0,0,0,0,0,0,0,0,0,0,0,0,0,0,0,0,0,0,0,0,0,0,0,0,0,0,0,0,0,0,0,0,0,0,0,0,0,0,0,0,0,0,0,0,0,0,0,0,0,0,0,0,0,0,0,0,0,0,0,0,0,0,0,0,0,0,0,0,0,0,0,0,0,0,0,0,0,0,0,0,0,0,0,0,0,0,0,0,0,0,0,0,0,0,0,0,0,0,0,0,0,0,0,0,0,0,0,0,0,0,0,0,0,0,0,0,0,0,0,0,0,0,0,0,0,0,0,0,0,0,0,0,0,0,0,0,0,0,0,0,0,0,0,0,0,0,0,0,0,0,0,0,0,0,0,0,0,0,0,0,0,0,0,0,0,0,0,0,0,0,0,0,0,0,0,0,0,0,0,0,0,0,0,0,0,0,0,0,0,0,0,0,0,0,0,0,0,0,0,0,0,0,0,0,0,0,0,0,0,0,0,0,0,0,0,0,0,0,0,0,0,0,0,0,0,0,0,0,0,0,0,0,0,0,0,0,0,0,0,0,0,0,0,0,0,0,0,0,0,0,0,0,0,0,0,0,0,0,0,0,0,0,0,0,0,0,0,0,0,0,0,0,0,0,0,0,0,0,0,0,0,0,0,0,0,0,0,0,0,0,0,0,0,0,0,0,0,0,0,0,0,0,0,0,0,0,0,0,0,0,0,0,0,0,0,0,0,0,0,0,0,0,0,0,0,0,0,0,0,0,0,0,0,0,0,0,0,0,0,0,0,0,0,0,0,0,0,0,0,0,0,0,0,0,0,0,0,0,0,0,0
"manyara/babati/magugu",0.000178,5.2e-05,1.2e-05,0.000253,0.00011,0.000596,3.9e-05,5.2e-05,8e-05,0.052635,0.000578,1.6e-05,0.000133,0.002124,0.000793,0.000122,6e-05,0.000319,2.7e-05,8.8e-05,1e-05,0.000106,6.8e-05,1.1e-05,9e-06,4e-06,0.000189,8.4e-05,3e-06,1.3e-05,0.000785,2.1e-05,5e-06,7e-06,0.000194,0.000112,0.000216,0.003992,0.000264,0.000231,4.1e-05,1.9e-05,0.000667,0.001959,0.000132,8.5e-05,7.7e-05,0.051081,0.022583,9.6e-05,9.1e-05,3.7e-05,7.2e-05,3.4e-05,0.002105,2.5e-05,2.5e-05,0.000546,0.000521,0.009304,0.000337,0.00136,0.000666,5.7e-05,0,0.001514,0.000818,1.7e-05,0.000865,0.028982,3.2e-05,5e-06,2.4e-05,0.001628,7.6e-05,0.000605,7.8e-05,1.5e-05,1.1e-05,1.7e-05,1.7e-05,0.000279,3.7e-05,2.2e-05,8.2e-05,4.8e-05,0.00467,2.3e-05,0.000662,0.00173,1.7e-05,1.7e-05,0.003457,0.000966,3.8e-05,0.004642,0.000265,4e-06,0.001821,0.00043,0.000102,1.9e-05,0.000306,0.000327,5.7e-05,0.002076,6.1e-05,0.000381,0.000175,0.005971,0.000185,0.001023,0.000689,8e-06,1.5e-05,1.1e-05,0.001771,1.4e-05,0.002042,0.000185,0.000101,0.003513,1.1e-05,4.3e-05,5e-06,0.000126,0.000572,0.00919,0.000718,1.3e-05,1e-05,0.000394,0.000803,8.6e-05,3e-06,0.001173,6.4e-05,0.000238,0.004162,0.000616,0.000346,7e-06,0.000422,5.6e-05,2.1e-05,0.000613,0.000351,0.000869,0.000707,0.000233,1e-05,1e-05,1.7e-05,1.3e-05,0.000503,0.01536,4.4e-05,8.8e-05,8e-05,0.030034,0.000117,0.006629,5e-06,3e-05,1.6e-05,1.4e-05,0.000172,0.000176,0.002472,7e-05,0.00019,0.007044,0.035298,0.000339,6.5e-05,0.00232,0.032488,1.2e-05,0.000609,0.000317,4e-06,4.5e-05,0.000999,0.000104,0.003886,0.074373,8e-06,1.4e-05,0.002011,0.000611,0.000171,0.000798,0.002234,4.2e-05,0,2.9e-05,1.2e-05,0.000366,0.000705,2.6e-05,0.003152,0.000452,0.000564,1.4e-05,0.000903,9.4e-05,0.005938,0.009236,0.000637,1.4e-05,1.3e-05,0.001679,0.001841,5e-06,1.7e-05,0.000127,4.4e-05,0.007882,7.7e-05,0.000482,4.7e-05,1.5e-05,5.1e-05,1.6e-05,0.00256,5.6e-05,0.00338,3.1e-05,0.000195,2.4e-05,2.8e-05,6.3e-05,0.002458,0.005713,0.000104,1e-06,1.6e-05,0.000662,0.001239,1e-05,0.000351,0.086361,6e-06,0.014312,6e-06,1.1e-05,3.9e-05,0.001703,3.1e-05,0.000303,0.011403,0.012312,3.8e-05,0.003143,0.00046,0.000261,1.3e-05,6e-05,9e-06,8e-06,6e-06,0.000287,8.7e-05,8e-06,0.00606,5.1e-05,0.000143,0.004547,0.000274,0.022311,0.003402,0.001636,1e-05,9e-06,0.005098,2.6e-05,0.000297,0.001577,0.000189,0.000211,0.000129,1.5e-05,0.0157,0.000335,1.8e-05,0.000426,1.5e-05,2.9e-05,9.1e-05,1.3e-05,0.000116,0.00014,2.3e-05,0.008815,0.000154,0.000284,0.003021,6.2e-05,0.000392,0.000806,5e-06,3e-06,1.1e-05,0.000136,2.5e-05,0.07871,0.000246,2.9e-05,1.9e-05,1.3e-05,0.003858,0.000374,7.7e-05,9e-06,9.8e-05,2.5e-05,2.2e-05,0.006286,0.00284,0.00598,0.000767,0.003853,0.000367,0.001297,0.027761,0.000525,0.000669,9.5e-05,5.4e-05,0.000815,0.001155,0.000511,0.01981,0.001463,0.001235,2.6e-05,5.4e-05,8.2e-05,0.007213,0.000495,3.4e-05,9e-06,3.7e-05,0.000178,0.001409,0.000221,0.000155,0.001195,0.000992,0.000201,5e-05,0.000856,9.3e-05,0.014273,0.002633,0.002203,0.001589,5.3e-05,2e-05,0.000158,0.000187,3e-05,0.000187,1.7e-05,3.7e-05,0.008887,0.002855,0.006292,2.7e-05,0.00078,5.9e-05,3e-06,1e-05,4.9e-05,2.3e-05,0.000718,0.001089,2.2e-05,0.002852,4.8e-05,5e-06,6.8e-05,0.005664,0.000371,4.1e-05,0.000263,1.2e-05,0.001465,0.000259,9e-06,0.003192,9e-06,9e-06,1.7e-05,3e-06,4e-06,6.5e-05,2.5e-05
"manyara/kiteto/magungu",0,0,0,0,0,0,0,0,0,0,0,0,0,0,0,0,0,0,0,0,0,0,0,0,0,0,0,0,0,0,0,0,0,0,0,0,0,0,0,0,0,0,0,0,0,0,0,0,0,0,0,0,0,0,0,0,0,0,0,0,0,0,0,0,0,0,0,0,0,0,0,0,0,0,0,0,0,0,0,0,0,0,0,0,0,0,0,0,0,0,0,0,0,0,0,0,0,0,0,0,0,0,0,0,0,0,0,0,0,0,0,0,0,0,0,0,0,0,0,0,0,0,0,0,0,0,0,0,0,0,0,0,0,0,0,0,0,0,0,0,0,0,0,0,0,0,0,0,0,0,0,0,0,0,0,0,0,0,0,0,0,0,0,0,0,0,0,0,0,0,0,0,0,0,0,0,0,0,0,0,0,0,0,0,0,0,0,0,0,0,0,0,0,0,0,0,0,0,0,0,0,0,0,0,0,0,0,0,0,0,0,0,0,0,0,0,0,0,0,0,0,0,0,0,0,0,0,0,0,0,0,0,0,0,0,0,0,0,0,0,0,0,0,0,0,0,0,0,0,0,0,0,0,0,0,0,0,0,0,0,0,0,0,0,0,0,0,0,0,0,0,0,0,0,0,0,0,0,0,0,0,0,0,0,0,0,0,0,0,0,0,0,0,0,0,0,0,0,0,0,0,0,0,0,0,0,0,0,0,0,0,0,0,0,0,0,0,0,0,0,0,0,0,0,0,0,0,0,0,0,0,0,0,0,0,0,0,0,0,0,0,0,0,0,0,0,0,0,0,0,0,0,0,0,0,0,0,0,0,0,0,0,0,0,0,0,0,0,0,0,0,0,0,0,0,0,0,0,0,0,0,0,0,0,0,0,0,0,0,0,0,0,0,0,0,0,0,0
"kilimanjaro/rombo/mahida",0,0,0,0,0,0,0,0,0,0,0,0,0,0,0,0,0,0,0,0,0,0,0,0,0,0,0,0,0,0,0,0,0,0,0,0,0,0,0,0,0,0,0,0,0,0,0,0,0,0,0,0,0,0,0,0,0,0,0,0,0,0,0,0,0,0,0,0,0,0,0,0,0,0,0,0,0,0,0,0,0,0,0,0,0,0,0,0,0,0,0,0,0,0,0,0,0,0,0,0,0,0,0,0,0,0,0,0,0,0,0,0,0,0,0,0,0,0,0,0,0,0,0,0,0,0,0,0,0,0,0,0,0,0,0,0,0,0,0,0,0,0,0,0,0,0,0,0,0,0,0,0,0,0,0,0,0,0,0,0,0,0,0,0,0,0,0,0,0,0,0,0,0,0,0,0,0,0,0,0,0,0,0,0,0,0,0,0,0,0,0,0,0,0,0,0,0,0,0,0,0,0,0,0,0,0,0,0,0,0,0,0,0,0,0,0,0,0,0,0,0,0,0,0,0,0,0,0,0,0,0,0,0,0,0,0,0,0,0,0,0,0,0,0,0,0,0,0,0,0,0,0,0,0,0,0,0,0,0,0,0,0,0,0,0,0,0,0,0,0,0,0,0,0,0,0,0,0,0,0,0,0,0,0,0,0,0,0,0,0,0,0,0,0,0,0,0,0,0,0,0,0,0,0,0,0,0,0,0,0,0,0,0,0,0,0,0,0,0,0,0,0,0,0,0,0,0,0,0,0,0,0,0,0,0,0,0,0,0,0,0,0,0,0,0,0,0,0,0,0,0,0,0,0,0,0,0,0,0,0,0,0,0,0,0,0,0,0,0,0,0,0,0,0,0,0,0,0,0,0,0,0,0,0,0,0,0,0,0,0,0,0,0,0,0,0,0,0
"manyara/babatiurban/maisaka",0,0,0,0,0,0,0,0,0,0,0,0,0,0,0,0,0,0,0,0,0,0,0,0,0,0,0,0,0,0,0,0,0,0,0,0,0,0,0,0,0,0,0,0,0,0,0,0,0,0,0,0,0,0,0,0,0,0,0,0,0,0,0,0,0,0,0,0,0,0,0,0,0,0,0,0,0,0,0,0,0,0,0,0,0,0,0,0,0,0,0,0,0,0,0,0,0,0,0,0,0,0,0,0,0,0,0,0,0,0,0,0,0,0,0,0,0,0,0,0,0,0,0,0,0,0,0,0,0,0,0,0,0,0,0,0,0,0,0,0,0,0,0,0,0,0,0,0,0,0,0,0,0,0,0,0,0,0,0,0,0,0,0,0,0,0,0,0,0,0,0,0,0,0,0,0,0,0,0,0,0,0,0,0,0,0,0,0,0,0,0,0,0,0,0,0,0,0,0,0,0,0,0,0,0,0,0,0,0,0,0,0,0,0,0,0,0,0,0,0,0,0,0,0,0,0,0,0,0,0,0,0,0,0,0,0,0,0,0,0,0,0,0,0,0,0,0,0,0,0,0,0,0,0,0,0,0,0,0,0,0,0,0,0,0,0,0,0,0,0,0,0,0,0,0,0,0,0,0,0,0,0,0,0,0,0,0,0,0,0,0,0,0,0,0,0,0,0,0,0,0,0,0,0,0,0,0,0,0,0,0,0,0,0,0,0,0,0,0,0,0,0,0,0,0,0,0,0,0,0,0,0,0,0,0,0,0,0,0,0,0,0,0,0,0,0,0,0,0,0,0,0,0,0,0,0,0,0,0,0,0,0,0,0,0,0,0,0,0,0,0,0,0,0,0,0,0,0,0,0,0,0,0,0,0,0,0,0,0,0,0,0,0,0,0,0,0,0
"kilimanjaro/moshimunicipal/majengo",0,0,0,0,0,0,0,0,0,0,0,0,0,0,0,0,0,0,0,0,0,0,0,0,0,0,0,0,0,0,0,0,0,0,0,0,0,0,0,0,0,0,0,0,0,0,0,0,0,0,0,0,0,0,0,0,0,0,0,0,0,0,0,0,0,0,0,0,0,0,0,0,0,0,0,0,0,0,0,0,0,0,0,0,0,0,0,0,0,0,0,0,0,0,0,0,0,0,0,0,0,0,0,0,0,0,0,0,0,0,0,0,0,0,0,0,0,0,0,0,0,0,0,0,0,0,0,0,0,0,0,0,0,0,0,0,0,0,0,0,0,0,0,0,0,0,0,0,0,0,0,0,0,0,0,0,0,0,0,0,0,0,0,0,0,0,0,0,0,0,0,0,0,0,0,0,0,0,0,0,0,0,0,0,0,0,0,0,0,0,0,0,0,0,0,0,0,0,0,0,0,0,0,0,0,0,0,0,0,0,0,0,0,0,0,0,0,0,0,0,0,0,0,0,0,0,0,0,0,0,0,0,0,0,0,0,0,0,0,0,0,0,0,0,0,0,0,0,0,0,0,0,0,0,0,0,0,0,0,0,0,0,0,0,0,0,0,0,0,0,0,0,0,0,0,0,0,0,0,0,0,0,0,0,0,0,0,0,0,0,0,0,0,0,0,0,0,0,0,0,0,0,0,0,0,0,0,0,0,0,0,0,0,0,0,0,0,0,0,0,0,0,0,0,0,0,0,0,0,0,0,0,0,0,0,0,0,0,0,0,0,0,0,0,0,0,0,0,0,0,0,0,0,0,0,0,0,0,0,0,0,0,0,0,0,0,0,0,0,0,0,0,0,0,0,0,0,0,0,0,0,0,0,0,0,0,0,0,0,0,0,0,0,0,0,0,0,0
"arusha/monduli/majengo",0,0,0,0,0,0,0,0,0,0,0,0,0,0,0,0,0,0,0,0,0,0,0,0,0,0,0,0,0,0,0,0,0,0,0,0,0,0,0,0,0,0,0,0,0,0,0,0,0,0,0,0,0,0,0,0,0,0,0,0,0,0,0,0,0,0,0,0,0,0,0,0,0,0,0,0,0,0,0,0,0,0,0,0,0,0,0,0,0,0,0,0,0,0,0,0,0,0,0,0,0,0,0,0,0,0,0,0,0,0,0,0,0,0,0,0,0,0,0,0,0,0,0,0,0,0,0,0,0,0,0,0,0,0,0,0,0,0,0,0,0,0,0,0,0,0,0,0,0,0,0,0,0,0,0,0,0,0,0,0,0,0,0,0,0,0,0,0,0,0,0,0,0,0,0,0,0,0,0,0,0,0,0,0,0,0,0,0,0,0,0,0,0,0,0,0,0,0,0,0,0,0,0,0,0,0,0,0,0,0,0,0,0,0,0,0,0,0,0,0,0,0,0,0,0,0,0,0,0,0,0,0,0,0,0,0,0,0,0,0,0,0,0,0,0,0,0,0,0,0,0,0,0,0,0,0,0,0,0,0,0,0,0,0,0,0,0,0,0,0,0,0,0,0,0,0,0,0,0,0,0,0,0,0,0,0,0,0,0,0,0,0,0,0,0,0,0,0,0,0,0,0,0,0,0,0,0,0,0,0,0,0,0,0,0,0,0,0,0,0,0,0,0,0,0,0,0,0,0,0,0,0,0,0,0,0,0,0,0,0,0,0,0,0,0,0,0,0,0,0,0,0,0,0,0,0,0,0,0,0,0,0,0,0,0,0,0,0,0,0,0,0,0,0,0,0,0,0,0,0,0,0,0,0,0,0,0,0,0,0,0,0,0,0,0,0,0,0
"arusha/meru/majiyachai",0.000282,1e-06,2e-06,2e-06,0,0.000149,0,0,0,1.2e-05,0,0,0.000133,0.001711,2e-06,0,0,0,0,0,0,9.6e-05,0,4e-06,0,1e-06,0,0,0,0,0.000431,0,0,1e-06,0,0,9.9e-05,2e-06,0,5e-06,0,0,5e-06,1e-06,1e-06,0,3e-06,0.018857,0.000105,0,0,0,0,0,1e-06,0,1.2e-05,0,1.3e-05,3.6e-05,1.6e-05,2e-05,9.9e-05,0,0,7e-04,6.2e-05,0,3e-06,1.1e-05,0,0,1.8e-05,1e-06,0,1.5e-05,2e-06,0,0,0,0,0,0,0,0,0,0.003791,0,1e-06,3.6e-05,0,0,0.000517,0.000721,1e-06,4e-06,0.000195,0,0.000377,7.8e-05,0,0,9e-06,0.000155,1.8e-05,0.000422,0,0.000148,0.000228,1.5e-05,0.000127,0.000204,1e-06,4e-06,3e-06,2e-06,0.001655,0,0.000613,6.5e-05,3e-05,0.001169,1e-06,4e-06,0,4e-06,4e-06,0.043957,0.001092,3e-06,2e-06,5.4e-05,0.000123,3.1e-05,0,0.00076,2.9e-05,6.3e-05,0.000438,0.000266,0.001069,0,0.000172,2.2e-05,3e-06,5.9e-05,0,0.000198,0.00017,5e-05,2e-06,1e-06,2e-06,1e-06,2.1e-05,0.001653,5e-06,3e-06,1e-06,0.010566,1.5e-05,9.9e-05,2e-06,2e-06,0,0,2.4e-05,0.000477,0.001092,7e-06,1e-06,8.1e-05,0.015563,1.4e-05,4e-05,8e-06,0.000103,2e-06,0.000224,4e-06,0,1e-06,2.8e-05,2.8e-05,0.001894,0.055781,3e-06,6e-06,0.001016,0.000353,6.9e-05,0,1e-06,0,8e-06,0,2e-06,0,0.00023,0,0,2e-06,1.4e-05,1.6e-05,0.000168,0.000155,0.000999,4.4e-05,8e-06,3e-06,2e-06,0,0.000272,1e-06,0,4e-06,0,0.001162,1.7e-05,9.6e-05,0,4.4e-05,0,1e-05,0.002024,4.4e-05,0.001896,1.5e-05,0,0,0,0,9.7e-05,0.000891,1e-06,0,4e-06,0.000277,7e-06,2e-06,0.000174,0.002748,2e-06,0.00077,0,4e-06,1.2e-05,0.001403,0,2.4e-05,0.005786,0.00069,3e-06,0.002107,0.000107,9e-06,2e-06,7e-06,3e-06,0,0,4e-05,0,0,1.8e-05,3e-06,0,0.000562,0,3e-06,0.000599,0.000212,1e-06,0,0.00088,5e-06,9e-06,3.3e-05,0,2e-06,3.4e-05,0,0.001593,0,0,0,0,6e-06,0,1.2e-05,1e-06,5.2e-05,1e-06,0.006815,4.5e-05,0.000153,0.002295,2.6e-05,3.4e-05,4e-06,1e-06,0,3e-06,9e-06,0,3.6e-05,0.000292,0.000171,2.9e-05,5e-06,0.000618,2e-06,0,2e-06,2.7e-05,0,0,0.002093,0.000506,0.000577,4.7e-05,0.001066,0.000483,0.000311,0.007339,6e-06,8e-06,5.7e-05,1e-06,0.000262,0.000737,0.000129,0.001897,2.8e-05,1.9e-05,0,1.8e-05,2e-06,0.021436,0,0,3e-06,0,0,6e-05,5e-06,3e-06,0.000608,5.5e-05,4e-06,0,0.000896,0.000202,0.007626,2.6e-05,7.1e-05,0.000141,6e-06,3e-06,5.9e-05,0,0,0,0,1e-06,0.006922,0.000741,0.002138,0,0.002048,2.2e-05,0,0,0,5e-06,0.000182,1.4e-05,1.2e-05,0.000473,0,0,0,0.000985,0,0,0.000109,4e-06,0.000522,7.6e-05,2e-06,0.014459,2e-06,0,1e-06,0,0,0,0
"manyara/kiteto/makame",0,0,0,0,0,0,0,0,0,0,0,0,0,0,0,0,0,0,0,0,0,0,0,0,0,0,0,0,0,0,0,0,0,0,0,0,0,0,0,0,0,0,0,0,0,0,0,0,0,0,0,0,0,0,0,0,0,0,0,0,0,0,0,0,0,0,0,0,0,0,0,0,0,0,0,0,0,0,0,0,0,0,0,0,0,0,0,0,0,0,0,0,0,0,0,0,0,0,0,0,0,0,0,0,0,0,0,0,0,0,0,0,0,0,0,0,0,0,0,0,0,0,0,0,0,0,0,0,0,0,0,0,0,0,0,0,0,0,0,0,0,0,0,0,0,0,0,0,0,0,0,0,0,0,0,0,0,0,0,0,0,0,0,0,0,0,0,0,0,0,0,0,0,0,0,0,0,0,0,0,0,0,0,0,0,0,0,0,0,0,0,0,0,0,0,0,0,0,0,0,0,0,0,0,0,0,0,0,0,0,0,0,0,0,0,0,0,0,0,0,0,0,0,0,0,0,0,0,0,0,0,0,0,0,0,0,0,0,0,0,0,0,0,0,0,0,0,0,0,0,0,0,0,0,0,0,0,0,0,0,0,0,0,0,0,0,0,0,0,0,0,0,0,0,0,0,0,0,0,0,0,0,0,0,0,0,0,0,0,0,0,0,0,0,0,0,0,0,0,0,0,0,0,0,0,0,0,0,0,0,0,0,0,0,0,0,0,0,0,0,0,0,0,0,0,0,0,0,0,0,0,0,0,0,0,0,0,0,0,0,0,0,0,0,0,0,0,0,0,0,0,0,0,0,0,0,0,0,0,0,0,0,0,0,0,0,0,0,0,0,0,0,0,0,0,0,0,0,0,0,0,0,0,0,0,0,0,0,0,0,0,0,0,0,0,0,0,0
"kilimanjaro/same/makanya",1.7e-05,2e-06,7e-06,1.4e-05,0,0.00038,0,0,0,6.9e-05,1e-06,0,1.2e-05,0.000178,1e-05,0,0,2e-06,0,1e-06,0.000144,2.1e-05,0,5e-06,0.000239,2e-06,1e-06,0,1e-06,0.000666,7.9e-05,3e-06,0.000235,1.7e-05,2e-06,1e-06,1.5e-05,1.6e-05,1e-06,1.8e-05,0,0,0.000169,1.1e-05,1.9e-05,0,3e-06,0.003506,0.000303,1e-06,0,1e-06,1e-06,0,1.3e-05,0,5e-06,1e-06,0.001318,0.000245,3.3e-05,4.5e-05,5.1e-05,1e-05,0,0.000114,3.1e-05,0,6e-06,8.7e-05,0,0,5e-06,4e-06,1e-06,4.1e-05,4e-06,0,0,0,0,1e-06,0,0,1e-06,0,0.001365,0,1e-05,0.086065,0,0,0.002842,8.2e-05,2e-06,1.7e-05,6.1e-05,7e-06,0.001406,0.000364,0,0,0.003809,2.4e-05,2.8e-05,0.00052,0,0.000161,2.6e-05,6e-05,4.4e-05,0.000473,8e-06,1e-06,8e-06,7e-06,0.00048,2e-06,0.001006,6.6e-05,3.4e-05,0.00132,2e-05,8.4e-05,1.1e-05,0.002364,0.000246,0.001539,9.3e-05,7e-06,6e-06,0.000277,0.000828,3.8e-05,9e-06,9.3e-05,5e-06,0.000126,0.00048,0.000233,6.6e-05,0.000266,2.9e-05,2.2e-05,1e-05,0.001339,1e-06,0.000552,0.000379,0.000147,5e-06,2.4e-05,9e-06,0.000207,0.003963,0.000657,2.1e-05,5e-06,1e-04,0.013883,0.000147,0.000464,2e-06,9.2e-05,0,0,0.000212,2.7e-05,0.00018,0.000147,7.4e-05,0.000125,0.00254,0.001605,1.5e-05,9.8e-05,0.000281,1e-06,0.000259,0.000209,0.000122,3e-06,0.042087,6e-05,0.001191,0.029209,2e-06,4e-06,0.00067,0.000181,7.4e-05,3e-06,6e-06,0,4.6e-05,6e-06,8e-06,0,0.000332,0,0.000443,4.2e-05,0,3e-06,0.000495,1.8e-05,0.004842,9.2e-05,2.8e-05,9e-06,8e-06,1e-06,0.001377,3e-06,0,0.001447,0,0.00428,4.2e-05,0.000293,0,2e-06,0,4e-06,0.000721,1.4e-05,0.000931,1.2e-05,1e-06,0,0,0,0.000211,0.000291,1.3e-05,0,7e-06,9.9e-05,2.1e-05,6e-06,7.7e-05,0.001736,3e-06,0.054079,0.000151,5e-06,1.9e-05,0.000157,0,1.3e-05,0.000842,0.000555,1e-06,0.000259,0.00014,0.010732,7e-06,9.1e-05,4e-06,0.000186,0.000157,0.000203,0,0.000214,5.8e-05,4e-06,0,0.000208,0,9e-06,0.000185,0.002274,1.5e-05,0.000404,0.003634,1.6e-05,0.008269,0.000637,0,4e-06,5.2e-05,1e-06,0.001964,1e-06,4e-06,1e-06,0,1.2e-05,1e-06,3e-06,2.6e-05,2.8e-05,0.000483,0.000945,7.8e-05,5.7e-05,0.000351,4e-06,0.000638,1.4e-05,3e-06,7e-06,5e-06,0.000861,4e-06,0.000144,2.2e-05,3e-06,2e-06,4e-06,0.000221,1.1e-05,7e-06,5e-06,4.8e-05,0,2e-06,0.000588,0.001361,0.000355,4.3e-05,0.000253,8.5e-05,0.000245,0.001912,4e-05,5e-05,7e-06,5e-06,5.2e-05,9e-05,3.1e-05,0.001977,0.000122,0.001783,5e-06,2.6e-05,5e-06,0.000785,2e-06,0,4e-06,0,1e-06,0.022685,0.00181,1e-05,9.4e-05,0.009926,1.5e-05,0,0.00017,1e-05,0.001074,5.1e-05,5.3e-05,0.000347,9.2e-05,1.2e-05,7e-05,0,0,0,0,3e-06,0.000735,0.000195,0.000413,5e-06,8.7e-05,2.7e-05,4.8e-05,0.000827,1.5e-05,9e-06,4.7e-05,4.1e-05,2e-06,0.000396,0,1.7e-05,0,0.002547,3e-06,0,1.8e-05,5e-06,0.000609,0.000117,4e-06,0.000387,5e-06,0.00033,0.000426,2.7e-05,8.4e-05,0,0
"arusha/meru/makiba",0,0,0,0,0,0,0,0,0,0,0,0,0,0,0,0,0,0,0,0,0,0,0,0,0,0,0,0,0,0,0,0,0,0,0,0,0,0,0,0,0,0,0,0,0,0,0,0,0,0,0,0,0,0,0,0,0,0,0,0,0,0,0,0,0,0,0,0,0,0,0,0,0,0,0,0,0,0,0,0,0,0,0,0,0,0,0,0,0,0,0,0,0,0,0,0,0,0,0,0,0,0,0,0,0,0,0,0,0,0,0,0,0,0,0,0,0,0,0,0,0,0,0,0,0,0,0,0,0,0,0,0,0,0,0,0,0,0,0,0,0,0,0,0,0,0,0,0,0,0,0,0,0,0,0,0,0,0,0,0,0,0,0,0,0,0,0,0,0,0,0,0,0,0,0,0,0,0,0,0,0,0,0,0,0,0,0,0,0,0,0,0,0,0,0,0,0,0,0,0,0,0,0,0,0,0,0,0,0,0,0,0,0,0,0,0,0,0,0,0,0,0,0,0,0,0,0,0,0,0,0,0,0,0,0,0,0,0,0,0,0,0,0,0,0,0,0,0,0,0,0,0,0,0,0,0,0,0,0,0,0,0,0,0,0,0,0,0,0,0,0,0,0,0,0,0,0,0,0,0,0,0,0,0,0,0,0,0,0,0,0,0,0,0,0,0,0,0,0,0,0,0,0,0,0,0,0,0,0,0,0,0,0,0,0,0,0,0,0,0,0,0,0,0,0,0,0,0,0,0,0,0,0,0,0,0,0,0,0,0,0,0,0,0,0,0,0,0,0,0,0,0,0,0,0,0,0,0,0,0,0,0,0,0,0,0,0,0,0,0,0,0,0,0,0,0,0,0,0,0,0,0,0,0,0,0,0,0,0,0,0,0,0,0,0,0,0,0
"kilimanjaro/rombo/makiidi",0,0,0,0,0,0,0,0,0,0,0,0,0,0,0,0,0,0,0,0,0,0,0,0,0,0,0,0,0,0,0,0,0,0,0,0,0,0,0,0,0,0,0,0,0,0,0,0,0,0,0,0,0,0,0,0,0,0,0,0,0,0,0,0,0,0,0,0,0,0,0,0,0,0,0,0,0,0,0,0,0,0,0,0,0,0,0,0,0,0,0,0,0,0,0,0,0,0,0,0,0,0,0,0,0,0,0,0,0,0,0,0,0,0,0,0,0,0,0,0,0,0,0,0,0,0,0,0,0,0,0,0,0,0,0,0,0,0,0,0,0,0,0,0,0,0,0,0,0,0,0,0,0,0,0,0,0,0,0,0,0,0,0,0,0,0,0,0,0,0,0,0,0,0,0,0,0,0,0,0,0,0,0,0,0,0,0,0,0,0,0,0,0,0,0,0,0,0,0,0,0,0,0,0,0,0,0,0,0,0,0,0,0,0,0,0,0,0,0,0,0,0,0,0,0,0,0,0,0,0,0,0,0,0,0,0,0,0,0,0,0,0,0,0,0,0,0,0,0,0,0,0,0,0,0,0,0,0,0,0,0,0,0,0,0,0,0,0,0,0,0,0,0,0,0,0,0,0,0,0,0,0,0,0,0,0,0,0,0,0,0,0,0,0,0,0,0,0,0,0,0,0,0,0,0,0,0,0,0,0,0,0,0,0,0,0,0,0,0,0,0,0,0,0,0,0,0,0,0,0,0,0,0,0,0,0,0,0,0,0,0,0,0,0,0,0,0,0,0,0,0,0,0,0,0,0,0,0,0,0,0,0,0,0,0,0,0,0,0,0,0,0,0,0,0,0,0,0,0,0,0,0,0,0,0,0,0,0,0,0,0,0,0,0,0,0,0,0
"kilimanjaro/siha/makiwaru",2.2e-05,0,1e-06,1e-06,0,6.7e-05,0,0,0,3e-06,0,0,1.5e-05,0.000177,1e-06,0,0,0,0,0,0,0.000643,0,2e-06,0,1e-06,0,0,0,0,5.6e-05,0,0,0,0,0,1.2e-05,1e-06,0,2e-06,0,0,2e-06,0,0,0,1e-06,0.002634,2.4e-05,0,0,0,0,0,0,0,2e-06,0,4e-06,1.1e-05,6e-06,6e-06,3.3e-05,0,0,8.1e-05,1.3e-05,0,1e-06,3e-06,0,0,3e-05,0,0,5e-06,1e-06,0,0,0,0,0,0,0,0,0,0.002623,0,0,1.3e-05,0,0,0.000277,0.000109,0,1e-06,0.000354,0,0.00018,3.9e-05,0,0,3e-06,2e-05,1.1e-05,0.000295,0,0.000101,0.000202,4e-06,0.00021,0.000135,0,0,2e-06,1e-06,0.000684,0,0.000393,5.5e-05,2.8e-05,0.000942,1e-06,2e-06,0,1e-06,1e-06,0.003644,9.1e-05,2e-06,1e-06,3e-05,5.9e-05,2.1e-05,0,8.6e-05,4e-06,4e-05,0.000194,0.000206,0.000472,0,2.4e-05,1.7e-05,2e-06,2.5e-05,0,0.000112,0.000107,2.9e-05,1e-06,0,1e-06,0,8e-06,0.000297,3e-06,1e-06,0,0.006849,7e-06,2.2e-05,1e-06,1e-06,0,0,1e-05,0.000272,0.000131,3e-06,0,1.9e-05,0.002045,4e-06,6e-05,2e-06,2.3e-05,1e-06,0.000157,1e-06,0,0,1e-05,1.5e-05,0.001975,0.038768,3e-06,5e-06,0.000931,0.000394,3.9e-05,0,0,0,2e-06,0,1e-06,0,0.000149,0,0.001352,1e-06,5e-06,3e-06,0.000104,0,0.00053,1e-05,3e-06,2e-06,1e-06,0,0.00015,0,0,2e-06,0,0.000691,1e-05,5.7e-05,0,4e-06,0,1.5e-05,0.002098,7.5e-05,0.002344,8e-06,0,0,0,0,3.6e-05,0.000138,0,0,3e-06,3.8e-05,2e-06,1e-06,3.4e-05,0.000557,1e-06,3e-04,0,2e-06,8e-06,0.000132,0,4e-06,0.000749,0.000172,1e-06,0.00022,8e-05,3e-06,1e-06,3e-06,2e-06,0,0,1.5e-05,0,0,5e-06,1e-06,0,0.000106,0,1e-06,0.000118,9.1e-05,1e-06,0,0.000494,3e-06,3e-06,9e-06,0,1e-06,1e-05,0,0.000727,0,0,0,0,4e-06,0,3.2e-05,0,4.6e-05,0,0.000685,2.8e-05,0.000178,0.000702,3e-06,1.2e-05,1e-06,0,0,2e-06,3e-06,0,9e-06,2.7e-05,8e-06,3e-06,4e-06,9.2e-05,1e-06,0,1e-06,1.8e-05,0,0,6e-04,0.000322,8.7e-05,8e-06,0.000211,0.000645,0.000213,0.001152,2e-06,3e-06,6e-06,0,3.9e-05,9.2e-05,2.2e-05,0.000778,1e-05,6e-06,0,1.1e-05,1e-06,0.001259,0,0,2e-06,0,0,2.1e-05,2e-06,1e-06,0.000108,2e-05,1e-06,0,0.002923,1.4e-05,0.000938,7e-06,1.5e-05,3.1e-05,3e-06,2e-06,3.8e-05,0,0,0,0,0,0.000788,9.4e-05,0.00029,0,0.000212,1.4e-05,0,0,0,3e-06,2.4e-05,3e-06,1e-06,0.000261,0,0,0,0.000632,0,0,1.4e-05,3e-06,0.000382,5.4e-05,2e-06,0.000624,1e-06,0,0,0,0,0,0
"kilimanjaro/moshi/makuyuni",0,0,0,0,0,0,0,0,0,0,0,0,0,0,0,0,0,0,0,0,0,0,0,0,0,0,0,0,0,0,0,0,0,0,0,0,0,0,0,0,0,0,0,0,0,0,0,0,0,0,0,0,0,0,0,0,0,0,0,0,0,0,0,0,0,0,0,0,0,0,0,0,0,0,0,0,0,0,0,0,0,0,0,0,0,0,0,0,0,0,0,0,0,0,0,0,0,0,0,0,0,0,0,0,0,0,0,0,0,0,0,0,0,0,0,0,0,0,0,0,0,0,0,0,0,0,0,0,0,0,0,0,0,0,0,0,0,0,0,0,0,0,0,0,0,0,0,0,0,0,0,0,0,0,0,0,0,0,0,0,0,0,0,0,0,0,0,0,0,0,0,0,0,0,0,0,0,0,0,0,0,0,0,0,0,0,0,0,0,0,0,0,0,0,0,0,0,0,0,0,0,0,0,0,0,0,0,0,0,0,0,0,0,0,0,0,0,0,0,0,0,0,0,0,0,0,0,0,0,0,0,0,0,0,0,0,0,0,0,0,0,0,0,0,0,0,0,0,0,0,0,0,0,0,0,0,0,0,0,0,0,0,0,0,0,0,0,0,0,0,0,0,0,0,0,0,0,0,0,0,0,0,0,0,0,0,0,0,0,0,0,0,0,0,0,0,0,0,0,0,0,0,0,0,0,0,0,0,0,0,0,0,0,0,0,0,0,0,0,0,0,0,0,0,0,0,0,0,0,0,0,0,0,0,0,0,0,0,0,0,0,0,0,0,0,0,0,0,0,0,0,0,0,0,0,0,0,0,0,0,0,0,0,0,0,0,0,0,0,0,0,0,0,0,0,0,0,0,0,0,0,0,0,0,0,0,0,0,0,0,0,0,0,0,0,0,0,0
"arusha/monduli/makuyuni",6.4e-05,1.6e-05,2e-06,4.9e-05,2e-06,0.000112,1e-06,2e-06,1e-06,0.000399,6e-06,0,5.3e-05,0.000834,5e-05,5e-06,2e-06,7e-06,1e-06,3e-06,1e-06,3e-05,1e-06,2e-06,1e-06,1e-06,2e-06,7e-06,0,1e-06,0.000226,1e-06,1e-06,1e-06,2.8e-05,2e-06,9.2e-05,7e-05,1.3e-05,4.8e-05,1e-06,1e-06,5e-05,5.4e-05,8e-06,1e-06,4.6e-05,0.023763,0.001967,1.1e-05,3e-06,5e-06,1.5e-05,1e-06,4.1e-05,1e-06,6e-06,5e-06,5.1e-05,0.001301,0.000103,0.00072,0.000294,4e-06,0,0.00059,0.000642,1e-06,0.000727,0.000388,8e-06,0,7e-06,5.8e-05,3e-06,0.000199,3e-05,0,0,1e-06,0,5e-06,1e-06,1e-06,2e-06,2e-06,0.001111,1e-06,2.8e-05,0.000188,0,1e-06,0.000592,0.000404,1.9e-05,0.000165,6.9e-05,1e-06,0.000328,7.5e-05,2e-06,2e-06,3.5e-05,0.000142,1.2e-05,0.000465,5e-06,8e-05,5.5e-05,0.001589,4.7e-05,0.000197,1.8e-05,3e-06,3e-06,2e-06,0.000424,1e-06,0.00041,4e-05,2.3e-05,0.000753,2e-06,6e-06,1e-06,1.4e-05,4.3e-05,0.002667,0.000213,2e-06,2e-06,7.1e-05,0.000135,1.8e-05,0,0.000477,2.9e-05,4.7e-05,0.001258,0.000134,9.6e-05,1e-06,0.00019,1.2e-05,4e-06,9.1e-05,4e-06,0.000163,0.000136,4.3e-05,2e-06,2e-06,3e-06,2e-06,6.2e-05,0.009891,8e-06,3.9e-05,7e-06,0.006285,1.9e-05,0.000816,1e-06,4e-06,1e-06,0,2.8e-05,5.5e-05,0.001008,1e-05,1.4e-05,0.017438,0.015686,3.9e-05,1.7e-05,0.000118,0.006541,4e-06,0.000128,2.5e-05,0,9e-06,0.000106,2e-05,0.000904,0.016938,2e-06,3e-06,0.000457,0.000144,3.6e-05,1.5e-05,0.000121,2e-06,0.000521,2e-06,2e-06,3e-06,0.000144,1.4e-05,0.000987,2.3e-05,6.3e-05,4e-06,0.000167,2.7e-05,0.001038,0,0.000148,3e-06,2e-06,1.1e-05,0.000317,1e-06,2e-06,1.5e-05,3e-06,0.001408,1.5e-05,8.9e-05,2e-06,4e-06,1e-06,4e-06,0.00062,1.4e-05,0.000819,7e-06,1.1e-05,1e-06,1e-06,2e-06,0.000687,0.00282,6e-06,0,3e-06,0.000172,0.000707,2e-06,8.1e-05,0.068182,1e-06,0.002002,1e-06,2e-06,8e-06,0.000595,1e-06,0.000134,0.004971,0.008396,3.1e-05,0.001202,9.9e-05,3e-05,2e-06,9e-06,2e-06,1e-06,1e-06,5.1e-05,4.6e-05,1e-06,0.003359,1.8e-05,3e-06,0.002914,1e-06,0.000175,0.001957,0.000262,2e-06,1e-06,0.000907,5e-06,3.3e-05,0.000169,4e-06,8.2e-05,2.5e-05,6e-06,0.004469,8e-06,1e-06,3e-06,0,6e-06,2e-06,4e-06,7e-06,3.7e-05,3e-06,0.002757,3.1e-05,7.7e-05,0.00109,2.8e-05,5.6e-05,0.000156,1e-06,1e-06,2e-06,1.8e-05,1e-06,0.005501,9.4e-05,1e-05,7e-06,3e-06,0.001879,7.7e-05,4e-06,2e-06,1.9e-05,5e-06,5e-06,0.002573,0.000533,0.002095,0.000193,0.001946,9.5e-05,0.000336,0.013304,9.3e-05,0.000128,3.8e-05,9e-06,0.000391,0.000488,0.000264,0.007151,0.000276,0.000115,2e-06,1.1e-05,2.2e-05,0.00252,8e-06,7e-06,2e-06,1.4e-05,2e-06,0.000166,2.2e-05,3.5e-05,0.000531,0.000127,4.1e-05,1e-06,0.000238,3.4e-05,0.006071,0.003039,0.002768,0.000291,8e-06,4e-06,3.3e-05,2e-06,1e-06,2e-06,0,6e-06,0.003627,0.001211,0.00283,2e-06,0.000279,1.2e-05,0,1e-06,4e-06,5e-06,0.000278,0.000168,9e-06,0.000875,1e-06,1e-06,2e-06,0.001071,1e-05,1e-06,0.000115,3e-06,0.000308,5.3e-05,2e-06,0.001037,2e-06,1e-06,2e-06,0,0,2e-06,1e-06
"arusha/ngorongoro/malambo",1e-06,2e-05,0,0.000247,0,5e-06,0,0,0,1.1e-05,0,0,1e-06,1.7e-05,6e-06,0,0,0,0,0,0,1e-06,0,0,0,0,0,0,0,0,7e-06,0,0,0,2e-06,0,2e-06,2e-06,0,7e-05,0,0,3e-06,2e-06,0,0,3e-06,0.000416,2.1e-05,0,0,1e-06,0,0,1e-06,0,0,0,3e-06,0.000576,1.3e-05,6.7e-05,1.6e-05,0,0,1e-05,8e-06,0,4e-06,6e-06,1e-06,0,0,2e-06,0,5.5e-05,1.3e-05,0,0,0,0,0,0,0,0,0,4.5e-05,0,2e-06,1e-05,0,0,4e-05,1e-05,2e-06,7e-06,3e-06,0,1.7e-05,4e-06,0,1e-06,3e-06,3e-06,1e-06,3.7e-05,0,4e-06,2e-06,5.8e-05,2e-06,1.4e-05,1e-06,0,0,0,1.5e-05,0,2.2e-05,2e-06,1e-06,4.4e-05,0,0,0,1e-06,2e-06,5.8e-05,5e-06,0,0,3e-06,8e-06,1e-06,0,9e-06,1e-06,3e-06,0.00015,7e-06,3e-06,0,3e-06,1e-06,0,6e-06,0,9e-06,8e-06,3e-06,0,0,0,0,5e-06,0.000112,0,3e-06,0,0.000324,1e-06,1e-05,0,0,0,0,1e-06,2e-06,1.7e-05,1e-06,1e-06,3.7e-05,0.000284,2e-06,1e-06,2e-06,2.5e-05,0,7e-06,2e-06,0,3e-05,8e-06,1e-06,4.7e-05,0.001246,0,0,2.3e-05,7e-06,2e-06,1e-06,2e-06,0,6e-06,0,0,0,8e-06,0,2.8e-05,1e-06,3e-06,0,1.1e-05,1e-06,6.6e-05,2.4e-05,0,0,0,0,2.2e-05,0,0,1e-06,0,0.000109,1e-06,6e-06,0,0,0,0,2.7e-05,1e-06,4.2e-05,0,1e-06,0,0,0,0.000261,3.5e-05,0,0,0,3e-06,2.5e-05,0,2e-06,0.000444,0,8.8e-05,0,0,0,1.2e-05,0,1e-06,9.5e-05,0.000145,0,2.3e-05,7e-06,2e-06,0,1e-06,0,0,0,2e-06,0,0,3.9e-05,3e-06,0,4e-05,0,2e-06,3.6e-05,1.5e-05,0,0,5.9e-05,0,3e-06,4e-06,0,1.6e-05,1e-06,3e-06,0.000568,0,0,0,0,0,0,0,0,2e-06,0,5.6e-05,2e-06,4e-06,2.7e-05,0,3e-06,4.5e-05,0,0,0,1e-06,0,3e-05,2e-06,0,0,0,1.9e-05,0.000104,0,0,1e-06,1e-06,4e-06,6.4e-05,3.9e-05,1.9e-05,2e-06,4.4e-05,4e-06,2.5e-05,0.000185,0.000131,0.000191,1e-06,1e-05,7e-06,1e-05,5e-06,0.00043,0.000381,4e-06,0,1e-06,3e-05,6.1e-05,0,0,0,0,0,1e-05,2e-06,9.2e-05,1.3e-05,8e-06,8.3e-05,0,1e-05,1e-06,0.000114,3.1e-05,1.4e-05,5e-06,0,0,2e-06,0,0,0,0,9e-06,7.6e-05,1.4e-05,4.7e-05,0,8e-06,1e-06,0,0,0,0,4e-06,1e-06,0,4.4e-05,0,0,0,8.1e-05,1e-06,0,2e-06,0,1.7e-05,3e-06,0,2.6e-05,0,0,0,0,0,0,0
"kilimanjaro/moshi/mambakaskazini",0,0,0,0,0,0,0,0,0,0,0,0,0,0,0,0,0,0,0,0,0,0,0,0,0,0,0,0,0,0,0,0,0,0,0,0,0,0,0,0,0,0,0,0,0,0,0,0,0,0,0,0,0,0,0,0,0,0,0,0,0,0,0,0,0,0,0,0,0,0,0,0,0,0,0,0,0,0,0,0,0,0,0,0,0,0,0,0,0,0,0,0,0,0,0,0,0,0,0,0,0,0,0,0,0,0,0,0,0,0,0,0,0,0,0,0,0,0,0,0,0,0,0,0,0,0,0,0,0,0,0,0,0,0,0,0,0,0,0,0,0,0,0,0,0,0,0,0,0,0,0,0,0,0,0,0,0,0,0,0,0,0,0,0,0,0,0,0,0,0,0,0,0,0,0,0,0,0,0,0,0,0,0,0,0,0,0,0,0,0,0,0,0,0,0,0,0,0,0,0,0,0,0,0,0,0,0,0,0,0,0,0,0,0,0,0,0,0,0,0,0,0,0,0,0,0,0,0,0,0,0,0,0,0,0,0,0,0,0,0,0,0,0,0,0,0,0,0,0,0,0,0,0,0,0,0,0,0,0,0,0,0,0,0,0,0,0,0,0,0,0,0,0,0,0,0,0,0,0,0,0,0,0,0,0,0,0,0,0,0,0,0,0,0,0,0,0,0,0,0,0,0,0,0,0,0,0,0,0,0,0,0,0,0,0,0,0,0,0,0,0,0,0,0,0,0,0,0,0,0,0,0,0,0,0,0,0,0,0,0,0,0,0,0,0,0,0,0,0,0,0,0,0,0,0,0,0,0,0,0,0,0,0,0,0,0,0,0,0,0,0,0,0,0,0,0,0,0,0,0,0,0,0,0,0,0,0,0,0,0,0,0,0,0,0,0,0,0
"kilimanjaro/moshi/mambakusini",0,0,0,0,0,0,0,0,0,0,0,0,0,0,0,0,0,0,0,0,0,0,0,0,0,0,0,0,0,0,0,0,0,0,0,0,0,0,0,0,0,0,0,0,0,0,0,0,0,0,0,0,0,0,0,0,0,0,0,0,0,0,0,0,0,0,0,0,0,0,0,0,0,0,0,0,0,0,0,0,0,0,0,0,0,0,0,0,0,0,0,0,0,0,0,0,0,0,0,0,0,0,0,0,0,0,0,0,0,0,0,0,0,0,0,0,0,0,0,0,0,0,0,0,0,0,0,0,0,0,0,0,0,0,0,0,0,0,0,0,0,0,0,0,0,0,0,0,0,0,0,0,0,0,0,0,0,0,0,0,0,0,0,0,0,0,0,0,0,0,0,0,0,0,0,0,0,0,0,0,0,0,0,0,0,0,0,0,0,0,0,0,0,0,0,0,0,0,0,0,0,0,0,0,0,0,0,0,0,0,0,0,0,0,0,0,0,0,0,0,0,0,0,0,0,0,0,0,0,0,0,0,0,0,0,0,0,0,0,0,0,0,0,0,0,0,0,0,0,0,0,0,0,0,0,0,0,0,0,0,0,0,0,0,0,0,0,0,0,0,0,0,0,0,0,0,0,0,0,0,0,0,0,0,0,0,0,0,0,0,0,0,0,0,0,0,0,0,0,0,0,0,0,0,0,0,0,0,0,0,0,0,0,0,0,0,0,0,0,0,0,0,0,0,0,0,0,0,0,0,0,0,0,0,0,0,0,0,0,0,0,0,0,0,0,0,0,0,0,0,0,0,0,0,0,0,0,0,0,0,0,0,0,0,0,0,0,0,0,0,0,0,0,0,0,0,0,0,0,0,0,0,0,0,0,0,0,0,0,0,0,0,0,0,0,0,0,0
"manyara/babati/mamire",0,0,0,0,0,0,0,0,0,0,0,0,0,0,0,0,0,0,0,0,0,0,0,0,0,0,0,0,0,0,0,0,0,0,0,0,0,0,0,0,0,0,0,0,0,0,0,0,0,0,0,0,0,0,0,0,0,0,0,0,0,0,0,0,0,0,0,0,0,0,0,0,0,0,0,0,0,0,0,0,0,0,0,0,0,0,0,0,0,0,0,0,0,0,0,0,0,0,0,0,0,0,0,0,0,0,0,0,0,0,0,0,0,0,0,0,0,0,0,0,0,0,0,0,0,0,0,0,0,0,0,0,0,0,0,0,0,0,0,0,0,0,0,0,0,0,0,0,0,0,0,0,0,0,0,0,0,0,0,0,0,0,0,0,0,0,0,0,0,0,0,0,0,0,0,0,0,0,0,0,0,0,0,0,0,0,0,0,0,0,0,0,0,0,0,0,0,0,0,0,0,0,0,0,0,0,0,0,0,0,0,0,0,0,0,0,0,0,0,0,0,0,0,0,0,0,0,0,0,0,0,0,0,0,0,0,0,0,0,0,0,0,0,0,0,0,0,0,0,0,0,0,0,0,0,0,0,0,0,0,0,0,0,0,0,0,0,0,0,0,0,0,0,0,0,0,0,0,0,0,0,0,0,0,0,0,0,0,0,0,0,0,0,0,0,0,0,0,0,0,0,0,0,0,0,0,0,0,0,0,0,0,0,0,0,0,0,0,0,0,0,0,0,0,0,0,0,0,0,0,0,0,0,0,0,0,0,0,0,0,0,0,0,0,0,0,0,0,0,0,0,0,0,0,0,0,0,0,0,0,0,0,0,0,0,0,0,0,0,0,0,0,0,0,0,0,0,0,0,0,0,0,0,0,0,0,0,0,0,0,0,0,0,0,0,0,0,0
"kilimanjaro/rombo/mamsera",0,0,0,0,0,0,0,0,0,0,0,0,0,0,0,0,0,0,0,0,0,0,0,0,0,0,0,0,0,0,0,0,0,0,0,0,0,0,0,0,0,0,0,0,0,0,0,0,0,0,0,0,0,0,0,0,0,0,0,0,0,0,0,0,0,0,0,0,0,0,0,0,0,0,0,0,0,0,0,0,0,0,0,0,0,0,0,0,0,0,0,0,0,0,0,0,0,0,0,0,0,0,0,0,0,0,0,0,0,0,0,0,0,0,0,0,0,0,0,0,0,0,0,0,0,0,0,0,0,0,0,0,0,0,0,0,0,0,0,0,0,0,0,0,0,0,0,0,0,0,0,0,0,0,0,0,0,0,0,0,0,0,0,0,0,0,0,0,0,0,0,0,0,0,0,0,0,0,0,0,0,0,0,0,0,0,0,0,0,0,0,0,0,0,0,0,0,0,0,0,0,0,0,0,0,0,0,0,0,0,0,0,0,0,0,0,0,0,0,0,0,0,0,0,0,0,0,0,0,0,0,0,0,0,0,0,0,0,0,0,0,0,0,0,0,0,0,0,0,0,0,0,0,0,0,0,0,0,0,0,0,0,0,0,0,0,0,0,0,0,0,0,0,0,0,0,0,0,0,0,0,0,0,0,0,0,0,0,0,0,0,0,0,0,0,0,0,0,0,0,0,0,0,0,0,0,0,0,0,0,0,0,0,0,0,0,0,0,0,0,0,0,0,0,0,0,0,0,0,0,0,0,0,0,0,0,0,0,0,0,0,0,0,0,0,0,0,0,0,0,0,0,0,0,0,0,0,0,0,0,0,0,0,0,0,0,0,0,0,0,0,0,0,0,0,0,0,0,0,0,0,0,0,0,0,0,0,0,0,0,0,0,0,0,0,0,0,0
"kilimanjaro/rombo/manda",0,0,0,0,0,0,0,0,0,0,0,0,0,0,0,0,0,0,0,0,0,0,0,0,0,0,0,0,0,0,0,0,0,0,0,0,0,0,0,0,0,0,0,0,0,0,0,0,0,0,0,0,0,0,0,0,0,0,0,0,0,0,0,0,0,0,0,0,0,0,0,0,0,0,0,0,0,0,0,0,0,0,0,0,0,0,0,0,0,0,0,0,0,0,0,0,0,0,0,0,0,0,0,0,0,0,0,0,0,0,0,0,0,0,0,0,0,0,0,0,0,0,0,0,0,0,0,0,0,0,0,0,0,0,0,0,0,0,0,0,0,0,0,0,0,0,0,0,0,0,0,0,0,0,0,0,0,0,0,0,0,0,0,0,0,0,0,0,0,0,0,0,0,0,0,0,0,0,0,0,0,0,0,0,0,0,0,0,0,0,0,0,0,0,0,0,0,0,0,0,0,0,0,0,0,0,0,0,0,0,0,0,0,0,0,0,0,0,0,0,0,0,0,0,0,0,0,0,0,0,0,0,0,0,0,0,0,0,0,0,0,0,0,0,0,0,0,0,0,0,0,0,0,0,0,0,0,0,0,0,0,0,0,0,0,0,0,0,0,0,0,0,0,0,0,0,0,0,0,0,0,0,0,0,0,0,0,0,0,0,0,0,0,0,0,0,0,0,0,0,0,0,0,0,0,0,0,0,0,0,0,0,0,0,0,0,0,0,0,0,0,0,0,0,0,0,0,0,0,0,0,0,0,0,0,0,0,0,0,0,0,0,0,0,0,0,0,0,0,0,0,0,0,0,0,0,0,0,0,0,0,0,0,0,0,0,0,0,0,0,0,0,0,0,0,0,0,0,0,0,0,0,0,0,0,0,0,0,0,0,0,0,0,0,0,0,0,0
"arusha/karatu/mangola",0,0,0,0,0,0,0,0,0,0,0,0,0,0,0,0,0,0,0,0,0,0,0,0,0,0,0,0,0,0,0,0,0,0,0,0,0,0,0,0,0,0,0,0,0,0,0,0,0,0,0,0,0,0,0,0,0,0,0,0,0,0,0,0,0,0,0,0,0,0,0,0,0,0,0,0,0,0,0,0,0,0,0,0,0,0,0,0,0,0,0,0,0,0,0,0,0,0,0,0,0,0,0,0,0,0,0,0,0,0,0,0,0,0,0,0,0,0,0,0,0,0,0,0,0,0,0,0,0,0,0,0,0,0,0,0,0,0,0,0,0,0,0,0,0,0,0,0,0,0,0,0,0,0,0,0,0,0,0,0,0,0,0,0,0,0,0,0,0,0,0,0,0,0,0,0,0,0,0,0,0,0,0,0,0,0,0,0,0,0,0,0,0,0,0,0,0,0,0,0,0,0,0,0,0,0,0,0,0,0,0,0,0,0,0,0,0,0,0,0,0,0,0,0,0,0,0,0,0,0,0,0,0,0,0,0,0,0,0,0,0,0,0,0,0,0,0,0,0,0,0,0,0,0,0,0,0,0,0,0,0,0,0,0,0,0,0,0,0,0,0,0,0,0,0,0,0,0,0,0,0,0,0,0,0,0,0,0,0,0,0,0,0,0,0,0,0,0,0,0,0,0,0,0,0,0,0,0,0,0,0,0,0,0,0,0,0,0,0,0,0,0,0,0,0,0,0,0,0,0,0,0,0,0,0,0,0,0,0,0,0,0,0,0,0,0,0,0,0,0,0,0,0,0,0,0,0,0,0,0,0,0,0,0,0,0,0,0,0,0,0,0,0,0,0,0,0,0,0,0,0,0,0,0,0,0,0,0,0,0,0,0,0,0,0,0,0,0
"kilimanjaro/same/maore",0,0,0,0,0,0,0,0,0,0,0,0,0,0,0,0,0,0,0,0,0,0,0,0,0,0,0,0,0,0,0,0,0,0,0,0,0,0,0,0,0,0,0,0,0,0,0,0,0,0,0,0,0,0,0,0,0,0,0,0,0,0,0,0,0,0,0,0,0,0,0,0,0,0,0,0,0,0,0,0,0,0,0,0,0,0,0,0,0,0,0,0,0,0,0,0,0,0,0,0,0,0,0,0,0,0,0,0,0,0,0,0,0,0,0,0,0,0,0,0,0,0,0,0,0,0,0,0,0,0,0,0,0,0,0,0,0,0,0,0,0,0,0,0,0,0,0,0,0,0,0,0,0,0,0,0,0,0,0,0,0,0,0,0,0,0,0,0,0,0,0,0,0,0,0,0,0,0,0,0,0,0,0,0,0,0,0,0,0,0,0,0,0,0,0,0,0,0,0,0,0,0,0,0,0,0,0,0,0,0,0,0,0,0,0,0,0,0,0,0,0,0,0,0,0,0,0,0,0,0,0,0,0,0,0,0,0,0,0,0,0,0,0,0,0,0,0,0,0,0,0,0,0,0,0,0,0,0,0,0,0,0,0,0,0,0,0,0,0,0,0,0,0,0,0,0,0,0,0,0,0,0,0,0,0,0,0,0,0,0,0,0,0,0,0,0,0,0,0,0,0,0,0,0,0,0,0,0,0,0,0,0,0,0,0,0,0,0,0,0,0,0,0,0,0,0,0,0,0,0,0,0,0,0,0,0,0,0,0,0,0,0,0,0,0,0,0,0,0,0,0,0,0,0,0,0,0,0,0,0,0,0,0,0,0,0,0,0,0,0,0,0,0,0,0,0,0,0,0,0,0,0,0,0,0,0,0,0,0,0,0,0,0,0,0,0,0,0
"manyara/mbulu/marang",0,0,0,0,0,0,0,0,0,0,0,0,0,0,0,0,0,0,0,0,0,0,0,0,0,0,0,0,0,0,0,0,0,0,0,0,0,0,0,0,0,0,0,0,0,0,0,0,0,0,0,0,0,0,0,0,0,0,0,0,0,0,0,0,0,0,0,0,0,0,0,0,0,0,0,0,0,0,0,0,0,0,0,0,0,0,0,0,0,0,0,0,0,0,0,0,0,0,0,0,0,0,0,0,0,0,0,0,0,0,0,0,0,0,0,0,0,0,0,0,0,0,0,0,0,0,0,0,0,0,0,0,0,0,0,0,0,0,0,0,0,0,0,0,0,0,0,0,0,0,0,0,0,0,0,0,0,0,0,0,0,0,0,0,0,0,0,0,0,0,0,0,0,0,0,0,0,0,0,0,0,0,0,0,0,0,0,0,0,0,0,0,0,0,0,0,0,0,0,0,0,0,0,0,0,0,0,0,0,0,0,0,0,0,0,0,0,0,0,0,0,0,0,0,0,0,0,0,0,0,0,0,0,0,0,0,0,0,0,0,0,0,0,0,0,0,0,0,0,0,0,0,0,0,0,0,0,0,0,0,0,0,0,0,0,0,0,0,0,0,0,0,0,0,0,0,0,0,0,0,0,0,0,0,0,0,0,0,0,0,0,0,0,0,0,0,0,0,0,0,0,0,0,0,0,0,0,0,0,0,0,0,0,0,0,0,0,0,0,0,0,0,0,0,0,0,0,0,0,0,0,0,0,0,0,0,0,0,0,0,0,0,0,0,0,0,0,0,0,0,0,0,0,0,0,0,0,0,0,0,0,0,0,0,0,0,0,0,0,0,0,0,0,0,0,0,0,0,0,0,0,0,0,0,0,0,0,0,0,0,0,0,0,0,0,0,0,0
"kilimanjaro/rombo/marangukitowo",0,0,0,0,0,0,0,0,0,0,0,0,0,0,0,0,0,0,0,0,0,0,0,0,0,0,0,0,0,0,0,0,0,0,0,0,0,0,0,0,0,0,0,0,0,0,0,0,0,0,0,0,0,0,0,0,0,0,0,0,0,0,0,0,0,0,0,0,0,0,0,0,0,0,0,0,0,0,0,0,0,0,0,0,0,0,0,0,0,0,0,0,0,0,0,0,0,0,0,0,0,0,0,0,0,0,0,0,0,0,0,0,0,0,0,0,0,0,0,0,0,0,0,0,0,0,0,0,0,0,0,0,0,0,0,0,0,0,0,0,0,0,0,0,0,0,0,0,0,0,0,0,0,0,0,0,0,0,0,0,0,0,0,0,0,0,0,0,0,0,0,0,0,0,0,0,0,0,0,0,0,0,0,0,0,0,0,0,0,0,0,0,0,0,0,0,0,0,0,0,0,0,0,0,0,0,0,0,0,0,0,0,0,0,0,0,0,0,0,0,0,0,0,0,0,0,0,0,0,0,0,0,0,0,0,0,0,0,0,0,0,0,0,0,0,0,0,0,0,0,0,0,0,0,0,0,0,0,0,0,0,0,0,0,0,0,0,0,0,0,0,0,0,0,0,0,0,0,0,0,0,0,0,0,0,0,0,0,0,0,0,0,0,0,0,0,0,0,0,0,0,0,0,0,0,0,0,0,0,0,0,0,0,0,0,0,0,0,0,0,0,0,0,0,0,0,0,0,0,0,0,0,0,0,0,0,0,0,0,0,0,0,0,0,0,0,0,0,0,0,0,0,0,0,0,0,0,0,0,0,0,0,0,0,0,0,0,0,0,0,0,0,0,0,0,0,0,0,0,0,0,0,0,0,0,0,0,0,0,0,0,0,0,0,0,0,0,0
"kilimanjaro/moshi/marangumagharibi",0,0,0,0,0,0,0,0,0,0,0,0,0,0,0,0,0,0,0,0,0,0,0,0,0,0,0,0,0,0,0,0,0,0,0,0,0,0,0,0,0,0,0,0,0,0,0,0,0,0,0,0,0,0,0,0,0,0,0,0,0,0,0,0,0,0,0,0,0,0,0,0,0,0,0,0,0,0,0,0,0,0,0,0,0,0,0,0,0,0,0,0,0,0,0,0,0,0,0,0,0,0,0,0,0,0,0,0,0,0,0,0,0,0,0,0,0,0,0,0,0,0,0,0,0,0,0,0,0,0,0,0,0,0,0,0,0,0,0,0,0,0,0,0,0,0,0,0,0,0,0,0,0,0,0,0,0,0,0,0,0,0,0,0,0,0,0,0,0,0,0,0,0,0,0,0,0,0,0,0,0,0,0,0,0,0,0,0,0,0,0,0,0,0,0,0,0,0,0,0,0,0,0,0,0,0,0,0,0,0,0,0,0,0,0,0,0,0,0,0,0,0,0,0,0,0,0,0,0,0,0,0,0,0,0,0,0,0,0,0,0,0,0,0,0,0,0,0,0,0,0,0,0,0,0,0,0,0,0,0,0,0,0,0,0,0,0,0,0,0,0,0,0,0,0,0,0,0,0,0,0,0,0,0,0,0,0,0,0,0,0,0,0,0,0,0,0,0,0,0,0,0,0,0,0,0,0,0,0,0,0,0,0,0,0,0,0,0,0,0,0,0,0,0,0,0,0,0,0,0,0,0,0,0,0,0,0,0,0,0,0,0,0,0,0,0,0,0,0,0,0,0,0,0,0,0,0,0,0,0,0,0,0,0,0,0,0,0,0,0,0,0,0,0,0,0,0,0,0,0,0,0,0,0,0,0,0,0,0,0,0,0,0,0,0,0,0,0
"kilimanjaro/moshi/marangumashariki",0,0,0,0,0,0,0,0,0,0,0,0,0,0,0,0,0,0,0,0,0,0,0,0,0,0,0,0,0,0,0,0,0,0,0,0,0,0,0,0,0,0,0,0,0,0,0,0,0,0,0,0,0,0,0,0,0,0,0,0,0,0,0,0,0,0,0,0,0,0,0,0,0,0,0,0,0,0,0,0,0,0,0,0,0,0,0,0,0,0,0,0,0,0,0,0,0,0,0,0,0,0,0,0,0,0,0,0,0,0,0,0,0,0,0,0,0,0,0,0,0,0,0,0,0,0,0,0,0,0,0,0,0,0,0,0,0,0,0,0,0,0,0,0,0,0,0,0,0,0,0,0,0,0,0,0,0,0,0,0,0,0,0,0,0,0,0,0,0,0,0,0,0,0,0,0,0,0,0,0,0,0,0,0,0,0,0,0,0,0,0,0,0,0,0,0,0,0,0,0,0,0,0,0,0,0,0,0,0,0,0,0,0,0,0,0,0,0,0,0,0,0,0,0,0,0,0,0,0,0,0,0,0,0,0,0,0,0,0,0,0,0,0,0,0,0,0,0,0,0,0,0,0,0,0,0,0,0,0,0,0,0,0,0,0,0,0,0,0,0,0,0,0,0,0,0,0,0,0,0,0,0,0,0,0,0,0,0,0,0,0,0,0,0,0,0,0,0,0,0,0,0,0,0,0,0,0,0,0,0,0,0,0,0,0,0,0,0,0,0,0,0,0,0,0,0,0,0,0,0,0,0,0,0,0,0,0,0,0,0,0,0,0,0,0,0,0,0,0,0,0,0,0,0,0,0,0,0,0,0,0,0,0,0,0,0,0,0,0,0,0,0,0,0,0,0,0,0,0,0,0,0,0,0,0,0,0,0,0,0,0,0,0,0,0,0,0,0
"manyara/mbulu/maretadu",0,0,0,0,0,0,0,0,0,0,0,0,0,0,0,0,0,0,0,0,0,0,0,0,0,0,0,0,0,0,0,0,0,0,0,0,0,0,0,0,0,0,0,0,0,0,0,0,0,0,0,0,0,0,0,0,0,0,0,0,0,0,0,0,0,0,0,0,0,0,0,0,0,0,0,0,0,0,0,0,0,0,0,0,0,0,0,0,0,0,0,0,0,0,0,0,0,0,0,0,0,0,0,0,0,0,0,0,0,0,0,0,0,0,0,0,0,0,0,0,0,0,0,0,0,0,0,0,0,0,0,0,0,0,0,0,0,0,0,0,0,0,0,0,0,0,0,0,0,0,0,0,0,0,0,0,0,0,0,0,0,0,0,0,0,0,0,0,0,0,0,0,0,0,0,0,0,0,0,0,0,0,0,0,0,0,0,0,0,0,0,0,0,0,0,0,0,0,0,0,0,0,0,0,0,0,0,0,0,0,0,0,0,0,0,0,0,0,0,0,0,0,0,0,0,0,0,0,0,0,0,0,0,0,0,0,0,0,0,0,0,0,0,0,0,0,0,0,0,0,0,0,0,0,0,0,0,0,0,0,0,0,0,0,0,0,0,0,0,0,0,0,0,0,0,0,0,0,0,0,0,0,0,0,0,0,0,0,0,0,0,0,0,0,0,0,0,0,0,0,0,0,0,0,0,0,0,0,0,0,0,0,0,0,0,0,0,0,0,0,0,0,0,0,0,0,0,0,0,0,0,0,0,0,0,0,0,0,0,0,0,0,0,0,0,0,0,0,0,0,0,0,0,0,0,0,0,0,0,0,0,0,0,0,0,0,0,0,0,0,0,0,0,0,0,0,0,0,0,0,0,0,0,0,0,0,0,0,0,0,0,0,0,0,0,0,0,0
"arusha/meru/maroroni",0,0,0,0,0,0,0,0,0,0,0,0,0,0,0,0,0,0,0,0,0,0,0,0,0,0,0,0,0,0,0,0,0,0,0,0,0,0,0,0,0,0,0,0,0,0,0,0,0,0,0,0,0,0,0,0,0,0,0,0,0,0,0,0,0,0,0,0,0,0,0,0,0,0,0,0,0,0,0,0,0,0,0,0,0,0,0,0,0,0,0,0,0,0,0,0,0,0,0,0,0,0,0,0,0,0,0,0,0,0,0,0,0,0,0,0,0,0,0,0,0,0,0,0,0,0,0,0,0,0,0,0,0,0,0,0,0,0,0,0,0,0,0,0,0,0,0,0,0,0,0,0,0,0,0,0,0,0,0,0,0,0,0,0,0,0,0,0,0,0,0,0,0,0,0,0,0,0,0,0,0,0,0,0,0,0,0,0,0,0,0,0,0,0,0,0,0,0,0,0,0,0,0,0,0,0,0,0,0,0,0,0,0,0,0,0,0,0,0,0,0,0,0,0,0,0,0,0,0,0,0,0,0,0,0,0,0,0,0,0,0,0,0,0,0,0,0,0,0,0,0,0,0,0,0,0,0,0,0,0,0,0,0,0,0,0,0,0,0,0,0,0,0,0,0,0,0,0,0,0,0,0,0,0,0,0,0,0,0,0,0,0,0,0,0,0,0,0,0,0,0,0,0,0,0,0,0,0,0,0,0,0,0,0,0,0,0,0,0,0,0,0,0,0,0,0,0,0,0,0,0,0,0,0,0,0,0,0,0,0,0,0,0,0,0,0,0,0,0,0,0,0,0,0,0,0,0,0,0,0,0,0,0,0,0,0,0,0,0,0,0,0,0,0,0,0,0,0,0,0,0,0,0,0,0,0,0,0,0,0,0,0,0,0,0,0,0,0
"manyara/hanang/masakta",0,0,0,0,0,0,0,0,0,0,0,0,0,0,0,0,0,0,0,0,0,0,0,0,0,0,0,0,0,0,0,0,0,0,0,0,0,0,0,0,0,0,0,0,0,0,0,0,0,0,0,0,0,0,0,0,0,0,0,0,0,0,0,0,0,0,0,0,0,0,0,0,0,0,0,0,0,0,0,0,0,0,0,0,0,0,0,0,0,0,0,0,0,0,0,0,0,0,0,0,0,0,0,0,0,0,0,0,0,0,0,0,0,0,0,0,0,0,0,0,0,0,0,0,0,0,0,0,0,0,0,0,0,0,0,0,0,0,0,0,0,0,0,0,0,0,0,0,0,0,0,0,0,0,0,0,0,0,0,0,0,0,0,0,0,0,0,0,0,0,0,0,0,0,0,0,0,0,0,0,0,0,0,0,0,0,0,0,0,0,0,0,0,0,0,0,0,0,0,0,0,0,0,0,0,0,0,0,0,0,0,0,0,0,0,0,0,0,0,0,0,0,0,0,0,0,0,0,0,0,0,0,0,0,0,0,0,0,0,0,0,0,0,0,0,0,0,0,0,0,0,0,0,0,0,0,0,0,0,0,0,0,0,0,0,0,0,0,0,0,0,0,0,0,0,0,0,0,0,0,0,0,0,0,0,0,0,0,0,0,0,0,0,0,0,0,0,0,0,0,0,0,0,0,0,0,0,0,0,0,0,0,0,0,0,0,0,0,0,0,0,0,0,0,0,0,0,0,0,0,0,0,0,0,0,0,0,0,0,0,0,0,0,0,0,0,0,0,0,0,0,0,0,0,0,0,0,0,0,0,0,0,0,0,0,0,0,0,0,0,0,0,0,0,0,0,0,0,0,0,0,0,0,0,0,0,0,0,0,0,0,0,0,0,0,0,0,0
"kilimanjaro/hai/masamakati",0,0,0,0,0,0,0,0,0,0,0,0,0,0,0,0,0,0,0,0,0,0,0,0,0,0,0,0,0,0,0,0,0,0,0,0,0,0,0,0,0,0,0,0,0,0,0,0,0,0,0,0,0,0,0,0,0,0,0,0,0,0,0,0,0,0,0,0,0,0,0,0,0,0,0,0,0,0,0,0,0,0,0,0,0,0,0,0,0,0,0,0,0,0,0,0,0,0,0,0,0,0,0,0,0,0,0,0,0,0,0,0,0,0,0,0,0,0,0,0,0,0,0,0,0,0,0,0,0,0,0,0,0,0,0,0,0,0,0,0,0,0,0,0,0,0,0,0,0,0,0,0,0,0,0,0,0,0,0,0,0,0,0,0,0,0,0,0,0,0,0,0,0,0,0,0,0,0,0,0,0,0,0,0,0,0,0,0,0,0,0,0,0,0,0,0,0,0,0,0,0,0,0,0,0,0,0,0,0,0,0,0,0,0,0,0,0,0,0,0,0,0,0,0,0,0,0,0,0,0,0,0,0,0,0,0,0,0,0,0,0,0,0,0,0,0,0,0,0,0,0,0,0,0,0,0,0,0,0,0,0,0,0,0,0,0,0,0,0,0,0,0,0,0,0,0,0,0,0,0,0,0,0,0,0,0,0,0,0,0,0,0,0,0,0,0,0,0,0,0,0,0,0,0,0,0,0,0,0,0,0,0,0,0,0,0,0,0,0,0,0,0,0,0,0,0,0,0,0,0,0,0,0,0,0,0,0,0,0,0,0,0,0,0,0,0,0,0,0,0,0,0,0,0,0,0,0,0,0,0,0,0,0,0,0,0,0,0,0,0,0,0,0,0,0,0,0,0,0,0,0,0,0,0,0,0,0,0,0,0,0,0,0,0,0,0,0,0
"kilimanjaro/hai/masamakusini",0,0,0,0,0,0,0,0,0,0,0,0,0,0,0,0,0,0,0,0,0,0,0,0,0,0,0,0,0,0,0,0,0,0,0,0,0,0,0,0,0,0,0,0,0,0,0,0,0,0,0,0,0,0,0,0,0,0,0,0,0,0,0,0,0,0,0,0,0,0,0,0,0,0,0,0,0,0,0,0,0,0,0,0,0,0,0,0,0,0,0,0,0,0,0,0,0,0,0,0,0,0,0,0,0,0,0,0,0,0,0,0,0,0,0,0,0,0,0,0,0,0,0,0,0,0,0,0,0,0,0,0,0,0,0,0,0,0,0,0,0,0,0,0,0,0,0,0,0,0,0,0,0,0,0,0,0,0,0,0,0,0,0,0,0,0,0,0,0,0,0,0,0,0,0,0,0,0,0,0,0,0,0,0,0,0,0,0,0,0,0,0,0,0,0,0,0,0,0,0,0,0,0,0,0,0,0,0,0,0,0,0,0,0,0,0,0,0,0,0,0,0,0,0,0,0,0,0,0,0,0,0,0,0,0,0,0,0,0,0,0,0,0,0,0,0,0,0,0,0,0,0,0,0,0,0,0,0,0,0,0,0,0,0,0,0,0,0,0,0,0,0,0,0,0,0,0,0,0,0,0,0,0,0,0,0,0,0,0,0,0,0,0,0,0,0,0,0,0,0,0,0,0,0,0,0,0,0,0,0,0,0,0,0,0,0,0,0,0,0,0,0,0,0,0,0,0,0,0,0,0,0,0,0,0,0,0,0,0,0,0,0,0,0,0,0,0,0,0,0,0,0,0,0,0,0,0,0,0,0,0,0,0,0,0,0,0,0,0,0,0,0,0,0,0,0,0,0,0,0,0,0,0,0,0,0,0,0,0,0,0,0,0,0,0,0,0,0
"kilimanjaro/hai/masamamagharibi",0,0,0,0,0,0,0,0,0,0,0,0,0,0,0,0,0,0,0,0,0,0,0,0,0,0,0,0,0,0,0,0,0,0,0,0,0,0,0,0,0,0,0,0,0,0,0,0,0,0,0,0,0,0,0,0,0,0,0,0,0,0,0,0,0,0,0,0,0,0,0,0,0,0,0,0,0,0,0,0,0,0,0,0,0,0,0,0,0,0,0,0,0,0,0,0,0,0,0,0,0,0,0,0,0,0,0,0,0,0,0,0,0,0,0,0,0,0,0,0,0,0,0,0,0,0,0,0,0,0,0,0,0,0,0,0,0,0,0,0,0,0,0,0,0,0,0,0,0,0,0,0,0,0,0,0,0,0,0,0,0,0,0,0,0,0,0,0,0,0,0,0,0,0,0,0,0,0,0,0,0,0,0,0,0,0,0,0,0,0,0,0,0,0,0,0,0,0,0,0,0,0,0,0,0,0,0,0,0,0,0,0,0,0,0,0,0,0,0,0,0,0,0,0,0,0,0,0,0,0,0,0,0,0,0,0,0,0,0,0,0,0,0,0,0,0,0,0,0,0,0,0,0,0,0,0,0,0,0,0,0,0,0,0,0,0,0,0,0,0,0,0,0,0,0,0,0,0,0,0,0,0,0,0,0,0,0,0,0,0,0,0,0,0,0,0,0,0,0,0,0,0,0,0,0,0,0,0,0,0,0,0,0,0,0,0,0,0,0,0,0,0,0,0,0,0,0,0,0,0,0,0,0,0,0,0,0,0,0,0,0,0,0,0,0,0,0,0,0,0,0,0,0,0,0,0,0,0,0,0,0,0,0,0,0,0,0,0,0,0,0,0,0,0,0,0,0,0,0,0,0,0,0,0,0,0,0,0,0,0,0,0,0,0,0,0,0,0
"kilimanjaro/hai/masamamashariki",4e-06,0,1e-06,0,0,4.9e-05,0,0,0,1e-06,0,0,3e-06,3.8e-05,0,0,0,0,0,0,0,2.9e-05,0,3e-06,0,1e-06,0,0,0,0,1.5e-05,0,0,0,0,0,3e-06,0,0,1e-06,0,0,1e-06,0,0,0,0,0.000627,9e-06,0,0,0,0,0,0,0,1e-06,0,2e-06,5e-06,3e-06,2e-06,1.1e-05,0,0,1.9e-05,4e-06,0,0,1e-06,0,0,1e-05,0,0,2e-06,0,0,0,0,0,0,0,0,0,0,0.001344,0,0,7e-06,0,0,0.000283,2.2e-05,0,0,0.000399,0,0.00015,3.6e-05,0,0,2e-06,5e-06,1.3e-05,0.000301,0,0.000131,2.4e-05,2e-06,0.000403,0.00019,0,0,2e-06,1e-06,0.000238,0,0.000519,0.000156,0.000102,0.002271,0,1e-06,0,1e-06,1e-06,0.000518,2e-05,3e-06,2e-06,3.2e-05,5.1e-05,2.7e-05,0,1.9e-05,1e-06,5.2e-05,9.2e-05,0.000356,5e-05,0,5e-06,3.3e-05,2e-06,1.8e-05,0,0.000122,0.000145,3.3e-05,2e-06,0,2e-06,0,5e-06,8.2e-05,4e-06,0,0,0.008582,6e-06,8e-06,1e-06,1e-06,0,0,7e-06,2.1e-05,3.1e-05,2e-06,0,6e-06,0.000474,2e-06,7.3e-05,1e-06,8e-06,0,0.000232,1e-06,0,0,6e-06,1.4e-05,0.014212,0.041803,9e-06,2.1e-05,0.002254,0.001684,3.4e-05,0,0,0,1e-06,0,1e-06,0,0.000193,0,0.000188,0,3e-06,1e-06,0.000134,2.7e-05,0.000534,4e-06,1e-06,2e-06,2e-06,0,0.000159,1e-06,0,1e-06,0,0.000797,1.4e-05,7e-05,0,1e-06,0,6.2e-05,0.001613,0.000106,0,5e-06,0,0,0,0,1.7e-05,3.7e-05,0,0,5e-06,1e-05,1e-06,1e-06,1.1e-05,0.00018,2e-06,0.000202,0,3e-06,1e-05,3e-05,0,1e-06,0.000169,5.3e-05,0,4.9e-05,0.000114,2e-06,2e-06,2e-06,2e-06,0,0,9e-06,0,0,2e-06,0,0,2.9e-05,0,0,3.1e-05,6.8e-05,0,0,0.000543,3e-06,2e-06,4e-06,0,0,5e-06,0,0.000363,0,0,0,0,6e-06,0,1e-05,0,3.5e-05,0,0.000162,3.5e-05,0.000116,0.000122,1e-06,7e-06,0,0,0,3e-06,2e-06,0,3e-06,5e-06,1e-06,0,1.4e-05,2.3e-05,0,0,2e-06,2.5e-05,0,0,0.000141,0.000419,2.5e-05,3e-06,5.3e-05,0.000127,0.000149,0.000271,1e-06,1e-06,1e-06,0,9e-06,2e-05,5e-06,0.000313,5e-06,3e-06,0,1.2e-05,0,0.000227,0,0,3e-06,0,0,1.2e-05,1e-06,0,2.4e-05,1.3e-05,1e-06,0,0.000397,3e-06,0.000211,2e-06,5e-06,1.2e-05,2e-06,2e-06,4.3e-05,0,0,0,0,0,0.000167,2.3e-05,7e-05,0,3.4e-05,1.7e-05,0,0,0,4e-06,6e-06,1e-06,0,0.00012,0,0,0,0.000812,0,0,3e-06,6e-06,0.000665,8.9e-05,3e-06,0.000112,2e-06,0,0,0,0,0,0
"kilimanjaro/hai/masamarundugai",0,0,0,0,0,0,0,0,0,0,0,0,0,0,0,0,0,0,0,0,0,0,0,0,0,0,0,0,0,0,0,0,0,0,0,0,0,0,0,0,0,0,0,0,0,0,0,0,0,0,0,0,0,0,0,0,0,0,0,0,0,0,0,0,0,0,0,0,0,0,0,0,0,0,0,0,0,0,0,0,0,0,0,0,0,0,0,0,0,0,0,0,0,0,0,0,0,0,0,0,0,0,0,0,0,0,0,0,0,0,0,0,0,0,0,0,0,0,0,0,0,0,0,0,0,0,0,0,0,0,0,0,0,0,0,0,0,0,0,0,0,0,0,0,0,0,0,0,0,0,0,0,0,0,0,0,0,0,0,0,0,0,0,0,0,0,0,0,0,0,0,0,0,0,0,0,0,0,0,0,0,0,0,0,0,0,0,0,0,0,0,0,0,0,0,0,0,0,0,0,0,0,0,0,0,0,0,0,0,0,0,0,0,0,0,0,0,0,0,0,0,0,0,0,0,0,0,0,0,0,0,0,0,0,0,0,0,0,0,0,0,0,0,0,0,0,0,0,0,0,0,0,0,0,0,0,0,0,0,0,0,0,0,0,0,0,0,0,0,0,0,0,0,0,0,0,0,0,0,0,0,0,0,0,0,0,0,0,0,0,0,0,0,0,0,0,0,0,0,0,0,0,0,0,0,0,0,0,0,0,0,0,0,0,0,0,0,0,0,0,0,0,0,0,0,0,0,0,0,0,0,0,0,0,0,0,0,0,0,0,0,0,0,0,0,0,0,0,0,0,0,0,0,0,0,0,0,0,0,0,0,0,0,0,0,0,0,0,0,0,0,0,0,0,0,0,0,0,0,0,0,0,0,0,0,0,0,0,0,0,0,0,0,0,0,0,0,0
"manyara/mbulu/masieda",0,0,0,0,0,0,0,0,0,0,0,0,0,0,0,0,0,0,0,0,0,0,0,0,0,0,0,0,0,0,0,0,0,0,0,0,0,0,0,0,0,0,0,0,0,0,0,0,0,0,0,0,0,0,0,0,0,0,0,0,0,0,0,0,0,0,0,0,0,0,0,0,0,0,0,0,0,0,0,0,0,0,0,0,0,0,0,0,0,0,0,0,0,0,0,0,0,0,0,0,0,0,0,0,0,0,0,0,0,0,0,0,0,0,0,0,0,0,0,0,0,0,0,0,0,0,0,0,0,0,0,0,0,0,0,0,0,0,0,0,0,0,0,0,0,0,0,0,0,0,0,0,0,0,0,0,0,0,0,0,0,0,0,0,0,0,0,0,0,0,0,0,0,0,0,0,0,0,0,0,0,0,0,0,0,0,0,0,0,0,0,0,0,0,0,0,0,0,0,0,0,0,0,0,0,0,0,0,0,0,0,0,0,0,0,0,0,0,0,0,0,0,0,0,0,0,0,0,0,0,0,0,0,0,0,0,0,0,0,0,0,0,0,0,0,0,0,0,0,0,0,0,0,0,0,0,0,0,0,0,0,0,0,0,0,0,0,0,0,0,0,0,0,0,0,0,0,0,0,0,0,0,0,0,0,0,0,0,0,0,0,0,0,0,0,0,0,0,0,0,0,0,0,0,0,0,0,0,0,0,0,0,0,0,0,0,0,0,0,0,0,0,0,0,0,0,0,0,0,0,0,0,0,0,0,0,0,0,0,0,0,0,0,0,0,0,0,0,0,0,0,0,0,0,0,0,0,0,0,0,0,0,0,0,0,0,0,0,0,0,0,0,0,0,0,0,0,0,0,0,0,0,0,0,0,0,0,0,0,0,0,0,0,0,0,0,0,0
"manyara/hanang/maskron",0,0,0,0,0,0,0,0,0,0,0,0,0,0,0,0,0,0,0,0,0,0,0,0,0,0,0,0,0,0,0,0,0,0,0,0,0,0,0,0,0,0,0,0,0,0,0,0,0,0,0,0,0,0,0,0,0,0,0,0,0,0,0,0,0,0,0,0,0,0,0,0,0,0,0,0,0,0,0,0,0,0,0,0,0,0,0,0,0,0,0,0,0,0,0,0,0,0,0,0,0,0,0,0,0,0,0,0,0,0,0,0,0,0,0,0,0,0,0,0,0,0,0,0,0,0,0,0,0,0,0,0,0,0,0,0,0,0,0,0,0,0,0,0,0,0,0,0,0,0,0,0,0,0,0,0,0,0,0,0,0,0,0,0,0,0,0,0,0,0,0,0,0,0,0,0,0,0,0,0,0,0,0,0,0,0,0,0,0,0,0,0,0,0,0,0,0,0,0,0,0,0,0,0,0,0,0,0,0,0,0,0,0,0,0,0,0,0,0,0,0,0,0,0,0,0,0,0,0,0,0,0,0,0,0,0,0,0,0,0,0,0,0,0,0,0,0,0,0,0,0,0,0,0,0,0,0,0,0,0,0,0,0,0,0,0,0,0,0,0,0,0,0,0,0,0,0,0,0,0,0,0,0,0,0,0,0,0,0,0,0,0,0,0,0,0,0,0,0,0,0,0,0,0,0,0,0,0,0,0,0,0,0,0,0,0,0,0,0,0,0,0,0,0,0,0,0,0,0,0,0,0,0,0,0,0,0,0,0,0,0,0,0,0,0,0,0,0,0,0,0,0,0,0,0,0,0,0,0,0,0,0,0,0,0,0,0,0,0,0,0,0,0,0,0,0,0,0,0,0,0,0,0,0,0,0,0,0,0,0,0,0,0,0,0,0,0,0
"manyara/hanang/masqaroda",0,0,0,0,0,0,0,0,0,0,0,0,0,0,0,0,0,0,0,0,0,0,0,0,0,0,0,0,0,0,0,0,0,0,0,0,0,0,0,0,0,0,0,0,0,0,0,0,0,0,0,0,0,0,0,0,0,0,0,0,0,0,0,0,0,0,0,0,0,0,0,0,0,0,0,0,0,0,0,0,0,0,0,0,0,0,0,0,0,0,0,0,0,0,0,0,0,0,0,0,0,0,0,0,0,0,0,0,0,0,0,0,0,0,0,0,0,0,0,0,0,0,0,0,0,0,0,0,0,0,0,0,0,0,0,0,0,0,0,0,0,0,0,0,0,0,0,0,0,0,0,0,0,0,0,0,0,0,0,0,0,0,0,0,0,0,0,0,0,0,0,0,0,0,0,0,0,0,0,0,0,0,0,0,0,0,0,0,0,0,0,0,0,0,0,0,0,0,0,0,0,0,0,0,0,0,0,0,0,0,0,0,0,0,0,0,0,0,0,0,0,0,0,0,0,0,0,0,0,0,0,0,0,0,0,0,0,0,0,0,0,0,0,0,0,0,0,0,0,0,0,0,0,0,0,0,0,0,0,0,0,0,0,0,0,0,0,0,0,0,0,0,0,0,0,0,0,0,0,0,0,0,0,0,0,0,0,0,0,0,0,0,0,0,0,0,0,0,0,0,0,0,0,0,0,0,0,0,0,0,0,0,0,0,0,0,0,0,0,0,0,0,0,0,0,0,0,0,0,0,0,0,0,0,0,0,0,0,0,0,0,0,0,0,0,0,0,0,0,0,0,0,0,0,0,0,0,0,0,0,0,0,0,0,0,0,0,0,0,0,0,0,0,0,0,0,0,0,0,0,0,0,0,0,0,0,0,0,0,0,0,0,0,0,0,0,0,0
"manyara/mbulu/masqaroda",0,0,0,0,0,0,0,0,0,0,0,0,0,0,0,0,0,0,0,0,0,0,0,0,0,0,0,0,0,0,0,0,0,0,0,0,0,0,0,0,0,0,0,0,0,0,0,0,0,0,0,0,0,0,0,0,0,0,0,0,0,0,0,0,0,0,0,0,0,0,0,0,0,0,0,0,0,0,0,0,0,0,0,0,0,0,0,0,0,0,0,0,0,0,0,0,0,0,0,0,0,0,0,0,0,0,0,0,0,0,0,0,0,0,0,0,0,0,0,0,0,0,0,0,0,0,0,0,0,0,0,0,0,0,0,0,0,0,0,0,0,0,0,0,0,0,0,0,0,0,0,0,0,0,0,0,0,0,0,0,0,0,0,0,0,0,0,0,0,0,0,0,0,0,0,0,0,0,0,0,0,0,0,0,0,0,0,0,0,0,0,0,0,0,0,0,0,0,0,0,0,0,0,0,0,0,0,0,0,0,0,0,0,0,0,0,0,0,0,0,0,0,0,0,0,0,0,0,0,0,0,0,0,0,0,0,0,0,0,0,0,0,0,0,0,0,0,0,0,0,0,0,0,0,0,0,0,0,0,0,0,0,0,0,0,0,0,0,0,0,0,0,0,0,0,0,0,0,0,0,0,0,0,0,0,0,0,0,0,0,0,0,0,0,0,0,0,0,0,0,0,0,0,0,0,0,0,0,0,0,0,0,0,0,0,0,0,0,0,0,0,0,0,0,0,0,0,0,0,0,0,0,0,0,0,0,0,0,0,0,0,0,0,0,0,0,0,0,0,0,0,0,0,0,0,0,0,0,0,0,0,0,0,0,0,0,0,0,0,0,0,0,0,0,0,0,0,0,0,0,0,0,0,0,0,0,0,0,0,0,0,0,0,0,0,0,0,0
"arusha/longido/matale",0,0,0,0,0,0,0,0,0,0,0,0,0,0,0,0,0,0,0,0,0,0,0,0,0,0,0,0,0,0,0,0,0,0,0,0,0,0,0,0,0,0,0,0,0,0,0,0,0,0,0,0,0,0,0,0,0,0,0,0,0,0,0,0,0,0,0,0,0,0,0,0,0,0,0,0,0,0,0,0,0,0,0,0,0,0,0,0,0,0,0,0,0,0,0,0,0,0,0,0,0,0,0,0,0,0,0,0,0,0,0,0,0,0,0,0,0,0,0,0,0,0,0,0,0,0,0,0,0,0,0,0,0,0,0,0,0,0,0,0,0,0,0,0,0,0,0,0,0,0,0,0,0,0,0,0,0,0,0,0,0,0,0,0,0,0,0,0,0,0,0,0,0,0,0,0,0,0,0,0,0,0,0,0,0,0,0,0,0,0,0,0,0,0,0,0,0,0,0,0,0,0,0,0,0,0,0,0,0,0,0,0,0,0,0,0,0,0,0,0,0,0,0,0,0,0,0,0,0,0,0,0,0,0,0,0,0,0,0,0,0,0,0,0,0,0,0,0,0,0,0,0,0,0,0,0,0,0,0,0,0,0,0,0,0,0,0,0,0,0,0,0,0,0,0,0,0,0,0,0,0,0,0,0,0,0,0,0,0,0,0,0,0,0,0,0,0,0,0,0,0,0,0,0,0,0,0,0,0,0,0,0,0,0,0,0,0,0,0,0,0,0,0,0,0,0,0,0,0,0,0,0,0,0,0,0,0,0,0,0,0,0,0,0,0,0,0,0,0,0,0,0,0,0,0,0,0,0,0,0,0,0,0,0,0,0,0,0,0,0,0,0,0,0,0,0,0,0,0,0,0,0,0,0,0,0,0,0,0,0,0,0,0,0,0,0,0,0
"arusha/arusha/mateves",0,0,0,0,0,0,0,0,0,0,0,0,0,0,0,0,0,0,0,0,0,0,0,0,0,0,0,0,0,0,0,0,0,0,0,0,0,0,0,0,0,0,0,0,0,0,0,0,0,0,0,0,0,0,0,0,0,0,0,0,0,0,0,0,0,0,0,0,0,0,0,0,0,0,0,0,0,0,0,0,0,0,0,0,0,0,0,0,0,0,0,0,0,0,0,0,0,0,0,0,0,0,0,0,0,0,0,0,0,0,0,0,0,0,0,0,0,0,0,0,0,0,0,0,0,0,0,0,0,0,0,0,0,0,0,0,0,0,0,0,0,0,0,0,0,0,0,0,0,0,0,0,0,0,0,0,0,0,0,0,0,0,0,0,0,0,0,0,0,0,0,0,0,0,0,0,0,0,0,0,0,0,0,0,0,0,0,0,0,0,0,0,0,0,0,0,0,0,0,0,0,0,0,0,0,0,0,0,0,0,0,0,0,0,0,0,0,0,0,0,0,0,0,0,0,0,0,0,0,0,0,0,0,0,0,0,0,0,0,0,0,0,0,0,0,0,0,0,0,0,0,0,0,0,0,0,0,0,0,0,0,0,0,0,0,0,0,0,0,0,0,0,0,0,0,0,0,0,0,0,0,0,0,0,0,0,0,0,0,0,0,0,0,0,0,0,0,0,0,0,0,0,0,0,0,0,0,0,0,0,0,0,0,0,0,0,0,0,0,0,0,0,0,0,0,0,0,0,0,0,0,0,0,0,0,0,0,0,0,0,0,0,0,0,0,0,0,0,0,0,0,0,0,0,0,0,0,0,0,0,0,0,0,0,0,0,0,0,0,0,0,0,0,0,0,0,0,0,0,0,0,0,0,0,0,0,0,0,0,0,0,0,0,0,0,0,0,0
"manyara/kiteto/matui",0,0,0,0,0,0,0,0,0,0,0,0,0,0,0,0,0,0,0,0,0,0,0,0,0,0,0,0,0,0,0,0,0,0,0,0,0,0,0,0,0,0,0,0,0,0,0,0,0,0,0,0,0,0,0,0,0,0,0,0,0,0,0,0,0,0,0,0,0,0,0,0,0,0,0,0,0,0,0,0,0,0,0,0,0,0,0,0,0,0,0,0,0,0,0,0,0,0,0,0,0,0,0,0,0,0,0,0,0,0,0,0,0,0,0,0,0,0,0,0,0,0,0,0,0,0,0,0,0,0,0,0,0,0,0,0,0,0,0,0,0,0,0,0,0,0,0,0,0,0,0,0,0,0,0,0,0,0,0,0,0,0,0,0,0,0,0,0,0,0,0,0,0,0,0,0,0,0,0,0,0,0,0,0,0,0,0,0,0,0,0,0,0,0,0,0,0,0,0,0,0,0,0,0,0,0,0,0,0,0,0,0,0,0,0,0,0,0,0,0,0,0,0,0,0,0,0,0,0,0,0,0,0,0,0,0,0,0,0,0,0,0,0,0,0,0,0,0,0,0,0,0,0,0,0,0,0,0,0,0,0,0,0,0,0,0,0,0,0,0,0,0,0,0,0,0,0,0,0,0,0,0,0,0,0,0,0,0,0,0,0,0,0,0,0,0,0,0,0,0,0,0,0,0,0,0,0,0,0,0,0,0,0,0,0,0,0,0,0,0,0,0,0,0,0,0,0,0,0,0,0,0,0,0,0,0,0,0,0,0,0,0,0,0,0,0,0,0,0,0,0,0,0,0,0,0,0,0,0,0,0,0,0,0,0,0,0,0,0,0,0,0,0,0,0,0,0,0,0,0,0,0,0,0,0,0,0,0,0,0,0,0,0,0,0,0,0,0
"kilimanjaro/moshimunicipal/mawenzi",0,0,0,0,0,0,0,0,0,0,0,0,0,0,0,0,0,0,0,0,0,0,0,0,0,0,0,0,0,0,0,0,0,0,0,0,0,0,0,0,0,0,0,0,0,0,0,0,0,0,0,0,0,0,0,0,0,0,0,0,0,0,0,0,0,0,0,0,0,0,0,0,0,0,0,0,0,0,0,0,0,0,0,0,0,0,0,0,0,0,0,0,0,0,0,0,0,0,0,0,0,0,0,0,0,0,0,0,0,0,0,0,0,0,0,0,0,0,0,0,0,0,0,0,0,0,0,0,0,0,0,0,0,0,0,0,0,0,0,0,0,0,0,0,0,0,0,0,0,0,0,0,0,0,0,0,0,0,0,0,0,0,0,0,0,0,0,0,0,0,0,0,0,0,0,0,0,0,0,0,0,0,0,0,0,0,0,0,0,0,0,0,0,0,0,0,0,0,0,0,0,0,0,0,0,0,0,0,0,0,0,0,0,0,0,0,0,0,0,0,0,0,0,0,0,0,0,0,0,0,0,0,0,0,0,0,0,0,0,0,0,0,0,0,0,0,0,0,0,0,0,0,0,0,0,0,0,0,0,0,0,0,0,0,0,0,0,0,0,0,0,0,0,0,0,0,0,0,0,0,0,0,0,0,0,0,0,0,0,0,0,0,0,0,0,0,0,0,0,0,0,0,0,0,0,0,0,0,0,0,0,0,0,0,0,0,0,0,0,0,0,0,0,0,0,0,0,0,0,0,0,0,0,0,0,0,0,0,0,0,0,0,0,0,0,0,0,0,0,0,0,0,0,0,0,0,0,0,0,0,0,0,0,0,0,0,0,0,0,0,0,0,0,0,0,0,0,0,0,0,0,0,0,0,0,0,0,0,0,0,0,0,0,0,0,0,0,0
"kilimanjaro/moshi/mbokomu",0,0,0,0,0,0,0,0,0,0,0,0,0,0,0,0,0,0,0,0,0,0,0,0,0,0,0,0,0,0,0,0,0,0,0,0,0,0,0,0,0,0,0,0,0,0,0,0,0,0,0,0,0,0,0,0,0,0,0,0,0,0,0,0,0,0,0,0,0,0,0,0,0,0,0,0,0,0,0,0,0,0,0,0,0,0,0,0,0,0,0,0,0,0,0,0,0,0,0,0,0,0,0,0,0,0,0,0,0,0,0,0,0,0,0,0,0,0,0,0,0,0,0,0,0,0,0,0,0,0,0,0,0,0,0,0,0,0,0,0,0,0,0,0,0,0,0,0,0,0,0,0,0,0,0,0,0,0,0,0,0,0,0,0,0,0,0,0,0,0,0,0,0,0,0,0,0,0,0,0,0,0,0,0,0,0,0,0,0,0,0,0,0,0,0,0,0,0,0,0,0,0,0,0,0,0,0,0,0,0,0,0,0,0,0,0,0,0,0,0,0,0,0,0,0,0,0,0,0,0,0,0,0,0,0,0,0,0,0,0,0,0,0,0,0,0,0,0,0,0,0,0,0,0,0,0,0,0,0,0,0,0,0,0,0,0,0,0,0,0,0,0,0,0,0,0,0,0,0,0,0,0,0,0,0,0,0,0,0,0,0,0,0,0,0,0,0,0,0,0,0,0,0,0,0,0,0,0,0,0,0,0,0,0,0,0,0,0,0,0,0,0,0,0,0,0,0,0,0,0,0,0,0,0,0,0,0,0,0,0,0,0,0,0,0,0,0,0,0,0,0,0,0,0,0,0,0,0,0,0,0,0,0,0,0,0,0,0,0,0,0,0,0,0,0,0,0,0,0,0,0,0,0,0,0,0,0,0,0,0,0,0,0,0,0,0,0,0
"arusha/meru/mbuguni",0,0,0,0,0,0,0,0,0,0,0,0,0,0,0,0,0,0,0,0,0,0,0,0,0,0,0,0,0,0,0,0,0,0,0,0,0,0,0,0,0,0,0,0,0,0,0,0,0,0,0,0,0,0,0,0,0,0,0,0,0,0,0,0,0,0,0,0,0,0,0,0,0,0,0,0,0,0,0,0,0,0,0,0,0,0,0,0,0,0,0,0,0,0,0,0,0,0,0,0,0,0,0,0,0,0,0,0,0,0,0,0,0,0,0,0,0,0,0,0,0,0,0,0,0,0,0,0,0,0,0,0,0,0,0,0,0,0,0,0,0,0,0,0,0,0,0,0,0,0,0,0,0,0,0,0,0,0,0,0,0,0,0,0,0,0,0,0,0,0,0,0,0,0,0,0,0,0,0,0,0,0,0,0,0,0,0,0,0,0,0,0,0,0,0,0,0,0,0,0,0,0,0,0,0,0,0,0,0,0,0,0,0,0,0,0,0,0,0,0,0,0,0,0,0,0,0,0,0,0,0,0,0,0,0,0,0,0,0,0,0,0,0,0,0,0,0,0,0,0,0,0,0,0,0,0,0,0,0,0,0,0,0,0,0,0,0,0,0,0,0,0,0,0,0,0,0,0,0,0,0,0,0,0,0,0,0,0,0,0,0,0,0,0,0,0,0,0,0,0,0,0,0,0,0,0,0,0,0,0,0,0,0,0,0,0,0,0,0,0,0,0,0,0,0,0,0,0,0,0,0,0,0,0,0,0,0,0,0,0,0,0,0,0,0,0,0,0,0,0,0,0,0,0,0,0,0,0,0,0,0,0,0,0,0,0,0,0,0,0,0,0,0,0,0,0,0,0,0,0,0,0,0,0,0,0,0,0,0,0,0,0,0,0,0,0,0,0
"arusha/karatu/mbulumbulu",0.000134,0.000389,7e-06,0.000574,5e-06,0.000299,4e-06,6e-06,3e-06,0.000976,1.5e-05,2e-06,0.000114,0.00166,0.000313,2.1e-05,1e-05,2.5e-05,4e-06,1.3e-05,4e-06,8.3e-05,3e-06,7e-06,3e-06,2e-06,6e-06,3e-05,1e-06,5e-06,0.000397,4e-06,2e-06,3e-06,0.000315,8e-06,0.000173,0.000223,5.9e-05,0.00045,6e-06,2e-06,0.000178,0.000213,2.8e-05,4e-06,0.000323,0.044198,0.00242,8.5e-05,1.1e-05,5.2e-05,0.000122,6e-06,0.000129,2e-06,1.2e-05,9e-06,0.000137,0.014443,0.000643,0.013308,0.001213,1.3e-05,0,0.00106,0.001159,4e-06,0.001651,0.000721,0.000149,0,2e-05,0.000206,1e-05,0.001861,0.00039,2e-06,2e-06,3e-06,1e-06,1.3e-05,4e-06,2e-06,7e-06,9e-06,0.002901,3e-06,0.000132,0.000618,1e-06,3e-06,0.001893,0.000946,0.000191,0.000675,0.000203,2e-06,0.000924,0.000223,8e-06,1.6e-05,0.00012,0.000276,3.3e-05,0.001726,2.8e-05,0.000228,0.000156,0.024482,0.00014,0.000655,6.4e-05,7e-06,9e-06,7e-06,0.001043,3e-06,0.001203,0.000125,6.8e-05,0.00233,5e-06,2e-05,2e-06,4.8e-05,0.000143,0.006249,0.000432,8e-06,6e-06,0.000218,0.000404,5.1e-05,1e-06,0.00094,6.1e-05,0.000139,0.006401,0.000386,0.00024,3e-06,0.000372,3.6e-05,1.3e-05,0.000277,1.2e-05,0.000483,0.000419,0.000132,6e-06,4e-06,1e-05,5e-06,0.000211,0.015262,2.8e-05,0.000278,1.9e-05,0.017848,5.7e-05,0.001277,3e-06,1.3e-05,2e-06,2e-06,7.7e-05,0.000145,0.00183,3e-05,5e-05,0.015271,0.029757,0.000105,5.1e-05,0.000224,0.005267,1.9e-05,0.00037,8.2e-05,2e-06,9.1e-05,0.000344,5.6e-05,0.002699,0.045765,6e-06,1e-05,0.001317,0.000418,9.7e-05,5.2e-05,0.000383,7e-06,0.000966,7e-06,6e-06,6e-06,0.000416,0.000307,0.002292,5.5e-05,0.000199,8e-06,0.000548,7.2e-05,0.003206,0.009757,0.002175,9e-06,7e-06,1.8e-05,0.001036,3e-06,1.2e-05,5.1e-05,1.2e-05,0.004853,4.6e-05,0.00028,7e-06,9e-06,3e-06,1.1e-05,0.001689,4.1e-05,0.002437,1.7e-05,6.4e-05,2e-06,2e-06,1.1e-05,0.005443,0.004266,2e-05,1e-06,9e-06,0.000336,0,6e-06,0.00017,0.046628,3e-06,0.00597,2e-06,6e-06,2.3e-05,0.001128,3e-06,0.000167,0.009869,0.026709,5.6e-05,0.002277,0.000345,9.8e-05,8e-06,2.8e-05,5e-06,3e-06,2e-06,0.000129,2.5e-05,3e-06,0.033921,0.000124,9e-06,0.005275,3e-06,0.000279,0.004341,0.000756,5e-06,3e-06,0.002868,1.5e-05,0.000112,0.000356,1.3e-05,0.004838,5.7e-05,0.000152,0.022488,2.7e-05,4e-06,8e-06,1e-06,2e-05,8e-06,1e-05,2e-05,0.000127,9e-06,0.005189,8.9e-05,0.000246,0.003007,5.3e-05,0.000145,0.002652,3e-06,2e-06,6e-06,5.3e-05,4e-06,0.007749,0.000197,2.3e-05,1.5e-05,9e-06,0.003199,0.001268,1.2e-05,5e-06,5.9e-05,6.6e-05,4.5e-05,0.007552,0.001806,0.003038,0.000265,0.0047,0.000251,0.001267,0.027666,0.000846,0.001214,7.4e-05,6.8e-05,0.000764,0.001013,0.000541,0.032995,0.002411,0.000297,5e-06,3.1e-05,0.00025,0.005448,1.6e-05,9e-05,5e-06,0.000269,7e-06,0.000481,7.2e-05,0.000374,0.001278,0.000382,0.000407,6e-06,0.000681,7.2e-05,0.011816,0.023692,0.002658,0.000556,2.4e-05,1.2e-05,9.2e-05,6e-06,2e-06,5e-06,1e-06,5.3e-05,0.00749,0.002156,0.005136,6e-06,0.000671,3.5e-05,1e-06,4e-06,1.3e-05,1.6e-05,0.000448,0.000221,1.7e-05,0.003426,6e-06,2e-06,6e-06,0.003685,3.9e-05,6e-06,0.000216,8e-06,0.000909,0.00016,5e-06,0.002227,6e-06,3e-06,7e-06,1e-06,1e-06,7e-06,6e-06
"kilimanjaro/rombo/mengwe",0,0,0,0,0,0,0,0,0,0,0,0,0,0,0,0,0,0,0,0,0,0,0,0,0,0,0,0,0,0,0,0,0,0,0,0,0,0,0,0,0,0,0,0,0,0,0,0,0,0,0,0,0,0,0,0,0,0,0,0,0,0,0,0,0,0,0,0,0,0,0,0,0,0,0,0,0,0,0,0,0,0,0,0,0,0,0,0,0,0,0,0,0,0,0,0,0,0,0,0,0,0,0,0,0,0,0,0,0,0,0,0,0,0,0,0,0,0,0,0,0,0,0,0,0,0,0,0,0,0,0,0,0,0,0,0,0,0,0,0,0,0,0,0,0,0,0,0,0,0,0,0,0,0,0,0,0,0,0,0,0,0,0,0,0,0,0,0,0,0,0,0,0,0,0,0,0,0,0,0,0,0,0,0,0,0,0,0,0,0,0,0,0,0,0,0,0,0,0,0,0,0,0,0,0,0,0,0,0,0,0,0,0,0,0,0,0,0,0,0,0,0,0,0,0,0,0,0,0,0,0,0,0,0,0,0,0,0,0,0,0,0,0,0,0,0,0,0,0,0,0,0,0,0,0,0,0,0,0,0,0,0,0,0,0,0,0,0,0,0,0,0,0,0,0,0,0,0,0,0,0,0,0,0,0,0,0,0,0,0,0,0,0,0,0,0,0,0,0,0,0,0,0,0,0,0,0,0,0,0,0,0,0,0,0,0,0,0,0,0,0,0,0,0,0,0,0,0,0,0,0,0,0,0,0,0,0,0,0,0,0,0,0,0,0,0,0,0,0,0,0,0,0,0,0,0,0,0,0,0,0,0,0,0,0,0,0,0,0,0,0,0,0,0,0,0,0,0,0,0,0,0,0,0,0,0,0,0,0,0,0,0,0,0,0,0,0,0
"manyara/simanjiro/mererani",8.1e-05,1e-06,3e-06,3e-06,0,0.000459,0,0,0,2e-05,0,0,4.1e-05,0.000698,3e-06,0,0,0,0,0,1e-06,4.1e-05,0,7e-06,1e-06,2e-06,0,0,0,1e-06,0.000925,0,0,2e-06,1e-06,0,5.2e-05,3e-06,0,5e-06,0,0,9e-06,2e-06,1e-06,0,3e-06,0.010296,0.000211,0,0,0,0,0,2e-06,0,0.001181,0,3.8e-05,4.7e-05,1.3e-05,1.9e-05,5.9e-05,1e-06,0,0.000461,4.8e-05,0,4e-06,2e-05,0,0,9e-06,1e-06,0,1.4e-05,2e-06,0,0,0,0,0,0,0,0,0,0.005162,0,1e-06,8.5e-05,0,0,0.000969,0.000232,1e-06,5e-06,0.000124,1e-06,0.000986,0.000178,0,0,2.1e-05,7.5e-05,3.5e-05,0.000377,0,0.000245,6.7e-05,1.8e-05,8.7e-05,0.000276,1e-06,2e-06,4e-06,3e-06,0.003298,0,0.001056,7.4e-05,3.4e-05,0.001414,3e-06,1.1e-05,1e-06,8e-06,9e-06,0.007562,0.000959,5e-06,4e-06,0.000103,0.000291,5.1e-05,1e-06,0.000336,1.3e-05,0.000109,0.000326,0.000372,0.000348,1e-06,8.6e-05,3.1e-05,5e-06,0.00015,0,0.000391,0.000278,9.1e-05,3e-06,3e-06,4e-06,2e-06,4.7e-05,0.001285,7e-06,3e-06,3e-06,0.018405,3.5e-05,0.000288,3e-06,6e-06,0,0,7.5e-05,9.1e-05,0.000661,2e-05,3e-06,8.3e-05,0.007981,4.3e-05,2.6e-05,1.9e-05,0.000167,1e-06,0.000353,8e-06,0,1e-06,6.7e-05,6.7e-05,0.001873,0.089425,3e-06,6e-06,0.001194,0.000345,0.00015,1e-06,2e-06,0,1.3e-05,0,3e-06,0,0.000398,0,0.002519,6e-06,3.4e-05,7.1e-05,0.000255,5.7e-05,0.001995,5.2e-05,9e-06,4e-06,4e-06,0,0.000476,1e-06,0,1e-05,0,0.001683,2.6e-05,0.000161,0,2.8e-05,0,8e-06,0.002051,3.2e-05,0.00161,3.5e-05,0,0,0,0,8.9e-05,0.000754,1e-06,1e-06,7e-06,0.001529,8e-06,3e-06,0,0.003492,3e-06,0.002134,1e-06,6e-06,2.2e-05,0.000849,0,2.9e-05,0.002645,0.000483,2e-06,0.001102,0.000107,2e-05,3e-06,1.8e-05,5e-06,1e-06,1e-06,0.000173,0,1e-06,2.2e-05,2e-06,0,0.000389,0,4e-06,0.000349,0.000589,3e-06,1e-06,0.001585,8e-06,2.1e-05,0.000112,0,2e-06,0.000296,0,0.001229,0,0,0,0,7e-06,0,7e-06,2e-06,3.4e-05,2e-06,0.007313,8.1e-05,8.9e-05,0.000618,1.3e-05,0.000131,5e-06,1e-06,1e-06,6e-06,2.4e-05,0,5.1e-05,8.9e-05,1.6e-05,7e-06,5e-06,0.000422,2e-06,1e-06,5e-06,4.3e-05,0,0,0.000809,0.000692,0.000837,0.000106,0.000518,0.000321,0.000224,0.003467,7e-06,1e-05,2.8e-05,1e-06,0.000139,0.000291,7e-05,0.001247,3.3e-05,5.6e-05,0,3.5e-05,2e-06,0.003856,1e-06,0,5e-06,0,0,0.000173,1.1e-05,3e-06,0.000231,0.000152,4e-06,0,0.000414,4.3e-05,0.003591,2.6e-05,6.9e-05,0.001,1.5e-05,5e-06,0.000107,0,0,0,0,1e-06,0.002564,0.000469,0.001267,0,0.000316,3.8e-05,0,1e-06,1e-06,5e-06,0.000176,3.4e-05,6e-06,0.000291,0,1e-06,0,0.00129,1e-06,0,5.8e-05,5e-06,0.00076,0.000112,3e-06,0.002456,3e-06,1e-06,2e-06,0,0,0,0
"arusha/monduli/meserani",0.035935,0.002069,0.000788,0.004193,0.000283,0.046719,0.000152,0.000215,0.00022,0.071577,0.001095,0.000102,0.027871,0.361716,0.007317,0.000628,0.00017,0.000632,8.6e-05,0.000294,0.000344,0.006392,0.000206,0.000954,0.000325,0.000297,0.000435,0.000707,5.5e-05,0.000468,0.098026,0.000335,0.000192,0.000417,0.001567,0.000229,0.055489,0.006214,0.000801,0.009199,0.000223,5.5e-05,0.006738,0.004346,0.001103,0.000241,0.008671,0.989344,0.543695,0.000595,0.000193,0.000583,0.001295,0.000226,0.004059,9.8e-05,0.00326,0.001194,0.018818,0.086488,0.012342,0.048631,0.081943,0.001003,7e-06,0.308954,0.228416,0.000136,0.032639,0.048164,0.000745,2.3e-05,0.002657,0.007058,0.000264,0.019271,0.004938,8e-05,8.4e-05,0.000116,6.7e-05,0.000474,0.000172,0.000143,0.000366,0.000136,0.364144,0.000131,0.002506,0.030131,7.6e-05,7.2e-05,0.188067,0.172827,0.003313,0.021461,0.027662,0.000243,0.123262,0.029232,0.000336,0.00027,0.010712,0.080569,0.004781,0.140756,0.00055,0.032823,0.022904,0.06724,0.019088,0.067925,0.001844,0.002118,0.001061,0.000736,0.175845,0.000238,0.148015,0.015604,0.004593,0.24114,0.000641,0.002444,0.000249,0.00437,0.006207,0.446853,0.114621,0.000933,0.000754,0.013766,0.050775,0.007322,0.000178,0.236815,0.015621,0.018276,0.272477,0.053548,0.044292,0.000255,0.104236,0.004957,0.001322,0.033254,0.000346,0.061806,0.050996,0.016612,0.000709,0.000608,0.001026,0.000579,0.019716,0.954381,0.001412,0.004236,0.002148,0.822836,0.007097,0.197693,0.000454,0.001569,5.5e-05,0.000102,0.011394,0.024366,0.444773,0.004051,0.002053,0.494038,0.976172,0.014917,0.006691,0.021607,0.710203,0.001117,0.050735,0.007328,0.000152,0.001553,0.033791,0.008339,0.287249,0.926801,0.000681,0.001284,0.166704,0.057405,0.015377,0.00254,0.006518,0.000135,0.04521,0.00053,0.000741,0.000441,0.056507,0.000979,0.36457,0.007216,0.010701,0.001874,0.058727,0.011572,0.305296,0.434093,0.022041,0.000991,0.000879,0.001237,0.106081,0.000341,0.000192,0.004647,0.000297,0.358444,0.00554,0.032841,0.000132,0.002326,0.000165,0.001588,0.225316,0.005959,0.26627,0.002963,0.001467,0.000102,9.7e-05,0.000176,0.131106,0.80014,0.001578,7.8e-05,0.001231,0.049916,0.030717,0.000614,0.042705,0,0.000478,0.295972,0.000258,0.000925,0.003196,0.296007,0.000171,0.150127,0.844822,0.615378,0.012534,0.482044,0.034211,0.009527,0.000877,0.003596,0.000731,0.000335,0.000243,0.011471,0.003316,0.000285,0.10102,0.004135,0.000413,0.692308,0.000265,0.026465,0.52529,0.096554,0.000574,0.000355,0.271055,0.001749,0.010553,0.03712,0.000547,0.008713,0.012261,0.000808,0.621796,0.001093,0.000172,0.000344,7.1e-05,0.002048,0.000376,0.001475,0.002167,0.013404,0.000814,0.727317,0.012303,0.02912,0.200971,0.016809,0.023688,0.017781,0.000281,0.000195,0.000886,0.006636,0.00041,0.24171,0.051085,0.005132,0.00383,0.001141,0.439843,0.005205,0.001064,7e-04,0.007605,0.000485,0.000473,0.370806,0.166823,0.55578,0.151051,0.518272,0.041541,0.104329,0.883298,0.008782,0.011963,0.023476,0.00172,0.194334,0.227322,0.127021,0.57053,0.051965,0.02152,0.000227,0.004581,0.003943,0.658585,0.002022,0.000659,0.000753,0.001092,0.000224,0.058321,0.006885,0.006176,0.210247,0.044627,0.007675,0.000198,0.093047,0.018172,0.885794,0.121315,0.632593,0.078068,0.003115,0.001281,0.013677,0.000357,6.8e-05,0.000351,8.3e-05,0.001218,0.767204,0.317533,0.739876,0.000474,0.124275,0.005127,0.00013,0.000376,0.00051,0.001637,0.189052,0.055829,0.005741,0.130344,0.000207,0.000229,0.000252,0.294222,0.001804,0.000187,0.068432,0.000998,0.114578,0.020486,0.000683,0.39948,0.000648,0.00035,0.000665,0.000131,0.000129,0.000271,0.000175
"kilimanjaro/moshimunicipal/mfumuni",0,0,0,0,0,0,0,0,0,0,0,0,0,0,0,0,0,0,0,0,0,0,0,0,0,0,0,0,0,0,0,0,0,0,0,0,0,0,0,0,0,0,0,0,0,0,0,0,0,0,0,0,0,0,0,0,0,0,0,0,0,0,0,0,0,0,0,0,0,0,0,0,0,0,0,0,0,0,0,0,0,0,0,0,0,0,0,0,0,0,0,0,0,0,0,0,0,0,0,0,0,0,0,0,0,0,0,0,0,0,0,0,0,0,0,0,0,0,0,0,0,0,0,0,0,0,0,0,0,0,0,0,0,0,0,0,0,0,0,0,0,0,0,0,0,0,0,0,0,0,0,0,0,0,0,0,0,0,0,0,0,0,0,0,0,0,0,0,0,0,0,0,0,0,0,0,0,0,0,0,0,0,0,0,0,0,0,0,0,0,0,0,0,0,0,0,0,0,0,0,0,0,0,0,0,0,0,0,0,0,0,0,0,0,0,0,0,0,0,0,0,0,0,0,0,0,0,0,0,0,0,0,0,0,0,0,0,0,0,0,0,0,0,0,0,0,0,0,0,0,0,0,0,0,0,0,0,0,0,0,0,0,0,0,0,0,0,0,0,0,0,0,0,0,0,0,0,0,0,0,0,0,0,0,0,0,0,0,0,0,0,0,0,0,0,0,0,0,0,0,0,0,0,0,0,0,0,0,0,0,0,0,0,0,0,0,0,0,0,0,0,0,0,0,0,0,0,0,0,0,0,0,0,0,0,0,0,0,0,0,0,0,0,0,0,0,0,0,0,0,0,0,0,0,0,0,0,0,0,0,0,0,0,0,0,0,0,0,0,0,0,0,0,0,0,0,0,0,0,0,0,0,0,0,0,0,0,0,0,0,0,0,0,0,0,0,0,0
"kilimanjaro/mwanga/mgagao",0.001875,9.8e-05,0.001476,0.000844,1.6e-05,0.087557,6e-06,8e-06,1.4e-05,0.003519,5.8e-05,1.2e-05,0.001211,0.018122,0.000528,2.3e-05,2.2e-05,8.8e-05,1.6e-05,6.1e-05,0.001075,0.002814,1.4e-05,0.001132,0.002208,0.000335,2.6e-05,1.9e-05,1.7e-05,0.002432,0.008277,9.5e-05,0.001427,0.017956,0.00012,3.5e-05,0.001528,0.000776,5.8e-05,0.001126,1.5e-05,1.2e-05,0.005122,0.000541,0.000652,1.6e-05,0.000245,0.270879,0.018626,3.9e-05,1.6e-05,2.9e-05,3e-05,1.8e-05,0.000637,8e-06,0.000679,4.3e-05,0.027566,0.013532,0.0025,0.003027,0.004503,0.000324,1e-06,0.011357,0.002568,1.2e-05,0.000404,0.004421,2.2e-05,2e-06,0.000597,0.000227,6.1e-05,0.002817,0.000256,7e-06,1e-05,1.1e-05,5e-06,6.9e-05,1.2e-05,1.7e-05,3.1e-05,1.2e-05,0.190358,1.1e-05,0.00049,0.202384,7e-06,1.6e-05,0.462212,0.008366,0.000123,0.000893,0.008652,0.003558,0.310003,0.10118,1.3e-05,2.2e-05,0.043102,0.002323,0.005949,0.061338,1.9e-05,0.030311,0.003192,0.003595,0.006351,0.078632,0.000365,5.6e-05,0.001556,0.001444,0.070909,7.3e-05,0.181184,0.010936,0.005696,0.195605,0.011511,0.063035,0.007399,0.016305,0.005865,0.173121,0.010722,0.001358,0.001299,0.065643,0.239154,0.007413,0.015414,0.009326,0.000446,0.026302,0.039601,0.040931,0.008846,0.001082,0.002818,0.003955,0.00177,0.608584,3.1e-05,0.121392,0.075416,0.033523,0.000943,0.014405,0.001693,0.012679,0.15578,0.054641,0.003567,0.000395,0.001746,0.838468,0.056757,0.031182,0.000493,0.132614,1.3e-05,1.3e-05,0.084794,0.003299,0.017597,0.135834,0.001871,0.008896,0.21075,0.053177,0.002017,0.004559,0.018307,0.000111,0.048043,0.004264,0.000829,0.000177,0.106647,0.014018,0.167647,0.936906,0.000303,0.000704,0.105056,0.028434,0.014366,0.000147,0.000318,2.2e-05,0.002509,0.000183,0.001948,1.9e-05,0.064588,1.8e-05,0.051697,0.00151,0.110034,0.000377,0.090263,0.002399,0.643964,0.006186,0.00169,0.001801,0.001841,7.4e-05,0.253355,0.000701,1e-05,0.024489,1e-05,0.477151,0.008605,0.061314,2e-05,0.000303,1.1e-05,0.000619,0.105804,0.00208,0.128925,0.002212,6.9e-05,9e-06,7e-06,1.9e-05,0.014474,0.02583,0.000431,8.7e-05,0.001458,0.011626,0.001336,0.001333,0.010194,0.118917,0.000519,0,0.003301,0.001105,0.003888,0.016441,1.7e-05,0.00108,0.078713,0.043979,0.000117,0.026084,0.019584,0.050016,0.001346,0.046174,0.000938,0.003901,0.002145,0.046378,2.4e-05,0.00172,0.003594,0.000305,1.9e-05,0.017895,1.1e-05,0.000534,0.016461,0.611421,0.006911,0.003851,0.517817,0.003488,0.047257,0.034635,1.9e-05,0.000276,0.008542,3.3e-05,0.148354,4.6e-05,0.000121,3.4e-05,7e-06,0.001973,2.6e-05,0.000389,0.000748,0.00345,0.003793,0.09589,0.016373,0.007258,0.037612,0.00042,0.123483,8e-04,0.00072,0.00822,0.001028,0.355405,0.00012,0.008488,0.002359,0.000392,0.000194,0.000746,0.020245,0.000642,0.000257,0.001088,0.009781,1.7e-05,0.000111,0.056951,0.201526,0.031904,0.003664,0.023346,0.012348,0.027004,0.162365,0.002318,0.002976,0.000747,0.000268,0.004956,0.009059,0.002842,0.154178,0.007301,0.043433,0.000149,0.005313,0.000334,0.082162,0.000115,1.9e-05,0.000792,2.4e-05,2.7e-05,0.346916,0.012874,0.00064,0.009259,0.697325,0.000905,7e-06,0.022471,0.001042,0.099376,0.003472,0.004116,0.036304,0.059992,0.002322,0.013713,1.8e-05,1.2e-05,1.9e-05,8e-06,0.000176,0.071408,0.018774,0.038708,0.000154,0.009662,0.005264,0.002265,0.00217,0.00042,0.001382,0.004544,0.002959,0.000167,0.039093,1e-05,0.008095,1.4e-05,0.320051,0.000146,7e-06,0.001783,0.000903,0.106008,0.022208,0.000696,0.043222,0.000856,0.003474,0.004839,0.00451,0.000449,1.5e-05,1.2e-05
"kilimanjaro/same/mhezi",0,0,0,0,0,0,0,0,0,0,0,0,0,0,0,0,0,0,0,0,0,0,0,0,0,0,0,0,0,0,0,0,0,0,0,0,0,0,0,0,0,0,0,0,0,0,0,0,0,0,0,0,0,0,0,0,0,0,0,0,0,0,0,0,0,0,0,0,0,0,0,0,0,0,0,0,0,0,0,0,0,0,0,0,0,0,0,0,0,0,0,0,0,0,0,0,0,0,0,0,0,0,0,0,0,0,0,0,0,0,0,0,0,0,0,0,0,0,0,0,0,0,0,0,0,0,0,0,0,0,0,0,0,0,0,0,0,0,0,0,0,0,0,0,0,0,0,0,0,0,0,0,0,0,0,0,0,0,0,0,0,0,0,0,0,0,0,0,0,0,0,0,0,0,0,0,0,0,0,0,0,0,0,0,0,0,0,0,0,0,0,0,0,0,0,0,0,0,0,0,0,0,0,0,0,0,0,0,0,0,0,0,0,0,0,0,0,0,0,0,0,0,0,0,0,0,0,0,0,0,0,0,0,0,0,0,0,0,0,0,0,0,0,0,0,0,0,0,0,0,0,0,0,0,0,0,0,0,0,0,0,0,0,0,0,0,0,0,0,0,0,0,0,0,0,0,0,0,0,0,0,0,0,0,0,0,0,0,0,0,0,0,0,0,0,0,0,0,0,0,0,0,0,0,0,0,0,0,0,0,0,0,0,0,0,0,0,0,0,0,0,0,0,0,0,0,0,0,0,0,0,0,0,0,0,0,0,0,0,0,0,0,0,0,0,0,0,0,0,0,0,0,0,0,0,0,0,0,0,0,0,0,0,0,0,0,0,0,0,0,0,0,0,0,0,0,0,0,0,0,0,0,0,0,0,0,0,0,0,0,0,0,0,0,0,0,0,0
"kilimanjaro/moshimunicipal/miembeni",0,0,0,0,0,0,0,0,0,0,0,0,0,0,0,0,0,0,0,0,0,0,0,0,0,0,0,0,0,0,0,0,0,0,0,0,0,0,0,0,0,0,0,0,0,0,0,0,0,0,0,0,0,0,0,0,0,0,0,0,0,0,0,0,0,0,0,0,0,0,0,0,0,0,0,0,0,0,0,0,0,0,0,0,0,0,0,0,0,0,0,0,0,0,0,0,0,0,0,0,0,0,0,0,0,0,0,0,0,0,0,0,0,0,0,0,0,0,0,0,0,0,0,0,0,0,0,0,0,0,0,0,0,0,0,0,0,0,0,0,0,0,0,0,0,0,0,0,0,0,0,0,0,0,0,0,0,0,0,0,0,0,0,0,0,0,0,0,0,0,0,0,0,0,0,0,0,0,0,0,0,0,0,0,0,0,0,0,0,0,0,0,0,0,0,0,0,0,0,0,0,0,0,0,0,0,0,0,0,0,0,0,0,0,0,0,0,0,0,0,0,0,0,0,0,0,0,0,0,0,0,0,0,0,0,0,0,0,0,0,0,0,0,0,0,0,0,0,0,0,0,0,0,0,0,0,0,0,0,0,0,0,0,0,0,0,0,0,0,0,0,0,0,0,0,0,0,0,0,0,0,0,0,0,0,0,0,0,0,0,0,0,0,0,0,0,0,0,0,0,0,0,0,0,0,0,0,0,0,0,0,0,0,0,0,0,0,0,0,0,0,0,0,0,0,0,0,0,0,0,0,0,0,0,0,0,0,0,0,0,0,0,0,0,0,0,0,0,0,0,0,0,0,0,0,0,0,0,0,0,0,0,0,0,0,0,0,0,0,0,0,0,0,0,0,0,0,0,0,0,0,0,0,0,0,0,0,0,0,0,0,0,0,0,0,0,0,0
"kilimanjaro/moshimunicipal/mjimpya",0,0,0,0,0,0,0,0,0,0,0,0,0,0,0,0,0,0,0,0,0,0,0,0,0,0,0,0,0,0,0,0,0,0,0,0,0,0,0,0,0,0,0,0,0,0,0,0,0,0,0,0,0,0,0,0,0,0,0,0,0,0,0,0,0,0,0,0,0,0,0,0,0,0,0,0,0,0,0,0,0,0,0,0,0,0,0,0,0,0,0,0,0,0,0,0,0,0,0,0,0,0,0,0,0,0,0,0,0,0,0,0,0,0,0,0,0,0,0,0,0,0,0,0,0,0,0,0,0,0,0,0,0,0,0,0,0,0,0,0,0,0,0,0,0,0,0,0,0,0,0,0,0,0,0,0,0,0,0,0,0,0,0,0,0,0,0,0,0,0,0,0,0,0,0,0,0,0,0,0,0,0,0,0,0,0,0,0,0,0,0,0,0,0,0,0,0,0,0,0,0,0,0,0,0,0,0,0,0,0,0,0,0,0,0,0,0,0,0,0,0,0,0,0,0,0,0,0,0,0,0,0,0,0,0,0,0,0,0,0,0,0,0,0,0,0,0,0,0,0,0,0,0,0,0,0,0,0,0,0,0,0,0,0,0,0,0,0,0,0,0,0,0,0,0,0,0,0,0,0,0,0,0,0,0,0,0,0,0,0,0,0,0,0,0,0,0,0,0,0,0,0,0,0,0,0,0,0,0,0,0,0,0,0,0,0,0,0,0,0,0,0,0,0,0,0,0,0,0,0,0,0,0,0,0,0,0,0,0,0,0,0,0,0,0,0,0,0,0,0,0,0,0,0,0,0,0,0,0,0,0,0,0,0,0,0,0,0,0,0,0,0,0,0,0,0,0,0,0,0,0,0,0,0,0,0,0,0,0,0,0,0,0,0,0,0,0,0
"arusha/arusha/mlangarini",7.9e-05,0,0,0,0,1.1e-05,0,0,0,2e-06,0,0,2.3e-05,0.000764,0,0,0,0,0,0,0,3e-06,0,0,0,0,0,0,0,0,0.000167,0,0,0,0,0,4.3e-05,0,0,1e-06,0,0,1e-06,0,0,0,0,0.00638,2e-05,0,0,0,0,0,0,0,1e-06,0,2e-06,5e-06,2e-06,3e-06,1e-05,0,0,0.000669,1.2e-05,0,1e-06,2e-06,0,0,1e-06,0,0,2e-06,0,0,0,0,0,0,0,0,0,0,0.000176,0,0,4e-06,0,0,3.9e-05,8.9e-05,0,1e-06,9e-06,0,2.8e-05,6e-06,0,0,1e-06,5.3e-05,1e-06,2.8e-05,0,9e-06,8e-06,2e-06,6e-06,1.4e-05,0,1e-06,0,0,8e-05,0,3.9e-05,4e-06,2e-06,6.9e-05,0,0,0,0,1e-06,0.000661,0.000185,0,0,4e-06,1e-05,2e-06,0,0.000315,6e-06,4e-06,3.9e-05,1.5e-05,2.4e-05,0,5.2e-05,1e-06,0,5e-06,0,1.4e-05,1.1e-05,3e-06,0,0,0,0,2e-06,0.000422,0,0,0,0.000651,1e-06,1.8e-05,0,0,0,0,2e-06,1.2e-05,0.000725,1e-06,0,1.5e-05,0.005629,2e-06,2e-06,1e-06,2.1e-05,0,1.3e-05,0,0,0,3e-06,2e-06,9.8e-05,0.003227,0,0,5.3e-05,1.7e-05,4e-06,0,0,0,1e-06,0,0,0,1.4e-05,0,0.000433,0,1e-06,1e-06,1.2e-05,5e-06,7.4e-05,8e-06,1e-06,0,0,0,2e-05,0,0,0,0,8.4e-05,1e-06,7e-06,0,2e-06,0,0,9e-05,2e-06,9.2e-05,1e-06,0,0,0,0,1e-05,0.000333,0,0,0,4.6e-05,1e-06,0,1.8e-05,0.000642,0,7.4e-05,0,0,1e-06,0,0,8e-06,0.001747,0.000103,1e-06,0.002147,7e-06,1e-06,0,1e-06,0,0,0,3e-06,0,0,3e-06,0,0,0.000124,0,0,0.000108,1.8e-05,0,0,6.4e-05,0,1e-06,5e-06,0,0,3e-06,0,0.00014,0,0,0,0,0,0,0,0,3e-06,0,0.004049,3e-06,8e-06,0.00012,9e-06,4e-06,1e-06,0,0,0,1e-06,0,6e-06,7.1e-05,5e-06,4e-06,0,0.000221,0,0,0,2e-06,0,0,0.000174,3.5e-05,0.000239,1.3e-05,0.000162,1.7e-05,2.1e-05,0.001547,1e-06,1e-06,3e-05,0,6.9e-05,0.00018,2.8e-05,0.000172,3e-06,2e-06,0,1e-06,0,0.002131,0,0,0,0,0,7e-06,1e-06,0,7.9e-05,6e-06,0,0,3.4e-05,2.7e-05,0.002822,4e-06,1.5e-05,2.1e-05,1e-06,0,4e-06,0,0,0,0,0,0.001834,0.000405,0.000862,0,9.2e-05,1e-06,0,0,0,0,0.000116,3e-06,6e-06,3.4e-05,0,0,0,6.8e-05,0,0,4.3e-05,0,3.1e-05,5e-06,0,0.000931,0,0,0,0,0,0,0
"manyara/hanang/mogitu",0.000157,6.8e-05,2e-05,0.000363,0.000311,0.000817,3.8e-05,4.2e-05,0.000244,0.028475,0.000701,0.002221,0.000117,0.00178,0.002912,0.000112,0.000196,0.002838,0.000686,0.003314,2.2e-05,9e-05,0.000222,1.6e-05,1.8e-05,5e-06,0.000317,4.9e-05,1e-05,2.6e-05,0.000972,8e-05,1e-05,1.2e-05,0.000161,0.001939,0.000172,0.015932,0.000173,0.000461,0.000282,0.000953,0.001606,0.00741,0.000362,0.000384,7.5e-05,0.040447,0.008325,6.3e-05,7.5e-05,5.8e-05,4.8e-05,0.000329,0.02845,0.00068,2.5e-05,9.8e-05,0.000827,0.014031,0.000364,0.000969,0.000734,0.000204,0,0.001184,0.000573,0.000131,0.000399,0.007021,2.9e-05,0.001968,3e-05,0.000938,0.006625,0.00063,0.000101,0.002651,0.00034,0.000335,0.000276,0.001357,0.000303,0.000857,0.005603,4.7e-05,0.005735,0.000474,0.007516,0.002531,0.000658,0.000297,0.005768,0.000876,4.2e-05,0.005255,0.000344,7e-06,0.002661,0.000664,8e-05,5.3e-05,0.000665,0.000264,8.1e-05,0.003336,5.8e-05,0.000528,0.000201,0.003369,0.000243,0.001669,0.193518,6e-06,2.5e-05,1.9e-05,0.00205,4.5e-05,0.002972,0.000271,0.000101,0.005179,1.9e-05,7.1e-05,8e-06,0.000273,0.001114,0.006754,0.00065,2e-05,1.6e-05,0.000437,0.001272,0.000121,5e-06,0.000968,5.3e-05,0.000356,0.006196,0.000851,0.000383,1.5e-05,0.000338,7.9e-05,3.5e-05,0.001034,0.000228,0.001315,0.001086,0.000363,1.7e-05,1.6e-05,2.9e-05,2.4e-05,0.001029,0.010498,5.4e-05,7.3e-05,0.000158,0.041964,0.000191,0.003093,7e-06,5.1e-05,0.000764,0.000921,0.000254,0.000194,0.001933,0.000111,0.000393,0.002763,0.028329,0.000526,8.6e-05,0.001358,0.006867,1.6e-05,0.000858,0.000802,9e-06,9.3e-05,0.002051,0.000146,0.005368,0.145655,1.1e-05,2.1e-05,0.002732,0.000819,0.000227,0.00302,0.000618,0.000382,0.005395,0.000102,1.9e-05,0.000147,0.001008,1.7e-05,0.003154,0.000727,0.000773,1.4e-05,0.001481,0.00011,0.009545,0.002711,0.001097,2.3e-05,2.1e-05,0.000116,0.003117,9e-06,3.4e-05,0.00027,3.7e-05,0.01362,0.000123,0.00077,0.000425,1.5e-05,0.000438,2e-05,0.003237,7.3e-05,0.004573,3.9e-05,0.000329,0.001189,0.000336,0.000112,0.004056,0.003923,0.00041,1e-06,2.3e-05,0.000421,7e-04,1.6e-05,0.00035,0.062392,8e-06,0.017046,1.2e-05,1.6e-05,5.6e-05,0.001411,0,0.000183,0.00935,0.007302,2.7e-05,0.00256,0.000731,0.00054,2.3e-05,9.8e-05,1.3e-05,1.6e-05,1.2e-05,0.000265,2.3e-05,1.6e-05,0.002571,7.1e-05,0.000187,0.003303,7e-05,0.001171,0.002732,0.002549,1.6e-05,1.6e-05,0.008299,4.3e-05,0.000627,0.0012,9.6e-05,0.000212,0.000147,1.8e-05,0.024259,0.000344,4.1e-05,0.000192,0.001365,4.8e-05,0.000906,1.7e-05,0.000254,0.000197,4.8e-05,0.007424,0.000224,0.000378,0.002258,5e-05,0.000546,0.001065,8e-06,6e-06,1.5e-05,0.000232,7.4e-05,0.009994,0.000215,2.8e-05,1.7e-05,1.9e-05,0.002002,0.000431,0.00027,1.3e-05,0.000147,2.7e-05,3e-05,0.004567,0.004743,0.002831,0.000476,0.003329,0.000438,0.001935,0.016298,0.000826,0.000997,7.7e-05,0.000129,0.000646,0.000975,0.000407,0.018304,0.00311,0.001325,5.4e-05,7.6e-05,0.000136,0.00661,0.000299,3e-05,1.3e-05,2.7e-05,0.000364,0.002416,0.00048,0.000294,0.001077,0.001741,0.000404,4.1e-05,0.001054,8.4e-05,0.011635,0.001274,0.001255,0.001026,8.6e-05,3.3e-05,0.000218,0.000231,0.000475,0.000196,0.000321,8.6e-05,0.007571,0.001549,0.004853,9.8e-05,0.000761,8.3e-05,5e-06,2e-05,0.000109,3.8e-05,0.00052,0.000409,1.8e-05,0.00276,8.5e-05,9e-06,0.000234,0.009521,0.010094,3.5e-05,0.000207,1.8e-05,0.002097,0.000386,1.3e-05,0.002969,1.5e-05,1.7e-05,3.5e-05,5e-06,8e-06,0.000185,0.000103
"arusha/monduli/moita",0,0,0,0,0,0,0,0,0,0,0,0,0,0,0,0,0,0,0,0,0,0,0,0,0,0,0,0,0,0,0,0,0,0,0,0,0,0,0,0,0,0,0,0,0,0,0,0,0,0,0,0,0,0,0,0,0,0,0,0,0,0,0,0,0,0,0,0,0,0,0,0,0,0,0,0,0,0,0,0,0,0,0,0,0,0,0,0,0,0,0,0,0,0,0,0,0,0,0,0,0,0,0,0,0,0,0,0,0,0,0,0,0,0,0,0,0,0,0,0,0,0,0,0,0,0,0,0,0,0,0,0,0,0,0,0,0,0,0,0,0,0,0,0,0,0,0,0,0,0,0,0,0,0,0,0,0,0,0,0,0,0,0,0,0,0,0,0,0,0,0,0,0,0,0,0,0,0,0,0,0,0,0,0,0,0,0,0,0,0,0,0,0,0,0,0,0,0,0,0,0,0,0,0,0,0,0,0,0,0,0,0,0,0,0,0,0,0,0,0,0,0,0,0,0,0,0,0,0,0,0,0,0,0,0,0,0,0,0,0,0,0,0,0,0,0,0,0,0,0,0,0,0,0,0,0,0,0,0,0,0,0,0,0,0,0,0,0,0,0,0,0,0,0,0,0,0,0,0,0,0,0,0,0,0,0,0,0,0,0,0,0,0,0,0,0,0,0,0,0,0,0,0,0,0,0,0,0,0,0,0,0,0,0,0,0,0,0,0,0,0,0,0,0,0,0,0,0,0,0,0,0,0,0,0,0,0,0,0,0,0,0,0,0,0,0,0,0,0,0,0,0,0,0,0,0,0,0,0,0,0,0,0,0,0,0,0,0,0,0,0,0,0,0,0,0,0,0,0,0,0,0,0,0,0,0,0,0,0,0,0,0,0,0,0,0,0,0
"arusha/arusha/moivo",0,0,0,0,0,0,0,0,0,0,0,0,0,0,0,0,0,0,0,0,0,0,0,0,0,0,0,0,0,0,0,0,0,0,0,0,0,0,0,0,0,0,0,0,0,0,0,0,0,0,0,0,0,0,0,0,0,0,0,0,0,0,0,0,0,0,0,0,0,0,0,0,0,0,0,0,0,0,0,0,0,0,0,0,0,0,0,0,0,0,0,0,0,0,0,0,0,0,0,0,0,0,0,0,0,0,0,0,0,0,0,0,0,0,0,0,0,0,0,0,0,0,0,0,0,0,0,0,0,0,0,0,0,0,0,0,0,0,0,0,0,0,0,0,0,0,0,0,0,0,0,0,0,0,0,0,0,0,0,0,0,0,0,0,0,0,0,0,0,0,0,0,0,0,0,0,0,0,0,0,0,0,0,0,0,0,0,0,0,0,0,0,0,0,0,0,0,0,0,0,0,0,0,0,0,0,0,0,0,0,0,0,0,0,0,0,0,0,0,0,0,0,0,0,0,0,0,0,0,0,0,0,0,0,0,0,0,0,0,0,0,0,0,0,0,0,0,0,0,0,0,0,0,0,0,0,0,0,0,0,0,0,0,0,0,0,0,0,0,0,0,0,0,0,0,0,0,0,0,0,0,0,0,0,0,0,0,0,0,0,0,0,0,0,0,0,0,0,0,0,0,0,0,0,0,0,0,0,0,0,0,0,0,0,0,0,0,0,0,0,0,0,0,0,0,0,0,0,0,0,0,0,0,0,0,0,0,0,0,0,0,0,0,0,0,0,0,0,0,0,0,0,0,0,0,0,0,0,0,0,0,0,0,0,0,0,0,0,0,0,0,0,0,0,0,0,0,0,0,0,0,0,0,0,0,0,0,0,0,0,0,0,0,0,0,0,0,0
"arusha/monduli/mondulijuu",7.8e-05,6e-06,2e-06,2.4e-05,0,8.2e-05,0,0,0,5.3e-05,1e-06,0,8.1e-05,0.001045,1e-05,1e-06,0,1e-06,0,1e-06,1e-06,3.8e-05,0,2e-06,0,1e-06,0,1e-06,0,1e-06,0.000149,0,0,1e-06,5e-06,0,0.000114,1.1e-05,2e-06,3.3e-05,0,0,1.8e-05,9e-06,3e-06,0,0.000132,0.032701,0.000302,1e-06,0,1e-06,2e-06,0,7e-06,0,4e-06,1e-06,2e-05,0.000347,0.000163,0.000559,0.001261,1e-06,0,0.000579,0.001494,0,3.2e-05,5.5e-05,1e-06,0,9e-06,6e-06,1e-06,0.000235,2.8e-05,0,0,0,0,1e-06,0,0,0,0,0.001062,0,6e-06,8.5e-05,0,0,0.000441,0.000808,3e-05,2.1e-05,8.4e-05,0,0.000238,5.5e-05,0,0,1.6e-05,0.000197,1e-05,0.000548,1e-06,7.2e-05,8.7e-05,0.000208,5.7e-05,0.000177,4e-06,5e-06,2e-06,2e-06,0.000382,0,0.000354,4.1e-05,2.3e-05,0.000741,1e-06,4e-06,0,6e-06,1.5e-05,0.002888,0.000189,2e-06,2e-06,5.5e-05,9.4e-05,1.6e-05,0,0.000615,5.2e-05,4e-05,0.00223,0.000127,0.000108,0,0.000284,1.1e-05,3e-06,5.5e-05,1e-06,0.00013,0.000116,3.5e-05,2e-06,1e-06,2e-06,1e-06,3.2e-05,0.011709,7e-06,9.6e-05,2e-06,0.005492,1.3e-05,0.000226,1e-06,2e-06,0,0,1.8e-05,7.8e-05,0.001077,6e-06,5e-06,0.00202,0.02116,1.7e-05,2.1e-05,2.6e-05,0.00061,8e-06,0.000116,9e-06,0,5e-06,4.7e-05,1.6e-05,0.000962,0.015418,2e-06,4e-06,0.000457,0.000153,3e-05,2e-06,1.1e-05,0,5.3e-05,1e-06,2e-06,0,0.000125,2e-06,0.001177,6e-06,2.9e-05,3e-06,0.000141,3.4e-05,0.000777,0.00064,6.8e-05,2e-06,2e-06,1e-06,0.000242,1e-06,0,7e-06,0,0.001163,1.2e-05,7.3e-05,0,4e-06,0,4e-06,0.000635,1.6e-05,0.000917,6e-06,2e-06,0,0,0,0.000791,0.002362,2e-06,0,3e-06,0.000123,0.000149,1e-06,5.7e-05,0.009933,1e-06,0.00111,0,2e-06,7e-06,0.000571,0,6e-05,0.007296,0,7.2e-05,0.001298,0.000107,1.4e-05,2e-06,6e-06,2e-06,0,0,3.3e-05,1e-06,0,0.000289,3.3e-05,0,0.005935,0,1.4e-05,0.007125,0.000168,1e-06,0,0.000706,4e-06,1.6e-05,6e-05,0,2.3e-05,1.6e-05,3e-06,0.007224,1e-06,0,0,0,5e-06,0,4e-06,2e-06,5.3e-05,1e-06,0.002272,2.6e-05,0.000108,0.002129,3.8e-05,3e-05,3.4e-05,1e-06,0,2e-06,9e-06,0,0.000324,0.000127,1.3e-05,1e-05,3e-06,0.002155,2.5e-05,1e-06,1e-06,1.7e-05,1e-06,4e-06,0.007254,0.000468,0.001114,6.9e-05,0.006617,0.000103,0.000485,0.026099,5e-05,7.4e-05,4.6e-05,5e-06,0.000647,0.000758,0.000574,0.017232,0.000172,4.3e-05,1e-06,9e-06,1.7e-05,0.003127,1e-06,1e-06,2e-06,2e-06,0,7.7e-05,9e-06,2.2e-05,0.001287,6.4e-05,2.6e-05,0,0.000312,4.3e-05,0.008156,0.00078,0.000966,0.000143,5e-06,3e-06,2.9e-05,0,0,0,0,3e-06,0.005244,0.001301,0.003462,1e-06,0.000437,1.1e-05,0,1e-06,1e-06,4e-06,0.00021,4e-05,1.1e-05,0.001641,0,0,0,0.000958,2e-06,0,0.000147,2e-06,0.000285,4.8e-05,2e-06,0.001145,2e-06,1e-06,1e-06,0,0,0,0
"arusha/monduli/mondulimjini",0,0,0,0,0,0,0,0,0,0,0,0,0,0,0,0,0,0,0,0,0,0,0,0,0,0,0,0,0,0,0,0,0,0,0,0,0,0,0,0,0,0,0,0,0,0,0,0,0,0,0,0,0,0,0,0,0,0,0,0,0,0,0,0,0,0,0,0,0,0,0,0,0,0,0,0,0,0,0,0,0,0,0,0,0,0,0,0,0,0,0,0,0,0,0,0,0,0,0,0,0,0,0,0,0,0,0,0,0,0,0,0,0,0,0,0,0,0,0,0,0,0,0,0,0,0,0,0,0,0,0,0,0,0,0,0,0,0,0,0,0,0,0,0,0,0,0,0,0,0,0,0,0,0,0,0,0,0,0,0,0,0,0,0,0,0,0,0,0,0,0,0,0,0,0,0,0,0,0,0,0,0,0,0,0,0,0,0,0,0,0,0,0,0,0,0,0,0,0,0,0,0,0,0,0,0,0,0,0,0,0,0,0,0,0,0,0,0,0,0,0,0,0,0,0,0,0,0,0,0,0,0,0,0,0,0,0,0,0,0,0,0,0,0,0,0,0,0,0,0,0,0,0,0,0,0,0,0,0,0,0,0,0,0,0,0,0,0,0,0,0,0,0,0,0,0,0,0,0,0,0,0,0,0,0,0,0,0,0,0,0,0,0,0,0,0,0,0,0,0,0,0,0,0,0,0,0,0,0,0,0,0,0,0,0,0,0,0,0,0,0,0,0,0,0,0,0,0,0,0,0,0,0,0,0,0,0,0,0,0,0,0,0,0,0,0,0,0,0,0,0,0,0,0,0,0,0,0,0,0,0,0,0,0,0,0,0,0,0,0,0,0,0,0,0,0,0,0,0,0,0,0,0,0,0,0,0,0,0,0,0,0,0,0,0,0,0,0
"arusha/arushaurban/moshono",5.7e-05,0,0,0,0,6e-06,0,0,0,1e-06,0,0,2.4e-05,0.001374,0,0,0,0,0,0,0,2e-06,0,0,0,0,0,0,0,0,6.3e-05,0,0,0,0,0,7.1e-05,0,0,0,0,0,0,0,0,0,0,0.00801,1.2e-05,0,0,0,0,0,0,0,1e-06,0,1e-06,3e-06,1e-06,2e-06,7e-06,0,0,0.001001,1e-05,0,0,1e-06,0,0,0,0,0,1e-06,0,0,0,0,0,0,0,0,0,0,9.1e-05,0,0,2e-06,0,0,2.2e-05,8e-05,0,0,5e-06,0,1.5e-05,3e-06,0,0,1e-06,7.5e-05,1e-06,1.7e-05,0,5e-06,5e-06,2e-06,3e-06,8e-06,0,2e-06,0,0,4e-05,0,2.1e-05,2e-06,1e-06,3.9e-05,0,0,0,0,0,0.000322,6.1e-05,0,0,2e-06,5e-06,1e-06,0,0.000569,7e-06,2e-06,2.6e-05,8e-06,1.2e-05,0,6.4e-05,1e-06,0,3e-06,0,7e-06,6e-06,2e-06,0,0,0,0,1e-06,0.000363,0,0,0,0.000351,1e-06,1e-05,0,0,0,0,1e-06,7e-06,0.001345,0,0,1.1e-05,0.007883,1e-06,1e-06,1e-06,1.3e-05,0,7e-06,0,0,0,2e-06,1e-06,5.5e-05,0.00172,0,0,2.9e-05,1e-05,2e-06,0,0,0,1e-06,0,0,0,8e-06,0,0.000222,0,1e-06,0,7e-06,3e-06,4.1e-05,6e-06,1e-06,0,0,0,1.1e-05,0,0,0,0,4.8e-05,1e-06,4e-06,0,1e-06,0,0,4.8e-05,1e-06,5.2e-05,0,0,0,0,0,7e-06,0.000294,0,0,0,1.8e-05,1e-06,0,8e-06,0.000441,0,4e-05,0,0,0,0.000733,0,5e-06,0.002313,8e-05,0,0,4e-06,1e-06,0,0,0,0,0,2e-06,0,0,2e-06,0,0,0.000108,0,0,9.5e-05,1e-05,0,0,3.5e-05,0,1e-06,2e-06,0,0,2e-06,0,9.3e-05,0,0,0,0,0,0,0,0,2e-06,0,0.001029,2e-06,5e-06,8.4e-05,1.2e-05,2e-06,0,0,0,0,0,0,4e-06,7.4e-05,3e-06,4e-06,0,0.000232,0,0,0,1e-06,0,0,0.000132,2e-05,0.000138,7e-06,0.000143,9e-06,1.3e-05,0.0016,0,1e-06,7.1e-05,0,7.6e-05,0.000219,2.7e-05,0.000119,2e-06,1e-06,0,1e-06,0,0.001244,0,0,0,0,0,4e-06,0,0,7.1e-05,3e-06,0,0,2e-05,1.9e-05,0.004357,3e-06,1.1e-05,1e-05,0,0,2e-06,0,0,0,0,0,0.002311,0.000583,0.001121,0,6.4e-05,1e-06,0,0,0,0,8e-05,2e-06,1.3e-05,2.3e-05,0,0,0,3.9e-05,0,0,6.2e-05,0,1.7e-05,3e-06,0,0.000401,0,0,0,0,0,0,0
"kilimanjaro/rombo/motamburukitendeni",1.8e-05,1e-06,2.1e-05,4e-06,0,0.000228,0,0,0,1.2e-05,0,0,1.3e-05,0.000166,2e-06,0,0,0,0,0,1e-06,5.1e-05,0,1e-05,1e-06,3e-06,0,0,0,1e-06,6.6e-05,0,0,2e-06,0,0,1.3e-05,2e-06,0,9e-06,0,0,8e-06,1e-06,1e-06,0,3e-06,0.003028,5.7e-05,0,0,0,0,0,2e-06,0,3e-06,0,1.6e-05,5e-05,3.2e-05,1.8e-05,8.2e-05,1e-06,0,8.7e-05,2.3e-05,0,2e-06,9e-06,0,0,2.5e-05,1e-06,0,2.3e-05,2e-06,0,0,0,0,0,0,0,0,0,0.002539,0,1e-06,6.7e-05,0,0,0.003075,0.000104,1e-06,4e-06,0.000351,1e-06,0.00085,0.00025,0,0,2.1e-05,2.1e-05,5.1e-05,0.01821,0,0.000383,7.8e-05,1.4e-05,0.000272,0.004248,1e-06,1e-06,3.9e-05,1.9e-05,0.000596,0,0.002396,0.000656,0.000167,0.011487,3e-06,1.1e-05,1e-06,8e-06,7e-06,0.001484,7.5e-05,2.4e-05,1.6e-05,0.000263,0.00039,9.2e-05,1e-06,8.5e-05,5e-06,0.000304,0.001086,0.000775,0.000117,0,2.6e-05,8.4e-05,6.3e-05,0.000154,0,0.000783,0.00111,0.000262,3.3e-05,2e-06,3.4e-05,1e-06,5.4e-05,0.000456,1e-04,4e-06,2e-06,0.029961,5e-05,4.9e-05,5e-06,6e-06,0,0,4.2e-05,6.1e-05,0.000142,1.4e-05,2e-06,4.3e-05,0.002241,1.7e-05,0.000109,6e-06,5.2e-05,3e-06,0.000732,6e-06,0,1e-06,5e-05,6.2e-05,0.008262,0.092521,3.8e-05,6e-05,0.002768,0.000889,0.000103,1e-06,1e-06,0,6e-06,0,1.3e-05,0,0.000764,0,0.000604,3e-06,2.4e-05,2e-06,0.002034,5.2e-05,0.004715,2.5e-05,1.1e-05,2.4e-05,1.7e-05,0,0.002023,8e-06,0,1e-05,0,0.017957,0.000147,0.000705,0,2e-06,0,2.1e-05,0.002008,6.5e-05,0.006479,1.5e-05,0,0,0,0,0.000183,0.000188,1e-06,1e-06,2.7e-05,4.1e-05,6e-06,1.4e-05,4.1e-05,0.001081,6e-06,0.001602,1e-06,1.1e-05,4e-05,0.000125,0,6e-06,0.000792,0.000354,1e-06,0.000217,0,1.8e-05,3.3e-05,2e-05,9e-06,1e-06,1e-06,4.3e-05,0,1e-06,1.5e-05,5e-06,0,0.000163,0,2e-06,0.000176,0.000481,4e-06,1e-06,0.005635,4.1e-05,1.9e-05,2.5e-05,0,2e-06,1.9e-05,0,0.004675,0,0,0,0,0.000215,0,1.3e-05,1e-06,0.000326,2e-06,0.000662,0.000166,0.000455,0.000517,4e-06,4e-05,4e-06,5e-06,1e-06,1e-05,1.6e-05,0,2.6e-05,2.3e-05,4e-06,2e-06,4.5e-05,0.000117,3e-06,1e-06,8e-06,0.000155,0,1e-06,0.000753,0.01053,0.000122,1.4e-05,0.000285,0.000204,0.002591,0.00135,1.1e-05,1.5e-05,6e-06,2e-06,4.7e-05,9.2e-05,2.9e-05,0.002944,5.3e-05,2.2e-05,0,4.6e-05,3e-06,0.000875,0,0,1.1e-05,0,0,9.2e-05,8e-06,5e-06,0.000118,0.000103,7e-06,0,0.000698,1.1e-05,0.000977,1.8e-05,2.9e-05,5.6e-05,1.5e-05,3.7e-05,0.000137,0,0,0,0,1e-06,0.000745,0.000107,0.000336,0,0.000129,5.6e-05,0,1e-06,1e-06,0.000273,3e-05,6e-06,1e-06,0.001215,0,1e-06,0,0.026253,1e-06,0,1.6e-05,3.5e-05,0.002243,0.000502,2.1e-05,0.00041,2.8e-05,1e-06,1e-06,0,0,0,0
"kilimanjaro/same/mpinji",0,0,0,0,0,0,0,0,0,0,0,0,0,0,0,0,0,0,0,0,0,0,0,0,0,0,0,0,0,0,0,0,0,0,0,0,0,0,0,0,0,0,0,0,0,0,0,0,0,0,0,0,0,0,0,0,0,0,0,0,0,0,0,0,0,0,0,0,0,0,0,0,0,0,0,0,0,0,0,0,0,0,0,0,0,0,0,0,0,0,0,0,0,0,0,0,0,0,0,0,0,0,0,0,0,0,0,0,0,0,0,0,0,0,0,0,0,0,0,0,0,0,0,0,0,0,0,0,0,0,0,0,0,0,0,0,0,0,0,0,0,0,0,0,0,0,0,0,0,0,0,0,0,0,0,0,0,0,0,0,0,0,0,0,0,0,0,0,0,0,0,0,0,0,0,0,0,0,0,0,0,0,0,0,0,0,0,0,0,0,0,0,0,0,0,0,0,0,0,0,0,0,0,0,0,0,0,0,0,0,0,0,0,0,0,0,0,0,0,0,0,0,0,0,0,0,0,0,0,0,0,0,0,0,0,0,0,0,0,0,0,0,0,0,0,0,0,0,0,0,0,0,0,0,0,0,0,0,0,0,0,0,0,0,0,0,0,0,0,0,0,0,0,0,0,0,0,0,0,0,0,0,0,0,0,0,0,0,0,0,0,0,0,0,0,0,0,0,0,0,0,0,0,0,0,0,0,0,0,0,0,0,0,0,0,0,0,0,0,0,0,0,0,0,0,0,0,0,0,0,0,0,0,0,0,0,0,0,0,0,0,0,0,0,0,0,0,0,0,0,0,0,0,0,0,0,0,0,0,0,0,0,0,0,0,0,0,0,0,0,0,0,0,0,0,0,0,0,0,0,0,0,0,0,0,0,0,0,0,0,0,0,0,0,0,0,0,0
"kilimanjaro/rombo/mraokeryo",0,0,0,0,0,0,0,0,0,0,0,0,0,0,0,0,0,0,0,0,0,0,0,0,0,0,0,0,0,0,0,0,0,0,0,0,0,0,0,0,0,0,0,0,0,0,0,0,0,0,0,0,0,0,0,0,0,0,0,0,0,0,0,0,0,0,0,0,0,0,0,0,0,0,0,0,0,0,0,0,0,0,0,0,0,0,0,0,0,0,0,0,0,0,0,0,0,0,0,0,0,0,0,0,0,0,0,0,0,0,0,0,0,0,0,0,0,0,0,0,0,0,0,0,0,0,0,0,0,0,0,0,0,0,0,0,0,0,0,0,0,0,0,0,0,0,0,0,0,0,0,0,0,0,0,0,0,0,0,0,0,0,0,0,0,0,0,0,0,0,0,0,0,0,0,0,0,0,0,0,0,0,0,0,0,0,0,0,0,0,0,0,0,0,0,0,0,0,0,0,0,0,0,0,0,0,0,0,0,0,0,0,0,0,0,0,0,0,0,0,0,0,0,0,0,0,0,0,0,0,0,0,0,0,0,0,0,0,0,0,0,0,0,0,0,0,0,0,0,0,0,0,0,0,0,0,0,0,0,0,0,0,0,0,0,0,0,0,0,0,0,0,0,0,0,0,0,0,0,0,0,0,0,0,0,0,0,0,0,0,0,0,0,0,0,0,0,0,0,0,0,0,0,0,0,0,0,0,0,0,0,0,0,0,0,0,0,0,0,0,0,0,0,0,0,0,0,0,0,0,0,0,0,0,0,0,0,0,0,0,0,0,0,0,0,0,0,0,0,0,0,0,0,0,0,0,0,0,0,0,0,0,0,0,0,0,0,0,0,0,0,0,0,0,0,0,0,0,0,0,0,0,0,0,0,0,0,0,0,0,0,0,0,0,0,0,0,0
"kilimanjaro/mwanga/msangeni",0,0,0,0,0,0,0,0,0,0,0,0,0,0,0,0,0,0,0,0,0,0,0,0,0,0,0,0,0,0,0,0,0,0,0,0,0,0,0,0,0,0,0,0,0,0,0,0,0,0,0,0,0,0,0,0,0,0,0,0,0,0,0,0,0,0,0,0,0,0,0,0,0,0,0,0,0,0,0,0,0,0,0,0,0,0,0,0,0,0,0,0,0,0,0,0,0,0,0,0,0,0,0,0,0,0,0,0,0,0,0,0,0,0,0,0,0,0,0,0,0,0,0,0,0,0,0,0,0,0,0,0,0,0,0,0,0,0,0,0,0,0,0,0,0,0,0,0,0,0,0,0,0,0,0,0,0,0,0,0,0,0,0,0,0,0,0,0,0,0,0,0,0,0,0,0,0,0,0,0,0,0,0,0,0,0,0,0,0,0,0,0,0,0,0,0,0,0,0,0,0,0,0,0,0,0,0,0,0,0,0,0,0,0,0,0,0,0,0,0,0,0,0,0,0,0,0,0,0,0,0,0,0,0,0,0,0,0,0,0,0,0,0,0,0,0,0,0,0,0,0,0,0,0,0,0,0,0,0,0,0,0,0,0,0,0,0,0,0,0,0,0,0,0,0,0,0,0,0,0,0,0,0,0,0,0,0,0,0,0,0,0,0,0,0,0,0,0,0,0,0,0,0,0,0,0,0,0,0,0,0,0,0,0,0,0,0,0,0,0,0,0,0,0,0,0,0,0,0,0,0,0,0,0,0,0,0,0,0,0,0,0,0,0,0,0,0,0,0,0,0,0,0,0,0,0,0,0,0,0,0,0,0,0,0,0,0,0,0,0,0,0,0,0,0,0,0,0,0,0,0,0,0,0,0,0,0,0,0,0,0,0,0,0,0,0,0,0
"kilimanjaro/moshimunicipal/msaranga",0,0,0,0,0,0,0,0,0,0,0,0,0,0,0,0,0,0,0,0,0,0,0,0,0,0,0,0,0,0,0,0,0,0,0,0,0,0,0,0,0,0,0,0,0,0,0,0,0,0,0,0,0,0,0,0,0,0,0,0,0,0,0,0,0,0,0,0,0,0,0,0,0,0,0,0,0,0,0,0,0,0,0,0,0,0,0,0,0,0,0,0,0,0,0,0,0,0,0,0,0,0,0,0,0,0,0,0,0,0,0,0,0,0,0,0,0,0,0,0,0,0,0,0,0,0,0,0,0,0,0,0,0,0,0,0,0,0,0,0,0,0,0,0,0,0,0,0,0,0,0,0,0,0,0,0,0,0,0,0,0,0,0,0,0,0,0,0,0,0,0,0,0,0,0,0,0,0,0,0,0,0,0,0,0,0,0,0,0,0,0,0,0,0,0,0,0,0,0,0,0,0,0,0,0,0,0,0,0,0,0,0,0,0,0,0,0,0,0,0,0,0,0,0,0,0,0,0,0,0,0,0,0,0,0,0,0,0,0,0,0,0,0,0,0,0,0,0,0,0,0,0,0,0,0,0,0,0,0,0,0,0,0,0,0,0,0,0,0,0,0,0,0,0,0,0,0,0,0,0,0,0,0,0,0,0,0,0,0,0,0,0,0,0,0,0,0,0,0,0,0,0,0,0,0,0,0,0,0,0,0,0,0,0,0,0,0,0,0,0,0,0,0,0,0,0,0,0,0,0,0,0,0,0,0,0,0,0,0,0,0,0,0,0,0,0,0,0,0,0,0,0,0,0,0,0,0,0,0,0,0,0,0,0,0,0,0,0,0,0,0,0,0,0,0,0,0,0,0,0,0,0,0,0,0,0,0,0,0,0,0,0,0,0,0,0,0,0
"kilimanjaro/same/mshewa",0,0,0,0,0,0,0,0,0,0,0,0,0,0,0,0,0,0,0,0,0,0,0,0,0,0,0,0,0,0,0,0,0,0,0,0,0,0,0,0,0,0,0,0,0,0,0,0,0,0,0,0,0,0,0,0,0,0,0,0,0,0,0,0,0,0,0,0,0,0,0,0,0,0,0,0,0,0,0,0,0,0,0,0,0,0,0,0,0,0,0,0,0,0,0,0,0,0,0,0,0,0,0,0,0,0,0,0,0,0,0,0,0,0,0,0,0,0,0,0,0,0,0,0,0,0,0,0,0,0,0,0,0,0,0,0,0,0,0,0,0,0,0,0,0,0,0,0,0,0,0,0,0,0,0,0,0,0,0,0,0,0,0,0,0,0,0,0,0,0,0,0,0,0,0,0,0,0,0,0,0,0,0,0,0,0,0,0,0,0,0,0,0,0,0,0,0,0,0,0,0,0,0,0,0,0,0,0,0,0,0,0,0,0,0,0,0,0,0,0,0,0,0,0,0,0,0,0,0,0,0,0,0,0,0,0,0,0,0,0,0,0,0,0,0,0,0,0,0,0,0,0,0,0,0,0,0,0,0,0,0,0,0,0,0,0,0,0,0,0,0,0,0,0,0,0,0,0,0,0,0,0,0,0,0,0,0,0,0,0,0,0,0,0,0,0,0,0,0,0,0,0,0,0,0,0,0,0,0,0,0,0,0,0,0,0,0,0,0,0,0,0,0,0,0,0,0,0,0,0,0,0,0,0,0,0,0,0,0,0,0,0,0,0,0,0,0,0,0,0,0,0,0,0,0,0,0,0,0,0,0,0,0,0,0,0,0,0,0,0,0,0,0,0,0,0,0,0,0,0,0,0,0,0,0,0,0,0,0,0,0,0,0,0,0,0,0,0
"kilimanjaro/same/msindo",0,0,0,0,0,0,0,0,0,0,0,0,0,0,0,0,0,0,0,0,0,0,0,0,0,0,0,0,0,0,0,0,0,0,0,0,0,0,0,0,0,0,0,0,0,0,0,0,0,0,0,0,0,0,0,0,0,0,0,0,0,0,0,0,0,0,0,0,0,0,0,0,0,0,0,0,0,0,0,0,0,0,0,0,0,0,0,0,0,0,0,0,0,0,0,0,0,0,0,0,0,0,0,0,0,0,0,0,0,0,0,0,0,0,0,0,0,0,0,0,0,0,0,0,0,0,0,0,0,0,0,0,0,0,0,0,0,0,0,0,0,0,0,0,0,0,0,0,0,0,0,0,0,0,0,0,0,0,0,0,0,0,0,0,0,0,0,0,0,0,0,0,0,0,0,0,0,0,0,0,0,0,0,0,0,0,0,0,0,0,0,0,0,0,0,0,0,0,0,0,0,0,0,0,0,0,0,0,0,0,0,0,0,0,0,0,0,0,0,0,0,0,0,0,0,0,0,0,0,0,0,0,0,0,0,0,0,0,0,0,0,0,0,0,0,0,0,0,0,0,0,0,0,0,0,0,0,0,0,0,0,0,0,0,0,0,0,0,0,0,0,0,0,0,0,0,0,0,0,0,0,0,0,0,0,0,0,0,0,0,0,0,0,0,0,0,0,0,0,0,0,0,0,0,0,0,0,0,0,0,0,0,0,0,0,0,0,0,0,0,0,0,0,0,0,0,0,0,0,0,0,0,0,0,0,0,0,0,0,0,0,0,0,0,0,0,0,0,0,0,0,0,0,0,0,0,0,0,0,0,0,0,0,0,0,0,0,0,0,0,0,0,0,0,0,0,0,0,0,0,0,0,0,0,0,0,0,0,0,0,0,0,0,0,0,0,0,0
"manyara/simanjiro/msituwatembo",0,0,0,0,0,0,0,0,0,0,0,0,0,0,0,0,0,0,0,0,0,0,0,0,0,0,0,0,0,0,0,0,0,0,0,0,0,0,0,0,0,0,0,0,0,0,0,0,0,0,0,0,0,0,0,0,0,0,0,0,0,0,0,0,0,0,0,0,0,0,0,0,0,0,0,0,0,0,0,0,0,0,0,0,0,0,0,0,0,0,0,0,0,0,0,0,0,0,0,0,0,0,0,0,0,0,0,0,0,0,0,0,0,0,0,0,0,0,0,0,0,0,0,0,0,0,0,0,0,0,0,0,0,0,0,0,0,0,0,0,0,0,0,0,0,0,0,0,0,0,0,0,0,0,0,0,0,0,0,0,0,0,0,0,0,0,0,0,0,0,0,0,0,0,0,0,0,0,0,0,0,0,0,0,0,0,0,0,0,0,0,0,0,0,0,0,0,0,0,0,0,0,0,0,0,0,0,0,0,0,0,0,0,0,0,0,0,0,0,0,0,0,0,0,0,0,0,0,0,0,0,0,0,0,0,0,0,0,0,0,0,0,0,0,0,0,0,0,0,0,0,0,0,0,0,0,0,0,0,0,0,0,0,0,0,0,0,0,0,0,0,0,0,0,0,0,0,0,0,0,0,0,0,0,0,0,0,0,0,0,0,0,0,0,0,0,0,0,0,0,0,0,0,0,0,0,0,0,0,0,0,0,0,0,0,0,0,0,0,0,0,0,0,0,0,0,0,0,0,0,0,0,0,0,0,0,0,0,0,0,0,0,0,0,0,0,0,0,0,0,0,0,0,0,0,0,0,0,0,0,0,0,0,0,0,0,0,0,0,0,0,0,0,0,0,0,0,0,0,0,0,0,0,0,0,0,0,0,0,0,0,0,0,0,0,0,0,0
"arusha/monduli/mswakini",0,0,0,0,0,0,0,0,0,0,0,0,0,0,0,0,0,0,0,0,0,0,0,0,0,0,0,0,0,0,0,0,0,0,0,0,0,0,0,0,0,0,0,0,0,0,0,0,0,0,0,0,0,0,0,0,0,0,0,0,0,0,0,0,0,0,0,0,0,0,0,0,0,0,0,0,0,0,0,0,0,0,0,0,0,0,0,0,0,0,0,0,0,0,0,0,0,0,0,0,0,0,0,0,0,0,0,0,0,0,0,0,0,0,0,0,0,0,0,0,0,0,0,0,0,0,0,0,0,0,0,0,0,0,0,0,0,0,0,0,0,0,0,0,0,0,0,0,0,0,0,0,0,0,0,0,0,0,0,0,0,0,0,0,0,0,0,0,0,0,0,0,0,0,0,0,0,0,0,0,0,0,0,0,0,0,0,0,0,0,0,0,0,0,0,0,0,0,0,0,0,0,0,0,0,0,0,0,0,0,0,0,0,0,0,0,0,0,0,0,0,0,0,0,0,0,0,0,0,0,0,0,0,0,0,0,0,0,0,0,0,0,0,0,0,0,0,0,0,0,0,0,0,0,0,0,0,0,0,0,0,0,0,0,0,0,0,0,0,0,0,0,0,0,0,0,0,0,0,0,0,0,0,0,0,0,0,0,0,0,0,0,0,0,0,0,0,0,0,0,0,0,0,0,0,0,0,0,0,0,0,0,0,0,0,0,0,0,0,0,0,0,0,0,0,0,0,0,0,0,0,0,0,0,0,0,0,0,0,0,0,0,0,0,0,0,0,0,0,0,0,0,0,0,0,0,0,0,0,0,0,0,0,0,0,0,0,0,0,0,0,0,0,0,0,0,0,0,0,0,0,0,0,0,0,0,0,0,0,0,0,0,0,0,0,0,0,0
"kilimanjaro/same/mtii",0,0,0,0,0,0,0,0,0,0,0,0,0,0,0,0,0,0,0,0,0,0,0,0,0,0,0,0,0,0,0,0,0,0,0,0,0,0,0,0,0,0,0,0,0,0,0,0,0,0,0,0,0,0,0,0,0,0,0,0,0,0,0,0,0,0,0,0,0,0,0,0,0,0,0,0,0,0,0,0,0,0,0,0,0,0,0,0,0,0,0,0,0,0,0,0,0,0,0,0,0,0,0,0,0,0,0,0,0,0,0,0,0,0,0,0,0,0,0,0,0,0,0,0,0,0,0,0,0,0,0,0,0,0,0,0,0,0,0,0,0,0,0,0,0,0,0,0,0,0,0,0,0,0,0,0,0,0,0,0,0,0,0,0,0,0,0,0,0,0,0,0,0,0,0,0,0,0,0,0,0,0,0,0,0,0,0,0,0,0,0,0,0,0,0,0,0,0,0,0,0,0,0,0,0,0,0,0,0,0,0,0,0,0,0,0,0,0,0,0,0,0,0,0,0,0,0,0,0,0,0,0,0,0,0,0,0,0,0,0,0,0,0,0,0,0,0,0,0,0,0,0,0,0,0,0,0,0,0,0,0,0,0,0,0,0,0,0,0,0,0,0,0,0,0,0,0,0,0,0,0,0,0,0,0,0,0,0,0,0,0,0,0,0,0,0,0,0,0,0,0,0,0,0,0,0,0,0,0,0,0,0,0,0,0,0,0,0,0,0,0,0,0,0,0,0,0,0,0,0,0,0,0,0,0,0,0,0,0,0,0,0,0,0,0,0,0,0,0,0,0,0,0,0,0,0,0,0,0,0,0,0,0,0,0,0,0,0,0,0,0,0,0,0,0,0,0,0,0,0,0,0,0,0,0,0,0,0,0,0,0,0,0,0,0,0,0,0
"arusha/monduli/mtowambu",0.002436,0.003126,0.000127,0.006978,0.000152,0.005589,0.000146,0.000225,8.7e-05,0.030287,0.000476,4.5e-05,0.002013,0.029693,0.00791,0.000755,0.000289,0.00073,0.000102,0.000328,7.4e-05,0.001409,7.7e-05,0.000118,6.5e-05,3.7e-05,0.000169,0.00141,1.4e-05,9.3e-05,0.007951,9e-05,3.7e-05,6.3e-05,0.008438,0.000242,0.003181,0.006669,0.002148,0.005433,0.000173,4.5e-05,0.003666,0.006294,0.000601,0.000106,0.003303,0.506164,0.063992,0.003169,0.000376,0.001176,0.00773,0.000172,0.003634,4.7e-05,0.000239,0.000273,0.002863,0.210827,0.007911,0.083295,0.016209,0.000269,4e-06,0.019875,0.019526,0.00011,0.144685,0.021227,0.003654,1.1e-05,0.000331,0.008006,0.000253,0.019284,0.003424,4.2e-05,4.8e-05,7.6e-05,2.9e-05,0.000381,0.000121,5.6e-05,0.000184,0.000311,0.050501,8.5e-05,0.003327,0.012068,3.3e-05,8.3e-05,0.033467,0.015899,0.001733,0.022927,0.003438,3.9e-05,0.016986,0.004097,3e-04,0.000323,0.002312,0.004989,0.000597,0.027397,0.00106,0.004091,0.002589,0.566023,0.002383,0.011308,0.001694,0.00012,0.000167,0.000118,0.018922,5.9e-05,0.021285,0.002167,0.001188,0.039441,9.8e-05,0.000369,4e-05,0.000926,0.002986,0.104725,0.008162,0.000136,0.00011,0.003937,0.007445,0.000917,2.7e-05,0.016931,0.001063,0.002497,0.081023,0.006825,0.004265,5.2e-05,0.006656,0.000629,0.000227,0.005225,0.000399,0.008721,0.007441,0.002382,0.000114,8.1e-05,0.000177,9.8e-05,0.004017,0.236664,0.000487,0.003007,0.000409,0.262034,0.001065,0.029941,5.6e-05,0.000248,5.7e-05,4.4e-05,0.001468,0.002473,0.033595,0.000575,0.001029,0.257041,0.389956,0.002133,0.000861,0.005664,0.141135,0.000258,0.006577,0.001696,3.1e-05,0.001116,0.006783,0.001025,0.045257,0.513991,9.6e-05,0.000176,0.022819,0.007252,0.001764,0.001587,0.017405,0.00019,0.03307,0.000145,0.000117,0.000208,0.007438,0.027262,0.039887,0.001297,0.003925,0.000147,0.009601,0.001239,0.056119,0.267587,0.023338,0.000151,0.000132,0.000587,0.018364,5.5e-05,3e-04,0.00098,0.000458,0.080332,0.000824,0.004994,0.000181,0.000176,8.3e-05,0.000192,0.029304,0.000705,0.040687,0.000318,0.001982,4.7e-05,4.6e-05,0.000344,0.060555,0.07878,0.000428,1e-05,0.000168,0.006582,0.209883,9.9e-05,0.003319,0.616294,6.1e-05,0.106433,4.7e-05,0.000117,0.000407,0.021077,8.2e-05,0.003559,0.157791,0.295269,0.000943,0.04133,0.005745,0.001915,0.000145,0.000532,9.3e-05,6.3e-05,4.7e-05,0.002478,0.00104,5.7e-05,0,0.001438,0.000304,0.086941,0.000106,0.010565,0.068226,0.01415,8.8e-05,6.2e-05,0.049874,0.000273,0.002181,0.00782,0.000478,0.022628,0.001123,0.001001,0.252524,0.00092,8.7e-05,0.000257,3.2e-05,0.000336,0.000237,0.000174,0.000447,0.002038,0.000169,0.093886,0.001608,0.004018,0.047592,0.000962,0.002878,0.042637,4.7e-05,2.9e-05,0.000111,0.001036,9.8e-05,0.279734,0.003542,0.000402,0.000275,0.000155,0.057486,0.015626,0.00027,9e-05,0.001045,0.001608,0.000532,0.10917,0.030778,0.060976,0.005949,0.072692,0.004426,0.01943,0.357722,0.011023,0.015093,0.001359,0.000959,0.013482,0.017771,0.009289,0.336865,0.030249,0.006309,0.00011,0.000563,0.002621,0.092024,0.000458,0.003119,9.6e-05,0.016021,0.000202,0.009544,0.001435,0.00427,0.020971,0.007413,0.00489,0.000199,0.011445,0.001299,0.186666,0.215881,0.051922,0.011577,0.000458,0.000208,0.001666,0.000174,5.4e-05,0.00014,3.2e-05,0.000716,0.12259,0.039446,0.08912,0.00013,0.011498,0.000631,2.1e-05,7.3e-05,0.000267,0.000273,0.008827,0.005445,0.000319,0.048898,0.000188,3.9e-05,0.000181,0.061045,0.001078,0.000208,0.003944,0.000139,0.015963,0.002834,9.5e-05,0.039659,0.000101,6.5e-05,0.000131,2.3e-05,2.7e-05,0.000218,0.00017
"arusha/longido/mundarara",6e-06,2e-06,0,1e-05,0,1.6e-05,0,0,0,9e-06,0,0,6e-06,7.3e-05,2e-06,0,0,0,0,0,0,5e-06,0,0,0,0,0,0,0,0,2.1e-05,0,0,0,1e-06,0,7e-06,2e-06,0,3.3e-05,0,0,4e-06,1e-06,1e-06,0,1.6e-05,0.001779,3.3e-05,0,0,0,0,0,1e-06,0,1e-06,0,4e-06,7.7e-05,0.000709,0.000101,0.000236,0,0,3.9e-05,2.9e-05,0,4e-06,6e-06,0,0,2e-06,1e-06,0,0.000449,2.4e-05,0,0,0,0,0,0,0,0,0,0.000184,0,1e-06,1.6e-05,0,0,0.000117,5.4e-05,1.3e-05,4e-06,1.8e-05,0,5e-05,1.3e-05,0,0,5e-06,1.1e-05,2e-06,0.000222,0,1.5e-05,1.4e-05,2.6e-05,1.2e-05,5.2e-05,1e-06,0,1e-06,0,5.9e-05,0,8e-05,1e-05,4e-06,0.000185,0,1e-06,0,2e-06,3e-06,0.000255,1.9e-05,1e-06,0,1e-05,2.2e-05,3e-06,0,4e-05,3e-06,9e-06,0.003882,2.7e-05,1.5e-05,0,1.5e-05,3e-06,1e-06,1.3e-05,0,3e-05,2.9e-05,9e-06,0,0,1e-06,0,9e-06,0.000411,2e-06,7.5e-05,1e-06,0.001179,3e-06,1.9e-05,0,1e-06,0,0,4e-06,1.1e-05,6.9e-05,1e-06,1e-06,7.3e-05,0.001225,4e-06,5e-06,3e-06,3.9e-05,1e-05,2.5e-05,2e-06,0,3e-06,1.2e-05,3e-06,0.000219,0.00477,1e-06,1e-06,9.7e-05,3.2e-05,6e-06,0,1e-06,0,5e-06,0,0,0,2.7e-05,0,0.000132,1e-06,5e-06,0,4e-05,6e-06,0.000193,3.4e-05,3.5e-05,1e-06,0,0,6.7e-05,0,0,2e-06,0,0.000363,3e-06,1.9e-05,0,0,0,1e-06,0.000118,3e-06,0.000205,1e-06,0,0,0,0,0.002571,0.000121,0,0,1e-06,9e-06,1.7e-05,0,7e-06,0.000954,0,0.000184,0,0,1e-06,4.5e-05,0,4e-06,0.000427,0.000819,1e-06,9.2e-05,3.6e-05,4e-06,1e-06,1e-06,0,0,0,4e-06,0,0,2.7e-05,0,0,0.000164,0,2e-06,0.000185,3.7e-05,0,0,0.000184,1e-06,4e-06,7e-06,0,5e-06,2e-06,1e-06,0.011599,0,0,0,0,2e-06,0,1e-06,1e-06,1.6e-05,0,0.000204,6e-06,2.7e-05,0.000178,2e-06,6e-06,9e-06,0,0,0,2e-06,0,2.8e-05,9e-06,1e-06,1e-06,1e-06,7.5e-05,6e-06,0,0,4e-06,0,3e-06,0.000497,0.000142,5.7e-05,6e-06,0.000254,1.7e-05,0.000207,9e-04,2.4e-05,4.1e-05,3e-06,3e-06,3.1e-05,4.7e-05,2.2e-05,0.011124,0.000151,6e-06,0,2e-06,2e-05,0.000278,0,0,0,0,0,1.8e-05,2e-06,1.9e-05,7.5e-05,1.5e-05,2.3e-05,0,5.9e-05,4e-06,0.000499,4.6e-05,3.6e-05,1.3e-05,1e-06,1e-06,6e-06,0,0,0,0,2e-06,0.00035,5.5e-05,0.000191,0,4.2e-05,2e-06,0,0,0,1e-06,1.4e-05,3e-06,1e-06,0.000527,0,0,0,0.000303,0,0,8e-06,1e-06,6.4e-05,1.2e-05,0,0.000111,0,0,0,0,0,0,0
"manyara/mbulu/murray",1.8e-05,1e-05,2e-06,3.9e-05,8.2e-05,7.1e-05,6.2e-05,5e-05,1.7e-05,0.006295,0.000122,5e-06,1.4e-05,0.000214,0.000483,9.6e-05,5.1e-05,0.000195,1.2e-05,3.3e-05,1e-06,9e-06,1.2e-05,1e-06,1e-06,0,3.1e-05,2.3e-05,0,2e-06,0.000112,3e-06,1e-06,1e-06,4.3e-05,4.8e-05,2.1e-05,0.002122,0.000119,4.4e-05,4.6e-05,4e-06,7.5e-05,0.002247,1.5e-05,2.6e-05,1e-05,0.005249,0.001193,2.2e-05,0.00011,1.3e-05,1.5e-05,2.7e-05,0.00054,1.1e-05,3e-06,1.5e-05,5.9e-05,0.002085,3.7e-05,0.000149,8.6e-05,9e-06,0,0.000146,8.4e-05,1.1e-05,0.000106,0.000871,7e-06,2e-06,3e-06,0.000826,2.2e-05,7e-05,1.3e-05,8e-06,5e-06,1e-05,5e-06,4.9e-05,4.4e-05,6e-06,4e-05,3.5e-05,0.000544,1.7e-05,0.000284,0.00017,6e-06,6e-06,0.000467,0.000104,6e-06,0.005748,3.3e-05,1e-06,0.000225,5.5e-05,0.000162,7e-06,4.5e-05,3.3e-05,7e-06,0.000293,2.6e-05,4.7e-05,2.1e-05,0.000902,2.3e-05,0.00014,0.000188,1e-06,2e-06,2e-06,0.000198,2e-06,0.000258,2.4e-05,9e-06,0.000456,1e-06,6e-06,1e-06,1.8e-05,5.8e-05,0.000707,7.2e-05,2e-06,1e-06,3.6e-05,0.000104,1.1e-05,0,0.000118,7e-06,3e-05,0.000614,7.6e-05,3.9e-05,1e-06,4.2e-05,7e-06,3e-06,8e-05,0.000247,0.000111,9.2e-05,3e-05,1e-06,1e-06,2e-06,2e-06,7.2e-05,0.001494,4e-06,9e-06,1e-05,0.003798,1.5e-05,0.000343,1e-06,4e-06,5e-06,4e-06,2.1e-05,2e-05,0.00024,9e-06,2e-05,0.000516,0.003597,3.9e-05,8e-06,0.000119,0.001241,2e-06,7.6e-05,4.4e-05,1e-06,9e-06,0.000137,1.3e-05,0.00049,0.014612,1e-06,2e-06,0.000249,7.5e-05,2e-05,0.001342,0.000344,2.3e-05,0.001729,5e-06,2e-06,5.9e-05,8.8e-05,4e-06,0.000339,4.4e-05,5.3e-05,1e-06,0.000123,1.1e-05,0.000786,0.000591,0.000137,2e-06,2e-06,2.2e-05,0.000252,1e-06,8e-06,1.8e-05,2.2e-05,0.001113,1e-05,6.4e-05,2.9e-05,2e-06,2.7e-05,2e-06,0.000305,7e-06,0.000424,4e-06,0.000139,9e-06,1.1e-05,6e-05,0.000411,0.000529,1.6e-05,0,2e-06,4.5e-05,0.000143,1e-06,3.5e-05,0.010917,1e-06,0.001316,1e-06,1e-06,5e-06,0.000166,1.3e-05,2.5e-05,0.001161,0.001023,4e-06,0.000309,6.3e-05,3.7e-05,2e-06,8e-06,1e-06,1e-06,1e-06,2.3e-05,6e-06,1e-06,0.000661,8e-06,0,0.00046,1.8e-05,0.000402,0.000362,0.000206,1e-06,1e-06,0.000684,4e-06,4.2e-05,0.000103,0.000132,4e-05,1.4e-05,3e-06,0.002369,0.001252,2e-06,3e-05,5e-06,4e-06,1e-04,2e-06,1.4e-05,1.9e-05,3e-06,0.000854,1.9e-05,3.6e-05,0.000247,6e-06,4.5e-05,0.000217,1e-06,0,1e-06,1.7e-05,3e-06,0.003514,2.5e-05,3e-06,2e-06,2e-06,0.000263,6.5e-05,1.1e-05,1e-06,1.3e-05,7e-06,3e-06,0.000522,0.000394,0.000364,6e-05,0.00042,4.3e-05,0.000179,0.002067,7.7e-05,9.5e-05,9e-06,1.1e-05,8.2e-05,0.000119,5.3e-05,0.001962,0.000286,9.6e-05,3e-06,7e-06,1.5e-05,0.000752,2.9e-05,8e-06,1e-06,7e-06,4.1e-05,0.000176,3.1e-05,3e-05,0.00013,0.000129,3.9e-05,5.7e-05,0.000103,1e-05,0.001442,0.00024,0.000208,0.000104,7e-06,3e-06,1.9e-05,6.7e-05,6e-06,2.8e-05,4e-06,8e-06,0.000914,0.000195,0.000618,4e-06,8.5e-05,7e-06,0,1e-06,5e-06,3e-06,6.6e-05,5.2e-05,2e-06,0.000273,0.000122,1e-06,0.000182,0.000793,0.000276,3.7e-05,2.6e-05,2e-06,0.000185,3.3e-05,1e-06,0.00033,1e-06,1e-06,2e-06,0,1e-06,0.000177,2.1e-05
"arusha/arusha/mussa",0,0,0,0,0,0,0,0,0,0,0,0,0,0,0,0,0,0,0,0,0,0,0,0,0,0,0,0,0,0,0,0,0,0,0,0,0,0,0,0,0,0,0,0,0,0,0,0,0,0,0,0,0,0,0,0,0,0,0,0,0,0,0,0,0,0,0,0,0,0,0,0,0,0,0,0,0,0,0,0,0,0,0,0,0,0,0,0,0,0,0,0,0,0,0,0,0,0,0,0,0,0,0,0,0,0,0,0,0,0,0,0,0,0,0,0,0,0,0,0,0,0,0,0,0,0,0,0,0,0,0,0,0,0,0,0,0,0,0,0,0,0,0,0,0,0,0,0,0,0,0,0,0,0,0,0,0,0,0,0,0,0,0,0,0,0,0,0,0,0,0,0,0,0,0,0,0,0,0,0,0,0,0,0,0,0,0,0,0,0,0,0,0,0,0,0,0,0,0,0,0,0,0,0,0,0,0,0,0,0,0,0,0,0,0,0,0,0,0,0,0,0,0,0,0,0,0,0,0,0,0,0,0,0,0,0,0,0,0,0,0,0,0,0,0,0,0,0,0,0,0,0,0,0,0,0,0,0,0,0,0,0,0,0,0,0,0,0,0,0,0,0,0,0,0,0,0,0,0,0,0,0,0,0,0,0,0,0,0,0,0,0,0,0,0,0,0,0,0,0,0,0,0,0,0,0,0,0,0,0,0,0,0,0,0,0,0,0,0,0,0,0,0,0,0,0,0,0,0,0,0,0,0,0,0,0,0,0,0,0,0,0,0,0,0,0,0,0,0,0,0,0,0,0,0,0,0,0,0,0,0,0,0,0,0,0,0,0,0,0,0,0,0,0,0,0,0,0,0,0,0,0,0,0,0,0,0,0,0,0,0,0,0,0,0,0,0,0
"manyara/babatiurban/mutuka",0,0,0,0,0,0,0,0,0,0,0,0,0,0,0,0,0,0,0,0,0,0,0,0,0,0,0,0,0,0,0,0,0,0,0,0,0,0,0,0,0,0,0,0,0,0,0,0,0,0,0,0,0,0,0,0,0,0,0,0,0,0,0,0,0,0,0,0,0,0,0,0,0,0,0,0,0,0,0,0,0,0,0,0,0,0,0,0,0,0,0,0,0,0,0,0,0,0,0,0,0,0,0,0,0,0,0,0,0,0,0,0,0,0,0,0,0,0,0,0,0,0,0,0,0,0,0,0,0,0,0,0,0,0,0,0,0,0,0,0,0,0,0,0,0,0,0,0,0,0,0,0,0,0,0,0,0,0,0,0,0,0,0,0,0,0,0,0,0,0,0,0,0,0,0,0,0,0,0,0,0,0,0,0,0,0,0,0,0,0,0,0,0,0,0,0,0,0,0,0,0,0,0,0,0,0,0,0,0,0,0,0,0,0,0,0,0,0,0,0,0,0,0,0,0,0,0,0,0,0,0,0,0,0,0,0,0,0,0,0,0,0,0,0,0,0,0,0,0,0,0,0,0,0,0,0,0,0,0,0,0,0,0,0,0,0,0,0,0,0,0,0,0,0,0,0,0,0,0,0,0,0,0,0,0,0,0,0,0,0,0,0,0,0,0,0,0,0,0,0,0,0,0,0,0,0,0,0,0,0,0,0,0,0,0,0,0,0,0,0,0,0,0,0,0,0,0,0,0,0,0,0,0,0,0,0,0,0,0,0,0,0,0,0,0,0,0,0,0,0,0,0,0,0,0,0,0,0,0,0,0,0,0,0,0,0,0,0,0,0,0,0,0,0,0,0,0,0,0,0,0,0,0,0,0,0,0,0,0,0,0,0,0,0,0,0,0,0
"manyara/babati/mwada",5e-05,1.5e-05,3e-06,4.6e-05,1.6e-05,0.000148,9e-06,1.3e-05,1.1e-05,0.005683,7e-05,3e-06,3.7e-05,0.000599,0.000182,3.1e-05,9e-06,3.8e-05,4e-06,1.1e-05,2e-06,2e-05,9e-06,3e-06,2e-06,1e-06,2.3e-05,2.7e-05,1e-06,3e-06,0.000332,4e-06,1e-06,2e-06,3.9e-05,1.3e-05,6.2e-05,0.000433,4.9e-05,5.9e-05,8e-06,2e-06,9.7e-05,0.000258,1.8e-05,1.2e-05,2.3e-05,0.015093,0.005763,2e-05,1.4e-05,1e-05,2.4e-05,7e-06,0.000226,4e-06,7e-06,6.6e-05,0.000115,0.001717,6.4e-05,0.00029,0.000189,1.1e-05,0,0.000428,0.00025,4e-06,0.000328,0.002784,1e-05,1e-06,6e-06,0.00044,1e-05,0.000117,2.2e-05,3e-06,2e-06,3e-06,3e-06,2.8e-05,7e-06,4e-06,1.3e-05,8e-06,0.001208,4e-06,9.2e-05,0.000275,3e-06,2e-06,0.000843,0.000273,1.1e-05,0.001085,6.9e-05,1e-06,0.000449,0.000105,2.2e-05,5e-06,6.9e-05,9.4e-05,1.4e-05,0.000527,1.7e-05,9.6e-05,4.7e-05,0.001354,4.8e-05,0.000254,8.1e-05,2e-06,4e-06,3e-06,0.000459,3e-06,0.000512,4.7e-05,1.8e-05,0.000888,3e-06,1e-05,1e-06,2.8e-05,8.4e-05,0.001744,0.000194,3e-06,3e-06,6.8e-05,0.000195,2.2e-05,1e-06,0.000332,1.8e-05,5.9e-05,0.00111,0.000156,9.2e-05,2e-06,0.000121,1.4e-05,5e-06,0.000146,3.6e-05,0.000215,0.000176,5.8e-05,3e-06,2e-06,4e-06,3e-06,0.000116,0.004652,8e-06,1.8e-05,1.7e-05,0.007677,2.8e-05,0.001139,1e-06,7e-06,2e-06,2e-06,4.2e-05,4.7e-05,0.000703,1.7e-05,2.8e-05,0.001683,0.010285,7.7e-05,1.7e-05,0.000323,0.007591,3e-06,0.000154,6.6e-05,1e-06,1.2e-05,0.000224,2.6e-05,0.000997,0.0304,2e-06,4e-06,0.000514,0.000157,4.3e-05,0.000132,0.000548,6e-06,0.01751,6e-06,3e-06,4e-05,0.000177,9e-06,0.000855,8.6e-05,9e-05,4e-06,0.000223,2.5e-05,0.001455,0.002441,0.000172,4e-06,3e-06,0.000135,0.000449,1e-06,4e-06,2.9e-05,1.2e-05,0.001938,1.9e-05,0.000119,6e-06,4e-06,8e-06,4e-06,0.000662,1.5e-05,0.000872,8e-06,4.8e-05,4e-06,4e-06,1e-05,0.000654,0.001677,2e-05,0,4e-06,0.000124,0.000281,2e-06,9.1e-05,0.044841,1e-06,0.002398,1e-06,3e-06,1e-05,0.000474,5e-06,8.9e-05,0.003274,0.002632,1.2e-05,0.000885,0.000116,5.9e-05,3e-06,1.4e-05,2e-06,2e-06,1e-06,5e-05,4e-05,2e-06,0.001494,1.4e-05,2.6e-05,0.001364,2.4e-05,0,0.001005,0.000395,2e-06,2e-06,0.001252,6e-06,6.7e-05,0.000253,4.4e-05,6.4e-05,3.3e-05,5e-06,0.00417,6.8e-05,3e-06,3.2e-05,2e-06,7e-06,1.6e-05,3e-06,2.3e-05,3.7e-05,5e-06,0.002423,3.8e-05,7.4e-05,0.000588,1.8e-05,9.3e-05,0.00023,1e-06,1e-06,3e-06,3.2e-05,5e-06,0.037271,6.9e-05,8e-06,5e-06,3e-06,0.000794,7.2e-05,1.4e-05,2e-06,2.4e-05,7e-06,4e-06,0.001248,0.000702,0.001197,0.00021,0.001119,9.6e-05,0.000337,0.005741,9.3e-05,0.00012,2.7e-05,1.3e-05,0.000236,0.000328,0.000149,0.003871,0.00037,0.000191,4e-06,1.4e-05,2.2e-05,0.001999,6.9e-05,1.1e-05,2e-06,1.2e-05,1.7e-05,0.000322,4.9e-05,4.1e-05,0.000341,0.00023,5.2e-05,1.2e-05,0.000226,2.6e-05,0.004093,0.00061,0.000709,0.000283,1.3e-05,5e-06,4e-05,2.4e-05,3e-06,2.2e-05,3e-06,9e-06,0.002523,0.000576,0.001814,5e-06,0.000215,1.5e-05,1e-06,2e-06,7e-06,6e-06,0.000204,2e-04,6e-06,0.000538,1e-05,1e-06,1.2e-05,0.001403,6.5e-05,1e-05,7.5e-05,3e-06,0.00037,6.5e-05,2e-06,0.000874,2e-06,2e-06,4e-06,1e-06,1e-06,1.3e-05,5e-06
"arusha/arusha/mwandeti",0,0,0,0,0,0,0,0,0,0,0,0,0,0,0,0,0,0,0,0,0,0,0,0,0,0,0,0,0,0,0,0,0,0,0,0,0,0,0,0,0,0,0,0,0,0,0,0,0,0,0,0,0,0,0,0,0,0,0,0,0,0,0,0,0,0,0,0,0,0,0,0,0,0,0,0,0,0,0,0,0,0,0,0,0,0,0,0,0,0,0,0,0,0,0,0,0,0,0,0,0,0,0,0,0,0,0,0,0,0,0,0,0,0,0,0,0,0,0,0,0,0,0,0,0,0,0,0,0,0,0,0,0,0,0,0,0,0,0,0,0,0,0,0,0,0,0,0,0,0,0,0,0,0,0,0,0,0,0,0,0,0,0,0,0,0,0,0,0,0,0,0,0,0,0,0,0,0,0,0,0,0,0,0,0,0,0,0,0,0,0,0,0,0,0,0,0,0,0,0,0,0,0,0,0,0,0,0,0,0,0,0,0,0,0,0,0,0,0,0,0,0,0,0,0,0,0,0,0,0,0,0,0,0,0,0,0,0,0,0,0,0,0,0,0,0,0,0,0,0,0,0,0,0,0,0,0,0,0,0,0,0,0,0,0,0,0,0,0,0,0,0,0,0,0,0,0,0,0,0,0,0,0,0,0,0,0,0,0,0,0,0,0,0,0,0,0,0,0,0,0,0,0,0,0,0,0,0,0,0,0,0,0,0,0,0,0,0,0,0,0,0,0,0,0,0,0,0,0,0,0,0,0,0,0,0,0,0,0,0,0,0,0,0,0,0,0,0,0,0,0,0,0,0,0,0,0,0,0,0,0,0,0,0,0,0,0,0,0,0,0,0,0,0,0,0,0,0,0,0,0,0,0,0,0,0,0,0,0,0,0,0,0,0,0,0,0,0
"kilimanjaro/mwanga/mwanga",4e-06,0,5e-06,1e-06,0,0.000483,0,0,0,5e-06,0,0,3e-06,3.9e-05,1e-06,0,0,0,0,0,1e-06,5e-06,0,5e-06,1e-06,1e-06,0,0,0,1e-06,2.6e-05,0,1e-06,2.1e-05,0,0,3e-06,1e-06,0,2e-06,0,0,4e-06,1e-06,1e-06,0,0,0.000683,2.7e-05,0,0,0,0,0,1e-06,0,2e-06,0,2.2e-05,1.3e-05,3e-06,3e-06,9e-06,0,0,2.3e-05,5e-06,0,1e-06,4e-06,0,0,2e-06,0,0,3e-06,0,0,0,0,0,0,0,0,0,0,0.00068,0,0,9.4e-05,0,0,0.002657,1.8e-05,0,1e-06,2.4e-05,9e-06,0.002896,0.000769,0,0,2.6e-05,5e-06,2.5e-05,0.000151,0,0.000116,8e-06,4e-06,1.8e-05,0.000246,0,0,5e-06,5e-06,0.000217,0,0.000839,3.4e-05,1.3e-05,0.000727,4e-05,0.000169,8e-06,1e-05,4e-06,0.000346,2.4e-05,5e-06,5e-06,0.000226,0.002538,2.8e-05,7e-06,1.9e-05,1e-06,0.000109,7.7e-05,0.000146,2.3e-05,1e-06,6e-06,1.4e-05,5e-06,0.001653,0,0.000643,0.000307,0.000149,3e-06,1.3e-05,5e-06,4e-06,9e-05,0.000107,7e-06,0,1e-06,0.010992,0.000392,3.3e-05,2e-06,4.1e-05,0,0,0.000904,8e-06,3.6e-05,0.000253,1e-06,1e-05,0.000508,3.6e-05,5e-06,4e-06,2e-05,0,0.000184,4e-06,0,0,6.7e-05,7e-05,0.000577,0.029481,1e-06,2e-06,0.000366,8.8e-05,5.6e-05,0,0,0,2e-06,0,7e-06,0,0.000268,0,0.000127,2e-06,4.2e-05,1e-06,0.000308,6e-06,0.006249,7e-06,2e-06,6e-06,7e-06,0,0.001017,2e-06,0,1.4e-05,0,0.001996,3.1e-05,0.000241,0,1e-06,0,2e-06,0.000347,6e-06,0.000412,8e-06,0,0,0,0,2.4e-05,5e-05,0,0,5e-06,1.8e-05,1e-06,4e-06,2.4e-05,0.000341,2e-06,0.010043,1e-06,4e-06,1.6e-05,3.5e-05,0,2e-06,0.000171,5.9e-05,0,5.5e-05,5.1e-05,2.7e-05,4e-06,0.000399,4e-06,2e-06,1e-06,0.000128,0,1e-06,4e-06,1e-06,0,3.4e-05,0,1e-06,3.2e-05,0,3.1e-05,1e-06,0.003344,1.2e-05,2.7e-05,2.9e-05,0,0,2.3e-05,0,0.000312,0,0,0,0,5e-06,0,1e-06,1e-06,8e-06,2e-06,0.000219,6.9e-05,1.8e-05,6.2e-05,1e-06,0.000158,1e-06,2e-06,1.2e-05,4e-06,6.8e-05,0,9e-06,5e-06,1e-06,0,2e-06,2.8e-05,1e-06,0,5e-06,3.7e-05,0,0,8.9e-05,0.000668,4.3e-05,6e-06,4.8e-05,3.5e-05,6.3e-05,0.000264,2e-06,3e-06,2e-06,0,1e-05,1.9e-05,6e-06,0.000238,1.1e-05,2.7e-05,0,2.2e-05,1e-06,0.000194,0,0,3e-06,0,0,0.000214,9e-06,1e-06,1.9e-05,0.000346,1e-06,0,6e-05,2e-06,0.00022,4e-06,7e-06,4.9e-05,0.000376,7e-06,5.4e-05,0,0,0,0,0,0.000158,2.7e-05,8e-05,0,2.2e-05,2e-05,1e-06,1e-06,0,4e-06,9e-06,3e-06,0,6.1e-05,0,3e-06,0,0.001136,0,0,4e-06,3e-06,0.00041,8.1e-05,2e-06,0.000101,3e-06,1e-06,2e-06,1e-06,0,0,0
"kilimanjaro/mwanga/mwaniko",0,0,0,0,0,0,0,0,0,0,0,0,0,0,0,0,0,0,0,0,0,0,0,0,0,0,0,0,0,0,0,0,0,0,0,0,0,0,0,0,0,0,0,0,0,0,0,0,0,0,0,0,0,0,0,0,0,0,0,0,0,0,0,0,0,0,0,0,0,0,0,0,0,0,0,0,0,0,0,0,0,0,0,0,0,0,0,0,0,0,0,0,0,0,0,0,0,0,0,0,0,0,0,0,0,0,0,0,0,0,0,0,0,0,0,0,0,0,0,0,0,0,0,0,0,0,0,0,0,0,0,0,0,0,0,0,0,0,0,0,0,0,0,0,0,0,0,0,0,0,0,0,0,0,0,0,0,0,0,0,0,0,0,0,0,0,0,0,0,0,0,0,0,0,0,0,0,0,0,0,0,0,0,0,0,0,0,0,0,0,0,0,0,0,0,0,0,0,0,0,0,0,0,0,0,0,0,0,0,0,0,0,0,0,0,0,0,0,0,0,0,0,0,0,0,0,0,0,0,0,0,0,0,0,0,0,0,0,0,0,0,0,0,0,0,0,0,0,0,0,0,0,0,0,0,0,0,0,0,0,0,0,0,0,0,0,0,0,0,0,0,0,0,0,0,0,0,0,0,0,0,0,0,0,0,0,0,0,0,0,0,0,0,0,0,0,0,0,0,0,0,0,0,0,0,0,0,0,0,0,0,0,0,0,0,0,0,0,0,0,0,0,0,0,0,0,0,0,0,0,0,0,0,0,0,0,0,0,0,0,0,0,0,0,0,0,0,0,0,0,0,0,0,0,0,0,0,0,0,0,0,0,0,0,0,0,0,0,0,0,0,0,0,0,0,0,0,0,0,0,0,0,0,0,0,0,0,0,0,0,0,0,0,0,0,0,0,0
"kilimanjaro/same/mwembe",0,0,0,0,0,0,0,0,0,0,0,0,0,0,0,0,0,0,0,0,0,0,0,0,0,0,0,0,0,0,0,0,0,0,0,0,0,0,0,0,0,0,0,0,0,0,0,0,0,0,0,0,0,0,0,0,0,0,0,0,0,0,0,0,0,0,0,0,0,0,0,0,0,0,0,0,0,0,0,0,0,0,0,0,0,0,0,0,0,0,0,0,0,0,0,0,0,0,0,0,0,0,0,0,0,0,0,0,0,0,0,0,0,0,0,0,0,0,0,0,0,0,0,0,0,0,0,0,0,0,0,0,0,0,0,0,0,0,0,0,0,0,0,0,0,0,0,0,0,0,0,0,0,0,0,0,0,0,0,0,0,0,0,0,0,0,0,0,0,0,0,0,0,0,0,0,0,0,0,0,0,0,0,0,0,0,0,0,0,0,0,0,0,0,0,0,0,0,0,0,0,0,0,0,0,0,0,0,0,0,0,0,0,0,0,0,0,0,0,0,0,0,0,0,0,0,0,0,0,0,0,0,0,0,0,0,0,0,0,0,0,0,0,0,0,0,0,0,0,0,0,0,0,0,0,0,0,0,0,0,0,0,0,0,0,0,0,0,0,0,0,0,0,0,0,0,0,0,0,0,0,0,0,0,0,0,0,0,0,0,0,0,0,0,0,0,0,0,0,0,0,0,0,0,0,0,0,0,0,0,0,0,0,0,0,0,0,0,0,0,0,0,0,0,0,0,0,0,0,0,0,0,0,0,0,0,0,0,0,0,0,0,0,0,0,0,0,0,0,0,0,0,0,0,0,0,0,0,0,0,0,0,0,0,0,0,0,0,0,0,0,0,0,0,0,0,0,0,0,0,0,0,0,0,0,0,0,0,0,0,0,0,0,0,0,0,0,0
"kilimanjaro/moshi/mwikakusini",0,0,0,0,0,0,0,0,0,0,0,0,0,0,0,0,0,0,0,0,0,0,0,0,0,0,0,0,0,0,0,0,0,0,0,0,0,0,0,0,0,0,0,0,0,0,0,0,0,0,0,0,0,0,0,0,0,0,0,0,0,0,0,0,0,0,0,0,0,0,0,0,0,0,0,0,0,0,0,0,0,0,0,0,0,0,0,0,0,0,0,0,0,0,0,0,0,0,0,0,0,0,0,0,0,0,0,0,0,0,0,0,0,0,0,0,0,0,0,0,0,0,0,0,0,0,0,0,0,0,0,0,0,0,0,0,0,0,0,0,0,0,0,0,0,0,0,0,0,0,0,0,0,0,0,0,0,0,0,0,0,0,0,0,0,0,0,0,0,0,0,0,0,0,0,0,0,0,0,0,0,0,0,0,0,0,0,0,0,0,0,0,0,0,0,0,0,0,0,0,0,0,0,0,0,0,0,0,0,0,0,0,0,0,0,0,0,0,0,0,0,0,0,0,0,0,0,0,0,0,0,0,0,0,0,0,0,0,0,0,0,0,0,0,0,0,0,0,0,0,0,0,0,0,0,0,0,0,0,0,0,0,0,0,0,0,0,0,0,0,0,0,0,0,0,0,0,0,0,0,0,0,0,0,0,0,0,0,0,0,0,0,0,0,0,0,0,0,0,0,0,0,0,0,0,0,0,0,0,0,0,0,0,0,0,0,0,0,0,0,0,0,0,0,0,0,0,0,0,0,0,0,0,0,0,0,0,0,0,0,0,0,0,0,0,0,0,0,0,0,0,0,0,0,0,0,0,0,0,0,0,0,0,0,0,0,0,0,0,0,0,0,0,0,0,0,0,0,0,0,0,0,0,0,0,0,0,0,0,0,0,0,0,0,0,0,0,0
"kilimanjaro/moshi/mwikakaskazini",0,0,0,0,0,0,0,0,0,0,0,0,0,0,0,0,0,0,0,0,0,0,0,0,0,0,0,0,0,0,0,0,0,0,0,0,0,0,0,0,0,0,0,0,0,0,0,0,0,0,0,0,0,0,0,0,0,0,0,0,0,0,0,0,0,0,0,0,0,0,0,0,0,0,0,0,0,0,0,0,0,0,0,0,0,0,0,0,0,0,0,0,0,0,0,0,0,0,0,0,0,0,0,0,0,0,0,0,0,0,0,0,0,0,0,0,0,0,0,0,0,0,0,0,0,0,0,0,0,0,0,0,0,0,0,0,0,0,0,0,0,0,0,0,0,0,0,0,0,0,0,0,0,0,0,0,0,0,0,0,0,0,0,0,0,0,0,0,0,0,0,0,0,0,0,0,0,0,0,0,0,0,0,0,0,0,0,0,0,0,0,0,0,0,0,0,0,0,0,0,0,0,0,0,0,0,0,0,0,0,0,0,0,0,0,0,0,0,0,0,0,0,0,0,0,0,0,0,0,0,0,0,0,0,0,0,0,0,0,0,0,0,0,0,0,0,0,0,0,0,0,0,0,0,0,0,0,0,0,0,0,0,0,0,0,0,0,0,0,0,0,0,0,0,0,0,0,0,0,0,0,0,0,0,0,0,0,0,0,0,0,0,0,0,0,0,0,0,0,0,0,0,0,0,0,0,0,0,0,0,0,0,0,0,0,0,0,0,0,0,0,0,0,0,0,0,0,0,0,0,0,0,0,0,0,0,0,0,0,0,0,0,0,0,0,0,0,0,0,0,0,0,0,0,0,0,0,0,0,0,0,0,0,0,0,0,0,0,0,0,0,0,0,0,0,0,0,0,0,0,0,0,0,0,0,0,0,0,0,0,0,0,0,0,0,0,0,0
"kilimanjaro/same/myamba",0,0,0,0,0,0,0,0,0,0,0,0,0,0,0,0,0,0,0,0,0,0,0,0,0,0,0,0,0,0,0,0,0,0,0,0,0,0,0,0,0,0,0,0,0,0,0,0,0,0,0,0,0,0,0,0,0,0,0,0,0,0,0,0,0,0,0,0,0,0,0,0,0,0,0,0,0,0,0,0,0,0,0,0,0,0,0,0,0,0,0,0,0,0,0,0,0,0,0,0,0,0,0,0,0,0,0,0,0,0,0,0,0,0,0,0,0,0,0,0,0,0,0,0,0,0,0,0,0,0,0,0,0,0,0,0,0,0,0,0,0,0,0,0,0,0,0,0,0,0,0,0,0,0,0,0,0,0,0,0,0,0,0,0,0,0,0,0,0,0,0,0,0,0,0,0,0,0,0,0,0,0,0,0,0,0,0,0,0,0,0,0,0,0,0,0,0,0,0,0,0,0,0,0,0,0,0,0,0,0,0,0,0,0,0,0,0,0,0,0,0,0,0,0,0,0,0,0,0,0,0,0,0,0,0,0,0,0,0,0,0,0,0,0,0,0,0,0,0,0,0,0,0,0,0,0,0,0,0,0,0,0,0,0,0,0,0,0,0,0,0,0,0,0,0,0,0,0,0,0,0,0,0,0,0,0,0,0,0,0,0,0,0,0,0,0,0,0,0,0,0,0,0,0,0,0,0,0,0,0,0,0,0,0,0,0,0,0,0,0,0,0,0,0,0,0,0,0,0,0,0,0,0,0,0,0,0,0,0,0,0,0,0,0,0,0,0,0,0,0,0,0,0,0,0,0,0,0,0,0,0,0,0,0,0,0,0,0,0,0,0,0,0,0,0,0,0,0,0,0,0,0,0,0,0,0,0,0,0,0,0,0,0,0,0,0,0,0
"manyara/simanjiro/naberera",0.00108,5e-05,0.000126,0.000372,1.4e-05,0.011221,5e-06,6e-06,1.4e-05,0.003715,5.8e-05,9e-06,0.000677,0.011236,0.000321,1.8e-05,1.5e-05,6.9e-05,1.1e-05,4e-05,0.000147,0.000825,1.5e-05,0.000152,0.000155,4.6e-05,2.7e-05,1.5e-05,1.6e-05,0.000244,0.00698,7.8e-05,0.000101,0.000162,7.6e-05,2.7e-05,0.001009,0.000657,4.4e-05,0.000449,1.1e-05,9e-06,0.003094,0.000402,0.000483,1.5e-05,0.000129,0.192146,0.037877,2.7e-05,1.2e-05,1.7e-05,2.2e-05,1.2e-05,0.000548,6e-06,0.000404,6.3e-05,0.034808,0.007107,0.000909,0.001626,0.001963,0.000242,0,0.008043,0.001775,7e-06,0.000323,0.006811,1.4e-05,2e-06,0.000164,0.000185,4.1e-05,0.00118,0.000119,5e-06,6e-06,7e-06,5e-06,6.6e-05,9e-06,1.4e-05,2.4e-05,9e-06,0.052551,8e-06,0.000305,0.033412,6e-06,1e-05,0.042149,0.004421,6.1e-05,0.000684,0.002119,7.4e-05,0.03188,0.00688,1.1e-05,1.2e-05,0.004239,0.001485,0.000773,0.012329,1.4e-05,0.004713,0.001099,0.002407,0.001504,0.009346,0.000277,3.7e-05,0.000155,0.00012,0.022061,6.8e-05,0.025162,0.001739,0.000982,0.033313,0.00021,0.00088,8.7e-05,0.001937,0.004329,0.077436,0.006377,0.000141,0.000123,0.005244,0.01347,0.001063,7.6e-05,0.00587,0.000268,0.002943,0.013489,0.006937,0.00312,0.000129,0.0018,0.000624,0.000182,0.012404,2.8e-05,0.011927,0.008237,0.002981,9.9e-05,0.000346,0.000153,0.000353,0.007466,0.041197,0.000376,0.00018,0.00176,0.303335,0.00197,0.10942,6.9e-05,0.000651,8e-06,9e-06,0.00426,0.001214,0.012225,0.001769,0.001239,0.006926,0.144826,0.022961,0.000485,0.014566,0.025933,3.9e-05,0.007251,0.003146,7.2e-05,7.5e-05,0.021255,0.001624,0.035256,0.555449,5.9e-05,0.000125,0.020705,0.005862,0.002426,0.00012,0.000267,1.5e-05,0.002904,0.000122,0.000136,1.9e-05,0.008864,1.2e-05,0.023714,0.003177,0.014231,0.000174,0.009152,0.000743,0.077633,0.005523,0.00079,0.00016,0.000152,0.000103,0.020801,5.7e-05,6e-06,0.001801,8e-06,0.067612,0.000855,0.005596,1.4e-05,0.000148,1e-05,0.000138,0.026219,0.000495,0.029042,0.000446,4.7e-05,7e-06,6e-06,1.3e-05,0.005576,0.020738,0.000352,1.2e-05,0.000177,0.007911,0.000842,0.000104,0.005688,0.125853,7.1e-05,0.293969,0.000137,0.000144,0.000498,0.010969,1.3e-05,0.001078,0.050161,0.025661,8.1e-05,0.017294,0.003278,0.004802,0.000129,0.001142,0.000116,0.00017,0.000118,0.007467,2.5e-05,0.000134,0.002599,0.000122,1.6e-05,0.012297,1.2e-05,0.000597,0.010069,0.034635,0.000171,0.000232,0.059948,0.000291,0.004997,0,1.6e-05,0.000159,0.0032,1.7e-05,0.051325,3.7e-05,9.7e-05,3.7e-05,5e-06,0.000246,2e-05,0.000103,0.001032,0.000845,0.000362,0.067617,0.001976,0.001863,0.01568,0.000274,0.019362,0.000461,5e-05,7.9e-05,0.000137,0.004035,0.000126,0.008518,0.001358,0.000192,0.000106,0.000122,0.014683,0.000328,0.00026,0.000122,0.001141,1.1e-05,4.4e-05,0.02574,0.025032,0.031709,0.005272,0.013146,0.003517,0.006738,0.102867,0.00095,0.001217,0.000483,0.000106,0.003182,0.005403,0.00178,0.061398,0.002891,0.088536,0.000137,0.000728,0.000142,0.045204,0.000177,1.3e-05,0.000109,1.6e-05,2.5e-05,0.055576,0.004036,0.000268,0.004929,0.028492,0.000369,6e-06,0.00642,0.000567,0.064842,0.002325,0.003365,0.048271,0.001096,0.000201,0.002058,1.7e-05,1.1e-05,2e-05,7e-06,7.1e-05,0.043211,0.01327,0.026751,0.000108,0.004551,0.000762,9.2e-05,0.000208,0.000265,0.000185,0.003705,0.006638,0.00011,0.012268,8e-06,8.7e-05,1.1e-05,0.04643,0.000106,5e-06,0.00118,0.000124,0.016404,0.00286,9e-05,0.023215,9.1e-05,0.000191,0.000312,6.6e-05,6.2e-05,1.1e-05,8e-06
"manyara/mbulu/nahasey",0,0,0,0,0,0,0,0,0,0,0,0,0,0,0,0,0,0,0,0,0,0,0,0,0,0,0,0,0,0,0,0,0,0,0,0,0,0,0,0,0,0,0,0,0,0,0,0,0,0,0,0,0,0,0,0,0,0,0,0,0,0,0,0,0,0,0,0,0,0,0,0,0,0,0,0,0,0,0,0,0,0,0,0,0,0,0,0,0,0,0,0,0,0,0,0,0,0,0,0,0,0,0,0,0,0,0,0,0,0,0,0,0,0,0,0,0,0,0,0,0,0,0,0,0,0,0,0,0,0,0,0,0,0,0,0,0,0,0,0,0,0,0,0,0,0,0,0,0,0,0,0,0,0,0,0,0,0,0,0,0,0,0,0,0,0,0,0,0,0,0,0,0,0,0,0,0,0,0,0,0,0,0,0,0,0,0,0,0,0,0,0,0,0,0,0,0,0,0,0,0,0,0,0,0,0,0,0,0,0,0,0,0,0,0,0,0,0,0,0,0,0,0,0,0,0,0,0,0,0,0,0,0,0,0,0,0,0,0,0,0,0,0,0,0,0,0,0,0,0,0,0,0,0,0,0,0,0,0,0,0,0,0,0,0,0,0,0,0,0,0,0,0,0,0,0,0,0,0,0,0,0,0,0,0,0,0,0,0,0,0,0,0,0,0,0,0,0,0,0,0,0,0,0,0,0,0,0,0,0,0,0,0,0,0,0,0,0,0,0,0,0,0,0,0,0,0,0,0,0,0,0,0,0,0,0,0,0,0,0,0,0,0,0,0,0,0,0,0,0,0,0,0,0,0,0,0,0,0,0,0,0,0,0,0,0,0,0,0,0,0,0,0,0,0,0,0,0,0,0,0,0,0,0,0,0,0,0,0,0,0,0,0,0,0,0,0,0
"arusha/ngorongoro/nainokanoka",1.5e-05,0.000174,1e-06,9.9e-05,1e-06,3.8e-05,1e-06,1e-06,0,0.000117,2e-06,0,1.3e-05,0.00018,5.1e-05,3e-06,1e-06,2e-06,0,1e-06,1e-06,7e-06,0,1e-06,0,0,1e-06,3e-06,0,1e-06,6.7e-05,1e-06,0,0,3.8e-05,1e-06,1.8e-05,2e-05,5e-06,9.3e-05,1e-06,0,1.8e-05,2.1e-05,3e-06,0,3.7e-05,0.004786,0.000254,8e-06,1e-06,1e-05,1.3e-05,1e-06,1.2e-05,0,1e-06,1e-06,1.8e-05,0.00235,6.9e-05,0.001378,0.000148,2e-06,0,0.000113,0.000111,1e-06,0.000112,5.8e-05,2.4e-05,0,2e-06,2.5e-05,1e-06,0.000233,7.6e-05,0,0,0,0,1e-06,1e-06,0,1e-06,1e-06,0.000355,0,1.4e-05,6e-05,0,0,0.000254,0.000104,2.7e-05,8.8e-05,2.5e-05,0,0.000119,2.9e-05,1e-06,3e-06,1.7e-05,2.9e-05,4e-06,0.000233,4e-06,2.9e-05,1.9e-05,0.00205,1.8e-05,8.7e-05,6e-06,1e-06,1e-06,1e-06,0.000125,0,0.000155,1.6e-05,6e-06,0.000302,1e-06,3e-06,0,7e-06,1.4e-05,0.000514,4.8e-05,1e-06,1e-06,2e-05,5.3e-05,7e-06,0,0.000101,6e-06,1.8e-05,0.000909,4.9e-05,2.8e-05,0,3.9e-05,5e-06,2e-06,3.7e-05,1e-06,6.3e-05,5.5e-05,1.7e-05,1e-06,1e-06,1e-06,1e-06,2.9e-05,0.001512,3e-06,2.7e-05,3e-06,0.002297,8e-06,1e-04,0,2e-06,0,0,1e-05,1.7e-05,0.000194,4e-06,5e-06,0.000803,0.003215,1.4e-05,6e-06,1.9e-05,0.00036,3e-06,4.7e-05,1.1e-05,0,2.1e-05,4.7e-05,7e-06,0.000343,0.009158,1e-06,1e-06,0.000166,5.3e-05,1.2e-05,7e-06,3e-05,1e-06,7.5e-05,1e-06,1e-06,1e-06,5.3e-05,1.5e-05,0.000263,7e-06,1.9e-05,1e-06,7.3e-05,9e-06,0.000425,0.000517,0.000617,1e-06,1e-06,1e-06,0.000139,0,2e-06,7e-06,2e-06,0.000662,6e-06,3.7e-05,1e-06,1e-06,0,1e-06,0.000208,5e-06,0.000308,2e-06,9e-06,0,0,1e-06,0.000943,0.000433,3e-06,0,1e-06,2.7e-05,0.002213,1e-06,2e-05,0.006817,0,0.000564,0,1e-06,3e-06,0.000123,0,1.7e-05,0.00106,0.001963,5e-06,0.000245,4.6e-05,1.4e-05,1e-06,4e-06,1e-06,0,0,1.1e-05,2e-06,0,0.001468,1.9e-05,1e-06,0.000526,0,2.9e-05,0.000451,9.9e-05,1e-06,0,0.000382,2e-06,1.6e-05,3.1e-05,2e-06,0,7e-06,4.7e-05,0.003268,3e-06,0,1e-06,0,3e-06,1e-06,1e-06,3e-06,1.6e-05,1e-06,0.000571,1.1e-05,3.1e-05,0.000248,6e-06,1.8e-05,0.000681,0,0,1e-06,7e-06,1e-06,0.00053,2.2e-05,3e-06,2e-06,1e-06,0.000233,0.000278,2e-06,1e-06,8e-06,1.2e-05,6e-06,0.000619,0.000243,0.000223,2.8e-05,0.000506,3e-05,0.000168,0.002114,0.000128,0.000185,8e-06,1.4e-05,8e-05,0.000109,5.6e-05,0.003164,0.000494,2.7e-05,0,4e-06,5.3e-05,0.000609,2e-06,1.2e-05,1e-06,2.2e-05,1e-06,6.4e-05,1e-05,8.3e-05,0.00014,5.1e-05,8.7e-05,1e-06,8.3e-05,8e-06,0.001271,0.000957,0.000231,4.5e-05,3e-06,2e-06,1.2e-05,1e-06,0,1e-06,0,1.1e-05,0.000815,0.00016,0.00054,1e-06,7.6e-05,4e-06,0,1e-06,1e-06,2e-06,4.7e-05,1.7e-05,2e-06,0.000316,1e-06,0,1e-06,0.000499,5e-06,1e-06,2.3e-05,1e-06,0.000116,2.1e-05,1e-06,0.00025,1e-06,0,1e-06,0,0,1e-06,1e-06
"manyara/simanjiro/naisinyai",0,0,0,0,0,0,0,0,0,0,0,0,0,0,0,0,0,0,0,0,0,0,0,0,0,0,0,0,0,0,0,0,0,0,0,0,0,0,0,0,0,0,0,0,0,0,0,0,0,0,0,0,0,0,0,0,0,0,0,0,0,0,0,0,0,0,0,0,0,0,0,0,0,0,0,0,0,0,0,0,0,0,0,0,0,0,0,0,0,0,0,0,0,0,0,0,0,0,0,0,0,0,0,0,0,0,0,0,0,0,0,0,0,0,0,0,0,0,0,0,0,0,0,0,0,0,0,0,0,0,0,0,0,0,0,0,0,0,0,0,0,0,0,0,0,0,0,0,0,0,0,0,0,0,0,0,0,0,0,0,0,0,0,0,0,0,0,0,0,0,0,0,0,0,0,0,0,0,0,0,0,0,0,0,0,0,0,0,0,0,0,0,0,0,0,0,0,0,0,0,0,0,0,0,0,0,0,0,0,0,0,0,0,0,0,0,0,0,0,0,0,0,0,0,0,0,0,0,0,0,0,0,0,0,0,0,0,0,0,0,0,0,0,0,0,0,0,0,0,0,0,0,0,0,0,0,0,0,0,0,0,0,0,0,0,0,0,0,0,0,0,0,0,0,0,0,0,0,0,0,0,0,0,0,0,0,0,0,0,0,0,0,0,0,0,0,0,0,0,0,0,0,0,0,0,0,0,0,0,0,0,0,0,0,0,0,0,0,0,0,0,0,0,0,0,0,0,0,0,0,0,0,0,0,0,0,0,0,0,0,0,0,0,0,0,0,0,0,0,0,0,0,0,0,0,0,0,0,0,0,0,0,0,0,0,0,0,0,0,0,0,0,0,0,0,0,0,0,0,0,0,0,0,0,0,0,0,0,0,0,0,0,0,0,0,0,0,0
"arusha/ngorongoro/naiyobi",0,0,0,0,0,0,0,0,0,0,0,0,0,0,0,0,0,0,0,0,0,0,0,0,0,0,0,0,0,0,0,0,0,0,0,0,0,0,0,0,0,0,0,0,0,0,0,0,0,0,0,0,0,0,0,0,0,0,0,0,0,0,0,0,0,0,0,0,0,0,0,0,0,0,0,0,0,0,0,0,0,0,0,0,0,0,0,0,0,0,0,0,0,0,0,0,0,0,0,0,0,0,0,0,0,0,0,0,0,0,0,0,0,0,0,0,0,0,0,0,0,0,0,0,0,0,0,0,0,0,0,0,0,0,0,0,0,0,0,0,0,0,0,0,0,0,0,0,0,0,0,0,0,0,0,0,0,0,0,0,0,0,0,0,0,0,0,0,0,0,0,0,0,0,0,0,0,0,0,0,0,0,0,0,0,0,0,0,0,0,0,0,0,0,0,0,0,0,0,0,0,0,0,0,0,0,0,0,0,0,0,0,0,0,0,0,0,0,0,0,0,0,0,0,0,0,0,0,0,0,0,0,0,0,0,0,0,0,0,0,0,0,0,0,0,0,0,0,0,0,0,0,0,0,0,0,0,0,0,0,0,0,0,0,0,0,0,0,0,0,0,0,0,0,0,0,0,0,0,0,0,0,0,0,0,0,0,0,0,0,0,0,0,0,0,0,0,0,0,0,0,0,0,0,0,0,0,0,0,0,0,0,0,0,0,0,0,0,0,0,0,0,0,0,0,0,0,0,0,0,0,0,0,0,0,0,0,0,0,0,0,0,0,0,0,0,0,0,0,0,0,0,0,0,0,0,0,0,0,0,0,0,0,0,0,0,0,0,0,0,0,0,0,0,0,0,0,0,0,0,0,0,0,0,0,0,0,0,0,0,0,0,0,0,0,0,0,0
"arusha/longido/namanga",8e-06,1e-06,1e-06,6e-06,0,2.7e-05,0,0,0,9e-06,0,0,7e-06,8.3e-05,2e-06,0,0,0,0,0,0,9e-06,0,1e-06,0,0,0,0,0,0,2.5e-05,0,0,0,0,0,7e-06,1e-06,0,2e-05,0,0,4e-06,1e-06,1e-06,0,6e-06,0.001835,3.2e-05,0,0,0,0,0,1e-06,0,1e-06,0,5e-06,5.4e-05,0.000426,3.7e-05,0.000188,0,0,4.3e-05,2.2e-05,0,2e-06,6e-06,0,0,4e-06,1e-06,0,9.3e-05,7e-06,0,0,0,0,0,0,0,0,0,0.000321,0,1e-06,2.2e-05,0,0,0.000225,6.3e-05,3e-06,3e-06,3.7e-05,0,8.8e-05,2.3e-05,0,0,6e-06,1.2e-05,4e-06,0.00073,0,2.9e-05,2.4e-05,1.6e-05,2.5e-05,0.000118,1e-06,0,2e-06,1e-06,9.6e-05,0,0.000155,2.2e-05,8e-06,0.000403,0,2e-06,0,2e-06,3e-06,0.000379,2.5e-05,1e-06,1e-06,1.8e-05,3.9e-05,7e-06,0,4.5e-05,3e-06,1.8e-05,0.060039,5.3e-05,2.5e-05,0,1.6e-05,5e-06,2e-06,2.2e-05,0,5.7e-05,5.8e-05,1.7e-05,1e-06,0,2e-06,0,1.3e-05,0.000353,4e-06,1.3e-05,1e-06,0.002236,5e-06,2.1e-05,0,1e-06,0,0,6e-06,1.8e-05,7.4e-05,2e-06,1e-06,4.7e-05,0.001297,5e-06,1.1e-05,3e-06,3.4e-05,3.1e-05,4.9e-05,3e-06,0,2e-06,1.6e-05,6e-06,0.000462,0.008772,1e-06,2e-06,0.000192,6.5e-05,1e-05,0,1e-06,0,5e-06,0,1e-06,0,5.3e-05,0,0.000188,1e-06,7e-06,1e-06,8.5e-05,1e-05,0.000364,2.3e-05,1.8e-05,1e-06,1e-06,0,0.000133,0,0,3e-06,0,0.000811,7e-06,3.8e-05,0,1e-06,0,2e-06,0.000217,7e-06,0.000433,2e-06,0,0,0,0,0.00096,0.000117,1e-06,0,1e-06,1.2e-05,9e-06,1e-06,1e-05,0.000786,0,0.000281,0,1e-06,3e-06,5.3e-05,0,4e-06,0.000459,0.000501,1e-06,0.000104,9.8e-05,5e-06,1e-06,2e-06,1e-06,0,0,7e-06,0,0,1.6e-05,3.3e-05,0,0.000138,0,2e-06,0.000159,6.1e-05,0,0,0.000362,2e-06,6e-06,8e-06,0,3e-06,4e-06,0,0,0,0,0,0,4e-06,0,2e-06,1e-06,4.5e-05,0,0.000248,1.1e-05,6.3e-05,0.000262,2e-06,8e-06,5e-06,0,0,1e-06,3e-06,0,2.2e-05,1.1e-05,2e-06,1e-06,2e-06,7.4e-05,4e-06,0,1e-06,8e-06,0,2e-06,0.000624,0.000326,6e-05,6e-06,0.000243,3e-05,0.000781,0.000918,1.7e-05,2.6e-05,3e-06,2e-06,3.1e-05,5.2e-05,2.1e-05,0.018015,0.000102,8e-06,0,4e-06,8e-06,0.000354,0,0,1e-06,0,0,2.4e-05,3e-06,1e-05,8.2e-05,2.2e-05,1.4e-05,0,0.000113,5e-06,0.000542,2.4e-05,2.6e-05,1.6e-05,2e-06,2e-06,1.1e-05,0,0,0,0,2e-06,0.000396,5.8e-05,0.000197,0,5.6e-05,4e-06,0,0,0,4e-06,1.5e-05,3e-06,1e-06,0.001875,0,0,0,0.000718,0,0,9e-06,1e-06,0.000129,2.4e-05,1e-06,0.000146,1e-06,0,0,0,0,0,0
"manyara/mbulu/nambisi",0,0,0,0,0,0,0,0,0,0,0,0,0,0,0,0,0,0,0,0,0,0,0,0,0,0,0,0,0,0,0,0,0,0,0,0,0,0,0,0,0,0,0,0,0,0,0,0,0,0,0,0,0,0,0,0,0,0,0,0,0,0,0,0,0,0,0,0,0,0,0,0,0,0,0,0,0,0,0,0,0,0,0,0,0,0,0,0,0,0,0,0,0,0,0,0,0,0,0,0,0,0,0,0,0,0,0,0,0,0,0,0,0,0,0,0,0,0,0,0,0,0,0,0,0,0,0,0,0,0,0,0,0,0,0,0,0,0,0,0,0,0,0,0,0,0,0,0,0,0,0,0,0,0,0,0,0,0,0,0,0,0,0,0,0,0,0,0,0,0,0,0,0,0,0,0,0,0,0,0,0,0,0,0,0,0,0,0,0,0,0,0,0,0,0,0,0,0,0,0,0,0,0,0,0,0,0,0,0,0,0,0,0,0,0,0,0,0,0,0,0,0,0,0,0,0,0,0,0,0,0,0,0,0,0,0,0,0,0,0,0,0,0,0,0,0,0,0,0,0,0,0,0,0,0,0,0,0,0,0,0,0,0,0,0,0,0,0,0,0,0,0,0,0,0,0,0,0,0,0,0,0,0,0,0,0,0,0,0,0,0,0,0,0,0,0,0,0,0,0,0,0,0,0,0,0,0,0,0,0,0,0,0,0,0,0,0,0,0,0,0,0,0,0,0,0,0,0,0,0,0,0,0,0,0,0,0,0,0,0,0,0,0,0,0,0,0,0,0,0,0,0,0,0,0,0,0,0,0,0,0,0,0,0,0,0,0,0,0,0,0,0,0,0,0,0,0,0,0,0,0,0,0,0,0,0,0,0,0,0,0,0,0,0,0,0,0,0
"manyara/kiteto/namelock",0,0,0,0,0,0,0,0,0,0,0,0,0,0,0,0,0,0,0,0,0,0,0,0,0,0,0,0,0,0,0,0,0,0,0,0,0,0,0,0,0,0,0,0,0,0,0,0,0,0,0,0,0,0,0,0,0,0,0,0,0,0,0,0,0,0,0,0,0,0,0,0,0,0,0,0,0,0,0,0,0,0,0,0,0,0,0,0,0,0,0,0,0,0,0,0,0,0,0,0,0,0,0,0,0,0,0,0,0,0,0,0,0,0,0,0,0,0,0,0,0,0,0,0,0,0,0,0,0,0,0,0,0,0,0,0,0,0,0,0,0,0,0,0,0,0,0,0,0,0,0,0,0,0,0,0,0,0,0,0,0,0,0,0,0,0,0,0,0,0,0,0,0,0,0,0,0,0,0,0,0,0,0,0,0,0,0,0,0,0,0,0,0,0,0,0,0,0,0,0,0,0,0,0,0,0,0,0,0,0,0,0,0,0,0,0,0,0,0,0,0,0,0,0,0,0,0,0,0,0,0,0,0,0,0,0,0,0,0,0,0,0,0,0,0,0,0,0,0,0,0,0,0,0,0,0,0,0,0,0,0,0,0,0,0,0,0,0,0,0,0,0,0,0,0,0,0,0,0,0,0,0,0,0,0,0,0,0,0,0,0,0,0,0,0,0,0,0,0,0,0,0,0,0,0,0,0,0,0,0,0,0,0,0,0,0,0,0,0,0,0,0,0,0,0,0,0,0,0,0,0,0,0,0,0,0,0,0,0,0,0,0,0,0,0,0,0,0,0,0,0,0,0,0,0,0,0,0,0,0,0,0,0,0,0,0,0,0,0,0,0,0,0,0,0,0,0,0,0,0,0,0,0,0,0,0,0,0,0,0,0,0,0,0,0,0,0,0
"manyara/babatiurban/nangara",9e-06,3e-06,1e-06,1.6e-05,2.4e-05,3.7e-05,2e-06,3e-06,4.4e-05,0.050974,0.000411,3e-06,6e-06,0.000103,6.2e-05,6e-06,6e-06,5.5e-05,4e-06,1.2e-05,1e-06,6e-06,3.2e-05,1e-06,1e-06,0,0.000175,3e-06,0,1e-06,3.9e-05,2e-06,0,1e-06,1e-05,2.2e-05,1e-05,0.000855,1.4e-05,1.5e-05,4e-06,4e-06,6.3e-05,0.000226,1.4e-05,3.4e-05,4e-06,0.002472,0.000942,5e-06,6e-06,2e-06,3e-06,4e-06,0.000558,6e-06,1e-06,2.8e-05,3.8e-05,0.00059,2e-05,6.5e-05,3.4e-05,6e-06,0,7.2e-05,3.5e-05,2e-06,3e-05,0.002492,1e-06,1e-06,1e-06,7.1e-05,1.2e-05,3.4e-05,4e-06,3e-06,1e-06,2e-06,5e-06,0.000101,5e-06,4e-06,1.6e-05,3e-06,0.000269,3e-06,7.5e-05,0.00013,4e-06,2e-06,0.000227,4.7e-05,2e-06,0.000282,1.5e-05,0,0.000114,2.7e-05,6e-06,1e-06,2.3e-05,1.5e-05,4e-06,0.000129,3e-06,2.3e-05,1e-05,0.00026,1.1e-05,6.5e-05,0.000131,0,1e-06,1e-06,1e-04,1e-06,0.000126,1.1e-05,6e-06,0.000216,1e-06,3e-06,0,1e-05,5.2e-05,0.000493,3.7e-05,1e-06,1e-06,2.5e-05,5.2e-05,5e-06,0,5.6e-05,3e-06,1.5e-05,0.000244,3.7e-05,1.9e-05,1e-06,2e-05,3e-06,1e-06,4.1e-05,4.4e-05,5.5e-05,4.4e-05,1.5e-05,1e-06,1e-06,1e-06,1e-06,3.7e-05,0.000675,3e-06,5e-06,7e-06,0.001865,8e-06,0.00035,0,2e-06,2e-06,2e-06,1.1e-05,9e-06,0.000117,5e-06,1.7e-05,0.000271,0.001703,2.4e-05,4e-06,0.00017,0.001061,1e-06,3.7e-05,2.8e-05,0,3e-06,7.6e-05,6e-06,0.000232,0.004655,0,1e-06,0.00012,3.6e-05,1e-05,0.000119,7.4e-05,5e-06,0.002155,3e-06,1e-06,6.5e-05,4.3e-05,1e-06,0.000165,4.3e-05,4.2e-05,1e-06,5.8e-05,5e-06,0.000385,0.000311,3.8e-05,1e-06,1e-06,4.6e-05,0.000121,0,1e-06,9e-06,2e-06,0.00052,5e-06,3.1e-05,6e-06,1e-06,1.3e-05,1e-06,0.000148,3e-06,0.000199,2e-06,1.2e-05,5e-06,8e-06,5e-06,0.000147,0.000255,1.1e-05,0,1e-06,3.4e-05,5.4e-05,1e-06,1.9e-05,0.003429,0,0.000984,0,1e-06,2e-06,8.3e-05,6e-06,1.3e-05,0.000546,0.000568,2e-06,0.000151,2.9e-05,1.9e-05,1e-06,4e-06,1e-06,1e-06,0,1.8e-05,2e-06,1e-06,0.000233,3e-06,1.3e-05,0.000202,7.1e-05,0.000207,0.000157,0.000106,1e-06,1e-06,0.000331,2e-06,2.2e-05,0.000102,9e-06,1e-05,7e-06,1e-06,0.000946,2.3e-05,2e-06,0,3e-06,2e-06,1.3e-05,1e-06,1.1e-05,8e-06,2e-06,0.00044,9e-06,1.6e-05,0.000158,3e-06,2.5e-05,4.2e-05,0,0,1e-06,9e-06,3e-06,0.001681,1.2e-05,1e-06,1e-06,1e-06,0.000176,2.1e-05,9e-06,1e-06,6e-06,1e-06,1e-06,0.000322,0.000184,0.000274,3.5e-05,0.000184,2.1e-05,7.8e-05,0.001335,3.5e-05,4.4e-05,5e-06,4e-06,3.8e-05,5.6e-05,2.4e-05,0.001109,9.7e-05,9.1e-05,3e-06,3e-06,5e-06,0.000364,6.3e-05,2e-06,1e-06,2e-06,7.5e-05,1e-04,1.7e-05,1e-05,5.8e-05,6.9e-05,1.3e-05,3e-06,4.8e-05,5e-06,0.000685,0.000108,8.8e-05,8.7e-05,4e-06,1e-06,1e-05,5.8e-05,7e-06,0.000312,4e-06,3e-06,0.000432,0.000133,0.000294,3e-06,4e-05,4e-06,0,1e-06,5e-06,1e-06,3.3e-05,5e-05,1e-06,0.000163,4e-06,0,8e-06,0.000367,5.6e-05,2e-06,1.2e-05,1e-06,8.9e-05,1.6e-05,1e-06,0.000163,1e-06,1e-06,1e-06,0,0,6e-06,2e-06
"manyara/hanang/nangwa",0,0,0,0,0,0,0,0,0,0,0,0,0,0,0,0,0,0,0,0,0,0,0,0,0,0,0,0,0,0,0,0,0,0,0,0,0,0,0,0,0,0,0,0,0,0,0,0,0,0,0,0,0,0,0,0,0,0,0,0,0,0,0,0,0,0,0,0,0,0,0,0,0,0,0,0,0,0,0,0,0,0,0,0,0,0,0,0,0,0,0,0,0,0,0,0,0,0,0,0,0,0,0,0,0,0,0,0,0,0,0,0,0,0,0,0,0,0,0,0,0,0,0,0,0,0,0,0,0,0,0,0,0,0,0,0,0,0,0,0,0,0,0,0,0,0,0,0,0,0,0,0,0,0,0,0,0,0,0,0,0,0,0,0,0,0,0,0,0,0,0,0,0,0,0,0,0,0,0,0,0,0,0,0,0,0,0,0,0,0,0,0,0,0,0,0,0,0,0,0,0,0,0,0,0,0,0,0,0,0,0,0,0,0,0,0,0,0,0,0,0,0,0,0,0,0,0,0,0,0,0,0,0,0,0,0,0,0,0,0,0,0,0,0,0,0,0,0,0,0,0,0,0,0,0,0,0,0,0,0,0,0,0,0,0,0,0,0,0,0,0,0,0,0,0,0,0,0,0,0,0,0,0,0,0,0,0,0,0,0,0,0,0,0,0,0,0,0,0,0,0,0,0,0,0,0,0,0,0,0,0,0,0,0,0,0,0,0,0,0,0,0,0,0,0,0,0,0,0,0,0,0,0,0,0,0,0,0,0,0,0,0,0,0,0,0,0,0,0,0,0,0,0,0,0,0,0,0,0,0,0,0,0,0,0,0,0,0,0,0,0,0,0,0,0,0,0,0,0,0,0,0,0,0,0,0,0,0,0,0,0,0,0,0,0,0,0,0
"kilimanjaro/rombo/nanjarareha",0,0,0,0,0,0,0,0,0,0,0,0,0,0,0,0,0,0,0,0,0,0,0,0,0,0,0,0,0,0,0,0,0,0,0,0,0,0,0,0,0,0,0,0,0,0,0,0,0,0,0,0,0,0,0,0,0,0,0,0,0,0,0,0,0,0,0,0,0,0,0,0,0,0,0,0,0,0,0,0,0,0,0,0,0,0,0,0,0,0,0,0,0,0,0,0,0,0,0,0,0,0,0,0,0,0,0,0,0,0,0,0,0,0,0,0,0,0,0,0,0,0,0,0,0,0,0,0,0,0,0,0,0,0,0,0,0,0,0,0,0,0,0,0,0,0,0,0,0,0,0,0,0,0,0,0,0,0,0,0,0,0,0,0,0,0,0,0,0,0,0,0,0,0,0,0,0,0,0,0,0,0,0,0,0,0,0,0,0,0,0,0,0,0,0,0,0,0,0,0,0,0,0,0,0,0,0,0,0,0,0,0,0,0,0,0,0,0,0,0,0,0,0,0,0,0,0,0,0,0,0,0,0,0,0,0,0,0,0,0,0,0,0,0,0,0,0,0,0,0,0,0,0,0,0,0,0,0,0,0,0,0,0,0,0,0,0,0,0,0,0,0,0,0,0,0,0,0,0,0,0,0,0,0,0,0,0,0,0,0,0,0,0,0,0,0,0,0,0,0,0,0,0,0,0,0,0,0,0,0,0,0,0,0,0,0,0,0,0,0,0,0,0,0,0,0,0,0,0,0,0,0,0,0,0,0,0,0,0,0,0,0,0,0,0,0,0,0,0,0,0,0,0,0,0,0,0,0,0,0,0,0,0,0,0,0,0,0,0,0,0,0,0,0,0,0,0,0,0,0,0,0,0,0,0,0,0,0,0,0,0,0,0,0,0,0,0,0
"manyara/babati/nar",0,0,0,0,0,0,0,0,0,0,0,0,0,0,0,0,0,0,0,0,0,0,0,0,0,0,0,0,0,0,0,0,0,0,0,0,0,0,0,0,0,0,0,0,0,0,0,0,0,0,0,0,0,0,0,0,0,0,0,0,0,0,0,0,0,0,0,0,0,0,0,0,0,0,0,0,0,0,0,0,0,0,0,0,0,0,0,0,0,0,0,0,0,0,0,0,0,0,0,0,0,0,0,0,0,0,0,0,0,0,0,0,0,0,0,0,0,0,0,0,0,0,0,0,0,0,0,0,0,0,0,0,0,0,0,0,0,0,0,0,0,0,0,0,0,0,0,0,0,0,0,0,0,0,0,0,0,0,0,0,0,0,0,0,0,0,0,0,0,0,0,0,0,0,0,0,0,0,0,0,0,0,0,0,0,0,0,0,0,0,0,0,0,0,0,0,0,0,0,0,0,0,0,0,0,0,0,0,0,0,0,0,0,0,0,0,0,0,0,0,0,0,0,0,0,0,0,0,0,0,0,0,0,0,0,0,0,0,0,0,0,0,0,0,0,0,0,0,0,0,0,0,0,0,0,0,0,0,0,0,0,0,0,0,0,0,0,0,0,0,0,0,0,0,0,0,0,0,0,0,0,0,0,0,0,0,0,0,0,0,0,0,0,0,0,0,0,0,0,0,0,0,0,0,0,0,0,0,0,0,0,0,0,0,0,0,0,0,0,0,0,0,0,0,0,0,0,0,0,0,0,0,0,0,0,0,0,0,0,0,0,0,0,0,0,0,0,0,0,0,0,0,0,0,0,0,0,0,0,0,0,0,0,0,0,0,0,0,0,0,0,0,0,0,0,0,0,0,0,0,0,0,0,0,0,0,0,0,0,0,0,0,0,0,0,0,0,0
"kilimanjaro/siha/nasai",0,0,0,0,0,0,0,0,0,0,0,0,0,0,0,0,0,0,0,0,0,0,0,0,0,0,0,0,0,0,0,0,0,0,0,0,0,0,0,0,0,0,0,0,0,0,0,0,0,0,0,0,0,0,0,0,0,0,0,0,0,0,0,0,0,0,0,0,0,0,0,0,0,0,0,0,0,0,0,0,0,0,0,0,0,0,0,0,0,0,0,0,0,0,0,0,0,0,0,0,0,0,0,0,0,0,0,0,0,0,0,0,0,0,0,0,0,0,0,0,0,0,0,0,0,0,0,0,0,0,0,0,0,0,0,0,0,0,0,0,0,0,0,0,0,0,0,0,0,0,0,0,0,0,0,0,0,0,0,0,0,0,0,0,0,0,0,0,0,0,0,0,0,0,0,0,0,0,0,0,0,0,0,0,0,0,0,0,0,0,0,0,0,0,0,0,0,0,0,0,0,0,0,0,0,0,0,0,0,0,0,0,0,0,0,0,0,0,0,0,0,0,0,0,0,0,0,0,0,0,0,0,0,0,0,0,0,0,0,0,0,0,0,0,0,0,0,0,0,0,0,0,0,0,0,0,0,0,0,0,0,0,0,0,0,0,0,0,0,0,0,0,0,0,0,0,0,0,0,0,0,0,0,0,0,0,0,0,0,0,0,0,0,0,0,0,0,0,0,0,0,0,0,0,0,0,0,0,0,0,0,0,0,0,0,0,0,0,0,0,0,0,0,0,0,0,0,0,0,0,0,0,0,0,0,0,0,0,0,0,0,0,0,0,0,0,0,0,0,0,0,0,0,0,0,0,0,0,0,0,0,0,0,0,0,0,0,0,0,0,0,0,0,0,0,0,0,0,0,0,0,0,0,0,0,0,0,0,0,0,0,0,0,0,0,0,0,0
"manyara/kiteto/ndedo",1.2e-05,2e-06,2e-06,1.1e-05,1e-06,0.000104,0,0,1e-06,0.000213,4e-06,1e-06,9e-06,0.000135,1.7e-05,1e-06,1e-06,3e-06,1e-06,2e-06,6e-06,8e-06,1e-06,2e-06,4e-06,1e-06,2e-06,1e-06,1.8e-05,7e-06,9.2e-05,4.4e-05,2e-06,2e-06,2e-06,1e-06,1.2e-05,3e-05,1e-06,1.8e-05,1e-06,1e-06,0.000758,1.7e-05,0.00016,1e-06,3e-06,0.002906,0.000636,1e-06,0,1e-06,1e-06,1e-06,3e-05,0,3e-06,3e-06,0.000502,0.000238,1.9e-05,3.4e-05,4.2e-05,0.000132,0,9.2e-05,3.1e-05,0,9e-06,0.000237,1e-06,0,2e-06,8e-06,2e-06,2.7e-05,4e-06,0,0,0,0,4e-06,1e-06,1e-06,2e-06,0,0.000581,1e-06,1.4e-05,0.000761,0,1e-06,0.000655,6.2e-05,2e-06,3.3e-05,3e-05,1e-06,0.000337,8.2e-05,1e-06,1e-06,0.00014,1.9e-05,9e-06,0.000261,1e-06,5.6e-05,1.6e-05,6.2e-05,2.1e-05,0.00016,1.7e-05,0,3e-06,2e-06,0.000214,6.9e-05,0.000318,2.5e-05,1e-05,0.000496,3e-06,1.1e-05,1e-06,6.6e-05,0.001704,0.000615,6e-05,2e-06,2e-06,4.9e-05,0.000163,1.3e-05,1e-06,7.2e-05,4e-06,3.8e-05,0.00036,8.6e-05,3.5e-05,4e-06,2.4e-05,8e-06,3e-06,0.000157,1e-06,0.000149,0.000114,4e-05,2e-06,3e-06,3e-06,5e-06,0.000179,0.000634,5e-06,3e-06,0.000261,0.004609,2.5e-05,0.000469,1e-06,8e-06,0,1e-06,3.8e-05,1.6e-05,0.000145,1.8e-05,0.000388,0.000107,0.002061,0.000185,7e-06,0.000338,0.000343,1e-06,8.9e-05,0.001311,2e-06,3e-06,0.000715,1.7e-05,0.000499,0.01684,1e-06,2e-06,0.000266,7.7e-05,2.5e-05,7e-06,7e-06,1e-06,8.4e-05,5.2e-05,2e-06,1e-06,0.000108,0,0.00027,0.000965,0.000234,1e-06,0.00015,9e-06,0.001117,9.1e-05,3.2e-05,2e-06,2e-06,3e-06,0.00034,1e-06,0,5.3e-05,0,0.001338,1.3e-05,8.2e-05,1e-06,1e-06,1e-06,2e-06,0.000313,7e-06,0.000413,4e-06,2e-06,1e-06,0,0,0.000189,0.000268,0.000181,0,2e-06,4.4e-05,1.9e-05,2e-06,4e-05,0.003438,1e-06,0.003107,3e-06,2e-06,6e-06,0.000117,1e-06,1.3e-05,0.000671,0.000371,1e-06,2e-04,6.2e-05,0.000133,2e-06,1.4e-05,1e-06,3e-06,3e-06,3.8e-05,1e-06,4e-06,5.8e-05,3e-06,1e-06,0.000195,1e-06,2.1e-05,0.000163,0.000371,2e-06,4e-06,0.00092,5e-06,0.000153,0.000405,1e-06,6e-06,2e-05,1e-06,0.001445,2e-06,5.1e-05,2e-06,0,4e-06,1e-06,1e-06,0,1.5e-05,1.1e-05,0.00067,2.4e-05,3e-05,0.000165,4e-06,0.000112,1.9e-05,1e-06,1e-06,2e-06,4.8e-05,0.000173,0.000194,1.6e-05,2e-06,1e-06,2e-06,0.000137,1e-05,0.000167,1e-06,1.5e-05,0,1e-06,0.000304,0.000455,0.000231,4.5e-05,0.000209,4.1e-05,0.00014,0.001104,3e-05,3.7e-05,6e-06,5e-06,4.4e-05,7e-05,2.6e-05,0.001069,0.000123,0.000942,0.000107,8e-06,5e-06,0.000537,1.1e-05,0,1e-06,1e-06,1e-06,0.000732,0.000224,1.1e-05,7.3e-05,0.000381,1.5e-05,0,8.9e-05,7e-06,0.000852,4.3e-05,6.1e-05,0.00015,1.3e-05,3e-06,2.3e-05,1e-06,1e-06,1e-06,1e-06,3e-06,0.000561,0.000114,0.000345,4.9e-05,5.9e-05,9e-06,1e-06,5e-06,7.6e-05,3e-06,4.1e-05,4.2e-05,1e-06,0.000183,0,1e-06,1e-06,0.000893,7e-06,0,1.5e-05,2e-06,0.000213,3.9e-05,1e-06,0.000254,1e-06,4e-06,8e-06,1e-06,2e-06,1e-06,0
"kilimanjaro/siha/ndumeti",0,0,0,0,0,0,0,0,0,0,0,0,0,0,0,0,0,0,0,0,0,0,0,0,0,0,0,0,0,0,0,0,0,0,0,0,0,0,0,0,0,0,0,0,0,0,0,0,0,0,0,0,0,0,0,0,0,0,0,0,0,0,0,0,0,0,0,0,0,0,0,0,0,0,0,0,0,0,0,0,0,0,0,0,0,0,0,0,0,0,0,0,0,0,0,0,0,0,0,0,0,0,0,0,0,0,0,0,0,0,0,0,0,0,0,0,0,0,0,0,0,0,0,0,0,0,0,0,0,0,0,0,0,0,0,0,0,0,0,0,0,0,0,0,0,0,0,0,0,0,0,0,0,0,0,0,0,0,0,0,0,0,0,0,0,0,0,0,0,0,0,0,0,0,0,0,0,0,0,0,0,0,0,0,0,0,0,0,0,0,0,0,0,0,0,0,0,0,0,0,0,0,0,0,0,0,0,0,0,0,0,0,0,0,0,0,0,0,0,0,0,0,0,0,0,0,0,0,0,0,0,0,0,0,0,0,0,0,0,0,0,0,0,0,0,0,0,0,0,0,0,0,0,0,0,0,0,0,0,0,0,0,0,0,0,0,0,0,0,0,0,0,0,0,0,0,0,0,0,0,0,0,0,0,0,0,0,0,0,0,0,0,0,0,0,0,0,0,0,0,0,0,0,0,0,0,0,0,0,0,0,0,0,0,0,0,0,0,0,0,0,0,0,0,0,0,0,0,0,0,0,0,0,0,0,0,0,0,0,0,0,0,0,0,0,0,0,0,0,0,0,0,0,0,0,0,0,0,0,0,0,0,0,0,0,0,0,0,0,0,0,0,0,0,0,0,0,0,0,0,0,0,0,0,0,0,0,0,0,0,0,0,0,0,0,0,0,0
"kilimanjaro/same/ndungu",0,0,0,0,0,0,0,0,0,0,0,0,0,0,0,0,0,0,0,0,0,0,0,0,0,0,0,0,0,0,0,0,0,0,0,0,0,0,0,0,0,0,0,0,0,0,0,0,0,0,0,0,0,0,0,0,0,0,0,0,0,0,0,0,0,0,0,0,0,0,0,0,0,0,0,0,0,0,0,0,0,0,0,0,0,0,0,0,0,0,0,0,0,0,0,0,0,0,0,0,0,0,0,0,0,0,0,0,0,0,0,0,0,0,0,0,0,0,0,0,0,0,0,0,0,0,0,0,0,0,0,0,0,0,0,0,0,0,0,0,0,0,0,0,0,0,0,0,0,0,0,0,0,0,0,0,0,0,0,0,0,0,0,0,0,0,0,0,0,0,0,0,0,0,0,0,0,0,0,0,0,0,0,0,0,0,0,0,0,0,0,0,0,0,0,0,0,0,0,0,0,0,0,0,0,0,0,0,0,0,0,0,0,0,0,0,0,0,0,0,0,0,0,0,0,0,0,0,0,0,0,0,0,0,0,0,0,0,0,0,0,0,0,0,0,0,0,0,0,0,0,0,0,0,0,0,0,0,0,0,0,0,0,0,0,0,0,0,0,0,0,0,0,0,0,0,0,0,0,0,0,0,0,0,0,0,0,0,0,0,0,0,0,0,0,0,0,0,0,0,0,0,0,0,0,0,0,0,0,0,0,0,0,0,0,0,0,0,0,0,0,0,0,0,0,0,0,0,0,0,0,0,0,0,0,0,0,0,0,0,0,0,0,0,0,0,0,0,0,0,0,0,0,0,0,0,0,0,0,0,0,0,0,0,0,0,0,0,0,0,0,0,0,0,0,0,0,0,0,0,0,0,0,0,0,0,0,0,0,0,0,0,0,0,0,0,0,0
"arusha/arusha/nduruma",0.000122,0,1e-06,1e-06,0,5e-05,0,0,0,7e-06,0,0,4.4e-05,0.00104,1e-06,0,0,0,0,0,0,1.2e-05,0,1e-06,0,0,0,0,0,0,0.001432,0,0,0,0,0,7e-05,1e-06,0,2e-06,0,0,2e-06,1e-06,0,0,1e-06,0.011908,7.9e-05,0,0,0,0,0,1e-06,0,9e-06,0,7e-06,1.7e-05,5e-06,9e-06,3e-05,0,0,0.000872,3.3e-05,0,2e-06,7e-06,0,0,3e-06,1e-06,0,6e-06,1e-06,0,0,0,0,0,0,0,0,0,0.00076,0,0,1.6e-05,0,0,0.00016,0.000197,1e-06,2e-06,3.2e-05,0,0.000125,2.5e-05,0,0,4e-06,9.2e-05,5e-06,0.000101,0,3.7e-05,2.7e-05,8e-06,2.1e-05,5.4e-05,0,2e-06,1e-06,1e-06,0.000374,0,0.000162,1.5e-05,6e-06,0.000271,0,2e-06,0,2e-06,2e-06,0.002713,0.001524,1e-06,1e-06,1.6e-05,4.2e-05,8e-06,0,0.000468,1.3e-05,1.7e-05,0.000125,6.1e-05,9.5e-05,0,9.6e-05,5e-06,1e-06,2.2e-05,0,5.8e-05,4.6e-05,1.4e-05,1e-06,0,1e-06,0,9e-06,0.00107,1e-06,1e-06,1e-06,0.002745,5e-06,8e-05,0,1e-06,0,0,9e-06,3.8e-05,0.001057,3e-06,1e-06,4.6e-05,0.009808,7e-06,7e-06,5e-06,7.6e-05,0,5.5e-05,2e-06,0,0,1.3e-05,9e-06,0.000382,0.013653,1e-06,1e-06,0.000214,6.8e-05,1.9e-05,0,1e-06,0,5e-06,0,1e-06,0,6e-05,0,0.001479,1e-06,6e-06,6e-06,4.7e-05,1.7e-05,0.000311,2.7e-05,3e-06,1e-06,1e-06,0,8.2e-05,0,0,2e-06,0,0.000331,5e-06,2.7e-05,0,1.1e-05,0,2e-06,0.000368,7e-06,0.000354,4e-06,0,0,0,0,3.4e-05,8e-04,0,0,1e-06,0.000376,4e-06,0,0.00011,0.002086,0,0.00032,0,1e-06,3e-06,0.002841,0,2.5e-05,0.003101,0.000288,1e-06,0.002113,2.5e-05,4e-06,1e-06,3e-06,1e-06,0,0,1.6e-05,0,0,1e-05,1e-06,0,0.000309,0,2e-06,0.000265,7.9e-05,0,0,0.000263,1e-06,4e-06,2.1e-05,0,1e-06,1.6e-05,0,0.000456,0,0,0,0,2e-06,0,2e-06,0,1e-05,0,0,1.2e-05,2.7e-05,0.000338,1.6e-05,1.6e-05,2e-06,0,0,1e-06,4e-06,0,2.2e-05,0.000116,1.4e-05,8e-06,1e-06,0.000467,1e-06,0,1e-06,7e-06,0,0,0.00047,0.000137,0.000872,5.5e-05,0.00039,6.8e-05,7e-05,0.003262,2e-06,3e-06,4.2e-05,0,0.000141,0.000326,6.2e-05,0.000533,1.1e-05,1.1e-05,0,5e-06,1e-06,0.004583,0,0,1e-06,0,0,2.9e-05,2e-06,1e-06,0.000183,2.4e-05,1e-06,0,0.000121,5.2e-05,0.004617,1.3e-05,4.4e-05,0.000115,2e-06,1e-06,1.5e-05,0,0,0,0,0,0.003097,0.000678,0.001576,0,0.000234,6e-06,0,0,0,1e-06,0.00028,1.2e-05,9e-06,0.000109,0,0,0,0.000265,0,0,7.4e-05,1e-06,0.000126,1.9e-05,1e-06,0.002861,1e-06,0,0,0,0,0,0
"kilimanjaro/moshimunicipal/ngambo",0,0,0,0,0,0,0,0,0,0,0,0,0,0,0,0,0,0,0,0,0,0,0,0,0,0,0,0,0,0,0,0,0,0,0,0,0,0,0,0,0,0,0,0,0,0,0,0,0,0,0,0,0,0,0,0,0,0,0,0,0,0,0,0,0,0,0,0,0,0,0,0,0,0,0,0,0,0,0,0,0,0,0,0,0,0,0,0,0,0,0,0,0,0,0,0,0,0,0,0,0,0,0,0,0,0,0,0,0,0,0,0,0,0,0,0,0,0,0,0,0,0,0,0,0,0,0,0,0,0,0,0,0,0,0,0,0,0,0,0,0,0,0,0,0,0,0,0,0,0,0,0,0,0,0,0,0,0,0,0,0,0,0,0,0,0,0,0,0,0,0,0,0,0,0,0,0,0,0,0,0,0,0,0,0,0,0,0,0,0,0,0,0,0,0,0,0,0,0,0,0,0,0,0,0,0,0,0,0,0,0,0,0,0,0,0,0,0,0,0,0,0,0,0,0,0,0,0,0,0,0,0,0,0,0,0,0,0,0,0,0,0,0,0,0,0,0,0,0,0,0,0,0,0,0,0,0,0,0,0,0,0,0,0,0,0,0,0,0,0,0,0,0,0,0,0,0,0,0,0,0,0,0,0,0,0,0,0,0,0,0,0,0,0,0,0,0,0,0,0,0,0,0,0,0,0,0,0,0,0,0,0,0,0,0,0,0,0,0,0,0,0,0,0,0,0,0,0,0,0,0,0,0,0,0,0,0,0,0,0,0,0,0,0,0,0,0,0,0,0,0,0,0,0,0,0,0,0,0,0,0,0,0,0,0,0,0,0,0,0,0,0,0,0,0,0,0,0,0,0,0,0,0,0,0,0,0,0,0,0,0,0,0,0,0,0,0,0
"kilimanjaro/siha/ngarenairobi",0.000102,2e-06,1.6e-05,9e-06,0,0.000484,0,0,0,3.2e-05,1e-06,0,7.9e-05,0.000931,6e-06,0,0,1e-06,0,0,1e-06,0.00061,0,1.9e-05,1e-06,6e-06,0,0,0,1e-06,0.00029,0,1e-06,3e-06,1e-06,0,7.1e-05,5e-06,0,2.2e-05,0,0,1.6e-05,4e-06,2e-06,0,1.1e-05,0.015996,0.000182,0,0,0,0,0,4e-06,0,1.1e-05,0,3.5e-05,0.000125,1e-04,6.4e-05,0.000422,1e-06,0,0.000443,0.000105,0,7e-06,2.5e-05,0,0,0.000856,3e-06,0,7e-05,8e-06,0,0,0,0,0,0,0,0,0,0.010386,0,3e-06,0.000124,0,0,0.003159,0.000667,5e-06,1e-05,0.004086,2e-06,0.001488,0.000364,0,0,3.6e-05,0.000117,9.3e-05,0.009004,0,0.000809,0.001042,4.2e-05,0.002698,0.002111,2e-06,3e-06,2.6e-05,1.4e-05,0.002497,0,0.003725,0.000823,0.00034,0.013131,5e-06,1.7e-05,2e-06,1.4e-05,1.5e-05,0.009075,0.000377,2.3e-05,1.6e-05,0.000314,0.000559,0.000176,1e-06,0.000471,2.6e-05,0.000406,0.003576,0.001748,0.00078,1e-06,0.000144,0.000166,3.2e-05,0.000234,0,0.001085,0.001216,0.000307,1.9e-05,3e-06,2.1e-05,2e-06,8.5e-05,0.002155,4.7e-05,1.4e-05,4e-06,0.055713,6.9e-05,0.000156,9e-06,9e-06,0,0,7.9e-05,0.000595,0.000736,2.5e-05,5e-06,0.000167,0.012038,3.7e-05,0.002036,1.7e-05,0.000177,1.1e-05,0.001388,1.3e-05,1e-06,3e-06,9.4e-05,0.000118,0.023849,0.221385,8.8e-05,0.000102,0.007781,0.003363,0.000257,1e-06,3e-06,0,1.8e-05,1e-06,1.2e-05,0,0.001327,0,0.003967,6e-06,4.5e-05,1e-05,0.001423,0.000529,0.005575,8.9e-05,3e-05,2.1e-05,1.7e-05,0,0.001828,6e-06,0,1.7e-05,0,0.010326,0.00013,0.000676,0,1.2e-05,0,0.000125,0.009088,0.000466,0.02976,4.3e-05,1e-06,0,0,0,0.000518,0.00089,2e-06,2e-06,3.3e-05,0.000175,2e-05,1.1e-05,0.000159,0.004212,1.1e-05,0.002709,1e-06,2e-05,6.9e-05,0.000646,0,2.6e-05,0.004403,0.001647,5e-06,0.001151,0.002095,3.1e-05,2e-05,3e-05,1.5e-05,1e-06,1e-06,1e-04,0,1e-06,4.7e-05,1.7e-05,0,0.000797,0,6e-06,0.000926,0.000796,5e-06,1e-06,0.005663,3.4e-05,3.4e-05,6.5e-05,0,6e-06,5.7e-05,1e-06,0.013769,0,0,0,0,7e-05,0,0.000174,3e-06,0.003855,3e-06,0.003206,0.000262,0,0.004655,2e-05,8.8e-05,1.2e-05,5e-06,1e-06,1.9e-05,2.9e-05,1e-06,8.1e-05,0.000137,2.9e-05,1.3e-05,6.5e-05,0.000586,7e-06,1e-06,1.2e-05,0.000191,0,2e-06,0.005483,0.005072,0.000525,5.3e-05,0.001628,0.001275,0.008152,0.007561,2.5e-05,3.5e-05,3.5e-05,4e-06,0.000254,0.00053,0.000154,0.012869,0.000126,4.9e-05,0,9e-05,8e-06,0.005309,1e-06,0,1.9e-05,0,0,0.000181,1.6e-05,1.2e-05,0.000737,0.000184,1.7e-05,0,0.010504,6.4e-05,0.005355,6.6e-05,0.000121,0.000184,2.3e-05,2.6e-05,0.00029,0,0,0,0,3e-06,0.004311,0.000548,0.001748,1e-06,0.000935,0.000113,0,1e-06,1e-06,6.2e-05,0.00014,2.1e-05,8e-06,0.006731,0,1e-06,0,0.010573,1e-06,0,8.3e-05,3.8e-05,0.003786,0.000614,2.2e-05,0.002388,1.7e-05,1e-06,2e-06,1e-06,0,0,0
"arusha/meru/ngarenanyuki",4.2e-05,0,1e-06,2e-06,0,3.2e-05,0,0,0,4e-06,0,0,4.4e-05,0.000389,1e-06,0,0,0,0,0,0,4.5e-05,0,1e-06,0,0,0,0,0,0,4.1e-05,0,0,0,0,0,2.8e-05,1e-06,0,2e-06,0,0,2e-06,1e-06,0,0,2e-06,0.006523,3e-05,0,0,0,0,0,1e-06,0,2e-06,0,4e-06,2.3e-05,1.5e-05,1.6e-05,9.8e-05,0,0,0.000148,3.1e-05,0,1e-06,5e-06,0,0,1e-05,0,0,1.3e-05,1e-06,0,0,0,0,0,0,0,0,0,0.000678,0,1e-06,1.5e-05,0,0,0.000155,0.000494,1e-06,1e-06,7.3e-05,0,9.1e-05,2e-05,0,0,3e-06,4.9e-05,5e-06,0.000222,0,3.7e-05,0.000226,9e-06,4.7e-05,7.2e-05,0,1e-06,1e-06,1e-06,0.000227,0,0.000164,2.2e-05,1.3e-05,0.000381,0,1e-06,0,1e-06,2e-06,0.002498,8.9e-05,1e-06,1e-06,2.1e-05,3.3e-05,8e-06,0,0.000198,1.3e-05,1.7e-05,0.000332,6.9e-05,0.000103,0,6.2e-05,6e-06,1e-06,1.6e-05,0,5.3e-05,5e-05,1.4e-05,1e-06,0,1e-06,0,6e-06,0.00068,2e-06,3e-06,0,0.002665,4e-06,3.4e-05,0,1e-06,0,0,6e-06,0.000168,0.000262,2e-06,1e-06,5.2e-05,0.004999,4e-06,1.8e-05,3e-06,4.6e-05,1e-06,5.8e-05,1e-06,0,0,8e-06,7e-06,0.000604,0.008398,1e-06,2e-06,0.000275,0.000101,1.5e-05,0,1e-06,0,4e-06,0,1e-06,0,5.9e-05,0,0.001193,1e-06,6e-06,1e-06,5.5e-05,4.2e-05,0.000283,2.5e-05,4e-06,1e-06,1e-06,0,8.5e-05,0,0,1e-06,0,0.000412,5e-06,2.9e-05,0,2e-06,0,3e-06,0.000443,1.3e-05,0.000639,3e-06,0,0,0,0,5.9e-05,0.000274,0,0,1e-06,4.5e-05,5e-06,0,2.2e-05,0.000602,0,0.000288,0,1e-06,3e-06,0.000203,0,7e-06,0.001975,0.000649,1e-06,0.000415,4.8e-05,3e-06,1e-06,2e-06,1e-06,0,0,1.2e-05,0,0,1.1e-05,2e-06,0,0.00027,0,1e-06,0.000365,5.3e-05,0,0,0.000263,1e-06,3e-06,1.1e-05,0,1e-06,6e-06,0,0.001155,0,0,0,0,2e-06,0,4e-06,0,3.4e-05,0,0.000812,1.2e-05,9.4e-05,0,8e-06,8e-06,2e-06,0,0,1e-06,2e-06,0,1.9e-05,6.4e-05,1.3e-05,7e-06,2e-06,0.000291,1e-06,0,1e-06,8e-06,0,0,0.006516,0.000181,0.000181,1e-05,0.000804,8.7e-05,0.000212,0.00517,4e-06,6e-06,1.4e-05,0,0.000108,0.000262,6.6e-05,0.002397,1.4e-05,7e-06,0,4e-06,1e-06,0.002221,0,0,1e-06,0,0,1.6e-05,2e-06,1e-06,0.000505,1.5e-05,2e-06,0,0.000362,2.9e-05,0.002279,1.8e-05,3e-05,3.6e-05,2e-06,1e-06,1.4e-05,0,0,0,0,0,0.002082,0.000275,0.000661,0,0.000739,5e-06,0,0,0,2e-06,4e-05,5e-06,3e-06,0.000622,0,0,0,0.000366,0,0,3.3e-05,1e-06,0.000144,2.3e-05,1e-06,0.000765,1e-06,0,0,0,0,0,0
"arusha/arushaurban/ngarenaro",0,0,0,0,0,0,0,0,0,0,0,0,0,0,0,0,0,0,0,0,0,0,0,0,0,0,0,0,0,0,0,0,0,0,0,0,0,0,0,0,0,0,0,0,0,0,0,0,0,0,0,0,0,0,0,0,0,0,0,0,0,0,0,0,0,0,0,0,0,0,0,0,0,0,0,0,0,0,0,0,0,0,0,0,0,0,0,0,0,0,0,0,0,0,0,0,0,0,0,0,0,0,0,0,0,0,0,0,0,0,0,0,0,0,0,0,0,0,0,0,0,0,0,0,0,0,0,0,0,0,0,0,0,0,0,0,0,0,0,0,0,0,0,0,0,0,0,0,0,0,0,0,0,0,0,0,0,0,0,0,0,0,0,0,0,0,0,0,0,0,0,0,0,0,0,0,0,0,0,0,0,0,0,0,0,0,0,0,0,0,0,0,0,0,0,0,0,0,0,0,0,0,0,0,0,0,0,0,0,0,0,0,0,0,0,0,0,0,0,0,0,0,0,0,0,0,0,0,0,0,0,0,0,0,0,0,0,0,0,0,0,0,0,0,0,0,0,0,0,0,0,0,0,0,0,0,0,0,0,0,0,0,0,0,0,0,0,0,0,0,0,0,0,0,0,0,0,0,0,0,0,0,0,0,0,0,0,0,0,0,0,0,0,0,0,0,0,0,0,0,0,0,0,0,0,0,0,0,0,0,0,0,0,0,0,0,0,0,0,0,0,0,0,0,0,0,0,0,0,0,0,0,0,0,0,0,0,0,0,0,0,0,0,0,0,0,0,0,0,0,0,0,0,0,0,0,0,0,0,0,0,0,0,0,0,0,0,0,0,0,0,0,0,0,0,0,0,0,0,0,0,0,0,0,0,0,0,0,0,0,0,0,0,0,0,0,0,0
"manyara/simanjiro/ngorika",0,0,0,0,0,0,0,0,0,0,0,0,0,0,0,0,0,0,0,0,0,0,0,0,0,0,0,0,0,0,0,0,0,0,0,0,0,0,0,0,0,0,0,0,0,0,0,0,0,0,0,0,0,0,0,0,0,0,0,0,0,0,0,0,0,0,0,0,0,0,0,0,0,0,0,0,0,0,0,0,0,0,0,0,0,0,0,0,0,0,0,0,0,0,0,0,0,0,0,0,0,0,0,0,0,0,0,0,0,0,0,0,0,0,0,0,0,0,0,0,0,0,0,0,0,0,0,0,0,0,0,0,0,0,0,0,0,0,0,0,0,0,0,0,0,0,0,0,0,0,0,0,0,0,0,0,0,0,0,0,0,0,0,0,0,0,0,0,0,0,0,0,0,0,0,0,0,0,0,0,0,0,0,0,0,0,0,0,0,0,0,0,0,0,0,0,0,0,0,0,0,0,0,0,0,0,0,0,0,0,0,0,0,0,0,0,0,0,0,0,0,0,0,0,0,0,0,0,0,0,0,0,0,0,0,0,0,0,0,0,0,0,0,0,0,0,0,0,0,0,0,0,0,0,0,0,0,0,0,0,0,0,0,0,0,0,0,0,0,0,0,0,0,0,0,0,0,0,0,0,0,0,0,0,0,0,0,0,0,0,0,0,0,0,0,0,0,0,0,0,0,0,0,0,0,0,0,0,0,0,0,0,0,0,0,0,0,0,0,0,0,0,0,0,0,0,0,0,0,0,0,0,0,0,0,0,0,0,0,0,0,0,0,0,0,0,0,0,0,0,0,0,0,0,0,0,0,0,0,0,0,0,0,0,0,0,0,0,0,0,0,0,0,0,0,0,0,0,0,0,0,0,0,0,0,0,0,0,0,0,0,0,0,0,0,0,0,0
"arusha/ngorongoro/ngorongoro",1.2e-05,7.8e-05,1e-06,0.000134,1e-06,3.9e-05,1e-06,2e-06,1e-06,0.000204,3e-06,0,1e-05,0.000142,0.000184,7e-06,3e-06,5e-06,1e-06,3e-06,1e-06,6e-06,1e-06,1e-06,1e-06,0,1e-06,7e-06,0,1e-06,6e-05,1e-06,0,1e-06,0.000256,2e-06,1.4e-05,4.2e-05,1.4e-05,9e-05,2e-06,0,2.6e-05,5e-05,4e-06,1e-06,1.7e-05,0.003636,0.000283,2.7e-05,2e-06,9.5e-05,2.2e-05,3e-06,2.3e-05,0,1e-06,1e-06,2.2e-05,0.012955,4.9e-05,0.00041,9.5e-05,3e-06,0,9.1e-05,7.2e-05,2e-06,9.7e-05,8.4e-05,5.9e-05,0,2e-06,5.4e-05,2e-06,0.000142,3.5e-05,0,1e-06,1e-06,0,2e-06,1e-06,1e-06,2e-06,2e-06,0.000333,1e-06,3.5e-05,7.7e-05,0,1e-06,0.000275,7.8e-05,1.2e-05,0.00022,2.3e-05,0,0.000125,3.1e-05,2e-06,1.4e-05,2.1e-05,2.3e-05,4e-06,0.00022,1.1e-05,2.9e-05,1.5e-05,0.003393,1.6e-05,9e-05,1.2e-05,1e-06,1e-06,1e-06,0.000117,1e-06,0.000156,1.6e-05,6e-06,0.000296,1e-06,3e-06,0,8e-06,2e-05,0.000447,4.2e-05,1e-06,1e-06,2.1e-05,5.8e-05,6e-06,0,7.9e-05,5e-06,1.8e-05,0.000679,4.8e-05,2.5e-05,0,3e-05,4e-06,2e-06,4.2e-05,2e-06,6.5e-05,5.6e-05,1.8e-05,1e-06,1e-06,1e-06,1e-06,3.6e-05,0.001085,3e-06,1.5e-05,3e-06,0.002294,8e-06,0.000108,0,2e-06,1e-06,0,1.1e-05,1.4e-05,0.000154,4e-06,7e-06,0.000488,0.002466,1.6e-05,6e-06,2.4e-05,0.000368,2e-06,4.7e-05,1.6e-05,0,2.5e-05,6e-05,7e-06,0.000323,0.008913,1e-06,1e-06,0.000159,4.9e-05,1.2e-05,1.5e-05,5.6e-05,2e-06,0.000115,1e-06,1e-06,1e-06,5.3e-05,1e-05,0.000222,1e-05,2.4e-05,1e-06,7.7e-05,8e-06,0.000457,0.000397,0.00071,1e-06,1e-06,2e-06,0.000151,0,1e-05,9e-06,4e-06,0.000707,6e-06,3.9e-05,2e-06,1e-06,1e-06,1e-06,0.000194,5e-06,0.000285,2e-06,3.1e-05,0,0,3e-06,0.000677,0.000335,4e-06,0,1e-06,2.4e-05,0.000486,1e-06,1.9e-05,0.005621,0,0.000657,0,1e-06,3e-06,0.000101,1e-06,1.4e-05,0.00081,0.001139,3e-06,0.000197,4.5e-05,1.7e-05,1e-06,4e-06,1e-06,1e-06,0,1.2e-05,2e-06,1e-06,0.001126,1.2e-05,3e-06,0.000364,1e-06,4.2e-05,0.000306,0.000109,1e-06,1e-06,0.000408,2e-06,2e-05,3.6e-05,3e-06,0.000273,7e-06,1.2e-05,0.002539,8e-06,1e-06,1e-06,0,3e-06,2e-06,1e-06,4e-06,1.4e-05,2e-06,0.000491,1.2e-05,2.7e-05,0.000192,4e-06,2.1e-05,0,0,0,1e-06,8e-06,1e-06,0.000706,1.7e-05,2e-06,1e-06,1e-06,0.000177,0.000836,2e-06,1e-06,8e-06,8.2e-05,6e-06,0.000448,0.000254,0.000191,2.6e-05,0.000352,2.7e-05,0.000146,0.001551,0.000163,0.000211,6e-06,1.8e-05,6e-05,8.4e-05,4e-05,0.002187,0.000536,3.4e-05,1e-06,4e-06,3.9e-05,0.000496,3e-06,3.5e-05,1e-06,2e-05,1e-06,7.8e-05,1.3e-05,8e-05,0.000102,6.1e-05,8.9e-05,2e-06,7.2e-05,6e-06,0.000983,0.000395,0.000158,4.6e-05,4e-06,2e-06,1.2e-05,1e-06,0,1e-06,0,1.4e-05,0.000632,0.000126,0.000415,1e-06,6e-05,4e-06,0,1e-06,2e-06,2e-06,3.8e-05,1.7e-05,1e-06,0.000248,2e-06,0,2e-06,0.000518,1.2e-05,2e-06,1.8e-05,1e-06,0.000115,2.1e-05,1e-06,0.000209,1e-06,1e-06,1e-06,0,0,2e-06,3e-06
"kilimanjaro/rombo/ngoyoni",0,0,0,0,0,0,0,0,0,0,0,0,0,0,0,0,0,0,0,0,0,0,0,0,0,0,0,0,0,0,0,0,0,0,0,0,0,0,0,0,0,0,0,0,0,0,0,0,0,0,0,0,0,0,0,0,0,0,0,0,0,0,0,0,0,0,0,0,0,0,0,0,0,0,0,0,0,0,0,0,0,0,0,0,0,0,0,0,0,0,0,0,0,0,0,0,0,0,0,0,0,0,0,0,0,0,0,0,0,0,0,0,0,0,0,0,0,0,0,0,0,0,0,0,0,0,0,0,0,0,0,0,0,0,0,0,0,0,0,0,0,0,0,0,0,0,0,0,0,0,0,0,0,0,0,0,0,0,0,0,0,0,0,0,0,0,0,0,0,0,0,0,0,0,0,0,0,0,0,0,0,0,0,0,0,0,0,0,0,0,0,0,0,0,0,0,0,0,0,0,0,0,0,0,0,0,0,0,0,0,0,0,0,0,0,0,0,0,0,0,0,0,0,0,0,0,0,0,0,0,0,0,0,0,0,0,0,0,0,0,0,0,0,0,0,0,0,0,0,0,0,0,0,0,0,0,0,0,0,0,0,0,0,0,0,0,0,0,0,0,0,0,0,0,0,0,0,0,0,0,0,0,0,0,0,0,0,0,0,0,0,0,0,0,0,0,0,0,0,0,0,0,0,0,0,0,0,0,0,0,0,0,0,0,0,0,0,0,0,0,0,0,0,0,0,0,0,0,0,0,0,0,0,0,0,0,0,0,0,0,0,0,0,0,0,0,0,0,0,0,0,0,0,0,0,0,0,0,0,0,0,0,0,0,0,0,0,0,0,0,0,0,0,0,0,0,0,0,0,0,0,0,0,0,0,0,0,0,0,0,0,0,0,0,0,0,0,0
"kilimanjaro/mwanga/ngujini",0,0,0,0,0,0,0,0,0,0,0,0,0,0,0,0,0,0,0,0,0,0,0,0,0,0,0,0,0,0,0,0,0,0,0,0,0,0,0,0,0,0,0,0,0,0,0,0,0,0,0,0,0,0,0,0,0,0,0,0,0,0,0,0,0,0,0,0,0,0,0,0,0,0,0,0,0,0,0,0,0,0,0,0,0,0,0,0,0,0,0,0,0,0,0,0,0,0,0,0,0,0,0,0,0,0,0,0,0,0,0,0,0,0,0,0,0,0,0,0,0,0,0,0,0,0,0,0,0,0,0,0,0,0,0,0,0,0,0,0,0,0,0,0,0,0,0,0,0,0,0,0,0,0,0,0,0,0,0,0,0,0,0,0,0,0,0,0,0,0,0,0,0,0,0,0,0,0,0,0,0,0,0,0,0,0,0,0,0,0,0,0,0,0,0,0,0,0,0,0,0,0,0,0,0,0,0,0,0,0,0,0,0,0,0,0,0,0,0,0,0,0,0,0,0,0,0,0,0,0,0,0,0,0,0,0,0,0,0,0,0,0,0,0,0,0,0,0,0,0,0,0,0,0,0,0,0,0,0,0,0,0,0,0,0,0,0,0,0,0,0,0,0,0,0,0,0,0,0,0,0,0,0,0,0,0,0,0,0,0,0,0,0,0,0,0,0,0,0,0,0,0,0,0,0,0,0,0,0,0,0,0,0,0,0,0,0,0,0,0,0,0,0,0,0,0,0,0,0,0,0,0,0,0,0,0,0,0,0,0,0,0,0,0,0,0,0,0,0,0,0,0,0,0,0,0,0,0,0,0,0,0,0,0,0,0,0,0,0,0,0,0,0,0,0,0,0,0,0,0,0,0,0,0,0,0,0,0,0,0,0,0,0,0,0,0,0,0
"kilimanjaro/moshimunicipal/njoro",0,0,0,0,0,0,0,0,0,0,0,0,0,0,0,0,0,0,0,0,0,0,0,0,0,0,0,0,0,0,0,0,0,0,0,0,0,0,0,0,0,0,0,0,0,0,0,0,0,0,0,0,0,0,0,0,0,0,0,0,0,0,0,0,0,0,0,0,0,0,0,0,0,0,0,0,0,0,0,0,0,0,0,0,0,0,0,0,0,0,0,0,0,0,0,0,0,0,0,0,0,0,0,0,0,0,0,0,0,0,0,0,0,0,0,0,0,0,0,0,0,0,0,0,0,0,0,0,0,0,0,0,0,0,0,0,0,0,0,0,0,0,0,0,0,0,0,0,0,0,0,0,0,0,0,0,0,0,0,0,0,0,0,0,0,0,0,0,0,0,0,0,0,0,0,0,0,0,0,0,0,0,0,0,0,0,0,0,0,0,0,0,0,0,0,0,0,0,0,0,0,0,0,0,0,0,0,0,0,0,0,0,0,0,0,0,0,0,0,0,0,0,0,0,0,0,0,0,0,0,0,0,0,0,0,0,0,0,0,0,0,0,0,0,0,0,0,0,0,0,0,0,0,0,0,0,0,0,0,0,0,0,0,0,0,0,0,0,0,0,0,0,0,0,0,0,0,0,0,0,0,0,0,0,0,0,0,0,0,0,0,0,0,0,0,0,0,0,0,0,0,0,0,0,0,0,0,0,0,0,0,0,0,0,0,0,0,0,0,0,0,0,0,0,0,0,0,0,0,0,0,0,0,0,0,0,0,0,0,0,0,0,0,0,0,0,0,0,0,0,0,0,0,0,0,0,0,0,0,0,0,0,0,0,0,0,0,0,0,0,0,0,0,0,0,0,0,0,0,0,0,0,0,0,0,0,0,0,0,0,0,0,0,0,0,0,0,0
"kilimanjaro/same/njoro",2e-06,0,1e-06,1e-06,0,9.5e-05,0,0,0,5e-06,0,0,2e-06,2.4e-05,1e-06,0,0,0,0,0,2e-06,2e-06,0,1e-06,5e-06,0,0,0,0,5e-06,1.7e-05,0,3e-06,9e-06,0,0,2e-06,1e-06,0,2e-06,0,0,6e-06,1e-06,1e-06,0,0,0.000443,2.8e-05,0,0,0,0,0,1e-06,0,1e-06,0,5.7e-05,1.4e-05,2e-06,3e-06,6e-06,1e-06,0,1.5e-05,3e-06,0,1e-06,5e-06,0,0,1e-06,0,0,3e-06,0,0,0,0,0,0,0,0,0,0,0.000252,0,1e-06,0.000358,0,0,0.000664,1.1e-05,0,1e-06,1e-05,3e-06,0.000381,9.8e-05,0,0,8.3e-05,3e-06,6e-06,7.4e-05,0,3.3e-05,4e-06,4e-06,7e-06,8.7e-05,0,0,2e-06,1e-06,8.7e-05,0,0.000215,1.2e-05,4e-06,0.000245,8e-06,3.9e-05,5e-06,3.2e-05,7e-06,0.000171,1.4e-05,1e-06,1e-06,4.6e-05,0.000245,8e-06,6e-06,1.2e-05,1e-06,2.7e-05,5.2e-05,4.5e-05,1.1e-05,2e-06,4e-06,4e-06,2e-06,0.000641,0,0.000129,8e-05,3.3e-05,1e-06,1.4e-05,2e-06,4.6e-05,0.000287,7.6e-05,3e-06,0,3e-06,0.002946,4.6e-05,3.4e-05,1e-06,5.9e-05,0,0,7.8e-05,4e-06,2.3e-05,8.6e-05,2e-06,9e-06,0.000325,0.000127,2e-06,5e-06,1.9e-05,0,5.3e-05,7e-06,2e-06,0,0.000249,1.4e-05,0.000212,0.0092,0,1e-06,0.000125,3.2e-05,1.6e-05,0,0,0,3e-06,0,2e-06,0,7e-05,0,6.6e-05,2e-06,0.000203,0,9.8e-05,3e-06,0.001202,6e-06,2e-06,2e-06,2e-06,0,0.000299,1e-06,0,4.5e-05,0,0.000779,9e-06,6.3e-05,0,0,0,1e-06,0.00013,2e-06,0.00016,2e-06,0,0,0,0,2e-05,3.5e-05,1e-06,0,2e-06,1.1e-05,1e-06,1e-06,1.3e-05,0.000282,1e-06,0.05181,8e-06,1e-06,4e-06,2.2e-05,0,1e-06,0.000108,4.3e-05,0,3.4e-05,2.2e-05,0.000109,1e-06,3.4e-05,1e-06,9e-06,5e-06,3.7e-05,0,4e-06,4e-06,0,0,2.4e-05,0,1e-06,2.2e-05,0.000884,5e-06,1.1e-05,0.000823,3e-06,9.9e-05,4.2e-05,0,0,1e-05,0,0.000212,0,0,0,0,2e-06,0,0,1e-06,4e-06,7e-06,0.000133,1.7e-05,9e-06,3.4e-05,1e-06,0.000199,1e-06,1e-06,4e-06,1e-06,0,0,9e-06,3e-06,0,0,1e-06,1.9e-05,1e-06,0,1e-06,1e-05,0,0,5.3e-05,0.000247,3.1e-05,5e-06,3.1e-05,1.4e-05,3.3e-05,0.000169,2e-06,3e-06,1e-06,0,6e-06,1.2e-05,4e-06,0.000157,1e-05,6.1e-05,0,6e-06,0,0.00011,0,0,1e-06,0,0,0.001369,2.6e-05,1e-06,1.2e-05,0.009857,1e-06,0,2.7e-05,1e-06,0.000139,3e-06,6e-06,3.6e-05,4e-05,2e-06,1.5e-05,0,0,0,0,0,9.7e-05,1.8e-05,5.2e-05,0,1.2e-05,6e-06,9e-06,5e-06,0,1e-06,6e-06,3e-06,0,3.5e-05,0,7e-06,0,0.000446,0,0,2e-06,1e-06,0.000121,2.3e-05,1e-06,5.6e-05,1e-06,8e-06,1e-05,1e-05,1e-06,0,0
"manyara/kiteto/njoro",0,0,0,0,0,0,0,0,0,0,0,0,0,0,0,0,0,0,0,0,0,0,0,0,0,0,0,0,0,0,0,0,0,0,0,0,0,0,0,0,0,0,0,0,0,0,0,0,0,0,0,0,0,0,0,0,0,0,0,0,0,0,0,0,0,0,0,0,0,0,0,0,0,0,0,0,0,0,0,0,0,0,0,0,0,0,0,0,0,0,0,0,0,0,0,0,0,0,0,0,0,0,0,0,0,0,0,0,0,0,0,0,0,0,0,0,0,0,0,0,0,0,0,0,0,0,0,0,0,0,0,0,0,0,0,0,0,0,0,0,0,0,0,0,0,0,0,0,0,0,0,0,0,0,0,0,0,0,0,0,0,0,0,0,0,0,0,0,0,0,0,0,0,0,0,0,0,0,0,0,0,0,0,0,0,0,0,0,0,0,0,0,0,0,0,0,0,0,0,0,0,0,0,0,0,0,0,0,0,0,0,0,0,0,0,0,0,0,0,0,0,0,0,0,0,0,0,0,0,0,0,0,0,0,0,0,0,0,0,0,0,0,0,0,0,0,0,0,0,0,0,0,0,0,0,0,0,0,0,0,0,0,0,0,0,0,0,0,0,0,0,0,0,0,0,0,0,0,0,0,0,0,0,0,0,0,0,0,0,0,0,0,0,0,0,0,0,0,0,0,0,0,0,0,0,0,0,0,0,0,0,0,0,0,0,0,0,0,0,0,0,0,0,0,0,0,0,0,0,0,0,0,0,0,0,0,0,0,0,0,0,0,0,0,0,0,0,0,0,0,0,0,0,0,0,0,0,0,0,0,0,0,0,0,0,0,0,0,0,0,0,0,0,0,0,0,0,0,0,0,0,0,0,0,0,0,0,0,0,0,0,0,0,0,0,0,0,0
"manyara/babati/nkaiti",2.5e-05,9e-06,1e-06,3.5e-05,4e-06,6.6e-05,4e-06,5e-06,3e-06,0.001209,1.6e-05,1e-06,1.9e-05,0.000306,8.5e-05,1.5e-05,5e-06,1.7e-05,2e-06,6e-06,1e-06,1.4e-05,2e-06,1e-06,1e-06,0,6e-06,2e-05,0,1e-06,0.000101,1e-06,0,1e-06,3.6e-05,6e-06,3.2e-05,0.000178,3.6e-05,3.1e-05,3e-06,1e-06,5.2e-05,0.000129,9e-06,3e-06,1.4e-05,0.007993,0.001976,1.9e-05,8e-06,6e-06,2e-05,3e-06,9.2e-05,1e-06,3e-06,1.2e-05,4.4e-05,0.001334,4.8e-05,0.000265,0.000105,4e-06,0,0.000217,0.000148,1e-06,0.000335,0.000844,7e-06,0,3e-06,0.000217,5e-06,9.3e-05,1.3e-05,1e-06,1e-06,1e-06,1e-06,1.1e-05,2e-06,1e-06,4e-06,5e-06,0.000565,2e-06,5e-05,0.000158,1e-06,1e-06,0.000376,0.000143,7e-06,0.000477,3.3e-05,0,0.000199,4.7e-05,8e-06,2e-06,2.9e-05,4.9e-05,7e-06,0.000252,1.1e-05,4.4e-05,2.4e-05,0.001465,2.3e-05,0.000116,3.6e-05,1e-06,2e-06,1e-06,0.000214,1e-06,0.000233,2.2e-05,1.2e-05,0.000413,1e-06,4e-06,0,1.2e-05,4.4e-05,0.001195,9.4e-05,1e-06,1e-06,4.3e-05,8.6e-05,1e-05,0,0.000171,1e-05,2.7e-05,0.000579,7.2e-05,4.4e-05,1e-06,6.4e-05,7e-06,2e-06,6.3e-05,1.4e-05,9.7e-05,8e-05,2.6e-05,1e-06,1e-06,2e-06,1e-06,4.9e-05,0.002609,5e-06,1.5e-05,6e-06,0.003521,1.2e-05,0.000615,1e-06,3e-06,1e-06,1e-06,1.8e-05,2.4e-05,0.00036,7e-06,1.5e-05,0.001697,0.005396,3.1e-05,8e-06,0.000142,0.004811,2e-06,7.1e-05,2.5e-05,0,6e-06,9e-05,1.2e-05,0.00047,0.009155,1e-06,2e-06,0.00024,7.4e-05,2e-05,4.1e-05,0.000569,3e-06,0.002436,2e-06,1e-06,9e-06,8.1e-05,7e-06,0.000421,2.7e-05,5.2e-05,2e-06,0.000101,1.2e-05,0.000649,0.002872,9.8e-05,2e-06,1e-06,3.1e-05,0.000201,1e-06,2e-06,1.2e-05,7e-06,0.000879,9e-06,5.4e-05,3e-06,2e-06,2e-06,2e-06,0.000312,7e-06,0.000415,4e-06,2.4e-05,1e-06,1e-06,6e-06,0.00035,0.000887,7e-06,0,2e-06,8.2e-05,0.000292,1e-06,4.2e-05,0.016772,1e-06,0.001435,1e-06,1e-06,4e-06,0.000235,2e-06,4.5e-05,0.001715,0.002226,7e-06,0.000449,5.5e-05,2.4e-05,1e-06,6e-06,1e-06,1e-06,1e-06,3.1e-05,4.3e-05,1e-06,0.001854,8e-06,8e-06,0.000772,5e-06,0.00143,0.000563,0.000171,1e-06,1e-06,0.000562,3e-06,2.8e-05,0.000136,1.7e-05,4.4e-05,1.4e-05,3e-06,0.002149,2.5e-05,1e-06,1e-05,1e-06,3e-06,5e-06,2e-06,8e-06,1.8e-05,2e-06,0.001173,1.7e-05,3.7e-05,0.000429,9e-06,3.9e-05,0.000145,0,0,1e-06,1.3e-05,2e-06,0,3.5e-05,4e-06,3e-06,2e-06,0.000597,6.1e-05,5e-06,1e-06,1.1e-05,5e-06,3e-06,0.00094,0.000321,0.000829,9.5e-05,0.000614,4.6e-05,0.000166,0.004359,6.7e-05,8.8e-05,1.4e-05,7e-06,0.000126,0.000171,8.1e-05,0.002944,0.000188,0.000101,2e-06,6e-06,1.2e-05,0.001003,1.6e-05,8e-06,1e-06,1e-05,6e-06,0.00013,1.9e-05,2.2e-05,0.000182,9.5e-05,2.7e-05,5e-06,0.00011,1.3e-05,0.002129,0.000627,0.000443,0.000171,5e-06,2e-06,1.8e-05,6e-06,1e-06,5e-06,1e-06,5e-06,0.001306,0.000422,0.000951,2e-06,0.00011,7e-06,0,1e-06,4e-06,3e-06,0.000102,0.000113,3e-06,0.00039,4e-06,0,4e-06,0.000644,2.2e-05,5e-06,3.9e-05,1e-06,0.00017,3e-05,1e-06,0.000431,1e-06,1e-06,2e-06,0,0,5e-06,2e-06
"arusha/meru/nkoanrua",0,0,0,0,0,0,0,0,0,0,0,0,0,0,0,0,0,0,0,0,0,0,0,0,0,0,0,0,0,0,0,0,0,0,0,0,0,0,0,0,0,0,0,0,0,0,0,0,0,0,0,0,0,0,0,0,0,0,0,0,0,0,0,0,0,0,0,0,0,0,0,0,0,0,0,0,0,0,0,0,0,0,0,0,0,0,0,0,0,0,0,0,0,0,0,0,0,0,0,0,0,0,0,0,0,0,0,0,0,0,0,0,0,0,0,0,0,0,0,0,0,0,0,0,0,0,0,0,0,0,0,0,0,0,0,0,0,0,0,0,0,0,0,0,0,0,0,0,0,0,0,0,0,0,0,0,0,0,0,0,0,0,0,0,0,0,0,0,0,0,0,0,0,0,0,0,0,0,0,0,0,0,0,0,0,0,0,0,0,0,0,0,0,0,0,0,0,0,0,0,0,0,0,0,0,0,0,0,0,0,0,0,0,0,0,0,0,0,0,0,0,0,0,0,0,0,0,0,0,0,0,0,0,0,0,0,0,0,0,0,0,0,0,0,0,0,0,0,0,0,0,0,0,0,0,0,0,0,0,0,0,0,0,0,0,0,0,0,0,0,0,0,0,0,0,0,0,0,0,0,0,0,0,0,0,0,0,0,0,0,0,0,0,0,0,0,0,0,0,0,0,0,0,0,0,0,0,0,0,0,0,0,0,0,0,0,0,0,0,0,0,0,0,0,0,0,0,0,0,0,0,0,0,0,0,0,0,0,0,0,0,0,0,0,0,0,0,0,0,0,0,0,0,0,0,0,0,0,0,0,0,0,0,0,0,0,0,0,0,0,0,0,0,0,0,0,0,0,0,0,0,0,0,0,0,0,0,0,0,0,0,0,0,0,0,0,0,0
"arusha/meru/nkoaranga",0,0,0,0,0,0,0,0,0,0,0,0,0,0,0,0,0,0,0,0,0,0,0,0,0,0,0,0,0,0,0,0,0,0,0,0,0,0,0,0,0,0,0,0,0,0,0,0,0,0,0,0,0,0,0,0,0,0,0,0,0,0,0,0,0,0,0,0,0,0,0,0,0,0,0,0,0,0,0,0,0,0,0,0,0,0,0,0,0,0,0,0,0,0,0,0,0,0,0,0,0,0,0,0,0,0,0,0,0,0,0,0,0,0,0,0,0,0,0,0,0,0,0,0,0,0,0,0,0,0,0,0,0,0,0,0,0,0,0,0,0,0,0,0,0,0,0,0,0,0,0,0,0,0,0,0,0,0,0,0,0,0,0,0,0,0,0,0,0,0,0,0,0,0,0,0,0,0,0,0,0,0,0,0,0,0,0,0,0,0,0,0,0,0,0,0,0,0,0,0,0,0,0,0,0,0,0,0,0,0,0,0,0,0,0,0,0,0,0,0,0,0,0,0,0,0,0,0,0,0,0,0,0,0,0,0,0,0,0,0,0,0,0,0,0,0,0,0,0,0,0,0,0,0,0,0,0,0,0,0,0,0,0,0,0,0,0,0,0,0,0,0,0,0,0,0,0,0,0,0,0,0,0,0,0,0,0,0,0,0,0,0,0,0,0,0,0,0,0,0,0,0,0,0,0,0,0,0,0,0,0,0,0,0,0,0,0,0,0,0,0,0,0,0,0,0,0,0,0,0,0,0,0,0,0,0,0,0,0,0,0,0,0,0,0,0,0,0,0,0,0,0,0,0,0,0,0,0,0,0,0,0,0,0,0,0,0,0,0,0,0,0,0,0,0,0,0,0,0,0,0,0,0,0,0,0,0,0,0,0,0,0,0,0,0,0,0,0
"arusha/meru/nkoarisambu",0,0,0,0,0,0,0,0,0,0,0,0,0,0,0,0,0,0,0,0,0,0,0,0,0,0,0,0,0,0,0,0,0,0,0,0,0,0,0,0,0,0,0,0,0,0,0,0,0,0,0,0,0,0,0,0,0,0,0,0,0,0,0,0,0,0,0,0,0,0,0,0,0,0,0,0,0,0,0,0,0,0,0,0,0,0,0,0,0,0,0,0,0,0,0,0,0,0,0,0,0,0,0,0,0,0,0,0,0,0,0,0,0,0,0,0,0,0,0,0,0,0,0,0,0,0,0,0,0,0,0,0,0,0,0,0,0,0,0,0,0,0,0,0,0,0,0,0,0,0,0,0,0,0,0,0,0,0,0,0,0,0,0,0,0,0,0,0,0,0,0,0,0,0,0,0,0,0,0,0,0,0,0,0,0,0,0,0,0,0,0,0,0,0,0,0,0,0,0,0,0,0,0,0,0,0,0,0,0,0,0,0,0,0,0,0,0,0,0,0,0,0,0,0,0,0,0,0,0,0,0,0,0,0,0,0,0,0,0,0,0,0,0,0,0,0,0,0,0,0,0,0,0,0,0,0,0,0,0,0,0,0,0,0,0,0,0,0,0,0,0,0,0,0,0,0,0,0,0,0,0,0,0,0,0,0,0,0,0,0,0,0,0,0,0,0,0,0,0,0,0,0,0,0,0,0,0,0,0,0,0,0,0,0,0,0,0,0,0,0,0,0,0,0,0,0,0,0,0,0,0,0,0,0,0,0,0,0,0,0,0,0,0,0,0,0,0,0,0,0,0,0,0,0,0,0,0,0,0,0,0,0,0,0,0,0,0,0,0,0,0,0,0,0,0,0,0,0,0,0,0,0,0,0,0,0,0,0,0,0,0,0,0,0,0,0,0,0
"kilimanjaro/moshi/okaoni",0,0,0,0,0,0,0,0,0,0,0,0,0,0,0,0,0,0,0,0,0,0,0,0,0,0,0,0,0,0,0,0,0,0,0,0,0,0,0,0,0,0,0,0,0,0,0,0,0,0,0,0,0,0,0,0,0,0,0,0,0,0,0,0,0,0,0,0,0,0,0,0,0,0,0,0,0,0,0,0,0,0,0,0,0,0,0,0,0,0,0,0,0,0,0,0,0,0,0,0,0,0,0,0,0,0,0,0,0,0,0,0,0,0,0,0,0,0,0,0,0,0,0,0,0,0,0,0,0,0,0,0,0,0,0,0,0,0,0,0,0,0,0,0,0,0,0,0,0,0,0,0,0,0,0,0,0,0,0,0,0,0,0,0,0,0,0,0,0,0,0,0,0,0,0,0,0,0,0,0,0,0,0,0,0,0,0,0,0,0,0,0,0,0,0,0,0,0,0,0,0,0,0,0,0,0,0,0,0,0,0,0,0,0,0,0,0,0,0,0,0,0,0,0,0,0,0,0,0,0,0,0,0,0,0,0,0,0,0,0,0,0,0,0,0,0,0,0,0,0,0,0,0,0,0,0,0,0,0,0,0,0,0,0,0,0,0,0,0,0,0,0,0,0,0,0,0,0,0,0,0,0,0,0,0,0,0,0,0,0,0,0,0,0,0,0,0,0,0,0,0,0,0,0,0,0,0,0,0,0,0,0,0,0,0,0,0,0,0,0,0,0,0,0,0,0,0,0,0,0,0,0,0,0,0,0,0,0,0,0,0,0,0,0,0,0,0,0,0,0,0,0,0,0,0,0,0,0,0,0,0,0,0,0,0,0,0,0,0,0,0,0,0,0,0,0,0,0,0,0,0,0,0,0,0,0,0,0,0,0,0,0,0,0,0,0,0,0
"arusha/arushaurban/olasiti",2.6e-05,0,0,1e-06,0,9e-06,0,0,0,3e-06,0,0,2.5e-05,0.000522,0,0,0,0,0,0,0,4e-06,0,0,0,0,0,0,0,0,4.5e-05,0,0,0,0,0,0.000111,1e-06,0,1e-06,0,0,1e-06,0,0,0,1e-06,0.040754,3.2e-05,0,0,0,0,0,0,0,1e-06,0,2e-06,1.2e-05,4e-06,9e-06,2e-05,0,0,0.000441,5.5e-05,0,1e-06,4e-06,0,0,1e-06,0,0,5e-06,1e-06,0,0,0,0,0,0,0,0,0,0.000125,0,0,6e-06,0,0,3.7e-05,0.000143,0,1e-06,7e-06,0,2.4e-05,5e-06,0,0,1e-06,0.000156,1e-06,3.2e-05,0,7e-06,8e-06,7e-06,5e-06,1.4e-05,0,4e-06,0,0,5.2e-05,0,3.3e-05,3e-06,2e-06,6.3e-05,0,0,0,0,1e-06,0.000479,4.9e-05,0,0,5e-06,9e-06,2e-06,0,0.000368,2e-05,4e-06,6.2e-05,1.2e-05,1.5e-05,0,0.000228,1e-06,0,5e-06,0,1.2e-05,1e-05,3e-06,0,0,0,0,2e-06,0.003185,0,1e-06,0,0.000544,1e-06,3.1e-05,0,0,0,0,2e-06,9e-06,0.001026,1e-06,0,6e-05,0.01998,2e-06,2e-06,2e-06,5.7e-05,0,1.1e-05,1e-06,0,0,4e-06,2e-06,8.6e-05,0.00164,0,0,4.4e-05,1.4e-05,3e-06,0,1e-06,0,3e-06,0,0,0,1.2e-05,0,0.000213,0,2e-06,1e-06,1.1e-05,4e-06,6.9e-05,2.9e-05,2e-06,0,0,0,2e-05,0,0,1e-06,0,8.5e-05,1e-06,6e-06,0,1e-06,0,0,6.8e-05,2e-06,8.1e-05,1e-06,0,0,0,0,1.8e-05,0.003262,0,0,0,2.8e-05,4e-06,0,1e-05,0.00112,0,0.000102,0,0,1e-06,0.000247,0,2.1e-05,0.004593,0.000436,2e-06,0.000761,7e-06,1e-06,0,1e-06,0,0,0,4e-06,0,0,9e-06,1e-06,0,0.000765,0,1e-06,0.000466,1.6e-05,0,0,6e-05,0,1e-06,7e-06,0,1e-06,2e-06,0,0.000215,0,0,0,0,0,0,0,0,3e-06,0,0.000744,2e-06,8e-06,0.000193,3.9e-05,3e-06,1e-06,0,0,0,1e-06,0,1.8e-05,4.5e-05,3e-06,3e-06,0,0,1e-06,0,0,2e-06,0,0,0.000403,3.5e-05,0.000442,1.5e-05,0.000506,1.2e-05,2.5e-05,0.00862,2e-06,2e-06,3.2e-05,0,0.000462,0.000324,0.000156,0.000412,5e-06,4e-06,0,1e-06,0,0.000824,0,0,0,0,0,7e-06,1e-06,1e-06,0.000168,6e-06,1e-06,0,2.9e-05,1.2e-05,0.005805,1.5e-05,5.3e-05,2.3e-05,0,0,3e-06,0,0,0,0,0,0.002205,0.00175,0.006654,0,7.3e-05,1e-06,0,0,0,0,0.000149,6e-06,9e-06,6.6e-05,0,0,0,6.9e-05,0,0,0.000166,0,2.7e-05,4e-06,0,0.000282,0,0,0,0,0,0,0
"arusha/ngorongoro/olbalbal",4e-06,5.2e-05,0,0.000198,0,1.3e-05,0,0,0,4.1e-05,1e-06,0,3e-06,4.1e-05,3.4e-05,1e-06,1e-06,1e-06,0,1e-06,0,3e-06,0,0,0,0,0,1e-06,0,0,1.1e-05,0,0,0,2.2e-05,1e-06,4e-06,1.2e-05,3e-06,6.1e-05,0,0,1.2e-05,1.3e-05,2e-06,0,6e-06,0.001042,6.7e-05,4e-06,1e-06,7e-06,2e-06,1e-06,7e-06,0,0,0,7e-06,0.007772,2.9e-05,0.000203,3.2e-05,1e-06,0,2.6e-05,2e-05,0,1.6e-05,2.6e-05,4e-06,0,1e-06,8e-06,1e-06,9.9e-05,1.7e-05,0,0,0,0,1e-06,0,0,0,1e-06,0.000107,0,1.1e-05,3.6e-05,0,0,9.4e-05,2.4e-05,4e-06,3.4e-05,7e-06,0,4.1e-05,1e-05,0,3e-06,7e-06,7e-06,1e-06,7.9e-05,1e-06,9e-06,5e-06,0.000457,5e-06,3.1e-05,4e-06,0,0,0,3.7e-05,0,5.2e-05,5e-06,3e-06,1e-04,0,1e-06,0,3e-06,9e-06,0.000196,1.2e-05,0,0,1e-05,1.9e-05,2e-06,0,2.3e-05,1e-06,6e-06,0.000266,1.6e-05,8e-06,0,9e-06,1e-06,1e-06,1.4e-05,1e-06,2.2e-05,1.9e-05,6e-06,0,0,1e-06,0,1.2e-05,0.000294,1e-06,8e-06,1e-06,0.000759,3e-06,4.1e-05,0,1e-06,0,0,4e-06,5e-06,4.4e-05,1e-06,3e-06,0.000159,0.00071,5e-06,2e-06,9e-06,0.000115,1e-06,1.5e-05,5e-06,0,2.1e-05,2e-05,2e-06,0.000108,0.001882,0,0,5.2e-05,1.6e-05,4e-06,3e-06,1.2e-05,1e-06,3.1e-05,0,0,0,1.8e-05,1e-06,6.8e-05,3e-06,1.1e-05,0,2.6e-05,2e-06,0.000154,0.000114,0.000952,0,0,1e-06,5.2e-05,0,1e-06,3e-06,1e-06,0.000247,2e-06,1.3e-05,0,0,0,0,6.3e-05,2e-06,9.5e-05,1e-06,4e-06,0,0,1e-06,0.000333,9.1e-05,1e-06,0,0,1e-05,0.000135,0,6e-06,0.000854,0,0.000306,0,0,1e-06,2.9e-05,0,4e-06,0.000235,0.000481,1e-06,5.7e-05,1.6e-05,6e-06,0,1e-06,0,0,0,5e-06,0,0,0.000235,5e-06,0,0.000101,0,8e-06,8.9e-05,3.6e-05,0,0,0.000139,1e-06,7e-06,1.5e-05,1e-06,6.5e-05,2e-06,6e-06,0.001004,1e-06,0,0,0,1e-06,0,0,1e-06,5e-06,1e-06,0.000142,4e-06,9e-06,8.7e-05,1e-06,7e-06,0.000486,0,0,0,3e-06,0,0.000172,5e-06,1e-06,0,0,7e-05,0,1e-06,0,3e-06,4e-06,5e-06,0.000203,8.8e-05,7.3e-05,7e-06,0.000105,9e-06,5.2e-05,0.000642,0.000174,0.000223,2e-06,1.2e-05,1.7e-05,2.5e-05,1.2e-05,0.001145,0.00036,1.5e-05,0,1e-06,2.5e-05,0.000149,1e-06,3e-06,0,2e-06,0,2.5e-05,4e-06,6e-05,3.1e-05,2e-05,6.5e-05,0,2.4e-05,2e-06,0.000284,0.000131,3.9e-05,1.9e-05,1e-06,1e-06,4e-06,0,0,0,0,1e-05,0.000186,5.1e-05,0.000118,0,1.9e-05,1e-06,0,0,1e-06,1e-06,1.1e-05,6e-06,0,0.000126,0,0,0,0.000181,3e-06,0,5e-06,0,3.8e-05,7e-06,0,6.3e-05,0,0,0,0,0,0,1e-06
"manyara/kiteto/olboroti",0,0,0,0,0,0,0,0,0,0,0,0,0,0,0,0,0,0,0,0,0,0,0,0,0,0,0,0,0,0,0,0,0,0,0,0,0,0,0,0,0,0,0,0,0,0,0,0,0,0,0,0,0,0,0,0,0,0,0,0,0,0,0,0,0,0,0,0,0,0,0,0,0,0,0,0,0,0,0,0,0,0,0,0,0,0,0,0,0,0,0,0,0,0,0,0,0,0,0,0,0,0,0,0,0,0,0,0,0,0,0,0,0,0,0,0,0,0,0,0,0,0,0,0,0,0,0,0,0,0,0,0,0,0,0,0,0,0,0,0,0,0,0,0,0,0,0,0,0,0,0,0,0,0,0,0,0,0,0,0,0,0,0,0,0,0,0,0,0,0,0,0,0,0,0,0,0,0,0,0,0,0,0,0,0,0,0,0,0,0,0,0,0,0,0,0,0,0,0,0,0,0,0,0,0,0,0,0,0,0,0,0,0,0,0,0,0,0,0,0,0,0,0,0,0,0,0,0,0,0,0,0,0,0,0,0,0,0,0,0,0,0,0,0,0,0,0,0,0,0,0,0,0,0,0,0,0,0,0,0,0,0,0,0,0,0,0,0,0,0,0,0,0,0,0,0,0,0,0,0,0,0,0,0,0,0,0,0,0,0,0,0,0,0,0,0,0,0,0,0,0,0,0,0,0,0,0,0,0,0,0,0,0,0,0,0,0,0,0,0,0,0,0,0,0,0,0,0,0,0,0,0,0,0,0,0,0,0,0,0,0,0,0,0,0,0,0,0,0,0,0,0,0,0,0,0,0,0,0,0,0,0,0,0,0,0,0,0,0,0,0,0,0,0,0,0,0,0,0,0,0,0,0,0,0,0,0,0,0,0,0,0,0,0,0,0,0,0
"kilimanjaro/moshi/oldmoshimagharibi",0,0,0,0,0,0,0,0,0,0,0,0,0,0,0,0,0,0,0,0,0,0,0,0,0,0,0,0,0,0,0,0,0,0,0,0,0,0,0,0,0,0,0,0,0,0,0,0,0,0,0,0,0,0,0,0,0,0,0,0,0,0,0,0,0,0,0,0,0,0,0,0,0,0,0,0,0,0,0,0,0,0,0,0,0,0,0,0,0,0,0,0,0,0,0,0,0,0,0,0,0,0,0,0,0,0,0,0,0,0,0,0,0,0,0,0,0,0,0,0,0,0,0,0,0,0,0,0,0,0,0,0,0,0,0,0,0,0,0,0,0,0,0,0,0,0,0,0,0,0,0,0,0,0,0,0,0,0,0,0,0,0,0,0,0,0,0,0,0,0,0,0,0,0,0,0,0,0,0,0,0,0,0,0,0,0,0,0,0,0,0,0,0,0,0,0,0,0,0,0,0,0,0,0,0,0,0,0,0,0,0,0,0,0,0,0,0,0,0,0,0,0,0,0,0,0,0,0,0,0,0,0,0,0,0,0,0,0,0,0,0,0,0,0,0,0,0,0,0,0,0,0,0,0,0,0,0,0,0,0,0,0,0,0,0,0,0,0,0,0,0,0,0,0,0,0,0,0,0,0,0,0,0,0,0,0,0,0,0,0,0,0,0,0,0,0,0,0,0,0,0,0,0,0,0,0,0,0,0,0,0,0,0,0,0,0,0,0,0,0,0,0,0,0,0,0,0,0,0,0,0,0,0,0,0,0,0,0,0,0,0,0,0,0,0,0,0,0,0,0,0,0,0,0,0,0,0,0,0,0,0,0,0,0,0,0,0,0,0,0,0,0,0,0,0,0,0,0,0,0,0,0,0,0,0,0,0,0,0,0,0,0,0,0,0,0,0,0
"kilimanjaro/moshi/oldmoshimashariki",0,0,0,0,0,0,0,0,0,0,0,0,0,0,0,0,0,0,0,0,0,0,0,0,0,0,0,0,0,0,0,0,0,0,0,0,0,0,0,0,0,0,0,0,0,0,0,0,0,0,0,0,0,0,0,0,0,0,0,0,0,0,0,0,0,0,0,0,0,0,0,0,0,0,0,0,0,0,0,0,0,0,0,0,0,0,0,0,0,0,0,0,0,0,0,0,0,0,0,0,0,0,0,0,0,0,0,0,0,0,0,0,0,0,0,0,0,0,0,0,0,0,0,0,0,0,0,0,0,0,0,0,0,0,0,0,0,0,0,0,0,0,0,0,0,0,0,0,0,0,0,0,0,0,0,0,0,0,0,0,0,0,0,0,0,0,0,0,0,0,0,0,0,0,0,0,0,0,0,0,0,0,0,0,0,0,0,0,0,0,0,0,0,0,0,0,0,0,0,0,0,0,0,0,0,0,0,0,0,0,0,0,0,0,0,0,0,0,0,0,0,0,0,0,0,0,0,0,0,0,0,0,0,0,0,0,0,0,0,0,0,0,0,0,0,0,0,0,0,0,0,0,0,0,0,0,0,0,0,0,0,0,0,0,0,0,0,0,0,0,0,0,0,0,0,0,0,0,0,0,0,0,0,0,0,0,0,0,0,0,0,0,0,0,0,0,0,0,0,0,0,0,0,0,0,0,0,0,0,0,0,0,0,0,0,0,0,0,0,0,0,0,0,0,0,0,0,0,0,0,0,0,0,0,0,0,0,0,0,0,0,0,0,0,0,0,0,0,0,0,0,0,0,0,0,0,0,0,0,0,0,0,0,0,0,0,0,0,0,0,0,0,0,0,0,0,0,0,0,0,0,0,0,0,0,0,0,0,0,0,0,0,0,0,0,0,0,0
"arusha/karatu/oldean",0,0,0,0,0,0,0,0,0,0,0,0,0,0,0,0,0,0,0,0,0,0,0,0,0,0,0,0,0,0,0,0,0,0,0,0,0,0,0,0,0,0,0,0,0,0,0,0,0,0,0,0,0,0,0,0,0,0,0,0,0,0,0,0,0,0,0,0,0,0,0,0,0,0,0,0,0,0,0,0,0,0,0,0,0,0,0,0,0,0,0,0,0,0,0,0,0,0,0,0,0,0,0,0,0,0,0,0,0,0,0,0,0,0,0,0,0,0,0,0,0,0,0,0,0,0,0,0,0,0,0,0,0,0,0,0,0,0,0,0,0,0,0,0,0,0,0,0,0,0,0,0,0,0,0,0,0,0,0,0,0,0,0,0,0,0,0,0,0,0,0,0,0,0,0,0,0,0,0,0,0,0,0,0,0,0,0,0,0,0,0,0,0,0,0,0,0,0,0,0,0,0,0,0,0,0,0,0,0,0,0,0,0,0,0,0,0,0,0,0,0,0,0,0,0,0,0,0,0,0,0,0,0,0,0,0,0,0,0,0,0,0,0,0,0,0,0,0,0,0,0,0,0,0,0,0,0,0,0,0,0,0,0,0,0,0,0,0,0,0,0,0,0,0,0,0,0,0,0,0,0,0,0,0,0,0,0,0,0,0,0,0,0,0,0,0,0,0,0,0,0,0,0,0,0,0,0,0,0,0,0,0,0,0,0,0,0,0,0,0,0,0,0,0,0,0,0,0,0,0,0,0,0,0,0,0,0,0,0,0,0,0,0,0,0,0,0,0,0,0,0,0,0,0,0,0,0,0,0,0,0,0,0,0,0,0,0,0,0,0,0,0,0,0,0,0,0,0,0,0,0,0,0,0,0,0,0,0,0,0,0,0,0,0,0,0,0,0
"arusha/ngorongoro/oldonyosambu",0,0,0,0,0,0,0,0,0,0,0,0,0,0,0,0,0,0,0,0,0,0,0,0,0,0,0,0,0,0,0,0,0,0,0,0,0,0,0,0,0,0,0,0,0,0,0,0,0,0,0,0,0,0,0,0,0,0,0,0,0,0,0,0,0,0,0,0,0,0,0,0,0,0,0,0,0,0,0,0,0,0,0,0,0,0,0,0,0,0,0,0,0,0,0,0,0,0,0,0,0,0,0,0,0,0,0,0,0,0,0,0,0,0,0,0,0,0,0,0,0,0,0,0,0,0,0,0,0,0,0,0,0,0,0,0,0,0,0,0,0,0,0,0,0,0,0,0,0,0,0,0,0,0,0,0,0,0,0,0,0,0,0,0,0,0,0,0,0,0,0,0,0,0,0,0,0,0,0,0,0,0,0,0,0,0,0,0,0,0,0,0,0,0,0,0,0,0,0,0,0,0,0,0,0,0,0,0,0,0,0,0,0,0,0,0,0,0,0,0,0,0,0,0,0,0,0,0,0,0,0,0,0,0,0,0,0,0,0,0,0,0,0,0,0,0,0,0,0,0,0,0,0,0,0,0,0,0,0,0,0,0,0,0,0,0,0,0,0,0,0,0,0,0,0,0,0,0,0,0,0,0,0,0,0,0,0,0,0,0,0,0,0,0,0,0,0,0,0,0,0,0,0,0,0,0,0,0,0,0,0,0,0,0,0,0,0,0,0,0,0,0,0,0,0,0,0,0,0,0,0,0,0,0,0,0,0,0,0,0,0,0,0,0,0,0,0,0,0,0,0,0,0,0,0,0,0,0,0,0,0,0,0,0,0,0,0,0,0,0,0,0,0,0,0,0,0,0,0,0,0,0,0,0,0,0,0,0,0,0,0,0,0,0,0,0,0,0
"arusha/arusha/oldonyosambu",0.008212,0.000107,0.000144,0.000558,6e-06,0.006541,3e-06,4e-06,5e-06,0.001359,2.1e-05,3e-06,0.009844,0.0858,0.000232,1.3e-05,9e-06,3.1e-05,5e-06,1.9e-05,2.3e-05,0.006064,5e-06,0.000178,2.4e-05,5.7e-05,9e-06,1.3e-05,2e-06,3.2e-05,0.009187,1.4e-05,1.4e-05,4.3e-05,8.5e-05,1.2e-05,0.007625,0.000282,3.3e-05,0.000859,6e-06,3e-06,0.000661,0.000214,9.6e-05,5e-06,0.000981,0.758047,0.008763,2.7e-05,8e-06,1.8e-05,2.6e-05,7e-06,0.000202,3e-06,0.000309,1.7e-05,0.000917,0.007557,0.006005,0.006408,0.058463,4.5e-05,1e-06,0.036156,0.013256,4e-06,0.000466,0.001529,2e-05,1e-06,0.001542,0.000129,1.8e-05,0.005215,0.00047,2e-06,3e-06,4e-06,2e-06,2.2e-05,4e-06,5e-06,1e-05,6e-06,0.106316,4e-06,0.000167,0.003977,2e-06,5e-06,0.033027,0.128167,0.000355,0.000455,0.011686,2.8e-05,0.018529,0.00428,6e-06,1e-05,0.000774,0.013826,0.000889,0.050767,1.2e-05,0.006914,0.020627,0.00334,0.007702,0.015323,0.000108,0.000312,0.000212,0.000132,0.037915,1e-05,0.03162,0.004223,0.002494,0.070925,7.2e-05,0.000262,2.6e-05,0.000301,0.000588,0.287014,0.016524,0.000185,0.000141,0.004506,0.006988,0.001497,1.7e-05,0.048218,0.004204,0.003523,0.114709,0.012768,0.014346,1.7e-05,0.018572,0.001159,0.000264,0.003557,1.3e-05,0.010823,0.010168,0.002924,0.000146,5.3e-05,0.000189,4.4e-05,0.001626,0.211597,0.000562,0.001561,9.9e-05,0.371424,0.000897,0.008825,8.7e-05,0.000152,4e-06,4e-06,0.001228,0.015679,0.065146,0.000398,0.000199,0.019611,0.669674,0.000867,0.003024,0.000901,0.014237,0.000518,0.011088,0.000357,1.1e-05,0.000116,0.002172,0.001335,0.101506,0.692034,0.00024,0.000395,0.047837,0.017528,0.002799,5.7e-05,0.000209,8e-06,0.001233,2.5e-05,0.000122,8e-06,0.011498,2.2e-05,0.146653,0.000212,0.001405,0.000269,0.011808,0.005379,0.058171,0.008925,0.001382,0.000183,0.000155,3.2e-05,0.018417,6e-05,6e-06,0.000349,6e-06,0.086768,0.001081,0.006076,7e-06,0.000419,4e-06,0.000543,0.070109,0.002143,0.103483,0.000524,3.6e-05,3e-06,2e-06,8e-06,0.022224,0.079892,6.6e-05,1.5e-05,0.000257,0.009103,0.001902,0.000107,0.004361,0.173144,9.6e-05,0.063704,1.9e-05,0.000178,0.000616,0.042909,5e-06,0.001926,0.393866,0.268202,0.000597,0.091555,0.010406,0.00067,0.00017,0.000418,0.000138,2.5e-05,1.8e-05,0.002419,2.4e-05,2e-05,0.004153,0.000927,8e-06,0.102153,4e-06,0.000312,0.155402,0.011581,6.8e-05,2.5e-05,0.054293,0.000314,0.000739,0.002775,1e-05,0.00034,0.001196,4.8e-05,0.316766,2.2e-05,1.5e-05,1.2e-05,2e-06,0.000477,9e-06,0.000671,8.2e-05,0.007107,5.8e-05,0.151641,0.002348,0.016439,0.558538,0.00244,0.001791,0.000613,4.6e-05,2e-05,0.00017,0.000536,1.6e-05,0.006263,0.013558,0.001925,0.0013,0.000315,0.086052,0.000478,4e-05,0.000123,0.00154,1.4e-05,9.3e-05,0,0.038623,0.046458,0.00276,0.330217,0.01315,0.051658,0.74174,0.001331,0.001925,0.003489,0.000132,0.035494,0.0674,0.025602,0.582091,0.00471,0.001907,1.9e-05,0.000858,0.000383,0.297716,3.5e-05,1.6e-05,0.000155,2.5e-05,9e-06,0.003943,0.000405,0.000524,0.184485,0.003547,0.000663,4e-06,0.04879,0.00528,0.419483,0.007249,0.011181,0.008153,0.000341,0.000235,0.002692,7e-06,4e-06,7e-06,2e-06,9.4e-05,0.370571,0.071473,0.169651,2.2e-05,0.083378,0.001017,9e-06,2.6e-05,5e-05,0.000402,0.010497,0.00139,0.000769,0.17365,5e-06,2.2e-05,6e-06,0.076814,5e-05,4e-06,0.009337,0.000237,0.027267,0.004485,0.000154,0.117995,0.000134,2.6e-05,4.9e-05,1.1e-05,9e-06,6e-06,5e-06
"kilimanjaro/rombo/olele",0,0,0,0,0,0,0,0,0,0,0,0,0,0,0,0,0,0,0,0,0,0,0,0,0,0,0,0,0,0,0,0,0,0,0,0,0,0,0,0,0,0,0,0,0,0,0,0,0,0,0,0,0,0,0,0,0,0,0,0,0,0,0,0,0,0,0,0,0,0,0,0,0,0,0,0,0,0,0,0,0,0,0,0,0,0,0,0,0,0,0,0,0,0,0,0,0,0,0,0,0,0,0,0,0,0,0,0,0,0,0,0,0,0,0,0,0,0,0,0,0,0,0,0,0,0,0,0,0,0,0,0,0,0,0,0,0,0,0,0,0,0,0,0,0,0,0,0,0,0,0,0,0,0,0,0,0,0,0,0,0,0,0,0,0,0,0,0,0,0,0,0,0,0,0,0,0,0,0,0,0,0,0,0,0,0,0,0,0,0,0,0,0,0,0,0,0,0,0,0,0,0,0,0,0,0,0,0,0,0,0,0,0,0,0,0,0,0,0,0,0,0,0,0,0,0,0,0,0,0,0,0,0,0,0,0,0,0,0,0,0,0,0,0,0,0,0,0,0,0,0,0,0,0,0,0,0,0,0,0,0,0,0,0,0,0,0,0,0,0,0,0,0,0,0,0,0,0,0,0,0,0,0,0,0,0,0,0,0,0,0,0,0,0,0,0,0,0,0,0,0,0,0,0,0,0,0,0,0,0,0,0,0,0,0,0,0,0,0,0,0,0,0,0,0,0,0,0,0,0,0,0,0,0,0,0,0,0,0,0,0,0,0,0,0,0,0,0,0,0,0,0,0,0,0,0,0,0,0,0,0,0,0,0,0,0,0,0,0,0,0,0,0,0,0,0,0,0,0,0,0,0,0,0,0,0,0,0,0,0,0,0,0,0,0,0,0,0
"arusha/arusha/oljoro",0.000149,1e-06,1e-06,6e-06,0,0.000115,0,0,0,4.2e-05,1e-06,0,8.8e-05,0.001974,4e-06,0,0,1e-06,0,0,0,3.1e-05,0,2e-06,0,1e-06,0,0,0,1e-06,0.001391,0,0,1e-06,2e-06,0,0.000216,7e-06,1e-06,8e-06,0,0,1.4e-05,5e-06,2e-06,0,6e-06,0.043397,0.000612,1e-06,0,0,1e-06,0,5e-06,0,1.3e-05,1e-06,2.9e-05,0.000117,2.6e-05,6e-05,0.000103,1e-06,0,0.002366,0.000199,0,1.1e-05,6.1e-05,0,0,6e-06,3e-06,0,3.2e-05,4e-06,0,0,0,0,1e-06,0,0,0,0,0.001335,0,3e-06,8.5e-05,0,0,0.000416,0.000476,2e-06,1.1e-05,6.3e-05,0,3e-04,6.2e-05,0,0,1.5e-05,0.000279,1.1e-05,0.000264,0,7.8e-05,5.3e-05,6.3e-05,4.3e-05,0.000135,3e-06,7e-06,2e-06,1e-06,0.000596,0,0.000364,3.3e-05,2e-05,0.000612,1e-06,5e-06,0,6e-06,1.3e-05,0.00446,0.00063,2e-06,2e-06,5.6e-05,0.000107,1.7e-05,0,0.001083,3.9e-05,4e-05,0.000412,0.000128,0.000135,0,0.000325,1.1e-05,2e-06,6.4e-05,0,0.000138,0.000109,3.5e-05,1e-06,1e-06,2e-06,1e-06,3e-05,0.00744,5e-06,7e-06,3e-06,0.005935,1.4e-05,0.000729,1e-06,3e-06,0,0,2.5e-05,6.4e-05,0.003263,8e-06,4e-06,0.00044,0.03121,2.6e-05,1.4e-05,4.3e-05,0.000934,1e-06,0.000119,8e-06,0,1e-06,4.8e-05,1.9e-05,0.000802,0.017579,1e-06,3e-06,0.000436,0.000137,3.8e-05,1e-06,6e-06,0,4.4e-05,1e-06,1e-06,0,0.000132,0,0.001689,7e-06,3.2e-05,7e-06,0.000117,2.9e-05,0.000788,0.000273,1.6e-05,2e-06,2e-06,1e-06,0.000215,1e-06,0,7e-06,0,0.00087,1.1e-05,6.7e-05,0,9e-06,0,4e-06,0.000677,1.4e-05,0.000732,8e-06,1e-06,0,0,0,0.000134,0.007351,2e-06,0,3e-06,0.000526,2.9e-05,1e-06,0.000169,0.013956,1e-06,0.001371,0,2e-06,7e-06,0.002271,0,0.000584,0.008941,0.001913,9e-06,0.003822,6.3e-05,1.4e-05,2e-06,7e-06,2e-06,1e-06,0,5.6e-05,1e-06,0,8.4e-05,4e-06,0,0.001745,0,1.1e-05,0.001164,0.000212,1e-06,1e-06,0.000663,3e-06,1.5e-05,0.000129,0,5e-06,3.6e-05,0,0.001485,1e-06,0,0,0,4e-06,0,3e-06,2e-06,2.5e-05,1e-06,0.011727,2.7e-05,5.9e-05,0.001018,5.4e-05,5e-05,1e-05,1e-06,0,2e-06,1.2e-05,0,0.000207,0.000191,1.7e-05,1.3e-05,2e-06,0.003749,6e-06,1e-06,2e-06,1.6e-05,0,1e-06,0.001794,0.000349,0,0.000761,0.001389,0.000114,0.000185,0.015661,1.5e-05,2e-05,9.9e-05,1e-06,0.000546,0.00082,0.000256,0.002478,4.7e-05,6.3e-05,0,1.1e-05,3e-06,0.005169,1e-06,0,2e-06,0,0,1e-04,9e-06,5e-06,0.000514,7.9e-05,6e-06,0,0.000231,6.7e-05,0.012638,0.000109,0.000338,0.000529,6e-06,2e-06,3.2e-05,0,0,0,0,1e-06,0.00675,0.003707,0.006354,0,0.000386,1.2e-05,0,1e-06,1e-06,3e-06,0.002427,0.000151,2.4e-05,0.000432,0,0,0,0.000679,1e-06,0,0.00025,2e-06,0.000276,4.4e-05,1e-06,0.002329,1e-06,1e-06,1e-06,0,0,0,0
"manyara/simanjiro/oljorono",6.9e-05,1e-06,1e-06,4e-06,0,0.000117,0,0,0,5.7e-05,1e-06,0,4.1e-05,0.000817,5e-06,0,0,1e-06,0,0,1e-06,1.6e-05,0,2e-06,1e-06,1e-06,0,0,0,1e-06,0.001176,0,0,1e-06,1e-06,0,8.2e-05,7e-06,1e-06,7e-06,0,0,1.2e-05,4e-06,2e-06,0,5e-06,0.017532,0.001202,0,0,0,1e-06,0,5e-06,0,1.2e-05,1e-06,4.2e-05,8.6e-05,1.5e-05,3.5e-05,7.1e-05,1e-06,0,0.000761,0.000116,0,1.1e-05,6.5e-05,0,0,4e-06,4e-06,0,1.9e-05,3e-06,0,0,0,0,1e-06,0,0,0,0,0.001112,0,3e-06,7.6e-05,0,0,0.000416,0.000243,2e-06,1.3e-05,4.9e-05,0,0.000308,6.4e-05,0,0,1.8e-05,0.000113,1e-05,0.00022,0,7e-05,3.5e-05,4.5e-05,3.4e-05,0.000123,2e-06,3e-06,2e-06,1e-06,0.000497,0,0.000338,2.8e-05,1.2e-05,0.000535,1e-06,5e-06,1e-06,7e-06,1.2e-05,0.002102,0.000364,2e-06,1e-06,3.9e-05,0.000112,1.5e-05,0,0.000438,1.8e-05,3.7e-05,0.000323,0.000112,9.6e-05,0,0.000135,1e-05,2e-06,7.2e-05,0,0.000134,0.000103,3.3e-05,1e-06,1e-06,2e-06,1e-06,3.5e-05,0.003567,3e-06,4e-06,4e-06,0.005453,1.5e-05,0.001334,1e-06,3e-06,0,0,2.8e-05,4.2e-05,0.001107,9e-06,4e-06,0.000255,0.012518,3.6e-05,1.1e-05,5.3e-05,0.000995,1e-06,0.000107,1.1e-05,0,1e-06,6.2e-05,1.9e-05,0.000668,0.024132,1e-06,2e-06,0.000371,0.000113,3.5e-05,2e-06,5e-06,0,4.2e-05,1e-06,1e-06,0,0.000122,0,0.001022,1.1e-05,2.9e-05,6e-06,0.00011,2.1e-05,0.000789,0.000187,1.5e-05,2e-06,2e-06,1e-06,0.000212,1e-06,0,8e-06,0,0.000825,1e-05,6.4e-05,0,6e-06,0,3e-06,0.000552,1.1e-05,0.000593,7e-06,1e-06,0,0,0,0.000115,0.002371,2e-06,0,2e-06,0.000288,1.9e-05,1e-06,0.00016,0.020044,1e-06,0.001151,0,2e-06,7e-06,0.000894,0,0.000205,0.003763,0.000886,5e-06,0.001427,5.4e-05,1.7e-05,2e-06,8e-06,2e-06,1e-06,0,4.4e-05,1e-06,1e-06,5.8e-05,3e-06,0,0.000892,0,1.5e-05,0.00062,0.000234,1e-06,1e-06,0.00065,3e-06,1.8e-05,0.000156,0,4e-06,4e-05,0,0.001185,1e-06,0,0,0,3e-06,0,3e-06,3e-06,1.9e-05,1e-06,0.00557,2.6e-05,4.5e-05,0.000441,2.1e-05,6.5e-05,1e-05,1e-06,0,2e-06,1.4e-05,1e-06,0.000177,8.7e-05,9e-06,6e-06,2e-06,0.000965,4e-06,1e-06,1e-06,1.5e-05,0,1e-06,0.000771,0.000323,0.005661,0,0.000744,8.7e-05,0.000146,0.005177,1e-05,1.4e-05,3.8e-05,2e-06,0.000235,0.000364,0.000121,0.001293,4.5e-05,6.8e-05,0,1e-05,3e-06,0.002617,2e-06,0,2e-06,0,0,0.000132,1.2e-05,5e-06,0.000269,9.8e-05,6e-06,0,0.000169,3.3e-05,0.005116,6.5e-05,0.000237,0.00059,7e-06,2e-06,2.9e-05,0,0,0,0,1e-06,0.002982,0.000873,0.002338,1e-06,0.000215,1.1e-05,0,1e-06,1e-06,3e-06,0.000489,0.00034,9e-06,0.000227,0,0,0,0.000623,1e-06,0,9.6e-05,2e-06,0.000247,4e-05,1e-06,0.001256,1e-06,1e-06,1e-06,0,0,0,0
"arusha/arusha/olkokola",7.8e-05,1e-06,1e-06,3e-06,0,3.9e-05,0,0,0,1.3e-05,0,0,0.00011,0.001134,2e-06,0,0,0,0,0,0,1.7e-05,0,1e-06,0,0,0,0,0,0,0.000141,0,0,0,1e-06,0,0.000124,2e-06,0,6e-06,0,0,3e-06,1e-06,1e-06,0,9e-06,0.038878,9.2e-05,0,0,0,0,0,1e-06,0,2e-06,0,7e-06,4.4e-05,2.3e-05,4.1e-05,0.000277,0,0,0.000493,0.000296,0,5e-06,1e-05,0,0,5e-06,1e-06,0,2.5e-05,4e-06,0,0,0,0,0,0,0,0,0,0.000594,0,1e-06,2e-05,0,0,0.000184,0.001521,3e-06,4e-06,4.6e-05,0,0.000108,2.4e-05,0,0,5e-06,0.000243,5e-06,0.000217,0,3.5e-05,6.1e-05,2.3e-05,3.1e-05,7.5e-05,1e-06,5e-06,1e-06,1e-06,0.00022,0,0.000167,1.9e-05,8e-06,0.000348,0,2e-06,0,2e-06,3e-06,0.001461,0.000135,1e-06,1e-06,1.7e-05,4e-05,8e-06,0,0.000698,9.9e-05,1.8e-05,0.00055,6.3e-05,7.2e-05,0,0.000384,6e-06,1e-06,2.2e-05,0,5.9e-05,5.2e-05,1.5e-05,1e-06,0,1e-06,0,1.1e-05,0.005694,2e-06,8e-06,1e-06,0.002665,5e-06,5.9e-05,0,1e-06,0,0,8e-06,5.9e-05,0.000991,3e-06,1e-06,0.000186,0.02521,6e-06,1.1e-05,6e-06,0.000116,2e-06,5.6e-05,3e-06,0,1e-06,1.5e-05,7e-06,0.000485,0.012297,1e-06,2e-06,0.000233,8e-05,1.5e-05,1e-06,1e-06,0,9e-06,0,1e-06,0,6e-05,0,0.000951,2e-06,7e-06,2e-06,6e-05,2.2e-05,0.000333,7.7e-05,1.1e-05,1e-06,1e-06,0,1e-04,0,0,2e-06,0,0.000467,5e-06,3.2e-05,0,3e-06,0,2e-06,0.000352,9e-06,0.000475,3e-06,0,0,0,0,0.000139,0.001503,1e-06,0,1e-06,5.3e-05,1.3e-05,1e-06,3.2e-05,0.00421,0,0.000304,0,1e-06,3e-06,0.000468,0,2.8e-05,0.009833,0.003469,1.3e-05,0.001208,4.5e-05,5e-06,1e-06,2e-06,1e-06,0,0,1.1e-05,0,0,3.1e-05,5e-06,0,0.003176,0,3e-06,0.009393,7.1e-05,0,0,0.000301,2e-06,5e-06,1.6e-05,0,3e-06,8e-06,0,0.00184,0,0,0,0,2e-06,0,3e-06,1e-06,2.4e-05,0,0.001607,1.2e-05,5.6e-05,0.001381,4.6e-05,1.2e-05,5e-06,0,0,1e-06,4e-06,0,4.7e-05,0.000144,1.2e-05,1.2e-05,1e-06,0.00131,3e-06,0,1e-06,8e-06,0,0,0.004979,0.000194,0.000423,3e-05,0,6.2e-05,0.000192,0.040433,7e-06,1e-05,4.9e-05,1e-06,0.000953,0.001101,0.00112,0.003022,3.3e-05,1e-05,0,5e-06,3e-06,0.003011,0,0,1e-06,0,0,2.8e-05,3e-06,4e-06,0.003726,2.4e-05,5e-06,0,0.000187,4.5e-05,0.009753,5.8e-05,0.00018,4.8e-05,2e-06,1e-06,1.4e-05,0,0,0,0,1e-06,0.006796,0.000838,0.003548,0,0.000465,5e-06,0,0,0,2e-06,0.000143,1e-05,1.1e-05,0.000435,0,0,0,0.000393,0,0,0.000164,1e-06,0.000137,2.2e-05,1e-06,0.000962,1e-06,0,0,0,0,0,0
"kilimanjaro/siha/olkolili",0,0,0,0,0,0,0,0,0,0,0,0,0,0,0,0,0,0,0,0,0,0,0,0,0,0,0,0,0,0,0,0,0,0,0,0,0,0,0,0,0,0,0,0,0,0,0,0,0,0,0,0,0,0,0,0,0,0,0,0,0,0,0,0,0,0,0,0,0,0,0,0,0,0,0,0,0,0,0,0,0,0,0,0,0,0,0,0,0,0,0,0,0,0,0,0,0,0,0,0,0,0,0,0,0,0,0,0,0,0,0,0,0,0,0,0,0,0,0,0,0,0,0,0,0,0,0,0,0,0,0,0,0,0,0,0,0,0,0,0,0,0,0,0,0,0,0,0,0,0,0,0,0,0,0,0,0,0,0,0,0,0,0,0,0,0,0,0,0,0,0,0,0,0,0,0,0,0,0,0,0,0,0,0,0,0,0,0,0,0,0,0,0,0,0,0,0,0,0,0,0,0,0,0,0,0,0,0,0,0,0,0,0,0,0,0,0,0,0,0,0,0,0,0,0,0,0,0,0,0,0,0,0,0,0,0,0,0,0,0,0,0,0,0,0,0,0,0,0,0,0,0,0,0,0,0,0,0,0,0,0,0,0,0,0,0,0,0,0,0,0,0,0,0,0,0,0,0,0,0,0,0,0,0,0,0,0,0,0,0,0,0,0,0,0,0,0,0,0,0,0,0,0,0,0,0,0,0,0,0,0,0,0,0,0,0,0,0,0,0,0,0,0,0,0,0,0,0,0,0,0,0,0,0,0,0,0,0,0,0,0,0,0,0,0,0,0,0,0,0,0,0,0,0,0,0,0,0,0,0,0,0,0,0,0,0,0,0,0,0,0,0,0,0,0,0,0,0,0,0,0,0,0,0,0,0,0,0,0,0,0,0,0,0,0,0,0,0
"arusha/longido/olmolog",0,0,0,0,0,0,0,0,0,0,0,0,0,0,0,0,0,0,0,0,0,0,0,0,0,0,0,0,0,0,0,0,0,0,0,0,0,0,0,0,0,0,0,0,0,0,0,0,0,0,0,0,0,0,0,0,0,0,0,0,0,0,0,0,0,0,0,0,0,0,0,0,0,0,0,0,0,0,0,0,0,0,0,0,0,0,0,0,0,0,0,0,0,0,0,0,0,0,0,0,0,0,0,0,0,0,0,0,0,0,0,0,0,0,0,0,0,0,0,0,0,0,0,0,0,0,0,0,0,0,0,0,0,0,0,0,0,0,0,0,0,0,0,0,0,0,0,0,0,0,0,0,0,0,0,0,0,0,0,0,0,0,0,0,0,0,0,0,0,0,0,0,0,0,0,0,0,0,0,0,0,0,0,0,0,0,0,0,0,0,0,0,0,0,0,0,0,0,0,0,0,0,0,0,0,0,0,0,0,0,0,0,0,0,0,0,0,0,0,0,0,0,0,0,0,0,0,0,0,0,0,0,0,0,0,0,0,0,0,0,0,0,0,0,0,0,0,0,0,0,0,0,0,0,0,0,0,0,0,0,0,0,0,0,0,0,0,0,0,0,0,0,0,0,0,0,0,0,0,0,0,0,0,0,0,0,0,0,0,0,0,0,0,0,0,0,0,0,0,0,0,0,0,0,0,0,0,0,0,0,0,0,0,0,0,0,0,0,0,0,0,0,0,0,0,0,0,0,0,0,0,0,0,0,0,0,0,0,0,0,0,0,0,0,0,0,0,0,0,0,0,0,0,0,0,0,0,0,0,0,0,0,0,0,0,0,0,0,0,0,0,0,0,0,0,0,0,0,0,0,0,0,0,0,0,0,0,0,0,0,0,0,0,0,0,0,0,0
"arusha/arusha/olmotonyi",0.058013,3e-04,3e-04,0.001418,2.2e-05,0.017317,1.1e-05,1.5e-05,1.7e-05,0.005085,7.8e-05,1.1e-05,0.092693,0.593741,0.000736,4.6e-05,3e-05,0.000107,1.7e-05,6.1e-05,6.6e-05,0.009803,1.6e-05,0.00041,6.7e-05,0.00013,3.2e-05,4.8e-05,7e-06,9.2e-05,0.054904,4.4e-05,3.9e-05,0.000114,0.000282,3.9e-05,0.133547,0.000985,0.000117,0.001943,2e-05,1.1e-05,0.001959,0.000728,0.000294,1.9e-05,0.002429,0.999388,0.041179,9.4e-05,2.8e-05,5.8e-05,9.5e-05,2.2e-05,0.000691,9e-06,0.001239,6.9e-05,0.003044,0.022026,0.009279,0.017487,0.059437,0.000137,1e-06,0.326739,0.090615,1.4e-05,0.001875,0.006135,6.8e-05,2e-06,0.002011,0.000477,5.6e-05,0.010393,0.001091,8e-06,9e-06,1.2e-05,6e-06,7.7e-05,1.5e-05,1.5e-05,3.3e-05,2.1e-05,0.226885,1.3e-05,0.000523,0.011461,7e-06,1.6e-05,0.072501,0.540197,0.000829,0.001617,0.018518,7.1e-05,0.046304,0.010405,2.3e-05,3.1e-05,0.002146,0.276733,0.002041,0.073577,4.2e-05,0.015253,0.023396,0.011581,0.012403,0.029317,0.000353,0.006926,0.000428,0.000279,0.098746,3.1e-05,0.067825,0.007811,0.004695,0.128589,0.000186,0.000693,6.8e-05,0.000849,0.001788,0.58735,0.078898,0.000387,0.000302,0.010225,0.017255,0.003304,4.7e-05,0.484242,0.275943,0.007692,0.143834,0.026619,0.034042,4.9e-05,0.456072,0.002393,0.000517,0.009393,4.8e-05,0.024672,0.021546,0.006509,0.000288,0.000155,0.000383,0.000126,0.004384,0.851289,0.001089,0.002915,0.000316,0.606244,0.00224,0.04028,0.000199,0.00041,1.2e-05,1.1e-05,0.003414,0.025612,0.550795,0.001106,0.000599,0.088269,0.998221,0.002802,0.004449,0.003624,0.070163,0.000593,0.023772,0.001089,3e-05,0.000285,0.006369,0.00328,0.174412,0.87899,0.000383,0.000685,0.092659,0.032828,0.006803,2e-04,0.000798,2.6e-05,0.004988,7.5e-05,0.000269,2.9e-05,0.025288,7.8e-05,0.374893,0.000757,0.004126,0.000969,0.023943,0.009315,0.127673,0.041063,0.003612,0.000388,0.000337,0.000132,0.039777,0.000128,1.8e-05,0.000959,2.2e-05,0.163077,0.002259,0.013021,2.4e-05,0.001603,1.3e-05,0.000965,0.139669,0.003787,0.170112,0.001334,0.000122,9e-06,8e-06,2.9e-05,0.040857,0.59501,0.000205,3.4e-05,0.000538,0.041904,0.006374,0.000228,0.016775,0.631744,0.000212,0.164736,5.5e-05,4e-04,0.00138,0.281304,1.7e-05,0.016245,0.990209,0.592449,0.004137,0.585405,0.0168,0.001902,0.000343,0.001081,0.000311,7.1e-05,5.1e-05,0.007171,0.000108,5.8e-05,0.015376,0.001518,3e-05,0.642796,1.7e-05,0.001301,0.72816,0.030544,0.000173,7.3e-05,0.114813,0.000668,0.002088,0.010582,3.6e-05,0.001051,0.003993,0.00013,0.389621,7.9e-05,4.7e-05,4.7e-05,7e-06,0.000881,3.2e-05,0.001055,0.00027,0.00861,0.000162,0.583153,0.005237,0.020467,0.459291,0.063212,0.005661,0.001921,1e-04,5.3e-05,0.000385,0.001546,5.1e-05,0.025939,0.11448,0.007378,0.008946,0.00058,0.730229,0.001367,0.000128,0.000285,0.00327,4.5e-05,0.000206,0.714773,0.073005,0.297904,0.016648,0.868298,0.027665,0.062032,0,0.003242,0.004582,0.049232,0.000322,0.775317,0.684487,0.579477,0.605113,0.010857,0.006472,5.9e-05,0.001979,0.000858,0.766507,0.000138,5.6e-05,0.000337,8.9e-05,3.4e-05,0.011992,0.001199,0.001229,0.649172,0.010225,0.001544,1.4e-05,0.072312,0.031481,0.985371,0.026477,0.067678,0.034118,0.000903,0.000488,0.006136,2.6e-05,1.2e-05,2.5e-05,8e-06,0.000229,0.962956,0.614352,0.905927,6.6e-05,0.210905,0.002291,2.8e-05,7.4e-05,0.000148,0.000719,0.099561,0.007169,0.012042,0.164334,1.6e-05,5.8e-05,2e-05,0.138493,0.000166,1.3e-05,0.182255,0.000464,0.055759,0.009209,0.000309,0.417015,0.000267,7.3e-05,0.000137,3e-05,2.5e-05,2.2e-05,1.6e-05
"arusha/ngorongoro/oloipiri",7.7e-05,0.000182,1.2e-05,0.017404,3e-06,0.000365,2e-06,2e-06,2e-06,0.000538,9e-06,2e-06,6.2e-05,0.00087,0.000245,7e-06,7e-06,1.9e-05,4e-06,1.5e-05,7e-06,7.8e-05,2e-06,8e-06,6e-06,3e-06,4e-06,6e-06,1e-06,9e-06,0.000233,7e-06,3e-06,5e-06,7.4e-05,7e-06,8.2e-05,0.000152,1.9e-05,0.017991,4e-06,2e-06,0.000334,0.000139,4.8e-05,3e-06,9.3e-05,0.020246,0.001102,1.7e-05,4e-06,2.1e-05,1.2e-05,6e-06,0.000109,1e-06,1e-05,4e-06,0.000188,0.019566,0.001208,0.002208,0.000773,2.2e-05,3.1e-05,0.000524,0.000315,4e-06,0.000116,0.000418,1.4e-05,0,2e-05,6.2e-05,1.3e-05,0.003743,0.000347,2e-06,3e-06,3e-06,1e-06,1.1e-05,3e-06,3e-06,6e-06,4e-06,0.002948,3e-06,0.000146,0.001103,1e-06,5e-06,0.003023,0.000512,7.6e-05,0.000262,0.000217,3e-06,0.001224,0.000317,3e-06,1.8e-05,0.000231,0.000131,4.2e-05,0.002749,7e-06,0.000279,0.000131,0.001879,0.000153,0.001031,6.7e-05,3e-06,1.5e-05,1.1e-05,0.000983,4e-06,0.001577,0.000165,8.5e-05,0.003109,8e-06,3e-05,3e-06,9e-05,0.000249,0.004836,0.000284,1.1e-05,9e-06,0.00032,0.000594,6.4e-05,2e-06,0.000474,2.9e-05,0.00019,0.009742,0.000466,0.000203,5e-06,0.000171,4.4e-05,2.2e-05,0.000436,6e-06,0.000671,0.000596,0.000191,1e-05,6e-06,1.7e-05,8e-06,0.000399,0.004984,4.9e-05,0.00018,3e-05,0.02225,8.8e-05,0.00083,4e-06,2.1e-05,3e-06,2e-06,0.000104,0.000116,0.000881,4.4e-05,8.9e-05,0.001776,0.014092,0.000145,5.7e-05,0.000183,0.001604,2.3e-05,0.000462,0.00014,3e-06,0.012745,6e-04,7e-05,0.003234,0.052379,7e-06,1.3e-05,0.001545,0.000478,0.000112,3.2e-05,8.5e-05,6e-06,0.000366,1.2e-05,1e-05,3e-06,0.000531,8e-06,0.001636,6.3e-05,0.000338,6e-06,0.000863,6.5e-05,0.004851,0.001152,0.010033,1.3e-05,1.1e-05,8e-06,0.001696,5e-06,6e-06,9.8e-05,3e-06,0.00839,6.9e-05,0.000422,5e-06,7e-06,2e-06,1.2e-05,0.001772,4.4e-05,0.002813,1.9e-05,2.7e-05,2e-06,1e-06,6e-06,0.018864,0.001659,3.2e-05,1e-06,1.3e-05,0.000234,0.000757,9e-06,0.000137,0.01205,4e-06,0.009255,4e-06,8e-06,2.9e-05,0.000625,3e-06,6.3e-05,0.004765,0.008115,1.5e-05,0.001181,0.000529,0.000179,1.4e-05,4.3e-05,7e-06,6e-06,4e-06,0.00015,4e-06,5e-06,0.001391,0.000161,4e-06,0.001751,2e-06,8.3e-05,0.001649,0.001085,7e-06,5e-06,0.004437,2.4e-05,0.000208,0.000359,4e-06,0.000251,5.6e-05,4.3e-05,0.038397,1.1e-05,7e-06,5e-06,1e-06,3.1e-05,6e-06,1e-05,2.9e-05,0.000154,1.6e-05,0.0031,0.000117,0.000271,0.002119,2.4e-05,0.000183,0.000795,4e-06,2e-06,8e-06,8.3e-05,7e-06,0.001599,0.000109,1.5e-05,9e-06,1.2e-05,0.001313,0.001467,1.8e-05,6e-06,8e-05,1.2e-05,0.000995,0.004741,0.002958,0.001391,0.000131,0.002104,0.00024,0.001752,0.012708,0,0.25927,3.7e-05,0.013142,0.000334,0.00051,0.000224,0.033597,0.214095,0.000392,8e-06,3.9e-05,0.001474,0.003342,1.1e-05,1.1e-05,7e-06,1.2e-05,4e-06,0.000732,0.000127,0.010784,0.000657,0.000607,0.026358,2e-06,0.000662,4.3e-05,0.005775,0.001197,0.000538,0.000443,3.7e-05,1.9e-05,0.000112,3e-06,2e-06,3e-06,1e-06,0.027994,0.0039,0.000999,0.002305,1.1e-05,0.000432,4.3e-05,2e-06,7e-06,2.4e-05,2.6e-05,0.000209,0.000113,8e-06,0.003933,3e-06,4e-06,3e-06,0.006138,3.3e-05,2e-06,1e-04,1.1e-05,0.00116,0.000217,7e-06,0.001441,9e-06,6e-06,1.2e-05,2e-06,3e-06,4e-06,4e-06
"arusha/ngorongoro/oloirien",0.00026,0.00066,3.7e-05,0.049121,9e-06,0.001174,5e-06,7e-06,6e-06,0.001635,2.8e-05,6e-06,0.000212,0.002944,0.00071,2.2e-05,2e-05,5.6e-05,1.2e-05,4.2e-05,2.2e-05,0.000262,6e-06,2.7e-05,1.9e-05,8e-06,1.1e-05,1.9e-05,3e-06,2.6e-05,0.000766,2e-05,1e-05,1.6e-05,0.000232,2.1e-05,0.00028,0.000454,5.7e-05,0.129236,1.3e-05,6e-06,0.000991,0.000414,0.000143,8e-06,0.000356,0.066703,0.003486,5.5e-05,1.4e-05,6.5e-05,4e-05,1.6e-05,0.000324,4e-06,3.1e-05,1.4e-05,0.00058,0.053796,0.004898,0.008443,0.002861,6.5e-05,0.000285,0.001763,0.001101,1.2e-05,0.000385,0.001284,4.6e-05,1e-06,6.9e-05,0.000191,3.7e-05,0.016558,0.001468,4e-06,7e-06,9e-06,3e-06,3.2e-05,9e-06,8e-06,1.8e-05,1.1e-05,0.009667,9e-06,0.000422,0.00337,3e-06,1.3e-05,0.009634,0.001765,0.000301,0.000796,0.000727,1.1e-05,0.003921,0.001017,1e-05,5.1e-05,0.000708,0.000448,0.000135,0.009258,2.3e-05,0.000909,0.000449,0.006127,0.000512,0.003355,0.000197,1.1e-05,4.8e-05,3.4e-05,0.003226,1.3e-05,0.005117,0.000544,0.000281,0.010177,2.6e-05,9.5e-05,1.1e-05,0.000274,0.000746,0.016018,0.000943,3.6e-05,2.9e-05,0.001028,0.001892,0.000208,7e-06,0.00161,9.9e-05,0.000617,0.036467,0.001529,0.000678,1.5e-05,0.000585,0.000145,7.2e-05,0.001373,1.9e-05,0.002163,0.001932,0.000617,3.4e-05,1.8e-05,5.6e-05,2.6e-05,0.00123,0.016959,0.000157,0.000717,9e-05,0.069941,0.00028,0.002628,1.2e-05,6.5e-05,8e-06,7e-06,0.00033,0.000393,0.002973,0.000139,0.000268,0.006115,0.046856,0.000449,0.000191,0.000565,0.00516,8.7e-05,0.001507,0.000421,9e-06,0.049641,0.001834,0.000228,0.010667,0.157617,2.4e-05,4.4e-05,0.005083,0.001582,0.000364,9.6e-05,0.000267,1.9e-05,0.001136,3.7e-05,3.3e-05,1e-05,0.001728,2.7e-05,0.005483,0.00019,0.001038,2e-05,0.002793,0.00022,0.015431,0.003856,0.03513,4.2e-05,3.6e-05,2.6e-05,0.005426,1.6e-05,1.7e-05,0.000301,1e-05,0.026751,0.000224,0.001363,1.6e-05,2.3e-05,6e-06,4.1e-05,0.005846,0.000145,0.00933,6.1e-05,8.1e-05,5e-06,4e-06,1.8e-05,0.080956,0.005592,9.5e-05,2e-06,4.2e-05,0.000767,0.002647,2.9e-05,0.000448,0.039297,1.4e-05,0.028573,1.3e-05,2.7e-05,9.4e-05,0.002092,1e-05,0.000209,0.016134,0.028921,5.2e-05,0.003975,0.00176,0.000548,4.4e-05,0.000137,2.2e-05,1.8e-05,1.3e-05,0.000479,1.3e-05,1.7e-05,0.004644,0.00066,1.3e-05,0.006054,5e-06,0.000261,0.005757,0.003437,2.4e-05,1.6e-05,0.014165,7.8e-05,0.000635,0.001122,1.4e-05,0.000884,0.000181,0.000167,0.135133,3.5e-05,2.1e-05,1.5e-05,3e-06,0.000103,1.8e-05,3.5e-05,8.6e-05,0.00053,5e-05,0.010244,0.000381,0.000922,0.007307,8.3e-05,0.000575,0.002507,1.4e-05,7e-06,2.5e-05,0.000258,2e-05,0.005084,0.00037,5e-05,3e-05,3.8e-05,0.004458,0.004568,5.3e-05,2.1e-05,0.000262,3.7e-05,0.006337,0.016571,0.009575,0.004597,0.000425,0.007344,0.000797,0.00607,0.042853,0.488758,0,0.000125,0.018015,0.001146,0.001741,0.000774,0.118562,0.735176,0.001207,2.5e-05,0.000126,0.007692,0.01122,3.2e-05,3.4e-05,2.2e-05,3.8e-05,1.3e-05,0.002265,0.000386,0.0765,0.00228,0.001887,0.256319,6e-06,0.002232,0.000145,0.019457,0.004235,0.001844,0.00142,0.000116,6.2e-05,0.000366,1e-05,6e-06,8e-06,4e-06,0.026758,0.0132,0.003374,0.007805,3.2e-05,0.001474,0.000141,5e-06,2e-05,7.1e-05,8.4e-05,0.000698,0.000362,2.9e-05,0.014,8e-06,1.1e-05,1e-05,0.019812,9.9e-05,6e-06,0.000341,3.5e-05,0.00379,0.000709,2.4e-05,0.004822,2.9e-05,1.8e-05,3.8e-05,6e-06,8e-06,1.2e-05,1.3e-05
"arusha/arushaurban/oloirieni",0,0,0,0,0,0,0,0,0,0,0,0,0,0,0,0,0,0,0,0,0,0,0,0,0,0,0,0,0,0,0,0,0,0,0,0,0,0,0,0,0,0,0,0,0,0,0,0,0,0,0,0,0,0,0,0,0,0,0,0,0,0,0,0,0,0,0,0,0,0,0,0,0,0,0,0,0,0,0,0,0,0,0,0,0,0,0,0,0,0,0,0,0,0,0,0,0,0,0,0,0,0,0,0,0,0,0,0,0,0,0,0,0,0,0,0,0,0,0,0,0,0,0,0,0,0,0,0,0,0,0,0,0,0,0,0,0,0,0,0,0,0,0,0,0,0,0,0,0,0,0,0,0,0,0,0,0,0,0,0,0,0,0,0,0,0,0,0,0,0,0,0,0,0,0,0,0,0,0,0,0,0,0,0,0,0,0,0,0,0,0,0,0,0,0,0,0,0,0,0,0,0,0,0,0,0,0,0,0,0,0,0,0,0,0,0,0,0,0,0,0,0,0,0,0,0,0,0,0,0,0,0,0,0,0,0,0,0,0,0,0,0,0,0,0,0,0,0,0,0,0,0,0,0,0,0,0,0,0,0,0,0,0,0,0,0,0,0,0,0,0,0,0,0,0,0,0,0,0,0,0,0,0,0,0,0,0,0,0,0,0,0,0,0,0,0,0,0,0,0,0,0,0,0,0,0,0,0,0,0,0,0,0,0,0,0,0,0,0,0,0,0,0,0,0,0,0,0,0,0,0,0,0,0,0,0,0,0,0,0,0,0,0,0,0,0,0,0,0,0,0,0,0,0,0,0,0,0,0,0,0,0,0,0,0,0,0,0,0,0,0,0,0,0,0,0,0,0,0,0,0,0,0,0,0,0,0,0,0,0,0,0,0,0,0,0,0,0
"arusha/ngorongoro/ololosokwan",0,0,0,0,0,0,0,0,0,0,0,0,0,0,0,0,0,0,0,0,0,0,0,0,0,0,0,0,0,0,0,0,0,0,0,0,0,0,0,0,0,0,0,0,0,0,0,0,0,0,0,0,0,0,0,0,0,0,0,0,0,0,0,0,0,0,0,0,0,0,0,0,0,0,0,0,0,0,0,0,0,0,0,0,0,0,0,0,0,0,0,0,0,0,0,0,0,0,0,0,0,0,0,0,0,0,0,0,0,0,0,0,0,0,0,0,0,0,0,0,0,0,0,0,0,0,0,0,0,0,0,0,0,0,0,0,0,0,0,0,0,0,0,0,0,0,0,0,0,0,0,0,0,0,0,0,0,0,0,0,0,0,0,0,0,0,0,0,0,0,0,0,0,0,0,0,0,0,0,0,0,0,0,0,0,0,0,0,0,0,0,0,0,0,0,0,0,0,0,0,0,0,0,0,0,0,0,0,0,0,0,0,0,0,0,0,0,0,0,0,0,0,0,0,0,0,0,0,0,0,0,0,0,0,0,0,0,0,0,0,0,0,0,0,0,0,0,0,0,0,0,0,0,0,0,0,0,0,0,0,0,0,0,0,0,0,0,0,0,0,0,0,0,0,0,0,0,0,0,0,0,0,0,0,0,0,0,0,0,0,0,0,0,0,0,0,0,0,0,0,0,0,0,0,0,0,0,0,0,0,0,0,0,0,0,0,0,0,0,0,0,0,0,0,0,0,0,0,0,0,0,0,0,0,0,0,0,0,0,0,0,0,0,0,0,0,0,0,0,0,0,0,0,0,0,0,0,0,0,0,0,0,0,0,0,0,0,0,0,0,0,0,0,0,0,0,0,0,0,0,0,0,0,0,0,0,0,0,0,0,0,0,0,0,0,0,0,0
"arusha/arusha/olorieni",0,0,0,0,0,0,0,0,0,0,0,0,0,0,0,0,0,0,0,0,0,0,0,0,0,0,0,0,0,0,0,0,0,0,0,0,0,0,0,0,0,0,0,0,0,0,0,0,0,0,0,0,0,0,0,0,0,0,0,0,0,0,0,0,0,0,0,0,0,0,0,0,0,0,0,0,0,0,0,0,0,0,0,0,0,0,0,0,0,0,0,0,0,0,0,0,0,0,0,0,0,0,0,0,0,0,0,0,0,0,0,0,0,0,0,0,0,0,0,0,0,0,0,0,0,0,0,0,0,0,0,0,0,0,0,0,0,0,0,0,0,0,0,0,0,0,0,0,0,0,0,0,0,0,0,0,0,0,0,0,0,0,0,0,0,0,0,0,0,0,0,0,0,0,0,0,0,0,0,0,0,0,0,0,0,0,0,0,0,0,0,0,0,0,0,0,0,0,0,0,0,0,0,0,0,0,0,0,0,0,0,0,0,0,0,0,0,0,0,0,0,0,0,0,0,0,0,0,0,0,0,0,0,0,0,0,0,0,0,0,0,0,0,0,0,0,0,0,0,0,0,0,0,0,0,0,0,0,0,0,0,0,0,0,0,0,0,0,0,0,0,0,0,0,0,0,0,0,0,0,0,0,0,0,0,0,0,0,0,0,0,0,0,0,0,0,0,0,0,0,0,0,0,0,0,0,0,0,0,0,0,0,0,0,0,0,0,0,0,0,0,0,0,0,0,0,0,0,0,0,0,0,0,0,0,0,0,0,0,0,0,0,0,0,0,0,0,0,0,0,0,0,0,0,0,0,0,0,0,0,0,0,0,0,0,0,0,0,0,0,0,0,0,0,0,0,0,0,0,0,0,0,0,0,0,0,0,0,0,0,0,0,0,0,0,0,0,0
"arusha/arusha/oltoroto",0,0,0,0,0,0,0,0,0,0,0,0,0,0,0,0,0,0,0,0,0,0,0,0,0,0,0,0,0,0,0,0,0,0,0,0,0,0,0,0,0,0,0,0,0,0,0,0,0,0,0,0,0,0,0,0,0,0,0,0,0,0,0,0,0,0,0,0,0,0,0,0,0,0,0,0,0,0,0,0,0,0,0,0,0,0,0,0,0,0,0,0,0,0,0,0,0,0,0,0,0,0,0,0,0,0,0,0,0,0,0,0,0,0,0,0,0,0,0,0,0,0,0,0,0,0,0,0,0,0,0,0,0,0,0,0,0,0,0,0,0,0,0,0,0,0,0,0,0,0,0,0,0,0,0,0,0,0,0,0,0,0,0,0,0,0,0,0,0,0,0,0,0,0,0,0,0,0,0,0,0,0,0,0,0,0,0,0,0,0,0,0,0,0,0,0,0,0,0,0,0,0,0,0,0,0,0,0,0,0,0,0,0,0,0,0,0,0,0,0,0,0,0,0,0,0,0,0,0,0,0,0,0,0,0,0,0,0,0,0,0,0,0,0,0,0,0,0,0,0,0,0,0,0,0,0,0,0,0,0,0,0,0,0,0,0,0,0,0,0,0,0,0,0,0,0,0,0,0,0,0,0,0,0,0,0,0,0,0,0,0,0,0,0,0,0,0,0,0,0,0,0,0,0,0,0,0,0,0,0,0,0,0,0,0,0,0,0,0,0,0,0,0,0,0,0,0,0,0,0,0,0,0,0,0,0,0,0,0,0,0,0,0,0,0,0,0,0,0,0,0,0,0,0,0,0,0,0,0,0,0,0,0,0,0,0,0,0,0,0,0,0,0,0,0,0,0,0,0,0,0,0,0,0,0,0,0,0,0,0,0,0,0,0,0,0,0,0
"arusha/arusha/oltrumet",0,0,0,0,0,0,0,0,0,0,0,0,0,0,0,0,0,0,0,0,0,0,0,0,0,0,0,0,0,0,0,0,0,0,0,0,0,0,0,0,0,0,0,0,0,0,0,0,0,0,0,0,0,0,0,0,0,0,0,0,0,0,0,0,0,0,0,0,0,0,0,0,0,0,0,0,0,0,0,0,0,0,0,0,0,0,0,0,0,0,0,0,0,0,0,0,0,0,0,0,0,0,0,0,0,0,0,0,0,0,0,0,0,0,0,0,0,0,0,0,0,0,0,0,0,0,0,0,0,0,0,0,0,0,0,0,0,0,0,0,0,0,0,0,0,0,0,0,0,0,0,0,0,0,0,0,0,0,0,0,0,0,0,0,0,0,0,0,0,0,0,0,0,0,0,0,0,0,0,0,0,0,0,0,0,0,0,0,0,0,0,0,0,0,0,0,0,0,0,0,0,0,0,0,0,0,0,0,0,0,0,0,0,0,0,0,0,0,0,0,0,0,0,0,0,0,0,0,0,0,0,0,0,0,0,0,0,0,0,0,0,0,0,0,0,0,0,0,0,0,0,0,0,0,0,0,0,0,0,0,0,0,0,0,0,0,0,0,0,0,0,0,0,0,0,0,0,0,0,0,0,0,0,0,0,0,0,0,0,0,0,0,0,0,0,0,0,0,0,0,0,0,0,0,0,0,0,0,0,0,0,0,0,0,0,0,0,0,0,0,0,0,0,0,0,0,0,0,0,0,0,0,0,0,0,0,0,0,0,0,0,0,0,0,0,0,0,0,0,0,0,0,0,0,0,0,0,0,0,0,0,0,0,0,0,0,0,0,0,0,0,0,0,0,0,0,0,0,0,0,0,0,0,0,0,0,0,0,0,0,0,0,0,0,0,0,0,0
"arusha/longido/orbomba",4e-05,4e-06,3e-06,2.3e-05,0,8.9e-05,0,0,0,2.8e-05,0,0,3.7e-05,0.000438,6e-06,0,0,1e-06,0,0,1e-06,5.2e-05,0,3e-06,1e-06,1e-06,0,0,0,1e-06,7.3e-05,0,0,1e-06,2e-06,0,3.9e-05,6e-06,1e-06,4.6e-05,0,0,1.6e-05,5e-06,2e-06,0,3.5e-05,0.010042,0.000125,1e-06,0,1e-06,1e-06,0,5e-06,0,3e-06,0,1.6e-05,0.000236,0.000942,0.000233,0.002496,1e-06,0,0.000219,0.000129,0,1e-05,2.8e-05,1e-06,0,1.6e-05,3e-06,0,0.000391,2.5e-05,0,0,0,0,0,0,0,0,0,0.001201,0,4e-06,8.5e-05,0,0,0.000626,0.000372,1.7e-05,1.1e-05,0.000136,1e-06,0.000278,6.9e-05,0,0,1.7e-05,6.7e-05,1.3e-05,0.001604,0,9.5e-05,0.000119,8.4e-05,9.3e-05,0.000313,3e-06,2e-06,4e-06,3e-06,0.000373,0,0.000486,6.9e-05,3.7e-05,0.001222,1e-06,5e-06,0,7e-06,1.4e-05,0.0024,0.000113,3e-06,2e-06,7.6e-05,0.000116,2.1e-05,0,0.000239,1.7e-05,5.6e-05,0.030931,0.000175,0.000106,0,8.9e-05,1.6e-05,6e-06,6.3e-05,0,0.000173,0.000171,4.9e-05,3e-06,1e-06,4e-06,1e-06,3.5e-05,0.001949,1.3e-05,0.000114,2e-06,0.007236,1.5e-05,0.000114,1e-06,3e-06,0,0,1.9e-05,8.4e-05,0.000386,7e-06,5e-06,0.000326,0.007051,1.5e-05,3.9e-05,1.5e-05,0.000203,0.000406,0.000158,8e-06,0,5e-06,4.6e-05,1.9e-05,0.001533,0.019251,4e-06,6e-06,0.000651,0.000226,3.5e-05,1e-06,5e-06,0,2.4e-05,1e-06,2e-06,0,0.000168,1e-06,0.000894,4e-06,2.8e-05,2e-06,0.000231,4.2e-05,0.001052,0.00015,5.6e-05,3e-06,3e-06,1e-06,0.00036,1e-06,0,8e-06,0,0.00203,1.9e-05,0.000109,0,3e-06,0,7e-06,0.000803,2.4e-05,0.001488,6e-06,1e-06,0,0,0,0.001953,0.000607,2e-06,0,4e-06,7.5e-05,5.1e-05,2e-06,4e-05,0.002374,1e-06,0.001173,0,3e-06,9e-06,0.000263,0,1.7e-05,0.002535,0.004799,6e-06,0.000534,0.000247,1.4e-05,3e-06,7e-06,2e-06,1e-06,0,3.2e-05,0,0,9.5e-05,0.000126,0,0.000804,0,6e-06,0.001008,0.000187,1e-06,0,0.001021,6e-06,1.6e-05,4.1e-05,0,1e-05,1.4e-05,2e-06,0.069257,0,0,0,0,1e-05,0,7e-06,2e-06,0.000148,1e-06,0.00116,3.5e-05,0.000236,0.002172,1.2e-05,2.7e-05,1.8e-05,1e-06,0,2e-06,1e-05,0,0.000118,5.9e-05,9e-06,5e-06,5e-06,0.000563,1.6e-05,1e-06,2e-06,2.5e-05,0,5e-06,0.006384,0.00084,0.000399,2.8e-05,0.001596,0.000121,0.001935,0.007615,5.8e-05,9e-05,1.8e-05,6e-06,0.000176,0.000289,0.000127,0,0.000232,3.4e-05,0,1.2e-05,2.2e-05,0.001795,1e-06,0,2e-06,1e-06,0,7.2e-05,9e-06,2.6e-05,0.000513,6.5e-05,3.3e-05,0,0.000466,2.4e-05,0.002933,0.000163,0.000137,9e-05,6e-06,5e-06,3.7e-05,0,0,0,0,4e-06,0.002161,0.000434,0.001061,1e-06,0.000301,1.4e-05,0,1e-06,1e-06,9e-06,7.4e-05,1.7e-05,4e-06,0.011612,0,0,0,0.001799,1e-06,0,4.8e-05,4e-06,0.000409,7.2e-05,3e-06,0.000705,3e-06,1e-06,1e-06,0,0,0,0
"arusha/ngorongoro/orgosorok",3e-06,6e-06,0,0.000194,0,1.5e-05,0,0,0,1.9e-05,0,0,3e-06,3.6e-05,7e-06,0,0,0,0,0,0,2e-06,0,0,0,0,0,0,0,0,1.5e-05,0,0,0,2e-06,0,3e-06,4e-06,0,0.003348,0,0,9e-06,3e-06,1e-06,0,4e-06,0.000859,4.1e-05,0,0,1e-06,0,0,3e-06,0,0,0,7e-06,0.000348,5e-05,6.5e-05,3.7e-05,1e-06,2.4e-05,2.2e-05,1.3e-05,0,4e-06,1.1e-05,0,0,1e-06,2e-06,0,0.000155,1.6e-05,0,0,0,0,0,0,0,0,0,0.000124,0,3e-06,3e-05,0,0,0.000126,2.2e-05,3e-06,9e-06,9e-06,0,5e-05,1.3e-05,0,0,9e-06,6e-06,2e-06,0.000126,0,1.2e-05,6e-06,4.4e-05,7e-06,4.4e-05,2e-06,0,1e-06,0,4.1e-05,0,6.6e-05,7e-06,3e-06,0.000134,0,1e-06,0,3e-06,6e-06,0.000144,1.2e-05,0,0,9e-06,2.4e-05,3e-06,0,2e-05,1e-06,8e-06,0.000528,2e-05,9e-06,0,7e-06,2e-06,1e-06,1.8e-05,0,2.8e-05,2.5e-05,8e-06,0,0,1e-06,0,1.6e-05,0.000206,1e-06,6e-06,1e-06,0.00095,4e-06,2.2e-05,0,1e-06,0,0,4e-06,5e-06,3.7e-05,2e-06,2e-06,4.9e-05,0.000596,6e-06,2e-06,5e-06,4.2e-05,1e-06,1.9e-05,5e-06,0,0.000158,2.3e-05,3e-06,0.00014,0.003557,0,1e-06,6.6e-05,2.1e-05,5e-06,1e-06,2e-06,0,9e-06,0,0,0,2.2e-05,0,6.9e-05,2e-06,9e-06,0,3.7e-05,3e-06,0.000202,3.1e-05,0.000262,1e-06,0,0,7.1e-05,0,0,4e-06,0,0.000359,3e-06,1.8e-05,0,0,0,1e-06,7.5e-05,2e-06,0.000122,1e-06,1e-06,0,0,0,0.001314,6.8e-05,1e-06,0,1e-06,7e-06,1.9e-05,0,6e-06,0.000735,0,0.000262,0,0,1e-06,2.6e-05,0,3e-06,0.000201,0.00025,1e-06,4.9e-05,2.3e-05,7e-06,1e-06,2e-06,0,0,0,4e-06,0,0,3.4e-05,9e-06,0,7.3e-05,0,3e-06,7e-05,4.4e-05,0,0,0.000186,1e-06,8e-06,1e-05,0,9e-06,2e-06,2e-06,0.002146,0,0,0,0,1e-06,0,0,1e-06,7e-06,1e-06,0.000128,5e-06,1.2e-05,6.6e-05,1e-06,7e-06,2.3e-05,0,0,0,3e-06,0,4e-05,5e-06,1e-06,0,1e-06,3.8e-05,2.7e-05,1e-06,0,3e-06,0,9.4e-05,0.00015,0.000127,4e-05,5e-06,9.1e-05,1e-05,8.2e-05,0.000384,0.002258,0.006601,2e-06,0.000208,1.4e-05,2.2e-05,9e-06,0.001227,0,1.1e-05,0,2e-06,8.8e-05,0.000141,0,0,0,0,0,2.8e-05,5e-06,0.000601,2.8e-05,2.4e-05,0.002592,0,2.9e-05,2e-06,0.000243,3.3e-05,2.2e-05,1.2e-05,1e-06,1e-06,5e-06,0,0,0,0,0.000239,0.000165,2.9e-05,9.6e-05,0,1.9e-05,2e-06,0,0,1e-06,1e-06,9e-06,3e-06,0,0.000134,0,0,0,0.000266,1e-06,0,4e-06,0,4.9e-05,9e-06,0,6e-05,0,0,0,0,0,0,0
"manyara/simanjiro/orkesmet",0.000258,2e-05,4.9e-05,0.000164,6e-06,0.003412,2e-06,2e-06,6e-06,0.001377,2.2e-05,4e-06,0.000168,0.002695,0.000139,7e-06,6e-06,2.9e-05,5e-06,1.9e-05,0.000158,0.000235,6e-06,4.8e-05,0.000143,1.4e-05,1e-05,5e-06,1.3e-05,0.000255,0.001401,5.8e-05,9.6e-05,7.5e-05,2.9e-05,1.2e-05,0.00024,0.000268,1.6e-05,0.000198,5e-06,4e-06,0.002571,0.000167,0.000361,6e-06,4.3e-05,0.052207,0.008383,1e-05,5e-06,7e-06,8e-06,5e-06,0.000235,3e-06,8.2e-05,2e-05,0.228444,0.003079,0.000351,0.000577,0.000625,0.000193,0,0.001841,0.000474,3e-06,0.000103,0.002244,5e-06,1e-06,4.9e-05,6.8e-05,2e-05,0.000464,4.6e-05,2e-06,3e-06,3e-06,2e-06,2.7e-05,4e-06,7e-06,1.1e-05,3e-06,0.014829,3e-06,0.00014,0.039908,2e-06,5e-06,0.017067,0.001149,2.1e-05,0.000263,0.000638,3.4e-05,0.010815,0.002493,4e-06,5e-06,0.003968,0.00036,0.000245,0.004582,5e-06,0.001462,0.000312,0.000871,0.000456,0.003505,0.000127,9e-06,5.8e-05,4.7e-05,0.005713,5.6e-05,0.008348,0.000576,0.000314,0.011298,9.3e-05,0.000393,4.2e-05,0.002014,0.004724,0.020036,0.00142,5e-05,4.4e-05,0.001916,0.005154,0.000335,3.6e-05,0.00141,6.7e-05,0.000998,0.005052,0.002155,0.000811,0.000141,0.000441,0.000197,7.2e-05,0.005768,1.1e-05,0.004146,0.002893,0.001066,3.7e-05,0.000144,6.2e-05,0.000267,0.005564,0.010487,0.000149,6.3e-05,0.003997,0.113414,0.000806,0.015172,2.2e-05,0.00033,4e-06,5e-06,0.001513,0.000329,0.002855,0.000761,0.001251,0.001985,0.03803,0.022623,0.00015,0.004264,0.006267,1.4e-05,0.002298,0.004028,7e-05,3.3e-05,0.02866,0.000514,0.011253,0.238536,1.9e-05,4.1e-05,0.0064,0.001785,0.000712,4.8e-05,9.3e-05,7e-06,0.000947,9.8e-05,5.3e-05,7e-06,0.002855,4e-06,0.005959,0.00191,0.016548,3.9e-05,0.003473,0.000207,0.030557,0.001572,0.000334,6e-05,5.7e-05,3.2e-05,0.008412,2.2e-05,3e-06,0.001553,3e-06,0.028055,0.00031,0.002065,6e-06,3.4e-05,4e-06,4.2e-05,0.007589,0.000146,0.009109,0.000124,1.9e-05,3e-06,3e-06,5e-06,0.002278,0.004866,0.000254,4e-06,6e-05,0.001621,0.000293,4.1e-05,0.001182,0.032281,2.3e-05,0.172693,0.000114,4.6e-05,0.00016,0.002486,6e-06,0.000234,0.012602,0.007651,2.2e-05,0.004044,0.00119,0.004866,5e-05,0.000477,3.8e-05,0.000141,0.000103,0.002073,7e-06,0.000127,0.000872,4.5e-05,6e-06,0.003191,4e-06,0.000187,0.002698,0.013648,7.4e-05,0.000213,0.023496,0.000111,0.005111,0.038286,6e-06,5.9e-05,0.00071,6e-06,0.019995,1.4e-05,8.5e-05,1.4e-05,2e-06,9.2e-05,8e-06,3e-05,0.000999,0.00028,0.000356,0.015157,0.000648,0.000586,0.004392,6.6e-05,0.006473,0.000183,2e-05,3.5e-05,4.3e-05,0.002433,0.000103,0.002655,0.00033,4.8e-05,2.6e-05,4e-05,0.00353,0.000137,0.000181,4e-05,0.000387,4e-06,1.9e-05,0.007452,0.009721,0.006628,0.00095,0.003557,0.000966,0.002379,0.027656,0.000431,0.000545,0.000114,4.9e-05,0.000791,0.001337,0.000455,0.021845,0.001302,0,0.000119,0.000228,5.9e-05,0.011207,6.2e-05,5e-06,3.5e-05,6e-06,1e-05,0.054426,0.006313,0.000116,0.001305,0.019658,0.000163,2e-06,0.001872,0.000138,0.016205,0.000738,0.000883,0.007271,0.000468,7.9e-05,0.000634,7e-06,5e-06,7e-06,3e-06,3.3e-05,0.010821,0.003115,0.006471,8.4e-05,0.001175,0.000238,7.2e-05,0.000217,0.000241,6.9e-05,0.000813,0.00113,2.6e-05,0.004189,3e-06,4.9e-05,4e-06,0.018327,4.7e-05,2e-06,0.000283,4.2e-05,0.005319,0.000963,3.1e-05,0.005572,3.4e-05,0.000171,0.00028,4.5e-05,6.9e-05,5e-06,3e-06
"manyara/kiteto/partimbo",0.000621,0.000119,0.000115,0.001074,5.3e-05,0.005002,1.4e-05,1.8e-05,6.1e-05,0.011805,0.000207,6e-05,0.00044,0.006742,0.001163,5e-05,5.6e-05,0.000298,5.5e-05,0.000215,0.000297,0.000576,6.7e-05,8.9e-05,0.000197,2.7e-05,0.000104,3.4e-05,0.02178,0.00033,0.002718,0.016548,0.000116,9.5e-05,0.000198,0.000129,0.000625,0.002673,0.00012,0.001205,4.3e-05,6.5e-05,0.215321,0.001543,0.076776,6.4e-05,0.00019,0.132797,0.025522,6.7e-05,3.8e-05,4.9e-05,4.7e-05,5.1e-05,0.00279,3.3e-05,0.000129,0.000129,0.015324,0.02212,0.00165,0.00293,0.002369,0.062733,1e-06,0.004466,0.001622,3e-05,0.000534,0.015236,3.3e-05,1e-05,0.000132,0.000479,0.000262,0.002409,0.000241,2.9e-05,3.3e-05,3.4e-05,2.6e-05,0.000322,3.5e-05,0.000112,0.000126,2.6e-05,0.028693,3.5e-05,0.001436,0.049366,3.2e-05,5.3e-05,0.034336,0.003208,0.000103,0.002017,0.001591,5.3e-05,0.016498,0.004145,3e-05,4.1e-05,0.007477,0.000955,0.000457,0.014989,3.6e-05,0.002859,0.000839,0.005261,0.001133,0.008858,0.001678,2.3e-05,0.000139,0.000107,0.010417,0.07024,0.016367,0.001376,0.000724,0.026266,0.000134,0.000527,6e-05,0.003435,0.256409,0.04213,0.002871,0.00011,9.3e-05,0.003674,0.008228,0.000658,4.3e-05,0.003603,0.000188,0.001997,0.021364,0.004464,0.001762,0.000198,0.0012,0.000417,0.000192,0.007721,9e-05,0.007683,0.00606,0.002107,9.3e-05,0.00013,0.00016,0.000245,0.00949,0.031658,0.00041,0.000286,0.007284,0.202731,0.001285,0.023778,4.1e-05,0.00041,4.7e-05,7.2e-05,0.001797,0.000824,0.00714,0.000854,0.086382,0.00819,0.096691,0.00672,0.000391,0.01444,0.021955,5.7e-05,0.004622,0.083751,0.000101,0.000215,0.031796,0.000862,0.026157,0.392868,5.1e-05,0.000102,0.013815,0.004042,0.001259,0.000452,0.000604,6.5e-05,0.006131,0.017468,0.000114,5.7e-05,0.005556,2.3e-05,0.013482,0.0186,0.014582,7e-05,0.008186,0.000496,0.056385,0.006819,0.002114,0.000133,0.00012,0.000197,0.018309,5.1e-05,2e-05,0.002811,2e-05,0.071807,0.000684,0.004394,6.1e-05,6.9e-05,4.2e-05,9.8e-05,0.015937,0.000345,0.021779,0.000215,0.000145,3.9e-05,2.9e-05,4.5e-05,0.011846,0.013109,0.053393,7e-06,0.000127,0.002844,0.00158,9.3e-05,0.001834,0.099981,4.4e-05,0.179746,0.000128,8.8e-05,0.000309,0.005646,7.5e-05,0.000609,0.033225,0.028557,7.5e-05,0.009776,0.003506,0.006534,0.000125,0.000687,7.2e-05,0.000169,0.000133,0.002466,3.3e-05,0.000181,0.004765,0.000213,5e-05,0.010062,3.5e-05,0.001095,0.00861,0.017774,0.000114,0.000185,0.047655,0.000247,0.007671,0.017712,4.3e-05,0.000338,0.000892,3.6e-05,0.082523,0.000113,0.055868,0.000123,3.3e-05,0.00025,8.2e-05,7.5e-05,0.034843,0.000853,0.000571,0.031074,0.001254,0.001656,0.012362,0.000177,0.004622,0.001208,4.6e-05,4.3e-05,8.3e-05,0.002158,0.045601,0.014526,0.000828,0.000114,6.6e-05,9.6e-05,0.009637,0.000904,0.025961,7.3e-05,0.000809,2.7e-05,0.000114,0.023017,0.02507,0.014989,0.001928,0.011037,0.002089,0.008081,0.076448,0.002828,0.00347,0.000289,0.00033,0.002227,0.003568,0.001354,0.083709,0.008134,0.036513,0,0.000423,0.000338,0.026406,0.000499,3e-05,7e-05,3.3e-05,1e-04,0.029058,0.010266,0.000712,0.003814,0.017039,0.00101,1.7e-05,0.004708,0.000336,0.041645,0.003472,0.003145,0.008615,0.000627,0.000188,0.001198,6e-05,6.6e-05,7e-05,4.8e-05,0.000215,0.027852,0.007942,0.017076,0.017889,0.003019,0.000456,5.5e-05,0.000255,0.023622,0.000194,0.00194,0.002385,6.6e-05,0.014864,2.4e-05,7e-05,4e-05,0.048798,0.000496,1.5e-05,0.000747,9.7e-05,0.011125,0.002082,6.8e-05,0.012436,8.2e-05,0.000189,0.000388,5e-05,0.000111,3.9e-05,2.8e-05
"kilimanjaro/moshimunicipal/pasua",0,0,0,0,0,0,0,0,0,0,0,0,0,0,0,0,0,0,0,0,0,0,0,0,0,0,0,0,0,0,0,0,0,0,0,0,0,0,0,0,0,0,0,0,0,0,0,0,0,0,0,0,0,0,0,0,0,0,0,0,0,0,0,0,0,0,0,0,0,0,0,0,0,0,0,0,0,0,0,0,0,0,0,0,0,0,0,0,0,0,0,0,0,0,0,0,0,0,0,0,0,0,0,0,0,0,0,0,0,0,0,0,0,0,0,0,0,0,0,0,0,0,0,0,0,0,0,0,0,0,0,0,0,0,0,0,0,0,0,0,0,0,0,0,0,0,0,0,0,0,0,0,0,0,0,0,0,0,0,0,0,0,0,0,0,0,0,0,0,0,0,0,0,0,0,0,0,0,0,0,0,0,0,0,0,0,0,0,0,0,0,0,0,0,0,0,0,0,0,0,0,0,0,0,0,0,0,0,0,0,0,0,0,0,0,0,0,0,0,0,0,0,0,0,0,0,0,0,0,0,0,0,0,0,0,0,0,0,0,0,0,0,0,0,0,0,0,0,0,0,0,0,0,0,0,0,0,0,0,0,0,0,0,0,0,0,0,0,0,0,0,0,0,0,0,0,0,0,0,0,0,0,0,0,0,0,0,0,0,0,0,0,0,0,0,0,0,0,0,0,0,0,0,0,0,0,0,0,0,0,0,0,0,0,0,0,0,0,0,0,0,0,0,0,0,0,0,0,0,0,0,0,0,0,0,0,0,0,0,0,0,0,0,0,0,0,0,0,0,0,0,0,0,0,0,0,0,0,0,0,0,0,0,0,0,0,0,0,0,0,0,0,0,0,0,0,0,0,0,0,0,0,0,0,0,0,0,0,0,0,0,0,0,0,0,0,0,0
"arusha/ngorongoro/pinyinyi",7e-06,2.4e-05,1e-06,2e-04,0,2.5e-05,0,0,0,3.1e-05,1e-06,0,6e-06,8.6e-05,1.2e-05,0,0,1e-06,0,0,0,5e-06,0,1e-06,0,0,0,0,0,0,3.1e-05,0,0,0,4e-06,0,8e-06,6e-06,1e-06,0.000926,0,0,1.1e-05,5e-06,2e-06,0,1.8e-05,0.002128,7.8e-05,1e-06,0,1e-06,1e-06,0,4e-06,0,1e-06,0,1.1e-05,0.000586,0.000167,0.000322,0.000118,1e-06,0,5e-05,3.8e-05,0,1.1e-05,1.8e-05,1e-06,0,2e-06,4e-06,0,0.001296,0.000145,0,0,0,0,0,0,0,0,0,0.000237,0,5e-06,4.1e-05,0,0,0.000199,5.5e-05,1.9e-05,1.6e-05,1.9e-05,0,8.3e-05,2.1e-05,0,1e-06,1.2e-05,1.3e-05,3e-06,0.000235,0,2.1e-05,1.3e-05,0.000114,1.3e-05,7.4e-05,2e-06,0,1e-06,1e-06,7.9e-05,0,0.000115,1.3e-05,5e-06,0.000239,1e-06,2e-06,0,5e-06,9e-06,0.000304,2.5e-05,1e-06,1e-06,1.5e-05,3.9e-05,5e-06,0,4.8e-05,3e-06,1.4e-05,0.001464,3.6e-05,1.8e-05,0,1.8e-05,3e-06,2e-06,2.7e-05,0,4.7e-05,4.2e-05,1.3e-05,1e-06,0,1e-06,0,2.2e-05,0.000544,2e-06,2.9e-05,2e-06,0.001669,6e-06,4e-05,0,1e-06,0,0,7e-06,1.1e-05,8.6e-05,3e-06,3e-06,0.000145,0.001459,8e-06,5e-06,8e-06,8.9e-05,3e-06,3.5e-05,7e-06,0,7.7e-05,3.2e-05,5e-06,0.000263,0.006456,1e-06,1e-06,0.000123,3.9e-05,8e-06,2e-06,4e-06,0,1.7e-05,1e-06,1e-06,0,3.9e-05,1e-06,0.000152,3e-06,1.3e-05,1e-06,6e-05,6e-06,0.000323,8.1e-05,0.000683,1e-06,1e-06,0,0.000112,0,0,5e-06,0,0.00057,5e-06,2.9e-05,0,1e-06,0,1e-06,0.000145,4e-06,0.000236,1e-06,2e-06,0,0,0,0.005689,0.000166,2e-06,0,1e-06,1.4e-05,6.5e-05,1e-06,1.1e-05,0.001768,0,0.000392,0,1e-06,2e-06,5.8e-05,0,6e-06,0.000495,0.000829,2e-06,0.000114,4.2e-05,1e-05,1e-06,3e-06,0,0,0,7e-06,0,0,9.6e-05,3.8e-05,0,0.000201,0,6e-06,0.000198,6.9e-05,0,0,0.000299,2e-06,1.1e-05,1.6e-05,0,3.1e-05,4e-06,9e-06,0.00552,1e-06,0,0,0,2e-06,0,1e-06,1e-06,1.5e-05,1e-06,0.000275,8e-06,2.6e-05,0.000161,3e-06,1.1e-05,5.6e-05,0,0,1e-06,5e-06,0,8.5e-05,1.1e-05,1e-06,1e-06,1e-06,9.5e-05,6.1e-05,1e-06,0,6e-06,1e-06,8.4e-05,0.000399,0.000208,8.7e-05,1.1e-05,0.00025,2e-05,0.000174,0.00099,0.000431,0.000927,4e-06,3.8e-05,3.6e-05,5.3e-05,2.5e-05,0.003757,0.002902,1.6e-05,0,3e-06,0,0.000322,1e-06,1e-06,1e-06,1e-06,0,4.2e-05,7e-06,0.000919,7.4e-05,3.5e-05,0.000708,0,6.1e-05,4e-06,0.00059,0.000113,6e-05,2.3e-05,2e-06,1e-06,8e-06,0,0,0,0,3.5e-05,0.000399,7e-05,0.000235,1e-06,4.4e-05,3e-06,0,0,1e-06,2e-06,1.9e-05,6e-06,1e-06,0.00033,0,0,0,0.000436,2e-06,0,1e-05,1e-06,8.7e-05,1.6e-05,1e-06,0.000133,1e-06,0,1e-06,0,0,0,0
"arusha/meru/poli",0.002079,1e-06,2e-06,3e-06,0,0.000119,0,0,0,1.6e-05,0,0,0.000457,0.006372,2e-06,0,0,0,0,0,0,5.6e-05,0,3e-06,0,1e-06,0,0,0,0,0.000658,0,0,1e-06,1e-06,0,0.000274,2e-06,0,6e-06,0,0,5e-06,2e-06,1e-06,0,5e-06,0.046066,0.000141,0,0,0,0,0,2e-06,0,1.1e-05,0,1.4e-05,4.5e-05,1.8e-05,2.7e-05,0.000128,1e-06,0,0.001863,0.000106,0,4e-06,1.4e-05,0,0,1.3e-05,1e-06,0,1.8e-05,3e-06,0,0,0,0,0,0,0,0,0,0.002332,0,1e-06,3.7e-05,0,0,0.000436,0.001577,2e-06,5e-06,0.00013,0,0.000307,6.4e-05,0,0,1e-05,0.000426,1.4e-05,0.000367,0,0.000107,0.000162,2e-05,8.6e-05,0.000167,1e-06,1e-05,2e-06,2e-06,0.001006,0,0.000466,4.9e-05,2.2e-05,0.000882,1e-06,4e-06,0,4e-06,5e-06,0.012194,0.001351,2e-06,2e-06,4.4e-05,0.000104,2.3e-05,0,0.002469,6.9e-05,4.9e-05,0.00048,0.000189,0.000415,0,0.000437,1.6e-05,3e-06,5.3e-05,0,0.000158,0.000134,4e-05,2e-06,1e-06,2e-06,1e-06,2.1e-05,0.003087,4e-06,4e-06,1e-06,0.007839,1.3e-05,0.000124,1e-06,2e-06,0,0,2.1e-05,0.000253,0.002956,6e-06,2e-06,0.000122,0.040935,1.4e-05,2.8e-05,1e-05,0.000146,2e-06,0.000164,4e-06,0,1e-06,2.9e-05,2.2e-05,0.001336,0.039295,2e-06,4e-06,0.000701,0.000239,5e-05,1e-06,1e-06,0,1e-05,0,2e-06,0,0.000172,0,0.012332,3e-06,1.4e-05,1.1e-05,0.000138,8.3e-05,0.00083,6.4e-05,1e-05,2e-06,2e-06,0,0.00023,1e-06,0,4e-06,0,0.000988,1.3e-05,7.8e-05,0,2.6e-05,0,7e-06,0.001253,2.8e-05,0.00131,1e-05,0,0,0,0,0.000114,0.001812,1e-06,0,3e-06,3e-04,1e-05,1e-06,0.000152,0.004309,1e-06,0.000716,0,3e-06,9e-06,0.003944,0,4.1e-05,0.015891,0.001049,5e-06,0.006731,8.9e-05,9e-06,2e-06,6e-06,2e-06,0,0,3.4e-05,0,0,2.5e-05,4e-06,0,0.001035,0,4e-06,0.001083,0.000185,1e-06,0,0.000728,4e-06,9e-06,3.6e-05,0,2e-06,2.9e-05,0,0.001717,0,0,0,0,5e-06,0,8e-06,1e-06,4.3e-05,1e-06,0.012046,3.4e-05,0.000117,0.002443,6.7e-05,3.3e-05,5e-06,1e-06,0,3e-06,8e-06,0,4.9e-05,0.001409,0.000339,0.000146,4e-06,0.001366,3e-06,0,2e-06,2.1e-05,0,0,0.002786,0.000421,0.001011,6.9e-05,0.00193,0.000259,0.000281,0.016357,7e-06,9e-06,0.000178,1e-06,0.000605,0.002157,0.000266,0.002179,3.2e-05,2.1e-05,0,1.4e-05,2e-06,0,0,0,2e-06,0,0,6e-05,5e-06,3e-06,0.001183,5.3e-05,4e-06,0,0.000562,0.002478,0.022034,3.7e-05,0.000114,0.000153,5e-06,3e-06,4.3e-05,0,0,0,0,1e-06,0.023099,0.001889,0.0053,0,0.003173,1.6e-05,0,0,0,4e-06,0.000385,1.9e-05,3.4e-05,0.000472,0,0,0,0.000826,1e-06,0,0.000289,3e-06,0.000385,5.8e-05,2e-06,0.027785,2e-06,0,1e-06,0,0,0,0
"manyara/babati/qashi",0,0,0,0,0,0,0,0,0,0,0,0,0,0,0,0,0,0,0,0,0,0,0,0,0,0,0,0,0,0,0,0,0,0,0,0,0,0,0,0,0,0,0,0,0,0,0,0,0,0,0,0,0,0,0,0,0,0,0,0,0,0,0,0,0,0,0,0,0,0,0,0,0,0,0,0,0,0,0,0,0,0,0,0,0,0,0,0,0,0,0,0,0,0,0,0,0,0,0,0,0,0,0,0,0,0,0,0,0,0,0,0,0,0,0,0,0,0,0,0,0,0,0,0,0,0,0,0,0,0,0,0,0,0,0,0,0,0,0,0,0,0,0,0,0,0,0,0,0,0,0,0,0,0,0,0,0,0,0,0,0,0,0,0,0,0,0,0,0,0,0,0,0,0,0,0,0,0,0,0,0,0,0,0,0,0,0,0,0,0,0,0,0,0,0,0,0,0,0,0,0,0,0,0,0,0,0,0,0,0,0,0,0,0,0,0,0,0,0,0,0,0,0,0,0,0,0,0,0,0,0,0,0,0,0,0,0,0,0,0,0,0,0,0,0,0,0,0,0,0,0,0,0,0,0,0,0,0,0,0,0,0,0,0,0,0,0,0,0,0,0,0,0,0,0,0,0,0,0,0,0,0,0,0,0,0,0,0,0,0,0,0,0,0,0,0,0,0,0,0,0,0,0,0,0,0,0,0,0,0,0,0,0,0,0,0,0,0,0,0,0,0,0,0,0,0,0,0,0,0,0,0,0,0,0,0,0,0,0,0,0,0,0,0,0,0,0,0,0,0,0,0,0,0,0,0,0,0,0,0,0,0,0,0,0,0,0,0,0,0,0,0,0,0,0,0,0,0,0,0,0,0,0,0,0,0,0,0,0,0,0,0,0,0,0,0,0,0
"arusha/karatu/qurus",0,0,0,0,0,0,0,0,0,0,0,0,0,0,0,0,0,0,0,0,0,0,0,0,0,0,0,0,0,0,0,0,0,0,0,0,0,0,0,0,0,0,0,0,0,0,0,0,0,0,0,0,0,0,0,0,0,0,0,0,0,0,0,0,0,0,0,0,0,0,0,0,0,0,0,0,0,0,0,0,0,0,0,0,0,0,0,0,0,0,0,0,0,0,0,0,0,0,0,0,0,0,0,0,0,0,0,0,0,0,0,0,0,0,0,0,0,0,0,0,0,0,0,0,0,0,0,0,0,0,0,0,0,0,0,0,0,0,0,0,0,0,0,0,0,0,0,0,0,0,0,0,0,0,0,0,0,0,0,0,0,0,0,0,0,0,0,0,0,0,0,0,0,0,0,0,0,0,0,0,0,0,0,0,0,0,0,0,0,0,0,0,0,0,0,0,0,0,0,0,0,0,0,0,0,0,0,0,0,0,0,0,0,0,0,0,0,0,0,0,0,0,0,0,0,0,0,0,0,0,0,0,0,0,0,0,0,0,0,0,0,0,0,0,0,0,0,0,0,0,0,0,0,0,0,0,0,0,0,0,0,0,0,0,0,0,0,0,0,0,0,0,0,0,0,0,0,0,0,0,0,0,0,0,0,0,0,0,0,0,0,0,0,0,0,0,0,0,0,0,0,0,0,0,0,0,0,0,0,0,0,0,0,0,0,0,0,0,0,0,0,0,0,0,0,0,0,0,0,0,0,0,0,0,0,0,0,0,0,0,0,0,0,0,0,0,0,0,0,0,0,0,0,0,0,0,0,0,0,0,0,0,0,0,0,0,0,0,0,0,0,0,0,0,0,0,0,0,0,0,0,0,0,0,0,0,0,0,0,0,0,0,0,0,0,0,0,0
"kilimanjaro/moshimunicipal/rau",0,0,0,0,0,0,0,0,0,0,0,0,0,0,0,0,0,0,0,0,0,0,0,0,0,0,0,0,0,0,0,0,0,0,0,0,0,0,0,0,0,0,0,0,0,0,0,0,0,0,0,0,0,0,0,0,0,0,0,0,0,0,0,0,0,0,0,0,0,0,0,0,0,0,0,0,0,0,0,0,0,0,0,0,0,0,0,0,0,0,0,0,0,0,0,0,0,0,0,0,0,0,0,0,0,0,0,0,0,0,0,0,0,0,0,0,0,0,0,0,0,0,0,0,0,0,0,0,0,0,0,0,0,0,0,0,0,0,0,0,0,0,0,0,0,0,0,0,0,0,0,0,0,0,0,0,0,0,0,0,0,0,0,0,0,0,0,0,0,0,0,0,0,0,0,0,0,0,0,0,0,0,0,0,0,0,0,0,0,0,0,0,0,0,0,0,0,0,0,0,0,0,0,0,0,0,0,0,0,0,0,0,0,0,0,0,0,0,0,0,0,0,0,0,0,0,0,0,0,0,0,0,0,0,0,0,0,0,0,0,0,0,0,0,0,0,0,0,0,0,0,0,0,0,0,0,0,0,0,0,0,0,0,0,0,0,0,0,0,0,0,0,0,0,0,0,0,0,0,0,0,0,0,0,0,0,0,0,0,0,0,0,0,0,0,0,0,0,0,0,0,0,0,0,0,0,0,0,0,0,0,0,0,0,0,0,0,0,0,0,0,0,0,0,0,0,0,0,0,0,0,0,0,0,0,0,0,0,0,0,0,0,0,0,0,0,0,0,0,0,0,0,0,0,0,0,0,0,0,0,0,0,0,0,0,0,0,0,0,0,0,0,0,0,0,0,0,0,0,0,0,0,0,0,0,0,0,0,0,0,0,0,0,0,0,0,0,0
"arusha/karatu/rhotia",0,0,0,0,0,0,0,0,0,0,0,0,0,0,0,0,0,0,0,0,0,0,0,0,0,0,0,0,0,0,0,0,0,0,0,0,0,0,0,0,0,0,0,0,0,0,0,0,0,0,0,0,0,0,0,0,0,0,0,0,0,0,0,0,0,0,0,0,0,0,0,0,0,0,0,0,0,0,0,0,0,0,0,0,0,0,0,0,0,0,0,0,0,0,0,0,0,0,0,0,0,0,0,0,0,0,0,0,0,0,0,0,0,0,0,0,0,0,0,0,0,0,0,0,0,0,0,0,0,0,0,0,0,0,0,0,0,0,0,0,0,0,0,0,0,0,0,0,0,0,0,0,0,0,0,0,0,0,0,0,0,0,0,0,0,0,0,0,0,0,0,0,0,0,0,0,0,0,0,0,0,0,0,0,0,0,0,0,0,0,0,0,0,0,0,0,0,0,0,0,0,0,0,0,0,0,0,0,0,0,0,0,0,0,0,0,0,0,0,0,0,0,0,0,0,0,0,0,0,0,0,0,0,0,0,0,0,0,0,0,0,0,0,0,0,0,0,0,0,0,0,0,0,0,0,0,0,0,0,0,0,0,0,0,0,0,0,0,0,0,0,0,0,0,0,0,0,0,0,0,0,0,0,0,0,0,0,0,0,0,0,0,0,0,0,0,0,0,0,0,0,0,0,0,0,0,0,0,0,0,0,0,0,0,0,0,0,0,0,0,0,0,0,0,0,0,0,0,0,0,0,0,0,0,0,0,0,0,0,0,0,0,0,0,0,0,0,0,0,0,0,0,0,0,0,0,0,0,0,0,0,0,0,0,0,0,0,0,0,0,0,0,0,0,0,0,0,0,0,0,0,0,0,0,0,0,0,0,0,0,0,0,0,0,0,0,0,0
"manyara/babati/riroda",0,0,0,0,0,0,0,0,0,0,0,0,0,0,0,0,0,0,0,0,0,0,0,0,0,0,0,0,0,0,0,0,0,0,0,0,0,0,0,0,0,0,0,0,0,0,0,0,0,0,0,0,0,0,0,0,0,0,0,0,0,0,0,0,0,0,0,0,0,0,0,0,0,0,0,0,0,0,0,0,0,0,0,0,0,0,0,0,0,0,0,0,0,0,0,0,0,0,0,0,0,0,0,0,0,0,0,0,0,0,0,0,0,0,0,0,0,0,0,0,0,0,0,0,0,0,0,0,0,0,0,0,0,0,0,0,0,0,0,0,0,0,0,0,0,0,0,0,0,0,0,0,0,0,0,0,0,0,0,0,0,0,0,0,0,0,0,0,0,0,0,0,0,0,0,0,0,0,0,0,0,0,0,0,0,0,0,0,0,0,0,0,0,0,0,0,0,0,0,0,0,0,0,0,0,0,0,0,0,0,0,0,0,0,0,0,0,0,0,0,0,0,0,0,0,0,0,0,0,0,0,0,0,0,0,0,0,0,0,0,0,0,0,0,0,0,0,0,0,0,0,0,0,0,0,0,0,0,0,0,0,0,0,0,0,0,0,0,0,0,0,0,0,0,0,0,0,0,0,0,0,0,0,0,0,0,0,0,0,0,0,0,0,0,0,0,0,0,0,0,0,0,0,0,0,0,0,0,0,0,0,0,0,0,0,0,0,0,0,0,0,0,0,0,0,0,0,0,0,0,0,0,0,0,0,0,0,0,0,0,0,0,0,0,0,0,0,0,0,0,0,0,0,0,0,0,0,0,0,0,0,0,0,0,0,0,0,0,0,0,0,0,0,0,0,0,0,0,0,0,0,0,0,0,0,0,0,0,0,0,0,0,0,0,0,0,0,0
"kilimanjaro/same/ruvu",0.000134,9e-06,5.1e-05,5.5e-05,2e-06,0.003381,1e-06,1e-06,2e-06,0.000412,7e-06,1e-06,8.7e-05,0.001349,5.5e-05,2e-06,2e-06,7e-06,1e-06,5e-06,0.000215,0.000111,2e-06,4.4e-05,0.000361,1.3e-05,3e-06,2e-06,3e-06,0.000579,0.001017,1.4e-05,0.00029,0.000145,8e-06,3e-06,0.000116,6.2e-05,4e-06,1e-04,2e-06,1e-06,0.000541,4.2e-05,6.7e-05,2e-06,2e-05,0.025522,0.002215,3e-06,1e-06,3e-06,3e-06,2e-06,5.3e-05,1e-06,4.6e-05,5e-06,0.01171,0.000952,0.000136,0.000189,0.000332,4.9e-05,0,0.000877,0.000213,1e-06,4e-05,0.000393,2e-06,0,3.3e-05,2.4e-05,5e-06,0.000167,2.2e-05,1e-06,1e-06,1e-06,1e-06,6e-06,1e-06,2e-06,4e-06,1e-06,0.011018,1e-06,3.8e-05,0.049098,1e-06,1e-06,0.020126,0.000599,1e-05,9.6e-05,0.000453,5.5e-05,0.012003,0.002944,1e-06,2e-06,0.006628,0.000175,0.000228,0.003358,2e-06,0.001278,0.000193,0.00025,0.000328,0.003262,3e-05,4e-06,5.7e-05,4.9e-05,0.004005,1.2e-05,0.007845,0.000481,0.000181,0.009661,0.000156,0.000705,8e-05,0.003223,0.000771,0.008602,0.000755,4.9e-05,4.5e-05,0.001488,0.00667,0.000299,7.8e-05,0.000697,3.3e-05,0.000969,0.002903,0.001816,0.000519,0.000259,0.000214,0.000168,6.9e-05,0.010861,2e-06,0.004336,0.002848,0.001121,3.6e-05,0.000286,6.2e-05,0.00153,0.012225,0.004675,1e-04,2.2e-05,0.000489,0.103378,0.00115,0.002748,2e-05,0.000748,1e-06,2e-06,0.002075,0.000201,0.001364,0.001446,0.000229,0.000575,0.01868,0.036746,0.000106,0.000495,0.00139,8e-06,0.002028,0.000892,0.000154,1.6e-05,0.041084,0.000505,0.008863,0.292733,1.5e-05,3.3e-05,0.005152,0.001379,0.000614,1.6e-05,2.4e-05,2e-06,0.000202,2.7e-05,6e-05,2e-06,0.002623,2e-06,0.003446,0.000265,0.03922,2.4e-05,0.003466,0.000136,0.035737,0.000422,0.000157,6.2e-05,6e-05,6e-06,0.009542,2.3e-05,1e-06,0.002975,1e-06,0.027712,0.000308,0.002149,2e-06,2e-05,1e-06,3.1e-05,0.005663,0.000106,0.0069,0.000101,7e-06,1e-06,1e-06,1e-06,0.0012,0.002154,6.3e-05,3e-06,5.6e-05,0.000597,8.8e-05,4.4e-05,0.000686,0.018882,2e-05,0.299858,0.000442,4.3e-05,0.000149,0.001232,2e-06,9.5e-05,0.006224,0.002578,1e-05,0.001985,0.000941,0.011022,4.9e-05,0.000744,3.5e-05,0.00049,0.000305,0.001415,2e-06,0.000297,0.000247,2.4e-05,2e-06,0.001462,1e-06,5.9e-05,0.001295,0.020252,0.000115,0.001375,0.026071,0.000117,0.009795,0.004482,2e-06,2.6e-05,0.000503,3e-06,0.011699,5e-06,1.4e-05,3e-06,1e-06,8.2e-05,3e-06,2.1e-05,0.000145,0.000191,0.000673,0.007585,0.000616,4e-04,0.001781,3.2e-05,0.008798,7.8e-05,2.3e-05,6.8e-05,4e-05,0.010102,2e-05,0.000637,0.000169,2.6e-05,1.4e-05,3.3e-05,0.001149,4.3e-05,3.9e-05,3.9e-05,0.000368,2e-06,7e-06,0.002889,0.009166,0.001963,0.000348,0.001778,0.000668,0.001591,0.009728,0.00015,0.000191,5.6e-05,2.5e-05,0.000381,0.000671,0.000219,0.008709,0.000657,0.010494,1.8e-05,0.000208,2.9e-05,0.006016,1.5e-05,2e-06,3.1e-05,2e-06,2e-06,0,0.003997,5.7e-05,0.000673,0.102836,8.1e-05,1e-06,0.00126,7.3e-05,0.00799,0.000223,0.000365,0.002323,0.000789,8.1e-05,0.000562,2e-06,1e-06,2e-06,1e-06,1.6e-05,0.005482,0.001039,0.003072,2.3e-05,0.000651,0.000212,0.000673,0.000574,4.7e-05,6e-05,0.000366,0.000232,1.3e-05,0.00181,1e-06,0.000112,2e-06,0.016823,1.6e-05,1e-06,0.000136,3.7e-05,0.004684,0.000882,2.8e-05,0.003034,3.2e-05,0.000642,0.000722,0.000165,0.000103,2e-06,1e-06
"manyara/simanjiro/ruvuremiti",0,0,0,0,0,0,0,0,0,0,0,0,0,0,0,0,0,0,0,0,0,0,0,0,0,0,0,0,0,0,0,0,0,0,0,0,0,0,0,0,0,0,0,0,0,0,0,0,0,0,0,0,0,0,0,0,0,0,0,0,0,0,0,0,0,0,0,0,0,0,0,0,0,0,0,0,0,0,0,0,0,0,0,0,0,0,0,0,0,0,0,0,0,0,0,0,0,0,0,0,0,0,0,0,0,0,0,0,0,0,0,0,0,0,0,0,0,0,0,0,0,0,0,0,0,0,0,0,0,0,0,0,0,0,0,0,0,0,0,0,0,0,0,0,0,0,0,0,0,0,0,0,0,0,0,0,0,0,0,0,0,0,0,0,0,0,0,0,0,0,0,0,0,0,0,0,0,0,0,0,0,0,0,0,0,0,0,0,0,0,0,0,0,0,0,0,0,0,0,0,0,0,0,0,0,0,0,0,0,0,0,0,0,0,0,0,0,0,0,0,0,0,0,0,0,0,0,0,0,0,0,0,0,0,0,0,0,0,0,0,0,0,0,0,0,0,0,0,0,0,0,0,0,0,0,0,0,0,0,0,0,0,0,0,0,0,0,0,0,0,0,0,0,0,0,0,0,0,0,0,0,0,0,0,0,0,0,0,0,0,0,0,0,0,0,0,0,0,0,0,0,0,0,0,0,0,0,0,0,0,0,0,0,0,0,0,0,0,0,0,0,0,0,0,0,0,0,0,0,0,0,0,0,0,0,0,0,0,0,0,0,0,0,0,0,0,0,0,0,0,0,0,0,0,0,0,0,0,0,0,0,0,0,0,0,0,0,0,0,0,0,0,0,0,0,0,0,0,0,0,0,0,0,0,0,0,0,0,0,0,0,0,0,0,0,0,0,0
"arusha/ngorongoro/sale",0,0,0,0,0,0,0,0,0,0,0,0,0,0,0,0,0,0,0,0,0,0,0,0,0,0,0,0,0,0,0,0,0,0,0,0,0,0,0,0,0,0,0,0,0,0,0,0,0,0,0,0,0,0,0,0,0,0,0,0,0,0,0,0,0,0,0,0,0,0,0,0,0,0,0,0,0,0,0,0,0,0,0,0,0,0,0,0,0,0,0,0,0,0,0,0,0,0,0,0,0,0,0,0,0,0,0,0,0,0,0,0,0,0,0,0,0,0,0,0,0,0,0,0,0,0,0,0,0,0,0,0,0,0,0,0,0,0,0,0,0,0,0,0,0,0,0,0,0,0,0,0,0,0,0,0,0,0,0,0,0,0,0,0,0,0,0,0,0,0,0,0,0,0,0,0,0,0,0,0,0,0,0,0,0,0,0,0,0,0,0,0,0,0,0,0,0,0,0,0,0,0,0,0,0,0,0,0,0,0,0,0,0,0,0,0,0,0,0,0,0,0,0,0,0,0,0,0,0,0,0,0,0,0,0,0,0,0,0,0,0,0,0,0,0,0,0,0,0,0,0,0,0,0,0,0,0,0,0,0,0,0,0,0,0,0,0,0,0,0,0,0,0,0,0,0,0,0,0,0,0,0,0,0,0,0,0,0,0,0,0,0,0,0,0,0,0,0,0,0,0,0,0,0,0,0,0,0,0,0,0,0,0,0,0,0,0,0,0,0,0,0,0,0,0,0,0,0,0,0,0,0,0,0,0,0,0,0,0,0,0,0,0,0,0,0,0,0,0,0,0,0,0,0,0,0,0,0,0,0,0,0,0,0,0,0,0,0,0,0,0,0,0,0,0,0,0,0,0,0,0,0,0,0,0,0,0,0,0,0,0,0,0,0,0,0,0,0
"arusha/arusha/sambasha",0,0,0,0,0,0,0,0,0,0,0,0,0,0,0,0,0,0,0,0,0,0,0,0,0,0,0,0,0,0,0,0,0,0,0,0,0,0,0,0,0,0,0,0,0,0,0,0,0,0,0,0,0,0,0,0,0,0,0,0,0,0,0,0,0,0,0,0,0,0,0,0,0,0,0,0,0,0,0,0,0,0,0,0,0,0,0,0,0,0,0,0,0,0,0,0,0,0,0,0,0,0,0,0,0,0,0,0,0,0,0,0,0,0,0,0,0,0,0,0,0,0,0,0,0,0,0,0,0,0,0,0,0,0,0,0,0,0,0,0,0,0,0,0,0,0,0,0,0,0,0,0,0,0,0,0,0,0,0,0,0,0,0,0,0,0,0,0,0,0,0,0,0,0,0,0,0,0,0,0,0,0,0,0,0,0,0,0,0,0,0,0,0,0,0,0,0,0,0,0,0,0,0,0,0,0,0,0,0,0,0,0,0,0,0,0,0,0,0,0,0,0,0,0,0,0,0,0,0,0,0,0,0,0,0,0,0,0,0,0,0,0,0,0,0,0,0,0,0,0,0,0,0,0,0,0,0,0,0,0,0,0,0,0,0,0,0,0,0,0,0,0,0,0,0,0,0,0,0,0,0,0,0,0,0,0,0,0,0,0,0,0,0,0,0,0,0,0,0,0,0,0,0,0,0,0,0,0,0,0,0,0,0,0,0,0,0,0,0,0,0,0,0,0,0,0,0,0,0,0,0,0,0,0,0,0,0,0,0,0,0,0,0,0,0,0,0,0,0,0,0,0,0,0,0,0,0,0,0,0,0,0,0,0,0,0,0,0,0,0,0,0,0,0,0,0,0,0,0,0,0,0,0,0,0,0,0,0,0,0,0,0,0,0,0,0,0,0
"kilimanjaro/same/same",3e-06,0,2e-06,1e-06,0,0.000107,0,0,0,8e-06,0,0,2e-06,3.1e-05,1e-06,0,0,0,0,0,4e-06,3e-06,0,1e-06,1e-05,0,0,0,0,1.1e-05,2.2e-05,0,7e-06,8e-06,0,0,3e-06,1e-06,0,2e-06,0,0,9e-06,1e-06,1e-06,0,0,0.00058,3.9e-05,0,0,0,0,0,1e-06,0,1e-06,0,9.5e-05,2e-05,3e-06,4e-06,8e-06,1e-06,0,1.9e-05,5e-06,0,1e-06,7e-06,0,0,1e-06,0,0,4e-06,0,0,0,0,0,0,0,0,0,0,0.000305,0,1e-06,0.000748,0,0,0.000778,1.4e-05,0,2e-06,1.2e-05,3e-06,0.00042,0.000109,0,0,0.000163,4e-06,7e-06,9.5e-05,0,3.9e-05,5e-06,5e-06,9e-06,0.000107,1e-06,0,2e-06,2e-06,0.000106,0,0.000252,1.5e-05,5e-06,0.000298,8e-06,3.8e-05,5e-06,6.5e-05,1.1e-05,0.000214,1.7e-05,2e-06,2e-06,5.3e-05,0.000267,9e-06,5e-06,1.6e-05,1e-06,3.2e-05,7.1e-05,5.4e-05,1.3e-05,5e-06,5e-06,5e-06,2e-06,0.000622,0,0.000149,9.5e-05,3.9e-05,1e-06,1.2e-05,2e-06,0.000217,0.000535,0.000101,3e-06,1e-06,6e-06,0.003468,5e-05,4.7e-05,1e-06,5.3e-05,0,0,7.9e-05,5e-06,3e-05,7.5e-05,4e-06,1.2e-05,0.000424,0.000208,3e-06,8e-06,2.6e-05,0,6.2e-05,1.2e-05,4e-06,0,0.000508,1.6e-05,0.000259,0.01093,0,1e-06,0.000151,4e-05,1.8e-05,0,0,0,4e-06,0,2e-06,0,8.3e-05,0,8.4e-05,4e-06,0.000465,1e-06,0.000119,4e-06,0.001378,9e-06,3e-06,2e-06,2e-06,0,0.000357,1e-06,0,8.9e-05,0,0.000967,1e-05,7.5e-05,0,0,0,1e-06,0.000158,3e-06,0.000197,3e-06,0,0,0,0,2.8e-05,4.6e-05,1e-06,0,2e-06,1.3e-05,2e-06,2e-06,1.6e-05,0.000385,1e-06,0.033759,2.1e-05,1e-06,5e-06,2.8e-05,0,2e-06,0.000141,5.8e-05,0,4.5e-05,2.8e-05,0.000236,2e-06,3.5e-05,1e-06,2.1e-05,1e-05,4.1e-05,0,8e-06,5e-06,1e-06,0,3.2e-05,0,1e-06,2.9e-05,0.000881,5e-06,3.2e-05,0.000967,4e-06,0.000206,6e-05,0,1e-06,1.2e-05,0,0.000289,0,0,0,0,3e-06,0,1e-06,2e-06,5e-06,1.5e-05,0.000171,2e-05,1.1e-05,4.4e-05,1e-06,0.000215,2e-06,1e-06,4e-06,1e-06,0.001955,0,1.2e-05,4e-06,1e-06,0,1e-06,2.5e-05,1e-06,1e-06,1e-06,1.2e-05,0,0,6.9e-05,0.000306,4.1e-05,7e-06,4.1e-05,1.8e-05,4.3e-05,0.000222,3e-06,4e-06,1e-06,1e-06,9e-06,1.5e-05,5e-06,0.000211,1.5e-05,9.9e-05,0,6e-06,1e-06,0.000141,0,0,1e-06,0,0,0.002947,4.9e-05,1e-06,1.6e-05,0,2e-06,0,3.4e-05,2e-06,0.000181,5e-06,8e-06,4.6e-05,3.9e-05,3e-06,1.7e-05,0,0,0,0,0,0.000126,2.3e-05,6.8e-05,0,1.6e-05,7e-06,3.7e-05,1.1e-05,1e-06,2e-06,8e-06,4e-06,0,4.6e-05,0,8e-06,0,0.000555,0,0,3e-06,1e-06,0.000145,2.8e-05,1e-06,7.1e-05,1e-06,2.1e-05,2.2e-05,2.2e-05,2e-06,0,0
"arusha/ngorongoro/samunge",0,0,0,0,0,0,0,0,0,0,0,0,0,0,0,0,0,0,0,0,0,0,0,0,0,0,0,0,0,0,0,0,0,0,0,0,0,0,0,0,0,0,0,0,0,0,0,0,0,0,0,0,0,0,0,0,0,0,0,0,0,0,0,0,0,0,0,0,0,0,0,0,0,0,0,0,0,0,0,0,0,0,0,0,0,0,0,0,0,0,0,0,0,0,0,0,0,0,0,0,0,0,0,0,0,0,0,0,0,0,0,0,0,0,0,0,0,0,0,0,0,0,0,0,0,0,0,0,0,0,0,0,0,0,0,0,0,0,0,0,0,0,0,0,0,0,0,0,0,0,0,0,0,0,0,0,0,0,0,0,0,0,0,0,0,0,0,0,0,0,0,0,0,0,0,0,0,0,0,0,0,0,0,0,0,0,0,0,0,0,0,0,0,0,0,0,0,0,0,0,0,0,0,0,0,0,0,0,0,0,0,0,0,0,0,0,0,0,0,0,0,0,0,0,0,0,0,0,0,0,0,0,0,0,0,0,0,0,0,0,0,0,0,0,0,0,0,0,0,0,0,0,0,0,0,0,0,0,0,0,0,0,0,0,0,0,0,0,0,0,0,0,0,0,0,0,0,0,0,0,0,0,0,0,0,0,0,0,0,0,0,0,0,0,0,0,0,0,0,0,0,0,0,0,0,0,0,0,0,0,0,0,0,0,0,0,0,0,0,0,0,0,0,0,0,0,0,0,0,0,0,0,0,0,0,0,0,0,0,0,0,0,0,0,0,0,0,0,0,0,0,0,0,0,0,0,0,0,0,0,0,0,0,0,0,0,0,0,0,0,0,0,0,0,0,0,0,0,0,0,0,0,0,0,0,0,0,0,0,0,0,0,0,0,0,0,0,0
"manyara/mbulu/sanubaray",0,0,0,0,0,0,0,0,0,0,0,0,0,0,0,0,0,0,0,0,0,0,0,0,0,0,0,0,0,0,0,0,0,0,0,0,0,0,0,0,0,0,0,0,0,0,0,0,0,0,0,0,0,0,0,0,0,0,0,0,0,0,0,0,0,0,0,0,0,0,0,0,0,0,0,0,0,0,0,0,0,0,0,0,0,0,0,0,0,0,0,0,0,0,0,0,0,0,0,0,0,0,0,0,0,0,0,0,0,0,0,0,0,0,0,0,0,0,0,0,0,0,0,0,0,0,0,0,0,0,0,0,0,0,0,0,0,0,0,0,0,0,0,0,0,0,0,0,0,0,0,0,0,0,0,0,0,0,0,0,0,0,0,0,0,0,0,0,0,0,0,0,0,0,0,0,0,0,0,0,0,0,0,0,0,0,0,0,0,0,0,0,0,0,0,0,0,0,0,0,0,0,0,0,0,0,0,0,0,0,0,0,0,0,0,0,0,0,0,0,0,0,0,0,0,0,0,0,0,0,0,0,0,0,0,0,0,0,0,0,0,0,0,0,0,0,0,0,0,0,0,0,0,0,0,0,0,0,0,0,0,0,0,0,0,0,0,0,0,0,0,0,0,0,0,0,0,0,0,0,0,0,0,0,0,0,0,0,0,0,0,0,0,0,0,0,0,0,0,0,0,0,0,0,0,0,0,0,0,0,0,0,0,0,0,0,0,0,0,0,0,0,0,0,0,0,0,0,0,0,0,0,0,0,0,0,0,0,0,0,0,0,0,0,0,0,0,0,0,0,0,0,0,0,0,0,0,0,0,0,0,0,0,0,0,0,0,0,0,0,0,0,0,0,0,0,0,0,0,0,0,0,0,0,0,0,0,0,0,0,0,0,0,0,0,0,0,0
"kilimanjaro/siha/sanyajuu",0.000347,4e-06,3e-05,1.8e-05,0,0.001361,0,0,0,7e-05,1e-06,0,0.000248,0.00294,1.2e-05,1e-06,0,1e-06,0,1e-06,2e-06,0.015062,0,5.1e-05,2e-06,1.7e-05,0,1e-06,0,3e-06,0.000935,1e-06,1e-06,6e-06,2e-06,0,0.000212,1.1e-05,1e-06,3.9e-05,0,0,3.3e-05,8e-06,5e-06,0,2.1e-05,0.045062,0.000459,1e-06,0,1e-06,1e-06,0,8e-06,0,3.7e-05,1e-06,8.4e-05,0.000248,0.000153,0.000126,0.000757,3e-06,0,0.001366,0.000253,0,1.6e-05,5.8e-05,1e-06,0,0.001938,6e-06,1e-06,0.000121,1.4e-05,0,0,0,0,1e-06,0,0,1e-06,0,0.043701,0,6e-06,0.000272,0,0,0.006518,0.001937,9e-06,2.1e-05,0.017934,4e-06,0.003823,0.000864,0,1e-06,7.6e-05,0.000344,0.000249,0.00884,1e-06,0.002266,0.004351,8.8e-05,0.009406,0.003565,4e-06,8e-06,4.8e-05,2.8e-05,0.01049,1e-06,0.00912,0.001568,0.000771,0.025395,1.1e-05,4e-05,4e-06,2.9e-05,3.1e-05,0.042432,0.001379,4.7e-05,3.4e-05,0.000696,0.001306,0.00047,3e-06,0.001452,7.4e-05,0.000939,0.004924,0.00488,0.004596,2e-06,0.000415,0.000428,5.2e-05,0.000539,0,0.002555,0.002611,0.000679,3.3e-05,7e-06,3.6e-05,5e-06,0.000181,0.005559,7.7e-05,2.6e-05,8e-06,0.139764,0.000156,0.000416,2.6e-05,2.1e-05,0,0,0.000201,0.003295,0.002232,5.9e-05,1e-05,0.000382,0.0348,9e-05,0.003078,4.1e-05,0.000439,1.6e-05,0.003661,2.7e-05,1e-06,5e-06,0.000207,0.000319,0.05603,0.511896,0.000104,0.000169,0.02283,0.01066,0.000799,3e-06,6e-06,0,4.2e-05,2e-06,2.5e-05,0,0.00341,1e-06,0.017247,1.5e-05,0.000101,4e-05,0.002634,0.006513,0.012158,0.000206,5.6e-05,4.1e-05,3.4e-05,1e-06,0.003608,1.2e-05,0,3.6e-05,0,0.017511,0.000261,0.001386,0,5.1e-05,0,0.000477,0.040381,0.002412,0.073971,0.000146,2e-06,0,0,0,0.000851,0.002474,5e-06,5e-06,7.4e-05,0.000608,4.2e-05,2.2e-05,0.000555,0.010564,2.9e-05,0.006351,2e-06,5.1e-05,0.000177,0.002133,0,7.2e-05,0.012917,0.003552,1.1e-05,0.00364,0.002412,6.8e-05,3.5e-05,6.9e-05,3.9e-05,3e-06,2e-06,0.000286,1e-06,2e-06,0.000101,2.7e-05,0,0.00201,0,1.4e-05,0.002284,0.001935,1.1e-05,3e-06,0.011688,6.7e-05,7.3e-05,0.00017,0,1.1e-05,0.00018,2e-06,0.018474,1e-06,1e-06,0,0,0.000107,1e-06,0.002781,6e-06,0.001631,6e-06,0.01082,0.000649,0.007901,0.013429,5.9e-05,0.000229,2.5e-05,9e-06,3e-06,5e-05,6.7e-05,1e-06,0.000183,0.000447,0.000112,4.2e-05,0.000124,0.001643,1.4e-05,3e-06,3.2e-05,0.000427,1e-06,3e-06,0.012453,0.008427,0.001532,0.000151,0.004063,0.008227,0.006545,0.020659,4.6e-05,6.4e-05,0.000108,7e-06,0.000709,0.001587,0.000408,0.019017,0.000226,0.000119,1e-06,0.000245,1.4e-05,0.018911,2e-06,1e-06,4.8e-05,1e-06,0,0.000428,3.6e-05,2.2e-05,0.001994,0.000428,3e-05,0,0,0.000223,0.015961,0.000141,0.000291,0.000552,5.4e-05,4.8e-05,0.000824,0,0,0,0,5e-06,0.013224,0.001629,0.005065,2e-06,0.003327,0.000312,1e-06,3e-06,3e-06,8.9e-05,0.000418,5.6e-05,2.3e-05,0.007301,0,3e-06,0,0.016675,3e-06,0,0.000245,7.5e-05,0.009283,0.001342,4.6e-05,0.009035,3.1e-05,3e-06,5e-06,1e-06,1e-06,0,0
"arusha/meru/seelasingisi",0,0,0,0,0,0,0,0,0,0,0,0,0,0,0,0,0,0,0,0,0,0,0,0,0,0,0,0,0,0,0,0,0,0,0,0,0,0,0,0,0,0,0,0,0,0,0,0,0,0,0,0,0,0,0,0,0,0,0,0,0,0,0,0,0,0,0,0,0,0,0,0,0,0,0,0,0,0,0,0,0,0,0,0,0,0,0,0,0,0,0,0,0,0,0,0,0,0,0,0,0,0,0,0,0,0,0,0,0,0,0,0,0,0,0,0,0,0,0,0,0,0,0,0,0,0,0,0,0,0,0,0,0,0,0,0,0,0,0,0,0,0,0,0,0,0,0,0,0,0,0,0,0,0,0,0,0,0,0,0,0,0,0,0,0,0,0,0,0,0,0,0,0,0,0,0,0,0,0,0,0,0,0,0,0,0,0,0,0,0,0,0,0,0,0,0,0,0,0,0,0,0,0,0,0,0,0,0,0,0,0,0,0,0,0,0,0,0,0,0,0,0,0,0,0,0,0,0,0,0,0,0,0,0,0,0,0,0,0,0,0,0,0,0,0,0,0,0,0,0,0,0,0,0,0,0,0,0,0,0,0,0,0,0,0,0,0,0,0,0,0,0,0,0,0,0,0,0,0,0,0,0,0,0,0,0,0,0,0,0,0,0,0,0,0,0,0,0,0,0,0,0,0,0,0,0,0,0,0,0,0,0,0,0,0,0,0,0,0,0,0,0,0,0,0,0,0,0,0,0,0,0,0,0,0,0,0,0,0,0,0,0,0,0,0,0,0,0,0,0,0,0,0,0,0,0,0,0,0,0,0,0,0,0,0,0,0,0,0,0,0,0,0,0,0,0,0,0,0,0,0,0,0,0,0,0,0,0,0,0,0,0,0,0,0,0,0,0
"arusha/arushaurban/sekei",0,0,0,0,0,0,0,0,0,0,0,0,0,0,0,0,0,0,0,0,0,0,0,0,0,0,0,0,0,0,0,0,0,0,0,0,0,0,0,0,0,0,0,0,0,0,0,0,0,0,0,0,0,0,0,0,0,0,0,0,0,0,0,0,0,0,0,0,0,0,0,0,0,0,0,0,0,0,0,0,0,0,0,0,0,0,0,0,0,0,0,0,0,0,0,0,0,0,0,0,0,0,0,0,0,0,0,0,0,0,0,0,0,0,0,0,0,0,0,0,0,0,0,0,0,0,0,0,0,0,0,0,0,0,0,0,0,0,0,0,0,0,0,0,0,0,0,0,0,0,0,0,0,0,0,0,0,0,0,0,0,0,0,0,0,0,0,0,0,0,0,0,0,0,0,0,0,0,0,0,0,0,0,0,0,0,0,0,0,0,0,0,0,0,0,0,0,0,0,0,0,0,0,0,0,0,0,0,0,0,0,0,0,0,0,0,0,0,0,0,0,0,0,0,0,0,0,0,0,0,0,0,0,0,0,0,0,0,0,0,0,0,0,0,0,0,0,0,0,0,0,0,0,0,0,0,0,0,0,0,0,0,0,0,0,0,0,0,0,0,0,0,0,0,0,0,0,0,0,0,0,0,0,0,0,0,0,0,0,0,0,0,0,0,0,0,0,0,0,0,0,0,0,0,0,0,0,0,0,0,0,0,0,0,0,0,0,0,0,0,0,0,0,0,0,0,0,0,0,0,0,0,0,0,0,0,0,0,0,0,0,0,0,0,0,0,0,0,0,0,0,0,0,0,0,0,0,0,0,0,0,0,0,0,0,0,0,0,0,0,0,0,0,0,0,0,0,0,0,0,0,0,0,0,0,0,0,0,0,0,0,0,0,0,0,0,0,0
"arusha/monduli/selela",0,0,0,0,0,0,0,0,0,0,0,0,0,0,0,0,0,0,0,0,0,0,0,0,0,0,0,0,0,0,0,0,0,0,0,0,0,0,0,0,0,0,0,0,0,0,0,0,0,0,0,0,0,0,0,0,0,0,0,0,0,0,0,0,0,0,0,0,0,0,0,0,0,0,0,0,0,0,0,0,0,0,0,0,0,0,0,0,0,0,0,0,0,0,0,0,0,0,0,0,0,0,0,0,0,0,0,0,0,0,0,0,0,0,0,0,0,0,0,0,0,0,0,0,0,0,0,0,0,0,0,0,0,0,0,0,0,0,0,0,0,0,0,0,0,0,0,0,0,0,0,0,0,0,0,0,0,0,0,0,0,0,0,0,0,0,0,0,0,0,0,0,0,0,0,0,0,0,0,0,0,0,0,0,0,0,0,0,0,0,0,0,0,0,0,0,0,0,0,0,0,0,0,0,0,0,0,0,0,0,0,0,0,0,0,0,0,0,0,0,0,0,0,0,0,0,0,0,0,0,0,0,0,0,0,0,0,0,0,0,0,0,0,0,0,0,0,0,0,0,0,0,0,0,0,0,0,0,0,0,0,0,0,0,0,0,0,0,0,0,0,0,0,0,0,0,0,0,0,0,0,0,0,0,0,0,0,0,0,0,0,0,0,0,0,0,0,0,0,0,0,0,0,0,0,0,0,0,0,0,0,0,0,0,0,0,0,0,0,0,0,0,0,0,0,0,0,0,0,0,0,0,0,0,0,0,0,0,0,0,0,0,0,0,0,0,0,0,0,0,0,0,0,0,0,0,0,0,0,0,0,0,0,0,0,0,0,0,0,0,0,0,0,0,0,0,0,0,0,0,0,0,0,0,0,0,0,0,0,0,0,0,0,0,0,0,0,0
"arusha/monduli/sepeko",4e-06,0,0,1e-06,0,5e-06,0,0,0,6e-06,0,0,4e-06,6.1e-05,1e-06,0,0,0,0,0,0,1e-06,0,0,0,0,0,0,0,0,2e-05,0,0,0,0,0,7e-06,1e-06,0,1e-06,0,0,1e-06,1e-06,0,0,2e-06,0.002085,4.3e-05,0,0,0,0,0,0,0,0,0,2e-06,1.5e-05,3e-06,1.3e-05,1.6e-05,0,0,4.4e-05,0.000107,0,4e-06,4e-06,0,0,0,1e-06,0,4e-06,1e-06,0,0,0,0,0,0,0,0,0,5.3e-05,0,0,4e-06,0,0,2.2e-05,3e-05,1e-06,2e-06,3e-06,0,1.3e-05,3e-06,0,0,1e-06,1.2e-05,0,2e-05,0,4e-06,3e-06,1.2e-05,2e-06,8e-06,0,0,0,0,2.1e-05,0,1.7e-05,2e-06,1e-06,3.3e-05,0,0,0,0,1e-06,0.000104,1.2e-05,0,0,2e-06,5e-06,1e-06,0,3.6e-05,2e-06,2e-06,5.3e-05,6e-06,5e-06,0,1.6e-05,1e-06,0,3e-06,0,7e-06,6e-06,2e-06,0,0,0,0,2e-06,0.001438,0,1e-06,0,0.000274,1e-06,1.8e-05,0,0,0,0,1e-06,3e-06,7.8e-05,0,0,0.00034,0.001307,1e-06,1e-06,2e-06,8.1e-05,0,6e-06,1e-06,0,0,3e-06,1e-06,4.2e-05,0.001205,0,0,2.1e-05,7e-06,2e-06,0,1e-06,0,4e-06,0,0,0,6e-06,0,5.8e-05,1e-06,1e-06,0,7e-06,1e-06,4e-05,0.000101,3e-06,0,0,0,1.2e-05,0,0,0,0,5.4e-05,1e-06,4e-06,0,0,0,0,3e-05,1e-06,3.9e-05,0,0,0,0,0,2.2e-05,0.000273,0,0,0,6e-06,7e-06,0,4e-06,0.005635,0,4.8e-05,0,0,0,4e-05,0,1e-05,0.000403,0.000463,5e-06,8.7e-05,4e-06,1e-06,0,0,0,0,0,1e-06,0,0,2e-05,1e-06,0,0.000385,0,2e-06,0.000197,1e-05,0,0,3.5e-05,0,1e-06,4e-06,0,1e-06,1e-06,0,0.000184,0,0,0,0,0,0,0,0,2e-06,0,0.000166,1e-06,4e-06,4.7e-05,2e-06,2e-06,2e-06,0,0,0,1e-06,0,3.1e-05,7e-06,1e-06,0,0,0.000126,1e-06,0,0,1e-06,0,0,0.000117,2.1e-05,9.4e-05,9e-06,0.000165,5e-06,1.5e-05,0.00082,2e-06,2e-06,3e-06,0,3.5e-05,3.8e-05,2.5e-05,0.000238,7e-06,2e-06,0,0,1e-06,0.000163,0,0,0,0,0,5e-06,1e-06,1e-06,4.1e-05,4e-06,1e-06,0,1.2e-05,2e-06,0.000483,4e-05,0,8e-06,0,0,1e-06,0,0,0,0,0,0.000273,6.9e-05,0.000243,0,1.8e-05,1e-06,0,0,0,0,2e-05,4e-06,1e-06,3e-05,0,0,0,4.2e-05,0,0,9e-06,0,1.3e-05,2e-06,0,6.4e-05,0,0,0,0,0,0,0
"manyara/simanjiro/shambarai",0,0,0,0,0,0,0,0,0,0,0,0,0,0,0,0,0,0,0,0,0,0,0,0,0,0,0,0,0,0,0,0,0,0,0,0,0,0,0,0,0,0,0,0,0,0,0,0,0,0,0,0,0,0,0,0,0,0,0,0,0,0,0,0,0,0,0,0,0,0,0,0,0,0,0,0,0,0,0,0,0,0,0,0,0,0,0,0,0,0,0,0,0,0,0,0,0,0,0,0,0,0,0,0,0,0,0,0,0,0,0,0,0,0,0,0,0,0,0,0,0,0,0,0,0,0,0,0,0,0,0,0,0,0,0,0,0,0,0,0,0,0,0,0,0,0,0,0,0,0,0,0,0,0,0,0,0,0,0,0,0,0,0,0,0,0,0,0,0,0,0,0,0,0,0,0,0,0,0,0,0,0,0,0,0,0,0,0,0,0,0,0,0,0,0,0,0,0,0,0,0,0,0,0,0,0,0,0,0,0,0,0,0,0,0,0,0,0,0,0,0,0,0,0,0,0,0,0,0,0,0,0,0,0,0,0,0,0,0,0,0,0,0,0,0,0,0,0,0,0,0,0,0,0,0,0,0,0,0,0,0,0,0,0,0,0,0,0,0,0,0,0,0,0,0,0,0,0,0,0,0,0,0,0,0,0,0,0,0,0,0,0,0,0,0,0,0,0,0,0,0,0,0,0,0,0,0,0,0,0,0,0,0,0,0,0,0,0,0,0,0,0,0,0,0,0,0,0,0,0,0,0,0,0,0,0,0,0,0,0,0,0,0,0,0,0,0,0,0,0,0,0,0,0,0,0,0,0,0,0,0,0,0,0,0,0,0,0,0,0,0,0,0,0,0,0,0,0,0,0,0,0,0,0,0,0,0,0,0,0,0,0,0,0,0,0,0,0
"kilimanjaro/mwanga/shighatini",0,0,0,0,0,0,0,0,0,0,0,0,0,0,0,0,0,0,0,0,0,0,0,0,0,0,0,0,0,0,0,0,0,0,0,0,0,0,0,0,0,0,0,0,0,0,0,0,0,0,0,0,0,0,0,0,0,0,0,0,0,0,0,0,0,0,0,0,0,0,0,0,0,0,0,0,0,0,0,0,0,0,0,0,0,0,0,0,0,0,0,0,0,0,0,0,0,0,0,0,0,0,0,0,0,0,0,0,0,0,0,0,0,0,0,0,0,0,0,0,0,0,0,0,0,0,0,0,0,0,0,0,0,0,0,0,0,0,0,0,0,0,0,0,0,0,0,0,0,0,0,0,0,0,0,0,0,0,0,0,0,0,0,0,0,0,0,0,0,0,0,0,0,0,0,0,0,0,0,0,0,0,0,0,0,0,0,0,0,0,0,0,0,0,0,0,0,0,0,0,0,0,0,0,0,0,0,0,0,0,0,0,0,0,0,0,0,0,0,0,0,0,0,0,0,0,0,0,0,0,0,0,0,0,0,0,0,0,0,0,0,0,0,0,0,0,0,0,0,0,0,0,0,0,0,0,0,0,0,0,0,0,0,0,0,0,0,0,0,0,0,0,0,0,0,0,0,0,0,0,0,0,0,0,0,0,0,0,0,0,0,0,0,0,0,0,0,0,0,0,0,0,0,0,0,0,0,0,0,0,0,0,0,0,0,0,0,0,0,0,0,0,0,0,0,0,0,0,0,0,0,0,0,0,0,0,0,0,0,0,0,0,0,0,0,0,0,0,0,0,0,0,0,0,0,0,0,0,0,0,0,0,0,0,0,0,0,0,0,0,0,0,0,0,0,0,0,0,0,0,0,0,0,0,0,0,0,0,0,0,0,0,0,0,0,0,0,0
"kilimanjaro/rombo/shimbi",0,0,0,0,0,0,0,0,0,0,0,0,0,0,0,0,0,0,0,0,0,0,0,0,0,0,0,0,0,0,0,0,0,0,0,0,0,0,0,0,0,0,0,0,0,0,0,0,0,0,0,0,0,0,0,0,0,0,0,0,0,0,0,0,0,0,0,0,0,0,0,0,0,0,0,0,0,0,0,0,0,0,0,0,0,0,0,0,0,0,0,0,0,0,0,0,0,0,0,0,0,0,0,0,0,0,0,0,0,0,0,0,0,0,0,0,0,0,0,0,0,0,0,0,0,0,0,0,0,0,0,0,0,0,0,0,0,0,0,0,0,0,0,0,0,0,0,0,0,0,0,0,0,0,0,0,0,0,0,0,0,0,0,0,0,0,0,0,0,0,0,0,0,0,0,0,0,0,0,0,0,0,0,0,0,0,0,0,0,0,0,0,0,0,0,0,0,0,0,0,0,0,0,0,0,0,0,0,0,0,0,0,0,0,0,0,0,0,0,0,0,0,0,0,0,0,0,0,0,0,0,0,0,0,0,0,0,0,0,0,0,0,0,0,0,0,0,0,0,0,0,0,0,0,0,0,0,0,0,0,0,0,0,0,0,0,0,0,0,0,0,0,0,0,0,0,0,0,0,0,0,0,0,0,0,0,0,0,0,0,0,0,0,0,0,0,0,0,0,0,0,0,0,0,0,0,0,0,0,0,0,0,0,0,0,0,0,0,0,0,0,0,0,0,0,0,0,0,0,0,0,0,0,0,0,0,0,0,0,0,0,0,0,0,0,0,0,0,0,0,0,0,0,0,0,0,0,0,0,0,0,0,0,0,0,0,0,0,0,0,0,0,0,0,0,0,0,0,0,0,0,0,0,0,0,0,0,0,0,0,0,0,0,0,0,0,0,0
"kilimanjaro/moshimunicipal/shirimatunda",0,0,0,0,0,0,0,0,0,0,0,0,0,0,0,0,0,0,0,0,0,0,0,0,0,0,0,0,0,0,0,0,0,0,0,0,0,0,0,0,0,0,0,0,0,0,0,0,0,0,0,0,0,0,0,0,0,0,0,0,0,0,0,0,0,0,0,0,0,0,0,0,0,0,0,0,0,0,0,0,0,0,0,0,0,0,0,0,0,0,0,0,0,0,0,0,0,0,0,0,0,0,0,0,0,0,0,0,0,0,0,0,0,0,0,0,0,0,0,0,0,0,0,0,0,0,0,0,0,0,0,0,0,0,0,0,0,0,0,0,0,0,0,0,0,0,0,0,0,0,0,0,0,0,0,0,0,0,0,0,0,0,0,0,0,0,0,0,0,0,0,0,0,0,0,0,0,0,0,0,0,0,0,0,0,0,0,0,0,0,0,0,0,0,0,0,0,0,0,0,0,0,0,0,0,0,0,0,0,0,0,0,0,0,0,0,0,0,0,0,0,0,0,0,0,0,0,0,0,0,0,0,0,0,0,0,0,0,0,0,0,0,0,0,0,0,0,0,0,0,0,0,0,0,0,0,0,0,0,0,0,0,0,0,0,0,0,0,0,0,0,0,0,0,0,0,0,0,0,0,0,0,0,0,0,0,0,0,0,0,0,0,0,0,0,0,0,0,0,0,0,0,0,0,0,0,0,0,0,0,0,0,0,0,0,0,0,0,0,0,0,0,0,0,0,0,0,0,0,0,0,0,0,0,0,0,0,0,0,0,0,0,0,0,0,0,0,0,0,0,0,0,0,0,0,0,0,0,0,0,0,0,0,0,0,0,0,0,0,0,0,0,0,0,0,0,0,0,0,0,0,0,0,0,0,0,0,0,0,0,0,0,0,0,0,0,0,0
"manyara/babatiurban/sigino",0,0,0,0,0,0,0,0,0,0,0,0,0,0,0,0,0,0,0,0,0,0,0,0,0,0,0,0,0,0,0,0,0,0,0,0,0,0,0,0,0,0,0,0,0,0,0,0,0,0,0,0,0,0,0,0,0,0,0,0,0,0,0,0,0,0,0,0,0,0,0,0,0,0,0,0,0,0,0,0,0,0,0,0,0,0,0,0,0,0,0,0,0,0,0,0,0,0,0,0,0,0,0,0,0,0,0,0,0,0,0,0,0,0,0,0,0,0,0,0,0,0,0,0,0,0,0,0,0,0,0,0,0,0,0,0,0,0,0,0,0,0,0,0,0,0,0,0,0,0,0,0,0,0,0,0,0,0,0,0,0,0,0,0,0,0,0,0,0,0,0,0,0,0,0,0,0,0,0,0,0,0,0,0,0,0,0,0,0,0,0,0,0,0,0,0,0,0,0,0,0,0,0,0,0,0,0,0,0,0,0,0,0,0,0,0,0,0,0,0,0,0,0,0,0,0,0,0,0,0,0,0,0,0,0,0,0,0,0,0,0,0,0,0,0,0,0,0,0,0,0,0,0,0,0,0,0,0,0,0,0,0,0,0,0,0,0,0,0,0,0,0,0,0,0,0,0,0,0,0,0,0,0,0,0,0,0,0,0,0,0,0,0,0,0,0,0,0,0,0,0,0,0,0,0,0,0,0,0,0,0,0,0,0,0,0,0,0,0,0,0,0,0,0,0,0,0,0,0,0,0,0,0,0,0,0,0,0,0,0,0,0,0,0,0,0,0,0,0,0,0,0,0,0,0,0,0,0,0,0,0,0,0,0,0,0,0,0,0,0,0,0,0,0,0,0,0,0,0,0,0,0,0,0,0,0,0,0,0,0,0,0,0,0,0,0,0,0
"manyara/hanang/simbay",0,0,0,0,0,0,0,0,0,0,0,0,0,0,0,0,0,0,0,0,0,0,0,0,0,0,0,0,0,0,0,0,0,0,0,0,0,0,0,0,0,0,0,0,0,0,0,0,0,0,0,0,0,0,0,0,0,0,0,0,0,0,0,0,0,0,0,0,0,0,0,0,0,0,0,0,0,0,0,0,0,0,0,0,0,0,0,0,0,0,0,0,0,0,0,0,0,0,0,0,0,0,0,0,0,0,0,0,0,0,0,0,0,0,0,0,0,0,0,0,0,0,0,0,0,0,0,0,0,0,0,0,0,0,0,0,0,0,0,0,0,0,0,0,0,0,0,0,0,0,0,0,0,0,0,0,0,0,0,0,0,0,0,0,0,0,0,0,0,0,0,0,0,0,0,0,0,0,0,0,0,0,0,0,0,0,0,0,0,0,0,0,0,0,0,0,0,0,0,0,0,0,0,0,0,0,0,0,0,0,0,0,0,0,0,0,0,0,0,0,0,0,0,0,0,0,0,0,0,0,0,0,0,0,0,0,0,0,0,0,0,0,0,0,0,0,0,0,0,0,0,0,0,0,0,0,0,0,0,0,0,0,0,0,0,0,0,0,0,0,0,0,0,0,0,0,0,0,0,0,0,0,0,0,0,0,0,0,0,0,0,0,0,0,0,0,0,0,0,0,0,0,0,0,0,0,0,0,0,0,0,0,0,0,0,0,0,0,0,0,0,0,0,0,0,0,0,0,0,0,0,0,0,0,0,0,0,0,0,0,0,0,0,0,0,0,0,0,0,0,0,0,0,0,0,0,0,0,0,0,0,0,0,0,0,0,0,0,0,0,0,0,0,0,0,0,0,0,0,0,0,0,0,0,0,0,0,0,0,0,0,0,0,0,0,0,0,0
"manyara/babatiurban/singe",0,0,0,0,0,0,0,0,0,0,0,0,0,0,0,0,0,0,0,0,0,0,0,0,0,0,0,0,0,0,0,0,0,0,0,0,0,0,0,0,0,0,0,0,0,0,0,0,0,0,0,0,0,0,0,0,0,0,0,0,0,0,0,0,0,0,0,0,0,0,0,0,0,0,0,0,0,0,0,0,0,0,0,0,0,0,0,0,0,0,0,0,0,0,0,0,0,0,0,0,0,0,0,0,0,0,0,0,0,0,0,0,0,0,0,0,0,0,0,0,0,0,0,0,0,0,0,0,0,0,0,0,0,0,0,0,0,0,0,0,0,0,0,0,0,0,0,0,0,0,0,0,0,0,0,0,0,0,0,0,0,0,0,0,0,0,0,0,0,0,0,0,0,0,0,0,0,0,0,0,0,0,0,0,0,0,0,0,0,0,0,0,0,0,0,0,0,0,0,0,0,0,0,0,0,0,0,0,0,0,0,0,0,0,0,0,0,0,0,0,0,0,0,0,0,0,0,0,0,0,0,0,0,0,0,0,0,0,0,0,0,0,0,0,0,0,0,0,0,0,0,0,0,0,0,0,0,0,0,0,0,0,0,0,0,0,0,0,0,0,0,0,0,0,0,0,0,0,0,0,0,0,0,0,0,0,0,0,0,0,0,0,0,0,0,0,0,0,0,0,0,0,0,0,0,0,0,0,0,0,0,0,0,0,0,0,0,0,0,0,0,0,0,0,0,0,0,0,0,0,0,0,0,0,0,0,0,0,0,0,0,0,0,0,0,0,0,0,0,0,0,0,0,0,0,0,0,0,0,0,0,0,0,0,0,0,0,0,0,0,0,0,0,0,0,0,0,0,0,0,0,0,0,0,0,0,0,0,0,0,0,0,0,0,0,0,0,0
"manyara/hanang/sirop",0,0,0,0,0,0,0,0,0,0,0,0,0,0,0,0,0,0,0,0,0,0,0,0,0,0,0,0,0,0,0,0,0,0,0,0,0,0,0,0,0,0,0,0,0,0,0,0,0,0,0,0,0,0,0,0,0,0,0,0,0,0,0,0,0,0,0,0,0,0,0,0,0,0,0,0,0,0,0,0,0,0,0,0,0,0,0,0,0,0,0,0,0,0,0,0,0,0,0,0,0,0,0,0,0,0,0,0,0,0,0,0,0,0,0,0,0,0,0,0,0,0,0,0,0,0,0,0,0,0,0,0,0,0,0,0,0,0,0,0,0,0,0,0,0,0,0,0,0,0,0,0,0,0,0,0,0,0,0,0,0,0,0,0,0,0,0,0,0,0,0,0,0,0,0,0,0,0,0,0,0,0,0,0,0,0,0,0,0,0,0,0,0,0,0,0,0,0,0,0,0,0,0,0,0,0,0,0,0,0,0,0,0,0,0,0,0,0,0,0,0,0,0,0,0,0,0,0,0,0,0,0,0,0,0,0,0,0,0,0,0,0,0,0,0,0,0,0,0,0,0,0,0,0,0,0,0,0,0,0,0,0,0,0,0,0,0,0,0,0,0,0,0,0,0,0,0,0,0,0,0,0,0,0,0,0,0,0,0,0,0,0,0,0,0,0,0,0,0,0,0,0,0,0,0,0,0,0,0,0,0,0,0,0,0,0,0,0,0,0,0,0,0,0,0,0,0,0,0,0,0,0,0,0,0,0,0,0,0,0,0,0,0,0,0,0,0,0,0,0,0,0,0,0,0,0,0,0,0,0,0,0,0,0,0,0,0,0,0,0,0,0,0,0,0,0,0,0,0,0,0,0,0,0,0,0,0,0,0,0,0,0,0,0,0,0,0,0
"arusha/ngorongoro/soitsambu",0,0,0,0,0,0,0,0,0,0,0,0,0,0,0,0,0,0,0,0,0,0,0,0,0,0,0,0,0,0,0,0,0,0,0,0,0,0,0,0,0,0,0,0,0,0,0,0,0,0,0,0,0,0,0,0,0,0,0,0,0,0,0,0,0,0,0,0,0,0,0,0,0,0,0,0,0,0,0,0,0,0,0,0,0,0,0,0,0,0,0,0,0,0,0,0,0,0,0,0,0,0,0,0,0,0,0,0,0,0,0,0,0,0,0,0,0,0,0,0,0,0,0,0,0,0,0,0,0,0,0,0,0,0,0,0,0,0,0,0,0,0,0,0,0,0,0,0,0,0,0,0,0,0,0,0,0,0,0,0,0,0,0,0,0,0,0,0,0,0,0,0,0,0,0,0,0,0,0,0,0,0,0,0,0,0,0,0,0,0,0,0,0,0,0,0,0,0,0,0,0,0,0,0,0,0,0,0,0,0,0,0,0,0,0,0,0,0,0,0,0,0,0,0,0,0,0,0,0,0,0,0,0,0,0,0,0,0,0,0,0,0,0,0,0,0,0,0,0,0,0,0,0,0,0,0,0,0,0,0,0,0,0,0,0,0,0,0,0,0,0,0,0,0,0,0,0,0,0,0,0,0,0,0,0,0,0,0,0,0,0,0,0,0,0,0,0,0,0,0,0,0,0,0,0,0,0,0,0,0,0,0,0,0,0,0,0,0,0,0,0,0,0,0,0,0,0,0,0,0,0,0,0,0,0,0,0,0,0,0,0,0,0,0,0,0,0,0,0,0,0,0,0,0,0,0,0,0,0,0,0,0,0,0,0,0,0,0,0,0,0,0,0,0,0,0,0,0,0,0,0,0,0,0,0,0,0,0,0,0,0,0,0,0,0,0,0,0
"arusha/arusha/sokonii",2e-05,0,0,0,0,2e-06,0,0,0,0,0,0,5e-05,0.000583,0,0,0,0,0,0,0,1e-06,0,0,0,0,0,0,0,0,1.3e-05,0,0,0,0,0,2.6e-05,0,0,0,0,0,0,0,0,0,0,0.004371,4e-06,0,0,0,0,0,0,0,0,0,0,1e-06,0,1e-06,4e-06,0,0,7.8e-05,5e-06,0,0,0,0,0,0,0,0,1e-06,0,0,0,0,0,0,0,0,0,0,3.4e-05,0,0,1e-06,0,0,8e-06,8.6e-05,0,0,2e-06,0,5e-06,1e-06,0,0,0,5.6e-05,0,7e-06,0,2e-06,3e-06,1e-06,1e-06,3e-06,0,1e-06,0,0,1.4e-05,0,8e-06,1e-06,0,1.5e-05,0,0,0,0,0,0.000118,1.4e-05,0,0,1e-06,2e-06,0,0,0.000359,7e-06,1e-06,1.2e-05,3e-06,5e-06,0,4.8e-05,0,0,1e-06,0,3e-06,2e-06,1e-06,0,0,0,0,0,0.000147,0,0,0,0.000131,0,3e-06,0,0,0,0,0,3e-06,0.000171,0,0,4e-06,0.004688,0,0,0,4e-06,0,3e-06,0,0,0,1e-06,0,2.2e-05,0.00064,0,0,1.1e-05,4e-06,1e-06,0,0,0,0,0,0,0,3e-06,0,8.9e-05,0,0,0,3e-06,1e-06,1.5e-05,2e-06,0,0,0,0,4e-06,0,0,0,0,1.9e-05,0,1e-06,0,0,0,0,1.9e-05,0,2.2e-05,0,0,0,0,0,3e-06,8.4e-05,0,0,0,4e-06,0,0,2e-06,0.000144,0,1.4e-05,0,0,0,7.6e-05,0,1e-06,0.002602,4e-05,0,0.000282,2e-06,0,0,0,0,0,0,1e-06,0,0,1e-06,0,0,5.1e-05,0,0,5.4e-05,3e-06,0,0,1.3e-05,0,0,1e-06,0,0,0,0,4.3e-05,0,0,0,0,0,0,0,0,1e-06,0,0.000184,1e-06,2e-06,5.1e-05,7e-06,1e-06,0,0,0,0,0,0,1e-06,7e-05,2e-06,3e-06,0,8.2e-05,0,0,0,0,0,0,8.4e-05,8e-06,3e-05,2e-06,9.8e-05,4e-06,6e-06,0.001366,0,0,1.6e-05,0,5.1e-05,0.00061,1.7e-05,5.9e-05,1e-06,0,0,0,0,0.000527,0,0,0,0,0,1e-06,0,0,6.3e-05,1e-06,0,0,9e-06,1e-05,0.003325,1e-06,4e-06,3e-06,0,0,1e-06,0,0,0,0,0,0,0.000116,0.000407,0,4.2e-05,0,0,0,0,0,1.3e-05,0,3e-06,1.1e-05,0,0,0,1.6e-05,0,0,2.8e-05,0,6e-06,1e-06,0,0.000126,0,0,0,0,0,0,0
"arusha/arushaurban/sokonii",0,0,0,0,0,0,0,0,0,0,0,0,0,0,0,0,0,0,0,0,0,0,0,0,0,0,0,0,0,0,0,0,0,0,0,0,0,0,0,0,0,0,0,0,0,0,0,0,0,0,0,0,0,0,0,0,0,0,0,0,0,0,0,0,0,0,0,0,0,0,0,0,0,0,0,0,0,0,0,0,0,0,0,0,0,0,0,0,0,0,0,0,0,0,0,0,0,0,0,0,0,0,0,0,0,0,0,0,0,0,0,0,0,0,0,0,0,0,0,0,0,0,0,0,0,0,0,0,0,0,0,0,0,0,0,0,0,0,0,0,0,0,0,0,0,0,0,0,0,0,0,0,0,0,0,0,0,0,0,0,0,0,0,0,0,0,0,0,0,0,0,0,0,0,0,0,0,0,0,0,0,0,0,0,0,0,0,0,0,0,0,0,0,0,0,0,0,0,0,0,0,0,0,0,0,0,0,0,0,0,0,0,0,0,0,0,0,0,0,0,0,0,0,0,0,0,0,0,0,0,0,0,0,0,0,0,0,0,0,0,0,0,0,0,0,0,0,0,0,0,0,0,0,0,0,0,0,0,0,0,0,0,0,0,0,0,0,0,0,0,0,0,0,0,0,0,0,0,0,0,0,0,0,0,0,0,0,0,0,0,0,0,0,0,0,0,0,0,0,0,0,0,0,0,0,0,0,0,0,0,0,0,0,0,0,0,0,0,0,0,0,0,0,0,0,0,0,0,0,0,0,0,0,0,0,0,0,0,0,0,0,0,0,0,0,0,0,0,0,0,0,0,0,0,0,0,0,0,0,0,0,0,0,0,0,0,0,0,0,0,0,0,0,0,0,0,0,0,0,0,0,0,0,0,0,0,0,0,0,0,0,0,0,0,0,0,0,0
"arusha/arushaurban/sombetini",8e-06,0,0,0,0,2e-06,0,0,0,1e-06,0,0,8e-06,2e-04,0,0,0,0,0,0,0,1e-06,0,0,0,0,0,0,0,0,1.6e-05,0,0,0,0,0,7.8e-05,0,0,0,0,0,0,0,0,0,0,0.024685,6e-06,0,0,0,0,0,0,0,0,0,0,2e-06,1e-06,1e-06,4e-06,0,0,0.000146,8e-06,0,0,1e-06,0,0,0,0,0,1e-06,0,0,0,0,0,0,0,0,0,0,2.8e-05,0,0,1e-06,0,0,8e-06,3.8e-05,0,0,2e-06,0,5e-06,1e-06,0,0,0,8.6e-05,0,7e-06,0,2e-06,2e-06,1e-06,1e-06,3e-06,0,3e-06,0,0,1.2e-05,0,7e-06,1e-06,0,1.4e-05,0,0,0,0,0,8.3e-05,1.2e-05,0,0,1e-06,2e-06,0,0,0.000162,6e-06,1e-06,1.2e-05,3e-06,4e-06,0,1e-04,0,0,1e-06,0,3e-06,2e-06,1e-06,0,0,0,0,0,0.00035,0,0,0,0.000118,0,4e-06,0,0,0,0,0,2e-06,0.000444,0,0,7e-06,0.013323,0,0,0,7e-06,0,2e-06,0,0,0,1e-06,0,1.9e-05,0.000564,0,0,1e-05,3e-06,1e-06,0,0,0,0,0,0,0,3e-06,0,5.5e-05,0,0,0,2e-06,1e-06,1.5e-05,3e-06,0,0,0,0,4e-06,0,0,0,0,1.8e-05,0,1e-06,0,0,0,0,1.5e-05,0,1.8e-05,0,0,0,0,0,3e-06,0.000295,0,0,0,4e-06,0,0,2e-06,0.000259,0,1.5e-05,0,0,0,7.2e-05,0,3e-06,0.002047,5.2e-05,0,0.000273,2e-06,0,0,0,0,0,0,1e-06,0,0,1e-06,0,0,0.000101,0,0,7.8e-05,3e-06,0,0,1.3e-05,0,0,1e-06,0,0,0,0,4.3e-05,0,0,0,0,0,0,0,0,1e-06,0,0.000187,1e-06,2e-06,3.3e-05,2.6e-05,1e-06,0,0,0,0,0,0,2e-06,1.5e-05,1e-06,1e-06,0,0.000496,0,0,0,0,0,0,6.3e-05,7e-06,5.6e-05,3e-06,0.000102,3e-06,5e-06,0.001519,0,0,1.4e-05,0,0.000116,0.000118,2.8e-05,5.8e-05,1e-06,1e-06,0,0,0,0.000238,0,0,0,0,0,1e-06,0,0,4.1e-05,1e-06,0,0,7e-06,4e-06,0.003004,2e-06,8e-06,3e-06,0,0,1e-06,0,0,0,0,0,0.000813,0.000602,0,0,1.9e-05,0,0,0,0,0,3.1e-05,1e-06,5e-06,1e-05,0,0,0,1.5e-05,0,0,0.000152,0,6e-06,1e-06,0,7.7e-05,0,0,0,0,0,0,0
"manyara/kiteto/songambele",0,0,0,0,0,0,0,0,0,0,0,0,0,0,0,0,0,0,0,0,0,0,0,0,0,0,0,0,0,0,0,0,0,0,0,0,0,0,0,0,0,0,0,0,0,0,0,0,0,0,0,0,0,0,0,0,0,0,0,0,0,0,0,0,0,0,0,0,0,0,0,0,0,0,0,0,0,0,0,0,0,0,0,0,0,0,0,0,0,0,0,0,0,0,0,0,0,0,0,0,0,0,0,0,0,0,0,0,0,0,0,0,0,0,0,0,0,0,0,0,0,0,0,0,0,0,0,0,0,0,0,0,0,0,0,0,0,0,0,0,0,0,0,0,0,0,0,0,0,0,0,0,0,0,0,0,0,0,0,0,0,0,0,0,0,0,0,0,0,0,0,0,0,0,0,0,0,0,0,0,0,0,0,0,0,0,0,0,0,0,0,0,0,0,0,0,0,0,0,0,0,0,0,0,0,0,0,0,0,0,0,0,0,0,0,0,0,0,0,0,0,0,0,0,0,0,0,0,0,0,0,0,0,0,0,0,0,0,0,0,0,0,0,0,0,0,0,0,0,0,0,0,0,0,0,0,0,0,0,0,0,0,0,0,0,0,0,0,0,0,0,0,0,0,0,0,0,0,0,0,0,0,0,0,0,0,0,0,0,0,0,0,0,0,0,0,0,0,0,0,0,0,0,0,0,0,0,0,0,0,0,0,0,0,0,0,0,0,0,0,0,0,0,0,0,0,0,0,0,0,0,0,0,0,0,0,0,0,0,0,0,0,0,0,0,0,0,0,0,0,0,0,0,0,0,0,0,0,0,0,0,0,0,0,0,0,0,0,0,0,0,0,0,0,0,0,0,0,0,0,0,0,0,0,0,0,0,0,0,0,0,0,0,0,0,0,0,0
"arusha/meru/songoro",0,0,0,0,0,0,0,0,0,0,0,0,0,0,0,0,0,0,0,0,0,0,0,0,0,0,0,0,0,0,0,0,0,0,0,0,0,0,0,0,0,0,0,0,0,0,0,0,0,0,0,0,0,0,0,0,0,0,0,0,0,0,0,0,0,0,0,0,0,0,0,0,0,0,0,0,0,0,0,0,0,0,0,0,0,0,0,0,0,0,0,0,0,0,0,0,0,0,0,0,0,0,0,0,0,0,0,0,0,0,0,0,0,0,0,0,0,0,0,0,0,0,0,0,0,0,0,0,0,0,0,0,0,0,0,0,0,0,0,0,0,0,0,0,0,0,0,0,0,0,0,0,0,0,0,0,0,0,0,0,0,0,0,0,0,0,0,0,0,0,0,0,0,0,0,0,0,0,0,0,0,0,0,0,0,0,0,0,0,0,0,0,0,0,0,0,0,0,0,0,0,0,0,0,0,0,0,0,0,0,0,0,0,0,0,0,0,0,0,0,0,0,0,0,0,0,0,0,0,0,0,0,0,0,0,0,0,0,0,0,0,0,0,0,0,0,0,0,0,0,0,0,0,0,0,0,0,0,0,0,0,0,0,0,0,0,0,0,0,0,0,0,0,0,0,0,0,0,0,0,0,0,0,0,0,0,0,0,0,0,0,0,0,0,0,0,0,0,0,0,0,0,0,0,0,0,0,0,0,0,0,0,0,0,0,0,0,0,0,0,0,0,0,0,0,0,0,0,0,0,0,0,0,0,0,0,0,0,0,0,0,0,0,0,0,0,0,0,0,0,0,0,0,0,0,0,0,0,0,0,0,0,0,0,0,0,0,0,0,0,0,0,0,0,0,0,0,0,0,0,0,0,0,0,0,0,0,0,0,0,0,0,0,0,0,0,0,0
"kilimanjaro/moshimunicipal/soweto",0,0,0,0,0,0,0,0,0,0,0,0,0,0,0,0,0,0,0,0,0,0,0,0,0,0,0,0,0,0,0,0,0,0,0,0,0,0,0,0,0,0,0,0,0,0,0,0,0,0,0,0,0,0,0,0,0,0,0,0,0,0,0,0,0,0,0,0,0,0,0,0,0,0,0,0,0,0,0,0,0,0,0,0,0,0,0,0,0,0,0,0,0,0,0,0,0,0,0,0,0,0,0,0,0,0,0,0,0,0,0,0,0,0,0,0,0,0,0,0,0,0,0,0,0,0,0,0,0,0,0,0,0,0,0,0,0,0,0,0,0,0,0,0,0,0,0,0,0,0,0,0,0,0,0,0,0,0,0,0,0,0,0,0,0,0,0,0,0,0,0,0,0,0,0,0,0,0,0,0,0,0,0,0,0,0,0,0,0,0,0,0,0,0,0,0,0,0,0,0,0,0,0,0,0,0,0,0,0,0,0,0,0,0,0,0,0,0,0,0,0,0,0,0,0,0,0,0,0,0,0,0,0,0,0,0,0,0,0,0,0,0,0,0,0,0,0,0,0,0,0,0,0,0,0,0,0,0,0,0,0,0,0,0,0,0,0,0,0,0,0,0,0,0,0,0,0,0,0,0,0,0,0,0,0,0,0,0,0,0,0,0,0,0,0,0,0,0,0,0,0,0,0,0,0,0,0,0,0,0,0,0,0,0,0,0,0,0,0,0,0,0,0,0,0,0,0,0,0,0,0,0,0,0,0,0,0,0,0,0,0,0,0,0,0,0,0,0,0,0,0,0,0,0,0,0,0,0,0,0,0,0,0,0,0,0,0,0,0,0,0,0,0,0,0,0,0,0,0,0,0,0,0,0,0,0,0,0,0,0,0,0,0,0,0,0,0,0
"kilimanjaro/same/stesheni",0,0,0,0,0,0,0,0,0,0,0,0,0,0,0,0,0,0,0,0,0,0,0,0,0,0,0,0,0,0,0,0,0,0,0,0,0,0,0,0,0,0,0,0,0,0,0,0,0,0,0,0,0,0,0,0,0,0,0,0,0,0,0,0,0,0,0,0,0,0,0,0,0,0,0,0,0,0,0,0,0,0,0,0,0,0,0,0,0,0,0,0,0,0,0,0,0,0,0,0,0,0,0,0,0,0,0,0,0,0,0,0,0,0,0,0,0,0,0,0,0,0,0,0,0,0,0,0,0,0,0,0,0,0,0,0,0,0,0,0,0,0,0,0,0,0,0,0,0,0,0,0,0,0,0,0,0,0,0,0,0,0,0,0,0,0,0,0,0,0,0,0,0,0,0,0,0,0,0,0,0,0,0,0,0,0,0,0,0,0,0,0,0,0,0,0,0,0,0,0,0,0,0,0,0,0,0,0,0,0,0,0,0,0,0,0,0,0,0,0,0,0,0,0,0,0,0,0,0,0,0,0,0,0,0,0,0,0,0,0,0,0,0,0,0,0,0,0,0,0,0,0,0,0,0,0,0,0,0,0,0,0,0,0,0,0,0,0,0,0,0,0,0,0,0,0,0,0,0,0,0,0,0,0,0,0,0,0,0,0,0,0,0,0,0,0,0,0,0,0,0,0,0,0,0,0,0,0,0,0,0,0,0,0,0,0,0,0,0,0,0,0,0,0,0,0,0,0,0,0,0,0,0,0,0,0,0,0,0,0,0,0,0,0,0,0,0,0,0,0,0,0,0,0,0,0,0,0,0,0,0,0,0,0,0,0,0,0,0,0,0,0,0,0,0,0,0,0,0,0,0,0,0,0,0,0,0,0,0,0,0,0,0,0,0,0,0,0
"kilimanjaro/same/suji",0,0,0,0,0,0,0,0,0,0,0,0,0,0,0,0,0,0,0,0,0,0,0,0,0,0,0,0,0,0,0,0,0,0,0,0,0,0,0,0,0,0,0,0,0,0,0,0,0,0,0,0,0,0,0,0,0,0,0,0,0,0,0,0,0,0,0,0,0,0,0,0,0,0,0,0,0,0,0,0,0,0,0,0,0,0,0,0,0,0,0,0,0,0,0,0,0,0,0,0,0,0,0,0,0,0,0,0,0,0,0,0,0,0,0,0,0,0,0,0,0,0,0,0,0,0,0,0,0,0,0,0,0,0,0,0,0,0,0,0,0,0,0,0,0,0,0,0,0,0,0,0,0,0,0,0,0,0,0,0,0,0,0,0,0,0,0,0,0,0,0,0,0,0,0,0,0,0,0,0,0,0,0,0,0,0,0,0,0,0,0,0,0,0,0,0,0,0,0,0,0,0,0,0,0,0,0,0,0,0,0,0,0,0,0,0,0,0,0,0,0,0,0,0,0,0,0,0,0,0,0,0,0,0,0,0,0,0,0,0,0,0,0,0,0,0,0,0,0,0,0,0,0,0,0,0,0,0,0,0,0,0,0,0,0,0,0,0,0,0,0,0,0,0,0,0,0,0,0,0,0,0,0,0,0,0,0,0,0,0,0,0,0,0,0,0,0,0,0,0,0,0,0,0,0,0,0,0,0,0,0,0,0,0,0,0,0,0,0,0,0,0,0,0,0,0,0,0,0,0,0,0,0,0,0,0,0,0,0,0,0,0,0,0,0,0,0,0,0,0,0,0,0,0,0,0,0,0,0,0,0,0,0,0,0,0,0,0,0,0,0,0,0,0,0,0,0,0,0,0,0,0,0,0,0,0,0,0,0,0,0,0,0,0,0,0,0,0
"manyara/kiteto/sunya",0.000678,0.000139,0.000145,0.001329,4.6e-05,0.005844,1.4e-05,1.7e-05,4.7e-05,0.009481,0.000167,5.2e-05,0.000485,0.007316,0.001264,5e-05,5.6e-05,0.00027,5.4e-05,0.000211,0.000458,0.000673,5e-05,0.000106,0.000277,3.3e-05,8e-05,3.5e-05,0.000906,0.000466,0.002815,0.005205,0.000159,0.000118,0.000216,0.000114,0.000674,0.002328,0.000121,0.001523,4.3e-05,5.2e-05,0.871229,0.001483,0.047566,5.1e-05,0.000219,0.142321,0.02085,7.1e-05,3.7e-05,5.5e-05,4.9e-05,5.2e-05,0.002273,2.7e-05,0.000137,9.6e-05,0.014825,0.025842,0.002042,0.003377,0.002776,0.03947,1e-06,0.004757,0.001754,3.2e-05,0.000551,0.010726,3.6e-05,9e-06,0.000157,0.000467,0.000246,0.002941,0.000288,2.6e-05,3.4e-05,3.5e-05,2e-05,0.000248,3.4e-05,8.7e-05,0.000109,2.6e-05,0.033107,3.5e-05,0.001499,0.069161,2.6e-05,5.5e-05,0.043139,0.003574,0.000121,0.001989,0.001892,6.7e-05,0.019683,0.005062,2.9e-05,4.7e-05,0.011195,0.001035,0.000548,0.018824,3.7e-05,0.003411,0.000976,0.005675,0.00135,0.011152,0.001439,2.5e-05,0.000175,0.000136,0.01181,0.003895,0.01976,0.00168,0.000876,0.031998,0.000168,0.000655,7.7e-05,0.005147,0.496983,0.047033,0.003096,0.000136,0.000115,0.004543,0.010109,0.000789,5.3e-05,0.003907,0.000206,0.002436,0.026306,0.005336,0.002005,0.000287,0.001302,0.000502,0.000246,0.009642,8e-05,0.009366,0.007459,0.002599,0.000117,0.000152,0.000206,0.000311,0.01329,0.033642,0.000526,0.000339,0.007051,0.235743,0.001601,0.020008,4.9e-05,0.000515,4.6e-05,6.3e-05,0.002122,0.000947,0.007634,0.001034,0.515611,0.008642,0.103979,0.007189,0.000468,0.008939,0.019747,6.9e-05,0.005547,0.141601,0.000145,0.000269,0.044016,0.001025,0.031358,0.439156,6.2e-05,0.000125,0.016464,0.004817,0.001478,0.00041,0.000591,6.6e-05,0.005157,0.041281,0.000144,4.8e-05,0.006682,2.5e-05,0.015046,0.008027,0.019157,7.7e-05,0.010309,0.000576,0.06954,0.006917,0.002559,0.000166,0.00015,0.000153,0.023222,6.5e-05,2.2e-05,0.004106,2e-05,0.091012,0.000852,0.005477,6e-05,7.5e-05,3.6e-05,0.000117,0.018635,0.000409,0.026029,0.000249,0.000151,3.3e-05,2.4e-05,4.5e-05,0.014728,0.013752,0.01936,9e-06,0.000155,0.003008,0.001748,0.000118,0.001964,0.098889,5.3e-05,0.215125,0.00017,0.000106,0.000372,0.006044,6.6e-05,0.000616,0.036068,0.031947,8.1e-05,0.010503,0.004395,0.009244,0.000159,0.000852,8.7e-05,0.000227,0.000183,0.002793,3.2e-05,0.000256,0.005055,0.000259,4.7e-05,0.01087,2.8e-05,0.000966,0.00948,0.021467,0.000144,0.000238,0.059267,0.000312,0.011125,0.015083,4e-05,0.000383,0.000971,4.2e-05,0.101294,0.000107,0.020247,9.5e-05,2.7e-05,0.000316,7.6e-05,8.9e-05,0.010994,0.00104,0.000835,0.032959,0.001516,0.00199,0.014178,0.000192,0.005095,0.001366,5.9e-05,5.2e-05,1e-04,0.002647,0.004215,0.013662,0.000907,0.000127,7.3e-05,0.000117,0.010274,0.001064,0.006249,8.8e-05,0.000989,3e-05,0.000144,0.026379,0.031707,0.015189,0.001848,0.012285,0.002418,0.009986,0.083397,0.003588,0.004385,0.000312,0.000426,0.002419,0.003904,0.00148,0.09978,0.010349,0.032496,0.010481,0.000505,0.000416,0.029007,0.000329,3.2e-05,8.4e-05,3.5e-05,8.1e-05,0.034126,0.01542,0.000887,0.004259,0.02109,0.001271,1.6e-05,0.005534,0.000369,0.045027,0.003792,0.003292,0.008544,0.000773,0.000238,0.001426,5e-05,5e-05,5.5e-05,3.6e-05,0.000275,0.030399,0.008478,0.018317,0.021438,0.003388,0.000545,6.8e-05,0.000353,0,0.000246,0.002026,0.002081,7.1e-05,0.01804,2.4e-05,9.1e-05,3.8e-05,0.061603,0.000465,1.5e-05,0.000805,0.000118,0.013418,0.002544,8.4e-05,0.013639,0.000103,0.000253,0.000544,6.5e-05,0.000166,3.8e-05,3e-05
"kilimanjaro/rombo/tarakeamotamburu",0,0,0,0,0,0,0,0,0,0,0,0,0,0,0,0,0,0,0,0,0,0,0,0,0,0,0,0,0,0,0,0,0,0,0,0,0,0,0,0,0,0,0,0,0,0,0,0,0,0,0,0,0,0,0,0,0,0,0,0,0,0,0,0,0,0,0,0,0,0,0,0,0,0,0,0,0,0,0,0,0,0,0,0,0,0,0,0,0,0,0,0,0,0,0,0,0,0,0,0,0,0,0,0,0,0,0,0,0,0,0,0,0,0,0,0,0,0,0,0,0,0,0,0,0,0,0,0,0,0,0,0,0,0,0,0,0,0,0,0,0,0,0,0,0,0,0,0,0,0,0,0,0,0,0,0,0,0,0,0,0,0,0,0,0,0,0,0,0,0,0,0,0,0,0,0,0,0,0,0,0,0,0,0,0,0,0,0,0,0,0,0,0,0,0,0,0,0,0,0,0,0,0,0,0,0,0,0,0,0,0,0,0,0,0,0,0,0,0,0,0,0,0,0,0,0,0,0,0,0,0,0,0,0,0,0,0,0,0,0,0,0,0,0,0,0,0,0,0,0,0,0,0,0,0,0,0,0,0,0,0,0,0,0,0,0,0,0,0,0,0,0,0,0,0,0,0,0,0,0,0,0,0,0,0,0,0,0,0,0,0,0,0,0,0,0,0,0,0,0,0,0,0,0,0,0,0,0,0,0,0,0,0,0,0,0,0,0,0,0,0,0,0,0,0,0,0,0,0,0,0,0,0,0,0,0,0,0,0,0,0,0,0,0,0,0,0,0,0,0,0,0,0,0,0,0,0,0,0,0,0,0,0,0,0,0,0,0,0,0,0,0,0,0,0,0,0,0,0,0,0,0,0,0,0,0,0,0,0,0,0,0,0,0,0,0,0,0
"arusha/arushaurban/terrat",0,0,0,0,0,0,0,0,0,0,0,0,0,0,0,0,0,0,0,0,0,0,0,0,0,0,0,0,0,0,0,0,0,0,0,0,0,0,0,0,0,0,0,0,0,0,0,0,0,0,0,0,0,0,0,0,0,0,0,0,0,0,0,0,0,0,0,0,0,0,0,0,0,0,0,0,0,0,0,0,0,0,0,0,0,0,0,0,0,0,0,0,0,0,0,0,0,0,0,0,0,0,0,0,0,0,0,0,0,0,0,0,0,0,0,0,0,0,0,0,0,0,0,0,0,0,0,0,0,0,0,0,0,0,0,0,0,0,0,0,0,0,0,0,0,0,0,0,0,0,0,0,0,0,0,0,0,0,0,0,0,0,0,0,0,0,0,0,0,0,0,0,0,0,0,0,0,0,0,0,0,0,0,0,0,0,0,0,0,0,0,0,0,0,0,0,0,0,0,0,0,0,0,0,0,0,0,0,0,0,0,0,0,0,0,0,0,0,0,0,0,0,0,0,0,0,0,0,0,0,0,0,0,0,0,0,0,0,0,0,0,0,0,0,0,0,0,0,0,0,0,0,0,0,0,0,0,0,0,0,0,0,0,0,0,0,0,0,0,0,0,0,0,0,0,0,0,0,0,0,0,0,0,0,0,0,0,0,0,0,0,0,0,0,0,0,0,0,0,0,0,0,0,0,0,0,0,0,0,0,0,0,0,0,0,0,0,0,0,0,0,0,0,0,0,0,0,0,0,0,0,0,0,0,0,0,0,0,0,0,0,0,0,0,0,0,0,0,0,0,0,0,0,0,0,0,0,0,0,0,0,0,0,0,0,0,0,0,0,0,0,0,0,0,0,0,0,0,0,0,0,0,0,0,0,0,0,0,0,0,0,0,0,0,0,0,0,0
"manyara/simanjiro/terrat",3.6e-05,1e-06,1e-06,7e-06,0,0.000102,0,0,0,0.00011,2e-06,0,2.3e-05,0.000423,7e-06,1e-06,0,2e-06,0,1e-06,1e-06,1.6e-05,0,2e-06,1e-06,1e-06,1e-06,1e-06,0,1e-06,0.000277,1e-06,0,1e-06,2e-06,1e-06,4.2e-05,1.7e-05,1e-06,9e-06,0,0,2.7e-05,1e-05,5e-06,0,4e-06,0.009459,0.005043,1e-06,0,0,1e-06,0,1.2e-05,0,7e-06,2e-06,6.6e-05,0.000159,2e-05,5.2e-05,5.6e-05,2e-06,0,0.000348,8.5e-05,0,1.5e-05,0.000217,0,0,3e-06,6e-06,1e-06,2.8e-05,3e-06,0,0,0,0,2e-06,0,0,1e-06,0,0.000815,0,6e-06,0.000145,0,0,0.000395,0.000148,2e-06,2.1e-05,3.7e-05,1e-06,0.000278,5.9e-05,0,0,2.3e-05,6e-05,9e-06,0.000192,0,5.7e-05,2.5e-05,8.3e-05,2.5e-05,0.00011,5e-06,2e-06,2e-06,1e-06,0.000348,1e-06,0.000287,2.3e-05,1.4e-05,0.000445,1e-06,5e-06,1e-06,1e-05,2.8e-05,0.001824,0.000183,2e-06,1e-06,5e-05,0.000107,1.3e-05,0,0.000228,1e-05,3.2e-05,0.000288,9e-05,6.3e-05,1e-06,7.4e-05,8e-06,2e-06,7.5e-05,1e-06,0.000118,9e-05,3e-05,1e-06,2e-06,2e-06,1e-06,4.2e-05,0.002218,4e-06,5e-06,6e-06,0.004523,1.5e-05,0.007723,1e-06,4e-06,0,0,2.7e-05,2.8e-05,0.00053,1e-05,9e-06,0.000362,0.006654,4.9e-05,8e-06,0.000203,0.002918,1e-06,8.8e-05,1.8e-05,0,1e-06,8.5e-05,1.6e-05,0.000528,0.012366,1e-06,2e-06,0.000292,8.8e-05,2.8e-05,3e-06,1e-05,0,0.000116,1e-06,1e-06,1e-06,0.000102,0,0.000606,2.4e-05,5.4e-05,3e-06,1e-04,1.5e-05,0.000737,0.000319,1.8e-05,2e-06,2e-06,4e-06,0.000201,1e-06,0,1e-05,0,0.000776,9e-06,5.8e-05,0,3e-06,0,2e-06,0.00041,8e-06,0.00046,5e-06,1e-06,0,0,0,0.000117,0.001168,3e-06,0,2e-06,0.000204,3e-05,1e-06,9.9e-05,0.012144,1e-06,0.001819,1e-06,2e-06,6e-06,0.000412,0,8.6e-05,0.002048,0.001002,4e-06,0.000688,4.7e-05,2.2e-05,1e-06,8e-06,1e-06,1e-06,1e-06,5.6e-05,1e-06,1e-06,0.000105,3e-06,0,0.000582,0,2.7e-05,0.000413,0.000233,1e-06,1e-06,0.000602,3e-06,2.4e-05,0.000386,1e-06,5e-06,3.2e-05,0,0.001076,1e-06,1e-06,1e-06,0,3e-06,0,2e-06,6e-06,1.5e-05,2e-06,0.00246,2.2e-05,3.4e-05,0.000418,1.1e-05,7.2e-05,1.3e-05,0,0,2e-06,1.7e-05,1e-06,0.000414,4.7e-05,5e-06,3e-06,2e-06,0.000715,8e-06,2e-06,1e-06,1.3e-05,0,1e-06,0.00076,0.000294,0.002206,0.000666,0.000489,6.1e-05,0.000122,0.004341,1.7e-05,2.3e-05,1.9e-05,2e-06,0.000133,0.000202,7.4e-05,0.001544,5.3e-05,0.000157,1e-06,8e-06,3e-06,0.001434,5e-06,0,1e-06,1e-06,1e-06,0.000173,1.7e-05,5e-06,0.000169,0.000117,7e-06,0,0.000122,1.8e-05,0.002701,9.7e-05,0.000197,0.000666,7e-06,2e-06,2.4e-05,0,0,1e-06,0,1e-06,0.001627,0.000598,0.001204,1e-06,0.00013,9e-06,0,1e-06,2e-06,2e-06,0.000192,0,4e-06,0.000261,0,0,0,0.000569,2e-06,0,5e-05,2e-06,0.000204,3.4e-05,1e-06,0.00068,1e-06,1e-06,1e-06,0,0,0,0
"arusha/arushaurban/themi",0,0,0,0,0,0,0,0,0,0,0,0,0,0,0,0,0,0,0,0,0,0,0,0,0,0,0,0,0,0,0,0,0,0,0,0,0,0,0,0,0,0,0,0,0,0,0,0,0,0,0,0,0,0,0,0,0,0,0,0,0,0,0,0,0,0,0,0,0,0,0,0,0,0,0,0,0,0,0,0,0,0,0,0,0,0,0,0,0,0,0,0,0,0,0,0,0,0,0,0,0,0,0,0,0,0,0,0,0,0,0,0,0,0,0,0,0,0,0,0,0,0,0,0,0,0,0,0,0,0,0,0,0,0,0,0,0,0,0,0,0,0,0,0,0,0,0,0,0,0,0,0,0,0,0,0,0,0,0,0,0,0,0,0,0,0,0,0,0,0,0,0,0,0,0,0,0,0,0,0,0,0,0,0,0,0,0,0,0,0,0,0,0,0,0,0,0,0,0,0,0,0,0,0,0,0,0,0,0,0,0,0,0,0,0,0,0,0,0,0,0,0,0,0,0,0,0,0,0,0,0,0,0,0,0,0,0,0,0,0,0,0,0,0,0,0,0,0,0,0,0,0,0,0,0,0,0,0,0,0,0,0,0,0,0,0,0,0,0,0,0,0,0,0,0,0,0,0,0,0,0,0,0,0,0,0,0,0,0,0,0,0,0,0,0,0,0,0,0,0,0,0,0,0,0,0,0,0,0,0,0,0,0,0,0,0,0,0,0,0,0,0,0,0,0,0,0,0,0,0,0,0,0,0,0,0,0,0,0,0,0,0,0,0,0,0,0,0,0,0,0,0,0,0,0,0,0,0,0,0,0,0,0,0,0,0,0,0,0,0,0,0,0,0,0,0,0,0,0,0,0,0,0,0,0,0,0,0,0,0,0,0,0,0,0,0,0,0
"arusha/longido/tingatinga",0,0,0,0,0,0,0,0,0,0,0,0,0,0,0,0,0,0,0,0,0,0,0,0,0,0,0,0,0,0,0,0,0,0,0,0,0,0,0,0,0,0,0,0,0,0,0,0,0,0,0,0,0,0,0,0,0,0,0,0,0,0,0,0,0,0,0,0,0,0,0,0,0,0,0,0,0,0,0,0,0,0,0,0,0,0,0,0,0,0,0,0,0,0,0,0,0,0,0,0,0,0,0,0,0,0,0,0,0,0,0,0,0,0,0,0,0,0,0,0,0,0,0,0,0,0,0,0,0,0,0,0,0,0,0,0,0,0,0,0,0,0,0,0,0,0,0,0,0,0,0,0,0,0,0,0,0,0,0,0,0,0,0,0,0,0,0,0,0,0,0,0,0,0,0,0,0,0,0,0,0,0,0,0,0,0,0,0,0,0,0,0,0,0,0,0,0,0,0,0,0,0,0,0,0,0,0,0,0,0,0,0,0,0,0,0,0,0,0,0,0,0,0,0,0,0,0,0,0,0,0,0,0,0,0,0,0,0,0,0,0,0,0,0,0,0,0,0,0,0,0,0,0,0,0,0,0,0,0,0,0,0,0,0,0,0,0,0,0,0,0,0,0,0,0,0,0,0,0,0,0,0,0,0,0,0,0,0,0,0,0,0,0,0,0,0,0,0,0,0,0,0,0,0,0,0,0,0,0,0,0,0,0,0,0,0,0,0,0,0,0,0,0,0,0,0,0,0,0,0,0,0,0,0,0,0,0,0,0,0,0,0,0,0,0,0,0,0,0,0,0,0,0,0,0,0,0,0,0,0,0,0,0,0,0,0,0,0,0,0,0,0,0,0,0,0,0,0,0,0,0,0,0,0,0,0,0,0,0,0,0,0,0,0,0,0,0,0
"manyara/mbulu/tlawi",0,0,0,0,0,0,0,0,0,0,0,0,0,0,0,0,0,0,0,0,0,0,0,0,0,0,0,0,0,0,0,0,0,0,0,0,0,0,0,0,0,0,0,0,0,0,0,0,0,0,0,0,0,0,0,0,0,0,0,0,0,0,0,0,0,0,0,0,0,0,0,0,0,0,0,0,0,0,0,0,0,0,0,0,0,0,0,0,0,0,0,0,0,0,0,0,0,0,0,0,0,0,0,0,0,0,0,0,0,0,0,0,0,0,0,0,0,0,0,0,0,0,0,0,0,0,0,0,0,0,0,0,0,0,0,0,0,0,0,0,0,0,0,0,0,0,0,0,0,0,0,0,0,0,0,0,0,0,0,0,0,0,0,0,0,0,0,0,0,0,0,0,0,0,0,0,0,0,0,0,0,0,0,0,0,0,0,0,0,0,0,0,0,0,0,0,0,0,0,0,0,0,0,0,0,0,0,0,0,0,0,0,0,0,0,0,0,0,0,0,0,0,0,0,0,0,0,0,0,0,0,0,0,0,0,0,0,0,0,0,0,0,0,0,0,0,0,0,0,0,0,0,0,0,0,0,0,0,0,0,0,0,0,0,0,0,0,0,0,0,0,0,0,0,0,0,0,0,0,0,0,0,0,0,0,0,0,0,0,0,0,0,0,0,0,0,0,0,0,0,0,0,0,0,0,0,0,0,0,0,0,0,0,0,0,0,0,0,0,0,0,0,0,0,0,0,0,0,0,0,0,0,0,0,0,0,0,0,0,0,0,0,0,0,0,0,0,0,0,0,0,0,0,0,0,0,0,0,0,0,0,0,0,0,0,0,0,0,0,0,0,0,0,0,0,0,0,0,0,0,0,0,0,0,0,0,0,0,0,0,0,0,0,0,0,0,0,0
"kilimanjaro/mwanga/toloha",0,0,0,0,0,0,0,0,0,0,0,0,0,0,0,0,0,0,0,0,0,0,0,0,0,0,0,0,0,0,0,0,0,0,0,0,0,0,0,0,0,0,0,0,0,0,0,0,0,0,0,0,0,0,0,0,0,0,0,0,0,0,0,0,0,0,0,0,0,0,0,0,0,0,0,0,0,0,0,0,0,0,0,0,0,0,0,0,0,0,0,0,0,0,0,0,0,0,0,0,0,0,0,0,0,0,0,0,0,0,0,0,0,0,0,0,0,0,0,0,0,0,0,0,0,0,0,0,0,0,0,0,0,0,0,0,0,0,0,0,0,0,0,0,0,0,0,0,0,0,0,0,0,0,0,0,0,0,0,0,0,0,0,0,0,0,0,0,0,0,0,0,0,0,0,0,0,0,0,0,0,0,0,0,0,0,0,0,0,0,0,0,0,0,0,0,0,0,0,0,0,0,0,0,0,0,0,0,0,0,0,0,0,0,0,0,0,0,0,0,0,0,0,0,0,0,0,0,0,0,0,0,0,0,0,0,0,0,0,0,0,0,0,0,0,0,0,0,0,0,0,0,0,0,0,0,0,0,0,0,0,0,0,0,0,0,0,0,0,0,0,0,0,0,0,0,0,0,0,0,0,0,0,0,0,0,0,0,0,0,0,0,0,0,0,0,0,0,0,0,0,0,0,0,0,0,0,0,0,0,0,0,0,0,0,0,0,0,0,0,0,0,0,0,0,0,0,0,0,0,0,0,0,0,0,0,0,0,0,0,0,0,0,0,0,0,0,0,0,0,0,0,0,0,0,0,0,0,0,0,0,0,0,0,0,0,0,0,0,0,0,0,0,0,0,0,0,0,0,0,0,0,0,0,0,0,0,0,0,0,0,0,0,0,0,0,0,0
"manyara/mbulu/tumati",0,0,0,0,0,0,0,0,0,0,0,0,0,0,0,0,0,0,0,0,0,0,0,0,0,0,0,0,0,0,0,0,0,0,0,0,0,0,0,0,0,0,0,0,0,0,0,0,0,0,0,0,0,0,0,0,0,0,0,0,0,0,0,0,0,0,0,0,0,0,0,0,0,0,0,0,0,0,0,0,0,0,0,0,0,0,0,0,0,0,0,0,0,0,0,0,0,0,0,0,0,0,0,0,0,0,0,0,0,0,0,0,0,0,0,0,0,0,0,0,0,0,0,0,0,0,0,0,0,0,0,0,0,0,0,0,0,0,0,0,0,0,0,0,0,0,0,0,0,0,0,0,0,0,0,0,0,0,0,0,0,0,0,0,0,0,0,0,0,0,0,0,0,0,0,0,0,0,0,0,0,0,0,0,0,0,0,0,0,0,0,0,0,0,0,0,0,0,0,0,0,0,0,0,0,0,0,0,0,0,0,0,0,0,0,0,0,0,0,0,0,0,0,0,0,0,0,0,0,0,0,0,0,0,0,0,0,0,0,0,0,0,0,0,0,0,0,0,0,0,0,0,0,0,0,0,0,0,0,0,0,0,0,0,0,0,0,0,0,0,0,0,0,0,0,0,0,0,0,0,0,0,0,0,0,0,0,0,0,0,0,0,0,0,0,0,0,0,0,0,0,0,0,0,0,0,0,0,0,0,0,0,0,0,0,0,0,0,0,0,0,0,0,0,0,0,0,0,0,0,0,0,0,0,0,0,0,0,0,0,0,0,0,0,0,0,0,0,0,0,0,0,0,0,0,0,0,0,0,0,0,0,0,0,0,0,0,0,0,0,0,0,0,0,0,0,0,0,0,0,0,0,0,0,0,0,0,0,0,0,0,0,0,0,0,0,0,0
"kilimanjaro/rombo/ubetukahe",0,0,0,0,0,0,0,0,0,0,0,0,0,0,0,0,0,0,0,0,0,0,0,0,0,0,0,0,0,0,0,0,0,0,0,0,0,0,0,0,0,0,0,0,0,0,0,0,0,0,0,0,0,0,0,0,0,0,0,0,0,0,0,0,0,0,0,0,0,0,0,0,0,0,0,0,0,0,0,0,0,0,0,0,0,0,0,0,0,0,0,0,0,0,0,0,0,0,0,0,0,0,0,0,0,0,0,0,0,0,0,0,0,0,0,0,0,0,0,0,0,0,0,0,0,0,0,0,0,0,0,0,0,0,0,0,0,0,0,0,0,0,0,0,0,0,0,0,0,0,0,0,0,0,0,0,0,0,0,0,0,0,0,0,0,0,0,0,0,0,0,0,0,0,0,0,0,0,0,0,0,0,0,0,0,0,0,0,0,0,0,0,0,0,0,0,0,0,0,0,0,0,0,0,0,0,0,0,0,0,0,0,0,0,0,0,0,0,0,0,0,0,0,0,0,0,0,0,0,0,0,0,0,0,0,0,0,0,0,0,0,0,0,0,0,0,0,0,0,0,0,0,0,0,0,0,0,0,0,0,0,0,0,0,0,0,0,0,0,0,0,0,0,0,0,0,0,0,0,0,0,0,0,0,0,0,0,0,0,0,0,0,0,0,0,0,0,0,0,0,0,0,0,0,0,0,0,0,0,0,0,0,0,0,0,0,0,0,0,0,0,0,0,0,0,0,0,0,0,0,0,0,0,0,0,0,0,0,0,0,0,0,0,0,0,0,0,0,0,0,0,0,0,0,0,0,0,0,0,0,0,0,0,0,0,0,0,0,0,0,0,0,0,0,0,0,0,0,0,0,0,0,0,0,0,0,0,0,0,0,0,0,0,0,0,0,0,0
"manyara/babati/ufana",0.000193,0.000103,2.3e-05,0.000498,0.000679,0.000924,9.4e-05,9.9e-05,0.000254,0.040598,0.00101,0.000363,0.000145,0.002209,0.006989,0.000264,0.000748,0.015319,0.001855,0.004217,2.3e-05,0.000107,0.000201,1.8e-05,1.8e-05,6e-06,0.000364,9.7e-05,8e-06,2.7e-05,0.001175,6.3e-05,1.1e-05,1.4e-05,0.000312,0.004694,0.000215,0.038283,0.000401,0.000592,0.001353,0.000211,0.001415,0.036342,0.000289,0.000453,0.000102,0.050662,0.010194,0.000127,0.000196,0.000114,8.8e-05,0.001227,0.021234,0.000573,2.9e-05,0.00012,0.000849,0.024016,0.000454,0.001393,0.000934,0.000169,0,0.001473,0.000764,0.000345,0.000655,0.00792,5.2e-05,0.000152,3.6e-05,0.002049,0.00184,0.000823,0.000139,0.001431,0.000406,0.000896,0.000176,0.001123,0.002059,0.000258,0.004151,0.000123,0.006672,0.003038,0.018062,0.002618,0.000269,0.000406,0.006457,0.001093,5.7e-05,0.013296,0.000405,8e-06,0.002992,0.000744,0.000192,0.000101,0.000694,0.000332,9.3e-05,0.003891,0.000125,0.000606,0.000242,0.006005,0.000286,0.001902,0.01492,8e-06,2.9e-05,2.1e-05,0.00239,3.7e-05,0.003389,0.000313,0.000117,0.005959,2.1e-05,7.8e-05,9e-06,0.000283,0.001016,0.008053,0.000783,2.2e-05,1.9e-05,0.000493,0.001418,0.000138,6e-06,0.001206,6.7e-05,0.000405,0.007605,0.00098,0.000455,1.6e-05,0.000426,9.1e-05,4e-05,0.001133,0.000497,0.001488,0.001234,0.00041,1.9e-05,1.7e-05,3.3e-05,2.5e-05,0.001094,0.013684,6.1e-05,9.6e-05,0.000154,0.047803,0.000212,0.003549,8e-06,5.6e-05,0.000487,0.000248,0.000282,0.000233,0.002414,0.000122,0.000357,0.003989,0.035413,0.000554,0.000101,0.001386,0.009215,2e-05,0.000985,0.000751,9e-06,0.000124,0.002111,0.000166,0.006234,0.165071,1.3e-05,2.4e-05,0.003163,0.000953,0.00026,0.01021,0.00121,0.001611,0.008213,8.7e-05,2.2e-05,0.000248,0.001152,2.8e-05,0.0038,0.000654,0.000806,1.7e-05,0.001678,0.000131,0.010696,0.004057,0.001579,2.6e-05,2.3e-05,0.000151,0.003496,1e-05,7.3e-05,0.000284,8.1e-05,0.015371,0.000139,0.00087,0.002802,1.8e-05,0.000742,2.4e-05,0.003775,8.5e-05,0.005337,4.5e-05,0.000812,0.000542,0.000378,0.000344,0.005138,0.005009,0.000315,1e-06,2.7e-05,0.000501,0.00111,1.8e-05,0.000409,0.083027,9e-06,0.018462,1.3e-05,1.8e-05,6.3e-05,0.001732,0.001299,0.000233,0.01171,0.009714,3.6e-05,0.003172,0.000847,0.000563,2.6e-05,0.000108,1.5e-05,1.7e-05,1.3e-05,0.000298,3.5e-05,1.7e-05,0.004305,9.1e-05,0.000507,0.004312,0.000103,0.001853,0.003532,0.002822,1.8e-05,1.7e-05,0.00933,4.9e-05,0.000653,0.001284,0.000211,0.000337,0.000168,2.7e-05,0.029488,0.000889,3.5e-05,0.000248,0.000311,5.5e-05,0.006703,2e-05,0.000226,0.000234,5e-05,0.009001,0.000255,0.000449,0.002765,6.2e-05,0.000597,0.001886,9e-06,6e-06,1.7e-05,0.000249,6.1e-05,0.016466,0.000266,3.4e-05,2.1e-05,2.2e-05,0.002547,0.000687,0.000206,1.4e-05,0.000167,5.1e-05,3.9e-05,0.005683,0.005389,0.003524,0.000582,0.004244,0.000515,0.002296,0.02057,0.001069,0.001292,9.6e-05,0.000162,0.000819,0.001219,0.00052,0.022738,0.003952,0.00135,4.6e-05,8.6e-05,0.000181,0.008071,0.000308,5.5e-05,1.5e-05,4.6e-05,0.000517,0.002547,0.000485,0.000389,0.001352,0.001861,0.000524,9.9e-05,0.00125,0.000103,0.014533,0.001898,0.001723,0.001179,9.5e-05,3.8e-05,0.00025,0.000403,0.000209,0.000254,0.000139,0.000109,0.009413,0.001943,0.006115,8.1e-05,0.000931,9.5e-05,5e-06,2.1e-05,9.8e-05,4.4e-05,0.00065,0.000492,2.2e-05,0.003344,0.000252,9e-06,0.000908,0.010828,0,8.4e-05,0.000261,2.1e-05,0.002406,0.000442,1.5e-05,0.003598,1.7e-05,1.8e-05,3.7e-05,6e-06,8e-06,0.000662,0.000308
"manyara/mbulu/uhuru",0,0,0,0,0,0,0,0,0,0,0,0,0,0,0,0,0,0,0,0,0,0,0,0,0,0,0,0,0,0,0,0,0,0,0,0,0,0,0,0,0,0,0,0,0,0,0,0,0,0,0,0,0,0,0,0,0,0,0,0,0,0,0,0,0,0,0,0,0,0,0,0,0,0,0,0,0,0,0,0,0,0,0,0,0,0,0,0,0,0,0,0,0,0,0,0,0,0,0,0,0,0,0,0,0,0,0,0,0,0,0,0,0,0,0,0,0,0,0,0,0,0,0,0,0,0,0,0,0,0,0,0,0,0,0,0,0,0,0,0,0,0,0,0,0,0,0,0,0,0,0,0,0,0,0,0,0,0,0,0,0,0,0,0,0,0,0,0,0,0,0,0,0,0,0,0,0,0,0,0,0,0,0,0,0,0,0,0,0,0,0,0,0,0,0,0,0,0,0,0,0,0,0,0,0,0,0,0,0,0,0,0,0,0,0,0,0,0,0,0,0,0,0,0,0,0,0,0,0,0,0,0,0,0,0,0,0,0,0,0,0,0,0,0,0,0,0,0,0,0,0,0,0,0,0,0,0,0,0,0,0,0,0,0,0,0,0,0,0,0,0,0,0,0,0,0,0,0,0,0,0,0,0,0,0,0,0,0,0,0,0,0,0,0,0,0,0,0,0,0,0,0,0,0,0,0,0,0,0,0,0,0,0,0,0,0,0,0,0,0,0,0,0,0,0,0,0,0,0,0,0,0,0,0,0,0,0,0,0,0,0,0,0,0,0,0,0,0,0,0,0,0,0,0,0,0,0,0,0,0,0,0,0,0,0,0,0,0,0,0,0,0,0,0,0,0,0,0,0,0,0,0,0,0,0,0,0,0,0,0,0,0,0,0,0,0,0,0
"arusha/arushaurban/ungaltd",0,0,0,0,0,0,0,0,0,0,0,0,0,0,0,0,0,0,0,0,0,0,0,0,0,0,0,0,0,0,0,0,0,0,0,0,0,0,0,0,0,0,0,0,0,0,0,0,0,0,0,0,0,0,0,0,0,0,0,0,0,0,0,0,0,0,0,0,0,0,0,0,0,0,0,0,0,0,0,0,0,0,0,0,0,0,0,0,0,0,0,0,0,0,0,0,0,0,0,0,0,0,0,0,0,0,0,0,0,0,0,0,0,0,0,0,0,0,0,0,0,0,0,0,0,0,0,0,0,0,0,0,0,0,0,0,0,0,0,0,0,0,0,0,0,0,0,0,0,0,0,0,0,0,0,0,0,0,0,0,0,0,0,0,0,0,0,0,0,0,0,0,0,0,0,0,0,0,0,0,0,0,0,0,0,0,0,0,0,0,0,0,0,0,0,0,0,0,0,0,0,0,0,0,0,0,0,0,0,0,0,0,0,0,0,0,0,0,0,0,0,0,0,0,0,0,0,0,0,0,0,0,0,0,0,0,0,0,0,0,0,0,0,0,0,0,0,0,0,0,0,0,0,0,0,0,0,0,0,0,0,0,0,0,0,0,0,0,0,0,0,0,0,0,0,0,0,0,0,0,0,0,0,0,0,0,0,0,0,0,0,0,0,0,0,0,0,0,0,0,0,0,0,0,0,0,0,0,0,0,0,0,0,0,0,0,0,0,0,0,0,0,0,0,0,0,0,0,0,0,0,0,0,0,0,0,0,0,0,0,0,0,0,0,0,0,0,0,0,0,0,0,0,0,0,0,0,0,0,0,0,0,0,0,0,0,0,0,0,0,0,0,0,0,0,0,0,0,0,0,0,0,0,0,0,0,0,0,0,0,0,0,0,0,0,0,0,0
"kilimanjaro/moshi/urukaskazini",0,0,0,0,0,0,0,0,0,0,0,0,0,0,0,0,0,0,0,0,0,0,0,0,0,0,0,0,0,0,0,0,0,0,0,0,0,0,0,0,0,0,0,0,0,0,0,0,0,0,0,0,0,0,0,0,0,0,0,0,0,0,0,0,0,0,0,0,0,0,0,0,0,0,0,0,0,0,0,0,0,0,0,0,0,0,0,0,0,0,0,0,0,0,0,0,0,0,0,0,0,0,0,0,0,0,0,0,0,0,0,0,0,0,0,0,0,0,0,0,0,0,0,0,0,0,0,0,0,0,0,0,0,0,0,0,0,0,0,0,0,0,0,0,0,0,0,0,0,0,0,0,0,0,0,0,0,0,0,0,0,0,0,0,0,0,0,0,0,0,0,0,0,0,0,0,0,0,0,0,0,0,0,0,0,0,0,0,0,0,0,0,0,0,0,0,0,0,0,0,0,0,0,0,0,0,0,0,0,0,0,0,0,0,0,0,0,0,0,0,0,0,0,0,0,0,0,0,0,0,0,0,0,0,0,0,0,0,0,0,0,0,0,0,0,0,0,0,0,0,0,0,0,0,0,0,0,0,0,0,0,0,0,0,0,0,0,0,0,0,0,0,0,0,0,0,0,0,0,0,0,0,0,0,0,0,0,0,0,0,0,0,0,0,0,0,0,0,0,0,0,0,0,0,0,0,0,0,0,0,0,0,0,0,0,0,0,0,0,0,0,0,0,0,0,0,0,0,0,0,0,0,0,0,0,0,0,0,0,0,0,0,0,0,0,0,0,0,0,0,0,0,0,0,0,0,0,0,0,0,0,0,0,0,0,0,0,0,0,0,0,0,0,0,0,0,0,0,0,0,0,0,0,0,0,0,0,0,0,0,0,0,0,0,0,0,0,0
"kilimanjaro/moshi/urukusini",1e-06,0,2e-06,0,0,5.8e-05,0,0,0,1e-06,0,0,1e-06,1.2e-05,0,0,0,0,0,0,0,4e-06,0,7e-06,0,3e-06,0,0,0,0,6e-06,0,0,0,0,0,1e-06,0,0,0,0,0,0,0,0,0,0,0.000204,4e-06,0,0,0,0,0,0,0,0,0,1e-06,2e-06,1e-06,1e-06,3e-06,0,0,7e-06,1e-06,0,0,1e-06,0,0,1e-06,0,0,1e-06,0,0,0,0,0,0,0,0,0,0,0.000581,0,0,5e-06,0,0,0.000344,6e-06,0,0,2.6e-05,0,0.000203,5e-05,0,0,1e-06,1e-06,3.7e-05,9.2e-05,0,0.000439,5e-06,1e-06,2.1e-05,0.000175,0,0,3e-06,2e-06,0.000109,0,0.002302,1e-04,4.5e-05,0.002427,0,1e-06,0,1e-06,0,0.000154,7e-06,5e-06,3e-06,5.3e-05,6.3e-05,0.000133,0,6e-06,0,0.000164,2.8e-05,0.000919,1.3e-05,0,2e-06,0.000184,2e-06,1.7e-05,0,0.000247,0.000337,6.3e-05,2e-06,0,1e-06,0,4e-06,2.8e-05,3e-06,0,0,0.032646,7e-06,4e-06,4e-06,1e-06,0,0,7e-06,4e-06,1e-05,2e-06,0,2e-06,0.000154,2e-06,6e-06,0,3e-06,0,0.001703,0,0,0,4e-06,2.3e-05,0.00138,0.053231,1e-06,4e-06,0.001206,0.000184,4.5e-05,0,0,0,0,0,1e-06,0,0.000899,0,5.3e-05,0,2e-06,0,0.000157,4e-06,0.000739,1e-06,0,3e-06,2e-06,0,0.000182,1e-06,0,1e-06,0,0.000677,2.3e-05,0.00011,0,0,0,3e-06,0.000432,7e-06,0.000689,5e-06,0,0,0,0,6e-06,1.3e-05,0,1e-06,1.8e-05,4e-06,0,1e-06,5e-06,7e-05,9e-06,0.000169,0,1e-05,3.9e-05,1e-05,0,0,5.4e-05,1.7e-05,0,1.6e-05,4.1e-05,1e-06,2e-06,3e-06,8e-06,0,0,8e-06,0,0,1e-06,0,0,1e-05,0,0,1e-05,7e-05,0,0,0.000748,4e-06,1e-06,2e-06,0,0,3e-06,0,0.000112,0,0,0,0,4e-06,0,1e-06,0,6e-06,0,6e-05,0.000129,1.5e-05,2.8e-05,0,5e-06,0,0,0,1e-05,2e-06,0,1e-06,2e-06,0,0,6e-06,8e-06,0,0,4e-06,8.9e-05,0,0,3.6e-05,0.000359,1e-05,1e-06,1.6e-05,2.8e-05,3.6e-05,8.4e-05,0,1e-06,0,0,3e-06,6e-06,2e-06,8.9e-05,2e-06,2e-06,0,3.3e-05,0,6.9e-05,0,0,2.2e-05,0,0,8e-06,1e-06,0,7e-06,1e-05,0,0,4.9e-05,1e-06,6.8e-05,1e-06,2e-06,6e-06,2e-06,2e-06,0.000111,0,0,0,0,0,5.2e-05,8e-06,2.3e-05,0,9e-06,5.6e-05,0,0,0,3e-06,2e-06,0,0,2.9e-05,0,0,0,0.000606,0,0,1e-06,1.1e-05,0,0.000366,9e-06,3.6e-05,2e-06,0,0,0,0,0,0
"kilimanjaro/moshi/urumashariki",0,0,0,0,0,0,0,0,0,0,0,0,0,0,0,0,0,0,0,0,0,0,0,0,0,0,0,0,0,0,0,0,0,0,0,0,0,0,0,0,0,0,0,0,0,0,0,0,0,0,0,0,0,0,0,0,0,0,0,0,0,0,0,0,0,0,0,0,0,0,0,0,0,0,0,0,0,0,0,0,0,0,0,0,0,0,0,0,0,0,0,0,0,0,0,0,0,0,0,0,0,0,0,0,0,0,0,0,0,0,0,0,0,0,0,0,0,0,0,0,0,0,0,0,0,0,0,0,0,0,0,0,0,0,0,0,0,0,0,0,0,0,0,0,0,0,0,0,0,0,0,0,0,0,0,0,0,0,0,0,0,0,0,0,0,0,0,0,0,0,0,0,0,0,0,0,0,0,0,0,0,0,0,0,0,0,0,0,0,0,0,0,0,0,0,0,0,0,0,0,0,0,0,0,0,0,0,0,0,0,0,0,0,0,0,0,0,0,0,0,0,0,0,0,0,0,0,0,0,0,0,0,0,0,0,0,0,0,0,0,0,0,0,0,0,0,0,0,0,0,0,0,0,0,0,0,0,0,0,0,0,0,0,0,0,0,0,0,0,0,0,0,0,0,0,0,0,0,0,0,0,0,0,0,0,0,0,0,0,0,0,0,0,0,0,0,0,0,0,0,0,0,0,0,0,0,0,0,0,0,0,0,0,0,0,0,0,0,0,0,0,0,0,0,0,0,0,0,0,0,0,0,0,0,0,0,0,0,0,0,0,0,0,0,0,0,0,0,0,0,0,0,0,0,0,0,0,0,0,0,0,0,0,0,0,0,0,0,0,0,0,0,0,0,0,0,0,0,0,0,0,0,0,0,0,0,0,0,0,0,0,0,0,0,0,0,0,0
"kilimanjaro/moshi/urushimbwe",0,0,0,0,0,0,0,0,0,0,0,0,0,0,0,0,0,0,0,0,0,0,0,0,0,0,0,0,0,0,0,0,0,0,0,0,0,0,0,0,0,0,0,0,0,0,0,0,0,0,0,0,0,0,0,0,0,0,0,0,0,0,0,0,0,0,0,0,0,0,0,0,0,0,0,0,0,0,0,0,0,0,0,0,0,0,0,0,0,0,0,0,0,0,0,0,0,0,0,0,0,0,0,0,0,0,0,0,0,0,0,0,0,0,0,0,0,0,0,0,0,0,0,0,0,0,0,0,0,0,0,0,0,0,0,0,0,0,0,0,0,0,0,0,0,0,0,0,0,0,0,0,0,0,0,0,0,0,0,0,0,0,0,0,0,0,0,0,0,0,0,0,0,0,0,0,0,0,0,0,0,0,0,0,0,0,0,0,0,0,0,0,0,0,0,0,0,0,0,0,0,0,0,0,0,0,0,0,0,0,0,0,0,0,0,0,0,0,0,0,0,0,0,0,0,0,0,0,0,0,0,0,0,0,0,0,0,0,0,0,0,0,0,0,0,0,0,0,0,0,0,0,0,0,0,0,0,0,0,0,0,0,0,0,0,0,0,0,0,0,0,0,0,0,0,0,0,0,0,0,0,0,0,0,0,0,0,0,0,0,0,0,0,0,0,0,0,0,0,0,0,0,0,0,0,0,0,0,0,0,0,0,0,0,0,0,0,0,0,0,0,0,0,0,0,0,0,0,0,0,0,0,0,0,0,0,0,0,0,0,0,0,0,0,0,0,0,0,0,0,0,0,0,0,0,0,0,0,0,0,0,0,0,0,0,0,0,0,0,0,0,0,0,0,0,0,0,0,0,0,0,0,0,0,0,0,0,0,0,0,0,0,0,0,0,0,0,0
"arusha/meru/usariver",0.000969,1e-06,2e-06,3e-06,0,0.000178,0,0,0,1.9e-05,0,0,0.000272,0.004482,3e-06,0,0,0,0,0,0,7.5e-05,0,4e-06,0,1e-06,0,0,0,1e-06,0.001018,0,0,1e-06,1e-06,0,0.000229,3e-06,0,7e-06,0,0,7e-06,2e-06,1e-06,0,5e-06,0.039342,0.000178,0,0,0,0,0,2e-06,0,1.9e-05,0,1.9e-05,5.3e-05,2e-05,2.9e-05,0.000131,1e-06,0,0.001845,0.000106,0,5e-06,1.8e-05,0,0,1.6e-05,2e-06,0,2.1e-05,3e-06,0,0,0,0,0,0,0,0,0,0.003619,0,1e-06,4.9e-05,0,0,0.000605,0.001152,2e-06,5e-06,0.000173,1e-06,0.000448,9.2e-05,0,0,1.3e-05,0.00034,2e-05,0.000458,0,0.000156,0.000186,2.3e-05,0.000115,0.000226,1e-06,8e-06,3e-06,2e-06,0.001676,0,0.000667,6.7e-05,3e-05,0.001213,1e-06,6e-06,1e-06,5e-06,6e-06,0.023832,0.003299,3e-06,3e-06,6.2e-05,0.000148,3.3e-05,0,0.001846,5.4e-05,7e-05,0.000539,0.000272,0.000676,0,0.000357,2.3e-05,4e-06,7.4e-05,0,0.000225,0.000188,5.6e-05,2e-06,1e-06,3e-06,1e-06,2.8e-05,0.00307,5e-06,5e-06,2e-06,0.011346,1.8e-05,0.000167,2e-06,3e-06,0,0,3e-05,0.000308,0.002721,9e-06,2e-06,0.000134,0.033769,2e-05,3.7e-05,1.3e-05,0.000177,2e-06,0.000236,6e-06,0,1e-06,3.9e-05,3.3e-05,0.001844,0.0575,3e-06,6e-06,0.001001,0.000336,7.5e-05,1e-06,2e-06,0,1.3e-05,0,2e-06,0,0.000248,0,0.022639,4e-06,1.9e-05,2.1e-05,0.000189,0.000113,0.001167,7.3e-05,1.1e-05,3e-06,3e-06,0,0.000316,1e-06,0,6e-06,0,0.001325,1.9e-05,0.000108,0,6.5e-05,0,1e-05,0.001855,3.9e-05,0.001789,1.6e-05,0,0,0,0,0.000129,0.001859,1e-06,0,5e-06,0.000552,1.1e-05,2e-06,0.000267,0.004924,2e-06,0.001007,0,4e-06,1.3e-05,0.004743,0,4.8e-05,0.012317,0.001058,5e-06,0.005982,0.000115,1.2e-05,3e-06,9e-06,3e-06,0,0,5.1e-05,0,0,2.9e-05,4e-06,0,0.000998,0,4e-06,0.001,0.000265,1e-06,0,0.001012,5e-06,1.3e-05,5e-05,0,3e-06,4.7e-05,0,0.001948,0,0,0,0,6e-06,0,1e-05,1e-06,5.3e-05,1e-06,0.020576,4.9e-05,0.000145,0.002318,5.5e-05,4.7e-05,6e-06,1e-06,0,4e-06,1.1e-05,0,5.8e-05,0.000741,0.000234,6.5e-05,5e-06,0.00129,3e-06,1e-06,3e-06,2.9e-05,0,0,0.00259,0.000565,0.001253,9.1e-05,0.001698,0.000391,0.000336,0.013435,8e-06,1.1e-05,0.000143,1e-06,0.000514,0.001534,0.000233,0.002358,3.8e-05,2.9e-05,0,2e-05,3e-06,0.073949,1e-06,0,3e-06,0,0,8.3e-05,7e-06,4e-06,0.00095,7.4e-05,5e-06,0,0.000735,0.000581,0.017249,4.1e-05,0.000122,0.000233,7e-06,4e-06,6.3e-05,0,0,0,0,1e-06,0.015358,0.001751,0.004705,0,0.00229,2.3e-05,0,0,1e-06,5e-06,0.000435,2.5e-05,2.9e-05,0.000531,0,0,0,0.001099,1e-06,0,0.000244,4e-06,0.000547,8.2e-05,3e-06,0,2e-06,0,1e-06,0,0,0,0
"kilimanjaro/rombo/ushiriikuini",0,0,0,0,0,0,0,0,0,0,0,0,0,0,0,0,0,0,0,0,0,0,0,0,0,0,0,0,0,0,0,0,0,0,0,0,0,0,0,0,0,0,0,0,0,0,0,0,0,0,0,0,0,0,0,0,0,0,0,0,0,0,0,0,0,0,0,0,0,0,0,0,0,0,0,0,0,0,0,0,0,0,0,0,0,0,0,0,0,0,0,0,0,0,0,0,0,0,0,0,0,0,0,0,0,0,0,0,0,0,0,0,0,0,0,0,0,0,0,0,0,0,0,0,0,0,0,0,0,0,0,0,0,0,0,0,0,0,0,0,0,0,0,0,0,0,0,0,0,0,0,0,0,0,0,0,0,0,0,0,0,0,0,0,0,0,0,0,0,0,0,0,0,0,0,0,0,0,0,0,0,0,0,0,0,0,0,0,0,0,0,0,0,0,0,0,0,0,0,0,0,0,0,0,0,0,0,0,0,0,0,0,0,0,0,0,0,0,0,0,0,0,0,0,0,0,0,0,0,0,0,0,0,0,0,0,0,0,0,0,0,0,0,0,0,0,0,0,0,0,0,0,0,0,0,0,0,0,0,0,0,0,0,0,0,0,0,0,0,0,0,0,0,0,0,0,0,0,0,0,0,0,0,0,0,0,0,0,0,0,0,0,0,0,0,0,0,0,0,0,0,0,0,0,0,0,0,0,0,0,0,0,0,0,0,0,0,0,0,0,0,0,0,0,0,0,0,0,0,0,0,0,0,0,0,0,0,0,0,0,0,0,0,0,0,0,0,0,0,0,0,0,0,0,0,0,0,0,0,0,0,0,0,0,0,0,0,0,0,0,0,0,0,0,0,0,0,0,0,0,0,0,0,0,0,0,0,0,0,0,0,0,0,0,0,0,0,0
"kilimanjaro/same/vudee",0,0,0,0,0,0,0,0,0,0,0,0,0,0,0,0,0,0,0,0,0,0,0,0,0,0,0,0,0,0,0,0,0,0,0,0,0,0,0,0,0,0,0,0,0,0,0,0,0,0,0,0,0,0,0,0,0,0,0,0,0,0,0,0,0,0,0,0,0,0,0,0,0,0,0,0,0,0,0,0,0,0,0,0,0,0,0,0,0,0,0,0,0,0,0,0,0,0,0,0,0,0,0,0,0,0,0,0,0,0,0,0,0,0,0,0,0,0,0,0,0,0,0,0,0,0,0,0,0,0,0,0,0,0,0,0,0,0,0,0,0,0,0,0,0,0,0,0,0,0,0,0,0,0,0,0,0,0,0,0,0,0,0,0,0,0,0,0,0,0,0,0,0,0,0,0,0,0,0,0,0,0,0,0,0,0,0,0,0,0,0,0,0,0,0,0,0,0,0,0,0,0,0,0,0,0,0,0,0,0,0,0,0,0,0,0,0,0,0,0,0,0,0,0,0,0,0,0,0,0,0,0,0,0,0,0,0,0,0,0,0,0,0,0,0,0,0,0,0,0,0,0,0,0,0,0,0,0,0,0,0,0,0,0,0,0,0,0,0,0,0,0,0,0,0,0,0,0,0,0,0,0,0,0,0,0,0,0,0,0,0,0,0,0,0,0,0,0,0,0,0,0,0,0,0,0,0,0,0,0,0,0,0,0,0,0,0,0,0,0,0,0,0,0,0,0,0,0,0,0,0,0,0,0,0,0,0,0,0,0,0,0,0,0,0,0,0,0,0,0,0,0,0,0,0,0,0,0,0,0,0,0,0,0,0,0,0,0,0,0,0,0,0,0,0,0,0,0,0,0,0,0,0,0,0,0,0,0,0,0,0,0,0,0,0,0,0,0
"kilimanjaro/same/vuje",0,0,0,0,0,0,0,0,0,0,0,0,0,0,0,0,0,0,0,0,0,0,0,0,0,0,0,0,0,0,0,0,0,0,0,0,0,0,0,0,0,0,0,0,0,0,0,0,0,0,0,0,0,0,0,0,0,0,0,0,0,0,0,0,0,0,0,0,0,0,0,0,0,0,0,0,0,0,0,0,0,0,0,0,0,0,0,0,0,0,0,0,0,0,0,0,0,0,0,0,0,0,0,0,0,0,0,0,0,0,0,0,0,0,0,0,0,0,0,0,0,0,0,0,0,0,0,0,0,0,0,0,0,0,0,0,0,0,0,0,0,0,0,0,0,0,0,0,0,0,0,0,0,0,0,0,0,0,0,0,0,0,0,0,0,0,0,0,0,0,0,0,0,0,0,0,0,0,0,0,0,0,0,0,0,0,0,0,0,0,0,0,0,0,0,0,0,0,0,0,0,0,0,0,0,0,0,0,0,0,0,0,0,0,0,0,0,0,0,0,0,0,0,0,0,0,0,0,0,0,0,0,0,0,0,0,0,0,0,0,0,0,0,0,0,0,0,0,0,0,0,0,0,0,0,0,0,0,0,0,0,0,0,0,0,0,0,0,0,0,0,0,0,0,0,0,0,0,0,0,0,0,0,0,0,0,0,0,0,0,0,0,0,0,0,0,0,0,0,0,0,0,0,0,0,0,0,0,0,0,0,0,0,0,0,0,0,0,0,0,0,0,0,0,0,0,0,0,0,0,0,0,0,0,0,0,0,0,0,0,0,0,0,0,0,0,0,0,0,0,0,0,0,0,0,0,0,0,0,0,0,0,0,0,0,0,0,0,0,0,0,0,0,0,0,0,0,0,0,0,0,0,0,0,0,0,0,0,0,0,0,0,0,0,0,0,0,0
"kilimanjaro/same/vumari",0,0,0,0,0,0,0,0,0,0,0,0,0,0,0,0,0,0,0,0,0,0,0,0,0,0,0,0,0,0,0,0,0,0,0,0,0,0,0,0,0,0,0,0,0,0,0,0,0,0,0,0,0,0,0,0,0,0,0,0,0,0,0,0,0,0,0,0,0,0,0,0,0,0,0,0,0,0,0,0,0,0,0,0,0,0,0,0,0,0,0,0,0,0,0,0,0,0,0,0,0,0,0,0,0,0,0,0,0,0,0,0,0,0,0,0,0,0,0,0,0,0,0,0,0,0,0,0,0,0,0,0,0,0,0,0,0,0,0,0,0,0,0,0,0,0,0,0,0,0,0,0,0,0,0,0,0,0,0,0,0,0,0,0,0,0,0,0,0,0,0,0,0,0,0,0,0,0,0,0,0,0,0,0,0,0,0,0,0,0,0,0,0,0,0,0,0,0,0,0,0,0,0,0,0,0,0,0,0,0,0,0,0,0,0,0,0,0,0,0,0,0,0,0,0,0,0,0,0,0,0,0,0,0,0,0,0,0,0,0,0,0,0,0,0,0,0,0,0,0,0,0,0,0,0,0,0,0,0,0,0,0,0,0,0,0,0,0,0,0,0,0,0,0,0,0,0,0,0,0,0,0,0,0,0,0,0,0,0,0,0,0,0,0,0,0,0,0,0,0,0,0,0,0,0,0,0,0,0,0,0,0,0,0,0,0,0,0,0,0,0,0,0,0,0,0,0,0,0,0,0,0,0,0,0,0,0,0,0,0,0,0,0,0,0,0,0,0,0,0,0,0,0,0,0,0,0,0,0,0,0,0,0,0,0,0,0,0,0,0,0,0,0,0,0,0,0,0,0,0,0,0,0,0,0,0,0,0,0,0,0,0,0,0,0,0,0,0
"kilimanjaro/same/vunta",0,0,0,0,0,0,0,0,0,0,0,0,0,0,0,0,0,0,0,0,0,0,0,0,0,0,0,0,0,0,0,0,0,0,0,0,0,0,0,0,0,0,0,0,0,0,0,0,0,0,0,0,0,0,0,0,0,0,0,0,0,0,0,0,0,0,0,0,0,0,0,0,0,0,0,0,0,0,0,0,0,0,0,0,0,0,0,0,0,0,0,0,0,0,0,0,0,0,0,0,0,0,0,0,0,0,0,0,0,0,0,0,0,0,0,0,0,0,0,0,0,0,0,0,0,0,0,0,0,0,0,0,0,0,0,0,0,0,0,0,0,0,0,0,0,0,0,0,0,0,0,0,0,0,0,0,0,0,0,0,0,0,0,0,0,0,0,0,0,0,0,0,0,0,0,0,0,0,0,0,0,0,0,0,0,0,0,0,0,0,0,0,0,0,0,0,0,0,0,0,0,0,0,0,0,0,0,0,0,0,0,0,0,0,0,0,0,0,0,0,0,0,0,0,0,0,0,0,0,0,0,0,0,0,0,0,0,0,0,0,0,0,0,0,0,0,0,0,0,0,0,0,0,0,0,0,0,0,0,0,0,0,0,0,0,0,0,0,0,0,0,0,0,0,0,0,0,0,0,0,0,0,0,0,0,0,0,0,0,0,0,0,0,0,0,0,0,0,0,0,0,0,0,0,0,0,0,0,0,0,0,0,0,0,0,0,0,0,0,0,0,0,0,0,0,0,0,0,0,0,0,0,0,0,0,0,0,0,0,0,0,0,0,0,0,0,0,0,0,0,0,0,0,0,0,0,0,0,0,0,0,0,0,0,0,0,0,0,0,0,0,0,0,0,0,0,0,0,0,0,0,0,0,0,0,0,0,0,0,0,0,0,0,0,0,0,0,0
"manyara/mbulu/yaedaampa",0,0,0,0,0,0,0,0,0,0,0,0,0,0,0,0,0,0,0,0,0,0,0,0,0,0,0,0,0,0,0,0,0,0,0,0,0,0,0,0,0,0,0,0,0,0,0,0,0,0,0,0,0,0,0,0,0,0,0,0,0,0,0,0,0,0,0,0,0,0,0,0,0,0,0,0,0,0,0,0,0,0,0,0,0,0,0,0,0,0,0,0,0,0,0,0,0,0,0,0,0,0,0,0,0,0,0,0,0,0,0,0,0,0,0,0,0,0,0,0,0,0,0,0,0,0,0,0,0,0,0,0,0,0,0,0,0,0,0,0,0,0,0,0,0,0,0,0,0,0,0,0,0,0,0,0,0,0,0,0,0,0,0,0,0,0,0,0,0,0,0,0,0,0,0,0,0,0,0,0,0,0,0,0,0,0,0,0,0,0,0,0,0,0,0,0,0,0,0,0,0,0,0,0,0,0,0,0,0,0,0,0,0,0,0,0,0,0,0,0,0,0,0,0,0,0,0,0,0,0,0,0,0,0,0,0,0,0,0,0,0,0,0,0,0,0,0,0,0,0,0,0,0,0,0,0,0,0,0,0,0,0,0,0,0,0,0,0,0,0,0,0,0,0,0,0,0,0,0,0,0,0,0,0,0,0,0,0,0,0,0,0,0,0,0,0,0,0,0,0,0,0,0,0,0,0,0,0,0,0,0,0,0,0,0,0,0,0,0,0,0,0,0,0,0,0,0,0,0,0,0,0,0,0,0,0,0,0,0,0,0,0,0,0,0,0,0,0,0,0,0,0,0,0,0,0,0,0,0,0,0,0,0,0,0,0,0,0,0,0,0,0,0,0,0,0,0,0,0,0,0,0,0,0,0,0,0,0,0,0,0,0,0,0,0,0,0,0
"manyara/mbulu/yaedachini",0,0,0,0,0,0,0,0,0,0,0,0,0,0,0,0,0,0,0,0,0,0,0,0,0,0,0,0,0,0,0,0,0,0,0,0,0,0,0,0,0,0,0,0,0,0,0,0,0,0,0,0,0,0,0,0,0,0,0,0,0,0,0,0,0,0,0,0,0,0,0,0,0,0,0,0,0,0,0,0,0,0,0,0,0,0,0,0,0,0,0,0,0,0,0,0,0,0,0,0,0,0,0,0,0,0,0,0,0,0,0,0,0,0,0,0,0,0,0,0,0,0,0,0,0,0,0,0,0,0,0,0,0,0,0,0,0,0,0,0,0,0,0,0,0,0,0,0,0,0,0,0,0,0,0,0,0,0,0,0,0,0,0,0,0,0,0,0,0,0,0,0,0,0,0,0,0,0,0,0,0,0,0,0,0,0,0,0,0,0,0,0,0,0,0,0,0,0,0,0,0,0,0,0,0,0,0,0,0,0,0,0,0,0,0,0,0,0,0,0,0,0,0,0,0,0,0,0,0,0,0,0,0,0,0,0,0,0,0,0,0,0,0,0,0,0,0,0,0,0,0,0,0,0,0,0,0,0,0,0,0,0,0,0,0,0,0,0,0,0,0,0,0,0,0,0,0,0,0,0,0,0,0,0,0,0,0,0,0,0,0,0,0,0,0,0,0,0,0,0,0,0,0,0,0,0,0,0,0,0,0,0,0,0,0,0,0,0,0,0,0,0,0,0,0,0,0,0,0,0,0,0,0,0,0,0,0,0,0,0,0,0,0,0,0,0,0,0,0,0,0,0,0,0,0,0,0,0,0,0,0,0,0,0,0,0,0,0,0,0,0,0,0,0,0,0,0,0,0,0,0,0,0,0,0,0,0,0,0,0,0,0,0,0,0,0,0,0
