"","arusha/meru/akheri","arusha/ngorongoro/alailelai","kilimanjaro/rombo/aleni","arusha/ngorongoro/arash","manyara/babati/arri","kilimanjaro/moshi/arushachini","manyara/mbulu/ayamaami","manyara/mbulu/ayamohe","manyara/babati/ayasanda","manyara/babatiurban/babati","manyara/babatiurban/bagara","manyara/hanang/balagidalalu","arusha/arusha/bangata","arusha/arushaurban/baraa","arusha/karatu/baray","manyara/mbulu/bargish","manyara/mbulu/bashay","manyara/babati/bashneti","manyara/hanang/bassodesh","manyara/hanang/bassotu","kilimanjaro/same/bendera","kilimanjaro/siha/biriri","manyara/babati/boay","kilimanjaro/moshimunicipal/bomambuzi","kilimanjaro/same/bombo","kilimanjaro/moshimunicipal/bondeni","manyara/babatiurban/bonga","arusha/karatu/buger","manyara/kiteto/bwagamoyo","kilimanjaro/same/bwambo","arusha/arusha/bwawani","manyara/kiteto/chapakazi","kilimanjaro/same/chome","kilimanjaro/mwanga/chomvu","arusha/karatu/daa","manyara/babati/dabil","arusha/arushaurban/darajambili","manyara/babati/dareda","manyara/mbulu/daudi","arusha/ngorongoro/digodigo","manyara/mbulu/dinamu","manyara/hanang/dirma","manyara/kiteto/dongo","manyara/mbulu/dongobesh","manyara/kiteto/dosidosi","manyara/babati/duru","arusha/longido/elengatadapash","arusha/arushaurban/elerai","manyara/simanjiro/emboreet","arusha/karatu/endabash","manyara/mbulu/endagikot","arusha/karatu/endamaghang","arusha/karatu/endamarariek","manyara/mbulu/endamilay","manyara/hanang/endasak","manyara/hanang/endasiwold","manyara/simanjiro/endiantu","manyara/babati/endokise","manyara/simanjiro/endonyongijape","arusha/ngorongoro/endulen","arusha/longido/engarenaibor","arusha/monduli/engaruka","arusha/longido/engikaret","manyara/kiteto/engusero","arusha/ngorongoro/enguserosambu","arusha/arushaurban/engutoto","arusha/monduli/engutoto","manyara/mbulu/eshkesh","arusha/monduli/esilalei","manyara/babati/galapo","arusha/karatu/ganako","manyara/hanang/ganana","kilimanjaro/siha/gararagua","manyara/mbulu/gehandu","manyara/hanang/gehandu","arusha/longido/gelailumbwa","arusha/longido/gelaimeirugoi","manyara/hanang/gendabi","manyara/hanang/getanuwas","manyara/mbulu/geterer","manyara/hanang/gidahababieg","manyara/babati/gidas","manyara/mbulu/gidihim","manyara/hanang/gisambalang","manyara/hanang/giting","manyara/mbulu/gunyoda","kilimanjaro/hai/haimjini","manyara/mbulu/hayderer","manyara/mbulu/haydom","kilimanjaro/same/hedaru","manyara/hanang/hidet","manyara/hanang/hirbadaw","kilimanjaro/rombo/holili","arusha/arusha/ilkidinga","arusha/longido/ilorienito","manyara/mbulu/imboru","kilimanjaro/siha/ivaeny","kilimanjaro/mwanga/jipe","kilimanjaro/moshi/kahe","kilimanjaro/moshi/kahemashariki","manyara/mbulu/kainam","arusha/ngorongoro/kakesio","kilimanjaro/same/kalemawe","arusha/arushaurban/kaloleni","kilimanjaro/moshimunicipal/kaloleni","arusha/longido/kamwanga","arusha/karatu/kansay","kilimanjaro/moshimunicipal/karanga","kilimanjaro/siha/karansi","arusha/karatu/karatu","kilimanjaro/siha/kashisha","kilimanjaro/rombo/katangaramrere","manyara/hanang/katesh","arusha/arushaurban/kati","kilimanjaro/rombo/kelamfuamokala","kilimanjaro/rombo/kenimengeni","kilimanjaro/hai/kia","manyara/kiteto/kibaya","kilimanjaro/moshimunicipal/kiboriloni","kilimanjaro/moshi/kiboshokati","kilimanjaro/moshi/kiboshomagharibi","kilimanjaro/moshi/kiboshomashariki","kilimanjaro/mwanga/kifula","kilimanjaro/mwanga/kighare","kilimanjaro/mwanga/kigoningoni","kilimanjaro/same/kihurio","manyara/kiteto/kijungu","arusha/meru/kikatiti","arusha/meru/kikwe","kilimanjaro/moshi/kilemakaskazini","kilimanjaro/moshi/kilemakati","kilimanjaro/moshi/kilemakusini","kilimanjaro/mwanga/kileo","kilimanjaro/moshimunicipal/kilimanjaro","kilimanjaro/mwanga/kilomeni","arusha/arushaurban/kimandolu","arusha/arusha/kimnyaki","kilimanjaro/moshi/kimochi","arusha/longido/kimokouwa","kilimanjaro/moshi/kindi","arusha/meru/kingori","kilimanjaro/same/kirangare","arusha/arusha/kiranyi","kilimanjaro/moshi/kirima","kilimanjaro/rombo/kirongosamanga","kilimanjaro/mwanga/kirongwe","manyara/babati/kiru","kilimanjaro/moshi/kiruavunjokusini","kilimanjaro/moshi/kiruavunjomagharibi","kilimanjaro/moshi/kiruavunjomashariki","kilimanjaro/rombo/kirwakeni","kilimanjaro/mwanga/kirya","kilimanjaro/rombo/kisalemsaranga","kilimanjaro/same/kisima","kilimanjaro/same/kisiwani","arusha/arusha/kisongo","kilimanjaro/rombo/kitirimakingachi","arusha/longido/kitumbeine","manyara/simanjiro/kitwai","kilimanjaro/moshimunicipal/kiusa","kilimanjaro/mwanga/kivisini","manyara/simanjiro/komolo","kilimanjaro/moshimunicipal/korongoni","kilimanjaro/mwanga/kwakoa","manyara/hanang/laghanga","manyara/hanang/lalaji","kilimanjaro/mwanga/langata","arusha/meru/leguruki","arusha/arushaurban/lemara","kilimanjaro/mwanga/lembeni","manyara/kiteto/lengatei","arusha/monduli/lepurko","arusha/arushaurban/levolosi","manyara/simanjiro/liborsoit","kilimanjaro/siha/livishi","manyara/simanjiro/loiborsiret","arusha/monduli/lolkisale","arusha/longido/longido","kilimanjaro/moshimunicipal/longuob","manyara/kiteto/loolera","kilimanjaro/same/lugulu","arusha/ngorongoro/maalon","kilimanjaro/same/mabilioni","kilimanjaro/moshi/mabogini","kilimanjaro/hai/machamekaskazini","kilimanjaro/hai/machamekusini","kilimanjaro/hai/machamemagharibi","kilimanjaro/hai/machamemashariki","kilimanjaro/hai/machamenarumu","kilimanjaro/hai/machameuroki","kilimanjaro/hai/machameweruweru","manyara/babati/madunga","manyara/babati/magara","manyara/mbulu/maghang","manyara/babati/magugu","manyara/kiteto/magungu","kilimanjaro/rombo/mahida","manyara/babatiurban/maisaka","kilimanjaro/moshimunicipal/majengo","arusha/monduli/majengo","arusha/meru/majiyachai","manyara/kiteto/makame","kilimanjaro/same/makanya","arusha/meru/makiba","kilimanjaro/rombo/makiidi","kilimanjaro/siha/makiwaru","kilimanjaro/moshi/makuyuni","arusha/monduli/makuyuni","arusha/ngorongoro/malambo","kilimanjaro/moshi/mambakaskazini","kilimanjaro/moshi/mambakusini","manyara/babati/mamire","kilimanjaro/rombo/mamsera","kilimanjaro/rombo/manda","arusha/karatu/mangola","kilimanjaro/same/maore","manyara/mbulu/marang","kilimanjaro/rombo/marangukitowo","kilimanjaro/moshi/marangumagharibi","kilimanjaro/moshi/marangumashariki","manyara/mbulu/maretadu","arusha/meru/maroroni","manyara/hanang/masakta","kilimanjaro/hai/masamakati","kilimanjaro/hai/masamakusini","kilimanjaro/hai/masamamagharibi","kilimanjaro/hai/masamamashariki","kilimanjaro/hai/masamarundugai","manyara/mbulu/masieda","manyara/hanang/maskron","manyara/hanang/masqaroda","manyara/mbulu/masqaroda","arusha/longido/matale","arusha/arusha/mateves","manyara/kiteto/matui","kilimanjaro/moshimunicipal/mawenzi","kilimanjaro/moshi/mbokomu","arusha/meru/mbuguni","arusha/karatu/mbulumbulu","kilimanjaro/rombo/mengwe","manyara/simanjiro/mererani","arusha/monduli/meserani","kilimanjaro/moshimunicipal/mfumuni","kilimanjaro/mwanga/mgagao","kilimanjaro/same/mhezi","kilimanjaro/moshimunicipal/miembeni","kilimanjaro/moshimunicipal/mjimpya","arusha/arusha/mlangarini","manyara/hanang/mogitu","arusha/monduli/moita","arusha/arusha/moivo","arusha/monduli/mondulijuu","arusha/monduli/mondulimjini","arusha/arushaurban/moshono","kilimanjaro/rombo/motamburukitendeni","kilimanjaro/same/mpinji","kilimanjaro/rombo/mraokeryo","kilimanjaro/mwanga/msangeni","kilimanjaro/moshimunicipal/msaranga","kilimanjaro/same/mshewa","kilimanjaro/same/msindo","manyara/simanjiro/msituwatembo","arusha/monduli/mswakini","kilimanjaro/same/mtii","arusha/monduli/mtowambu","arusha/longido/mundarara","manyara/mbulu/murray","arusha/arusha/mussa","manyara/babatiurban/mutuka","manyara/babati/mwada","arusha/arusha/mwandeti","kilimanjaro/mwanga/mwanga","kilimanjaro/mwanga/mwaniko","kilimanjaro/same/mwembe","kilimanjaro/moshi/mwikakusini","kilimanjaro/moshi/mwikakaskazini","kilimanjaro/same/myamba","manyara/simanjiro/naberera","manyara/mbulu/nahasey","arusha/ngorongoro/nainokanoka","manyara/simanjiro/naisinyai","arusha/ngorongoro/naiyobi","arusha/longido/namanga","manyara/mbulu/nambisi","manyara/kiteto/namelock","manyara/babatiurban/nangara","manyara/hanang/nangwa","kilimanjaro/rombo/nanjarareha","manyara/babati/nar","kilimanjaro/siha/nasai","manyara/kiteto/ndedo","kilimanjaro/siha/ndumeti","kilimanjaro/same/ndungu","arusha/arusha/nduruma","kilimanjaro/moshimunicipal/ngambo","kilimanjaro/siha/ngarenairobi","arusha/meru/ngarenanyuki","arusha/arushaurban/ngarenaro","manyara/simanjiro/ngorika","arusha/ngorongoro/ngorongoro","kilimanjaro/rombo/ngoyoni","kilimanjaro/mwanga/ngujini","kilimanjaro/moshimunicipal/njoro","kilimanjaro/same/njoro","manyara/kiteto/njoro","manyara/babati/nkaiti","arusha/meru/nkoanrua","arusha/meru/nkoaranga","arusha/meru/nkoarisambu","kilimanjaro/moshi/okaoni","arusha/arushaurban/olasiti","arusha/ngorongoro/olbalbal","manyara/kiteto/olboroti","kilimanjaro/moshi/oldmoshimagharibi","kilimanjaro/moshi/oldmoshimashariki","arusha/karatu/oldean","arusha/ngorongoro/oldonyosambu","arusha/arusha/oldonyosambu","kilimanjaro/rombo/olele","arusha/arusha/oljoro","manyara/simanjiro/oljorono","arusha/arusha/olkokola","kilimanjaro/siha/olkolili","arusha/longido/olmolog","arusha/arusha/olmotonyi","arusha/ngorongoro/oloipiri","arusha/ngorongoro/oloirien","arusha/arushaurban/oloirieni","arusha/ngorongoro/ololosokwan","arusha/arusha/olorieni","arusha/arusha/oltoroto","arusha/arusha/oltrumet","arusha/longido/orbomba","arusha/ngorongoro/orgosorok","manyara/simanjiro/orkesmet","manyara/kiteto/partimbo","kilimanjaro/moshimunicipal/pasua","arusha/ngorongoro/pinyinyi","arusha/meru/poli","manyara/babati/qashi","arusha/karatu/qurus","kilimanjaro/moshimunicipal/rau","arusha/karatu/rhotia","manyara/babati/riroda","kilimanjaro/same/ruvu","manyara/simanjiro/ruvuremiti","arusha/ngorongoro/sale","arusha/arusha/sambasha","kilimanjaro/same/same","arusha/ngorongoro/samunge","manyara/mbulu/sanubaray","kilimanjaro/siha/sanyajuu","arusha/meru/seelasingisi","arusha/arushaurban/sekei","arusha/monduli/selela","arusha/monduli/sepeko","manyara/simanjiro/shambarai","kilimanjaro/mwanga/shighatini","kilimanjaro/rombo/shimbi","kilimanjaro/moshimunicipal/shirimatunda","manyara/babatiurban/sigino","manyara/hanang/simbay","manyara/babatiurban/singe","manyara/hanang/sirop","arusha/ngorongoro/soitsambu","arusha/arusha/sokonii","arusha/arushaurban/sokonii","arusha/arushaurban/sombetini","manyara/kiteto/songambele","arusha/meru/songoro","kilimanjaro/moshimunicipal/soweto","kilimanjaro/same/stesheni","kilimanjaro/same/suji","manyara/kiteto/sunya","kilimanjaro/rombo/tarakeamotamburu","arusha/arushaurban/terrat","manyara/simanjiro/terrat","arusha/arushaurban/themi","arusha/longido/tingatinga","manyara/mbulu/tlawi","kilimanjaro/mwanga/toloha","manyara/mbulu/tumati","kilimanjaro/rombo/ubetukahe","manyara/babati/ufana","manyara/mbulu/uhuru","arusha/arushaurban/ungaltd","kilimanjaro/moshi/urukaskazini","kilimanjaro/moshi/urukusini","kilimanjaro/moshi/urumashariki","kilimanjaro/moshi/urushimbwe","arusha/meru/usariver","kilimanjaro/rombo/ushiriikuini","kilimanjaro/same/vudee","kilimanjaro/same/vuje","kilimanjaro/same/vumari","kilimanjaro/same/vunta","manyara/mbulu/yaedaampa","manyara/mbulu/yaedachini"
"arusha/meru/akheri",0,0,0,0,0,0,0,0,0,0,0,0,0,0,0,0,0,0,0,0,0,0,0,0,0,0,0,0,0,0,0,0,0,0,0,0,0,0,0,0,0,0,0,0,0,0,0,0,0,0,0,0,0,0,0,0,0,0,0,0,0,0,0,0,0,0,0,0,0,0,0,0,0,0,0,0,0,0,0,0,0,0,0,0,0,0,0,0,0,0,0,0,0,0,0,0,0,0,0,0,0,0,0,0,0,0,0,0,0,0,0,0,0,0,0,0,0,0,0,0,0,0,0,0,0,0,0,0,0,0,0,0,0,0,0,0,0,0,0,0,0,0,0,0,0,0,0,0,0,0,0,0,0,0,0,0,0,0,0,0,0,0,0,0,0,0,0,0,0,0,0,0,0,0,0,0,0,0,0,0,0,0,0,0,0,0,0,0,0,0,0,0,0,0,0,0,0,0,0,0,0,0,0,0,0,0,0,0,0,0,0,0,0,0,0,0,0,0,0,0,0,0,0,0,0,0,0,0,0,0,0,0,0,0,0,0,0,0,0,0,0,0,0,0,0,0,0,0,0,0,0,0,0,0,0,0,0,0,0,0,0,0,0,0,0,0,0,0,0,0,0,0,0,0,0,0,0,0,0,0,0,0,0,0,0,0,0,0,0,0,0,0,0,0,0,0,0,0,0,0,0,0,0,0,0,0,0,0,0,0,0,0,0,0,0,0,0,0,0,0,0,0,0,0,0,0,0,0,0,0,0,0,0,0,0,0,0,0,0,0,0,0,0,0,0,0,0,0,0,0,0,0,0,0,0,0,0,0,0,0,0,0,0,0,0,0,0,0,0,0,0,0,0,0,0,0,0,0,0,0,0,0,0,0,0,0,0,0,0,0,0,0,0,0,0,0,0,0
"arusha/ngorongoro/alailelai",0,0,0,0,0,0,0,0,0,0,0,0,0,0,0,0,0,0,0,0,0,0,0,0,0,0,0,0,0,0,0,0,0,0,0,0,0,0,0,0,0,0,0,0,0,0,0,0,0,0,0,0,0,0,0,0,0,0,0,0,0,0,0,0,0,0,0,0,0,0,0,0,0,0,0,0,0,0,0,0,0,0,0,0,0,0,0,0,0,0,0,0,0,0,0,0,0,0,0,0,0,0,0,0,0,0,0,0,0,0,0,0,0,0,0,0,0,0,0,0,0,0,0,0,0,0,0,0,0,0,0,0,0,0,0,0,0,0,0,0,0,0,0,0,0,0,0,0,0,0,0,0,0,0,0,0,0,0,0,0,0,0,0,0,0,0,0,0,0,0,0,0,0,0,0,0,0,0,0,0,0,0,0,0,0,0,0,0,0,0,0,0,0,0,0,0,0,0,0,0,0,0,0,0,0,0,0,0,0,0,0,0,0,0,0,0,0,0,0,0,0,0,0,0,0,0,0,0,0,0,0,0,0,0,0,0,0,0,0,0,0,0,0,0,0,0,0,0,0,0,0,0,0,0,0,0,0,0,0,0,0,0,0,0,0,0,0,0,0,0,0,0,0,0,0,0,0,0,0,0,0,0,0,0,0,0,0,0,0,0,0,0,0,0,0,0,0,0,0,0,0,0,0,0,0,0,0,0,0,0,0,0,0,0,0,0,0,0,0,0,0,0,0,0,0,0,0,0,0,0,0,0,0,0,0,0,0,0,0,0,0,0,0,0,0,0,0,0,0,0,0,0,0,0,0,0,0,0,0,0,0,0,0,0,0,0,0,0,0,0,0,0,0,0,0,0,0,0,0,0,0,0,0,0,0,0,0,0,0,0,0,0,0,0,0,0,0,0
"kilimanjaro/rombo/aleni",0,0,0,0,0,0,0,0,0,0,0,0,0,0,0,0,0,0,0,0,0,0,0,0,0,0,0,0,0,0,0,0,0,0,0,0,0,0,0,0,0,0,0,0,0,0,0,0,0,0,0,0,0,0,0,0,0,0,0,0,0,0,0,0,0,0,0,0,0,0,0,0,0,0,0,0,0,0,0,0,0,0,0,0,0,0,0,0,0,0,0,0,0,0,0,0,0,0,0,0,0,0,0,0,0,0,0,0,0,0,0,0,0,0,0,0,0,0,0,0,0,0,0,0,0,0,0,0,0,0,0,0,0,0,0,0,0,0,0,0,0,0,0,0,0,0,0,0,0,0,0,0,0,0,0,0,0,0,0,0,0,0,0,0,0,0,0,0,0,0,0,0,0,0,0,0,0,0,0,0,0,0,0,0,0,0,0,0,0,0,0,0,0,0,0,0,0,0,0,0,0,0,0,0,0,0,0,0,0,0,0,0,0,0,0,0,0,0,0,0,0,0,0,0,0,0,0,0,0,0,0,0,0,0,0,0,0,0,0,0,0,0,0,0,0,0,0,0,0,0,0,0,0,0,0,0,0,0,0,0,0,0,0,0,0,0,0,0,0,0,0,0,0,0,0,0,0,0,0,0,0,0,0,0,0,0,0,0,0,0,0,0,0,0,0,0,0,0,0,0,0,0,0,0,0,0,0,0,0,0,0,0,0,0,0,0,0,0,0,0,0,0,0,0,0,0,0,0,0,0,0,0,0,0,0,0,0,0,0,0,0,0,0,0,0,0,0,0,0,0,0,0,0,0,0,0,0,0,0,0,0,0,0,0,0,0,0,0,0,0,0,0,0,0,0,0,0,0,0,0,0,0,0,0,0,0,0,0,0,0,0,0,0,0,0,0,0,0
"arusha/ngorongoro/arash",5e-06,2.9e-05,1e-06,0,0,2.3e-05,0,0,0,4.3e-05,1e-06,0,4e-06,6.3e-05,2.4e-05,1e-06,1e-06,2e-06,0,1e-06,0,5e-06,0,1e-06,0,0,0,1e-06,0,1e-06,1.6e-05,0,0,0,9e-06,1e-06,6e-06,1.2e-05,2e-06,0.000539,0,0,2.1e-05,1.2e-05,3e-06,0,8e-06,0.001521,8.3e-05,2e-06,0,3e-06,1e-06,0,8e-06,0,1e-06,0,1.2e-05,0.002838,7.5e-05,0.000234,5.7e-05,1e-06,1e-06,3.8e-05,2.5e-05,0,1.2e-05,3.1e-05,2e-06,0,1e-06,6e-06,1e-06,0.000275,3.4e-05,0,0,0,0,1e-06,0,0,0,0,0.000192,0,1.2e-05,6.8e-05,0,0,0.000184,3.7e-05,7e-06,2.4e-05,1.4e-05,0,7.7e-05,2e-05,0,2e-06,1.4e-05,1e-05,3e-06,0.000166,1e-06,1.8e-05,9e-06,0.00022,1e-05,6.3e-05,5e-06,0,1e-06,1e-06,6.5e-05,0,9.9e-05,1e-05,5e-06,0.000194,1e-06,2e-06,0,5e-06,1.6e-05,0.000329,2e-05,1e-06,1e-06,2e-05,3.7e-05,4e-06,0,3.4e-05,2e-06,1.2e-05,0.000611,3e-05,1.4e-05,0,1.3e-05,3e-06,1e-06,2.7e-05,1e-06,4.2e-05,3.7e-05,1.2e-05,1e-06,0,1e-06,1e-06,2.4e-05,0.000391,3e-06,1.4e-05,2e-06,0.001424,5e-06,5.9e-05,0,1e-06,0,0,7e-06,8e-06,6.4e-05,3e-06,6e-06,0.000161,0.001047,9e-06,4e-06,1.3e-05,0.000128,1e-06,2.9e-05,9e-06,0,0.000674,3.7e-05,4e-06,0.000205,0.003466,0,1e-06,9.8e-05,3e-05,7e-06,3e-06,8e-06,1e-06,3e-05,1e-06,1e-06,0,3.3e-05,1e-06,0.000112,4e-06,2.1e-05,0,5.2e-05,4e-06,0.000299,0.000105,0.003236,1e-06,1e-06,1e-06,0.000103,0,1e-06,6e-06,0,0.000504,4e-06,2.6e-05,0,0,0,1e-06,0.000115,3e-06,0.000179,1e-06,3e-06,0,0,1e-06,0.001113,0.000126,2e-06,0,1e-06,1.6e-05,8.7e-05,1e-06,9e-06,0.000983,0,0.000576,0,1e-06,2e-06,4.5e-05,0,5e-06,0.000351,0.000666,1e-06,8.5e-05,3.2e-05,1.1e-05,1e-06,3e-06,0,0,0,1e-05,0,0,0.000149,1.1e-05,0,0.000137,0,7e-06,0.000127,6.8e-05,0,0,0.000272,1e-06,1.3e-05,2.4e-05,0,3.3e-05,4e-06,6e-06,0.002382,1e-06,0,0,0,2e-06,0,1e-06,2e-06,1e-05,1e-06,0.000219,7e-06,1.7e-05,0.000147,2e-06,1.2e-05,0.000112,0,0,0,5e-06,0,0.000143,8e-06,1e-06,1e-06,1e-06,9.9e-05,0.000283,1e-06,0,5e-06,1e-06,3.7e-05,0.000338,0.000178,0.000102,1e-05,0.000158,1.6e-05,0.000108,0.000952,0.00299,0.003544,3e-06,0.000121,2.5e-05,3.7e-05,1.7e-05,0.002322,0.003697,2.5e-05,1e-06,2e-06,0.000116,0.000236,1e-06,1e-06,0,1e-06,0,4.6e-05,8e-06,0.000679,4.8e-05,3.8e-05,0.00078,0,4.3e-05,3e-06,0.000424,0.000119,4.5e-05,3e-05,2e-06,1e-06,7e-06,0,0,0,0,0.000122,0.000283,7.4e-05,0.000171,1e-06,3e-05,3e-06,0,0,1e-06,2e-06,1.5e-05,8e-06,1e-06,0.000254,0,0,0,0.00037,3e-06,0,7e-06,1e-06,7.3e-05,1.4e-05,0,0.000101,1e-06,0,1e-06,0,0,0,0
"manyara/babati/arri",0,0,0,0,0,0,0,0,0,0,0,0,0,0,0,0,0,0,0,0,0,0,0,0,0,0,0,0,0,0,0,0,0,0,0,0,0,0,0,0,0,0,0,0,0,0,0,0,0,0,0,0,0,0,0,0,0,0,0,0,0,0,0,0,0,0,0,0,0,0,0,0,0,0,0,0,0,0,0,0,0,0,0,0,0,0,0,0,0,0,0,0,0,0,0,0,0,0,0,0,0,0,0,0,0,0,0,0,0,0,0,0,0,0,0,0,0,0,0,0,0,0,0,0,0,0,0,0,0,0,0,0,0,0,0,0,0,0,0,0,0,0,0,0,0,0,0,0,0,0,0,0,0,0,0,0,0,0,0,0,0,0,0,0,0,0,0,0,0,0,0,0,0,0,0,0,0,0,0,0,0,0,0,0,0,0,0,0,0,0,0,0,0,0,0,0,0,0,0,0,0,0,0,0,0,0,0,0,0,0,0,0,0,0,0,0,0,0,0,0,0,0,0,0,0,0,0,0,0,0,0,0,0,0,0,0,0,0,0,0,0,0,0,0,0,0,0,0,0,0,0,0,0,0,0,0,0,0,0,0,0,0,0,0,0,0,0,0,0,0,0,0,0,0,0,0,0,0,0,0,0,0,0,0,0,0,0,0,0,0,0,0,0,0,0,0,0,0,0,0,0,0,0,0,0,0,0,0,0,0,0,0,0,0,0,0,0,0,0,0,0,0,0,0,0,0,0,0,0,0,0,0,0,0,0,0,0,0,0,0,0,0,0,0,0,0,0,0,0,0,0,0,0,0,0,0,0,0,0,0,0,0,0,0,0,0,0,0,0,0,0,0,0,0,0,0,0,0,0,0,0,0,0,0,0,0,0,0,0,0,0,0,0,0,0,0,0,0
"kilimanjaro/moshi/arushachini",0,0,0,0,0,0,0,0,0,0,0,0,0,0,0,0,0,0,0,0,0,0,0,0,0,0,0,0,0,0,0,0,0,0,0,0,0,0,0,0,0,0,0,0,0,0,0,0,0,0,0,0,0,0,0,0,0,0,0,0,0,0,0,0,0,0,0,0,0,0,0,0,0,0,0,0,0,0,0,0,0,0,0,0,0,0,0,0,0,0,0,0,0,0,0,0,0,0,0,0,0,0,0,0,0,0,0,0,0,0,0,0,0,0,0,0,0,0,0,0,0,0,0,0,0,0,0,0,0,0,0,0,0,0,0,0,0,0,0,0,0,0,0,0,0,0,0,0,0,0,0,0,0,0,0,0,0,0,0,0,0,0,0,0,0,0,0,0,0,0,0,0,0,0,0,0,0,0,0,0,0,0,0,0,0,0,0,0,0,0,0,0,0,0,0,0,0,0,0,0,0,0,0,0,0,0,0,0,0,0,0,0,0,0,0,0,0,0,0,0,0,0,0,0,0,0,0,0,0,0,0,0,0,0,0,0,0,0,0,0,0,0,0,0,0,0,0,0,0,0,0,0,0,0,0,0,0,0,0,0,0,0,0,0,0,0,0,0,0,0,0,0,0,0,0,0,0,0,0,0,0,0,0,0,0,0,0,0,0,0,0,0,0,0,0,0,0,0,0,0,0,0,0,0,0,0,0,0,0,0,0,0,0,0,0,0,0,0,0,0,0,0,0,0,0,0,0,0,0,0,0,0,0,0,0,0,0,0,0,0,0,0,0,0,0,0,0,0,0,0,0,0,0,0,0,0,0,0,0,0,0,0,0,0,0,0,0,0,0,0,0,0,0,0,0,0,0,0,0,0,0,0,0,0,0,0,0,0,0,0,0,0,0,0,0,0,0,0
"manyara/mbulu/ayamaami",0,0,0,0,0,0,0,0,0,0,0,0,0,0,0,0,0,0,0,0,0,0,0,0,0,0,0,0,0,0,0,0,0,0,0,0,0,0,0,0,0,0,0,0,0,0,0,0,0,0,0,0,0,0,0,0,0,0,0,0,0,0,0,0,0,0,0,0,0,0,0,0,0,0,0,0,0,0,0,0,0,0,0,0,0,0,0,0,0,0,0,0,0,0,0,0,0,0,0,0,0,0,0,0,0,0,0,0,0,0,0,0,0,0,0,0,0,0,0,0,0,0,0,0,0,0,0,0,0,0,0,0,0,0,0,0,0,0,0,0,0,0,0,0,0,0,0,0,0,0,0,0,0,0,0,0,0,0,0,0,0,0,0,0,0,0,0,0,0,0,0,0,0,0,0,0,0,0,0,0,0,0,0,0,0,0,0,0,0,0,0,0,0,0,0,0,0,0,0,0,0,0,0,0,0,0,0,0,0,0,0,0,0,0,0,0,0,0,0,0,0,0,0,0,0,0,0,0,0,0,0,0,0,0,0,0,0,0,0,0,0,0,0,0,0,0,0,0,0,0,0,0,0,0,0,0,0,0,0,0,0,0,0,0,0,0,0,0,0,0,0,0,0,0,0,0,0,0,0,0,0,0,0,0,0,0,0,0,0,0,0,0,0,0,0,0,0,0,0,0,0,0,0,0,0,0,0,0,0,0,0,0,0,0,0,0,0,0,0,0,0,0,0,0,0,0,0,0,0,0,0,0,0,0,0,0,0,0,0,0,0,0,0,0,0,0,0,0,0,0,0,0,0,0,0,0,0,0,0,0,0,0,0,0,0,0,0,0,0,0,0,0,0,0,0,0,0,0,0,0,0,0,0,0,0,0,0,0,0,0,0,0,0,0,0,0,0,0
"manyara/mbulu/ayamohe",0,0,0,0,0,0,0,0,0,0,0,0,0,0,0,0,0,0,0,0,0,0,0,0,0,0,0,0,0,0,0,0,0,0,0,0,0,0,0,0,0,0,0,0,0,0,0,0,0,0,0,0,0,0,0,0,0,0,0,0,0,0,0,0,0,0,0,0,0,0,0,0,0,0,0,0,0,0,0,0,0,0,0,0,0,0,0,0,0,0,0,0,0,0,0,0,0,0,0,0,0,0,0,0,0,0,0,0,0,0,0,0,0,0,0,0,0,0,0,0,0,0,0,0,0,0,0,0,0,0,0,0,0,0,0,0,0,0,0,0,0,0,0,0,0,0,0,0,0,0,0,0,0,0,0,0,0,0,0,0,0,0,0,0,0,0,0,0,0,0,0,0,0,0,0,0,0,0,0,0,0,0,0,0,0,0,0,0,0,0,0,0,0,0,0,0,0,0,0,0,0,0,0,0,0,0,0,0,0,0,0,0,0,0,0,0,0,0,0,0,0,0,0,0,0,0,0,0,0,0,0,0,0,0,0,0,0,0,0,0,0,0,0,0,0,0,0,0,0,0,0,0,0,0,0,0,0,0,0,0,0,0,0,0,0,0,0,0,0,0,0,0,0,0,0,0,0,0,0,0,0,0,0,0,0,0,0,0,0,0,0,0,0,0,0,0,0,0,0,0,0,0,0,0,0,0,0,0,0,0,0,0,0,0,0,0,0,0,0,0,0,0,0,0,0,0,0,0,0,0,0,0,0,0,0,0,0,0,0,0,0,0,0,0,0,0,0,0,0,0,0,0,0,0,0,0,0,0,0,0,0,0,0,0,0,0,0,0,0,0,0,0,0,0,0,0,0,0,0,0,0,0,0,0,0,0,0,0,0,0,0,0,0,0,0,0,0,0
"manyara/babati/ayasanda",0,0,0,0,0,0,0,0,0,0,0,0,0,0,0,0,0,0,0,0,0,0,0,0,0,0,0,0,0,0,0,0,0,0,0,0,0,0,0,0,0,0,0,0,0,0,0,0,0,0,0,0,0,0,0,0,0,0,0,0,0,0,0,0,0,0,0,0,0,0,0,0,0,0,0,0,0,0,0,0,0,0,0,0,0,0,0,0,0,0,0,0,0,0,0,0,0,0,0,0,0,0,0,0,0,0,0,0,0,0,0,0,0,0,0,0,0,0,0,0,0,0,0,0,0,0,0,0,0,0,0,0,0,0,0,0,0,0,0,0,0,0,0,0,0,0,0,0,0,0,0,0,0,0,0,0,0,0,0,0,0,0,0,0,0,0,0,0,0,0,0,0,0,0,0,0,0,0,0,0,0,0,0,0,0,0,0,0,0,0,0,0,0,0,0,0,0,0,0,0,0,0,0,0,0,0,0,0,0,0,0,0,0,0,0,0,0,0,0,0,0,0,0,0,0,0,0,0,0,0,0,0,0,0,0,0,0,0,0,0,0,0,0,0,0,0,0,0,0,0,0,0,0,0,0,0,0,0,0,0,0,0,0,0,0,0,0,0,0,0,0,0,0,0,0,0,0,0,0,0,0,0,0,0,0,0,0,0,0,0,0,0,0,0,0,0,0,0,0,0,0,0,0,0,0,0,0,0,0,0,0,0,0,0,0,0,0,0,0,0,0,0,0,0,0,0,0,0,0,0,0,0,0,0,0,0,0,0,0,0,0,0,0,0,0,0,0,0,0,0,0,0,0,0,0,0,0,0,0,0,0,0,0,0,0,0,0,0,0,0,0,0,0,0,0,0,0,0,0,0,0,0,0,0,0,0,0,0,0,0,0,0,0,0,0,0,0,0
"manyara/babatiurban/babati",0.000128,4.3e-05,1.1e-05,0.000172,0.000472,0.000518,4.4e-05,5.2e-05,0.000488,0,0.008301,3.8e-05,9.5e-05,0.001497,0.001022,0.000118,6.9e-05,0.000642,4e-05,0.000131,1.1e-05,6.1e-05,0.000328,1e-05,9e-06,3e-06,0.001575,5.8e-05,4e-06,1.3e-05,0.000862,3e-05,5e-06,7e-06,0.000116,0.000245,0.000149,0.010476,0.000172,0.000222,7.5e-05,3.6e-05,0.000601,0.002799,0.000129,0.000475,5.6e-05,0.035388,0.012945,5.4e-05,7.6e-05,3.5e-05,4.8e-05,6e-05,0.005465,8.5e-05,1.9e-05,0.000352,0.000517,0.006608,0.000206,0.00071,0.000509,7.7e-05,0,0.001043,0.00053,2.6e-05,0.000478,0.020054,2.4e-05,1.2e-05,1.9e-05,0.001304,0.00012,0.000364,6.3e-05,3.9e-05,2e-05,3.2e-05,6.5e-05,0.000873,7.7e-05,5.4e-05,0.000245,3.8e-05,0.003843,4.7e-05,0.00084,0.001278,5.6e-05,2.2e-05,0.003222,0.000695,2.9e-05,0.005161,0.00022,4e-06,0.00162,0.00039,0.000113,2.1e-05,0.000322,0.000227,5e-05,0.001871,5.2e-05,0.000329,0.000138,0.00301,0.000155,0.000937,0.001309,6e-06,1.4e-05,1e-05,0.001429,1.9e-05,0.001797,0.000162,6.2e-05,0.00309,1.1e-05,4e-05,4e-06,0.000133,0.000493,0.005002,0.000527,1.1e-05,9e-06,0.000253,0.000737,7.4e-05,3e-06,0.000821,4.5e-05,0.000212,0.003587,0.000529,0.000272,8e-06,0.000291,4.9e-05,1.9e-05,0.000581,0.000713,0.000779,0.000635,0.000211,1e-05,1e-05,1.6e-05,1.3e-05,0.000515,0.009953,2.9e-05,4.8e-05,8.7e-05,0.026175,0.000109,0.003388,5e-06,2.9e-05,2.3e-05,3.2e-05,0.000155,0.000137,0.001699,6.5e-05,0.000165,0.002941,0.024528,0.000324,5.4e-05,0.001531,0.010922,1e-05,0.000528,0.000374,4e-06,4.4e-05,0.001047,9.1e-05,0.003326,0.096605,6e-06,1.3e-05,0.001714,0.000517,0.000145,0.002211,0.00093,5.5e-05,0.02581,3.8e-05,1.1e-05,0.002124,0.000616,1.7e-05,0.002383,0.000538,0.000407,1.1e-05,0.000831,7.5e-05,0.005464,0.003415,0.000579,1.3e-05,1.2e-05,0.000445,0.001722,5e-06,1.8e-05,0.000132,3.8e-05,0.007404,7e-05,0.00044,6.6e-05,1.2e-05,0.000205,1.3e-05,0.002123,4.7e-05,0.002864,2.6e-05,0.000214,7.5e-05,0.000113,6.2e-05,0.002195,0.003737,0.000149,1e-06,1.4e-05,0.000346,0.000602,9e-06,0.000271,0.075337,5e-06,0.009687,6e-06,1e-05,3.4e-05,0.001203,8e-05,0.00019,0.007949,0.006011,2.5e-05,0.002198,0.000414,0.000271,1.2e-05,5.6e-05,8e-06,8e-06,6e-06,0.000174,3.6e-05,8e-06,0.002668,4.3e-05,0.000251,0.002999,0.002063,0.003497,0.002325,0.001502,9e-06,9e-06,0.004701,2.4e-05,0.000311,0.000971,0.000169,0.000158,0.000106,1.2e-05,0.013792,0.000445,1.7e-05,0.005009,4.3e-05,2.7e-05,0.00023,1.1e-05,0.000141,0.00012,2.4e-05,0.006313,0.000135,0.000237,0.001628,4.3e-05,0.000352,0.000689,4e-06,3e-06,9e-06,0.000131,3.4e-05,0.019612,0.000176,2.2e-05,1.4e-05,1.1e-05,0.001822,0.000238,0.000113,8e-06,8.7e-05,2e-05,1.5e-05,0.003337,0.002626,0.002789,0.000504,0.002709,0.000297,0.00113,0.013743,0.000371,0.000463,6.6e-05,5.5e-05,0.000558,0.000812,0.000349,0.011496,0.001439,0.000863,2.4e-05,4.7e-05,7.3e-05,0.005269,0.000679,2.5e-05,8e-06,2.5e-05,0.000846,0.001383,0.000238,0.000146,0.000856,0.000969,0.000193,5.2e-05,0.000696,6.8e-05,0.009948,0.001192,0.001321,0.000862,4.9e-05,1.8e-05,0.000136,0.001425,6.7e-05,0.00292,5.1e-05,3.8e-05,0.006288,0.001376,0.00429,3.6e-05,0.00058,5.1e-05,3e-06,1e-05,4.3e-05,2.1e-05,0.000483,0.000496,1.5e-05,0.001687,6.9e-05,5e-06,0.000143,0.005249,0.000902,4e-05,0.00018,1.1e-05,0.001277,0.00023,8e-06,0.002351,8e-06,9e-06,1.8e-05,3e-06,4e-06,0.000114,3.6e-05
"manyara/babatiurban/bagara",0,0,0,0,0,0,0,0,0,0,0,0,0,0,0,0,0,0,0,0,0,0,0,0,0,0,0,0,0,0,0,0,0,0,0,0,0,0,0,0,0,0,0,0,0,0,0,0,0,0,0,0,0,0,0,0,0,0,0,0,0,0,0,0,0,0,0,0,0,0,0,0,0,0,0,0,0,0,0,0,0,0,0,0,0,0,0,0,0,0,0,0,0,0,0,0,0,0,0,0,0,0,0,0,0,0,0,0,0,0,0,0,0,0,0,0,0,0,0,0,0,0,0,0,0,0,0,0,0,0,0,0,0,0,0,0,0,0,0,0,0,0,0,0,0,0,0,0,0,0,0,0,0,0,0,0,0,0,0,0,0,0,0,0,0,0,0,0,0,0,0,0,0,0,0,0,0,0,0,0,0,0,0,0,0,0,0,0,0,0,0,0,0,0,0,0,0,0,0,0,0,0,0,0,0,0,0,0,0,0,0,0,0,0,0,0,0,0,0,0,0,0,0,0,0,0,0,0,0,0,0,0,0,0,0,0,0,0,0,0,0,0,0,0,0,0,0,0,0,0,0,0,0,0,0,0,0,0,0,0,0,0,0,0,0,0,0,0,0,0,0,0,0,0,0,0,0,0,0,0,0,0,0,0,0,0,0,0,0,0,0,0,0,0,0,0,0,0,0,0,0,0,0,0,0,0,0,0,0,0,0,0,0,0,0,0,0,0,0,0,0,0,0,0,0,0,0,0,0,0,0,0,0,0,0,0,0,0,0,0,0,0,0,0,0,0,0,0,0,0,0,0,0,0,0,0,0,0,0,0,0,0,0,0,0,0,0,0,0,0,0,0,0,0,0,0,0,0,0,0,0,0,0,0,0,0,0,0,0,0,0,0,0,0,0,0,0,0
"manyara/hanang/balagidalalu",0,0,0,0,0,0,0,0,0,0,0,0,0,0,0,0,0,0,0,0,0,0,0,0,0,0,0,0,0,0,0,0,0,0,0,0,0,0,0,0,0,0,0,0,0,0,0,0,0,0,0,0,0,0,0,0,0,0,0,0,0,0,0,0,0,0,0,0,0,0,0,0,0,0,0,0,0,0,0,0,0,0,0,0,0,0,0,0,0,0,0,0,0,0,0,0,0,0,0,0,0,0,0,0,0,0,0,0,0,0,0,0,0,0,0,0,0,0,0,0,0,0,0,0,0,0,0,0,0,0,0,0,0,0,0,0,0,0,0,0,0,0,0,0,0,0,0,0,0,0,0,0,0,0,0,0,0,0,0,0,0,0,0,0,0,0,0,0,0,0,0,0,0,0,0,0,0,0,0,0,0,0,0,0,0,0,0,0,0,0,0,0,0,0,0,0,0,0,0,0,0,0,0,0,0,0,0,0,0,0,0,0,0,0,0,0,0,0,0,0,0,0,0,0,0,0,0,0,0,0,0,0,0,0,0,0,0,0,0,0,0,0,0,0,0,0,0,0,0,0,0,0,0,0,0,0,0,0,0,0,0,0,0,0,0,0,0,0,0,0,0,0,0,0,0,0,0,0,0,0,0,0,0,0,0,0,0,0,0,0,0,0,0,0,0,0,0,0,0,0,0,0,0,0,0,0,0,0,0,0,0,0,0,0,0,0,0,0,0,0,0,0,0,0,0,0,0,0,0,0,0,0,0,0,0,0,0,0,0,0,0,0,0,0,0,0,0,0,0,0,0,0,0,0,0,0,0,0,0,0,0,0,0,0,0,0,0,0,0,0,0,0,0,0,0,0,0,0,0,0,0,0,0,0,0,0,0,0,0,0,0,0,0,0,0,0,0,0
"arusha/arusha/bangata",0,0,0,0,0,0,0,0,0,0,0,0,0,0,0,0,0,0,0,0,0,0,0,0,0,0,0,0,0,0,0,0,0,0,0,0,0,0,0,0,0,0,0,0,0,0,0,0,0,0,0,0,0,0,0,0,0,0,0,0,0,0,0,0,0,0,0,0,0,0,0,0,0,0,0,0,0,0,0,0,0,0,0,0,0,0,0,0,0,0,0,0,0,0,0,0,0,0,0,0,0,0,0,0,0,0,0,0,0,0,0,0,0,0,0,0,0,0,0,0,0,0,0,0,0,0,0,0,0,0,0,0,0,0,0,0,0,0,0,0,0,0,0,0,0,0,0,0,0,0,0,0,0,0,0,0,0,0,0,0,0,0,0,0,0,0,0,0,0,0,0,0,0,0,0,0,0,0,0,0,0,0,0,0,0,0,0,0,0,0,0,0,0,0,0,0,0,0,0,0,0,0,0,0,0,0,0,0,0,0,0,0,0,0,0,0,0,0,0,0,0,0,0,0,0,0,0,0,0,0,0,0,0,0,0,0,0,0,0,0,0,0,0,0,0,0,0,0,0,0,0,0,0,0,0,0,0,0,0,0,0,0,0,0,0,0,0,0,0,0,0,0,0,0,0,0,0,0,0,0,0,0,0,0,0,0,0,0,0,0,0,0,0,0,0,0,0,0,0,0,0,0,0,0,0,0,0,0,0,0,0,0,0,0,0,0,0,0,0,0,0,0,0,0,0,0,0,0,0,0,0,0,0,0,0,0,0,0,0,0,0,0,0,0,0,0,0,0,0,0,0,0,0,0,0,0,0,0,0,0,0,0,0,0,0,0,0,0,0,0,0,0,0,0,0,0,0,0,0,0,0,0,0,0,0,0,0,0,0,0,0,0,0,0,0,0,0,0
"arusha/arushaurban/baraa",0,0,0,0,0,0,0,0,0,0,0,0,0,0,0,0,0,0,0,0,0,0,0,0,0,0,0,0,0,0,0,0,0,0,0,0,0,0,0,0,0,0,0,0,0,0,0,0,0,0,0,0,0,0,0,0,0,0,0,0,0,0,0,0,0,0,0,0,0,0,0,0,0,0,0,0,0,0,0,0,0,0,0,0,0,0,0,0,0,0,0,0,0,0,0,0,0,0,0,0,0,0,0,0,0,0,0,0,0,0,0,0,0,0,0,0,0,0,0,0,0,0,0,0,0,0,0,0,0,0,0,0,0,0,0,0,0,0,0,0,0,0,0,0,0,0,0,0,0,0,0,0,0,0,0,0,0,0,0,0,0,0,0,0,0,0,0,0,0,0,0,0,0,0,0,0,0,0,0,0,0,0,0,0,0,0,0,0,0,0,0,0,0,0,0,0,0,0,0,0,0,0,0,0,0,0,0,0,0,0,0,0,0,0,0,0,0,0,0,0,0,0,0,0,0,0,0,0,0,0,0,0,0,0,0,0,0,0,0,0,0,0,0,0,0,0,0,0,0,0,0,0,0,0,0,0,0,0,0,0,0,0,0,0,0,0,0,0,0,0,0,0,0,0,0,0,0,0,0,0,0,0,0,0,0,0,0,0,0,0,0,0,0,0,0,0,0,0,0,0,0,0,0,0,0,0,0,0,0,0,0,0,0,0,0,0,0,0,0,0,0,0,0,0,0,0,0,0,0,0,0,0,0,0,0,0,0,0,0,0,0,0,0,0,0,0,0,0,0,0,0,0,0,0,0,0,0,0,0,0,0,0,0,0,0,0,0,0,0,0,0,0,0,0,0,0,0,0,0,0,0,0,0,0,0,0,0,0,0,0,0,0,0,0,0,0,0,0
"arusha/karatu/baray",2.3e-05,2.8e-05,3e-06,0.000125,1.2e-05,9.9e-05,1e-05,1.3e-05,5e-06,0.001324,2.5e-05,5e-06,1.7e-05,0.000261,0,4.5e-05,8.2e-05,6.9e-05,1.8e-05,4.9e-05,2e-06,1.3e-05,4e-06,2e-06,2e-06,1e-06,9e-06,1.9e-05,1e-06,3e-06,0.000126,4e-06,1e-06,1e-06,0.00014,2.1e-05,2.6e-05,0.000448,8.4e-05,0.000111,6e-05,3e-06,0.000107,0.000891,1.8e-05,7e-06,1.7e-05,0.006315,8e-04,4.3e-05,2.3e-05,7.3e-05,2.1e-05,9e-05,0.000225,5e-06,3e-06,6e-06,7.3e-05,0.01411,6.9e-05,0.000278,0.000133,1.1e-05,0,0.00017,0.000102,0.000109,0.000112,0.000373,1.7e-05,1e-06,4e-06,0.000277,2.6e-05,0.000145,2.7e-05,6e-06,1.2e-05,2.6e-05,2e-06,1.8e-05,2.7e-05,5e-06,2.2e-05,2.6e-05,0.000753,2.3e-05,0.000961,0.000248,3e-06,1.6e-05,0.000715,0.000135,1e-05,0.001974,4.8e-05,1e-06,0.000322,8.1e-05,1.8e-05,0.000108,6.8e-05,4e-05,1e-05,0.00048,3.9e-05,6.8e-05,3e-05,0.001667,3.4e-05,0.000219,0.000136,1e-06,3e-06,2e-06,0.000265,2e-06,0.000379,3.6e-05,1.4e-05,0.000689,2e-06,8e-06,1e-06,2.7e-05,7.7e-05,0.000926,8.7e-05,3e-06,2e-06,5.4e-05,0.000152,1.5e-05,1e-06,0.000143,8e-06,4.5e-05,0.001084,0.000111,5.2e-05,2e-06,5.2e-05,1e-05,5e-06,0.000118,1.7e-05,0.000164,0.000139,4.6e-05,2e-06,2e-06,4e-06,2e-06,0.000111,0.001724,7e-06,1.6e-05,1.2e-05,0.005502,2.3e-05,0.000299,1e-06,6e-06,7e-06,5e-06,2.9e-05,2.8e-05,0.000282,1.2e-05,2.8e-05,0.000588,0.004345,5.1e-05,1.2e-05,8.7e-05,0.00086,3e-06,0.000111,5.9e-05,1e-06,2.7e-05,0.000197,1.8e-05,0.000726,0.020712,1e-06,3e-06,0.000362,0.00011,2.9e-05,0.000172,0.000176,5.3e-05,0.000494,6e-06,2e-06,9e-06,0.000129,6e-06,0.000442,3.8e-05,7.6e-05,2e-06,0.000191,1.5e-05,0.00118,0.00056,0.000434,3e-06,3e-06,8e-06,0.00039,1e-06,8.4e-05,2.8e-05,1.8e-05,0.001777,1.6e-05,9.7e-05,3.8e-05,2e-06,8e-06,3e-06,0.000432,1e-05,0.000626,5e-06,0.000395,5e-06,4e-06,6.5e-05,0.00085,0.000591,1.9e-05,0,3e-06,5.4e-05,0.00025,2e-06,4.3e-05,0.009986,1e-06,0.001889,1e-06,2e-06,7e-06,0.000197,1e-05,2.6e-05,0.001423,0.001419,5e-06,0.000369,0.000101,5.5e-05,3e-06,1.1e-05,2e-06,2e-06,1e-06,3.1e-05,4e-06,2e-06,0.000889,1.4e-05,2.5e-05,0.000556,4e-06,0.000145,0.000463,0.000296,2e-06,2e-06,0.001042,5e-06,6.3e-05,0.000108,1.9e-05,8.9e-05,1.7e-05,6e-06,0.004225,6.8e-05,2e-06,8e-06,3e-06,6e-06,3.8e-05,2e-06,1.5e-05,2.9e-05,5e-06,0.001003,2.8e-05,5.5e-05,0.000344,8e-06,5.8e-05,0.000804,1e-06,1e-06,2e-06,2.5e-05,4e-06,0.0018,3.1e-05,4e-06,2e-06,3e-06,0.000306,0.000257,1.1e-05,2e-06,1.9e-05,2e-05,7e-06,0.000738,0.000623,0.000382,5.8e-05,0.000551,5.9e-05,0.000292,0.002589,0.000218,0.00026,1.1e-05,3e-05,0.000101,0.000147,6.5e-05,0.00327,0.000737,0.000112,3e-06,1e-05,3.6e-05,0.000949,1.3e-05,1.7e-05,2e-06,1.1e-05,9e-06,0.00024,4.4e-05,8e-05,0.00017,0.000183,0.000104,1.2e-05,0.000149,1.2e-05,0.001752,0.000337,0.000227,0.000115,1e-05,4e-06,2.8e-05,1e-05,3e-06,7e-06,2e-06,2.1e-05,0.001135,0.000228,0.000732,6e-06,0.000112,1.1e-05,1e-06,2e-06,7e-06,5e-06,7.3e-05,4.3e-05,3e-06,0.000442,2.4e-05,1e-06,2.5e-05,0.001264,0.000196,1.2e-05,3.1e-05,2e-06,0.000273,5e-05,2e-06,0.000415,2e-06,2e-06,4e-06,1e-06,1e-06,3.6e-05,0.000202
"manyara/mbulu/bargish",0,0,0,0,0,0,0,0,0,0,0,0,0,0,0,0,0,0,0,0,0,0,0,0,0,0,0,0,0,0,0,0,0,0,0,0,0,0,0,0,0,0,0,0,0,0,0,0,0,0,0,0,0,0,0,0,0,0,0,0,0,0,0,0,0,0,0,0,0,0,0,0,0,0,0,0,0,0,0,0,0,0,0,0,0,0,0,0,0,0,0,0,0,0,0,0,0,0,0,0,0,0,0,0,0,0,0,0,0,0,0,0,0,0,0,0,0,0,0,0,0,0,0,0,0,0,0,0,0,0,0,0,0,0,0,0,0,0,0,0,0,0,0,0,0,0,0,0,0,0,0,0,0,0,0,0,0,0,0,0,0,0,0,0,0,0,0,0,0,0,0,0,0,0,0,0,0,0,0,0,0,0,0,0,0,0,0,0,0,0,0,0,0,0,0,0,0,0,0,0,0,0,0,0,0,0,0,0,0,0,0,0,0,0,0,0,0,0,0,0,0,0,0,0,0,0,0,0,0,0,0,0,0,0,0,0,0,0,0,0,0,0,0,0,0,0,0,0,0,0,0,0,0,0,0,0,0,0,0,0,0,0,0,0,0,0,0,0,0,0,0,0,0,0,0,0,0,0,0,0,0,0,0,0,0,0,0,0,0,0,0,0,0,0,0,0,0,0,0,0,0,0,0,0,0,0,0,0,0,0,0,0,0,0,0,0,0,0,0,0,0,0,0,0,0,0,0,0,0,0,0,0,0,0,0,0,0,0,0,0,0,0,0,0,0,0,0,0,0,0,0,0,0,0,0,0,0,0,0,0,0,0,0,0,0,0,0,0,0,0,0,0,0,0,0,0,0,0,0,0,0,0,0,0,0,0,0,0,0,0,0,0,0,0,0,0,0,0
"manyara/mbulu/bashay",0,0,0,0,0,0,0,0,0,0,0,0,0,0,0,0,0,0,0,0,0,0,0,0,0,0,0,0,0,0,0,0,0,0,0,0,0,0,0,0,0,0,0,0,0,0,0,0,0,0,0,0,0,0,0,0,0,0,0,0,0,0,0,0,0,0,0,0,0,0,0,0,0,0,0,0,0,0,0,0,0,0,0,0,0,0,0,0,0,0,0,0,0,0,0,0,0,0,0,0,0,0,0,0,0,0,0,0,0,0,0,0,0,0,0,0,0,0,0,0,0,0,0,0,0,0,0,0,0,0,0,0,0,0,0,0,0,0,0,0,0,0,0,0,0,0,0,0,0,0,0,0,0,0,0,0,0,0,0,0,0,0,0,0,0,0,0,0,0,0,0,0,0,0,0,0,0,0,0,0,0,0,0,0,0,0,0,0,0,0,0,0,0,0,0,0,0,0,0,0,0,0,0,0,0,0,0,0,0,0,0,0,0,0,0,0,0,0,0,0,0,0,0,0,0,0,0,0,0,0,0,0,0,0,0,0,0,0,0,0,0,0,0,0,0,0,0,0,0,0,0,0,0,0,0,0,0,0,0,0,0,0,0,0,0,0,0,0,0,0,0,0,0,0,0,0,0,0,0,0,0,0,0,0,0,0,0,0,0,0,0,0,0,0,0,0,0,0,0,0,0,0,0,0,0,0,0,0,0,0,0,0,0,0,0,0,0,0,0,0,0,0,0,0,0,0,0,0,0,0,0,0,0,0,0,0,0,0,0,0,0,0,0,0,0,0,0,0,0,0,0,0,0,0,0,0,0,0,0,0,0,0,0,0,0,0,0,0,0,0,0,0,0,0,0,0,0,0,0,0,0,0,0,0,0,0,0,0,0,0,0,0,0,0,0,0,0,0
"manyara/babati/bashneti",0.000853,0.000429,9.4e-05,0.00277,0.007107,0.00391,0.000531,0.000544,0.00173,0.239912,0.00758,0.001091,0.000641,0.009789,0.023864,0.001365,0.003938,0,0.003664,0.009979,9.5e-05,0.000648,0.001251,7.7e-05,7.6e-05,2.4e-05,0.002478,0.000485,3.5e-05,0.000113,0.003401,0.000259,4.3e-05,5.7e-05,0.001911,0.056366,0.000964,0.491727,0.00283,0.002346,0.004288,0.001125,0.007962,0.228211,0.001653,0.003484,0.000443,0.200946,0.049867,0.000819,0.00152,0.000467,0.000412,0.002964,0.167271,0.003601,0.000128,0.00068,0.003629,0.12101,0.002648,0.008494,0.003995,0.000685,2e-06,0.006599,0.003459,0.000938,0.003155,0.059894,0.000233,0.000498,0.000152,0.011027,0.006266,0.004798,0.000583,0.00288,0.00084,0.001646,0.001019,0.010046,0.007589,0.000957,0.017314,0.00085,0.028079,0.003839,0.051941,0.015102,0.001313,0.001239,0.026375,0.004802,0.000245,0.067169,0.001715,3.4e-05,0.012517,0.00311,0.001132,0.000364,0.00282,0.001482,0.000392,0.015938,0.000587,0.002557,0.001038,0.037747,0.001208,0.007844,0.065993,3.6e-05,0.000119,8.8e-05,0.010236,0.000155,0.014129,0.00131,0.000697,0.024611,8.6e-05,0.000327,3.7e-05,0.001155,0.00588,0.048182,0.00346,9.4e-05,7.8e-05,0.002906,0.005905,0.000582,2.5e-05,0.005366,0.000298,0.001695,0.030967,0.004129,0.001963,6.4e-05,0.001906,0.000384,0.000166,0.004704,0.005533,0.00621,0.00514,0.001712,8e-05,7.3e-05,0.000134,0.000105,0.004459,0.060255,0.000356,0.000575,0.00065,0.180925,0.000883,0.023408,3.6e-05,0.000233,0.001414,0.000766,0.001188,0.001005,0.010785,0.000509,0.00205,0.025995,0.1454,0.002356,0.000427,0.009477,0.063267,8.5e-05,0.00414,0.003088,3.7e-05,0.000486,0.008659,0.000701,0.02589,0.36928,5.3e-05,0.000101,0.013268,0.00402,0.001104,0.108961,0.008971,0.004593,0.066422,0.000348,8.9e-05,0.001775,0.004837,0.000131,0.016441,0.002996,0.004711,7.3e-05,0.006926,0.000562,0.043459,0.027382,0.006321,0.00011,9.7e-05,0.001217,0.014345,4.1e-05,0.000292,0.001156,0.000402,0.061146,0.000579,0.003614,0.007436,7.8e-05,0.007931,0.000101,0.015929,0.000362,0.022249,0.000192,0.003555,0.002651,0.002981,0.002191,0.020709,0.022571,0.001292,6e-06,0.000111,0.003147,0.007016,7.5e-05,0.001796,0.226613,3.9e-05,0.102303,5.3e-05,7.6e-05,0.000267,0.00771,0.003558,0.001083,0.050783,0.05882,0.000161,0.014082,0.003502,0.002307,0.000106,0.000452,6.2e-05,7e-05,5.4e-05,0.001801,0.000178,6.8e-05,0.028075,0.000377,0.003517,0.019284,0.00069,0.010412,0.01563,0.011755,7.6e-05,7e-05,0.037945,0.000202,0.002666,0.008113,0.001244,0.001462,0.000728,0.000113,0.113902,0.005417,0.000204,0.002352,0.001266,0.000228,0.067405,8.3e-05,0.000976,0.000979,0.000206,0.039335,0.001071,0.001891,0.016766,0.00028,0.002547,0.007863,3.6e-05,2.6e-05,7.2e-05,0.00104,0.000259,0.115173,0.001177,0.000149,9.2e-05,9.2e-05,0.01616,0.003918,0.000876,6.1e-05,0.000699,0.000222,0.000218,0.034161,0.021998,0.022636,0.002712,0.018585,0.002205,0.009503,0.120188,0.005881,0.007161,0.000431,0.000628,0.003662,0.005405,0.002322,0.125039,0.015418,0.008234,0.00027,0.000365,0.000733,0.034901,0.001684,0.000248,6.1e-05,0.000212,0.006039,0.010628,0.001991,0.001548,0.00594,0.007721,0.002072,0.000553,0.00531,0.000457,0.062652,0.012164,0.00799,0.007438,0.000397,0.000155,0.001054,0.003305,0.001445,0.001781,0.00065,0.000423,0.040875,0.012301,0.02709,0.000327,0.004061,0.000401,2.3e-05,8.8e-05,0.000557,0.000181,0.002947,0.003339,1e-04,0.019619,0.001373,3.9e-05,0.006575,0.043607,0.136712,0.000451,0.001169,8.8e-05,0.010061,0.001847,6.1e-05,0.015718,7.1e-05,7.4e-05,0.000153,2.4e-05,3.4e-05,0.003756,0.00107
"manyara/hanang/bassodesh",0.000239,0.000135,3.1e-05,0.001011,0.000382,0.00121,8.1e-05,8.8e-05,0.000186,0.030656,0.000706,0.000544,0.00018,0.002726,0.01054,0.000249,0.001065,0.006301,0,0.048085,3.2e-05,0.000197,0.000157,2.4e-05,2.5e-05,7e-06,0.000271,9.9e-05,1.1e-05,3.7e-05,0.00092,8.4e-05,1.4e-05,1.8e-05,0.000536,0.0024,0.000264,0.026235,0.000558,0.000841,0.001267,0.000332,0.002798,0.030952,0.000555,0.000296,0.000129,0.061474,0.010752,0.000202,0.000241,0.000147,9.7e-05,0.002258,0.019559,0.00033,3.6e-05,0.00011,0.001094,0.04834,0.000872,0.002495,0.001206,0.000229,1e-06,0.001797,0.000919,0.000723,0.000714,0.010411,6.3e-05,0.000145,4.7e-05,0.001884,0.005847,0.001575,0.000184,0.001168,0.00211,0.005358,0.000129,0.001167,0.001094,0.000323,0.002251,0.000168,0.008651,0.006132,0.100931,0.005033,0.00021,0.002704,0.008689,0.001368,7.4e-05,0.012058,0.000532,1.1e-05,0.003951,0.000991,0.00016,0.000155,0.000956,0.000407,0.000123,0.00526,0.000135,0.000799,0.000313,0.009823,0.000375,0.002564,0.021486,1e-05,3.9e-05,2.9e-05,0.003074,4.8e-05,0.004491,0.000416,0.00022,0.007925,2.8e-05,0.000105,1.2e-05,0.000389,0.001945,0.01444,0.000974,3e-05,2.5e-05,0.000933,0.001892,0.000182,8e-06,0.001485,8.3e-05,0.000539,0.010234,0.001293,0.000584,2.1e-05,0.000523,0.000121,5.5e-05,0.001519,0.000475,0.001979,0.001648,0.000548,2.6e-05,2.3e-05,4.4e-05,3.4e-05,0.0015,0.016347,0.000118,0.000177,0.000201,0.062416,0.000284,0.005752,1.1e-05,7.5e-05,0.002658,0.000404,0.000372,3e-04,0.002947,0.000162,0.000692,0.006497,0.043176,0.000722,0.000133,0.00215,0.013686,2.7e-05,0.001301,0.00101,1.2e-05,0.000178,0.002856,0.000219,0.008226,0.141898,1.7e-05,3.2e-05,0.004163,0.001253,0.000341,0.005182,0.001657,0.004892,0.01011,0.00012,2.9e-05,0.000183,0.001524,3.3e-05,0.004808,0.000763,0.001537,2.1e-05,0.002261,0.00017,0.014302,0.006304,0.002191,3.6e-05,3.1e-05,0.000195,0.004721,1.3e-05,9.5e-05,0.000391,8.2e-05,0.020813,0.000187,0.001168,0.004148,2.3e-05,0.000378,3.1e-05,0.004921,0.000112,0.007029,5.9e-05,0.000898,0.000375,0.000218,0.000471,0.007049,0.005989,0.000419,2e-06,3.5e-05,0.000879,0.001884,2.4e-05,0.000514,0.060929,1.2e-05,0.03453,1.7e-05,2.4e-05,8.4e-05,0.00213,0.001483,0.000273,0.014391,0.016938,4.3e-05,0.003894,0.001141,0.000768,3.5e-05,0.000145,1.9e-05,2.3e-05,1.8e-05,0.000548,3.6e-05,2.3e-05,0.006864,0.000121,0.000358,0.005213,8e-05,0.0017,0.00434,0.003746,2.4e-05,2.3e-05,0.012516,6.6e-05,0.000893,0.002224,0.000179,0.000421,0.000214,3.5e-05,0.039681,0.000703,6.7e-05,0.000271,0.000271,7.4e-05,0.002074,2.6e-05,0.000284,0.000311,6.9e-05,0.011064,0.000338,0.000592,0.005007,7.7e-05,0.000775,0.00242,1.2e-05,8e-06,2.3e-05,0.000332,7.8e-05,0.0226,0.00033,4.3e-05,2.6e-05,2.9e-05,0.004361,0.00133,0.000261,1.9e-05,0.000223,6.2e-05,7.7e-05,0.010246,0.007283,0.005916,0.000678,0.005274,0.000668,0.003081,0.035554,0.0022,0.002631,0.000118,0.000239,0.001004,0.001508,0.000638,0.04203,0.005677,0.002436,8.5e-05,0.000114,0.000249,0.01008,0.00029,6.4e-05,1.9e-05,5.3e-05,0.000469,0.003372,0.000657,0.000549,0.001692,0.002488,0.000746,8.7e-05,0.00163,0.000129,0.017829,0.003183,0.002002,0.002051,0.000127,5.1e-05,0.000329,0.000266,0.000256,0.000188,0.000132,0.000159,0.011638,0.003348,0.007448,0.000112,0.001176,0.000125,7e-06,2.9e-05,0.000191,5.9e-05,0.000783,0.000782,2.7e-05,0.006284,0.000208,1.3e-05,0.000537,0.014639,0.030709,7.7e-05,0.000319,2.8e-05,0.003185,0.000588,2e-05,0.004503,2.3e-05,2.4e-05,5.1e-05,8e-06,1.1e-05,0.00048,0.000409
"manyara/hanang/bassotu",0.000334,0.000177,4.4e-05,0.001379,0.000455,0.001737,9e-05,1e-04,0.000253,0.039167,0.000907,0.001141,0.000251,0.003788,0.011604,0.000282,0.001012,0.006746,0.019229,0,4.7e-05,0.00028,0.00022,3.4e-05,3.7e-05,1.1e-05,0.000364,0.000118,1.7e-05,5.5e-05,0.001286,0.000132,2.1e-05,2.7e-05,0.000644,0.002916,0.000365,0.030796,0.000636,0.001173,0.00111,0.00059,0.004319,0.029531,0.000873,0.000393,0.000175,0.083555,0.014646,0.000239,0.000266,0.000176,0.000119,0.001885,0.027487,0.000457,5.1e-05,0.000148,0.001605,0.060295,0.001222,0.003324,0.001673,0.000356,1e-06,0.002492,0.001248,0.000733,0.000903,0.014225,7.7e-05,0.000251,6.6e-05,0.002185,0.01583,0.002174,0.00025,0.001818,0.005096,0.003978,0.000188,0.001647,0.000968,0.000588,0.003153,0.000185,0.012278,0.00326,0.096259,0.007423,0.000323,0.004937,0.012521,0.001902,1e-04,0.013376,0.000755,1.6e-05,0.005681,0.001428,0.000181,0.000189,0.001411,0.000564,0.000176,0.007507,0.000156,0.001144,0.000442,0.012111,0.000533,0.003686,0.037919,1.4e-05,5.5e-05,4.1e-05,0.004364,7.5e-05,0.006433,0.000596,0.000314,0.01132,4e-05,0.000152,1.7e-05,0.000575,0.002958,0.020272,0.001367,4.3e-05,3.6e-05,0.001344,0.002732,0.000261,1.2e-05,0.002062,0.000115,0.000773,0.014361,0.001847,0.000825,3.2e-05,0.000724,0.000173,7.9e-05,0.002206,0.000559,0.002845,0.002368,0.000789,3.8e-05,3.3e-05,6.4e-05,5e-05,0.002203,0.022232,0.00017,0.000243,3e-04,0.087686,0.000412,0.008063,1.6e-05,0.000109,0.011277,0.000846,0.000536,0.000422,0.004082,0.000234,0.001057,0.008568,0.059075,0.001053,0.000189,0.003078,0.018208,3.8e-05,0.001862,0.001526,1.8e-05,0.000246,0.004219,0.000314,0.011708,0.193908,2.4e-05,4.6e-05,0.005936,0.001786,0.000487,0.005644,0.001982,0.003536,0.012858,0.000186,4.2e-05,0.000227,0.002184,4.1e-05,0.006748,0.001134,0.002263,3e-05,0.003255,0.000241,0.02055,0.008191,0.002933,5.1e-05,4.5e-05,0.000258,0.006811,1.9e-05,0.000109,0.000576,9.4e-05,0.029837,0.000268,0.001681,0.002992,3.2e-05,0.000474,4.5e-05,0.006993,0.000159,0.009992,8.4e-05,0.000996,0.000559,0.000291,0.000489,0.009824,0.008217,0.000661,3e-06,5.1e-05,0.001237,0.002423,3.5e-05,0.000727,0.080567,1.8e-05,0.049697,2.5e-05,3.4e-05,0.00012,0.002968,0.002805,0.000374,0.019867,0.02298,5.8e-05,0.005408,0.001634,0.001132,5e-05,0.00021,2.8e-05,3.4e-05,2.6e-05,0.000786,4.7e-05,3.3e-05,0.008633,0.000168,0.000398,0.007119,0.000103,0.00215,0.005955,0.005412,3.5e-05,3.4e-05,0.017986,9.5e-05,0.001317,0.003203,0.000208,0.000542,0.000306,4.6e-05,0.055337,0.000785,0.000103,0.000356,0.000444,0.000107,0.002032,3.6e-05,0.000428,0.000441,0.000102,0.015423,0.000485,0.000839,0.007005,0.000106,0.001121,0.003004,1.7e-05,1.2e-05,3.2e-05,0.000485,0.00012,0.028193,0.00046,6e-05,3.6e-05,4.2e-05,0.006001,0.001718,0.000408,2.8e-05,0.000319,7.6e-05,0.000108,0.014242,0.010464,0.008166,0.000939,0.007274,0.000947,0.004374,0.048681,0.003067,0.00366,0.000164,0.000337,0.001386,0.002093,0.000879,0.058085,0.007941,0.00357,0.000131,0.000163,0.000343,0.014054,0.000405,7.8e-05,2.8e-05,6.6e-05,0.000603,0.004932,0.000976,0.000758,0.002347,0.003632,0.001037,9.8e-05,0.002308,0.00018,0.0246,0.004171,0.002685,0.002906,0.000184,7.3e-05,0.000471,0.000329,4e-04,0.000246,0.000211,0.000224,0.016122,0.00463,0.010276,0.000174,0.001646,0.00018,1.1e-05,4.3e-05,0.000294,8.5e-05,0.001083,0.001082,3.8e-05,0.00885,0.000222,1.8e-05,0.000554,0.020978,0.027428,8.7e-05,0.000442,4e-05,0.004557,0.000843,2.8e-05,0.006303,3.3e-05,3.6e-05,7.5e-05,1.1e-05,1.7e-05,0.000492,0.000413
"kilimanjaro/same/bendera",0,0,0,0,0,0,0,0,0,0,0,0,0,0,0,0,0,0,0,0,0,0,0,0,0,0,0,0,0,0,0,0,0,0,0,0,0,0,0,0,0,0,0,0,0,0,0,0,0,0,0,0,0,0,0,0,0,0,0,0,0,0,0,0,0,0,0,0,0,0,0,0,0,0,0,0,0,0,0,0,0,0,0,0,0,0,0,0,0,0,0,0,0,0,0,0,0,0,0,0,0,0,0,0,0,0,0,0,0,0,0,0,0,0,0,0,0,0,0,0,0,0,0,0,0,0,0,0,0,0,0,0,0,0,0,0,0,0,0,0,0,0,0,0,0,0,0,0,0,0,0,0,0,0,0,0,0,0,0,0,0,0,0,0,0,0,0,0,0,0,0,0,0,0,0,0,0,0,0,0,0,0,0,0,0,0,0,0,0,0,0,0,0,0,0,0,0,0,0,0,0,0,0,0,0,0,0,0,0,0,0,0,0,0,0,0,0,0,0,0,0,0,0,0,0,0,0,0,0,0,0,0,0,0,0,0,0,0,0,0,0,0,0,0,0,0,0,0,0,0,0,0,0,0,0,0,0,0,0,0,0,0,0,0,0,0,0,0,0,0,0,0,0,0,0,0,0,0,0,0,0,0,0,0,0,0,0,0,0,0,0,0,0,0,0,0,0,0,0,0,0,0,0,0,0,0,0,0,0,0,0,0,0,0,0,0,0,0,0,0,0,0,0,0,0,0,0,0,0,0,0,0,0,0,0,0,0,0,0,0,0,0,0,0,0,0,0,0,0,0,0,0,0,0,0,0,0,0,0,0,0,0,0,0,0,0,0,0,0,0,0,0,0,0,0,0,0,0,0,0,0,0,0,0,0,0,0,0,0,0,0,0,0,0,0,0,0,0
"kilimanjaro/siha/biriri",0.002047,1.9e-05,0.000147,0.000127,2e-06,0.007413,1e-06,1e-06,1e-06,0.00037,6e-06,1e-06,0.00142,0.016822,6e-05,3e-06,2e-06,9e-06,2e-06,6e-06,1.1e-05,0,1e-06,0.000268,1.3e-05,8.8e-05,2e-06,3e-06,1e-06,1.7e-05,0.003507,5e-06,8e-06,3.3e-05,1.8e-05,3e-06,0.001205,7.8e-05,8e-06,0.000193,2e-06,1e-06,0.000245,5.7e-05,3.5e-05,2e-06,0.000106,0.21933,0.002496,6e-06,2e-06,4e-06,5e-06,2e-06,5.9e-05,1e-06,0.000221,5e-06,0.000449,0.001801,0.001046,0.000909,0.003741,1.6e-05,0,0.007828,0.001353,1e-06,8.5e-05,0.00044,4e-06,0,0.005298,3e-05,5e-06,0.000851,7.2e-05,1e-06,1e-06,1e-06,0,6e-06,1e-06,1e-06,3e-06,1e-06,0.228603,1e-06,4.8e-05,0.002015,1e-06,2e-06,0.032256,0.010738,4.5e-05,0.000111,0.061153,2.3e-05,0.020131,0.0045,2e-06,3e-06,0.000393,0.001948,0.001308,0.037929,3e-06,0.011865,0.022155,0.000645,0.034812,0.016825,3.2e-05,4.6e-05,0.000233,0.000135,0.063175,4e-06,0.045624,0.007297,0.005181,0.112606,6e-05,0.000212,2e-05,0.000151,0.000228,0.318401,0.008359,0.00023,0.000168,0.005016,0.006783,0.002447,1.3e-05,0.00828,0.000415,0.004759,0.02291,0.024883,0.033375,9e-06,0.002332,0.00217,0.000251,0.002815,3e-06,0.013078,0.012967,0.003438,0.000156,3.9e-05,0.000176,2.7e-05,0.000936,0.029861,0.00052,0.000181,4.2e-05,0.501226,0.000808,0.003253,0.000137,0.000113,1e-06,1e-06,0.001079,0.02154,0.012675,0.000315,7.6e-05,0.002862,0.175768,0.000485,0.010184,0.000314,0.00337,7.7e-05,0.018736,0.000142,6e-06,2.7e-05,0.001083,0.001707,0.226288,0.848511,0.000435,0.000752,0.108954,0.051018,0.004404,1.5e-05,4.7e-05,2e-06,0.000312,9e-06,0.000123,2e-06,0.017525,4e-06,0.104377,7.8e-05,0.000751,0.000247,0.012748,0.081921,0.059909,0.001551,0.000285,0.000203,0.000171,9e-06,0.017811,6.1e-05,1e-06,0.000185,1e-06,0.080543,0.001287,0.006887,2e-06,0.000322,1e-06,0.002218,0.206679,0.011479,0.274151,0.000831,9e-06,1e-06,1e-06,2e-06,0.004163,0.013714,2.4e-05,2.4e-05,0.000368,0.005136,0.000312,0.000107,0.00331,0.036278,0.000152,0.046134,1.1e-05,0.000267,0.000919,0.01245,2e-06,4e-04,0.069978,0.025771,6.1e-05,0.020846,0.010624,0.000353,0.000171,0.000361,0.000201,1.5e-05,1e-05,0.002246,5e-06,1.1e-05,0.000745,0.000133,2e-06,0.010831,1e-06,7.4e-05,0.012196,0.010185,5.8e-05,1.4e-05,0.056811,0.000333,0.00038,0.001316,2e-06,5.9e-05,0.001035,8e-06,0.082594,5e-06,6e-06,3e-06,1e-06,0.000502,3e-06,0.0074,3.1e-05,0.006439,3e-05,0.061904,0.003347,0.027204,0.095629,0.000335,0.001247,0.000127,4.4e-05,1.6e-05,0.00026,0.000357,6e-06,0.001372,0.002597,0.000683,0.000248,0.000577,0.012912,0.000101,1.4e-05,0.000166,0.002141,3e-06,2e-05,0.085961,0.03931,0.012226,0.000848,0.021573,0.057463,0.027623,0.146692,0.000328,0.000454,0.000622,3.5e-05,0.003937,0.008956,0.002232,0.118937,0.00113,0.000901,7e-06,0.0013,7.2e-05,0.106385,1.1e-05,3e-06,0.000248,5e-06,3e-06,0.002273,0.000187,0.000112,0.010834,0.002259,0.000149,1e-06,0.53793,0.001326,0.086056,0.001039,0.001561,0.004441,0.000284,0.000237,0.004379,2e-06,1e-06,2e-06,1e-06,2.4e-05,0.072379,0.013019,0.028097,8e-06,0.01941,0.001646,6e-06,1.4e-05,1.9e-05,0.000411,0.002383,0.000436,0.000133,0.044995,1e-06,1.5e-05,2e-06,0.075435,1.4e-05,1e-06,0.001387,0.000364,0.045689,0.006627,0.000226,0.053761,0.000151,1.5e-05,2.7e-05,7e-06,4e-06,2e-06,1e-06
"manyara/babati/boay",0,0,0,0,0,0,0,0,0,0,0,0,0,0,0,0,0,0,0,0,0,0,0,0,0,0,0,0,0,0,0,0,0,0,0,0,0,0,0,0,0,0,0,0,0,0,0,0,0,0,0,0,0,0,0,0,0,0,0,0,0,0,0,0,0,0,0,0,0,0,0,0,0,0,0,0,0,0,0,0,0,0,0,0,0,0,0,0,0,0,0,0,0,0,0,0,0,0,0,0,0,0,0,0,0,0,0,0,0,0,0,0,0,0,0,0,0,0,0,0,0,0,0,0,0,0,0,0,0,0,0,0,0,0,0,0,0,0,0,0,0,0,0,0,0,0,0,0,0,0,0,0,0,0,0,0,0,0,0,0,0,0,0,0,0,0,0,0,0,0,0,0,0,0,0,0,0,0,0,0,0,0,0,0,0,0,0,0,0,0,0,0,0,0,0,0,0,0,0,0,0,0,0,0,0,0,0,0,0,0,0,0,0,0,0,0,0,0,0,0,0,0,0,0,0,0,0,0,0,0,0,0,0,0,0,0,0,0,0,0,0,0,0,0,0,0,0,0,0,0,0,0,0,0,0,0,0,0,0,0,0,0,0,0,0,0,0,0,0,0,0,0,0,0,0,0,0,0,0,0,0,0,0,0,0,0,0,0,0,0,0,0,0,0,0,0,0,0,0,0,0,0,0,0,0,0,0,0,0,0,0,0,0,0,0,0,0,0,0,0,0,0,0,0,0,0,0,0,0,0,0,0,0,0,0,0,0,0,0,0,0,0,0,0,0,0,0,0,0,0,0,0,0,0,0,0,0,0,0,0,0,0,0,0,0,0,0,0,0,0,0,0,0,0,0,0,0,0,0,0,0,0,0,0,0,0,0,0,0,0,0,0,0,0,0,0,0,0
"kilimanjaro/moshimunicipal/bomambuzi",0,0,0,0,0,0,0,0,0,0,0,0,0,0,0,0,0,0,0,0,0,0,0,0,0,0,0,0,0,0,0,0,0,0,0,0,0,0,0,0,0,0,0,0,0,0,0,0,0,0,0,0,0,0,0,0,0,0,0,0,0,0,0,0,0,0,0,0,0,0,0,0,0,0,0,0,0,0,0,0,0,0,0,0,0,0,0,0,0,0,0,0,0,0,0,0,0,0,0,0,0,0,0,0,0,0,0,0,0,0,0,0,0,0,0,0,0,0,0,0,0,0,0,0,0,0,0,0,0,0,0,0,0,0,0,0,0,0,0,0,0,0,0,0,0,0,0,0,0,0,0,0,0,0,0,0,0,0,0,0,0,0,0,0,0,0,0,0,0,0,0,0,0,0,0,0,0,0,0,0,0,0,0,0,0,0,0,0,0,0,0,0,0,0,0,0,0,0,0,0,0,0,0,0,0,0,0,0,0,0,0,0,0,0,0,0,0,0,0,0,0,0,0,0,0,0,0,0,0,0,0,0,0,0,0,0,0,0,0,0,0,0,0,0,0,0,0,0,0,0,0,0,0,0,0,0,0,0,0,0,0,0,0,0,0,0,0,0,0,0,0,0,0,0,0,0,0,0,0,0,0,0,0,0,0,0,0,0,0,0,0,0,0,0,0,0,0,0,0,0,0,0,0,0,0,0,0,0,0,0,0,0,0,0,0,0,0,0,0,0,0,0,0,0,0,0,0,0,0,0,0,0,0,0,0,0,0,0,0,0,0,0,0,0,0,0,0,0,0,0,0,0,0,0,0,0,0,0,0,0,0,0,0,0,0,0,0,0,0,0,0,0,0,0,0,0,0,0,0,0,0,0,0,0,0,0,0,0,0,0,0,0,0,0,0,0,0,0
"kilimanjaro/same/bombo",0,0,0,0,0,0,0,0,0,0,0,0,0,0,0,0,0,0,0,0,0,0,0,0,0,0,0,0,0,0,0,0,0,0,0,0,0,0,0,0,0,0,0,0,0,0,0,0,0,0,0,0,0,0,0,0,0,0,0,0,0,0,0,0,0,0,0,0,0,0,0,0,0,0,0,0,0,0,0,0,0,0,0,0,0,0,0,0,0,0,0,0,0,0,0,0,0,0,0,0,0,0,0,0,0,0,0,0,0,0,0,0,0,0,0,0,0,0,0,0,0,0,0,0,0,0,0,0,0,0,0,0,0,0,0,0,0,0,0,0,0,0,0,0,0,0,0,0,0,0,0,0,0,0,0,0,0,0,0,0,0,0,0,0,0,0,0,0,0,0,0,0,0,0,0,0,0,0,0,0,0,0,0,0,0,0,0,0,0,0,0,0,0,0,0,0,0,0,0,0,0,0,0,0,0,0,0,0,0,0,0,0,0,0,0,0,0,0,0,0,0,0,0,0,0,0,0,0,0,0,0,0,0,0,0,0,0,0,0,0,0,0,0,0,0,0,0,0,0,0,0,0,0,0,0,0,0,0,0,0,0,0,0,0,0,0,0,0,0,0,0,0,0,0,0,0,0,0,0,0,0,0,0,0,0,0,0,0,0,0,0,0,0,0,0,0,0,0,0,0,0,0,0,0,0,0,0,0,0,0,0,0,0,0,0,0,0,0,0,0,0,0,0,0,0,0,0,0,0,0,0,0,0,0,0,0,0,0,0,0,0,0,0,0,0,0,0,0,0,0,0,0,0,0,0,0,0,0,0,0,0,0,0,0,0,0,0,0,0,0,0,0,0,0,0,0,0,0,0,0,0,0,0,0,0,0,0,0,0,0,0,0,0,0,0,0,0,0
"kilimanjaro/moshimunicipal/bondeni",0,0,0,0,0,0,0,0,0,0,0,0,0,0,0,0,0,0,0,0,0,0,0,0,0,0,0,0,0,0,0,0,0,0,0,0,0,0,0,0,0,0,0,0,0,0,0,0,0,0,0,0,0,0,0,0,0,0,0,0,0,0,0,0,0,0,0,0,0,0,0,0,0,0,0,0,0,0,0,0,0,0,0,0,0,0,0,0,0,0,0,0,0,0,0,0,0,0,0,0,0,0,0,0,0,0,0,0,0,0,0,0,0,0,0,0,0,0,0,0,0,0,0,0,0,0,0,0,0,0,0,0,0,0,0,0,0,0,0,0,0,0,0,0,0,0,0,0,0,0,0,0,0,0,0,0,0,0,0,0,0,0,0,0,0,0,0,0,0,0,0,0,0,0,0,0,0,0,0,0,0,0,0,0,0,0,0,0,0,0,0,0,0,0,0,0,0,0,0,0,0,0,0,0,0,0,0,0,0,0,0,0,0,0,0,0,0,0,0,0,0,0,0,0,0,0,0,0,0,0,0,0,0,0,0,0,0,0,0,0,0,0,0,0,0,0,0,0,0,0,0,0,0,0,0,0,0,0,0,0,0,0,0,0,0,0,0,0,0,0,0,0,0,0,0,0,0,0,0,0,0,0,0,0,0,0,0,0,0,0,0,0,0,0,0,0,0,0,0,0,0,0,0,0,0,0,0,0,0,0,0,0,0,0,0,0,0,0,0,0,0,0,0,0,0,0,0,0,0,0,0,0,0,0,0,0,0,0,0,0,0,0,0,0,0,0,0,0,0,0,0,0,0,0,0,0,0,0,0,0,0,0,0,0,0,0,0,0,0,0,0,0,0,0,0,0,0,0,0,0,0,0,0,0,0,0,0,0,0,0,0,0,0,0,0,0,0,0
"manyara/babatiurban/bonga",0,0,0,0,0,0,0,0,0,0,0,0,0,0,0,0,0,0,0,0,0,0,0,0,0,0,0,0,0,0,0,0,0,0,0,0,0,0,0,0,0,0,0,0,0,0,0,0,0,0,0,0,0,0,0,0,0,0,0,0,0,0,0,0,0,0,0,0,0,0,0,0,0,0,0,0,0,0,0,0,0,0,0,0,0,0,0,0,0,0,0,0,0,0,0,0,0,0,0,0,0,0,0,0,0,0,0,0,0,0,0,0,0,0,0,0,0,0,0,0,0,0,0,0,0,0,0,0,0,0,0,0,0,0,0,0,0,0,0,0,0,0,0,0,0,0,0,0,0,0,0,0,0,0,0,0,0,0,0,0,0,0,0,0,0,0,0,0,0,0,0,0,0,0,0,0,0,0,0,0,0,0,0,0,0,0,0,0,0,0,0,0,0,0,0,0,0,0,0,0,0,0,0,0,0,0,0,0,0,0,0,0,0,0,0,0,0,0,0,0,0,0,0,0,0,0,0,0,0,0,0,0,0,0,0,0,0,0,0,0,0,0,0,0,0,0,0,0,0,0,0,0,0,0,0,0,0,0,0,0,0,0,0,0,0,0,0,0,0,0,0,0,0,0,0,0,0,0,0,0,0,0,0,0,0,0,0,0,0,0,0,0,0,0,0,0,0,0,0,0,0,0,0,0,0,0,0,0,0,0,0,0,0,0,0,0,0,0,0,0,0,0,0,0,0,0,0,0,0,0,0,0,0,0,0,0,0,0,0,0,0,0,0,0,0,0,0,0,0,0,0,0,0,0,0,0,0,0,0,0,0,0,0,0,0,0,0,0,0,0,0,0,0,0,0,0,0,0,0,0,0,0,0,0,0,0,0,0,0,0,0,0,0,0,0,0,0,0
"arusha/karatu/buger",0,0,0,0,0,0,0,0,0,0,0,0,0,0,0,0,0,0,0,0,0,0,0,0,0,0,0,0,0,0,0,0,0,0,0,0,0,0,0,0,0,0,0,0,0,0,0,0,0,0,0,0,0,0,0,0,0,0,0,0,0,0,0,0,0,0,0,0,0,0,0,0,0,0,0,0,0,0,0,0,0,0,0,0,0,0,0,0,0,0,0,0,0,0,0,0,0,0,0,0,0,0,0,0,0,0,0,0,0,0,0,0,0,0,0,0,0,0,0,0,0,0,0,0,0,0,0,0,0,0,0,0,0,0,0,0,0,0,0,0,0,0,0,0,0,0,0,0,0,0,0,0,0,0,0,0,0,0,0,0,0,0,0,0,0,0,0,0,0,0,0,0,0,0,0,0,0,0,0,0,0,0,0,0,0,0,0,0,0,0,0,0,0,0,0,0,0,0,0,0,0,0,0,0,0,0,0,0,0,0,0,0,0,0,0,0,0,0,0,0,0,0,0,0,0,0,0,0,0,0,0,0,0,0,0,0,0,0,0,0,0,0,0,0,0,0,0,0,0,0,0,0,0,0,0,0,0,0,0,0,0,0,0,0,0,0,0,0,0,0,0,0,0,0,0,0,0,0,0,0,0,0,0,0,0,0,0,0,0,0,0,0,0,0,0,0,0,0,0,0,0,0,0,0,0,0,0,0,0,0,0,0,0,0,0,0,0,0,0,0,0,0,0,0,0,0,0,0,0,0,0,0,0,0,0,0,0,0,0,0,0,0,0,0,0,0,0,0,0,0,0,0,0,0,0,0,0,0,0,0,0,0,0,0,0,0,0,0,0,0,0,0,0,0,0,0,0,0,0,0,0,0,0,0,0,0,0,0,0,0,0,0,0,0,0,0,0,0
"manyara/kiteto/bwagamoyo",0,0,0,0,0,0,0,0,0,0,0,0,0,0,0,0,0,0,0,0,0,0,0,0,0,0,0,0,0,0,0,0,0,0,0,0,0,0,0,0,0,0,0,0,0,0,0,0,0,0,0,0,0,0,0,0,0,0,0,0,0,0,0,0,0,0,0,0,0,0,0,0,0,0,0,0,0,0,0,0,0,0,0,0,0,0,0,0,0,0,0,0,0,0,0,0,0,0,0,0,0,0,0,0,0,0,0,0,0,0,0,0,0,0,0,0,0,0,0,0,0,0,0,0,0,0,0,0,0,0,0,0,0,0,0,0,0,0,0,0,0,0,0,0,0,0,0,0,0,0,0,0,0,0,0,0,0,0,0,0,0,0,0,0,0,0,0,0,0,0,0,0,0,0,0,0,0,0,0,0,0,0,0,0,0,0,0,0,0,0,0,0,0,0,0,0,0,0,0,0,0,0,0,0,0,0,0,0,0,0,0,0,0,0,0,0,0,0,0,0,0,0,0,0,0,0,0,0,0,0,0,0,0,0,0,0,0,0,0,0,0,0,0,0,0,0,0,0,0,0,0,0,0,0,0,0,0,0,0,0,0,0,0,0,0,0,0,0,0,0,0,0,0,0,0,0,0,0,0,0,0,0,0,0,0,0,0,0,0,0,0,0,0,0,0,0,0,0,0,0,0,0,0,0,0,0,0,0,0,0,0,0,0,0,0,0,0,0,0,0,0,0,0,0,0,0,0,0,0,0,0,0,0,0,0,0,0,0,0,0,0,0,0,0,0,0,0,0,0,0,0,0,0,0,0,0,0,0,0,0,0,0,0,0,0,0,0,0,0,0,0,0,0,0,0,0,0,0,0,0,0,0,0,0,0,0,0,0,0,0,0,0,0,0,0,0,0,0
"kilimanjaro/same/bwambo",0,0,0,0,0,0,0,0,0,0,0,0,0,0,0,0,0,0,0,0,0,0,0,0,0,0,0,0,0,0,0,0,0,0,0,0,0,0,0,0,0,0,0,0,0,0,0,0,0,0,0,0,0,0,0,0,0,0,0,0,0,0,0,0,0,0,0,0,0,0,0,0,0,0,0,0,0,0,0,0,0,0,0,0,0,0,0,0,0,0,0,0,0,0,0,0,0,0,0,0,0,0,0,0,0,0,0,0,0,0,0,0,0,0,0,0,0,0,0,0,0,0,0,0,0,0,0,0,0,0,0,0,0,0,0,0,0,0,0,0,0,0,0,0,0,0,0,0,0,0,0,0,0,0,0,0,0,0,0,0,0,0,0,0,0,0,0,0,0,0,0,0,0,0,0,0,0,0,0,0,0,0,0,0,0,0,0,0,0,0,0,0,0,0,0,0,0,0,0,0,0,0,0,0,0,0,0,0,0,0,0,0,0,0,0,0,0,0,0,0,0,0,0,0,0,0,0,0,0,0,0,0,0,0,0,0,0,0,0,0,0,0,0,0,0,0,0,0,0,0,0,0,0,0,0,0,0,0,0,0,0,0,0,0,0,0,0,0,0,0,0,0,0,0,0,0,0,0,0,0,0,0,0,0,0,0,0,0,0,0,0,0,0,0,0,0,0,0,0,0,0,0,0,0,0,0,0,0,0,0,0,0,0,0,0,0,0,0,0,0,0,0,0,0,0,0,0,0,0,0,0,0,0,0,0,0,0,0,0,0,0,0,0,0,0,0,0,0,0,0,0,0,0,0,0,0,0,0,0,0,0,0,0,0,0,0,0,0,0,0,0,0,0,0,0,0,0,0,0,0,0,0,0,0,0,0,0,0,0,0,0,0,0,0,0,0,0,0
"arusha/arusha/bwawani",0.037585,0.000175,0.000371,0.000493,2.3e-05,0.03316,1e-05,1.4e-05,1.9e-05,0.005706,8.7e-05,1.1e-05,0.017319,0.301976,0.000647,4.1e-05,1.4e-05,5.5e-05,9e-06,3.1e-05,9.4e-05,0.004235,1.9e-05,0.000624,0.000102,0.000193,3.7e-05,3.9e-05,1e-05,0.000142,0,5.6e-05,6.2e-05,0.000198,0.000106,2.1e-05,0.030952,0.000523,5.1e-05,0.001262,1.9e-05,6e-06,0.001223,0.00036,0.000185,2.1e-05,0.000846,0.943579,0.069039,3.7e-05,1.3e-05,4.4e-05,6.9e-05,2.1e-05,0.000383,9e-06,0.006636,8.9e-05,0.005938,0.008576,0.002199,0.004066,0.016573,0.000173,1e-06,0.293591,0.020652,1.3e-05,0.001288,0.004162,4.6e-05,2e-06,0.00143,0.000428,3e-05,0.002537,0.00052,8e-06,9e-06,1.2e-05,6e-06,4.4e-05,1.5e-05,1.6e-05,3.5e-05,9e-06,0.323014,1.3e-05,0.000257,0.008965,8e-06,8e-06,0.098292,0.082454,0.000335,0.001469,0.016595,0.000113,0.079309,0.01663,2.2e-05,2.6e-05,0.003053,0.040592,0.0031,0.056849,3.5e-05,0.021954,0.012922,0.004018,0.011361,0.032704,0.000192,0.001078,0.000512,0.000349,0.182016,4.1e-05,0.094105,0.008597,0.002694,0.144149,0.000308,0.001183,0.000112,0.001236,0.001215,0.498385,0.286725,0.000494,0.000401,0.00746,0.02782,0.004726,8.3e-05,0.166988,0.005913,0.010663,0.070367,0.035262,0.042724,7.5e-05,0.04434,0.003098,0.000573,0.01584,2.5e-05,0.036441,0.028439,0.009135,0.000332,0.000313,0.000443,0.000219,0.006419,0.446103,0.000599,0.000547,0.000514,0.716549,0.003587,0.056366,3e-04,0.000702,6e-06,1.2e-05,0.006666,0.01701,0.349868,0.002049,0.000394,0.022958,0.916662,0.005745,0.003663,0.00333,0.0457,0.000244,0.032755,0.001519,4.6e-05,0.000196,0.00999,0.005529,0.187079,0.88156,0.000346,0.00069,0.112967,0.037223,0.011452,0.000204,0.00035,1.3e-05,0.002787,9.3e-05,0.000359,3.2e-05,0.036108,4.9e-05,0.3896,0.001224,0.003446,0.003272,0.02886,0.008245,0.178655,0.01421,0.002308,0.000495,0.000448,8.3e-05,0.051862,0.000161,1.5e-05,0.001378,1.8e-05,0.182165,0.002871,0.017129,1.2e-05,0.004179,1.4e-05,0.001001,0.176414,0.003859,0.171912,0.002437,0.000105,1e-05,9e-06,1.3e-05,0.021433,0.373028,0.000258,5e-05,0.000702,0.181659,0.00181,0.000289,0.077113,0.472174,0.000302,0.151379,8.9e-05,0.000588,0.002009,0.453633,1.8e-05,0.021149,0.661426,0.114371,0.000928,0.482169,0.014891,0.002905,4e-04,0.001815,0.000456,0.000114,7.9e-05,0.008432,9.3e-05,8.7e-05,0.005088,0.000642,3e-05,0.162805,1.9e-05,0.001355,0.133259,0.054046,0.000278,0.000125,0.151781,0.000856,0.003114,0.013401,3.4e-05,0.000604,0.01236,6.8e-05,0.225901,7.5e-05,3.1e-05,2.7e-05,7e-06,0.000921,3.3e-05,0.00091,0.000407,0.00567,0.000238,0.969683,0.007556,0.01418,0.104114,0.007504,0.012945,0.001332,0.000129,9.5e-05,0.000569,0.002825,7e-05,0.012179,0.040786,0.004866,0.002924,0.000631,0.165131,0.000467,0.000169,0.000437,0.004341,3.2e-05,6.5e-05,0.149735,0.080592,0.446663,0.065665,0.176604,0.034133,0.038778,0.604407,0.001185,0.001602,0.01673,0.000246,0.067794,0.127407,0.032034,0.189252,0.007517,0.006472,4e-05,0.003034,0.000482,0.677677,0.000188,4e-05,0.000471,5.8e-05,1.9e-05,0.022331,0.001809,0.000777,0.081762,0.018201,0.001017,1.3e-05,0.058853,0.017269,0.762421,0.0065,0.03039,0.081418,0.00156,0.000595,0.009269,2.8e-05,7e-06,2.8e-05,9e-06,0.00017,0.631281,0.201261,0.490135,8.2e-05,0.087938,0.003388,5e-05,0.000117,9.5e-05,0.000718,0.163975,0.009165,0.003778,0.042313,1.5e-05,9.2e-05,2e-05,0.146841,0.000169,1.2e-05,0.033901,0.000548,0.07224,0.011705,0.000378,0.505358,0.000313,0.000117,0.00021,5e-05,3.6e-05,2.1e-05,1.5e-05
"manyara/kiteto/chapakazi",0,0,0,0,0,0,0,0,0,0,0,0,0,0,0,0,0,0,0,0,0,0,0,0,0,0,0,0,0,0,0,0,0,0,0,0,0,0,0,0,0,0,0,0,0,0,0,0,0,0,0,0,0,0,0,0,0,0,0,0,0,0,0,0,0,0,0,0,0,0,0,0,0,0,0,0,0,0,0,0,0,0,0,0,0,0,0,0,0,0,0,0,0,0,0,0,0,0,0,0,0,0,0,0,0,0,0,0,0,0,0,0,0,0,0,0,0,0,0,0,0,0,0,0,0,0,0,0,0,0,0,0,0,0,0,0,0,0,0,0,0,0,0,0,0,0,0,0,0,0,0,0,0,0,0,0,0,0,0,0,0,0,0,0,0,0,0,0,0,0,0,0,0,0,0,0,0,0,0,0,0,0,0,0,0,0,0,0,0,0,0,0,0,0,0,0,0,0,0,0,0,0,0,0,0,0,0,0,0,0,0,0,0,0,0,0,0,0,0,0,0,0,0,0,0,0,0,0,0,0,0,0,0,0,0,0,0,0,0,0,0,0,0,0,0,0,0,0,0,0,0,0,0,0,0,0,0,0,0,0,0,0,0,0,0,0,0,0,0,0,0,0,0,0,0,0,0,0,0,0,0,0,0,0,0,0,0,0,0,0,0,0,0,0,0,0,0,0,0,0,0,0,0,0,0,0,0,0,0,0,0,0,0,0,0,0,0,0,0,0,0,0,0,0,0,0,0,0,0,0,0,0,0,0,0,0,0,0,0,0,0,0,0,0,0,0,0,0,0,0,0,0,0,0,0,0,0,0,0,0,0,0,0,0,0,0,0,0,0,0,0,0,0,0,0,0,0,0,0,0,0,0,0,0,0,0,0,0,0,0,0,0,0,0,0,0,0,0
"kilimanjaro/same/chome",0,0,0,0,0,0,0,0,0,0,0,0,0,0,0,0,0,0,0,0,0,0,0,0,0,0,0,0,0,0,0,0,0,0,0,0,0,0,0,0,0,0,0,0,0,0,0,0,0,0,0,0,0,0,0,0,0,0,0,0,0,0,0,0,0,0,0,0,0,0,0,0,0,0,0,0,0,0,0,0,0,0,0,0,0,0,0,0,0,0,0,0,0,0,0,0,0,0,0,0,0,0,0,0,0,0,0,0,0,0,0,0,0,0,0,0,0,0,0,0,0,0,0,0,0,0,0,0,0,0,0,0,0,0,0,0,0,0,0,0,0,0,0,0,0,0,0,0,0,0,0,0,0,0,0,0,0,0,0,0,0,0,0,0,0,0,0,0,0,0,0,0,0,0,0,0,0,0,0,0,0,0,0,0,0,0,0,0,0,0,0,0,0,0,0,0,0,0,0,0,0,0,0,0,0,0,0,0,0,0,0,0,0,0,0,0,0,0,0,0,0,0,0,0,0,0,0,0,0,0,0,0,0,0,0,0,0,0,0,0,0,0,0,0,0,0,0,0,0,0,0,0,0,0,0,0,0,0,0,0,0,0,0,0,0,0,0,0,0,0,0,0,0,0,0,0,0,0,0,0,0,0,0,0,0,0,0,0,0,0,0,0,0,0,0,0,0,0,0,0,0,0,0,0,0,0,0,0,0,0,0,0,0,0,0,0,0,0,0,0,0,0,0,0,0,0,0,0,0,0,0,0,0,0,0,0,0,0,0,0,0,0,0,0,0,0,0,0,0,0,0,0,0,0,0,0,0,0,0,0,0,0,0,0,0,0,0,0,0,0,0,0,0,0,0,0,0,0,0,0,0,0,0,0,0,0,0,0,0,0,0,0,0,0,0,0,0,0
"kilimanjaro/mwanga/chomvu",0,0,0,0,0,0,0,0,0,0,0,0,0,0,0,0,0,0,0,0,0,0,0,0,0,0,0,0,0,0,0,0,0,0,0,0,0,0,0,0,0,0,0,0,0,0,0,0,0,0,0,0,0,0,0,0,0,0,0,0,0,0,0,0,0,0,0,0,0,0,0,0,0,0,0,0,0,0,0,0,0,0,0,0,0,0,0,0,0,0,0,0,0,0,0,0,0,0,0,0,0,0,0,0,0,0,0,0,0,0,0,0,0,0,0,0,0,0,0,0,0,0,0,0,0,0,0,0,0,0,0,0,0,0,0,0,0,0,0,0,0,0,0,0,0,0,0,0,0,0,0,0,0,0,0,0,0,0,0,0,0,0,0,0,0,0,0,0,0,0,0,0,0,0,0,0,0,0,0,0,0,0,0,0,0,0,0,0,0,0,0,0,0,0,0,0,0,0,0,0,0,0,0,0,0,0,0,0,0,0,0,0,0,0,0,0,0,0,0,0,0,0,0,0,0,0,0,0,0,0,0,0,0,0,0,0,0,0,0,0,0,0,0,0,0,0,0,0,0,0,0,0,0,0,0,0,0,0,0,0,0,0,0,0,0,0,0,0,0,0,0,0,0,0,0,0,0,0,0,0,0,0,0,0,0,0,0,0,0,0,0,0,0,0,0,0,0,0,0,0,0,0,0,0,0,0,0,0,0,0,0,0,0,0,0,0,0,0,0,0,0,0,0,0,0,0,0,0,0,0,0,0,0,0,0,0,0,0,0,0,0,0,0,0,0,0,0,0,0,0,0,0,0,0,0,0,0,0,0,0,0,0,0,0,0,0,0,0,0,0,0,0,0,0,0,0,0,0,0,0,0,0,0,0,0,0,0,0,0,0,0,0,0,0,0,0,0,0
"arusha/karatu/daa",0.000165,0.000459,1.4e-05,0.001418,2.9e-05,0.000539,3.6e-05,5.5e-05,1.4e-05,0.004523,7.6e-05,9e-06,0.000132,0.001968,0.004205,0.000217,9.7e-05,0.000164,2.7e-05,8.2e-05,1e-05,0.000115,1.2e-05,1.1e-05,8e-06,4e-06,2.6e-05,0.000266,2e-06,1.2e-05,0.000557,1.3e-05,5e-06,7e-06,0,5.1e-05,0.000199,0.001346,0.000695,0.000803,5.3e-05,9e-06,0.000539,0.001707,8.9e-05,1.8e-05,0.000192,0.048877,0.004992,0.002561,0.000102,0.002538,0.000703,5.6e-05,0.000683,9e-06,1.9e-05,2.9e-05,0.000328,0.126665,0.000741,0.005505,0.001129,3.9e-05,1e-06,0.001285,0.000987,4.1e-05,0.001864,0.002343,0.000999,2e-06,2.8e-05,0.001667,5.6e-05,0.001898,0.000313,9e-06,1.2e-05,2.2e-05,5e-06,6.5e-05,3.3e-05,1e-05,3.8e-05,0.00011,0.004509,2.3e-05,0.00101,0.001528,6e-06,2.2e-05,0.003679,0.001049,0.000118,0.006733,0.000297,4e-06,0.001714,0.000423,6.6e-05,0.000199,0.000296,0.000312,5.7e-05,0.002775,0.000529,0.000385,0.000201,0.101205,0.000207,0.001182,0.000345,8e-06,1.7e-05,1.3e-05,0.00161,8e-06,0.002096,0.000207,0.000111,0.003894,1.1e-05,4.1e-05,4e-06,0.000118,0.000414,0.008609,0.000592,1.4e-05,1.1e-05,0.000407,0.000786,8.7e-05,3e-06,0.001095,6.6e-05,0.000247,0.007699,0.000637,0.000338,7e-06,0.000411,5.9e-05,2.4e-05,0.000581,7.2e-05,0.000882,0.000752,0.000243,1.2e-05,9e-06,1.9e-05,1.2e-05,0.000499,0.015164,5.3e-05,0.000218,5.1e-05,0.030271,0.000115,0.002462,5e-06,2.8e-05,1.4e-05,9e-06,0.000151,0.000189,0.002165,6.2e-05,0.000145,0.010043,0.033491,0.000238,7.5e-05,0.000575,0.009286,2.2e-05,0.000625,0.00023,4e-06,0.000201,0.000853,9.9e-05,0.00426,0.073672,9e-06,1.7e-05,0.002112,0.000653,0.000163,0.000348,0.002369,5.8e-05,0.003631,2.1e-05,1.2e-05,3.2e-05,0.000717,0.000151,0.003017,0.000156,0.00048,1.2e-05,0.001013,1e-04,0.006129,0.009456,0.00459,1.6e-05,1.4e-05,5.9e-05,0.00201,6e-06,0.000314,0.000124,0.000147,0.009225,8.4e-05,0.000519,5.2e-05,1.3e-05,1.6e-05,1.7e-05,0.002597,6.1e-05,0.003742,2.9e-05,0.001073,9e-06,9e-06,0.000123,0.006658,0.004816,6.3e-05,1e-06,1.7e-05,0.000494,0.007544,1.1e-05,0.000266,0.055693,6e-06,0.012816,6e-06,1.1e-05,3.9e-05,0.001431,1.7e-05,0.000207,0.011088,0.01994,4.7e-05,0.00276,0.000575,0.00024,1.5e-05,5.7e-05,9e-06,8e-06,6e-06,0.000237,4.3e-05,7e-06,0.028035,0.000122,6.6e-05,0.004988,1.5e-05,0.000945,0.004075,0.001505,1e-05,7e-06,0.005437,2.9e-05,0.000276,0.000769,9e-05,0.001993,9.9e-05,9.4e-05,0.028506,0.000211,1.2e-05,3.7e-05,6e-06,3.5e-05,5.7e-05,1.5e-05,5.8e-05,0.000181,2.1e-05,0.006963,0.000157,0.000347,0.003539,5.9e-05,0.000295,0.032828,5e-06,3e-06,1.1e-05,0.000118,1.4e-05,0.022605,0.000235,2.8e-05,1.8e-05,1.5e-05,0.003526,0.005066,3.8e-05,9e-06,0.000103,0.003139,7.4e-05,0.008081,0.003317,0.004011,4e-04,0.004634,0.000369,0.001815,0.029272,0.001997,0.002556,8.7e-05,0.000171,0.000819,0.001145,0.00055,0.035034,0.004849,0.000718,1.5e-05,5.4e-05,0.000328,0.006788,5.3e-05,0.001288,9e-06,0.000356,3.5e-05,0.001109,0.000184,0.000653,0.001359,0.000859,0.000765,4.8e-05,0.000953,8.9e-05,0.013505,0.007114,0.00231,0.000959,5e-05,2.2e-05,0.000157,2.9e-05,1e-05,2.1e-05,6e-06,0.000127,0.00864,0.002513,0.005793,1.9e-05,0.000812,6e-05,2e-06,9e-06,3.8e-05,2.8e-05,0.000556,0.000394,2e-05,0.004275,5.3e-05,5e-06,4.5e-05,0.006737,0.000263,5.4e-05,0.000245,1.4e-05,0.001536,0.000278,9e-06,0.002891,1.1e-05,8e-06,1.6e-05,3e-06,3e-06,6e-05,7.1e-05
"manyara/babati/dabil",2.5e-05,1.1e-05,3e-06,7.6e-05,0.000163,0.000116,1.1e-05,1.2e-05,6.6e-05,0.008469,0.000231,4.9e-05,1.8e-05,0.000282,0.000552,2.9e-05,7.3e-05,0.004483,0.000107,0.000331,3e-06,1.9e-05,4.9e-05,2e-06,2e-06,1e-06,8.6e-05,1.1e-05,1e-06,3e-06,9.9e-05,9e-06,1e-06,2e-06,4.6e-05,0,2.7e-05,0.017351,6.2e-05,6.6e-05,7.7e-05,5.5e-05,0.000259,0.003942,5.6e-05,0.000138,1.2e-05,0.006675,0.001511,1.9e-05,3.1e-05,1.1e-05,1e-05,6.4e-05,0.011782,0.000296,4e-06,2e-05,0.000112,0.003348,7.5e-05,0.00023,0.000113,2.3e-05,0,0.00019,9.6e-05,2.2e-05,8.1e-05,0.001949,6e-06,2.9e-05,4e-06,0.000247,0.000255,0.000134,1.6e-05,0.00015,2.6e-05,4.3e-05,5.4e-05,0.000453,0.000109,4.2e-05,0.001681,1.8e-05,0.00084,8.9e-05,0.001389,0.000468,7.7e-05,3.7e-05,0.000799,0.000137,7e-06,0.001454,5e-05,1e-06,0.000375,9.3e-05,2.4e-05,9e-06,8.6e-05,4.2e-05,1.2e-05,0.000471,1.3e-05,7.5e-05,3e-05,0.000958,3.5e-05,0.000233,0.003813,1e-06,4e-06,3e-06,0.000302,5e-06,0.000421,3.9e-05,2e-05,0.000737,3e-06,1e-05,1e-06,3.5e-05,0.00019,0.001449,0.000101,3e-06,2e-06,8.6e-05,0.000177,1.7e-05,1e-06,0.000154,8e-06,5e-05,0.000906,0.000122,5.7e-05,2e-06,5.4e-05,1.1e-05,5e-06,0.000142,0.000122,0.000185,0.000153,5.1e-05,2e-06,2e-06,4e-06,3e-06,0.000136,0.001765,1.1e-05,1.6e-05,2e-05,0.006133,2.6e-05,0.00071,1e-06,7e-06,5.1e-05,3.2e-05,3.6e-05,2.9e-05,0.00031,1.5e-05,6.6e-05,0.000712,0.004619,7.2e-05,1.2e-05,0.000301,0.001856,2e-06,0.000122,9.9e-05,1e-06,1.4e-05,0.000268,2.1e-05,0.000773,0.01491,2e-06,3e-06,0.000393,0.000118,3.3e-05,0.001655,0.000213,0.000101,0.001878,1.1e-05,3e-06,4.7e-05,0.000143,3e-06,0.000481,9.9e-05,0.000145,2e-06,0.000206,1.6e-05,0.001333,0.000742,0.000171,3e-06,3e-06,3.5e-05,0.00043,1e-06,7e-06,3.5e-05,9e-06,0.001892,1.7e-05,0.000107,0.000145,2e-06,0.000346,3e-06,0.000472,1.1e-05,0.000661,6e-06,7.7e-05,0.000186,0.000171,4.3e-05,0.000594,0.000649,4.4e-05,0,3e-06,9.2e-05,0.000182,2e-06,5.3e-05,0.007521,1e-06,0.003325,2e-06,2e-06,8e-06,0.000223,0.000186,3.1e-05,0.0015,0.001702,4e-06,0.000407,0.000103,7.1e-05,3e-06,1.4e-05,2e-06,2e-06,2e-06,5.4e-05,5e-06,2e-06,0.000725,1.1e-05,6.7e-05,0.000548,1.9e-05,0.000275,0.000444,0.000354,2e-06,2e-06,0.001157,6e-06,8.2e-05,0.000249,2.7e-05,3.8e-05,2.2e-05,3e-06,0.003558,0.000108,7e-06,7.3e-05,7.4e-05,7e-06,0.000548,2e-06,3.2e-05,2.8e-05,6e-06,0.001169,3.2e-05,5.5e-05,0.000487,8e-06,7.7e-05,0.000196,1e-06,1e-06,2e-06,3.1e-05,9e-06,0.003209,3.4e-05,4e-06,3e-06,3e-06,0.000463,0.000102,3e-05,2e-06,2.1e-05,5e-06,6e-06,0.000998,0.00066,0.000659,7.9e-05,0.000532,6.4e-05,0.000278,0.003728,0.000166,0.000202,1.2e-05,1.8e-05,0.000104,0.000155,6.6e-05,0.003908,0.00044,0.000257,9e-06,1.1e-05,2e-05,0.001029,5.5e-05,6e-06,2e-06,5e-06,0.000204,0.000327,6.2e-05,4.3e-05,0.00017,0.000235,5.8e-05,1.2e-05,0.000155,1.3e-05,0.001869,0.000325,0.000221,0.000221,1.2e-05,5e-06,3.1e-05,8.8e-05,7.3e-05,5.7e-05,3e-05,1.2e-05,0.001202,0.000354,0.000785,1.1e-05,0.000117,1.2e-05,1e-06,3e-06,1.8e-05,5e-06,8.4e-05,9.8e-05,3e-06,0.000573,2.6e-05,1e-06,9.7e-05,0.001328,0.003527,1e-05,3.3e-05,3e-06,0.000299,5.5e-05,2e-06,0.000459,2e-06,2e-06,5e-06,1e-06,1e-06,6.3e-05,2.2e-05
"arusha/arushaurban/darajambili",0,0,0,0,0,0,0,0,0,0,0,0,0,0,0,0,0,0,0,0,0,0,0,0,0,0,0,0,0,0,0,0,0,0,0,0,0,0,0,0,0,0,0,0,0,0,0,0,0,0,0,0,0,0,0,0,0,0,0,0,0,0,0,0,0,0,0,0,0,0,0,0,0,0,0,0,0,0,0,0,0,0,0,0,0,0,0,0,0,0,0,0,0,0,0,0,0,0,0,0,0,0,0,0,0,0,0,0,0,0,0,0,0,0,0,0,0,0,0,0,0,0,0,0,0,0,0,0,0,0,0,0,0,0,0,0,0,0,0,0,0,0,0,0,0,0,0,0,0,0,0,0,0,0,0,0,0,0,0,0,0,0,0,0,0,0,0,0,0,0,0,0,0,0,0,0,0,0,0,0,0,0,0,0,0,0,0,0,0,0,0,0,0,0,0,0,0,0,0,0,0,0,0,0,0,0,0,0,0,0,0,0,0,0,0,0,0,0,0,0,0,0,0,0,0,0,0,0,0,0,0,0,0,0,0,0,0,0,0,0,0,0,0,0,0,0,0,0,0,0,0,0,0,0,0,0,0,0,0,0,0,0,0,0,0,0,0,0,0,0,0,0,0,0,0,0,0,0,0,0,0,0,0,0,0,0,0,0,0,0,0,0,0,0,0,0,0,0,0,0,0,0,0,0,0,0,0,0,0,0,0,0,0,0,0,0,0,0,0,0,0,0,0,0,0,0,0,0,0,0,0,0,0,0,0,0,0,0,0,0,0,0,0,0,0,0,0,0,0,0,0,0,0,0,0,0,0,0,0,0,0,0,0,0,0,0,0,0,0,0,0,0,0,0,0,0,0,0,0,0,0,0,0,0,0,0,0,0,0,0,0,0,0,0,0,0,0,0
"manyara/babati/dareda",0.000161,7.3e-05,1.7e-05,0.000453,0.005426,0.000713,0.000101,0.000104,0.000563,0.091155,0.002955,0.000145,0.00012,0.00186,0.003194,0.000248,0.00045,0.015909,0.000316,0.00095,1.7e-05,0.000118,0.000358,1.4e-05,1.3e-05,4e-06,0.000822,9.1e-05,6e-06,2e-05,0.000655,4.7e-05,8e-06,1e-05,0.000319,0.004656,0.000183,0,0.000505,0.000391,0.000413,0.000176,0.001393,0.026739,0.000294,0.00135,8e-05,0.043356,0.011061,0.000142,0.000275,7.4e-05,7.5e-05,0.000291,0.040824,0.000649,2.4e-05,0.000169,0.000676,0.020158,0.000461,0.00152,0.000723,0.000122,0,0.001263,0.000658,0.000105,0.000612,0.015198,4.1e-05,6.3e-05,2.7e-05,0.002196,0.000726,0.000831,0.000101,0.000259,8.9e-05,0.000155,0.000232,0.002819,0.000577,0.000153,0.001925,0.000141,0.005215,0.000294,0.005385,0.002705,0.000236,0.000133,0.004759,0.000898,4.4e-05,0.012422,0.00031,6e-06,0.002278,0.000559,0.000231,5.2e-05,0.000496,0.000281,7.1e-05,0.002833,0.000102,0.000462,0.000189,0.006888,0.000218,0.001396,0.008865,7e-06,2.1e-05,1.6e-05,0.001896,2.9e-05,0.002561,0.000234,0.000125,0.004467,1.5e-05,5.8e-05,7e-06,0.000204,0.001055,0.009199,0.000654,1.7e-05,1.4e-05,0.00052,0.001062,0.000105,4e-06,0.001018,5.6e-05,0.000304,0.005525,0.000747,0.000362,1.1e-05,0.000361,6.9e-05,2.9e-05,0.000844,0.001844,0.001118,0.000921,0.000306,1.4e-05,1.3e-05,2.4e-05,1.9e-05,0.000787,0.011977,6.3e-05,0.000102,0.00012,0.036653,0.000158,0.004827,6e-06,4.2e-05,0.000149,0.000106,0.000216,0.000185,0.002067,9.2e-05,0.000363,0.005089,0.030172,0.000434,7.7e-05,0.002019,0.013944,1.5e-05,0.000748,0.000555,7e-06,8e-05,0.001551,0.000127,0.004729,0.086936,9e-06,1.8e-05,0.002413,0.000727,0.000201,0.027863,0.001815,0.000415,0.017572,6.1e-05,1.6e-05,0.000588,0.000874,2.4e-05,0.003085,0.000604,0.000844,1.4e-05,0.001233,0.000103,0.00796,0.005528,0.00105,2e-05,1.7e-05,0.000303,0.002564,7e-06,4.4e-05,0.000203,7.2e-05,0.011182,0.000103,0.000645,0.000586,1.5e-05,0.003972,1.8e-05,0.002923,6.6e-05,0.004059,3.5e-05,0.000553,0.000427,0.000878,0.00031,0.003594,0.004409,0.000233,1e-06,2e-05,0.000598,0.001274,1.3e-05,0.000338,0.052628,7e-06,0.019571,9e-06,1.4e-05,4.8e-05,0.001471,0.000411,0.000213,0.009889,0.011296,3.1e-05,0.002695,0.00062,0.000409,1.9e-05,8.1e-05,1.1e-05,1.2e-05,1e-05,0.000331,3.7e-05,1.2e-05,0.005332,6.6e-05,0.00078,0.003705,0.000213,0.002458,0.002962,0.002132,1.3e-05,1.3e-05,0.006907,3.6e-05,0.000471,0.001583,0.000268,0.000256,0.000136,2e-05,0.021352,0.001097,3.7e-05,0.000752,0.000193,4e-05,0.002795,1.5e-05,0.000185,0.000175,3.6e-05,0.00766,0.000193,0.00034,0.003106,5.3e-05,0.000469,0.001307,6e-06,5e-06,1.3e-05,0.000187,4.8e-05,0.026598,0.000221,2.8e-05,1.7e-05,1.7e-05,0.003118,0.000641,0.000164,1.1e-05,0.000125,3.8e-05,3.6e-05,0.006391,0.003938,0.004476,0.00054,0.003506,0.000403,0.00169,0.024366,0.000966,0.001186,8.2e-05,0.000103,0.000694,0.001021,0.000439,0.024,0.002576,0.001555,4.9e-05,6.6e-05,0.000124,0.006678,0.000409,4.3e-05,1.1e-05,3.8e-05,0.002842,0.001938,0.000355,0.000258,0.00111,0.001393,0.000344,0.000107,0.000966,8.6e-05,0.01231,0.002284,0.001558,0.001435,7.1e-05,2.7e-05,0.000191,0.001448,0.000285,0.000614,0.000127,6.9e-05,0.007886,0.002363,0.005237,5.8e-05,0.000756,7.2e-05,4e-06,1.6e-05,9.8e-05,3.2e-05,0.000569,0.000688,1.9e-05,0.003527,0.000227,7e-06,0.000957,0.007898,0.007815,8.4e-05,0.000222,1.6e-05,0.001819,0.000331,1.1e-05,0.002974,1.3e-05,1.3e-05,2.7e-05,4e-06,6e-06,0.000542,0.000132
"manyara/mbulu/daudi",1.6e-05,1.5e-05,1e-06,6.3e-05,1.1e-05,5.5e-05,4.5e-05,9.3e-05,4e-06,0.001463,2.5e-05,2e-06,1.2e-05,0.000188,0.000554,0.000976,3.4e-05,5.3e-05,6e-06,1.8e-05,1e-06,1.1e-05,3e-06,1e-06,1e-06,0,8e-06,9.2e-05,0,1e-06,5.9e-05,2e-06,0,1e-06,0.000151,1.5e-05,1.9e-05,0.000464,0,4.5e-05,1.7e-05,2e-06,6.5e-05,0.000663,1.2e-05,6e-06,1.2e-05,0.004735,0.000785,0.000113,0.000126,2.7e-05,3.6e-05,1.3e-05,0.000187,3e-06,2e-06,7e-06,3.9e-05,0.004262,5e-05,0.000269,8.4e-05,5e-06,0,0.000126,8.4e-05,7e-06,0.000158,0.000525,1.5e-05,1e-06,2e-06,0.002321,1.1e-05,0.000107,1.5e-05,2e-06,2e-06,5e-06,1e-06,1.8e-05,1.1e-05,2e-06,1e-05,0.000162,0.00044,6e-06,0.000197,0.000167,2e-06,4e-06,0.000361,9.4e-05,7e-06,0.011657,2.7e-05,0,0.000173,4.2e-05,6.6e-05,1e-05,3.2e-05,2.9e-05,6e-06,0.000244,0.00017,3.7e-05,1.8e-05,0.00269,1.9e-05,0.000111,8.1e-05,1e-06,2e-06,1e-06,0.00016,1e-06,0.000204,1.9e-05,1e-05,0.000368,1e-06,4e-06,0,1.3e-05,5.1e-05,0.000836,6e-05,1e-06,1e-06,4e-05,7.9e-05,8e-06,0,0.000104,6e-06,2.4e-05,0.000572,6.1e-05,3.2e-05,1e-06,3.8e-05,6e-06,2e-06,6e-05,3.2e-05,8.7e-05,7.3e-05,2.4e-05,1e-06,1e-06,2e-06,1e-06,5.2e-05,0.001414,5e-06,1.4e-05,6e-06,0.003009,1.2e-05,0.000331,1e-06,3e-06,3e-06,2e-06,1.6e-05,1.7e-05,0.000211,6e-06,1.8e-05,0.00083,0.003223,2.7e-05,7e-06,9.2e-05,0.001366,2e-06,6e-05,2.8e-05,0,1e-05,9.4e-05,1e-05,4e-04,0.007538,1e-06,2e-06,0.000201,6.2e-05,1.6e-05,0.000141,0.001096,1.4e-05,0.001078,3e-06,1e-06,1.2e-05,7e-05,7e-06,0.000288,2.4e-05,5.3e-05,1e-06,9.7e-05,9e-06,0.000607,0.000949,0.000173,2e-06,1e-06,1.4e-05,0.000195,1e-06,1.7e-05,1.3e-05,0.000391,0.000878,8e-06,5e-05,1.4e-05,1e-06,5e-06,2e-06,0.000249,6e-06,0.000349,3e-06,0.000456,2e-06,3e-06,6.5e-05,0.000413,0.000475,9e-06,0,2e-06,5.2e-05,0.000308,1e-06,2.8e-05,0.006426,1e-06,0.001362,1e-06,1e-06,4e-06,0.000142,4e-06,2.2e-05,0.001041,0.001511,4e-06,0.000269,5.2e-05,2.6e-05,1e-06,6e-06,1e-06,1e-06,1e-06,2.5e-05,6e-06,1e-06,0.001578,8e-06,4e-05,0.000442,5e-06,0.000256,0.000349,0.000155,1e-06,1e-06,0.000532,3e-06,3e-05,9.7e-05,7.7e-05,6.1e-05,1e-05,4e-06,0.002176,0.000176,2e-06,1.1e-05,2e-06,3e-06,1.9e-05,1e-06,8e-06,1.6e-05,2e-06,0.000712,1.5e-05,3.1e-05,0.000311,6e-06,3.2e-05,4e-04,0,0,1e-06,1.3e-05,2e-06,0.005032,2.2e-05,3e-06,2e-06,1e-06,0.000337,0.000136,6e-06,1e-06,1e-05,1.5e-05,4e-06,0.000682,0.000313,0.000432,4.7e-05,0.000397,3.5e-05,0.000154,0.00269,0.00011,0.000138,8e-06,1.1e-05,7.5e-05,0.000106,4.9e-05,0.002651,0.000283,8.8e-05,2e-06,5e-06,1.7e-05,0.000649,1.2e-05,1.9e-05,1e-06,1.3e-05,1.1e-05,0.000123,2.1e-05,3.3e-05,0.000119,9.2e-05,4.1e-05,7e-05,8.7e-05,8e-06,0.001284,0.000437,0.000211,0.000109,5e-06,2e-06,1.5e-05,1.1e-05,2e-06,6e-06,1e-06,7e-06,0.000812,0.000244,0.000553,2e-06,7.4e-05,6e-06,0,1e-06,5e-06,3e-06,5.7e-05,5.3e-05,2e-06,0.000347,4.1e-05,0,2e-05,0.000632,7.4e-05,0.000128,2.3e-05,1e-06,0.000148,2.7e-05,1e-06,0.000281,1e-06,1e-06,2e-06,0,0,3.1e-05,1.7e-05
"arusha/ngorongoro/digodigo",0,0,0,0,0,0,0,0,0,0,0,0,0,0,0,0,0,0,0,0,0,0,0,0,0,0,0,0,0,0,0,0,0,0,0,0,0,0,0,0,0,0,0,0,0,0,0,0,0,0,0,0,0,0,0,0,0,0,0,0,0,0,0,0,0,0,0,0,0,0,0,0,0,0,0,0,0,0,0,0,0,0,0,0,0,0,0,0,0,0,0,0,0,0,0,0,0,0,0,0,0,0,0,0,0,0,0,0,0,0,0,0,0,0,0,0,0,0,0,0,0,0,0,0,0,0,0,0,0,0,0,0,0,0,0,0,0,0,0,0,0,0,0,0,0,0,0,0,0,0,0,0,0,0,0,0,0,0,0,0,0,0,0,0,0,0,0,0,0,0,0,0,0,0,0,0,0,0,0,0,0,0,0,0,0,0,0,0,0,0,0,0,0,0,0,0,0,0,0,0,0,0,0,0,0,0,0,0,0,0,0,0,0,0,0,0,0,0,0,0,0,0,0,0,0,0,0,0,0,0,0,0,0,0,0,0,0,0,0,0,0,0,0,0,0,0,0,0,0,0,0,0,0,0,0,0,0,0,0,0,0,0,0,0,0,0,0,0,0,0,0,0,0,0,0,0,0,0,0,0,0,0,0,0,0,0,0,0,0,0,0,0,0,0,0,0,0,0,0,0,0,0,0,0,0,0,0,0,0,0,0,0,0,0,0,0,0,0,0,0,0,0,0,0,0,0,0,0,0,0,0,0,0,0,0,0,0,0,0,0,0,0,0,0,0,0,0,0,0,0,0,0,0,0,0,0,0,0,0,0,0,0,0,0,0,0,0,0,0,0,0,0,0,0,0,0,0,0,0,0,0,0,0,0,0,0,0,0,0,0,0,0,0,0,0,0,0,0
"manyara/mbulu/dinamu",0,0,0,0,0,0,0,0,0,0,0,0,0,0,0,0,0,0,0,0,0,0,0,0,0,0,0,0,0,0,0,0,0,0,0,0,0,0,0,0,0,0,0,0,0,0,0,0,0,0,0,0,0,0,0,0,0,0,0,0,0,0,0,0,0,0,0,0,0,0,0,0,0,0,0,0,0,0,0,0,0,0,0,0,0,0,0,0,0,0,0,0,0,0,0,0,0,0,0,0,0,0,0,0,0,0,0,0,0,0,0,0,0,0,0,0,0,0,0,0,0,0,0,0,0,0,0,0,0,0,0,0,0,0,0,0,0,0,0,0,0,0,0,0,0,0,0,0,0,0,0,0,0,0,0,0,0,0,0,0,0,0,0,0,0,0,0,0,0,0,0,0,0,0,0,0,0,0,0,0,0,0,0,0,0,0,0,0,0,0,0,0,0,0,0,0,0,0,0,0,0,0,0,0,0,0,0,0,0,0,0,0,0,0,0,0,0,0,0,0,0,0,0,0,0,0,0,0,0,0,0,0,0,0,0,0,0,0,0,0,0,0,0,0,0,0,0,0,0,0,0,0,0,0,0,0,0,0,0,0,0,0,0,0,0,0,0,0,0,0,0,0,0,0,0,0,0,0,0,0,0,0,0,0,0,0,0,0,0,0,0,0,0,0,0,0,0,0,0,0,0,0,0,0,0,0,0,0,0,0,0,0,0,0,0,0,0,0,0,0,0,0,0,0,0,0,0,0,0,0,0,0,0,0,0,0,0,0,0,0,0,0,0,0,0,0,0,0,0,0,0,0,0,0,0,0,0,0,0,0,0,0,0,0,0,0,0,0,0,0,0,0,0,0,0,0,0,0,0,0,0,0,0,0,0,0,0,0,0,0,0,0,0,0,0,0,0,0
"manyara/hanang/dirma",2.7e-05,1e-05,4e-06,7.8e-05,4e-05,0.000146,5e-06,5e-06,5e-05,0.004979,0.000117,0.000365,2e-05,0.000308,0.000314,1.4e-05,2.7e-05,0.00034,5.8e-05,0.000264,4e-06,2.2e-05,5.2e-05,3e-06,3e-06,1e-06,6.2e-05,7e-06,2e-06,5e-06,0.000111,1.9e-05,2e-06,2e-06,3e-05,0.000217,3e-05,0.002599,3.1e-05,7.3e-05,2.5e-05,0,0.000479,0.000987,0.00012,6.6e-05,1.2e-05,0.007111,0.001572,1.2e-05,1.3e-05,7e-06,7e-06,2.8e-05,0.006667,7.9e-05,4e-06,1.9e-05,0.000162,0.002659,8.4e-05,0.000213,0.000122,4.7e-05,0,0.000206,9.6e-05,1.2e-05,6e-05,0.00207,4e-06,6.5e-05,5e-06,0.000123,0.000599,0.000142,1.6e-05,7.3e-05,2.6e-05,2.5e-05,6.4e-05,0.000433,2.6e-05,0.000724,0.000346,8e-06,0.001013,3.2e-05,0.000862,0.000672,0.000157,3.5e-05,0.001025,0.00015,7e-06,0.000637,6e-05,1e-06,0.000476,0.000118,1e-05,6e-06,0.000122,4.5e-05,1.4e-05,0.000574,7e-06,9.3e-05,3.5e-05,0.000672,4.2e-05,0.000292,0.012651,1e-06,4e-06,3e-06,0.000362,1.1e-05,0.000525,4.7e-05,2.5e-05,0.000908,3e-06,1.3e-05,1e-06,5.1e-05,0.000331,0.001679,0.000114,3e-06,3e-06,0.00011,0.000227,2.1e-05,1e-06,0.000167,9e-06,6.3e-05,0.001033,0.00015,6.7e-05,3e-06,5.8e-05,1.4e-05,6e-06,0.000187,4.3e-05,0.000233,0.000191,6.4e-05,3e-06,3e-06,5e-06,4e-06,0.000188,0.001788,1.3e-05,1.7e-05,3.2e-05,0.007597,3.4e-05,0.000837,1e-06,9e-06,6.6e-05,0.000219,4.6e-05,3.4e-05,0.000335,2e-05,0.000116,0.000631,0.004952,1e-04,1.5e-05,0.000414,0.001713,3e-06,0.000151,0.000165,2e-06,1.4e-05,0.000387,2.6e-05,0.000939,0.018237,2e-06,4e-06,0.000479,0.000143,4e-05,0.000326,0.000122,4.3e-05,0.001282,2.3e-05,3e-06,2.3e-05,0.000178,3e-06,0.00055,0.000169,0.000205,3e-06,0.00026,1.9e-05,0.001703,0.000615,0.000164,4e-06,4e-06,3.1e-05,0.000551,2e-06,4e-06,5e-05,5e-06,0.002403,2.2e-05,0.000136,4.6e-05,3e-06,5.3e-05,4e-06,0.000568,1.3e-05,0.000798,7e-06,3.9e-05,0.000152,4.7e-05,1.7e-05,0.000656,0.000676,0.000101,0,4e-06,0.000106,0.000148,3e-06,6.3e-05,0.007113,1e-06,0.004447,2e-06,3e-06,1e-05,0.000246,0.000361,3.2e-05,0.001614,0.001708,4e-06,0.000445,0.000126,1e-04,4e-06,1.8e-05,2e-06,3e-06,2e-06,6.8e-05,4e-06,3e-06,0.000538,1.2e-05,2.3e-05,0.000557,1.2e-05,0.00019,0.00046,0.00046,3e-06,3e-06,0.001474,8e-06,0.000116,0.000332,1.3e-05,3.1e-05,2.7e-05,3e-06,0.004095,4.2e-05,1.3e-05,5e-05,0.000286,8e-06,7.7e-05,3e-06,5.8e-05,3.4e-05,9e-06,0.001311,4e-05,6.5e-05,0.000548,9e-06,0.000101,0.000145,1e-06,1e-06,3e-06,4.3e-05,1.8e-05,0.002206,3.7e-05,5e-06,3e-06,3e-06,0.000487,8.7e-05,6.9e-05,2e-06,2.6e-05,4e-06,7e-06,0.001098,0.000831,0.000706,8.6e-05,0.000563,7.7e-05,0.00033,0.00397,0.000182,0.00022,1.3e-05,2e-05,0.00011,0.000168,6.9e-05,0.004352,0.000491,0.000372,1.8e-05,1.3e-05,2.1e-05,0.001151,6.7e-05,4e-06,2e-06,4e-06,8.2e-05,0.000454,9.2e-05,4.6e-05,0.000183,0.000321,6.3e-05,5e-06,0.000183,1.5e-05,0.002016,0.000282,0.000208,0.000267,1.6e-05,6e-06,3.8e-05,3.5e-05,0.000288,3.6e-05,0.000184,1.3e-05,0.001309,0.000379,0.000837,2.2e-05,0.000131,1.5e-05,1e-06,4e-06,3.2e-05,7e-06,9.1e-05,0.000108,3e-06,0.000661,1e-05,2e-06,2.4e-05,0.00167,0.000624,4e-06,3.6e-05,3e-06,0.000369,6.8e-05,2e-06,0.000518,3e-06,3e-06,7e-06,1e-06,2e-06,1.9e-05,1e-05
"manyara/kiteto/dongo",0.000114,2.5e-05,2.4e-05,0.00024,8e-06,0.000953,2e-06,3e-06,8e-06,0.001692,3e-05,1e-05,8.2e-05,0.001234,0.000232,9e-06,1e-05,5e-05,1e-05,4e-05,6.7e-05,0.000113,9e-06,1.8e-05,4.2e-05,5e-06,1.4e-05,6e-06,0.000136,6.8e-05,0.000466,0.001067,2.4e-05,1.9e-05,3.9e-05,2.1e-05,0.000113,0.000424,2.2e-05,0.000272,8e-06,1e-05,0,0.000271,0.01187,9e-06,3.8e-05,0.026285,0.003485,1.3e-05,7e-06,1e-05,9e-06,1e-05,0.000418,5e-06,2.2e-05,1.6e-05,0.002051,0.004766,0.000357,0.000595,0.000479,0.008845,0,0.000799,3e-04,6e-06,9.7e-05,0.001837,6e-06,2e-06,2.6e-05,8.3e-05,4.7e-05,0.000519,5.1e-05,5e-06,6e-06,7e-06,4e-06,4.5e-05,6e-06,1.7e-05,2e-05,5e-06,0.005591,6e-06,0.00028,0.01029,5e-06,1e-05,0.007291,0.000605,2.1e-05,0.000358,0.000318,1.1e-05,0.003238,0.000828,5e-06,9e-06,0.001697,0.000174,9e-05,0.00324,7e-06,0.000565,0.000165,0.001012,0.000227,0.001877,0.00027,4e-06,2.9e-05,2.3e-05,0.001962,0.000601,0.003302,0.000281,0.000146,0.005444,2.7e-05,0.000105,1.2e-05,0.000757,0.054895,0.008058,0.000514,2.3e-05,1.9e-05,0.000749,0.001652,0.00013,8e-06,0.000658,3.5e-05,0.000403,0.004637,0.000888,0.000334,4.2e-05,0.00022,8.3e-05,4.1e-05,0.001548,1.4e-05,0.001548,0.00124,0.000429,2e-05,2.4e-05,3.4e-05,4.7e-05,0.002091,0.005827,8.8e-05,5.9e-05,0.000841,0.045596,0.00026,0.003224,8e-06,8.2e-05,9e-06,1.2e-05,0.000339,0.000159,0.001287,0.000164,0.039183,0.001501,0.018696,0.001048,7.9e-05,0.001399,0.003372,1.2e-05,0.000921,0.014217,2.2e-05,4.8e-05,0.006298,0.000168,0.00534,0.101047,1.1e-05,2.1e-05,0.002766,0.000806,0.000243,7.5e-05,0.000105,1.2e-05,0.000902,0.01512,2.4e-05,8e-06,0.001108,4e-06,0.002536,0.001187,0.002792,1.3e-05,0.001726,9.7e-05,0.011913,0.0012,0.00046,2.8e-05,2.5e-05,2.6e-05,0.003893,1.1e-05,4e-06,0.00063,4e-06,0.016113,0.000141,0.000909,1.1e-05,1.2e-05,7e-06,1.9e-05,0.003132,6.8e-05,0.004426,4.1e-05,2.7e-05,6e-06,4e-06,8e-06,0.002618,0.002335,0.004091,1e-06,2.6e-05,0.000495,0.000309,2e-05,0.000321,0.017832,9e-06,0.038893,2.6e-05,1.7e-05,6.1e-05,0.001012,1.2e-05,0.000103,0.006213,0.005608,1.4e-05,0.00177,0.000744,0.001371,2.6e-05,0.000137,1.4e-05,3.4e-05,2.8e-05,0.000449,6e-06,3.8e-05,0.000893,4.5e-05,8e-06,0.001861,5e-06,0.000168,0.001624,0.003488,2.3e-05,3.5e-05,0.010142,5.2e-05,0.00165,0.002273,7e-06,6.8e-05,0.000157,7e-06,0.018731,1.9e-05,0.002652,1.7e-05,5e-06,5.3e-05,1.4e-05,1.5e-05,0.001419,0.000176,0.000124,0.00558,0.00025,0.000337,0.002419,3.2e-05,0.000792,0.000245,1e-05,8e-06,1.6e-05,0.000408,0.000626,0.002404,0.000152,2.1e-05,1.2e-05,2e-05,0.001743,0.000192,0.001104,1.4e-05,0.000164,5e-06,2.6e-05,0.004562,0.005409,0.00255,0.000304,0.002105,0.000403,0.001715,0.014866,0.000648,0.000789,5.2e-05,7.7e-05,0.000409,0.000659,0.000251,0.018355,0.001866,0.00453,0.001437,8.3e-05,7.4e-05,0.004944,5.6e-05,6e-06,1.4e-05,6e-06,1.5e-05,0.005103,0.002025,0.000159,0.000724,0.003258,0.000228,3e-06,0.000933,6.2e-05,0.00779,0.000663,0.000564,0.001375,0.000124,4e-05,0.000235,9e-06,9e-06,1e-05,7e-06,5e-05,0.005211,0.001431,0.003118,0.006218,0.000571,9e-05,1e-05,5.2e-05,0.04171,4.1e-05,0.000339,0.00034,1.2e-05,0.003127,4e-06,1.4e-05,7e-06,0.010736,8.6e-05,3e-06,0.000136,2e-05,0.002243,0.000423,1.4e-05,0.002295,1.7e-05,3.8e-05,8.2e-05,1e-05,2.4e-05,7e-06,5e-06
"manyara/mbulu/dongobesh",2.8e-05,1.8e-05,3e-06,0.000107,0.000109,0.000122,3.4e-05,3.3e-05,2.6e-05,0.006234,0.000138,1.7e-05,2.1e-05,0.000324,0.001534,8.6e-05,0.000549,0.001348,9e-05,0.00022,3e-06,2.1e-05,1.9e-05,2e-06,2e-06,1e-06,4.2e-05,2.4e-05,1e-06,3e-06,0.000109,6e-06,1e-06,2e-06,9.8e-05,0.000254,3.2e-05,0.00655,0.000174,8.4e-05,0.000595,1.6e-05,0.000215,0,4.2e-05,4.4e-05,1.6e-05,0.007811,0.001524,4.3e-05,0.000109,2.4e-05,1.9e-05,0.000189,0.00187,3e-05,4e-06,1.7e-05,0.000104,0.006194,9.2e-05,0.00033,0.000138,1.8e-05,0,0.000217,0.000121,5.3e-05,0.000129,0.00152,1.1e-05,6e-06,5e-06,0.000593,0.000112,0.000174,2.2e-05,3.3e-05,2.3e-05,5.8e-05,1.2e-05,0.000132,0.001065,1.6e-05,0.000139,6.4e-05,0.000909,0.000123,0.002109,0.000449,1.5e-05,3.7e-05,0.000838,0.00016,9e-06,0.004936,5.5e-05,1e-06,0.000392,9.7e-05,6.5e-05,1.8e-05,8.4e-05,4.9e-05,1.2e-05,0.000521,3.3e-05,8.1e-05,3.4e-05,0.001785,3.9e-05,0.00025,0.00086,1e-06,4e-06,3e-06,0.000326,4e-06,0.000449,4.2e-05,2.2e-05,0.000796,3e-06,1e-05,1e-06,3.4e-05,0.000159,0.001604,0.000111,3e-06,2e-06,9.1e-05,0.000183,1.8e-05,1e-06,0.000178,1e-05,5.3e-05,0.001074,0.000131,6.3e-05,2e-06,6.4e-05,1.2e-05,5e-06,0.000144,0.000166,0.000195,0.000162,5.4e-05,3e-06,2e-06,4e-06,3e-06,0.000135,0.002142,1.1e-05,2.1e-05,1.8e-05,0.00654,2.7e-05,0.000698,1e-06,7e-06,2.9e-05,1.3e-05,3.6e-05,3.3e-05,0.000358,1.6e-05,5.6e-05,0.000977,0.005381,6.9e-05,1.4e-05,0.000247,0.002129,3e-06,0.000131,8.5e-05,1e-06,1.8e-05,0.000255,2.2e-05,0.000842,0.015982,2e-06,3e-06,0.000426,0.000129,3.5e-05,0.002896,0.000423,0.000239,0.002102,9e-06,3e-06,4.5e-05,0.000153,6e-06,0.000539,7.4e-05,0.000139,2e-06,0.000219,1.8e-05,0.001396,0.001037,0.000254,3e-06,3e-06,3.3e-05,0.000453,1e-06,1.7e-05,3.5e-05,2.3e-05,0.002014,1.8e-05,0.000114,0.000408,3e-06,6.1e-05,3e-06,0.000513,1.2e-05,0.000724,6e-06,0.00025,2.6e-05,2.7e-05,0.000233,0.000739,0.000763,3.1e-05,0,4e-06,1e-04,0.000293,2e-06,5.6e-05,0.009164,1e-06,0.003335,2e-06,2e-06,8e-06,0.000252,4.6e-05,3.6e-05,0.001748,0.002172,6e-06,0.000466,0.000113,6.8e-05,3e-06,1.4e-05,2e-06,2e-06,2e-06,5.5e-05,7e-06,2e-06,0.001218,1.3e-05,0.000199,0.000669,1.7e-05,0.000354,0.000541,0.000364,2e-06,2e-06,0.001219,6e-06,7.9e-05,0.000234,6.2e-05,6.2e-05,2.2e-05,5e-06,0.004182,0.000341,5e-06,4.8e-05,1.5e-05,7e-06,0.000845,3e-06,2.5e-05,3.2e-05,6e-06,0.0013,3.4e-05,6.2e-05,0.000561,9e-06,7.7e-05,0.000374,1e-06,1e-06,2e-06,3.1e-05,6e-06,0.004737,3.9e-05,5e-06,3e-06,3e-06,0.000545,0.000172,2.1e-05,2e-06,2.2e-05,1.1e-05,8e-06,0.001176,0.000706,0.000743,8.5e-05,0.000639,7.1e-05,0.000313,0.004407,0.000214,0.000262,1.4e-05,2.2e-05,0.000123,0.00018,7.9e-05,0.004685,0.000556,0.000234,7e-06,1.1e-05,2.7e-05,0.001167,3.8e-05,1.2e-05,2e-06,9e-06,8.5e-05,0.000316,5.8e-05,5.7e-05,2e-04,0.000232,7.5e-05,3.4e-05,0.000172,1.5e-05,0.002169,0.000476,0.000283,0.000228,1.2e-05,5e-06,3.3e-05,6.5e-05,1.9e-05,3.3e-05,9e-06,1.5e-05,0.001391,0.00041,0.000917,8e-06,0.000134,1.3e-05,1e-06,3e-06,1.5e-05,6e-06,9.6e-05,0.000101,3e-06,0.000662,0.000129,1e-06,0.000803,0.001425,0.001796,2.8e-05,3.9e-05,3e-06,0.00032,5.8e-05,2e-06,0.000515,2e-06,2e-06,5e-06,1e-06,1e-06,0.000611,8.9e-05
"manyara/kiteto/dosidosi",0.000991,0.000223,0.000186,0.00207,0.000102,0.007593,2.6e-05,3.3e-05,0.000115,0.021049,0.000381,0.000138,0.000712,0.010764,0.002338,9.5e-05,0.000112,0.000602,0.000117,0.000471,0.000408,0.000936,0.000126,0.00014,0.000276,4.3e-05,0.000191,6.3e-05,0.003538,0.000445,0.004135,0.128941,0.000159,0.000141,0.000376,0.000264,0.001004,0.005234,0.000226,0.002288,8.7e-05,0.000145,0.457274,0.003072,0,0.000123,0.000335,0.202145,0.036469,0.000126,7.1e-05,9.4e-05,8.6e-05,0.000105,0.00565,6.7e-05,0.000193,0.000204,0.015909,0.042789,0.002969,0.005287,0.004086,0.346854,2e-06,0.007065,0.002705,6.3e-05,0.000941,0.023505,6.1e-05,2.2e-05,0.000218,0.000887,0.000602,0.004407,0.000442,6.2e-05,7.3e-05,7.4e-05,5.2e-05,0.000629,7.1e-05,0.000264,0.000263,5e-05,0.044702,7.4e-05,0.003059,0.063064,6.7e-05,0.000116,0.054018,0.005243,0.000185,0.003827,0.002599,8.1e-05,0.025137,0.006426,5.7e-05,8.2e-05,0.010755,0.00154,0.00072,0.025371,6.8e-05,0.004524,0.001379,0.009665,0.00185,0.014517,0.003668,3.7e-05,0.000226,0.000174,0.016148,0.01742,0.025815,0.002242,0.001174,0.042227,0.000204,0.000791,9.1e-05,0.004743,0.188038,0.065513,0.004457,0.000177,0.000149,0.005812,0.012663,0.001044,6.3e-05,0.005775,0.000306,0.003177,0.037405,0.007114,0.002804,0.000266,0.001941,0.000668,0.000318,0.01155,0.000169,0.012073,0.00969,0.003348,0.000152,0.000184,0.000265,0.000337,0.014149,0.051013,0.000681,0.00051,0.005897,0.294281,0.001981,0.031359,6.5e-05,0.000606,0.000107,0.000174,0.002651,0.001339,0.011343,0.001249,0.084575,0.013915,0.149303,0.008021,0.000644,0.016946,0.033851,1e-04,0.007342,0.062732,0.000141,0.000413,0.039042,0.001337,0.041988,0.524751,8.5e-05,0.000168,0.022055,0.006515,0.001964,0.000882,0.001095,0.000135,0.010392,0.088713,0.000183,0.000103,0.008787,4.2e-05,0.021372,0.016858,0.018572,0.000108,0.013294,0.000803,0.086987,0.011536,0.004028,0.000214,0.000192,0.000317,0.029288,8.3e-05,3.9e-05,0.004118,3.8e-05,0.114819,0.001104,0.007048,0.000126,0.000107,8.3e-05,0.000159,0.025262,0.00056,0.035133,0.000334,0.000281,8.2e-05,5.7e-05,8.8e-05,0.021616,0.020852,0.355656,1.1e-05,0.000204,0.004306,0.00286,0.00015,0.002746,0.153549,7e-05,0.24408,0.000178,0.000139,0.000489,0.008866,0.000165,0.000955,0.052909,0.048154,0.000125,0.015473,0.005878,0.008909,0.000205,0.001045,0.000114,0.000237,0.000188,0.003622,5.6e-05,0.000253,0.008534,0.000382,9.5e-05,0.016532,6.1e-05,0.001858,0.014255,0.026466,0.000176,0.000246,0.074691,4e-04,0.01053,0.020543,7.9e-05,0.000623,0.001308,6.6e-05,0.139948,0.000213,0.029285,0.000218,7e-05,0.000415,0.000166,0.000123,0.0174,0.001436,0.000799,0.047595,0.001985,0.002754,0.020297,0.000286,0.006276,0.002295,7.5e-05,6.3e-05,0.000131,0.003007,0.014812,0.024845,0.001329,0.000184,0.000106,0.000157,0.015461,0.001732,0.040228,0.000115,0.001295,5.1e-05,0.000215,0.038092,0.040924,0.022967,0.002851,0.01824,0.003334,0.013778,0.12069,0.005462,0.00665,0.000463,0.000643,0.003619,0.005766,0.002222,0.139963,0.01549,0.036426,0.026313,0.000665,0.000632,0.041695,0.000772,5.5e-05,0.000111,6e-05,0.00019,0.036347,0.011698,0.001351,0.006274,0.023345,0.001924,3.2e-05,0.007675,0.000538,0.065813,0.006101,0.005221,0.012055,0.000941,0.000306,0.001888,0.000112,0.000137,0.000127,0.000102,0.000417,0.044373,0.01264,0.027254,0.181422,0.00489,0.00072,7.4e-05,0.000341,0.036013,0.000324,0.003043,0.003371,0.000106,0.025386,4.7e-05,0.000105,7.9e-05,0.079204,0.00103,2.9e-05,0.001201,0.000157,0.017727,0.003347,0.000111,0.019589,0.000134,0.00026,0.000548,7.1e-05,0.000148,7.6e-05,5.7e-05
"manyara/babati/duru",0,0,0,0,0,0,0,0,0,0,0,0,0,0,0,0,0,0,0,0,0,0,0,0,0,0,0,0,0,0,0,0,0,0,0,0,0,0,0,0,0,0,0,0,0,0,0,0,0,0,0,0,0,0,0,0,0,0,0,0,0,0,0,0,0,0,0,0,0,0,0,0,0,0,0,0,0,0,0,0,0,0,0,0,0,0,0,0,0,0,0,0,0,0,0,0,0,0,0,0,0,0,0,0,0,0,0,0,0,0,0,0,0,0,0,0,0,0,0,0,0,0,0,0,0,0,0,0,0,0,0,0,0,0,0,0,0,0,0,0,0,0,0,0,0,0,0,0,0,0,0,0,0,0,0,0,0,0,0,0,0,0,0,0,0,0,0,0,0,0,0,0,0,0,0,0,0,0,0,0,0,0,0,0,0,0,0,0,0,0,0,0,0,0,0,0,0,0,0,0,0,0,0,0,0,0,0,0,0,0,0,0,0,0,0,0,0,0,0,0,0,0,0,0,0,0,0,0,0,0,0,0,0,0,0,0,0,0,0,0,0,0,0,0,0,0,0,0,0,0,0,0,0,0,0,0,0,0,0,0,0,0,0,0,0,0,0,0,0,0,0,0,0,0,0,0,0,0,0,0,0,0,0,0,0,0,0,0,0,0,0,0,0,0,0,0,0,0,0,0,0,0,0,0,0,0,0,0,0,0,0,0,0,0,0,0,0,0,0,0,0,0,0,0,0,0,0,0,0,0,0,0,0,0,0,0,0,0,0,0,0,0,0,0,0,0,0,0,0,0,0,0,0,0,0,0,0,0,0,0,0,0,0,0,0,0,0,0,0,0,0,0,0,0,0,0,0,0,0,0,0,0,0,0,0,0,0,0,0,0,0,0,0,0,0,0,0,0
"arusha/longido/elengatadapash",0,0,0,0,0,0,0,0,0,0,0,0,0,0,0,0,0,0,0,0,0,0,0,0,0,0,0,0,0,0,0,0,0,0,0,0,0,0,0,0,0,0,0,0,0,0,0,0,0,0,0,0,0,0,0,0,0,0,0,0,0,0,0,0,0,0,0,0,0,0,0,0,0,0,0,0,0,0,0,0,0,0,0,0,0,0,0,0,0,0,0,0,0,0,0,0,0,0,0,0,0,0,0,0,0,0,0,0,0,0,0,0,0,0,0,0,0,0,0,0,0,0,0,0,0,0,0,0,0,0,0,0,0,0,0,0,0,0,0,0,0,0,0,0,0,0,0,0,0,0,0,0,0,0,0,0,0,0,0,0,0,0,0,0,0,0,0,0,0,0,0,0,0,0,0,0,0,0,0,0,0,0,0,0,0,0,0,0,0,0,0,0,0,0,0,0,0,0,0,0,0,0,0,0,0,0,0,0,0,0,0,0,0,0,0,0,0,0,0,0,0,0,0,0,0,0,0,0,0,0,0,0,0,0,0,0,0,0,0,0,0,0,0,0,0,0,0,0,0,0,0,0,0,0,0,0,0,0,0,0,0,0,0,0,0,0,0,0,0,0,0,0,0,0,0,0,0,0,0,0,0,0,0,0,0,0,0,0,0,0,0,0,0,0,0,0,0,0,0,0,0,0,0,0,0,0,0,0,0,0,0,0,0,0,0,0,0,0,0,0,0,0,0,0,0,0,0,0,0,0,0,0,0,0,0,0,0,0,0,0,0,0,0,0,0,0,0,0,0,0,0,0,0,0,0,0,0,0,0,0,0,0,0,0,0,0,0,0,0,0,0,0,0,0,0,0,0,0,0,0,0,0,0,0,0,0,0,0,0,0,0,0,0,0,0,0,0,0
"arusha/arushaurban/elerai",1.4e-05,0,0,0,0,3e-06,0,0,0,1e-06,0,0,1.7e-05,0.000346,0,0,0,0,0,0,0,1e-06,0,0,0,0,0,0,0,0,2.3e-05,0,0,0,0,0,0.000108,0,0,0,0,0,0,0,0,0,0,0,9e-06,0,0,0,0,0,0,0,0,0,1e-06,3e-06,1e-06,2e-06,8e-06,0,0,0.000176,1.4e-05,0,0,1e-06,0,0,0,0,0,1e-06,0,0,0,0,0,0,0,0,0,0,4.9e-05,0,0,1e-06,0,0,1.3e-05,8.6e-05,0,0,3e-06,0,9e-06,2e-06,0,0,0,0.000238,0,1.2e-05,0,3e-06,3e-06,1e-06,2e-06,5e-06,0,6e-06,0,0,2e-05,0,1.3e-05,1e-06,1e-06,2.4e-05,0,0,0,0,0,0.000144,1.9e-05,0,0,1e-06,3e-06,1e-06,0,0.000291,1.7e-05,1e-06,2.3e-05,5e-06,6e-06,0,0.000511,0,0,2e-06,0,4e-06,4e-06,1e-06,0,0,0,0,1e-06,0.000604,0,0,0,0.000205,0,6e-06,0,0,0,0,1e-06,4e-06,0.000482,0,0,1.1e-05,0.03766,1e-06,1e-06,1e-06,1.1e-05,0,4e-06,0,0,0,1e-06,1e-06,3.3e-05,0.000975,0,0,1.7e-05,6e-06,1e-06,0,0,0,1e-06,0,0,0,5e-06,0,9.7e-05,0,1e-06,0,4e-06,2e-06,2.5e-05,5e-06,1e-06,0,0,0,7e-06,0,0,0,0,3.1e-05,0,2e-06,0,0,0,0,2.7e-05,1e-06,3.2e-05,0,0,0,0,0,6e-06,0.000382,0,0,0,7e-06,1e-06,0,4e-06,0.000413,0,2.5e-05,0,0,0,0.000105,0,4e-06,0.006003,9.9e-05,1e-06,0.000387,3e-06,0,0,0,0,0,0,1e-06,0,0,2e-06,0,0,0.000193,0,0,0.000165,6e-06,0,0,2.2e-05,0,0,2e-06,0,0,1e-06,0,7.9e-05,0,0,0,0,0,0,0,0,1e-06,0,0.000281,1e-06,3e-06,6.4e-05,0.000112,1e-06,0,0,0,0,0,0,3e-06,2.8e-05,1e-06,2e-06,0,0.000616,0,0,0,1e-06,0,0,0.000128,1.3e-05,7.7e-05,4e-06,0.000227,5e-06,1e-05,0.004253,0,1e-06,2.2e-05,0,0.000405,0.00029,6.9e-05,0.000109,2e-06,1e-06,0,0,0,0.000422,0,0,0,0,0,2e-06,0,0,9.3e-05,2e-06,0,0,1.2e-05,7e-06,0.006347,3e-06,1.3e-05,5e-06,0,0,1e-06,0,0,0,0,0,0.001729,0.000501,0.00495,0,3.8e-05,0,0,0,0,0,3.8e-05,1e-06,6e-06,1.8e-05,0,0,0,2.6e-05,0,0,0.000238,0,1e-05,2e-06,0,0.00013,0,0,0,0,0,0,0
"manyara/simanjiro/emboreet",0.000189,1.4e-05,9e-06,5.3e-05,6e-06,0.00057,2e-06,3e-06,6e-06,0.002079,2.9e-05,2e-06,0.00013,0.002247,9.8e-05,9e-06,4e-06,1.8e-05,2e-06,8e-06,6e-06,6.5e-05,6e-06,1e-05,6e-06,3e-06,1.3e-05,8e-06,1e-06,8e-06,0.001742,8e-06,3e-06,6e-06,2e-05,7e-06,0.000227,0.000192,1.5e-05,8.2e-05,4e-06,2e-06,0.000198,0.000109,3.6e-05,6e-06,3.7e-05,0.051667,0,8e-06,4e-06,6e-06,1.1e-05,4e-06,0.000139,2e-06,3.3e-05,5.8e-05,0.000485,0.001306,0.000114,0.000352,0.000413,2.4e-05,0,0.001749,0.000616,2e-06,0.000192,0.003618,6e-06,1e-06,1.9e-05,1e-04,7e-06,0.000175,2.9e-05,2e-06,1e-06,2e-06,2e-06,1.8e-05,3e-06,3e-06,8e-06,3e-06,0.004469,2e-06,5.9e-05,8e-04,2e-06,2e-06,0.002552,0.000874,1.6e-05,0.000322,0.000219,3e-06,0.001621,0.000357,5e-06,3e-06,0.000183,0.000334,5e-05,0.001328,6e-06,0.000332,0.000147,0.000747,0.000152,0.000723,5.8e-05,8e-06,1.1e-05,8e-06,0.001825,6e-06,0.001708,0.000145,5.8e-05,0.002743,9e-06,3.4e-05,4e-06,7.7e-05,0.000202,0.00672,0.00086,1e-05,8e-06,0.000219,0.000657,7.4e-05,3e-06,0.001228,6e-05,0.000194,0.002232,0.000528,0.00034,5e-06,0.000419,4.7e-05,1.4e-05,0.000485,1e-05,0.000716,0.000555,0.000185,7e-06,1e-05,1.1e-05,1e-05,0.000318,0.014177,2.1e-05,3e-05,5.6e-05,0.026036,9.2e-05,0.01509,5e-06,2.3e-05,1e-06,2e-06,0.000158,0.000159,0.002752,6e-05,6.3e-05,0.002498,0.036126,0.000324,5.1e-05,0.002043,0.041161,7e-06,0.000519,0.000172,3e-06,1.4e-05,0.00067,9.3e-05,0.003171,0.102255,6e-06,1.1e-05,0.001714,0.000516,0.000159,5.1e-05,0.000113,3e-06,0.001756,1.2e-05,8e-06,1.1e-05,6e-04,6e-06,0.003213,0.000296,0.000284,1.6e-05,0.00065,8.4e-05,0.004617,0.002685,0.000182,1.1e-05,1e-05,7.5e-05,0.001319,4e-06,2e-06,7.7e-05,4e-06,0.005268,5.9e-05,0.000365,3e-06,1.7e-05,4e-06,1.3e-05,0.002323,4.8e-05,0.002763,3e-05,1.9e-05,2e-06,2e-06,4e-06,0.001034,0.006402,3.9e-05,1e-06,1.2e-05,0.00062,0.000238,7e-06,0.000447,0.141791,5e-06,0.00827,4e-06,1e-05,3.3e-05,0.002002,4e-06,0.000424,0.011416,0.00543,2.8e-05,0.003513,0.000313,0.00017,9e-06,4.8e-05,8e-06,6e-06,4e-06,0.000212,2.3e-05,5e-06,0.000923,2.4e-05,8e-06,0.003856,7e-06,0.000566,0.002742,0.001409,8e-06,6e-06,0.003832,1.9e-05,0.000187,0.001616,9e-06,5.5e-05,0.000154,5e-06,0.008343,1.8e-05,6e-06,1.4e-05,2e-06,2e-05,7e-06,1.1e-05,6.7e-05,1e-04,1.4e-05,0.011092,0.000129,0.000216,0.001792,6.4e-05,0.000412,0.000152,3e-06,3e-06,9e-06,0.000111,1.2e-05,0.005166,0.000253,2.9e-05,1.9e-05,1e-05,0.002844,6.2e-05,3e-05,8e-06,7.8e-05,4e-06,6e-06,0.003448,0.001957,0.006392,0.001689,0.003145,0.000342,0.000839,0.018158,0.000121,0.000157,0.000102,1.8e-05,0.000782,0.001138,0.000456,0.008125,0.000509,0.000842,8e-06,4.7e-05,2.9e-05,0.00753,9.9e-05,5e-06,8e-06,7e-06,8e-06,0.001186,0.00014,5.2e-05,0.001035,0.00079,6.9e-05,3e-06,0.000724,9.6e-05,0.014699,0.000699,0.001616,0.001796,4.3e-05,1.4e-05,0.000139,9e-06,2e-06,1e-05,2e-06,1.2e-05,0.008944,0.002225,0.006602,1.1e-05,0.000736,5.2e-05,2e-06,7e-06,1.5e-05,1.6e-05,0.000911,0.003621,2.4e-05,0.00129,3e-06,3e-06,5e-06,0.003827,3.5e-05,3e-06,0.000273,1e-05,0.001216,0.000207,7e-06,0.00346,7e-06,6e-06,1.1e-05,2e-06,2e-06,5e-06,3e-06
"arusha/karatu/endabash",0.000422,0.000705,3.2e-05,0.002319,0.000102,0.001337,0.000162,0.000263,4.7e-05,0.01594,0.000265,2.6e-05,0.000336,0.005053,0.009836,0.001119,0.000311,0.000537,7.7e-05,0.000233,2.3e-05,0.000282,3.9e-05,2.8e-05,2e-05,9e-06,8.8e-05,0.001991,5e-06,2.9e-05,0.001478,3.4e-05,1.1e-05,1.7e-05,0.019322,0.000165,0.000516,0.004561,0.003936,0.001492,0.000167,2.5e-05,0.001346,0.005723,0.000227,6.2e-05,0.000423,0.119481,0.015389,0,0.000447,0.001789,0.003141,0.000161,0.002181,2.9e-05,4.9e-05,9.8e-05,0.000846,0.15646,0.001577,0.01094,0.002601,1e-04,1e-06,0.003357,0.002529,0.000106,0.00611,0.007738,0.001377,7e-06,6.7e-05,0.008754,0.000157,0.003743,0.000594,2.8e-05,3.3e-05,6.1e-05,1.6e-05,0.00021,0.000106,3e-05,0.00012,0.000488,0.011128,6.9e-05,0.002722,0.003756,1.9e-05,6e-05,0.008837,0.002625,0.000245,0.030263,0.000719,1e-05,0.004216,0.001033,0.000294,0.000312,0.00072,0.000804,0.00014,0.006457,0.005102,0.000941,0.000489,0.206582,0.000503,0.002815,0.001034,1.9e-05,4.2e-05,3e-05,0.00403,2.2e-05,0.005096,0.000498,0.000268,0.009347,2.6e-05,9.9e-05,1.1e-05,0.000289,0.001047,0.021485,0.001529,3.3e-05,2.7e-05,0.000988,0.001919,0.000212,7e-06,0.002818,0.000168,0.000601,0.016902,0.001553,0.000843,1.6e-05,0.001058,0.000144,5.8e-05,0.001422,0.000272,0.002146,0.001817,0.00059,2.8e-05,2.2e-05,4.6e-05,2.8e-05,0.00121,0.039135,0.000125,0.000466,0.000131,0.071753,0.00028,0.007008,1.3e-05,6.8e-05,3.8e-05,2.4e-05,0.000374,0.000466,0.005633,0.000153,0.000365,0.026724,0.083213,0.000605,0.00018,0.001689,0.029003,4.8e-05,0.001524,0.00058,9e-06,0.000348,0.00211,0.000244,0.010273,0.167837,2.1e-05,4e-05,0.005138,0.001589,0.000403,0.001219,0.013095,0.000166,0.013561,5.4e-05,3e-05,0.000117,0.00175,0.000379,0.007579,0.000434,0.001189,3e-05,0.002423,0.000246,0.014766,0.028262,0.007132,3.8e-05,3.3e-05,0.000206,0.004817,1.4e-05,0.000584,0.000302,0.000981,0.021707,0.000203,0.00125,0.000156,3.4e-05,5.3e-05,4.1e-05,0.006371,0.000149,0.009028,7.1e-05,0.004168,2.9e-05,2.8e-05,0.000442,0.013361,0.012745,0.000163,2e-06,4e-05,0.00129,0.015441,2.5e-05,0.000689,0.149777,1.4e-05,0.031192,1.4e-05,2.7e-05,9.6e-05,0.003717,5.2e-05,0.000569,0.028106,0.047026,0.00012,0.007141,0.001356,0.000588,3.7e-05,0.000141,2.2e-05,1.9e-05,1.4e-05,0.000595,0.000148,1.7e-05,0.077158,0.000259,0.00026,0.012771,5.3e-05,0.003662,0.010204,0.003704,2.4e-05,1.8e-05,0.013045,6.9e-05,0.000674,0.002069,0.000411,0.003279,0.000253,0.000165,0.061409,0.000885,3.2e-05,0.000128,1.9e-05,8.3e-05,0.000187,3.6e-05,0.000153,0.000428,5.2e-05,0.01806,0.000382,0.000828,0.008627,0.000153,0.000748,0.026859,1.2e-05,8e-06,2.6e-05,0.000291,3.6e-05,0.087208,6e-04,7.2e-05,4.7e-05,3.5e-05,0.009192,0.006464,0.000102,2.1e-05,0.00025,0.001693,0.000139,0.019408,0.007865,0.01086,0.00112,0.011481,0.000912,0.004213,0.072025,0.003585,0.004599,0.000225,0.000322,0.002102,0.00292,0.001401,0.076355,0.009038,0.001868,4e-05,0.000131,6e-04,0.017149,0.000172,0.002476,2.2e-05,0.000864,0.000119,0.002775,0.000458,0.00116,0.003385,0.002124,0.001386,0.000224,0.002318,0.000226,0.034252,0.016993,0.006228,0.002551,0.000122,5.3e-05,0.000384,0.000105,3e-05,7.3e-05,1.7e-05,0.000234,0.021867,0.006546,0.014959,4.9e-05,0.002029,0.000146,6e-06,2.2e-05,9.6e-05,6.7e-05,0.00148,0.001148,5.2e-05,0.009839,0.000211,1.1e-05,0.000159,0.015869,0.000814,0.000268,0.000634,3.3e-05,0.003729,0.000672,2.2e-05,0.007358,2.5e-05,1.9e-05,4e-05,7e-06,8e-06,0.000217,0.000205
"manyara/mbulu/endagikot",1.1e-05,8e-06,1e-06,4e-05,1.7e-05,4.2e-05,0.000301,0.000141,5e-06,0.001844,3.3e-05,2e-06,9e-06,0.000132,0.000433,0.000269,4.9e-05,8.1e-05,7e-06,2.1e-05,1e-06,8e-06,4e-06,1e-06,1e-06,0,9e-06,2.7e-05,0,1e-06,4.3e-05,2e-06,0,1e-06,6.3e-05,2.1e-05,1.3e-05,0.000716,0.000358,3e-05,2.4e-05,2e-06,5.7e-05,0.00118,1e-05,7e-06,7e-06,0.003295,0.000631,3.6e-05,0,1.3e-05,1.5e-05,1.6e-05,0.000244,3e-06,1e-06,6e-06,3.2e-05,0.002519,3.4e-05,0.000158,5.6e-05,4e-06,0,9e-05,5.5e-05,7e-06,8.4e-05,0.000516,7e-06,1e-06,2e-06,0.001204,1.3e-05,6.9e-05,9e-06,3e-06,3e-06,5e-06,2e-06,2.2e-05,1.7e-05,2e-06,1.4e-05,0.000149,0.000327,8e-06,0.00022,0.000135,2e-06,4e-06,0.000277,6.5e-05,4e-06,0.040156,2e-05,0,0.000132,3.2e-05,0.000196,6e-06,2.5e-05,2e-05,4e-06,0.00018,3.6e-05,2.8e-05,1.3e-05,0.001191,1.4e-05,8.4e-05,1e-04,0,1e-06,1e-06,0.000119,1e-06,0.000154,1.4e-05,8e-06,0.000275,1e-06,3e-06,0,1e-05,4.4e-05,0.000608,4.3e-05,1e-06,1e-06,3e-05,6.1e-05,6e-06,0,7.3e-05,4e-06,1.8e-05,0.000398,4.6e-05,2.4e-05,1e-06,2.7e-05,4e-06,2e-06,4.7e-05,5.5e-05,6.6e-05,5.5e-05,1.8e-05,1e-06,1e-06,1e-06,1e-06,4.1e-05,0.000957,4e-06,9e-06,5e-06,0.002267,9e-06,0.000263,0,2e-06,3e-06,2e-06,1.2e-05,1.2e-05,0.000148,5e-06,1.5e-05,0.00051,0.002251,2.2e-05,5e-06,8.1e-05,0.001011,1e-06,4.5e-05,2.4e-05,0,7e-06,7.7e-05,8e-06,0.000297,0.005652,1e-06,1e-06,0.00015,4.6e-05,1.2e-05,0.000254,0.000484,1.7e-05,0.001052,2e-06,1e-06,1.6e-05,5.3e-05,3e-06,0.000208,2.1e-05,4.3e-05,1e-06,7.3e-05,7e-06,0.000464,0.000581,0.000105,1e-06,1e-06,1.3e-05,0.000149,0,9e-06,1e-05,3.7e-05,0.000667,6e-06,3.8e-05,1.9e-05,1e-06,7e-06,1e-06,0.000184,4e-06,0.000257,2e-06,0.000215,3e-06,3e-06,0.000104,0.000278,0.00033,8e-06,0,1e-06,3.8e-05,0.000164,1e-06,2.1e-05,0.004408,0,0.001072,0,1e-06,3e-06,0.000102,5e-06,1.6e-05,0.000727,0.000977,3e-06,0.00019,3.9e-05,2.1e-05,1e-06,5e-06,1e-06,1e-06,0,1.9e-05,4e-06,1e-06,0.000784,5e-06,0.000106,0.000297,6e-06,0.000212,0.000235,0.00012,1e-06,1e-06,0.000406,2e-06,2.4e-05,7.9e-05,0.000106,3.3e-05,8e-06,2e-06,0.001527,0.000718,1e-06,1.3e-05,2e-06,2e-06,3.1e-05,1e-06,7e-06,1.1e-05,2e-06,0.000516,1.2e-05,2.2e-05,0.000219,4e-06,2.5e-05,0.000199,0,0,1e-06,1e-05,2e-06,0.003305,1.6e-05,2e-06,1e-06,1e-06,0.000233,7.7e-05,5e-06,1e-06,8e-06,7e-06,3e-06,0.000472,0.000236,0.000311,3.5e-05,0.00027,2.6e-05,0.000112,0.001855,7.5e-05,9.3e-05,6e-06,7e-06,5.2e-05,7.4e-05,3.4e-05,0.001815,0.000194,7.3e-05,2e-06,4e-06,1.1e-05,0.000463,1.2e-05,8e-06,1e-06,6e-06,1.5e-05,9.9e-05,1.7e-05,2.1e-05,8.2e-05,7.3e-05,2.7e-05,0.000166,6.3e-05,6e-06,0.000899,0.000253,0.000137,8.4e-05,4e-06,2e-06,1.2e-05,1.5e-05,3e-06,8e-06,2e-06,5e-06,0.00057,0.000171,0.000386,2e-06,5.3e-05,4e-06,0,1e-06,4e-06,2e-06,4e-05,4.1e-05,1e-06,0.000245,0.000177,0,4.2e-05,0.000477,0.000102,0.000117,1.6e-05,1e-06,0.000111,2e-05,1e-06,0.000202,1e-06,1e-06,1e-06,0,0,7.4e-05,1.8e-05
"arusha/karatu/endamaghang",2e-05,6.2e-05,2e-06,0.000171,4e-06,7.2e-05,4e-06,6e-06,2e-06,0.000554,1e-05,1e-06,1.6e-05,0.000236,0.00089,2.4e-05,1.1e-05,1.6e-05,3e-06,9e-06,1e-06,1e-05,2e-06,1e-06,1e-06,0,3e-06,2.1e-05,0,2e-06,0.000105,2e-06,1e-06,1e-06,0.001032,5e-06,2.4e-05,0.000127,5.1e-05,0.000123,8e-06,1e-06,5.5e-05,0.000172,9e-06,2e-06,2.2e-05,0.005941,0.000575,9.5e-05,9e-06,0,4.3e-05,9e-06,6.6e-05,1e-06,2e-06,3e-06,4.5e-05,0.028596,7e-05,0.000453,0.000139,6e-06,0,0.000153,0.000111,7e-06,0.00016,0.000199,5.9e-05,0,4e-06,0.00017,6e-06,0.00018,4e-05,1e-06,2e-06,4e-06,1e-06,6e-06,5e-06,1e-06,5e-06,1e-05,0.000587,4e-06,0.000121,0.000153,1e-06,3e-06,0.000507,0.000126,1.4e-05,0.000794,3.9e-05,1e-06,0.000231,5.7e-05,8e-06,6.1e-05,4.2e-05,3.7e-05,8e-06,0.000378,4.4e-05,5.1e-05,2.5e-05,0.004585,2.7e-05,0.000162,3.5e-05,1e-06,2e-06,2e-06,0.000207,1e-06,0.000282,2.8e-05,1e-05,0.000524,1e-06,6e-06,1e-06,1.7e-05,4.2e-05,0.000767,7.3e-05,2e-06,2e-06,3.9e-05,0.000107,1.2e-05,0,0.000131,8e-06,3.3e-05,0.001027,8.5e-05,4.3e-05,1e-06,4.9e-05,8e-06,3e-06,8e-05,6e-06,0.000119,0.000102,3.3e-05,2e-06,1e-06,3e-06,2e-06,7.1e-05,0.001738,5e-06,1.9e-05,7e-06,0.004116,1.6e-05,0.000212,1e-06,4e-06,2e-06,1e-06,2e-05,2.4e-05,0.000257,8e-06,1.5e-05,0.000734,0.004048,3.2e-05,1e-05,5.1e-05,0.000715,3e-06,8.3e-05,3.3e-05,1e-06,3.3e-05,0.00012,1.3e-05,0.000566,0.015805,1e-06,2e-06,0.00028,8.6e-05,2.2e-05,4.6e-05,0.000151,7e-06,0.000285,3e-06,2e-06,4e-06,9.6e-05,1.2e-05,0.000376,2.1e-05,4.8e-05,1e-06,0.000139,1.3e-05,0.000841,0.000659,0.000749,2e-06,2e-06,5e-06,0.000277,1e-06,8.3e-05,1.8e-05,1.4e-05,0.001284,1.1e-05,7.1e-05,6e-06,2e-06,2e-06,2e-06,0.000339,8e-06,0.000494,4e-06,0.000147,1e-06,1e-06,1.2e-05,0.000924,0.000557,9e-06,0,2e-06,4.3e-05,0.000507,1e-06,3.4e-05,0.009695,1e-06,0.001258,1e-06,1e-06,5e-06,0.000172,3e-06,2.4e-05,0.001326,0.001637,5e-06,0.00033,7.8e-05,3.4e-05,2e-06,8e-06,1e-06,1e-06,1e-06,2.2e-05,4e-06,1e-06,0.001611,1.6e-05,8e-06,0.000571,2e-06,9.9e-05,0.000475,0.000205,1e-06,1e-06,0.000747,4e-06,3.9e-05,7.1e-05,1e-05,0.000213,1.3e-05,1.2e-05,0.003896,2.5e-05,1e-06,3e-06,1e-06,5e-06,8e-06,2e-06,8e-06,2.4e-05,3e-06,0.000849,2.1e-05,4.5e-05,0.000311,7e-06,4e-05,0.005061,1e-06,0,1e-06,1.6e-05,2e-06,0.001566,2.8e-05,3e-06,2e-06,2e-06,0.00029,0.000668,5e-06,1e-06,1.4e-05,0.000116,8e-06,0.000704,0.000457,0.000332,4.7e-05,0.00055,4.8e-05,0.000243,0.00249,0.000233,0.00029,1e-05,2.8e-05,9.6e-05,0.000137,6.4e-05,0.003249,0.000764,6.9e-05,2e-06,7e-06,4.7e-05,0.000832,7e-06,5.7e-05,1e-06,2.6e-05,3e-06,0.000153,2.6e-05,0.000101,0.000163,0.000119,0.000119,5e-06,0.000123,1.1e-05,0.001618,0.000511,0.000249,8.5e-05,7e-06,3e-06,2.1e-05,4e-06,1e-06,3e-06,1e-06,2.1e-05,0.00104,0.00021,0.000684,3e-06,1e-04,8e-06,0,1e-06,4e-06,4e-06,6.5e-05,3.3e-05,2e-06,0.000395,7e-06,1e-06,6e-06,0.000931,3.9e-05,6e-06,2.9e-05,2e-06,0.000205,3.7e-05,1e-06,0.000356,1e-06,1e-06,2e-06,0,0,8e-06,1.2e-05
"arusha/karatu/endamarariek",1e-06,2e-06,0,4e-06,0,4e-06,0,0,0,3.2e-05,1e-06,0,1e-06,1.6e-05,1.1e-05,1e-06,0,1e-06,0,0,0,1e-06,0,0,0,0,0,3e-06,0,0,7e-06,0,0,0,1.2e-05,0,2e-06,5e-06,3e-06,4e-06,0,0,2e-06,6e-06,0,0,1e-06,0.000419,4.5e-05,7e-06,0,2e-06,0,0,3e-06,0,0,0,2e-06,0.000192,3e-06,2.7e-05,8e-06,0,0,1.1e-05,9e-06,0,3.8e-05,1.3e-05,5e-06,0,0,1.3e-05,0,8e-06,2e-06,0,0,0,0,0,0,0,0,0,3.1e-05,0,3e-06,6e-06,0,0,2.3e-05,8e-06,1e-06,3.7e-05,2e-06,0,1.1e-05,3e-06,0,0,2e-06,3e-06,0,1.7e-05,3e-06,3e-06,1e-06,0.001204,1e-06,7e-06,1e-06,0,0,0,1.1e-05,0,1.3e-05,1e-06,1e-06,2.5e-05,0,0,0,1e-06,2e-06,4.5e-05,5e-06,0,0,2e-06,5e-06,1e-06,0,9e-06,1e-06,2e-06,4.8e-05,4e-06,2e-06,0,3e-06,0,0,4e-06,0,6e-06,5e-06,2e-06,0,0,0,0,3e-06,0.000136,0,1e-06,0,0.000201,1e-06,1.4e-05,0,0,0,0,1e-06,1e-06,1.8e-05,0,1e-06,7.8e-05,0.000281,1e-06,1e-06,3e-06,6.7e-05,0,4e-06,1e-06,0,1e-06,5e-06,1e-06,2.8e-05,0.000806,0,0,1.4e-05,4e-06,1e-06,2e-06,2.1e-05,0,2.3e-05,0,0,0,5e-06,3e-06,2.3e-05,1e-06,2e-06,0,6e-06,1e-06,3.8e-05,8.8e-05,1.7e-05,0,0,0,1.2e-05,0,0,1e-06,1e-06,5.6e-05,1e-06,3e-06,0,0,0,0,1.8e-05,0,2.5e-05,0,3e-06,0,0,0,3.7e-05,4.2e-05,0,0,0,3e-06,5e-05,0,2e-06,0.000911,0,5.6e-05,0,0,0,1.1e-05,0,2e-06,9.1e-05,0.000118,0,2.2e-05,4e-06,1e-06,0,0,0,0,0,1e-06,1e-06,0,0.000447,1e-06,0,4.3e-05,0,1e-05,3.4e-05,9e-06,0,0,3.4e-05,0,2e-06,4e-06,1e-06,1.1e-05,1e-06,1e-06,0.000177,1e-06,0,0,0,0,0,0,0,1e-06,0,5.5e-05,1e-06,2e-06,1.8e-05,0,2e-06,5e-05,0,0,0,1e-06,0,0.000218,2e-06,0,0,0,2.1e-05,1e-05,0,0,1e-06,3e-06,0,4.3e-05,2e-05,2.4e-05,3e-06,3.7e-05,3e-06,1.2e-05,0.000172,6e-06,8e-06,1e-06,1e-06,7e-06,9e-06,5e-06,0.000168,2.1e-05,3e-06,0,0,2e-06,5.3e-05,0,8e-06,0,7e-06,0,7e-06,1e-06,3e-06,1.1e-05,5e-06,3e-06,0,7e-06,1e-06,0.000111,5.2e-05,2.3e-05,5e-06,0,0,1e-06,0,0,0,0,1e-06,6.9e-05,1.5e-05,4.8e-05,0,6e-06,0,0,0,0,0,5e-06,2e-06,0,2e-05,0,0,0,4.1e-05,1e-06,0,2e-06,0,1e-05,2e-06,0,2.2e-05,0,0,0,0,0,0,0
"manyara/mbulu/endamilay",0,0,0,0,0,0,0,0,0,0,0,0,0,0,0,0,0,0,0,0,0,0,0,0,0,0,0,0,0,0,0,0,0,0,0,0,0,0,0,0,0,0,0,0,0,0,0,0,0,0,0,0,0,0,0,0,0,0,0,0,0,0,0,0,0,0,0,0,0,0,0,0,0,0,0,0,0,0,0,0,0,0,0,0,0,0,0,0,0,0,0,0,0,0,0,0,0,0,0,0,0,0,0,0,0,0,0,0,0,0,0,0,0,0,0,0,0,0,0,0,0,0,0,0,0,0,0,0,0,0,0,0,0,0,0,0,0,0,0,0,0,0,0,0,0,0,0,0,0,0,0,0,0,0,0,0,0,0,0,0,0,0,0,0,0,0,0,0,0,0,0,0,0,0,0,0,0,0,0,0,0,0,0,0,0,0,0,0,0,0,0,0,0,0,0,0,0,0,0,0,0,0,0,0,0,0,0,0,0,0,0,0,0,0,0,0,0,0,0,0,0,0,0,0,0,0,0,0,0,0,0,0,0,0,0,0,0,0,0,0,0,0,0,0,0,0,0,0,0,0,0,0,0,0,0,0,0,0,0,0,0,0,0,0,0,0,0,0,0,0,0,0,0,0,0,0,0,0,0,0,0,0,0,0,0,0,0,0,0,0,0,0,0,0,0,0,0,0,0,0,0,0,0,0,0,0,0,0,0,0,0,0,0,0,0,0,0,0,0,0,0,0,0,0,0,0,0,0,0,0,0,0,0,0,0,0,0,0,0,0,0,0,0,0,0,0,0,0,0,0,0,0,0,0,0,0,0,0,0,0,0,0,0,0,0,0,0,0,0,0,0,0,0,0,0,0,0,0,0,0,0,0,0,0,0,0,0,0,0,0,0,0,0,0,0,0,0,0
"manyara/hanang/endasak",0.000614,0.000238,7e-05,0.00164,0.002971,0.002971,0.000183,0.000201,0.003738,0.224234,0.007717,0.001366,0.000456,0.007019,0.008452,0.000504,0.000909,0.020267,0.00124,0.004469,7.6e-05,0.000469,0.002958,5.7e-05,6e-05,1.8e-05,0.003849,0.000219,3.7e-05,9e-05,0.002537,0.000272,3.4e-05,4.4e-05,0.000857,0.016542,0.000686,0.191411,0.001075,0.001486,0.00085,0.002391,0.007243,0.039927,0.001679,0.00773,0.00028,0.148508,0.041354,0.000359,0.000495,0.000204,0.000202,0.000773,0,0.019297,9.7e-05,0.000645,0.00311,0.060711,0.001765,0.005088,0.002691,0.000679,1e-06,0.004758,0.002323,0.000304,0.001769,0.06255,0.000114,0.000779,0.000109,0.004558,0.005093,0.003059,0.000357,0.001706,0.000404,0.000542,0.010833,0.042333,0.001012,0.001668,0.019057,0.000282,0.020903,0.000886,0.018306,0.012224,0.008326,0.000568,0.019876,0.003383,0.000153,0.023445,0.001244,2.6e-05,0.009515,0.002353,0.000409,0.000157,0.002233,0.001051,0.000293,0.011455,0.000241,0.001902,0.000742,0.01899,0.000877,0.005782,0.10137,2.6e-05,8.8e-05,6.5e-05,0.007632,0.000161,0.010551,0.000961,0.000512,0.018173,6.6e-05,0.000251,2.8e-05,0.000922,0.005384,0.035591,0.002552,7e-05,5.8e-05,0.00218,0.004488,0.000433,1.9e-05,0.003832,0.00021,0.001263,0.021207,0.003057,0.001435,5.2e-05,0.001345,0.000284,0.000122,0.003628,0.002371,0.00466,0.003825,0.00128,5.9e-05,5.7e-05,9.9e-05,8.4e-05,0.003482,0.042123,0.000262,0.000371,0.00058,0.139587,0.000672,0.019606,2.7e-05,0.000181,0.000833,0.000916,0.000917,0.000723,0.007741,0.000395,0.001855,0.016471,0.106391,0.001942,0.000308,0.00943,0.047068,5.8e-05,0.003076,0.002775,2.9e-05,0.000297,0.007063,0.000528,0.019047,0.296254,3.8e-05,7.4e-05,0.009796,0.002949,0.000827,0.018798,0.004248,0.001156,0.047926,0.000331,6.7e-05,0.001202,0.003606,7.1e-05,0.011976,0.003211,0.00381,5.5e-05,0.005137,0.000407,0.032938,0.017164,0.003622,8.2e-05,7.2e-05,0.001056,0.010746,3.1e-05,0.000114,0.00091,0.000161,0.045675,0.00043,0.002694,0.001442,5.8e-05,0.007098,7.4e-05,0.01176,0.000264,0.016297,0.000144,0.001242,0.013458,0.013318,0.000601,0.013557,0.016062,0.00138,5e-06,8.2e-05,0.002363,0.003895,5.6e-05,0.001362,0.165992,2.9e-05,0.081293,4.2e-05,5.7e-05,0.000199,0.00561,0.003918,0.000781,0.036341,0.039267,0.000108,0.010162,0.002538,0.001842,7.8e-05,0.000346,4.6e-05,5.6e-05,4.2e-05,0.001388,0.000112,5.4e-05,0.015248,0.000247,0.00105,0.013251,0.000575,0.006767,0.010725,0.009048,5.8e-05,5.6e-05,0.028573,0.00015,0.002128,0.006966,0.00051,0.000795,0.00056,6.5e-05,0.079873,0.00178,2e-04,0.002595,0.003789,0.000167,0.00377,6e-05,0.000986,0.000699,0.000164,0.02918,0.000799,0.001355,0.01189,0.000198,0.002023,0.003799,2.7e-05,2e-05,5.4e-05,0.000821,0.000273,0.070309,0.000842,0.000107,6.6e-05,6.8e-05,0.011439,0.00205,0.000994,4.6e-05,0.00052,0.000104,0.000138,0.023918,0.016261,0.016709,0.002068,0.012862,0.001617,0.006736,0.086364,0.003664,0.004475,0.000308,0.000399,0.00257,0.003833,0.001613,0.087322,0.009834,0.007189,0.000273,0.000273,0.000455,0.025347,0.001975,0.000119,4.6e-05,0.000109,0.007543,0.00863,0.001649,0.000957,0.004154,0.006125,0.001296,0.000201,0.00384,0.000328,0.045116,0.007286,0.005314,0.00586,0.000305,0.000115,0.000786,0.002275,0.006372,0.002124,0.002027,0.000267,0.029319,0.008804,0.019313,0.000319,0.002903,0.000299,1.8e-05,7e-05,0.000506,0.000132,0.002135,0.00268,7.1e-05,0.013718,0.000382,3e-05,0.001134,0.032283,0.022439,0.000165,0.00083,6.5e-05,0.007464,0.001368,4.5e-05,0.011465,5.2e-05,5.9e-05,0.000121,1.9e-05,2.8e-05,0.00081,0.000312
"manyara/hanang/endasiwold",0,0,0,0,0,0,0,0,0,0,0,0,0,0,0,0,0,0,0,0,0,0,0,0,0,0,0,0,0,0,0,0,0,0,0,0,0,0,0,0,0,0,0,0,0,0,0,0,0,0,0,0,0,0,0,0,0,0,0,0,0,0,0,0,0,0,0,0,0,0,0,0,0,0,0,0,0,0,0,0,0,0,0,0,0,0,0,0,0,0,0,0,0,0,0,0,0,0,0,0,0,0,0,0,0,0,0,0,0,0,0,0,0,0,0,0,0,0,0,0,0,0,0,0,0,0,0,0,0,0,0,0,0,0,0,0,0,0,0,0,0,0,0,0,0,0,0,0,0,0,0,0,0,0,0,0,0,0,0,0,0,0,0,0,0,0,0,0,0,0,0,0,0,0,0,0,0,0,0,0,0,0,0,0,0,0,0,0,0,0,0,0,0,0,0,0,0,0,0,0,0,0,0,0,0,0,0,0,0,0,0,0,0,0,0,0,0,0,0,0,0,0,0,0,0,0,0,0,0,0,0,0,0,0,0,0,0,0,0,0,0,0,0,0,0,0,0,0,0,0,0,0,0,0,0,0,0,0,0,0,0,0,0,0,0,0,0,0,0,0,0,0,0,0,0,0,0,0,0,0,0,0,0,0,0,0,0,0,0,0,0,0,0,0,0,0,0,0,0,0,0,0,0,0,0,0,0,0,0,0,0,0,0,0,0,0,0,0,0,0,0,0,0,0,0,0,0,0,0,0,0,0,0,0,0,0,0,0,0,0,0,0,0,0,0,0,0,0,0,0,0,0,0,0,0,0,0,0,0,0,0,0,0,0,0,0,0,0,0,0,0,0,0,0,0,0,0,0,0,0,0,0,0,0,0,0,0,0,0,0,0,0,0,0,0,0,0,0
"manyara/simanjiro/endiantu",0,0,0,0,0,0,0,0,0,0,0,0,0,0,0,0,0,0,0,0,0,0,0,0,0,0,0,0,0,0,0,0,0,0,0,0,0,0,0,0,0,0,0,0,0,0,0,0,0,0,0,0,0,0,0,0,0,0,0,0,0,0,0,0,0,0,0,0,0,0,0,0,0,0,0,0,0,0,0,0,0,0,0,0,0,0,0,0,0,0,0,0,0,0,0,0,0,0,0,0,0,0,0,0,0,0,0,0,0,0,0,0,0,0,0,0,0,0,0,0,0,0,0,0,0,0,0,0,0,0,0,0,0,0,0,0,0,0,0,0,0,0,0,0,0,0,0,0,0,0,0,0,0,0,0,0,0,0,0,0,0,0,0,0,0,0,0,0,0,0,0,0,0,0,0,0,0,0,0,0,0,0,0,0,0,0,0,0,0,0,0,0,0,0,0,0,0,0,0,0,0,0,0,0,0,0,0,0,0,0,0,0,0,0,0,0,0,0,0,0,0,0,0,0,0,0,0,0,0,0,0,0,0,0,0,0,0,0,0,0,0,0,0,0,0,0,0,0,0,0,0,0,0,0,0,0,0,0,0,0,0,0,0,0,0,0,0,0,0,0,0,0,0,0,0,0,0,0,0,0,0,0,0,0,0,0,0,0,0,0,0,0,0,0,0,0,0,0,0,0,0,0,0,0,0,0,0,0,0,0,0,0,0,0,0,0,0,0,0,0,0,0,0,0,0,0,0,0,0,0,0,0,0,0,0,0,0,0,0,0,0,0,0,0,0,0,0,0,0,0,0,0,0,0,0,0,0,0,0,0,0,0,0,0,0,0,0,0,0,0,0,0,0,0,0,0,0,0,0,0,0,0,0,0,0,0,0,0,0,0,0,0,0,0,0,0,0,0
"manyara/babati/endokise",0,0,0,0,0,0,0,0,0,0,0,0,0,0,0,0,0,0,0,0,0,0,0,0,0,0,0,0,0,0,0,0,0,0,0,0,0,0,0,0,0,0,0,0,0,0,0,0,0,0,0,0,0,0,0,0,0,0,0,0,0,0,0,0,0,0,0,0,0,0,0,0,0,0,0,0,0,0,0,0,0,0,0,0,0,0,0,0,0,0,0,0,0,0,0,0,0,0,0,0,0,0,0,0,0,0,0,0,0,0,0,0,0,0,0,0,0,0,0,0,0,0,0,0,0,0,0,0,0,0,0,0,0,0,0,0,0,0,0,0,0,0,0,0,0,0,0,0,0,0,0,0,0,0,0,0,0,0,0,0,0,0,0,0,0,0,0,0,0,0,0,0,0,0,0,0,0,0,0,0,0,0,0,0,0,0,0,0,0,0,0,0,0,0,0,0,0,0,0,0,0,0,0,0,0,0,0,0,0,0,0,0,0,0,0,0,0,0,0,0,0,0,0,0,0,0,0,0,0,0,0,0,0,0,0,0,0,0,0,0,0,0,0,0,0,0,0,0,0,0,0,0,0,0,0,0,0,0,0,0,0,0,0,0,0,0,0,0,0,0,0,0,0,0,0,0,0,0,0,0,0,0,0,0,0,0,0,0,0,0,0,0,0,0,0,0,0,0,0,0,0,0,0,0,0,0,0,0,0,0,0,0,0,0,0,0,0,0,0,0,0,0,0,0,0,0,0,0,0,0,0,0,0,0,0,0,0,0,0,0,0,0,0,0,0,0,0,0,0,0,0,0,0,0,0,0,0,0,0,0,0,0,0,0,0,0,0,0,0,0,0,0,0,0,0,0,0,0,0,0,0,0,0,0,0,0,0,0,0,0,0,0,0,0,0,0,0,0
"manyara/simanjiro/endonyongijape",0,0,0,0,0,0,0,0,0,0,0,0,0,0,0,0,0,0,0,0,0,0,0,0,0,0,0,0,0,0,0,0,0,0,0,0,0,0,0,0,0,0,0,0,0,0,0,0,0,0,0,0,0,0,0,0,0,0,0,0,0,0,0,0,0,0,0,0,0,0,0,0,0,0,0,0,0,0,0,0,0,0,0,0,0,0,0,0,0,0,0,0,0,0,0,0,0,0,0,0,0,0,0,0,0,0,0,0,0,0,0,0,0,0,0,0,0,0,0,0,0,0,0,0,0,0,0,0,0,0,0,0,0,0,0,0,0,0,0,0,0,0,0,0,0,0,0,0,0,0,0,0,0,0,0,0,0,0,0,0,0,0,0,0,0,0,0,0,0,0,0,0,0,0,0,0,0,0,0,0,0,0,0,0,0,0,0,0,0,0,0,0,0,0,0,0,0,0,0,0,0,0,0,0,0,0,0,0,0,0,0,0,0,0,0,0,0,0,0,0,0,0,0,0,0,0,0,0,0,0,0,0,0,0,0,0,0,0,0,0,0,0,0,0,0,0,0,0,0,0,0,0,0,0,0,0,0,0,0,0,0,0,0,0,0,0,0,0,0,0,0,0,0,0,0,0,0,0,0,0,0,0,0,0,0,0,0,0,0,0,0,0,0,0,0,0,0,0,0,0,0,0,0,0,0,0,0,0,0,0,0,0,0,0,0,0,0,0,0,0,0,0,0,0,0,0,0,0,0,0,0,0,0,0,0,0,0,0,0,0,0,0,0,0,0,0,0,0,0,0,0,0,0,0,0,0,0,0,0,0,0,0,0,0,0,0,0,0,0,0,0,0,0,0,0,0,0,0,0,0,0,0,0,0,0,0,0,0,0,0,0,0,0,0,0,0,0,0
"arusha/ngorongoro/endulen",0.000762,0.003224,8.7e-05,0.024344,9.6e-05,0.003141,7.8e-05,0.000106,5.2e-05,0.014131,0.000249,4.8e-05,0.000608,0.008804,0.023265,0.000381,0.000354,0.000628,0.000137,0.000442,6.5e-05,0.000633,4.6e-05,6.7e-05,5.3e-05,2.1e-05,9.2e-05,0.000309,1.2e-05,7.7e-05,0.002504,8.3e-05,3e-05,4.4e-05,0.007647,0.000207,0.000867,0.004738,0.00108,0.008822,0.000211,4.2e-05,0.003643,0.005966,0.000574,6.8e-05,0.000867,0.187698,0.017415,0.001274,0.000225,0.003946,0.000619,0.000275,0.002781,3.8e-05,9.5e-05,9.3e-05,0.001938,0,0.004928,0.024631,0.005755,0.000254,8e-06,0.005584,0.00376,0.000245,0.003397,0.008127,0.000853,1e-05,0.000156,0.002894,0.000305,0.013243,0.001992,4.3e-05,7.6e-05,0.000121,2.1e-05,0.000255,0.000125,5.3e-05,0.000165,0.000223,0.024697,0.00011,0.005921,0.009998,2.7e-05,0.000144,0.023177,0.004849,0.000601,0.013713,0.001692,2.7e-05,0.010232,0.002597,0.000145,0.005032,0.002009,0.001366,0.00034,0.017676,0.000505,0.002263,0.001069,0.090844,0.00119,0.007515,0.001638,3.3e-05,0.000111,8e-05,0.008654,5.2e-05,0.012532,0.001253,0.000659,0.02336,6.8e-05,0.000255,2.9e-05,0.000796,0.002688,0.042748,0.002816,8.6e-05,7e-05,0.002531,0.004864,0.000516,1.9e-05,0.004859,0.000291,0.001507,0.04754,0.003738,0.001777,4.4e-05,0.001786,0.000351,0.00016,0.003664,0.000206,0.005377,0.004633,0.001508,7.6e-05,5.2e-05,0.000127,7.4e-05,0.003352,0.057069,0.000346,0.001176,0.000315,0.161808,0.000723,0.010534,3.1e-05,0.000177,7.7e-05,4.8e-05,0.000906,0.000985,0.009349,0.000383,0.000961,0.029393,0.134567,0.001417,0.000432,0.002563,0.027974,0.000129,0.003703,0.001482,2.6e-05,0.00297,0.005552,0.000588,0.024745,0.336373,5.3e-05,9.9e-05,0.012247,0.003782,0.00094,0.001144,0.003631,0.000282,0.009612,0.000142,8e-05,9.2e-05,0.004274,0.000259,0.014883,0.000814,0.003095,5.9e-05,0.006438,0.000541,0.03761,0.023582,0.062892,1e-04,8.7e-05,0.00018,0.012853,3.8e-05,0.000806,0.000841,0.000197,0.058389,0.000529,0.003252,0.000228,6.6e-05,6e-05,9.7e-05,0.014509,0.000347,0.021555,0.000162,0.002064,4e-05,3.3e-05,0.000346,0.048943,0.019133,0.000395,6e-06,0.000101,0.002369,0.019091,6.8e-05,0.001344,0.165215,3.5e-05,0.076704,3.7e-05,6.7e-05,0.000235,0.006441,8.4e-05,0.000792,0.047531,0.079478,0.000177,0.012192,0.003646,0.001589,9.9e-05,0.00036,5.4e-05,5e-05,3.8e-05,0.001351,9.8e-05,4.8e-05,0.044861,0.000761,0.000178,0.01967,4.4e-05,0.002268,0.017041,0.009193,6.1e-05,4.8e-05,0.033722,0.000183,0.00184,0.003994,0.000187,0.006806,0.000533,0.000526,0.167018,0.000504,7.9e-05,0.000121,2.8e-05,0.000224,0.000215,8.2e-05,0.00034,0.001081,0.000144,0.031415,0.000942,0.002002,0.017742,0.000257,0.001717,0.088612,3.3e-05,2e-05,6.3e-05,0.000737,8.2e-05,0.04566,0.001079,0.000138,8.6e-05,8.9e-05,0.014489,0.090943,0.000227,5.3e-05,0.000631,0.001025,0.000756,0.039043,0.021159,0.016305,0.001627,0.020334,0.002018,0.011185,0.119444,0.02879,0.033211,0.000384,0.002379,0.00351,0.005115,0.002343,0.180083,0.055734,0.004146,9.6e-05,0.000317,0.002967,0.031558,0.000198,0.000673,5.5e-05,0.000469,0.000121,0.006843,0.001208,0.007582,0.00622,0.005408,0.009124,9.6e-05,0.00527,0.000416,0.057533,0.021001,0.007698,0.004689,0.000311,0.000144,0.000921,9.3e-05,4.3e-05,7.1e-05,2.5e-05,0.001789,0.038149,0.010712,0.024399,0.000126,0.003941,0.000352,1.6e-05,5.9e-05,0.000257,0.000181,0.002342,0.001541,8.9e-05,0.024884,0.000137,3e-05,0.000142,0.042636,0.001133,0.000102,0.00106,8.3e-05,0.009143,0.001691,5.7e-05,0.013754,6.7e-05,5.2e-05,0.000108,1.7e-05,2.3e-05,0.00018,0.000292
"arusha/longido/engarenaibor",0,0,0,0,0,0,0,0,0,0,0,0,0,0,0,0,0,0,0,0,0,0,0,0,0,0,0,0,0,0,0,0,0,0,0,0,0,0,0,0,0,0,0,0,0,0,0,0,0,0,0,0,0,0,0,0,0,0,0,0,0,0,0,0,0,0,0,0,0,0,0,0,0,0,0,0,0,0,0,0,0,0,0,0,0,0,0,0,0,0,0,0,0,0,0,0,0,0,0,0,0,0,0,0,0,0,0,0,0,0,0,0,0,0,0,0,0,0,0,0,0,0,0,0,0,0,0,0,0,0,0,0,0,0,0,0,0,0,0,0,0,0,0,0,0,0,0,0,0,0,0,0,0,0,0,0,0,0,0,0,0,0,0,0,0,0,0,0,0,0,0,0,0,0,0,0,0,0,0,0,0,0,0,0,0,0,0,0,0,0,0,0,0,0,0,0,0,0,0,0,0,0,0,0,0,0,0,0,0,0,0,0,0,0,0,0,0,0,0,0,0,0,0,0,0,0,0,0,0,0,0,0,0,0,0,0,0,0,0,0,0,0,0,0,0,0,0,0,0,0,0,0,0,0,0,0,0,0,0,0,0,0,0,0,0,0,0,0,0,0,0,0,0,0,0,0,0,0,0,0,0,0,0,0,0,0,0,0,0,0,0,0,0,0,0,0,0,0,0,0,0,0,0,0,0,0,0,0,0,0,0,0,0,0,0,0,0,0,0,0,0,0,0,0,0,0,0,0,0,0,0,0,0,0,0,0,0,0,0,0,0,0,0,0,0,0,0,0,0,0,0,0,0,0,0,0,0,0,0,0,0,0,0,0,0,0,0,0,0,0,0,0,0,0,0,0,0,0,0,0,0,0,0,0,0,0,0,0,0,0,0,0,0,0,0,0,0,0
"arusha/monduli/engaruka",2.2e-05,5.5e-05,1e-06,9.7e-05,0,4.6e-05,0,0,0,7.3e-05,1e-06,0,2e-05,0.000271,2.2e-05,1e-06,1e-06,2e-06,0,1e-06,1e-06,1.5e-05,0,1e-06,0,0,0,1e-06,0,1e-06,5.6e-05,0,0,0,1.4e-05,1e-06,2.8e-05,1.7e-05,3e-06,0.000106,0,0,2.2e-05,1.5e-05,3e-06,0,0.000167,0.007362,0.000226,4e-06,1e-06,3e-06,4e-06,0,1.1e-05,0,2e-06,1e-06,1.7e-05,0.001191,0.000207,0,0.000342,1e-06,0,0.000162,0.000189,0,5.9e-05,6e-05,5e-06,0,4e-06,1.1e-05,1e-06,0.00079,0.000252,0,0,0,0,1e-06,0,0,1e-06,1e-06,0.000485,0,1.1e-05,8.3e-05,0,0,0.000302,0.000173,0.000176,4e-05,3.7e-05,0,0.000143,3.5e-05,1e-06,1e-06,1.6e-05,4.5e-05,5e-06,0.000341,1e-06,3.8e-05,3e-05,0.000689,2.6e-05,0.000113,6e-06,1e-06,2e-06,1e-06,0.000169,0,0.000199,2.2e-05,1.2e-05,0.000407,1e-06,3e-06,0,6e-06,1.7e-05,0.001053,6.7e-05,1e-06,1e-06,3.5e-05,6.2e-05,8e-06,0,0.000153,1.1e-05,2.3e-05,0.001811,6.5e-05,4.1e-05,0,6.1e-05,6e-06,2e-06,4.1e-05,1e-06,7.8e-05,7e-05,2.2e-05,1e-06,1e-06,2e-06,1e-06,3e-05,0.00231,5e-06,0.000134,2e-06,0.00298,9e-06,0.000143,1e-06,2e-06,0,0,1.1e-05,2.7e-05,0.000284,4e-06,6e-06,0.001412,0.004925,1.4e-05,1e-05,2.3e-05,0.000452,5e-06,6.2e-05,1e-05,0,1.7e-05,4.6e-05,9e-06,0.000481,0.007824,1e-06,2e-06,0.000228,7.4e-05,1.6e-05,4e-06,2e-05,1e-06,6.7e-05,1e-06,1e-06,0,6.9e-05,5e-06,0.000391,6e-06,2.7e-05,1e-06,9.2e-05,1.3e-05,0.00051,0.000631,0.000363,1e-06,1e-06,1e-06,0.000167,1e-06,1e-06,7e-06,1e-06,0.000817,8e-06,4.6e-05,1e-06,2e-06,0,2e-06,0.000291,7e-06,0.000441,3e-06,4e-06,0,0,1e-06,0.001816,0.000615,2e-06,0,2e-06,4.9e-05,0.000846,1e-06,2.5e-05,0.004865,1e-06,0.000857,0,1e-06,4e-06,0.000175,0,2.1e-05,0.00165,0.006433,9e-06,0.000359,6.4e-05,1.3e-05,1e-06,4e-06,1e-06,0,0,1.9e-05,1e-06,0,0.000782,4.7e-05,1e-06,0.000868,0,1.8e-05,0.000805,0.000113,1e-06,0,0.000464,3e-06,1.5e-05,4.3e-05,1e-06,0.00019,8e-06,5.4e-05,0.006196,2e-06,0,1e-06,0,3e-06,1e-06,2e-06,2e-06,2.6e-05,1e-06,0.000783,1.5e-05,4.9e-05,0.000595,9e-06,2e-05,0.000141,0,0,1e-06,7e-06,1e-06,0.000445,3.3e-05,4e-06,3e-06,2e-06,0.000493,0.00012,1e-06,1e-06,1e-05,3e-06,1.1e-05,0.001616,0.000309,0.000403,3.2e-05,0.00091,4.4e-05,0.000272,0.004905,0.000156,0.000245,1.2e-05,1.2e-05,0.000128,0.000172,9.4e-05,0.009692,0.000512,3.7e-05,1e-06,5e-06,7.8e-05,0.000915,1e-06,3e-06,1e-06,6e-06,1e-06,6.5e-05,9e-06,8.7e-05,0.000241,5.3e-05,9e-05,0,0.000127,1.2e-05,0.001945,0.001821,0.000318,7.4e-05,4e-06,2e-06,1.5e-05,0,0,0,0,1e-05,0.001266,0.000334,0.000814,1e-06,0.000121,6e-06,0,1e-06,2e-06,3e-06,6.4e-05,2.4e-05,3e-06,0.000816,0,0,0,0.000639,3e-06,0,3.5e-05,1e-06,0.000154,2.7e-05,1e-06,0.000366,1e-06,0,1e-06,0,0,0,0
"arusha/longido/engikaret",0,0,0,0,0,0,0,0,0,0,0,0,0,0,0,0,0,0,0,0,0,0,0,0,0,0,0,0,0,0,0,0,0,0,0,0,0,0,0,0,0,0,0,0,0,0,0,0,0,0,0,0,0,0,0,0,0,0,0,0,0,0,0,0,0,0,0,0,0,0,0,0,0,0,0,0,0,0,0,0,0,0,0,0,0,0,0,0,0,0,0,0,0,0,0,0,0,0,0,0,0,0,0,0,0,0,0,0,0,0,0,0,0,0,0,0,0,0,0,0,0,0,0,0,0,0,0,0,0,0,0,0,0,0,0,0,0,0,0,0,0,0,0,0,0,0,0,0,0,0,0,0,0,0,0,0,0,0,0,0,0,0,0,0,0,0,0,0,0,0,0,0,0,0,0,0,0,0,0,0,0,0,0,0,0,0,0,0,0,0,0,0,0,0,0,0,0,0,0,0,0,0,0,0,0,0,0,0,0,0,0,0,0,0,0,0,0,0,0,0,0,0,0,0,0,0,0,0,0,0,0,0,0,0,0,0,0,0,0,0,0,0,0,0,0,0,0,0,0,0,0,0,0,0,0,0,0,0,0,0,0,0,0,0,0,0,0,0,0,0,0,0,0,0,0,0,0,0,0,0,0,0,0,0,0,0,0,0,0,0,0,0,0,0,0,0,0,0,0,0,0,0,0,0,0,0,0,0,0,0,0,0,0,0,0,0,0,0,0,0,0,0,0,0,0,0,0,0,0,0,0,0,0,0,0,0,0,0,0,0,0,0,0,0,0,0,0,0,0,0,0,0,0,0,0,0,0,0,0,0,0,0,0,0,0,0,0,0,0,0,0,0,0,0,0,0,0,0,0,0,0,0,0,0,0,0,0,0,0,0,0,0,0,0,0,0,0,0
"manyara/kiteto/engusero",0,0,0,0,0,0,0,0,0,0,0,0,0,0,0,0,0,0,0,0,0,0,0,0,0,0,0,0,0,0,0,0,0,0,0,0,0,0,0,0,0,0,0,0,0,0,0,0,0,0,0,0,0,0,0,0,0,0,0,0,0,0,0,0,0,0,0,0,0,0,0,0,0,0,0,0,0,0,0,0,0,0,0,0,0,0,0,0,0,0,0,0,0,0,0,0,0,0,0,0,0,0,0,0,0,0,0,0,0,0,0,0,0,0,0,0,0,0,0,0,0,0,0,0,0,0,0,0,0,0,0,0,0,0,0,0,0,0,0,0,0,0,0,0,0,0,0,0,0,0,0,0,0,0,0,0,0,0,0,0,0,0,0,0,0,0,0,0,0,0,0,0,0,0,0,0,0,0,0,0,0,0,0,0,0,0,0,0,0,0,0,0,0,0,0,0,0,0,0,0,0,0,0,0,0,0,0,0,0,0,0,0,0,0,0,0,0,0,0,0,0,0,0,0,0,0,0,0,0,0,0,0,0,0,0,0,0,0,0,0,0,0,0,0,0,0,0,0,0,0,0,0,0,0,0,0,0,0,0,0,0,0,0,0,0,0,0,0,0,0,0,0,0,0,0,0,0,0,0,0,0,0,0,0,0,0,0,0,0,0,0,0,0,0,0,0,0,0,0,0,0,0,0,0,0,0,0,0,0,0,0,0,0,0,0,0,0,0,0,0,0,0,0,0,0,0,0,0,0,0,0,0,0,0,0,0,0,0,0,0,0,0,0,0,0,0,0,0,0,0,0,0,0,0,0,0,0,0,0,0,0,0,0,0,0,0,0,0,0,0,0,0,0,0,0,0,0,0,0,0,0,0,0,0,0,0,0,0,0,0,0,0,0,0,0,0,0,0
"arusha/ngorongoro/enguserosambu",0,0,0,0,0,0,0,0,0,0,0,0,0,0,0,0,0,0,0,0,0,0,0,0,0,0,0,0,0,0,0,0,0,0,0,0,0,0,0,0,0,0,0,0,0,0,0,0,0,0,0,0,0,0,0,0,0,0,0,0,0,0,0,0,0,0,0,0,0,0,0,0,0,0,0,0,0,0,0,0,0,0,0,0,0,0,0,0,0,0,0,0,0,0,0,0,0,0,0,0,0,0,0,0,0,0,0,0,0,0,0,0,0,0,0,0,0,0,0,0,0,0,0,0,0,0,0,0,0,0,0,0,0,0,0,0,0,0,0,0,0,0,0,0,0,0,0,0,0,0,0,0,0,0,0,0,0,0,0,0,0,0,0,0,0,0,0,0,0,0,0,0,0,0,0,0,0,0,0,0,0,0,0,0,0,0,0,0,0,0,0,0,0,0,0,0,0,0,0,0,0,0,0,0,0,0,0,0,0,0,0,0,0,0,0,0,0,0,0,0,0,0,0,0,0,0,0,0,0,0,0,0,0,0,0,0,0,0,0,0,0,0,0,0,0,0,0,0,0,0,0,0,0,0,0,0,0,0,0,0,0,0,0,0,0,0,0,0,0,0,0,0,0,0,0,0,0,0,0,0,0,0,0,0,0,0,0,0,0,0,0,0,0,0,0,0,0,0,0,0,0,0,0,0,0,0,0,0,0,0,0,0,0,0,0,0,0,0,0,0,0,0,0,0,0,0,0,0,0,0,0,0,0,0,0,0,0,0,0,0,0,0,0,0,0,0,0,0,0,0,0,0,0,0,0,0,0,0,0,0,0,0,0,0,0,0,0,0,0,0,0,0,0,0,0,0,0,0,0,0,0,0,0,0,0,0,0,0,0,0,0,0,0,0,0,0,0,0
"arusha/arushaurban/engutoto",0,0,0,0,0,0,0,0,0,0,0,0,0,0,0,0,0,0,0,0,0,0,0,0,0,0,0,0,0,0,0,0,0,0,0,0,0,0,0,0,0,0,0,0,0,0,0,0,0,0,0,0,0,0,0,0,0,0,0,0,0,0,0,0,0,0,0,0,0,0,0,0,0,0,0,0,0,0,0,0,0,0,0,0,0,0,0,0,0,0,0,0,0,0,0,0,0,0,0,0,0,0,0,0,0,0,0,0,0,0,0,0,0,0,0,0,0,0,0,0,0,0,0,0,0,0,0,0,0,0,0,0,0,0,0,0,0,0,0,0,0,0,0,0,0,0,0,0,0,0,0,0,0,0,0,0,0,0,0,0,0,0,0,0,0,0,0,0,0,0,0,0,0,0,0,0,0,0,0,0,0,0,0,0,0,0,0,0,0,0,0,0,0,0,0,0,0,0,0,0,0,0,0,0,0,0,0,0,0,0,0,0,0,0,0,0,0,0,0,0,0,0,0,0,0,0,0,0,0,0,0,0,0,0,0,0,0,0,0,0,0,0,0,0,0,0,0,0,0,0,0,0,0,0,0,0,0,0,0,0,0,0,0,0,0,0,0,0,0,0,0,0,0,0,0,0,0,0,0,0,0,0,0,0,0,0,0,0,0,0,0,0,0,0,0,0,0,0,0,0,0,0,0,0,0,0,0,0,0,0,0,0,0,0,0,0,0,0,0,0,0,0,0,0,0,0,0,0,0,0,0,0,0,0,0,0,0,0,0,0,0,0,0,0,0,0,0,0,0,0,0,0,0,0,0,0,0,0,0,0,0,0,0,0,0,0,0,0,0,0,0,0,0,0,0,0,0,0,0,0,0,0,0,0,0,0,0,0,0,0,0,0,0,0,0,0,0,0
"arusha/monduli/engutoto",0,0,0,0,0,0,0,0,0,0,0,0,0,0,0,0,0,0,0,0,0,0,0,0,0,0,0,0,0,0,0,0,0,0,0,0,0,0,0,0,0,0,0,0,0,0,0,0,0,0,0,0,0,0,0,0,0,0,0,0,0,0,0,0,0,0,0,0,0,0,0,0,0,0,0,0,0,0,0,0,0,0,0,0,0,0,0,0,0,0,0,0,0,0,0,0,0,0,0,0,0,0,0,0,0,0,0,0,0,0,0,0,0,0,0,0,0,0,0,0,0,0,0,0,0,0,0,0,0,0,0,0,0,0,0,0,0,0,0,0,0,0,0,0,0,0,0,0,0,0,0,0,0,0,0,0,0,0,0,0,0,0,0,0,0,0,0,0,0,0,0,0,0,0,0,0,0,0,0,0,0,0,0,0,0,0,0,0,0,0,0,0,0,0,0,0,0,0,0,0,0,0,0,0,0,0,0,0,0,0,0,0,0,0,0,0,0,0,0,0,0,0,0,0,0,0,0,0,0,0,0,0,0,0,0,0,0,0,0,0,0,0,0,0,0,0,0,0,0,0,0,0,0,0,0,0,0,0,0,0,0,0,0,0,0,0,0,0,0,0,0,0,0,0,0,0,0,0,0,0,0,0,0,0,0,0,0,0,0,0,0,0,0,0,0,0,0,0,0,0,0,0,0,0,0,0,0,0,0,0,0,0,0,0,0,0,0,0,0,0,0,0,0,0,0,0,0,0,0,0,0,0,0,0,0,0,0,0,0,0,0,0,0,0,0,0,0,0,0,0,0,0,0,0,0,0,0,0,0,0,0,0,0,0,0,0,0,0,0,0,0,0,0,0,0,0,0,0,0,0,0,0,0,0,0,0,0,0,0,0,0,0,0,0,0,0,0,0
"manyara/mbulu/eshkesh",0,0,0,0,0,0,0,0,0,0,0,0,0,0,0,0,0,0,0,0,0,0,0,0,0,0,0,0,0,0,0,0,0,0,0,0,0,0,0,0,0,0,0,0,0,0,0,0,0,0,0,0,0,0,0,0,0,0,0,0,0,0,0,0,0,0,0,0,0,0,0,0,0,0,0,0,0,0,0,0,0,0,0,0,0,0,0,0,0,0,0,0,0,0,0,0,0,0,0,0,0,0,0,0,0,0,0,0,0,0,0,0,0,0,0,0,0,0,0,0,0,0,0,0,0,0,0,0,0,0,0,0,0,0,0,0,0,0,0,0,0,0,0,0,0,0,0,0,0,0,0,0,0,0,0,0,0,0,0,0,0,0,0,0,0,0,0,0,0,0,0,0,0,0,0,0,0,0,0,0,0,0,0,0,0,0,0,0,0,0,0,0,0,0,0,0,0,0,0,0,0,0,0,0,0,0,0,0,0,0,0,0,0,0,0,0,0,0,0,0,0,0,0,0,0,0,0,0,0,0,0,0,0,0,0,0,0,0,0,0,0,0,0,0,0,0,0,0,0,0,0,0,0,0,0,0,0,0,0,0,0,0,0,0,0,0,0,0,0,0,0,0,0,0,0,0,0,0,0,0,0,0,0,0,0,0,0,0,0,0,0,0,0,0,0,0,0,0,0,0,0,0,0,0,0,0,0,0,0,0,0,0,0,0,0,0,0,0,0,0,0,0,0,0,0,0,0,0,0,0,0,0,0,0,0,0,0,0,0,0,0,0,0,0,0,0,0,0,0,0,0,0,0,0,0,0,0,0,0,0,0,0,0,0,0,0,0,0,0,0,0,0,0,0,0,0,0,0,0,0,0,0,0,0,0,0,0,0,0,0,0,0,0,0,0,0,0,0
"arusha/monduli/esilalei",0,0,0,0,0,0,0,0,0,0,0,0,0,0,0,0,0,0,0,0,0,0,0,0,0,0,0,0,0,0,0,0,0,0,0,0,0,0,0,0,0,0,0,0,0,0,0,0,0,0,0,0,0,0,0,0,0,0,0,0,0,0,0,0,0,0,0,0,0,0,0,0,0,0,0,0,0,0,0,0,0,0,0,0,0,0,0,0,0,0,0,0,0,0,0,0,0,0,0,0,0,0,0,0,0,0,0,0,0,0,0,0,0,0,0,0,0,0,0,0,0,0,0,0,0,0,0,0,0,0,0,0,0,0,0,0,0,0,0,0,0,0,0,0,0,0,0,0,0,0,0,0,0,0,0,0,0,0,0,0,0,0,0,0,0,0,0,0,0,0,0,0,0,0,0,0,0,0,0,0,0,0,0,0,0,0,0,0,0,0,0,0,0,0,0,0,0,0,0,0,0,0,0,0,0,0,0,0,0,0,0,0,0,0,0,0,0,0,0,0,0,0,0,0,0,0,0,0,0,0,0,0,0,0,0,0,0,0,0,0,0,0,0,0,0,0,0,0,0,0,0,0,0,0,0,0,0,0,0,0,0,0,0,0,0,0,0,0,0,0,0,0,0,0,0,0,0,0,0,0,0,0,0,0,0,0,0,0,0,0,0,0,0,0,0,0,0,0,0,0,0,0,0,0,0,0,0,0,0,0,0,0,0,0,0,0,0,0,0,0,0,0,0,0,0,0,0,0,0,0,0,0,0,0,0,0,0,0,0,0,0,0,0,0,0,0,0,0,0,0,0,0,0,0,0,0,0,0,0,0,0,0,0,0,0,0,0,0,0,0,0,0,0,0,0,0,0,0,0,0,0,0,0,0,0,0,0,0,0,0,0,0,0,0,0,0,0,0
"manyara/babati/galapo",0.000147,2.7e-05,1.1e-05,0.000161,5.1e-05,0.000593,1.1e-05,1.4e-05,7.3e-05,0.025295,0.000322,1.4e-05,0.000105,0.001707,0.000365,3.5e-05,2.6e-05,0.000174,1.7e-05,5.9e-05,1.1e-05,9.1e-05,7.7e-05,1.1e-05,9e-06,3e-06,0.000166,2.4e-05,5e-06,1.4e-05,0.000714,3.1e-05,6e-06,8e-06,7.6e-05,7.1e-05,0.000169,0.0021,7.8e-05,0.000161,1.9e-05,1.9e-05,0.000827,0.000862,0.000183,6.3e-05,4.6e-05,0.039502,0.028235,3.3e-05,2.7e-05,1.6e-05,2.5e-05,1.8e-05,0.001691,1.8e-05,2.5e-05,0.002405,0.000717,0.004797,0.000242,0.000744,0.000467,8e-05,0,0.00123,0.000533,9e-06,0.000319,0,1.3e-05,4e-06,2e-05,0.000397,6.1e-05,0.000397,4.7e-05,1.1e-05,7e-06,1e-05,1.6e-05,0.000264,1.8e-05,2.4e-05,5.9e-05,1.6e-05,0.004296,1.3e-05,0.000389,0.001965,1.5e-05,1.1e-05,0.003316,0.000746,2.3e-05,0.001393,0.00023,4e-06,0.001807,0.000422,2.6e-05,9e-06,0.000328,0.000255,5.4e-05,0.001767,2e-05,0.000356,0.000144,0.002295,0.000161,0.000934,0.000574,6e-06,1.4e-05,1.1e-05,0.001649,2.2e-05,0.001922,0.000167,9.1e-05,0.003185,1.1e-05,4.4e-05,5e-06,0.000138,0.000774,0.008072,0.000638,1.2e-05,1e-05,0.000377,0.000798,8e-05,3e-06,0.000932,4.9e-05,0.000224,0.003112,0.000568,0.000305,8e-06,0.000323,5.2e-05,1.9e-05,0.000633,0.000106,0.000834,0.000663,0.000222,1e-05,1.1e-05,1.5e-05,1.5e-05,0.000527,0.010775,4e-05,5.7e-05,0.000114,0.028294,0.000116,0.008834,5e-06,3.1e-05,1.1e-05,1.3e-05,0.000179,0.000148,0.001975,7.3e-05,0.000246,0.003688,0.027543,0.000424,5.6e-05,0.005736,0.0224,9e-06,0.000567,0.000428,5e-06,3e-05,0.001162,0.000101,0.003474,0.069641,7e-06,1.3e-05,0.001828,0.000548,0.000163,0.000344,0.000519,2.3e-05,0.017784,3.7e-05,1.1e-05,0.000102,0.000663,1e-05,0.002694,0.000972,0.000649,1.3e-05,0.000838,8.1e-05,0.005742,0.004195,0.000373,1.4e-05,1.2e-05,0.001554,0.001748,5e-06,7e-06,0.000135,1.3e-05,0.007258,7.2e-05,0.000454,2.5e-05,1.4e-05,3.2e-05,1.4e-05,0.002316,5e-05,0.002987,2.9e-05,7.1e-05,1.9e-05,2e-05,2.4e-05,0.001719,0.004338,0.000153,1e-06,1.4e-05,0.000623,0.000563,9e-06,0.000344,0.057389,5e-06,0.015357,7e-06,1e-05,3.7e-05,0.001433,2.5e-05,0.000237,0.008864,0.007884,2.5e-05,0.002561,0.000402,0.000289,1.2e-05,6.1e-05,8e-06,9e-06,7e-06,0.000298,3.1e-05,8e-06,0.002353,3.5e-05,4.4e-05,0.003145,9e-05,0.002168,0.002385,0.001681,1e-05,1e-05,0.004855,2.5e-05,0.000327,0.002256,4.2e-05,1e-04,0.000133,8e-06,0.011934,9.4e-05,2.6e-05,3e-04,1.3e-05,2.6e-05,4.6e-05,1.1e-05,0.000199,0.000117,2.5e-05,0.007748,0.000145,0.000239,0.002397,4.8e-05,0.000446,0.000358,4e-06,4e-06,1e-05,0.00015,4.2e-05,0.017355,0.000199,2.4e-05,1.5e-05,1.2e-05,0.00292,0.000194,0.00013,8e-06,9.1e-05,1e-05,1.5e-05,0.004749,0.002595,0.005088,0.000731,0.002788,0.000327,0.001063,0.020901,0.000364,0.00046,7.6e-05,3.9e-05,0.000613,0.000901,0.000373,0.014486,0.001034,0.001781,3.9e-05,5.1e-05,5.3e-05,0.005995,0.005458,1.3e-05,8e-06,1.5e-05,0.000111,0.00167,0.000264,0.000103,0.000901,0.001102,0.000137,1.3e-05,0.000732,7.7e-05,0.011214,0.001305,0.001333,0.001744,5.4e-05,1.8e-05,0.000149,8e-05,3.1e-05,0.000129,2e-05,2.6e-05,0.00703,0.002254,0.004869,3.6e-05,0.000633,5.6e-05,3e-06,1.1e-05,6.2e-05,2.1e-05,0.000588,0.001235,1.8e-05,0.002229,1.6e-05,5e-06,2.7e-05,0.005138,0.000218,1.1e-05,0.000204,1.1e-05,0.001355,0.00024,8e-06,0.002722,9e-06,1e-05,1.9e-05,3e-06,4e-06,2.5e-05,1.1e-05
"arusha/karatu/ganako",0,0,0,0,0,0,0,0,0,0,0,0,0,0,0,0,0,0,0,0,0,0,0,0,0,0,0,0,0,0,0,0,0,0,0,0,0,0,0,0,0,0,0,0,0,0,0,0,0,0,0,0,0,0,0,0,0,0,0,0,0,0,0,0,0,0,0,0,0,0,0,0,0,0,0,0,0,0,0,0,0,0,0,0,0,0,0,0,0,0,0,0,0,0,0,0,0,0,0,0,0,0,0,0,0,0,0,0,0,0,0,0,0,0,0,0,0,0,0,0,0,0,0,0,0,0,0,0,0,0,0,0,0,0,0,0,0,0,0,0,0,0,0,0,0,0,0,0,0,0,0,0,0,0,0,0,0,0,0,0,0,0,0,0,0,0,0,0,0,0,0,0,0,0,0,0,0,0,0,0,0,0,0,0,0,0,0,0,0,0,0,0,0,0,0,0,0,0,0,0,0,0,0,0,0,0,0,0,0,0,0,0,0,0,0,0,0,0,0,0,0,0,0,0,0,0,0,0,0,0,0,0,0,0,0,0,0,0,0,0,0,0,0,0,0,0,0,0,0,0,0,0,0,0,0,0,0,0,0,0,0,0,0,0,0,0,0,0,0,0,0,0,0,0,0,0,0,0,0,0,0,0,0,0,0,0,0,0,0,0,0,0,0,0,0,0,0,0,0,0,0,0,0,0,0,0,0,0,0,0,0,0,0,0,0,0,0,0,0,0,0,0,0,0,0,0,0,0,0,0,0,0,0,0,0,0,0,0,0,0,0,0,0,0,0,0,0,0,0,0,0,0,0,0,0,0,0,0,0,0,0,0,0,0,0,0,0,0,0,0,0,0,0,0,0,0,0,0,0,0,0,0,0,0,0,0,0,0,0,0,0,0,0,0,0,0,0,0
"manyara/hanang/ganana",0,0,0,0,0,0,0,0,0,0,0,0,0,0,0,0,0,0,0,0,0,0,0,0,0,0,0,0,0,0,0,0,0,0,0,0,0,0,0,0,0,0,0,0,0,0,0,0,0,0,0,0,0,0,0,0,0,0,0,0,0,0,0,0,0,0,0,0,0,0,0,0,0,0,0,0,0,0,0,0,0,0,0,0,0,0,0,0,0,0,0,0,0,0,0,0,0,0,0,0,0,0,0,0,0,0,0,0,0,0,0,0,0,0,0,0,0,0,0,0,0,0,0,0,0,0,0,0,0,0,0,0,0,0,0,0,0,0,0,0,0,0,0,0,0,0,0,0,0,0,0,0,0,0,0,0,0,0,0,0,0,0,0,0,0,0,0,0,0,0,0,0,0,0,0,0,0,0,0,0,0,0,0,0,0,0,0,0,0,0,0,0,0,0,0,0,0,0,0,0,0,0,0,0,0,0,0,0,0,0,0,0,0,0,0,0,0,0,0,0,0,0,0,0,0,0,0,0,0,0,0,0,0,0,0,0,0,0,0,0,0,0,0,0,0,0,0,0,0,0,0,0,0,0,0,0,0,0,0,0,0,0,0,0,0,0,0,0,0,0,0,0,0,0,0,0,0,0,0,0,0,0,0,0,0,0,0,0,0,0,0,0,0,0,0,0,0,0,0,0,0,0,0,0,0,0,0,0,0,0,0,0,0,0,0,0,0,0,0,0,0,0,0,0,0,0,0,0,0,0,0,0,0,0,0,0,0,0,0,0,0,0,0,0,0,0,0,0,0,0,0,0,0,0,0,0,0,0,0,0,0,0,0,0,0,0,0,0,0,0,0,0,0,0,0,0,0,0,0,0,0,0,0,0,0,0,0,0,0,0,0,0,0,0,0,0,0,0
"kilimanjaro/siha/gararagua",0,0,0,0,0,0,0,0,0,0,0,0,0,0,0,0,0,0,0,0,0,0,0,0,0,0,0,0,0,0,0,0,0,0,0,0,0,0,0,0,0,0,0,0,0,0,0,0,0,0,0,0,0,0,0,0,0,0,0,0,0,0,0,0,0,0,0,0,0,0,0,0,0,0,0,0,0,0,0,0,0,0,0,0,0,0,0,0,0,0,0,0,0,0,0,0,0,0,0,0,0,0,0,0,0,0,0,0,0,0,0,0,0,0,0,0,0,0,0,0,0,0,0,0,0,0,0,0,0,0,0,0,0,0,0,0,0,0,0,0,0,0,0,0,0,0,0,0,0,0,0,0,0,0,0,0,0,0,0,0,0,0,0,0,0,0,0,0,0,0,0,0,0,0,0,0,0,0,0,0,0,0,0,0,0,0,0,0,0,0,0,0,0,0,0,0,0,0,0,0,0,0,0,0,0,0,0,0,0,0,0,0,0,0,0,0,0,0,0,0,0,0,0,0,0,0,0,0,0,0,0,0,0,0,0,0,0,0,0,0,0,0,0,0,0,0,0,0,0,0,0,0,0,0,0,0,0,0,0,0,0,0,0,0,0,0,0,0,0,0,0,0,0,0,0,0,0,0,0,0,0,0,0,0,0,0,0,0,0,0,0,0,0,0,0,0,0,0,0,0,0,0,0,0,0,0,0,0,0,0,0,0,0,0,0,0,0,0,0,0,0,0,0,0,0,0,0,0,0,0,0,0,0,0,0,0,0,0,0,0,0,0,0,0,0,0,0,0,0,0,0,0,0,0,0,0,0,0,0,0,0,0,0,0,0,0,0,0,0,0,0,0,0,0,0,0,0,0,0,0,0,0,0,0,0,0,0,0,0,0,0,0,0,0,0,0,0,0
"manyara/mbulu/gehandu",0,0,0,0,0,0,0,0,0,0,0,0,0,0,0,0,0,0,0,0,0,0,0,0,0,0,0,0,0,0,0,0,0,0,0,0,0,0,0,0,0,0,0,0,0,0,0,0,0,0,0,0,0,0,0,0,0,0,0,0,0,0,0,0,0,0,0,0,0,0,0,0,0,0,0,0,0,0,0,0,0,0,0,0,0,0,0,0,0,0,0,0,0,0,0,0,0,0,0,0,0,0,0,0,0,0,0,0,0,0,0,0,0,0,0,0,0,0,0,0,0,0,0,0,0,0,0,0,0,0,0,0,0,0,0,0,0,0,0,0,0,0,0,0,0,0,0,0,0,0,0,0,0,0,0,0,0,0,0,0,0,0,0,0,0,0,0,0,0,0,0,0,0,0,0,0,0,0,0,0,0,0,0,0,0,0,0,0,0,0,0,0,0,0,0,0,0,0,0,0,0,0,0,0,0,0,0,0,0,0,0,0,0,0,0,0,0,0,0,0,0,0,0,0,0,0,0,0,0,0,0,0,0,0,0,0,0,0,0,0,0,0,0,0,0,0,0,0,0,0,0,0,0,0,0,0,0,0,0,0,0,0,0,0,0,0,0,0,0,0,0,0,0,0,0,0,0,0,0,0,0,0,0,0,0,0,0,0,0,0,0,0,0,0,0,0,0,0,0,0,0,0,0,0,0,0,0,0,0,0,0,0,0,0,0,0,0,0,0,0,0,0,0,0,0,0,0,0,0,0,0,0,0,0,0,0,0,0,0,0,0,0,0,0,0,0,0,0,0,0,0,0,0,0,0,0,0,0,0,0,0,0,0,0,0,0,0,0,0,0,0,0,0,0,0,0,0,0,0,0,0,0,0,0,0,0,0,0,0,0,0,0,0,0,0,0,0,0
"manyara/hanang/gehandu",0.000153,6.8e-05,2.1e-05,0.000559,0.000174,0.000835,2.9e-05,3.2e-05,0.000132,0.017809,0.000408,0.002533,0.000114,0.00173,0.002985,8.9e-05,0.000235,0.002074,0.001123,0.007791,2.4e-05,0.00013,0.000123,1.6e-05,1.9e-05,5e-06,0.000182,4.1e-05,1e-05,2.8e-05,0.000599,8.3e-05,1.1e-05,1.3e-05,0.000213,0.001101,0.000166,0.011685,0.000202,0.000502,0.000234,0.000655,0.00249,0.007496,0.000546,0.000192,7.4e-05,0.039066,0.006953,7.9e-05,8.2e-05,5.7e-05,4.2e-05,0.00033,0.015471,0.000235,2.4e-05,7.1e-05,0.000829,0.020937,0.000542,0.001361,0.000742,0.000216,0,0.001139,0.000545,0.000147,0.000349,0.007196,2.7e-05,0.000215,3.1e-05,0.000735,0,0.000934,0.000104,0.000748,0.000735,0.000426,0.000115,0.000935,0.000218,0.000694,0.001527,5.5e-05,0.005815,0.000423,0.013934,0.003789,0.000224,0.000807,0.006048,0.000862,4.2e-05,0.00415,0.000352,8e-06,0.00274,0.000688,5.9e-05,5.7e-05,0.000712,0.000256,8.4e-05,0.003509,5e-05,0.000543,0.000203,0.004354,0.000249,0.001752,0.037006,6e-06,2.6e-05,2e-05,0.002062,4.6e-05,0.00307,0.000281,0.000148,0.005371,2e-05,7.4e-05,8e-06,0.000291,0.001661,0.009509,0.000636,2.1e-05,1.7e-05,0.000645,0.001321,0.000124,6e-06,0.000939,5.2e-05,0.000369,0.006489,0.000875,0.000385,1.6e-05,0.000327,8.2e-05,3.7e-05,0.001079,0.000206,0.001363,0.001129,0.000378,1.8e-05,1.6e-05,3e-05,2.5e-05,0.001098,0.009946,8.1e-05,0.000105,0.00016,0.043151,2e-04,0.003937,8e-06,5.4e-05,0.004044,0.001661,0.000261,0.000195,0.001861,0.000115,0.000594,0.003586,0.027403,0.000533,8.8e-05,0.001629,0.008166,1.7e-05,0.000884,0.000839,9e-06,0.000102,0.00216,0.00015,0.005529,0.099444,1.1e-05,2.2e-05,0.002806,0.00084,0.000232,0.001818,0.000702,0.000538,0.005484,0.000111,2e-05,9.4e-05,0.00104,1.6e-05,0.003131,0.000649,0.001148,1.4e-05,0.001553,0.000112,0.009956,0.003378,0.001162,2.4e-05,2.2e-05,0.000119,0.003277,9e-06,3.2e-05,0.000289,3.1e-05,0.014387,0.000128,0.000804,0.000508,1.5e-05,0.000201,2.1e-05,0.003297,7.4e-05,0.004702,4e-05,0.000289,0.000345,0.000141,0.000131,0.004306,0.003712,0.000425,1e-06,2.4e-05,0.000581,0.000937,1.7e-05,0.000344,0.036544,8e-06,0.024966,1.3e-05,1.6e-05,5.7e-05,0.001366,0.002751,0.000169,0.009072,0.010073,2.5e-05,0.002477,0.000767,0.000572,2.4e-05,0.000102,1.3e-05,1.7e-05,1.3e-05,0.00038,1.9e-05,1.7e-05,0.003271,7.4e-05,0.000129,0.003159,4.5e-05,0.000883,0.00265,0.002637,1.7e-05,1.7e-05,0.008681,4.5e-05,0.000667,0.001619,7.1e-05,0.000207,0.000147,1.8e-05,0.025512,0.000252,6.1e-05,0.000168,0.000359,5.1e-05,0.000541,1.7e-05,0.000246,0.000204,5.1e-05,0.007188,0.000231,0.000389,0.003206,4.8e-05,0.000553,0.001044,8e-06,6e-06,1.5e-05,0.000241,7.3e-05,0.011244,0.00021,2.8e-05,1.7e-05,2e-05,0.002709,0.000632,0.000264,1.3e-05,0.000152,2.6e-05,4.6e-05,0.006466,0.004992,0.003757,0.000437,0.00326,0.000444,0.002021,0.022348,0.001295,0.001549,7.5e-05,0.000145,0.000624,0.00095,0.000394,0.026587,0.003418,0.001856,7.9e-05,7.8e-05,0.000145,0.006494,0.000215,2.7e-05,1.3e-05,2.4e-05,0.000274,0.00249,0.000506,0.000318,0.00106,0.001812,0.00044,3.2e-05,0.001073,8.3e-05,0.011277,0.001694,0.001159,0.001399,9e-05,3.5e-05,0.000224,0.000136,0.000297,0.000116,0.000167,9.5e-05,0.007381,0.002107,0.004668,0.000106,0.000754,8.5e-05,5e-06,2.2e-05,0.000167,4e-05,0.000495,0.000513,1.7e-05,0.004044,6.5e-05,9e-06,0.000158,0.010033,0.00594,2.8e-05,2e-04,1.9e-05,0.002164,4e-04,1.3e-05,0.002919,1.6e-05,1.8e-05,3.8e-05,6e-06,9e-06,0.000136,9.8e-05
"arusha/longido/gelailumbwa",0,0,0,0,0,0,0,0,0,0,0,0,0,0,0,0,0,0,0,0,0,0,0,0,0,0,0,0,0,0,0,0,0,0,0,0,0,0,0,0,0,0,0,0,0,0,0,0,0,0,0,0,0,0,0,0,0,0,0,0,0,0,0,0,0,0,0,0,0,0,0,0,0,0,0,0,0,0,0,0,0,0,0,0,0,0,0,0,0,0,0,0,0,0,0,0,0,0,0,0,0,0,0,0,0,0,0,0,0,0,0,0,0,0,0,0,0,0,0,0,0,0,0,0,0,0,0,0,0,0,0,0,0,0,0,0,0,0,0,0,0,0,0,0,0,0,0,0,0,0,0,0,0,0,0,0,0,0,0,0,0,0,0,0,0,0,0,0,0,0,0,0,0,0,0,0,0,0,0,0,0,0,0,0,0,0,0,0,0,0,0,0,0,0,0,0,0,0,0,0,0,0,0,0,0,0,0,0,0,0,0,0,0,0,0,0,0,0,0,0,0,0,0,0,0,0,0,0,0,0,0,0,0,0,0,0,0,0,0,0,0,0,0,0,0,0,0,0,0,0,0,0,0,0,0,0,0,0,0,0,0,0,0,0,0,0,0,0,0,0,0,0,0,0,0,0,0,0,0,0,0,0,0,0,0,0,0,0,0,0,0,0,0,0,0,0,0,0,0,0,0,0,0,0,0,0,0,0,0,0,0,0,0,0,0,0,0,0,0,0,0,0,0,0,0,0,0,0,0,0,0,0,0,0,0,0,0,0,0,0,0,0,0,0,0,0,0,0,0,0,0,0,0,0,0,0,0,0,0,0,0,0,0,0,0,0,0,0,0,0,0,0,0,0,0,0,0,0,0,0,0,0,0,0,0,0,0,0,0,0,0,0,0,0,0,0,0,0
"arusha/longido/gelaimeirugoi",0,0,0,0,0,0,0,0,0,0,0,0,0,0,0,0,0,0,0,0,0,0,0,0,0,0,0,0,0,0,0,0,0,0,0,0,0,0,0,0,0,0,0,0,0,0,0,0,0,0,0,0,0,0,0,0,0,0,0,0,0,0,0,0,0,0,0,0,0,0,0,0,0,0,0,0,0,0,0,0,0,0,0,0,0,0,0,0,0,0,0,0,0,0,0,0,0,0,0,0,0,0,0,0,0,0,0,0,0,0,0,0,0,0,0,0,0,0,0,0,0,0,0,0,0,0,0,0,0,0,0,0,0,0,0,0,0,0,0,0,0,0,0,0,0,0,0,0,0,0,0,0,0,0,0,0,0,0,0,0,0,0,0,0,0,0,0,0,0,0,0,0,0,0,0,0,0,0,0,0,0,0,0,0,0,0,0,0,0,0,0,0,0,0,0,0,0,0,0,0,0,0,0,0,0,0,0,0,0,0,0,0,0,0,0,0,0,0,0,0,0,0,0,0,0,0,0,0,0,0,0,0,0,0,0,0,0,0,0,0,0,0,0,0,0,0,0,0,0,0,0,0,0,0,0,0,0,0,0,0,0,0,0,0,0,0,0,0,0,0,0,0,0,0,0,0,0,0,0,0,0,0,0,0,0,0,0,0,0,0,0,0,0,0,0,0,0,0,0,0,0,0,0,0,0,0,0,0,0,0,0,0,0,0,0,0,0,0,0,0,0,0,0,0,0,0,0,0,0,0,0,0,0,0,0,0,0,0,0,0,0,0,0,0,0,0,0,0,0,0,0,0,0,0,0,0,0,0,0,0,0,0,0,0,0,0,0,0,0,0,0,0,0,0,0,0,0,0,0,0,0,0,0,0,0,0,0,0,0,0,0,0,0,0,0,0,0,0
"manyara/hanang/gendabi",0,0,0,0,0,0,0,0,0,0,0,0,0,0,0,0,0,0,0,0,0,0,0,0,0,0,0,0,0,0,0,0,0,0,0,0,0,0,0,0,0,0,0,0,0,0,0,0,0,0,0,0,0,0,0,0,0,0,0,0,0,0,0,0,0,0,0,0,0,0,0,0,0,0,0,0,0,0,0,0,0,0,0,0,0,0,0,0,0,0,0,0,0,0,0,0,0,0,0,0,0,0,0,0,0,0,0,0,0,0,0,0,0,0,0,0,0,0,0,0,0,0,0,0,0,0,0,0,0,0,0,0,0,0,0,0,0,0,0,0,0,0,0,0,0,0,0,0,0,0,0,0,0,0,0,0,0,0,0,0,0,0,0,0,0,0,0,0,0,0,0,0,0,0,0,0,0,0,0,0,0,0,0,0,0,0,0,0,0,0,0,0,0,0,0,0,0,0,0,0,0,0,0,0,0,0,0,0,0,0,0,0,0,0,0,0,0,0,0,0,0,0,0,0,0,0,0,0,0,0,0,0,0,0,0,0,0,0,0,0,0,0,0,0,0,0,0,0,0,0,0,0,0,0,0,0,0,0,0,0,0,0,0,0,0,0,0,0,0,0,0,0,0,0,0,0,0,0,0,0,0,0,0,0,0,0,0,0,0,0,0,0,0,0,0,0,0,0,0,0,0,0,0,0,0,0,0,0,0,0,0,0,0,0,0,0,0,0,0,0,0,0,0,0,0,0,0,0,0,0,0,0,0,0,0,0,0,0,0,0,0,0,0,0,0,0,0,0,0,0,0,0,0,0,0,0,0,0,0,0,0,0,0,0,0,0,0,0,0,0,0,0,0,0,0,0,0,0,0,0,0,0,0,0,0,0,0,0,0,0,0,0,0,0,0,0,0,0
"manyara/hanang/getanuwas",0,0,0,0,0,0,0,0,0,0,0,0,0,0,0,0,0,0,0,0,0,0,0,0,0,0,0,0,0,0,0,0,0,0,0,0,0,0,0,0,0,0,0,0,0,0,0,0,0,0,0,0,0,0,0,0,0,0,0,0,0,0,0,0,0,0,0,0,0,0,0,0,0,0,0,0,0,0,0,0,0,0,0,0,0,0,0,0,0,0,0,0,0,0,0,0,0,0,0,0,0,0,0,0,0,0,0,0,0,0,0,0,0,0,0,0,0,0,0,0,0,0,0,0,0,0,0,0,0,0,0,0,0,0,0,0,0,0,0,0,0,0,0,0,0,0,0,0,0,0,0,0,0,0,0,0,0,0,0,0,0,0,0,0,0,0,0,0,0,0,0,0,0,0,0,0,0,0,0,0,0,0,0,0,0,0,0,0,0,0,0,0,0,0,0,0,0,0,0,0,0,0,0,0,0,0,0,0,0,0,0,0,0,0,0,0,0,0,0,0,0,0,0,0,0,0,0,0,0,0,0,0,0,0,0,0,0,0,0,0,0,0,0,0,0,0,0,0,0,0,0,0,0,0,0,0,0,0,0,0,0,0,0,0,0,0,0,0,0,0,0,0,0,0,0,0,0,0,0,0,0,0,0,0,0,0,0,0,0,0,0,0,0,0,0,0,0,0,0,0,0,0,0,0,0,0,0,0,0,0,0,0,0,0,0,0,0,0,0,0,0,0,0,0,0,0,0,0,0,0,0,0,0,0,0,0,0,0,0,0,0,0,0,0,0,0,0,0,0,0,0,0,0,0,0,0,0,0,0,0,0,0,0,0,0,0,0,0,0,0,0,0,0,0,0,0,0,0,0,0,0,0,0,0,0,0,0,0,0,0,0,0,0,0,0,0,0,0
"manyara/mbulu/geterer",0,0,0,0,0,0,0,0,0,0,0,0,0,0,0,0,0,0,0,0,0,0,0,0,0,0,0,0,0,0,0,0,0,0,0,0,0,0,0,0,0,0,0,0,0,0,0,0,0,0,0,0,0,0,0,0,0,0,0,0,0,0,0,0,0,0,0,0,0,0,0,0,0,0,0,0,0,0,0,0,0,0,0,0,0,0,0,0,0,0,0,0,0,0,0,0,0,0,0,0,0,0,0,0,0,0,0,0,0,0,0,0,0,0,0,0,0,0,0,0,0,0,0,0,0,0,0,0,0,0,0,0,0,0,0,0,0,0,0,0,0,0,0,0,0,0,0,0,0,0,0,0,0,0,0,0,0,0,0,0,0,0,0,0,0,0,0,0,0,0,0,0,0,0,0,0,0,0,0,0,0,0,0,0,0,0,0,0,0,0,0,0,0,0,0,0,0,0,0,0,0,0,0,0,0,0,0,0,0,0,0,0,0,0,0,0,0,0,0,0,0,0,0,0,0,0,0,0,0,0,0,0,0,0,0,0,0,0,0,0,0,0,0,0,0,0,0,0,0,0,0,0,0,0,0,0,0,0,0,0,0,0,0,0,0,0,0,0,0,0,0,0,0,0,0,0,0,0,0,0,0,0,0,0,0,0,0,0,0,0,0,0,0,0,0,0,0,0,0,0,0,0,0,0,0,0,0,0,0,0,0,0,0,0,0,0,0,0,0,0,0,0,0,0,0,0,0,0,0,0,0,0,0,0,0,0,0,0,0,0,0,0,0,0,0,0,0,0,0,0,0,0,0,0,0,0,0,0,0,0,0,0,0,0,0,0,0,0,0,0,0,0,0,0,0,0,0,0,0,0,0,0,0,0,0,0,0,0,0,0,0,0,0,0,0,0,0,0
"manyara/hanang/gidahababieg",0,0,0,0,0,0,0,0,0,0,0,0,0,0,0,0,0,0,0,0,0,0,0,0,0,0,0,0,0,0,0,0,0,0,0,0,0,0,0,0,0,0,0,0,0,0,0,0,0,0,0,0,0,0,0,0,0,0,0,0,0,0,0,0,0,0,0,0,0,0,0,0,0,0,0,0,0,0,0,0,0,0,0,0,0,0,0,0,0,0,0,0,0,0,0,0,0,0,0,0,0,0,0,0,0,0,0,0,0,0,0,0,0,0,0,0,0,0,0,0,0,0,0,0,0,0,0,0,0,0,0,0,0,0,0,0,0,0,0,0,0,0,0,0,0,0,0,0,0,0,0,0,0,0,0,0,0,0,0,0,0,0,0,0,0,0,0,0,0,0,0,0,0,0,0,0,0,0,0,0,0,0,0,0,0,0,0,0,0,0,0,0,0,0,0,0,0,0,0,0,0,0,0,0,0,0,0,0,0,0,0,0,0,0,0,0,0,0,0,0,0,0,0,0,0,0,0,0,0,0,0,0,0,0,0,0,0,0,0,0,0,0,0,0,0,0,0,0,0,0,0,0,0,0,0,0,0,0,0,0,0,0,0,0,0,0,0,0,0,0,0,0,0,0,0,0,0,0,0,0,0,0,0,0,0,0,0,0,0,0,0,0,0,0,0,0,0,0,0,0,0,0,0,0,0,0,0,0,0,0,0,0,0,0,0,0,0,0,0,0,0,0,0,0,0,0,0,0,0,0,0,0,0,0,0,0,0,0,0,0,0,0,0,0,0,0,0,0,0,0,0,0,0,0,0,0,0,0,0,0,0,0,0,0,0,0,0,0,0,0,0,0,0,0,0,0,0,0,0,0,0,0,0,0,0,0,0,0,0,0,0,0,0,0,0,0,0,0
"manyara/babati/gidas",1.5e-05,5e-06,2e-06,3.4e-05,5.7e-05,7e-05,4e-06,4e-06,0.000289,0.009058,0.000269,1.8e-05,1.1e-05,0.000168,0.000147,1e-05,1.4e-05,0.000232,1.6e-05,5.6e-05,2e-06,1.1e-05,0.000258,1e-06,1e-06,0,0.000201,5e-06,1e-06,2e-06,6.2e-05,7e-06,1e-06,1e-06,1.7e-05,0.000136,1.6e-05,0.003181,2.2e-05,3.1e-05,1.3e-05,3.3e-05,0.000167,0.000617,4e-05,0.000308,6e-06,0.003962,0.001168,7e-06,1e-05,4e-06,4e-06,1.1e-05,0.009242,6.3e-05,2e-06,2.1e-05,7.6e-05,0.001236,3.9e-05,0.000112,6.1e-05,1.6e-05,0,0.000115,5.5e-05,5e-06,4.1e-05,0.002173,2e-06,7e-06,3e-06,9.7e-05,6.5e-05,6.6e-05,8e-06,1.6e-05,6e-06,7e-06,0.000138,0,1.4e-05,2.9e-05,0.000128,5e-06,0.000495,1.1e-05,0.000265,0.000285,5.8e-05,8e-06,0.00046,8e-05,3e-06,0.000464,2.9e-05,1e-06,0.000222,5.4e-05,8e-06,3e-06,5.1e-05,2.5e-05,7e-06,0.000259,5e-06,4.4e-05,1.7e-05,0.000411,2e-05,0.000132,0.00105,1e-06,2e-06,1e-06,0.00018,4e-06,0.000245,2.2e-05,1.2e-05,0.000421,2e-06,6e-06,1e-06,2.1e-05,0.000128,0.000861,6.1e-05,2e-06,1e-06,5e-05,0.000104,1e-05,0,9.2e-05,5e-06,2.9e-05,0.000477,7.1e-05,3.4e-05,1e-06,3.2e-05,7e-06,3e-06,8.4e-05,5.3e-05,0.000108,8.8e-05,2.9e-05,1e-06,1e-06,2e-06,2e-06,7.9e-05,0.001038,6e-06,8e-06,1.4e-05,0.003583,1.5e-05,0.000524,1e-06,4e-06,1.1e-05,1.4e-05,2.1e-05,1.7e-05,0.000187,9e-06,4.3e-05,0.000392,0.002744,4.7e-05,7e-06,0.000271,0.001276,1e-06,7.1e-05,6.6e-05,1e-06,6e-06,0.000165,1.2e-05,0.000443,0.00877,1e-06,2e-06,0.000227,6.8e-05,1.9e-05,0.000304,9.5e-05,1.6e-05,0.001398,8e-06,2e-06,3.4e-05,8.3e-05,2e-06,0.000285,8.9e-05,8.9e-05,1e-06,0.000117,9e-06,0.000773,0.000416,7.5e-05,2e-06,2e-06,3.2e-05,0.000246,1e-06,2e-06,2.1e-05,3e-06,0.001065,1e-05,6.2e-05,2e-05,1e-06,8e-05,2e-06,0.000275,6e-06,0.000379,3e-06,2.3e-05,6.1e-05,9e-05,1e-05,0.000296,0.000393,3.3e-05,0,2e-06,5.7e-05,8.6e-05,1e-06,3.3e-05,0.004678,1e-06,0.002004,1e-06,1e-06,5e-06,0.000135,3.9e-05,1.9e-05,0.000887,0.000931,3e-06,0.000245,5.7e-05,4.2e-05,2e-06,8e-06,1e-06,1e-06,1e-06,3.3e-05,3e-06,1e-06,0.000344,5e-06,2e-05,0.000317,1.8e-05,0.000179,0.000254,0.000211,1e-06,1e-06,0.000666,3e-06,4.9e-05,0.000179,1.1e-05,1.7e-05,1.3e-05,1e-06,0.001872,3.5e-05,5e-06,1e-04,3.3e-05,4e-06,4.8e-05,1e-06,2.5e-05,1.6e-05,4e-06,0.000719,1.8e-05,3.1e-05,0.000278,5e-06,4.8e-05,7.8e-05,1e-06,0,1e-06,1.9e-05,7e-06,0.001818,2e-05,3e-06,2e-06,2e-06,0.000276,4.2e-05,2.5e-05,1e-06,1.2e-05,2e-06,3e-06,0.000562,0.000372,0.000416,5.2e-05,0.000304,3.8e-05,0.000152,0.002175,7.6e-05,9.4e-05,7e-06,8e-06,6.1e-05,9.1e-05,3.8e-05,0.002083,0.000208,0.00018,7e-06,6e-06,1e-05,0.000612,6.9e-05,2e-06,1e-06,2e-06,0.000235,0.000205,3.8e-05,2e-05,9.8e-05,0.000143,2.7e-05,4e-06,8.9e-05,8e-06,0.00111,0.000167,0.000128,0.000146,7e-06,3e-06,1.8e-05,6.1e-05,0.000116,8.7e-05,4.7e-05,6e-06,0.00071,0.000213,0.000468,7e-06,6.8e-05,7e-06,0,2e-06,1.2e-05,3e-06,5.2e-05,7.1e-05,2e-06,0.000312,7e-06,1e-06,1.8e-05,0.000746,0.000253,3e-06,2e-05,1e-06,0.000173,3.1e-05,1e-06,0.000275,1e-06,1e-06,3e-06,0,1e-06,1.4e-05,5e-06
"manyara/mbulu/gidihim",0,0,0,0,0,0,0,0,0,0,0,0,0,0,0,0,0,0,0,0,0,0,0,0,0,0,0,0,0,0,0,0,0,0,0,0,0,0,0,0,0,0,0,0,0,0,0,0,0,0,0,0,0,0,0,0,0,0,0,0,0,0,0,0,0,0,0,0,0,0,0,0,0,0,0,0,0,0,0,0,0,0,0,0,0,0,0,0,0,0,0,0,0,0,0,0,0,0,0,0,0,0,0,0,0,0,0,0,0,0,0,0,0,0,0,0,0,0,0,0,0,0,0,0,0,0,0,0,0,0,0,0,0,0,0,0,0,0,0,0,0,0,0,0,0,0,0,0,0,0,0,0,0,0,0,0,0,0,0,0,0,0,0,0,0,0,0,0,0,0,0,0,0,0,0,0,0,0,0,0,0,0,0,0,0,0,0,0,0,0,0,0,0,0,0,0,0,0,0,0,0,0,0,0,0,0,0,0,0,0,0,0,0,0,0,0,0,0,0,0,0,0,0,0,0,0,0,0,0,0,0,0,0,0,0,0,0,0,0,0,0,0,0,0,0,0,0,0,0,0,0,0,0,0,0,0,0,0,0,0,0,0,0,0,0,0,0,0,0,0,0,0,0,0,0,0,0,0,0,0,0,0,0,0,0,0,0,0,0,0,0,0,0,0,0,0,0,0,0,0,0,0,0,0,0,0,0,0,0,0,0,0,0,0,0,0,0,0,0,0,0,0,0,0,0,0,0,0,0,0,0,0,0,0,0,0,0,0,0,0,0,0,0,0,0,0,0,0,0,0,0,0,0,0,0,0,0,0,0,0,0,0,0,0,0,0,0,0,0,0,0,0,0,0,0,0,0,0,0,0,0,0,0,0,0,0,0,0,0,0,0,0,0,0,0,0,0,0
"manyara/hanang/gisambalang",0.000124,4.3e-05,1.7e-05,0.000246,0.00012,0.000693,1.6e-05,1.9e-05,0.000156,0.0169,0.000381,0.00117,9.1e-05,0.001394,0.001166,5e-05,6.4e-05,0.000668,0.000131,0.000608,2.1e-05,7.3e-05,0.000171,1.3e-05,1.6e-05,4e-06,0.000205,2.5e-05,1.4e-05,2.4e-05,0.000784,0.000116,9e-06,1.1e-05,8.3e-05,0.000386,0.000133,0.005228,7.8e-05,0.000333,8.2e-05,0.001673,0.00188,0.002204,0.000507,0.000191,5.3e-05,0.031407,0.00678,3.2e-05,3.1e-05,3e-05,2.6e-05,9.5e-05,0.010724,0.000178,2.1e-05,7.7e-05,0.000801,0.00778,0.000274,0.000656,0.000553,0.000272,0,0.000927,0.00042,4.4e-05,0.000243,0.005998,1.6e-05,0.000111,2.4e-05,0.000444,0.001466,0.000455,7.1e-05,0.000179,9.7e-05,8.5e-05,0.00015,0.000868,8e-05,0,0.00076,2e-05,0.00473,0.000101,0.002152,0.002361,0.000283,9.2e-05,0.004895,0.00068,2.9e-05,0.002233,0.000279,6e-06,0.002266,0.000565,3.5e-05,2.6e-05,0.000608,0.000205,6.8e-05,0.002699,2.8e-05,0.00044,0.00016,0.001892,0.000197,0.001388,0.014445,5e-06,2.1e-05,1.6e-05,0.001692,6.1e-05,0.002485,0.000223,8.3e-05,0.00428,1.6e-05,6.2e-05,7e-06,0.000252,0.001262,0.005461,0.000524,1.7e-05,1.4e-05,0.000369,0.001088,0.000101,5e-06,0.000755,4.1e-05,0.000298,0.004759,0.000705,0.00031,1.4e-05,0.000261,6.6e-05,3e-05,0.000903,0.000101,0.001109,0.000909,0.000306,1.4e-05,1.4e-05,2.4e-05,2.2e-05,0.000923,0.007876,4.5e-05,5.3e-05,0.000165,0.035207,0.000165,0.002692,6e-06,4.5e-05,0.000162,0.001375,0.00022,0.000155,0.001508,9.7e-05,0.000443,0.00189,0.022034,0.000488,6.9e-05,0.001372,0.005079,1.3e-05,0.000714,0.000873,8e-06,6.5e-05,0.001931,0.000124,0.004405,0.123213,9e-06,1.7e-05,0.002253,0.000671,0.00019,0.000991,0.00032,1e-04,0.003387,0.000129,1.6e-05,7.8e-05,0.000842,1e-05,0.002527,0.000872,0.000718,1.2e-05,0.001239,8.9e-05,0.008107,0.0018,0.000723,2e-05,1.7e-05,8.5e-05,0.002636,7e-06,1.5e-05,0.000245,1.7e-05,0.011407,0.000103,0.000647,0.000104,1.2e-05,0.000144,1.7e-05,0.002658,5.9e-05,0.003736,3.3e-05,0.00014,0.000293,0.000119,4.1e-05,0.003,0.003007,0.00061,1e-06,1.9e-05,0.000345,0.000437,1.4e-05,0.000291,0.046201,7e-06,0.015113,1.1e-05,1.3e-05,4.6e-05,0.001118,0.00075,0.00014,0.007254,0.005331,1.9e-05,0.002011,0.000597,0.000496,1.9e-05,8.5e-05,1.1e-05,1.5e-05,1.1e-05,0.000227,1.5e-05,1.4e-05,0.001535,5.3e-05,7.5e-05,0.00247,4.2e-05,0.000723,0.002054,0.002206,1.4e-05,1.5e-05,0.007015,3.6e-05,0.000577,0.00112,4.5e-05,0.000132,0.000125,1.2e-05,0.018781,0.000144,5.2e-05,0.000124,0.000392,4e-05,0.000224,1.3e-05,0.000309,0.000158,4.4e-05,0.005959,0.000187,0.000304,0.001772,3.8e-05,0.000485,0.000593,7e-06,5e-06,1.2e-05,0.000207,0.000101,0.006008,0.000169,2.2e-05,1.3e-05,1.6e-05,0.001536,0.000261,0.000413,1.1e-05,0.000122,1.5e-05,2.2e-05,0.003528,0.00395,0.002231,0.000384,0.002531,0.000357,0.001542,0.012538,0.000587,0.00071,6e-05,9.3e-05,0.000495,0.000757,0.000309,0.013989,0.002254,0.001301,7.1e-05,6.3e-05,9.6e-05,0.005241,0.000282,1.6e-05,1.1e-05,1.6e-05,0.000174,0.002226,0.000463,0.000208,0.000829,0.001568,0.000288,1.8e-05,0.000849,6.7e-05,0.009055,0.000843,9e-04,0.000875,7.5e-05,2.8e-05,0.000182,0.00011,0.000442,0.00012,0.000539,6.1e-05,0.005909,0.001204,0.003752,0.000129,6e-04,6.9e-05,5e-06,1.9e-05,0.000126,3.2e-05,0.000408,0.000338,1.4e-05,0.002159,3.3e-05,8e-06,7.7e-05,0.007914,0.001762,1.6e-05,0.000161,1.5e-05,0.001742,0.000321,1.1e-05,0.002371,1.3e-05,1.6e-05,3.2e-05,5e-06,8e-06,6.4e-05,3.7e-05
"manyara/hanang/giting",0,0,0,0,0,0,0,0,0,0,0,0,0,0,0,0,0,0,0,0,0,0,0,0,0,0,0,0,0,0,0,0,0,0,0,0,0,0,0,0,0,0,0,0,0,0,0,0,0,0,0,0,0,0,0,0,0,0,0,0,0,0,0,0,0,0,0,0,0,0,0,0,0,0,0,0,0,0,0,0,0,0,0,0,0,0,0,0,0,0,0,0,0,0,0,0,0,0,0,0,0,0,0,0,0,0,0,0,0,0,0,0,0,0,0,0,0,0,0,0,0,0,0,0,0,0,0,0,0,0,0,0,0,0,0,0,0,0,0,0,0,0,0,0,0,0,0,0,0,0,0,0,0,0,0,0,0,0,0,0,0,0,0,0,0,0,0,0,0,0,0,0,0,0,0,0,0,0,0,0,0,0,0,0,0,0,0,0,0,0,0,0,0,0,0,0,0,0,0,0,0,0,0,0,0,0,0,0,0,0,0,0,0,0,0,0,0,0,0,0,0,0,0,0,0,0,0,0,0,0,0,0,0,0,0,0,0,0,0,0,0,0,0,0,0,0,0,0,0,0,0,0,0,0,0,0,0,0,0,0,0,0,0,0,0,0,0,0,0,0,0,0,0,0,0,0,0,0,0,0,0,0,0,0,0,0,0,0,0,0,0,0,0,0,0,0,0,0,0,0,0,0,0,0,0,0,0,0,0,0,0,0,0,0,0,0,0,0,0,0,0,0,0,0,0,0,0,0,0,0,0,0,0,0,0,0,0,0,0,0,0,0,0,0,0,0,0,0,0,0,0,0,0,0,0,0,0,0,0,0,0,0,0,0,0,0,0,0,0,0,0,0,0,0,0,0,0,0,0,0,0,0,0,0,0,0,0,0,0,0,0,0,0,0,0,0,0,0
"manyara/mbulu/gunyoda",0,0,0,0,0,0,0,0,0,0,0,0,0,0,0,0,0,0,0,0,0,0,0,0,0,0,0,0,0,0,0,0,0,0,0,0,0,0,0,0,0,0,0,0,0,0,0,0,0,0,0,0,0,0,0,0,0,0,0,0,0,0,0,0,0,0,0,0,0,0,0,0,0,0,0,0,0,0,0,0,0,0,0,0,0,0,0,0,0,0,0,0,0,0,0,0,0,0,0,0,0,0,0,0,0,0,0,0,0,0,0,0,0,0,0,0,0,0,0,0,0,0,0,0,0,0,0,0,0,0,0,0,0,0,0,0,0,0,0,0,0,0,0,0,0,0,0,0,0,0,0,0,0,0,0,0,0,0,0,0,0,0,0,0,0,0,0,0,0,0,0,0,0,0,0,0,0,0,0,0,0,0,0,0,0,0,0,0,0,0,0,0,0,0,0,0,0,0,0,0,0,0,0,0,0,0,0,0,0,0,0,0,0,0,0,0,0,0,0,0,0,0,0,0,0,0,0,0,0,0,0,0,0,0,0,0,0,0,0,0,0,0,0,0,0,0,0,0,0,0,0,0,0,0,0,0,0,0,0,0,0,0,0,0,0,0,0,0,0,0,0,0,0,0,0,0,0,0,0,0,0,0,0,0,0,0,0,0,0,0,0,0,0,0,0,0,0,0,0,0,0,0,0,0,0,0,0,0,0,0,0,0,0,0,0,0,0,0,0,0,0,0,0,0,0,0,0,0,0,0,0,0,0,0,0,0,0,0,0,0,0,0,0,0,0,0,0,0,0,0,0,0,0,0,0,0,0,0,0,0,0,0,0,0,0,0,0,0,0,0,0,0,0,0,0,0,0,0,0,0,0,0,0,0,0,0,0,0,0,0,0,0,0,0,0,0,0,0
"kilimanjaro/hai/haimjini",1e-06,0,0,0,0,1.7e-05,0,0,0,0,0,0,1e-06,9e-06,0,0,0,0,0,0,0,3e-06,0,1e-06,0,0,0,0,0,0,5e-06,0,0,0,0,0,1e-06,0,0,0,0,0,0,0,0,0,0,0.000133,2e-06,0,0,0,0,0,0,0,0,0,0,1e-06,0,0,1e-06,0,0,5e-06,1e-06,0,0,0,0,0,1e-06,0,0,0,0,0,0,0,0,0,0,0,0,0,0,0,0,1e-06,0,0,4.1e-05,4e-06,0,0,1.2e-05,0,3.8e-05,7e-06,0,0,0,1e-06,3e-06,1.9e-05,0,2.9e-05,3e-06,0,9e-06,1.6e-05,0,0,0,0,0.000304,0,8.4e-05,7e-06,4e-06,0.000124,0,0,0,0,0,0.000185,7e-06,0,0,5e-06,1e-05,5e-06,0,4e-06,0,8e-06,1e-05,5.1e-05,1.8e-05,0,1e-06,4e-06,0,4e-06,0,2.2e-05,1.8e-05,5e-06,0,0,0,0,1e-06,1.6e-05,0,0,0,0.001791,1e-06,2e-06,0,0,0,0,2e-06,4e-06,7e-06,0,0,1e-06,0.000102,1e-06,2e-06,0,2e-06,0,3.8e-05,0,0,0,1e-06,4e-06,0.000223,0.016879,0,1e-06,0.000192,5.3e-05,1.6e-05,0,0,0,0,0,0,0,3.5e-05,0,5.2e-05,0,1e-06,0,1.4e-05,4e-06,8.7e-05,1e-06,0,0,0,0,2.1e-05,0,0,0,0,7.9e-05,2e-06,9e-06,0,0,0,1e-06,0.000748,4e-06,0.000186,4e-06,0,0,0,0,2e-06,8e-06,0,0,1e-06,4e-06,0,0,5e-06,3.8e-05,0,4.3e-05,0,1e-06,2e-06,8e-06,0,0,3.6e-05,9e-06,0,1.2e-05,6e-06,0,0,1e-06,0,0,0,3e-06,0,0,0,0,0,5e-06,0,0,6e-06,1.6e-05,0,0,7.5e-05,0,0,1e-06,0,0,2e-06,0,3.7e-05,0,0,0,0,0,0,1e-06,0,2e-06,0,4.8e-05,6e-06,6e-06,1.8e-05,0,2e-06,0,0,0,1e-06,0,0,1e-06,1e-06,0,0,1e-06,5e-06,0,0,0,3e-06,0,0,2e-05,3.7e-05,6e-06,1e-06,9e-06,5.4e-05,1e-05,5.3e-05,0,0,0,0,2e-06,4e-06,1e-06,3.5e-05,1e-06,1e-06,0,3e-06,0,5.6e-05,0,0,0,0,0,3e-06,0,0,4e-06,3e-06,0,0,3.2e-05,1e-06,4.6e-05,0,1e-06,4e-06,0,0,1.1e-05,0,0,0,0,0,3.6e-05,5e-06,1.5e-05,0,7e-06,4e-06,0,0,0,0,2e-06,0,0,1.1e-05,0,0,0,6.7e-05,0,0,1e-06,0,7.8e-05,9e-06,0,3.1e-05,0,0,0,0,0,0,0
"manyara/mbulu/hayderer",0,0,0,0,0,0,0,0,0,0,0,0,0,0,0,0,0,0,0,0,0,0,0,0,0,0,0,0,0,0,0,0,0,0,0,0,0,0,0,0,0,0,0,0,0,0,0,0,0,0,0,0,0,0,0,0,0,0,0,0,0,0,0,0,0,0,0,0,0,0,0,0,0,0,0,0,0,0,0,0,0,0,0,0,0,0,0,0,0,0,0,0,0,0,0,0,0,0,0,0,0,0,0,0,0,0,0,0,0,0,0,0,0,0,0,0,0,0,0,0,0,0,0,0,0,0,0,0,0,0,0,0,0,0,0,0,0,0,0,0,0,0,0,0,0,0,0,0,0,0,0,0,0,0,0,0,0,0,0,0,0,0,0,0,0,0,0,0,0,0,0,0,0,0,0,0,0,0,0,0,0,0,0,0,0,0,0,0,0,0,0,0,0,0,0,0,0,0,0,0,0,0,0,0,0,0,0,0,0,0,0,0,0,0,0,0,0,0,0,0,0,0,0,0,0,0,0,0,0,0,0,0,0,0,0,0,0,0,0,0,0,0,0,0,0,0,0,0,0,0,0,0,0,0,0,0,0,0,0,0,0,0,0,0,0,0,0,0,0,0,0,0,0,0,0,0,0,0,0,0,0,0,0,0,0,0,0,0,0,0,0,0,0,0,0,0,0,0,0,0,0,0,0,0,0,0,0,0,0,0,0,0,0,0,0,0,0,0,0,0,0,0,0,0,0,0,0,0,0,0,0,0,0,0,0,0,0,0,0,0,0,0,0,0,0,0,0,0,0,0,0,0,0,0,0,0,0,0,0,0,0,0,0,0,0,0,0,0,0,0,0,0,0,0,0,0,0,0,0,0,0,0,0,0,0,0,0,0,0,0,0,0,0,0,0,0,0,0
"manyara/mbulu/haydom",1.5e-05,1e-05,2e-06,7.7e-05,1.5e-05,7.5e-05,5e-06,5e-06,7e-06,0.001357,2.9e-05,1.6e-05,1.1e-05,0.000171,0.001199,1.6e-05,7.9e-05,0.000192,0.000225,0.000546,2e-06,1.3e-05,6e-06,2e-06,2e-06,0,1.1e-05,7e-06,1e-06,2e-06,5.6e-05,4e-06,1e-06,1e-06,4.2e-05,6.5e-05,1.6e-05,0.000944,3.7e-05,6e-05,8.2e-05,1e-05,0.000161,0.001528,3e-05,1.1e-05,9e-06,0.004014,0.000593,1.5e-05,1.5e-05,1.2e-05,7e-06,0.000285,0.000611,1e-05,2e-06,5e-06,6.4e-05,0.004456,5.9e-05,0.000173,7.9e-05,1.3e-05,0,0.000111,5.8e-05,0.000143,4.6e-05,0.000496,5e-06,4e-06,3e-06,0.000116,0.000152,0.000109,1.3e-05,2.1e-05,0.000113,0.000905,4e-06,4.1e-05,4.7e-05,1.1e-05,5.5e-05,1.1e-05,0.000546,0.000137,0,0.000308,6e-06,0.000261,0.000553,8.7e-05,5e-06,0.000773,3.4e-05,1e-06,0.000248,6.2e-05,9e-06,1.6e-05,5.9e-05,2.5e-05,8e-06,0.000343,1e-05,5e-05,2e-05,0.000707,2.4e-05,0.000164,0.00055,1e-06,2e-06,2e-06,0.000192,3e-06,0.000284,2.7e-05,1.4e-05,0.000507,2e-06,7e-06,1e-06,2.4e-05,0.000112,0.000913,6e-05,2e-06,2e-06,5.9e-05,0.000119,1.2e-05,0,9.3e-05,5e-06,3.4e-05,0.000687,8.2e-05,3.7e-05,1e-06,3.3e-05,8e-06,3e-06,9.5e-05,2.2e-05,0.000125,0.000104,3.5e-05,2e-06,1e-06,3e-06,2e-06,9.4e-05,0.001034,8e-06,1.2e-05,1.2e-05,0.004107,1.8e-05,0.000328,1e-06,5e-06,6.2e-05,1.3e-05,2.3e-05,1.9e-05,0.000183,1e-05,4e-05,0.000416,0.002782,4.3e-05,8e-06,0.000112,0.000786,2e-06,8.2e-05,5.8e-05,1e-06,1.3e-05,0.000174,1.4e-05,0.000526,0.009895,1e-06,2e-06,0.000264,8e-05,2.1e-05,0.000211,0.000103,0.000455,0.000515,7e-06,2e-06,8e-06,9.6e-05,2e-06,0.000302,3.9e-05,9.4e-05,1e-06,0.000144,1.1e-05,0.000911,0.000394,0.000167,2e-06,2e-06,1e-05,3e-04,1e-06,8e-06,2.4e-05,6e-06,0.00135,1.2e-05,7.4e-05,0.000187,1e-06,1.2e-05,2e-06,0.000311,7e-06,0.000449,4e-06,7e-05,1.1e-05,7e-06,3.4e-05,0.000489,0.000372,2.2e-05,0,2e-06,5.4e-05,0.000131,2e-06,3.2e-05,0.003834,1e-06,0.002185,1e-06,2e-06,5e-06,0.000132,3.4e-05,1.7e-05,0.000911,0.001113,3e-06,0.000243,7.4e-05,4.7e-05,2e-06,9e-06,1e-06,1e-06,1e-06,3.4e-05,2e-06,1e-06,0.000465,8e-06,1.8e-05,0.00033,4e-06,9.2e-05,0.000277,0.000234,2e-06,1e-06,0.000799,4e-06,5.5e-05,0.000129,1e-05,3e-05,1.3e-05,2e-06,0.00272,3.9e-05,4e-06,1.2e-05,8e-06,5e-06,7e-05,2e-06,1.5e-05,2e-05,4e-06,0.000687,2.1e-05,3.8e-05,0.000321,5e-06,4.7e-05,0.000192,1e-06,1e-06,1e-06,2e-05,4e-06,0.001333,2.1e-05,3e-06,2e-06,2e-06,0.000272,0.000106,1.3e-05,1e-06,1.4e-05,5e-06,5e-06,0.000663,0.000468,0.00036,4e-05,0.000337,4.2e-05,0.000201,0.002298,0.000163,0.000193,7e-06,1.8e-05,6.3e-05,9.5e-05,4e-05,0.002864,0.000411,0.000142,5e-06,7e-06,1.8e-05,0.000635,1.3e-05,5e-06,1e-06,4e-06,1.8e-05,0.000205,4e-05,4e-05,0.000108,0.000153,5.4e-05,5e-06,0.000104,8e-06,0.001129,0.000212,0.000126,0.000123,8e-06,3e-06,2.1e-05,1.1e-05,8e-06,8e-06,4e-06,1.2e-05,0.000736,0.000209,0.000467,6e-06,7.4e-05,8e-06,0,2e-06,1.1e-05,4e-06,4.8e-05,4.5e-05,2e-06,0.000413,1.3e-05,1e-06,2.5e-05,0.000948,0.000638,5e-06,2e-05,2e-06,0.000202,3.7e-05,1e-06,0.000282,1e-06,1e-06,3e-06,0,1e-06,2.7e-05,4.1e-05
"kilimanjaro/same/hedaru",2e-06,0,1e-06,2e-06,0,4.2e-05,0,0,0,1e-05,0,0,2e-06,2.3e-05,2e-06,0,0,0,0,0,7.1e-05,3e-06,0,1e-06,3.8e-05,0,0,0,0,0.000191,1e-05,0,2.6e-05,2e-06,0,0,2e-06,2e-06,0,3e-06,0,0,3e-05,2e-06,3e-06,0,0,0.000458,4e-05,0,0,0,0,0,2e-06,0,1e-06,0,0.000143,3.8e-05,5e-06,7e-06,7e-06,2e-06,0,1.5e-05,4e-06,0,1e-06,1.2e-05,0,0,1e-06,1e-06,0,6e-06,1e-06,0,0,0,0,0,0,0,0,0,0.000165,0,2e-06,0,0,0,0.000342,1.1e-05,0,2e-06,8e-06,1e-06,0.000158,4.1e-05,0,0,0.001095,3e-06,3e-06,7.1e-05,0,1.9e-05,3e-06,9e-06,6e-06,6e-05,1e-06,0,1e-06,1e-06,5.7e-05,0,0.00012,8e-06,4e-06,0.000165,2e-06,9e-06,1e-06,0.001096,4.3e-05,0.000191,1.1e-05,1e-06,1e-06,3.3e-05,9.3e-05,5e-06,1e-06,1.2e-05,1e-06,1.5e-05,6.9e-05,2.8e-05,8e-06,0.000188,4e-06,3e-06,1e-06,0.000142,0,6.5e-05,4.6e-05,1.8e-05,1e-06,2e-06,1e-06,1.5e-05,0.000566,8.8e-05,3e-06,1e-06,1.6e-05,0.001666,1.6e-05,5.7e-05,0,9e-06,0,0,2.2e-05,3e-06,2.3e-05,1.5e-05,1.3e-05,1.8e-05,0.000331,0.000133,2e-06,1.3e-05,3.8e-05,0,3.1e-05,3.8e-05,3e-05,0,0.01997,7e-06,0.000149,0.003553,0,1e-06,8.2e-05,2.2e-05,9e-06,0,1e-06,0,7e-06,1e-06,1e-06,0,4e-05,0,5.6e-05,6e-06,0.004319,0,6.2e-05,2e-06,0.000571,1.3e-05,4e-06,1e-06,1e-06,0,0.000169,0,0,0.000298,0,0.000552,5e-06,3.6e-05,0,0,0,1e-06,8.8e-05,2e-06,0.000117,1e-06,0,0,0,0,3.1e-05,3.8e-05,2e-06,0,1e-06,1.2e-05,3e-06,1e-06,9e-06,0.000234,0,0.005262,1.3e-05,1e-06,2e-06,2e-05,0,2e-06,0.00011,7.7e-05,0,3.3e-05,1.9e-05,0.00272,1e-06,1e-05,1e-06,1.8e-05,1.8e-05,2.2e-05,0,4.2e-05,8e-06,1e-06,0,2.8e-05,0,1e-06,2.5e-05,0.000242,2e-06,2e-05,0.000438,2e-06,0.00314,7.2e-05,0,1e-06,6e-06,0,0.000283,0,1e-06,0,0,2e-06,0,0,4e-06,4e-06,0.00015,0.000117,9e-06,7e-06,4.6e-05,1e-06,6.1e-05,2e-06,0,1e-06,1e-06,7.2e-05,1e-06,2.1e-05,3e-06,0,0,1e-06,2.9e-05,2e-06,1e-06,1e-06,6e-06,0,0,7.9e-05,0.000174,4.5e-05,5e-06,3.4e-05,1e-05,3.3e-05,0.000252,6e-06,8e-06,1e-06,1e-06,7e-06,1.2e-05,4e-06,0.000279,1.9e-05,0.000207,1e-06,3e-06,1e-06,1e-04,0,0,0,0,0,0.001371,0.000501,2e-06,1.2e-05,0.000759,2e-06,0,2.2e-05,1e-06,0.000139,7e-06,7e-06,4e-05,1e-05,1e-06,8e-06,0,0,0,0,0,9.5e-05,2.5e-05,5.4e-05,1e-06,1.1e-05,3e-06,3e-06,0.000123,3e-06,1e-06,6e-06,5e-06,0,5.5e-05,0,2e-06,0,0.00033,0,0,2e-06,1e-06,7.4e-05,1.4e-05,0,4.9e-05,1e-06,2.6e-05,6.3e-05,2e-06,6.3e-05,0,0
"manyara/hanang/hidet",0,0,0,0,0,0,0,0,0,0,0,0,0,0,0,0,0,0,0,0,0,0,0,0,0,0,0,0,0,0,0,0,0,0,0,0,0,0,0,0,0,0,0,0,0,0,0,0,0,0,0,0,0,0,0,0,0,0,0,0,0,0,0,0,0,0,0,0,0,0,0,0,0,0,0,0,0,0,0,0,0,0,0,0,0,0,0,0,0,0,0,0,0,0,0,0,0,0,0,0,0,0,0,0,0,0,0,0,0,0,0,0,0,0,0,0,0,0,0,0,0,0,0,0,0,0,0,0,0,0,0,0,0,0,0,0,0,0,0,0,0,0,0,0,0,0,0,0,0,0,0,0,0,0,0,0,0,0,0,0,0,0,0,0,0,0,0,0,0,0,0,0,0,0,0,0,0,0,0,0,0,0,0,0,0,0,0,0,0,0,0,0,0,0,0,0,0,0,0,0,0,0,0,0,0,0,0,0,0,0,0,0,0,0,0,0,0,0,0,0,0,0,0,0,0,0,0,0,0,0,0,0,0,0,0,0,0,0,0,0,0,0,0,0,0,0,0,0,0,0,0,0,0,0,0,0,0,0,0,0,0,0,0,0,0,0,0,0,0,0,0,0,0,0,0,0,0,0,0,0,0,0,0,0,0,0,0,0,0,0,0,0,0,0,0,0,0,0,0,0,0,0,0,0,0,0,0,0,0,0,0,0,0,0,0,0,0,0,0,0,0,0,0,0,0,0,0,0,0,0,0,0,0,0,0,0,0,0,0,0,0,0,0,0,0,0,0,0,0,0,0,0,0,0,0,0,0,0,0,0,0,0,0,0,0,0,0,0,0,0,0,0,0,0,0,0,0,0,0,0,0,0,0,0,0,0,0,0,0,0,0,0,0,0,0,0,0,0
"manyara/hanang/hirbadaw",0.000144,8.4e-05,2e-05,0.000702,0.000113,0.000768,3.1e-05,3.5e-05,6.4e-05,0.011166,0.00024,0.000232,0.000109,0.00163,0.006233,0.000103,0.000361,0.001372,0.001739,0.008088,2.1e-05,0.000124,5.6e-05,1.5e-05,1.7e-05,5e-06,9.5e-05,4.5e-05,7e-06,2.5e-05,0.000542,5.2e-05,9e-06,1.2e-05,0.00029,0.000535,0.000156,0.007176,0.00024,0.000582,0.000353,0.000127,0.00187,0.008274,0.000354,9.4e-05,7.8e-05,0.037046,0.005428,0.000101,9.1e-05,8.4e-05,4.9e-05,0.000786,0.005808,8.9e-05,2.2e-05,4.7e-05,0.00068,0.032875,0.000574,0.00151,0.000754,0.000146,0,0.001061,0.000532,0.000461,0.000363,0.004513,3.4e-05,4.1e-05,3e-05,0.000778,0.002706,0.00103,0.000117,0.000221,0.008669,0.001799,4.1e-05,0.00039,0.000246,0.000146,0.000526,6.9e-05,0.005455,0.000635,0.07667,0.003315,6.6e-05,0,0.005697,0.000829,4.6e-05,0.004778,0.000338,7e-06,0.002533,0.00064,6e-05,0.000109,0.000638,0.000242,7.9e-05,0.003462,6.3e-05,0.000511,0.000196,0.005222,0.000239,0.001681,0.006541,6e-06,2.5e-05,1.9e-05,0.001918,3e-05,0.002891,0.000269,0.000141,0.005131,1.8e-05,6.8e-05,8e-06,0.000258,0.001258,0.008925,0.000587,2e-05,1.6e-05,0.000606,0.001225,0.000117,5e-06,0.000886,4.9e-05,0.000348,0.006713,0.000827,0.000363,1.4e-05,0.000311,7.7e-05,3.6e-05,0.000988,0.000158,0.001278,0.001068,0.000355,1.7e-05,1.5e-05,2.9e-05,2.2e-05,0.000998,0.009482,7.8e-05,0.000111,0.000126,0.040621,0.000185,0.003177,7e-06,4.9e-05,0.001363,0.000214,0.000237,0.000186,0.001742,0.000104,0.000454,0.003572,0.025941,0.000454,8.5e-05,0.001118,0.006884,1.8e-05,0.000834,0.000652,8e-06,0.000124,0.001872,0.00014,0.005283,0.093786,1.1e-05,2.1e-05,0.002661,8e-04,0.000216,0.001425,0.000726,0.001229,0.004137,7.9e-05,1.9e-05,6.5e-05,0.000978,1.7e-05,0.002951,0.000419,0.001003,1.3e-05,0.001481,0.000107,0.009337,0.003283,0.001459,2.3e-05,2e-05,8.3e-05,0.003101,9e-06,5.2e-05,0.000261,3.6e-05,0.013817,0.000121,0.000761,0.000772,1.4e-05,0.000103,2e-05,0.003116,7.1e-05,0.004502,3.7e-05,0.000412,0.000106,6.2e-05,0.00018,0.004707,0.003467,0.000259,1e-06,2.3e-05,0.000528,0.001062,1.6e-05,0.000312,0.033414,8e-06,0.022553,1.1e-05,1.5e-05,5.4e-05,0.001269,0.000413,0.000154,0.008607,0.010152,2.5e-05,0.002317,0.000748,0.000507,2.3e-05,9.4e-05,1.2e-05,1.5e-05,1.2e-05,0.000344,1.8e-05,1.5e-05,0.003603,7.8e-05,0.00012,0.003047,3e-05,0.000727,0.00258,0.002414,1.6e-05,1.5e-05,0.008192,4.3e-05,0.000592,0.001313,6.9e-05,0.000246,0.000132,2.1e-05,0.026383,0.000253,4.3e-05,9.9e-05,8.5e-05,4.9e-05,0.000445,1.6e-05,0.000169,0.000201,4.6e-05,0.006613,0.000217,0.000379,0.003108,4.5e-05,0.000487,0.001423,8e-06,5e-06,1.4e-05,0.000215,4.7e-05,0.010285,0.000198,2.6e-05,1.6e-05,1.9e-05,0.002553,0.000856,0.000153,1.2e-05,0.000144,3.4e-05,5.3e-05,0.006347,0.004797,0.003399,0.000381,0.003176,0.000419,0.002009,0.021434,0.001564,0.001846,7e-05,0.000173,0.000595,0.000903,0.000378,0.027252,0.00399,0.001495,5.3e-05,7.3e-05,0.000166,0.006119,0.000125,3.4e-05,1.2e-05,2.8e-05,0.000149,0.002162,0.000431,0.000376,0.001024,0.001612,0.000517,3.4e-05,0.001031,7.8e-05,0.010661,0.001791,0.001116,0.00122,8.2e-05,3.3e-05,0.00021,8.7e-05,9e-05,6.6e-05,5e-05,0.000114,0.006997,0.001974,0.004401,7.3e-05,0.00072,8e-05,5e-06,1.9e-05,0.000127,3.9e-05,0.000456,0.000422,1.6e-05,0.004057,7.4e-05,8e-06,0.000153,0.009676,0.004399,3.1e-05,0.000189,1.8e-05,0.002048,0.00038,1.3e-05,0.002733,1.5e-05,1.6e-05,3.4e-05,5e-06,8e-06,0.000151,0.000185
"kilimanjaro/rombo/holili",0,0,0,0,0,0,0,0,0,0,0,0,0,0,0,0,0,0,0,0,0,0,0,0,0,0,0,0,0,0,0,0,0,0,0,0,0,0,0,0,0,0,0,0,0,0,0,0,0,0,0,0,0,0,0,0,0,0,0,0,0,0,0,0,0,0,0,0,0,0,0,0,0,0,0,0,0,0,0,0,0,0,0,0,0,0,0,0,0,0,0,0,0,0,0,0,0,0,0,0,0,0,0,0,0,0,0,0,0,0,0,0,0,0,0,0,0,0,0,0,0,0,0,0,0,0,0,0,0,0,0,0,0,0,0,0,0,0,0,0,0,0,0,0,0,0,0,0,0,0,0,0,0,0,0,0,0,0,0,0,0,0,0,0,0,0,0,0,0,0,0,0,0,0,0,0,0,0,0,0,0,0,0,0,0,0,0,0,0,0,0,0,0,0,0,0,0,0,0,0,0,0,0,0,0,0,0,0,0,0,0,0,0,0,0,0,0,0,0,0,0,0,0,0,0,0,0,0,0,0,0,0,0,0,0,0,0,0,0,0,0,0,0,0,0,0,0,0,0,0,0,0,0,0,0,0,0,0,0,0,0,0,0,0,0,0,0,0,0,0,0,0,0,0,0,0,0,0,0,0,0,0,0,0,0,0,0,0,0,0,0,0,0,0,0,0,0,0,0,0,0,0,0,0,0,0,0,0,0,0,0,0,0,0,0,0,0,0,0,0,0,0,0,0,0,0,0,0,0,0,0,0,0,0,0,0,0,0,0,0,0,0,0,0,0,0,0,0,0,0,0,0,0,0,0,0,0,0,0,0,0,0,0,0,0,0,0,0,0,0,0,0,0,0,0,0,0,0,0,0,0,0,0,0,0,0,0,0,0,0,0,0,0,0,0,0,0,0
"arusha/arusha/ilkidinga",0,0,0,0,0,0,0,0,0,0,0,0,0,0,0,0,0,0,0,0,0,0,0,0,0,0,0,0,0,0,0,0,0,0,0,0,0,0,0,0,0,0,0,0,0,0,0,0,0,0,0,0,0,0,0,0,0,0,0,0,0,0,0,0,0,0,0,0,0,0,0,0,0,0,0,0,0,0,0,0,0,0,0,0,0,0,0,0,0,0,0,0,0,0,0,0,0,0,0,0,0,0,0,0,0,0,0,0,0,0,0,0,0,0,0,0,0,0,0,0,0,0,0,0,0,0,0,0,0,0,0,0,0,0,0,0,0,0,0,0,0,0,0,0,0,0,0,0,0,0,0,0,0,0,0,0,0,0,0,0,0,0,0,0,0,0,0,0,0,0,0,0,0,0,0,0,0,0,0,0,0,0,0,0,0,0,0,0,0,0,0,0,0,0,0,0,0,0,0,0,0,0,0,0,0,0,0,0,0,0,0,0,0,0,0,0,0,0,0,0,0,0,0,0,0,0,0,0,0,0,0,0,0,0,0,0,0,0,0,0,0,0,0,0,0,0,0,0,0,0,0,0,0,0,0,0,0,0,0,0,0,0,0,0,0,0,0,0,0,0,0,0,0,0,0,0,0,0,0,0,0,0,0,0,0,0,0,0,0,0,0,0,0,0,0,0,0,0,0,0,0,0,0,0,0,0,0,0,0,0,0,0,0,0,0,0,0,0,0,0,0,0,0,0,0,0,0,0,0,0,0,0,0,0,0,0,0,0,0,0,0,0,0,0,0,0,0,0,0,0,0,0,0,0,0,0,0,0,0,0,0,0,0,0,0,0,0,0,0,0,0,0,0,0,0,0,0,0,0,0,0,0,0,0,0,0,0,0,0,0,0,0,0,0,0,0,0,0
"arusha/longido/ilorienito",0,0,0,0,0,0,0,0,0,0,0,0,0,0,0,0,0,0,0,0,0,0,0,0,0,0,0,0,0,0,0,0,0,0,0,0,0,0,0,0,0,0,0,0,0,0,0,0,0,0,0,0,0,0,0,0,0,0,0,0,0,0,0,0,0,0,0,0,0,0,0,0,0,0,0,0,0,0,0,0,0,0,0,0,0,0,0,0,0,0,0,0,0,0,0,0,0,0,0,0,0,0,0,0,0,0,0,0,0,0,0,0,0,0,0,0,0,0,0,0,0,0,0,0,0,0,0,0,0,0,0,0,0,0,0,0,0,0,0,0,0,0,0,0,0,0,0,0,0,0,0,0,0,0,0,0,0,0,0,0,0,0,0,0,0,0,0,0,0,0,0,0,0,0,0,0,0,0,0,0,0,0,0,0,0,0,0,0,0,0,0,0,0,0,0,0,0,0,0,0,0,0,0,0,0,0,0,0,0,0,0,0,0,0,0,0,0,0,0,0,0,0,0,0,0,0,0,0,0,0,0,0,0,0,0,0,0,0,0,0,0,0,0,0,0,0,0,0,0,0,0,0,0,0,0,0,0,0,0,0,0,0,0,0,0,0,0,0,0,0,0,0,0,0,0,0,0,0,0,0,0,0,0,0,0,0,0,0,0,0,0,0,0,0,0,0,0,0,0,0,0,0,0,0,0,0,0,0,0,0,0,0,0,0,0,0,0,0,0,0,0,0,0,0,0,0,0,0,0,0,0,0,0,0,0,0,0,0,0,0,0,0,0,0,0,0,0,0,0,0,0,0,0,0,0,0,0,0,0,0,0,0,0,0,0,0,0,0,0,0,0,0,0,0,0,0,0,0,0,0,0,0,0,0,0,0,0,0,0,0,0,0,0,0,0,0,0,0
"manyara/mbulu/imboru",0.002306,0.001855,0.000201,0.006096,0.00276,0.008437,0.030253,0.032557,0.000886,0.258888,0.005598,0.000409,0.001779,0.026829,0.088397,0.098052,0.006332,0.00955,0.00096,0.002722,0.000168,0.001122,0.000692,0.00017,0.000138,5.3e-05,0.001648,0.006729,4.5e-05,0.000203,0.013574,0.00031,7.9e-05,0.000114,0.010645,0.002585,0.002741,0.079047,0.080567,0.006401,0.004384,0.000288,0.007838,0.124801,0.001435,0.001267,0.001576,0.449431,0.114623,0.006396,0.098486,0.003094,0.003442,0.003014,0.029478,0.000591,0.000304,0.001215,0.006392,0.307069,0.005083,0.023864,0.011747,0.000877,5e-06,0.018231,0.011522,0.001484,0.018239,0.064951,0.001583,0.00012,0.000372,0.238495,0.001715,0.010354,0.00204,0.000528,0.000486,0.001001,0.000303,0.002746,0.002968,0.000436,0.002383,0.037622,0.063742,0.001378,0.02899,0.018929,0.000348,0.000589,0.054111,0.013444,0.000872,0,0.004093,6.9e-05,0.026415,0.006553,0.025912,0.001425,0.005081,0.004229,0.000863,0.036079,0.009774,0.00571,0.00265,0.171317,0.002871,0.016959,0.012572,0.000103,0.000256,0.000187,0.023816,0.000196,0.030727,0.002957,0.001121,0.054073,0.000173,0.000657,7.3e-05,0.002063,0.006053,0.082885,0.008821,0.000204,0.000167,0.004369,0.012253,0.001296,4.9e-05,0.01495,0.000863,0.003697,0.078362,0.009297,0.004824,0.000115,0.005494,0.000865,0.000356,0.009387,0.006077,0.013308,0.011129,0.003673,0.000174,0.000146,0.000284,0.000198,0.008309,0.17404,0.000539,0.001307,0.001044,0.343708,0.001815,0.036069,7.9e-05,0.00046,0.000418,0.000349,0.002456,0.002562,0.029973,0.001024,0.002103,0.072776,0.345456,0.004376,0.001021,0.011037,0.130687,0.00023,0.009215,0.00467,6.7e-05,0.001404,0.01522,0.001527,0.058256,0.733132,0.000122,0.000233,0.030011,0.009288,0.002469,0.038945,0.074273,0.00225,0.12579,0.000461,0.000189,0.002649,0.010659,0.000782,0.041456,0.004108,0.006008,0.000178,0.014809,0.001384,0.088448,0.082121,0.022555,0.000235,0.000207,0.001785,0.02979,8.8e-05,0.002123,0.002112,0.010728,0.123843,0.001252,0.007731,0.002449,0.000196,0.001226,0.000238,0.036709,0.000858,0.050857,0.000435,0.055655,0.000545,0.000587,0.014353,0.056214,0.065088,0.001511,1.4e-05,0.000245,0.005485,0.025306,0.000159,0.004245,0.667456,8.6e-05,0.137515,9.8e-05,0.000168,0.000589,0.020584,9e-04,0.003192,0.135638,0.131871,0.000544,0.038208,0.00789,0.004169,0.000226,0.000921,0.000136,0.00013,9.9e-05,0.002721,0.000814,0.000123,0.114191,0.001105,0.014033,0.059449,0.00101,0.040101,0.047395,0.023926,0.000154,0.00013,0.077986,0.000431,0.004792,0.010967,0.01841,0.007294,0.001621,0.00047,0.257605,0.074957,0.000193,0.001659,0.000333,0.000499,0.005106,0.000201,0.001353,0.002362,0.000371,0.098235,0.002349,0.004586,0.031368,0.000806,0.005109,0.04444,7.6e-05,5.1e-05,0.000159,0.002004,0.000325,0.35554,0.00323,0.000394,0.000253,0.00021,0.033316,0.012036,0.00099,0.000133,0.001533,0.001596,0.000422,0.066,0.046677,0.043554,0.007076,0.054146,0.005278,0.022681,0.226725,0.011089,0.013808,0.001208,0.001558,0.010712,0.015197,0.006956,0.223983,0.039835,0.010126,0.000249,0.000808,0.002267,0.089311,0.002189,0.001925,0.000137,0.001382,0.001838,0.019595,0.003399,0.004565,0.01693,0.014623,0.005786,0.030726,0.012921,0.001231,0.163803,0.037773,0.028285,0.011858,0.000805,0.00033,0.002349,0.002559,0.00036,0.001424,0.000272,0.001087,0.108588,0.024529,0.07549,0.000422,0.010827,0.000893,4.3e-05,0.000159,0.000559,0.000399,0.008229,0.00576,0.000281,0.035057,0.021525,7.5e-05,0.006428,0.091102,0.017703,0.038339,0.003345,0.000197,0.022283,0.004078,0.000136,0.040325,0.000154,0.000137,0.000281,4.5e-05,6.1e-05,0.011066,0.003688
"kilimanjaro/siha/ivaeny",9e-06,0,1e-06,1e-06,0,5.8e-05,0,0,0,2e-06,0,0,6e-06,7.5e-05,0,0,0,0,0,0,0,0.000111,0,2e-06,0,1e-06,0,0,0,0,2.7e-05,0,0,0,0,0,6e-06,0,0,1e-06,0,0,1e-06,0,0,0,1e-06,0.001226,1.5e-05,0,0,0,0,0,0,0,1e-06,0,3e-06,8e-06,5e-06,4e-06,2.2e-05,0,0,3.7e-05,7e-06,0,1e-06,2e-06,0,0,4.3e-05,0,0,4e-06,0,0,0,0,0,0,0,0,0,0,0.001813,0,0,1e-05,0,0,0.000304,4.7e-05,0,1e-06,0,0,0.000168,3.9e-05,0,0,3e-06,9e-06,1.2e-05,0.000414,0,0.000117,6.9e-05,3e-06,0.003908,0.000186,0,0,2e-06,1e-06,0.000363,0,0.00047,0.000101,5.3e-05,0.001589,0,2e-06,0,1e-06,1e-06,0.00106,3.7e-05,2e-06,2e-06,3.3e-05,5.8e-05,2.4e-05,0,3.7e-05,2e-06,4.8e-05,0.000164,0.000275,0.000107,0,1.1e-05,2.5e-05,3e-06,2.2e-05,0,0.000123,0.000134,3.3e-05,2e-06,0,2e-06,0,7e-06,0.000155,4e-06,1e-06,0,0.00784,7e-06,1.3e-05,1e-06,1e-06,0,0,8e-06,5.5e-05,5.9e-05,2e-06,0,1.1e-05,0.000932,3e-06,0.000332,1e-06,1.4e-05,1e-06,0.000196,1e-06,0,0,8e-06,1.5e-05,0.00461,0.040477,8e-06,1.2e-05,0.001454,0.000808,3.6e-05,0,0,0,1e-06,0,1e-06,0,0.000175,0,4e-04,1e-06,4e-06,1e-06,0.000133,8.3e-05,0.000569,6e-06,2e-06,2e-06,2e-06,0,0.00017,1e-06,0,1e-06,0,0.000857,1.3e-05,6.9e-05,0,1e-06,0,5.1e-05,0.002006,0.000238,0.00823,6e-06,0,0,0,0,2.8e-05,6.9e-05,0,0,4e-06,1.8e-05,1e-06,1e-06,1.8e-05,0.000317,2e-06,0.000256,0,3e-06,9e-06,5.7e-05,0,2e-06,0.000336,0.000101,0,9.6e-05,0.000128,3e-06,2e-06,3e-06,2e-06,0,0,1.1e-05,0,0,3e-06,1e-06,0,5.5e-05,0,0,6.2e-05,8.1e-05,0,0,0.000563,3e-06,3e-06,6e-06,0,0,6e-06,0,0.000636,0,0,0,0,6e-06,0,7e-05,0,6.9e-05,0,0.000299,3.3e-05,0.000324,0.000289,2e-06,9e-06,1e-06,0,0,2e-06,3e-06,0,6e-06,1.1e-05,3e-06,1e-06,8e-06,4.5e-05,0,0,2e-06,2.2e-05,0,0,0.000308,0.000428,4.4e-05,5e-06,0.000106,0.000254,0.00026,0.000543,2e-06,2e-06,3e-06,0,1.9e-05,4e-05,1.1e-05,0.000594,8e-06,4e-06,0,1.2e-05,0,0.000466,0,0,3e-06,0,0,1.6e-05,1e-06,1e-06,5e-05,1.7e-05,1e-06,0,0.001911,5e-06,0.000418,4e-06,8e-06,1.8e-05,2e-06,2e-06,4.1e-05,0,0,0,0,0,0.000337,4.4e-05,0.000135,0,7.4e-05,1.6e-05,0,0,0,5e-06,1.2e-05,2e-06,1e-06,0.000236,0,0,0,0.000849,0,0,6e-06,4e-06,0.000521,7.4e-05,3e-06,0.000226,2e-06,0,0,0,0,0,0
"kilimanjaro/mwanga/jipe",0,0,0,0,0,0,0,0,0,0,0,0,0,0,0,0,0,0,0,0,0,0,0,0,0,0,0,0,0,0,0,0,0,0,0,0,0,0,0,0,0,0,0,0,0,0,0,0,0,0,0,0,0,0,0,0,0,0,0,0,0,0,0,0,0,0,0,0,0,0,0,0,0,0,0,0,0,0,0,0,0,0,0,0,0,0,0,0,0,0,0,0,0,0,0,0,0,0,0,0,0,0,0,0,0,0,0,0,0,0,0,0,0,0,0,0,0,0,0,0,0,0,0,0,0,0,0,0,0,0,0,0,0,0,0,0,0,0,0,0,0,0,0,0,0,0,0,0,0,0,0,0,0,0,0,0,0,0,0,0,0,0,0,0,0,0,0,0,0,0,0,0,0,0,0,0,0,0,0,0,0,0,0,0,0,0,0,0,0,0,0,0,0,0,0,0,0,0,0,0,0,0,0,0,0,0,0,0,0,0,0,0,0,0,0,0,0,0,0,0,0,0,0,0,0,0,0,0,0,0,0,0,0,0,0,0,0,0,0,0,0,0,0,0,0,0,0,0,0,0,0,0,0,0,0,0,0,0,0,0,0,0,0,0,0,0,0,0,0,0,0,0,0,0,0,0,0,0,0,0,0,0,0,0,0,0,0,0,0,0,0,0,0,0,0,0,0,0,0,0,0,0,0,0,0,0,0,0,0,0,0,0,0,0,0,0,0,0,0,0,0,0,0,0,0,0,0,0,0,0,0,0,0,0,0,0,0,0,0,0,0,0,0,0,0,0,0,0,0,0,0,0,0,0,0,0,0,0,0,0,0,0,0,0,0,0,0,0,0,0,0,0,0,0,0,0,0,0,0,0,0,0,0,0,0,0,0,0,0,0,0,0,0,0,0,0,0,0
"kilimanjaro/moshi/kahe",0,0,0,0,0,0,0,0,0,0,0,0,0,0,0,0,0,0,0,0,0,0,0,0,0,0,0,0,0,0,0,0,0,0,0,0,0,0,0,0,0,0,0,0,0,0,0,0,0,0,0,0,0,0,0,0,0,0,0,0,0,0,0,0,0,0,0,0,0,0,0,0,0,0,0,0,0,0,0,0,0,0,0,0,0,0,0,0,0,0,0,0,0,0,0,0,0,0,0,0,0,0,0,0,0,0,0,0,0,0,0,0,0,0,0,0,0,0,0,0,0,0,0,0,0,0,0,0,0,0,0,0,0,0,0,0,0,0,0,0,0,0,0,0,0,0,0,0,0,0,0,0,0,0,0,0,0,0,0,0,0,0,0,0,0,0,0,0,0,0,0,0,0,0,0,0,0,0,0,0,0,0,0,0,0,0,0,0,0,0,0,0,0,0,0,0,0,0,0,0,0,0,0,0,0,0,0,0,0,0,0,0,0,0,0,0,0,0,0,0,0,0,0,0,0,0,0,0,0,0,0,0,0,0,0,0,0,0,0,0,0,0,0,0,0,0,0,0,0,0,0,0,0,0,0,0,0,0,0,0,0,0,0,0,0,0,0,0,0,0,0,0,0,0,0,0,0,0,0,0,0,0,0,0,0,0,0,0,0,0,0,0,0,0,0,0,0,0,0,0,0,0,0,0,0,0,0,0,0,0,0,0,0,0,0,0,0,0,0,0,0,0,0,0,0,0,0,0,0,0,0,0,0,0,0,0,0,0,0,0,0,0,0,0,0,0,0,0,0,0,0,0,0,0,0,0,0,0,0,0,0,0,0,0,0,0,0,0,0,0,0,0,0,0,0,0,0,0,0,0,0,0,0,0,0,0,0,0,0,0,0,0,0,0,0,0,0,0
"kilimanjaro/moshi/kahemashariki",0,0,0,0,0,0,0,0,0,0,0,0,0,0,0,0,0,0,0,0,0,0,0,0,0,0,0,0,0,0,0,0,0,0,0,0,0,0,0,0,0,0,0,0,0,0,0,0,0,0,0,0,0,0,0,0,0,0,0,0,0,0,0,0,0,0,0,0,0,0,0,0,0,0,0,0,0,0,0,0,0,0,0,0,0,0,0,0,0,0,0,0,0,0,0,0,0,0,0,0,0,0,0,0,0,0,0,0,0,0,0,0,0,0,0,0,0,0,0,0,0,0,0,0,0,0,0,0,0,0,0,0,0,0,0,0,0,0,0,0,0,0,0,0,0,0,0,0,0,0,0,0,0,0,0,0,0,0,0,0,0,0,0,0,0,0,0,0,0,0,0,0,0,0,0,0,0,0,0,0,0,0,0,0,0,0,0,0,0,0,0,0,0,0,0,0,0,0,0,0,0,0,0,0,0,0,0,0,0,0,0,0,0,0,0,0,0,0,0,0,0,0,0,0,0,0,0,0,0,0,0,0,0,0,0,0,0,0,0,0,0,0,0,0,0,0,0,0,0,0,0,0,0,0,0,0,0,0,0,0,0,0,0,0,0,0,0,0,0,0,0,0,0,0,0,0,0,0,0,0,0,0,0,0,0,0,0,0,0,0,0,0,0,0,0,0,0,0,0,0,0,0,0,0,0,0,0,0,0,0,0,0,0,0,0,0,0,0,0,0,0,0,0,0,0,0,0,0,0,0,0,0,0,0,0,0,0,0,0,0,0,0,0,0,0,0,0,0,0,0,0,0,0,0,0,0,0,0,0,0,0,0,0,0,0,0,0,0,0,0,0,0,0,0,0,0,0,0,0,0,0,0,0,0,0,0,0,0,0,0,0,0,0,0,0,0,0,0
"manyara/mbulu/kainam",0,0,0,0,0,0,0,0,0,0,0,0,0,0,0,0,0,0,0,0,0,0,0,0,0,0,0,0,0,0,0,0,0,0,0,0,0,0,0,0,0,0,0,0,0,0,0,0,0,0,0,0,0,0,0,0,0,0,0,0,0,0,0,0,0,0,0,0,0,0,0,0,0,0,0,0,0,0,0,0,0,0,0,0,0,0,0,0,0,0,0,0,0,0,0,0,0,0,0,0,0,0,0,0,0,0,0,0,0,0,0,0,0,0,0,0,0,0,0,0,0,0,0,0,0,0,0,0,0,0,0,0,0,0,0,0,0,0,0,0,0,0,0,0,0,0,0,0,0,0,0,0,0,0,0,0,0,0,0,0,0,0,0,0,0,0,0,0,0,0,0,0,0,0,0,0,0,0,0,0,0,0,0,0,0,0,0,0,0,0,0,0,0,0,0,0,0,0,0,0,0,0,0,0,0,0,0,0,0,0,0,0,0,0,0,0,0,0,0,0,0,0,0,0,0,0,0,0,0,0,0,0,0,0,0,0,0,0,0,0,0,0,0,0,0,0,0,0,0,0,0,0,0,0,0,0,0,0,0,0,0,0,0,0,0,0,0,0,0,0,0,0,0,0,0,0,0,0,0,0,0,0,0,0,0,0,0,0,0,0,0,0,0,0,0,0,0,0,0,0,0,0,0,0,0,0,0,0,0,0,0,0,0,0,0,0,0,0,0,0,0,0,0,0,0,0,0,0,0,0,0,0,0,0,0,0,0,0,0,0,0,0,0,0,0,0,0,0,0,0,0,0,0,0,0,0,0,0,0,0,0,0,0,0,0,0,0,0,0,0,0,0,0,0,0,0,0,0,0,0,0,0,0,0,0,0,0,0,0,0,0,0,0,0,0,0,0,0
"arusha/ngorongoro/kakesio",0,0,0,0,0,0,0,0,0,0,0,0,0,0,0,0,0,0,0,0,0,0,0,0,0,0,0,0,0,0,0,0,0,0,0,0,0,0,0,0,0,0,0,0,0,0,0,0,0,0,0,0,0,0,0,0,0,0,0,0,0,0,0,0,0,0,0,0,0,0,0,0,0,0,0,0,0,0,0,0,0,0,0,0,0,0,0,0,0,0,0,0,0,0,0,0,0,0,0,0,0,0,0,0,0,0,0,0,0,0,0,0,0,0,0,0,0,0,0,0,0,0,0,0,0,0,0,0,0,0,0,0,0,0,0,0,0,0,0,0,0,0,0,0,0,0,0,0,0,0,0,0,0,0,0,0,0,0,0,0,0,0,0,0,0,0,0,0,0,0,0,0,0,0,0,0,0,0,0,0,0,0,0,0,0,0,0,0,0,0,0,0,0,0,0,0,0,0,0,0,0,0,0,0,0,0,0,0,0,0,0,0,0,0,0,0,0,0,0,0,0,0,0,0,0,0,0,0,0,0,0,0,0,0,0,0,0,0,0,0,0,0,0,0,0,0,0,0,0,0,0,0,0,0,0,0,0,0,0,0,0,0,0,0,0,0,0,0,0,0,0,0,0,0,0,0,0,0,0,0,0,0,0,0,0,0,0,0,0,0,0,0,0,0,0,0,0,0,0,0,0,0,0,0,0,0,0,0,0,0,0,0,0,0,0,0,0,0,0,0,0,0,0,0,0,0,0,0,0,0,0,0,0,0,0,0,0,0,0,0,0,0,0,0,0,0,0,0,0,0,0,0,0,0,0,0,0,0,0,0,0,0,0,0,0,0,0,0,0,0,0,0,0,0,0,0,0,0,0,0,0,0,0,0,0,0,0,0,0,0,0,0,0,0,0,0,0,0
"kilimanjaro/same/kalemawe",0,0,0,0,0,0,0,0,0,0,0,0,0,0,0,0,0,0,0,0,0,0,0,0,0,0,0,0,0,0,0,0,0,0,0,0,0,0,0,0,0,0,0,0,0,0,0,0,0,0,0,0,0,0,0,0,0,0,0,0,0,0,0,0,0,0,0,0,0,0,0,0,0,0,0,0,0,0,0,0,0,0,0,0,0,0,0,0,0,0,0,0,0,0,0,0,0,0,0,0,0,0,0,0,0,0,0,0,0,0,0,0,0,0,0,0,0,0,0,0,0,0,0,0,0,0,0,0,0,0,0,0,0,0,0,0,0,0,0,0,0,0,0,0,0,0,0,0,0,0,0,0,0,0,0,0,0,0,0,0,0,0,0,0,0,0,0,0,0,0,0,0,0,0,0,0,0,0,0,0,0,0,0,0,0,0,0,0,0,0,0,0,0,0,0,0,0,0,0,0,0,0,0,0,0,0,0,0,0,0,0,0,0,0,0,0,0,0,0,0,0,0,0,0,0,0,0,0,0,0,0,0,0,0,0,0,0,0,0,0,0,0,0,0,0,0,0,0,0,0,0,0,0,0,0,0,0,0,0,0,0,0,0,0,0,0,0,0,0,0,0,0,0,0,0,0,0,0,0,0,0,0,0,0,0,0,0,0,0,0,0,0,0,0,0,0,0,0,0,0,0,0,0,0,0,0,0,0,0,0,0,0,0,0,0,0,0,0,0,0,0,0,0,0,0,0,0,0,0,0,0,0,0,0,0,0,0,0,0,0,0,0,0,0,0,0,0,0,0,0,0,0,0,0,0,0,0,0,0,0,0,0,0,0,0,0,0,0,0,0,0,0,0,0,0,0,0,0,0,0,0,0,0,0,0,0,0,0,0,0,0,0,0,0,0,0,0,0
"arusha/arushaurban/kaloleni",0,0,0,0,0,0,0,0,0,0,0,0,0,0,0,0,0,0,0,0,0,0,0,0,0,0,0,0,0,0,0,0,0,0,0,0,0,0,0,0,0,0,0,0,0,0,0,0,0,0,0,0,0,0,0,0,0,0,0,0,0,0,0,0,0,0,0,0,0,0,0,0,0,0,0,0,0,0,0,0,0,0,0,0,0,0,0,0,0,0,0,0,0,0,0,0,0,0,0,0,0,0,0,0,0,0,0,0,0,0,0,0,0,0,0,0,0,0,0,0,0,0,0,0,0,0,0,0,0,0,0,0,0,0,0,0,0,0,0,0,0,0,0,0,0,0,0,0,0,0,0,0,0,0,0,0,0,0,0,0,0,0,0,0,0,0,0,0,0,0,0,0,0,0,0,0,0,0,0,0,0,0,0,0,0,0,0,0,0,0,0,0,0,0,0,0,0,0,0,0,0,0,0,0,0,0,0,0,0,0,0,0,0,0,0,0,0,0,0,0,0,0,0,0,0,0,0,0,0,0,0,0,0,0,0,0,0,0,0,0,0,0,0,0,0,0,0,0,0,0,0,0,0,0,0,0,0,0,0,0,0,0,0,0,0,0,0,0,0,0,0,0,0,0,0,0,0,0,0,0,0,0,0,0,0,0,0,0,0,0,0,0,0,0,0,0,0,0,0,0,0,0,0,0,0,0,0,0,0,0,0,0,0,0,0,0,0,0,0,0,0,0,0,0,0,0,0,0,0,0,0,0,0,0,0,0,0,0,0,0,0,0,0,0,0,0,0,0,0,0,0,0,0,0,0,0,0,0,0,0,0,0,0,0,0,0,0,0,0,0,0,0,0,0,0,0,0,0,0,0,0,0,0,0,0,0,0,0,0,0,0,0,0,0,0,0,0,0
"kilimanjaro/moshimunicipal/kaloleni",0,0,0,0,0,0,0,0,0,0,0,0,0,0,0,0,0,0,0,0,0,0,0,0,0,0,0,0,0,0,0,0,0,0,0,0,0,0,0,0,0,0,0,0,0,0,0,0,0,0,0,0,0,0,0,0,0,0,0,0,0,0,0,0,0,0,0,0,0,0,0,0,0,0,0,0,0,0,0,0,0,0,0,0,0,0,0,0,0,0,0,0,0,0,0,0,0,0,0,0,0,0,0,0,0,0,0,0,0,0,0,0,0,0,0,0,0,0,0,0,0,0,0,0,0,0,0,0,0,0,0,0,0,0,0,0,0,0,0,0,0,0,0,0,0,0,0,0,0,0,0,0,0,0,0,0,0,0,0,0,0,0,0,0,0,0,0,0,0,0,0,0,0,0,0,0,0,0,0,0,0,0,0,0,0,0,0,0,0,0,0,0,0,0,0,0,0,0,0,0,0,0,0,0,0,0,0,0,0,0,0,0,0,0,0,0,0,0,0,0,0,0,0,0,0,0,0,0,0,0,0,0,0,0,0,0,0,0,0,0,0,0,0,0,0,0,0,0,0,0,0,0,0,0,0,0,0,0,0,0,0,0,0,0,0,0,0,0,0,0,0,0,0,0,0,0,0,0,0,0,0,0,0,0,0,0,0,0,0,0,0,0,0,0,0,0,0,0,0,0,0,0,0,0,0,0,0,0,0,0,0,0,0,0,0,0,0,0,0,0,0,0,0,0,0,0,0,0,0,0,0,0,0,0,0,0,0,0,0,0,0,0,0,0,0,0,0,0,0,0,0,0,0,0,0,0,0,0,0,0,0,0,0,0,0,0,0,0,0,0,0,0,0,0,0,0,0,0,0,0,0,0,0,0,0,0,0,0,0,0,0,0,0,0,0,0,0,0
"arusha/longido/kamwanga",0,0,0,0,0,0,0,0,0,0,0,0,0,0,0,0,0,0,0,0,0,0,0,0,0,0,0,0,0,0,0,0,0,0,0,0,0,0,0,0,0,0,0,0,0,0,0,0,0,0,0,0,0,0,0,0,0,0,0,0,0,0,0,0,0,0,0,0,0,0,0,0,0,0,0,0,0,0,0,0,0,0,0,0,0,0,0,0,0,0,0,0,0,0,0,0,0,0,0,0,0,0,0,0,0,0,0,0,0,0,0,0,0,0,0,0,0,0,0,0,0,0,0,0,0,0,0,0,0,0,0,0,0,0,0,0,0,0,0,0,0,0,0,0,0,0,0,0,0,0,0,0,0,0,0,0,0,0,0,0,0,0,0,0,0,0,0,0,0,0,0,0,0,0,0,0,0,0,0,0,0,0,0,0,0,0,0,0,0,0,0,0,0,0,0,0,0,0,0,0,0,0,0,0,0,0,0,0,0,0,0,0,0,0,0,0,0,0,0,0,0,0,0,0,0,0,0,0,0,0,0,0,0,0,0,0,0,0,0,0,0,0,0,0,0,0,0,0,0,0,0,0,0,0,0,0,0,0,0,0,0,0,0,0,0,0,0,0,0,0,0,0,0,0,0,0,0,0,0,0,0,0,0,0,0,0,0,0,0,0,0,0,0,0,0,0,0,0,0,0,0,0,0,0,0,0,0,0,0,0,0,0,0,0,0,0,0,0,0,0,0,0,0,0,0,0,0,0,0,0,0,0,0,0,0,0,0,0,0,0,0,0,0,0,0,0,0,0,0,0,0,0,0,0,0,0,0,0,0,0,0,0,0,0,0,0,0,0,0,0,0,0,0,0,0,0,0,0,0,0,0,0,0,0,0,0,0,0,0,0,0,0,0,0,0,0,0,0
"arusha/karatu/kansay",1.1e-05,1.5e-05,1e-06,3.9e-05,4e-06,3.8e-05,9e-06,1.6e-05,2e-06,0.000649,1.1e-05,1e-06,9e-06,0.000138,0.000371,8.2e-05,1e-05,1.6e-05,2e-06,6e-06,1e-06,5e-06,2e-06,1e-06,1e-06,0,3e-06,8.9e-05,0,1e-06,6.5e-05,1e-06,0,0,0.000168,5e-06,1.4e-05,0.000137,0.000249,3.7e-05,7e-06,1e-06,3e-05,0.000185,5e-06,2e-06,1e-05,0.00351,0.000487,0.000214,1.9e-05,3.5e-05,4.8e-05,7e-06,6.1e-05,1e-06,1e-06,3e-06,2.6e-05,0.002918,2.8e-05,0.000172,6.6e-05,3e-06,0,9.2e-05,6.5e-05,4e-06,0.000142,0.000195,1.9e-05,0,2e-06,0.000528,4e-06,6.4e-05,1.4e-05,1e-06,1e-06,2e-06,1e-06,6e-06,5e-06,1e-06,5e-06,2.3e-05,0.000314,3e-06,7.4e-05,7.9e-05,1e-06,2e-06,0.000254,7e-05,6e-06,0.001976,2e-05,0,0.000121,3e-05,1.6e-05,9e-06,2.1e-05,2.2e-05,4e-06,0.000178,0,2.7e-05,1.3e-05,0.00245,1.4e-05,7.9e-05,2.8e-05,1e-06,1e-06,1e-06,0.000113,1e-06,0.000144,1.4e-05,5e-06,0.000263,1e-06,3e-06,0,9e-06,2.3e-05,0.000426,4.3e-05,1e-06,1e-06,2e-05,5.5e-05,6e-06,0,7.6e-05,4e-06,1.7e-05,0.000444,4.4e-05,2.3e-05,0,2.8e-05,4e-06,2e-06,4.1e-05,9e-06,6.1e-05,5.1e-05,1.7e-05,1e-06,1e-06,1e-06,1e-06,3.6e-05,0.001065,2e-06,8e-06,4e-06,0.002134,8e-06,0.000151,0,2e-06,1e-06,1e-06,1.1e-05,1.3e-05,0.000154,4e-06,8e-06,0.000476,0.002383,1.8e-05,5e-06,3.9e-05,0.00063,1e-06,4.3e-05,1.8e-05,0,8e-06,6.3e-05,7e-06,0.000288,0.008329,1e-06,1e-06,0.000144,4.4e-05,1.1e-05,5.5e-05,0.000413,5e-06,0.000368,2e-06,1e-06,5e-06,4.9e-05,7e-06,0.000209,1.4e-05,2.5e-05,1e-06,6.9e-05,7e-06,0.000426,0.000525,0.000161,1e-06,1e-06,5e-06,0.000138,0,1.8e-05,9e-06,0.000107,0.000624,6e-06,3.5e-05,5e-06,1e-06,2e-06,1e-06,0.000178,4e-06,0.000252,2e-06,0.000257,1e-06,1e-06,1.6e-05,0.000336,0.000348,5e-06,0,1e-06,2.6e-05,0.000218,1e-06,2e-05,0.007193,0,0.000658,0,1e-06,3e-06,0.000103,2e-06,1.6e-05,0.000771,0.000857,3e-06,0.000196,3.8e-05,1.7e-05,1e-06,4e-06,1e-06,1e-06,0,1.2e-05,4e-06,1e-06,0.001139,6e-06,1.3e-05,0.000337,2e-06,0.000134,0.000267,0.000107,1e-06,1e-06,0.000375,2e-06,2e-05,4.4e-05,2.1e-05,6.3e-05,7e-06,4e-06,0.001678,4.7e-05,1e-06,4e-06,1e-06,2e-06,8e-06,1e-06,5e-06,1.2e-05,2e-06,0.000509,1.1e-05,2.3e-05,0.000164,4e-06,2.2e-05,0.000476,0,0,1e-06,9e-06,1e-06,0.002179,1.6e-05,2e-06,1e-06,1e-06,0.000176,9.6e-05,3e-06,1e-06,7e-06,2.2e-05,2e-06,0.000366,0.000223,0.000216,3.2e-05,0.000303,2.5e-05,0.000114,0.001425,6.4e-05,8.1e-05,6e-06,8e-06,5.6e-05,7.9e-05,3.7e-05,0.001464,0.00023,4e-05,1e-06,4e-06,1.4e-05,0.000474,6e-06,2.8e-05,1e-06,1.5e-05,3e-06,8.3e-05,1.4e-05,2.8e-05,9e-05,6.3e-05,3.4e-05,1.3e-05,6.4e-05,6e-06,0.000948,0.000274,0.000162,5.2e-05,4e-06,2e-06,1.1e-05,4e-06,1e-06,3e-06,1e-06,6e-06,0.000599,0.000126,0.000408,2e-06,5.5e-05,4e-06,0,1e-06,2e-06,2e-06,4.1e-05,2.4e-05,1e-06,0.000185,1.1e-05,0,7e-06,0.000452,3.4e-05,1.8e-05,1.7e-05,1e-06,0.000105,1.9e-05,1e-06,0.000203,1e-06,1e-06,1e-06,0,0,1.1e-05,9e-06
"kilimanjaro/moshimunicipal/karanga",0,0,0,0,0,0,0,0,0,0,0,0,0,0,0,0,0,0,0,0,0,0,0,0,0,0,0,0,0,0,0,0,0,0,0,0,0,0,0,0,0,0,0,0,0,0,0,0,0,0,0,0,0,0,0,0,0,0,0,0,0,0,0,0,0,0,0,0,0,0,0,0,0,0,0,0,0,0,0,0,0,0,0,0,0,0,0,0,0,0,0,0,0,0,0,0,0,0,0,0,0,0,0,0,0,0,0,0,0,0,0,0,0,0,0,0,0,0,0,0,0,0,0,0,0,0,0,0,0,0,0,0,0,0,0,0,0,0,0,0,0,0,0,0,0,0,0,0,0,0,0,0,0,0,0,0,0,0,0,0,0,0,0,0,0,0,0,0,0,0,0,0,0,0,0,0,0,0,0,0,0,0,0,0,0,0,0,0,0,0,0,0,0,0,0,0,0,0,0,0,0,0,0,0,0,0,0,0,0,0,0,0,0,0,0,0,0,0,0,0,0,0,0,0,0,0,0,0,0,0,0,0,0,0,0,0,0,0,0,0,0,0,0,0,0,0,0,0,0,0,0,0,0,0,0,0,0,0,0,0,0,0,0,0,0,0,0,0,0,0,0,0,0,0,0,0,0,0,0,0,0,0,0,0,0,0,0,0,0,0,0,0,0,0,0,0,0,0,0,0,0,0,0,0,0,0,0,0,0,0,0,0,0,0,0,0,0,0,0,0,0,0,0,0,0,0,0,0,0,0,0,0,0,0,0,0,0,0,0,0,0,0,0,0,0,0,0,0,0,0,0,0,0,0,0,0,0,0,0,0,0,0,0,0,0,0,0,0,0,0,0,0,0,0,0,0,0,0,0,0,0,0,0,0,0,0,0,0,0,0,0,0,0,0,0,0,0,0
"kilimanjaro/siha/karansi",0,0,0,0,0,0,0,0,0,0,0,0,0,0,0,0,0,0,0,0,0,0,0,0,0,0,0,0,0,0,0,0,0,0,0,0,0,0,0,0,0,0,0,0,0,0,0,0,0,0,0,0,0,0,0,0,0,0,0,0,0,0,0,0,0,0,0,0,0,0,0,0,0,0,0,0,0,0,0,0,0,0,0,0,0,0,0,0,0,0,0,0,0,0,0,0,0,0,0,0,0,0,0,0,0,0,0,0,0,0,0,0,0,0,0,0,0,0,0,0,0,0,0,0,0,0,0,0,0,0,0,0,0,0,0,0,0,0,0,0,0,0,0,0,0,0,0,0,0,0,0,0,0,0,0,0,0,0,0,0,0,0,0,0,0,0,0,0,0,0,0,0,0,0,0,0,0,0,0,0,0,0,0,0,0,0,0,0,0,0,0,0,0,0,0,0,0,0,0,0,0,0,0,0,0,0,0,0,0,0,0,0,0,0,0,0,0,0,0,0,0,0,0,0,0,0,0,0,0,0,0,0,0,0,0,0,0,0,0,0,0,0,0,0,0,0,0,0,0,0,0,0,0,0,0,0,0,0,0,0,0,0,0,0,0,0,0,0,0,0,0,0,0,0,0,0,0,0,0,0,0,0,0,0,0,0,0,0,0,0,0,0,0,0,0,0,0,0,0,0,0,0,0,0,0,0,0,0,0,0,0,0,0,0,0,0,0,0,0,0,0,0,0,0,0,0,0,0,0,0,0,0,0,0,0,0,0,0,0,0,0,0,0,0,0,0,0,0,0,0,0,0,0,0,0,0,0,0,0,0,0,0,0,0,0,0,0,0,0,0,0,0,0,0,0,0,0,0,0,0,0,0,0,0,0,0,0,0,0,0,0,0,0,0,0,0,0,0
"arusha/karatu/karatu",0.002032,0.004952,0.000133,0.01088,0.000205,0.005513,0.000229,0.000355,0.000109,0.0362,0.000592,6.2e-05,0.001663,0.02441,0.015702,0.001288,0.000491,0.001051,0.000156,0.000491,8.5e-05,0.001298,9.4e-05,0.000116,7.2e-05,3.6e-05,0.000206,0.002392,1.6e-05,0.000104,0.006681,0.000108,4.1e-05,6.7e-05,0.033656,0.000339,0.002557,0.009161,0.003895,0.007189,0.000284,6e-05,0.004418,0.009797,0.000725,0.000137,0.002756,0.439116,0.055448,0.010008,0.000609,0.003564,0.021942,0.000288,0.004824,6.3e-05,0.000214,0.000279,0.003057,0.39204,0.008195,0.078393,0.014233,0.000322,5e-06,0.016125,0.014128,0.000193,0.043796,0.02202,0.032096,1.5e-05,0.00031,0.012093,0.000359,0.021228,0.003795,5.9e-05,7.2e-05,0.00012,3.7e-05,0.000485,0.000188,7.4e-05,0.000255,0.000559,0.047561,0.000132,0.005375,0.013556,4.4e-05,0.000128,0.035039,0.013176,0.001616,0.037956,0.00325,4.1e-05,0.017087,0.00419,0.000447,0.000698,0.002629,0.004015,0.00059,0.027955,0.002426,0.004005,0.00233,0,0.002262,0.011681,0.002325,9.7e-05,0.000172,0.000123,0.017535,7e-05,0.021199,0.002146,0.001163,0.039232,0.000104,0.000389,4.3e-05,0.001051,0.003501,0.093567,0.007003,0.000138,0.000112,0.004039,0.007689,0.000902,2.9e-05,0.013801,0.000855,0.00251,0.081122,0.006657,0.003847,5.9e-05,0.005326,0.000617,0.000239,0.005536,0.000531,0.008826,0.007545,0.002431,0.000118,8.4e-05,0.000188,0.000107,0.0045,0.183977,0.000514,0.002809,0.000457,0.258943,0.001115,0.026816,5.5e-05,0.000265,8.4e-05,5.9e-05,0.001494,0.002203,0.027173,6e-04,0.001218,0.155304,0.332652,0.00225,0.000818,0.005652,0.110665,0.000249,0.00647,0.001967,3.5e-05,0.001634,0.007609,0.001017,0.043952,0.503705,9.4e-05,0.000173,0.022091,0.00697,0.00171,0.002273,0.022896,0.000308,0.034625,0.000175,0.000122,0.000255,0.007364,0.006031,0.034863,0.001408,0.004349,0.000132,0.009957,0.001132,0.058042,0.149528,0.037118,0.000156,0.000137,0.000589,0.019308,5.7e-05,0.000739,0.001109,0.000858,0.084729,0.000843,0.005138,0.000287,0.000154,0.000112,0.000183,0.027713,0.000667,0.039167,0.000304,0.004101,6.4e-05,6.1e-05,0.000605,0.067623,0.06143,0.000514,1e-05,0.000169,0.005729,0.166276,0.000104,0.002986,0.504517,6e-05,0.112686,5.2e-05,0.000116,0.000404,0.01749,0.000115,0.002723,0.130187,0.238503,0.000677,0.033954,0.005846,0.002151,0.000151,0.000557,9.3e-05,6.9e-05,5.2e-05,0.00243,0.000655,6.4e-05,0.584738,0.001443,0.000441,0.066216,0.000125,0.010186,0.053547,0.014611,9.3e-05,6.8e-05,0.05171,0.000284,0.002461,0.007704,0.00067,0.033354,0.001058,0.001235,0.256369,0.001379,0.000103,0.000304,4.3e-05,0.000348,0.000352,0.000162,0.000505,0.00197,0.000191,0.07982,0.001602,0.003813,0.041613,0.00077,0.002916,0.127976,4.9e-05,3e-05,0.000109,0.001108,0.000114,0.243445,0.002933,0.000344,0.00023,0.000153,0.045235,0.03191,0.000318,8.9e-05,0.00105,0.008311,0.000685,0.094479,0.032066,0.049129,0.004878,0.058912,0.004095,0.01922,0.302755,0.015799,0.021112,0.001103,0.001347,0.010697,0.014493,0.007306,0.322619,0.040582,0.006695,0.00013,0.000554,0.003311,0.078535,0.000489,0.030818,9.5e-05,0.027063,0.00026,0.01027,0.001629,0.005855,0.017256,0.007989,0.006679,0.00031,0.010611,0.001091,0.154902,0.126952,0.03438,0.010506,0.000481,0.000218,0.001632,0.000223,7e-05,0.00017,4.1e-05,0.001013,0.101993,0.031699,0.071733,0.000157,0.009828,0.00062,2.3e-05,8.2e-05,0.000319,0.000282,0.007064,0.00461,0.000258,0.046775,0.000305,4.3e-05,0.000273,0.063693,0.001602,0.000339,0.003157,0.000139,0.015765,0.002837,9.5e-05,0.033997,0.000105,7.2e-05,0.000147,2.5e-05,3.1e-05,0.000345,0.000313
"kilimanjaro/siha/kashisha",8e-06,0,2e-06,1e-06,0,6.1e-05,0,0,0,2e-06,0,0,6e-06,7.2e-05,0,0,0,0,0,0,0,8.8e-05,0,3e-06,0,1e-06,0,0,0,0,2.6e-05,0,0,0,0,0,5e-06,0,0,1e-06,0,0,1e-06,0,0,0,1e-06,0.001169,1.4e-05,0,0,0,0,0,0,0,1e-06,0,3e-06,8e-06,5e-06,4e-06,2.1e-05,0,0,3.5e-05,7e-06,0,0,2e-06,0,0,3.4e-05,0,0,4e-06,0,0,0,0,0,0,0,0,0,0,0.001861,0,0,1.1e-05,0,0,0.000329,4.4e-05,0,1e-06,0.005559,0,0.000179,4.2e-05,0,0,3e-06,9e-06,1.3e-05,0.000439,0,0.000129,6e-05,3e-06,0,0.000206,0,0,3e-06,1e-06,0.000363,0,0.00052,0.00012,6.4e-05,0.001852,1e-06,2e-06,0,1e-06,1e-06,0.000994,3.6e-05,3e-06,2e-06,3.6e-05,6.2e-05,2.7e-05,0,3.6e-05,2e-06,5.3e-05,0.000162,0.000312,1e-04,0,1e-05,2.8e-05,3e-06,2.4e-05,0,0.000134,0.000149,3.6e-05,2e-06,0,2e-06,0,7e-06,0.000149,4e-06,1e-06,0,0.008648,7e-06,1.3e-05,1e-06,1e-06,0,0,9e-06,4.9e-05,5.7e-05,3e-06,0,1.1e-05,0.000888,3e-06,0.000323,1e-06,1.3e-05,1e-06,0.000219,1e-06,0,0,8e-06,1.6e-05,0.005851,0.044059,9e-06,1.5e-05,0.001696,0.000992,3.9e-05,0,0,0,1e-06,0,1e-06,0,0.000193,0,0.000372,1e-06,4e-06,1e-06,0.000146,7e-05,0.000615,6e-06,2e-06,2e-06,2e-06,0,0.000185,1e-06,0,1e-06,0,0.000932,1.5e-05,7.5e-05,0,1e-06,0,6.8e-05,0.002115,0.000263,0.011813,6e-06,0,0,0,0,2.8e-05,6.6e-05,0,0,4e-06,1.7e-05,1e-06,1e-06,1.7e-05,0.000309,2e-06,0.000267,0,3e-06,1e-05,5.4e-05,0,2e-06,0.00032,9.8e-05,0,9.1e-05,0.000141,3e-06,2e-06,3e-06,2e-06,0,0,1.2e-05,0,0,3e-06,1e-06,0,5.3e-05,0,0,5.9e-05,8.6e-05,1e-06,0,0.000612,4e-06,3e-06,6e-06,0,0,7e-06,0,0.000632,0,0,0,0,6e-06,0,4.5e-05,0,6.9e-05,0,0.000288,3.6e-05,0.000304,0.000265,1e-06,9e-06,1e-06,0,0,3e-06,3e-06,0,6e-06,1.1e-05,2e-06,1e-06,1e-05,4.3e-05,0,0,2e-06,2.5e-05,0,0,0.000288,0.000471,4.3e-05,4e-06,0.000101,0.000241,0.000263,0.000515,2e-06,2e-06,3e-06,0,1.8e-05,3.8e-05,1e-05,0.000578,8e-06,4e-06,0,1.3e-05,0,0.000438,0,0,3e-06,0,0,1.7e-05,1e-06,1e-06,4.7e-05,1.7e-05,1e-06,0,0.001419,5e-06,0.000397,4e-06,8e-06,1.8e-05,2e-06,3e-06,4.5e-05,0,0,0,0,0,0.000319,4.2e-05,0.000129,0,6.9e-05,1.7e-05,0,0,0,5e-06,1.1e-05,2e-06,1e-06,0.00023,0,0,0,0.000931,0,0,6e-06,5e-06,0.000591,8.3e-05,3e-06,0.000213,2e-06,0,0,0,0,0,0
"kilimanjaro/rombo/katangaramrere",0,0,0,0,0,0,0,0,0,0,0,0,0,0,0,0,0,0,0,0,0,0,0,0,0,0,0,0,0,0,0,0,0,0,0,0,0,0,0,0,0,0,0,0,0,0,0,0,0,0,0,0,0,0,0,0,0,0,0,0,0,0,0,0,0,0,0,0,0,0,0,0,0,0,0,0,0,0,0,0,0,0,0,0,0,0,0,0,0,0,0,0,0,0,0,0,0,0,0,0,0,0,0,0,0,0,0,0,0,0,0,0,0,0,0,0,0,0,0,0,0,0,0,0,0,0,0,0,0,0,0,0,0,0,0,0,0,0,0,0,0,0,0,0,0,0,0,0,0,0,0,0,0,0,0,0,0,0,0,0,0,0,0,0,0,0,0,0,0,0,0,0,0,0,0,0,0,0,0,0,0,0,0,0,0,0,0,0,0,0,0,0,0,0,0,0,0,0,0,0,0,0,0,0,0,0,0,0,0,0,0,0,0,0,0,0,0,0,0,0,0,0,0,0,0,0,0,0,0,0,0,0,0,0,0,0,0,0,0,0,0,0,0,0,0,0,0,0,0,0,0,0,0,0,0,0,0,0,0,0,0,0,0,0,0,0,0,0,0,0,0,0,0,0,0,0,0,0,0,0,0,0,0,0,0,0,0,0,0,0,0,0,0,0,0,0,0,0,0,0,0,0,0,0,0,0,0,0,0,0,0,0,0,0,0,0,0,0,0,0,0,0,0,0,0,0,0,0,0,0,0,0,0,0,0,0,0,0,0,0,0,0,0,0,0,0,0,0,0,0,0,0,0,0,0,0,0,0,0,0,0,0,0,0,0,0,0,0,0,0,0,0,0,0,0,0,0,0,0,0,0,0,0,0,0,0,0,0,0,0,0,0,0,0,0,0,0,0
"manyara/hanang/katesh",0.001286,0.00053,0.000164,0.004001,0.002646,0.006681,0.000295,0.000329,0.002389,0.218822,0.006348,0.017889,0.000956,0.014491,0.020648,0.000868,0.001979,0.029725,0.005528,0.024879,0.000185,0.001044,0.002219,0.00013,0.000145,4e-05,0.003001,0.000385,8.9e-05,0.000217,0.005158,7e-04,8.2e-05,0.000102,0.001757,0.021554,0.00141,0.168333,0.001905,0.003629,0.001961,0.018307,0.018864,0.072725,0.004416,0.003688,6e-04,0.27261,0.068424,0.000691,0.000824,0.000443,0.000378,0.002195,0.333477,0.006851,0.000205,0.000875,0.00692,0.136727,0.004113,0.01087,0.005912,0.001754,3e-06,0.009693,0.004669,0.000886,0.003214,0.084727,0.00023,0.056297,0.000245,0.007411,0.048709,0.007067,0.000806,0.012215,0.002033,0.002068,0.003121,0.019768,0.002125,0.00911,0.046126,0.000513,0.045613,0.002936,0.064671,0.029001,0.008667,0.002596,0.045684,0.007134,0.000334,0.039655,0.002799,6.1e-05,0.021519,0.005413,0.000631,0.00039,0.005433,0.002167,0.000666,0.026549,0.000452,0.004309,0.001638,0.036648,0.001978,0.01346,0,5.3e-05,0.000205,0.000153,0.016651,0.000394,0.023912,0.002205,0.001168,0.041091,0.000153,0.000585,6.6e-05,0.002239,0.013225,0.074588,0.005341,0.000161,0.000134,0.005042,0.010341,0.000985,4.5e-05,0.007909,0.000436,0.002901,0.048259,0.006922,0.003133,0.000124,0.002771,0.000647,0.000288,0.008438,0.002698,0.010679,0.008811,0.002958,0.000139,0.000131,0.000234,0.000196,0.008383,0.081675,0.00062,0.000825,0.001336,0.279961,0.001565,0.036412,6.1e-05,0.000422,0.005782,0.007511,0.002086,0.001582,0.015751,0.000911,0.004666,0.031237,0.202028,0.004368,0.000697,0.016789,0.07792,0.000133,0.006984,0.006728,7.1e-05,0.00073,0.01677,0.001199,0.04258,0.515923,8.8e-05,0.00017,0.021999,0.006653,0.001858,0.023539,0.007002,0.003506,0.06301,0.00087,0.000157,0.001276,0.0082,0.000136,0.025448,0.006432,0.008994,0.000117,0.011963,0.000902,0.074251,0.03082,0.008523,0.00019,0.000169,0.001443,0.024998,7.2e-05,0.000251,0.002211,0.000287,0.103324,0.000998,0.006252,0.003951,0.000123,0.003916,0.000166,0.02603,0.000593,0.036413,0.000322,0.002474,0.014354,0.003264,0.001173,0.031642,0.031688,0.003575,1.1e-05,0.00019,0.00492,0.007845,0.000131,0.002888,0.2767,6.6e-05,0.175109,1e-04,0.000129,0.000454,0.011538,0.113795,0.001513,0.073124,0.079457,0.000218,0.02079,0.005911,0.004426,0.000184,0.000803,0.000105,0.000132,0.000102,0.003087,0.000189,0.00013,0.028566,0.000568,0.001483,0.026585,0.000618,0.00983,0.021992,0.02065,0.000135,0.000133,0.064885,0.000351,0.005135,0.014265,0.000768,0.001674,0.001215,0.000144,0.173065,0.002711,5e-04,0.002484,0.024312,0.000392,0.006563,0.000135,0.002211,0.001599,0.000396,0.058961,0.001826,0.003069,0.025635,0.000408,0.004511,0.008178,6.4e-05,4.6e-05,0.000122,0.001907,0.00065,0.108587,0.001761,0.000229,0.000139,0.000155,0.022965,0.004707,0.002406,0.000104,0.001195,0.000213,0.000337,0.050853,0.037631,0.03257,0.003972,0.026705,0.003577,0.015503,0.167659,0.009118,0.01101,0.000636,0.001011,0.005279,0.007957,0.003322,0.183119,0.024112,0.015682,0.000667,0.000619,0.001076,0.052433,0.002744,0.000234,0.000104,0.000212,0.004748,0.019768,0.003964,0.002314,0.008748,0.014218,0.00317,0.000325,0.008547,0.000692,0.090023,0.014401,0.010225,0.012028,0.000709,0.00027,0.001781,0.00203,0.008306,0.001812,0.003807,0.000671,0.059731,0.017844,0.038901,0.00084,0.006199,0.000679,4.3e-05,0.000168,0.001301,0.000311,0.004288,0.004898,0.000147,0.030953,0.00065,7.1e-05,0.001778,0.073684,0.061919,0.000277,0.001703,0.00015,0.016934,0.003143,0.000105,0.024017,0.000122,0.00014,0.000292,4.4e-05,6.7e-05,0.001391,0.000735
"arusha/arushaurban/kati",0,0,0,0,0,0,0,0,0,0,0,0,0,0,0,0,0,0,0,0,0,0,0,0,0,0,0,0,0,0,0,0,0,0,0,0,0,0,0,0,0,0,0,0,0,0,0,0,0,0,0,0,0,0,0,0,0,0,0,0,0,0,0,0,0,0,0,0,0,0,0,0,0,0,0,0,0,0,0,0,0,0,0,0,0,0,0,0,0,0,0,0,0,0,0,0,0,0,0,0,0,0,0,0,0,0,0,0,0,0,0,0,0,0,0,0,0,0,0,0,0,0,0,0,0,0,0,0,0,0,0,0,0,0,0,0,0,0,0,0,0,0,0,0,0,0,0,0,0,0,0,0,0,0,0,0,0,0,0,0,0,0,0,0,0,0,0,0,0,0,0,0,0,0,0,0,0,0,0,0,0,0,0,0,0,0,0,0,0,0,0,0,0,0,0,0,0,0,0,0,0,0,0,0,0,0,0,0,0,0,0,0,0,0,0,0,0,0,0,0,0,0,0,0,0,0,0,0,0,0,0,0,0,0,0,0,0,0,0,0,0,0,0,0,0,0,0,0,0,0,0,0,0,0,0,0,0,0,0,0,0,0,0,0,0,0,0,0,0,0,0,0,0,0,0,0,0,0,0,0,0,0,0,0,0,0,0,0,0,0,0,0,0,0,0,0,0,0,0,0,0,0,0,0,0,0,0,0,0,0,0,0,0,0,0,0,0,0,0,0,0,0,0,0,0,0,0,0,0,0,0,0,0,0,0,0,0,0,0,0,0,0,0,0,0,0,0,0,0,0,0,0,0,0,0,0,0,0,0,0,0,0,0,0,0,0,0,0,0,0,0,0,0,0,0,0,0,0,0,0,0,0,0,0,0,0,0,0,0,0,0,0,0,0,0,0,0,0
"kilimanjaro/rombo/kelamfuamokala",0,0,0,0,0,0,0,0,0,0,0,0,0,0,0,0,0,0,0,0,0,0,0,0,0,0,0,0,0,0,0,0,0,0,0,0,0,0,0,0,0,0,0,0,0,0,0,0,0,0,0,0,0,0,0,0,0,0,0,0,0,0,0,0,0,0,0,0,0,0,0,0,0,0,0,0,0,0,0,0,0,0,0,0,0,0,0,0,0,0,0,0,0,0,0,0,0,0,0,0,0,0,0,0,0,0,0,0,0,0,0,0,0,0,0,0,0,0,0,0,0,0,0,0,0,0,0,0,0,0,0,0,0,0,0,0,0,0,0,0,0,0,0,0,0,0,0,0,0,0,0,0,0,0,0,0,0,0,0,0,0,0,0,0,0,0,0,0,0,0,0,0,0,0,0,0,0,0,0,0,0,0,0,0,0,0,0,0,0,0,0,0,0,0,0,0,0,0,0,0,0,0,0,0,0,0,0,0,0,0,0,0,0,0,0,0,0,0,0,0,0,0,0,0,0,0,0,0,0,0,0,0,0,0,0,0,0,0,0,0,0,0,0,0,0,0,0,0,0,0,0,0,0,0,0,0,0,0,0,0,0,0,0,0,0,0,0,0,0,0,0,0,0,0,0,0,0,0,0,0,0,0,0,0,0,0,0,0,0,0,0,0,0,0,0,0,0,0,0,0,0,0,0,0,0,0,0,0,0,0,0,0,0,0,0,0,0,0,0,0,0,0,0,0,0,0,0,0,0,0,0,0,0,0,0,0,0,0,0,0,0,0,0,0,0,0,0,0,0,0,0,0,0,0,0,0,0,0,0,0,0,0,0,0,0,0,0,0,0,0,0,0,0,0,0,0,0,0,0,0,0,0,0,0,0,0,0,0,0,0,0,0,0,0,0,0,0,0
"kilimanjaro/rombo/kenimengeni",0,0,0,0,0,0,0,0,0,0,0,0,0,0,0,0,0,0,0,0,0,0,0,0,0,0,0,0,0,0,0,0,0,0,0,0,0,0,0,0,0,0,0,0,0,0,0,0,0,0,0,0,0,0,0,0,0,0,0,0,0,0,0,0,0,0,0,0,0,0,0,0,0,0,0,0,0,0,0,0,0,0,0,0,0,0,0,0,0,0,0,0,0,0,0,0,0,0,0,0,0,0,0,0,0,0,0,0,0,0,0,0,0,0,0,0,0,0,0,0,0,0,0,0,0,0,0,0,0,0,0,0,0,0,0,0,0,0,0,0,0,0,0,0,0,0,0,0,0,0,0,0,0,0,0,0,0,0,0,0,0,0,0,0,0,0,0,0,0,0,0,0,0,0,0,0,0,0,0,0,0,0,0,0,0,0,0,0,0,0,0,0,0,0,0,0,0,0,0,0,0,0,0,0,0,0,0,0,0,0,0,0,0,0,0,0,0,0,0,0,0,0,0,0,0,0,0,0,0,0,0,0,0,0,0,0,0,0,0,0,0,0,0,0,0,0,0,0,0,0,0,0,0,0,0,0,0,0,0,0,0,0,0,0,0,0,0,0,0,0,0,0,0,0,0,0,0,0,0,0,0,0,0,0,0,0,0,0,0,0,0,0,0,0,0,0,0,0,0,0,0,0,0,0,0,0,0,0,0,0,0,0,0,0,0,0,0,0,0,0,0,0,0,0,0,0,0,0,0,0,0,0,0,0,0,0,0,0,0,0,0,0,0,0,0,0,0,0,0,0,0,0,0,0,0,0,0,0,0,0,0,0,0,0,0,0,0,0,0,0,0,0,0,0,0,0,0,0,0,0,0,0,0,0,0,0,0,0,0,0,0,0,0,0,0,0,0,0
"kilimanjaro/hai/kia",5e-06,0,0,0,0,5.9e-05,0,0,0,1e-06,0,0,3e-06,4.1e-05,0,0,0,0,0,0,0,9e-06,0,1e-06,0,0,0,0,0,0,2.5e-05,0,0,0,0,0,3e-06,0,0,0,0,0,1e-06,0,0,0,0,0.000603,9e-06,0,0,0,0,0,0,0,2e-06,0,2e-06,3e-06,1e-06,1e-06,5e-06,0,0,2.2e-05,3e-06,0,0,1e-06,0,0,2e-06,0,0,1e-06,0,0,0,0,0,0,0,0,0,0,0.003386,0,0,6e-06,0,0,0.000122,1.8e-05,0,0,2.7e-05,0,0.000124,2.2e-05,0,0,1e-06,4e-06,7e-06,5.2e-05,0,5.8e-05,1e-05,1e-06,1.9e-05,4.1e-05,0,0,1e-06,0,0,0,0.000199,1.5e-05,7e-06,0.000272,0,1e-06,0,1e-06,1e-06,0.001003,3.8e-05,1e-06,1e-06,1.5e-05,3.3e-05,1.1e-05,0,2e-05,1e-06,1.9e-05,3.2e-05,9.3e-05,8e-05,0,5e-06,7e-06,1e-06,1.3e-05,0,6e-05,4.6e-05,1.4e-05,0,0,0,0,4e-06,7.2e-05,1e-06,0,0,0.003958,4e-06,1e-05,1e-06,1e-06,0,0,7e-06,1.3e-05,3.4e-05,2e-06,0,5e-06,0.000468,2e-06,5e-06,1e-06,8e-06,0,7.8e-05,0,0,0,4e-06,1.1e-05,0.000428,0.027832,0,1e-06,0.000316,9e-05,3.8e-05,0,0,0,1e-06,0,0,0,8e-05,0,0.000252,0,2e-06,3e-06,3.7e-05,1.2e-05,0.000258,3e-06,1e-06,1e-06,1e-06,0,6.1e-05,0,0,1e-06,0,0.000223,4e-06,2.4e-05,0,2e-06,0,2e-06,0.000788,8e-06,0.000367,1.1e-05,0,0,0,0,8e-06,3.7e-05,0,0,1e-06,2.4e-05,1e-06,0,3.5e-05,0.000168,1e-06,0.000163,0,1e-06,4e-06,4e-05,0,1e-06,0.000162,3.4e-05,0,5.8e-05,1.6e-05,1e-06,0,2e-06,1e-06,0,0,1.3e-05,0,0,1e-06,0,0,2.4e-05,0,0,2.3e-05,5.5e-05,0,0,0.000214,1e-06,1e-06,5e-06,0,0,1.1e-05,0,0.000124,0,0,0,0,1e-06,0,1e-06,0,5e-06,0,0.000263,1.5e-05,1.5e-05,6.7e-05,1e-06,8e-06,0,0,0,1e-06,2e-06,0,3e-06,6e-06,1e-06,1e-06,1e-06,2.3e-05,0,0,1e-06,8e-06,0,0,7.6e-05,9.9e-05,3.1e-05,3e-06,3.8e-05,0.000118,2.9e-05,0.000229,1e-06,1e-06,2e-06,0,8e-06,1.9e-05,5e-06,0.000121,3e-06,3e-06,0,7e-06,0,0.000268,0,0,1e-06,0,0,1.1e-05,1e-06,0,1.8e-05,1.1e-05,0,0,8.3e-05,3e-06,0.000212,2e-06,4e-06,2.1e-05,1e-06,1e-06,2.4e-05,0,0,0,0,0,0.000164,2.4e-05,7e-05,0,2.9e-05,8e-06,0,0,0,1e-06,8e-06,1e-06,0,3.4e-05,0,0,0,0.000182,0,0,3e-06,1e-06,0.000162,2.1e-05,1e-06,0.000162,0,0,0,0,0,0,0
"manyara/kiteto/kibaya",6e-06,1e-06,1e-06,7e-06,1e-06,4.6e-05,0,0,1e-06,0.000126,2e-06,1e-06,4e-06,6.4e-05,1.2e-05,1e-06,0,2e-06,0,2e-06,3e-06,4e-06,1e-06,1e-06,2e-06,0,1e-06,0,0.001268,3e-06,4e-05,0.000267,1e-06,1e-06,1e-06,1e-06,6e-06,2e-05,1e-06,1.2e-05,0,1e-06,0.001382,1.1e-05,0.00069,1e-06,2e-06,0.001397,0.000258,0,0,0,0,1e-06,2.1e-05,0,1e-06,1e-06,0.000132,0.000155,1.1e-05,2e-05,2.3e-05,0.000634,0,4.3e-05,1.6e-05,0,5e-06,0.000115,0,0,1e-06,5e-06,2e-06,1.6e-05,2e-06,0,0,0,0,2e-06,0,1e-06,1e-06,0,0.000272,0,1e-05,0.000304,0,0,0.000322,3e-05,1e-06,2e-05,1.5e-05,0,0.000153,3.8e-05,0,0,6.5e-05,9e-06,4e-06,0.000141,0,2.6e-05,8e-06,3.7e-05,1.1e-05,8.2e-05,1.3e-05,0,1e-06,1e-06,9.8e-05,0,0.000153,1.3e-05,5e-06,0.000248,1e-06,5e-06,1e-06,2.9e-05,0.001327,0.000287,2.7e-05,1e-06,1e-06,2.4e-05,7.5e-05,6e-06,0,3.4e-05,2e-06,1.8e-05,0.000205,4.1e-05,1.6e-05,2e-06,1.1e-05,4e-06,2e-06,7e-05,1e-06,7.1e-05,5.6e-05,1.9e-05,1e-06,1e-06,1e-06,2e-06,8.4e-05,0.00031,3e-06,2e-06,5.7e-05,0.002195,1.2e-05,0.000163,0,4e-06,0,1e-06,1.6e-05,8e-06,6.8e-05,8e-06,0.000409,5.6e-05,0.000987,5.9e-05,4e-06,0.000103,0.000156,1e-06,4.3e-05,0.000588,1e-06,2e-06,0.000271,8e-06,0.000247,0.008001,0,1e-06,0.000129,3.8e-05,1.2e-05,5e-06,4e-06,0,4.5e-05,0.000149,1e-06,1e-06,5.1e-05,0,0.000128,0.000192,8.8e-05,1e-06,7.6e-05,5e-06,0.000537,4.7e-05,2e-05,1e-06,1e-06,1e-06,0.00017,0,0,2.4e-05,0,0.000696,6e-06,4e-05,0,1e-06,0,1e-06,0.00015,3e-06,0.000206,2e-06,1e-06,0,0,0,0.000113,0.000126,0.000872,0,1e-06,1.9e-05,1.1e-05,1e-06,1.7e-05,0.001628,0,0.001303,1e-06,1e-06,3e-06,5.4e-05,1e-06,6e-06,0.000323,0.000197,1e-06,9.3e-05,3.3e-05,5.6e-05,1e-06,6e-06,1e-06,1e-06,1e-06,1.6e-05,0,2e-06,3.3e-05,2e-06,1e-06,9.7e-05,0,1.1e-05,8.3e-05,0.000163,1e-06,2e-06,0.000452,2e-06,6.6e-05,0.000115,0,3e-06,8e-06,0,0.000827,1e-06,2e-04,1e-06,0,2e-06,1e-06,1e-06,0.000296,8e-06,5e-06,3e-04,1.2e-05,1.5e-05,8.3e-05,2e-06,4.2e-05,1.2e-05,0,0,1e-06,1.9e-05,0.000839,0.000104,8e-06,1e-06,1e-06,1e-06,6.5e-05,6e-06,0.000463,1e-06,7e-06,0,1e-06,0.000156,0.000235,0.000102,1.8e-05,0.000106,1.9e-05,7.6e-05,0.000543,1.9e-05,2.3e-05,3e-06,3e-06,2.1e-05,3.4e-05,1.3e-05,0.000595,7.8e-05,0.000226,0.000955,4e-06,3e-06,0.000254,5e-06,0,1e-06,0,1e-06,0.000257,8.3e-05,7e-06,3.6e-05,0.000152,1e-05,0,4.4e-05,3e-06,0.000407,2.4e-05,3e-05,5.7e-05,6e-06,2e-06,1.1e-05,1e-06,1e-06,1e-06,1e-06,2e-06,0.000269,5.4e-05,0.000164,0.000172,2.9e-05,4e-06,0,2e-06,0.000115,2e-06,1.8e-05,1.6e-05,1e-06,1e-04,0,1e-06,0,0.000466,5e-06,0,7e-06,1e-06,0.000104,1.9e-05,1e-06,0.000118,1e-06,2e-06,3e-06,0,1e-06,0,0
"kilimanjaro/moshimunicipal/kiboriloni",0,0,0,0,0,0,0,0,0,0,0,0,0,0,0,0,0,0,0,0,0,0,0,0,0,0,0,0,0,0,0,0,0,0,0,0,0,0,0,0,0,0,0,0,0,0,0,0,0,0,0,0,0,0,0,0,0,0,0,0,0,0,0,0,0,0,0,0,0,0,0,0,0,0,0,0,0,0,0,0,0,0,0,0,0,0,0,0,0,0,0,0,0,0,0,0,0,0,0,0,0,0,0,0,0,0,0,0,0,0,0,0,0,0,0,0,0,0,0,0,0,0,0,0,0,0,0,0,0,0,0,0,0,0,0,0,0,0,0,0,0,0,0,0,0,0,0,0,0,0,0,0,0,0,0,0,0,0,0,0,0,0,0,0,0,0,0,0,0,0,0,0,0,0,0,0,0,0,0,0,0,0,0,0,0,0,0,0,0,0,0,0,0,0,0,0,0,0,0,0,0,0,0,0,0,0,0,0,0,0,0,0,0,0,0,0,0,0,0,0,0,0,0,0,0,0,0,0,0,0,0,0,0,0,0,0,0,0,0,0,0,0,0,0,0,0,0,0,0,0,0,0,0,0,0,0,0,0,0,0,0,0,0,0,0,0,0,0,0,0,0,0,0,0,0,0,0,0,0,0,0,0,0,0,0,0,0,0,0,0,0,0,0,0,0,0,0,0,0,0,0,0,0,0,0,0,0,0,0,0,0,0,0,0,0,0,0,0,0,0,0,0,0,0,0,0,0,0,0,0,0,0,0,0,0,0,0,0,0,0,0,0,0,0,0,0,0,0,0,0,0,0,0,0,0,0,0,0,0,0,0,0,0,0,0,0,0,0,0,0,0,0,0,0,0,0,0,0,0,0,0,0,0,0,0,0,0,0,0,0,0,0,0,0,0,0,0,0
"kilimanjaro/moshi/kiboshokati",0,0,0,0,0,0,0,0,0,0,0,0,0,0,0,0,0,0,0,0,0,0,0,0,0,0,0,0,0,0,0,0,0,0,0,0,0,0,0,0,0,0,0,0,0,0,0,0,0,0,0,0,0,0,0,0,0,0,0,0,0,0,0,0,0,0,0,0,0,0,0,0,0,0,0,0,0,0,0,0,0,0,0,0,0,0,0,0,0,0,0,0,0,0,0,0,0,0,0,0,0,0,0,0,0,0,0,0,0,0,0,0,0,0,0,0,0,0,0,0,0,0,0,0,0,0,0,0,0,0,0,0,0,0,0,0,0,0,0,0,0,0,0,0,0,0,0,0,0,0,0,0,0,0,0,0,0,0,0,0,0,0,0,0,0,0,0,0,0,0,0,0,0,0,0,0,0,0,0,0,0,0,0,0,0,0,0,0,0,0,0,0,0,0,0,0,0,0,0,0,0,0,0,0,0,0,0,0,0,0,0,0,0,0,0,0,0,0,0,0,0,0,0,0,0,0,0,0,0,0,0,0,0,0,0,0,0,0,0,0,0,0,0,0,0,0,0,0,0,0,0,0,0,0,0,0,0,0,0,0,0,0,0,0,0,0,0,0,0,0,0,0,0,0,0,0,0,0,0,0,0,0,0,0,0,0,0,0,0,0,0,0,0,0,0,0,0,0,0,0,0,0,0,0,0,0,0,0,0,0,0,0,0,0,0,0,0,0,0,0,0,0,0,0,0,0,0,0,0,0,0,0,0,0,0,0,0,0,0,0,0,0,0,0,0,0,0,0,0,0,0,0,0,0,0,0,0,0,0,0,0,0,0,0,0,0,0,0,0,0,0,0,0,0,0,0,0,0,0,0,0,0,0,0,0,0,0,0,0,0,0,0,0,0,0,0,0,0
"kilimanjaro/moshi/kiboshomagharibi",0,0,0,0,0,0,0,0,0,0,0,0,0,0,0,0,0,0,0,0,0,0,0,0,0,0,0,0,0,0,0,0,0,0,0,0,0,0,0,0,0,0,0,0,0,0,0,0,0,0,0,0,0,0,0,0,0,0,0,0,0,0,0,0,0,0,0,0,0,0,0,0,0,0,0,0,0,0,0,0,0,0,0,0,0,0,0,0,0,0,0,0,0,0,0,0,0,0,0,0,0,0,0,0,0,0,0,0,0,0,0,0,0,0,0,0,0,0,0,0,0,0,0,0,0,0,0,0,0,0,0,0,0,0,0,0,0,0,0,0,0,0,0,0,0,0,0,0,0,0,0,0,0,0,0,0,0,0,0,0,0,0,0,0,0,0,0,0,0,0,0,0,0,0,0,0,0,0,0,0,0,0,0,0,0,0,0,0,0,0,0,0,0,0,0,0,0,0,0,0,0,0,0,0,0,0,0,0,0,0,0,0,0,0,0,0,0,0,0,0,0,0,0,0,0,0,0,0,0,0,0,0,0,0,0,0,0,0,0,0,0,0,0,0,0,0,0,0,0,0,0,0,0,0,0,0,0,0,0,0,0,0,0,0,0,0,0,0,0,0,0,0,0,0,0,0,0,0,0,0,0,0,0,0,0,0,0,0,0,0,0,0,0,0,0,0,0,0,0,0,0,0,0,0,0,0,0,0,0,0,0,0,0,0,0,0,0,0,0,0,0,0,0,0,0,0,0,0,0,0,0,0,0,0,0,0,0,0,0,0,0,0,0,0,0,0,0,0,0,0,0,0,0,0,0,0,0,0,0,0,0,0,0,0,0,0,0,0,0,0,0,0,0,0,0,0,0,0,0,0,0,0,0,0,0,0,0,0,0,0,0,0,0,0,0,0,0,0
"kilimanjaro/moshi/kiboshomashariki",0,0,0,0,0,0,0,0,0,0,0,0,0,0,0,0,0,0,0,0,0,0,0,0,0,0,0,0,0,0,0,0,0,0,0,0,0,0,0,0,0,0,0,0,0,0,0,0,0,0,0,0,0,0,0,0,0,0,0,0,0,0,0,0,0,0,0,0,0,0,0,0,0,0,0,0,0,0,0,0,0,0,0,0,0,0,0,0,0,0,0,0,0,0,0,0,0,0,0,0,0,0,0,0,0,0,0,0,0,0,0,0,0,0,0,0,0,0,0,0,0,0,0,0,0,0,0,0,0,0,0,0,0,0,0,0,0,0,0,0,0,0,0,0,0,0,0,0,0,0,0,0,0,0,0,0,0,0,0,0,0,0,0,0,0,0,0,0,0,0,0,0,0,0,0,0,0,0,0,0,0,0,0,0,0,0,0,0,0,0,0,0,0,0,0,0,0,0,0,0,0,0,0,0,0,0,0,0,0,0,0,0,0,0,0,0,0,0,0,0,0,0,0,0,0,0,0,0,0,0,0,0,0,0,0,0,0,0,0,0,0,0,0,0,0,0,0,0,0,0,0,0,0,0,0,0,0,0,0,0,0,0,0,0,0,0,0,0,0,0,0,0,0,0,0,0,0,0,0,0,0,0,0,0,0,0,0,0,0,0,0,0,0,0,0,0,0,0,0,0,0,0,0,0,0,0,0,0,0,0,0,0,0,0,0,0,0,0,0,0,0,0,0,0,0,0,0,0,0,0,0,0,0,0,0,0,0,0,0,0,0,0,0,0,0,0,0,0,0,0,0,0,0,0,0,0,0,0,0,0,0,0,0,0,0,0,0,0,0,0,0,0,0,0,0,0,0,0,0,0,0,0,0,0,0,0,0,0,0,0,0,0,0,0,0,0,0,0
"kilimanjaro/mwanga/kifula",0,0,0,0,0,0,0,0,0,0,0,0,0,0,0,0,0,0,0,0,0,0,0,0,0,0,0,0,0,0,0,0,0,0,0,0,0,0,0,0,0,0,0,0,0,0,0,0,0,0,0,0,0,0,0,0,0,0,0,0,0,0,0,0,0,0,0,0,0,0,0,0,0,0,0,0,0,0,0,0,0,0,0,0,0,0,0,0,0,0,0,0,0,0,0,0,0,0,0,0,0,0,0,0,0,0,0,0,0,0,0,0,0,0,0,0,0,0,0,0,0,0,0,0,0,0,0,0,0,0,0,0,0,0,0,0,0,0,0,0,0,0,0,0,0,0,0,0,0,0,0,0,0,0,0,0,0,0,0,0,0,0,0,0,0,0,0,0,0,0,0,0,0,0,0,0,0,0,0,0,0,0,0,0,0,0,0,0,0,0,0,0,0,0,0,0,0,0,0,0,0,0,0,0,0,0,0,0,0,0,0,0,0,0,0,0,0,0,0,0,0,0,0,0,0,0,0,0,0,0,0,0,0,0,0,0,0,0,0,0,0,0,0,0,0,0,0,0,0,0,0,0,0,0,0,0,0,0,0,0,0,0,0,0,0,0,0,0,0,0,0,0,0,0,0,0,0,0,0,0,0,0,0,0,0,0,0,0,0,0,0,0,0,0,0,0,0,0,0,0,0,0,0,0,0,0,0,0,0,0,0,0,0,0,0,0,0,0,0,0,0,0,0,0,0,0,0,0,0,0,0,0,0,0,0,0,0,0,0,0,0,0,0,0,0,0,0,0,0,0,0,0,0,0,0,0,0,0,0,0,0,0,0,0,0,0,0,0,0,0,0,0,0,0,0,0,0,0,0,0,0,0,0,0,0,0,0,0,0,0,0,0,0,0,0,0,0,0
"kilimanjaro/mwanga/kighare",0,0,0,0,0,0,0,0,0,0,0,0,0,0,0,0,0,0,0,0,0,0,0,0,0,0,0,0,0,0,0,0,0,0,0,0,0,0,0,0,0,0,0,0,0,0,0,0,0,0,0,0,0,0,0,0,0,0,0,0,0,0,0,0,0,0,0,0,0,0,0,0,0,0,0,0,0,0,0,0,0,0,0,0,0,0,0,0,0,0,0,0,0,0,0,0,0,0,0,0,0,0,0,0,0,0,0,0,0,0,0,0,0,0,0,0,0,0,0,0,0,0,0,0,0,0,0,0,0,0,0,0,0,0,0,0,0,0,0,0,0,0,0,0,0,0,0,0,0,0,0,0,0,0,0,0,0,0,0,0,0,0,0,0,0,0,0,0,0,0,0,0,0,0,0,0,0,0,0,0,0,0,0,0,0,0,0,0,0,0,0,0,0,0,0,0,0,0,0,0,0,0,0,0,0,0,0,0,0,0,0,0,0,0,0,0,0,0,0,0,0,0,0,0,0,0,0,0,0,0,0,0,0,0,0,0,0,0,0,0,0,0,0,0,0,0,0,0,0,0,0,0,0,0,0,0,0,0,0,0,0,0,0,0,0,0,0,0,0,0,0,0,0,0,0,0,0,0,0,0,0,0,0,0,0,0,0,0,0,0,0,0,0,0,0,0,0,0,0,0,0,0,0,0,0,0,0,0,0,0,0,0,0,0,0,0,0,0,0,0,0,0,0,0,0,0,0,0,0,0,0,0,0,0,0,0,0,0,0,0,0,0,0,0,0,0,0,0,0,0,0,0,0,0,0,0,0,0,0,0,0,0,0,0,0,0,0,0,0,0,0,0,0,0,0,0,0,0,0,0,0,0,0,0,0,0,0,0,0,0,0,0,0,0,0,0,0,0
"kilimanjaro/mwanga/kigoningoni",0,0,0,0,0,0,0,0,0,0,0,0,0,0,0,0,0,0,0,0,0,0,0,0,0,0,0,0,0,0,0,0,0,0,0,0,0,0,0,0,0,0,0,0,0,0,0,0,0,0,0,0,0,0,0,0,0,0,0,0,0,0,0,0,0,0,0,0,0,0,0,0,0,0,0,0,0,0,0,0,0,0,0,0,0,0,0,0,0,0,0,0,0,0,0,0,0,0,0,0,0,0,0,0,0,0,0,0,0,0,0,0,0,0,0,0,0,0,0,0,0,0,0,0,0,0,0,0,0,0,0,0,0,0,0,0,0,0,0,0,0,0,0,0,0,0,0,0,0,0,0,0,0,0,0,0,0,0,0,0,0,0,0,0,0,0,0,0,0,0,0,0,0,0,0,0,0,0,0,0,0,0,0,0,0,0,0,0,0,0,0,0,0,0,0,0,0,0,0,0,0,0,0,0,0,0,0,0,0,0,0,0,0,0,0,0,0,0,0,0,0,0,0,0,0,0,0,0,0,0,0,0,0,0,0,0,0,0,0,0,0,0,0,0,0,0,0,0,0,0,0,0,0,0,0,0,0,0,0,0,0,0,0,0,0,0,0,0,0,0,0,0,0,0,0,0,0,0,0,0,0,0,0,0,0,0,0,0,0,0,0,0,0,0,0,0,0,0,0,0,0,0,0,0,0,0,0,0,0,0,0,0,0,0,0,0,0,0,0,0,0,0,0,0,0,0,0,0,0,0,0,0,0,0,0,0,0,0,0,0,0,0,0,0,0,0,0,0,0,0,0,0,0,0,0,0,0,0,0,0,0,0,0,0,0,0,0,0,0,0,0,0,0,0,0,0,0,0,0,0,0,0,0,0,0,0,0,0,0,0,0,0,0,0,0,0,0,0
"kilimanjaro/same/kihurio",0,0,0,0,0,0,0,0,0,0,0,0,0,0,0,0,0,0,0,0,0,0,0,0,0,0,0,0,0,0,0,0,0,0,0,0,0,0,0,0,0,0,0,0,0,0,0,0,0,0,0,0,0,0,0,0,0,0,0,0,0,0,0,0,0,0,0,0,0,0,0,0,0,0,0,0,0,0,0,0,0,0,0,0,0,0,0,0,0,0,0,0,0,0,0,0,0,0,0,0,0,0,0,0,0,0,0,0,0,0,0,0,0,0,0,0,0,0,0,0,0,0,0,0,0,0,0,0,0,0,0,0,0,0,0,0,0,0,0,0,0,0,0,0,0,0,0,0,0,0,0,0,0,0,0,0,0,0,0,0,0,0,0,0,0,0,0,0,0,0,0,0,0,0,0,0,0,0,0,0,0,0,0,0,0,0,0,0,0,0,0,0,0,0,0,0,0,0,0,0,0,0,0,0,0,0,0,0,0,0,0,0,0,0,0,0,0,0,0,0,0,0,0,0,0,0,0,0,0,0,0,0,0,0,0,0,0,0,0,0,0,0,0,0,0,0,0,0,0,0,0,0,0,0,0,0,0,0,0,0,0,0,0,0,0,0,0,0,0,0,0,0,0,0,0,0,0,0,0,0,0,0,0,0,0,0,0,0,0,0,0,0,0,0,0,0,0,0,0,0,0,0,0,0,0,0,0,0,0,0,0,0,0,0,0,0,0,0,0,0,0,0,0,0,0,0,0,0,0,0,0,0,0,0,0,0,0,0,0,0,0,0,0,0,0,0,0,0,0,0,0,0,0,0,0,0,0,0,0,0,0,0,0,0,0,0,0,0,0,0,0,0,0,0,0,0,0,0,0,0,0,0,0,0,0,0,0,0,0,0,0,0,0,0,0,0,0,0
"manyara/kiteto/kijungu",0,0,0,0,0,0,0,0,0,0,0,0,0,0,0,0,0,0,0,0,0,0,0,0,0,0,0,0,0,0,0,0,0,0,0,0,0,0,0,0,0,0,0,0,0,0,0,0,0,0,0,0,0,0,0,0,0,0,0,0,0,0,0,0,0,0,0,0,0,0,0,0,0,0,0,0,0,0,0,0,0,0,0,0,0,0,0,0,0,0,0,0,0,0,0,0,0,0,0,0,0,0,0,0,0,0,0,0,0,0,0,0,0,0,0,0,0,0,0,0,0,0,0,0,0,0,0,0,0,0,0,0,0,0,0,0,0,0,0,0,0,0,0,0,0,0,0,0,0,0,0,0,0,0,0,0,0,0,0,0,0,0,0,0,0,0,0,0,0,0,0,0,0,0,0,0,0,0,0,0,0,0,0,0,0,0,0,0,0,0,0,0,0,0,0,0,0,0,0,0,0,0,0,0,0,0,0,0,0,0,0,0,0,0,0,0,0,0,0,0,0,0,0,0,0,0,0,0,0,0,0,0,0,0,0,0,0,0,0,0,0,0,0,0,0,0,0,0,0,0,0,0,0,0,0,0,0,0,0,0,0,0,0,0,0,0,0,0,0,0,0,0,0,0,0,0,0,0,0,0,0,0,0,0,0,0,0,0,0,0,0,0,0,0,0,0,0,0,0,0,0,0,0,0,0,0,0,0,0,0,0,0,0,0,0,0,0,0,0,0,0,0,0,0,0,0,0,0,0,0,0,0,0,0,0,0,0,0,0,0,0,0,0,0,0,0,0,0,0,0,0,0,0,0,0,0,0,0,0,0,0,0,0,0,0,0,0,0,0,0,0,0,0,0,0,0,0,0,0,0,0,0,0,0,0,0,0,0,0,0,0,0,0,0,0,0,0,0
"arusha/meru/kikatiti",0.015233,5.2e-05,0.000244,0.000316,5e-06,0.019891,2e-06,3e-06,4e-06,0.001188,1.9e-05,3e-06,0.007557,0.097864,0.000169,9e-06,7e-06,2.6e-05,4e-06,1.6e-05,3e-05,0.015993,4e-06,0.000507,3.5e-05,0.00016,8e-06,9e-06,2e-06,4.6e-05,0.02542,1.5e-05,2.1e-05,8.6e-05,5.3e-05,1e-05,0.006577,0.000237,2.3e-05,0.000448,5e-06,3e-06,0.000681,0.00017,9.8e-05,5e-06,0.000279,0.641046,0.009962,1.7e-05,6e-06,1.1e-05,1.6e-05,5e-06,0.000176,2e-06,0.001628,1.6e-05,0.001472,0.004842,0.002015,0.002437,0.008016,4.7e-05,0,0.047728,0.004848,3e-06,0.000275,0.001517,1.2e-05,1e-06,0.001919,9.4e-05,1.5e-05,0.001911,0.000177,2e-06,2e-06,3e-06,1e-06,2e-05,4e-06,4e-06,8e-06,4e-06,0.42107,3e-06,0.000134,0.005605,2e-06,4e-06,0.060361,0.042496,0.000114,0.000337,0.023219,5.4e-05,0.04748,0.009809,5e-06,7e-06,0.001036,0.010099,0.002471,0.04348,8e-06,0.01999,0.019164,0.001927,0.015374,0.023945,9.4e-05,0.000244,0.00036,0.000228,0.245984,1.1e-05,0.076221,0.008081,0.005465,0.132015,0.000144,0.00053,5e-05,0.000406,0.000652,0,0.094516,0.000364,0.000283,0.009521,0.015268,0.004125,3.5e-05,0.046527,0.001864,0.008103,0.038622,0.035187,0.210265,2.4e-05,0.011353,0.002982,0.000383,0.007032,1.1e-05,0.025018,0.021152,0.006232,0.000234,0.000116,0.000284,7.5e-05,0.002382,0.115843,0.00079,0.000419,0.00013,0.670304,0.001843,0.014095,0.000253,0.00029,3e-06,3e-06,0.003003,0.037195,0.071613,0.000853,0.000216,0.009671,0.576549,0.001573,0.004616,0.001149,0.013198,0.000133,0.029495,0.000411,1.5e-05,6.5e-05,0.003072,0.003825,0.205778,0.934266,0.000351,0.000693,0.125141,0.045591,0.009855,4.7e-05,0.000148,6e-06,0.001052,2.6e-05,0.000223,7e-06,0.030021,1.2e-05,0.768934,0.000257,0.002142,0.002666,0.020043,0.018873,0.113975,0.005401,0.000725,0.000337,0.000298,3e-05,0.032085,0.000104,4e-06,0.000481,4e-06,0.123789,0.002062,0.01173,6e-06,0.006881,3e-06,0.00136,0.247594,0.005718,0.203286,0.00221,2.6e-05,2e-06,2e-06,6e-06,0.00878,0.06489,6.8e-05,4.2e-05,0.000565,0.043896,0.000916,0.000184,0.023523,0.136951,0.000256,0.11866,3.1e-05,0.000479,0.001626,0.091403,4e-06,0.001965,0.293546,0.073347,0.000216,0.126692,0.011947,0.000961,0.000269,0.000872,0.000361,4e-05,2.7e-05,0.007423,1.7e-05,2.9e-05,0.002315,0.000277,7e-06,0.040972,4e-06,0.000254,0.042397,0.025903,0.000136,4.1e-05,0.100409,0.000565,0.001029,0.005049,7e-06,0.000165,0.004641,2.1e-05,0.132603,1.7e-05,1.6e-05,1.1e-05,2e-06,0.000678,8e-06,0.001442,9.7e-05,0.005316,8e-05,0.399981,0.005917,0.015895,0.189278,0.001712,0.004132,0.000357,7.8e-05,4.1e-05,0.000468,0.001008,1.8e-05,0.004644,0.016192,0.005755,0.001522,0.000611,0.060667,0.000269,4.2e-05,0.000322,0.003406,8e-06,4.7e-05,0.183918,0.057246,0.066378,0.004383,0.070985,0.075016,0.030282,0.45603,0.000791,0.001084,0.003681,8.4e-05,0.017709,0.04432,0.009002,0.198973,0.002646,0.003011,2.1e-05,0.00248,0.00017,0.557007,3.6e-05,1e-05,0.000404,1.4e-05,8e-06,0.006851,0.000532,0.000267,0.038464,0.006369,0.000353,3e-06,0.095487,0.009763,0.361655,0.003184,0.005791,0.022668,0.000713,0.000391,0.008076,6e-06,3e-06,6e-06,2e-06,5.8e-05,0.319309,0.069937,0.134035,2.2e-05,0.090119,0.002931,1.6e-05,3.8e-05,5.2e-05,0.000535,0.014048,0.001945,0.00077,0.058434,3e-06,3.8e-05,5e-06,0.106033,4.1e-05,3e-06,0.007299,0.000473,0.065438,0.009701,0.000315,0.457184,0.000225,4e-05,7.2e-05,1.8e-05,1.2e-05,5e-06,4e-06
"arusha/meru/kikwe",0,0,0,0,0,0,0,0,0,0,0,0,0,0,0,0,0,0,0,0,0,0,0,0,0,0,0,0,0,0,0,0,0,0,0,0,0,0,0,0,0,0,0,0,0,0,0,0,0,0,0,0,0,0,0,0,0,0,0,0,0,0,0,0,0,0,0,0,0,0,0,0,0,0,0,0,0,0,0,0,0,0,0,0,0,0,0,0,0,0,0,0,0,0,0,0,0,0,0,0,0,0,0,0,0,0,0,0,0,0,0,0,0,0,0,0,0,0,0,0,0,0,0,0,0,0,0,0,0,0,0,0,0,0,0,0,0,0,0,0,0,0,0,0,0,0,0,0,0,0,0,0,0,0,0,0,0,0,0,0,0,0,0,0,0,0,0,0,0,0,0,0,0,0,0,0,0,0,0,0,0,0,0,0,0,0,0,0,0,0,0,0,0,0,0,0,0,0,0,0,0,0,0,0,0,0,0,0,0,0,0,0,0,0,0,0,0,0,0,0,0,0,0,0,0,0,0,0,0,0,0,0,0,0,0,0,0,0,0,0,0,0,0,0,0,0,0,0,0,0,0,0,0,0,0,0,0,0,0,0,0,0,0,0,0,0,0,0,0,0,0,0,0,0,0,0,0,0,0,0,0,0,0,0,0,0,0,0,0,0,0,0,0,0,0,0,0,0,0,0,0,0,0,0,0,0,0,0,0,0,0,0,0,0,0,0,0,0,0,0,0,0,0,0,0,0,0,0,0,0,0,0,0,0,0,0,0,0,0,0,0,0,0,0,0,0,0,0,0,0,0,0,0,0,0,0,0,0,0,0,0,0,0,0,0,0,0,0,0,0,0,0,0,0,0,0,0,0,0,0,0,0,0,0,0,0,0,0,0,0,0,0,0,0,0,0,0,0
"kilimanjaro/moshi/kilemakaskazini",0,0,0,0,0,0,0,0,0,0,0,0,0,0,0,0,0,0,0,0,0,0,0,0,0,0,0,0,0,0,0,0,0,0,0,0,0,0,0,0,0,0,0,0,0,0,0,0,0,0,0,0,0,0,0,0,0,0,0,0,0,0,0,0,0,0,0,0,0,0,0,0,0,0,0,0,0,0,0,0,0,0,0,0,0,0,0,0,0,0,0,0,0,0,0,0,0,0,0,0,0,0,0,0,0,0,0,0,0,0,0,0,0,0,0,0,0,0,0,0,0,0,0,0,0,0,0,0,0,0,0,0,0,0,0,0,0,0,0,0,0,0,0,0,0,0,0,0,0,0,0,0,0,0,0,0,0,0,0,0,0,0,0,0,0,0,0,0,0,0,0,0,0,0,0,0,0,0,0,0,0,0,0,0,0,0,0,0,0,0,0,0,0,0,0,0,0,0,0,0,0,0,0,0,0,0,0,0,0,0,0,0,0,0,0,0,0,0,0,0,0,0,0,0,0,0,0,0,0,0,0,0,0,0,0,0,0,0,0,0,0,0,0,0,0,0,0,0,0,0,0,0,0,0,0,0,0,0,0,0,0,0,0,0,0,0,0,0,0,0,0,0,0,0,0,0,0,0,0,0,0,0,0,0,0,0,0,0,0,0,0,0,0,0,0,0,0,0,0,0,0,0,0,0,0,0,0,0,0,0,0,0,0,0,0,0,0,0,0,0,0,0,0,0,0,0,0,0,0,0,0,0,0,0,0,0,0,0,0,0,0,0,0,0,0,0,0,0,0,0,0,0,0,0,0,0,0,0,0,0,0,0,0,0,0,0,0,0,0,0,0,0,0,0,0,0,0,0,0,0,0,0,0,0,0,0,0,0,0,0,0,0,0,0,0,0,0,0
"kilimanjaro/moshi/kilemakati",0,0,0,0,0,0,0,0,0,0,0,0,0,0,0,0,0,0,0,0,0,0,0,0,0,0,0,0,0,0,0,0,0,0,0,0,0,0,0,0,0,0,0,0,0,0,0,0,0,0,0,0,0,0,0,0,0,0,0,0,0,0,0,0,0,0,0,0,0,0,0,0,0,0,0,0,0,0,0,0,0,0,0,0,0,0,0,0,0,0,0,0,0,0,0,0,0,0,0,0,0,0,0,0,0,0,0,0,0,0,0,0,0,0,0,0,0,0,0,0,0,0,0,0,0,0,0,0,0,0,0,0,0,0,0,0,0,0,0,0,0,0,0,0,0,0,0,0,0,0,0,0,0,0,0,0,0,0,0,0,0,0,0,0,0,0,0,0,0,0,0,0,0,0,0,0,0,0,0,0,0,0,0,0,0,0,0,0,0,0,0,0,0,0,0,0,0,0,0,0,0,0,0,0,0,0,0,0,0,0,0,0,0,0,0,0,0,0,0,0,0,0,0,0,0,0,0,0,0,0,0,0,0,0,0,0,0,0,0,0,0,0,0,0,0,0,0,0,0,0,0,0,0,0,0,0,0,0,0,0,0,0,0,0,0,0,0,0,0,0,0,0,0,0,0,0,0,0,0,0,0,0,0,0,0,0,0,0,0,0,0,0,0,0,0,0,0,0,0,0,0,0,0,0,0,0,0,0,0,0,0,0,0,0,0,0,0,0,0,0,0,0,0,0,0,0,0,0,0,0,0,0,0,0,0,0,0,0,0,0,0,0,0,0,0,0,0,0,0,0,0,0,0,0,0,0,0,0,0,0,0,0,0,0,0,0,0,0,0,0,0,0,0,0,0,0,0,0,0,0,0,0,0,0,0,0,0,0,0,0,0,0,0,0,0,0,0,0
"kilimanjaro/moshi/kilemakusini",0.000694,2.2e-05,0.004024,0.000184,3e-06,0.05898,1e-06,1e-06,2e-06,0.000583,1e-05,2e-06,0.000456,0.006429,9.7e-05,4e-06,4e-06,1.5e-05,3e-06,1e-05,5.1e-05,0.001894,2e-06,0.002187,7.3e-05,0.000661,4e-06,4e-06,2e-06,8.7e-05,0.002335,1.2e-05,4.3e-05,0.000447,2.4e-05,6e-06,0.000512,0.00013,1.1e-05,0.000267,3e-06,2e-06,0.000614,9.4e-05,8.1e-05,3e-06,7.3e-05,0.10436,0.003169,8e-06,3e-06,6e-06,6e-06,3e-06,0.000103,1e-06,0.000204,7e-06,0.001512,0.002715,0.000867,0.00079,0.00175,3.9e-05,0,0.003666,0.000767,2e-06,8.7e-05,0.000687,5e-06,0,0.000421,4.2e-05,1e-05,0.000799,6.8e-05,1e-06,2e-06,2e-06,1e-06,1.1e-05,2e-06,3e-06,5e-06,2e-06,0.148482,2e-06,8.4e-05,0.009328,1e-06,3e-06,0.77836,0.00327,3.5e-05,0.000163,0.007155,0.000446,0.321467,0.223899,2e-06,4e-06,0.002003,0.000793,0.012347,0.048905,4e-06,0.048509,0.001801,0.000758,0.005472,0.146861,5.9e-05,1.9e-05,0.004287,0.004304,0.041121,8e-06,0.416044,0.017058,0.00795,0.309153,0.001085,0.003239,0.000292,0.000723,0.000599,0.087406,0.003793,0.00612,0.009348,0,0.229461,0.014012,0.000153,0.00325,0.000158,0.109294,0.016586,0.059921,0.004868,4.3e-05,0.00096,0.006564,0.002606,0.03945,5e-06,0.581694,0.325762,0.425992,0.002041,0.000308,0.002499,0.000179,0.006447,0.016673,0.004761,0.000126,0.000125,0.937061,0.023909,0.004737,0.000884,0.001283,2e-06,2e-06,0.012035,0.001767,0.005767,0.003516,2e-04,0.002236,0.079398,0.002032,0.001664,0.000569,0.003595,4.7e-05,0.086952,0.000391,3e-05,3.9e-05,0.004747,0.02159,0.19459,0.951394,0.000319,0.000878,0.127942,0.030542,0.015308,2.5e-05,6.1e-05,4e-06,0.000436,2.2e-05,0.007431,3e-06,0.139704,4e-06,0.023529,0.000167,0.00374,0.000147,0.231139,0.001524,0.977503,0.001405,0.000377,0.008559,0.014543,1.2e-05,0.483444,0.001979,2e-06,0.001044,2e-06,0.580654,0.039467,0.351087,4e-06,0.000122,2e-06,0.000578,0.092246,0.001793,0.131564,0.001746,1.3e-05,1e-06,1e-06,3e-06,0.004231,0.007659,5.4e-05,0.00018,0.00461,0.003565,0.00031,0.003798,0.003165,0.029735,0.001123,0.3305,7.3e-05,0.002494,0.009395,0.005527,3e-06,0.000278,0.028381,0.014321,3.5e-05,0.008885,0.020475,0.001843,0.002716,0.00738,0.002456,9.4e-05,6.1e-05,0.011497,5e-06,6e-05,0.000786,0.000101,3e-06,0.005608,2e-06,9.7e-05,0.005565,0.149173,0.00132,8.4e-05,0.951525,0.014367,0.001919,0.003158,3e-06,6.3e-05,0.002244,8e-06,0.065893,8e-06,1.4e-05,6e-06,1e-06,0.002961,4e-06,0.000291,7.6e-05,0.002517,0.000153,0.032324,0.048106,0.005368,0.018124,0.000141,0.006336,0.000166,0.001414,0.000197,0.00216,0.00265,1.4e-05,0.001644,0.000873,0.000164,7.5e-05,0.001095,0.006386,0.000136,3.2e-05,0.003121,0.035567,4e-06,2.7e-05,0.025175,0.313063,0.008465,0.00079,0.008511,0.008497,0.01771,0.061715,0.000508,0.000671,0.000254,5.7e-05,0.001673,0.003265,0.000962,0.068494,0.001679,0.002768,1.7e-05,0.009602,8.4e-05,0.033284,1.7e-05,4e-06,0.00172,5e-06,4e-06,0.011444,0.000698,0.00015,0.003561,0.015386,0.00021,1e-06,0.015731,0.000402,0.03585,0.000868,0.001085,0.006701,0.004637,0.005603,0.021562,3e-06,2e-06,3e-06,1e-06,3.8e-05,0.026684,0.006078,0.012833,1.9e-05,0.00419,0.009201,3.5e-05,7.2e-05,4.8e-05,0.001814,0.001334,0.00052,5.6e-05,0.020923,2e-06,0.000164,2e-06,0.417549,2.5e-05,1e-06,0.000595,0.001905,0.196551,0.059367,0.001738,0.017232,0.002139,8.7e-05,0.000156,5.3e-05,2e-05,3e-06,2e-06
"kilimanjaro/mwanga/kileo",9e-06,0,2e-05,2e-06,0,0.001096,0,0,0,9e-06,0,0,6e-06,8.2e-05,1e-06,0,0,0,0,0,1e-06,1.3e-05,0,1.6e-05,2e-06,5e-06,0,0,0,2e-06,5.1e-05,0,1e-06,1.8e-05,0,0,7e-06,1e-06,0,4e-06,0,0,7e-06,1e-06,1e-06,0,1e-06,0.001444,4.9e-05,0,0,0,0,0,1e-06,0,3e-06,0,3.1e-05,2.7e-05,7e-06,7e-06,2e-05,1e-06,0,4.8e-05,1e-05,0,1e-06,8e-06,0,0,4e-06,1e-06,0,7e-06,1e-06,0,0,0,0,0,0,0,0,0,0.001731,0,1e-06,0.000139,0,0,0.015069,4e-05,0,2e-06,6.5e-05,1.8e-05,0.009897,0.008053,0,0,4.1e-05,1e-05,8.8e-05,0.00044,0,0.000375,1.9e-05,8e-06,4.9e-05,0.000928,1e-06,0,2e-05,2.1e-05,0.000502,0,0.003221,0.000113,4e-05,0.002481,5.1e-05,0.000144,1e-05,1.5e-05,7e-06,0.000781,5e-05,2.1e-05,2.4e-05,0.001435,0,9.7e-05,6e-06,4.1e-05,2e-06,0.000463,0.000186,0.000461,5.5e-05,1e-06,1.2e-05,4.5e-05,1.8e-05,0.001622,0,0.003353,0.001358,0.000799,1.1e-05,1e-05,1.7e-05,4e-06,0.000142,0.000221,2.4e-05,1e-06,2e-06,0.036989,0.001962,5.6e-05,7e-06,4.3e-05,0,0,0.000478,1.9e-05,7.5e-05,0.000137,2e-06,2.1e-05,0.001075,4.6e-05,1.5e-05,7e-06,3.8e-05,1e-06,0.000622,7e-06,1e-06,1e-06,9.9e-05,0.000235,0.001749,0.082783,3e-06,6e-06,0.001106,0.000257,0.000157,0,1e-06,0,5e-06,0,3.6e-05,0,0.000966,0,0.000285,3e-06,5.8e-05,2e-06,0.001294,1.6e-05,0.048164,1.4e-05,5e-06,2.9e-05,3.6e-05,0,0.004895,1e-05,0,2.2e-05,0,0.007403,0.000137,0.001187,0,2e-06,0,5e-06,0.000933,1.6e-05,0.001198,2e-05,0,0,0,0,5.3e-05,0.000103,1e-06,1e-06,2.1e-05,3.6e-05,3e-06,2e-05,4.6e-05,0.000667,7e-06,0.00957,2e-06,1.6e-05,5.8e-05,7.3e-05,0,4e-06,0.000366,0.000128,0,0.000116,0.00016,4e-05,1.6e-05,0.000474,1.5e-05,2e-06,1e-06,0.000181,0,1e-06,8e-06,1e-06,0,7.2e-05,0,1e-06,7e-05,0.009743,6.9e-05,2e-06,0.018609,5.6e-05,4e-05,4.2e-05,0,1e-06,3.9e-05,0,0.000762,0,0,0,0,1.9e-05,0,3e-06,1e-06,2.3e-05,3e-06,0.000444,0.000267,5e-05,0.000145,2e-06,0.000162,2e-06,1e-05,8e-06,1.5e-05,7.3e-05,0,1.7e-05,1.1e-05,2e-06,1e-06,7e-06,5.9e-05,1e-06,1e-06,2e-05,0.000152,0,0,0.000207,0.002493,8.5e-05,1.2e-05,0.000105,8.8e-05,0.00017,0.000569,5e-06,6e-06,3e-06,1e-06,2.1e-05,4.1e-05,1.2e-05,0.000569,2.3e-05,3.9e-05,0,7.4e-05,1e-06,0.000421,0,0,1.1e-05,0,0,0.00027,1.4e-05,2e-06,4.3e-05,0.000404,3e-06,0,0.000155,5e-06,0.000468,8e-06,1.5e-05,8e-05,0.000237,3e-05,0.000173,0,0,0,0,1e-06,0.00034,5.6e-05,0.000167,0,4.9e-05,6.8e-05,1e-06,2e-06,1e-06,1.3e-05,1.8e-05,6e-06,1e-06,0.000155,0,5e-06,0,0.004054,0,0,8e-06,1.1e-05,0.001419,0.000306,9e-06,0.000217,1.1e-05,2e-06,3e-06,1e-06,0,0,0
"kilimanjaro/moshimunicipal/kilimanjaro",0,0,0,0,0,0,0,0,0,0,0,0,0,0,0,0,0,0,0,0,0,0,0,0,0,0,0,0,0,0,0,0,0,0,0,0,0,0,0,0,0,0,0,0,0,0,0,0,0,0,0,0,0,0,0,0,0,0,0,0,0,0,0,0,0,0,0,0,0,0,0,0,0,0,0,0,0,0,0,0,0,0,0,0,0,0,0,0,0,0,0,0,0,0,0,0,0,0,0,0,0,0,0,0,0,0,0,0,0,0,0,0,0,0,0,0,0,0,0,0,0,0,0,0,0,0,0,0,0,0,0,0,0,0,0,0,0,0,0,0,0,0,0,0,0,0,0,0,0,0,0,0,0,0,0,0,0,0,0,0,0,0,0,0,0,0,0,0,0,0,0,0,0,0,0,0,0,0,0,0,0,0,0,0,0,0,0,0,0,0,0,0,0,0,0,0,0,0,0,0,0,0,0,0,0,0,0,0,0,0,0,0,0,0,0,0,0,0,0,0,0,0,0,0,0,0,0,0,0,0,0,0,0,0,0,0,0,0,0,0,0,0,0,0,0,0,0,0,0,0,0,0,0,0,0,0,0,0,0,0,0,0,0,0,0,0,0,0,0,0,0,0,0,0,0,0,0,0,0,0,0,0,0,0,0,0,0,0,0,0,0,0,0,0,0,0,0,0,0,0,0,0,0,0,0,0,0,0,0,0,0,0,0,0,0,0,0,0,0,0,0,0,0,0,0,0,0,0,0,0,0,0,0,0,0,0,0,0,0,0,0,0,0,0,0,0,0,0,0,0,0,0,0,0,0,0,0,0,0,0,0,0,0,0,0,0,0,0,0,0,0,0,0,0,0,0,0,0,0,0,0,0,0,0,0,0,0,0,0,0,0,0,0,0,0,0,0,0
"kilimanjaro/mwanga/kilomeni",0,0,0,0,0,0,0,0,0,0,0,0,0,0,0,0,0,0,0,0,0,0,0,0,0,0,0,0,0,0,0,0,0,0,0,0,0,0,0,0,0,0,0,0,0,0,0,0,0,0,0,0,0,0,0,0,0,0,0,0,0,0,0,0,0,0,0,0,0,0,0,0,0,0,0,0,0,0,0,0,0,0,0,0,0,0,0,0,0,0,0,0,0,0,0,0,0,0,0,0,0,0,0,0,0,0,0,0,0,0,0,0,0,0,0,0,0,0,0,0,0,0,0,0,0,0,0,0,0,0,0,0,0,0,0,0,0,0,0,0,0,0,0,0,0,0,0,0,0,0,0,0,0,0,0,0,0,0,0,0,0,0,0,0,0,0,0,0,0,0,0,0,0,0,0,0,0,0,0,0,0,0,0,0,0,0,0,0,0,0,0,0,0,0,0,0,0,0,0,0,0,0,0,0,0,0,0,0,0,0,0,0,0,0,0,0,0,0,0,0,0,0,0,0,0,0,0,0,0,0,0,0,0,0,0,0,0,0,0,0,0,0,0,0,0,0,0,0,0,0,0,0,0,0,0,0,0,0,0,0,0,0,0,0,0,0,0,0,0,0,0,0,0,0,0,0,0,0,0,0,0,0,0,0,0,0,0,0,0,0,0,0,0,0,0,0,0,0,0,0,0,0,0,0,0,0,0,0,0,0,0,0,0,0,0,0,0,0,0,0,0,0,0,0,0,0,0,0,0,0,0,0,0,0,0,0,0,0,0,0,0,0,0,0,0,0,0,0,0,0,0,0,0,0,0,0,0,0,0,0,0,0,0,0,0,0,0,0,0,0,0,0,0,0,0,0,0,0,0,0,0,0,0,0,0,0,0,0,0,0,0,0,0,0,0,0,0,0
"arusha/arushaurban/kimandolu",0,0,0,0,0,0,0,0,0,0,0,0,0,0,0,0,0,0,0,0,0,0,0,0,0,0,0,0,0,0,0,0,0,0,0,0,0,0,0,0,0,0,0,0,0,0,0,0,0,0,0,0,0,0,0,0,0,0,0,0,0,0,0,0,0,0,0,0,0,0,0,0,0,0,0,0,0,0,0,0,0,0,0,0,0,0,0,0,0,0,0,0,0,0,0,0,0,0,0,0,0,0,0,0,0,0,0,0,0,0,0,0,0,0,0,0,0,0,0,0,0,0,0,0,0,0,0,0,0,0,0,0,0,0,0,0,0,0,0,0,0,0,0,0,0,0,0,0,0,0,0,0,0,0,0,0,0,0,0,0,0,0,0,0,0,0,0,0,0,0,0,0,0,0,0,0,0,0,0,0,0,0,0,0,0,0,0,0,0,0,0,0,0,0,0,0,0,0,0,0,0,0,0,0,0,0,0,0,0,0,0,0,0,0,0,0,0,0,0,0,0,0,0,0,0,0,0,0,0,0,0,0,0,0,0,0,0,0,0,0,0,0,0,0,0,0,0,0,0,0,0,0,0,0,0,0,0,0,0,0,0,0,0,0,0,0,0,0,0,0,0,0,0,0,0,0,0,0,0,0,0,0,0,0,0,0,0,0,0,0,0,0,0,0,0,0,0,0,0,0,0,0,0,0,0,0,0,0,0,0,0,0,0,0,0,0,0,0,0,0,0,0,0,0,0,0,0,0,0,0,0,0,0,0,0,0,0,0,0,0,0,0,0,0,0,0,0,0,0,0,0,0,0,0,0,0,0,0,0,0,0,0,0,0,0,0,0,0,0,0,0,0,0,0,0,0,0,0,0,0,0,0,0,0,0,0,0,0,0,0,0,0,0,0,0,0,0,0
"arusha/arusha/kimnyaki",0,0,0,0,0,0,0,0,0,0,0,0,0,0,0,0,0,0,0,0,0,0,0,0,0,0,0,0,0,0,0,0,0,0,0,0,0,0,0,0,0,0,0,0,0,0,0,0,0,0,0,0,0,0,0,0,0,0,0,0,0,0,0,0,0,0,0,0,0,0,0,0,0,0,0,0,0,0,0,0,0,0,0,0,0,0,0,0,0,0,0,0,0,0,0,0,0,0,0,0,0,0,0,0,0,0,0,0,0,0,0,0,0,0,0,0,0,0,0,0,0,0,0,0,0,0,0,0,0,0,0,0,0,0,0,0,0,0,0,0,0,0,0,0,0,0,0,0,0,0,0,0,0,0,0,0,0,0,0,0,0,0,0,0,0,0,0,0,0,0,0,0,0,0,0,0,0,0,0,0,0,0,0,0,0,0,0,0,0,0,0,0,0,0,0,0,0,0,0,0,0,0,0,0,0,0,0,0,0,0,0,0,0,0,0,0,0,0,0,0,0,0,0,0,0,0,0,0,0,0,0,0,0,0,0,0,0,0,0,0,0,0,0,0,0,0,0,0,0,0,0,0,0,0,0,0,0,0,0,0,0,0,0,0,0,0,0,0,0,0,0,0,0,0,0,0,0,0,0,0,0,0,0,0,0,0,0,0,0,0,0,0,0,0,0,0,0,0,0,0,0,0,0,0,0,0,0,0,0,0,0,0,0,0,0,0,0,0,0,0,0,0,0,0,0,0,0,0,0,0,0,0,0,0,0,0,0,0,0,0,0,0,0,0,0,0,0,0,0,0,0,0,0,0,0,0,0,0,0,0,0,0,0,0,0,0,0,0,0,0,0,0,0,0,0,0,0,0,0,0,0,0,0,0,0,0,0,0,0,0,0,0,0,0,0,0,0,0
"kilimanjaro/moshi/kimochi",0,0,0,0,0,0,0,0,0,0,0,0,0,0,0,0,0,0,0,0,0,0,0,0,0,0,0,0,0,0,0,0,0,0,0,0,0,0,0,0,0,0,0,0,0,0,0,0,0,0,0,0,0,0,0,0,0,0,0,0,0,0,0,0,0,0,0,0,0,0,0,0,0,0,0,0,0,0,0,0,0,0,0,0,0,0,0,0,0,0,0,0,0,0,0,0,0,0,0,0,0,0,0,0,0,0,0,0,0,0,0,0,0,0,0,0,0,0,0,0,0,0,0,0,0,0,0,0,0,0,0,0,0,0,0,0,0,0,0,0,0,0,0,0,0,0,0,0,0,0,0,0,0,0,0,0,0,0,0,0,0,0,0,0,0,0,0,0,0,0,0,0,0,0,0,0,0,0,0,0,0,0,0,0,0,0,0,0,0,0,0,0,0,0,0,0,0,0,0,0,0,0,0,0,0,0,0,0,0,0,0,0,0,0,0,0,0,0,0,0,0,0,0,0,0,0,0,0,0,0,0,0,0,0,0,0,0,0,0,0,0,0,0,0,0,0,0,0,0,0,0,0,0,0,0,0,0,0,0,0,0,0,0,0,0,0,0,0,0,0,0,0,0,0,0,0,0,0,0,0,0,0,0,0,0,0,0,0,0,0,0,0,0,0,0,0,0,0,0,0,0,0,0,0,0,0,0,0,0,0,0,0,0,0,0,0,0,0,0,0,0,0,0,0,0,0,0,0,0,0,0,0,0,0,0,0,0,0,0,0,0,0,0,0,0,0,0,0,0,0,0,0,0,0,0,0,0,0,0,0,0,0,0,0,0,0,0,0,0,0,0,0,0,0,0,0,0,0,0,0,0,0,0,0,0,0,0,0,0,0,0,0,0,0,0,0,0,0
"arusha/longido/kimokouwa",0,0,0,0,0,0,0,0,0,0,0,0,0,0,0,0,0,0,0,0,0,0,0,0,0,0,0,0,0,0,0,0,0,0,0,0,0,0,0,0,0,0,0,0,0,0,0,0,0,0,0,0,0,0,0,0,0,0,0,0,0,0,0,0,0,0,0,0,0,0,0,0,0,0,0,0,0,0,0,0,0,0,0,0,0,0,0,0,0,0,0,0,0,0,0,0,0,0,0,0,0,0,0,0,0,0,0,0,0,0,0,0,0,0,0,0,0,0,0,0,0,0,0,0,0,0,0,0,0,0,0,0,0,0,0,0,0,0,0,0,0,0,0,0,0,0,0,0,0,0,0,0,0,0,0,0,0,0,0,0,0,0,0,0,0,0,0,0,0,0,0,0,0,0,0,0,0,0,0,0,0,0,0,0,0,0,0,0,0,0,0,0,0,0,0,0,0,0,0,0,0,0,0,0,0,0,0,0,0,0,0,0,0,0,0,0,0,0,0,0,0,0,0,0,0,0,0,0,0,0,0,0,0,0,0,0,0,0,0,0,0,0,0,0,0,0,0,0,0,0,0,0,0,0,0,0,0,0,0,0,0,0,0,0,0,0,0,0,0,0,0,0,0,0,0,0,0,0,0,0,0,0,0,0,0,0,0,0,0,0,0,0,0,0,0,0,0,0,0,0,0,0,0,0,0,0,0,0,0,0,0,0,0,0,0,0,0,0,0,0,0,0,0,0,0,0,0,0,0,0,0,0,0,0,0,0,0,0,0,0,0,0,0,0,0,0,0,0,0,0,0,0,0,0,0,0,0,0,0,0,0,0,0,0,0,0,0,0,0,0,0,0,0,0,0,0,0,0,0,0,0,0,0,0,0,0,0,0,0,0,0,0,0,0,0,0,0,0
"kilimanjaro/moshi/kindi",0,0,0,0,0,0,0,0,0,0,0,0,0,0,0,0,0,0,0,0,0,0,0,0,0,0,0,0,0,0,0,0,0,0,0,0,0,0,0,0,0,0,0,0,0,0,0,0,0,0,0,0,0,0,0,0,0,0,0,0,0,0,0,0,0,0,0,0,0,0,0,0,0,0,0,0,0,0,0,0,0,0,0,0,0,0,0,0,0,0,0,0,0,0,0,0,0,0,0,0,0,0,0,0,0,0,0,0,0,0,0,0,0,0,0,0,0,0,0,0,0,0,0,0,0,0,0,0,0,0,0,0,0,0,0,0,0,0,0,0,0,0,0,0,0,0,0,0,0,0,0,0,0,0,0,0,0,0,0,0,0,0,0,0,0,0,0,0,0,0,0,0,0,0,0,0,0,0,0,0,0,0,0,0,0,0,0,0,0,0,0,0,0,0,0,0,0,0,0,0,0,0,0,0,0,0,0,0,0,0,0,0,0,0,0,0,0,0,0,0,0,0,0,0,0,0,0,0,0,0,0,0,0,0,0,0,0,0,0,0,0,0,0,0,0,0,0,0,0,0,0,0,0,0,0,0,0,0,0,0,0,0,0,0,0,0,0,0,0,0,0,0,0,0,0,0,0,0,0,0,0,0,0,0,0,0,0,0,0,0,0,0,0,0,0,0,0,0,0,0,0,0,0,0,0,0,0,0,0,0,0,0,0,0,0,0,0,0,0,0,0,0,0,0,0,0,0,0,0,0,0,0,0,0,0,0,0,0,0,0,0,0,0,0,0,0,0,0,0,0,0,0,0,0,0,0,0,0,0,0,0,0,0,0,0,0,0,0,0,0,0,0,0,0,0,0,0,0,0,0,0,0,0,0,0,0,0,0,0,0,0,0,0,0,0,0,0,0
"arusha/meru/kingori",0,0,0,0,0,0,0,0,0,0,0,0,0,0,0,0,0,0,0,0,0,0,0,0,0,0,0,0,0,0,0,0,0,0,0,0,0,0,0,0,0,0,0,0,0,0,0,0,0,0,0,0,0,0,0,0,0,0,0,0,0,0,0,0,0,0,0,0,0,0,0,0,0,0,0,0,0,0,0,0,0,0,0,0,0,0,0,0,0,0,0,0,0,0,0,0,0,0,0,0,0,0,0,0,0,0,0,0,0,0,0,0,0,0,0,0,0,0,0,0,0,0,0,0,0,0,0,0,0,0,0,0,0,0,0,0,0,0,0,0,0,0,0,0,0,0,0,0,0,0,0,0,0,0,0,0,0,0,0,0,0,0,0,0,0,0,0,0,0,0,0,0,0,0,0,0,0,0,0,0,0,0,0,0,0,0,0,0,0,0,0,0,0,0,0,0,0,0,0,0,0,0,0,0,0,0,0,0,0,0,0,0,0,0,0,0,0,0,0,0,0,0,0,0,0,0,0,0,0,0,0,0,0,0,0,0,0,0,0,0,0,0,0,0,0,0,0,0,0,0,0,0,0,0,0,0,0,0,0,0,0,0,0,0,0,0,0,0,0,0,0,0,0,0,0,0,0,0,0,0,0,0,0,0,0,0,0,0,0,0,0,0,0,0,0,0,0,0,0,0,0,0,0,0,0,0,0,0,0,0,0,0,0,0,0,0,0,0,0,0,0,0,0,0,0,0,0,0,0,0,0,0,0,0,0,0,0,0,0,0,0,0,0,0,0,0,0,0,0,0,0,0,0,0,0,0,0,0,0,0,0,0,0,0,0,0,0,0,0,0,0,0,0,0,0,0,0,0,0,0,0,0,0,0,0,0,0,0,0,0,0,0,0,0,0,0,0,0
"kilimanjaro/same/kirangare",0,0,0,0,0,0,0,0,0,0,0,0,0,0,0,0,0,0,0,0,0,0,0,0,0,0,0,0,0,0,0,0,0,0,0,0,0,0,0,0,0,0,0,0,0,0,0,0,0,0,0,0,0,0,0,0,0,0,0,0,0,0,0,0,0,0,0,0,0,0,0,0,0,0,0,0,0,0,0,0,0,0,0,0,0,0,0,0,0,0,0,0,0,0,0,0,0,0,0,0,0,0,0,0,0,0,0,0,0,0,0,0,0,0,0,0,0,0,0,0,0,0,0,0,0,0,0,0,0,0,0,0,0,0,0,0,0,0,0,0,0,0,0,0,0,0,0,0,0,0,0,0,0,0,0,0,0,0,0,0,0,0,0,0,0,0,0,0,0,0,0,0,0,0,0,0,0,0,0,0,0,0,0,0,0,0,0,0,0,0,0,0,0,0,0,0,0,0,0,0,0,0,0,0,0,0,0,0,0,0,0,0,0,0,0,0,0,0,0,0,0,0,0,0,0,0,0,0,0,0,0,0,0,0,0,0,0,0,0,0,0,0,0,0,0,0,0,0,0,0,0,0,0,0,0,0,0,0,0,0,0,0,0,0,0,0,0,0,0,0,0,0,0,0,0,0,0,0,0,0,0,0,0,0,0,0,0,0,0,0,0,0,0,0,0,0,0,0,0,0,0,0,0,0,0,0,0,0,0,0,0,0,0,0,0,0,0,0,0,0,0,0,0,0,0,0,0,0,0,0,0,0,0,0,0,0,0,0,0,0,0,0,0,0,0,0,0,0,0,0,0,0,0,0,0,0,0,0,0,0,0,0,0,0,0,0,0,0,0,0,0,0,0,0,0,0,0,0,0,0,0,0,0,0,0,0,0,0,0,0,0,0,0,0,0,0,0,0
"arusha/arusha/kiranyi",0,0,0,0,0,0,0,0,0,0,0,0,0,0,0,0,0,0,0,0,0,0,0,0,0,0,0,0,0,0,0,0,0,0,0,0,0,0,0,0,0,0,0,0,0,0,0,0,0,0,0,0,0,0,0,0,0,0,0,0,0,0,0,0,0,0,0,0,0,0,0,0,0,0,0,0,0,0,0,0,0,0,0,0,0,0,0,0,0,0,0,0,0,0,0,0,0,0,0,0,0,0,0,0,0,0,0,0,0,0,0,0,0,0,0,0,0,0,0,0,0,0,0,0,0,0,0,0,0,0,0,0,0,0,0,0,0,0,0,0,0,0,0,0,0,0,0,0,0,0,0,0,0,0,0,0,0,0,0,0,0,0,0,0,0,0,0,0,0,0,0,0,0,0,0,0,0,0,0,0,0,0,0,0,0,0,0,0,0,0,0,0,0,0,0,0,0,0,0,0,0,0,0,0,0,0,0,0,0,0,0,0,0,0,0,0,0,0,0,0,0,0,0,0,0,0,0,0,0,0,0,0,0,0,0,0,0,0,0,0,0,0,0,0,0,0,0,0,0,0,0,0,0,0,0,0,0,0,0,0,0,0,0,0,0,0,0,0,0,0,0,0,0,0,0,0,0,0,0,0,0,0,0,0,0,0,0,0,0,0,0,0,0,0,0,0,0,0,0,0,0,0,0,0,0,0,0,0,0,0,0,0,0,0,0,0,0,0,0,0,0,0,0,0,0,0,0,0,0,0,0,0,0,0,0,0,0,0,0,0,0,0,0,0,0,0,0,0,0,0,0,0,0,0,0,0,0,0,0,0,0,0,0,0,0,0,0,0,0,0,0,0,0,0,0,0,0,0,0,0,0,0,0,0,0,0,0,0,0,0,0,0,0,0,0,0,0,0
"kilimanjaro/moshi/kirima",0,0,0,0,0,0,0,0,0,0,0,0,0,0,0,0,0,0,0,0,0,0,0,0,0,0,0,0,0,0,0,0,0,0,0,0,0,0,0,0,0,0,0,0,0,0,0,0,0,0,0,0,0,0,0,0,0,0,0,0,0,0,0,0,0,0,0,0,0,0,0,0,0,0,0,0,0,0,0,0,0,0,0,0,0,0,0,0,0,0,0,0,0,0,0,0,0,0,0,0,0,0,0,0,0,0,0,0,0,0,0,0,0,0,0,0,0,0,0,0,0,0,0,0,0,0,0,0,0,0,0,0,0,0,0,0,0,0,0,0,0,0,0,0,0,0,0,0,0,0,0,0,0,0,0,0,0,0,0,0,0,0,0,0,0,0,0,0,0,0,0,0,0,0,0,0,0,0,0,0,0,0,0,0,0,0,0,0,0,0,0,0,0,0,0,0,0,0,0,0,0,0,0,0,0,0,0,0,0,0,0,0,0,0,0,0,0,0,0,0,0,0,0,0,0,0,0,0,0,0,0,0,0,0,0,0,0,0,0,0,0,0,0,0,0,0,0,0,0,0,0,0,0,0,0,0,0,0,0,0,0,0,0,0,0,0,0,0,0,0,0,0,0,0,0,0,0,0,0,0,0,0,0,0,0,0,0,0,0,0,0,0,0,0,0,0,0,0,0,0,0,0,0,0,0,0,0,0,0,0,0,0,0,0,0,0,0,0,0,0,0,0,0,0,0,0,0,0,0,0,0,0,0,0,0,0,0,0,0,0,0,0,0,0,0,0,0,0,0,0,0,0,0,0,0,0,0,0,0,0,0,0,0,0,0,0,0,0,0,0,0,0,0,0,0,0,0,0,0,0,0,0,0,0,0,0,0,0,0,0,0,0,0,0,0,0,0,0
"kilimanjaro/rombo/kirongosamanga",0,0,0,0,0,0,0,0,0,0,0,0,0,0,0,0,0,0,0,0,0,0,0,0,0,0,0,0,0,0,0,0,0,0,0,0,0,0,0,0,0,0,0,0,0,0,0,0,0,0,0,0,0,0,0,0,0,0,0,0,0,0,0,0,0,0,0,0,0,0,0,0,0,0,0,0,0,0,0,0,0,0,0,0,0,0,0,0,0,0,0,0,0,0,0,0,0,0,0,0,0,0,0,0,0,0,0,0,0,0,0,0,0,0,0,0,0,0,0,0,0,0,0,0,0,0,0,0,0,0,0,0,0,0,0,0,0,0,0,0,0,0,0,0,0,0,0,0,0,0,0,0,0,0,0,0,0,0,0,0,0,0,0,0,0,0,0,0,0,0,0,0,0,0,0,0,0,0,0,0,0,0,0,0,0,0,0,0,0,0,0,0,0,0,0,0,0,0,0,0,0,0,0,0,0,0,0,0,0,0,0,0,0,0,0,0,0,0,0,0,0,0,0,0,0,0,0,0,0,0,0,0,0,0,0,0,0,0,0,0,0,0,0,0,0,0,0,0,0,0,0,0,0,0,0,0,0,0,0,0,0,0,0,0,0,0,0,0,0,0,0,0,0,0,0,0,0,0,0,0,0,0,0,0,0,0,0,0,0,0,0,0,0,0,0,0,0,0,0,0,0,0,0,0,0,0,0,0,0,0,0,0,0,0,0,0,0,0,0,0,0,0,0,0,0,0,0,0,0,0,0,0,0,0,0,0,0,0,0,0,0,0,0,0,0,0,0,0,0,0,0,0,0,0,0,0,0,0,0,0,0,0,0,0,0,0,0,0,0,0,0,0,0,0,0,0,0,0,0,0,0,0,0,0,0,0,0,0,0,0,0,0,0,0,0,0,0,0
"kilimanjaro/mwanga/kirongwe",0,0,0,0,0,0,0,0,0,0,0,0,0,0,0,0,0,0,0,0,0,0,0,0,0,0,0,0,0,0,0,0,0,0,0,0,0,0,0,0,0,0,0,0,0,0,0,0,0,0,0,0,0,0,0,0,0,0,0,0,0,0,0,0,0,0,0,0,0,0,0,0,0,0,0,0,0,0,0,0,0,0,0,0,0,0,0,0,0,0,0,0,0,0,0,0,0,0,0,0,0,0,0,0,0,0,0,0,0,0,0,0,0,0,0,0,0,0,0,0,0,0,0,0,0,0,0,0,0,0,0,0,0,0,0,0,0,0,0,0,0,0,0,0,0,0,0,0,0,0,0,0,0,0,0,0,0,0,0,0,0,0,0,0,0,0,0,0,0,0,0,0,0,0,0,0,0,0,0,0,0,0,0,0,0,0,0,0,0,0,0,0,0,0,0,0,0,0,0,0,0,0,0,0,0,0,0,0,0,0,0,0,0,0,0,0,0,0,0,0,0,0,0,0,0,0,0,0,0,0,0,0,0,0,0,0,0,0,0,0,0,0,0,0,0,0,0,0,0,0,0,0,0,0,0,0,0,0,0,0,0,0,0,0,0,0,0,0,0,0,0,0,0,0,0,0,0,0,0,0,0,0,0,0,0,0,0,0,0,0,0,0,0,0,0,0,0,0,0,0,0,0,0,0,0,0,0,0,0,0,0,0,0,0,0,0,0,0,0,0,0,0,0,0,0,0,0,0,0,0,0,0,0,0,0,0,0,0,0,0,0,0,0,0,0,0,0,0,0,0,0,0,0,0,0,0,0,0,0,0,0,0,0,0,0,0,0,0,0,0,0,0,0,0,0,0,0,0,0,0,0,0,0,0,0,0,0,0,0,0,0,0,0,0,0,0,0,0
"manyara/babati/kiru",0,0,0,0,0,0,0,0,0,0,0,0,0,0,0,0,0,0,0,0,0,0,0,0,0,0,0,0,0,0,0,0,0,0,0,0,0,0,0,0,0,0,0,0,0,0,0,0,0,0,0,0,0,0,0,0,0,0,0,0,0,0,0,0,0,0,0,0,0,0,0,0,0,0,0,0,0,0,0,0,0,0,0,0,0,0,0,0,0,0,0,0,0,0,0,0,0,0,0,0,0,0,0,0,0,0,0,0,0,0,0,0,0,0,0,0,0,0,0,0,0,0,0,0,0,0,0,0,0,0,0,0,0,0,0,0,0,0,0,0,0,0,0,0,0,0,0,0,0,0,0,0,0,0,0,0,0,0,0,0,0,0,0,0,0,0,0,0,0,0,0,0,0,0,0,0,0,0,0,0,0,0,0,0,0,0,0,0,0,0,0,0,0,0,0,0,0,0,0,0,0,0,0,0,0,0,0,0,0,0,0,0,0,0,0,0,0,0,0,0,0,0,0,0,0,0,0,0,0,0,0,0,0,0,0,0,0,0,0,0,0,0,0,0,0,0,0,0,0,0,0,0,0,0,0,0,0,0,0,0,0,0,0,0,0,0,0,0,0,0,0,0,0,0,0,0,0,0,0,0,0,0,0,0,0,0,0,0,0,0,0,0,0,0,0,0,0,0,0,0,0,0,0,0,0,0,0,0,0,0,0,0,0,0,0,0,0,0,0,0,0,0,0,0,0,0,0,0,0,0,0,0,0,0,0,0,0,0,0,0,0,0,0,0,0,0,0,0,0,0,0,0,0,0,0,0,0,0,0,0,0,0,0,0,0,0,0,0,0,0,0,0,0,0,0,0,0,0,0,0,0,0,0,0,0,0,0,0,0,0,0,0,0,0,0,0,0,0
"kilimanjaro/moshi/kiruavunjokusini",2e-05,1e-06,6e-05,3e-06,0,0.002336,0,0,0,1.5e-05,0,0,1.3e-05,0.000187,2e-06,0,0,0,0,0,1e-06,4.1e-05,0,0.000111,2e-06,3.2e-05,0,0,0,2e-06,0.000107,0,1e-06,1e-05,0,0,1.5e-05,2e-06,0,7e-06,0,0,1e-05,2e-06,1e-06,0,2e-06,0.003222,8.5e-05,0,0,0,0,0,2e-06,0,6e-06,0,3.8e-05,4.8e-05,1.6e-05,1.4e-05,4.7e-05,1e-06,0,0.000106,2.1e-05,0,2e-06,1.2e-05,0,0,1.2e-05,1e-06,0,1.4e-05,2e-06,0,0,0,0,0,0,0,0,0,0.005782,0,1e-06,0.000153,0,0,0.022627,9.4e-05,1e-06,4e-06,0.000219,8e-06,0.015263,0.00617,0,0,4.5e-05,2.3e-05,0.000663,0.001246,0,0.002146,5.3e-05,1.4e-05,0.000167,0.003368,1e-06,1e-06,7.8e-05,6.1e-05,0.00143,0,0.030435,0.000517,0.000181,0.011963,2.2e-05,6.8e-05,6e-06,1.6e-05,1e-05,0.002038,0.000115,0.00014,0.000173,0.008723,0.005302,0.000632,3e-06,9.4e-05,5e-06,0.005855,0.000431,0.002368,0.000154,1e-06,2.7e-05,0.000245,4.8e-05,0.000843,0,0,0.012132,0.009549,3.9e-05,8e-06,4.3e-05,4e-06,0.000139,0.000472,6.4e-05,2e-06,3e-06,0.217042,0.000436,9.2e-05,4.2e-05,2.7e-05,0,0,0.000322,5.3e-05,0.000167,8.2e-05,3e-06,4.2e-05,0.002413,5.1e-05,4.9e-05,1e-05,6.8e-05,1e-06,0.003879,9e-06,1e-06,1e-06,0.000111,0.001134,0.007172,0.304972,9e-06,2.6e-05,0.004896,0.001027,0.000647,1e-06,1e-06,0,8e-06,1e-06,8.1e-05,0,0.00756,0,0.000724,4e-06,6.2e-05,5e-06,0.004724,4.7e-05,0.074242,2.6e-05,9e-06,0.000124,0.000157,0,0.009412,2.8e-05,0,2.3e-05,0,0.018479,0.000774,0.006228,0,4e-06,0,1.8e-05,0.003354,5.7e-05,0.004507,6.7e-05,0,0,0,0,0.000107,0.000218,1e-06,9e-06,0.000165,7.6e-05,6e-06,5.1e-05,9.9e-05,0.001295,5.2e-05,0.006956,2e-06,0.000128,0.000491,0.000163,0,8e-06,0.000831,0.000278,1e-06,0.00026,0.000509,4.2e-05,4.7e-05,0.00015,0.000136,2e-06,1e-06,0.000258,0,1e-06,1.4e-05,3e-06,0,0.000157,0,3e-06,0.000156,0.003919,2.5e-05,2e-06,0.052714,0.000191,4.4e-05,6e-05,0,2e-06,7.1e-05,0,0.001759,0,0,0,0,6.4e-05,0,9e-06,2e-06,6.9e-05,3e-06,0.00098,0.002827,0.000153,0.000373,4e-06,0.000168,4e-06,1.9e-05,4e-06,0.000108,6.1e-05,0,3e-05,2.5e-05,5e-06,2e-06,3.3e-05,0.000129,2e-06,1e-06,0.000224,0.00136,0,0,0.000509,0.007865,0.000172,2.2e-05,0.00024,0.000277,0.000466,0.001295,9e-06,1.2e-05,7e-06,1e-06,4.8e-05,9.4e-05,2.7e-05,0.001342,4.1e-05,4.9e-05,0,0.00048,2e-06,0.001008,0,0,7.6e-05,0,0,0.000277,1.7e-05,4e-06,0.000101,0.000358,5e-06,0,0.000481,1.2e-05,0.001059,1.6e-05,3e-05,0.000138,9.9e-05,8.7e-05,0.000988,0,0,0,0,1e-06,0.000786,0.000124,0.000371,0,0.000123,0.000424,1e-06,2e-06,1e-06,4.1e-05,3.8e-05,1e-05,2e-06,0.000398,0,3e-06,0,0.01217,1e-06,0,1.7e-05,5.7e-05,0.008763,0.002104,5.3e-05,0.000522,4.2e-05,2e-06,3e-06,1e-06,0,0,0
"kilimanjaro/moshi/kiruavunjomagharibi",0,0,0,0,0,0,0,0,0,0,0,0,0,0,0,0,0,0,0,0,0,0,0,0,0,0,0,0,0,0,0,0,0,0,0,0,0,0,0,0,0,0,0,0,0,0,0,0,0,0,0,0,0,0,0,0,0,0,0,0,0,0,0,0,0,0,0,0,0,0,0,0,0,0,0,0,0,0,0,0,0,0,0,0,0,0,0,0,0,0,0,0,0,0,0,0,0,0,0,0,0,0,0,0,0,0,0,0,0,0,0,0,0,0,0,0,0,0,0,0,0,0,0,0,0,0,0,0,0,0,0,0,0,0,0,0,0,0,0,0,0,0,0,0,0,0,0,0,0,0,0,0,0,0,0,0,0,0,0,0,0,0,0,0,0,0,0,0,0,0,0,0,0,0,0,0,0,0,0,0,0,0,0,0,0,0,0,0,0,0,0,0,0,0,0,0,0,0,0,0,0,0,0,0,0,0,0,0,0,0,0,0,0,0,0,0,0,0,0,0,0,0,0,0,0,0,0,0,0,0,0,0,0,0,0,0,0,0,0,0,0,0,0,0,0,0,0,0,0,0,0,0,0,0,0,0,0,0,0,0,0,0,0,0,0,0,0,0,0,0,0,0,0,0,0,0,0,0,0,0,0,0,0,0,0,0,0,0,0,0,0,0,0,0,0,0,0,0,0,0,0,0,0,0,0,0,0,0,0,0,0,0,0,0,0,0,0,0,0,0,0,0,0,0,0,0,0,0,0,0,0,0,0,0,0,0,0,0,0,0,0,0,0,0,0,0,0,0,0,0,0,0,0,0,0,0,0,0,0,0,0,0,0,0,0,0,0,0,0,0,0,0,0,0,0,0,0,0,0,0,0,0,0,0,0,0,0,0,0,0,0,0,0,0,0,0,0,0
"kilimanjaro/moshi/kiruavunjomashariki",0,0,0,0,0,0,0,0,0,0,0,0,0,0,0,0,0,0,0,0,0,0,0,0,0,0,0,0,0,0,0,0,0,0,0,0,0,0,0,0,0,0,0,0,0,0,0,0,0,0,0,0,0,0,0,0,0,0,0,0,0,0,0,0,0,0,0,0,0,0,0,0,0,0,0,0,0,0,0,0,0,0,0,0,0,0,0,0,0,0,0,0,0,0,0,0,0,0,0,0,0,0,0,0,0,0,0,0,0,0,0,0,0,0,0,0,0,0,0,0,0,0,0,0,0,0,0,0,0,0,0,0,0,0,0,0,0,0,0,0,0,0,0,0,0,0,0,0,0,0,0,0,0,0,0,0,0,0,0,0,0,0,0,0,0,0,0,0,0,0,0,0,0,0,0,0,0,0,0,0,0,0,0,0,0,0,0,0,0,0,0,0,0,0,0,0,0,0,0,0,0,0,0,0,0,0,0,0,0,0,0,0,0,0,0,0,0,0,0,0,0,0,0,0,0,0,0,0,0,0,0,0,0,0,0,0,0,0,0,0,0,0,0,0,0,0,0,0,0,0,0,0,0,0,0,0,0,0,0,0,0,0,0,0,0,0,0,0,0,0,0,0,0,0,0,0,0,0,0,0,0,0,0,0,0,0,0,0,0,0,0,0,0,0,0,0,0,0,0,0,0,0,0,0,0,0,0,0,0,0,0,0,0,0,0,0,0,0,0,0,0,0,0,0,0,0,0,0,0,0,0,0,0,0,0,0,0,0,0,0,0,0,0,0,0,0,0,0,0,0,0,0,0,0,0,0,0,0,0,0,0,0,0,0,0,0,0,0,0,0,0,0,0,0,0,0,0,0,0,0,0,0,0,0,0,0,0,0,0,0,0,0,0,0,0,0,0,0
"kilimanjaro/rombo/kirwakeni",0,0,0,0,0,0,0,0,0,0,0,0,0,0,0,0,0,0,0,0,0,0,0,0,0,0,0,0,0,0,0,0,0,0,0,0,0,0,0,0,0,0,0,0,0,0,0,0,0,0,0,0,0,0,0,0,0,0,0,0,0,0,0,0,0,0,0,0,0,0,0,0,0,0,0,0,0,0,0,0,0,0,0,0,0,0,0,0,0,0,0,0,0,0,0,0,0,0,0,0,0,0,0,0,0,0,0,0,0,0,0,0,0,0,0,0,0,0,0,0,0,0,0,0,0,0,0,0,0,0,0,0,0,0,0,0,0,0,0,0,0,0,0,0,0,0,0,0,0,0,0,0,0,0,0,0,0,0,0,0,0,0,0,0,0,0,0,0,0,0,0,0,0,0,0,0,0,0,0,0,0,0,0,0,0,0,0,0,0,0,0,0,0,0,0,0,0,0,0,0,0,0,0,0,0,0,0,0,0,0,0,0,0,0,0,0,0,0,0,0,0,0,0,0,0,0,0,0,0,0,0,0,0,0,0,0,0,0,0,0,0,0,0,0,0,0,0,0,0,0,0,0,0,0,0,0,0,0,0,0,0,0,0,0,0,0,0,0,0,0,0,0,0,0,0,0,0,0,0,0,0,0,0,0,0,0,0,0,0,0,0,0,0,0,0,0,0,0,0,0,0,0,0,0,0,0,0,0,0,0,0,0,0,0,0,0,0,0,0,0,0,0,0,0,0,0,0,0,0,0,0,0,0,0,0,0,0,0,0,0,0,0,0,0,0,0,0,0,0,0,0,0,0,0,0,0,0,0,0,0,0,0,0,0,0,0,0,0,0,0,0,0,0,0,0,0,0,0,0,0,0,0,0,0,0,0,0,0,0,0,0,0,0,0,0,0,0,0
"kilimanjaro/mwanga/kirya",0,0,0,0,0,0,0,0,0,0,0,0,0,0,0,0,0,0,0,0,0,0,0,0,0,0,0,0,0,0,0,0,0,0,0,0,0,0,0,0,0,0,0,0,0,0,0,0,0,0,0,0,0,0,0,0,0,0,0,0,0,0,0,0,0,0,0,0,0,0,0,0,0,0,0,0,0,0,0,0,0,0,0,0,0,0,0,0,0,0,0,0,0,0,0,0,0,0,0,0,0,0,0,0,0,0,0,0,0,0,0,0,0,0,0,0,0,0,0,0,0,0,0,0,0,0,0,0,0,0,0,0,0,0,0,0,0,0,0,0,0,0,0,0,0,0,0,0,0,0,0,0,0,0,0,0,0,0,0,0,0,0,0,0,0,0,0,0,0,0,0,0,0,0,0,0,0,0,0,0,0,0,0,0,0,0,0,0,0,0,0,0,0,0,0,0,0,0,0,0,0,0,0,0,0,0,0,0,0,0,0,0,0,0,0,0,0,0,0,0,0,0,0,0,0,0,0,0,0,0,0,0,0,0,0,0,0,0,0,0,0,0,0,0,0,0,0,0,0,0,0,0,0,0,0,0,0,0,0,0,0,0,0,0,0,0,0,0,0,0,0,0,0,0,0,0,0,0,0,0,0,0,0,0,0,0,0,0,0,0,0,0,0,0,0,0,0,0,0,0,0,0,0,0,0,0,0,0,0,0,0,0,0,0,0,0,0,0,0,0,0,0,0,0,0,0,0,0,0,0,0,0,0,0,0,0,0,0,0,0,0,0,0,0,0,0,0,0,0,0,0,0,0,0,0,0,0,0,0,0,0,0,0,0,0,0,0,0,0,0,0,0,0,0,0,0,0,0,0,0,0,0,0,0,0,0,0,0,0,0,0,0,0,0,0,0,0,0
"kilimanjaro/rombo/kisalemsaranga",0,0,0,0,0,0,0,0,0,0,0,0,0,0,0,0,0,0,0,0,0,0,0,0,0,0,0,0,0,0,0,0,0,0,0,0,0,0,0,0,0,0,0,0,0,0,0,0,0,0,0,0,0,0,0,0,0,0,0,0,0,0,0,0,0,0,0,0,0,0,0,0,0,0,0,0,0,0,0,0,0,0,0,0,0,0,0,0,0,0,0,0,0,0,0,0,0,0,0,0,0,0,0,0,0,0,0,0,0,0,0,0,0,0,0,0,0,0,0,0,0,0,0,0,0,0,0,0,0,0,0,0,0,0,0,0,0,0,0,0,0,0,0,0,0,0,0,0,0,0,0,0,0,0,0,0,0,0,0,0,0,0,0,0,0,0,0,0,0,0,0,0,0,0,0,0,0,0,0,0,0,0,0,0,0,0,0,0,0,0,0,0,0,0,0,0,0,0,0,0,0,0,0,0,0,0,0,0,0,0,0,0,0,0,0,0,0,0,0,0,0,0,0,0,0,0,0,0,0,0,0,0,0,0,0,0,0,0,0,0,0,0,0,0,0,0,0,0,0,0,0,0,0,0,0,0,0,0,0,0,0,0,0,0,0,0,0,0,0,0,0,0,0,0,0,0,0,0,0,0,0,0,0,0,0,0,0,0,0,0,0,0,0,0,0,0,0,0,0,0,0,0,0,0,0,0,0,0,0,0,0,0,0,0,0,0,0,0,0,0,0,0,0,0,0,0,0,0,0,0,0,0,0,0,0,0,0,0,0,0,0,0,0,0,0,0,0,0,0,0,0,0,0,0,0,0,0,0,0,0,0,0,0,0,0,0,0,0,0,0,0,0,0,0,0,0,0,0,0,0,0,0,0,0,0,0,0,0,0,0,0,0,0,0,0,0,0,0
"kilimanjaro/same/kisima",0,0,0,0,0,0,0,0,0,0,0,0,0,0,0,0,0,0,0,0,0,0,0,0,0,0,0,0,0,0,0,0,0,0,0,0,0,0,0,0,0,0,0,0,0,0,0,0,0,0,0,0,0,0,0,0,0,0,0,0,0,0,0,0,0,0,0,0,0,0,0,0,0,0,0,0,0,0,0,0,0,0,0,0,0,0,0,0,0,0,0,0,0,0,0,0,0,0,0,0,0,0,0,0,0,0,0,0,0,0,0,0,0,0,0,0,0,0,0,0,0,0,0,0,0,0,0,0,0,0,0,0,0,0,0,0,0,0,0,0,0,0,0,0,0,0,0,0,0,0,0,0,0,0,0,0,0,0,0,0,0,0,0,0,0,0,0,0,0,0,0,0,0,0,0,0,0,0,0,0,0,0,0,0,0,0,0,0,0,0,0,0,0,0,0,0,0,0,0,0,0,0,0,0,0,0,0,0,0,0,0,0,0,0,0,0,0,0,0,0,0,0,0,0,0,0,0,0,0,0,0,0,0,0,0,0,0,0,0,0,0,0,0,0,0,0,0,0,0,0,0,0,0,0,0,0,0,0,0,0,0,0,0,0,0,0,0,0,0,0,0,0,0,0,0,0,0,0,0,0,0,0,0,0,0,0,0,0,0,0,0,0,0,0,0,0,0,0,0,0,0,0,0,0,0,0,0,0,0,0,0,0,0,0,0,0,0,0,0,0,0,0,0,0,0,0,0,0,0,0,0,0,0,0,0,0,0,0,0,0,0,0,0,0,0,0,0,0,0,0,0,0,0,0,0,0,0,0,0,0,0,0,0,0,0,0,0,0,0,0,0,0,0,0,0,0,0,0,0,0,0,0,0,0,0,0,0,0,0,0,0,0,0,0,0,0,0,0
"kilimanjaro/same/kisiwani",0,0,0,0,0,0,0,0,0,0,0,0,0,0,0,0,0,0,0,0,0,0,0,0,0,0,0,0,0,0,0,0,0,0,0,0,0,0,0,0,0,0,0,0,0,0,0,0,0,0,0,0,0,0,0,0,0,0,0,0,0,0,0,0,0,0,0,0,0,0,0,0,0,0,0,0,0,0,0,0,0,0,0,0,0,0,0,0,0,0,0,0,0,0,0,0,0,0,0,0,0,0,0,0,0,0,0,0,0,0,0,0,0,0,0,0,0,0,0,0,0,0,0,0,0,0,0,0,0,0,0,0,0,0,0,0,0,0,0,0,0,0,0,0,0,0,0,0,0,0,0,0,0,0,0,0,0,0,0,0,0,0,0,0,0,0,0,0,0,0,0,0,0,0,0,0,0,0,0,0,0,0,0,0,0,0,0,0,0,0,0,0,0,0,0,0,0,0,0,0,0,0,0,0,0,0,0,0,0,0,0,0,0,0,0,0,0,0,0,0,0,0,0,0,0,0,0,0,0,0,0,0,0,0,0,0,0,0,0,0,0,0,0,0,0,0,0,0,0,0,0,0,0,0,0,0,0,0,0,0,0,0,0,0,0,0,0,0,0,0,0,0,0,0,0,0,0,0,0,0,0,0,0,0,0,0,0,0,0,0,0,0,0,0,0,0,0,0,0,0,0,0,0,0,0,0,0,0,0,0,0,0,0,0,0,0,0,0,0,0,0,0,0,0,0,0,0,0,0,0,0,0,0,0,0,0,0,0,0,0,0,0,0,0,0,0,0,0,0,0,0,0,0,0,0,0,0,0,0,0,0,0,0,0,0,0,0,0,0,0,0,0,0,0,0,0,0,0,0,0,0,0,0,0,0,0,0,0,0,0,0,0,0,0,0,0,0,0
"arusha/arusha/kisongo",0,0,0,0,0,0,0,0,0,0,0,0,0,0,0,0,0,0,0,0,0,0,0,0,0,0,0,0,0,0,0,0,0,0,0,0,0,0,0,0,0,0,0,0,0,0,0,0,0,0,0,0,0,0,0,0,0,0,0,0,0,0,0,0,0,0,0,0,0,0,0,0,0,0,0,0,0,0,0,0,0,0,0,0,0,0,0,0,0,0,0,0,0,0,0,0,0,0,0,0,0,0,0,0,0,0,0,0,0,0,0,0,0,0,0,0,0,0,0,0,0,0,0,0,0,0,0,0,0,0,0,0,0,0,0,0,0,0,0,0,0,0,0,0,0,0,0,0,0,0,0,0,0,0,0,0,0,0,0,0,0,0,0,0,0,0,0,0,0,0,0,0,0,0,0,0,0,0,0,0,0,0,0,0,0,0,0,0,0,0,0,0,0,0,0,0,0,0,0,0,0,0,0,0,0,0,0,0,0,0,0,0,0,0,0,0,0,0,0,0,0,0,0,0,0,0,0,0,0,0,0,0,0,0,0,0,0,0,0,0,0,0,0,0,0,0,0,0,0,0,0,0,0,0,0,0,0,0,0,0,0,0,0,0,0,0,0,0,0,0,0,0,0,0,0,0,0,0,0,0,0,0,0,0,0,0,0,0,0,0,0,0,0,0,0,0,0,0,0,0,0,0,0,0,0,0,0,0,0,0,0,0,0,0,0,0,0,0,0,0,0,0,0,0,0,0,0,0,0,0,0,0,0,0,0,0,0,0,0,0,0,0,0,0,0,0,0,0,0,0,0,0,0,0,0,0,0,0,0,0,0,0,0,0,0,0,0,0,0,0,0,0,0,0,0,0,0,0,0,0,0,0,0,0,0,0,0,0,0,0,0,0,0,0,0,0,0,0
"kilimanjaro/rombo/kitirimakingachi",0,0,0,0,0,0,0,0,0,0,0,0,0,0,0,0,0,0,0,0,0,0,0,0,0,0,0,0,0,0,0,0,0,0,0,0,0,0,0,0,0,0,0,0,0,0,0,0,0,0,0,0,0,0,0,0,0,0,0,0,0,0,0,0,0,0,0,0,0,0,0,0,0,0,0,0,0,0,0,0,0,0,0,0,0,0,0,0,0,0,0,0,0,0,0,0,0,0,0,0,0,0,0,0,0,0,0,0,0,0,0,0,0,0,0,0,0,0,0,0,0,0,0,0,0,0,0,0,0,0,0,0,0,0,0,0,0,0,0,0,0,0,0,0,0,0,0,0,0,0,0,0,0,0,0,0,0,0,0,0,0,0,0,0,0,0,0,0,0,0,0,0,0,0,0,0,0,0,0,0,0,0,0,0,0,0,0,0,0,0,0,0,0,0,0,0,0,0,0,0,0,0,0,0,0,0,0,0,0,0,0,0,0,0,0,0,0,0,0,0,0,0,0,0,0,0,0,0,0,0,0,0,0,0,0,0,0,0,0,0,0,0,0,0,0,0,0,0,0,0,0,0,0,0,0,0,0,0,0,0,0,0,0,0,0,0,0,0,0,0,0,0,0,0,0,0,0,0,0,0,0,0,0,0,0,0,0,0,0,0,0,0,0,0,0,0,0,0,0,0,0,0,0,0,0,0,0,0,0,0,0,0,0,0,0,0,0,0,0,0,0,0,0,0,0,0,0,0,0,0,0,0,0,0,0,0,0,0,0,0,0,0,0,0,0,0,0,0,0,0,0,0,0,0,0,0,0,0,0,0,0,0,0,0,0,0,0,0,0,0,0,0,0,0,0,0,0,0,0,0,0,0,0,0,0,0,0,0,0,0,0,0,0,0,0,0,0,0
"arusha/longido/kitumbeine",0,0,0,0,0,0,0,0,0,0,0,0,0,0,0,0,0,0,0,0,0,0,0,0,0,0,0,0,0,0,0,0,0,0,0,0,0,0,0,0,0,0,0,0,0,0,0,0,0,0,0,0,0,0,0,0,0,0,0,0,0,0,0,0,0,0,0,0,0,0,0,0,0,0,0,0,0,0,0,0,0,0,0,0,0,0,0,0,0,0,0,0,0,0,0,0,0,0,0,0,0,0,0,0,0,0,0,0,0,0,0,0,0,0,0,0,0,0,0,0,0,0,0,0,0,0,0,0,0,0,0,0,0,0,0,0,0,0,0,0,0,0,0,0,0,0,0,0,0,0,0,0,0,0,0,0,0,0,0,0,0,0,0,0,0,0,0,0,0,0,0,0,0,0,0,0,0,0,0,0,0,0,0,0,0,0,0,0,0,0,0,0,0,0,0,0,0,0,0,0,0,0,0,0,0,0,0,0,0,0,0,0,0,0,0,0,0,0,0,0,0,0,0,0,0,0,0,0,0,0,0,0,0,0,0,0,0,0,0,0,0,0,0,0,0,0,0,0,0,0,0,0,0,0,0,0,0,0,0,0,0,0,0,0,0,0,0,0,0,0,0,0,0,0,0,0,0,0,0,0,0,0,0,0,0,0,0,0,0,0,0,0,0,0,0,0,0,0,0,0,0,0,0,0,0,0,0,0,0,0,0,0,0,0,0,0,0,0,0,0,0,0,0,0,0,0,0,0,0,0,0,0,0,0,0,0,0,0,0,0,0,0,0,0,0,0,0,0,0,0,0,0,0,0,0,0,0,0,0,0,0,0,0,0,0,0,0,0,0,0,0,0,0,0,0,0,0,0,0,0,0,0,0,0,0,0,0,0,0,0,0,0,0,0,0,0,0,0
"manyara/simanjiro/kitwai",0,0,0,0,0,0,0,0,0,0,0,0,0,0,0,0,0,0,0,0,0,0,0,0,0,0,0,0,0,0,0,0,0,0,0,0,0,0,0,0,0,0,0,0,0,0,0,0,0,0,0,0,0,0,0,0,0,0,0,0,0,0,0,0,0,0,0,0,0,0,0,0,0,0,0,0,0,0,0,0,0,0,0,0,0,0,0,0,0,0,0,0,0,0,0,0,0,0,0,0,0,0,0,0,0,0,0,0,0,0,0,0,0,0,0,0,0,0,0,0,0,0,0,0,0,0,0,0,0,0,0,0,0,0,0,0,0,0,0,0,0,0,0,0,0,0,0,0,0,0,0,0,0,0,0,0,0,0,0,0,0,0,0,0,0,0,0,0,0,0,0,0,0,0,0,0,0,0,0,0,0,0,0,0,0,0,0,0,0,0,0,0,0,0,0,0,0,0,0,0,0,0,0,0,0,0,0,0,0,0,0,0,0,0,0,0,0,0,0,0,0,0,0,0,0,0,0,0,0,0,0,0,0,0,0,0,0,0,0,0,0,0,0,0,0,0,0,0,0,0,0,0,0,0,0,0,0,0,0,0,0,0,0,0,0,0,0,0,0,0,0,0,0,0,0,0,0,0,0,0,0,0,0,0,0,0,0,0,0,0,0,0,0,0,0,0,0,0,0,0,0,0,0,0,0,0,0,0,0,0,0,0,0,0,0,0,0,0,0,0,0,0,0,0,0,0,0,0,0,0,0,0,0,0,0,0,0,0,0,0,0,0,0,0,0,0,0,0,0,0,0,0,0,0,0,0,0,0,0,0,0,0,0,0,0,0,0,0,0,0,0,0,0,0,0,0,0,0,0,0,0,0,0,0,0,0,0,0,0,0,0,0,0,0,0,0,0,0
"kilimanjaro/moshimunicipal/kiusa",2e-06,0,2e-06,0,0,0.000184,0,0,0,1e-06,0,0,2e-06,2.2e-05,0,0,0,0,0,0,0,6e-06,0,8.7e-05,0,8.7e-05,0,0,0,0,1.2e-05,0,0,0,0,0,2e-06,0,0,1e-06,0,0,1e-06,0,0,0,0,0.000368,8e-06,0,0,0,0,0,0,0,1e-06,0,3e-06,4e-06,1e-06,1e-06,5e-06,0,0,1.2e-05,2e-06,0,0,1e-06,0,0,2e-06,0,0,1e-06,0,0,0,0,0,0,0,0,0,0,0.001192,0,0,1e-05,0,0,0.000649,1.1e-05,0,0,3.5e-05,0,0.000599,0.000127,0,0,3e-06,3e-06,0.000346,0.000121,0,0.002178,7e-06,1e-06,2.7e-05,0.000219,0,0,4e-06,2e-06,0.000237,0,0.006776,7.8e-05,3.6e-05,0.001761,1e-06,3e-06,0,1e-06,1e-06,0.000286,1.4e-05,7e-06,5e-06,0.000112,0.000149,0.001271,0,1.1e-05,1e-06,0.000323,4.3e-05,0.000956,2.3e-05,0,3e-06,8.5e-05,3e-06,3.8e-05,0,0.000642,0.000507,0.000126,2e-06,0,2e-06,0,8e-06,5.1e-05,4e-06,0,0,0,1.4e-05,8e-06,7.4e-05,1e-06,0,0,1.7e-05,7e-06,1.9e-05,4e-06,0,4e-06,0.000278,3e-06,7e-06,1e-06,6e-06,0,0.003007,1e-06,0,0,7e-06,9.3e-05,0.001368,0.13864,1e-06,4e-06,0.001299,0.000216,0.000179,0,0,0,1e-06,0,2e-06,0,0.00707,0,9.7e-05,0,4e-06,1e-06,0.000222,7e-06,0.001554,3e-06,1e-06,4e-06,4e-06,0,0.000317,1e-06,0,1e-06,0,0.000991,3.3e-05,0.000181,0,0,0,3e-06,0.000719,1e-05,0.000793,1.4e-05,0,0,0,0,1e-05,2.4e-05,0,2.9e-05,1.8e-05,9e-06,1e-06,2e-06,1.2e-05,0.00013,6.2e-05,0.000368,0,0.000116,0.000279,1.9e-05,0,1e-06,9.6e-05,2.9e-05,0,3e-05,4.9e-05,3e-06,2e-06,6e-06,4.3e-05,0,0,2e-05,0,0,1e-06,0,0,1.7e-05,0,0,1.7e-05,0.000168,1e-06,0,0.001366,7e-06,3e-06,5e-06,0,0,7e-06,0,0.000173,0,0,0,0,5e-06,0,1e-06,0,8e-06,0,0.000116,0.000487,2e-05,4.7e-05,0,1.1e-05,0,1e-06,0,0.000176,3e-06,0,3e-06,3e-06,1e-06,0,5e-06,1.4e-05,0,0,1.7e-05,0.000114,0,0,6e-05,0.000477,1.8e-05,2e-06,2.7e-05,4.8e-05,5e-05,0.000148,1e-06,1e-06,1e-06,0,5e-06,1.1e-05,3e-06,0.00014,3e-06,4e-06,0,0.000364,0,0.000125,0,0,5.6e-05,0,0,1.8e-05,1e-06,0,1.2e-05,2.1e-05,0,0,7.3e-05,1e-06,0.000123,2e-06,3e-06,1.4e-05,4e-06,4e-06,0.000985,0,0,0,0,0,9.3e-05,1.4e-05,4.2e-05,0,1.6e-05,0.00101,0,0,0,3e-06,4e-06,1e-06,0,4.4e-05,0,0,0,0.000799,0,0,2e-06,7e-06,0.00296,0.000272,6e-06,6.6e-05,2e-06,0,0,0,0,0,0
"kilimanjaro/mwanga/kivisini",0,0,0,0,0,0,0,0,0,0,0,0,0,0,0,0,0,0,0,0,0,0,0,0,0,0,0,0,0,0,0,0,0,0,0,0,0,0,0,0,0,0,0,0,0,0,0,0,0,0,0,0,0,0,0,0,0,0,0,0,0,0,0,0,0,0,0,0,0,0,0,0,0,0,0,0,0,0,0,0,0,0,0,0,0,0,0,0,0,0,0,0,0,0,0,0,0,0,0,0,0,0,0,0,0,0,0,0,0,0,0,0,0,0,0,0,0,0,0,0,0,0,0,0,0,0,0,0,0,0,0,0,0,0,0,0,0,0,0,0,0,0,0,0,0,0,0,0,0,0,0,0,0,0,0,0,0,0,0,0,0,0,0,0,0,0,0,0,0,0,0,0,0,0,0,0,0,0,0,0,0,0,0,0,0,0,0,0,0,0,0,0,0,0,0,0,0,0,0,0,0,0,0,0,0,0,0,0,0,0,0,0,0,0,0,0,0,0,0,0,0,0,0,0,0,0,0,0,0,0,0,0,0,0,0,0,0,0,0,0,0,0,0,0,0,0,0,0,0,0,0,0,0,0,0,0,0,0,0,0,0,0,0,0,0,0,0,0,0,0,0,0,0,0,0,0,0,0,0,0,0,0,0,0,0,0,0,0,0,0,0,0,0,0,0,0,0,0,0,0,0,0,0,0,0,0,0,0,0,0,0,0,0,0,0,0,0,0,0,0,0,0,0,0,0,0,0,0,0,0,0,0,0,0,0,0,0,0,0,0,0,0,0,0,0,0,0,0,0,0,0,0,0,0,0,0,0,0,0,0,0,0,0,0,0,0,0,0,0,0,0,0,0,0,0,0,0,0,0,0,0,0,0,0,0,0,0,0,0,0,0,0,0,0,0,0,0,0
"manyara/simanjiro/komolo",0.000363,1.4e-05,1.9e-05,8.4e-05,4e-06,0.001547,2e-06,2e-06,4e-06,0.001205,1.8e-05,2e-06,0.000228,0.00403,8.2e-05,6e-06,4e-06,1.9e-05,3e-06,9e-06,1.2e-05,0.000189,4e-06,2.4e-05,1.2e-05,7e-06,8e-06,5e-06,2e-06,1.9e-05,0.002815,1.1e-05,8e-06,1.6e-05,2.2e-05,7e-06,0.000382,0.000186,1.4e-05,9.8e-05,3e-06,2e-06,0.000407,0.000111,6.9e-05,4e-06,4.1e-05,0.080438,0.033169,8e-06,4e-06,5e-06,7e-06,3e-06,0.000144,2e-06,1e-04,2.5e-05,0.001378,0.00175,0.000217,0.000496,0.000568,3.3e-05,0,0.003168,0.000708,2e-06,0.000126,0.002488,4e-06,0,3.7e-05,6.2e-05,9e-06,0.000295,3.2e-05,1e-06,1e-06,2e-06,1e-06,1.8e-05,2e-06,3e-06,6e-06,3e-06,0.010656,2e-06,7.2e-05,0.002521,1e-06,2e-06,0.005777,0.00145,1.8e-05,0.000212,0.00045,8e-06,0.004229,0.00089,3e-06,3e-06,0.000376,0.000552,0.000121,0.002392,4e-06,0.00079,0.000278,0.000787,0.000314,0.001505,6.7e-05,1.4e-05,2.4e-05,1.7e-05,0.004581,9e-06,0.004021,0.00031,0.000179,0.005914,2.2e-05,8.8e-05,9e-06,0.000161,0.000466,0.021022,0.002014,2.2e-05,1.8e-05,0.000731,0.001644,0.000174,7e-06,0.002139,9.6e-05,0.000452,0.003206,0.001217,0.000751,1e-05,0.000671,0.000108,2.8e-05,0.001231,9e-06,0.00172,0.001264,0.000431,1.5e-05,2.8e-05,2.3e-05,2.6e-05,0.000686,0.01778,5.9e-05,5.1e-05,0.00012,0.060659,0.000227,0,1.1e-05,6e-05,2e-06,2e-06,0.000446,0.000313,0.004789,0.000163,0.000141,0.002904,0.05833,0.000991,0.000103,0.003845,0.017225,1e-05,0.001214,0.000301,6e-06,1.7e-05,0.001512,0.000237,0.00681,0.151648,1.1e-05,2.3e-05,0.003853,0.001132,4e-04,3.5e-05,9.5e-05,4e-06,0.001135,1.7e-05,1.9e-05,6e-06,0.001425,4e-06,0.006721,0.000438,0.000968,4.3e-05,0.001396,0.000174,0.010831,0.002479,0.000192,2.4e-05,2.2e-05,4.2e-05,0.002902,8e-06,2e-06,0.000161,2e-06,0.010692,0.00013,0.000822,4e-06,4.1e-05,3e-06,2.8e-05,0.005286,0.000103,0.005829,7.7e-05,1.4e-05,2e-06,2e-06,4e-06,0.001302,0.009328,5.2e-05,2e-06,2.8e-05,0.002443,0.00028,1.5e-05,0.001356,0.073705,1.1e-05,0.030624,1.1e-05,2.3e-05,7.9e-05,0.00402,3e-06,0.000589,0.018751,0.009032,3.2e-05,0.006471,0.000601,0.000376,2e-05,0.000123,1.8e-05,1.3e-05,9e-06,0.000909,1.2e-05,1.1e-05,0.000937,3.1e-05,5e-06,0.00491,4e-06,0.000249,0.003693,0.003757,1.9e-05,1.6e-05,0.00867,4.2e-05,0.000404,0.010923,5e-06,4.8e-05,0.000501,5e-06,0.012083,1.2e-05,1.2e-05,1.2e-05,1e-06,4.1e-05,5e-06,2.3e-05,0.000111,0.000182,3e-05,0.024947,0.000307,0.00041,0.004438,0.000104,0.001353,0.00013,7e-06,7e-06,2.2e-05,3e-04,1.6e-05,0.003584,0.000462,5.8e-05,3.5e-05,2.2e-05,0.006063,8.4e-05,3.9e-05,1.8e-05,0.000179,3e-06,1e-05,0.007711,0.004013,0.016828,0.004168,0.00455,0.000765,0.001444,0.038934,0.000203,0.000264,0.000179,2.2e-05,0.001197,0.00191,0.000661,0.016319,0.000618,0.003405,1.7e-05,0.000116,3.4e-05,0.014695,5.7e-05,4e-06,1.8e-05,5e-06,7e-06,0.003275,0.000297,6.1e-05,0.001633,0.002085,8.1e-05,2e-06,0.001461,0.000184,0.024624,0.000849,0.001509,0.011901,0.000112,3e-05,0.000337,5e-06,3e-06,6e-06,2e-06,1.5e-05,0.015427,0.0053,0.010602,1.5e-05,0.001363,0.000124,6e-06,1.5e-05,3.3e-05,3.1e-05,0.001635,0.0123,4.1e-05,0.002934,2e-06,8e-06,3e-06,0.007682,2.7e-05,2e-06,0.00045,2.1e-05,0.002783,0.000466,1.5e-05,0.00724,1.4e-05,1.4e-05,2.5e-05,5e-06,5e-06,3e-06,2e-06
"kilimanjaro/moshimunicipal/korongoni",0,0,0,0,0,0,0,0,0,0,0,0,0,0,0,0,0,0,0,0,0,0,0,0,0,0,0,0,0,0,0,0,0,0,0,0,0,0,0,0,0,0,0,0,0,0,0,0,0,0,0,0,0,0,0,0,0,0,0,0,0,0,0,0,0,0,0,0,0,0,0,0,0,0,0,0,0,0,0,0,0,0,0,0,0,0,0,0,0,0,0,0,0,0,0,0,0,0,0,0,0,0,0,0,0,0,0,0,0,0,0,0,0,0,0,0,0,0,0,0,0,0,0,0,0,0,0,0,0,0,0,0,0,0,0,0,0,0,0,0,0,0,0,0,0,0,0,0,0,0,0,0,0,0,0,0,0,0,0,0,0,0,0,0,0,0,0,0,0,0,0,0,0,0,0,0,0,0,0,0,0,0,0,0,0,0,0,0,0,0,0,0,0,0,0,0,0,0,0,0,0,0,0,0,0,0,0,0,0,0,0,0,0,0,0,0,0,0,0,0,0,0,0,0,0,0,0,0,0,0,0,0,0,0,0,0,0,0,0,0,0,0,0,0,0,0,0,0,0,0,0,0,0,0,0,0,0,0,0,0,0,0,0,0,0,0,0,0,0,0,0,0,0,0,0,0,0,0,0,0,0,0,0,0,0,0,0,0,0,0,0,0,0,0,0,0,0,0,0,0,0,0,0,0,0,0,0,0,0,0,0,0,0,0,0,0,0,0,0,0,0,0,0,0,0,0,0,0,0,0,0,0,0,0,0,0,0,0,0,0,0,0,0,0,0,0,0,0,0,0,0,0,0,0,0,0,0,0,0,0,0,0,0,0,0,0,0,0,0,0,0,0,0,0,0,0,0,0,0,0,0,0,0,0,0,0,0,0,0,0,0,0,0,0,0,0,0,0
"kilimanjaro/mwanga/kwakoa",0,0,0,0,0,0,0,0,0,0,0,0,0,0,0,0,0,0,0,0,0,0,0,0,0,0,0,0,0,0,0,0,0,0,0,0,0,0,0,0,0,0,0,0,0,0,0,0,0,0,0,0,0,0,0,0,0,0,0,0,0,0,0,0,0,0,0,0,0,0,0,0,0,0,0,0,0,0,0,0,0,0,0,0,0,0,0,0,0,0,0,0,0,0,0,0,0,0,0,0,0,0,0,0,0,0,0,0,0,0,0,0,0,0,0,0,0,0,0,0,0,0,0,0,0,0,0,0,0,0,0,0,0,0,0,0,0,0,0,0,0,0,0,0,0,0,0,0,0,0,0,0,0,0,0,0,0,0,0,0,0,0,0,0,0,0,0,0,0,0,0,0,0,0,0,0,0,0,0,0,0,0,0,0,0,0,0,0,0,0,0,0,0,0,0,0,0,0,0,0,0,0,0,0,0,0,0,0,0,0,0,0,0,0,0,0,0,0,0,0,0,0,0,0,0,0,0,0,0,0,0,0,0,0,0,0,0,0,0,0,0,0,0,0,0,0,0,0,0,0,0,0,0,0,0,0,0,0,0,0,0,0,0,0,0,0,0,0,0,0,0,0,0,0,0,0,0,0,0,0,0,0,0,0,0,0,0,0,0,0,0,0,0,0,0,0,0,0,0,0,0,0,0,0,0,0,0,0,0,0,0,0,0,0,0,0,0,0,0,0,0,0,0,0,0,0,0,0,0,0,0,0,0,0,0,0,0,0,0,0,0,0,0,0,0,0,0,0,0,0,0,0,0,0,0,0,0,0,0,0,0,0,0,0,0,0,0,0,0,0,0,0,0,0,0,0,0,0,0,0,0,0,0,0,0,0,0,0,0,0,0,0,0,0,0,0,0,0
"manyara/hanang/laghanga",1.6e-05,8e-06,2e-06,6.5e-05,1.8e-05,8.6e-05,3e-06,4e-06,1.2e-05,0.001742,3.9e-05,8.9e-05,1.2e-05,0.000182,0.000429,1.1e-05,3.3e-05,0.000234,0.000256,0.002786,2e-06,1.4e-05,1e-05,2e-06,2e-06,1e-06,1.6e-05,5e-06,1e-06,3e-06,6.2e-05,7e-06,1e-06,1e-06,2.6e-05,0.00011,1.7e-05,0.001213,2.5e-05,5.6e-05,3.4e-05,3.6e-05,0.000236,0.000983,4.9e-05,1.7e-05,8e-06,0.00423,0.000695,1e-05,1e-05,7e-06,5e-06,5.5e-05,0.001279,2e-05,3e-06,7e-06,8.2e-05,0.002678,5.9e-05,0.000153,8e-05,2e-05,0,0.00012,5.8e-05,2.4e-05,3.9e-05,0.000673,3e-06,1.3e-05,3e-06,8.6e-05,0.002032,0.000103,1.2e-05,7.1e-05,0.000232,9.2e-05,9e-06,7.7e-05,3e-05,3.9e-05,0.000132,7e-06,0.000609,7.3e-05,0.002871,0.000383,1.6e-05,0.000204,0.000632,9.1e-05,5e-06,0.000508,3.7e-05,1e-06,0.000284,7.1e-05,7e-06,8e-06,7.3e-05,2.7e-05,9e-06,0.000373,6e-06,5.7e-05,2.1e-05,0.000513,2.6e-05,0.000184,0.002191,1e-06,3e-06,2e-06,0.000215,4e-06,0.000321,2.9e-05,1.6e-05,0.000565,2e-06,8e-06,1e-06,3e-05,0.000158,0.001001,6.6e-05,2e-06,2e-06,6.7e-05,0.000137,1.3e-05,1e-06,9.9e-05,5e-06,3.8e-05,0.000704,9.1e-05,4e-05,2e-06,3.5e-05,9e-06,4e-06,0.000111,2.2e-05,0.000142,0.000118,3.9e-05,2e-06,2e-06,3e-06,3e-06,0.000113,0.001062,8e-06,1.1e-05,1.6e-05,0.004629,2.1e-05,0.000393,1e-06,6e-06,0,6.9e-05,2.7e-05,2.1e-05,0.000196,1.2e-05,5.7e-05,0.000391,0.002942,5.3e-05,9e-06,0.000153,0.000845,2e-06,9.2e-05,8.1e-05,1e-06,1.2e-05,0.000218,1.6e-05,0.000582,0.011096,1e-06,2e-06,0.000294,8.8e-05,2.4e-05,0.000206,8e-05,9.3e-05,0.000561,1e-05,2e-06,9e-06,0.000108,2e-06,0.000329,5.9e-05,0.000116,1e-06,0.000163,1.2e-05,0.001042,0.000367,0.000135,3e-06,2e-06,1.2e-05,0.000342,1e-06,4e-06,3e-05,4e-06,0.001522,1.3e-05,8.4e-05,8e-05,2e-06,1.9e-05,2e-06,0.000346,8e-06,0.000495,4e-06,3.7e-05,2.6e-05,1.3e-05,1.7e-05,0.000476,0.000392,3.7e-05,0,3e-06,6e-05,0.000107,2e-06,3.6e-05,0.00394,1e-06,0.002598,1e-06,2e-06,6e-06,0.000143,0.000159,1.8e-05,0.000963,0.001096,3e-06,0.00026,8.1e-05,5.8e-05,2e-06,1.1e-05,1e-06,2e-06,1e-06,3.9e-05,2e-06,2e-06,0.000373,8e-06,1.5e-05,0.000337,4e-06,9.3e-05,0.000283,0.000272,2e-06,2e-06,0.00091,5e-06,6.8e-05,0.00016,8e-06,2.4e-05,1.5e-05,2e-06,0.002801,3e-05,6e-06,1.6e-05,2.3e-05,5e-06,6.6e-05,2e-06,2.3e-05,2.2e-05,5e-06,0.000753,2.4e-05,4.1e-05,0.00034,5e-06,5.6e-05,0.000127,1e-06,1e-06,2e-06,2.5e-05,7e-06,0.001226,2.2e-05,3e-06,2e-06,2e-06,0.000286,7.6e-05,2.3e-05,1e-06,1.6e-05,3e-06,5e-06,0.000692,0.000525,0.000392,4.5e-05,0.000348,4.6e-05,0.000215,0.002403,0.000147,0.000175,8e-06,1.6e-05,6.6e-05,1e-04,4.2e-05,0.002919,0.000385,0.000183,7e-06,8e-06,1.6e-05,0.000685,1.9e-05,3e-06,1e-06,3e-06,2.6e-05,0.000252,5.1e-05,3.6e-05,0.000113,0.000185,5e-05,4e-06,0.000113,9e-06,0.001197,0.000188,0.000124,0.000143,9e-06,4e-06,2.3e-05,1.4e-05,2.1e-05,1.1e-05,1.1e-05,1.1e-05,0.000782,0.000222,0.000493,1e-05,8e-05,9e-06,1e-06,2e-06,1.6e-05,4e-06,5.2e-05,5.2e-05,2e-06,0.000434,8e-06,1e-06,1.9e-05,0.00106,0.000791,3e-06,2.1e-05,2e-06,0.000226,4.2e-05,1e-06,0.000306,2e-06,2e-06,4e-06,1e-06,1e-06,1.7e-05,1.4e-05
"manyara/hanang/lalaji",0,0,0,0,0,0,0,0,0,0,0,0,0,0,0,0,0,0,0,0,0,0,0,0,0,0,0,0,0,0,0,0,0,0,0,0,0,0,0,0,0,0,0,0,0,0,0,0,0,0,0,0,0,0,0,0,0,0,0,0,0,0,0,0,0,0,0,0,0,0,0,0,0,0,0,0,0,0,0,0,0,0,0,0,0,0,0,0,0,0,0,0,0,0,0,0,0,0,0,0,0,0,0,0,0,0,0,0,0,0,0,0,0,0,0,0,0,0,0,0,0,0,0,0,0,0,0,0,0,0,0,0,0,0,0,0,0,0,0,0,0,0,0,0,0,0,0,0,0,0,0,0,0,0,0,0,0,0,0,0,0,0,0,0,0,0,0,0,0,0,0,0,0,0,0,0,0,0,0,0,0,0,0,0,0,0,0,0,0,0,0,0,0,0,0,0,0,0,0,0,0,0,0,0,0,0,0,0,0,0,0,0,0,0,0,0,0,0,0,0,0,0,0,0,0,0,0,0,0,0,0,0,0,0,0,0,0,0,0,0,0,0,0,0,0,0,0,0,0,0,0,0,0,0,0,0,0,0,0,0,0,0,0,0,0,0,0,0,0,0,0,0,0,0,0,0,0,0,0,0,0,0,0,0,0,0,0,0,0,0,0,0,0,0,0,0,0,0,0,0,0,0,0,0,0,0,0,0,0,0,0,0,0,0,0,0,0,0,0,0,0,0,0,0,0,0,0,0,0,0,0,0,0,0,0,0,0,0,0,0,0,0,0,0,0,0,0,0,0,0,0,0,0,0,0,0,0,0,0,0,0,0,0,0,0,0,0,0,0,0,0,0,0,0,0,0,0,0,0,0,0,0,0,0,0,0,0,0,0,0,0,0,0,0,0,0,0,0
"kilimanjaro/mwanga/langata",0,0,0,0,0,0,0,0,0,0,0,0,0,0,0,0,0,0,0,0,0,0,0,0,0,0,0,0,0,0,0,0,0,0,0,0,0,0,0,0,0,0,0,0,0,0,0,0,0,0,0,0,0,0,0,0,0,0,0,0,0,0,0,0,0,0,0,0,0,0,0,0,0,0,0,0,0,0,0,0,0,0,0,0,0,0,0,0,0,0,0,0,0,0,0,0,0,0,0,0,0,0,0,0,0,0,0,0,0,0,0,0,0,0,0,0,0,0,0,0,0,0,0,0,0,0,0,0,0,0,0,0,0,0,0,0,0,0,0,0,0,0,0,0,0,0,0,0,0,0,0,0,0,0,0,0,0,0,0,0,0,0,0,0,0,0,0,0,0,0,0,0,0,0,0,0,0,0,0,0,0,0,0,0,0,0,0,0,0,0,0,0,0,0,0,0,0,0,0,0,0,0,0,0,0,0,0,0,0,0,0,0,0,0,0,0,0,0,0,0,0,0,0,0,0,0,0,0,0,0,0,0,0,0,0,0,0,0,0,0,0,0,0,0,0,0,0,0,0,0,0,0,0,0,0,0,0,0,0,0,0,0,0,0,0,0,0,0,0,0,0,0,0,0,0,0,0,0,0,0,0,0,0,0,0,0,0,0,0,0,0,0,0,0,0,0,0,0,0,0,0,0,0,0,0,0,0,0,0,0,0,0,0,0,0,0,0,0,0,0,0,0,0,0,0,0,0,0,0,0,0,0,0,0,0,0,0,0,0,0,0,0,0,0,0,0,0,0,0,0,0,0,0,0,0,0,0,0,0,0,0,0,0,0,0,0,0,0,0,0,0,0,0,0,0,0,0,0,0,0,0,0,0,0,0,0,0,0,0,0,0,0,0,0,0,0,0,0
"arusha/meru/leguruki",0,0,0,0,0,0,0,0,0,0,0,0,0,0,0,0,0,0,0,0,0,0,0,0,0,0,0,0,0,0,0,0,0,0,0,0,0,0,0,0,0,0,0,0,0,0,0,0,0,0,0,0,0,0,0,0,0,0,0,0,0,0,0,0,0,0,0,0,0,0,0,0,0,0,0,0,0,0,0,0,0,0,0,0,0,0,0,0,0,0,0,0,0,0,0,0,0,0,0,0,0,0,0,0,0,0,0,0,0,0,0,0,0,0,0,0,0,0,0,0,0,0,0,0,0,0,0,0,0,0,0,0,0,0,0,0,0,0,0,0,0,0,0,0,0,0,0,0,0,0,0,0,0,0,0,0,0,0,0,0,0,0,0,0,0,0,0,0,0,0,0,0,0,0,0,0,0,0,0,0,0,0,0,0,0,0,0,0,0,0,0,0,0,0,0,0,0,0,0,0,0,0,0,0,0,0,0,0,0,0,0,0,0,0,0,0,0,0,0,0,0,0,0,0,0,0,0,0,0,0,0,0,0,0,0,0,0,0,0,0,0,0,0,0,0,0,0,0,0,0,0,0,0,0,0,0,0,0,0,0,0,0,0,0,0,0,0,0,0,0,0,0,0,0,0,0,0,0,0,0,0,0,0,0,0,0,0,0,0,0,0,0,0,0,0,0,0,0,0,0,0,0,0,0,0,0,0,0,0,0,0,0,0,0,0,0,0,0,0,0,0,0,0,0,0,0,0,0,0,0,0,0,0,0,0,0,0,0,0,0,0,0,0,0,0,0,0,0,0,0,0,0,0,0,0,0,0,0,0,0,0,0,0,0,0,0,0,0,0,0,0,0,0,0,0,0,0,0,0,0,0,0,0,0,0,0,0,0,0,0,0,0,0,0,0,0,0,0
"arusha/arushaurban/lemara",6e-05,0,0,0,0,1.1e-05,0,0,0,3e-06,0,0,3.9e-05,0.001561,0,0,0,0,0,0,0,3e-06,0,0,0,0,0,0,0,0,0.000112,0,0,0,0,0,0.000297,0,0,1e-06,0,0,1e-06,0,0,0,1e-06,0.028258,2.7e-05,0,0,0,0,0,0,0,1e-06,0,2e-06,7e-06,2e-06,4e-06,1.6e-05,0,0,0.003155,2.7e-05,0,1e-06,2e-06,0,0,1e-06,0,0,3e-06,0,0,0,0,0,0,0,0,0,0,0.000159,0,0,5e-06,0,0,4.1e-05,0.000156,0,1e-06,9e-06,0,2.8e-05,6e-06,0,0,1e-06,0.000229,1e-06,3.3e-05,0,8e-06,9e-06,4e-06,6e-06,1.5e-05,0,7e-06,0,0,6.8e-05,0,3.9e-05,4e-06,2e-06,7.1e-05,0,0,0,0,1e-06,0.000501,8.7e-05,0,0,4e-06,1e-05,2e-06,0,0.001052,1.7e-05,4e-06,5.4e-05,1.5e-05,2e-05,0,0.000195,1e-06,0,5e-06,0,1.4e-05,1.2e-05,4e-06,0,0,0,0,2e-06,0.001065,0,1e-06,0,0.000638,1e-06,2.1e-05,0,0,0,0,2e-06,1.2e-05,0,1e-06,0,2.6e-05,0.026663,2e-06,2e-06,2e-06,3.1e-05,0,1.3e-05,1e-06,0,0,4e-06,2e-06,9.9e-05,0.003073,0,0,5.2e-05,1.7e-05,4e-06,0,0,0,2e-06,0,0,0,1.4e-05,0,0.000331,0,2e-06,1e-06,1.2e-05,5e-06,7.7e-05,1.4e-05,1e-06,0,0,0,2.1e-05,0,0,1e-06,0,9.2e-05,1e-06,7e-06,0,1e-06,0,0,8.5e-05,2e-06,9.4e-05,1e-06,0,0,0,0,1.5e-05,0.001021,0,0,0,3e-05,2e-06,0,1.4e-05,0.001116,0,7.7e-05,0,0,1e-06,0.000712,0,1.5e-05,0.00607,0.000191,1e-06,0.003865,8e-06,1e-06,0,1e-06,0,0,0,3e-06,0,0,5e-06,0,0,3e-04,0,1e-06,0.000242,1.8e-05,0,0,6.6e-05,0,1e-06,5e-06,0,0,3e-06,0,0.000191,0,0,0,0,0,0,0,0,3e-06,0,0.00148,3e-06,9e-06,0.000153,4.2e-05,4e-06,1e-06,0,0,0,1e-06,0,9e-06,9.4e-05,4e-06,5e-06,0,0.000902,0,0,0,2e-06,0,0,0.000264,3.8e-05,0.000338,1.5e-05,0.000337,1.5e-05,2.5e-05,0.004102,1e-06,1e-06,0.000142,0,0.000229,0.000457,7.4e-05,0.000249,4e-06,3e-06,0,1e-06,0,0.001568,0,0,0,0,0,7e-06,1e-06,0,0.00015,6e-06,1e-06,0,3.5e-05,2.4e-05,0.011785,7e-06,2.9e-05,2e-05,1e-06,0,3e-06,0,0,0,0,0,0.004028,0.005531,0.005235,0,0.000102,1e-06,0,0,0,0,0.000237,4e-06,4.6e-05,4.5e-05,0,0,0,7.4e-05,0,0,0.000255,0,3.1e-05,5e-06,0,0.000524,0,0,0,0,0,0,0
"kilimanjaro/mwanga/lembeni",4e-06,0,3e-06,1e-06,0,0.000277,0,0,0,5e-06,0,0,2e-06,3.6e-05,1e-06,0,0,0,0,0,1e-06,4e-06,0,3e-06,2e-06,1e-06,0,0,0,2e-06,2.5e-05,0,1e-06,5.3e-05,0,0,3e-06,1e-06,0,2e-06,0,0,5e-06,1e-06,1e-06,0,0,0.000641,3.1e-05,0,0,0,0,0,1e-06,0,1e-06,0,3.3e-05,1.5e-05,3e-06,3e-06,8e-06,0,0,2.2e-05,5e-06,0,1e-06,5e-06,0,0,1e-06,0,0,3e-06,0,0,0,0,0,0,0,0,0,0,0.00051,0,1e-06,0.00015,0,0,0.001652,1.6e-05,0,1e-06,1.9e-05,8e-06,0.001284,0.000329,0,0,4e-05,4e-06,1.5e-05,0.000124,0,7.6e-05,6e-06,4e-06,1.4e-05,0.000176,0,0,3e-06,3e-06,0.000171,0,0.00052,2.4e-05,9e-06,0.000511,3.4e-05,0.000231,1.2e-05,1.5e-05,5e-06,0.000294,2.2e-05,3e-06,3e-06,0.000125,0.000932,1.8e-05,2.5e-05,1.8e-05,1e-06,6.6e-05,7.1e-05,9.9e-05,1.9e-05,1e-06,5e-06,9e-06,4e-06,0.002839,0,0.000352,0.000191,8.6e-05,2e-06,3.9e-05,3e-06,7e-06,0.000141,0.000103,5e-06,0,2e-06,0.006996,0.000179,3.8e-05,1e-06,0.000107,0,0,0.000451,7e-06,3.4e-05,0,2e-06,1.1e-05,0.000474,6e-05,4e-06,5e-06,2.2e-05,0,0.00012,5e-06,1e-06,0,0.000107,3.9e-05,0.000423,0.020307,1e-06,2e-06,0.00026,6.5e-05,3.7e-05,0,0,0,3e-06,0,4e-06,0,0.000168,0,0.00011,2e-06,7.1e-05,1e-06,0.00021,5e-06,0.003375,7e-06,3e-06,4e-06,4e-06,0,0.000681,2e-06,0,2.1e-05,0,0.001499,2e-05,0.000151,0,1e-06,0,1e-06,0.000259,5e-06,0.00031,5e-06,0,0,0,0,2.4e-05,4.9e-05,1e-06,0,3e-06,1.7e-05,2e-06,3e-06,2.2e-05,0.00035,1e-06,0.033205,2e-06,3e-06,1e-05,3.2e-05,0,2e-06,0.000159,5.7e-05,0,5.1e-05,4e-05,4.3e-05,3e-06,0.000179,2e-06,3e-06,2e-06,9.9e-05,0,1e-06,4e-06,1e-06,0,3.3e-05,0,1e-06,3.1e-05,0.006616,1.9e-05,3e-06,0.002037,8e-06,4.2e-05,3.8e-05,0,0,2e-05,0,0.000289,0,0,0,0,4e-06,0,1e-06,1e-06,7e-06,3e-06,0.000204,4.2e-05,1.5e-05,5.4e-05,1e-06,0.000261,1e-06,2e-06,5.3e-05,3e-06,0.000175,0,9e-06,5e-06,1e-06,0,2e-06,2.7e-05,1e-06,0,3e-06,2.4e-05,0,0,8e-05,0.000489,4.3e-05,7e-06,4.4e-05,2.7e-05,5.3e-05,0.000245,2e-06,3e-06,1e-06,0,9e-06,1.7e-05,5e-06,0.000219,1.1e-05,3.9e-05,0,1.4e-05,1e-06,0.000174,0,0,2e-06,0,0,0.000396,1.3e-05,1e-06,1.8e-05,0.00077,1e-06,0,4.8e-05,2e-06,0.000205,4e-06,7e-06,5.1e-05,0.000299,5e-06,3.5e-05,0,0,0,0,0,0.000145,2.5e-05,7.5e-05,0,1.9e-05,1.3e-05,1e-06,2e-06,0,3e-06,9e-06,4e-06,0,5.3e-05,0,6e-06,0,0.000852,0,0,3e-06,2e-06,0.000272,5.3e-05,2e-06,9e-05,2e-06,3e-06,4e-06,2e-06,0,0,0
"manyara/kiteto/lengatei",0,0,0,0,0,0,0,0,0,0,0,0,0,0,0,0,0,0,0,0,0,0,0,0,0,0,0,0,0,0,0,0,0,0,0,0,0,0,0,0,0,0,0,0,0,0,0,0,0,0,0,0,0,0,0,0,0,0,0,0,0,0,0,0,0,0,0,0,0,0,0,0,0,0,0,0,0,0,0,0,0,0,0,0,0,0,0,0,0,0,0,0,0,0,0,0,0,0,0,0,0,0,0,0,0,0,0,0,0,0,0,0,0,0,0,0,0,0,0,0,0,0,0,0,0,0,0,0,0,0,0,0,0,0,0,0,0,0,0,0,0,0,0,0,0,0,0,0,0,0,0,0,0,0,0,0,0,0,0,0,0,0,0,0,0,0,0,0,0,0,0,0,0,0,0,0,0,0,0,0,0,0,0,0,0,0,0,0,0,0,0,0,0,0,0,0,0,0,0,0,0,0,0,0,0,0,0,0,0,0,0,0,0,0,0,0,0,0,0,0,0,0,0,0,0,0,0,0,0,0,0,0,0,0,0,0,0,0,0,0,0,0,0,0,0,0,0,0,0,0,0,0,0,0,0,0,0,0,0,0,0,0,0,0,0,0,0,0,0,0,0,0,0,0,0,0,0,0,0,0,0,0,0,0,0,0,0,0,0,0,0,0,0,0,0,0,0,0,0,0,0,0,0,0,0,0,0,0,0,0,0,0,0,0,0,0,0,0,0,0,0,0,0,0,0,0,0,0,0,0,0,0,0,0,0,0,0,0,0,0,0,0,0,0,0,0,0,0,0,0,0,0,0,0,0,0,0,0,0,0,0,0,0,0,0,0,0,0,0,0,0,0,0,0,0,0,0,0,0,0,0,0,0,0,0,0,0,0,0,0,0,0,0,0,0,0,0,0
"arusha/monduli/lepurko",1.4e-05,3e-06,0,9e-06,0,2e-05,0,0,0,3.9e-05,1e-06,0,1.2e-05,0.000187,6e-06,0,0,1e-06,0,0,0,6e-06,0,0,0,0,0,1e-06,0,0,4.2e-05,0,0,0,3e-06,0,2.1e-05,7e-06,1e-06,9e-06,0,0,7e-06,6e-06,1e-06,0,1.5e-05,0.005766,0.000209,1e-06,0,1e-06,2e-06,0,5e-06,0,1e-06,0,8e-06,0.000186,2.4e-05,0.000184,8e-05,1e-06,0,0.000127,0.000231,0,5.2e-05,3.9e-05,1e-06,0,1e-06,5e-06,0,4.6e-05,7e-06,0,0,0,0,1e-06,0,0,0,0,0.000217,0,3e-06,2.9e-05,0,0,0.000106,9.9e-05,5e-06,1.7e-05,1.4e-05,0,5.9e-05,1.3e-05,0,0,5e-06,3.3e-05,2e-06,9.5e-05,1e-06,1.5e-05,1.2e-05,0.00019,1e-05,3.7e-05,2e-06,1e-06,1e-06,0,8.2e-05,0,7.7e-05,8e-06,4e-06,0.000146,0,1e-06,0,2e-06,6e-06,0.000548,4.2e-05,0,0,1.3e-05,2.4e-05,3e-06,0,0.000109,7e-06,9e-06,0.000292,2.6e-05,2e-05,0,4.6e-05,2e-06,1e-06,1.5e-05,0,3e-05,2.5e-05,8e-06,0,0,1e-06,0,1e-05,0.002741,1e-06,1.1e-05,1e-06,0.00119,3e-06,0.000109,0,1e-06,0,0,5e-06,1.2e-05,0.000223,2e-06,2e-06,0,0.003722,6e-06,4e-06,1.4e-05,0.000576,1e-06,2.4e-05,4e-06,0,2e-06,1.6e-05,4e-06,0.00018,0.003276,0,1e-06,9e-05,2.9e-05,7e-06,2e-06,1e-05,0,4.5e-05,0,0,0,2.7e-05,2e-06,0.000209,3e-06,1e-05,1e-06,3.1e-05,6e-06,0.000187,0.002015,2.6e-05,0,0,1e-06,5.7e-05,0,0,2e-06,0,0.00026,3e-06,1.6e-05,0,1e-06,0,1e-06,0.000123,3e-06,0.000166,1e-06,1e-06,0,0,0,0.000151,0.000639,1e-06,0,1e-06,3.2e-05,0.000127,0,1.5e-05,0.009997,0,0.00033,0,0,1e-06,0.000124,0,2.5e-05,0.001183,0.003042,1.1e-05,0.000262,2e-05,5e-06,0,2e-06,0,0,0,9e-06,2e-06,0,0.000366,4e-06,0,0.00087,0,1.4e-05,0.000578,4.5e-05,0,0,0.000165,1e-06,5e-06,2.4e-05,0,1.4e-05,4e-06,1e-06,0.001015,1e-06,0,0,0,1e-06,0,1e-06,1e-06,8e-06,0,0.000545,6e-06,1.7e-05,0.000256,7e-06,9e-06,2.2e-05,0,0,0,3e-06,0,0.000372,2.1e-05,2e-06,2e-06,1e-06,0.000448,1.2e-05,1e-06,0,4e-06,1e-06,1e-06,0.000652,1e-04,0.000386,3e-05,0.000537,1.9e-05,7.2e-05,0.003412,1.6e-05,2.3e-05,9e-06,1e-06,9.8e-05,0.000116,7.1e-05,0.001777,5.1e-05,1.7e-05,0,2e-06,5e-06,0.000549,1e-06,1e-06,0,2e-06,0,2.6e-05,3e-06,7e-06,0.000135,2e-05,8e-06,0,5e-05,7e-06,0.001416,0.001032,0.00107,4.7e-05,1e-06,1e-06,6e-06,0,0,0,0,1e-06,0.000843,0.000272,0.000662,0,6.3e-05,2e-06,0,0,1e-06,1e-06,5.7e-05,2.2e-05,2e-06,0.000202,0,0,0,0.000202,1e-06,0,2.7e-05,0,5.9e-05,1e-05,0,0.000218,0,0,0,0,0,0,0
"arusha/arushaurban/levolosi",0.000243,1e-06,1e-06,2e-06,0,4.5e-05,0,0,0,1.2e-05,0,0,0.000283,0.006893,2e-06,0,0,0,0,0,0,1.6e-05,0,1e-06,0,0,0,0,0,0,0.000329,0,0,0,0,0,0.003133,2e-06,0,4e-06,0,0,3e-06,1e-06,0,0,4e-06,0.458371,0.000111,0,0,0,0,0,1e-06,0,4e-06,0,8e-06,3.3e-05,1.2e-05,2.3e-05,9.5e-05,0,0,0.00284,0.000159,0,4e-06,1.1e-05,0,0,4e-06,1e-06,0,1.4e-05,2e-06,0,0,0,0,0,0,0,0,0,0.000689,0,1e-06,2e-05,0,0,0.000182,0.001229,1e-06,4e-06,4.2e-05,0,0.00012,2.6e-05,0,0,5e-06,0.012884,5e-06,0.000162,0,3.8e-05,4.9e-05,1.7e-05,2.8e-05,6.8e-05,1e-06,0.000344,1e-06,1e-06,0.000283,0,0.000172,1.8e-05,8e-06,0.000327,0,2e-06,0,2e-06,3e-06,0.002115,0.000292,1e-06,1e-06,1.7e-05,4.3e-05,8e-06,0,0.006756,0.000219,1.9e-05,0.000291,6.5e-05,8.9e-05,0,0.005552,6e-06,1e-06,2.3e-05,0,6.1e-05,5.2e-05,1.6e-05,1e-06,0,1e-06,0,1.1e-05,0.006195,2e-06,4e-06,1e-06,0.002813,5e-06,8.2e-05,0,1e-06,0,0,9e-06,5.8e-05,0.00823,3e-06,1e-06,0.000134,0,7e-06,1e-05,7e-06,0.000132,1e-06,5.8e-05,3e-06,0,1e-06,1.6e-05,8e-06,0.000461,0.013391,1e-06,2e-06,0.000236,7.9e-05,1.7e-05,0,1e-06,0,8e-06,0,1e-06,0,6.2e-05,0,0.00145,2e-06,7e-06,3e-06,5.6e-05,2.2e-05,0.000339,6.5e-05,7e-06,1e-06,1e-06,0,9.6e-05,0,0,2e-06,0,0.000422,5e-06,3.1e-05,0,5e-06,0,2e-06,0.000378,9e-06,0.000443,3e-06,0,0,0,0,7.9e-05,0.004122,0,0,1e-06,0.000101,9e-06,1e-06,5.1e-05,0.004889,1e-06,0.00033,0,1e-06,3e-06,0.001688,0,5.3e-05,0.133036,0.001161,7e-06,0.006917,3.7e-05,5e-06,1e-06,3e-06,1e-06,0,0,1.3e-05,0,0,2.3e-05,3e-06,0,0.001991,0,3e-06,0.001798,7.8e-05,0,0,0.000297,2e-06,5e-06,2e-05,0,2e-06,1.1e-05,0,0.001016,0,0,0,0,2e-06,0,2e-06,1e-06,1.8e-05,0,0.0042,1.3e-05,4.3e-05,0.00089,0.003476,1.5e-05,4e-06,0,0,1e-06,4e-06,0,4.3e-05,5e-04,2.1e-05,2.8e-05,1e-06,0.005404,2e-06,0,1e-06,8e-06,0,0,0.001686,0.000175,0.001004,5.3e-05,0.002649,6.9e-05,0.000128,0.045473,5e-06,7e-06,0.000484,1e-06,0.003121,0.005377,0.000685,0.001387,2.2e-05,1.2e-05,0,5e-06,2e-06,0.006775,0,0,1e-06,0,0,3e-05,3e-06,2e-06,0.001217,2.6e-05,3e-06,0,0.000169,0.000109,0.184756,3.7e-05,0.000148,7.3e-05,2e-06,1e-06,1.5e-05,0,0,0,0,0,0.033039,0.00749,0.046833,0,0.000565,6e-06,0,0,0,2e-06,0.000511,1.4e-05,0.000141,0.00024,0,0,0,0.000347,0,0,0.007455,1e-06,0.000138,2.2e-05,1e-06,0.002024,1e-06,0,0,0,0,0,0
"manyara/simanjiro/liborsoit",0,0,0,0,0,0,0,0,0,0,0,0,0,0,0,0,0,0,0,0,0,0,0,0,0,0,0,0,0,0,0,0,0,0,0,0,0,0,0,0,0,0,0,0,0,0,0,0,0,0,0,0,0,0,0,0,0,0,0,0,0,0,0,0,0,0,0,0,0,0,0,0,0,0,0,0,0,0,0,0,0,0,0,0,0,0,0,0,0,0,0,0,0,0,0,0,0,0,0,0,0,0,0,0,0,0,0,0,0,0,0,0,0,0,0,0,0,0,0,0,0,0,0,0,0,0,0,0,0,0,0,0,0,0,0,0,0,0,0,0,0,0,0,0,0,0,0,0,0,0,0,0,0,0,0,0,0,0,0,0,0,0,0,0,0,0,0,0,0,0,0,0,0,0,0,0,0,0,0,0,0,0,0,0,0,0,0,0,0,0,0,0,0,0,0,0,0,0,0,0,0,0,0,0,0,0,0,0,0,0,0,0,0,0,0,0,0,0,0,0,0,0,0,0,0,0,0,0,0,0,0,0,0,0,0,0,0,0,0,0,0,0,0,0,0,0,0,0,0,0,0,0,0,0,0,0,0,0,0,0,0,0,0,0,0,0,0,0,0,0,0,0,0,0,0,0,0,0,0,0,0,0,0,0,0,0,0,0,0,0,0,0,0,0,0,0,0,0,0,0,0,0,0,0,0,0,0,0,0,0,0,0,0,0,0,0,0,0,0,0,0,0,0,0,0,0,0,0,0,0,0,0,0,0,0,0,0,0,0,0,0,0,0,0,0,0,0,0,0,0,0,0,0,0,0,0,0,0,0,0,0,0,0,0,0,0,0,0,0,0,0,0,0,0,0,0,0,0,0,0,0,0,0,0,0,0,0,0,0,0,0,0,0,0,0,0,0,0
"kilimanjaro/siha/livishi",0,0,0,0,0,0,0,0,0,0,0,0,0,0,0,0,0,0,0,0,0,0,0,0,0,0,0,0,0,0,0,0,0,0,0,0,0,0,0,0,0,0,0,0,0,0,0,0,0,0,0,0,0,0,0,0,0,0,0,0,0,0,0,0,0,0,0,0,0,0,0,0,0,0,0,0,0,0,0,0,0,0,0,0,0,0,0,0,0,0,0,0,0,0,0,0,0,0,0,0,0,0,0,0,0,0,0,0,0,0,0,0,0,0,0,0,0,0,0,0,0,0,0,0,0,0,0,0,0,0,0,0,0,0,0,0,0,0,0,0,0,0,0,0,0,0,0,0,0,0,0,0,0,0,0,0,0,0,0,0,0,0,0,0,0,0,0,0,0,0,0,0,0,0,0,0,0,0,0,0,0,0,0,0,0,0,0,0,0,0,0,0,0,0,0,0,0,0,0,0,0,0,0,0,0,0,0,0,0,0,0,0,0,0,0,0,0,0,0,0,0,0,0,0,0,0,0,0,0,0,0,0,0,0,0,0,0,0,0,0,0,0,0,0,0,0,0,0,0,0,0,0,0,0,0,0,0,0,0,0,0,0,0,0,0,0,0,0,0,0,0,0,0,0,0,0,0,0,0,0,0,0,0,0,0,0,0,0,0,0,0,0,0,0,0,0,0,0,0,0,0,0,0,0,0,0,0,0,0,0,0,0,0,0,0,0,0,0,0,0,0,0,0,0,0,0,0,0,0,0,0,0,0,0,0,0,0,0,0,0,0,0,0,0,0,0,0,0,0,0,0,0,0,0,0,0,0,0,0,0,0,0,0,0,0,0,0,0,0,0,0,0,0,0,0,0,0,0,0,0,0,0,0,0,0,0,0,0,0,0,0,0,0,0,0,0,0,0
"manyara/simanjiro/loiborsiret",0,0,0,0,0,0,0,0,0,0,0,0,0,0,0,0,0,0,0,0,0,0,0,0,0,0,0,0,0,0,0,0,0,0,0,0,0,0,0,0,0,0,0,0,0,0,0,0,0,0,0,0,0,0,0,0,0,0,0,0,0,0,0,0,0,0,0,0,0,0,0,0,0,0,0,0,0,0,0,0,0,0,0,0,0,0,0,0,0,0,0,0,0,0,0,0,0,0,0,0,0,0,0,0,0,0,0,0,0,0,0,0,0,0,0,0,0,0,0,0,0,0,0,0,0,0,0,0,0,0,0,0,0,0,0,0,0,0,0,0,0,0,0,0,0,0,0,0,0,0,0,0,0,0,0,0,0,0,0,0,0,0,0,0,0,0,0,0,0,0,0,0,0,0,0,0,0,0,0,0,0,0,0,0,0,0,0,0,0,0,0,0,0,0,0,0,0,0,0,0,0,0,0,0,0,0,0,0,0,0,0,0,0,0,0,0,0,0,0,0,0,0,0,0,0,0,0,0,0,0,0,0,0,0,0,0,0,0,0,0,0,0,0,0,0,0,0,0,0,0,0,0,0,0,0,0,0,0,0,0,0,0,0,0,0,0,0,0,0,0,0,0,0,0,0,0,0,0,0,0,0,0,0,0,0,0,0,0,0,0,0,0,0,0,0,0,0,0,0,0,0,0,0,0,0,0,0,0,0,0,0,0,0,0,0,0,0,0,0,0,0,0,0,0,0,0,0,0,0,0,0,0,0,0,0,0,0,0,0,0,0,0,0,0,0,0,0,0,0,0,0,0,0,0,0,0,0,0,0,0,0,0,0,0,0,0,0,0,0,0,0,0,0,0,0,0,0,0,0,0,0,0,0,0,0,0,0,0,0,0,0,0,0,0,0,0,0,0
"arusha/monduli/lolkisale",0,0,0,0,0,0,0,0,0,0,0,0,0,0,0,0,0,0,0,0,0,0,0,0,0,0,0,0,0,0,0,0,0,0,0,0,0,0,0,0,0,0,0,0,0,0,0,0,0,0,0,0,0,0,0,0,0,0,0,0,0,0,0,0,0,0,0,0,0,0,0,0,0,0,0,0,0,0,0,0,0,0,0,0,0,0,0,0,0,0,0,0,0,0,0,0,0,0,0,0,0,0,0,0,0,0,0,0,0,0,0,0,0,0,0,0,0,0,0,0,0,0,0,0,0,0,0,0,0,0,0,0,0,0,0,0,0,0,0,0,0,0,0,0,0,0,0,0,0,0,0,0,0,0,0,0,0,0,0,0,0,0,0,0,0,0,0,0,0,0,0,0,0,0,0,0,0,0,0,0,0,0,0,0,0,0,0,0,0,0,0,0,0,0,0,0,0,0,0,0,0,0,0,0,0,0,0,0,0,0,0,0,0,0,0,0,0,0,0,0,0,0,0,0,0,0,0,0,0,0,0,0,0,0,0,0,0,0,0,0,0,0,0,0,0,0,0,0,0,0,0,0,0,0,0,0,0,0,0,0,0,0,0,0,0,0,0,0,0,0,0,0,0,0,0,0,0,0,0,0,0,0,0,0,0,0,0,0,0,0,0,0,0,0,0,0,0,0,0,0,0,0,0,0,0,0,0,0,0,0,0,0,0,0,0,0,0,0,0,0,0,0,0,0,0,0,0,0,0,0,0,0,0,0,0,0,0,0,0,0,0,0,0,0,0,0,0,0,0,0,0,0,0,0,0,0,0,0,0,0,0,0,0,0,0,0,0,0,0,0,0,0,0,0,0,0,0,0,0,0,0,0,0,0,0,0,0,0,0,0,0,0,0,0,0,0,0,0
"arusha/longido/longido",0,0,0,0,0,0,0,0,0,0,0,0,0,0,0,0,0,0,0,0,0,0,0,0,0,0,0,0,0,0,0,0,0,0,0,0,0,0,0,0,0,0,0,0,0,0,0,0,0,0,0,0,0,0,0,0,0,0,0,0,0,0,0,0,0,0,0,0,0,0,0,0,0,0,0,0,0,0,0,0,0,0,0,0,0,0,0,0,0,0,0,0,0,0,0,0,0,0,0,0,0,0,0,0,0,0,0,0,0,0,0,0,0,0,0,0,0,0,0,0,0,0,0,0,0,0,0,0,0,0,0,0,0,0,0,0,0,0,0,0,0,0,0,0,0,0,0,0,0,0,0,0,0,0,0,0,0,0,0,0,0,0,0,0,0,0,0,0,0,0,0,0,0,0,0,0,0,0,0,0,0,0,0,0,0,0,0,0,0,0,0,0,0,0,0,0,0,0,0,0,0,0,0,0,0,0,0,0,0,0,0,0,0,0,0,0,0,0,0,0,0,0,0,0,0,0,0,0,0,0,0,0,0,0,0,0,0,0,0,0,0,0,0,0,0,0,0,0,0,0,0,0,0,0,0,0,0,0,0,0,0,0,0,0,0,0,0,0,0,0,0,0,0,0,0,0,0,0,0,0,0,0,0,0,0,0,0,0,0,0,0,0,0,0,0,0,0,0,0,0,0,0,0,0,0,0,0,0,0,0,0,0,0,0,0,0,0,0,0,0,0,0,0,0,0,0,0,0,0,0,0,0,0,0,0,0,0,0,0,0,0,0,0,0,0,0,0,0,0,0,0,0,0,0,0,0,0,0,0,0,0,0,0,0,0,0,0,0,0,0,0,0,0,0,0,0,0,0,0,0,0,0,0,0,0,0,0,0,0,0,0,0,0,0,0,0,0,0
"kilimanjaro/moshimunicipal/longuob",0,0,0,0,0,0,0,0,0,0,0,0,0,0,0,0,0,0,0,0,0,0,0,0,0,0,0,0,0,0,0,0,0,0,0,0,0,0,0,0,0,0,0,0,0,0,0,0,0,0,0,0,0,0,0,0,0,0,0,0,0,0,0,0,0,0,0,0,0,0,0,0,0,0,0,0,0,0,0,0,0,0,0,0,0,0,0,0,0,0,0,0,0,0,0,0,0,0,0,0,0,0,0,0,0,0,0,0,0,0,0,0,0,0,0,0,0,0,0,0,0,0,0,0,0,0,0,0,0,0,0,0,0,0,0,0,0,0,0,0,0,0,0,0,0,0,0,0,0,0,0,0,0,0,0,0,0,0,0,0,0,0,0,0,0,0,0,0,0,0,0,0,0,0,0,0,0,0,0,0,0,0,0,0,0,0,0,0,0,0,0,0,0,0,0,0,0,0,0,0,0,0,0,0,0,0,0,0,0,0,0,0,0,0,0,0,0,0,0,0,0,0,0,0,0,0,0,0,0,0,0,0,0,0,0,0,0,0,0,0,0,0,0,0,0,0,0,0,0,0,0,0,0,0,0,0,0,0,0,0,0,0,0,0,0,0,0,0,0,0,0,0,0,0,0,0,0,0,0,0,0,0,0,0,0,0,0,0,0,0,0,0,0,0,0,0,0,0,0,0,0,0,0,0,0,0,0,0,0,0,0,0,0,0,0,0,0,0,0,0,0,0,0,0,0,0,0,0,0,0,0,0,0,0,0,0,0,0,0,0,0,0,0,0,0,0,0,0,0,0,0,0,0,0,0,0,0,0,0,0,0,0,0,0,0,0,0,0,0,0,0,0,0,0,0,0,0,0,0,0,0,0,0,0,0,0,0,0,0,0,0,0,0,0,0,0,0,0
"manyara/kiteto/loolera",0,0,0,0,0,0,0,0,0,0,0,0,0,0,0,0,0,0,0,0,0,0,0,0,0,0,0,0,0,0,0,0,0,0,0,0,0,0,0,0,0,0,0,0,0,0,0,0,0,0,0,0,0,0,0,0,0,0,0,0,0,0,0,0,0,0,0,0,0,0,0,0,0,0,0,0,0,0,0,0,0,0,0,0,0,0,0,0,0,0,0,0,0,0,0,0,0,0,0,0,0,0,0,0,0,0,0,0,0,0,0,0,0,0,0,0,0,0,0,0,0,0,0,0,0,0,0,0,0,0,0,0,0,0,0,0,0,0,0,0,0,0,0,0,0,0,0,0,0,0,0,0,0,0,0,0,0,0,0,0,0,0,0,0,0,0,0,0,0,0,0,0,0,0,0,0,0,0,0,0,0,0,0,0,0,0,0,0,0,0,0,0,0,0,0,0,0,0,0,0,0,0,0,0,0,0,0,0,0,0,0,0,0,0,0,0,0,0,0,0,0,0,0,0,0,0,0,0,0,0,0,0,0,0,0,0,0,0,0,0,0,0,0,0,0,0,0,0,0,0,0,0,0,0,0,0,0,0,0,0,0,0,0,0,0,0,0,0,0,0,0,0,0,0,0,0,0,0,0,0,0,0,0,0,0,0,0,0,0,0,0,0,0,0,0,0,0,0,0,0,0,0,0,0,0,0,0,0,0,0,0,0,0,0,0,0,0,0,0,0,0,0,0,0,0,0,0,0,0,0,0,0,0,0,0,0,0,0,0,0,0,0,0,0,0,0,0,0,0,0,0,0,0,0,0,0,0,0,0,0,0,0,0,0,0,0,0,0,0,0,0,0,0,0,0,0,0,0,0,0,0,0,0,0,0,0,0,0,0,0,0,0,0,0,0,0,0,0
"kilimanjaro/same/lugulu",0,0,0,0,0,0,0,0,0,0,0,0,0,0,0,0,0,0,0,0,0,0,0,0,0,0,0,0,0,0,0,0,0,0,0,0,0,0,0,0,0,0,0,0,0,0,0,0,0,0,0,0,0,0,0,0,0,0,0,0,0,0,0,0,0,0,0,0,0,0,0,0,0,0,0,0,0,0,0,0,0,0,0,0,0,0,0,0,0,0,0,0,0,0,0,0,0,0,0,0,0,0,0,0,0,0,0,0,0,0,0,0,0,0,0,0,0,0,0,0,0,0,0,0,0,0,0,0,0,0,0,0,0,0,0,0,0,0,0,0,0,0,0,0,0,0,0,0,0,0,0,0,0,0,0,0,0,0,0,0,0,0,0,0,0,0,0,0,0,0,0,0,0,0,0,0,0,0,0,0,0,0,0,0,0,0,0,0,0,0,0,0,0,0,0,0,0,0,0,0,0,0,0,0,0,0,0,0,0,0,0,0,0,0,0,0,0,0,0,0,0,0,0,0,0,0,0,0,0,0,0,0,0,0,0,0,0,0,0,0,0,0,0,0,0,0,0,0,0,0,0,0,0,0,0,0,0,0,0,0,0,0,0,0,0,0,0,0,0,0,0,0,0,0,0,0,0,0,0,0,0,0,0,0,0,0,0,0,0,0,0,0,0,0,0,0,0,0,0,0,0,0,0,0,0,0,0,0,0,0,0,0,0,0,0,0,0,0,0,0,0,0,0,0,0,0,0,0,0,0,0,0,0,0,0,0,0,0,0,0,0,0,0,0,0,0,0,0,0,0,0,0,0,0,0,0,0,0,0,0,0,0,0,0,0,0,0,0,0,0,0,0,0,0,0,0,0,0,0,0,0,0,0,0,0,0,0,0,0,0,0,0,0,0,0,0,0,0
"arusha/ngorongoro/maalon",0,0,0,0,0,0,0,0,0,0,0,0,0,0,0,0,0,0,0,0,0,0,0,0,0,0,0,0,0,0,0,0,0,0,0,0,0,0,0,0,0,0,0,0,0,0,0,0,0,0,0,0,0,0,0,0,0,0,0,0,0,0,0,0,0,0,0,0,0,0,0,0,0,0,0,0,0,0,0,0,0,0,0,0,0,0,0,0,0,0,0,0,0,0,0,0,0,0,0,0,0,0,0,0,0,0,0,0,0,0,0,0,0,0,0,0,0,0,0,0,0,0,0,0,0,0,0,0,0,0,0,0,0,0,0,0,0,0,0,0,0,0,0,0,0,0,0,0,0,0,0,0,0,0,0,0,0,0,0,0,0,0,0,0,0,0,0,0,0,0,0,0,0,0,0,0,0,0,0,0,0,0,0,0,0,0,0,0,0,0,0,0,0,0,0,0,0,0,0,0,0,0,0,0,0,0,0,0,0,0,0,0,0,0,0,0,0,0,0,0,0,0,0,0,0,0,0,0,0,0,0,0,0,0,0,0,0,0,0,0,0,0,0,0,0,0,0,0,0,0,0,0,0,0,0,0,0,0,0,0,0,0,0,0,0,0,0,0,0,0,0,0,0,0,0,0,0,0,0,0,0,0,0,0,0,0,0,0,0,0,0,0,0,0,0,0,0,0,0,0,0,0,0,0,0,0,0,0,0,0,0,0,0,0,0,0,0,0,0,0,0,0,0,0,0,0,0,0,0,0,0,0,0,0,0,0,0,0,0,0,0,0,0,0,0,0,0,0,0,0,0,0,0,0,0,0,0,0,0,0,0,0,0,0,0,0,0,0,0,0,0,0,0,0,0,0,0,0,0,0,0,0,0,0,0,0,0,0,0,0,0,0,0,0,0,0,0,0
"kilimanjaro/same/mabilioni",0,0,0,0,0,0,0,0,0,0,0,0,0,0,0,0,0,0,0,0,0,0,0,0,0,0,0,0,0,0,0,0,0,0,0,0,0,0,0,0,0,0,0,0,0,0,0,0,0,0,0,0,0,0,0,0,0,0,0,0,0,0,0,0,0,0,0,0,0,0,0,0,0,0,0,0,0,0,0,0,0,0,0,0,0,0,0,0,0,0,0,0,0,0,0,0,0,0,0,0,0,0,0,0,0,0,0,0,0,0,0,0,0,0,0,0,0,0,0,0,0,0,0,0,0,0,0,0,0,0,0,0,0,0,0,0,0,0,0,0,0,0,0,0,0,0,0,0,0,0,0,0,0,0,0,0,0,0,0,0,0,0,0,0,0,0,0,0,0,0,0,0,0,0,0,0,0,0,0,0,0,0,0,0,0,0,0,0,0,0,0,0,0,0,0,0,0,0,0,0,0,0,0,0,0,0,0,0,0,0,0,0,0,0,0,0,0,0,0,0,0,0,0,0,0,0,0,0,0,0,0,0,0,0,0,0,0,0,0,0,0,0,0,0,0,0,0,0,0,0,0,0,0,0,0,0,0,0,0,0,0,0,0,0,0,0,0,0,0,0,0,0,0,0,0,0,0,0,0,0,0,0,0,0,0,0,0,0,0,0,0,0,0,0,0,0,0,0,0,0,0,0,0,0,0,0,0,0,0,0,0,0,0,0,0,0,0,0,0,0,0,0,0,0,0,0,0,0,0,0,0,0,0,0,0,0,0,0,0,0,0,0,0,0,0,0,0,0,0,0,0,0,0,0,0,0,0,0,0,0,0,0,0,0,0,0,0,0,0,0,0,0,0,0,0,0,0,0,0,0,0,0,0,0,0,0,0,0,0,0,0,0,0,0,0,0,0,0
"kilimanjaro/moshi/mabogini",0,0,0,0,0,0,0,0,0,0,0,0,0,0,0,0,0,0,0,0,0,0,0,0,0,0,0,0,0,0,0,0,0,0,0,0,0,0,0,0,0,0,0,0,0,0,0,0,0,0,0,0,0,0,0,0,0,0,0,0,0,0,0,0,0,0,0,0,0,0,0,0,0,0,0,0,0,0,0,0,0,0,0,0,0,0,0,0,0,0,0,0,0,0,0,0,0,0,0,0,0,0,0,0,0,0,0,0,0,0,0,0,0,0,0,0,0,0,0,0,0,0,0,0,0,0,0,0,0,0,0,0,0,0,0,0,0,0,0,0,0,0,0,0,0,0,0,0,0,0,0,0,0,0,0,0,0,0,0,0,0,0,0,0,0,0,0,0,0,0,0,0,0,0,0,0,0,0,0,0,0,0,0,0,0,0,0,0,0,0,0,0,0,0,0,0,0,0,0,0,0,0,0,0,0,0,0,0,0,0,0,0,0,0,0,0,0,0,0,0,0,0,0,0,0,0,0,0,0,0,0,0,0,0,0,0,0,0,0,0,0,0,0,0,0,0,0,0,0,0,0,0,0,0,0,0,0,0,0,0,0,0,0,0,0,0,0,0,0,0,0,0,0,0,0,0,0,0,0,0,0,0,0,0,0,0,0,0,0,0,0,0,0,0,0,0,0,0,0,0,0,0,0,0,0,0,0,0,0,0,0,0,0,0,0,0,0,0,0,0,0,0,0,0,0,0,0,0,0,0,0,0,0,0,0,0,0,0,0,0,0,0,0,0,0,0,0,0,0,0,0,0,0,0,0,0,0,0,0,0,0,0,0,0,0,0,0,0,0,0,0,0,0,0,0,0,0,0,0,0,0,0,0,0,0,0,0,0,0,0,0,0,0,0,0,0,0,0
"kilimanjaro/hai/machamekaskazini",0,0,0,0,0,0,0,0,0,0,0,0,0,0,0,0,0,0,0,0,0,0,0,0,0,0,0,0,0,0,0,0,0,0,0,0,0,0,0,0,0,0,0,0,0,0,0,0,0,0,0,0,0,0,0,0,0,0,0,0,0,0,0,0,0,0,0,0,0,0,0,0,0,0,0,0,0,0,0,0,0,0,0,0,0,0,0,0,0,0,0,0,0,0,0,0,0,0,0,0,0,0,0,0,0,0,0,0,0,0,0,0,0,0,0,0,0,0,0,0,0,0,0,0,0,0,0,0,0,0,0,0,0,0,0,0,0,0,0,0,0,0,0,0,0,0,0,0,0,0,0,0,0,0,0,0,0,0,0,0,0,0,0,0,0,0,0,0,0,0,0,0,0,0,0,0,0,0,0,0,0,0,0,0,0,0,0,0,0,0,0,0,0,0,0,0,0,0,0,0,0,0,0,0,0,0,0,0,0,0,0,0,0,0,0,0,0,0,0,0,0,0,0,0,0,0,0,0,0,0,0,0,0,0,0,0,0,0,0,0,0,0,0,0,0,0,0,0,0,0,0,0,0,0,0,0,0,0,0,0,0,0,0,0,0,0,0,0,0,0,0,0,0,0,0,0,0,0,0,0,0,0,0,0,0,0,0,0,0,0,0,0,0,0,0,0,0,0,0,0,0,0,0,0,0,0,0,0,0,0,0,0,0,0,0,0,0,0,0,0,0,0,0,0,0,0,0,0,0,0,0,0,0,0,0,0,0,0,0,0,0,0,0,0,0,0,0,0,0,0,0,0,0,0,0,0,0,0,0,0,0,0,0,0,0,0,0,0,0,0,0,0,0,0,0,0,0,0,0,0,0,0,0,0,0,0,0,0,0,0,0,0,0,0,0,0,0,0
"kilimanjaro/hai/machamekusini",0.009069,0.000146,0.004018,0.000541,1.6e-05,0.31228,7e-06,9e-06,1.4e-05,0.00358,5.8e-05,1e-05,0.005688,0.075295,0.00056,2.7e-05,1.1e-05,4.3e-05,8e-06,2.8e-05,0.000182,0.018428,1.3e-05,0.033756,0.000231,0.011653,2.5e-05,2.4e-05,1e-05,0.000294,0.018374,5.9e-05,0.000138,0.000909,7.7e-05,1.7e-05,0.005952,0.000386,3.4e-05,0.001555,1.6e-05,5e-06,0.001489,0.000279,0.000205,1.5e-05,6e-04,0.63715,0.023541,2.5e-05,9e-06,3.5e-05,4.2e-05,1.8e-05,0.000299,7e-06,0.002753,4.5e-05,0.007145,0.008009,0.00312,0.002956,0.016079,0.000194,1e-06,0.042012,0.007358,1.2e-05,0.000639,0.002225,3.1e-05,2e-06,0.006323,0.000268,2.7e-05,0.002776,0.000476,7e-06,9e-06,1.1e-05,5e-06,3.3e-05,1.2e-05,1.5e-05,2.9e-05,7e-06,0.96863,1.1e-05,0.000237,0.016867,6e-06,8e-06,0.574597,0.038603,0.00027,0.001006,0.123157,0.00064,0.568775,0.171257,1.4e-05,2.4e-05,0.006546,0.009209,0.135723,0.252817,2.3e-05,0.816038,0.02621,0.002566,0.096446,0.300523,0.000166,0.000223,0.00633,0.003825,0.627102,4.3e-05,0.890758,0.154741,0.067034,0.877071,0.001713,0.005952,0.00053,0.002484,0.001446,0.51932,0.051861,0.008705,0.006699,0.099619,0.213713,0.273092,0.000345,0.038221,0.001819,0.234978,0.115435,0.855519,0.097446,0.000148,0.01095,0.154948,0.005139,0.072725,1.7e-05,0.463788,0.40667,0.13904,0.00378,0.00101,0.003875,0.000552,0.017543,0.151377,0.005111,0.000505,0.000594,0.999846,0.025649,0.018251,0.021107,0.002824,6e-06,1.1e-05,0.034765,0.028383,0.064543,0.008672,0.00048,0.009412,0.554926,0.008822,0.025381,0.001822,0.014264,0.000377,0.800446,0.001841,9.9e-05,0.000227,0.017643,0.121654,0.917069,0,0.003544,0.010284,0.942066,0.542208,0.494998,0.000149,0.000202,1.1e-05,0.001452,0.000109,0.003806,2e-05,0.743078,2.8e-05,0.30021,0.000937,0.006715,0.002507,0.281673,0.029804,0.797416,0.00563,0.002288,0.006556,0.006006,4.1e-05,0.373892,0.001706,1.2e-05,0.003216,1.2e-05,0.735388,0.04404,0.21165,1e-05,0.002002,1.1e-05,0.013873,0.916551,0.042383,0.84395,0.075469,7.8e-05,8e-06,7e-06,1e-05,0.02735,0.076776,0.000274,0.00293,0.018882,0.023463,0.001122,0.003026,0.042549,0.160258,0.016639,0.404239,0.000221,0.028701,0.086384,0.066463,1.6e-05,0.002756,0.271227,0.064623,0.000333,0.101008,0.108058,0.006129,0.004112,0.011059,0.018442,0.000283,0.000189,0.037435,3.8e-05,0.000194,0.002825,0.000758,2e-05,0.054824,1.1e-05,0.000659,0.05561,0.268033,0.001736,0.000278,0.76412,0.010188,0.006449,0.009742,2.1e-05,0.00043,0.023959,5.4e-05,0.362543,5e-05,3.5e-05,1.7e-05,6e-06,0.009191,2.5e-05,0.005561,0.000391,0.024704,0.000506,0.322047,0.227591,0.064773,0.110863,0.001626,0.028149,0.001043,0.001185,0.000429,0.030654,0.007929,7.1e-05,0.005806,0.011047,0.002369,0.000974,0.012555,0.034455,0.00042,0.000165,0.013158,0.105383,2.3e-05,8.1e-05,0.132623,0.519342,0.043655,0.00744,0.086744,0.209134,0.129735,0.289149,0.001442,0.001936,0.003046,0.000314,0.018501,0.038131,0.010376,0.250391,0.009478,0.006954,4.3e-05,0.160189,0.000528,0.347888,0.000108,2.6e-05,0.025033,3.5e-05,1.3e-05,0.042135,0.002829,0.000892,0.04019,0.046483,0.00122,8e-06,0.238173,0.005381,0.327964,0.003439,0.009754,0.030588,0.008356,0.006233,0.540818,1.8e-05,6e-06,1.8e-05,7e-06,0.000213,0.266716,0.034515,0.132555,9.3e-05,0.055823,0.233703,0.000116,0.000243,0.000115,0.00659,0.014742,0.002157,0.000663,0.08929,1.1e-05,0.000355,1.5e-05,0.68715,0.00014,8e-06,0.006839,0.012322,0.882404,0.261876,0.008973,0.213587,0.00395,0.000274,0.000488,0.000146,7e-05,1.5e-05,1.2e-05
"kilimanjaro/hai/machamemagharibi",0,0,0,0,0,0,0,0,0,0,0,0,0,0,0,0,0,0,0,0,0,0,0,0,0,0,0,0,0,0,0,0,0,0,0,0,0,0,0,0,0,0,0,0,0,0,0,0,0,0,0,0,0,0,0,0,0,0,0,0,0,0,0,0,0,0,0,0,0,0,0,0,0,0,0,0,0,0,0,0,0,0,0,0,0,0,0,0,0,0,0,0,0,0,0,0,0,0,0,0,0,0,0,0,0,0,0,0,0,0,0,0,0,0,0,0,0,0,0,0,0,0,0,0,0,0,0,0,0,0,0,0,0,0,0,0,0,0,0,0,0,0,0,0,0,0,0,0,0,0,0,0,0,0,0,0,0,0,0,0,0,0,0,0,0,0,0,0,0,0,0,0,0,0,0,0,0,0,0,0,0,0,0,0,0,0,0,0,0,0,0,0,0,0,0,0,0,0,0,0,0,0,0,0,0,0,0,0,0,0,0,0,0,0,0,0,0,0,0,0,0,0,0,0,0,0,0,0,0,0,0,0,0,0,0,0,0,0,0,0,0,0,0,0,0,0,0,0,0,0,0,0,0,0,0,0,0,0,0,0,0,0,0,0,0,0,0,0,0,0,0,0,0,0,0,0,0,0,0,0,0,0,0,0,0,0,0,0,0,0,0,0,0,0,0,0,0,0,0,0,0,0,0,0,0,0,0,0,0,0,0,0,0,0,0,0,0,0,0,0,0,0,0,0,0,0,0,0,0,0,0,0,0,0,0,0,0,0,0,0,0,0,0,0,0,0,0,0,0,0,0,0,0,0,0,0,0,0,0,0,0,0,0,0,0,0,0,0,0,0,0,0,0,0,0,0,0,0,0,0,0,0,0,0,0,0,0,0,0,0,0,0,0,0,0,0,0,0
"kilimanjaro/hai/machamemashariki",0,0,0,0,0,0,0,0,0,0,0,0,0,0,0,0,0,0,0,0,0,0,0,0,0,0,0,0,0,0,0,0,0,0,0,0,0,0,0,0,0,0,0,0,0,0,0,0,0,0,0,0,0,0,0,0,0,0,0,0,0,0,0,0,0,0,0,0,0,0,0,0,0,0,0,0,0,0,0,0,0,0,0,0,0,0,0,0,0,0,0,0,0,0,0,0,0,0,0,0,0,0,0,0,0,0,0,0,0,0,0,0,0,0,0,0,0,0,0,0,0,0,0,0,0,0,0,0,0,0,0,0,0,0,0,0,0,0,0,0,0,0,0,0,0,0,0,0,0,0,0,0,0,0,0,0,0,0,0,0,0,0,0,0,0,0,0,0,0,0,0,0,0,0,0,0,0,0,0,0,0,0,0,0,0,0,0,0,0,0,0,0,0,0,0,0,0,0,0,0,0,0,0,0,0,0,0,0,0,0,0,0,0,0,0,0,0,0,0,0,0,0,0,0,0,0,0,0,0,0,0,0,0,0,0,0,0,0,0,0,0,0,0,0,0,0,0,0,0,0,0,0,0,0,0,0,0,0,0,0,0,0,0,0,0,0,0,0,0,0,0,0,0,0,0,0,0,0,0,0,0,0,0,0,0,0,0,0,0,0,0,0,0,0,0,0,0,0,0,0,0,0,0,0,0,0,0,0,0,0,0,0,0,0,0,0,0,0,0,0,0,0,0,0,0,0,0,0,0,0,0,0,0,0,0,0,0,0,0,0,0,0,0,0,0,0,0,0,0,0,0,0,0,0,0,0,0,0,0,0,0,0,0,0,0,0,0,0,0,0,0,0,0,0,0,0,0,0,0,0,0,0,0,0,0,0,0,0,0,0,0,0,0,0,0,0,0,0
"kilimanjaro/hai/machamenarumu",0,0,0,0,0,0,0,0,0,0,0,0,0,0,0,0,0,0,0,0,0,0,0,0,0,0,0,0,0,0,0,0,0,0,0,0,0,0,0,0,0,0,0,0,0,0,0,0,0,0,0,0,0,0,0,0,0,0,0,0,0,0,0,0,0,0,0,0,0,0,0,0,0,0,0,0,0,0,0,0,0,0,0,0,0,0,0,0,0,0,0,0,0,0,0,0,0,0,0,0,0,0,0,0,0,0,0,0,0,0,0,0,0,0,0,0,0,0,0,0,0,0,0,0,0,0,0,0,0,0,0,0,0,0,0,0,0,0,0,0,0,0,0,0,0,0,0,0,0,0,0,0,0,0,0,0,0,0,0,0,0,0,0,0,0,0,0,0,0,0,0,0,0,0,0,0,0,0,0,0,0,0,0,0,0,0,0,0,0,0,0,0,0,0,0,0,0,0,0,0,0,0,0,0,0,0,0,0,0,0,0,0,0,0,0,0,0,0,0,0,0,0,0,0,0,0,0,0,0,0,0,0,0,0,0,0,0,0,0,0,0,0,0,0,0,0,0,0,0,0,0,0,0,0,0,0,0,0,0,0,0,0,0,0,0,0,0,0,0,0,0,0,0,0,0,0,0,0,0,0,0,0,0,0,0,0,0,0,0,0,0,0,0,0,0,0,0,0,0,0,0,0,0,0,0,0,0,0,0,0,0,0,0,0,0,0,0,0,0,0,0,0,0,0,0,0,0,0,0,0,0,0,0,0,0,0,0,0,0,0,0,0,0,0,0,0,0,0,0,0,0,0,0,0,0,0,0,0,0,0,0,0,0,0,0,0,0,0,0,0,0,0,0,0,0,0,0,0,0,0,0,0,0,0,0,0,0,0,0,0,0,0,0,0,0,0,0,0
"kilimanjaro/hai/machameuroki",0,0,0,0,0,0,0,0,0,0,0,0,0,0,0,0,0,0,0,0,0,0,0,0,0,0,0,0,0,0,0,0,0,0,0,0,0,0,0,0,0,0,0,0,0,0,0,0,0,0,0,0,0,0,0,0,0,0,0,0,0,0,0,0,0,0,0,0,0,0,0,0,0,0,0,0,0,0,0,0,0,0,0,0,0,0,0,0,0,0,0,0,0,0,0,0,0,0,0,0,0,0,0,0,0,0,0,0,0,0,0,0,0,0,0,0,0,0,0,0,0,0,0,0,0,0,0,0,0,0,0,0,0,0,0,0,0,0,0,0,0,0,0,0,0,0,0,0,0,0,0,0,0,0,0,0,0,0,0,0,0,0,0,0,0,0,0,0,0,0,0,0,0,0,0,0,0,0,0,0,0,0,0,0,0,0,0,0,0,0,0,0,0,0,0,0,0,0,0,0,0,0,0,0,0,0,0,0,0,0,0,0,0,0,0,0,0,0,0,0,0,0,0,0,0,0,0,0,0,0,0,0,0,0,0,0,0,0,0,0,0,0,0,0,0,0,0,0,0,0,0,0,0,0,0,0,0,0,0,0,0,0,0,0,0,0,0,0,0,0,0,0,0,0,0,0,0,0,0,0,0,0,0,0,0,0,0,0,0,0,0,0,0,0,0,0,0,0,0,0,0,0,0,0,0,0,0,0,0,0,0,0,0,0,0,0,0,0,0,0,0,0,0,0,0,0,0,0,0,0,0,0,0,0,0,0,0,0,0,0,0,0,0,0,0,0,0,0,0,0,0,0,0,0,0,0,0,0,0,0,0,0,0,0,0,0,0,0,0,0,0,0,0,0,0,0,0,0,0,0,0,0,0,0,0,0,0,0,0,0,0,0,0,0,0,0,0,0
"kilimanjaro/hai/machameweruweru",0,0,0,0,0,0,0,0,0,0,0,0,0,0,0,0,0,0,0,0,0,0,0,0,0,0,0,0,0,0,0,0,0,0,0,0,0,0,0,0,0,0,0,0,0,0,0,0,0,0,0,0,0,0,0,0,0,0,0,0,0,0,0,0,0,0,0,0,0,0,0,0,0,0,0,0,0,0,0,0,0,0,0,0,0,0,0,0,0,0,0,0,0,0,0,0,0,0,0,0,0,0,0,0,0,0,0,0,0,0,0,0,0,0,0,0,0,0,0,0,0,0,0,0,0,0,0,0,0,0,0,0,0,0,0,0,0,0,0,0,0,0,0,0,0,0,0,0,0,0,0,0,0,0,0,0,0,0,0,0,0,0,0,0,0,0,0,0,0,0,0,0,0,0,0,0,0,0,0,0,0,0,0,0,0,0,0,0,0,0,0,0,0,0,0,0,0,0,0,0,0,0,0,0,0,0,0,0,0,0,0,0,0,0,0,0,0,0,0,0,0,0,0,0,0,0,0,0,0,0,0,0,0,0,0,0,0,0,0,0,0,0,0,0,0,0,0,0,0,0,0,0,0,0,0,0,0,0,0,0,0,0,0,0,0,0,0,0,0,0,0,0,0,0,0,0,0,0,0,0,0,0,0,0,0,0,0,0,0,0,0,0,0,0,0,0,0,0,0,0,0,0,0,0,0,0,0,0,0,0,0,0,0,0,0,0,0,0,0,0,0,0,0,0,0,0,0,0,0,0,0,0,0,0,0,0,0,0,0,0,0,0,0,0,0,0,0,0,0,0,0,0,0,0,0,0,0,0,0,0,0,0,0,0,0,0,0,0,0,0,0,0,0,0,0,0,0,0,0,0,0,0,0,0,0,0,0,0,0,0,0,0,0,0,0,0,0,0
"manyara/babati/madunga",0,0,0,0,0,0,0,0,0,0,0,0,0,0,0,0,0,0,0,0,0,0,0,0,0,0,0,0,0,0,0,0,0,0,0,0,0,0,0,0,0,0,0,0,0,0,0,0,0,0,0,0,0,0,0,0,0,0,0,0,0,0,0,0,0,0,0,0,0,0,0,0,0,0,0,0,0,0,0,0,0,0,0,0,0,0,0,0,0,0,0,0,0,0,0,0,0,0,0,0,0,0,0,0,0,0,0,0,0,0,0,0,0,0,0,0,0,0,0,0,0,0,0,0,0,0,0,0,0,0,0,0,0,0,0,0,0,0,0,0,0,0,0,0,0,0,0,0,0,0,0,0,0,0,0,0,0,0,0,0,0,0,0,0,0,0,0,0,0,0,0,0,0,0,0,0,0,0,0,0,0,0,0,0,0,0,0,0,0,0,0,0,0,0,0,0,0,0,0,0,0,0,0,0,0,0,0,0,0,0,0,0,0,0,0,0,0,0,0,0,0,0,0,0,0,0,0,0,0,0,0,0,0,0,0,0,0,0,0,0,0,0,0,0,0,0,0,0,0,0,0,0,0,0,0,0,0,0,0,0,0,0,0,0,0,0,0,0,0,0,0,0,0,0,0,0,0,0,0,0,0,0,0,0,0,0,0,0,0,0,0,0,0,0,0,0,0,0,0,0,0,0,0,0,0,0,0,0,0,0,0,0,0,0,0,0,0,0,0,0,0,0,0,0,0,0,0,0,0,0,0,0,0,0,0,0,0,0,0,0,0,0,0,0,0,0,0,0,0,0,0,0,0,0,0,0,0,0,0,0,0,0,0,0,0,0,0,0,0,0,0,0,0,0,0,0,0,0,0,0,0,0,0,0,0,0,0,0,0,0,0,0,0,0,0,0,0,0
"manyara/babati/magara",0,0,0,0,0,0,0,0,0,0,0,0,0,0,0,0,0,0,0,0,0,0,0,0,0,0,0,0,0,0,0,0,0,0,0,0,0,0,0,0,0,0,0,0,0,0,0,0,0,0,0,0,0,0,0,0,0,0,0,0,0,0,0,0,0,0,0,0,0,0,0,0,0,0,0,0,0,0,0,0,0,0,0,0,0,0,0,0,0,0,0,0,0,0,0,0,0,0,0,0,0,0,0,0,0,0,0,0,0,0,0,0,0,0,0,0,0,0,0,0,0,0,0,0,0,0,0,0,0,0,0,0,0,0,0,0,0,0,0,0,0,0,0,0,0,0,0,0,0,0,0,0,0,0,0,0,0,0,0,0,0,0,0,0,0,0,0,0,0,0,0,0,0,0,0,0,0,0,0,0,0,0,0,0,0,0,0,0,0,0,0,0,0,0,0,0,0,0,0,0,0,0,0,0,0,0,0,0,0,0,0,0,0,0,0,0,0,0,0,0,0,0,0,0,0,0,0,0,0,0,0,0,0,0,0,0,0,0,0,0,0,0,0,0,0,0,0,0,0,0,0,0,0,0,0,0,0,0,0,0,0,0,0,0,0,0,0,0,0,0,0,0,0,0,0,0,0,0,0,0,0,0,0,0,0,0,0,0,0,0,0,0,0,0,0,0,0,0,0,0,0,0,0,0,0,0,0,0,0,0,0,0,0,0,0,0,0,0,0,0,0,0,0,0,0,0,0,0,0,0,0,0,0,0,0,0,0,0,0,0,0,0,0,0,0,0,0,0,0,0,0,0,0,0,0,0,0,0,0,0,0,0,0,0,0,0,0,0,0,0,0,0,0,0,0,0,0,0,0,0,0,0,0,0,0,0,0,0,0,0,0,0,0,0,0,0,0,0
"manyara/mbulu/maghang",0,0,0,0,0,0,0,0,0,0,0,0,0,0,0,0,0,0,0,0,0,0,0,0,0,0,0,0,0,0,0,0,0,0,0,0,0,0,0,0,0,0,0,0,0,0,0,0,0,0,0,0,0,0,0,0,0,0,0,0,0,0,0,0,0,0,0,0,0,0,0,0,0,0,0,0,0,0,0,0,0,0,0,0,0,0,0,0,0,0,0,0,0,0,0,0,0,0,0,0,0,0,0,0,0,0,0,0,0,0,0,0,0,0,0,0,0,0,0,0,0,0,0,0,0,0,0,0,0,0,0,0,0,0,0,0,0,0,0,0,0,0,0,0,0,0,0,0,0,0,0,0,0,0,0,0,0,0,0,0,0,0,0,0,0,0,0,0,0,0,0,0,0,0,0,0,0,0,0,0,0,0,0,0,0,0,0,0,0,0,0,0,0,0,0,0,0,0,0,0,0,0,0,0,0,0,0,0,0,0,0,0,0,0,0,0,0,0,0,0,0,0,0,0,0,0,0,0,0,0,0,0,0,0,0,0,0,0,0,0,0,0,0,0,0,0,0,0,0,0,0,0,0,0,0,0,0,0,0,0,0,0,0,0,0,0,0,0,0,0,0,0,0,0,0,0,0,0,0,0,0,0,0,0,0,0,0,0,0,0,0,0,0,0,0,0,0,0,0,0,0,0,0,0,0,0,0,0,0,0,0,0,0,0,0,0,0,0,0,0,0,0,0,0,0,0,0,0,0,0,0,0,0,0,0,0,0,0,0,0,0,0,0,0,0,0,0,0,0,0,0,0,0,0,0,0,0,0,0,0,0,0,0,0,0,0,0,0,0,0,0,0,0,0,0,0,0,0,0,0,0,0,0,0,0,0,0,0,0,0,0,0,0,0,0,0,0,0
"manyara/babati/magugu",2e-04,5.8e-05,1.4e-05,0.000285,0.000124,0.000671,4.4e-05,5.9e-05,9e-05,0.058938,0.00065,1.8e-05,0.000149,0.00239,0.000892,0.000138,6.7e-05,0.000359,3e-05,9.9e-05,1.1e-05,0.000119,7.6e-05,1.3e-05,1e-05,4e-06,0.000213,9.5e-05,4e-06,1.4e-05,0.000883,2.4e-05,6e-06,8e-06,0.000218,0.000126,0.000243,0.00449,0.000297,0.00026,4.6e-05,2.2e-05,0.00075,0.002203,0.000148,9.6e-05,8.7e-05,0.057206,0.025357,0.000108,0.000102,4.2e-05,8.1e-05,3.9e-05,0.002367,2.8e-05,2.9e-05,0.000614,0.000587,0.01046,0.000379,0.00153,0.000749,6.4e-05,0,0.001703,0.00092,1.9e-05,0.000973,0.032523,3.6e-05,5e-06,2.7e-05,0.001832,8.6e-05,0.00068,8.8e-05,1.7e-05,1.2e-05,1.9e-05,2e-05,0.000314,4.1e-05,2.5e-05,9.2e-05,5.4e-05,0.005252,2.6e-05,0.000745,0.001946,1.9e-05,1.9e-05,0.003888,0.001086,4.3e-05,0.00522,0.000298,5e-06,0.002049,0.000484,0.000114,2.1e-05,0.000344,0.000368,6.5e-05,0.002335,6.9e-05,0.000429,0.000197,0.006714,0.000208,0.001151,0.000776,9e-06,1.7e-05,1.3e-05,0.001992,1.6e-05,0.002297,0.000208,0.000114,0.003951,1.3e-05,4.8e-05,5e-06,0.000142,0.000644,0.010332,0.000808,1.4e-05,1.2e-05,0.000443,0.000904,9.6e-05,4e-06,0.00132,7.2e-05,0.000268,0.004681,0.000693,0.00039,8e-06,0.000474,6.3e-05,2.3e-05,0.00069,0.000395,0.000978,0.000795,0.000263,1.2e-05,1.2e-05,1.9e-05,1.5e-05,0.000566,0.017259,5e-05,9.9e-05,9e-05,0.033701,0.000131,0.007454,6e-06,3.4e-05,1.7e-05,1.6e-05,0.000193,0.000198,0.00278,7.8e-05,0.000213,0.00792,0.039588,0.000381,7.3e-05,0.002609,0.036445,1.3e-05,0.000685,0.000357,5e-06,5.1e-05,0.001124,0.000117,0.004371,0.083112,8e-06,1.6e-05,0.002262,0.000687,0.000192,0.000898,0.002513,4.7e-05,0,3.2e-05,1.3e-05,0.000412,0.000793,2.9e-05,0.003545,0.000509,0.000634,1.6e-05,0.001015,0.000106,0.006677,0.010383,0.000717,1.6e-05,1.4e-05,0.001889,0.002071,6e-06,1.9e-05,0.000143,5e-05,0.008862,8.7e-05,0.000542,5.3e-05,1.7e-05,5.7e-05,1.7e-05,0.00288,6.4e-05,0.003801,3.5e-05,0.00022,2.7e-05,3.2e-05,7.1e-05,0.002765,0.006425,0.000117,1e-06,1.7e-05,0.000745,0.001394,1.1e-05,0.000395,0.0964,6e-06,0.016082,7e-06,1.2e-05,4.4e-05,0.001916,3.5e-05,0.00034,0.012817,0.013837,4.3e-05,0.003535,0.000518,0.000294,1.5e-05,6.7e-05,1e-05,9e-06,7e-06,0.000323,9.8e-05,9e-06,0.006815,5.8e-05,0.000161,0.005114,0.000308,0.025052,0.003827,0.00184,1.1e-05,1e-05,0.005733,3e-05,0.000334,0.001774,0.000212,0.000237,0.000145,1.7e-05,0.017639,0.000377,2.1e-05,0.00048,1.7e-05,3.3e-05,0.000103,1.5e-05,0.00013,0.000158,2.6e-05,0.009911,0.000173,0.00032,0.003399,7e-05,0.000441,0.000906,5e-06,4e-06,1.2e-05,0.000153,2.9e-05,0.087922,0.000277,3.3e-05,2.1e-05,1.5e-05,0.00434,0.00042,8.7e-05,1e-05,0.00011,2.8e-05,2.5e-05,0.007069,0.003195,0.006725,0.000863,0.004333,0.000413,0.001459,0.031156,0.000591,0.000752,0.000107,6.1e-05,0.000917,0.001299,0.000575,0.022249,0.001645,0.001389,2.9e-05,6.1e-05,9.2e-05,0.00811,0.000557,3.8e-05,1e-05,4.2e-05,0.000201,0.001586,0.000249,0.000175,0.001344,0.001116,0.000226,5.6e-05,0.000963,0.000105,0.016038,0.002962,0.002478,0.001787,6e-05,2.2e-05,0.000177,0.000211,3.4e-05,0.00021,1.9e-05,4.2e-05,0.009991,0.003212,0.007075,3e-05,0.000877,6.7e-05,3e-06,1.1e-05,5.5e-05,2.6e-05,0.000807,0.001225,2.5e-05,0.003208,5.5e-05,5e-06,7.7e-05,0.006369,0.000417,4.6e-05,0.000295,1.4e-05,0.001648,0.000292,1e-05,0.00359,1e-05,1e-05,2e-05,3e-06,4e-06,7.3e-05,2.8e-05
"manyara/kiteto/magungu",0,0,0,0,0,0,0,0,0,0,0,0,0,0,0,0,0,0,0,0,0,0,0,0,0,0,0,0,0,0,0,0,0,0,0,0,0,0,0,0,0,0,0,0,0,0,0,0,0,0,0,0,0,0,0,0,0,0,0,0,0,0,0,0,0,0,0,0,0,0,0,0,0,0,0,0,0,0,0,0,0,0,0,0,0,0,0,0,0,0,0,0,0,0,0,0,0,0,0,0,0,0,0,0,0,0,0,0,0,0,0,0,0,0,0,0,0,0,0,0,0,0,0,0,0,0,0,0,0,0,0,0,0,0,0,0,0,0,0,0,0,0,0,0,0,0,0,0,0,0,0,0,0,0,0,0,0,0,0,0,0,0,0,0,0,0,0,0,0,0,0,0,0,0,0,0,0,0,0,0,0,0,0,0,0,0,0,0,0,0,0,0,0,0,0,0,0,0,0,0,0,0,0,0,0,0,0,0,0,0,0,0,0,0,0,0,0,0,0,0,0,0,0,0,0,0,0,0,0,0,0,0,0,0,0,0,0,0,0,0,0,0,0,0,0,0,0,0,0,0,0,0,0,0,0,0,0,0,0,0,0,0,0,0,0,0,0,0,0,0,0,0,0,0,0,0,0,0,0,0,0,0,0,0,0,0,0,0,0,0,0,0,0,0,0,0,0,0,0,0,0,0,0,0,0,0,0,0,0,0,0,0,0,0,0,0,0,0,0,0,0,0,0,0,0,0,0,0,0,0,0,0,0,0,0,0,0,0,0,0,0,0,0,0,0,0,0,0,0,0,0,0,0,0,0,0,0,0,0,0,0,0,0,0,0,0,0,0,0,0,0,0,0,0,0,0,0,0,0,0,0,0,0,0,0,0,0,0,0,0,0,0,0,0,0,0,0,0
"kilimanjaro/rombo/mahida",0,0,0,0,0,0,0,0,0,0,0,0,0,0,0,0,0,0,0,0,0,0,0,0,0,0,0,0,0,0,0,0,0,0,0,0,0,0,0,0,0,0,0,0,0,0,0,0,0,0,0,0,0,0,0,0,0,0,0,0,0,0,0,0,0,0,0,0,0,0,0,0,0,0,0,0,0,0,0,0,0,0,0,0,0,0,0,0,0,0,0,0,0,0,0,0,0,0,0,0,0,0,0,0,0,0,0,0,0,0,0,0,0,0,0,0,0,0,0,0,0,0,0,0,0,0,0,0,0,0,0,0,0,0,0,0,0,0,0,0,0,0,0,0,0,0,0,0,0,0,0,0,0,0,0,0,0,0,0,0,0,0,0,0,0,0,0,0,0,0,0,0,0,0,0,0,0,0,0,0,0,0,0,0,0,0,0,0,0,0,0,0,0,0,0,0,0,0,0,0,0,0,0,0,0,0,0,0,0,0,0,0,0,0,0,0,0,0,0,0,0,0,0,0,0,0,0,0,0,0,0,0,0,0,0,0,0,0,0,0,0,0,0,0,0,0,0,0,0,0,0,0,0,0,0,0,0,0,0,0,0,0,0,0,0,0,0,0,0,0,0,0,0,0,0,0,0,0,0,0,0,0,0,0,0,0,0,0,0,0,0,0,0,0,0,0,0,0,0,0,0,0,0,0,0,0,0,0,0,0,0,0,0,0,0,0,0,0,0,0,0,0,0,0,0,0,0,0,0,0,0,0,0,0,0,0,0,0,0,0,0,0,0,0,0,0,0,0,0,0,0,0,0,0,0,0,0,0,0,0,0,0,0,0,0,0,0,0,0,0,0,0,0,0,0,0,0,0,0,0,0,0,0,0,0,0,0,0,0,0,0,0,0,0,0,0,0,0
"manyara/babatiurban/maisaka",0,0,0,0,0,0,0,0,0,0,0,0,0,0,0,0,0,0,0,0,0,0,0,0,0,0,0,0,0,0,0,0,0,0,0,0,0,0,0,0,0,0,0,0,0,0,0,0,0,0,0,0,0,0,0,0,0,0,0,0,0,0,0,0,0,0,0,0,0,0,0,0,0,0,0,0,0,0,0,0,0,0,0,0,0,0,0,0,0,0,0,0,0,0,0,0,0,0,0,0,0,0,0,0,0,0,0,0,0,0,0,0,0,0,0,0,0,0,0,0,0,0,0,0,0,0,0,0,0,0,0,0,0,0,0,0,0,0,0,0,0,0,0,0,0,0,0,0,0,0,0,0,0,0,0,0,0,0,0,0,0,0,0,0,0,0,0,0,0,0,0,0,0,0,0,0,0,0,0,0,0,0,0,0,0,0,0,0,0,0,0,0,0,0,0,0,0,0,0,0,0,0,0,0,0,0,0,0,0,0,0,0,0,0,0,0,0,0,0,0,0,0,0,0,0,0,0,0,0,0,0,0,0,0,0,0,0,0,0,0,0,0,0,0,0,0,0,0,0,0,0,0,0,0,0,0,0,0,0,0,0,0,0,0,0,0,0,0,0,0,0,0,0,0,0,0,0,0,0,0,0,0,0,0,0,0,0,0,0,0,0,0,0,0,0,0,0,0,0,0,0,0,0,0,0,0,0,0,0,0,0,0,0,0,0,0,0,0,0,0,0,0,0,0,0,0,0,0,0,0,0,0,0,0,0,0,0,0,0,0,0,0,0,0,0,0,0,0,0,0,0,0,0,0,0,0,0,0,0,0,0,0,0,0,0,0,0,0,0,0,0,0,0,0,0,0,0,0,0,0,0,0,0,0,0,0,0,0,0,0,0,0,0,0,0,0,0,0
"kilimanjaro/moshimunicipal/majengo",0,0,0,0,0,0,0,0,0,0,0,0,0,0,0,0,0,0,0,0,0,0,0,0,0,0,0,0,0,0,0,0,0,0,0,0,0,0,0,0,0,0,0,0,0,0,0,0,0,0,0,0,0,0,0,0,0,0,0,0,0,0,0,0,0,0,0,0,0,0,0,0,0,0,0,0,0,0,0,0,0,0,0,0,0,0,0,0,0,0,0,0,0,0,0,0,0,0,0,0,0,0,0,0,0,0,0,0,0,0,0,0,0,0,0,0,0,0,0,0,0,0,0,0,0,0,0,0,0,0,0,0,0,0,0,0,0,0,0,0,0,0,0,0,0,0,0,0,0,0,0,0,0,0,0,0,0,0,0,0,0,0,0,0,0,0,0,0,0,0,0,0,0,0,0,0,0,0,0,0,0,0,0,0,0,0,0,0,0,0,0,0,0,0,0,0,0,0,0,0,0,0,0,0,0,0,0,0,0,0,0,0,0,0,0,0,0,0,0,0,0,0,0,0,0,0,0,0,0,0,0,0,0,0,0,0,0,0,0,0,0,0,0,0,0,0,0,0,0,0,0,0,0,0,0,0,0,0,0,0,0,0,0,0,0,0,0,0,0,0,0,0,0,0,0,0,0,0,0,0,0,0,0,0,0,0,0,0,0,0,0,0,0,0,0,0,0,0,0,0,0,0,0,0,0,0,0,0,0,0,0,0,0,0,0,0,0,0,0,0,0,0,0,0,0,0,0,0,0,0,0,0,0,0,0,0,0,0,0,0,0,0,0,0,0,0,0,0,0,0,0,0,0,0,0,0,0,0,0,0,0,0,0,0,0,0,0,0,0,0,0,0,0,0,0,0,0,0,0,0,0,0,0,0,0,0,0,0,0,0,0,0,0,0,0,0,0,0
"arusha/monduli/majengo",0,0,0,0,0,0,0,0,0,0,0,0,0,0,0,0,0,0,0,0,0,0,0,0,0,0,0,0,0,0,0,0,0,0,0,0,0,0,0,0,0,0,0,0,0,0,0,0,0,0,0,0,0,0,0,0,0,0,0,0,0,0,0,0,0,0,0,0,0,0,0,0,0,0,0,0,0,0,0,0,0,0,0,0,0,0,0,0,0,0,0,0,0,0,0,0,0,0,0,0,0,0,0,0,0,0,0,0,0,0,0,0,0,0,0,0,0,0,0,0,0,0,0,0,0,0,0,0,0,0,0,0,0,0,0,0,0,0,0,0,0,0,0,0,0,0,0,0,0,0,0,0,0,0,0,0,0,0,0,0,0,0,0,0,0,0,0,0,0,0,0,0,0,0,0,0,0,0,0,0,0,0,0,0,0,0,0,0,0,0,0,0,0,0,0,0,0,0,0,0,0,0,0,0,0,0,0,0,0,0,0,0,0,0,0,0,0,0,0,0,0,0,0,0,0,0,0,0,0,0,0,0,0,0,0,0,0,0,0,0,0,0,0,0,0,0,0,0,0,0,0,0,0,0,0,0,0,0,0,0,0,0,0,0,0,0,0,0,0,0,0,0,0,0,0,0,0,0,0,0,0,0,0,0,0,0,0,0,0,0,0,0,0,0,0,0,0,0,0,0,0,0,0,0,0,0,0,0,0,0,0,0,0,0,0,0,0,0,0,0,0,0,0,0,0,0,0,0,0,0,0,0,0,0,0,0,0,0,0,0,0,0,0,0,0,0,0,0,0,0,0,0,0,0,0,0,0,0,0,0,0,0,0,0,0,0,0,0,0,0,0,0,0,0,0,0,0,0,0,0,0,0,0,0,0,0,0,0,0,0,0,0,0,0,0,0,0,0
"arusha/meru/majiyachai",0.000318,1e-06,2e-06,3e-06,0,0.000168,0,0,0,1.4e-05,0,0,0.00015,0.001925,2e-06,0,0,0,0,0,0,0.000108,0,4e-06,0,1e-06,0,0,0,0,0.000485,0,0,1e-06,0,0,0.000111,2e-06,0,5e-06,0,0,5e-06,1e-06,1e-06,0,4e-06,0.02118,0.000118,0,0,0,0,0,1e-06,0,1.4e-05,0,1.5e-05,4.1e-05,1.8e-05,2.2e-05,0.000112,1e-06,0,0.000788,7e-05,0,3e-06,1.2e-05,0,0,2e-05,1e-06,0,1.7e-05,2e-06,0,0,0,0,0,0,0,0,0,0.004264,0,1e-06,4e-05,0,0,0.000582,0.000811,1e-06,4e-06,0.00022,0,0.000424,8.7e-05,0,0,1.1e-05,0.000174,2.1e-05,0.000475,0,0.000167,0.000257,1.7e-05,0.000143,0.00023,1e-06,4e-06,3e-06,2e-06,0.001862,0,0.00069,7.3e-05,3.4e-05,0.001315,1e-06,5e-06,0,4e-06,5e-06,0.04926,0.001229,3e-06,3e-06,6.1e-05,0.000139,3.4e-05,0,0.000855,3.2e-05,7.1e-05,0.000493,0.000299,0.001203,0,0.000193,2.5e-05,4e-06,6.6e-05,0,0.000223,0.000191,5.6e-05,2e-06,1e-06,3e-06,1e-06,2.4e-05,0.00186,5e-06,4e-06,1e-06,0.011877,1.7e-05,0.000111,2e-06,3e-06,0,0,2.7e-05,0.000537,0.001228,8e-06,2e-06,9.1e-05,0.017486,1.6e-05,4.5e-05,9e-06,0.000116,2e-06,0.000252,4e-06,0,1e-06,3.1e-05,3.2e-05,0.00213,0.062443,3e-06,6e-06,0.001143,0.000398,7.8e-05,1e-06,1e-06,0,9e-06,0,2e-06,0,0.000259,0,0,3e-06,1.5e-05,1.8e-05,0.000189,0.000175,0.001124,4.9e-05,9e-06,3e-06,3e-06,0,0.000306,1e-06,0,5e-06,0,0.001307,1.9e-05,0.000107,0,5e-05,0,1.2e-05,0.002276,4.9e-05,0.002133,1.7e-05,0,0,0,0,0.000109,0.001003,1e-06,0,5e-06,0.000312,8e-06,2e-06,0.000196,0.003091,2e-06,0.000866,0,4e-06,1.4e-05,0.001578,0,2.7e-05,0.006507,0.000777,3e-06,0.002371,0.000121,1e-05,3e-06,8e-06,3e-06,0,0,4.5e-05,0,0,2.1e-05,4e-06,0,0.000632,0,3e-06,0.000673,0.000238,1e-06,0,0.00099,5e-06,1e-05,3.7e-05,0,2e-06,3.9e-05,0,0.001792,0,0,0,0,7e-06,0,1.4e-05,1e-06,5.9e-05,1e-06,0.007663,5.1e-05,0.000173,0.002582,2.9e-05,3.9e-05,4e-06,1e-06,0,4e-06,1e-05,0,4e-05,0.000328,0.000192,3.3e-05,6e-06,0.000695,2e-06,0,3e-06,3e-05,0,0,0.002354,0.00057,0.000649,5.3e-05,0.001199,0.000544,0.00035,0.008252,7e-06,9e-06,6.4e-05,1e-06,0.000295,0.00083,0.000145,0.002134,3.1e-05,2.2e-05,0,2.1e-05,2e-06,0.024072,0,0,3e-06,0,0,6.8e-05,6e-06,3e-06,0.000684,6.2e-05,4e-06,0,0.001008,0.000227,0.008574,3e-05,8e-05,0.000159,7e-06,4e-06,6.6e-05,0,0,0,0,1e-06,0.007783,0.000834,0.002406,0,0.002303,2.4e-05,0,0,0,5e-06,0.000205,1.6e-05,1.3e-05,0.000532,0,0,0,0.001108,0,0,0.000122,4e-06,0.000587,8.6e-05,3e-06,0.016247,2e-06,0,1e-06,0,0,0,0
"manyara/kiteto/makame",0,0,0,0,0,0,0,0,0,0,0,0,0,0,0,0,0,0,0,0,0,0,0,0,0,0,0,0,0,0,0,0,0,0,0,0,0,0,0,0,0,0,0,0,0,0,0,0,0,0,0,0,0,0,0,0,0,0,0,0,0,0,0,0,0,0,0,0,0,0,0,0,0,0,0,0,0,0,0,0,0,0,0,0,0,0,0,0,0,0,0,0,0,0,0,0,0,0,0,0,0,0,0,0,0,0,0,0,0,0,0,0,0,0,0,0,0,0,0,0,0,0,0,0,0,0,0,0,0,0,0,0,0,0,0,0,0,0,0,0,0,0,0,0,0,0,0,0,0,0,0,0,0,0,0,0,0,0,0,0,0,0,0,0,0,0,0,0,0,0,0,0,0,0,0,0,0,0,0,0,0,0,0,0,0,0,0,0,0,0,0,0,0,0,0,0,0,0,0,0,0,0,0,0,0,0,0,0,0,0,0,0,0,0,0,0,0,0,0,0,0,0,0,0,0,0,0,0,0,0,0,0,0,0,0,0,0,0,0,0,0,0,0,0,0,0,0,0,0,0,0,0,0,0,0,0,0,0,0,0,0,0,0,0,0,0,0,0,0,0,0,0,0,0,0,0,0,0,0,0,0,0,0,0,0,0,0,0,0,0,0,0,0,0,0,0,0,0,0,0,0,0,0,0,0,0,0,0,0,0,0,0,0,0,0,0,0,0,0,0,0,0,0,0,0,0,0,0,0,0,0,0,0,0,0,0,0,0,0,0,0,0,0,0,0,0,0,0,0,0,0,0,0,0,0,0,0,0,0,0,0,0,0,0,0,0,0,0,0,0,0,0,0,0,0,0,0,0,0,0,0,0,0,0,0,0,0,0,0,0,0,0,0,0,0,0,0,0
"kilimanjaro/same/makanya",2e-05,2e-06,8e-06,1.6e-05,0,0.000427,0,0,0,7.8e-05,1e-06,0,1.3e-05,2e-04,1.1e-05,0,0,2e-06,0,1e-06,0.000162,2.3e-05,0,6e-06,0.000269,2e-06,1e-06,0,1e-06,0.000749,8.9e-05,3e-06,0.000264,1.9e-05,2e-06,1e-06,1.7e-05,1.7e-05,1e-06,2.1e-05,0,0,0.00019,1.2e-05,2.2e-05,0,4e-06,0.003944,0.000341,1e-06,0,1e-06,1e-06,0,1.5e-05,0,6e-06,1e-06,0.001482,0.000276,3.7e-05,5e-05,5.8e-05,1.1e-05,0,0.000129,3.5e-05,0,7e-06,9.8e-05,0,0,5e-06,5e-06,1e-06,4.6e-05,4e-06,0,0,0,0,2e-06,0,0,1e-06,0,0.001536,0,1.1e-05,0.096073,0,0,0.003197,9.3e-05,2e-06,1.9e-05,6.9e-05,8e-06,0.001582,0.00041,0,0,0.004284,2.7e-05,3.2e-05,0.000585,0,0.000181,3e-05,6.8e-05,5e-05,0.000532,9e-06,1e-06,9e-06,8e-06,0.00054,3e-06,0.001132,7.4e-05,3.8e-05,0.001485,2.2e-05,9.5e-05,1.2e-05,0.002659,0.000276,0.001731,0.000104,8e-06,7e-06,0.000311,0.000931,4.3e-05,1e-05,0.000104,5e-06,0.000141,0.00054,0.000262,7.4e-05,0.000299,3.3e-05,2.5e-05,1.2e-05,0.001507,1e-06,0.000621,0.000427,0.000166,6e-06,2.6e-05,1.1e-05,0.000232,0.004457,0.00074,2.4e-05,6e-06,0.000112,0.015601,0.000165,0.000522,3e-06,0.000103,0,0,0.000239,3e-05,0.000202,0.000166,8.3e-05,0.00014,0.002857,0.001805,1.6e-05,0.00011,0.000316,1e-06,0.000291,0.000235,0.000137,3e-06,0.047172,6.8e-05,0.00134,0.032777,2e-06,5e-06,0.000754,0.000204,8.3e-05,3e-06,6e-06,1e-06,5.2e-05,6e-06,9e-06,0,0.000374,0,0.000498,4.8e-05,0,3e-06,0.000557,2e-05,0.005446,0.000103,3.2e-05,1e-05,9e-06,2e-06,0.001549,4e-06,0,0.001627,0,0.004814,4.7e-05,0.00033,0,3e-06,0,5e-06,0.000812,1.6e-05,0.001048,1.3e-05,1e-06,0,0,0,0.000237,0.000327,1.4e-05,0,8e-06,0.000112,2.4e-05,7e-06,8.7e-05,0.001953,3e-06,0.060546,0.00017,6e-06,2.1e-05,0.000177,0,1.4e-05,0.000947,0.000624,2e-06,0.000292,0.000158,0.012063,8e-06,0.000102,5e-06,0.000209,0.000176,0.000228,0,0.000241,6.5e-05,5e-06,0,0.000234,0,1.1e-05,0.000209,0.002558,1.7e-05,0.000455,0.004087,1.8e-05,0.009297,0.000717,0,5e-06,5.9e-05,1e-06,0.002209,1e-06,5e-06,1e-06,0,1.4e-05,1e-06,3e-06,3e-05,3.2e-05,0.000543,0.001063,8.8e-05,6.4e-05,0.000394,5e-06,0.000718,1.5e-05,4e-06,8e-06,6e-06,0.000968,4e-06,0.000163,2.5e-05,4e-06,2e-06,5e-06,0.000248,1.2e-05,8e-06,5e-06,5.4e-05,0,2e-06,0.000662,0.001531,4e-04,4.8e-05,0.000285,9.6e-05,0.000275,0.002151,4.5e-05,5.6e-05,8e-06,5e-06,5.9e-05,0.000102,3.4e-05,0.002224,0.000137,0.002006,6e-06,2.9e-05,6e-06,0.000883,3e-06,0,5e-06,0,1e-06,0.025472,0.002036,1.2e-05,0.000106,0.011159,1.7e-05,0,0.000191,1.1e-05,0.001208,5.7e-05,6e-05,0.000391,0.000104,1.3e-05,7.8e-05,0,0,0,0,3e-06,0.000827,0.00022,0.000465,5e-06,9.8e-05,3e-05,5.4e-05,0.000931,1.7e-05,1e-05,5.3e-05,4.6e-05,2e-06,0.000445,0,2e-05,0,0.002865,3e-06,0,2.1e-05,6e-06,0.000686,0.000132,4e-06,0.000435,5e-06,0.000371,0.000479,3e-05,9.5e-05,0,0
"arusha/meru/makiba",0,0,0,0,0,0,0,0,0,0,0,0,0,0,0,0,0,0,0,0,0,0,0,0,0,0,0,0,0,0,0,0,0,0,0,0,0,0,0,0,0,0,0,0,0,0,0,0,0,0,0,0,0,0,0,0,0,0,0,0,0,0,0,0,0,0,0,0,0,0,0,0,0,0,0,0,0,0,0,0,0,0,0,0,0,0,0,0,0,0,0,0,0,0,0,0,0,0,0,0,0,0,0,0,0,0,0,0,0,0,0,0,0,0,0,0,0,0,0,0,0,0,0,0,0,0,0,0,0,0,0,0,0,0,0,0,0,0,0,0,0,0,0,0,0,0,0,0,0,0,0,0,0,0,0,0,0,0,0,0,0,0,0,0,0,0,0,0,0,0,0,0,0,0,0,0,0,0,0,0,0,0,0,0,0,0,0,0,0,0,0,0,0,0,0,0,0,0,0,0,0,0,0,0,0,0,0,0,0,0,0,0,0,0,0,0,0,0,0,0,0,0,0,0,0,0,0,0,0,0,0,0,0,0,0,0,0,0,0,0,0,0,0,0,0,0,0,0,0,0,0,0,0,0,0,0,0,0,0,0,0,0,0,0,0,0,0,0,0,0,0,0,0,0,0,0,0,0,0,0,0,0,0,0,0,0,0,0,0,0,0,0,0,0,0,0,0,0,0,0,0,0,0,0,0,0,0,0,0,0,0,0,0,0,0,0,0,0,0,0,0,0,0,0,0,0,0,0,0,0,0,0,0,0,0,0,0,0,0,0,0,0,0,0,0,0,0,0,0,0,0,0,0,0,0,0,0,0,0,0,0,0,0,0,0,0,0,0,0,0,0,0,0,0,0,0,0,0,0,0,0,0,0,0,0,0,0,0,0,0,0,0,0,0,0,0,0,0
"kilimanjaro/rombo/makiidi",0,0,0,0,0,0,0,0,0,0,0,0,0,0,0,0,0,0,0,0,0,0,0,0,0,0,0,0,0,0,0,0,0,0,0,0,0,0,0,0,0,0,0,0,0,0,0,0,0,0,0,0,0,0,0,0,0,0,0,0,0,0,0,0,0,0,0,0,0,0,0,0,0,0,0,0,0,0,0,0,0,0,0,0,0,0,0,0,0,0,0,0,0,0,0,0,0,0,0,0,0,0,0,0,0,0,0,0,0,0,0,0,0,0,0,0,0,0,0,0,0,0,0,0,0,0,0,0,0,0,0,0,0,0,0,0,0,0,0,0,0,0,0,0,0,0,0,0,0,0,0,0,0,0,0,0,0,0,0,0,0,0,0,0,0,0,0,0,0,0,0,0,0,0,0,0,0,0,0,0,0,0,0,0,0,0,0,0,0,0,0,0,0,0,0,0,0,0,0,0,0,0,0,0,0,0,0,0,0,0,0,0,0,0,0,0,0,0,0,0,0,0,0,0,0,0,0,0,0,0,0,0,0,0,0,0,0,0,0,0,0,0,0,0,0,0,0,0,0,0,0,0,0,0,0,0,0,0,0,0,0,0,0,0,0,0,0,0,0,0,0,0,0,0,0,0,0,0,0,0,0,0,0,0,0,0,0,0,0,0,0,0,0,0,0,0,0,0,0,0,0,0,0,0,0,0,0,0,0,0,0,0,0,0,0,0,0,0,0,0,0,0,0,0,0,0,0,0,0,0,0,0,0,0,0,0,0,0,0,0,0,0,0,0,0,0,0,0,0,0,0,0,0,0,0,0,0,0,0,0,0,0,0,0,0,0,0,0,0,0,0,0,0,0,0,0,0,0,0,0,0,0,0,0,0,0,0,0,0,0,0,0,0,0,0,0,0,0
"kilimanjaro/siha/makiwaru",2.5e-05,0,1e-06,1e-06,0,7.6e-05,0,0,0,4e-06,0,0,1.7e-05,0.000199,1e-06,0,0,0,0,0,0,0.000724,0,3e-06,0,1e-06,0,0,0,0,6.4e-05,0,0,0,0,0,1.4e-05,1e-06,0,2e-06,0,0,2e-06,0,0,0,1e-06,0.002962,2.7e-05,0,0,0,0,0,0,0,3e-06,0,5e-06,1.3e-05,7e-06,7e-06,3.7e-05,0,0,9.1e-05,1.5e-05,0,1e-06,3e-06,0,0,3.3e-05,0,0,6e-06,1e-06,0,0,0,0,0,0,0,0,0,0.00295,0,0,1.4e-05,0,0,0.000312,0.000123,0,1e-06,0.000398,0,0.000203,4.4e-05,0,0,4e-06,2.2e-05,1.3e-05,0.000332,0,0.000113,0.000228,5e-06,0.000236,0.000152,0,1e-06,2e-06,1e-06,0.00077,0,0.000442,6.2e-05,3.1e-05,0.00106,1e-06,2e-06,0,2e-06,2e-06,0.004099,0.000103,2e-06,2e-06,3.4e-05,6.7e-05,2.3e-05,0,9.7e-05,5e-06,4.5e-05,0.000218,0.000232,0.000531,0,2.6e-05,2e-05,2e-06,2.8e-05,0,0.000126,0.000121,3.2e-05,1e-06,0,2e-06,0,9e-06,0.000334,3e-06,1e-06,0,0.007701,8e-06,2.5e-05,1e-06,1e-06,0,0,1.1e-05,0.000306,0.000147,3e-06,1e-06,2.1e-05,0.002301,5e-06,6.8e-05,2e-06,2.6e-05,1e-06,0.000177,1e-06,0,0,1.1e-05,1.7e-05,0.002222,0.043466,3e-06,6e-06,0.001047,0.000443,4.4e-05,0,0,0,2e-06,0,1e-06,0,0.000167,0,0.00152,1e-06,5e-06,3e-06,0.000117,0,0.000597,1.2e-05,3e-06,2e-06,2e-06,0,0.000169,1e-06,0,2e-06,0,0.000778,1.2e-05,6.4e-05,0,4e-06,0,1.7e-05,0.00236,8.4e-05,0.002637,9e-06,0,0,0,0,4.1e-05,0.000155,0,0,3e-06,4.3e-05,2e-06,1e-06,3.8e-05,0.000626,1e-06,0.000338,0,3e-06,9e-06,0.000149,0,4e-06,0.000843,0.000193,1e-06,0.000248,9e-05,4e-06,2e-06,4e-06,2e-06,0,0,1.7e-05,0,0,5e-06,1e-06,0,0.000119,0,1e-06,0.000133,0.000102,1e-06,0,0.000556,3e-06,4e-06,1e-05,0,1e-06,1.1e-05,0,0.000818,0,0,0,0,4e-06,0,3.5e-05,0,5.1e-05,0,0.000771,3.2e-05,2e-04,0.000789,4e-06,1.3e-05,1e-06,0,0,2e-06,4e-06,0,1e-05,3.1e-05,9e-06,3e-06,5e-06,0.000103,1e-06,0,2e-06,2e-05,0,0,0.000675,0.000363,9.8e-05,9e-06,0.000238,0.000726,0.000239,0.001297,2e-06,3e-06,7e-06,0,4.4e-05,0.000104,2.5e-05,0.000876,1.1e-05,7e-06,0,1.3e-05,1e-06,0.001416,0,0,2e-06,0,0,2.3e-05,2e-06,1e-06,0.000121,2.3e-05,1e-06,0,0.003288,1.6e-05,0.001055,8e-06,1.7e-05,3.5e-05,3e-06,2e-06,4.2e-05,0,0,0,0,0,0.000886,0.000106,0.000326,0,0.000239,1.6e-05,0,0,0,4e-06,2.7e-05,3e-06,2e-06,0.000294,0,0,0,0.000711,0,0,1.6e-05,3e-06,0.00043,6e-05,2e-06,0.000702,1e-06,0,0,0,0,0,0
"kilimanjaro/moshi/makuyuni",0,0,0,0,0,0,0,0,0,0,0,0,0,0,0,0,0,0,0,0,0,0,0,0,0,0,0,0,0,0,0,0,0,0,0,0,0,0,0,0,0,0,0,0,0,0,0,0,0,0,0,0,0,0,0,0,0,0,0,0,0,0,0,0,0,0,0,0,0,0,0,0,0,0,0,0,0,0,0,0,0,0,0,0,0,0,0,0,0,0,0,0,0,0,0,0,0,0,0,0,0,0,0,0,0,0,0,0,0,0,0,0,0,0,0,0,0,0,0,0,0,0,0,0,0,0,0,0,0,0,0,0,0,0,0,0,0,0,0,0,0,0,0,0,0,0,0,0,0,0,0,0,0,0,0,0,0,0,0,0,0,0,0,0,0,0,0,0,0,0,0,0,0,0,0,0,0,0,0,0,0,0,0,0,0,0,0,0,0,0,0,0,0,0,0,0,0,0,0,0,0,0,0,0,0,0,0,0,0,0,0,0,0,0,0,0,0,0,0,0,0,0,0,0,0,0,0,0,0,0,0,0,0,0,0,0,0,0,0,0,0,0,0,0,0,0,0,0,0,0,0,0,0,0,0,0,0,0,0,0,0,0,0,0,0,0,0,0,0,0,0,0,0,0,0,0,0,0,0,0,0,0,0,0,0,0,0,0,0,0,0,0,0,0,0,0,0,0,0,0,0,0,0,0,0,0,0,0,0,0,0,0,0,0,0,0,0,0,0,0,0,0,0,0,0,0,0,0,0,0,0,0,0,0,0,0,0,0,0,0,0,0,0,0,0,0,0,0,0,0,0,0,0,0,0,0,0,0,0,0,0,0,0,0,0,0,0,0,0,0,0,0,0,0,0,0,0,0,0,0,0,0,0,0,0,0,0,0,0,0,0,0,0,0,0,0,0,0
"arusha/monduli/makuyuni",7.3e-05,1.8e-05,2e-06,5.6e-05,2e-06,0.000126,1e-06,2e-06,1e-06,0.000449,7e-06,1e-06,5.9e-05,0.000938,5.7e-05,6e-06,2e-06,8e-06,1e-06,4e-06,1e-06,3.3e-05,1e-06,3e-06,1e-06,1e-06,2e-06,8e-06,0,2e-06,0.000255,1e-06,1e-06,1e-06,3.2e-05,3e-06,0.000103,7.9e-05,1.5e-05,5.4e-05,2e-06,1e-06,5.6e-05,6.1e-05,9e-06,1e-06,5.2e-05,0.026679,0.002213,1.3e-05,3e-06,5e-06,1.7e-05,2e-06,4.7e-05,1e-06,7e-06,6e-06,5.8e-05,0.001463,0.000116,0.00081,0.000331,4e-06,0,0.000664,0.000722,1e-06,0.000818,0.000436,9e-06,0,7e-06,6.5e-05,3e-06,0.000224,3.4e-05,0,1e-06,1e-06,0,5e-06,1e-06,1e-06,2e-06,2e-06,0.00125,1e-06,3.2e-05,0.000212,0,1e-06,0.000666,0.000454,2.1e-05,0.000185,7.7e-05,1e-06,0.000369,8.5e-05,3e-06,2e-06,3.9e-05,0.00016,1.3e-05,0.000523,6e-06,9e-05,6.2e-05,0.001787,5.3e-05,0.000221,2.1e-05,4e-06,3e-06,2e-06,0.000477,1e-06,0.000461,4.5e-05,2.6e-05,0.000847,2e-06,7e-06,1e-06,1.6e-05,4.8e-05,0.003,0.00024,3e-06,2e-06,8e-05,0.000152,2e-05,1e-06,0.000537,3.3e-05,5.2e-05,0.001415,0.000151,0.000109,1e-06,0.000214,1.4e-05,4e-06,0.000102,5e-06,0.000183,0.000153,4.9e-05,2e-06,2e-06,3e-06,2e-06,7e-05,0.011119,9e-06,4.4e-05,7e-06,0.007068,2.1e-05,0.000918,1e-06,5e-06,1e-06,1e-06,3.1e-05,6.2e-05,0.001134,1.2e-05,1.6e-05,0.019589,0.017624,4.4e-05,1.9e-05,0.000133,0.007355,4e-06,0.000144,2.8e-05,1e-06,1e-05,0.00012,2.2e-05,0.001017,0.019029,2e-06,4e-06,0.000514,0.000162,4e-05,1.7e-05,0.000136,2e-06,0.000586,2e-06,2e-06,3e-06,0.000161,1.6e-05,0.001111,2.5e-05,7.1e-05,4e-06,0.000188,3e-05,0.001168,0,0.000166,3e-06,3e-06,1.2e-05,0.000356,1e-06,2e-06,1.7e-05,3e-06,0.001584,1.7e-05,1e-04,2e-06,5e-06,1e-06,4e-06,0.000697,1.6e-05,0.000921,7e-06,1.3e-05,1e-06,1e-06,3e-06,0.000772,0.003172,7e-06,0,4e-06,0.000193,0.000795,2e-06,9.1e-05,0.076236,1e-06,0.002252,1e-06,3e-06,9e-06,0.00067,1e-06,0.000151,0.00559,0.009439,3.4e-05,0.001352,0.000112,3.3e-05,3e-06,1.1e-05,2e-06,1e-06,1e-06,5.7e-05,5.2e-05,1e-06,0.003778,2.1e-05,3e-06,0.003277,2e-06,0.000197,0.002202,0.000294,2e-06,1e-06,0.00102,5e-06,3.8e-05,0.00019,5e-06,9.2e-05,2.8e-05,7e-06,0.005026,9e-06,1e-06,4e-06,0,6e-06,3e-06,4e-06,8e-06,4.2e-05,3e-06,0.003101,3.4e-05,8.7e-05,0.001227,3.1e-05,6.4e-05,0.000176,1e-06,1e-06,2e-06,2e-05,2e-06,0.006186,0.000106,1.1e-05,8e-06,3e-06,0.002114,8.7e-05,4e-06,2e-06,2.2e-05,5e-06,5e-06,0.002894,6e-04,0.002357,0.000217,0.002189,0.000107,0.000378,0.014951,0.000104,0.000143,4.3e-05,1e-05,0.00044,0.000549,0.000298,0.008041,0.000311,0.000129,2e-06,1.2e-05,2.5e-05,0.002834,9e-06,8e-06,2e-06,1.6e-05,3e-06,0.000186,2.5e-05,3.9e-05,0.000597,0.000142,4.7e-05,2e-06,0.000268,3.8e-05,0.006827,0.003419,0.003113,0.000327,9e-06,4e-06,3.7e-05,2e-06,1e-06,2e-06,0,7e-06,0.00408,0.001362,0.003183,2e-06,0.000314,1.4e-05,0,1e-06,4e-06,5e-06,0.000312,0.000189,1e-05,0.000984,2e-06,1e-06,2e-06,0.001205,1.2e-05,2e-06,0.000129,3e-06,0.000347,5.9e-05,2e-06,0.001166,2e-06,1e-06,2e-06,0,0,2e-06,1e-06
"arusha/ngorongoro/malambo",2e-06,2.3e-05,0,0.000278,0,6e-06,0,0,0,1.2e-05,0,0,1e-06,1.9e-05,7e-06,0,0,0,0,0,0,1e-06,0,0,0,0,0,0,0,0,7e-06,0,0,0,2e-06,0,2e-06,2e-06,0,7.8e-05,0,0,3e-06,2e-06,1e-06,0,3e-06,0.000468,2.4e-05,1e-06,0,1e-06,1e-06,0,2e-06,0,0,0,3e-06,0.000648,1.5e-05,7.5e-05,1.8e-05,0,0,1.1e-05,9e-06,0,4e-06,6e-06,1e-06,0,0,2e-06,0,6.2e-05,1.4e-05,0,0,0,0,0,0,0,0,0,5.1e-05,0,2e-06,1.1e-05,0,0,4.5e-05,1.1e-05,3e-06,8e-06,4e-06,0,1.9e-05,5e-06,0,1e-06,3e-06,3e-06,1e-06,4.2e-05,0,5e-06,2e-06,6.5e-05,3e-06,1.5e-05,1e-06,0,0,0,1.7e-05,0,2.5e-05,3e-06,1e-06,4.9e-05,0,0,0,1e-06,3e-06,6.5e-05,6e-06,0,0,3e-06,9e-06,1e-06,0,1e-05,1e-06,3e-06,0.000169,8e-06,4e-06,0,4e-06,1e-06,0,7e-06,0,1e-05,9e-06,3e-06,0,0,0,0,6e-06,0.000126,0,4e-06,0,0.000364,1e-06,1.1e-05,0,0,0,0,2e-06,2e-06,1.9e-05,1e-06,1e-06,4.2e-05,0.00032,2e-06,1e-06,2e-06,2.8e-05,0,7e-06,2e-06,0,3.4e-05,9e-06,1e-06,5.3e-05,0.001402,0,0,2.6e-05,8e-06,2e-06,1e-06,2e-06,0,6e-06,0,0,0,9e-06,0,3.2e-05,1e-06,4e-06,0,1.3e-05,1e-06,7.4e-05,2.7e-05,0,0,0,0,2.5e-05,0,0,1e-06,0,0.000122,1e-06,6e-06,0,0,0,0,3e-05,1e-06,4.7e-05,0,1e-06,0,0,0,0.000294,3.9e-05,0,0,0,3e-06,2.8e-05,0,3e-06,5e-04,0,9.9e-05,0,0,0,1.3e-05,0,1e-06,0.000107,0.000163,0,2.5e-05,8e-06,3e-06,0,1e-06,0,0,0,2e-06,0,0,4.3e-05,3e-06,0,4.5e-05,0,2e-06,4.1e-05,1.7e-05,0,0,6.7e-05,0,3e-06,4e-06,0,1.8e-05,1e-06,3e-06,0.000639,0,0,0,0,0,0,0,0,3e-06,0,6.3e-05,2e-06,5e-06,3e-05,1e-06,3e-06,5.1e-05,0,0,0,1e-06,0,3.4e-05,2e-06,0,0,0,2.2e-05,0.000117,0,0,1e-06,1e-06,5e-06,7.2e-05,4.4e-05,2.2e-05,3e-06,5e-05,4e-06,2.8e-05,0.000208,0.000147,0.000215,1e-06,1.1e-05,8e-06,1.1e-05,5e-06,0.000484,0.000429,4e-06,0,1e-06,3.4e-05,6.9e-05,0,1e-06,0,1e-06,0,1.1e-05,2e-06,0.000104,1.5e-05,9e-06,9.4e-05,0,1.2e-05,1e-06,0.000129,3.4e-05,1.6e-05,6e-06,1e-06,0,2e-06,0,0,0,0,1e-05,8.5e-05,1.6e-05,5.2e-05,0,9e-06,1e-06,0,0,0,0,5e-06,2e-06,0,5e-05,0,0,0,9.1e-05,1e-06,0,2e-06,0,1.9e-05,3e-06,0,2.9e-05,0,0,0,0,0,0,0
"kilimanjaro/moshi/mambakaskazini",0,0,0,0,0,0,0,0,0,0,0,0,0,0,0,0,0,0,0,0,0,0,0,0,0,0,0,0,0,0,0,0,0,0,0,0,0,0,0,0,0,0,0,0,0,0,0,0,0,0,0,0,0,0,0,0,0,0,0,0,0,0,0,0,0,0,0,0,0,0,0,0,0,0,0,0,0,0,0,0,0,0,0,0,0,0,0,0,0,0,0,0,0,0,0,0,0,0,0,0,0,0,0,0,0,0,0,0,0,0,0,0,0,0,0,0,0,0,0,0,0,0,0,0,0,0,0,0,0,0,0,0,0,0,0,0,0,0,0,0,0,0,0,0,0,0,0,0,0,0,0,0,0,0,0,0,0,0,0,0,0,0,0,0,0,0,0,0,0,0,0,0,0,0,0,0,0,0,0,0,0,0,0,0,0,0,0,0,0,0,0,0,0,0,0,0,0,0,0,0,0,0,0,0,0,0,0,0,0,0,0,0,0,0,0,0,0,0,0,0,0,0,0,0,0,0,0,0,0,0,0,0,0,0,0,0,0,0,0,0,0,0,0,0,0,0,0,0,0,0,0,0,0,0,0,0,0,0,0,0,0,0,0,0,0,0,0,0,0,0,0,0,0,0,0,0,0,0,0,0,0,0,0,0,0,0,0,0,0,0,0,0,0,0,0,0,0,0,0,0,0,0,0,0,0,0,0,0,0,0,0,0,0,0,0,0,0,0,0,0,0,0,0,0,0,0,0,0,0,0,0,0,0,0,0,0,0,0,0,0,0,0,0,0,0,0,0,0,0,0,0,0,0,0,0,0,0,0,0,0,0,0,0,0,0,0,0,0,0,0,0,0,0,0,0,0,0,0,0,0,0,0,0,0,0,0,0,0,0,0,0,0,0,0,0,0,0,0
"kilimanjaro/moshi/mambakusini",0,0,0,0,0,0,0,0,0,0,0,0,0,0,0,0,0,0,0,0,0,0,0,0,0,0,0,0,0,0,0,0,0,0,0,0,0,0,0,0,0,0,0,0,0,0,0,0,0,0,0,0,0,0,0,0,0,0,0,0,0,0,0,0,0,0,0,0,0,0,0,0,0,0,0,0,0,0,0,0,0,0,0,0,0,0,0,0,0,0,0,0,0,0,0,0,0,0,0,0,0,0,0,0,0,0,0,0,0,0,0,0,0,0,0,0,0,0,0,0,0,0,0,0,0,0,0,0,0,0,0,0,0,0,0,0,0,0,0,0,0,0,0,0,0,0,0,0,0,0,0,0,0,0,0,0,0,0,0,0,0,0,0,0,0,0,0,0,0,0,0,0,0,0,0,0,0,0,0,0,0,0,0,0,0,0,0,0,0,0,0,0,0,0,0,0,0,0,0,0,0,0,0,0,0,0,0,0,0,0,0,0,0,0,0,0,0,0,0,0,0,0,0,0,0,0,0,0,0,0,0,0,0,0,0,0,0,0,0,0,0,0,0,0,0,0,0,0,0,0,0,0,0,0,0,0,0,0,0,0,0,0,0,0,0,0,0,0,0,0,0,0,0,0,0,0,0,0,0,0,0,0,0,0,0,0,0,0,0,0,0,0,0,0,0,0,0,0,0,0,0,0,0,0,0,0,0,0,0,0,0,0,0,0,0,0,0,0,0,0,0,0,0,0,0,0,0,0,0,0,0,0,0,0,0,0,0,0,0,0,0,0,0,0,0,0,0,0,0,0,0,0,0,0,0,0,0,0,0,0,0,0,0,0,0,0,0,0,0,0,0,0,0,0,0,0,0,0,0,0,0,0,0,0,0,0,0,0,0,0,0,0,0,0,0,0,0,0
"manyara/babati/mamire",0,0,0,0,0,0,0,0,0,0,0,0,0,0,0,0,0,0,0,0,0,0,0,0,0,0,0,0,0,0,0,0,0,0,0,0,0,0,0,0,0,0,0,0,0,0,0,0,0,0,0,0,0,0,0,0,0,0,0,0,0,0,0,0,0,0,0,0,0,0,0,0,0,0,0,0,0,0,0,0,0,0,0,0,0,0,0,0,0,0,0,0,0,0,0,0,0,0,0,0,0,0,0,0,0,0,0,0,0,0,0,0,0,0,0,0,0,0,0,0,0,0,0,0,0,0,0,0,0,0,0,0,0,0,0,0,0,0,0,0,0,0,0,0,0,0,0,0,0,0,0,0,0,0,0,0,0,0,0,0,0,0,0,0,0,0,0,0,0,0,0,0,0,0,0,0,0,0,0,0,0,0,0,0,0,0,0,0,0,0,0,0,0,0,0,0,0,0,0,0,0,0,0,0,0,0,0,0,0,0,0,0,0,0,0,0,0,0,0,0,0,0,0,0,0,0,0,0,0,0,0,0,0,0,0,0,0,0,0,0,0,0,0,0,0,0,0,0,0,0,0,0,0,0,0,0,0,0,0,0,0,0,0,0,0,0,0,0,0,0,0,0,0,0,0,0,0,0,0,0,0,0,0,0,0,0,0,0,0,0,0,0,0,0,0,0,0,0,0,0,0,0,0,0,0,0,0,0,0,0,0,0,0,0,0,0,0,0,0,0,0,0,0,0,0,0,0,0,0,0,0,0,0,0,0,0,0,0,0,0,0,0,0,0,0,0,0,0,0,0,0,0,0,0,0,0,0,0,0,0,0,0,0,0,0,0,0,0,0,0,0,0,0,0,0,0,0,0,0,0,0,0,0,0,0,0,0,0,0,0,0,0,0,0,0,0,0,0
"kilimanjaro/rombo/mamsera",0,0,0,0,0,0,0,0,0,0,0,0,0,0,0,0,0,0,0,0,0,0,0,0,0,0,0,0,0,0,0,0,0,0,0,0,0,0,0,0,0,0,0,0,0,0,0,0,0,0,0,0,0,0,0,0,0,0,0,0,0,0,0,0,0,0,0,0,0,0,0,0,0,0,0,0,0,0,0,0,0,0,0,0,0,0,0,0,0,0,0,0,0,0,0,0,0,0,0,0,0,0,0,0,0,0,0,0,0,0,0,0,0,0,0,0,0,0,0,0,0,0,0,0,0,0,0,0,0,0,0,0,0,0,0,0,0,0,0,0,0,0,0,0,0,0,0,0,0,0,0,0,0,0,0,0,0,0,0,0,0,0,0,0,0,0,0,0,0,0,0,0,0,0,0,0,0,0,0,0,0,0,0,0,0,0,0,0,0,0,0,0,0,0,0,0,0,0,0,0,0,0,0,0,0,0,0,0,0,0,0,0,0,0,0,0,0,0,0,0,0,0,0,0,0,0,0,0,0,0,0,0,0,0,0,0,0,0,0,0,0,0,0,0,0,0,0,0,0,0,0,0,0,0,0,0,0,0,0,0,0,0,0,0,0,0,0,0,0,0,0,0,0,0,0,0,0,0,0,0,0,0,0,0,0,0,0,0,0,0,0,0,0,0,0,0,0,0,0,0,0,0,0,0,0,0,0,0,0,0,0,0,0,0,0,0,0,0,0,0,0,0,0,0,0,0,0,0,0,0,0,0,0,0,0,0,0,0,0,0,0,0,0,0,0,0,0,0,0,0,0,0,0,0,0,0,0,0,0,0,0,0,0,0,0,0,0,0,0,0,0,0,0,0,0,0,0,0,0,0,0,0,0,0,0,0,0,0,0,0,0,0,0,0,0,0,0,0
"kilimanjaro/rombo/manda",0,0,0,0,0,0,0,0,0,0,0,0,0,0,0,0,0,0,0,0,0,0,0,0,0,0,0,0,0,0,0,0,0,0,0,0,0,0,0,0,0,0,0,0,0,0,0,0,0,0,0,0,0,0,0,0,0,0,0,0,0,0,0,0,0,0,0,0,0,0,0,0,0,0,0,0,0,0,0,0,0,0,0,0,0,0,0,0,0,0,0,0,0,0,0,0,0,0,0,0,0,0,0,0,0,0,0,0,0,0,0,0,0,0,0,0,0,0,0,0,0,0,0,0,0,0,0,0,0,0,0,0,0,0,0,0,0,0,0,0,0,0,0,0,0,0,0,0,0,0,0,0,0,0,0,0,0,0,0,0,0,0,0,0,0,0,0,0,0,0,0,0,0,0,0,0,0,0,0,0,0,0,0,0,0,0,0,0,0,0,0,0,0,0,0,0,0,0,0,0,0,0,0,0,0,0,0,0,0,0,0,0,0,0,0,0,0,0,0,0,0,0,0,0,0,0,0,0,0,0,0,0,0,0,0,0,0,0,0,0,0,0,0,0,0,0,0,0,0,0,0,0,0,0,0,0,0,0,0,0,0,0,0,0,0,0,0,0,0,0,0,0,0,0,0,0,0,0,0,0,0,0,0,0,0,0,0,0,0,0,0,0,0,0,0,0,0,0,0,0,0,0,0,0,0,0,0,0,0,0,0,0,0,0,0,0,0,0,0,0,0,0,0,0,0,0,0,0,0,0,0,0,0,0,0,0,0,0,0,0,0,0,0,0,0,0,0,0,0,0,0,0,0,0,0,0,0,0,0,0,0,0,0,0,0,0,0,0,0,0,0,0,0,0,0,0,0,0,0,0,0,0,0,0,0,0,0,0,0,0,0,0,0,0,0,0,0,0
"arusha/karatu/mangola",0,0,0,0,0,0,0,0,0,0,0,0,0,0,0,0,0,0,0,0,0,0,0,0,0,0,0,0,0,0,0,0,0,0,0,0,0,0,0,0,0,0,0,0,0,0,0,0,0,0,0,0,0,0,0,0,0,0,0,0,0,0,0,0,0,0,0,0,0,0,0,0,0,0,0,0,0,0,0,0,0,0,0,0,0,0,0,0,0,0,0,0,0,0,0,0,0,0,0,0,0,0,0,0,0,0,0,0,0,0,0,0,0,0,0,0,0,0,0,0,0,0,0,0,0,0,0,0,0,0,0,0,0,0,0,0,0,0,0,0,0,0,0,0,0,0,0,0,0,0,0,0,0,0,0,0,0,0,0,0,0,0,0,0,0,0,0,0,0,0,0,0,0,0,0,0,0,0,0,0,0,0,0,0,0,0,0,0,0,0,0,0,0,0,0,0,0,0,0,0,0,0,0,0,0,0,0,0,0,0,0,0,0,0,0,0,0,0,0,0,0,0,0,0,0,0,0,0,0,0,0,0,0,0,0,0,0,0,0,0,0,0,0,0,0,0,0,0,0,0,0,0,0,0,0,0,0,0,0,0,0,0,0,0,0,0,0,0,0,0,0,0,0,0,0,0,0,0,0,0,0,0,0,0,0,0,0,0,0,0,0,0,0,0,0,0,0,0,0,0,0,0,0,0,0,0,0,0,0,0,0,0,0,0,0,0,0,0,0,0,0,0,0,0,0,0,0,0,0,0,0,0,0,0,0,0,0,0,0,0,0,0,0,0,0,0,0,0,0,0,0,0,0,0,0,0,0,0,0,0,0,0,0,0,0,0,0,0,0,0,0,0,0,0,0,0,0,0,0,0,0,0,0,0,0,0,0,0,0,0,0,0,0,0,0,0,0,0
"kilimanjaro/same/maore",0,0,0,0,0,0,0,0,0,0,0,0,0,0,0,0,0,0,0,0,0,0,0,0,0,0,0,0,0,0,0,0,0,0,0,0,0,0,0,0,0,0,0,0,0,0,0,0,0,0,0,0,0,0,0,0,0,0,0,0,0,0,0,0,0,0,0,0,0,0,0,0,0,0,0,0,0,0,0,0,0,0,0,0,0,0,0,0,0,0,0,0,0,0,0,0,0,0,0,0,0,0,0,0,0,0,0,0,0,0,0,0,0,0,0,0,0,0,0,0,0,0,0,0,0,0,0,0,0,0,0,0,0,0,0,0,0,0,0,0,0,0,0,0,0,0,0,0,0,0,0,0,0,0,0,0,0,0,0,0,0,0,0,0,0,0,0,0,0,0,0,0,0,0,0,0,0,0,0,0,0,0,0,0,0,0,0,0,0,0,0,0,0,0,0,0,0,0,0,0,0,0,0,0,0,0,0,0,0,0,0,0,0,0,0,0,0,0,0,0,0,0,0,0,0,0,0,0,0,0,0,0,0,0,0,0,0,0,0,0,0,0,0,0,0,0,0,0,0,0,0,0,0,0,0,0,0,0,0,0,0,0,0,0,0,0,0,0,0,0,0,0,0,0,0,0,0,0,0,0,0,0,0,0,0,0,0,0,0,0,0,0,0,0,0,0,0,0,0,0,0,0,0,0,0,0,0,0,0,0,0,0,0,0,0,0,0,0,0,0,0,0,0,0,0,0,0,0,0,0,0,0,0,0,0,0,0,0,0,0,0,0,0,0,0,0,0,0,0,0,0,0,0,0,0,0,0,0,0,0,0,0,0,0,0,0,0,0,0,0,0,0,0,0,0,0,0,0,0,0,0,0,0,0,0,0,0,0,0,0,0,0,0,0,0,0,0,0
"manyara/mbulu/marang",0,0,0,0,0,0,0,0,0,0,0,0,0,0,0,0,0,0,0,0,0,0,0,0,0,0,0,0,0,0,0,0,0,0,0,0,0,0,0,0,0,0,0,0,0,0,0,0,0,0,0,0,0,0,0,0,0,0,0,0,0,0,0,0,0,0,0,0,0,0,0,0,0,0,0,0,0,0,0,0,0,0,0,0,0,0,0,0,0,0,0,0,0,0,0,0,0,0,0,0,0,0,0,0,0,0,0,0,0,0,0,0,0,0,0,0,0,0,0,0,0,0,0,0,0,0,0,0,0,0,0,0,0,0,0,0,0,0,0,0,0,0,0,0,0,0,0,0,0,0,0,0,0,0,0,0,0,0,0,0,0,0,0,0,0,0,0,0,0,0,0,0,0,0,0,0,0,0,0,0,0,0,0,0,0,0,0,0,0,0,0,0,0,0,0,0,0,0,0,0,0,0,0,0,0,0,0,0,0,0,0,0,0,0,0,0,0,0,0,0,0,0,0,0,0,0,0,0,0,0,0,0,0,0,0,0,0,0,0,0,0,0,0,0,0,0,0,0,0,0,0,0,0,0,0,0,0,0,0,0,0,0,0,0,0,0,0,0,0,0,0,0,0,0,0,0,0,0,0,0,0,0,0,0,0,0,0,0,0,0,0,0,0,0,0,0,0,0,0,0,0,0,0,0,0,0,0,0,0,0,0,0,0,0,0,0,0,0,0,0,0,0,0,0,0,0,0,0,0,0,0,0,0,0,0,0,0,0,0,0,0,0,0,0,0,0,0,0,0,0,0,0,0,0,0,0,0,0,0,0,0,0,0,0,0,0,0,0,0,0,0,0,0,0,0,0,0,0,0,0,0,0,0,0,0,0,0,0,0,0,0,0,0,0,0,0,0,0
"kilimanjaro/rombo/marangukitowo",0,0,0,0,0,0,0,0,0,0,0,0,0,0,0,0,0,0,0,0,0,0,0,0,0,0,0,0,0,0,0,0,0,0,0,0,0,0,0,0,0,0,0,0,0,0,0,0,0,0,0,0,0,0,0,0,0,0,0,0,0,0,0,0,0,0,0,0,0,0,0,0,0,0,0,0,0,0,0,0,0,0,0,0,0,0,0,0,0,0,0,0,0,0,0,0,0,0,0,0,0,0,0,0,0,0,0,0,0,0,0,0,0,0,0,0,0,0,0,0,0,0,0,0,0,0,0,0,0,0,0,0,0,0,0,0,0,0,0,0,0,0,0,0,0,0,0,0,0,0,0,0,0,0,0,0,0,0,0,0,0,0,0,0,0,0,0,0,0,0,0,0,0,0,0,0,0,0,0,0,0,0,0,0,0,0,0,0,0,0,0,0,0,0,0,0,0,0,0,0,0,0,0,0,0,0,0,0,0,0,0,0,0,0,0,0,0,0,0,0,0,0,0,0,0,0,0,0,0,0,0,0,0,0,0,0,0,0,0,0,0,0,0,0,0,0,0,0,0,0,0,0,0,0,0,0,0,0,0,0,0,0,0,0,0,0,0,0,0,0,0,0,0,0,0,0,0,0,0,0,0,0,0,0,0,0,0,0,0,0,0,0,0,0,0,0,0,0,0,0,0,0,0,0,0,0,0,0,0,0,0,0,0,0,0,0,0,0,0,0,0,0,0,0,0,0,0,0,0,0,0,0,0,0,0,0,0,0,0,0,0,0,0,0,0,0,0,0,0,0,0,0,0,0,0,0,0,0,0,0,0,0,0,0,0,0,0,0,0,0,0,0,0,0,0,0,0,0,0,0,0,0,0,0,0,0,0,0,0,0,0,0,0,0,0,0,0,0
"kilimanjaro/moshi/marangumagharibi",0,0,0,0,0,0,0,0,0,0,0,0,0,0,0,0,0,0,0,0,0,0,0,0,0,0,0,0,0,0,0,0,0,0,0,0,0,0,0,0,0,0,0,0,0,0,0,0,0,0,0,0,0,0,0,0,0,0,0,0,0,0,0,0,0,0,0,0,0,0,0,0,0,0,0,0,0,0,0,0,0,0,0,0,0,0,0,0,0,0,0,0,0,0,0,0,0,0,0,0,0,0,0,0,0,0,0,0,0,0,0,0,0,0,0,0,0,0,0,0,0,0,0,0,0,0,0,0,0,0,0,0,0,0,0,0,0,0,0,0,0,0,0,0,0,0,0,0,0,0,0,0,0,0,0,0,0,0,0,0,0,0,0,0,0,0,0,0,0,0,0,0,0,0,0,0,0,0,0,0,0,0,0,0,0,0,0,0,0,0,0,0,0,0,0,0,0,0,0,0,0,0,0,0,0,0,0,0,0,0,0,0,0,0,0,0,0,0,0,0,0,0,0,0,0,0,0,0,0,0,0,0,0,0,0,0,0,0,0,0,0,0,0,0,0,0,0,0,0,0,0,0,0,0,0,0,0,0,0,0,0,0,0,0,0,0,0,0,0,0,0,0,0,0,0,0,0,0,0,0,0,0,0,0,0,0,0,0,0,0,0,0,0,0,0,0,0,0,0,0,0,0,0,0,0,0,0,0,0,0,0,0,0,0,0,0,0,0,0,0,0,0,0,0,0,0,0,0,0,0,0,0,0,0,0,0,0,0,0,0,0,0,0,0,0,0,0,0,0,0,0,0,0,0,0,0,0,0,0,0,0,0,0,0,0,0,0,0,0,0,0,0,0,0,0,0,0,0,0,0,0,0,0,0,0,0,0,0,0,0,0,0,0,0,0,0,0,0
"kilimanjaro/moshi/marangumashariki",0,0,0,0,0,0,0,0,0,0,0,0,0,0,0,0,0,0,0,0,0,0,0,0,0,0,0,0,0,0,0,0,0,0,0,0,0,0,0,0,0,0,0,0,0,0,0,0,0,0,0,0,0,0,0,0,0,0,0,0,0,0,0,0,0,0,0,0,0,0,0,0,0,0,0,0,0,0,0,0,0,0,0,0,0,0,0,0,0,0,0,0,0,0,0,0,0,0,0,0,0,0,0,0,0,0,0,0,0,0,0,0,0,0,0,0,0,0,0,0,0,0,0,0,0,0,0,0,0,0,0,0,0,0,0,0,0,0,0,0,0,0,0,0,0,0,0,0,0,0,0,0,0,0,0,0,0,0,0,0,0,0,0,0,0,0,0,0,0,0,0,0,0,0,0,0,0,0,0,0,0,0,0,0,0,0,0,0,0,0,0,0,0,0,0,0,0,0,0,0,0,0,0,0,0,0,0,0,0,0,0,0,0,0,0,0,0,0,0,0,0,0,0,0,0,0,0,0,0,0,0,0,0,0,0,0,0,0,0,0,0,0,0,0,0,0,0,0,0,0,0,0,0,0,0,0,0,0,0,0,0,0,0,0,0,0,0,0,0,0,0,0,0,0,0,0,0,0,0,0,0,0,0,0,0,0,0,0,0,0,0,0,0,0,0,0,0,0,0,0,0,0,0,0,0,0,0,0,0,0,0,0,0,0,0,0,0,0,0,0,0,0,0,0,0,0,0,0,0,0,0,0,0,0,0,0,0,0,0,0,0,0,0,0,0,0,0,0,0,0,0,0,0,0,0,0,0,0,0,0,0,0,0,0,0,0,0,0,0,0,0,0,0,0,0,0,0,0,0,0,0,0,0,0,0,0,0,0,0,0,0,0,0,0,0,0,0,0
"manyara/mbulu/maretadu",0,0,0,0,0,0,0,0,0,0,0,0,0,0,0,0,0,0,0,0,0,0,0,0,0,0,0,0,0,0,0,0,0,0,0,0,0,0,0,0,0,0,0,0,0,0,0,0,0,0,0,0,0,0,0,0,0,0,0,0,0,0,0,0,0,0,0,0,0,0,0,0,0,0,0,0,0,0,0,0,0,0,0,0,0,0,0,0,0,0,0,0,0,0,0,0,0,0,0,0,0,0,0,0,0,0,0,0,0,0,0,0,0,0,0,0,0,0,0,0,0,0,0,0,0,0,0,0,0,0,0,0,0,0,0,0,0,0,0,0,0,0,0,0,0,0,0,0,0,0,0,0,0,0,0,0,0,0,0,0,0,0,0,0,0,0,0,0,0,0,0,0,0,0,0,0,0,0,0,0,0,0,0,0,0,0,0,0,0,0,0,0,0,0,0,0,0,0,0,0,0,0,0,0,0,0,0,0,0,0,0,0,0,0,0,0,0,0,0,0,0,0,0,0,0,0,0,0,0,0,0,0,0,0,0,0,0,0,0,0,0,0,0,0,0,0,0,0,0,0,0,0,0,0,0,0,0,0,0,0,0,0,0,0,0,0,0,0,0,0,0,0,0,0,0,0,0,0,0,0,0,0,0,0,0,0,0,0,0,0,0,0,0,0,0,0,0,0,0,0,0,0,0,0,0,0,0,0,0,0,0,0,0,0,0,0,0,0,0,0,0,0,0,0,0,0,0,0,0,0,0,0,0,0,0,0,0,0,0,0,0,0,0,0,0,0,0,0,0,0,0,0,0,0,0,0,0,0,0,0,0,0,0,0,0,0,0,0,0,0,0,0,0,0,0,0,0,0,0,0,0,0,0,0,0,0,0,0,0,0,0,0,0,0,0,0,0,0
"arusha/meru/maroroni",0,0,0,0,0,0,0,0,0,0,0,0,0,0,0,0,0,0,0,0,0,0,0,0,0,0,0,0,0,0,0,0,0,0,0,0,0,0,0,0,0,0,0,0,0,0,0,0,0,0,0,0,0,0,0,0,0,0,0,0,0,0,0,0,0,0,0,0,0,0,0,0,0,0,0,0,0,0,0,0,0,0,0,0,0,0,0,0,0,0,0,0,0,0,0,0,0,0,0,0,0,0,0,0,0,0,0,0,0,0,0,0,0,0,0,0,0,0,0,0,0,0,0,0,0,0,0,0,0,0,0,0,0,0,0,0,0,0,0,0,0,0,0,0,0,0,0,0,0,0,0,0,0,0,0,0,0,0,0,0,0,0,0,0,0,0,0,0,0,0,0,0,0,0,0,0,0,0,0,0,0,0,0,0,0,0,0,0,0,0,0,0,0,0,0,0,0,0,0,0,0,0,0,0,0,0,0,0,0,0,0,0,0,0,0,0,0,0,0,0,0,0,0,0,0,0,0,0,0,0,0,0,0,0,0,0,0,0,0,0,0,0,0,0,0,0,0,0,0,0,0,0,0,0,0,0,0,0,0,0,0,0,0,0,0,0,0,0,0,0,0,0,0,0,0,0,0,0,0,0,0,0,0,0,0,0,0,0,0,0,0,0,0,0,0,0,0,0,0,0,0,0,0,0,0,0,0,0,0,0,0,0,0,0,0,0,0,0,0,0,0,0,0,0,0,0,0,0,0,0,0,0,0,0,0,0,0,0,0,0,0,0,0,0,0,0,0,0,0,0,0,0,0,0,0,0,0,0,0,0,0,0,0,0,0,0,0,0,0,0,0,0,0,0,0,0,0,0,0,0,0,0,0,0,0,0,0,0,0,0,0,0,0,0,0,0,0,0
"manyara/hanang/masakta",0,0,0,0,0,0,0,0,0,0,0,0,0,0,0,0,0,0,0,0,0,0,0,0,0,0,0,0,0,0,0,0,0,0,0,0,0,0,0,0,0,0,0,0,0,0,0,0,0,0,0,0,0,0,0,0,0,0,0,0,0,0,0,0,0,0,0,0,0,0,0,0,0,0,0,0,0,0,0,0,0,0,0,0,0,0,0,0,0,0,0,0,0,0,0,0,0,0,0,0,0,0,0,0,0,0,0,0,0,0,0,0,0,0,0,0,0,0,0,0,0,0,0,0,0,0,0,0,0,0,0,0,0,0,0,0,0,0,0,0,0,0,0,0,0,0,0,0,0,0,0,0,0,0,0,0,0,0,0,0,0,0,0,0,0,0,0,0,0,0,0,0,0,0,0,0,0,0,0,0,0,0,0,0,0,0,0,0,0,0,0,0,0,0,0,0,0,0,0,0,0,0,0,0,0,0,0,0,0,0,0,0,0,0,0,0,0,0,0,0,0,0,0,0,0,0,0,0,0,0,0,0,0,0,0,0,0,0,0,0,0,0,0,0,0,0,0,0,0,0,0,0,0,0,0,0,0,0,0,0,0,0,0,0,0,0,0,0,0,0,0,0,0,0,0,0,0,0,0,0,0,0,0,0,0,0,0,0,0,0,0,0,0,0,0,0,0,0,0,0,0,0,0,0,0,0,0,0,0,0,0,0,0,0,0,0,0,0,0,0,0,0,0,0,0,0,0,0,0,0,0,0,0,0,0,0,0,0,0,0,0,0,0,0,0,0,0,0,0,0,0,0,0,0,0,0,0,0,0,0,0,0,0,0,0,0,0,0,0,0,0,0,0,0,0,0,0,0,0,0,0,0,0,0,0,0,0,0,0,0,0,0,0,0,0,0,0,0
"kilimanjaro/hai/masamakati",0,0,0,0,0,0,0,0,0,0,0,0,0,0,0,0,0,0,0,0,0,0,0,0,0,0,0,0,0,0,0,0,0,0,0,0,0,0,0,0,0,0,0,0,0,0,0,0,0,0,0,0,0,0,0,0,0,0,0,0,0,0,0,0,0,0,0,0,0,0,0,0,0,0,0,0,0,0,0,0,0,0,0,0,0,0,0,0,0,0,0,0,0,0,0,0,0,0,0,0,0,0,0,0,0,0,0,0,0,0,0,0,0,0,0,0,0,0,0,0,0,0,0,0,0,0,0,0,0,0,0,0,0,0,0,0,0,0,0,0,0,0,0,0,0,0,0,0,0,0,0,0,0,0,0,0,0,0,0,0,0,0,0,0,0,0,0,0,0,0,0,0,0,0,0,0,0,0,0,0,0,0,0,0,0,0,0,0,0,0,0,0,0,0,0,0,0,0,0,0,0,0,0,0,0,0,0,0,0,0,0,0,0,0,0,0,0,0,0,0,0,0,0,0,0,0,0,0,0,0,0,0,0,0,0,0,0,0,0,0,0,0,0,0,0,0,0,0,0,0,0,0,0,0,0,0,0,0,0,0,0,0,0,0,0,0,0,0,0,0,0,0,0,0,0,0,0,0,0,0,0,0,0,0,0,0,0,0,0,0,0,0,0,0,0,0,0,0,0,0,0,0,0,0,0,0,0,0,0,0,0,0,0,0,0,0,0,0,0,0,0,0,0,0,0,0,0,0,0,0,0,0,0,0,0,0,0,0,0,0,0,0,0,0,0,0,0,0,0,0,0,0,0,0,0,0,0,0,0,0,0,0,0,0,0,0,0,0,0,0,0,0,0,0,0,0,0,0,0,0,0,0,0,0,0,0,0,0,0,0,0,0,0,0,0,0,0,0
"kilimanjaro/hai/masamakusini",0,0,0,0,0,0,0,0,0,0,0,0,0,0,0,0,0,0,0,0,0,0,0,0,0,0,0,0,0,0,0,0,0,0,0,0,0,0,0,0,0,0,0,0,0,0,0,0,0,0,0,0,0,0,0,0,0,0,0,0,0,0,0,0,0,0,0,0,0,0,0,0,0,0,0,0,0,0,0,0,0,0,0,0,0,0,0,0,0,0,0,0,0,0,0,0,0,0,0,0,0,0,0,0,0,0,0,0,0,0,0,0,0,0,0,0,0,0,0,0,0,0,0,0,0,0,0,0,0,0,0,0,0,0,0,0,0,0,0,0,0,0,0,0,0,0,0,0,0,0,0,0,0,0,0,0,0,0,0,0,0,0,0,0,0,0,0,0,0,0,0,0,0,0,0,0,0,0,0,0,0,0,0,0,0,0,0,0,0,0,0,0,0,0,0,0,0,0,0,0,0,0,0,0,0,0,0,0,0,0,0,0,0,0,0,0,0,0,0,0,0,0,0,0,0,0,0,0,0,0,0,0,0,0,0,0,0,0,0,0,0,0,0,0,0,0,0,0,0,0,0,0,0,0,0,0,0,0,0,0,0,0,0,0,0,0,0,0,0,0,0,0,0,0,0,0,0,0,0,0,0,0,0,0,0,0,0,0,0,0,0,0,0,0,0,0,0,0,0,0,0,0,0,0,0,0,0,0,0,0,0,0,0,0,0,0,0,0,0,0,0,0,0,0,0,0,0,0,0,0,0,0,0,0,0,0,0,0,0,0,0,0,0,0,0,0,0,0,0,0,0,0,0,0,0,0,0,0,0,0,0,0,0,0,0,0,0,0,0,0,0,0,0,0,0,0,0,0,0,0,0,0,0,0,0,0,0,0,0,0,0,0,0,0,0,0,0,0
"kilimanjaro/hai/masamamagharibi",0,0,0,0,0,0,0,0,0,0,0,0,0,0,0,0,0,0,0,0,0,0,0,0,0,0,0,0,0,0,0,0,0,0,0,0,0,0,0,0,0,0,0,0,0,0,0,0,0,0,0,0,0,0,0,0,0,0,0,0,0,0,0,0,0,0,0,0,0,0,0,0,0,0,0,0,0,0,0,0,0,0,0,0,0,0,0,0,0,0,0,0,0,0,0,0,0,0,0,0,0,0,0,0,0,0,0,0,0,0,0,0,0,0,0,0,0,0,0,0,0,0,0,0,0,0,0,0,0,0,0,0,0,0,0,0,0,0,0,0,0,0,0,0,0,0,0,0,0,0,0,0,0,0,0,0,0,0,0,0,0,0,0,0,0,0,0,0,0,0,0,0,0,0,0,0,0,0,0,0,0,0,0,0,0,0,0,0,0,0,0,0,0,0,0,0,0,0,0,0,0,0,0,0,0,0,0,0,0,0,0,0,0,0,0,0,0,0,0,0,0,0,0,0,0,0,0,0,0,0,0,0,0,0,0,0,0,0,0,0,0,0,0,0,0,0,0,0,0,0,0,0,0,0,0,0,0,0,0,0,0,0,0,0,0,0,0,0,0,0,0,0,0,0,0,0,0,0,0,0,0,0,0,0,0,0,0,0,0,0,0,0,0,0,0,0,0,0,0,0,0,0,0,0,0,0,0,0,0,0,0,0,0,0,0,0,0,0,0,0,0,0,0,0,0,0,0,0,0,0,0,0,0,0,0,0,0,0,0,0,0,0,0,0,0,0,0,0,0,0,0,0,0,0,0,0,0,0,0,0,0,0,0,0,0,0,0,0,0,0,0,0,0,0,0,0,0,0,0,0,0,0,0,0,0,0,0,0,0,0,0,0,0,0,0,0,0,0
"kilimanjaro/hai/masamamashariki",5e-06,0,2e-06,0,0,5.6e-05,0,0,0,2e-06,0,0,3e-06,4.3e-05,0,0,0,0,0,0,0,3.2e-05,0,3e-06,0,1e-06,0,0,0,0,1.7e-05,0,0,0,0,0,3e-06,0,0,1e-06,0,0,1e-06,0,0,0,0,0.000705,1e-05,0,0,0,0,0,0,0,1e-06,0,2e-06,6e-06,3e-06,2e-06,1.2e-05,0,0,2.2e-05,4e-06,0,0,1e-06,0,0,1.1e-05,0,0,3e-06,0,0,0,0,0,0,0,0,0,0,0.001512,0,0,8e-06,0,0,0.000319,2.5e-05,0,0,0.000449,0,0.000169,4e-05,0,0,2e-06,5e-06,1.4e-05,0.000338,0,0.000148,2.7e-05,2e-06,0.000454,0.000214,0,0,3e-06,1e-06,0.000268,0,0.000584,0.000176,0.000115,0.002555,0,2e-06,0,1e-06,1e-06,0.000583,2.3e-05,3e-06,2e-06,3.6e-05,5.8e-05,3.1e-05,0,2.1e-05,1e-06,5.8e-05,0.000103,0.000401,5.6e-05,0,6e-06,3.8e-05,3e-06,2.1e-05,0,0.000137,0.000163,3.8e-05,2e-06,0,2e-06,0,6e-06,9.3e-05,4e-06,0,0,0.009649,7e-06,1e-05,2e-06,1e-06,0,0,8e-06,2.4e-05,3.5e-05,2e-06,0,7e-06,0.000534,3e-06,8.2e-05,1e-06,9e-06,0,0.000261,1e-06,0,0,6e-06,1.5e-05,0.01597,0.046855,1e-05,2.4e-05,0.002536,0.001894,3.8e-05,0,0,0,1e-06,0,1e-06,0,0.000218,0,0.000211,0,3e-06,1e-06,0.00015,3e-05,0.000601,4e-06,1e-06,2e-06,2e-06,0,0.000179,1e-06,0,1e-06,0,0.000896,1.6e-05,7.8e-05,0,1e-06,0,7e-05,0.001815,0.000119,0,6e-06,0,0,0,0,1.9e-05,4.1e-05,0,0,5e-06,1.2e-05,1e-06,1e-06,1.2e-05,0.000202,2e-06,0.000227,0,3e-06,1.1e-05,3.3e-05,0,1e-06,0.00019,6e-05,0,5.5e-05,0.000129,2e-06,2e-06,3e-06,2e-06,0,0,1e-05,0,0,2e-06,1e-06,0,3.3e-05,0,0,3.5e-05,7.6e-05,0,0,0.000611,4e-06,2e-06,4e-06,0,0,5e-06,0,0.000409,0,0,0,0,6e-06,0,1.1e-05,0,3.9e-05,0,0.000182,4e-05,0.00013,0.000137,1e-06,7e-06,1e-06,0,0,3e-06,2e-06,0,4e-06,6e-06,1e-06,1e-06,1.6e-05,2.6e-05,0,0,2e-06,2.9e-05,0,0,0.000159,0.000472,2.8e-05,3e-06,5.9e-05,0.000143,0.000168,0.000305,1e-06,2e-06,2e-06,0,1.1e-05,2.2e-05,6e-06,0.000352,5e-06,3e-06,0,1.4e-05,0,0.000255,0,0,3e-06,0,0,1.3e-05,1e-06,1e-06,2.7e-05,1.4e-05,1e-06,0,0.000446,3e-06,0.000238,3e-06,5e-06,1.3e-05,2e-06,3e-06,4.8e-05,0,0,0,0,0,0.000188,2.5e-05,7.8e-05,0,3.8e-05,1.9e-05,0,0,0,5e-06,7e-06,1e-06,0,0.000135,0,0,0,0.000914,0,0,4e-06,6e-06,0.000748,1e-04,4e-06,0.000127,2e-06,0,0,0,0,0,0
"kilimanjaro/hai/masamarundugai",0,0,0,0,0,0,0,0,0,0,0,0,0,0,0,0,0,0,0,0,0,0,0,0,0,0,0,0,0,0,0,0,0,0,0,0,0,0,0,0,0,0,0,0,0,0,0,0,0,0,0,0,0,0,0,0,0,0,0,0,0,0,0,0,0,0,0,0,0,0,0,0,0,0,0,0,0,0,0,0,0,0,0,0,0,0,0,0,0,0,0,0,0,0,0,0,0,0,0,0,0,0,0,0,0,0,0,0,0,0,0,0,0,0,0,0,0,0,0,0,0,0,0,0,0,0,0,0,0,0,0,0,0,0,0,0,0,0,0,0,0,0,0,0,0,0,0,0,0,0,0,0,0,0,0,0,0,0,0,0,0,0,0,0,0,0,0,0,0,0,0,0,0,0,0,0,0,0,0,0,0,0,0,0,0,0,0,0,0,0,0,0,0,0,0,0,0,0,0,0,0,0,0,0,0,0,0,0,0,0,0,0,0,0,0,0,0,0,0,0,0,0,0,0,0,0,0,0,0,0,0,0,0,0,0,0,0,0,0,0,0,0,0,0,0,0,0,0,0,0,0,0,0,0,0,0,0,0,0,0,0,0,0,0,0,0,0,0,0,0,0,0,0,0,0,0,0,0,0,0,0,0,0,0,0,0,0,0,0,0,0,0,0,0,0,0,0,0,0,0,0,0,0,0,0,0,0,0,0,0,0,0,0,0,0,0,0,0,0,0,0,0,0,0,0,0,0,0,0,0,0,0,0,0,0,0,0,0,0,0,0,0,0,0,0,0,0,0,0,0,0,0,0,0,0,0,0,0,0,0,0,0,0,0,0,0,0,0,0,0,0,0,0,0,0,0,0,0,0,0,0,0,0,0,0,0,0,0,0,0,0,0,0,0,0,0,0,0
"manyara/mbulu/masieda",0,0,0,0,0,0,0,0,0,0,0,0,0,0,0,0,0,0,0,0,0,0,0,0,0,0,0,0,0,0,0,0,0,0,0,0,0,0,0,0,0,0,0,0,0,0,0,0,0,0,0,0,0,0,0,0,0,0,0,0,0,0,0,0,0,0,0,0,0,0,0,0,0,0,0,0,0,0,0,0,0,0,0,0,0,0,0,0,0,0,0,0,0,0,0,0,0,0,0,0,0,0,0,0,0,0,0,0,0,0,0,0,0,0,0,0,0,0,0,0,0,0,0,0,0,0,0,0,0,0,0,0,0,0,0,0,0,0,0,0,0,0,0,0,0,0,0,0,0,0,0,0,0,0,0,0,0,0,0,0,0,0,0,0,0,0,0,0,0,0,0,0,0,0,0,0,0,0,0,0,0,0,0,0,0,0,0,0,0,0,0,0,0,0,0,0,0,0,0,0,0,0,0,0,0,0,0,0,0,0,0,0,0,0,0,0,0,0,0,0,0,0,0,0,0,0,0,0,0,0,0,0,0,0,0,0,0,0,0,0,0,0,0,0,0,0,0,0,0,0,0,0,0,0,0,0,0,0,0,0,0,0,0,0,0,0,0,0,0,0,0,0,0,0,0,0,0,0,0,0,0,0,0,0,0,0,0,0,0,0,0,0,0,0,0,0,0,0,0,0,0,0,0,0,0,0,0,0,0,0,0,0,0,0,0,0,0,0,0,0,0,0,0,0,0,0,0,0,0,0,0,0,0,0,0,0,0,0,0,0,0,0,0,0,0,0,0,0,0,0,0,0,0,0,0,0,0,0,0,0,0,0,0,0,0,0,0,0,0,0,0,0,0,0,0,0,0,0,0,0,0,0,0,0,0,0,0,0,0,0,0,0,0,0,0,0,0,0
"manyara/hanang/maskron",0,0,0,0,0,0,0,0,0,0,0,0,0,0,0,0,0,0,0,0,0,0,0,0,0,0,0,0,0,0,0,0,0,0,0,0,0,0,0,0,0,0,0,0,0,0,0,0,0,0,0,0,0,0,0,0,0,0,0,0,0,0,0,0,0,0,0,0,0,0,0,0,0,0,0,0,0,0,0,0,0,0,0,0,0,0,0,0,0,0,0,0,0,0,0,0,0,0,0,0,0,0,0,0,0,0,0,0,0,0,0,0,0,0,0,0,0,0,0,0,0,0,0,0,0,0,0,0,0,0,0,0,0,0,0,0,0,0,0,0,0,0,0,0,0,0,0,0,0,0,0,0,0,0,0,0,0,0,0,0,0,0,0,0,0,0,0,0,0,0,0,0,0,0,0,0,0,0,0,0,0,0,0,0,0,0,0,0,0,0,0,0,0,0,0,0,0,0,0,0,0,0,0,0,0,0,0,0,0,0,0,0,0,0,0,0,0,0,0,0,0,0,0,0,0,0,0,0,0,0,0,0,0,0,0,0,0,0,0,0,0,0,0,0,0,0,0,0,0,0,0,0,0,0,0,0,0,0,0,0,0,0,0,0,0,0,0,0,0,0,0,0,0,0,0,0,0,0,0,0,0,0,0,0,0,0,0,0,0,0,0,0,0,0,0,0,0,0,0,0,0,0,0,0,0,0,0,0,0,0,0,0,0,0,0,0,0,0,0,0,0,0,0,0,0,0,0,0,0,0,0,0,0,0,0,0,0,0,0,0,0,0,0,0,0,0,0,0,0,0,0,0,0,0,0,0,0,0,0,0,0,0,0,0,0,0,0,0,0,0,0,0,0,0,0,0,0,0,0,0,0,0,0,0,0,0,0,0,0,0,0,0,0,0,0,0,0,0
"manyara/hanang/masqaroda",0,0,0,0,0,0,0,0,0,0,0,0,0,0,0,0,0,0,0,0,0,0,0,0,0,0,0,0,0,0,0,0,0,0,0,0,0,0,0,0,0,0,0,0,0,0,0,0,0,0,0,0,0,0,0,0,0,0,0,0,0,0,0,0,0,0,0,0,0,0,0,0,0,0,0,0,0,0,0,0,0,0,0,0,0,0,0,0,0,0,0,0,0,0,0,0,0,0,0,0,0,0,0,0,0,0,0,0,0,0,0,0,0,0,0,0,0,0,0,0,0,0,0,0,0,0,0,0,0,0,0,0,0,0,0,0,0,0,0,0,0,0,0,0,0,0,0,0,0,0,0,0,0,0,0,0,0,0,0,0,0,0,0,0,0,0,0,0,0,0,0,0,0,0,0,0,0,0,0,0,0,0,0,0,0,0,0,0,0,0,0,0,0,0,0,0,0,0,0,0,0,0,0,0,0,0,0,0,0,0,0,0,0,0,0,0,0,0,0,0,0,0,0,0,0,0,0,0,0,0,0,0,0,0,0,0,0,0,0,0,0,0,0,0,0,0,0,0,0,0,0,0,0,0,0,0,0,0,0,0,0,0,0,0,0,0,0,0,0,0,0,0,0,0,0,0,0,0,0,0,0,0,0,0,0,0,0,0,0,0,0,0,0,0,0,0,0,0,0,0,0,0,0,0,0,0,0,0,0,0,0,0,0,0,0,0,0,0,0,0,0,0,0,0,0,0,0,0,0,0,0,0,0,0,0,0,0,0,0,0,0,0,0,0,0,0,0,0,0,0,0,0,0,0,0,0,0,0,0,0,0,0,0,0,0,0,0,0,0,0,0,0,0,0,0,0,0,0,0,0,0,0,0,0,0,0,0,0,0,0,0,0,0,0,0,0,0,0
"manyara/mbulu/masqaroda",0,0,0,0,0,0,0,0,0,0,0,0,0,0,0,0,0,0,0,0,0,0,0,0,0,0,0,0,0,0,0,0,0,0,0,0,0,0,0,0,0,0,0,0,0,0,0,0,0,0,0,0,0,0,0,0,0,0,0,0,0,0,0,0,0,0,0,0,0,0,0,0,0,0,0,0,0,0,0,0,0,0,0,0,0,0,0,0,0,0,0,0,0,0,0,0,0,0,0,0,0,0,0,0,0,0,0,0,0,0,0,0,0,0,0,0,0,0,0,0,0,0,0,0,0,0,0,0,0,0,0,0,0,0,0,0,0,0,0,0,0,0,0,0,0,0,0,0,0,0,0,0,0,0,0,0,0,0,0,0,0,0,0,0,0,0,0,0,0,0,0,0,0,0,0,0,0,0,0,0,0,0,0,0,0,0,0,0,0,0,0,0,0,0,0,0,0,0,0,0,0,0,0,0,0,0,0,0,0,0,0,0,0,0,0,0,0,0,0,0,0,0,0,0,0,0,0,0,0,0,0,0,0,0,0,0,0,0,0,0,0,0,0,0,0,0,0,0,0,0,0,0,0,0,0,0,0,0,0,0,0,0,0,0,0,0,0,0,0,0,0,0,0,0,0,0,0,0,0,0,0,0,0,0,0,0,0,0,0,0,0,0,0,0,0,0,0,0,0,0,0,0,0,0,0,0,0,0,0,0,0,0,0,0,0,0,0,0,0,0,0,0,0,0,0,0,0,0,0,0,0,0,0,0,0,0,0,0,0,0,0,0,0,0,0,0,0,0,0,0,0,0,0,0,0,0,0,0,0,0,0,0,0,0,0,0,0,0,0,0,0,0,0,0,0,0,0,0,0,0,0,0,0,0,0,0,0,0,0,0,0,0,0,0,0,0,0,0
"arusha/longido/matale",0,0,0,0,0,0,0,0,0,0,0,0,0,0,0,0,0,0,0,0,0,0,0,0,0,0,0,0,0,0,0,0,0,0,0,0,0,0,0,0,0,0,0,0,0,0,0,0,0,0,0,0,0,0,0,0,0,0,0,0,0,0,0,0,0,0,0,0,0,0,0,0,0,0,0,0,0,0,0,0,0,0,0,0,0,0,0,0,0,0,0,0,0,0,0,0,0,0,0,0,0,0,0,0,0,0,0,0,0,0,0,0,0,0,0,0,0,0,0,0,0,0,0,0,0,0,0,0,0,0,0,0,0,0,0,0,0,0,0,0,0,0,0,0,0,0,0,0,0,0,0,0,0,0,0,0,0,0,0,0,0,0,0,0,0,0,0,0,0,0,0,0,0,0,0,0,0,0,0,0,0,0,0,0,0,0,0,0,0,0,0,0,0,0,0,0,0,0,0,0,0,0,0,0,0,0,0,0,0,0,0,0,0,0,0,0,0,0,0,0,0,0,0,0,0,0,0,0,0,0,0,0,0,0,0,0,0,0,0,0,0,0,0,0,0,0,0,0,0,0,0,0,0,0,0,0,0,0,0,0,0,0,0,0,0,0,0,0,0,0,0,0,0,0,0,0,0,0,0,0,0,0,0,0,0,0,0,0,0,0,0,0,0,0,0,0,0,0,0,0,0,0,0,0,0,0,0,0,0,0,0,0,0,0,0,0,0,0,0,0,0,0,0,0,0,0,0,0,0,0,0,0,0,0,0,0,0,0,0,0,0,0,0,0,0,0,0,0,0,0,0,0,0,0,0,0,0,0,0,0,0,0,0,0,0,0,0,0,0,0,0,0,0,0,0,0,0,0,0,0,0,0,0,0,0,0,0,0,0,0,0,0,0,0,0,0,0,0
"arusha/arusha/mateves",0,0,0,0,0,0,0,0,0,0,0,0,0,0,0,0,0,0,0,0,0,0,0,0,0,0,0,0,0,0,0,0,0,0,0,0,0,0,0,0,0,0,0,0,0,0,0,0,0,0,0,0,0,0,0,0,0,0,0,0,0,0,0,0,0,0,0,0,0,0,0,0,0,0,0,0,0,0,0,0,0,0,0,0,0,0,0,0,0,0,0,0,0,0,0,0,0,0,0,0,0,0,0,0,0,0,0,0,0,0,0,0,0,0,0,0,0,0,0,0,0,0,0,0,0,0,0,0,0,0,0,0,0,0,0,0,0,0,0,0,0,0,0,0,0,0,0,0,0,0,0,0,0,0,0,0,0,0,0,0,0,0,0,0,0,0,0,0,0,0,0,0,0,0,0,0,0,0,0,0,0,0,0,0,0,0,0,0,0,0,0,0,0,0,0,0,0,0,0,0,0,0,0,0,0,0,0,0,0,0,0,0,0,0,0,0,0,0,0,0,0,0,0,0,0,0,0,0,0,0,0,0,0,0,0,0,0,0,0,0,0,0,0,0,0,0,0,0,0,0,0,0,0,0,0,0,0,0,0,0,0,0,0,0,0,0,0,0,0,0,0,0,0,0,0,0,0,0,0,0,0,0,0,0,0,0,0,0,0,0,0,0,0,0,0,0,0,0,0,0,0,0,0,0,0,0,0,0,0,0,0,0,0,0,0,0,0,0,0,0,0,0,0,0,0,0,0,0,0,0,0,0,0,0,0,0,0,0,0,0,0,0,0,0,0,0,0,0,0,0,0,0,0,0,0,0,0,0,0,0,0,0,0,0,0,0,0,0,0,0,0,0,0,0,0,0,0,0,0,0,0,0,0,0,0,0,0,0,0,0,0,0,0,0,0,0,0,0
"manyara/kiteto/matui",0,0,0,0,0,0,0,0,0,0,0,0,0,0,0,0,0,0,0,0,0,0,0,0,0,0,0,0,0,0,0,0,0,0,0,0,0,0,0,0,0,0,0,0,0,0,0,0,0,0,0,0,0,0,0,0,0,0,0,0,0,0,0,0,0,0,0,0,0,0,0,0,0,0,0,0,0,0,0,0,0,0,0,0,0,0,0,0,0,0,0,0,0,0,0,0,0,0,0,0,0,0,0,0,0,0,0,0,0,0,0,0,0,0,0,0,0,0,0,0,0,0,0,0,0,0,0,0,0,0,0,0,0,0,0,0,0,0,0,0,0,0,0,0,0,0,0,0,0,0,0,0,0,0,0,0,0,0,0,0,0,0,0,0,0,0,0,0,0,0,0,0,0,0,0,0,0,0,0,0,0,0,0,0,0,0,0,0,0,0,0,0,0,0,0,0,0,0,0,0,0,0,0,0,0,0,0,0,0,0,0,0,0,0,0,0,0,0,0,0,0,0,0,0,0,0,0,0,0,0,0,0,0,0,0,0,0,0,0,0,0,0,0,0,0,0,0,0,0,0,0,0,0,0,0,0,0,0,0,0,0,0,0,0,0,0,0,0,0,0,0,0,0,0,0,0,0,0,0,0,0,0,0,0,0,0,0,0,0,0,0,0,0,0,0,0,0,0,0,0,0,0,0,0,0,0,0,0,0,0,0,0,0,0,0,0,0,0,0,0,0,0,0,0,0,0,0,0,0,0,0,0,0,0,0,0,0,0,0,0,0,0,0,0,0,0,0,0,0,0,0,0,0,0,0,0,0,0,0,0,0,0,0,0,0,0,0,0,0,0,0,0,0,0,0,0,0,0,0,0,0,0,0,0,0,0,0,0,0,0,0,0,0,0,0,0,0,0
"kilimanjaro/moshimunicipal/mawenzi",0,0,0,0,0,0,0,0,0,0,0,0,0,0,0,0,0,0,0,0,0,0,0,0,0,0,0,0,0,0,0,0,0,0,0,0,0,0,0,0,0,0,0,0,0,0,0,0,0,0,0,0,0,0,0,0,0,0,0,0,0,0,0,0,0,0,0,0,0,0,0,0,0,0,0,0,0,0,0,0,0,0,0,0,0,0,0,0,0,0,0,0,0,0,0,0,0,0,0,0,0,0,0,0,0,0,0,0,0,0,0,0,0,0,0,0,0,0,0,0,0,0,0,0,0,0,0,0,0,0,0,0,0,0,0,0,0,0,0,0,0,0,0,0,0,0,0,0,0,0,0,0,0,0,0,0,0,0,0,0,0,0,0,0,0,0,0,0,0,0,0,0,0,0,0,0,0,0,0,0,0,0,0,0,0,0,0,0,0,0,0,0,0,0,0,0,0,0,0,0,0,0,0,0,0,0,0,0,0,0,0,0,0,0,0,0,0,0,0,0,0,0,0,0,0,0,0,0,0,0,0,0,0,0,0,0,0,0,0,0,0,0,0,0,0,0,0,0,0,0,0,0,0,0,0,0,0,0,0,0,0,0,0,0,0,0,0,0,0,0,0,0,0,0,0,0,0,0,0,0,0,0,0,0,0,0,0,0,0,0,0,0,0,0,0,0,0,0,0,0,0,0,0,0,0,0,0,0,0,0,0,0,0,0,0,0,0,0,0,0,0,0,0,0,0,0,0,0,0,0,0,0,0,0,0,0,0,0,0,0,0,0,0,0,0,0,0,0,0,0,0,0,0,0,0,0,0,0,0,0,0,0,0,0,0,0,0,0,0,0,0,0,0,0,0,0,0,0,0,0,0,0,0,0,0,0,0,0,0,0,0,0,0,0,0,0,0,0
"kilimanjaro/moshi/mbokomu",0,0,0,0,0,0,0,0,0,0,0,0,0,0,0,0,0,0,0,0,0,0,0,0,0,0,0,0,0,0,0,0,0,0,0,0,0,0,0,0,0,0,0,0,0,0,0,0,0,0,0,0,0,0,0,0,0,0,0,0,0,0,0,0,0,0,0,0,0,0,0,0,0,0,0,0,0,0,0,0,0,0,0,0,0,0,0,0,0,0,0,0,0,0,0,0,0,0,0,0,0,0,0,0,0,0,0,0,0,0,0,0,0,0,0,0,0,0,0,0,0,0,0,0,0,0,0,0,0,0,0,0,0,0,0,0,0,0,0,0,0,0,0,0,0,0,0,0,0,0,0,0,0,0,0,0,0,0,0,0,0,0,0,0,0,0,0,0,0,0,0,0,0,0,0,0,0,0,0,0,0,0,0,0,0,0,0,0,0,0,0,0,0,0,0,0,0,0,0,0,0,0,0,0,0,0,0,0,0,0,0,0,0,0,0,0,0,0,0,0,0,0,0,0,0,0,0,0,0,0,0,0,0,0,0,0,0,0,0,0,0,0,0,0,0,0,0,0,0,0,0,0,0,0,0,0,0,0,0,0,0,0,0,0,0,0,0,0,0,0,0,0,0,0,0,0,0,0,0,0,0,0,0,0,0,0,0,0,0,0,0,0,0,0,0,0,0,0,0,0,0,0,0,0,0,0,0,0,0,0,0,0,0,0,0,0,0,0,0,0,0,0,0,0,0,0,0,0,0,0,0,0,0,0,0,0,0,0,0,0,0,0,0,0,0,0,0,0,0,0,0,0,0,0,0,0,0,0,0,0,0,0,0,0,0,0,0,0,0,0,0,0,0,0,0,0,0,0,0,0,0,0,0,0,0,0,0,0,0,0,0,0,0,0,0,0,0,0
"arusha/meru/mbuguni",0,0,0,0,0,0,0,0,0,0,0,0,0,0,0,0,0,0,0,0,0,0,0,0,0,0,0,0,0,0,0,0,0,0,0,0,0,0,0,0,0,0,0,0,0,0,0,0,0,0,0,0,0,0,0,0,0,0,0,0,0,0,0,0,0,0,0,0,0,0,0,0,0,0,0,0,0,0,0,0,0,0,0,0,0,0,0,0,0,0,0,0,0,0,0,0,0,0,0,0,0,0,0,0,0,0,0,0,0,0,0,0,0,0,0,0,0,0,0,0,0,0,0,0,0,0,0,0,0,0,0,0,0,0,0,0,0,0,0,0,0,0,0,0,0,0,0,0,0,0,0,0,0,0,0,0,0,0,0,0,0,0,0,0,0,0,0,0,0,0,0,0,0,0,0,0,0,0,0,0,0,0,0,0,0,0,0,0,0,0,0,0,0,0,0,0,0,0,0,0,0,0,0,0,0,0,0,0,0,0,0,0,0,0,0,0,0,0,0,0,0,0,0,0,0,0,0,0,0,0,0,0,0,0,0,0,0,0,0,0,0,0,0,0,0,0,0,0,0,0,0,0,0,0,0,0,0,0,0,0,0,0,0,0,0,0,0,0,0,0,0,0,0,0,0,0,0,0,0,0,0,0,0,0,0,0,0,0,0,0,0,0,0,0,0,0,0,0,0,0,0,0,0,0,0,0,0,0,0,0,0,0,0,0,0,0,0,0,0,0,0,0,0,0,0,0,0,0,0,0,0,0,0,0,0,0,0,0,0,0,0,0,0,0,0,0,0,0,0,0,0,0,0,0,0,0,0,0,0,0,0,0,0,0,0,0,0,0,0,0,0,0,0,0,0,0,0,0,0,0,0,0,0,0,0,0,0,0,0,0,0,0,0,0,0,0,0,0
"arusha/karatu/mbulumbulu",0.000151,0.000437,8e-06,0.000645,6e-06,0.000337,5e-06,7e-06,3e-06,0.001098,1.7e-05,2e-06,0.000129,0.001868,0.000352,2.3e-05,1.1e-05,2.8e-05,4e-06,1.4e-05,4e-06,9.3e-05,3e-06,7e-06,4e-06,2e-06,6e-06,3.4e-05,1e-06,5e-06,0.000447,5e-06,2e-06,4e-06,0.000354,1e-05,0.000195,0.000251,6.6e-05,0.000506,7e-06,2e-06,2e-04,0.000239,3.2e-05,4e-06,0.000363,0.049529,0.002722,9.6e-05,1.2e-05,5.8e-05,0.000137,7e-06,0.000145,2e-06,1.4e-05,1e-05,0.000154,0.016229,0.000724,0.014955,0.001364,1.4e-05,0,0.001193,0.001303,5e-06,0.001858,0.000811,0.000168,0,2.2e-05,0.000232,1.1e-05,0.002093,0.000439,2e-06,2e-06,3e-06,1e-06,1.5e-05,5e-06,3e-06,7e-06,1e-05,0.003264,4e-06,0.000148,0.000695,1e-06,4e-06,0.002129,0.001065,0.000215,0.000759,0.000228,2e-06,0.00104,0.000251,1e-05,1.8e-05,0.000135,0.000311,3.7e-05,0.001941,3.2e-05,0.000257,0.000176,0.027485,0.000158,0.000737,7.2e-05,7e-06,1.1e-05,7e-06,0.001173,3e-06,0.001353,0.000141,7.7e-05,0.002621,6e-06,2.2e-05,2e-06,5.4e-05,0.000161,0.007027,0.000486,9e-06,7e-06,0.000245,0.000454,5.7e-05,2e-06,0.001057,6.8e-05,0.000157,0.007198,0.000434,0.00027,3e-06,0.000418,4e-05,1.5e-05,0.000312,1.4e-05,0.000544,0.000472,0.000149,7e-06,5e-06,1.1e-05,6e-06,0.000238,0.017148,3.2e-05,0.000313,2.2e-05,0.020049,6.5e-05,0.001436,3e-06,1.5e-05,3e-06,2e-06,8.7e-05,0.000163,0.002059,3.4e-05,5.6e-05,0.017159,0.03339,0.000118,5.8e-05,0.000252,0.005924,2.2e-05,0.000416,9.2e-05,2e-06,0.000102,0.000387,6.3e-05,0.003036,0.051278,6e-06,1.2e-05,0.001482,0.000471,0.000109,5.8e-05,0.000431,8e-06,0.001086,8e-06,7e-06,7e-06,0.000468,0.000345,0.002578,6.2e-05,0.000224,9e-06,0.000616,8.1e-05,0.003607,0.010968,0.002447,1e-05,8e-06,2.1e-05,0.001165,3e-06,1.3e-05,5.7e-05,1.3e-05,0.005458,5.2e-05,0.000315,7e-06,1.1e-05,3e-06,1.3e-05,0.0019,4.6e-05,0.002741,1.9e-05,7.2e-05,2e-06,2e-06,1.3e-05,0.006121,0.004798,2.2e-05,1e-06,1.1e-05,0.000378,0,6e-06,0.000191,0.052241,4e-06,0.006713,3e-06,7e-06,2.5e-05,0.00127,4e-06,0.000187,0.011094,0.029979,6.2e-05,0.002562,0.000389,0.000111,9e-06,3.2e-05,6e-06,4e-06,3e-06,0.000145,2.8e-05,3e-06,0.038048,0.00014,1e-05,0.005933,4e-06,0.000314,0.004883,0.00085,5e-06,4e-06,0.003226,1.7e-05,0.000126,0.000401,1.4e-05,0.005441,6.5e-05,0.000171,0.02525,3e-05,5e-06,9e-06,1e-06,2.2e-05,9e-06,1.1e-05,2.3e-05,0.000143,1e-05,0.005836,0.000101,0.000277,0.003383,6e-05,0.000163,0.002984,3e-06,2e-06,7e-06,6e-05,5e-06,0.008713,0.000222,2.5e-05,1.7e-05,1e-05,0.003599,0.001426,1.4e-05,6e-06,6.6e-05,7.4e-05,5e-05,0.008492,0.002032,0.003417,0.000298,0.005285,0.000283,0.001425,0.03105,0.000952,0.001366,8.3e-05,7.6e-05,0.00086,0.00114,0.000608,0.037013,0.002712,0.000334,6e-06,3.5e-05,0.000281,0.006126,1.8e-05,0.000101,6e-06,0.000303,8e-06,0.000541,8.1e-05,0.00042,0.001438,0.00043,0.000458,6e-06,0.000767,8.1e-05,0.01328,0.0266,0.00299,0.000626,2.7e-05,1.3e-05,0.000104,6e-06,2e-06,5e-06,1e-06,5.9e-05,0.008421,0.002426,0.005776,7e-06,0.000755,3.9e-05,1e-06,4e-06,1.4e-05,1.8e-05,0.000505,0.000249,1.9e-05,0.003854,7e-06,2e-06,7e-06,0.004145,4.4e-05,6e-06,0.000243,9e-06,0.001023,0.000181,6e-06,0.002505,7e-06,4e-06,8e-06,1e-06,2e-06,8e-06,7e-06
"kilimanjaro/rombo/mengwe",0,0,0,0,0,0,0,0,0,0,0,0,0,0,0,0,0,0,0,0,0,0,0,0,0,0,0,0,0,0,0,0,0,0,0,0,0,0,0,0,0,0,0,0,0,0,0,0,0,0,0,0,0,0,0,0,0,0,0,0,0,0,0,0,0,0,0,0,0,0,0,0,0,0,0,0,0,0,0,0,0,0,0,0,0,0,0,0,0,0,0,0,0,0,0,0,0,0,0,0,0,0,0,0,0,0,0,0,0,0,0,0,0,0,0,0,0,0,0,0,0,0,0,0,0,0,0,0,0,0,0,0,0,0,0,0,0,0,0,0,0,0,0,0,0,0,0,0,0,0,0,0,0,0,0,0,0,0,0,0,0,0,0,0,0,0,0,0,0,0,0,0,0,0,0,0,0,0,0,0,0,0,0,0,0,0,0,0,0,0,0,0,0,0,0,0,0,0,0,0,0,0,0,0,0,0,0,0,0,0,0,0,0,0,0,0,0,0,0,0,0,0,0,0,0,0,0,0,0,0,0,0,0,0,0,0,0,0,0,0,0,0,0,0,0,0,0,0,0,0,0,0,0,0,0,0,0,0,0,0,0,0,0,0,0,0,0,0,0,0,0,0,0,0,0,0,0,0,0,0,0,0,0,0,0,0,0,0,0,0,0,0,0,0,0,0,0,0,0,0,0,0,0,0,0,0,0,0,0,0,0,0,0,0,0,0,0,0,0,0,0,0,0,0,0,0,0,0,0,0,0,0,0,0,0,0,0,0,0,0,0,0,0,0,0,0,0,0,0,0,0,0,0,0,0,0,0,0,0,0,0,0,0,0,0,0,0,0,0,0,0,0,0,0,0,0,0,0,0,0,0,0,0,0,0,0,0,0,0,0,0,0,0,0,0,0,0,0
"manyara/simanjiro/mererani",9.1e-05,1e-06,4e-06,3e-06,0,0.000516,0,0,0,2.3e-05,0,0,4.6e-05,0.000785,3e-06,0,0,0,0,0,1e-06,4.6e-05,0,8e-06,1e-06,2e-06,0,0,0,1e-06,0.001041,0,0,2e-06,1e-06,0,5.9e-05,3e-06,0,6e-06,0,0,1e-05,2e-06,1e-06,0,3e-06,0.011573,0.000238,0,0,0,0,0,2e-06,0,0.001328,0,4.3e-05,5.3e-05,1.4e-05,2.1e-05,6.6e-05,1e-06,0,0.000518,5.3e-05,0,4e-06,2.3e-05,0,0,1e-05,2e-06,0,1.5e-05,2e-06,0,0,0,0,0,0,0,0,0,0.005805,0,2e-06,9.6e-05,0,0,0.00109,0.000261,1e-06,6e-06,0.00014,1e-06,0.001109,2e-04,0,0,2.3e-05,8.5e-05,3.9e-05,0.000424,0,0.000276,7.6e-05,2.1e-05,9.7e-05,0.00031,1e-06,2e-06,5e-06,3e-06,0.00371,0,0.001187,8.4e-05,3.8e-05,0.001591,3e-06,1.3e-05,1e-06,9e-06,1e-05,0.008503,0.001079,5e-06,4e-06,0.000116,0.000328,5.8e-05,1e-06,0.000378,1.4e-05,0.000122,0.000367,0.000419,0.000391,1e-06,9.6e-05,3.5e-05,5e-06,0.000169,0,0.00044,0.000313,0.000102,3e-06,3e-06,4e-06,2e-06,5.3e-05,0.001446,7e-06,3e-06,3e-06,0.020674,3.9e-05,0.000324,4e-06,7e-06,0,0,8.5e-05,0.000102,0.000743,2.3e-05,3e-06,9.3e-05,0.008973,4.9e-05,2.9e-05,2.1e-05,0.000188,1e-06,0.000397,9e-06,0,1e-06,7.5e-05,7.6e-05,0.002106,0.099792,3e-06,6e-06,0.001343,0.000388,0.000169,1e-06,2e-06,0,1.4e-05,1e-06,4e-06,0,0.000448,0,0.002833,6e-06,3.9e-05,8e-05,0.000286,6.4e-05,0.002245,5.9e-05,1e-05,5e-06,5e-06,0,0.000536,2e-06,0,1.1e-05,0,0.001894,3e-05,0.000181,0,3.1e-05,0,9e-06,0.002307,3.6e-05,0.001811,4e-05,0,0,0,0,0.000101,0.000849,1e-06,1e-06,8e-06,0.00172,9e-06,3e-06,0,0.003928,4e-06,0.0024,1e-06,7e-06,2.4e-05,0.000955,0,3.3e-05,0.002976,0.000543,2e-06,0.00124,0.00012,2.3e-05,4e-06,2e-05,6e-06,1e-06,1e-06,0.000195,0,1e-06,2.4e-05,3e-06,0,0.000438,0,5e-06,0.000393,0.000663,3e-06,1e-06,0.001783,9e-06,2.4e-05,0.000126,0,2e-06,0.000334,0,0.001382,0,0,0,0,8e-06,0,7e-06,2e-06,3.8e-05,2e-06,0.008222,9.1e-05,1e-04,0.000696,1.5e-05,0.000148,5e-06,1e-06,1e-06,7e-06,2.7e-05,0,5.8e-05,0.000101,1.8e-05,8e-06,6e-06,0.000475,3e-06,1e-06,5e-06,4.8e-05,0,0,0.00091,0.000778,0.000941,0.000119,0.000583,0.000362,0.000252,0.003899,8e-06,1.1e-05,3.1e-05,1e-06,0.000156,0.000327,7.9e-05,0.001403,3.7e-05,6.3e-05,0,3.9e-05,2e-06,0.004337,1e-06,0,6e-06,0,0,0.000195,1.3e-05,4e-06,0.00026,0.000171,5e-06,0,0.000465,4.8e-05,0.004039,2.9e-05,7.8e-05,0.001124,1.7e-05,6e-06,0.00012,0,0,0,0,1e-06,0.002884,0.000527,0.001425,0,0.000356,4.3e-05,0,1e-06,1e-06,6e-06,0.000198,3.8e-05,7e-06,0.000327,0,1e-06,0,0.001451,1e-06,0,6.6e-05,6e-06,0.000855,0.000126,4e-06,0.002763,3e-06,1e-06,2e-06,0,0,0,0
"arusha/monduli/meserani",0.0403,0.002327,0.000887,0.004716,0.000319,0.052342,0.00017,0.000242,0.000247,0.080007,0.001231,0.000115,0.03128,0.393028,0.008227,0.000707,0.000191,0.000711,9.7e-05,0.000331,0.000387,0.007188,0.000232,0.001073,0.000366,0.000334,0.00049,0.000796,6.2e-05,0.000526,0.109302,0.000377,0.000216,0.000469,0.001763,0.000258,0.062117,0.006988,0.000901,0.010342,0.000251,6.2e-05,0.007577,0.004888,0.001241,0.000272,0.009749,0.991531,0.579293,0.00067,0.000218,0.000656,0.001457,0.000254,0.004565,0.00011,0.003667,0.001343,0.021137,0.096541,0.013871,0.054475,0.091506,0.001128,8e-06,0.337511,0.251534,0.000152,0.036614,0.053954,0.000839,2.6e-05,0.002989,0.007936,0.000297,0.021645,0.005554,9e-05,9.5e-05,0.000131,7.6e-05,0.000533,0.000194,0.000161,0.000412,0.000153,0.395567,0.000148,0.002819,0.033809,8.5e-05,8.1e-05,0.207915,0.191347,0.003726,0.0241,0.031045,0.000273,0.137115,0.032803,0.000378,0.000303,0.012041,0.089983,0.005377,0.156317,0.000619,0.03682,0.025716,0.07519,0.02144,0.075951,0.002075,0.002383,0.001194,0.000828,0.194633,0.000268,0.164265,0.017532,0.005165,0.265215,0.000721,0.002749,0.00028,0.004915,0.00698,0.481206,0.127608,0.001049,0.000849,0.01547,0.056865,0.008233,2e-04,0.260569,0.017551,0.020529,0.298753,0.059955,0.049633,0.000287,0.116159,0.005575,0.001487,0.037302,0.000389,0.069148,0.057111,0.018662,0.000797,0.000684,0.001154,0.000652,0.022143,0.962633,0.001589,0.004764,0.002416,0.84684,0.00798,0.218354,0.000511,0.001765,6.2e-05,0.000115,0.012806,0.027354,0.479074,0.004556,0.00231,0.529301,0.980792,0.016761,0.007524,0.024264,0.74188,0.001257,0.05682,0.008239,0.000171,0.001747,0.037902,0.009375,0.314486,0.939132,0.000766,0.001445,0.184676,0.064251,0.017277,0.002857,0.007329,0.000151,0.050658,0.000597,0.000834,0.000496,0.06325,0.001102,0.396013,0.008114,0.012028,0.002108,0.065722,0.013006,0.333639,0.468104,0.024749,0.001114,0.000989,0.001391,0.118194,0.000384,0.000217,0.005226,0.000335,0.389605,0.006231,0.03684,0.000148,0.002616,0.000186,0.001786,0.248196,0.006702,0.292128,0.003333,0.00165,0.000115,0.000109,0.000198,0.145733,0.826062,0.001775,8.8e-05,0.001385,0.055907,0.034465,0.00069,0.047862,0,0.000538,0.323752,0.000291,0.001041,0.003595,0.32379,0.000192,0.166575,0.866771,0.650278,0.014087,0.51713,0.038372,0.01071,0.000987,0.004044,0.000822,0.000377,0.000273,0.012893,0.00373,0.00032,0.112609,0.004651,0.000465,0.724806,0.000298,0.029705,0.560839,0.107676,0.000646,4e-04,0.297237,0.001968,0.011863,0.041624,0.000615,0.009796,0.01378,0.000909,0.656563,0.00123,0.000194,0.000387,8e-05,0.002304,0.000423,0.00166,0.002437,0.015063,0.000916,0.758113,0.013827,0.032677,0.221904,0.018884,0.026595,0.019974,0.000317,0.000219,0.000996,0.007462,0.000461,0.265827,0.05721,0.005771,0.004307,0.001283,0.474013,0.005854,0.001197,0.000788,0.008551,0.000546,0.000532,0.402526,0.184805,0.591359,0.167585,0.55378,0.046562,0.116262,0.901145,0.009874,0.013445,0.026358,0.001935,0.214713,0.250356,0.141247,0.606034,0.058191,0.024165,0.000255,0.005152,0.004435,0.692356,0.002274,0.000742,0.000847,0.001228,0.000252,0.06527,0.007741,0.006945,0.231937,0.050008,0.00863,0.000223,0.103798,0.020413,0.903351,0.134975,0.66711,0.08721,0.003504,0.001441,0.015369,0.000401,7.6e-05,0.000395,9.4e-05,0.001371,0.795563,0.346582,0.769964,0.000533,0.138229,0.005765,0.000146,0.000423,0.000574,0.001842,0.208984,0.062496,0.006457,0.144897,0.000233,0.000257,0.000284,0.321894,0.00203,0.000211,0.076515,0.001123,0.12756,0.023007,0.000768,0.432359,0.000729,0.000393,0.000748,0.000147,0.000146,0.000305,0.000197
"kilimanjaro/moshimunicipal/mfumuni",0,0,0,0,0,0,0,0,0,0,0,0,0,0,0,0,0,0,0,0,0,0,0,0,0,0,0,0,0,0,0,0,0,0,0,0,0,0,0,0,0,0,0,0,0,0,0,0,0,0,0,0,0,0,0,0,0,0,0,0,0,0,0,0,0,0,0,0,0,0,0,0,0,0,0,0,0,0,0,0,0,0,0,0,0,0,0,0,0,0,0,0,0,0,0,0,0,0,0,0,0,0,0,0,0,0,0,0,0,0,0,0,0,0,0,0,0,0,0,0,0,0,0,0,0,0,0,0,0,0,0,0,0,0,0,0,0,0,0,0,0,0,0,0,0,0,0,0,0,0,0,0,0,0,0,0,0,0,0,0,0,0,0,0,0,0,0,0,0,0,0,0,0,0,0,0,0,0,0,0,0,0,0,0,0,0,0,0,0,0,0,0,0,0,0,0,0,0,0,0,0,0,0,0,0,0,0,0,0,0,0,0,0,0,0,0,0,0,0,0,0,0,0,0,0,0,0,0,0,0,0,0,0,0,0,0,0,0,0,0,0,0,0,0,0,0,0,0,0,0,0,0,0,0,0,0,0,0,0,0,0,0,0,0,0,0,0,0,0,0,0,0,0,0,0,0,0,0,0,0,0,0,0,0,0,0,0,0,0,0,0,0,0,0,0,0,0,0,0,0,0,0,0,0,0,0,0,0,0,0,0,0,0,0,0,0,0,0,0,0,0,0,0,0,0,0,0,0,0,0,0,0,0,0,0,0,0,0,0,0,0,0,0,0,0,0,0,0,0,0,0,0,0,0,0,0,0,0,0,0,0,0,0,0,0,0,0,0,0,0,0,0,0,0,0,0,0,0,0,0,0,0,0,0,0,0,0,0,0,0,0,0,0,0,0,0,0,0
"kilimanjaro/mwanga/mgagao",0.00211,0.00011,0.001661,0.000949,1.8e-05,0.097725,7e-06,9e-06,1.6e-05,0.003958,6.5e-05,1.3e-05,0.001362,0.020356,0.000594,2.6e-05,2.4e-05,9.9e-05,1.8e-05,6.8e-05,0.00121,0.003165,1.6e-05,0.001274,0.002484,0.000377,2.9e-05,2.1e-05,1.9e-05,0.002736,0.009306,0.000107,0.001605,0.02017,0.000135,3.9e-05,0.001719,0.000873,6.5e-05,0.001267,1.7e-05,1.3e-05,0.00576,0.000609,0.000733,1.8e-05,0.000276,0.297048,0.020921,4.4e-05,1.8e-05,3.2e-05,3.4e-05,2.1e-05,0.000717,9e-06,0.000764,4.9e-05,0.030938,0.015206,0.002812,0.003404,0.005065,0.000364,1e-06,0.012765,0.002889,1.3e-05,0.000455,0.004972,2.5e-05,3e-06,0.000671,0.000256,6.9e-05,0.003169,0.000288,8e-06,1.1e-05,1.3e-05,6e-06,7.8e-05,1.3e-05,2e-05,3.5e-05,1.3e-05,0.210402,1.3e-05,0.000551,0.223433,8e-06,1.9e-05,0.496924,0.009405,0.000138,0.001005,0.009728,0.004002,0.338621,0.112785,1.4e-05,2.4e-05,0.048306,0.002613,0.00669,0.068627,2.2e-05,0.03401,0.003591,0.004043,0.007142,0.087836,0.00041,6.4e-05,0.001751,0.001624,0.079266,8.2e-05,0.200439,0.012292,0.006405,0.216092,0.012938,0.070515,0.00832,0.018318,0.006596,0.191667,0.012053,0.001527,0.001461,0.073415,0.263082,0.008335,0.017318,0.010484,0.000502,0.029523,0.044396,0.045882,0.009945,0.001218,0.00317,0.004449,0.001991,0.643613,3.5e-05,0.135059,0.084268,0.037603,0.001061,0.016186,0.001905,0.014249,0.172755,0.061173,0.004012,0.000445,0.001964,0.861031,0.063529,0.034985,0.000555,0.147389,1.4e-05,1.5e-05,0.094665,0.003711,0.019768,0.150922,0.002104,0.010001,0.23248,0.059541,0.002269,0.005128,0.020563,0.000125,0.053819,0.004796,0.000932,0.000199,0.118819,0.015752,0.185704,0.947802,0.000341,0.000792,0.117064,0.03191,0.016143,0.000165,0.000358,2.5e-05,0.002822,0.000205,0.002192,2.1e-05,0.072242,2e-05,0.057893,0.001698,0.122554,0.000424,0.10072,0.002699,0.678179,0.006956,0.001902,0.002026,0.002071,8.3e-05,0.278315,0.000788,1.2e-05,0.027492,1.1e-05,0.512154,0.009674,0.068601,2.3e-05,0.000341,1.3e-05,0.000696,0.117889,0.00234,0.143339,0.002489,7.8e-05,1e-05,8e-06,2.1e-05,0.016264,0.028994,0.000485,9.8e-05,0.00164,0.013068,0.001503,0.001499,0.011459,0.132336,0.000584,0,0.003713,0.001243,0.004373,0.018471,1.9e-05,0.001215,0.087926,0.049285,0.000132,0.029279,0.021995,0.056018,0.001514,0.051733,0.001056,0.004388,0.002412,0.051961,2.7e-05,0.001935,0.004043,0.000344,2.1e-05,0.020102,1.2e-05,6e-04,0.018493,0.646397,0.00777,0.004332,0.553322,0.003924,0.052942,0.038847,2.1e-05,0.00031,0.009603,3.7e-05,0.164636,5.2e-05,0.000137,3.8e-05,8e-06,0.00222,2.9e-05,0.000438,0.000842,0.003881,0.004266,0.106941,0.018394,0.008161,0.042174,0.000473,0.137359,0.000901,0.00081,0.009242,0.001157,0.386422,0.000135,0.009543,0.002653,0.000441,0.000219,0.000839,0.022737,0.000722,0.000289,0.001224,0.010996,2e-05,0.000125,0.063746,0.222504,0.035793,0.004122,0.026212,0.013878,0.030309,0.179944,0.002607,0.003348,0.000841,0.000301,0.005573,0.010184,0.003197,0.171005,0.008209,0.048674,0.000168,0.005975,0.000376,0.091749,0.00013,2.2e-05,0.000891,2.7e-05,3e-05,0.377522,0.014468,0.000721,0.010408,0.729603,0.001018,8e-06,0.025232,0.001172,0.110794,0.003906,0.004629,0.040713,0.06713,0.002612,0.01541,2e-05,1.4e-05,2.1e-05,9e-06,0.000199,0.07982,0.021087,0.043399,0.000173,0.010861,0.00592,0.002548,0.002441,0.000472,0.001555,0.005111,0.003328,0.000188,0.043829,1.1e-05,0.009101,1.6e-05,0.349242,0.000164,8e-06,0.002005,0.001016,0.118113,0.024936,0.000783,0.048439,0.000963,0.003907,0.005443,0.005073,0.000505,1.7e-05,1.3e-05
"kilimanjaro/same/mhezi",0,0,0,0,0,0,0,0,0,0,0,0,0,0,0,0,0,0,0,0,0,0,0,0,0,0,0,0,0,0,0,0,0,0,0,0,0,0,0,0,0,0,0,0,0,0,0,0,0,0,0,0,0,0,0,0,0,0,0,0,0,0,0,0,0,0,0,0,0,0,0,0,0,0,0,0,0,0,0,0,0,0,0,0,0,0,0,0,0,0,0,0,0,0,0,0,0,0,0,0,0,0,0,0,0,0,0,0,0,0,0,0,0,0,0,0,0,0,0,0,0,0,0,0,0,0,0,0,0,0,0,0,0,0,0,0,0,0,0,0,0,0,0,0,0,0,0,0,0,0,0,0,0,0,0,0,0,0,0,0,0,0,0,0,0,0,0,0,0,0,0,0,0,0,0,0,0,0,0,0,0,0,0,0,0,0,0,0,0,0,0,0,0,0,0,0,0,0,0,0,0,0,0,0,0,0,0,0,0,0,0,0,0,0,0,0,0,0,0,0,0,0,0,0,0,0,0,0,0,0,0,0,0,0,0,0,0,0,0,0,0,0,0,0,0,0,0,0,0,0,0,0,0,0,0,0,0,0,0,0,0,0,0,0,0,0,0,0,0,0,0,0,0,0,0,0,0,0,0,0,0,0,0,0,0,0,0,0,0,0,0,0,0,0,0,0,0,0,0,0,0,0,0,0,0,0,0,0,0,0,0,0,0,0,0,0,0,0,0,0,0,0,0,0,0,0,0,0,0,0,0,0,0,0,0,0,0,0,0,0,0,0,0,0,0,0,0,0,0,0,0,0,0,0,0,0,0,0,0,0,0,0,0,0,0,0,0,0,0,0,0,0,0,0,0,0,0,0,0,0,0,0,0,0,0,0,0,0,0,0,0,0,0,0,0,0,0,0
"kilimanjaro/moshimunicipal/miembeni",0,0,0,0,0,0,0,0,0,0,0,0,0,0,0,0,0,0,0,0,0,0,0,0,0,0,0,0,0,0,0,0,0,0,0,0,0,0,0,0,0,0,0,0,0,0,0,0,0,0,0,0,0,0,0,0,0,0,0,0,0,0,0,0,0,0,0,0,0,0,0,0,0,0,0,0,0,0,0,0,0,0,0,0,0,0,0,0,0,0,0,0,0,0,0,0,0,0,0,0,0,0,0,0,0,0,0,0,0,0,0,0,0,0,0,0,0,0,0,0,0,0,0,0,0,0,0,0,0,0,0,0,0,0,0,0,0,0,0,0,0,0,0,0,0,0,0,0,0,0,0,0,0,0,0,0,0,0,0,0,0,0,0,0,0,0,0,0,0,0,0,0,0,0,0,0,0,0,0,0,0,0,0,0,0,0,0,0,0,0,0,0,0,0,0,0,0,0,0,0,0,0,0,0,0,0,0,0,0,0,0,0,0,0,0,0,0,0,0,0,0,0,0,0,0,0,0,0,0,0,0,0,0,0,0,0,0,0,0,0,0,0,0,0,0,0,0,0,0,0,0,0,0,0,0,0,0,0,0,0,0,0,0,0,0,0,0,0,0,0,0,0,0,0,0,0,0,0,0,0,0,0,0,0,0,0,0,0,0,0,0,0,0,0,0,0,0,0,0,0,0,0,0,0,0,0,0,0,0,0,0,0,0,0,0,0,0,0,0,0,0,0,0,0,0,0,0,0,0,0,0,0,0,0,0,0,0,0,0,0,0,0,0,0,0,0,0,0,0,0,0,0,0,0,0,0,0,0,0,0,0,0,0,0,0,0,0,0,0,0,0,0,0,0,0,0,0,0,0,0,0,0,0,0,0,0,0,0,0,0,0,0,0,0,0,0,0,0
"kilimanjaro/moshimunicipal/mjimpya",0,0,0,0,0,0,0,0,0,0,0,0,0,0,0,0,0,0,0,0,0,0,0,0,0,0,0,0,0,0,0,0,0,0,0,0,0,0,0,0,0,0,0,0,0,0,0,0,0,0,0,0,0,0,0,0,0,0,0,0,0,0,0,0,0,0,0,0,0,0,0,0,0,0,0,0,0,0,0,0,0,0,0,0,0,0,0,0,0,0,0,0,0,0,0,0,0,0,0,0,0,0,0,0,0,0,0,0,0,0,0,0,0,0,0,0,0,0,0,0,0,0,0,0,0,0,0,0,0,0,0,0,0,0,0,0,0,0,0,0,0,0,0,0,0,0,0,0,0,0,0,0,0,0,0,0,0,0,0,0,0,0,0,0,0,0,0,0,0,0,0,0,0,0,0,0,0,0,0,0,0,0,0,0,0,0,0,0,0,0,0,0,0,0,0,0,0,0,0,0,0,0,0,0,0,0,0,0,0,0,0,0,0,0,0,0,0,0,0,0,0,0,0,0,0,0,0,0,0,0,0,0,0,0,0,0,0,0,0,0,0,0,0,0,0,0,0,0,0,0,0,0,0,0,0,0,0,0,0,0,0,0,0,0,0,0,0,0,0,0,0,0,0,0,0,0,0,0,0,0,0,0,0,0,0,0,0,0,0,0,0,0,0,0,0,0,0,0,0,0,0,0,0,0,0,0,0,0,0,0,0,0,0,0,0,0,0,0,0,0,0,0,0,0,0,0,0,0,0,0,0,0,0,0,0,0,0,0,0,0,0,0,0,0,0,0,0,0,0,0,0,0,0,0,0,0,0,0,0,0,0,0,0,0,0,0,0,0,0,0,0,0,0,0,0,0,0,0,0,0,0,0,0,0,0,0,0,0,0,0,0,0,0,0,0,0,0,0
"arusha/arusha/mlangarini",8.9e-05,0,0,0,0,1.2e-05,0,0,0,2e-06,0,0,2.6e-05,0.00086,0,0,0,0,0,0,0,4e-06,0,0,0,0,0,0,0,0,0.000188,0,0,0,0,0,4.9e-05,0,0,1e-06,0,0,1e-06,0,0,0,1e-06,0.007174,2.3e-05,0,0,0,0,0,0,0,2e-06,0,2e-06,5e-06,2e-06,3e-06,1.1e-05,0,0,0.000753,1.4e-05,0,1e-06,2e-06,0,0,1e-06,0,0,2e-06,0,0,0,0,0,0,0,0,0,0,0.000198,0,0,4e-06,0,0,4.4e-05,1e-04,0,1e-06,1e-05,0,3.2e-05,7e-06,0,0,1e-06,6e-05,1e-06,3.2e-05,0,1e-05,1e-05,3e-06,6e-06,1.5e-05,0,2e-06,0,0,9e-05,0,4.4e-05,4e-06,2e-06,7.7e-05,0,0,0,0,1e-06,0.000744,0.000209,0,0,4e-06,1.1e-05,2e-06,0,0.000355,7e-06,5e-06,4.4e-05,1.7e-05,2.7e-05,0,5.8e-05,1e-06,0,6e-06,0,1.5e-05,1.3e-05,4e-06,0,0,0,0,2e-06,0.000475,0,0,0,0.000732,1e-06,2e-05,0,0,0,0,2e-06,1.3e-05,0.000816,1e-06,0,1.7e-05,0.006331,2e-06,2e-06,1e-06,2.3e-05,0,1.5e-05,1e-06,0,0,4e-06,2e-06,0.00011,0.00363,0,0,5.9e-05,1.9e-05,5e-06,0,0,0,1e-06,0,0,0,1.6e-05,0,0.000487,0,2e-06,1e-06,1.3e-05,5e-06,8.4e-05,9e-06,1e-06,0,0,0,2.3e-05,0,0,1e-06,0,9.5e-05,1e-06,7e-06,0,2e-06,0,1e-06,0.000101,2e-06,0.000104,1e-06,0,0,0,0,1.2e-05,0.000375,0,0,0,5.2e-05,1e-06,0,2e-05,0.000722,0,8.3e-05,0,0,1e-06,0,0,9e-06,0.001965,0.000116,1e-06,0.002415,8e-06,1e-06,0,1e-06,0,0,0,4e-06,0,0,3e-06,0,0,0.000139,0,1e-06,0.000121,2e-05,0,0,7.2e-05,0,1e-06,5e-06,0,0,4e-06,0,0.000157,0,0,0,0,0,0,1e-06,0,3e-06,0,0.004554,3e-06,9e-06,0.000135,1e-05,4e-06,1e-06,0,0,0,1e-06,0,7e-06,8e-05,6e-06,5e-06,0,0.000249,0,0,0,2e-06,0,0,0.000196,3.9e-05,0.000269,1.4e-05,0.000182,1.9e-05,2.3e-05,0.001741,1e-06,1e-06,3.4e-05,0,7.8e-05,0.000203,3.1e-05,0.000194,4e-06,3e-06,0,1e-06,0,0.002397,0,0,0,0,0,7e-06,1e-06,0,8.9e-05,6e-06,0,0,3.8e-05,3e-05,0.003174,5e-06,1.7e-05,2.4e-05,1e-06,0,4e-06,0,0,0,0,0,0.002063,0.000456,0.00097,0,0.000104,1e-06,0,0,0,0,0.000131,3e-06,7e-06,3.8e-05,0,0,0,7.7e-05,0,0,4.8e-05,0,3.5e-05,5e-06,0,0.001048,0,0,0,0,0,0,0
"manyara/hanang/mogitu",0.000176,7.6e-05,2.3e-05,0.000408,0.00035,0.000919,4.2e-05,4.7e-05,0.000275,0.031955,0.000789,0.002498,0.000131,0.002003,0.003275,0.000126,0.00022,0.003192,0.000772,0.003728,2.5e-05,0.000102,0.00025,1.8e-05,2e-05,6e-06,0.000356,5.5e-05,1.1e-05,3e-05,0.001093,9e-05,1.1e-05,1.4e-05,0.000181,0.002181,0.000193,0.0179,0.000195,0.000519,0.000317,0.001072,0.001806,0.008332,0.000408,0.000432,8.4e-05,0.045341,0.00936,7.1e-05,8.4e-05,6.6e-05,5.4e-05,0.00037,0.031927,0.000765,2.8e-05,0.00011,0.000931,0.015767,0.000409,0.001091,0.000826,0.00023,0,0.001332,0.000645,0.000147,0.000448,0.007894,3.3e-05,0.002214,3.4e-05,0.001055,0.00745,0.000709,0.000114,0.002982,0.000383,0.000377,0.000311,0.001527,0.000341,0.000964,0.006301,5.3e-05,0.00645,0.000534,0.008451,0.002847,0.00074,0.000335,0.006487,0.000986,4.7e-05,0.005909,0.000387,8e-06,0.002993,0.000747,9e-05,6e-05,0.000748,0.000297,9.2e-05,0.003753,6.6e-05,0.000595,0.000226,0.00379,0.000273,0.001878,0.213828,7e-06,2.8e-05,2.1e-05,0.002306,5.1e-05,0.003343,0.000305,0.000114,0.005824,2.1e-05,8e-05,9e-06,0.000307,0.001254,0.007595,0.000732,2.2e-05,1.8e-05,0.000492,0.00143,0.000136,6e-06,0.001089,6e-05,4e-04,0.006967,0.000957,0.000431,1.7e-05,0.000381,8.9e-05,4e-05,0.001164,0.000257,0.00148,0.001222,0.000408,1.9e-05,1.8e-05,3.2e-05,2.7e-05,0.001158,0.011801,6.1e-05,8.2e-05,0.000178,0.047035,0.000215,0.003479,8e-06,5.8e-05,0.000859,0.001036,0.000286,0.000218,0.002175,0.000125,0.000442,0.003108,0.031792,0.000591,9.6e-05,0.001527,0.007721,1.9e-05,0.000966,0.000902,1e-05,0.000105,0.002307,0.000165,0.006037,0.161682,1.2e-05,2.3e-05,0.003073,0.000921,0.000255,0.003397,0.000696,0.000429,0.006068,0.000115,2.2e-05,0.000165,0.001134,1.9e-05,0.003548,0.000818,0.00087,1.6e-05,0.001666,0.000124,0.01073,0.003049,0.001234,2.6e-05,2.3e-05,0.00013,0.003506,1e-05,3.8e-05,0.000304,4.1e-05,0.015306,0.000138,0.000866,0.000478,1.7e-05,0.000493,2.3e-05,0.003641,8.2e-05,0.005144,4.4e-05,0.00037,0.001338,0.000378,0.000126,0.004561,0.004412,0.000461,1e-06,2.6e-05,0.000474,0.000787,1.8e-05,0.000394,0.0698,9e-06,0.019149,1.4e-05,1.8e-05,6.2e-05,0.001587,0,0.000205,0.010511,0.008211,3e-05,0.00288,0.000823,0.000607,2.5e-05,0.00011,1.4e-05,1.8e-05,1.4e-05,0.000298,2.6e-05,1.8e-05,0.002892,8e-05,0.00021,0.003716,7.9e-05,0.001317,0.003073,0.002867,1.9e-05,1.8e-05,0.009331,4.9e-05,0.000705,0.00135,0.000108,0.000239,0.000166,2e-05,0.027235,0.000388,4.6e-05,0.000216,0.001535,5.4e-05,0.001019,1.9e-05,0.000286,0.000222,5.4e-05,0.008347,0.000252,0.000426,0.00254,5.6e-05,0.000615,0.001198,9e-06,6e-06,1.7e-05,0.000261,8.3e-05,0.011234,0.000242,3.1e-05,1.9e-05,2.1e-05,0.002252,0.000485,0.000304,1.4e-05,0.000165,3.1e-05,3.4e-05,0.005137,0.005335,0.003184,0.000535,0.003745,0.000493,0.002177,0.01831,0.00093,0.001122,8.7e-05,0.000145,0.000727,0.001097,0.000457,0.020561,0.003498,0.00149,6.1e-05,8.5e-05,0.000153,0.007433,0.000336,3.4e-05,1.4e-05,3e-05,0.00041,0.002718,0.00054,0.000331,0.001212,0.001958,0.000454,4.7e-05,0.001186,9.5e-05,0.013077,0.001433,0.001412,0.001154,9.7e-05,3.7e-05,0.000245,0.00026,0.000534,0.000221,0.000361,9.6e-05,0.008512,0.001742,0.005458,0.000111,0.000856,9.3e-05,6e-06,2.3e-05,0.000123,4.3e-05,0.000586,0.00046,2e-05,0.003104,9.6e-05,1e-05,0.000263,0.010704,0.011346,4e-05,0.000233,2.1e-05,0.002359,0.000434,1.4e-05,0.003339,1.7e-05,1.9e-05,4e-05,6e-06,9e-06,0.000208,0.000116
"arusha/monduli/moita",0,0,0,0,0,0,0,0,0,0,0,0,0,0,0,0,0,0,0,0,0,0,0,0,0,0,0,0,0,0,0,0,0,0,0,0,0,0,0,0,0,0,0,0,0,0,0,0,0,0,0,0,0,0,0,0,0,0,0,0,0,0,0,0,0,0,0,0,0,0,0,0,0,0,0,0,0,0,0,0,0,0,0,0,0,0,0,0,0,0,0,0,0,0,0,0,0,0,0,0,0,0,0,0,0,0,0,0,0,0,0,0,0,0,0,0,0,0,0,0,0,0,0,0,0,0,0,0,0,0,0,0,0,0,0,0,0,0,0,0,0,0,0,0,0,0,0,0,0,0,0,0,0,0,0,0,0,0,0,0,0,0,0,0,0,0,0,0,0,0,0,0,0,0,0,0,0,0,0,0,0,0,0,0,0,0,0,0,0,0,0,0,0,0,0,0,0,0,0,0,0,0,0,0,0,0,0,0,0,0,0,0,0,0,0,0,0,0,0,0,0,0,0,0,0,0,0,0,0,0,0,0,0,0,0,0,0,0,0,0,0,0,0,0,0,0,0,0,0,0,0,0,0,0,0,0,0,0,0,0,0,0,0,0,0,0,0,0,0,0,0,0,0,0,0,0,0,0,0,0,0,0,0,0,0,0,0,0,0,0,0,0,0,0,0,0,0,0,0,0,0,0,0,0,0,0,0,0,0,0,0,0,0,0,0,0,0,0,0,0,0,0,0,0,0,0,0,0,0,0,0,0,0,0,0,0,0,0,0,0,0,0,0,0,0,0,0,0,0,0,0,0,0,0,0,0,0,0,0,0,0,0,0,0,0,0,0,0,0,0,0,0,0,0,0,0,0,0,0,0,0,0,0,0,0,0,0,0,0,0,0,0,0,0,0,0,0,0
"arusha/arusha/moivo",0,0,0,0,0,0,0,0,0,0,0,0,0,0,0,0,0,0,0,0,0,0,0,0,0,0,0,0,0,0,0,0,0,0,0,0,0,0,0,0,0,0,0,0,0,0,0,0,0,0,0,0,0,0,0,0,0,0,0,0,0,0,0,0,0,0,0,0,0,0,0,0,0,0,0,0,0,0,0,0,0,0,0,0,0,0,0,0,0,0,0,0,0,0,0,0,0,0,0,0,0,0,0,0,0,0,0,0,0,0,0,0,0,0,0,0,0,0,0,0,0,0,0,0,0,0,0,0,0,0,0,0,0,0,0,0,0,0,0,0,0,0,0,0,0,0,0,0,0,0,0,0,0,0,0,0,0,0,0,0,0,0,0,0,0,0,0,0,0,0,0,0,0,0,0,0,0,0,0,0,0,0,0,0,0,0,0,0,0,0,0,0,0,0,0,0,0,0,0,0,0,0,0,0,0,0,0,0,0,0,0,0,0,0,0,0,0,0,0,0,0,0,0,0,0,0,0,0,0,0,0,0,0,0,0,0,0,0,0,0,0,0,0,0,0,0,0,0,0,0,0,0,0,0,0,0,0,0,0,0,0,0,0,0,0,0,0,0,0,0,0,0,0,0,0,0,0,0,0,0,0,0,0,0,0,0,0,0,0,0,0,0,0,0,0,0,0,0,0,0,0,0,0,0,0,0,0,0,0,0,0,0,0,0,0,0,0,0,0,0,0,0,0,0,0,0,0,0,0,0,0,0,0,0,0,0,0,0,0,0,0,0,0,0,0,0,0,0,0,0,0,0,0,0,0,0,0,0,0,0,0,0,0,0,0,0,0,0,0,0,0,0,0,0,0,0,0,0,0,0,0,0,0,0,0,0,0,0,0,0,0,0,0,0,0,0,0,0
"arusha/monduli/mondulijuu",8.8e-05,7e-06,2e-06,2.7e-05,0,9.2e-05,0,0,0,6e-05,1e-06,0,9.1e-05,0.001175,1.1e-05,1e-06,0,1e-06,0,1e-06,1e-06,4.3e-05,0,2e-06,1e-06,1e-06,0,1e-06,0,1e-06,0.000168,0,0,1e-06,5e-06,0,0.000129,1.2e-05,2e-06,3.7e-05,0,0,2e-05,1e-05,3e-06,0,0.000148,0.036684,0.00034,2e-06,0,1e-06,2e-06,0,8e-06,0,5e-06,1e-06,2.2e-05,0.00039,0.000183,0.000629,0.001419,1e-06,0,0.000652,0.00168,0,3.6e-05,6.2e-05,1e-06,0,1e-05,7e-06,1e-06,0.000264,3.2e-05,0,0,0,0,1e-06,0,0,0,0,0.001195,0,7e-06,9.6e-05,0,0,0.000496,0.000909,3.3e-05,2.3e-05,9.5e-05,0,0.000268,6.2e-05,0,0,1.8e-05,0.000221,1.1e-05,0.000616,1e-06,8.1e-05,9.8e-05,0.000234,6.4e-05,0.000199,4e-06,5e-06,3e-06,2e-06,0.00043,0,0.000398,4.6e-05,2.6e-05,0.000833,1e-06,4e-06,0,7e-06,1.7e-05,0.003249,0.000213,2e-06,2e-06,6.2e-05,0.000106,1.8e-05,0,0.000692,5.9e-05,4.5e-05,0.002508,0.000143,0.000121,0,0.00032,1.3e-05,4e-06,6.2e-05,1e-06,0.000146,0.000131,3.9e-05,2e-06,1e-06,3e-06,1e-06,3.6e-05,0.01316,8e-06,0.000107,3e-06,0.006176,1.4e-05,0.000255,1e-06,3e-06,0,0,2e-05,8.8e-05,0.001212,7e-06,6e-06,0.002273,0.023763,1.9e-05,2.4e-05,2.9e-05,0.000686,1e-05,0.00013,1e-05,0,5e-06,5.3e-05,1.8e-05,0.001083,0.017323,2e-06,4e-06,0.000514,0.000172,3.4e-05,3e-06,1.2e-05,0,5.9e-05,1e-06,2e-06,0,0.000141,2e-06,0.001325,7e-06,3.2e-05,3e-06,0.000159,3.8e-05,0.000874,0.00072,7.7e-05,2e-06,2e-06,1e-06,0.000272,1e-06,0,8e-06,0,0.001308,1.4e-05,8.2e-05,0,5e-06,0,5e-06,0.000715,1.8e-05,0.001032,6e-06,2e-06,0,0,0,0.00089,0.002657,2e-06,0,3e-06,0.000138,0.000167,2e-06,6.4e-05,0.011166,1e-06,0.001249,0,2e-06,8e-06,0.000642,0,6.8e-05,0.008204,0,8.1e-05,0.00146,0.00012,1.6e-05,2e-06,7e-06,2e-06,1e-06,0,3.7e-05,1e-06,0,0.000325,3.7e-05,0,0.006674,0,1.6e-05,0.008012,0.000189,1e-06,1e-06,0.000794,4e-06,1.7e-05,6.8e-05,1e-06,2.6e-05,1.8e-05,4e-06,0.008123,1e-06,0,1e-06,0,6e-06,0,5e-06,2e-06,5.9e-05,1e-06,0.002555,2.9e-05,0.000122,0.002394,4.3e-05,3.3e-05,3.8e-05,1e-06,0,2e-06,1.1e-05,0,0.000365,0.000142,1.5e-05,1.1e-05,3e-06,0.002425,2.8e-05,1e-06,2e-06,1.9e-05,1e-06,4e-06,0.008156,0.000527,0.001254,7.8e-05,0.007441,0.000116,0.000546,0.029296,5.6e-05,8.3e-05,5.2e-05,5e-06,0.000728,0.000853,0.000646,0.019358,0.000193,4.8e-05,1e-06,1.1e-05,1.9e-05,0.003517,1e-06,1e-06,2e-06,2e-06,0,8.6e-05,1e-05,2.5e-05,0.001448,7.2e-05,2.9e-05,0,0.000351,4.9e-05,0.00917,0.000878,0.001087,0.000161,6e-06,3e-06,3.2e-05,0,0,0,0,4e-06,0.005898,0.001463,0.003894,1e-06,0.000491,1.2e-05,0,1e-06,1e-06,5e-06,0.000237,4.5e-05,1.2e-05,0.001846,0,0,0,0.001077,2e-06,0,0.000166,3e-06,0.00032,5.4e-05,2e-06,0.001288,2e-06,1e-06,1e-06,0,0,0,0
"arusha/monduli/mondulimjini",0,0,0,0,0,0,0,0,0,0,0,0,0,0,0,0,0,0,0,0,0,0,0,0,0,0,0,0,0,0,0,0,0,0,0,0,0,0,0,0,0,0,0,0,0,0,0,0,0,0,0,0,0,0,0,0,0,0,0,0,0,0,0,0,0,0,0,0,0,0,0,0,0,0,0,0,0,0,0,0,0,0,0,0,0,0,0,0,0,0,0,0,0,0,0,0,0,0,0,0,0,0,0,0,0,0,0,0,0,0,0,0,0,0,0,0,0,0,0,0,0,0,0,0,0,0,0,0,0,0,0,0,0,0,0,0,0,0,0,0,0,0,0,0,0,0,0,0,0,0,0,0,0,0,0,0,0,0,0,0,0,0,0,0,0,0,0,0,0,0,0,0,0,0,0,0,0,0,0,0,0,0,0,0,0,0,0,0,0,0,0,0,0,0,0,0,0,0,0,0,0,0,0,0,0,0,0,0,0,0,0,0,0,0,0,0,0,0,0,0,0,0,0,0,0,0,0,0,0,0,0,0,0,0,0,0,0,0,0,0,0,0,0,0,0,0,0,0,0,0,0,0,0,0,0,0,0,0,0,0,0,0,0,0,0,0,0,0,0,0,0,0,0,0,0,0,0,0,0,0,0,0,0,0,0,0,0,0,0,0,0,0,0,0,0,0,0,0,0,0,0,0,0,0,0,0,0,0,0,0,0,0,0,0,0,0,0,0,0,0,0,0,0,0,0,0,0,0,0,0,0,0,0,0,0,0,0,0,0,0,0,0,0,0,0,0,0,0,0,0,0,0,0,0,0,0,0,0,0,0,0,0,0,0,0,0,0,0,0,0,0,0,0,0,0,0,0,0,0,0,0,0,0,0,0,0,0,0,0,0,0,0,0,0,0,0,0,0
"arusha/arushaurban/moshono",6.4e-05,0,0,0,0,7e-06,0,0,0,1e-06,0,0,2.7e-05,0.001546,0,0,0,0,0,0,0,2e-06,0,0,0,0,0,0,0,0,7.1e-05,0,0,0,0,0,8e-05,0,0,0,0,0,0,0,0,0,0,0.009006,1.4e-05,0,0,0,0,0,0,0,1e-06,0,1e-06,4e-06,1e-06,2e-06,8e-06,0,0,0.001127,1.1e-05,0,0,1e-06,0,0,1e-06,0,0,1e-06,0,0,0,0,0,0,0,0,0,0,0.000103,0,0,3e-06,0,0,2.4e-05,9e-05,0,0,6e-06,0,1.7e-05,4e-06,0,0,1e-06,8.5e-05,1e-06,1.9e-05,0,5e-06,6e-06,2e-06,4e-06,9e-06,0,2e-06,0,0,4.5e-05,0,2.4e-05,2e-06,1e-06,4.3e-05,0,0,0,0,0,0.000362,6.9e-05,0,0,2e-06,6e-06,1e-06,0,0.00064,8e-06,3e-06,2.9e-05,9e-06,1.4e-05,0,7.2e-05,1e-06,0,3e-06,0,8e-06,7e-06,2e-06,0,0,0,0,1e-06,0.000409,0,0,0,0.000395,1e-06,1.1e-05,0,0,0,0,1e-06,8e-06,0.001513,0,0,1.2e-05,0.008863,1e-06,1e-06,1e-06,1.5e-05,0,8e-06,0,0,0,2e-06,1e-06,6.2e-05,0.001935,0,0,3.3e-05,1.1e-05,2e-06,0,0,0,1e-06,0,0,0,9e-06,0,0.00025,0,1e-06,1e-06,7e-06,3e-06,4.6e-05,6e-06,1e-06,0,0,0,1.3e-05,0,0,0,0,5.4e-05,1e-06,4e-06,0,1e-06,0,0,5.4e-05,1e-06,5.9e-05,1e-06,0,0,0,0,8e-06,0.00033,0,0,0,2e-05,1e-06,0,9e-06,0.000496,0,4.5e-05,0,0,0,0.000825,0,6e-06,0.002602,9e-05,0,0,5e-06,1e-06,0,0,0,0,0,2e-06,0,0,2e-06,0,0,0.000121,0,0,0.000106,1.1e-05,0,0,4e-05,0,1e-06,3e-06,0,0,2e-06,0,0.000105,0,0,0,0,0,0,0,0,2e-06,0,0.001157,2e-06,5e-06,9.5e-05,1.4e-05,2e-06,0,0,0,0,1e-06,0,5e-06,8.3e-05,3e-06,4e-06,0,0.000261,0,0,0,1e-06,0,0,0.000148,2.3e-05,0.000155,8e-06,0.00016,1e-05,1.5e-05,0.001801,0,1e-06,8e-05,0,8.6e-05,0.000246,3e-05,0.000134,2e-06,2e-06,0,1e-06,0,0.001399,0,0,0,0,0,4e-06,0,0,7.9e-05,3e-06,0,0,2.2e-05,2.1e-05,0.004901,3e-06,1.3e-05,1.2e-05,0,0,2e-06,0,0,0,0,0,0.002599,0.000656,0.001261,0,7.2e-05,1e-06,0,0,0,0,9.1e-05,2e-06,1.4e-05,2.5e-05,0,0,0,4.4e-05,0,0,7e-05,0,1.9e-05,3e-06,0,0.000451,0,0,0,0,0,0,0
"kilimanjaro/rombo/motamburukitendeni",2e-05,1e-06,2.4e-05,4e-06,0,0.000257,0,0,0,1.4e-05,0,0,1.5e-05,0.000187,3e-06,0,0,0,0,0,1e-06,5.7e-05,0,1.1e-05,1e-06,4e-06,0,0,0,1e-06,7.4e-05,0,0,2e-06,0,0,1.5e-05,2e-06,0,1e-05,0,0,9e-06,2e-06,1e-06,0,3e-06,0.003406,6.4e-05,0,0,0,0,0,2e-06,0,3e-06,0,1.8e-05,5.6e-05,3.6e-05,2.1e-05,9.2e-05,1e-06,0,9.8e-05,2.5e-05,0,2e-06,1e-05,0,0,2.8e-05,1e-06,0,2.5e-05,3e-06,0,0,0,0,0,0,0,0,0,0.002856,0,1e-06,7.6e-05,0,0,0.003459,0.000117,1e-06,4e-06,0.000395,2e-06,0.000957,0.000282,0,0,2.3e-05,2.4e-05,5.7e-05,0.020455,0,0.000431,8.8e-05,1.6e-05,0.000306,0.004778,1e-06,1e-06,4.4e-05,2.1e-05,0.000671,0,0.002695,0.000739,0.000188,0.012911,4e-06,1.3e-05,1e-06,9e-06,8e-06,0.00167,8.4e-05,2.7e-05,1.8e-05,0.000296,0.000438,0.000104,1e-06,9.6e-05,5e-06,0.000342,0.001221,0.000872,0.000132,0,3e-05,9.5e-05,7.1e-05,0.000173,0,0.000881,0.001249,0.000294,3.7e-05,2e-06,3.8e-05,1e-06,6.1e-05,0.000513,0.000112,4e-06,2e-06,0.033619,5.6e-05,5.6e-05,5e-06,7e-06,0,0,4.8e-05,6.9e-05,0.00016,1.6e-05,3e-06,4.9e-05,0.002521,2e-05,0.000123,7e-06,5.8e-05,3e-06,0.000823,7e-06,0,1e-06,5.6e-05,7e-05,0.009289,0.103217,4.2e-05,6.8e-05,0.003114,0.001,0.000116,1e-06,1e-06,0,7e-06,0,1.5e-05,0,0.00086,0,0.00068,3e-06,2.7e-05,3e-06,0.002288,5.8e-05,0.005303,2.8e-05,1.3e-05,2.7e-05,1.9e-05,0,0.002276,9e-06,0,1.1e-05,0,0.020171,0.000165,0.000794,0,3e-06,0,2.4e-05,0.002258,7.3e-05,0.007285,1.7e-05,0,0,0,0,0.000206,0.000212,1e-06,1e-06,3e-05,4.6e-05,7e-06,1.5e-05,4.7e-05,0.001216,7e-06,0.001803,1e-06,1.2e-05,4.5e-05,0.000141,0,7e-06,0.000892,0.000398,1e-06,0.000244,0,2e-05,3.7e-05,2.2e-05,1e-05,1e-06,1e-06,4.8e-05,0,1e-06,1.6e-05,5e-06,0,0.000183,0,2e-06,0.000198,0.000541,4e-06,1e-06,0.006337,4.6e-05,2.1e-05,2.8e-05,0,2e-06,2.2e-05,0,0.005258,0,0,0,0,0.000242,0,1.4e-05,1e-06,0.000367,2e-06,0.000745,0.000187,0.000512,0.000582,4e-06,4.6e-05,5e-06,6e-06,1e-06,1.2e-05,1.8e-05,0,3e-05,2.6e-05,5e-06,2e-06,5e-05,0.000132,3e-06,1e-06,8e-06,0.000174,0,1e-06,0.000847,0.011836,0.000137,1.6e-05,0.00032,0.000229,0.002914,0.001518,1.2e-05,1.6e-05,7e-06,2e-06,5.3e-05,0.000103,3.2e-05,0.003312,6e-05,2.5e-05,0,5.2e-05,3e-06,0.000984,0,0,1.2e-05,0,0,0.000104,9e-06,5e-06,0.000132,0.000116,8e-06,0,0.000785,1.2e-05,0.001099,2e-05,3.2e-05,6.4e-05,1.7e-05,4.1e-05,0.000154,0,0,0,0,1e-06,0.000838,0.00012,0.000378,0,0.000145,6.4e-05,0,1e-06,1e-06,0.000308,3.3e-05,7e-06,2e-06,0.001367,0,1e-06,0,0.029468,1e-06,0,1.8e-05,4e-05,0.002524,0.000565,2.3e-05,0.000461,3.2e-05,1e-06,2e-06,0,0,0,0
"kilimanjaro/same/mpinji",0,0,0,0,0,0,0,0,0,0,0,0,0,0,0,0,0,0,0,0,0,0,0,0,0,0,0,0,0,0,0,0,0,0,0,0,0,0,0,0,0,0,0,0,0,0,0,0,0,0,0,0,0,0,0,0,0,0,0,0,0,0,0,0,0,0,0,0,0,0,0,0,0,0,0,0,0,0,0,0,0,0,0,0,0,0,0,0,0,0,0,0,0,0,0,0,0,0,0,0,0,0,0,0,0,0,0,0,0,0,0,0,0,0,0,0,0,0,0,0,0,0,0,0,0,0,0,0,0,0,0,0,0,0,0,0,0,0,0,0,0,0,0,0,0,0,0,0,0,0,0,0,0,0,0,0,0,0,0,0,0,0,0,0,0,0,0,0,0,0,0,0,0,0,0,0,0,0,0,0,0,0,0,0,0,0,0,0,0,0,0,0,0,0,0,0,0,0,0,0,0,0,0,0,0,0,0,0,0,0,0,0,0,0,0,0,0,0,0,0,0,0,0,0,0,0,0,0,0,0,0,0,0,0,0,0,0,0,0,0,0,0,0,0,0,0,0,0,0,0,0,0,0,0,0,0,0,0,0,0,0,0,0,0,0,0,0,0,0,0,0,0,0,0,0,0,0,0,0,0,0,0,0,0,0,0,0,0,0,0,0,0,0,0,0,0,0,0,0,0,0,0,0,0,0,0,0,0,0,0,0,0,0,0,0,0,0,0,0,0,0,0,0,0,0,0,0,0,0,0,0,0,0,0,0,0,0,0,0,0,0,0,0,0,0,0,0,0,0,0,0,0,0,0,0,0,0,0,0,0,0,0,0,0,0,0,0,0,0,0,0,0,0,0,0,0,0,0,0,0,0,0,0,0,0,0,0,0,0,0,0,0,0,0,0,0,0,0
"kilimanjaro/rombo/mraokeryo",0,0,0,0,0,0,0,0,0,0,0,0,0,0,0,0,0,0,0,0,0,0,0,0,0,0,0,0,0,0,0,0,0,0,0,0,0,0,0,0,0,0,0,0,0,0,0,0,0,0,0,0,0,0,0,0,0,0,0,0,0,0,0,0,0,0,0,0,0,0,0,0,0,0,0,0,0,0,0,0,0,0,0,0,0,0,0,0,0,0,0,0,0,0,0,0,0,0,0,0,0,0,0,0,0,0,0,0,0,0,0,0,0,0,0,0,0,0,0,0,0,0,0,0,0,0,0,0,0,0,0,0,0,0,0,0,0,0,0,0,0,0,0,0,0,0,0,0,0,0,0,0,0,0,0,0,0,0,0,0,0,0,0,0,0,0,0,0,0,0,0,0,0,0,0,0,0,0,0,0,0,0,0,0,0,0,0,0,0,0,0,0,0,0,0,0,0,0,0,0,0,0,0,0,0,0,0,0,0,0,0,0,0,0,0,0,0,0,0,0,0,0,0,0,0,0,0,0,0,0,0,0,0,0,0,0,0,0,0,0,0,0,0,0,0,0,0,0,0,0,0,0,0,0,0,0,0,0,0,0,0,0,0,0,0,0,0,0,0,0,0,0,0,0,0,0,0,0,0,0,0,0,0,0,0,0,0,0,0,0,0,0,0,0,0,0,0,0,0,0,0,0,0,0,0,0,0,0,0,0,0,0,0,0,0,0,0,0,0,0,0,0,0,0,0,0,0,0,0,0,0,0,0,0,0,0,0,0,0,0,0,0,0,0,0,0,0,0,0,0,0,0,0,0,0,0,0,0,0,0,0,0,0,0,0,0,0,0,0,0,0,0,0,0,0,0,0,0,0,0,0,0,0,0,0,0,0,0,0,0,0,0,0,0,0,0,0,0
"kilimanjaro/mwanga/msangeni",0,0,0,0,0,0,0,0,0,0,0,0,0,0,0,0,0,0,0,0,0,0,0,0,0,0,0,0,0,0,0,0,0,0,0,0,0,0,0,0,0,0,0,0,0,0,0,0,0,0,0,0,0,0,0,0,0,0,0,0,0,0,0,0,0,0,0,0,0,0,0,0,0,0,0,0,0,0,0,0,0,0,0,0,0,0,0,0,0,0,0,0,0,0,0,0,0,0,0,0,0,0,0,0,0,0,0,0,0,0,0,0,0,0,0,0,0,0,0,0,0,0,0,0,0,0,0,0,0,0,0,0,0,0,0,0,0,0,0,0,0,0,0,0,0,0,0,0,0,0,0,0,0,0,0,0,0,0,0,0,0,0,0,0,0,0,0,0,0,0,0,0,0,0,0,0,0,0,0,0,0,0,0,0,0,0,0,0,0,0,0,0,0,0,0,0,0,0,0,0,0,0,0,0,0,0,0,0,0,0,0,0,0,0,0,0,0,0,0,0,0,0,0,0,0,0,0,0,0,0,0,0,0,0,0,0,0,0,0,0,0,0,0,0,0,0,0,0,0,0,0,0,0,0,0,0,0,0,0,0,0,0,0,0,0,0,0,0,0,0,0,0,0,0,0,0,0,0,0,0,0,0,0,0,0,0,0,0,0,0,0,0,0,0,0,0,0,0,0,0,0,0,0,0,0,0,0,0,0,0,0,0,0,0,0,0,0,0,0,0,0,0,0,0,0,0,0,0,0,0,0,0,0,0,0,0,0,0,0,0,0,0,0,0,0,0,0,0,0,0,0,0,0,0,0,0,0,0,0,0,0,0,0,0,0,0,0,0,0,0,0,0,0,0,0,0,0,0,0,0,0,0,0,0,0,0,0,0,0,0,0,0,0,0,0,0,0,0
"kilimanjaro/moshimunicipal/msaranga",0,0,0,0,0,0,0,0,0,0,0,0,0,0,0,0,0,0,0,0,0,0,0,0,0,0,0,0,0,0,0,0,0,0,0,0,0,0,0,0,0,0,0,0,0,0,0,0,0,0,0,0,0,0,0,0,0,0,0,0,0,0,0,0,0,0,0,0,0,0,0,0,0,0,0,0,0,0,0,0,0,0,0,0,0,0,0,0,0,0,0,0,0,0,0,0,0,0,0,0,0,0,0,0,0,0,0,0,0,0,0,0,0,0,0,0,0,0,0,0,0,0,0,0,0,0,0,0,0,0,0,0,0,0,0,0,0,0,0,0,0,0,0,0,0,0,0,0,0,0,0,0,0,0,0,0,0,0,0,0,0,0,0,0,0,0,0,0,0,0,0,0,0,0,0,0,0,0,0,0,0,0,0,0,0,0,0,0,0,0,0,0,0,0,0,0,0,0,0,0,0,0,0,0,0,0,0,0,0,0,0,0,0,0,0,0,0,0,0,0,0,0,0,0,0,0,0,0,0,0,0,0,0,0,0,0,0,0,0,0,0,0,0,0,0,0,0,0,0,0,0,0,0,0,0,0,0,0,0,0,0,0,0,0,0,0,0,0,0,0,0,0,0,0,0,0,0,0,0,0,0,0,0,0,0,0,0,0,0,0,0,0,0,0,0,0,0,0,0,0,0,0,0,0,0,0,0,0,0,0,0,0,0,0,0,0,0,0,0,0,0,0,0,0,0,0,0,0,0,0,0,0,0,0,0,0,0,0,0,0,0,0,0,0,0,0,0,0,0,0,0,0,0,0,0,0,0,0,0,0,0,0,0,0,0,0,0,0,0,0,0,0,0,0,0,0,0,0,0,0,0,0,0,0,0,0,0,0,0,0,0,0,0,0,0,0,0,0
"kilimanjaro/same/mshewa",0,0,0,0,0,0,0,0,0,0,0,0,0,0,0,0,0,0,0,0,0,0,0,0,0,0,0,0,0,0,0,0,0,0,0,0,0,0,0,0,0,0,0,0,0,0,0,0,0,0,0,0,0,0,0,0,0,0,0,0,0,0,0,0,0,0,0,0,0,0,0,0,0,0,0,0,0,0,0,0,0,0,0,0,0,0,0,0,0,0,0,0,0,0,0,0,0,0,0,0,0,0,0,0,0,0,0,0,0,0,0,0,0,0,0,0,0,0,0,0,0,0,0,0,0,0,0,0,0,0,0,0,0,0,0,0,0,0,0,0,0,0,0,0,0,0,0,0,0,0,0,0,0,0,0,0,0,0,0,0,0,0,0,0,0,0,0,0,0,0,0,0,0,0,0,0,0,0,0,0,0,0,0,0,0,0,0,0,0,0,0,0,0,0,0,0,0,0,0,0,0,0,0,0,0,0,0,0,0,0,0,0,0,0,0,0,0,0,0,0,0,0,0,0,0,0,0,0,0,0,0,0,0,0,0,0,0,0,0,0,0,0,0,0,0,0,0,0,0,0,0,0,0,0,0,0,0,0,0,0,0,0,0,0,0,0,0,0,0,0,0,0,0,0,0,0,0,0,0,0,0,0,0,0,0,0,0,0,0,0,0,0,0,0,0,0,0,0,0,0,0,0,0,0,0,0,0,0,0,0,0,0,0,0,0,0,0,0,0,0,0,0,0,0,0,0,0,0,0,0,0,0,0,0,0,0,0,0,0,0,0,0,0,0,0,0,0,0,0,0,0,0,0,0,0,0,0,0,0,0,0,0,0,0,0,0,0,0,0,0,0,0,0,0,0,0,0,0,0,0,0,0,0,0,0,0,0,0,0,0,0,0,0,0,0,0,0,0
"kilimanjaro/same/msindo",0,0,0,0,0,0,0,0,0,0,0,0,0,0,0,0,0,0,0,0,0,0,0,0,0,0,0,0,0,0,0,0,0,0,0,0,0,0,0,0,0,0,0,0,0,0,0,0,0,0,0,0,0,0,0,0,0,0,0,0,0,0,0,0,0,0,0,0,0,0,0,0,0,0,0,0,0,0,0,0,0,0,0,0,0,0,0,0,0,0,0,0,0,0,0,0,0,0,0,0,0,0,0,0,0,0,0,0,0,0,0,0,0,0,0,0,0,0,0,0,0,0,0,0,0,0,0,0,0,0,0,0,0,0,0,0,0,0,0,0,0,0,0,0,0,0,0,0,0,0,0,0,0,0,0,0,0,0,0,0,0,0,0,0,0,0,0,0,0,0,0,0,0,0,0,0,0,0,0,0,0,0,0,0,0,0,0,0,0,0,0,0,0,0,0,0,0,0,0,0,0,0,0,0,0,0,0,0,0,0,0,0,0,0,0,0,0,0,0,0,0,0,0,0,0,0,0,0,0,0,0,0,0,0,0,0,0,0,0,0,0,0,0,0,0,0,0,0,0,0,0,0,0,0,0,0,0,0,0,0,0,0,0,0,0,0,0,0,0,0,0,0,0,0,0,0,0,0,0,0,0,0,0,0,0,0,0,0,0,0,0,0,0,0,0,0,0,0,0,0,0,0,0,0,0,0,0,0,0,0,0,0,0,0,0,0,0,0,0,0,0,0,0,0,0,0,0,0,0,0,0,0,0,0,0,0,0,0,0,0,0,0,0,0,0,0,0,0,0,0,0,0,0,0,0,0,0,0,0,0,0,0,0,0,0,0,0,0,0,0,0,0,0,0,0,0,0,0,0,0,0,0,0,0,0,0,0,0,0,0,0,0,0,0,0,0,0,0
"manyara/simanjiro/msituwatembo",0,0,0,0,0,0,0,0,0,0,0,0,0,0,0,0,0,0,0,0,0,0,0,0,0,0,0,0,0,0,0,0,0,0,0,0,0,0,0,0,0,0,0,0,0,0,0,0,0,0,0,0,0,0,0,0,0,0,0,0,0,0,0,0,0,0,0,0,0,0,0,0,0,0,0,0,0,0,0,0,0,0,0,0,0,0,0,0,0,0,0,0,0,0,0,0,0,0,0,0,0,0,0,0,0,0,0,0,0,0,0,0,0,0,0,0,0,0,0,0,0,0,0,0,0,0,0,0,0,0,0,0,0,0,0,0,0,0,0,0,0,0,0,0,0,0,0,0,0,0,0,0,0,0,0,0,0,0,0,0,0,0,0,0,0,0,0,0,0,0,0,0,0,0,0,0,0,0,0,0,0,0,0,0,0,0,0,0,0,0,0,0,0,0,0,0,0,0,0,0,0,0,0,0,0,0,0,0,0,0,0,0,0,0,0,0,0,0,0,0,0,0,0,0,0,0,0,0,0,0,0,0,0,0,0,0,0,0,0,0,0,0,0,0,0,0,0,0,0,0,0,0,0,0,0,0,0,0,0,0,0,0,0,0,0,0,0,0,0,0,0,0,0,0,0,0,0,0,0,0,0,0,0,0,0,0,0,0,0,0,0,0,0,0,0,0,0,0,0,0,0,0,0,0,0,0,0,0,0,0,0,0,0,0,0,0,0,0,0,0,0,0,0,0,0,0,0,0,0,0,0,0,0,0,0,0,0,0,0,0,0,0,0,0,0,0,0,0,0,0,0,0,0,0,0,0,0,0,0,0,0,0,0,0,0,0,0,0,0,0,0,0,0,0,0,0,0,0,0,0,0,0,0,0,0,0,0,0,0,0,0,0,0,0,0,0,0,0
"arusha/monduli/mswakini",0,0,0,0,0,0,0,0,0,0,0,0,0,0,0,0,0,0,0,0,0,0,0,0,0,0,0,0,0,0,0,0,0,0,0,0,0,0,0,0,0,0,0,0,0,0,0,0,0,0,0,0,0,0,0,0,0,0,0,0,0,0,0,0,0,0,0,0,0,0,0,0,0,0,0,0,0,0,0,0,0,0,0,0,0,0,0,0,0,0,0,0,0,0,0,0,0,0,0,0,0,0,0,0,0,0,0,0,0,0,0,0,0,0,0,0,0,0,0,0,0,0,0,0,0,0,0,0,0,0,0,0,0,0,0,0,0,0,0,0,0,0,0,0,0,0,0,0,0,0,0,0,0,0,0,0,0,0,0,0,0,0,0,0,0,0,0,0,0,0,0,0,0,0,0,0,0,0,0,0,0,0,0,0,0,0,0,0,0,0,0,0,0,0,0,0,0,0,0,0,0,0,0,0,0,0,0,0,0,0,0,0,0,0,0,0,0,0,0,0,0,0,0,0,0,0,0,0,0,0,0,0,0,0,0,0,0,0,0,0,0,0,0,0,0,0,0,0,0,0,0,0,0,0,0,0,0,0,0,0,0,0,0,0,0,0,0,0,0,0,0,0,0,0,0,0,0,0,0,0,0,0,0,0,0,0,0,0,0,0,0,0,0,0,0,0,0,0,0,0,0,0,0,0,0,0,0,0,0,0,0,0,0,0,0,0,0,0,0,0,0,0,0,0,0,0,0,0,0,0,0,0,0,0,0,0,0,0,0,0,0,0,0,0,0,0,0,0,0,0,0,0,0,0,0,0,0,0,0,0,0,0,0,0,0,0,0,0,0,0,0,0,0,0,0,0,0,0,0,0,0,0,0,0,0,0,0,0,0,0,0,0,0,0,0,0,0,0
"kilimanjaro/same/mtii",0,0,0,0,0,0,0,0,0,0,0,0,0,0,0,0,0,0,0,0,0,0,0,0,0,0,0,0,0,0,0,0,0,0,0,0,0,0,0,0,0,0,0,0,0,0,0,0,0,0,0,0,0,0,0,0,0,0,0,0,0,0,0,0,0,0,0,0,0,0,0,0,0,0,0,0,0,0,0,0,0,0,0,0,0,0,0,0,0,0,0,0,0,0,0,0,0,0,0,0,0,0,0,0,0,0,0,0,0,0,0,0,0,0,0,0,0,0,0,0,0,0,0,0,0,0,0,0,0,0,0,0,0,0,0,0,0,0,0,0,0,0,0,0,0,0,0,0,0,0,0,0,0,0,0,0,0,0,0,0,0,0,0,0,0,0,0,0,0,0,0,0,0,0,0,0,0,0,0,0,0,0,0,0,0,0,0,0,0,0,0,0,0,0,0,0,0,0,0,0,0,0,0,0,0,0,0,0,0,0,0,0,0,0,0,0,0,0,0,0,0,0,0,0,0,0,0,0,0,0,0,0,0,0,0,0,0,0,0,0,0,0,0,0,0,0,0,0,0,0,0,0,0,0,0,0,0,0,0,0,0,0,0,0,0,0,0,0,0,0,0,0,0,0,0,0,0,0,0,0,0,0,0,0,0,0,0,0,0,0,0,0,0,0,0,0,0,0,0,0,0,0,0,0,0,0,0,0,0,0,0,0,0,0,0,0,0,0,0,0,0,0,0,0,0,0,0,0,0,0,0,0,0,0,0,0,0,0,0,0,0,0,0,0,0,0,0,0,0,0,0,0,0,0,0,0,0,0,0,0,0,0,0,0,0,0,0,0,0,0,0,0,0,0,0,0,0,0,0,0,0,0,0,0,0,0,0,0,0,0,0,0,0,0,0,0,0,0
"arusha/monduli/mtowambu",0.002741,0.003517,0.000143,0.007847,0.000171,0.006285,0.000164,0.000253,9.8e-05,0.033984,0.000535,5.1e-05,0.002264,0.033318,0.008893,0.00085,0.000325,0.000821,0.000115,0.000369,8.3e-05,0.001585,8.6e-05,0.000133,7.3e-05,4.1e-05,0.00019,0.001587,1.5e-05,0.000105,0.008939,0.000101,4.2e-05,7.1e-05,0.009486,0.000272,0.003578,0.007499,0.002417,0.00611,0.000195,5.1e-05,0.004124,0.007077,0.000676,0.00012,0.003715,0.541568,0.071579,0.003565,0.000423,0.001323,0.008691,0.000194,0.004087,5.3e-05,0.000269,0.000308,0.00322,0.232564,0.008894,0.093004,0.01821,0.000303,5e-06,0.022322,0.02193,0.000124,0.16062,0.023837,0.00411,1.2e-05,0.000373,0.009001,0.000285,0.02166,0.003852,4.7e-05,5.4e-05,8.5e-05,3.2e-05,0.000429,0.000136,6.3e-05,0.000207,0.00035,0.05656,9.6e-05,0.003743,0.013564,3.7e-05,9.4e-05,0.03754,0.017863,0.001949,0.025743,0.003867,4.3e-05,0.019082,0.004608,0.000338,0.000364,0.002601,0.005611,0.000672,0.030749,0.001193,0.004601,0.002912,0.601556,0.002681,0.01271,0.001905,0.000136,0.000187,0.000132,0.021254,6.7e-05,0.023902,0.002437,0.001337,0.044217,0.00011,0.000415,4.5e-05,0.001042,0.003358,0.116699,0.009177,0.000152,0.000123,0.004428,0.008371,0.001031,3e-05,0.019021,0.001196,0.002809,0.090486,0.007674,0.004796,5.8e-05,0.007485,0.000708,0.000255,0.005876,0.000449,0.009805,0.008367,0.00268,0.000128,9.2e-05,0.000199,0.00011,0.004519,0.260406,0.000548,0.003382,0.00046,0.287601,0.001198,0.033596,6.3e-05,0.000279,6.5e-05,4.9e-05,0.001651,0.002782,0.037683,0.000647,0.001158,0.28226,0.422472,0.002399,0.000969,0.006369,0.156732,0.00029,0.007396,0.001908,3.5e-05,0.001255,0.007627,0.001153,0.05071,0.549467,0.000108,0.000199,0.025621,0.008155,0.001985,0.001786,0.019552,0.000213,0.037097,0.000164,0.000131,0.000234,0.008364,0.030598,0.044715,0.001459,0.004415,0.000166,0.010793,0.001394,0.062818,0.293535,0.026203,0.00017,0.000149,0.00066,0.020628,6.2e-05,0.000338,0.001103,0.000515,0.08972,0.000927,0.005616,0.000204,0.000198,9.3e-05,0.000216,0.032883,0.000794,0.045609,0.000358,0.00223,5.3e-05,5.1e-05,0.000387,0.067756,0.088,0.000482,1.1e-05,0.000189,0.007402,0.231544,0.000111,0.003733,0.651176,6.8e-05,0.118583,5.3e-05,0.000131,0.000458,0.023669,9.3e-05,0.004003,0.174951,0.323006,0.001061,0.046327,0.006461,0.002155,0.000163,0.000598,0.000105,7e-05,5.3e-05,0.002788,0.00117,6.4e-05,0,0.001617,0.000342,0.097043,0.00012,0.011875,0.076286,0.015901,9.9e-05,7e-05,0.055861,0.000307,0.002453,0.008792,0.000537,0.025407,0.001264,0.001126,0.277424,0.001035,9.8e-05,0.000289,3.6e-05,0.000379,0.000267,0.000195,0.000503,0.002292,0.00019,0.104727,0.001809,0.00452,0.053315,0.001083,0.003237,0.047786,5.2e-05,3.2e-05,0.000125,0.001165,0.00011,0.306488,0.003984,0.000452,0.00031,0.000175,0.06434,0.017556,0.000304,0.000101,0.001176,0.001809,0.000598,0.121601,0.034533,0.068225,0.00669,0.081245,0.004977,0.021823,0.388848,0.01239,0.016958,0.001529,0.001079,0.01515,0.019962,0.010443,0.366961,0.033941,0.007094,0.000124,0.000633,0.002949,0.102668,0.000515,0.003508,0.000108,0.018,0.000227,0.010729,0.001615,0.004802,0.02355,0.008335,0.0055,0.000224,0.012864,0.001462,0.206394,0.238022,0.058143,0.013012,0.000516,0.000235,0.001874,0.000196,6.1e-05,0.000157,3.6e-05,0.000806,0.136377,0.044223,0.099454,0.000146,0.012924,0.00071,2.4e-05,8.2e-05,3e-04,0.000307,0.009923,0.006124,0.000359,0.054772,0.000212,4.4e-05,0.000203,0.068302,0.001213,0.000234,0.004436,0.000156,0.017934,0.003188,0.000107,0.044461,0.000114,7.3e-05,0.000148,2.5e-05,3.1e-05,0.000246,0.000192
"arusha/longido/mundarara",7e-06,3e-06,1e-06,1.1e-05,0,1.8e-05,0,0,0,1e-05,0,0,6e-06,8.2e-05,3e-06,0,0,0,0,0,0,5e-06,0,0,0,0,0,0,0,0,2.4e-05,0,0,0,1e-06,0,8e-06,2e-06,0,3.7e-05,0,0,4e-06,1e-06,1e-06,0,1.9e-05,0.002001,3.8e-05,0,0,0,0,0,1e-06,0,1e-06,0,5e-06,8.7e-05,0.000798,0.000114,0.000265,0,0,4.4e-05,3.3e-05,0,4e-06,7e-06,0,0,2e-06,1e-06,0,0.000506,2.7e-05,0,0,0,0,0,0,0,0,0,0.000207,0,1e-06,1.8e-05,0,0,0.000131,6.1e-05,1.4e-05,4e-06,2e-05,0,5.7e-05,1.4e-05,0,0,5e-06,1.3e-05,2e-06,0.00025,0,1.7e-05,1.6e-05,2.9e-05,1.4e-05,5.8e-05,1e-06,0,1e-06,1e-06,6.7e-05,0,9e-05,1.1e-05,4e-06,0.000209,0,1e-06,0,2e-06,3e-06,0.000287,2.1e-05,1e-06,0,1.1e-05,2.5e-05,4e-06,0,4.5e-05,3e-06,1e-05,0.004366,3e-05,1.7e-05,0,1.7e-05,3e-06,1e-06,1.5e-05,0,3.4e-05,3.2e-05,1e-05,1e-06,0,1e-06,0,1e-05,0.000462,2e-06,8.4e-05,1e-06,0.001326,3e-06,2.2e-05,0,1e-06,0,0,4e-06,1.2e-05,7.7e-05,2e-06,1e-06,8.2e-05,0.001378,4e-06,5e-06,3e-06,4.4e-05,1.2e-05,2.8e-05,3e-06,0,4e-06,1.4e-05,4e-06,0.000247,0.005365,1e-06,1e-06,0.000109,3.6e-05,7e-06,1e-06,1e-06,0,6e-06,0,0,0,3.1e-05,0,0.000149,1e-06,6e-06,0,4.5e-05,6e-06,0.000217,3.8e-05,4e-05,1e-06,1e-06,0,7.5e-05,0,0,2e-06,0,0.000408,4e-06,2.1e-05,0,1e-06,0,1e-06,0.000133,4e-06,0.000231,1e-06,0,0,0,0,0.002892,0.000137,1e-06,0,1e-06,1.1e-05,1.9e-05,0,8e-06,0.001073,0,0.000207,0,0,2e-06,5.1e-05,0,4e-06,0.00048,0.000922,2e-06,0.000103,4e-05,4e-06,1e-06,2e-06,0,0,0,5e-06,0,0,3e-05,0,0,0.000185,0,2e-06,0.000208,4.2e-05,0,0,0.000207,1e-06,5e-06,8e-06,0,6e-06,3e-06,1e-06,0.013036,0,0,0,0,2e-06,0,1e-06,1e-06,1.8e-05,0,0.00023,7e-06,3e-05,0.000201,2e-06,6e-06,1e-05,0,0,0,2e-06,0,3.2e-05,1.1e-05,1e-06,1e-06,1e-06,8.4e-05,7e-06,0,0,5e-06,0,3e-06,0.000559,0.00016,6.4e-05,7e-06,0.000286,1.9e-05,0.000233,0.001013,2.7e-05,4.6e-05,3e-06,3e-06,3.5e-05,5.3e-05,2.5e-05,0.012504,0.00017,7e-06,0,2e-06,2.2e-05,0.000313,0,0,0,0,0,2e-05,3e-06,2.2e-05,8.4e-05,1.7e-05,2.6e-05,0,6.6e-05,4e-06,0.000561,5.2e-05,4.1e-05,1.4e-05,1e-06,1e-06,7e-06,0,0,0,0,3e-06,0.000393,6.2e-05,0.000215,0,4.7e-05,3e-06,0,0,0,2e-06,1.6e-05,3e-06,1e-06,0.000593,0,0,0,0.00034,0,0,1e-05,1e-06,7.2e-05,1.3e-05,0,0.000125,0,0,0,0,0,0,0
"manyara/mbulu/murray",2e-05,1.2e-05,2e-06,4.4e-05,9.2e-05,8e-05,7e-05,5.7e-05,1.9e-05,0.007079,0.000137,6e-06,1.6e-05,0.00024,0.000544,0.000108,5.7e-05,0.00022,1.3e-05,3.7e-05,2e-06,1e-05,1.3e-05,2e-06,1e-06,0,3.5e-05,2.6e-05,1e-06,2e-06,0.000126,4e-06,1e-06,1e-06,4.8e-05,5.4e-05,2.4e-05,0.002387,0.000133,5e-05,5.2e-05,5e-06,8.5e-05,0.002528,1.6e-05,2.9e-05,1.2e-05,0.005903,0.001343,2.5e-05,0.000124,1.5e-05,1.7e-05,3.1e-05,0.000608,1.2e-05,3e-06,1.7e-05,6.7e-05,0.002345,4.1e-05,0.000168,9.6e-05,1e-05,0,0.000164,9.4e-05,1.3e-05,0.000119,0.00098,8e-06,2e-06,3e-06,0.000929,2.4e-05,7.9e-05,1.5e-05,9e-06,6e-06,1.2e-05,6e-06,5.5e-05,5e-05,7e-06,4.5e-05,4e-05,0.000612,1.9e-05,0.00032,0.000191,6e-06,7e-06,0.000526,0.000117,6e-06,0.006463,3.7e-05,1e-06,0.000253,6.2e-05,0.000182,8e-06,5e-05,3.7e-05,8e-06,0.000329,2.9e-05,5.3e-05,2.3e-05,0.001015,2.6e-05,0.000157,0.000211,1e-06,2e-06,2e-06,0.000223,2e-06,0.00029,2.7e-05,1e-05,0.000513,2e-06,6e-06,1e-06,2e-05,6.6e-05,0.000795,8.1e-05,2e-06,2e-06,4.1e-05,0.000117,1.2e-05,0,0.000132,7e-06,3.4e-05,0.000691,8.6e-05,4.4e-05,1e-06,4.8e-05,8e-06,3e-06,9e-05,0.000278,0.000125,0.000104,3.4e-05,2e-06,1e-06,3e-06,2e-06,8.1e-05,0.001681,5e-06,1e-05,1.1e-05,0.004271,1.7e-05,0.000386,1e-06,4e-06,6e-06,5e-06,2.4e-05,2.3e-05,0.00027,1e-05,2.3e-05,0.000581,0.004046,4.4e-05,9e-06,0.000133,0.001396,2e-06,8.5e-05,5e-05,1e-06,1e-05,0.000154,1.4e-05,0.000551,0.016418,1e-06,2e-06,0.00028,8.5e-05,2.3e-05,0.00151,0.000387,2.6e-05,0.001945,5e-06,2e-06,6.7e-05,9.9e-05,5e-06,0.000382,5e-05,6e-05,2e-06,0.000138,1.2e-05,0.000884,0.000665,0.000154,2e-06,2e-06,2.5e-05,0.000283,1e-06,9e-06,2.1e-05,2.4e-05,0.001253,1.2e-05,7.2e-05,3.3e-05,2e-06,3e-05,2e-06,0.000343,8e-06,0.000477,4e-06,0.000156,1e-05,1.3e-05,6.7e-05,0.000463,0.000595,1.8e-05,0,2e-06,5.1e-05,0.000161,1e-06,4e-05,0.012271,1e-06,0.001481,1e-06,2e-06,5e-06,0.000187,1.5e-05,2.9e-05,0.001306,0.00115,4e-06,0.000348,7.1e-05,4.1e-05,2e-06,9e-06,1e-06,1e-06,1e-06,2.6e-05,7e-06,1e-06,0.000743,9e-06,0,0.000517,2.1e-05,0.000452,0.000408,0.000232,1e-06,1e-06,0.000769,4e-06,4.8e-05,0.000116,0.000148,4.5e-05,1.5e-05,3e-06,0.002665,0.001409,2e-06,3.4e-05,6e-06,5e-06,0.000112,2e-06,1.6e-05,2.1e-05,4e-06,0.000961,2.2e-05,4.1e-05,0.000278,7e-06,5e-05,0.000245,1e-06,0,1e-06,2e-05,4e-06,0.003953,2.8e-05,3e-06,2e-06,2e-06,0.000295,7.4e-05,1.2e-05,1e-06,1.4e-05,8e-06,3e-06,0.000587,0.000443,0.00041,6.8e-05,0.000472,4.8e-05,0.000202,0.002325,8.6e-05,0.000107,1.1e-05,1.2e-05,9.3e-05,0.000133,5.9e-05,0.002207,0.000322,0.000108,3e-06,7e-06,1.7e-05,0.000847,3.2e-05,9e-06,1e-06,8e-06,4.6e-05,0.000198,3.5e-05,3.4e-05,0.000146,0.000145,4.4e-05,6.4e-05,0.000116,1.1e-05,0.001622,0.00027,0.000234,0.000116,8e-06,3e-06,2.2e-05,7.5e-05,6e-06,3.1e-05,5e-06,9e-06,0.001028,0.000219,0.000695,5e-06,9.6e-05,8e-06,0,2e-06,6e-06,4e-06,7.4e-05,5.9e-05,2e-06,0.000307,0.000138,1e-06,0.000205,0.000892,0.00031,4.2e-05,2.9e-05,2e-06,0.000208,3.8e-05,1e-06,0.000372,1e-06,1e-06,3e-06,0,1e-06,0.000199,2.4e-05
"arusha/arusha/mussa",0,0,0,0,0,0,0,0,0,0,0,0,0,0,0,0,0,0,0,0,0,0,0,0,0,0,0,0,0,0,0,0,0,0,0,0,0,0,0,0,0,0,0,0,0,0,0,0,0,0,0,0,0,0,0,0,0,0,0,0,0,0,0,0,0,0,0,0,0,0,0,0,0,0,0,0,0,0,0,0,0,0,0,0,0,0,0,0,0,0,0,0,0,0,0,0,0,0,0,0,0,0,0,0,0,0,0,0,0,0,0,0,0,0,0,0,0,0,0,0,0,0,0,0,0,0,0,0,0,0,0,0,0,0,0,0,0,0,0,0,0,0,0,0,0,0,0,0,0,0,0,0,0,0,0,0,0,0,0,0,0,0,0,0,0,0,0,0,0,0,0,0,0,0,0,0,0,0,0,0,0,0,0,0,0,0,0,0,0,0,0,0,0,0,0,0,0,0,0,0,0,0,0,0,0,0,0,0,0,0,0,0,0,0,0,0,0,0,0,0,0,0,0,0,0,0,0,0,0,0,0,0,0,0,0,0,0,0,0,0,0,0,0,0,0,0,0,0,0,0,0,0,0,0,0,0,0,0,0,0,0,0,0,0,0,0,0,0,0,0,0,0,0,0,0,0,0,0,0,0,0,0,0,0,0,0,0,0,0,0,0,0,0,0,0,0,0,0,0,0,0,0,0,0,0,0,0,0,0,0,0,0,0,0,0,0,0,0,0,0,0,0,0,0,0,0,0,0,0,0,0,0,0,0,0,0,0,0,0,0,0,0,0,0,0,0,0,0,0,0,0,0,0,0,0,0,0,0,0,0,0,0,0,0,0,0,0,0,0,0,0,0,0,0,0,0,0,0,0,0,0,0,0,0,0,0,0,0,0,0,0,0,0,0,0,0,0,0
"manyara/babatiurban/mutuka",0,0,0,0,0,0,0,0,0,0,0,0,0,0,0,0,0,0,0,0,0,0,0,0,0,0,0,0,0,0,0,0,0,0,0,0,0,0,0,0,0,0,0,0,0,0,0,0,0,0,0,0,0,0,0,0,0,0,0,0,0,0,0,0,0,0,0,0,0,0,0,0,0,0,0,0,0,0,0,0,0,0,0,0,0,0,0,0,0,0,0,0,0,0,0,0,0,0,0,0,0,0,0,0,0,0,0,0,0,0,0,0,0,0,0,0,0,0,0,0,0,0,0,0,0,0,0,0,0,0,0,0,0,0,0,0,0,0,0,0,0,0,0,0,0,0,0,0,0,0,0,0,0,0,0,0,0,0,0,0,0,0,0,0,0,0,0,0,0,0,0,0,0,0,0,0,0,0,0,0,0,0,0,0,0,0,0,0,0,0,0,0,0,0,0,0,0,0,0,0,0,0,0,0,0,0,0,0,0,0,0,0,0,0,0,0,0,0,0,0,0,0,0,0,0,0,0,0,0,0,0,0,0,0,0,0,0,0,0,0,0,0,0,0,0,0,0,0,0,0,0,0,0,0,0,0,0,0,0,0,0,0,0,0,0,0,0,0,0,0,0,0,0,0,0,0,0,0,0,0,0,0,0,0,0,0,0,0,0,0,0,0,0,0,0,0,0,0,0,0,0,0,0,0,0,0,0,0,0,0,0,0,0,0,0,0,0,0,0,0,0,0,0,0,0,0,0,0,0,0,0,0,0,0,0,0,0,0,0,0,0,0,0,0,0,0,0,0,0,0,0,0,0,0,0,0,0,0,0,0,0,0,0,0,0,0,0,0,0,0,0,0,0,0,0,0,0,0,0,0,0,0,0,0,0,0,0,0,0,0,0,0,0,0,0,0,0,0
"manyara/babati/mwada",5.6e-05,1.7e-05,3e-06,5.2e-05,1.8e-05,0.000167,1e-05,1.4e-05,1.2e-05,0.00639,7.8e-05,3e-06,4.2e-05,0.000674,0.000205,3.5e-05,1e-05,4.2e-05,4e-06,1.3e-05,3e-06,2.2e-05,1e-05,3e-06,2e-06,1e-06,2.6e-05,3.1e-05,1e-06,3e-06,0.000374,5e-06,1e-06,2e-06,4.4e-05,1.4e-05,6.9e-05,0.000487,5.5e-05,6.7e-05,9e-06,3e-06,0.000109,0.00029,2.1e-05,1.3e-05,2.6e-05,0.016959,0.00648,2.3e-05,1.6e-05,1.1e-05,2.7e-05,8e-06,0.000254,4e-06,7e-06,7.4e-05,0.00013,0.001932,7.2e-05,0.000326,0.000212,1.3e-05,0,0.000482,0.000281,4e-06,0.000369,0.003132,1.1e-05,1e-06,7e-06,0.000495,1.1e-05,0.000132,2.5e-05,3e-06,2e-06,4e-06,3e-06,3.1e-05,8e-06,4e-06,1.5e-05,9e-06,0.001359,5e-06,0.000104,0.000309,3e-06,3e-06,0.000948,0.000307,1.3e-05,0.00122,7.8e-05,1e-06,0.000505,0.000118,2.5e-05,5e-06,7.8e-05,0.000105,1.6e-05,0.000593,2e-05,0.000108,5.3e-05,0.001523,5.4e-05,0.000285,9.1e-05,3e-06,4e-06,3e-06,0.000517,3e-06,0.000576,5.3e-05,2.1e-05,0.001,3e-06,1.2e-05,1e-06,3.2e-05,9.4e-05,0.001962,0.000219,4e-06,3e-06,7.7e-05,0.00022,2.4e-05,1e-06,0.000374,2.1e-05,6.7e-05,0.001249,0.000176,0.000103,2e-06,0.000136,1.6e-05,6e-06,0.000164,4.1e-05,0.000242,0.000198,6.5e-05,3e-06,3e-06,5e-06,3e-06,0.00013,0.005231,9e-06,2e-05,1.9e-05,0.008632,3.2e-05,0.001281,1e-06,8e-06,2e-06,3e-06,4.7e-05,5.3e-05,0.000791,1.9e-05,3.1e-05,0.001894,0.011561,8.7e-05,1.9e-05,0.000363,0.008535,4e-06,0.000173,7.5e-05,1e-06,1.3e-05,0.000252,2.9e-05,0.001122,0.034109,2e-06,4e-06,0.000578,0.000177,4.9e-05,0.000148,0.000616,7e-06,0.01967,7e-06,3e-06,4.5e-05,0.000199,1e-05,0.000962,9.6e-05,0.000101,4e-06,0.00025,2.8e-05,0.001637,0.002746,0.000194,4e-06,4e-06,0.000152,0.000505,1e-06,5e-06,3.3e-05,1.4e-05,0.00218,2.2e-05,0.000134,7e-06,5e-06,9e-06,5e-06,0.000745,1.7e-05,0.000982,9e-06,5.4e-05,4e-06,5e-06,1.1e-05,0.000736,0.001886,2.2e-05,0,4e-06,0.00014,0.000316,3e-06,0.000103,0.050247,2e-06,0.002698,2e-06,3e-06,1.1e-05,0.000533,6e-06,1e-04,0.003682,0.002961,1.3e-05,0.000996,0.000131,6.7e-05,4e-06,1.6e-05,3e-06,2e-06,2e-06,5.6e-05,4.5e-05,2e-06,0.001681,1.6e-05,2.9e-05,0.001535,2.7e-05,0,0.001131,0.000444,3e-06,2e-06,0.001408,7e-06,7.6e-05,0.000285,4.9e-05,7.2e-05,3.7e-05,5e-06,0.00469,7.7e-05,3e-06,3.6e-05,3e-06,8e-06,1.8e-05,4e-06,2.6e-05,4.1e-05,6e-06,0.002725,4.3e-05,8.4e-05,0.000662,2e-05,0.000105,0.000259,1e-06,1e-06,3e-06,3.6e-05,5e-06,0.041793,7.8e-05,9e-06,6e-06,4e-06,0.000893,8.2e-05,1.6e-05,2e-06,2.7e-05,8e-06,5e-06,0.001404,0.00079,0.001346,0.000236,0.001258,0.000108,0.000379,0.006456,0.000105,0.000135,3e-05,1.5e-05,0.000265,0.000369,0.000168,0.004354,0.000416,0.000214,4e-06,1.5e-05,2.5e-05,0.002249,7.7e-05,1.2e-05,3e-06,1.4e-05,1.9e-05,0.000362,5.5e-05,4.6e-05,0.000383,0.000259,5.8e-05,1.3e-05,0.000254,2.9e-05,0.004603,0.000686,0.000798,0.000319,1.4e-05,5e-06,4.5e-05,2.7e-05,4e-06,2.4e-05,3e-06,1e-05,0.002838,0.000649,0.002041,6e-06,0.000242,1.7e-05,1e-06,3e-06,8e-06,7e-06,0.000229,0.000225,7e-06,0.000605,1.1e-05,1e-06,1.4e-05,0.001579,7.3e-05,1.1e-05,8.5e-05,3e-06,0.000416,7.3e-05,2e-06,0.000983,3e-06,2e-06,4e-06,1e-06,1e-06,1.4e-05,6e-06
"arusha/arusha/mwandeti",0,0,0,0,0,0,0,0,0,0,0,0,0,0,0,0,0,0,0,0,0,0,0,0,0,0,0,0,0,0,0,0,0,0,0,0,0,0,0,0,0,0,0,0,0,0,0,0,0,0,0,0,0,0,0,0,0,0,0,0,0,0,0,0,0,0,0,0,0,0,0,0,0,0,0,0,0,0,0,0,0,0,0,0,0,0,0,0,0,0,0,0,0,0,0,0,0,0,0,0,0,0,0,0,0,0,0,0,0,0,0,0,0,0,0,0,0,0,0,0,0,0,0,0,0,0,0,0,0,0,0,0,0,0,0,0,0,0,0,0,0,0,0,0,0,0,0,0,0,0,0,0,0,0,0,0,0,0,0,0,0,0,0,0,0,0,0,0,0,0,0,0,0,0,0,0,0,0,0,0,0,0,0,0,0,0,0,0,0,0,0,0,0,0,0,0,0,0,0,0,0,0,0,0,0,0,0,0,0,0,0,0,0,0,0,0,0,0,0,0,0,0,0,0,0,0,0,0,0,0,0,0,0,0,0,0,0,0,0,0,0,0,0,0,0,0,0,0,0,0,0,0,0,0,0,0,0,0,0,0,0,0,0,0,0,0,0,0,0,0,0,0,0,0,0,0,0,0,0,0,0,0,0,0,0,0,0,0,0,0,0,0,0,0,0,0,0,0,0,0,0,0,0,0,0,0,0,0,0,0,0,0,0,0,0,0,0,0,0,0,0,0,0,0,0,0,0,0,0,0,0,0,0,0,0,0,0,0,0,0,0,0,0,0,0,0,0,0,0,0,0,0,0,0,0,0,0,0,0,0,0,0,0,0,0,0,0,0,0,0,0,0,0,0,0,0,0,0,0,0,0,0,0,0,0,0,0,0,0,0,0,0,0,0,0,0,0,0
"kilimanjaro/mwanga/mwanga",5e-06,0,5e-06,1e-06,0,0.000544,0,0,0,5e-06,0,0,3e-06,4.3e-05,1e-06,0,0,0,0,0,1e-06,6e-06,0,5e-06,1e-06,2e-06,0,0,0,1e-06,3e-05,0,1e-06,2.4e-05,0,0,4e-06,1e-06,0,2e-06,0,0,4e-06,1e-06,1e-06,0,0,0.000769,3.1e-05,0,0,0,0,0,1e-06,0,2e-06,0,2.5e-05,1.5e-05,3e-06,4e-06,1e-05,0,0,2.6e-05,5e-06,0,1e-06,5e-06,0,0,2e-06,0,0,4e-06,0,0,0,0,0,0,0,0,0,0,0.000765,0,1e-06,0.000106,0,0,0.002988,2e-05,0,1e-06,2.7e-05,1e-05,0.003258,0.000865,0,0,2.9e-05,5e-06,2.8e-05,0.00017,0,0.00013,9e-06,4e-06,2e-05,0.000277,0,0,6e-06,5e-06,0.000245,0,0.000944,3.8e-05,1.4e-05,0.000817,4.5e-05,0.00019,9e-06,1.1e-05,5e-06,0.000389,2.7e-05,6e-06,6e-06,0.000254,0.002856,3.2e-05,7e-06,2.2e-05,1e-06,0.000123,8.6e-05,0.000164,2.6e-05,1e-06,6e-06,1.5e-05,5e-06,0.001859,0,0.000723,0.000345,0.000167,3e-06,1.4e-05,5e-06,4e-06,0.000101,0.00012,7e-06,1e-06,2e-06,0.012356,0.000441,3.7e-05,2e-06,4.6e-05,0,0,0.001017,9e-06,4.1e-05,0.000285,1e-06,1.2e-05,0.000571,4e-05,6e-06,4e-06,2.3e-05,0,0.000207,4e-06,0,0,7.6e-05,7.9e-05,0.000649,0.033082,1e-06,2e-06,0.000412,9.9e-05,6.3e-05,0,0,0,3e-06,0,8e-06,0,0.000302,0,0.000143,2e-06,4.7e-05,1e-06,0.000346,7e-06,0.007027,8e-06,3e-06,7e-06,8e-06,0,0.001144,3e-06,0,1.6e-05,0,0.002245,3.5e-05,0.000272,0,1e-06,0,2e-06,0.00039,7e-06,0.000463,9e-06,0,0,0,0,2.6e-05,5.7e-05,1e-06,0,6e-06,2e-05,2e-06,5e-06,2.7e-05,0.000383,2e-06,0.01129,1e-06,5e-06,1.8e-05,3.9e-05,0,2e-06,0.000193,6.6e-05,0,6.2e-05,5.8e-05,3e-05,4e-06,0.000449,4e-06,2e-06,1e-06,0.000144,0,1e-06,4e-06,1e-06,0,3.9e-05,0,1e-06,3.6e-05,0,3.4e-05,2e-06,0.003762,1.3e-05,3e-05,3.2e-05,0,0,2.6e-05,0,0.000351,0,0,0,0,6e-06,0,1e-06,1e-06,9e-06,2e-06,0.000246,7.7e-05,2.1e-05,6.9e-05,1e-06,0.000177,1e-06,2e-06,1.4e-05,5e-06,7.7e-05,0,1e-05,6e-06,1e-06,0,3e-06,3.2e-05,1e-06,0,6e-06,4.2e-05,0,0,1e-04,0.000752,4.9e-05,7e-06,5.4e-05,3.9e-05,7e-05,0.000297,3e-06,3e-06,2e-06,0,1.1e-05,2.1e-05,6e-06,0.000268,1.2e-05,3e-05,0,2.5e-05,1e-06,0.000218,0,0,3e-06,0,0,0.000241,1e-05,1e-06,2.2e-05,0.000389,1e-06,0,6.7e-05,3e-06,0.000248,4e-06,8e-06,5.5e-05,0.000423,8e-06,6e-05,0,0,0,0,0,0.000178,3e-05,9e-05,0,2.5e-05,2.3e-05,1e-06,1e-06,0,4e-06,1e-05,4e-06,0,6.8e-05,0,4e-06,0,0.001278,0,0,4e-06,3e-06,0.000461,9.1e-05,3e-06,0.000113,3e-06,2e-06,3e-06,1e-06,0,0,0
"kilimanjaro/mwanga/mwaniko",0,0,0,0,0,0,0,0,0,0,0,0,0,0,0,0,0,0,0,0,0,0,0,0,0,0,0,0,0,0,0,0,0,0,0,0,0,0,0,0,0,0,0,0,0,0,0,0,0,0,0,0,0,0,0,0,0,0,0,0,0,0,0,0,0,0,0,0,0,0,0,0,0,0,0,0,0,0,0,0,0,0,0,0,0,0,0,0,0,0,0,0,0,0,0,0,0,0,0,0,0,0,0,0,0,0,0,0,0,0,0,0,0,0,0,0,0,0,0,0,0,0,0,0,0,0,0,0,0,0,0,0,0,0,0,0,0,0,0,0,0,0,0,0,0,0,0,0,0,0,0,0,0,0,0,0,0,0,0,0,0,0,0,0,0,0,0,0,0,0,0,0,0,0,0,0,0,0,0,0,0,0,0,0,0,0,0,0,0,0,0,0,0,0,0,0,0,0,0,0,0,0,0,0,0,0,0,0,0,0,0,0,0,0,0,0,0,0,0,0,0,0,0,0,0,0,0,0,0,0,0,0,0,0,0,0,0,0,0,0,0,0,0,0,0,0,0,0,0,0,0,0,0,0,0,0,0,0,0,0,0,0,0,0,0,0,0,0,0,0,0,0,0,0,0,0,0,0,0,0,0,0,0,0,0,0,0,0,0,0,0,0,0,0,0,0,0,0,0,0,0,0,0,0,0,0,0,0,0,0,0,0,0,0,0,0,0,0,0,0,0,0,0,0,0,0,0,0,0,0,0,0,0,0,0,0,0,0,0,0,0,0,0,0,0,0,0,0,0,0,0,0,0,0,0,0,0,0,0,0,0,0,0,0,0,0,0,0,0,0,0,0,0,0,0,0,0,0,0,0,0,0,0,0,0,0,0,0,0,0,0,0,0,0,0,0,0,0
"kilimanjaro/same/mwembe",0,0,0,0,0,0,0,0,0,0,0,0,0,0,0,0,0,0,0,0,0,0,0,0,0,0,0,0,0,0,0,0,0,0,0,0,0,0,0,0,0,0,0,0,0,0,0,0,0,0,0,0,0,0,0,0,0,0,0,0,0,0,0,0,0,0,0,0,0,0,0,0,0,0,0,0,0,0,0,0,0,0,0,0,0,0,0,0,0,0,0,0,0,0,0,0,0,0,0,0,0,0,0,0,0,0,0,0,0,0,0,0,0,0,0,0,0,0,0,0,0,0,0,0,0,0,0,0,0,0,0,0,0,0,0,0,0,0,0,0,0,0,0,0,0,0,0,0,0,0,0,0,0,0,0,0,0,0,0,0,0,0,0,0,0,0,0,0,0,0,0,0,0,0,0,0,0,0,0,0,0,0,0,0,0,0,0,0,0,0,0,0,0,0,0,0,0,0,0,0,0,0,0,0,0,0,0,0,0,0,0,0,0,0,0,0,0,0,0,0,0,0,0,0,0,0,0,0,0,0,0,0,0,0,0,0,0,0,0,0,0,0,0,0,0,0,0,0,0,0,0,0,0,0,0,0,0,0,0,0,0,0,0,0,0,0,0,0,0,0,0,0,0,0,0,0,0,0,0,0,0,0,0,0,0,0,0,0,0,0,0,0,0,0,0,0,0,0,0,0,0,0,0,0,0,0,0,0,0,0,0,0,0,0,0,0,0,0,0,0,0,0,0,0,0,0,0,0,0,0,0,0,0,0,0,0,0,0,0,0,0,0,0,0,0,0,0,0,0,0,0,0,0,0,0,0,0,0,0,0,0,0,0,0,0,0,0,0,0,0,0,0,0,0,0,0,0,0,0,0,0,0,0,0,0,0,0,0,0,0,0,0,0,0,0,0,0,0
"kilimanjaro/moshi/mwikakusini",0,0,0,0,0,0,0,0,0,0,0,0,0,0,0,0,0,0,0,0,0,0,0,0,0,0,0,0,0,0,0,0,0,0,0,0,0,0,0,0,0,0,0,0,0,0,0,0,0,0,0,0,0,0,0,0,0,0,0,0,0,0,0,0,0,0,0,0,0,0,0,0,0,0,0,0,0,0,0,0,0,0,0,0,0,0,0,0,0,0,0,0,0,0,0,0,0,0,0,0,0,0,0,0,0,0,0,0,0,0,0,0,0,0,0,0,0,0,0,0,0,0,0,0,0,0,0,0,0,0,0,0,0,0,0,0,0,0,0,0,0,0,0,0,0,0,0,0,0,0,0,0,0,0,0,0,0,0,0,0,0,0,0,0,0,0,0,0,0,0,0,0,0,0,0,0,0,0,0,0,0,0,0,0,0,0,0,0,0,0,0,0,0,0,0,0,0,0,0,0,0,0,0,0,0,0,0,0,0,0,0,0,0,0,0,0,0,0,0,0,0,0,0,0,0,0,0,0,0,0,0,0,0,0,0,0,0,0,0,0,0,0,0,0,0,0,0,0,0,0,0,0,0,0,0,0,0,0,0,0,0,0,0,0,0,0,0,0,0,0,0,0,0,0,0,0,0,0,0,0,0,0,0,0,0,0,0,0,0,0,0,0,0,0,0,0,0,0,0,0,0,0,0,0,0,0,0,0,0,0,0,0,0,0,0,0,0,0,0,0,0,0,0,0,0,0,0,0,0,0,0,0,0,0,0,0,0,0,0,0,0,0,0,0,0,0,0,0,0,0,0,0,0,0,0,0,0,0,0,0,0,0,0,0,0,0,0,0,0,0,0,0,0,0,0,0,0,0,0,0,0,0,0,0,0,0,0,0,0,0,0,0,0,0,0,0,0,0
"kilimanjaro/moshi/mwikakaskazini",0,0,0,0,0,0,0,0,0,0,0,0,0,0,0,0,0,0,0,0,0,0,0,0,0,0,0,0,0,0,0,0,0,0,0,0,0,0,0,0,0,0,0,0,0,0,0,0,0,0,0,0,0,0,0,0,0,0,0,0,0,0,0,0,0,0,0,0,0,0,0,0,0,0,0,0,0,0,0,0,0,0,0,0,0,0,0,0,0,0,0,0,0,0,0,0,0,0,0,0,0,0,0,0,0,0,0,0,0,0,0,0,0,0,0,0,0,0,0,0,0,0,0,0,0,0,0,0,0,0,0,0,0,0,0,0,0,0,0,0,0,0,0,0,0,0,0,0,0,0,0,0,0,0,0,0,0,0,0,0,0,0,0,0,0,0,0,0,0,0,0,0,0,0,0,0,0,0,0,0,0,0,0,0,0,0,0,0,0,0,0,0,0,0,0,0,0,0,0,0,0,0,0,0,0,0,0,0,0,0,0,0,0,0,0,0,0,0,0,0,0,0,0,0,0,0,0,0,0,0,0,0,0,0,0,0,0,0,0,0,0,0,0,0,0,0,0,0,0,0,0,0,0,0,0,0,0,0,0,0,0,0,0,0,0,0,0,0,0,0,0,0,0,0,0,0,0,0,0,0,0,0,0,0,0,0,0,0,0,0,0,0,0,0,0,0,0,0,0,0,0,0,0,0,0,0,0,0,0,0,0,0,0,0,0,0,0,0,0,0,0,0,0,0,0,0,0,0,0,0,0,0,0,0,0,0,0,0,0,0,0,0,0,0,0,0,0,0,0,0,0,0,0,0,0,0,0,0,0,0,0,0,0,0,0,0,0,0,0,0,0,0,0,0,0,0,0,0,0,0,0,0,0,0,0,0,0,0,0,0,0,0,0,0,0,0,0,0
"kilimanjaro/same/myamba",0,0,0,0,0,0,0,0,0,0,0,0,0,0,0,0,0,0,0,0,0,0,0,0,0,0,0,0,0,0,0,0,0,0,0,0,0,0,0,0,0,0,0,0,0,0,0,0,0,0,0,0,0,0,0,0,0,0,0,0,0,0,0,0,0,0,0,0,0,0,0,0,0,0,0,0,0,0,0,0,0,0,0,0,0,0,0,0,0,0,0,0,0,0,0,0,0,0,0,0,0,0,0,0,0,0,0,0,0,0,0,0,0,0,0,0,0,0,0,0,0,0,0,0,0,0,0,0,0,0,0,0,0,0,0,0,0,0,0,0,0,0,0,0,0,0,0,0,0,0,0,0,0,0,0,0,0,0,0,0,0,0,0,0,0,0,0,0,0,0,0,0,0,0,0,0,0,0,0,0,0,0,0,0,0,0,0,0,0,0,0,0,0,0,0,0,0,0,0,0,0,0,0,0,0,0,0,0,0,0,0,0,0,0,0,0,0,0,0,0,0,0,0,0,0,0,0,0,0,0,0,0,0,0,0,0,0,0,0,0,0,0,0,0,0,0,0,0,0,0,0,0,0,0,0,0,0,0,0,0,0,0,0,0,0,0,0,0,0,0,0,0,0,0,0,0,0,0,0,0,0,0,0,0,0,0,0,0,0,0,0,0,0,0,0,0,0,0,0,0,0,0,0,0,0,0,0,0,0,0,0,0,0,0,0,0,0,0,0,0,0,0,0,0,0,0,0,0,0,0,0,0,0,0,0,0,0,0,0,0,0,0,0,0,0,0,0,0,0,0,0,0,0,0,0,0,0,0,0,0,0,0,0,0,0,0,0,0,0,0,0,0,0,0,0,0,0,0,0,0,0,0,0,0,0,0,0,0,0,0,0,0,0,0,0,0,0,0
"manyara/simanjiro/naberera",0.001215,5.7e-05,0.000142,0.000418,1.6e-05,0.012612,5e-06,7e-06,1.6e-05,0.004179,6.5e-05,1e-05,0.000762,0.01263,0.000361,2e-05,1.7e-05,7.7e-05,1.2e-05,4.5e-05,0.000166,0.000928,1.6e-05,0.000171,0.000174,5.1e-05,3e-05,1.6e-05,1.8e-05,0.000274,0.007849,8.8e-05,0.000114,0.000182,8.5e-05,3.1e-05,0.001135,0.000739,4.9e-05,0.000506,1.2e-05,1e-05,0.00348,0.000452,0.000544,1.7e-05,0.000145,0.212342,0.04247,3e-05,1.4e-05,1.9e-05,2.4e-05,1.3e-05,0.000616,7e-06,0.000454,7.1e-05,0.03904,0.007992,0.001022,0.00183,0.002209,0.000273,0,0.009043,0.001997,8e-06,0.000364,0.007658,1.6e-05,2e-06,0.000184,0.000208,4.7e-05,0.001327,0.000134,6e-06,7e-06,8e-06,5e-06,7.4e-05,1e-05,1.5e-05,2.7e-05,1e-05,0.058844,9e-06,0.000344,0.037479,6e-06,1.1e-05,0.047241,0.004973,6.8e-05,0.00077,0.002384,8.3e-05,0.035766,0.007736,1.2e-05,1.3e-05,0.004768,0.001671,0.00087,0.013856,1.5e-05,0.005301,0.001236,0.002707,0.001692,0.010507,0.000312,4.1e-05,0.000174,0.000135,0.024772,7.7e-05,0.028246,0.001956,0.001105,0.037369,0.000236,0.000991,9.8e-05,0.002179,0.004869,0.086509,0.007171,0.000159,0.000138,0.005898,0.015137,0.001196,8.5e-05,0.006602,0.000301,0.00331,0.015158,0.007801,0.003509,0.000145,0.002024,0.000702,0.000204,0.013941,3.2e-05,0.013405,0.009261,0.003354,0.000111,0.000389,0.000172,0.000397,0.008394,0.046179,0.000423,0.000202,0.00198,0.331561,0.002216,0.121877,7.8e-05,0.000733,9e-06,1e-05,0.004791,0.001366,0.01374,0.00199,0.001394,0.007788,0.160775,0.025781,0.000546,0.016367,0.02911,4.4e-05,0.008154,0.003539,8.1e-05,8.4e-05,0.023868,0.001827,0.03954,0.59103,6.6e-05,0.000141,0.023252,0.006592,0.002729,0.000135,0.000301,1.7e-05,0.003266,0.000138,0.000153,2.1e-05,0.009965,1.4e-05,0.026624,0.003574,0.015991,0.000196,0.010289,0.000836,0.086728,0.006211,0.000889,0.00018,0.000171,0.000116,0.023359,6.4e-05,7e-06,0.002026,9e-06,0.075603,0.000962,0.006293,1.6e-05,0.000166,1.1e-05,0.000156,0.02943,0.000557,0.03259,0.000502,5.3e-05,8e-06,7e-06,1.5e-05,0.006271,0.023289,0.000397,1.3e-05,0.000199,0.008895,0.000947,0.000117,0.006396,0.139964,7.9e-05,0.321626,0.000155,0.000162,0.00056,0.012329,1.4e-05,0.001213,0.05618,0.028805,9.1e-05,0.019427,0.003687,0.005401,0.000145,0.001285,0.000131,0.000191,0.000133,0.008396,2.8e-05,0.000151,0.002924,0.000137,1.8e-05,0.01382,1.3e-05,0.000672,0.011318,0.038846,0.000193,0.000261,0.067081,0.000327,0.00562,0,1.8e-05,0.000178,0.003599,1.9e-05,0.057478,4.2e-05,0.000109,4.2e-05,6e-06,0.000277,2.2e-05,0.000116,0.001161,0.00095,0.000408,0.075609,0.002223,0.002096,0.017617,0.000308,0.021746,0.000518,5.6e-05,8.8e-05,0.000154,0.004538,0.000142,0.009577,0.001528,0.000216,0.000119,0.000138,0.016498,0.00037,0.000292,0.000137,0.001283,1.2e-05,4.9e-05,0.028894,0.0281,0.035574,0.005929,0.014774,0.003956,0.007577,0.114648,0.001068,0.001369,0.000544,0.000119,0.00358,0.006076,0.002002,0.068694,0.003252,0.098808,0.000154,0.000819,0.000159,0.050652,0.000199,1.4e-05,0.000122,1.8e-05,2.8e-05,0.062214,0.004539,0.000302,0.005544,0.031975,0.000415,7e-06,0.00722,0.000638,0.072525,0.002615,0.003785,0.054073,0.001233,0.000227,0.002315,1.9e-05,1.2e-05,2.2e-05,8e-06,8e-05,0.048427,0.014913,0.030025,0.000121,0.005119,0.000858,0.000103,0.000234,0.000299,0.000208,0.004168,0.007464,0.000123,0.013788,8e-06,9.8e-05,1.2e-05,0.052019,0.00012,6e-06,0.001328,0.00014,0.018429,0.003217,0.000102,0.026065,0.000102,0.000215,0.000351,7.5e-05,6.9e-05,1.3e-05,9e-06
"manyara/mbulu/nahasey",0,0,0,0,0,0,0,0,0,0,0,0,0,0,0,0,0,0,0,0,0,0,0,0,0,0,0,0,0,0,0,0,0,0,0,0,0,0,0,0,0,0,0,0,0,0,0,0,0,0,0,0,0,0,0,0,0,0,0,0,0,0,0,0,0,0,0,0,0,0,0,0,0,0,0,0,0,0,0,0,0,0,0,0,0,0,0,0,0,0,0,0,0,0,0,0,0,0,0,0,0,0,0,0,0,0,0,0,0,0,0,0,0,0,0,0,0,0,0,0,0,0,0,0,0,0,0,0,0,0,0,0,0,0,0,0,0,0,0,0,0,0,0,0,0,0,0,0,0,0,0,0,0,0,0,0,0,0,0,0,0,0,0,0,0,0,0,0,0,0,0,0,0,0,0,0,0,0,0,0,0,0,0,0,0,0,0,0,0,0,0,0,0,0,0,0,0,0,0,0,0,0,0,0,0,0,0,0,0,0,0,0,0,0,0,0,0,0,0,0,0,0,0,0,0,0,0,0,0,0,0,0,0,0,0,0,0,0,0,0,0,0,0,0,0,0,0,0,0,0,0,0,0,0,0,0,0,0,0,0,0,0,0,0,0,0,0,0,0,0,0,0,0,0,0,0,0,0,0,0,0,0,0,0,0,0,0,0,0,0,0,0,0,0,0,0,0,0,0,0,0,0,0,0,0,0,0,0,0,0,0,0,0,0,0,0,0,0,0,0,0,0,0,0,0,0,0,0,0,0,0,0,0,0,0,0,0,0,0,0,0,0,0,0,0,0,0,0,0,0,0,0,0,0,0,0,0,0,0,0,0,0,0,0,0,0,0,0,0,0,0,0,0,0,0,0,0,0,0,0,0,0,0,0,0,0,0,0,0,0,0,0,0,0,0,0,0,0
"arusha/ngorongoro/nainokanoka",1.7e-05,0.000196,1e-06,0.000111,1e-06,4.3e-05,1e-06,1e-06,0,0.000132,2e-06,0,1.4e-05,0.000202,5.7e-05,3e-06,1e-06,3e-06,0,1e-06,1e-06,8e-06,0,1e-06,1e-06,0,1e-06,4e-06,0,1e-06,7.6e-05,1e-06,0,0,4.3e-05,1e-06,2.1e-05,2.3e-05,6e-06,0.000105,1e-06,0,2e-05,2.3e-05,3e-06,1e-06,4.2e-05,0.005383,0.000285,9e-06,1e-06,1.1e-05,1.4e-05,1e-06,1.4e-05,0,2e-06,1e-06,2e-05,0.002644,7.8e-05,0.00155,0.000166,2e-06,0,0.000127,0.000124,1e-06,0.000126,6.6e-05,2.7e-05,0,3e-06,2.8e-05,1e-06,0.000262,8.5e-05,0,0,0,0,1e-06,1e-06,0,1e-06,1e-06,4e-04,1e-06,1.6e-05,6.8e-05,0,0,0.000285,0.000117,3e-05,9.9e-05,2.8e-05,0,0.000134,3.3e-05,1e-06,3e-06,1.9e-05,3.3e-05,5e-06,0.000262,4e-06,3.3e-05,2.1e-05,0.002306,2e-05,9.8e-05,7e-06,1e-06,1e-06,1e-06,0.000141,0,0.000174,1.8e-05,7e-06,0.000339,1e-06,3e-06,0,7e-06,1.6e-05,0.000579,5.4e-05,1e-06,1e-06,2.3e-05,6e-05,7e-06,0,0.000114,7e-06,2e-05,0.001023,5.5e-05,3.2e-05,0,4.4e-05,5e-06,2e-06,4.2e-05,1e-06,7.1e-05,6.2e-05,2e-05,1e-06,1e-06,2e-06,1e-06,3.3e-05,0.001701,3e-06,3e-05,3e-06,0.002584,9e-06,0.000113,0,2e-06,0,0,1.1e-05,1.9e-05,0.000218,4e-06,6e-06,0.000903,0.003616,1.5e-05,7e-06,2.1e-05,0.000405,3e-06,5.3e-05,1.3e-05,0,2.3e-05,5.3e-05,8e-06,0.000386,0.010296,1e-06,1e-06,0.000187,5.9e-05,1.4e-05,8e-06,3.3e-05,1e-06,8.4e-05,1e-06,1e-06,1e-06,6e-05,1.7e-05,0.000296,8e-06,2.2e-05,1e-06,8.2e-05,1e-05,0.000478,0.000582,0.000694,1e-06,1e-06,2e-06,0.000157,0,2e-06,8e-06,2e-06,0.000745,7e-06,4.2e-05,1e-06,1e-06,0,2e-06,0.000234,6e-06,0.000346,2e-06,1e-05,0,0,1e-06,0.001061,0.000487,3e-06,0,1e-06,3e-05,0.002489,1e-06,2.2e-05,0.007665,0,0.000635,0,1e-06,3e-06,0.000138,0,1.9e-05,0.001193,0.002209,6e-06,0.000276,5.2e-05,1.5e-05,1e-06,4e-06,1e-06,0,0,1.3e-05,2e-06,0,0.001652,2.1e-05,1e-06,0.000592,0,3.3e-05,0.000507,0.000111,1e-06,0,0.00043,2e-06,1.8e-05,3.4e-05,2e-06,0,8e-06,5.3e-05,0.003676,4e-06,0,1e-06,0,3e-06,1e-06,1e-06,3e-06,1.8e-05,1e-06,0.000643,1.3e-05,3.5e-05,0.000279,6e-06,2.1e-05,0.000766,0,0,1e-06,8e-06,1e-06,0.000596,2.4e-05,3e-06,2e-06,1e-06,0.000262,0.000313,2e-06,1e-06,9e-06,1.3e-05,7e-06,0.000696,0.000274,0.000251,3.1e-05,0.000569,3.4e-05,0.000189,0.002378,0.000144,0.000208,9e-06,1.5e-05,9e-05,0.000123,6.4e-05,0.003559,0.000556,3.1e-05,1e-06,4e-06,6e-05,0.000685,2e-06,1.4e-05,1e-06,2.5e-05,1e-06,7.2e-05,1.1e-05,9.4e-05,0.000158,5.8e-05,9.8e-05,1e-06,9.4e-05,9e-06,0.00143,0.001076,0.00026,5.1e-05,4e-06,2e-06,1.3e-05,1e-06,0,1e-06,0,1.2e-05,0.000917,0.00018,0.000608,1e-06,8.6e-05,5e-06,0,1e-06,1e-06,2e-06,5.3e-05,1.9e-05,2e-06,0.000356,1e-06,0,1e-06,0.000561,6e-06,1e-06,2.6e-05,1e-06,0.000131,2.3e-05,1e-06,0.000281,1e-06,1e-06,1e-06,0,0,1e-06,1e-06
"manyara/simanjiro/naisinyai",0,0,0,0,0,0,0,0,0,0,0,0,0,0,0,0,0,0,0,0,0,0,0,0,0,0,0,0,0,0,0,0,0,0,0,0,0,0,0,0,0,0,0,0,0,0,0,0,0,0,0,0,0,0,0,0,0,0,0,0,0,0,0,0,0,0,0,0,0,0,0,0,0,0,0,0,0,0,0,0,0,0,0,0,0,0,0,0,0,0,0,0,0,0,0,0,0,0,0,0,0,0,0,0,0,0,0,0,0,0,0,0,0,0,0,0,0,0,0,0,0,0,0,0,0,0,0,0,0,0,0,0,0,0,0,0,0,0,0,0,0,0,0,0,0,0,0,0,0,0,0,0,0,0,0,0,0,0,0,0,0,0,0,0,0,0,0,0,0,0,0,0,0,0,0,0,0,0,0,0,0,0,0,0,0,0,0,0,0,0,0,0,0,0,0,0,0,0,0,0,0,0,0,0,0,0,0,0,0,0,0,0,0,0,0,0,0,0,0,0,0,0,0,0,0,0,0,0,0,0,0,0,0,0,0,0,0,0,0,0,0,0,0,0,0,0,0,0,0,0,0,0,0,0,0,0,0,0,0,0,0,0,0,0,0,0,0,0,0,0,0,0,0,0,0,0,0,0,0,0,0,0,0,0,0,0,0,0,0,0,0,0,0,0,0,0,0,0,0,0,0,0,0,0,0,0,0,0,0,0,0,0,0,0,0,0,0,0,0,0,0,0,0,0,0,0,0,0,0,0,0,0,0,0,0,0,0,0,0,0,0,0,0,0,0,0,0,0,0,0,0,0,0,0,0,0,0,0,0,0,0,0,0,0,0,0,0,0,0,0,0,0,0,0,0,0,0,0,0,0,0,0,0,0,0,0,0,0,0,0,0,0,0,0,0,0,0,0
"arusha/ngorongoro/naiyobi",0,0,0,0,0,0,0,0,0,0,0,0,0,0,0,0,0,0,0,0,0,0,0,0,0,0,0,0,0,0,0,0,0,0,0,0,0,0,0,0,0,0,0,0,0,0,0,0,0,0,0,0,0,0,0,0,0,0,0,0,0,0,0,0,0,0,0,0,0,0,0,0,0,0,0,0,0,0,0,0,0,0,0,0,0,0,0,0,0,0,0,0,0,0,0,0,0,0,0,0,0,0,0,0,0,0,0,0,0,0,0,0,0,0,0,0,0,0,0,0,0,0,0,0,0,0,0,0,0,0,0,0,0,0,0,0,0,0,0,0,0,0,0,0,0,0,0,0,0,0,0,0,0,0,0,0,0,0,0,0,0,0,0,0,0,0,0,0,0,0,0,0,0,0,0,0,0,0,0,0,0,0,0,0,0,0,0,0,0,0,0,0,0,0,0,0,0,0,0,0,0,0,0,0,0,0,0,0,0,0,0,0,0,0,0,0,0,0,0,0,0,0,0,0,0,0,0,0,0,0,0,0,0,0,0,0,0,0,0,0,0,0,0,0,0,0,0,0,0,0,0,0,0,0,0,0,0,0,0,0,0,0,0,0,0,0,0,0,0,0,0,0,0,0,0,0,0,0,0,0,0,0,0,0,0,0,0,0,0,0,0,0,0,0,0,0,0,0,0,0,0,0,0,0,0,0,0,0,0,0,0,0,0,0,0,0,0,0,0,0,0,0,0,0,0,0,0,0,0,0,0,0,0,0,0,0,0,0,0,0,0,0,0,0,0,0,0,0,0,0,0,0,0,0,0,0,0,0,0,0,0,0,0,0,0,0,0,0,0,0,0,0,0,0,0,0,0,0,0,0,0,0,0,0,0,0,0,0,0,0,0,0,0,0,0,0,0,0
"arusha/longido/namanga",9e-06,1e-06,1e-06,7e-06,0,3e-05,0,0,0,1e-05,0,0,8e-06,9.3e-05,2e-06,0,0,0,0,0,0,1e-05,0,1e-06,0,0,0,0,0,0,2.8e-05,0,0,0,1e-06,0,8e-06,2e-06,0,2.2e-05,0,0,5e-06,1e-06,1e-06,0,7e-06,0.002065,3.6e-05,0,0,0,0,0,1e-06,0,1e-06,0,6e-06,6.1e-05,0.000479,4.2e-05,0.000212,0,0,4.9e-05,2.5e-05,0,3e-06,7e-06,0,0,5e-06,1e-06,0,0.000105,8e-06,0,0,0,0,0,0,0,0,0,0.000361,0,1e-06,2.4e-05,0,0,0.000253,7.1e-05,4e-06,4e-06,4.1e-05,0,9.9e-05,2.6e-05,0,0,7e-06,1.4e-05,4e-06,0.000821,0,3.2e-05,2.7e-05,1.8e-05,2.9e-05,0.000133,1e-06,0,2e-06,1e-06,0.000108,0,0.000174,2.5e-05,9e-06,0.000453,0,2e-06,0,3e-06,4e-06,0.000426,2.8e-05,1e-06,1e-06,2.1e-05,4.4e-05,7e-06,0,5e-05,3e-06,2.1e-05,0.067183,5.9e-05,2.8e-05,0,1.8e-05,6e-06,3e-06,2.4e-05,0,6.4e-05,6.5e-05,1.9e-05,1e-06,0,2e-06,0,1.5e-05,0.000397,4e-06,1.5e-05,1e-06,0.002515,6e-06,2.4e-05,0,1e-06,0,0,7e-06,2e-05,8.4e-05,2e-06,1e-06,5.2e-05,0.001459,5e-06,1.2e-05,4e-06,3.9e-05,3.5e-05,5.5e-05,3e-06,0,2e-06,1.8e-05,7e-06,0.000519,0.009862,1e-06,2e-06,0.000216,7.3e-05,1.2e-05,0,1e-06,0,5e-06,0,1e-06,0,5.9e-05,0,0.000211,1e-06,8e-06,1e-06,9.6e-05,1.1e-05,0.000409,2.6e-05,2.1e-05,1e-06,1e-06,0,0.000149,0,0,3e-06,0,0.000912,8e-06,4.3e-05,0,1e-06,0,2e-06,0.000245,7e-06,0.000487,2e-06,0,0,0,0,0.00108,0.000131,1e-06,0,2e-06,1.4e-05,1e-05,1e-06,1.1e-05,0.000884,0,0.000316,0,1e-06,3e-06,6e-05,0,4e-06,0.000517,0.000564,1e-06,0.000117,0.00011,6e-06,2e-06,3e-06,1e-06,0,0,7e-06,0,0,1.8e-05,3.7e-05,0,0.000155,0,2e-06,0.000179,6.9e-05,0,0,0.000407,2e-06,7e-06,1e-05,0,3e-06,4e-06,1e-06,0,0,0,0,0,5e-06,0,2e-06,1e-06,5.1e-05,1e-06,0.000279,1.3e-05,7.1e-05,0.000295,2e-06,9e-06,6e-06,0,0,1e-06,4e-06,0,2.4e-05,1.3e-05,2e-06,1e-06,2e-06,8.3e-05,4e-06,0,1e-06,9e-06,0,2e-06,0.000702,0.000367,6.7e-05,7e-06,0.000274,3.4e-05,0.000878,0.001032,1.9e-05,2.9e-05,4e-06,3e-06,3.5e-05,5.8e-05,2.4e-05,0.020236,0.000114,9e-06,0,4e-06,9e-06,0.000399,0,0,1e-06,0,0,2.7e-05,4e-06,1.1e-05,9.2e-05,2.5e-05,1.5e-05,0,0.000127,5e-06,0.00061,2.7e-05,3e-05,1.8e-05,2e-06,2e-06,1.2e-05,0,0,0,0,2e-06,0.000446,6.6e-05,0.000222,0,6.3e-05,5e-06,0,0,0,4e-06,1.7e-05,3e-06,1e-06,0.00211,0,0,0,0.000808,0,0,1e-05,1e-06,0.000145,2.7e-05,1e-06,0.000164,1e-06,0,0,0,0,0,0
"manyara/mbulu/nambisi",0,0,0,0,0,0,0,0,0,0,0,0,0,0,0,0,0,0,0,0,0,0,0,0,0,0,0,0,0,0,0,0,0,0,0,0,0,0,0,0,0,0,0,0,0,0,0,0,0,0,0,0,0,0,0,0,0,0,0,0,0,0,0,0,0,0,0,0,0,0,0,0,0,0,0,0,0,0,0,0,0,0,0,0,0,0,0,0,0,0,0,0,0,0,0,0,0,0,0,0,0,0,0,0,0,0,0,0,0,0,0,0,0,0,0,0,0,0,0,0,0,0,0,0,0,0,0,0,0,0,0,0,0,0,0,0,0,0,0,0,0,0,0,0,0,0,0,0,0,0,0,0,0,0,0,0,0,0,0,0,0,0,0,0,0,0,0,0,0,0,0,0,0,0,0,0,0,0,0,0,0,0,0,0,0,0,0,0,0,0,0,0,0,0,0,0,0,0,0,0,0,0,0,0,0,0,0,0,0,0,0,0,0,0,0,0,0,0,0,0,0,0,0,0,0,0,0,0,0,0,0,0,0,0,0,0,0,0,0,0,0,0,0,0,0,0,0,0,0,0,0,0,0,0,0,0,0,0,0,0,0,0,0,0,0,0,0,0,0,0,0,0,0,0,0,0,0,0,0,0,0,0,0,0,0,0,0,0,0,0,0,0,0,0,0,0,0,0,0,0,0,0,0,0,0,0,0,0,0,0,0,0,0,0,0,0,0,0,0,0,0,0,0,0,0,0,0,0,0,0,0,0,0,0,0,0,0,0,0,0,0,0,0,0,0,0,0,0,0,0,0,0,0,0,0,0,0,0,0,0,0,0,0,0,0,0,0,0,0,0,0,0,0,0,0,0,0,0,0,0,0,0,0,0,0,0,0,0,0,0,0,0,0,0,0,0,0,0
"manyara/kiteto/namelock",0,0,0,0,0,0,0,0,0,0,0,0,0,0,0,0,0,0,0,0,0,0,0,0,0,0,0,0,0,0,0,0,0,0,0,0,0,0,0,0,0,0,0,0,0,0,0,0,0,0,0,0,0,0,0,0,0,0,0,0,0,0,0,0,0,0,0,0,0,0,0,0,0,0,0,0,0,0,0,0,0,0,0,0,0,0,0,0,0,0,0,0,0,0,0,0,0,0,0,0,0,0,0,0,0,0,0,0,0,0,0,0,0,0,0,0,0,0,0,0,0,0,0,0,0,0,0,0,0,0,0,0,0,0,0,0,0,0,0,0,0,0,0,0,0,0,0,0,0,0,0,0,0,0,0,0,0,0,0,0,0,0,0,0,0,0,0,0,0,0,0,0,0,0,0,0,0,0,0,0,0,0,0,0,0,0,0,0,0,0,0,0,0,0,0,0,0,0,0,0,0,0,0,0,0,0,0,0,0,0,0,0,0,0,0,0,0,0,0,0,0,0,0,0,0,0,0,0,0,0,0,0,0,0,0,0,0,0,0,0,0,0,0,0,0,0,0,0,0,0,0,0,0,0,0,0,0,0,0,0,0,0,0,0,0,0,0,0,0,0,0,0,0,0,0,0,0,0,0,0,0,0,0,0,0,0,0,0,0,0,0,0,0,0,0,0,0,0,0,0,0,0,0,0,0,0,0,0,0,0,0,0,0,0,0,0,0,0,0,0,0,0,0,0,0,0,0,0,0,0,0,0,0,0,0,0,0,0,0,0,0,0,0,0,0,0,0,0,0,0,0,0,0,0,0,0,0,0,0,0,0,0,0,0,0,0,0,0,0,0,0,0,0,0,0,0,0,0,0,0,0,0,0,0,0,0,0,0,0,0,0,0,0,0,0,0,0,0
"manyara/babatiurban/nangara",1e-05,3e-06,1e-06,1.8e-05,2.7e-05,4.1e-05,3e-06,3e-06,5e-05,0.057087,0.000462,3e-06,7e-06,0.000116,6.9e-05,7e-06,6e-06,6.1e-05,4e-06,1.4e-05,1e-06,7e-06,3.6e-05,1e-06,1e-06,0,0.000197,4e-06,0,1e-06,4.3e-05,3e-06,0,1e-06,1.1e-05,2.5e-05,1.1e-05,0.000962,1.5e-05,1.7e-05,5e-06,4e-06,7.1e-05,0.000254,1.6e-05,3.8e-05,4e-06,0.002781,0.001059,5e-06,7e-06,2e-06,3e-06,4e-06,0.000628,7e-06,2e-06,3.2e-05,4.3e-05,0.000664,2.2e-05,7.3e-05,3.9e-05,7e-06,0,8.1e-05,4e-05,2e-06,3.3e-05,0.002804,2e-06,1e-06,2e-06,8e-05,1.3e-05,3.9e-05,5e-06,3e-06,2e-06,2e-06,6e-06,0.000114,5e-06,5e-06,1.9e-05,3e-06,0.000302,3e-06,8.5e-05,0.000147,5e-06,2e-06,0.000255,5.3e-05,2e-06,0.000318,1.7e-05,0,0.000129,3.1e-05,7e-06,1e-06,2.6e-05,1.7e-05,4e-06,0.000146,3e-06,2.6e-05,1.1e-05,0.000292,1.2e-05,7.4e-05,0.000148,0,1e-06,1e-06,0.000112,2e-06,0.000142,1.3e-05,7e-06,0.000243,1e-06,3e-06,0,1.1e-05,5.9e-05,0.000555,4.1e-05,1e-06,1e-06,2.8e-05,5.9e-05,6e-06,0,6.3e-05,3e-06,1.7e-05,0.000274,4.2e-05,2.1e-05,1e-06,2.2e-05,4e-06,2e-06,4.6e-05,5e-05,6.2e-05,5e-05,1.7e-05,1e-06,1e-06,1e-06,1e-06,4.1e-05,0.00076,3e-06,5e-06,7e-06,0.002098,9e-06,0.000394,0,2e-06,2e-06,3e-06,1.2e-05,1.1e-05,0.000131,5e-06,1.9e-05,0.000305,0.001916,2.7e-05,4e-06,0.000192,0.001193,1e-06,4.2e-05,3.1e-05,0,3e-06,8.5e-05,7e-06,0.000261,0.005235,1e-06,1e-06,0.000135,4e-05,1.1e-05,0.000134,8.4e-05,5e-06,0.002424,3e-06,1e-06,7.3e-05,4.9e-05,1e-06,0.000186,4.8e-05,4.7e-05,1e-06,6.5e-05,6e-06,0.000434,0.00035,4.2e-05,1e-06,1e-06,5.2e-05,0.000136,0,1e-06,1.1e-05,2e-06,0.000585,6e-06,3.5e-05,6e-06,1e-06,1.4e-05,1e-06,0.000167,4e-06,0.000224,2e-06,1.4e-05,6e-06,9e-06,6e-06,0.000166,0.000287,1.3e-05,0,1e-06,3.9e-05,6e-05,1e-06,2.1e-05,0.003857,0,0.001107,1e-06,1e-06,3e-06,9.3e-05,6e-06,1.5e-05,0.000614,0.000639,2e-06,0.00017,3.2e-05,2.2e-05,1e-06,4e-06,1e-06,1e-06,1e-06,2e-05,3e-06,1e-06,0.000263,3e-06,1.4e-05,0.000227,8e-05,0.000233,0.000177,0.00012,1e-06,1e-06,0.000372,2e-06,2.5e-05,0.000114,1e-05,1.1e-05,8e-06,1e-06,0.001065,2.6e-05,2e-06,0,4e-06,2e-06,1.5e-05,1e-06,1.2e-05,9e-06,2e-06,0.000495,1.1e-05,1.8e-05,0.000178,3e-06,2.8e-05,4.8e-05,0,0,1e-06,1.1e-05,3e-06,0.001891,1.4e-05,2e-06,1e-06,1e-06,0.000198,2.4e-05,1e-05,1e-06,7e-06,1e-06,2e-06,0.000362,0.000206,0.000308,4e-05,0.000207,2.3e-05,8.7e-05,0.001502,3.9e-05,4.9e-05,5e-06,4e-06,4.3e-05,6.2e-05,2.7e-05,0.001248,0.000109,0.000102,3e-06,4e-06,5e-06,0.00041,7e-05,2e-06,1e-06,2e-06,8.4e-05,0.000113,1.9e-05,1.1e-05,6.6e-05,7.8e-05,1.4e-05,3e-06,5.4e-05,5e-06,0.00077,0.000122,9.9e-05,9.8e-05,4e-06,1e-06,1.1e-05,6.6e-05,8e-06,0.000351,5e-06,3e-06,0.000486,0.00015,0.00033,3e-06,4.5e-05,4e-06,0,1e-06,5e-06,2e-06,3.7e-05,5.7e-05,1e-06,0.000184,4e-06,0,9e-06,0.000413,6.3e-05,2e-06,1.4e-05,1e-06,1e-04,1.8e-05,1e-06,0.000183,1e-06,1e-06,1e-06,0,0,7e-06,2e-06
"manyara/hanang/nangwa",0,0,0,0,0,0,0,0,0,0,0,0,0,0,0,0,0,0,0,0,0,0,0,0,0,0,0,0,0,0,0,0,0,0,0,0,0,0,0,0,0,0,0,0,0,0,0,0,0,0,0,0,0,0,0,0,0,0,0,0,0,0,0,0,0,0,0,0,0,0,0,0,0,0,0,0,0,0,0,0,0,0,0,0,0,0,0,0,0,0,0,0,0,0,0,0,0,0,0,0,0,0,0,0,0,0,0,0,0,0,0,0,0,0,0,0,0,0,0,0,0,0,0,0,0,0,0,0,0,0,0,0,0,0,0,0,0,0,0,0,0,0,0,0,0,0,0,0,0,0,0,0,0,0,0,0,0,0,0,0,0,0,0,0,0,0,0,0,0,0,0,0,0,0,0,0,0,0,0,0,0,0,0,0,0,0,0,0,0,0,0,0,0,0,0,0,0,0,0,0,0,0,0,0,0,0,0,0,0,0,0,0,0,0,0,0,0,0,0,0,0,0,0,0,0,0,0,0,0,0,0,0,0,0,0,0,0,0,0,0,0,0,0,0,0,0,0,0,0,0,0,0,0,0,0,0,0,0,0,0,0,0,0,0,0,0,0,0,0,0,0,0,0,0,0,0,0,0,0,0,0,0,0,0,0,0,0,0,0,0,0,0,0,0,0,0,0,0,0,0,0,0,0,0,0,0,0,0,0,0,0,0,0,0,0,0,0,0,0,0,0,0,0,0,0,0,0,0,0,0,0,0,0,0,0,0,0,0,0,0,0,0,0,0,0,0,0,0,0,0,0,0,0,0,0,0,0,0,0,0,0,0,0,0,0,0,0,0,0,0,0,0,0,0,0,0,0,0,0,0,0,0,0,0,0,0,0,0,0,0,0,0,0,0,0,0,0,0
"kilimanjaro/rombo/nanjarareha",0,0,0,0,0,0,0,0,0,0,0,0,0,0,0,0,0,0,0,0,0,0,0,0,0,0,0,0,0,0,0,0,0,0,0,0,0,0,0,0,0,0,0,0,0,0,0,0,0,0,0,0,0,0,0,0,0,0,0,0,0,0,0,0,0,0,0,0,0,0,0,0,0,0,0,0,0,0,0,0,0,0,0,0,0,0,0,0,0,0,0,0,0,0,0,0,0,0,0,0,0,0,0,0,0,0,0,0,0,0,0,0,0,0,0,0,0,0,0,0,0,0,0,0,0,0,0,0,0,0,0,0,0,0,0,0,0,0,0,0,0,0,0,0,0,0,0,0,0,0,0,0,0,0,0,0,0,0,0,0,0,0,0,0,0,0,0,0,0,0,0,0,0,0,0,0,0,0,0,0,0,0,0,0,0,0,0,0,0,0,0,0,0,0,0,0,0,0,0,0,0,0,0,0,0,0,0,0,0,0,0,0,0,0,0,0,0,0,0,0,0,0,0,0,0,0,0,0,0,0,0,0,0,0,0,0,0,0,0,0,0,0,0,0,0,0,0,0,0,0,0,0,0,0,0,0,0,0,0,0,0,0,0,0,0,0,0,0,0,0,0,0,0,0,0,0,0,0,0,0,0,0,0,0,0,0,0,0,0,0,0,0,0,0,0,0,0,0,0,0,0,0,0,0,0,0,0,0,0,0,0,0,0,0,0,0,0,0,0,0,0,0,0,0,0,0,0,0,0,0,0,0,0,0,0,0,0,0,0,0,0,0,0,0,0,0,0,0,0,0,0,0,0,0,0,0,0,0,0,0,0,0,0,0,0,0,0,0,0,0,0,0,0,0,0,0,0,0,0,0,0,0,0,0,0,0,0,0,0,0,0,0,0,0,0,0,0,0
"manyara/babati/nar",0,0,0,0,0,0,0,0,0,0,0,0,0,0,0,0,0,0,0,0,0,0,0,0,0,0,0,0,0,0,0,0,0,0,0,0,0,0,0,0,0,0,0,0,0,0,0,0,0,0,0,0,0,0,0,0,0,0,0,0,0,0,0,0,0,0,0,0,0,0,0,0,0,0,0,0,0,0,0,0,0,0,0,0,0,0,0,0,0,0,0,0,0,0,0,0,0,0,0,0,0,0,0,0,0,0,0,0,0,0,0,0,0,0,0,0,0,0,0,0,0,0,0,0,0,0,0,0,0,0,0,0,0,0,0,0,0,0,0,0,0,0,0,0,0,0,0,0,0,0,0,0,0,0,0,0,0,0,0,0,0,0,0,0,0,0,0,0,0,0,0,0,0,0,0,0,0,0,0,0,0,0,0,0,0,0,0,0,0,0,0,0,0,0,0,0,0,0,0,0,0,0,0,0,0,0,0,0,0,0,0,0,0,0,0,0,0,0,0,0,0,0,0,0,0,0,0,0,0,0,0,0,0,0,0,0,0,0,0,0,0,0,0,0,0,0,0,0,0,0,0,0,0,0,0,0,0,0,0,0,0,0,0,0,0,0,0,0,0,0,0,0,0,0,0,0,0,0,0,0,0,0,0,0,0,0,0,0,0,0,0,0,0,0,0,0,0,0,0,0,0,0,0,0,0,0,0,0,0,0,0,0,0,0,0,0,0,0,0,0,0,0,0,0,0,0,0,0,0,0,0,0,0,0,0,0,0,0,0,0,0,0,0,0,0,0,0,0,0,0,0,0,0,0,0,0,0,0,0,0,0,0,0,0,0,0,0,0,0,0,0,0,0,0,0,0,0,0,0,0,0,0,0,0,0,0,0,0,0,0,0,0,0,0,0,0,0,0
"kilimanjaro/siha/nasai",0,0,0,0,0,0,0,0,0,0,0,0,0,0,0,0,0,0,0,0,0,0,0,0,0,0,0,0,0,0,0,0,0,0,0,0,0,0,0,0,0,0,0,0,0,0,0,0,0,0,0,0,0,0,0,0,0,0,0,0,0,0,0,0,0,0,0,0,0,0,0,0,0,0,0,0,0,0,0,0,0,0,0,0,0,0,0,0,0,0,0,0,0,0,0,0,0,0,0,0,0,0,0,0,0,0,0,0,0,0,0,0,0,0,0,0,0,0,0,0,0,0,0,0,0,0,0,0,0,0,0,0,0,0,0,0,0,0,0,0,0,0,0,0,0,0,0,0,0,0,0,0,0,0,0,0,0,0,0,0,0,0,0,0,0,0,0,0,0,0,0,0,0,0,0,0,0,0,0,0,0,0,0,0,0,0,0,0,0,0,0,0,0,0,0,0,0,0,0,0,0,0,0,0,0,0,0,0,0,0,0,0,0,0,0,0,0,0,0,0,0,0,0,0,0,0,0,0,0,0,0,0,0,0,0,0,0,0,0,0,0,0,0,0,0,0,0,0,0,0,0,0,0,0,0,0,0,0,0,0,0,0,0,0,0,0,0,0,0,0,0,0,0,0,0,0,0,0,0,0,0,0,0,0,0,0,0,0,0,0,0,0,0,0,0,0,0,0,0,0,0,0,0,0,0,0,0,0,0,0,0,0,0,0,0,0,0,0,0,0,0,0,0,0,0,0,0,0,0,0,0,0,0,0,0,0,0,0,0,0,0,0,0,0,0,0,0,0,0,0,0,0,0,0,0,0,0,0,0,0,0,0,0,0,0,0,0,0,0,0,0,0,0,0,0,0,0,0,0,0,0,0,0,0,0,0,0,0,0,0,0,0,0,0,0,0,0,0
"manyara/kiteto/ndedo",1.4e-05,2e-06,2e-06,1.3e-05,1e-06,0.000117,0,0,1e-06,0.000239,4e-06,1e-06,1e-05,0.000152,1.9e-05,1e-06,1e-06,4e-06,1e-06,2e-06,6e-06,9e-06,1e-06,2e-06,4e-06,1e-06,2e-06,1e-06,2e-05,8e-06,0.000104,4.9e-05,3e-06,2e-06,3e-06,2e-06,1.4e-05,3.4e-05,2e-06,2.1e-05,1e-06,1e-06,0.000853,1.9e-05,0.00018,1e-06,4e-06,0.003269,0.000716,1e-06,0,1e-06,1e-06,1e-06,3.4e-05,1e-06,3e-06,3e-06,0.000565,0.000267,2.1e-05,3.9e-05,4.7e-05,0.000149,0,0.000103,3.5e-05,0,1.1e-05,0.000266,1e-06,0,3e-06,9e-06,3e-06,3.1e-05,4e-06,0,0,1e-06,0,4e-06,1e-06,2e-06,2e-06,0,0.000654,1e-06,1.6e-05,0.000857,1e-06,1e-06,0.000737,6.9e-05,2e-06,3.7e-05,3.3e-05,1e-06,0.000379,9.2e-05,1e-06,1e-06,0.000158,2.1e-05,1e-05,0.000293,1e-06,6.2e-05,1.8e-05,6.9e-05,2.4e-05,0.00018,1.9e-05,1e-06,3e-06,2e-06,0.00024,7.7e-05,0.000358,2.9e-05,1.1e-05,0.000558,3e-06,1.2e-05,1e-06,7.5e-05,0.001917,0.000691,6.8e-05,2e-06,2e-06,5.6e-05,0.000183,1.4e-05,1e-06,8.1e-05,4e-06,4.3e-05,0.000405,9.7e-05,3.9e-05,5e-06,2.7e-05,9e-06,4e-06,0.000176,1e-06,0.000168,0.000129,4.5e-05,2e-06,3e-06,3e-06,6e-06,0.000202,0.000713,6e-06,4e-06,0.000293,0.005184,2.8e-05,0.000527,1e-06,9e-06,1e-06,1e-06,4.3e-05,1.8e-05,0.000163,2e-05,0.000436,0.000121,0.002319,0.000208,8e-06,0.00038,0.000386,1e-06,1e-04,0.001475,2e-06,4e-06,0.000805,1.9e-05,0.000561,0.018918,1e-06,2e-06,0.000299,8.6e-05,2.8e-05,8e-06,8e-06,1e-06,9.4e-05,5.9e-05,2e-06,1e-06,0.000121,0,0.000304,0.001086,0.000263,2e-06,0.000168,1.1e-05,0.001257,0.000102,3.6e-05,3e-06,3e-06,3e-06,0.000382,1e-06,0,5.9e-05,0,0.001505,1.4e-05,9.2e-05,1e-06,2e-06,1e-06,2e-06,0.000352,7e-06,0.000465,5e-06,3e-06,1e-06,1e-06,1e-06,0.000213,0.000302,0.000204,0,3e-06,4.9e-05,2.1e-05,2e-06,4.5e-05,0.003867,1e-06,0.003495,3e-06,2e-06,7e-06,0.000131,1e-06,1.4e-05,0.000755,0.000417,2e-06,0.000225,7e-05,0.00015,3e-06,1.5e-05,2e-06,4e-06,3e-06,4.3e-05,1e-06,4e-06,6.5e-05,4e-06,1e-06,0.000219,1e-06,2.4e-05,0.000184,0.000417,3e-06,5e-06,0.001035,5e-06,0.000172,0.000456,1e-06,6e-06,2.3e-05,1e-06,0.001626,2e-06,5.7e-05,2e-06,1e-06,5e-06,1e-06,2e-06,0,1.7e-05,1.2e-05,0.000753,2.7e-05,3.4e-05,0.000185,4e-06,0.000126,2.1e-05,1e-06,1e-06,2e-06,5.4e-05,0.000194,0.000218,1.8e-05,3e-06,1e-06,2e-06,0.000154,1.1e-05,0.000188,2e-06,1.7e-05,0,1e-06,0.000342,0.000512,0.00026,5e-05,0.000235,4.6e-05,0.000158,0.001243,3.3e-05,4.1e-05,7e-06,5e-06,4.9e-05,7.9e-05,2.9e-05,0.001203,0.000138,0.001059,0.000121,9e-06,6e-06,0.000604,1.2e-05,1e-06,2e-06,1e-06,1e-06,0.000823,0.000252,1.2e-05,8.2e-05,0.000429,1.7e-05,0,1e-04,8e-06,0.000959,4.8e-05,6.8e-05,0.000169,1.4e-05,4e-06,2.6e-05,1e-06,1e-06,1e-06,1e-06,4e-06,0.000631,0.000128,0.000388,5.5e-05,6.6e-05,1e-05,1e-06,6e-06,8.5e-05,4e-06,4.6e-05,4.7e-05,1e-06,0.000206,0,2e-06,1e-06,0.001005,8e-06,0,1.7e-05,2e-06,0.00024,4.4e-05,1e-06,0.000285,2e-06,4e-06,9e-06,1e-06,2e-06,1e-06,0
"kilimanjaro/siha/ndumeti",0,0,0,0,0,0,0,0,0,0,0,0,0,0,0,0,0,0,0,0,0,0,0,0,0,0,0,0,0,0,0,0,0,0,0,0,0,0,0,0,0,0,0,0,0,0,0,0,0,0,0,0,0,0,0,0,0,0,0,0,0,0,0,0,0,0,0,0,0,0,0,0,0,0,0,0,0,0,0,0,0,0,0,0,0,0,0,0,0,0,0,0,0,0,0,0,0,0,0,0,0,0,0,0,0,0,0,0,0,0,0,0,0,0,0,0,0,0,0,0,0,0,0,0,0,0,0,0,0,0,0,0,0,0,0,0,0,0,0,0,0,0,0,0,0,0,0,0,0,0,0,0,0,0,0,0,0,0,0,0,0,0,0,0,0,0,0,0,0,0,0,0,0,0,0,0,0,0,0,0,0,0,0,0,0,0,0,0,0,0,0,0,0,0,0,0,0,0,0,0,0,0,0,0,0,0,0,0,0,0,0,0,0,0,0,0,0,0,0,0,0,0,0,0,0,0,0,0,0,0,0,0,0,0,0,0,0,0,0,0,0,0,0,0,0,0,0,0,0,0,0,0,0,0,0,0,0,0,0,0,0,0,0,0,0,0,0,0,0,0,0,0,0,0,0,0,0,0,0,0,0,0,0,0,0,0,0,0,0,0,0,0,0,0,0,0,0,0,0,0,0,0,0,0,0,0,0,0,0,0,0,0,0,0,0,0,0,0,0,0,0,0,0,0,0,0,0,0,0,0,0,0,0,0,0,0,0,0,0,0,0,0,0,0,0,0,0,0,0,0,0,0,0,0,0,0,0,0,0,0,0,0,0,0,0,0,0,0,0,0,0,0,0,0,0,0,0,0,0,0,0,0,0,0,0,0,0,0,0,0,0,0,0,0,0,0,0,0
"kilimanjaro/same/ndungu",0,0,0,0,0,0,0,0,0,0,0,0,0,0,0,0,0,0,0,0,0,0,0,0,0,0,0,0,0,0,0,0,0,0,0,0,0,0,0,0,0,0,0,0,0,0,0,0,0,0,0,0,0,0,0,0,0,0,0,0,0,0,0,0,0,0,0,0,0,0,0,0,0,0,0,0,0,0,0,0,0,0,0,0,0,0,0,0,0,0,0,0,0,0,0,0,0,0,0,0,0,0,0,0,0,0,0,0,0,0,0,0,0,0,0,0,0,0,0,0,0,0,0,0,0,0,0,0,0,0,0,0,0,0,0,0,0,0,0,0,0,0,0,0,0,0,0,0,0,0,0,0,0,0,0,0,0,0,0,0,0,0,0,0,0,0,0,0,0,0,0,0,0,0,0,0,0,0,0,0,0,0,0,0,0,0,0,0,0,0,0,0,0,0,0,0,0,0,0,0,0,0,0,0,0,0,0,0,0,0,0,0,0,0,0,0,0,0,0,0,0,0,0,0,0,0,0,0,0,0,0,0,0,0,0,0,0,0,0,0,0,0,0,0,0,0,0,0,0,0,0,0,0,0,0,0,0,0,0,0,0,0,0,0,0,0,0,0,0,0,0,0,0,0,0,0,0,0,0,0,0,0,0,0,0,0,0,0,0,0,0,0,0,0,0,0,0,0,0,0,0,0,0,0,0,0,0,0,0,0,0,0,0,0,0,0,0,0,0,0,0,0,0,0,0,0,0,0,0,0,0,0,0,0,0,0,0,0,0,0,0,0,0,0,0,0,0,0,0,0,0,0,0,0,0,0,0,0,0,0,0,0,0,0,0,0,0,0,0,0,0,0,0,0,0,0,0,0,0,0,0,0,0,0,0,0,0,0,0,0,0,0,0,0,0,0,0,0
"arusha/arusha/nduruma",0.000137,0,1e-06,1e-06,0,5.6e-05,0,0,0,8e-06,0,0,4.9e-05,0.00117,1e-06,0,0,0,0,0,0,1.3e-05,0,1e-06,0,0,0,0,0,0,0.001611,0,0,0,0,0,7.9e-05,1e-06,0,2e-06,0,0,3e-06,1e-06,0,0,2e-06,0.013384,8.9e-05,0,0,0,0,0,1e-06,0,1e-05,0,8e-06,1.9e-05,6e-06,1e-05,3.3e-05,0,0,0.000981,3.7e-05,0,2e-06,8e-06,0,0,3e-06,1e-06,0,6e-06,1e-06,0,0,0,0,0,0,0,0,0,0.000855,0,1e-06,1.8e-05,0,0,0.000181,0.000221,1e-06,2e-06,3.5e-05,0,0.00014,2.8e-05,0,0,5e-06,0.000104,6e-06,0.000114,0,4.1e-05,3.1e-05,9e-06,2.4e-05,6.1e-05,0,3e-06,1e-06,1e-06,0.000421,0,0.000183,1.7e-05,7e-06,0.000305,0,2e-06,0,2e-06,2e-06,0.003052,0.001715,1e-06,1e-06,1.8e-05,4.7e-05,9e-06,0,0.000527,1.4e-05,1.9e-05,0.000141,6.9e-05,0.000107,0,0.000109,6e-06,1e-06,2.5e-05,0,6.5e-05,5.2e-05,1.6e-05,1e-06,0,1e-06,0,1e-05,0.001204,1e-06,1e-06,1e-06,0.003088,6e-06,9e-05,1e-06,1e-06,0,0,1e-05,4.3e-05,0.001189,3e-06,1e-06,5.2e-05,0.011026,8e-06,8e-06,6e-06,8.5e-05,0,6.2e-05,2e-06,0,0,1.5e-05,1e-05,0.000429,0.015342,1e-06,1e-06,0.00024,7.7e-05,2.1e-05,0,1e-06,0,5e-06,0,1e-06,0,6.7e-05,0,0.001664,2e-06,7e-06,7e-06,5.3e-05,1.9e-05,0.00035,3e-05,4e-06,1e-06,1e-06,0,9.3e-05,0,0,2e-06,0,0.000372,5e-06,3.1e-05,0,1.2e-05,0,2e-06,0.000414,8e-06,0.000399,4e-06,0,0,0,0,3.8e-05,9e-04,0,0,1e-06,0.000423,4e-06,1e-06,0.000123,0.002347,1e-06,0.00036,0,1e-06,4e-06,0.003196,0,2.8e-05,0.003488,0.000324,2e-06,0.002377,2.9e-05,4e-06,1e-06,3e-06,1e-06,0,0,1.8e-05,0,0,1.1e-05,1e-06,0,0.000348,0,2e-06,0.000298,8.9e-05,0,0,0.000296,2e-06,5e-06,2.3e-05,0,1e-06,1.8e-05,0,0.000513,0,0,0,0,2e-06,0,2e-06,1e-06,1.2e-05,0,0,1.4e-05,3e-05,0.00038,1.8e-05,1.9e-05,2e-06,0,0,1e-06,4e-06,0,2.4e-05,0.00013,1.5e-05,9e-06,1e-06,0.000526,1e-06,0,1e-06,8e-06,0,0,0.000529,0.000154,0.000981,6.2e-05,0.000439,7.7e-05,7.9e-05,0.003669,3e-06,4e-06,4.7e-05,0,0.000159,0.000367,7e-05,6e-04,1.2e-05,1.2e-05,0,5e-06,1e-06,0.005154,0,0,1e-06,0,0,3.2e-05,3e-06,1e-06,0.000206,2.7e-05,2e-06,0,0.000136,5.9e-05,0.005193,1.5e-05,4.9e-05,0.00013,2e-06,1e-06,1.7e-05,0,0,0,0,0,0.003483,0.000762,0.001773,0,0.000263,6e-06,0,0,0,1e-06,0.000315,1.4e-05,1e-05,0.000123,0,0,0,0.000298,0,0,8.4e-05,1e-06,0.000142,2.2e-05,1e-06,0.003218,1e-06,0,0,0,0,0,0
"kilimanjaro/moshimunicipal/ngambo",0,0,0,0,0,0,0,0,0,0,0,0,0,0,0,0,0,0,0,0,0,0,0,0,0,0,0,0,0,0,0,0,0,0,0,0,0,0,0,0,0,0,0,0,0,0,0,0,0,0,0,0,0,0,0,0,0,0,0,0,0,0,0,0,0,0,0,0,0,0,0,0,0,0,0,0,0,0,0,0,0,0,0,0,0,0,0,0,0,0,0,0,0,0,0,0,0,0,0,0,0,0,0,0,0,0,0,0,0,0,0,0,0,0,0,0,0,0,0,0,0,0,0,0,0,0,0,0,0,0,0,0,0,0,0,0,0,0,0,0,0,0,0,0,0,0,0,0,0,0,0,0,0,0,0,0,0,0,0,0,0,0,0,0,0,0,0,0,0,0,0,0,0,0,0,0,0,0,0,0,0,0,0,0,0,0,0,0,0,0,0,0,0,0,0,0,0,0,0,0,0,0,0,0,0,0,0,0,0,0,0,0,0,0,0,0,0,0,0,0,0,0,0,0,0,0,0,0,0,0,0,0,0,0,0,0,0,0,0,0,0,0,0,0,0,0,0,0,0,0,0,0,0,0,0,0,0,0,0,0,0,0,0,0,0,0,0,0,0,0,0,0,0,0,0,0,0,0,0,0,0,0,0,0,0,0,0,0,0,0,0,0,0,0,0,0,0,0,0,0,0,0,0,0,0,0,0,0,0,0,0,0,0,0,0,0,0,0,0,0,0,0,0,0,0,0,0,0,0,0,0,0,0,0,0,0,0,0,0,0,0,0,0,0,0,0,0,0,0,0,0,0,0,0,0,0,0,0,0,0,0,0,0,0,0,0,0,0,0,0,0,0,0,0,0,0,0,0,0,0,0,0,0,0,0,0,0,0,0,0,0,0,0,0,0,0,0,0
"kilimanjaro/siha/ngarenairobi",0.000115,2e-06,1.8e-05,1.1e-05,0,0.000545,0,0,0,3.6e-05,1e-06,0,8.9e-05,0.001048,6e-06,0,0,1e-06,0,0,1e-06,0.000686,0,2.1e-05,1e-06,7e-06,0,0,0,2e-06,0.000326,1e-06,1e-06,3e-06,1e-06,0,8e-05,6e-06,1e-06,2.4e-05,0,0,1.8e-05,4e-06,3e-06,0,1.2e-05,0.017972,0.000205,0,0,0,1e-06,0,4e-06,0,1.2e-05,0,4e-05,0.000141,0.000113,7.2e-05,0.000475,2e-06,0,0.000498,0.000118,0,8e-06,2.9e-05,0,0,0.000963,3e-06,0,7.9e-05,9e-06,0,0,0,0,0,0,0,0,0,0.011674,0,4e-06,0.000139,0,0,0.003554,0.000751,5e-06,1.1e-05,0.004596,2e-06,0.001674,0.000409,0,0,4e-05,0.000131,0.000105,0.010123,0,0.00091,0.001173,4.7e-05,0.003035,0.002374,2e-06,3e-06,2.9e-05,1.6e-05,0.002808,0,0.00419,0.000926,0.000383,0.014757,6e-06,2e-05,2e-06,1.5e-05,1.6e-05,0.010202,0.000424,2.6e-05,1.8e-05,0.000354,0.000629,0.000198,1e-06,0.00053,2.9e-05,0.000456,0.004022,0.001966,0.000878,1e-06,0.000162,0.000186,3.6e-05,0.000263,0,0.001221,0.001368,0.000346,2.1e-05,3e-06,2.3e-05,3e-06,9.5e-05,0.002424,5.3e-05,1.6e-05,4e-06,0.062367,7.7e-05,0.000175,1.1e-05,1.1e-05,0,0,8.9e-05,0.000669,0.000828,2.8e-05,6e-06,0.000188,0.013529,4.2e-05,0.002291,1.9e-05,2e-04,1.3e-05,0.001562,1.4e-05,1e-06,3e-06,0.000105,0.000133,0.026776,0.24396,1e-04,0.000114,0.008749,0.003783,0.00029,2e-06,3e-06,0,2.1e-05,1e-06,1.4e-05,0,0.001493,0,0.004462,7e-06,5e-05,1.1e-05,0.001601,0.000595,0.00627,1e-04,3.3e-05,2.3e-05,1.9e-05,1e-06,0.002057,7e-06,0,1.9e-05,0,0.011608,0.000147,0.00076,0,1.4e-05,0,0.000141,0.010217,0.000524,0.033394,4.8e-05,1e-06,0,0,0,0.000583,0.001001,2e-06,2e-06,3.7e-05,0.000197,2.3e-05,1.3e-05,0.000179,0.004737,1.3e-05,0.003048,1e-06,2.2e-05,7.8e-05,0.000727,0,2.9e-05,0.004952,0.001853,5e-06,0.001295,0.002357,3.5e-05,2.3e-05,3.3e-05,1.7e-05,1e-06,1e-06,0.000113,0,1e-06,5.3e-05,1.9e-05,0,0.000897,0,7e-06,0.001042,0.000895,6e-06,1e-06,0.006369,3.9e-05,3.8e-05,7.4e-05,0,6e-06,6.4e-05,1e-06,0.015473,1e-06,0,0,0,7.9e-05,0,0.000196,3e-06,0.004336,3e-06,0.003606,0.000294,0,0.005235,2.3e-05,9.9e-05,1.4e-05,5e-06,1e-06,2.1e-05,3.2e-05,1e-06,9.1e-05,0.000155,3.3e-05,1.4e-05,7.3e-05,0.00066,8e-06,1e-06,1.4e-05,0.000215,0,2e-06,0.006166,0.005704,0.000591,6e-05,0.001831,0.001435,0.009166,0.008501,2.8e-05,3.9e-05,4e-05,4e-06,0.000286,0.000596,0.000173,0.014462,0.000142,5.6e-05,1e-06,0.000101,9e-06,0.00597,1e-06,0,2.1e-05,0,0,0.000203,1.8e-05,1.4e-05,0.00083,0.000207,1.9e-05,0,0.011807,7.2e-05,0.006023,7.4e-05,0.000136,0.000207,2.6e-05,3e-05,0.000327,0,0,0,0,3e-06,0.004848,0.000617,0.001967,1e-06,0.001052,0.000127,1e-06,1e-06,1e-06,7e-05,0.000157,2.3e-05,9e-06,0.007569,0,1e-06,0,0.011885,1e-06,0,9.4e-05,4.2e-05,0.004258,0.000691,2.5e-05,0.002686,2e-05,1e-06,3e-06,1e-06,0,0,0
"arusha/meru/ngarenanyuki",4.7e-05,0,1e-06,2e-06,0,3.7e-05,0,0,0,5e-06,0,0,4.9e-05,0.000438,1e-06,0,0,0,0,0,0,5.1e-05,0,1e-06,0,0,0,0,0,0,4.6e-05,0,0,0,0,0,3.2e-05,1e-06,0,3e-06,0,0,3e-06,1e-06,0,0,2e-06,0.007335,3.4e-05,0,0,0,0,0,1e-06,0,2e-06,0,4e-06,2.5e-05,1.7e-05,1.8e-05,0.000111,0,0,0.000167,3.5e-05,0,1e-06,6e-06,0,0,1.1e-05,0,0,1.5e-05,1e-06,0,0,0,0,0,0,0,0,0,0.000763,0,1e-06,1.7e-05,0,0,0.000174,0.000556,1e-06,2e-06,8.2e-05,0,0.000102,2.3e-05,0,0,3e-06,5.6e-05,5e-06,0.000249,0,4.1e-05,0.000254,1.1e-05,5.3e-05,8.1e-05,0,1e-06,1e-06,1e-06,0.000255,0,0.000184,2.5e-05,1.5e-05,0.000428,0,1e-06,0,1e-06,2e-06,0.00281,1e-04,1e-06,1e-06,2.4e-05,3.7e-05,9e-06,0,0.000223,1.5e-05,2e-05,0.000373,7.8e-05,0.000116,0,7e-05,7e-06,1e-06,1.8e-05,0,6e-05,5.6e-05,1.6e-05,1e-06,0,1e-06,0,7e-06,0.000765,3e-06,4e-06,0,0.002998,5e-06,3.8e-05,1e-06,1e-06,0,0,6e-06,0.000189,0.000295,2e-06,1e-06,5.8e-05,0.005622,4e-06,2e-05,4e-06,5.2e-05,1e-06,6.6e-05,1e-06,0,0,9e-06,8e-06,0.00068,0.009442,1e-06,2e-06,0.000309,0.000114,1.7e-05,0,1e-06,0,4e-06,0,1e-06,0,6.7e-05,0,0.001343,1e-06,6e-06,2e-06,6.2e-05,4.7e-05,0.000318,2.8e-05,4e-06,1e-06,1e-06,0,9.5e-05,0,0,2e-06,0,0.000463,6e-06,3.2e-05,0,3e-06,0,4e-06,0.000499,1.5e-05,0.000719,3e-06,0,0,0,0,6.7e-05,0.000308,0,0,1e-06,5.1e-05,6e-06,1e-06,2.5e-05,0.000678,1e-06,0.000324,0,1e-06,4e-06,0.000228,0,7e-06,0.002222,0.00073,2e-06,0.000467,5.4e-05,3e-06,1e-06,2e-06,1e-06,0,0,1.3e-05,0,0,1.3e-05,2e-06,0,0.000304,0,1e-06,0.000411,6e-05,0,0,0.000296,2e-06,3e-06,1.3e-05,0,1e-06,7e-06,0,0.001299,0,0,0,0,2e-06,0,5e-06,0,3.8e-05,0,0.000914,1.3e-05,0.000105,0,9e-06,9e-06,2e-06,0,0,1e-06,3e-06,0,2.1e-05,7.2e-05,1.5e-05,8e-06,2e-06,0.000328,2e-06,0,1e-06,9e-06,0,0,0.007328,0.000203,0.000203,1.2e-05,0.000905,9.8e-05,0.000238,0.005814,4e-06,6e-06,1.6e-05,0,0.000122,0.000295,7.4e-05,0.002697,1.5e-05,8e-06,0,5e-06,1e-06,0.002498,0,0,1e-06,0,0,1.8e-05,2e-06,2e-06,0.000568,1.7e-05,2e-06,0,0.000407,3.3e-05,0.002564,2.1e-05,3.4e-05,4.1e-05,2e-06,1e-06,1.6e-05,0,0,0,0,0,0.002343,0.00031,0.000744,0,0.000832,6e-06,0,0,0,2e-06,4.5e-05,6e-06,3e-06,7e-04,0,0,0,0.000412,0,0,3.7e-05,1e-06,0.000162,2.5e-05,1e-06,0.000861,1e-06,0,0,0,0,0,0
"arusha/arushaurban/ngarenaro",0,0,0,0,0,0,0,0,0,0,0,0,0,0,0,0,0,0,0,0,0,0,0,0,0,0,0,0,0,0,0,0,0,0,0,0,0,0,0,0,0,0,0,0,0,0,0,0,0,0,0,0,0,0,0,0,0,0,0,0,0,0,0,0,0,0,0,0,0,0,0,0,0,0,0,0,0,0,0,0,0,0,0,0,0,0,0,0,0,0,0,0,0,0,0,0,0,0,0,0,0,0,0,0,0,0,0,0,0,0,0,0,0,0,0,0,0,0,0,0,0,0,0,0,0,0,0,0,0,0,0,0,0,0,0,0,0,0,0,0,0,0,0,0,0,0,0,0,0,0,0,0,0,0,0,0,0,0,0,0,0,0,0,0,0,0,0,0,0,0,0,0,0,0,0,0,0,0,0,0,0,0,0,0,0,0,0,0,0,0,0,0,0,0,0,0,0,0,0,0,0,0,0,0,0,0,0,0,0,0,0,0,0,0,0,0,0,0,0,0,0,0,0,0,0,0,0,0,0,0,0,0,0,0,0,0,0,0,0,0,0,0,0,0,0,0,0,0,0,0,0,0,0,0,0,0,0,0,0,0,0,0,0,0,0,0,0,0,0,0,0,0,0,0,0,0,0,0,0,0,0,0,0,0,0,0,0,0,0,0,0,0,0,0,0,0,0,0,0,0,0,0,0,0,0,0,0,0,0,0,0,0,0,0,0,0,0,0,0,0,0,0,0,0,0,0,0,0,0,0,0,0,0,0,0,0,0,0,0,0,0,0,0,0,0,0,0,0,0,0,0,0,0,0,0,0,0,0,0,0,0,0,0,0,0,0,0,0,0,0,0,0,0,0,0,0,0,0,0,0,0,0,0,0,0,0,0,0,0,0,0,0,0,0,0,0,0,0
"manyara/simanjiro/ngorika",0,0,0,0,0,0,0,0,0,0,0,0,0,0,0,0,0,0,0,0,0,0,0,0,0,0,0,0,0,0,0,0,0,0,0,0,0,0,0,0,0,0,0,0,0,0,0,0,0,0,0,0,0,0,0,0,0,0,0,0,0,0,0,0,0,0,0,0,0,0,0,0,0,0,0,0,0,0,0,0,0,0,0,0,0,0,0,0,0,0,0,0,0,0,0,0,0,0,0,0,0,0,0,0,0,0,0,0,0,0,0,0,0,0,0,0,0,0,0,0,0,0,0,0,0,0,0,0,0,0,0,0,0,0,0,0,0,0,0,0,0,0,0,0,0,0,0,0,0,0,0,0,0,0,0,0,0,0,0,0,0,0,0,0,0,0,0,0,0,0,0,0,0,0,0,0,0,0,0,0,0,0,0,0,0,0,0,0,0,0,0,0,0,0,0,0,0,0,0,0,0,0,0,0,0,0,0,0,0,0,0,0,0,0,0,0,0,0,0,0,0,0,0,0,0,0,0,0,0,0,0,0,0,0,0,0,0,0,0,0,0,0,0,0,0,0,0,0,0,0,0,0,0,0,0,0,0,0,0,0,0,0,0,0,0,0,0,0,0,0,0,0,0,0,0,0,0,0,0,0,0,0,0,0,0,0,0,0,0,0,0,0,0,0,0,0,0,0,0,0,0,0,0,0,0,0,0,0,0,0,0,0,0,0,0,0,0,0,0,0,0,0,0,0,0,0,0,0,0,0,0,0,0,0,0,0,0,0,0,0,0,0,0,0,0,0,0,0,0,0,0,0,0,0,0,0,0,0,0,0,0,0,0,0,0,0,0,0,0,0,0,0,0,0,0,0,0,0,0,0,0,0,0,0,0,0,0,0,0,0,0,0,0,0,0,0,0,0
"arusha/ngorongoro/ngorongoro",1.3e-05,8.8e-05,1e-06,0.000151,1e-06,4.4e-05,1e-06,2e-06,1e-06,0.00023,4e-06,1e-06,1.1e-05,0.00016,0.000207,7e-06,3e-06,6e-06,1e-06,3e-06,1e-06,7e-06,1e-06,1e-06,1e-06,0,1e-06,8e-06,0,1e-06,6.7e-05,1e-06,0,1e-06,0.000288,2e-06,1.6e-05,4.7e-05,1.6e-05,0.000102,3e-06,0,2.9e-05,5.6e-05,5e-06,1e-06,2e-05,0.00409,0.000319,3.1e-05,3e-06,0.000107,2.5e-05,3e-06,2.6e-05,0,1e-06,2e-06,2.5e-05,0.014559,5.5e-05,0.000461,0.000107,3e-06,0,0.000102,8.1e-05,2e-06,0.000109,9.4e-05,6.6e-05,0,2e-06,6.1e-05,2e-06,0.00016,4e-05,1e-06,1e-06,1e-06,0,2e-06,2e-06,1e-06,2e-06,3e-06,0.000375,1e-06,4e-05,8.6e-05,0,1e-06,0.00031,8.8e-05,1.3e-05,0.000248,2.5e-05,0,0.000141,3.5e-05,3e-06,1.6e-05,2.4e-05,2.5e-05,5e-06,0.000248,1.3e-05,3.2e-05,1.7e-05,0.003816,1.8e-05,0.000101,1.4e-05,1e-06,1e-06,1e-06,0.000132,1e-06,0.000176,1.8e-05,7e-06,0.000333,1e-06,3e-06,0,1e-05,2.2e-05,0.000503,4.7e-05,1e-06,1e-06,2.4e-05,6.5e-05,7e-06,0,8.9e-05,5e-06,2.1e-05,0.000763,5.4e-05,2.8e-05,1e-06,3.4e-05,5e-06,2e-06,4.8e-05,2e-06,7.4e-05,6.3e-05,2e-05,1e-06,1e-06,2e-06,1e-06,4.1e-05,0.001221,3e-06,1.6e-05,4e-06,0.002581,9e-06,0.000122,0,2e-06,1e-06,1e-06,1.2e-05,1.6e-05,0.000173,5e-06,8e-06,0.000549,0.002774,1.9e-05,6e-06,2.7e-05,0.000415,2e-06,5.2e-05,1.8e-05,0,2.8e-05,6.8e-05,8e-06,0.000364,0.01002,1e-06,1e-06,0.000178,5.5e-05,1.3e-05,1.6e-05,6.3e-05,2e-06,0.000129,2e-06,1e-06,2e-06,6e-05,1.1e-05,0.000249,1.1e-05,2.7e-05,1e-06,8.6e-05,8e-06,0.000514,0.000447,0.000799,1e-06,1e-06,2e-06,0.00017,0,1.1e-05,1e-05,4e-06,0.000796,7e-06,4.4e-05,2e-06,1e-06,1e-06,1e-06,0.000218,5e-06,0.00032,2e-06,3.4e-05,1e-06,0,3e-06,0.000762,0.000377,5e-06,0,1e-06,2.7e-05,0.000547,1e-06,2.1e-05,0.006321,0,0.000739,0,1e-06,3e-06,0.000114,1e-06,1.5e-05,0.000911,0.001282,4e-06,0.000222,5e-05,1.9e-05,1e-06,5e-06,1e-06,1e-06,0,1.3e-05,2e-06,1e-06,0.001267,1.3e-05,3e-06,0.000409,1e-06,4.7e-05,0.000345,0.000123,1e-06,1e-06,0.000459,2e-06,2.2e-05,4e-05,4e-06,0.000307,8e-06,1.4e-05,0.002856,9e-06,1e-06,1e-06,0,3e-06,3e-06,1e-06,4e-06,1.6e-05,2e-06,0.000552,1.3e-05,3e-05,0.000216,5e-06,2.3e-05,0,0,0,1e-06,9e-06,1e-06,0.000794,1.9e-05,2e-06,2e-06,1e-06,0.000199,0.00094,3e-06,1e-06,9e-06,9.2e-05,7e-06,0.000504,0.000285,0.000214,2.9e-05,0.000396,3.1e-05,0.000164,0.001745,0.000183,0.000237,7e-06,2e-05,6.7e-05,9.4e-05,4.6e-05,0.00246,0.000603,3.8e-05,1e-06,4e-06,4.4e-05,0.000558,3e-06,3.9e-05,1e-06,2.3e-05,1e-06,8.8e-05,1.5e-05,9e-05,0.000115,6.9e-05,0.000101,2e-06,8.2e-05,7e-06,0.001105,0.000444,0.000178,5.1e-05,4e-06,2e-06,1.3e-05,1e-06,0,1e-06,0,1.6e-05,0.000711,0.000142,0.000467,1e-06,6.8e-05,5e-06,0,1e-06,2e-06,2e-06,4.3e-05,1.9e-05,2e-06,0.000279,2e-06,0,2e-06,0.000583,1.4e-05,2e-06,2e-05,1e-06,0.000129,2.3e-05,1e-06,0.000236,1e-06,1e-06,1e-06,0,0,3e-06,3e-06
"kilimanjaro/rombo/ngoyoni",0,0,0,0,0,0,0,0,0,0,0,0,0,0,0,0,0,0,0,0,0,0,0,0,0,0,0,0,0,0,0,0,0,0,0,0,0,0,0,0,0,0,0,0,0,0,0,0,0,0,0,0,0,0,0,0,0,0,0,0,0,0,0,0,0,0,0,0,0,0,0,0,0,0,0,0,0,0,0,0,0,0,0,0,0,0,0,0,0,0,0,0,0,0,0,0,0,0,0,0,0,0,0,0,0,0,0,0,0,0,0,0,0,0,0,0,0,0,0,0,0,0,0,0,0,0,0,0,0,0,0,0,0,0,0,0,0,0,0,0,0,0,0,0,0,0,0,0,0,0,0,0,0,0,0,0,0,0,0,0,0,0,0,0,0,0,0,0,0,0,0,0,0,0,0,0,0,0,0,0,0,0,0,0,0,0,0,0,0,0,0,0,0,0,0,0,0,0,0,0,0,0,0,0,0,0,0,0,0,0,0,0,0,0,0,0,0,0,0,0,0,0,0,0,0,0,0,0,0,0,0,0,0,0,0,0,0,0,0,0,0,0,0,0,0,0,0,0,0,0,0,0,0,0,0,0,0,0,0,0,0,0,0,0,0,0,0,0,0,0,0,0,0,0,0,0,0,0,0,0,0,0,0,0,0,0,0,0,0,0,0,0,0,0,0,0,0,0,0,0,0,0,0,0,0,0,0,0,0,0,0,0,0,0,0,0,0,0,0,0,0,0,0,0,0,0,0,0,0,0,0,0,0,0,0,0,0,0,0,0,0,0,0,0,0,0,0,0,0,0,0,0,0,0,0,0,0,0,0,0,0,0,0,0,0,0,0,0,0,0,0,0,0,0,0,0,0,0,0,0,0,0,0,0,0,0,0,0,0,0,0,0,0,0,0,0,0,0
"kilimanjaro/mwanga/ngujini",0,0,0,0,0,0,0,0,0,0,0,0,0,0,0,0,0,0,0,0,0,0,0,0,0,0,0,0,0,0,0,0,0,0,0,0,0,0,0,0,0,0,0,0,0,0,0,0,0,0,0,0,0,0,0,0,0,0,0,0,0,0,0,0,0,0,0,0,0,0,0,0,0,0,0,0,0,0,0,0,0,0,0,0,0,0,0,0,0,0,0,0,0,0,0,0,0,0,0,0,0,0,0,0,0,0,0,0,0,0,0,0,0,0,0,0,0,0,0,0,0,0,0,0,0,0,0,0,0,0,0,0,0,0,0,0,0,0,0,0,0,0,0,0,0,0,0,0,0,0,0,0,0,0,0,0,0,0,0,0,0,0,0,0,0,0,0,0,0,0,0,0,0,0,0,0,0,0,0,0,0,0,0,0,0,0,0,0,0,0,0,0,0,0,0,0,0,0,0,0,0,0,0,0,0,0,0,0,0,0,0,0,0,0,0,0,0,0,0,0,0,0,0,0,0,0,0,0,0,0,0,0,0,0,0,0,0,0,0,0,0,0,0,0,0,0,0,0,0,0,0,0,0,0,0,0,0,0,0,0,0,0,0,0,0,0,0,0,0,0,0,0,0,0,0,0,0,0,0,0,0,0,0,0,0,0,0,0,0,0,0,0,0,0,0,0,0,0,0,0,0,0,0,0,0,0,0,0,0,0,0,0,0,0,0,0,0,0,0,0,0,0,0,0,0,0,0,0,0,0,0,0,0,0,0,0,0,0,0,0,0,0,0,0,0,0,0,0,0,0,0,0,0,0,0,0,0,0,0,0,0,0,0,0,0,0,0,0,0,0,0,0,0,0,0,0,0,0,0,0,0,0,0,0,0,0,0,0,0,0,0,0,0,0,0,0,0,0
"kilimanjaro/moshimunicipal/njoro",0,0,0,0,0,0,0,0,0,0,0,0,0,0,0,0,0,0,0,0,0,0,0,0,0,0,0,0,0,0,0,0,0,0,0,0,0,0,0,0,0,0,0,0,0,0,0,0,0,0,0,0,0,0,0,0,0,0,0,0,0,0,0,0,0,0,0,0,0,0,0,0,0,0,0,0,0,0,0,0,0,0,0,0,0,0,0,0,0,0,0,0,0,0,0,0,0,0,0,0,0,0,0,0,0,0,0,0,0,0,0,0,0,0,0,0,0,0,0,0,0,0,0,0,0,0,0,0,0,0,0,0,0,0,0,0,0,0,0,0,0,0,0,0,0,0,0,0,0,0,0,0,0,0,0,0,0,0,0,0,0,0,0,0,0,0,0,0,0,0,0,0,0,0,0,0,0,0,0,0,0,0,0,0,0,0,0,0,0,0,0,0,0,0,0,0,0,0,0,0,0,0,0,0,0,0,0,0,0,0,0,0,0,0,0,0,0,0,0,0,0,0,0,0,0,0,0,0,0,0,0,0,0,0,0,0,0,0,0,0,0,0,0,0,0,0,0,0,0,0,0,0,0,0,0,0,0,0,0,0,0,0,0,0,0,0,0,0,0,0,0,0,0,0,0,0,0,0,0,0,0,0,0,0,0,0,0,0,0,0,0,0,0,0,0,0,0,0,0,0,0,0,0,0,0,0,0,0,0,0,0,0,0,0,0,0,0,0,0,0,0,0,0,0,0,0,0,0,0,0,0,0,0,0,0,0,0,0,0,0,0,0,0,0,0,0,0,0,0,0,0,0,0,0,0,0,0,0,0,0,0,0,0,0,0,0,0,0,0,0,0,0,0,0,0,0,0,0,0,0,0,0,0,0,0,0,0,0,0,0,0,0,0,0,0,0,0,0
"kilimanjaro/same/njoro",3e-06,0,2e-06,1e-06,0,0.000107,0,0,0,6e-06,0,0,2e-06,2.7e-05,1e-06,0,0,0,0,0,2e-06,3e-06,0,1e-06,5e-06,0,0,0,0,6e-06,1.9e-05,0,4e-06,1e-05,0,0,2e-06,1e-06,0,2e-06,0,0,7e-06,1e-06,1e-06,0,0,0.000498,3.2e-05,0,0,0,0,0,1e-06,0,1e-06,0,6.4e-05,1.5e-05,3e-06,3e-06,7e-06,1e-06,0,1.7e-05,4e-06,0,1e-06,5e-06,0,0,1e-06,0,0,3e-06,0,0,0,0,0,0,0,0,0,0,0.000283,0,1e-06,0.000403,0,0,0.000747,1.2e-05,0,1e-06,1.1e-05,3e-06,0.000428,0.000111,0,0,9.3e-05,3e-06,7e-06,8.3e-05,0,3.7e-05,4e-06,4e-06,8e-06,9.8e-05,0,0,2e-06,2e-06,9.8e-05,0,0.000242,1.3e-05,5e-06,0.000276,9e-06,4.3e-05,5e-06,3.6e-05,8e-06,0.000192,1.5e-05,2e-06,1e-06,5.2e-05,0.000276,9e-06,7e-06,1.4e-05,1e-06,3e-05,5.9e-05,5.1e-05,1.2e-05,3e-06,4e-06,5e-06,2e-06,0.000721,0,0.000146,9e-05,3.8e-05,1e-06,1.6e-05,2e-06,5.2e-05,0.000323,8.5e-05,3e-06,0,4e-06,0.003314,5.2e-05,3.8e-05,1e-06,6.6e-05,0,0,8.8e-05,5e-06,2.6e-05,9.7e-05,2e-06,1e-05,0.000365,0.000143,3e-06,6e-06,2.1e-05,0,5.9e-05,8e-06,2e-06,0,0.00028,1.6e-05,0.000238,0.010343,0,1e-06,0.000141,3.6e-05,1.8e-05,0,0,0,3e-06,0,2e-06,0,7.9e-05,0,7.5e-05,3e-06,0.000228,1e-06,0.00011,3e-06,0.001352,7e-06,3e-06,2e-06,2e-06,0,0.000336,1e-06,0,5.1e-05,0,0.000876,1e-05,7.1e-05,0,0,0,1e-06,0.000146,3e-06,0.00018,3e-06,0,0,0,0,2.2e-05,3.9e-05,1e-06,0,2e-06,1.2e-05,1e-06,1e-06,1.5e-05,0.000318,1e-06,0.058018,9e-06,1e-06,5e-06,2.4e-05,0,2e-06,0.000122,4.8e-05,0,3.9e-05,2.5e-05,0.000123,2e-06,3.8e-05,1e-06,1e-05,5e-06,4.2e-05,0,4e-06,4e-06,0,0,2.7e-05,0,1e-06,2.5e-05,0.000994,6e-06,1.2e-05,0.000926,4e-06,0.000111,4.8e-05,0,0,1.2e-05,0,0.000239,0,0,0,0,2e-06,0,1e-06,1e-06,5e-06,8e-06,0.00015,1.9e-05,1e-05,3.8e-05,1e-06,0.000224,1e-06,1e-06,5e-06,1e-06,0,0,1e-05,3e-06,1e-06,0,1e-06,2.2e-05,1e-06,0,1e-06,1.1e-05,0,0,5.9e-05,0.000278,3.5e-05,6e-06,3.5e-05,1.6e-05,3.7e-05,0.00019,3e-06,3e-06,1e-06,0,7e-06,1.3e-05,4e-06,0.000176,1.1e-05,6.9e-05,0,6e-06,1e-06,0.000124,0,0,1e-06,0,0,0.001541,2.9e-05,1e-06,1.3e-05,0.01108,1e-06,0,3e-05,1e-06,0.000156,4e-06,6e-06,4.1e-05,4.5e-05,3e-06,1.6e-05,0,0,0,0,0,0.000109,2e-05,5.9e-05,0,1.4e-05,6e-06,1e-05,5e-06,1e-06,2e-06,7e-06,3e-06,0,3.9e-05,0,7e-06,0,0.000502,0,0,3e-06,1e-06,0.000137,2.6e-05,1e-06,6.3e-05,1e-06,9e-06,1.1e-05,1.1e-05,1e-06,0,0
"manyara/kiteto/njoro",0,0,0,0,0,0,0,0,0,0,0,0,0,0,0,0,0,0,0,0,0,0,0,0,0,0,0,0,0,0,0,0,0,0,0,0,0,0,0,0,0,0,0,0,0,0,0,0,0,0,0,0,0,0,0,0,0,0,0,0,0,0,0,0,0,0,0,0,0,0,0,0,0,0,0,0,0,0,0,0,0,0,0,0,0,0,0,0,0,0,0,0,0,0,0,0,0,0,0,0,0,0,0,0,0,0,0,0,0,0,0,0,0,0,0,0,0,0,0,0,0,0,0,0,0,0,0,0,0,0,0,0,0,0,0,0,0,0,0,0,0,0,0,0,0,0,0,0,0,0,0,0,0,0,0,0,0,0,0,0,0,0,0,0,0,0,0,0,0,0,0,0,0,0,0,0,0,0,0,0,0,0,0,0,0,0,0,0,0,0,0,0,0,0,0,0,0,0,0,0,0,0,0,0,0,0,0,0,0,0,0,0,0,0,0,0,0,0,0,0,0,0,0,0,0,0,0,0,0,0,0,0,0,0,0,0,0,0,0,0,0,0,0,0,0,0,0,0,0,0,0,0,0,0,0,0,0,0,0,0,0,0,0,0,0,0,0,0,0,0,0,0,0,0,0,0,0,0,0,0,0,0,0,0,0,0,0,0,0,0,0,0,0,0,0,0,0,0,0,0,0,0,0,0,0,0,0,0,0,0,0,0,0,0,0,0,0,0,0,0,0,0,0,0,0,0,0,0,0,0,0,0,0,0,0,0,0,0,0,0,0,0,0,0,0,0,0,0,0,0,0,0,0,0,0,0,0,0,0,0,0,0,0,0,0,0,0,0,0,0,0,0,0,0,0,0,0,0,0,0,0,0,0,0,0,0,0,0,0,0,0,0,0,0,0,0,0,0
"manyara/babati/nkaiti",2.8e-05,1e-05,2e-06,4e-05,5e-06,7.4e-05,4e-06,6e-06,3e-06,0.00136,1.8e-05,1e-06,2.2e-05,0.000345,9.5e-05,1.7e-05,5e-06,1.9e-05,2e-06,6e-06,1e-06,1.5e-05,3e-06,1e-06,1e-06,0,6e-06,2.2e-05,0,1e-06,0.000114,2e-06,1e-06,1e-06,4e-05,6e-06,3.6e-05,0.000201,4.1e-05,3.5e-05,3e-06,1e-06,5.9e-05,0.000146,1e-05,3e-06,1.6e-05,0.008987,0.002223,2.1e-05,9e-06,7e-06,2.2e-05,3e-06,0.000103,1e-06,3e-06,1.4e-05,5e-05,0.001501,5.4e-05,0.000298,0.000118,5e-06,0,0.000244,0.000166,2e-06,0.000377,0.000949,8e-06,0,3e-06,0.000244,5e-06,0.000105,1.5e-05,1e-06,1e-06,1e-06,1e-06,1.2e-05,3e-06,1e-06,5e-06,6e-06,0.000635,2e-06,5.6e-05,0.000177,1e-06,1e-06,0.000423,0.000161,8e-06,0.000537,3.7e-05,1e-06,0.000224,5.3e-05,1e-05,3e-06,3.2e-05,5.5e-05,7e-06,0.000283,1.2e-05,5e-05,2.7e-05,0.001648,2.6e-05,0.000131,4.1e-05,1e-06,2e-06,1e-06,0.00024,1e-06,0.000262,2.5e-05,1.4e-05,0.000465,1e-06,5e-06,1e-06,1.3e-05,5e-05,0.001345,0.000105,2e-06,1e-06,4.9e-05,9.7e-05,1.1e-05,0,0.000193,1.1e-05,3e-05,0.000652,8.1e-05,5e-05,1e-06,7.2e-05,7e-06,3e-06,7.1e-05,1.5e-05,0.000109,9e-05,2.9e-05,1e-06,1e-06,2e-06,1e-06,5.5e-05,0.002935,6e-06,1.6e-05,7e-06,0.00396,1.4e-05,0.000692,1e-06,3e-06,1e-06,1e-06,2e-05,2.7e-05,0.000406,8e-06,1.7e-05,0.001909,0.006069,3.4e-05,9e-06,0.000159,0.005411,2e-06,7.9e-05,2.8e-05,0,7e-06,0.000101,1.3e-05,0.000529,0.010292,1e-06,2e-06,0.00027,8.3e-05,2.2e-05,4.6e-05,0.00064,3e-06,0.00274,2e-06,1e-06,1e-05,9.1e-05,8e-06,0.000473,3.1e-05,5.8e-05,2e-06,0.000114,1.4e-05,0.00073,0.003231,0.000111,2e-06,2e-06,3.5e-05,0.000226,1e-06,3e-06,1.3e-05,8e-06,0.000989,1e-05,6e-05,4e-06,2e-06,2e-06,2e-06,0.000351,8e-06,0.000466,4e-06,2.7e-05,1e-06,1e-06,6e-06,0.000394,0.000998,8e-06,0,2e-06,9.2e-05,0.000329,1e-06,4.7e-05,0.018842,1e-06,0.001614,1e-06,1e-06,5e-06,0.000265,2e-06,5.1e-05,0.001929,0.002504,8e-06,0.000505,6.2e-05,2.7e-05,2e-06,7e-06,1e-06,1e-06,1e-06,3.5e-05,4.9e-05,1e-06,0.002085,9e-06,1e-05,0.000868,5e-06,0.001609,0.000634,0.000193,1e-06,1e-06,0.000632,3e-06,3.1e-05,0.000153,1.9e-05,4.9e-05,1.6e-05,3e-06,0.002418,2.8e-05,2e-06,1.1e-05,1e-06,4e-06,6e-06,2e-06,9e-06,2e-05,2e-06,0.00132,2e-05,4.1e-05,0.000482,1.1e-05,4.4e-05,0.000163,1e-06,0,1e-06,1.5e-05,2e-06,0,4e-05,5e-06,3e-06,2e-06,0.000672,6.8e-05,5e-06,1e-06,1.3e-05,6e-06,3e-06,0.001058,0.000361,0.000932,0.000107,0.00069,5.2e-05,0.000187,0.004902,7.5e-05,9.9e-05,1.6e-05,7e-06,0.000142,0.000193,9.1e-05,0.003311,0.000211,0.000114,2e-06,7e-06,1.4e-05,0.001128,1.8e-05,9e-06,1e-06,1.1e-05,7e-06,0.000147,2.2e-05,2.4e-05,0.000204,0.000107,3e-05,6e-06,0.000124,1.5e-05,0.002395,0.000706,0.000498,0.000193,6e-06,2e-06,2e-05,7e-06,1e-06,6e-06,1e-06,5e-06,0.001469,0.000475,0.00107,2e-06,0.000123,8e-06,0,1e-06,4e-06,3e-06,0.000115,0.000128,4e-06,0.000438,4e-06,1e-06,5e-06,0.000724,2.5e-05,5e-06,4.4e-05,2e-06,0.000192,3.4e-05,1e-06,0.000485,1e-06,1e-06,2e-06,0,0,5e-06,3e-06
"arusha/meru/nkoanrua",0,0,0,0,0,0,0,0,0,0,0,0,0,0,0,0,0,0,0,0,0,0,0,0,0,0,0,0,0,0,0,0,0,0,0,0,0,0,0,0,0,0,0,0,0,0,0,0,0,0,0,0,0,0,0,0,0,0,0,0,0,0,0,0,0,0,0,0,0,0,0,0,0,0,0,0,0,0,0,0,0,0,0,0,0,0,0,0,0,0,0,0,0,0,0,0,0,0,0,0,0,0,0,0,0,0,0,0,0,0,0,0,0,0,0,0,0,0,0,0,0,0,0,0,0,0,0,0,0,0,0,0,0,0,0,0,0,0,0,0,0,0,0,0,0,0,0,0,0,0,0,0,0,0,0,0,0,0,0,0,0,0,0,0,0,0,0,0,0,0,0,0,0,0,0,0,0,0,0,0,0,0,0,0,0,0,0,0,0,0,0,0,0,0,0,0,0,0,0,0,0,0,0,0,0,0,0,0,0,0,0,0,0,0,0,0,0,0,0,0,0,0,0,0,0,0,0,0,0,0,0,0,0,0,0,0,0,0,0,0,0,0,0,0,0,0,0,0,0,0,0,0,0,0,0,0,0,0,0,0,0,0,0,0,0,0,0,0,0,0,0,0,0,0,0,0,0,0,0,0,0,0,0,0,0,0,0,0,0,0,0,0,0,0,0,0,0,0,0,0,0,0,0,0,0,0,0,0,0,0,0,0,0,0,0,0,0,0,0,0,0,0,0,0,0,0,0,0,0,0,0,0,0,0,0,0,0,0,0,0,0,0,0,0,0,0,0,0,0,0,0,0,0,0,0,0,0,0,0,0,0,0,0,0,0,0,0,0,0,0,0,0,0,0,0,0,0,0,0,0,0,0,0,0,0,0,0,0,0,0,0,0,0,0,0,0,0,0
"arusha/meru/nkoaranga",0,0,0,0,0,0,0,0,0,0,0,0,0,0,0,0,0,0,0,0,0,0,0,0,0,0,0,0,0,0,0,0,0,0,0,0,0,0,0,0,0,0,0,0,0,0,0,0,0,0,0,0,0,0,0,0,0,0,0,0,0,0,0,0,0,0,0,0,0,0,0,0,0,0,0,0,0,0,0,0,0,0,0,0,0,0,0,0,0,0,0,0,0,0,0,0,0,0,0,0,0,0,0,0,0,0,0,0,0,0,0,0,0,0,0,0,0,0,0,0,0,0,0,0,0,0,0,0,0,0,0,0,0,0,0,0,0,0,0,0,0,0,0,0,0,0,0,0,0,0,0,0,0,0,0,0,0,0,0,0,0,0,0,0,0,0,0,0,0,0,0,0,0,0,0,0,0,0,0,0,0,0,0,0,0,0,0,0,0,0,0,0,0,0,0,0,0,0,0,0,0,0,0,0,0,0,0,0,0,0,0,0,0,0,0,0,0,0,0,0,0,0,0,0,0,0,0,0,0,0,0,0,0,0,0,0,0,0,0,0,0,0,0,0,0,0,0,0,0,0,0,0,0,0,0,0,0,0,0,0,0,0,0,0,0,0,0,0,0,0,0,0,0,0,0,0,0,0,0,0,0,0,0,0,0,0,0,0,0,0,0,0,0,0,0,0,0,0,0,0,0,0,0,0,0,0,0,0,0,0,0,0,0,0,0,0,0,0,0,0,0,0,0,0,0,0,0,0,0,0,0,0,0,0,0,0,0,0,0,0,0,0,0,0,0,0,0,0,0,0,0,0,0,0,0,0,0,0,0,0,0,0,0,0,0,0,0,0,0,0,0,0,0,0,0,0,0,0,0,0,0,0,0,0,0,0,0,0,0,0,0,0,0,0,0,0,0,0
"arusha/meru/nkoarisambu",0,0,0,0,0,0,0,0,0,0,0,0,0,0,0,0,0,0,0,0,0,0,0,0,0,0,0,0,0,0,0,0,0,0,0,0,0,0,0,0,0,0,0,0,0,0,0,0,0,0,0,0,0,0,0,0,0,0,0,0,0,0,0,0,0,0,0,0,0,0,0,0,0,0,0,0,0,0,0,0,0,0,0,0,0,0,0,0,0,0,0,0,0,0,0,0,0,0,0,0,0,0,0,0,0,0,0,0,0,0,0,0,0,0,0,0,0,0,0,0,0,0,0,0,0,0,0,0,0,0,0,0,0,0,0,0,0,0,0,0,0,0,0,0,0,0,0,0,0,0,0,0,0,0,0,0,0,0,0,0,0,0,0,0,0,0,0,0,0,0,0,0,0,0,0,0,0,0,0,0,0,0,0,0,0,0,0,0,0,0,0,0,0,0,0,0,0,0,0,0,0,0,0,0,0,0,0,0,0,0,0,0,0,0,0,0,0,0,0,0,0,0,0,0,0,0,0,0,0,0,0,0,0,0,0,0,0,0,0,0,0,0,0,0,0,0,0,0,0,0,0,0,0,0,0,0,0,0,0,0,0,0,0,0,0,0,0,0,0,0,0,0,0,0,0,0,0,0,0,0,0,0,0,0,0,0,0,0,0,0,0,0,0,0,0,0,0,0,0,0,0,0,0,0,0,0,0,0,0,0,0,0,0,0,0,0,0,0,0,0,0,0,0,0,0,0,0,0,0,0,0,0,0,0,0,0,0,0,0,0,0,0,0,0,0,0,0,0,0,0,0,0,0,0,0,0,0,0,0,0,0,0,0,0,0,0,0,0,0,0,0,0,0,0,0,0,0,0,0,0,0,0,0,0,0,0,0,0,0,0,0,0,0,0,0,0,0,0
"kilimanjaro/moshi/okaoni",0,0,0,0,0,0,0,0,0,0,0,0,0,0,0,0,0,0,0,0,0,0,0,0,0,0,0,0,0,0,0,0,0,0,0,0,0,0,0,0,0,0,0,0,0,0,0,0,0,0,0,0,0,0,0,0,0,0,0,0,0,0,0,0,0,0,0,0,0,0,0,0,0,0,0,0,0,0,0,0,0,0,0,0,0,0,0,0,0,0,0,0,0,0,0,0,0,0,0,0,0,0,0,0,0,0,0,0,0,0,0,0,0,0,0,0,0,0,0,0,0,0,0,0,0,0,0,0,0,0,0,0,0,0,0,0,0,0,0,0,0,0,0,0,0,0,0,0,0,0,0,0,0,0,0,0,0,0,0,0,0,0,0,0,0,0,0,0,0,0,0,0,0,0,0,0,0,0,0,0,0,0,0,0,0,0,0,0,0,0,0,0,0,0,0,0,0,0,0,0,0,0,0,0,0,0,0,0,0,0,0,0,0,0,0,0,0,0,0,0,0,0,0,0,0,0,0,0,0,0,0,0,0,0,0,0,0,0,0,0,0,0,0,0,0,0,0,0,0,0,0,0,0,0,0,0,0,0,0,0,0,0,0,0,0,0,0,0,0,0,0,0,0,0,0,0,0,0,0,0,0,0,0,0,0,0,0,0,0,0,0,0,0,0,0,0,0,0,0,0,0,0,0,0,0,0,0,0,0,0,0,0,0,0,0,0,0,0,0,0,0,0,0,0,0,0,0,0,0,0,0,0,0,0,0,0,0,0,0,0,0,0,0,0,0,0,0,0,0,0,0,0,0,0,0,0,0,0,0,0,0,0,0,0,0,0,0,0,0,0,0,0,0,0,0,0,0,0,0,0,0,0,0,0,0,0,0,0,0,0,0,0,0,0,0,0,0,0
"arusha/arushaurban/olasiti",3e-05,0,0,1e-06,0,1e-05,0,0,0,4e-06,0,0,2.8e-05,0.000587,0,0,0,0,0,0,0,4e-06,0,0,0,0,0,0,0,0,5.1e-05,0,0,0,0,0,0.000125,1e-06,0,1e-06,0,0,1e-06,0,0,0,1e-06,0.045684,3.6e-05,0,0,0,0,0,0,0,1e-06,0,2e-06,1.4e-05,4e-06,1e-05,2.3e-05,0,0,0.000496,6.2e-05,0,1e-06,5e-06,0,0,1e-06,0,0,5e-06,1e-06,0,0,0,0,0,0,0,0,0,0.000141,0,0,7e-06,0,0,4.2e-05,0.000161,0,1e-06,8e-06,0,2.7e-05,6e-06,0,0,1e-06,0.000175,1e-06,3.6e-05,0,8e-06,9e-06,8e-06,6e-06,1.5e-05,0,5e-06,0,0,5.8e-05,0,3.8e-05,4e-06,2e-06,7e-05,0,0,0,1e-06,1e-06,0.000539,5.5e-05,0,0,6e-06,1e-05,2e-06,0,0.000414,2.3e-05,4e-06,6.9e-05,1.4e-05,1.7e-05,0,0.000257,1e-06,0,6e-06,0,1.4e-05,1.1e-05,4e-06,0,0,0,0,3e-06,0.003583,1e-06,1e-06,0,0.000612,1e-06,3.4e-05,0,0,0,0,2e-06,1e-05,0.001155,1e-06,0,6.8e-05,0.02244,2e-06,2e-06,3e-06,6.5e-05,0,1.3e-05,1e-06,0,0,4e-06,2e-06,9.6e-05,0.001845,0,0,4.9e-05,1.6e-05,4e-06,0,1e-06,0,4e-06,0,0,0,1.4e-05,0,0.00024,1e-06,3e-06,1e-06,1.3e-05,4e-06,7.7e-05,3.2e-05,2e-06,0,0,0,2.2e-05,0,0,1e-06,0,9.6e-05,1e-06,7e-06,0,1e-06,0,0,7.7e-05,2e-06,9.1e-05,1e-06,0,0,0,0,2.1e-05,0.00367,0,0,0,3.1e-05,4e-06,0,1.1e-05,0.00126,0,0.000114,0,0,1e-06,0.000278,0,2.4e-05,0.005166,0.000491,3e-06,0.000856,8e-06,1e-06,0,1e-06,0,0,0,4e-06,0,0,1e-05,1e-06,0,0.000861,0,1e-06,0.000524,1.8e-05,0,0,6.8e-05,0,1e-06,8e-06,0,1e-06,3e-06,0,0.000242,0,0,0,0,0,0,0,0,4e-06,0,0.000837,3e-06,9e-06,0.000217,4.4e-05,4e-06,1e-06,0,0,0,1e-06,0,2e-05,5e-05,3e-06,3e-06,0,0,1e-06,0,0,2e-06,0,0,0.000454,3.9e-05,0.000497,1.7e-05,0.000569,1.4e-05,2.8e-05,0.009692,2e-06,3e-06,3.6e-05,0,0.00052,0.000364,0.000176,0.000463,6e-06,4e-06,0,1e-06,0,0.000927,0,0,0,0,0,8e-06,1e-06,1e-06,0.000189,6e-06,1e-06,0,3.3e-05,1.4e-05,0.006528,1.7e-05,6e-05,2.6e-05,1e-06,0,3e-06,0,0,0,0,0,0.00248,0.001969,0.007482,0,8.2e-05,1e-06,0,0,0,0,0.000167,6e-06,1e-05,7.4e-05,0,0,0,7.8e-05,0,0,0.000187,0,3e-05,5e-06,0,0.000318,0,0,0,0,0,0,0
"arusha/ngorongoro/olbalbal",4e-06,5.8e-05,0,0.000222,0,1.4e-05,0,0,0,4.6e-05,1e-06,0,3e-06,4.7e-05,3.9e-05,1e-06,1e-06,2e-06,0,1e-06,0,3e-06,0,0,0,0,0,1e-06,0,0,1.2e-05,0,0,0,2.5e-05,1e-06,5e-06,1.3e-05,3e-06,6.8e-05,0,0,1.3e-05,1.5e-05,2e-06,0,7e-06,0.001173,7.5e-05,4e-06,1e-06,8e-06,3e-06,1e-06,8e-06,0,0,0,8e-06,0.008738,3.3e-05,0.000228,3.6e-05,1e-06,0,2.9e-05,2.2e-05,0,1.8e-05,3e-05,5e-06,0,1e-06,9e-06,1e-06,0.000111,1.9e-05,0,0,0,0,1e-06,0,0,0,1e-06,0.000121,0,1.3e-05,4e-05,0,0,0.000105,2.7e-05,5e-06,3.8e-05,8e-06,0,4.6e-05,1.2e-05,0,4e-06,8e-06,7e-06,2e-06,8.9e-05,2e-06,1.1e-05,6e-06,0.000514,6e-06,3.5e-05,5e-06,0,1e-06,0,4.2e-05,0,5.9e-05,6e-06,3e-06,0.000113,0,1e-06,0,3e-06,1e-05,0.00022,1.4e-05,0,0,1.1e-05,2.2e-05,2e-06,0,2.6e-05,2e-06,7e-06,0.000299,1.8e-05,9e-06,0,1e-05,2e-06,1e-06,1.6e-05,1e-06,2.5e-05,2.1e-05,7e-06,0,0,1e-06,0,1.4e-05,0.000331,2e-06,9e-06,1e-06,0.000854,3e-06,4.6e-05,0,1e-06,0,0,4e-06,5e-06,4.9e-05,2e-06,4e-06,0.000179,0.000799,6e-06,2e-06,1e-05,0.000129,1e-06,1.7e-05,6e-06,0,2.4e-05,2.2e-05,3e-06,0.000122,0.002117,0,0,5.9e-05,1.8e-05,4e-06,3e-06,1.3e-05,1e-06,3.5e-05,1e-06,0,0,2e-05,2e-06,7.7e-05,3e-06,1.3e-05,0,3e-05,3e-06,0.000173,0.000128,0.001071,0,0,1e-06,5.8e-05,0,1e-06,3e-06,1e-06,0.000278,2e-06,1.5e-05,1e-06,0,0,0,7.1e-05,2e-06,0.000107,1e-06,5e-06,0,0,1e-06,0.000375,0.000103,1e-06,0,0,1.1e-05,0.000152,0,6e-06,0.00096,0,0.000345,0,0,1e-06,3.3e-05,0,4e-06,0.000265,0.000541,1e-06,6.4e-05,1.8e-05,6e-06,0,2e-06,0,0,0,6e-06,0,0,0.000265,5e-06,1e-06,0.000114,0,9e-06,1e-04,4.1e-05,0,0,0.000156,1e-06,7e-06,1.7e-05,1e-06,7.3e-05,2e-06,6e-06,0.001129,1e-06,0,0,0,1e-06,1e-06,0,1e-06,6e-06,1e-06,0.00016,4e-06,1e-05,9.7e-05,1e-06,7e-06,0.000547,0,0,0,3e-06,0,0.000193,6e-06,1e-06,0,0,7.9e-05,0,1e-06,0,3e-06,4e-06,6e-06,0.000228,9.9e-05,8.2e-05,8e-06,0.000118,1e-05,5.9e-05,0.000722,0.000196,0.000251,2e-06,1.3e-05,1.9e-05,2.8e-05,1.3e-05,0.001288,0.000405,1.7e-05,0,1e-06,2.8e-05,0.000167,1e-06,3e-06,0,3e-06,0,2.8e-05,5e-06,6.8e-05,3.5e-05,2.3e-05,7.3e-05,0,2.7e-05,2e-06,0.00032,0.000148,4.4e-05,2.1e-05,1e-06,1e-06,4e-06,0,0,0,0,1.1e-05,0.000209,5.7e-05,0.000133,0,2.1e-05,2e-06,0,0,1e-06,1e-06,1.2e-05,7e-06,0,0.000141,0,0,0,0.000204,3e-06,0,6e-06,0,4.3e-05,8e-06,0,7.1e-05,0,0,0,0,0,0,1e-06
"manyara/kiteto/olboroti",0,0,0,0,0,0,0,0,0,0,0,0,0,0,0,0,0,0,0,0,0,0,0,0,0,0,0,0,0,0,0,0,0,0,0,0,0,0,0,0,0,0,0,0,0,0,0,0,0,0,0,0,0,0,0,0,0,0,0,0,0,0,0,0,0,0,0,0,0,0,0,0,0,0,0,0,0,0,0,0,0,0,0,0,0,0,0,0,0,0,0,0,0,0,0,0,0,0,0,0,0,0,0,0,0,0,0,0,0,0,0,0,0,0,0,0,0,0,0,0,0,0,0,0,0,0,0,0,0,0,0,0,0,0,0,0,0,0,0,0,0,0,0,0,0,0,0,0,0,0,0,0,0,0,0,0,0,0,0,0,0,0,0,0,0,0,0,0,0,0,0,0,0,0,0,0,0,0,0,0,0,0,0,0,0,0,0,0,0,0,0,0,0,0,0,0,0,0,0,0,0,0,0,0,0,0,0,0,0,0,0,0,0,0,0,0,0,0,0,0,0,0,0,0,0,0,0,0,0,0,0,0,0,0,0,0,0,0,0,0,0,0,0,0,0,0,0,0,0,0,0,0,0,0,0,0,0,0,0,0,0,0,0,0,0,0,0,0,0,0,0,0,0,0,0,0,0,0,0,0,0,0,0,0,0,0,0,0,0,0,0,0,0,0,0,0,0,0,0,0,0,0,0,0,0,0,0,0,0,0,0,0,0,0,0,0,0,0,0,0,0,0,0,0,0,0,0,0,0,0,0,0,0,0,0,0,0,0,0,0,0,0,0,0,0,0,0,0,0,0,0,0,0,0,0,0,0,0,0,0,0,0,0,0,0,0,0,0,0,0,0,0,0,0,0,0,0,0,0,0,0,0,0,0,0,0,0,0,0,0,0,0,0,0,0,0,0,0
"kilimanjaro/moshi/oldmoshimagharibi",0,0,0,0,0,0,0,0,0,0,0,0,0,0,0,0,0,0,0,0,0,0,0,0,0,0,0,0,0,0,0,0,0,0,0,0,0,0,0,0,0,0,0,0,0,0,0,0,0,0,0,0,0,0,0,0,0,0,0,0,0,0,0,0,0,0,0,0,0,0,0,0,0,0,0,0,0,0,0,0,0,0,0,0,0,0,0,0,0,0,0,0,0,0,0,0,0,0,0,0,0,0,0,0,0,0,0,0,0,0,0,0,0,0,0,0,0,0,0,0,0,0,0,0,0,0,0,0,0,0,0,0,0,0,0,0,0,0,0,0,0,0,0,0,0,0,0,0,0,0,0,0,0,0,0,0,0,0,0,0,0,0,0,0,0,0,0,0,0,0,0,0,0,0,0,0,0,0,0,0,0,0,0,0,0,0,0,0,0,0,0,0,0,0,0,0,0,0,0,0,0,0,0,0,0,0,0,0,0,0,0,0,0,0,0,0,0,0,0,0,0,0,0,0,0,0,0,0,0,0,0,0,0,0,0,0,0,0,0,0,0,0,0,0,0,0,0,0,0,0,0,0,0,0,0,0,0,0,0,0,0,0,0,0,0,0,0,0,0,0,0,0,0,0,0,0,0,0,0,0,0,0,0,0,0,0,0,0,0,0,0,0,0,0,0,0,0,0,0,0,0,0,0,0,0,0,0,0,0,0,0,0,0,0,0,0,0,0,0,0,0,0,0,0,0,0,0,0,0,0,0,0,0,0,0,0,0,0,0,0,0,0,0,0,0,0,0,0,0,0,0,0,0,0,0,0,0,0,0,0,0,0,0,0,0,0,0,0,0,0,0,0,0,0,0,0,0,0,0,0,0,0,0,0,0,0,0,0,0,0,0,0,0,0,0,0,0,0
"kilimanjaro/moshi/oldmoshimashariki",0,0,0,0,0,0,0,0,0,0,0,0,0,0,0,0,0,0,0,0,0,0,0,0,0,0,0,0,0,0,0,0,0,0,0,0,0,0,0,0,0,0,0,0,0,0,0,0,0,0,0,0,0,0,0,0,0,0,0,0,0,0,0,0,0,0,0,0,0,0,0,0,0,0,0,0,0,0,0,0,0,0,0,0,0,0,0,0,0,0,0,0,0,0,0,0,0,0,0,0,0,0,0,0,0,0,0,0,0,0,0,0,0,0,0,0,0,0,0,0,0,0,0,0,0,0,0,0,0,0,0,0,0,0,0,0,0,0,0,0,0,0,0,0,0,0,0,0,0,0,0,0,0,0,0,0,0,0,0,0,0,0,0,0,0,0,0,0,0,0,0,0,0,0,0,0,0,0,0,0,0,0,0,0,0,0,0,0,0,0,0,0,0,0,0,0,0,0,0,0,0,0,0,0,0,0,0,0,0,0,0,0,0,0,0,0,0,0,0,0,0,0,0,0,0,0,0,0,0,0,0,0,0,0,0,0,0,0,0,0,0,0,0,0,0,0,0,0,0,0,0,0,0,0,0,0,0,0,0,0,0,0,0,0,0,0,0,0,0,0,0,0,0,0,0,0,0,0,0,0,0,0,0,0,0,0,0,0,0,0,0,0,0,0,0,0,0,0,0,0,0,0,0,0,0,0,0,0,0,0,0,0,0,0,0,0,0,0,0,0,0,0,0,0,0,0,0,0,0,0,0,0,0,0,0,0,0,0,0,0,0,0,0,0,0,0,0,0,0,0,0,0,0,0,0,0,0,0,0,0,0,0,0,0,0,0,0,0,0,0,0,0,0,0,0,0,0,0,0,0,0,0,0,0,0,0,0,0,0,0,0,0,0,0,0,0,0,0
"arusha/karatu/oldean",0,0,0,0,0,0,0,0,0,0,0,0,0,0,0,0,0,0,0,0,0,0,0,0,0,0,0,0,0,0,0,0,0,0,0,0,0,0,0,0,0,0,0,0,0,0,0,0,0,0,0,0,0,0,0,0,0,0,0,0,0,0,0,0,0,0,0,0,0,0,0,0,0,0,0,0,0,0,0,0,0,0,0,0,0,0,0,0,0,0,0,0,0,0,0,0,0,0,0,0,0,0,0,0,0,0,0,0,0,0,0,0,0,0,0,0,0,0,0,0,0,0,0,0,0,0,0,0,0,0,0,0,0,0,0,0,0,0,0,0,0,0,0,0,0,0,0,0,0,0,0,0,0,0,0,0,0,0,0,0,0,0,0,0,0,0,0,0,0,0,0,0,0,0,0,0,0,0,0,0,0,0,0,0,0,0,0,0,0,0,0,0,0,0,0,0,0,0,0,0,0,0,0,0,0,0,0,0,0,0,0,0,0,0,0,0,0,0,0,0,0,0,0,0,0,0,0,0,0,0,0,0,0,0,0,0,0,0,0,0,0,0,0,0,0,0,0,0,0,0,0,0,0,0,0,0,0,0,0,0,0,0,0,0,0,0,0,0,0,0,0,0,0,0,0,0,0,0,0,0,0,0,0,0,0,0,0,0,0,0,0,0,0,0,0,0,0,0,0,0,0,0,0,0,0,0,0,0,0,0,0,0,0,0,0,0,0,0,0,0,0,0,0,0,0,0,0,0,0,0,0,0,0,0,0,0,0,0,0,0,0,0,0,0,0,0,0,0,0,0,0,0,0,0,0,0,0,0,0,0,0,0,0,0,0,0,0,0,0,0,0,0,0,0,0,0,0,0,0,0,0,0,0,0,0,0,0,0,0,0,0,0,0,0,0,0,0,0
"arusha/ngorongoro/oldonyosambu",0,0,0,0,0,0,0,0,0,0,0,0,0,0,0,0,0,0,0,0,0,0,0,0,0,0,0,0,0,0,0,0,0,0,0,0,0,0,0,0,0,0,0,0,0,0,0,0,0,0,0,0,0,0,0,0,0,0,0,0,0,0,0,0,0,0,0,0,0,0,0,0,0,0,0,0,0,0,0,0,0,0,0,0,0,0,0,0,0,0,0,0,0,0,0,0,0,0,0,0,0,0,0,0,0,0,0,0,0,0,0,0,0,0,0,0,0,0,0,0,0,0,0,0,0,0,0,0,0,0,0,0,0,0,0,0,0,0,0,0,0,0,0,0,0,0,0,0,0,0,0,0,0,0,0,0,0,0,0,0,0,0,0,0,0,0,0,0,0,0,0,0,0,0,0,0,0,0,0,0,0,0,0,0,0,0,0,0,0,0,0,0,0,0,0,0,0,0,0,0,0,0,0,0,0,0,0,0,0,0,0,0,0,0,0,0,0,0,0,0,0,0,0,0,0,0,0,0,0,0,0,0,0,0,0,0,0,0,0,0,0,0,0,0,0,0,0,0,0,0,0,0,0,0,0,0,0,0,0,0,0,0,0,0,0,0,0,0,0,0,0,0,0,0,0,0,0,0,0,0,0,0,0,0,0,0,0,0,0,0,0,0,0,0,0,0,0,0,0,0,0,0,0,0,0,0,0,0,0,0,0,0,0,0,0,0,0,0,0,0,0,0,0,0,0,0,0,0,0,0,0,0,0,0,0,0,0,0,0,0,0,0,0,0,0,0,0,0,0,0,0,0,0,0,0,0,0,0,0,0,0,0,0,0,0,0,0,0,0,0,0,0,0,0,0,0,0,0,0,0,0,0,0,0,0,0,0,0,0,0,0,0,0,0,0,0,0,0
"arusha/arusha/oldonyosambu",0.009233,0.000121,0.000162,0.000627,7e-06,0.007356,3e-06,5e-06,5e-06,0.001528,2.4e-05,4e-06,0.011066,0.095779,0.000261,1.4e-05,1e-05,3.5e-05,6e-06,2.1e-05,2.6e-05,0.00682,5e-06,0.000201,2.7e-05,6.4e-05,1e-05,1.5e-05,3e-06,3.6e-05,0.010328,1.6e-05,1.5e-05,4.8e-05,9.5e-05,1.3e-05,0.008573,0.000317,3.7e-05,0.000967,7e-06,4e-06,0.000743,0.000241,0.000108,6e-06,0.001103,0.787014,0.009852,3e-05,9e-06,2e-05,2.9e-05,8e-06,0.000227,3e-06,0.000347,1.9e-05,0.001031,0.008497,0.006753,0.007205,0.065428,5e-05,1e-06,0.040546,0.014897,5e-06,0.000525,0.00172,2.3e-05,1e-06,0.001735,0.000145,2e-05,0.005865,0.000529,3e-06,3e-06,4e-06,2e-06,2.5e-05,5e-06,5e-06,1.1e-05,7e-06,0.118454,4e-06,0.000188,0.004473,2e-06,6e-06,0.037048,0.142506,0.000399,0.000512,0.013134,3.1e-05,0.020812,0.004813,7e-06,1.2e-05,0.000871,0.015536,0.001,0.056856,1.3e-05,0.007775,0.023164,0.003757,0.008659,0.017217,0.000121,0.000351,0.000238,0.000149,0.042512,1.1e-05,0.035474,0.004749,0.002805,0.079284,8.1e-05,0.000294,2.9e-05,0.000339,0.000662,0.314236,0.018564,0.000208,0.000158,0.005068,0.007858,0.001684,2e-05,0.054014,0.004728,0.003963,0.127704,0.014349,0.016121,1.9e-05,0.020861,0.001304,0.000297,0.004001,1.5e-05,0.012166,0.01143,0.003289,0.000164,5.9e-05,0.000213,4.9e-05,0.001829,0.233396,0.000632,0.001756,0.000111,0.403172,0.001009,0.009921,9.8e-05,0.000171,4e-06,4e-06,0.001381,0.017616,0.072863,0.000448,0.000224,0.022025,0.703065,0.000976,0.003401,0.001014,0.015998,0.000583,0.012463,0.000402,1.2e-05,0.000131,0.002444,0.001502,0.113145,0.724544,0.00027,0.000444,0.053589,0.01969,0.003149,6.4e-05,0.000235,9e-06,0.001387,2.8e-05,0.000137,9e-06,0.012924,2.4e-05,0.162775,0.000239,0.00158,0.000303,0.013272,0.006049,0.065103,0.010034,0.001555,0.000206,0.000174,3.6e-05,0.020687,6.8e-05,6e-06,0.000393,7e-06,0.096851,0.001216,0.006832,8e-06,0.000472,4e-06,0.000611,0.078377,0.002411,0.115328,0.000589,4e-05,3e-06,3e-06,1e-05,0.024955,0.089233,7.4e-05,1.7e-05,0.000289,0.010234,0.00214,0.00012,0.004905,0.191692,0.000108,0.071259,2.2e-05,2e-04,0.000694,0.048091,6e-06,0.002167,0.426533,0.294191,0.000672,0.102148,0.011698,0.000754,0.000191,0.00047,0.000156,2.9e-05,2e-05,0.002721,2.7e-05,2.3e-05,0.004671,0.001042,9e-06,0.11386,5e-06,0.000351,0.172342,0.013016,7.7e-05,2.8e-05,0.060785,0.000353,0.000831,0.003122,1.1e-05,0.000383,0.001345,5.4e-05,0.345773,2.5e-05,1.7e-05,1.4e-05,2e-06,0.000537,1.1e-05,0.000755,9.2e-05,0.007992,6.5e-05,0.168231,0.002641,0.018468,0.594108,0.002744,0.002015,0.00069,5.2e-05,2.2e-05,0.000192,0.000603,1.8e-05,0.007043,0.015236,0.002166,0.001462,0.000355,0.096058,0.000537,4.5e-05,0.000138,0.001733,1.5e-05,0.000105,0,0.043304,0.05205,0.003104,0.359963,0.014778,0.057849,0.771718,0.001498,0.002166,0.003924,0.000149,0.039807,0.075368,0.028738,0.617493,0.005298,0.002145,2.1e-05,0.000965,0.000431,0.325604,4e-05,1.8e-05,0.000174,2.8e-05,1.1e-05,0.004434,0.000455,0.00059,0.204026,0.00399,0.000746,4e-06,0.054652,0.005938,0.453052,0.008151,0.012567,0.009167,0.000384,0.000265,0.003028,8e-06,4e-06,8e-06,3e-06,0.000106,0.402281,0.079892,0.187887,2.4e-05,0.093096,0.001144,1.1e-05,2.9e-05,5.6e-05,0.000452,0.011799,0.001564,0.000865,0.192243,5e-06,2.4e-05,7e-06,0.08582,5.6e-05,4e-06,0.010496,0.000267,0.030603,0.005045,0.000173,0.131322,0.000151,2.9e-05,5.5e-05,1.2e-05,1e-05,7e-06,6e-06
"kilimanjaro/rombo/olele",0,0,0,0,0,0,0,0,0,0,0,0,0,0,0,0,0,0,0,0,0,0,0,0,0,0,0,0,0,0,0,0,0,0,0,0,0,0,0,0,0,0,0,0,0,0,0,0,0,0,0,0,0,0,0,0,0,0,0,0,0,0,0,0,0,0,0,0,0,0,0,0,0,0,0,0,0,0,0,0,0,0,0,0,0,0,0,0,0,0,0,0,0,0,0,0,0,0,0,0,0,0,0,0,0,0,0,0,0,0,0,0,0,0,0,0,0,0,0,0,0,0,0,0,0,0,0,0,0,0,0,0,0,0,0,0,0,0,0,0,0,0,0,0,0,0,0,0,0,0,0,0,0,0,0,0,0,0,0,0,0,0,0,0,0,0,0,0,0,0,0,0,0,0,0,0,0,0,0,0,0,0,0,0,0,0,0,0,0,0,0,0,0,0,0,0,0,0,0,0,0,0,0,0,0,0,0,0,0,0,0,0,0,0,0,0,0,0,0,0,0,0,0,0,0,0,0,0,0,0,0,0,0,0,0,0,0,0,0,0,0,0,0,0,0,0,0,0,0,0,0,0,0,0,0,0,0,0,0,0,0,0,0,0,0,0,0,0,0,0,0,0,0,0,0,0,0,0,0,0,0,0,0,0,0,0,0,0,0,0,0,0,0,0,0,0,0,0,0,0,0,0,0,0,0,0,0,0,0,0,0,0,0,0,0,0,0,0,0,0,0,0,0,0,0,0,0,0,0,0,0,0,0,0,0,0,0,0,0,0,0,0,0,0,0,0,0,0,0,0,0,0,0,0,0,0,0,0,0,0,0,0,0,0,0,0,0,0,0,0,0,0,0,0,0,0,0,0,0,0,0,0,0,0,0,0,0,0,0,0,0,0,0,0,0,0,0,0
"arusha/arusha/oljoro",0.000168,1e-06,2e-06,7e-06,0,0.000129,0,0,0,4.8e-05,1e-06,0,9.9e-05,0.002221,5e-06,0,0,1e-06,0,0,1e-06,3.4e-05,0,2e-06,1e-06,1e-06,0,0,0,1e-06,0.001565,0,0,1e-06,2e-06,0,0.000243,8e-06,1e-06,9e-06,0,0,1.6e-05,6e-06,2e-06,0,7e-06,0.048635,0.000688,1e-06,0,0,1e-06,0,6e-06,0,1.5e-05,1e-06,3.2e-05,0.000131,2.9e-05,6.7e-05,0.000116,1e-06,0,0.002661,0.000223,0,1.3e-05,6.9e-05,0,0,6e-06,4e-06,0,3.7e-05,4e-06,0,0,0,0,1e-06,0,0,0,0,0.001502,0,4e-06,9.6e-05,0,0,0.000468,0.000535,3e-06,1.2e-05,7.1e-05,1e-06,0.000337,7e-05,0,0,1.7e-05,0.000314,1.2e-05,0.000296,0,8.7e-05,5.9e-05,7.1e-05,4.8e-05,0.000151,3e-06,8e-06,2e-06,2e-06,0.00067,0,0.00041,3.7e-05,2.2e-05,0.000688,1e-06,5e-06,1e-06,7e-06,1.5e-05,0.005016,0.000709,2e-06,2e-06,6.3e-05,0.000121,1.9e-05,0,0.001218,4.4e-05,4.4e-05,0.000464,0.000144,0.000152,0,0.000366,1.3e-05,3e-06,7.2e-05,0,0.000155,0.000123,3.9e-05,1e-06,1e-06,2e-06,1e-06,3.3e-05,0.008365,6e-06,8e-06,3e-06,0.006674,1.6e-05,0.00082,1e-06,3e-06,0,0,2.8e-05,7.2e-05,0.00367,9e-06,5e-06,0.000495,0.035016,2.9e-05,1.6e-05,4.8e-05,0.001051,2e-06,0.000134,9e-06,0,1e-06,5.4e-05,2.2e-05,0.000902,0.019747,2e-06,3e-06,0.000491,0.000154,4.3e-05,2e-06,6e-06,0,4.9e-05,1e-06,2e-06,0,0.000148,0,0.0019,8e-06,3.6e-05,8e-06,0.000132,3.3e-05,0.000887,0.000307,1.7e-05,2e-06,2e-06,1e-06,0.000242,1e-06,0,7e-06,0,0.000979,1.2e-05,7.5e-05,0,1e-05,0,4e-06,0.000761,1.6e-05,0.000823,9e-06,1e-06,0,0,0,0.000151,0.008265,2e-06,0,3e-06,0.000591,3.2e-05,1e-06,0.00019,0.015682,1e-06,0.001542,0,2e-06,8e-06,0.002555,0,0.000657,0.010052,0.002152,1e-05,0.004299,7.1e-05,1.5e-05,2e-06,8e-06,2e-06,1e-06,0,6.3e-05,1e-06,0,9.4e-05,4e-06,0,0.001963,0,1.3e-05,0.00131,0.000239,1e-06,1e-06,0.000746,4e-06,1.7e-05,0.000145,0,5e-06,4e-05,1e-06,0.001671,1e-06,0,0,0,4e-06,0,4e-06,3e-06,2.8e-05,1e-06,0.013181,3.1e-05,6.7e-05,0.001145,6.1e-05,5.6e-05,1.1e-05,1e-06,0,2e-06,1.3e-05,0,0.000233,0.000215,1.9e-05,1.4e-05,3e-06,0.004217,7e-06,1e-06,2e-06,1.8e-05,0,1e-06,0.002018,0.000392,0,0.000856,0.001563,0.000128,0.000208,0.017596,1.6e-05,2.2e-05,0.000111,2e-06,0.000614,0.000923,0.000288,0.002788,5.2e-05,7.1e-05,1e-06,1.2e-05,4e-06,0.005813,2e-06,0,2e-06,1e-06,0,0.000113,1e-05,6e-06,0.000578,8.8e-05,7e-06,0,0.00026,7.6e-05,0.014203,0.000123,0.00038,0.000595,7e-06,3e-06,3.6e-05,0,0,0,0,1e-06,0.00759,0.004169,0.007145,1e-06,0.000435,1.3e-05,0,1e-06,1e-06,3e-06,0.002731,0.00017,2.7e-05,0.000486,0,0,0,0.000764,1e-06,0,0.000281,2e-06,0.00031,4.9e-05,2e-06,0.00262,1e-06,1e-06,1e-06,0,0,0,0
"manyara/simanjiro/oljorono",7.7e-05,1e-06,2e-06,5e-06,0,0.000132,0,0,0,6.4e-05,1e-06,0,4.7e-05,0.00092,6e-06,0,0,1e-06,0,0,1e-06,1.8e-05,0,2e-06,1e-06,1e-06,0,0,0,1e-06,0.001324,0,0,1e-06,1e-06,0,9.2e-05,7e-06,1e-06,8e-06,0,0,1.4e-05,5e-06,2e-06,0,5e-06,0.019694,0.001353,0,0,0,1e-06,0,5e-06,0,1.4e-05,1e-06,4.7e-05,9.7e-05,1.7e-05,4e-05,7.9e-05,1e-06,0,0.000857,0.000131,0,1.3e-05,7.4e-05,0,0,5e-06,4e-06,0,2.2e-05,3e-06,0,0,0,0,1e-06,0,0,0,0,0.001251,0,3e-06,8.6e-05,0,0,0.000468,0.000274,2e-06,1.5e-05,5.5e-05,1e-06,0.000346,7.2e-05,0,0,2e-05,0.000127,1.1e-05,0.000248,0,7.9e-05,4e-05,5.1e-05,3.8e-05,0.000139,3e-06,3e-06,2e-06,1e-06,0.000559,0,0.000381,3.2e-05,1.3e-05,0.000601,2e-06,6e-06,1e-06,8e-06,1.4e-05,0.002364,0.00041,2e-06,2e-06,4.4e-05,0.000126,1.7e-05,0,0.000493,2e-05,4.2e-05,0.000363,0.000126,0.000108,0,0.000152,1.1e-05,2e-06,8.1e-05,0,0.00015,0.000115,3.8e-05,1e-06,2e-06,2e-06,1e-06,3.9e-05,0.004012,4e-06,4e-06,4e-06,0.006132,1.7e-05,0.001501,1e-06,4e-06,0,0,3.1e-05,4.7e-05,0.001246,1e-05,4e-06,0.000287,0.014068,4e-05,1.2e-05,5.9e-05,0.001119,1e-06,0.000121,1.2e-05,0,1e-06,7e-05,2.1e-05,0.000751,0.027092,1e-06,3e-06,0.000417,0.000127,4e-05,2e-06,5e-06,0,4.7e-05,1e-06,2e-06,0,0.000137,0,0.00115,1.3e-05,3.2e-05,6e-06,0.000124,2.4e-05,0.000888,0.000211,1.7e-05,2e-06,2e-06,1e-06,0.000238,1e-06,0,9e-06,0,0.000928,1.2e-05,7.2e-05,0,7e-06,0,3e-06,0.000621,1.2e-05,0.000667,8e-06,1e-06,0,0,0,0.000129,0.002667,2e-06,0,3e-06,0.000324,2.1e-05,1e-06,0.00018,0.022511,1e-06,0.001295,1e-06,2e-06,7e-06,0.001006,0,0.000231,0.004233,0.000997,6e-06,0.001606,6.1e-05,1.9e-05,2e-06,9e-06,2e-06,1e-06,0,4.9e-05,1e-06,1e-06,6.6e-05,4e-06,0,0.001003,0,1.6e-05,0.000698,0.000264,1e-06,1e-06,0.000731,4e-06,2.1e-05,0.000176,0,5e-06,4.5e-05,0,0.001333,1e-06,0,0,0,4e-06,0,3e-06,4e-06,2.2e-05,2e-06,0.006264,2.9e-05,5e-05,0.000496,2.4e-05,7.3e-05,1.1e-05,1e-06,0,2e-06,1.6e-05,1e-06,0.000199,9.8e-05,1.1e-05,7e-06,2e-06,0.001086,5e-06,2e-06,2e-06,1.7e-05,0,1e-06,0.000867,0.000363,0.006366,0,0.000837,9.8e-05,0.000164,0.005823,1.1e-05,1.5e-05,4.3e-05,2e-06,0.000264,0.000409,0.000136,0.001455,5.1e-05,7.6e-05,0,1.1e-05,3e-06,0.002944,2e-06,0,2e-06,1e-06,0,0.000149,1.3e-05,5e-06,0.000303,0.00011,7e-06,0,0.00019,3.7e-05,0.005754,7.3e-05,0.000267,0.000664,8e-06,3e-06,3.3e-05,0,0,0,0,1e-06,0.003354,0.000982,0.00263,1e-06,0.000242,1.2e-05,0,1e-06,1e-06,3e-06,0.00055,0.000382,1e-05,0.000255,0,1e-06,0,0.000701,2e-06,0,0.000108,2e-06,0.000278,4.5e-05,1e-06,0.001413,1e-06,1e-06,1e-06,0,0,0,0
"arusha/arusha/olkokola",8.8e-05,1e-06,1e-06,3e-06,0,4.4e-05,0,0,0,1.4e-05,0,0,0.000123,0.001276,2e-06,0,0,0,0,0,0,1.9e-05,0,1e-06,0,0,0,0,0,0,0.000159,0,0,0,1e-06,0,0.00014,2e-06,0,7e-06,0,0,4e-06,1e-06,1e-06,0,1e-05,0.043589,0.000103,0,0,0,0,0,1e-06,0,3e-06,0,8e-06,5e-05,2.5e-05,4.6e-05,0.000311,0,0,0.000555,0.000333,0,6e-06,1.1e-05,0,0,6e-06,1e-06,0,2.8e-05,4e-06,0,0,0,0,0,0,0,0,0,0.000668,0,1e-06,2.2e-05,0,0,0.000207,0.001711,3e-06,5e-06,5.2e-05,0,0.000122,2.7e-05,0,0,6e-06,0.000274,5e-06,0.000244,0,4e-05,6.8e-05,2.6e-05,3.5e-05,8.4e-05,1e-06,6e-06,1e-06,1e-06,0.000248,0,0.000188,2.2e-05,9e-06,0.000391,0,2e-06,0,2e-06,3e-06,0.001643,0.000152,1e-06,1e-06,1.9e-05,4.5e-05,9e-06,0,0.000786,0.000112,2.1e-05,0.000618,7.1e-05,8.1e-05,0,0.000432,6e-06,1e-06,2.5e-05,0,6.6e-05,5.9e-05,1.7e-05,1e-06,0,1e-06,0,1.2e-05,0.006403,2e-06,9e-06,1e-06,0.002998,6e-06,6.7e-05,1e-06,1e-06,0,0,9e-06,6.6e-05,0.001115,3e-06,1e-06,0.00021,0.028299,7e-06,1.3e-05,6e-06,0.00013,2e-06,6.3e-05,3e-06,0,1e-06,1.7e-05,8e-06,0.000546,0.01382,1e-06,2e-06,0.000263,9e-05,1.7e-05,1e-06,2e-06,0,1e-05,0,1e-06,0,6.7e-05,0,0.00107,2e-06,8e-06,2e-06,6.8e-05,2.4e-05,0.000375,8.7e-05,1.2e-05,1e-06,1e-06,0,0.000112,0,0,3e-06,0,0.000525,6e-06,3.6e-05,0,3e-06,0,3e-06,0.000396,1e-05,0.000534,3e-06,0,0,0,0,0.000156,0.001691,1e-06,0,1e-06,5.9e-05,1.5e-05,1e-06,3.6e-05,0.004735,1e-06,0.000342,0,1e-06,4e-06,0.000526,0,3.1e-05,0.011053,0.003902,1.4e-05,0.001359,5.1e-05,5e-06,1e-06,3e-06,1e-06,0,0,1.2e-05,0,0,3.4e-05,6e-06,0,0.003573,0,4e-06,0.010559,8e-05,0,0,0.000338,2e-06,6e-06,1.8e-05,0,4e-06,9e-06,0,0.00207,0,0,0,0,3e-06,0,3e-06,1e-06,2.7e-05,0,0.001808,1.4e-05,6.3e-05,0.001553,5.1e-05,1.4e-05,6e-06,0,0,1e-06,4e-06,0,5.3e-05,0.000162,1.4e-05,1.3e-05,2e-06,0.001473,3e-06,0,1e-06,9e-06,0,1e-06,0.005599,0.000219,0.000476,3.4e-05,0,7e-05,0.000217,0.045325,8e-06,1.1e-05,5.5e-05,1e-06,0.001072,0.001239,0.00126,0.003399,3.7e-05,1.2e-05,0,5e-06,3e-06,0.003387,0,0,1e-06,0,0,3.1e-05,3e-06,4e-06,0.004191,2.7e-05,5e-06,0,0.00021,5e-05,0.010964,6.5e-05,0.000203,5.4e-05,2e-06,1e-06,1.6e-05,0,0,0,0,1e-06,0.007641,0.000943,0.003991,0,0.000523,6e-06,0,0,0,2e-06,0.00016,1.1e-05,1.3e-05,0.000489,0,0,0,0.000442,0,0,0.000185,1e-06,0.000154,2.5e-05,1e-06,0.001082,1e-06,0,0,0,0,0,0
"kilimanjaro/siha/olkolili",0,0,0,0,0,0,0,0,0,0,0,0,0,0,0,0,0,0,0,0,0,0,0,0,0,0,0,0,0,0,0,0,0,0,0,0,0,0,0,0,0,0,0,0,0,0,0,0,0,0,0,0,0,0,0,0,0,0,0,0,0,0,0,0,0,0,0,0,0,0,0,0,0,0,0,0,0,0,0,0,0,0,0,0,0,0,0,0,0,0,0,0,0,0,0,0,0,0,0,0,0,0,0,0,0,0,0,0,0,0,0,0,0,0,0,0,0,0,0,0,0,0,0,0,0,0,0,0,0,0,0,0,0,0,0,0,0,0,0,0,0,0,0,0,0,0,0,0,0,0,0,0,0,0,0,0,0,0,0,0,0,0,0,0,0,0,0,0,0,0,0,0,0,0,0,0,0,0,0,0,0,0,0,0,0,0,0,0,0,0,0,0,0,0,0,0,0,0,0,0,0,0,0,0,0,0,0,0,0,0,0,0,0,0,0,0,0,0,0,0,0,0,0,0,0,0,0,0,0,0,0,0,0,0,0,0,0,0,0,0,0,0,0,0,0,0,0,0,0,0,0,0,0,0,0,0,0,0,0,0,0,0,0,0,0,0,0,0,0,0,0,0,0,0,0,0,0,0,0,0,0,0,0,0,0,0,0,0,0,0,0,0,0,0,0,0,0,0,0,0,0,0,0,0,0,0,0,0,0,0,0,0,0,0,0,0,0,0,0,0,0,0,0,0,0,0,0,0,0,0,0,0,0,0,0,0,0,0,0,0,0,0,0,0,0,0,0,0,0,0,0,0,0,0,0,0,0,0,0,0,0,0,0,0,0,0,0,0,0,0,0,0,0,0,0,0,0,0,0,0,0,0,0,0,0,0,0,0,0,0,0,0,0,0,0,0,0,0
"arusha/longido/olmolog",0,0,0,0,0,0,0,0,0,0,0,0,0,0,0,0,0,0,0,0,0,0,0,0,0,0,0,0,0,0,0,0,0,0,0,0,0,0,0,0,0,0,0,0,0,0,0,0,0,0,0,0,0,0,0,0,0,0,0,0,0,0,0,0,0,0,0,0,0,0,0,0,0,0,0,0,0,0,0,0,0,0,0,0,0,0,0,0,0,0,0,0,0,0,0,0,0,0,0,0,0,0,0,0,0,0,0,0,0,0,0,0,0,0,0,0,0,0,0,0,0,0,0,0,0,0,0,0,0,0,0,0,0,0,0,0,0,0,0,0,0,0,0,0,0,0,0,0,0,0,0,0,0,0,0,0,0,0,0,0,0,0,0,0,0,0,0,0,0,0,0,0,0,0,0,0,0,0,0,0,0,0,0,0,0,0,0,0,0,0,0,0,0,0,0,0,0,0,0,0,0,0,0,0,0,0,0,0,0,0,0,0,0,0,0,0,0,0,0,0,0,0,0,0,0,0,0,0,0,0,0,0,0,0,0,0,0,0,0,0,0,0,0,0,0,0,0,0,0,0,0,0,0,0,0,0,0,0,0,0,0,0,0,0,0,0,0,0,0,0,0,0,0,0,0,0,0,0,0,0,0,0,0,0,0,0,0,0,0,0,0,0,0,0,0,0,0,0,0,0,0,0,0,0,0,0,0,0,0,0,0,0,0,0,0,0,0,0,0,0,0,0,0,0,0,0,0,0,0,0,0,0,0,0,0,0,0,0,0,0,0,0,0,0,0,0,0,0,0,0,0,0,0,0,0,0,0,0,0,0,0,0,0,0,0,0,0,0,0,0,0,0,0,0,0,0,0,0,0,0,0,0,0,0,0,0,0,0,0,0,0,0,0,0,0,0,0,0
"arusha/arusha/olmotonyi",0.064928,0.000337,0.000338,0.001595,2.4e-05,0.019453,1.2e-05,1.7e-05,1.9e-05,0.005718,8.8e-05,1.2e-05,0.103407,0.629004,0.000828,5.1e-05,3.3e-05,0.00012,1.9e-05,6.8e-05,7.4e-05,0.01102,1.8e-05,0.000462,7.5e-05,0.000146,3.6e-05,5.4e-05,8e-06,0.000104,0.061465,4.9e-05,4.4e-05,0.000129,0.000317,4.4e-05,0.148412,0.001108,0.000131,0.002186,2.3e-05,1.2e-05,0.002204,0.000819,0.000331,2.1e-05,0.002732,0.999525,0.046158,0.000105,3.2e-05,6.5e-05,0.000107,2.5e-05,0.000777,1e-05,0.001394,7.8e-05,0.003424,0.024733,0.010431,0.019644,0.066512,0.000154,2e-06,0.356298,0.101109,1.6e-05,0.002109,0.006899,7.6e-05,3e-06,0.002263,0.000536,6.3e-05,0.011682,0.001227,9e-06,1e-05,1.4e-05,7e-06,8.6e-05,1.7e-05,1.6e-05,3.7e-05,2.3e-05,0.249886,1.4e-05,0.000589,0.012882,8e-06,1.8e-05,0.081033,0.575793,0.000933,0.001819,0.0208,8e-05,0.051879,0.011696,2.6e-05,3.5e-05,0.002414,0.303291,0.002296,0.082228,4.7e-05,0.017138,0.026268,0.013017,0.013939,0.032898,0.000397,0.007788,0.000482,0.000313,0.110097,3.5e-05,0.07584,0.008782,0.005281,0.14297,0.00021,0.000779,7.7e-05,0.000955,0.002011,0.622694,0.088131,0.000435,0.00034,0.011494,0.019384,0.003716,5.3e-05,0.519363,0.302449,0.008648,0.159689,0.029878,0.038184,5.6e-05,0.490647,0.002692,0.000581,0.01056,5.4e-05,0.027697,0.024195,0.00732,0.000325,0.000175,0.000431,0.000142,0.004931,0.872594,0.001225,0.003278,0.000356,0.641313,0.00252,0.045154,0.000224,0.000462,1.3e-05,1.3e-05,0.00384,0.02875,0.586387,0.001244,0.000674,0.098513,0.998611,0.003152,0.005004,0.004076,0.078437,0.000667,0.026689,0.001225,3.4e-05,0.00032,0.007162,0.00369,0.193072,0.89733,0.000431,0.00077,0.10337,0.036826,0.00765,0.000225,0.000898,2.9e-05,0.005609,8.4e-05,0.000303,3.3e-05,0.028387,8.8e-05,0.406791,0.000851,0.00464,0.00109,0.02688,0.010472,0.141963,0.046028,0.004063,0.000436,0.000379,0.000149,0.044593,0.000144,2.1e-05,0.001079,2.4e-05,0.180721,0.002541,0.014633,2.7e-05,0.001804,1.5e-05,0.001086,0.155126,0.004259,0.18839,0.001501,0.000138,1e-05,9e-06,3.3e-05,0.045799,0.630255,0.00023,3.9e-05,0.000606,0.046968,0.007167,0.000256,0.018846,0.666281,0.000239,0.18253,6.2e-05,0.00045,0.001552,0.30816,1.9e-05,0.018251,0.992229,0.627729,0.004653,0.620771,0.018874,0.00214,0.000385,0.001216,0.00035,8e-05,5.7e-05,0.008063,0.000121,6.5e-05,0.017276,0.001707,3.4e-05,0.677044,1.9e-05,0.001464,0.75891,0.034271,0.000194,8.2e-05,0.127819,0.000752,0.002349,0.011894,4.1e-05,0.001182,0.004491,0.000146,0.422124,8.9e-05,5.3e-05,5.3e-05,7e-06,0.000991,3.6e-05,0.001186,0.000304,0.00968,0.000182,0.618544,0.00589,0.022985,0.493939,0.070712,0.006367,0.002161,0.000113,6e-05,0.000433,0.001739,5.8e-05,0.029116,0.127452,0.008296,0.010058,0.000652,0.760866,0.001538,0.000144,0.000321,0.003678,5.1e-05,0.000232,0.746225,0.081592,0.325802,0.018703,0.887824,0.031048,0.0694,0,0.003646,0.005153,0.055144,0.000363,0.803113,0.717311,0.614906,0.640202,0.012204,0.007278,6.7e-05,0.002227,0.000965,0.794913,0.000156,6.3e-05,0.000379,1e-04,3.8e-05,0.013478,0.001349,0.001382,0.683236,0.011494,0.001737,1.6e-05,0.080823,0.035319,0.988316,0.029719,0.075676,0.038268,0.001016,0.000549,0.0069,2.9e-05,1.4e-05,2.8e-05,9e-06,0.000258,0.969828,0.649273,0.921032,7.4e-05,0.232648,0.002577,3.1e-05,8.4e-05,0.000167,0.000809,0.110998,0.00806,0.013534,0.182092,1.8e-05,6.5e-05,2.3e-05,0.153837,0.000186,1.5e-05,0.201602,0.000522,0.062418,0.010353,0.000347,0.450504,0.000301,8.2e-05,0.000154,3.4e-05,2.8e-05,2.4e-05,1.8e-05
"arusha/ngorongoro/oloipiri",8.7e-05,0.000204,1.3e-05,0.019551,3e-06,0.00041,2e-06,2e-06,2e-06,0.000605,1e-05,2e-06,7e-05,0.000979,0.000275,8e-06,7e-06,2.1e-05,5e-06,1.6e-05,8e-06,8.8e-05,2e-06,9e-06,7e-06,3e-06,4e-06,7e-06,1e-06,1e-05,0.000262,8e-06,4e-06,6e-06,8.4e-05,8e-06,9.3e-05,0.000171,2.1e-05,0.020209,5e-06,2e-06,0.000376,0.000157,5.4e-05,3e-06,0.000105,0.022737,0.001239,2e-05,5e-06,2.4e-05,1.4e-05,6e-06,0.000122,2e-06,1.1e-05,5e-06,0.000212,0.021975,0.001359,0.002483,0.00087,2.4e-05,3.5e-05,0.00059,0.000355,5e-06,0.00013,0.00047,1.6e-05,0,2.3e-05,7e-05,1.4e-05,0.00421,0.00039,2e-06,3e-06,4e-06,1e-06,1.2e-05,3e-06,3e-06,7e-06,4e-06,0.003316,3e-06,0.000164,0.001241,1e-06,5e-06,0.003401,0.000576,8.5e-05,0.000295,0.000244,4e-06,0.001377,0.000357,4e-06,2e-05,0.00026,0.000148,4.7e-05,0.003092,8e-06,0.000313,0.000148,0.002114,0.000172,0.00116,7.5e-05,4e-06,1.7e-05,1.2e-05,0.001106,5e-06,0.001774,0.000185,9.6e-05,0.003497,9e-06,3.4e-05,4e-06,0.000101,0.00028,0.005439,0.00032,1.3e-05,1e-05,0.00036,0.000668,7.2e-05,2e-06,0.000534,3.2e-05,0.000214,0.010952,0.000525,0.000229,5e-06,0.000193,5e-05,2.5e-05,0.000491,7e-06,0.000755,0.00067,0.000215,1.2e-05,7e-06,2e-05,9e-06,0.000449,0.005606,5.5e-05,0.000203,3.3e-05,0.024984,9.9e-05,0.000934,4e-06,2.3e-05,3e-06,3e-06,0.000117,0.00013,0.000992,5e-05,0.000101,0.001998,0.015836,0.000163,6.4e-05,0.000206,0.001805,2.6e-05,0.000519,0.000157,3e-06,0.014323,0.000675,7.9e-05,0.003638,0.058652,8e-06,1.5e-05,0.001738,0.000537,0.000126,3.6e-05,9.6e-05,7e-06,0.000412,1.4e-05,1.2e-05,4e-06,0.000598,9e-06,0.00184,7e-05,0.00038,7e-06,0.000971,7.3e-05,0.005455,0.001296,0.011279,1.5e-05,1.3e-05,9e-06,0.001908,6e-06,7e-06,0.00011,4e-06,0.009432,7.8e-05,0.000475,6e-06,8e-06,2e-06,1.4e-05,0.001993,4.9e-05,0.003164,2.1e-05,3e-05,2e-06,1e-06,7e-06,0.021188,0.001866,3.6e-05,1e-06,1.5e-05,0.000263,0.000852,1e-05,0.000155,0.013543,5e-06,0.010404,5e-06,9e-06,3.3e-05,0.000703,4e-06,7e-05,0.005359,0.009124,1.7e-05,0.001329,0.000595,0.000201,1.5e-05,4.9e-05,8e-06,6e-06,5e-06,0.000168,5e-06,6e-06,0.001565,0.000181,5e-06,0.00197,2e-06,9.4e-05,0.001855,0.001221,8e-06,6e-06,0.00499,2.7e-05,0.000233,0.000404,5e-06,0.000282,6.3e-05,4.9e-05,0.043051,1.3e-05,8e-06,5e-06,1e-06,3.5e-05,7e-06,1.2e-05,3.2e-05,0.000174,1.8e-05,0.003487,0.000132,0.000305,0.002384,2.8e-05,0.000206,0.000894,5e-06,3e-06,9e-06,9.3e-05,8e-06,0.001799,0.000123,1.7e-05,1e-05,1.3e-05,0.001477,0.00165,2e-05,7e-06,9.1e-05,1.3e-05,0.00112,0.005332,0.003327,0.001565,0.000147,0.002367,0.00027,0.001971,0.014282,0,0.284646,4.2e-05,0.014769,0.000376,0.000574,0.000252,0.037686,0.236094,0.000441,9e-06,4.3e-05,0.001658,0.003759,1.2e-05,1.2e-05,8e-06,1.3e-05,5e-06,0.000824,0.000143,0.012122,0.000739,0.000683,0.029585,2e-06,0.000744,4.8e-05,0.006495,0.001346,0.000605,0.000498,4.1e-05,2.2e-05,0.000126,4e-06,2e-06,3e-06,1e-06,0.031417,0.004387,0.001124,0.002593,1.2e-05,0.000486,4.9e-05,2e-06,7e-06,2.7e-05,2.9e-05,0.000235,0.000127,1e-05,0.004424,3e-06,4e-06,4e-06,0.006903,3.8e-05,2e-06,0.000113,1.2e-05,0.001305,0.000245,8e-06,0.001621,1e-05,7e-06,1.4e-05,2e-06,3e-06,4e-06,5e-06
"arusha/ngorongoro/oloirien",0.000293,0.000742,4.2e-05,0.055021,1e-05,0.001321,6e-06,8e-06,7e-06,0.001839,3.1e-05,7e-06,0.000239,0.003312,0.000798,2.4e-05,2.2e-05,6.3e-05,1.3e-05,4.8e-05,2.5e-05,0.000295,7e-06,3e-05,2.1e-05,9e-06,1.3e-05,2.2e-05,3e-06,3e-05,0.000862,2.3e-05,1.2e-05,1.8e-05,0.000261,2.3e-05,0.000315,0.00051,6.5e-05,0.14368,1.5e-05,6e-06,0.001115,0.000466,0.000161,9e-06,0.000401,0.074593,0.003921,6.2e-05,1.5e-05,7.3e-05,4.5e-05,1.9e-05,0.000364,5e-06,3.5e-05,1.5e-05,0.000652,0.060231,0.005509,0.009493,0.003218,7.3e-05,0.00032,0.001983,0.001239,1.4e-05,0.000433,0.001445,5.2e-05,1e-06,7.7e-05,0.000215,4.1e-05,0.018602,0.001651,5e-06,8e-06,1e-05,3e-06,3.6e-05,1e-05,9e-06,2e-05,1.3e-05,0.010868,1e-05,0.000475,0.003791,4e-06,1.5e-05,0.01083,0.001985,0.000339,0.000896,0.000818,1.2e-05,0.004411,0.001144,1.1e-05,5.7e-05,0.000796,0.000504,0.000152,0.010408,2.6e-05,0.001023,0.000506,0.006889,0.000576,0.003774,0.000222,1.2e-05,5.4e-05,3.9e-05,0.003629,1.4e-05,0.005755,0.000612,0.000316,0.011441,2.9e-05,0.000107,1.2e-05,0.000309,0.000839,0.017997,0.001061,4.1e-05,3.3e-05,0.001157,0.002128,0.000234,8e-06,0.001811,0.000111,0.000695,0.040894,0.00172,0.000763,1.7e-05,0.000659,0.000163,8.1e-05,0.001545,2.1e-05,0.002433,0.002173,0.000694,3.8e-05,2.1e-05,6.3e-05,2.9e-05,0.001384,0.019052,0.000177,0.000807,0.000102,0.078191,0.000316,0.002956,1.4e-05,7.4e-05,9e-06,8e-06,0.000371,0.000442,0.003344,0.000156,0.000301,0.006877,0.052495,0.000506,0.000214,0.000636,0.005803,9.7e-05,0.001696,0.000474,1e-05,0.0556,0.002064,0.000256,0.01199,0.174761,2.7e-05,4.9e-05,0.005716,0.00178,0.000409,0.000108,3e-04,2.1e-05,0.001278,4.2e-05,3.7e-05,1.1e-05,0.001944,3e-05,0.006167,0.000214,0.001167,2.3e-05,0.003142,0.000247,0.017338,0.004337,0.0394,4.8e-05,4.1e-05,2.9e-05,0.006102,1.8e-05,2e-05,0.000339,1.2e-05,0.030025,0.000252,0.001533,1.8e-05,2.6e-05,7e-06,4.6e-05,0.006575,0.000164,0.010489,6.9e-05,9.1e-05,5e-06,4e-06,2e-05,0.090412,0.006289,0.000107,3e-06,4.7e-05,0.000863,0.002978,3.3e-05,0.000504,0.044057,1.6e-05,0.032065,1.5e-05,3e-05,0.000106,0.002353,1.1e-05,0.000235,0.018126,0.032455,5.8e-05,0.004471,0.00198,0.000617,4.9e-05,0.000154,2.5e-05,2e-05,1.5e-05,0.000539,1.5e-05,1.9e-05,0.005223,0.000742,1.5e-05,0.006807,6e-06,0.000294,0.006474,0.003866,2.7e-05,1.8e-05,0.015917,8.7e-05,0.000715,0.001263,1.5e-05,0.000994,0.000204,0.000188,0.150153,3.9e-05,2.3e-05,1.7e-05,4e-06,0.000115,2e-05,3.9e-05,9.7e-05,0.000596,5.6e-05,0.011516,0.000428,0.001038,0.008216,9.4e-05,0.000647,0.00282,1.6e-05,8e-06,2.8e-05,0.000291,2.3e-05,0.005717,0.000416,5.6e-05,3.4e-05,4.3e-05,0.005013,0.005138,5.9e-05,2.4e-05,0.000295,4.2e-05,0.007126,0.018616,0.010764,0.00517,0.000479,0.008257,0.000897,0.006826,0.048028,0.523948,0,0.000141,0.020236,0.001289,0.001958,0.000871,0.131946,0.765535,0.001358,2.8e-05,0.000141,0.008649,0.012612,3.6e-05,3.8e-05,2.5e-05,4.3e-05,1.5e-05,0.002548,0.000434,0.085472,0.002565,0.002123,0.281488,7e-06,0.002511,0.000164,0.021854,0.004764,0.002074,0.001598,0.000131,7e-05,0.000412,1.1e-05,6e-06,1e-05,4e-06,0.030033,0.014834,0.003795,0.008775,3.6e-05,0.001658,0.000158,6e-06,2.3e-05,7.9e-05,9.5e-05,0.000785,0.000407,3.2e-05,0.015732,9e-06,1.3e-05,1.2e-05,0.022251,0.000111,7e-06,0.000384,4e-05,0.004263,0.000798,2.7e-05,0.005423,3.3e-05,2e-05,4.3e-05,7e-06,9e-06,1.3e-05,1.4e-05
"arusha/arushaurban/oloirieni",0,0,0,0,0,0,0,0,0,0,0,0,0,0,0,0,0,0,0,0,0,0,0,0,0,0,0,0,0,0,0,0,0,0,0,0,0,0,0,0,0,0,0,0,0,0,0,0,0,0,0,0,0,0,0,0,0,0,0,0,0,0,0,0,0,0,0,0,0,0,0,0,0,0,0,0,0,0,0,0,0,0,0,0,0,0,0,0,0,0,0,0,0,0,0,0,0,0,0,0,0,0,0,0,0,0,0,0,0,0,0,0,0,0,0,0,0,0,0,0,0,0,0,0,0,0,0,0,0,0,0,0,0,0,0,0,0,0,0,0,0,0,0,0,0,0,0,0,0,0,0,0,0,0,0,0,0,0,0,0,0,0,0,0,0,0,0,0,0,0,0,0,0,0,0,0,0,0,0,0,0,0,0,0,0,0,0,0,0,0,0,0,0,0,0,0,0,0,0,0,0,0,0,0,0,0,0,0,0,0,0,0,0,0,0,0,0,0,0,0,0,0,0,0,0,0,0,0,0,0,0,0,0,0,0,0,0,0,0,0,0,0,0,0,0,0,0,0,0,0,0,0,0,0,0,0,0,0,0,0,0,0,0,0,0,0,0,0,0,0,0,0,0,0,0,0,0,0,0,0,0,0,0,0,0,0,0,0,0,0,0,0,0,0,0,0,0,0,0,0,0,0,0,0,0,0,0,0,0,0,0,0,0,0,0,0,0,0,0,0,0,0,0,0,0,0,0,0,0,0,0,0,0,0,0,0,0,0,0,0,0,0,0,0,0,0,0,0,0,0,0,0,0,0,0,0,0,0,0,0,0,0,0,0,0,0,0,0,0,0,0,0,0,0,0,0,0,0,0,0,0,0,0,0,0,0,0,0,0,0,0,0,0,0,0,0,0,0
"arusha/ngorongoro/ololosokwan",0,0,0,0,0,0,0,0,0,0,0,0,0,0,0,0,0,0,0,0,0,0,0,0,0,0,0,0,0,0,0,0,0,0,0,0,0,0,0,0,0,0,0,0,0,0,0,0,0,0,0,0,0,0,0,0,0,0,0,0,0,0,0,0,0,0,0,0,0,0,0,0,0,0,0,0,0,0,0,0,0,0,0,0,0,0,0,0,0,0,0,0,0,0,0,0,0,0,0,0,0,0,0,0,0,0,0,0,0,0,0,0,0,0,0,0,0,0,0,0,0,0,0,0,0,0,0,0,0,0,0,0,0,0,0,0,0,0,0,0,0,0,0,0,0,0,0,0,0,0,0,0,0,0,0,0,0,0,0,0,0,0,0,0,0,0,0,0,0,0,0,0,0,0,0,0,0,0,0,0,0,0,0,0,0,0,0,0,0,0,0,0,0,0,0,0,0,0,0,0,0,0,0,0,0,0,0,0,0,0,0,0,0,0,0,0,0,0,0,0,0,0,0,0,0,0,0,0,0,0,0,0,0,0,0,0,0,0,0,0,0,0,0,0,0,0,0,0,0,0,0,0,0,0,0,0,0,0,0,0,0,0,0,0,0,0,0,0,0,0,0,0,0,0,0,0,0,0,0,0,0,0,0,0,0,0,0,0,0,0,0,0,0,0,0,0,0,0,0,0,0,0,0,0,0,0,0,0,0,0,0,0,0,0,0,0,0,0,0,0,0,0,0,0,0,0,0,0,0,0,0,0,0,0,0,0,0,0,0,0,0,0,0,0,0,0,0,0,0,0,0,0,0,0,0,0,0,0,0,0,0,0,0,0,0,0,0,0,0,0,0,0,0,0,0,0,0,0,0,0,0,0,0,0,0,0,0,0,0,0,0,0,0,0,0,0,0,0
"arusha/arusha/olorieni",0,0,0,0,0,0,0,0,0,0,0,0,0,0,0,0,0,0,0,0,0,0,0,0,0,0,0,0,0,0,0,0,0,0,0,0,0,0,0,0,0,0,0,0,0,0,0,0,0,0,0,0,0,0,0,0,0,0,0,0,0,0,0,0,0,0,0,0,0,0,0,0,0,0,0,0,0,0,0,0,0,0,0,0,0,0,0,0,0,0,0,0,0,0,0,0,0,0,0,0,0,0,0,0,0,0,0,0,0,0,0,0,0,0,0,0,0,0,0,0,0,0,0,0,0,0,0,0,0,0,0,0,0,0,0,0,0,0,0,0,0,0,0,0,0,0,0,0,0,0,0,0,0,0,0,0,0,0,0,0,0,0,0,0,0,0,0,0,0,0,0,0,0,0,0,0,0,0,0,0,0,0,0,0,0,0,0,0,0,0,0,0,0,0,0,0,0,0,0,0,0,0,0,0,0,0,0,0,0,0,0,0,0,0,0,0,0,0,0,0,0,0,0,0,0,0,0,0,0,0,0,0,0,0,0,0,0,0,0,0,0,0,0,0,0,0,0,0,0,0,0,0,0,0,0,0,0,0,0,0,0,0,0,0,0,0,0,0,0,0,0,0,0,0,0,0,0,0,0,0,0,0,0,0,0,0,0,0,0,0,0,0,0,0,0,0,0,0,0,0,0,0,0,0,0,0,0,0,0,0,0,0,0,0,0,0,0,0,0,0,0,0,0,0,0,0,0,0,0,0,0,0,0,0,0,0,0,0,0,0,0,0,0,0,0,0,0,0,0,0,0,0,0,0,0,0,0,0,0,0,0,0,0,0,0,0,0,0,0,0,0,0,0,0,0,0,0,0,0,0,0,0,0,0,0,0,0,0,0,0,0,0,0,0,0,0,0,0
"arusha/arusha/oltoroto",0,0,0,0,0,0,0,0,0,0,0,0,0,0,0,0,0,0,0,0,0,0,0,0,0,0,0,0,0,0,0,0,0,0,0,0,0,0,0,0,0,0,0,0,0,0,0,0,0,0,0,0,0,0,0,0,0,0,0,0,0,0,0,0,0,0,0,0,0,0,0,0,0,0,0,0,0,0,0,0,0,0,0,0,0,0,0,0,0,0,0,0,0,0,0,0,0,0,0,0,0,0,0,0,0,0,0,0,0,0,0,0,0,0,0,0,0,0,0,0,0,0,0,0,0,0,0,0,0,0,0,0,0,0,0,0,0,0,0,0,0,0,0,0,0,0,0,0,0,0,0,0,0,0,0,0,0,0,0,0,0,0,0,0,0,0,0,0,0,0,0,0,0,0,0,0,0,0,0,0,0,0,0,0,0,0,0,0,0,0,0,0,0,0,0,0,0,0,0,0,0,0,0,0,0,0,0,0,0,0,0,0,0,0,0,0,0,0,0,0,0,0,0,0,0,0,0,0,0,0,0,0,0,0,0,0,0,0,0,0,0,0,0,0,0,0,0,0,0,0,0,0,0,0,0,0,0,0,0,0,0,0,0,0,0,0,0,0,0,0,0,0,0,0,0,0,0,0,0,0,0,0,0,0,0,0,0,0,0,0,0,0,0,0,0,0,0,0,0,0,0,0,0,0,0,0,0,0,0,0,0,0,0,0,0,0,0,0,0,0,0,0,0,0,0,0,0,0,0,0,0,0,0,0,0,0,0,0,0,0,0,0,0,0,0,0,0,0,0,0,0,0,0,0,0,0,0,0,0,0,0,0,0,0,0,0,0,0,0,0,0,0,0,0,0,0,0,0,0,0,0,0,0,0,0,0,0,0,0,0,0,0,0,0,0,0,0,0
"arusha/arusha/oltrumet",0,0,0,0,0,0,0,0,0,0,0,0,0,0,0,0,0,0,0,0,0,0,0,0,0,0,0,0,0,0,0,0,0,0,0,0,0,0,0,0,0,0,0,0,0,0,0,0,0,0,0,0,0,0,0,0,0,0,0,0,0,0,0,0,0,0,0,0,0,0,0,0,0,0,0,0,0,0,0,0,0,0,0,0,0,0,0,0,0,0,0,0,0,0,0,0,0,0,0,0,0,0,0,0,0,0,0,0,0,0,0,0,0,0,0,0,0,0,0,0,0,0,0,0,0,0,0,0,0,0,0,0,0,0,0,0,0,0,0,0,0,0,0,0,0,0,0,0,0,0,0,0,0,0,0,0,0,0,0,0,0,0,0,0,0,0,0,0,0,0,0,0,0,0,0,0,0,0,0,0,0,0,0,0,0,0,0,0,0,0,0,0,0,0,0,0,0,0,0,0,0,0,0,0,0,0,0,0,0,0,0,0,0,0,0,0,0,0,0,0,0,0,0,0,0,0,0,0,0,0,0,0,0,0,0,0,0,0,0,0,0,0,0,0,0,0,0,0,0,0,0,0,0,0,0,0,0,0,0,0,0,0,0,0,0,0,0,0,0,0,0,0,0,0,0,0,0,0,0,0,0,0,0,0,0,0,0,0,0,0,0,0,0,0,0,0,0,0,0,0,0,0,0,0,0,0,0,0,0,0,0,0,0,0,0,0,0,0,0,0,0,0,0,0,0,0,0,0,0,0,0,0,0,0,0,0,0,0,0,0,0,0,0,0,0,0,0,0,0,0,0,0,0,0,0,0,0,0,0,0,0,0,0,0,0,0,0,0,0,0,0,0,0,0,0,0,0,0,0,0,0,0,0,0,0,0,0,0,0,0,0,0,0,0,0,0,0,0
"arusha/longido/orbomba",4.4e-05,4e-06,3e-06,2.6e-05,0,1e-04,0,0,0,3.2e-05,1e-06,0,4.2e-05,0.000492,7e-06,0,0,1e-06,0,1e-06,1e-06,5.8e-05,0,3e-06,1e-06,1e-06,0,0,0,1e-06,8.2e-05,0,0,1e-06,3e-06,0,4.4e-05,7e-06,1e-06,5.1e-05,0,0,1.8e-05,6e-06,3e-06,0,3.9e-05,0.011289,0.000141,1e-06,0,1e-06,1e-06,0,5e-06,0,3e-06,0,1.9e-05,0.000265,0.00106,0.000262,0.002808,1e-06,0,0.000247,0.000145,0,1.1e-05,3.2e-05,1e-06,0,1.9e-05,3e-06,0,0.00044,2.8e-05,0,0,0,0,1e-06,0,0,0,0,0.001351,0,5e-06,9.6e-05,0,0,0.000704,0.000419,1.9e-05,1.2e-05,0.000153,1e-06,0.000312,7.7e-05,0,0,2e-05,7.5e-05,1.4e-05,0.001804,0,0.000107,0.000134,9.5e-05,0.000105,0.000352,3e-06,2e-06,5e-06,3e-06,0.00042,0,0.000547,7.7e-05,4.1e-05,0.001375,1e-06,5e-06,1e-06,8e-06,1.5e-05,0.0027,0.000127,4e-06,3e-06,8.6e-05,0.00013,2.4e-05,0,0.000269,1.9e-05,6.3e-05,0.034704,0.000197,0.000119,0,1e-04,1.9e-05,7e-06,7.1e-05,0,0.000194,0.000193,5.5e-05,3e-06,1e-06,5e-06,1e-06,4e-05,0.002192,1.4e-05,0.000128,2e-06,0.008136,1.7e-05,0.000128,1e-06,3e-06,0,0,2.1e-05,9.5e-05,0.000435,7e-06,5e-06,0.000366,0.007929,1.7e-05,4.4e-05,1.7e-05,0.000228,0.000456,0.000178,9e-06,0,6e-06,5.2e-05,2.1e-05,0.001725,0.021622,5e-06,7e-06,0.000733,0.000254,4e-05,1e-06,5e-06,0,2.7e-05,1e-06,3e-06,0,0.000189,1e-06,0.001005,5e-06,3.2e-05,3e-06,0.000259,4.7e-05,0.001183,0.000169,6.3e-05,4e-06,3e-06,1e-06,0.000405,1e-06,0,9e-06,0,0.002284,2.2e-05,0.000122,0,3e-06,0,7e-06,0.000903,2.7e-05,0.001674,7e-06,1e-06,0,0,0,0.002197,0.000683,2e-06,0,5e-06,8.4e-05,5.7e-05,2e-06,4.6e-05,0.002671,2e-06,0.001319,0,3e-06,1e-05,0.000296,0,1.9e-05,0.002851,0.005397,7e-06,6e-04,0.000277,1.6e-05,4e-06,8e-06,2e-06,1e-06,0,3.6e-05,0,0,0.000107,0.000141,0,0.000904,0,7e-06,0.001135,0.00021,1e-06,1e-06,0.001149,7e-06,1.8e-05,4.6e-05,0,1.2e-05,1.5e-05,2e-06,0.077431,1e-06,0,0,0,1.2e-05,0,8e-06,2e-06,0.000167,1e-06,0.001305,4e-05,0.000265,0.002444,1.4e-05,3e-05,2e-05,1e-06,0,3e-06,1.1e-05,0,0.000133,6.7e-05,1e-05,6e-06,6e-06,0.000633,1.8e-05,1e-06,2e-06,2.8e-05,0,6e-06,0.007179,0.000945,0.000449,3.1e-05,0.001795,0.000136,0.002177,0.008562,6.5e-05,0.000101,2e-05,6e-06,0.000198,0.000325,0.000143,0,0.000261,3.8e-05,0,1.3e-05,2.4e-05,0.002019,1e-06,0,3e-06,1e-06,0,8.1e-05,1e-05,2.9e-05,0.000577,7.3e-05,3.7e-05,0,0.000524,2.7e-05,0.003299,0.000184,0.000154,0.000101,7e-06,5e-06,4.1e-05,0,0,0,0,5e-06,0.002431,0.000488,0.001194,1e-06,0.000338,1.6e-05,0,1e-06,1e-06,1e-05,8.3e-05,1.9e-05,4e-06,0.013052,0,0,0,0.002024,1e-06,0,5.4e-05,4e-06,0.000461,8.1e-05,3e-06,0.000794,3e-06,1e-06,1e-06,0,0,0,0
"arusha/ngorongoro/orgosorok",4e-06,7e-06,1e-06,0.000218,0,1.7e-05,0,0,0,2.1e-05,0,0,3e-06,4.1e-05,8e-06,0,0,0,0,0,0,3e-06,0,0,0,0,0,0,0,0,1.7e-05,0,0,0,2e-06,0,4e-06,4e-06,0,0.003766,0,0,1e-05,4e-06,1e-06,0,5e-06,0.000966,4.6e-05,0,0,1e-06,0,0,3e-06,0,0,0,8e-06,0.000392,5.6e-05,7.3e-05,4.1e-05,1e-06,2.7e-05,2.4e-05,1.5e-05,0,5e-06,1.2e-05,1e-06,0,1e-06,2e-06,0,0.000174,1.8e-05,0,0,0,0,0,0,0,0,0,0.00014,0,4e-06,3.4e-05,0,0,0.000142,2.5e-05,4e-06,1e-05,1.1e-05,0,5.7e-05,1.5e-05,0,1e-06,1e-05,6e-06,2e-06,0.000142,0,1.3e-05,6e-06,4.9e-05,7e-06,5e-05,2e-06,0,1e-06,1e-06,4.6e-05,0,7.5e-05,8e-06,3e-06,0.000151,0,1e-06,0,4e-06,7e-06,0.000163,1.3e-05,1e-06,0,1.1e-05,2.7e-05,3e-06,0,2.2e-05,1e-06,9e-06,0.000594,2.2e-05,1e-05,0,8e-06,2e-06,1e-06,2e-05,0,3.1e-05,2.8e-05,9e-06,0,0,1e-06,0,1.8e-05,0.000232,2e-06,7e-06,1e-06,0.001068,4e-06,2.5e-05,0,1e-06,0,0,5e-06,6e-06,4.1e-05,2e-06,3e-06,5.5e-05,0.00067,6e-06,3e-06,5e-06,4.8e-05,1e-06,2.2e-05,6e-06,0,0.000178,2.6e-05,3e-06,0.000157,0.004001,0,1e-06,7.4e-05,2.3e-05,5e-06,1e-06,2e-06,0,1e-05,1e-06,0,0,2.5e-05,0,7.8e-05,3e-06,1e-05,0,4.1e-05,3e-06,0.000227,3.4e-05,0.000295,1e-06,1e-06,0,8e-05,0,0,4e-06,0,0.000404,3e-06,2e-05,0,0,0,1e-06,8.5e-05,2e-06,0.000137,1e-06,1e-06,0,0,0,0.001478,7.6e-05,1e-06,0,1e-06,8e-06,2.2e-05,0,6e-06,0.000827,0,0.000295,0,0,1e-06,2.9e-05,0,3e-06,0.000226,0.000282,1e-06,5.5e-05,2.6e-05,8e-06,1e-06,2e-06,0,0,0,5e-06,0,0,3.9e-05,1e-05,0,8.2e-05,0,3e-06,7.9e-05,5e-05,0,0,0.000209,1e-06,9e-06,1.1e-05,0,1e-05,3e-06,2e-06,0.002414,0,0,0,0,2e-06,0,1e-06,1e-06,8e-06,1e-06,0.000144,6e-06,1.4e-05,7.4e-05,1e-06,8e-06,2.6e-05,0,0,0,4e-06,0,4.5e-05,5e-06,1e-06,0,1e-06,4.3e-05,3e-05,1e-06,0,4e-06,0,0.000105,0.000169,0.000143,4.4e-05,6e-06,0.000102,1.1e-05,9.3e-05,0.000432,0.00254,0.007422,2e-06,0.000234,1.6e-05,2.4e-05,1.1e-05,0.00138,0,1.2e-05,0,2e-06,1e-04,0.000159,0,0,0,0,0,3.2e-05,5e-06,0.000677,3.2e-05,2.7e-05,0.002916,0,3.2e-05,2e-06,0.000273,3.7e-05,2.4e-05,1.4e-05,2e-06,1e-06,5e-06,0,0,0,0,0.000269,0.000186,3.3e-05,0.000108,0,2.1e-05,2e-06,0,0,1e-06,1e-06,1e-05,3e-06,0,0.000151,0,0,0,0.000299,1e-06,0,5e-06,1e-06,5.5e-05,1e-05,0,6.8e-05,0,0,1e-06,0,0,0,0
"manyara/simanjiro/orkesmet",0.00029,2.2e-05,5.5e-05,0.000184,6e-06,0.003838,2e-06,3e-06,6e-06,0.00155,2.5e-05,5e-06,0.000189,0.003031,0.000156,8e-06,7e-06,3.3e-05,6e-06,2.1e-05,0.000178,0.000264,7e-06,5.4e-05,0.000161,1.6e-05,1.2e-05,6e-06,1.5e-05,0.000287,0.001576,6.5e-05,0.000108,8.4e-05,3.3e-05,1.3e-05,0.000271,0.000302,1.9e-05,0.000223,5e-06,5e-06,0.002892,0.000188,0.000406,7e-06,4.8e-05,0.058461,0.009425,1.1e-05,5e-06,8e-06,9e-06,6e-06,0.000265,3e-06,9.3e-05,2.3e-05,0.251565,0.003464,0.000395,0.000649,0.000703,0.000217,0,0.002071,0.000533,4e-06,0.000116,0.002524,6e-06,1e-06,5.5e-05,7.6e-05,2.2e-05,0.000522,5.1e-05,3e-06,3e-06,4e-06,2e-06,3.1e-05,4e-06,7e-06,1.2e-05,4e-06,0.016662,4e-06,0.000157,0.044739,3e-06,5e-06,0.019173,0.001293,2.4e-05,0.000296,0.000718,3.8e-05,0.012156,0.002804,4e-06,6e-06,0.004463,0.000405,0.000276,0.005153,6e-06,0.001645,0.000351,0.000979,0.000513,0.003942,0.000143,1e-05,6.5e-05,5.2e-05,0.006425,6.3e-05,0.009385,0.000648,0.000353,0.012699,0.000104,0.000442,4.7e-05,0.002266,0.005312,0.022502,0.001597,5.7e-05,5e-05,0.002155,0.005797,0.000377,4.1e-05,0.001586,7.6e-05,0.001122,0.005681,0.002424,0.000913,0.000158,0.000496,0.000222,8.1e-05,0.006487,1.2e-05,0.004663,0.003254,0.0012,4.2e-05,0.000162,7e-05,0.000301,0.006257,0.011789,0.000168,7.1e-05,0.004495,0.126278,0.000906,0.017047,2.4e-05,0.000371,4e-06,5e-06,0.001703,0.00037,0.003212,0.000857,0.001408,0.002233,0.042641,0.025402,0.000168,0.004795,0.007048,1.6e-05,0.002586,0.004531,7.9e-05,3.7e-05,0.032162,0.000578,0.012648,0.262418,2.2e-05,4.6e-05,0.007197,0.002008,0.000801,5.5e-05,0.000105,7e-06,0.001065,0.00011,6e-05,8e-06,0.003211,5e-06,0.006701,0.002148,0.018591,4.4e-05,0.003906,0.000233,0.034285,0.001768,0.000375,6.7e-05,6.4e-05,3.6e-05,0.009457,2.5e-05,3e-06,0.001747,3e-06,0.031485,0.000349,0.002323,7e-06,3.9e-05,4e-06,4.7e-05,0.008532,0.000165,0.010241,0.00014,2.1e-05,4e-06,3e-06,6e-06,0.002563,0.005472,0.000286,4e-06,6.7e-05,0.001823,0.000329,4.6e-05,0.00133,0.036214,2.5e-05,0.191201,0.000128,5.2e-05,0.00018,0.002797,7e-06,0.000264,0.014163,0.008602,2.4e-05,0.004548,0.001339,0.005472,5.6e-05,0.000537,4.2e-05,0.000159,0.000116,0.002332,8e-06,0.000143,0.000982,5.1e-05,7e-06,0.003589,5e-06,0.00021,0.003035,0.015337,8.3e-05,0.00024,0.02638,0.000125,0.005748,0.042927,7e-06,6.6e-05,0.000798,7e-06,0.022457,1.6e-05,9.6e-05,1.5e-05,3e-06,0.000104,9e-06,3.4e-05,0.001124,0.000315,4e-04,0.017031,0.000729,0.00066,0.00494,7.5e-05,0.007278,0.000206,2.3e-05,4e-05,4.9e-05,0.002736,0.000115,0.002987,0.000371,5.4e-05,2.9e-05,4.5e-05,0.003971,0.000154,0.000203,4.5e-05,0.000436,5e-06,2.2e-05,0.008379,0.010928,0.007453,0.001069,0.004001,0.001086,0.002677,0.031038,0.000485,0.000613,0.000129,5.5e-05,0.00089,0.001505,0.000512,0.02453,0.001464,0,0.000134,0.000256,6.6e-05,0.012597,7e-05,5e-06,3.9e-05,6e-06,1.1e-05,0.060933,0.007099,0.000131,0.001469,0.022078,0.000183,3e-06,0.002106,0.000155,0.018206,0.000831,0.000994,0.008175,0.000527,8.8e-05,0.000714,7e-06,5e-06,8e-06,4e-06,3.7e-05,0.012164,0.003503,0.007276,9.5e-05,0.001322,0.000267,8.1e-05,0.000245,0.000271,7.8e-05,0.000915,0.001271,2.9e-05,0.004711,3e-06,5.5e-05,5e-06,0.020586,5.2e-05,2e-06,0.000318,4.7e-05,0.005981,0.001084,3.4e-05,0.006266,3.8e-05,0.000192,0.000315,5.1e-05,7.7e-05,5e-06,4e-06
"manyara/kiteto/partimbo",0.000699,0.000134,0.000129,0.001208,6e-05,0.005625,1.6e-05,2e-05,6.9e-05,0.013269,0.000232,6.7e-05,0.000495,0.007581,0.001309,5.7e-05,6.3e-05,0.000336,6.1e-05,0.000242,0.000334,0.000648,7.6e-05,1e-04,0.000222,3.1e-05,0.000117,3.9e-05,0.024457,0.000371,0.003057,0.018591,0.00013,0.000107,0.000223,0.000145,0.000704,0.003007,0.000135,0.001356,4.8e-05,7.3e-05,0.237418,0.001736,0.085778,7.2e-05,0.000214,0.147589,0.028649,7.6e-05,4.2e-05,5.5e-05,5.3e-05,5.7e-05,0.003138,3.7e-05,0.000145,0.000145,0.017217,0.024839,0.001857,0.003296,0.002665,0.070179,1e-06,0.005023,0.001825,3.4e-05,0.000601,0.017119,3.7e-05,1.2e-05,0.000149,0.000539,0.000295,0.00271,0.000271,3.3e-05,3.7e-05,3.9e-05,2.9e-05,0.000362,3.9e-05,0.000126,0.000142,2.9e-05,0.032199,4e-05,0.001615,0.055293,3.6e-05,5.9e-05,0.038513,0.003608,0.000116,0.00227,0.00179,5.9e-05,0.018535,0.004661,3.4e-05,4.6e-05,0.008407,0.001074,0.000514,0.016842,4.1e-05,0.003216,0.000944,0.005916,0.001274,0.009958,0.001888,2.6e-05,0.000156,0.000121,0.011709,0.078522,0.018387,0.001548,0.000815,0.029483,0.000151,0.000593,6.8e-05,0.003864,0.281584,0.04722,0.00323,0.000124,0.000105,0.004133,0.009251,0.00074,4.8e-05,0.004053,0.000212,0.002246,0.02399,0.00502,0.001982,0.000223,0.00135,0.000469,0.000216,0.008681,0.000102,0.008638,0.006814,0.00237,0.000104,0.000146,0.00018,0.000276,0.010669,0.035517,0.000461,0.000322,0.00819,0.223809,0.001446,0.026696,4.6e-05,0.000461,5.3e-05,8.1e-05,0.002021,0.000928,0.008028,0.000961,0.096423,0.009208,0.107827,0.007556,0.00044,0.016226,0.024653,6.4e-05,0.005198,0.09351,0.000114,0.000242,0.035672,0.000969,0.02936,0.425497,5.8e-05,0.000115,0.015525,0.004546,0.001417,0.000509,0.000679,7.3e-05,0.006895,0.019623,0.000128,6.4e-05,0.006249,2.6e-05,0.015151,0.020892,0.016385,7.9e-05,0.009204,0.000558,0.063114,0.007667,0.002378,0.000149,0.000135,0.000222,0.020566,5.7e-05,2.3e-05,0.003162,2.3e-05,0.080263,0.00077,0.004942,6.9e-05,7.7e-05,4.7e-05,0.00011,0.017906,0.000389,0.024456,0.000242,0.000163,4.4e-05,3.2e-05,5e-05,0.013315,0.014732,0.059783,8e-06,0.000143,0.003199,0.001778,0.000104,0.002063,0.111461,5e-05,0.198876,0.000144,9.9e-05,0.000348,0.006349,8.5e-05,0.000686,0.03727,0.032048,8.4e-05,0.01099,0.003944,0.007347,0.00014,0.000773,8.1e-05,0.00019,0.00015,0.002774,3.8e-05,0.000203,0.005359,0.000239,5.6e-05,0.011311,3.9e-05,0.001232,0.00968,0.019966,0.000129,0.000208,0.053385,0.000278,0.008625,0.019897,4.8e-05,0.00038,0.001004,4e-05,0.092149,0.000127,0.062539,0.000138,3.7e-05,0.000281,9.3e-05,8.5e-05,0.039079,0.00096,0.000642,0.034864,0.001411,0.001863,0.013893,2e-04,0.005198,0.001359,5.2e-05,4.8e-05,9.3e-05,0.002428,0.051094,0.016323,0.000932,0.000129,7.4e-05,0.000108,0.010833,0.001016,0.02914,8.2e-05,0.00091,3.1e-05,0.000128,0.025843,0.028143,0.016842,0.002169,0.012406,0.00235,0.009085,0.085414,0.003181,0.003903,0.000325,0.000372,0.002505,0.004013,0.001523,0.093463,0.009145,0.040946,0,0.000476,0.00038,0.029639,0.000561,3.4e-05,7.8e-05,3.7e-05,0.000112,0.032608,0.01154,0.000801,0.00429,0.019141,0.001136,1.9e-05,0.005295,0.000378,0.046679,0.003905,0.003538,0.009685,0.000705,0.000211,0.001348,6.7e-05,7.4e-05,7.8e-05,5.5e-05,0.000242,0.031258,0.008929,0.019183,0.020095,0.003396,0.000513,6.2e-05,0.000287,0.026522,0.000219,0.002183,0.002683,7.4e-05,0.016702,2.7e-05,7.8e-05,4.6e-05,0.05466,0.000558,1.7e-05,0.00084,0.000109,0.012504,0.002342,7.7e-05,0.013976,9.2e-05,0.000212,0.000437,5.6e-05,0.000125,4.4e-05,3.2e-05
"kilimanjaro/moshimunicipal/pasua",0,0,0,0,0,0,0,0,0,0,0,0,0,0,0,0,0,0,0,0,0,0,0,0,0,0,0,0,0,0,0,0,0,0,0,0,0,0,0,0,0,0,0,0,0,0,0,0,0,0,0,0,0,0,0,0,0,0,0,0,0,0,0,0,0,0,0,0,0,0,0,0,0,0,0,0,0,0,0,0,0,0,0,0,0,0,0,0,0,0,0,0,0,0,0,0,0,0,0,0,0,0,0,0,0,0,0,0,0,0,0,0,0,0,0,0,0,0,0,0,0,0,0,0,0,0,0,0,0,0,0,0,0,0,0,0,0,0,0,0,0,0,0,0,0,0,0,0,0,0,0,0,0,0,0,0,0,0,0,0,0,0,0,0,0,0,0,0,0,0,0,0,0,0,0,0,0,0,0,0,0,0,0,0,0,0,0,0,0,0,0,0,0,0,0,0,0,0,0,0,0,0,0,0,0,0,0,0,0,0,0,0,0,0,0,0,0,0,0,0,0,0,0,0,0,0,0,0,0,0,0,0,0,0,0,0,0,0,0,0,0,0,0,0,0,0,0,0,0,0,0,0,0,0,0,0,0,0,0,0,0,0,0,0,0,0,0,0,0,0,0,0,0,0,0,0,0,0,0,0,0,0,0,0,0,0,0,0,0,0,0,0,0,0,0,0,0,0,0,0,0,0,0,0,0,0,0,0,0,0,0,0,0,0,0,0,0,0,0,0,0,0,0,0,0,0,0,0,0,0,0,0,0,0,0,0,0,0,0,0,0,0,0,0,0,0,0,0,0,0,0,0,0,0,0,0,0,0,0,0,0,0,0,0,0,0,0,0,0,0,0,0,0,0,0,0,0,0,0,0,0,0,0,0,0,0,0,0,0,0,0,0,0,0,0,0,0,0
"arusha/ngorongoro/pinyinyi",8e-06,2.7e-05,1e-06,0.000225,0,2.9e-05,0,0,0,3.5e-05,1e-06,0,7e-06,9.7e-05,1.3e-05,0,0,1e-06,0,1e-06,0,6e-06,0,1e-06,0,0,0,0,0,1e-06,3.5e-05,0,0,0,4e-06,0,9e-06,6e-06,1e-06,0.001041,0,0,1.3e-05,6e-06,2e-06,0,2e-05,0.002394,8.7e-05,1e-06,0,1e-06,1e-06,0,4e-06,0,1e-06,0,1.2e-05,0.000659,0.000187,0.000362,0.000133,1e-06,0,5.7e-05,4.3e-05,0,1.2e-05,2e-05,1e-06,0,2e-06,4e-06,0,0.001458,0.000164,0,0,0,0,0,0,0,0,0,0.000267,0,5e-06,4.7e-05,0,0,0.000223,6.2e-05,2.1e-05,1.8e-05,2.1e-05,0,9.4e-05,2.4e-05,0,1e-06,1.4e-05,1.5e-05,3e-06,0.000264,1e-06,2.4e-05,1.5e-05,0.000128,1.5e-05,8.3e-05,3e-06,0,1e-06,1e-06,8.9e-05,0,0.000129,1.4e-05,5e-06,0.000269,1e-06,2e-06,0,5e-06,1e-05,0.000342,2.8e-05,1e-06,1e-06,1.7e-05,4.4e-05,5e-06,0,5.4e-05,3e-06,1.5e-05,0.001647,4e-05,2e-05,0,2e-05,4e-06,2e-06,3e-05,0,5.3e-05,4.8e-05,1.5e-05,1e-06,0,1e-06,1e-06,2.4e-05,0.000613,3e-06,3.3e-05,2e-06,0.001878,6e-06,4.5e-05,0,1e-06,0,0,8e-06,1.3e-05,9.7e-05,3e-06,3e-06,0.000164,0.001642,9e-06,6e-06,9e-06,0.000101,4e-06,3.9e-05,8e-06,0,8.6e-05,3.6e-05,6e-06,0.000296,0.00726,1e-06,1e-06,0.000138,4.4e-05,9e-06,2e-06,5e-06,0,1.9e-05,1e-06,1e-06,0,4.4e-05,1e-06,0.000171,4e-06,1.5e-05,1e-06,6.7e-05,7e-06,0.000364,9.1e-05,0.000769,1e-06,1e-06,0,0.000126,0,0,6e-06,0,0.000641,5e-06,3.3e-05,0,1e-06,0,1e-06,0.000163,4e-06,0.000265,2e-06,2e-06,0,0,0,0.006398,0.000187,2e-06,0,1e-06,1.5e-05,7.3e-05,1e-06,1.2e-05,0.001989,0,0.000441,0,1e-06,2e-06,6.5e-05,0,7e-06,0.000557,0.000933,2e-06,0.000129,4.8e-05,1.1e-05,1e-06,3e-06,1e-06,0,0,8e-06,0,0,0.000108,4.3e-05,0,0.000226,0,6e-06,0.000222,7.8e-05,1e-06,0,0.000336,2e-06,1.2e-05,1.8e-05,0,3.4e-05,5e-06,1e-05,0.006208,1e-06,0,0,0,3e-06,0,1e-06,2e-06,1.7e-05,1e-06,0.000309,1e-05,2.9e-05,0.000181,3e-06,1.3e-05,6.3e-05,0,0,1e-06,5e-06,0,9.6e-05,1.2e-05,2e-06,1e-06,1e-06,0.000107,6.9e-05,1e-06,1e-06,7e-06,1e-06,9.4e-05,0.000449,0.000234,9.8e-05,1.2e-05,0.000281,2.3e-05,0.000196,0.001113,0.000485,0.001043,4e-06,4.2e-05,4e-05,6e-05,2.8e-05,0.004226,0.003264,1.8e-05,0,3e-06,0,0.000362,1e-06,1e-06,1e-06,1e-06,0,4.7e-05,7e-06,0.001034,8.3e-05,3.9e-05,0.000797,0,6.8e-05,5e-06,0.000664,0.000127,6.7e-05,2.5e-05,3e-06,1e-06,9e-06,0,0,0,0,3.9e-05,0.000449,7.9e-05,0.000265,1e-06,4.9e-05,4e-06,0,0,1e-06,2e-06,2.2e-05,7e-06,1e-06,0.000371,0,0,0,0.000491,2e-06,0,1.1e-05,1e-06,9.8e-05,1.8e-05,1e-06,0.00015,1e-06,0,1e-06,0,0,0,0
"arusha/meru/poli",0.002339,1e-06,2e-06,3e-06,0,0.000134,0,0,0,1.8e-05,0,0,0.000515,0.007165,2e-06,0,0,0,0,0,0,6.3e-05,0,3e-06,0,1e-06,0,0,0,0,0.000741,0,0,1e-06,1e-06,0,0.000308,2e-06,0,6e-06,0,0,6e-06,2e-06,1e-06,0,5e-06,0.051613,0.000158,0,0,0,0,0,2e-06,0,1.2e-05,0,1.6e-05,5e-05,2e-05,3e-05,0.000144,1e-06,0,0.002095,0.000119,0,5e-06,1.6e-05,0,0,1.4e-05,1e-06,0,2.1e-05,3e-06,0,0,0,0,0,0,0,0,0,0.002623,0,1e-06,4.1e-05,0,0,0.000491,0.001774,2e-06,5e-06,0.000146,0,0.000345,7.2e-05,0,0,1.1e-05,0.000479,1.6e-05,0.000413,0,0.000121,0.000183,2.3e-05,9.6e-05,0.000188,1e-06,1.1e-05,3e-06,2e-06,0.001132,0,0.000525,5.5e-05,2.5e-05,0.000992,1e-06,4e-06,0,4e-06,6e-06,0.013705,0.00152,3e-06,2e-06,4.9e-05,0.000117,2.5e-05,0,0.002777,7.8e-05,5.5e-05,0.000541,0.000213,0.000467,0,0.000492,1.8e-05,3e-06,5.9e-05,0,0.000177,0.000151,4.5e-05,2e-06,1e-06,2e-06,1e-06,2.3e-05,0.003472,5e-06,5e-06,1e-06,0.008814,1.5e-05,0.000139,2e-06,3e-06,0,0,2.3e-05,0.000285,0.003325,7e-06,2e-06,0.000137,0.045886,1.6e-05,3.2e-05,1.1e-05,0.000164,2e-06,0.000185,5e-06,0,1e-06,3.2e-05,2.5e-05,0.001503,0.044054,3e-06,5e-06,0.000789,0.000268,5.6e-05,1e-06,2e-06,0,1.2e-05,0,2e-06,0,0.000194,0,0.01386,3e-06,1.5e-05,1.2e-05,0.000156,9.3e-05,0.000934,7.2e-05,1.1e-05,3e-06,2e-06,0,0.000258,1e-06,0,5e-06,0,0.001112,1.5e-05,8.7e-05,0,3e-05,0,8e-06,0.00141,3.2e-05,0.001474,1.2e-05,0,0,0,0,0.000128,0.002039,1e-06,0,4e-06,0.000337,1.1e-05,1e-06,0.000171,0.004846,2e-06,0.000805,0,3e-06,1e-05,0.004436,0,4.7e-05,0.017854,0.00118,5e-06,0.007568,1e-04,1e-05,2e-06,7e-06,2e-06,0,0,3.8e-05,0,0,2.8e-05,4e-06,0,0.001165,0,4e-06,0.001218,0.000208,1e-06,0,0.000819,4e-06,1.1e-05,4.1e-05,0,3e-06,3.3e-05,0,0.001932,0,0,0,0,5e-06,0,9e-06,1e-06,4.9e-05,1e-06,0.013539,3.9e-05,0.000132,0.002748,7.5e-05,3.7e-05,6e-06,1e-06,0,3e-06,9e-06,0,5.5e-05,0.001585,0.000382,0.000164,4e-06,0.001536,3e-06,1e-06,2e-06,2.3e-05,0,0,0.003134,0.000474,0.001138,7.7e-05,0.002171,0.000291,0.000316,0.018376,8e-06,1.1e-05,0.000201,1e-06,0.000681,0.002427,0.000299,0.002451,3.6e-05,2.4e-05,0,1.5e-05,3e-06,0,1e-06,0,3e-06,0,0,6.8e-05,6e-06,4e-06,0.001331,6e-05,5e-06,0,0.000633,0.002787,0.024742,4.2e-05,0.000129,0.000172,6e-06,3e-06,4.8e-05,0,0,0,0,1e-06,0.025935,0.002125,0.00596,0,0.003569,1.8e-05,0,0,0,4e-06,0.000433,2.2e-05,3.9e-05,0.000532,0,0,0,0.000929,1e-06,0,0.000325,3e-06,0.000433,6.6e-05,2e-06,0.031183,2e-06,0,1e-06,0,0,0,0
"manyara/babati/qashi",0,0,0,0,0,0,0,0,0,0,0,0,0,0,0,0,0,0,0,0,0,0,0,0,0,0,0,0,0,0,0,0,0,0,0,0,0,0,0,0,0,0,0,0,0,0,0,0,0,0,0,0,0,0,0,0,0,0,0,0,0,0,0,0,0,0,0,0,0,0,0,0,0,0,0,0,0,0,0,0,0,0,0,0,0,0,0,0,0,0,0,0,0,0,0,0,0,0,0,0,0,0,0,0,0,0,0,0,0,0,0,0,0,0,0,0,0,0,0,0,0,0,0,0,0,0,0,0,0,0,0,0,0,0,0,0,0,0,0,0,0,0,0,0,0,0,0,0,0,0,0,0,0,0,0,0,0,0,0,0,0,0,0,0,0,0,0,0,0,0,0,0,0,0,0,0,0,0,0,0,0,0,0,0,0,0,0,0,0,0,0,0,0,0,0,0,0,0,0,0,0,0,0,0,0,0,0,0,0,0,0,0,0,0,0,0,0,0,0,0,0,0,0,0,0,0,0,0,0,0,0,0,0,0,0,0,0,0,0,0,0,0,0,0,0,0,0,0,0,0,0,0,0,0,0,0,0,0,0,0,0,0,0,0,0,0,0,0,0,0,0,0,0,0,0,0,0,0,0,0,0,0,0,0,0,0,0,0,0,0,0,0,0,0,0,0,0,0,0,0,0,0,0,0,0,0,0,0,0,0,0,0,0,0,0,0,0,0,0,0,0,0,0,0,0,0,0,0,0,0,0,0,0,0,0,0,0,0,0,0,0,0,0,0,0,0,0,0,0,0,0,0,0,0,0,0,0,0,0,0,0,0,0,0,0,0,0,0,0,0,0,0,0,0,0,0,0,0,0,0,0,0,0,0,0,0,0,0,0,0,0,0,0,0,0,0,0,0
"arusha/karatu/qurus",0,0,0,0,0,0,0,0,0,0,0,0,0,0,0,0,0,0,0,0,0,0,0,0,0,0,0,0,0,0,0,0,0,0,0,0,0,0,0,0,0,0,0,0,0,0,0,0,0,0,0,0,0,0,0,0,0,0,0,0,0,0,0,0,0,0,0,0,0,0,0,0,0,0,0,0,0,0,0,0,0,0,0,0,0,0,0,0,0,0,0,0,0,0,0,0,0,0,0,0,0,0,0,0,0,0,0,0,0,0,0,0,0,0,0,0,0,0,0,0,0,0,0,0,0,0,0,0,0,0,0,0,0,0,0,0,0,0,0,0,0,0,0,0,0,0,0,0,0,0,0,0,0,0,0,0,0,0,0,0,0,0,0,0,0,0,0,0,0,0,0,0,0,0,0,0,0,0,0,0,0,0,0,0,0,0,0,0,0,0,0,0,0,0,0,0,0,0,0,0,0,0,0,0,0,0,0,0,0,0,0,0,0,0,0,0,0,0,0,0,0,0,0,0,0,0,0,0,0,0,0,0,0,0,0,0,0,0,0,0,0,0,0,0,0,0,0,0,0,0,0,0,0,0,0,0,0,0,0,0,0,0,0,0,0,0,0,0,0,0,0,0,0,0,0,0,0,0,0,0,0,0,0,0,0,0,0,0,0,0,0,0,0,0,0,0,0,0,0,0,0,0,0,0,0,0,0,0,0,0,0,0,0,0,0,0,0,0,0,0,0,0,0,0,0,0,0,0,0,0,0,0,0,0,0,0,0,0,0,0,0,0,0,0,0,0,0,0,0,0,0,0,0,0,0,0,0,0,0,0,0,0,0,0,0,0,0,0,0,0,0,0,0,0,0,0,0,0,0,0,0,0,0,0,0,0,0,0,0,0,0,0,0,0,0,0,0,0
"kilimanjaro/moshimunicipal/rau",0,0,0,0,0,0,0,0,0,0,0,0,0,0,0,0,0,0,0,0,0,0,0,0,0,0,0,0,0,0,0,0,0,0,0,0,0,0,0,0,0,0,0,0,0,0,0,0,0,0,0,0,0,0,0,0,0,0,0,0,0,0,0,0,0,0,0,0,0,0,0,0,0,0,0,0,0,0,0,0,0,0,0,0,0,0,0,0,0,0,0,0,0,0,0,0,0,0,0,0,0,0,0,0,0,0,0,0,0,0,0,0,0,0,0,0,0,0,0,0,0,0,0,0,0,0,0,0,0,0,0,0,0,0,0,0,0,0,0,0,0,0,0,0,0,0,0,0,0,0,0,0,0,0,0,0,0,0,0,0,0,0,0,0,0,0,0,0,0,0,0,0,0,0,0,0,0,0,0,0,0,0,0,0,0,0,0,0,0,0,0,0,0,0,0,0,0,0,0,0,0,0,0,0,0,0,0,0,0,0,0,0,0,0,0,0,0,0,0,0,0,0,0,0,0,0,0,0,0,0,0,0,0,0,0,0,0,0,0,0,0,0,0,0,0,0,0,0,0,0,0,0,0,0,0,0,0,0,0,0,0,0,0,0,0,0,0,0,0,0,0,0,0,0,0,0,0,0,0,0,0,0,0,0,0,0,0,0,0,0,0,0,0,0,0,0,0,0,0,0,0,0,0,0,0,0,0,0,0,0,0,0,0,0,0,0,0,0,0,0,0,0,0,0,0,0,0,0,0,0,0,0,0,0,0,0,0,0,0,0,0,0,0,0,0,0,0,0,0,0,0,0,0,0,0,0,0,0,0,0,0,0,0,0,0,0,0,0,0,0,0,0,0,0,0,0,0,0,0,0,0,0,0,0,0,0,0,0,0,0,0,0,0,0,0,0,0,0
"arusha/karatu/rhotia",0,0,0,0,0,0,0,0,0,0,0,0,0,0,0,0,0,0,0,0,0,0,0,0,0,0,0,0,0,0,0,0,0,0,0,0,0,0,0,0,0,0,0,0,0,0,0,0,0,0,0,0,0,0,0,0,0,0,0,0,0,0,0,0,0,0,0,0,0,0,0,0,0,0,0,0,0,0,0,0,0,0,0,0,0,0,0,0,0,0,0,0,0,0,0,0,0,0,0,0,0,0,0,0,0,0,0,0,0,0,0,0,0,0,0,0,0,0,0,0,0,0,0,0,0,0,0,0,0,0,0,0,0,0,0,0,0,0,0,0,0,0,0,0,0,0,0,0,0,0,0,0,0,0,0,0,0,0,0,0,0,0,0,0,0,0,0,0,0,0,0,0,0,0,0,0,0,0,0,0,0,0,0,0,0,0,0,0,0,0,0,0,0,0,0,0,0,0,0,0,0,0,0,0,0,0,0,0,0,0,0,0,0,0,0,0,0,0,0,0,0,0,0,0,0,0,0,0,0,0,0,0,0,0,0,0,0,0,0,0,0,0,0,0,0,0,0,0,0,0,0,0,0,0,0,0,0,0,0,0,0,0,0,0,0,0,0,0,0,0,0,0,0,0,0,0,0,0,0,0,0,0,0,0,0,0,0,0,0,0,0,0,0,0,0,0,0,0,0,0,0,0,0,0,0,0,0,0,0,0,0,0,0,0,0,0,0,0,0,0,0,0,0,0,0,0,0,0,0,0,0,0,0,0,0,0,0,0,0,0,0,0,0,0,0,0,0,0,0,0,0,0,0,0,0,0,0,0,0,0,0,0,0,0,0,0,0,0,0,0,0,0,0,0,0,0,0,0,0,0,0,0,0,0,0,0,0,0,0,0,0,0,0,0,0,0,0,0
"manyara/babati/riroda",0,0,0,0,0,0,0,0,0,0,0,0,0,0,0,0,0,0,0,0,0,0,0,0,0,0,0,0,0,0,0,0,0,0,0,0,0,0,0,0,0,0,0,0,0,0,0,0,0,0,0,0,0,0,0,0,0,0,0,0,0,0,0,0,0,0,0,0,0,0,0,0,0,0,0,0,0,0,0,0,0,0,0,0,0,0,0,0,0,0,0,0,0,0,0,0,0,0,0,0,0,0,0,0,0,0,0,0,0,0,0,0,0,0,0,0,0,0,0,0,0,0,0,0,0,0,0,0,0,0,0,0,0,0,0,0,0,0,0,0,0,0,0,0,0,0,0,0,0,0,0,0,0,0,0,0,0,0,0,0,0,0,0,0,0,0,0,0,0,0,0,0,0,0,0,0,0,0,0,0,0,0,0,0,0,0,0,0,0,0,0,0,0,0,0,0,0,0,0,0,0,0,0,0,0,0,0,0,0,0,0,0,0,0,0,0,0,0,0,0,0,0,0,0,0,0,0,0,0,0,0,0,0,0,0,0,0,0,0,0,0,0,0,0,0,0,0,0,0,0,0,0,0,0,0,0,0,0,0,0,0,0,0,0,0,0,0,0,0,0,0,0,0,0,0,0,0,0,0,0,0,0,0,0,0,0,0,0,0,0,0,0,0,0,0,0,0,0,0,0,0,0,0,0,0,0,0,0,0,0,0,0,0,0,0,0,0,0,0,0,0,0,0,0,0,0,0,0,0,0,0,0,0,0,0,0,0,0,0,0,0,0,0,0,0,0,0,0,0,0,0,0,0,0,0,0,0,0,0,0,0,0,0,0,0,0,0,0,0,0,0,0,0,0,0,0,0,0,0,0,0,0,0,0,0,0,0,0,0,0,0,0,0,0,0,0,0,0
"kilimanjaro/same/ruvu",0.00015,1e-05,5.7e-05,6.2e-05,2e-06,0.003803,1e-06,1e-06,2e-06,0.000464,8e-06,2e-06,9.8e-05,0.001517,6.2e-05,3e-06,2e-06,8e-06,1e-06,5e-06,0.000242,0.000125,2e-06,4.9e-05,0.000406,1.5e-05,3e-06,2e-06,3e-06,0.000651,0.001144,1.6e-05,0.000326,0.000163,1e-05,3e-06,0.000131,7e-05,5e-06,0.000112,2e-06,1e-06,0.000609,4.7e-05,7.6e-05,2e-06,2.3e-05,0.028649,0.002492,3e-06,1e-06,3e-06,3e-06,2e-06,5.9e-05,1e-06,5.2e-05,6e-06,0.013162,0.001071,0.000153,0.000212,0.000374,5.5e-05,0,0.000987,0.00024,1e-06,4.5e-05,0.000442,2e-06,0,3.7e-05,2.7e-05,6e-06,0.000187,2.5e-05,1e-06,1e-06,1e-06,1e-06,7e-06,1e-06,2e-06,4e-06,1e-06,0.012385,1e-06,4.2e-05,0.054995,1e-06,1e-06,0.022603,0.000674,1.2e-05,0.000108,0.00051,6.2e-05,0.013491,0.003312,2e-06,2e-06,0.007453,0.000197,0.000257,0.003778,2e-06,0.001438,0.000217,0.000281,0.000369,0.003669,3.4e-05,5e-06,6.4e-05,5.5e-05,0.004505,1.3e-05,0.00882,0.000541,0.000203,0.010861,0.000175,0.000793,9.1e-05,0.003626,0.000867,0.009671,0.000849,5.5e-05,5e-05,0.001674,0.0075,0.000337,8.7e-05,0.000785,3.7e-05,0.00109,0.003265,0.002043,0.000583,0.000292,0.000241,0.000189,7.7e-05,0.012208,3e-06,0.004876,0.003203,0.001261,4e-05,0.000321,7e-05,0.001721,0.01374,0.005258,0.000112,2.5e-05,0.000551,0.115212,0.001294,0.003091,2.2e-05,0.000842,1e-06,2e-06,0.002334,0.000226,0.001534,0.001626,0.000257,0.000647,0.020982,0.041207,0.000119,0.000557,0.001564,9e-06,0.002281,0.001003,0.000173,1.8e-05,0.046052,0.000568,0.009964,0.320314,1.7e-05,3.7e-05,0.005794,0.001551,0.00069,1.9e-05,2.7e-05,2e-06,0.000227,3.1e-05,6.7e-05,2e-06,0.002951,2e-06,0.003877,0.000299,0.04397,2.7e-05,0.003899,0.000153,0.040079,0.000475,0.000176,6.9e-05,6.8e-05,7e-06,0.010727,2.6e-05,1e-06,0.003347,1e-06,0.031102,0.000347,0.002417,2e-06,2.2e-05,1e-06,3.5e-05,0.006368,0.000119,0.007758,0.000114,8e-06,1e-06,1e-06,2e-06,0.00135,0.002423,7.1e-05,4e-06,6.3e-05,0.000671,9.9e-05,4.9e-05,0.000772,0.021208,2.3e-05,0.327875,0.000497,4.8e-05,0.000168,0.001386,2e-06,0.000107,0.006999,0.0029,1.1e-05,0.002233,0.001059,0.012389,5.6e-05,0.000838,4e-05,0.000551,0.000343,0.001592,3e-06,0.000334,0.000278,2.7e-05,2e-06,0.001645,1e-06,6.6e-05,0.001457,0.022744,0.000129,0.001547,0.029265,0.000132,0.011011,0.005041,2e-06,2.9e-05,0.000566,3e-06,0.013149,6e-06,1.6e-05,3e-06,1e-06,9.2e-05,3e-06,2.4e-05,0.000163,0.000215,0.000757,0.008528,0.000693,0.00045,0.002003,3.6e-05,0.009891,8.8e-05,2.6e-05,7.6e-05,4.5e-05,0.011356,2.3e-05,0.000717,0.000191,3e-05,1.5e-05,3.7e-05,0.001293,4.9e-05,4.4e-05,4.4e-05,0.000414,2e-06,8e-06,0.00325,0.010304,0.002208,0.000391,0.002,0.000752,0.00179,0.010935,0.000169,0.000215,6.3e-05,2.8e-05,0.000428,0.000755,0.000246,0.009791,0.00074,0.011796,2e-05,0.000234,3.3e-05,0.006765,1.7e-05,2e-06,3.5e-05,3e-06,2e-06,0,0.004496,6.5e-05,0.000758,0.114614,9.1e-05,1e-06,0.001418,8.2e-05,0.008983,0.000251,0.000411,0.002613,0.000888,9.1e-05,0.000633,2e-06,1e-06,2e-06,1e-06,1.8e-05,0.006165,0.001169,0.003455,2.6e-05,0.000733,0.000239,0.000757,0.000645,5.3e-05,6.7e-05,0.000412,0.000261,1.4e-05,0.002037,1e-06,0.000126,2e-06,0.018899,1.8e-05,1e-06,0.000153,4.2e-05,0.005268,0.000992,3.1e-05,0.003412,3.6e-05,0.000722,0.000813,0.000186,0.000116,2e-06,1e-06
"manyara/simanjiro/ruvuremiti",0,0,0,0,0,0,0,0,0,0,0,0,0,0,0,0,0,0,0,0,0,0,0,0,0,0,0,0,0,0,0,0,0,0,0,0,0,0,0,0,0,0,0,0,0,0,0,0,0,0,0,0,0,0,0,0,0,0,0,0,0,0,0,0,0,0,0,0,0,0,0,0,0,0,0,0,0,0,0,0,0,0,0,0,0,0,0,0,0,0,0,0,0,0,0,0,0,0,0,0,0,0,0,0,0,0,0,0,0,0,0,0,0,0,0,0,0,0,0,0,0,0,0,0,0,0,0,0,0,0,0,0,0,0,0,0,0,0,0,0,0,0,0,0,0,0,0,0,0,0,0,0,0,0,0,0,0,0,0,0,0,0,0,0,0,0,0,0,0,0,0,0,0,0,0,0,0,0,0,0,0,0,0,0,0,0,0,0,0,0,0,0,0,0,0,0,0,0,0,0,0,0,0,0,0,0,0,0,0,0,0,0,0,0,0,0,0,0,0,0,0,0,0,0,0,0,0,0,0,0,0,0,0,0,0,0,0,0,0,0,0,0,0,0,0,0,0,0,0,0,0,0,0,0,0,0,0,0,0,0,0,0,0,0,0,0,0,0,0,0,0,0,0,0,0,0,0,0,0,0,0,0,0,0,0,0,0,0,0,0,0,0,0,0,0,0,0,0,0,0,0,0,0,0,0,0,0,0,0,0,0,0,0,0,0,0,0,0,0,0,0,0,0,0,0,0,0,0,0,0,0,0,0,0,0,0,0,0,0,0,0,0,0,0,0,0,0,0,0,0,0,0,0,0,0,0,0,0,0,0,0,0,0,0,0,0,0,0,0,0,0,0,0,0,0,0,0,0,0,0,0,0,0,0,0,0,0,0,0,0,0,0,0,0,0,0,0,0
"arusha/ngorongoro/sale",0,0,0,0,0,0,0,0,0,0,0,0,0,0,0,0,0,0,0,0,0,0,0,0,0,0,0,0,0,0,0,0,0,0,0,0,0,0,0,0,0,0,0,0,0,0,0,0,0,0,0,0,0,0,0,0,0,0,0,0,0,0,0,0,0,0,0,0,0,0,0,0,0,0,0,0,0,0,0,0,0,0,0,0,0,0,0,0,0,0,0,0,0,0,0,0,0,0,0,0,0,0,0,0,0,0,0,0,0,0,0,0,0,0,0,0,0,0,0,0,0,0,0,0,0,0,0,0,0,0,0,0,0,0,0,0,0,0,0,0,0,0,0,0,0,0,0,0,0,0,0,0,0,0,0,0,0,0,0,0,0,0,0,0,0,0,0,0,0,0,0,0,0,0,0,0,0,0,0,0,0,0,0,0,0,0,0,0,0,0,0,0,0,0,0,0,0,0,0,0,0,0,0,0,0,0,0,0,0,0,0,0,0,0,0,0,0,0,0,0,0,0,0,0,0,0,0,0,0,0,0,0,0,0,0,0,0,0,0,0,0,0,0,0,0,0,0,0,0,0,0,0,0,0,0,0,0,0,0,0,0,0,0,0,0,0,0,0,0,0,0,0,0,0,0,0,0,0,0,0,0,0,0,0,0,0,0,0,0,0,0,0,0,0,0,0,0,0,0,0,0,0,0,0,0,0,0,0,0,0,0,0,0,0,0,0,0,0,0,0,0,0,0,0,0,0,0,0,0,0,0,0,0,0,0,0,0,0,0,0,0,0,0,0,0,0,0,0,0,0,0,0,0,0,0,0,0,0,0,0,0,0,0,0,0,0,0,0,0,0,0,0,0,0,0,0,0,0,0,0,0,0,0,0,0,0,0,0,0,0,0,0,0,0,0,0,0,0
"arusha/arusha/sambasha",0,0,0,0,0,0,0,0,0,0,0,0,0,0,0,0,0,0,0,0,0,0,0,0,0,0,0,0,0,0,0,0,0,0,0,0,0,0,0,0,0,0,0,0,0,0,0,0,0,0,0,0,0,0,0,0,0,0,0,0,0,0,0,0,0,0,0,0,0,0,0,0,0,0,0,0,0,0,0,0,0,0,0,0,0,0,0,0,0,0,0,0,0,0,0,0,0,0,0,0,0,0,0,0,0,0,0,0,0,0,0,0,0,0,0,0,0,0,0,0,0,0,0,0,0,0,0,0,0,0,0,0,0,0,0,0,0,0,0,0,0,0,0,0,0,0,0,0,0,0,0,0,0,0,0,0,0,0,0,0,0,0,0,0,0,0,0,0,0,0,0,0,0,0,0,0,0,0,0,0,0,0,0,0,0,0,0,0,0,0,0,0,0,0,0,0,0,0,0,0,0,0,0,0,0,0,0,0,0,0,0,0,0,0,0,0,0,0,0,0,0,0,0,0,0,0,0,0,0,0,0,0,0,0,0,0,0,0,0,0,0,0,0,0,0,0,0,0,0,0,0,0,0,0,0,0,0,0,0,0,0,0,0,0,0,0,0,0,0,0,0,0,0,0,0,0,0,0,0,0,0,0,0,0,0,0,0,0,0,0,0,0,0,0,0,0,0,0,0,0,0,0,0,0,0,0,0,0,0,0,0,0,0,0,0,0,0,0,0,0,0,0,0,0,0,0,0,0,0,0,0,0,0,0,0,0,0,0,0,0,0,0,0,0,0,0,0,0,0,0,0,0,0,0,0,0,0,0,0,0,0,0,0,0,0,0,0,0,0,0,0,0,0,0,0,0,0,0,0,0,0,0,0,0,0,0,0,0,0,0,0,0,0,0,0,0,0,0
"kilimanjaro/same/same",3e-06,0,2e-06,1e-06,0,0.00012,0,0,0,9e-06,0,0,2e-06,3.4e-05,1e-06,0,0,0,0,0,5e-06,3e-06,0,2e-06,1.1e-05,0,0,0,0,1.3e-05,2.5e-05,0,8e-06,9e-06,0,0,3e-06,1e-06,0,3e-06,0,0,1e-05,1e-06,1e-06,0,1e-06,0.000652,4.4e-05,0,0,0,0,0,1e-06,0,1e-06,0,0.000107,2.2e-05,4e-06,5e-06,9e-06,1e-06,0,2.2e-05,5e-06,0,1e-06,8e-06,0,0,1e-06,1e-06,0,4e-06,1e-06,0,0,0,0,0,0,0,0,0,0.000343,0,1e-06,0.000841,0,0,0.000875,1.6e-05,0,2e-06,1.4e-05,3e-06,0.000472,0.000123,0,0,0.000183,4e-06,8e-06,0.000107,0,4.4e-05,6e-06,6e-06,1e-05,0.000121,1e-06,0,2e-06,2e-06,0.000119,0,0.000284,1.6e-05,6e-06,0.000336,9e-06,4.2e-05,5e-06,7.3e-05,1.3e-05,0.00024,2e-05,2e-06,2e-06,6e-05,3e-04,1e-05,6e-06,1.8e-05,1e-06,3.6e-05,8e-05,6.1e-05,1.5e-05,5e-06,5e-06,6e-06,3e-06,0.000699,0,0.000168,0.000107,4.4e-05,1e-06,1.4e-05,2e-06,0.000244,0.000602,0.000114,4e-06,1e-06,6e-06,0.0039,5.6e-05,5.2e-05,1e-06,6e-05,0,0,8.8e-05,6e-06,3.4e-05,8.4e-05,4e-06,1.4e-05,0.000477,0.000234,3e-06,8e-06,3e-05,0,7e-05,1.4e-05,4e-06,0,0.000571,1.8e-05,0.000292,0.012286,0,1e-06,0.00017,4.4e-05,2.1e-05,0,1e-06,0,4e-06,1e-06,2e-06,0,9.3e-05,0,9.4e-05,4e-06,0.000523,1e-06,0.000133,4e-06,0.00155,1e-05,4e-06,2e-06,2e-06,0,0.000402,1e-06,0,1e-04,0,0.001088,1.2e-05,8.4e-05,0,1e-06,0,1e-06,0.000178,3e-06,0.000222,3e-06,0,0,0,0,3.1e-05,5.2e-05,1e-06,0,2e-06,1.5e-05,2e-06,2e-06,1.8e-05,0.000433,1e-06,0.037867,2.3e-05,2e-06,5e-06,3.1e-05,0,2e-06,0.000159,6.5e-05,0,5e-05,3.1e-05,0.000265,2e-06,3.9e-05,1e-06,2.4e-05,1.2e-05,4.6e-05,0,8e-06,6e-06,1e-06,0,3.6e-05,0,1e-06,3.3e-05,0.000991,6e-06,3.6e-05,0.001088,5e-06,0.000232,6.7e-05,0,1e-06,1.4e-05,0,0.000325,0,0,0,0,3e-06,0,1e-06,2e-06,6e-06,1.7e-05,0.000192,2.2e-05,1.2e-05,4.9e-05,1e-06,0.000242,2e-06,1e-06,4e-06,1e-06,0.002199,0,1.4e-05,4e-06,1e-06,0,1e-06,2.8e-05,1e-06,1e-06,1e-06,1.3e-05,0,0,7.8e-05,0.000344,4.6e-05,8e-06,4.6e-05,2e-05,4.8e-05,0.000249,4e-06,5e-06,1e-06,1e-06,1e-05,1.7e-05,6e-06,0.000237,1.6e-05,0.000111,0,7e-06,1e-06,0.000159,0,0,1e-06,0,0,0.003315,5.5e-05,1e-06,1.8e-05,0,2e-06,0,3.8e-05,2e-06,0.000204,5e-06,9e-06,5.2e-05,4.4e-05,3e-06,1.9e-05,0,0,0,0,0,0.000141,2.6e-05,7.7e-05,0,1.8e-05,7e-06,4.2e-05,1.2e-05,1e-06,2e-06,9e-06,5e-06,0,5.2e-05,0,9e-06,0,0.000625,0,0,3e-06,1e-06,0.000163,3.2e-05,1e-06,8e-05,1e-06,2.3e-05,2.4e-05,2.5e-05,2e-06,0,0
"arusha/ngorongoro/samunge",0,0,0,0,0,0,0,0,0,0,0,0,0,0,0,0,0,0,0,0,0,0,0,0,0,0,0,0,0,0,0,0,0,0,0,0,0,0,0,0,0,0,0,0,0,0,0,0,0,0,0,0,0,0,0,0,0,0,0,0,0,0,0,0,0,0,0,0,0,0,0,0,0,0,0,0,0,0,0,0,0,0,0,0,0,0,0,0,0,0,0,0,0,0,0,0,0,0,0,0,0,0,0,0,0,0,0,0,0,0,0,0,0,0,0,0,0,0,0,0,0,0,0,0,0,0,0,0,0,0,0,0,0,0,0,0,0,0,0,0,0,0,0,0,0,0,0,0,0,0,0,0,0,0,0,0,0,0,0,0,0,0,0,0,0,0,0,0,0,0,0,0,0,0,0,0,0,0,0,0,0,0,0,0,0,0,0,0,0,0,0,0,0,0,0,0,0,0,0,0,0,0,0,0,0,0,0,0,0,0,0,0,0,0,0,0,0,0,0,0,0,0,0,0,0,0,0,0,0,0,0,0,0,0,0,0,0,0,0,0,0,0,0,0,0,0,0,0,0,0,0,0,0,0,0,0,0,0,0,0,0,0,0,0,0,0,0,0,0,0,0,0,0,0,0,0,0,0,0,0,0,0,0,0,0,0,0,0,0,0,0,0,0,0,0,0,0,0,0,0,0,0,0,0,0,0,0,0,0,0,0,0,0,0,0,0,0,0,0,0,0,0,0,0,0,0,0,0,0,0,0,0,0,0,0,0,0,0,0,0,0,0,0,0,0,0,0,0,0,0,0,0,0,0,0,0,0,0,0,0,0,0,0,0,0,0,0,0,0,0,0,0,0,0,0,0,0,0,0,0,0,0,0,0,0,0,0,0,0,0,0,0,0,0,0,0,0,0
"manyara/mbulu/sanubaray",0,0,0,0,0,0,0,0,0,0,0,0,0,0,0,0,0,0,0,0,0,0,0,0,0,0,0,0,0,0,0,0,0,0,0,0,0,0,0,0,0,0,0,0,0,0,0,0,0,0,0,0,0,0,0,0,0,0,0,0,0,0,0,0,0,0,0,0,0,0,0,0,0,0,0,0,0,0,0,0,0,0,0,0,0,0,0,0,0,0,0,0,0,0,0,0,0,0,0,0,0,0,0,0,0,0,0,0,0,0,0,0,0,0,0,0,0,0,0,0,0,0,0,0,0,0,0,0,0,0,0,0,0,0,0,0,0,0,0,0,0,0,0,0,0,0,0,0,0,0,0,0,0,0,0,0,0,0,0,0,0,0,0,0,0,0,0,0,0,0,0,0,0,0,0,0,0,0,0,0,0,0,0,0,0,0,0,0,0,0,0,0,0,0,0,0,0,0,0,0,0,0,0,0,0,0,0,0,0,0,0,0,0,0,0,0,0,0,0,0,0,0,0,0,0,0,0,0,0,0,0,0,0,0,0,0,0,0,0,0,0,0,0,0,0,0,0,0,0,0,0,0,0,0,0,0,0,0,0,0,0,0,0,0,0,0,0,0,0,0,0,0,0,0,0,0,0,0,0,0,0,0,0,0,0,0,0,0,0,0,0,0,0,0,0,0,0,0,0,0,0,0,0,0,0,0,0,0,0,0,0,0,0,0,0,0,0,0,0,0,0,0,0,0,0,0,0,0,0,0,0,0,0,0,0,0,0,0,0,0,0,0,0,0,0,0,0,0,0,0,0,0,0,0,0,0,0,0,0,0,0,0,0,0,0,0,0,0,0,0,0,0,0,0,0,0,0,0,0,0,0,0,0,0,0,0,0,0,0,0,0,0,0,0,0,0,0,0
"kilimanjaro/siha/sanyajuu",0.00039,4e-06,3.4e-05,2e-05,0,0.001532,0,0,0,7.9e-05,1e-06,0,0.000279,0.003307,1.3e-05,1e-06,0,1e-06,0,1e-06,2e-06,0.016923,0,5.7e-05,3e-06,1.9e-05,1e-06,1e-06,0,4e-06,0.001051,1e-06,2e-06,7e-06,3e-06,1e-06,0.000238,1.2e-05,1e-06,4.3e-05,0,0,3.8e-05,9e-06,5e-06,0,2.3e-05,0.050493,0.000516,1e-06,0,1e-06,1e-06,0,9e-06,0,4.2e-05,1e-06,9.4e-05,0.00028,0.000172,0.000141,0.000851,4e-06,0,0.001537,0.000284,0,1.8e-05,6.6e-05,1e-06,0,0.00218,7e-06,1e-06,0.000136,1.6e-05,0,0,0,0,1e-06,0,0,1e-06,0,0.048974,0,7e-06,0.000306,0,0,0.007329,0.002179,1e-05,2.4e-05,0.020146,5e-06,0.0043,0.000973,0,1e-06,8.5e-05,0.000387,0.00028,0.009938,1e-06,0.002549,0.004894,9.9e-05,0.010574,0.00401,5e-06,9e-06,5.4e-05,3.1e-05,0.011791,1e-06,0.010253,0.001763,0.000867,0.028507,1.3e-05,4.5e-05,4e-06,3.3e-05,3.5e-05,0.047558,0.001551,5.2e-05,3.8e-05,0.000784,0.00147,0.000528,3e-06,0.001633,8.4e-05,0.001056,0.005538,0.005488,0.005169,2e-06,0.000467,0.000482,5.9e-05,0.000606,1e-06,0.002874,0.002937,0.000764,3.7e-05,8e-06,4.1e-05,6e-06,0.000204,0.006252,8.7e-05,2.9e-05,9e-06,0.15523,0.000175,0.000468,2.9e-05,2.4e-05,0,0,0.000226,0.003706,0.002511,6.7e-05,1.2e-05,0.000429,0.039031,0.000102,0.003462,4.6e-05,0.000494,1.8e-05,0.004117,3.1e-05,1e-06,6e-06,0.000233,0.000359,0.062719,0.547354,0.000118,0.000191,0.025634,0.011983,0.000899,3e-06,7e-06,0,4.7e-05,2e-06,2.8e-05,0,0.003836,1e-06,0.019375,1.6e-05,0.000114,4.5e-05,0.002963,0.007324,0.013664,0.000232,6.3e-05,4.6e-05,3.8e-05,1e-06,0.004058,1.4e-05,0,4e-05,0,0.019671,0.000293,0.001559,0,5.7e-05,0,0.000537,0.045267,0.002713,0.082666,0.000164,2e-06,0,0,0,0.000957,0.002783,5e-06,5e-06,8.3e-05,0.000684,4.8e-05,2.4e-05,0.000625,0.011875,3.3e-05,0.007142,2e-06,5.8e-05,0.000199,0.002399,0,8.1e-05,0.014517,0.003995,1.3e-05,0.004095,0.002713,7.6e-05,4e-05,7.8e-05,4.4e-05,3e-06,2e-06,0.000322,1e-06,2e-06,0.000113,3.1e-05,0,0.002261,0,1.6e-05,0.002569,0.002176,1.3e-05,3e-06,0.013136,7.6e-05,8.2e-05,0.000191,1e-06,1.3e-05,0.000203,2e-06,0.020752,1e-06,1e-06,1e-06,0,0.000121,1e-06,0.003128,7e-06,0.001835,6e-06,0.012162,0.00073,0.008884,0.015092,6.7e-05,0.000258,2.8e-05,1e-05,3e-06,5.6e-05,7.6e-05,1e-06,0.000206,0.000503,0.000126,4.8e-05,0.00014,0.001849,1.6e-05,3e-06,3.6e-05,0.00048,1e-06,3e-06,0.013996,0.009474,0.001724,0.00017,0.00457,0.009249,0.00736,0.0232,5.2e-05,7.2e-05,0.000122,8e-06,0.000798,0.001786,0.000459,0.02136,0.000254,0.000134,1e-06,0.000276,1.6e-05,0.021241,2e-06,1e-06,5.4e-05,1e-06,0,0.000481,4e-05,2.5e-05,0.002243,0.000481,3.4e-05,0,0,0.000251,0.017933,0.000158,0.000327,0.000621,6.1e-05,5.5e-05,0.000927,0,0,0,0,5e-06,0.014861,0.001833,0.005696,2e-06,0.003742,0.000351,1e-06,3e-06,3e-06,1e-04,0.00047,6.3e-05,2.6e-05,0.008209,0,3e-06,0,0.018734,3e-06,0,0.000276,8.5e-05,0.010436,0.00151,5.2e-05,0.010157,3.5e-05,3e-06,6e-06,1e-06,1e-06,0,0
"arusha/meru/seelasingisi",0,0,0,0,0,0,0,0,0,0,0,0,0,0,0,0,0,0,0,0,0,0,0,0,0,0,0,0,0,0,0,0,0,0,0,0,0,0,0,0,0,0,0,0,0,0,0,0,0,0,0,0,0,0,0,0,0,0,0,0,0,0,0,0,0,0,0,0,0,0,0,0,0,0,0,0,0,0,0,0,0,0,0,0,0,0,0,0,0,0,0,0,0,0,0,0,0,0,0,0,0,0,0,0,0,0,0,0,0,0,0,0,0,0,0,0,0,0,0,0,0,0,0,0,0,0,0,0,0,0,0,0,0,0,0,0,0,0,0,0,0,0,0,0,0,0,0,0,0,0,0,0,0,0,0,0,0,0,0,0,0,0,0,0,0,0,0,0,0,0,0,0,0,0,0,0,0,0,0,0,0,0,0,0,0,0,0,0,0,0,0,0,0,0,0,0,0,0,0,0,0,0,0,0,0,0,0,0,0,0,0,0,0,0,0,0,0,0,0,0,0,0,0,0,0,0,0,0,0,0,0,0,0,0,0,0,0,0,0,0,0,0,0,0,0,0,0,0,0,0,0,0,0,0,0,0,0,0,0,0,0,0,0,0,0,0,0,0,0,0,0,0,0,0,0,0,0,0,0,0,0,0,0,0,0,0,0,0,0,0,0,0,0,0,0,0,0,0,0,0,0,0,0,0,0,0,0,0,0,0,0,0,0,0,0,0,0,0,0,0,0,0,0,0,0,0,0,0,0,0,0,0,0,0,0,0,0,0,0,0,0,0,0,0,0,0,0,0,0,0,0,0,0,0,0,0,0,0,0,0,0,0,0,0,0,0,0,0,0,0,0,0,0,0,0,0,0,0,0,0,0,0,0,0,0,0,0,0,0,0,0,0,0,0,0,0,0,0
"arusha/arushaurban/sekei",0,0,0,0,0,0,0,0,0,0,0,0,0,0,0,0,0,0,0,0,0,0,0,0,0,0,0,0,0,0,0,0,0,0,0,0,0,0,0,0,0,0,0,0,0,0,0,0,0,0,0,0,0,0,0,0,0,0,0,0,0,0,0,0,0,0,0,0,0,0,0,0,0,0,0,0,0,0,0,0,0,0,0,0,0,0,0,0,0,0,0,0,0,0,0,0,0,0,0,0,0,0,0,0,0,0,0,0,0,0,0,0,0,0,0,0,0,0,0,0,0,0,0,0,0,0,0,0,0,0,0,0,0,0,0,0,0,0,0,0,0,0,0,0,0,0,0,0,0,0,0,0,0,0,0,0,0,0,0,0,0,0,0,0,0,0,0,0,0,0,0,0,0,0,0,0,0,0,0,0,0,0,0,0,0,0,0,0,0,0,0,0,0,0,0,0,0,0,0,0,0,0,0,0,0,0,0,0,0,0,0,0,0,0,0,0,0,0,0,0,0,0,0,0,0,0,0,0,0,0,0,0,0,0,0,0,0,0,0,0,0,0,0,0,0,0,0,0,0,0,0,0,0,0,0,0,0,0,0,0,0,0,0,0,0,0,0,0,0,0,0,0,0,0,0,0,0,0,0,0,0,0,0,0,0,0,0,0,0,0,0,0,0,0,0,0,0,0,0,0,0,0,0,0,0,0,0,0,0,0,0,0,0,0,0,0,0,0,0,0,0,0,0,0,0,0,0,0,0,0,0,0,0,0,0,0,0,0,0,0,0,0,0,0,0,0,0,0,0,0,0,0,0,0,0,0,0,0,0,0,0,0,0,0,0,0,0,0,0,0,0,0,0,0,0,0,0,0,0,0,0,0,0,0,0,0,0,0,0,0,0,0,0,0,0,0,0,0
"arusha/monduli/selela",0,0,0,0,0,0,0,0,0,0,0,0,0,0,0,0,0,0,0,0,0,0,0,0,0,0,0,0,0,0,0,0,0,0,0,0,0,0,0,0,0,0,0,0,0,0,0,0,0,0,0,0,0,0,0,0,0,0,0,0,0,0,0,0,0,0,0,0,0,0,0,0,0,0,0,0,0,0,0,0,0,0,0,0,0,0,0,0,0,0,0,0,0,0,0,0,0,0,0,0,0,0,0,0,0,0,0,0,0,0,0,0,0,0,0,0,0,0,0,0,0,0,0,0,0,0,0,0,0,0,0,0,0,0,0,0,0,0,0,0,0,0,0,0,0,0,0,0,0,0,0,0,0,0,0,0,0,0,0,0,0,0,0,0,0,0,0,0,0,0,0,0,0,0,0,0,0,0,0,0,0,0,0,0,0,0,0,0,0,0,0,0,0,0,0,0,0,0,0,0,0,0,0,0,0,0,0,0,0,0,0,0,0,0,0,0,0,0,0,0,0,0,0,0,0,0,0,0,0,0,0,0,0,0,0,0,0,0,0,0,0,0,0,0,0,0,0,0,0,0,0,0,0,0,0,0,0,0,0,0,0,0,0,0,0,0,0,0,0,0,0,0,0,0,0,0,0,0,0,0,0,0,0,0,0,0,0,0,0,0,0,0,0,0,0,0,0,0,0,0,0,0,0,0,0,0,0,0,0,0,0,0,0,0,0,0,0,0,0,0,0,0,0,0,0,0,0,0,0,0,0,0,0,0,0,0,0,0,0,0,0,0,0,0,0,0,0,0,0,0,0,0,0,0,0,0,0,0,0,0,0,0,0,0,0,0,0,0,0,0,0,0,0,0,0,0,0,0,0,0,0,0,0,0,0,0,0,0,0,0,0,0,0,0,0,0,0,0
"arusha/monduli/sepeko",5e-06,0,0,1e-06,0,5e-06,0,0,0,6e-06,0,0,4e-06,6.9e-05,1e-06,0,0,0,0,0,0,1e-06,0,0,0,0,0,0,0,0,2.2e-05,0,0,0,0,0,8e-06,1e-06,0,1e-06,0,0,1e-06,1e-06,0,0,2e-06,0.002346,4.8e-05,0,0,0,0,0,1e-06,0,0,0,2e-06,1.7e-05,3e-06,1.5e-05,1.8e-05,0,0,4.9e-05,0.00012,0,4e-06,5e-06,0,0,0,1e-06,0,5e-06,1e-06,0,0,0,0,0,0,0,0,0,6e-05,0,0,4e-06,0,0,2.5e-05,3.3e-05,1e-06,2e-06,4e-06,0,1.5e-05,3e-06,0,0,1e-06,1.3e-05,1e-06,2.2e-05,0,4e-06,3e-06,1.4e-05,3e-06,9e-06,0,0,0,0,2.3e-05,0,2e-05,2e-06,1e-06,3.7e-05,0,0,0,0,1e-06,0.000117,1.4e-05,0,0,2e-06,6e-06,1e-06,0,4.1e-05,3e-06,2e-06,6e-05,7e-06,6e-06,0,1.8e-05,1e-06,0,4e-06,0,7e-06,6e-06,2e-06,0,0,0,0,2e-06,0.001617,0,1e-06,0,0.000308,1e-06,2e-05,0,0,0,0,1e-06,3e-06,8.8e-05,0,0,0.000383,0.001471,1e-06,1e-06,2e-06,9.1e-05,0,6e-06,1e-06,0,0,3e-06,1e-06,4.7e-05,0.001355,0,0,2.4e-05,8e-06,2e-06,0,1e-06,0,5e-06,0,0,0,7e-06,0,6.5e-05,1e-06,1e-06,0,7e-06,2e-06,4.5e-05,0.000113,3e-06,0,0,0,1.4e-05,0,0,0,0,6e-05,1e-06,4e-06,0,0,0,0,3.3e-05,1e-06,4.3e-05,0,0,0,0,0,2.5e-05,0.000307,0,0,0,7e-06,8e-06,0,4e-06,0.006337,0,5.4e-05,0,0,0,4.4e-05,0,1.1e-05,0.000453,0.000521,6e-06,9.8e-05,5e-06,1e-06,0,0,0,0,0,2e-06,0,0,2.2e-05,1e-06,0,0.000433,0,2e-06,0.000222,1.1e-05,0,0,4e-05,0,1e-06,4e-06,0,1e-06,1e-06,0,0.000207,0,0,0,0,0,0,0,0,2e-06,0,0.000187,1e-06,4e-06,5.3e-05,3e-06,2e-06,3e-06,0,0,0,1e-06,0,3.5e-05,7e-06,1e-06,1e-06,0,0.000142,1e-06,0,0,1e-06,0,0,0.000132,2.4e-05,0.000106,1e-05,0.000186,5e-06,1.7e-05,0.000923,2e-06,2e-06,3e-06,0,4e-05,4.3e-05,2.9e-05,0.000268,8e-06,3e-06,0,1e-06,1e-06,0.000184,0,0,0,0,0,6e-06,1e-06,1e-06,4.6e-05,5e-06,1e-06,0,1.4e-05,3e-06,0.000543,4.5e-05,0,1e-05,0,0,2e-06,0,0,0,0,0,0.000307,7.8e-05,0.000273,0,2e-05,1e-06,0,0,0,0,2.3e-05,4e-06,1e-06,3.3e-05,0,0,0,4.7e-05,0,0,1.1e-05,0,1.5e-05,3e-06,0,7.1e-05,0,0,0,0,0,0,0
"manyara/simanjiro/shambarai",0,0,0,0,0,0,0,0,0,0,0,0,0,0,0,0,0,0,0,0,0,0,0,0,0,0,0,0,0,0,0,0,0,0,0,0,0,0,0,0,0,0,0,0,0,0,0,0,0,0,0,0,0,0,0,0,0,0,0,0,0,0,0,0,0,0,0,0,0,0,0,0,0,0,0,0,0,0,0,0,0,0,0,0,0,0,0,0,0,0,0,0,0,0,0,0,0,0,0,0,0,0,0,0,0,0,0,0,0,0,0,0,0,0,0,0,0,0,0,0,0,0,0,0,0,0,0,0,0,0,0,0,0,0,0,0,0,0,0,0,0,0,0,0,0,0,0,0,0,0,0,0,0,0,0,0,0,0,0,0,0,0,0,0,0,0,0,0,0,0,0,0,0,0,0,0,0,0,0,0,0,0,0,0,0,0,0,0,0,0,0,0,0,0,0,0,0,0,0,0,0,0,0,0,0,0,0,0,0,0,0,0,0,0,0,0,0,0,0,0,0,0,0,0,0,0,0,0,0,0,0,0,0,0,0,0,0,0,0,0,0,0,0,0,0,0,0,0,0,0,0,0,0,0,0,0,0,0,0,0,0,0,0,0,0,0,0,0,0,0,0,0,0,0,0,0,0,0,0,0,0,0,0,0,0,0,0,0,0,0,0,0,0,0,0,0,0,0,0,0,0,0,0,0,0,0,0,0,0,0,0,0,0,0,0,0,0,0,0,0,0,0,0,0,0,0,0,0,0,0,0,0,0,0,0,0,0,0,0,0,0,0,0,0,0,0,0,0,0,0,0,0,0,0,0,0,0,0,0,0,0,0,0,0,0,0,0,0,0,0,0,0,0,0,0,0,0,0,0,0,0,0,0,0,0,0,0,0,0,0,0,0,0,0,0,0,0,0
"kilimanjaro/mwanga/shighatini",0,0,0,0,0,0,0,0,0,0,0,0,0,0,0,0,0,0,0,0,0,0,0,0,0,0,0,0,0,0,0,0,0,0,0,0,0,0,0,0,0,0,0,0,0,0,0,0,0,0,0,0,0,0,0,0,0,0,0,0,0,0,0,0,0,0,0,0,0,0,0,0,0,0,0,0,0,0,0,0,0,0,0,0,0,0,0,0,0,0,0,0,0,0,0,0,0,0,0,0,0,0,0,0,0,0,0,0,0,0,0,0,0,0,0,0,0,0,0,0,0,0,0,0,0,0,0,0,0,0,0,0,0,0,0,0,0,0,0,0,0,0,0,0,0,0,0,0,0,0,0,0,0,0,0,0,0,0,0,0,0,0,0,0,0,0,0,0,0,0,0,0,0,0,0,0,0,0,0,0,0,0,0,0,0,0,0,0,0,0,0,0,0,0,0,0,0,0,0,0,0,0,0,0,0,0,0,0,0,0,0,0,0,0,0,0,0,0,0,0,0,0,0,0,0,0,0,0,0,0,0,0,0,0,0,0,0,0,0,0,0,0,0,0,0,0,0,0,0,0,0,0,0,0,0,0,0,0,0,0,0,0,0,0,0,0,0,0,0,0,0,0,0,0,0,0,0,0,0,0,0,0,0,0,0,0,0,0,0,0,0,0,0,0,0,0,0,0,0,0,0,0,0,0,0,0,0,0,0,0,0,0,0,0,0,0,0,0,0,0,0,0,0,0,0,0,0,0,0,0,0,0,0,0,0,0,0,0,0,0,0,0,0,0,0,0,0,0,0,0,0,0,0,0,0,0,0,0,0,0,0,0,0,0,0,0,0,0,0,0,0,0,0,0,0,0,0,0,0,0,0,0,0,0,0,0,0,0,0,0,0,0,0,0,0,0,0,0
"kilimanjaro/rombo/shimbi",0,0,0,0,0,0,0,0,0,0,0,0,0,0,0,0,0,0,0,0,0,0,0,0,0,0,0,0,0,0,0,0,0,0,0,0,0,0,0,0,0,0,0,0,0,0,0,0,0,0,0,0,0,0,0,0,0,0,0,0,0,0,0,0,0,0,0,0,0,0,0,0,0,0,0,0,0,0,0,0,0,0,0,0,0,0,0,0,0,0,0,0,0,0,0,0,0,0,0,0,0,0,0,0,0,0,0,0,0,0,0,0,0,0,0,0,0,0,0,0,0,0,0,0,0,0,0,0,0,0,0,0,0,0,0,0,0,0,0,0,0,0,0,0,0,0,0,0,0,0,0,0,0,0,0,0,0,0,0,0,0,0,0,0,0,0,0,0,0,0,0,0,0,0,0,0,0,0,0,0,0,0,0,0,0,0,0,0,0,0,0,0,0,0,0,0,0,0,0,0,0,0,0,0,0,0,0,0,0,0,0,0,0,0,0,0,0,0,0,0,0,0,0,0,0,0,0,0,0,0,0,0,0,0,0,0,0,0,0,0,0,0,0,0,0,0,0,0,0,0,0,0,0,0,0,0,0,0,0,0,0,0,0,0,0,0,0,0,0,0,0,0,0,0,0,0,0,0,0,0,0,0,0,0,0,0,0,0,0,0,0,0,0,0,0,0,0,0,0,0,0,0,0,0,0,0,0,0,0,0,0,0,0,0,0,0,0,0,0,0,0,0,0,0,0,0,0,0,0,0,0,0,0,0,0,0,0,0,0,0,0,0,0,0,0,0,0,0,0,0,0,0,0,0,0,0,0,0,0,0,0,0,0,0,0,0,0,0,0,0,0,0,0,0,0,0,0,0,0,0,0,0,0,0,0,0,0,0,0,0,0,0,0,0,0,0,0,0
"kilimanjaro/moshimunicipal/shirimatunda",0,0,0,0,0,0,0,0,0,0,0,0,0,0,0,0,0,0,0,0,0,0,0,0,0,0,0,0,0,0,0,0,0,0,0,0,0,0,0,0,0,0,0,0,0,0,0,0,0,0,0,0,0,0,0,0,0,0,0,0,0,0,0,0,0,0,0,0,0,0,0,0,0,0,0,0,0,0,0,0,0,0,0,0,0,0,0,0,0,0,0,0,0,0,0,0,0,0,0,0,0,0,0,0,0,0,0,0,0,0,0,0,0,0,0,0,0,0,0,0,0,0,0,0,0,0,0,0,0,0,0,0,0,0,0,0,0,0,0,0,0,0,0,0,0,0,0,0,0,0,0,0,0,0,0,0,0,0,0,0,0,0,0,0,0,0,0,0,0,0,0,0,0,0,0,0,0,0,0,0,0,0,0,0,0,0,0,0,0,0,0,0,0,0,0,0,0,0,0,0,0,0,0,0,0,0,0,0,0,0,0,0,0,0,0,0,0,0,0,0,0,0,0,0,0,0,0,0,0,0,0,0,0,0,0,0,0,0,0,0,0,0,0,0,0,0,0,0,0,0,0,0,0,0,0,0,0,0,0,0,0,0,0,0,0,0,0,0,0,0,0,0,0,0,0,0,0,0,0,0,0,0,0,0,0,0,0,0,0,0,0,0,0,0,0,0,0,0,0,0,0,0,0,0,0,0,0,0,0,0,0,0,0,0,0,0,0,0,0,0,0,0,0,0,0,0,0,0,0,0,0,0,0,0,0,0,0,0,0,0,0,0,0,0,0,0,0,0,0,0,0,0,0,0,0,0,0,0,0,0,0,0,0,0,0,0,0,0,0,0,0,0,0,0,0,0,0,0,0,0,0,0,0,0,0,0,0,0,0,0,0,0,0,0,0,0,0,0
"manyara/babatiurban/sigino",0,0,0,0,0,0,0,0,0,0,0,0,0,0,0,0,0,0,0,0,0,0,0,0,0,0,0,0,0,0,0,0,0,0,0,0,0,0,0,0,0,0,0,0,0,0,0,0,0,0,0,0,0,0,0,0,0,0,0,0,0,0,0,0,0,0,0,0,0,0,0,0,0,0,0,0,0,0,0,0,0,0,0,0,0,0,0,0,0,0,0,0,0,0,0,0,0,0,0,0,0,0,0,0,0,0,0,0,0,0,0,0,0,0,0,0,0,0,0,0,0,0,0,0,0,0,0,0,0,0,0,0,0,0,0,0,0,0,0,0,0,0,0,0,0,0,0,0,0,0,0,0,0,0,0,0,0,0,0,0,0,0,0,0,0,0,0,0,0,0,0,0,0,0,0,0,0,0,0,0,0,0,0,0,0,0,0,0,0,0,0,0,0,0,0,0,0,0,0,0,0,0,0,0,0,0,0,0,0,0,0,0,0,0,0,0,0,0,0,0,0,0,0,0,0,0,0,0,0,0,0,0,0,0,0,0,0,0,0,0,0,0,0,0,0,0,0,0,0,0,0,0,0,0,0,0,0,0,0,0,0,0,0,0,0,0,0,0,0,0,0,0,0,0,0,0,0,0,0,0,0,0,0,0,0,0,0,0,0,0,0,0,0,0,0,0,0,0,0,0,0,0,0,0,0,0,0,0,0,0,0,0,0,0,0,0,0,0,0,0,0,0,0,0,0,0,0,0,0,0,0,0,0,0,0,0,0,0,0,0,0,0,0,0,0,0,0,0,0,0,0,0,0,0,0,0,0,0,0,0,0,0,0,0,0,0,0,0,0,0,0,0,0,0,0,0,0,0,0,0,0,0,0,0,0,0,0,0,0,0,0,0,0,0,0,0,0,0
"manyara/hanang/simbay",0,0,0,0,0,0,0,0,0,0,0,0,0,0,0,0,0,0,0,0,0,0,0,0,0,0,0,0,0,0,0,0,0,0,0,0,0,0,0,0,0,0,0,0,0,0,0,0,0,0,0,0,0,0,0,0,0,0,0,0,0,0,0,0,0,0,0,0,0,0,0,0,0,0,0,0,0,0,0,0,0,0,0,0,0,0,0,0,0,0,0,0,0,0,0,0,0,0,0,0,0,0,0,0,0,0,0,0,0,0,0,0,0,0,0,0,0,0,0,0,0,0,0,0,0,0,0,0,0,0,0,0,0,0,0,0,0,0,0,0,0,0,0,0,0,0,0,0,0,0,0,0,0,0,0,0,0,0,0,0,0,0,0,0,0,0,0,0,0,0,0,0,0,0,0,0,0,0,0,0,0,0,0,0,0,0,0,0,0,0,0,0,0,0,0,0,0,0,0,0,0,0,0,0,0,0,0,0,0,0,0,0,0,0,0,0,0,0,0,0,0,0,0,0,0,0,0,0,0,0,0,0,0,0,0,0,0,0,0,0,0,0,0,0,0,0,0,0,0,0,0,0,0,0,0,0,0,0,0,0,0,0,0,0,0,0,0,0,0,0,0,0,0,0,0,0,0,0,0,0,0,0,0,0,0,0,0,0,0,0,0,0,0,0,0,0,0,0,0,0,0,0,0,0,0,0,0,0,0,0,0,0,0,0,0,0,0,0,0,0,0,0,0,0,0,0,0,0,0,0,0,0,0,0,0,0,0,0,0,0,0,0,0,0,0,0,0,0,0,0,0,0,0,0,0,0,0,0,0,0,0,0,0,0,0,0,0,0,0,0,0,0,0,0,0,0,0,0,0,0,0,0,0,0,0,0,0,0,0,0,0,0,0,0,0,0,0,0
"manyara/babatiurban/singe",0,0,0,0,0,0,0,0,0,0,0,0,0,0,0,0,0,0,0,0,0,0,0,0,0,0,0,0,0,0,0,0,0,0,0,0,0,0,0,0,0,0,0,0,0,0,0,0,0,0,0,0,0,0,0,0,0,0,0,0,0,0,0,0,0,0,0,0,0,0,0,0,0,0,0,0,0,0,0,0,0,0,0,0,0,0,0,0,0,0,0,0,0,0,0,0,0,0,0,0,0,0,0,0,0,0,0,0,0,0,0,0,0,0,0,0,0,0,0,0,0,0,0,0,0,0,0,0,0,0,0,0,0,0,0,0,0,0,0,0,0,0,0,0,0,0,0,0,0,0,0,0,0,0,0,0,0,0,0,0,0,0,0,0,0,0,0,0,0,0,0,0,0,0,0,0,0,0,0,0,0,0,0,0,0,0,0,0,0,0,0,0,0,0,0,0,0,0,0,0,0,0,0,0,0,0,0,0,0,0,0,0,0,0,0,0,0,0,0,0,0,0,0,0,0,0,0,0,0,0,0,0,0,0,0,0,0,0,0,0,0,0,0,0,0,0,0,0,0,0,0,0,0,0,0,0,0,0,0,0,0,0,0,0,0,0,0,0,0,0,0,0,0,0,0,0,0,0,0,0,0,0,0,0,0,0,0,0,0,0,0,0,0,0,0,0,0,0,0,0,0,0,0,0,0,0,0,0,0,0,0,0,0,0,0,0,0,0,0,0,0,0,0,0,0,0,0,0,0,0,0,0,0,0,0,0,0,0,0,0,0,0,0,0,0,0,0,0,0,0,0,0,0,0,0,0,0,0,0,0,0,0,0,0,0,0,0,0,0,0,0,0,0,0,0,0,0,0,0,0,0,0,0,0,0,0,0,0,0,0,0,0,0,0,0,0,0,0
"manyara/hanang/sirop",0,0,0,0,0,0,0,0,0,0,0,0,0,0,0,0,0,0,0,0,0,0,0,0,0,0,0,0,0,0,0,0,0,0,0,0,0,0,0,0,0,0,0,0,0,0,0,0,0,0,0,0,0,0,0,0,0,0,0,0,0,0,0,0,0,0,0,0,0,0,0,0,0,0,0,0,0,0,0,0,0,0,0,0,0,0,0,0,0,0,0,0,0,0,0,0,0,0,0,0,0,0,0,0,0,0,0,0,0,0,0,0,0,0,0,0,0,0,0,0,0,0,0,0,0,0,0,0,0,0,0,0,0,0,0,0,0,0,0,0,0,0,0,0,0,0,0,0,0,0,0,0,0,0,0,0,0,0,0,0,0,0,0,0,0,0,0,0,0,0,0,0,0,0,0,0,0,0,0,0,0,0,0,0,0,0,0,0,0,0,0,0,0,0,0,0,0,0,0,0,0,0,0,0,0,0,0,0,0,0,0,0,0,0,0,0,0,0,0,0,0,0,0,0,0,0,0,0,0,0,0,0,0,0,0,0,0,0,0,0,0,0,0,0,0,0,0,0,0,0,0,0,0,0,0,0,0,0,0,0,0,0,0,0,0,0,0,0,0,0,0,0,0,0,0,0,0,0,0,0,0,0,0,0,0,0,0,0,0,0,0,0,0,0,0,0,0,0,0,0,0,0,0,0,0,0,0,0,0,0,0,0,0,0,0,0,0,0,0,0,0,0,0,0,0,0,0,0,0,0,0,0,0,0,0,0,0,0,0,0,0,0,0,0,0,0,0,0,0,0,0,0,0,0,0,0,0,0,0,0,0,0,0,0,0,0,0,0,0,0,0,0,0,0,0,0,0,0,0,0,0,0,0,0,0,0,0,0,0,0,0,0,0,0,0,0,0,0
"arusha/ngorongoro/soitsambu",0,0,0,0,0,0,0,0,0,0,0,0,0,0,0,0,0,0,0,0,0,0,0,0,0,0,0,0,0,0,0,0,0,0,0,0,0,0,0,0,0,0,0,0,0,0,0,0,0,0,0,0,0,0,0,0,0,0,0,0,0,0,0,0,0,0,0,0,0,0,0,0,0,0,0,0,0,0,0,0,0,0,0,0,0,0,0,0,0,0,0,0,0,0,0,0,0,0,0,0,0,0,0,0,0,0,0,0,0,0,0,0,0,0,0,0,0,0,0,0,0,0,0,0,0,0,0,0,0,0,0,0,0,0,0,0,0,0,0,0,0,0,0,0,0,0,0,0,0,0,0,0,0,0,0,0,0,0,0,0,0,0,0,0,0,0,0,0,0,0,0,0,0,0,0,0,0,0,0,0,0,0,0,0,0,0,0,0,0,0,0,0,0,0,0,0,0,0,0,0,0,0,0,0,0,0,0,0,0,0,0,0,0,0,0,0,0,0,0,0,0,0,0,0,0,0,0,0,0,0,0,0,0,0,0,0,0,0,0,0,0,0,0,0,0,0,0,0,0,0,0,0,0,0,0,0,0,0,0,0,0,0,0,0,0,0,0,0,0,0,0,0,0,0,0,0,0,0,0,0,0,0,0,0,0,0,0,0,0,0,0,0,0,0,0,0,0,0,0,0,0,0,0,0,0,0,0,0,0,0,0,0,0,0,0,0,0,0,0,0,0,0,0,0,0,0,0,0,0,0,0,0,0,0,0,0,0,0,0,0,0,0,0,0,0,0,0,0,0,0,0,0,0,0,0,0,0,0,0,0,0,0,0,0,0,0,0,0,0,0,0,0,0,0,0,0,0,0,0,0,0,0,0,0,0,0,0,0,0,0,0,0,0,0,0,0,0,0
"arusha/arusha/sokonii",2.3e-05,0,0,0,0,2e-06,0,0,0,0,0,0,5.6e-05,0.000656,0,0,0,0,0,0,0,1e-06,0,0,0,0,0,0,0,0,1.4e-05,0,0,0,0,0,3e-05,0,0,0,0,0,0,0,0,0,0,0.004917,4e-06,0,0,0,0,0,0,0,0,0,0,1e-06,1e-06,1e-06,4e-06,0,0,8.8e-05,5e-06,0,0,0,0,0,0,0,0,1e-06,0,0,0,0,0,0,0,0,0,0,3.8e-05,0,0,1e-06,0,0,9e-06,9.7e-05,0,0,2e-06,0,6e-06,1e-06,0,0,0,6.3e-05,0,8e-06,0,2e-06,3e-06,1e-06,2e-06,3e-06,0,1e-06,0,0,1.6e-05,0,9e-06,1e-06,0,1.7e-05,0,0,0,0,0,0.000133,1.6e-05,0,0,1e-06,2e-06,0,0,0.000404,8e-06,1e-06,1.4e-05,3e-06,5e-06,0,5.4e-05,0,0,1e-06,0,3e-06,3e-06,1e-06,0,0,0,0,0,0.000165,0,0,0,0.000147,0,3e-06,0,0,0,0,0,4e-06,0.000192,0,0,5e-06,0.005272,0,1e-06,0,5e-06,0,3e-06,0,0,0,1e-06,0,2.5e-05,0.00072,0,0,1.3e-05,4e-06,1e-06,0,0,0,0,0,0,0,3e-06,0,1e-04,0,0,0,3e-06,1e-06,1.7e-05,2e-06,0,0,0,0,5e-06,0,0,0,0,2.1e-05,0,2e-06,0,0,0,0,2.1e-05,0,2.4e-05,0,0,0,0,0,3e-06,9.5e-05,0,0,0,5e-06,0,0,3e-06,0.000163,0,1.6e-05,0,0,0,8.6e-05,0,2e-06,0.002927,4.4e-05,0,0.000317,2e-06,0,0,0,0,0,0,1e-06,0,0,1e-06,0,0,5.7e-05,0,0,6.1e-05,4e-06,0,0,1.5e-05,0,0,1e-06,0,0,1e-06,0,4.9e-05,0,0,0,0,0,0,0,0,1e-06,0,0.000207,1e-06,2e-06,5.8e-05,8e-06,1e-06,0,0,0,0,0,0,2e-06,7.9e-05,2e-06,4e-06,0,9.2e-05,0,0,0,0,0,0,9.5e-05,9e-06,3.3e-05,2e-06,0.00011,4e-06,7e-06,0.001537,0,0,1.8e-05,0,5.7e-05,0.000687,1.9e-05,6.6e-05,1e-06,1e-06,0,0,0,0.000592,0,0,0,0,0,1e-06,0,0,7e-05,1e-06,0,0,1e-05,1.1e-05,0.00374,1e-06,5e-06,3e-06,0,0,1e-06,0,0,0,0,0,0,0.00013,0.000458,0,4.7e-05,0,0,0,0,0,1.5e-05,1e-06,3e-06,1.2e-05,0,0,0,1.8e-05,0,0,3.1e-05,0,7e-06,1e-06,0,0.000142,0,0,0,0,0,0,0
"arusha/arushaurban/sokonii",0,0,0,0,0,0,0,0,0,0,0,0,0,0,0,0,0,0,0,0,0,0,0,0,0,0,0,0,0,0,0,0,0,0,0,0,0,0,0,0,0,0,0,0,0,0,0,0,0,0,0,0,0,0,0,0,0,0,0,0,0,0,0,0,0,0,0,0,0,0,0,0,0,0,0,0,0,0,0,0,0,0,0,0,0,0,0,0,0,0,0,0,0,0,0,0,0,0,0,0,0,0,0,0,0,0,0,0,0,0,0,0,0,0,0,0,0,0,0,0,0,0,0,0,0,0,0,0,0,0,0,0,0,0,0,0,0,0,0,0,0,0,0,0,0,0,0,0,0,0,0,0,0,0,0,0,0,0,0,0,0,0,0,0,0,0,0,0,0,0,0,0,0,0,0,0,0,0,0,0,0,0,0,0,0,0,0,0,0,0,0,0,0,0,0,0,0,0,0,0,0,0,0,0,0,0,0,0,0,0,0,0,0,0,0,0,0,0,0,0,0,0,0,0,0,0,0,0,0,0,0,0,0,0,0,0,0,0,0,0,0,0,0,0,0,0,0,0,0,0,0,0,0,0,0,0,0,0,0,0,0,0,0,0,0,0,0,0,0,0,0,0,0,0,0,0,0,0,0,0,0,0,0,0,0,0,0,0,0,0,0,0,0,0,0,0,0,0,0,0,0,0,0,0,0,0,0,0,0,0,0,0,0,0,0,0,0,0,0,0,0,0,0,0,0,0,0,0,0,0,0,0,0,0,0,0,0,0,0,0,0,0,0,0,0,0,0,0,0,0,0,0,0,0,0,0,0,0,0,0,0,0,0,0,0,0,0,0,0,0,0,0,0,0,0,0,0,0,0,0,0,0,0,0,0,0,0,0,0,0,0,0,0,0,0,0,0,0
"arusha/arushaurban/sombetini",9e-06,0,0,0,0,2e-06,0,0,0,1e-06,0,0,9e-06,0.000225,0,0,0,0,0,0,0,1e-06,0,0,0,0,0,0,0,0,1.8e-05,0,0,0,0,0,8.8e-05,0,0,0,0,0,0,0,0,0,0,0.027711,6e-06,0,0,0,0,0,0,0,0,0,0,2e-06,1e-06,1e-06,4e-06,0,0,0.000164,9e-06,0,0,1e-06,0,0,0,0,0,1e-06,0,0,0,0,0,0,0,0,0,0,3.2e-05,0,0,1e-06,0,0,9e-06,4.3e-05,0,0,2e-06,0,6e-06,1e-06,0,0,0,9.7e-05,0,8e-06,0,2e-06,2e-06,1e-06,1e-06,3e-06,0,3e-06,0,0,1.3e-05,0,8e-06,1e-06,0,1.5e-05,0,0,0,0,0,9.4e-05,1.4e-05,0,0,1e-06,2e-06,0,0,0.000182,7e-06,1e-06,1.4e-05,3e-06,4e-06,0,0.000112,0,0,1e-06,0,3e-06,2e-06,1e-06,0,0,0,0,1e-06,0.000394,0,0,0,0.000133,0,4e-06,0,0,0,0,0,2e-06,0.000499,0,0,7e-06,0.014972,0,0,0,7e-06,0,3e-06,0,0,0,1e-06,0,2.1e-05,0.000634,0,0,1.1e-05,4e-06,1e-06,0,0,0,0,0,0,0,3e-06,0,6.2e-05,0,0,0,3e-06,1e-06,1.6e-05,4e-06,0,0,0,0,5e-06,0,0,0,0,2e-05,0,1e-06,0,0,0,0,1.7e-05,0,2e-05,0,0,0,0,0,4e-06,0.000332,0,0,0,5e-06,0,0,3e-06,0.000292,0,1.6e-05,0,0,0,8.1e-05,0,3e-06,0.002303,5.9e-05,0,0.000307,2e-06,0,0,0,0,0,0,1e-06,0,0,1e-06,0,0,0.000113,0,0,8.8e-05,4e-06,0,0,1.4e-05,0,0,1e-06,0,0,1e-06,0,4.8e-05,0,0,0,0,0,0,0,0,1e-06,0,0.00021,1e-06,2e-06,3.7e-05,3e-05,1e-06,0,0,0,0,0,0,2e-06,1.7e-05,1e-06,1e-06,0,0.000558,0,0,0,0,0,0,7.1e-05,8e-06,6.3e-05,3e-06,0.000115,3e-06,6e-06,0.001709,0,0,1.6e-05,0,0.00013,0.000132,3.2e-05,6.5e-05,1e-06,1e-06,0,0,0,0.000268,0,0,0,0,0,2e-06,0,0,4.6e-05,1e-06,0,0,8e-06,4e-06,0.003379,2e-06,9e-06,4e-06,0,0,1e-06,0,0,0,0,0,0.000915,0.000678,0,0,2.2e-05,0,0,0,0,0,3.4e-05,1e-06,5e-06,1.1e-05,0,0,0,1.6e-05,0,0,0.000171,0,7e-06,1e-06,0,8.6e-05,0,0,0,0,0,0,0
"manyara/kiteto/songambele",0,0,0,0,0,0,0,0,0,0,0,0,0,0,0,0,0,0,0,0,0,0,0,0,0,0,0,0,0,0,0,0,0,0,0,0,0,0,0,0,0,0,0,0,0,0,0,0,0,0,0,0,0,0,0,0,0,0,0,0,0,0,0,0,0,0,0,0,0,0,0,0,0,0,0,0,0,0,0,0,0,0,0,0,0,0,0,0,0,0,0,0,0,0,0,0,0,0,0,0,0,0,0,0,0,0,0,0,0,0,0,0,0,0,0,0,0,0,0,0,0,0,0,0,0,0,0,0,0,0,0,0,0,0,0,0,0,0,0,0,0,0,0,0,0,0,0,0,0,0,0,0,0,0,0,0,0,0,0,0,0,0,0,0,0,0,0,0,0,0,0,0,0,0,0,0,0,0,0,0,0,0,0,0,0,0,0,0,0,0,0,0,0,0,0,0,0,0,0,0,0,0,0,0,0,0,0,0,0,0,0,0,0,0,0,0,0,0,0,0,0,0,0,0,0,0,0,0,0,0,0,0,0,0,0,0,0,0,0,0,0,0,0,0,0,0,0,0,0,0,0,0,0,0,0,0,0,0,0,0,0,0,0,0,0,0,0,0,0,0,0,0,0,0,0,0,0,0,0,0,0,0,0,0,0,0,0,0,0,0,0,0,0,0,0,0,0,0,0,0,0,0,0,0,0,0,0,0,0,0,0,0,0,0,0,0,0,0,0,0,0,0,0,0,0,0,0,0,0,0,0,0,0,0,0,0,0,0,0,0,0,0,0,0,0,0,0,0,0,0,0,0,0,0,0,0,0,0,0,0,0,0,0,0,0,0,0,0,0,0,0,0,0,0,0,0,0,0,0,0,0,0,0,0,0,0,0,0,0,0,0,0,0,0,0,0,0,0
"arusha/meru/songoro",0,0,0,0,0,0,0,0,0,0,0,0,0,0,0,0,0,0,0,0,0,0,0,0,0,0,0,0,0,0,0,0,0,0,0,0,0,0,0,0,0,0,0,0,0,0,0,0,0,0,0,0,0,0,0,0,0,0,0,0,0,0,0,0,0,0,0,0,0,0,0,0,0,0,0,0,0,0,0,0,0,0,0,0,0,0,0,0,0,0,0,0,0,0,0,0,0,0,0,0,0,0,0,0,0,0,0,0,0,0,0,0,0,0,0,0,0,0,0,0,0,0,0,0,0,0,0,0,0,0,0,0,0,0,0,0,0,0,0,0,0,0,0,0,0,0,0,0,0,0,0,0,0,0,0,0,0,0,0,0,0,0,0,0,0,0,0,0,0,0,0,0,0,0,0,0,0,0,0,0,0,0,0,0,0,0,0,0,0,0,0,0,0,0,0,0,0,0,0,0,0,0,0,0,0,0,0,0,0,0,0,0,0,0,0,0,0,0,0,0,0,0,0,0,0,0,0,0,0,0,0,0,0,0,0,0,0,0,0,0,0,0,0,0,0,0,0,0,0,0,0,0,0,0,0,0,0,0,0,0,0,0,0,0,0,0,0,0,0,0,0,0,0,0,0,0,0,0,0,0,0,0,0,0,0,0,0,0,0,0,0,0,0,0,0,0,0,0,0,0,0,0,0,0,0,0,0,0,0,0,0,0,0,0,0,0,0,0,0,0,0,0,0,0,0,0,0,0,0,0,0,0,0,0,0,0,0,0,0,0,0,0,0,0,0,0,0,0,0,0,0,0,0,0,0,0,0,0,0,0,0,0,0,0,0,0,0,0,0,0,0,0,0,0,0,0,0,0,0,0,0,0,0,0,0,0,0,0,0,0,0,0,0,0,0,0,0,0
"kilimanjaro/moshimunicipal/soweto",0,0,0,0,0,0,0,0,0,0,0,0,0,0,0,0,0,0,0,0,0,0,0,0,0,0,0,0,0,0,0,0,0,0,0,0,0,0,0,0,0,0,0,0,0,0,0,0,0,0,0,0,0,0,0,0,0,0,0,0,0,0,0,0,0,0,0,0,0,0,0,0,0,0,0,0,0,0,0,0,0,0,0,0,0,0,0,0,0,0,0,0,0,0,0,0,0,0,0,0,0,0,0,0,0,0,0,0,0,0,0,0,0,0,0,0,0,0,0,0,0,0,0,0,0,0,0,0,0,0,0,0,0,0,0,0,0,0,0,0,0,0,0,0,0,0,0,0,0,0,0,0,0,0,0,0,0,0,0,0,0,0,0,0,0,0,0,0,0,0,0,0,0,0,0,0,0,0,0,0,0,0,0,0,0,0,0,0,0,0,0,0,0,0,0,0,0,0,0,0,0,0,0,0,0,0,0,0,0,0,0,0,0,0,0,0,0,0,0,0,0,0,0,0,0,0,0,0,0,0,0,0,0,0,0,0,0,0,0,0,0,0,0,0,0,0,0,0,0,0,0,0,0,0,0,0,0,0,0,0,0,0,0,0,0,0,0,0,0,0,0,0,0,0,0,0,0,0,0,0,0,0,0,0,0,0,0,0,0,0,0,0,0,0,0,0,0,0,0,0,0,0,0,0,0,0,0,0,0,0,0,0,0,0,0,0,0,0,0,0,0,0,0,0,0,0,0,0,0,0,0,0,0,0,0,0,0,0,0,0,0,0,0,0,0,0,0,0,0,0,0,0,0,0,0,0,0,0,0,0,0,0,0,0,0,0,0,0,0,0,0,0,0,0,0,0,0,0,0,0,0,0,0,0,0,0,0,0,0,0,0,0,0,0,0,0,0,0
"kilimanjaro/same/stesheni",0,0,0,0,0,0,0,0,0,0,0,0,0,0,0,0,0,0,0,0,0,0,0,0,0,0,0,0,0,0,0,0,0,0,0,0,0,0,0,0,0,0,0,0,0,0,0,0,0,0,0,0,0,0,0,0,0,0,0,0,0,0,0,0,0,0,0,0,0,0,0,0,0,0,0,0,0,0,0,0,0,0,0,0,0,0,0,0,0,0,0,0,0,0,0,0,0,0,0,0,0,0,0,0,0,0,0,0,0,0,0,0,0,0,0,0,0,0,0,0,0,0,0,0,0,0,0,0,0,0,0,0,0,0,0,0,0,0,0,0,0,0,0,0,0,0,0,0,0,0,0,0,0,0,0,0,0,0,0,0,0,0,0,0,0,0,0,0,0,0,0,0,0,0,0,0,0,0,0,0,0,0,0,0,0,0,0,0,0,0,0,0,0,0,0,0,0,0,0,0,0,0,0,0,0,0,0,0,0,0,0,0,0,0,0,0,0,0,0,0,0,0,0,0,0,0,0,0,0,0,0,0,0,0,0,0,0,0,0,0,0,0,0,0,0,0,0,0,0,0,0,0,0,0,0,0,0,0,0,0,0,0,0,0,0,0,0,0,0,0,0,0,0,0,0,0,0,0,0,0,0,0,0,0,0,0,0,0,0,0,0,0,0,0,0,0,0,0,0,0,0,0,0,0,0,0,0,0,0,0,0,0,0,0,0,0,0,0,0,0,0,0,0,0,0,0,0,0,0,0,0,0,0,0,0,0,0,0,0,0,0,0,0,0,0,0,0,0,0,0,0,0,0,0,0,0,0,0,0,0,0,0,0,0,0,0,0,0,0,0,0,0,0,0,0,0,0,0,0,0,0,0,0,0,0,0,0,0,0,0,0,0,0,0,0,0,0,0
"kilimanjaro/same/suji",0,0,0,0,0,0,0,0,0,0,0,0,0,0,0,0,0,0,0,0,0,0,0,0,0,0,0,0,0,0,0,0,0,0,0,0,0,0,0,0,0,0,0,0,0,0,0,0,0,0,0,0,0,0,0,0,0,0,0,0,0,0,0,0,0,0,0,0,0,0,0,0,0,0,0,0,0,0,0,0,0,0,0,0,0,0,0,0,0,0,0,0,0,0,0,0,0,0,0,0,0,0,0,0,0,0,0,0,0,0,0,0,0,0,0,0,0,0,0,0,0,0,0,0,0,0,0,0,0,0,0,0,0,0,0,0,0,0,0,0,0,0,0,0,0,0,0,0,0,0,0,0,0,0,0,0,0,0,0,0,0,0,0,0,0,0,0,0,0,0,0,0,0,0,0,0,0,0,0,0,0,0,0,0,0,0,0,0,0,0,0,0,0,0,0,0,0,0,0,0,0,0,0,0,0,0,0,0,0,0,0,0,0,0,0,0,0,0,0,0,0,0,0,0,0,0,0,0,0,0,0,0,0,0,0,0,0,0,0,0,0,0,0,0,0,0,0,0,0,0,0,0,0,0,0,0,0,0,0,0,0,0,0,0,0,0,0,0,0,0,0,0,0,0,0,0,0,0,0,0,0,0,0,0,0,0,0,0,0,0,0,0,0,0,0,0,0,0,0,0,0,0,0,0,0,0,0,0,0,0,0,0,0,0,0,0,0,0,0,0,0,0,0,0,0,0,0,0,0,0,0,0,0,0,0,0,0,0,0,0,0,0,0,0,0,0,0,0,0,0,0,0,0,0,0,0,0,0,0,0,0,0,0,0,0,0,0,0,0,0,0,0,0,0,0,0,0,0,0,0,0,0,0,0,0,0,0,0,0,0,0,0,0,0,0,0,0,0
"manyara/kiteto/sunya",0.000763,0.000157,0.000164,0.001496,5.2e-05,0.006572,1.5e-05,1.9e-05,5.3e-05,0.010658,0.000187,5.9e-05,0.000546,0.008227,0.001422,5.6e-05,6.3e-05,0.000304,6.1e-05,0.000238,0.000515,0.000757,5.6e-05,0.00012,0.000311,3.7e-05,9e-05,3.9e-05,0.00102,0.000524,0.003167,0.005853,0.000179,0.000133,0.000244,0.000128,0.000759,0.002619,0.000136,0.001713,4.8e-05,5.9e-05,0.890435,0.001668,0.053286,5.8e-05,0.000246,0.158032,0.023415,8e-05,4.1e-05,6.1e-05,5.6e-05,5.8e-05,0.002557,3.1e-05,0.000154,0.000108,0.016658,0.029007,0.002297,0.003799,0.003122,0.04425,1e-06,0.00535,0.001973,3.6e-05,0.00062,0.012057,4.1e-05,1e-05,0.000177,0.000525,0.000277,0.003308,0.000324,3e-05,3.8e-05,4e-05,2.3e-05,0.000279,3.8e-05,9.8e-05,0.000123,2.9e-05,0.037138,3.9e-05,0.001686,0.077324,2.9e-05,6.2e-05,0.048347,0.00402,0.000136,0.002237,0.002128,7.5e-05,0.022107,0.005693,3.3e-05,5.3e-05,0.012583,0.001164,0.000616,0.021143,4.2e-05,0.003837,0.001098,0.006382,0.001518,0.012535,0.001619,2.8e-05,0.000197,0.000153,0.013274,0.00438,0.022193,0.00189,0.000985,0.035898,0.000189,0.000737,8.6e-05,0.005788,0.532284,0.052692,0.003483,0.000153,0.00013,0.005109,0.011364,0.000888,6e-05,0.004394,0.000232,0.00274,0.029527,0.006001,0.002256,0.000323,0.001465,0.000565,0.000277,0.010839,9e-05,0.01053,0.008387,0.002924,0.000132,0.000171,0.000232,0.00035,0.014935,0.037737,0.000592,0.000382,0.007928,0.259417,0.001801,0.022471,5.5e-05,0.00058,5.2e-05,7e-05,0.002387,0.001065,0.008583,0.001163,0.5511,0.009716,0.115875,0.008083,0.000527,0.01005,0.022179,7.8e-05,0.006238,0.157243,0.000163,0.000303,0.049326,0.001154,0.035181,0.473307,7e-05,0.00014,0.018497,0.005417,0.001663,0.000462,0.000665,7.4e-05,0.0058,0.046272,0.000162,5.4e-05,0.007514,2.8e-05,0.016906,0.009025,0.021516,8.7e-05,0.011589,0.000648,0.077745,0.007777,0.002879,0.000187,0.000168,0.000172,0.026073,7.3e-05,2.5e-05,0.004618,2.3e-05,0.101548,0.000958,0.006159,6.8e-05,8.5e-05,4e-05,0.000131,0.020931,0.00046,0.029217,0.00028,0.00017,3.7e-05,2.7e-05,5.1e-05,0.016549,0.015454,0.021744,1e-05,0.000175,0.003383,0.001967,0.000133,0.002209,0.110256,6e-05,0.237206,0.000191,0.000119,0.000419,0.006796,7.5e-05,0.000693,0.040449,0.035841,9.1e-05,0.011806,0.004943,0.010393,0.000178,0.000958,9.8e-05,0.000256,0.000206,0.003141,3.6e-05,0.000289,0.005685,0.000291,5.3e-05,0.012218,3.1e-05,0.001087,0.010657,0.024106,0.000161,0.000267,0.066323,0.00035,0.012504,0.016948,4.5e-05,0.000431,0.001092,4.7e-05,0.112912,0.00012,0.022739,0.000107,3e-05,0.000356,8.6e-05,1e-04,0.012357,0.00117,0.00094,0.036972,0.001705,0.002239,0.015932,0.000216,0.00573,0.001537,6.7e-05,5.9e-05,0.000112,0.002977,0.00474,0.015353,0.00102,0.000143,8.2e-05,0.000132,0.011549,0.001197,0.007027,9.9e-05,0.001113,3.4e-05,0.000162,0.029609,0.035572,0.017067,0.002079,0.013807,0.00272,0.011225,0.093118,0.004036,0.004931,0.000351,0.000479,0.002721,0.004391,0.001665,0.11124,0.011633,0.036454,0.011782,0.000568,0.000468,0.032551,0.00037,3.6e-05,9.4e-05,4e-05,9.2e-05,0.038277,0.017325,0.000998,0.00479,0.023684,0.00143,1.8e-05,0.006223,0.000415,0.050454,0.004265,0.003703,0.009606,0.00087,0.000268,0.001604,5.7e-05,5.7e-05,6.1e-05,4e-05,0.000309,0.034108,0.009531,0.020575,0.024074,0.003811,0.000613,7.7e-05,0.000397,0,0.000277,0.002279,0.002341,8e-05,0.020264,2.7e-05,0.000102,4.3e-05,0.068923,0.000523,1.7e-05,0.000906,0.000133,0.015079,0.002862,9.5e-05,0.015326,0.000116,0.000285,0.000612,7.3e-05,0.000186,4.2e-05,3.3e-05
"kilimanjaro/rombo/tarakeamotamburu",0,0,0,0,0,0,0,0,0,0,0,0,0,0,0,0,0,0,0,0,0,0,0,0,0,0,0,0,0,0,0,0,0,0,0,0,0,0,0,0,0,0,0,0,0,0,0,0,0,0,0,0,0,0,0,0,0,0,0,0,0,0,0,0,0,0,0,0,0,0,0,0,0,0,0,0,0,0,0,0,0,0,0,0,0,0,0,0,0,0,0,0,0,0,0,0,0,0,0,0,0,0,0,0,0,0,0,0,0,0,0,0,0,0,0,0,0,0,0,0,0,0,0,0,0,0,0,0,0,0,0,0,0,0,0,0,0,0,0,0,0,0,0,0,0,0,0,0,0,0,0,0,0,0,0,0,0,0,0,0,0,0,0,0,0,0,0,0,0,0,0,0,0,0,0,0,0,0,0,0,0,0,0,0,0,0,0,0,0,0,0,0,0,0,0,0,0,0,0,0,0,0,0,0,0,0,0,0,0,0,0,0,0,0,0,0,0,0,0,0,0,0,0,0,0,0,0,0,0,0,0,0,0,0,0,0,0,0,0,0,0,0,0,0,0,0,0,0,0,0,0,0,0,0,0,0,0,0,0,0,0,0,0,0,0,0,0,0,0,0,0,0,0,0,0,0,0,0,0,0,0,0,0,0,0,0,0,0,0,0,0,0,0,0,0,0,0,0,0,0,0,0,0,0,0,0,0,0,0,0,0,0,0,0,0,0,0,0,0,0,0,0,0,0,0,0,0,0,0,0,0,0,0,0,0,0,0,0,0,0,0,0,0,0,0,0,0,0,0,0,0,0,0,0,0,0,0,0,0,0,0,0,0,0,0,0,0,0,0,0,0,0,0,0,0,0,0,0,0,0,0,0,0,0,0,0,0,0,0,0,0,0,0,0,0,0,0,0
"arusha/arushaurban/terrat",0,0,0,0,0,0,0,0,0,0,0,0,0,0,0,0,0,0,0,0,0,0,0,0,0,0,0,0,0,0,0,0,0,0,0,0,0,0,0,0,0,0,0,0,0,0,0,0,0,0,0,0,0,0,0,0,0,0,0,0,0,0,0,0,0,0,0,0,0,0,0,0,0,0,0,0,0,0,0,0,0,0,0,0,0,0,0,0,0,0,0,0,0,0,0,0,0,0,0,0,0,0,0,0,0,0,0,0,0,0,0,0,0,0,0,0,0,0,0,0,0,0,0,0,0,0,0,0,0,0,0,0,0,0,0,0,0,0,0,0,0,0,0,0,0,0,0,0,0,0,0,0,0,0,0,0,0,0,0,0,0,0,0,0,0,0,0,0,0,0,0,0,0,0,0,0,0,0,0,0,0,0,0,0,0,0,0,0,0,0,0,0,0,0,0,0,0,0,0,0,0,0,0,0,0,0,0,0,0,0,0,0,0,0,0,0,0,0,0,0,0,0,0,0,0,0,0,0,0,0,0,0,0,0,0,0,0,0,0,0,0,0,0,0,0,0,0,0,0,0,0,0,0,0,0,0,0,0,0,0,0,0,0,0,0,0,0,0,0,0,0,0,0,0,0,0,0,0,0,0,0,0,0,0,0,0,0,0,0,0,0,0,0,0,0,0,0,0,0,0,0,0,0,0,0,0,0,0,0,0,0,0,0,0,0,0,0,0,0,0,0,0,0,0,0,0,0,0,0,0,0,0,0,0,0,0,0,0,0,0,0,0,0,0,0,0,0,0,0,0,0,0,0,0,0,0,0,0,0,0,0,0,0,0,0,0,0,0,0,0,0,0,0,0,0,0,0,0,0,0,0,0,0,0,0,0,0,0,0,0,0,0,0,0,0,0,0,0
"manyara/simanjiro/terrat",4.1e-05,2e-06,1e-06,8e-06,0,0.000114,0,0,0,0.000124,2e-06,0,2.6e-05,0.000475,8e-06,1e-06,0,2e-06,0,1e-06,1e-06,1.8e-05,0,2e-06,1e-06,1e-06,1e-06,1e-06,0,1e-06,0.000312,1e-06,1e-06,1e-06,3e-06,1e-06,4.7e-05,1.9e-05,2e-06,1e-05,0,0,3e-05,1.1e-05,5e-06,0,5e-06,0.010633,0.005672,1e-06,0,1e-06,1e-06,0,1.4e-05,0,8e-06,3e-06,7.4e-05,0.000179,2.2e-05,5.8e-05,6.3e-05,2e-06,0,0.000391,9.5e-05,0,1.7e-05,0.000244,1e-06,0,4e-06,7e-06,1e-06,3.1e-05,4e-06,0,0,0,0,2e-06,0,0,1e-06,0,0.000917,0,7e-06,0.000163,0,0,0.000444,0.000166,2e-06,2.3e-05,4.1e-05,1e-06,0.000313,6.6e-05,0,0,2.6e-05,6.8e-05,1e-05,0.000216,0,6.4e-05,2.8e-05,9.4e-05,2.9e-05,0.000124,6e-06,2e-06,2e-06,1e-06,0.000392,1e-06,0.000323,2.6e-05,1.5e-05,0.000501,2e-06,6e-06,1e-06,1.1e-05,3.2e-05,0.002052,0.000206,2e-06,1e-06,5.6e-05,0.00012,1.4e-05,0,0.000256,1.2e-05,3.6e-05,0.000325,0.000101,7.1e-05,1e-06,8.3e-05,9e-06,2e-06,8.5e-05,1e-06,0.000133,0.000101,3.4e-05,1e-06,2e-06,2e-06,2e-06,4.7e-05,0.002495,5e-06,6e-06,7e-06,0.005087,1.6e-05,0.008684,1e-06,4e-06,0,0,3e-05,3.1e-05,0.000596,1.1e-05,1e-05,0.000407,0.007483,5.5e-05,9e-06,0.000228,0.003282,1e-06,9.9e-05,2e-05,0,2e-06,9.6e-05,1.8e-05,0.000594,0.013897,1e-06,2e-06,0.000329,9.9e-05,3.2e-05,4e-06,1.1e-05,0,0.000131,1e-06,1e-06,1e-06,0.000115,1e-06,0.000682,2.7e-05,6.1e-05,4e-06,0.000113,1.6e-05,0.000829,0.000359,2e-05,2e-06,2e-06,5e-06,0.000226,1e-06,0,1.1e-05,0,0.000873,1e-05,6.5e-05,0,4e-06,0,2e-06,0.000462,9e-06,0.000518,6e-06,1e-06,0,0,0,0.000132,0.001314,4e-06,0,2e-06,0.00023,3.4e-05,1e-06,0.000112,0.013649,1e-06,0.002047,1e-06,2e-06,6e-06,0.000464,0,9.6e-05,0.002304,0.001127,4e-06,0.000774,5.3e-05,2.5e-05,2e-06,9e-06,1e-06,1e-06,1e-06,6.3e-05,2e-06,1e-06,0.000118,3e-06,1e-06,0.000655,0,3.1e-05,0.000465,0.000262,1e-06,1e-06,0.000677,3e-06,2.7e-05,0.000435,1e-06,6e-06,3.6e-05,1e-06,0.001211,1e-06,1e-06,1e-06,0,3e-06,1e-06,2e-06,7e-06,1.7e-05,2e-06,0.002767,2.4e-05,3.9e-05,0.000471,1.3e-05,8.1e-05,1.4e-05,1e-06,1e-06,2e-06,1.9e-05,1e-06,0.000466,5.3e-05,6e-06,4e-06,2e-06,0.000804,9e-06,3e-06,1e-06,1.4e-05,0,1e-06,0.000855,0.000331,0.002482,0.000749,0.00055,6.9e-05,0.000137,0.004882,1.9e-05,2.6e-05,2.2e-05,2e-06,0.00015,0.000227,8.3e-05,0.001737,5.9e-05,0.000177,1e-06,9e-06,3e-06,0.001613,5e-06,0,1e-06,1e-06,1e-06,0.000195,1.9e-05,6e-06,0.00019,0.000132,8e-06,0,0.000138,2e-05,0.003038,0.000109,0.000222,0.000749,8e-06,2e-06,2.7e-05,1e-06,0,1e-06,0,1e-06,0.001831,0.000673,0.001354,1e-06,0.000146,1e-05,0,1e-06,2e-06,3e-06,0.000216,0,5e-06,0.000294,0,1e-06,0,0.00064,3e-06,0,5.6e-05,2e-06,0.000229,3.8e-05,1e-06,0.000765,1e-06,1e-06,2e-06,0,0,0,0
"arusha/arushaurban/themi",0,0,0,0,0,0,0,0,0,0,0,0,0,0,0,0,0,0,0,0,0,0,0,0,0,0,0,0,0,0,0,0,0,0,0,0,0,0,0,0,0,0,0,0,0,0,0,0,0,0,0,0,0,0,0,0,0,0,0,0,0,0,0,0,0,0,0,0,0,0,0,0,0,0,0,0,0,0,0,0,0,0,0,0,0,0,0,0,0,0,0,0,0,0,0,0,0,0,0,0,0,0,0,0,0,0,0,0,0,0,0,0,0,0,0,0,0,0,0,0,0,0,0,0,0,0,0,0,0,0,0,0,0,0,0,0,0,0,0,0,0,0,0,0,0,0,0,0,0,0,0,0,0,0,0,0,0,0,0,0,0,0,0,0,0,0,0,0,0,0,0,0,0,0,0,0,0,0,0,0,0,0,0,0,0,0,0,0,0,0,0,0,0,0,0,0,0,0,0,0,0,0,0,0,0,0,0,0,0,0,0,0,0,0,0,0,0,0,0,0,0,0,0,0,0,0,0,0,0,0,0,0,0,0,0,0,0,0,0,0,0,0,0,0,0,0,0,0,0,0,0,0,0,0,0,0,0,0,0,0,0,0,0,0,0,0,0,0,0,0,0,0,0,0,0,0,0,0,0,0,0,0,0,0,0,0,0,0,0,0,0,0,0,0,0,0,0,0,0,0,0,0,0,0,0,0,0,0,0,0,0,0,0,0,0,0,0,0,0,0,0,0,0,0,0,0,0,0,0,0,0,0,0,0,0,0,0,0,0,0,0,0,0,0,0,0,0,0,0,0,0,0,0,0,0,0,0,0,0,0,0,0,0,0,0,0,0,0,0,0,0,0,0,0,0,0,0,0,0,0,0,0,0,0,0,0,0,0,0,0,0,0,0,0,0,0,0,0
"arusha/longido/tingatinga",0,0,0,0,0,0,0,0,0,0,0,0,0,0,0,0,0,0,0,0,0,0,0,0,0,0,0,0,0,0,0,0,0,0,0,0,0,0,0,0,0,0,0,0,0,0,0,0,0,0,0,0,0,0,0,0,0,0,0,0,0,0,0,0,0,0,0,0,0,0,0,0,0,0,0,0,0,0,0,0,0,0,0,0,0,0,0,0,0,0,0,0,0,0,0,0,0,0,0,0,0,0,0,0,0,0,0,0,0,0,0,0,0,0,0,0,0,0,0,0,0,0,0,0,0,0,0,0,0,0,0,0,0,0,0,0,0,0,0,0,0,0,0,0,0,0,0,0,0,0,0,0,0,0,0,0,0,0,0,0,0,0,0,0,0,0,0,0,0,0,0,0,0,0,0,0,0,0,0,0,0,0,0,0,0,0,0,0,0,0,0,0,0,0,0,0,0,0,0,0,0,0,0,0,0,0,0,0,0,0,0,0,0,0,0,0,0,0,0,0,0,0,0,0,0,0,0,0,0,0,0,0,0,0,0,0,0,0,0,0,0,0,0,0,0,0,0,0,0,0,0,0,0,0,0,0,0,0,0,0,0,0,0,0,0,0,0,0,0,0,0,0,0,0,0,0,0,0,0,0,0,0,0,0,0,0,0,0,0,0,0,0,0,0,0,0,0,0,0,0,0,0,0,0,0,0,0,0,0,0,0,0,0,0,0,0,0,0,0,0,0,0,0,0,0,0,0,0,0,0,0,0,0,0,0,0,0,0,0,0,0,0,0,0,0,0,0,0,0,0,0,0,0,0,0,0,0,0,0,0,0,0,0,0,0,0,0,0,0,0,0,0,0,0,0,0,0,0,0,0,0,0,0,0,0,0,0,0,0,0,0,0,0,0,0,0,0,0
"manyara/mbulu/tlawi",0,0,0,0,0,0,0,0,0,0,0,0,0,0,0,0,0,0,0,0,0,0,0,0,0,0,0,0,0,0,0,0,0,0,0,0,0,0,0,0,0,0,0,0,0,0,0,0,0,0,0,0,0,0,0,0,0,0,0,0,0,0,0,0,0,0,0,0,0,0,0,0,0,0,0,0,0,0,0,0,0,0,0,0,0,0,0,0,0,0,0,0,0,0,0,0,0,0,0,0,0,0,0,0,0,0,0,0,0,0,0,0,0,0,0,0,0,0,0,0,0,0,0,0,0,0,0,0,0,0,0,0,0,0,0,0,0,0,0,0,0,0,0,0,0,0,0,0,0,0,0,0,0,0,0,0,0,0,0,0,0,0,0,0,0,0,0,0,0,0,0,0,0,0,0,0,0,0,0,0,0,0,0,0,0,0,0,0,0,0,0,0,0,0,0,0,0,0,0,0,0,0,0,0,0,0,0,0,0,0,0,0,0,0,0,0,0,0,0,0,0,0,0,0,0,0,0,0,0,0,0,0,0,0,0,0,0,0,0,0,0,0,0,0,0,0,0,0,0,0,0,0,0,0,0,0,0,0,0,0,0,0,0,0,0,0,0,0,0,0,0,0,0,0,0,0,0,0,0,0,0,0,0,0,0,0,0,0,0,0,0,0,0,0,0,0,0,0,0,0,0,0,0,0,0,0,0,0,0,0,0,0,0,0,0,0,0,0,0,0,0,0,0,0,0,0,0,0,0,0,0,0,0,0,0,0,0,0,0,0,0,0,0,0,0,0,0,0,0,0,0,0,0,0,0,0,0,0,0,0,0,0,0,0,0,0,0,0,0,0,0,0,0,0,0,0,0,0,0,0,0,0,0,0,0,0,0,0,0,0,0,0,0,0,0,0,0,0
"kilimanjaro/mwanga/toloha",0,0,0,0,0,0,0,0,0,0,0,0,0,0,0,0,0,0,0,0,0,0,0,0,0,0,0,0,0,0,0,0,0,0,0,0,0,0,0,0,0,0,0,0,0,0,0,0,0,0,0,0,0,0,0,0,0,0,0,0,0,0,0,0,0,0,0,0,0,0,0,0,0,0,0,0,0,0,0,0,0,0,0,0,0,0,0,0,0,0,0,0,0,0,0,0,0,0,0,0,0,0,0,0,0,0,0,0,0,0,0,0,0,0,0,0,0,0,0,0,0,0,0,0,0,0,0,0,0,0,0,0,0,0,0,0,0,0,0,0,0,0,0,0,0,0,0,0,0,0,0,0,0,0,0,0,0,0,0,0,0,0,0,0,0,0,0,0,0,0,0,0,0,0,0,0,0,0,0,0,0,0,0,0,0,0,0,0,0,0,0,0,0,0,0,0,0,0,0,0,0,0,0,0,0,0,0,0,0,0,0,0,0,0,0,0,0,0,0,0,0,0,0,0,0,0,0,0,0,0,0,0,0,0,0,0,0,0,0,0,0,0,0,0,0,0,0,0,0,0,0,0,0,0,0,0,0,0,0,0,0,0,0,0,0,0,0,0,0,0,0,0,0,0,0,0,0,0,0,0,0,0,0,0,0,0,0,0,0,0,0,0,0,0,0,0,0,0,0,0,0,0,0,0,0,0,0,0,0,0,0,0,0,0,0,0,0,0,0,0,0,0,0,0,0,0,0,0,0,0,0,0,0,0,0,0,0,0,0,0,0,0,0,0,0,0,0,0,0,0,0,0,0,0,0,0,0,0,0,0,0,0,0,0,0,0,0,0,0,0,0,0,0,0,0,0,0,0,0,0,0,0,0,0,0,0,0,0,0,0,0,0,0,0,0,0,0,0
"manyara/mbulu/tumati",0,0,0,0,0,0,0,0,0,0,0,0,0,0,0,0,0,0,0,0,0,0,0,0,0,0,0,0,0,0,0,0,0,0,0,0,0,0,0,0,0,0,0,0,0,0,0,0,0,0,0,0,0,0,0,0,0,0,0,0,0,0,0,0,0,0,0,0,0,0,0,0,0,0,0,0,0,0,0,0,0,0,0,0,0,0,0,0,0,0,0,0,0,0,0,0,0,0,0,0,0,0,0,0,0,0,0,0,0,0,0,0,0,0,0,0,0,0,0,0,0,0,0,0,0,0,0,0,0,0,0,0,0,0,0,0,0,0,0,0,0,0,0,0,0,0,0,0,0,0,0,0,0,0,0,0,0,0,0,0,0,0,0,0,0,0,0,0,0,0,0,0,0,0,0,0,0,0,0,0,0,0,0,0,0,0,0,0,0,0,0,0,0,0,0,0,0,0,0,0,0,0,0,0,0,0,0,0,0,0,0,0,0,0,0,0,0,0,0,0,0,0,0,0,0,0,0,0,0,0,0,0,0,0,0,0,0,0,0,0,0,0,0,0,0,0,0,0,0,0,0,0,0,0,0,0,0,0,0,0,0,0,0,0,0,0,0,0,0,0,0,0,0,0,0,0,0,0,0,0,0,0,0,0,0,0,0,0,0,0,0,0,0,0,0,0,0,0,0,0,0,0,0,0,0,0,0,0,0,0,0,0,0,0,0,0,0,0,0,0,0,0,0,0,0,0,0,0,0,0,0,0,0,0,0,0,0,0,0,0,0,0,0,0,0,0,0,0,0,0,0,0,0,0,0,0,0,0,0,0,0,0,0,0,0,0,0,0,0,0,0,0,0,0,0,0,0,0,0,0,0,0,0,0,0,0,0,0,0,0,0,0,0,0,0,0,0,0
"kilimanjaro/rombo/ubetukahe",0,0,0,0,0,0,0,0,0,0,0,0,0,0,0,0,0,0,0,0,0,0,0,0,0,0,0,0,0,0,0,0,0,0,0,0,0,0,0,0,0,0,0,0,0,0,0,0,0,0,0,0,0,0,0,0,0,0,0,0,0,0,0,0,0,0,0,0,0,0,0,0,0,0,0,0,0,0,0,0,0,0,0,0,0,0,0,0,0,0,0,0,0,0,0,0,0,0,0,0,0,0,0,0,0,0,0,0,0,0,0,0,0,0,0,0,0,0,0,0,0,0,0,0,0,0,0,0,0,0,0,0,0,0,0,0,0,0,0,0,0,0,0,0,0,0,0,0,0,0,0,0,0,0,0,0,0,0,0,0,0,0,0,0,0,0,0,0,0,0,0,0,0,0,0,0,0,0,0,0,0,0,0,0,0,0,0,0,0,0,0,0,0,0,0,0,0,0,0,0,0,0,0,0,0,0,0,0,0,0,0,0,0,0,0,0,0,0,0,0,0,0,0,0,0,0,0,0,0,0,0,0,0,0,0,0,0,0,0,0,0,0,0,0,0,0,0,0,0,0,0,0,0,0,0,0,0,0,0,0,0,0,0,0,0,0,0,0,0,0,0,0,0,0,0,0,0,0,0,0,0,0,0,0,0,0,0,0,0,0,0,0,0,0,0,0,0,0,0,0,0,0,0,0,0,0,0,0,0,0,0,0,0,0,0,0,0,0,0,0,0,0,0,0,0,0,0,0,0,0,0,0,0,0,0,0,0,0,0,0,0,0,0,0,0,0,0,0,0,0,0,0,0,0,0,0,0,0,0,0,0,0,0,0,0,0,0,0,0,0,0,0,0,0,0,0,0,0,0,0,0,0,0,0,0,0,0,0,0,0,0,0,0,0,0,0,0,0
"manyara/babati/ufana",0.000217,0.000115,2.6e-05,0.000561,0.000764,0.001039,0.000106,0.000112,0.000286,0.04551,0.001137,0.000409,0.000163,0.002485,0.007859,0.000297,0.000841,0.017212,0.002087,0.004743,2.6e-05,0.000121,0.000226,2e-05,2.1e-05,6e-06,0.000409,0.00011,9e-06,3.1e-05,0.001322,7.1e-05,1.2e-05,1.5e-05,0.000352,0.00528,0.000242,0.042923,0.000451,0.000666,0.001522,0.000237,0.001592,0.040755,0.000325,0.00051,0.000115,0.056739,0.011459,0.000142,0.000221,0.000128,9.9e-05,0.001381,0.023845,0.000644,3.3e-05,0.000135,0.000955,0.026962,0.000511,0.001567,0.00105,0.00019,1e-06,0.001657,0.000859,0.000388,0.000737,0.008904,5.9e-05,0.000171,4e-05,0.002305,0.00207,0.000926,0.000157,0.00161,0.000456,0.001007,0.000198,0.001263,0.002316,0.00029,0.004668,0.000138,0.007502,0.003417,0.020289,0.002945,0.000303,0.000457,0.007261,0.00123,6.4e-05,0.014941,0.000456,9e-06,0.003366,0.000837,0.000216,0.000113,0.000781,0.000373,0.000105,0.004376,0.000141,0.000682,0.000273,0.006752,0.000321,0.002139,0.016765,9e-06,3.2e-05,2.4e-05,0.002689,4.2e-05,0.003812,0.000352,0.000132,0.006702,2.3e-05,8.8e-05,1e-05,0.000319,0.001143,0.009055,0.000881,2.5e-05,2.1e-05,0.000554,0.001595,0.000155,7e-06,0.001356,7.5e-05,0.000456,0.008551,0.001103,0.000512,1.8e-05,0.00048,0.000103,4.5e-05,0.001275,0.000559,0.001673,0.001388,0.000462,2.2e-05,1.9e-05,3.7e-05,2.9e-05,0.001231,0.015377,6.9e-05,0.000108,0.000173,0.053551,0.000239,0.003992,1e-05,6.3e-05,0.000548,0.000279,0.000317,0.000262,0.002715,0.000137,0.000402,0.004486,0.039717,0.000624,0.000114,0.001559,0.010359,2.3e-05,0.001108,0.000845,1e-05,0.000139,0.002375,0.000187,0.00701,0.182896,1.4e-05,2.7e-05,0.003558,0.001072,0.000293,0.011477,0.001362,0.001812,0.009234,9.8e-05,2.4e-05,0.000279,0.001296,3.2e-05,0.004274,0.000736,0.000907,1.9e-05,0.001887,0.000148,0.012023,0.004563,0.001776,3e-05,2.6e-05,0.00017,0.003932,1.1e-05,8.2e-05,0.00032,9.2e-05,0.01727,0.000157,0.000979,0.003152,2e-05,0.000835,2.7e-05,0.004245,9.6e-05,0.006001,5.1e-05,0.000913,0.00061,0.000425,0.000387,0.005778,0.005633,0.000355,2e-06,3e-05,0.000563,0.001249,2e-05,0.00046,0.092707,1e-05,0.020737,1.4e-05,2e-05,7.1e-05,0.001948,0.001461,0.000262,0.013162,0.010921,4e-05,0.003568,0.000952,0.000634,2.9e-05,0.000122,1.7e-05,1.9e-05,1.5e-05,0.000335,3.9e-05,1.9e-05,0.004842,0.000102,0.000571,0.00485,0.000116,0.002085,0.003973,0.003174,2e-05,1.9e-05,0.010489,5.5e-05,0.000734,0.001445,0.000238,0.000379,0.000189,3e-05,0.033089,0.001001,4e-05,0.000279,0.00035,6.2e-05,0.007537,2.2e-05,0.000254,0.000263,5.7e-05,0.01012,0.000287,0.000505,0.00311,7e-05,0.000672,0.002122,1e-05,7e-06,1.9e-05,0.00028,6.9e-05,0.018499,0.000299,3.8e-05,2.4e-05,2.5e-05,0.002865,0.000773,0.000232,1.6e-05,0.000188,5.7e-05,4.3e-05,0.006391,0.00606,0.003964,0.000655,0.004773,0.00058,0.002583,0.023101,0.001202,0.001453,0.000108,0.000183,0.000922,0.001371,0.000585,0.025531,0.004445,0.001519,5.2e-05,9.7e-05,0.000203,0.009074,0.000347,6.2e-05,1.6e-05,5.2e-05,0.000582,0.002865,0.000545,0.000437,0.001521,0.002093,0.000589,0.000112,0.001407,0.000116,0.01633,0.002136,0.001939,0.001326,0.000107,4.2e-05,0.000281,0.000454,0.000235,0.000286,0.000157,0.000123,0.010582,0.002185,0.006876,9.2e-05,0.001047,0.000107,6e-06,2.4e-05,0.00011,4.9e-05,0.000731,0.000553,2.5e-05,0.003761,0.000283,1.1e-05,0.001022,0.012171,0,9.5e-05,0.000293,2.4e-05,0.002706,0.000497,1.7e-05,0.004047,1.9e-05,2e-05,4.2e-05,6e-06,9e-06,0.000745,0.000347
"manyara/mbulu/uhuru",0,0,0,0,0,0,0,0,0,0,0,0,0,0,0,0,0,0,0,0,0,0,0,0,0,0,0,0,0,0,0,0,0,0,0,0,0,0,0,0,0,0,0,0,0,0,0,0,0,0,0,0,0,0,0,0,0,0,0,0,0,0,0,0,0,0,0,0,0,0,0,0,0,0,0,0,0,0,0,0,0,0,0,0,0,0,0,0,0,0,0,0,0,0,0,0,0,0,0,0,0,0,0,0,0,0,0,0,0,0,0,0,0,0,0,0,0,0,0,0,0,0,0,0,0,0,0,0,0,0,0,0,0,0,0,0,0,0,0,0,0,0,0,0,0,0,0,0,0,0,0,0,0,0,0,0,0,0,0,0,0,0,0,0,0,0,0,0,0,0,0,0,0,0,0,0,0,0,0,0,0,0,0,0,0,0,0,0,0,0,0,0,0,0,0,0,0,0,0,0,0,0,0,0,0,0,0,0,0,0,0,0,0,0,0,0,0,0,0,0,0,0,0,0,0,0,0,0,0,0,0,0,0,0,0,0,0,0,0,0,0,0,0,0,0,0,0,0,0,0,0,0,0,0,0,0,0,0,0,0,0,0,0,0,0,0,0,0,0,0,0,0,0,0,0,0,0,0,0,0,0,0,0,0,0,0,0,0,0,0,0,0,0,0,0,0,0,0,0,0,0,0,0,0,0,0,0,0,0,0,0,0,0,0,0,0,0,0,0,0,0,0,0,0,0,0,0,0,0,0,0,0,0,0,0,0,0,0,0,0,0,0,0,0,0,0,0,0,0,0,0,0,0,0,0,0,0,0,0,0,0,0,0,0,0,0,0,0,0,0,0,0,0,0,0,0,0,0,0,0,0,0,0,0,0,0,0,0,0,0,0,0,0,0,0,0,0,0
"arusha/arushaurban/ungaltd",0,0,0,0,0,0,0,0,0,0,0,0,0,0,0,0,0,0,0,0,0,0,0,0,0,0,0,0,0,0,0,0,0,0,0,0,0,0,0,0,0,0,0,0,0,0,0,0,0,0,0,0,0,0,0,0,0,0,0,0,0,0,0,0,0,0,0,0,0,0,0,0,0,0,0,0,0,0,0,0,0,0,0,0,0,0,0,0,0,0,0,0,0,0,0,0,0,0,0,0,0,0,0,0,0,0,0,0,0,0,0,0,0,0,0,0,0,0,0,0,0,0,0,0,0,0,0,0,0,0,0,0,0,0,0,0,0,0,0,0,0,0,0,0,0,0,0,0,0,0,0,0,0,0,0,0,0,0,0,0,0,0,0,0,0,0,0,0,0,0,0,0,0,0,0,0,0,0,0,0,0,0,0,0,0,0,0,0,0,0,0,0,0,0,0,0,0,0,0,0,0,0,0,0,0,0,0,0,0,0,0,0,0,0,0,0,0,0,0,0,0,0,0,0,0,0,0,0,0,0,0,0,0,0,0,0,0,0,0,0,0,0,0,0,0,0,0,0,0,0,0,0,0,0,0,0,0,0,0,0,0,0,0,0,0,0,0,0,0,0,0,0,0,0,0,0,0,0,0,0,0,0,0,0,0,0,0,0,0,0,0,0,0,0,0,0,0,0,0,0,0,0,0,0,0,0,0,0,0,0,0,0,0,0,0,0,0,0,0,0,0,0,0,0,0,0,0,0,0,0,0,0,0,0,0,0,0,0,0,0,0,0,0,0,0,0,0,0,0,0,0,0,0,0,0,0,0,0,0,0,0,0,0,0,0,0,0,0,0,0,0,0,0,0,0,0,0,0,0,0,0,0,0,0,0,0,0,0,0,0,0,0,0,0,0,0,0,0
"kilimanjaro/moshi/urukaskazini",0,0,0,0,0,0,0,0,0,0,0,0,0,0,0,0,0,0,0,0,0,0,0,0,0,0,0,0,0,0,0,0,0,0,0,0,0,0,0,0,0,0,0,0,0,0,0,0,0,0,0,0,0,0,0,0,0,0,0,0,0,0,0,0,0,0,0,0,0,0,0,0,0,0,0,0,0,0,0,0,0,0,0,0,0,0,0,0,0,0,0,0,0,0,0,0,0,0,0,0,0,0,0,0,0,0,0,0,0,0,0,0,0,0,0,0,0,0,0,0,0,0,0,0,0,0,0,0,0,0,0,0,0,0,0,0,0,0,0,0,0,0,0,0,0,0,0,0,0,0,0,0,0,0,0,0,0,0,0,0,0,0,0,0,0,0,0,0,0,0,0,0,0,0,0,0,0,0,0,0,0,0,0,0,0,0,0,0,0,0,0,0,0,0,0,0,0,0,0,0,0,0,0,0,0,0,0,0,0,0,0,0,0,0,0,0,0,0,0,0,0,0,0,0,0,0,0,0,0,0,0,0,0,0,0,0,0,0,0,0,0,0,0,0,0,0,0,0,0,0,0,0,0,0,0,0,0,0,0,0,0,0,0,0,0,0,0,0,0,0,0,0,0,0,0,0,0,0,0,0,0,0,0,0,0,0,0,0,0,0,0,0,0,0,0,0,0,0,0,0,0,0,0,0,0,0,0,0,0,0,0,0,0,0,0,0,0,0,0,0,0,0,0,0,0,0,0,0,0,0,0,0,0,0,0,0,0,0,0,0,0,0,0,0,0,0,0,0,0,0,0,0,0,0,0,0,0,0,0,0,0,0,0,0,0,0,0,0,0,0,0,0,0,0,0,0,0,0,0,0,0,0,0,0,0,0,0,0,0,0,0,0,0,0,0,0,0,0
"kilimanjaro/moshi/urukusini",2e-06,0,2e-06,0,0,6.5e-05,0,0,0,1e-06,0,0,1e-06,1.4e-05,0,0,0,0,0,0,0,5e-06,0,8e-06,0,3e-06,0,0,0,0,7e-06,0,0,0,0,0,1e-06,0,0,0,0,0,0,0,0,0,0,0.000229,5e-06,0,0,0,0,0,0,0,0,0,1e-06,3e-06,1e-06,1e-06,4e-06,0,0,7e-06,1e-06,0,0,1e-06,0,0,1e-06,0,0,1e-06,0,0,0,0,0,0,0,0,0,0,0.000654,0,0,6e-06,0,0,0.000387,7e-06,0,0,2.9e-05,0,0.000229,5.7e-05,0,0,2e-06,2e-06,4.1e-05,0.000103,0,0.000493,5e-06,1e-06,2.3e-05,0.000197,0,0,3e-06,2e-06,0.000122,0,0.002589,0.000113,5.1e-05,0.00273,0,1e-06,0,1e-06,0,0.000173,8e-06,6e-06,4e-06,6e-05,7.1e-05,0.00015,0,7e-06,0,0.000185,3.1e-05,0.001034,1.5e-05,0,2e-06,0.000207,2e-06,1.9e-05,0,0.000278,0.000379,7.1e-05,2e-06,0,2e-06,0,4e-06,3.2e-05,3e-06,0,0,0.036622,7e-06,5e-06,5e-06,1e-06,0,0,7e-06,5e-06,1.2e-05,2e-06,0,3e-06,0.000173,2e-06,6e-06,1e-06,4e-06,0,0.001916,0,0,0,4e-06,2.6e-05,0.001553,0.059602,1e-06,4e-06,0.001357,0.000207,5.1e-05,0,0,0,0,0,2e-06,0,0.001012,0,6e-05,0,2e-06,0,0.000177,5e-06,0.000832,2e-06,1e-06,3e-06,3e-06,0,0.000205,1e-06,0,1e-06,0,0.000761,2.6e-05,0.000124,0,0,0,3e-06,0.000486,8e-06,0.000775,5e-06,0,0,0,0,7e-06,1.5e-05,0,1e-06,2.1e-05,5e-06,0,1e-06,6e-06,7.9e-05,1.1e-05,0.00019,0,1.2e-05,4.4e-05,1.1e-05,0,0,6e-05,1.9e-05,0,1.9e-05,4.6e-05,1e-06,2e-06,3e-06,9e-06,0,0,9e-06,0,0,1e-06,0,0,1.1e-05,0,0,1.1e-05,7.9e-05,0,0,0.000841,5e-06,2e-06,3e-06,0,0,3e-06,0,0.000126,0,0,0,0,4e-06,0,1e-06,0,7e-06,0,6.7e-05,0.000146,1.7e-05,3.2e-05,0,6e-06,0,0,0,1.1e-05,2e-06,0,2e-06,2e-06,0,0,7e-06,9e-06,0,0,4e-06,1e-04,0,0,4.1e-05,0.000404,1.1e-05,1e-06,1.8e-05,3.2e-05,4e-05,9.4e-05,0,1e-06,1e-06,0,3e-06,7e-06,2e-06,1e-04,2e-06,2e-06,0,3.8e-05,0,7.8e-05,0,0,2.4e-05,0,0,9e-06,1e-06,0,8e-06,1.1e-05,0,0,5.5e-05,1e-06,7.6e-05,1e-06,2e-06,7e-06,2e-06,3e-06,0.000125,0,0,0,0,0,5.8e-05,9e-06,2.6e-05,0,1e-05,6.3e-05,0,0,0,3e-06,3e-06,1e-06,0,3.3e-05,0,0,0,0.000681,0,0,1e-06,1.2e-05,0,0.000412,1e-05,4e-05,2e-06,0,0,0,0,0,0
"kilimanjaro/moshi/urumashariki",0,0,0,0,0,0,0,0,0,0,0,0,0,0,0,0,0,0,0,0,0,0,0,0,0,0,0,0,0,0,0,0,0,0,0,0,0,0,0,0,0,0,0,0,0,0,0,0,0,0,0,0,0,0,0,0,0,0,0,0,0,0,0,0,0,0,0,0,0,0,0,0,0,0,0,0,0,0,0,0,0,0,0,0,0,0,0,0,0,0,0,0,0,0,0,0,0,0,0,0,0,0,0,0,0,0,0,0,0,0,0,0,0,0,0,0,0,0,0,0,0,0,0,0,0,0,0,0,0,0,0,0,0,0,0,0,0,0,0,0,0,0,0,0,0,0,0,0,0,0,0,0,0,0,0,0,0,0,0,0,0,0,0,0,0,0,0,0,0,0,0,0,0,0,0,0,0,0,0,0,0,0,0,0,0,0,0,0,0,0,0,0,0,0,0,0,0,0,0,0,0,0,0,0,0,0,0,0,0,0,0,0,0,0,0,0,0,0,0,0,0,0,0,0,0,0,0,0,0,0,0,0,0,0,0,0,0,0,0,0,0,0,0,0,0,0,0,0,0,0,0,0,0,0,0,0,0,0,0,0,0,0,0,0,0,0,0,0,0,0,0,0,0,0,0,0,0,0,0,0,0,0,0,0,0,0,0,0,0,0,0,0,0,0,0,0,0,0,0,0,0,0,0,0,0,0,0,0,0,0,0,0,0,0,0,0,0,0,0,0,0,0,0,0,0,0,0,0,0,0,0,0,0,0,0,0,0,0,0,0,0,0,0,0,0,0,0,0,0,0,0,0,0,0,0,0,0,0,0,0,0,0,0,0,0,0,0,0,0,0,0,0,0,0,0,0,0,0,0,0,0,0,0,0,0,0,0,0,0,0,0,0,0,0,0,0,0,0
"kilimanjaro/moshi/urushimbwe",0,0,0,0,0,0,0,0,0,0,0,0,0,0,0,0,0,0,0,0,0,0,0,0,0,0,0,0,0,0,0,0,0,0,0,0,0,0,0,0,0,0,0,0,0,0,0,0,0,0,0,0,0,0,0,0,0,0,0,0,0,0,0,0,0,0,0,0,0,0,0,0,0,0,0,0,0,0,0,0,0,0,0,0,0,0,0,0,0,0,0,0,0,0,0,0,0,0,0,0,0,0,0,0,0,0,0,0,0,0,0,0,0,0,0,0,0,0,0,0,0,0,0,0,0,0,0,0,0,0,0,0,0,0,0,0,0,0,0,0,0,0,0,0,0,0,0,0,0,0,0,0,0,0,0,0,0,0,0,0,0,0,0,0,0,0,0,0,0,0,0,0,0,0,0,0,0,0,0,0,0,0,0,0,0,0,0,0,0,0,0,0,0,0,0,0,0,0,0,0,0,0,0,0,0,0,0,0,0,0,0,0,0,0,0,0,0,0,0,0,0,0,0,0,0,0,0,0,0,0,0,0,0,0,0,0,0,0,0,0,0,0,0,0,0,0,0,0,0,0,0,0,0,0,0,0,0,0,0,0,0,0,0,0,0,0,0,0,0,0,0,0,0,0,0,0,0,0,0,0,0,0,0,0,0,0,0,0,0,0,0,0,0,0,0,0,0,0,0,0,0,0,0,0,0,0,0,0,0,0,0,0,0,0,0,0,0,0,0,0,0,0,0,0,0,0,0,0,0,0,0,0,0,0,0,0,0,0,0,0,0,0,0,0,0,0,0,0,0,0,0,0,0,0,0,0,0,0,0,0,0,0,0,0,0,0,0,0,0,0,0,0,0,0,0,0,0,0,0,0,0,0,0,0,0,0,0,0,0,0,0,0,0,0,0,0,0,0
"arusha/meru/usariver",0.00109,1e-06,3e-06,4e-06,0,2e-04,0,0,0,2.2e-05,0,0,0.000306,0.00504,3e-06,0,0,0,0,0,0,8.4e-05,0,5e-06,0,1e-06,0,0,0,1e-06,0.001145,0,0,1e-06,1e-06,0,0.000258,3e-06,0,7e-06,0,0,8e-06,2e-06,1e-06,0,5e-06,0.044106,2e-04,0,0,0,0,0,2e-06,0,2.2e-05,0,2.2e-05,5.9e-05,2.3e-05,3.3e-05,0.000147,1e-06,0,0.002076,0.00012,0,6e-06,2e-05,0,0,1.8e-05,2e-06,0,2.3e-05,3e-06,0,0,0,0,0,0,0,0,0,0.004071,0,2e-06,5.6e-05,0,0,0.000681,0.001296,2e-06,6e-06,0.000195,1e-06,0.000504,0.000103,0,0,1.4e-05,0.000383,2.3e-05,0.000516,0,0.000176,0.00021,2.6e-05,0.000129,0.000254,1e-06,9e-06,4e-06,2e-06,0.001886,0,0.000751,7.5e-05,3.4e-05,0.001365,2e-06,6e-06,1e-06,6e-06,7e-06,0.026756,0.003711,4e-06,3e-06,7e-05,0.000167,3.7e-05,0,0.002076,6.1e-05,7.8e-05,0.000606,0.000306,0.000761,0,0.000402,2.6e-05,4e-06,8.3e-05,0,0.000253,0.000211,6.3e-05,2e-06,1e-06,3e-06,1e-06,3.1e-05,0.003453,6e-06,5e-06,2e-06,0.012753,2.1e-05,0.000188,2e-06,4e-06,0,0,3.4e-05,0.000346,0.003061,1e-05,2e-06,0.00015,0.037878,2.2e-05,4.2e-05,1.4e-05,0.000199,2e-06,0.000266,6e-06,0,1e-06,4.4e-05,3.7e-05,0.002074,0.064356,3e-06,6e-06,0.001126,0.000378,8.5e-05,1e-06,2e-06,0,1.4e-05,0,2e-06,0,0.000279,0,0.02542,4e-06,2.1e-05,2.4e-05,0.000212,0.000127,0.001313,8.2e-05,1.3e-05,3e-06,3e-06,0,0.000355,1e-06,0,7e-06,0,0.001491,2.1e-05,0.000121,0,7.3e-05,0,1.1e-05,0.002087,4.4e-05,0.002013,1.8e-05,0,0,0,0,0.000145,0.002091,1e-06,0,5e-06,0.000621,1.3e-05,2e-06,3e-04,0.005538,2e-06,0.001133,0,4e-06,1.5e-05,0.005334,0,5.4e-05,0.013843,0.00119,5e-06,0.006727,0.000129,1.3e-05,3e-06,1e-05,3e-06,1e-06,0,5.8e-05,0,0,3.2e-05,5e-06,0,0.001123,0,5e-06,0.001126,0.000298,2e-06,1e-06,0.001139,6e-06,1.4e-05,5.7e-05,0,3e-06,5.3e-05,0,0.002191,0,0,0,0,7e-06,0,1.1e-05,2e-06,5.9e-05,1e-06,0.023108,5.6e-05,0.000163,0.002607,6.2e-05,5.3e-05,6e-06,1e-06,0,4e-06,1.3e-05,0,6.5e-05,0.000834,0.000264,7.3e-05,6e-06,0.001451,3e-06,1e-06,3e-06,3.3e-05,0,1e-06,0.002913,0.000636,0.00141,0.000102,0.00191,0.00044,0.000378,0.015098,9e-06,1.3e-05,0.000161,1e-06,0.000579,0.001726,0.000262,0.002652,4.3e-05,3.2e-05,0,2.2e-05,3e-06,0.08264,1e-06,0,4e-06,0,0,9.4e-05,8e-06,4e-06,0.001068,8.3e-05,6e-06,0,0.000827,0.000653,0.019377,4.6e-05,0.000138,0.000262,8e-06,4e-06,7.1e-05,0,0,0,0,1e-06,0.017256,0.00197,0.005291,0,0.002576,2.6e-05,0,1e-06,1e-06,6e-06,0.00049,2.8e-05,3.2e-05,0.000597,0,0,0,0.001237,1e-06,0,0.000274,4e-06,0.000615,9.2e-05,3e-06,0,2e-06,1e-06,1e-06,0,0,0,0
"kilimanjaro/rombo/ushiriikuini",0,0,0,0,0,0,0,0,0,0,0,0,0,0,0,0,0,0,0,0,0,0,0,0,0,0,0,0,0,0,0,0,0,0,0,0,0,0,0,0,0,0,0,0,0,0,0,0,0,0,0,0,0,0,0,0,0,0,0,0,0,0,0,0,0,0,0,0,0,0,0,0,0,0,0,0,0,0,0,0,0,0,0,0,0,0,0,0,0,0,0,0,0,0,0,0,0,0,0,0,0,0,0,0,0,0,0,0,0,0,0,0,0,0,0,0,0,0,0,0,0,0,0,0,0,0,0,0,0,0,0,0,0,0,0,0,0,0,0,0,0,0,0,0,0,0,0,0,0,0,0,0,0,0,0,0,0,0,0,0,0,0,0,0,0,0,0,0,0,0,0,0,0,0,0,0,0,0,0,0,0,0,0,0,0,0,0,0,0,0,0,0,0,0,0,0,0,0,0,0,0,0,0,0,0,0,0,0,0,0,0,0,0,0,0,0,0,0,0,0,0,0,0,0,0,0,0,0,0,0,0,0,0,0,0,0,0,0,0,0,0,0,0,0,0,0,0,0,0,0,0,0,0,0,0,0,0,0,0,0,0,0,0,0,0,0,0,0,0,0,0,0,0,0,0,0,0,0,0,0,0,0,0,0,0,0,0,0,0,0,0,0,0,0,0,0,0,0,0,0,0,0,0,0,0,0,0,0,0,0,0,0,0,0,0,0,0,0,0,0,0,0,0,0,0,0,0,0,0,0,0,0,0,0,0,0,0,0,0,0,0,0,0,0,0,0,0,0,0,0,0,0,0,0,0,0,0,0,0,0,0,0,0,0,0,0,0,0,0,0,0,0,0,0,0,0,0,0,0,0,0,0,0,0,0,0,0,0,0,0,0,0,0,0,0,0,0,0
"kilimanjaro/same/vudee",0,0,0,0,0,0,0,0,0,0,0,0,0,0,0,0,0,0,0,0,0,0,0,0,0,0,0,0,0,0,0,0,0,0,0,0,0,0,0,0,0,0,0,0,0,0,0,0,0,0,0,0,0,0,0,0,0,0,0,0,0,0,0,0,0,0,0,0,0,0,0,0,0,0,0,0,0,0,0,0,0,0,0,0,0,0,0,0,0,0,0,0,0,0,0,0,0,0,0,0,0,0,0,0,0,0,0,0,0,0,0,0,0,0,0,0,0,0,0,0,0,0,0,0,0,0,0,0,0,0,0,0,0,0,0,0,0,0,0,0,0,0,0,0,0,0,0,0,0,0,0,0,0,0,0,0,0,0,0,0,0,0,0,0,0,0,0,0,0,0,0,0,0,0,0,0,0,0,0,0,0,0,0,0,0,0,0,0,0,0,0,0,0,0,0,0,0,0,0,0,0,0,0,0,0,0,0,0,0,0,0,0,0,0,0,0,0,0,0,0,0,0,0,0,0,0,0,0,0,0,0,0,0,0,0,0,0,0,0,0,0,0,0,0,0,0,0,0,0,0,0,0,0,0,0,0,0,0,0,0,0,0,0,0,0,0,0,0,0,0,0,0,0,0,0,0,0,0,0,0,0,0,0,0,0,0,0,0,0,0,0,0,0,0,0,0,0,0,0,0,0,0,0,0,0,0,0,0,0,0,0,0,0,0,0,0,0,0,0,0,0,0,0,0,0,0,0,0,0,0,0,0,0,0,0,0,0,0,0,0,0,0,0,0,0,0,0,0,0,0,0,0,0,0,0,0,0,0,0,0,0,0,0,0,0,0,0,0,0,0,0,0,0,0,0,0,0,0,0,0,0,0,0,0,0,0,0,0,0,0,0,0,0,0,0,0,0,0
"kilimanjaro/same/vuje",0,0,0,0,0,0,0,0,0,0,0,0,0,0,0,0,0,0,0,0,0,0,0,0,0,0,0,0,0,0,0,0,0,0,0,0,0,0,0,0,0,0,0,0,0,0,0,0,0,0,0,0,0,0,0,0,0,0,0,0,0,0,0,0,0,0,0,0,0,0,0,0,0,0,0,0,0,0,0,0,0,0,0,0,0,0,0,0,0,0,0,0,0,0,0,0,0,0,0,0,0,0,0,0,0,0,0,0,0,0,0,0,0,0,0,0,0,0,0,0,0,0,0,0,0,0,0,0,0,0,0,0,0,0,0,0,0,0,0,0,0,0,0,0,0,0,0,0,0,0,0,0,0,0,0,0,0,0,0,0,0,0,0,0,0,0,0,0,0,0,0,0,0,0,0,0,0,0,0,0,0,0,0,0,0,0,0,0,0,0,0,0,0,0,0,0,0,0,0,0,0,0,0,0,0,0,0,0,0,0,0,0,0,0,0,0,0,0,0,0,0,0,0,0,0,0,0,0,0,0,0,0,0,0,0,0,0,0,0,0,0,0,0,0,0,0,0,0,0,0,0,0,0,0,0,0,0,0,0,0,0,0,0,0,0,0,0,0,0,0,0,0,0,0,0,0,0,0,0,0,0,0,0,0,0,0,0,0,0,0,0,0,0,0,0,0,0,0,0,0,0,0,0,0,0,0,0,0,0,0,0,0,0,0,0,0,0,0,0,0,0,0,0,0,0,0,0,0,0,0,0,0,0,0,0,0,0,0,0,0,0,0,0,0,0,0,0,0,0,0,0,0,0,0,0,0,0,0,0,0,0,0,0,0,0,0,0,0,0,0,0,0,0,0,0,0,0,0,0,0,0,0,0,0,0,0,0,0,0,0,0,0,0,0,0,0,0,0
"kilimanjaro/same/vumari",0,0,0,0,0,0,0,0,0,0,0,0,0,0,0,0,0,0,0,0,0,0,0,0,0,0,0,0,0,0,0,0,0,0,0,0,0,0,0,0,0,0,0,0,0,0,0,0,0,0,0,0,0,0,0,0,0,0,0,0,0,0,0,0,0,0,0,0,0,0,0,0,0,0,0,0,0,0,0,0,0,0,0,0,0,0,0,0,0,0,0,0,0,0,0,0,0,0,0,0,0,0,0,0,0,0,0,0,0,0,0,0,0,0,0,0,0,0,0,0,0,0,0,0,0,0,0,0,0,0,0,0,0,0,0,0,0,0,0,0,0,0,0,0,0,0,0,0,0,0,0,0,0,0,0,0,0,0,0,0,0,0,0,0,0,0,0,0,0,0,0,0,0,0,0,0,0,0,0,0,0,0,0,0,0,0,0,0,0,0,0,0,0,0,0,0,0,0,0,0,0,0,0,0,0,0,0,0,0,0,0,0,0,0,0,0,0,0,0,0,0,0,0,0,0,0,0,0,0,0,0,0,0,0,0,0,0,0,0,0,0,0,0,0,0,0,0,0,0,0,0,0,0,0,0,0,0,0,0,0,0,0,0,0,0,0,0,0,0,0,0,0,0,0,0,0,0,0,0,0,0,0,0,0,0,0,0,0,0,0,0,0,0,0,0,0,0,0,0,0,0,0,0,0,0,0,0,0,0,0,0,0,0,0,0,0,0,0,0,0,0,0,0,0,0,0,0,0,0,0,0,0,0,0,0,0,0,0,0,0,0,0,0,0,0,0,0,0,0,0,0,0,0,0,0,0,0,0,0,0,0,0,0,0,0,0,0,0,0,0,0,0,0,0,0,0,0,0,0,0,0,0,0,0,0,0,0,0,0,0,0,0,0,0,0,0,0,0
"kilimanjaro/same/vunta",0,0,0,0,0,0,0,0,0,0,0,0,0,0,0,0,0,0,0,0,0,0,0,0,0,0,0,0,0,0,0,0,0,0,0,0,0,0,0,0,0,0,0,0,0,0,0,0,0,0,0,0,0,0,0,0,0,0,0,0,0,0,0,0,0,0,0,0,0,0,0,0,0,0,0,0,0,0,0,0,0,0,0,0,0,0,0,0,0,0,0,0,0,0,0,0,0,0,0,0,0,0,0,0,0,0,0,0,0,0,0,0,0,0,0,0,0,0,0,0,0,0,0,0,0,0,0,0,0,0,0,0,0,0,0,0,0,0,0,0,0,0,0,0,0,0,0,0,0,0,0,0,0,0,0,0,0,0,0,0,0,0,0,0,0,0,0,0,0,0,0,0,0,0,0,0,0,0,0,0,0,0,0,0,0,0,0,0,0,0,0,0,0,0,0,0,0,0,0,0,0,0,0,0,0,0,0,0,0,0,0,0,0,0,0,0,0,0,0,0,0,0,0,0,0,0,0,0,0,0,0,0,0,0,0,0,0,0,0,0,0,0,0,0,0,0,0,0,0,0,0,0,0,0,0,0,0,0,0,0,0,0,0,0,0,0,0,0,0,0,0,0,0,0,0,0,0,0,0,0,0,0,0,0,0,0,0,0,0,0,0,0,0,0,0,0,0,0,0,0,0,0,0,0,0,0,0,0,0,0,0,0,0,0,0,0,0,0,0,0,0,0,0,0,0,0,0,0,0,0,0,0,0,0,0,0,0,0,0,0,0,0,0,0,0,0,0,0,0,0,0,0,0,0,0,0,0,0,0,0,0,0,0,0,0,0,0,0,0,0,0,0,0,0,0,0,0,0,0,0,0,0,0,0,0,0,0,0,0,0,0,0,0,0,0,0,0,0
"manyara/mbulu/yaedaampa",0,0,0,0,0,0,0,0,0,0,0,0,0,0,0,0,0,0,0,0,0,0,0,0,0,0,0,0,0,0,0,0,0,0,0,0,0,0,0,0,0,0,0,0,0,0,0,0,0,0,0,0,0,0,0,0,0,0,0,0,0,0,0,0,0,0,0,0,0,0,0,0,0,0,0,0,0,0,0,0,0,0,0,0,0,0,0,0,0,0,0,0,0,0,0,0,0,0,0,0,0,0,0,0,0,0,0,0,0,0,0,0,0,0,0,0,0,0,0,0,0,0,0,0,0,0,0,0,0,0,0,0,0,0,0,0,0,0,0,0,0,0,0,0,0,0,0,0,0,0,0,0,0,0,0,0,0,0,0,0,0,0,0,0,0,0,0,0,0,0,0,0,0,0,0,0,0,0,0,0,0,0,0,0,0,0,0,0,0,0,0,0,0,0,0,0,0,0,0,0,0,0,0,0,0,0,0,0,0,0,0,0,0,0,0,0,0,0,0,0,0,0,0,0,0,0,0,0,0,0,0,0,0,0,0,0,0,0,0,0,0,0,0,0,0,0,0,0,0,0,0,0,0,0,0,0,0,0,0,0,0,0,0,0,0,0,0,0,0,0,0,0,0,0,0,0,0,0,0,0,0,0,0,0,0,0,0,0,0,0,0,0,0,0,0,0,0,0,0,0,0,0,0,0,0,0,0,0,0,0,0,0,0,0,0,0,0,0,0,0,0,0,0,0,0,0,0,0,0,0,0,0,0,0,0,0,0,0,0,0,0,0,0,0,0,0,0,0,0,0,0,0,0,0,0,0,0,0,0,0,0,0,0,0,0,0,0,0,0,0,0,0,0,0,0,0,0,0,0,0,0,0,0,0,0,0,0,0,0,0,0,0,0,0,0,0,0,0
"manyara/mbulu/yaedachini",0,0,0,0,0,0,0,0,0,0,0,0,0,0,0,0,0,0,0,0,0,0,0,0,0,0,0,0,0,0,0,0,0,0,0,0,0,0,0,0,0,0,0,0,0,0,0,0,0,0,0,0,0,0,0,0,0,0,0,0,0,0,0,0,0,0,0,0,0,0,0,0,0,0,0,0,0,0,0,0,0,0,0,0,0,0,0,0,0,0,0,0,0,0,0,0,0,0,0,0,0,0,0,0,0,0,0,0,0,0,0,0,0,0,0,0,0,0,0,0,0,0,0,0,0,0,0,0,0,0,0,0,0,0,0,0,0,0,0,0,0,0,0,0,0,0,0,0,0,0,0,0,0,0,0,0,0,0,0,0,0,0,0,0,0,0,0,0,0,0,0,0,0,0,0,0,0,0,0,0,0,0,0,0,0,0,0,0,0,0,0,0,0,0,0,0,0,0,0,0,0,0,0,0,0,0,0,0,0,0,0,0,0,0,0,0,0,0,0,0,0,0,0,0,0,0,0,0,0,0,0,0,0,0,0,0,0,0,0,0,0,0,0,0,0,0,0,0,0,0,0,0,0,0,0,0,0,0,0,0,0,0,0,0,0,0,0,0,0,0,0,0,0,0,0,0,0,0,0,0,0,0,0,0,0,0,0,0,0,0,0,0,0,0,0,0,0,0,0,0,0,0,0,0,0,0,0,0,0,0,0,0,0,0,0,0,0,0,0,0,0,0,0,0,0,0,0,0,0,0,0,0,0,0,0,0,0,0,0,0,0,0,0,0,0,0,0,0,0,0,0,0,0,0,0,0,0,0,0,0,0,0,0,0,0,0,0,0,0,0,0,0,0,0,0,0,0,0,0,0,0,0,0,0,0,0,0,0,0,0,0,0,0,0,0,0,0,0
