"","arusha/meru/akheri","arusha/ngorongoro/alailelai","kilimanjaro/rombo/aleni","arusha/ngorongoro/arash","manyara/babati/arri","kilimanjaro/moshi/arushachini","manyara/mbulu/ayamaami","manyara/mbulu/ayamohe","manyara/babati/ayasanda","manyara/babatiurban/babati","manyara/babatiurban/bagara","manyara/hanang/balagidalalu","arusha/arusha/bangata","arusha/arushaurban/baraa","arusha/karatu/baray","manyara/mbulu/bargish","manyara/mbulu/bashay","manyara/babati/bashneti","manyara/hanang/bassodesh","manyara/hanang/bassotu","kilimanjaro/same/bendera","kilimanjaro/siha/biriri","manyara/babati/boay","kilimanjaro/moshimunicipal/bomambuzi","kilimanjaro/same/bombo","kilimanjaro/moshimunicipal/bondeni","manyara/babatiurban/bonga","arusha/karatu/buger","manyara/kiteto/bwagamoyo","kilimanjaro/same/bwambo","arusha/arusha/bwawani","manyara/kiteto/chapakazi","kilimanjaro/same/chome","kilimanjaro/mwanga/chomvu","arusha/karatu/daa","manyara/babati/dabil","arusha/arushaurban/darajambili","manyara/babati/dareda","manyara/mbulu/daudi","arusha/ngorongoro/digodigo","manyara/mbulu/dinamu","manyara/hanang/dirma","manyara/kiteto/dongo","manyara/mbulu/dongobesh","manyara/kiteto/dosidosi","manyara/babati/duru","arusha/longido/elengatadapash","arusha/arushaurban/elerai","manyara/simanjiro/emboreet","arusha/karatu/endabash","manyara/mbulu/endagikot","arusha/karatu/endamaghang","arusha/karatu/endamarariek","manyara/mbulu/endamilay","manyara/hanang/endasak","manyara/hanang/endasiwold","manyara/simanjiro/endiantu","manyara/babati/endokise","manyara/simanjiro/endonyongijape","arusha/ngorongoro/endulen","arusha/longido/engarenaibor","arusha/monduli/engaruka","arusha/longido/engikaret","manyara/kiteto/engusero","arusha/ngorongoro/enguserosambu","arusha/arushaurban/engutoto","arusha/monduli/engutoto","manyara/mbulu/eshkesh","arusha/monduli/esilalei","manyara/babati/galapo","arusha/karatu/ganako","manyara/hanang/ganana","kilimanjaro/siha/gararagua","manyara/mbulu/gehandu","manyara/hanang/gehandu","arusha/longido/gelailumbwa","arusha/longido/gelaimeirugoi","manyara/hanang/gendabi","manyara/hanang/getanuwas","manyara/mbulu/geterer","manyara/hanang/gidahababieg","manyara/babati/gidas","manyara/mbulu/gidihim","manyara/hanang/gisambalang","manyara/hanang/giting","manyara/mbulu/gunyoda","kilimanjaro/hai/haimjini","manyara/mbulu/hayderer","manyara/mbulu/haydom","kilimanjaro/same/hedaru","manyara/hanang/hidet","manyara/hanang/hirbadaw","kilimanjaro/rombo/holili","arusha/arusha/ilkidinga","arusha/longido/ilorienito","manyara/mbulu/imboru","kilimanjaro/siha/ivaeny","kilimanjaro/mwanga/jipe","kilimanjaro/moshi/kahe","kilimanjaro/moshi/kahemashariki","manyara/mbulu/kainam","arusha/ngorongoro/kakesio","kilimanjaro/same/kalemawe","arusha/arushaurban/kaloleni","kilimanjaro/moshimunicipal/kaloleni","arusha/longido/kamwanga","arusha/karatu/kansay","kilimanjaro/moshimunicipal/karanga","kilimanjaro/siha/karansi","arusha/karatu/karatu","kilimanjaro/siha/kashisha","kilimanjaro/rombo/katangaramrere","manyara/hanang/katesh","arusha/arushaurban/kati","kilimanjaro/rombo/kelamfuamokala","kilimanjaro/rombo/kenimengeni","kilimanjaro/hai/kia","manyara/kiteto/kibaya","kilimanjaro/moshimunicipal/kiboriloni","kilimanjaro/moshi/kiboshokati","kilimanjaro/moshi/kiboshomagharibi","kilimanjaro/moshi/kiboshomashariki","kilimanjaro/mwanga/kifula","kilimanjaro/mwanga/kighare","kilimanjaro/mwanga/kigoningoni","kilimanjaro/same/kihurio","manyara/kiteto/kijungu","arusha/meru/kikatiti","arusha/meru/kikwe","kilimanjaro/moshi/kilemakaskazini","kilimanjaro/moshi/kilemakati","kilimanjaro/moshi/kilemakusini","kilimanjaro/mwanga/kileo","kilimanjaro/moshimunicipal/kilimanjaro","kilimanjaro/mwanga/kilomeni","arusha/arushaurban/kimandolu","arusha/arusha/kimnyaki","kilimanjaro/moshi/kimochi","arusha/longido/kimokouwa","kilimanjaro/moshi/kindi","arusha/meru/kingori","kilimanjaro/same/kirangare","arusha/arusha/kiranyi","kilimanjaro/moshi/kirima","kilimanjaro/rombo/kirongosamanga","kilimanjaro/mwanga/kirongwe","manyara/babati/kiru","kilimanjaro/moshi/kiruavunjokusini","kilimanjaro/moshi/kiruavunjomagharibi","kilimanjaro/moshi/kiruavunjomashariki","kilimanjaro/rombo/kirwakeni","kilimanjaro/mwanga/kirya","kilimanjaro/rombo/kisalemsaranga","kilimanjaro/same/kisima","kilimanjaro/same/kisiwani","arusha/arusha/kisongo","kilimanjaro/rombo/kitirimakingachi","arusha/longido/kitumbeine","manyara/simanjiro/kitwai","kilimanjaro/moshimunicipal/kiusa","kilimanjaro/mwanga/kivisini","manyara/simanjiro/komolo","kilimanjaro/moshimunicipal/korongoni","kilimanjaro/mwanga/kwakoa","manyara/hanang/laghanga","manyara/hanang/lalaji","kilimanjaro/mwanga/langata","arusha/meru/leguruki","arusha/arushaurban/lemara","kilimanjaro/mwanga/lembeni","manyara/kiteto/lengatei","arusha/monduli/lepurko","arusha/arushaurban/levolosi","manyara/simanjiro/liborsoit","kilimanjaro/siha/livishi","manyara/simanjiro/loiborsiret","arusha/monduli/lolkisale","arusha/longido/longido","kilimanjaro/moshimunicipal/longuob","manyara/kiteto/loolera","kilimanjaro/same/lugulu","arusha/ngorongoro/maalon","kilimanjaro/same/mabilioni","kilimanjaro/moshi/mabogini","kilimanjaro/hai/machamekaskazini","kilimanjaro/hai/machamekusini","kilimanjaro/hai/machamemagharibi","kilimanjaro/hai/machamemashariki","kilimanjaro/hai/machamenarumu","kilimanjaro/hai/machameuroki","kilimanjaro/hai/machameweruweru","manyara/babati/madunga","manyara/babati/magara","manyara/mbulu/maghang","manyara/babati/magugu","manyara/kiteto/magungu","kilimanjaro/rombo/mahida","manyara/babatiurban/maisaka","kilimanjaro/moshimunicipal/majengo","arusha/monduli/majengo","arusha/meru/majiyachai","manyara/kiteto/makame","kilimanjaro/same/makanya","arusha/meru/makiba","kilimanjaro/rombo/makiidi","kilimanjaro/siha/makiwaru","kilimanjaro/moshi/makuyuni","arusha/monduli/makuyuni","arusha/ngorongoro/malambo","kilimanjaro/moshi/mambakaskazini","kilimanjaro/moshi/mambakusini","manyara/babati/mamire","kilimanjaro/rombo/mamsera","kilimanjaro/rombo/manda","arusha/karatu/mangola","kilimanjaro/same/maore","manyara/mbulu/marang","kilimanjaro/rombo/marangukitowo","kilimanjaro/moshi/marangumagharibi","kilimanjaro/moshi/marangumashariki","manyara/mbulu/maretadu","arusha/meru/maroroni","manyara/hanang/masakta","kilimanjaro/hai/masamakati","kilimanjaro/hai/masamakusini","kilimanjaro/hai/masamamagharibi","kilimanjaro/hai/masamamashariki","kilimanjaro/hai/masamarundugai","manyara/mbulu/masieda","manyara/hanang/maskron","manyara/hanang/masqaroda","manyara/mbulu/masqaroda","arusha/longido/matale","arusha/arusha/mateves","manyara/kiteto/matui","kilimanjaro/moshimunicipal/mawenzi","kilimanjaro/moshi/mbokomu","arusha/meru/mbuguni","arusha/karatu/mbulumbulu","kilimanjaro/rombo/mengwe","manyara/simanjiro/mererani","arusha/monduli/meserani","kilimanjaro/moshimunicipal/mfumuni","kilimanjaro/mwanga/mgagao","kilimanjaro/same/mhezi","kilimanjaro/moshimunicipal/miembeni","kilimanjaro/moshimunicipal/mjimpya","arusha/arusha/mlangarini","manyara/hanang/mogitu","arusha/monduli/moita","arusha/arusha/moivo","arusha/monduli/mondulijuu","arusha/monduli/mondulimjini","arusha/arushaurban/moshono","kilimanjaro/rombo/motamburukitendeni","kilimanjaro/same/mpinji","kilimanjaro/rombo/mraokeryo","kilimanjaro/mwanga/msangeni","kilimanjaro/moshimunicipal/msaranga","kilimanjaro/same/mshewa","kilimanjaro/same/msindo","manyara/simanjiro/msituwatembo","arusha/monduli/mswakini","kilimanjaro/same/mtii","arusha/monduli/mtowambu","arusha/longido/mundarara","manyara/mbulu/murray","arusha/arusha/mussa","manyara/babatiurban/mutuka","manyara/babati/mwada","arusha/arusha/mwandeti","kilimanjaro/mwanga/mwanga","kilimanjaro/mwanga/mwaniko","kilimanjaro/same/mwembe","kilimanjaro/moshi/mwikakusini","kilimanjaro/moshi/mwikakaskazini","kilimanjaro/same/myamba","manyara/simanjiro/naberera","manyara/mbulu/nahasey","arusha/ngorongoro/nainokanoka","manyara/simanjiro/naisinyai","arusha/ngorongoro/naiyobi","arusha/longido/namanga","manyara/mbulu/nambisi","manyara/kiteto/namelock","manyara/babatiurban/nangara","manyara/hanang/nangwa","kilimanjaro/rombo/nanjarareha","manyara/babati/nar","kilimanjaro/siha/nasai","manyara/kiteto/ndedo","kilimanjaro/siha/ndumeti","kilimanjaro/same/ndungu","arusha/arusha/nduruma","kilimanjaro/moshimunicipal/ngambo","kilimanjaro/siha/ngarenairobi","arusha/meru/ngarenanyuki","arusha/arushaurban/ngarenaro","manyara/simanjiro/ngorika","arusha/ngorongoro/ngorongoro","kilimanjaro/rombo/ngoyoni","kilimanjaro/mwanga/ngujini","kilimanjaro/moshimunicipal/njoro","kilimanjaro/same/njoro","manyara/kiteto/njoro","manyara/babati/nkaiti","arusha/meru/nkoanrua","arusha/meru/nkoaranga","arusha/meru/nkoarisambu","kilimanjaro/moshi/okaoni","arusha/arushaurban/olasiti","arusha/ngorongoro/olbalbal","manyara/kiteto/olboroti","kilimanjaro/moshi/oldmoshimagharibi","kilimanjaro/moshi/oldmoshimashariki","arusha/karatu/oldean","arusha/ngorongoro/oldonyosambu","arusha/arusha/oldonyosambu","kilimanjaro/rombo/olele","arusha/arusha/oljoro","manyara/simanjiro/oljorono","arusha/arusha/olkokola","kilimanjaro/siha/olkolili","arusha/longido/olmolog","arusha/arusha/olmotonyi","arusha/ngorongoro/oloipiri","arusha/ngorongoro/oloirien","arusha/arushaurban/oloirieni","arusha/ngorongoro/ololosokwan","arusha/arusha/olorieni","arusha/arusha/oltoroto","arusha/arusha/oltrumet","arusha/longido/orbomba","arusha/ngorongoro/orgosorok","manyara/simanjiro/orkesmet","manyara/kiteto/partimbo","kilimanjaro/moshimunicipal/pasua","arusha/ngorongoro/pinyinyi","arusha/meru/poli","manyara/babati/qashi","arusha/karatu/qurus","kilimanjaro/moshimunicipal/rau","arusha/karatu/rhotia","manyara/babati/riroda","kilimanjaro/same/ruvu","manyara/simanjiro/ruvuremiti","arusha/ngorongoro/sale","arusha/arusha/sambasha","kilimanjaro/same/same","arusha/ngorongoro/samunge","manyara/mbulu/sanubaray","kilimanjaro/siha/sanyajuu","arusha/meru/seelasingisi","arusha/arushaurban/sekei","arusha/monduli/selela","arusha/monduli/sepeko","manyara/simanjiro/shambarai","kilimanjaro/mwanga/shighatini","kilimanjaro/rombo/shimbi","kilimanjaro/moshimunicipal/shirimatunda","manyara/babatiurban/sigino","manyara/hanang/simbay","manyara/babatiurban/singe","manyara/hanang/sirop","arusha/ngorongoro/soitsambu","arusha/arusha/sokonii","arusha/arushaurban/sokonii","arusha/arushaurban/sombetini","manyara/kiteto/songambele","arusha/meru/songoro","kilimanjaro/moshimunicipal/soweto","kilimanjaro/same/stesheni","kilimanjaro/same/suji","manyara/kiteto/sunya","kilimanjaro/rombo/tarakeamotamburu","arusha/arushaurban/terrat","manyara/simanjiro/terrat","arusha/arushaurban/themi","arusha/longido/tingatinga","manyara/mbulu/tlawi","kilimanjaro/mwanga/toloha","manyara/mbulu/tumati","kilimanjaro/rombo/ubetukahe","manyara/babati/ufana","manyara/mbulu/uhuru","arusha/arushaurban/ungaltd","kilimanjaro/moshi/urukaskazini","kilimanjaro/moshi/urukusini","kilimanjaro/moshi/urumashariki","kilimanjaro/moshi/urushimbwe","arusha/meru/usariver","kilimanjaro/rombo/ushiriikuini","kilimanjaro/same/vudee","kilimanjaro/same/vuje","kilimanjaro/same/vumari","kilimanjaro/same/vunta","manyara/mbulu/yaedaampa","manyara/mbulu/yaedachini"
"arusha/meru/akheri",0,0,0,0,0,0,0,0,0,0,0,0,0,0,0,0,0,0,0,0,0,0,0,0,0,0,0,0,0,0,0,0,0,0,0,0,0,0,0,0,0,0,0,0,0,0,0,0,0,0,0,0,0,0,0,0,0,0,0,0,0,0,0,0,0,0,0,0,0,0,0,0,0,0,0,0,0,0,0,0,0,0,0,0,0,0,0,0,0,0,0,0,0,0,0,0,0,0,0,0,0,0,0,0,0,0,0,0,0,0,0,0,0,0,0,0,0,0,0,0,0,0,0,0,0,0,0,0,0,0,0,0,0,0,0,0,0,0,0,0,0,0,0,0,0,0,0,0,0,0,0,0,0,0,0,0,0,0,0,0,0,0,0,0,0,0,0,0,0,0,0,0,0,0,0,0,0,0,0,0,0,0,0,0,0,0,0,0,0,0,0,0,0,0,0,0,0,0,0,0,0,0,0,0,0,0,0,0,0,0,0,0,0,0,0,0,0,0,0,0,0,0,0,0,0,0,0,0,0,0,0,0,0,0,0,0,0,0,0,0,0,0,0,0,0,0,0,0,0,0,0,0,0,0,0,0,0,0,0,0,0,0,0,0,0,0,0,0,0,0,0,0,0,0,0,0,0,0,0,0,0,0,0,0,0,0,0,0,0,0,0,0,0,0,0,0,0,0,0,0,0,0,0,0,0,0,0,0,0,0,0,0,0,0,0,0,0,0,0,0,0,0,0,0,0,0,0,0,0,0,0,0,0,0,0,0,0,0,0,0,0,0,0,0,0,0,0,0,0,0,0,0,0,0,0,0,0,0,0,0,0,0,0,0,0,0,0,0,0,0,0,0,0,0,0,0,0,0,0,0,0,0,0,0,0,0,0,0,0,0,0,0,0,0,0,0,0,0
"arusha/ngorongoro/alailelai",0,0,0,0,0,0,0,0,0,0,0,0,0,0,0,0,0,0,0,0,0,0,0,0,0,0,0,0,0,0,0,0,0,0,0,0,0,0,0,0,0,0,0,0,0,0,0,0,0,0,0,0,0,0,0,0,0,0,0,0,0,0,0,0,0,0,0,0,0,0,0,0,0,0,0,0,0,0,0,0,0,0,0,0,0,0,0,0,0,0,0,0,0,0,0,0,0,0,0,0,0,0,0,0,0,0,0,0,0,0,0,0,0,0,0,0,0,0,0,0,0,0,0,0,0,0,0,0,0,0,0,0,0,0,0,0,0,0,0,0,0,0,0,0,0,0,0,0,0,0,0,0,0,0,0,0,0,0,0,0,0,0,0,0,0,0,0,0,0,0,0,0,0,0,0,0,0,0,0,0,0,0,0,0,0,0,0,0,0,0,0,0,0,0,0,0,0,0,0,0,0,0,0,0,0,0,0,0,0,0,0,0,0,0,0,0,0,0,0,0,0,0,0,0,0,0,0,0,0,0,0,0,0,0,0,0,0,0,0,0,0,0,0,0,0,0,0,0,0,0,0,0,0,0,0,0,0,0,0,0,0,0,0,0,0,0,0,0,0,0,0,0,0,0,0,0,0,0,0,0,0,0,0,0,0,0,0,0,0,0,0,0,0,0,0,0,0,0,0,0,0,0,0,0,0,0,0,0,0,0,0,0,0,0,0,0,0,0,0,0,0,0,0,0,0,0,0,0,0,0,0,0,0,0,0,0,0,0,0,0,0,0,0,0,0,0,0,0,0,0,0,0,0,0,0,0,0,0,0,0,0,0,0,0,0,0,0,0,0,0,0,0,0,0,0,0,0,0,0,0,0,0,0,0,0,0,0,0,0,0,0,0,0,0,0,0,0,0
"kilimanjaro/rombo/aleni",0,0,0,0,0,0,0,0,0,0,0,0,0,0,0,0,0,0,0,0,0,0,0,0,0,0,0,0,0,0,0,0,0,0,0,0,0,0,0,0,0,0,0,0,0,0,0,0,0,0,0,0,0,0,0,0,0,0,0,0,0,0,0,0,0,0,0,0,0,0,0,0,0,0,0,0,0,0,0,0,0,0,0,0,0,0,0,0,0,0,0,0,0,0,0,0,0,0,0,0,0,0,0,0,0,0,0,0,0,0,0,0,0,0,0,0,0,0,0,0,0,0,0,0,0,0,0,0,0,0,0,0,0,0,0,0,0,0,0,0,0,0,0,0,0,0,0,0,0,0,0,0,0,0,0,0,0,0,0,0,0,0,0,0,0,0,0,0,0,0,0,0,0,0,0,0,0,0,0,0,0,0,0,0,0,0,0,0,0,0,0,0,0,0,0,0,0,0,0,0,0,0,0,0,0,0,0,0,0,0,0,0,0,0,0,0,0,0,0,0,0,0,0,0,0,0,0,0,0,0,0,0,0,0,0,0,0,0,0,0,0,0,0,0,0,0,0,0,0,0,0,0,0,0,0,0,0,0,0,0,0,0,0,0,0,0,0,0,0,0,0,0,0,0,0,0,0,0,0,0,0,0,0,0,0,0,0,0,0,0,0,0,0,0,0,0,0,0,0,0,0,0,0,0,0,0,0,0,0,0,0,0,0,0,0,0,0,0,0,0,0,0,0,0,0,0,0,0,0,0,0,0,0,0,0,0,0,0,0,0,0,0,0,0,0,0,0,0,0,0,0,0,0,0,0,0,0,0,0,0,0,0,0,0,0,0,0,0,0,0,0,0,0,0,0,0,0,0,0,0,0,0,0,0,0,0,0,0,0,0,0,0,0,0,0,0,0,0
"arusha/ngorongoro/arash",4e-06,2.1e-05,1e-06,0,0,1.7e-05,0,0,0,3.1e-05,1e-06,0,3e-06,4.6e-05,1.7e-05,0,0,1e-06,0,1e-06,0,4e-06,0,0,0,0,0,0,0,0,1.2e-05,0,0,0,7e-06,0,4e-06,9e-06,1e-06,0.000394,0,0,1.5e-05,9e-06,2e-06,0,6e-06,0.001112,6e-05,1e-06,0,2e-06,1e-06,0,6e-06,0,0,0,9e-06,0.002076,5.5e-05,0.000171,4.1e-05,1e-06,0,2.8e-05,1.9e-05,0,8e-06,2.3e-05,1e-06,0,1e-06,4e-06,1e-06,0.000201,2.5e-05,0,0,0,0,1e-06,0,0,0,0,0.00014,0,9e-06,4.9e-05,0,0,0.000135,2.7e-05,5e-06,1.8e-05,1e-05,0,5.6e-05,1.4e-05,0,2e-06,1e-05,7e-06,2e-06,0.000121,1e-06,1.3e-05,6e-06,0.00016,7e-06,4.6e-05,4e-06,0,1e-06,0,4.7e-05,0,7.2e-05,8e-06,4e-06,0.000142,0,1e-06,0,4e-06,1.1e-05,0.00024,1.4e-05,0,0,1.4e-05,2.7e-05,3e-06,0,2.5e-05,2e-06,9e-06,0.000447,2.2e-05,1e-05,0,9e-06,2e-06,1e-06,2e-05,0,3e-05,2.7e-05,9e-06,0,0,1e-06,0,1.8e-05,0.000286,2e-06,1.1e-05,1e-06,0.001041,4e-06,4.3e-05,0,1e-06,0,0,5e-06,6e-06,4.7e-05,2e-06,4e-06,0.000117,0.000766,7e-06,3e-06,9e-06,9.3e-05,1e-06,2.1e-05,6e-06,0,0.000493,2.7e-05,3e-06,0.00015,0.002535,0,1e-06,7.2e-05,2.2e-05,5e-06,2e-06,6e-06,0,2.2e-05,1e-06,0,0,2.4e-05,1e-06,8.2e-05,3e-06,1.5e-05,0,3.8e-05,3e-06,0.000218,7.6e-05,0.002367,1e-06,1e-06,0,7.5e-05,0,0,4e-06,0,0.000368,3e-06,1.9e-05,0,0,0,1e-06,8.4e-05,2e-06,0.000131,1e-06,2e-06,0,0,0,0.000814,9.2e-05,2e-06,0,1e-06,1.2e-05,6.4e-05,0,7e-06,0.000718,0,0.000421,0,0,1e-06,3.3e-05,0,3e-06,0.000256,0.000487,1e-06,6.2e-05,2.3e-05,8e-06,1e-06,2e-06,0,0,0,7e-06,0,0,0.000109,8e-06,0,1e-04,0,5e-06,9.3e-05,4.9e-05,0,0,0.000199,1e-06,9e-06,1.7e-05,0,2.4e-05,3e-06,4e-06,0.001742,1e-06,0,0,0,1e-06,0,0,1e-06,7e-06,1e-06,0.00016,5e-06,1.3e-05,0.000107,1e-06,9e-06,8.2e-05,0,0,0,4e-06,0,0.000105,6e-06,1e-06,0,1e-06,7.2e-05,0.000207,1e-06,0,4e-06,1e-06,2.7e-05,0.000247,0.00013,7.5e-05,7e-06,0.000115,1.1e-05,7.9e-05,0.000696,0.002187,0.002592,2e-06,8.9e-05,1.8e-05,2.7e-05,1.2e-05,0.001698,0.002704,1.9e-05,0,2e-06,8.5e-05,0.000172,1e-06,1e-06,0,1e-06,0,3.4e-05,6e-06,0.000497,3.5e-05,2.7e-05,0.00057,0,3.2e-05,2e-06,0.00031,8.7e-05,3.3e-05,2.2e-05,2e-06,1e-06,5e-06,0,0,0,0,8.9e-05,0.000207,5.4e-05,0.000125,1e-06,2.2e-05,2e-06,0,0,1e-06,1e-06,1.1e-05,6e-06,0,0.000186,0,0,0,0.00027,2e-06,0,5e-06,0,5.3e-05,1e-05,0,7.3e-05,0,0,1e-06,0,0,0,0
"manyara/babati/arri",0,0,0,0,0,0,0,0,0,0,0,0,0,0,0,0,0,0,0,0,0,0,0,0,0,0,0,0,0,0,0,0,0,0,0,0,0,0,0,0,0,0,0,0,0,0,0,0,0,0,0,0,0,0,0,0,0,0,0,0,0,0,0,0,0,0,0,0,0,0,0,0,0,0,0,0,0,0,0,0,0,0,0,0,0,0,0,0,0,0,0,0,0,0,0,0,0,0,0,0,0,0,0,0,0,0,0,0,0,0,0,0,0,0,0,0,0,0,0,0,0,0,0,0,0,0,0,0,0,0,0,0,0,0,0,0,0,0,0,0,0,0,0,0,0,0,0,0,0,0,0,0,0,0,0,0,0,0,0,0,0,0,0,0,0,0,0,0,0,0,0,0,0,0,0,0,0,0,0,0,0,0,0,0,0,0,0,0,0,0,0,0,0,0,0,0,0,0,0,0,0,0,0,0,0,0,0,0,0,0,0,0,0,0,0,0,0,0,0,0,0,0,0,0,0,0,0,0,0,0,0,0,0,0,0,0,0,0,0,0,0,0,0,0,0,0,0,0,0,0,0,0,0,0,0,0,0,0,0,0,0,0,0,0,0,0,0,0,0,0,0,0,0,0,0,0,0,0,0,0,0,0,0,0,0,0,0,0,0,0,0,0,0,0,0,0,0,0,0,0,0,0,0,0,0,0,0,0,0,0,0,0,0,0,0,0,0,0,0,0,0,0,0,0,0,0,0,0,0,0,0,0,0,0,0,0,0,0,0,0,0,0,0,0,0,0,0,0,0,0,0,0,0,0,0,0,0,0,0,0,0,0,0,0,0,0,0,0,0,0,0,0,0,0,0,0,0,0,0,0,0,0,0,0,0,0,0,0,0,0,0,0,0,0,0,0,0,0
"kilimanjaro/moshi/arushachini",0,0,0,0,0,0,0,0,0,0,0,0,0,0,0,0,0,0,0,0,0,0,0,0,0,0,0,0,0,0,0,0,0,0,0,0,0,0,0,0,0,0,0,0,0,0,0,0,0,0,0,0,0,0,0,0,0,0,0,0,0,0,0,0,0,0,0,0,0,0,0,0,0,0,0,0,0,0,0,0,0,0,0,0,0,0,0,0,0,0,0,0,0,0,0,0,0,0,0,0,0,0,0,0,0,0,0,0,0,0,0,0,0,0,0,0,0,0,0,0,0,0,0,0,0,0,0,0,0,0,0,0,0,0,0,0,0,0,0,0,0,0,0,0,0,0,0,0,0,0,0,0,0,0,0,0,0,0,0,0,0,0,0,0,0,0,0,0,0,0,0,0,0,0,0,0,0,0,0,0,0,0,0,0,0,0,0,0,0,0,0,0,0,0,0,0,0,0,0,0,0,0,0,0,0,0,0,0,0,0,0,0,0,0,0,0,0,0,0,0,0,0,0,0,0,0,0,0,0,0,0,0,0,0,0,0,0,0,0,0,0,0,0,0,0,0,0,0,0,0,0,0,0,0,0,0,0,0,0,0,0,0,0,0,0,0,0,0,0,0,0,0,0,0,0,0,0,0,0,0,0,0,0,0,0,0,0,0,0,0,0,0,0,0,0,0,0,0,0,0,0,0,0,0,0,0,0,0,0,0,0,0,0,0,0,0,0,0,0,0,0,0,0,0,0,0,0,0,0,0,0,0,0,0,0,0,0,0,0,0,0,0,0,0,0,0,0,0,0,0,0,0,0,0,0,0,0,0,0,0,0,0,0,0,0,0,0,0,0,0,0,0,0,0,0,0,0,0,0,0,0,0,0,0,0,0,0,0,0,0,0,0,0,0,0,0,0,0
"manyara/mbulu/ayamaami",0,0,0,0,0,0,0,0,0,0,0,0,0,0,0,0,0,0,0,0,0,0,0,0,0,0,0,0,0,0,0,0,0,0,0,0,0,0,0,0,0,0,0,0,0,0,0,0,0,0,0,0,0,0,0,0,0,0,0,0,0,0,0,0,0,0,0,0,0,0,0,0,0,0,0,0,0,0,0,0,0,0,0,0,0,0,0,0,0,0,0,0,0,0,0,0,0,0,0,0,0,0,0,0,0,0,0,0,0,0,0,0,0,0,0,0,0,0,0,0,0,0,0,0,0,0,0,0,0,0,0,0,0,0,0,0,0,0,0,0,0,0,0,0,0,0,0,0,0,0,0,0,0,0,0,0,0,0,0,0,0,0,0,0,0,0,0,0,0,0,0,0,0,0,0,0,0,0,0,0,0,0,0,0,0,0,0,0,0,0,0,0,0,0,0,0,0,0,0,0,0,0,0,0,0,0,0,0,0,0,0,0,0,0,0,0,0,0,0,0,0,0,0,0,0,0,0,0,0,0,0,0,0,0,0,0,0,0,0,0,0,0,0,0,0,0,0,0,0,0,0,0,0,0,0,0,0,0,0,0,0,0,0,0,0,0,0,0,0,0,0,0,0,0,0,0,0,0,0,0,0,0,0,0,0,0,0,0,0,0,0,0,0,0,0,0,0,0,0,0,0,0,0,0,0,0,0,0,0,0,0,0,0,0,0,0,0,0,0,0,0,0,0,0,0,0,0,0,0,0,0,0,0,0,0,0,0,0,0,0,0,0,0,0,0,0,0,0,0,0,0,0,0,0,0,0,0,0,0,0,0,0,0,0,0,0,0,0,0,0,0,0,0,0,0,0,0,0,0,0,0,0,0,0,0,0,0,0,0,0,0,0,0,0,0,0,0,0
"manyara/mbulu/ayamohe",0,0,0,0,0,0,0,0,0,0,0,0,0,0,0,0,0,0,0,0,0,0,0,0,0,0,0,0,0,0,0,0,0,0,0,0,0,0,0,0,0,0,0,0,0,0,0,0,0,0,0,0,0,0,0,0,0,0,0,0,0,0,0,0,0,0,0,0,0,0,0,0,0,0,0,0,0,0,0,0,0,0,0,0,0,0,0,0,0,0,0,0,0,0,0,0,0,0,0,0,0,0,0,0,0,0,0,0,0,0,0,0,0,0,0,0,0,0,0,0,0,0,0,0,0,0,0,0,0,0,0,0,0,0,0,0,0,0,0,0,0,0,0,0,0,0,0,0,0,0,0,0,0,0,0,0,0,0,0,0,0,0,0,0,0,0,0,0,0,0,0,0,0,0,0,0,0,0,0,0,0,0,0,0,0,0,0,0,0,0,0,0,0,0,0,0,0,0,0,0,0,0,0,0,0,0,0,0,0,0,0,0,0,0,0,0,0,0,0,0,0,0,0,0,0,0,0,0,0,0,0,0,0,0,0,0,0,0,0,0,0,0,0,0,0,0,0,0,0,0,0,0,0,0,0,0,0,0,0,0,0,0,0,0,0,0,0,0,0,0,0,0,0,0,0,0,0,0,0,0,0,0,0,0,0,0,0,0,0,0,0,0,0,0,0,0,0,0,0,0,0,0,0,0,0,0,0,0,0,0,0,0,0,0,0,0,0,0,0,0,0,0,0,0,0,0,0,0,0,0,0,0,0,0,0,0,0,0,0,0,0,0,0,0,0,0,0,0,0,0,0,0,0,0,0,0,0,0,0,0,0,0,0,0,0,0,0,0,0,0,0,0,0,0,0,0,0,0,0,0,0,0,0,0,0,0,0,0,0,0,0,0,0,0,0,0,0,0
"manyara/babati/ayasanda",0,0,0,0,0,0,0,0,0,0,0,0,0,0,0,0,0,0,0,0,0,0,0,0,0,0,0,0,0,0,0,0,0,0,0,0,0,0,0,0,0,0,0,0,0,0,0,0,0,0,0,0,0,0,0,0,0,0,0,0,0,0,0,0,0,0,0,0,0,0,0,0,0,0,0,0,0,0,0,0,0,0,0,0,0,0,0,0,0,0,0,0,0,0,0,0,0,0,0,0,0,0,0,0,0,0,0,0,0,0,0,0,0,0,0,0,0,0,0,0,0,0,0,0,0,0,0,0,0,0,0,0,0,0,0,0,0,0,0,0,0,0,0,0,0,0,0,0,0,0,0,0,0,0,0,0,0,0,0,0,0,0,0,0,0,0,0,0,0,0,0,0,0,0,0,0,0,0,0,0,0,0,0,0,0,0,0,0,0,0,0,0,0,0,0,0,0,0,0,0,0,0,0,0,0,0,0,0,0,0,0,0,0,0,0,0,0,0,0,0,0,0,0,0,0,0,0,0,0,0,0,0,0,0,0,0,0,0,0,0,0,0,0,0,0,0,0,0,0,0,0,0,0,0,0,0,0,0,0,0,0,0,0,0,0,0,0,0,0,0,0,0,0,0,0,0,0,0,0,0,0,0,0,0,0,0,0,0,0,0,0,0,0,0,0,0,0,0,0,0,0,0,0,0,0,0,0,0,0,0,0,0,0,0,0,0,0,0,0,0,0,0,0,0,0,0,0,0,0,0,0,0,0,0,0,0,0,0,0,0,0,0,0,0,0,0,0,0,0,0,0,0,0,0,0,0,0,0,0,0,0,0,0,0,0,0,0,0,0,0,0,0,0,0,0,0,0,0,0,0,0,0,0,0,0,0,0,0,0,0,0,0,0,0,0,0,0,0
"manyara/babatiurban/babati",9.4e-05,3.1e-05,8e-06,0.000126,0.000345,0.000379,3.2e-05,3.8e-05,0.000357,0,0.006077,2.8e-05,6.9e-05,0.001094,0.000747,8.6e-05,5.1e-05,0.000469,2.9e-05,9.6e-05,8e-06,4.4e-05,0.00024,7e-06,6e-06,2e-06,0.001151,4.2e-05,3e-06,1e-05,0.00063,2.2e-05,4e-06,5e-06,8.5e-05,0.000179,0.000109,0.007673,0.000126,0.000162,5.5e-05,2.7e-05,0.00044,0.002047,9.4e-05,0.000347,4.1e-05,0.026047,0.009486,4e-05,5.6e-05,2.6e-05,3.5e-05,4.4e-05,0.003999,6.2e-05,1.4e-05,0.000258,0.000378,0.004836,0.000151,0.000519,0.000372,5.6e-05,0,0.000763,0.000387,1.9e-05,0.00035,0.014716,1.7e-05,9e-06,1.4e-05,0.000953,8.8e-05,0.000266,4.6e-05,2.9e-05,1.5e-05,2.3e-05,4.7e-05,0.000638,5.6e-05,3.9e-05,0.000179,2.8e-05,0.002811,3.5e-05,0.000614,0.000934,4.1e-05,1.6e-05,0.002356,0.000508,2.1e-05,0.003776,0.000161,3e-06,0.001185,0.000285,8.2e-05,1.5e-05,0.000235,0.000166,3.7e-05,0.001368,3.8e-05,0.00024,0.000101,0.002201,0.000113,0.000685,0.000957,4e-06,1e-05,8e-06,0.001045,1.4e-05,0.001314,0.000119,4.5e-05,0.00226,8e-06,3e-05,3e-06,9.7e-05,0.00036,0.003659,0.000386,8e-06,7e-06,0.000185,0.000539,5.4e-05,2e-06,6e-04,3.3e-05,0.000155,0.002624,0.000387,0.000199,6e-06,0.000213,3.6e-05,1.4e-05,0.000425,0.000521,0.00057,0.000464,0.000154,7e-06,7e-06,1.1e-05,9e-06,0.000376,0.007289,2.1e-05,3.5e-05,6.4e-05,0.019231,7.9e-05,0.002478,3e-06,2.1e-05,1.7e-05,2.3e-05,0.000113,1e-04,0.001243,4.7e-05,0.00012,0.002151,0.018015,0.000237,4e-05,0.00112,0.008,7e-06,0.000386,0.000273,3e-06,3.2e-05,0.000766,6.6e-05,0.002432,0.07199,5e-06,9e-06,0.001253,0.000378,0.000106,0.001617,0.00068,4.1e-05,0.018961,2.8e-05,8e-06,0.001553,0.00045,1.2e-05,0.001742,0.000393,0.000298,8e-06,0.000607,5.5e-05,0.003998,0.002498,0.000423,1e-05,9e-06,0.000325,0.001259,4e-06,1.3e-05,9.7e-05,2.7e-05,0.00542,5.1e-05,0.000321,4.8e-05,8e-06,0.00015,1e-05,0.001552,3.4e-05,0.002095,1.9e-05,0.000156,5.5e-05,8.3e-05,4.5e-05,0.001605,0.002734,0.000109,1e-06,1e-05,0.000253,0.00044,7e-06,0.000198,0.055898,4e-06,0.007094,5e-06,7e-06,2.5e-05,0.00088,5.9e-05,0.000139,0.005819,0.004399,1.8e-05,0.001607,0.000303,0.000198,9e-06,4.1e-05,6e-06,6e-06,5e-06,0.000127,2.7e-05,6e-06,0.001951,3.1e-05,0.000183,0.002193,0.001509,0.002558,0.0017,0.001098,7e-06,6e-06,0.00344,1.8e-05,0.000227,0.00071,0.000123,0.000116,7.7e-05,9e-06,0.010108,0.000325,1.2e-05,0.003665,3.2e-05,2e-05,0.000168,8e-06,0.000103,8.7e-05,1.7e-05,0.00462,9.9e-05,0.000174,0.00119,3.1e-05,0.000258,0.000503,3e-06,2e-06,7e-06,9.6e-05,2.5e-05,0.01439,0.000129,1.6e-05,1e-05,8e-06,0.001332,0.000174,8.3e-05,6e-06,6.4e-05,1.5e-05,1.1e-05,0.00244,0.001921,0.00204,0.000368,0.001981,0.000217,0.000826,0.010072,0.000271,0.000338,4.8e-05,4e-05,0.000408,0.000594,0.000255,0.008422,0.001052,0.000631,1.7e-05,3.4e-05,5.3e-05,0.003855,0.000497,1.9e-05,6e-06,1.8e-05,0.000619,0.001011,0.000174,0.000107,0.000626,0.000708,0.000141,3.8e-05,0.000509,4.9e-05,0.007286,0.000872,0.000966,0.00063,3.6e-05,1.3e-05,9.9e-05,0.001042,4.9e-05,0.002135,3.7e-05,2.7e-05,0.004602,0.001006,0.003138,2.6e-05,0.000424,3.8e-05,2e-06,8e-06,3.2e-05,1.6e-05,0.000353,0.000363,1.1e-05,0.001234,5e-05,3e-06,0.000105,0.00384,0.000659,3e-05,0.000132,8e-06,0.000934,0.000168,6e-06,0.001719,6e-06,6e-06,1.3e-05,2e-06,3e-06,8.4e-05,2.6e-05
"manyara/babatiurban/bagara",0,0,0,0,0,0,0,0,0,0,0,0,0,0,0,0,0,0,0,0,0,0,0,0,0,0,0,0,0,0,0,0,0,0,0,0,0,0,0,0,0,0,0,0,0,0,0,0,0,0,0,0,0,0,0,0,0,0,0,0,0,0,0,0,0,0,0,0,0,0,0,0,0,0,0,0,0,0,0,0,0,0,0,0,0,0,0,0,0,0,0,0,0,0,0,0,0,0,0,0,0,0,0,0,0,0,0,0,0,0,0,0,0,0,0,0,0,0,0,0,0,0,0,0,0,0,0,0,0,0,0,0,0,0,0,0,0,0,0,0,0,0,0,0,0,0,0,0,0,0,0,0,0,0,0,0,0,0,0,0,0,0,0,0,0,0,0,0,0,0,0,0,0,0,0,0,0,0,0,0,0,0,0,0,0,0,0,0,0,0,0,0,0,0,0,0,0,0,0,0,0,0,0,0,0,0,0,0,0,0,0,0,0,0,0,0,0,0,0,0,0,0,0,0,0,0,0,0,0,0,0,0,0,0,0,0,0,0,0,0,0,0,0,0,0,0,0,0,0,0,0,0,0,0,0,0,0,0,0,0,0,0,0,0,0,0,0,0,0,0,0,0,0,0,0,0,0,0,0,0,0,0,0,0,0,0,0,0,0,0,0,0,0,0,0,0,0,0,0,0,0,0,0,0,0,0,0,0,0,0,0,0,0,0,0,0,0,0,0,0,0,0,0,0,0,0,0,0,0,0,0,0,0,0,0,0,0,0,0,0,0,0,0,0,0,0,0,0,0,0,0,0,0,0,0,0,0,0,0,0,0,0,0,0,0,0,0,0,0,0,0,0,0,0,0,0,0,0,0,0,0,0,0,0,0,0,0,0,0,0,0,0,0,0,0,0,0,0
"manyara/hanang/balagidalalu",0,0,0,0,0,0,0,0,0,0,0,0,0,0,0,0,0,0,0,0,0,0,0,0,0,0,0,0,0,0,0,0,0,0,0,0,0,0,0,0,0,0,0,0,0,0,0,0,0,0,0,0,0,0,0,0,0,0,0,0,0,0,0,0,0,0,0,0,0,0,0,0,0,0,0,0,0,0,0,0,0,0,0,0,0,0,0,0,0,0,0,0,0,0,0,0,0,0,0,0,0,0,0,0,0,0,0,0,0,0,0,0,0,0,0,0,0,0,0,0,0,0,0,0,0,0,0,0,0,0,0,0,0,0,0,0,0,0,0,0,0,0,0,0,0,0,0,0,0,0,0,0,0,0,0,0,0,0,0,0,0,0,0,0,0,0,0,0,0,0,0,0,0,0,0,0,0,0,0,0,0,0,0,0,0,0,0,0,0,0,0,0,0,0,0,0,0,0,0,0,0,0,0,0,0,0,0,0,0,0,0,0,0,0,0,0,0,0,0,0,0,0,0,0,0,0,0,0,0,0,0,0,0,0,0,0,0,0,0,0,0,0,0,0,0,0,0,0,0,0,0,0,0,0,0,0,0,0,0,0,0,0,0,0,0,0,0,0,0,0,0,0,0,0,0,0,0,0,0,0,0,0,0,0,0,0,0,0,0,0,0,0,0,0,0,0,0,0,0,0,0,0,0,0,0,0,0,0,0,0,0,0,0,0,0,0,0,0,0,0,0,0,0,0,0,0,0,0,0,0,0,0,0,0,0,0,0,0,0,0,0,0,0,0,0,0,0,0,0,0,0,0,0,0,0,0,0,0,0,0,0,0,0,0,0,0,0,0,0,0,0,0,0,0,0,0,0,0,0,0,0,0,0,0,0,0,0,0,0,0,0,0,0,0,0,0,0,0
"arusha/arusha/bangata",0,0,0,0,0,0,0,0,0,0,0,0,0,0,0,0,0,0,0,0,0,0,0,0,0,0,0,0,0,0,0,0,0,0,0,0,0,0,0,0,0,0,0,0,0,0,0,0,0,0,0,0,0,0,0,0,0,0,0,0,0,0,0,0,0,0,0,0,0,0,0,0,0,0,0,0,0,0,0,0,0,0,0,0,0,0,0,0,0,0,0,0,0,0,0,0,0,0,0,0,0,0,0,0,0,0,0,0,0,0,0,0,0,0,0,0,0,0,0,0,0,0,0,0,0,0,0,0,0,0,0,0,0,0,0,0,0,0,0,0,0,0,0,0,0,0,0,0,0,0,0,0,0,0,0,0,0,0,0,0,0,0,0,0,0,0,0,0,0,0,0,0,0,0,0,0,0,0,0,0,0,0,0,0,0,0,0,0,0,0,0,0,0,0,0,0,0,0,0,0,0,0,0,0,0,0,0,0,0,0,0,0,0,0,0,0,0,0,0,0,0,0,0,0,0,0,0,0,0,0,0,0,0,0,0,0,0,0,0,0,0,0,0,0,0,0,0,0,0,0,0,0,0,0,0,0,0,0,0,0,0,0,0,0,0,0,0,0,0,0,0,0,0,0,0,0,0,0,0,0,0,0,0,0,0,0,0,0,0,0,0,0,0,0,0,0,0,0,0,0,0,0,0,0,0,0,0,0,0,0,0,0,0,0,0,0,0,0,0,0,0,0,0,0,0,0,0,0,0,0,0,0,0,0,0,0,0,0,0,0,0,0,0,0,0,0,0,0,0,0,0,0,0,0,0,0,0,0,0,0,0,0,0,0,0,0,0,0,0,0,0,0,0,0,0,0,0,0,0,0,0,0,0,0,0,0,0,0,0,0,0,0,0,0,0,0,0,0
"arusha/arushaurban/baraa",0,0,0,0,0,0,0,0,0,0,0,0,0,0,0,0,0,0,0,0,0,0,0,0,0,0,0,0,0,0,0,0,0,0,0,0,0,0,0,0,0,0,0,0,0,0,0,0,0,0,0,0,0,0,0,0,0,0,0,0,0,0,0,0,0,0,0,0,0,0,0,0,0,0,0,0,0,0,0,0,0,0,0,0,0,0,0,0,0,0,0,0,0,0,0,0,0,0,0,0,0,0,0,0,0,0,0,0,0,0,0,0,0,0,0,0,0,0,0,0,0,0,0,0,0,0,0,0,0,0,0,0,0,0,0,0,0,0,0,0,0,0,0,0,0,0,0,0,0,0,0,0,0,0,0,0,0,0,0,0,0,0,0,0,0,0,0,0,0,0,0,0,0,0,0,0,0,0,0,0,0,0,0,0,0,0,0,0,0,0,0,0,0,0,0,0,0,0,0,0,0,0,0,0,0,0,0,0,0,0,0,0,0,0,0,0,0,0,0,0,0,0,0,0,0,0,0,0,0,0,0,0,0,0,0,0,0,0,0,0,0,0,0,0,0,0,0,0,0,0,0,0,0,0,0,0,0,0,0,0,0,0,0,0,0,0,0,0,0,0,0,0,0,0,0,0,0,0,0,0,0,0,0,0,0,0,0,0,0,0,0,0,0,0,0,0,0,0,0,0,0,0,0,0,0,0,0,0,0,0,0,0,0,0,0,0,0,0,0,0,0,0,0,0,0,0,0,0,0,0,0,0,0,0,0,0,0,0,0,0,0,0,0,0,0,0,0,0,0,0,0,0,0,0,0,0,0,0,0,0,0,0,0,0,0,0,0,0,0,0,0,0,0,0,0,0,0,0,0,0,0,0,0,0,0,0,0,0,0,0,0,0,0,0,0,0,0,0
"arusha/karatu/baray",1.6e-05,2.1e-05,2e-06,9.2e-05,9e-06,7.2e-05,8e-06,9e-06,4e-06,0.000968,1.8e-05,4e-06,1.3e-05,0.000191,0,3.3e-05,6e-05,5.1e-05,1.3e-05,3.6e-05,2e-06,9e-06,3e-06,1e-06,1e-06,0,6e-06,1.4e-05,0,2e-06,9.2e-05,3e-06,1e-06,1e-06,0.000102,1.5e-05,1.9e-05,0.000328,6.2e-05,8.1e-05,4.4e-05,2e-06,7.8e-05,0.000651,1.3e-05,5e-06,1.2e-05,0.004622,0.000585,3.1e-05,1.7e-05,5.3e-05,1.6e-05,6.6e-05,0.000164,3e-06,2e-06,4e-06,5.3e-05,0.010342,5e-05,0.000203,9.7e-05,8e-06,0,0.000124,7.5e-05,7.9e-05,8.2e-05,0.000273,1.2e-05,1e-06,3e-06,0.000202,1.9e-05,0.000106,2e-05,4e-06,8e-06,1.9e-05,2e-06,1.3e-05,2e-05,3e-06,1.6e-05,1.9e-05,0.000551,1.7e-05,0.000703,0.000181,2e-06,1.2e-05,0.000523,9.9e-05,7e-06,0.001444,3.5e-05,1e-06,0.000235,5.9e-05,1.3e-05,7.9e-05,5e-05,2.9e-05,8e-06,0.000351,2.8e-05,5e-05,2.2e-05,0.001219,2.5e-05,0.00016,1e-04,1e-06,2e-06,2e-06,0.000194,2e-06,0.000277,2.6e-05,1e-05,0.000504,2e-06,6e-06,1e-06,2e-05,5.7e-05,0.000677,6.4e-05,2e-06,2e-06,4e-05,0.000111,1.1e-05,0,0.000105,6e-06,3.3e-05,0.000792,8.1e-05,3.8e-05,1e-06,3.8e-05,8e-06,3e-06,8.6e-05,1.2e-05,0.00012,0.000101,3.3e-05,2e-06,1e-06,3e-06,2e-06,8.1e-05,0.00126,5e-06,1.1e-05,9e-06,0.004026,1.7e-05,0.000218,1e-06,4e-06,5e-06,3e-06,2.1e-05,2e-05,0.000206,9e-06,2e-05,0.00043,0.003179,3.7e-05,9e-06,6.3e-05,0.000629,2e-06,8.1e-05,4.3e-05,1e-06,2e-05,0.000144,1.3e-05,0.000531,0.015201,1e-06,2e-06,0.000265,8e-05,2.1e-05,0.000126,0.000128,3.9e-05,0.000361,4e-06,2e-06,7e-06,9.4e-05,5e-06,0.000323,2.8e-05,5.6e-05,1e-06,0.000139,1.1e-05,0.000863,0.000409,0.000317,2e-06,2e-06,6e-06,0.000285,1e-06,6.2e-05,2.1e-05,1.3e-05,0.001299,1.1e-05,7.1e-05,2.8e-05,1e-06,5e-06,2e-06,0.000316,7e-06,0.000458,4e-06,0.000288,3e-06,3e-06,4.8e-05,0.000621,0.000432,1.4e-05,0,2e-06,3.9e-05,0.000183,1e-06,3.2e-05,0.007313,1e-06,0.001381,1e-06,1e-06,5e-06,0.000144,8e-06,1.9e-05,0.00104,0.001037,3e-06,0.00027,7.4e-05,4e-05,2e-06,8e-06,1e-06,1e-06,1e-06,2.3e-05,3e-06,1e-06,0.00065,1e-05,1.8e-05,0.000406,3e-06,0.000106,0.000338,0.000216,1e-06,1e-06,0.000762,4e-06,4.6e-05,7.9e-05,1.4e-05,6.5e-05,1.3e-05,5e-06,0.003091,5e-05,2e-06,6e-06,2e-06,5e-06,2.7e-05,2e-06,1.1e-05,2.1e-05,4e-06,0.000733,2.1e-05,4e-05,0.000252,5e-06,4.3e-05,0.000587,1e-06,0,1e-06,1.8e-05,3e-06,0.001316,2.3e-05,3e-06,2e-06,2e-06,0.000224,0.000188,8e-06,1e-06,1.4e-05,1.4e-05,5e-06,0.000539,0.000455,0.000279,4.2e-05,0.000403,4.3e-05,0.000213,0.001893,0.00016,0.00019,8e-06,2.2e-05,7.4e-05,0.000108,4.8e-05,0.002392,0.000538,8.2e-05,2e-06,7e-06,2.6e-05,0.000694,1e-05,1.3e-05,1e-06,8e-06,7e-06,0.000176,3.2e-05,5.9e-05,0.000125,0.000134,7.6e-05,9e-06,0.000109,9e-06,0.001281,0.000246,0.000166,8.4e-05,7e-06,3e-06,2e-05,7e-06,2e-06,5e-06,2e-06,1.5e-05,0.00083,0.000167,0.000535,4e-06,8.2e-05,8e-06,0,1e-06,5e-06,4e-06,5.4e-05,3.2e-05,2e-06,0.000323,1.8e-05,1e-06,1.8e-05,0.000924,0.000143,9e-06,2.3e-05,2e-06,0.000199,3.7e-05,1e-06,0.000303,1e-06,1e-06,3e-06,0,1e-06,2.6e-05,0.000148
"manyara/mbulu/bargish",0,0,0,0,0,0,0,0,0,0,0,0,0,0,0,0,0,0,0,0,0,0,0,0,0,0,0,0,0,0,0,0,0,0,0,0,0,0,0,0,0,0,0,0,0,0,0,0,0,0,0,0,0,0,0,0,0,0,0,0,0,0,0,0,0,0,0,0,0,0,0,0,0,0,0,0,0,0,0,0,0,0,0,0,0,0,0,0,0,0,0,0,0,0,0,0,0,0,0,0,0,0,0,0,0,0,0,0,0,0,0,0,0,0,0,0,0,0,0,0,0,0,0,0,0,0,0,0,0,0,0,0,0,0,0,0,0,0,0,0,0,0,0,0,0,0,0,0,0,0,0,0,0,0,0,0,0,0,0,0,0,0,0,0,0,0,0,0,0,0,0,0,0,0,0,0,0,0,0,0,0,0,0,0,0,0,0,0,0,0,0,0,0,0,0,0,0,0,0,0,0,0,0,0,0,0,0,0,0,0,0,0,0,0,0,0,0,0,0,0,0,0,0,0,0,0,0,0,0,0,0,0,0,0,0,0,0,0,0,0,0,0,0,0,0,0,0,0,0,0,0,0,0,0,0,0,0,0,0,0,0,0,0,0,0,0,0,0,0,0,0,0,0,0,0,0,0,0,0,0,0,0,0,0,0,0,0,0,0,0,0,0,0,0,0,0,0,0,0,0,0,0,0,0,0,0,0,0,0,0,0,0,0,0,0,0,0,0,0,0,0,0,0,0,0,0,0,0,0,0,0,0,0,0,0,0,0,0,0,0,0,0,0,0,0,0,0,0,0,0,0,0,0,0,0,0,0,0,0,0,0,0,0,0,0,0,0,0,0,0,0,0,0,0,0,0,0,0,0,0,0,0,0,0,0,0,0,0,0,0,0,0,0,0,0,0,0,0
"manyara/mbulu/bashay",0,0,0,0,0,0,0,0,0,0,0,0,0,0,0,0,0,0,0,0,0,0,0,0,0,0,0,0,0,0,0,0,0,0,0,0,0,0,0,0,0,0,0,0,0,0,0,0,0,0,0,0,0,0,0,0,0,0,0,0,0,0,0,0,0,0,0,0,0,0,0,0,0,0,0,0,0,0,0,0,0,0,0,0,0,0,0,0,0,0,0,0,0,0,0,0,0,0,0,0,0,0,0,0,0,0,0,0,0,0,0,0,0,0,0,0,0,0,0,0,0,0,0,0,0,0,0,0,0,0,0,0,0,0,0,0,0,0,0,0,0,0,0,0,0,0,0,0,0,0,0,0,0,0,0,0,0,0,0,0,0,0,0,0,0,0,0,0,0,0,0,0,0,0,0,0,0,0,0,0,0,0,0,0,0,0,0,0,0,0,0,0,0,0,0,0,0,0,0,0,0,0,0,0,0,0,0,0,0,0,0,0,0,0,0,0,0,0,0,0,0,0,0,0,0,0,0,0,0,0,0,0,0,0,0,0,0,0,0,0,0,0,0,0,0,0,0,0,0,0,0,0,0,0,0,0,0,0,0,0,0,0,0,0,0,0,0,0,0,0,0,0,0,0,0,0,0,0,0,0,0,0,0,0,0,0,0,0,0,0,0,0,0,0,0,0,0,0,0,0,0,0,0,0,0,0,0,0,0,0,0,0,0,0,0,0,0,0,0,0,0,0,0,0,0,0,0,0,0,0,0,0,0,0,0,0,0,0,0,0,0,0,0,0,0,0,0,0,0,0,0,0,0,0,0,0,0,0,0,0,0,0,0,0,0,0,0,0,0,0,0,0,0,0,0,0,0,0,0,0,0,0,0,0,0,0,0,0,0,0,0,0,0,0,0,0,0,0
"manyara/babati/bashneti",0.000624,0.000313,6.9e-05,0.002026,0.005202,0.00286,0.000388,0.000398,0.001265,0.184354,0.005549,0.000797,0.000468,0.007168,0.017525,0.000998,0.002881,0,0.00268,0.007308,6.9e-05,0.000474,0.000915,5.6e-05,5.5e-05,1.7e-05,0.001812,0.000354,2.6e-05,8.2e-05,0.002487,0.000189,3.2e-05,4.2e-05,0.001398,0.041662,0.000705,0.401865,0.002069,0.001715,0.003137,0.000823,0.005829,0.174906,0.001209,0.002548,0.000324,0.153088,0.03681,0.000599,0.001111,0.000341,0.000301,0.002168,0.12651,0.002634,9.3e-05,0.000497,0.002654,0.090633,0.001937,0.006219,0.002922,5e-04,1e-06,0.004829,0.00253,0.000686,0.002308,0.044301,0.00017,0.000364,0.000111,0.008077,0.004585,0.00351,0.000426,0.002106,0.000614,0.001203,0.000745,0.007358,0.005555,7e-04,0.012698,0.000622,0.020637,0.002808,0.038357,0.011072,0.00096,0.000906,0.019379,0.003513,0.000179,0.049755,0.001254,2.5e-05,0.009172,0.002274,0.000827,0.000266,0.002062,0.001084,0.000286,0.011686,0.000429,0.00187,0.000759,0.027797,0.000883,0.005742,0.048872,2.6e-05,8.7e-05,6.4e-05,0.007497,0.000114,0.010356,0.000958,0.00051,0.018076,6.3e-05,0.000239,2.7e-05,0.000844,0.004303,0.035554,0.002531,6.9e-05,5.7e-05,0.002126,0.004321,0.000426,1.8e-05,0.003926,0.000218,0.001239,0.022773,0.00302,0.001435,4.7e-05,0.001393,0.000281,0.000121,0.003442,0.004049,0.004544,0.00376,0.001252,5.9e-05,5.3e-05,9.8e-05,7.7e-05,0.003262,0.044571,0.00026,0.00042,0.000475,0.137238,0.000646,0.017188,2.6e-05,0.00017,0.001033,0.00056,0.000869,0.000735,0.0079,0.000372,0.001499,0.019097,0.109458,0.001723,0.000312,0.00694,0.046827,6.2e-05,0.003028,0.002259,2.7e-05,0.000355,0.00634,0.000513,0.01902,0.29247,3.9e-05,7.4e-05,0.009723,0.002941,0.000807,0.081404,0.006569,0.00336,0.049194,0.000254,6.5e-05,0.001298,0.003539,9.6e-05,0.012056,0.002191,0.003446,5.4e-05,0.00507,0.000411,0.032039,0.020122,0.004626,8e-05,7.1e-05,0.00089,0.010515,3e-05,0.000213,0.000845,0.000294,0.045238,0.000423,0.002643,0.005443,5.7e-05,0.005806,7.4e-05,0.011679,0.000265,0.016334,0.000141,0.002601,0.001939,0.00218,0.001602,0.015198,0.016571,0.000945,5e-06,8.1e-05,0.002301,0.005135,5.5e-05,0.001313,0.17362,2.8e-05,0.076325,3.9e-05,5.6e-05,0.000195,0.005644,0.002603,0.000792,0.037493,0.043497,0.000118,0.010321,0.002562,0.001687,7.7e-05,0.00033,4.5e-05,5.1e-05,3.9e-05,0.001317,0.00013,5e-05,0.020634,0.000276,0.002572,0.014149,0.000505,0.007626,0.011459,0.008612,5.5e-05,5.1e-05,0.027943,0.000148,0.00195,0.005939,0.000909,0.001069,0.000532,8.3e-05,0.085183,0.003963,0.000149,0.00172,0.000925,0.000167,0.049932,6.1e-05,0.000714,0.000716,0.00015,0.028975,0.000783,0.001382,0.012295,0.000205,0.001863,0.005756,2.7e-05,1.9e-05,5.3e-05,0.00076,0.000189,0.086156,0.00086,0.000109,6.8e-05,6.8e-05,0.01185,0.002866,0.00064,4.4e-05,0.000511,0.000162,0.000159,0.025138,0.016148,0.016619,0.001983,0.013634,0.001612,0.006959,0.090001,0.004303,0.005242,0.000315,0.000459,0.002678,0.003955,0.001698,0.093728,0.011303,0.006028,0.000198,0.000267,0.000536,0.025686,0.001231,0.000181,4.5e-05,0.000155,0.004419,0.007784,0.001456,0.001132,0.004347,0.005652,0.001515,0.000404,0.003886,0.000334,0.046366,0.008912,0.005849,0.005444,0.00029,0.000113,0.000771,0.002417,0.001056,0.001302,0.000475,0.000309,0.030119,0.009013,0.019907,0.000239,0.002971,0.000293,1.7e-05,6.4e-05,0.000407,0.000132,0.002155,0.002442,7.3e-05,0.014396,0.001004,2.8e-05,0.004812,0.032149,0.10273,0.000329,0.000854,6.5e-05,0.007368,0.001351,4.5e-05,0.011524,5.2e-05,5.4e-05,0.000112,1.7e-05,2.5e-05,0.002747,0.000782
"manyara/hanang/bassodesh",0.000175,9.8e-05,2.3e-05,0.000739,0.000279,0.000885,5.9e-05,6.5e-05,0.000136,0.022543,0.000516,0.000398,0.000132,0.001994,0.00772,0.000182,0.000779,0.004612,0,0.035482,2.3e-05,0.000144,0.000115,1.8e-05,1.8e-05,5e-06,0.000198,7.3e-05,8e-06,2.7e-05,0.000673,6.1e-05,1e-05,1.3e-05,0.000392,0.001755,0.000193,0.019275,0.000408,0.000615,0.000927,0.000242,0.002046,0.022761,0.000406,0.000216,9.4e-05,0.045484,0.007875,0.000147,0.000176,0.000107,7.1e-05,0.001651,0.014351,0.000242,2.7e-05,8e-05,8e-04,0.035672,0.000638,0.001824,0.000882,0.000167,1e-06,0.001314,0.000671,0.000528,0.000522,0.007625,4.6e-05,0.000106,3.4e-05,0.001377,0.004278,0.001151,0.000135,0.000854,0.001543,0.00392,9.4e-05,0.000853,8e-04,0.000236,0.001646,0.000123,0.006334,0.004487,0.07528,0.003682,0.000154,0.001977,0.006362,0.001,5.4e-05,0.008834,0.000389,8e-06,0.00289,0.000724,0.000117,0.000114,0.000699,0.000298,9e-05,0.003848,9.8e-05,0.000584,0.000229,0.007194,0.000274,0.001875,0.015771,7e-06,2.8e-05,2.1e-05,0.002249,3.5e-05,0.003285,0.000304,0.000161,0.005802,2e-05,7.7e-05,9e-06,0.000284,0.001422,0.010584,0.000712,2.2e-05,1.8e-05,0.000682,0.001383,0.000133,6e-06,0.001086,6.1e-05,0.000394,0.007496,0.000945,0.000427,1.6e-05,0.000383,8.8e-05,4e-05,0.001111,0.000347,0.001447,0.001205,0.000401,1.9e-05,1.7e-05,3.2e-05,2.5e-05,0.001097,0.011987,8.6e-05,0.000129,0.000147,0.04619,0.000208,0.004209,8e-06,5.5e-05,0.001944,0.000296,0.000272,0.000219,0.002155,0.000118,0.000506,0.004755,0.031828,0.000527,9.7e-05,0.001572,0.010031,2e-05,0.000951,0.000738,9e-06,0.00013,0.002089,0.00016,0.006022,0.106743,1.2e-05,2.4e-05,0.003046,0.000916,0.000249,0.003791,0.001211,0.003579,0.007404,8.8e-05,2.1e-05,0.000133,0.001114,2.4e-05,0.003517,0.000558,0.001124,1.6e-05,0.001653,0.000124,0.010483,0.004613,0.001602,2.6e-05,2.3e-05,0.000142,0.003454,1e-05,6.9e-05,0.000286,6e-05,0.015275,0.000136,0.000854,0.003034,1.6e-05,0.000277,2.3e-05,0.0036,8.2e-05,0.005145,4.3e-05,0.000657,0.000274,0.00016,0.000345,0.00516,0.004383,0.000306,1e-06,2.6e-05,0.000643,0.001378,1.8e-05,0.000375,0.045076,9e-06,0.025411,1.3e-05,1.7e-05,6.1e-05,0.001558,0.001084,2e-04,0.010549,0.012422,3.1e-05,0.002849,0.000834,0.000561,2.5e-05,0.000106,1.4e-05,1.7e-05,1.3e-05,4e-04,2.7e-05,1.7e-05,0.005024,8.9e-05,0.000262,0.003814,5.9e-05,0.001243,0.003175,0.00274,1.8e-05,1.7e-05,0.00917,4.8e-05,0.000652,0.001626,0.000131,0.000307,0.000156,2.5e-05,0.029232,0.000514,4.9e-05,0.000198,0.000198,5.4e-05,0.001517,1.9e-05,0.000207,0.000227,5e-05,0.008105,0.000247,0.000433,0.003663,5.6e-05,0.000567,0.001769,9e-06,6e-06,1.6e-05,0.000243,5.7e-05,0.016592,0.000241,3.1e-05,1.9e-05,2.1e-05,0.00319,0.000973,0.000191,1.4e-05,0.000163,4.5e-05,5.6e-05,0.007504,0.005331,0.004329,0.000496,0.003859,0.000488,0.002253,0.02617,0.001609,0.001924,8.7e-05,0.000175,0.000734,0.001103,0.000466,0.030977,0.004154,0.001781,6.2e-05,8.3e-05,0.000182,0.007382,0.000212,4.7e-05,1.4e-05,3.9e-05,0.000343,0.002467,0.00048,0.000401,0.001237,0.001819,0.000546,6.4e-05,0.001192,9.4e-05,0.013077,0.002328,0.001464,0.0015,9.3e-05,3.7e-05,0.00024,0.000195,0.000187,0.000137,9.6e-05,0.000117,0.008526,0.002449,0.005452,8.2e-05,0.00086,9.2e-05,5e-06,2.1e-05,0.00014,4.3e-05,0.000572,0.000572,2e-05,0.004599,0.000152,9e-06,0.000393,0.010731,0.022582,5.6e-05,0.000233,2.1e-05,0.002329,0.00043,1.4e-05,0.003295,1.7e-05,1.8e-05,3.7e-05,6e-06,8e-06,0.000351,0.000299
"manyara/hanang/bassotu",0.000244,0.000129,3.2e-05,0.001009,0.000332,0.00127,6.6e-05,7.3e-05,0.000185,0.02885,0.000663,0.000834,0.000183,0.002771,0.008501,0.000206,0.00074,0.004938,0.014108,0,3.5e-05,0.000204,0.000161,2.5e-05,2.7e-05,8e-06,0.000266,8.6e-05,1.2e-05,4e-05,0.00094,9.6e-05,1.5e-05,1.9e-05,0.000471,0.002132,0.000267,0.022646,0.000465,0.000858,0.000812,0.000431,0.00316,0.021711,0.000638,0.000287,0.000128,0.062099,0.010736,0.000175,0.000194,0.000129,8.7e-05,0.001378,0.0202,0.000334,3.8e-05,0.000108,0.001173,0.044601,0.000893,0.002431,0.001223,0.00026,1e-06,0.001823,0.000912,0.000536,0.00066,0.010426,5.7e-05,0.000183,4.8e-05,0.001598,0.011606,0.00159,0.000183,0.00133,0.003728,0.00291,0.000137,0.001205,0.000708,0.00043,0.002306,0.000135,0.008996,0.002385,0.071726,0.005434,0.000236,0.003612,0.009175,0.001391,7.3e-05,0.009803,0.000552,1.2e-05,0.004157,0.001044,0.000132,0.000138,0.001032,0.000413,0.000129,0.005495,0.000114,0.000836,0.000323,0.008873,0.00039,0.002696,0.027924,1e-05,4.1e-05,3e-05,0.003193,5.5e-05,0.004708,0.000435,0.000229,0.008292,2.9e-05,0.000111,1.3e-05,0.00042,0.002163,0.014876,0.000999,3.2e-05,2.6e-05,0.000983,0.001998,0.000191,8e-06,0.001507,8.4e-05,0.000565,0.010527,0.001351,0.000603,2.3e-05,0.000529,0.000126,5.8e-05,0.001613,0.000409,0.002081,0.001731,0.000577,2.8e-05,2.4e-05,4.7e-05,3.6e-05,0.001611,0.016321,0.000124,0.000177,0.000219,0.065224,0.000301,0.005903,1.2e-05,8e-05,0.008261,0.000619,0.000392,0.000309,0.002986,0.000171,0.000773,0.006273,0.043688,0.00077,0.000138,0.002251,0.013356,2.8e-05,0.001361,0.001115,1.3e-05,0.000179,0.003086,0.00023,0.008577,0.1475,1.7e-05,3.4e-05,0.004344,0.001306,0.000356,0.00413,0.001449,0.002586,0.009422,0.000136,3.1e-05,0.000166,0.001597,3e-05,0.004939,0.000829,0.001655,2.2e-05,0.002381,0.000176,0.015081,0.005997,0.002145,3.7e-05,3.3e-05,0.000188,0.004985,1.4e-05,8e-05,0.000421,6.9e-05,0.021937,0.000196,0.001229,0.002188,2.3e-05,0.000347,3.3e-05,0.005118,0.000116,0.007318,6.1e-05,0.000728,0.000409,0.000213,0.000357,0.007195,0.006016,0.000483,2e-06,3.7e-05,0.000905,0.001772,2.6e-05,0.000531,0.059842,1.3e-05,0.036683,1.9e-05,2.5e-05,8.8e-05,0.002171,0.002052,0.000273,0.014578,0.016873,4.2e-05,0.003957,0.001195,0.000828,3.6e-05,0.000153,2e-05,2.5e-05,1.9e-05,0.000575,3.4e-05,2.4e-05,0.006321,0.000123,0.000291,0.005211,7.5e-05,0.001572,0.004358,0.00396,2.6e-05,2.4e-05,0.013193,6.9e-05,0.000963,0.002343,0.000152,0.000396,0.000223,3.3e-05,0.040893,0.000574,7.5e-05,0.00026,0.000325,7.8e-05,0.001486,2.7e-05,0.000313,0.000323,7.4e-05,0.011307,0.000354,0.000614,0.005127,7.7e-05,0.00082,0.002197,1.3e-05,9e-06,2.4e-05,0.000354,8.8e-05,0.020721,0.000336,4.4e-05,2.7e-05,3.1e-05,0.004392,0.001256,0.000298,2e-05,0.000234,5.5e-05,7.9e-05,0.010439,0.007664,0.005978,0.000686,0.005324,0.000693,0.0032,0.035926,0.002243,0.002677,0.00012,0.000246,0.001013,0.00153,0.000643,0.042947,0.005814,0.002611,9.6e-05,0.000119,0.000251,0.010301,0.000296,5.7e-05,2e-05,4.9e-05,0.000441,0.003609,0.000714,0.000554,0.001716,0.002657,0.000758,7.2e-05,0.001688,0.000132,0.018068,0.003051,0.001964,0.002125,0.000135,5.3e-05,0.000344,0.000241,0.000293,0.00018,0.000154,0.000163,0.011821,0.003387,0.007526,0.000127,0.001203,0.000131,8e-06,3.1e-05,0.000215,6.2e-05,0.000792,0.000791,2.8e-05,0.00648,0.000163,1.3e-05,0.000405,0.015397,0.020156,6.4e-05,0.000323,2.9e-05,0.003334,0.000616,2.1e-05,0.004613,2.4e-05,2.6e-05,5.5e-05,8e-06,1.2e-05,0.00036,0.000302
"kilimanjaro/same/bendera",0,0,0,0,0,0,0,0,0,0,0,0,0,0,0,0,0,0,0,0,0,0,0,0,0,0,0,0,0,0,0,0,0,0,0,0,0,0,0,0,0,0,0,0,0,0,0,0,0,0,0,0,0,0,0,0,0,0,0,0,0,0,0,0,0,0,0,0,0,0,0,0,0,0,0,0,0,0,0,0,0,0,0,0,0,0,0,0,0,0,0,0,0,0,0,0,0,0,0,0,0,0,0,0,0,0,0,0,0,0,0,0,0,0,0,0,0,0,0,0,0,0,0,0,0,0,0,0,0,0,0,0,0,0,0,0,0,0,0,0,0,0,0,0,0,0,0,0,0,0,0,0,0,0,0,0,0,0,0,0,0,0,0,0,0,0,0,0,0,0,0,0,0,0,0,0,0,0,0,0,0,0,0,0,0,0,0,0,0,0,0,0,0,0,0,0,0,0,0,0,0,0,0,0,0,0,0,0,0,0,0,0,0,0,0,0,0,0,0,0,0,0,0,0,0,0,0,0,0,0,0,0,0,0,0,0,0,0,0,0,0,0,0,0,0,0,0,0,0,0,0,0,0,0,0,0,0,0,0,0,0,0,0,0,0,0,0,0,0,0,0,0,0,0,0,0,0,0,0,0,0,0,0,0,0,0,0,0,0,0,0,0,0,0,0,0,0,0,0,0,0,0,0,0,0,0,0,0,0,0,0,0,0,0,0,0,0,0,0,0,0,0,0,0,0,0,0,0,0,0,0,0,0,0,0,0,0,0,0,0,0,0,0,0,0,0,0,0,0,0,0,0,0,0,0,0,0,0,0,0,0,0,0,0,0,0,0,0,0,0,0,0,0,0,0,0,0,0,0,0,0,0,0,0,0,0,0,0,0,0,0,0,0,0,0,0,0,0
"kilimanjaro/siha/biriri",0.001497,1.4e-05,0.000107,9.3e-05,1e-06,0.005426,1e-06,1e-06,1e-06,0.000271,4e-06,1e-06,0.001038,0.012336,4.4e-05,2e-06,2e-06,6e-06,1e-06,4e-06,8e-06,0,1e-06,0.000196,9e-06,6.5e-05,2e-06,2e-06,1e-06,1.2e-05,0.002565,4e-06,6e-06,2.4e-05,1.3e-05,2e-06,0.000881,5.7e-05,6e-06,0.000141,1e-06,1e-06,0.000179,4.2e-05,2.5e-05,1e-06,7.8e-05,0.16777,0.001825,4e-06,1e-06,3e-06,4e-06,1e-06,4.3e-05,1e-06,0.000161,3e-06,0.000328,0.001317,0.000765,0.000665,0.002737,1.2e-05,0,0.005731,0.000989,1e-06,6.2e-05,0.000322,3e-06,0,0.003876,2.2e-05,4e-06,0.000622,5.3e-05,0,1e-06,1e-06,0,5e-06,1e-06,1e-06,2e-06,1e-06,0.175222,1e-06,3.5e-05,0.001473,0,1e-06,0.023727,0.007865,3.3e-05,8.1e-05,0.045244,1.7e-05,0.014772,0.003292,1e-06,2e-06,0.000287,0.001425,0.000956,0.027931,2e-06,0.008692,0.016264,0.000472,0.02562,0.012339,2.3e-05,3.4e-05,0.00017,9.9e-05,0.046758,3e-06,0.03365,0.005341,0.003791,0.084191,4.4e-05,0.000155,1.5e-05,0.00011,0.000167,0.249114,0.00612,0.000168,0.000123,0.00367,0.004964,0.00179,1e-05,0.006062,0.000303,0.003482,0.016821,0.018277,0.024555,6e-06,0.001705,0.001586,0.000183,0.002059,3e-06,0.009584,0.009502,0.002514,0.000114,2.9e-05,0.000128,2e-05,0.000685,0.021955,0.00038,0.000132,3.1e-05,0.410682,0.000591,0.002379,1e-04,8.2e-05,1e-06,1e-06,0.000789,0.015811,0.009288,0.00023,5.6e-05,0.002093,0.133178,0.000355,0.007459,0.00023,0.002465,5.6e-05,0.013745,0.000104,4e-06,2e-05,0.000792,0.001248,0.173358,0.780336,0.000318,0.00055,0.081399,0.037668,0.003222,1.1e-05,3.4e-05,2e-06,0.000228,7e-06,9e-05,2e-06,0.012853,3e-06,0.077906,5.7e-05,0.000549,0.000181,0.009341,0.060864,0.044312,0.001134,0.000209,0.000148,0.000125,6e-06,0.013064,4.4e-05,1e-06,0.000135,1e-06,0.059824,0.000941,0.00504,2e-06,0.000235,1e-06,0.001622,0.157653,0.00841,0.212301,0.000608,6e-06,1e-06,0,2e-06,0.003046,0.010051,1.7e-05,1.7e-05,0.000269,0.003758,0.000228,7.8e-05,0.002421,0.026706,0.000111,0.034029,8e-06,0.000195,0.000672,0.009123,1e-06,0.000292,0.051865,0.018932,4.4e-05,0.015299,0.007781,0.000258,0.000125,0.000264,0.000147,1.1e-05,7e-06,0.001643,3e-06,8e-06,0.000545,9.7e-05,2e-06,0.007934,1e-06,5.4e-05,0.008936,0.007459,4.3e-05,1.1e-05,0.041995,0.000243,0.000278,0.000962,2e-06,4.3e-05,0.000757,6e-06,0.061373,4e-06,4e-06,3e-06,0,0.000367,2e-06,0.005417,2.3e-05,0.004713,2.2e-05,0.045806,0.002448,0.019991,0.071248,0.000245,0.000912,9.3e-05,3.2e-05,1.1e-05,0.00019,0.000261,4e-06,0.001003,0.0019,5e-04,0.000181,0.000422,0.009462,7.4e-05,1e-05,0.000121,0.001565,2e-06,1.5e-05,0.063919,0.028956,0.008958,0.00062,0.015835,0.042482,0.0203,0.110461,0.00024,0.000332,0.000454,2.5e-05,0.00288,0.006558,0.001632,0.089041,0.000826,0.000659,5e-06,0.000951,5.3e-05,0.079437,8e-06,2e-06,0.000181,3e-06,2e-06,0.001662,0.000137,8.2e-05,0.007936,0.001652,0.000109,1e-06,0.445247,0.00097,0.06399,0.00076,0.001142,0.003249,0.000208,0.000173,0.003203,1e-06,1e-06,1e-06,1e-06,1.8e-05,0.05367,0.009541,0.02065,6e-06,0.014241,0.001203,4e-06,1e-05,1.4e-05,0.000301,0.001743,0.000318,9.7e-05,0.033181,1e-06,1.1e-05,1e-06,0.055971,1e-05,1e-06,0.001014,0.000266,0.033698,0.00485,0.000165,0.039715,0.00011,1.1e-05,2e-05,5e-06,3e-06,1e-06,1e-06
"manyara/babati/boay",0,0,0,0,0,0,0,0,0,0,0,0,0,0,0,0,0,0,0,0,0,0,0,0,0,0,0,0,0,0,0,0,0,0,0,0,0,0,0,0,0,0,0,0,0,0,0,0,0,0,0,0,0,0,0,0,0,0,0,0,0,0,0,0,0,0,0,0,0,0,0,0,0,0,0,0,0,0,0,0,0,0,0,0,0,0,0,0,0,0,0,0,0,0,0,0,0,0,0,0,0,0,0,0,0,0,0,0,0,0,0,0,0,0,0,0,0,0,0,0,0,0,0,0,0,0,0,0,0,0,0,0,0,0,0,0,0,0,0,0,0,0,0,0,0,0,0,0,0,0,0,0,0,0,0,0,0,0,0,0,0,0,0,0,0,0,0,0,0,0,0,0,0,0,0,0,0,0,0,0,0,0,0,0,0,0,0,0,0,0,0,0,0,0,0,0,0,0,0,0,0,0,0,0,0,0,0,0,0,0,0,0,0,0,0,0,0,0,0,0,0,0,0,0,0,0,0,0,0,0,0,0,0,0,0,0,0,0,0,0,0,0,0,0,0,0,0,0,0,0,0,0,0,0,0,0,0,0,0,0,0,0,0,0,0,0,0,0,0,0,0,0,0,0,0,0,0,0,0,0,0,0,0,0,0,0,0,0,0,0,0,0,0,0,0,0,0,0,0,0,0,0,0,0,0,0,0,0,0,0,0,0,0,0,0,0,0,0,0,0,0,0,0,0,0,0,0,0,0,0,0,0,0,0,0,0,0,0,0,0,0,0,0,0,0,0,0,0,0,0,0,0,0,0,0,0,0,0,0,0,0,0,0,0,0,0,0,0,0,0,0,0,0,0,0,0,0,0,0,0,0,0,0,0,0,0,0,0,0,0,0,0,0,0,0,0,0,0
"kilimanjaro/moshimunicipal/bomambuzi",0,0,0,0,0,0,0,0,0,0,0,0,0,0,0,0,0,0,0,0,0,0,0,0,0,0,0,0,0,0,0,0,0,0,0,0,0,0,0,0,0,0,0,0,0,0,0,0,0,0,0,0,0,0,0,0,0,0,0,0,0,0,0,0,0,0,0,0,0,0,0,0,0,0,0,0,0,0,0,0,0,0,0,0,0,0,0,0,0,0,0,0,0,0,0,0,0,0,0,0,0,0,0,0,0,0,0,0,0,0,0,0,0,0,0,0,0,0,0,0,0,0,0,0,0,0,0,0,0,0,0,0,0,0,0,0,0,0,0,0,0,0,0,0,0,0,0,0,0,0,0,0,0,0,0,0,0,0,0,0,0,0,0,0,0,0,0,0,0,0,0,0,0,0,0,0,0,0,0,0,0,0,0,0,0,0,0,0,0,0,0,0,0,0,0,0,0,0,0,0,0,0,0,0,0,0,0,0,0,0,0,0,0,0,0,0,0,0,0,0,0,0,0,0,0,0,0,0,0,0,0,0,0,0,0,0,0,0,0,0,0,0,0,0,0,0,0,0,0,0,0,0,0,0,0,0,0,0,0,0,0,0,0,0,0,0,0,0,0,0,0,0,0,0,0,0,0,0,0,0,0,0,0,0,0,0,0,0,0,0,0,0,0,0,0,0,0,0,0,0,0,0,0,0,0,0,0,0,0,0,0,0,0,0,0,0,0,0,0,0,0,0,0,0,0,0,0,0,0,0,0,0,0,0,0,0,0,0,0,0,0,0,0,0,0,0,0,0,0,0,0,0,0,0,0,0,0,0,0,0,0,0,0,0,0,0,0,0,0,0,0,0,0,0,0,0,0,0,0,0,0,0,0,0,0,0,0,0,0,0,0,0,0,0,0,0,0,0
"kilimanjaro/same/bombo",0,0,0,0,0,0,0,0,0,0,0,0,0,0,0,0,0,0,0,0,0,0,0,0,0,0,0,0,0,0,0,0,0,0,0,0,0,0,0,0,0,0,0,0,0,0,0,0,0,0,0,0,0,0,0,0,0,0,0,0,0,0,0,0,0,0,0,0,0,0,0,0,0,0,0,0,0,0,0,0,0,0,0,0,0,0,0,0,0,0,0,0,0,0,0,0,0,0,0,0,0,0,0,0,0,0,0,0,0,0,0,0,0,0,0,0,0,0,0,0,0,0,0,0,0,0,0,0,0,0,0,0,0,0,0,0,0,0,0,0,0,0,0,0,0,0,0,0,0,0,0,0,0,0,0,0,0,0,0,0,0,0,0,0,0,0,0,0,0,0,0,0,0,0,0,0,0,0,0,0,0,0,0,0,0,0,0,0,0,0,0,0,0,0,0,0,0,0,0,0,0,0,0,0,0,0,0,0,0,0,0,0,0,0,0,0,0,0,0,0,0,0,0,0,0,0,0,0,0,0,0,0,0,0,0,0,0,0,0,0,0,0,0,0,0,0,0,0,0,0,0,0,0,0,0,0,0,0,0,0,0,0,0,0,0,0,0,0,0,0,0,0,0,0,0,0,0,0,0,0,0,0,0,0,0,0,0,0,0,0,0,0,0,0,0,0,0,0,0,0,0,0,0,0,0,0,0,0,0,0,0,0,0,0,0,0,0,0,0,0,0,0,0,0,0,0,0,0,0,0,0,0,0,0,0,0,0,0,0,0,0,0,0,0,0,0,0,0,0,0,0,0,0,0,0,0,0,0,0,0,0,0,0,0,0,0,0,0,0,0,0,0,0,0,0,0,0,0,0,0,0,0,0,0,0,0,0,0,0,0,0,0,0,0,0,0,0,0
"kilimanjaro/moshimunicipal/bondeni",0,0,0,0,0,0,0,0,0,0,0,0,0,0,0,0,0,0,0,0,0,0,0,0,0,0,0,0,0,0,0,0,0,0,0,0,0,0,0,0,0,0,0,0,0,0,0,0,0,0,0,0,0,0,0,0,0,0,0,0,0,0,0,0,0,0,0,0,0,0,0,0,0,0,0,0,0,0,0,0,0,0,0,0,0,0,0,0,0,0,0,0,0,0,0,0,0,0,0,0,0,0,0,0,0,0,0,0,0,0,0,0,0,0,0,0,0,0,0,0,0,0,0,0,0,0,0,0,0,0,0,0,0,0,0,0,0,0,0,0,0,0,0,0,0,0,0,0,0,0,0,0,0,0,0,0,0,0,0,0,0,0,0,0,0,0,0,0,0,0,0,0,0,0,0,0,0,0,0,0,0,0,0,0,0,0,0,0,0,0,0,0,0,0,0,0,0,0,0,0,0,0,0,0,0,0,0,0,0,0,0,0,0,0,0,0,0,0,0,0,0,0,0,0,0,0,0,0,0,0,0,0,0,0,0,0,0,0,0,0,0,0,0,0,0,0,0,0,0,0,0,0,0,0,0,0,0,0,0,0,0,0,0,0,0,0,0,0,0,0,0,0,0,0,0,0,0,0,0,0,0,0,0,0,0,0,0,0,0,0,0,0,0,0,0,0,0,0,0,0,0,0,0,0,0,0,0,0,0,0,0,0,0,0,0,0,0,0,0,0,0,0,0,0,0,0,0,0,0,0,0,0,0,0,0,0,0,0,0,0,0,0,0,0,0,0,0,0,0,0,0,0,0,0,0,0,0,0,0,0,0,0,0,0,0,0,0,0,0,0,0,0,0,0,0,0,0,0,0,0,0,0,0,0,0,0,0,0,0,0,0,0,0,0,0,0,0,0
"manyara/babatiurban/bonga",0,0,0,0,0,0,0,0,0,0,0,0,0,0,0,0,0,0,0,0,0,0,0,0,0,0,0,0,0,0,0,0,0,0,0,0,0,0,0,0,0,0,0,0,0,0,0,0,0,0,0,0,0,0,0,0,0,0,0,0,0,0,0,0,0,0,0,0,0,0,0,0,0,0,0,0,0,0,0,0,0,0,0,0,0,0,0,0,0,0,0,0,0,0,0,0,0,0,0,0,0,0,0,0,0,0,0,0,0,0,0,0,0,0,0,0,0,0,0,0,0,0,0,0,0,0,0,0,0,0,0,0,0,0,0,0,0,0,0,0,0,0,0,0,0,0,0,0,0,0,0,0,0,0,0,0,0,0,0,0,0,0,0,0,0,0,0,0,0,0,0,0,0,0,0,0,0,0,0,0,0,0,0,0,0,0,0,0,0,0,0,0,0,0,0,0,0,0,0,0,0,0,0,0,0,0,0,0,0,0,0,0,0,0,0,0,0,0,0,0,0,0,0,0,0,0,0,0,0,0,0,0,0,0,0,0,0,0,0,0,0,0,0,0,0,0,0,0,0,0,0,0,0,0,0,0,0,0,0,0,0,0,0,0,0,0,0,0,0,0,0,0,0,0,0,0,0,0,0,0,0,0,0,0,0,0,0,0,0,0,0,0,0,0,0,0,0,0,0,0,0,0,0,0,0,0,0,0,0,0,0,0,0,0,0,0,0,0,0,0,0,0,0,0,0,0,0,0,0,0,0,0,0,0,0,0,0,0,0,0,0,0,0,0,0,0,0,0,0,0,0,0,0,0,0,0,0,0,0,0,0,0,0,0,0,0,0,0,0,0,0,0,0,0,0,0,0,0,0,0,0,0,0,0,0,0,0,0,0,0,0,0,0,0,0,0,0,0
"arusha/karatu/buger",0,0,0,0,0,0,0,0,0,0,0,0,0,0,0,0,0,0,0,0,0,0,0,0,0,0,0,0,0,0,0,0,0,0,0,0,0,0,0,0,0,0,0,0,0,0,0,0,0,0,0,0,0,0,0,0,0,0,0,0,0,0,0,0,0,0,0,0,0,0,0,0,0,0,0,0,0,0,0,0,0,0,0,0,0,0,0,0,0,0,0,0,0,0,0,0,0,0,0,0,0,0,0,0,0,0,0,0,0,0,0,0,0,0,0,0,0,0,0,0,0,0,0,0,0,0,0,0,0,0,0,0,0,0,0,0,0,0,0,0,0,0,0,0,0,0,0,0,0,0,0,0,0,0,0,0,0,0,0,0,0,0,0,0,0,0,0,0,0,0,0,0,0,0,0,0,0,0,0,0,0,0,0,0,0,0,0,0,0,0,0,0,0,0,0,0,0,0,0,0,0,0,0,0,0,0,0,0,0,0,0,0,0,0,0,0,0,0,0,0,0,0,0,0,0,0,0,0,0,0,0,0,0,0,0,0,0,0,0,0,0,0,0,0,0,0,0,0,0,0,0,0,0,0,0,0,0,0,0,0,0,0,0,0,0,0,0,0,0,0,0,0,0,0,0,0,0,0,0,0,0,0,0,0,0,0,0,0,0,0,0,0,0,0,0,0,0,0,0,0,0,0,0,0,0,0,0,0,0,0,0,0,0,0,0,0,0,0,0,0,0,0,0,0,0,0,0,0,0,0,0,0,0,0,0,0,0,0,0,0,0,0,0,0,0,0,0,0,0,0,0,0,0,0,0,0,0,0,0,0,0,0,0,0,0,0,0,0,0,0,0,0,0,0,0,0,0,0,0,0,0,0,0,0,0,0,0,0,0,0,0,0,0,0,0,0,0,0
"manyara/kiteto/bwagamoyo",0,0,0,0,0,0,0,0,0,0,0,0,0,0,0,0,0,0,0,0,0,0,0,0,0,0,0,0,0,0,0,0,0,0,0,0,0,0,0,0,0,0,0,0,0,0,0,0,0,0,0,0,0,0,0,0,0,0,0,0,0,0,0,0,0,0,0,0,0,0,0,0,0,0,0,0,0,0,0,0,0,0,0,0,0,0,0,0,0,0,0,0,0,0,0,0,0,0,0,0,0,0,0,0,0,0,0,0,0,0,0,0,0,0,0,0,0,0,0,0,0,0,0,0,0,0,0,0,0,0,0,0,0,0,0,0,0,0,0,0,0,0,0,0,0,0,0,0,0,0,0,0,0,0,0,0,0,0,0,0,0,0,0,0,0,0,0,0,0,0,0,0,0,0,0,0,0,0,0,0,0,0,0,0,0,0,0,0,0,0,0,0,0,0,0,0,0,0,0,0,0,0,0,0,0,0,0,0,0,0,0,0,0,0,0,0,0,0,0,0,0,0,0,0,0,0,0,0,0,0,0,0,0,0,0,0,0,0,0,0,0,0,0,0,0,0,0,0,0,0,0,0,0,0,0,0,0,0,0,0,0,0,0,0,0,0,0,0,0,0,0,0,0,0,0,0,0,0,0,0,0,0,0,0,0,0,0,0,0,0,0,0,0,0,0,0,0,0,0,0,0,0,0,0,0,0,0,0,0,0,0,0,0,0,0,0,0,0,0,0,0,0,0,0,0,0,0,0,0,0,0,0,0,0,0,0,0,0,0,0,0,0,0,0,0,0,0,0,0,0,0,0,0,0,0,0,0,0,0,0,0,0,0,0,0,0,0,0,0,0,0,0,0,0,0,0,0,0,0,0,0,0,0,0,0,0,0,0,0,0,0,0,0,0,0,0,0,0
"kilimanjaro/same/bwambo",0,0,0,0,0,0,0,0,0,0,0,0,0,0,0,0,0,0,0,0,0,0,0,0,0,0,0,0,0,0,0,0,0,0,0,0,0,0,0,0,0,0,0,0,0,0,0,0,0,0,0,0,0,0,0,0,0,0,0,0,0,0,0,0,0,0,0,0,0,0,0,0,0,0,0,0,0,0,0,0,0,0,0,0,0,0,0,0,0,0,0,0,0,0,0,0,0,0,0,0,0,0,0,0,0,0,0,0,0,0,0,0,0,0,0,0,0,0,0,0,0,0,0,0,0,0,0,0,0,0,0,0,0,0,0,0,0,0,0,0,0,0,0,0,0,0,0,0,0,0,0,0,0,0,0,0,0,0,0,0,0,0,0,0,0,0,0,0,0,0,0,0,0,0,0,0,0,0,0,0,0,0,0,0,0,0,0,0,0,0,0,0,0,0,0,0,0,0,0,0,0,0,0,0,0,0,0,0,0,0,0,0,0,0,0,0,0,0,0,0,0,0,0,0,0,0,0,0,0,0,0,0,0,0,0,0,0,0,0,0,0,0,0,0,0,0,0,0,0,0,0,0,0,0,0,0,0,0,0,0,0,0,0,0,0,0,0,0,0,0,0,0,0,0,0,0,0,0,0,0,0,0,0,0,0,0,0,0,0,0,0,0,0,0,0,0,0,0,0,0,0,0,0,0,0,0,0,0,0,0,0,0,0,0,0,0,0,0,0,0,0,0,0,0,0,0,0,0,0,0,0,0,0,0,0,0,0,0,0,0,0,0,0,0,0,0,0,0,0,0,0,0,0,0,0,0,0,0,0,0,0,0,0,0,0,0,0,0,0,0,0,0,0,0,0,0,0,0,0,0,0,0,0,0,0,0,0,0,0,0,0,0,0,0,0,0,0,0
"arusha/arusha/bwawani",0.027676,0.000128,0.000271,0.000361,1.7e-05,0.024396,7e-06,1e-05,1.4e-05,0.004175,6.4e-05,8e-06,0.012702,0.235355,0.000473,3e-05,1e-05,4.1e-05,6e-06,2.3e-05,6.9e-05,0.003098,1.4e-05,0.000456,7.4e-05,0.000141,2.7e-05,2.9e-05,7e-06,0.000104,0,4.1e-05,4.5e-05,0.000145,7.7e-05,1.5e-05,0.022762,0.000383,3.7e-05,0.000923,1.4e-05,4e-06,0.000894,0.000263,0.000136,1.5e-05,0.000618,0.908564,0.051159,2.7e-05,1e-05,3.2e-05,5e-05,1.5e-05,0.00028,7e-06,0.004857,6.5e-05,0.004345,0.006279,0.001608,0.002975,0.012153,0.000127,1e-06,0.228376,0.015156,1e-05,0.000941,0.003045,3.4e-05,2e-06,0.001045,0.000313,2.2e-05,0.001856,0.00038,6e-06,7e-06,9e-06,5e-06,3.2e-05,1.1e-05,1.2e-05,2.6e-05,7e-06,0.252998,9e-06,0.000188,0.006564,5e-06,6e-06,0.073273,0.061267,0.000245,0.001074,0.012169,8.2e-05,0.058892,0.012195,1.6e-05,1.9e-05,0.002233,0.029908,0.002267,0.042023,2.5e-05,0.016116,0.009469,0.002939,0.008322,0.024059,0.00014,0.000788,0.000374,0.000255,0.138098,3e-05,0.07009,0.006294,0.00197,0.108487,0.000225,0.000865,8.2e-05,0.000904,0.000888,0.408039,0.22268,0.000361,0.000293,0.005461,0.020446,0.003458,6.1e-05,0.126288,0.004327,0.00781,0.052158,0.025954,0.031492,5.4e-05,0.032694,0.002265,0.000419,0.011614,1.8e-05,0.026828,0.020903,0.006689,0.000243,0.000229,0.000324,0.00016,0.004698,0.36021,0.000438,4e-04,0.000375,0.626736,0.002624,0.041662,0.000219,0.000513,4e-06,9e-06,0.004879,0.012474,0.275793,0.001498,0.000288,0.016857,0.870076,0.004204,0.002679,0.002436,0.033706,0.000179,0.024097,0.00111,3.3e-05,0.000143,0.007316,0.004046,0.142095,0.822688,0.000253,0.000504,0.084467,0.027407,0.00839,0.000149,0.000256,9e-06,0.002038,6.8e-05,0.000262,2.3e-05,0.026581,3.6e-05,0.31011,0.000895,0.002521,0.002393,0.021215,0.006036,0.13545,0.010415,0.001688,0.000362,0.000328,6.1e-05,0.038298,0.000117,1.1e-05,0.001007,1.3e-05,0.138215,0.0021,0.012562,9e-06,0.003057,1.1e-05,0.000732,0.133687,0.002823,0.130149,0.001782,7.7e-05,7e-06,6e-06,1e-05,0.015732,0.295709,0.000189,3.6e-05,0.000513,0.137816,0.001324,0.000211,0.057236,0.383875,0.000221,0.114103,6.5e-05,0.00043,0.001469,0.367008,1.3e-05,0.015523,0.568068,0.085542,0.000678,0.393044,0.010916,0.002125,0.000292,0.001327,0.000333,8.3e-05,5.8e-05,0.006173,6.8e-05,6.4e-05,0.003723,0.00047,2.2e-05,0.123014,1.4e-05,0.000991,0.100062,0.039928,0.000203,9.1e-05,0.114416,0.000625,0.002278,0.009821,2.5e-05,0.000441,0.009056,5e-05,0.173047,5.5e-05,2.3e-05,2e-05,5e-06,0.000673,2.4e-05,0.000665,0.000298,0.004149,0.000174,0.948337,0.005531,0.010393,0.077705,0.005493,0.009486,0.000974,9.4e-05,7e-05,0.000416,0.002066,5.1e-05,0.008923,0.030052,0.00356,0.002139,0.000461,0.124833,0.000341,0.000124,0.000319,0.003176,2.3e-05,4.8e-05,0.112825,0.05986,0.360714,0.048626,0.133835,0.025117,0.028561,0.510015,0.000866,0.001171,0.012269,0.00018,0.050224,0.095551,0.023562,0.143813,0.005502,0.004737,2.9e-05,0.002219,0.000352,0.585087,0.000137,2.9e-05,0.000344,4.3e-05,1.4e-05,0.016394,0.001322,0.000568,0.060744,0.013351,0.000744,9e-06,0.043522,0.012665,0.677776,0.004757,0.022346,0.060484,0.001141,0.000435,0.006787,2e-05,5e-06,2.1e-05,6e-06,0.000124,0.537068,0.153338,0.400393,6e-05,0.065415,0.002478,3.6e-05,8.5e-05,6.9e-05,0.000525,0.12393,0.006711,0.002764,0.031187,1.1e-05,6.8e-05,1.5e-05,0.110577,0.000123,9e-06,0.024945,4e-04,0.053566,0.008575,0.000276,0.414534,0.000229,8.6e-05,0.000153,3.7e-05,2.7e-05,1.5e-05,1.1e-05
"manyara/kiteto/chapakazi",0,0,0,0,0,0,0,0,0,0,0,0,0,0,0,0,0,0,0,0,0,0,0,0,0,0,0,0,0,0,0,0,0,0,0,0,0,0,0,0,0,0,0,0,0,0,0,0,0,0,0,0,0,0,0,0,0,0,0,0,0,0,0,0,0,0,0,0,0,0,0,0,0,0,0,0,0,0,0,0,0,0,0,0,0,0,0,0,0,0,0,0,0,0,0,0,0,0,0,0,0,0,0,0,0,0,0,0,0,0,0,0,0,0,0,0,0,0,0,0,0,0,0,0,0,0,0,0,0,0,0,0,0,0,0,0,0,0,0,0,0,0,0,0,0,0,0,0,0,0,0,0,0,0,0,0,0,0,0,0,0,0,0,0,0,0,0,0,0,0,0,0,0,0,0,0,0,0,0,0,0,0,0,0,0,0,0,0,0,0,0,0,0,0,0,0,0,0,0,0,0,0,0,0,0,0,0,0,0,0,0,0,0,0,0,0,0,0,0,0,0,0,0,0,0,0,0,0,0,0,0,0,0,0,0,0,0,0,0,0,0,0,0,0,0,0,0,0,0,0,0,0,0,0,0,0,0,0,0,0,0,0,0,0,0,0,0,0,0,0,0,0,0,0,0,0,0,0,0,0,0,0,0,0,0,0,0,0,0,0,0,0,0,0,0,0,0,0,0,0,0,0,0,0,0,0,0,0,0,0,0,0,0,0,0,0,0,0,0,0,0,0,0,0,0,0,0,0,0,0,0,0,0,0,0,0,0,0,0,0,0,0,0,0,0,0,0,0,0,0,0,0,0,0,0,0,0,0,0,0,0,0,0,0,0,0,0,0,0,0,0,0,0,0,0,0,0,0,0,0,0,0,0,0,0,0,0,0,0,0,0,0,0,0,0,0,0,0
"kilimanjaro/same/chome",0,0,0,0,0,0,0,0,0,0,0,0,0,0,0,0,0,0,0,0,0,0,0,0,0,0,0,0,0,0,0,0,0,0,0,0,0,0,0,0,0,0,0,0,0,0,0,0,0,0,0,0,0,0,0,0,0,0,0,0,0,0,0,0,0,0,0,0,0,0,0,0,0,0,0,0,0,0,0,0,0,0,0,0,0,0,0,0,0,0,0,0,0,0,0,0,0,0,0,0,0,0,0,0,0,0,0,0,0,0,0,0,0,0,0,0,0,0,0,0,0,0,0,0,0,0,0,0,0,0,0,0,0,0,0,0,0,0,0,0,0,0,0,0,0,0,0,0,0,0,0,0,0,0,0,0,0,0,0,0,0,0,0,0,0,0,0,0,0,0,0,0,0,0,0,0,0,0,0,0,0,0,0,0,0,0,0,0,0,0,0,0,0,0,0,0,0,0,0,0,0,0,0,0,0,0,0,0,0,0,0,0,0,0,0,0,0,0,0,0,0,0,0,0,0,0,0,0,0,0,0,0,0,0,0,0,0,0,0,0,0,0,0,0,0,0,0,0,0,0,0,0,0,0,0,0,0,0,0,0,0,0,0,0,0,0,0,0,0,0,0,0,0,0,0,0,0,0,0,0,0,0,0,0,0,0,0,0,0,0,0,0,0,0,0,0,0,0,0,0,0,0,0,0,0,0,0,0,0,0,0,0,0,0,0,0,0,0,0,0,0,0,0,0,0,0,0,0,0,0,0,0,0,0,0,0,0,0,0,0,0,0,0,0,0,0,0,0,0,0,0,0,0,0,0,0,0,0,0,0,0,0,0,0,0,0,0,0,0,0,0,0,0,0,0,0,0,0,0,0,0,0,0,0,0,0,0,0,0,0,0,0,0,0,0,0,0,0
"kilimanjaro/mwanga/chomvu",0,0,0,0,0,0,0,0,0,0,0,0,0,0,0,0,0,0,0,0,0,0,0,0,0,0,0,0,0,0,0,0,0,0,0,0,0,0,0,0,0,0,0,0,0,0,0,0,0,0,0,0,0,0,0,0,0,0,0,0,0,0,0,0,0,0,0,0,0,0,0,0,0,0,0,0,0,0,0,0,0,0,0,0,0,0,0,0,0,0,0,0,0,0,0,0,0,0,0,0,0,0,0,0,0,0,0,0,0,0,0,0,0,0,0,0,0,0,0,0,0,0,0,0,0,0,0,0,0,0,0,0,0,0,0,0,0,0,0,0,0,0,0,0,0,0,0,0,0,0,0,0,0,0,0,0,0,0,0,0,0,0,0,0,0,0,0,0,0,0,0,0,0,0,0,0,0,0,0,0,0,0,0,0,0,0,0,0,0,0,0,0,0,0,0,0,0,0,0,0,0,0,0,0,0,0,0,0,0,0,0,0,0,0,0,0,0,0,0,0,0,0,0,0,0,0,0,0,0,0,0,0,0,0,0,0,0,0,0,0,0,0,0,0,0,0,0,0,0,0,0,0,0,0,0,0,0,0,0,0,0,0,0,0,0,0,0,0,0,0,0,0,0,0,0,0,0,0,0,0,0,0,0,0,0,0,0,0,0,0,0,0,0,0,0,0,0,0,0,0,0,0,0,0,0,0,0,0,0,0,0,0,0,0,0,0,0,0,0,0,0,0,0,0,0,0,0,0,0,0,0,0,0,0,0,0,0,0,0,0,0,0,0,0,0,0,0,0,0,0,0,0,0,0,0,0,0,0,0,0,0,0,0,0,0,0,0,0,0,0,0,0,0,0,0,0,0,0,0,0,0,0,0,0,0,0,0,0,0,0,0,0,0,0,0,0,0,0
"arusha/karatu/daa",0.00012,0.000335,1e-05,0.001037,2.1e-05,0.000394,2.6e-05,4e-05,1e-05,0.003309,5.5e-05,7e-06,9.7e-05,0.001439,0.003076,0.000158,7.1e-05,0.00012,2e-05,6e-05,7e-06,8.4e-05,9e-06,8e-06,6e-06,3e-06,1.9e-05,0.000194,1e-06,8e-06,0.000407,1e-05,3e-06,5e-06,0,3.8e-05,0.000146,0.000984,0.000508,0.000587,3.9e-05,6e-06,0.000394,0.001248,6.5e-05,1.3e-05,0.00014,0.036072,0.003652,0.001873,7.5e-05,0.001856,0.000514,4.1e-05,0.000499,7e-06,1.4e-05,2.1e-05,0.00024,0.09498,0.000542,0.004028,0.000825,2.9e-05,0,0.00094,0.000721,3e-05,0.001363,0.001713,0.00073,2e-06,2e-05,0.001219,4.1e-05,0.001388,0.000228,7e-06,9e-06,1.6e-05,4e-06,4.7e-05,2.4e-05,7e-06,2.8e-05,8e-05,0.003299,1.7e-05,0.000739,0.001117,5e-06,1.6e-05,0.002691,0.000767,8.6e-05,0.004928,0.000217,3e-06,0.001253,0.000309,4.8e-05,0.000145,0.000217,0.000228,4.2e-05,0.002029,0.000386,0.000281,0.000147,0.075489,0.000152,0.000864,0.000252,5e-06,1.3e-05,9e-06,0.001177,6e-06,0.001533,0.000151,8.1e-05,0.002848,8e-06,3e-05,3e-06,8.7e-05,0.000303,0.006303,0.000433,1e-05,8e-06,0.000298,0.000575,6.4e-05,2e-06,0.000801,4.8e-05,0.000181,0.005636,0.000465,0.000247,5e-06,0.000301,4.3e-05,1.8e-05,0.000425,5.3e-05,0.000645,0.00055,0.000178,9e-06,6e-06,1.4e-05,8e-06,0.000365,0.011117,3.8e-05,0.000159,3.7e-05,0.022258,8.4e-05,0.0018,4e-06,2e-05,1e-05,6e-06,0.00011,0.000138,0.001583,4.5e-05,0.000106,0.007355,0.024642,0.000174,5.5e-05,0.00042,0.0068,1.6e-05,0.000457,0.000168,3e-06,0.000147,0.000624,7.3e-05,0.003117,0.054644,6e-06,1.2e-05,0.001544,0.000478,0.000119,0.000254,0.001733,4.2e-05,0.002656,1.6e-05,9e-06,2.3e-05,0.000524,0.00011,0.002206,0.000114,0.000351,8e-06,0.00074,7.3e-05,0.004485,0.006924,0.003358,1.2e-05,1e-05,4.3e-05,0.00147,4e-06,0.000229,9.1e-05,0.000107,0.006755,6.2e-05,0.000379,3.8e-05,1e-05,1.2e-05,1.2e-05,0.001899,4.5e-05,0.002737,2.1e-05,0.000784,7e-06,6e-06,9e-05,0.004873,0.003524,4.6e-05,1e-06,1.2e-05,0.000361,0.005522,8e-06,0.000195,0.041159,4e-06,0.009391,4e-06,8e-06,2.9e-05,0.001046,1.3e-05,0.000151,0.008122,0.014632,3.4e-05,0.002018,0.00042,0.000175,1.1e-05,4.2e-05,7e-06,6e-06,4e-06,0.000173,3.1e-05,5e-06,0.020604,8.9e-05,4.9e-05,0.003649,1.1e-05,0.000691,0.002981,0.001101,7e-06,5e-06,0.003978,2.1e-05,0.000202,0.000562,6.5e-05,0.001457,7.2e-05,6.9e-05,0.020953,0.000154,9e-06,2.7e-05,5e-06,2.6e-05,4.2e-05,1.1e-05,4.2e-05,0.000132,1.6e-05,0.005097,0.000114,0.000253,0.002589,4.3e-05,0.000216,0.024151,4e-06,2e-06,8e-06,8.6e-05,1e-05,0.016596,0.000172,2.1e-05,1.4e-05,1.1e-05,0.002579,0.003706,2.8e-05,6e-06,7.5e-05,0.002296,5.4e-05,0.005916,0.002426,0.002934,0.000293,0.00339,0.00027,0.001327,0.021519,0.00146,0.001869,6.3e-05,0.000125,0.000599,0.000837,0.000402,0.025785,0.003547,0.000525,1.1e-05,3.9e-05,0.00024,0.004968,3.9e-05,0.000942,7e-06,0.00026,2.5e-05,0.000811,0.000135,0.000477,0.000994,0.000628,0.000559,3.5e-05,0.000697,6.5e-05,0.009897,0.005207,0.001689,0.000701,3.6e-05,1.6e-05,0.000115,2.1e-05,7e-06,1.6e-05,4e-06,9.3e-05,0.006326,0.001838,0.004239,1.4e-05,0.000593,4.4e-05,2e-06,7e-06,2.8e-05,2.1e-05,0.000407,0.000288,1.5e-05,0.003127,3.9e-05,3e-06,3.3e-05,0.004931,0.000192,4e-05,0.000179,1e-05,0.001123,0.000203,7e-06,0.002114,8e-06,6e-06,1.2e-05,2e-06,3e-06,4.4e-05,5.2e-05
"manyara/babati/dabil",1.8e-05,8e-06,2e-06,5.6e-05,0.000119,8.5e-05,8e-06,8e-06,4.8e-05,0.006201,0.000169,3.6e-05,1.3e-05,0.000206,0.000404,2.1e-05,5.4e-05,0.00328,7.8e-05,0.000242,2e-06,1.4e-05,3.6e-05,2e-06,2e-06,1e-06,6.3e-05,8e-06,1e-06,3e-06,7.2e-05,6e-06,1e-06,1e-06,3.4e-05,0,2e-05,0.012726,4.5e-05,4.8e-05,5.6e-05,4e-05,0.000189,0.002884,4.1e-05,0.000101,9e-06,0.004885,0.001105,1.4e-05,2.2e-05,8e-06,7e-06,4.7e-05,0.008632,0.000217,3e-06,1.5e-05,8.2e-05,0.002448,5.5e-05,0.000168,8.3e-05,1.7e-05,0,0.000139,7e-05,1.6e-05,5.9e-05,0.001425,4e-06,2.1e-05,3e-06,0.00018,0.000187,9.8e-05,1.2e-05,0.00011,1.9e-05,3.1e-05,4e-05,0.000331,8e-05,3.1e-05,0.001229,1.3e-05,0.000614,6.5e-05,0.001015,0.000342,5.7e-05,2.7e-05,0.000584,1e-04,5e-06,0.001063,3.7e-05,1e-06,0.000274,6.8e-05,1.7e-05,7e-06,6.3e-05,3.1e-05,8e-06,0.000344,1e-05,5.5e-05,2.2e-05,7e-04,2.6e-05,0.00017,0.002789,1e-06,3e-06,2e-06,0.000221,4e-06,0.000308,2.8e-05,1.5e-05,0.000539,2e-06,7e-06,1e-06,2.6e-05,0.000139,0.001059,7.3e-05,2e-06,2e-06,6.3e-05,0.000129,1.3e-05,1e-06,0.000112,6e-06,3.7e-05,0.000662,8.9e-05,4.2e-05,1e-06,4e-05,8e-06,4e-06,0.000103,8.9e-05,0.000135,0.000111,3.7e-05,2e-06,2e-06,3e-06,2e-06,9.9e-05,0.00129,8e-06,1.2e-05,1.5e-05,0.004488,1.9e-05,0.000519,1e-06,5e-06,3.7e-05,2.4e-05,2.6e-05,2.1e-05,0.000227,1.1e-05,4.8e-05,0.000521,0.003379,5.3e-05,9e-06,0.00022,0.001357,2e-06,8.9e-05,7.2e-05,1e-06,1e-05,0.000196,1.5e-05,0.000565,0.01093,1e-06,2e-06,0.000287,8.6e-05,2.4e-05,0.00121,0.000155,7.4e-05,0.001373,8e-06,2e-06,3.4e-05,0.000105,2e-06,0.000352,7.2e-05,0.000106,2e-06,0.000151,1.2e-05,0.000974,0.000542,0.000125,2e-06,2e-06,2.6e-05,0.000315,1e-06,5e-06,2.6e-05,7e-06,0.001384,1.3e-05,7.8e-05,0.000106,2e-06,0.000253,2e-06,0.000345,8e-06,0.000483,4e-06,5.6e-05,0.000136,0.000125,3.1e-05,0.000434,0.000475,3.2e-05,0,2e-06,6.7e-05,0.000133,2e-06,3.9e-05,0.005506,1e-06,0.002432,1e-06,2e-06,6e-06,0.000163,0.000136,2.2e-05,0.001097,0.001245,3e-06,0.000298,7.5e-05,5.2e-05,2e-06,1e-05,1e-06,2e-06,1e-06,3.9e-05,3e-06,2e-06,0.00053,8e-06,4.9e-05,4e-04,1.4e-05,0.000201,0.000325,0.000259,2e-06,2e-06,0.000846,4e-06,6e-05,0.000182,2e-05,2.8e-05,1.6e-05,2e-06,0.002602,7.9e-05,5e-06,5.3e-05,5.4e-05,5e-06,0.000401,2e-06,2.3e-05,2.1e-05,5e-06,0.000855,2.3e-05,4e-05,0.000356,6e-06,5.6e-05,0.000144,1e-06,1e-06,2e-06,2.3e-05,6e-06,0.002347,2.5e-05,3e-06,2e-06,2e-06,0.000339,7.4e-05,2.2e-05,1e-06,1.5e-05,4e-06,4e-06,0.000729,0.000483,0.000482,5.7e-05,0.000389,4.7e-05,0.000203,0.002727,0.000121,0.000148,9e-06,1.3e-05,7.6e-05,0.000113,4.8e-05,0.002859,0.000322,0.000188,7e-06,8e-06,1.5e-05,0.000753,4e-05,4e-06,1e-06,4e-06,0.000149,0.000239,4.5e-05,3.2e-05,0.000124,0.000172,4.2e-05,9e-06,0.000113,1e-05,0.001367,0.000238,0.000161,0.000162,9e-06,3e-06,2.3e-05,6.4e-05,5.3e-05,4.2e-05,2.2e-05,9e-06,0.000879,0.000259,0.000574,8e-06,8.6e-05,9e-06,1e-06,2e-06,1.3e-05,4e-06,6.2e-05,7.2e-05,2e-06,0.000419,1.9e-05,1e-06,7.1e-05,0.000971,0.00258,7e-06,2.4e-05,2e-06,0.000218,4e-05,1e-06,0.000335,2e-06,2e-06,3e-06,1e-06,1e-06,4.6e-05,1.6e-05
"arusha/arushaurban/darajambili",0,0,0,0,0,0,0,0,0,0,0,0,0,0,0,0,0,0,0,0,0,0,0,0,0,0,0,0,0,0,0,0,0,0,0,0,0,0,0,0,0,0,0,0,0,0,0,0,0,0,0,0,0,0,0,0,0,0,0,0,0,0,0,0,0,0,0,0,0,0,0,0,0,0,0,0,0,0,0,0,0,0,0,0,0,0,0,0,0,0,0,0,0,0,0,0,0,0,0,0,0,0,0,0,0,0,0,0,0,0,0,0,0,0,0,0,0,0,0,0,0,0,0,0,0,0,0,0,0,0,0,0,0,0,0,0,0,0,0,0,0,0,0,0,0,0,0,0,0,0,0,0,0,0,0,0,0,0,0,0,0,0,0,0,0,0,0,0,0,0,0,0,0,0,0,0,0,0,0,0,0,0,0,0,0,0,0,0,0,0,0,0,0,0,0,0,0,0,0,0,0,0,0,0,0,0,0,0,0,0,0,0,0,0,0,0,0,0,0,0,0,0,0,0,0,0,0,0,0,0,0,0,0,0,0,0,0,0,0,0,0,0,0,0,0,0,0,0,0,0,0,0,0,0,0,0,0,0,0,0,0,0,0,0,0,0,0,0,0,0,0,0,0,0,0,0,0,0,0,0,0,0,0,0,0,0,0,0,0,0,0,0,0,0,0,0,0,0,0,0,0,0,0,0,0,0,0,0,0,0,0,0,0,0,0,0,0,0,0,0,0,0,0,0,0,0,0,0,0,0,0,0,0,0,0,0,0,0,0,0,0,0,0,0,0,0,0,0,0,0,0,0,0,0,0,0,0,0,0,0,0,0,0,0,0,0,0,0,0,0,0,0,0,0,0,0,0,0,0,0,0,0,0,0,0,0,0,0,0,0,0,0,0,0,0,0,0,0
"manyara/babati/dareda",0.000117,5.3e-05,1.2e-05,0.000332,0.00397,0.000521,7.4e-05,7.6e-05,0.000412,0.067853,0.002161,0.000106,8.8e-05,0.00136,0.002336,0.000181,0.000329,0.011664,0.000231,0.000694,1.2e-05,8.6e-05,0.000262,1e-05,1e-05,3e-06,0.000601,6.7e-05,5e-06,1.5e-05,0.000479,3.4e-05,6e-06,7e-06,0.000233,0.003407,0.000134,0,0.000369,0.000286,0.000302,0.000128,0.001018,0.019647,0.000215,0.000987,5.9e-05,0.031962,0.008103,0.000104,0.000201,5.4e-05,5.5e-05,0.000213,0.03008,0.000474,1.8e-05,0.000124,0.000494,0.014792,0.000337,0.001111,0.000528,8.9e-05,0,0.000924,0.000481,7.7e-05,0.000447,0.011142,3e-05,4.6e-05,2e-05,0.001606,0.000531,0.000607,7.4e-05,0.00019,6.5e-05,0.000114,0.00017,0.002061,0.000422,0.000112,0.001408,0.000103,0.003816,0.000215,0.003941,0.001978,0.000173,9.7e-05,0.003482,0.000656,3.2e-05,0.009102,0.000227,4e-06,0.001666,0.000409,0.000169,3.8e-05,0.000362,0.000205,5.2e-05,0.002072,7.5e-05,0.000338,0.000138,0.005041,0.000159,0.00102,0.006491,5e-06,1.5e-05,1.1e-05,0.001386,2.1e-05,0.001873,0.000171,9.2e-05,0.003268,1.1e-05,4.3e-05,5e-06,0.000149,0.000771,0.006736,0.000478,1.2e-05,1e-05,0.00038,0.000776,7.7e-05,3e-06,0.000744,4.1e-05,0.000222,0.004043,0.000546,0.000264,8e-06,0.000264,5.1e-05,2.1e-05,0.000617,0.001348,0.000817,0.000673,0.000224,1e-05,1e-05,1.7e-05,1.4e-05,0.000575,0.008775,4.6e-05,7.5e-05,8.7e-05,0.026985,0.000115,0.003531,5e-06,3e-05,0.000109,7.7e-05,0.000158,0.000135,0.001511,6.7e-05,0.000265,0.003723,0.022185,0.000317,5.6e-05,0.001476,0.01022,1.1e-05,0.000547,0.000406,5e-06,5.8e-05,0.001134,9.3e-05,0.00346,0.064656,7e-06,1.3e-05,0.001765,0.000532,0.000147,0.020478,0.001327,0.000304,0.012888,4.5e-05,1.2e-05,0.00043,0.000639,1.8e-05,0.002256,0.000441,0.000617,1e-05,0.000902,7.5e-05,0.005827,0.004045,0.000767,1.4e-05,1.3e-05,0.000221,0.001875,5e-06,3.2e-05,0.000149,5.3e-05,0.008191,7.5e-05,0.000471,0.000428,1.1e-05,0.002906,1.3e-05,0.002138,4.8e-05,0.00297,2.6e-05,0.000404,0.000312,0.000642,0.000227,0.002629,0.003225,0.00017,1e-06,1.5e-05,0.000437,0.000931,1e-05,0.000247,0.03887,5e-06,0.01436,7e-06,1e-05,3.5e-05,0.001075,0.000301,0.000156,0.007242,0.008275,2.2e-05,0.001971,0.000454,0.000299,1.4e-05,5.9e-05,8e-06,9e-06,7e-06,0.000242,2.7e-05,9e-06,0.003901,4.8e-05,0.00057,0.00271,0.000156,0.001797,0.002167,0.001559,1e-05,9e-06,0.005055,2.6e-05,0.000345,0.001157,0.000196,0.000187,9.9e-05,1.4e-05,0.015672,0.000802,2.7e-05,0.000549,0.000141,2.9e-05,0.002044,1.1e-05,0.000135,0.000128,2.6e-05,0.005607,0.000141,0.000248,0.002272,3.9e-05,0.000343,0.000955,5e-06,3e-06,9e-06,0.000137,3.5e-05,0.019543,0.000162,2e-05,1.3e-05,1.2e-05,0.00228,0.000468,0.00012,8e-06,9.2e-05,2.7e-05,2.7e-05,0.004677,0.002881,0.003275,0.000395,0.002564,0.000295,0.001236,0.017896,0.000706,0.000867,6e-05,7.5e-05,0.000507,0.000746,0.000321,0.017625,0.001884,0.001137,3.6e-05,4.8e-05,9.1e-05,0.004887,0.000299,3.2e-05,8e-06,2.8e-05,0.002078,0.001417,0.000259,0.000189,0.000812,0.001018,0.000252,7.8e-05,0.000706,6.3e-05,0.009019,0.00167,0.001139,0.00105,5.2e-05,2e-05,0.000139,0.001059,0.000208,0.000449,9.3e-05,5.1e-05,0.005773,0.001728,0.003832,4.2e-05,0.000552,5.3e-05,3e-06,1.1e-05,7.2e-05,2.3e-05,0.000416,0.000503,1.4e-05,0.00258,0.000166,5e-06,7e-04,0.005782,0.005721,6.1e-05,0.000162,1.2e-05,0.00133,0.000242,8e-06,0.002175,9e-06,1e-05,2e-05,3e-06,4e-06,0.000396,9.6e-05
"manyara/mbulu/daudi",1.2e-05,1.1e-05,1e-06,4.6e-05,8e-06,4e-05,3.3e-05,6.8e-05,3e-06,0.001069,1.8e-05,1e-06,9e-06,0.000137,0.000405,0.000714,2.5e-05,3.9e-05,4e-06,1.3e-05,1e-06,8e-06,2e-06,1e-06,1e-06,0,6e-06,6.7e-05,0,1e-06,4.3e-05,1e-06,0,1e-06,0.000111,1.1e-05,1.4e-05,0.000339,0,3.3e-05,1.2e-05,1e-06,4.8e-05,0.000485,9e-06,4e-06,9e-06,0.003464,0.000574,8.2e-05,9.2e-05,2e-05,2.6e-05,1e-05,0.000136,2e-06,1e-06,5e-06,2.9e-05,0.003118,3.7e-05,0.000196,6.1e-05,4e-06,0,9.2e-05,6.1e-05,5e-06,0.000116,0.000383,1.1e-05,0,2e-06,0.001697,8e-06,7.8e-05,1.1e-05,2e-06,2e-06,3e-06,1e-06,1.3e-05,8e-06,2e-06,7e-06,0.000118,0.000322,4e-06,0.000144,0.000122,1e-06,3e-06,0.000264,6.9e-05,5e-06,0.00854,2e-05,0,0.000127,3.1e-05,4.8e-05,7e-06,2.3e-05,2.1e-05,4e-06,0.000179,0.000124,2.7e-05,1.3e-05,0.001967,1.4e-05,8.1e-05,6e-05,1e-06,1e-06,1e-06,0.000117,1e-06,0.000149,1.4e-05,8e-06,0.000269,1e-06,3e-06,0,9e-06,3.7e-05,0.000611,4.3e-05,1e-06,1e-06,2.9e-05,5.8e-05,6e-06,0,7.6e-05,4e-06,1.8e-05,0.000418,4.5e-05,2.4e-05,1e-06,2.8e-05,4e-06,2e-06,4.4e-05,2.4e-05,6.3e-05,5.3e-05,1.7e-05,1e-06,1e-06,1e-06,1e-06,3.8e-05,0.001034,4e-06,1e-05,5e-06,0.002201,8e-06,0.000242,0,2e-06,2e-06,1e-06,1.1e-05,1.3e-05,0.000154,5e-06,1.3e-05,0.000606,0.002357,2e-05,5e-06,6.7e-05,0.000999,1e-06,4.4e-05,2e-05,0,7e-06,6.9e-05,7e-06,0.000293,0.005518,1e-06,1e-06,0.000147,4.5e-05,1.2e-05,0.000103,0.000801,1e-05,0.000788,2e-06,1e-06,9e-06,5.1e-05,5e-06,0.000211,1.7e-05,3.9e-05,1e-06,7.1e-05,7e-06,0.000444,0.000694,0.000127,1e-06,1e-06,1e-05,0.000143,0,1.3e-05,1e-05,0.000286,0.000642,6e-06,3.7e-05,1e-05,1e-06,4e-06,1e-06,0.000182,4e-06,0.000255,2e-06,0.000333,2e-06,2e-06,4.8e-05,0.000302,0.000347,6e-06,0,1e-06,3.8e-05,0.000225,1e-06,2e-05,0.004703,0,0.000996,0,1e-06,3e-06,0.000104,3e-06,1.6e-05,0.000761,0.001105,3e-06,0.000196,3.8e-05,1.9e-05,1e-06,4e-06,1e-06,1e-06,0,1.8e-05,4e-06,1e-06,0.001153,6e-06,2.9e-05,0.000323,3e-06,0.000187,0.000255,0.000113,1e-06,1e-06,0.000389,2e-06,2.2e-05,7.1e-05,5.6e-05,4.5e-05,8e-06,3e-06,0.001591,0.000129,1e-06,8e-06,1e-06,2e-06,1.4e-05,1e-06,6e-06,1.2e-05,2e-06,0.00052,1.1e-05,2.2e-05,0.000228,4e-06,2.4e-05,0.000292,0,0,1e-06,9e-06,1e-06,0.003682,1.6e-05,2e-06,1e-06,1e-06,0.000246,9.9e-05,4e-06,1e-06,7e-06,1.1e-05,3e-06,0.000499,0.000229,0.000316,3.4e-05,0.00029,2.6e-05,0.000113,0.001967,8e-05,0.000101,6e-06,8e-06,5.5e-05,7.8e-05,3.6e-05,0.001938,0.000207,6.4e-05,1e-06,4e-06,1.2e-05,0.000475,9e-06,1.4e-05,1e-06,9e-06,8e-06,9e-05,1.5e-05,2.4e-05,8.7e-05,6.7e-05,3e-05,5.1e-05,6.4e-05,6e-06,0.000939,0.00032,0.000154,8e-05,4e-06,2e-06,1.1e-05,8e-06,2e-06,5e-06,1e-06,5e-06,0.000594,0.000178,0.000404,2e-06,5.4e-05,4e-06,0,1e-06,3e-06,2e-06,4.1e-05,3.9e-05,1e-06,0.000254,3e-05,0,1.5e-05,0.000462,5.4e-05,9.4e-05,1.7e-05,1e-06,0.000108,1.9e-05,1e-06,0.000205,1e-06,1e-06,1e-06,0,0,2.3e-05,1.3e-05
"arusha/ngorongoro/digodigo",0,0,0,0,0,0,0,0,0,0,0,0,0,0,0,0,0,0,0,0,0,0,0,0,0,0,0,0,0,0,0,0,0,0,0,0,0,0,0,0,0,0,0,0,0,0,0,0,0,0,0,0,0,0,0,0,0,0,0,0,0,0,0,0,0,0,0,0,0,0,0,0,0,0,0,0,0,0,0,0,0,0,0,0,0,0,0,0,0,0,0,0,0,0,0,0,0,0,0,0,0,0,0,0,0,0,0,0,0,0,0,0,0,0,0,0,0,0,0,0,0,0,0,0,0,0,0,0,0,0,0,0,0,0,0,0,0,0,0,0,0,0,0,0,0,0,0,0,0,0,0,0,0,0,0,0,0,0,0,0,0,0,0,0,0,0,0,0,0,0,0,0,0,0,0,0,0,0,0,0,0,0,0,0,0,0,0,0,0,0,0,0,0,0,0,0,0,0,0,0,0,0,0,0,0,0,0,0,0,0,0,0,0,0,0,0,0,0,0,0,0,0,0,0,0,0,0,0,0,0,0,0,0,0,0,0,0,0,0,0,0,0,0,0,0,0,0,0,0,0,0,0,0,0,0,0,0,0,0,0,0,0,0,0,0,0,0,0,0,0,0,0,0,0,0,0,0,0,0,0,0,0,0,0,0,0,0,0,0,0,0,0,0,0,0,0,0,0,0,0,0,0,0,0,0,0,0,0,0,0,0,0,0,0,0,0,0,0,0,0,0,0,0,0,0,0,0,0,0,0,0,0,0,0,0,0,0,0,0,0,0,0,0,0,0,0,0,0,0,0,0,0,0,0,0,0,0,0,0,0,0,0,0,0,0,0,0,0,0,0,0,0,0,0,0,0,0,0,0,0,0,0,0,0,0,0,0,0,0,0,0,0,0,0,0,0,0,0
"manyara/mbulu/dinamu",0,0,0,0,0,0,0,0,0,0,0,0,0,0,0,0,0,0,0,0,0,0,0,0,0,0,0,0,0,0,0,0,0,0,0,0,0,0,0,0,0,0,0,0,0,0,0,0,0,0,0,0,0,0,0,0,0,0,0,0,0,0,0,0,0,0,0,0,0,0,0,0,0,0,0,0,0,0,0,0,0,0,0,0,0,0,0,0,0,0,0,0,0,0,0,0,0,0,0,0,0,0,0,0,0,0,0,0,0,0,0,0,0,0,0,0,0,0,0,0,0,0,0,0,0,0,0,0,0,0,0,0,0,0,0,0,0,0,0,0,0,0,0,0,0,0,0,0,0,0,0,0,0,0,0,0,0,0,0,0,0,0,0,0,0,0,0,0,0,0,0,0,0,0,0,0,0,0,0,0,0,0,0,0,0,0,0,0,0,0,0,0,0,0,0,0,0,0,0,0,0,0,0,0,0,0,0,0,0,0,0,0,0,0,0,0,0,0,0,0,0,0,0,0,0,0,0,0,0,0,0,0,0,0,0,0,0,0,0,0,0,0,0,0,0,0,0,0,0,0,0,0,0,0,0,0,0,0,0,0,0,0,0,0,0,0,0,0,0,0,0,0,0,0,0,0,0,0,0,0,0,0,0,0,0,0,0,0,0,0,0,0,0,0,0,0,0,0,0,0,0,0,0,0,0,0,0,0,0,0,0,0,0,0,0,0,0,0,0,0,0,0,0,0,0,0,0,0,0,0,0,0,0,0,0,0,0,0,0,0,0,0,0,0,0,0,0,0,0,0,0,0,0,0,0,0,0,0,0,0,0,0,0,0,0,0,0,0,0,0,0,0,0,0,0,0,0,0,0,0,0,0,0,0,0,0,0,0,0,0,0,0,0,0,0,0,0,0
"manyara/hanang/dirma",2e-05,7e-06,3e-06,5.7e-05,2.9e-05,0.000107,3e-06,4e-06,3.6e-05,0.003643,8.6e-05,0.000267,1.5e-05,0.000225,0.00023,1e-05,2e-05,0.000248,4.2e-05,0.000193,3e-06,1.6e-05,3.8e-05,2e-06,2e-06,1e-06,4.5e-05,5e-06,2e-06,4e-06,8.1e-05,1.4e-05,1e-06,2e-06,2.2e-05,0.000159,2.2e-05,0.001901,2.2e-05,5.3e-05,1.8e-05,0,0.00035,0.000722,8.8e-05,4.8e-05,9e-06,0.005205,0.001149,9e-06,9e-06,5e-06,5e-06,2.1e-05,0.004879,5.8e-05,3e-06,1.4e-05,0.000118,0.001945,6.2e-05,0.000156,8.9e-05,3.4e-05,0,0.00015,7e-05,9e-06,4.4e-05,0.001514,3e-06,4.7e-05,4e-06,9e-05,0.000438,0.000104,1.2e-05,5.4e-05,1.9e-05,1.8e-05,4.7e-05,0.000317,1.9e-05,0.000529,0.000253,6e-06,0.00074,2.3e-05,0.00063,0.000491,0.000115,2.5e-05,0.000749,0.00011,5e-06,0.000465,4.4e-05,1e-06,0.000348,8.6e-05,7e-06,5e-06,9e-05,3.3e-05,1.1e-05,0.000419,5e-06,6.8e-05,2.5e-05,0.000491,3.1e-05,0.000214,0.00927,1e-06,3e-06,2e-06,0.000265,8e-06,0.000384,3.5e-05,1.8e-05,0.000664,2e-06,9e-06,1e-06,3.7e-05,0.000242,0.001228,8.4e-05,3e-06,2e-06,8e-05,0.000166,1.6e-05,1e-06,0.000122,7e-06,4.6e-05,0.000755,0.000109,4.9e-05,2e-06,4.2e-05,1e-05,5e-06,0.000137,3.2e-05,0.00017,0.00014,4.7e-05,2e-06,2e-06,4e-06,3e-06,0.000137,0.001307,1e-05,1.2e-05,2.3e-05,0.005561,2.5e-05,0.000612,1e-06,7e-06,4.8e-05,0.00016,3.4e-05,2.4e-05,0.000245,1.5e-05,8.5e-05,0.000461,0.003623,7.3e-05,1.1e-05,0.000302,0.001253,2e-06,0.000111,0.000121,1e-06,1e-05,0.000283,1.9e-05,0.000687,0.013378,1e-06,3e-06,0.00035,0.000105,2.9e-05,0.000238,8.9e-05,3.1e-05,0.000937,1.6e-05,2e-06,1.7e-05,0.00013,2e-06,0.000402,0.000124,0.00015,2e-06,0.00019,1.4e-05,0.001245,0.00045,0.00012,3e-06,3e-06,2.2e-05,0.000403,1e-06,3e-06,3.6e-05,3e-06,0.001757,1.6e-05,9.9e-05,3.4e-05,2e-06,3.9e-05,3e-06,0.000415,9e-06,0.000583,5e-06,2.8e-05,0.000111,3.4e-05,1.2e-05,0.000479,0.000494,7.4e-05,0,3e-06,7.8e-05,0.000108,2e-06,4.6e-05,0.005206,1e-06,0.003253,2e-06,2e-06,7e-06,0.00018,0.000264,2.3e-05,0.00118,0.001249,3e-06,0.000325,9.2e-05,7.3e-05,3e-06,1.3e-05,2e-06,2e-06,2e-06,5e-05,3e-06,2e-06,0.000393,8e-06,1.6e-05,0.000407,9e-06,0.000139,0.000336,0.000336,2e-06,2e-06,0.001078,6e-06,8.5e-05,0.000243,9e-06,2.3e-05,1.9e-05,2e-06,0.002996,3.1e-05,1e-05,3.7e-05,0.000209,6e-06,5.6e-05,2e-06,4.2e-05,2.5e-05,7e-06,0.000958,2.9e-05,4.8e-05,4e-04,6e-06,7.4e-05,0.000106,1e-06,1e-06,2e-06,3.1e-05,1.3e-05,0.001613,2.7e-05,4e-06,2e-06,2e-06,0.000356,6.3e-05,5.1e-05,2e-06,1.9e-05,3e-06,5e-06,0.000803,0.000608,0.000516,6.3e-05,0.000412,5.6e-05,0.000241,0.002904,0.000133,0.000161,1e-05,1.5e-05,8.1e-05,0.000122,5e-05,0.003183,0.000359,0.000272,1.3e-05,1e-05,1.6e-05,0.000841,4.9e-05,3e-06,2e-06,3e-06,6e-05,0.000332,6.7e-05,3.3e-05,0.000134,0.000235,4.6e-05,4e-06,0.000133,1.1e-05,0.001474,0.000206,0.000152,0.000195,1.1e-05,4e-06,2.8e-05,2.5e-05,0.000211,2.6e-05,0.000135,1e-05,0.000957,0.000277,0.000612,1.6e-05,9.6e-05,1.1e-05,1e-06,3e-06,2.4e-05,5e-06,6.6e-05,7.9e-05,2e-06,0.000483,7e-06,1e-06,1.8e-05,0.001221,0.000456,3e-06,2.6e-05,2e-06,0.00027,5e-05,2e-06,0.000379,2e-06,2e-06,5e-06,1e-06,1e-06,1.4e-05,8e-06
"manyara/kiteto/dongo",8.3e-05,1.8e-05,1.8e-05,0.000175,6e-06,0.000696,2e-06,2e-06,6e-06,0.001237,2.2e-05,7e-06,6e-05,0.000902,0.00017,7e-06,8e-06,3.6e-05,7e-06,2.9e-05,4.9e-05,8.3e-05,7e-06,1.3e-05,3e-05,4e-06,1e-05,5e-06,9.9e-05,5e-05,0.00034,0.00078,1.7e-05,1.4e-05,2.8e-05,1.5e-05,8.3e-05,0.00031,1.6e-05,0.000199,6e-06,7e-06,0,0.000198,0.008696,7e-06,2.8e-05,0.019312,0.002549,9e-06,5e-06,7e-06,6e-06,7e-06,0.000306,4e-06,1.6e-05,1.2e-05,0.001499,0.003487,0.000261,0.000435,0.00035,0.006476,0,0.000584,0.000219,4e-06,7.1e-05,0.001344,5e-06,1e-06,1.9e-05,6.1e-05,3.4e-05,0.000379,3.7e-05,4e-06,5e-06,5e-06,3e-06,3.3e-05,5e-06,1.2e-05,1.5e-05,3e-06,0.004091,5e-06,0.000205,0.007537,3e-06,8e-06,0.005337,0.000443,1.5e-05,0.000262,0.000232,8e-06,0.002368,0.000605,4e-06,6e-06,0.001241,0.000127,6.6e-05,0.002369,5e-06,0.000413,0.00012,0.00074,0.000166,0.001372,0.000198,3e-06,2.1e-05,1.7e-05,0.001434,0.00044,0.002415,0.000205,0.000107,0.003984,2e-05,7.7e-05,9e-06,0.000554,0.040562,0.005899,0.000376,1.7e-05,1.4e-05,0.000548,0.001208,9.5e-05,6e-06,0.000481,2.5e-05,0.000295,0.003392,0.000649,0.000244,3e-05,0.000161,6.1e-05,3e-05,0.001132,1e-05,0.001132,0.000907,0.000314,1.4e-05,1.7e-05,2.5e-05,3.4e-05,0.001529,0.004264,6.5e-05,4.3e-05,0.000615,0.033629,0.00019,0.002358,6e-06,6e-05,6e-06,9e-06,0.000248,0.000116,0.000941,0.00012,0.028862,0.001097,0.013716,0.000766,5.8e-05,0.001023,0.002466,9e-06,0.000673,0.010421,1.6e-05,3.5e-05,0.004609,0.000123,0.003907,0.075369,8e-06,1.5e-05,0.002022,0.000589,0.000178,5.5e-05,7.7e-05,9e-06,0.00066,0.011084,1.7e-05,6e-06,0.00081,3e-06,0.001855,0.000867,0.002042,9e-06,0.001262,7.1e-05,0.008728,0.000878,0.000336,2e-05,1.8e-05,1.9e-05,0.002848,8e-06,3e-06,0.00046,3e-06,0.011815,0.000103,0.000665,8e-06,9e-06,5e-06,1.4e-05,0.002291,5e-05,0.003238,3e-05,2e-05,4e-06,3e-06,6e-06,0.001915,0.001707,0.002993,1e-06,1.9e-05,0.000362,0.000226,1.4e-05,0.000235,0.01308,6e-06,0.028647,1.9e-05,1.3e-05,4.5e-05,0.00074,9e-06,7.5e-05,0.004547,0.004104,1e-05,0.001295,0.000544,0.001003,1.9e-05,1e-04,1e-05,2.5e-05,2e-05,0.000328,4e-06,2.8e-05,0.000653,3.3e-05,6e-06,0.001361,4e-06,0.000123,0.001188,0.002551,1.7e-05,2.6e-05,0.007428,3.8e-05,0.001206,0.001662,5e-06,5e-05,0.000114,5e-06,0.013741,1.4e-05,0.001939,1.2e-05,4e-06,3.9e-05,1e-05,1.1e-05,0.001037,0.000129,9.1e-05,0.004083,0.000183,0.000246,0.001769,2.4e-05,0.000579,0.000179,7e-06,6e-06,1.2e-05,0.000298,0.000458,0.001758,0.000111,1.6e-05,9e-06,1.4e-05,0.001274,0.00014,0.000807,1.1e-05,0.00012,4e-06,1.9e-05,0.003338,0.003958,0.001865,0.000222,0.00154,0.000295,0.001254,0.010897,0.000473,0.000577,3.8e-05,5.6e-05,0.000299,0.000482,0.000184,0.013465,0.001365,0.003314,0.00105,6.1e-05,5.4e-05,0.003617,4.1e-05,4e-06,1e-05,5e-06,1.1e-05,0.003734,0.001481,0.000116,0.000529,0.002383,0.000166,2e-06,0.000682,4.5e-05,0.005702,0.000485,0.000413,0.001005,9.1e-05,2.9e-05,0.000172,7e-06,7e-06,7e-06,5e-06,3.6e-05,0.003813,0.001046,0.002281,0.004551,0.000418,6.6e-05,8e-06,3.8e-05,0.030739,3e-05,0.000248,0.000248,9e-06,0.002287,3e-06,1e-05,5e-06,0.007864,6.3e-05,2e-06,9.9e-05,1.4e-05,0.00164,0.000309,1e-05,0.001678,1.3e-05,2.8e-05,6e-05,7e-06,1.7e-05,5e-06,4e-06
"manyara/mbulu/dongobesh",2e-05,1.3e-05,2e-06,7.8e-05,7.9e-05,8.9e-05,2.5e-05,2.4e-05,1.9e-05,0.004562,0.000101,1.3e-05,1.5e-05,0.000237,0.001122,6.3e-05,0.000401,0.000985,6.6e-05,0.000161,2e-06,1.5e-05,1.4e-05,2e-06,2e-06,1e-06,3.1e-05,1.8e-05,1e-06,2e-06,7.9e-05,5e-06,1e-06,1e-06,7.1e-05,0.000185,2.3e-05,0.004794,0.000127,6.2e-05,0.000435,1.2e-05,0.000157,0,3e-05,3.2e-05,1.2e-05,0.005718,0.001114,3.1e-05,8e-05,1.8e-05,1.4e-05,0.000138,0.001368,2.2e-05,3e-06,1.3e-05,7.6e-05,0.004533,6.7e-05,0.000241,0.000101,1.3e-05,0,0.000159,8.8e-05,3.9e-05,9.4e-05,0.001111,8e-06,4e-06,4e-06,0.000434,8.2e-05,0.000127,1.6e-05,2.4e-05,1.7e-05,4.2e-05,9e-06,9.6e-05,0.000778,1.1e-05,0.000102,4.7e-05,0.000664,9e-05,0.001542,0.000328,1.1e-05,2.7e-05,0.000612,0.000117,7e-06,0.003612,4e-05,1e-06,0.000286,7.1e-05,4.8e-05,1.3e-05,6.1e-05,3.6e-05,9e-06,0.000381,2.4e-05,5.9e-05,2.5e-05,0.001305,2.8e-05,0.000182,0.000629,1e-06,3e-06,2e-06,0.000239,3e-06,0.000328,3e-05,1.6e-05,0.000582,2e-06,7e-06,1e-06,2.5e-05,0.000117,0.001173,8.1e-05,2e-06,2e-06,6.6e-05,0.000134,1.3e-05,1e-06,0.00013,7e-06,3.9e-05,0.000785,9.6e-05,4.6e-05,1e-06,4.6e-05,9e-06,4e-06,0.000105,0.000121,0.000143,0.000119,3.9e-05,2e-06,2e-06,3e-06,2e-06,9.8e-05,0.001566,8e-06,1.5e-05,1.3e-05,0.004787,2e-05,0.00051,1e-06,5e-06,2.1e-05,1e-05,2.7e-05,2.4e-05,0.000261,1.1e-05,4.1e-05,0.000714,0.003937,5e-05,1e-05,0.000181,0.001556,2e-06,9.6e-05,6.2e-05,1e-06,1.3e-05,0.000186,1.6e-05,0.000615,0.011719,1e-06,2e-06,0.000311,9.4e-05,2.5e-05,0.002118,0.000309,0.000175,0.001537,7e-06,2e-06,3.3e-05,0.000112,4e-06,0.000394,5.4e-05,0.000102,2e-06,0.00016,1.3e-05,0.001021,0.000758,0.000185,3e-06,2e-06,2.4e-05,0.000331,1e-06,1.3e-05,2.5e-05,1.7e-05,0.001473,1.3e-05,8.3e-05,0.000298,2e-06,4.5e-05,2e-06,0.000375,8e-06,0.000529,4e-06,0.000183,1.9e-05,1.9e-05,0.00017,0.000541,0.000558,2.3e-05,0,3e-06,7.3e-05,0.000214,2e-06,4.1e-05,0.00671,1e-06,0.00244,1e-06,2e-06,6e-06,0.000184,3.4e-05,2.6e-05,0.001278,0.001588,4e-06,0.000341,8.2e-05,5e-05,2e-06,1e-05,1e-06,2e-06,1e-06,4.1e-05,5e-06,1e-06,0.00089,1e-05,0.000146,0.000489,1.2e-05,0.000259,0.000395,0.000266,2e-06,2e-06,0.000891,5e-06,5.8e-05,0.000171,4.5e-05,4.5e-05,1.6e-05,3e-06,0.00306,0.000249,4e-06,3.5e-05,1.1e-05,5e-06,0.000618,2e-06,1.8e-05,2.3e-05,4e-06,0.000951,2.5e-05,4.5e-05,0.00041,7e-06,5.6e-05,0.000273,1e-06,1e-06,2e-06,2.3e-05,5e-06,0.003466,2.8e-05,4e-06,2e-06,2e-06,0.000399,0.000125,1.5e-05,1e-06,1.6e-05,8e-06,6e-06,0.000859,0.000516,0.000543,6.2e-05,0.000467,5.2e-05,0.000229,0.003224,0.000157,0.000191,1e-05,1.6e-05,9e-05,0.000132,5.7e-05,0.003428,0.000406,0.000171,5e-06,8e-06,2e-05,0.000853,2.8e-05,9e-06,1e-06,7e-06,6.2e-05,0.000231,4.2e-05,4.2e-05,0.000146,0.00017,5.5e-05,2.5e-05,0.000126,1.1e-05,0.001586,0.000348,0.000207,0.000167,9e-06,4e-06,2.4e-05,4.7e-05,1.4e-05,2.4e-05,7e-06,1.1e-05,0.001017,0.000299,0.00067,6e-06,9.8e-05,9e-06,0,2e-06,1.1e-05,4e-06,7e-05,7.4e-05,2e-06,0.000484,9.5e-05,1e-06,0.000587,0.001042,0.001313,2e-05,2.8e-05,2e-06,0.000234,4.3e-05,1e-06,0.000376,2e-06,2e-06,3e-06,1e-06,1e-06,0.000447,6.5e-05
"manyara/kiteto/dosidosi",0.000724,0.000163,0.000136,0.001514,7.4e-05,0.005558,1.9e-05,2.4e-05,8.4e-05,0.015449,0.000279,0.000101,0.000521,0.007884,0.001709,6.9e-05,8.2e-05,0.00044,8.6e-05,0.000344,0.000298,0.000684,9.2e-05,0.000102,0.000202,3.2e-05,0.00014,4.6e-05,0.002588,0.000325,0.003025,0.096733,0.000116,0.000103,0.000275,0.000193,0.000734,0.003829,0.000165,0.001673,6.3e-05,0.000106,0.370305,0.002246,0,9e-05,0.000245,0.154042,0.026848,9.2e-05,5.2e-05,6.9e-05,6.3e-05,7.6e-05,0.004134,4.9e-05,0.000141,0.000149,0.011664,0.031541,0.002171,0.003868,0.002989,0.273219,1e-06,0.005171,0.001979,4.6e-05,0.000688,0.01726,4.5e-05,1.6e-05,0.000159,0.000649,0.00044,0.003224,0.000323,4.6e-05,5.3e-05,5.4e-05,3.8e-05,0.00046,5.2e-05,0.000193,0.000193,3.6e-05,0.032963,5.4e-05,0.002237,0.046676,4.9e-05,8.5e-05,0.039907,0.003836,0.000135,0.002799,0.001901,5.9e-05,0.018464,0.004703,4.2e-05,6e-05,0.007878,0.001126,0.000526,0.018637,5e-05,0.00331,0.001008,0.007078,0.001353,0.010641,0.002683,2.7e-05,0.000166,0.000127,0.01184,0.012777,0.018965,0.001639,0.000858,0.031123,0.000149,0.000578,6.7e-05,0.00347,0.142853,0.048512,0.003261,0.000129,0.000109,0.004253,0.009278,0.000763,4.6e-05,0.004226,0.000224,0.002324,0.027542,0.005207,0.002051,0.000194,0.00142,0.000489,0.000232,0.008461,0.000123,0.008846,0.007096,0.002449,0.000111,0.000134,0.000193,0.000246,0.010371,0.037665,0.000498,0.000373,0.004315,0.228948,0.001449,0.023063,4.7e-05,0.000443,7.8e-05,0.000127,0.001939,0.000979,0.008309,0.000913,0.06287,0.010199,0.112489,0.005872,0.000471,0.012427,0.024908,7.3e-05,0.005374,0.046427,0.000103,0.000302,0.028757,0.000977,0.030945,0.432744,6.2e-05,0.000123,0.016191,0.004768,0.001436,0.000645,0.000801,9.9e-05,0.007611,0.066001,0.000134,7.5e-05,0.006434,3.1e-05,0.015687,0.012363,0.013625,7.9e-05,0.009742,0.000587,0.064695,0.008451,0.002946,0.000157,0.00014,0.000232,0.021531,6e-05,2.9e-05,0.003012,2.8e-05,0.085885,0.000807,0.005159,9.2e-05,7.8e-05,6.1e-05,0.000116,0.018557,0.000409,0.025858,0.000244,0.000205,6e-05,4.2e-05,6.4e-05,0.015867,0.015304,0.280747,8e-06,0.000149,0.00315,0.002092,0.00011,0.002008,0.115793,5.1e-05,0.187732,0.00013,0.000102,0.000358,0.006491,0.000121,0.000698,0.039079,0.035533,9.1e-05,0.011344,0.004301,0.006523,0.00015,0.000764,8.3e-05,0.000173,0.000137,0.00265,4.1e-05,0.000185,0.006248,0.000279,7e-05,0.012123,4.5e-05,0.001359,0.010449,0.019445,0.000128,0.00018,0.055411,0.000292,0.007713,0.015076,5.8e-05,0.000455,0.000956,4.8e-05,0.105233,0.000156,0.021529,0.00016,5.1e-05,0.000303,0.000121,9e-05,0.012762,0.00105,0.000584,0.035117,0.001452,0.002014,0.014895,0.000209,0.004593,0.001679,5.5e-05,4.6e-05,9.6e-05,0.002199,0.010858,0.018249,0.000972,0.000134,7.8e-05,0.000115,0.011335,0.001267,0.029638,8.4e-05,0.000947,3.7e-05,0.000157,0.028052,0.030155,0.016863,0.002085,0.01338,0.002439,0.010098,0.090387,0.003997,0.004867,0.000338,0.00047,0.002647,0.004219,0.001624,0.105244,0.011357,0.026816,0.019332,0.000486,0.000462,0.030728,0.000564,4.1e-05,8.1e-05,4.4e-05,0.000139,0.026758,0.00857,0.000988,0.004591,0.017142,0.001407,2.3e-05,0.005618,0.000393,0.048737,0.004465,0.00382,0.008832,0.000688,0.000224,0.00138,8.2e-05,1e-04,9.3e-05,7.5e-05,0.000305,0.032718,0.009261,0.020028,0.13763,0.003578,0.000526,5.4e-05,0.000249,0.02651,0.000237,0.002226,0.002466,7.7e-05,0.018648,3.4e-05,7.6e-05,5.8e-05,0.058813,0.000753,2.1e-05,0.000878,0.000114,0.013002,0.002448,8.1e-05,0.014373,9.8e-05,0.00019,4e-04,5.2e-05,0.000109,5.6e-05,4.2e-05
"manyara/babati/duru",0,0,0,0,0,0,0,0,0,0,0,0,0,0,0,0,0,0,0,0,0,0,0,0,0,0,0,0,0,0,0,0,0,0,0,0,0,0,0,0,0,0,0,0,0,0,0,0,0,0,0,0,0,0,0,0,0,0,0,0,0,0,0,0,0,0,0,0,0,0,0,0,0,0,0,0,0,0,0,0,0,0,0,0,0,0,0,0,0,0,0,0,0,0,0,0,0,0,0,0,0,0,0,0,0,0,0,0,0,0,0,0,0,0,0,0,0,0,0,0,0,0,0,0,0,0,0,0,0,0,0,0,0,0,0,0,0,0,0,0,0,0,0,0,0,0,0,0,0,0,0,0,0,0,0,0,0,0,0,0,0,0,0,0,0,0,0,0,0,0,0,0,0,0,0,0,0,0,0,0,0,0,0,0,0,0,0,0,0,0,0,0,0,0,0,0,0,0,0,0,0,0,0,0,0,0,0,0,0,0,0,0,0,0,0,0,0,0,0,0,0,0,0,0,0,0,0,0,0,0,0,0,0,0,0,0,0,0,0,0,0,0,0,0,0,0,0,0,0,0,0,0,0,0,0,0,0,0,0,0,0,0,0,0,0,0,0,0,0,0,0,0,0,0,0,0,0,0,0,0,0,0,0,0,0,0,0,0,0,0,0,0,0,0,0,0,0,0,0,0,0,0,0,0,0,0,0,0,0,0,0,0,0,0,0,0,0,0,0,0,0,0,0,0,0,0,0,0,0,0,0,0,0,0,0,0,0,0,0,0,0,0,0,0,0,0,0,0,0,0,0,0,0,0,0,0,0,0,0,0,0,0,0,0,0,0,0,0,0,0,0,0,0,0,0,0,0,0,0,0,0,0,0,0,0,0,0,0,0,0,0,0,0,0,0,0,0,0
"arusha/longido/elengatadapash",0,0,0,0,0,0,0,0,0,0,0,0,0,0,0,0,0,0,0,0,0,0,0,0,0,0,0,0,0,0,0,0,0,0,0,0,0,0,0,0,0,0,0,0,0,0,0,0,0,0,0,0,0,0,0,0,0,0,0,0,0,0,0,0,0,0,0,0,0,0,0,0,0,0,0,0,0,0,0,0,0,0,0,0,0,0,0,0,0,0,0,0,0,0,0,0,0,0,0,0,0,0,0,0,0,0,0,0,0,0,0,0,0,0,0,0,0,0,0,0,0,0,0,0,0,0,0,0,0,0,0,0,0,0,0,0,0,0,0,0,0,0,0,0,0,0,0,0,0,0,0,0,0,0,0,0,0,0,0,0,0,0,0,0,0,0,0,0,0,0,0,0,0,0,0,0,0,0,0,0,0,0,0,0,0,0,0,0,0,0,0,0,0,0,0,0,0,0,0,0,0,0,0,0,0,0,0,0,0,0,0,0,0,0,0,0,0,0,0,0,0,0,0,0,0,0,0,0,0,0,0,0,0,0,0,0,0,0,0,0,0,0,0,0,0,0,0,0,0,0,0,0,0,0,0,0,0,0,0,0,0,0,0,0,0,0,0,0,0,0,0,0,0,0,0,0,0,0,0,0,0,0,0,0,0,0,0,0,0,0,0,0,0,0,0,0,0,0,0,0,0,0,0,0,0,0,0,0,0,0,0,0,0,0,0,0,0,0,0,0,0,0,0,0,0,0,0,0,0,0,0,0,0,0,0,0,0,0,0,0,0,0,0,0,0,0,0,0,0,0,0,0,0,0,0,0,0,0,0,0,0,0,0,0,0,0,0,0,0,0,0,0,0,0,0,0,0,0,0,0,0,0,0,0,0,0,0,0,0,0,0,0,0,0,0,0,0,0
"arusha/arushaurban/elerai",1e-05,0,0,0,0,2e-06,0,0,0,1e-06,0,0,1.2e-05,0.000253,0,0,0,0,0,0,0,1e-06,0,0,0,0,0,0,0,0,1.7e-05,0,0,0,0,0,7.9e-05,0,0,0,0,0,0,0,0,0,0,0,6e-06,0,0,0,0,0,0,0,0,0,0,2e-06,1e-06,1e-06,6e-06,0,0,0.000129,1.1e-05,0,0,1e-06,0,0,0,0,0,1e-06,0,0,0,0,0,0,0,0,0,0,3.6e-05,0,0,1e-06,0,0,1e-05,6.3e-05,0,0,2e-06,0,6e-06,1e-06,0,0,0,0.000174,0,9e-06,0,2e-06,3e-06,1e-06,1e-06,4e-06,0,4e-06,0,0,1.5e-05,0,9e-06,1e-06,0,1.7e-05,0,0,0,0,0,0.000105,1.4e-05,0,0,1e-06,2e-06,0,0,0.000213,1.3e-05,1e-06,1.7e-05,3e-06,5e-06,0,0.000374,0,0,1e-06,0,3e-06,3e-06,1e-06,0,0,0,0,1e-06,0.000441,0,0,0,0.00015,0,5e-06,0,0,0,0,0,3e-06,0.000352,0,0,8e-06,0.027732,0,1e-06,0,8e-06,0,3e-06,0,0,0,1e-06,0,2.4e-05,0.000713,0,0,1.2e-05,4e-06,1e-06,0,0,0,0,0,0,0,3e-06,0,7.1e-05,0,0,0,3e-06,1e-06,1.8e-05,4e-06,0,0,0,0,5e-06,0,0,0,0,2.3e-05,0,2e-06,0,0,0,0,2e-05,0,2.3e-05,0,0,0,0,0,5e-06,0.000279,0,0,0,5e-06,1e-06,0,3e-06,0.000302,0,1.8e-05,0,0,0,7.7e-05,0,3e-06,0.004393,7.3e-05,0,0.000283,2e-06,0,0,0,0,0,0,1e-06,0,0,1e-06,0,0,0.000141,0,0,0.000121,4e-06,0,0,1.6e-05,0,0,1e-06,0,0,1e-06,0,5.8e-05,0,0,0,0,0,0,0,0,1e-06,0,0.000205,1e-06,2e-06,4.7e-05,8.2e-05,1e-06,0,0,0,0,0,0,3e-06,2e-05,1e-06,1e-06,0,0.00045,0,0,0,0,0,0,9.4e-05,9e-06,5.7e-05,3e-06,0.000166,4e-06,7e-06,0.003111,0,0,1.6e-05,0,0.000296,0.000212,5.1e-05,7.9e-05,1e-06,1e-06,0,0,0,0.000308,0,0,0,0,0,2e-06,0,0,6.8e-05,1e-06,0,0,9e-06,5e-06,0.004645,2e-06,9e-06,4e-06,0,0,1e-06,0,0,0,0,0,0.001264,0.000366,0.003621,0,2.7e-05,0,0,0,0,0,2.8e-05,1e-06,5e-06,1.3e-05,0,0,0,1.9e-05,0,0,0.000174,0,7e-06,1e-06,0,9.5e-05,0,0,0,0,0,0,0
"manyara/simanjiro/emboreet",0.000138,1e-05,6e-06,3.9e-05,5e-06,0.000416,2e-06,2e-06,4e-06,0.00152,2.1e-05,2e-06,9.5e-05,0.001643,7.2e-05,6e-06,3e-06,1.3e-05,2e-06,6e-06,4e-06,4.8e-05,4e-06,7e-06,4e-06,2e-06,9e-06,6e-06,1e-06,6e-06,0.001274,6e-06,2e-06,4e-06,1.5e-05,5e-06,0.000166,0.00014,1.1e-05,6e-05,3e-06,1e-06,0.000145,8e-05,2.6e-05,5e-06,2.7e-05,0.038152,0,6e-06,3e-06,4e-06,8e-06,3e-06,0.000101,2e-06,2.4e-05,4.2e-05,0.000354,0.000955,8.4e-05,0.000257,0.000302,1.7e-05,0,0.001278,0.00045,2e-06,0.00014,0.002647,4e-06,0,1.4e-05,7.3e-05,5e-06,0.000128,2.1e-05,1e-06,1e-06,1e-06,1e-06,1.3e-05,2e-06,3e-06,6e-06,2e-06,0.003269,2e-06,4.3e-05,0.000585,1e-06,1e-06,0.001866,0.000639,1.2e-05,0.000235,0.00016,2e-06,0.001186,0.000261,4e-06,2e-06,0.000134,0.000244,3.6e-05,0.000971,5e-06,0.000243,0.000108,0.000546,0.000111,0.000529,4.2e-05,6e-06,8e-06,6e-06,0.001334,5e-06,0.001249,0.000106,4.2e-05,0.002006,6e-06,2.5e-05,3e-06,5.6e-05,0.000148,0.004918,0.000629,7e-06,6e-06,0.00016,0.00048,5.4e-05,2e-06,0.000898,4.4e-05,0.000142,0.001632,0.000386,0.000248,3e-06,0.000306,3.5e-05,1e-05,0.000354,7e-06,0.000523,0.000406,0.000135,5e-06,7e-06,8e-06,7e-06,0.000232,0.010391,1.5e-05,2.2e-05,4.1e-05,0.019128,6.7e-05,0.011062,3e-06,1.7e-05,1e-06,2e-06,0.000116,0.000116,0.002013,4.4e-05,4.6e-05,0.001827,0.026594,0.000237,3.8e-05,0.001494,0.030331,5e-06,0.000379,0.000126,2e-06,1e-05,0.000489,6.8e-05,0.002319,0.076288,4e-06,8e-06,0.001253,0.000378,0.000116,3.7e-05,8.3e-05,2e-06,0.001284,9e-06,6e-06,8e-06,0.000439,4e-06,0.00235,0.000217,0.000208,1.2e-05,0.000475,6.1e-05,0.003378,0.001964,0.000133,8e-06,7e-06,5.5e-05,0.000964,3e-06,2e-06,5.6e-05,3e-06,0.003854,4.3e-05,0.000267,2e-06,1.3e-05,3e-06,1e-05,0.001698,3.5e-05,0.002021,2.2e-05,1.4e-05,2e-06,2e-06,3e-06,0.000756,0.004685,2.9e-05,1e-06,9e-06,0.000453,0.000174,5e-06,0.000327,0.10666,4e-06,0.006055,3e-06,7e-06,2.4e-05,0.001464,3e-06,0.00031,0.008363,0.003973,2.1e-05,0.00257,0.000229,0.000124,7e-06,3.5e-05,6e-06,4e-06,3e-06,0.000155,1.7e-05,4e-06,0.000675,1.8e-05,6e-06,0.00282,5e-06,0.000414,0.002005,0.00103,6e-06,5e-06,0.002803,1.4e-05,0.000137,0.001182,6e-06,4e-05,0.000113,4e-06,0.006108,1.3e-05,4e-06,1e-05,1e-06,1.5e-05,5e-06,8e-06,4.9e-05,7.3e-05,1e-05,0.008125,9.4e-05,0.000158,0.00131,4.7e-05,0.000301,0.000111,2e-06,2e-06,7e-06,8.1e-05,8e-06,0.00378,0.000185,2.1e-05,1.4e-05,8e-06,0.00208,4.5e-05,2.2e-05,5e-06,5.7e-05,3e-06,4e-06,0.002522,0.001431,0.004678,0.001235,0.002301,0.00025,0.000613,0.013319,8.8e-05,0.000115,7.5e-05,1.3e-05,0.000572,0.000832,0.000334,0.005948,0.000372,0.000615,6e-06,3.5e-05,2.1e-05,0.005512,7.2e-05,4e-06,6e-06,5e-06,6e-06,0.000867,0.000102,3.8e-05,0.000757,0.000578,5e-05,2e-06,0.000529,7e-05,0.010775,0.000511,0.001181,0.001313,3.2e-05,1e-05,0.000102,6e-06,2e-06,7e-06,2e-06,9e-06,0.006549,0.001627,0.004832,8e-06,0.000538,3.8e-05,2e-06,5e-06,1.1e-05,1.2e-05,0.000666,0.002649,1.7e-05,0.000943,2e-06,2e-06,3e-06,0.002799,2.6e-05,2e-06,2e-04,7e-06,0.000889,0.000151,5e-06,0.002531,5e-06,4e-06,8e-06,2e-06,2e-06,3e-06,2e-06
"arusha/karatu/endabash",0.000308,0.000515,2.4e-05,0.001695,7.4e-05,0.000978,0.000118,0.000192,3.4e-05,0.011687,0.000193,1.9e-05,0.000245,0.003697,0.007203,0.000818,0.000227,0.000393,5.6e-05,0.00017,1.7e-05,0.000206,2.9e-05,2e-05,1.4e-05,6e-06,6.4e-05,0.001456,4e-06,2.1e-05,0.00108,2.5e-05,8e-06,1.2e-05,0.014176,0.000121,0.000377,0.003337,0.002879,0.001091,0.000122,1.9e-05,0.000984,0.004188,0.000166,4.5e-05,0.000309,0.089459,0.011282,0,0.000326,0.001308,0.002298,0.000118,0.001595,2.1e-05,3.6e-05,7.1e-05,0.000619,0.118061,0.001153,0.008014,0.001902,7.3e-05,1e-06,0.002456,0.001849,7.7e-05,0.004471,0.005665,0.001007,5e-06,4.9e-05,0.006409,0.000115,0.002738,0.000435,2e-05,2.4e-05,4.4e-05,1.2e-05,0.000154,7.7e-05,2.2e-05,8.8e-05,0.000357,0.008151,5e-05,0.001991,0.002748,1.4e-05,4.4e-05,0.00647,0.00192,0.000179,0.022252,0.000526,8e-06,0.003084,0.000755,0.000215,0.000228,0.000526,0.000588,0.000102,0.004725,0.003733,0.000688,0.000358,0.157576,0.000367,0.002059,0.000756,1.4e-05,3e-05,2.2e-05,0.002948,1.6e-05,0.003729,0.000364,0.000196,0.006844,1.9e-05,7.3e-05,8e-06,0.000211,0.000766,0.01577,0.001118,2.4e-05,2e-05,0.000722,0.001403,0.000155,5e-06,0.002061,0.000123,0.000439,0.012395,0.001135,0.000617,1.2e-05,0.000773,0.000105,4.2e-05,0.001039,0.000198,0.001569,0.001329,0.000431,2.1e-05,1.6e-05,3.4e-05,2.1e-05,0.000884,0.028826,9.1e-05,0.000341,9.6e-05,0.0532,0.000205,0.00513,9e-06,5e-05,2.8e-05,1.8e-05,0.000274,0.000341,0.004122,0.000112,0.000267,0.019636,0.06184,0.000442,0.000132,0.001235,0.02132,3.5e-05,0.001114,0.000424,7e-06,0.000254,0.001543,0.000179,0.007524,0.126953,1.5e-05,2.9e-05,0.00376,0.001162,0.000294,0.000891,0.009596,0.000122,0.009939,3.9e-05,2.2e-05,8.5e-05,0.001279,0.000277,0.005548,0.000317,0.000869,2.2e-05,0.001772,0.00018,0.010824,0.020773,0.00522,2.8e-05,2.4e-05,0.00015,0.003524,1e-05,0.000427,0.00022,0.000717,0.015934,0.000149,0.000914,0.000114,2.5e-05,3.9e-05,3e-05,0.004663,0.000109,0.006611,5.2e-05,0.003049,2.1e-05,2e-05,0.000323,0.009792,0.009339,0.000119,2e-06,2.9e-05,0.000943,0.01132,1.9e-05,0.000503,0.112858,1e-05,0.022939,1e-05,2e-05,7e-05,0.002719,3.8e-05,0.000416,0.020657,0.034694,8.7e-05,0.005227,0.000991,0.00043,2.7e-05,0.000103,1.6e-05,1.4e-05,1e-05,0.000435,0.000108,1.3e-05,0.05727,0.000189,0.00019,0.009358,3.9e-05,0.002678,0.007473,0.002709,1.7e-05,1.3e-05,0.009559,5.1e-05,0.000493,0.001513,3e-04,0.002398,0.000185,0.000121,0.045436,0.000647,2.3e-05,9.3e-05,1.4e-05,6.1e-05,0.000137,2.6e-05,0.000112,0.000313,3.8e-05,0.013247,0.000279,0.000606,0.006316,0.000112,0.000547,0.019736,9e-06,6e-06,1.9e-05,0.000213,2.6e-05,0.064862,0.000439,5.2e-05,3.4e-05,2.6e-05,0.006731,0.004731,7.5e-05,1.6e-05,0.000183,0.001238,0.000102,0.01424,0.005758,0.007955,0.000819,0.00841,0.000667,0.003082,0.053404,0.002622,0.003364,0.000164,0.000235,0.001537,0.002135,0.001024,0.056665,0.006617,0.001366,2.9e-05,9.6e-05,0.000438,0.012577,0.000126,0.001811,1.6e-05,0.000632,8.7e-05,0.00203,0.000334,0.000848,0.002476,0.001553,0.001014,0.000164,0.001695,0.000165,0.025205,0.012462,0.004558,0.001866,8.9e-05,3.9e-05,0.000281,7.7e-05,2.2e-05,5.4e-05,1.2e-05,0.000171,0.016052,0.004791,0.010966,3.6e-05,0.001483,0.000107,4e-06,1.6e-05,7e-05,4.9e-05,0.001082,0.000839,3.8e-05,0.007206,0.000155,8e-06,0.000116,0.011635,0.000595,0.000196,0.000463,2.4e-05,0.002728,0.000491,1.6e-05,0.005386,1.8e-05,1.4e-05,2.9e-05,5e-06,6e-06,0.000159,0.00015
"manyara/mbulu/endagikot",8e-06,6e-06,1e-06,2.9e-05,1.2e-05,3.1e-05,0.00022,0.000103,4e-06,0.001348,2.4e-05,2e-06,6e-06,9.7e-05,0.000316,0.000197,3.6e-05,5.9e-05,5e-06,1.5e-05,1e-06,6e-06,3e-06,1e-06,1e-06,0,7e-06,2e-05,0,1e-06,3.1e-05,1e-06,0,0,4.6e-05,1.6e-05,1e-05,0.000524,0.000262,2.2e-05,1.8e-05,2e-06,4.1e-05,0.000863,8e-06,5e-06,5e-06,0.00241,0.000461,2.6e-05,0,1e-05,1.1e-05,1.2e-05,0.000178,2e-06,1e-06,5e-06,2.4e-05,0.001842,2.5e-05,0.000115,4.1e-05,3e-06,0,6.5e-05,4e-05,5e-06,6.1e-05,0.000377,5e-06,0,1e-06,0.00088,1e-05,5.1e-05,7e-06,2e-06,2e-06,4e-06,1e-06,1.6e-05,1.3e-05,2e-06,1e-05,0.000109,0.000239,6e-06,0.000161,9.9e-05,1e-06,3e-06,0.000202,4.8e-05,3e-06,0.029584,1.5e-05,0,9.7e-05,2.4e-05,0.000143,5e-06,1.9e-05,1.5e-05,3e-06,0.000132,2.6e-05,2.1e-05,9e-06,0.000871,1e-05,6.1e-05,7.3e-05,0,1e-06,1e-06,8.7e-05,1e-06,0.000113,1.1e-05,6e-06,0.000201,1e-06,2e-06,0,8e-06,3.2e-05,0.000445,3.2e-05,1e-06,1e-06,2.2e-05,4.4e-05,5e-06,0,5.3e-05,3e-06,1.3e-05,0.000291,3.3e-05,1.7e-05,0,1.9e-05,3e-06,1e-06,3.4e-05,4e-05,4.8e-05,4e-05,1.3e-05,1e-06,1e-06,1e-06,1e-06,3e-05,0.000699,3e-06,6e-06,4e-06,0.001658,7e-06,0.000192,0,2e-06,2e-06,1e-06,9e-06,9e-06,0.000108,4e-06,1.1e-05,0.000373,0.001646,1.6e-05,4e-06,5.9e-05,0.000739,1e-06,3.3e-05,1.7e-05,0,5e-06,5.6e-05,5e-06,0.000217,0.004136,0,1e-06,0.00011,3.3e-05,9e-06,0.000186,0.000354,1.3e-05,0.000769,2e-06,1e-06,1.1e-05,3.8e-05,3e-06,0.000152,1.6e-05,3.1e-05,1e-06,5.4e-05,5e-06,0.000339,0.000425,7.7e-05,1e-06,1e-06,1e-05,0.000109,0,6e-06,8e-06,2.7e-05,0.000487,4e-06,2.8e-05,1.4e-05,1e-06,5e-06,1e-06,0.000135,3e-06,0.000188,2e-06,0.000157,2e-06,2e-06,7.6e-05,0.000203,0.000241,6e-06,0,1e-06,2.8e-05,0.00012,1e-06,1.5e-05,0.003225,0,0.000783,0,1e-06,2e-06,7.4e-05,4e-06,1.1e-05,0.000531,0.000714,2e-06,0.000139,2.8e-05,1.5e-05,1e-06,3e-06,0,0,0,1.4e-05,3e-06,0,0.000573,4e-06,7.7e-05,0.000217,4e-06,0.000155,0.000172,8.8e-05,1e-06,0,0.000297,2e-06,1.7e-05,5.7e-05,7.8e-05,2.4e-05,6e-06,2e-06,0.001117,0.000525,1e-06,1e-05,1e-06,2e-06,2.2e-05,1e-06,5e-06,8e-06,1e-06,0.000377,8e-06,1.6e-05,0.00016,3e-06,1.9e-05,0.000146,0,0,1e-06,7e-06,1e-06,0.002417,1.1e-05,1e-06,1e-06,1e-06,0.000171,5.6e-05,4e-06,0,5e-06,5e-06,2e-06,0.000345,0.000173,0.000227,2.6e-05,0.000197,1.9e-05,8.2e-05,0.001356,5.5e-05,6.8e-05,4e-06,5e-06,3.8e-05,5.4e-05,2.5e-05,0.001327,0.000142,5.3e-05,1e-06,3e-06,8e-06,0.000339,9e-06,6e-06,0,4e-06,1.1e-05,7.2e-05,1.2e-05,1.6e-05,6e-05,5.4e-05,2e-05,0.000121,4.6e-05,4e-06,0.000658,0.000185,1e-04,6.1e-05,3e-06,1e-06,8e-06,1.1e-05,2e-06,6e-06,1e-06,4e-06,0.000417,0.000125,0.000282,2e-06,3.9e-05,3e-06,0,1e-06,3e-06,1e-06,2.9e-05,3e-05,1e-06,0.000179,0.000129,0,3.1e-05,0.000349,7.5e-05,8.6e-05,1.2e-05,1e-06,8.1e-05,1.5e-05,0,0.000148,1e-06,0,1e-06,0,0,5.4e-05,1.3e-05
"arusha/karatu/endamaghang",1.5e-05,4.5e-05,1e-06,0.000125,3e-06,5.2e-05,3e-06,4e-06,1e-06,0.000405,7e-06,1e-06,1.2e-05,0.000173,0.000651,1.7e-05,8e-06,1.2e-05,2e-06,7e-06,1e-06,8e-06,1e-06,1e-06,1e-06,0,2e-06,1.6e-05,0,1e-06,7.7e-05,1e-06,0,1e-06,0.000755,4e-06,1.7e-05,9.3e-05,3.7e-05,9e-05,6e-06,1e-06,4.1e-05,0.000126,7e-06,2e-06,1.6e-05,0.004348,0.00042,7e-05,6e-06,0,3.2e-05,7e-06,4.8e-05,1e-06,2e-06,2e-06,3.3e-05,0.021019,5.1e-05,0.000331,0.000102,4e-06,0,0.000112,8.1e-05,5e-06,0.000117,0.000145,4.3e-05,0,3e-06,0.000124,4e-06,0.000131,3e-05,1e-06,1e-06,3e-06,1e-06,4e-06,4e-06,1e-06,4e-06,7e-06,0.000429,3e-06,8.9e-05,0.000112,1e-06,2e-06,0.000371,9.2e-05,1e-05,0.000581,2.8e-05,0,0.000169,4.2e-05,6e-06,4.4e-05,3.1e-05,2.7e-05,6e-06,0.000276,3.2e-05,3.7e-05,1.9e-05,0.003354,2e-05,0.000118,2.6e-05,1e-06,2e-06,1e-06,0.000152,1e-06,0.000206,2e-05,8e-06,0.000383,1e-06,4e-06,0,1.2e-05,3.1e-05,0.000561,5.3e-05,1e-06,1e-06,2.9e-05,7.8e-05,8e-06,0,9.6e-05,6e-06,2.4e-05,0.000751,6.2e-05,3.1e-05,1e-06,3.6e-05,6e-06,2e-06,5.9e-05,5e-06,8.7e-05,7.4e-05,2.4e-05,1e-06,1e-06,2e-06,1e-06,5.2e-05,0.001271,4e-06,1.4e-05,5e-06,0.003011,1.2e-05,0.000155,1e-06,3e-06,1e-06,1e-06,1.5e-05,1.7e-05,0.000188,6e-06,1.1e-05,0.000536,0.002961,2.4e-05,7e-06,3.7e-05,0.000523,2e-06,6.1e-05,2.4e-05,0,2.4e-05,8.8e-05,1e-05,0.000413,0.011588,1e-06,2e-06,0.000204,6.3e-05,1.6e-05,3.4e-05,0.000111,5e-06,0.000209,2e-06,1e-06,3e-06,7e-05,9e-06,0.000275,1.5e-05,3.5e-05,1e-06,0.000101,9e-06,0.000615,0.000482,0.000547,2e-06,1e-06,3e-06,0.000203,1e-06,6e-05,1.3e-05,1e-05,0.000938,8e-06,5.2e-05,4e-06,1e-06,2e-06,2e-06,0.000248,6e-06,0.000361,3e-06,0.000107,1e-06,1e-06,9e-06,0.000676,0.000407,7e-06,0,2e-06,3.2e-05,0.000371,1e-06,2.5e-05,0.0071,1e-06,0.00092,1e-06,1e-06,4e-06,0.000126,2e-06,1.7e-05,0.000969,0.001197,4e-06,0.000242,5.7e-05,2.5e-05,2e-06,6e-06,1e-06,1e-06,1e-06,1.6e-05,3e-06,1e-06,0.001178,1.2e-05,6e-06,0.000418,1e-06,7.3e-05,0.000347,0.00015,1e-06,1e-06,0.000546,3e-06,2.9e-05,5.2e-05,7e-06,0.000156,9e-06,9e-06,0.00285,1.8e-05,1e-06,2e-06,1e-06,3e-06,6e-06,1e-06,6e-06,1.7e-05,2e-06,0.000621,1.5e-05,3.3e-05,0.000227,5e-06,2.9e-05,0.003703,1e-06,0,1e-06,1.2e-05,1e-06,0.001145,2.1e-05,3e-06,2e-06,1e-06,0.000212,0.000488,4e-06,1e-06,1e-05,8.5e-05,6e-06,0.000514,0.000334,0.000243,3.4e-05,0.000402,3.5e-05,0.000177,0.001821,0.00017,0.000212,8e-06,2.1e-05,7e-05,1e-04,4.7e-05,0.002376,0.000558,5e-05,1e-06,5e-06,3.4e-05,0.000608,5e-06,4.2e-05,1e-06,1.9e-05,2e-06,0.000112,1.9e-05,7.4e-05,0.000119,8.7e-05,8.7e-05,4e-06,9e-05,8e-06,0.001183,0.000374,0.000182,6.2e-05,5e-06,2e-06,1.5e-05,3e-06,1e-06,2e-06,1e-06,1.5e-05,0.000761,0.000153,5e-04,2e-06,7.3e-05,6e-06,0,1e-06,3e-06,3e-06,4.8e-05,2.4e-05,2e-06,0.000289,5e-06,0,4e-06,0.00068,2.8e-05,4e-06,2.1e-05,1e-06,0.00015,2.7e-05,1e-06,0.00026,1e-06,1e-06,2e-06,0,0,6e-06,9e-06
"arusha/karatu/endamarariek",1e-06,1e-06,0,3e-06,0,3e-06,0,0,0,2.4e-05,0,0,1e-06,1.2e-05,8e-06,1e-06,0,0,0,0,0,0,0,0,0,0,0,3e-06,0,0,5e-06,0,0,0,9e-06,0,1e-06,4e-06,2e-06,3e-06,0,0,2e-06,4e-06,0,0,1e-06,0.000306,3.3e-05,5e-06,0,1e-06,0,0,2e-06,0,0,0,2e-06,0.00014,2e-06,2e-05,6e-06,0,0,8e-06,6e-06,0,2.8e-05,1e-05,4e-06,0,0,1e-05,0,6e-06,1e-06,0,0,0,0,0,0,0,0,0,2.3e-05,0,2e-06,5e-06,0,0,1.6e-05,6e-06,1e-06,2.7e-05,1e-06,0,8e-06,2e-06,0,0,1e-06,2e-06,0,1.3e-05,2e-06,2e-06,1e-06,0.00088,1e-06,5e-06,1e-06,0,0,0,8e-06,0,1e-05,1e-06,0,1.8e-05,0,0,0,0,1e-06,3.3e-05,3e-06,0,0,1e-06,4e-06,0,0,6e-06,0,1e-06,3.5e-05,3e-06,2e-06,0,2e-06,0,0,3e-06,0,4e-06,3e-06,1e-06,0,0,0,0,2e-06,9.9e-05,0,1e-06,0,0.000147,1e-06,1e-05,0,0,0,0,1e-06,1e-06,1.3e-05,0,0,5.7e-05,0.000206,1e-06,0,2e-06,4.9e-05,0,3e-06,1e-06,0,1e-06,4e-06,0,2.1e-05,0.000589,0,0,1e-05,3e-06,1e-06,1e-06,1.5e-05,0,1.7e-05,0,0,0,3e-06,2e-06,1.6e-05,1e-06,1e-06,0,5e-06,1e-06,2.8e-05,6.4e-05,1.2e-05,0,0,0,9e-06,0,0,1e-06,1e-06,4.1e-05,0,2e-06,0,0,0,0,1.3e-05,0,1.8e-05,0,3e-06,0,0,0,2.7e-05,3.1e-05,0,0,0,2e-06,3.6e-05,0,1e-06,0.000666,0,4.1e-05,0,0,0,8e-06,0,1e-06,6.6e-05,8.6e-05,0,1.6e-05,3e-06,1e-06,0,0,0,0,0,1e-06,0,0,0.000327,1e-06,0,3.2e-05,0,7e-06,2.5e-05,7e-06,0,0,2.5e-05,0,1e-06,3e-06,0,8e-06,1e-06,0,0.00013,1e-06,0,0,0,0,0,0,0,1e-06,0,4e-05,1e-06,2e-06,1.3e-05,0,1e-06,3.7e-05,0,0,0,1e-06,0,0.000159,1e-06,0,0,0,1.5e-05,7e-06,0,0,0,2e-06,0,3.1e-05,1.5e-05,1.8e-05,2e-06,2.7e-05,2e-06,8e-06,0.000126,4e-06,6e-06,1e-06,1e-06,5e-06,7e-06,3e-06,0.000123,1.6e-05,2e-06,0,0,1e-06,3.9e-05,0,6e-06,0,5e-06,0,5e-06,1e-06,2e-06,8e-06,4e-06,2e-06,0,5e-06,1e-06,8.1e-05,3.8e-05,1.7e-05,4e-06,0,0,1e-06,0,0,0,0,0,5.1e-05,1.1e-05,3.5e-05,0,4e-06,0,0,0,0,0,3e-06,2e-06,0,1.5e-05,0,0,0,3e-05,1e-06,0,1e-06,0,7e-06,1e-06,0,1.6e-05,0,0,0,0,0,0,0
"manyara/mbulu/endamilay",0,0,0,0,0,0,0,0,0,0,0,0,0,0,0,0,0,0,0,0,0,0,0,0,0,0,0,0,0,0,0,0,0,0,0,0,0,0,0,0,0,0,0,0,0,0,0,0,0,0,0,0,0,0,0,0,0,0,0,0,0,0,0,0,0,0,0,0,0,0,0,0,0,0,0,0,0,0,0,0,0,0,0,0,0,0,0,0,0,0,0,0,0,0,0,0,0,0,0,0,0,0,0,0,0,0,0,0,0,0,0,0,0,0,0,0,0,0,0,0,0,0,0,0,0,0,0,0,0,0,0,0,0,0,0,0,0,0,0,0,0,0,0,0,0,0,0,0,0,0,0,0,0,0,0,0,0,0,0,0,0,0,0,0,0,0,0,0,0,0,0,0,0,0,0,0,0,0,0,0,0,0,0,0,0,0,0,0,0,0,0,0,0,0,0,0,0,0,0,0,0,0,0,0,0,0,0,0,0,0,0,0,0,0,0,0,0,0,0,0,0,0,0,0,0,0,0,0,0,0,0,0,0,0,0,0,0,0,0,0,0,0,0,0,0,0,0,0,0,0,0,0,0,0,0,0,0,0,0,0,0,0,0,0,0,0,0,0,0,0,0,0,0,0,0,0,0,0,0,0,0,0,0,0,0,0,0,0,0,0,0,0,0,0,0,0,0,0,0,0,0,0,0,0,0,0,0,0,0,0,0,0,0,0,0,0,0,0,0,0,0,0,0,0,0,0,0,0,0,0,0,0,0,0,0,0,0,0,0,0,0,0,0,0,0,0,0,0,0,0,0,0,0,0,0,0,0,0,0,0,0,0,0,0,0,0,0,0,0,0,0,0,0,0,0,0,0,0,0,0,0,0,0,0,0,0,0,0,0,0,0,0,0,0,0,0,0,0
"manyara/hanang/endasak",0.000449,0.000174,5.1e-05,0.001199,0.002173,0.002173,0.000133,0.000147,0.002734,0.171707,0.005649,0.000999,0.000333,0.005137,0.006188,0.000369,0.000664,0.014873,0.000907,0.003269,5.5e-05,0.000343,0.002163,4.2e-05,4.4e-05,1.3e-05,0.002815,0.00016,2.7e-05,6.6e-05,0.001855,0.000199,2.5e-05,3.2e-05,0.000627,0.01213,0.000502,0.145522,0.000786,0.001086,0.000622,0.001748,0.005301,0.029415,0.001228,0.005659,0.000205,0.111871,0.030474,0.000262,0.000362,0.000149,0.000148,0.000565,0,0.014158,7.1e-05,0.000471,0.002275,0.044913,0.001291,0.003723,0.001968,0.000496,1e-06,0.003481,0.001699,0.000222,0.001293,0.04629,8.4e-05,0.000569,8e-05,0.003334,0.003726,0.002237,0.000261,0.001247,0.000295,0.000396,0.007935,0.031202,0.00074,0.00122,0.013982,0.000206,0.015341,0.000648,0.013429,0.008956,0.006095,0.000415,0.014584,0.002474,0.000112,0.017215,0.00091,1.9e-05,0.006968,0.00172,0.000299,0.000115,0.001633,0.000768,0.000214,0.008392,0.000176,0.001391,0.000542,0.013932,0.000641,0.004231,0.075615,1.9e-05,6.4e-05,4.8e-05,0.005587,0.000118,0.007728,0.000702,0.000374,0.013331,4.8e-05,0.000184,2.1e-05,0.000674,0.003939,0.026198,0.001866,5.1e-05,4.2e-05,0.001594,0.003283,0.000317,1.4e-05,0.002803,0.000153,0.000923,0.015565,0.002236,0.00105,3.8e-05,0.000984,0.000208,8.9e-05,0.002654,0.001734,0.003409,0.002798,0.000936,4.3e-05,4.2e-05,7.2e-05,6.1e-05,0.002547,0.031045,0.000192,0.000271,0.000424,0.104953,0.000492,0.014386,1.9e-05,0.000132,0.000609,0.00067,0.00067,0.000529,0.005666,0.000289,0.001356,0.012078,0.079442,0.00142,0.000225,0.006905,0.034725,4.2e-05,0.002249,0.002029,2.1e-05,0.000217,0.00517,0.000386,0.013974,0.230589,2.8e-05,5.4e-05,0.007174,0.002157,0.000604,0.013791,0.003108,0.000845,0.035363,0.000242,4.9e-05,0.000879,0.002638,5.2e-05,0.008774,0.002349,0.002787,4e-05,0.003758,0.000298,0.024232,0.012588,0.00265,6e-05,5.3e-05,0.000772,0.007871,2.2e-05,8.4e-05,0.000665,0.000117,0.033687,0.000314,0.00197,0.001054,4.2e-05,0.005195,5.4e-05,0.008615,0.000193,0.01195,0.000105,0.000908,0.009863,0.00976,0.000439,0.009935,0.011777,0.001009,3e-06,6e-05,0.001728,0.002849,4.1e-05,0.000996,0.125508,2.1e-05,0.06039,3.1e-05,4.2e-05,0.000145,0.004105,0.002866,0.000571,0.026753,0.028924,7.9e-05,0.007442,0.001856,0.001347,5.7e-05,0.000253,3.4e-05,4.1e-05,3.1e-05,0.001015,8.2e-05,3.9e-05,0.011178,0.000181,0.000768,0.009711,0.00042,0.004953,0.007856,0.006625,4.2e-05,4.1e-05,0.021002,0.00011,0.001556,0.005099,0.000373,0.000581,0.000409,4.8e-05,0.059318,0.001301,0.000146,0.001898,0.002771,0.000122,0.002757,4.4e-05,0.000721,0.000511,0.00012,0.021451,0.000584,0.000991,0.008711,0.000145,0.001479,0.002779,2e-05,1.4e-05,3.9e-05,6e-04,2e-04,0.052113,0.000616,7.9e-05,4.8e-05,5e-05,0.00838,0.001499,0.000727,3.3e-05,0.00038,7.6e-05,0.000101,0.017565,0.011924,0.012253,0.001512,0.009425,0.001182,0.00493,0.064223,0.00268,0.003273,0.000225,0.000292,0.001879,0.002804,0.001179,0.064948,0.007202,0.005262,2e-04,0.000199,0.000333,0.018619,0.001444,8.7e-05,3.3e-05,8e-05,0.005521,0.006318,0.001206,0.000699,0.003038,0.004482,0.000948,0.000147,0.002809,0.00024,0.033272,0.005333,0.003888,0.004288,0.000223,8.4e-05,0.000575,0.001664,0.004663,0.001553,0.001482,0.000195,0.021554,0.006446,0.01417,0.000234,0.002123,0.000218,1.3e-05,5.1e-05,0.00037,9.7e-05,0.001561,0.00196,5.2e-05,0.010054,0.000279,2.2e-05,0.000829,0.023747,0.016473,0.000121,0.000606,4.8e-05,0.005464,0.001,3.3e-05,0.008399,3.8e-05,4.3e-05,8.9e-05,1.4e-05,2e-05,0.000592,0.000228
"manyara/hanang/endasiwold",0,0,0,0,0,0,0,0,0,0,0,0,0,0,0,0,0,0,0,0,0,0,0,0,0,0,0,0,0,0,0,0,0,0,0,0,0,0,0,0,0,0,0,0,0,0,0,0,0,0,0,0,0,0,0,0,0,0,0,0,0,0,0,0,0,0,0,0,0,0,0,0,0,0,0,0,0,0,0,0,0,0,0,0,0,0,0,0,0,0,0,0,0,0,0,0,0,0,0,0,0,0,0,0,0,0,0,0,0,0,0,0,0,0,0,0,0,0,0,0,0,0,0,0,0,0,0,0,0,0,0,0,0,0,0,0,0,0,0,0,0,0,0,0,0,0,0,0,0,0,0,0,0,0,0,0,0,0,0,0,0,0,0,0,0,0,0,0,0,0,0,0,0,0,0,0,0,0,0,0,0,0,0,0,0,0,0,0,0,0,0,0,0,0,0,0,0,0,0,0,0,0,0,0,0,0,0,0,0,0,0,0,0,0,0,0,0,0,0,0,0,0,0,0,0,0,0,0,0,0,0,0,0,0,0,0,0,0,0,0,0,0,0,0,0,0,0,0,0,0,0,0,0,0,0,0,0,0,0,0,0,0,0,0,0,0,0,0,0,0,0,0,0,0,0,0,0,0,0,0,0,0,0,0,0,0,0,0,0,0,0,0,0,0,0,0,0,0,0,0,0,0,0,0,0,0,0,0,0,0,0,0,0,0,0,0,0,0,0,0,0,0,0,0,0,0,0,0,0,0,0,0,0,0,0,0,0,0,0,0,0,0,0,0,0,0,0,0,0,0,0,0,0,0,0,0,0,0,0,0,0,0,0,0,0,0,0,0,0,0,0,0,0,0,0,0,0,0,0,0,0,0,0,0,0,0,0,0,0,0,0,0,0,0,0,0,0,0
"manyara/simanjiro/endiantu",0,0,0,0,0,0,0,0,0,0,0,0,0,0,0,0,0,0,0,0,0,0,0,0,0,0,0,0,0,0,0,0,0,0,0,0,0,0,0,0,0,0,0,0,0,0,0,0,0,0,0,0,0,0,0,0,0,0,0,0,0,0,0,0,0,0,0,0,0,0,0,0,0,0,0,0,0,0,0,0,0,0,0,0,0,0,0,0,0,0,0,0,0,0,0,0,0,0,0,0,0,0,0,0,0,0,0,0,0,0,0,0,0,0,0,0,0,0,0,0,0,0,0,0,0,0,0,0,0,0,0,0,0,0,0,0,0,0,0,0,0,0,0,0,0,0,0,0,0,0,0,0,0,0,0,0,0,0,0,0,0,0,0,0,0,0,0,0,0,0,0,0,0,0,0,0,0,0,0,0,0,0,0,0,0,0,0,0,0,0,0,0,0,0,0,0,0,0,0,0,0,0,0,0,0,0,0,0,0,0,0,0,0,0,0,0,0,0,0,0,0,0,0,0,0,0,0,0,0,0,0,0,0,0,0,0,0,0,0,0,0,0,0,0,0,0,0,0,0,0,0,0,0,0,0,0,0,0,0,0,0,0,0,0,0,0,0,0,0,0,0,0,0,0,0,0,0,0,0,0,0,0,0,0,0,0,0,0,0,0,0,0,0,0,0,0,0,0,0,0,0,0,0,0,0,0,0,0,0,0,0,0,0,0,0,0,0,0,0,0,0,0,0,0,0,0,0,0,0,0,0,0,0,0,0,0,0,0,0,0,0,0,0,0,0,0,0,0,0,0,0,0,0,0,0,0,0,0,0,0,0,0,0,0,0,0,0,0,0,0,0,0,0,0,0,0,0,0,0,0,0,0,0,0,0,0,0,0,0,0,0,0,0,0,0,0,0,0
"manyara/babati/endokise",0,0,0,0,0,0,0,0,0,0,0,0,0,0,0,0,0,0,0,0,0,0,0,0,0,0,0,0,0,0,0,0,0,0,0,0,0,0,0,0,0,0,0,0,0,0,0,0,0,0,0,0,0,0,0,0,0,0,0,0,0,0,0,0,0,0,0,0,0,0,0,0,0,0,0,0,0,0,0,0,0,0,0,0,0,0,0,0,0,0,0,0,0,0,0,0,0,0,0,0,0,0,0,0,0,0,0,0,0,0,0,0,0,0,0,0,0,0,0,0,0,0,0,0,0,0,0,0,0,0,0,0,0,0,0,0,0,0,0,0,0,0,0,0,0,0,0,0,0,0,0,0,0,0,0,0,0,0,0,0,0,0,0,0,0,0,0,0,0,0,0,0,0,0,0,0,0,0,0,0,0,0,0,0,0,0,0,0,0,0,0,0,0,0,0,0,0,0,0,0,0,0,0,0,0,0,0,0,0,0,0,0,0,0,0,0,0,0,0,0,0,0,0,0,0,0,0,0,0,0,0,0,0,0,0,0,0,0,0,0,0,0,0,0,0,0,0,0,0,0,0,0,0,0,0,0,0,0,0,0,0,0,0,0,0,0,0,0,0,0,0,0,0,0,0,0,0,0,0,0,0,0,0,0,0,0,0,0,0,0,0,0,0,0,0,0,0,0,0,0,0,0,0,0,0,0,0,0,0,0,0,0,0,0,0,0,0,0,0,0,0,0,0,0,0,0,0,0,0,0,0,0,0,0,0,0,0,0,0,0,0,0,0,0,0,0,0,0,0,0,0,0,0,0,0,0,0,0,0,0,0,0,0,0,0,0,0,0,0,0,0,0,0,0,0,0,0,0,0,0,0,0,0,0,0,0,0,0,0,0,0,0,0,0,0,0,0,0
"manyara/simanjiro/endonyongijape",0,0,0,0,0,0,0,0,0,0,0,0,0,0,0,0,0,0,0,0,0,0,0,0,0,0,0,0,0,0,0,0,0,0,0,0,0,0,0,0,0,0,0,0,0,0,0,0,0,0,0,0,0,0,0,0,0,0,0,0,0,0,0,0,0,0,0,0,0,0,0,0,0,0,0,0,0,0,0,0,0,0,0,0,0,0,0,0,0,0,0,0,0,0,0,0,0,0,0,0,0,0,0,0,0,0,0,0,0,0,0,0,0,0,0,0,0,0,0,0,0,0,0,0,0,0,0,0,0,0,0,0,0,0,0,0,0,0,0,0,0,0,0,0,0,0,0,0,0,0,0,0,0,0,0,0,0,0,0,0,0,0,0,0,0,0,0,0,0,0,0,0,0,0,0,0,0,0,0,0,0,0,0,0,0,0,0,0,0,0,0,0,0,0,0,0,0,0,0,0,0,0,0,0,0,0,0,0,0,0,0,0,0,0,0,0,0,0,0,0,0,0,0,0,0,0,0,0,0,0,0,0,0,0,0,0,0,0,0,0,0,0,0,0,0,0,0,0,0,0,0,0,0,0,0,0,0,0,0,0,0,0,0,0,0,0,0,0,0,0,0,0,0,0,0,0,0,0,0,0,0,0,0,0,0,0,0,0,0,0,0,0,0,0,0,0,0,0,0,0,0,0,0,0,0,0,0,0,0,0,0,0,0,0,0,0,0,0,0,0,0,0,0,0,0,0,0,0,0,0,0,0,0,0,0,0,0,0,0,0,0,0,0,0,0,0,0,0,0,0,0,0,0,0,0,0,0,0,0,0,0,0,0,0,0,0,0,0,0,0,0,0,0,0,0,0,0,0,0,0,0,0,0,0,0,0,0,0,0,0,0,0,0,0,0,0,0,0
"arusha/ngorongoro/endulen",0.000557,0.002358,6.3e-05,0.017879,7e-05,0.002297,5.7e-05,7.8e-05,3.8e-05,0.010358,0.000182,3.5e-05,0.000444,0.006446,0.017083,0.000278,0.000258,0.000459,1e-04,0.000323,4.7e-05,0.000463,3.4e-05,4.9e-05,3.9e-05,1.5e-05,6.7e-05,0.000226,9e-06,5.6e-05,0.001831,6e-05,2.2e-05,3.2e-05,0.005598,0.000152,0.000634,0.003467,0.00079,0.00646,0.000154,3.1e-05,0.002665,0.004366,0.000419,4.9e-05,0.000634,0.142584,0.012772,0.000931,0.000164,0.002886,0.000452,0.000201,0.002033,2.8e-05,6.9e-05,6.8e-05,0.001417,0,0.003605,0.018091,0.004211,0.000185,6e-06,0.004086,0.00275,0.000179,0.002485,0.00595,0.000624,8e-06,0.000114,0.002117,0.000223,0.009705,0.001457,3.2e-05,5.5e-05,8.8e-05,1.6e-05,0.000186,9.2e-05,3.9e-05,0.000121,0.000163,0.01814,8e-05,0.004333,0.007322,2e-05,0.000105,0.017018,0.003548,0.000439,0.01005,0.001237,2e-05,0.007494,0.001899,0.000106,0.003682,0.001469,0.000999,0.000249,0.012965,0.000369,0.001655,0.000781,0.067616,0.00087,0.005501,0.001198,2.4e-05,8.1e-05,5.9e-05,0.006336,3.8e-05,0.009182,0.000916,0.000482,0.017153,5e-05,0.000186,2.1e-05,0.000582,0.001966,0.03151,0.002059,6.3e-05,5.1e-05,0.001851,0.003559,0.000377,1.4e-05,0.003555,0.000213,0.001102,0.035076,0.002734,0.001299,3.2e-05,0.001306,0.000256,0.000117,0.00268,0.000151,0.003934,0.00339,0.001102,5.6e-05,3.8e-05,9.3e-05,5.4e-05,0.002452,0.042187,0.000253,0.00086,0.00023,0.122235,0.000528,0.007716,2.3e-05,0.00013,5.6e-05,3.5e-05,0.000662,0.00072,0.006846,0.00028,0.000702,0.021609,0.101072,0.001036,0.000316,0.001874,0.02056,9.4e-05,0.002709,0.001084,1.9e-05,0.002172,0.004063,0.00043,0.018175,0.264299,3.9e-05,7.3e-05,0.008973,0.002767,0.000687,0.000837,0.002656,0.000206,0.007039,0.000104,5.8e-05,6.7e-05,0.003127,0.000189,0.01091,0.000595,0.002263,4.3e-05,0.004712,0.000396,0.027695,0.017316,0.046546,7.3e-05,6.4e-05,0.000132,0.009418,2.8e-05,0.000589,0.000615,0.000144,0.043175,0.000386,0.002379,0.000167,4.8e-05,4.4e-05,7.1e-05,0.010635,0.000254,0.015822,0.000118,0.001509,2.9e-05,2.4e-05,0.000253,0.036121,0.014037,0.000289,4e-06,7.4e-05,0.001732,0.014006,5e-05,0.000982,0.1249,2.5e-05,0.056927,2.7e-05,4.9e-05,0.000171,0.004714,6.1e-05,0.000579,0.035069,0.05902,0.000129,0.008933,0.002667,0.001162,7.3e-05,0.000263,4e-05,3.6e-05,2.8e-05,0.000988,7.2e-05,3.5e-05,0.033082,0.000557,0.00013,0.014433,3.2e-05,0.001659,0.012497,0.006731,4.5e-05,3.5e-05,0.024813,0.000134,0.001346,0.002921,0.000137,0.004981,0.00039,0.000384,0.126311,0.000368,5.8e-05,8.8e-05,2.1e-05,0.000164,0.000157,6e-05,0.000248,0.00079,0.000105,0.023104,0.000689,0.001464,0.013013,0.000188,0.001255,0.065925,2.4e-05,1.4e-05,4.6e-05,0.000538,6e-05,0.033676,0.000789,0.000101,6.3e-05,6.5e-05,0.01062,0.067691,0.000166,3.8e-05,0.000461,0.000749,0.000553,0.028758,0.01553,0.011956,0.00119,0.014922,0.001475,0.008193,0.08943,0.021163,0.024434,0.000281,0.00174,0.002568,0.003743,0.001714,0.136575,0.04119,0.003033,7e-05,0.000232,0.00217,0.02321,0.000145,0.000492,4e-05,0.000343,8.9e-05,0.005008,0.000883,0.00555,0.004552,0.003957,0.006681,7e-05,0.003856,0.000304,0.042535,0.015414,0.005635,0.00343,0.000227,0.000105,0.000673,6.8e-05,3.1e-05,5.2e-05,1.8e-05,0.001308,0.028095,0.007846,0.017919,9.2e-05,0.002883,0.000257,1.1e-05,4.3e-05,0.000188,0.000133,0.001712,0.001127,6.5e-05,0.018278,1e-04,2.2e-05,0.000104,0.031427,0.000828,7.4e-05,0.000775,6e-05,0.006695,0.001237,4.2e-05,0.01008,4.9e-05,3.8e-05,7.9e-05,1.3e-05,1.7e-05,0.000132,0.000214
"arusha/longido/engarenaibor",0,0,0,0,0,0,0,0,0,0,0,0,0,0,0,0,0,0,0,0,0,0,0,0,0,0,0,0,0,0,0,0,0,0,0,0,0,0,0,0,0,0,0,0,0,0,0,0,0,0,0,0,0,0,0,0,0,0,0,0,0,0,0,0,0,0,0,0,0,0,0,0,0,0,0,0,0,0,0,0,0,0,0,0,0,0,0,0,0,0,0,0,0,0,0,0,0,0,0,0,0,0,0,0,0,0,0,0,0,0,0,0,0,0,0,0,0,0,0,0,0,0,0,0,0,0,0,0,0,0,0,0,0,0,0,0,0,0,0,0,0,0,0,0,0,0,0,0,0,0,0,0,0,0,0,0,0,0,0,0,0,0,0,0,0,0,0,0,0,0,0,0,0,0,0,0,0,0,0,0,0,0,0,0,0,0,0,0,0,0,0,0,0,0,0,0,0,0,0,0,0,0,0,0,0,0,0,0,0,0,0,0,0,0,0,0,0,0,0,0,0,0,0,0,0,0,0,0,0,0,0,0,0,0,0,0,0,0,0,0,0,0,0,0,0,0,0,0,0,0,0,0,0,0,0,0,0,0,0,0,0,0,0,0,0,0,0,0,0,0,0,0,0,0,0,0,0,0,0,0,0,0,0,0,0,0,0,0,0,0,0,0,0,0,0,0,0,0,0,0,0,0,0,0,0,0,0,0,0,0,0,0,0,0,0,0,0,0,0,0,0,0,0,0,0,0,0,0,0,0,0,0,0,0,0,0,0,0,0,0,0,0,0,0,0,0,0,0,0,0,0,0,0,0,0,0,0,0,0,0,0,0,0,0,0,0,0,0,0,0,0,0,0,0,0,0,0,0,0,0,0,0,0,0,0,0,0,0,0,0,0,0,0,0,0,0,0,0
"arusha/monduli/engaruka",1.6e-05,4e-05,1e-06,7.1e-05,0,3.4e-05,0,0,0,5.3e-05,1e-06,0,1.4e-05,0.000198,1.6e-05,1e-06,1e-06,1e-06,0,1e-06,0,1.1e-05,0,1e-06,0,0,0,1e-06,0,0,4.1e-05,0,0,0,1.1e-05,0,2e-05,1.2e-05,2e-06,7.7e-05,0,0,1.6e-05,1.1e-05,2e-06,0,0.000122,0.005389,0.000165,3e-06,0,2e-06,3e-06,0,8e-06,0,1e-06,1e-06,1.3e-05,0.000871,0.000151,0,0.00025,1e-06,0,0.000119,0.000138,0,4.3e-05,4.4e-05,3e-06,0,3e-06,8e-06,1e-06,0.000577,0.000184,0,0,0,0,1e-06,0,0,0,0,0.000355,0,8e-06,6.1e-05,0,0,0.000221,0.000127,0.000128,2.9e-05,2.7e-05,0,0.000105,2.5e-05,0,1e-06,1.2e-05,3.3e-05,4e-06,0.000249,1e-06,2.8e-05,2.2e-05,0.000504,1.9e-05,8.2e-05,4e-06,1e-06,1e-06,1e-06,0.000124,0,0.000145,1.6e-05,9e-06,0.000298,1e-06,2e-06,0,5e-06,1.3e-05,0.00077,4.9e-05,1e-06,1e-06,2.6e-05,4.6e-05,6e-06,0,0.000112,8e-06,1.7e-05,0.001324,4.8e-05,3e-05,0,4.5e-05,4e-06,2e-06,3e-05,1e-06,5.7e-05,5.1e-05,1.6e-05,1e-06,0,1e-06,1e-06,2.2e-05,0.001689,3e-06,9.8e-05,2e-06,0.002179,6e-06,0.000104,0,1e-06,0,0,8e-06,2e-05,0.000208,3e-06,4e-06,0.001032,0.003603,1e-05,7e-06,1.7e-05,0.00033,4e-06,4.5e-05,7e-06,0,1.3e-05,3.3e-05,6e-06,0.000351,0.005727,1e-06,1e-06,0.000166,5.4e-05,1.1e-05,3e-06,1.4e-05,0,4.9e-05,1e-06,1e-06,0,5e-05,4e-06,0.000286,4e-06,2e-05,1e-06,6.7e-05,1e-05,0.000373,0.000461,0.000265,1e-06,1e-06,1e-06,0.000122,0,1e-06,5e-06,0,0.000597,6e-06,3.4e-05,0,1e-06,0,1e-06,0.000212,5e-06,0.000322,2e-06,3e-06,0,0,1e-06,0.001328,0.00045,2e-06,0,1e-06,3.6e-05,0.000619,1e-06,1.8e-05,0.003559,0,0.000626,0,1e-06,3e-06,0.000128,0,1.5e-05,0.001206,0.004708,7e-06,0.000262,4.7e-05,1e-05,1e-06,3e-06,1e-06,0,0,1.4e-05,1e-06,0,0.000572,3.5e-05,0,0.000634,0,1.3e-05,0.000588,8.3e-05,1e-06,0,0.000339,2e-06,1.1e-05,3.2e-05,1e-06,0.000139,6e-06,3.9e-05,0.004535,1e-06,0,0,0,3e-06,0,1e-06,2e-06,1.9e-05,1e-06,0.000572,1.1e-05,3.6e-05,0.000435,6e-06,1.5e-05,0.000103,0,0,1e-06,5e-06,0,0.000325,2.4e-05,3e-06,2e-06,1e-06,0.00036,8.8e-05,1e-06,1e-06,7e-06,2e-06,8e-06,0.001182,0.000226,0.000295,2.3e-05,0.000666,3.2e-05,0.000199,0.003589,0.000114,0.000179,9e-06,9e-06,9.3e-05,0.000126,6.9e-05,0.007098,0.000374,2.7e-05,0,4e-06,5.7e-05,0.000669,1e-06,2e-06,1e-06,4e-06,0,4.7e-05,7e-06,6.4e-05,0.000176,3.9e-05,6.6e-05,0,9.3e-05,9e-06,0.001422,0.001332,0.000233,5.4e-05,3e-06,1e-06,1.1e-05,0,0,0,0,7e-06,0.000925,0.000244,0.000595,1e-06,8.8e-05,4e-06,0,0,1e-06,2e-06,4.7e-05,1.7e-05,2e-06,0.000597,0,0,0,0.000467,2e-06,0,2.5e-05,1e-06,0.000112,2e-05,1e-06,0.000267,1e-06,0,1e-06,0,0,0,0
"arusha/longido/engikaret",0,0,0,0,0,0,0,0,0,0,0,0,0,0,0,0,0,0,0,0,0,0,0,0,0,0,0,0,0,0,0,0,0,0,0,0,0,0,0,0,0,0,0,0,0,0,0,0,0,0,0,0,0,0,0,0,0,0,0,0,0,0,0,0,0,0,0,0,0,0,0,0,0,0,0,0,0,0,0,0,0,0,0,0,0,0,0,0,0,0,0,0,0,0,0,0,0,0,0,0,0,0,0,0,0,0,0,0,0,0,0,0,0,0,0,0,0,0,0,0,0,0,0,0,0,0,0,0,0,0,0,0,0,0,0,0,0,0,0,0,0,0,0,0,0,0,0,0,0,0,0,0,0,0,0,0,0,0,0,0,0,0,0,0,0,0,0,0,0,0,0,0,0,0,0,0,0,0,0,0,0,0,0,0,0,0,0,0,0,0,0,0,0,0,0,0,0,0,0,0,0,0,0,0,0,0,0,0,0,0,0,0,0,0,0,0,0,0,0,0,0,0,0,0,0,0,0,0,0,0,0,0,0,0,0,0,0,0,0,0,0,0,0,0,0,0,0,0,0,0,0,0,0,0,0,0,0,0,0,0,0,0,0,0,0,0,0,0,0,0,0,0,0,0,0,0,0,0,0,0,0,0,0,0,0,0,0,0,0,0,0,0,0,0,0,0,0,0,0,0,0,0,0,0,0,0,0,0,0,0,0,0,0,0,0,0,0,0,0,0,0,0,0,0,0,0,0,0,0,0,0,0,0,0,0,0,0,0,0,0,0,0,0,0,0,0,0,0,0,0,0,0,0,0,0,0,0,0,0,0,0,0,0,0,0,0,0,0,0,0,0,0,0,0,0,0,0,0,0,0,0,0,0,0,0,0,0,0,0,0,0,0,0,0,0,0,0,0
"manyara/kiteto/engusero",0,0,0,0,0,0,0,0,0,0,0,0,0,0,0,0,0,0,0,0,0,0,0,0,0,0,0,0,0,0,0,0,0,0,0,0,0,0,0,0,0,0,0,0,0,0,0,0,0,0,0,0,0,0,0,0,0,0,0,0,0,0,0,0,0,0,0,0,0,0,0,0,0,0,0,0,0,0,0,0,0,0,0,0,0,0,0,0,0,0,0,0,0,0,0,0,0,0,0,0,0,0,0,0,0,0,0,0,0,0,0,0,0,0,0,0,0,0,0,0,0,0,0,0,0,0,0,0,0,0,0,0,0,0,0,0,0,0,0,0,0,0,0,0,0,0,0,0,0,0,0,0,0,0,0,0,0,0,0,0,0,0,0,0,0,0,0,0,0,0,0,0,0,0,0,0,0,0,0,0,0,0,0,0,0,0,0,0,0,0,0,0,0,0,0,0,0,0,0,0,0,0,0,0,0,0,0,0,0,0,0,0,0,0,0,0,0,0,0,0,0,0,0,0,0,0,0,0,0,0,0,0,0,0,0,0,0,0,0,0,0,0,0,0,0,0,0,0,0,0,0,0,0,0,0,0,0,0,0,0,0,0,0,0,0,0,0,0,0,0,0,0,0,0,0,0,0,0,0,0,0,0,0,0,0,0,0,0,0,0,0,0,0,0,0,0,0,0,0,0,0,0,0,0,0,0,0,0,0,0,0,0,0,0,0,0,0,0,0,0,0,0,0,0,0,0,0,0,0,0,0,0,0,0,0,0,0,0,0,0,0,0,0,0,0,0,0,0,0,0,0,0,0,0,0,0,0,0,0,0,0,0,0,0,0,0,0,0,0,0,0,0,0,0,0,0,0,0,0,0,0,0,0,0,0,0,0,0,0,0,0,0,0,0,0,0,0,0
"arusha/ngorongoro/enguserosambu",0,0,0,0,0,0,0,0,0,0,0,0,0,0,0,0,0,0,0,0,0,0,0,0,0,0,0,0,0,0,0,0,0,0,0,0,0,0,0,0,0,0,0,0,0,0,0,0,0,0,0,0,0,0,0,0,0,0,0,0,0,0,0,0,0,0,0,0,0,0,0,0,0,0,0,0,0,0,0,0,0,0,0,0,0,0,0,0,0,0,0,0,0,0,0,0,0,0,0,0,0,0,0,0,0,0,0,0,0,0,0,0,0,0,0,0,0,0,0,0,0,0,0,0,0,0,0,0,0,0,0,0,0,0,0,0,0,0,0,0,0,0,0,0,0,0,0,0,0,0,0,0,0,0,0,0,0,0,0,0,0,0,0,0,0,0,0,0,0,0,0,0,0,0,0,0,0,0,0,0,0,0,0,0,0,0,0,0,0,0,0,0,0,0,0,0,0,0,0,0,0,0,0,0,0,0,0,0,0,0,0,0,0,0,0,0,0,0,0,0,0,0,0,0,0,0,0,0,0,0,0,0,0,0,0,0,0,0,0,0,0,0,0,0,0,0,0,0,0,0,0,0,0,0,0,0,0,0,0,0,0,0,0,0,0,0,0,0,0,0,0,0,0,0,0,0,0,0,0,0,0,0,0,0,0,0,0,0,0,0,0,0,0,0,0,0,0,0,0,0,0,0,0,0,0,0,0,0,0,0,0,0,0,0,0,0,0,0,0,0,0,0,0,0,0,0,0,0,0,0,0,0,0,0,0,0,0,0,0,0,0,0,0,0,0,0,0,0,0,0,0,0,0,0,0,0,0,0,0,0,0,0,0,0,0,0,0,0,0,0,0,0,0,0,0,0,0,0,0,0,0,0,0,0,0,0,0,0,0,0,0,0,0,0,0,0,0,0
"arusha/arushaurban/engutoto",0,0,0,0,0,0,0,0,0,0,0,0,0,0,0,0,0,0,0,0,0,0,0,0,0,0,0,0,0,0,0,0,0,0,0,0,0,0,0,0,0,0,0,0,0,0,0,0,0,0,0,0,0,0,0,0,0,0,0,0,0,0,0,0,0,0,0,0,0,0,0,0,0,0,0,0,0,0,0,0,0,0,0,0,0,0,0,0,0,0,0,0,0,0,0,0,0,0,0,0,0,0,0,0,0,0,0,0,0,0,0,0,0,0,0,0,0,0,0,0,0,0,0,0,0,0,0,0,0,0,0,0,0,0,0,0,0,0,0,0,0,0,0,0,0,0,0,0,0,0,0,0,0,0,0,0,0,0,0,0,0,0,0,0,0,0,0,0,0,0,0,0,0,0,0,0,0,0,0,0,0,0,0,0,0,0,0,0,0,0,0,0,0,0,0,0,0,0,0,0,0,0,0,0,0,0,0,0,0,0,0,0,0,0,0,0,0,0,0,0,0,0,0,0,0,0,0,0,0,0,0,0,0,0,0,0,0,0,0,0,0,0,0,0,0,0,0,0,0,0,0,0,0,0,0,0,0,0,0,0,0,0,0,0,0,0,0,0,0,0,0,0,0,0,0,0,0,0,0,0,0,0,0,0,0,0,0,0,0,0,0,0,0,0,0,0,0,0,0,0,0,0,0,0,0,0,0,0,0,0,0,0,0,0,0,0,0,0,0,0,0,0,0,0,0,0,0,0,0,0,0,0,0,0,0,0,0,0,0,0,0,0,0,0,0,0,0,0,0,0,0,0,0,0,0,0,0,0,0,0,0,0,0,0,0,0,0,0,0,0,0,0,0,0,0,0,0,0,0,0,0,0,0,0,0,0,0,0,0,0,0,0,0,0,0,0,0,0
"arusha/monduli/engutoto",0,0,0,0,0,0,0,0,0,0,0,0,0,0,0,0,0,0,0,0,0,0,0,0,0,0,0,0,0,0,0,0,0,0,0,0,0,0,0,0,0,0,0,0,0,0,0,0,0,0,0,0,0,0,0,0,0,0,0,0,0,0,0,0,0,0,0,0,0,0,0,0,0,0,0,0,0,0,0,0,0,0,0,0,0,0,0,0,0,0,0,0,0,0,0,0,0,0,0,0,0,0,0,0,0,0,0,0,0,0,0,0,0,0,0,0,0,0,0,0,0,0,0,0,0,0,0,0,0,0,0,0,0,0,0,0,0,0,0,0,0,0,0,0,0,0,0,0,0,0,0,0,0,0,0,0,0,0,0,0,0,0,0,0,0,0,0,0,0,0,0,0,0,0,0,0,0,0,0,0,0,0,0,0,0,0,0,0,0,0,0,0,0,0,0,0,0,0,0,0,0,0,0,0,0,0,0,0,0,0,0,0,0,0,0,0,0,0,0,0,0,0,0,0,0,0,0,0,0,0,0,0,0,0,0,0,0,0,0,0,0,0,0,0,0,0,0,0,0,0,0,0,0,0,0,0,0,0,0,0,0,0,0,0,0,0,0,0,0,0,0,0,0,0,0,0,0,0,0,0,0,0,0,0,0,0,0,0,0,0,0,0,0,0,0,0,0,0,0,0,0,0,0,0,0,0,0,0,0,0,0,0,0,0,0,0,0,0,0,0,0,0,0,0,0,0,0,0,0,0,0,0,0,0,0,0,0,0,0,0,0,0,0,0,0,0,0,0,0,0,0,0,0,0,0,0,0,0,0,0,0,0,0,0,0,0,0,0,0,0,0,0,0,0,0,0,0,0,0,0,0,0,0,0,0,0,0,0,0,0,0,0,0,0,0,0,0,0
"manyara/mbulu/eshkesh",0,0,0,0,0,0,0,0,0,0,0,0,0,0,0,0,0,0,0,0,0,0,0,0,0,0,0,0,0,0,0,0,0,0,0,0,0,0,0,0,0,0,0,0,0,0,0,0,0,0,0,0,0,0,0,0,0,0,0,0,0,0,0,0,0,0,0,0,0,0,0,0,0,0,0,0,0,0,0,0,0,0,0,0,0,0,0,0,0,0,0,0,0,0,0,0,0,0,0,0,0,0,0,0,0,0,0,0,0,0,0,0,0,0,0,0,0,0,0,0,0,0,0,0,0,0,0,0,0,0,0,0,0,0,0,0,0,0,0,0,0,0,0,0,0,0,0,0,0,0,0,0,0,0,0,0,0,0,0,0,0,0,0,0,0,0,0,0,0,0,0,0,0,0,0,0,0,0,0,0,0,0,0,0,0,0,0,0,0,0,0,0,0,0,0,0,0,0,0,0,0,0,0,0,0,0,0,0,0,0,0,0,0,0,0,0,0,0,0,0,0,0,0,0,0,0,0,0,0,0,0,0,0,0,0,0,0,0,0,0,0,0,0,0,0,0,0,0,0,0,0,0,0,0,0,0,0,0,0,0,0,0,0,0,0,0,0,0,0,0,0,0,0,0,0,0,0,0,0,0,0,0,0,0,0,0,0,0,0,0,0,0,0,0,0,0,0,0,0,0,0,0,0,0,0,0,0,0,0,0,0,0,0,0,0,0,0,0,0,0,0,0,0,0,0,0,0,0,0,0,0,0,0,0,0,0,0,0,0,0,0,0,0,0,0,0,0,0,0,0,0,0,0,0,0,0,0,0,0,0,0,0,0,0,0,0,0,0,0,0,0,0,0,0,0,0,0,0,0,0,0,0,0,0,0,0,0,0,0,0,0,0,0,0,0,0,0,0
"arusha/monduli/esilalei",0,0,0,0,0,0,0,0,0,0,0,0,0,0,0,0,0,0,0,0,0,0,0,0,0,0,0,0,0,0,0,0,0,0,0,0,0,0,0,0,0,0,0,0,0,0,0,0,0,0,0,0,0,0,0,0,0,0,0,0,0,0,0,0,0,0,0,0,0,0,0,0,0,0,0,0,0,0,0,0,0,0,0,0,0,0,0,0,0,0,0,0,0,0,0,0,0,0,0,0,0,0,0,0,0,0,0,0,0,0,0,0,0,0,0,0,0,0,0,0,0,0,0,0,0,0,0,0,0,0,0,0,0,0,0,0,0,0,0,0,0,0,0,0,0,0,0,0,0,0,0,0,0,0,0,0,0,0,0,0,0,0,0,0,0,0,0,0,0,0,0,0,0,0,0,0,0,0,0,0,0,0,0,0,0,0,0,0,0,0,0,0,0,0,0,0,0,0,0,0,0,0,0,0,0,0,0,0,0,0,0,0,0,0,0,0,0,0,0,0,0,0,0,0,0,0,0,0,0,0,0,0,0,0,0,0,0,0,0,0,0,0,0,0,0,0,0,0,0,0,0,0,0,0,0,0,0,0,0,0,0,0,0,0,0,0,0,0,0,0,0,0,0,0,0,0,0,0,0,0,0,0,0,0,0,0,0,0,0,0,0,0,0,0,0,0,0,0,0,0,0,0,0,0,0,0,0,0,0,0,0,0,0,0,0,0,0,0,0,0,0,0,0,0,0,0,0,0,0,0,0,0,0,0,0,0,0,0,0,0,0,0,0,0,0,0,0,0,0,0,0,0,0,0,0,0,0,0,0,0,0,0,0,0,0,0,0,0,0,0,0,0,0,0,0,0,0,0,0,0,0,0,0,0,0,0,0,0,0,0,0,0,0,0,0,0,0,0
"manyara/babati/galapo",0.000107,2e-05,8e-06,0.000118,3.7e-05,0.000434,8e-06,1e-05,5.3e-05,0.018581,0.000236,1e-05,7.7e-05,0.001248,0.000266,2.6e-05,1.9e-05,0.000127,1.2e-05,4.3e-05,8e-06,6.7e-05,5.6e-05,8e-06,7e-06,2e-06,0.000121,1.7e-05,4e-06,1e-05,0.000522,2.3e-05,4e-06,6e-06,5.6e-05,5.2e-05,0.000124,0.001536,5.7e-05,0.000117,1.4e-05,1.4e-05,0.000605,0.00063,0.000134,4.6e-05,3.4e-05,0.029099,0.020752,2.4e-05,2e-05,1.2e-05,1.8e-05,1.3e-05,0.001236,1.3e-05,1.8e-05,0.001758,0.000524,0.00351,0.000177,0.000544,0.000342,5.8e-05,0,0.000899,0.00039,6e-06,0.000233,0,9e-06,3e-06,1.5e-05,0.00029,4.5e-05,0.00029,3.4e-05,8e-06,5e-06,7e-06,1.2e-05,0.000193,1.3e-05,1.8e-05,4.3e-05,1.1e-05,0.003143,9e-06,0.000284,0.001437,1.1e-05,8e-06,0.002425,0.000545,1.7e-05,0.001018,0.000168,3e-06,0.001321,0.000309,1.9e-05,7e-06,0.00024,0.000186,4e-05,0.001292,1.5e-05,0.000261,0.000105,0.001678,0.000118,0.000683,0.000419,5e-06,1e-05,8e-06,0.001205,1.6e-05,0.001405,0.000122,6.7e-05,0.002329,8e-06,3.2e-05,3e-06,0.000101,0.000566,0.005909,0.000466,9e-06,7e-06,0.000276,0.000583,5.9e-05,3e-06,0.000681,3.6e-05,0.000164,0.002276,0.000415,0.000223,6e-06,0.000236,3.8e-05,1.4e-05,0.000463,7.8e-05,0.000609,0.000484,0.000162,7e-06,8e-06,1.1e-05,1.1e-05,0.000385,0.007892,2.9e-05,4.1e-05,8.4e-05,0.020796,8.5e-05,0.006468,4e-06,2.3e-05,8e-06,1e-05,0.000131,0.000108,0.001444,5.4e-05,0.00018,0.002698,0.020241,0.00031,4.1e-05,0.004198,0.016445,6e-06,0.000415,0.000313,3e-06,2.2e-05,0.000849,7.3e-05,0.002541,0.051612,5e-06,9e-06,0.001337,4e-04,0.000119,0.000251,0.000379,1.7e-05,0.013044,2.7e-05,8e-06,7.5e-05,0.000485,8e-06,0.00197,0.000711,0.000474,1e-05,0.000612,5.9e-05,0.004201,0.003069,0.000273,1e-05,9e-06,0.001136,0.001278,4e-06,5e-06,9.8e-05,9e-06,0.005312,5.3e-05,0.000332,1.8e-05,1e-05,2.3e-05,1e-05,0.001693,3.6e-05,0.002185,2.1e-05,5.2e-05,1.4e-05,1.5e-05,1.7e-05,0.001257,0.003173,0.000112,1e-06,1.1e-05,0.000455,0.000412,7e-06,0.000251,0.042427,4e-06,0.011258,5e-06,8e-06,2.7e-05,0.001048,1.8e-05,0.000173,0.00649,0.005772,1.8e-05,0.001873,0.000294,0.000211,9e-06,4.5e-05,6e-06,7e-06,5e-06,0.000218,2.3e-05,6e-06,0.00172,2.6e-05,3.2e-05,0.002301,6.6e-05,0.001585,0.001744,0.001229,7e-06,7e-06,0.003552,1.8e-05,0.000239,0.00165,3e-05,7.3e-05,9.7e-05,6e-06,0.008743,6.9e-05,1.9e-05,0.000219,9e-06,1.9e-05,3.4e-05,8e-06,0.000146,8.6e-05,1.8e-05,0.005672,0.000106,0.000175,0.001753,3.5e-05,0.000326,0.000262,3e-06,3e-06,7e-06,0.000109,3e-05,0.012729,0.000145,1.8e-05,1.1e-05,9e-06,0.002136,0.000142,9.5e-05,6e-06,6.7e-05,7e-06,1.1e-05,0.003475,0.001898,0.003723,0.000534,0.002039,0.000239,0.000777,0.01534,0.000266,0.000336,5.5e-05,2.8e-05,0.000448,0.000658,0.000272,0.010618,0.000756,0.001302,2.8e-05,3.7e-05,3.9e-05,0.004387,0.003993,9e-06,6e-06,1.1e-05,8.1e-05,0.001221,0.000193,7.5e-05,0.000659,0.000806,1e-04,1e-05,0.000535,5.6e-05,0.008215,0.000954,0.000975,0.001275,4e-05,1.3e-05,0.000109,5.9e-05,2.2e-05,9.4e-05,1.4e-05,1.9e-05,0.005146,0.001649,0.003563,2.6e-05,0.000463,4.1e-05,2e-06,8e-06,4.5e-05,1.5e-05,0.00043,0.000903,1.3e-05,0.00163,1.2e-05,4e-06,2e-05,0.003759,0.000159,8e-06,0.000149,8e-06,0.000991,0.000175,6e-06,0.001991,6e-06,7e-06,1.4e-05,2e-06,3e-06,1.8e-05,8e-06
"arusha/karatu/ganako",0,0,0,0,0,0,0,0,0,0,0,0,0,0,0,0,0,0,0,0,0,0,0,0,0,0,0,0,0,0,0,0,0,0,0,0,0,0,0,0,0,0,0,0,0,0,0,0,0,0,0,0,0,0,0,0,0,0,0,0,0,0,0,0,0,0,0,0,0,0,0,0,0,0,0,0,0,0,0,0,0,0,0,0,0,0,0,0,0,0,0,0,0,0,0,0,0,0,0,0,0,0,0,0,0,0,0,0,0,0,0,0,0,0,0,0,0,0,0,0,0,0,0,0,0,0,0,0,0,0,0,0,0,0,0,0,0,0,0,0,0,0,0,0,0,0,0,0,0,0,0,0,0,0,0,0,0,0,0,0,0,0,0,0,0,0,0,0,0,0,0,0,0,0,0,0,0,0,0,0,0,0,0,0,0,0,0,0,0,0,0,0,0,0,0,0,0,0,0,0,0,0,0,0,0,0,0,0,0,0,0,0,0,0,0,0,0,0,0,0,0,0,0,0,0,0,0,0,0,0,0,0,0,0,0,0,0,0,0,0,0,0,0,0,0,0,0,0,0,0,0,0,0,0,0,0,0,0,0,0,0,0,0,0,0,0,0,0,0,0,0,0,0,0,0,0,0,0,0,0,0,0,0,0,0,0,0,0,0,0,0,0,0,0,0,0,0,0,0,0,0,0,0,0,0,0,0,0,0,0,0,0,0,0,0,0,0,0,0,0,0,0,0,0,0,0,0,0,0,0,0,0,0,0,0,0,0,0,0,0,0,0,0,0,0,0,0,0,0,0,0,0,0,0,0,0,0,0,0,0,0,0,0,0,0,0,0,0,0,0,0,0,0,0,0,0,0,0,0,0,0,0,0,0,0,0,0,0,0,0,0,0,0,0,0,0,0,0
"manyara/hanang/ganana",0,0,0,0,0,0,0,0,0,0,0,0,0,0,0,0,0,0,0,0,0,0,0,0,0,0,0,0,0,0,0,0,0,0,0,0,0,0,0,0,0,0,0,0,0,0,0,0,0,0,0,0,0,0,0,0,0,0,0,0,0,0,0,0,0,0,0,0,0,0,0,0,0,0,0,0,0,0,0,0,0,0,0,0,0,0,0,0,0,0,0,0,0,0,0,0,0,0,0,0,0,0,0,0,0,0,0,0,0,0,0,0,0,0,0,0,0,0,0,0,0,0,0,0,0,0,0,0,0,0,0,0,0,0,0,0,0,0,0,0,0,0,0,0,0,0,0,0,0,0,0,0,0,0,0,0,0,0,0,0,0,0,0,0,0,0,0,0,0,0,0,0,0,0,0,0,0,0,0,0,0,0,0,0,0,0,0,0,0,0,0,0,0,0,0,0,0,0,0,0,0,0,0,0,0,0,0,0,0,0,0,0,0,0,0,0,0,0,0,0,0,0,0,0,0,0,0,0,0,0,0,0,0,0,0,0,0,0,0,0,0,0,0,0,0,0,0,0,0,0,0,0,0,0,0,0,0,0,0,0,0,0,0,0,0,0,0,0,0,0,0,0,0,0,0,0,0,0,0,0,0,0,0,0,0,0,0,0,0,0,0,0,0,0,0,0,0,0,0,0,0,0,0,0,0,0,0,0,0,0,0,0,0,0,0,0,0,0,0,0,0,0,0,0,0,0,0,0,0,0,0,0,0,0,0,0,0,0,0,0,0,0,0,0,0,0,0,0,0,0,0,0,0,0,0,0,0,0,0,0,0,0,0,0,0,0,0,0,0,0,0,0,0,0,0,0,0,0,0,0,0,0,0,0,0,0,0,0,0,0,0,0,0,0,0,0,0,0
"kilimanjaro/siha/gararagua",0,0,0,0,0,0,0,0,0,0,0,0,0,0,0,0,0,0,0,0,0,0,0,0,0,0,0,0,0,0,0,0,0,0,0,0,0,0,0,0,0,0,0,0,0,0,0,0,0,0,0,0,0,0,0,0,0,0,0,0,0,0,0,0,0,0,0,0,0,0,0,0,0,0,0,0,0,0,0,0,0,0,0,0,0,0,0,0,0,0,0,0,0,0,0,0,0,0,0,0,0,0,0,0,0,0,0,0,0,0,0,0,0,0,0,0,0,0,0,0,0,0,0,0,0,0,0,0,0,0,0,0,0,0,0,0,0,0,0,0,0,0,0,0,0,0,0,0,0,0,0,0,0,0,0,0,0,0,0,0,0,0,0,0,0,0,0,0,0,0,0,0,0,0,0,0,0,0,0,0,0,0,0,0,0,0,0,0,0,0,0,0,0,0,0,0,0,0,0,0,0,0,0,0,0,0,0,0,0,0,0,0,0,0,0,0,0,0,0,0,0,0,0,0,0,0,0,0,0,0,0,0,0,0,0,0,0,0,0,0,0,0,0,0,0,0,0,0,0,0,0,0,0,0,0,0,0,0,0,0,0,0,0,0,0,0,0,0,0,0,0,0,0,0,0,0,0,0,0,0,0,0,0,0,0,0,0,0,0,0,0,0,0,0,0,0,0,0,0,0,0,0,0,0,0,0,0,0,0,0,0,0,0,0,0,0,0,0,0,0,0,0,0,0,0,0,0,0,0,0,0,0,0,0,0,0,0,0,0,0,0,0,0,0,0,0,0,0,0,0,0,0,0,0,0,0,0,0,0,0,0,0,0,0,0,0,0,0,0,0,0,0,0,0,0,0,0,0,0,0,0,0,0,0,0,0,0,0,0,0,0,0,0,0,0,0,0,0
"manyara/mbulu/gehandu",0,0,0,0,0,0,0,0,0,0,0,0,0,0,0,0,0,0,0,0,0,0,0,0,0,0,0,0,0,0,0,0,0,0,0,0,0,0,0,0,0,0,0,0,0,0,0,0,0,0,0,0,0,0,0,0,0,0,0,0,0,0,0,0,0,0,0,0,0,0,0,0,0,0,0,0,0,0,0,0,0,0,0,0,0,0,0,0,0,0,0,0,0,0,0,0,0,0,0,0,0,0,0,0,0,0,0,0,0,0,0,0,0,0,0,0,0,0,0,0,0,0,0,0,0,0,0,0,0,0,0,0,0,0,0,0,0,0,0,0,0,0,0,0,0,0,0,0,0,0,0,0,0,0,0,0,0,0,0,0,0,0,0,0,0,0,0,0,0,0,0,0,0,0,0,0,0,0,0,0,0,0,0,0,0,0,0,0,0,0,0,0,0,0,0,0,0,0,0,0,0,0,0,0,0,0,0,0,0,0,0,0,0,0,0,0,0,0,0,0,0,0,0,0,0,0,0,0,0,0,0,0,0,0,0,0,0,0,0,0,0,0,0,0,0,0,0,0,0,0,0,0,0,0,0,0,0,0,0,0,0,0,0,0,0,0,0,0,0,0,0,0,0,0,0,0,0,0,0,0,0,0,0,0,0,0,0,0,0,0,0,0,0,0,0,0,0,0,0,0,0,0,0,0,0,0,0,0,0,0,0,0,0,0,0,0,0,0,0,0,0,0,0,0,0,0,0,0,0,0,0,0,0,0,0,0,0,0,0,0,0,0,0,0,0,0,0,0,0,0,0,0,0,0,0,0,0,0,0,0,0,0,0,0,0,0,0,0,0,0,0,0,0,0,0,0,0,0,0,0,0,0,0,0,0,0,0,0,0,0,0,0,0,0,0,0,0,0
"manyara/hanang/gehandu",0.000112,5e-05,1.6e-05,0.000409,0.000127,0.00061,2.1e-05,2.4e-05,9.6e-05,0.013062,0.000298,0.001852,8.4e-05,0.001265,0.002183,6.5e-05,0.000172,0.001517,0.000821,0.005703,1.8e-05,9.5e-05,9e-05,1.2e-05,1.4e-05,4e-06,0.000133,3e-05,8e-06,2e-05,0.000438,6.1e-05,8e-06,9e-06,0.000156,0.000805,0.000121,0.00856,0.000147,0.000367,0.000171,0.000479,0.001821,0.005487,0.000399,0.00014,5.4e-05,0.028775,0.005089,5.8e-05,6e-05,4.1e-05,3.1e-05,0.000241,0.011342,0.000172,1.8e-05,5.2e-05,0.000606,0.015367,0.000396,0.000995,0.000543,0.000158,0,0.000833,0.000399,0.000107,0.000255,0.005267,2e-05,0.000157,2.2e-05,0.000538,0,0.000683,7.6e-05,0.000547,0.000537,0.000311,8.4e-05,0.000684,0.000159,0.000507,0.001117,4e-05,0.004255,0.000309,0.010212,0.002771,0.000163,0.00059,0.004426,0.000631,3.1e-05,0.003036,0.000258,6e-06,0.002004,0.000503,4.3e-05,4.2e-05,0.000521,0.000187,6.1e-05,0.002567,3.7e-05,0.000397,0.000149,0.003185,0.000182,0.001281,0.027247,5e-06,1.9e-05,1.4e-05,0.001508,3.3e-05,0.002245,0.000205,0.000108,0.00393,1.4e-05,5.4e-05,6e-06,0.000213,0.001214,0.006963,0.000465,1.5e-05,1.3e-05,0.000471,0.000966,9.1e-05,4e-06,0.000686,3.8e-05,0.00027,0.004749,0.00064,0.000281,1.2e-05,0.000239,6e-05,2.7e-05,0.000789,0.000151,0.000997,0.000826,0.000276,1.3e-05,1.2e-05,2.2e-05,1.8e-05,0.000803,0.007284,5.9e-05,7.7e-05,0.000117,0.03181,0.000146,0.00288,6e-06,3.9e-05,0.002958,0.001214,0.000191,0.000142,0.001361,8.4e-05,0.000434,0.002623,0.020138,0.000389,6.4e-05,0.001191,0.005978,1.2e-05,0.000646,0.000614,7e-06,7.5e-05,0.00158,0.00011,0.004046,0.074149,8e-06,1.6e-05,0.002052,0.000614,0.00017,0.001329,0.000513,0.000393,0.004013,8.1e-05,1.5e-05,6.9e-05,0.00076,1.1e-05,0.00229,0.000474,0.000839,1e-05,0.001136,8.2e-05,0.007292,0.002471,0.00085,1.8e-05,1.6e-05,8.7e-05,0.002397,7e-06,2.4e-05,0.000211,2.2e-05,0.010545,9.4e-05,0.000588,0.000371,1.1e-05,0.000147,1.5e-05,0.002411,5.4e-05,0.00344,2.9e-05,0.000211,0.000252,0.000103,9.6e-05,0.00315,0.002715,0.000311,1e-06,1.8e-05,0.000425,0.000685,1.2e-05,0.000252,0.026904,6e-06,0.018338,9e-06,1.2e-05,4.2e-05,0.000999,0.002012,0.000124,0.006643,0.007377,1.9e-05,0.001812,0.000561,0.000418,1.7e-05,7.5e-05,1e-05,1.2e-05,1e-05,0.000278,1.4e-05,1.2e-05,0.002392,5.4e-05,9.4e-05,0.00231,3.3e-05,0.000645,0.001938,0.001928,1.3e-05,1.2e-05,0.006356,3.3e-05,0.000487,0.001184,5.2e-05,0.000151,0.000107,1.3e-05,0.018741,0.000184,4.5e-05,0.000123,0.000263,3.7e-05,0.000396,1.2e-05,0.00018,0.000149,3.8e-05,0.005262,0.000169,0.000284,0.002345,3.5e-05,0.000404,0.000763,6e-06,4e-06,1.1e-05,0.000176,5.4e-05,0.008236,0.000153,2e-05,1.2e-05,1.4e-05,0.001981,0.000462,0.000193,1e-05,0.000111,1.9e-05,3.4e-05,0.004732,0.003652,0.002748,0.00032,0.002385,0.000324,0.001478,0.016406,0.000947,0.001133,5.5e-05,0.000106,0.000456,0.000695,0.000288,0.019535,0.0025,0.001357,5.7e-05,5.7e-05,0.000106,0.004753,0.000157,2e-05,1e-05,1.8e-05,2e-04,0.001821,0.00037,0.000233,0.000775,0.001325,0.000321,2.3e-05,0.000785,6e-05,0.008261,0.001238,0.000847,0.001023,6.6e-05,2.6e-05,0.000164,1e-04,0.000217,8.5e-05,0.000122,7e-05,0.005402,0.00154,0.003415,7.7e-05,0.000551,6.2e-05,4e-06,1.6e-05,0.000122,2.9e-05,0.000362,0.000375,1.3e-05,0.002958,4.8e-05,7e-06,0.000116,0.007347,0.004347,2e-05,0.000146,1.4e-05,0.001582,0.000293,1e-05,0.002134,1.2e-05,1.3e-05,2.8e-05,4e-06,6e-06,9.9e-05,7.1e-05
"arusha/longido/gelailumbwa",0,0,0,0,0,0,0,0,0,0,0,0,0,0,0,0,0,0,0,0,0,0,0,0,0,0,0,0,0,0,0,0,0,0,0,0,0,0,0,0,0,0,0,0,0,0,0,0,0,0,0,0,0,0,0,0,0,0,0,0,0,0,0,0,0,0,0,0,0,0,0,0,0,0,0,0,0,0,0,0,0,0,0,0,0,0,0,0,0,0,0,0,0,0,0,0,0,0,0,0,0,0,0,0,0,0,0,0,0,0,0,0,0,0,0,0,0,0,0,0,0,0,0,0,0,0,0,0,0,0,0,0,0,0,0,0,0,0,0,0,0,0,0,0,0,0,0,0,0,0,0,0,0,0,0,0,0,0,0,0,0,0,0,0,0,0,0,0,0,0,0,0,0,0,0,0,0,0,0,0,0,0,0,0,0,0,0,0,0,0,0,0,0,0,0,0,0,0,0,0,0,0,0,0,0,0,0,0,0,0,0,0,0,0,0,0,0,0,0,0,0,0,0,0,0,0,0,0,0,0,0,0,0,0,0,0,0,0,0,0,0,0,0,0,0,0,0,0,0,0,0,0,0,0,0,0,0,0,0,0,0,0,0,0,0,0,0,0,0,0,0,0,0,0,0,0,0,0,0,0,0,0,0,0,0,0,0,0,0,0,0,0,0,0,0,0,0,0,0,0,0,0,0,0,0,0,0,0,0,0,0,0,0,0,0,0,0,0,0,0,0,0,0,0,0,0,0,0,0,0,0,0,0,0,0,0,0,0,0,0,0,0,0,0,0,0,0,0,0,0,0,0,0,0,0,0,0,0,0,0,0,0,0,0,0,0,0,0,0,0,0,0,0,0,0,0,0,0,0,0,0,0,0,0,0,0,0,0,0,0,0,0,0,0,0,0,0,0
"arusha/longido/gelaimeirugoi",0,0,0,0,0,0,0,0,0,0,0,0,0,0,0,0,0,0,0,0,0,0,0,0,0,0,0,0,0,0,0,0,0,0,0,0,0,0,0,0,0,0,0,0,0,0,0,0,0,0,0,0,0,0,0,0,0,0,0,0,0,0,0,0,0,0,0,0,0,0,0,0,0,0,0,0,0,0,0,0,0,0,0,0,0,0,0,0,0,0,0,0,0,0,0,0,0,0,0,0,0,0,0,0,0,0,0,0,0,0,0,0,0,0,0,0,0,0,0,0,0,0,0,0,0,0,0,0,0,0,0,0,0,0,0,0,0,0,0,0,0,0,0,0,0,0,0,0,0,0,0,0,0,0,0,0,0,0,0,0,0,0,0,0,0,0,0,0,0,0,0,0,0,0,0,0,0,0,0,0,0,0,0,0,0,0,0,0,0,0,0,0,0,0,0,0,0,0,0,0,0,0,0,0,0,0,0,0,0,0,0,0,0,0,0,0,0,0,0,0,0,0,0,0,0,0,0,0,0,0,0,0,0,0,0,0,0,0,0,0,0,0,0,0,0,0,0,0,0,0,0,0,0,0,0,0,0,0,0,0,0,0,0,0,0,0,0,0,0,0,0,0,0,0,0,0,0,0,0,0,0,0,0,0,0,0,0,0,0,0,0,0,0,0,0,0,0,0,0,0,0,0,0,0,0,0,0,0,0,0,0,0,0,0,0,0,0,0,0,0,0,0,0,0,0,0,0,0,0,0,0,0,0,0,0,0,0,0,0,0,0,0,0,0,0,0,0,0,0,0,0,0,0,0,0,0,0,0,0,0,0,0,0,0,0,0,0,0,0,0,0,0,0,0,0,0,0,0,0,0,0,0,0,0,0,0,0,0,0,0,0,0,0,0,0,0,0,0
"manyara/hanang/gendabi",0,0,0,0,0,0,0,0,0,0,0,0,0,0,0,0,0,0,0,0,0,0,0,0,0,0,0,0,0,0,0,0,0,0,0,0,0,0,0,0,0,0,0,0,0,0,0,0,0,0,0,0,0,0,0,0,0,0,0,0,0,0,0,0,0,0,0,0,0,0,0,0,0,0,0,0,0,0,0,0,0,0,0,0,0,0,0,0,0,0,0,0,0,0,0,0,0,0,0,0,0,0,0,0,0,0,0,0,0,0,0,0,0,0,0,0,0,0,0,0,0,0,0,0,0,0,0,0,0,0,0,0,0,0,0,0,0,0,0,0,0,0,0,0,0,0,0,0,0,0,0,0,0,0,0,0,0,0,0,0,0,0,0,0,0,0,0,0,0,0,0,0,0,0,0,0,0,0,0,0,0,0,0,0,0,0,0,0,0,0,0,0,0,0,0,0,0,0,0,0,0,0,0,0,0,0,0,0,0,0,0,0,0,0,0,0,0,0,0,0,0,0,0,0,0,0,0,0,0,0,0,0,0,0,0,0,0,0,0,0,0,0,0,0,0,0,0,0,0,0,0,0,0,0,0,0,0,0,0,0,0,0,0,0,0,0,0,0,0,0,0,0,0,0,0,0,0,0,0,0,0,0,0,0,0,0,0,0,0,0,0,0,0,0,0,0,0,0,0,0,0,0,0,0,0,0,0,0,0,0,0,0,0,0,0,0,0,0,0,0,0,0,0,0,0,0,0,0,0,0,0,0,0,0,0,0,0,0,0,0,0,0,0,0,0,0,0,0,0,0,0,0,0,0,0,0,0,0,0,0,0,0,0,0,0,0,0,0,0,0,0,0,0,0,0,0,0,0,0,0,0,0,0,0,0,0,0,0,0,0,0,0,0,0,0,0,0,0
"manyara/hanang/getanuwas",0,0,0,0,0,0,0,0,0,0,0,0,0,0,0,0,0,0,0,0,0,0,0,0,0,0,0,0,0,0,0,0,0,0,0,0,0,0,0,0,0,0,0,0,0,0,0,0,0,0,0,0,0,0,0,0,0,0,0,0,0,0,0,0,0,0,0,0,0,0,0,0,0,0,0,0,0,0,0,0,0,0,0,0,0,0,0,0,0,0,0,0,0,0,0,0,0,0,0,0,0,0,0,0,0,0,0,0,0,0,0,0,0,0,0,0,0,0,0,0,0,0,0,0,0,0,0,0,0,0,0,0,0,0,0,0,0,0,0,0,0,0,0,0,0,0,0,0,0,0,0,0,0,0,0,0,0,0,0,0,0,0,0,0,0,0,0,0,0,0,0,0,0,0,0,0,0,0,0,0,0,0,0,0,0,0,0,0,0,0,0,0,0,0,0,0,0,0,0,0,0,0,0,0,0,0,0,0,0,0,0,0,0,0,0,0,0,0,0,0,0,0,0,0,0,0,0,0,0,0,0,0,0,0,0,0,0,0,0,0,0,0,0,0,0,0,0,0,0,0,0,0,0,0,0,0,0,0,0,0,0,0,0,0,0,0,0,0,0,0,0,0,0,0,0,0,0,0,0,0,0,0,0,0,0,0,0,0,0,0,0,0,0,0,0,0,0,0,0,0,0,0,0,0,0,0,0,0,0,0,0,0,0,0,0,0,0,0,0,0,0,0,0,0,0,0,0,0,0,0,0,0,0,0,0,0,0,0,0,0,0,0,0,0,0,0,0,0,0,0,0,0,0,0,0,0,0,0,0,0,0,0,0,0,0,0,0,0,0,0,0,0,0,0,0,0,0,0,0,0,0,0,0,0,0,0,0,0,0,0,0,0,0,0,0,0,0,0
"manyara/mbulu/geterer",0,0,0,0,0,0,0,0,0,0,0,0,0,0,0,0,0,0,0,0,0,0,0,0,0,0,0,0,0,0,0,0,0,0,0,0,0,0,0,0,0,0,0,0,0,0,0,0,0,0,0,0,0,0,0,0,0,0,0,0,0,0,0,0,0,0,0,0,0,0,0,0,0,0,0,0,0,0,0,0,0,0,0,0,0,0,0,0,0,0,0,0,0,0,0,0,0,0,0,0,0,0,0,0,0,0,0,0,0,0,0,0,0,0,0,0,0,0,0,0,0,0,0,0,0,0,0,0,0,0,0,0,0,0,0,0,0,0,0,0,0,0,0,0,0,0,0,0,0,0,0,0,0,0,0,0,0,0,0,0,0,0,0,0,0,0,0,0,0,0,0,0,0,0,0,0,0,0,0,0,0,0,0,0,0,0,0,0,0,0,0,0,0,0,0,0,0,0,0,0,0,0,0,0,0,0,0,0,0,0,0,0,0,0,0,0,0,0,0,0,0,0,0,0,0,0,0,0,0,0,0,0,0,0,0,0,0,0,0,0,0,0,0,0,0,0,0,0,0,0,0,0,0,0,0,0,0,0,0,0,0,0,0,0,0,0,0,0,0,0,0,0,0,0,0,0,0,0,0,0,0,0,0,0,0,0,0,0,0,0,0,0,0,0,0,0,0,0,0,0,0,0,0,0,0,0,0,0,0,0,0,0,0,0,0,0,0,0,0,0,0,0,0,0,0,0,0,0,0,0,0,0,0,0,0,0,0,0,0,0,0,0,0,0,0,0,0,0,0,0,0,0,0,0,0,0,0,0,0,0,0,0,0,0,0,0,0,0,0,0,0,0,0,0,0,0,0,0,0,0,0,0,0,0,0,0,0,0,0,0,0,0,0,0,0,0,0,0
"manyara/hanang/gidahababieg",0,0,0,0,0,0,0,0,0,0,0,0,0,0,0,0,0,0,0,0,0,0,0,0,0,0,0,0,0,0,0,0,0,0,0,0,0,0,0,0,0,0,0,0,0,0,0,0,0,0,0,0,0,0,0,0,0,0,0,0,0,0,0,0,0,0,0,0,0,0,0,0,0,0,0,0,0,0,0,0,0,0,0,0,0,0,0,0,0,0,0,0,0,0,0,0,0,0,0,0,0,0,0,0,0,0,0,0,0,0,0,0,0,0,0,0,0,0,0,0,0,0,0,0,0,0,0,0,0,0,0,0,0,0,0,0,0,0,0,0,0,0,0,0,0,0,0,0,0,0,0,0,0,0,0,0,0,0,0,0,0,0,0,0,0,0,0,0,0,0,0,0,0,0,0,0,0,0,0,0,0,0,0,0,0,0,0,0,0,0,0,0,0,0,0,0,0,0,0,0,0,0,0,0,0,0,0,0,0,0,0,0,0,0,0,0,0,0,0,0,0,0,0,0,0,0,0,0,0,0,0,0,0,0,0,0,0,0,0,0,0,0,0,0,0,0,0,0,0,0,0,0,0,0,0,0,0,0,0,0,0,0,0,0,0,0,0,0,0,0,0,0,0,0,0,0,0,0,0,0,0,0,0,0,0,0,0,0,0,0,0,0,0,0,0,0,0,0,0,0,0,0,0,0,0,0,0,0,0,0,0,0,0,0,0,0,0,0,0,0,0,0,0,0,0,0,0,0,0,0,0,0,0,0,0,0,0,0,0,0,0,0,0,0,0,0,0,0,0,0,0,0,0,0,0,0,0,0,0,0,0,0,0,0,0,0,0,0,0,0,0,0,0,0,0,0,0,0,0,0,0,0,0,0,0,0,0,0,0,0,0,0,0,0,0,0,0,0
"manyara/babati/gidas",1.1e-05,4e-06,1e-06,2.5e-05,4.2e-05,5.1e-05,3e-06,3e-06,0.000211,0.006633,0.000196,1.3e-05,8e-06,0.000123,0.000107,7e-06,1.1e-05,0.00017,1.1e-05,4.1e-05,1e-06,8e-06,0.000189,1e-06,1e-06,0,0.000147,3e-06,1e-06,2e-06,4.5e-05,5e-06,1e-06,1e-06,1.3e-05,9.9e-05,1.2e-05,0.002327,1.6e-05,2.3e-05,9e-06,2.4e-05,0.000122,0.000451,2.9e-05,0.000225,5e-06,0.002899,0.000854,5e-06,7e-06,3e-06,3e-06,8e-06,0.006768,4.6e-05,2e-06,1.5e-05,5.6e-05,0.000903,2.8e-05,8.2e-05,4.5e-05,1.2e-05,0,8.4e-05,4e-05,3e-06,3e-05,0.001589,2e-06,5e-06,2e-06,7.1e-05,4.8e-05,4.9e-05,6e-06,1.2e-05,4e-06,5e-06,0.000101,0,1e-05,2.1e-05,9.4e-05,4e-06,0.000362,8e-06,0.000194,0.000208,4.3e-05,6e-06,0.000336,5.8e-05,2e-06,0.000339,2.1e-05,0,0.000163,4e-05,6e-06,2e-06,3.7e-05,1.8e-05,5e-06,0.000189,4e-06,3.2e-05,1.3e-05,0.000301,1.5e-05,9.6e-05,0.000768,0,1e-06,1e-06,0.000132,3e-06,0.000179,1.6e-05,9e-06,0.000308,1e-06,4e-06,0,1.5e-05,9.4e-05,0.000629,4.5e-05,1e-06,1e-06,3.7e-05,7.6e-05,7e-06,0,6.7e-05,4e-06,2.1e-05,0.000349,5.2e-05,2.5e-05,1e-06,2.3e-05,5e-06,2e-06,6.1e-05,3.9e-05,7.9e-05,6.4e-05,2.1e-05,1e-06,1e-06,2e-06,1e-06,5.8e-05,0.000759,4e-06,6e-06,1e-05,0.002621,1.1e-05,0.000383,0,3e-06,8e-06,1e-05,1.6e-05,1.2e-05,0.000136,7e-06,3.2e-05,0.000287,0.002007,3.4e-05,5e-06,0.000198,0.000933,1e-06,5.2e-05,4.8e-05,0,5e-06,0.00012,9e-06,0.000324,0.006421,1e-06,1e-06,0.000166,5e-05,1.4e-05,0.000222,6.9e-05,1.2e-05,0.001022,6e-06,1e-06,2.5e-05,6.1e-05,1e-06,0.000208,6.5e-05,6.5e-05,1e-06,8.6e-05,7e-06,0.000565,0.000304,5.5e-05,1e-06,1e-06,2.4e-05,0.00018,1e-06,2e-06,1.5e-05,2e-06,0.000779,7e-06,4.5e-05,1.4e-05,1e-06,5.9e-05,1e-06,0.000201,4e-06,0.000277,2e-06,1.7e-05,4.5e-05,6.5e-05,8e-06,0.000216,0.000287,2.4e-05,0,1e-06,4.2e-05,6.3e-05,1e-06,2.4e-05,0.003422,0,0.001465,1e-06,1e-06,3e-06,9.9e-05,2.9e-05,1.4e-05,0.000648,0.000681,2e-06,0.000179,4.2e-05,3.1e-05,1e-06,6e-06,1e-06,1e-06,1e-06,2.4e-05,2e-06,1e-06,0.000251,4e-06,1.5e-05,0.000232,1.3e-05,0.000131,0.000185,0.000154,1e-06,1e-06,0.000487,2e-06,3.6e-05,0.000131,8e-06,1.2e-05,1e-05,1e-06,0.001369,2.6e-05,3e-06,7.3e-05,2.4e-05,3e-06,3.5e-05,1e-06,1.9e-05,1.2e-05,3e-06,0.000525,1.3e-05,2.3e-05,0.000203,3e-06,3.5e-05,5.7e-05,0,0,1e-06,1.4e-05,5e-06,0.001329,1.5e-05,2e-06,1e-06,1e-06,0.000202,3.1e-05,1.8e-05,1e-06,9e-06,2e-06,2e-06,0.000411,0.000272,0.000304,3.8e-05,0.000222,2.8e-05,0.000111,0.00159,5.6e-05,6.9e-05,5e-06,6e-06,4.5e-05,6.7e-05,2.8e-05,0.001523,0.000152,0.000131,5e-06,5e-06,7e-06,0.000447,5e-05,2e-06,1e-06,2e-06,0.000171,0.00015,2.8e-05,1.5e-05,7.1e-05,0.000105,2e-05,3e-06,6.5e-05,6e-06,0.000812,0.000122,9.3e-05,0.000106,5e-06,2e-06,1.3e-05,4.4e-05,8.5e-05,6.3e-05,3.4e-05,4e-06,0.000519,0.000155,0.000342,5e-06,5e-05,5e-06,0,1e-06,9e-06,2e-06,3.8e-05,5.2e-05,1e-06,0.000228,5e-06,1e-06,1.3e-05,0.000545,0.000185,2e-06,1.4e-05,1e-06,0.000126,2.3e-05,1e-06,0.000201,1e-06,1e-06,2e-06,0,0,1e-05,4e-06
"manyara/mbulu/gidihim",0,0,0,0,0,0,0,0,0,0,0,0,0,0,0,0,0,0,0,0,0,0,0,0,0,0,0,0,0,0,0,0,0,0,0,0,0,0,0,0,0,0,0,0,0,0,0,0,0,0,0,0,0,0,0,0,0,0,0,0,0,0,0,0,0,0,0,0,0,0,0,0,0,0,0,0,0,0,0,0,0,0,0,0,0,0,0,0,0,0,0,0,0,0,0,0,0,0,0,0,0,0,0,0,0,0,0,0,0,0,0,0,0,0,0,0,0,0,0,0,0,0,0,0,0,0,0,0,0,0,0,0,0,0,0,0,0,0,0,0,0,0,0,0,0,0,0,0,0,0,0,0,0,0,0,0,0,0,0,0,0,0,0,0,0,0,0,0,0,0,0,0,0,0,0,0,0,0,0,0,0,0,0,0,0,0,0,0,0,0,0,0,0,0,0,0,0,0,0,0,0,0,0,0,0,0,0,0,0,0,0,0,0,0,0,0,0,0,0,0,0,0,0,0,0,0,0,0,0,0,0,0,0,0,0,0,0,0,0,0,0,0,0,0,0,0,0,0,0,0,0,0,0,0,0,0,0,0,0,0,0,0,0,0,0,0,0,0,0,0,0,0,0,0,0,0,0,0,0,0,0,0,0,0,0,0,0,0,0,0,0,0,0,0,0,0,0,0,0,0,0,0,0,0,0,0,0,0,0,0,0,0,0,0,0,0,0,0,0,0,0,0,0,0,0,0,0,0,0,0,0,0,0,0,0,0,0,0,0,0,0,0,0,0,0,0,0,0,0,0,0,0,0,0,0,0,0,0,0,0,0,0,0,0,0,0,0,0,0,0,0,0,0,0,0,0,0,0,0,0,0,0,0,0,0,0,0,0,0,0,0,0,0,0,0,0,0,0
"manyara/hanang/gisambalang",9e-05,3.2e-05,1.2e-05,0.00018,8.8e-05,0.000507,1.2e-05,1.4e-05,0.000114,0.012393,0.000278,0.000855,6.7e-05,0.001019,0.000852,3.6e-05,4.7e-05,0.000488,9.6e-05,0.000444,1.5e-05,5.3e-05,0.000125,1e-05,1.2e-05,3e-06,0.00015,1.8e-05,1e-05,1.8e-05,0.000573,8.5e-05,7e-06,8e-06,6.1e-05,0.000282,9.7e-05,0.003825,5.7e-05,0.000243,6e-05,0.001223,0.001375,0.001612,0.00037,0.000139,3.9e-05,0.023098,0.004963,2.3e-05,2.3e-05,2.2e-05,1.9e-05,7e-05,0.007855,0.00013,1.5e-05,5.6e-05,0.000586,0.005696,2e-04,0.00048,0.000404,0.000199,0,0.000678,0.000307,3.2e-05,0.000177,0.00439,1.2e-05,8.1e-05,1.8e-05,0.000325,0.001072,0.000333,5.2e-05,0.000131,7.1e-05,6.2e-05,0.00011,0.000634,5.9e-05,0,0.000556,1.4e-05,0.00346,7.4e-05,0.001574,0.001727,0.000207,6.7e-05,0.003581,0.000497,2.2e-05,0.001633,0.000204,5e-06,0.001657,0.000413,2.6e-05,1.9e-05,0.000445,0.00015,5e-05,0.001974,2e-05,0.000322,0.000117,0.001383,0.000144,0.001015,0.010588,4e-06,1.5e-05,1.2e-05,0.001237,4.5e-05,0.001817,0.000163,6.1e-05,0.003131,1.2e-05,4.5e-05,5e-06,0.000184,0.000922,0.003996,0.000383,1.2e-05,1e-05,0.00027,0.000796,7.3e-05,3e-06,0.000552,3e-05,0.000218,0.003482,0.000515,0.000227,1e-05,0.000191,4.8e-05,2.2e-05,0.00066,7.4e-05,0.000811,0.000665,0.000223,1e-05,1e-05,1.8e-05,1.6e-05,0.000675,0.005766,3.3e-05,3.9e-05,0.00012,0.025913,0.00012,0.001969,5e-06,3.3e-05,0.000119,0.001006,0.000161,0.000113,0.001103,7.1e-05,0.000324,0.001382,0.016175,0.000357,5.1e-05,0.001003,0.003716,9e-06,0.000522,0.000638,6e-06,4.8e-05,0.001412,9e-05,0.003223,0.092325,6e-06,1.2e-05,0.001647,0.000491,0.000139,0.000725,0.000234,7.3e-05,0.002477,9.5e-05,1.2e-05,5.7e-05,0.000616,8e-06,0.001848,0.000637,0.000525,9e-06,0.000906,6.5e-05,0.005935,0.001316,0.000529,1.4e-05,1.3e-05,6.2e-05,0.001928,5e-06,1.1e-05,0.000179,1.3e-05,0.008357,7.5e-05,0.000473,7.6e-05,9e-06,0.000105,1.2e-05,0.001944,4.3e-05,0.002733,2.4e-05,0.000102,0.000214,8.7e-05,3e-05,0.002194,0.002199,0.000446,1e-06,1.4e-05,0.000252,0.000319,1e-05,0.000213,0.034079,5e-06,0.011079,8e-06,1e-05,3.4e-05,0.000817,0.000548,0.000103,0.00531,0.003901,1.4e-05,0.00147,0.000437,0.000363,1.4e-05,6.2e-05,8e-06,1.1e-05,8e-06,0.000166,1.1e-05,1.1e-05,0.001122,3.8e-05,5.5e-05,0.001806,3.1e-05,0.000529,0.001502,0.001613,1e-05,1.1e-05,0.005134,2.7e-05,0.000422,0.000819,3.3e-05,9.6e-05,9.1e-05,9e-06,0.013778,0.000105,3.8e-05,9e-05,0.000287,2.9e-05,0.000164,1e-05,0.000226,0.000115,3.2e-05,0.00436,0.000137,0.000222,0.001295,2.8e-05,0.000354,0.000433,5e-06,4e-06,9e-06,0.000152,7.4e-05,0.004396,0.000123,1.6e-05,1e-05,1.1e-05,0.001123,0.00019,0.000302,8e-06,8.9e-05,1.1e-05,1.6e-05,0.00258,0.00289,0.001632,0.00028,0.001851,0.000261,0.001127,0.009187,0.000429,0.000519,4.4e-05,6.8e-05,0.000362,0.000554,0.000226,0.010253,0.001648,0.000951,5.2e-05,4.6e-05,7e-05,0.003835,0.000206,1.2e-05,8e-06,1.1e-05,0.000127,0.001628,0.000338,0.000152,0.000606,0.001147,0.00021,1.3e-05,0.000621,4.9e-05,0.006631,0.000617,0.000658,0.00064,5.5e-05,2e-05,0.000133,8.1e-05,0.000323,8.7e-05,0.000394,4.5e-05,0.004324,0.00088,0.002745,9.4e-05,0.000438,5.1e-05,3e-06,1.4e-05,9.2e-05,2.3e-05,0.000298,0.000247,1e-05,0.001579,2.4e-05,6e-06,5.6e-05,0.005794,0.001289,1.1e-05,0.000117,1.1e-05,0.001274,0.000235,8e-06,0.001734,9e-06,1.1e-05,2.4e-05,3e-06,6e-06,4.7e-05,2.7e-05
"manyara/hanang/giting",0,0,0,0,0,0,0,0,0,0,0,0,0,0,0,0,0,0,0,0,0,0,0,0,0,0,0,0,0,0,0,0,0,0,0,0,0,0,0,0,0,0,0,0,0,0,0,0,0,0,0,0,0,0,0,0,0,0,0,0,0,0,0,0,0,0,0,0,0,0,0,0,0,0,0,0,0,0,0,0,0,0,0,0,0,0,0,0,0,0,0,0,0,0,0,0,0,0,0,0,0,0,0,0,0,0,0,0,0,0,0,0,0,0,0,0,0,0,0,0,0,0,0,0,0,0,0,0,0,0,0,0,0,0,0,0,0,0,0,0,0,0,0,0,0,0,0,0,0,0,0,0,0,0,0,0,0,0,0,0,0,0,0,0,0,0,0,0,0,0,0,0,0,0,0,0,0,0,0,0,0,0,0,0,0,0,0,0,0,0,0,0,0,0,0,0,0,0,0,0,0,0,0,0,0,0,0,0,0,0,0,0,0,0,0,0,0,0,0,0,0,0,0,0,0,0,0,0,0,0,0,0,0,0,0,0,0,0,0,0,0,0,0,0,0,0,0,0,0,0,0,0,0,0,0,0,0,0,0,0,0,0,0,0,0,0,0,0,0,0,0,0,0,0,0,0,0,0,0,0,0,0,0,0,0,0,0,0,0,0,0,0,0,0,0,0,0,0,0,0,0,0,0,0,0,0,0,0,0,0,0,0,0,0,0,0,0,0,0,0,0,0,0,0,0,0,0,0,0,0,0,0,0,0,0,0,0,0,0,0,0,0,0,0,0,0,0,0,0,0,0,0,0,0,0,0,0,0,0,0,0,0,0,0,0,0,0,0,0,0,0,0,0,0,0,0,0,0,0,0,0,0,0,0,0,0,0,0,0,0,0,0,0,0,0,0,0,0
"manyara/mbulu/gunyoda",0,0,0,0,0,0,0,0,0,0,0,0,0,0,0,0,0,0,0,0,0,0,0,0,0,0,0,0,0,0,0,0,0,0,0,0,0,0,0,0,0,0,0,0,0,0,0,0,0,0,0,0,0,0,0,0,0,0,0,0,0,0,0,0,0,0,0,0,0,0,0,0,0,0,0,0,0,0,0,0,0,0,0,0,0,0,0,0,0,0,0,0,0,0,0,0,0,0,0,0,0,0,0,0,0,0,0,0,0,0,0,0,0,0,0,0,0,0,0,0,0,0,0,0,0,0,0,0,0,0,0,0,0,0,0,0,0,0,0,0,0,0,0,0,0,0,0,0,0,0,0,0,0,0,0,0,0,0,0,0,0,0,0,0,0,0,0,0,0,0,0,0,0,0,0,0,0,0,0,0,0,0,0,0,0,0,0,0,0,0,0,0,0,0,0,0,0,0,0,0,0,0,0,0,0,0,0,0,0,0,0,0,0,0,0,0,0,0,0,0,0,0,0,0,0,0,0,0,0,0,0,0,0,0,0,0,0,0,0,0,0,0,0,0,0,0,0,0,0,0,0,0,0,0,0,0,0,0,0,0,0,0,0,0,0,0,0,0,0,0,0,0,0,0,0,0,0,0,0,0,0,0,0,0,0,0,0,0,0,0,0,0,0,0,0,0,0,0,0,0,0,0,0,0,0,0,0,0,0,0,0,0,0,0,0,0,0,0,0,0,0,0,0,0,0,0,0,0,0,0,0,0,0,0,0,0,0,0,0,0,0,0,0,0,0,0,0,0,0,0,0,0,0,0,0,0,0,0,0,0,0,0,0,0,0,0,0,0,0,0,0,0,0,0,0,0,0,0,0,0,0,0,0,0,0,0,0,0,0,0,0,0,0,0,0,0,0,0
"kilimanjaro/hai/haimjini",1e-06,0,0,0,0,1.2e-05,0,0,0,0,0,0,0,6e-06,0,0,0,0,0,0,0,2e-06,0,0,0,0,0,0,0,0,3e-06,0,0,0,0,0,0,0,0,0,0,0,0,0,0,0,0,9.7e-05,1e-06,0,0,0,0,0,0,0,0,0,0,1e-06,0,0,1e-06,0,0,3e-06,1e-06,0,0,0,0,0,0,0,0,0,0,0,0,0,0,0,0,0,0,0,0,0,0,1e-06,0,0,3e-05,3e-06,0,0,9e-06,0,2.8e-05,5e-06,0,0,0,1e-06,2e-06,1.4e-05,0,2.1e-05,2e-06,0,6e-06,1.2e-05,0,0,0,0,0.000222,0,6.2e-05,5e-06,3e-06,9e-05,0,0,0,0,0,0.000135,5e-06,0,0,4e-06,7e-06,4e-06,0,3e-06,0,6e-06,7e-06,3.8e-05,1.3e-05,0,1e-06,3e-06,0,3e-06,0,1.6e-05,1.3e-05,4e-06,0,0,0,0,1e-06,1.2e-05,0,0,0,0.00131,1e-06,2e-06,0,0,0,0,1e-06,3e-06,5e-06,0,0,1e-06,7.5e-05,0,2e-06,0,1e-06,0,2.8e-05,0,0,0,1e-06,3e-06,0.000163,0.012378,0,0,0.00014,3.9e-05,1.1e-05,0,0,0,0,0,0,0,2.6e-05,0,3.8e-05,0,0,0,1e-05,3e-06,6.3e-05,0,0,0,0,0,1.5e-05,0,0,0,0,5.8e-05,1e-06,6e-06,0,0,0,1e-06,0.000546,3e-06,0.000136,3e-06,0,0,0,0,2e-06,6e-06,0,0,0,3e-06,0,0,4e-06,2.7e-05,0,3.2e-05,0,0,1e-06,6e-06,0,0,2.6e-05,6e-06,0,9e-06,5e-06,0,0,0,0,0,0,2e-06,0,0,0,0,0,4e-06,0,0,4e-06,1.1e-05,0,0,5.5e-05,0,0,1e-06,0,0,1e-06,0,2.7e-05,0,0,0,0,0,0,0,0,1e-06,0,3.5e-05,5e-06,4e-06,1.3e-05,0,1e-06,0,0,0,0,0,0,0,1e-06,0,0,0,4e-06,0,0,0,2e-06,0,0,1.5e-05,2.7e-05,5e-06,1e-06,7e-06,3.9e-05,7e-06,3.8e-05,0,0,0,0,1e-06,3e-06,1e-06,2.6e-05,0,0,0,2e-06,0,4.1e-05,0,0,0,0,0,2e-06,0,0,3e-06,2e-06,0,0,2.3e-05,0,3.4e-05,0,1e-06,3e-06,0,0,8e-06,0,0,0,0,0,2.6e-05,4e-06,1.1e-05,0,5e-06,3e-06,0,0,0,0,1e-06,0,0,8e-06,0,0,0,4.9e-05,0,0,1e-06,0,5.7e-05,7e-06,0,2.3e-05,0,0,0,0,0,0,0
"manyara/mbulu/hayderer",0,0,0,0,0,0,0,0,0,0,0,0,0,0,0,0,0,0,0,0,0,0,0,0,0,0,0,0,0,0,0,0,0,0,0,0,0,0,0,0,0,0,0,0,0,0,0,0,0,0,0,0,0,0,0,0,0,0,0,0,0,0,0,0,0,0,0,0,0,0,0,0,0,0,0,0,0,0,0,0,0,0,0,0,0,0,0,0,0,0,0,0,0,0,0,0,0,0,0,0,0,0,0,0,0,0,0,0,0,0,0,0,0,0,0,0,0,0,0,0,0,0,0,0,0,0,0,0,0,0,0,0,0,0,0,0,0,0,0,0,0,0,0,0,0,0,0,0,0,0,0,0,0,0,0,0,0,0,0,0,0,0,0,0,0,0,0,0,0,0,0,0,0,0,0,0,0,0,0,0,0,0,0,0,0,0,0,0,0,0,0,0,0,0,0,0,0,0,0,0,0,0,0,0,0,0,0,0,0,0,0,0,0,0,0,0,0,0,0,0,0,0,0,0,0,0,0,0,0,0,0,0,0,0,0,0,0,0,0,0,0,0,0,0,0,0,0,0,0,0,0,0,0,0,0,0,0,0,0,0,0,0,0,0,0,0,0,0,0,0,0,0,0,0,0,0,0,0,0,0,0,0,0,0,0,0,0,0,0,0,0,0,0,0,0,0,0,0,0,0,0,0,0,0,0,0,0,0,0,0,0,0,0,0,0,0,0,0,0,0,0,0,0,0,0,0,0,0,0,0,0,0,0,0,0,0,0,0,0,0,0,0,0,0,0,0,0,0,0,0,0,0,0,0,0,0,0,0,0,0,0,0,0,0,0,0,0,0,0,0,0,0,0,0,0,0,0,0,0,0,0,0,0,0,0,0,0,0,0,0,0,0,0,0,0,0,0,0
"manyara/mbulu/haydom",1.1e-05,7e-06,1e-06,5.6e-05,1.1e-05,5.5e-05,4e-06,4e-06,5e-06,0.000992,2.1e-05,1.1e-05,8e-06,0.000125,0.000877,1.2e-05,5.8e-05,0.00014,0.000164,0.000399,1e-06,9e-06,4e-06,1e-06,1e-06,0,8e-06,5e-06,0,2e-06,4.1e-05,3e-06,1e-06,1e-06,3.1e-05,4.7e-05,1.2e-05,0.00069,2.7e-05,4.4e-05,6e-05,7e-06,0.000118,0.001117,2.2e-05,8e-06,6e-06,0.002936,0.000434,1.1e-05,1.1e-05,9e-06,5e-06,0.000208,0.000447,7e-06,2e-06,4e-06,4.7e-05,0.00326,4.3e-05,0.000127,5.8e-05,9e-06,0,8.1e-05,4.3e-05,0.000105,3.4e-05,0.000363,3e-06,3e-06,2e-06,8.5e-05,0.000111,8e-05,9e-06,1.6e-05,8.3e-05,0.000661,3e-06,3e-05,3.4e-05,8e-06,4e-05,8e-06,0.000399,1e-04,0,0.000225,5e-06,0.000191,0.000404,6.3e-05,4e-06,0.000565,2.5e-05,1e-06,0.000181,4.5e-05,7e-06,1.2e-05,4.3e-05,1.9e-05,6e-06,0.00025,7e-06,3.7e-05,1.5e-05,0.000517,1.7e-05,0.00012,0.000402,0,2e-06,1e-06,0.000141,2e-06,0.000208,1.9e-05,1e-05,0.000371,1e-06,5e-06,1e-06,1.7e-05,8.2e-05,0.000667,4.4e-05,1e-06,1e-06,4.3e-05,8.7e-05,8e-06,0,6.8e-05,4e-06,2.5e-05,0.000502,6e-05,2.7e-05,1e-06,2.4e-05,6e-06,3e-06,6.9e-05,1.6e-05,9.1e-05,7.6e-05,2.5e-05,1e-06,1e-06,2e-06,2e-06,6.8e-05,0.000756,6e-06,9e-06,9e-06,0.003005,1.3e-05,0.00024,1e-06,3e-06,4.5e-05,1e-05,1.7e-05,1.4e-05,0.000134,7e-06,2.9e-05,0.000304,0.002034,3.2e-05,6e-06,8.2e-05,0.000575,1e-06,6e-05,4.3e-05,1e-06,1e-05,0.000127,1e-05,0.000384,0.007247,1e-06,2e-06,0.000193,5.8e-05,1.6e-05,0.000154,7.5e-05,0.000333,0.000376,5e-06,1e-06,6e-06,7e-05,2e-06,0.000221,2.9e-05,6.9e-05,1e-06,0.000105,8e-06,0.000666,0.000288,0.000122,2e-06,1e-06,7e-06,0.00022,1e-06,6e-06,1.8e-05,4e-06,0.000987,9e-06,5.4e-05,0.000137,1e-06,9e-06,1e-06,0.000228,5e-06,0.000328,3e-06,5.1e-05,8e-06,5e-06,2.5e-05,0.000358,0.000272,1.6e-05,0,2e-06,3.9e-05,9.6e-05,1e-06,2.3e-05,0.002805,1e-06,0.001598,1e-06,1e-06,4e-06,9.7e-05,2.5e-05,1.2e-05,0.000666,0.000814,2e-06,0.000177,5.4e-05,3.5e-05,2e-06,7e-06,1e-06,1e-06,1e-06,2.5e-05,2e-06,1e-06,0.00034,6e-06,1.3e-05,0.000241,3e-06,6.7e-05,0.000202,0.000171,1e-06,1e-06,0.000584,3e-06,4e-05,9.4e-05,7e-06,2.2e-05,1e-05,2e-06,0.001989,2.9e-05,3e-06,8e-06,6e-06,3e-06,5.1e-05,1e-06,1.1e-05,1.5e-05,3e-06,0.000502,1.6e-05,2.8e-05,0.000234,4e-06,3.4e-05,0.000141,1e-06,0,1e-06,1.5e-05,3e-06,0.000975,1.5e-05,2e-06,1e-06,1e-06,0.000199,7.8e-05,1e-05,1e-06,1e-05,3e-06,4e-06,0.000484,0.000342,0.000263,2.9e-05,0.000247,3.1e-05,0.000147,0.00168,0.000119,0.000141,5e-06,1.3e-05,4.6e-05,6.9e-05,2.9e-05,0.002095,0.000301,0.000104,3e-06,5e-06,1.3e-05,0.000464,1e-05,3e-06,1e-06,3e-06,1.3e-05,0.00015,2.9e-05,2.9e-05,7.9e-05,0.000112,4e-05,4e-06,7.6e-05,6e-06,0.000825,0.000155,9.2e-05,9e-05,6e-06,2e-06,1.5e-05,8e-06,6e-06,6e-06,3e-06,9e-06,0.000538,0.000152,0.000341,5e-06,5.4e-05,6e-06,0,1e-06,8e-06,3e-06,3.5e-05,3.3e-05,1e-06,0.000302,9e-06,1e-06,1.9e-05,0.000693,0.000466,4e-06,1.5e-05,1e-06,0.000148,2.7e-05,1e-06,0.000206,1e-06,1e-06,2e-06,0,1e-06,1.9e-05,3e-05
"kilimanjaro/same/hedaru",2e-06,0,1e-06,2e-06,0,3.1e-05,0,0,0,8e-06,0,0,1e-06,1.7e-05,1e-06,0,0,0,0,0,5.2e-05,2e-06,0,0,2.8e-05,0,0,0,0,0.000139,7e-06,0,1.9e-05,1e-06,0,0,1e-06,2e-06,0,2e-06,0,0,2.2e-05,1e-06,2e-06,0,0,0.000335,2.9e-05,0,0,0,0,0,1e-06,0,0,0,0.000105,2.7e-05,3e-06,5e-06,5e-06,1e-06,0,1.1e-05,3e-06,0,1e-06,9e-06,0,0,0,0,0,4e-06,0,0,0,0,0,0,0,0,0,0,0.00012,0,1e-06,0,0,0,0.00025,8e-06,0,2e-06,6e-06,1e-06,0.000115,3e-05,0,0,8e-04,2e-06,2e-06,5.2e-05,0,1.4e-05,3e-06,7e-06,4e-06,4.4e-05,1e-06,0,1e-06,1e-06,4.2e-05,0,8.8e-05,6e-06,3e-06,0.00012,2e-06,7e-06,1e-06,0.000801,3.2e-05,0.000139,8e-06,1e-06,1e-06,2.4e-05,6.8e-05,3e-06,1e-06,9e-06,0,1.1e-05,5e-05,2.1e-05,6e-06,0.000137,3e-06,2e-06,1e-06,0.000104,0,4.7e-05,3.4e-05,1.3e-05,0,2e-06,1e-06,1.1e-05,0.000414,6.4e-05,2e-06,1e-06,1.1e-05,0.001218,1.2e-05,4.2e-05,0,7e-06,0,0,1.6e-05,3e-06,1.7e-05,1.1e-05,1e-05,1.3e-05,0.000242,9.7e-05,1e-06,1e-05,2.8e-05,0,2.3e-05,2.7e-05,2.2e-05,0,0.014654,5e-06,0.000109,0.002599,0,0,6e-05,1.6e-05,6e-06,0,1e-06,0,5e-06,1e-06,1e-06,0,2.9e-05,0,4.1e-05,4e-06,0.00316,0,4.5e-05,2e-06,0.000417,9e-06,3e-06,1e-06,1e-06,0,0.000123,0,0,0.000218,0,0.000404,4e-06,2.6e-05,0,0,0,0,6.4e-05,1e-06,8.6e-05,1e-06,0,0,0,0,2.3e-05,2.8e-05,1e-06,0,1e-06,9e-06,2e-06,1e-06,7e-06,0.000171,0,0.00385,9e-06,0,2e-06,1.5e-05,0,1e-06,8e-05,5.6e-05,0,2.4e-05,1.4e-05,0.001989,1e-06,7e-06,0,1.3e-05,1.3e-05,1.6e-05,0,3.1e-05,6e-06,0,0,2e-05,0,1e-06,1.8e-05,0.000177,1e-06,1.4e-05,0.00032,1e-06,0.002297,5.2e-05,0,0,4e-06,0,0.000207,0,1e-06,0,0,1e-06,0,0,3e-06,3e-06,0.00011,8.6e-05,7e-06,5e-06,3.4e-05,0,4.5e-05,2e-06,0,1e-06,0,5.2e-05,0,1.5e-05,2e-06,0,0,0,2.1e-05,1e-06,1e-06,0,4e-06,0,0,5.8e-05,0.000127,3.3e-05,4e-06,2.5e-05,8e-06,2.4e-05,0.000184,4e-06,6e-06,1e-06,1e-06,5e-06,9e-06,3e-06,0.000204,1.4e-05,0.000151,1e-06,2e-06,1e-06,7.3e-05,0,0,0,0,0,0.001002,0.000366,1e-06,9e-06,0.000555,2e-06,0,1.6e-05,1e-06,0.000102,5e-06,5e-06,2.9e-05,7e-06,1e-06,6e-06,0,0,0,0,0,7e-05,1.8e-05,3.9e-05,1e-06,8e-06,2e-06,2e-06,9e-05,2e-06,1e-06,4e-06,4e-06,0,4e-05,0,1e-06,0,0.000241,0,0,2e-06,0,5.4e-05,1e-05,0,3.6e-05,0,1.9e-05,4.6e-05,2e-06,4.6e-05,0,0
"manyara/hanang/hidet",0,0,0,0,0,0,0,0,0,0,0,0,0,0,0,0,0,0,0,0,0,0,0,0,0,0,0,0,0,0,0,0,0,0,0,0,0,0,0,0,0,0,0,0,0,0,0,0,0,0,0,0,0,0,0,0,0,0,0,0,0,0,0,0,0,0,0,0,0,0,0,0,0,0,0,0,0,0,0,0,0,0,0,0,0,0,0,0,0,0,0,0,0,0,0,0,0,0,0,0,0,0,0,0,0,0,0,0,0,0,0,0,0,0,0,0,0,0,0,0,0,0,0,0,0,0,0,0,0,0,0,0,0,0,0,0,0,0,0,0,0,0,0,0,0,0,0,0,0,0,0,0,0,0,0,0,0,0,0,0,0,0,0,0,0,0,0,0,0,0,0,0,0,0,0,0,0,0,0,0,0,0,0,0,0,0,0,0,0,0,0,0,0,0,0,0,0,0,0,0,0,0,0,0,0,0,0,0,0,0,0,0,0,0,0,0,0,0,0,0,0,0,0,0,0,0,0,0,0,0,0,0,0,0,0,0,0,0,0,0,0,0,0,0,0,0,0,0,0,0,0,0,0,0,0,0,0,0,0,0,0,0,0,0,0,0,0,0,0,0,0,0,0,0,0,0,0,0,0,0,0,0,0,0,0,0,0,0,0,0,0,0,0,0,0,0,0,0,0,0,0,0,0,0,0,0,0,0,0,0,0,0,0,0,0,0,0,0,0,0,0,0,0,0,0,0,0,0,0,0,0,0,0,0,0,0,0,0,0,0,0,0,0,0,0,0,0,0,0,0,0,0,0,0,0,0,0,0,0,0,0,0,0,0,0,0,0,0,0,0,0,0,0,0,0,0,0,0,0,0,0,0,0,0,0,0,0,0,0,0,0,0,0,0,0,0,0,0
"manyara/hanang/hirbadaw",0.000105,6.1e-05,1.5e-05,0.000513,8.3e-05,0.000562,2.2e-05,2.6e-05,4.6e-05,0.008179,0.000175,0.00017,7.9e-05,0.001192,0.004561,7.5e-05,0.000264,0.001003,0.001271,0.005921,1.6e-05,9.1e-05,4.1e-05,1.1e-05,1.2e-05,3e-06,7e-05,3.3e-05,5e-06,1.8e-05,0.000396,3.8e-05,7e-06,9e-06,0.000212,0.000391,0.000114,0.005253,0.000175,0.000426,0.000258,9.3e-05,0.001367,0.006058,0.000259,6.8e-05,5.7e-05,0.027276,0.003972,7.3e-05,6.7e-05,6.2e-05,3.6e-05,0.000574,0.00425,6.5e-05,1.6e-05,3.4e-05,0.000497,0.024185,0.000419,0.001104,0.000551,0.000107,0,0.000776,0.000389,0.000337,0.000265,0.003301,2.5e-05,3e-05,2.2e-05,0.000569,0.001979,0.000753,8.6e-05,0.000161,0.006347,0.001315,3e-05,0.000285,0.00018,0.000107,0.000385,5e-05,0.003991,0.000464,0.056902,0.002425,4.8e-05,0,0.004169,0.000606,3.3e-05,0.003495,0.000247,5e-06,0.001853,0.000468,4.4e-05,7.9e-05,0.000467,0.000177,5.7e-05,0.002532,4.6e-05,0.000373,0.000144,0.003821,0.000175,0.001229,0.004787,4e-06,1.8e-05,1.4e-05,0.001402,2.2e-05,0.002114,0.000196,0.000103,0.003754,1.3e-05,5e-05,6e-06,0.000189,0.00092,0.006535,0.000429,1.4e-05,1.2e-05,0.000443,0.000896,8.5e-05,4e-06,0.000647,3.6e-05,0.000254,0.004913,0.000604,0.000265,1e-05,0.000227,5.7e-05,2.6e-05,0.000722,0.000115,0.000934,0.000781,0.00026,1.3e-05,1.1e-05,2.1e-05,1.6e-05,0.00073,0.006944,5.7e-05,8.1e-05,9.2e-05,0.02993,0.000135,0.002324,5e-06,3.6e-05,0.000997,0.000157,0.000173,0.000136,0.001274,7.6e-05,0.000332,0.002612,0.019058,0.000332,6.2e-05,0.000817,0.005038,1.3e-05,0.000609,0.000476,6e-06,9.1e-05,0.001369,0.000102,0.003865,0.069848,8e-06,1.5e-05,0.001946,0.000585,0.000158,0.001042,0.000531,0.000898,0.003026,5.7e-05,1.4e-05,4.7e-05,0.000715,1.3e-05,0.002158,0.000306,0.000733,9e-06,0.001083,7.8e-05,0.006837,0.002401,0.001067,1.7e-05,1.5e-05,6.1e-05,0.002268,6e-06,3.8e-05,0.000191,2.6e-05,0.010127,8.9e-05,0.000556,0.000565,1e-05,7.6e-05,1.5e-05,0.002279,5.2e-05,0.003294,2.7e-05,0.000301,7.7e-05,4.5e-05,0.000131,0.003444,0.002536,0.00019,1e-06,1.7e-05,0.000386,0.000776,1.2e-05,0.000228,0.024585,6e-06,0.016558,8e-06,1.1e-05,3.9e-05,0.000928,0.000302,0.000113,0.006302,0.007435,1.8e-05,0.001694,0.000547,0.000371,1.7e-05,6.9e-05,9e-06,1.1e-05,9e-06,0.000252,1.3e-05,1.1e-05,0.002636,5.7e-05,8.7e-05,0.002228,2.2e-05,0.000531,0.001887,0.001765,1.2e-05,1.1e-05,0.005998,3.1e-05,0.000432,0.00096,5.1e-05,0.00018,9.7e-05,1.6e-05,0.019384,0.000185,3.1e-05,7.2e-05,6.2e-05,3.6e-05,0.000325,1.2e-05,0.000124,0.000147,3.4e-05,0.00484,0.000159,0.000277,0.002273,3.3e-05,0.000356,0.001041,6e-06,4e-06,1.1e-05,0.000157,3.4e-05,0.007533,0.000145,1.9e-05,1.2e-05,1.4e-05,0.001867,0.000626,0.000112,9e-06,0.000105,2.5e-05,3.9e-05,0.004645,0.003509,0.002486,0.000279,0.002323,0.000307,0.001469,0.015733,0.001144,0.00135,5.1e-05,0.000126,0.000435,0.00066,0.000277,0.020026,0.002919,0.001093,3.9e-05,5.3e-05,0.000122,0.004478,9.2e-05,2.5e-05,9e-06,2.1e-05,0.000109,0.001581,0.000315,0.000275,0.000749,0.001179,0.000378,2.5e-05,0.000753,5.7e-05,0.007808,0.001309,0.000816,0.000892,6e-05,2.4e-05,0.000153,6.4e-05,6.5e-05,4.8e-05,3.7e-05,8.3e-05,0.005121,0.001443,0.00322,5.3e-05,0.000526,5.9e-05,3e-06,1.4e-05,9.3e-05,2.8e-05,0.000333,0.000308,1.2e-05,0.002968,5.4e-05,6e-06,0.000112,0.007086,0.003218,2.3e-05,0.000138,1.3e-05,0.001497,0.000278,9e-06,0.001999,1.1e-05,1.2e-05,2.5e-05,4e-06,6e-06,0.000111,0.000135
"kilimanjaro/rombo/holili",0,0,0,0,0,0,0,0,0,0,0,0,0,0,0,0,0,0,0,0,0,0,0,0,0,0,0,0,0,0,0,0,0,0,0,0,0,0,0,0,0,0,0,0,0,0,0,0,0,0,0,0,0,0,0,0,0,0,0,0,0,0,0,0,0,0,0,0,0,0,0,0,0,0,0,0,0,0,0,0,0,0,0,0,0,0,0,0,0,0,0,0,0,0,0,0,0,0,0,0,0,0,0,0,0,0,0,0,0,0,0,0,0,0,0,0,0,0,0,0,0,0,0,0,0,0,0,0,0,0,0,0,0,0,0,0,0,0,0,0,0,0,0,0,0,0,0,0,0,0,0,0,0,0,0,0,0,0,0,0,0,0,0,0,0,0,0,0,0,0,0,0,0,0,0,0,0,0,0,0,0,0,0,0,0,0,0,0,0,0,0,0,0,0,0,0,0,0,0,0,0,0,0,0,0,0,0,0,0,0,0,0,0,0,0,0,0,0,0,0,0,0,0,0,0,0,0,0,0,0,0,0,0,0,0,0,0,0,0,0,0,0,0,0,0,0,0,0,0,0,0,0,0,0,0,0,0,0,0,0,0,0,0,0,0,0,0,0,0,0,0,0,0,0,0,0,0,0,0,0,0,0,0,0,0,0,0,0,0,0,0,0,0,0,0,0,0,0,0,0,0,0,0,0,0,0,0,0,0,0,0,0,0,0,0,0,0,0,0,0,0,0,0,0,0,0,0,0,0,0,0,0,0,0,0,0,0,0,0,0,0,0,0,0,0,0,0,0,0,0,0,0,0,0,0,0,0,0,0,0,0,0,0,0,0,0,0,0,0,0,0,0,0,0,0,0,0,0,0,0,0,0,0,0,0,0,0,0,0,0,0,0,0,0,0,0,0,0
"arusha/arusha/ilkidinga",0,0,0,0,0,0,0,0,0,0,0,0,0,0,0,0,0,0,0,0,0,0,0,0,0,0,0,0,0,0,0,0,0,0,0,0,0,0,0,0,0,0,0,0,0,0,0,0,0,0,0,0,0,0,0,0,0,0,0,0,0,0,0,0,0,0,0,0,0,0,0,0,0,0,0,0,0,0,0,0,0,0,0,0,0,0,0,0,0,0,0,0,0,0,0,0,0,0,0,0,0,0,0,0,0,0,0,0,0,0,0,0,0,0,0,0,0,0,0,0,0,0,0,0,0,0,0,0,0,0,0,0,0,0,0,0,0,0,0,0,0,0,0,0,0,0,0,0,0,0,0,0,0,0,0,0,0,0,0,0,0,0,0,0,0,0,0,0,0,0,0,0,0,0,0,0,0,0,0,0,0,0,0,0,0,0,0,0,0,0,0,0,0,0,0,0,0,0,0,0,0,0,0,0,0,0,0,0,0,0,0,0,0,0,0,0,0,0,0,0,0,0,0,0,0,0,0,0,0,0,0,0,0,0,0,0,0,0,0,0,0,0,0,0,0,0,0,0,0,0,0,0,0,0,0,0,0,0,0,0,0,0,0,0,0,0,0,0,0,0,0,0,0,0,0,0,0,0,0,0,0,0,0,0,0,0,0,0,0,0,0,0,0,0,0,0,0,0,0,0,0,0,0,0,0,0,0,0,0,0,0,0,0,0,0,0,0,0,0,0,0,0,0,0,0,0,0,0,0,0,0,0,0,0,0,0,0,0,0,0,0,0,0,0,0,0,0,0,0,0,0,0,0,0,0,0,0,0,0,0,0,0,0,0,0,0,0,0,0,0,0,0,0,0,0,0,0,0,0,0,0,0,0,0,0,0,0,0,0,0,0,0,0,0,0,0,0,0
"arusha/longido/ilorienito",0,0,0,0,0,0,0,0,0,0,0,0,0,0,0,0,0,0,0,0,0,0,0,0,0,0,0,0,0,0,0,0,0,0,0,0,0,0,0,0,0,0,0,0,0,0,0,0,0,0,0,0,0,0,0,0,0,0,0,0,0,0,0,0,0,0,0,0,0,0,0,0,0,0,0,0,0,0,0,0,0,0,0,0,0,0,0,0,0,0,0,0,0,0,0,0,0,0,0,0,0,0,0,0,0,0,0,0,0,0,0,0,0,0,0,0,0,0,0,0,0,0,0,0,0,0,0,0,0,0,0,0,0,0,0,0,0,0,0,0,0,0,0,0,0,0,0,0,0,0,0,0,0,0,0,0,0,0,0,0,0,0,0,0,0,0,0,0,0,0,0,0,0,0,0,0,0,0,0,0,0,0,0,0,0,0,0,0,0,0,0,0,0,0,0,0,0,0,0,0,0,0,0,0,0,0,0,0,0,0,0,0,0,0,0,0,0,0,0,0,0,0,0,0,0,0,0,0,0,0,0,0,0,0,0,0,0,0,0,0,0,0,0,0,0,0,0,0,0,0,0,0,0,0,0,0,0,0,0,0,0,0,0,0,0,0,0,0,0,0,0,0,0,0,0,0,0,0,0,0,0,0,0,0,0,0,0,0,0,0,0,0,0,0,0,0,0,0,0,0,0,0,0,0,0,0,0,0,0,0,0,0,0,0,0,0,0,0,0,0,0,0,0,0,0,0,0,0,0,0,0,0,0,0,0,0,0,0,0,0,0,0,0,0,0,0,0,0,0,0,0,0,0,0,0,0,0,0,0,0,0,0,0,0,0,0,0,0,0,0,0,0,0,0,0,0,0,0,0,0,0,0,0,0,0,0,0,0,0,0,0,0,0,0,0,0,0,0
"manyara/mbulu/imboru",0.001686,0.001356,0.000147,0.004461,0.002019,0.006177,0.022245,0.023949,0.000648,0.199787,0.004096,0.000299,0.001301,0.019713,0.065762,0.073089,0.004634,0.006994,0.000702,0.00199,0.000123,0.00082,0.000506,0.000124,0.000101,3.9e-05,0.001205,0.004925,3.3e-05,0.000149,0.009948,0.000227,5.8e-05,8.3e-05,0.007797,0.00189,0.002004,0.058695,0.059842,0.004685,0.003207,0.00021,0.005738,0.093545,0.001049,0.000927,0.001153,0.36321,0.085735,0.004681,0.07342,0.002263,0.002518,0.002205,0.021671,0.000432,0.000222,0.000889,0.004678,0.239609,0.003719,0.017524,0.008606,0.000641,4e-06,0.013374,0.008441,0.001085,0.013379,0.04809,0.001158,8.7e-05,0.000272,0.183207,0.001254,0.007583,0.001492,0.000386,0.000355,0.000732,0.000221,0.002008,0.00217,0.000319,0.001743,0.027703,0.047183,0.001007,0.02131,0.013887,0.000255,0.000431,0.039977,0.009853,0.000638,0,0.002994,5e-05,0.019408,0.004796,0.019036,0.001042,0.003717,0.003094,0.000631,0.026559,0.007158,0.004178,0.001938,0.129682,0.0021,0.012437,0.009212,7.5e-05,0.000187,0.000137,0.017489,0.000143,0.022596,0.002163,0.00082,0.039948,0.000127,0.00048,5.3e-05,0.001509,0.00443,0.061592,0.006459,0.000149,0.000122,0.003196,0.008977,0.000947,3.6e-05,0.01096,0.000631,0.002704,0.058178,0.006808,0.00353,8.4e-05,0.00402,0.000633,0.00026,0.006874,0.004447,0.009753,0.008152,0.002686,0.000127,0.000107,0.000208,0.000145,0.006083,0.13182,0.000394,0.000955,0.000763,0.270537,0.001327,0.026551,5.8e-05,0.000336,0.000305,0.000255,0.001796,0.001874,0.022037,0.000748,0.001538,0.053969,0.272026,0.003201,0.000746,0.008085,0.098078,0.000168,0.006748,0.003416,4.9e-05,0.001027,0.011158,0.001116,0.043075,0.644937,8.9e-05,0.00017,0.022065,0.006801,0.001806,0.028685,0.055096,0.001645,0.094307,0.000337,0.000138,0.001937,0.007807,0.000571,0.03055,0.003005,0.004396,0.00013,0.010856,0.001012,0.065801,0.061015,0.016559,0.000172,0.000152,0.001305,0.021902,6.4e-05,0.001552,0.001544,0.007858,0.092809,0.000915,0.005659,0.001791,0.000143,0.000897,0.000174,0.027026,0.000628,0.037549,0.000318,0.041131,0.000398,0.000429,0.01052,0.041548,0.048193,0.001104,1e-05,0.000179,0.004013,0.018589,0.000116,0.003105,0.574358,6.3e-05,0.103351,7.2e-05,0.000123,0.00043,0.015106,0.000658,0.002335,0.1019,0.098991,0.000398,0.028139,0.005776,0.00305,0.000165,0.000673,9.9e-05,9.5e-05,7.2e-05,0.00199,0.000595,9e-05,0.085405,0.000808,0.010285,0.043968,0.000738,0.029544,0.034968,0.017571,0.000112,9.5e-05,0.057895,0.000315,0.003506,0.008033,0.013505,0.005339,0.001185,0.000344,0.198739,0.055611,0.000141,0.001213,0.000243,0.000365,0.003736,0.000147,0.000989,0.001728,0.000271,0.073229,0.001718,0.003355,0.02307,0.000589,0.003738,0.032768,5.6e-05,3.8e-05,0.000116,0.001465,0.000238,0.280649,0.002362,0.000288,0.000185,0.000153,0.024512,0.008818,0.000723,9.7e-05,0.001121,0.001167,0.000308,0.048877,0.034433,0.03211,0.005179,0.040003,0.003862,0.016652,0.17371,0.008123,0.01012,0.000883,0.001139,0.007846,0.011141,0.005091,0.171505,0.029346,0.007416,0.000182,0.00059,0.001658,0.066455,0.001601,0.001408,1e-04,0.00101,0.001344,0.014377,0.002486,0.00334,0.012416,0.010719,0.004234,0.022594,0.009468,9e-04,0.123795,0.027816,0.02079,0.008688,0.000588,0.000242,0.001718,0.001871,0.000263,0.001041,0.000199,0.000795,0.081119,0.018015,0.056013,0.000309,0.00793,0.000653,3.1e-05,0.000116,0.000409,0.000292,0.006024,0.004215,0.000205,0.025802,0.0158,5.5e-05,0.004704,0.067812,0.012985,0.028235,0.002447,0.000144,0.016359,0.002983,1e-04,0.02971,0.000112,1e-04,0.000205,3.3e-05,4.5e-05,0.008106,0.002698
"kilimanjaro/siha/ivaeny",6e-06,0,1e-06,0,0,4.2e-05,0,0,0,2e-06,0,0,4e-06,5.5e-05,0,0,0,0,0,0,0,8.1e-05,0,2e-06,0,1e-06,0,0,0,0,2e-05,0,0,0,0,0,4e-06,0,0,1e-06,0,0,1e-06,0,0,0,0,0.000896,1.1e-05,0,0,0,0,0,0,0,1e-06,0,2e-06,6e-06,4e-06,3e-06,1.6e-05,0,0,2.7e-05,5e-06,0,0,1e-06,0,0,3.1e-05,0,0,3e-06,0,0,0,0,0,0,0,0,0,0,0.001326,0,0,8e-06,0,0,0.000223,3.5e-05,0,1e-06,0,0,0.000123,2.9e-05,0,0,2e-06,7e-06,9e-06,0.000303,0,8.5e-05,5.1e-05,2e-06,0.002859,0.000136,0,0,2e-06,1e-06,0.000265,0,0.000343,7.4e-05,3.9e-05,0.001162,0,1e-06,0,1e-06,1e-06,0.000775,2.7e-05,2e-06,1e-06,2.4e-05,4.2e-05,1.8e-05,0,2.7e-05,1e-06,3.5e-05,0.00012,0.000201,7.9e-05,0,8e-06,1.8e-05,2e-06,1.6e-05,0,9e-05,9.8e-05,2.4e-05,1e-06,0,1e-06,0,5e-06,0.000113,3e-06,1e-06,0,0.005739,5e-06,1e-05,1e-06,1e-06,0,0,6e-06,4e-05,4.3e-05,2e-06,0,8e-06,0.000682,2e-06,0.000243,1e-06,1e-05,0,0.000143,1e-06,0,0,6e-06,1.1e-05,0.003372,0.029823,6e-06,9e-06,0.001063,0.000591,2.6e-05,0,0,0,1e-06,0,1e-06,0,0.000128,0,0.000293,0,3e-06,1e-06,9.7e-05,6.1e-05,0.000416,5e-06,1e-06,1e-06,1e-06,0,0.000124,0,0,1e-06,0,0.000626,1e-05,5e-05,0,1e-06,0,3.7e-05,0.001467,0.000174,0.006025,4e-06,0,0,0,0,2.1e-05,5e-05,0,0,3e-06,1.3e-05,1e-06,1e-06,1.3e-05,0.000232,1e-06,0.000187,0,2e-06,7e-06,4.1e-05,0,2e-06,0.000246,7.4e-05,0,7e-05,9.4e-05,2e-06,1e-06,2e-06,1e-06,0,0,8e-06,0,0,2e-06,1e-06,0,4e-05,0,0,4.5e-05,5.9e-05,0,0,0.000411,2e-06,2e-06,4e-06,0,0,5e-06,0,0.000465,0,0,0,0,4e-06,0,5.1e-05,0,5e-05,0,0.000219,2.4e-05,0.000237,0.000211,1e-06,6e-06,1e-06,0,0,2e-06,2e-06,0,4e-06,8e-06,2e-06,1e-06,6e-06,3.3e-05,0,0,1e-06,1.6e-05,0,0,0.000225,0.000313,3.2e-05,3e-06,7.8e-05,0.000186,0.00019,0.000397,1e-06,2e-06,2e-06,0,1.4e-05,2.9e-05,8e-06,0.000434,6e-06,3e-06,0,9e-06,0,0.000341,0,0,2e-06,0,0,1.2e-05,1e-06,1e-06,3.6e-05,1.2e-05,1e-06,0,0.001397,4e-06,0.000306,3e-06,6e-06,1.3e-05,2e-06,2e-06,3e-05,0,0,0,0,0,0.000246,3.2e-05,9.9e-05,0,5.4e-05,1.1e-05,0,0,0,3e-06,8e-06,1e-06,0,0.000172,0,0,0,0.00062,0,0,5e-06,3e-06,0.000381,5.4e-05,2e-06,0.000165,1e-06,0,0,0,0,0,0
"kilimanjaro/mwanga/jipe",0,0,0,0,0,0,0,0,0,0,0,0,0,0,0,0,0,0,0,0,0,0,0,0,0,0,0,0,0,0,0,0,0,0,0,0,0,0,0,0,0,0,0,0,0,0,0,0,0,0,0,0,0,0,0,0,0,0,0,0,0,0,0,0,0,0,0,0,0,0,0,0,0,0,0,0,0,0,0,0,0,0,0,0,0,0,0,0,0,0,0,0,0,0,0,0,0,0,0,0,0,0,0,0,0,0,0,0,0,0,0,0,0,0,0,0,0,0,0,0,0,0,0,0,0,0,0,0,0,0,0,0,0,0,0,0,0,0,0,0,0,0,0,0,0,0,0,0,0,0,0,0,0,0,0,0,0,0,0,0,0,0,0,0,0,0,0,0,0,0,0,0,0,0,0,0,0,0,0,0,0,0,0,0,0,0,0,0,0,0,0,0,0,0,0,0,0,0,0,0,0,0,0,0,0,0,0,0,0,0,0,0,0,0,0,0,0,0,0,0,0,0,0,0,0,0,0,0,0,0,0,0,0,0,0,0,0,0,0,0,0,0,0,0,0,0,0,0,0,0,0,0,0,0,0,0,0,0,0,0,0,0,0,0,0,0,0,0,0,0,0,0,0,0,0,0,0,0,0,0,0,0,0,0,0,0,0,0,0,0,0,0,0,0,0,0,0,0,0,0,0,0,0,0,0,0,0,0,0,0,0,0,0,0,0,0,0,0,0,0,0,0,0,0,0,0,0,0,0,0,0,0,0,0,0,0,0,0,0,0,0,0,0,0,0,0,0,0,0,0,0,0,0,0,0,0,0,0,0,0,0,0,0,0,0,0,0,0,0,0,0,0,0,0,0,0,0,0,0,0,0,0,0,0,0,0,0,0,0,0,0,0,0,0,0,0,0,0
"kilimanjaro/moshi/kahe",0,0,0,0,0,0,0,0,0,0,0,0,0,0,0,0,0,0,0,0,0,0,0,0,0,0,0,0,0,0,0,0,0,0,0,0,0,0,0,0,0,0,0,0,0,0,0,0,0,0,0,0,0,0,0,0,0,0,0,0,0,0,0,0,0,0,0,0,0,0,0,0,0,0,0,0,0,0,0,0,0,0,0,0,0,0,0,0,0,0,0,0,0,0,0,0,0,0,0,0,0,0,0,0,0,0,0,0,0,0,0,0,0,0,0,0,0,0,0,0,0,0,0,0,0,0,0,0,0,0,0,0,0,0,0,0,0,0,0,0,0,0,0,0,0,0,0,0,0,0,0,0,0,0,0,0,0,0,0,0,0,0,0,0,0,0,0,0,0,0,0,0,0,0,0,0,0,0,0,0,0,0,0,0,0,0,0,0,0,0,0,0,0,0,0,0,0,0,0,0,0,0,0,0,0,0,0,0,0,0,0,0,0,0,0,0,0,0,0,0,0,0,0,0,0,0,0,0,0,0,0,0,0,0,0,0,0,0,0,0,0,0,0,0,0,0,0,0,0,0,0,0,0,0,0,0,0,0,0,0,0,0,0,0,0,0,0,0,0,0,0,0,0,0,0,0,0,0,0,0,0,0,0,0,0,0,0,0,0,0,0,0,0,0,0,0,0,0,0,0,0,0,0,0,0,0,0,0,0,0,0,0,0,0,0,0,0,0,0,0,0,0,0,0,0,0,0,0,0,0,0,0,0,0,0,0,0,0,0,0,0,0,0,0,0,0,0,0,0,0,0,0,0,0,0,0,0,0,0,0,0,0,0,0,0,0,0,0,0,0,0,0,0,0,0,0,0,0,0,0,0,0,0,0,0,0,0,0,0,0,0,0,0,0,0,0,0,0
"kilimanjaro/moshi/kahemashariki",0,0,0,0,0,0,0,0,0,0,0,0,0,0,0,0,0,0,0,0,0,0,0,0,0,0,0,0,0,0,0,0,0,0,0,0,0,0,0,0,0,0,0,0,0,0,0,0,0,0,0,0,0,0,0,0,0,0,0,0,0,0,0,0,0,0,0,0,0,0,0,0,0,0,0,0,0,0,0,0,0,0,0,0,0,0,0,0,0,0,0,0,0,0,0,0,0,0,0,0,0,0,0,0,0,0,0,0,0,0,0,0,0,0,0,0,0,0,0,0,0,0,0,0,0,0,0,0,0,0,0,0,0,0,0,0,0,0,0,0,0,0,0,0,0,0,0,0,0,0,0,0,0,0,0,0,0,0,0,0,0,0,0,0,0,0,0,0,0,0,0,0,0,0,0,0,0,0,0,0,0,0,0,0,0,0,0,0,0,0,0,0,0,0,0,0,0,0,0,0,0,0,0,0,0,0,0,0,0,0,0,0,0,0,0,0,0,0,0,0,0,0,0,0,0,0,0,0,0,0,0,0,0,0,0,0,0,0,0,0,0,0,0,0,0,0,0,0,0,0,0,0,0,0,0,0,0,0,0,0,0,0,0,0,0,0,0,0,0,0,0,0,0,0,0,0,0,0,0,0,0,0,0,0,0,0,0,0,0,0,0,0,0,0,0,0,0,0,0,0,0,0,0,0,0,0,0,0,0,0,0,0,0,0,0,0,0,0,0,0,0,0,0,0,0,0,0,0,0,0,0,0,0,0,0,0,0,0,0,0,0,0,0,0,0,0,0,0,0,0,0,0,0,0,0,0,0,0,0,0,0,0,0,0,0,0,0,0,0,0,0,0,0,0,0,0,0,0,0,0,0,0,0,0,0,0,0,0,0,0,0,0,0,0,0,0,0,0
"manyara/mbulu/kainam",0,0,0,0,0,0,0,0,0,0,0,0,0,0,0,0,0,0,0,0,0,0,0,0,0,0,0,0,0,0,0,0,0,0,0,0,0,0,0,0,0,0,0,0,0,0,0,0,0,0,0,0,0,0,0,0,0,0,0,0,0,0,0,0,0,0,0,0,0,0,0,0,0,0,0,0,0,0,0,0,0,0,0,0,0,0,0,0,0,0,0,0,0,0,0,0,0,0,0,0,0,0,0,0,0,0,0,0,0,0,0,0,0,0,0,0,0,0,0,0,0,0,0,0,0,0,0,0,0,0,0,0,0,0,0,0,0,0,0,0,0,0,0,0,0,0,0,0,0,0,0,0,0,0,0,0,0,0,0,0,0,0,0,0,0,0,0,0,0,0,0,0,0,0,0,0,0,0,0,0,0,0,0,0,0,0,0,0,0,0,0,0,0,0,0,0,0,0,0,0,0,0,0,0,0,0,0,0,0,0,0,0,0,0,0,0,0,0,0,0,0,0,0,0,0,0,0,0,0,0,0,0,0,0,0,0,0,0,0,0,0,0,0,0,0,0,0,0,0,0,0,0,0,0,0,0,0,0,0,0,0,0,0,0,0,0,0,0,0,0,0,0,0,0,0,0,0,0,0,0,0,0,0,0,0,0,0,0,0,0,0,0,0,0,0,0,0,0,0,0,0,0,0,0,0,0,0,0,0,0,0,0,0,0,0,0,0,0,0,0,0,0,0,0,0,0,0,0,0,0,0,0,0,0,0,0,0,0,0,0,0,0,0,0,0,0,0,0,0,0,0,0,0,0,0,0,0,0,0,0,0,0,0,0,0,0,0,0,0,0,0,0,0,0,0,0,0,0,0,0,0,0,0,0,0,0,0,0,0,0,0,0,0,0,0,0,0,0
"arusha/ngorongoro/kakesio",0,0,0,0,0,0,0,0,0,0,0,0,0,0,0,0,0,0,0,0,0,0,0,0,0,0,0,0,0,0,0,0,0,0,0,0,0,0,0,0,0,0,0,0,0,0,0,0,0,0,0,0,0,0,0,0,0,0,0,0,0,0,0,0,0,0,0,0,0,0,0,0,0,0,0,0,0,0,0,0,0,0,0,0,0,0,0,0,0,0,0,0,0,0,0,0,0,0,0,0,0,0,0,0,0,0,0,0,0,0,0,0,0,0,0,0,0,0,0,0,0,0,0,0,0,0,0,0,0,0,0,0,0,0,0,0,0,0,0,0,0,0,0,0,0,0,0,0,0,0,0,0,0,0,0,0,0,0,0,0,0,0,0,0,0,0,0,0,0,0,0,0,0,0,0,0,0,0,0,0,0,0,0,0,0,0,0,0,0,0,0,0,0,0,0,0,0,0,0,0,0,0,0,0,0,0,0,0,0,0,0,0,0,0,0,0,0,0,0,0,0,0,0,0,0,0,0,0,0,0,0,0,0,0,0,0,0,0,0,0,0,0,0,0,0,0,0,0,0,0,0,0,0,0,0,0,0,0,0,0,0,0,0,0,0,0,0,0,0,0,0,0,0,0,0,0,0,0,0,0,0,0,0,0,0,0,0,0,0,0,0,0,0,0,0,0,0,0,0,0,0,0,0,0,0,0,0,0,0,0,0,0,0,0,0,0,0,0,0,0,0,0,0,0,0,0,0,0,0,0,0,0,0,0,0,0,0,0,0,0,0,0,0,0,0,0,0,0,0,0,0,0,0,0,0,0,0,0,0,0,0,0,0,0,0,0,0,0,0,0,0,0,0,0,0,0,0,0,0,0,0,0,0,0,0,0,0,0,0,0,0,0,0,0,0,0,0,0
"kilimanjaro/same/kalemawe",0,0,0,0,0,0,0,0,0,0,0,0,0,0,0,0,0,0,0,0,0,0,0,0,0,0,0,0,0,0,0,0,0,0,0,0,0,0,0,0,0,0,0,0,0,0,0,0,0,0,0,0,0,0,0,0,0,0,0,0,0,0,0,0,0,0,0,0,0,0,0,0,0,0,0,0,0,0,0,0,0,0,0,0,0,0,0,0,0,0,0,0,0,0,0,0,0,0,0,0,0,0,0,0,0,0,0,0,0,0,0,0,0,0,0,0,0,0,0,0,0,0,0,0,0,0,0,0,0,0,0,0,0,0,0,0,0,0,0,0,0,0,0,0,0,0,0,0,0,0,0,0,0,0,0,0,0,0,0,0,0,0,0,0,0,0,0,0,0,0,0,0,0,0,0,0,0,0,0,0,0,0,0,0,0,0,0,0,0,0,0,0,0,0,0,0,0,0,0,0,0,0,0,0,0,0,0,0,0,0,0,0,0,0,0,0,0,0,0,0,0,0,0,0,0,0,0,0,0,0,0,0,0,0,0,0,0,0,0,0,0,0,0,0,0,0,0,0,0,0,0,0,0,0,0,0,0,0,0,0,0,0,0,0,0,0,0,0,0,0,0,0,0,0,0,0,0,0,0,0,0,0,0,0,0,0,0,0,0,0,0,0,0,0,0,0,0,0,0,0,0,0,0,0,0,0,0,0,0,0,0,0,0,0,0,0,0,0,0,0,0,0,0,0,0,0,0,0,0,0,0,0,0,0,0,0,0,0,0,0,0,0,0,0,0,0,0,0,0,0,0,0,0,0,0,0,0,0,0,0,0,0,0,0,0,0,0,0,0,0,0,0,0,0,0,0,0,0,0,0,0,0,0,0,0,0,0,0,0,0,0,0,0,0,0,0,0,0
"arusha/arushaurban/kaloleni",0,0,0,0,0,0,0,0,0,0,0,0,0,0,0,0,0,0,0,0,0,0,0,0,0,0,0,0,0,0,0,0,0,0,0,0,0,0,0,0,0,0,0,0,0,0,0,0,0,0,0,0,0,0,0,0,0,0,0,0,0,0,0,0,0,0,0,0,0,0,0,0,0,0,0,0,0,0,0,0,0,0,0,0,0,0,0,0,0,0,0,0,0,0,0,0,0,0,0,0,0,0,0,0,0,0,0,0,0,0,0,0,0,0,0,0,0,0,0,0,0,0,0,0,0,0,0,0,0,0,0,0,0,0,0,0,0,0,0,0,0,0,0,0,0,0,0,0,0,0,0,0,0,0,0,0,0,0,0,0,0,0,0,0,0,0,0,0,0,0,0,0,0,0,0,0,0,0,0,0,0,0,0,0,0,0,0,0,0,0,0,0,0,0,0,0,0,0,0,0,0,0,0,0,0,0,0,0,0,0,0,0,0,0,0,0,0,0,0,0,0,0,0,0,0,0,0,0,0,0,0,0,0,0,0,0,0,0,0,0,0,0,0,0,0,0,0,0,0,0,0,0,0,0,0,0,0,0,0,0,0,0,0,0,0,0,0,0,0,0,0,0,0,0,0,0,0,0,0,0,0,0,0,0,0,0,0,0,0,0,0,0,0,0,0,0,0,0,0,0,0,0,0,0,0,0,0,0,0,0,0,0,0,0,0,0,0,0,0,0,0,0,0,0,0,0,0,0,0,0,0,0,0,0,0,0,0,0,0,0,0,0,0,0,0,0,0,0,0,0,0,0,0,0,0,0,0,0,0,0,0,0,0,0,0,0,0,0,0,0,0,0,0,0,0,0,0,0,0,0,0,0,0,0,0,0,0,0,0,0,0,0,0,0,0,0,0,0
"kilimanjaro/moshimunicipal/kaloleni",0,0,0,0,0,0,0,0,0,0,0,0,0,0,0,0,0,0,0,0,0,0,0,0,0,0,0,0,0,0,0,0,0,0,0,0,0,0,0,0,0,0,0,0,0,0,0,0,0,0,0,0,0,0,0,0,0,0,0,0,0,0,0,0,0,0,0,0,0,0,0,0,0,0,0,0,0,0,0,0,0,0,0,0,0,0,0,0,0,0,0,0,0,0,0,0,0,0,0,0,0,0,0,0,0,0,0,0,0,0,0,0,0,0,0,0,0,0,0,0,0,0,0,0,0,0,0,0,0,0,0,0,0,0,0,0,0,0,0,0,0,0,0,0,0,0,0,0,0,0,0,0,0,0,0,0,0,0,0,0,0,0,0,0,0,0,0,0,0,0,0,0,0,0,0,0,0,0,0,0,0,0,0,0,0,0,0,0,0,0,0,0,0,0,0,0,0,0,0,0,0,0,0,0,0,0,0,0,0,0,0,0,0,0,0,0,0,0,0,0,0,0,0,0,0,0,0,0,0,0,0,0,0,0,0,0,0,0,0,0,0,0,0,0,0,0,0,0,0,0,0,0,0,0,0,0,0,0,0,0,0,0,0,0,0,0,0,0,0,0,0,0,0,0,0,0,0,0,0,0,0,0,0,0,0,0,0,0,0,0,0,0,0,0,0,0,0,0,0,0,0,0,0,0,0,0,0,0,0,0,0,0,0,0,0,0,0,0,0,0,0,0,0,0,0,0,0,0,0,0,0,0,0,0,0,0,0,0,0,0,0,0,0,0,0,0,0,0,0,0,0,0,0,0,0,0,0,0,0,0,0,0,0,0,0,0,0,0,0,0,0,0,0,0,0,0,0,0,0,0,0,0,0,0,0,0,0,0,0,0,0,0,0,0,0,0,0,0
"arusha/longido/kamwanga",0,0,0,0,0,0,0,0,0,0,0,0,0,0,0,0,0,0,0,0,0,0,0,0,0,0,0,0,0,0,0,0,0,0,0,0,0,0,0,0,0,0,0,0,0,0,0,0,0,0,0,0,0,0,0,0,0,0,0,0,0,0,0,0,0,0,0,0,0,0,0,0,0,0,0,0,0,0,0,0,0,0,0,0,0,0,0,0,0,0,0,0,0,0,0,0,0,0,0,0,0,0,0,0,0,0,0,0,0,0,0,0,0,0,0,0,0,0,0,0,0,0,0,0,0,0,0,0,0,0,0,0,0,0,0,0,0,0,0,0,0,0,0,0,0,0,0,0,0,0,0,0,0,0,0,0,0,0,0,0,0,0,0,0,0,0,0,0,0,0,0,0,0,0,0,0,0,0,0,0,0,0,0,0,0,0,0,0,0,0,0,0,0,0,0,0,0,0,0,0,0,0,0,0,0,0,0,0,0,0,0,0,0,0,0,0,0,0,0,0,0,0,0,0,0,0,0,0,0,0,0,0,0,0,0,0,0,0,0,0,0,0,0,0,0,0,0,0,0,0,0,0,0,0,0,0,0,0,0,0,0,0,0,0,0,0,0,0,0,0,0,0,0,0,0,0,0,0,0,0,0,0,0,0,0,0,0,0,0,0,0,0,0,0,0,0,0,0,0,0,0,0,0,0,0,0,0,0,0,0,0,0,0,0,0,0,0,0,0,0,0,0,0,0,0,0,0,0,0,0,0,0,0,0,0,0,0,0,0,0,0,0,0,0,0,0,0,0,0,0,0,0,0,0,0,0,0,0,0,0,0,0,0,0,0,0,0,0,0,0,0,0,0,0,0,0,0,0,0,0,0,0,0,0,0,0,0,0,0,0,0,0,0,0,0,0,0,0
"arusha/karatu/kansay",8e-06,1.1e-05,1e-06,2.8e-05,3e-06,2.8e-05,7e-06,1.2e-05,1e-06,0.000474,8e-06,1e-06,7e-06,0.000101,0.000271,6e-05,7e-06,1.2e-05,2e-06,5e-06,1e-06,4e-06,1e-06,1e-06,0,0,3e-06,6.5e-05,0,1e-06,4.7e-05,1e-06,0,0,0.000123,3e-06,1e-05,1e-04,0.000182,2.7e-05,5e-06,0,2.2e-05,0.000135,4e-06,2e-06,7e-06,0.002567,0.000356,0.000156,1.4e-05,2.5e-05,3.5e-05,5e-06,4.5e-05,1e-06,1e-06,3e-06,1.9e-05,0.002134,2.1e-05,0.000126,4.8e-05,2e-06,0,6.7e-05,4.8e-05,3e-06,0.000104,0.000143,1.4e-05,0,1e-06,0.000386,3e-06,4.7e-05,1e-05,1e-06,1e-06,2e-06,0,4e-06,3e-06,1e-06,4e-06,1.7e-05,0.000229,2e-06,5.4e-05,5.8e-05,1e-06,1e-06,0.000185,5.1e-05,4e-06,0.001445,1.4e-05,0,8.8e-05,2.2e-05,1.2e-05,6e-06,1.6e-05,1.6e-05,3e-06,0.00013,0,1.9e-05,1e-05,0.001791,1e-05,5.8e-05,2.1e-05,0,1e-06,1e-06,8.3e-05,1e-06,0.000106,1e-05,4e-06,0.000192,1e-06,2e-06,0,6e-06,1.7e-05,0.000311,3.1e-05,1e-06,1e-06,1.5e-05,4e-05,4e-06,0,5.6e-05,3e-06,1.2e-05,0.000324,3.2e-05,1.7e-05,0,2.1e-05,3e-06,1e-06,3e-05,6e-06,4.5e-05,3.8e-05,1.2e-05,1e-06,0,1e-06,1e-06,2.6e-05,0.000779,2e-06,6e-06,3e-06,0.00156,6e-06,0.00011,0,1e-06,1e-06,1e-06,8e-06,9e-06,0.000112,3e-06,6e-06,0.000348,0.001742,1.3e-05,4e-06,2.8e-05,0.00046,1e-06,3.1e-05,1.3e-05,0,6e-06,4.6e-05,5e-06,0.00021,0.006098,0,1e-06,0.000105,3.2e-05,8e-06,4e-05,0.000302,4e-06,0.000269,1e-06,1e-06,4e-06,3.6e-05,5e-06,0.000153,1e-05,1.8e-05,1e-06,5e-05,5e-06,0.000311,0.000384,0.000118,1e-06,1e-06,4e-06,0.000101,0,1.3e-05,7e-06,7.8e-05,0.000456,4e-06,2.6e-05,3e-06,1e-06,2e-06,1e-06,0.00013,3e-06,0.000184,1e-06,0.000188,1e-06,1e-06,1.2e-05,0.000245,0.000255,4e-06,0,1e-06,1.9e-05,0.00016,1e-06,1.4e-05,0.005265,0,0.000481,0,1e-06,2e-06,7.5e-05,1e-06,1.2e-05,0.000564,0.000626,2e-06,0.000143,2.8e-05,1.3e-05,1e-06,3e-06,0,0,0,9e-06,3e-06,0,0.000833,5e-06,9e-06,0.000247,2e-06,9.8e-05,0.000196,7.8e-05,0,0,0.000274,1e-06,1.5e-05,3.2e-05,1.6e-05,4.6e-05,5e-06,3e-06,0.001227,3.4e-05,1e-06,3e-06,1e-06,2e-06,6e-06,1e-06,4e-06,9e-06,1e-06,0.000372,8e-06,1.7e-05,0.00012,3e-06,1.6e-05,0.000348,0,0,1e-06,6e-06,1e-06,0.001593,1.2e-05,1e-06,1e-06,1e-06,0.000128,7.1e-05,2e-06,0,5e-06,1.6e-05,2e-06,0.000267,0.000163,0.000158,2.4e-05,0.000221,1.9e-05,8.4e-05,0.001042,4.7e-05,5.9e-05,4e-06,6e-06,4.1e-05,5.7e-05,2.7e-05,0.001071,0.000168,2.9e-05,1e-06,3e-06,1e-05,0.000346,4e-06,2.1e-05,0,1.1e-05,3e-06,6e-05,1e-05,2e-05,6.6e-05,4.6e-05,2.5e-05,1e-05,4.7e-05,4e-06,0.000693,0.000201,0.000119,3.8e-05,3e-06,1e-06,8e-06,3e-06,1e-06,2e-06,0,4e-06,0.000438,9.2e-05,0.000298,1e-06,4e-05,3e-06,0,0,2e-06,1e-06,3e-05,1.8e-05,1e-06,0.000136,8e-06,0,5e-06,0.00033,2.5e-05,1.3e-05,1.2e-05,1e-06,7.7e-05,1.4e-05,0,0.000149,1e-06,0,1e-06,0,0,8e-06,7e-06
"kilimanjaro/moshimunicipal/karanga",0,0,0,0,0,0,0,0,0,0,0,0,0,0,0,0,0,0,0,0,0,0,0,0,0,0,0,0,0,0,0,0,0,0,0,0,0,0,0,0,0,0,0,0,0,0,0,0,0,0,0,0,0,0,0,0,0,0,0,0,0,0,0,0,0,0,0,0,0,0,0,0,0,0,0,0,0,0,0,0,0,0,0,0,0,0,0,0,0,0,0,0,0,0,0,0,0,0,0,0,0,0,0,0,0,0,0,0,0,0,0,0,0,0,0,0,0,0,0,0,0,0,0,0,0,0,0,0,0,0,0,0,0,0,0,0,0,0,0,0,0,0,0,0,0,0,0,0,0,0,0,0,0,0,0,0,0,0,0,0,0,0,0,0,0,0,0,0,0,0,0,0,0,0,0,0,0,0,0,0,0,0,0,0,0,0,0,0,0,0,0,0,0,0,0,0,0,0,0,0,0,0,0,0,0,0,0,0,0,0,0,0,0,0,0,0,0,0,0,0,0,0,0,0,0,0,0,0,0,0,0,0,0,0,0,0,0,0,0,0,0,0,0,0,0,0,0,0,0,0,0,0,0,0,0,0,0,0,0,0,0,0,0,0,0,0,0,0,0,0,0,0,0,0,0,0,0,0,0,0,0,0,0,0,0,0,0,0,0,0,0,0,0,0,0,0,0,0,0,0,0,0,0,0,0,0,0,0,0,0,0,0,0,0,0,0,0,0,0,0,0,0,0,0,0,0,0,0,0,0,0,0,0,0,0,0,0,0,0,0,0,0,0,0,0,0,0,0,0,0,0,0,0,0,0,0,0,0,0,0,0,0,0,0,0,0,0,0,0,0,0,0,0,0,0,0,0,0,0,0,0,0,0,0,0,0,0,0,0,0,0,0,0,0,0,0,0,0
"kilimanjaro/siha/karansi",0,0,0,0,0,0,0,0,0,0,0,0,0,0,0,0,0,0,0,0,0,0,0,0,0,0,0,0,0,0,0,0,0,0,0,0,0,0,0,0,0,0,0,0,0,0,0,0,0,0,0,0,0,0,0,0,0,0,0,0,0,0,0,0,0,0,0,0,0,0,0,0,0,0,0,0,0,0,0,0,0,0,0,0,0,0,0,0,0,0,0,0,0,0,0,0,0,0,0,0,0,0,0,0,0,0,0,0,0,0,0,0,0,0,0,0,0,0,0,0,0,0,0,0,0,0,0,0,0,0,0,0,0,0,0,0,0,0,0,0,0,0,0,0,0,0,0,0,0,0,0,0,0,0,0,0,0,0,0,0,0,0,0,0,0,0,0,0,0,0,0,0,0,0,0,0,0,0,0,0,0,0,0,0,0,0,0,0,0,0,0,0,0,0,0,0,0,0,0,0,0,0,0,0,0,0,0,0,0,0,0,0,0,0,0,0,0,0,0,0,0,0,0,0,0,0,0,0,0,0,0,0,0,0,0,0,0,0,0,0,0,0,0,0,0,0,0,0,0,0,0,0,0,0,0,0,0,0,0,0,0,0,0,0,0,0,0,0,0,0,0,0,0,0,0,0,0,0,0,0,0,0,0,0,0,0,0,0,0,0,0,0,0,0,0,0,0,0,0,0,0,0,0,0,0,0,0,0,0,0,0,0,0,0,0,0,0,0,0,0,0,0,0,0,0,0,0,0,0,0,0,0,0,0,0,0,0,0,0,0,0,0,0,0,0,0,0,0,0,0,0,0,0,0,0,0,0,0,0,0,0,0,0,0,0,0,0,0,0,0,0,0,0,0,0,0,0,0,0,0,0,0,0,0,0,0,0,0,0,0,0,0,0,0,0,0,0,0
"arusha/karatu/karatu",0.001486,0.003623,9.7e-05,0.00797,0.00015,0.004034,0.000167,0.000259,8e-05,0.026649,0.000433,4.5e-05,0.001216,0.017928,0.011512,0.000941,0.000359,0.000769,0.000114,0.000359,6.2e-05,0.000949,6.9e-05,8.5e-05,5.3e-05,2.7e-05,0.000151,0.001749,1.2e-05,7.6e-05,0.00489,7.9e-05,3e-05,4.9e-05,0.024763,0.000248,0.00187,0.006708,0.002849,0.005262,0.000207,4.4e-05,0.003232,0.007175,0.00053,1e-04,0.002016,0.353928,0.040976,0.007329,0.000445,0.002607,0.016107,0.000211,0.003529,4.6e-05,0.000157,0.000204,0.002236,0.312242,0.005999,0.058201,0.010432,0.000236,4e-06,0.011824,0.010355,0.000141,0.032289,0.016165,0.023609,1.1e-05,0.000226,0.00886,0.000262,0.015581,0.002776,4.3e-05,5.3e-05,8.8e-05,2.7e-05,0.000355,0.000138,5.4e-05,0.000187,0.000409,0.035092,9.7e-05,0.003933,0.009935,3.2e-05,9.4e-05,0.025788,0.009656,0.001182,0.027951,0.002377,3e-05,0.012532,0.003065,0.000327,0.00051,0.001922,0.002937,0.000431,0.020545,0.001774,0.00293,0.001704,0,0.001654,0.008558,0.0017,7.1e-05,0.000126,9e-05,0.012861,5.1e-05,0.015559,0.00157,0.000851,0.028899,7.6e-05,0.000284,3.1e-05,0.000768,0.00256,0.069682,0.005126,0.000101,8.2e-05,0.002954,0.005629,0.00066,2.1e-05,0.010115,0.000625,0.001836,0.060261,0.004872,0.002814,4.3e-05,0.003897,0.000451,0.000175,0.00405,0.000388,0.006462,0.005523,0.001778,8.6e-05,6.2e-05,0.000137,7.8e-05,0.003292,0.139645,0.000376,0.002055,0.000334,0.199832,0.000815,0.019704,4e-05,0.000194,6.1e-05,4.3e-05,0.001092,0.001611,0.019968,0.000439,0.00089,0.117159,0.261143,0.001645,0.000598,0.004135,0.082707,0.000182,0.004735,0.001438,2.5e-05,0.001194,0.00557,0.000743,0.032405,0.412992,6.8e-05,0.000127,0.016217,0.005101,0.001251,0.001662,0.01681,0.000225,0.025482,0.000128,8.9e-05,0.000186,0.00539,0.004413,0.025658,0.001029,0.003182,9.6e-05,0.007292,0.000828,0.042915,0.112664,0.02733,0.000114,1e-04,0.000431,0.014166,4.2e-05,0.00054,0.000811,0.000627,0.062987,0.000617,0.003759,0.00021,0.000113,8.2e-05,0.000134,0.020367,0.000488,0.02885,0.000222,0.003,4.7e-05,4.4e-05,0.000442,0.050096,0.045451,0.000376,7e-06,0.000123,0.004192,0.12573,7.6e-05,0.002184,0.413749,4.4e-05,0.084253,3.8e-05,8.4e-05,0.000295,0.012827,8.4e-05,0.001991,0.097693,0.183213,0.000495,0.024984,0.004278,0.001573,0.000111,0.000407,6.8e-05,5.1e-05,3.8e-05,0.001777,0.000479,4.7e-05,0.490544,0.001055,0.000322,0.049039,9.1e-05,0.00746,0.039556,0.01071,6.8e-05,5e-05,0.038185,0.000207,0.0018,0.00564,0.00049,0.02454,0.000774,0.000903,0.19773,0.001008,7.5e-05,0.000222,3.1e-05,0.000254,0.000257,0.000119,0.000369,0.00144,0.00014,0.059278,0.001172,0.002789,0.030667,0.000563,0.002133,0.095989,3.6e-05,2.2e-05,8e-05,0.00081,8.4e-05,0.187217,0.002145,0.000251,0.000168,0.000112,0.03336,0.023471,0.000233,6.5e-05,0.000768,0.006084,0.000501,0.070375,0.023586,0.03626,0.003569,0.043566,0.002995,0.014101,0.236006,0.011584,0.015495,0.000807,0.000985,0.007835,0.010623,0.005348,0.252665,0.029901,0.0049,9.5e-05,0.000405,0.002422,0.058308,0.000358,0.022662,6.9e-05,0.019886,0.00019,0.007522,0.001191,0.004284,0.012656,0.005849,0.004888,0.000227,0.007772,0.000797,0.116846,0.0952,0.0253,0.007695,0.000351,0.00016,0.001193,0.000163,5.1e-05,0.000124,3e-05,0.000741,0.076089,0.023315,0.053185,0.000115,0.007197,0.000453,1.7e-05,6e-05,0.000233,0.000206,0.00517,0.003373,0.000189,0.034506,0.000223,3.1e-05,2e-04,0.047147,0.001171,0.000248,0.002309,0.000102,0.011559,0.002075,7e-05,0.025016,7.6e-05,5.3e-05,0.000108,1.8e-05,2.2e-05,0.000252,0.000229
"kilimanjaro/siha/kashisha",6e-06,0,1e-06,0,0,4.4e-05,0,0,0,2e-06,0,0,4e-06,5.2e-05,0,0,0,0,0,0,0,6.5e-05,0,2e-06,0,1e-06,0,0,0,0,1.9e-05,0,0,0,0,0,4e-06,0,0,1e-06,0,0,1e-06,0,0,0,0,0.000855,1.1e-05,0,0,0,0,0,0,0,1e-06,0,2e-06,6e-06,4e-06,3e-06,1.5e-05,0,0,2.6e-05,5e-06,0,0,1e-06,0,0,2.5e-05,0,0,3e-06,0,0,0,0,0,0,0,0,0,0,0.001361,0,0,8e-06,0,0,0.00024,3.2e-05,0,1e-06,0.004067,0,0.000131,3.1e-05,0,0,2e-06,6e-06,1e-05,0.000321,0,9.5e-05,4.4e-05,2e-06,0,0.00015,0,0,2e-06,1e-06,0.000265,0,0.00038,8.7e-05,4.7e-05,0.001354,0,1e-06,0,1e-06,1e-06,0.000726,2.6e-05,2e-06,1e-06,2.6e-05,4.5e-05,2e-05,0,2.6e-05,1e-06,3.9e-05,0.000118,0.000228,7.3e-05,0,8e-06,2.1e-05,2e-06,1.7e-05,0,9.8e-05,0.000109,2.6e-05,1e-06,0,1e-06,0,5e-06,0.000109,3e-06,1e-06,0,0.006332,5e-06,1e-05,1e-06,1e-06,0,0,6e-06,3.6e-05,4.1e-05,2e-06,0,8e-06,0.000649,3e-06,0.000236,1e-06,1e-05,0,0.00016,1e-06,0,0,6e-06,1.1e-05,0.004282,0.032485,7e-06,1.1e-05,0.00124,0.000725,2.8e-05,0,0,0,1e-06,0,1e-06,0,0.000141,0,0.000272,0,3e-06,1e-06,0.000107,5.1e-05,0.000449,4e-06,1e-06,2e-06,1e-06,0,0.000135,0,0,1e-06,0,0.000681,1.1e-05,5.5e-05,0,1e-06,0,5e-05,0.001547,0.000192,0.008655,5e-06,0,0,0,0,2.1e-05,4.8e-05,0,0,3e-06,1.3e-05,1e-06,1e-06,1.3e-05,0.000226,1e-06,0.000195,0,2e-06,7e-06,4e-05,0,1e-06,0.000234,7.1e-05,0,6.7e-05,0.000103,2e-06,1e-06,2e-06,2e-06,0,0,8e-06,0,0,2e-06,1e-06,0,3.9e-05,0,0,4.3e-05,6.3e-05,0,0,0.000447,3e-06,2e-06,4e-06,0,0,5e-06,0,0.000462,0,0,0,0,5e-06,0,3.3e-05,0,5.1e-05,0,0.00021,2.6e-05,0.000222,0.000193,1e-06,7e-06,1e-06,0,0,2e-06,2e-06,0,4e-06,8e-06,2e-06,1e-06,7e-06,3.1e-05,0,0,1e-06,1.8e-05,0,0,0.000211,0.000344,3.1e-05,3e-06,7.4e-05,0.000176,0.000192,0.000377,1e-06,2e-06,2e-06,0,1.3e-05,2.8e-05,8e-06,0.000423,6e-06,3e-06,0,1e-05,0,0.00032,0,0,2e-06,0,0,1.2e-05,1e-06,1e-06,3.4e-05,1.3e-05,1e-06,0,0.001037,4e-06,0.00029,3e-06,6e-06,1.3e-05,2e-06,2e-06,3.3e-05,0,0,0,0,0,0.000233,3e-05,9.4e-05,0,5e-05,1.3e-05,0,0,0,4e-06,8e-06,1e-06,0,0.000168,0,0,0,0.000681,0,0,4e-06,4e-06,0.000432,6.1e-05,2e-06,0.000156,1e-06,0,0,0,0,0,0
"kilimanjaro/rombo/katangaramrere",0,0,0,0,0,0,0,0,0,0,0,0,0,0,0,0,0,0,0,0,0,0,0,0,0,0,0,0,0,0,0,0,0,0,0,0,0,0,0,0,0,0,0,0,0,0,0,0,0,0,0,0,0,0,0,0,0,0,0,0,0,0,0,0,0,0,0,0,0,0,0,0,0,0,0,0,0,0,0,0,0,0,0,0,0,0,0,0,0,0,0,0,0,0,0,0,0,0,0,0,0,0,0,0,0,0,0,0,0,0,0,0,0,0,0,0,0,0,0,0,0,0,0,0,0,0,0,0,0,0,0,0,0,0,0,0,0,0,0,0,0,0,0,0,0,0,0,0,0,0,0,0,0,0,0,0,0,0,0,0,0,0,0,0,0,0,0,0,0,0,0,0,0,0,0,0,0,0,0,0,0,0,0,0,0,0,0,0,0,0,0,0,0,0,0,0,0,0,0,0,0,0,0,0,0,0,0,0,0,0,0,0,0,0,0,0,0,0,0,0,0,0,0,0,0,0,0,0,0,0,0,0,0,0,0,0,0,0,0,0,0,0,0,0,0,0,0,0,0,0,0,0,0,0,0,0,0,0,0,0,0,0,0,0,0,0,0,0,0,0,0,0,0,0,0,0,0,0,0,0,0,0,0,0,0,0,0,0,0,0,0,0,0,0,0,0,0,0,0,0,0,0,0,0,0,0,0,0,0,0,0,0,0,0,0,0,0,0,0,0,0,0,0,0,0,0,0,0,0,0,0,0,0,0,0,0,0,0,0,0,0,0,0,0,0,0,0,0,0,0,0,0,0,0,0,0,0,0,0,0,0,0,0,0,0,0,0,0,0,0,0,0,0,0,0,0,0,0,0,0,0,0,0,0,0,0,0,0,0,0,0,0,0,0,0,0,0,0
"manyara/hanang/katesh",0.00094,0.000387,0.00012,0.002927,0.001935,0.004889,0.000216,0.00024,0.001747,0.167362,0.004645,0.013122,0.000699,0.010622,0.015154,0.000635,0.001447,0.021854,0.004045,0.018274,0.000135,0.000763,0.001622,9.5e-05,0.000106,3e-05,0.002195,0.000281,6.5e-05,0.000158,0.003774,0.000512,6e-05,7.5e-05,0.001285,0.015821,0.001031,0.127342,0.001393,0.002654,0.001434,0.013429,0.013839,0.053931,0.003231,0.002697,0.000439,0.211034,0.050697,0.000505,0.000603,0.000324,0.000276,0.001605,0.261843,0.005014,0.00015,0.00064,0.005065,0.102741,0.003009,0.007962,0.004326,0.001283,2e-06,0.007099,0.003416,0.000648,0.00235,0.062985,0.000168,0.04161,0.000179,0.005425,0.035947,0.005173,0.000589,0.00895,0.001486,0.001512,0.002283,0.014505,0.001554,0.00667,0.034023,0.000375,0.033641,0.002148,0.04788,0.021319,0.006346,0.001898,0.033694,0.005222,0.000244,0.029213,0.002047,4.5e-05,0.015795,0.00396,0.000461,0.000285,0.003976,0.001584,0.000487,0.019507,0.000331,0.003153,0.001197,0.026981,0.001446,0.009865,0,3.8e-05,0.00015,0.000112,0.01221,0.000288,0.01756,0.001613,0.000854,0.030279,0.000112,0.000428,4.8e-05,0.001638,0.009691,0.055334,0.003908,0.000118,9.8e-05,0.003689,0.007574,0.00072,3.3e-05,0.00579,0.000318,0.002122,0.035612,0.005066,0.002291,9.1e-05,0.002027,0.000473,0.000211,0.006177,0.001973,0.007822,0.006452,0.002164,0.000102,9.6e-05,0.000171,0.000144,0.006138,0.060678,0.000453,0.000603,0.000977,0.217089,0.001144,0.026806,4.4e-05,0.000309,0.004231,0.005498,0.001525,0.001157,0.011548,0.000666,0.003414,0.022973,0.153949,0.003196,0.00051,0.012312,0.057845,9.7e-05,0.005112,0.004924,5.2e-05,0.000534,0.012298,0.000877,0.031386,0.424427,6.4e-05,0.000124,0.016149,0.004869,0.001359,0.017285,0.005125,0.002564,0.046635,0.000636,0.000114,0.000933,0.006003,1e-04,0.018694,0.004708,0.006585,8.6e-05,0.008765,0.000659,0.05508,0.022664,0.00624,0.000139,0.000123,0.001055,0.018361,5.3e-05,0.000183,0.001617,0.00021,0.077103,0.00073,0.004575,0.00289,9e-05,0.002865,0.000122,0.019124,0.000434,0.026807,0.000235,0.001809,0.010522,0.002388,0.000857,0.023273,0.023306,0.002615,8e-06,0.000139,0.0036,0.005743,9.6e-05,0.002112,0.2144,4.8e-05,0.13266,7.3e-05,9.5e-05,0.000332,0.008452,0.085101,0.001106,0.054231,0.059004,0.000159,0.015258,0.004326,0.003238,0.000134,0.000587,7.7e-05,9.7e-05,7.4e-05,0.002258,0.000138,9.5e-05,0.020997,0.000415,0.001084,0.019533,0.000452,0.007199,0.016144,0.015155,9.9e-05,9.7e-05,0.048041,0.000257,0.003757,0.010456,0.000561,0.001224,0.000888,0.000105,0.131054,0.001983,0.000366,0.001816,0.017855,0.000286,0.004803,9.9e-05,0.001617,0.001169,0.00029,0.043603,0.001335,0.002244,0.018832,0.000298,0.0033,0.005987,4.7e-05,3.4e-05,8.9e-05,0.001394,0.000475,0.081118,0.001288,0.000167,0.000102,0.000114,0.016862,0.003444,0.00176,7.6e-05,0.000874,0.000156,0.000246,0.037545,0.027711,0.02396,0.002905,0.019622,0.002616,0.011366,0.126814,0.006676,0.008065,0.000465,0.000739,0.003862,0.005825,0.002429,0.138968,0.017708,0.011497,0.000488,0.000453,0.000786,0.038724,0.002006,0.000171,7.6e-05,0.000155,0.003474,0.014505,0.0029,0.001692,0.006405,0.010421,0.002318,0.000238,0.006258,0.000506,0.066994,0.010555,0.007489,0.008813,0.000518,0.000198,0.001303,0.001484,0.006081,0.001325,0.002784,0.000491,0.044179,0.013088,0.028653,0.000614,0.004537,0.000496,3.1e-05,0.000123,0.000951,0.000227,0.003137,0.003584,0.000107,0.022763,0.000475,5.2e-05,0.0013,0.054653,0.045817,0.000203,0.001245,0.00011,0.012419,0.002299,7.6e-05,0.017638,8.9e-05,0.000103,0.000213,3.2e-05,4.9e-05,0.001017,0.000537
"arusha/arushaurban/kati",0,0,0,0,0,0,0,0,0,0,0,0,0,0,0,0,0,0,0,0,0,0,0,0,0,0,0,0,0,0,0,0,0,0,0,0,0,0,0,0,0,0,0,0,0,0,0,0,0,0,0,0,0,0,0,0,0,0,0,0,0,0,0,0,0,0,0,0,0,0,0,0,0,0,0,0,0,0,0,0,0,0,0,0,0,0,0,0,0,0,0,0,0,0,0,0,0,0,0,0,0,0,0,0,0,0,0,0,0,0,0,0,0,0,0,0,0,0,0,0,0,0,0,0,0,0,0,0,0,0,0,0,0,0,0,0,0,0,0,0,0,0,0,0,0,0,0,0,0,0,0,0,0,0,0,0,0,0,0,0,0,0,0,0,0,0,0,0,0,0,0,0,0,0,0,0,0,0,0,0,0,0,0,0,0,0,0,0,0,0,0,0,0,0,0,0,0,0,0,0,0,0,0,0,0,0,0,0,0,0,0,0,0,0,0,0,0,0,0,0,0,0,0,0,0,0,0,0,0,0,0,0,0,0,0,0,0,0,0,0,0,0,0,0,0,0,0,0,0,0,0,0,0,0,0,0,0,0,0,0,0,0,0,0,0,0,0,0,0,0,0,0,0,0,0,0,0,0,0,0,0,0,0,0,0,0,0,0,0,0,0,0,0,0,0,0,0,0,0,0,0,0,0,0,0,0,0,0,0,0,0,0,0,0,0,0,0,0,0,0,0,0,0,0,0,0,0,0,0,0,0,0,0,0,0,0,0,0,0,0,0,0,0,0,0,0,0,0,0,0,0,0,0,0,0,0,0,0,0,0,0,0,0,0,0,0,0,0,0,0,0,0,0,0,0,0,0,0,0,0,0,0,0,0,0,0,0,0,0,0,0,0,0,0,0,0,0,0
"kilimanjaro/rombo/kelamfuamokala",0,0,0,0,0,0,0,0,0,0,0,0,0,0,0,0,0,0,0,0,0,0,0,0,0,0,0,0,0,0,0,0,0,0,0,0,0,0,0,0,0,0,0,0,0,0,0,0,0,0,0,0,0,0,0,0,0,0,0,0,0,0,0,0,0,0,0,0,0,0,0,0,0,0,0,0,0,0,0,0,0,0,0,0,0,0,0,0,0,0,0,0,0,0,0,0,0,0,0,0,0,0,0,0,0,0,0,0,0,0,0,0,0,0,0,0,0,0,0,0,0,0,0,0,0,0,0,0,0,0,0,0,0,0,0,0,0,0,0,0,0,0,0,0,0,0,0,0,0,0,0,0,0,0,0,0,0,0,0,0,0,0,0,0,0,0,0,0,0,0,0,0,0,0,0,0,0,0,0,0,0,0,0,0,0,0,0,0,0,0,0,0,0,0,0,0,0,0,0,0,0,0,0,0,0,0,0,0,0,0,0,0,0,0,0,0,0,0,0,0,0,0,0,0,0,0,0,0,0,0,0,0,0,0,0,0,0,0,0,0,0,0,0,0,0,0,0,0,0,0,0,0,0,0,0,0,0,0,0,0,0,0,0,0,0,0,0,0,0,0,0,0,0,0,0,0,0,0,0,0,0,0,0,0,0,0,0,0,0,0,0,0,0,0,0,0,0,0,0,0,0,0,0,0,0,0,0,0,0,0,0,0,0,0,0,0,0,0,0,0,0,0,0,0,0,0,0,0,0,0,0,0,0,0,0,0,0,0,0,0,0,0,0,0,0,0,0,0,0,0,0,0,0,0,0,0,0,0,0,0,0,0,0,0,0,0,0,0,0,0,0,0,0,0,0,0,0,0,0,0,0,0,0,0,0,0,0,0,0,0,0,0,0,0,0,0,0,0
"kilimanjaro/rombo/kenimengeni",0,0,0,0,0,0,0,0,0,0,0,0,0,0,0,0,0,0,0,0,0,0,0,0,0,0,0,0,0,0,0,0,0,0,0,0,0,0,0,0,0,0,0,0,0,0,0,0,0,0,0,0,0,0,0,0,0,0,0,0,0,0,0,0,0,0,0,0,0,0,0,0,0,0,0,0,0,0,0,0,0,0,0,0,0,0,0,0,0,0,0,0,0,0,0,0,0,0,0,0,0,0,0,0,0,0,0,0,0,0,0,0,0,0,0,0,0,0,0,0,0,0,0,0,0,0,0,0,0,0,0,0,0,0,0,0,0,0,0,0,0,0,0,0,0,0,0,0,0,0,0,0,0,0,0,0,0,0,0,0,0,0,0,0,0,0,0,0,0,0,0,0,0,0,0,0,0,0,0,0,0,0,0,0,0,0,0,0,0,0,0,0,0,0,0,0,0,0,0,0,0,0,0,0,0,0,0,0,0,0,0,0,0,0,0,0,0,0,0,0,0,0,0,0,0,0,0,0,0,0,0,0,0,0,0,0,0,0,0,0,0,0,0,0,0,0,0,0,0,0,0,0,0,0,0,0,0,0,0,0,0,0,0,0,0,0,0,0,0,0,0,0,0,0,0,0,0,0,0,0,0,0,0,0,0,0,0,0,0,0,0,0,0,0,0,0,0,0,0,0,0,0,0,0,0,0,0,0,0,0,0,0,0,0,0,0,0,0,0,0,0,0,0,0,0,0,0,0,0,0,0,0,0,0,0,0,0,0,0,0,0,0,0,0,0,0,0,0,0,0,0,0,0,0,0,0,0,0,0,0,0,0,0,0,0,0,0,0,0,0,0,0,0,0,0,0,0,0,0,0,0,0,0,0,0,0,0,0,0,0,0,0,0,0,0,0,0,0
"kilimanjaro/hai/kia",4e-06,0,0,0,0,4.3e-05,0,0,0,1e-06,0,0,2e-06,3e-05,0,0,0,0,0,0,0,6e-06,0,1e-06,0,0,0,0,0,0,1.8e-05,0,0,0,0,0,2e-06,0,0,0,0,0,0,0,0,0,0,0.000441,7e-06,0,0,0,0,0,0,0,2e-06,0,1e-06,2e-06,1e-06,1e-06,4e-06,0,0,1.6e-05,2e-06,0,0,1e-06,0,0,1e-06,0,0,1e-06,0,0,0,0,0,0,0,0,0,0,0.002477,0,0,4e-06,0,0,8.9e-05,1.3e-05,0,0,2e-05,0,9.1e-05,1.6e-05,0,0,1e-06,3e-06,5e-06,3.8e-05,0,4.2e-05,7e-06,1e-06,1.4e-05,3e-05,0,0,0,0,0,0,0.000146,1.1e-05,5e-06,0.000199,0,1e-06,0,0,0,0.000734,2.8e-05,1e-06,0,1.1e-05,2.4e-05,8e-06,0,1.4e-05,1e-06,1.4e-05,2.4e-05,6.8e-05,5.8e-05,0,4e-06,5e-06,0,1e-05,0,4.4e-05,3.3e-05,1e-05,0,0,0,0,3e-06,5.3e-05,1e-06,0,0,0.002895,3e-06,7e-06,1e-06,0,0,0,5e-06,1e-05,2.5e-05,1e-06,0,4e-06,0.000342,2e-06,4e-06,1e-06,6e-06,0,5.7e-05,0,0,0,3e-06,8e-06,0.000313,0.020455,0,1e-06,0.000231,6.6e-05,2.8e-05,0,0,0,0,0,0,0,5.9e-05,0,0.000184,0,2e-06,2e-06,2.7e-05,9e-06,0.000188,2e-06,0,0,0,0,4.4e-05,0,0,1e-06,0,0.000163,3e-06,1.7e-05,0,1e-06,0,2e-06,0.000576,6e-06,0.000268,8e-06,0,0,0,0,5e-06,2.7e-05,0,0,1e-06,1.7e-05,0,0,2.5e-05,0.000123,0,0.000119,0,1e-06,3e-06,2.9e-05,0,1e-06,0.000119,2.5e-05,0,4.2e-05,1.2e-05,1e-06,0,1e-06,1e-06,0,0,1e-05,0,0,1e-06,0,0,1.7e-05,0,0,1.7e-05,4e-05,0,0,0.000157,1e-06,1e-06,3e-06,0,0,8e-06,0,9.1e-05,0,0,0,0,1e-06,0,1e-06,0,4e-06,0,0.000193,1.1e-05,1.1e-05,4.9e-05,1e-06,5e-06,0,0,0,1e-06,1e-06,0,2e-06,4e-06,1e-06,0,1e-06,1.7e-05,0,0,1e-06,6e-06,0,0,5.5e-05,7.2e-05,2.3e-05,3e-06,2.7e-05,8.6e-05,2.2e-05,0.000167,0,1e-06,1e-06,0,6e-06,1.4e-05,3e-06,8.8e-05,2e-06,2e-06,0,5e-06,0,0.000196,0,0,1e-06,0,0,8e-06,1e-06,0,1.3e-05,8e-06,0,0,6e-05,2e-06,0.000155,1e-06,3e-06,1.5e-05,1e-06,1e-06,1.8e-05,0,0,0,0,0,0.00012,1.8e-05,5.1e-05,0,2.1e-05,6e-06,0,0,0,1e-06,6e-06,1e-06,0,2.5e-05,0,0,0,0.000133,0,0,2e-06,1e-06,0.000118,1.5e-05,0,0.000119,0,0,0,0,0,0,0
"manyara/kiteto/kibaya",4e-06,1e-06,1e-06,5e-06,0,3.4e-05,0,0,0,9.2e-05,2e-06,0,3e-06,4.7e-05,9e-06,0,0,2e-06,0,1e-06,2e-06,3e-06,1e-06,1e-06,1e-06,0,1e-06,0,0.000927,2e-06,2.9e-05,0.000195,1e-06,1e-06,1e-06,1e-06,4e-06,1.5e-05,1e-06,8e-06,0,0,0.001011,8e-06,0.000505,1e-06,1e-06,0.001021,0.000188,0,0,0,0,0,1.6e-05,0,1e-06,1e-06,9.6e-05,0.000113,8e-06,1.5e-05,1.6e-05,0.000464,0,3.1e-05,1.1e-05,0,4e-06,8.4e-05,0,0,1e-06,4e-06,1e-06,1.2e-05,2e-06,0,0,0,0,2e-06,0,1e-06,1e-06,0,0.000199,0,8e-06,0.000222,0,0,0.000235,2.2e-05,1e-06,1.5e-05,1.1e-05,0,0.000112,2.8e-05,0,0,4.7e-05,7e-06,3e-06,0.000103,0,1.9e-05,6e-06,2.7e-05,8e-06,6e-05,9e-06,0,1e-06,1e-06,7.1e-05,0,0.000111,9e-06,3e-06,0.000181,1e-06,3e-06,0,2.1e-05,0.00097,0.00021,2e-05,1e-06,1e-06,1.7e-05,5.5e-05,4e-06,0,2.5e-05,1e-06,1.3e-05,0.00015,3e-05,1.2e-05,1e-06,8e-06,3e-06,1e-06,5.1e-05,0,5.2e-05,4.1e-05,1.4e-05,1e-06,1e-06,1e-06,2e-06,6.1e-05,0.000227,2e-06,1e-06,4.1e-05,0.001605,9e-06,0.000119,0,3e-06,0,1e-06,1.2e-05,6e-06,5e-05,6e-06,0.000299,4.1e-05,0.000722,4.3e-05,3e-06,7.5e-05,0.000114,0,3.1e-05,0.00043,1e-06,2e-06,0.000198,6e-06,0.000181,0.005857,0,1e-06,9.4e-05,2.7e-05,9e-06,3e-06,3e-06,0,3.3e-05,0.000109,1e-06,0,3.8e-05,0,9.3e-05,0.00014,6.5e-05,0,5.5e-05,3e-06,0.000393,3.5e-05,1.5e-05,1e-06,1e-06,1e-06,0.000124,0,0,1.8e-05,0,0.000509,5e-06,3e-05,0,0,0,1e-06,0.000109,2e-06,0.00015,1e-06,1e-06,0,0,0,8.3e-05,9.2e-05,0.000638,0,1e-06,1.4e-05,8e-06,1e-06,1.3e-05,0.00119,0,0.000952,1e-06,1e-06,2e-06,3.9e-05,1e-06,4e-06,0.000236,0.000144,1e-06,6.8e-05,2.4e-05,4.1e-05,1e-06,5e-06,0,1e-06,1e-06,1.2e-05,0,1e-06,2.4e-05,1e-06,0,7.1e-05,0,8e-06,6e-05,0.000119,1e-06,1e-06,0.00033,2e-06,4.8e-05,8.4e-05,0,2e-06,6e-06,0,0.000604,1e-06,0.000146,1e-06,0,2e-06,1e-06,1e-06,0.000217,6e-06,4e-06,0.000219,8e-06,1.1e-05,6.1e-05,1e-06,3e-05,9e-06,0,0,1e-06,1.4e-05,0.000613,7.6e-05,6e-06,1e-06,0,1e-06,4.8e-05,5e-06,0.000338,0,5e-06,0,1e-06,0.000114,0.000172,7.5e-05,1.3e-05,7.7e-05,1.4e-05,5.6e-05,0.000397,1.4e-05,1.7e-05,2e-06,2e-06,1.6e-05,2.5e-05,9e-06,0.000435,5.7e-05,0.000166,0.000698,3e-06,2e-06,0.000186,4e-06,0,0,0,1e-06,0.000188,6.1e-05,5e-06,2.6e-05,0.000111,7e-06,0,3.2e-05,2e-06,0.000298,1.7e-05,2.2e-05,4.2e-05,4e-06,1e-06,8e-06,0,0,1e-06,0,2e-06,0.000197,3.9e-05,0.00012,0.000125,2.1e-05,3e-06,0,2e-06,8.4e-05,1e-06,1.4e-05,1.2e-05,0,7.3e-05,0,0,0,0.000341,4e-06,0,5e-06,1e-06,7.6e-05,1.4e-05,0,8.6e-05,1e-06,1e-06,2e-06,0,1e-06,0,0
"kilimanjaro/moshimunicipal/kiboriloni",0,0,0,0,0,0,0,0,0,0,0,0,0,0,0,0,0,0,0,0,0,0,0,0,0,0,0,0,0,0,0,0,0,0,0,0,0,0,0,0,0,0,0,0,0,0,0,0,0,0,0,0,0,0,0,0,0,0,0,0,0,0,0,0,0,0,0,0,0,0,0,0,0,0,0,0,0,0,0,0,0,0,0,0,0,0,0,0,0,0,0,0,0,0,0,0,0,0,0,0,0,0,0,0,0,0,0,0,0,0,0,0,0,0,0,0,0,0,0,0,0,0,0,0,0,0,0,0,0,0,0,0,0,0,0,0,0,0,0,0,0,0,0,0,0,0,0,0,0,0,0,0,0,0,0,0,0,0,0,0,0,0,0,0,0,0,0,0,0,0,0,0,0,0,0,0,0,0,0,0,0,0,0,0,0,0,0,0,0,0,0,0,0,0,0,0,0,0,0,0,0,0,0,0,0,0,0,0,0,0,0,0,0,0,0,0,0,0,0,0,0,0,0,0,0,0,0,0,0,0,0,0,0,0,0,0,0,0,0,0,0,0,0,0,0,0,0,0,0,0,0,0,0,0,0,0,0,0,0,0,0,0,0,0,0,0,0,0,0,0,0,0,0,0,0,0,0,0,0,0,0,0,0,0,0,0,0,0,0,0,0,0,0,0,0,0,0,0,0,0,0,0,0,0,0,0,0,0,0,0,0,0,0,0,0,0,0,0,0,0,0,0,0,0,0,0,0,0,0,0,0,0,0,0,0,0,0,0,0,0,0,0,0,0,0,0,0,0,0,0,0,0,0,0,0,0,0,0,0,0,0,0,0,0,0,0,0,0,0,0,0,0,0,0,0,0,0,0,0,0,0,0,0,0,0,0,0,0,0,0,0,0,0,0,0,0,0,0
"kilimanjaro/moshi/kiboshokati",0,0,0,0,0,0,0,0,0,0,0,0,0,0,0,0,0,0,0,0,0,0,0,0,0,0,0,0,0,0,0,0,0,0,0,0,0,0,0,0,0,0,0,0,0,0,0,0,0,0,0,0,0,0,0,0,0,0,0,0,0,0,0,0,0,0,0,0,0,0,0,0,0,0,0,0,0,0,0,0,0,0,0,0,0,0,0,0,0,0,0,0,0,0,0,0,0,0,0,0,0,0,0,0,0,0,0,0,0,0,0,0,0,0,0,0,0,0,0,0,0,0,0,0,0,0,0,0,0,0,0,0,0,0,0,0,0,0,0,0,0,0,0,0,0,0,0,0,0,0,0,0,0,0,0,0,0,0,0,0,0,0,0,0,0,0,0,0,0,0,0,0,0,0,0,0,0,0,0,0,0,0,0,0,0,0,0,0,0,0,0,0,0,0,0,0,0,0,0,0,0,0,0,0,0,0,0,0,0,0,0,0,0,0,0,0,0,0,0,0,0,0,0,0,0,0,0,0,0,0,0,0,0,0,0,0,0,0,0,0,0,0,0,0,0,0,0,0,0,0,0,0,0,0,0,0,0,0,0,0,0,0,0,0,0,0,0,0,0,0,0,0,0,0,0,0,0,0,0,0,0,0,0,0,0,0,0,0,0,0,0,0,0,0,0,0,0,0,0,0,0,0,0,0,0,0,0,0,0,0,0,0,0,0,0,0,0,0,0,0,0,0,0,0,0,0,0,0,0,0,0,0,0,0,0,0,0,0,0,0,0,0,0,0,0,0,0,0,0,0,0,0,0,0,0,0,0,0,0,0,0,0,0,0,0,0,0,0,0,0,0,0,0,0,0,0,0,0,0,0,0,0,0,0,0,0,0,0,0,0,0,0,0,0,0,0,0,0
"kilimanjaro/moshi/kiboshomagharibi",0,0,0,0,0,0,0,0,0,0,0,0,0,0,0,0,0,0,0,0,0,0,0,0,0,0,0,0,0,0,0,0,0,0,0,0,0,0,0,0,0,0,0,0,0,0,0,0,0,0,0,0,0,0,0,0,0,0,0,0,0,0,0,0,0,0,0,0,0,0,0,0,0,0,0,0,0,0,0,0,0,0,0,0,0,0,0,0,0,0,0,0,0,0,0,0,0,0,0,0,0,0,0,0,0,0,0,0,0,0,0,0,0,0,0,0,0,0,0,0,0,0,0,0,0,0,0,0,0,0,0,0,0,0,0,0,0,0,0,0,0,0,0,0,0,0,0,0,0,0,0,0,0,0,0,0,0,0,0,0,0,0,0,0,0,0,0,0,0,0,0,0,0,0,0,0,0,0,0,0,0,0,0,0,0,0,0,0,0,0,0,0,0,0,0,0,0,0,0,0,0,0,0,0,0,0,0,0,0,0,0,0,0,0,0,0,0,0,0,0,0,0,0,0,0,0,0,0,0,0,0,0,0,0,0,0,0,0,0,0,0,0,0,0,0,0,0,0,0,0,0,0,0,0,0,0,0,0,0,0,0,0,0,0,0,0,0,0,0,0,0,0,0,0,0,0,0,0,0,0,0,0,0,0,0,0,0,0,0,0,0,0,0,0,0,0,0,0,0,0,0,0,0,0,0,0,0,0,0,0,0,0,0,0,0,0,0,0,0,0,0,0,0,0,0,0,0,0,0,0,0,0,0,0,0,0,0,0,0,0,0,0,0,0,0,0,0,0,0,0,0,0,0,0,0,0,0,0,0,0,0,0,0,0,0,0,0,0,0,0,0,0,0,0,0,0,0,0,0,0,0,0,0,0,0,0,0,0,0,0,0,0,0,0,0,0,0,0
"kilimanjaro/moshi/kiboshomashariki",0,0,0,0,0,0,0,0,0,0,0,0,0,0,0,0,0,0,0,0,0,0,0,0,0,0,0,0,0,0,0,0,0,0,0,0,0,0,0,0,0,0,0,0,0,0,0,0,0,0,0,0,0,0,0,0,0,0,0,0,0,0,0,0,0,0,0,0,0,0,0,0,0,0,0,0,0,0,0,0,0,0,0,0,0,0,0,0,0,0,0,0,0,0,0,0,0,0,0,0,0,0,0,0,0,0,0,0,0,0,0,0,0,0,0,0,0,0,0,0,0,0,0,0,0,0,0,0,0,0,0,0,0,0,0,0,0,0,0,0,0,0,0,0,0,0,0,0,0,0,0,0,0,0,0,0,0,0,0,0,0,0,0,0,0,0,0,0,0,0,0,0,0,0,0,0,0,0,0,0,0,0,0,0,0,0,0,0,0,0,0,0,0,0,0,0,0,0,0,0,0,0,0,0,0,0,0,0,0,0,0,0,0,0,0,0,0,0,0,0,0,0,0,0,0,0,0,0,0,0,0,0,0,0,0,0,0,0,0,0,0,0,0,0,0,0,0,0,0,0,0,0,0,0,0,0,0,0,0,0,0,0,0,0,0,0,0,0,0,0,0,0,0,0,0,0,0,0,0,0,0,0,0,0,0,0,0,0,0,0,0,0,0,0,0,0,0,0,0,0,0,0,0,0,0,0,0,0,0,0,0,0,0,0,0,0,0,0,0,0,0,0,0,0,0,0,0,0,0,0,0,0,0,0,0,0,0,0,0,0,0,0,0,0,0,0,0,0,0,0,0,0,0,0,0,0,0,0,0,0,0,0,0,0,0,0,0,0,0,0,0,0,0,0,0,0,0,0,0,0,0,0,0,0,0,0,0,0,0,0,0,0,0,0,0,0,0,0
"kilimanjaro/mwanga/kifula",0,0,0,0,0,0,0,0,0,0,0,0,0,0,0,0,0,0,0,0,0,0,0,0,0,0,0,0,0,0,0,0,0,0,0,0,0,0,0,0,0,0,0,0,0,0,0,0,0,0,0,0,0,0,0,0,0,0,0,0,0,0,0,0,0,0,0,0,0,0,0,0,0,0,0,0,0,0,0,0,0,0,0,0,0,0,0,0,0,0,0,0,0,0,0,0,0,0,0,0,0,0,0,0,0,0,0,0,0,0,0,0,0,0,0,0,0,0,0,0,0,0,0,0,0,0,0,0,0,0,0,0,0,0,0,0,0,0,0,0,0,0,0,0,0,0,0,0,0,0,0,0,0,0,0,0,0,0,0,0,0,0,0,0,0,0,0,0,0,0,0,0,0,0,0,0,0,0,0,0,0,0,0,0,0,0,0,0,0,0,0,0,0,0,0,0,0,0,0,0,0,0,0,0,0,0,0,0,0,0,0,0,0,0,0,0,0,0,0,0,0,0,0,0,0,0,0,0,0,0,0,0,0,0,0,0,0,0,0,0,0,0,0,0,0,0,0,0,0,0,0,0,0,0,0,0,0,0,0,0,0,0,0,0,0,0,0,0,0,0,0,0,0,0,0,0,0,0,0,0,0,0,0,0,0,0,0,0,0,0,0,0,0,0,0,0,0,0,0,0,0,0,0,0,0,0,0,0,0,0,0,0,0,0,0,0,0,0,0,0,0,0,0,0,0,0,0,0,0,0,0,0,0,0,0,0,0,0,0,0,0,0,0,0,0,0,0,0,0,0,0,0,0,0,0,0,0,0,0,0,0,0,0,0,0,0,0,0,0,0,0,0,0,0,0,0,0,0,0,0,0,0,0,0,0,0,0,0,0,0,0,0,0,0,0,0,0,0
"kilimanjaro/mwanga/kighare",0,0,0,0,0,0,0,0,0,0,0,0,0,0,0,0,0,0,0,0,0,0,0,0,0,0,0,0,0,0,0,0,0,0,0,0,0,0,0,0,0,0,0,0,0,0,0,0,0,0,0,0,0,0,0,0,0,0,0,0,0,0,0,0,0,0,0,0,0,0,0,0,0,0,0,0,0,0,0,0,0,0,0,0,0,0,0,0,0,0,0,0,0,0,0,0,0,0,0,0,0,0,0,0,0,0,0,0,0,0,0,0,0,0,0,0,0,0,0,0,0,0,0,0,0,0,0,0,0,0,0,0,0,0,0,0,0,0,0,0,0,0,0,0,0,0,0,0,0,0,0,0,0,0,0,0,0,0,0,0,0,0,0,0,0,0,0,0,0,0,0,0,0,0,0,0,0,0,0,0,0,0,0,0,0,0,0,0,0,0,0,0,0,0,0,0,0,0,0,0,0,0,0,0,0,0,0,0,0,0,0,0,0,0,0,0,0,0,0,0,0,0,0,0,0,0,0,0,0,0,0,0,0,0,0,0,0,0,0,0,0,0,0,0,0,0,0,0,0,0,0,0,0,0,0,0,0,0,0,0,0,0,0,0,0,0,0,0,0,0,0,0,0,0,0,0,0,0,0,0,0,0,0,0,0,0,0,0,0,0,0,0,0,0,0,0,0,0,0,0,0,0,0,0,0,0,0,0,0,0,0,0,0,0,0,0,0,0,0,0,0,0,0,0,0,0,0,0,0,0,0,0,0,0,0,0,0,0,0,0,0,0,0,0,0,0,0,0,0,0,0,0,0,0,0,0,0,0,0,0,0,0,0,0,0,0,0,0,0,0,0,0,0,0,0,0,0,0,0,0,0,0,0,0,0,0,0,0,0,0,0,0,0,0,0,0,0,0
"kilimanjaro/mwanga/kigoningoni",0,0,0,0,0,0,0,0,0,0,0,0,0,0,0,0,0,0,0,0,0,0,0,0,0,0,0,0,0,0,0,0,0,0,0,0,0,0,0,0,0,0,0,0,0,0,0,0,0,0,0,0,0,0,0,0,0,0,0,0,0,0,0,0,0,0,0,0,0,0,0,0,0,0,0,0,0,0,0,0,0,0,0,0,0,0,0,0,0,0,0,0,0,0,0,0,0,0,0,0,0,0,0,0,0,0,0,0,0,0,0,0,0,0,0,0,0,0,0,0,0,0,0,0,0,0,0,0,0,0,0,0,0,0,0,0,0,0,0,0,0,0,0,0,0,0,0,0,0,0,0,0,0,0,0,0,0,0,0,0,0,0,0,0,0,0,0,0,0,0,0,0,0,0,0,0,0,0,0,0,0,0,0,0,0,0,0,0,0,0,0,0,0,0,0,0,0,0,0,0,0,0,0,0,0,0,0,0,0,0,0,0,0,0,0,0,0,0,0,0,0,0,0,0,0,0,0,0,0,0,0,0,0,0,0,0,0,0,0,0,0,0,0,0,0,0,0,0,0,0,0,0,0,0,0,0,0,0,0,0,0,0,0,0,0,0,0,0,0,0,0,0,0,0,0,0,0,0,0,0,0,0,0,0,0,0,0,0,0,0,0,0,0,0,0,0,0,0,0,0,0,0,0,0,0,0,0,0,0,0,0,0,0,0,0,0,0,0,0,0,0,0,0,0,0,0,0,0,0,0,0,0,0,0,0,0,0,0,0,0,0,0,0,0,0,0,0,0,0,0,0,0,0,0,0,0,0,0,0,0,0,0,0,0,0,0,0,0,0,0,0,0,0,0,0,0,0,0,0,0,0,0,0,0,0,0,0,0,0,0,0,0,0,0,0,0,0,0
"kilimanjaro/same/kihurio",0,0,0,0,0,0,0,0,0,0,0,0,0,0,0,0,0,0,0,0,0,0,0,0,0,0,0,0,0,0,0,0,0,0,0,0,0,0,0,0,0,0,0,0,0,0,0,0,0,0,0,0,0,0,0,0,0,0,0,0,0,0,0,0,0,0,0,0,0,0,0,0,0,0,0,0,0,0,0,0,0,0,0,0,0,0,0,0,0,0,0,0,0,0,0,0,0,0,0,0,0,0,0,0,0,0,0,0,0,0,0,0,0,0,0,0,0,0,0,0,0,0,0,0,0,0,0,0,0,0,0,0,0,0,0,0,0,0,0,0,0,0,0,0,0,0,0,0,0,0,0,0,0,0,0,0,0,0,0,0,0,0,0,0,0,0,0,0,0,0,0,0,0,0,0,0,0,0,0,0,0,0,0,0,0,0,0,0,0,0,0,0,0,0,0,0,0,0,0,0,0,0,0,0,0,0,0,0,0,0,0,0,0,0,0,0,0,0,0,0,0,0,0,0,0,0,0,0,0,0,0,0,0,0,0,0,0,0,0,0,0,0,0,0,0,0,0,0,0,0,0,0,0,0,0,0,0,0,0,0,0,0,0,0,0,0,0,0,0,0,0,0,0,0,0,0,0,0,0,0,0,0,0,0,0,0,0,0,0,0,0,0,0,0,0,0,0,0,0,0,0,0,0,0,0,0,0,0,0,0,0,0,0,0,0,0,0,0,0,0,0,0,0,0,0,0,0,0,0,0,0,0,0,0,0,0,0,0,0,0,0,0,0,0,0,0,0,0,0,0,0,0,0,0,0,0,0,0,0,0,0,0,0,0,0,0,0,0,0,0,0,0,0,0,0,0,0,0,0,0,0,0,0,0,0,0,0,0,0,0,0,0,0,0,0,0,0,0
"manyara/kiteto/kijungu",0,0,0,0,0,0,0,0,0,0,0,0,0,0,0,0,0,0,0,0,0,0,0,0,0,0,0,0,0,0,0,0,0,0,0,0,0,0,0,0,0,0,0,0,0,0,0,0,0,0,0,0,0,0,0,0,0,0,0,0,0,0,0,0,0,0,0,0,0,0,0,0,0,0,0,0,0,0,0,0,0,0,0,0,0,0,0,0,0,0,0,0,0,0,0,0,0,0,0,0,0,0,0,0,0,0,0,0,0,0,0,0,0,0,0,0,0,0,0,0,0,0,0,0,0,0,0,0,0,0,0,0,0,0,0,0,0,0,0,0,0,0,0,0,0,0,0,0,0,0,0,0,0,0,0,0,0,0,0,0,0,0,0,0,0,0,0,0,0,0,0,0,0,0,0,0,0,0,0,0,0,0,0,0,0,0,0,0,0,0,0,0,0,0,0,0,0,0,0,0,0,0,0,0,0,0,0,0,0,0,0,0,0,0,0,0,0,0,0,0,0,0,0,0,0,0,0,0,0,0,0,0,0,0,0,0,0,0,0,0,0,0,0,0,0,0,0,0,0,0,0,0,0,0,0,0,0,0,0,0,0,0,0,0,0,0,0,0,0,0,0,0,0,0,0,0,0,0,0,0,0,0,0,0,0,0,0,0,0,0,0,0,0,0,0,0,0,0,0,0,0,0,0,0,0,0,0,0,0,0,0,0,0,0,0,0,0,0,0,0,0,0,0,0,0,0,0,0,0,0,0,0,0,0,0,0,0,0,0,0,0,0,0,0,0,0,0,0,0,0,0,0,0,0,0,0,0,0,0,0,0,0,0,0,0,0,0,0,0,0,0,0,0,0,0,0,0,0,0,0,0,0,0,0,0,0,0,0,0,0,0,0,0,0,0,0,0,0
"arusha/meru/kikatiti",0.011167,3.8e-05,0.000178,0.000231,4e-06,0.014596,2e-06,2e-06,3e-06,0.000868,1.4e-05,2e-06,0.005531,0.072947,0.000124,7e-06,5e-06,1.9e-05,3e-06,1.2e-05,2.2e-05,0.011727,3e-06,0.00037,2.5e-05,0.000117,6e-06,6e-06,2e-06,3.4e-05,0.018673,1.1e-05,1.5e-05,6.3e-05,3.8e-05,7e-06,0.004813,0.000173,1.7e-05,0.000327,3e-06,2e-06,0.000498,0.000124,7.2e-05,3e-06,0.000204,0.547031,0.007296,1.3e-05,4e-06,8e-06,1.2e-05,4e-06,0.000129,2e-06,0.00119,1.2e-05,0.001077,0.003543,0.001474,0.001782,0.005869,3.4e-05,0,0.035217,0.003547,3e-06,0.000201,0.001109,8e-06,0,0.001403,6.9e-05,1.1e-05,0.001397,0.00013,1e-06,2e-06,2e-06,1e-06,1.4e-05,3e-06,3e-06,6e-06,3e-06,0.337818,2e-06,9.8e-05,0.004102,1e-06,3e-06,0.04465,0.031323,8.3e-05,0.000247,0.017049,3.9e-05,0.035031,0.007183,4e-06,5e-06,0.000758,0.007396,0.001807,0.032054,6e-06,0.014669,0.01406,0.001409,0.011271,0.017584,6.9e-05,0.000179,0.000263,0.000167,0.189277,8e-06,0.056564,0.005916,0.003999,0.099103,0.000105,0.000388,3.6e-05,0.000297,0.000477,0,0.070403,0.000266,0.000207,0.006972,0.011193,0.003018,2.5e-05,0.034321,0.001363,0.005932,0.028445,0.025898,0.160514,1.8e-05,0.008316,0.002181,0.00028,0.005147,8e-06,0.018377,0.015525,0.004561,0.000171,8.5e-05,0.000208,5.5e-05,0.001742,0.08667,0.000577,0.000306,9.5e-05,0.577338,0.001348,0.010331,0.000185,0.000212,2e-06,2e-06,0.002196,0.027387,0.053095,0.000623,0.000158,0.007082,0.482516,0.00115,0.003377,0.00084,0.009672,9.7e-05,0.021684,3e-04,1.1e-05,4.8e-05,0.002247,0.002798,0.156935,0.895001,0.000257,0.000506,0.093807,0.033625,0.007217,3.4e-05,0.000108,5e-06,0.000769,1.9e-05,0.000163,5e-06,0.022073,8e-06,0.685206,0.000188,0.001566,0.00195,0.014707,0.013846,0.085239,0.003952,0.00053,0.000247,0.000218,2.2e-05,0.0236,7.6e-05,3e-06,0.000352,3e-06,0.092768,0.001507,0.008593,4e-06,0.005036,2e-06,0.000994,0.190585,0.004184,0.15495,0.001616,1.9e-05,2e-06,1e-06,5e-06,0.006428,0.048045,4.9e-05,3.1e-05,0.000413,0.032364,0.00067,0.000135,0.017273,0.102915,0.000187,0.088829,2.3e-05,0.00035,0.001189,0.06804,3e-06,0.001437,0.228338,0.054399,0.000158,0.095001,0.008753,0.000702,0.000197,0.000638,0.000264,2.9e-05,2e-05,0.005433,1.2e-05,2.2e-05,0.001693,0.000202,5e-06,0.03019,3e-06,0.000186,0.031249,0.01903,9.9e-05,3e-05,0.074883,0.000413,0.000752,0.003694,5e-06,0.00012,0.003395,1.5e-05,0.099556,1.2e-05,1.2e-05,8e-06,1e-06,0.000496,6e-06,0.001054,7.1e-05,0.003889,5.8e-05,0.319197,0.00433,0.011655,0.143833,0.001252,0.003023,0.000261,5.7e-05,3e-05,0.000342,0.000737,1.3e-05,0.003397,0.011873,0.004211,0.001113,0.000447,0.044879,0.000196,3.1e-05,0.000235,0.002491,6e-06,3.4e-05,0.139599,0.04232,0.049161,0.003207,0.052622,0.055656,0.022266,0.369178,0.000579,0.000793,0.002692,6.1e-05,0.012989,0.032679,0.006591,0.15152,0.001935,0.002202,1.5e-05,0.001813,0.000124,0.463537,2.6e-05,7e-06,0.000295,1e-05,6e-06,0.005015,0.000389,0.000195,0.028329,0.004661,0.000258,2e-06,0.071141,0.00715,0.285899,0.002329,0.004237,0.016642,0.000521,0.000286,0.005912,4e-06,2e-06,4e-06,2e-06,4.2e-05,0.249878,0.051834,0.100661,1.6e-05,0.067067,0.002143,1.2e-05,2.8e-05,3.8e-05,0.000391,0.010296,0.001422,0.000563,0.043208,3e-06,2.8e-05,3e-06,0.079169,3e-05,2e-06,0.005343,0.000346,0.048455,0.007104,0.000231,0.370223,0.000165,2.9e-05,5.3e-05,1.3e-05,9e-06,4e-06,3e-06
"arusha/meru/kikwe",0,0,0,0,0,0,0,0,0,0,0,0,0,0,0,0,0,0,0,0,0,0,0,0,0,0,0,0,0,0,0,0,0,0,0,0,0,0,0,0,0,0,0,0,0,0,0,0,0,0,0,0,0,0,0,0,0,0,0,0,0,0,0,0,0,0,0,0,0,0,0,0,0,0,0,0,0,0,0,0,0,0,0,0,0,0,0,0,0,0,0,0,0,0,0,0,0,0,0,0,0,0,0,0,0,0,0,0,0,0,0,0,0,0,0,0,0,0,0,0,0,0,0,0,0,0,0,0,0,0,0,0,0,0,0,0,0,0,0,0,0,0,0,0,0,0,0,0,0,0,0,0,0,0,0,0,0,0,0,0,0,0,0,0,0,0,0,0,0,0,0,0,0,0,0,0,0,0,0,0,0,0,0,0,0,0,0,0,0,0,0,0,0,0,0,0,0,0,0,0,0,0,0,0,0,0,0,0,0,0,0,0,0,0,0,0,0,0,0,0,0,0,0,0,0,0,0,0,0,0,0,0,0,0,0,0,0,0,0,0,0,0,0,0,0,0,0,0,0,0,0,0,0,0,0,0,0,0,0,0,0,0,0,0,0,0,0,0,0,0,0,0,0,0,0,0,0,0,0,0,0,0,0,0,0,0,0,0,0,0,0,0,0,0,0,0,0,0,0,0,0,0,0,0,0,0,0,0,0,0,0,0,0,0,0,0,0,0,0,0,0,0,0,0,0,0,0,0,0,0,0,0,0,0,0,0,0,0,0,0,0,0,0,0,0,0,0,0,0,0,0,0,0,0,0,0,0,0,0,0,0,0,0,0,0,0,0,0,0,0,0,0,0,0,0,0,0,0,0,0,0,0,0,0,0,0,0,0,0,0,0,0,0,0,0,0,0,0
"kilimanjaro/moshi/kilemakaskazini",0,0,0,0,0,0,0,0,0,0,0,0,0,0,0,0,0,0,0,0,0,0,0,0,0,0,0,0,0,0,0,0,0,0,0,0,0,0,0,0,0,0,0,0,0,0,0,0,0,0,0,0,0,0,0,0,0,0,0,0,0,0,0,0,0,0,0,0,0,0,0,0,0,0,0,0,0,0,0,0,0,0,0,0,0,0,0,0,0,0,0,0,0,0,0,0,0,0,0,0,0,0,0,0,0,0,0,0,0,0,0,0,0,0,0,0,0,0,0,0,0,0,0,0,0,0,0,0,0,0,0,0,0,0,0,0,0,0,0,0,0,0,0,0,0,0,0,0,0,0,0,0,0,0,0,0,0,0,0,0,0,0,0,0,0,0,0,0,0,0,0,0,0,0,0,0,0,0,0,0,0,0,0,0,0,0,0,0,0,0,0,0,0,0,0,0,0,0,0,0,0,0,0,0,0,0,0,0,0,0,0,0,0,0,0,0,0,0,0,0,0,0,0,0,0,0,0,0,0,0,0,0,0,0,0,0,0,0,0,0,0,0,0,0,0,0,0,0,0,0,0,0,0,0,0,0,0,0,0,0,0,0,0,0,0,0,0,0,0,0,0,0,0,0,0,0,0,0,0,0,0,0,0,0,0,0,0,0,0,0,0,0,0,0,0,0,0,0,0,0,0,0,0,0,0,0,0,0,0,0,0,0,0,0,0,0,0,0,0,0,0,0,0,0,0,0,0,0,0,0,0,0,0,0,0,0,0,0,0,0,0,0,0,0,0,0,0,0,0,0,0,0,0,0,0,0,0,0,0,0,0,0,0,0,0,0,0,0,0,0,0,0,0,0,0,0,0,0,0,0,0,0,0,0,0,0,0,0,0,0,0,0,0,0,0,0,0,0
"kilimanjaro/moshi/kilemakati",0,0,0,0,0,0,0,0,0,0,0,0,0,0,0,0,0,0,0,0,0,0,0,0,0,0,0,0,0,0,0,0,0,0,0,0,0,0,0,0,0,0,0,0,0,0,0,0,0,0,0,0,0,0,0,0,0,0,0,0,0,0,0,0,0,0,0,0,0,0,0,0,0,0,0,0,0,0,0,0,0,0,0,0,0,0,0,0,0,0,0,0,0,0,0,0,0,0,0,0,0,0,0,0,0,0,0,0,0,0,0,0,0,0,0,0,0,0,0,0,0,0,0,0,0,0,0,0,0,0,0,0,0,0,0,0,0,0,0,0,0,0,0,0,0,0,0,0,0,0,0,0,0,0,0,0,0,0,0,0,0,0,0,0,0,0,0,0,0,0,0,0,0,0,0,0,0,0,0,0,0,0,0,0,0,0,0,0,0,0,0,0,0,0,0,0,0,0,0,0,0,0,0,0,0,0,0,0,0,0,0,0,0,0,0,0,0,0,0,0,0,0,0,0,0,0,0,0,0,0,0,0,0,0,0,0,0,0,0,0,0,0,0,0,0,0,0,0,0,0,0,0,0,0,0,0,0,0,0,0,0,0,0,0,0,0,0,0,0,0,0,0,0,0,0,0,0,0,0,0,0,0,0,0,0,0,0,0,0,0,0,0,0,0,0,0,0,0,0,0,0,0,0,0,0,0,0,0,0,0,0,0,0,0,0,0,0,0,0,0,0,0,0,0,0,0,0,0,0,0,0,0,0,0,0,0,0,0,0,0,0,0,0,0,0,0,0,0,0,0,0,0,0,0,0,0,0,0,0,0,0,0,0,0,0,0,0,0,0,0,0,0,0,0,0,0,0,0,0,0,0,0,0,0,0,0,0,0,0,0,0,0,0,0,0,0,0,0
"kilimanjaro/moshi/kilemakusini",0.000507,1.6e-05,0.002943,0.000135,2e-06,0.043617,1e-06,1e-06,2e-06,0.000426,7e-06,1e-06,0.000333,0.004705,7.1e-05,3e-06,3e-06,1.1e-05,2e-06,7e-06,3.8e-05,0.001385,2e-06,0.001599,5.3e-05,0.000483,3e-06,3e-06,1e-06,6.3e-05,0.001707,9e-06,3.1e-05,0.000327,1.8e-05,4e-06,0.000374,9.5e-05,8e-06,0.000195,2e-06,1e-06,0.000449,6.9e-05,5.9e-05,2e-06,5.3e-05,0.077893,0.002318,6e-06,2e-06,4e-06,5e-06,2e-06,7.5e-05,1e-06,0.000149,5e-06,0.001106,0.001986,0.000634,0.000578,0.00128,2.9e-05,0,0.002681,0.000561,2e-06,6.4e-05,0.000503,3e-06,0,0.000308,3.1e-05,7e-06,0.000584,5e-05,1e-06,1e-06,1e-06,1e-06,8e-06,1e-06,2e-06,4e-06,2e-06,0.111851,1e-06,6.1e-05,0.006831,1e-06,2e-06,0.696045,0.002392,2.6e-05,0.000119,0.005237,0.000326,0.251695,0.171438,2e-06,3e-06,0.001465,0.00058,0.009046,0.036093,3e-06,0.035798,0.001317,0.000554,0.004004,0.110592,4.3e-05,1.4e-05,0.003136,0.003148,0.030301,6e-06,0.333361,0.01251,0.00582,0.241353,0.000793,0.002369,0.000214,0.000528,0.000438,0.065012,0.002774,0.004478,0.006845,0,0.175913,0.01027,0.000112,0.002377,0.000115,0.081659,0.012163,0.044321,0.003562,3.1e-05,0.000702,0.004804,0.001906,0.02906,4e-06,0.487554,0.255317,0.342196,0.001492,0.000225,0.001827,0.000131,0.004719,0.012227,0.003483,9.2e-05,9.2e-05,0.899042,0.017558,0.003465,0.000646,0.000938,2e-06,2e-06,0.008817,0.001292,0.00422,0.002572,0.000146,0.001635,0.058959,0.001486,0.001217,0.000416,0.00263,3.4e-05,0.064668,0.000286,2.2e-05,2.9e-05,0.003473,0.015848,0.148041,0.920178,0.000233,0.000642,0.095963,0.022458,0.011223,1.8e-05,4.4e-05,3e-06,0.000319,1.6e-05,0.005439,2e-06,0.105044,3e-06,0.017278,0.000122,0.002736,0.000107,0.177265,0.001114,0.960892,0.001028,0.000275,0.006267,0.01066,9e-06,0.394218,0.001447,1e-06,0.000763,1e-06,0.486534,0.029073,0.276836,3e-06,8.9e-05,1e-06,0.000423,0.06868,0.001311,0.098755,0.001277,9e-06,1e-06,1e-06,2e-06,0.003095,0.005607,4e-05,0.000132,0.003372,0.002608,0.000227,0.002778,0.002314,0.021862,0.000821,0.259321,5.3e-05,0.001824,0.00688,0.004044,2e-06,0.000203,0.02086,0.010497,2.5e-05,0.006506,0.015026,0.001348,0.001986,0.005402,0.001796,6.8e-05,4.5e-05,0.008423,4e-06,4.4e-05,0.000574,7.4e-05,2e-06,0.004104,1e-06,7.1e-05,0.004072,0.112388,0.000965,6.1e-05,0.920374,0.010531,0.001404,0.00231,2e-06,4.6e-05,0.001641,6e-06,0.048797,6e-06,1e-05,4e-06,1e-06,0.002166,3e-06,0.000213,5.5e-05,0.00184,0.000112,0.023777,0.035498,0.003927,0.013294,0.000103,0.004637,0.000122,0.001034,0.000144,0.001579,0.001938,1e-05,0.001202,0.000638,0.00012,5.5e-05,0.000801,0.004673,1e-04,2.3e-05,0.002283,0.02618,3e-06,2e-05,0.018493,0.244631,0.006198,0.000578,0.006231,0.006221,0.01299,0.045665,0.000371,0.00049,0.000186,4.2e-05,0.001224,0.002388,0.000703,0.05075,0.001228,0.002024,1.2e-05,0.007032,6.1e-05,0.024488,1.3e-05,3e-06,0.001258,4e-06,3e-06,0.008384,0.000511,0.000109,0.002605,0.01128,0.000153,1e-06,0.011533,0.000294,0.02639,0.000635,0.000793,0.004904,0.003392,0.0041,0.015827,2e-06,1e-06,2e-06,1e-06,2.8e-05,0.019607,0.004448,0.009404,1.4e-05,0.003065,0.006737,2.6e-05,5.2e-05,3.5e-05,0.001327,0.000976,0.00038,4.1e-05,0.015356,1e-06,0.00012,2e-06,0.334694,1.8e-05,1e-06,0.000435,0.001393,0.149596,0.043906,0.001271,0.012638,0.001564,6.4e-05,0.000114,3.9e-05,1.4e-05,2e-06,2e-06
"kilimanjaro/mwanga/kileo",6e-06,0,1.5e-05,1e-06,0,0.000801,0,0,0,6e-06,0,0,4e-06,6e-05,1e-06,0,0,0,0,0,1e-06,1e-05,0,1.2e-05,1e-06,3e-06,0,0,0,1e-06,3.7e-05,0,1e-06,1.3e-05,0,0,5e-06,1e-06,0,3e-06,0,0,5e-06,1e-06,1e-06,0,1e-06,0.001056,3.6e-05,0,0,0,0,0,1e-06,0,2e-06,0,2.3e-05,2e-05,5e-06,5e-06,1.5e-05,0,0,3.5e-05,7e-06,0,1e-06,6e-06,0,0,3e-06,0,0,5e-06,1e-06,0,0,0,0,0,0,0,0,0,0.001265,0,1e-06,0.000102,0,0,0.011047,2.9e-05,0,2e-06,4.8e-05,1.3e-05,0.007248,0.005896,0,0,3e-05,7e-06,6.4e-05,0.000322,0,0.000274,1.4e-05,5e-06,3.6e-05,0.000678,0,0,1.5e-05,1.5e-05,0.000367,0,0.002356,8.3e-05,2.9e-05,0.001815,3.8e-05,0.000105,8e-06,1.1e-05,5e-06,0.000571,3.7e-05,1.6e-05,1.7e-05,0.001049,0,7.1e-05,4e-06,3e-05,1e-06,0.000339,0.000136,0.000337,4e-05,1e-06,9e-06,3.3e-05,1.3e-05,0.001186,0,0.002453,0.000993,0.000584,8e-06,7e-06,1.3e-05,3e-06,0.000104,0.000162,1.7e-05,1e-06,2e-06,0.027234,0.001435,4.1e-05,5e-06,3.1e-05,0,0,0.00035,1.4e-05,5.5e-05,1e-04,2e-06,1.6e-05,0.000786,3.3e-05,1.1e-05,5e-06,2.8e-05,0,0.000454,5e-06,0,0,7.3e-05,0.000172,0.001279,0.061515,2e-06,5e-06,0.000809,0.000188,0.000114,0,0,0,3e-06,0,2.6e-05,0,0.000707,0,0.000208,2e-06,4.3e-05,1e-06,0.000946,1.1e-05,0.035541,1e-05,4e-06,2.1e-05,2.6e-05,0,0.003581,7e-06,0,1.6e-05,0,0.005419,1e-04,0.000868,0,1e-06,0,4e-06,0.000682,1.2e-05,0.000876,1.4e-05,0,0,0,0,3.9e-05,7.5e-05,1e-06,1e-06,1.5e-05,2.6e-05,2e-06,1.4e-05,3.4e-05,0.000487,5e-06,0.007008,1e-06,1.2e-05,4.2e-05,5.3e-05,0,3e-06,0.000268,9.3e-05,0,8.4e-05,0.000117,2.9e-05,1.1e-05,0.000346,1.1e-05,2e-06,1e-06,0.000132,0,1e-06,6e-06,1e-06,0,5.3e-05,0,1e-06,5.1e-05,0.007135,5e-05,1e-06,0.013651,4.1e-05,3e-05,3.1e-05,0,1e-06,2.8e-05,0,0.000557,0,0,0,0,1.4e-05,0,2e-06,1e-06,1.7e-05,2e-06,0.000325,0.000195,3.6e-05,0.000106,1e-06,0.000118,2e-06,7e-06,6e-06,1.1e-05,5.4e-05,0,1.2e-05,8e-06,1e-06,1e-06,5e-06,4.3e-05,1e-06,0,1.4e-05,0.000111,0,0,0.000151,0.001823,6.2e-05,9e-06,7.7e-05,6.4e-05,0.000124,0.000416,4e-06,5e-06,2e-06,1e-06,1.6e-05,3e-05,9e-06,0.000416,1.7e-05,2.8e-05,0,5.4e-05,1e-06,0.000308,0,0,8e-06,0,0,0.000197,1e-05,1e-06,3.1e-05,0.000296,2e-06,0,0.000113,4e-06,0.000342,6e-06,1.1e-05,5.9e-05,0.000173,2.2e-05,0.000126,0,0,0,0,0,0.000249,4.1e-05,0.000122,0,3.6e-05,5e-05,1e-06,1e-06,0,9e-06,1.3e-05,4e-06,1e-06,0.000113,0,3e-06,0,0.002965,0,0,6e-06,8e-06,0.001037,0.000224,7e-06,0.000159,8e-06,1e-06,3e-06,1e-06,0,0,0
"kilimanjaro/moshimunicipal/kilimanjaro",0,0,0,0,0,0,0,0,0,0,0,0,0,0,0,0,0,0,0,0,0,0,0,0,0,0,0,0,0,0,0,0,0,0,0,0,0,0,0,0,0,0,0,0,0,0,0,0,0,0,0,0,0,0,0,0,0,0,0,0,0,0,0,0,0,0,0,0,0,0,0,0,0,0,0,0,0,0,0,0,0,0,0,0,0,0,0,0,0,0,0,0,0,0,0,0,0,0,0,0,0,0,0,0,0,0,0,0,0,0,0,0,0,0,0,0,0,0,0,0,0,0,0,0,0,0,0,0,0,0,0,0,0,0,0,0,0,0,0,0,0,0,0,0,0,0,0,0,0,0,0,0,0,0,0,0,0,0,0,0,0,0,0,0,0,0,0,0,0,0,0,0,0,0,0,0,0,0,0,0,0,0,0,0,0,0,0,0,0,0,0,0,0,0,0,0,0,0,0,0,0,0,0,0,0,0,0,0,0,0,0,0,0,0,0,0,0,0,0,0,0,0,0,0,0,0,0,0,0,0,0,0,0,0,0,0,0,0,0,0,0,0,0,0,0,0,0,0,0,0,0,0,0,0,0,0,0,0,0,0,0,0,0,0,0,0,0,0,0,0,0,0,0,0,0,0,0,0,0,0,0,0,0,0,0,0,0,0,0,0,0,0,0,0,0,0,0,0,0,0,0,0,0,0,0,0,0,0,0,0,0,0,0,0,0,0,0,0,0,0,0,0,0,0,0,0,0,0,0,0,0,0,0,0,0,0,0,0,0,0,0,0,0,0,0,0,0,0,0,0,0,0,0,0,0,0,0,0,0,0,0,0,0,0,0,0,0,0,0,0,0,0,0,0,0,0,0,0,0,0,0,0,0,0,0,0,0,0,0,0,0,0,0,0,0,0,0,0
"kilimanjaro/mwanga/kilomeni",0,0,0,0,0,0,0,0,0,0,0,0,0,0,0,0,0,0,0,0,0,0,0,0,0,0,0,0,0,0,0,0,0,0,0,0,0,0,0,0,0,0,0,0,0,0,0,0,0,0,0,0,0,0,0,0,0,0,0,0,0,0,0,0,0,0,0,0,0,0,0,0,0,0,0,0,0,0,0,0,0,0,0,0,0,0,0,0,0,0,0,0,0,0,0,0,0,0,0,0,0,0,0,0,0,0,0,0,0,0,0,0,0,0,0,0,0,0,0,0,0,0,0,0,0,0,0,0,0,0,0,0,0,0,0,0,0,0,0,0,0,0,0,0,0,0,0,0,0,0,0,0,0,0,0,0,0,0,0,0,0,0,0,0,0,0,0,0,0,0,0,0,0,0,0,0,0,0,0,0,0,0,0,0,0,0,0,0,0,0,0,0,0,0,0,0,0,0,0,0,0,0,0,0,0,0,0,0,0,0,0,0,0,0,0,0,0,0,0,0,0,0,0,0,0,0,0,0,0,0,0,0,0,0,0,0,0,0,0,0,0,0,0,0,0,0,0,0,0,0,0,0,0,0,0,0,0,0,0,0,0,0,0,0,0,0,0,0,0,0,0,0,0,0,0,0,0,0,0,0,0,0,0,0,0,0,0,0,0,0,0,0,0,0,0,0,0,0,0,0,0,0,0,0,0,0,0,0,0,0,0,0,0,0,0,0,0,0,0,0,0,0,0,0,0,0,0,0,0,0,0,0,0,0,0,0,0,0,0,0,0,0,0,0,0,0,0,0,0,0,0,0,0,0,0,0,0,0,0,0,0,0,0,0,0,0,0,0,0,0,0,0,0,0,0,0,0,0,0,0,0,0,0,0,0,0,0,0,0,0,0,0,0,0,0,0,0,0
"arusha/arushaurban/kimandolu",0,0,0,0,0,0,0,0,0,0,0,0,0,0,0,0,0,0,0,0,0,0,0,0,0,0,0,0,0,0,0,0,0,0,0,0,0,0,0,0,0,0,0,0,0,0,0,0,0,0,0,0,0,0,0,0,0,0,0,0,0,0,0,0,0,0,0,0,0,0,0,0,0,0,0,0,0,0,0,0,0,0,0,0,0,0,0,0,0,0,0,0,0,0,0,0,0,0,0,0,0,0,0,0,0,0,0,0,0,0,0,0,0,0,0,0,0,0,0,0,0,0,0,0,0,0,0,0,0,0,0,0,0,0,0,0,0,0,0,0,0,0,0,0,0,0,0,0,0,0,0,0,0,0,0,0,0,0,0,0,0,0,0,0,0,0,0,0,0,0,0,0,0,0,0,0,0,0,0,0,0,0,0,0,0,0,0,0,0,0,0,0,0,0,0,0,0,0,0,0,0,0,0,0,0,0,0,0,0,0,0,0,0,0,0,0,0,0,0,0,0,0,0,0,0,0,0,0,0,0,0,0,0,0,0,0,0,0,0,0,0,0,0,0,0,0,0,0,0,0,0,0,0,0,0,0,0,0,0,0,0,0,0,0,0,0,0,0,0,0,0,0,0,0,0,0,0,0,0,0,0,0,0,0,0,0,0,0,0,0,0,0,0,0,0,0,0,0,0,0,0,0,0,0,0,0,0,0,0,0,0,0,0,0,0,0,0,0,0,0,0,0,0,0,0,0,0,0,0,0,0,0,0,0,0,0,0,0,0,0,0,0,0,0,0,0,0,0,0,0,0,0,0,0,0,0,0,0,0,0,0,0,0,0,0,0,0,0,0,0,0,0,0,0,0,0,0,0,0,0,0,0,0,0,0,0,0,0,0,0,0,0,0,0,0,0,0,0
"arusha/arusha/kimnyaki",0,0,0,0,0,0,0,0,0,0,0,0,0,0,0,0,0,0,0,0,0,0,0,0,0,0,0,0,0,0,0,0,0,0,0,0,0,0,0,0,0,0,0,0,0,0,0,0,0,0,0,0,0,0,0,0,0,0,0,0,0,0,0,0,0,0,0,0,0,0,0,0,0,0,0,0,0,0,0,0,0,0,0,0,0,0,0,0,0,0,0,0,0,0,0,0,0,0,0,0,0,0,0,0,0,0,0,0,0,0,0,0,0,0,0,0,0,0,0,0,0,0,0,0,0,0,0,0,0,0,0,0,0,0,0,0,0,0,0,0,0,0,0,0,0,0,0,0,0,0,0,0,0,0,0,0,0,0,0,0,0,0,0,0,0,0,0,0,0,0,0,0,0,0,0,0,0,0,0,0,0,0,0,0,0,0,0,0,0,0,0,0,0,0,0,0,0,0,0,0,0,0,0,0,0,0,0,0,0,0,0,0,0,0,0,0,0,0,0,0,0,0,0,0,0,0,0,0,0,0,0,0,0,0,0,0,0,0,0,0,0,0,0,0,0,0,0,0,0,0,0,0,0,0,0,0,0,0,0,0,0,0,0,0,0,0,0,0,0,0,0,0,0,0,0,0,0,0,0,0,0,0,0,0,0,0,0,0,0,0,0,0,0,0,0,0,0,0,0,0,0,0,0,0,0,0,0,0,0,0,0,0,0,0,0,0,0,0,0,0,0,0,0,0,0,0,0,0,0,0,0,0,0,0,0,0,0,0,0,0,0,0,0,0,0,0,0,0,0,0,0,0,0,0,0,0,0,0,0,0,0,0,0,0,0,0,0,0,0,0,0,0,0,0,0,0,0,0,0,0,0,0,0,0,0,0,0,0,0,0,0,0,0,0,0,0,0,0
"kilimanjaro/moshi/kimochi",0,0,0,0,0,0,0,0,0,0,0,0,0,0,0,0,0,0,0,0,0,0,0,0,0,0,0,0,0,0,0,0,0,0,0,0,0,0,0,0,0,0,0,0,0,0,0,0,0,0,0,0,0,0,0,0,0,0,0,0,0,0,0,0,0,0,0,0,0,0,0,0,0,0,0,0,0,0,0,0,0,0,0,0,0,0,0,0,0,0,0,0,0,0,0,0,0,0,0,0,0,0,0,0,0,0,0,0,0,0,0,0,0,0,0,0,0,0,0,0,0,0,0,0,0,0,0,0,0,0,0,0,0,0,0,0,0,0,0,0,0,0,0,0,0,0,0,0,0,0,0,0,0,0,0,0,0,0,0,0,0,0,0,0,0,0,0,0,0,0,0,0,0,0,0,0,0,0,0,0,0,0,0,0,0,0,0,0,0,0,0,0,0,0,0,0,0,0,0,0,0,0,0,0,0,0,0,0,0,0,0,0,0,0,0,0,0,0,0,0,0,0,0,0,0,0,0,0,0,0,0,0,0,0,0,0,0,0,0,0,0,0,0,0,0,0,0,0,0,0,0,0,0,0,0,0,0,0,0,0,0,0,0,0,0,0,0,0,0,0,0,0,0,0,0,0,0,0,0,0,0,0,0,0,0,0,0,0,0,0,0,0,0,0,0,0,0,0,0,0,0,0,0,0,0,0,0,0,0,0,0,0,0,0,0,0,0,0,0,0,0,0,0,0,0,0,0,0,0,0,0,0,0,0,0,0,0,0,0,0,0,0,0,0,0,0,0,0,0,0,0,0,0,0,0,0,0,0,0,0,0,0,0,0,0,0,0,0,0,0,0,0,0,0,0,0,0,0,0,0,0,0,0,0,0,0,0,0,0,0,0,0,0,0,0,0,0,0
"arusha/longido/kimokouwa",0,0,0,0,0,0,0,0,0,0,0,0,0,0,0,0,0,0,0,0,0,0,0,0,0,0,0,0,0,0,0,0,0,0,0,0,0,0,0,0,0,0,0,0,0,0,0,0,0,0,0,0,0,0,0,0,0,0,0,0,0,0,0,0,0,0,0,0,0,0,0,0,0,0,0,0,0,0,0,0,0,0,0,0,0,0,0,0,0,0,0,0,0,0,0,0,0,0,0,0,0,0,0,0,0,0,0,0,0,0,0,0,0,0,0,0,0,0,0,0,0,0,0,0,0,0,0,0,0,0,0,0,0,0,0,0,0,0,0,0,0,0,0,0,0,0,0,0,0,0,0,0,0,0,0,0,0,0,0,0,0,0,0,0,0,0,0,0,0,0,0,0,0,0,0,0,0,0,0,0,0,0,0,0,0,0,0,0,0,0,0,0,0,0,0,0,0,0,0,0,0,0,0,0,0,0,0,0,0,0,0,0,0,0,0,0,0,0,0,0,0,0,0,0,0,0,0,0,0,0,0,0,0,0,0,0,0,0,0,0,0,0,0,0,0,0,0,0,0,0,0,0,0,0,0,0,0,0,0,0,0,0,0,0,0,0,0,0,0,0,0,0,0,0,0,0,0,0,0,0,0,0,0,0,0,0,0,0,0,0,0,0,0,0,0,0,0,0,0,0,0,0,0,0,0,0,0,0,0,0,0,0,0,0,0,0,0,0,0,0,0,0,0,0,0,0,0,0,0,0,0,0,0,0,0,0,0,0,0,0,0,0,0,0,0,0,0,0,0,0,0,0,0,0,0,0,0,0,0,0,0,0,0,0,0,0,0,0,0,0,0,0,0,0,0,0,0,0,0,0,0,0,0,0,0,0,0,0,0,0,0,0,0,0,0,0,0,0
"kilimanjaro/moshi/kindi",0,0,0,0,0,0,0,0,0,0,0,0,0,0,0,0,0,0,0,0,0,0,0,0,0,0,0,0,0,0,0,0,0,0,0,0,0,0,0,0,0,0,0,0,0,0,0,0,0,0,0,0,0,0,0,0,0,0,0,0,0,0,0,0,0,0,0,0,0,0,0,0,0,0,0,0,0,0,0,0,0,0,0,0,0,0,0,0,0,0,0,0,0,0,0,0,0,0,0,0,0,0,0,0,0,0,0,0,0,0,0,0,0,0,0,0,0,0,0,0,0,0,0,0,0,0,0,0,0,0,0,0,0,0,0,0,0,0,0,0,0,0,0,0,0,0,0,0,0,0,0,0,0,0,0,0,0,0,0,0,0,0,0,0,0,0,0,0,0,0,0,0,0,0,0,0,0,0,0,0,0,0,0,0,0,0,0,0,0,0,0,0,0,0,0,0,0,0,0,0,0,0,0,0,0,0,0,0,0,0,0,0,0,0,0,0,0,0,0,0,0,0,0,0,0,0,0,0,0,0,0,0,0,0,0,0,0,0,0,0,0,0,0,0,0,0,0,0,0,0,0,0,0,0,0,0,0,0,0,0,0,0,0,0,0,0,0,0,0,0,0,0,0,0,0,0,0,0,0,0,0,0,0,0,0,0,0,0,0,0,0,0,0,0,0,0,0,0,0,0,0,0,0,0,0,0,0,0,0,0,0,0,0,0,0,0,0,0,0,0,0,0,0,0,0,0,0,0,0,0,0,0,0,0,0,0,0,0,0,0,0,0,0,0,0,0,0,0,0,0,0,0,0,0,0,0,0,0,0,0,0,0,0,0,0,0,0,0,0,0,0,0,0,0,0,0,0,0,0,0,0,0,0,0,0,0,0,0,0,0,0,0,0,0,0,0,0,0
"arusha/meru/kingori",0,0,0,0,0,0,0,0,0,0,0,0,0,0,0,0,0,0,0,0,0,0,0,0,0,0,0,0,0,0,0,0,0,0,0,0,0,0,0,0,0,0,0,0,0,0,0,0,0,0,0,0,0,0,0,0,0,0,0,0,0,0,0,0,0,0,0,0,0,0,0,0,0,0,0,0,0,0,0,0,0,0,0,0,0,0,0,0,0,0,0,0,0,0,0,0,0,0,0,0,0,0,0,0,0,0,0,0,0,0,0,0,0,0,0,0,0,0,0,0,0,0,0,0,0,0,0,0,0,0,0,0,0,0,0,0,0,0,0,0,0,0,0,0,0,0,0,0,0,0,0,0,0,0,0,0,0,0,0,0,0,0,0,0,0,0,0,0,0,0,0,0,0,0,0,0,0,0,0,0,0,0,0,0,0,0,0,0,0,0,0,0,0,0,0,0,0,0,0,0,0,0,0,0,0,0,0,0,0,0,0,0,0,0,0,0,0,0,0,0,0,0,0,0,0,0,0,0,0,0,0,0,0,0,0,0,0,0,0,0,0,0,0,0,0,0,0,0,0,0,0,0,0,0,0,0,0,0,0,0,0,0,0,0,0,0,0,0,0,0,0,0,0,0,0,0,0,0,0,0,0,0,0,0,0,0,0,0,0,0,0,0,0,0,0,0,0,0,0,0,0,0,0,0,0,0,0,0,0,0,0,0,0,0,0,0,0,0,0,0,0,0,0,0,0,0,0,0,0,0,0,0,0,0,0,0,0,0,0,0,0,0,0,0,0,0,0,0,0,0,0,0,0,0,0,0,0,0,0,0,0,0,0,0,0,0,0,0,0,0,0,0,0,0,0,0,0,0,0,0,0,0,0,0,0,0,0,0,0,0,0,0,0,0,0,0,0,0
"kilimanjaro/same/kirangare",0,0,0,0,0,0,0,0,0,0,0,0,0,0,0,0,0,0,0,0,0,0,0,0,0,0,0,0,0,0,0,0,0,0,0,0,0,0,0,0,0,0,0,0,0,0,0,0,0,0,0,0,0,0,0,0,0,0,0,0,0,0,0,0,0,0,0,0,0,0,0,0,0,0,0,0,0,0,0,0,0,0,0,0,0,0,0,0,0,0,0,0,0,0,0,0,0,0,0,0,0,0,0,0,0,0,0,0,0,0,0,0,0,0,0,0,0,0,0,0,0,0,0,0,0,0,0,0,0,0,0,0,0,0,0,0,0,0,0,0,0,0,0,0,0,0,0,0,0,0,0,0,0,0,0,0,0,0,0,0,0,0,0,0,0,0,0,0,0,0,0,0,0,0,0,0,0,0,0,0,0,0,0,0,0,0,0,0,0,0,0,0,0,0,0,0,0,0,0,0,0,0,0,0,0,0,0,0,0,0,0,0,0,0,0,0,0,0,0,0,0,0,0,0,0,0,0,0,0,0,0,0,0,0,0,0,0,0,0,0,0,0,0,0,0,0,0,0,0,0,0,0,0,0,0,0,0,0,0,0,0,0,0,0,0,0,0,0,0,0,0,0,0,0,0,0,0,0,0,0,0,0,0,0,0,0,0,0,0,0,0,0,0,0,0,0,0,0,0,0,0,0,0,0,0,0,0,0,0,0,0,0,0,0,0,0,0,0,0,0,0,0,0,0,0,0,0,0,0,0,0,0,0,0,0,0,0,0,0,0,0,0,0,0,0,0,0,0,0,0,0,0,0,0,0,0,0,0,0,0,0,0,0,0,0,0,0,0,0,0,0,0,0,0,0,0,0,0,0,0,0,0,0,0,0,0,0,0,0,0,0,0,0,0,0,0,0,0
"arusha/arusha/kiranyi",0,0,0,0,0,0,0,0,0,0,0,0,0,0,0,0,0,0,0,0,0,0,0,0,0,0,0,0,0,0,0,0,0,0,0,0,0,0,0,0,0,0,0,0,0,0,0,0,0,0,0,0,0,0,0,0,0,0,0,0,0,0,0,0,0,0,0,0,0,0,0,0,0,0,0,0,0,0,0,0,0,0,0,0,0,0,0,0,0,0,0,0,0,0,0,0,0,0,0,0,0,0,0,0,0,0,0,0,0,0,0,0,0,0,0,0,0,0,0,0,0,0,0,0,0,0,0,0,0,0,0,0,0,0,0,0,0,0,0,0,0,0,0,0,0,0,0,0,0,0,0,0,0,0,0,0,0,0,0,0,0,0,0,0,0,0,0,0,0,0,0,0,0,0,0,0,0,0,0,0,0,0,0,0,0,0,0,0,0,0,0,0,0,0,0,0,0,0,0,0,0,0,0,0,0,0,0,0,0,0,0,0,0,0,0,0,0,0,0,0,0,0,0,0,0,0,0,0,0,0,0,0,0,0,0,0,0,0,0,0,0,0,0,0,0,0,0,0,0,0,0,0,0,0,0,0,0,0,0,0,0,0,0,0,0,0,0,0,0,0,0,0,0,0,0,0,0,0,0,0,0,0,0,0,0,0,0,0,0,0,0,0,0,0,0,0,0,0,0,0,0,0,0,0,0,0,0,0,0,0,0,0,0,0,0,0,0,0,0,0,0,0,0,0,0,0,0,0,0,0,0,0,0,0,0,0,0,0,0,0,0,0,0,0,0,0,0,0,0,0,0,0,0,0,0,0,0,0,0,0,0,0,0,0,0,0,0,0,0,0,0,0,0,0,0,0,0,0,0,0,0,0,0,0,0,0,0,0,0,0,0,0,0,0,0,0,0,0
"kilimanjaro/moshi/kirima",0,0,0,0,0,0,0,0,0,0,0,0,0,0,0,0,0,0,0,0,0,0,0,0,0,0,0,0,0,0,0,0,0,0,0,0,0,0,0,0,0,0,0,0,0,0,0,0,0,0,0,0,0,0,0,0,0,0,0,0,0,0,0,0,0,0,0,0,0,0,0,0,0,0,0,0,0,0,0,0,0,0,0,0,0,0,0,0,0,0,0,0,0,0,0,0,0,0,0,0,0,0,0,0,0,0,0,0,0,0,0,0,0,0,0,0,0,0,0,0,0,0,0,0,0,0,0,0,0,0,0,0,0,0,0,0,0,0,0,0,0,0,0,0,0,0,0,0,0,0,0,0,0,0,0,0,0,0,0,0,0,0,0,0,0,0,0,0,0,0,0,0,0,0,0,0,0,0,0,0,0,0,0,0,0,0,0,0,0,0,0,0,0,0,0,0,0,0,0,0,0,0,0,0,0,0,0,0,0,0,0,0,0,0,0,0,0,0,0,0,0,0,0,0,0,0,0,0,0,0,0,0,0,0,0,0,0,0,0,0,0,0,0,0,0,0,0,0,0,0,0,0,0,0,0,0,0,0,0,0,0,0,0,0,0,0,0,0,0,0,0,0,0,0,0,0,0,0,0,0,0,0,0,0,0,0,0,0,0,0,0,0,0,0,0,0,0,0,0,0,0,0,0,0,0,0,0,0,0,0,0,0,0,0,0,0,0,0,0,0,0,0,0,0,0,0,0,0,0,0,0,0,0,0,0,0,0,0,0,0,0,0,0,0,0,0,0,0,0,0,0,0,0,0,0,0,0,0,0,0,0,0,0,0,0,0,0,0,0,0,0,0,0,0,0,0,0,0,0,0,0,0,0,0,0,0,0,0,0,0,0,0,0,0,0,0,0,0
"kilimanjaro/rombo/kirongosamanga",0,0,0,0,0,0,0,0,0,0,0,0,0,0,0,0,0,0,0,0,0,0,0,0,0,0,0,0,0,0,0,0,0,0,0,0,0,0,0,0,0,0,0,0,0,0,0,0,0,0,0,0,0,0,0,0,0,0,0,0,0,0,0,0,0,0,0,0,0,0,0,0,0,0,0,0,0,0,0,0,0,0,0,0,0,0,0,0,0,0,0,0,0,0,0,0,0,0,0,0,0,0,0,0,0,0,0,0,0,0,0,0,0,0,0,0,0,0,0,0,0,0,0,0,0,0,0,0,0,0,0,0,0,0,0,0,0,0,0,0,0,0,0,0,0,0,0,0,0,0,0,0,0,0,0,0,0,0,0,0,0,0,0,0,0,0,0,0,0,0,0,0,0,0,0,0,0,0,0,0,0,0,0,0,0,0,0,0,0,0,0,0,0,0,0,0,0,0,0,0,0,0,0,0,0,0,0,0,0,0,0,0,0,0,0,0,0,0,0,0,0,0,0,0,0,0,0,0,0,0,0,0,0,0,0,0,0,0,0,0,0,0,0,0,0,0,0,0,0,0,0,0,0,0,0,0,0,0,0,0,0,0,0,0,0,0,0,0,0,0,0,0,0,0,0,0,0,0,0,0,0,0,0,0,0,0,0,0,0,0,0,0,0,0,0,0,0,0,0,0,0,0,0,0,0,0,0,0,0,0,0,0,0,0,0,0,0,0,0,0,0,0,0,0,0,0,0,0,0,0,0,0,0,0,0,0,0,0,0,0,0,0,0,0,0,0,0,0,0,0,0,0,0,0,0,0,0,0,0,0,0,0,0,0,0,0,0,0,0,0,0,0,0,0,0,0,0,0,0,0,0,0,0,0,0,0,0,0,0,0,0,0,0,0,0,0,0,0
"kilimanjaro/mwanga/kirongwe",0,0,0,0,0,0,0,0,0,0,0,0,0,0,0,0,0,0,0,0,0,0,0,0,0,0,0,0,0,0,0,0,0,0,0,0,0,0,0,0,0,0,0,0,0,0,0,0,0,0,0,0,0,0,0,0,0,0,0,0,0,0,0,0,0,0,0,0,0,0,0,0,0,0,0,0,0,0,0,0,0,0,0,0,0,0,0,0,0,0,0,0,0,0,0,0,0,0,0,0,0,0,0,0,0,0,0,0,0,0,0,0,0,0,0,0,0,0,0,0,0,0,0,0,0,0,0,0,0,0,0,0,0,0,0,0,0,0,0,0,0,0,0,0,0,0,0,0,0,0,0,0,0,0,0,0,0,0,0,0,0,0,0,0,0,0,0,0,0,0,0,0,0,0,0,0,0,0,0,0,0,0,0,0,0,0,0,0,0,0,0,0,0,0,0,0,0,0,0,0,0,0,0,0,0,0,0,0,0,0,0,0,0,0,0,0,0,0,0,0,0,0,0,0,0,0,0,0,0,0,0,0,0,0,0,0,0,0,0,0,0,0,0,0,0,0,0,0,0,0,0,0,0,0,0,0,0,0,0,0,0,0,0,0,0,0,0,0,0,0,0,0,0,0,0,0,0,0,0,0,0,0,0,0,0,0,0,0,0,0,0,0,0,0,0,0,0,0,0,0,0,0,0,0,0,0,0,0,0,0,0,0,0,0,0,0,0,0,0,0,0,0,0,0,0,0,0,0,0,0,0,0,0,0,0,0,0,0,0,0,0,0,0,0,0,0,0,0,0,0,0,0,0,0,0,0,0,0,0,0,0,0,0,0,0,0,0,0,0,0,0,0,0,0,0,0,0,0,0,0,0,0,0,0,0,0,0,0,0,0,0,0,0,0,0,0,0,0
"manyara/babati/kiru",0,0,0,0,0,0,0,0,0,0,0,0,0,0,0,0,0,0,0,0,0,0,0,0,0,0,0,0,0,0,0,0,0,0,0,0,0,0,0,0,0,0,0,0,0,0,0,0,0,0,0,0,0,0,0,0,0,0,0,0,0,0,0,0,0,0,0,0,0,0,0,0,0,0,0,0,0,0,0,0,0,0,0,0,0,0,0,0,0,0,0,0,0,0,0,0,0,0,0,0,0,0,0,0,0,0,0,0,0,0,0,0,0,0,0,0,0,0,0,0,0,0,0,0,0,0,0,0,0,0,0,0,0,0,0,0,0,0,0,0,0,0,0,0,0,0,0,0,0,0,0,0,0,0,0,0,0,0,0,0,0,0,0,0,0,0,0,0,0,0,0,0,0,0,0,0,0,0,0,0,0,0,0,0,0,0,0,0,0,0,0,0,0,0,0,0,0,0,0,0,0,0,0,0,0,0,0,0,0,0,0,0,0,0,0,0,0,0,0,0,0,0,0,0,0,0,0,0,0,0,0,0,0,0,0,0,0,0,0,0,0,0,0,0,0,0,0,0,0,0,0,0,0,0,0,0,0,0,0,0,0,0,0,0,0,0,0,0,0,0,0,0,0,0,0,0,0,0,0,0,0,0,0,0,0,0,0,0,0,0,0,0,0,0,0,0,0,0,0,0,0,0,0,0,0,0,0,0,0,0,0,0,0,0,0,0,0,0,0,0,0,0,0,0,0,0,0,0,0,0,0,0,0,0,0,0,0,0,0,0,0,0,0,0,0,0,0,0,0,0,0,0,0,0,0,0,0,0,0,0,0,0,0,0,0,0,0,0,0,0,0,0,0,0,0,0,0,0,0,0,0,0,0,0,0,0,0,0,0,0,0,0,0,0,0,0,0,0
"kilimanjaro/moshi/kiruavunjokusini",1.5e-05,0,4.4e-05,2e-06,0,0.001709,0,0,0,1.1e-05,0,0,1e-05,0.000137,2e-06,0,0,0,0,0,1e-06,3e-05,0,8.1e-05,1e-06,2.4e-05,0,0,0,1e-06,7.8e-05,0,1e-06,7e-06,0,0,1.1e-05,2e-06,0,5e-06,0,0,8e-06,1e-06,1e-06,0,1e-06,0.002356,6.2e-05,0,0,0,0,0,1e-06,0,5e-06,0,2.8e-05,3.5e-05,1.1e-05,1.1e-05,3.5e-05,1e-06,0,7.8e-05,1.5e-05,0,2e-06,9e-06,0,0,9e-06,1e-06,0,1e-05,1e-06,0,0,0,0,0,0,0,0,0,0.004231,0,1e-06,0.000112,0,0,0.016612,6.9e-05,1e-06,3e-06,0.00016,6e-06,0.01119,0.004515,0,0,3.3e-05,1.7e-05,0.000485,0.000911,0,0.001569,3.9e-05,1e-05,0.000122,0.002463,1e-06,0,5.7e-05,4.5e-05,0.001046,0,0.022379,0.000378,0.000133,0.008764,1.6e-05,5e-05,4e-06,1.2e-05,7e-06,0.001491,8.4e-05,0.000102,0.000126,0.006387,0.00388,0.000462,2e-06,6.9e-05,3e-06,0.004285,0.000315,0.001731,0.000112,1e-06,2e-05,0.000179,3.5e-05,0.000617,0,0,0.008888,0.006993,2.8e-05,6e-06,3.1e-05,3e-06,0.000102,0.000345,4.7e-05,2e-06,2e-06,0.165936,0.000318,6.7e-05,3.1e-05,2e-05,0,0,0.000236,3.9e-05,0.000122,6e-05,2e-06,3.1e-05,0.001765,3.7e-05,3.6e-05,8e-06,5e-05,1e-06,0.002838,7e-06,0,1e-06,8.1e-05,0.000829,0.00525,0.237857,7e-06,1.9e-05,0.003582,0.00075,0.000473,0,1e-06,0,6e-06,0,5.9e-05,0,0.005534,0,0.000529,3e-06,4.5e-05,3e-06,0.003456,3.4e-05,0.055073,1.9e-05,7e-06,9.1e-05,0.000115,0,0.006892,2e-05,0,1.7e-05,0,0.013556,0.000566,0.004558,0,3e-06,0,1.3e-05,0.002453,4.1e-05,0.003297,4.9e-05,0,0,0,0,7.8e-05,0.000159,1e-06,6e-06,0.00012,5.6e-05,4e-06,3.7e-05,7.2e-05,0.000947,3.8e-05,0.005091,1e-06,9.4e-05,0.000359,0.000119,0,6e-06,0.000608,0.000203,1e-06,0.00019,0.000372,3.1e-05,3.4e-05,0.00011,9.9e-05,2e-06,1e-06,0.000189,0,1e-06,1.1e-05,2e-06,0,0.000115,0,2e-06,0.000114,0.002867,1.8e-05,1e-06,0.038934,0.00014,3.2e-05,4.3e-05,0,1e-06,5.2e-05,0,0.001286,0,0,0,0,4.7e-05,0,6e-06,1e-06,5e-05,3e-06,0.000716,0.002067,0.000112,0.000273,3e-06,0.000123,3e-06,1.4e-05,3e-06,7.9e-05,4.5e-05,0,2.2e-05,1.9e-05,4e-06,2e-06,2.4e-05,9.4e-05,2e-06,1e-06,0.000164,0.000994,0,0,0.000372,0.005757,0.000126,1.6e-05,0.000176,0.000203,0.00034,0.000947,6e-06,8e-06,5e-06,1e-06,3.5e-05,6.9e-05,2e-05,0.000981,3e-05,3.6e-05,0,0.000351,2e-06,0.000737,0,0,5.6e-05,0,0,0.000203,1.2e-05,3e-06,7.4e-05,0.000262,4e-06,0,0.000351,9e-06,0.000774,1.2e-05,2.2e-05,0.000101,7.2e-05,6.4e-05,0.000722,0,0,0,0,1e-06,0.000575,9e-05,0.000271,0,9e-05,0.00031,1e-06,1e-06,1e-06,3e-05,2.8e-05,7e-06,1e-06,0.000291,0,2e-06,0,0.008916,0,0,1.2e-05,4.2e-05,0.006416,0.001539,3.9e-05,0.000382,3.1e-05,1e-06,3e-06,1e-06,0,0,0
"kilimanjaro/moshi/kiruavunjomagharibi",0,0,0,0,0,0,0,0,0,0,0,0,0,0,0,0,0,0,0,0,0,0,0,0,0,0,0,0,0,0,0,0,0,0,0,0,0,0,0,0,0,0,0,0,0,0,0,0,0,0,0,0,0,0,0,0,0,0,0,0,0,0,0,0,0,0,0,0,0,0,0,0,0,0,0,0,0,0,0,0,0,0,0,0,0,0,0,0,0,0,0,0,0,0,0,0,0,0,0,0,0,0,0,0,0,0,0,0,0,0,0,0,0,0,0,0,0,0,0,0,0,0,0,0,0,0,0,0,0,0,0,0,0,0,0,0,0,0,0,0,0,0,0,0,0,0,0,0,0,0,0,0,0,0,0,0,0,0,0,0,0,0,0,0,0,0,0,0,0,0,0,0,0,0,0,0,0,0,0,0,0,0,0,0,0,0,0,0,0,0,0,0,0,0,0,0,0,0,0,0,0,0,0,0,0,0,0,0,0,0,0,0,0,0,0,0,0,0,0,0,0,0,0,0,0,0,0,0,0,0,0,0,0,0,0,0,0,0,0,0,0,0,0,0,0,0,0,0,0,0,0,0,0,0,0,0,0,0,0,0,0,0,0,0,0,0,0,0,0,0,0,0,0,0,0,0,0,0,0,0,0,0,0,0,0,0,0,0,0,0,0,0,0,0,0,0,0,0,0,0,0,0,0,0,0,0,0,0,0,0,0,0,0,0,0,0,0,0,0,0,0,0,0,0,0,0,0,0,0,0,0,0,0,0,0,0,0,0,0,0,0,0,0,0,0,0,0,0,0,0,0,0,0,0,0,0,0,0,0,0,0,0,0,0,0,0,0,0,0,0,0,0,0,0,0,0,0,0,0,0,0,0,0,0,0,0,0,0,0,0,0,0,0,0,0,0,0,0
"kilimanjaro/moshi/kiruavunjomashariki",0,0,0,0,0,0,0,0,0,0,0,0,0,0,0,0,0,0,0,0,0,0,0,0,0,0,0,0,0,0,0,0,0,0,0,0,0,0,0,0,0,0,0,0,0,0,0,0,0,0,0,0,0,0,0,0,0,0,0,0,0,0,0,0,0,0,0,0,0,0,0,0,0,0,0,0,0,0,0,0,0,0,0,0,0,0,0,0,0,0,0,0,0,0,0,0,0,0,0,0,0,0,0,0,0,0,0,0,0,0,0,0,0,0,0,0,0,0,0,0,0,0,0,0,0,0,0,0,0,0,0,0,0,0,0,0,0,0,0,0,0,0,0,0,0,0,0,0,0,0,0,0,0,0,0,0,0,0,0,0,0,0,0,0,0,0,0,0,0,0,0,0,0,0,0,0,0,0,0,0,0,0,0,0,0,0,0,0,0,0,0,0,0,0,0,0,0,0,0,0,0,0,0,0,0,0,0,0,0,0,0,0,0,0,0,0,0,0,0,0,0,0,0,0,0,0,0,0,0,0,0,0,0,0,0,0,0,0,0,0,0,0,0,0,0,0,0,0,0,0,0,0,0,0,0,0,0,0,0,0,0,0,0,0,0,0,0,0,0,0,0,0,0,0,0,0,0,0,0,0,0,0,0,0,0,0,0,0,0,0,0,0,0,0,0,0,0,0,0,0,0,0,0,0,0,0,0,0,0,0,0,0,0,0,0,0,0,0,0,0,0,0,0,0,0,0,0,0,0,0,0,0,0,0,0,0,0,0,0,0,0,0,0,0,0,0,0,0,0,0,0,0,0,0,0,0,0,0,0,0,0,0,0,0,0,0,0,0,0,0,0,0,0,0,0,0,0,0,0,0,0,0,0,0,0,0,0,0,0,0,0,0,0,0,0,0,0,0
"kilimanjaro/rombo/kirwakeni",0,0,0,0,0,0,0,0,0,0,0,0,0,0,0,0,0,0,0,0,0,0,0,0,0,0,0,0,0,0,0,0,0,0,0,0,0,0,0,0,0,0,0,0,0,0,0,0,0,0,0,0,0,0,0,0,0,0,0,0,0,0,0,0,0,0,0,0,0,0,0,0,0,0,0,0,0,0,0,0,0,0,0,0,0,0,0,0,0,0,0,0,0,0,0,0,0,0,0,0,0,0,0,0,0,0,0,0,0,0,0,0,0,0,0,0,0,0,0,0,0,0,0,0,0,0,0,0,0,0,0,0,0,0,0,0,0,0,0,0,0,0,0,0,0,0,0,0,0,0,0,0,0,0,0,0,0,0,0,0,0,0,0,0,0,0,0,0,0,0,0,0,0,0,0,0,0,0,0,0,0,0,0,0,0,0,0,0,0,0,0,0,0,0,0,0,0,0,0,0,0,0,0,0,0,0,0,0,0,0,0,0,0,0,0,0,0,0,0,0,0,0,0,0,0,0,0,0,0,0,0,0,0,0,0,0,0,0,0,0,0,0,0,0,0,0,0,0,0,0,0,0,0,0,0,0,0,0,0,0,0,0,0,0,0,0,0,0,0,0,0,0,0,0,0,0,0,0,0,0,0,0,0,0,0,0,0,0,0,0,0,0,0,0,0,0,0,0,0,0,0,0,0,0,0,0,0,0,0,0,0,0,0,0,0,0,0,0,0,0,0,0,0,0,0,0,0,0,0,0,0,0,0,0,0,0,0,0,0,0,0,0,0,0,0,0,0,0,0,0,0,0,0,0,0,0,0,0,0,0,0,0,0,0,0,0,0,0,0,0,0,0,0,0,0,0,0,0,0,0,0,0,0,0,0,0,0,0,0,0,0,0,0,0,0,0,0,0
"kilimanjaro/mwanga/kirya",0,0,0,0,0,0,0,0,0,0,0,0,0,0,0,0,0,0,0,0,0,0,0,0,0,0,0,0,0,0,0,0,0,0,0,0,0,0,0,0,0,0,0,0,0,0,0,0,0,0,0,0,0,0,0,0,0,0,0,0,0,0,0,0,0,0,0,0,0,0,0,0,0,0,0,0,0,0,0,0,0,0,0,0,0,0,0,0,0,0,0,0,0,0,0,0,0,0,0,0,0,0,0,0,0,0,0,0,0,0,0,0,0,0,0,0,0,0,0,0,0,0,0,0,0,0,0,0,0,0,0,0,0,0,0,0,0,0,0,0,0,0,0,0,0,0,0,0,0,0,0,0,0,0,0,0,0,0,0,0,0,0,0,0,0,0,0,0,0,0,0,0,0,0,0,0,0,0,0,0,0,0,0,0,0,0,0,0,0,0,0,0,0,0,0,0,0,0,0,0,0,0,0,0,0,0,0,0,0,0,0,0,0,0,0,0,0,0,0,0,0,0,0,0,0,0,0,0,0,0,0,0,0,0,0,0,0,0,0,0,0,0,0,0,0,0,0,0,0,0,0,0,0,0,0,0,0,0,0,0,0,0,0,0,0,0,0,0,0,0,0,0,0,0,0,0,0,0,0,0,0,0,0,0,0,0,0,0,0,0,0,0,0,0,0,0,0,0,0,0,0,0,0,0,0,0,0,0,0,0,0,0,0,0,0,0,0,0,0,0,0,0,0,0,0,0,0,0,0,0,0,0,0,0,0,0,0,0,0,0,0,0,0,0,0,0,0,0,0,0,0,0,0,0,0,0,0,0,0,0,0,0,0,0,0,0,0,0,0,0,0,0,0,0,0,0,0,0,0,0,0,0,0,0,0,0,0,0,0,0,0,0,0,0,0,0,0,0
"kilimanjaro/rombo/kisalemsaranga",0,0,0,0,0,0,0,0,0,0,0,0,0,0,0,0,0,0,0,0,0,0,0,0,0,0,0,0,0,0,0,0,0,0,0,0,0,0,0,0,0,0,0,0,0,0,0,0,0,0,0,0,0,0,0,0,0,0,0,0,0,0,0,0,0,0,0,0,0,0,0,0,0,0,0,0,0,0,0,0,0,0,0,0,0,0,0,0,0,0,0,0,0,0,0,0,0,0,0,0,0,0,0,0,0,0,0,0,0,0,0,0,0,0,0,0,0,0,0,0,0,0,0,0,0,0,0,0,0,0,0,0,0,0,0,0,0,0,0,0,0,0,0,0,0,0,0,0,0,0,0,0,0,0,0,0,0,0,0,0,0,0,0,0,0,0,0,0,0,0,0,0,0,0,0,0,0,0,0,0,0,0,0,0,0,0,0,0,0,0,0,0,0,0,0,0,0,0,0,0,0,0,0,0,0,0,0,0,0,0,0,0,0,0,0,0,0,0,0,0,0,0,0,0,0,0,0,0,0,0,0,0,0,0,0,0,0,0,0,0,0,0,0,0,0,0,0,0,0,0,0,0,0,0,0,0,0,0,0,0,0,0,0,0,0,0,0,0,0,0,0,0,0,0,0,0,0,0,0,0,0,0,0,0,0,0,0,0,0,0,0,0,0,0,0,0,0,0,0,0,0,0,0,0,0,0,0,0,0,0,0,0,0,0,0,0,0,0,0,0,0,0,0,0,0,0,0,0,0,0,0,0,0,0,0,0,0,0,0,0,0,0,0,0,0,0,0,0,0,0,0,0,0,0,0,0,0,0,0,0,0,0,0,0,0,0,0,0,0,0,0,0,0,0,0,0,0,0,0,0,0,0,0,0,0,0,0,0,0,0,0,0,0,0,0,0,0,0
"kilimanjaro/same/kisima",0,0,0,0,0,0,0,0,0,0,0,0,0,0,0,0,0,0,0,0,0,0,0,0,0,0,0,0,0,0,0,0,0,0,0,0,0,0,0,0,0,0,0,0,0,0,0,0,0,0,0,0,0,0,0,0,0,0,0,0,0,0,0,0,0,0,0,0,0,0,0,0,0,0,0,0,0,0,0,0,0,0,0,0,0,0,0,0,0,0,0,0,0,0,0,0,0,0,0,0,0,0,0,0,0,0,0,0,0,0,0,0,0,0,0,0,0,0,0,0,0,0,0,0,0,0,0,0,0,0,0,0,0,0,0,0,0,0,0,0,0,0,0,0,0,0,0,0,0,0,0,0,0,0,0,0,0,0,0,0,0,0,0,0,0,0,0,0,0,0,0,0,0,0,0,0,0,0,0,0,0,0,0,0,0,0,0,0,0,0,0,0,0,0,0,0,0,0,0,0,0,0,0,0,0,0,0,0,0,0,0,0,0,0,0,0,0,0,0,0,0,0,0,0,0,0,0,0,0,0,0,0,0,0,0,0,0,0,0,0,0,0,0,0,0,0,0,0,0,0,0,0,0,0,0,0,0,0,0,0,0,0,0,0,0,0,0,0,0,0,0,0,0,0,0,0,0,0,0,0,0,0,0,0,0,0,0,0,0,0,0,0,0,0,0,0,0,0,0,0,0,0,0,0,0,0,0,0,0,0,0,0,0,0,0,0,0,0,0,0,0,0,0,0,0,0,0,0,0,0,0,0,0,0,0,0,0,0,0,0,0,0,0,0,0,0,0,0,0,0,0,0,0,0,0,0,0,0,0,0,0,0,0,0,0,0,0,0,0,0,0,0,0,0,0,0,0,0,0,0,0,0,0,0,0,0,0,0,0,0,0,0,0,0,0,0,0,0
"kilimanjaro/same/kisiwani",0,0,0,0,0,0,0,0,0,0,0,0,0,0,0,0,0,0,0,0,0,0,0,0,0,0,0,0,0,0,0,0,0,0,0,0,0,0,0,0,0,0,0,0,0,0,0,0,0,0,0,0,0,0,0,0,0,0,0,0,0,0,0,0,0,0,0,0,0,0,0,0,0,0,0,0,0,0,0,0,0,0,0,0,0,0,0,0,0,0,0,0,0,0,0,0,0,0,0,0,0,0,0,0,0,0,0,0,0,0,0,0,0,0,0,0,0,0,0,0,0,0,0,0,0,0,0,0,0,0,0,0,0,0,0,0,0,0,0,0,0,0,0,0,0,0,0,0,0,0,0,0,0,0,0,0,0,0,0,0,0,0,0,0,0,0,0,0,0,0,0,0,0,0,0,0,0,0,0,0,0,0,0,0,0,0,0,0,0,0,0,0,0,0,0,0,0,0,0,0,0,0,0,0,0,0,0,0,0,0,0,0,0,0,0,0,0,0,0,0,0,0,0,0,0,0,0,0,0,0,0,0,0,0,0,0,0,0,0,0,0,0,0,0,0,0,0,0,0,0,0,0,0,0,0,0,0,0,0,0,0,0,0,0,0,0,0,0,0,0,0,0,0,0,0,0,0,0,0,0,0,0,0,0,0,0,0,0,0,0,0,0,0,0,0,0,0,0,0,0,0,0,0,0,0,0,0,0,0,0,0,0,0,0,0,0,0,0,0,0,0,0,0,0,0,0,0,0,0,0,0,0,0,0,0,0,0,0,0,0,0,0,0,0,0,0,0,0,0,0,0,0,0,0,0,0,0,0,0,0,0,0,0,0,0,0,0,0,0,0,0,0,0,0,0,0,0,0,0,0,0,0,0,0,0,0,0,0,0,0,0,0,0,0,0,0,0,0
"arusha/arusha/kisongo",0,0,0,0,0,0,0,0,0,0,0,0,0,0,0,0,0,0,0,0,0,0,0,0,0,0,0,0,0,0,0,0,0,0,0,0,0,0,0,0,0,0,0,0,0,0,0,0,0,0,0,0,0,0,0,0,0,0,0,0,0,0,0,0,0,0,0,0,0,0,0,0,0,0,0,0,0,0,0,0,0,0,0,0,0,0,0,0,0,0,0,0,0,0,0,0,0,0,0,0,0,0,0,0,0,0,0,0,0,0,0,0,0,0,0,0,0,0,0,0,0,0,0,0,0,0,0,0,0,0,0,0,0,0,0,0,0,0,0,0,0,0,0,0,0,0,0,0,0,0,0,0,0,0,0,0,0,0,0,0,0,0,0,0,0,0,0,0,0,0,0,0,0,0,0,0,0,0,0,0,0,0,0,0,0,0,0,0,0,0,0,0,0,0,0,0,0,0,0,0,0,0,0,0,0,0,0,0,0,0,0,0,0,0,0,0,0,0,0,0,0,0,0,0,0,0,0,0,0,0,0,0,0,0,0,0,0,0,0,0,0,0,0,0,0,0,0,0,0,0,0,0,0,0,0,0,0,0,0,0,0,0,0,0,0,0,0,0,0,0,0,0,0,0,0,0,0,0,0,0,0,0,0,0,0,0,0,0,0,0,0,0,0,0,0,0,0,0,0,0,0,0,0,0,0,0,0,0,0,0,0,0,0,0,0,0,0,0,0,0,0,0,0,0,0,0,0,0,0,0,0,0,0,0,0,0,0,0,0,0,0,0,0,0,0,0,0,0,0,0,0,0,0,0,0,0,0,0,0,0,0,0,0,0,0,0,0,0,0,0,0,0,0,0,0,0,0,0,0,0,0,0,0,0,0,0,0,0,0,0,0,0,0,0,0,0,0,0
"kilimanjaro/rombo/kitirimakingachi",0,0,0,0,0,0,0,0,0,0,0,0,0,0,0,0,0,0,0,0,0,0,0,0,0,0,0,0,0,0,0,0,0,0,0,0,0,0,0,0,0,0,0,0,0,0,0,0,0,0,0,0,0,0,0,0,0,0,0,0,0,0,0,0,0,0,0,0,0,0,0,0,0,0,0,0,0,0,0,0,0,0,0,0,0,0,0,0,0,0,0,0,0,0,0,0,0,0,0,0,0,0,0,0,0,0,0,0,0,0,0,0,0,0,0,0,0,0,0,0,0,0,0,0,0,0,0,0,0,0,0,0,0,0,0,0,0,0,0,0,0,0,0,0,0,0,0,0,0,0,0,0,0,0,0,0,0,0,0,0,0,0,0,0,0,0,0,0,0,0,0,0,0,0,0,0,0,0,0,0,0,0,0,0,0,0,0,0,0,0,0,0,0,0,0,0,0,0,0,0,0,0,0,0,0,0,0,0,0,0,0,0,0,0,0,0,0,0,0,0,0,0,0,0,0,0,0,0,0,0,0,0,0,0,0,0,0,0,0,0,0,0,0,0,0,0,0,0,0,0,0,0,0,0,0,0,0,0,0,0,0,0,0,0,0,0,0,0,0,0,0,0,0,0,0,0,0,0,0,0,0,0,0,0,0,0,0,0,0,0,0,0,0,0,0,0,0,0,0,0,0,0,0,0,0,0,0,0,0,0,0,0,0,0,0,0,0,0,0,0,0,0,0,0,0,0,0,0,0,0,0,0,0,0,0,0,0,0,0,0,0,0,0,0,0,0,0,0,0,0,0,0,0,0,0,0,0,0,0,0,0,0,0,0,0,0,0,0,0,0,0,0,0,0,0,0,0,0,0,0,0,0,0,0,0,0,0,0,0,0,0,0,0,0,0,0,0,0
"arusha/longido/kitumbeine",0,0,0,0,0,0,0,0,0,0,0,0,0,0,0,0,0,0,0,0,0,0,0,0,0,0,0,0,0,0,0,0,0,0,0,0,0,0,0,0,0,0,0,0,0,0,0,0,0,0,0,0,0,0,0,0,0,0,0,0,0,0,0,0,0,0,0,0,0,0,0,0,0,0,0,0,0,0,0,0,0,0,0,0,0,0,0,0,0,0,0,0,0,0,0,0,0,0,0,0,0,0,0,0,0,0,0,0,0,0,0,0,0,0,0,0,0,0,0,0,0,0,0,0,0,0,0,0,0,0,0,0,0,0,0,0,0,0,0,0,0,0,0,0,0,0,0,0,0,0,0,0,0,0,0,0,0,0,0,0,0,0,0,0,0,0,0,0,0,0,0,0,0,0,0,0,0,0,0,0,0,0,0,0,0,0,0,0,0,0,0,0,0,0,0,0,0,0,0,0,0,0,0,0,0,0,0,0,0,0,0,0,0,0,0,0,0,0,0,0,0,0,0,0,0,0,0,0,0,0,0,0,0,0,0,0,0,0,0,0,0,0,0,0,0,0,0,0,0,0,0,0,0,0,0,0,0,0,0,0,0,0,0,0,0,0,0,0,0,0,0,0,0,0,0,0,0,0,0,0,0,0,0,0,0,0,0,0,0,0,0,0,0,0,0,0,0,0,0,0,0,0,0,0,0,0,0,0,0,0,0,0,0,0,0,0,0,0,0,0,0,0,0,0,0,0,0,0,0,0,0,0,0,0,0,0,0,0,0,0,0,0,0,0,0,0,0,0,0,0,0,0,0,0,0,0,0,0,0,0,0,0,0,0,0,0,0,0,0,0,0,0,0,0,0,0,0,0,0,0,0,0,0,0,0,0,0,0,0,0,0,0,0,0,0,0,0,0
"manyara/simanjiro/kitwai",0,0,0,0,0,0,0,0,0,0,0,0,0,0,0,0,0,0,0,0,0,0,0,0,0,0,0,0,0,0,0,0,0,0,0,0,0,0,0,0,0,0,0,0,0,0,0,0,0,0,0,0,0,0,0,0,0,0,0,0,0,0,0,0,0,0,0,0,0,0,0,0,0,0,0,0,0,0,0,0,0,0,0,0,0,0,0,0,0,0,0,0,0,0,0,0,0,0,0,0,0,0,0,0,0,0,0,0,0,0,0,0,0,0,0,0,0,0,0,0,0,0,0,0,0,0,0,0,0,0,0,0,0,0,0,0,0,0,0,0,0,0,0,0,0,0,0,0,0,0,0,0,0,0,0,0,0,0,0,0,0,0,0,0,0,0,0,0,0,0,0,0,0,0,0,0,0,0,0,0,0,0,0,0,0,0,0,0,0,0,0,0,0,0,0,0,0,0,0,0,0,0,0,0,0,0,0,0,0,0,0,0,0,0,0,0,0,0,0,0,0,0,0,0,0,0,0,0,0,0,0,0,0,0,0,0,0,0,0,0,0,0,0,0,0,0,0,0,0,0,0,0,0,0,0,0,0,0,0,0,0,0,0,0,0,0,0,0,0,0,0,0,0,0,0,0,0,0,0,0,0,0,0,0,0,0,0,0,0,0,0,0,0,0,0,0,0,0,0,0,0,0,0,0,0,0,0,0,0,0,0,0,0,0,0,0,0,0,0,0,0,0,0,0,0,0,0,0,0,0,0,0,0,0,0,0,0,0,0,0,0,0,0,0,0,0,0,0,0,0,0,0,0,0,0,0,0,0,0,0,0,0,0,0,0,0,0,0,0,0,0,0,0,0,0,0,0,0,0,0,0,0,0,0,0,0,0,0,0,0,0,0,0,0,0,0,0,0
"kilimanjaro/moshimunicipal/kiusa",2e-06,0,2e-06,0,0,0.000134,0,0,0,1e-06,0,0,1e-06,1.6e-05,0,0,0,0,0,0,0,5e-06,0,6.4e-05,0,6.3e-05,0,0,0,0,9e-06,0,0,0,0,0,1e-06,0,0,0,0,0,1e-06,0,0,0,0,0.000269,6e-06,0,0,0,0,0,0,0,1e-06,0,2e-06,3e-06,1e-06,1e-06,4e-06,0,0,9e-06,2e-06,0,0,1e-06,0,0,1e-06,0,0,1e-06,0,0,0,0,0,0,0,0,0,0,0.000872,0,0,7e-06,0,0,0.000475,8e-06,0,0,2.6e-05,0,0.000438,9.3e-05,0,0,2e-06,2e-06,0.000253,8.9e-05,0,0.001593,5e-06,1e-06,2e-05,0.00016,0,0,3e-06,2e-06,0.000173,0,0.00496,5.7e-05,2.6e-05,0.001287,1e-06,2e-06,0,1e-06,1e-06,0.000209,1e-05,5e-06,4e-06,8.2e-05,0.000109,0.000929,0,8e-06,0,0.000236,3.1e-05,0.000699,1.7e-05,0,2e-06,6.2e-05,2e-06,2.8e-05,0,0.000469,0.00037,9.2e-05,2e-06,0,2e-06,0,6e-06,3.7e-05,3e-06,0,0,0,1.1e-05,6e-06,5.4e-05,1e-06,0,0,1.2e-05,5e-06,1.4e-05,3e-06,0,3e-06,0.000203,3e-06,5e-06,1e-06,5e-06,0,0.002199,1e-06,0,0,5e-06,6.8e-05,0.001,0.104221,1e-06,3e-06,0.00095,0.000158,0.000131,0,0,0,1e-06,0,2e-06,0,0.005175,0,7.1e-05,0,3e-06,0,0.000162,5e-06,0.001136,2e-06,1e-06,3e-06,3e-06,0,0.000232,1e-06,0,1e-06,0,0.000725,2.4e-05,0.000132,0,0,0,2e-06,0.000526,7e-06,0.00058,1e-05,0,0,0,0,7e-06,1.7e-05,0,2.1e-05,1.3e-05,7e-06,0,1e-06,9e-06,9.5e-05,4.6e-05,0.000269,0,8.5e-05,0.000204,1.4e-05,0,1e-06,7e-05,2.1e-05,0,2.2e-05,3.6e-05,2e-06,2e-06,4e-06,3.1e-05,0,0,1.5e-05,0,0,1e-06,0,0,1.2e-05,0,0,1.3e-05,0.000123,1e-06,0,0.000999,5e-06,2e-06,4e-06,0,0,5e-06,0,0.000126,0,0,0,0,3e-06,0,1e-06,0,6e-06,0,8.5e-05,0.000356,1.5e-05,3.4e-05,0,8e-06,0,1e-06,0,0.000128,3e-06,0,2e-06,2e-06,0,0,4e-06,1e-05,0,0,1.2e-05,8.3e-05,0,0,4.4e-05,0.000349,1.4e-05,2e-06,2e-05,3.5e-05,3.6e-05,0.000108,1e-06,1e-06,1e-06,0,4e-06,8e-06,2e-06,0.000103,3e-06,3e-06,0,0.000266,0,9.2e-05,0,0,4.1e-05,0,0,1.3e-05,1e-06,0,9e-06,1.5e-05,0,0,5.3e-05,1e-06,9e-05,1e-06,2e-06,1e-05,3e-06,3e-06,0.00072,0,0,0,0,0,6.8e-05,1e-05,3.1e-05,0,1.1e-05,0.000739,0,0,0,2e-06,3e-06,1e-06,0,3.2e-05,0,0,0,0.000584,0,0,1e-06,5e-06,0.002165,0.000199,5e-06,4.8e-05,2e-06,0,0,0,0,0,0
"kilimanjaro/mwanga/kivisini",0,0,0,0,0,0,0,0,0,0,0,0,0,0,0,0,0,0,0,0,0,0,0,0,0,0,0,0,0,0,0,0,0,0,0,0,0,0,0,0,0,0,0,0,0,0,0,0,0,0,0,0,0,0,0,0,0,0,0,0,0,0,0,0,0,0,0,0,0,0,0,0,0,0,0,0,0,0,0,0,0,0,0,0,0,0,0,0,0,0,0,0,0,0,0,0,0,0,0,0,0,0,0,0,0,0,0,0,0,0,0,0,0,0,0,0,0,0,0,0,0,0,0,0,0,0,0,0,0,0,0,0,0,0,0,0,0,0,0,0,0,0,0,0,0,0,0,0,0,0,0,0,0,0,0,0,0,0,0,0,0,0,0,0,0,0,0,0,0,0,0,0,0,0,0,0,0,0,0,0,0,0,0,0,0,0,0,0,0,0,0,0,0,0,0,0,0,0,0,0,0,0,0,0,0,0,0,0,0,0,0,0,0,0,0,0,0,0,0,0,0,0,0,0,0,0,0,0,0,0,0,0,0,0,0,0,0,0,0,0,0,0,0,0,0,0,0,0,0,0,0,0,0,0,0,0,0,0,0,0,0,0,0,0,0,0,0,0,0,0,0,0,0,0,0,0,0,0,0,0,0,0,0,0,0,0,0,0,0,0,0,0,0,0,0,0,0,0,0,0,0,0,0,0,0,0,0,0,0,0,0,0,0,0,0,0,0,0,0,0,0,0,0,0,0,0,0,0,0,0,0,0,0,0,0,0,0,0,0,0,0,0,0,0,0,0,0,0,0,0,0,0,0,0,0,0,0,0,0,0,0,0,0,0,0,0,0,0,0,0,0,0,0,0,0,0,0,0,0,0,0,0,0,0,0,0,0,0,0,0,0,0,0,0,0,0,0,0
"manyara/simanjiro/komolo",0.000265,1e-05,1.4e-05,6.2e-05,3e-06,0.001131,1e-06,1e-06,3e-06,0.000881,1.3e-05,1e-06,0.000167,0.002948,6e-05,4e-06,3e-06,1.4e-05,2e-06,7e-06,9e-06,0.000138,3e-06,1.8e-05,9e-06,5e-06,6e-06,4e-06,2e-06,1.4e-05,0.002059,8e-06,6e-06,1.1e-05,1.6e-05,5e-06,0.00028,0.000136,1e-05,7.2e-05,2e-06,2e-06,0.000298,8.1e-05,5e-05,3e-06,3e-05,0.059745,0.024403,6e-06,3e-06,3e-06,5e-06,2e-06,0.000105,1e-06,7.3e-05,1.8e-05,0.001008,0.00128,0.000158,0.000363,0.000415,2.4e-05,0,0.002317,0.000518,1e-06,9.2e-05,0.00182,3e-06,0,2.7e-05,4.5e-05,7e-06,0.000216,2.3e-05,1e-06,1e-06,1e-06,1e-06,1.3e-05,2e-06,2e-06,5e-06,2e-06,0.007805,1e-06,5.3e-05,0.001843,1e-06,2e-06,0.004227,0.00106,1.3e-05,0.000155,0.000329,6e-06,0.003094,0.00065,2e-06,2e-06,0.000275,0.000403,8.9e-05,0.001749,3e-06,0.000577,0.000203,0.000576,0.00023,0.0011,4.9e-05,1e-05,1.7e-05,1.3e-05,0.003351,7e-06,0.002941,0.000226,0.000131,0.004328,1.6e-05,6.5e-05,6e-06,0.000118,0.000341,0.015429,0.001472,1.6e-05,1.3e-05,0.000535,0.001202,0.000127,5e-06,0.001564,7e-05,0.000331,0.002345,0.000889,0.000549,7e-06,0.00049,7.9e-05,2.1e-05,9e-04,6e-06,0.001258,0.000924,0.000315,1.1e-05,2e-05,1.7e-05,1.9e-05,0.000501,0.013041,4.3e-05,3.7e-05,8.8e-05,0.044874,0.000166,0,8e-06,4.4e-05,1e-06,1e-06,0.000326,0.000229,0.003503,0.000119,0.000103,0.002124,0.04313,0.000725,7.5e-05,0.002812,0.012633,7e-06,0.000887,0.00022,4e-06,1.2e-05,0.001105,0.000173,0.004984,0.114312,8e-06,1.7e-05,0.002819,0.000828,0.000292,2.5e-05,7e-05,3e-06,0.00083,1.2e-05,1.4e-05,5e-06,0.001042,3e-06,0.004919,0.00032,0.000708,3.1e-05,0.00102,0.000127,0.007933,0.001813,0.00014,1.7e-05,1.6e-05,3.1e-05,0.002122,6e-06,1e-06,0.000118,2e-06,0.007832,9.5e-05,0.000601,3e-06,3e-05,2e-06,2e-05,0.003868,7.5e-05,0.004266,5.6e-05,1e-05,1e-06,1e-06,3e-06,0.000952,0.006831,3.8e-05,1e-06,2.1e-05,0.001786,0.000205,1.1e-05,0.000991,0.054669,8e-06,0.022519,8e-06,1.7e-05,5.8e-05,0.002941,2e-06,0.00043,0.013756,0.006614,2.3e-05,0.004736,0.000439,0.000275,1.4e-05,9e-05,1.3e-05,1e-05,7e-06,0.000665,8e-06,8e-06,0.000685,2.3e-05,4e-06,0.003592,3e-06,0.000182,0.002701,0.002748,1.4e-05,1.2e-05,0.006348,3.1e-05,0.000295,0.008001,4e-06,3.5e-05,0.000366,3e-06,0.008853,9e-06,9e-06,9e-06,1e-06,3e-05,4e-06,1.7e-05,8.1e-05,0.000133,2.2e-05,0.018324,0.000225,3e-04,0.003247,7.6e-05,0.00099,9.5e-05,5e-06,5e-06,1.6e-05,0.000219,1.2e-05,0.002622,0.000337,4.2e-05,2.5e-05,1.6e-05,0.004437,6.1e-05,2.8e-05,1.3e-05,0.000131,2e-06,7e-06,0.005645,0.002936,0.012341,0.003049,0.003329,0.000559,0.001056,0.028677,0.000148,0.000193,0.000131,1.6e-05,0.000875,0.001397,0.000483,0.011966,0.000452,0.00249,1.3e-05,8.4e-05,2.5e-05,0.010772,4.2e-05,3e-06,1.3e-05,4e-06,5e-06,0.002395,0.000217,4.4e-05,0.001194,0.001525,5.9e-05,1e-06,0.001068,0.000134,0.018085,0.000621,0.001103,0.008719,8.2e-05,2.2e-05,0.000247,4e-06,2e-06,4e-06,1e-06,1.1e-05,0.01131,0.003878,0.007766,1.1e-05,0.000997,9.1e-05,4e-06,1.1e-05,2.4e-05,2.3e-05,0.001196,0.009012,3e-05,0.002146,2e-06,6e-06,2e-06,0.005624,2e-05,1e-06,0.000329,1.5e-05,0.002035,0.000341,1.1e-05,0.0053,1e-05,1.1e-05,1.8e-05,4e-06,4e-06,2e-06,1e-06
"kilimanjaro/moshimunicipal/korongoni",0,0,0,0,0,0,0,0,0,0,0,0,0,0,0,0,0,0,0,0,0,0,0,0,0,0,0,0,0,0,0,0,0,0,0,0,0,0,0,0,0,0,0,0,0,0,0,0,0,0,0,0,0,0,0,0,0,0,0,0,0,0,0,0,0,0,0,0,0,0,0,0,0,0,0,0,0,0,0,0,0,0,0,0,0,0,0,0,0,0,0,0,0,0,0,0,0,0,0,0,0,0,0,0,0,0,0,0,0,0,0,0,0,0,0,0,0,0,0,0,0,0,0,0,0,0,0,0,0,0,0,0,0,0,0,0,0,0,0,0,0,0,0,0,0,0,0,0,0,0,0,0,0,0,0,0,0,0,0,0,0,0,0,0,0,0,0,0,0,0,0,0,0,0,0,0,0,0,0,0,0,0,0,0,0,0,0,0,0,0,0,0,0,0,0,0,0,0,0,0,0,0,0,0,0,0,0,0,0,0,0,0,0,0,0,0,0,0,0,0,0,0,0,0,0,0,0,0,0,0,0,0,0,0,0,0,0,0,0,0,0,0,0,0,0,0,0,0,0,0,0,0,0,0,0,0,0,0,0,0,0,0,0,0,0,0,0,0,0,0,0,0,0,0,0,0,0,0,0,0,0,0,0,0,0,0,0,0,0,0,0,0,0,0,0,0,0,0,0,0,0,0,0,0,0,0,0,0,0,0,0,0,0,0,0,0,0,0,0,0,0,0,0,0,0,0,0,0,0,0,0,0,0,0,0,0,0,0,0,0,0,0,0,0,0,0,0,0,0,0,0,0,0,0,0,0,0,0,0,0,0,0,0,0,0,0,0,0,0,0,0,0,0,0,0,0,0,0,0,0,0,0,0,0,0,0,0,0,0,0,0,0,0,0,0,0,0,0
"kilimanjaro/mwanga/kwakoa",0,0,0,0,0,0,0,0,0,0,0,0,0,0,0,0,0,0,0,0,0,0,0,0,0,0,0,0,0,0,0,0,0,0,0,0,0,0,0,0,0,0,0,0,0,0,0,0,0,0,0,0,0,0,0,0,0,0,0,0,0,0,0,0,0,0,0,0,0,0,0,0,0,0,0,0,0,0,0,0,0,0,0,0,0,0,0,0,0,0,0,0,0,0,0,0,0,0,0,0,0,0,0,0,0,0,0,0,0,0,0,0,0,0,0,0,0,0,0,0,0,0,0,0,0,0,0,0,0,0,0,0,0,0,0,0,0,0,0,0,0,0,0,0,0,0,0,0,0,0,0,0,0,0,0,0,0,0,0,0,0,0,0,0,0,0,0,0,0,0,0,0,0,0,0,0,0,0,0,0,0,0,0,0,0,0,0,0,0,0,0,0,0,0,0,0,0,0,0,0,0,0,0,0,0,0,0,0,0,0,0,0,0,0,0,0,0,0,0,0,0,0,0,0,0,0,0,0,0,0,0,0,0,0,0,0,0,0,0,0,0,0,0,0,0,0,0,0,0,0,0,0,0,0,0,0,0,0,0,0,0,0,0,0,0,0,0,0,0,0,0,0,0,0,0,0,0,0,0,0,0,0,0,0,0,0,0,0,0,0,0,0,0,0,0,0,0,0,0,0,0,0,0,0,0,0,0,0,0,0,0,0,0,0,0,0,0,0,0,0,0,0,0,0,0,0,0,0,0,0,0,0,0,0,0,0,0,0,0,0,0,0,0,0,0,0,0,0,0,0,0,0,0,0,0,0,0,0,0,0,0,0,0,0,0,0,0,0,0,0,0,0,0,0,0,0,0,0,0,0,0,0,0,0,0,0,0,0,0,0,0,0,0,0,0,0,0,0
"manyara/hanang/laghanga",1.2e-05,6e-06,2e-06,4.7e-05,1.3e-05,6.3e-05,3e-06,3e-06,8e-06,0.001274,2.8e-05,6.5e-05,9e-06,0.000133,0.000314,8e-06,2.4e-05,0.000171,0.000187,0.002038,2e-06,1e-05,8e-06,1e-06,1e-06,0,1.2e-05,3e-06,1e-06,2e-06,4.5e-05,5e-06,1e-06,1e-06,1.9e-05,8.1e-05,1.3e-05,0.000887,1.8e-05,4.1e-05,2.5e-05,2.6e-05,0.000172,0.000719,3.6e-05,1.3e-05,6e-06,0.003095,0.000508,7e-06,7e-06,5e-06,4e-06,4e-05,0.000935,1.5e-05,2e-06,5e-06,6e-05,0.001958,4.3e-05,0.000112,5.9e-05,1.4e-05,0,8.7e-05,4.3e-05,1.8e-05,2.9e-05,0.000492,2e-06,1e-05,2e-06,6.3e-05,0.001486,7.6e-05,9e-06,5.2e-05,0.00017,6.7e-05,7e-06,5.7e-05,2.2e-05,2.8e-05,9.7e-05,5e-06,0.000445,5.4e-05,0.0021,0.00028,1.2e-05,0.000149,0.000462,6.7e-05,3e-06,0.000371,2.7e-05,1e-06,0.000208,5.2e-05,5e-06,6e-06,5.3e-05,2e-05,6e-06,0.000273,4e-06,4.1e-05,1.6e-05,0.000375,1.9e-05,0.000134,0.001602,0,2e-06,2e-06,0.000157,3e-06,0.000234,2.2e-05,1.1e-05,0.000413,1e-06,6e-06,1e-06,2.2e-05,0.000116,0.000732,4.8e-05,2e-06,1e-06,4.9e-05,1e-04,9e-06,0,7.2e-05,4e-06,2.8e-05,0.000515,6.7e-05,2.9e-05,1e-06,2.5e-05,6e-06,3e-06,8.1e-05,1.6e-05,0.000104,8.6e-05,2.9e-05,1e-06,1e-06,2e-06,2e-06,8.2e-05,0.000777,6e-06,8e-06,1.1e-05,0.003386,1.5e-05,0.000287,1e-06,4e-06,0,5.1e-05,2e-05,1.5e-05,0.000143,9e-06,4.1e-05,0.000286,0.002152,3.9e-05,7e-06,0.000112,0.000618,1e-06,6.7e-05,5.9e-05,1e-06,9e-06,0.000159,1.1e-05,0.000426,0.008128,1e-06,2e-06,0.000215,6.4e-05,1.8e-05,0.000151,5.9e-05,6.8e-05,0.00041,7e-06,2e-06,7e-06,7.9e-05,1e-06,0.000241,4.3e-05,8.5e-05,1e-06,0.000119,9e-06,0.000762,0.000268,9.9e-05,2e-06,2e-06,9e-06,0.00025,1e-06,3e-06,2.2e-05,3e-06,0.001113,1e-05,6.1e-05,5.8e-05,1e-06,1.4e-05,2e-06,0.000253,6e-06,0.000362,3e-06,2.7e-05,1.9e-05,9e-06,1.3e-05,0.000348,0.000286,2.7e-05,0,2e-06,4.4e-05,7.8e-05,1e-06,2.6e-05,0.002882,1e-06,0.0019,1e-06,1e-06,4e-06,0.000105,0.000116,1.3e-05,0.000704,0.000801,2e-06,0.00019,5.9e-05,4.2e-05,2e-06,8e-06,1e-06,1e-06,1e-06,2.9e-05,1e-06,1e-06,0.000273,6e-06,1.1e-05,0.000246,3e-06,6.8e-05,0.000207,0.000199,1e-06,1e-06,0.000665,3e-06,4.9e-05,0.000117,6e-06,1.7e-05,1.1e-05,2e-06,0.002048,2.2e-05,4e-06,1.2e-05,1.7e-05,4e-06,4.8e-05,1e-06,1.7e-05,1.6e-05,4e-06,0.00055,1.8e-05,3e-05,0.000249,4e-06,4.1e-05,9.3e-05,1e-06,0,1e-06,1.8e-05,5e-06,0.000897,1.6e-05,2e-06,1e-06,2e-06,0.000209,5.5e-05,1.7e-05,1e-06,1.2e-05,2e-06,4e-06,0.000506,0.000384,0.000286,3.3e-05,0.000254,3.4e-05,0.000157,0.001757,0.000108,0.000128,6e-06,1.2e-05,4.8e-05,7.3e-05,3.1e-05,0.002135,0.000281,0.000133,5e-06,6e-06,1.2e-05,0.000501,1.4e-05,2e-06,1e-06,2e-06,1.9e-05,0.000184,3.7e-05,2.6e-05,8.2e-05,0.000135,3.6e-05,3e-06,8.3e-05,6e-06,0.000875,0.000138,9.1e-05,0.000104,7e-06,3e-06,1.7e-05,1e-05,1.5e-05,8e-06,8e-06,8e-06,0.000571,0.000162,0.000361,7e-06,5.8e-05,7e-06,0,2e-06,1.2e-05,3e-06,3.8e-05,3.8e-05,1e-06,0.000317,6e-06,1e-06,1.4e-05,0.000775,0.000579,2e-06,1.5e-05,1e-06,0.000166,3.1e-05,1e-06,0.000224,1e-06,1e-06,3e-06,0,1e-06,1.3e-05,1e-05
"manyara/hanang/lalaji",0,0,0,0,0,0,0,0,0,0,0,0,0,0,0,0,0,0,0,0,0,0,0,0,0,0,0,0,0,0,0,0,0,0,0,0,0,0,0,0,0,0,0,0,0,0,0,0,0,0,0,0,0,0,0,0,0,0,0,0,0,0,0,0,0,0,0,0,0,0,0,0,0,0,0,0,0,0,0,0,0,0,0,0,0,0,0,0,0,0,0,0,0,0,0,0,0,0,0,0,0,0,0,0,0,0,0,0,0,0,0,0,0,0,0,0,0,0,0,0,0,0,0,0,0,0,0,0,0,0,0,0,0,0,0,0,0,0,0,0,0,0,0,0,0,0,0,0,0,0,0,0,0,0,0,0,0,0,0,0,0,0,0,0,0,0,0,0,0,0,0,0,0,0,0,0,0,0,0,0,0,0,0,0,0,0,0,0,0,0,0,0,0,0,0,0,0,0,0,0,0,0,0,0,0,0,0,0,0,0,0,0,0,0,0,0,0,0,0,0,0,0,0,0,0,0,0,0,0,0,0,0,0,0,0,0,0,0,0,0,0,0,0,0,0,0,0,0,0,0,0,0,0,0,0,0,0,0,0,0,0,0,0,0,0,0,0,0,0,0,0,0,0,0,0,0,0,0,0,0,0,0,0,0,0,0,0,0,0,0,0,0,0,0,0,0,0,0,0,0,0,0,0,0,0,0,0,0,0,0,0,0,0,0,0,0,0,0,0,0,0,0,0,0,0,0,0,0,0,0,0,0,0,0,0,0,0,0,0,0,0,0,0,0,0,0,0,0,0,0,0,0,0,0,0,0,0,0,0,0,0,0,0,0,0,0,0,0,0,0,0,0,0,0,0,0,0,0,0,0,0,0,0,0,0,0,0,0,0,0,0,0,0,0,0,0,0,0
"kilimanjaro/mwanga/langata",0,0,0,0,0,0,0,0,0,0,0,0,0,0,0,0,0,0,0,0,0,0,0,0,0,0,0,0,0,0,0,0,0,0,0,0,0,0,0,0,0,0,0,0,0,0,0,0,0,0,0,0,0,0,0,0,0,0,0,0,0,0,0,0,0,0,0,0,0,0,0,0,0,0,0,0,0,0,0,0,0,0,0,0,0,0,0,0,0,0,0,0,0,0,0,0,0,0,0,0,0,0,0,0,0,0,0,0,0,0,0,0,0,0,0,0,0,0,0,0,0,0,0,0,0,0,0,0,0,0,0,0,0,0,0,0,0,0,0,0,0,0,0,0,0,0,0,0,0,0,0,0,0,0,0,0,0,0,0,0,0,0,0,0,0,0,0,0,0,0,0,0,0,0,0,0,0,0,0,0,0,0,0,0,0,0,0,0,0,0,0,0,0,0,0,0,0,0,0,0,0,0,0,0,0,0,0,0,0,0,0,0,0,0,0,0,0,0,0,0,0,0,0,0,0,0,0,0,0,0,0,0,0,0,0,0,0,0,0,0,0,0,0,0,0,0,0,0,0,0,0,0,0,0,0,0,0,0,0,0,0,0,0,0,0,0,0,0,0,0,0,0,0,0,0,0,0,0,0,0,0,0,0,0,0,0,0,0,0,0,0,0,0,0,0,0,0,0,0,0,0,0,0,0,0,0,0,0,0,0,0,0,0,0,0,0,0,0,0,0,0,0,0,0,0,0,0,0,0,0,0,0,0,0,0,0,0,0,0,0,0,0,0,0,0,0,0,0,0,0,0,0,0,0,0,0,0,0,0,0,0,0,0,0,0,0,0,0,0,0,0,0,0,0,0,0,0,0,0,0,0,0,0,0,0,0,0,0,0,0,0,0,0,0,0,0,0,0
"arusha/meru/leguruki",0,0,0,0,0,0,0,0,0,0,0,0,0,0,0,0,0,0,0,0,0,0,0,0,0,0,0,0,0,0,0,0,0,0,0,0,0,0,0,0,0,0,0,0,0,0,0,0,0,0,0,0,0,0,0,0,0,0,0,0,0,0,0,0,0,0,0,0,0,0,0,0,0,0,0,0,0,0,0,0,0,0,0,0,0,0,0,0,0,0,0,0,0,0,0,0,0,0,0,0,0,0,0,0,0,0,0,0,0,0,0,0,0,0,0,0,0,0,0,0,0,0,0,0,0,0,0,0,0,0,0,0,0,0,0,0,0,0,0,0,0,0,0,0,0,0,0,0,0,0,0,0,0,0,0,0,0,0,0,0,0,0,0,0,0,0,0,0,0,0,0,0,0,0,0,0,0,0,0,0,0,0,0,0,0,0,0,0,0,0,0,0,0,0,0,0,0,0,0,0,0,0,0,0,0,0,0,0,0,0,0,0,0,0,0,0,0,0,0,0,0,0,0,0,0,0,0,0,0,0,0,0,0,0,0,0,0,0,0,0,0,0,0,0,0,0,0,0,0,0,0,0,0,0,0,0,0,0,0,0,0,0,0,0,0,0,0,0,0,0,0,0,0,0,0,0,0,0,0,0,0,0,0,0,0,0,0,0,0,0,0,0,0,0,0,0,0,0,0,0,0,0,0,0,0,0,0,0,0,0,0,0,0,0,0,0,0,0,0,0,0,0,0,0,0,0,0,0,0,0,0,0,0,0,0,0,0,0,0,0,0,0,0,0,0,0,0,0,0,0,0,0,0,0,0,0,0,0,0,0,0,0,0,0,0,0,0,0,0,0,0,0,0,0,0,0,0,0,0,0,0,0,0,0,0,0,0,0,0,0,0,0,0,0,0,0,0,0
"arusha/arushaurban/lemara",4.4e-05,0,0,0,0,8e-06,0,0,0,2e-06,0,0,2.9e-05,0.001142,0,0,0,0,0,0,0,2e-06,0,0,0,0,0,0,0,0,8.2e-05,0,0,0,0,0,0.000217,0,0,1e-06,0,0,1e-06,0,0,0,1e-06,0.02077,2e-05,0,0,0,0,0,0,0,1e-06,0,1e-06,5e-06,2e-06,3e-06,1.2e-05,0,0,0.002307,1.9e-05,0,1e-06,2e-06,0,0,1e-06,0,0,2e-06,0,0,0,0,0,0,0,0,0,0,0.000116,0,0,3e-06,0,0,3e-05,0.000114,0,1e-06,6e-06,0,2e-05,4e-06,0,0,1e-06,0.000167,1e-06,2.4e-05,0,6e-06,7e-06,3e-06,4e-06,1.1e-05,0,5e-06,0,0,5e-05,0,2.8e-05,3e-06,1e-06,5.2e-05,0,0,0,0,0,0.000366,6.4e-05,0,0,3e-06,7e-06,1e-06,0,0.000769,1.2e-05,3e-06,3.9e-05,1.1e-05,1.5e-05,0,0.000143,1e-06,0,4e-06,0,1e-05,8e-06,3e-06,0,0,0,0,2e-06,0.000779,0,0,0,0.000467,1e-06,1.6e-05,0,0,0,0,2e-06,9e-06,0,0,0,1.9e-05,0.019591,1e-06,1e-06,1e-06,2.3e-05,0,1e-05,0,0,0,3e-06,1e-06,7.3e-05,0.002248,0,0,3.8e-05,1.3e-05,3e-06,0,0,0,1e-06,0,0,0,1e-05,0,0.000242,0,1e-06,1e-06,9e-06,3e-06,5.6e-05,1e-05,1e-06,0,0,0,1.6e-05,0,0,0,0,6.7e-05,1e-06,5e-06,0,1e-06,0,0,6.2e-05,1e-06,6.9e-05,1e-06,0,0,0,0,1.1e-05,0.000747,0,0,0,2.2e-05,1e-06,0,1e-05,0.000816,0,5.7e-05,0,0,1e-06,0.000521,0,1.1e-05,0.004442,0.00014,1e-06,0.002828,6e-06,1e-06,0,0,0,0,0,2e-06,0,0,3e-06,0,0,0.000219,0,0,0.000177,1.3e-05,0,0,4.9e-05,0,1e-06,4e-06,0,0,2e-06,0,0.00014,0,0,0,0,0,0,0,0,3e-06,0,0.001082,2e-06,6e-06,0.000112,3.1e-05,3e-06,1e-06,0,0,0,1e-06,0,7e-06,6.9e-05,3e-06,4e-06,0,0.000659,0,0,0,1e-06,0,0,0.000193,2.8e-05,0.000247,1.1e-05,0.000246,1.1e-05,1.8e-05,0.003001,1e-06,1e-06,0.000104,0,0.000167,0.000334,5.4e-05,0.000182,3e-06,2e-06,0,1e-06,0,0.001147,0,0,0,0,0,5e-06,0,0,0.00011,4e-06,0,0,2.5e-05,1.7e-05,0.008634,5e-06,2.1e-05,1.4e-05,0,0,3e-06,0,0,0,0,0,0.002947,0.004047,0.003831,0,7.5e-05,1e-06,0,0,0,0,0.000173,3e-06,3.4e-05,3.3e-05,0,0,0,5.4e-05,0,0,0.000186,0,2.2e-05,4e-06,0,0.000383,0,0,0,0,0,0,0
"kilimanjaro/mwanga/lembeni",3e-06,0,2e-06,1e-06,0,0.000203,0,0,0,4e-06,0,0,2e-06,2.6e-05,1e-06,0,0,0,0,0,1e-06,3e-06,0,2e-06,1e-06,1e-06,0,0,0,1e-06,1.8e-05,0,1e-06,3.9e-05,0,0,2e-06,1e-06,0,1e-06,0,0,3e-06,0,0,0,0,0.000469,2.2e-05,0,0,0,0,0,0,0,1e-06,0,2.4e-05,1.1e-05,2e-06,3e-06,6e-06,0,0,1.6e-05,3e-06,0,0,3e-06,0,0,1e-06,0,0,2e-06,0,0,0,0,0,0,0,0,0,0,0.000373,0,0,0.00011,0,0,0.001208,1.2e-05,0,1e-06,1.4e-05,6e-06,0.000939,0.000241,0,0,2.9e-05,3e-06,1.1e-05,9.1e-05,0,5.5e-05,5e-06,3e-06,1e-05,0.000129,0,0,2e-06,2e-06,0.000125,0,0.00038,1.8e-05,7e-06,0.000373,2.5e-05,0.000169,9e-06,1.1e-05,4e-06,0.000215,1.6e-05,2e-06,2e-06,9.1e-05,0.000682,1.3e-05,1.8e-05,1.3e-05,1e-06,4.8e-05,5.2e-05,7.3e-05,1.4e-05,1e-06,4e-06,7e-06,3e-06,0.002077,0,0.000257,0.00014,6.3e-05,1e-06,2.9e-05,2e-06,5e-06,0.000103,7.6e-05,4e-06,0,2e-06,0.005121,0.00013,2.7e-05,1e-06,7.8e-05,0,0,0.00033,5e-06,2.5e-05,0,1e-06,8e-06,0.000347,4.4e-05,3e-06,4e-06,1.6e-05,0,8.8e-05,4e-06,1e-06,0,7.8e-05,2.9e-05,0.000309,0.014902,0,1e-06,0.00019,4.7e-05,2.7e-05,0,0,0,2e-06,0,3e-06,0,0.000123,0,8e-05,2e-06,5.2e-05,1e-06,0.000154,4e-06,0.002468,5e-06,2e-06,3e-06,3e-06,0,0.000498,1e-06,0,1.6e-05,0,0.001096,1.5e-05,0.00011,0,0,0,1e-06,0.000189,3e-06,0.000226,4e-06,0,0,0,0,1.7e-05,3.6e-05,0,0,3e-06,1.2e-05,1e-06,2e-06,1.6e-05,0.000256,1e-06,0.02443,2e-06,2e-06,7e-06,2.4e-05,0,1e-06,0.000116,4.1e-05,0,3.8e-05,2.9e-05,3.2e-05,2e-06,0.000131,2e-06,2e-06,1e-06,7.2e-05,0,1e-06,3e-06,0,0,2.4e-05,0,1e-06,2.2e-05,0.004842,1.4e-05,2e-06,0.00149,6e-06,3.1e-05,2.8e-05,0,0,1.5e-05,0,0.000212,0,0,0,0,3e-06,0,1e-06,1e-06,5e-06,2e-06,0.000149,3e-05,1.1e-05,3.9e-05,1e-06,0.000191,1e-06,1e-06,3.8e-05,2e-06,0.000128,0,7e-06,3e-06,1e-06,0,1e-06,2e-05,1e-06,0,2e-06,1.7e-05,0,0,5.8e-05,0.000357,3.1e-05,5e-06,3.2e-05,2e-05,3.9e-05,0.000179,2e-06,2e-06,1e-06,0,7e-06,1.3e-05,4e-06,0.00016,8e-06,2.8e-05,0,1e-05,0,0.000127,0,0,1e-06,0,0,0.00029,1e-05,1e-06,1.3e-05,0.000563,1e-06,0,3.5e-05,2e-06,0.00015,3e-06,5e-06,3.7e-05,0.000219,4e-06,2.5e-05,0,0,0,0,0,0.000106,1.9e-05,5.5e-05,0,1.4e-05,1e-05,1e-06,1e-06,0,2e-06,6e-06,3e-06,0,3.9e-05,0,4e-06,0,0.000623,0,0,2e-06,1e-06,0.000199,3.9e-05,1e-06,6.6e-05,1e-06,2e-06,3e-06,2e-06,0,0,0
"manyara/kiteto/lengatei",0,0,0,0,0,0,0,0,0,0,0,0,0,0,0,0,0,0,0,0,0,0,0,0,0,0,0,0,0,0,0,0,0,0,0,0,0,0,0,0,0,0,0,0,0,0,0,0,0,0,0,0,0,0,0,0,0,0,0,0,0,0,0,0,0,0,0,0,0,0,0,0,0,0,0,0,0,0,0,0,0,0,0,0,0,0,0,0,0,0,0,0,0,0,0,0,0,0,0,0,0,0,0,0,0,0,0,0,0,0,0,0,0,0,0,0,0,0,0,0,0,0,0,0,0,0,0,0,0,0,0,0,0,0,0,0,0,0,0,0,0,0,0,0,0,0,0,0,0,0,0,0,0,0,0,0,0,0,0,0,0,0,0,0,0,0,0,0,0,0,0,0,0,0,0,0,0,0,0,0,0,0,0,0,0,0,0,0,0,0,0,0,0,0,0,0,0,0,0,0,0,0,0,0,0,0,0,0,0,0,0,0,0,0,0,0,0,0,0,0,0,0,0,0,0,0,0,0,0,0,0,0,0,0,0,0,0,0,0,0,0,0,0,0,0,0,0,0,0,0,0,0,0,0,0,0,0,0,0,0,0,0,0,0,0,0,0,0,0,0,0,0,0,0,0,0,0,0,0,0,0,0,0,0,0,0,0,0,0,0,0,0,0,0,0,0,0,0,0,0,0,0,0,0,0,0,0,0,0,0,0,0,0,0,0,0,0,0,0,0,0,0,0,0,0,0,0,0,0,0,0,0,0,0,0,0,0,0,0,0,0,0,0,0,0,0,0,0,0,0,0,0,0,0,0,0,0,0,0,0,0,0,0,0,0,0,0,0,0,0,0,0,0,0,0,0,0,0,0,0,0,0,0,0,0,0,0,0,0,0,0,0,0,0,0,0,0,0
"arusha/monduli/lepurko",1e-05,2e-06,0,6e-06,0,1.5e-05,0,0,0,2.9e-05,0,0,9e-06,0.000137,4e-06,0,0,1e-06,0,0,0,5e-06,0,0,0,0,0,0,0,0,3.1e-05,0,0,0,3e-06,0,1.5e-05,5e-06,1e-06,7e-06,0,0,5e-06,4e-06,1e-06,0,1.1e-05,0.004219,0.000153,1e-06,0,0,1e-06,0,3e-06,0,1e-06,0,5e-06,0.000136,1.7e-05,0.000135,5.9e-05,0,0,9.3e-05,0.000169,0,3.8e-05,2.8e-05,1e-06,0,1e-06,4e-06,0,3.3e-05,5e-06,0,0,0,0,0,0,0,0,0,0.000159,0,3e-06,2.1e-05,0,0,7.8e-05,7.2e-05,4e-06,1.2e-05,1e-05,0,4.3e-05,1e-05,0,0,4e-06,2.4e-05,2e-06,6.9e-05,0,1.1e-05,9e-06,0.000139,7e-06,2.7e-05,2e-06,1e-06,0,0,6e-05,0,5.6e-05,6e-06,3e-06,0.000107,0,1e-06,0,2e-06,4e-06,0.000401,3.1e-05,0,0,9e-06,1.7e-05,2e-06,0,8e-05,5e-06,6e-06,0.000214,1.9e-05,1.4e-05,0,3.4e-05,2e-06,1e-06,1.1e-05,0,2.2e-05,1.9e-05,6e-06,0,0,0,0,7e-06,0.002004,1e-06,8e-06,1e-06,0.00087,2e-06,8e-05,0,1e-06,0,0,3e-06,9e-06,0.000163,1e-06,2e-06,0,0.002723,4e-06,3e-06,1e-05,0.000421,1e-06,1.8e-05,3e-06,0,1e-06,1.2e-05,3e-06,0.000132,0.002396,0,0,6.6e-05,2.1e-05,5e-06,1e-06,8e-06,0,3.3e-05,0,0,0,2e-05,1e-06,0.000153,2e-06,7e-06,0,2.3e-05,4e-06,0.000136,0.001473,1.9e-05,0,0,1e-06,4.2e-05,0,0,2e-06,0,0.00019,2e-06,1.2e-05,0,1e-06,0,1e-06,9e-05,2e-06,0.000121,1e-06,1e-06,0,0,0,0.00011,0.000467,1e-06,0,0,2.3e-05,9.3e-05,0,1.1e-05,0.007322,0,0.000241,0,0,1e-06,9.1e-05,0,1.8e-05,0.000865,0.002225,8e-06,0.000191,1.4e-05,3e-06,0,1e-06,0,0,0,6e-06,1e-06,0,0.000267,3e-06,0,0.000636,0,1e-05,0.000422,3.3e-05,0,0,0.00012,1e-06,4e-06,1.8e-05,0,1.1e-05,3e-06,1e-06,0.000742,1e-06,0,0,0,1e-06,0,1e-06,1e-06,6e-06,0,0.000399,4e-06,1.2e-05,0.000187,5e-06,7e-06,1.6e-05,0,0,0,2e-06,0,0.000272,1.6e-05,2e-06,1e-06,0,0.000328,9e-06,0,0,3e-06,0,1e-06,0.000477,7.3e-05,0.000282,2.2e-05,0.000392,1.4e-05,5.3e-05,0.002496,1.2e-05,1.7e-05,6e-06,1e-06,7.2e-05,8.5e-05,5.2e-05,0.001299,3.7e-05,1.2e-05,0,2e-06,3e-06,0.000402,1e-06,1e-06,0,1e-06,0,1.9e-05,2e-06,5e-06,9.9e-05,1.5e-05,6e-06,0,3.7e-05,5e-06,0.001035,0.000754,0.000782,3.5e-05,1e-06,0,5e-06,0,0,0,0,1e-06,0.000616,0.000199,0.000484,0,4.6e-05,2e-06,0,0,0,1e-06,4.2e-05,1.6e-05,2e-06,0.000148,0,0,0,0.000148,1e-06,0,2e-05,0,4.3e-05,7e-06,0,0.000159,0,0,0,0,0,0,0
"arusha/arushaurban/levolosi",0.000178,0,1e-06,1e-06,0,3.3e-05,0,0,0,9e-06,0,0,0.000207,0.005045,1e-06,0,0,0,0,0,0,1.2e-05,0,1e-06,0,0,0,0,0,0,0.000241,0,0,0,0,0,0.002292,1e-06,0,3e-06,0,0,2e-06,1e-06,0,0,3e-06,0.3713,8.1e-05,0,0,0,0,0,1e-06,0,3e-06,0,6e-06,2.4e-05,9e-06,1.7e-05,7e-05,0,0,0.002077,0.000116,0,3e-06,8e-06,0,0,3e-06,1e-06,0,1e-05,1e-06,0,0,0,0,0,0,0,0,0,0.000504,0,1e-06,1.4e-05,0,0,0.000133,0.000898,1e-06,3e-06,3.1e-05,0,8.8e-05,1.9e-05,0,0,4e-06,0.009441,4e-06,0.000118,0,2.7e-05,3.6e-05,1.3e-05,2e-05,5e-05,0,0.000252,1e-06,0,0.000207,0,0.000126,1.3e-05,6e-06,0.000239,0,1e-06,0,1e-06,2e-06,0.001546,0.000213,1e-06,1e-06,1.3e-05,3.1e-05,6e-06,0,0.004945,0.00016,1.4e-05,0.000213,4.8e-05,6.5e-05,0,0.004063,4e-06,1e-06,1.7e-05,0,4.5e-05,3.8e-05,1.1e-05,0,0,1e-06,0,8e-06,0.004533,1e-06,3e-06,1e-06,0.002057,4e-06,6e-05,0,1e-06,0,0,6e-06,4.3e-05,0.006025,2e-06,1e-06,9.8e-05,0,5e-06,7e-06,5e-06,9.6e-05,1e-06,4.3e-05,2e-06,0,0,1.1e-05,6e-06,0.000337,0.009814,1e-06,1e-06,0.000172,5.7e-05,1.3e-05,0,1e-06,0,6e-06,0,0,0,4.6e-05,0,0.00106,1e-06,5e-06,2e-06,4.1e-05,1.6e-05,0.000248,4.8e-05,5e-06,1e-06,1e-06,0,7e-05,0,0,2e-06,0,0.000308,4e-06,2.3e-05,0,4e-06,0,2e-06,0.000277,6e-06,0.000324,3e-06,0,0,0,0,5.7e-05,0.003016,0,0,1e-06,7.4e-05,7e-06,0,3.7e-05,0.003577,0,0.000241,0,1e-06,2e-06,0.001234,0,3.9e-05,0.09989,0.000849,5e-06,0.005063,2.7e-05,3e-06,1e-06,2e-06,1e-06,0,0,1e-05,0,0,1.7e-05,2e-06,0,0.001456,0,2e-06,0.001315,5.7e-05,0,0,0.000217,1e-06,4e-06,1.5e-05,0,2e-06,8e-06,0,0.000743,0,0,0,0,1e-06,0,2e-06,0,1.3e-05,0,0.003073,9e-06,3.2e-05,0.000651,0.002542,1.1e-05,3e-06,0,0,1e-06,3e-06,0,3.1e-05,0.000365,1.5e-05,2e-05,1e-06,0.003954,1e-06,0,1e-06,6e-06,0,0,0.001233,0.000128,0.000734,3.9e-05,0.001937,5.1e-05,9.4e-05,0.033537,3e-06,5e-06,0.000354,0,0.002283,0.003934,5e-04,0.001014,1.6e-05,9e-06,0,4e-06,1e-06,0.004959,0,0,1e-06,0,0,2.2e-05,2e-06,2e-06,0.00089,1.9e-05,2e-06,0,0.000124,8e-05,0.14026,2.7e-05,0.000108,5.3e-05,2e-06,1e-06,1.1e-05,0,0,0,0,0,0.024307,0.005482,0.034549,0,0.000413,4e-06,0,0,0,1e-06,0.000373,1.1e-05,0.000103,0.000176,0,0,0,0.000253,0,0,0.005457,1e-06,0.000101,1.6e-05,1e-06,0.00148,0,0,0,0,0,0,0
"manyara/simanjiro/liborsoit",0,0,0,0,0,0,0,0,0,0,0,0,0,0,0,0,0,0,0,0,0,0,0,0,0,0,0,0,0,0,0,0,0,0,0,0,0,0,0,0,0,0,0,0,0,0,0,0,0,0,0,0,0,0,0,0,0,0,0,0,0,0,0,0,0,0,0,0,0,0,0,0,0,0,0,0,0,0,0,0,0,0,0,0,0,0,0,0,0,0,0,0,0,0,0,0,0,0,0,0,0,0,0,0,0,0,0,0,0,0,0,0,0,0,0,0,0,0,0,0,0,0,0,0,0,0,0,0,0,0,0,0,0,0,0,0,0,0,0,0,0,0,0,0,0,0,0,0,0,0,0,0,0,0,0,0,0,0,0,0,0,0,0,0,0,0,0,0,0,0,0,0,0,0,0,0,0,0,0,0,0,0,0,0,0,0,0,0,0,0,0,0,0,0,0,0,0,0,0,0,0,0,0,0,0,0,0,0,0,0,0,0,0,0,0,0,0,0,0,0,0,0,0,0,0,0,0,0,0,0,0,0,0,0,0,0,0,0,0,0,0,0,0,0,0,0,0,0,0,0,0,0,0,0,0,0,0,0,0,0,0,0,0,0,0,0,0,0,0,0,0,0,0,0,0,0,0,0,0,0,0,0,0,0,0,0,0,0,0,0,0,0,0,0,0,0,0,0,0,0,0,0,0,0,0,0,0,0,0,0,0,0,0,0,0,0,0,0,0,0,0,0,0,0,0,0,0,0,0,0,0,0,0,0,0,0,0,0,0,0,0,0,0,0,0,0,0,0,0,0,0,0,0,0,0,0,0,0,0,0,0,0,0,0,0,0,0,0,0,0,0,0,0,0,0,0,0,0,0,0,0,0,0,0,0,0,0,0,0,0,0,0,0,0,0,0,0,0
"kilimanjaro/siha/livishi",0,0,0,0,0,0,0,0,0,0,0,0,0,0,0,0,0,0,0,0,0,0,0,0,0,0,0,0,0,0,0,0,0,0,0,0,0,0,0,0,0,0,0,0,0,0,0,0,0,0,0,0,0,0,0,0,0,0,0,0,0,0,0,0,0,0,0,0,0,0,0,0,0,0,0,0,0,0,0,0,0,0,0,0,0,0,0,0,0,0,0,0,0,0,0,0,0,0,0,0,0,0,0,0,0,0,0,0,0,0,0,0,0,0,0,0,0,0,0,0,0,0,0,0,0,0,0,0,0,0,0,0,0,0,0,0,0,0,0,0,0,0,0,0,0,0,0,0,0,0,0,0,0,0,0,0,0,0,0,0,0,0,0,0,0,0,0,0,0,0,0,0,0,0,0,0,0,0,0,0,0,0,0,0,0,0,0,0,0,0,0,0,0,0,0,0,0,0,0,0,0,0,0,0,0,0,0,0,0,0,0,0,0,0,0,0,0,0,0,0,0,0,0,0,0,0,0,0,0,0,0,0,0,0,0,0,0,0,0,0,0,0,0,0,0,0,0,0,0,0,0,0,0,0,0,0,0,0,0,0,0,0,0,0,0,0,0,0,0,0,0,0,0,0,0,0,0,0,0,0,0,0,0,0,0,0,0,0,0,0,0,0,0,0,0,0,0,0,0,0,0,0,0,0,0,0,0,0,0,0,0,0,0,0,0,0,0,0,0,0,0,0,0,0,0,0,0,0,0,0,0,0,0,0,0,0,0,0,0,0,0,0,0,0,0,0,0,0,0,0,0,0,0,0,0,0,0,0,0,0,0,0,0,0,0,0,0,0,0,0,0,0,0,0,0,0,0,0,0,0,0,0,0,0,0,0,0,0,0,0,0,0,0,0,0,0,0,0
"manyara/simanjiro/loiborsiret",0,0,0,0,0,0,0,0,0,0,0,0,0,0,0,0,0,0,0,0,0,0,0,0,0,0,0,0,0,0,0,0,0,0,0,0,0,0,0,0,0,0,0,0,0,0,0,0,0,0,0,0,0,0,0,0,0,0,0,0,0,0,0,0,0,0,0,0,0,0,0,0,0,0,0,0,0,0,0,0,0,0,0,0,0,0,0,0,0,0,0,0,0,0,0,0,0,0,0,0,0,0,0,0,0,0,0,0,0,0,0,0,0,0,0,0,0,0,0,0,0,0,0,0,0,0,0,0,0,0,0,0,0,0,0,0,0,0,0,0,0,0,0,0,0,0,0,0,0,0,0,0,0,0,0,0,0,0,0,0,0,0,0,0,0,0,0,0,0,0,0,0,0,0,0,0,0,0,0,0,0,0,0,0,0,0,0,0,0,0,0,0,0,0,0,0,0,0,0,0,0,0,0,0,0,0,0,0,0,0,0,0,0,0,0,0,0,0,0,0,0,0,0,0,0,0,0,0,0,0,0,0,0,0,0,0,0,0,0,0,0,0,0,0,0,0,0,0,0,0,0,0,0,0,0,0,0,0,0,0,0,0,0,0,0,0,0,0,0,0,0,0,0,0,0,0,0,0,0,0,0,0,0,0,0,0,0,0,0,0,0,0,0,0,0,0,0,0,0,0,0,0,0,0,0,0,0,0,0,0,0,0,0,0,0,0,0,0,0,0,0,0,0,0,0,0,0,0,0,0,0,0,0,0,0,0,0,0,0,0,0,0,0,0,0,0,0,0,0,0,0,0,0,0,0,0,0,0,0,0,0,0,0,0,0,0,0,0,0,0,0,0,0,0,0,0,0,0,0,0,0,0,0,0,0,0,0,0,0,0,0,0,0,0,0,0,0,0
"arusha/monduli/lolkisale",0,0,0,0,0,0,0,0,0,0,0,0,0,0,0,0,0,0,0,0,0,0,0,0,0,0,0,0,0,0,0,0,0,0,0,0,0,0,0,0,0,0,0,0,0,0,0,0,0,0,0,0,0,0,0,0,0,0,0,0,0,0,0,0,0,0,0,0,0,0,0,0,0,0,0,0,0,0,0,0,0,0,0,0,0,0,0,0,0,0,0,0,0,0,0,0,0,0,0,0,0,0,0,0,0,0,0,0,0,0,0,0,0,0,0,0,0,0,0,0,0,0,0,0,0,0,0,0,0,0,0,0,0,0,0,0,0,0,0,0,0,0,0,0,0,0,0,0,0,0,0,0,0,0,0,0,0,0,0,0,0,0,0,0,0,0,0,0,0,0,0,0,0,0,0,0,0,0,0,0,0,0,0,0,0,0,0,0,0,0,0,0,0,0,0,0,0,0,0,0,0,0,0,0,0,0,0,0,0,0,0,0,0,0,0,0,0,0,0,0,0,0,0,0,0,0,0,0,0,0,0,0,0,0,0,0,0,0,0,0,0,0,0,0,0,0,0,0,0,0,0,0,0,0,0,0,0,0,0,0,0,0,0,0,0,0,0,0,0,0,0,0,0,0,0,0,0,0,0,0,0,0,0,0,0,0,0,0,0,0,0,0,0,0,0,0,0,0,0,0,0,0,0,0,0,0,0,0,0,0,0,0,0,0,0,0,0,0,0,0,0,0,0,0,0,0,0,0,0,0,0,0,0,0,0,0,0,0,0,0,0,0,0,0,0,0,0,0,0,0,0,0,0,0,0,0,0,0,0,0,0,0,0,0,0,0,0,0,0,0,0,0,0,0,0,0,0,0,0,0,0,0,0,0,0,0,0,0,0,0,0,0,0,0,0,0,0,0
"arusha/longido/longido",0,0,0,0,0,0,0,0,0,0,0,0,0,0,0,0,0,0,0,0,0,0,0,0,0,0,0,0,0,0,0,0,0,0,0,0,0,0,0,0,0,0,0,0,0,0,0,0,0,0,0,0,0,0,0,0,0,0,0,0,0,0,0,0,0,0,0,0,0,0,0,0,0,0,0,0,0,0,0,0,0,0,0,0,0,0,0,0,0,0,0,0,0,0,0,0,0,0,0,0,0,0,0,0,0,0,0,0,0,0,0,0,0,0,0,0,0,0,0,0,0,0,0,0,0,0,0,0,0,0,0,0,0,0,0,0,0,0,0,0,0,0,0,0,0,0,0,0,0,0,0,0,0,0,0,0,0,0,0,0,0,0,0,0,0,0,0,0,0,0,0,0,0,0,0,0,0,0,0,0,0,0,0,0,0,0,0,0,0,0,0,0,0,0,0,0,0,0,0,0,0,0,0,0,0,0,0,0,0,0,0,0,0,0,0,0,0,0,0,0,0,0,0,0,0,0,0,0,0,0,0,0,0,0,0,0,0,0,0,0,0,0,0,0,0,0,0,0,0,0,0,0,0,0,0,0,0,0,0,0,0,0,0,0,0,0,0,0,0,0,0,0,0,0,0,0,0,0,0,0,0,0,0,0,0,0,0,0,0,0,0,0,0,0,0,0,0,0,0,0,0,0,0,0,0,0,0,0,0,0,0,0,0,0,0,0,0,0,0,0,0,0,0,0,0,0,0,0,0,0,0,0,0,0,0,0,0,0,0,0,0,0,0,0,0,0,0,0,0,0,0,0,0,0,0,0,0,0,0,0,0,0,0,0,0,0,0,0,0,0,0,0,0,0,0,0,0,0,0,0,0,0,0,0,0,0,0,0,0,0,0,0,0,0,0,0,0,0
"kilimanjaro/moshimunicipal/longuob",0,0,0,0,0,0,0,0,0,0,0,0,0,0,0,0,0,0,0,0,0,0,0,0,0,0,0,0,0,0,0,0,0,0,0,0,0,0,0,0,0,0,0,0,0,0,0,0,0,0,0,0,0,0,0,0,0,0,0,0,0,0,0,0,0,0,0,0,0,0,0,0,0,0,0,0,0,0,0,0,0,0,0,0,0,0,0,0,0,0,0,0,0,0,0,0,0,0,0,0,0,0,0,0,0,0,0,0,0,0,0,0,0,0,0,0,0,0,0,0,0,0,0,0,0,0,0,0,0,0,0,0,0,0,0,0,0,0,0,0,0,0,0,0,0,0,0,0,0,0,0,0,0,0,0,0,0,0,0,0,0,0,0,0,0,0,0,0,0,0,0,0,0,0,0,0,0,0,0,0,0,0,0,0,0,0,0,0,0,0,0,0,0,0,0,0,0,0,0,0,0,0,0,0,0,0,0,0,0,0,0,0,0,0,0,0,0,0,0,0,0,0,0,0,0,0,0,0,0,0,0,0,0,0,0,0,0,0,0,0,0,0,0,0,0,0,0,0,0,0,0,0,0,0,0,0,0,0,0,0,0,0,0,0,0,0,0,0,0,0,0,0,0,0,0,0,0,0,0,0,0,0,0,0,0,0,0,0,0,0,0,0,0,0,0,0,0,0,0,0,0,0,0,0,0,0,0,0,0,0,0,0,0,0,0,0,0,0,0,0,0,0,0,0,0,0,0,0,0,0,0,0,0,0,0,0,0,0,0,0,0,0,0,0,0,0,0,0,0,0,0,0,0,0,0,0,0,0,0,0,0,0,0,0,0,0,0,0,0,0,0,0,0,0,0,0,0,0,0,0,0,0,0,0,0,0,0,0,0,0,0,0,0,0,0,0,0,0
"manyara/kiteto/loolera",0,0,0,0,0,0,0,0,0,0,0,0,0,0,0,0,0,0,0,0,0,0,0,0,0,0,0,0,0,0,0,0,0,0,0,0,0,0,0,0,0,0,0,0,0,0,0,0,0,0,0,0,0,0,0,0,0,0,0,0,0,0,0,0,0,0,0,0,0,0,0,0,0,0,0,0,0,0,0,0,0,0,0,0,0,0,0,0,0,0,0,0,0,0,0,0,0,0,0,0,0,0,0,0,0,0,0,0,0,0,0,0,0,0,0,0,0,0,0,0,0,0,0,0,0,0,0,0,0,0,0,0,0,0,0,0,0,0,0,0,0,0,0,0,0,0,0,0,0,0,0,0,0,0,0,0,0,0,0,0,0,0,0,0,0,0,0,0,0,0,0,0,0,0,0,0,0,0,0,0,0,0,0,0,0,0,0,0,0,0,0,0,0,0,0,0,0,0,0,0,0,0,0,0,0,0,0,0,0,0,0,0,0,0,0,0,0,0,0,0,0,0,0,0,0,0,0,0,0,0,0,0,0,0,0,0,0,0,0,0,0,0,0,0,0,0,0,0,0,0,0,0,0,0,0,0,0,0,0,0,0,0,0,0,0,0,0,0,0,0,0,0,0,0,0,0,0,0,0,0,0,0,0,0,0,0,0,0,0,0,0,0,0,0,0,0,0,0,0,0,0,0,0,0,0,0,0,0,0,0,0,0,0,0,0,0,0,0,0,0,0,0,0,0,0,0,0,0,0,0,0,0,0,0,0,0,0,0,0,0,0,0,0,0,0,0,0,0,0,0,0,0,0,0,0,0,0,0,0,0,0,0,0,0,0,0,0,0,0,0,0,0,0,0,0,0,0,0,0,0,0,0,0,0,0,0,0,0,0,0,0,0,0,0,0,0,0,0
"kilimanjaro/same/lugulu",0,0,0,0,0,0,0,0,0,0,0,0,0,0,0,0,0,0,0,0,0,0,0,0,0,0,0,0,0,0,0,0,0,0,0,0,0,0,0,0,0,0,0,0,0,0,0,0,0,0,0,0,0,0,0,0,0,0,0,0,0,0,0,0,0,0,0,0,0,0,0,0,0,0,0,0,0,0,0,0,0,0,0,0,0,0,0,0,0,0,0,0,0,0,0,0,0,0,0,0,0,0,0,0,0,0,0,0,0,0,0,0,0,0,0,0,0,0,0,0,0,0,0,0,0,0,0,0,0,0,0,0,0,0,0,0,0,0,0,0,0,0,0,0,0,0,0,0,0,0,0,0,0,0,0,0,0,0,0,0,0,0,0,0,0,0,0,0,0,0,0,0,0,0,0,0,0,0,0,0,0,0,0,0,0,0,0,0,0,0,0,0,0,0,0,0,0,0,0,0,0,0,0,0,0,0,0,0,0,0,0,0,0,0,0,0,0,0,0,0,0,0,0,0,0,0,0,0,0,0,0,0,0,0,0,0,0,0,0,0,0,0,0,0,0,0,0,0,0,0,0,0,0,0,0,0,0,0,0,0,0,0,0,0,0,0,0,0,0,0,0,0,0,0,0,0,0,0,0,0,0,0,0,0,0,0,0,0,0,0,0,0,0,0,0,0,0,0,0,0,0,0,0,0,0,0,0,0,0,0,0,0,0,0,0,0,0,0,0,0,0,0,0,0,0,0,0,0,0,0,0,0,0,0,0,0,0,0,0,0,0,0,0,0,0,0,0,0,0,0,0,0,0,0,0,0,0,0,0,0,0,0,0,0,0,0,0,0,0,0,0,0,0,0,0,0,0,0,0,0,0,0,0,0,0,0,0,0,0,0,0,0,0,0,0,0,0,0
"arusha/ngorongoro/maalon",0,0,0,0,0,0,0,0,0,0,0,0,0,0,0,0,0,0,0,0,0,0,0,0,0,0,0,0,0,0,0,0,0,0,0,0,0,0,0,0,0,0,0,0,0,0,0,0,0,0,0,0,0,0,0,0,0,0,0,0,0,0,0,0,0,0,0,0,0,0,0,0,0,0,0,0,0,0,0,0,0,0,0,0,0,0,0,0,0,0,0,0,0,0,0,0,0,0,0,0,0,0,0,0,0,0,0,0,0,0,0,0,0,0,0,0,0,0,0,0,0,0,0,0,0,0,0,0,0,0,0,0,0,0,0,0,0,0,0,0,0,0,0,0,0,0,0,0,0,0,0,0,0,0,0,0,0,0,0,0,0,0,0,0,0,0,0,0,0,0,0,0,0,0,0,0,0,0,0,0,0,0,0,0,0,0,0,0,0,0,0,0,0,0,0,0,0,0,0,0,0,0,0,0,0,0,0,0,0,0,0,0,0,0,0,0,0,0,0,0,0,0,0,0,0,0,0,0,0,0,0,0,0,0,0,0,0,0,0,0,0,0,0,0,0,0,0,0,0,0,0,0,0,0,0,0,0,0,0,0,0,0,0,0,0,0,0,0,0,0,0,0,0,0,0,0,0,0,0,0,0,0,0,0,0,0,0,0,0,0,0,0,0,0,0,0,0,0,0,0,0,0,0,0,0,0,0,0,0,0,0,0,0,0,0,0,0,0,0,0,0,0,0,0,0,0,0,0,0,0,0,0,0,0,0,0,0,0,0,0,0,0,0,0,0,0,0,0,0,0,0,0,0,0,0,0,0,0,0,0,0,0,0,0,0,0,0,0,0,0,0,0,0,0,0,0,0,0,0,0,0,0,0,0,0,0,0,0,0,0,0,0,0,0,0,0,0,0
"kilimanjaro/same/mabilioni",0,0,0,0,0,0,0,0,0,0,0,0,0,0,0,0,0,0,0,0,0,0,0,0,0,0,0,0,0,0,0,0,0,0,0,0,0,0,0,0,0,0,0,0,0,0,0,0,0,0,0,0,0,0,0,0,0,0,0,0,0,0,0,0,0,0,0,0,0,0,0,0,0,0,0,0,0,0,0,0,0,0,0,0,0,0,0,0,0,0,0,0,0,0,0,0,0,0,0,0,0,0,0,0,0,0,0,0,0,0,0,0,0,0,0,0,0,0,0,0,0,0,0,0,0,0,0,0,0,0,0,0,0,0,0,0,0,0,0,0,0,0,0,0,0,0,0,0,0,0,0,0,0,0,0,0,0,0,0,0,0,0,0,0,0,0,0,0,0,0,0,0,0,0,0,0,0,0,0,0,0,0,0,0,0,0,0,0,0,0,0,0,0,0,0,0,0,0,0,0,0,0,0,0,0,0,0,0,0,0,0,0,0,0,0,0,0,0,0,0,0,0,0,0,0,0,0,0,0,0,0,0,0,0,0,0,0,0,0,0,0,0,0,0,0,0,0,0,0,0,0,0,0,0,0,0,0,0,0,0,0,0,0,0,0,0,0,0,0,0,0,0,0,0,0,0,0,0,0,0,0,0,0,0,0,0,0,0,0,0,0,0,0,0,0,0,0,0,0,0,0,0,0,0,0,0,0,0,0,0,0,0,0,0,0,0,0,0,0,0,0,0,0,0,0,0,0,0,0,0,0,0,0,0,0,0,0,0,0,0,0,0,0,0,0,0,0,0,0,0,0,0,0,0,0,0,0,0,0,0,0,0,0,0,0,0,0,0,0,0,0,0,0,0,0,0,0,0,0,0,0,0,0,0,0,0,0,0,0,0,0,0,0,0,0,0,0,0
"kilimanjaro/moshi/mabogini",0,0,0,0,0,0,0,0,0,0,0,0,0,0,0,0,0,0,0,0,0,0,0,0,0,0,0,0,0,0,0,0,0,0,0,0,0,0,0,0,0,0,0,0,0,0,0,0,0,0,0,0,0,0,0,0,0,0,0,0,0,0,0,0,0,0,0,0,0,0,0,0,0,0,0,0,0,0,0,0,0,0,0,0,0,0,0,0,0,0,0,0,0,0,0,0,0,0,0,0,0,0,0,0,0,0,0,0,0,0,0,0,0,0,0,0,0,0,0,0,0,0,0,0,0,0,0,0,0,0,0,0,0,0,0,0,0,0,0,0,0,0,0,0,0,0,0,0,0,0,0,0,0,0,0,0,0,0,0,0,0,0,0,0,0,0,0,0,0,0,0,0,0,0,0,0,0,0,0,0,0,0,0,0,0,0,0,0,0,0,0,0,0,0,0,0,0,0,0,0,0,0,0,0,0,0,0,0,0,0,0,0,0,0,0,0,0,0,0,0,0,0,0,0,0,0,0,0,0,0,0,0,0,0,0,0,0,0,0,0,0,0,0,0,0,0,0,0,0,0,0,0,0,0,0,0,0,0,0,0,0,0,0,0,0,0,0,0,0,0,0,0,0,0,0,0,0,0,0,0,0,0,0,0,0,0,0,0,0,0,0,0,0,0,0,0,0,0,0,0,0,0,0,0,0,0,0,0,0,0,0,0,0,0,0,0,0,0,0,0,0,0,0,0,0,0,0,0,0,0,0,0,0,0,0,0,0,0,0,0,0,0,0,0,0,0,0,0,0,0,0,0,0,0,0,0,0,0,0,0,0,0,0,0,0,0,0,0,0,0,0,0,0,0,0,0,0,0,0,0,0,0,0,0,0,0,0,0,0,0,0,0,0,0,0,0,0,0
"kilimanjaro/hai/machamekaskazini",0,0,0,0,0,0,0,0,0,0,0,0,0,0,0,0,0,0,0,0,0,0,0,0,0,0,0,0,0,0,0,0,0,0,0,0,0,0,0,0,0,0,0,0,0,0,0,0,0,0,0,0,0,0,0,0,0,0,0,0,0,0,0,0,0,0,0,0,0,0,0,0,0,0,0,0,0,0,0,0,0,0,0,0,0,0,0,0,0,0,0,0,0,0,0,0,0,0,0,0,0,0,0,0,0,0,0,0,0,0,0,0,0,0,0,0,0,0,0,0,0,0,0,0,0,0,0,0,0,0,0,0,0,0,0,0,0,0,0,0,0,0,0,0,0,0,0,0,0,0,0,0,0,0,0,0,0,0,0,0,0,0,0,0,0,0,0,0,0,0,0,0,0,0,0,0,0,0,0,0,0,0,0,0,0,0,0,0,0,0,0,0,0,0,0,0,0,0,0,0,0,0,0,0,0,0,0,0,0,0,0,0,0,0,0,0,0,0,0,0,0,0,0,0,0,0,0,0,0,0,0,0,0,0,0,0,0,0,0,0,0,0,0,0,0,0,0,0,0,0,0,0,0,0,0,0,0,0,0,0,0,0,0,0,0,0,0,0,0,0,0,0,0,0,0,0,0,0,0,0,0,0,0,0,0,0,0,0,0,0,0,0,0,0,0,0,0,0,0,0,0,0,0,0,0,0,0,0,0,0,0,0,0,0,0,0,0,0,0,0,0,0,0,0,0,0,0,0,0,0,0,0,0,0,0,0,0,0,0,0,0,0,0,0,0,0,0,0,0,0,0,0,0,0,0,0,0,0,0,0,0,0,0,0,0,0,0,0,0,0,0,0,0,0,0,0,0,0,0,0,0,0,0,0,0,0,0,0,0,0,0,0,0,0,0,0,0,0
"kilimanjaro/hai/machamekusini",0.006641,0.000107,0.002939,0.000396,1.2e-05,0.243973,5e-06,7e-06,1e-05,0.002619,4.2e-05,8e-06,0.004162,0.055866,0.00041,2e-05,8e-06,3.2e-05,6e-06,2.1e-05,0.000133,0.013518,1e-05,0.024838,0.000169,0.008537,1.8e-05,1.7e-05,7e-06,0.000215,0.013479,4.3e-05,0.000101,0.000664,5.6e-05,1.2e-05,0.004355,0.000282,2.5e-05,0.001137,1.1e-05,4e-06,0.001089,0.000204,0.00015,1.1e-05,0.000438,0.543047,0.017286,1.8e-05,7e-06,2.5e-05,3.1e-05,1.3e-05,0.000218,5e-06,0.002014,3.3e-05,0.00523,0.005863,0.002282,0.002162,0.01179,0.000142,1e-06,0.030963,0.005386,9e-06,0.000467,0.001627,2.3e-05,1e-06,0.004628,0.000196,2e-05,0.00203,0.000348,5e-06,7e-06,8e-06,4e-06,2.4e-05,9e-06,1.1e-05,2.1e-05,5e-06,0.946672,8e-06,0.000173,0.012369,4e-06,6e-06,0.480609,0.028432,0.000197,0.000735,0.092282,0.000468,0.474935,0.129635,1.1e-05,1.7e-05,0.004791,0.006743,0.101965,0.194835,1.7e-05,0.740469,0.019256,0.001876,0.071869,0.234144,0.000121,0.000163,0.004632,0.002798,0.532826,3.1e-05,0.834842,0.116721,0.049654,0.816817,0.001253,0.004356,0.000387,0.001816,0.001057,0.427622,0.038297,0.006374,0.004903,0.074281,0.163271,0.21143,0.000252,0.028148,0.00133,0.180363,0.086357,0.789156,0.072629,0.000108,0.008021,0.116882,0.00376,0.053931,1.2e-05,0.376223,0.32508,0.10453,0.002765,0.000738,0.002835,0.000404,0.012867,0.114102,0.00374,0.000369,0.000434,0.999695,0.018843,0.013388,0.015492,0.002065,4e-06,8e-06,0.025585,0.020862,0.047784,0.00635,0.000351,0.006892,0.461531,0.00646,0.018644,0.001332,0.010455,0.000276,0.721863,0.001346,7.2e-05,0.000166,0.012941,0.091127,0.870643,0,0.002592,0.007532,0.906341,0.44933,0.404895,0.000109,0.000148,8e-06,0.001062,7.9e-05,0.002784,1.4e-05,0.655986,2.1e-05,0.233883,0.000685,0.004915,0.001833,0.218503,0.021913,0.718284,0.00412,0.001673,0.004798,0.004395,3e-05,0.296456,0.001248,9e-06,0.002352,9e-06,0.647435,0.032471,0.161621,7e-06,0.001464,8e-06,0.010168,0.869923,0.031239,0.774639,0.055997,5.7e-05,6e-06,5e-06,7e-06,0.020099,0.056982,2e-04,0.002143,0.013852,0.017229,0.000821,0.002213,0.031363,0.121024,0.012201,0.32294,0.000162,0.021097,0.064238,0.049225,1.1e-05,0.002015,0.209897,0.047844,0.000243,0.075339,0.080715,0.004485,0.003008,0.008101,0.013528,0.000207,0.000138,0.027565,2.8e-05,0.000142,0.002066,0.000554,1.5e-05,0.040509,8e-06,0.000482,0.041097,0.207274,0.001269,0.000203,0.679709,0.007461,0.004719,0.007134,1.6e-05,0.000314,0.017595,4e-05,0.286663,3.7e-05,2.5e-05,1.2e-05,4e-06,0.00673,1.9e-05,0.004069,0.000286,0.018145,0.00037,0.252183,0.174407,0.047956,0.082858,0.001189,0.020689,0.000762,0.000866,0.000314,0.022541,0.005805,5.2e-05,0.004248,0.008092,0.001732,0.000712,0.009199,0.025356,0.000307,0.000121,0.009642,0.078673,1.7e-05,5.9e-05,0.099571,0.427643,0.032185,0.005446,0.064511,0.159612,0.097344,0.224689,0.001054,0.001416,0.002228,0.000229,0.013572,0.028081,0.007599,0.192859,0.006941,0.00509,3.1e-05,0.120971,0.000386,0.274101,7.9e-05,1.9e-05,0.018388,2.6e-05,1e-05,0.031055,0.002069,0.000652,0.029609,0.034289,0.000892,6e-06,0.182947,0.003937,0.257177,0.002515,0.007143,0.022492,0.006118,0.004562,0.448002,1.3e-05,4e-06,1.3e-05,5e-06,0.000155,0.206194,0.0254,0.099519,6.8e-05,0.041256,0.179334,8.5e-05,0.000178,8.4e-05,0.004823,0.010807,0.001577,0.000485,0.066439,8e-06,0.000259,1.1e-05,0.595111,0.000102,6e-06,0.005006,0.009028,0.823795,0.20223,0.00657,0.16317,0.00289,0.000201,0.000357,0.000107,5.1e-05,1.1e-05,9e-06
"kilimanjaro/hai/machamemagharibi",0,0,0,0,0,0,0,0,0,0,0,0,0,0,0,0,0,0,0,0,0,0,0,0,0,0,0,0,0,0,0,0,0,0,0,0,0,0,0,0,0,0,0,0,0,0,0,0,0,0,0,0,0,0,0,0,0,0,0,0,0,0,0,0,0,0,0,0,0,0,0,0,0,0,0,0,0,0,0,0,0,0,0,0,0,0,0,0,0,0,0,0,0,0,0,0,0,0,0,0,0,0,0,0,0,0,0,0,0,0,0,0,0,0,0,0,0,0,0,0,0,0,0,0,0,0,0,0,0,0,0,0,0,0,0,0,0,0,0,0,0,0,0,0,0,0,0,0,0,0,0,0,0,0,0,0,0,0,0,0,0,0,0,0,0,0,0,0,0,0,0,0,0,0,0,0,0,0,0,0,0,0,0,0,0,0,0,0,0,0,0,0,0,0,0,0,0,0,0,0,0,0,0,0,0,0,0,0,0,0,0,0,0,0,0,0,0,0,0,0,0,0,0,0,0,0,0,0,0,0,0,0,0,0,0,0,0,0,0,0,0,0,0,0,0,0,0,0,0,0,0,0,0,0,0,0,0,0,0,0,0,0,0,0,0,0,0,0,0,0,0,0,0,0,0,0,0,0,0,0,0,0,0,0,0,0,0,0,0,0,0,0,0,0,0,0,0,0,0,0,0,0,0,0,0,0,0,0,0,0,0,0,0,0,0,0,0,0,0,0,0,0,0,0,0,0,0,0,0,0,0,0,0,0,0,0,0,0,0,0,0,0,0,0,0,0,0,0,0,0,0,0,0,0,0,0,0,0,0,0,0,0,0,0,0,0,0,0,0,0,0,0,0,0,0,0,0,0,0,0,0,0,0,0,0,0,0,0,0,0,0,0,0,0,0,0,0,0
"kilimanjaro/hai/machamemashariki",0,0,0,0,0,0,0,0,0,0,0,0,0,0,0,0,0,0,0,0,0,0,0,0,0,0,0,0,0,0,0,0,0,0,0,0,0,0,0,0,0,0,0,0,0,0,0,0,0,0,0,0,0,0,0,0,0,0,0,0,0,0,0,0,0,0,0,0,0,0,0,0,0,0,0,0,0,0,0,0,0,0,0,0,0,0,0,0,0,0,0,0,0,0,0,0,0,0,0,0,0,0,0,0,0,0,0,0,0,0,0,0,0,0,0,0,0,0,0,0,0,0,0,0,0,0,0,0,0,0,0,0,0,0,0,0,0,0,0,0,0,0,0,0,0,0,0,0,0,0,0,0,0,0,0,0,0,0,0,0,0,0,0,0,0,0,0,0,0,0,0,0,0,0,0,0,0,0,0,0,0,0,0,0,0,0,0,0,0,0,0,0,0,0,0,0,0,0,0,0,0,0,0,0,0,0,0,0,0,0,0,0,0,0,0,0,0,0,0,0,0,0,0,0,0,0,0,0,0,0,0,0,0,0,0,0,0,0,0,0,0,0,0,0,0,0,0,0,0,0,0,0,0,0,0,0,0,0,0,0,0,0,0,0,0,0,0,0,0,0,0,0,0,0,0,0,0,0,0,0,0,0,0,0,0,0,0,0,0,0,0,0,0,0,0,0,0,0,0,0,0,0,0,0,0,0,0,0,0,0,0,0,0,0,0,0,0,0,0,0,0,0,0,0,0,0,0,0,0,0,0,0,0,0,0,0,0,0,0,0,0,0,0,0,0,0,0,0,0,0,0,0,0,0,0,0,0,0,0,0,0,0,0,0,0,0,0,0,0,0,0,0,0,0,0,0,0,0,0,0,0,0,0,0,0,0,0,0,0,0,0,0,0,0,0,0,0,0
"kilimanjaro/hai/machamenarumu",0,0,0,0,0,0,0,0,0,0,0,0,0,0,0,0,0,0,0,0,0,0,0,0,0,0,0,0,0,0,0,0,0,0,0,0,0,0,0,0,0,0,0,0,0,0,0,0,0,0,0,0,0,0,0,0,0,0,0,0,0,0,0,0,0,0,0,0,0,0,0,0,0,0,0,0,0,0,0,0,0,0,0,0,0,0,0,0,0,0,0,0,0,0,0,0,0,0,0,0,0,0,0,0,0,0,0,0,0,0,0,0,0,0,0,0,0,0,0,0,0,0,0,0,0,0,0,0,0,0,0,0,0,0,0,0,0,0,0,0,0,0,0,0,0,0,0,0,0,0,0,0,0,0,0,0,0,0,0,0,0,0,0,0,0,0,0,0,0,0,0,0,0,0,0,0,0,0,0,0,0,0,0,0,0,0,0,0,0,0,0,0,0,0,0,0,0,0,0,0,0,0,0,0,0,0,0,0,0,0,0,0,0,0,0,0,0,0,0,0,0,0,0,0,0,0,0,0,0,0,0,0,0,0,0,0,0,0,0,0,0,0,0,0,0,0,0,0,0,0,0,0,0,0,0,0,0,0,0,0,0,0,0,0,0,0,0,0,0,0,0,0,0,0,0,0,0,0,0,0,0,0,0,0,0,0,0,0,0,0,0,0,0,0,0,0,0,0,0,0,0,0,0,0,0,0,0,0,0,0,0,0,0,0,0,0,0,0,0,0,0,0,0,0,0,0,0,0,0,0,0,0,0,0,0,0,0,0,0,0,0,0,0,0,0,0,0,0,0,0,0,0,0,0,0,0,0,0,0,0,0,0,0,0,0,0,0,0,0,0,0,0,0,0,0,0,0,0,0,0,0,0,0,0,0,0,0,0,0,0,0,0,0,0,0,0,0,0
"kilimanjaro/hai/machameuroki",0,0,0,0,0,0,0,0,0,0,0,0,0,0,0,0,0,0,0,0,0,0,0,0,0,0,0,0,0,0,0,0,0,0,0,0,0,0,0,0,0,0,0,0,0,0,0,0,0,0,0,0,0,0,0,0,0,0,0,0,0,0,0,0,0,0,0,0,0,0,0,0,0,0,0,0,0,0,0,0,0,0,0,0,0,0,0,0,0,0,0,0,0,0,0,0,0,0,0,0,0,0,0,0,0,0,0,0,0,0,0,0,0,0,0,0,0,0,0,0,0,0,0,0,0,0,0,0,0,0,0,0,0,0,0,0,0,0,0,0,0,0,0,0,0,0,0,0,0,0,0,0,0,0,0,0,0,0,0,0,0,0,0,0,0,0,0,0,0,0,0,0,0,0,0,0,0,0,0,0,0,0,0,0,0,0,0,0,0,0,0,0,0,0,0,0,0,0,0,0,0,0,0,0,0,0,0,0,0,0,0,0,0,0,0,0,0,0,0,0,0,0,0,0,0,0,0,0,0,0,0,0,0,0,0,0,0,0,0,0,0,0,0,0,0,0,0,0,0,0,0,0,0,0,0,0,0,0,0,0,0,0,0,0,0,0,0,0,0,0,0,0,0,0,0,0,0,0,0,0,0,0,0,0,0,0,0,0,0,0,0,0,0,0,0,0,0,0,0,0,0,0,0,0,0,0,0,0,0,0,0,0,0,0,0,0,0,0,0,0,0,0,0,0,0,0,0,0,0,0,0,0,0,0,0,0,0,0,0,0,0,0,0,0,0,0,0,0,0,0,0,0,0,0,0,0,0,0,0,0,0,0,0,0,0,0,0,0,0,0,0,0,0,0,0,0,0,0,0,0,0,0,0,0,0,0,0,0,0,0,0,0,0,0,0,0,0,0
"kilimanjaro/hai/machameweruweru",0,0,0,0,0,0,0,0,0,0,0,0,0,0,0,0,0,0,0,0,0,0,0,0,0,0,0,0,0,0,0,0,0,0,0,0,0,0,0,0,0,0,0,0,0,0,0,0,0,0,0,0,0,0,0,0,0,0,0,0,0,0,0,0,0,0,0,0,0,0,0,0,0,0,0,0,0,0,0,0,0,0,0,0,0,0,0,0,0,0,0,0,0,0,0,0,0,0,0,0,0,0,0,0,0,0,0,0,0,0,0,0,0,0,0,0,0,0,0,0,0,0,0,0,0,0,0,0,0,0,0,0,0,0,0,0,0,0,0,0,0,0,0,0,0,0,0,0,0,0,0,0,0,0,0,0,0,0,0,0,0,0,0,0,0,0,0,0,0,0,0,0,0,0,0,0,0,0,0,0,0,0,0,0,0,0,0,0,0,0,0,0,0,0,0,0,0,0,0,0,0,0,0,0,0,0,0,0,0,0,0,0,0,0,0,0,0,0,0,0,0,0,0,0,0,0,0,0,0,0,0,0,0,0,0,0,0,0,0,0,0,0,0,0,0,0,0,0,0,0,0,0,0,0,0,0,0,0,0,0,0,0,0,0,0,0,0,0,0,0,0,0,0,0,0,0,0,0,0,0,0,0,0,0,0,0,0,0,0,0,0,0,0,0,0,0,0,0,0,0,0,0,0,0,0,0,0,0,0,0,0,0,0,0,0,0,0,0,0,0,0,0,0,0,0,0,0,0,0,0,0,0,0,0,0,0,0,0,0,0,0,0,0,0,0,0,0,0,0,0,0,0,0,0,0,0,0,0,0,0,0,0,0,0,0,0,0,0,0,0,0,0,0,0,0,0,0,0,0,0,0,0,0,0,0,0,0,0,0,0,0,0,0,0,0,0,0,0
"manyara/babati/madunga",0,0,0,0,0,0,0,0,0,0,0,0,0,0,0,0,0,0,0,0,0,0,0,0,0,0,0,0,0,0,0,0,0,0,0,0,0,0,0,0,0,0,0,0,0,0,0,0,0,0,0,0,0,0,0,0,0,0,0,0,0,0,0,0,0,0,0,0,0,0,0,0,0,0,0,0,0,0,0,0,0,0,0,0,0,0,0,0,0,0,0,0,0,0,0,0,0,0,0,0,0,0,0,0,0,0,0,0,0,0,0,0,0,0,0,0,0,0,0,0,0,0,0,0,0,0,0,0,0,0,0,0,0,0,0,0,0,0,0,0,0,0,0,0,0,0,0,0,0,0,0,0,0,0,0,0,0,0,0,0,0,0,0,0,0,0,0,0,0,0,0,0,0,0,0,0,0,0,0,0,0,0,0,0,0,0,0,0,0,0,0,0,0,0,0,0,0,0,0,0,0,0,0,0,0,0,0,0,0,0,0,0,0,0,0,0,0,0,0,0,0,0,0,0,0,0,0,0,0,0,0,0,0,0,0,0,0,0,0,0,0,0,0,0,0,0,0,0,0,0,0,0,0,0,0,0,0,0,0,0,0,0,0,0,0,0,0,0,0,0,0,0,0,0,0,0,0,0,0,0,0,0,0,0,0,0,0,0,0,0,0,0,0,0,0,0,0,0,0,0,0,0,0,0,0,0,0,0,0,0,0,0,0,0,0,0,0,0,0,0,0,0,0,0,0,0,0,0,0,0,0,0,0,0,0,0,0,0,0,0,0,0,0,0,0,0,0,0,0,0,0,0,0,0,0,0,0,0,0,0,0,0,0,0,0,0,0,0,0,0,0,0,0,0,0,0,0,0,0,0,0,0,0,0,0,0,0,0,0,0,0,0,0,0,0,0,0,0
"manyara/babati/magara",0,0,0,0,0,0,0,0,0,0,0,0,0,0,0,0,0,0,0,0,0,0,0,0,0,0,0,0,0,0,0,0,0,0,0,0,0,0,0,0,0,0,0,0,0,0,0,0,0,0,0,0,0,0,0,0,0,0,0,0,0,0,0,0,0,0,0,0,0,0,0,0,0,0,0,0,0,0,0,0,0,0,0,0,0,0,0,0,0,0,0,0,0,0,0,0,0,0,0,0,0,0,0,0,0,0,0,0,0,0,0,0,0,0,0,0,0,0,0,0,0,0,0,0,0,0,0,0,0,0,0,0,0,0,0,0,0,0,0,0,0,0,0,0,0,0,0,0,0,0,0,0,0,0,0,0,0,0,0,0,0,0,0,0,0,0,0,0,0,0,0,0,0,0,0,0,0,0,0,0,0,0,0,0,0,0,0,0,0,0,0,0,0,0,0,0,0,0,0,0,0,0,0,0,0,0,0,0,0,0,0,0,0,0,0,0,0,0,0,0,0,0,0,0,0,0,0,0,0,0,0,0,0,0,0,0,0,0,0,0,0,0,0,0,0,0,0,0,0,0,0,0,0,0,0,0,0,0,0,0,0,0,0,0,0,0,0,0,0,0,0,0,0,0,0,0,0,0,0,0,0,0,0,0,0,0,0,0,0,0,0,0,0,0,0,0,0,0,0,0,0,0,0,0,0,0,0,0,0,0,0,0,0,0,0,0,0,0,0,0,0,0,0,0,0,0,0,0,0,0,0,0,0,0,0,0,0,0,0,0,0,0,0,0,0,0,0,0,0,0,0,0,0,0,0,0,0,0,0,0,0,0,0,0,0,0,0,0,0,0,0,0,0,0,0,0,0,0,0,0,0,0,0,0,0,0,0,0,0,0,0,0,0,0,0,0,0,0
"manyara/mbulu/maghang",0,0,0,0,0,0,0,0,0,0,0,0,0,0,0,0,0,0,0,0,0,0,0,0,0,0,0,0,0,0,0,0,0,0,0,0,0,0,0,0,0,0,0,0,0,0,0,0,0,0,0,0,0,0,0,0,0,0,0,0,0,0,0,0,0,0,0,0,0,0,0,0,0,0,0,0,0,0,0,0,0,0,0,0,0,0,0,0,0,0,0,0,0,0,0,0,0,0,0,0,0,0,0,0,0,0,0,0,0,0,0,0,0,0,0,0,0,0,0,0,0,0,0,0,0,0,0,0,0,0,0,0,0,0,0,0,0,0,0,0,0,0,0,0,0,0,0,0,0,0,0,0,0,0,0,0,0,0,0,0,0,0,0,0,0,0,0,0,0,0,0,0,0,0,0,0,0,0,0,0,0,0,0,0,0,0,0,0,0,0,0,0,0,0,0,0,0,0,0,0,0,0,0,0,0,0,0,0,0,0,0,0,0,0,0,0,0,0,0,0,0,0,0,0,0,0,0,0,0,0,0,0,0,0,0,0,0,0,0,0,0,0,0,0,0,0,0,0,0,0,0,0,0,0,0,0,0,0,0,0,0,0,0,0,0,0,0,0,0,0,0,0,0,0,0,0,0,0,0,0,0,0,0,0,0,0,0,0,0,0,0,0,0,0,0,0,0,0,0,0,0,0,0,0,0,0,0,0,0,0,0,0,0,0,0,0,0,0,0,0,0,0,0,0,0,0,0,0,0,0,0,0,0,0,0,0,0,0,0,0,0,0,0,0,0,0,0,0,0,0,0,0,0,0,0,0,0,0,0,0,0,0,0,0,0,0,0,0,0,0,0,0,0,0,0,0,0,0,0,0,0,0,0,0,0,0,0,0,0,0,0,0,0,0,0,0,0,0
"manyara/babati/magugu",0.000147,4.3e-05,1e-05,0.000208,9.1e-05,0.00049,3.2e-05,4.3e-05,6.6e-05,0.043585,0.000475,1.3e-05,0.000109,0.001748,0.000652,0.000101,4.9e-05,0.000263,2.2e-05,7.2e-05,8e-06,8.7e-05,5.6e-05,9e-06,7e-06,3e-06,0.000156,6.9e-05,3e-06,1.1e-05,0.000646,1.7e-05,4e-06,6e-06,0.00016,9.2e-05,0.000178,0.003285,0.000217,0.00019,3.4e-05,1.6e-05,0.000549,0.001611,0.000108,7e-05,6.4e-05,0.04229,0.018627,7.9e-05,7.5e-05,3.1e-05,5.9e-05,2.8e-05,0.001731,2e-05,2.1e-05,0.000449,0.000429,0.007661,0.000277,0.001119,0.000548,4.7e-05,0,0.001245,0.000672,1.4e-05,0.000712,0.023925,2.6e-05,4e-06,1.9e-05,0.001339,6.3e-05,0.000497,6.4e-05,1.3e-05,9e-06,1.4e-05,1.4e-05,0.000229,3e-05,1.8e-05,6.8e-05,4e-05,0.003843,1.9e-05,0.000545,0.001423,1.4e-05,1.4e-05,0.002844,0.000794,3.1e-05,0.00382,0.000218,4e-06,0.001498,0.000354,8.4e-05,1.5e-05,0.000251,0.000269,4.7e-05,0.001707,5.1e-05,0.000313,0.000144,0.004914,0.000152,0.000841,0.000567,7e-06,1.3e-05,9e-06,0.001457,1.2e-05,0.00168,0.000152,8.3e-05,0.00289,9e-06,3.5e-05,4e-06,0.000104,0.000471,0.007567,0.000591,1e-05,9e-06,0.000324,0.000661,7e-05,3e-06,0.000965,5.3e-05,0.000196,0.003425,0.000507,0.000285,6e-06,0.000347,4.6e-05,1.7e-05,0.000504,0.000289,0.000715,0.000581,0.000192,9e-06,9e-06,1.4e-05,1.1e-05,0.000414,0.012658,3.6e-05,7.2e-05,6.6e-05,0.024797,9.6e-05,0.005456,4e-06,2.5e-05,1.3e-05,1.2e-05,0.000141,0.000145,0.002033,5.7e-05,0.000156,0.005798,0.029162,0.000278,5.3e-05,0.001908,0.026831,1e-05,0.000501,0.000261,3e-06,3.7e-05,0.000822,8.5e-05,0.003197,0.061764,6e-06,1.2e-05,0.001654,0.000502,0.00014,0.000657,0.001838,3.5e-05,0,2.3e-05,9e-06,0.000301,0.00058,2.1e-05,0.002593,0.000372,0.000463,1.1e-05,0.000742,7.7e-05,0.004887,0.007605,0.000524,1.2e-05,1.1e-05,0.001381,0.001514,4e-06,1.4e-05,0.000104,3.6e-05,0.006489,6.4e-05,0.000396,3.9e-05,1.3e-05,4.2e-05,1.3e-05,0.002106,4.6e-05,0.002781,2.5e-05,0.000161,1.9e-05,2.3e-05,5.2e-05,0.002022,0.004702,8.5e-05,1e-06,1.3e-05,0.000545,0.001019,8e-06,0.000289,0.071834,5e-06,0.011792,5e-06,9e-06,3.2e-05,0.001401,2.6e-05,0.000249,0.009392,0.010141,3.1e-05,0.002586,0.000379,0.000215,1.1e-05,4.9e-05,7e-06,7e-06,5e-06,0.000236,7.2e-05,6e-06,0.004988,4.2e-05,0.000118,0.003742,0.000225,0.018401,0.002799,0.001345,8e-06,7e-06,0.004195,2.2e-05,0.000244,0.001297,0.000155,0.000173,0.000106,1.3e-05,0.012938,0.000276,1.5e-05,0.000351,1.2e-05,2.4e-05,7.5e-05,1.1e-05,9.5e-05,0.000115,1.9e-05,0.007258,0.000126,0.000234,0.002486,5.1e-05,0.000323,0.000663,4e-06,3e-06,9e-06,0.000112,2.1e-05,0.065403,0.000203,2.4e-05,1.6e-05,1.1e-05,0.003175,0.000307,6.4e-05,7e-06,8e-05,2.1e-05,1.8e-05,0.005174,0.002337,0.004922,0.000631,0.00317,0.000302,0.001067,0.022913,0.000432,0.00055,7.8e-05,4.4e-05,0.000671,0.00095,0.00042,0.016334,0.001203,0.001015,2.1e-05,4.4e-05,6.7e-05,0.005937,0.000407,2.8e-05,7e-06,3.1e-05,0.000147,0.001159,0.000182,0.000128,0.000983,0.000816,0.000165,4.1e-05,0.000704,7.7e-05,0.011759,0.002166,0.001812,0.001307,4.4e-05,1.6e-05,0.00013,0.000154,2.5e-05,0.000153,1.4e-05,3.1e-05,0.007317,0.002349,0.005178,2.2e-05,0.000641,4.9e-05,2e-06,8e-06,4e-05,1.9e-05,0.00059,0.000896,1.8e-05,0.002346,4e-05,4e-06,5.6e-05,0.004661,0.000305,3.4e-05,0.000216,1e-05,0.001205,0.000213,7e-06,0.002626,8e-06,7e-06,1.4e-05,2e-06,3e-06,5.4e-05,2e-05
"manyara/kiteto/magungu",0,0,0,0,0,0,0,0,0,0,0,0,0,0,0,0,0,0,0,0,0,0,0,0,0,0,0,0,0,0,0,0,0,0,0,0,0,0,0,0,0,0,0,0,0,0,0,0,0,0,0,0,0,0,0,0,0,0,0,0,0,0,0,0,0,0,0,0,0,0,0,0,0,0,0,0,0,0,0,0,0,0,0,0,0,0,0,0,0,0,0,0,0,0,0,0,0,0,0,0,0,0,0,0,0,0,0,0,0,0,0,0,0,0,0,0,0,0,0,0,0,0,0,0,0,0,0,0,0,0,0,0,0,0,0,0,0,0,0,0,0,0,0,0,0,0,0,0,0,0,0,0,0,0,0,0,0,0,0,0,0,0,0,0,0,0,0,0,0,0,0,0,0,0,0,0,0,0,0,0,0,0,0,0,0,0,0,0,0,0,0,0,0,0,0,0,0,0,0,0,0,0,0,0,0,0,0,0,0,0,0,0,0,0,0,0,0,0,0,0,0,0,0,0,0,0,0,0,0,0,0,0,0,0,0,0,0,0,0,0,0,0,0,0,0,0,0,0,0,0,0,0,0,0,0,0,0,0,0,0,0,0,0,0,0,0,0,0,0,0,0,0,0,0,0,0,0,0,0,0,0,0,0,0,0,0,0,0,0,0,0,0,0,0,0,0,0,0,0,0,0,0,0,0,0,0,0,0,0,0,0,0,0,0,0,0,0,0,0,0,0,0,0,0,0,0,0,0,0,0,0,0,0,0,0,0,0,0,0,0,0,0,0,0,0,0,0,0,0,0,0,0,0,0,0,0,0,0,0,0,0,0,0,0,0,0,0,0,0,0,0,0,0,0,0,0,0,0,0,0,0,0,0,0,0,0,0,0,0,0,0,0,0,0,0,0,0,0
"kilimanjaro/rombo/mahida",0,0,0,0,0,0,0,0,0,0,0,0,0,0,0,0,0,0,0,0,0,0,0,0,0,0,0,0,0,0,0,0,0,0,0,0,0,0,0,0,0,0,0,0,0,0,0,0,0,0,0,0,0,0,0,0,0,0,0,0,0,0,0,0,0,0,0,0,0,0,0,0,0,0,0,0,0,0,0,0,0,0,0,0,0,0,0,0,0,0,0,0,0,0,0,0,0,0,0,0,0,0,0,0,0,0,0,0,0,0,0,0,0,0,0,0,0,0,0,0,0,0,0,0,0,0,0,0,0,0,0,0,0,0,0,0,0,0,0,0,0,0,0,0,0,0,0,0,0,0,0,0,0,0,0,0,0,0,0,0,0,0,0,0,0,0,0,0,0,0,0,0,0,0,0,0,0,0,0,0,0,0,0,0,0,0,0,0,0,0,0,0,0,0,0,0,0,0,0,0,0,0,0,0,0,0,0,0,0,0,0,0,0,0,0,0,0,0,0,0,0,0,0,0,0,0,0,0,0,0,0,0,0,0,0,0,0,0,0,0,0,0,0,0,0,0,0,0,0,0,0,0,0,0,0,0,0,0,0,0,0,0,0,0,0,0,0,0,0,0,0,0,0,0,0,0,0,0,0,0,0,0,0,0,0,0,0,0,0,0,0,0,0,0,0,0,0,0,0,0,0,0,0,0,0,0,0,0,0,0,0,0,0,0,0,0,0,0,0,0,0,0,0,0,0,0,0,0,0,0,0,0,0,0,0,0,0,0,0,0,0,0,0,0,0,0,0,0,0,0,0,0,0,0,0,0,0,0,0,0,0,0,0,0,0,0,0,0,0,0,0,0,0,0,0,0,0,0,0,0,0,0,0,0,0,0,0,0,0,0,0,0,0,0,0,0,0,0
"manyara/babatiurban/maisaka",0,0,0,0,0,0,0,0,0,0,0,0,0,0,0,0,0,0,0,0,0,0,0,0,0,0,0,0,0,0,0,0,0,0,0,0,0,0,0,0,0,0,0,0,0,0,0,0,0,0,0,0,0,0,0,0,0,0,0,0,0,0,0,0,0,0,0,0,0,0,0,0,0,0,0,0,0,0,0,0,0,0,0,0,0,0,0,0,0,0,0,0,0,0,0,0,0,0,0,0,0,0,0,0,0,0,0,0,0,0,0,0,0,0,0,0,0,0,0,0,0,0,0,0,0,0,0,0,0,0,0,0,0,0,0,0,0,0,0,0,0,0,0,0,0,0,0,0,0,0,0,0,0,0,0,0,0,0,0,0,0,0,0,0,0,0,0,0,0,0,0,0,0,0,0,0,0,0,0,0,0,0,0,0,0,0,0,0,0,0,0,0,0,0,0,0,0,0,0,0,0,0,0,0,0,0,0,0,0,0,0,0,0,0,0,0,0,0,0,0,0,0,0,0,0,0,0,0,0,0,0,0,0,0,0,0,0,0,0,0,0,0,0,0,0,0,0,0,0,0,0,0,0,0,0,0,0,0,0,0,0,0,0,0,0,0,0,0,0,0,0,0,0,0,0,0,0,0,0,0,0,0,0,0,0,0,0,0,0,0,0,0,0,0,0,0,0,0,0,0,0,0,0,0,0,0,0,0,0,0,0,0,0,0,0,0,0,0,0,0,0,0,0,0,0,0,0,0,0,0,0,0,0,0,0,0,0,0,0,0,0,0,0,0,0,0,0,0,0,0,0,0,0,0,0,0,0,0,0,0,0,0,0,0,0,0,0,0,0,0,0,0,0,0,0,0,0,0,0,0,0,0,0,0,0,0,0,0,0,0,0,0,0,0,0,0,0,0
"kilimanjaro/moshimunicipal/majengo",0,0,0,0,0,0,0,0,0,0,0,0,0,0,0,0,0,0,0,0,0,0,0,0,0,0,0,0,0,0,0,0,0,0,0,0,0,0,0,0,0,0,0,0,0,0,0,0,0,0,0,0,0,0,0,0,0,0,0,0,0,0,0,0,0,0,0,0,0,0,0,0,0,0,0,0,0,0,0,0,0,0,0,0,0,0,0,0,0,0,0,0,0,0,0,0,0,0,0,0,0,0,0,0,0,0,0,0,0,0,0,0,0,0,0,0,0,0,0,0,0,0,0,0,0,0,0,0,0,0,0,0,0,0,0,0,0,0,0,0,0,0,0,0,0,0,0,0,0,0,0,0,0,0,0,0,0,0,0,0,0,0,0,0,0,0,0,0,0,0,0,0,0,0,0,0,0,0,0,0,0,0,0,0,0,0,0,0,0,0,0,0,0,0,0,0,0,0,0,0,0,0,0,0,0,0,0,0,0,0,0,0,0,0,0,0,0,0,0,0,0,0,0,0,0,0,0,0,0,0,0,0,0,0,0,0,0,0,0,0,0,0,0,0,0,0,0,0,0,0,0,0,0,0,0,0,0,0,0,0,0,0,0,0,0,0,0,0,0,0,0,0,0,0,0,0,0,0,0,0,0,0,0,0,0,0,0,0,0,0,0,0,0,0,0,0,0,0,0,0,0,0,0,0,0,0,0,0,0,0,0,0,0,0,0,0,0,0,0,0,0,0,0,0,0,0,0,0,0,0,0,0,0,0,0,0,0,0,0,0,0,0,0,0,0,0,0,0,0,0,0,0,0,0,0,0,0,0,0,0,0,0,0,0,0,0,0,0,0,0,0,0,0,0,0,0,0,0,0,0,0,0,0,0,0,0,0,0,0,0,0,0,0,0,0,0,0,0
"arusha/monduli/majengo",0,0,0,0,0,0,0,0,0,0,0,0,0,0,0,0,0,0,0,0,0,0,0,0,0,0,0,0,0,0,0,0,0,0,0,0,0,0,0,0,0,0,0,0,0,0,0,0,0,0,0,0,0,0,0,0,0,0,0,0,0,0,0,0,0,0,0,0,0,0,0,0,0,0,0,0,0,0,0,0,0,0,0,0,0,0,0,0,0,0,0,0,0,0,0,0,0,0,0,0,0,0,0,0,0,0,0,0,0,0,0,0,0,0,0,0,0,0,0,0,0,0,0,0,0,0,0,0,0,0,0,0,0,0,0,0,0,0,0,0,0,0,0,0,0,0,0,0,0,0,0,0,0,0,0,0,0,0,0,0,0,0,0,0,0,0,0,0,0,0,0,0,0,0,0,0,0,0,0,0,0,0,0,0,0,0,0,0,0,0,0,0,0,0,0,0,0,0,0,0,0,0,0,0,0,0,0,0,0,0,0,0,0,0,0,0,0,0,0,0,0,0,0,0,0,0,0,0,0,0,0,0,0,0,0,0,0,0,0,0,0,0,0,0,0,0,0,0,0,0,0,0,0,0,0,0,0,0,0,0,0,0,0,0,0,0,0,0,0,0,0,0,0,0,0,0,0,0,0,0,0,0,0,0,0,0,0,0,0,0,0,0,0,0,0,0,0,0,0,0,0,0,0,0,0,0,0,0,0,0,0,0,0,0,0,0,0,0,0,0,0,0,0,0,0,0,0,0,0,0,0,0,0,0,0,0,0,0,0,0,0,0,0,0,0,0,0,0,0,0,0,0,0,0,0,0,0,0,0,0,0,0,0,0,0,0,0,0,0,0,0,0,0,0,0,0,0,0,0,0,0,0,0,0,0,0,0,0,0,0,0,0,0,0,0,0,0,0
"arusha/meru/majiyachai",0.000232,0,2e-06,2e-06,0,0.000123,0,0,0,1e-05,0,0,0.00011,0.001408,1e-06,0,0,0,0,0,0,7.9e-05,0,3e-06,0,1e-06,0,0,0,0,0.000355,0,0,1e-06,0,0,8.1e-05,1e-06,0,4e-06,0,0,4e-06,1e-06,1e-06,0,3e-06,0.015546,8.6e-05,0,0,0,0,0,1e-06,0,1e-05,0,1.1e-05,3e-05,1.3e-05,1.6e-05,8.2e-05,0,0,0.000576,5.1e-05,0,3e-06,9e-06,0,0,1.5e-05,1e-06,0,1.2e-05,2e-06,0,0,0,0,0,0,0,0,0,0.003119,0,1e-06,3e-05,0,0,0.000425,0.000593,1e-06,3e-06,0.000161,0,0.00031,6.4e-05,0,0,8e-06,0.000127,1.5e-05,0.000347,0,0.000122,0.000188,1.2e-05,0.000105,0.000168,1e-06,3e-06,2e-06,2e-06,0.001361,0,0.000505,5.4e-05,2.5e-05,0.000961,1e-06,4e-06,0,3e-06,4e-06,0.036358,0.000899,2e-06,2e-06,4.4e-05,0.000101,2.5e-05,0,0.000625,2.4e-05,5.2e-05,0.00036,0.000219,0.000879,0,0.000141,1.8e-05,3e-06,4.8e-05,0,0.000163,0.00014,4.1e-05,2e-06,1e-06,2e-06,1e-06,1.7e-05,0.00136,4e-06,3e-06,1e-06,0.008702,1.2e-05,8.1e-05,2e-06,2e-06,0,0,2e-05,0.000392,0.000898,6e-06,1e-06,6.7e-05,0.012825,1.1e-05,3.3e-05,7e-06,8.4e-05,1e-06,0.000184,3e-06,0,1e-06,2.3e-05,2.3e-05,0.001558,0.04621,2e-06,5e-06,0.000836,0.000291,5.7e-05,0,1e-06,0,6e-06,0,2e-06,0,0.000189,0,0,2e-06,1.1e-05,1.3e-05,0.000138,0.000128,0.000822,3.6e-05,6e-06,2e-06,2e-06,0,0.000224,1e-06,0,4e-06,0,0.000956,1.4e-05,7.9e-05,0,3.6e-05,0,9e-06,0.001665,3.6e-05,0.001559,1.2e-05,0,0,0,0,8e-05,0.000733,1e-06,0,4e-06,0.000228,6e-06,1e-06,0.000143,0.002261,2e-06,0.000633,0,3e-06,1e-05,0.001154,0,1.9e-05,0.004762,0.000568,2e-06,0.001734,8.8e-05,7e-06,2e-06,6e-06,2e-06,0,0,3.3e-05,0,0,1.5e-05,3e-06,0,0.000462,0,2e-06,0.000492,0.000174,1e-06,0,0.000724,4e-06,8e-06,2.7e-05,0,2e-06,2.8e-05,0,0.00131,0,0,0,0,5e-06,0,1e-05,1e-06,4.3e-05,1e-06,0.00561,3.7e-05,0.000126,0.001888,2.1e-05,2.8e-05,3e-06,1e-06,0,3e-06,7e-06,0,3e-05,0.00024,0.000141,2.4e-05,4e-06,0.000508,2e-06,0,2e-06,2.2e-05,0,0,0.001722,0.000416,0.000474,3.8e-05,0.000877,0.000398,0.000256,0.006041,5e-06,7e-06,4.7e-05,1e-06,0.000216,0.000606,0.000106,0.00156,2.3e-05,1.6e-05,0,1.5e-05,2e-06,0.017678,0,0,2e-06,0,0,4.9e-05,4e-06,2e-06,5e-04,4.5e-05,3e-06,0,0.000737,0.000166,0.006278,2.2e-05,5.8e-05,0.000116,5e-06,3e-06,4.9e-05,0,0,0,0,0,0.005698,0.000609,0.001759,0,0.001684,1.8e-05,0,0,0,4e-06,0.00015,1.2e-05,1e-05,0.000389,0,0,0,0.00081,0,0,8.9e-05,3e-06,0.000429,6.3e-05,2e-06,0.011913,2e-06,0,1e-06,0,0,0,0
"manyara/kiteto/makame",0,0,0,0,0,0,0,0,0,0,0,0,0,0,0,0,0,0,0,0,0,0,0,0,0,0,0,0,0,0,0,0,0,0,0,0,0,0,0,0,0,0,0,0,0,0,0,0,0,0,0,0,0,0,0,0,0,0,0,0,0,0,0,0,0,0,0,0,0,0,0,0,0,0,0,0,0,0,0,0,0,0,0,0,0,0,0,0,0,0,0,0,0,0,0,0,0,0,0,0,0,0,0,0,0,0,0,0,0,0,0,0,0,0,0,0,0,0,0,0,0,0,0,0,0,0,0,0,0,0,0,0,0,0,0,0,0,0,0,0,0,0,0,0,0,0,0,0,0,0,0,0,0,0,0,0,0,0,0,0,0,0,0,0,0,0,0,0,0,0,0,0,0,0,0,0,0,0,0,0,0,0,0,0,0,0,0,0,0,0,0,0,0,0,0,0,0,0,0,0,0,0,0,0,0,0,0,0,0,0,0,0,0,0,0,0,0,0,0,0,0,0,0,0,0,0,0,0,0,0,0,0,0,0,0,0,0,0,0,0,0,0,0,0,0,0,0,0,0,0,0,0,0,0,0,0,0,0,0,0,0,0,0,0,0,0,0,0,0,0,0,0,0,0,0,0,0,0,0,0,0,0,0,0,0,0,0,0,0,0,0,0,0,0,0,0,0,0,0,0,0,0,0,0,0,0,0,0,0,0,0,0,0,0,0,0,0,0,0,0,0,0,0,0,0,0,0,0,0,0,0,0,0,0,0,0,0,0,0,0,0,0,0,0,0,0,0,0,0,0,0,0,0,0,0,0,0,0,0,0,0,0,0,0,0,0,0,0,0,0,0,0,0,0,0,0,0,0,0,0,0,0,0,0,0,0,0,0,0,0,0,0,0,0,0,0,0,0
"kilimanjaro/same/makanya",1.4e-05,1e-06,6e-06,1.2e-05,0,0.000312,0,0,0,5.7e-05,1e-06,0,1e-05,0.000146,8e-06,0,0,1e-06,0,1e-06,0.000119,1.7e-05,0,4e-06,0.000197,1e-06,0,0,0,0.000548,6.5e-05,2e-06,0.000193,1.4e-05,2e-06,1e-06,1.3e-05,1.3e-05,1e-06,1.5e-05,0,0,0.000139,9e-06,1.6e-05,0,3e-06,0.002885,0.00025,1e-06,0,0,0,0,1.1e-05,0,4e-06,1e-06,0.001084,0.000202,2.7e-05,3.7e-05,4.2e-05,8e-06,0,9.4e-05,2.5e-05,0,5e-06,7.2e-05,0,0,4e-06,3e-06,1e-06,3.4e-05,3e-06,0,0,0,0,1e-06,0,0,1e-06,0,0.001123,0,8e-06,0.071585,0,0,0.002338,6.8e-05,1e-06,1.4e-05,5e-05,6e-06,0.001157,0.000299,0,0,0.003134,1.9e-05,2.3e-05,0.000428,0,0.000132,2.2e-05,5e-05,3.6e-05,0.000389,6e-06,0,7e-06,6e-06,0.000395,2e-06,0.000828,5.4e-05,2.8e-05,0.001086,1.6e-05,6.9e-05,9e-06,0.001944,0.000202,0.001266,7.6e-05,5e-06,5e-06,0.000227,0.000681,3.1e-05,7e-06,7.6e-05,4e-06,0.000103,0.000395,0.000191,5.4e-05,0.000218,2.4e-05,1.8e-05,9e-06,0.001102,0,0.000454,0.000312,0.000121,4e-06,1.9e-05,8e-06,0.00017,0.003261,0.000541,1.8e-05,4e-06,8.2e-05,0.011438,0.000121,0.000382,2e-06,7.5e-05,0,0,0.000175,2.2e-05,0.000148,0.000121,6.1e-05,0.000103,0.00209,0.00132,1.2e-05,8.1e-05,0.000231,1e-06,0.000213,0.000172,1e-04,2e-06,0.034802,5e-05,0.00098,0.024112,2e-06,4e-06,0.000551,0.000149,6.1e-05,2e-06,5e-06,0,3.8e-05,5e-06,7e-06,0,0.000273,0,0.000364,3.5e-05,0,2e-06,0.000407,1.5e-05,0.003985,7.6e-05,2.3e-05,7e-06,7e-06,1e-06,0.001132,3e-06,0,0.00119,0,0.003522,3.5e-05,0.000241,0,2e-06,0,3e-06,0.000593,1.2e-05,0.000766,1e-05,1e-06,0,0,0,0.000173,0.000239,1e-05,0,6e-06,8.2e-05,1.7e-05,5e-06,6.4e-05,0.001428,2e-06,0.044789,0.000124,4e-06,1.5e-05,0.000129,0,1e-05,0.000693,0.000456,1e-06,0.000213,0.000115,0.008838,6e-06,7.4e-05,4e-06,0.000153,0.000129,0.000167,0,0.000176,4.8e-05,3e-06,0,0.000171,0,8e-06,0.000153,0.001871,1.2e-05,0.000332,0.00299,1.4e-05,0.006808,0.000524,0,4e-06,4.3e-05,0,0.001616,1e-06,3e-06,1e-06,0,1e-05,0,2e-06,2.2e-05,2.3e-05,0.000397,0.000777,6.4e-05,4.7e-05,0.000288,4e-06,0.000525,1.1e-05,3e-06,6e-06,4e-06,0.000708,3e-06,0.000119,1.8e-05,3e-06,1e-06,4e-06,0.000181,9e-06,6e-06,4e-06,4e-05,0,1e-06,0.000484,0.001119,0.000292,3.5e-05,0.000208,7e-05,0.000201,0.001573,3.3e-05,4.1e-05,6e-06,4e-06,4.3e-05,7.4e-05,2.5e-05,0.001626,1e-04,0.001467,4e-06,2.1e-05,4e-06,0.000645,2e-06,0,3e-06,0,0,0.018711,0.001489,9e-06,7.7e-05,0.008174,1.2e-05,0,0.00014,8e-06,0.000883,4.2e-05,4.4e-05,0.000286,7.6e-05,1e-05,5.7e-05,0,0,0,0,2e-06,0.000605,0.000161,0.00034,4e-06,7.2e-05,2.2e-05,3.9e-05,0.000681,1.2e-05,7e-06,3.9e-05,3.4e-05,1e-06,0.000325,0,1.4e-05,0,0.002095,2e-06,0,1.5e-05,4e-06,0.000501,9.6e-05,3e-06,0.000318,4e-06,0.000271,0.00035,2.2e-05,6.9e-05,0,0
"arusha/meru/makiba",0,0,0,0,0,0,0,0,0,0,0,0,0,0,0,0,0,0,0,0,0,0,0,0,0,0,0,0,0,0,0,0,0,0,0,0,0,0,0,0,0,0,0,0,0,0,0,0,0,0,0,0,0,0,0,0,0,0,0,0,0,0,0,0,0,0,0,0,0,0,0,0,0,0,0,0,0,0,0,0,0,0,0,0,0,0,0,0,0,0,0,0,0,0,0,0,0,0,0,0,0,0,0,0,0,0,0,0,0,0,0,0,0,0,0,0,0,0,0,0,0,0,0,0,0,0,0,0,0,0,0,0,0,0,0,0,0,0,0,0,0,0,0,0,0,0,0,0,0,0,0,0,0,0,0,0,0,0,0,0,0,0,0,0,0,0,0,0,0,0,0,0,0,0,0,0,0,0,0,0,0,0,0,0,0,0,0,0,0,0,0,0,0,0,0,0,0,0,0,0,0,0,0,0,0,0,0,0,0,0,0,0,0,0,0,0,0,0,0,0,0,0,0,0,0,0,0,0,0,0,0,0,0,0,0,0,0,0,0,0,0,0,0,0,0,0,0,0,0,0,0,0,0,0,0,0,0,0,0,0,0,0,0,0,0,0,0,0,0,0,0,0,0,0,0,0,0,0,0,0,0,0,0,0,0,0,0,0,0,0,0,0,0,0,0,0,0,0,0,0,0,0,0,0,0,0,0,0,0,0,0,0,0,0,0,0,0,0,0,0,0,0,0,0,0,0,0,0,0,0,0,0,0,0,0,0,0,0,0,0,0,0,0,0,0,0,0,0,0,0,0,0,0,0,0,0,0,0,0,0,0,0,0,0,0,0,0,0,0,0,0,0,0,0,0,0,0,0,0,0,0,0,0,0,0,0,0,0,0,0,0,0,0,0,0,0,0,0
"kilimanjaro/rombo/makiidi",0,0,0,0,0,0,0,0,0,0,0,0,0,0,0,0,0,0,0,0,0,0,0,0,0,0,0,0,0,0,0,0,0,0,0,0,0,0,0,0,0,0,0,0,0,0,0,0,0,0,0,0,0,0,0,0,0,0,0,0,0,0,0,0,0,0,0,0,0,0,0,0,0,0,0,0,0,0,0,0,0,0,0,0,0,0,0,0,0,0,0,0,0,0,0,0,0,0,0,0,0,0,0,0,0,0,0,0,0,0,0,0,0,0,0,0,0,0,0,0,0,0,0,0,0,0,0,0,0,0,0,0,0,0,0,0,0,0,0,0,0,0,0,0,0,0,0,0,0,0,0,0,0,0,0,0,0,0,0,0,0,0,0,0,0,0,0,0,0,0,0,0,0,0,0,0,0,0,0,0,0,0,0,0,0,0,0,0,0,0,0,0,0,0,0,0,0,0,0,0,0,0,0,0,0,0,0,0,0,0,0,0,0,0,0,0,0,0,0,0,0,0,0,0,0,0,0,0,0,0,0,0,0,0,0,0,0,0,0,0,0,0,0,0,0,0,0,0,0,0,0,0,0,0,0,0,0,0,0,0,0,0,0,0,0,0,0,0,0,0,0,0,0,0,0,0,0,0,0,0,0,0,0,0,0,0,0,0,0,0,0,0,0,0,0,0,0,0,0,0,0,0,0,0,0,0,0,0,0,0,0,0,0,0,0,0,0,0,0,0,0,0,0,0,0,0,0,0,0,0,0,0,0,0,0,0,0,0,0,0,0,0,0,0,0,0,0,0,0,0,0,0,0,0,0,0,0,0,0,0,0,0,0,0,0,0,0,0,0,0,0,0,0,0,0,0,0,0,0,0,0,0,0,0,0,0,0,0,0,0,0,0,0,0,0,0,0,0
"kilimanjaro/siha/makiwaru",1.8e-05,0,1e-06,1e-06,0,5.5e-05,0,0,0,3e-06,0,0,1.2e-05,0.000146,0,0,0,0,0,0,0,0.000529,0,2e-06,0,1e-06,0,0,0,0,4.6e-05,0,0,0,0,0,1e-05,0,0,1e-06,0,0,1e-06,0,0,0,1e-06,0.002167,2e-05,0,0,0,0,0,0,0,2e-06,0,3e-06,9e-06,5e-06,5e-06,2.7e-05,0,0,6.7e-05,1.1e-05,0,1e-06,2e-06,0,0,2.4e-05,0,0,4e-06,1e-06,0,0,0,0,0,0,0,0,0,0.002157,0,0,1e-05,0,0,0.000228,9e-05,0,1e-06,0.000291,0,0.000148,3.2e-05,0,0,3e-06,1.6e-05,9e-06,0.000243,0,8.3e-05,0.000166,3e-06,0.000172,0.000111,0,0,2e-06,1e-06,0.000563,0,0.000323,4.6e-05,2.3e-05,0.000775,0,2e-06,0,1e-06,1e-06,0.002998,7.5e-05,2e-06,1e-06,2.5e-05,4.9e-05,1.7e-05,0,7.1e-05,3e-06,3.3e-05,0.00016,0.00017,0.000388,0,1.9e-05,1.4e-05,2e-06,2e-05,0,9.2e-05,8.8e-05,2.4e-05,1e-06,0,1e-06,0,7e-06,0.000244,2e-06,1e-06,0,0.005637,6e-06,1.8e-05,1e-06,1e-06,0,0,8e-06,0.000224,0.000108,2e-06,0,1.6e-05,0.001683,4e-06,4.9e-05,2e-06,1.9e-05,1e-06,0.000129,1e-06,0,0,8e-06,1.2e-05,0.001625,0.032044,2e-06,4e-06,0.000765,0.000324,3.2e-05,0,0,0,2e-06,0,1e-06,0,0.000122,0,0.001112,1e-06,4e-06,2e-06,8.6e-05,0,0.000436,8e-06,2e-06,1e-06,1e-06,0,0.000123,0,0,1e-06,0,0.000569,9e-06,4.7e-05,0,3e-06,0,1.2e-05,0.001726,6.1e-05,0.001928,6e-06,0,0,0,0,3e-05,0.000113,0,0,2e-06,3.1e-05,2e-06,1e-06,2.8e-05,0.000458,1e-06,0.000247,0,2e-06,6e-06,0.000109,0,3e-06,0.000616,0.000141,0,0.000181,6.6e-05,3e-06,1e-06,3e-06,1e-06,0,0,1.2e-05,0,0,4e-06,1e-06,0,8.7e-05,0,1e-06,9.7e-05,7.5e-05,0,0,0.000406,2e-06,3e-06,7e-06,0,0,8e-06,0,0.000598,0,0,0,0,3e-06,0,2.6e-05,0,3.7e-05,0,0.000563,2.3e-05,0.000146,0.000577,3e-06,9e-06,1e-06,0,0,2e-06,3e-06,0,7e-06,2.2e-05,6e-06,2e-06,4e-06,7.6e-05,1e-06,0,1e-06,1.4e-05,0,0,0.000494,0.000265,7.2e-05,7e-06,0.000174,0.000531,0.000175,0.000948,2e-06,2e-06,5e-06,0,3.2e-05,7.6e-05,1.8e-05,0.00064,8e-06,5e-06,0,9e-06,1e-06,0.001035,0,0,2e-06,0,0,1.7e-05,1e-06,1e-06,8.8e-05,1.7e-05,1e-06,0,0.002405,1.2e-05,0.000771,6e-06,1.2e-05,2.5e-05,2e-06,2e-06,3.1e-05,0,0,0,0,0,0.000648,7.8e-05,0.000238,0,0.000175,1.1e-05,0,0,0,3e-06,2e-05,2e-06,1e-06,0.000215,0,0,0,0.00052,0,0,1.2e-05,2e-06,0.000314,4.4e-05,1e-06,0.000513,1e-06,0,0,0,0,0,0
"kilimanjaro/moshi/makuyuni",0,0,0,0,0,0,0,0,0,0,0,0,0,0,0,0,0,0,0,0,0,0,0,0,0,0,0,0,0,0,0,0,0,0,0,0,0,0,0,0,0,0,0,0,0,0,0,0,0,0,0,0,0,0,0,0,0,0,0,0,0,0,0,0,0,0,0,0,0,0,0,0,0,0,0,0,0,0,0,0,0,0,0,0,0,0,0,0,0,0,0,0,0,0,0,0,0,0,0,0,0,0,0,0,0,0,0,0,0,0,0,0,0,0,0,0,0,0,0,0,0,0,0,0,0,0,0,0,0,0,0,0,0,0,0,0,0,0,0,0,0,0,0,0,0,0,0,0,0,0,0,0,0,0,0,0,0,0,0,0,0,0,0,0,0,0,0,0,0,0,0,0,0,0,0,0,0,0,0,0,0,0,0,0,0,0,0,0,0,0,0,0,0,0,0,0,0,0,0,0,0,0,0,0,0,0,0,0,0,0,0,0,0,0,0,0,0,0,0,0,0,0,0,0,0,0,0,0,0,0,0,0,0,0,0,0,0,0,0,0,0,0,0,0,0,0,0,0,0,0,0,0,0,0,0,0,0,0,0,0,0,0,0,0,0,0,0,0,0,0,0,0,0,0,0,0,0,0,0,0,0,0,0,0,0,0,0,0,0,0,0,0,0,0,0,0,0,0,0,0,0,0,0,0,0,0,0,0,0,0,0,0,0,0,0,0,0,0,0,0,0,0,0,0,0,0,0,0,0,0,0,0,0,0,0,0,0,0,0,0,0,0,0,0,0,0,0,0,0,0,0,0,0,0,0,0,0,0,0,0,0,0,0,0,0,0,0,0,0,0,0,0,0,0,0,0,0,0,0,0,0,0,0,0,0,0,0,0,0,0,0,0,0,0,0,0,0,0
"arusha/monduli/makuyuni",5.3e-05,1.3e-05,2e-06,4.1e-05,1e-06,9.2e-05,1e-06,1e-06,1e-06,0.000328,5e-06,0,4.3e-05,0.000686,4.2e-05,4e-06,2e-06,6e-06,1e-06,3e-06,1e-06,2.4e-05,1e-06,2e-06,1e-06,1e-06,2e-06,6e-06,0,1e-06,0.000186,1e-06,0,1e-06,2.3e-05,2e-06,7.6e-05,5.8e-05,1.1e-05,4e-05,1e-06,0,4.1e-05,4.5e-05,7e-06,1e-06,3.8e-05,0.019603,0.001618,9e-06,2e-06,4e-06,1.3e-05,1e-06,3.4e-05,0,5e-06,4e-06,4.2e-05,0.00107,8.4e-05,0.000592,0.000242,3e-06,0,0.000485,0.000528,1e-06,0.000598,0.000319,6e-06,0,5e-06,4.8e-05,2e-06,0.000164,2.5e-05,0,0,1e-06,0,4e-06,1e-06,1e-06,2e-06,2e-06,0.000914,1e-06,2.3e-05,0.000155,0,1e-06,0.000487,0.000332,1.6e-05,0.000135,5.7e-05,1e-06,0.00027,6.2e-05,2e-06,2e-06,2.8e-05,0.000117,1e-05,0.000382,4e-06,6.6e-05,4.5e-05,0.001307,3.9e-05,0.000162,1.5e-05,3e-06,2e-06,2e-06,0.000349,1e-06,0.000337,3.3e-05,1.9e-05,0.000619,1e-06,5e-06,1e-06,1.1e-05,3.5e-05,0.002194,0.000175,2e-06,2e-06,5.9e-05,0.000111,1.5e-05,0,0.000392,2.4e-05,3.8e-05,0.001035,0.00011,7.9e-05,1e-06,0.000157,1e-05,3e-06,7.5e-05,3e-06,0.000134,0.000112,3.6e-05,2e-06,1e-06,2e-06,1e-06,5.1e-05,0.008145,7e-06,3.2e-05,5e-06,0.005173,1.5e-05,0.000671,1e-06,3e-06,0,0,2.3e-05,4.5e-05,0.000829,9e-06,1.2e-05,0.014373,0.012927,3.2e-05,1.4e-05,9.7e-05,0.005384,3e-06,0.000105,2.1e-05,0,7e-06,8.7e-05,1.6e-05,0.000744,0.013961,1e-06,3e-06,0.000376,0.000119,2.9e-05,1.3e-05,1e-04,1e-06,0.000429,2e-06,2e-06,2e-06,0.000118,1.1e-05,0.000812,1.9e-05,5.2e-05,3e-06,0.000138,2.2e-05,0.000854,0,0.000121,2e-06,2e-06,9e-06,0.000261,1e-06,1e-06,1.2e-05,2e-06,0.001158,1.2e-05,7.3e-05,1e-06,4e-06,1e-06,3e-06,0.00051,1.2e-05,0.000673,5e-06,9e-06,0,0,2e-06,0.000565,0.00232,5e-06,0,3e-06,0.000141,0.000581,1e-06,6.7e-05,0.056575,1e-06,0.001647,1e-06,2e-06,6e-06,0.000489,1e-06,0.00011,0.00409,0.006912,2.5e-05,0.000989,8.2e-05,2.4e-05,2e-06,8e-06,1e-06,1e-06,1e-06,4.2e-05,3.8e-05,1e-06,0.002764,1.5e-05,2e-06,0.002397,1e-06,0.000144,0.00161,0.000215,1e-06,1e-06,0.000746,4e-06,2.7e-05,0.000139,3e-06,6.7e-05,2.1e-05,5e-06,0.003677,6e-06,1e-06,3e-06,0,5e-06,2e-06,3e-06,6e-06,3.1e-05,2e-06,0.002268,2.5e-05,6.4e-05,0.000897,2.3e-05,4.6e-05,0.000128,1e-06,0,2e-06,1.5e-05,1e-06,0.004527,7.7e-05,8e-06,6e-06,2e-06,0.001546,6.3e-05,3e-06,1e-06,1.6e-05,4e-06,4e-06,0.002117,0.000438,0.001723,0.000159,0.0016,7.8e-05,0.000276,0.01096,7.6e-05,0.000105,3.2e-05,7e-06,0.000322,0.000401,0.000218,0.005886,0.000227,9.5e-05,1e-06,9e-06,1.8e-05,0.002073,6e-06,6e-06,2e-06,1.1e-05,2e-06,0.000136,1.8e-05,2.8e-05,0.000437,0.000104,3.4e-05,1e-06,0.000196,2.8e-05,0.004996,0.0025,0.002277,0.000239,7e-06,3e-06,2.7e-05,2e-06,1e-06,1e-06,0,5e-06,0.002984,0.000996,0.002328,1e-06,0.00023,1e-05,0,1e-06,3e-06,4e-06,0.000228,0.000138,8e-06,0.00072,1e-06,1e-06,1e-06,0.000881,8e-06,1e-06,9.4e-05,2e-06,0.000254,4.3e-05,1e-06,0.000853,1e-06,1e-06,2e-06,0,0,1e-06,1e-06
"arusha/ngorongoro/malambo",1e-06,1.7e-05,0,0.000203,0,4e-06,0,0,0,9e-06,0,0,1e-06,1.4e-05,5e-06,0,0,0,0,0,0,1e-06,0,0,0,0,0,0,0,0,5e-06,0,0,0,2e-06,0,1e-06,2e-06,0,5.7e-05,0,0,3e-06,2e-06,0,0,2e-06,0.000342,1.8e-05,0,0,1e-06,0,0,1e-06,0,0,0,2e-06,0.000474,1.1e-05,5.5e-05,1.3e-05,0,0,8e-06,6e-06,0,3e-06,5e-06,1e-06,0,0,1e-06,0,4.5e-05,1e-05,0,0,0,0,0,0,0,0,0,3.7e-05,0,2e-06,8e-06,0,0,3.3e-05,8e-06,2e-06,6e-06,3e-06,0,1.4e-05,4e-06,0,0,2e-06,2e-06,0,3.1e-05,0,3e-06,2e-06,4.8e-05,2e-06,1.1e-05,1e-06,0,0,0,1.3e-05,0,1.8e-05,2e-06,1e-06,3.6e-05,0,0,0,1e-06,2e-06,4.7e-05,4e-06,0,0,3e-06,7e-06,1e-06,0,8e-06,0,2e-06,0.000123,6e-06,3e-06,0,3e-06,1e-06,0,5e-06,0,8e-06,7e-06,2e-06,0,0,0,0,4e-06,9.2e-05,0,3e-06,0,0.000266,1e-06,8e-06,0,0,0,0,1e-06,2e-06,1.4e-05,0,1e-06,3.1e-05,0.000234,2e-06,1e-06,2e-06,2.1e-05,0,5e-06,2e-06,0,2.5e-05,6e-06,1e-06,3.9e-05,0.001025,0,0,1.9e-05,6e-06,1e-06,1e-06,1e-06,0,5e-06,0,0,0,6e-06,0,2.3e-05,1e-06,3e-06,0,9e-06,1e-06,5.4e-05,2e-05,0,0,0,0,1.8e-05,0,0,1e-06,0,9e-05,1e-06,5e-06,0,0,0,0,2.2e-05,1e-06,3.4e-05,0,1e-06,0,0,0,0.000215,2.9e-05,0,0,0,2e-06,2.1e-05,0,2e-06,0.000365,0,7.2e-05,0,0,0,1e-05,0,1e-06,7.8e-05,0.000119,0,1.9e-05,6e-06,2e-06,0,0,0,0,0,1e-06,0,0,3.2e-05,3e-06,0,3.3e-05,0,2e-06,3e-05,1.2e-05,0,0,4.9e-05,0,2e-06,3e-06,0,1.3e-05,1e-06,2e-06,0.000467,0,0,0,0,0,0,0,0,2e-06,0,4.6e-05,1e-06,3e-06,2.2e-05,0,2e-06,3.7e-05,0,0,0,1e-06,0,2.5e-05,2e-06,0,0,0,1.6e-05,8.5e-05,0,0,1e-06,0,3e-06,5.3e-05,3.2e-05,1.6e-05,2e-06,3.6e-05,3e-06,2.1e-05,0.000152,0.000108,0.000157,1e-06,8e-06,6e-06,8e-06,4e-06,0.000354,0.000314,3e-06,0,0,2.5e-05,5e-05,0,0,0,0,0,8e-06,1e-06,7.6e-05,1.1e-05,7e-06,6.9e-05,0,9e-06,1e-06,9.4e-05,2.5e-05,1.1e-05,4e-06,0,0,1e-06,0,0,0,0,8e-06,6.2e-05,1.2e-05,3.8e-05,0,6e-06,1e-06,0,0,0,0,3e-06,1e-06,0,3.6e-05,0,0,0,6.6e-05,1e-06,0,2e-06,0,1.4e-05,3e-06,0,2.1e-05,0,0,0,0,0,0,0
"kilimanjaro/moshi/mambakaskazini",0,0,0,0,0,0,0,0,0,0,0,0,0,0,0,0,0,0,0,0,0,0,0,0,0,0,0,0,0,0,0,0,0,0,0,0,0,0,0,0,0,0,0,0,0,0,0,0,0,0,0,0,0,0,0,0,0,0,0,0,0,0,0,0,0,0,0,0,0,0,0,0,0,0,0,0,0,0,0,0,0,0,0,0,0,0,0,0,0,0,0,0,0,0,0,0,0,0,0,0,0,0,0,0,0,0,0,0,0,0,0,0,0,0,0,0,0,0,0,0,0,0,0,0,0,0,0,0,0,0,0,0,0,0,0,0,0,0,0,0,0,0,0,0,0,0,0,0,0,0,0,0,0,0,0,0,0,0,0,0,0,0,0,0,0,0,0,0,0,0,0,0,0,0,0,0,0,0,0,0,0,0,0,0,0,0,0,0,0,0,0,0,0,0,0,0,0,0,0,0,0,0,0,0,0,0,0,0,0,0,0,0,0,0,0,0,0,0,0,0,0,0,0,0,0,0,0,0,0,0,0,0,0,0,0,0,0,0,0,0,0,0,0,0,0,0,0,0,0,0,0,0,0,0,0,0,0,0,0,0,0,0,0,0,0,0,0,0,0,0,0,0,0,0,0,0,0,0,0,0,0,0,0,0,0,0,0,0,0,0,0,0,0,0,0,0,0,0,0,0,0,0,0,0,0,0,0,0,0,0,0,0,0,0,0,0,0,0,0,0,0,0,0,0,0,0,0,0,0,0,0,0,0,0,0,0,0,0,0,0,0,0,0,0,0,0,0,0,0,0,0,0,0,0,0,0,0,0,0,0,0,0,0,0,0,0,0,0,0,0,0,0,0,0,0,0,0,0,0,0,0,0,0,0,0,0,0,0,0,0,0,0,0,0,0,0,0,0
"kilimanjaro/moshi/mambakusini",0,0,0,0,0,0,0,0,0,0,0,0,0,0,0,0,0,0,0,0,0,0,0,0,0,0,0,0,0,0,0,0,0,0,0,0,0,0,0,0,0,0,0,0,0,0,0,0,0,0,0,0,0,0,0,0,0,0,0,0,0,0,0,0,0,0,0,0,0,0,0,0,0,0,0,0,0,0,0,0,0,0,0,0,0,0,0,0,0,0,0,0,0,0,0,0,0,0,0,0,0,0,0,0,0,0,0,0,0,0,0,0,0,0,0,0,0,0,0,0,0,0,0,0,0,0,0,0,0,0,0,0,0,0,0,0,0,0,0,0,0,0,0,0,0,0,0,0,0,0,0,0,0,0,0,0,0,0,0,0,0,0,0,0,0,0,0,0,0,0,0,0,0,0,0,0,0,0,0,0,0,0,0,0,0,0,0,0,0,0,0,0,0,0,0,0,0,0,0,0,0,0,0,0,0,0,0,0,0,0,0,0,0,0,0,0,0,0,0,0,0,0,0,0,0,0,0,0,0,0,0,0,0,0,0,0,0,0,0,0,0,0,0,0,0,0,0,0,0,0,0,0,0,0,0,0,0,0,0,0,0,0,0,0,0,0,0,0,0,0,0,0,0,0,0,0,0,0,0,0,0,0,0,0,0,0,0,0,0,0,0,0,0,0,0,0,0,0,0,0,0,0,0,0,0,0,0,0,0,0,0,0,0,0,0,0,0,0,0,0,0,0,0,0,0,0,0,0,0,0,0,0,0,0,0,0,0,0,0,0,0,0,0,0,0,0,0,0,0,0,0,0,0,0,0,0,0,0,0,0,0,0,0,0,0,0,0,0,0,0,0,0,0,0,0,0,0,0,0,0,0,0,0,0,0,0,0,0,0,0,0,0,0,0,0,0,0,0
"manyara/babati/mamire",0,0,0,0,0,0,0,0,0,0,0,0,0,0,0,0,0,0,0,0,0,0,0,0,0,0,0,0,0,0,0,0,0,0,0,0,0,0,0,0,0,0,0,0,0,0,0,0,0,0,0,0,0,0,0,0,0,0,0,0,0,0,0,0,0,0,0,0,0,0,0,0,0,0,0,0,0,0,0,0,0,0,0,0,0,0,0,0,0,0,0,0,0,0,0,0,0,0,0,0,0,0,0,0,0,0,0,0,0,0,0,0,0,0,0,0,0,0,0,0,0,0,0,0,0,0,0,0,0,0,0,0,0,0,0,0,0,0,0,0,0,0,0,0,0,0,0,0,0,0,0,0,0,0,0,0,0,0,0,0,0,0,0,0,0,0,0,0,0,0,0,0,0,0,0,0,0,0,0,0,0,0,0,0,0,0,0,0,0,0,0,0,0,0,0,0,0,0,0,0,0,0,0,0,0,0,0,0,0,0,0,0,0,0,0,0,0,0,0,0,0,0,0,0,0,0,0,0,0,0,0,0,0,0,0,0,0,0,0,0,0,0,0,0,0,0,0,0,0,0,0,0,0,0,0,0,0,0,0,0,0,0,0,0,0,0,0,0,0,0,0,0,0,0,0,0,0,0,0,0,0,0,0,0,0,0,0,0,0,0,0,0,0,0,0,0,0,0,0,0,0,0,0,0,0,0,0,0,0,0,0,0,0,0,0,0,0,0,0,0,0,0,0,0,0,0,0,0,0,0,0,0,0,0,0,0,0,0,0,0,0,0,0,0,0,0,0,0,0,0,0,0,0,0,0,0,0,0,0,0,0,0,0,0,0,0,0,0,0,0,0,0,0,0,0,0,0,0,0,0,0,0,0,0,0,0,0,0,0,0,0,0,0,0,0,0,0,0
"kilimanjaro/rombo/mamsera",0,0,0,0,0,0,0,0,0,0,0,0,0,0,0,0,0,0,0,0,0,0,0,0,0,0,0,0,0,0,0,0,0,0,0,0,0,0,0,0,0,0,0,0,0,0,0,0,0,0,0,0,0,0,0,0,0,0,0,0,0,0,0,0,0,0,0,0,0,0,0,0,0,0,0,0,0,0,0,0,0,0,0,0,0,0,0,0,0,0,0,0,0,0,0,0,0,0,0,0,0,0,0,0,0,0,0,0,0,0,0,0,0,0,0,0,0,0,0,0,0,0,0,0,0,0,0,0,0,0,0,0,0,0,0,0,0,0,0,0,0,0,0,0,0,0,0,0,0,0,0,0,0,0,0,0,0,0,0,0,0,0,0,0,0,0,0,0,0,0,0,0,0,0,0,0,0,0,0,0,0,0,0,0,0,0,0,0,0,0,0,0,0,0,0,0,0,0,0,0,0,0,0,0,0,0,0,0,0,0,0,0,0,0,0,0,0,0,0,0,0,0,0,0,0,0,0,0,0,0,0,0,0,0,0,0,0,0,0,0,0,0,0,0,0,0,0,0,0,0,0,0,0,0,0,0,0,0,0,0,0,0,0,0,0,0,0,0,0,0,0,0,0,0,0,0,0,0,0,0,0,0,0,0,0,0,0,0,0,0,0,0,0,0,0,0,0,0,0,0,0,0,0,0,0,0,0,0,0,0,0,0,0,0,0,0,0,0,0,0,0,0,0,0,0,0,0,0,0,0,0,0,0,0,0,0,0,0,0,0,0,0,0,0,0,0,0,0,0,0,0,0,0,0,0,0,0,0,0,0,0,0,0,0,0,0,0,0,0,0,0,0,0,0,0,0,0,0,0,0,0,0,0,0,0,0,0,0,0,0,0,0,0,0,0,0,0,0
"kilimanjaro/rombo/manda",0,0,0,0,0,0,0,0,0,0,0,0,0,0,0,0,0,0,0,0,0,0,0,0,0,0,0,0,0,0,0,0,0,0,0,0,0,0,0,0,0,0,0,0,0,0,0,0,0,0,0,0,0,0,0,0,0,0,0,0,0,0,0,0,0,0,0,0,0,0,0,0,0,0,0,0,0,0,0,0,0,0,0,0,0,0,0,0,0,0,0,0,0,0,0,0,0,0,0,0,0,0,0,0,0,0,0,0,0,0,0,0,0,0,0,0,0,0,0,0,0,0,0,0,0,0,0,0,0,0,0,0,0,0,0,0,0,0,0,0,0,0,0,0,0,0,0,0,0,0,0,0,0,0,0,0,0,0,0,0,0,0,0,0,0,0,0,0,0,0,0,0,0,0,0,0,0,0,0,0,0,0,0,0,0,0,0,0,0,0,0,0,0,0,0,0,0,0,0,0,0,0,0,0,0,0,0,0,0,0,0,0,0,0,0,0,0,0,0,0,0,0,0,0,0,0,0,0,0,0,0,0,0,0,0,0,0,0,0,0,0,0,0,0,0,0,0,0,0,0,0,0,0,0,0,0,0,0,0,0,0,0,0,0,0,0,0,0,0,0,0,0,0,0,0,0,0,0,0,0,0,0,0,0,0,0,0,0,0,0,0,0,0,0,0,0,0,0,0,0,0,0,0,0,0,0,0,0,0,0,0,0,0,0,0,0,0,0,0,0,0,0,0,0,0,0,0,0,0,0,0,0,0,0,0,0,0,0,0,0,0,0,0,0,0,0,0,0,0,0,0,0,0,0,0,0,0,0,0,0,0,0,0,0,0,0,0,0,0,0,0,0,0,0,0,0,0,0,0,0,0,0,0,0,0,0,0,0,0,0,0,0,0,0,0,0,0,0
"arusha/karatu/mangola",0,0,0,0,0,0,0,0,0,0,0,0,0,0,0,0,0,0,0,0,0,0,0,0,0,0,0,0,0,0,0,0,0,0,0,0,0,0,0,0,0,0,0,0,0,0,0,0,0,0,0,0,0,0,0,0,0,0,0,0,0,0,0,0,0,0,0,0,0,0,0,0,0,0,0,0,0,0,0,0,0,0,0,0,0,0,0,0,0,0,0,0,0,0,0,0,0,0,0,0,0,0,0,0,0,0,0,0,0,0,0,0,0,0,0,0,0,0,0,0,0,0,0,0,0,0,0,0,0,0,0,0,0,0,0,0,0,0,0,0,0,0,0,0,0,0,0,0,0,0,0,0,0,0,0,0,0,0,0,0,0,0,0,0,0,0,0,0,0,0,0,0,0,0,0,0,0,0,0,0,0,0,0,0,0,0,0,0,0,0,0,0,0,0,0,0,0,0,0,0,0,0,0,0,0,0,0,0,0,0,0,0,0,0,0,0,0,0,0,0,0,0,0,0,0,0,0,0,0,0,0,0,0,0,0,0,0,0,0,0,0,0,0,0,0,0,0,0,0,0,0,0,0,0,0,0,0,0,0,0,0,0,0,0,0,0,0,0,0,0,0,0,0,0,0,0,0,0,0,0,0,0,0,0,0,0,0,0,0,0,0,0,0,0,0,0,0,0,0,0,0,0,0,0,0,0,0,0,0,0,0,0,0,0,0,0,0,0,0,0,0,0,0,0,0,0,0,0,0,0,0,0,0,0,0,0,0,0,0,0,0,0,0,0,0,0,0,0,0,0,0,0,0,0,0,0,0,0,0,0,0,0,0,0,0,0,0,0,0,0,0,0,0,0,0,0,0,0,0,0,0,0,0,0,0,0,0,0,0,0,0,0,0,0,0,0,0,0
"kilimanjaro/same/maore",0,0,0,0,0,0,0,0,0,0,0,0,0,0,0,0,0,0,0,0,0,0,0,0,0,0,0,0,0,0,0,0,0,0,0,0,0,0,0,0,0,0,0,0,0,0,0,0,0,0,0,0,0,0,0,0,0,0,0,0,0,0,0,0,0,0,0,0,0,0,0,0,0,0,0,0,0,0,0,0,0,0,0,0,0,0,0,0,0,0,0,0,0,0,0,0,0,0,0,0,0,0,0,0,0,0,0,0,0,0,0,0,0,0,0,0,0,0,0,0,0,0,0,0,0,0,0,0,0,0,0,0,0,0,0,0,0,0,0,0,0,0,0,0,0,0,0,0,0,0,0,0,0,0,0,0,0,0,0,0,0,0,0,0,0,0,0,0,0,0,0,0,0,0,0,0,0,0,0,0,0,0,0,0,0,0,0,0,0,0,0,0,0,0,0,0,0,0,0,0,0,0,0,0,0,0,0,0,0,0,0,0,0,0,0,0,0,0,0,0,0,0,0,0,0,0,0,0,0,0,0,0,0,0,0,0,0,0,0,0,0,0,0,0,0,0,0,0,0,0,0,0,0,0,0,0,0,0,0,0,0,0,0,0,0,0,0,0,0,0,0,0,0,0,0,0,0,0,0,0,0,0,0,0,0,0,0,0,0,0,0,0,0,0,0,0,0,0,0,0,0,0,0,0,0,0,0,0,0,0,0,0,0,0,0,0,0,0,0,0,0,0,0,0,0,0,0,0,0,0,0,0,0,0,0,0,0,0,0,0,0,0,0,0,0,0,0,0,0,0,0,0,0,0,0,0,0,0,0,0,0,0,0,0,0,0,0,0,0,0,0,0,0,0,0,0,0,0,0,0,0,0,0,0,0,0,0,0,0,0,0,0,0,0,0,0,0,0
"manyara/mbulu/marang",0,0,0,0,0,0,0,0,0,0,0,0,0,0,0,0,0,0,0,0,0,0,0,0,0,0,0,0,0,0,0,0,0,0,0,0,0,0,0,0,0,0,0,0,0,0,0,0,0,0,0,0,0,0,0,0,0,0,0,0,0,0,0,0,0,0,0,0,0,0,0,0,0,0,0,0,0,0,0,0,0,0,0,0,0,0,0,0,0,0,0,0,0,0,0,0,0,0,0,0,0,0,0,0,0,0,0,0,0,0,0,0,0,0,0,0,0,0,0,0,0,0,0,0,0,0,0,0,0,0,0,0,0,0,0,0,0,0,0,0,0,0,0,0,0,0,0,0,0,0,0,0,0,0,0,0,0,0,0,0,0,0,0,0,0,0,0,0,0,0,0,0,0,0,0,0,0,0,0,0,0,0,0,0,0,0,0,0,0,0,0,0,0,0,0,0,0,0,0,0,0,0,0,0,0,0,0,0,0,0,0,0,0,0,0,0,0,0,0,0,0,0,0,0,0,0,0,0,0,0,0,0,0,0,0,0,0,0,0,0,0,0,0,0,0,0,0,0,0,0,0,0,0,0,0,0,0,0,0,0,0,0,0,0,0,0,0,0,0,0,0,0,0,0,0,0,0,0,0,0,0,0,0,0,0,0,0,0,0,0,0,0,0,0,0,0,0,0,0,0,0,0,0,0,0,0,0,0,0,0,0,0,0,0,0,0,0,0,0,0,0,0,0,0,0,0,0,0,0,0,0,0,0,0,0,0,0,0,0,0,0,0,0,0,0,0,0,0,0,0,0,0,0,0,0,0,0,0,0,0,0,0,0,0,0,0,0,0,0,0,0,0,0,0,0,0,0,0,0,0,0,0,0,0,0,0,0,0,0,0,0,0,0,0,0,0,0,0
"kilimanjaro/rombo/marangukitowo",0,0,0,0,0,0,0,0,0,0,0,0,0,0,0,0,0,0,0,0,0,0,0,0,0,0,0,0,0,0,0,0,0,0,0,0,0,0,0,0,0,0,0,0,0,0,0,0,0,0,0,0,0,0,0,0,0,0,0,0,0,0,0,0,0,0,0,0,0,0,0,0,0,0,0,0,0,0,0,0,0,0,0,0,0,0,0,0,0,0,0,0,0,0,0,0,0,0,0,0,0,0,0,0,0,0,0,0,0,0,0,0,0,0,0,0,0,0,0,0,0,0,0,0,0,0,0,0,0,0,0,0,0,0,0,0,0,0,0,0,0,0,0,0,0,0,0,0,0,0,0,0,0,0,0,0,0,0,0,0,0,0,0,0,0,0,0,0,0,0,0,0,0,0,0,0,0,0,0,0,0,0,0,0,0,0,0,0,0,0,0,0,0,0,0,0,0,0,0,0,0,0,0,0,0,0,0,0,0,0,0,0,0,0,0,0,0,0,0,0,0,0,0,0,0,0,0,0,0,0,0,0,0,0,0,0,0,0,0,0,0,0,0,0,0,0,0,0,0,0,0,0,0,0,0,0,0,0,0,0,0,0,0,0,0,0,0,0,0,0,0,0,0,0,0,0,0,0,0,0,0,0,0,0,0,0,0,0,0,0,0,0,0,0,0,0,0,0,0,0,0,0,0,0,0,0,0,0,0,0,0,0,0,0,0,0,0,0,0,0,0,0,0,0,0,0,0,0,0,0,0,0,0,0,0,0,0,0,0,0,0,0,0,0,0,0,0,0,0,0,0,0,0,0,0,0,0,0,0,0,0,0,0,0,0,0,0,0,0,0,0,0,0,0,0,0,0,0,0,0,0,0,0,0,0,0,0,0,0,0,0,0,0,0,0,0,0,0
"kilimanjaro/moshi/marangumagharibi",0,0,0,0,0,0,0,0,0,0,0,0,0,0,0,0,0,0,0,0,0,0,0,0,0,0,0,0,0,0,0,0,0,0,0,0,0,0,0,0,0,0,0,0,0,0,0,0,0,0,0,0,0,0,0,0,0,0,0,0,0,0,0,0,0,0,0,0,0,0,0,0,0,0,0,0,0,0,0,0,0,0,0,0,0,0,0,0,0,0,0,0,0,0,0,0,0,0,0,0,0,0,0,0,0,0,0,0,0,0,0,0,0,0,0,0,0,0,0,0,0,0,0,0,0,0,0,0,0,0,0,0,0,0,0,0,0,0,0,0,0,0,0,0,0,0,0,0,0,0,0,0,0,0,0,0,0,0,0,0,0,0,0,0,0,0,0,0,0,0,0,0,0,0,0,0,0,0,0,0,0,0,0,0,0,0,0,0,0,0,0,0,0,0,0,0,0,0,0,0,0,0,0,0,0,0,0,0,0,0,0,0,0,0,0,0,0,0,0,0,0,0,0,0,0,0,0,0,0,0,0,0,0,0,0,0,0,0,0,0,0,0,0,0,0,0,0,0,0,0,0,0,0,0,0,0,0,0,0,0,0,0,0,0,0,0,0,0,0,0,0,0,0,0,0,0,0,0,0,0,0,0,0,0,0,0,0,0,0,0,0,0,0,0,0,0,0,0,0,0,0,0,0,0,0,0,0,0,0,0,0,0,0,0,0,0,0,0,0,0,0,0,0,0,0,0,0,0,0,0,0,0,0,0,0,0,0,0,0,0,0,0,0,0,0,0,0,0,0,0,0,0,0,0,0,0,0,0,0,0,0,0,0,0,0,0,0,0,0,0,0,0,0,0,0,0,0,0,0,0,0,0,0,0,0,0,0,0,0,0,0,0,0,0,0,0,0,0
"kilimanjaro/moshi/marangumashariki",0,0,0,0,0,0,0,0,0,0,0,0,0,0,0,0,0,0,0,0,0,0,0,0,0,0,0,0,0,0,0,0,0,0,0,0,0,0,0,0,0,0,0,0,0,0,0,0,0,0,0,0,0,0,0,0,0,0,0,0,0,0,0,0,0,0,0,0,0,0,0,0,0,0,0,0,0,0,0,0,0,0,0,0,0,0,0,0,0,0,0,0,0,0,0,0,0,0,0,0,0,0,0,0,0,0,0,0,0,0,0,0,0,0,0,0,0,0,0,0,0,0,0,0,0,0,0,0,0,0,0,0,0,0,0,0,0,0,0,0,0,0,0,0,0,0,0,0,0,0,0,0,0,0,0,0,0,0,0,0,0,0,0,0,0,0,0,0,0,0,0,0,0,0,0,0,0,0,0,0,0,0,0,0,0,0,0,0,0,0,0,0,0,0,0,0,0,0,0,0,0,0,0,0,0,0,0,0,0,0,0,0,0,0,0,0,0,0,0,0,0,0,0,0,0,0,0,0,0,0,0,0,0,0,0,0,0,0,0,0,0,0,0,0,0,0,0,0,0,0,0,0,0,0,0,0,0,0,0,0,0,0,0,0,0,0,0,0,0,0,0,0,0,0,0,0,0,0,0,0,0,0,0,0,0,0,0,0,0,0,0,0,0,0,0,0,0,0,0,0,0,0,0,0,0,0,0,0,0,0,0,0,0,0,0,0,0,0,0,0,0,0,0,0,0,0,0,0,0,0,0,0,0,0,0,0,0,0,0,0,0,0,0,0,0,0,0,0,0,0,0,0,0,0,0,0,0,0,0,0,0,0,0,0,0,0,0,0,0,0,0,0,0,0,0,0,0,0,0,0,0,0,0,0,0,0,0,0,0,0,0,0,0,0,0,0,0,0
"manyara/mbulu/maretadu",0,0,0,0,0,0,0,0,0,0,0,0,0,0,0,0,0,0,0,0,0,0,0,0,0,0,0,0,0,0,0,0,0,0,0,0,0,0,0,0,0,0,0,0,0,0,0,0,0,0,0,0,0,0,0,0,0,0,0,0,0,0,0,0,0,0,0,0,0,0,0,0,0,0,0,0,0,0,0,0,0,0,0,0,0,0,0,0,0,0,0,0,0,0,0,0,0,0,0,0,0,0,0,0,0,0,0,0,0,0,0,0,0,0,0,0,0,0,0,0,0,0,0,0,0,0,0,0,0,0,0,0,0,0,0,0,0,0,0,0,0,0,0,0,0,0,0,0,0,0,0,0,0,0,0,0,0,0,0,0,0,0,0,0,0,0,0,0,0,0,0,0,0,0,0,0,0,0,0,0,0,0,0,0,0,0,0,0,0,0,0,0,0,0,0,0,0,0,0,0,0,0,0,0,0,0,0,0,0,0,0,0,0,0,0,0,0,0,0,0,0,0,0,0,0,0,0,0,0,0,0,0,0,0,0,0,0,0,0,0,0,0,0,0,0,0,0,0,0,0,0,0,0,0,0,0,0,0,0,0,0,0,0,0,0,0,0,0,0,0,0,0,0,0,0,0,0,0,0,0,0,0,0,0,0,0,0,0,0,0,0,0,0,0,0,0,0,0,0,0,0,0,0,0,0,0,0,0,0,0,0,0,0,0,0,0,0,0,0,0,0,0,0,0,0,0,0,0,0,0,0,0,0,0,0,0,0,0,0,0,0,0,0,0,0,0,0,0,0,0,0,0,0,0,0,0,0,0,0,0,0,0,0,0,0,0,0,0,0,0,0,0,0,0,0,0,0,0,0,0,0,0,0,0,0,0,0,0,0,0,0,0,0,0,0,0,0,0
"arusha/meru/maroroni",0,0,0,0,0,0,0,0,0,0,0,0,0,0,0,0,0,0,0,0,0,0,0,0,0,0,0,0,0,0,0,0,0,0,0,0,0,0,0,0,0,0,0,0,0,0,0,0,0,0,0,0,0,0,0,0,0,0,0,0,0,0,0,0,0,0,0,0,0,0,0,0,0,0,0,0,0,0,0,0,0,0,0,0,0,0,0,0,0,0,0,0,0,0,0,0,0,0,0,0,0,0,0,0,0,0,0,0,0,0,0,0,0,0,0,0,0,0,0,0,0,0,0,0,0,0,0,0,0,0,0,0,0,0,0,0,0,0,0,0,0,0,0,0,0,0,0,0,0,0,0,0,0,0,0,0,0,0,0,0,0,0,0,0,0,0,0,0,0,0,0,0,0,0,0,0,0,0,0,0,0,0,0,0,0,0,0,0,0,0,0,0,0,0,0,0,0,0,0,0,0,0,0,0,0,0,0,0,0,0,0,0,0,0,0,0,0,0,0,0,0,0,0,0,0,0,0,0,0,0,0,0,0,0,0,0,0,0,0,0,0,0,0,0,0,0,0,0,0,0,0,0,0,0,0,0,0,0,0,0,0,0,0,0,0,0,0,0,0,0,0,0,0,0,0,0,0,0,0,0,0,0,0,0,0,0,0,0,0,0,0,0,0,0,0,0,0,0,0,0,0,0,0,0,0,0,0,0,0,0,0,0,0,0,0,0,0,0,0,0,0,0,0,0,0,0,0,0,0,0,0,0,0,0,0,0,0,0,0,0,0,0,0,0,0,0,0,0,0,0,0,0,0,0,0,0,0,0,0,0,0,0,0,0,0,0,0,0,0,0,0,0,0,0,0,0,0,0,0,0,0,0,0,0,0,0,0,0,0,0,0,0,0,0,0,0,0,0
"manyara/hanang/masakta",0,0,0,0,0,0,0,0,0,0,0,0,0,0,0,0,0,0,0,0,0,0,0,0,0,0,0,0,0,0,0,0,0,0,0,0,0,0,0,0,0,0,0,0,0,0,0,0,0,0,0,0,0,0,0,0,0,0,0,0,0,0,0,0,0,0,0,0,0,0,0,0,0,0,0,0,0,0,0,0,0,0,0,0,0,0,0,0,0,0,0,0,0,0,0,0,0,0,0,0,0,0,0,0,0,0,0,0,0,0,0,0,0,0,0,0,0,0,0,0,0,0,0,0,0,0,0,0,0,0,0,0,0,0,0,0,0,0,0,0,0,0,0,0,0,0,0,0,0,0,0,0,0,0,0,0,0,0,0,0,0,0,0,0,0,0,0,0,0,0,0,0,0,0,0,0,0,0,0,0,0,0,0,0,0,0,0,0,0,0,0,0,0,0,0,0,0,0,0,0,0,0,0,0,0,0,0,0,0,0,0,0,0,0,0,0,0,0,0,0,0,0,0,0,0,0,0,0,0,0,0,0,0,0,0,0,0,0,0,0,0,0,0,0,0,0,0,0,0,0,0,0,0,0,0,0,0,0,0,0,0,0,0,0,0,0,0,0,0,0,0,0,0,0,0,0,0,0,0,0,0,0,0,0,0,0,0,0,0,0,0,0,0,0,0,0,0,0,0,0,0,0,0,0,0,0,0,0,0,0,0,0,0,0,0,0,0,0,0,0,0,0,0,0,0,0,0,0,0,0,0,0,0,0,0,0,0,0,0,0,0,0,0,0,0,0,0,0,0,0,0,0,0,0,0,0,0,0,0,0,0,0,0,0,0,0,0,0,0,0,0,0,0,0,0,0,0,0,0,0,0,0,0,0,0,0,0,0,0,0,0,0,0,0,0,0,0,0
"kilimanjaro/hai/masamakati",0,0,0,0,0,0,0,0,0,0,0,0,0,0,0,0,0,0,0,0,0,0,0,0,0,0,0,0,0,0,0,0,0,0,0,0,0,0,0,0,0,0,0,0,0,0,0,0,0,0,0,0,0,0,0,0,0,0,0,0,0,0,0,0,0,0,0,0,0,0,0,0,0,0,0,0,0,0,0,0,0,0,0,0,0,0,0,0,0,0,0,0,0,0,0,0,0,0,0,0,0,0,0,0,0,0,0,0,0,0,0,0,0,0,0,0,0,0,0,0,0,0,0,0,0,0,0,0,0,0,0,0,0,0,0,0,0,0,0,0,0,0,0,0,0,0,0,0,0,0,0,0,0,0,0,0,0,0,0,0,0,0,0,0,0,0,0,0,0,0,0,0,0,0,0,0,0,0,0,0,0,0,0,0,0,0,0,0,0,0,0,0,0,0,0,0,0,0,0,0,0,0,0,0,0,0,0,0,0,0,0,0,0,0,0,0,0,0,0,0,0,0,0,0,0,0,0,0,0,0,0,0,0,0,0,0,0,0,0,0,0,0,0,0,0,0,0,0,0,0,0,0,0,0,0,0,0,0,0,0,0,0,0,0,0,0,0,0,0,0,0,0,0,0,0,0,0,0,0,0,0,0,0,0,0,0,0,0,0,0,0,0,0,0,0,0,0,0,0,0,0,0,0,0,0,0,0,0,0,0,0,0,0,0,0,0,0,0,0,0,0,0,0,0,0,0,0,0,0,0,0,0,0,0,0,0,0,0,0,0,0,0,0,0,0,0,0,0,0,0,0,0,0,0,0,0,0,0,0,0,0,0,0,0,0,0,0,0,0,0,0,0,0,0,0,0,0,0,0,0,0,0,0,0,0,0,0,0,0,0,0,0,0,0,0,0,0,0
"kilimanjaro/hai/masamakusini",0,0,0,0,0,0,0,0,0,0,0,0,0,0,0,0,0,0,0,0,0,0,0,0,0,0,0,0,0,0,0,0,0,0,0,0,0,0,0,0,0,0,0,0,0,0,0,0,0,0,0,0,0,0,0,0,0,0,0,0,0,0,0,0,0,0,0,0,0,0,0,0,0,0,0,0,0,0,0,0,0,0,0,0,0,0,0,0,0,0,0,0,0,0,0,0,0,0,0,0,0,0,0,0,0,0,0,0,0,0,0,0,0,0,0,0,0,0,0,0,0,0,0,0,0,0,0,0,0,0,0,0,0,0,0,0,0,0,0,0,0,0,0,0,0,0,0,0,0,0,0,0,0,0,0,0,0,0,0,0,0,0,0,0,0,0,0,0,0,0,0,0,0,0,0,0,0,0,0,0,0,0,0,0,0,0,0,0,0,0,0,0,0,0,0,0,0,0,0,0,0,0,0,0,0,0,0,0,0,0,0,0,0,0,0,0,0,0,0,0,0,0,0,0,0,0,0,0,0,0,0,0,0,0,0,0,0,0,0,0,0,0,0,0,0,0,0,0,0,0,0,0,0,0,0,0,0,0,0,0,0,0,0,0,0,0,0,0,0,0,0,0,0,0,0,0,0,0,0,0,0,0,0,0,0,0,0,0,0,0,0,0,0,0,0,0,0,0,0,0,0,0,0,0,0,0,0,0,0,0,0,0,0,0,0,0,0,0,0,0,0,0,0,0,0,0,0,0,0,0,0,0,0,0,0,0,0,0,0,0,0,0,0,0,0,0,0,0,0,0,0,0,0,0,0,0,0,0,0,0,0,0,0,0,0,0,0,0,0,0,0,0,0,0,0,0,0,0,0,0,0,0,0,0,0,0,0,0,0,0,0,0,0,0,0,0,0,0
"kilimanjaro/hai/masamamagharibi",0,0,0,0,0,0,0,0,0,0,0,0,0,0,0,0,0,0,0,0,0,0,0,0,0,0,0,0,0,0,0,0,0,0,0,0,0,0,0,0,0,0,0,0,0,0,0,0,0,0,0,0,0,0,0,0,0,0,0,0,0,0,0,0,0,0,0,0,0,0,0,0,0,0,0,0,0,0,0,0,0,0,0,0,0,0,0,0,0,0,0,0,0,0,0,0,0,0,0,0,0,0,0,0,0,0,0,0,0,0,0,0,0,0,0,0,0,0,0,0,0,0,0,0,0,0,0,0,0,0,0,0,0,0,0,0,0,0,0,0,0,0,0,0,0,0,0,0,0,0,0,0,0,0,0,0,0,0,0,0,0,0,0,0,0,0,0,0,0,0,0,0,0,0,0,0,0,0,0,0,0,0,0,0,0,0,0,0,0,0,0,0,0,0,0,0,0,0,0,0,0,0,0,0,0,0,0,0,0,0,0,0,0,0,0,0,0,0,0,0,0,0,0,0,0,0,0,0,0,0,0,0,0,0,0,0,0,0,0,0,0,0,0,0,0,0,0,0,0,0,0,0,0,0,0,0,0,0,0,0,0,0,0,0,0,0,0,0,0,0,0,0,0,0,0,0,0,0,0,0,0,0,0,0,0,0,0,0,0,0,0,0,0,0,0,0,0,0,0,0,0,0,0,0,0,0,0,0,0,0,0,0,0,0,0,0,0,0,0,0,0,0,0,0,0,0,0,0,0,0,0,0,0,0,0,0,0,0,0,0,0,0,0,0,0,0,0,0,0,0,0,0,0,0,0,0,0,0,0,0,0,0,0,0,0,0,0,0,0,0,0,0,0,0,0,0,0,0,0,0,0,0,0,0,0,0,0,0,0,0,0,0,0,0,0,0,0,0
"kilimanjaro/hai/masamamashariki",4e-06,0,1e-06,0,0,4.1e-05,0,0,0,1e-06,0,0,2e-06,3.1e-05,0,0,0,0,0,0,0,2.4e-05,0,2e-06,0,1e-06,0,0,0,0,1.2e-05,0,0,0,0,0,2e-06,0,0,1e-06,0,0,1e-06,0,0,0,0,0.000515,7e-06,0,0,0,0,0,0,0,1e-06,0,2e-06,4e-06,2e-06,2e-06,9e-06,0,0,1.6e-05,3e-06,0,0,1e-06,0,0,8e-06,0,0,2e-06,0,0,0,0,0,0,0,0,0,0,0.001105,0,0,6e-06,0,0,0.000233,1.8e-05,0,0,0.000328,0,0.000124,2.9e-05,0,0,2e-06,4e-06,1e-05,0.000247,0,0.000108,2e-05,1e-06,0.000332,0.000156,0,0,2e-06,1e-06,0.000196,0,0.000427,0.000129,8.4e-05,0.001868,0,1e-06,0,1e-06,1e-06,0.000426,1.6e-05,2e-06,1e-06,2.7e-05,4.2e-05,2.3e-05,0,1.6e-05,1e-06,4.3e-05,7.5e-05,0.000293,4.1e-05,0,5e-06,2.8e-05,2e-06,1.5e-05,0,1e-04,0.000119,2.8e-05,1e-06,0,1e-06,0,4e-06,6.8e-05,3e-06,0,0,0.007066,5e-06,7e-06,1e-06,1e-06,0,0,6e-06,1.7e-05,2.5e-05,2e-06,0,5e-06,0.00039,2e-06,6e-05,1e-06,7e-06,0,0.000191,1e-06,0,0,5e-06,1.1e-05,0.011709,0.034566,7e-06,1.8e-05,0.001854,0.001385,2.8e-05,0,0,0,1e-06,0,1e-06,0,0.000159,0,0.000154,0,2e-06,1e-06,0.00011,2.2e-05,0.00044,3e-06,1e-06,2e-06,1e-06,0,0.000131,0,0,1e-06,0,0.000655,1.2e-05,5.7e-05,0,1e-06,0,5.1e-05,0.001327,8.7e-05,0,4e-06,0,0,0,0,1.4e-05,3e-05,0,0,4e-06,9e-06,1e-06,1e-06,9e-06,0.000148,1e-06,0.000166,0,2e-06,8e-06,2.4e-05,0,1e-06,0.000139,4.4e-05,0,4.1e-05,9.4e-05,2e-06,1e-06,2e-06,2e-06,0,0,7e-06,0,0,2e-06,0,0,2.4e-05,0,0,2.6e-05,5.6e-05,0,0,0.000447,3e-06,2e-06,3e-06,0,0,4e-06,0,0.000299,0,0,0,0,5e-06,0,8e-06,0,2.9e-05,0,0.000133,2.9e-05,9.5e-05,1e-04,1e-06,5e-06,0,0,0,2e-06,2e-06,0,3e-06,5e-06,1e-06,0,1.1e-05,1.9e-05,0,0,1e-06,2.1e-05,0,0,0.000116,0.000345,2e-05,2e-06,4.3e-05,0.000104,0.000123,0.000223,1e-06,1e-06,1e-06,0,8e-06,1.6e-05,4e-06,0.000257,4e-06,2e-06,0,1e-05,0,0.000187,0,0,2e-06,0,0,1e-05,1e-06,0,2e-05,1.1e-05,1e-06,0,0.000326,2e-06,0.000174,2e-06,4e-06,1e-05,2e-06,2e-06,3.5e-05,0,0,0,0,0,0.000137,1.9e-05,5.7e-05,0,2.8e-05,1.4e-05,0,0,0,4e-06,5e-06,1e-06,0,9.9e-05,0,0,0,0.000668,0,0,3e-06,5e-06,0.000547,7.3e-05,3e-06,9.2e-05,1e-06,0,0,0,0,0,0
"kilimanjaro/hai/masamarundugai",0,0,0,0,0,0,0,0,0,0,0,0,0,0,0,0,0,0,0,0,0,0,0,0,0,0,0,0,0,0,0,0,0,0,0,0,0,0,0,0,0,0,0,0,0,0,0,0,0,0,0,0,0,0,0,0,0,0,0,0,0,0,0,0,0,0,0,0,0,0,0,0,0,0,0,0,0,0,0,0,0,0,0,0,0,0,0,0,0,0,0,0,0,0,0,0,0,0,0,0,0,0,0,0,0,0,0,0,0,0,0,0,0,0,0,0,0,0,0,0,0,0,0,0,0,0,0,0,0,0,0,0,0,0,0,0,0,0,0,0,0,0,0,0,0,0,0,0,0,0,0,0,0,0,0,0,0,0,0,0,0,0,0,0,0,0,0,0,0,0,0,0,0,0,0,0,0,0,0,0,0,0,0,0,0,0,0,0,0,0,0,0,0,0,0,0,0,0,0,0,0,0,0,0,0,0,0,0,0,0,0,0,0,0,0,0,0,0,0,0,0,0,0,0,0,0,0,0,0,0,0,0,0,0,0,0,0,0,0,0,0,0,0,0,0,0,0,0,0,0,0,0,0,0,0,0,0,0,0,0,0,0,0,0,0,0,0,0,0,0,0,0,0,0,0,0,0,0,0,0,0,0,0,0,0,0,0,0,0,0,0,0,0,0,0,0,0,0,0,0,0,0,0,0,0,0,0,0,0,0,0,0,0,0,0,0,0,0,0,0,0,0,0,0,0,0,0,0,0,0,0,0,0,0,0,0,0,0,0,0,0,0,0,0,0,0,0,0,0,0,0,0,0,0,0,0,0,0,0,0,0,0,0,0,0,0,0,0,0,0,0,0,0,0,0,0,0,0,0,0,0,0,0,0,0,0,0,0,0,0,0,0,0,0,0,0,0,0
"manyara/mbulu/masieda",0,0,0,0,0,0,0,0,0,0,0,0,0,0,0,0,0,0,0,0,0,0,0,0,0,0,0,0,0,0,0,0,0,0,0,0,0,0,0,0,0,0,0,0,0,0,0,0,0,0,0,0,0,0,0,0,0,0,0,0,0,0,0,0,0,0,0,0,0,0,0,0,0,0,0,0,0,0,0,0,0,0,0,0,0,0,0,0,0,0,0,0,0,0,0,0,0,0,0,0,0,0,0,0,0,0,0,0,0,0,0,0,0,0,0,0,0,0,0,0,0,0,0,0,0,0,0,0,0,0,0,0,0,0,0,0,0,0,0,0,0,0,0,0,0,0,0,0,0,0,0,0,0,0,0,0,0,0,0,0,0,0,0,0,0,0,0,0,0,0,0,0,0,0,0,0,0,0,0,0,0,0,0,0,0,0,0,0,0,0,0,0,0,0,0,0,0,0,0,0,0,0,0,0,0,0,0,0,0,0,0,0,0,0,0,0,0,0,0,0,0,0,0,0,0,0,0,0,0,0,0,0,0,0,0,0,0,0,0,0,0,0,0,0,0,0,0,0,0,0,0,0,0,0,0,0,0,0,0,0,0,0,0,0,0,0,0,0,0,0,0,0,0,0,0,0,0,0,0,0,0,0,0,0,0,0,0,0,0,0,0,0,0,0,0,0,0,0,0,0,0,0,0,0,0,0,0,0,0,0,0,0,0,0,0,0,0,0,0,0,0,0,0,0,0,0,0,0,0,0,0,0,0,0,0,0,0,0,0,0,0,0,0,0,0,0,0,0,0,0,0,0,0,0,0,0,0,0,0,0,0,0,0,0,0,0,0,0,0,0,0,0,0,0,0,0,0,0,0,0,0,0,0,0,0,0,0,0,0,0,0,0,0,0,0,0,0,0
"manyara/hanang/maskron",0,0,0,0,0,0,0,0,0,0,0,0,0,0,0,0,0,0,0,0,0,0,0,0,0,0,0,0,0,0,0,0,0,0,0,0,0,0,0,0,0,0,0,0,0,0,0,0,0,0,0,0,0,0,0,0,0,0,0,0,0,0,0,0,0,0,0,0,0,0,0,0,0,0,0,0,0,0,0,0,0,0,0,0,0,0,0,0,0,0,0,0,0,0,0,0,0,0,0,0,0,0,0,0,0,0,0,0,0,0,0,0,0,0,0,0,0,0,0,0,0,0,0,0,0,0,0,0,0,0,0,0,0,0,0,0,0,0,0,0,0,0,0,0,0,0,0,0,0,0,0,0,0,0,0,0,0,0,0,0,0,0,0,0,0,0,0,0,0,0,0,0,0,0,0,0,0,0,0,0,0,0,0,0,0,0,0,0,0,0,0,0,0,0,0,0,0,0,0,0,0,0,0,0,0,0,0,0,0,0,0,0,0,0,0,0,0,0,0,0,0,0,0,0,0,0,0,0,0,0,0,0,0,0,0,0,0,0,0,0,0,0,0,0,0,0,0,0,0,0,0,0,0,0,0,0,0,0,0,0,0,0,0,0,0,0,0,0,0,0,0,0,0,0,0,0,0,0,0,0,0,0,0,0,0,0,0,0,0,0,0,0,0,0,0,0,0,0,0,0,0,0,0,0,0,0,0,0,0,0,0,0,0,0,0,0,0,0,0,0,0,0,0,0,0,0,0,0,0,0,0,0,0,0,0,0,0,0,0,0,0,0,0,0,0,0,0,0,0,0,0,0,0,0,0,0,0,0,0,0,0,0,0,0,0,0,0,0,0,0,0,0,0,0,0,0,0,0,0,0,0,0,0,0,0,0,0,0,0,0,0,0,0,0,0,0,0,0
"manyara/hanang/masqaroda",0,0,0,0,0,0,0,0,0,0,0,0,0,0,0,0,0,0,0,0,0,0,0,0,0,0,0,0,0,0,0,0,0,0,0,0,0,0,0,0,0,0,0,0,0,0,0,0,0,0,0,0,0,0,0,0,0,0,0,0,0,0,0,0,0,0,0,0,0,0,0,0,0,0,0,0,0,0,0,0,0,0,0,0,0,0,0,0,0,0,0,0,0,0,0,0,0,0,0,0,0,0,0,0,0,0,0,0,0,0,0,0,0,0,0,0,0,0,0,0,0,0,0,0,0,0,0,0,0,0,0,0,0,0,0,0,0,0,0,0,0,0,0,0,0,0,0,0,0,0,0,0,0,0,0,0,0,0,0,0,0,0,0,0,0,0,0,0,0,0,0,0,0,0,0,0,0,0,0,0,0,0,0,0,0,0,0,0,0,0,0,0,0,0,0,0,0,0,0,0,0,0,0,0,0,0,0,0,0,0,0,0,0,0,0,0,0,0,0,0,0,0,0,0,0,0,0,0,0,0,0,0,0,0,0,0,0,0,0,0,0,0,0,0,0,0,0,0,0,0,0,0,0,0,0,0,0,0,0,0,0,0,0,0,0,0,0,0,0,0,0,0,0,0,0,0,0,0,0,0,0,0,0,0,0,0,0,0,0,0,0,0,0,0,0,0,0,0,0,0,0,0,0,0,0,0,0,0,0,0,0,0,0,0,0,0,0,0,0,0,0,0,0,0,0,0,0,0,0,0,0,0,0,0,0,0,0,0,0,0,0,0,0,0,0,0,0,0,0,0,0,0,0,0,0,0,0,0,0,0,0,0,0,0,0,0,0,0,0,0,0,0,0,0,0,0,0,0,0,0,0,0,0,0,0,0,0,0,0,0,0,0,0,0,0,0,0,0
"manyara/mbulu/masqaroda",0,0,0,0,0,0,0,0,0,0,0,0,0,0,0,0,0,0,0,0,0,0,0,0,0,0,0,0,0,0,0,0,0,0,0,0,0,0,0,0,0,0,0,0,0,0,0,0,0,0,0,0,0,0,0,0,0,0,0,0,0,0,0,0,0,0,0,0,0,0,0,0,0,0,0,0,0,0,0,0,0,0,0,0,0,0,0,0,0,0,0,0,0,0,0,0,0,0,0,0,0,0,0,0,0,0,0,0,0,0,0,0,0,0,0,0,0,0,0,0,0,0,0,0,0,0,0,0,0,0,0,0,0,0,0,0,0,0,0,0,0,0,0,0,0,0,0,0,0,0,0,0,0,0,0,0,0,0,0,0,0,0,0,0,0,0,0,0,0,0,0,0,0,0,0,0,0,0,0,0,0,0,0,0,0,0,0,0,0,0,0,0,0,0,0,0,0,0,0,0,0,0,0,0,0,0,0,0,0,0,0,0,0,0,0,0,0,0,0,0,0,0,0,0,0,0,0,0,0,0,0,0,0,0,0,0,0,0,0,0,0,0,0,0,0,0,0,0,0,0,0,0,0,0,0,0,0,0,0,0,0,0,0,0,0,0,0,0,0,0,0,0,0,0,0,0,0,0,0,0,0,0,0,0,0,0,0,0,0,0,0,0,0,0,0,0,0,0,0,0,0,0,0,0,0,0,0,0,0,0,0,0,0,0,0,0,0,0,0,0,0,0,0,0,0,0,0,0,0,0,0,0,0,0,0,0,0,0,0,0,0,0,0,0,0,0,0,0,0,0,0,0,0,0,0,0,0,0,0,0,0,0,0,0,0,0,0,0,0,0,0,0,0,0,0,0,0,0,0,0,0,0,0,0,0,0,0,0,0,0,0,0,0,0,0,0,0,0
"arusha/longido/matale",0,0,0,0,0,0,0,0,0,0,0,0,0,0,0,0,0,0,0,0,0,0,0,0,0,0,0,0,0,0,0,0,0,0,0,0,0,0,0,0,0,0,0,0,0,0,0,0,0,0,0,0,0,0,0,0,0,0,0,0,0,0,0,0,0,0,0,0,0,0,0,0,0,0,0,0,0,0,0,0,0,0,0,0,0,0,0,0,0,0,0,0,0,0,0,0,0,0,0,0,0,0,0,0,0,0,0,0,0,0,0,0,0,0,0,0,0,0,0,0,0,0,0,0,0,0,0,0,0,0,0,0,0,0,0,0,0,0,0,0,0,0,0,0,0,0,0,0,0,0,0,0,0,0,0,0,0,0,0,0,0,0,0,0,0,0,0,0,0,0,0,0,0,0,0,0,0,0,0,0,0,0,0,0,0,0,0,0,0,0,0,0,0,0,0,0,0,0,0,0,0,0,0,0,0,0,0,0,0,0,0,0,0,0,0,0,0,0,0,0,0,0,0,0,0,0,0,0,0,0,0,0,0,0,0,0,0,0,0,0,0,0,0,0,0,0,0,0,0,0,0,0,0,0,0,0,0,0,0,0,0,0,0,0,0,0,0,0,0,0,0,0,0,0,0,0,0,0,0,0,0,0,0,0,0,0,0,0,0,0,0,0,0,0,0,0,0,0,0,0,0,0,0,0,0,0,0,0,0,0,0,0,0,0,0,0,0,0,0,0,0,0,0,0,0,0,0,0,0,0,0,0,0,0,0,0,0,0,0,0,0,0,0,0,0,0,0,0,0,0,0,0,0,0,0,0,0,0,0,0,0,0,0,0,0,0,0,0,0,0,0,0,0,0,0,0,0,0,0,0,0,0,0,0,0,0,0,0,0,0,0,0,0,0,0,0,0,0
"arusha/arusha/mateves",0,0,0,0,0,0,0,0,0,0,0,0,0,0,0,0,0,0,0,0,0,0,0,0,0,0,0,0,0,0,0,0,0,0,0,0,0,0,0,0,0,0,0,0,0,0,0,0,0,0,0,0,0,0,0,0,0,0,0,0,0,0,0,0,0,0,0,0,0,0,0,0,0,0,0,0,0,0,0,0,0,0,0,0,0,0,0,0,0,0,0,0,0,0,0,0,0,0,0,0,0,0,0,0,0,0,0,0,0,0,0,0,0,0,0,0,0,0,0,0,0,0,0,0,0,0,0,0,0,0,0,0,0,0,0,0,0,0,0,0,0,0,0,0,0,0,0,0,0,0,0,0,0,0,0,0,0,0,0,0,0,0,0,0,0,0,0,0,0,0,0,0,0,0,0,0,0,0,0,0,0,0,0,0,0,0,0,0,0,0,0,0,0,0,0,0,0,0,0,0,0,0,0,0,0,0,0,0,0,0,0,0,0,0,0,0,0,0,0,0,0,0,0,0,0,0,0,0,0,0,0,0,0,0,0,0,0,0,0,0,0,0,0,0,0,0,0,0,0,0,0,0,0,0,0,0,0,0,0,0,0,0,0,0,0,0,0,0,0,0,0,0,0,0,0,0,0,0,0,0,0,0,0,0,0,0,0,0,0,0,0,0,0,0,0,0,0,0,0,0,0,0,0,0,0,0,0,0,0,0,0,0,0,0,0,0,0,0,0,0,0,0,0,0,0,0,0,0,0,0,0,0,0,0,0,0,0,0,0,0,0,0,0,0,0,0,0,0,0,0,0,0,0,0,0,0,0,0,0,0,0,0,0,0,0,0,0,0,0,0,0,0,0,0,0,0,0,0,0,0,0,0,0,0,0,0,0,0,0,0,0,0,0,0,0,0,0,0
"manyara/kiteto/matui",0,0,0,0,0,0,0,0,0,0,0,0,0,0,0,0,0,0,0,0,0,0,0,0,0,0,0,0,0,0,0,0,0,0,0,0,0,0,0,0,0,0,0,0,0,0,0,0,0,0,0,0,0,0,0,0,0,0,0,0,0,0,0,0,0,0,0,0,0,0,0,0,0,0,0,0,0,0,0,0,0,0,0,0,0,0,0,0,0,0,0,0,0,0,0,0,0,0,0,0,0,0,0,0,0,0,0,0,0,0,0,0,0,0,0,0,0,0,0,0,0,0,0,0,0,0,0,0,0,0,0,0,0,0,0,0,0,0,0,0,0,0,0,0,0,0,0,0,0,0,0,0,0,0,0,0,0,0,0,0,0,0,0,0,0,0,0,0,0,0,0,0,0,0,0,0,0,0,0,0,0,0,0,0,0,0,0,0,0,0,0,0,0,0,0,0,0,0,0,0,0,0,0,0,0,0,0,0,0,0,0,0,0,0,0,0,0,0,0,0,0,0,0,0,0,0,0,0,0,0,0,0,0,0,0,0,0,0,0,0,0,0,0,0,0,0,0,0,0,0,0,0,0,0,0,0,0,0,0,0,0,0,0,0,0,0,0,0,0,0,0,0,0,0,0,0,0,0,0,0,0,0,0,0,0,0,0,0,0,0,0,0,0,0,0,0,0,0,0,0,0,0,0,0,0,0,0,0,0,0,0,0,0,0,0,0,0,0,0,0,0,0,0,0,0,0,0,0,0,0,0,0,0,0,0,0,0,0,0,0,0,0,0,0,0,0,0,0,0,0,0,0,0,0,0,0,0,0,0,0,0,0,0,0,0,0,0,0,0,0,0,0,0,0,0,0,0,0,0,0,0,0,0,0,0,0,0,0,0,0,0,0,0,0,0,0,0,0
"kilimanjaro/moshimunicipal/mawenzi",0,0,0,0,0,0,0,0,0,0,0,0,0,0,0,0,0,0,0,0,0,0,0,0,0,0,0,0,0,0,0,0,0,0,0,0,0,0,0,0,0,0,0,0,0,0,0,0,0,0,0,0,0,0,0,0,0,0,0,0,0,0,0,0,0,0,0,0,0,0,0,0,0,0,0,0,0,0,0,0,0,0,0,0,0,0,0,0,0,0,0,0,0,0,0,0,0,0,0,0,0,0,0,0,0,0,0,0,0,0,0,0,0,0,0,0,0,0,0,0,0,0,0,0,0,0,0,0,0,0,0,0,0,0,0,0,0,0,0,0,0,0,0,0,0,0,0,0,0,0,0,0,0,0,0,0,0,0,0,0,0,0,0,0,0,0,0,0,0,0,0,0,0,0,0,0,0,0,0,0,0,0,0,0,0,0,0,0,0,0,0,0,0,0,0,0,0,0,0,0,0,0,0,0,0,0,0,0,0,0,0,0,0,0,0,0,0,0,0,0,0,0,0,0,0,0,0,0,0,0,0,0,0,0,0,0,0,0,0,0,0,0,0,0,0,0,0,0,0,0,0,0,0,0,0,0,0,0,0,0,0,0,0,0,0,0,0,0,0,0,0,0,0,0,0,0,0,0,0,0,0,0,0,0,0,0,0,0,0,0,0,0,0,0,0,0,0,0,0,0,0,0,0,0,0,0,0,0,0,0,0,0,0,0,0,0,0,0,0,0,0,0,0,0,0,0,0,0,0,0,0,0,0,0,0,0,0,0,0,0,0,0,0,0,0,0,0,0,0,0,0,0,0,0,0,0,0,0,0,0,0,0,0,0,0,0,0,0,0,0,0,0,0,0,0,0,0,0,0,0,0,0,0,0,0,0,0,0,0,0,0,0,0,0,0,0,0,0
"kilimanjaro/moshi/mbokomu",0,0,0,0,0,0,0,0,0,0,0,0,0,0,0,0,0,0,0,0,0,0,0,0,0,0,0,0,0,0,0,0,0,0,0,0,0,0,0,0,0,0,0,0,0,0,0,0,0,0,0,0,0,0,0,0,0,0,0,0,0,0,0,0,0,0,0,0,0,0,0,0,0,0,0,0,0,0,0,0,0,0,0,0,0,0,0,0,0,0,0,0,0,0,0,0,0,0,0,0,0,0,0,0,0,0,0,0,0,0,0,0,0,0,0,0,0,0,0,0,0,0,0,0,0,0,0,0,0,0,0,0,0,0,0,0,0,0,0,0,0,0,0,0,0,0,0,0,0,0,0,0,0,0,0,0,0,0,0,0,0,0,0,0,0,0,0,0,0,0,0,0,0,0,0,0,0,0,0,0,0,0,0,0,0,0,0,0,0,0,0,0,0,0,0,0,0,0,0,0,0,0,0,0,0,0,0,0,0,0,0,0,0,0,0,0,0,0,0,0,0,0,0,0,0,0,0,0,0,0,0,0,0,0,0,0,0,0,0,0,0,0,0,0,0,0,0,0,0,0,0,0,0,0,0,0,0,0,0,0,0,0,0,0,0,0,0,0,0,0,0,0,0,0,0,0,0,0,0,0,0,0,0,0,0,0,0,0,0,0,0,0,0,0,0,0,0,0,0,0,0,0,0,0,0,0,0,0,0,0,0,0,0,0,0,0,0,0,0,0,0,0,0,0,0,0,0,0,0,0,0,0,0,0,0,0,0,0,0,0,0,0,0,0,0,0,0,0,0,0,0,0,0,0,0,0,0,0,0,0,0,0,0,0,0,0,0,0,0,0,0,0,0,0,0,0,0,0,0,0,0,0,0,0,0,0,0,0,0,0,0,0,0,0,0,0,0,0
"arusha/meru/mbuguni",0,0,0,0,0,0,0,0,0,0,0,0,0,0,0,0,0,0,0,0,0,0,0,0,0,0,0,0,0,0,0,0,0,0,0,0,0,0,0,0,0,0,0,0,0,0,0,0,0,0,0,0,0,0,0,0,0,0,0,0,0,0,0,0,0,0,0,0,0,0,0,0,0,0,0,0,0,0,0,0,0,0,0,0,0,0,0,0,0,0,0,0,0,0,0,0,0,0,0,0,0,0,0,0,0,0,0,0,0,0,0,0,0,0,0,0,0,0,0,0,0,0,0,0,0,0,0,0,0,0,0,0,0,0,0,0,0,0,0,0,0,0,0,0,0,0,0,0,0,0,0,0,0,0,0,0,0,0,0,0,0,0,0,0,0,0,0,0,0,0,0,0,0,0,0,0,0,0,0,0,0,0,0,0,0,0,0,0,0,0,0,0,0,0,0,0,0,0,0,0,0,0,0,0,0,0,0,0,0,0,0,0,0,0,0,0,0,0,0,0,0,0,0,0,0,0,0,0,0,0,0,0,0,0,0,0,0,0,0,0,0,0,0,0,0,0,0,0,0,0,0,0,0,0,0,0,0,0,0,0,0,0,0,0,0,0,0,0,0,0,0,0,0,0,0,0,0,0,0,0,0,0,0,0,0,0,0,0,0,0,0,0,0,0,0,0,0,0,0,0,0,0,0,0,0,0,0,0,0,0,0,0,0,0,0,0,0,0,0,0,0,0,0,0,0,0,0,0,0,0,0,0,0,0,0,0,0,0,0,0,0,0,0,0,0,0,0,0,0,0,0,0,0,0,0,0,0,0,0,0,0,0,0,0,0,0,0,0,0,0,0,0,0,0,0,0,0,0,0,0,0,0,0,0,0,0,0,0,0,0,0,0,0,0,0,0,0,0
"arusha/karatu/mbulumbulu",0.00011,0.00032,6e-06,0.000472,4e-06,0.000246,3e-06,5e-06,2e-06,0.000803,1.3e-05,1e-06,9.4e-05,0.001366,0.000257,1.7e-05,8e-06,2.1e-05,3e-06,1.1e-05,3e-06,6.8e-05,2e-06,5e-06,3e-06,2e-06,5e-06,2.5e-05,1e-06,4e-06,0.000327,3e-06,2e-06,3e-06,0.000259,7e-06,0.000143,0.000184,4.8e-05,0.00037,5e-06,1e-06,0.000146,0.000175,2.3e-05,3e-06,0.000266,0.036558,0.00199,7e-05,9e-06,4.3e-05,1e-04,5e-06,0.000106,1e-06,1e-05,7e-06,0.000112,0.0119,0.000529,0.010963,0.000998,1e-05,0,0.000872,0.000953,4e-06,0.001358,0.000593,0.000123,0,1.6e-05,0.00017,8e-06,0.001531,0.000321,1e-06,2e-06,2e-06,1e-06,1.1e-05,3e-06,2e-06,5e-06,8e-06,0.002387,3e-06,0.000108,0.000508,1e-06,3e-06,0.001557,0.000778,0.000157,0.000555,0.000167,2e-06,0.00076,0.000183,7e-06,1.3e-05,9.9e-05,0.000227,2.7e-05,0.001419,2.3e-05,0.000188,0.000129,0.020198,0.000115,0.000538,5.3e-05,5e-06,8e-06,5e-06,0.000858,2e-06,0.000989,0.000103,5.6e-05,0.001916,4e-06,1.6e-05,2e-06,3.9e-05,0.000118,0.005144,0.000355,6e-06,5e-06,0.000179,0.000332,4.2e-05,1e-06,0.000773,5e-05,0.000115,0.005269,0.000317,0.000198,2e-06,0.000306,2.9e-05,1.1e-05,0.000228,1e-05,0.000398,0.000345,0.000109,5e-06,3e-06,8e-06,4e-06,0.000174,0.012576,2.3e-05,0.000228,1.6e-05,0.014712,4.7e-05,0.00105,3e-06,1.1e-05,2e-06,1e-06,6.3e-05,0.000119,0.001506,2.5e-05,4.1e-05,0.012584,0.024567,8.6e-05,4.2e-05,0.000184,0.004335,1.6e-05,0.000304,6.7e-05,1e-06,7.4e-05,0.000283,4.6e-05,0.00222,0.037862,5e-06,8e-06,0.001083,0.000344,7.9e-05,4.3e-05,0.000315,6e-06,0.000794,6e-06,5e-06,5e-06,0.000342,0.000252,0.001886,4.5e-05,0.000164,6e-06,0.00045,5.9e-05,0.002638,0.008034,0.001789,7e-06,6e-06,1.5e-05,0.000852,3e-06,9e-06,4.2e-05,1e-05,0.003994,3.8e-05,0.000231,5e-06,8e-06,2e-06,9e-06,0.001389,3.4e-05,0.002005,1.4e-05,5.2e-05,1e-06,1e-06,9e-06,0.004479,0.003511,1.6e-05,0,8e-06,0.000277,0,5e-06,0.00014,0.038581,3e-06,0.004913,2e-06,5e-06,1.9e-05,0.000928,3e-06,0.000137,0.008127,0.022042,4.6e-05,0.001873,0.000284,8.1e-05,7e-06,2.3e-05,4e-06,3e-06,2e-06,0.000106,2e-05,2e-06,0.02802,0.000102,8e-06,0.004341,3e-06,0.00023,0.003572,0.000622,4e-06,3e-06,0.00236,1.3e-05,9.2e-05,0.000293,1.1e-05,0.003981,4.7e-05,0.000125,0.018548,2.2e-05,3e-06,7e-06,1e-06,1.6e-05,7e-06,8e-06,1.7e-05,0.000105,7e-06,0.00427,7.4e-05,0.000203,0.002474,4.4e-05,0.000119,0.002182,2e-06,1e-06,5e-06,4.4e-05,4e-06,0.006379,0.000162,1.9e-05,1.3e-05,7e-06,0.002632,0.001043,1e-05,4e-06,4.8e-05,5.4e-05,3.7e-05,0.006217,0.001486,0.002499,0.000218,0.003867,0.000207,0.001042,0.022835,0.000696,0.000999,6.1e-05,5.6e-05,0.000629,0.000833,0.000445,0.027252,0.001984,0.000244,4e-06,2.6e-05,0.000205,0.004483,1.3e-05,7.4e-05,4e-06,0.000221,5e-06,0.000395,5.9e-05,0.000307,0.001051,0.000314,0.000335,5e-06,0.00056,6e-05,0.009732,0.019545,0.002186,0.000457,2e-05,1e-05,7.6e-05,5e-06,2e-06,4e-06,1e-06,4.3e-05,0.006166,0.001774,0.004226,5e-06,0.000552,2.9e-05,1e-06,3e-06,1.1e-05,1.3e-05,0.000369,0.000182,1.4e-05,0.002819,5e-06,2e-06,5e-06,0.003032,3.2e-05,5e-06,0.000177,7e-06,0.000748,0.000132,4e-06,0.001832,5e-06,3e-06,6e-06,1e-06,1e-06,6e-06,5e-06
"kilimanjaro/rombo/mengwe",0,0,0,0,0,0,0,0,0,0,0,0,0,0,0,0,0,0,0,0,0,0,0,0,0,0,0,0,0,0,0,0,0,0,0,0,0,0,0,0,0,0,0,0,0,0,0,0,0,0,0,0,0,0,0,0,0,0,0,0,0,0,0,0,0,0,0,0,0,0,0,0,0,0,0,0,0,0,0,0,0,0,0,0,0,0,0,0,0,0,0,0,0,0,0,0,0,0,0,0,0,0,0,0,0,0,0,0,0,0,0,0,0,0,0,0,0,0,0,0,0,0,0,0,0,0,0,0,0,0,0,0,0,0,0,0,0,0,0,0,0,0,0,0,0,0,0,0,0,0,0,0,0,0,0,0,0,0,0,0,0,0,0,0,0,0,0,0,0,0,0,0,0,0,0,0,0,0,0,0,0,0,0,0,0,0,0,0,0,0,0,0,0,0,0,0,0,0,0,0,0,0,0,0,0,0,0,0,0,0,0,0,0,0,0,0,0,0,0,0,0,0,0,0,0,0,0,0,0,0,0,0,0,0,0,0,0,0,0,0,0,0,0,0,0,0,0,0,0,0,0,0,0,0,0,0,0,0,0,0,0,0,0,0,0,0,0,0,0,0,0,0,0,0,0,0,0,0,0,0,0,0,0,0,0,0,0,0,0,0,0,0,0,0,0,0,0,0,0,0,0,0,0,0,0,0,0,0,0,0,0,0,0,0,0,0,0,0,0,0,0,0,0,0,0,0,0,0,0,0,0,0,0,0,0,0,0,0,0,0,0,0,0,0,0,0,0,0,0,0,0,0,0,0,0,0,0,0,0,0,0,0,0,0,0,0,0,0,0,0,0,0,0,0,0,0,0,0,0,0,0,0,0,0,0,0,0,0,0,0,0,0,0,0,0,0,0,0
"manyara/simanjiro/mererani",6.7e-05,1e-06,3e-06,2e-06,0,0.000377,0,0,0,1.7e-05,0,0,3.3e-05,0.000574,2e-06,0,0,0,0,0,1e-06,3.4e-05,0,6e-06,1e-06,2e-06,0,0,0,1e-06,0.000761,0,0,2e-06,0,0,4.3e-05,2e-06,0,4e-06,0,0,7e-06,2e-06,1e-06,0,2e-06,0.008479,0.000174,0,0,0,0,0,2e-06,0,0.000971,0,3.2e-05,3.9e-05,1.1e-05,1.5e-05,4.9e-05,1e-06,0,0.000379,3.9e-05,0,3e-06,1.7e-05,0,0,7e-06,1e-06,0,1.1e-05,2e-06,0,0,0,0,0,0,0,0,0,0.004248,0,1e-06,7e-05,0,0,0.000797,0.000191,1e-06,4e-06,0.000102,1e-06,0.000811,0.000146,0,0,1.7e-05,6.2e-05,2.9e-05,0.00031,0,0.000202,5.5e-05,1.5e-05,7.1e-05,0.000227,1e-06,2e-06,4e-06,3e-06,0.002714,0,0.000868,6.1e-05,2.8e-05,0.001163,2e-06,9e-06,1e-06,7e-06,7e-06,0.006225,0.000789,4e-06,3e-06,8.5e-05,0.000239,4.2e-05,1e-06,0.000276,1e-05,8.9e-05,0.000268,0.000306,0.000286,0,7e-05,2.5e-05,4e-06,0.000123,0,0.000321,0.000229,7.4e-05,2e-06,3e-06,3e-06,1e-06,3.9e-05,0.001057,5e-06,2e-06,2e-06,0.015173,2.9e-05,0.000236,3e-06,5e-06,0,0,6.2e-05,7.4e-05,0.000543,1.7e-05,2e-06,6.8e-05,0.00657,3.5e-05,2.1e-05,1.6e-05,0.000138,1e-06,0.00029,7e-06,0,1e-06,5.5e-05,5.5e-05,0.00154,0.074414,2e-06,5e-06,0.000982,0.000284,0.000123,1e-06,1e-06,0,1e-05,0,3e-06,0,0.000327,0,0.002072,5e-06,2.8e-05,5.8e-05,0.000209,4.7e-05,0.001641,4.3e-05,7e-06,4e-06,3e-06,0,0.000392,1e-06,0,8e-06,0,0.001385,2.2e-05,0.000132,0,2.3e-05,0,7e-06,0.001687,2.6e-05,0.001325,2.9e-05,0,0,0,0,7.4e-05,0.00062,1e-06,0,6e-06,0.001257,6e-06,2e-06,0,0.002873,3e-06,0.001755,1e-06,5e-06,1.8e-05,0.000699,0,2.4e-05,0.002176,0.000397,2e-06,0.000906,8.8e-05,1.7e-05,3e-06,1.5e-05,4e-06,1e-06,0,0.000143,0,1e-06,1.8e-05,2e-06,0,0.00032,0,3e-06,0.000287,0.000485,2e-06,1e-06,0.001304,6e-06,1.7e-05,9.2e-05,0,2e-06,0.000244,0,0.001011,0,0,0,0,6e-06,0,5e-06,2e-06,2.8e-05,1e-06,0.00602,6.6e-05,7.3e-05,0.000509,1.1e-05,0.000108,4e-06,1e-06,1e-06,5e-06,2e-05,0,4.2e-05,7.4e-05,1.3e-05,6e-06,4e-06,0.000347,2e-06,1e-06,4e-06,3.5e-05,0,0,0.000666,0.000569,0.000688,8.7e-05,0.000426,0.000264,0.000184,0.002852,6e-06,8e-06,2.3e-05,1e-06,0.000114,0.000239,5.8e-05,0.001026,2.7e-05,4.6e-05,0,2.9e-05,2e-06,0.003173,1e-06,0,4e-06,0,0,0.000143,9e-06,3e-06,0.00019,0.000125,4e-06,0,0.00034,3.5e-05,0.002955,2.1e-05,5.7e-05,0.000822,1.3e-05,4e-06,8.8e-05,0,0,0,0,1e-06,0.002109,0.000386,0.001042,0,0.00026,3.1e-05,0,1e-06,1e-06,4e-06,0.000145,2.8e-05,5e-06,0.000239,0,1e-06,0,0.001061,1e-06,0,4.8e-05,4e-06,0.000625,9.2e-05,3e-06,0.00202,2e-06,1e-06,1e-06,0,0,0,0
"arusha/monduli/meserani",0.029691,0.001702,0.000648,0.00345,0.000233,0.038656,0.000125,0.000177,0.000181,0.059419,9e-04,8.4e-05,0.023004,0.313106,0.006023,0.000517,0.00014,0.00052,7.1e-05,0.000242,0.000283,0.005261,0.000169,0.000784,0.000267,0.000244,0.000358,0.000582,4.5e-05,0.000385,0.081665,0.000275,0.000158,0.000343,0.001289,0.000189,0.045966,0.005115,0.000659,0.007574,0.000183,4.5e-05,0.005546,0.003576,0.000908,0.000199,0.007139,0.984523,0.4852,0.00049,0.000159,0.000479,0.001065,0.000186,0.00334,8.1e-05,0.002682,0.000982,0.015514,0.071941,0.010166,0.040249,0.068119,0.000825,6e-06,0.265265,0.19379,0.000111,0.026956,0.03986,0.000613,1.9e-05,0.002186,0.00581,0.000217,0.015888,0.004064,6.6e-05,6.9e-05,9.6e-05,5.5e-05,0.00039,0.000142,0.000117,0.000301,0.000112,0.315327,0.000108,0.002061,0.024877,6.2e-05,5.9e-05,0.158639,0.145471,0.002726,0.017699,0.022831,2e-04,0.103041,0.024132,0.000276,0.000222,0.008822,0.066964,0.003934,0.117949,0.000453,0.027109,0.018892,0.055787,0.015737,0.05636,0.001517,0.001743,0.000873,0.000605,0.148074,0.000196,0.124156,0.012859,0.003779,0.204963,0.000527,0.002011,0.000204,0.003596,0.005108,0.392159,0.095705,0.000767,0.000621,0.011342,0.042035,0.006027,0.000146,0.201161,0.012873,0.015066,0.232669,0.044347,0.036636,0.00021,0.086911,0.004079,0.001087,0.027466,0.000285,0.051242,0.042219,0.013691,0.000583,5e-04,0.000844,0.000477,0.016256,0.937301,0.001161,0.003485,0.001767,0.778245,0.005842,0.166987,0.000373,0.00129,4.6e-05,8.4e-05,0.009384,0.020102,0.390199,0.003333,0.001689,0.437049,0.966289,0.012292,0.005508,0.01782,0.654651,0.000919,0.042001,0.006032,0.000125,0.001278,0.027911,0.006865,0.245824,0.902052,0.00056,0.001056,0.140197,0.047565,0.012671,0.002089,0.005365,0.000111,0.0374,0.000436,0.00061,0.000362,0.046815,0.000806,0.315718,0.00594,0.008812,0.001541,0.048669,0.009531,0.26198,0.380156,0.018178,0.000815,0.000723,0.001017,0.088472,0.000281,0.000158,0.003824,0.000245,0.310115,0.00456,0.027123,0.000108,0.001913,0.000136,0.001306,0.191074,0.004905,0.22716,0.002438,0.001207,8.4e-05,8e-05,0.000145,0.109716,0.752608,0.001298,6.4e-05,0.001013,0.041319,0.025363,0.000505,0.035316,0,0.000393,0.253621,0.000212,0.000761,0.00263,0.253653,0.00014,0.125965,0.803492,0.55652,0.010325,0.425561,0.02826,0.007845,0.000721,0.002958,0.000601,0.000275,2e-04,0.009448,0.002728,0.000234,0.084193,0.003403,0.00034,0.635765,0.000218,0.021839,0.46724,0.080423,0.000472,0.000292,0.231407,0.001439,0.008691,0.030675,0.00045,0.007174,0.010099,0.000665,0.563019,0.000899,0.000142,0.000283,5.9e-05,0.001684,0.000309,0.001213,0.001782,0.011042,0.00067,0.672887,0.010134,0.024039,0.169835,0.013854,0.019541,0.014657,0.000231,0.00016,0.000728,0.005462,0.000337,0.205465,0.042293,0.004223,0.003151,0.000938,0.385558,0.004284,0.000875,0.000576,0.006261,0.000399,0.000389,0.321433,0.140299,0.497069,0.126756,0.460427,0.034348,0.08699,0.848784,0.007231,0.009854,0.019366,0.001415,0.164071,0.192831,0.106239,0.511637,0.043026,0.017747,0.000187,0.003769,0.003244,0.600654,0.001663,0.000542,0.00062,0.000898,0.000184,0.04833,0.005667,0.005083,0.177909,0.036915,0.006318,0.000163,0.077465,0.01498,0.851776,0.101387,0.573995,0.064864,0.002563,0.001053,0.011268,0.000293,5.6e-05,0.000288,6.8e-05,0.001002,0.716102,0.272987,0.686384,0.000389,0.103903,0.004219,0.000107,0.000309,0.00042,0.001347,0.159492,0.046249,0.004725,0.109068,0.00017,0.000188,0.000207,0.252055,0.001484,0.000154,0.056785,0.000821,0.095669,0.016893,0.000562,0.347876,0.000533,0.000288,0.000547,0.000108,0.000106,0.000223,0.000144
"kilimanjaro/moshimunicipal/mfumuni",0,0,0,0,0,0,0,0,0,0,0,0,0,0,0,0,0,0,0,0,0,0,0,0,0,0,0,0,0,0,0,0,0,0,0,0,0,0,0,0,0,0,0,0,0,0,0,0,0,0,0,0,0,0,0,0,0,0,0,0,0,0,0,0,0,0,0,0,0,0,0,0,0,0,0,0,0,0,0,0,0,0,0,0,0,0,0,0,0,0,0,0,0,0,0,0,0,0,0,0,0,0,0,0,0,0,0,0,0,0,0,0,0,0,0,0,0,0,0,0,0,0,0,0,0,0,0,0,0,0,0,0,0,0,0,0,0,0,0,0,0,0,0,0,0,0,0,0,0,0,0,0,0,0,0,0,0,0,0,0,0,0,0,0,0,0,0,0,0,0,0,0,0,0,0,0,0,0,0,0,0,0,0,0,0,0,0,0,0,0,0,0,0,0,0,0,0,0,0,0,0,0,0,0,0,0,0,0,0,0,0,0,0,0,0,0,0,0,0,0,0,0,0,0,0,0,0,0,0,0,0,0,0,0,0,0,0,0,0,0,0,0,0,0,0,0,0,0,0,0,0,0,0,0,0,0,0,0,0,0,0,0,0,0,0,0,0,0,0,0,0,0,0,0,0,0,0,0,0,0,0,0,0,0,0,0,0,0,0,0,0,0,0,0,0,0,0,0,0,0,0,0,0,0,0,0,0,0,0,0,0,0,0,0,0,0,0,0,0,0,0,0,0,0,0,0,0,0,0,0,0,0,0,0,0,0,0,0,0,0,0,0,0,0,0,0,0,0,0,0,0,0,0,0,0,0,0,0,0,0,0,0,0,0,0,0,0,0,0,0,0,0,0,0,0,0,0,0,0,0,0,0,0,0,0,0,0,0,0,0,0,0,0,0,0,0,0,0
"kilimanjaro/mwanga/mgagao",0.001543,8.1e-05,0.001214,0.000694,1.3e-05,0.072841,5e-06,7e-06,1.2e-05,0.002895,4.8e-05,1e-05,0.000996,0.014938,0.000434,1.9e-05,1.8e-05,7.2e-05,1.3e-05,5e-05,0.000884,0.002315,1.2e-05,0.000931,0.001817,0.000275,2.1e-05,1.6e-05,1.4e-05,0.002001,0.006814,7.8e-05,0.001174,0.014801,9.9e-05,2.8e-05,0.001257,0.000638,4.8e-05,0.000927,1.3e-05,1e-05,0.004215,0.000445,0.000536,1.3e-05,0.000202,0.23125,0.015355,3.2e-05,1.3e-05,2.4e-05,2.5e-05,1.5e-05,0.000524,6e-06,0.000558,3.6e-05,0.022752,0.011148,0.002057,0.00249,0.003706,0.000266,1e-06,0.009354,0.002113,1e-05,0.000332,0.003638,1.8e-05,2e-06,0.000491,0.000187,5e-05,0.002318,0.00021,6e-06,8e-06,9e-06,5e-06,5.7e-05,1e-05,1.4e-05,2.6e-05,1e-05,0.160624,9e-06,0.000403,0.171063,6e-06,1.4e-05,0.406682,0.006887,0.000101,0.000734,0.007124,0.002927,0.266208,0.084328,1.1e-05,1.8e-05,0.035646,0.001911,0.004896,0.05085,1.6e-05,0.025026,0.002627,0.002958,0.005228,0.065338,3e-04,4.6e-05,0.00128,0.001187,0.05886,6e-05,0.152685,0.009007,0.004688,0.165174,0.009481,0.052269,0.006091,0.013438,0.004827,0.145724,0.00883,0.001117,0.001069,0.05445,0.203217,0.006102,0.012702,0.007679,0.000367,0.021705,0.032736,0.033841,0.007283,0.00089,0.002318,0.003255,0.001456,0.549663,2.6e-05,0.101452,0.062638,0.02769,0.000776,0.011869,0.001393,0.010444,0.130811,0.045258,0.002935,0.000325,0.001436,0.796151,0.047024,0.025748,0.000406,0.111002,1e-05,1.1e-05,0.070516,0.002714,0.014505,0.113748,0.001539,0.007324,0.178347,0.044037,0.001659,0.003752,0.015091,9.1e-05,0.039759,0.003509,0.000682,0.000146,0.088951,0.011549,0.141009,0.914812,0.00025,0.000579,0.087605,0.023471,0.011837,0.000121,0.000262,1.8e-05,0.002064,0.00015,0.001603,1.5e-05,0.053567,1.5e-05,0.042803,0.001242,0.091818,0.00031,0.075119,0.001974,0.585617,0.005091,0.00139,0.001482,0.001514,6.1e-05,0.215731,0.000576,9e-06,0.020204,8e-06,0.42089,0.007085,0.05083,1.7e-05,0.000249,9e-06,0.000509,0.088237,0.001711,0.107859,0.00182,5.7e-05,7e-06,6e-06,1.5e-05,0.011926,0.021314,0.000354,7.1e-05,0.001199,0.009576,0.001099,0.001096,0.008394,0.09935,0.000427,0,0.002716,0.000909,0.003199,0.01355,1.4e-05,0.000888,0.065406,0.036376,9.6e-05,0.021524,0.016147,0.041402,0.001107,0.038202,0.000772,0.00321,0.001764,0.038372,2e-05,0.001415,0.002957,0.000251,1.6e-05,0.014751,9e-06,0.000439,0.013566,0.552523,0.005688,0.003169,0.459986,0.00287,0.039104,0.028612,1.5e-05,0.000227,0.007032,2.7e-05,0.124447,3.8e-05,1e-04,2.8e-05,6e-06,0.001623,2.1e-05,0.00032,0.000615,0.002839,0.003121,0.079862,0.013493,0.005975,0.031084,0.000346,0.10323,0.000658,0.000592,0.006768,0.000846,0.307338,9.9e-05,0.006988,0.00194,0.000322,0.00016,0.000613,0.016693,0.000528,0.000211,0.000895,0.008054,1.4e-05,9.1e-05,0.047186,0.170317,0.026347,0.003015,0.019258,0.010171,0.022286,0.136465,0.001907,0.002449,0.000615,0.00022,0.004078,0.007458,0.002338,0.129437,0.00601,0.035921,0.000123,0.004372,0.000275,0.068303,9.5e-05,1.6e-05,0.000652,2e-05,2.2e-05,0.299601,0.010605,0.000527,0.007623,0.641041,0.000744,6e-06,0.018534,0.000857,0.082805,0.002857,0.003387,0.029998,0.049726,0.00191,0.011298,1.5e-05,1e-05,1.5e-05,7e-06,0.000145,0.059278,0.015477,0.031994,0.000127,0.007956,0.004332,0.001863,0.001785,0.000345,0.001137,0.003739,0.002434,0.000137,0.032314,8e-06,0.006664,1.2e-05,0.275258,0.00012,6e-06,0.001466,0.000743,0.08841,0.018316,0.000572,0.035746,0.000704,0.002858,0.003982,0.003711,0.000369,1.2e-05,1e-05
"kilimanjaro/same/mhezi",0,0,0,0,0,0,0,0,0,0,0,0,0,0,0,0,0,0,0,0,0,0,0,0,0,0,0,0,0,0,0,0,0,0,0,0,0,0,0,0,0,0,0,0,0,0,0,0,0,0,0,0,0,0,0,0,0,0,0,0,0,0,0,0,0,0,0,0,0,0,0,0,0,0,0,0,0,0,0,0,0,0,0,0,0,0,0,0,0,0,0,0,0,0,0,0,0,0,0,0,0,0,0,0,0,0,0,0,0,0,0,0,0,0,0,0,0,0,0,0,0,0,0,0,0,0,0,0,0,0,0,0,0,0,0,0,0,0,0,0,0,0,0,0,0,0,0,0,0,0,0,0,0,0,0,0,0,0,0,0,0,0,0,0,0,0,0,0,0,0,0,0,0,0,0,0,0,0,0,0,0,0,0,0,0,0,0,0,0,0,0,0,0,0,0,0,0,0,0,0,0,0,0,0,0,0,0,0,0,0,0,0,0,0,0,0,0,0,0,0,0,0,0,0,0,0,0,0,0,0,0,0,0,0,0,0,0,0,0,0,0,0,0,0,0,0,0,0,0,0,0,0,0,0,0,0,0,0,0,0,0,0,0,0,0,0,0,0,0,0,0,0,0,0,0,0,0,0,0,0,0,0,0,0,0,0,0,0,0,0,0,0,0,0,0,0,0,0,0,0,0,0,0,0,0,0,0,0,0,0,0,0,0,0,0,0,0,0,0,0,0,0,0,0,0,0,0,0,0,0,0,0,0,0,0,0,0,0,0,0,0,0,0,0,0,0,0,0,0,0,0,0,0,0,0,0,0,0,0,0,0,0,0,0,0,0,0,0,0,0,0,0,0,0,0,0,0,0,0,0,0,0,0,0,0,0,0,0,0,0,0,0,0,0,0,0,0,0
"kilimanjaro/moshimunicipal/miembeni",0,0,0,0,0,0,0,0,0,0,0,0,0,0,0,0,0,0,0,0,0,0,0,0,0,0,0,0,0,0,0,0,0,0,0,0,0,0,0,0,0,0,0,0,0,0,0,0,0,0,0,0,0,0,0,0,0,0,0,0,0,0,0,0,0,0,0,0,0,0,0,0,0,0,0,0,0,0,0,0,0,0,0,0,0,0,0,0,0,0,0,0,0,0,0,0,0,0,0,0,0,0,0,0,0,0,0,0,0,0,0,0,0,0,0,0,0,0,0,0,0,0,0,0,0,0,0,0,0,0,0,0,0,0,0,0,0,0,0,0,0,0,0,0,0,0,0,0,0,0,0,0,0,0,0,0,0,0,0,0,0,0,0,0,0,0,0,0,0,0,0,0,0,0,0,0,0,0,0,0,0,0,0,0,0,0,0,0,0,0,0,0,0,0,0,0,0,0,0,0,0,0,0,0,0,0,0,0,0,0,0,0,0,0,0,0,0,0,0,0,0,0,0,0,0,0,0,0,0,0,0,0,0,0,0,0,0,0,0,0,0,0,0,0,0,0,0,0,0,0,0,0,0,0,0,0,0,0,0,0,0,0,0,0,0,0,0,0,0,0,0,0,0,0,0,0,0,0,0,0,0,0,0,0,0,0,0,0,0,0,0,0,0,0,0,0,0,0,0,0,0,0,0,0,0,0,0,0,0,0,0,0,0,0,0,0,0,0,0,0,0,0,0,0,0,0,0,0,0,0,0,0,0,0,0,0,0,0,0,0,0,0,0,0,0,0,0,0,0,0,0,0,0,0,0,0,0,0,0,0,0,0,0,0,0,0,0,0,0,0,0,0,0,0,0,0,0,0,0,0,0,0,0,0,0,0,0,0,0,0,0,0,0,0,0,0,0,0
"kilimanjaro/moshimunicipal/mjimpya",0,0,0,0,0,0,0,0,0,0,0,0,0,0,0,0,0,0,0,0,0,0,0,0,0,0,0,0,0,0,0,0,0,0,0,0,0,0,0,0,0,0,0,0,0,0,0,0,0,0,0,0,0,0,0,0,0,0,0,0,0,0,0,0,0,0,0,0,0,0,0,0,0,0,0,0,0,0,0,0,0,0,0,0,0,0,0,0,0,0,0,0,0,0,0,0,0,0,0,0,0,0,0,0,0,0,0,0,0,0,0,0,0,0,0,0,0,0,0,0,0,0,0,0,0,0,0,0,0,0,0,0,0,0,0,0,0,0,0,0,0,0,0,0,0,0,0,0,0,0,0,0,0,0,0,0,0,0,0,0,0,0,0,0,0,0,0,0,0,0,0,0,0,0,0,0,0,0,0,0,0,0,0,0,0,0,0,0,0,0,0,0,0,0,0,0,0,0,0,0,0,0,0,0,0,0,0,0,0,0,0,0,0,0,0,0,0,0,0,0,0,0,0,0,0,0,0,0,0,0,0,0,0,0,0,0,0,0,0,0,0,0,0,0,0,0,0,0,0,0,0,0,0,0,0,0,0,0,0,0,0,0,0,0,0,0,0,0,0,0,0,0,0,0,0,0,0,0,0,0,0,0,0,0,0,0,0,0,0,0,0,0,0,0,0,0,0,0,0,0,0,0,0,0,0,0,0,0,0,0,0,0,0,0,0,0,0,0,0,0,0,0,0,0,0,0,0,0,0,0,0,0,0,0,0,0,0,0,0,0,0,0,0,0,0,0,0,0,0,0,0,0,0,0,0,0,0,0,0,0,0,0,0,0,0,0,0,0,0,0,0,0,0,0,0,0,0,0,0,0,0,0,0,0,0,0,0,0,0,0,0,0,0,0,0,0,0,0
"arusha/arusha/mlangarini",6.5e-05,0,0,0,0,9e-06,0,0,0,2e-06,0,0,1.9e-05,0.000628,0,0,0,0,0,0,0,3e-06,0,0,0,0,0,0,0,0,0.000138,0,0,0,0,0,3.6e-05,0,0,0,0,0,0,0,0,0,0,0.005251,1.7e-05,0,0,0,0,0,0,0,1e-06,0,1e-06,4e-06,1e-06,2e-06,8e-06,0,0,0.00055,1e-05,0,0,1e-06,0,0,1e-06,0,0,1e-06,0,0,0,0,0,0,0,0,0,0,0.000145,0,0,3e-06,0,0,3.2e-05,7.3e-05,0,0,7e-06,0,2.3e-05,5e-06,0,0,1e-06,4.4e-05,1e-06,2.3e-05,0,7e-06,7e-06,2e-06,5e-06,1.1e-05,0,1e-06,0,0,6.6e-05,0,3.2e-05,3e-06,1e-06,5.6e-05,0,0,0,0,0,0.000544,0.000153,0,0,3e-06,8e-06,2e-06,0,0.000259,5e-06,3e-06,3.2e-05,1.2e-05,2e-05,0,4.2e-05,1e-06,0,4e-06,0,1.1e-05,9e-06,3e-06,0,0,0,0,2e-06,0.000347,0,0,0,0.000535,1e-06,1.5e-05,0,0,0,0,2e-06,1e-05,0.000597,1e-06,0,1.2e-05,0.004633,1e-06,2e-06,1e-06,1.7e-05,0,1.1e-05,0,0,0,3e-06,2e-06,8e-05,0.002655,0,0,4.3e-05,1.4e-05,3e-06,0,0,0,1e-06,0,0,0,1.2e-05,0,0.000356,0,1e-06,1e-06,1e-05,4e-06,6.1e-05,7e-06,1e-06,0,0,0,1.7e-05,0,0,0,0,6.9e-05,1e-06,5e-06,0,2e-06,0,0,7.4e-05,2e-06,7.6e-05,1e-06,0,0,0,0,9e-06,0.000274,0,0,0,3.8e-05,1e-06,0,1.5e-05,0.000528,0,6.1e-05,0,0,1e-06,0,0,7e-06,0.001437,8.5e-05,0,0.001766,6e-06,1e-06,0,0,0,0,0,3e-06,0,0,2e-06,0,0,0.000102,0,0,8.9e-05,1.5e-05,0,0,5.2e-05,0,1e-06,4e-06,0,0,3e-06,0,0.000115,0,0,0,0,0,0,0,0,2e-06,0,0.003332,2e-06,6e-06,9.9e-05,7e-06,3e-06,0,0,0,0,1e-06,0,5e-06,5.9e-05,4e-06,3e-06,0,0.000182,0,0,0,1e-06,0,0,0.000143,2.9e-05,0.000197,1e-05,0.000133,1.4e-05,1.7e-05,0.001273,1e-06,1e-06,2.5e-05,0,5.7e-05,0.000148,2.3e-05,0.000142,3e-06,2e-06,0,1e-06,0,0.001753,0,0,0,0,0,5e-06,0,0,6.5e-05,5e-06,0,0,2.8e-05,2.2e-05,0.002321,3e-06,1.2e-05,1.8e-05,0,0,3e-06,0,0,0,0,0,0.001508,0.000333,0.000709,0,7.6e-05,1e-06,0,0,0,0,9.5e-05,2e-06,5e-06,2.8e-05,0,0,0,5.6e-05,0,0,3.5e-05,0,2.5e-05,4e-06,0,0.000766,0,0,0,0,0,0,0
"manyara/hanang/mogitu",0.000129,5.6e-05,1.7e-05,0.000298,0.000256,0.000672,3.1e-05,3.4e-05,0.000201,0.023504,0.000577,0.001827,9.6e-05,0.001464,0.002395,9.2e-05,0.000161,0.002335,0.000564,0.002727,1.8e-05,7.4e-05,0.000183,1.3e-05,1.4e-05,4e-06,0.000261,4e-05,8e-06,2.2e-05,0.000799,6.6e-05,8e-06,1e-05,0.000133,0.001595,0.000141,0.01313,0.000143,0.000379,0.000232,0.000783,0.001321,0.0061,0.000298,0.000316,6.1e-05,0.033439,0.006854,5.2e-05,6.2e-05,4.8e-05,3.9e-05,0.000271,0.023484,0.000559,2e-05,8.1e-05,0.00068,0.01156,0.000299,0.000797,0.000604,0.000168,0,0.000974,0.000471,0.000107,0.000328,0.005779,2.4e-05,0.001619,2.5e-05,0.000771,0.005453,0.000518,8.3e-05,0.002181,0.00028,0.000276,0.000227,0.001116,0.000249,0.000705,0.004611,3.9e-05,0.00472,0.00039,0.006187,0.002082,0.000541,0.000245,0.004748,0.000721,3.4e-05,0.004324,0.000283,6e-06,0.002189,0.000546,6.5e-05,4.4e-05,0.000547,0.000217,6.7e-05,0.002745,4.8e-05,0.000435,0.000165,0.002772,2e-04,0.001373,0.163363,5e-06,2.1e-05,1.5e-05,0.001686,3.7e-05,0.002445,0.000223,8.3e-05,0.004262,1.5e-05,5.9e-05,7e-06,0.000224,0.000917,0.005559,0.000535,1.6e-05,1.4e-05,0.00036,0.001046,9.9e-05,4e-06,0.000796,4.4e-05,0.000293,0.005099,7e-04,0.000315,1.2e-05,0.000278,6.5e-05,2.9e-05,0.000851,0.000188,0.001082,0.000893,0.000299,1.4e-05,1.3e-05,2.4e-05,2e-05,0.000847,0.008646,4.4e-05,6e-05,0.00013,0.0347,0.000157,0.002545,6e-06,4.2e-05,0.000628,0.000758,0.000209,0.000159,0.00159,9.1e-05,0.000323,0.002273,0.023383,0.000432,7e-05,0.001117,0.005652,1.4e-05,0.000706,0.00066,7e-06,7.7e-05,0.001687,0.00012,0.004418,0.122137,9e-06,1.7e-05,0.002248,0.000673,0.000187,0.002484,0.000509,0.000314,0.00444,8.4e-05,1.6e-05,0.000121,0.000829,1.4e-05,0.002595,0.000598,0.000636,1.2e-05,0.001218,9.1e-05,0.007859,0.00223,0.000902,1.9e-05,1.7e-05,9.5e-05,0.002565,7e-06,2.8e-05,0.000222,3e-05,0.011221,0.000101,0.000633,0.00035,1.2e-05,0.00036,1.7e-05,0.002663,6e-05,0.003763,3.2e-05,0.000271,0.000978,0.000276,9.2e-05,0.003337,0.003228,0.000337,1e-06,1.9e-05,0.000347,0.000576,1.3e-05,0.000288,0.051732,7e-06,0.014049,1e-05,1.3e-05,4.6e-05,0.00116,0,0.00015,0.007699,0.006011,2.2e-05,0.002106,0.000602,0.000444,1.9e-05,8.1e-05,1.1e-05,1.3e-05,1e-05,0.000218,1.9e-05,1.3e-05,0.002115,5.8e-05,0.000154,0.002718,5.7e-05,0.000963,0.002247,0.002097,1.4e-05,1.3e-05,0.006832,3.5e-05,0.000515,0.000987,7.9e-05,0.000175,0.000121,1.5e-05,0.020013,0.000283,3.4e-05,0.000158,0.001123,4e-05,0.000745,1.4e-05,0.000209,0.000162,4e-05,0.006111,0.000184,0.000311,0.001858,4.1e-05,0.000449,0.000876,6e-06,5e-06,1.2e-05,0.000191,6.1e-05,0.008229,0.000177,2.3e-05,1.4e-05,1.6e-05,0.001647,0.000355,0.000222,1e-05,0.000121,2.3e-05,2.5e-05,0.003758,0.003903,0.002329,0.000391,0.002739,0.00036,0.001592,0.013432,0.00068,0.00082,6.4e-05,0.000106,0.000531,0.000802,0.000334,0.015089,0.002559,0.00109,4.5e-05,6.2e-05,0.000112,0.005441,0.000246,2.5e-05,1e-05,2.2e-05,3e-04,0.001988,0.000394,0.000242,0.000886,0.001432,0.000332,3.4e-05,0.000867,6.9e-05,0.009583,0.001048,0.001032,0.000844,7.1e-05,2.7e-05,0.000179,0.00019,0.00039,0.000162,0.000264,7e-05,0.006232,0.001274,0.003994,8.1e-05,0.000626,6.8e-05,4e-06,1.7e-05,9e-05,3.1e-05,0.000428,0.000336,1.5e-05,0.00227,7e-05,7e-06,0.000192,0.00784,0.008312,2.9e-05,0.000171,1.5e-05,0.001725,0.000318,1.1e-05,0.002442,1.2e-05,1.4e-05,2.9e-05,4e-06,7e-06,0.000152,8.5e-05
"arusha/monduli/moita",0,0,0,0,0,0,0,0,0,0,0,0,0,0,0,0,0,0,0,0,0,0,0,0,0,0,0,0,0,0,0,0,0,0,0,0,0,0,0,0,0,0,0,0,0,0,0,0,0,0,0,0,0,0,0,0,0,0,0,0,0,0,0,0,0,0,0,0,0,0,0,0,0,0,0,0,0,0,0,0,0,0,0,0,0,0,0,0,0,0,0,0,0,0,0,0,0,0,0,0,0,0,0,0,0,0,0,0,0,0,0,0,0,0,0,0,0,0,0,0,0,0,0,0,0,0,0,0,0,0,0,0,0,0,0,0,0,0,0,0,0,0,0,0,0,0,0,0,0,0,0,0,0,0,0,0,0,0,0,0,0,0,0,0,0,0,0,0,0,0,0,0,0,0,0,0,0,0,0,0,0,0,0,0,0,0,0,0,0,0,0,0,0,0,0,0,0,0,0,0,0,0,0,0,0,0,0,0,0,0,0,0,0,0,0,0,0,0,0,0,0,0,0,0,0,0,0,0,0,0,0,0,0,0,0,0,0,0,0,0,0,0,0,0,0,0,0,0,0,0,0,0,0,0,0,0,0,0,0,0,0,0,0,0,0,0,0,0,0,0,0,0,0,0,0,0,0,0,0,0,0,0,0,0,0,0,0,0,0,0,0,0,0,0,0,0,0,0,0,0,0,0,0,0,0,0,0,0,0,0,0,0,0,0,0,0,0,0,0,0,0,0,0,0,0,0,0,0,0,0,0,0,0,0,0,0,0,0,0,0,0,0,0,0,0,0,0,0,0,0,0,0,0,0,0,0,0,0,0,0,0,0,0,0,0,0,0,0,0,0,0,0,0,0,0,0,0,0,0,0,0,0,0,0,0,0,0,0,0,0,0,0,0,0,0,0,0,0
"arusha/arusha/moivo",0,0,0,0,0,0,0,0,0,0,0,0,0,0,0,0,0,0,0,0,0,0,0,0,0,0,0,0,0,0,0,0,0,0,0,0,0,0,0,0,0,0,0,0,0,0,0,0,0,0,0,0,0,0,0,0,0,0,0,0,0,0,0,0,0,0,0,0,0,0,0,0,0,0,0,0,0,0,0,0,0,0,0,0,0,0,0,0,0,0,0,0,0,0,0,0,0,0,0,0,0,0,0,0,0,0,0,0,0,0,0,0,0,0,0,0,0,0,0,0,0,0,0,0,0,0,0,0,0,0,0,0,0,0,0,0,0,0,0,0,0,0,0,0,0,0,0,0,0,0,0,0,0,0,0,0,0,0,0,0,0,0,0,0,0,0,0,0,0,0,0,0,0,0,0,0,0,0,0,0,0,0,0,0,0,0,0,0,0,0,0,0,0,0,0,0,0,0,0,0,0,0,0,0,0,0,0,0,0,0,0,0,0,0,0,0,0,0,0,0,0,0,0,0,0,0,0,0,0,0,0,0,0,0,0,0,0,0,0,0,0,0,0,0,0,0,0,0,0,0,0,0,0,0,0,0,0,0,0,0,0,0,0,0,0,0,0,0,0,0,0,0,0,0,0,0,0,0,0,0,0,0,0,0,0,0,0,0,0,0,0,0,0,0,0,0,0,0,0,0,0,0,0,0,0,0,0,0,0,0,0,0,0,0,0,0,0,0,0,0,0,0,0,0,0,0,0,0,0,0,0,0,0,0,0,0,0,0,0,0,0,0,0,0,0,0,0,0,0,0,0,0,0,0,0,0,0,0,0,0,0,0,0,0,0,0,0,0,0,0,0,0,0,0,0,0,0,0,0,0,0,0,0,0,0,0,0,0,0,0,0,0,0,0,0,0,0,0
"arusha/monduli/mondulijuu",6.4e-05,5e-06,1e-06,2e-05,0,6.7e-05,0,0,0,4.4e-05,1e-06,0,6.7e-05,0.000859,8e-06,0,0,1e-06,0,1e-06,0,3.1e-05,0,2e-06,0,1e-06,0,1e-06,0,1e-06,0.000123,0,0,1e-06,4e-06,0,9.4e-05,9e-06,1e-06,2.7e-05,0,0,1.5e-05,7e-06,2e-06,0,0.000108,0.027008,0.000249,1e-06,0,1e-06,1e-06,0,6e-06,0,3e-06,1e-06,1.6e-05,0.000285,0.000134,0.00046,0.001037,1e-06,0,0.000477,0.001228,0,2.6e-05,4.6e-05,1e-06,0,8e-06,5e-06,0,0.000193,2.3e-05,0,0,0,0,1e-06,0,0,0,0,0.000874,0,5e-06,7e-05,0,0,0.000363,0.000665,2.4e-05,1.7e-05,6.9e-05,0,0.000196,4.5e-05,0,0,1.3e-05,0.000162,8e-06,0.000451,1e-06,5.9e-05,7.1e-05,0.000171,4.7e-05,0.000145,3e-06,4e-06,2e-06,1e-06,0.000314,0,0.000291,3.4e-05,1.9e-05,0.000609,1e-06,3e-06,0,5e-06,1.3e-05,0.002376,0.000156,2e-06,1e-06,4.6e-05,7.8e-05,1.3e-05,0,0.000506,4.3e-05,3.3e-05,0.001834,0.000104,8.9e-05,0,0.000234,9e-06,3e-06,4.5e-05,0,0.000107,9.6e-05,2.9e-05,1e-06,1e-06,2e-06,1e-06,2.6e-05,0.009644,6e-06,7.9e-05,2e-06,0.00452,1e-05,0.000186,1e-06,2e-06,0,0,1.4e-05,6.4e-05,0.000886,5e-06,4e-06,0.001662,0.01745,1.4e-05,1.8e-05,2.1e-05,0.000502,7e-06,9.5e-05,7e-06,0,4e-06,3.9e-05,1.3e-05,0.000792,0.012705,2e-06,3e-06,0.000376,0.000126,2.5e-05,2e-06,9e-06,0,4.3e-05,1e-06,1e-06,0,0.000103,1e-06,0.000968,5e-06,2.4e-05,2e-06,0.000116,2.8e-05,0.000639,0.000526,5.6e-05,2e-06,2e-06,1e-06,0.000199,1e-06,0,6e-06,0,0.000957,1e-05,6e-05,0,3e-06,0,4e-06,0.000522,1.3e-05,0.000754,5e-06,1e-06,0,0,0,0.00065,0.001943,2e-06,0,2e-06,0.000101,0.000122,1e-06,4.7e-05,0.008179,1e-06,0.000913,0,2e-06,6e-06,0.00047,0,4.9e-05,0.006006,0,5.9e-05,0.001068,8.8e-05,1.1e-05,2e-06,5e-06,1e-06,0,0,2.7e-05,1e-06,0,0.000238,2.7e-05,0,0.004885,0,1.2e-05,0.005865,0.000138,1e-06,0,0.000581,3e-06,1.3e-05,5e-05,0,1.9e-05,1.3e-05,3e-06,0.005947,1e-06,0,0,0,4e-06,0,4e-06,2e-06,4.3e-05,1e-06,0.001869,2.1e-05,8.9e-05,0.001751,3.1e-05,2.4e-05,2.8e-05,0,0,2e-06,8e-06,0,0.000267,0.000104,1.1e-05,8e-06,2e-06,0.001773,2e-05,1e-06,1e-06,1.4e-05,1e-06,3e-06,0.005971,0.000385,0.000917,5.7e-05,0.005447,8.5e-05,0.000399,0.021537,4.1e-05,6.1e-05,3.8e-05,4e-06,0.000532,0.000623,0.000472,0.014203,0.000141,3.5e-05,0,8e-06,1.4e-05,0.002572,1e-06,1e-06,1e-06,1e-06,0,6.3e-05,8e-06,1.8e-05,0.001058,5.3e-05,2.1e-05,0,0.000256,3.6e-05,0.006715,0.000642,0.000795,0.000118,4e-06,2e-06,2.4e-05,0,0,0,0,3e-06,0.004316,0.00107,0.002848,0,0.000359,9e-06,0,0,1e-06,4e-06,0.000173,3.3e-05,9e-06,0.00135,0,0,0,0.000788,2e-06,0,0.000121,2e-06,0.000234,3.9e-05,1e-06,0.000942,1e-06,0,1e-06,0,0,0,0
"arusha/monduli/mondulimjini",0,0,0,0,0,0,0,0,0,0,0,0,0,0,0,0,0,0,0,0,0,0,0,0,0,0,0,0,0,0,0,0,0,0,0,0,0,0,0,0,0,0,0,0,0,0,0,0,0,0,0,0,0,0,0,0,0,0,0,0,0,0,0,0,0,0,0,0,0,0,0,0,0,0,0,0,0,0,0,0,0,0,0,0,0,0,0,0,0,0,0,0,0,0,0,0,0,0,0,0,0,0,0,0,0,0,0,0,0,0,0,0,0,0,0,0,0,0,0,0,0,0,0,0,0,0,0,0,0,0,0,0,0,0,0,0,0,0,0,0,0,0,0,0,0,0,0,0,0,0,0,0,0,0,0,0,0,0,0,0,0,0,0,0,0,0,0,0,0,0,0,0,0,0,0,0,0,0,0,0,0,0,0,0,0,0,0,0,0,0,0,0,0,0,0,0,0,0,0,0,0,0,0,0,0,0,0,0,0,0,0,0,0,0,0,0,0,0,0,0,0,0,0,0,0,0,0,0,0,0,0,0,0,0,0,0,0,0,0,0,0,0,0,0,0,0,0,0,0,0,0,0,0,0,0,0,0,0,0,0,0,0,0,0,0,0,0,0,0,0,0,0,0,0,0,0,0,0,0,0,0,0,0,0,0,0,0,0,0,0,0,0,0,0,0,0,0,0,0,0,0,0,0,0,0,0,0,0,0,0,0,0,0,0,0,0,0,0,0,0,0,0,0,0,0,0,0,0,0,0,0,0,0,0,0,0,0,0,0,0,0,0,0,0,0,0,0,0,0,0,0,0,0,0,0,0,0,0,0,0,0,0,0,0,0,0,0,0,0,0,0,0,0,0,0,0,0,0,0,0,0,0,0,0,0,0,0,0,0,0,0,0,0,0,0,0,0,0
"arusha/arushaurban/moshono",4.7e-05,0,0,0,0,5e-06,0,0,0,1e-06,0,0,2e-05,0.00113,0,0,0,0,0,0,0,2e-06,0,0,0,0,0,0,0,0,5.2e-05,0,0,0,0,0,5.8e-05,0,0,0,0,0,0,0,0,0,0,0.006594,1e-05,0,0,0,0,0,0,0,0,0,1e-06,3e-06,1e-06,2e-06,6e-06,0,0,0.000824,8e-06,0,0,1e-06,0,0,0,0,0,1e-06,0,0,0,0,0,0,0,0,0,0,7.5e-05,0,0,2e-06,0,0,1.8e-05,6.6e-05,0,0,4e-06,0,1.2e-05,3e-06,0,0,0,6.2e-05,1e-06,1.4e-05,0,4e-06,4e-06,1e-06,3e-06,6e-06,0,2e-06,0,0,3.3e-05,0,1.7e-05,2e-06,1e-06,3.2e-05,0,0,0,0,0,0.000264,5e-05,0,0,2e-06,4e-06,1e-06,0,0.000468,6e-06,2e-06,2.2e-05,7e-06,1e-05,0,5.3e-05,1e-06,0,2e-06,0,6e-06,5e-06,2e-06,0,0,0,0,1e-06,0.000299,0,0,0,0.000289,1e-06,8e-06,0,0,0,0,1e-06,6e-06,0.001106,0,0,9e-06,0.00649,1e-06,1e-06,1e-06,1.1e-05,0,6e-06,0,0,0,1e-06,1e-06,4.5e-05,0.001415,0,0,2.4e-05,8e-06,2e-06,0,0,0,1e-06,0,0,0,6e-06,0,0.000183,0,1e-06,0,5e-06,2e-06,3.4e-05,5e-06,1e-06,0,0,0,9e-06,0,0,0,0,4e-05,1e-06,3e-06,0,1e-06,0,0,4e-05,1e-06,4.3e-05,0,0,0,0,0,6e-06,0.000241,0,0,0,1.5e-05,1e-06,0,7e-06,0.000362,0,3.3e-05,0,0,0,0.000603,0,4e-06,0.001903,6.6e-05,0,0,3e-06,0,0,0,0,0,0,1e-06,0,0,2e-06,0,0,8.9e-05,0,0,7.8e-05,8e-06,0,0,2.9e-05,0,0,2e-06,0,0,1e-06,0,7.6e-05,0,0,0,0,0,0,0,0,2e-06,0,0.000846,1e-06,4e-06,6.9e-05,1e-05,2e-06,0,0,0,0,0,0,3e-06,6.1e-05,3e-06,3e-06,0,0.000191,0,0,0,1e-06,0,0,0.000108,1.6e-05,0.000113,6e-06,0.000117,7e-06,1.1e-05,0.001317,0,1e-06,5.8e-05,0,6.3e-05,0.00018,2.2e-05,9.8e-05,2e-06,1e-06,0,1e-06,0,0.001023,0,0,0,0,0,3e-06,0,0,5.8e-05,3e-06,0,0,1.6e-05,1.5e-05,0.003586,2e-06,9e-06,9e-06,0,0,2e-06,0,0,0,0,0,0.001901,0.00048,0.000922,0,5.2e-05,1e-06,0,0,0,0,6.6e-05,1e-06,1.1e-05,1.9e-05,0,0,0,3.2e-05,0,0,5.1e-05,0,1.4e-05,2e-06,0,0.00033,0,0,0,0,0,0,0
"kilimanjaro/rombo/motamburukitendeni",1.4e-05,1e-06,1.8e-05,3e-06,0,0.000188,0,0,0,1e-05,0,0,1.1e-05,0.000137,2e-06,0,0,0,0,0,0,4.2e-05,0,8e-06,1e-06,3e-06,0,0,0,1e-06,5.4e-05,0,0,1e-06,0,0,1.1e-05,2e-06,0,7e-06,0,0,6e-06,1e-06,1e-06,0,2e-06,0.002491,4.7e-05,0,0,0,0,0,1e-06,0,2e-06,0,1.3e-05,4.1e-05,2.7e-05,1.5e-05,6.7e-05,1e-06,0,7.1e-05,1.9e-05,0,2e-06,8e-06,0,0,2e-05,1e-06,0,1.9e-05,2e-06,0,0,0,0,0,0,0,0,0,0.002089,0,1e-06,5.5e-05,0,0,0.00253,8.5e-05,1e-06,3e-06,0.000289,1e-06,0.000699,0.000206,0,0,1.7e-05,1.8e-05,4.2e-05,0.015011,0,0.000315,6.5e-05,1.1e-05,0.000224,0.003495,1e-06,0,3.2e-05,1.5e-05,0.000491,0,0.001971,0.00054,0.000138,0.009461,3e-06,9e-06,1e-06,6e-06,6e-06,0.001221,6.2e-05,2e-05,1.3e-05,0.000216,0.00032,7.6e-05,1e-06,7e-05,4e-06,0.00025,0.000893,0.000638,9.6e-05,0,2.2e-05,6.9e-05,5.2e-05,0.000126,0,0.000644,0.000913,0.000215,2.7e-05,1e-06,2.8e-05,1e-06,4.4e-05,0.000375,8.2e-05,3e-06,1e-06,0.024736,4.1e-05,4.1e-05,4e-06,5e-06,0,0,3.5e-05,5e-05,0.000117,1.2e-05,2e-06,3.5e-05,0.001844,1.4e-05,9e-05,5e-06,4.3e-05,2e-06,0.000602,5e-06,0,1e-06,4.1e-05,5.1e-05,0.006802,0.077021,3.1e-05,4.9e-05,0.002278,0.000731,8.5e-05,0,1e-06,0,5e-06,0,1.1e-05,0,0.000628,0,0.000497,2e-06,2e-05,2e-06,0.001673,4.3e-05,0.00388,2e-05,9e-06,2e-05,1.4e-05,0,0.001664,7e-06,0,8e-06,0,0.014802,0.000121,0.00058,0,2e-06,0,1.8e-05,0.001652,5.3e-05,0.005333,1.2e-05,0,0,0,0,0.00015,0.000155,1e-06,1e-06,2.2e-05,3.4e-05,5e-06,1.1e-05,3.4e-05,0.000889,5e-06,0.001318,0,9e-06,3.3e-05,0.000103,0,5e-06,0.000652,0.000291,1e-06,0.000178,0,1.4e-05,2.7e-05,1.6e-05,8e-06,1e-06,0,3.5e-05,0,0,1.2e-05,4e-06,0,0.000134,0,2e-06,0.000145,0.000395,3e-06,1e-06,0.004638,3.3e-05,1.6e-05,2.1e-05,0,1e-06,1.6e-05,0,0.003847,0,0,0,0,0.000177,0,1.1e-05,1e-06,0.000268,1e-06,0.000545,0.000136,0.000375,0.000425,3e-06,3.3e-05,4e-06,4e-06,1e-06,8e-06,1.3e-05,0,2.2e-05,1.9e-05,4e-06,2e-06,3.7e-05,9.6e-05,2e-06,0,6e-06,0.000127,0,1e-06,0.000619,0.008672,1e-04,1.1e-05,0.000234,0.000168,0.002131,0.00111,9e-06,1.2e-05,5e-06,1e-06,3.9e-05,7.5e-05,2.3e-05,0.002422,4.4e-05,1.8e-05,0,3.8e-05,2e-06,0.000719,0,0,9e-06,0,0,7.6e-05,7e-06,4e-06,9.7e-05,8.5e-05,5e-06,0,0.000574,9e-06,0.000804,1.5e-05,2.4e-05,4.6e-05,1.2e-05,3e-05,0.000113,0,0,0,0,1e-06,0.000613,8.8e-05,0.000276,0,0.000106,4.6e-05,0,1e-06,0,0.000225,2.4e-05,5e-06,1e-06,0.000999,0,1e-06,0,0.021664,0,0,1.3e-05,2.9e-05,0.001845,0.000413,1.7e-05,0.000337,2.3e-05,1e-06,1e-06,0,0,0,0
"kilimanjaro/same/mpinji",0,0,0,0,0,0,0,0,0,0,0,0,0,0,0,0,0,0,0,0,0,0,0,0,0,0,0,0,0,0,0,0,0,0,0,0,0,0,0,0,0,0,0,0,0,0,0,0,0,0,0,0,0,0,0,0,0,0,0,0,0,0,0,0,0,0,0,0,0,0,0,0,0,0,0,0,0,0,0,0,0,0,0,0,0,0,0,0,0,0,0,0,0,0,0,0,0,0,0,0,0,0,0,0,0,0,0,0,0,0,0,0,0,0,0,0,0,0,0,0,0,0,0,0,0,0,0,0,0,0,0,0,0,0,0,0,0,0,0,0,0,0,0,0,0,0,0,0,0,0,0,0,0,0,0,0,0,0,0,0,0,0,0,0,0,0,0,0,0,0,0,0,0,0,0,0,0,0,0,0,0,0,0,0,0,0,0,0,0,0,0,0,0,0,0,0,0,0,0,0,0,0,0,0,0,0,0,0,0,0,0,0,0,0,0,0,0,0,0,0,0,0,0,0,0,0,0,0,0,0,0,0,0,0,0,0,0,0,0,0,0,0,0,0,0,0,0,0,0,0,0,0,0,0,0,0,0,0,0,0,0,0,0,0,0,0,0,0,0,0,0,0,0,0,0,0,0,0,0,0,0,0,0,0,0,0,0,0,0,0,0,0,0,0,0,0,0,0,0,0,0,0,0,0,0,0,0,0,0,0,0,0,0,0,0,0,0,0,0,0,0,0,0,0,0,0,0,0,0,0,0,0,0,0,0,0,0,0,0,0,0,0,0,0,0,0,0,0,0,0,0,0,0,0,0,0,0,0,0,0,0,0,0,0,0,0,0,0,0,0,0,0,0,0,0,0,0,0,0,0,0,0,0,0,0,0,0,0,0,0,0,0,0,0,0,0,0,0
"kilimanjaro/rombo/mraokeryo",0,0,0,0,0,0,0,0,0,0,0,0,0,0,0,0,0,0,0,0,0,0,0,0,0,0,0,0,0,0,0,0,0,0,0,0,0,0,0,0,0,0,0,0,0,0,0,0,0,0,0,0,0,0,0,0,0,0,0,0,0,0,0,0,0,0,0,0,0,0,0,0,0,0,0,0,0,0,0,0,0,0,0,0,0,0,0,0,0,0,0,0,0,0,0,0,0,0,0,0,0,0,0,0,0,0,0,0,0,0,0,0,0,0,0,0,0,0,0,0,0,0,0,0,0,0,0,0,0,0,0,0,0,0,0,0,0,0,0,0,0,0,0,0,0,0,0,0,0,0,0,0,0,0,0,0,0,0,0,0,0,0,0,0,0,0,0,0,0,0,0,0,0,0,0,0,0,0,0,0,0,0,0,0,0,0,0,0,0,0,0,0,0,0,0,0,0,0,0,0,0,0,0,0,0,0,0,0,0,0,0,0,0,0,0,0,0,0,0,0,0,0,0,0,0,0,0,0,0,0,0,0,0,0,0,0,0,0,0,0,0,0,0,0,0,0,0,0,0,0,0,0,0,0,0,0,0,0,0,0,0,0,0,0,0,0,0,0,0,0,0,0,0,0,0,0,0,0,0,0,0,0,0,0,0,0,0,0,0,0,0,0,0,0,0,0,0,0,0,0,0,0,0,0,0,0,0,0,0,0,0,0,0,0,0,0,0,0,0,0,0,0,0,0,0,0,0,0,0,0,0,0,0,0,0,0,0,0,0,0,0,0,0,0,0,0,0,0,0,0,0,0,0,0,0,0,0,0,0,0,0,0,0,0,0,0,0,0,0,0,0,0,0,0,0,0,0,0,0,0,0,0,0,0,0,0,0,0,0,0,0,0,0,0,0,0,0,0
"kilimanjaro/mwanga/msangeni",0,0,0,0,0,0,0,0,0,0,0,0,0,0,0,0,0,0,0,0,0,0,0,0,0,0,0,0,0,0,0,0,0,0,0,0,0,0,0,0,0,0,0,0,0,0,0,0,0,0,0,0,0,0,0,0,0,0,0,0,0,0,0,0,0,0,0,0,0,0,0,0,0,0,0,0,0,0,0,0,0,0,0,0,0,0,0,0,0,0,0,0,0,0,0,0,0,0,0,0,0,0,0,0,0,0,0,0,0,0,0,0,0,0,0,0,0,0,0,0,0,0,0,0,0,0,0,0,0,0,0,0,0,0,0,0,0,0,0,0,0,0,0,0,0,0,0,0,0,0,0,0,0,0,0,0,0,0,0,0,0,0,0,0,0,0,0,0,0,0,0,0,0,0,0,0,0,0,0,0,0,0,0,0,0,0,0,0,0,0,0,0,0,0,0,0,0,0,0,0,0,0,0,0,0,0,0,0,0,0,0,0,0,0,0,0,0,0,0,0,0,0,0,0,0,0,0,0,0,0,0,0,0,0,0,0,0,0,0,0,0,0,0,0,0,0,0,0,0,0,0,0,0,0,0,0,0,0,0,0,0,0,0,0,0,0,0,0,0,0,0,0,0,0,0,0,0,0,0,0,0,0,0,0,0,0,0,0,0,0,0,0,0,0,0,0,0,0,0,0,0,0,0,0,0,0,0,0,0,0,0,0,0,0,0,0,0,0,0,0,0,0,0,0,0,0,0,0,0,0,0,0,0,0,0,0,0,0,0,0,0,0,0,0,0,0,0,0,0,0,0,0,0,0,0,0,0,0,0,0,0,0,0,0,0,0,0,0,0,0,0,0,0,0,0,0,0,0,0,0,0,0,0,0,0,0,0,0,0,0,0,0,0,0,0,0,0,0
"kilimanjaro/moshimunicipal/msaranga",0,0,0,0,0,0,0,0,0,0,0,0,0,0,0,0,0,0,0,0,0,0,0,0,0,0,0,0,0,0,0,0,0,0,0,0,0,0,0,0,0,0,0,0,0,0,0,0,0,0,0,0,0,0,0,0,0,0,0,0,0,0,0,0,0,0,0,0,0,0,0,0,0,0,0,0,0,0,0,0,0,0,0,0,0,0,0,0,0,0,0,0,0,0,0,0,0,0,0,0,0,0,0,0,0,0,0,0,0,0,0,0,0,0,0,0,0,0,0,0,0,0,0,0,0,0,0,0,0,0,0,0,0,0,0,0,0,0,0,0,0,0,0,0,0,0,0,0,0,0,0,0,0,0,0,0,0,0,0,0,0,0,0,0,0,0,0,0,0,0,0,0,0,0,0,0,0,0,0,0,0,0,0,0,0,0,0,0,0,0,0,0,0,0,0,0,0,0,0,0,0,0,0,0,0,0,0,0,0,0,0,0,0,0,0,0,0,0,0,0,0,0,0,0,0,0,0,0,0,0,0,0,0,0,0,0,0,0,0,0,0,0,0,0,0,0,0,0,0,0,0,0,0,0,0,0,0,0,0,0,0,0,0,0,0,0,0,0,0,0,0,0,0,0,0,0,0,0,0,0,0,0,0,0,0,0,0,0,0,0,0,0,0,0,0,0,0,0,0,0,0,0,0,0,0,0,0,0,0,0,0,0,0,0,0,0,0,0,0,0,0,0,0,0,0,0,0,0,0,0,0,0,0,0,0,0,0,0,0,0,0,0,0,0,0,0,0,0,0,0,0,0,0,0,0,0,0,0,0,0,0,0,0,0,0,0,0,0,0,0,0,0,0,0,0,0,0,0,0,0,0,0,0,0,0,0,0,0,0,0,0,0,0,0,0,0,0,0
"kilimanjaro/same/mshewa",0,0,0,0,0,0,0,0,0,0,0,0,0,0,0,0,0,0,0,0,0,0,0,0,0,0,0,0,0,0,0,0,0,0,0,0,0,0,0,0,0,0,0,0,0,0,0,0,0,0,0,0,0,0,0,0,0,0,0,0,0,0,0,0,0,0,0,0,0,0,0,0,0,0,0,0,0,0,0,0,0,0,0,0,0,0,0,0,0,0,0,0,0,0,0,0,0,0,0,0,0,0,0,0,0,0,0,0,0,0,0,0,0,0,0,0,0,0,0,0,0,0,0,0,0,0,0,0,0,0,0,0,0,0,0,0,0,0,0,0,0,0,0,0,0,0,0,0,0,0,0,0,0,0,0,0,0,0,0,0,0,0,0,0,0,0,0,0,0,0,0,0,0,0,0,0,0,0,0,0,0,0,0,0,0,0,0,0,0,0,0,0,0,0,0,0,0,0,0,0,0,0,0,0,0,0,0,0,0,0,0,0,0,0,0,0,0,0,0,0,0,0,0,0,0,0,0,0,0,0,0,0,0,0,0,0,0,0,0,0,0,0,0,0,0,0,0,0,0,0,0,0,0,0,0,0,0,0,0,0,0,0,0,0,0,0,0,0,0,0,0,0,0,0,0,0,0,0,0,0,0,0,0,0,0,0,0,0,0,0,0,0,0,0,0,0,0,0,0,0,0,0,0,0,0,0,0,0,0,0,0,0,0,0,0,0,0,0,0,0,0,0,0,0,0,0,0,0,0,0,0,0,0,0,0,0,0,0,0,0,0,0,0,0,0,0,0,0,0,0,0,0,0,0,0,0,0,0,0,0,0,0,0,0,0,0,0,0,0,0,0,0,0,0,0,0,0,0,0,0,0,0,0,0,0,0,0,0,0,0,0,0,0,0,0,0,0,0
"kilimanjaro/same/msindo",0,0,0,0,0,0,0,0,0,0,0,0,0,0,0,0,0,0,0,0,0,0,0,0,0,0,0,0,0,0,0,0,0,0,0,0,0,0,0,0,0,0,0,0,0,0,0,0,0,0,0,0,0,0,0,0,0,0,0,0,0,0,0,0,0,0,0,0,0,0,0,0,0,0,0,0,0,0,0,0,0,0,0,0,0,0,0,0,0,0,0,0,0,0,0,0,0,0,0,0,0,0,0,0,0,0,0,0,0,0,0,0,0,0,0,0,0,0,0,0,0,0,0,0,0,0,0,0,0,0,0,0,0,0,0,0,0,0,0,0,0,0,0,0,0,0,0,0,0,0,0,0,0,0,0,0,0,0,0,0,0,0,0,0,0,0,0,0,0,0,0,0,0,0,0,0,0,0,0,0,0,0,0,0,0,0,0,0,0,0,0,0,0,0,0,0,0,0,0,0,0,0,0,0,0,0,0,0,0,0,0,0,0,0,0,0,0,0,0,0,0,0,0,0,0,0,0,0,0,0,0,0,0,0,0,0,0,0,0,0,0,0,0,0,0,0,0,0,0,0,0,0,0,0,0,0,0,0,0,0,0,0,0,0,0,0,0,0,0,0,0,0,0,0,0,0,0,0,0,0,0,0,0,0,0,0,0,0,0,0,0,0,0,0,0,0,0,0,0,0,0,0,0,0,0,0,0,0,0,0,0,0,0,0,0,0,0,0,0,0,0,0,0,0,0,0,0,0,0,0,0,0,0,0,0,0,0,0,0,0,0,0,0,0,0,0,0,0,0,0,0,0,0,0,0,0,0,0,0,0,0,0,0,0,0,0,0,0,0,0,0,0,0,0,0,0,0,0,0,0,0,0,0,0,0,0,0,0,0,0,0,0,0,0,0,0,0,0
"manyara/simanjiro/msituwatembo",0,0,0,0,0,0,0,0,0,0,0,0,0,0,0,0,0,0,0,0,0,0,0,0,0,0,0,0,0,0,0,0,0,0,0,0,0,0,0,0,0,0,0,0,0,0,0,0,0,0,0,0,0,0,0,0,0,0,0,0,0,0,0,0,0,0,0,0,0,0,0,0,0,0,0,0,0,0,0,0,0,0,0,0,0,0,0,0,0,0,0,0,0,0,0,0,0,0,0,0,0,0,0,0,0,0,0,0,0,0,0,0,0,0,0,0,0,0,0,0,0,0,0,0,0,0,0,0,0,0,0,0,0,0,0,0,0,0,0,0,0,0,0,0,0,0,0,0,0,0,0,0,0,0,0,0,0,0,0,0,0,0,0,0,0,0,0,0,0,0,0,0,0,0,0,0,0,0,0,0,0,0,0,0,0,0,0,0,0,0,0,0,0,0,0,0,0,0,0,0,0,0,0,0,0,0,0,0,0,0,0,0,0,0,0,0,0,0,0,0,0,0,0,0,0,0,0,0,0,0,0,0,0,0,0,0,0,0,0,0,0,0,0,0,0,0,0,0,0,0,0,0,0,0,0,0,0,0,0,0,0,0,0,0,0,0,0,0,0,0,0,0,0,0,0,0,0,0,0,0,0,0,0,0,0,0,0,0,0,0,0,0,0,0,0,0,0,0,0,0,0,0,0,0,0,0,0,0,0,0,0,0,0,0,0,0,0,0,0,0,0,0,0,0,0,0,0,0,0,0,0,0,0,0,0,0,0,0,0,0,0,0,0,0,0,0,0,0,0,0,0,0,0,0,0,0,0,0,0,0,0,0,0,0,0,0,0,0,0,0,0,0,0,0,0,0,0,0,0,0,0,0,0,0,0,0,0,0,0,0,0,0,0,0,0,0,0,0
"arusha/monduli/mswakini",0,0,0,0,0,0,0,0,0,0,0,0,0,0,0,0,0,0,0,0,0,0,0,0,0,0,0,0,0,0,0,0,0,0,0,0,0,0,0,0,0,0,0,0,0,0,0,0,0,0,0,0,0,0,0,0,0,0,0,0,0,0,0,0,0,0,0,0,0,0,0,0,0,0,0,0,0,0,0,0,0,0,0,0,0,0,0,0,0,0,0,0,0,0,0,0,0,0,0,0,0,0,0,0,0,0,0,0,0,0,0,0,0,0,0,0,0,0,0,0,0,0,0,0,0,0,0,0,0,0,0,0,0,0,0,0,0,0,0,0,0,0,0,0,0,0,0,0,0,0,0,0,0,0,0,0,0,0,0,0,0,0,0,0,0,0,0,0,0,0,0,0,0,0,0,0,0,0,0,0,0,0,0,0,0,0,0,0,0,0,0,0,0,0,0,0,0,0,0,0,0,0,0,0,0,0,0,0,0,0,0,0,0,0,0,0,0,0,0,0,0,0,0,0,0,0,0,0,0,0,0,0,0,0,0,0,0,0,0,0,0,0,0,0,0,0,0,0,0,0,0,0,0,0,0,0,0,0,0,0,0,0,0,0,0,0,0,0,0,0,0,0,0,0,0,0,0,0,0,0,0,0,0,0,0,0,0,0,0,0,0,0,0,0,0,0,0,0,0,0,0,0,0,0,0,0,0,0,0,0,0,0,0,0,0,0,0,0,0,0,0,0,0,0,0,0,0,0,0,0,0,0,0,0,0,0,0,0,0,0,0,0,0,0,0,0,0,0,0,0,0,0,0,0,0,0,0,0,0,0,0,0,0,0,0,0,0,0,0,0,0,0,0,0,0,0,0,0,0,0,0,0,0,0,0,0,0,0,0,0,0,0,0,0,0,0,0,0
"kilimanjaro/same/mtii",0,0,0,0,0,0,0,0,0,0,0,0,0,0,0,0,0,0,0,0,0,0,0,0,0,0,0,0,0,0,0,0,0,0,0,0,0,0,0,0,0,0,0,0,0,0,0,0,0,0,0,0,0,0,0,0,0,0,0,0,0,0,0,0,0,0,0,0,0,0,0,0,0,0,0,0,0,0,0,0,0,0,0,0,0,0,0,0,0,0,0,0,0,0,0,0,0,0,0,0,0,0,0,0,0,0,0,0,0,0,0,0,0,0,0,0,0,0,0,0,0,0,0,0,0,0,0,0,0,0,0,0,0,0,0,0,0,0,0,0,0,0,0,0,0,0,0,0,0,0,0,0,0,0,0,0,0,0,0,0,0,0,0,0,0,0,0,0,0,0,0,0,0,0,0,0,0,0,0,0,0,0,0,0,0,0,0,0,0,0,0,0,0,0,0,0,0,0,0,0,0,0,0,0,0,0,0,0,0,0,0,0,0,0,0,0,0,0,0,0,0,0,0,0,0,0,0,0,0,0,0,0,0,0,0,0,0,0,0,0,0,0,0,0,0,0,0,0,0,0,0,0,0,0,0,0,0,0,0,0,0,0,0,0,0,0,0,0,0,0,0,0,0,0,0,0,0,0,0,0,0,0,0,0,0,0,0,0,0,0,0,0,0,0,0,0,0,0,0,0,0,0,0,0,0,0,0,0,0,0,0,0,0,0,0,0,0,0,0,0,0,0,0,0,0,0,0,0,0,0,0,0,0,0,0,0,0,0,0,0,0,0,0,0,0,0,0,0,0,0,0,0,0,0,0,0,0,0,0,0,0,0,0,0,0,0,0,0,0,0,0,0,0,0,0,0,0,0,0,0,0,0,0,0,0,0,0,0,0,0,0,0,0,0,0,0,0,0
"arusha/monduli/mtowambu",0.002004,0.002572,0.000104,0.005744,0.000125,0.0046,0.00012,0.000185,7.2e-05,0.025006,0.000391,3.7e-05,0.001656,0.024514,0.006511,0.000621,0.000238,6e-04,8.4e-05,0.00027,6.1e-05,0.001159,6.3e-05,9.7e-05,5.3e-05,3e-05,0.000139,0.00116,1.1e-05,7.6e-05,0.006545,7.4e-05,3e-05,5.2e-05,0.006947,0.000199,0.002617,0.00549,0.001767,0.004471,0.000142,3.7e-05,0.003017,0.00518,0.000494,8.7e-05,0.002717,0.448718,0.053069,0.002607,0.000309,0.000968,0.006364,0.000142,0.00299,3.8e-05,0.000197,0.000225,0.002355,0.178415,0.006512,0.069255,0.013358,0.000221,3e-06,0.016387,0.016099,9.1e-05,0.121307,0.017505,0.003007,9e-06,0.000273,0.006591,0.000208,0.015899,0.002817,3.4e-05,3.9e-05,6.2e-05,2.4e-05,0.000314,9.9e-05,4.6e-05,0.000151,0.000256,0.041806,7e-05,0.002738,0.009941,2.7e-05,6.8e-05,0.027643,0.013102,0.001425,0.018911,0.002829,3.2e-05,0.014,0.003371,0.000247,0.000266,0.001902,0.004106,0.000491,0.022612,0.000872,0.003366,0.00213,0.507176,0.001961,0.009314,0.001393,9.9e-05,0.000137,9.7e-05,0.0156,4.9e-05,0.017553,0.001782,0.000977,0.032603,8.1e-05,0.000304,3.3e-05,0.000762,0.002456,0.087325,0.00672,0.000111,9e-05,0.003239,0.006128,0.000754,2.2e-05,0.013955,0.000874,0.002054,0.067346,0.005618,0.003509,4.3e-05,0.005479,0.000517,0.000187,0.0043,0.000328,0.00718,0.006126,0.00196,9.4e-05,6.7e-05,0.000146,8.1e-05,0.003306,0.201028,0.000401,0.002474,0.000336,0.223406,0.000876,0.024719,4.6e-05,0.000204,4.7e-05,3.6e-05,0.001207,0.002034,0.027749,0.000473,0.000846,0.218988,0.339064,0.001755,0.000708,0.004661,0.118272,0.000212,0.005414,0.001395,2.5e-05,0.000918,0.005583,0.000843,0.037439,0.456281,7.9e-05,0.000145,0.018822,0.00597,0.001451,0.001306,0.014346,0.000156,0.027314,0.00012,9.6e-05,0.000171,0.006123,0.0225,0.032973,0.001066,0.00323,0.000121,0.007906,0.001019,0.046491,0.228329,0.019252,0.000125,0.000109,0.000482,0.015139,4.5e-05,0.000247,0.000806,0.000376,0.066765,0.000677,0.004109,0.000149,0.000144,6.8e-05,0.000158,0.024191,0.00058,0.033639,0.000261,0.00163,3.9e-05,3.7e-05,0.000283,0.050196,0.065461,0.000352,8e-06,0.000138,0.005418,0.177592,8.1e-05,0.00273,0.557446,5e-05,0.08877,3.9e-05,9.6e-05,0.000335,0.017381,6.8e-05,0.002928,0.132536,0.252992,0.000776,0.034173,0.004729,0.001575,0.000119,0.000437,7.7e-05,5.1e-05,3.9e-05,0.002039,0.000856,4.7e-05,0,0.001183,0.00025,0.072322,8.8e-05,0.0087,0.056612,0.011658,7.3e-05,5.1e-05,0.041284,0.000225,0.001794,0.006438,0.000393,0.018664,0.000924,0.000823,0.214997,0.000757,7.2e-05,0.000211,2.6e-05,0.000277,0.000195,0.000143,0.000367,0.001676,0.000139,0.078172,0.001323,0.003306,0.039383,0.000792,0.002368,0.035259,3.8e-05,2.4e-05,9.1e-05,0.000852,8.1e-05,0.239124,0.002914,0.000331,0.000226,0.000128,0.047632,0.012876,0.000222,7.4e-05,0.00086,0.001323,0.000437,0.091086,0.025413,0.050548,0.004896,0.060354,0.003642,0.01602,0.309454,0.009078,0.012436,0.001118,0.000788,0.011107,0.014648,0.007648,0.290468,0.024975,0.005193,9.1e-05,0.000463,0.002157,0.076603,0.000377,0.002566,7.9e-05,0.013203,0.000166,0.007858,0.001181,0.003513,0.017293,0.006102,0.004024,0.000164,0.009426,0.001069,0.157426,0.182825,0.042991,0.009535,0.000377,0.000171,0.00137,0.000143,4.5e-05,0.000115,2.6e-05,0.000589,0.10247,0.032607,0.074156,0.000107,0.00947,0.000519,1.7e-05,6e-05,0.000219,0.000224,0.007267,0.004481,0.000263,0.040471,0.000155,3.2e-05,0.000149,0.050606,0.000887,0.000171,0.003245,0.000114,0.013155,0.002331,7.8e-05,0.032784,8.3e-05,5.4e-05,0.000108,1.9e-05,2.2e-05,0.00018,0.00014
"arusha/longido/mundarara",5e-06,2e-06,0,8e-06,0,1.3e-05,0,0,0,8e-06,0,0,5e-06,6e-05,2e-06,0,0,0,0,0,0,4e-06,0,0,0,0,0,0,0,0,1.7e-05,0,0,0,1e-06,0,6e-06,1e-06,0,2.7e-05,0,0,3e-06,1e-06,0,0,1.4e-05,0.001463,2.7e-05,0,0,0,0,0,1e-06,0,0,0,3e-06,6.4e-05,0.000583,8.3e-05,0.000194,0,0,3.2e-05,2.4e-05,0,3e-06,5e-06,0,0,2e-06,1e-06,0,0.00037,2e-05,0,0,0,0,0,0,0,0,0,0.000151,0,1e-06,1.3e-05,0,0,9.6e-05,4.5e-05,1e-05,3e-06,1.5e-05,0,4.2e-05,1e-05,0,0,4e-06,9e-06,2e-06,0.000183,0,1.2e-05,1.1e-05,2.1e-05,1e-05,4.3e-05,1e-06,0,1e-06,0,4.9e-05,0,6.6e-05,8e-06,3e-06,0.000153,0,1e-06,0,1e-06,2e-06,0.000209,1.6e-05,0,0,8e-06,1.8e-05,3e-06,0,3.3e-05,2e-06,8e-06,0.003194,2.2e-05,1.3e-05,0,1.3e-05,2e-06,1e-06,1.1e-05,0,2.5e-05,2.4e-05,7e-06,0,0,1e-06,0,7e-06,0.000338,1e-06,6.1e-05,0,0.00097,3e-06,1.6e-05,0,0,0,0,3e-06,9e-06,5.6e-05,1e-06,1e-06,6e-05,0.001007,3e-06,4e-06,2e-06,3.2e-05,8e-06,2.1e-05,2e-06,0,3e-06,1e-05,3e-06,0.00018,0.003926,0,1e-06,8e-05,2.7e-05,5e-06,0,1e-06,0,4e-06,0,0,0,2.3e-05,0,0.000109,1e-06,4e-06,0,3.3e-05,5e-06,0.000159,2.8e-05,2.9e-05,0,0,0,5.5e-05,0,0,2e-06,0,0.000298,3e-06,1.5e-05,0,0,0,1e-06,9.7e-05,3e-06,0.000169,1e-06,0,0,0,0,0.002115,1e-04,0,0,1e-06,8e-06,1.4e-05,0,6e-06,0.000785,0,0.000151,0,0,1e-06,3.7e-05,0,3e-06,0.000351,0.000674,1e-06,7.6e-05,3e-05,3e-06,0,1e-06,0,0,0,3e-06,0,0,2.2e-05,0,0,0.000135,0,2e-06,0.000152,3.1e-05,0,0,0.000151,1e-06,3e-06,6e-06,0,5e-06,2e-06,1e-06,0.009553,0,0,0,0,1e-06,0,1e-06,0,1.3e-05,0,0.000168,5e-06,2.2e-05,0.000147,2e-06,5e-06,7e-06,0,0,0,2e-06,0,2.3e-05,8e-06,1e-06,1e-06,1e-06,6.2e-05,5e-06,0,0,3e-06,0,2e-06,0.000409,0.000117,4.7e-05,5e-06,0.000209,1.4e-05,0.000171,0.000741,2e-05,3.3e-05,2e-06,2e-06,2.5e-05,3.9e-05,1.8e-05,0.009162,0.000124,5e-06,0,2e-06,1.6e-05,0.000229,0,0,0,0,0,1.4e-05,2e-06,1.6e-05,6.2e-05,1.3e-05,1.9e-05,0,4.8e-05,3e-06,0.00041,3.8e-05,3e-05,1.1e-05,1e-06,1e-06,5e-06,0,0,0,0,2e-06,0.000288,4.5e-05,0.000157,0,3.4e-05,2e-06,0,0,0,1e-06,1.2e-05,2e-06,1e-06,0.000433,0,0,0,0.000249,0,0,7e-06,1e-06,5.3e-05,9e-06,0,9.1e-05,0,0,0,0,0,0,0
"manyara/mbulu/murray",1.5e-05,9e-06,1e-06,3.2e-05,6.7e-05,5.8e-05,5.1e-05,4.2e-05,1.4e-05,0.005181,1e-04,5e-06,1.1e-05,0.000176,0.000398,7.9e-05,4.2e-05,0.000161,9e-06,2.7e-05,1e-06,7e-06,1e-05,1e-06,1e-06,0,2.5e-05,1.9e-05,0,1e-06,9.2e-05,3e-06,1e-06,1e-06,3.5e-05,4e-05,1.8e-05,0.001746,9.8e-05,3.6e-05,3.8e-05,3e-06,6.2e-05,0.001849,1.2e-05,2.1e-05,9e-06,0.004319,0.000982,1.8e-05,9.1e-05,1.1e-05,1.2e-05,2.3e-05,0.000444,9e-06,2e-06,1.3e-05,4.9e-05,0.001715,3e-05,0.000123,7e-05,7e-06,0,0.00012,6.9e-05,9e-06,8.7e-05,0.000716,6e-06,1e-06,2e-06,0.000679,1.8e-05,5.8e-05,1.1e-05,6e-06,4e-06,9e-06,4e-06,4e-05,3.6e-05,5e-06,3.3e-05,2.9e-05,0.000447,1.4e-05,0.000234,0.00014,5e-06,5e-06,0.000384,8.5e-05,5e-06,0.00473,2.7e-05,0,0.000185,4.5e-05,0.000133,6e-06,3.7e-05,2.7e-05,6e-06,0.000241,2.1e-05,3.9e-05,1.7e-05,0.000742,1.9e-05,0.000115,0.000154,1e-06,2e-06,1e-06,0.000163,2e-06,0.000212,2e-05,7e-06,0.000375,1e-06,5e-06,1e-06,1.5e-05,4.8e-05,0.000581,5.9e-05,1e-06,1e-06,3e-05,8.5e-05,9e-06,0,9.7e-05,5e-06,2.5e-05,0.000505,6.3e-05,3.2e-05,1e-06,3.5e-05,6e-06,2e-06,6.6e-05,0.000203,9.1e-05,7.6e-05,2.5e-05,1e-06,1e-06,2e-06,1e-06,5.9e-05,0.001229,4e-06,7e-06,8e-06,0.003125,1.3e-05,0.000282,1e-06,3e-06,4e-06,4e-06,1.7e-05,1.7e-05,0.000197,7e-06,1.6e-05,0.000425,0.00296,3.2e-05,7e-06,9.8e-05,0.00102,1e-06,6.2e-05,3.7e-05,0,8e-06,0.000113,1e-05,0.000403,0.012039,1e-06,2e-06,0.000205,6.2e-05,1.7e-05,0.001104,0.000283,1.9e-05,0.001423,4e-06,1e-06,4.9e-05,7.3e-05,3e-06,0.000279,3.7e-05,4.4e-05,1e-06,0.000101,9e-06,0.000646,0.000486,0.000113,2e-06,1e-06,1.8e-05,0.000207,1e-06,7e-06,1.5e-05,1.8e-05,0.000916,8e-06,5.3e-05,2.4e-05,1e-06,2.2e-05,2e-06,0.000251,6e-06,0.000348,3e-06,0.000114,8e-06,9e-06,4.9e-05,0.000338,0.000435,1.3e-05,0,2e-06,3.7e-05,0.000118,1e-06,2.9e-05,0.008991,1e-06,0.001083,1e-06,1e-06,4e-06,0.000137,1.1e-05,2.1e-05,0.000955,0.000841,3e-06,0.000254,5.2e-05,3e-05,2e-06,6e-06,1e-06,1e-06,1e-06,1.9e-05,5e-06,1e-06,0.000543,6e-06,0,0.000378,1.5e-05,0.000331,0.000298,0.00017,1e-06,1e-06,0.000562,3e-06,3.5e-05,8.5e-05,0.000108,3.3e-05,1.1e-05,2e-06,0.001949,0.00103,2e-06,2.5e-05,4e-06,3e-06,8.2e-05,1e-06,1.1e-05,1.5e-05,3e-06,0.000703,1.6e-05,3e-05,0.000203,5e-06,3.7e-05,0.000179,1e-06,0,1e-06,1.4e-05,3e-06,0.002892,2.1e-05,3e-06,2e-06,1e-06,0.000216,5.4e-05,9e-06,1e-06,1e-05,6e-06,2e-06,0.000429,0.000324,3e-04,4.9e-05,0.000345,3.5e-05,0.000147,0.001701,6.3e-05,7.8e-05,8e-06,9e-06,6.8e-05,9.7e-05,4.3e-05,0.001614,0.000236,7.9e-05,2e-06,5e-06,1.2e-05,0.000619,2.4e-05,7e-06,1e-06,6e-06,3.4e-05,0.000145,2.5e-05,2.5e-05,0.000107,0.000106,3.2e-05,4.7e-05,8.5e-05,8e-06,0.001186,0.000197,0.000171,8.5e-05,6e-06,2e-06,1.6e-05,5.5e-05,5e-06,2.3e-05,3e-06,6e-06,0.000752,0.00016,0.000508,3e-06,7e-05,6e-06,0,1e-06,4e-06,3e-06,5.4e-05,4.3e-05,2e-06,0.000225,0.000101,1e-06,0.00015,0.000652,0.000227,3e-05,2.1e-05,1e-06,0.000152,2.7e-05,1e-06,0.000272,1e-06,1e-06,2e-06,0,0,0.000145,1.7e-05
"arusha/arusha/mussa",0,0,0,0,0,0,0,0,0,0,0,0,0,0,0,0,0,0,0,0,0,0,0,0,0,0,0,0,0,0,0,0,0,0,0,0,0,0,0,0,0,0,0,0,0,0,0,0,0,0,0,0,0,0,0,0,0,0,0,0,0,0,0,0,0,0,0,0,0,0,0,0,0,0,0,0,0,0,0,0,0,0,0,0,0,0,0,0,0,0,0,0,0,0,0,0,0,0,0,0,0,0,0,0,0,0,0,0,0,0,0,0,0,0,0,0,0,0,0,0,0,0,0,0,0,0,0,0,0,0,0,0,0,0,0,0,0,0,0,0,0,0,0,0,0,0,0,0,0,0,0,0,0,0,0,0,0,0,0,0,0,0,0,0,0,0,0,0,0,0,0,0,0,0,0,0,0,0,0,0,0,0,0,0,0,0,0,0,0,0,0,0,0,0,0,0,0,0,0,0,0,0,0,0,0,0,0,0,0,0,0,0,0,0,0,0,0,0,0,0,0,0,0,0,0,0,0,0,0,0,0,0,0,0,0,0,0,0,0,0,0,0,0,0,0,0,0,0,0,0,0,0,0,0,0,0,0,0,0,0,0,0,0,0,0,0,0,0,0,0,0,0,0,0,0,0,0,0,0,0,0,0,0,0,0,0,0,0,0,0,0,0,0,0,0,0,0,0,0,0,0,0,0,0,0,0,0,0,0,0,0,0,0,0,0,0,0,0,0,0,0,0,0,0,0,0,0,0,0,0,0,0,0,0,0,0,0,0,0,0,0,0,0,0,0,0,0,0,0,0,0,0,0,0,0,0,0,0,0,0,0,0,0,0,0,0,0,0,0,0,0,0,0,0,0,0,0,0,0,0,0,0,0,0,0,0,0,0,0,0,0,0,0,0,0,0,0,0
"manyara/babatiurban/mutuka",0,0,0,0,0,0,0,0,0,0,0,0,0,0,0,0,0,0,0,0,0,0,0,0,0,0,0,0,0,0,0,0,0,0,0,0,0,0,0,0,0,0,0,0,0,0,0,0,0,0,0,0,0,0,0,0,0,0,0,0,0,0,0,0,0,0,0,0,0,0,0,0,0,0,0,0,0,0,0,0,0,0,0,0,0,0,0,0,0,0,0,0,0,0,0,0,0,0,0,0,0,0,0,0,0,0,0,0,0,0,0,0,0,0,0,0,0,0,0,0,0,0,0,0,0,0,0,0,0,0,0,0,0,0,0,0,0,0,0,0,0,0,0,0,0,0,0,0,0,0,0,0,0,0,0,0,0,0,0,0,0,0,0,0,0,0,0,0,0,0,0,0,0,0,0,0,0,0,0,0,0,0,0,0,0,0,0,0,0,0,0,0,0,0,0,0,0,0,0,0,0,0,0,0,0,0,0,0,0,0,0,0,0,0,0,0,0,0,0,0,0,0,0,0,0,0,0,0,0,0,0,0,0,0,0,0,0,0,0,0,0,0,0,0,0,0,0,0,0,0,0,0,0,0,0,0,0,0,0,0,0,0,0,0,0,0,0,0,0,0,0,0,0,0,0,0,0,0,0,0,0,0,0,0,0,0,0,0,0,0,0,0,0,0,0,0,0,0,0,0,0,0,0,0,0,0,0,0,0,0,0,0,0,0,0,0,0,0,0,0,0,0,0,0,0,0,0,0,0,0,0,0,0,0,0,0,0,0,0,0,0,0,0,0,0,0,0,0,0,0,0,0,0,0,0,0,0,0,0,0,0,0,0,0,0,0,0,0,0,0,0,0,0,0,0,0,0,0,0,0,0,0,0,0,0,0,0,0,0,0,0,0,0,0,0,0,0,0
"manyara/babati/mwada",4.1e-05,1.2e-05,2e-06,3.8e-05,1.3e-05,0.000122,7e-06,1e-05,9e-06,0.004677,5.7e-05,2e-06,3.1e-05,0.000493,0.00015,2.5e-05,7e-06,3.1e-05,3e-06,9e-06,2e-06,1.6e-05,7e-06,2e-06,2e-06,1e-06,1.9e-05,2.2e-05,1e-06,2e-06,0.000273,3e-06,1e-06,1e-06,3.2e-05,1.1e-05,5.1e-05,0.000356,4e-05,4.9e-05,7e-06,2e-06,8e-05,0.000212,1.5e-05,1e-05,1.9e-05,0.012437,0.004743,1.6e-05,1.2e-05,8e-06,2e-05,6e-06,0.000186,3e-06,5e-06,5.4e-05,9.5e-05,0.001413,5.2e-05,0.000238,0.000155,9e-06,0,0.000352,0.000206,3e-06,0.00027,0.002291,8e-06,1e-06,5e-06,0.000362,8e-06,9.6e-05,1.8e-05,2e-06,2e-06,3e-06,2e-06,2.3e-05,6e-06,3e-06,1.1e-05,7e-06,0.000994,3e-06,7.6e-05,0.000226,2e-06,2e-06,0.000693,0.000225,9e-06,0.000892,5.7e-05,1e-06,0.000369,8.7e-05,1.8e-05,4e-06,5.7e-05,7.7e-05,1.2e-05,0.000433,1.4e-05,7.9e-05,3.9e-05,0.001113,4e-05,0.000209,6.6e-05,2e-06,3e-06,2e-06,0.000378,2e-06,0.000421,3.9e-05,1.5e-05,0.000731,2e-06,8e-06,1e-06,2.3e-05,6.9e-05,0.001435,0.00016,3e-06,2e-06,5.6e-05,0.000161,1.8e-05,1e-06,0.000273,1.5e-05,4.9e-05,0.000913,0.000129,7.6e-05,1e-06,1e-04,1.2e-05,4e-06,0.00012,3e-05,0.000177,0.000144,4.7e-05,2e-06,2e-06,3e-06,2e-06,9.5e-05,0.003828,6e-06,1.5e-05,1.4e-05,0.00632,2.3e-05,0.000937,1e-06,6e-06,2e-06,2e-06,3.4e-05,3.9e-05,0.000578,1.4e-05,2.3e-05,0.001385,0.008469,6.3e-05,1.4e-05,0.000265,0.006249,3e-06,0.000126,5.5e-05,1e-06,9e-06,0.000184,2.1e-05,0.00082,0.025099,2e-06,3e-06,0.000423,0.000129,3.5e-05,0.000108,0.00045,5e-06,0.014433,5e-06,2e-06,3.3e-05,0.000146,7e-06,0.000703,7e-05,7.4e-05,3e-06,0.000183,2e-05,0.001197,0.002008,0.000142,3e-06,3e-06,0.000111,0.000369,1e-06,4e-06,2.4e-05,1e-05,0.001594,1.6e-05,9.8e-05,5e-06,3e-06,6e-06,3e-06,0.000545,1.2e-05,0.000718,6e-06,4e-05,3e-06,3e-06,8e-06,0.000538,0.001379,1.6e-05,0,3e-06,0.000102,0.000231,2e-06,7.5e-05,0.037093,1e-06,0.001973,1e-06,2e-06,8e-06,0.00039,4e-06,7.3e-05,0.002693,0.002166,1e-05,0.000728,9.5e-05,4.9e-05,3e-06,1.2e-05,2e-06,2e-06,1e-06,4.1e-05,3.3e-05,1e-06,0.001229,1.2e-05,2.1e-05,0.001122,2e-05,0,0.000827,0.000325,2e-06,2e-06,0.00103,5e-06,5.5e-05,0.000208,3.6e-05,5.3e-05,2.7e-05,4e-06,0.003431,5.6e-05,2e-06,2.6e-05,2e-06,6e-06,1.3e-05,3e-06,1.9e-05,3e-05,4e-06,0.001993,3.2e-05,6.1e-05,0.000484,1.5e-05,7.7e-05,0.000189,1e-06,1e-06,2e-06,2.6e-05,4e-06,0.0308,5.7e-05,7e-06,4e-06,3e-06,0.000653,6e-05,1.2e-05,2e-06,2e-05,6e-06,3e-06,0.001027,0.000577,0.000984,0.000172,0.00092,7.9e-05,0.000277,0.004725,7.7e-05,9.9e-05,2.2e-05,1.1e-05,0.000194,0.00027,0.000122,0.003185,0.000304,0.000157,3e-06,1.1e-05,1.8e-05,0.001644,5.6e-05,9e-06,2e-06,1e-05,1.4e-05,0.000265,4e-05,3.3e-05,0.00028,0.000189,4.3e-05,1e-05,0.000186,2.1e-05,0.003368,0.000502,0.000583,0.000233,1e-05,4e-06,3.3e-05,2e-05,3e-06,1.8e-05,2e-06,8e-06,0.002075,0.000474,0.001492,4e-06,0.000177,1.2e-05,1e-06,2e-06,6e-06,5e-06,0.000168,0.000164,5e-06,0.000442,8e-06,1e-06,1e-05,0.001154,5.4e-05,8e-06,6.2e-05,3e-06,0.000304,5.3e-05,2e-06,0.000719,2e-06,2e-06,3e-06,1e-06,1e-06,1e-05,4e-06
"arusha/arusha/mwandeti",0,0,0,0,0,0,0,0,0,0,0,0,0,0,0,0,0,0,0,0,0,0,0,0,0,0,0,0,0,0,0,0,0,0,0,0,0,0,0,0,0,0,0,0,0,0,0,0,0,0,0,0,0,0,0,0,0,0,0,0,0,0,0,0,0,0,0,0,0,0,0,0,0,0,0,0,0,0,0,0,0,0,0,0,0,0,0,0,0,0,0,0,0,0,0,0,0,0,0,0,0,0,0,0,0,0,0,0,0,0,0,0,0,0,0,0,0,0,0,0,0,0,0,0,0,0,0,0,0,0,0,0,0,0,0,0,0,0,0,0,0,0,0,0,0,0,0,0,0,0,0,0,0,0,0,0,0,0,0,0,0,0,0,0,0,0,0,0,0,0,0,0,0,0,0,0,0,0,0,0,0,0,0,0,0,0,0,0,0,0,0,0,0,0,0,0,0,0,0,0,0,0,0,0,0,0,0,0,0,0,0,0,0,0,0,0,0,0,0,0,0,0,0,0,0,0,0,0,0,0,0,0,0,0,0,0,0,0,0,0,0,0,0,0,0,0,0,0,0,0,0,0,0,0,0,0,0,0,0,0,0,0,0,0,0,0,0,0,0,0,0,0,0,0,0,0,0,0,0,0,0,0,0,0,0,0,0,0,0,0,0,0,0,0,0,0,0,0,0,0,0,0,0,0,0,0,0,0,0,0,0,0,0,0,0,0,0,0,0,0,0,0,0,0,0,0,0,0,0,0,0,0,0,0,0,0,0,0,0,0,0,0,0,0,0,0,0,0,0,0,0,0,0,0,0,0,0,0,0,0,0,0,0,0,0,0,0,0,0,0,0,0,0,0,0,0,0,0,0,0,0,0,0,0,0,0,0,0,0,0,0,0,0,0,0,0,0,0
"kilimanjaro/mwanga/mwanga",3e-06,0,4e-06,1e-06,0,0.000397,0,0,0,4e-06,0,0,2e-06,3.2e-05,1e-06,0,0,0,0,0,1e-06,4e-06,0,4e-06,1e-06,1e-06,0,0,0,1e-06,2.2e-05,0,1e-06,1.8e-05,0,0,3e-06,1e-06,0,1e-06,0,0,3e-06,0,0,0,0,0.000562,2.3e-05,0,0,0,0,0,0,0,1e-06,0,1.8e-05,1.1e-05,3e-06,3e-06,7e-06,0,0,1.9e-05,4e-06,0,1e-06,3e-06,0,0,1e-06,0,0,3e-06,0,0,0,0,0,0,0,0,0,0,0.000559,0,0,7.7e-05,0,0,0.002186,1.5e-05,0,1e-06,2e-05,7e-06,0.002383,0.000632,0,0,2.1e-05,4e-06,2.1e-05,0.000124,0,9.5e-05,6e-06,3e-06,1.4e-05,0.000203,0,0,4e-06,4e-06,0.000179,0,0.00069,2.8e-05,1e-05,0.000598,3.3e-05,0.000139,6e-06,8e-06,3e-06,0.000285,2e-05,4e-06,4e-06,0.000186,0.002088,2.3e-05,5e-06,1.6e-05,1e-06,9e-05,6.3e-05,0.00012,1.9e-05,0,5e-06,1.1e-05,4e-06,0.00136,0,0.000529,0.000252,0.000122,2e-06,1e-05,4e-06,3e-06,7.4e-05,8.8e-05,5e-06,0,1e-06,0.009053,0.000322,2.7e-05,2e-06,3.4e-05,0,0,0.000743,7e-06,3e-05,0.000208,1e-06,9e-06,0.000418,2.9e-05,4e-06,3e-06,1.7e-05,0,0.000151,3e-06,0,0,5.5e-05,5.8e-05,0.000474,0.024338,1e-06,2e-06,0.000301,7.2e-05,4.6e-05,0,0,0,2e-06,0,6e-06,0,0.000221,0,0.000104,1e-06,3.4e-05,1e-06,0.000253,5e-06,0.005143,6e-06,2e-06,5e-06,6e-06,0,0.000837,2e-06,0,1.1e-05,0,0.001642,2.5e-05,0.000199,0,1e-06,0,1e-06,0.000285,5e-06,0.000339,6e-06,0,0,0,0,1.9e-05,4.1e-05,0,0,4e-06,1.5e-05,1e-06,4e-06,2e-05,0.00028,2e-06,0.00827,1e-06,4e-06,1.3e-05,2.9e-05,0,2e-06,0.000141,4.8e-05,0,4.5e-05,4.2e-05,2.2e-05,3e-06,0.000328,3e-06,1e-06,1e-06,0.000105,0,1e-06,3e-06,0,0,2.8e-05,0,1e-06,2.7e-05,0,2.5e-05,1e-06,0.002752,1e-05,2.2e-05,2.4e-05,0,0,1.9e-05,0,0.000257,0,0,0,0,4e-06,0,1e-06,1e-06,7e-06,2e-06,0.00018,5.6e-05,1.5e-05,5.1e-05,1e-06,0.00013,1e-06,2e-06,1e-05,3e-06,5.6e-05,0,7e-06,4e-06,1e-06,0,2e-06,2.3e-05,1e-06,0,4e-06,3.1e-05,0,0,7.3e-05,0.00055,3.6e-05,5e-06,3.9e-05,2.9e-05,5.1e-05,0.000217,2e-06,2e-06,1e-06,0,8e-06,1.6e-05,5e-06,0.000196,9e-06,2.2e-05,0,1.8e-05,0,0.000159,0,0,2e-06,0,0,0.000176,7e-06,1e-06,1.6e-05,0.000285,1e-06,0,4.9e-05,2e-06,0.000181,3e-06,6e-06,4e-05,0.000309,6e-06,4.4e-05,0,0,0,0,0,0.00013,2.2e-05,6.6e-05,0,1.8e-05,1.7e-05,1e-06,1e-06,0,3e-06,7e-06,3e-06,0,5e-05,0,3e-06,0,0.000935,0,0,3e-06,2e-06,0.000337,6.6e-05,2e-06,8.3e-05,2e-06,1e-06,2e-06,1e-06,0,0,0
"kilimanjaro/mwanga/mwaniko",0,0,0,0,0,0,0,0,0,0,0,0,0,0,0,0,0,0,0,0,0,0,0,0,0,0,0,0,0,0,0,0,0,0,0,0,0,0,0,0,0,0,0,0,0,0,0,0,0,0,0,0,0,0,0,0,0,0,0,0,0,0,0,0,0,0,0,0,0,0,0,0,0,0,0,0,0,0,0,0,0,0,0,0,0,0,0,0,0,0,0,0,0,0,0,0,0,0,0,0,0,0,0,0,0,0,0,0,0,0,0,0,0,0,0,0,0,0,0,0,0,0,0,0,0,0,0,0,0,0,0,0,0,0,0,0,0,0,0,0,0,0,0,0,0,0,0,0,0,0,0,0,0,0,0,0,0,0,0,0,0,0,0,0,0,0,0,0,0,0,0,0,0,0,0,0,0,0,0,0,0,0,0,0,0,0,0,0,0,0,0,0,0,0,0,0,0,0,0,0,0,0,0,0,0,0,0,0,0,0,0,0,0,0,0,0,0,0,0,0,0,0,0,0,0,0,0,0,0,0,0,0,0,0,0,0,0,0,0,0,0,0,0,0,0,0,0,0,0,0,0,0,0,0,0,0,0,0,0,0,0,0,0,0,0,0,0,0,0,0,0,0,0,0,0,0,0,0,0,0,0,0,0,0,0,0,0,0,0,0,0,0,0,0,0,0,0,0,0,0,0,0,0,0,0,0,0,0,0,0,0,0,0,0,0,0,0,0,0,0,0,0,0,0,0,0,0,0,0,0,0,0,0,0,0,0,0,0,0,0,0,0,0,0,0,0,0,0,0,0,0,0,0,0,0,0,0,0,0,0,0,0,0,0,0,0,0,0,0,0,0,0,0,0,0,0,0,0,0,0,0,0,0,0,0,0,0,0,0,0,0,0,0,0,0,0,0,0
"kilimanjaro/same/mwembe",0,0,0,0,0,0,0,0,0,0,0,0,0,0,0,0,0,0,0,0,0,0,0,0,0,0,0,0,0,0,0,0,0,0,0,0,0,0,0,0,0,0,0,0,0,0,0,0,0,0,0,0,0,0,0,0,0,0,0,0,0,0,0,0,0,0,0,0,0,0,0,0,0,0,0,0,0,0,0,0,0,0,0,0,0,0,0,0,0,0,0,0,0,0,0,0,0,0,0,0,0,0,0,0,0,0,0,0,0,0,0,0,0,0,0,0,0,0,0,0,0,0,0,0,0,0,0,0,0,0,0,0,0,0,0,0,0,0,0,0,0,0,0,0,0,0,0,0,0,0,0,0,0,0,0,0,0,0,0,0,0,0,0,0,0,0,0,0,0,0,0,0,0,0,0,0,0,0,0,0,0,0,0,0,0,0,0,0,0,0,0,0,0,0,0,0,0,0,0,0,0,0,0,0,0,0,0,0,0,0,0,0,0,0,0,0,0,0,0,0,0,0,0,0,0,0,0,0,0,0,0,0,0,0,0,0,0,0,0,0,0,0,0,0,0,0,0,0,0,0,0,0,0,0,0,0,0,0,0,0,0,0,0,0,0,0,0,0,0,0,0,0,0,0,0,0,0,0,0,0,0,0,0,0,0,0,0,0,0,0,0,0,0,0,0,0,0,0,0,0,0,0,0,0,0,0,0,0,0,0,0,0,0,0,0,0,0,0,0,0,0,0,0,0,0,0,0,0,0,0,0,0,0,0,0,0,0,0,0,0,0,0,0,0,0,0,0,0,0,0,0,0,0,0,0,0,0,0,0,0,0,0,0,0,0,0,0,0,0,0,0,0,0,0,0,0,0,0,0,0,0,0,0,0,0,0,0,0,0,0,0,0,0,0,0,0,0,0
"kilimanjaro/moshi/mwikakusini",0,0,0,0,0,0,0,0,0,0,0,0,0,0,0,0,0,0,0,0,0,0,0,0,0,0,0,0,0,0,0,0,0,0,0,0,0,0,0,0,0,0,0,0,0,0,0,0,0,0,0,0,0,0,0,0,0,0,0,0,0,0,0,0,0,0,0,0,0,0,0,0,0,0,0,0,0,0,0,0,0,0,0,0,0,0,0,0,0,0,0,0,0,0,0,0,0,0,0,0,0,0,0,0,0,0,0,0,0,0,0,0,0,0,0,0,0,0,0,0,0,0,0,0,0,0,0,0,0,0,0,0,0,0,0,0,0,0,0,0,0,0,0,0,0,0,0,0,0,0,0,0,0,0,0,0,0,0,0,0,0,0,0,0,0,0,0,0,0,0,0,0,0,0,0,0,0,0,0,0,0,0,0,0,0,0,0,0,0,0,0,0,0,0,0,0,0,0,0,0,0,0,0,0,0,0,0,0,0,0,0,0,0,0,0,0,0,0,0,0,0,0,0,0,0,0,0,0,0,0,0,0,0,0,0,0,0,0,0,0,0,0,0,0,0,0,0,0,0,0,0,0,0,0,0,0,0,0,0,0,0,0,0,0,0,0,0,0,0,0,0,0,0,0,0,0,0,0,0,0,0,0,0,0,0,0,0,0,0,0,0,0,0,0,0,0,0,0,0,0,0,0,0,0,0,0,0,0,0,0,0,0,0,0,0,0,0,0,0,0,0,0,0,0,0,0,0,0,0,0,0,0,0,0,0,0,0,0,0,0,0,0,0,0,0,0,0,0,0,0,0,0,0,0,0,0,0,0,0,0,0,0,0,0,0,0,0,0,0,0,0,0,0,0,0,0,0,0,0,0,0,0,0,0,0,0,0,0,0,0,0,0,0,0,0,0,0,0
"kilimanjaro/moshi/mwikakaskazini",0,0,0,0,0,0,0,0,0,0,0,0,0,0,0,0,0,0,0,0,0,0,0,0,0,0,0,0,0,0,0,0,0,0,0,0,0,0,0,0,0,0,0,0,0,0,0,0,0,0,0,0,0,0,0,0,0,0,0,0,0,0,0,0,0,0,0,0,0,0,0,0,0,0,0,0,0,0,0,0,0,0,0,0,0,0,0,0,0,0,0,0,0,0,0,0,0,0,0,0,0,0,0,0,0,0,0,0,0,0,0,0,0,0,0,0,0,0,0,0,0,0,0,0,0,0,0,0,0,0,0,0,0,0,0,0,0,0,0,0,0,0,0,0,0,0,0,0,0,0,0,0,0,0,0,0,0,0,0,0,0,0,0,0,0,0,0,0,0,0,0,0,0,0,0,0,0,0,0,0,0,0,0,0,0,0,0,0,0,0,0,0,0,0,0,0,0,0,0,0,0,0,0,0,0,0,0,0,0,0,0,0,0,0,0,0,0,0,0,0,0,0,0,0,0,0,0,0,0,0,0,0,0,0,0,0,0,0,0,0,0,0,0,0,0,0,0,0,0,0,0,0,0,0,0,0,0,0,0,0,0,0,0,0,0,0,0,0,0,0,0,0,0,0,0,0,0,0,0,0,0,0,0,0,0,0,0,0,0,0,0,0,0,0,0,0,0,0,0,0,0,0,0,0,0,0,0,0,0,0,0,0,0,0,0,0,0,0,0,0,0,0,0,0,0,0,0,0,0,0,0,0,0,0,0,0,0,0,0,0,0,0,0,0,0,0,0,0,0,0,0,0,0,0,0,0,0,0,0,0,0,0,0,0,0,0,0,0,0,0,0,0,0,0,0,0,0,0,0,0,0,0,0,0,0,0,0,0,0,0,0,0,0,0,0,0,0,0
"kilimanjaro/same/myamba",0,0,0,0,0,0,0,0,0,0,0,0,0,0,0,0,0,0,0,0,0,0,0,0,0,0,0,0,0,0,0,0,0,0,0,0,0,0,0,0,0,0,0,0,0,0,0,0,0,0,0,0,0,0,0,0,0,0,0,0,0,0,0,0,0,0,0,0,0,0,0,0,0,0,0,0,0,0,0,0,0,0,0,0,0,0,0,0,0,0,0,0,0,0,0,0,0,0,0,0,0,0,0,0,0,0,0,0,0,0,0,0,0,0,0,0,0,0,0,0,0,0,0,0,0,0,0,0,0,0,0,0,0,0,0,0,0,0,0,0,0,0,0,0,0,0,0,0,0,0,0,0,0,0,0,0,0,0,0,0,0,0,0,0,0,0,0,0,0,0,0,0,0,0,0,0,0,0,0,0,0,0,0,0,0,0,0,0,0,0,0,0,0,0,0,0,0,0,0,0,0,0,0,0,0,0,0,0,0,0,0,0,0,0,0,0,0,0,0,0,0,0,0,0,0,0,0,0,0,0,0,0,0,0,0,0,0,0,0,0,0,0,0,0,0,0,0,0,0,0,0,0,0,0,0,0,0,0,0,0,0,0,0,0,0,0,0,0,0,0,0,0,0,0,0,0,0,0,0,0,0,0,0,0,0,0,0,0,0,0,0,0,0,0,0,0,0,0,0,0,0,0,0,0,0,0,0,0,0,0,0,0,0,0,0,0,0,0,0,0,0,0,0,0,0,0,0,0,0,0,0,0,0,0,0,0,0,0,0,0,0,0,0,0,0,0,0,0,0,0,0,0,0,0,0,0,0,0,0,0,0,0,0,0,0,0,0,0,0,0,0,0,0,0,0,0,0,0,0,0,0,0,0,0,0,0,0,0,0,0,0,0,0,0,0,0,0,0
"manyara/simanjiro/naberera",0.000888,4.2e-05,0.000104,0.000306,1.2e-05,0.009241,4e-06,5e-06,1.2e-05,0.003057,4.8e-05,7e-06,0.000557,0.009254,0.000264,1.5e-05,1.2e-05,5.7e-05,9e-06,3.3e-05,0.000121,0.000678,1.2e-05,0.000125,0.000127,3.7e-05,2.2e-05,1.2e-05,1.3e-05,2e-04,0.005746,6.4e-05,8.3e-05,0.000133,6.2e-05,2.3e-05,0.00083,0.00054,3.6e-05,0.00037,9e-06,8e-06,0.002546,0.00033,0.000398,1.2e-05,0.000106,0.162174,0.031303,2.2e-05,1e-05,1.4e-05,1.8e-05,1e-05,0.00045,5e-06,0.000332,5.2e-05,0.028756,0.00585,0.000747,0.001338,0.001615,0.000199,0,0.006622,0.00146,6e-06,0.000266,0.005606,1.2e-05,1e-06,0.000134,0.000152,3.4e-05,0.00097,9.8e-05,4e-06,5e-06,6e-06,4e-06,5.4e-05,7e-06,1.1e-05,2e-05,7e-06,0.043515,6e-06,0.000251,0.027597,5e-06,8e-06,0.034854,0.003638,5e-05,0.000563,0.001743,6.1e-05,0.026327,0.005663,9e-06,1e-05,0.003488,0.001222,0.000636,0.010155,1.1e-05,0.003878,0.000904,0.00198,0.001237,0.007696,0.000228,3e-05,0.000128,9.9e-05,0.018195,5.6e-05,0.020761,0.001431,0.000808,0.027516,0.000173,0.000724,7.2e-05,0.001593,0.003562,0.064333,0.005249,0.000116,0.000101,0.004316,0.011097,0.000874,6.2e-05,0.004831,0.00022,0.002421,0.011113,0.00571,0.002567,0.000106,0.00148,0.000513,0.000149,0.010217,2.3e-05,0.009824,0.006781,0.002453,8.1e-05,0.000284,0.000126,0.00029,0.006146,0.034063,0.000309,0.000148,0.001447,0.260219,0.001621,0.091298,5.7e-05,0.000536,7e-06,8e-06,0.003505,0.000999,0.01007,0.001455,0.001019,0.005701,0.121428,0.01894,0.000399,0.012002,0.021399,3.2e-05,0.005969,0.002588,5.9e-05,6.2e-05,0.017528,0.001336,0.029127,0.496743,4.8e-05,0.000103,0.017074,0.004824,0.001996,9.9e-05,0.00022,1.2e-05,0.002389,0.000101,0.000112,1.5e-05,0.007298,1e-05,0.019563,0.002614,0.011725,0.000143,0.007535,0.000611,0.064499,0.004546,0.00065,0.000132,0.000125,8.5e-05,0.017152,4.6e-05,5e-06,0.001482,6e-06,0.056098,0.000703,0.004606,1.2e-05,0.000122,8e-06,0.000114,0.021636,0.000407,0.023974,0.000367,3.9e-05,6e-06,5e-06,1.1e-05,0.004589,0.017101,0.00029,1e-05,0.000146,0.006513,0.000693,8.5e-05,0.004681,0.105245,5.8e-05,0.251829,0.000113,0.000118,0.000409,0.009034,1e-05,0.000887,0.041523,0.021174,6.6e-05,0.014254,0.002697,0.003952,0.000106,0.000939,9.5e-05,0.00014,9.7e-05,0.006147,2e-05,0.00011,0.002138,1e-04,1.3e-05,0.010129,1e-05,0.000491,0.008291,0.028612,0.000141,0.000191,0.049689,0.000239,0.004112,0,1.3e-05,0.00013,0.002632,1.4e-05,0.042493,3.1e-05,8e-05,3e-05,4e-06,0.000203,1.6e-05,8.5e-05,0.000849,0.000695,0.000298,0.056102,0.001625,0.001533,0.012921,0.000225,0.015963,0.000379,4.1e-05,6.5e-05,0.000113,0.00332,0.000104,0.007013,0.001117,0.000158,8.7e-05,0.000101,0.012098,0.00027,0.000214,1e-04,0.000938,9e-06,3.6e-05,0.02124,0.020653,0.026185,0.004338,0.01083,0.002894,0.005546,0.085754,0.000781,0.001001,0.000397,8.7e-05,0.002618,0.004447,0.001464,0.0509,0.002378,0.073665,0.000113,0.000599,0.000116,0.037395,0.000146,1.1e-05,8.9e-05,1.3e-05,2.1e-05,0.046039,0.003321,0.00022,0.004056,0.023519,0.000304,5e-06,0.005284,0.000466,0.05378,0.001912,0.002769,0.039949,0.000901,0.000166,0.001693,1.4e-05,9e-06,1.6e-05,6e-06,5.8e-05,0.035737,0.010932,0.022076,8.9e-05,0.003745,0.000627,7.5e-05,0.000171,0.000218,0.000152,0.003049,0.005464,9e-05,0.010105,6e-06,7.2e-05,9e-06,0.038415,8.7e-05,4e-06,0.000971,0.000102,0.013519,0.002353,7.4e-05,0.01915,7.5e-05,0.000157,0.000257,5.5e-05,5.1e-05,9e-06,6e-06
"manyara/mbulu/nahasey",0,0,0,0,0,0,0,0,0,0,0,0,0,0,0,0,0,0,0,0,0,0,0,0,0,0,0,0,0,0,0,0,0,0,0,0,0,0,0,0,0,0,0,0,0,0,0,0,0,0,0,0,0,0,0,0,0,0,0,0,0,0,0,0,0,0,0,0,0,0,0,0,0,0,0,0,0,0,0,0,0,0,0,0,0,0,0,0,0,0,0,0,0,0,0,0,0,0,0,0,0,0,0,0,0,0,0,0,0,0,0,0,0,0,0,0,0,0,0,0,0,0,0,0,0,0,0,0,0,0,0,0,0,0,0,0,0,0,0,0,0,0,0,0,0,0,0,0,0,0,0,0,0,0,0,0,0,0,0,0,0,0,0,0,0,0,0,0,0,0,0,0,0,0,0,0,0,0,0,0,0,0,0,0,0,0,0,0,0,0,0,0,0,0,0,0,0,0,0,0,0,0,0,0,0,0,0,0,0,0,0,0,0,0,0,0,0,0,0,0,0,0,0,0,0,0,0,0,0,0,0,0,0,0,0,0,0,0,0,0,0,0,0,0,0,0,0,0,0,0,0,0,0,0,0,0,0,0,0,0,0,0,0,0,0,0,0,0,0,0,0,0,0,0,0,0,0,0,0,0,0,0,0,0,0,0,0,0,0,0,0,0,0,0,0,0,0,0,0,0,0,0,0,0,0,0,0,0,0,0,0,0,0,0,0,0,0,0,0,0,0,0,0,0,0,0,0,0,0,0,0,0,0,0,0,0,0,0,0,0,0,0,0,0,0,0,0,0,0,0,0,0,0,0,0,0,0,0,0,0,0,0,0,0,0,0,0,0,0,0,0,0,0,0,0,0,0,0,0,0,0,0,0,0,0,0,0,0,0,0,0,0,0,0,0,0,0,0
"arusha/ngorongoro/nainokanoka",1.2e-05,0.000143,1e-06,8.1e-05,1e-06,3.1e-05,0,1e-06,0,9.6e-05,2e-06,0,1e-05,0.000148,4.2e-05,2e-06,1e-06,2e-06,0,1e-06,0,6e-06,0,1e-06,0,0,1e-06,3e-06,0,1e-06,5.5e-05,0,0,0,3.1e-05,1e-06,1.5e-05,1.7e-05,4e-06,7.7e-05,1e-06,0,1.5e-05,1.7e-05,2e-06,0,3.1e-05,0.003938,0.000209,7e-06,1e-06,8e-06,1e-05,1e-06,1e-05,0,1e-06,1e-06,1.5e-05,0.001933,5.7e-05,0.001133,0.000121,1e-06,0,9.3e-05,9.1e-05,1e-06,9.2e-05,4.8e-05,2e-05,0,2e-06,2e-05,1e-06,0.000191,6.2e-05,0,0,0,0,1e-06,0,0,1e-06,1e-06,0.000292,0,1.1e-05,5e-05,0,0,0.000208,8.6e-05,2.2e-05,7.2e-05,2.1e-05,0,9.8e-05,2.4e-05,1e-06,2e-06,1.4e-05,2.4e-05,3e-06,0.000192,3e-06,2.4e-05,1.5e-05,0.001686,1.4e-05,7.2e-05,5e-06,1e-06,1e-06,1e-06,0.000103,0,0.000127,1.3e-05,5e-06,0.000248,1e-06,2e-06,0,5e-06,1.2e-05,0.000423,4e-05,1e-06,1e-06,1.7e-05,4.4e-05,5e-06,0,8.3e-05,5e-06,1.5e-05,0.000748,4e-05,2.3e-05,0,3.2e-05,4e-06,1e-06,3e-05,1e-06,5.2e-05,4.5e-05,1.4e-05,1e-06,0,1e-06,1e-06,2.4e-05,0.001244,2e-06,2.2e-05,2e-06,0.00189,6e-06,8.2e-05,0,1e-06,0,0,8e-06,1.4e-05,0.00016,3e-06,4e-06,0.00066,0.002645,1.1e-05,5e-06,1.5e-05,0.000296,2e-06,3.9e-05,9e-06,0,1.7e-05,3.9e-05,6e-06,0.000282,0.007541,1e-06,1e-06,0.000137,4.3e-05,1e-05,6e-06,2.4e-05,1e-06,6.2e-05,1e-06,1e-06,1e-06,4.4e-05,1.3e-05,0.000216,6e-06,1.6e-05,1e-06,6e-05,7e-06,0.000349,0.000426,0.000507,1e-06,1e-06,1e-06,0.000115,0,2e-06,6e-06,1e-06,0.000545,5e-06,3e-05,1e-06,1e-06,0,1e-06,0.000171,4e-06,0.000253,2e-06,8e-06,0,0,1e-06,0.000776,0.000356,2e-06,0,1e-06,2.2e-05,0.00182,1e-06,1.6e-05,0.005611,0,0.000464,0,1e-06,2e-06,0.000101,0,1.4e-05,0.000872,0.001615,4e-06,0.000202,3.8e-05,1.1e-05,1e-06,3e-06,1e-06,0,0,9e-06,2e-06,0,0.001208,1.5e-05,1e-06,0.000433,0,2.4e-05,0.000371,8.1e-05,1e-06,0,0.000314,2e-06,1.3e-05,2.5e-05,1e-06,0,6e-06,3.9e-05,0.002689,3e-06,0,1e-06,0,2e-06,1e-06,1e-06,2e-06,1.3e-05,1e-06,0.00047,9e-06,2.6e-05,0.000204,5e-06,1.5e-05,0.00056,0,0,1e-06,6e-06,0,0.000436,1.8e-05,2e-06,1e-06,1e-06,0.000191,0.000229,1e-06,1e-06,6e-06,1e-05,5e-06,0.000509,2e-04,0.000183,2.3e-05,0.000416,2.5e-05,0.000138,0.001739,0.000105,0.000152,7e-06,1.1e-05,6.6e-05,9e-05,4.6e-05,0.002603,0.000406,2.2e-05,0,3e-06,4.4e-05,0.000501,2e-06,1e-05,1e-06,1.8e-05,0,5.3e-05,8e-06,6.8e-05,0.000115,4.2e-05,7.2e-05,1e-06,6.9e-05,7e-06,0.001045,0.000787,0.00019,3.7e-05,3e-06,1e-06,1e-05,1e-06,0,0,0,9e-06,0.000671,0.000132,0.000444,1e-06,6.3e-05,4e-06,0,0,1e-06,2e-06,3.9e-05,1.4e-05,2e-06,0.00026,1e-06,0,1e-06,0.00041,4e-06,1e-06,1.9e-05,1e-06,9.6e-05,1.7e-05,1e-06,0.000206,1e-06,0,1e-06,0,0,1e-06,1e-06
"manyara/simanjiro/naisinyai",0,0,0,0,0,0,0,0,0,0,0,0,0,0,0,0,0,0,0,0,0,0,0,0,0,0,0,0,0,0,0,0,0,0,0,0,0,0,0,0,0,0,0,0,0,0,0,0,0,0,0,0,0,0,0,0,0,0,0,0,0,0,0,0,0,0,0,0,0,0,0,0,0,0,0,0,0,0,0,0,0,0,0,0,0,0,0,0,0,0,0,0,0,0,0,0,0,0,0,0,0,0,0,0,0,0,0,0,0,0,0,0,0,0,0,0,0,0,0,0,0,0,0,0,0,0,0,0,0,0,0,0,0,0,0,0,0,0,0,0,0,0,0,0,0,0,0,0,0,0,0,0,0,0,0,0,0,0,0,0,0,0,0,0,0,0,0,0,0,0,0,0,0,0,0,0,0,0,0,0,0,0,0,0,0,0,0,0,0,0,0,0,0,0,0,0,0,0,0,0,0,0,0,0,0,0,0,0,0,0,0,0,0,0,0,0,0,0,0,0,0,0,0,0,0,0,0,0,0,0,0,0,0,0,0,0,0,0,0,0,0,0,0,0,0,0,0,0,0,0,0,0,0,0,0,0,0,0,0,0,0,0,0,0,0,0,0,0,0,0,0,0,0,0,0,0,0,0,0,0,0,0,0,0,0,0,0,0,0,0,0,0,0,0,0,0,0,0,0,0,0,0,0,0,0,0,0,0,0,0,0,0,0,0,0,0,0,0,0,0,0,0,0,0,0,0,0,0,0,0,0,0,0,0,0,0,0,0,0,0,0,0,0,0,0,0,0,0,0,0,0,0,0,0,0,0,0,0,0,0,0,0,0,0,0,0,0,0,0,0,0,0,0,0,0,0,0,0,0,0,0,0,0,0,0,0,0,0,0,0,0,0,0,0,0,0,0,0
"arusha/ngorongoro/naiyobi",0,0,0,0,0,0,0,0,0,0,0,0,0,0,0,0,0,0,0,0,0,0,0,0,0,0,0,0,0,0,0,0,0,0,0,0,0,0,0,0,0,0,0,0,0,0,0,0,0,0,0,0,0,0,0,0,0,0,0,0,0,0,0,0,0,0,0,0,0,0,0,0,0,0,0,0,0,0,0,0,0,0,0,0,0,0,0,0,0,0,0,0,0,0,0,0,0,0,0,0,0,0,0,0,0,0,0,0,0,0,0,0,0,0,0,0,0,0,0,0,0,0,0,0,0,0,0,0,0,0,0,0,0,0,0,0,0,0,0,0,0,0,0,0,0,0,0,0,0,0,0,0,0,0,0,0,0,0,0,0,0,0,0,0,0,0,0,0,0,0,0,0,0,0,0,0,0,0,0,0,0,0,0,0,0,0,0,0,0,0,0,0,0,0,0,0,0,0,0,0,0,0,0,0,0,0,0,0,0,0,0,0,0,0,0,0,0,0,0,0,0,0,0,0,0,0,0,0,0,0,0,0,0,0,0,0,0,0,0,0,0,0,0,0,0,0,0,0,0,0,0,0,0,0,0,0,0,0,0,0,0,0,0,0,0,0,0,0,0,0,0,0,0,0,0,0,0,0,0,0,0,0,0,0,0,0,0,0,0,0,0,0,0,0,0,0,0,0,0,0,0,0,0,0,0,0,0,0,0,0,0,0,0,0,0,0,0,0,0,0,0,0,0,0,0,0,0,0,0,0,0,0,0,0,0,0,0,0,0,0,0,0,0,0,0,0,0,0,0,0,0,0,0,0,0,0,0,0,0,0,0,0,0,0,0,0,0,0,0,0,0,0,0,0,0,0,0,0,0,0,0,0,0,0,0,0,0,0,0,0,0,0,0,0,0,0,0,0
"arusha/longido/namanga",6e-06,1e-06,1e-06,5e-06,0,2.2e-05,0,0,0,7e-06,0,0,6e-06,6.8e-05,2e-06,0,0,0,0,0,0,7e-06,0,1e-06,0,0,0,0,0,0,2.1e-05,0,0,0,0,0,6e-06,1e-06,0,1.6e-05,0,0,3e-06,1e-06,0,0,5e-06,0.00151,2.6e-05,0,0,0,0,0,1e-06,0,1e-06,0,4e-06,4.4e-05,0.00035,3.1e-05,0.000155,0,0,3.5e-05,1.8e-05,0,2e-06,5e-06,0,0,3e-06,1e-06,0,7.7e-05,6e-06,0,0,0,0,0,0,0,0,0,0.000264,0,1e-06,1.8e-05,0,0,0.000185,5.2e-05,3e-06,3e-06,3e-05,0,7.2e-05,1.9e-05,0,0,5e-06,1e-05,3e-06,6e-04,0,2.4e-05,2e-05,1.3e-05,2.1e-05,9.7e-05,1e-06,0,1e-06,1e-06,7.9e-05,0,0.000127,1.8e-05,7e-06,0.000331,0,1e-06,0,2e-06,3e-06,0.000311,2e-05,1e-06,1e-06,1.5e-05,3.2e-05,5e-06,0,3.7e-05,2e-06,1.5e-05,0.049765,4.3e-05,2e-05,0,1.3e-05,4e-06,2e-06,1.8e-05,0,4.7e-05,4.8e-05,1.4e-05,1e-06,0,1e-06,0,1.1e-05,0.00029,3e-06,1.1e-05,1e-06,0.001839,4e-06,1.7e-05,0,1e-06,0,0,5e-06,1.4e-05,6.1e-05,2e-06,1e-06,3.8e-05,0.001067,4e-06,9e-06,3e-06,2.8e-05,2.6e-05,4e-05,2e-06,0,2e-06,1.3e-05,5e-06,0.00038,0.007222,1e-06,2e-06,0.000158,5.4e-05,8e-06,0,1e-06,0,4e-06,0,1e-06,0,4.3e-05,0,0.000154,1e-06,6e-06,0,7e-05,8e-06,0.000299,1.9e-05,1.5e-05,1e-06,1e-06,0,0.000109,0,0,2e-06,0,0.000667,6e-06,3.1e-05,0,1e-06,0,1e-06,0.000179,5e-06,0.000356,1e-06,0,0,0,0,0.00079,9.6e-05,0,0,1e-06,1e-05,7e-06,1e-06,8e-06,0.000646,0,0.000231,0,1e-06,2e-06,4.4e-05,0,3e-06,0.000378,0.000412,1e-06,8.6e-05,8.1e-05,4e-06,1e-06,2e-06,1e-06,0,0,5e-06,0,0,1.3e-05,2.7e-05,0,0.000113,0,1e-06,0.000131,5e-05,0,0,0.000298,2e-06,5e-06,7e-06,0,2e-06,3e-06,0,0,0,0,0,0,3e-06,0,1e-06,0,3.7e-05,0,0.000204,9e-06,5.2e-05,0.000215,2e-06,7e-06,4e-06,0,0,1e-06,3e-06,0,1.8e-05,9e-06,1e-06,1e-06,1e-06,6.1e-05,3e-06,0,0,7e-06,0,1e-06,0.000513,0.000268,4.9e-05,5e-06,2e-04,2.5e-05,0.000642,0.000755,1.4e-05,2.1e-05,3e-06,2e-06,2.5e-05,4.3e-05,1.8e-05,0.01485,8.4e-05,6e-06,0,3e-06,7e-06,0.000291,0,0,1e-06,0,0,2e-05,3e-06,8e-06,6.7e-05,1.8e-05,1.1e-05,0,9.3e-05,4e-06,0.000446,2e-05,2.2e-05,1.3e-05,2e-06,1e-06,9e-06,0,0,0,0,1e-06,0.000326,4.8e-05,0.000162,0,4.6e-05,4e-06,0,0,0,3e-06,1.2e-05,2e-06,1e-06,0.001543,0,0,0,0.000591,0,0,7e-06,1e-06,0.000106,2e-05,1e-06,0.00012,1e-06,0,0,0,0,0,0
"manyara/mbulu/nambisi",0,0,0,0,0,0,0,0,0,0,0,0,0,0,0,0,0,0,0,0,0,0,0,0,0,0,0,0,0,0,0,0,0,0,0,0,0,0,0,0,0,0,0,0,0,0,0,0,0,0,0,0,0,0,0,0,0,0,0,0,0,0,0,0,0,0,0,0,0,0,0,0,0,0,0,0,0,0,0,0,0,0,0,0,0,0,0,0,0,0,0,0,0,0,0,0,0,0,0,0,0,0,0,0,0,0,0,0,0,0,0,0,0,0,0,0,0,0,0,0,0,0,0,0,0,0,0,0,0,0,0,0,0,0,0,0,0,0,0,0,0,0,0,0,0,0,0,0,0,0,0,0,0,0,0,0,0,0,0,0,0,0,0,0,0,0,0,0,0,0,0,0,0,0,0,0,0,0,0,0,0,0,0,0,0,0,0,0,0,0,0,0,0,0,0,0,0,0,0,0,0,0,0,0,0,0,0,0,0,0,0,0,0,0,0,0,0,0,0,0,0,0,0,0,0,0,0,0,0,0,0,0,0,0,0,0,0,0,0,0,0,0,0,0,0,0,0,0,0,0,0,0,0,0,0,0,0,0,0,0,0,0,0,0,0,0,0,0,0,0,0,0,0,0,0,0,0,0,0,0,0,0,0,0,0,0,0,0,0,0,0,0,0,0,0,0,0,0,0,0,0,0,0,0,0,0,0,0,0,0,0,0,0,0,0,0,0,0,0,0,0,0,0,0,0,0,0,0,0,0,0,0,0,0,0,0,0,0,0,0,0,0,0,0,0,0,0,0,0,0,0,0,0,0,0,0,0,0,0,0,0,0,0,0,0,0,0,0,0,0,0,0,0,0,0,0,0,0,0,0,0,0,0,0,0,0,0,0,0,0,0,0,0,0,0,0,0,0
"manyara/kiteto/namelock",0,0,0,0,0,0,0,0,0,0,0,0,0,0,0,0,0,0,0,0,0,0,0,0,0,0,0,0,0,0,0,0,0,0,0,0,0,0,0,0,0,0,0,0,0,0,0,0,0,0,0,0,0,0,0,0,0,0,0,0,0,0,0,0,0,0,0,0,0,0,0,0,0,0,0,0,0,0,0,0,0,0,0,0,0,0,0,0,0,0,0,0,0,0,0,0,0,0,0,0,0,0,0,0,0,0,0,0,0,0,0,0,0,0,0,0,0,0,0,0,0,0,0,0,0,0,0,0,0,0,0,0,0,0,0,0,0,0,0,0,0,0,0,0,0,0,0,0,0,0,0,0,0,0,0,0,0,0,0,0,0,0,0,0,0,0,0,0,0,0,0,0,0,0,0,0,0,0,0,0,0,0,0,0,0,0,0,0,0,0,0,0,0,0,0,0,0,0,0,0,0,0,0,0,0,0,0,0,0,0,0,0,0,0,0,0,0,0,0,0,0,0,0,0,0,0,0,0,0,0,0,0,0,0,0,0,0,0,0,0,0,0,0,0,0,0,0,0,0,0,0,0,0,0,0,0,0,0,0,0,0,0,0,0,0,0,0,0,0,0,0,0,0,0,0,0,0,0,0,0,0,0,0,0,0,0,0,0,0,0,0,0,0,0,0,0,0,0,0,0,0,0,0,0,0,0,0,0,0,0,0,0,0,0,0,0,0,0,0,0,0,0,0,0,0,0,0,0,0,0,0,0,0,0,0,0,0,0,0,0,0,0,0,0,0,0,0,0,0,0,0,0,0,0,0,0,0,0,0,0,0,0,0,0,0,0,0,0,0,0,0,0,0,0,0,0,0,0,0,0,0,0,0,0,0,0,0,0,0,0,0,0,0,0,0,0,0,0
"manyara/babatiurban/nangara",7e-06,2e-06,1e-06,1.3e-05,2e-05,3e-05,2e-06,2e-06,3.6e-05,0.042201,0.000338,2e-06,5e-06,8.4e-05,5.1e-05,5e-06,5e-06,4.5e-05,3e-06,1e-05,1e-06,5e-06,2.6e-05,1e-06,1e-06,0,0.000144,3e-06,0,1e-06,3.2e-05,2e-06,0,0,8e-06,1.8e-05,8e-06,0.000704,1.1e-05,1.2e-05,4e-06,3e-06,5.2e-05,0.000186,1.1e-05,2.8e-05,3e-06,0.002034,0.000774,4e-06,5e-06,2e-06,2e-06,3e-06,0.000459,5e-06,1e-06,2.3e-05,3.1e-05,0.000486,1.6e-05,5.4e-05,2.8e-05,5e-06,0,5.9e-05,2.9e-05,1e-06,2.4e-05,0.00205,1e-06,1e-06,1e-06,5.8e-05,1e-05,2.8e-05,3e-06,2e-06,1e-06,2e-06,4e-06,8.3e-05,4e-06,3e-06,1.4e-05,2e-06,0.000221,2e-06,6.2e-05,0.000107,3e-06,2e-06,0.000186,3.9e-05,2e-06,0.000232,1.3e-05,0,9.4e-05,2.3e-05,5e-06,1e-06,1.9e-05,1.3e-05,3e-06,0.000106,2e-06,1.9e-05,8e-06,0.000214,9e-06,5.4e-05,0.000108,0,1e-06,1e-06,8.2e-05,1e-06,0.000104,9e-06,5e-06,0.000177,1e-06,2e-06,0,8e-06,4.3e-05,0.000405,3e-05,1e-06,1e-06,2.1e-05,4.3e-05,4e-06,0,4.6e-05,2e-06,1.2e-05,0.000201,3e-05,1.6e-05,0,1.6e-05,3e-06,1e-06,3.4e-05,3.6e-05,4.5e-05,3.7e-05,1.2e-05,1e-06,1e-06,1e-06,1e-06,3e-05,0.000556,2e-06,4e-06,5e-06,0.001534,6e-06,0.000288,0,2e-06,2e-06,2e-06,9e-06,8e-06,9.6e-05,4e-06,1.4e-05,0.000223,0.001401,1.9e-05,3e-06,0.00014,0.000872,1e-06,3e-05,2.3e-05,0,2e-06,6.2e-05,5e-06,0.000191,0.00383,0,1e-06,9.8e-05,3e-05,8e-06,9.8e-05,6.1e-05,4e-06,0.001773,2e-06,1e-06,5.3e-05,3.5e-05,1e-06,0.000136,3.5e-05,3.4e-05,1e-06,4.8e-05,4e-06,0.000317,0.000255,3.1e-05,1e-06,1e-06,3.8e-05,9.9e-05,0,1e-06,8e-06,2e-06,0.000427,4e-06,2.5e-05,5e-06,1e-06,1.1e-05,1e-06,0.000122,3e-06,0.000164,1e-06,1e-05,4e-06,6e-06,4e-06,0.000121,0.00021,9e-06,0,1e-06,2.8e-05,4.4e-05,1e-06,1.6e-05,0.002821,0,0.000809,0,1e-06,2e-06,6.8e-05,5e-06,1.1e-05,0.000449,0.000467,1e-06,0.000124,2.4e-05,1.6e-05,1e-06,3e-06,0,0,0,1.4e-05,2e-06,0,0.000192,2e-06,1e-05,0.000166,5.8e-05,0.00017,0.000129,8.8e-05,1e-06,1e-06,0.000272,1e-06,1.8e-05,8.4e-05,7e-06,8e-06,6e-06,1e-06,0.000778,1.9e-05,1e-06,0,3e-06,2e-06,1.1e-05,1e-06,9e-06,7e-06,1e-06,0.000362,8e-06,1.3e-05,0.00013,2e-06,2.1e-05,3.5e-05,0,0,1e-06,8e-06,2e-06,0.001383,1e-05,1e-06,1e-06,1e-06,0.000145,1.8e-05,7e-06,0,5e-06,1e-06,1e-06,0.000265,0.000151,0.000225,2.9e-05,0.000151,1.7e-05,6.4e-05,0.001098,2.9e-05,3.6e-05,4e-06,3e-06,3.1e-05,4.6e-05,1.9e-05,0.000913,7.9e-05,7.5e-05,2e-06,3e-06,4e-06,0.000299,5.1e-05,1e-06,0,1e-06,6.2e-05,8.2e-05,1.4e-05,8e-06,4.8e-05,5.7e-05,1.1e-05,2e-06,4e-05,4e-06,0.000563,8.9e-05,7.2e-05,7.2e-05,3e-06,1e-06,8e-06,4.8e-05,6e-06,0.000257,3e-06,2e-06,0.000355,0.00011,0.000242,2e-06,3.3e-05,3e-06,0,1e-06,4e-06,1e-06,2.7e-05,4.1e-05,1e-06,0.000134,3e-06,0,6e-06,0.000302,4.6e-05,2e-06,1e-05,1e-06,7.3e-05,1.3e-05,0,0.000134,0,1e-06,1e-06,0,0,5e-06,2e-06
"manyara/hanang/nangwa",0,0,0,0,0,0,0,0,0,0,0,0,0,0,0,0,0,0,0,0,0,0,0,0,0,0,0,0,0,0,0,0,0,0,0,0,0,0,0,0,0,0,0,0,0,0,0,0,0,0,0,0,0,0,0,0,0,0,0,0,0,0,0,0,0,0,0,0,0,0,0,0,0,0,0,0,0,0,0,0,0,0,0,0,0,0,0,0,0,0,0,0,0,0,0,0,0,0,0,0,0,0,0,0,0,0,0,0,0,0,0,0,0,0,0,0,0,0,0,0,0,0,0,0,0,0,0,0,0,0,0,0,0,0,0,0,0,0,0,0,0,0,0,0,0,0,0,0,0,0,0,0,0,0,0,0,0,0,0,0,0,0,0,0,0,0,0,0,0,0,0,0,0,0,0,0,0,0,0,0,0,0,0,0,0,0,0,0,0,0,0,0,0,0,0,0,0,0,0,0,0,0,0,0,0,0,0,0,0,0,0,0,0,0,0,0,0,0,0,0,0,0,0,0,0,0,0,0,0,0,0,0,0,0,0,0,0,0,0,0,0,0,0,0,0,0,0,0,0,0,0,0,0,0,0,0,0,0,0,0,0,0,0,0,0,0,0,0,0,0,0,0,0,0,0,0,0,0,0,0,0,0,0,0,0,0,0,0,0,0,0,0,0,0,0,0,0,0,0,0,0,0,0,0,0,0,0,0,0,0,0,0,0,0,0,0,0,0,0,0,0,0,0,0,0,0,0,0,0,0,0,0,0,0,0,0,0,0,0,0,0,0,0,0,0,0,0,0,0,0,0,0,0,0,0,0,0,0,0,0,0,0,0,0,0,0,0,0,0,0,0,0,0,0,0,0,0,0,0,0,0,0,0,0,0,0,0,0,0,0,0,0,0,0,0,0,0,0
"kilimanjaro/rombo/nanjarareha",0,0,0,0,0,0,0,0,0,0,0,0,0,0,0,0,0,0,0,0,0,0,0,0,0,0,0,0,0,0,0,0,0,0,0,0,0,0,0,0,0,0,0,0,0,0,0,0,0,0,0,0,0,0,0,0,0,0,0,0,0,0,0,0,0,0,0,0,0,0,0,0,0,0,0,0,0,0,0,0,0,0,0,0,0,0,0,0,0,0,0,0,0,0,0,0,0,0,0,0,0,0,0,0,0,0,0,0,0,0,0,0,0,0,0,0,0,0,0,0,0,0,0,0,0,0,0,0,0,0,0,0,0,0,0,0,0,0,0,0,0,0,0,0,0,0,0,0,0,0,0,0,0,0,0,0,0,0,0,0,0,0,0,0,0,0,0,0,0,0,0,0,0,0,0,0,0,0,0,0,0,0,0,0,0,0,0,0,0,0,0,0,0,0,0,0,0,0,0,0,0,0,0,0,0,0,0,0,0,0,0,0,0,0,0,0,0,0,0,0,0,0,0,0,0,0,0,0,0,0,0,0,0,0,0,0,0,0,0,0,0,0,0,0,0,0,0,0,0,0,0,0,0,0,0,0,0,0,0,0,0,0,0,0,0,0,0,0,0,0,0,0,0,0,0,0,0,0,0,0,0,0,0,0,0,0,0,0,0,0,0,0,0,0,0,0,0,0,0,0,0,0,0,0,0,0,0,0,0,0,0,0,0,0,0,0,0,0,0,0,0,0,0,0,0,0,0,0,0,0,0,0,0,0,0,0,0,0,0,0,0,0,0,0,0,0,0,0,0,0,0,0,0,0,0,0,0,0,0,0,0,0,0,0,0,0,0,0,0,0,0,0,0,0,0,0,0,0,0,0,0,0,0,0,0,0,0,0,0,0,0,0,0,0,0,0,0,0
"manyara/babati/nar",0,0,0,0,0,0,0,0,0,0,0,0,0,0,0,0,0,0,0,0,0,0,0,0,0,0,0,0,0,0,0,0,0,0,0,0,0,0,0,0,0,0,0,0,0,0,0,0,0,0,0,0,0,0,0,0,0,0,0,0,0,0,0,0,0,0,0,0,0,0,0,0,0,0,0,0,0,0,0,0,0,0,0,0,0,0,0,0,0,0,0,0,0,0,0,0,0,0,0,0,0,0,0,0,0,0,0,0,0,0,0,0,0,0,0,0,0,0,0,0,0,0,0,0,0,0,0,0,0,0,0,0,0,0,0,0,0,0,0,0,0,0,0,0,0,0,0,0,0,0,0,0,0,0,0,0,0,0,0,0,0,0,0,0,0,0,0,0,0,0,0,0,0,0,0,0,0,0,0,0,0,0,0,0,0,0,0,0,0,0,0,0,0,0,0,0,0,0,0,0,0,0,0,0,0,0,0,0,0,0,0,0,0,0,0,0,0,0,0,0,0,0,0,0,0,0,0,0,0,0,0,0,0,0,0,0,0,0,0,0,0,0,0,0,0,0,0,0,0,0,0,0,0,0,0,0,0,0,0,0,0,0,0,0,0,0,0,0,0,0,0,0,0,0,0,0,0,0,0,0,0,0,0,0,0,0,0,0,0,0,0,0,0,0,0,0,0,0,0,0,0,0,0,0,0,0,0,0,0,0,0,0,0,0,0,0,0,0,0,0,0,0,0,0,0,0,0,0,0,0,0,0,0,0,0,0,0,0,0,0,0,0,0,0,0,0,0,0,0,0,0,0,0,0,0,0,0,0,0,0,0,0,0,0,0,0,0,0,0,0,0,0,0,0,0,0,0,0,0,0,0,0,0,0,0,0,0,0,0,0,0,0,0,0,0,0,0,0
"kilimanjaro/siha/nasai",0,0,0,0,0,0,0,0,0,0,0,0,0,0,0,0,0,0,0,0,0,0,0,0,0,0,0,0,0,0,0,0,0,0,0,0,0,0,0,0,0,0,0,0,0,0,0,0,0,0,0,0,0,0,0,0,0,0,0,0,0,0,0,0,0,0,0,0,0,0,0,0,0,0,0,0,0,0,0,0,0,0,0,0,0,0,0,0,0,0,0,0,0,0,0,0,0,0,0,0,0,0,0,0,0,0,0,0,0,0,0,0,0,0,0,0,0,0,0,0,0,0,0,0,0,0,0,0,0,0,0,0,0,0,0,0,0,0,0,0,0,0,0,0,0,0,0,0,0,0,0,0,0,0,0,0,0,0,0,0,0,0,0,0,0,0,0,0,0,0,0,0,0,0,0,0,0,0,0,0,0,0,0,0,0,0,0,0,0,0,0,0,0,0,0,0,0,0,0,0,0,0,0,0,0,0,0,0,0,0,0,0,0,0,0,0,0,0,0,0,0,0,0,0,0,0,0,0,0,0,0,0,0,0,0,0,0,0,0,0,0,0,0,0,0,0,0,0,0,0,0,0,0,0,0,0,0,0,0,0,0,0,0,0,0,0,0,0,0,0,0,0,0,0,0,0,0,0,0,0,0,0,0,0,0,0,0,0,0,0,0,0,0,0,0,0,0,0,0,0,0,0,0,0,0,0,0,0,0,0,0,0,0,0,0,0,0,0,0,0,0,0,0,0,0,0,0,0,0,0,0,0,0,0,0,0,0,0,0,0,0,0,0,0,0,0,0,0,0,0,0,0,0,0,0,0,0,0,0,0,0,0,0,0,0,0,0,0,0,0,0,0,0,0,0,0,0,0,0,0,0,0,0,0,0,0,0,0,0,0,0,0,0,0,0,0,0,0
"manyara/kiteto/ndedo",1e-05,2e-06,2e-06,9e-06,1e-06,8.5e-05,0,0,1e-06,0.000175,3e-06,1e-06,7e-06,0.000111,1.4e-05,1e-06,0,3e-06,0,2e-06,5e-06,6e-06,1e-06,1e-06,3e-06,0,1e-06,0,1.5e-05,6e-06,7.6e-05,3.6e-05,2e-06,2e-06,2e-06,1e-06,1e-05,2.5e-05,1e-06,1.5e-05,1e-06,1e-06,0.000624,1.4e-05,0.000132,1e-06,3e-06,0.002391,0.000523,1e-06,0,1e-06,1e-06,1e-06,2.5e-05,0,2e-06,2e-06,0.000413,0.000195,1.6e-05,2.8e-05,3.4e-05,0.000109,0,7.5e-05,2.5e-05,0,8e-06,0.000195,0,0,2e-06,7e-06,2e-06,2.2e-05,3e-06,0,0,0,0,3e-06,0,1e-06,2e-06,0,0.000478,0,1.2e-05,0.000626,0,0,0.000539,5.1e-05,1e-06,2.7e-05,2.4e-05,1e-06,0.000277,6.7e-05,0,0,0.000115,1.6e-05,7e-06,0.000215,0,4.6e-05,1.3e-05,5.1e-05,1.7e-05,0.000132,1.4e-05,0,2e-06,2e-06,0.000176,5.7e-05,0.000261,2.1e-05,8e-06,0.000408,2e-06,9e-06,1e-06,5.5e-05,0.001402,0.000505,4.9e-05,2e-06,1e-06,4.1e-05,0.000134,1e-05,1e-06,5.9e-05,3e-06,3.1e-05,0.000296,7.1e-05,2.9e-05,3e-06,1.9e-05,7e-06,3e-06,0.000129,1e-06,0.000123,9.4e-05,3.3e-05,1e-06,2e-06,2e-06,4e-06,0.000148,0.000521,4e-06,3e-06,0.000215,0.003793,2.1e-05,0.000385,1e-06,7e-06,0,1e-06,3.1e-05,1.3e-05,0.000119,1.5e-05,0.000319,8.8e-05,0.001695,0.000152,6e-06,0.000278,0.000282,1e-06,7.3e-05,0.001078,2e-06,3e-06,0.000588,1.4e-05,0.00041,0.013879,1e-06,2e-06,0.000219,6.3e-05,2.1e-05,6e-06,6e-06,1e-06,6.9e-05,4.3e-05,2e-06,1e-06,8.9e-05,0,0.000222,0.000794,0.000192,1e-06,0.000123,8e-06,0.000919,7.5e-05,2.7e-05,2e-06,2e-06,2e-06,0.00028,1e-06,0,4.3e-05,0,0.0011,1e-05,6.7e-05,1e-06,1e-06,1e-06,2e-06,0.000257,5e-06,0.00034,4e-06,2e-06,0,0,0,0.000155,0.000221,0.000149,0,2e-06,3.6e-05,1.5e-05,1e-06,3.3e-05,0.002828,1e-06,0.002556,2e-06,1e-06,5e-06,9.6e-05,1e-06,1.1e-05,0.000552,0.000305,1e-06,0.000164,5.1e-05,0.000109,2e-06,1.1e-05,1e-06,3e-06,2e-06,3.1e-05,1e-06,3e-06,4.8e-05,3e-06,1e-06,0.00016,1e-06,1.7e-05,0.000134,0.000305,2e-06,3e-06,0.000757,4e-06,0.000126,0.000333,1e-06,5e-06,1.6e-05,0,0.001189,2e-06,4.2e-05,1e-06,0,4e-06,1e-06,1e-06,0,1.2e-05,9e-06,0.000551,2e-05,2.5e-05,0.000136,3e-06,9.2e-05,1.6e-05,1e-06,1e-06,1e-06,3.9e-05,0.000142,0.000159,1.4e-05,2e-06,1e-06,1e-06,0.000112,8e-06,0.000137,1e-06,1.3e-05,0,1e-06,0.00025,0.000374,0.00019,3.7e-05,0.000172,3.4e-05,0.000115,0.000908,2.4e-05,3e-05,5e-06,4e-06,3.6e-05,5.8e-05,2.1e-05,0.00088,0.000101,0.000775,8.8e-05,7e-06,4e-06,0.000442,9e-06,0,1e-06,0,1e-06,0.000602,0.000184,9e-06,6e-05,0.000314,1.3e-05,0,7.3e-05,5e-06,0.000701,3.5e-05,5e-05,0.000123,1e-05,3e-06,1.9e-05,1e-06,1e-06,1e-06,1e-06,3e-06,0.000461,9.4e-05,0.000284,4e-05,4.8e-05,7e-06,1e-06,4e-06,6.2e-05,3e-06,3.3e-05,3.5e-05,1e-06,0.000151,0,1e-06,1e-06,0.000735,6e-06,0,1.2e-05,1e-06,0.000175,3.2e-05,1e-06,0.000209,1e-06,3e-06,6e-06,1e-06,2e-06,1e-06,0
"kilimanjaro/siha/ndumeti",0,0,0,0,0,0,0,0,0,0,0,0,0,0,0,0,0,0,0,0,0,0,0,0,0,0,0,0,0,0,0,0,0,0,0,0,0,0,0,0,0,0,0,0,0,0,0,0,0,0,0,0,0,0,0,0,0,0,0,0,0,0,0,0,0,0,0,0,0,0,0,0,0,0,0,0,0,0,0,0,0,0,0,0,0,0,0,0,0,0,0,0,0,0,0,0,0,0,0,0,0,0,0,0,0,0,0,0,0,0,0,0,0,0,0,0,0,0,0,0,0,0,0,0,0,0,0,0,0,0,0,0,0,0,0,0,0,0,0,0,0,0,0,0,0,0,0,0,0,0,0,0,0,0,0,0,0,0,0,0,0,0,0,0,0,0,0,0,0,0,0,0,0,0,0,0,0,0,0,0,0,0,0,0,0,0,0,0,0,0,0,0,0,0,0,0,0,0,0,0,0,0,0,0,0,0,0,0,0,0,0,0,0,0,0,0,0,0,0,0,0,0,0,0,0,0,0,0,0,0,0,0,0,0,0,0,0,0,0,0,0,0,0,0,0,0,0,0,0,0,0,0,0,0,0,0,0,0,0,0,0,0,0,0,0,0,0,0,0,0,0,0,0,0,0,0,0,0,0,0,0,0,0,0,0,0,0,0,0,0,0,0,0,0,0,0,0,0,0,0,0,0,0,0,0,0,0,0,0,0,0,0,0,0,0,0,0,0,0,0,0,0,0,0,0,0,0,0,0,0,0,0,0,0,0,0,0,0,0,0,0,0,0,0,0,0,0,0,0,0,0,0,0,0,0,0,0,0,0,0,0,0,0,0,0,0,0,0,0,0,0,0,0,0,0,0,0,0,0,0,0,0,0,0,0,0,0,0,0,0,0,0,0,0,0,0,0,0
"kilimanjaro/same/ndungu",0,0,0,0,0,0,0,0,0,0,0,0,0,0,0,0,0,0,0,0,0,0,0,0,0,0,0,0,0,0,0,0,0,0,0,0,0,0,0,0,0,0,0,0,0,0,0,0,0,0,0,0,0,0,0,0,0,0,0,0,0,0,0,0,0,0,0,0,0,0,0,0,0,0,0,0,0,0,0,0,0,0,0,0,0,0,0,0,0,0,0,0,0,0,0,0,0,0,0,0,0,0,0,0,0,0,0,0,0,0,0,0,0,0,0,0,0,0,0,0,0,0,0,0,0,0,0,0,0,0,0,0,0,0,0,0,0,0,0,0,0,0,0,0,0,0,0,0,0,0,0,0,0,0,0,0,0,0,0,0,0,0,0,0,0,0,0,0,0,0,0,0,0,0,0,0,0,0,0,0,0,0,0,0,0,0,0,0,0,0,0,0,0,0,0,0,0,0,0,0,0,0,0,0,0,0,0,0,0,0,0,0,0,0,0,0,0,0,0,0,0,0,0,0,0,0,0,0,0,0,0,0,0,0,0,0,0,0,0,0,0,0,0,0,0,0,0,0,0,0,0,0,0,0,0,0,0,0,0,0,0,0,0,0,0,0,0,0,0,0,0,0,0,0,0,0,0,0,0,0,0,0,0,0,0,0,0,0,0,0,0,0,0,0,0,0,0,0,0,0,0,0,0,0,0,0,0,0,0,0,0,0,0,0,0,0,0,0,0,0,0,0,0,0,0,0,0,0,0,0,0,0,0,0,0,0,0,0,0,0,0,0,0,0,0,0,0,0,0,0,0,0,0,0,0,0,0,0,0,0,0,0,0,0,0,0,0,0,0,0,0,0,0,0,0,0,0,0,0,0,0,0,0,0,0,0,0,0,0,0,0,0,0,0,0,0,0,0
"arusha/arusha/nduruma",1e-04,0,0,1e-06,0,4.1e-05,0,0,0,6e-06,0,0,3.6e-05,0.000855,1e-06,0,0,0,0,0,0,1e-05,0,1e-06,0,0,0,0,0,0,0.001178,0,0,0,0,0,5.8e-05,1e-06,0,2e-06,0,0,2e-06,1e-06,0,0,1e-06,0.009808,6.5e-05,0,0,0,0,0,1e-06,0,7e-06,0,6e-06,1.4e-05,4e-06,7e-06,2.4e-05,0,0,0.000717,2.7e-05,0,1e-06,6e-06,0,0,2e-06,0,0,5e-06,1e-06,0,0,0,0,0,0,0,0,0,0.000625,0,0,1.3e-05,0,0,0.000132,0.000162,0,2e-06,2.6e-05,0,0.000102,2.1e-05,0,0,3e-06,7.6e-05,4e-06,8.3e-05,0,3e-05,2.2e-05,6e-06,1.8e-05,4.4e-05,0,2e-06,1e-06,0,0.000307,0,0.000133,1.2e-05,5e-06,0.000223,0,1e-06,0,1e-06,2e-06,0.002232,0.001254,1e-06,1e-06,1.3e-05,3.4e-05,6e-06,0,0.000385,1e-05,1.4e-05,0.000103,5e-05,7.8e-05,0,7.9e-05,4e-06,1e-06,1.8e-05,0,4.8e-05,3.8e-05,1.2e-05,0,0,1e-06,0,7e-06,0.00088,1e-06,1e-06,1e-06,0.002259,4e-06,6.6e-05,0,1e-06,0,0,8e-06,3.1e-05,0.000869,2e-06,1e-06,3.8e-05,0.008077,6e-06,6e-06,4e-06,6.2e-05,0,4.5e-05,2e-06,0,0,1.1e-05,7e-06,0.000314,0.011248,1e-06,1e-06,0.000176,5.6e-05,1.5e-05,0,1e-06,0,4e-06,0,0,0,4.9e-05,0,0.001217,1e-06,5e-06,5e-06,3.8e-05,1.4e-05,0.000256,2.2e-05,3e-06,1e-06,1e-06,0,6.8e-05,0,0,2e-06,0,0.000272,4e-06,2.2e-05,0,9e-06,0,2e-06,0.000303,6e-06,0.000291,3e-06,0,0,0,0,2.8e-05,0.000658,0,0,1e-06,0.000309,3e-06,0,9e-05,0.001716,0,0.000263,0,1e-06,3e-06,0.002338,0,2e-05,0.002551,0.000237,1e-06,0.001738,2.1e-05,3e-06,1e-06,2e-06,1e-06,0,0,1.3e-05,0,0,8e-06,1e-06,0,0.000254,0,1e-06,0.000218,6.5e-05,0,0,0.000216,1e-06,3e-06,1.7e-05,0,1e-06,1.3e-05,0,0.000375,0,0,0,0,1e-06,0,1e-06,0,8e-06,0,0,1e-05,2.2e-05,0.000278,1.3e-05,1.4e-05,2e-06,0,0,1e-06,3e-06,0,1.8e-05,9.5e-05,1.1e-05,7e-06,1e-06,0.000384,1e-06,0,1e-06,6e-06,0,0,0.000387,0.000113,0.000717,4.5e-05,0.000321,5.6e-05,5.8e-05,0.002684,2e-06,3e-06,3.4e-05,0,0.000116,0.000268,5.1e-05,0.000438,9e-06,9e-06,0,4e-06,1e-06,0.003771,0,0,1e-06,0,0,2.4e-05,2e-06,1e-06,0.00015,2e-05,1e-06,0,1e-04,4.3e-05,0.0038,1.1e-05,3.6e-05,9.5e-05,2e-06,1e-06,1.2e-05,0,0,0,0,0,0.002548,0.000557,0.001296,0,0.000192,5e-06,0,0,0,1e-06,0.000231,1e-05,7e-06,9e-05,0,0,0,0.000218,0,0,6.1e-05,1e-06,0.000104,1.6e-05,1e-06,0.002354,0,0,0,0,0,0,0
"kilimanjaro/moshimunicipal/ngambo",0,0,0,0,0,0,0,0,0,0,0,0,0,0,0,0,0,0,0,0,0,0,0,0,0,0,0,0,0,0,0,0,0,0,0,0,0,0,0,0,0,0,0,0,0,0,0,0,0,0,0,0,0,0,0,0,0,0,0,0,0,0,0,0,0,0,0,0,0,0,0,0,0,0,0,0,0,0,0,0,0,0,0,0,0,0,0,0,0,0,0,0,0,0,0,0,0,0,0,0,0,0,0,0,0,0,0,0,0,0,0,0,0,0,0,0,0,0,0,0,0,0,0,0,0,0,0,0,0,0,0,0,0,0,0,0,0,0,0,0,0,0,0,0,0,0,0,0,0,0,0,0,0,0,0,0,0,0,0,0,0,0,0,0,0,0,0,0,0,0,0,0,0,0,0,0,0,0,0,0,0,0,0,0,0,0,0,0,0,0,0,0,0,0,0,0,0,0,0,0,0,0,0,0,0,0,0,0,0,0,0,0,0,0,0,0,0,0,0,0,0,0,0,0,0,0,0,0,0,0,0,0,0,0,0,0,0,0,0,0,0,0,0,0,0,0,0,0,0,0,0,0,0,0,0,0,0,0,0,0,0,0,0,0,0,0,0,0,0,0,0,0,0,0,0,0,0,0,0,0,0,0,0,0,0,0,0,0,0,0,0,0,0,0,0,0,0,0,0,0,0,0,0,0,0,0,0,0,0,0,0,0,0,0,0,0,0,0,0,0,0,0,0,0,0,0,0,0,0,0,0,0,0,0,0,0,0,0,0,0,0,0,0,0,0,0,0,0,0,0,0,0,0,0,0,0,0,0,0,0,0,0,0,0,0,0,0,0,0,0,0,0,0,0,0,0,0,0,0,0,0,0,0,0,0,0,0,0,0,0,0,0,0,0,0,0,0,0
"kilimanjaro/siha/ngarenairobi",8.4e-05,2e-06,1.3e-05,8e-06,0,0.000398,0,0,0,2.6e-05,0,0,6.5e-05,0.000766,5e-06,0,0,0,0,0,1e-06,0.000501,0,1.5e-05,1e-06,5e-06,0,0,0,1e-06,0.000239,0,1e-06,2e-06,1e-06,0,5.8e-05,4e-06,0,1.8e-05,0,0,1.3e-05,3e-06,2e-06,0,9e-06,0.013182,0.00015,0,0,0,0,0,3e-06,0,9e-06,0,2.9e-05,0.000103,8.2e-05,5.3e-05,0.000347,1e-06,0,0.000364,8.6e-05,0,6e-06,2.1e-05,0,0,0.000704,2e-06,0,5.8e-05,6e-06,0,0,0,0,0,0,0,0,0,0.008553,0,3e-06,0.000102,0,0,0.002599,0.000549,4e-06,8e-06,0.003362,2e-06,0.001224,0.000299,0,0,2.9e-05,9.6e-05,7.7e-05,0.007414,0,0.000665,0.000857,3.4e-05,0.00222,0.001736,2e-06,2e-06,2.2e-05,1.2e-05,0.002054,0,0.003065,0.000677,0.00028,0.010817,4e-06,1.4e-05,1e-06,1.1e-05,1.2e-05,0.007472,0.00031,1.9e-05,1.3e-05,0.000258,0.00046,0.000145,1e-06,0.000388,2.2e-05,0.000334,0.002942,0.001438,0.000642,1e-06,0.000118,0.000136,2.6e-05,0.000193,0,0.000893,0.001,0.000253,1.5e-05,2e-06,1.7e-05,2e-06,7e-05,0.001773,3.9e-05,1.2e-05,3e-06,0.046153,5.6e-05,0.000128,8e-06,8e-06,0,0,6.5e-05,0.000489,0.000605,2e-05,4e-06,0.000138,0.009915,3e-05,0.001675,1.4e-05,0.000146,9e-06,0.001142,1e-05,0,2e-06,7.7e-05,9.7e-05,0.019674,0.187635,7.3e-05,8.4e-05,0.006406,0.002767,0.000212,1e-06,2e-06,0,1.5e-05,1e-06,1e-05,0,0.001091,0,0.003264,5e-06,3.7e-05,8e-06,0.001171,0.000435,0.004588,7.3e-05,2.4e-05,1.7e-05,1.4e-05,0,0.001504,5e-06,0,1.4e-05,0,0.008504,0.000107,0.000556,0,1e-05,0,0.000103,0.007483,0.000383,0.02457,3.5e-05,1e-06,0,0,0,0.000426,0.000732,2e-06,1e-06,2.7e-05,0.000144,1.7e-05,9e-06,0.000131,0.003466,9e-06,0.002229,1e-06,1.6e-05,5.7e-05,0.000532,0,2.1e-05,0.003623,0.001355,4e-06,0.000947,0.001724,2.5e-05,1.6e-05,2.4e-05,1.3e-05,1e-06,1e-06,8.3e-05,0,1e-06,3.8e-05,1.4e-05,0,0.000656,0,5e-06,0.000762,0.000654,4e-06,1e-06,0.004661,2.8e-05,2.8e-05,5.4e-05,0,5e-06,4.7e-05,1e-06,0.011344,0,0,0,0,5.7e-05,0,0.000143,2e-06,0.003172,2e-06,0.002637,0.000215,0,0.00383,1.7e-05,7.2e-05,1e-05,4e-06,1e-06,1.5e-05,2.4e-05,0,6.6e-05,0.000113,2.4e-05,1.1e-05,5.3e-05,0.000482,6e-06,1e-06,1e-05,0.000157,0,1e-06,0.004512,0.004174,0.000432,4.4e-05,0.001339,0.001049,0.006712,0.006224,2.1e-05,2.9e-05,2.9e-05,3e-06,0.000209,0.000436,0.000126,0.010601,0.000104,4.1e-05,0,7.4e-05,7e-06,0.004369,1e-06,0,1.5e-05,0,0,0.000149,1.3e-05,1e-05,0.000606,0.000151,1.4e-05,0,0.00865,5.3e-05,0.004407,5.4e-05,9.9e-05,0.000152,1.9e-05,2.2e-05,0.000239,0,0,0,0,2e-06,0.003547,0.000451,0.001438,1e-06,0.000769,9.3e-05,0,1e-06,1e-06,5.1e-05,0.000115,1.7e-05,6e-06,0.00554,0,1e-06,0,0.008707,1e-06,0,6.8e-05,3.1e-05,0.003115,0.000505,1.8e-05,0.001964,1.4e-05,1e-06,2e-06,0,0,0,0
"arusha/meru/ngarenanyuki",3.4e-05,0,1e-06,1e-06,0,2.7e-05,0,0,0,4e-06,0,0,3.6e-05,0.00032,1e-06,0,0,0,0,0,0,3.7e-05,0,1e-06,0,0,0,0,0,0,3.4e-05,0,0,0,0,0,2.3e-05,1e-06,0,2e-06,0,0,2e-06,1e-06,0,0,2e-06,0.005369,2.5e-05,0,0,0,0,0,1e-06,0,1e-06,0,3e-06,1.9e-05,1.3e-05,1.3e-05,8.1e-05,0,0,0.000122,2.6e-05,0,1e-06,4e-06,0,0,8e-06,0,0,1.1e-05,1e-06,0,0,0,0,0,0,0,0,0,0.000558,0,0,1.3e-05,0,0,0.000127,0.000406,1e-06,1e-06,6e-05,0,7.4e-05,1.7e-05,0,0,2e-06,4.1e-05,4e-06,0.000182,0,3e-05,0.000186,8e-06,3.9e-05,5.9e-05,0,1e-06,1e-06,0,0.000186,0,0.000134,1.8e-05,1.1e-05,0.000313,0,1e-06,0,1e-06,2e-06,0.002055,7.3e-05,1e-06,1e-06,1.8e-05,2.7e-05,6e-06,0,0.000163,1.1e-05,1.4e-05,0.000273,5.7e-05,8.5e-05,0,5.1e-05,5e-06,1e-06,1.3e-05,0,4.4e-05,4.1e-05,1.2e-05,1e-06,0,1e-06,0,5e-06,0.000559,2e-06,3e-06,0,0.002193,3e-06,2.8e-05,0,1e-06,0,0,5e-06,0.000138,0.000215,1e-06,1e-06,4.3e-05,0.004114,3e-06,1.5e-05,3e-06,3.8e-05,1e-06,4.8e-05,1e-06,0,0,7e-06,5e-06,0.000497,0.006914,1e-06,2e-06,0.000226,8.3e-05,1.2e-05,0,1e-06,0,3e-06,0,0,0,4.9e-05,0,0.000982,1e-06,5e-06,1e-06,4.5e-05,3.4e-05,0.000233,2.1e-05,3e-06,1e-06,1e-06,0,7e-05,0,0,1e-06,0,0.000339,4e-06,2.4e-05,0,2e-06,0,3e-06,0.000364,1.1e-05,0.000525,2e-06,0,0,0,0,4.9e-05,0.000225,0,0,1e-06,3.7e-05,4e-06,0,1.8e-05,0.000495,0,0.000237,0,1e-06,3e-06,0.000167,0,5e-06,0.001625,0.000534,1e-06,0.000341,3.9e-05,2e-06,1e-06,2e-06,1e-06,0,0,1e-05,0,0,9e-06,2e-06,0,0.000222,0,1e-06,3e-04,4.4e-05,0,0,0.000216,1e-06,2e-06,9e-06,0,1e-06,5e-06,0,0.00095,0,0,0,0,2e-06,0,4e-06,0,2.8e-05,0,0.000668,1e-05,7.7e-05,0,7e-06,6e-06,1e-06,0,0,1e-06,2e-06,0,1.6e-05,5.3e-05,1.1e-05,6e-06,1e-06,0.000239,1e-06,0,1e-06,6e-06,0,0,0.005364,0.000149,0.000149,9e-06,0.000661,7.2e-05,0.000174,0.004255,3e-06,5e-06,1.1e-05,0,8.9e-05,0.000216,5.4e-05,0.001972,1.1e-05,6e-06,0,4e-06,1e-06,0.001827,0,0,1e-06,0,0,1.3e-05,1e-06,1e-06,0.000415,1.2e-05,2e-06,0,0.000297,2.4e-05,0.001875,1.5e-05,2.5e-05,3e-05,1e-06,1e-06,1.2e-05,0,0,0,0,0,0.001713,0.000226,0.000544,0,0.000608,4e-06,0,0,0,1e-06,3.3e-05,4e-06,2e-06,0.000512,0,0,0,0.000301,0,0,2.7e-05,1e-06,0.000119,1.9e-05,1e-06,0.000629,1e-06,0,0,0,0,0,0
"arusha/arushaurban/ngarenaro",0,0,0,0,0,0,0,0,0,0,0,0,0,0,0,0,0,0,0,0,0,0,0,0,0,0,0,0,0,0,0,0,0,0,0,0,0,0,0,0,0,0,0,0,0,0,0,0,0,0,0,0,0,0,0,0,0,0,0,0,0,0,0,0,0,0,0,0,0,0,0,0,0,0,0,0,0,0,0,0,0,0,0,0,0,0,0,0,0,0,0,0,0,0,0,0,0,0,0,0,0,0,0,0,0,0,0,0,0,0,0,0,0,0,0,0,0,0,0,0,0,0,0,0,0,0,0,0,0,0,0,0,0,0,0,0,0,0,0,0,0,0,0,0,0,0,0,0,0,0,0,0,0,0,0,0,0,0,0,0,0,0,0,0,0,0,0,0,0,0,0,0,0,0,0,0,0,0,0,0,0,0,0,0,0,0,0,0,0,0,0,0,0,0,0,0,0,0,0,0,0,0,0,0,0,0,0,0,0,0,0,0,0,0,0,0,0,0,0,0,0,0,0,0,0,0,0,0,0,0,0,0,0,0,0,0,0,0,0,0,0,0,0,0,0,0,0,0,0,0,0,0,0,0,0,0,0,0,0,0,0,0,0,0,0,0,0,0,0,0,0,0,0,0,0,0,0,0,0,0,0,0,0,0,0,0,0,0,0,0,0,0,0,0,0,0,0,0,0,0,0,0,0,0,0,0,0,0,0,0,0,0,0,0,0,0,0,0,0,0,0,0,0,0,0,0,0,0,0,0,0,0,0,0,0,0,0,0,0,0,0,0,0,0,0,0,0,0,0,0,0,0,0,0,0,0,0,0,0,0,0,0,0,0,0,0,0,0,0,0,0,0,0,0,0,0,0,0,0,0,0,0,0,0,0,0,0,0,0,0,0,0,0,0,0,0,0,0
"manyara/simanjiro/ngorika",0,0,0,0,0,0,0,0,0,0,0,0,0,0,0,0,0,0,0,0,0,0,0,0,0,0,0,0,0,0,0,0,0,0,0,0,0,0,0,0,0,0,0,0,0,0,0,0,0,0,0,0,0,0,0,0,0,0,0,0,0,0,0,0,0,0,0,0,0,0,0,0,0,0,0,0,0,0,0,0,0,0,0,0,0,0,0,0,0,0,0,0,0,0,0,0,0,0,0,0,0,0,0,0,0,0,0,0,0,0,0,0,0,0,0,0,0,0,0,0,0,0,0,0,0,0,0,0,0,0,0,0,0,0,0,0,0,0,0,0,0,0,0,0,0,0,0,0,0,0,0,0,0,0,0,0,0,0,0,0,0,0,0,0,0,0,0,0,0,0,0,0,0,0,0,0,0,0,0,0,0,0,0,0,0,0,0,0,0,0,0,0,0,0,0,0,0,0,0,0,0,0,0,0,0,0,0,0,0,0,0,0,0,0,0,0,0,0,0,0,0,0,0,0,0,0,0,0,0,0,0,0,0,0,0,0,0,0,0,0,0,0,0,0,0,0,0,0,0,0,0,0,0,0,0,0,0,0,0,0,0,0,0,0,0,0,0,0,0,0,0,0,0,0,0,0,0,0,0,0,0,0,0,0,0,0,0,0,0,0,0,0,0,0,0,0,0,0,0,0,0,0,0,0,0,0,0,0,0,0,0,0,0,0,0,0,0,0,0,0,0,0,0,0,0,0,0,0,0,0,0,0,0,0,0,0,0,0,0,0,0,0,0,0,0,0,0,0,0,0,0,0,0,0,0,0,0,0,0,0,0,0,0,0,0,0,0,0,0,0,0,0,0,0,0,0,0,0,0,0,0,0,0,0,0,0,0,0,0,0,0,0,0,0,0,0,0,0
"arusha/ngorongoro/ngorongoro",1e-05,6.4e-05,1e-06,0.00011,1e-06,3.2e-05,1e-06,1e-06,1e-06,0.000168,3e-06,0,8e-06,0.000117,0.000151,5e-06,2e-06,4e-06,1e-06,2e-06,1e-06,5e-06,0,1e-06,0,0,1e-06,6e-06,0,1e-06,4.9e-05,1e-06,0,0,0.00021,1e-06,1.2e-05,3.5e-05,1.1e-05,7.4e-05,2e-06,0,2.1e-05,4.1e-05,3e-06,1e-06,1.4e-05,0.002992,0.000233,2.2e-05,2e-06,7.8e-05,1.8e-05,2e-06,1.9e-05,0,1e-06,1e-06,1.8e-05,0.010672,4e-05,0.000337,7.8e-05,2e-06,0,7.5e-05,5.9e-05,2e-06,8e-05,6.9e-05,4.8e-05,0,2e-06,4.4e-05,2e-06,0.000117,2.9e-05,0,1e-06,1e-06,0,2e-06,1e-06,0,2e-06,2e-06,0.000274,1e-06,2.9e-05,6.3e-05,0,1e-06,0.000226,6.4e-05,1e-05,0.000181,1.9e-05,0,0.000103,2.6e-05,2e-06,1.2e-05,1.8e-05,1.9e-05,3e-06,0.000181,9e-06,2.4e-05,1.3e-05,0.002792,1.3e-05,7.4e-05,1e-05,0,1e-06,1e-06,9.7e-05,0,0.000129,1.3e-05,5e-06,0.000243,1e-06,2e-06,0,7e-06,1.6e-05,0.000368,3.5e-05,1e-06,1e-06,1.8e-05,4.8e-05,5e-06,0,6.5e-05,4e-06,1.5e-05,0.000558,3.9e-05,2.1e-05,0,2.4e-05,4e-06,2e-06,3.5e-05,2e-06,5.4e-05,4.6e-05,1.5e-05,1e-06,1e-06,1e-06,1e-06,3e-05,0.000892,2e-06,1.2e-05,3e-06,0.001887,7e-06,8.9e-05,0,2e-06,0,0,9e-06,1.2e-05,0.000126,4e-06,6e-06,0.000402,0.002029,1.4e-05,5e-06,2e-05,0.000303,2e-06,3.8e-05,1.3e-05,0,2e-05,5e-05,6e-06,0.000266,0.007339,1e-06,1e-06,0.00013,4e-05,1e-05,1.2e-05,4.6e-05,2e-06,9.5e-05,1e-06,1e-06,1e-06,4.4e-05,8e-06,0.000182,8e-06,2e-05,1e-06,6.3e-05,6e-06,0.000376,0.000327,0.000584,1e-06,1e-06,2e-06,0.000124,0,8e-06,7e-06,3e-06,0.000582,5e-06,3.2e-05,1e-06,1e-06,1e-06,1e-06,0.000159,4e-06,0.000234,2e-06,2.5e-05,0,0,3e-06,0.000557,0.000276,3e-06,0,1e-06,2e-05,4e-04,1e-06,1.5e-05,0.004626,0,0.00054,0,1e-06,2e-06,8.3e-05,1e-06,1.1e-05,0.000666,0.000937,3e-06,0.000162,3.7e-05,1.4e-05,1e-06,3e-06,1e-06,0,0,1e-05,2e-06,0,0.000927,1e-05,2e-06,0.000299,1e-06,3.4e-05,0.000252,9e-05,1e-06,0,0.000336,2e-06,1.6e-05,2.9e-05,3e-06,0.000225,6e-06,1e-05,0.002088,6e-06,0,1e-06,0,2e-06,2e-06,1e-06,3e-06,1.2e-05,1e-06,0.000404,1e-05,2.2e-05,0.000158,4e-06,1.7e-05,0,0,0,1e-06,7e-06,1e-06,0.00058,1.4e-05,2e-06,1e-06,1e-06,0.000145,0.000687,2e-06,1e-06,6e-06,6.7e-05,5e-06,0.000368,0.000209,0.000157,2.1e-05,0.00029,2.3e-05,0.00012,0.001276,0.000134,0.000173,5e-06,1.5e-05,4.9e-05,6.9e-05,3.3e-05,0.001799,0.000441,2.8e-05,1e-06,3e-06,3.2e-05,0.000408,2e-06,2.9e-05,1e-06,1.7e-05,1e-06,6.4e-05,1.1e-05,6.5e-05,8.4e-05,5e-05,7.4e-05,1e-06,6e-05,5e-06,0.000808,0.000325,0.00013,3.8e-05,3e-06,1e-06,1e-05,1e-06,0,1e-06,0,1.1e-05,0.00052,0.000104,0.000341,1e-06,5e-05,4e-06,0,1e-06,2e-06,2e-06,3.2e-05,1.4e-05,1e-06,0.000204,2e-06,0,1e-06,0.000426,1e-05,1e-06,1.4e-05,1e-06,9.5e-05,1.7e-05,1e-06,0.000172,1e-06,0,1e-06,0,0,2e-06,2e-06
"kilimanjaro/rombo/ngoyoni",0,0,0,0,0,0,0,0,0,0,0,0,0,0,0,0,0,0,0,0,0,0,0,0,0,0,0,0,0,0,0,0,0,0,0,0,0,0,0,0,0,0,0,0,0,0,0,0,0,0,0,0,0,0,0,0,0,0,0,0,0,0,0,0,0,0,0,0,0,0,0,0,0,0,0,0,0,0,0,0,0,0,0,0,0,0,0,0,0,0,0,0,0,0,0,0,0,0,0,0,0,0,0,0,0,0,0,0,0,0,0,0,0,0,0,0,0,0,0,0,0,0,0,0,0,0,0,0,0,0,0,0,0,0,0,0,0,0,0,0,0,0,0,0,0,0,0,0,0,0,0,0,0,0,0,0,0,0,0,0,0,0,0,0,0,0,0,0,0,0,0,0,0,0,0,0,0,0,0,0,0,0,0,0,0,0,0,0,0,0,0,0,0,0,0,0,0,0,0,0,0,0,0,0,0,0,0,0,0,0,0,0,0,0,0,0,0,0,0,0,0,0,0,0,0,0,0,0,0,0,0,0,0,0,0,0,0,0,0,0,0,0,0,0,0,0,0,0,0,0,0,0,0,0,0,0,0,0,0,0,0,0,0,0,0,0,0,0,0,0,0,0,0,0,0,0,0,0,0,0,0,0,0,0,0,0,0,0,0,0,0,0,0,0,0,0,0,0,0,0,0,0,0,0,0,0,0,0,0,0,0,0,0,0,0,0,0,0,0,0,0,0,0,0,0,0,0,0,0,0,0,0,0,0,0,0,0,0,0,0,0,0,0,0,0,0,0,0,0,0,0,0,0,0,0,0,0,0,0,0,0,0,0,0,0,0,0,0,0,0,0,0,0,0,0,0,0,0,0,0,0,0,0,0,0,0,0,0,0,0,0,0,0,0,0,0,0,0
"kilimanjaro/mwanga/ngujini",0,0,0,0,0,0,0,0,0,0,0,0,0,0,0,0,0,0,0,0,0,0,0,0,0,0,0,0,0,0,0,0,0,0,0,0,0,0,0,0,0,0,0,0,0,0,0,0,0,0,0,0,0,0,0,0,0,0,0,0,0,0,0,0,0,0,0,0,0,0,0,0,0,0,0,0,0,0,0,0,0,0,0,0,0,0,0,0,0,0,0,0,0,0,0,0,0,0,0,0,0,0,0,0,0,0,0,0,0,0,0,0,0,0,0,0,0,0,0,0,0,0,0,0,0,0,0,0,0,0,0,0,0,0,0,0,0,0,0,0,0,0,0,0,0,0,0,0,0,0,0,0,0,0,0,0,0,0,0,0,0,0,0,0,0,0,0,0,0,0,0,0,0,0,0,0,0,0,0,0,0,0,0,0,0,0,0,0,0,0,0,0,0,0,0,0,0,0,0,0,0,0,0,0,0,0,0,0,0,0,0,0,0,0,0,0,0,0,0,0,0,0,0,0,0,0,0,0,0,0,0,0,0,0,0,0,0,0,0,0,0,0,0,0,0,0,0,0,0,0,0,0,0,0,0,0,0,0,0,0,0,0,0,0,0,0,0,0,0,0,0,0,0,0,0,0,0,0,0,0,0,0,0,0,0,0,0,0,0,0,0,0,0,0,0,0,0,0,0,0,0,0,0,0,0,0,0,0,0,0,0,0,0,0,0,0,0,0,0,0,0,0,0,0,0,0,0,0,0,0,0,0,0,0,0,0,0,0,0,0,0,0,0,0,0,0,0,0,0,0,0,0,0,0,0,0,0,0,0,0,0,0,0,0,0,0,0,0,0,0,0,0,0,0,0,0,0,0,0,0,0,0,0,0,0,0,0,0,0,0,0,0,0,0,0,0,0,0
"kilimanjaro/moshimunicipal/njoro",0,0,0,0,0,0,0,0,0,0,0,0,0,0,0,0,0,0,0,0,0,0,0,0,0,0,0,0,0,0,0,0,0,0,0,0,0,0,0,0,0,0,0,0,0,0,0,0,0,0,0,0,0,0,0,0,0,0,0,0,0,0,0,0,0,0,0,0,0,0,0,0,0,0,0,0,0,0,0,0,0,0,0,0,0,0,0,0,0,0,0,0,0,0,0,0,0,0,0,0,0,0,0,0,0,0,0,0,0,0,0,0,0,0,0,0,0,0,0,0,0,0,0,0,0,0,0,0,0,0,0,0,0,0,0,0,0,0,0,0,0,0,0,0,0,0,0,0,0,0,0,0,0,0,0,0,0,0,0,0,0,0,0,0,0,0,0,0,0,0,0,0,0,0,0,0,0,0,0,0,0,0,0,0,0,0,0,0,0,0,0,0,0,0,0,0,0,0,0,0,0,0,0,0,0,0,0,0,0,0,0,0,0,0,0,0,0,0,0,0,0,0,0,0,0,0,0,0,0,0,0,0,0,0,0,0,0,0,0,0,0,0,0,0,0,0,0,0,0,0,0,0,0,0,0,0,0,0,0,0,0,0,0,0,0,0,0,0,0,0,0,0,0,0,0,0,0,0,0,0,0,0,0,0,0,0,0,0,0,0,0,0,0,0,0,0,0,0,0,0,0,0,0,0,0,0,0,0,0,0,0,0,0,0,0,0,0,0,0,0,0,0,0,0,0,0,0,0,0,0,0,0,0,0,0,0,0,0,0,0,0,0,0,0,0,0,0,0,0,0,0,0,0,0,0,0,0,0,0,0,0,0,0,0,0,0,0,0,0,0,0,0,0,0,0,0,0,0,0,0,0,0,0,0,0,0,0,0,0,0,0,0,0,0,0,0,0,0
"kilimanjaro/same/njoro",2e-06,0,1e-06,1e-06,0,7.8e-05,0,0,0,4e-06,0,0,1e-06,1.9e-05,1e-06,0,0,0,0,0,2e-06,2e-06,0,1e-06,4e-06,0,0,0,0,4e-06,1.4e-05,0,3e-06,7e-06,0,0,2e-06,1e-06,0,1e-06,0,0,5e-06,0,1e-06,0,0,0.000364,2.3e-05,0,0,0,0,0,1e-06,0,1e-06,0,4.7e-05,1.1e-05,2e-06,2e-06,5e-06,0,0,1.2e-05,3e-06,0,0,4e-06,0,0,1e-06,0,0,2e-06,0,0,0,0,0,0,0,0,0,0,0.000207,0,0,0.000294,0,0,0.000546,9e-06,0,1e-06,8e-06,2e-06,0.000313,8.1e-05,0,0,6.8e-05,2e-06,5e-06,6.1e-05,0,2.7e-05,3e-06,3e-06,6e-06,7.2e-05,0,0,1e-06,1e-06,7.2e-05,0,0.000177,1e-05,4e-06,0.000202,6e-06,3.2e-05,4e-06,2.7e-05,6e-06,0.000141,1.1e-05,1e-06,1e-06,3.8e-05,0.000202,6e-06,5e-06,1e-05,0,2.2e-05,4.3e-05,3.7e-05,9e-06,2e-06,3e-06,3e-06,2e-06,0.000527,0,0.000106,6.6e-05,2.7e-05,1e-06,1.2e-05,1e-06,3.8e-05,0.000236,6.2e-05,2e-06,0,3e-06,0.002424,3.8e-05,2.8e-05,0,4.8e-05,0,0,6.4e-05,3e-06,1.9e-05,7.1e-05,2e-06,7e-06,0.000267,0.000105,2e-06,4e-06,1.6e-05,0,4.3e-05,6e-06,1e-06,0,0.000204,1.2e-05,0.000174,0.007575,0,1e-06,0.000103,2.7e-05,1.3e-05,0,0,0,2e-06,0,2e-06,0,5.8e-05,0,5.5e-05,2e-06,0.000167,0,8.1e-05,2e-06,0.000989,5e-06,2e-06,1e-06,1e-06,0,0.000246,1e-06,0,3.7e-05,0,0.000641,7e-06,5.2e-05,0,0,0,1e-06,0.000107,2e-06,0.000132,2e-06,0,0,0,0,1.6e-05,2.9e-05,1e-06,0,1e-06,9e-06,1e-06,1e-06,1.1e-05,0.000232,0,0.042897,7e-06,1e-06,3e-06,1.8e-05,0,1e-06,8.9e-05,3.5e-05,0,2.8e-05,1.8e-05,9e-05,1e-06,2.8e-05,1e-06,7e-06,4e-06,3e-05,0,3e-06,3e-06,0,0,2e-05,0,1e-06,1.8e-05,0.000727,4e-06,9e-06,0.000677,3e-06,8.1e-05,3.5e-05,0,0,9e-06,0,0.000175,0,0,0,0,2e-06,0,0,1e-06,3e-06,6e-06,0.00011,1.4e-05,7e-06,2.8e-05,0,0.000164,1e-06,1e-06,3e-06,1e-06,0,0,7e-06,2e-06,0,0,1e-06,1.6e-05,1e-06,0,1e-06,8e-06,0,0,4.3e-05,0.000204,2.6e-05,4e-06,2.5e-05,1.2e-05,2.7e-05,0.000139,2e-06,2e-06,1e-06,0,5e-06,1e-05,3e-06,0.000129,8e-06,5e-05,0,5e-06,0,9.1e-05,0,0,1e-06,0,0,0.001126,2.1e-05,1e-06,1e-05,0.008116,1e-06,0,2.2e-05,1e-06,0.000114,3e-06,5e-06,3e-05,3.3e-05,2e-06,1.2e-05,0,0,0,0,0,8e-05,1.4e-05,4.3e-05,0,1e-05,5e-06,7e-06,4e-06,0,1e-06,5e-06,3e-06,0,2.9e-05,0,5e-06,0,0.000367,0,0,2e-06,1e-06,1e-04,1.9e-05,1e-06,4.6e-05,1e-06,7e-06,8e-06,8e-06,1e-06,0,0
"manyara/kiteto/njoro",0,0,0,0,0,0,0,0,0,0,0,0,0,0,0,0,0,0,0,0,0,0,0,0,0,0,0,0,0,0,0,0,0,0,0,0,0,0,0,0,0,0,0,0,0,0,0,0,0,0,0,0,0,0,0,0,0,0,0,0,0,0,0,0,0,0,0,0,0,0,0,0,0,0,0,0,0,0,0,0,0,0,0,0,0,0,0,0,0,0,0,0,0,0,0,0,0,0,0,0,0,0,0,0,0,0,0,0,0,0,0,0,0,0,0,0,0,0,0,0,0,0,0,0,0,0,0,0,0,0,0,0,0,0,0,0,0,0,0,0,0,0,0,0,0,0,0,0,0,0,0,0,0,0,0,0,0,0,0,0,0,0,0,0,0,0,0,0,0,0,0,0,0,0,0,0,0,0,0,0,0,0,0,0,0,0,0,0,0,0,0,0,0,0,0,0,0,0,0,0,0,0,0,0,0,0,0,0,0,0,0,0,0,0,0,0,0,0,0,0,0,0,0,0,0,0,0,0,0,0,0,0,0,0,0,0,0,0,0,0,0,0,0,0,0,0,0,0,0,0,0,0,0,0,0,0,0,0,0,0,0,0,0,0,0,0,0,0,0,0,0,0,0,0,0,0,0,0,0,0,0,0,0,0,0,0,0,0,0,0,0,0,0,0,0,0,0,0,0,0,0,0,0,0,0,0,0,0,0,0,0,0,0,0,0,0,0,0,0,0,0,0,0,0,0,0,0,0,0,0,0,0,0,0,0,0,0,0,0,0,0,0,0,0,0,0,0,0,0,0,0,0,0,0,0,0,0,0,0,0,0,0,0,0,0,0,0,0,0,0,0,0,0,0,0,0,0,0,0,0,0,0,0,0,0,0,0,0,0,0,0,0,0,0,0,0,0,0
"manyara/babati/nkaiti",2.1e-05,8e-06,1e-06,2.9e-05,4e-06,5.4e-05,3e-06,5e-06,2e-06,0.000994,1.4e-05,1e-06,1.6e-05,0.000252,7e-05,1.2e-05,4e-06,1.4e-05,1e-06,5e-06,1e-06,1.1e-05,2e-06,1e-06,1e-06,0,5e-06,1.6e-05,0,1e-06,8.3e-05,1e-06,0,1e-06,2.9e-05,5e-06,2.6e-05,0.000147,3e-05,2.5e-05,2e-06,1e-06,4.3e-05,0.000106,8e-06,3e-06,1.2e-05,0.00658,0.001625,1.6e-05,7e-06,5e-06,1.6e-05,2e-06,7.6e-05,1e-06,2e-06,1e-05,3.6e-05,0.001098,3.9e-05,0.000218,8.6e-05,3e-06,0,0.000179,0.000121,1e-06,0.000276,0.000694,6e-06,0,3e-06,0.000179,4e-06,7.7e-05,1.1e-05,1e-06,1e-06,1e-06,1e-06,9e-06,2e-06,1e-06,3e-06,4e-06,0.000464,1e-06,4.1e-05,0.00013,1e-06,1e-06,0.000309,0.000118,6e-06,0.000392,2.7e-05,0,0.000164,3.8e-05,7e-06,2e-06,2.4e-05,4e-05,5e-06,0.000207,9e-06,3.6e-05,1.9e-05,0.001205,1.9e-05,9.6e-05,3e-05,1e-06,1e-06,1e-06,0.000176,1e-06,0.000192,1.8e-05,1e-05,0.00034,1e-06,4e-06,0,1e-05,3.6e-05,0.000983,7.7e-05,1e-06,1e-06,3.6e-05,7.1e-05,8e-06,0,0.000141,8e-06,2.2e-05,0.000477,6e-05,3.6e-05,1e-06,5.2e-05,5e-06,2e-06,5.2e-05,1.1e-05,8e-05,6.6e-05,2.1e-05,1e-06,1e-06,2e-06,1e-06,4e-05,0.002146,4e-06,1.2e-05,5e-06,0.002897,1e-05,0.000506,0,2e-06,1e-06,1e-06,1.5e-05,1.9e-05,0.000296,6e-06,1.2e-05,0.001396,0.004441,2.5e-05,7e-06,0.000116,0.003959,1e-06,5.8e-05,2e-05,0,5e-06,7.4e-05,1e-05,0.000387,0.007538,1e-06,1e-06,0.000198,6.1e-05,1.6e-05,3.4e-05,0.000468,3e-06,0.002004,2e-06,1e-06,7e-06,6.7e-05,6e-06,0.000346,2.2e-05,4.2e-05,1e-06,8.3e-05,1e-05,0.000534,0.002363,8.1e-05,1e-06,1e-06,2.5e-05,0.000165,0,2e-06,1e-05,6e-06,0.000723,7e-06,4.4e-05,3e-06,2e-06,2e-06,2e-06,0.000257,6e-06,0.000341,3e-06,2e-05,1e-06,1e-06,5e-06,0.000288,0.000729,6e-06,0,1e-06,6.7e-05,0.00024,1e-06,3.4e-05,0.013823,1e-06,0.00118,0,1e-06,4e-06,0.000194,1e-06,3.7e-05,0.001411,0.001831,6e-06,0.000369,4.5e-05,2e-05,1e-06,5e-06,1e-06,1e-06,0,2.5e-05,3.6e-05,1e-06,0.001525,6e-06,7e-06,0.000635,4e-06,0.001176,0.000463,0.000141,1e-06,1e-06,0.000462,2e-06,2.3e-05,0.000112,1.4e-05,3.6e-05,1.2e-05,2e-06,0.001768,2e-05,1e-06,8e-06,1e-06,3e-06,4e-06,1e-06,6e-06,1.5e-05,2e-06,0.000965,1.4e-05,3e-05,0.000353,8e-06,3.2e-05,0.000119,0,0,1e-06,1.1e-05,1e-06,0,2.9e-05,3e-06,2e-06,1e-06,0.000491,5e-05,4e-06,1e-06,9e-06,4e-06,2e-06,0.000773,0.000264,0.000681,7.8e-05,0.000505,3.8e-05,0.000136,0.003587,5.5e-05,7.2e-05,1.1e-05,5e-06,0.000104,0.000141,6.7e-05,0.002422,0.000155,8.3e-05,1e-06,5e-06,1e-05,0.000825,1.3e-05,6e-06,1e-06,8e-06,5e-06,0.000107,1.6e-05,1.8e-05,0.000149,7.8e-05,2.2e-05,4e-06,9.1e-05,1.1e-05,0.001751,0.000516,0.000364,0.000141,4e-06,2e-06,1.5e-05,5e-06,1e-06,4e-06,1e-06,4e-06,0.001074,0.000347,0.000782,2e-06,9e-05,6e-06,0,1e-06,3e-06,2e-06,8.4e-05,9.3e-05,3e-06,0.00032,3e-06,0,3e-06,0.000529,1.8e-05,4e-06,3.2e-05,1e-06,0.00014,2.5e-05,1e-06,0.000354,1e-06,1e-06,1e-06,0,0,4e-06,2e-06
"arusha/meru/nkoanrua",0,0,0,0,0,0,0,0,0,0,0,0,0,0,0,0,0,0,0,0,0,0,0,0,0,0,0,0,0,0,0,0,0,0,0,0,0,0,0,0,0,0,0,0,0,0,0,0,0,0,0,0,0,0,0,0,0,0,0,0,0,0,0,0,0,0,0,0,0,0,0,0,0,0,0,0,0,0,0,0,0,0,0,0,0,0,0,0,0,0,0,0,0,0,0,0,0,0,0,0,0,0,0,0,0,0,0,0,0,0,0,0,0,0,0,0,0,0,0,0,0,0,0,0,0,0,0,0,0,0,0,0,0,0,0,0,0,0,0,0,0,0,0,0,0,0,0,0,0,0,0,0,0,0,0,0,0,0,0,0,0,0,0,0,0,0,0,0,0,0,0,0,0,0,0,0,0,0,0,0,0,0,0,0,0,0,0,0,0,0,0,0,0,0,0,0,0,0,0,0,0,0,0,0,0,0,0,0,0,0,0,0,0,0,0,0,0,0,0,0,0,0,0,0,0,0,0,0,0,0,0,0,0,0,0,0,0,0,0,0,0,0,0,0,0,0,0,0,0,0,0,0,0,0,0,0,0,0,0,0,0,0,0,0,0,0,0,0,0,0,0,0,0,0,0,0,0,0,0,0,0,0,0,0,0,0,0,0,0,0,0,0,0,0,0,0,0,0,0,0,0,0,0,0,0,0,0,0,0,0,0,0,0,0,0,0,0,0,0,0,0,0,0,0,0,0,0,0,0,0,0,0,0,0,0,0,0,0,0,0,0,0,0,0,0,0,0,0,0,0,0,0,0,0,0,0,0,0,0,0,0,0,0,0,0,0,0,0,0,0,0,0,0,0,0,0,0,0,0,0,0,0,0,0,0,0,0,0,0,0,0,0,0,0,0,0,0,0
"arusha/meru/nkoaranga",0,0,0,0,0,0,0,0,0,0,0,0,0,0,0,0,0,0,0,0,0,0,0,0,0,0,0,0,0,0,0,0,0,0,0,0,0,0,0,0,0,0,0,0,0,0,0,0,0,0,0,0,0,0,0,0,0,0,0,0,0,0,0,0,0,0,0,0,0,0,0,0,0,0,0,0,0,0,0,0,0,0,0,0,0,0,0,0,0,0,0,0,0,0,0,0,0,0,0,0,0,0,0,0,0,0,0,0,0,0,0,0,0,0,0,0,0,0,0,0,0,0,0,0,0,0,0,0,0,0,0,0,0,0,0,0,0,0,0,0,0,0,0,0,0,0,0,0,0,0,0,0,0,0,0,0,0,0,0,0,0,0,0,0,0,0,0,0,0,0,0,0,0,0,0,0,0,0,0,0,0,0,0,0,0,0,0,0,0,0,0,0,0,0,0,0,0,0,0,0,0,0,0,0,0,0,0,0,0,0,0,0,0,0,0,0,0,0,0,0,0,0,0,0,0,0,0,0,0,0,0,0,0,0,0,0,0,0,0,0,0,0,0,0,0,0,0,0,0,0,0,0,0,0,0,0,0,0,0,0,0,0,0,0,0,0,0,0,0,0,0,0,0,0,0,0,0,0,0,0,0,0,0,0,0,0,0,0,0,0,0,0,0,0,0,0,0,0,0,0,0,0,0,0,0,0,0,0,0,0,0,0,0,0,0,0,0,0,0,0,0,0,0,0,0,0,0,0,0,0,0,0,0,0,0,0,0,0,0,0,0,0,0,0,0,0,0,0,0,0,0,0,0,0,0,0,0,0,0,0,0,0,0,0,0,0,0,0,0,0,0,0,0,0,0,0,0,0,0,0,0,0,0,0,0,0,0,0,0,0,0,0,0,0,0,0,0,0
"arusha/meru/nkoarisambu",0,0,0,0,0,0,0,0,0,0,0,0,0,0,0,0,0,0,0,0,0,0,0,0,0,0,0,0,0,0,0,0,0,0,0,0,0,0,0,0,0,0,0,0,0,0,0,0,0,0,0,0,0,0,0,0,0,0,0,0,0,0,0,0,0,0,0,0,0,0,0,0,0,0,0,0,0,0,0,0,0,0,0,0,0,0,0,0,0,0,0,0,0,0,0,0,0,0,0,0,0,0,0,0,0,0,0,0,0,0,0,0,0,0,0,0,0,0,0,0,0,0,0,0,0,0,0,0,0,0,0,0,0,0,0,0,0,0,0,0,0,0,0,0,0,0,0,0,0,0,0,0,0,0,0,0,0,0,0,0,0,0,0,0,0,0,0,0,0,0,0,0,0,0,0,0,0,0,0,0,0,0,0,0,0,0,0,0,0,0,0,0,0,0,0,0,0,0,0,0,0,0,0,0,0,0,0,0,0,0,0,0,0,0,0,0,0,0,0,0,0,0,0,0,0,0,0,0,0,0,0,0,0,0,0,0,0,0,0,0,0,0,0,0,0,0,0,0,0,0,0,0,0,0,0,0,0,0,0,0,0,0,0,0,0,0,0,0,0,0,0,0,0,0,0,0,0,0,0,0,0,0,0,0,0,0,0,0,0,0,0,0,0,0,0,0,0,0,0,0,0,0,0,0,0,0,0,0,0,0,0,0,0,0,0,0,0,0,0,0,0,0,0,0,0,0,0,0,0,0,0,0,0,0,0,0,0,0,0,0,0,0,0,0,0,0,0,0,0,0,0,0,0,0,0,0,0,0,0,0,0,0,0,0,0,0,0,0,0,0,0,0,0,0,0,0,0,0,0,0,0,0,0,0,0,0,0,0,0,0,0,0,0,0,0,0,0,0
"kilimanjaro/moshi/okaoni",0,0,0,0,0,0,0,0,0,0,0,0,0,0,0,0,0,0,0,0,0,0,0,0,0,0,0,0,0,0,0,0,0,0,0,0,0,0,0,0,0,0,0,0,0,0,0,0,0,0,0,0,0,0,0,0,0,0,0,0,0,0,0,0,0,0,0,0,0,0,0,0,0,0,0,0,0,0,0,0,0,0,0,0,0,0,0,0,0,0,0,0,0,0,0,0,0,0,0,0,0,0,0,0,0,0,0,0,0,0,0,0,0,0,0,0,0,0,0,0,0,0,0,0,0,0,0,0,0,0,0,0,0,0,0,0,0,0,0,0,0,0,0,0,0,0,0,0,0,0,0,0,0,0,0,0,0,0,0,0,0,0,0,0,0,0,0,0,0,0,0,0,0,0,0,0,0,0,0,0,0,0,0,0,0,0,0,0,0,0,0,0,0,0,0,0,0,0,0,0,0,0,0,0,0,0,0,0,0,0,0,0,0,0,0,0,0,0,0,0,0,0,0,0,0,0,0,0,0,0,0,0,0,0,0,0,0,0,0,0,0,0,0,0,0,0,0,0,0,0,0,0,0,0,0,0,0,0,0,0,0,0,0,0,0,0,0,0,0,0,0,0,0,0,0,0,0,0,0,0,0,0,0,0,0,0,0,0,0,0,0,0,0,0,0,0,0,0,0,0,0,0,0,0,0,0,0,0,0,0,0,0,0,0,0,0,0,0,0,0,0,0,0,0,0,0,0,0,0,0,0,0,0,0,0,0,0,0,0,0,0,0,0,0,0,0,0,0,0,0,0,0,0,0,0,0,0,0,0,0,0,0,0,0,0,0,0,0,0,0,0,0,0,0,0,0,0,0,0,0,0,0,0,0,0,0,0,0,0,0,0,0,0,0,0,0,0,0
"arusha/arushaurban/olasiti",2.2e-05,0,0,1e-06,0,7e-06,0,0,0,3e-06,0,0,2e-05,0.000429,0,0,0,0,0,0,0,3e-06,0,0,0,0,0,0,0,0,3.7e-05,0,0,0,0,0,9.2e-05,0,0,1e-06,0,0,1e-06,0,0,0,1e-06,0.033694,2.6e-05,0,0,0,0,0,0,0,1e-06,0,2e-06,1e-05,3e-06,7e-06,1.7e-05,0,0,0.000362,4.5e-05,0,1e-06,3e-06,0,0,1e-06,0,0,4e-06,0,0,0,0,0,0,0,0,0,0,0.000103,0,0,5e-06,0,0,3e-05,0.000118,0,1e-06,6e-06,0,2e-05,4e-06,0,0,1e-06,0.000128,1e-06,2.6e-05,0,6e-06,7e-06,6e-06,4e-06,1.1e-05,0,3e-06,0,0,4.2e-05,0,2.8e-05,3e-06,2e-06,5.2e-05,0,0,0,0,1e-06,0.000394,4e-05,0,0,4e-06,7e-06,1e-06,0,0.000302,1.6e-05,3e-06,5.1e-05,1e-05,1.2e-05,0,0.000188,1e-06,0,4e-06,0,1e-05,8e-06,3e-06,0,0,0,0,2e-06,0.002621,0,1e-06,0,0.000447,1e-06,2.5e-05,0,0,0,0,1e-06,8e-06,0.000844,0,0,4.9e-05,0.016474,1e-06,1e-06,2e-06,4.7e-05,0,9e-06,1e-06,0,0,3e-06,1e-06,7e-05,0.001349,0,0,3.6e-05,1.2e-05,3e-06,0,0,0,3e-06,0,0,0,1e-05,0,0.000175,0,2e-06,0,9e-06,3e-06,5.7e-05,2.4e-05,2e-06,0,0,0,1.6e-05,0,0,0,0,7e-05,1e-06,5e-06,0,1e-06,0,0,5.6e-05,1e-06,6.7e-05,1e-06,0,0,0,0,1.5e-05,0.002684,0,0,0,2.3e-05,3e-06,0,8e-06,0.000921,0,8.3e-05,0,0,1e-06,0.000203,0,1.8e-05,0.00378,0.000359,2e-06,0.000626,6e-06,1e-06,0,0,0,0,0,3e-06,0,0,8e-06,1e-06,0,0.000629,0,1e-06,0.000383,1.3e-05,0,0,4.9e-05,0,1e-06,6e-06,0,0,2e-06,0,0.000177,0,0,0,0,0,0,0,0,3e-06,0,0.000612,2e-06,6e-06,0.000159,3.2e-05,3e-06,1e-06,0,0,0,1e-06,0,1.4e-05,3.7e-05,2e-06,2e-06,0,0,1e-06,0,0,1e-06,0,0,0.000332,2.9e-05,0.000364,1.3e-05,0.000416,1e-05,2e-05,0.007097,1e-06,2e-06,2.6e-05,0,0.00038,0.000266,0.000128,0.000339,4e-06,3e-06,0,1e-06,0,0.000678,0,0,0,0,0,6e-06,1e-06,0,0.000139,5e-06,1e-06,0,2.4e-05,1e-05,0.004777,1.2e-05,4.4e-05,1.9e-05,0,0,2e-06,0,0,0,0,0,0.001814,0.00144,0.005477,0,6e-05,1e-06,0,0,0,0,0.000122,5e-06,7e-06,5.4e-05,0,0,0,5.7e-05,0,0,0.000137,0,2.2e-05,3e-06,0,0.000232,0,0,0,0,0,0,0
"arusha/ngorongoro/olbalbal",3e-06,4.3e-05,0,0.000163,0,1e-05,0,0,0,3.4e-05,1e-06,0,2e-06,3.4e-05,2.8e-05,1e-06,1e-06,1e-06,0,1e-06,0,2e-06,0,0,0,0,0,1e-06,0,0,9e-06,0,0,0,1.8e-05,0,3e-06,1e-05,2e-06,5e-05,0,0,1e-05,1.1e-05,1e-06,0,5e-06,0.000857,5.5e-05,3e-06,0,6e-06,2e-06,0,6e-06,0,0,0,6e-06,0.006398,2.4e-05,0.000167,2.7e-05,1e-06,0,2.1e-05,1.6e-05,0,1.3e-05,2.2e-05,4e-06,0,1e-06,7e-06,1e-06,8.1e-05,1.4e-05,0,0,0,0,1e-06,0,0,0,0,8.8e-05,0,9e-06,2.9e-05,0,0,7.7e-05,1.9e-05,4e-06,2.8e-05,6e-06,0,3.4e-05,9e-06,0,3e-06,6e-06,5e-06,1e-06,6.5e-05,1e-06,8e-06,4e-06,0.000376,4e-06,2.6e-05,3e-06,0,0,0,3e-05,0,4.3e-05,4e-06,2e-06,8.2e-05,0,1e-06,0,2e-06,7e-06,0.000161,1e-05,0,0,8e-06,1.6e-05,2e-06,0,1.9e-05,1e-06,5e-06,0.000218,1.3e-05,6e-06,0,7e-06,1e-06,1e-06,1.2e-05,0,1.8e-05,1.6e-05,5e-06,0,0,0,0,1e-05,0.000242,1e-06,6e-06,1e-06,0.000624,2e-06,3.4e-05,0,1e-06,0,0,3e-06,4e-06,3.6e-05,1e-06,3e-06,0.000131,0.000584,4e-06,2e-06,7e-06,9.4e-05,1e-06,1.3e-05,4e-06,0,1.7e-05,1.6e-05,2e-06,8.9e-05,0.001548,0,0,4.3e-05,1.3e-05,3e-06,2e-06,9e-06,0,2.5e-05,0,0,0,1.5e-05,1e-06,5.6e-05,2e-06,9e-06,0,2.2e-05,2e-06,0.000127,9.4e-05,0.000783,0,0,0,4.3e-05,0,1e-06,2e-06,0,0.000203,2e-06,1.1e-05,0,0,0,0,5.2e-05,1e-06,7.8e-05,1e-06,4e-06,0,0,1e-06,0.000274,7.5e-05,1e-06,0,0,8e-06,0.000111,0,5e-06,0.000702,0,0.000252,0,0,1e-06,2.4e-05,0,3e-06,0.000193,0.000396,1e-06,4.7e-05,1.3e-05,5e-06,0,1e-06,0,0,0,4e-06,0,0,0.000194,4e-06,0,8.3e-05,0,6e-06,7.3e-05,3e-05,0,0,0.000114,1e-06,5e-06,1.2e-05,0,5.3e-05,2e-06,5e-06,0.000826,1e-06,0,0,0,1e-06,0,0,1e-06,4e-06,0,0.000117,3e-06,7e-06,7.1e-05,1e-06,5e-06,4e-04,0,0,0,2e-06,0,0.000141,4e-06,1e-06,0,0,5.7e-05,0,1e-06,0,2e-06,3e-06,4e-06,0.000167,7.2e-05,6e-05,6e-06,8.7e-05,7e-06,4.3e-05,0.000528,0.000144,0.000184,1e-06,1e-05,1.4e-05,2e-05,1e-05,0.000942,0.000296,1.2e-05,0,1e-06,2e-05,0.000122,1e-06,2e-06,0,2e-06,0,2.1e-05,3e-06,4.9e-05,2.5e-05,1.7e-05,5.3e-05,0,2e-05,2e-06,0.000234,0.000108,3.2e-05,1.6e-05,1e-06,0,3e-06,0,0,0,0,8e-06,0.000153,4.2e-05,9.7e-05,0,1.5e-05,1e-06,0,0,1e-06,1e-06,9e-06,5e-06,0,0.000103,0,0,0,0.000149,2e-06,0,4e-06,0,3.2e-05,6e-06,0,5.2e-05,0,0,0,0,0,0,0
"manyara/kiteto/olboroti",0,0,0,0,0,0,0,0,0,0,0,0,0,0,0,0,0,0,0,0,0,0,0,0,0,0,0,0,0,0,0,0,0,0,0,0,0,0,0,0,0,0,0,0,0,0,0,0,0,0,0,0,0,0,0,0,0,0,0,0,0,0,0,0,0,0,0,0,0,0,0,0,0,0,0,0,0,0,0,0,0,0,0,0,0,0,0,0,0,0,0,0,0,0,0,0,0,0,0,0,0,0,0,0,0,0,0,0,0,0,0,0,0,0,0,0,0,0,0,0,0,0,0,0,0,0,0,0,0,0,0,0,0,0,0,0,0,0,0,0,0,0,0,0,0,0,0,0,0,0,0,0,0,0,0,0,0,0,0,0,0,0,0,0,0,0,0,0,0,0,0,0,0,0,0,0,0,0,0,0,0,0,0,0,0,0,0,0,0,0,0,0,0,0,0,0,0,0,0,0,0,0,0,0,0,0,0,0,0,0,0,0,0,0,0,0,0,0,0,0,0,0,0,0,0,0,0,0,0,0,0,0,0,0,0,0,0,0,0,0,0,0,0,0,0,0,0,0,0,0,0,0,0,0,0,0,0,0,0,0,0,0,0,0,0,0,0,0,0,0,0,0,0,0,0,0,0,0,0,0,0,0,0,0,0,0,0,0,0,0,0,0,0,0,0,0,0,0,0,0,0,0,0,0,0,0,0,0,0,0,0,0,0,0,0,0,0,0,0,0,0,0,0,0,0,0,0,0,0,0,0,0,0,0,0,0,0,0,0,0,0,0,0,0,0,0,0,0,0,0,0,0,0,0,0,0,0,0,0,0,0,0,0,0,0,0,0,0,0,0,0,0,0,0,0,0,0,0,0,0,0,0,0,0,0,0,0,0,0,0,0,0,0,0,0,0,0,0
"kilimanjaro/moshi/oldmoshimagharibi",0,0,0,0,0,0,0,0,0,0,0,0,0,0,0,0,0,0,0,0,0,0,0,0,0,0,0,0,0,0,0,0,0,0,0,0,0,0,0,0,0,0,0,0,0,0,0,0,0,0,0,0,0,0,0,0,0,0,0,0,0,0,0,0,0,0,0,0,0,0,0,0,0,0,0,0,0,0,0,0,0,0,0,0,0,0,0,0,0,0,0,0,0,0,0,0,0,0,0,0,0,0,0,0,0,0,0,0,0,0,0,0,0,0,0,0,0,0,0,0,0,0,0,0,0,0,0,0,0,0,0,0,0,0,0,0,0,0,0,0,0,0,0,0,0,0,0,0,0,0,0,0,0,0,0,0,0,0,0,0,0,0,0,0,0,0,0,0,0,0,0,0,0,0,0,0,0,0,0,0,0,0,0,0,0,0,0,0,0,0,0,0,0,0,0,0,0,0,0,0,0,0,0,0,0,0,0,0,0,0,0,0,0,0,0,0,0,0,0,0,0,0,0,0,0,0,0,0,0,0,0,0,0,0,0,0,0,0,0,0,0,0,0,0,0,0,0,0,0,0,0,0,0,0,0,0,0,0,0,0,0,0,0,0,0,0,0,0,0,0,0,0,0,0,0,0,0,0,0,0,0,0,0,0,0,0,0,0,0,0,0,0,0,0,0,0,0,0,0,0,0,0,0,0,0,0,0,0,0,0,0,0,0,0,0,0,0,0,0,0,0,0,0,0,0,0,0,0,0,0,0,0,0,0,0,0,0,0,0,0,0,0,0,0,0,0,0,0,0,0,0,0,0,0,0,0,0,0,0,0,0,0,0,0,0,0,0,0,0,0,0,0,0,0,0,0,0,0,0,0,0,0,0,0,0,0,0,0,0,0,0,0,0,0,0,0,0,0
"kilimanjaro/moshi/oldmoshimashariki",0,0,0,0,0,0,0,0,0,0,0,0,0,0,0,0,0,0,0,0,0,0,0,0,0,0,0,0,0,0,0,0,0,0,0,0,0,0,0,0,0,0,0,0,0,0,0,0,0,0,0,0,0,0,0,0,0,0,0,0,0,0,0,0,0,0,0,0,0,0,0,0,0,0,0,0,0,0,0,0,0,0,0,0,0,0,0,0,0,0,0,0,0,0,0,0,0,0,0,0,0,0,0,0,0,0,0,0,0,0,0,0,0,0,0,0,0,0,0,0,0,0,0,0,0,0,0,0,0,0,0,0,0,0,0,0,0,0,0,0,0,0,0,0,0,0,0,0,0,0,0,0,0,0,0,0,0,0,0,0,0,0,0,0,0,0,0,0,0,0,0,0,0,0,0,0,0,0,0,0,0,0,0,0,0,0,0,0,0,0,0,0,0,0,0,0,0,0,0,0,0,0,0,0,0,0,0,0,0,0,0,0,0,0,0,0,0,0,0,0,0,0,0,0,0,0,0,0,0,0,0,0,0,0,0,0,0,0,0,0,0,0,0,0,0,0,0,0,0,0,0,0,0,0,0,0,0,0,0,0,0,0,0,0,0,0,0,0,0,0,0,0,0,0,0,0,0,0,0,0,0,0,0,0,0,0,0,0,0,0,0,0,0,0,0,0,0,0,0,0,0,0,0,0,0,0,0,0,0,0,0,0,0,0,0,0,0,0,0,0,0,0,0,0,0,0,0,0,0,0,0,0,0,0,0,0,0,0,0,0,0,0,0,0,0,0,0,0,0,0,0,0,0,0,0,0,0,0,0,0,0,0,0,0,0,0,0,0,0,0,0,0,0,0,0,0,0,0,0,0,0,0,0,0,0,0,0,0,0,0,0,0,0,0,0,0,0,0
"arusha/karatu/oldean",0,0,0,0,0,0,0,0,0,0,0,0,0,0,0,0,0,0,0,0,0,0,0,0,0,0,0,0,0,0,0,0,0,0,0,0,0,0,0,0,0,0,0,0,0,0,0,0,0,0,0,0,0,0,0,0,0,0,0,0,0,0,0,0,0,0,0,0,0,0,0,0,0,0,0,0,0,0,0,0,0,0,0,0,0,0,0,0,0,0,0,0,0,0,0,0,0,0,0,0,0,0,0,0,0,0,0,0,0,0,0,0,0,0,0,0,0,0,0,0,0,0,0,0,0,0,0,0,0,0,0,0,0,0,0,0,0,0,0,0,0,0,0,0,0,0,0,0,0,0,0,0,0,0,0,0,0,0,0,0,0,0,0,0,0,0,0,0,0,0,0,0,0,0,0,0,0,0,0,0,0,0,0,0,0,0,0,0,0,0,0,0,0,0,0,0,0,0,0,0,0,0,0,0,0,0,0,0,0,0,0,0,0,0,0,0,0,0,0,0,0,0,0,0,0,0,0,0,0,0,0,0,0,0,0,0,0,0,0,0,0,0,0,0,0,0,0,0,0,0,0,0,0,0,0,0,0,0,0,0,0,0,0,0,0,0,0,0,0,0,0,0,0,0,0,0,0,0,0,0,0,0,0,0,0,0,0,0,0,0,0,0,0,0,0,0,0,0,0,0,0,0,0,0,0,0,0,0,0,0,0,0,0,0,0,0,0,0,0,0,0,0,0,0,0,0,0,0,0,0,0,0,0,0,0,0,0,0,0,0,0,0,0,0,0,0,0,0,0,0,0,0,0,0,0,0,0,0,0,0,0,0,0,0,0,0,0,0,0,0,0,0,0,0,0,0,0,0,0,0,0,0,0,0,0,0,0,0,0,0,0,0,0,0,0,0,0,0
"arusha/ngorongoro/oldonyosambu",0,0,0,0,0,0,0,0,0,0,0,0,0,0,0,0,0,0,0,0,0,0,0,0,0,0,0,0,0,0,0,0,0,0,0,0,0,0,0,0,0,0,0,0,0,0,0,0,0,0,0,0,0,0,0,0,0,0,0,0,0,0,0,0,0,0,0,0,0,0,0,0,0,0,0,0,0,0,0,0,0,0,0,0,0,0,0,0,0,0,0,0,0,0,0,0,0,0,0,0,0,0,0,0,0,0,0,0,0,0,0,0,0,0,0,0,0,0,0,0,0,0,0,0,0,0,0,0,0,0,0,0,0,0,0,0,0,0,0,0,0,0,0,0,0,0,0,0,0,0,0,0,0,0,0,0,0,0,0,0,0,0,0,0,0,0,0,0,0,0,0,0,0,0,0,0,0,0,0,0,0,0,0,0,0,0,0,0,0,0,0,0,0,0,0,0,0,0,0,0,0,0,0,0,0,0,0,0,0,0,0,0,0,0,0,0,0,0,0,0,0,0,0,0,0,0,0,0,0,0,0,0,0,0,0,0,0,0,0,0,0,0,0,0,0,0,0,0,0,0,0,0,0,0,0,0,0,0,0,0,0,0,0,0,0,0,0,0,0,0,0,0,0,0,0,0,0,0,0,0,0,0,0,0,0,0,0,0,0,0,0,0,0,0,0,0,0,0,0,0,0,0,0,0,0,0,0,0,0,0,0,0,0,0,0,0,0,0,0,0,0,0,0,0,0,0,0,0,0,0,0,0,0,0,0,0,0,0,0,0,0,0,0,0,0,0,0,0,0,0,0,0,0,0,0,0,0,0,0,0,0,0,0,0,0,0,0,0,0,0,0,0,0,0,0,0,0,0,0,0,0,0,0,0,0,0,0,0,0,0,0,0,0,0,0,0,0,0
"arusha/arusha/oldonyosambu",0.006761,8.8e-05,0.000118,0.000459,5e-06,0.005384,2e-06,3e-06,4e-06,0.001118,1.8e-05,3e-06,0.008106,0.071362,0.00019,1e-05,7e-06,2.6e-05,4e-06,1.6e-05,1.9e-05,0.004991,4e-06,0.000147,1.9e-05,4.7e-05,7e-06,1.1e-05,2e-06,2.7e-05,0.007564,1.2e-05,1.1e-05,3.5e-05,7e-05,1e-05,0.006277,0.000232,2.7e-05,0.000707,5e-06,3e-06,0.000543,0.000176,7.9e-05,4e-06,0.000807,0.706089,0.007215,2.2e-05,7e-06,1.5e-05,2.1e-05,6e-06,0.000166,2e-06,0.000254,1.4e-05,0.000754,0.006221,0.004943,0.005274,0.048448,3.7e-05,0,0.029874,0.010921,4e-06,0.000384,0.001257,1.7e-05,1e-06,0.001268,0.000106,1.4e-05,0.004292,0.000387,2e-06,2e-06,3e-06,1e-06,1.8e-05,4e-06,4e-06,8e-06,5e-06,0.088671,3e-06,0.000137,0.003272,2e-06,4e-06,0.027278,0.107214,0.000292,0.000374,0.009625,2.3e-05,0.015275,0.003521,5e-06,8e-06,0.000637,0.011391,0.000731,0.042028,1e-05,0.005691,0.017009,0.002748,0.00634,0.012627,8.9e-05,0.000257,0.000174,0.000109,0.031335,8e-06,0.026111,0.003475,0.002052,0.058873,5.9e-05,0.000215,2.1e-05,0.000248,0.000484,0.245615,0.013619,0.000152,0.000116,0.003708,0.005752,0.001231,1.4e-05,0.039905,0.003459,0.002899,0.09578,0.010517,0.01182,1.4e-05,0.01531,0.000953,0.000217,0.002927,1.1e-05,0.008913,0.008373,0.002405,0.00012,4.3e-05,0.000156,3.6e-05,0.001338,0.179087,0.000462,0.001284,8.1e-05,0.322001,0.000738,0.007266,7.2e-05,0.000125,3e-06,3e-06,0.00101,0.012921,0.054034,0.000328,0.000164,0.016169,0.612132,0.000713,0.002488,0.000741,0.01173,0.000426,0.009132,0.000293,9e-06,9.6e-05,0.001787,0.001098,0.084604,0.635477,0.000198,0.000325,0.039587,0.014448,0.002303,4.7e-05,0.000172,7e-06,0.001014,2e-05,1e-04,6e-06,0.00947,1.8e-05,0.12299,0.000175,0.001156,0.000222,0.009726,0.004427,0.048204,0.007348,0.001137,0.000151,0.000127,2.6e-05,0.015182,5e-05,5e-06,0.000287,5e-06,0.072177,0.000889,0.005001,6e-06,0.000345,3e-06,0.000446,0.058189,0.001763,0.086275,0.000431,3e-05,2e-06,2e-06,7e-06,0.01833,0.066396,5.4e-05,1.3e-05,0.000211,0.007495,0.001565,8.8e-05,0.003589,0.145744,7.9e-05,0.052828,1.6e-05,0.000146,0.000507,0.035486,4e-06,0.001585,0.342678,0.228874,0.000491,0.076208,0.00857,0.000551,0.00014,0.000344,0.000114,2.1e-05,1.5e-05,0.00199,1.9e-05,1.7e-05,0.003417,0.000762,7e-06,0.085151,4e-06,0.000257,0.130486,0.009538,5.6e-05,2.1e-05,0.044968,0.000258,0.000608,0.002283,8e-06,0.00028,0.000983,3.9e-05,0.272296,1.8e-05,1.3e-05,1e-05,2e-06,0.000392,8e-06,0.000552,6.7e-05,0.00585,4.7e-05,0.127262,0.001932,0.013548,0.499786,0.002007,0.001473,0.000505,3.8e-05,1.6e-05,0.00014,0.000441,1.3e-05,0.005155,0.011169,0.001584,0.001069,0.000259,0.071574,0.000393,3.3e-05,0.000101,0.001267,1.1e-05,7.7e-05,0,0.031923,0.038439,0.00227,0.284444,0.010833,0.042771,0.688395,0.001095,0.001584,0.002871,0.000109,0.029325,0.055921,0.021125,0.523121,0.003876,0.001568,1.6e-05,0.000706,0.000315,0.255183,2.9e-05,1.3e-05,0.000127,2.1e-05,8e-06,0.003244,0.000333,0.000431,0.155539,0.002918,0.000545,3e-06,0.040381,0.004346,0.366482,0.005967,0.009208,0.006712,0.000281,0.000193,0.002215,6e-06,3e-06,6e-06,2e-06,7.8e-05,0.321218,0.059332,0.142734,1.8e-05,0.069325,0.000836,8e-06,2.1e-05,4.1e-05,0.00033,0.008645,0.001143,0.000632,0.146181,4e-06,1.8e-05,5e-06,0.063812,4.1e-05,3e-06,0.007688,0.000195,0.022504,0.003691,0.000126,0.098568,0.000111,2.1e-05,4e-05,9e-06,7e-06,5e-06,4e-06
"kilimanjaro/rombo/olele",0,0,0,0,0,0,0,0,0,0,0,0,0,0,0,0,0,0,0,0,0,0,0,0,0,0,0,0,0,0,0,0,0,0,0,0,0,0,0,0,0,0,0,0,0,0,0,0,0,0,0,0,0,0,0,0,0,0,0,0,0,0,0,0,0,0,0,0,0,0,0,0,0,0,0,0,0,0,0,0,0,0,0,0,0,0,0,0,0,0,0,0,0,0,0,0,0,0,0,0,0,0,0,0,0,0,0,0,0,0,0,0,0,0,0,0,0,0,0,0,0,0,0,0,0,0,0,0,0,0,0,0,0,0,0,0,0,0,0,0,0,0,0,0,0,0,0,0,0,0,0,0,0,0,0,0,0,0,0,0,0,0,0,0,0,0,0,0,0,0,0,0,0,0,0,0,0,0,0,0,0,0,0,0,0,0,0,0,0,0,0,0,0,0,0,0,0,0,0,0,0,0,0,0,0,0,0,0,0,0,0,0,0,0,0,0,0,0,0,0,0,0,0,0,0,0,0,0,0,0,0,0,0,0,0,0,0,0,0,0,0,0,0,0,0,0,0,0,0,0,0,0,0,0,0,0,0,0,0,0,0,0,0,0,0,0,0,0,0,0,0,0,0,0,0,0,0,0,0,0,0,0,0,0,0,0,0,0,0,0,0,0,0,0,0,0,0,0,0,0,0,0,0,0,0,0,0,0,0,0,0,0,0,0,0,0,0,0,0,0,0,0,0,0,0,0,0,0,0,0,0,0,0,0,0,0,0,0,0,0,0,0,0,0,0,0,0,0,0,0,0,0,0,0,0,0,0,0,0,0,0,0,0,0,0,0,0,0,0,0,0,0,0,0,0,0,0,0,0,0,0,0,0,0,0,0,0,0,0,0,0,0,0,0,0,0,0,0
"arusha/arusha/oljoro",0.000123,1e-06,1e-06,5e-06,0,9.4e-05,0,0,0,3.5e-05,1e-06,0,7.2e-05,0.001624,4e-06,0,0,1e-06,0,0,0,2.5e-05,0,2e-06,0,1e-06,0,0,0,1e-06,0.001144,0,0,1e-06,1e-06,0,0.000178,6e-06,1e-06,6e-06,0,0,1.1e-05,4e-06,2e-06,0,5e-06,0.035892,0.000503,0,0,0,0,0,4e-06,0,1.1e-05,1e-06,2.4e-05,9.6e-05,2.1e-05,4.9e-05,8.5e-05,1e-06,0,0.001946,0.000163,0,9e-06,5e-05,0,0,5e-06,3e-06,0,2.7e-05,3e-06,0,0,0,0,0,0,0,0,0,0.001098,0,3e-06,7e-05,0,0,0.000342,0.000391,2e-06,9e-06,5.2e-05,0,0.000247,5.1e-05,0,0,1.2e-05,0.00023,9e-06,0.000217,0,6.4e-05,4.3e-05,5.2e-05,3.5e-05,0.000111,2e-06,6e-06,2e-06,1e-06,0.00049,0,3e-04,2.7e-05,1.6e-05,0.000503,1e-06,4e-06,0,5e-06,1.1e-05,0.00367,0.000518,2e-06,1e-06,4.6e-05,8.8e-05,1.4e-05,0,0.000891,3.2e-05,3.3e-05,0.000339,0.000105,0.000111,0,0.000267,9e-06,2e-06,5.2e-05,0,0.000113,9e-05,2.8e-05,1e-06,1e-06,2e-06,1e-06,2.4e-05,0.006124,4e-06,6e-06,2e-06,0.004884,1.1e-05,0.000599,1e-06,2e-06,0,0,2e-05,5.3e-05,0.002684,7e-06,4e-06,0.000362,0.025772,2.1e-05,1.2e-05,3.5e-05,0.000769,1e-06,9.8e-05,7e-06,0,1e-06,4e-05,1.6e-05,0.00066,0.01449,1e-06,2e-06,0.000359,0.000113,3.1e-05,1e-06,5e-06,0,3.6e-05,0,1e-06,0,0.000108,0,0.001389,6e-06,2.6e-05,6e-06,9.6e-05,2.4e-05,0.000648,0.000225,1.3e-05,2e-06,1e-06,1e-06,0.000177,1e-06,0,5e-06,0,0.000715,9e-06,5.5e-05,0,8e-06,0,3e-06,0.000556,1.1e-05,0.000602,6e-06,1e-06,0,0,0,0.00011,0.006051,1e-06,0,2e-06,0.000432,2.3e-05,1e-06,0.000139,0.011498,1e-06,0.001127,0,2e-06,6e-06,0.001869,0,0.00048,0.007361,0.001574,7e-06,0.003145,5.2e-05,1.1e-05,1e-06,6e-06,1e-06,0,0,4.6e-05,1e-06,0,6.9e-05,3e-06,0,0.001435,0,9e-06,0.000957,0.000175,1e-06,0,0.000546,3e-06,1.2e-05,0.000106,0,4e-06,2.9e-05,0,0.001222,0,0,0,0,3e-06,0,3e-06,2e-06,2e-05,1e-06,0.009659,2.2e-05,4.9e-05,0.000837,4.5e-05,4.1e-05,8e-06,0,0,2e-06,1e-05,0,0.00017,0.000157,1.4e-05,1.1e-05,2e-06,0.003085,5e-06,1e-06,1e-06,1.3e-05,0,1e-06,0.001476,0.000287,0,0.000626,0.001143,9.3e-05,0.000152,0.012906,1.2e-05,1.6e-05,8.1e-05,1e-06,0.000449,0.000675,0.00021,0.002039,3.8e-05,5.2e-05,0,9e-06,3e-06,0.004254,1e-06,0,1e-06,0,0,8.2e-05,7e-06,4e-06,0.000423,6.5e-05,5e-06,0,0.00019,5.5e-05,0.01041,9e-05,0.000278,0.000435,5e-06,2e-06,2.6e-05,0,0,0,0,1e-06,0.005556,0.00305,0.00523,0,0.000318,1e-05,0,0,1e-06,2e-06,0.001997,0.000124,2e-05,0.000356,0,0,0,0.000558,1e-06,0,0.000206,2e-06,0.000227,3.6e-05,1e-06,0.001916,1e-06,0,1e-06,0,0,0,0
"manyara/simanjiro/oljorono",5.7e-05,1e-06,1e-06,4e-06,0,9.6e-05,0,0,0,4.7e-05,1e-06,0,3.4e-05,0.000672,4e-06,0,0,1e-06,0,0,0,1.3e-05,0,2e-06,0,1e-06,0,0,0,1e-06,0.000968,0,0,1e-06,1e-06,0,6.7e-05,5e-06,1e-06,6e-06,0,0,1e-05,4e-06,2e-06,0,4e-06,0.014451,0.000989,0,0,0,0,0,4e-06,0,1e-05,1e-06,3.5e-05,7.1e-05,1.2e-05,2.9e-05,5.8e-05,1e-06,0,0.000626,9.6e-05,0,9e-06,5.4e-05,0,0,3e-06,3e-06,0,1.6e-05,2e-06,0,0,0,0,0,0,0,0,0,0.000915,0,2e-06,6.3e-05,0,0,0.000342,2e-04,2e-06,1.1e-05,4e-05,0,0.000253,5.2e-05,0,0,1.5e-05,9.3e-05,8e-06,0.000181,0,5.8e-05,2.9e-05,3.7e-05,2.8e-05,0.000101,2e-06,2e-06,2e-06,1e-06,0.000409,0,0.000278,2.3e-05,1e-05,0.00044,1e-06,4e-06,0,6e-06,1e-05,0.001729,3e-04,1e-06,1e-06,3.2e-05,9.2e-05,1.3e-05,0,0.00036,1.5e-05,3e-05,0.000265,9.2e-05,7.9e-05,0,0.000111,8e-06,2e-06,5.9e-05,0,0.00011,8.4e-05,2.7e-05,1e-06,1e-06,1e-06,1e-06,2.9e-05,0.002935,3e-06,3e-06,3e-06,0.004487,1.2e-05,0.001097,1e-06,3e-06,0,0,2.3e-05,3.4e-05,0.000911,8e-06,3e-06,0.00021,0.010311,2.9e-05,9e-06,4.3e-05,0.000818,1e-06,8.8e-05,9e-06,0,1e-06,5.1e-05,1.5e-05,0.000549,0.019908,1e-06,2e-06,0.000305,9.3e-05,2.9e-05,2e-06,4e-06,0,3.4e-05,1e-06,1e-06,0,1e-04,0,0.000841,9e-06,2.4e-05,5e-06,9.1e-05,1.7e-05,0.000649,0.000154,1.2e-05,2e-06,1e-06,1e-06,0.000174,1e-06,0,6e-06,0,0.000678,9e-06,5.3e-05,0,5e-06,0,2e-06,0.000454,9e-06,0.000487,6e-06,1e-06,0,0,0,9.4e-05,0.00195,2e-06,0,2e-06,0.000237,1.5e-05,1e-06,0.000132,0.016527,1e-06,0.000947,0,2e-06,5e-06,0.000736,0,0.000169,0.003097,0.000729,4e-06,0.001174,4.5e-05,1.4e-05,1e-06,6e-06,1e-06,1e-06,0,3.6e-05,1e-06,0,4.8e-05,3e-06,0,0.000733,0,1.2e-05,0.00051,0.000193,1e-06,1e-06,0.000535,3e-06,1.5e-05,0.000129,0,4e-06,3.3e-05,0,0.000974,1e-06,0,0,0,3e-06,0,2e-06,3e-06,1.6e-05,1e-06,0.004584,2.1e-05,3.7e-05,0.000362,1.8e-05,5.3e-05,8e-06,0,0,2e-06,1.2e-05,0,0.000145,7.2e-05,8e-06,5e-06,2e-06,0.000794,4e-06,1e-06,1e-06,1.2e-05,0,0,0.000634,0.000265,0.004659,0,0.000612,7.2e-05,0.00012,0.004261,8e-06,1.1e-05,3.1e-05,1e-06,0.000193,0.000299,1e-04,0.001064,3.7e-05,5.6e-05,0,8e-06,2e-06,0.002153,2e-06,0,1e-06,0,0,0.000109,1e-05,4e-06,0.000221,8e-05,5e-06,0,0.000139,2.7e-05,0.00421,5.4e-05,0.000195,0.000485,6e-06,2e-06,2.4e-05,0,0,0,0,1e-06,0.002453,0.000718,0.001923,0,0.000177,9e-06,0,1e-06,1e-06,2e-06,0.000402,0.000279,7e-06,0.000187,0,0,0,0.000513,1e-06,0,7.9e-05,2e-06,0.000203,3.3e-05,1e-06,0.001033,1e-06,1e-06,1e-06,0,0,0,0
"arusha/arusha/olkokola",6.4e-05,1e-06,1e-06,2e-06,0,3.2e-05,0,0,0,1e-05,0,0,9e-05,0.000933,2e-06,0,0,0,0,0,0,1.4e-05,0,1e-06,0,0,0,0,0,0,0.000116,0,0,0,0,0,0.000102,1e-06,0,5e-06,0,0,3e-06,1e-06,0,0,7e-06,0.032135,7.5e-05,0,0,0,0,0,1e-06,0,2e-06,0,6e-06,3.7e-05,1.9e-05,3.4e-05,0.000227,0,0,0.000406,0.000243,0,4e-06,8e-06,0,0,4e-06,1e-06,0,2e-05,3e-06,0,0,0,0,0,0,0,0,0,0.000489,0,1e-06,1.6e-05,0,0,0.000151,0.001251,2e-06,3e-06,3.8e-05,0,8.9e-05,2e-05,0,0,4e-06,2e-04,4e-06,0.000178,0,2.9e-05,5e-05,1.9e-05,2.5e-05,6.2e-05,1e-06,4e-06,1e-06,1e-06,0.000181,0,0.000137,1.6e-05,7e-06,0.000286,0,1e-06,0,2e-06,3e-06,0.001202,0.000111,1e-06,1e-06,1.4e-05,3.3e-05,6e-06,0,0.000574,8.2e-05,1.5e-05,0.000452,5.2e-05,5.9e-05,0,0.000316,5e-06,1e-06,1.8e-05,0,4.8e-05,4.3e-05,1.3e-05,1e-06,0,1e-06,0,9e-06,0.004686,2e-06,6e-06,1e-06,0.002192,4e-06,4.9e-05,0,1e-06,0,0,6e-06,4.9e-05,0.000815,2e-06,1e-06,0.000153,0.0208,5e-06,9e-06,5e-06,9.5e-05,2e-06,4.6e-05,2e-06,0,1e-06,1.3e-05,6e-06,0.000399,0.010129,1e-06,1e-06,0.000192,6.6e-05,1.3e-05,0,1e-06,0,7e-06,0,1e-06,0,4.9e-05,0,0.000782,1e-06,6e-06,1e-06,4.9e-05,1.8e-05,0.000274,6.4e-05,9e-06,1e-06,1e-06,0,8.2e-05,0,0,2e-06,0,0.000384,5e-06,2.6e-05,0,2e-06,0,2e-06,0.000289,7e-06,0.000391,2e-06,0,0,0,0,0.000114,0.001236,0,0,1e-06,4.3e-05,1.1e-05,0,2.6e-05,0.003464,0,0.00025,0,1e-06,3e-06,0.000385,0,2.3e-05,0.008097,0.002854,1.1e-05,0.000994,3.7e-05,4e-06,1e-06,2e-06,1e-06,0,0,9e-06,0,0,2.5e-05,4e-06,0,0.002613,0,3e-06,0.007734,5.8e-05,0,0,0.000247,1e-06,4e-06,1.3e-05,0,3e-06,7e-06,0,0.001514,0,0,0,0,2e-06,0,2e-06,1e-06,2e-05,0,0.001322,1e-05,4.6e-05,0.001136,3.7e-05,1e-05,5e-06,0,0,1e-06,3e-06,0,3.8e-05,0.000118,1e-05,1e-05,1e-06,0.001077,2e-06,0,1e-06,6e-06,0,0,0.004097,0.00016,0.000348,2.5e-05,0,5.1e-05,0.000158,0.033427,6e-06,8e-06,4e-05,1e-06,0.000784,0.000906,0.000922,0.002486,2.7e-05,9e-06,0,4e-06,2e-06,0.002477,0,0,1e-06,0,0,2.3e-05,2e-06,3e-06,0.003066,2e-05,4e-06,0,0.000153,3.7e-05,0.008031,4.8e-05,0.000148,3.9e-05,2e-06,1e-06,1.2e-05,0,0,0,0,1e-06,0.005594,0.00069,0.002919,0,0.000382,4e-06,0,0,0,2e-06,0.000117,8e-06,9e-06,0.000358,0,0,0,0.000323,0,0,0.000135,1e-06,0.000113,1.8e-05,1e-06,0.000791,1e-06,0,0,0,0,0,0
"kilimanjaro/siha/olkolili",0,0,0,0,0,0,0,0,0,0,0,0,0,0,0,0,0,0,0,0,0,0,0,0,0,0,0,0,0,0,0,0,0,0,0,0,0,0,0,0,0,0,0,0,0,0,0,0,0,0,0,0,0,0,0,0,0,0,0,0,0,0,0,0,0,0,0,0,0,0,0,0,0,0,0,0,0,0,0,0,0,0,0,0,0,0,0,0,0,0,0,0,0,0,0,0,0,0,0,0,0,0,0,0,0,0,0,0,0,0,0,0,0,0,0,0,0,0,0,0,0,0,0,0,0,0,0,0,0,0,0,0,0,0,0,0,0,0,0,0,0,0,0,0,0,0,0,0,0,0,0,0,0,0,0,0,0,0,0,0,0,0,0,0,0,0,0,0,0,0,0,0,0,0,0,0,0,0,0,0,0,0,0,0,0,0,0,0,0,0,0,0,0,0,0,0,0,0,0,0,0,0,0,0,0,0,0,0,0,0,0,0,0,0,0,0,0,0,0,0,0,0,0,0,0,0,0,0,0,0,0,0,0,0,0,0,0,0,0,0,0,0,0,0,0,0,0,0,0,0,0,0,0,0,0,0,0,0,0,0,0,0,0,0,0,0,0,0,0,0,0,0,0,0,0,0,0,0,0,0,0,0,0,0,0,0,0,0,0,0,0,0,0,0,0,0,0,0,0,0,0,0,0,0,0,0,0,0,0,0,0,0,0,0,0,0,0,0,0,0,0,0,0,0,0,0,0,0,0,0,0,0,0,0,0,0,0,0,0,0,0,0,0,0,0,0,0,0,0,0,0,0,0,0,0,0,0,0,0,0,0,0,0,0,0,0,0,0,0,0,0,0,0,0,0,0,0,0,0,0,0,0,0,0,0,0,0,0,0,0,0,0,0,0,0,0,0,0
"arusha/longido/olmolog",0,0,0,0,0,0,0,0,0,0,0,0,0,0,0,0,0,0,0,0,0,0,0,0,0,0,0,0,0,0,0,0,0,0,0,0,0,0,0,0,0,0,0,0,0,0,0,0,0,0,0,0,0,0,0,0,0,0,0,0,0,0,0,0,0,0,0,0,0,0,0,0,0,0,0,0,0,0,0,0,0,0,0,0,0,0,0,0,0,0,0,0,0,0,0,0,0,0,0,0,0,0,0,0,0,0,0,0,0,0,0,0,0,0,0,0,0,0,0,0,0,0,0,0,0,0,0,0,0,0,0,0,0,0,0,0,0,0,0,0,0,0,0,0,0,0,0,0,0,0,0,0,0,0,0,0,0,0,0,0,0,0,0,0,0,0,0,0,0,0,0,0,0,0,0,0,0,0,0,0,0,0,0,0,0,0,0,0,0,0,0,0,0,0,0,0,0,0,0,0,0,0,0,0,0,0,0,0,0,0,0,0,0,0,0,0,0,0,0,0,0,0,0,0,0,0,0,0,0,0,0,0,0,0,0,0,0,0,0,0,0,0,0,0,0,0,0,0,0,0,0,0,0,0,0,0,0,0,0,0,0,0,0,0,0,0,0,0,0,0,0,0,0,0,0,0,0,0,0,0,0,0,0,0,0,0,0,0,0,0,0,0,0,0,0,0,0,0,0,0,0,0,0,0,0,0,0,0,0,0,0,0,0,0,0,0,0,0,0,0,0,0,0,0,0,0,0,0,0,0,0,0,0,0,0,0,0,0,0,0,0,0,0,0,0,0,0,0,0,0,0,0,0,0,0,0,0,0,0,0,0,0,0,0,0,0,0,0,0,0,0,0,0,0,0,0,0,0,0,0,0,0,0,0,0,0,0,0,0,0,0,0,0,0,0,0,0,0
"arusha/arusha/olmotonyi",0.048073,0.000247,0.000247,0.001166,1.8e-05,0.014273,9e-06,1.3e-05,1.4e-05,0.004184,6.4e-05,9e-06,0.077166,0.534754,0.000605,3.7e-05,2.4e-05,8.8e-05,1.4e-05,5e-05,5.4e-05,0.008072,1.3e-05,0.000337,5.5e-05,0.000107,2.6e-05,3.9e-05,6e-06,7.6e-05,0.045477,3.6e-05,3.2e-05,9.4e-05,0.000232,3.2e-05,0.111797,0.00081,9.6e-05,0.001599,1.6e-05,9e-06,0.001612,0.000598,0.000242,1.6e-05,0.001998,0.999071,0.034047,7.7e-05,2.3e-05,4.8e-05,7.8e-05,1.8e-05,0.000568,7e-06,0.001019,5.7e-05,0.002504,0.018166,0.00764,0.014414,0.049262,0.000113,1e-06,0.281298,0.075416,1.2e-05,0.001542,0.005049,5.6e-05,2e-06,0.001654,0.000392,4.6e-05,0.008558,0.000897,6e-06,8e-06,1e-05,5e-06,6.3e-05,1.2e-05,1.2e-05,2.7e-05,1.7e-05,0.192449,1e-05,0.00043,0.00944,6e-06,1.3e-05,0.060193,0.481776,0.000682,0.00133,0.015266,5.8e-05,0.038311,0.008568,1.9e-05,2.5e-05,0.001766,0.236453,0.001679,0.061096,3.5e-05,0.012569,0.019299,0.009538,0.010217,0.024203,0.00029,0.005701,0.000352,0.000229,0.082273,2.5e-05,0.056277,0.00643,0.003864,0.107573,0.000153,0.00057,5.6e-05,0.000699,0.001471,0.528365,0.065561,0.000318,0.000249,0.00842,0.014222,0.002718,3.9e-05,0.427662,0.23575,0.006332,0.120579,0.021967,0.02812,4.1e-05,0.400866,0.001969,0.000425,0.007735,4e-05,0.020355,0.017769,0.005358,0.000237,0.000128,0.000315,0.000104,0.003608,0.811001,0.000896,0.002398,0.00026,0.547305,0.001843,0.0333,0.000164,0.000338,1e-05,9e-06,0.002809,0.021133,0.492166,0.00091,0.000492,0.07344,0.997327,0.002305,0.003661,0.002982,0.058235,0.000488,0.01961,0.000896,2.5e-05,0.000234,0.005242,0.002699,0.146838,0.843635,0.000315,0.000563,0.077138,0.027113,0.0056,0.000165,0.000656,2.1e-05,0.004105,6.2e-05,0.000221,2.4e-05,0.020865,6.4e-05,0.325187,0.000622,0.003395,0.000797,0.019752,0.00767,0.106794,0.033951,0.002972,0.000319,0.000277,0.000109,0.032882,0.000105,1.5e-05,0.000789,1.8e-05,0.137078,0.001859,0.010727,2e-05,0.001319,1.1e-05,0.000794,0.117021,0.003116,0.143131,0.001097,0.000101,8e-06,7e-06,2.4e-05,0.03378,0.536024,0.000168,2.8e-05,0.000443,0.03465,0.005246,0.000187,0.013826,0.57313,0.000174,0.138504,4.5e-05,0.000329,0.001135,0.240522,1.4e-05,0.013388,0.985748,0.533461,0.003404,0.526424,0.013847,0.001565,0.000282,0.000889,0.000256,5.9e-05,4.2e-05,0.005903,8.9e-05,4.7e-05,0.01267,0.001248,2.5e-05,0.58442,1.4e-05,0.00107,0.673791,0.025219,0.000142,6e-05,0.095868,0.00055,0.001718,0.008714,3e-05,0.000864,0.003285,0.000107,0.338754,6.5e-05,3.9e-05,3.8e-05,5e-06,0.000725,2.6e-05,0.000867,0.000222,0.007089,0.000133,0.524179,0.00431,0.016877,0.403914,0.052417,0.004659,0.00158,8.2e-05,4.4e-05,0.000317,0.001272,4.2e-05,0.021404,0.095585,0.006073,0.007366,0.000477,0.676009,0.001125,0.000105,0.000235,0.00269,3.7e-05,0.000169,0.659504,0.060616,0.255351,0.013721,0.830946,0.022833,0.05143,0,0.002667,0.00377,0.040749,0.000265,0.725023,0.627567,0.52052,0.546167,0.008941,0.005327,4.9e-05,0.001628,0.000706,0.715338,0.000114,4.6e-05,0.000277,7.3e-05,2.8e-05,0.009878,0.000986,0.001011,0.59096,0.00842,0.00127,1.2e-05,0.060035,0.025996,0.97895,0.02185,0.056153,0.028183,0.000743,0.000401,0.00505,2.1e-05,1e-05,2e-05,6e-06,0.000188,0.948566,0.555484,0.876183,5.4e-05,0.178483,0.001885,2.3e-05,6.1e-05,0.000122,0.000591,0.082961,0.005901,0.009919,0.138158,1.3e-05,4.8e-05,1.7e-05,0.116017,0.000136,1.1e-05,0.15361,0.000382,0.046191,0.007583,0.000254,0.364179,0.00022,6e-05,0.000113,2.5e-05,2e-05,1.8e-05,1.3e-05
"arusha/ngorongoro/oloipiri",6.3e-05,0.000149,1e-05,0.014345,3e-06,3e-04,1e-06,2e-06,2e-06,0.000442,8e-06,2e-06,5.1e-05,0.000716,0.000201,6e-06,5e-06,1.6e-05,3e-06,1.2e-05,6e-06,6.4e-05,2e-06,7e-06,5e-06,2e-06,3e-06,5e-06,1e-06,7e-06,0.000191,6e-06,3e-06,4e-06,6.1e-05,6e-06,6.8e-05,0.000125,1.5e-05,0.01483,4e-06,2e-06,0.000275,0.000115,4e-05,2e-06,7.7e-05,0.016694,0.000906,1.4e-05,4e-06,1.8e-05,1e-05,5e-06,8.9e-05,1e-06,8e-06,4e-06,0.000155,0.016132,0.000993,0.001816,0.000636,1.8e-05,2.6e-05,0.000431,0.000259,3e-06,9.5e-05,0.000344,1.2e-05,0,1.7e-05,5.1e-05,1e-05,0.00308,0.000285,1e-06,2e-06,3e-06,1e-06,9e-06,2e-06,2e-06,5e-06,3e-06,0.002425,2e-06,0.00012,0.000907,1e-06,4e-06,0.002487,0.000421,6.2e-05,0.000215,0.000178,3e-06,0.001007,0.000261,3e-06,1.5e-05,0.00019,0.000108,3.4e-05,0.002262,6e-06,0.000229,0.000108,0.001546,0.000126,0.000848,5.5e-05,3e-06,1.2e-05,9e-06,0.000808,4e-06,0.001297,0.000136,7e-05,0.002558,7e-06,2.5e-05,3e-06,7.4e-05,0.000205,0.00398,0.000234,9e-06,7e-06,0.000263,0.000488,5.2e-05,2e-06,0.00039,2.4e-05,0.000156,0.008022,0.000383,0.000167,4e-06,0.000141,3.6e-05,1.8e-05,0.000359,5e-06,0.000552,0.00049,0.000157,9e-06,5e-06,1.4e-05,7e-06,0.000328,0.004102,4e-05,0.000148,2.4e-05,0.018351,7.3e-05,0.000683,3e-06,1.7e-05,2e-06,2e-06,8.5e-05,9.5e-05,0.000725,3.6e-05,7.4e-05,0.001461,0.011611,0.000119,4.6e-05,0.00015,0.00132,1.9e-05,0.00038,0.000115,2e-06,0.010498,0.000494,5.8e-05,0.002661,0.043372,6e-06,1.1e-05,0.001271,0.000393,9.2e-05,2.6e-05,7e-05,5e-06,0.000301,1e-05,9e-06,3e-06,0.000437,6e-06,0.001345,5.1e-05,0.000278,5e-06,0.00071,5.4e-05,0.003992,0.000947,0.008262,1.1e-05,9e-06,7e-06,0.001395,4e-06,5e-06,8.1e-05,3e-06,0.006907,5.7e-05,0.000347,5e-06,6e-06,2e-06,1e-05,0.001457,3.6e-05,0.002314,1.5e-05,2.2e-05,1e-06,1e-06,5e-06,0.015551,0.001364,2.6e-05,1e-06,1.1e-05,0.000192,0.000623,7e-06,0.000113,0.009925,4e-06,0.00762,3e-06,7e-06,2.4e-05,0.000514,3e-06,5.1e-05,0.003921,0.006681,1.2e-05,0.000972,0.000435,0.000147,1.1e-05,3.6e-05,6e-06,5e-06,4e-06,0.000123,3e-06,4e-06,0.001144,0.000132,4e-06,0.001441,1e-06,6.8e-05,0.001356,0.000893,6e-06,4e-06,0.003651,2e-05,0.000171,0.000296,4e-06,0.000206,4.6e-05,3.6e-05,0.031736,9e-06,6e-06,4e-06,1e-06,2.6e-05,5e-06,8e-06,2.4e-05,0.000127,1.3e-05,0.00255,9.6e-05,0.000223,0.001743,2e-05,0.00015,0.000654,4e-06,2e-06,6e-06,6.8e-05,6e-06,0.001316,9e-05,1.2e-05,7e-06,1e-05,0.00108,0.001206,1.5e-05,5e-06,6.6e-05,1e-05,0.000819,0.003901,0.002433,0.001145,0.000107,0.001731,0.000197,0.001441,0.010469,0,0.22096,3e-05,0.010826,0.000275,0.000419,0.000184,0.027751,0.181265,0.000323,7e-06,3.2e-05,0.001213,0.002749,9e-06,9e-06,6e-06,9e-06,4e-06,0.000602,0.000104,0.008881,0.000541,5e-04,0.021751,2e-06,0.000544,3.5e-05,0.004753,0.000984,0.000442,0.000364,3e-05,1.6e-05,9.2e-05,3e-06,2e-06,2e-06,1e-06,0.023106,0.003209,0.000822,0.001896,9e-06,0.000356,3.6e-05,1e-06,5e-06,1.9e-05,2.1e-05,0.000172,9.3e-05,7e-06,0.003236,2e-06,3e-06,3e-06,0.005052,2.8e-05,2e-06,8.3e-05,9e-06,0.000954,0.000179,6e-06,0.001185,7e-06,5e-06,1e-05,2e-06,2e-06,3e-06,4e-06
"arusha/ngorongoro/oloirien",0.000214,0.000543,3.1e-05,0.040657,8e-06,0.000965,4e-06,6e-06,5e-06,0.001345,2.3e-05,5e-06,0.000174,0.002422,0.000584,1.8e-05,1.6e-05,4.6e-05,1e-05,3.5e-05,1.8e-05,0.000216,5e-06,2.2e-05,1.5e-05,7e-06,9e-06,1.6e-05,2e-06,2.2e-05,0.00063,1.7e-05,9e-06,1.3e-05,0.000191,1.7e-05,0.00023,0.000373,4.7e-05,0.108124,1.1e-05,5e-06,0.000815,0.000341,0.000118,6e-06,0.000293,0.055337,0.002868,4.5e-05,1.1e-05,5.3e-05,3.3e-05,1.4e-05,0.000266,3e-06,2.6e-05,1.1e-05,0.000477,0.044553,0.004031,0.006951,0.002354,5.3e-05,0.000234,0.00145,0.000906,1e-05,0.000316,0.001056,3.8e-05,1e-06,5.7e-05,0.000157,3e-05,0.013647,0.001207,4e-06,6e-06,8e-06,2e-06,2.6e-05,7e-06,7e-06,1.5e-05,9e-06,0.00796,7e-06,0.000347,0.002773,3e-06,1.1e-05,0.007933,0.001452,0.000248,0.000655,0.000598,9e-06,0.003227,0.000836,8e-06,4.2e-05,0.000582,0.000368,0.000111,0.007623,1.9e-05,0.000748,0.00037,0.005042,0.000421,0.00276,0.000162,9e-06,4e-05,2.8e-05,0.002654,1.1e-05,0.004211,0.000447,0.000231,0.008381,2.1e-05,7.8e-05,9e-06,0.000226,0.000613,0.013201,0.000776,3e-05,2.4e-05,0.000846,0.001556,0.000171,6e-06,0.001324,8.1e-05,0.000508,0.030133,0.001258,0.000558,1.2e-05,0.000481,0.000119,5.9e-05,0.00113,1.5e-05,0.001779,0.001589,0.000508,2.8e-05,1.5e-05,4.6e-05,2.1e-05,0.001012,0.013978,0.00013,0.00059,7.4e-05,0.058049,0.000231,0.002162,1e-05,5.4e-05,7e-06,6e-06,0.000271,0.000323,0.002446,0.000114,0.00022,0.005033,0.03877,0.00037,0.000157,0.000465,0.004247,7.1e-05,0.00124,0.000346,7e-06,0.04109,0.001509,0.000187,0.008785,0.132387,2e-05,3.6e-05,0.004183,0.001302,0.000299,7.9e-05,0.000219,1.5e-05,0.000935,3e-05,2.7e-05,8e-06,0.001422,2.2e-05,0.004513,0.000156,0.000853,1.7e-05,0.002298,0.000181,0.012716,0.003173,0.029023,3.5e-05,3e-05,2.1e-05,0.004465,1.3e-05,1.4e-05,0.000247,9e-06,0.022076,0.000184,0.001121,1.3e-05,1.9e-05,5e-06,3.4e-05,0.004812,0.00012,0.007682,5.1e-05,6.7e-05,4e-06,3e-06,1.5e-05,0.067289,0.004603,7.8e-05,2e-06,3.5e-05,0.000631,0.002178,2.4e-05,0.000368,0.032483,1.1e-05,0.023586,1.1e-05,2.2e-05,7.8e-05,0.001721,8e-06,0.000172,0.013296,0.023874,4.2e-05,0.003271,0.001447,0.000451,3.6e-05,0.000112,1.8e-05,1.4e-05,1.1e-05,0.000394,1.1e-05,1.4e-05,0.003822,0.000543,1.1e-05,0.004982,4e-06,0.000215,0.004738,0.002828,1.9e-05,1.3e-05,0.01167,6.4e-05,0.000523,0.000923,1.1e-05,0.000727,0.000149,0.000137,0.11315,2.9e-05,1.7e-05,1.2e-05,3e-06,8.4e-05,1.4e-05,2.9e-05,7.1e-05,0.000436,4.1e-05,0.008436,0.000313,0.000759,0.006015,6.9e-05,0.000473,0.002063,1.1e-05,6e-06,2.1e-05,0.000212,1.7e-05,0.004184,0.000304,4.1e-05,2.5e-05,3.2e-05,0.003668,0.003759,4.3e-05,1.7e-05,0.000215,3e-05,0.005216,0.013657,0.007884,0.003782,0.00035,0.006045,0.000656,0.004996,0.035439,0.431986,0,0.000103,0.01485,0.000943,0.001432,0.000636,0.099049,0.681322,0.000993,2e-05,0.000103,0.006332,0.009241,2.7e-05,2.8e-05,1.8e-05,3.1e-05,1.1e-05,0.001863,0.000317,0.063548,0.001876,0.001552,0.21835,5e-06,0.001836,0.00012,0.016042,0.003485,0.001517,0.001168,9.6e-05,5.1e-05,0.000301,8e-06,5e-06,7e-06,3e-06,0.022082,0.010874,0.002776,0.006425,2.7e-05,0.001213,0.000116,4e-06,1.7e-05,5.8e-05,6.9e-05,0.000574,0.000297,2.4e-05,0.011535,7e-06,9e-06,9e-06,0.016335,8.1e-05,5e-06,0.000281,2.9e-05,0.003118,0.000584,2e-05,0.003968,2.4e-05,1.5e-05,3.1e-05,5e-06,6e-06,1e-05,1e-05
"arusha/arushaurban/oloirieni",0,0,0,0,0,0,0,0,0,0,0,0,0,0,0,0,0,0,0,0,0,0,0,0,0,0,0,0,0,0,0,0,0,0,0,0,0,0,0,0,0,0,0,0,0,0,0,0,0,0,0,0,0,0,0,0,0,0,0,0,0,0,0,0,0,0,0,0,0,0,0,0,0,0,0,0,0,0,0,0,0,0,0,0,0,0,0,0,0,0,0,0,0,0,0,0,0,0,0,0,0,0,0,0,0,0,0,0,0,0,0,0,0,0,0,0,0,0,0,0,0,0,0,0,0,0,0,0,0,0,0,0,0,0,0,0,0,0,0,0,0,0,0,0,0,0,0,0,0,0,0,0,0,0,0,0,0,0,0,0,0,0,0,0,0,0,0,0,0,0,0,0,0,0,0,0,0,0,0,0,0,0,0,0,0,0,0,0,0,0,0,0,0,0,0,0,0,0,0,0,0,0,0,0,0,0,0,0,0,0,0,0,0,0,0,0,0,0,0,0,0,0,0,0,0,0,0,0,0,0,0,0,0,0,0,0,0,0,0,0,0,0,0,0,0,0,0,0,0,0,0,0,0,0,0,0,0,0,0,0,0,0,0,0,0,0,0,0,0,0,0,0,0,0,0,0,0,0,0,0,0,0,0,0,0,0,0,0,0,0,0,0,0,0,0,0,0,0,0,0,0,0,0,0,0,0,0,0,0,0,0,0,0,0,0,0,0,0,0,0,0,0,0,0,0,0,0,0,0,0,0,0,0,0,0,0,0,0,0,0,0,0,0,0,0,0,0,0,0,0,0,0,0,0,0,0,0,0,0,0,0,0,0,0,0,0,0,0,0,0,0,0,0,0,0,0,0,0,0,0,0,0,0,0,0,0,0,0,0,0,0,0,0,0,0,0,0,0
"arusha/ngorongoro/ololosokwan",0,0,0,0,0,0,0,0,0,0,0,0,0,0,0,0,0,0,0,0,0,0,0,0,0,0,0,0,0,0,0,0,0,0,0,0,0,0,0,0,0,0,0,0,0,0,0,0,0,0,0,0,0,0,0,0,0,0,0,0,0,0,0,0,0,0,0,0,0,0,0,0,0,0,0,0,0,0,0,0,0,0,0,0,0,0,0,0,0,0,0,0,0,0,0,0,0,0,0,0,0,0,0,0,0,0,0,0,0,0,0,0,0,0,0,0,0,0,0,0,0,0,0,0,0,0,0,0,0,0,0,0,0,0,0,0,0,0,0,0,0,0,0,0,0,0,0,0,0,0,0,0,0,0,0,0,0,0,0,0,0,0,0,0,0,0,0,0,0,0,0,0,0,0,0,0,0,0,0,0,0,0,0,0,0,0,0,0,0,0,0,0,0,0,0,0,0,0,0,0,0,0,0,0,0,0,0,0,0,0,0,0,0,0,0,0,0,0,0,0,0,0,0,0,0,0,0,0,0,0,0,0,0,0,0,0,0,0,0,0,0,0,0,0,0,0,0,0,0,0,0,0,0,0,0,0,0,0,0,0,0,0,0,0,0,0,0,0,0,0,0,0,0,0,0,0,0,0,0,0,0,0,0,0,0,0,0,0,0,0,0,0,0,0,0,0,0,0,0,0,0,0,0,0,0,0,0,0,0,0,0,0,0,0,0,0,0,0,0,0,0,0,0,0,0,0,0,0,0,0,0,0,0,0,0,0,0,0,0,0,0,0,0,0,0,0,0,0,0,0,0,0,0,0,0,0,0,0,0,0,0,0,0,0,0,0,0,0,0,0,0,0,0,0,0,0,0,0,0,0,0,0,0,0,0,0,0,0,0,0,0,0,0,0,0,0,0,0
"arusha/arusha/olorieni",0,0,0,0,0,0,0,0,0,0,0,0,0,0,0,0,0,0,0,0,0,0,0,0,0,0,0,0,0,0,0,0,0,0,0,0,0,0,0,0,0,0,0,0,0,0,0,0,0,0,0,0,0,0,0,0,0,0,0,0,0,0,0,0,0,0,0,0,0,0,0,0,0,0,0,0,0,0,0,0,0,0,0,0,0,0,0,0,0,0,0,0,0,0,0,0,0,0,0,0,0,0,0,0,0,0,0,0,0,0,0,0,0,0,0,0,0,0,0,0,0,0,0,0,0,0,0,0,0,0,0,0,0,0,0,0,0,0,0,0,0,0,0,0,0,0,0,0,0,0,0,0,0,0,0,0,0,0,0,0,0,0,0,0,0,0,0,0,0,0,0,0,0,0,0,0,0,0,0,0,0,0,0,0,0,0,0,0,0,0,0,0,0,0,0,0,0,0,0,0,0,0,0,0,0,0,0,0,0,0,0,0,0,0,0,0,0,0,0,0,0,0,0,0,0,0,0,0,0,0,0,0,0,0,0,0,0,0,0,0,0,0,0,0,0,0,0,0,0,0,0,0,0,0,0,0,0,0,0,0,0,0,0,0,0,0,0,0,0,0,0,0,0,0,0,0,0,0,0,0,0,0,0,0,0,0,0,0,0,0,0,0,0,0,0,0,0,0,0,0,0,0,0,0,0,0,0,0,0,0,0,0,0,0,0,0,0,0,0,0,0,0,0,0,0,0,0,0,0,0,0,0,0,0,0,0,0,0,0,0,0,0,0,0,0,0,0,0,0,0,0,0,0,0,0,0,0,0,0,0,0,0,0,0,0,0,0,0,0,0,0,0,0,0,0,0,0,0,0,0,0,0,0,0,0,0,0,0,0,0,0,0,0,0,0,0,0,0
"arusha/arusha/oltoroto",0,0,0,0,0,0,0,0,0,0,0,0,0,0,0,0,0,0,0,0,0,0,0,0,0,0,0,0,0,0,0,0,0,0,0,0,0,0,0,0,0,0,0,0,0,0,0,0,0,0,0,0,0,0,0,0,0,0,0,0,0,0,0,0,0,0,0,0,0,0,0,0,0,0,0,0,0,0,0,0,0,0,0,0,0,0,0,0,0,0,0,0,0,0,0,0,0,0,0,0,0,0,0,0,0,0,0,0,0,0,0,0,0,0,0,0,0,0,0,0,0,0,0,0,0,0,0,0,0,0,0,0,0,0,0,0,0,0,0,0,0,0,0,0,0,0,0,0,0,0,0,0,0,0,0,0,0,0,0,0,0,0,0,0,0,0,0,0,0,0,0,0,0,0,0,0,0,0,0,0,0,0,0,0,0,0,0,0,0,0,0,0,0,0,0,0,0,0,0,0,0,0,0,0,0,0,0,0,0,0,0,0,0,0,0,0,0,0,0,0,0,0,0,0,0,0,0,0,0,0,0,0,0,0,0,0,0,0,0,0,0,0,0,0,0,0,0,0,0,0,0,0,0,0,0,0,0,0,0,0,0,0,0,0,0,0,0,0,0,0,0,0,0,0,0,0,0,0,0,0,0,0,0,0,0,0,0,0,0,0,0,0,0,0,0,0,0,0,0,0,0,0,0,0,0,0,0,0,0,0,0,0,0,0,0,0,0,0,0,0,0,0,0,0,0,0,0,0,0,0,0,0,0,0,0,0,0,0,0,0,0,0,0,0,0,0,0,0,0,0,0,0,0,0,0,0,0,0,0,0,0,0,0,0,0,0,0,0,0,0,0,0,0,0,0,0,0,0,0,0,0,0,0,0,0,0,0,0,0,0,0,0,0,0,0,0,0,0
"arusha/arusha/oltrumet",0,0,0,0,0,0,0,0,0,0,0,0,0,0,0,0,0,0,0,0,0,0,0,0,0,0,0,0,0,0,0,0,0,0,0,0,0,0,0,0,0,0,0,0,0,0,0,0,0,0,0,0,0,0,0,0,0,0,0,0,0,0,0,0,0,0,0,0,0,0,0,0,0,0,0,0,0,0,0,0,0,0,0,0,0,0,0,0,0,0,0,0,0,0,0,0,0,0,0,0,0,0,0,0,0,0,0,0,0,0,0,0,0,0,0,0,0,0,0,0,0,0,0,0,0,0,0,0,0,0,0,0,0,0,0,0,0,0,0,0,0,0,0,0,0,0,0,0,0,0,0,0,0,0,0,0,0,0,0,0,0,0,0,0,0,0,0,0,0,0,0,0,0,0,0,0,0,0,0,0,0,0,0,0,0,0,0,0,0,0,0,0,0,0,0,0,0,0,0,0,0,0,0,0,0,0,0,0,0,0,0,0,0,0,0,0,0,0,0,0,0,0,0,0,0,0,0,0,0,0,0,0,0,0,0,0,0,0,0,0,0,0,0,0,0,0,0,0,0,0,0,0,0,0,0,0,0,0,0,0,0,0,0,0,0,0,0,0,0,0,0,0,0,0,0,0,0,0,0,0,0,0,0,0,0,0,0,0,0,0,0,0,0,0,0,0,0,0,0,0,0,0,0,0,0,0,0,0,0,0,0,0,0,0,0,0,0,0,0,0,0,0,0,0,0,0,0,0,0,0,0,0,0,0,0,0,0,0,0,0,0,0,0,0,0,0,0,0,0,0,0,0,0,0,0,0,0,0,0,0,0,0,0,0,0,0,0,0,0,0,0,0,0,0,0,0,0,0,0,0,0,0,0,0,0,0,0,0,0,0,0,0,0,0,0,0,0,0
"arusha/longido/orbomba",3.2e-05,3e-06,2e-06,1.9e-05,0,7.3e-05,0,0,0,2.3e-05,0,0,3.1e-05,0.00036,5e-06,0,0,1e-06,0,0,0,4.3e-05,0,2e-06,0,1e-06,0,0,0,1e-06,6e-05,0,0,1e-06,2e-06,0,3.2e-05,5e-06,1e-06,3.7e-05,0,0,1.3e-05,4e-06,2e-06,0,2.8e-05,0.008269,0.000103,1e-06,0,0,1e-06,0,4e-06,0,2e-06,0,1.4e-05,0.000194,0.000775,0.000192,0.002054,1e-06,0,0.00018,0.000106,0,8e-06,2.3e-05,0,0,1.4e-05,2e-06,0,0.000322,2e-05,0,0,0,0,0,0,0,0,0,0.000988,0,4e-06,7e-05,0,0,0.000515,0.000306,1.4e-05,9e-06,0.000112,0,0.000228,5.7e-05,0,0,1.4e-05,5.5e-05,1e-05,0.001319,0,7.8e-05,9.8e-05,6.9e-05,7.7e-05,0.000258,2e-06,1e-06,3e-06,2e-06,0.000307,0,4e-04,5.6e-05,3e-05,0.001005,1e-06,4e-06,0,5e-06,1.1e-05,0.001975,9.3e-05,3e-06,2e-06,6.3e-05,9.5e-05,1.7e-05,0,0.000196,1.4e-05,4.6e-05,0.02554,0.000144,8.7e-05,0,7.3e-05,1.4e-05,5e-06,5.2e-05,0,0.000142,0.000141,4e-05,2e-06,1e-06,3e-06,1e-06,2.9e-05,0.001603,1e-05,9.4e-05,2e-06,0.005956,1.3e-05,9.3e-05,1e-06,2e-06,0,0,1.5e-05,6.9e-05,0.000318,5e-06,4e-06,0.000268,0.005804,1.2e-05,3.2e-05,1.2e-05,0.000167,0.000334,0.00013,7e-06,0,4e-06,3.8e-05,1.5e-05,0.001261,0.015871,3e-06,5e-06,0.000536,0.000186,2.9e-05,1e-06,4e-06,0,1.9e-05,0,2e-06,0,0.000138,0,0.000735,3e-06,2.3e-05,2e-06,0.00019,3.5e-05,0.000865,0.000124,4.6e-05,3e-06,2e-06,0,0.000296,1e-06,0,6e-06,0,0.00167,1.6e-05,8.9e-05,0,2e-06,0,5e-06,0.00066,2e-05,0.001224,5e-06,1e-06,0,0,0,0.001607,0.000499,1e-06,0,3e-06,6.1e-05,4.2e-05,2e-06,3.3e-05,0.001953,1e-06,0.000965,0,2e-06,7e-06,0.000216,0,1.4e-05,0.002085,0.003949,5e-06,0.000439,0.000203,1.2e-05,3e-06,6e-06,2e-06,0,0,2.6e-05,0,0,7.8e-05,0.000103,0,0.000661,0,5e-06,0.000829,0.000154,1e-06,0,0.00084,5e-06,1.3e-05,3.4e-05,0,9e-06,1.1e-05,1e-06,0.057475,0,0,0,0,8e-06,0,6e-06,1e-06,0.000122,1e-06,0.000954,2.9e-05,0.000194,0.001787,1e-05,2.2e-05,1.5e-05,1e-06,0,2e-06,8e-06,0,9.7e-05,4.9e-05,7e-06,4e-06,4e-06,0.000463,1.3e-05,1e-06,1e-06,2e-05,0,4e-06,0.005255,0.000691,0.000328,2.3e-05,0.001313,9.9e-05,0.001592,0.006269,4.8e-05,7.4e-05,1.5e-05,5e-06,0.000145,0.000238,0.000104,0,0.000191,2.8e-05,0,1e-05,1.8e-05,0.001477,1e-06,0,2e-06,1e-06,0,5.9e-05,7e-06,2.2e-05,0.000422,5.4e-05,2.7e-05,0,0.000383,1.9e-05,0.002413,0.000134,0.000113,7.4e-05,5e-06,4e-06,3e-05,0,0,0,0,3e-06,0.001778,0.000357,0.000873,0,0.000247,1.2e-05,0,0,1e-06,7e-06,6.1e-05,1.4e-05,3e-06,0.009564,0,0,0,0.00148,1e-06,0,4e-05,3e-06,0.000337,5.9e-05,2e-06,0.00058,2e-06,0,1e-06,0,0,0,0
"arusha/ngorongoro/orgosorok",3e-06,5e-06,0,0.000159,0,1.2e-05,0,0,0,1.5e-05,0,0,2e-06,3e-05,6e-06,0,0,0,0,0,0,2e-06,0,0,0,0,0,0,0,0,1.2e-05,0,0,0,1e-06,0,3e-06,3e-06,0,0.002754,0,0,7e-06,3e-06,1e-06,0,3e-06,0.000706,3.4e-05,0,0,1e-06,0,0,2e-06,0,0,0,6e-06,0.000287,4.1e-05,5.3e-05,3e-05,1e-06,1.9e-05,1.8e-05,1.1e-05,0,3e-06,9e-06,0,0,1e-06,2e-06,0,0.000128,1.4e-05,0,0,0,0,0,0,0,0,0,0.000102,0,3e-06,2.5e-05,0,0,0.000104,1.8e-05,3e-06,7e-06,8e-06,0,4.1e-05,1.1e-05,0,0,7e-06,5e-06,1e-06,0.000104,0,1e-05,5e-06,3.6e-05,5e-06,3.6e-05,1e-06,0,1e-06,0,3.4e-05,0,5.5e-05,6e-06,2e-06,0.00011,0,1e-06,0,3e-06,5e-06,0.000119,1e-05,0,0,8e-06,2e-05,2e-06,0,1.6e-05,1e-06,7e-06,0.000434,1.6e-05,7e-06,0,6e-06,2e-06,1e-06,1.4e-05,0,2.3e-05,2.1e-05,7e-06,0,0,1e-06,0,1.3e-05,0.000169,1e-06,5e-06,1e-06,0.000781,3e-06,1.8e-05,0,1e-06,0,0,3e-06,4e-06,3e-05,1e-06,2e-06,4e-05,0.00049,5e-06,2e-06,4e-06,3.5e-05,1e-06,1.6e-05,4e-06,0,0.00013,1.9e-05,2e-06,0.000115,0.002926,0,0,5.4e-05,1.7e-05,4e-06,1e-06,2e-06,0,7e-06,0,0,0,1.8e-05,0,5.7e-05,2e-06,8e-06,0,3e-05,2e-06,0.000166,2.5e-05,0.000215,0,0,0,5.8e-05,0,0,3e-06,0,0.000296,2e-06,1.5e-05,0,0,0,0,6.2e-05,2e-06,1e-04,1e-06,1e-06,0,0,0,0.001081,5.6e-05,1e-06,0,0,6e-06,1.6e-05,0,5e-06,0.000605,0,0.000215,0,0,1e-06,2.1e-05,0,2e-06,0.000165,0.000206,1e-06,4e-05,1.9e-05,6e-06,0,1e-06,0,0,0,4e-06,0,0,2.8e-05,7e-06,0,6e-05,0,2e-06,5.8e-05,3.6e-05,0,0,0.000153,1e-06,7e-06,8e-06,0,7e-06,2e-06,1e-06,0.001765,0,0,0,0,1e-06,0,0,1e-06,6e-06,1e-06,0.000105,4e-06,1e-05,5.4e-05,1e-06,6e-06,1.9e-05,0,0,0,3e-06,0,3.3e-05,4e-06,1e-06,0,0,3.2e-05,2.2e-05,1e-06,0,3e-06,0,7.7e-05,0.000123,0.000104,3.2e-05,4e-06,7.5e-05,8e-06,6.8e-05,0.000316,0.001858,0.005433,1e-06,0.000171,1.2e-05,1.8e-05,8e-06,0.001009,0,9e-06,0,1e-06,7.3e-05,0.000116,0,0,0,0,0,2.3e-05,4e-06,0.000495,2.3e-05,2e-05,0.002132,0,2.4e-05,1e-06,2e-04,2.7e-05,1.8e-05,1e-05,1e-06,1e-06,4e-06,0,0,0,0,0.000197,0.000136,2.4e-05,7.9e-05,0,1.5e-05,1e-06,0,0,1e-06,1e-06,7e-06,3e-06,0,0.00011,0,0,0,0.000219,1e-06,0,3e-06,0,4e-05,8e-06,0,5e-05,0,0,0,0,0,0,0
"manyara/simanjiro/orkesmet",0.000212,1.6e-05,4e-05,0.000135,5e-06,0.002808,1e-06,2e-06,5e-06,0.001133,1.8e-05,3e-06,0.000138,0.002217,0.000114,6e-06,5e-06,2.4e-05,4e-06,1.5e-05,0.00013,0.000193,5e-06,3.9e-05,0.000118,1.2e-05,9e-06,4e-06,1.1e-05,0.00021,0.001153,4.8e-05,7.9e-05,6.1e-05,2.4e-05,1e-05,0.000198,0.000221,1.4e-05,0.000163,4e-06,4e-06,0.002115,0.000137,0.000297,5e-06,3.5e-05,0.043228,0.006902,8e-06,4e-06,6e-06,6e-06,4e-06,0.000193,2e-06,6.8e-05,1.7e-05,0.193815,0.002533,0.000289,0.000474,0.000514,0.000159,0,0.001515,0.00039,3e-06,8.5e-05,0.001846,4e-06,1e-06,4.1e-05,5.6e-05,1.6e-05,0.000381,3.7e-05,2e-06,2e-06,3e-06,2e-06,2.3e-05,3e-06,5e-06,9e-06,3e-06,0.012219,3e-06,0.000115,0.032991,2e-06,4e-06,0.014067,0.000945,1.8e-05,0.000216,0.000525,2.8e-05,0.008907,0.002051,3e-06,4e-06,0.003265,0.000296,0.000202,0.003771,4e-06,0.001203,0.000257,0.000716,0.000375,0.002884,0.000104,7e-06,4.8e-05,3.8e-05,0.004702,4.6e-05,0.006873,0.000474,0.000258,0.009305,7.6e-05,0.000323,3.5e-05,0.001657,0.003887,0.01652,0.001168,4.1e-05,3.6e-05,0.001576,0.004242,0.000276,3e-05,0.001159,5.5e-05,0.00082,0.004157,0.001773,0.000667,0.000116,0.000363,0.000162,5.9e-05,0.004747,9e-06,0.003411,0.00238,0.000877,3.1e-05,0.000118,5.1e-05,0.00022,0.004579,0.008636,0.000123,5.2e-05,0.003288,0.094682,0.000663,0.012502,1.8e-05,0.000271,3e-06,4e-06,0.001245,0.000271,0.002349,0.000626,0.001029,0.001633,0.031431,0.01866,0.000123,0.003508,0.005159,1.1e-05,0.001891,0.003314,5.8e-05,2.7e-05,0.023657,0.000423,0.009268,0.202673,1.6e-05,3.4e-05,0.005268,0.001468,0.000586,4e-05,7.7e-05,5e-06,0.000779,8e-05,4.4e-05,6e-06,0.002349,3e-06,0.004904,0.001571,0.013638,3.2e-05,0.002857,0.00017,0.02523,0.001293,0.000274,4.9e-05,4.7e-05,2.6e-05,0.006925,1.8e-05,2e-06,0.001277,2e-06,0.023156,0.000255,0.001699,5e-06,2.8e-05,3e-06,3.4e-05,0.006247,0.00012,0.0075,0.000102,1.6e-05,3e-06,2e-06,4e-06,0.001874,0.004004,0.000209,3e-06,4.9e-05,0.001333,0.000241,3.4e-05,0.000972,0.026659,1.9e-05,0.145356,9.4e-05,3.8e-05,0.000132,0.002045,5e-06,0.000193,0.010381,0.006298,1.8e-05,0.003327,0.000979,0.004004,4.1e-05,0.000392,3.1e-05,0.000116,8.5e-05,0.001705,6e-06,0.000104,0.000718,3.7e-05,5e-06,0.002625,4e-06,0.000154,0.002219,0.011244,6.1e-05,0.000176,0.019382,9.1e-05,0.004206,0.031643,5e-06,4.8e-05,0.000584,5e-06,0.016487,1.2e-05,7e-05,1.1e-05,2e-06,7.6e-05,7e-06,2.5e-05,0.000821,0.00023,0.000292,0.01249,0.000533,0.000482,0.003614,5.5e-05,0.005327,0.000151,1.7e-05,2.9e-05,3.6e-05,0.002001,8.4e-05,0.002185,0.000271,3.9e-05,2.1e-05,3.3e-05,0.002905,0.000112,0.000148,3.3e-05,0.000319,3e-06,1.6e-05,0.006134,0.008005,0.005456,0.000781,0.002927,0.000794,0.001957,0.022826,0.000355,0.000448,9.4e-05,4.1e-05,0.00065,0.0011,0.000375,0.018016,0.001071,0,9.8e-05,0.000187,4.8e-05,0.00923,5.1e-05,4e-06,2.9e-05,5e-06,8e-06,0.045079,0.005196,9.6e-05,0.001074,0.016208,0.000134,2e-06,0.00154,0.000113,0.013355,0.000607,0.000726,0.005985,0.000385,6.5e-05,0.000522,5e-06,4e-06,6e-06,3e-06,2.7e-05,0.008912,0.002562,0.005326,6.9e-05,0.000966,0.000195,5.9e-05,0.000179,0.000198,5.7e-05,0.000669,0.000929,2.1e-05,0.003447,2e-06,4e-05,4e-06,0.015108,3.8e-05,2e-06,0.000233,3.5e-05,0.004377,0.000792,2.5e-05,0.004585,2.8e-05,0.00014,0.00023,3.7e-05,5.7e-05,4e-06,3e-06
"manyara/kiteto/partimbo",0.000511,9.8e-05,9.4e-05,0.000883,4.4e-05,0.004116,1.2e-05,1.5e-05,5e-05,0.009724,0.00017,4.9e-05,0.000362,0.005549,0.000957,4.1e-05,4.6e-05,0.000245,4.5e-05,0.000177,0.000244,0.000473,5.5e-05,7.3e-05,0.000162,2.3e-05,8.6e-05,2.8e-05,0.017962,0.000271,0.002236,0.013638,9.5e-05,7.8e-05,0.000163,0.000106,0.000514,0.002199,9.9e-05,0.000991,3.5e-05,5.3e-05,0.182336,0.001269,0.06378,5.3e-05,0.000156,0.111157,0.021059,5.5e-05,3.1e-05,4e-05,3.9e-05,4.2e-05,0.002295,2.7e-05,0.000106,0.000106,0.012627,0.018244,0.001358,0.002411,0.001949,0.052016,1e-06,0.003675,0.001334,2.5e-05,0.000439,0.012555,2.7e-05,8e-06,0.000109,0.000394,0.000216,0.001982,0.000198,2.4e-05,2.7e-05,2.8e-05,2.1e-05,0.000265,2.9e-05,9.2e-05,0.000104,2.1e-05,0.023685,2.9e-05,0.001181,0.04086,2.6e-05,4.3e-05,0.028364,0.002639,8.5e-05,0.00166,0.001309,4.3e-05,0.013597,0.00341,2.5e-05,3.4e-05,0.006155,0.000786,0.000376,0.012351,3e-05,0.002352,0.00069,0.00433,0.000932,0.007293,0.00138,1.9e-05,0.000114,8.8e-05,0.008578,0.058299,0.013488,0.001132,0.000596,0.021675,0.000111,0.000433,5e-05,0.002827,0.218429,0.034838,0.002362,9e-05,7.7e-05,0.003023,0.006774,0.000541,3.5e-05,0.002965,0.000155,0.001643,0.017618,0.003673,0.001449,0.000163,0.000987,0.000343,0.000158,0.006356,7.4e-05,0.006324,0.004987,0.001733,7.6e-05,0.000107,0.000132,0.000201,0.007814,0.026143,0.000337,0.000236,0.005996,0.171365,0.001057,0.019615,3.4e-05,0.000337,3.9e-05,5.9e-05,0.001478,0.000678,0.005877,0.000703,0.071851,0.006742,0.080538,0.005531,0.000322,0.011897,0.018107,4.7e-05,0.003803,0.069639,8.3e-05,0.000177,0.026257,0.000709,0.021584,0.341755,4.2e-05,8.4e-05,0.011382,0.003326,0.001036,0.000372,0.000496,5.3e-05,0.005046,0.014399,9.4e-05,4.7e-05,0.004573,1.9e-05,0.011107,0.015333,0.012015,5.8e-05,0.006739,0.000408,0.046713,0.005612,0.001739,0.000109,9.8e-05,0.000162,0.015093,4.2e-05,1.6e-05,0.002312,1.7e-05,0.059612,0.000563,0.003616,5e-05,5.6e-05,3.5e-05,8.1e-05,0.013134,0.000284,0.017961,0.000177,0.000119,3.2e-05,2.4e-05,3.7e-05,0.009757,0.010799,0.044218,6e-06,0.000104,0.00234,0.0013,7.6e-05,0.001509,0.083316,3.6e-05,0.151442,0.000105,7.2e-05,0.000254,0.004646,6.2e-05,0.000501,0.027442,0.023573,6.1e-05,0.00805,0.002885,0.005378,0.000103,0.000565,5.9e-05,0.000139,0.00011,0.002029,2.7e-05,0.000149,0.003921,0.000175,4.1e-05,0.008286,2.8e-05,0.000901,0.007089,0.014651,9.4e-05,0.000152,0.039435,0.000203,0.006315,0.0146,3.5e-05,0.000278,0.000734,2.9e-05,0.068606,9.3e-05,0.046282,0.000101,2.7e-05,0.000205,6.8e-05,6.2e-05,0.028785,0.000702,0.000469,0.025658,0.001031,0.001362,0.010183,0.000146,0.003803,0.000994,3.8e-05,3.5e-05,6.8e-05,0.001776,0.037725,0.011969,0.000681,9.4e-05,5.4e-05,7.9e-05,0.007935,0.000743,0.021422,6e-05,0.000665,2.2e-05,9.4e-05,0.018986,0.020685,0.012351,0.001586,0.00909,0.001719,0.006652,0.063504,0.002326,0.002855,0.000238,0.000272,0.001832,0.002935,0.001114,0.069603,0.006697,0.030171,0,0.000348,0.000278,0.02179,0.00041,2.5e-05,5.7e-05,2.7e-05,8.2e-05,0.023988,0.008454,0.000585,0.003138,0.014043,0.00083,1.4e-05,0.003874,0.000276,0.034435,0.002856,0.002588,0.007093,0.000515,0.000154,0.000985,4.9e-05,5.4e-05,5.7e-05,4e-05,0.000177,0.022988,0.006538,0.014074,0.014746,0.002484,0.000375,4.6e-05,0.00021,0.019487,0.00016,0.001596,0.001962,5.4e-05,0.012248,2e-05,5.7e-05,3.3e-05,0.040387,0.000408,1.3e-05,0.000614,7.9e-05,0.009162,0.001713,5.6e-05,0.010243,6.7e-05,0.000155,0.000319,4.1e-05,9.1e-05,3.2e-05,2.3e-05
"kilimanjaro/moshimunicipal/pasua",0,0,0,0,0,0,0,0,0,0,0,0,0,0,0,0,0,0,0,0,0,0,0,0,0,0,0,0,0,0,0,0,0,0,0,0,0,0,0,0,0,0,0,0,0,0,0,0,0,0,0,0,0,0,0,0,0,0,0,0,0,0,0,0,0,0,0,0,0,0,0,0,0,0,0,0,0,0,0,0,0,0,0,0,0,0,0,0,0,0,0,0,0,0,0,0,0,0,0,0,0,0,0,0,0,0,0,0,0,0,0,0,0,0,0,0,0,0,0,0,0,0,0,0,0,0,0,0,0,0,0,0,0,0,0,0,0,0,0,0,0,0,0,0,0,0,0,0,0,0,0,0,0,0,0,0,0,0,0,0,0,0,0,0,0,0,0,0,0,0,0,0,0,0,0,0,0,0,0,0,0,0,0,0,0,0,0,0,0,0,0,0,0,0,0,0,0,0,0,0,0,0,0,0,0,0,0,0,0,0,0,0,0,0,0,0,0,0,0,0,0,0,0,0,0,0,0,0,0,0,0,0,0,0,0,0,0,0,0,0,0,0,0,0,0,0,0,0,0,0,0,0,0,0,0,0,0,0,0,0,0,0,0,0,0,0,0,0,0,0,0,0,0,0,0,0,0,0,0,0,0,0,0,0,0,0,0,0,0,0,0,0,0,0,0,0,0,0,0,0,0,0,0,0,0,0,0,0,0,0,0,0,0,0,0,0,0,0,0,0,0,0,0,0,0,0,0,0,0,0,0,0,0,0,0,0,0,0,0,0,0,0,0,0,0,0,0,0,0,0,0,0,0,0,0,0,0,0,0,0,0,0,0,0,0,0,0,0,0,0,0,0,0,0,0,0,0,0,0,0,0,0,0,0,0,0,0,0,0,0,0,0,0,0,0,0,0,0
"arusha/ngorongoro/pinyinyi",6e-06,1.9e-05,1e-06,0.000165,0,2.1e-05,0,0,0,2.5e-05,0,0,5e-06,7.1e-05,1e-05,0,0,1e-06,0,0,0,4e-06,0,0,0,0,0,0,0,0,2.5e-05,0,0,0,3e-06,0,7e-06,5e-06,1e-06,0.000761,0,0,9e-06,4e-06,1e-06,0,1.5e-05,0.00175,6.4e-05,1e-06,0,1e-06,1e-06,0,3e-06,0,1e-06,0,9e-06,0.000482,0.000137,0.000265,9.7e-05,1e-06,0,4.1e-05,3.1e-05,0,9e-06,1.5e-05,1e-06,0,2e-06,3e-06,0,0.001066,0.00012,0,0,0,0,0,0,0,0,0,0.000195,0,4e-06,3.4e-05,0,0,0.000163,4.6e-05,1.5e-05,1.3e-05,1.6e-05,0,6.9e-05,1.7e-05,0,1e-06,1e-05,1.1e-05,2e-06,0.000193,0,1.7e-05,1.1e-05,9.4e-05,1.1e-05,6.1e-05,2e-06,0,1e-06,1e-06,6.5e-05,0,9.4e-05,1.1e-05,4e-06,0.000197,0,2e-06,0,4e-06,7e-06,0.00025,2e-05,1e-06,1e-06,1.3e-05,3.2e-05,4e-06,0,3.9e-05,3e-06,1.1e-05,0.001204,2.9e-05,1.5e-05,0,1.5e-05,3e-06,1e-06,2.2e-05,0,3.8e-05,3.5e-05,1.1e-05,1e-06,0,1e-06,0,1.8e-05,0.000448,2e-06,2.4e-05,1e-06,0.001373,5e-06,3.3e-05,0,1e-06,0,0,6e-06,9e-06,7.1e-05,2e-06,3e-06,0.00012,0.0012,7e-06,4e-06,6e-06,7.4e-05,3e-06,2.8e-05,6e-06,0,6.3e-05,2.6e-05,4e-06,0.000216,0.005314,0,1e-06,0.000101,3.2e-05,7e-06,1e-06,3e-06,0,1.4e-05,0,1e-06,0,3.2e-05,1e-06,0.000125,3e-06,1.1e-05,0,4.9e-05,5e-06,0.000266,6.6e-05,0.000562,1e-06,1e-06,0,9.2e-05,0,0,4e-06,0,0.000469,4e-06,2.4e-05,0,0,0,1e-06,0.000119,3e-06,0.000194,1e-06,1e-06,0,0,0,0.004682,0.000136,1e-06,0,1e-06,1.1e-05,5.4e-05,0,9e-06,0.001454,0,0.000322,0,0,2e-06,4.8e-05,0,5e-06,0.000407,0.000682,1e-06,9.4e-05,3.5e-05,8e-06,1e-06,2e-06,0,0,0,6e-06,0,0,7.9e-05,3.2e-05,0,0.000165,0,5e-06,0.000163,5.7e-05,0,0,0.000246,1e-06,9e-06,1.3e-05,0,2.5e-05,3e-06,7e-06,0.004543,1e-06,0,0,0,2e-06,0,1e-06,1e-06,1.2e-05,1e-06,0.000226,7e-06,2.1e-05,0.000132,2e-06,9e-06,4.6e-05,0,0,0,4e-06,0,7e-05,9e-06,1e-06,1e-06,1e-06,7.8e-05,5e-05,1e-06,0,5e-06,1e-06,6.9e-05,0.000329,0.000171,7.2e-05,9e-06,0.000206,1.7e-05,0.000143,0.000814,0.000355,0.000762,3e-06,3.1e-05,2.9e-05,4.4e-05,2.1e-05,0.003091,0.002387,1.3e-05,0,2e-06,0,0.000265,1e-06,1e-06,0,1e-06,0,3.4e-05,5e-06,0.000756,6.1e-05,2.9e-05,0.000583,0,5e-05,3e-06,0.000485,9.3e-05,4.9e-05,1.9e-05,2e-06,1e-06,7e-06,0,0,0,0,2.9e-05,0.000328,5.7e-05,0.000193,0,3.6e-05,3e-06,0,0,1e-06,2e-06,1.6e-05,5e-06,1e-06,0.000271,0,0,0,0.000359,1e-06,0,8e-06,1e-06,7.2e-05,1.3e-05,0,0.00011,1e-06,0,1e-06,0,0,0,0
"arusha/meru/poli",0.00171,1e-06,1e-06,2e-06,0,9.8e-05,0,0,0,1.3e-05,0,0,0.000376,0.005244,2e-06,0,0,0,0,0,0,4.6e-05,0,2e-06,0,1e-06,0,0,0,0,0.000542,0,0,1e-06,0,0,0.000225,2e-06,0,5e-06,0,0,4e-06,1e-06,1e-06,0,4e-06,0.038112,0.000116,0,0,0,0,0,1e-06,0,9e-06,0,1.2e-05,3.7e-05,1.5e-05,2.2e-05,0.000105,0,0,0.001532,8.7e-05,0,4e-06,1.2e-05,0,0,1.1e-05,1e-06,0,1.5e-05,2e-06,0,0,0,0,0,0,0,0,0,0.001919,0,1e-06,3e-05,0,0,0.000359,0.001297,1e-06,4e-06,0.000107,0,0.000252,5.3e-05,0,0,8e-06,0.00035,1.1e-05,0.000302,0,8.8e-05,0.000134,1.6e-05,7.1e-05,0.000138,1e-06,8e-06,2e-06,1e-06,0.000828,0,0.000383,4e-05,1.8e-05,0.000726,1e-06,3e-06,0,3e-06,4e-06,0.010044,0.001111,2e-06,1e-06,3.6e-05,8.6e-05,1.9e-05,0,0.002031,5.7e-05,4e-05,0.000395,0.000155,0.000341,0,0.000359,1.3e-05,2e-06,4.3e-05,0,0.00013,0.00011,3.3e-05,1e-06,1e-06,2e-06,1e-06,1.7e-05,0.00254,3e-06,4e-06,1e-06,0.006453,1.1e-05,0.000102,1e-06,2e-06,0,0,1.7e-05,0.000208,0.002432,5e-06,1e-06,1e-04,0.033844,1.2e-05,2.3e-05,8e-06,0.00012,1e-06,0.000135,4e-06,0,1e-06,2.4e-05,1.8e-05,0.001099,0.032481,2e-06,3e-06,0.000577,0.000196,4.1e-05,0,1e-06,0,8e-06,0,1e-06,0,0.000142,0,0.010158,2e-06,1.1e-05,9e-06,0.000114,6.8e-05,0.000683,5.3e-05,8e-06,2e-06,2e-06,0,0.000189,1e-06,0,4e-06,0,0.000813,1.1e-05,6.4e-05,0,2.2e-05,0,6e-06,0.001031,2.3e-05,0.001078,9e-06,0,0,0,0,9.4e-05,0.001491,1e-06,0,3e-06,0.000246,8e-06,1e-06,0.000125,0.003546,1e-06,0.000589,0,2e-06,8e-06,0.003245,0,3.4e-05,0.013095,0.000863,4e-06,0.00554,7.3e-05,7e-06,2e-06,5e-06,2e-06,0,0,2.8e-05,0,0,2.1e-05,3e-06,0,0.000851,0,3e-06,0.00089,0.000152,1e-06,0,0.000599,3e-06,8e-06,3e-05,0,2e-06,2.4e-05,0,0.001413,0,0,0,0,4e-06,0,6e-06,1e-06,3.6e-05,1e-06,0.009922,2.8e-05,9.7e-05,0.00201,5.5e-05,2.7e-05,4e-06,0,0,2e-06,7e-06,0,4e-05,0.001159,0.000279,0.00012,3e-06,0.001123,2e-06,0,2e-06,1.7e-05,0,0,0.002292,0.000346,0.000832,5.6e-05,0.001588,0.000213,0.000231,0.01348,6e-06,8e-06,0.000147,1e-06,0.000498,0.001775,0.000219,0.001792,2.7e-05,1.7e-05,0,1.1e-05,2e-06,0,0,0,2e-06,0,0,4.9e-05,4e-06,3e-06,0.000973,4.4e-05,4e-06,0,0.000462,0.002038,0.018173,3.1e-05,9.4e-05,0.000126,4e-06,2e-06,3.5e-05,0,0,0,0,1e-06,0.019053,0.001554,0.004361,0,0.002611,1.3e-05,0,0,0,3e-06,0.000317,1.6e-05,2.8e-05,0.000389,0,0,0,0.000679,0,0,0.000238,2e-06,0.000317,4.8e-05,2e-06,0.022933,1e-06,0,1e-06,0,0,0,0
"manyara/babati/qashi",0,0,0,0,0,0,0,0,0,0,0,0,0,0,0,0,0,0,0,0,0,0,0,0,0,0,0,0,0,0,0,0,0,0,0,0,0,0,0,0,0,0,0,0,0,0,0,0,0,0,0,0,0,0,0,0,0,0,0,0,0,0,0,0,0,0,0,0,0,0,0,0,0,0,0,0,0,0,0,0,0,0,0,0,0,0,0,0,0,0,0,0,0,0,0,0,0,0,0,0,0,0,0,0,0,0,0,0,0,0,0,0,0,0,0,0,0,0,0,0,0,0,0,0,0,0,0,0,0,0,0,0,0,0,0,0,0,0,0,0,0,0,0,0,0,0,0,0,0,0,0,0,0,0,0,0,0,0,0,0,0,0,0,0,0,0,0,0,0,0,0,0,0,0,0,0,0,0,0,0,0,0,0,0,0,0,0,0,0,0,0,0,0,0,0,0,0,0,0,0,0,0,0,0,0,0,0,0,0,0,0,0,0,0,0,0,0,0,0,0,0,0,0,0,0,0,0,0,0,0,0,0,0,0,0,0,0,0,0,0,0,0,0,0,0,0,0,0,0,0,0,0,0,0,0,0,0,0,0,0,0,0,0,0,0,0,0,0,0,0,0,0,0,0,0,0,0,0,0,0,0,0,0,0,0,0,0,0,0,0,0,0,0,0,0,0,0,0,0,0,0,0,0,0,0,0,0,0,0,0,0,0,0,0,0,0,0,0,0,0,0,0,0,0,0,0,0,0,0,0,0,0,0,0,0,0,0,0,0,0,0,0,0,0,0,0,0,0,0,0,0,0,0,0,0,0,0,0,0,0,0,0,0,0,0,0,0,0,0,0,0,0,0,0,0,0,0,0,0,0,0,0,0,0,0,0,0,0,0,0,0,0,0,0,0,0,0,0
"arusha/karatu/qurus",0,0,0,0,0,0,0,0,0,0,0,0,0,0,0,0,0,0,0,0,0,0,0,0,0,0,0,0,0,0,0,0,0,0,0,0,0,0,0,0,0,0,0,0,0,0,0,0,0,0,0,0,0,0,0,0,0,0,0,0,0,0,0,0,0,0,0,0,0,0,0,0,0,0,0,0,0,0,0,0,0,0,0,0,0,0,0,0,0,0,0,0,0,0,0,0,0,0,0,0,0,0,0,0,0,0,0,0,0,0,0,0,0,0,0,0,0,0,0,0,0,0,0,0,0,0,0,0,0,0,0,0,0,0,0,0,0,0,0,0,0,0,0,0,0,0,0,0,0,0,0,0,0,0,0,0,0,0,0,0,0,0,0,0,0,0,0,0,0,0,0,0,0,0,0,0,0,0,0,0,0,0,0,0,0,0,0,0,0,0,0,0,0,0,0,0,0,0,0,0,0,0,0,0,0,0,0,0,0,0,0,0,0,0,0,0,0,0,0,0,0,0,0,0,0,0,0,0,0,0,0,0,0,0,0,0,0,0,0,0,0,0,0,0,0,0,0,0,0,0,0,0,0,0,0,0,0,0,0,0,0,0,0,0,0,0,0,0,0,0,0,0,0,0,0,0,0,0,0,0,0,0,0,0,0,0,0,0,0,0,0,0,0,0,0,0,0,0,0,0,0,0,0,0,0,0,0,0,0,0,0,0,0,0,0,0,0,0,0,0,0,0,0,0,0,0,0,0,0,0,0,0,0,0,0,0,0,0,0,0,0,0,0,0,0,0,0,0,0,0,0,0,0,0,0,0,0,0,0,0,0,0,0,0,0,0,0,0,0,0,0,0,0,0,0,0,0,0,0,0,0,0,0,0,0,0,0,0,0,0,0,0,0,0,0,0,0,0
"kilimanjaro/moshimunicipal/rau",0,0,0,0,0,0,0,0,0,0,0,0,0,0,0,0,0,0,0,0,0,0,0,0,0,0,0,0,0,0,0,0,0,0,0,0,0,0,0,0,0,0,0,0,0,0,0,0,0,0,0,0,0,0,0,0,0,0,0,0,0,0,0,0,0,0,0,0,0,0,0,0,0,0,0,0,0,0,0,0,0,0,0,0,0,0,0,0,0,0,0,0,0,0,0,0,0,0,0,0,0,0,0,0,0,0,0,0,0,0,0,0,0,0,0,0,0,0,0,0,0,0,0,0,0,0,0,0,0,0,0,0,0,0,0,0,0,0,0,0,0,0,0,0,0,0,0,0,0,0,0,0,0,0,0,0,0,0,0,0,0,0,0,0,0,0,0,0,0,0,0,0,0,0,0,0,0,0,0,0,0,0,0,0,0,0,0,0,0,0,0,0,0,0,0,0,0,0,0,0,0,0,0,0,0,0,0,0,0,0,0,0,0,0,0,0,0,0,0,0,0,0,0,0,0,0,0,0,0,0,0,0,0,0,0,0,0,0,0,0,0,0,0,0,0,0,0,0,0,0,0,0,0,0,0,0,0,0,0,0,0,0,0,0,0,0,0,0,0,0,0,0,0,0,0,0,0,0,0,0,0,0,0,0,0,0,0,0,0,0,0,0,0,0,0,0,0,0,0,0,0,0,0,0,0,0,0,0,0,0,0,0,0,0,0,0,0,0,0,0,0,0,0,0,0,0,0,0,0,0,0,0,0,0,0,0,0,0,0,0,0,0,0,0,0,0,0,0,0,0,0,0,0,0,0,0,0,0,0,0,0,0,0,0,0,0,0,0,0,0,0,0,0,0,0,0,0,0,0,0,0,0,0,0,0,0,0,0,0,0,0,0,0,0,0,0,0,0
"arusha/karatu/rhotia",0,0,0,0,0,0,0,0,0,0,0,0,0,0,0,0,0,0,0,0,0,0,0,0,0,0,0,0,0,0,0,0,0,0,0,0,0,0,0,0,0,0,0,0,0,0,0,0,0,0,0,0,0,0,0,0,0,0,0,0,0,0,0,0,0,0,0,0,0,0,0,0,0,0,0,0,0,0,0,0,0,0,0,0,0,0,0,0,0,0,0,0,0,0,0,0,0,0,0,0,0,0,0,0,0,0,0,0,0,0,0,0,0,0,0,0,0,0,0,0,0,0,0,0,0,0,0,0,0,0,0,0,0,0,0,0,0,0,0,0,0,0,0,0,0,0,0,0,0,0,0,0,0,0,0,0,0,0,0,0,0,0,0,0,0,0,0,0,0,0,0,0,0,0,0,0,0,0,0,0,0,0,0,0,0,0,0,0,0,0,0,0,0,0,0,0,0,0,0,0,0,0,0,0,0,0,0,0,0,0,0,0,0,0,0,0,0,0,0,0,0,0,0,0,0,0,0,0,0,0,0,0,0,0,0,0,0,0,0,0,0,0,0,0,0,0,0,0,0,0,0,0,0,0,0,0,0,0,0,0,0,0,0,0,0,0,0,0,0,0,0,0,0,0,0,0,0,0,0,0,0,0,0,0,0,0,0,0,0,0,0,0,0,0,0,0,0,0,0,0,0,0,0,0,0,0,0,0,0,0,0,0,0,0,0,0,0,0,0,0,0,0,0,0,0,0,0,0,0,0,0,0,0,0,0,0,0,0,0,0,0,0,0,0,0,0,0,0,0,0,0,0,0,0,0,0,0,0,0,0,0,0,0,0,0,0,0,0,0,0,0,0,0,0,0,0,0,0,0,0,0,0,0,0,0,0,0,0,0,0,0,0,0,0,0,0,0,0
"manyara/babati/riroda",0,0,0,0,0,0,0,0,0,0,0,0,0,0,0,0,0,0,0,0,0,0,0,0,0,0,0,0,0,0,0,0,0,0,0,0,0,0,0,0,0,0,0,0,0,0,0,0,0,0,0,0,0,0,0,0,0,0,0,0,0,0,0,0,0,0,0,0,0,0,0,0,0,0,0,0,0,0,0,0,0,0,0,0,0,0,0,0,0,0,0,0,0,0,0,0,0,0,0,0,0,0,0,0,0,0,0,0,0,0,0,0,0,0,0,0,0,0,0,0,0,0,0,0,0,0,0,0,0,0,0,0,0,0,0,0,0,0,0,0,0,0,0,0,0,0,0,0,0,0,0,0,0,0,0,0,0,0,0,0,0,0,0,0,0,0,0,0,0,0,0,0,0,0,0,0,0,0,0,0,0,0,0,0,0,0,0,0,0,0,0,0,0,0,0,0,0,0,0,0,0,0,0,0,0,0,0,0,0,0,0,0,0,0,0,0,0,0,0,0,0,0,0,0,0,0,0,0,0,0,0,0,0,0,0,0,0,0,0,0,0,0,0,0,0,0,0,0,0,0,0,0,0,0,0,0,0,0,0,0,0,0,0,0,0,0,0,0,0,0,0,0,0,0,0,0,0,0,0,0,0,0,0,0,0,0,0,0,0,0,0,0,0,0,0,0,0,0,0,0,0,0,0,0,0,0,0,0,0,0,0,0,0,0,0,0,0,0,0,0,0,0,0,0,0,0,0,0,0,0,0,0,0,0,0,0,0,0,0,0,0,0,0,0,0,0,0,0,0,0,0,0,0,0,0,0,0,0,0,0,0,0,0,0,0,0,0,0,0,0,0,0,0,0,0,0,0,0,0,0,0,0,0,0,0,0,0,0,0,0,0,0,0,0,0,0,0,0
"kilimanjaro/same/ruvu",0.00011,7e-06,4.2e-05,4.5e-05,1e-06,0.002781,1e-06,1e-06,1e-06,0.000339,6e-06,1e-06,7.1e-05,0.001109,4.5e-05,2e-06,1e-06,6e-06,1e-06,4e-06,0.000177,9.1e-05,1e-06,3.6e-05,0.000297,1.1e-05,3e-06,2e-06,2e-06,0.000476,0.000836,1.2e-05,0.000238,0.000119,7e-06,2e-06,9.5e-05,5.1e-05,4e-06,8.2e-05,1e-06,1e-06,0.000445,3.5e-05,5.5e-05,2e-06,1.7e-05,0.021059,0.001822,2e-06,1e-06,2e-06,2e-06,2e-06,4.3e-05,1e-06,3.8e-05,4e-06,0.009645,0.000783,0.000112,0.000155,0.000273,4e-05,0,0.000722,0.000175,1e-06,3.3e-05,0.000323,2e-06,0,2.7e-05,2e-05,4e-06,0.000137,1.8e-05,1e-06,1e-06,1e-06,1e-06,5e-06,1e-06,2e-06,3e-06,1e-06,0.009074,1e-06,3.1e-05,0.040638,1e-06,1e-06,0.016595,0.000493,9e-06,7.9e-05,0.000373,4.5e-05,0.009887,0.002422,1e-06,2e-06,0.005455,0.000144,0.000188,0.002763,2e-06,0.001051,0.000159,0.000206,0.00027,0.002684,2.5e-05,4e-06,4.7e-05,4e-05,0.003296,1e-05,0.006458,0.000396,0.000149,0.007955,0.000128,0.00058,6.6e-05,0.002652,0.000634,0.007082,0.000621,4e-05,3.7e-05,0.001224,0.00549,0.000246,6.4e-05,0.000574,2.7e-05,0.000797,0.002388,0.001494,0.000427,0.000213,0.000176,0.000138,5.6e-05,0.008945,2e-06,0.003568,0.002343,0.000922,2.9e-05,0.000235,5.1e-05,0.001259,0.01007,0.003847,8.2e-05,1.8e-05,0.000403,0.086186,0.000946,0.002261,1.6e-05,0.000615,1e-06,1e-06,0.001707,0.000165,0.001122,0.001189,0.000188,0.000473,0.0154,0.030365,8.7e-05,0.000407,0.001144,6e-06,0.001668,0.000733,0.000127,1.3e-05,0.033968,0.000415,0.007297,0.250724,1.2e-05,2.7e-05,0.00424,0.001134,0.000505,1.4e-05,1.9e-05,1e-06,0.000166,2.2e-05,4.9e-05,2e-06,0.002158,1e-06,0.002836,0.000218,0.032419,2e-05,0.002852,0.000112,0.029527,0.000347,0.000129,5.1e-05,4.9e-05,5e-06,0.007857,1.9e-05,1e-06,0.002448,1e-06,0.022873,0.000253,0.001768,1e-06,1.6e-05,1e-06,2.5e-05,0.00466,8.7e-05,0.005679,8.3e-05,6e-06,1e-06,1e-06,1e-06,0.000987,0.001772,5.2e-05,3e-06,4.6e-05,0.000491,7.3e-05,3.6e-05,0.000564,0.015566,1.7e-05,0.257101,0.000363,3.5e-05,0.000123,0.001013,2e-06,7.8e-05,0.005123,0.002121,8e-06,0.001633,0.000774,0.009077,4.1e-05,0.000612,2.9e-05,0.000403,0.000251,0.001164,2e-06,0.000244,0.000203,2e-05,2e-06,0.001203,1e-06,4.8e-05,0.001065,0.016699,9.4e-05,0.001131,0.021514,9.6e-05,0.008065,0.003688,2e-06,2.1e-05,0.000414,2e-06,0.009636,4e-06,1.1e-05,2e-06,1e-06,6.8e-05,2e-06,1.7e-05,0.000119,0.000157,0.000554,0.006244,0.000506,0.000329,0.001465,2.6e-05,0.007244,6.4e-05,1.9e-05,5.6e-05,3.3e-05,0.008319,1.6e-05,0.000524,0.000139,2.2e-05,1.1e-05,2.7e-05,0.000945,3.6e-05,3.2e-05,3.2e-05,0.000302,1e-06,6e-06,0.002377,0.007547,0.001615,0.000286,0.001462,0.00055,0.001309,0.00801,0.000124,0.000157,4.6e-05,2e-05,0.000313,0.000552,0.00018,0.00717,0.000541,0.008642,1.4e-05,0.000171,2.4e-05,0.004951,1.2e-05,2e-06,2.6e-05,2e-06,2e-06,0,0.003289,4.7e-05,0.000554,0.085728,6.7e-05,1e-06,0.001036,6e-05,0.006578,0.000183,0.000301,0.001911,0.000649,6.7e-05,0.000462,2e-06,1e-06,2e-06,1e-06,1.3e-05,0.004512,0.000854,0.002527,1.9e-05,0.000536,0.000175,0.000553,0.000472,3.9e-05,4.9e-05,0.000301,0.000191,1e-05,0.001489,1e-06,9.2e-05,1e-06,0.013865,1.3e-05,1e-06,0.000112,3e-05,0.003855,0.000725,2.3e-05,0.002496,2.7e-05,0.000528,0.000594,0.000136,8.5e-05,1e-06,1e-06
"manyara/simanjiro/ruvuremiti",0,0,0,0,0,0,0,0,0,0,0,0,0,0,0,0,0,0,0,0,0,0,0,0,0,0,0,0,0,0,0,0,0,0,0,0,0,0,0,0,0,0,0,0,0,0,0,0,0,0,0,0,0,0,0,0,0,0,0,0,0,0,0,0,0,0,0,0,0,0,0,0,0,0,0,0,0,0,0,0,0,0,0,0,0,0,0,0,0,0,0,0,0,0,0,0,0,0,0,0,0,0,0,0,0,0,0,0,0,0,0,0,0,0,0,0,0,0,0,0,0,0,0,0,0,0,0,0,0,0,0,0,0,0,0,0,0,0,0,0,0,0,0,0,0,0,0,0,0,0,0,0,0,0,0,0,0,0,0,0,0,0,0,0,0,0,0,0,0,0,0,0,0,0,0,0,0,0,0,0,0,0,0,0,0,0,0,0,0,0,0,0,0,0,0,0,0,0,0,0,0,0,0,0,0,0,0,0,0,0,0,0,0,0,0,0,0,0,0,0,0,0,0,0,0,0,0,0,0,0,0,0,0,0,0,0,0,0,0,0,0,0,0,0,0,0,0,0,0,0,0,0,0,0,0,0,0,0,0,0,0,0,0,0,0,0,0,0,0,0,0,0,0,0,0,0,0,0,0,0,0,0,0,0,0,0,0,0,0,0,0,0,0,0,0,0,0,0,0,0,0,0,0,0,0,0,0,0,0,0,0,0,0,0,0,0,0,0,0,0,0,0,0,0,0,0,0,0,0,0,0,0,0,0,0,0,0,0,0,0,0,0,0,0,0,0,0,0,0,0,0,0,0,0,0,0,0,0,0,0,0,0,0,0,0,0,0,0,0,0,0,0,0,0,0,0,0,0,0,0,0,0,0,0,0,0,0,0,0,0,0,0,0,0,0,0,0,0
"arusha/ngorongoro/sale",0,0,0,0,0,0,0,0,0,0,0,0,0,0,0,0,0,0,0,0,0,0,0,0,0,0,0,0,0,0,0,0,0,0,0,0,0,0,0,0,0,0,0,0,0,0,0,0,0,0,0,0,0,0,0,0,0,0,0,0,0,0,0,0,0,0,0,0,0,0,0,0,0,0,0,0,0,0,0,0,0,0,0,0,0,0,0,0,0,0,0,0,0,0,0,0,0,0,0,0,0,0,0,0,0,0,0,0,0,0,0,0,0,0,0,0,0,0,0,0,0,0,0,0,0,0,0,0,0,0,0,0,0,0,0,0,0,0,0,0,0,0,0,0,0,0,0,0,0,0,0,0,0,0,0,0,0,0,0,0,0,0,0,0,0,0,0,0,0,0,0,0,0,0,0,0,0,0,0,0,0,0,0,0,0,0,0,0,0,0,0,0,0,0,0,0,0,0,0,0,0,0,0,0,0,0,0,0,0,0,0,0,0,0,0,0,0,0,0,0,0,0,0,0,0,0,0,0,0,0,0,0,0,0,0,0,0,0,0,0,0,0,0,0,0,0,0,0,0,0,0,0,0,0,0,0,0,0,0,0,0,0,0,0,0,0,0,0,0,0,0,0,0,0,0,0,0,0,0,0,0,0,0,0,0,0,0,0,0,0,0,0,0,0,0,0,0,0,0,0,0,0,0,0,0,0,0,0,0,0,0,0,0,0,0,0,0,0,0,0,0,0,0,0,0,0,0,0,0,0,0,0,0,0,0,0,0,0,0,0,0,0,0,0,0,0,0,0,0,0,0,0,0,0,0,0,0,0,0,0,0,0,0,0,0,0,0,0,0,0,0,0,0,0,0,0,0,0,0,0,0,0,0,0,0,0,0,0,0,0,0,0,0,0,0,0,0,0
"arusha/arusha/sambasha",0,0,0,0,0,0,0,0,0,0,0,0,0,0,0,0,0,0,0,0,0,0,0,0,0,0,0,0,0,0,0,0,0,0,0,0,0,0,0,0,0,0,0,0,0,0,0,0,0,0,0,0,0,0,0,0,0,0,0,0,0,0,0,0,0,0,0,0,0,0,0,0,0,0,0,0,0,0,0,0,0,0,0,0,0,0,0,0,0,0,0,0,0,0,0,0,0,0,0,0,0,0,0,0,0,0,0,0,0,0,0,0,0,0,0,0,0,0,0,0,0,0,0,0,0,0,0,0,0,0,0,0,0,0,0,0,0,0,0,0,0,0,0,0,0,0,0,0,0,0,0,0,0,0,0,0,0,0,0,0,0,0,0,0,0,0,0,0,0,0,0,0,0,0,0,0,0,0,0,0,0,0,0,0,0,0,0,0,0,0,0,0,0,0,0,0,0,0,0,0,0,0,0,0,0,0,0,0,0,0,0,0,0,0,0,0,0,0,0,0,0,0,0,0,0,0,0,0,0,0,0,0,0,0,0,0,0,0,0,0,0,0,0,0,0,0,0,0,0,0,0,0,0,0,0,0,0,0,0,0,0,0,0,0,0,0,0,0,0,0,0,0,0,0,0,0,0,0,0,0,0,0,0,0,0,0,0,0,0,0,0,0,0,0,0,0,0,0,0,0,0,0,0,0,0,0,0,0,0,0,0,0,0,0,0,0,0,0,0,0,0,0,0,0,0,0,0,0,0,0,0,0,0,0,0,0,0,0,0,0,0,0,0,0,0,0,0,0,0,0,0,0,0,0,0,0,0,0,0,0,0,0,0,0,0,0,0,0,0,0,0,0,0,0,0,0,0,0,0,0,0,0,0,0,0,0,0,0,0,0,0,0,0,0,0,0,0,0
"kilimanjaro/same/same",3e-06,0,1e-06,1e-06,0,8.8e-05,0,0,0,6e-06,0,0,2e-06,2.5e-05,1e-06,0,0,0,0,0,3e-06,2e-06,0,1e-06,8e-06,0,0,0,0,9e-06,1.8e-05,0,6e-06,7e-06,0,0,2e-06,1e-06,0,2e-06,0,0,8e-06,1e-06,1e-06,0,0,0.000477,3.2e-05,0,0,0,0,0,1e-06,0,1e-06,0,7.8e-05,1.6e-05,3e-06,3e-06,6e-06,1e-06,0,1.6e-05,4e-06,0,1e-06,6e-06,0,0,1e-06,0,0,3e-06,0,0,0,0,0,0,0,0,0,0,0.000251,0,1e-06,0.000615,0,0,0.00064,1.1e-05,0,2e-06,1e-05,2e-06,0.000345,9e-05,0,0,0.000134,3e-06,6e-06,7.8e-05,0,3.2e-05,4e-06,4e-06,7e-06,8.8e-05,0,0,2e-06,1e-06,8.7e-05,0,0.000208,1.2e-05,4e-06,0.000245,6e-06,3.1e-05,4e-06,5.3e-05,9e-06,0.000176,1.4e-05,1e-06,1e-06,4.4e-05,0.000219,8e-06,4e-06,1.3e-05,1e-06,2.6e-05,5.8e-05,4.5e-05,1.1e-05,4e-06,4e-06,4e-06,2e-06,0.000511,0,0.000123,7.8e-05,3.2e-05,1e-06,1e-05,2e-06,0.000179,0.00044,8.3e-05,3e-06,0,5e-06,0.002853,4.1e-05,3.8e-05,0,4.4e-05,0,0,6.5e-05,4e-06,2.5e-05,6.1e-05,3e-06,1e-05,0.000349,0.000171,2e-06,6e-06,2.2e-05,0,5.1e-05,1e-05,3e-06,0,0.000418,1.3e-05,0.000213,0.009002,0,1e-06,0.000124,3.3e-05,1.5e-05,0,0,0,3e-06,0,2e-06,0,6.8e-05,0,6.9e-05,3e-06,0.000382,0,9.8e-05,3e-06,0.001134,7e-06,3e-06,2e-06,2e-06,0,0.000294,1e-06,0,7.3e-05,0,0.000796,9e-06,6.2e-05,0,0,0,1e-06,0.00013,2e-06,0.000162,2e-06,0,0,0,0,2.3e-05,3.8e-05,1e-06,0,1e-06,1.1e-05,2e-06,1e-06,1.3e-05,0.000317,1e-06,0.027886,1.7e-05,1e-06,4e-06,2.3e-05,0,2e-06,0.000116,4.7e-05,0,3.7e-05,2.3e-05,0.000194,1e-06,2.9e-05,1e-06,1.8e-05,9e-06,3.4e-05,0,6e-06,4e-06,0,0,2.6e-05,0,1e-06,2.4e-05,0.000724,4e-06,2.6e-05,0.000795,3e-06,0.000169,4.9e-05,0,0,1e-05,0,0.000238,0,0,0,0,2e-06,0,0,2e-06,4e-06,1.3e-05,0.00014,1.6e-05,9e-06,3.6e-05,1e-06,0.000177,1e-06,1e-06,3e-06,1e-06,0.001608,0,1e-05,3e-06,1e-06,0,1e-06,2.1e-05,1e-06,1e-06,1e-06,1e-05,0,0,5.7e-05,0.000251,3.4e-05,6e-06,3.3e-05,1.5e-05,3.5e-05,0.000182,3e-06,3e-06,1e-06,0,7e-06,1.3e-05,4e-06,0.000174,1.2e-05,8.1e-05,0,5e-06,1e-06,0.000116,0,0,1e-06,0,0,0.002425,4e-05,1e-06,1.3e-05,0,1e-06,0,2.8e-05,1e-06,0.000149,4e-06,6e-06,3.8e-05,3.2e-05,2e-06,1.4e-05,0,0,0,0,0,0.000103,1.9e-05,5.6e-05,0,1.3e-05,5e-06,3e-05,9e-06,1e-06,2e-06,6e-06,3e-06,0,3.8e-05,0,7e-06,0,0.000457,0,0,2e-06,1e-06,0.000119,2.3e-05,1e-06,5.9e-05,1e-06,1.7e-05,1.8e-05,1.8e-05,1e-06,0,0
"arusha/ngorongoro/samunge",0,0,0,0,0,0,0,0,0,0,0,0,0,0,0,0,0,0,0,0,0,0,0,0,0,0,0,0,0,0,0,0,0,0,0,0,0,0,0,0,0,0,0,0,0,0,0,0,0,0,0,0,0,0,0,0,0,0,0,0,0,0,0,0,0,0,0,0,0,0,0,0,0,0,0,0,0,0,0,0,0,0,0,0,0,0,0,0,0,0,0,0,0,0,0,0,0,0,0,0,0,0,0,0,0,0,0,0,0,0,0,0,0,0,0,0,0,0,0,0,0,0,0,0,0,0,0,0,0,0,0,0,0,0,0,0,0,0,0,0,0,0,0,0,0,0,0,0,0,0,0,0,0,0,0,0,0,0,0,0,0,0,0,0,0,0,0,0,0,0,0,0,0,0,0,0,0,0,0,0,0,0,0,0,0,0,0,0,0,0,0,0,0,0,0,0,0,0,0,0,0,0,0,0,0,0,0,0,0,0,0,0,0,0,0,0,0,0,0,0,0,0,0,0,0,0,0,0,0,0,0,0,0,0,0,0,0,0,0,0,0,0,0,0,0,0,0,0,0,0,0,0,0,0,0,0,0,0,0,0,0,0,0,0,0,0,0,0,0,0,0,0,0,0,0,0,0,0,0,0,0,0,0,0,0,0,0,0,0,0,0,0,0,0,0,0,0,0,0,0,0,0,0,0,0,0,0,0,0,0,0,0,0,0,0,0,0,0,0,0,0,0,0,0,0,0,0,0,0,0,0,0,0,0,0,0,0,0,0,0,0,0,0,0,0,0,0,0,0,0,0,0,0,0,0,0,0,0,0,0,0,0,0,0,0,0,0,0,0,0,0,0,0,0,0,0,0,0,0,0,0,0,0,0,0,0,0,0,0,0,0,0,0,0,0,0,0,0
"manyara/mbulu/sanubaray",0,0,0,0,0,0,0,0,0,0,0,0,0,0,0,0,0,0,0,0,0,0,0,0,0,0,0,0,0,0,0,0,0,0,0,0,0,0,0,0,0,0,0,0,0,0,0,0,0,0,0,0,0,0,0,0,0,0,0,0,0,0,0,0,0,0,0,0,0,0,0,0,0,0,0,0,0,0,0,0,0,0,0,0,0,0,0,0,0,0,0,0,0,0,0,0,0,0,0,0,0,0,0,0,0,0,0,0,0,0,0,0,0,0,0,0,0,0,0,0,0,0,0,0,0,0,0,0,0,0,0,0,0,0,0,0,0,0,0,0,0,0,0,0,0,0,0,0,0,0,0,0,0,0,0,0,0,0,0,0,0,0,0,0,0,0,0,0,0,0,0,0,0,0,0,0,0,0,0,0,0,0,0,0,0,0,0,0,0,0,0,0,0,0,0,0,0,0,0,0,0,0,0,0,0,0,0,0,0,0,0,0,0,0,0,0,0,0,0,0,0,0,0,0,0,0,0,0,0,0,0,0,0,0,0,0,0,0,0,0,0,0,0,0,0,0,0,0,0,0,0,0,0,0,0,0,0,0,0,0,0,0,0,0,0,0,0,0,0,0,0,0,0,0,0,0,0,0,0,0,0,0,0,0,0,0,0,0,0,0,0,0,0,0,0,0,0,0,0,0,0,0,0,0,0,0,0,0,0,0,0,0,0,0,0,0,0,0,0,0,0,0,0,0,0,0,0,0,0,0,0,0,0,0,0,0,0,0,0,0,0,0,0,0,0,0,0,0,0,0,0,0,0,0,0,0,0,0,0,0,0,0,0,0,0,0,0,0,0,0,0,0,0,0,0,0,0,0,0,0,0,0,0,0,0,0,0,0,0,0,0,0,0,0,0,0,0,0
"kilimanjaro/siha/sanyajuu",0.000285,3e-06,2.5e-05,1.5e-05,0,0.00112,0,0,0,5.8e-05,1e-06,0,0.000204,0.002419,1e-05,0,0,1e-06,0,1e-06,2e-06,0.012411,0,4.2e-05,2e-06,1.4e-05,0,0,0,3e-06,0.000769,1e-06,1e-06,5e-06,2e-06,0,0.000174,9e-06,1e-06,3.2e-05,0,0,2.8e-05,6e-06,4e-06,0,1.7e-05,0.037277,0.000377,1e-06,0,1e-06,1e-06,0,7e-06,0,3e-05,1e-06,6.9e-05,0.000204,0.000126,0.000103,0.000622,3e-06,0,0.001124,0.000208,0,1.3e-05,4.8e-05,1e-06,0,0.001594,5e-06,1e-06,1e-04,1.2e-05,0,0,0,0,1e-06,0,0,0,0,0.036144,0,5e-06,0.000224,0,0,0.005365,0.001593,7e-06,1.7e-05,0.014783,4e-06,0.003146,0.000711,0,0,6.2e-05,0.000283,0.000204,0.007278,0,0.001864,0.00358,7.2e-05,0.007745,0.002933,4e-06,7e-06,3.9e-05,2.3e-05,0.008638,1e-06,0.007509,0.001289,0.000634,0.020954,9e-06,3.3e-05,3e-06,2.4e-05,2.5e-05,0.035089,0.001134,3.8e-05,2.8e-05,0.000573,0.001074,0.000386,2e-06,0.001194,6.1e-05,0.000772,0.004052,0.004016,0.003782,1e-06,0.000342,0.000352,4.3e-05,0.000443,0,0.002102,0.002148,0.000558,2.7e-05,6e-06,3e-05,4e-06,0.000149,0.004575,6.3e-05,2.1e-05,7e-06,0.117102,0.000128,0.000342,2.1e-05,1.8e-05,0,0,0.000165,0.002711,0.001836,4.9e-05,9e-06,0.000314,0.028749,7.4e-05,0.002532,3.4e-05,0.000361,1.3e-05,0.003012,2.2e-05,1e-06,4e-06,0.00017,0.000262,0.046417,0.454254,8.6e-05,0.000139,0.018831,0.008779,0.000657,2e-06,5e-06,0,3.4e-05,1e-06,2e-05,0,0.002806,1e-06,0.014216,1.2e-05,8.3e-05,3.3e-05,0.002167,0.005361,0.010014,0.000169,4.6e-05,3.4e-05,2.8e-05,1e-06,0.002968,1e-05,0,2.9e-05,0,0.014433,0.000214,0.00114,0,4.2e-05,0,0.000392,0.033384,0.001984,0.061427,0.00012,1e-06,0,0,0,7e-04,0.002036,4e-06,4e-06,6.1e-05,5e-04,3.5e-05,1.8e-05,0.000457,0.0087,2.4e-05,0.005227,2e-06,4.2e-05,0.000145,0.001755,0,5.9e-05,0.010641,0.002922,9e-06,0.002995,0.001984,5.6e-05,2.9e-05,5.7e-05,3.2e-05,2e-06,2e-06,0.000236,1e-06,2e-06,8.3e-05,2.2e-05,0,0.001653,0,1.2e-05,0.001879,0.001591,9e-06,2e-06,0.009626,5.5e-05,6e-05,0.00014,0,9e-06,0.000148,1e-06,0.01523,1e-06,1e-06,0,0,8.8e-05,0,0.002288,5e-06,0.001342,5e-06,0.008911,0.000534,0.006505,0.011064,4.9e-05,0.000189,2e-05,7e-06,2e-06,4.1e-05,5.5e-05,1e-06,0.00015,0.000368,9.2e-05,3.5e-05,0.000102,0.001352,1.1e-05,2e-06,2.6e-05,0.000351,0,2e-06,0.010258,0.006938,0.001261,0.000124,0.003343,0.006773,0.005387,0.017035,3.8e-05,5.3e-05,8.9e-05,6e-06,0.000583,0.001306,0.000335,0.015678,0.000186,9.8e-05,1e-06,0.000202,1.2e-05,0.01559,2e-06,1e-06,4e-05,1e-06,0,0.000352,2.9e-05,1.8e-05,0.00164,0.000352,2.4e-05,0,0,0.000184,0.013154,0.000116,0.000239,0.000454,4.5e-05,4e-05,0.000677,0,0,0,0,4e-06,0.010894,0.00134,0.004168,1e-06,0.002737,0.000257,1e-06,2e-06,2e-06,7.3e-05,0.000344,4.6e-05,1.9e-05,0.00601,0,2e-06,0,0.013743,2e-06,0,0.000202,6.2e-05,0.007644,0.001104,3.8e-05,0.007439,2.6e-05,2e-06,4e-06,1e-06,1e-06,0,0
"arusha/meru/seelasingisi",0,0,0,0,0,0,0,0,0,0,0,0,0,0,0,0,0,0,0,0,0,0,0,0,0,0,0,0,0,0,0,0,0,0,0,0,0,0,0,0,0,0,0,0,0,0,0,0,0,0,0,0,0,0,0,0,0,0,0,0,0,0,0,0,0,0,0,0,0,0,0,0,0,0,0,0,0,0,0,0,0,0,0,0,0,0,0,0,0,0,0,0,0,0,0,0,0,0,0,0,0,0,0,0,0,0,0,0,0,0,0,0,0,0,0,0,0,0,0,0,0,0,0,0,0,0,0,0,0,0,0,0,0,0,0,0,0,0,0,0,0,0,0,0,0,0,0,0,0,0,0,0,0,0,0,0,0,0,0,0,0,0,0,0,0,0,0,0,0,0,0,0,0,0,0,0,0,0,0,0,0,0,0,0,0,0,0,0,0,0,0,0,0,0,0,0,0,0,0,0,0,0,0,0,0,0,0,0,0,0,0,0,0,0,0,0,0,0,0,0,0,0,0,0,0,0,0,0,0,0,0,0,0,0,0,0,0,0,0,0,0,0,0,0,0,0,0,0,0,0,0,0,0,0,0,0,0,0,0,0,0,0,0,0,0,0,0,0,0,0,0,0,0,0,0,0,0,0,0,0,0,0,0,0,0,0,0,0,0,0,0,0,0,0,0,0,0,0,0,0,0,0,0,0,0,0,0,0,0,0,0,0,0,0,0,0,0,0,0,0,0,0,0,0,0,0,0,0,0,0,0,0,0,0,0,0,0,0,0,0,0,0,0,0,0,0,0,0,0,0,0,0,0,0,0,0,0,0,0,0,0,0,0,0,0,0,0,0,0,0,0,0,0,0,0,0,0,0,0,0,0,0,0,0,0,0,0,0,0,0,0,0,0,0,0,0,0,0
"arusha/arushaurban/sekei",0,0,0,0,0,0,0,0,0,0,0,0,0,0,0,0,0,0,0,0,0,0,0,0,0,0,0,0,0,0,0,0,0,0,0,0,0,0,0,0,0,0,0,0,0,0,0,0,0,0,0,0,0,0,0,0,0,0,0,0,0,0,0,0,0,0,0,0,0,0,0,0,0,0,0,0,0,0,0,0,0,0,0,0,0,0,0,0,0,0,0,0,0,0,0,0,0,0,0,0,0,0,0,0,0,0,0,0,0,0,0,0,0,0,0,0,0,0,0,0,0,0,0,0,0,0,0,0,0,0,0,0,0,0,0,0,0,0,0,0,0,0,0,0,0,0,0,0,0,0,0,0,0,0,0,0,0,0,0,0,0,0,0,0,0,0,0,0,0,0,0,0,0,0,0,0,0,0,0,0,0,0,0,0,0,0,0,0,0,0,0,0,0,0,0,0,0,0,0,0,0,0,0,0,0,0,0,0,0,0,0,0,0,0,0,0,0,0,0,0,0,0,0,0,0,0,0,0,0,0,0,0,0,0,0,0,0,0,0,0,0,0,0,0,0,0,0,0,0,0,0,0,0,0,0,0,0,0,0,0,0,0,0,0,0,0,0,0,0,0,0,0,0,0,0,0,0,0,0,0,0,0,0,0,0,0,0,0,0,0,0,0,0,0,0,0,0,0,0,0,0,0,0,0,0,0,0,0,0,0,0,0,0,0,0,0,0,0,0,0,0,0,0,0,0,0,0,0,0,0,0,0,0,0,0,0,0,0,0,0,0,0,0,0,0,0,0,0,0,0,0,0,0,0,0,0,0,0,0,0,0,0,0,0,0,0,0,0,0,0,0,0,0,0,0,0,0,0,0,0,0,0,0,0,0,0,0,0,0,0,0,0,0,0,0,0,0,0
"arusha/monduli/selela",0,0,0,0,0,0,0,0,0,0,0,0,0,0,0,0,0,0,0,0,0,0,0,0,0,0,0,0,0,0,0,0,0,0,0,0,0,0,0,0,0,0,0,0,0,0,0,0,0,0,0,0,0,0,0,0,0,0,0,0,0,0,0,0,0,0,0,0,0,0,0,0,0,0,0,0,0,0,0,0,0,0,0,0,0,0,0,0,0,0,0,0,0,0,0,0,0,0,0,0,0,0,0,0,0,0,0,0,0,0,0,0,0,0,0,0,0,0,0,0,0,0,0,0,0,0,0,0,0,0,0,0,0,0,0,0,0,0,0,0,0,0,0,0,0,0,0,0,0,0,0,0,0,0,0,0,0,0,0,0,0,0,0,0,0,0,0,0,0,0,0,0,0,0,0,0,0,0,0,0,0,0,0,0,0,0,0,0,0,0,0,0,0,0,0,0,0,0,0,0,0,0,0,0,0,0,0,0,0,0,0,0,0,0,0,0,0,0,0,0,0,0,0,0,0,0,0,0,0,0,0,0,0,0,0,0,0,0,0,0,0,0,0,0,0,0,0,0,0,0,0,0,0,0,0,0,0,0,0,0,0,0,0,0,0,0,0,0,0,0,0,0,0,0,0,0,0,0,0,0,0,0,0,0,0,0,0,0,0,0,0,0,0,0,0,0,0,0,0,0,0,0,0,0,0,0,0,0,0,0,0,0,0,0,0,0,0,0,0,0,0,0,0,0,0,0,0,0,0,0,0,0,0,0,0,0,0,0,0,0,0,0,0,0,0,0,0,0,0,0,0,0,0,0,0,0,0,0,0,0,0,0,0,0,0,0,0,0,0,0,0,0,0,0,0,0,0,0,0,0,0,0,0,0,0,0,0,0,0,0,0,0,0,0,0,0,0,0
"arusha/monduli/sepeko",4e-06,0,0,1e-06,0,4e-06,0,0,0,5e-06,0,0,3e-06,5e-05,1e-06,0,0,0,0,0,0,1e-06,0,0,0,0,0,0,0,0,1.6e-05,0,0,0,0,0,6e-06,1e-06,0,1e-06,0,0,1e-06,0,0,0,2e-06,0.001715,3.5e-05,0,0,0,0,0,0,0,0,0,1e-06,1.3e-05,2e-06,1.1e-05,1.3e-05,0,0,3.6e-05,8.8e-05,0,3e-06,4e-06,0,0,0,1e-06,0,4e-06,1e-06,0,0,0,0,0,0,0,0,0,4.4e-05,0,0,3e-06,0,0,1.8e-05,2.4e-05,1e-06,2e-06,3e-06,0,1.1e-05,2e-06,0,0,1e-06,9e-06,0,1.6e-05,0,3e-06,3e-06,1e-05,2e-06,7e-06,0,0,0,0,1.7e-05,0,1.4e-05,1e-06,1e-06,2.7e-05,0,0,0,0,1e-06,8.6e-05,1e-05,0,0,2e-06,4e-06,1e-06,0,3e-05,2e-06,2e-06,4.4e-05,5e-06,4e-06,0,1.3e-05,0,0,3e-06,0,5e-06,5e-06,1e-06,0,0,0,0,2e-06,0.001182,0,1e-06,0,0.000225,1e-06,1.5e-05,0,0,0,0,1e-06,3e-06,6.4e-05,0,0,0.00028,0.001075,1e-06,1e-06,2e-06,6.6e-05,0,5e-06,1e-06,0,0,3e-06,1e-06,3.4e-05,0.000991,0,0,1.7e-05,6e-06,1e-06,0,1e-06,0,4e-06,0,0,0,5e-06,0,4.8e-05,0,1e-06,0,5e-06,1e-06,3.3e-05,8.3e-05,3e-06,0,0,0,1e-05,0,0,0,0,4.4e-05,0,3e-06,0,0,0,0,2.4e-05,1e-06,3.2e-05,0,0,0,0,0,1.8e-05,0.000225,0,0,0,5e-06,6e-06,0,3e-06,0.004638,0,4e-05,0,0,0,3.3e-05,0,8e-06,0.000331,0.000381,4e-06,7.1e-05,3e-06,1e-06,0,0,0,0,0,1e-06,0,0,1.6e-05,1e-06,0,0.000317,0,2e-06,0.000162,8e-06,0,0,2.9e-05,0,1e-06,3e-06,0,1e-06,1e-06,0,0.000151,0,0,0,0,0,0,0,0,1e-06,0,0.000137,1e-06,3e-06,3.9e-05,2e-06,2e-06,2e-06,0,0,0,0,0,2.5e-05,5e-06,1e-06,0,0,0.000104,1e-06,0,0,1e-06,0,0,9.7e-05,1.7e-05,7.7e-05,7e-06,0.000136,4e-06,1.2e-05,0.000675,1e-06,2e-06,2e-06,0,2.9e-05,3.1e-05,2.1e-05,0.000196,6e-06,2e-06,0,0,0,0.000134,0,0,0,0,0,4e-06,1e-06,1e-06,3.3e-05,3e-06,1e-06,0,1e-05,2e-06,0.000397,3.3e-05,0,7e-06,0,0,1e-06,0,0,0,0,0,0.000224,5.7e-05,2e-04,0,1.5e-05,0,0,0,0,0,1.7e-05,3e-06,1e-06,2.4e-05,0,0,0,3.5e-05,0,0,8e-06,0,1.1e-05,2e-06,0,5.2e-05,0,0,0,0,0,0,0
"manyara/simanjiro/shambarai",0,0,0,0,0,0,0,0,0,0,0,0,0,0,0,0,0,0,0,0,0,0,0,0,0,0,0,0,0,0,0,0,0,0,0,0,0,0,0,0,0,0,0,0,0,0,0,0,0,0,0,0,0,0,0,0,0,0,0,0,0,0,0,0,0,0,0,0,0,0,0,0,0,0,0,0,0,0,0,0,0,0,0,0,0,0,0,0,0,0,0,0,0,0,0,0,0,0,0,0,0,0,0,0,0,0,0,0,0,0,0,0,0,0,0,0,0,0,0,0,0,0,0,0,0,0,0,0,0,0,0,0,0,0,0,0,0,0,0,0,0,0,0,0,0,0,0,0,0,0,0,0,0,0,0,0,0,0,0,0,0,0,0,0,0,0,0,0,0,0,0,0,0,0,0,0,0,0,0,0,0,0,0,0,0,0,0,0,0,0,0,0,0,0,0,0,0,0,0,0,0,0,0,0,0,0,0,0,0,0,0,0,0,0,0,0,0,0,0,0,0,0,0,0,0,0,0,0,0,0,0,0,0,0,0,0,0,0,0,0,0,0,0,0,0,0,0,0,0,0,0,0,0,0,0,0,0,0,0,0,0,0,0,0,0,0,0,0,0,0,0,0,0,0,0,0,0,0,0,0,0,0,0,0,0,0,0,0,0,0,0,0,0,0,0,0,0,0,0,0,0,0,0,0,0,0,0,0,0,0,0,0,0,0,0,0,0,0,0,0,0,0,0,0,0,0,0,0,0,0,0,0,0,0,0,0,0,0,0,0,0,0,0,0,0,0,0,0,0,0,0,0,0,0,0,0,0,0,0,0,0,0,0,0,0,0,0,0,0,0,0,0,0,0,0,0,0,0,0,0,0,0,0,0,0,0,0,0,0,0,0,0,0,0,0,0,0,0
"kilimanjaro/mwanga/shighatini",0,0,0,0,0,0,0,0,0,0,0,0,0,0,0,0,0,0,0,0,0,0,0,0,0,0,0,0,0,0,0,0,0,0,0,0,0,0,0,0,0,0,0,0,0,0,0,0,0,0,0,0,0,0,0,0,0,0,0,0,0,0,0,0,0,0,0,0,0,0,0,0,0,0,0,0,0,0,0,0,0,0,0,0,0,0,0,0,0,0,0,0,0,0,0,0,0,0,0,0,0,0,0,0,0,0,0,0,0,0,0,0,0,0,0,0,0,0,0,0,0,0,0,0,0,0,0,0,0,0,0,0,0,0,0,0,0,0,0,0,0,0,0,0,0,0,0,0,0,0,0,0,0,0,0,0,0,0,0,0,0,0,0,0,0,0,0,0,0,0,0,0,0,0,0,0,0,0,0,0,0,0,0,0,0,0,0,0,0,0,0,0,0,0,0,0,0,0,0,0,0,0,0,0,0,0,0,0,0,0,0,0,0,0,0,0,0,0,0,0,0,0,0,0,0,0,0,0,0,0,0,0,0,0,0,0,0,0,0,0,0,0,0,0,0,0,0,0,0,0,0,0,0,0,0,0,0,0,0,0,0,0,0,0,0,0,0,0,0,0,0,0,0,0,0,0,0,0,0,0,0,0,0,0,0,0,0,0,0,0,0,0,0,0,0,0,0,0,0,0,0,0,0,0,0,0,0,0,0,0,0,0,0,0,0,0,0,0,0,0,0,0,0,0,0,0,0,0,0,0,0,0,0,0,0,0,0,0,0,0,0,0,0,0,0,0,0,0,0,0,0,0,0,0,0,0,0,0,0,0,0,0,0,0,0,0,0,0,0,0,0,0,0,0,0,0,0,0,0,0,0,0,0,0,0,0,0,0,0,0,0,0,0,0,0,0,0,0
"kilimanjaro/rombo/shimbi",0,0,0,0,0,0,0,0,0,0,0,0,0,0,0,0,0,0,0,0,0,0,0,0,0,0,0,0,0,0,0,0,0,0,0,0,0,0,0,0,0,0,0,0,0,0,0,0,0,0,0,0,0,0,0,0,0,0,0,0,0,0,0,0,0,0,0,0,0,0,0,0,0,0,0,0,0,0,0,0,0,0,0,0,0,0,0,0,0,0,0,0,0,0,0,0,0,0,0,0,0,0,0,0,0,0,0,0,0,0,0,0,0,0,0,0,0,0,0,0,0,0,0,0,0,0,0,0,0,0,0,0,0,0,0,0,0,0,0,0,0,0,0,0,0,0,0,0,0,0,0,0,0,0,0,0,0,0,0,0,0,0,0,0,0,0,0,0,0,0,0,0,0,0,0,0,0,0,0,0,0,0,0,0,0,0,0,0,0,0,0,0,0,0,0,0,0,0,0,0,0,0,0,0,0,0,0,0,0,0,0,0,0,0,0,0,0,0,0,0,0,0,0,0,0,0,0,0,0,0,0,0,0,0,0,0,0,0,0,0,0,0,0,0,0,0,0,0,0,0,0,0,0,0,0,0,0,0,0,0,0,0,0,0,0,0,0,0,0,0,0,0,0,0,0,0,0,0,0,0,0,0,0,0,0,0,0,0,0,0,0,0,0,0,0,0,0,0,0,0,0,0,0,0,0,0,0,0,0,0,0,0,0,0,0,0,0,0,0,0,0,0,0,0,0,0,0,0,0,0,0,0,0,0,0,0,0,0,0,0,0,0,0,0,0,0,0,0,0,0,0,0,0,0,0,0,0,0,0,0,0,0,0,0,0,0,0,0,0,0,0,0,0,0,0,0,0,0,0,0,0,0,0,0,0,0,0,0,0,0,0,0,0,0,0,0,0,0
"kilimanjaro/moshimunicipal/shirimatunda",0,0,0,0,0,0,0,0,0,0,0,0,0,0,0,0,0,0,0,0,0,0,0,0,0,0,0,0,0,0,0,0,0,0,0,0,0,0,0,0,0,0,0,0,0,0,0,0,0,0,0,0,0,0,0,0,0,0,0,0,0,0,0,0,0,0,0,0,0,0,0,0,0,0,0,0,0,0,0,0,0,0,0,0,0,0,0,0,0,0,0,0,0,0,0,0,0,0,0,0,0,0,0,0,0,0,0,0,0,0,0,0,0,0,0,0,0,0,0,0,0,0,0,0,0,0,0,0,0,0,0,0,0,0,0,0,0,0,0,0,0,0,0,0,0,0,0,0,0,0,0,0,0,0,0,0,0,0,0,0,0,0,0,0,0,0,0,0,0,0,0,0,0,0,0,0,0,0,0,0,0,0,0,0,0,0,0,0,0,0,0,0,0,0,0,0,0,0,0,0,0,0,0,0,0,0,0,0,0,0,0,0,0,0,0,0,0,0,0,0,0,0,0,0,0,0,0,0,0,0,0,0,0,0,0,0,0,0,0,0,0,0,0,0,0,0,0,0,0,0,0,0,0,0,0,0,0,0,0,0,0,0,0,0,0,0,0,0,0,0,0,0,0,0,0,0,0,0,0,0,0,0,0,0,0,0,0,0,0,0,0,0,0,0,0,0,0,0,0,0,0,0,0,0,0,0,0,0,0,0,0,0,0,0,0,0,0,0,0,0,0,0,0,0,0,0,0,0,0,0,0,0,0,0,0,0,0,0,0,0,0,0,0,0,0,0,0,0,0,0,0,0,0,0,0,0,0,0,0,0,0,0,0,0,0,0,0,0,0,0,0,0,0,0,0,0,0,0,0,0,0,0,0,0,0,0,0,0,0,0,0,0,0,0,0,0,0,0
"manyara/babatiurban/sigino",0,0,0,0,0,0,0,0,0,0,0,0,0,0,0,0,0,0,0,0,0,0,0,0,0,0,0,0,0,0,0,0,0,0,0,0,0,0,0,0,0,0,0,0,0,0,0,0,0,0,0,0,0,0,0,0,0,0,0,0,0,0,0,0,0,0,0,0,0,0,0,0,0,0,0,0,0,0,0,0,0,0,0,0,0,0,0,0,0,0,0,0,0,0,0,0,0,0,0,0,0,0,0,0,0,0,0,0,0,0,0,0,0,0,0,0,0,0,0,0,0,0,0,0,0,0,0,0,0,0,0,0,0,0,0,0,0,0,0,0,0,0,0,0,0,0,0,0,0,0,0,0,0,0,0,0,0,0,0,0,0,0,0,0,0,0,0,0,0,0,0,0,0,0,0,0,0,0,0,0,0,0,0,0,0,0,0,0,0,0,0,0,0,0,0,0,0,0,0,0,0,0,0,0,0,0,0,0,0,0,0,0,0,0,0,0,0,0,0,0,0,0,0,0,0,0,0,0,0,0,0,0,0,0,0,0,0,0,0,0,0,0,0,0,0,0,0,0,0,0,0,0,0,0,0,0,0,0,0,0,0,0,0,0,0,0,0,0,0,0,0,0,0,0,0,0,0,0,0,0,0,0,0,0,0,0,0,0,0,0,0,0,0,0,0,0,0,0,0,0,0,0,0,0,0,0,0,0,0,0,0,0,0,0,0,0,0,0,0,0,0,0,0,0,0,0,0,0,0,0,0,0,0,0,0,0,0,0,0,0,0,0,0,0,0,0,0,0,0,0,0,0,0,0,0,0,0,0,0,0,0,0,0,0,0,0,0,0,0,0,0,0,0,0,0,0,0,0,0,0,0,0,0,0,0,0,0,0,0,0,0,0,0,0,0,0,0,0
"manyara/hanang/simbay",0,0,0,0,0,0,0,0,0,0,0,0,0,0,0,0,0,0,0,0,0,0,0,0,0,0,0,0,0,0,0,0,0,0,0,0,0,0,0,0,0,0,0,0,0,0,0,0,0,0,0,0,0,0,0,0,0,0,0,0,0,0,0,0,0,0,0,0,0,0,0,0,0,0,0,0,0,0,0,0,0,0,0,0,0,0,0,0,0,0,0,0,0,0,0,0,0,0,0,0,0,0,0,0,0,0,0,0,0,0,0,0,0,0,0,0,0,0,0,0,0,0,0,0,0,0,0,0,0,0,0,0,0,0,0,0,0,0,0,0,0,0,0,0,0,0,0,0,0,0,0,0,0,0,0,0,0,0,0,0,0,0,0,0,0,0,0,0,0,0,0,0,0,0,0,0,0,0,0,0,0,0,0,0,0,0,0,0,0,0,0,0,0,0,0,0,0,0,0,0,0,0,0,0,0,0,0,0,0,0,0,0,0,0,0,0,0,0,0,0,0,0,0,0,0,0,0,0,0,0,0,0,0,0,0,0,0,0,0,0,0,0,0,0,0,0,0,0,0,0,0,0,0,0,0,0,0,0,0,0,0,0,0,0,0,0,0,0,0,0,0,0,0,0,0,0,0,0,0,0,0,0,0,0,0,0,0,0,0,0,0,0,0,0,0,0,0,0,0,0,0,0,0,0,0,0,0,0,0,0,0,0,0,0,0,0,0,0,0,0,0,0,0,0,0,0,0,0,0,0,0,0,0,0,0,0,0,0,0,0,0,0,0,0,0,0,0,0,0,0,0,0,0,0,0,0,0,0,0,0,0,0,0,0,0,0,0,0,0,0,0,0,0,0,0,0,0,0,0,0,0,0,0,0,0,0,0,0,0,0,0,0,0,0,0,0,0,0
"manyara/babatiurban/singe",0,0,0,0,0,0,0,0,0,0,0,0,0,0,0,0,0,0,0,0,0,0,0,0,0,0,0,0,0,0,0,0,0,0,0,0,0,0,0,0,0,0,0,0,0,0,0,0,0,0,0,0,0,0,0,0,0,0,0,0,0,0,0,0,0,0,0,0,0,0,0,0,0,0,0,0,0,0,0,0,0,0,0,0,0,0,0,0,0,0,0,0,0,0,0,0,0,0,0,0,0,0,0,0,0,0,0,0,0,0,0,0,0,0,0,0,0,0,0,0,0,0,0,0,0,0,0,0,0,0,0,0,0,0,0,0,0,0,0,0,0,0,0,0,0,0,0,0,0,0,0,0,0,0,0,0,0,0,0,0,0,0,0,0,0,0,0,0,0,0,0,0,0,0,0,0,0,0,0,0,0,0,0,0,0,0,0,0,0,0,0,0,0,0,0,0,0,0,0,0,0,0,0,0,0,0,0,0,0,0,0,0,0,0,0,0,0,0,0,0,0,0,0,0,0,0,0,0,0,0,0,0,0,0,0,0,0,0,0,0,0,0,0,0,0,0,0,0,0,0,0,0,0,0,0,0,0,0,0,0,0,0,0,0,0,0,0,0,0,0,0,0,0,0,0,0,0,0,0,0,0,0,0,0,0,0,0,0,0,0,0,0,0,0,0,0,0,0,0,0,0,0,0,0,0,0,0,0,0,0,0,0,0,0,0,0,0,0,0,0,0,0,0,0,0,0,0,0,0,0,0,0,0,0,0,0,0,0,0,0,0,0,0,0,0,0,0,0,0,0,0,0,0,0,0,0,0,0,0,0,0,0,0,0,0,0,0,0,0,0,0,0,0,0,0,0,0,0,0,0,0,0,0,0,0,0,0,0,0,0,0,0,0,0,0,0,0,0
"manyara/hanang/sirop",0,0,0,0,0,0,0,0,0,0,0,0,0,0,0,0,0,0,0,0,0,0,0,0,0,0,0,0,0,0,0,0,0,0,0,0,0,0,0,0,0,0,0,0,0,0,0,0,0,0,0,0,0,0,0,0,0,0,0,0,0,0,0,0,0,0,0,0,0,0,0,0,0,0,0,0,0,0,0,0,0,0,0,0,0,0,0,0,0,0,0,0,0,0,0,0,0,0,0,0,0,0,0,0,0,0,0,0,0,0,0,0,0,0,0,0,0,0,0,0,0,0,0,0,0,0,0,0,0,0,0,0,0,0,0,0,0,0,0,0,0,0,0,0,0,0,0,0,0,0,0,0,0,0,0,0,0,0,0,0,0,0,0,0,0,0,0,0,0,0,0,0,0,0,0,0,0,0,0,0,0,0,0,0,0,0,0,0,0,0,0,0,0,0,0,0,0,0,0,0,0,0,0,0,0,0,0,0,0,0,0,0,0,0,0,0,0,0,0,0,0,0,0,0,0,0,0,0,0,0,0,0,0,0,0,0,0,0,0,0,0,0,0,0,0,0,0,0,0,0,0,0,0,0,0,0,0,0,0,0,0,0,0,0,0,0,0,0,0,0,0,0,0,0,0,0,0,0,0,0,0,0,0,0,0,0,0,0,0,0,0,0,0,0,0,0,0,0,0,0,0,0,0,0,0,0,0,0,0,0,0,0,0,0,0,0,0,0,0,0,0,0,0,0,0,0,0,0,0,0,0,0,0,0,0,0,0,0,0,0,0,0,0,0,0,0,0,0,0,0,0,0,0,0,0,0,0,0,0,0,0,0,0,0,0,0,0,0,0,0,0,0,0,0,0,0,0,0,0,0,0,0,0,0,0,0,0,0,0,0,0,0,0,0,0,0,0,0
"arusha/ngorongoro/soitsambu",0,0,0,0,0,0,0,0,0,0,0,0,0,0,0,0,0,0,0,0,0,0,0,0,0,0,0,0,0,0,0,0,0,0,0,0,0,0,0,0,0,0,0,0,0,0,0,0,0,0,0,0,0,0,0,0,0,0,0,0,0,0,0,0,0,0,0,0,0,0,0,0,0,0,0,0,0,0,0,0,0,0,0,0,0,0,0,0,0,0,0,0,0,0,0,0,0,0,0,0,0,0,0,0,0,0,0,0,0,0,0,0,0,0,0,0,0,0,0,0,0,0,0,0,0,0,0,0,0,0,0,0,0,0,0,0,0,0,0,0,0,0,0,0,0,0,0,0,0,0,0,0,0,0,0,0,0,0,0,0,0,0,0,0,0,0,0,0,0,0,0,0,0,0,0,0,0,0,0,0,0,0,0,0,0,0,0,0,0,0,0,0,0,0,0,0,0,0,0,0,0,0,0,0,0,0,0,0,0,0,0,0,0,0,0,0,0,0,0,0,0,0,0,0,0,0,0,0,0,0,0,0,0,0,0,0,0,0,0,0,0,0,0,0,0,0,0,0,0,0,0,0,0,0,0,0,0,0,0,0,0,0,0,0,0,0,0,0,0,0,0,0,0,0,0,0,0,0,0,0,0,0,0,0,0,0,0,0,0,0,0,0,0,0,0,0,0,0,0,0,0,0,0,0,0,0,0,0,0,0,0,0,0,0,0,0,0,0,0,0,0,0,0,0,0,0,0,0,0,0,0,0,0,0,0,0,0,0,0,0,0,0,0,0,0,0,0,0,0,0,0,0,0,0,0,0,0,0,0,0,0,0,0,0,0,0,0,0,0,0,0,0,0,0,0,0,0,0,0,0,0,0,0,0,0,0,0,0,0,0,0,0,0,0,0,0,0,0
"arusha/arusha/sokonii",1.7e-05,0,0,0,0,2e-06,0,0,0,0,0,0,4.1e-05,0.000479,0,0,0,0,0,0,0,1e-06,0,0,0,0,0,0,0,0,1e-05,0,0,0,0,0,2.2e-05,0,0,0,0,0,0,0,0,0,0,0.003597,3e-06,0,0,0,0,0,0,0,0,0,0,1e-06,0,1e-06,3e-06,0,0,6.5e-05,4e-06,0,0,0,0,0,0,0,0,0,0,0,0,0,0,0,0,0,0,0,2.8e-05,0,0,1e-06,0,0,7e-06,7.1e-05,0,0,2e-06,0,4e-06,1e-06,0,0,0,4.6e-05,0,6e-06,0,1e-06,2e-06,0,1e-06,3e-06,0,1e-06,0,0,1.1e-05,0,7e-06,1e-06,0,1.3e-05,0,0,0,0,0,9.7e-05,1.2e-05,0,0,1e-06,2e-06,0,0,0.000296,6e-06,1e-06,1e-05,3e-06,4e-06,0,4e-05,0,0,1e-06,0,2e-06,2e-06,1e-06,0,0,0,0,0,0.000121,0,0,0,0.000108,0,2e-06,0,0,0,0,0,3e-06,0.000141,0,0,3e-06,0.003857,0,0,0,3e-06,0,2e-06,0,0,0,1e-06,0,1.8e-05,0.000527,0,0,9e-06,3e-06,1e-06,0,0,0,0,0,0,0,2e-06,0,7.3e-05,0,0,0,2e-06,1e-06,1.2e-05,2e-06,0,0,0,0,4e-06,0,0,0,0,1.5e-05,0,1e-06,0,0,0,0,1.5e-05,0,1.8e-05,0,0,0,0,0,3e-06,6.9e-05,0,0,0,4e-06,0,0,2e-06,0.000119,0,1.1e-05,0,0,0,6.3e-05,0,1e-06,0.002141,3.3e-05,0,0.000232,1e-06,0,0,0,0,0,0,0,0,0,1e-06,0,0,4.2e-05,0,0,4.5e-05,3e-06,0,0,1.1e-05,0,0,1e-06,0,0,0,0,3.5e-05,0,0,0,0,0,0,0,0,1e-06,0,0.000151,0,2e-06,4.2e-05,6e-06,1e-06,0,0,0,0,0,0,1e-06,5.8e-05,1e-06,3e-06,0,6.8e-05,0,0,0,0,0,0,6.9e-05,6e-06,2.4e-05,1e-06,8.1e-05,3e-06,5e-06,0.001124,0,0,1.3e-05,0,4.2e-05,0.000502,1.4e-05,4.8e-05,1e-06,0,0,0,0,0.000433,0,0,0,0,0,1e-06,0,0,5.1e-05,1e-06,0,0,7e-06,8e-06,0.002736,1e-06,4e-06,2e-06,0,0,1e-06,0,0,0,0,0,0,9.5e-05,0.000335,0,3.5e-05,0,0,0,0,0,1.1e-05,0,2e-06,9e-06,0,0,0,1.3e-05,0,0,2.3e-05,0,5e-06,1e-06,0,0.000104,0,0,0,0,0,0,0
"arusha/arushaurban/sokonii",0,0,0,0,0,0,0,0,0,0,0,0,0,0,0,0,0,0,0,0,0,0,0,0,0,0,0,0,0,0,0,0,0,0,0,0,0,0,0,0,0,0,0,0,0,0,0,0,0,0,0,0,0,0,0,0,0,0,0,0,0,0,0,0,0,0,0,0,0,0,0,0,0,0,0,0,0,0,0,0,0,0,0,0,0,0,0,0,0,0,0,0,0,0,0,0,0,0,0,0,0,0,0,0,0,0,0,0,0,0,0,0,0,0,0,0,0,0,0,0,0,0,0,0,0,0,0,0,0,0,0,0,0,0,0,0,0,0,0,0,0,0,0,0,0,0,0,0,0,0,0,0,0,0,0,0,0,0,0,0,0,0,0,0,0,0,0,0,0,0,0,0,0,0,0,0,0,0,0,0,0,0,0,0,0,0,0,0,0,0,0,0,0,0,0,0,0,0,0,0,0,0,0,0,0,0,0,0,0,0,0,0,0,0,0,0,0,0,0,0,0,0,0,0,0,0,0,0,0,0,0,0,0,0,0,0,0,0,0,0,0,0,0,0,0,0,0,0,0,0,0,0,0,0,0,0,0,0,0,0,0,0,0,0,0,0,0,0,0,0,0,0,0,0,0,0,0,0,0,0,0,0,0,0,0,0,0,0,0,0,0,0,0,0,0,0,0,0,0,0,0,0,0,0,0,0,0,0,0,0,0,0,0,0,0,0,0,0,0,0,0,0,0,0,0,0,0,0,0,0,0,0,0,0,0,0,0,0,0,0,0,0,0,0,0,0,0,0,0,0,0,0,0,0,0,0,0,0,0,0,0,0,0,0,0,0,0,0,0,0,0,0,0,0,0,0,0,0,0,0,0,0,0,0,0,0,0,0,0,0,0,0,0,0,0,0,0,0
"arusha/arushaurban/sombetini",7e-06,0,0,0,0,2e-06,0,0,0,0,0,0,6e-06,0.000165,0,0,0,0,0,0,0,1e-06,0,0,0,0,0,0,0,0,1.3e-05,0,0,0,0,0,6.4e-05,0,0,0,0,0,0,0,0,0,0,0.020366,5e-06,0,0,0,0,0,0,0,0,0,0,1e-06,0,1e-06,3e-06,0,0,0.00012,6e-06,0,0,0,0,0,0,0,0,0,0,0,0,0,0,0,0,0,0,0,2.3e-05,0,0,1e-06,0,0,6e-06,3.2e-05,0,0,1e-06,0,4e-06,1e-06,0,0,0,7.1e-05,0,6e-06,0,1e-06,2e-06,1e-06,1e-06,2e-06,0,2e-06,0,0,1e-05,0,6e-06,1e-06,0,1.1e-05,0,0,0,0,0,6.8e-05,1e-05,0,0,1e-06,2e-06,0,0,0.000133,5e-06,1e-06,1e-05,2e-06,3e-06,0,8.2e-05,0,0,1e-06,0,2e-06,2e-06,1e-06,0,0,0,0,0,0.000288,0,0,0,9.7e-05,0,3e-06,0,0,0,0,0,2e-06,0.000365,0,0,5e-06,0.010976,0,0,0,5e-06,0,2e-06,0,0,0,1e-06,0,1.6e-05,0.000464,0,0,8e-06,3e-06,1e-06,0,0,0,0,0,0,0,2e-06,0,4.5e-05,0,0,0,2e-06,1e-06,1.2e-05,3e-06,0,0,0,0,3e-06,0,0,0,0,1.5e-05,0,1e-06,0,0,0,0,1.3e-05,0,1.5e-05,0,0,0,0,0,3e-06,0.000243,0,0,0,4e-06,0,0,2e-06,0.000213,0,1.2e-05,0,0,0,5.9e-05,0,3e-06,0.001684,4.3e-05,0,0.000224,1e-06,0,0,0,0,0,0,0,0,0,1e-06,0,0,8.3e-05,0,0,6.4e-05,3e-06,0,0,1e-05,0,0,1e-06,0,0,0,0,3.5e-05,0,0,0,0,0,0,0,0,1e-06,0,0.000153,0,1e-06,2.7e-05,2.2e-05,1e-06,0,0,0,0,0,0,2e-06,1.2e-05,1e-06,1e-06,0,0.000408,0,0,0,0,0,0,5.2e-05,6e-06,4.6e-05,2e-06,8.4e-05,2e-06,4e-06,0.00125,0,0,1.2e-05,0,9.5e-05,9.7e-05,2.3e-05,4.7e-05,1e-06,0,0,0,0,0.000196,0,0,0,0,0,1e-06,0,0,3.4e-05,1e-06,0,0,5e-06,3e-06,0.002471,1e-06,6e-06,3e-06,0,0,1e-06,0,0,0,0,0,0.000669,0.000495,0,0,1.6e-05,0,0,0,0,0,2.5e-05,1e-06,4e-06,8e-06,0,0,0,1.2e-05,0,0,0.000125,0,5e-06,1e-06,0,6.3e-05,0,0,0,0,0,0,0
"manyara/kiteto/songambele",0,0,0,0,0,0,0,0,0,0,0,0,0,0,0,0,0,0,0,0,0,0,0,0,0,0,0,0,0,0,0,0,0,0,0,0,0,0,0,0,0,0,0,0,0,0,0,0,0,0,0,0,0,0,0,0,0,0,0,0,0,0,0,0,0,0,0,0,0,0,0,0,0,0,0,0,0,0,0,0,0,0,0,0,0,0,0,0,0,0,0,0,0,0,0,0,0,0,0,0,0,0,0,0,0,0,0,0,0,0,0,0,0,0,0,0,0,0,0,0,0,0,0,0,0,0,0,0,0,0,0,0,0,0,0,0,0,0,0,0,0,0,0,0,0,0,0,0,0,0,0,0,0,0,0,0,0,0,0,0,0,0,0,0,0,0,0,0,0,0,0,0,0,0,0,0,0,0,0,0,0,0,0,0,0,0,0,0,0,0,0,0,0,0,0,0,0,0,0,0,0,0,0,0,0,0,0,0,0,0,0,0,0,0,0,0,0,0,0,0,0,0,0,0,0,0,0,0,0,0,0,0,0,0,0,0,0,0,0,0,0,0,0,0,0,0,0,0,0,0,0,0,0,0,0,0,0,0,0,0,0,0,0,0,0,0,0,0,0,0,0,0,0,0,0,0,0,0,0,0,0,0,0,0,0,0,0,0,0,0,0,0,0,0,0,0,0,0,0,0,0,0,0,0,0,0,0,0,0,0,0,0,0,0,0,0,0,0,0,0,0,0,0,0,0,0,0,0,0,0,0,0,0,0,0,0,0,0,0,0,0,0,0,0,0,0,0,0,0,0,0,0,0,0,0,0,0,0,0,0,0,0,0,0,0,0,0,0,0,0,0,0,0,0,0,0,0,0,0,0,0,0,0,0,0,0,0,0,0,0,0,0,0,0,0,0,0,0
"arusha/meru/songoro",0,0,0,0,0,0,0,0,0,0,0,0,0,0,0,0,0,0,0,0,0,0,0,0,0,0,0,0,0,0,0,0,0,0,0,0,0,0,0,0,0,0,0,0,0,0,0,0,0,0,0,0,0,0,0,0,0,0,0,0,0,0,0,0,0,0,0,0,0,0,0,0,0,0,0,0,0,0,0,0,0,0,0,0,0,0,0,0,0,0,0,0,0,0,0,0,0,0,0,0,0,0,0,0,0,0,0,0,0,0,0,0,0,0,0,0,0,0,0,0,0,0,0,0,0,0,0,0,0,0,0,0,0,0,0,0,0,0,0,0,0,0,0,0,0,0,0,0,0,0,0,0,0,0,0,0,0,0,0,0,0,0,0,0,0,0,0,0,0,0,0,0,0,0,0,0,0,0,0,0,0,0,0,0,0,0,0,0,0,0,0,0,0,0,0,0,0,0,0,0,0,0,0,0,0,0,0,0,0,0,0,0,0,0,0,0,0,0,0,0,0,0,0,0,0,0,0,0,0,0,0,0,0,0,0,0,0,0,0,0,0,0,0,0,0,0,0,0,0,0,0,0,0,0,0,0,0,0,0,0,0,0,0,0,0,0,0,0,0,0,0,0,0,0,0,0,0,0,0,0,0,0,0,0,0,0,0,0,0,0,0,0,0,0,0,0,0,0,0,0,0,0,0,0,0,0,0,0,0,0,0,0,0,0,0,0,0,0,0,0,0,0,0,0,0,0,0,0,0,0,0,0,0,0,0,0,0,0,0,0,0,0,0,0,0,0,0,0,0,0,0,0,0,0,0,0,0,0,0,0,0,0,0,0,0,0,0,0,0,0,0,0,0,0,0,0,0,0,0,0,0,0,0,0,0,0,0,0,0,0,0,0,0,0,0,0,0,0
"kilimanjaro/moshimunicipal/soweto",0,0,0,0,0,0,0,0,0,0,0,0,0,0,0,0,0,0,0,0,0,0,0,0,0,0,0,0,0,0,0,0,0,0,0,0,0,0,0,0,0,0,0,0,0,0,0,0,0,0,0,0,0,0,0,0,0,0,0,0,0,0,0,0,0,0,0,0,0,0,0,0,0,0,0,0,0,0,0,0,0,0,0,0,0,0,0,0,0,0,0,0,0,0,0,0,0,0,0,0,0,0,0,0,0,0,0,0,0,0,0,0,0,0,0,0,0,0,0,0,0,0,0,0,0,0,0,0,0,0,0,0,0,0,0,0,0,0,0,0,0,0,0,0,0,0,0,0,0,0,0,0,0,0,0,0,0,0,0,0,0,0,0,0,0,0,0,0,0,0,0,0,0,0,0,0,0,0,0,0,0,0,0,0,0,0,0,0,0,0,0,0,0,0,0,0,0,0,0,0,0,0,0,0,0,0,0,0,0,0,0,0,0,0,0,0,0,0,0,0,0,0,0,0,0,0,0,0,0,0,0,0,0,0,0,0,0,0,0,0,0,0,0,0,0,0,0,0,0,0,0,0,0,0,0,0,0,0,0,0,0,0,0,0,0,0,0,0,0,0,0,0,0,0,0,0,0,0,0,0,0,0,0,0,0,0,0,0,0,0,0,0,0,0,0,0,0,0,0,0,0,0,0,0,0,0,0,0,0,0,0,0,0,0,0,0,0,0,0,0,0,0,0,0,0,0,0,0,0,0,0,0,0,0,0,0,0,0,0,0,0,0,0,0,0,0,0,0,0,0,0,0,0,0,0,0,0,0,0,0,0,0,0,0,0,0,0,0,0,0,0,0,0,0,0,0,0,0,0,0,0,0,0,0,0,0,0,0,0,0,0,0,0,0,0,0,0,0
"kilimanjaro/same/stesheni",0,0,0,0,0,0,0,0,0,0,0,0,0,0,0,0,0,0,0,0,0,0,0,0,0,0,0,0,0,0,0,0,0,0,0,0,0,0,0,0,0,0,0,0,0,0,0,0,0,0,0,0,0,0,0,0,0,0,0,0,0,0,0,0,0,0,0,0,0,0,0,0,0,0,0,0,0,0,0,0,0,0,0,0,0,0,0,0,0,0,0,0,0,0,0,0,0,0,0,0,0,0,0,0,0,0,0,0,0,0,0,0,0,0,0,0,0,0,0,0,0,0,0,0,0,0,0,0,0,0,0,0,0,0,0,0,0,0,0,0,0,0,0,0,0,0,0,0,0,0,0,0,0,0,0,0,0,0,0,0,0,0,0,0,0,0,0,0,0,0,0,0,0,0,0,0,0,0,0,0,0,0,0,0,0,0,0,0,0,0,0,0,0,0,0,0,0,0,0,0,0,0,0,0,0,0,0,0,0,0,0,0,0,0,0,0,0,0,0,0,0,0,0,0,0,0,0,0,0,0,0,0,0,0,0,0,0,0,0,0,0,0,0,0,0,0,0,0,0,0,0,0,0,0,0,0,0,0,0,0,0,0,0,0,0,0,0,0,0,0,0,0,0,0,0,0,0,0,0,0,0,0,0,0,0,0,0,0,0,0,0,0,0,0,0,0,0,0,0,0,0,0,0,0,0,0,0,0,0,0,0,0,0,0,0,0,0,0,0,0,0,0,0,0,0,0,0,0,0,0,0,0,0,0,0,0,0,0,0,0,0,0,0,0,0,0,0,0,0,0,0,0,0,0,0,0,0,0,0,0,0,0,0,0,0,0,0,0,0,0,0,0,0,0,0,0,0,0,0,0,0,0,0,0,0,0,0,0,0,0,0,0,0,0,0,0,0,0
"kilimanjaro/same/suji",0,0,0,0,0,0,0,0,0,0,0,0,0,0,0,0,0,0,0,0,0,0,0,0,0,0,0,0,0,0,0,0,0,0,0,0,0,0,0,0,0,0,0,0,0,0,0,0,0,0,0,0,0,0,0,0,0,0,0,0,0,0,0,0,0,0,0,0,0,0,0,0,0,0,0,0,0,0,0,0,0,0,0,0,0,0,0,0,0,0,0,0,0,0,0,0,0,0,0,0,0,0,0,0,0,0,0,0,0,0,0,0,0,0,0,0,0,0,0,0,0,0,0,0,0,0,0,0,0,0,0,0,0,0,0,0,0,0,0,0,0,0,0,0,0,0,0,0,0,0,0,0,0,0,0,0,0,0,0,0,0,0,0,0,0,0,0,0,0,0,0,0,0,0,0,0,0,0,0,0,0,0,0,0,0,0,0,0,0,0,0,0,0,0,0,0,0,0,0,0,0,0,0,0,0,0,0,0,0,0,0,0,0,0,0,0,0,0,0,0,0,0,0,0,0,0,0,0,0,0,0,0,0,0,0,0,0,0,0,0,0,0,0,0,0,0,0,0,0,0,0,0,0,0,0,0,0,0,0,0,0,0,0,0,0,0,0,0,0,0,0,0,0,0,0,0,0,0,0,0,0,0,0,0,0,0,0,0,0,0,0,0,0,0,0,0,0,0,0,0,0,0,0,0,0,0,0,0,0,0,0,0,0,0,0,0,0,0,0,0,0,0,0,0,0,0,0,0,0,0,0,0,0,0,0,0,0,0,0,0,0,0,0,0,0,0,0,0,0,0,0,0,0,0,0,0,0,0,0,0,0,0,0,0,0,0,0,0,0,0,0,0,0,0,0,0,0,0,0,0,0,0,0,0,0,0,0,0,0,0,0,0,0,0,0,0,0,0
"manyara/kiteto/sunya",0.000558,0.000115,0.00012,0.001093,3.8e-05,0.00481,1.1e-05,1.4e-05,3.9e-05,0.007807,0.000137,4.3e-05,0.000399,0.006023,0.00104,4.1e-05,4.6e-05,0.000222,4.4e-05,0.000174,0.000377,0.000553,4.1e-05,8.8e-05,0.000227,2.7e-05,6.6e-05,2.9e-05,0.000746,0.000383,0.002316,0.004283,0.000131,9.7e-05,0.000178,9.4e-05,0.000555,0.001915,9.9e-05,0.001252,3.5e-05,4.3e-05,0.834412,0.00122,0.039361,4.2e-05,0.00018,0.119286,0.017193,5.8e-05,3e-05,4.5e-05,4.1e-05,4.3e-05,0.00187,2.2e-05,0.000113,7.9e-05,0.012215,0.021323,0.00168,0.002779,0.002284,0.032627,1e-06,0.003915,0.001443,2.7e-05,0.000453,0.008833,3e-05,7e-06,0.000129,0.000384,0.000202,0.00242,0.000237,2.2e-05,2.8e-05,2.9e-05,1.7e-05,0.000204,2.8e-05,7.2e-05,9e-05,2.1e-05,0.027344,2.9e-05,0.001233,0.057395,2.1e-05,4.6e-05,0.035677,0.002941,9.9e-05,0.001636,0.001556,5.5e-05,0.016229,0.004166,2.4e-05,3.9e-05,0.00922,0.000851,0.00045,0.015518,3.1e-05,0.002807,0.000803,0.00467,0.00111,0.009184,0.001184,2.1e-05,0.000144,0.000112,0.009728,0.003205,0.016292,0.001382,0.00072,0.026425,0.000138,0.000539,6.3e-05,0.004235,0.439878,0.038917,0.002547,0.000112,9.5e-05,0.003738,0.008325,0.000649,4.4e-05,0.003215,0.00017,0.002004,0.021708,0.004392,0.001649,0.000236,0.001071,0.000413,0.000202,0.00794,6.6e-05,0.007712,0.00614,0.002138,9.6e-05,0.000125,0.00017,0.000256,0.010948,0.027789,0.000433,0.000279,0.005804,0.200219,0.001317,0.016497,4e-05,0.000424,3.8e-05,5.2e-05,0.001745,0.000779,0.006284,0.00085,0.457849,0.007115,0.086694,0.005918,0.000385,0.00736,0.016282,5.7e-05,0.004565,0.118671,0.000119,0.000221,0.036407,0.000843,0.025894,0.384911,5.1e-05,0.000103,0.013569,0.003964,0.001216,0.000337,0.000486,5.4e-05,0.004244,0.034132,0.000118,3.9e-05,0.0055,2.1e-05,0.012398,0.006609,0.015793,6.3e-05,0.00849,0.000474,0.057713,0.005693,0.002105,0.000137,0.000123,0.000126,0.019155,5.3e-05,1.8e-05,0.003378,1.7e-05,0.07575,7e-04,0.004507,5e-05,6.2e-05,2.9e-05,9.6e-05,0.015362,0.000336,0.021479,0.000205,0.000124,2.7e-05,2e-05,3.7e-05,0.012135,0.01133,0.015961,7e-06,0.000128,0.002474,0.001438,9.7e-05,0.001616,0.082394,4.4e-05,0.182165,0.00014,8.7e-05,0.000306,0.004974,5.5e-05,0.000507,0.029802,0.026382,6.7e-05,0.00865,0.003616,0.007612,0.00013,7e-04,7.1e-05,0.000187,0.000151,0.002298,2.6e-05,0.000211,0.00416,0.000213,3.8e-05,0.008952,2.3e-05,0.000794,0.007806,0.017704,0.000118,0.000195,0.04912,0.000256,0.009162,0.012429,3.3e-05,0.000315,0.000799,3.4e-05,0.084425,8.8e-05,0.016695,7.8e-05,2.2e-05,0.00026,6.3e-05,7.3e-05,0.009054,0.000855,0.000687,0.027222,0.001247,0.001637,0.011682,0.000158,0.004193,0.001123,4.9e-05,4.3e-05,8.2e-05,0.002178,0.003468,0.011256,0.000746,0.000105,6e-05,9.6e-05,0.00846,0.000875,0.005144,7.2e-05,0.000814,2.5e-05,0.000118,0.021769,0.026183,0.012516,0.00152,0.010119,0.001989,0.008223,0.069341,0.002952,0.003608,0.000257,0.00035,0.00199,0.003212,0.001217,0.083146,0.008522,0.026837,0.008631,0.000415,0.000342,0.023946,0.00027,2.6e-05,6.9e-05,2.9e-05,6.7e-05,0.02819,0.012706,0.00073,0.003504,0.017392,0.001046,1.3e-05,0.004554,0.000304,0.037248,0.00312,0.002709,0.007035,0.000636,0.000196,0.001173,4.1e-05,4.1e-05,4.5e-05,2.9e-05,0.000226,0.025099,0.00698,0.0151,0.01768,0.002788,0.000448,5.6e-05,0.00029,0,0.000202,0.001666,0.001712,5.9e-05,0.014871,1.9e-05,7.4e-05,3.1e-05,0.051072,0.000382,1.2e-05,0.000662,9.7e-05,0.011054,0.002093,6.9e-05,0.011236,8.5e-05,0.000208,0.000447,5.3e-05,0.000136,3.1e-05,2.4e-05
"kilimanjaro/rombo/tarakeamotamburu",0,0,0,0,0,0,0,0,0,0,0,0,0,0,0,0,0,0,0,0,0,0,0,0,0,0,0,0,0,0,0,0,0,0,0,0,0,0,0,0,0,0,0,0,0,0,0,0,0,0,0,0,0,0,0,0,0,0,0,0,0,0,0,0,0,0,0,0,0,0,0,0,0,0,0,0,0,0,0,0,0,0,0,0,0,0,0,0,0,0,0,0,0,0,0,0,0,0,0,0,0,0,0,0,0,0,0,0,0,0,0,0,0,0,0,0,0,0,0,0,0,0,0,0,0,0,0,0,0,0,0,0,0,0,0,0,0,0,0,0,0,0,0,0,0,0,0,0,0,0,0,0,0,0,0,0,0,0,0,0,0,0,0,0,0,0,0,0,0,0,0,0,0,0,0,0,0,0,0,0,0,0,0,0,0,0,0,0,0,0,0,0,0,0,0,0,0,0,0,0,0,0,0,0,0,0,0,0,0,0,0,0,0,0,0,0,0,0,0,0,0,0,0,0,0,0,0,0,0,0,0,0,0,0,0,0,0,0,0,0,0,0,0,0,0,0,0,0,0,0,0,0,0,0,0,0,0,0,0,0,0,0,0,0,0,0,0,0,0,0,0,0,0,0,0,0,0,0,0,0,0,0,0,0,0,0,0,0,0,0,0,0,0,0,0,0,0,0,0,0,0,0,0,0,0,0,0,0,0,0,0,0,0,0,0,0,0,0,0,0,0,0,0,0,0,0,0,0,0,0,0,0,0,0,0,0,0,0,0,0,0,0,0,0,0,0,0,0,0,0,0,0,0,0,0,0,0,0,0,0,0,0,0,0,0,0,0,0,0,0,0,0,0,0,0,0,0,0,0,0,0,0,0,0,0,0,0,0,0,0,0,0,0,0,0,0,0,0
"arusha/arushaurban/terrat",0,0,0,0,0,0,0,0,0,0,0,0,0,0,0,0,0,0,0,0,0,0,0,0,0,0,0,0,0,0,0,0,0,0,0,0,0,0,0,0,0,0,0,0,0,0,0,0,0,0,0,0,0,0,0,0,0,0,0,0,0,0,0,0,0,0,0,0,0,0,0,0,0,0,0,0,0,0,0,0,0,0,0,0,0,0,0,0,0,0,0,0,0,0,0,0,0,0,0,0,0,0,0,0,0,0,0,0,0,0,0,0,0,0,0,0,0,0,0,0,0,0,0,0,0,0,0,0,0,0,0,0,0,0,0,0,0,0,0,0,0,0,0,0,0,0,0,0,0,0,0,0,0,0,0,0,0,0,0,0,0,0,0,0,0,0,0,0,0,0,0,0,0,0,0,0,0,0,0,0,0,0,0,0,0,0,0,0,0,0,0,0,0,0,0,0,0,0,0,0,0,0,0,0,0,0,0,0,0,0,0,0,0,0,0,0,0,0,0,0,0,0,0,0,0,0,0,0,0,0,0,0,0,0,0,0,0,0,0,0,0,0,0,0,0,0,0,0,0,0,0,0,0,0,0,0,0,0,0,0,0,0,0,0,0,0,0,0,0,0,0,0,0,0,0,0,0,0,0,0,0,0,0,0,0,0,0,0,0,0,0,0,0,0,0,0,0,0,0,0,0,0,0,0,0,0,0,0,0,0,0,0,0,0,0,0,0,0,0,0,0,0,0,0,0,0,0,0,0,0,0,0,0,0,0,0,0,0,0,0,0,0,0,0,0,0,0,0,0,0,0,0,0,0,0,0,0,0,0,0,0,0,0,0,0,0,0,0,0,0,0,0,0,0,0,0,0,0,0,0,0,0,0,0,0,0,0,0,0,0,0,0,0,0,0,0,0,0
"manyara/simanjiro/terrat",3e-05,1e-06,1e-06,6e-06,0,8.4e-05,0,0,0,9.1e-05,1e-06,0,1.9e-05,0.000348,6e-06,0,0,1e-06,0,1e-06,1e-06,1.3e-05,0,1e-06,1e-06,0,1e-06,0,0,1e-06,0.000228,1e-06,0,1e-06,2e-06,1e-06,3.4e-05,1.4e-05,1e-06,7e-06,0,0,2.2e-05,8e-06,4e-06,0,4e-06,0.007788,0.00415,1e-06,0,0,1e-06,0,1e-05,0,6e-06,2e-06,5.4e-05,0.000131,1.6e-05,4.2e-05,4.6e-05,2e-06,0,0.000286,7e-05,0,1.2e-05,0.000178,0,0,3e-06,5e-06,1e-06,2.3e-05,3e-06,0,0,0,0,1e-06,0,0,0,0,0.000671,0,5e-06,0.000119,0,0,0.000325,0.000122,1e-06,1.7e-05,3e-05,0,0.000229,4.8e-05,0,0,1.9e-05,4.9e-05,7e-06,0.000158,0,4.7e-05,2e-05,6.9e-05,2.1e-05,9.1e-05,5e-06,1e-06,1e-06,1e-06,0.000286,0,0.000236,1.9e-05,1.1e-05,0.000366,1e-06,4e-06,0,8e-06,2.3e-05,0.001501,0.00015,1e-06,1e-06,4.1e-05,8.8e-05,1e-05,0,0.000187,8e-06,2.6e-05,0.000237,7.4e-05,5.2e-05,0,6.1e-05,7e-06,2e-06,6.2e-05,1e-06,9.7e-05,7.4e-05,2.5e-05,1e-06,1e-06,1e-06,1e-06,3.5e-05,0.001825,4e-06,4e-06,5e-06,0.003722,1.2e-05,0.006358,1e-06,3e-06,0,0,2.2e-05,2.3e-05,0.000436,8e-06,7e-06,0.000297,0.005477,4e-05,7e-06,0.000167,0.002401,1e-06,7.2e-05,1.5e-05,0,1e-06,7e-05,1.3e-05,0.000434,0.010186,1e-06,1e-06,0.00024,7.2e-05,2.3e-05,3e-06,8e-06,0,9.6e-05,1e-06,1e-06,0,8.4e-05,0,0.000499,2e-05,4.4e-05,3e-06,8.2e-05,1.2e-05,0.000606,0.000263,1.4e-05,1e-06,1e-06,3e-06,0.000165,0,0,8e-06,0,0.000638,8e-06,4.8e-05,0,3e-06,0,2e-06,0.000337,7e-06,0.000379,5e-06,1e-06,0,0,0,9.6e-05,0.000961,3e-06,0,2e-06,0.000168,2.5e-05,1e-06,8.2e-05,0.010003,1e-06,0.001497,1e-06,1e-06,5e-06,0.000339,0,7e-05,0.001685,0.000824,3e-06,0.000566,3.8e-05,1.8e-05,1e-06,6e-06,1e-06,1e-06,0,4.6e-05,1e-06,1e-06,8.6e-05,2e-06,0,0.000479,0,2.2e-05,0.00034,0.000191,1e-06,1e-06,0.000495,2e-06,2e-05,0.000318,0,4e-06,2.6e-05,0,0.000885,1e-06,1e-06,1e-06,0,2e-06,0,2e-06,5e-06,1.3e-05,1e-06,0.002024,1.8e-05,2.8e-05,0.000344,9e-06,5.9e-05,1e-05,0,0,1e-06,1.4e-05,1e-06,0.000341,3.9e-05,4e-06,3e-06,1e-06,0.000588,6e-06,2e-06,1e-06,1.1e-05,0,1e-06,0.000625,0.000242,0.001815,0.000547,0.000402,5e-05,1e-04,0.003572,1.4e-05,1.9e-05,1.6e-05,2e-06,0.00011,0.000166,6.1e-05,0.00127,4.3e-05,0.000129,1e-06,7e-06,3e-06,0.001179,4e-06,0,1e-06,0,1e-06,0.000142,1.4e-05,4e-06,0.000139,9.6e-05,6e-06,0,0.000101,1.5e-05,0.002222,8e-05,0.000162,0.000548,6e-06,2e-06,2e-05,0,0,0,0,1e-06,0.001339,0.000492,0.00099,1e-06,0.000107,7e-06,0,1e-06,2e-06,2e-06,0.000158,0,4e-06,0.000215,0,0,0,0.000468,2e-06,0,4.1e-05,1e-06,0.000168,2.8e-05,1e-06,0.000559,1e-06,1e-06,1e-06,0,0,0,0
"arusha/arushaurban/themi",0,0,0,0,0,0,0,0,0,0,0,0,0,0,0,0,0,0,0,0,0,0,0,0,0,0,0,0,0,0,0,0,0,0,0,0,0,0,0,0,0,0,0,0,0,0,0,0,0,0,0,0,0,0,0,0,0,0,0,0,0,0,0,0,0,0,0,0,0,0,0,0,0,0,0,0,0,0,0,0,0,0,0,0,0,0,0,0,0,0,0,0,0,0,0,0,0,0,0,0,0,0,0,0,0,0,0,0,0,0,0,0,0,0,0,0,0,0,0,0,0,0,0,0,0,0,0,0,0,0,0,0,0,0,0,0,0,0,0,0,0,0,0,0,0,0,0,0,0,0,0,0,0,0,0,0,0,0,0,0,0,0,0,0,0,0,0,0,0,0,0,0,0,0,0,0,0,0,0,0,0,0,0,0,0,0,0,0,0,0,0,0,0,0,0,0,0,0,0,0,0,0,0,0,0,0,0,0,0,0,0,0,0,0,0,0,0,0,0,0,0,0,0,0,0,0,0,0,0,0,0,0,0,0,0,0,0,0,0,0,0,0,0,0,0,0,0,0,0,0,0,0,0,0,0,0,0,0,0,0,0,0,0,0,0,0,0,0,0,0,0,0,0,0,0,0,0,0,0,0,0,0,0,0,0,0,0,0,0,0,0,0,0,0,0,0,0,0,0,0,0,0,0,0,0,0,0,0,0,0,0,0,0,0,0,0,0,0,0,0,0,0,0,0,0,0,0,0,0,0,0,0,0,0,0,0,0,0,0,0,0,0,0,0,0,0,0,0,0,0,0,0,0,0,0,0,0,0,0,0,0,0,0,0,0,0,0,0,0,0,0,0,0,0,0,0,0,0,0,0,0,0,0,0,0,0,0,0,0,0,0,0,0,0,0,0,0,0
"arusha/longido/tingatinga",0,0,0,0,0,0,0,0,0,0,0,0,0,0,0,0,0,0,0,0,0,0,0,0,0,0,0,0,0,0,0,0,0,0,0,0,0,0,0,0,0,0,0,0,0,0,0,0,0,0,0,0,0,0,0,0,0,0,0,0,0,0,0,0,0,0,0,0,0,0,0,0,0,0,0,0,0,0,0,0,0,0,0,0,0,0,0,0,0,0,0,0,0,0,0,0,0,0,0,0,0,0,0,0,0,0,0,0,0,0,0,0,0,0,0,0,0,0,0,0,0,0,0,0,0,0,0,0,0,0,0,0,0,0,0,0,0,0,0,0,0,0,0,0,0,0,0,0,0,0,0,0,0,0,0,0,0,0,0,0,0,0,0,0,0,0,0,0,0,0,0,0,0,0,0,0,0,0,0,0,0,0,0,0,0,0,0,0,0,0,0,0,0,0,0,0,0,0,0,0,0,0,0,0,0,0,0,0,0,0,0,0,0,0,0,0,0,0,0,0,0,0,0,0,0,0,0,0,0,0,0,0,0,0,0,0,0,0,0,0,0,0,0,0,0,0,0,0,0,0,0,0,0,0,0,0,0,0,0,0,0,0,0,0,0,0,0,0,0,0,0,0,0,0,0,0,0,0,0,0,0,0,0,0,0,0,0,0,0,0,0,0,0,0,0,0,0,0,0,0,0,0,0,0,0,0,0,0,0,0,0,0,0,0,0,0,0,0,0,0,0,0,0,0,0,0,0,0,0,0,0,0,0,0,0,0,0,0,0,0,0,0,0,0,0,0,0,0,0,0,0,0,0,0,0,0,0,0,0,0,0,0,0,0,0,0,0,0,0,0,0,0,0,0,0,0,0,0,0,0,0,0,0,0,0,0,0,0,0,0,0,0,0,0,0,0,0,0
"manyara/mbulu/tlawi",0,0,0,0,0,0,0,0,0,0,0,0,0,0,0,0,0,0,0,0,0,0,0,0,0,0,0,0,0,0,0,0,0,0,0,0,0,0,0,0,0,0,0,0,0,0,0,0,0,0,0,0,0,0,0,0,0,0,0,0,0,0,0,0,0,0,0,0,0,0,0,0,0,0,0,0,0,0,0,0,0,0,0,0,0,0,0,0,0,0,0,0,0,0,0,0,0,0,0,0,0,0,0,0,0,0,0,0,0,0,0,0,0,0,0,0,0,0,0,0,0,0,0,0,0,0,0,0,0,0,0,0,0,0,0,0,0,0,0,0,0,0,0,0,0,0,0,0,0,0,0,0,0,0,0,0,0,0,0,0,0,0,0,0,0,0,0,0,0,0,0,0,0,0,0,0,0,0,0,0,0,0,0,0,0,0,0,0,0,0,0,0,0,0,0,0,0,0,0,0,0,0,0,0,0,0,0,0,0,0,0,0,0,0,0,0,0,0,0,0,0,0,0,0,0,0,0,0,0,0,0,0,0,0,0,0,0,0,0,0,0,0,0,0,0,0,0,0,0,0,0,0,0,0,0,0,0,0,0,0,0,0,0,0,0,0,0,0,0,0,0,0,0,0,0,0,0,0,0,0,0,0,0,0,0,0,0,0,0,0,0,0,0,0,0,0,0,0,0,0,0,0,0,0,0,0,0,0,0,0,0,0,0,0,0,0,0,0,0,0,0,0,0,0,0,0,0,0,0,0,0,0,0,0,0,0,0,0,0,0,0,0,0,0,0,0,0,0,0,0,0,0,0,0,0,0,0,0,0,0,0,0,0,0,0,0,0,0,0,0,0,0,0,0,0,0,0,0,0,0,0,0,0,0,0,0,0,0,0,0,0,0,0,0,0,0,0,0
"kilimanjaro/mwanga/toloha",0,0,0,0,0,0,0,0,0,0,0,0,0,0,0,0,0,0,0,0,0,0,0,0,0,0,0,0,0,0,0,0,0,0,0,0,0,0,0,0,0,0,0,0,0,0,0,0,0,0,0,0,0,0,0,0,0,0,0,0,0,0,0,0,0,0,0,0,0,0,0,0,0,0,0,0,0,0,0,0,0,0,0,0,0,0,0,0,0,0,0,0,0,0,0,0,0,0,0,0,0,0,0,0,0,0,0,0,0,0,0,0,0,0,0,0,0,0,0,0,0,0,0,0,0,0,0,0,0,0,0,0,0,0,0,0,0,0,0,0,0,0,0,0,0,0,0,0,0,0,0,0,0,0,0,0,0,0,0,0,0,0,0,0,0,0,0,0,0,0,0,0,0,0,0,0,0,0,0,0,0,0,0,0,0,0,0,0,0,0,0,0,0,0,0,0,0,0,0,0,0,0,0,0,0,0,0,0,0,0,0,0,0,0,0,0,0,0,0,0,0,0,0,0,0,0,0,0,0,0,0,0,0,0,0,0,0,0,0,0,0,0,0,0,0,0,0,0,0,0,0,0,0,0,0,0,0,0,0,0,0,0,0,0,0,0,0,0,0,0,0,0,0,0,0,0,0,0,0,0,0,0,0,0,0,0,0,0,0,0,0,0,0,0,0,0,0,0,0,0,0,0,0,0,0,0,0,0,0,0,0,0,0,0,0,0,0,0,0,0,0,0,0,0,0,0,0,0,0,0,0,0,0,0,0,0,0,0,0,0,0,0,0,0,0,0,0,0,0,0,0,0,0,0,0,0,0,0,0,0,0,0,0,0,0,0,0,0,0,0,0,0,0,0,0,0,0,0,0,0,0,0,0,0,0,0,0,0,0,0,0,0,0,0,0,0,0,0
"manyara/mbulu/tumati",0,0,0,0,0,0,0,0,0,0,0,0,0,0,0,0,0,0,0,0,0,0,0,0,0,0,0,0,0,0,0,0,0,0,0,0,0,0,0,0,0,0,0,0,0,0,0,0,0,0,0,0,0,0,0,0,0,0,0,0,0,0,0,0,0,0,0,0,0,0,0,0,0,0,0,0,0,0,0,0,0,0,0,0,0,0,0,0,0,0,0,0,0,0,0,0,0,0,0,0,0,0,0,0,0,0,0,0,0,0,0,0,0,0,0,0,0,0,0,0,0,0,0,0,0,0,0,0,0,0,0,0,0,0,0,0,0,0,0,0,0,0,0,0,0,0,0,0,0,0,0,0,0,0,0,0,0,0,0,0,0,0,0,0,0,0,0,0,0,0,0,0,0,0,0,0,0,0,0,0,0,0,0,0,0,0,0,0,0,0,0,0,0,0,0,0,0,0,0,0,0,0,0,0,0,0,0,0,0,0,0,0,0,0,0,0,0,0,0,0,0,0,0,0,0,0,0,0,0,0,0,0,0,0,0,0,0,0,0,0,0,0,0,0,0,0,0,0,0,0,0,0,0,0,0,0,0,0,0,0,0,0,0,0,0,0,0,0,0,0,0,0,0,0,0,0,0,0,0,0,0,0,0,0,0,0,0,0,0,0,0,0,0,0,0,0,0,0,0,0,0,0,0,0,0,0,0,0,0,0,0,0,0,0,0,0,0,0,0,0,0,0,0,0,0,0,0,0,0,0,0,0,0,0,0,0,0,0,0,0,0,0,0,0,0,0,0,0,0,0,0,0,0,0,0,0,0,0,0,0,0,0,0,0,0,0,0,0,0,0,0,0,0,0,0,0,0,0,0,0,0,0,0,0,0,0,0,0,0,0,0,0,0,0,0,0,0,0
"kilimanjaro/rombo/ubetukahe",0,0,0,0,0,0,0,0,0,0,0,0,0,0,0,0,0,0,0,0,0,0,0,0,0,0,0,0,0,0,0,0,0,0,0,0,0,0,0,0,0,0,0,0,0,0,0,0,0,0,0,0,0,0,0,0,0,0,0,0,0,0,0,0,0,0,0,0,0,0,0,0,0,0,0,0,0,0,0,0,0,0,0,0,0,0,0,0,0,0,0,0,0,0,0,0,0,0,0,0,0,0,0,0,0,0,0,0,0,0,0,0,0,0,0,0,0,0,0,0,0,0,0,0,0,0,0,0,0,0,0,0,0,0,0,0,0,0,0,0,0,0,0,0,0,0,0,0,0,0,0,0,0,0,0,0,0,0,0,0,0,0,0,0,0,0,0,0,0,0,0,0,0,0,0,0,0,0,0,0,0,0,0,0,0,0,0,0,0,0,0,0,0,0,0,0,0,0,0,0,0,0,0,0,0,0,0,0,0,0,0,0,0,0,0,0,0,0,0,0,0,0,0,0,0,0,0,0,0,0,0,0,0,0,0,0,0,0,0,0,0,0,0,0,0,0,0,0,0,0,0,0,0,0,0,0,0,0,0,0,0,0,0,0,0,0,0,0,0,0,0,0,0,0,0,0,0,0,0,0,0,0,0,0,0,0,0,0,0,0,0,0,0,0,0,0,0,0,0,0,0,0,0,0,0,0,0,0,0,0,0,0,0,0,0,0,0,0,0,0,0,0,0,0,0,0,0,0,0,0,0,0,0,0,0,0,0,0,0,0,0,0,0,0,0,0,0,0,0,0,0,0,0,0,0,0,0,0,0,0,0,0,0,0,0,0,0,0,0,0,0,0,0,0,0,0,0,0,0,0,0,0,0,0,0,0,0,0,0,0,0,0,0,0,0,0,0,0
"manyara/babati/ufana",0.000158,8.4e-05,1.9e-05,0.00041,0.000559,0.00076,7.8e-05,8.2e-05,0.000209,0.033565,0.000831,0.000299,0.000119,0.001817,0.005753,0.000217,0.000615,0.012623,0.001526,0.00347,1.9e-05,8.8e-05,0.000165,1.5e-05,1.5e-05,5e-06,0.000299,8e-05,7e-06,2.3e-05,0.000967,5.2e-05,9e-06,1.1e-05,0.000257,0.003863,0.000177,0.031641,0.00033,0.000487,0.001113,0.000174,0.001164,0.030029,0.000237,0.000373,8.4e-05,0.041941,0.008395,0.000104,0.000161,9.4e-05,7.2e-05,0.00101,0.017511,0.000471,2.4e-05,9.9e-05,0.000698,0.019812,0.000374,0.001145,0.000768,0.000139,0,0.001211,0.000628,0.000284,0.000539,0.00652,4.3e-05,0.000125,2.9e-05,0.001685,0.001514,0.000677,0.000114,0.001177,0.000334,0.000737,0.000145,0.000924,0.001693,0.000212,0.003415,0.000101,0.005492,0.002499,0.014889,0.002154,0.000221,0.000334,0.005315,0.000899,4.7e-05,0.010953,0.000333,7e-06,0.002462,0.000612,0.000158,8.3e-05,0.000571,0.000273,7.6e-05,0.003201,0.000103,0.000499,0.000199,0.004942,0.000235,0.001564,0.012294,7e-06,2.4e-05,1.7e-05,0.001966,3.1e-05,0.002789,0.000257,9.6e-05,0.004905,1.7e-05,6.4e-05,7e-06,0.000233,0.000836,0.00663,0.000644,1.8e-05,1.5e-05,0.000405,0.001166,0.000114,5e-06,0.000992,5.5e-05,0.000333,0.006261,0.000806,0.000374,1.3e-05,0.000351,7.5e-05,3.3e-05,0.000932,0.000409,0.001224,0.001015,0.000338,1.6e-05,1.4e-05,2.7e-05,2.1e-05,9e-04,0.011273,5e-05,7.9e-05,0.000127,0.039558,0.000175,0.00292,7e-06,4.6e-05,0.000401,0.000204,0.000232,0.000192,0.001986,1e-04,0.000294,0.003282,0.029258,0.000456,8.3e-05,0.00114,0.007587,1.7e-05,0.00081,0.000617,7e-06,0.000102,0.001737,0.000137,0.005131,0.138792,1e-05,2e-05,0.002603,0.000784,0.000214,0.008407,0.000996,0.001325,0.006762,7.1e-05,1.8e-05,0.000204,0.000948,2.3e-05,0.003127,0.000538,0.000663,1.4e-05,0.00138,0.000108,0.008809,0.003339,0.001299,2.2e-05,1.9e-05,0.000124,0.002876,8e-06,6e-05,0.000234,6.7e-05,0.012666,0.000114,0.000716,0.002305,1.5e-05,0.00061,2e-05,0.003106,7e-05,0.004392,3.7e-05,0.000668,0.000446,0.000311,0.000283,0.004228,0.004122,0.000259,1e-06,2.2e-05,0.000412,0.000913,1.5e-05,0.000336,0.06903,8e-06,0.015219,1.1e-05,1.5e-05,5.2e-05,0.001425,0.001069,0.000192,0.009645,0.007999,2.9e-05,0.002609,0.000696,0.000463,2.1e-05,8.9e-05,1.2e-05,1.4e-05,1.1e-05,0.000245,2.9e-05,1.4e-05,0.003542,7.5e-05,0.000417,0.003548,8.5e-05,0.001525,0.002906,0.002321,1.5e-05,1.4e-05,0.007683,4e-05,0.000537,0.001056,0.000174,0.000277,0.000138,2.2e-05,0.024344,0.000731,2.9e-05,0.000204,0.000256,4.5e-05,0.005517,1.6e-05,0.000186,0.000192,4.1e-05,0.007411,0.00021,0.000369,0.002275,5.1e-05,0.000491,0.001552,7e-06,5e-06,1.4e-05,0.000205,5e-05,0.013571,0.000218,2.8e-05,1.7e-05,1.8e-05,0.002095,0.000565,0.00017,1.2e-05,0.000137,4.2e-05,3.2e-05,0.004677,0.004435,0.0029,0.000479,0.003492,0.000424,0.001889,0.016962,0.000879,0.001063,7.9e-05,0.000134,0.000674,0.001003,0.000428,0.018755,0.003252,0.001111,3.8e-05,7.1e-05,0.000149,0.006644,0.000254,4.5e-05,1.2e-05,3.8e-05,0.000425,0.002095,0.000399,0.00032,0.001112,0.001531,0.000431,8.2e-05,0.001028,8.5e-05,0.011974,0.001562,0.001418,0.000969,7.8e-05,3.1e-05,0.000205,0.000332,0.000172,0.000209,0.000115,9e-05,0.00775,0.001598,0.005033,6.7e-05,0.000766,7.8e-05,5e-06,1.8e-05,8e-05,3.6e-05,0.000534,0.000404,1.8e-05,0.002751,0.000207,8e-06,0.000747,0.008917,0,6.9e-05,0.000214,1.7e-05,0.001979,0.000363,1.2e-05,0.002961,1.4e-05,1.5e-05,3.1e-05,5e-06,7e-06,0.000545,0.000253
"manyara/mbulu/uhuru",0,0,0,0,0,0,0,0,0,0,0,0,0,0,0,0,0,0,0,0,0,0,0,0,0,0,0,0,0,0,0,0,0,0,0,0,0,0,0,0,0,0,0,0,0,0,0,0,0,0,0,0,0,0,0,0,0,0,0,0,0,0,0,0,0,0,0,0,0,0,0,0,0,0,0,0,0,0,0,0,0,0,0,0,0,0,0,0,0,0,0,0,0,0,0,0,0,0,0,0,0,0,0,0,0,0,0,0,0,0,0,0,0,0,0,0,0,0,0,0,0,0,0,0,0,0,0,0,0,0,0,0,0,0,0,0,0,0,0,0,0,0,0,0,0,0,0,0,0,0,0,0,0,0,0,0,0,0,0,0,0,0,0,0,0,0,0,0,0,0,0,0,0,0,0,0,0,0,0,0,0,0,0,0,0,0,0,0,0,0,0,0,0,0,0,0,0,0,0,0,0,0,0,0,0,0,0,0,0,0,0,0,0,0,0,0,0,0,0,0,0,0,0,0,0,0,0,0,0,0,0,0,0,0,0,0,0,0,0,0,0,0,0,0,0,0,0,0,0,0,0,0,0,0,0,0,0,0,0,0,0,0,0,0,0,0,0,0,0,0,0,0,0,0,0,0,0,0,0,0,0,0,0,0,0,0,0,0,0,0,0,0,0,0,0,0,0,0,0,0,0,0,0,0,0,0,0,0,0,0,0,0,0,0,0,0,0,0,0,0,0,0,0,0,0,0,0,0,0,0,0,0,0,0,0,0,0,0,0,0,0,0,0,0,0,0,0,0,0,0,0,0,0,0,0,0,0,0,0,0,0,0,0,0,0,0,0,0,0,0,0,0,0,0,0,0,0,0,0,0,0,0,0,0,0,0,0,0,0,0,0,0,0,0,0,0,0,0
"arusha/arushaurban/ungaltd",0,0,0,0,0,0,0,0,0,0,0,0,0,0,0,0,0,0,0,0,0,0,0,0,0,0,0,0,0,0,0,0,0,0,0,0,0,0,0,0,0,0,0,0,0,0,0,0,0,0,0,0,0,0,0,0,0,0,0,0,0,0,0,0,0,0,0,0,0,0,0,0,0,0,0,0,0,0,0,0,0,0,0,0,0,0,0,0,0,0,0,0,0,0,0,0,0,0,0,0,0,0,0,0,0,0,0,0,0,0,0,0,0,0,0,0,0,0,0,0,0,0,0,0,0,0,0,0,0,0,0,0,0,0,0,0,0,0,0,0,0,0,0,0,0,0,0,0,0,0,0,0,0,0,0,0,0,0,0,0,0,0,0,0,0,0,0,0,0,0,0,0,0,0,0,0,0,0,0,0,0,0,0,0,0,0,0,0,0,0,0,0,0,0,0,0,0,0,0,0,0,0,0,0,0,0,0,0,0,0,0,0,0,0,0,0,0,0,0,0,0,0,0,0,0,0,0,0,0,0,0,0,0,0,0,0,0,0,0,0,0,0,0,0,0,0,0,0,0,0,0,0,0,0,0,0,0,0,0,0,0,0,0,0,0,0,0,0,0,0,0,0,0,0,0,0,0,0,0,0,0,0,0,0,0,0,0,0,0,0,0,0,0,0,0,0,0,0,0,0,0,0,0,0,0,0,0,0,0,0,0,0,0,0,0,0,0,0,0,0,0,0,0,0,0,0,0,0,0,0,0,0,0,0,0,0,0,0,0,0,0,0,0,0,0,0,0,0,0,0,0,0,0,0,0,0,0,0,0,0,0,0,0,0,0,0,0,0,0,0,0,0,0,0,0,0,0,0,0,0,0,0,0,0,0,0,0,0,0,0,0,0,0,0,0,0,0,0
"kilimanjaro/moshi/urukaskazini",0,0,0,0,0,0,0,0,0,0,0,0,0,0,0,0,0,0,0,0,0,0,0,0,0,0,0,0,0,0,0,0,0,0,0,0,0,0,0,0,0,0,0,0,0,0,0,0,0,0,0,0,0,0,0,0,0,0,0,0,0,0,0,0,0,0,0,0,0,0,0,0,0,0,0,0,0,0,0,0,0,0,0,0,0,0,0,0,0,0,0,0,0,0,0,0,0,0,0,0,0,0,0,0,0,0,0,0,0,0,0,0,0,0,0,0,0,0,0,0,0,0,0,0,0,0,0,0,0,0,0,0,0,0,0,0,0,0,0,0,0,0,0,0,0,0,0,0,0,0,0,0,0,0,0,0,0,0,0,0,0,0,0,0,0,0,0,0,0,0,0,0,0,0,0,0,0,0,0,0,0,0,0,0,0,0,0,0,0,0,0,0,0,0,0,0,0,0,0,0,0,0,0,0,0,0,0,0,0,0,0,0,0,0,0,0,0,0,0,0,0,0,0,0,0,0,0,0,0,0,0,0,0,0,0,0,0,0,0,0,0,0,0,0,0,0,0,0,0,0,0,0,0,0,0,0,0,0,0,0,0,0,0,0,0,0,0,0,0,0,0,0,0,0,0,0,0,0,0,0,0,0,0,0,0,0,0,0,0,0,0,0,0,0,0,0,0,0,0,0,0,0,0,0,0,0,0,0,0,0,0,0,0,0,0,0,0,0,0,0,0,0,0,0,0,0,0,0,0,0,0,0,0,0,0,0,0,0,0,0,0,0,0,0,0,0,0,0,0,0,0,0,0,0,0,0,0,0,0,0,0,0,0,0,0,0,0,0,0,0,0,0,0,0,0,0,0,0,0,0,0,0,0,0,0,0,0,0,0,0,0,0,0,0,0,0,0,0
"kilimanjaro/moshi/urukusini",1e-06,0,1e-06,0,0,4.8e-05,0,0,0,1e-06,0,0,1e-06,1e-05,0,0,0,0,0,0,0,3e-06,0,6e-06,0,3e-06,0,0,0,0,5e-06,0,0,0,0,0,1e-06,0,0,0,0,0,0,0,0,0,0,0.000168,3e-06,0,0,0,0,0,0,0,0,0,1e-06,2e-06,1e-06,1e-06,3e-06,0,0,5e-06,1e-06,0,0,0,0,0,1e-06,0,0,1e-06,0,0,0,0,0,0,0,0,0,0,0.000478,0,0,4e-06,0,0,0.000283,5e-06,0,0,2.1e-05,0,0.000167,4.1e-05,0,0,1e-06,1e-06,3e-05,7.6e-05,0,0.000361,4e-06,1e-06,1.7e-05,0.000144,0,0,2e-06,1e-06,8.9e-05,0,0.001893,8.2e-05,3.7e-05,0.001996,0,1e-06,0,0,0,0.000127,6e-06,4e-06,3e-06,4.4e-05,5.2e-05,0.000109,0,5e-06,0,0.000135,2.3e-05,0.000756,1.1e-05,0,1e-06,0.000151,2e-06,1.4e-05,0,0.000203,0.000277,5.2e-05,1e-06,0,1e-06,0,3e-06,2.3e-05,2e-06,0,0,0.026962,5e-06,3e-06,3e-06,1e-06,0,0,5e-06,4e-06,9e-06,1e-06,0,2e-06,0.000126,1e-06,5e-06,0,3e-06,0,0.001401,0,0,0,3e-06,1.9e-05,0.001135,0.044082,1e-06,3e-06,0.000992,0.000151,3.7e-05,0,0,0,0,0,1e-06,0,0.00074,0,4.4e-05,0,2e-06,0,0.000129,4e-06,0.000608,1e-06,0,2e-06,2e-06,0,0.00015,1e-06,0,1e-06,0,0.000557,1.9e-05,9.1e-05,0,0,0,2e-06,0.000355,6e-06,0.000566,4e-06,0,0,0,0,5e-06,1.1e-05,0,1e-06,1.5e-05,4e-06,0,1e-06,4e-06,5.8e-05,8e-06,0.000139,0,9e-06,3.2e-05,8e-06,0,0,4.4e-05,1.4e-05,0,1.4e-05,3.4e-05,1e-06,1e-06,2e-06,6e-06,0,0,6e-06,0,0,1e-06,0,0,8e-06,0,0,8e-06,5.8e-05,0,0,0.000615,3e-06,1e-06,2e-06,0,0,2e-06,0,9.2e-05,0,0,0,0,3e-06,0,1e-06,0,5e-06,0,4.9e-05,0.000106,1.2e-05,2.3e-05,0,4e-06,0,0,0,8e-06,1e-06,0,1e-06,1e-06,0,0,5e-06,6e-06,0,0,3e-06,7.3e-05,0,0,3e-05,0.000295,8e-06,1e-06,1.3e-05,2.3e-05,2.9e-05,6.9e-05,0,0,0,0,2e-06,5e-06,1e-06,7.3e-05,2e-06,1e-06,0,2.7e-05,0,5.7e-05,0,0,1.8e-05,0,0,7e-06,0,0,6e-06,8e-06,0,0,4e-05,1e-06,5.6e-05,1e-06,1e-06,5e-06,2e-06,2e-06,9.1e-05,0,0,0,0,0,4.3e-05,6e-06,1.9e-05,0,7e-06,4.6e-05,0,0,0,2e-06,2e-06,0,0,2.4e-05,0,0,0,0.000498,0,0,1e-06,9e-06,0,0.000301,7e-06,2.9e-05,2e-06,0,0,0,0,0,0
"kilimanjaro/moshi/urumashariki",0,0,0,0,0,0,0,0,0,0,0,0,0,0,0,0,0,0,0,0,0,0,0,0,0,0,0,0,0,0,0,0,0,0,0,0,0,0,0,0,0,0,0,0,0,0,0,0,0,0,0,0,0,0,0,0,0,0,0,0,0,0,0,0,0,0,0,0,0,0,0,0,0,0,0,0,0,0,0,0,0,0,0,0,0,0,0,0,0,0,0,0,0,0,0,0,0,0,0,0,0,0,0,0,0,0,0,0,0,0,0,0,0,0,0,0,0,0,0,0,0,0,0,0,0,0,0,0,0,0,0,0,0,0,0,0,0,0,0,0,0,0,0,0,0,0,0,0,0,0,0,0,0,0,0,0,0,0,0,0,0,0,0,0,0,0,0,0,0,0,0,0,0,0,0,0,0,0,0,0,0,0,0,0,0,0,0,0,0,0,0,0,0,0,0,0,0,0,0,0,0,0,0,0,0,0,0,0,0,0,0,0,0,0,0,0,0,0,0,0,0,0,0,0,0,0,0,0,0,0,0,0,0,0,0,0,0,0,0,0,0,0,0,0,0,0,0,0,0,0,0,0,0,0,0,0,0,0,0,0,0,0,0,0,0,0,0,0,0,0,0,0,0,0,0,0,0,0,0,0,0,0,0,0,0,0,0,0,0,0,0,0,0,0,0,0,0,0,0,0,0,0,0,0,0,0,0,0,0,0,0,0,0,0,0,0,0,0,0,0,0,0,0,0,0,0,0,0,0,0,0,0,0,0,0,0,0,0,0,0,0,0,0,0,0,0,0,0,0,0,0,0,0,0,0,0,0,0,0,0,0,0,0,0,0,0,0,0,0,0,0,0,0,0,0,0,0,0,0,0,0,0,0,0,0,0,0,0,0,0,0,0,0,0,0,0,0,0
"kilimanjaro/moshi/urushimbwe",0,0,0,0,0,0,0,0,0,0,0,0,0,0,0,0,0,0,0,0,0,0,0,0,0,0,0,0,0,0,0,0,0,0,0,0,0,0,0,0,0,0,0,0,0,0,0,0,0,0,0,0,0,0,0,0,0,0,0,0,0,0,0,0,0,0,0,0,0,0,0,0,0,0,0,0,0,0,0,0,0,0,0,0,0,0,0,0,0,0,0,0,0,0,0,0,0,0,0,0,0,0,0,0,0,0,0,0,0,0,0,0,0,0,0,0,0,0,0,0,0,0,0,0,0,0,0,0,0,0,0,0,0,0,0,0,0,0,0,0,0,0,0,0,0,0,0,0,0,0,0,0,0,0,0,0,0,0,0,0,0,0,0,0,0,0,0,0,0,0,0,0,0,0,0,0,0,0,0,0,0,0,0,0,0,0,0,0,0,0,0,0,0,0,0,0,0,0,0,0,0,0,0,0,0,0,0,0,0,0,0,0,0,0,0,0,0,0,0,0,0,0,0,0,0,0,0,0,0,0,0,0,0,0,0,0,0,0,0,0,0,0,0,0,0,0,0,0,0,0,0,0,0,0,0,0,0,0,0,0,0,0,0,0,0,0,0,0,0,0,0,0,0,0,0,0,0,0,0,0,0,0,0,0,0,0,0,0,0,0,0,0,0,0,0,0,0,0,0,0,0,0,0,0,0,0,0,0,0,0,0,0,0,0,0,0,0,0,0,0,0,0,0,0,0,0,0,0,0,0,0,0,0,0,0,0,0,0,0,0,0,0,0,0,0,0,0,0,0,0,0,0,0,0,0,0,0,0,0,0,0,0,0,0,0,0,0,0,0,0,0,0,0,0,0,0,0,0,0,0,0,0,0,0,0,0,0,0,0,0,0,0,0,0,0,0,0,0
"arusha/meru/usariver",0.000797,1e-06,2e-06,3e-06,0,0.000146,0,0,0,1.6e-05,0,0,0.000224,0.003688,2e-06,0,0,0,0,0,0,6.1e-05,0,3e-06,0,1e-06,0,0,0,0,0.000837,0,0,1e-06,0,0,0.000188,2e-06,0,5e-06,0,0,5e-06,2e-06,1e-06,0,4e-06,0.03252,0.000146,0,0,0,0,0,2e-06,0,1.6e-05,0,1.6e-05,4.3e-05,1.7e-05,2.4e-05,0.000108,1e-06,0,0.001518,8.7e-05,0,4e-06,1.4e-05,0,0,1.3e-05,1e-06,0,1.7e-05,2e-06,0,0,0,0,0,0,0,0,0,0.002978,0,1e-06,4.1e-05,0,0,0.000498,0.000948,2e-06,5e-06,0.000143,0,0.000368,7.5e-05,0,0,1e-05,0.00028,1.7e-05,0.000377,0,0.000128,0.000153,1.9e-05,9.5e-05,0.000186,1e-06,7e-06,3e-06,2e-06,0.001379,0,0.000549,5.5e-05,2.5e-05,0.000998,1e-06,5e-06,0,4e-06,5e-06,0.01966,0.002714,3e-06,2e-06,5.1e-05,0.000122,2.7e-05,0,0.001518,4.5e-05,5.7e-05,0.000443,0.000224,0.000556,0,0.000294,1.9e-05,3e-06,6.1e-05,0,0.000185,0.000155,4.6e-05,2e-06,1e-06,2e-06,1e-06,2.3e-05,0.002526,4e-06,4e-06,1e-06,0.009345,1.5e-05,0.000138,2e-06,3e-06,0,0,2.5e-05,0.000253,0.002239,7e-06,2e-06,0.00011,0.027894,1.6e-05,3e-05,1e-05,0.000145,2e-06,0.000194,5e-06,0,1e-06,3.2e-05,2.7e-05,0.001517,0.047644,2e-06,5e-06,0.000823,0.000276,6.2e-05,1e-06,1e-06,0,1e-05,0,2e-06,0,0.000204,0,0.018673,3e-06,1.5e-05,1.8e-05,0.000155,9.3e-05,0.00096,6e-05,9e-06,3e-06,2e-06,0,0.00026,1e-06,0,5e-06,0,0.00109,1.5e-05,8.9e-05,0,5.3e-05,0,8e-06,0.001526,3.2e-05,0.001472,1.3e-05,0,0,0,0,0.000106,0.001529,1e-06,0,4e-06,0.000454,9e-06,1e-06,0.00022,0.004052,2e-06,0.000828,0,3e-06,1.1e-05,0.003903,0,3.9e-05,0.010146,0.00087,4e-06,0.004923,9.4e-05,1e-05,2e-06,7e-06,2e-06,0,0,4.2e-05,0,0,2.4e-05,3e-06,0,0.000821,0,4e-06,0.000823,0.000218,1e-06,0,0.000833,4e-06,1e-05,4.1e-05,0,2e-06,3.8e-05,0,0.001602,0,0,0,0,5e-06,0,8e-06,1e-06,4.3e-05,1e-06,0.016967,4.1e-05,0.000119,0.001907,4.6e-05,3.9e-05,5e-06,1e-06,0,3e-06,9e-06,0,4.8e-05,0.00061,0.000193,5.3e-05,4e-06,0.001061,2e-06,0,2e-06,2.4e-05,0,0,0.00213,0.000465,0.001031,7.4e-05,0.001396,0.000322,0.000276,0.011068,7e-06,9e-06,0.000118,1e-06,0.000423,0.001262,0.000192,0.001939,3.1e-05,2.4e-05,0,1.6e-05,2e-06,0.061407,0,0,3e-06,0,0,6.9e-05,6e-06,3e-06,0.000781,6.1e-05,4e-06,0,0.000604,0.000478,0.014217,3.4e-05,0.000101,0.000191,6e-06,3e-06,5.2e-05,0,0,0,0,1e-06,0.012655,0.00144,0.003872,0,0.001884,1.9e-05,0,0,0,4e-06,0.000358,2.1e-05,2.3e-05,0.000437,0,0,0,0.000904,1e-06,0,2e-04,3e-06,0.00045,6.7e-05,2e-06,0,2e-06,0,1e-06,0,0,0,0
"kilimanjaro/rombo/ushiriikuini",0,0,0,0,0,0,0,0,0,0,0,0,0,0,0,0,0,0,0,0,0,0,0,0,0,0,0,0,0,0,0,0,0,0,0,0,0,0,0,0,0,0,0,0,0,0,0,0,0,0,0,0,0,0,0,0,0,0,0,0,0,0,0,0,0,0,0,0,0,0,0,0,0,0,0,0,0,0,0,0,0,0,0,0,0,0,0,0,0,0,0,0,0,0,0,0,0,0,0,0,0,0,0,0,0,0,0,0,0,0,0,0,0,0,0,0,0,0,0,0,0,0,0,0,0,0,0,0,0,0,0,0,0,0,0,0,0,0,0,0,0,0,0,0,0,0,0,0,0,0,0,0,0,0,0,0,0,0,0,0,0,0,0,0,0,0,0,0,0,0,0,0,0,0,0,0,0,0,0,0,0,0,0,0,0,0,0,0,0,0,0,0,0,0,0,0,0,0,0,0,0,0,0,0,0,0,0,0,0,0,0,0,0,0,0,0,0,0,0,0,0,0,0,0,0,0,0,0,0,0,0,0,0,0,0,0,0,0,0,0,0,0,0,0,0,0,0,0,0,0,0,0,0,0,0,0,0,0,0,0,0,0,0,0,0,0,0,0,0,0,0,0,0,0,0,0,0,0,0,0,0,0,0,0,0,0,0,0,0,0,0,0,0,0,0,0,0,0,0,0,0,0,0,0,0,0,0,0,0,0,0,0,0,0,0,0,0,0,0,0,0,0,0,0,0,0,0,0,0,0,0,0,0,0,0,0,0,0,0,0,0,0,0,0,0,0,0,0,0,0,0,0,0,0,0,0,0,0,0,0,0,0,0,0,0,0,0,0,0,0,0,0,0,0,0,0,0,0,0,0,0,0,0,0,0,0,0,0,0,0,0,0,0,0,0,0,0,0
"kilimanjaro/same/vudee",0,0,0,0,0,0,0,0,0,0,0,0,0,0,0,0,0,0,0,0,0,0,0,0,0,0,0,0,0,0,0,0,0,0,0,0,0,0,0,0,0,0,0,0,0,0,0,0,0,0,0,0,0,0,0,0,0,0,0,0,0,0,0,0,0,0,0,0,0,0,0,0,0,0,0,0,0,0,0,0,0,0,0,0,0,0,0,0,0,0,0,0,0,0,0,0,0,0,0,0,0,0,0,0,0,0,0,0,0,0,0,0,0,0,0,0,0,0,0,0,0,0,0,0,0,0,0,0,0,0,0,0,0,0,0,0,0,0,0,0,0,0,0,0,0,0,0,0,0,0,0,0,0,0,0,0,0,0,0,0,0,0,0,0,0,0,0,0,0,0,0,0,0,0,0,0,0,0,0,0,0,0,0,0,0,0,0,0,0,0,0,0,0,0,0,0,0,0,0,0,0,0,0,0,0,0,0,0,0,0,0,0,0,0,0,0,0,0,0,0,0,0,0,0,0,0,0,0,0,0,0,0,0,0,0,0,0,0,0,0,0,0,0,0,0,0,0,0,0,0,0,0,0,0,0,0,0,0,0,0,0,0,0,0,0,0,0,0,0,0,0,0,0,0,0,0,0,0,0,0,0,0,0,0,0,0,0,0,0,0,0,0,0,0,0,0,0,0,0,0,0,0,0,0,0,0,0,0,0,0,0,0,0,0,0,0,0,0,0,0,0,0,0,0,0,0,0,0,0,0,0,0,0,0,0,0,0,0,0,0,0,0,0,0,0,0,0,0,0,0,0,0,0,0,0,0,0,0,0,0,0,0,0,0,0,0,0,0,0,0,0,0,0,0,0,0,0,0,0,0,0,0,0,0,0,0,0,0,0,0,0,0,0,0,0,0,0,0
"kilimanjaro/same/vuje",0,0,0,0,0,0,0,0,0,0,0,0,0,0,0,0,0,0,0,0,0,0,0,0,0,0,0,0,0,0,0,0,0,0,0,0,0,0,0,0,0,0,0,0,0,0,0,0,0,0,0,0,0,0,0,0,0,0,0,0,0,0,0,0,0,0,0,0,0,0,0,0,0,0,0,0,0,0,0,0,0,0,0,0,0,0,0,0,0,0,0,0,0,0,0,0,0,0,0,0,0,0,0,0,0,0,0,0,0,0,0,0,0,0,0,0,0,0,0,0,0,0,0,0,0,0,0,0,0,0,0,0,0,0,0,0,0,0,0,0,0,0,0,0,0,0,0,0,0,0,0,0,0,0,0,0,0,0,0,0,0,0,0,0,0,0,0,0,0,0,0,0,0,0,0,0,0,0,0,0,0,0,0,0,0,0,0,0,0,0,0,0,0,0,0,0,0,0,0,0,0,0,0,0,0,0,0,0,0,0,0,0,0,0,0,0,0,0,0,0,0,0,0,0,0,0,0,0,0,0,0,0,0,0,0,0,0,0,0,0,0,0,0,0,0,0,0,0,0,0,0,0,0,0,0,0,0,0,0,0,0,0,0,0,0,0,0,0,0,0,0,0,0,0,0,0,0,0,0,0,0,0,0,0,0,0,0,0,0,0,0,0,0,0,0,0,0,0,0,0,0,0,0,0,0,0,0,0,0,0,0,0,0,0,0,0,0,0,0,0,0,0,0,0,0,0,0,0,0,0,0,0,0,0,0,0,0,0,0,0,0,0,0,0,0,0,0,0,0,0,0,0,0,0,0,0,0,0,0,0,0,0,0,0,0,0,0,0,0,0,0,0,0,0,0,0,0,0,0,0,0,0,0,0,0,0,0,0,0,0,0,0,0,0,0,0,0,0
"kilimanjaro/same/vumari",0,0,0,0,0,0,0,0,0,0,0,0,0,0,0,0,0,0,0,0,0,0,0,0,0,0,0,0,0,0,0,0,0,0,0,0,0,0,0,0,0,0,0,0,0,0,0,0,0,0,0,0,0,0,0,0,0,0,0,0,0,0,0,0,0,0,0,0,0,0,0,0,0,0,0,0,0,0,0,0,0,0,0,0,0,0,0,0,0,0,0,0,0,0,0,0,0,0,0,0,0,0,0,0,0,0,0,0,0,0,0,0,0,0,0,0,0,0,0,0,0,0,0,0,0,0,0,0,0,0,0,0,0,0,0,0,0,0,0,0,0,0,0,0,0,0,0,0,0,0,0,0,0,0,0,0,0,0,0,0,0,0,0,0,0,0,0,0,0,0,0,0,0,0,0,0,0,0,0,0,0,0,0,0,0,0,0,0,0,0,0,0,0,0,0,0,0,0,0,0,0,0,0,0,0,0,0,0,0,0,0,0,0,0,0,0,0,0,0,0,0,0,0,0,0,0,0,0,0,0,0,0,0,0,0,0,0,0,0,0,0,0,0,0,0,0,0,0,0,0,0,0,0,0,0,0,0,0,0,0,0,0,0,0,0,0,0,0,0,0,0,0,0,0,0,0,0,0,0,0,0,0,0,0,0,0,0,0,0,0,0,0,0,0,0,0,0,0,0,0,0,0,0,0,0,0,0,0,0,0,0,0,0,0,0,0,0,0,0,0,0,0,0,0,0,0,0,0,0,0,0,0,0,0,0,0,0,0,0,0,0,0,0,0,0,0,0,0,0,0,0,0,0,0,0,0,0,0,0,0,0,0,0,0,0,0,0,0,0,0,0,0,0,0,0,0,0,0,0,0,0,0,0,0,0,0,0,0,0,0,0,0,0,0,0,0,0,0
"kilimanjaro/same/vunta",0,0,0,0,0,0,0,0,0,0,0,0,0,0,0,0,0,0,0,0,0,0,0,0,0,0,0,0,0,0,0,0,0,0,0,0,0,0,0,0,0,0,0,0,0,0,0,0,0,0,0,0,0,0,0,0,0,0,0,0,0,0,0,0,0,0,0,0,0,0,0,0,0,0,0,0,0,0,0,0,0,0,0,0,0,0,0,0,0,0,0,0,0,0,0,0,0,0,0,0,0,0,0,0,0,0,0,0,0,0,0,0,0,0,0,0,0,0,0,0,0,0,0,0,0,0,0,0,0,0,0,0,0,0,0,0,0,0,0,0,0,0,0,0,0,0,0,0,0,0,0,0,0,0,0,0,0,0,0,0,0,0,0,0,0,0,0,0,0,0,0,0,0,0,0,0,0,0,0,0,0,0,0,0,0,0,0,0,0,0,0,0,0,0,0,0,0,0,0,0,0,0,0,0,0,0,0,0,0,0,0,0,0,0,0,0,0,0,0,0,0,0,0,0,0,0,0,0,0,0,0,0,0,0,0,0,0,0,0,0,0,0,0,0,0,0,0,0,0,0,0,0,0,0,0,0,0,0,0,0,0,0,0,0,0,0,0,0,0,0,0,0,0,0,0,0,0,0,0,0,0,0,0,0,0,0,0,0,0,0,0,0,0,0,0,0,0,0,0,0,0,0,0,0,0,0,0,0,0,0,0,0,0,0,0,0,0,0,0,0,0,0,0,0,0,0,0,0,0,0,0,0,0,0,0,0,0,0,0,0,0,0,0,0,0,0,0,0,0,0,0,0,0,0,0,0,0,0,0,0,0,0,0,0,0,0,0,0,0,0,0,0,0,0,0,0,0,0,0,0,0,0,0,0,0,0,0,0,0,0,0,0,0,0,0,0,0,0
"manyara/mbulu/yaedaampa",0,0,0,0,0,0,0,0,0,0,0,0,0,0,0,0,0,0,0,0,0,0,0,0,0,0,0,0,0,0,0,0,0,0,0,0,0,0,0,0,0,0,0,0,0,0,0,0,0,0,0,0,0,0,0,0,0,0,0,0,0,0,0,0,0,0,0,0,0,0,0,0,0,0,0,0,0,0,0,0,0,0,0,0,0,0,0,0,0,0,0,0,0,0,0,0,0,0,0,0,0,0,0,0,0,0,0,0,0,0,0,0,0,0,0,0,0,0,0,0,0,0,0,0,0,0,0,0,0,0,0,0,0,0,0,0,0,0,0,0,0,0,0,0,0,0,0,0,0,0,0,0,0,0,0,0,0,0,0,0,0,0,0,0,0,0,0,0,0,0,0,0,0,0,0,0,0,0,0,0,0,0,0,0,0,0,0,0,0,0,0,0,0,0,0,0,0,0,0,0,0,0,0,0,0,0,0,0,0,0,0,0,0,0,0,0,0,0,0,0,0,0,0,0,0,0,0,0,0,0,0,0,0,0,0,0,0,0,0,0,0,0,0,0,0,0,0,0,0,0,0,0,0,0,0,0,0,0,0,0,0,0,0,0,0,0,0,0,0,0,0,0,0,0,0,0,0,0,0,0,0,0,0,0,0,0,0,0,0,0,0,0,0,0,0,0,0,0,0,0,0,0,0,0,0,0,0,0,0,0,0,0,0,0,0,0,0,0,0,0,0,0,0,0,0,0,0,0,0,0,0,0,0,0,0,0,0,0,0,0,0,0,0,0,0,0,0,0,0,0,0,0,0,0,0,0,0,0,0,0,0,0,0,0,0,0,0,0,0,0,0,0,0,0,0,0,0,0,0,0,0,0,0,0,0,0,0,0,0,0,0,0,0,0,0,0,0,0
"manyara/mbulu/yaedachini",0,0,0,0,0,0,0,0,0,0,0,0,0,0,0,0,0,0,0,0,0,0,0,0,0,0,0,0,0,0,0,0,0,0,0,0,0,0,0,0,0,0,0,0,0,0,0,0,0,0,0,0,0,0,0,0,0,0,0,0,0,0,0,0,0,0,0,0,0,0,0,0,0,0,0,0,0,0,0,0,0,0,0,0,0,0,0,0,0,0,0,0,0,0,0,0,0,0,0,0,0,0,0,0,0,0,0,0,0,0,0,0,0,0,0,0,0,0,0,0,0,0,0,0,0,0,0,0,0,0,0,0,0,0,0,0,0,0,0,0,0,0,0,0,0,0,0,0,0,0,0,0,0,0,0,0,0,0,0,0,0,0,0,0,0,0,0,0,0,0,0,0,0,0,0,0,0,0,0,0,0,0,0,0,0,0,0,0,0,0,0,0,0,0,0,0,0,0,0,0,0,0,0,0,0,0,0,0,0,0,0,0,0,0,0,0,0,0,0,0,0,0,0,0,0,0,0,0,0,0,0,0,0,0,0,0,0,0,0,0,0,0,0,0,0,0,0,0,0,0,0,0,0,0,0,0,0,0,0,0,0,0,0,0,0,0,0,0,0,0,0,0,0,0,0,0,0,0,0,0,0,0,0,0,0,0,0,0,0,0,0,0,0,0,0,0,0,0,0,0,0,0,0,0,0,0,0,0,0,0,0,0,0,0,0,0,0,0,0,0,0,0,0,0,0,0,0,0,0,0,0,0,0,0,0,0,0,0,0,0,0,0,0,0,0,0,0,0,0,0,0,0,0,0,0,0,0,0,0,0,0,0,0,0,0,0,0,0,0,0,0,0,0,0,0,0,0,0,0,0,0,0,0,0,0,0,0,0,0,0,0,0,0,0,0,0,0,0
